tree
version=v4
num_class=1
num_tree_per_iteration=1
label_index=0
max_feature_idx=10
objective=regression
feature_names=Column_0 Column_1 Column_2 Column_3 Column_4 Column_5 Column_6 Column_7 Column_8 Column_9 Column_10
feature_infos=none [31:79] none [0.50163793563842773:147.9293212890625] [0.036339867860078798:118.51288604736328] [2.9177241325378418:147.9293212890625] [2.7225348949432373:120.23538970947266] [0.0096487011760473008:1148.0567626953125] [0.99045741558074962:119.44198608398438] [2.7176470756530762:135.72531127929688] [2.8378894329071045:142.2294921875]
tree_sizes=2676 2829 2831 2846 2847 2844 2842 2863 2853 2870 2873 2866 2874 2879 2887 2886 2883 2883 2878 2867 2894 2889 2875 2889 2875 2888 2884 2886 2901 2885 2901 2928 2892 2912 2897 2918 2906 2916 2885 2896 2885 2912 2902 2931 2921 2917 2904 2898 2928 2922 2907 2896 2889 2912 2909 2908 2922 2916 2903 2918 2918 2921 2941 2911 2877 2902 2877 2923 2937 2941 2902 2901 2894 2888 2912 2951 2926 2900 2912 2928 2879 2927 2940 2904 2908 2912 2888 2926 2915 2922 2928 2939 2919 2935 2888 2901 2909 2948 2950 2948

Tree=0
num_leaves=31
num_cat=0
split_feature=3 9 1 3 3 10 7 1 1 3 7 1 1 7 6 3 6 7 7 6 5 8 3 7 7 3 9 1 4 3
split_gain=13.9907 4.45598 1.56355 1.32554 0.732185 0.46 0.453231 0.32636 0.313837 0.299852 0.285097 0.272472 0.251971 0.18441 0.29135 0.238212 0.184214 0.134744 0.131872 0.131109 0.152914 0.126561 0.147533 0.123717 0.221631 0.25754 0.131721 0.114354 0.112781 0.110713
threshold=19.420585632324222 40.187406539916999 57.500000000000007 10.79987668991089 26.328480720520023 58.20775222778321 0.83659398555755626 67.500000000000014 61.500000000000007 35.099555969238288 8.6769771575927752 72.500000000000014 60.500000000000007 1.3066629171371462 8.1037821769714373 6.814171791076661 25.193614006042484 16.869636535644535 12.442203521728517 24.823750495910648 35.312089920043952 10.270828247070314 15.751065254211428 0.58257290720939647 3.7335096597671513 23.141401290893558 19.903229713439945 52.500000000000007 8.3828601837158221 15.851072311401369
decision_type=2 2 2 2 2 2 2 2 2 2 2 2 2 2 2 2 2 2 2 2 2 2 2 2 2 2 2 2 2 2
left_child=3 2 9 13 11 12 -5 -6 21 18 29 16 -3 -1 15 -15 23 -14 -2 -9 -21 -8 -23 -4 25 26 -25 -11 -12 -10
right_child=1 5 4 6 7 -7 8 19 10 27 28 -13 17 14 -16 -17 -18 -19 -20 20 -22 22 -24 24 -26 -27 -28 -29 -30 -31
leaf_value=0.35254662580054436 0.34580059429761528 0.3297575108924044 0.32935822057331188 0.34989455778912587 0.33246726142196048 0.31507187930546415 0.34360723262332094 0.33277651165475314 0.34429000149610589 0.34064186449958783 0.33285670398222861 0.32900495966406423 0.31744858748793892 0.35357226680187681 0.35328255650133678 0.34258727683400164 0.34587995931016169 0.32514825254279595 0.34070348919043641 0.32274742978078907 0.32983829307966439 0.35100191040610323 0.34505643016880921 0.33754662634935734 0.33506914910345198 0.3338799597273942 0.34642541382649122 0.3308799598050931 0.34153213381439251 0.34064558475021156
leaf_weight=321 126 49 23 137 252 99 110 29 239 21 43 48 51 26 77 82 22 41 85 83 48 82 85 24 222 40 55 28 23 128
leaf_count=321 126 49 23 137 252 99 110 29 239 21 43 48 51 26 77 82 22 41 85 83 48 82 85 24 222 40 55 28 23 128
internal_value=0.339867 0.332648 0.335328 0.347048 0.333244 0.320297 0.344628 0.330225 0.343612 0.342111 0.341931 0.33611 0.323965 0.351097 0.348583 0.345232 0.336994 0.32088 0.343747 0.326692 0.325346 0.346241 0.347976 0.336457 0.336936 0.340418 0.343728 0.335064 0.33588 0.343019
internal_weight=2699 1346 1106 1353 846 240 847 412 710 260 433 434 141 506 185 108 386 92 211 160 131 277 167 364 341 119 79 49 66 367
internal_count=2699 1346 1106 1353 846 240 847 412 710 260 433 434 141 506 185 108 386 92 211 160 131 277 167 364 341 119 79 49 66 367
is_linear=0
shrinkage=1


Tree=1
num_leaves=31
num_cat=0
split_feature=3 9 1 3 10 3 7 1 7 7 1 1 1 3 6 7 1 6 5 8 8 4 3 3 8 6 3 6 1 4
split_gain=11.3325 3.64232 1.23137 1.07369 0.536128 0.466603 0.380065 0.318617 0.25358 0.247526 0.248225 0.220703 0.173843 0.164708 0.153717 0.150217 0.135492 0.12628 0.12221 0.11833 0.192961 0.166226 0.141141 0.11496 0.238567 0.114718 0.135794 0.110494 0.106749 0.105089
threshold=19.420585632324222 35.489023208618171 57.500000000000007 10.79987668991089 58.20775222778321 26.328480720520023 0.63449335098266613 67.500000000000014 42.379907608032234 8.6769771575927752 68.500000000000014 72.500000000000014 64.500000000000014 16.634371757507328 24.823750495910648 0.63449335098266613 60.500000000000007 40.439781188964851 20.921563148498539 22.529483795166019 19.00317478179932 17.550682067871097 22.830036163330082 6.92445993423462 5.6709382534027108 24.823750495910648 35.989213943481452 33.392539978027351 60.500000000000007 38.598453521728523
decision_type=2 2 2 2 2 2 2 2 2 2 2 2 2 2 2 2 2 2 2 2 2 2 2 2 2 2 2 2 2 2
left_child=3 2 8 15 12 11 -5 27 -2 10 18 14 29 -12 19 -1 -11 -14 -8 20 -4 -22 -23 -17 -25 -9 -27 -7 -6 -3
right_child=1 4 5 6 28 7 9 25 -10 16 13 -13 17 -15 -16 23 -18 -19 -20 -21 21 22 -24 24 -26 26 -28 -29 -30 -31
leaf_value=0.012161604913940841 0.0037689405310655311 -0.008604860581733563 -0.004428122321715449 0.010010544736595716 -0.017580244791294847 -0.0065972409374320633 0.0051238716129869029 -0.0063810989774506673 -0.0056487031845432346 0.0028858324885368348 0.0028996039591729643 -0.0097754958046910659 -0.012374554737471045 -0.0045627697326597718 0.0048402065267929666 0.012108621618723217 -0.0034766645967096521 -0.019982344595094525 0.013113032076507809 -0.0086463360914162228 0.0082612262471862454 0.0021629369285489832 -0.0054054959677159791 0.0010303425126605564 0.0091754402278521868 -0.015084332978905558 -0.0059838287346065042 0.0010389890521764755 -0.024430264704502547 -0.014818172888239708
leaf_weight=209 214 81 202 102 35 194 449 29 33 65 100 48 40 42 26 73 69 48 20 35 23 56 44 45 179 91 20 21 65 41
leaf_count=209 214 81 202 102 35 194 449 29 33 65 100 48 40 42 26 73 69 48 20 35 23 56 44 45 179 91 20 21 65 41
internal_value=-3.73357e-11 -0.00649661 -0.00365105 0.006463 -0.0160063 -0.00558002 0.00428568 -0.00826887 0.00251071 0.00350187 0.00435549 -0.00338062 -0.0131365 0.000692423 -0.0025854 0.0101077 -0.000390379 -0.0165243 0.00546456 -0.0031217 -0.00252674 0.000595861 -0.00116717 0.00866228 0.00753915 -0.0119814 -0.0134446 -0.00585138 -0.0220328 -0.0106929
internal_weight=2699 1346 1036 1353 310 789 847 355 247 745 611 434 210 142 386 506 134 88 469 360 325 123 100 297 224 140 111 215 100 122
internal_count=2699 1346 1036 1353 310 789 847 355 247 745 611 434 210 142 386 506 134 88 469 360 325 123 100 297 224 140 111 215 100 122
is_linear=0
shrinkage=0.1


Tree=2
num_leaves=31
num_cat=0
split_feature=3 9 1 3 9 3 7 1 1 7 1 1 1 6 7 7 9 3 4 3 6 8 9 4 8 9 4 3 3 6
split_gain=9.17929 2.95028 0.997414 0.869686 0.434771 0.377948 0.319633 0.25808 0.226354 0.2054 0.178769 0.142156 0.139916 0.124511 0.126891 0.165235 0.193754 0.124475 0.284489 0.107207 0.104312 0.10258 0.14224 0.0979825 0.136718 0.0971723 0.096832 0.151433 0.0961511 0.0958913
threshold=19.420585632324222 35.489023208618171 57.500000000000007 10.79987668991089 53.134258270263679 26.328480720520023 2.731074452400208 67.500000000000014 61.500000000000007 42.379907608032234 72.500000000000014 70.500000000000014 64.500000000000014 24.823750495910648 0.58257290720939647 3.7335096597671513 22.596256256103519 6.92445993423462 5.4554865360260019 15.933817863464357 40.439781188964851 11.192269325256349 11.995590686798097 38.598453521728523 34.768505096435554 20.137824058532718 23.792849540710453 35.341377258300788 15.667819976806642 46.225978851318366
decision_type=2 2 2 2 2 2 2 2 2 2 2 2 2 2 2 2 2 2 2 2 2 2 2 2 2 2 2 2 2 2
left_child=3 2 9 17 12 10 11 26 -8 -2 13 -5 23 14 -4 16 25 -1 -19 -13 -14 22 -10 24 -3 -16 27 -7 -23 -22
right_child=1 4 5 6 -6 7 8 -9 21 -11 -12 19 20 -15 15 -17 -18 18 -20 -21 29 28 -24 -25 -26 -27 -28 -29 -30 -31
leaf_value=0.01124455512882295 0.0033920466673569142 -0.013589143987607072 -0.010168391669338401 0.0067646770681961468 -0.019832652949960904 -0.0052400626679312209 0.0045812707259247345 -0.010783302821551584 0.00043957298394383456 -0.0050838329405947166 -0.0087979458078431601 0.0046115566599876324 -0.011137099089100959 0.0043561856477306446 -0.0011187685353140678 -0.0039393009727492056 -0.0056499673163189611 0.0032991692186036012 0.0098045051981837071 -0.0036030458907286324 -0.021972441745715013 0.006407816997832722 -0.0066615182819754586 -0.013792703220716272 -0.0049507362032799353 0.0059546230396685697 -0.0027651800960302353 -0.013698112309254981 0.00029290888872411517 -0.012836746408138425
leaf_weight=176 214 27 22 332 100 98 193 140 82 33 48 47 40 26 31 221 34 94 236 24 27 36 43 39 57 52 90 27 90 20
leaf_count=176 214 27 22 332 100 98 193 140 82 33 48 47 40 26 31 221 34 94 236 24 27 36 43 39 57 52 90 27 90 20
internal_value=5.83586e-11 -0.00584695 -0.00328595 0.0058167 -0.0144057 -0.00502202 0.00385711 -0.00744198 0.00200637 0.00225964 -0.00304256 0.00589614 -0.0118214 -0.00232686 -0.00280953 -0.00233055 0.000708202 0.00909689 0.00795147 0.00183479 -0.0148905 2.64658e-05 -0.0020032 -0.00965052 -0.00772737 0.00331275 -0.00526624 -0.007067 0.00204003 -0.0180849
internal_weight=2699 1346 1036 1353 310 789 847 355 444 247 434 403 210 386 360 338 117 506 330 71 87 251 125 123 84 83 215 125 126 47
internal_count=2699 1346 1036 1353 310 789 847 355 444 247 434 403 210 386 360 338 117 506 330 71 87 251 125 123 84 83 215 125 126 47
is_linear=0
shrinkage=0.1


Tree=3
num_leaves=31
num_cat=0
split_feature=3 9 1 7 10 3 3 1 8 1 7 5 3 7 1 7 3 10 9 3 4 9 7 7 1 1 9 4 7 6
split_gain=7.43655 2.47194 0.777456 0.659006 0.360661 0.352109 0.338926 0.22523 0.240099 0.209045 0.164899 0.150707 0.156352 0.161748 0.138961 0.123794 0.122017 0.122887 0.113158 0.101451 0.0958119 0.196836 0.131287 0.164454 0.113805 0.100602 0.093539 0.15535 0.124076 0.0904639
threshold=18.811618804931644 35.489023208618171 57.500000000000007 0.63449335098266613 58.20775222778321 26.328480720520023 13.067535400390627 70.500000000000014 12.503974437713625 67.500000000000014 42.379907608032234 13.825990200042726 6.92445993423462 5.1095533370971689 72.500000000000014 1.4835560917854311 15.667819976806642 19.091297149658207 17.175343513488773 16.634371757507328 14.340168952941896 16.772529602050785 0.7795400619506837 1.8350474238395691 66.500000000000014 65.500000000000014 25.319900512695316 23.465190887451175 4.1531798839569101 80.332885742187514
decision_type=2 2 2 2 2 2 2 2 2 2 2 2 2 2 2 2 2 2 2 2 2 2 2 2 2 2 2 2 2 2
left_child=3 2 10 -1 15 14 11 8 -8 -7 -2 12 -5 -14 20 -3 -10 18 -18 -9 21 -4 24 -24 -22 -25 -11 -28 -29 -6
right_child=1 4 5 6 29 9 7 19 16 26 -12 -13 13 -15 -16 -17 17 -19 -20 -21 22 -23 23 25 -26 -27 27 28 -30 -31
leaf_value=0.0094369461753916369 0.0030051027052104477 -0.017895204374300585 -0.00055075511336326603 0.0097011035019663027 -0.016404094374738633 -0.0047396151556871663 0.00056308493576943876 -0.00021273955607261413 0.0083282189000220535 -0.005311603256915179 -0.0045754498717459763 0.010994858694849192 0.0054099740130792127 -0.00065125476057622958 -0.0074588639113832931 -0.0098020325829989464 0.0036923961851883821 0.010016360089182854 -0.0041760983114892784 -0.0085866438629834552 -0.010477452973524731 -0.0079338105641962847 0.0048504410877025558 0.00086405295478079916 -0.00052011514251882381 -0.003956472020550275 -0.015738990356807005 -0.012314371854787873 -0.0032143922024888208 -0.023923396766185764
leaf_weight=310 220 21 77 71 80 215 200 39 84 36 33 54 322 51 51 189 108 25 22 23 24 68 56 93 22 81 44 31 29 20
leaf_count=310 220 21 77 71 80 215 200 39 84 36 33 54 322 51 51 189 108 25 22 23 24 68 56 93 22 81 44 31 29 20
internal_value=1.84349e-11 -0.00509386 -0.00283452 0.00540906 -0.0129651 -0.00431852 0.00415917 0.00232278 0.00311959 -0.00669778 0.00201633 0.00600662 0.00539995 0.00458123 -0.00252903 -0.0106113 0.00525893 0.00359557 0.0023608 -0.00331919 -0.00193183 -0.00401315 -0.000838384 0.000136989 -0.00571525 -0.00137998 -0.00970497 -0.0112258 -0.00791605 -0.017908
internal_weight=2699 1390 1080 1309 310 827 999 501 439 355 253 498 444 373 472 210 239 155 130 62 421 145 276 230 46 174 140 104 60 100
internal_count=2699 1390 1080 1309 310 827 999 501 439 355 253 498 444 373 472 210 239 155 130 62 421 145 276 230 46 174 140 104 60 100
is_linear=0
shrinkage=0.1


Tree=4
num_leaves=31
num_cat=0
split_feature=3 9 1 3 9 1 7 1 7 3 4 4 3 1 8 7 8 10 10 3 1 1 9 9 5 1 10 1 4 3
split_gain=6.03886 1.94889 0.687237 0.606965 0.322844 0.2515 0.237453 0.226642 0.183468 0.188419 0.213256 0.199375 0.172408 0.171835 0.171762 0.171094 0.128447 0.12828 0.122752 0.121266 0.117619 0.113417 0.169467 0.11227 0.103345 0.100072 0.105672 0.0993107 0.0976431 0.209327
threshold=19.420585632324222 40.187406539916999 57.500000000000007 9.839877128601076 22.407477378845218 63.500000000000007 2.2970565557479863 64.500000000000014 0.7795400619506837 26.222730636596683 22.279031753540039 23.639531135559086 76.739543914794936 70.500000000000014 19.00317478179932 6.036325454711915 7.2844197750091562 35.236608505249031 22.667408943176273 18.252964019775394 54.500000000000007 68.500000000000014 25.858185768127445 28.179731369018558 22.226483345031742 62.500000000000007 21.11716461181641 70.500000000000014 6.0267744064331064 6.0037295818328866
decision_type=2 2 2 2 2 2 2 2 2 2 2 2 2 2 2 2 2 2 2 2 2 2 2 2 2 2 2 2 2 2
left_child=3 2 15 28 14 12 27 16 -6 10 -10 21 -3 23 25 20 -8 -17 24 -18 -2 -11 -23 -13 -16 26 -4 -5 29 -1
right_child=1 5 4 6 8 -7 7 -9 9 11 -12 13 -14 -15 18 17 19 -19 -20 -21 -22 22 -24 -25 -26 -27 -28 -29 -30 -31
leaf_value=0.0097794947930234521 0.0084733379616712522 -0.0079061799877878248 -0.0043634038700750381 0.0057943474582828171 -0.011818516077663826 -0.016257871277951474 -0.0010287303775548937 -0.00063829630753904024 -0.0043563968738632615 -0.0069722730683861303 0.0066100193560123454 0.0042244330810552299 -0.017200161024928093 -0.0097705035354010775 0.0012420992098318845 0.0011407080619339493 0.0055323567938818756 -0.0054899667037298554 -0.0024971671295740336 -8.4442803834347015e-05 0.00097047019045095196 -0.0058550455995524924 -0.016765165296383205 -0.0035726597803422129 0.0099432737655228091 -0.0047620953733017776 0.0034708383648345865 0.0017091899178922178 0.0098867832320173842 0.0041281224365209371
leaf_weight=121 48 99 33 343 49 116 50 212 61 120 25 22 25 40 39 138 211 37 48 47 37 24 35 115 21 178 36 72 154 143
leaf_count=121 48 99 33 343 49 116 50 212 61 120 25 22 25 40 39 138 211 37 48 47 37 24 35 115 21 178 36 72 154 143
internal_value=-1.53531e-11 -0.00474245 -0.00296989 0.00471791 -0.0043518 -0.012911 0.00330174 0.00187808 -0.00601285 -0.00536924 -0.00116849 -0.00638403 -0.00977997 -0.00400417 -0.00205439 0.0015266 0.00361014 -0.000261206 0.0012721 0.00450914 0.00520738 -0.00873729 -0.0123272 -0.00232057 0.00428751 -0.00350889 -0.000275973 0.0050856 0.00788566 0.00671833
internal_weight=2699 1346 1106 1353 846 240 935 520 491 442 86 356 124 177 355 260 308 175 108 258 85 179 59 137 60 247 69 415 418 264
internal_count=2699 1346 1106 1353 846 240 935 520 491 442 86 356 124 177 355 260 308 175 108 258 85 179 59 137 60 247 69 415 418 264
is_linear=0
shrinkage=0.1


Tree=5
num_leaves=31
num_cat=0
split_feature=3 9 1 7 3 10 1 9 4 8 1 4 7 1 7 5 6 9 3 8 7 6 1 8 7 8 4 3 6 4
split_gain=4.89147 1.58842 0.529235 0.495007 0.27371 0.250877 0.220325 0.177307 0.177888 0.14786 0.136751 0.143732 0.123732 0.122867 0.177386 0.121862 0.115911 0.145654 0.105758 0.139403 0.096429 0.0950088 0.0893894 0.134588 0.0868701 0.0847652 0.0871836 0.0838617 0.0892035 0.0831043
threshold=19.420585632324222 35.489023208618171 57.500000000000007 0.63449335098266613 13.067535400390627 58.20775222778321 72.500000000000014 22.407477378845218 23.792849540710453 20.030696868896488 61.500000000000007 8.1612539291381854 0.68739992380142223 51.500000000000007 40.066024780273445 13.825990200042726 25.56931304931641 23.581592559814457 6.92445993423462 5.6709382534027108 1.4835560917854311 23.196759223937992 71.500000000000014 14.667545318603517 6.4133231639862069 24.278219223022464 21.508452415466312 18.635648727416996 15.821868419647219 14.170979976654055
decision_type=2 2 2 2 2 2 2 2 2 2 2 2 2 2 2 2 2 2 2 2 2 2 2 2 2 2 2 2 2 2
left_child=3 2 13 -1 15 20 7 9 16 -4 27 -12 -10 24 -15 18 17 21 -5 -20 -3 -9 29 -24 -2 -18 -27 28 -6 -13
right_child=1 5 6 4 10 -7 -8 8 12 -11 11 22 -14 14 -16 -17 25 -19 19 -21 -22 -23 23 -25 -26 26 -28 -29 -30 -31
leaf_value=0.0077472668633739375 0.0098580451061328258 -0.015013684190454938 -0.0022421187894947048 0.0078869982163461173 0.0032585096765413053 -0.014670671753585338 -0.008310705318201347 -0.0051594924861313521 -0.0083893453353084627 0.0036814936622977263 -0.0042044247267767785 0.0011361912974426824 -0.0005501257162541152 0.0013583534462770948 -0.0082916306416419422 0.0093806113978778874 -0.012046184095088393 -0.0014925850134996045 -0.00082909711797175736 0.004505741574343235 -0.007870812029405325 -0.013714164647972212 0.0019575210702088143 -0.0088656541332602506 0.00272224446032512 -0.0023120790952816605 -0.010436760477721692 -0.0022781879862859137 0.0087054630104256309 0.0056583122350275517
leaf_weight=311 24 21 268 71 144 100 90 37 24 50 56 186 125 142 22 54 45 77 58 315 189 20 27 20 59 28 25 21 38 52
leaf_count=311 24 21 268 71 144 100 90 37 24 50 56 186 125 142 22 54 45 77 58 315 189 20 27 20 59 28 25 21 38 52
internal_value=1.518e-12 -0.0042682 -0.00238905 0.00424612 0.00320115 -0.0105482 -0.00365366 -0.00305404 -0.00450908 -0.00131073 0.00165045 0.000427144 -0.00181282 0.00165051 6.38434e-05 0.00489508 -0.00624073 -0.00432921 0.00434954 0.0036762 -0.0085851 -0.00816113 0.00133721 -0.00264809 0.00478561 -0.00885444 -0.00614448 0.00370537 0.00439579 0.00212422
internal_weight=2699 1346 1036 1353 1042 310 789 699 381 318 544 341 149 247 164 498 232 134 444 373 210 57 285 47 83 98 53 203 182 238
internal_count=2699 1346 1036 1353 1042 310 789 699 381 318 544 341 149 247 164 498 232 134 444 373 210 57 285 47 83 98 53 203 182 238
is_linear=0
shrinkage=0.1


Tree=6
num_leaves=31
num_cat=0
split_feature=3 9 3 1 1 7 4 9 1 3 7 7 8 8 10 1 9 3 3 5 3 6 4 4 6 9 10 6 1 3
split_gain=3.9711 0.986861 0.791132 0.373147 0.242924 0.237552 0.206099 0.217904 0.202261 0.145676 0.171093 0.158179 0.145116 0.128931 0.178762 0.163024 0.128343 0.127175 0.124805 0.120611 0.115929 0.16777 0.107668 0.237518 0.137992 0.127818 0.119158 0.105758 0.123864 0.0993131
threshold=23.245037078857425 40.187406539916999 15.589296340942385 51.500000000000007 68.500000000000014 1.0463753342628481 15.220376968383791 17.546682357788089 63.500000000000007 35.099555969238288 0.7795400619506837 7.6193926334381112 16.515654563903812 24.278219223022464 26.756295204162605 56.500000000000007 20.037374496459964 18.334817886352543 76.739543914794936 17.271064758300785 10.79987668991089 8.1037821769714373 23.465190887451175 29.852449417114261 29.105499267578129 27.825620651245121 25.111416816711429 19.692155838012699 56.500000000000007 5.8582012653350839
decision_type=2 2 2 2 2 2 2 2 2 2 2 2 2 2 2 2 2 2 2 2 2 2 2 2 2 2 2 2 2 2
left_child=2 3 5 -2 9 -1 7 -4 18 10 -5 -11 -9 14 -12 -15 -6 -8 -3 20 21 29 25 24 -24 26 -18 -19 -29 -7
right_child=1 8 6 4 16 19 17 12 -10 11 13 -13 -14 15 -16 -17 22 27 -20 -21 -22 -23 23 -25 -26 -27 -28 28 -30 -31
leaf_value=0.0065427380040104337 0.0041991917593848143 -0.0061055690821523621 -1.4733029965158794e-05 -0.0087080615143349856 0.00019970194375871315 0.0086849153242920616 0.007937236010145985 -0.010683414826967887 -0.013509097512297589 0.002315581814301285 -0.0004940033106443783 -0.0069204573673432917 -0.0017010827322263976 0.0082087242443646714 -0.0064213324344245259 -0.00042407803772948689 -0.013912238456153622 -0.0015369615261105526 -0.014013078033924105 0.00985897050372192 0.0020445519259256572 0.0083305558294258925 -0.0055608980357646949 -0.013094227908489606 0.0049418304115533829 -0.016838757001927922 -0.0054437294132421146 0.010548707861453295 0.0019812823519007199 0.0012637558684218675
leaf_weight=426 63 99 342 32 23 22 38 35 116 22 150 118 37 28 77 100 24 69 25 28 359 88 29 24 22 21 54 20 108 100
leaf_count=426 63 99 342 32 23 22 38 35 116 22 150 118 37 28 77 100 24 69 25 28 359 88 29 24 22 21 54 20 108 100
internal_value=-1.65242e-11 -0.00489426 0.00300622 -0.00318243 -0.00382475 0.00473879 0.000275222 -0.00106739 -0.0105076 -0.00270481 -0.00170482 -0.00546908 -0.00606749 -0.00107354 -0.0025046 0.00146435 -0.00682073 0.0026405 -0.00769982 0.00345155 0.00313625 0.00500254 -0.00774871 -0.00489076 -0.00103031 -0.00991383 -0.00804942 0.00161879 0.00331994 0.002602
internal_weight=2699 1027 1672 787 724 1023 649 414 240 527 387 140 72 355 227 128 197 235 124 597 569 210 174 75 51 99 78 197 128 122
internal_count=2699 1027 1672 787 724 1023 649 414 240 527 387 140 72 355 227 128 197 235 124 597 569 210 174 75 51 99 78 197 128 122
is_linear=0
shrinkage=0.1


Tree=7
num_leaves=31
num_cat=0
split_feature=3 9 1 3 1 1 7 5 8 5 1 8 9 7 1 7 3 7 7 10 5 10 10 7 3 4 9 3 3 6
split_gain=3.23081 1.04731 0.378261 0.365622 0.188316 0.163831 0.159167 0.145041 0.153454 0.140629 0.115801 0.109921 0.108787 0.106775 0.103145 0.179238 0.101092 0.0888242 0.0967342 0.146092 0.0997337 0.082647 0.120713 0.0776645 0.0773177 0.0820327 0.0873305 0.077067 0.0766567 0.0766159
threshold=19.420585632324222 40.187406539916999 57.500000000000007 9.839877128601076 72.500000000000014 63.500000000000007 8.6769771575927752 32.640361785888679 24.611333847045902 31.879885673522953 68.500000000000014 9.6074280738830584 26.951516151428226 4.6595811843872079 51.500000000000007 31.944459915161136 76.739543914794936 0.58257290720939647 3.258675336837769 23.419731140136722 26.584615707397464 19.155654907226566 19.874582290649418 8.5650296211242694 13.205774784088137 16.138624191284183 17.175343513488773 16.634371757507328 18.127237319946293 34.821418762207038
decision_type=2 2 2 2 2 2 2 2 2 2 2 2 2 2 2 2 2 2 2 2 2 2 2 2 2 2 2 2 2 2
left_child=3 2 14 -1 7 16 10 9 12 17 11 -5 -9 -10 23 -16 -3 -4 19 -19 -21 -20 -23 -2 -13 26 -26 -12 -29 -15
right_child=1 5 4 6 -6 -7 -8 8 13 -11 27 24 -14 29 15 -17 -18 18 21 20 -22 22 -24 -25 25 -27 -28 28 -30 -31
leaf_value=0.0059094472980582378 0.0085516591198169269 -0.0054950120905884591 -0.006874691186523116 0.00099504862922582434 -0.0074145475922627966 -0.012158187824012392 -0.0008382252799764054 -0.0051640300464350737 -0.0086182559586384083 0.0063931504759239038 0.001866593641724149 0.0061827245426910194 -0.015469197556376458 -0.00047964845301516086 0.0012283607092979073 -0.0072734192976107205 -0.012611770797520877 0.0034431296400725844 0.0035637766961008309 -0.0065678087030796133 0.0011049070686567576 -0.010213722576471893 -0.0025504059726208714 0.0020245727090561975 0.0035926409317248494 0.0089309134017676109 -0.0015832741921012466 -0.0064234141905147304 0.0018113725632429125 -0.0058073884758050552
leaf_weight=418 26 99 37 132 94 116 134 20 33 20 142 145 21 83 143 30 25 75 20 36 32 22 313 61 274 25 37 26 20 40
leaf_count=418 26 99 37 132 94 116 134 20 33 20 142 145 21 83 143 30 25 75 20 36 32 22 313 61 274 25 37 26 20 40
internal_value=-9.40079e-12 -0.00346881 -0.00216941 0.00345086 -0.00319464 -0.00945688 0.00235173 -0.00266715 -0.00499819 -0.00183974 0.00288538 0.00355125 -0.0104423 -0.00356736 0.00116652 -0.000245936 -0.00692984 -0.00214751 -0.00179629 0.000399655 -0.00295712 -0.00268085 -0.00305367 0.0039752 0.00425275 0.00341987 0.00297686 0.000714229 -0.00284307 -0.00221225
internal_weight=2699 1346 1106 1353 846 240 935 752 197 555 801 613 41 156 260 173 124 535 498 143 68 355 335 87 481 336 311 188 46 123
internal_count=2699 1346 1106 1353 846 240 935 752 197 555 801 613 41 156 260 173 124 535 498 143 68 355 335 87 481 336 311 188 46 123
is_linear=0
shrinkage=0.1


Tree=8
num_leaves=31
num_cat=0
split_feature=3 9 3 1 7 5 7 1 3 8 7 9 1 1 4 9 7 6 5 1 10 9 8 9 3 10 4 4 7 4
split_gain=2.63541 0.682579 0.511804 0.346413 0.188965 0.181965 0.173888 0.165526 0.21329 0.168627 0.12548 0.103011 0.102222 0.101713 0.0967259 0.172983 0.1287 0.0866568 0.0857457 0.154945 0.114069 0.0792966 0.107523 0.0828789 0.0787679 0.271796 0.106832 0.120533 0.100631 0.118618
threshold=23.141401290893558 44.364154815673835 15.479907989501955 51.500000000000007 0.68739992380142223 23.126804351806644 1.0463753342628481 72.500000000000014 33.315364837646491 27.953382492065433 11.773368835449221 14.001408100128176 63.500000000000007 69.500000000000014 20.73768520355225 31.938382148742679 55.027532577514656 80.332885742187514 50.720031738281257 66.500000000000014 58.20775222778321 13.76848888397217 12.503974437713625 17.908739089965824 26.328480720520023 26.254111289978031 21.508452415466312 23.465190887451175 6.4908204078674325 20.73768520355225
decision_type=2 2 2 2 2 2 2 2 2 2 2 2 2 2 2 2 2 2 2 2 2 2 2 2 2 2 2 2 2 2
left_child=2 3 6 -2 -5 10 -1 8 9 24 13 12 -8 -4 16 -16 -10 18 -3 20 -20 -12 -23 -24 25 28 -26 -28 29 -6
right_child=1 17 5 4 7 -7 11 -9 14 -11 21 -13 -14 -15 15 -17 -18 -19 19 -21 -22 22 23 -25 26 -27 27 -29 -30 -31
leaf_value=0.0054258846634097808 0.0039633805291461096 -0.014155276522040367 0.0012575012467674574 -0.0096695606115584573 -0.0081735304389626545 0.0057810542359948165 0.0034530486747445101 -0.0077764304086678868 -0.014719180434587456 0.0056874340865761047 -7.831300795078278e-05 0.0065889921497612721 0.00061281868608070993 -0.0023328844058560206 0.0018663117063364813 -0.0053891889325386249 -0.0047623230192317244 -0.015757483290508391 -0.00073381234492574424 -0.011993525339343218 -0.0082744617292538607 -0.011279210403916383 0.00098566788214224355 -0.007282831773839215 -0.0011963860592255899 0.010456970990413712 -0.0099982997739540523 -0.002459711393263812 0.00045879037958358602 0.00019032411432514588
leaf_weight=422 70 25 374 45 39 55 315 66 21 33 50 63 212 100 42 151 34 20 35 53 47 21 27 22 123 21 38 48 97 30
leaf_count=422 70 25 374 45 39 55 315 66 21 33 50 63 212 100 42 151 34 20 35 53 47 21 27 22 123 21 38 48 97 30
internal_value=1.28296e-11 -0.00395284 0.00247023 -0.00277829 -0.00337717 0.000278254 0.00387595 -0.00299607 -0.00253004 -0.00118049 -0.000231265 0.00276735 0.00231049 0.000500036 -0.00486453 -0.00381027 -0.00856403 -0.00955151 -0.00877576 -0.00777956 -0.00505589 -0.0031199 -0.00529247 -0.00272672 -0.00175282 -0.000261812 -0.00308688 -0.00579072 -0.0016178 -0.00453707
internal_weight=2699 1038 1661 858 788 649 1012 743 677 429 594 590 527 474 248 193 55 180 160 135 82 120 70 49 396 187 209 86 166 69
internal_count=2699 1038 1661 858 788 649 1012 743 677 429 594 590 527 474 248 193 55 180 160 135 82 120 70 49 396 187 209 86 166 69
is_linear=0
shrinkage=0.1


Tree=9
num_leaves=31
num_cat=0
split_feature=3 9 1 3 3 9 8 3 7 4 9 1 3 5 10 5 5 7 9 1 9 6 5 1 9 4 4 9 6 5
split_gain=2.14305 0.692074 0.323705 0.261245 0.200398 0.156849 0.129638 0.172357 0.117375 0.113828 0.157401 0.104075 0.114884 0.136552 0.130332 0.117893 0.113031 0.095362 0.0951286 0.0884695 0.0770239 0.070192 0.069454 0.125506 0.093363 0.0681379 0.129582 0.0873567 0.12037 0.0913029
threshold=19.420585632324222 44.364154815673835 54.500000000000007 9.839877128601076 31.222386360168461 29.619688987731937 10.061526775360109 13.205774784088137 6.2685058116912851 15.120884418487551 17.546682357788089 68.500000000000014 29.702499389648441 28.641468048095707 26.756295204162605 26.584615707397464 26.093733787536625 5.6879727840423593 18.003664970397953 61.500000000000007 11.995590686798097 80.332885742187514 50.720031738281257 66.500000000000014 53.134258270263679 14.506636619567871 17.839653968811039 28.179731369018558 29.691039085388187 36.246574401855476
decision_type=2 2 2 2 2 2 2 2 2 2 2 2 2 2 2 2 2 2 2 2 2 2 2 2 2 2 2 2 2 2
left_child=3 2 8 -1 5 11 20 -8 -2 10 19 12 13 14 15 16 -4 -6 -13 -9 -5 22 -3 24 -24 -19 -27 -28 -29 -30
right_child=1 21 4 6 17 -7 7 9 -10 -11 -12 18 -14 -15 -16 -17 -18 25 -20 -21 -22 -23 23 -25 -26 26 27 28 29 -31
leaf_value=0.0048887595007949154 0.0062423376161605121 -0.012739748850464822 -0.00082135393108043523 0.00051921242975518263 -0.0079790012952049866 0.0066776105626062919 0.0054154322388671704 0.0035624035845464429 0.00041525121528788339 0.0055071050195050816 -0.0075570485740900049 0.0015136557475137846 -0.0073924851948740308 0.0047481064350687946 -0.0071684641325298476 0.0044995858674295825 -0.0084170859728363301 0.0015546683552780782 -0.0046726296687446501 0.00048346667073032669 -0.0056608909783376895 -0.014181734789162875 -0.0005410663509631858 -0.01079417270836684 -0.0073901781899621717 -0.010649210220799434 0.00086256841269250102 -0.011672407705336811 0.0028765668906271459 -0.0043925890169201759
leaf_weight=418 50 25 292 242 68 22 166 141 112 68 20 29 27 42 34 39 21 22 174 276 22 20 34 53 48 28 39 20 20 127
leaf_count=418 50 25 292 242 68 22 166 141 112 68 20 29 27 42 34 39 21 22 174 276 22 20 34 53 48 28 39 20 20 127
internal_value=-3.31044e-12 -0.00282515 -0.00193423 0.00281053 -0.00260352 -0.00162831 0.00188144 0.00262003 0.00221373 0.00170114 0.00110891 -0.00190601 -0.00106597 -0.000666864 -0.00125606 -0.000684972 -0.00133097 -0.00465026 -0.00378887 0.00152455 4.20381e-06 -0.00859636 -0.00789819 -0.0070016 -0.0045503 -0.00376606 -0.0042663 -0.00339872 -0.00439387 -0.00340359
internal_weight=2699 1346 1166 1353 1004 680 935 671 162 505 437 658 455 428 386 352 313 324 203 417 264 180 160 135 82 256 234 206 167 147
internal_count=2699 1346 1166 1353 1004 680 935 671 162 505 437 658 455 428 386 352 313 324 203 417 264 180 160 135 82 256 234 206 167 147
is_linear=0
shrinkage=0.1


Tree=10
num_leaves=31
num_cat=0
split_feature=3 9 1 7 7 7 10 8 4 8 1 7 7 7 9 10 1 10 7 3 3 1 4 3 8 9 4 1 1 9
split_gain=1.75292 0.629025 0.222423 0.171524 0.134521 0.191755 0.105544 0.0963848 0.220332 0.111224 0.0896011 0.0923227 0.0850041 0.0838721 0.0782328 0.101807 0.0761451 0.0726546 0.0720017 0.132902 0.0647524 0.0645473 0.0828427 0.0645013 0.0887951 0.101469 0.0807872 0.0621247 0.0615139 0.0841545
threshold=17.3291130065918 35.489023208618171 65.500000000000014 0.63449335098266613 0.7795400619506837 11.773368835449221 58.20775222778321 21.679194450378422 20.401401519775394 20.863481521606449 61.500000000000007 2.0202435255050664 1.0043253898620608 0.47867316007614141 14.220327377319338 20.402663230896 60.500000000000007 16.335847854614261 1.1348978877067568 26.10085487365723 15.851072311401369 70.500000000000014 23.465190887451175 54.580209732055671 39.537303924560554 37.141489028930671 33.289611816406257 60.500000000000007 60.500000000000007 46.759248733520515
decision_type=2 2 2 2 2 2 2 2 2 2 2 2 2 2 2 2 2 2 2 2 2 2 2 2 2 2 2 2 2 2
left_child=3 2 4 -1 13 12 23 9 -9 -4 17 20 -6 -2 -7 -16 -17 -5 -10 -20 -12 22 -21 24 25 -3 -27 -8 -26 -30
right_child=1 6 7 10 5 14 27 8 18 -11 11 -13 -14 -15 15 16 -18 -19 19 21 -22 -23 -24 -25 28 26 -28 -29 29 -31
leaf_value=0.0049140988085936343 -0.00068361919373273851 -0.008809500727160224 -0.0022749918340202991 0.0028791090131346942 0.0079334414176022005 0.0026679476723074913 -0.0055529245680996349 -0.012627925179348777 -0.0068477436173252949 0.0051289004453627229 0.0034356481781865041 -1.5788396445064038e-05 0.0013846868287182279 -0.0094519013732982174 -0.0084519004371638104 -0.00020421732270133486 -0.0038603887251723481 0.0079184869313687692 0.0050416205225866928 -0.0057332249144868312 -0.0017172044808311121 -0.0061646220483341993 0.0019403211512219382 -0.00043976326554979171 -0.0042598423476402575 -0.0044897510832094629 0.0021804451880355676 -0.010778589503696333 -0.013662077511350316 -0.0055193799632516777
leaf_weight=306 20 29 261 371 21 37 35 29 41 22 189 263 353 24 24 147 93 31 22 24 28 49 34 27 26 46 30 65 30 22
leaf_count=306 20 29 261 371 21 37 35 29 41 22 189 263 353 24 24 147 93 31 22 24 28 49 34 27 26 46 30 65 30 22
internal_value=-2.44765e-12 -0.00225972 -0.00122312 0.00287411 -0.000108886 0.000240339 -0.00627571 -0.00288523 -0.00457158 -0.00169942 0.00216636 0.00124397 0.0017524 -0.00546632 -0.00163843 -0.00224198 -0.00162098 0.00326772 -0.00319726 -0.00203703 0.00277076 -0.00349246 -0.00123494 -0.00500242 -0.0056756 -0.00377705 -0.00185678 -0.00894961 -0.00823134 -0.0102171
internal_weight=2699 1511 1201 1188 719 675 310 482 199 283 882 480 374 44 301 264 240 402 170 129 217 107 58 210 183 105 76 100 78 52
internal_count=2699 1511 1201 1188 719 675 310 482 199 283 882 480 374 44 301 264 240 402 170 129 217 107 58 210 183 105 76 100 78 52
is_linear=0
shrinkage=0.1


Tree=11
num_leaves=31
num_cat=0
split_feature=3 9 7 1 1 7 3 1 9 4 3 1 4 4 8 10 8 6 3 1 3 9 8 7 9 8 4 1 8 9
split_gain=1.43357 0.366064 0.283665 0.224963 0.170944 0.132626 0.11416 0.110501 0.105839 0.123586 0.218846 0.0910878 0.0871892 0.0958179 0.0893056 0.0851317 0.0854001 0.0830518 0.0817391 0.0803244 0.0909839 0.0906989 0.0745873 0.0711796 0.0681479 0.0623141 0.101898 0.0919795 0.0583625 0.0554869
threshold=23.141401290893558 44.364154815673835 5.1095533370971689 51.500000000000007 72.500000000000014 0.7795400619506837 8.5217914581298846 48.500000000000007 20.470426559448246 20.73768520355225 26.222730636596683 58.500000000000007 21.508452415466312 23.465190887451175 39.537303924560554 19.155654907226566 10.448056697845461 24.496537208557132 16.048504829406742 68.500000000000014 33.315364837646491 25.618421554565433 27.102826118469242 59.691276550292976 27.825620651245121 21.555943489074711 14.69425678253174 59.500000000000007 7.8321146965026864 7.8962821960449228
decision_type=2 2 2 2 2 2 2 2 2 2 2 2 2 2 2 2 2 2 2 2 2 2 2 2 2 2 2 2 2 2
left_child=2 3 4 22 6 -5 -1 -8 -7 19 17 -4 -12 24 -15 16 -13 -11 -6 20 21 25 -2 -22 -14 26 -10 -28 29 -9
right_child=1 -3 11 5 18 8 7 28 9 10 12 15 13 14 -16 -17 -18 -19 -20 -21 23 -23 -24 -25 -26 -27 27 -29 -30 -31
leaf_value=0.0046955915440959365 0.00086834688104731452 -0.0070154045042161474 0.0016223724406117049 -0.0072739567259453575 0.00066880576481458316 0.00084077058604452759 0.0074934350838884714 0.0025202177045866849 -0.0081045186726259998 0.00016401879155360488 0.0033352522824619279 -0.0023724430190619605 -0.0036749567171292644 -0.0015445652541295147 -0.0079329703701660047 -0.0038104457549707153 0.0018077581447268863 0.0083413882860137786 -0.0058423173043035698 -0.0080232200941513752 -0.011476323448798875 0.003357142792083323 0.0076240188321277788 -0.003432152267884125 -0.010510891929268837 -0.007312309434637428 -0.0053161883587017657 0.0030620486243845479 0.0023656941700067324 -0.0032328228913492672
leaf_weight=278 44 180 156 55 51 100 40 30 20 23 24 93 35 248 24 96 103 27 31 51 22 24 26 22 25 30 20 38 745 38
leaf_count=278 44 180 156 55 51 100 40 30 20 23 24 93 35 248 24 96 103 27 31 51 22 24 26 22 25 30 20 38 745 38
internal_value=-7.11744e-12 -0.00291538 0.00182189 -0.00205523 0.00261608 -0.00253784 0.00293573 0.00236218 -0.00218247 -0.00266008 -0.00161528 -0.000328462 -0.00248537 -0.00290614 -0.00210825 -0.00137069 -0.000175705 0.0045798 -0.00179272 -0.00452874 -0.00351614 -0.00220344 0.0033776 -0.00745424 -0.00652326 -0.00343913 -0.00194944 0.000173001 0.00210972 -0.000694717
internal_weight=2699 1038 1661 858 1213 788 1131 853 733 633 406 448 356 332 272 292 196 50 82 227 176 132 70 44 60 108 78 58 813 68
internal_count=2699 1038 1661 858 1213 788 1131 853 733 633 406 448 356 332 272 292 196 50 82 227 176 132 70 44 60 108 78 58 813 68
is_linear=0
shrinkage=0.1


Tree=12
num_leaves=31
num_cat=0
split_feature=3 8 1 1 7 1 3 8 5 5 9 4 4 8 6 3 10 3 10 9 7 9 4 8 3 9 1 8 8 8
split_gain=1.18042 0.425172 0.220367 0.14496 0.178444 0.135997 0.110255 0.122812 0.10596 0.0892914 0.0773165 0.122777 0.117068 0.0888437 0.0791072 0.0708635 0.0960511 0.0659259 0.074711 0.070448 0.0626201 0.0621268 0.0934554 0.0608042 0.0791738 0.0636959 0.0723961 0.056004 0.12794 0.108793
threshold=16.833426475524906 31.30210113525391 75.500000000000014 63.500000000000007 1.4465516209602358 57.500000000000007 8.5217914581298846 7.8321146965026864 39.793941497802741 58.240224838256843 22.148439407348636 8.3828601837158221 23.792849540710453 20.030696868896488 21.54633712768555 26.328480720520023 29.838760375976566 9.839877128601076 17.234570503234867 16.022852897644047 12.013687610626222 46.759248733520515 33.957532882690437 12.241129875183107 12.99662494659424 10.886774063110353 68.500000000000014 21.555943489074711 21.037702560424808 22.657877922058109
decision_type=2 2 2 2 2 2 2 2 2 2 2 2 2 2 2 2 2 2 2 2 2 2 2 2 2 2 2 2 2 2
left_child=6 2 5 8 -5 20 -1 -8 -3 21 11 -7 27 -13 -15 -14 -17 -9 19 23 -2 22 -6 24 25 26 -19 28 -12 -29
right_child=1 3 -4 4 9 10 7 17 -10 -11 12 13 15 14 -16 16 -18 18 -20 -21 -22 -23 -24 -25 -26 -27 -28 29 -30 -31
leaf_value=0.0040785943491930014 0.0025667038113603505 0.0029640780152896278 -0.010843415185809136 -0.015442245766859165 -0.0028163729202933612 -0.0056420365994286148 -0.00083210013311851285 0.0054146872403529975 -0.0039544071190781111 -0.0092835134569516711 -0.0036690668873804611 -0.0004621780666418614 0.0050954198869674104 0.0001261896251336388 0.0085138120349835273 -0.0063389926504057188 0.00054454321773095141 0.0021853390830739211 0.0064383247439321646 -0.0034996226274718843 -0.00043982622482872106 0.00096027243649587045 -0.010304581720381976 0.0034445237456820904 -0.00044454491685311768 0.0041701823005254948 -0.0036966567647781362 -0.0082475015587449348 0.0054198605817787002 -0.0029892009551283614
leaf_weight=297 151 26 22 22 50 42 143 65 149 48 59 396 23 23 22 26 92 93 37 24 128 20 25 200 156 113 27 54 21 145
leaf_count=297 151 26 22 22 50 42 143 65 149 48 59 396 23 23 22 26 92 93 37 24 128 20 25 200 156 113 27 54 21 145
internal_value=-1.80025e-11 -0.00180877 -0.000926944 -0.00493149 -0.00705797 -0.000742374 0.00241796 0.00184313 -0.00292652 -0.00576809 -0.0013386 -0.000475739 -0.0023309 1.62896e-05 0.00422681 1.75803e-05 -0.000972168 0.00237817 0.00207452 0.00181113 0.00118736 -0.00399187 -0.00531244 0.00202753 0.00129899 0.00246634 0.00086189 -0.00351777 -0.00128322 -0.00441608
internal_weight=2699 1544 1204 340 165 1182 1155 858 175 143 903 483 420 441 45 141 118 715 650 613 279 95 75 589 389 233 120 279 80 199
internal_count=2699 1544 1204 340 165 1182 1155 858 175 143 903 483 420 441 45 141 118 715 650 613 279 95 75 589 389 233 120 279 80 199
is_linear=0
shrinkage=0.1


Tree=13
num_leaves=31
num_cat=0
split_feature=3 9 1 1 3 6 7 8 7 7 4 1 4 3 4 8 4 9 8 8 6 5 9 3 6 3 10 8 6 9
split_gain=0.956141 0.345167 0.180001 0.151692 0.132163 0.137671 0.095783 0.0907886 0.0906955 0.0905709 0.0716091 0.061924 0.0658642 0.0814958 0.0687279 0.0581685 0.0629816 0.0581476 0.0729531 0.101763 0.0558657 0.0890833 0.0609193 0.0937726 0.0789485 0.059628 0.0550965 0.0535923 0.159978 0.0761594
threshold=16.833426475524906 44.364154815673835 54.500000000000007 75.500000000000014 26.328480720520023 24.823750495910648 6.2685058116912851 21.679194450378422 0.31833058595657354 0.43836446106433874 8.8118882179260272 61.500000000000007 4.6684350967407235 9.7445821762084979 3.8656363487243657 20.863481521606449 19.147005081176761 21.167479515075687 22.846872329711918 21.42469692230225 25.56931304931641 29.045114517211918 28.179731369018558 31.222386360168461 27.383481979370121 32.98735427856446 16.335847854614261 19.00317478179932 21.153814315795902 19.339696884155277
decision_type=2 2 2 2 2 2 2 2 2 2 2 2 2 2 2 2 2 2 2 2 2 2 2 2 2 2 2 2 2 2
left_child=8 2 6 4 5 7 -2 10 -1 -6 -4 26 14 -14 -13 16 27 -11 19 -19 -20 -22 24 -24 -23 -25 -10 29 -29 -12
right_child=1 -3 3 -5 9 -7 -8 -9 11 17 15 12 13 -15 -16 -17 -18 18 20 -21 21 22 23 25 -26 -27 -28 28 -30 -31
leaf_value=0.0045057117374460789 0.0049211693987672341 -0.005743769071503064 -0.0037471507799117332 -0.0099696017092182534 -0.009009829473992188 0.0055810667749028658 0.00017059834309971877 -0.0043769959426884142 0.0024171169999099673 0.0020399615092299367 0.00017746945186127369 0.0014279841179294247 0.0043399726287517921 0.00089669474389665995 -0.0055178724678939788 0.0036827637674286965 -0.0047231738331417247 -0.0027710035885320397 0.002721649540277819 -0.0097514967404065608 -0.0082812170700534531 -0.0032196977256367418 0.0022416247798699059 -0.0075720322019021437 0.0040118279970354507 -0.0026463551105730429 0.0071536432092006389 0.0059116081719327238 -0.0046220381965949428 -0.0038552478310261255
leaf_weight=146 64 180 56 21 21 36 126 63 443 29 286 28 83 400 29 40 30 64 24 31 23 26 36 28 36 201 26 46 21 56
leaf_count=146 64 180 56 21 21 36 126 63 443 29 286 28 83 400 29 40 30 64 24 31 23 26 36 28 36 201 26 46 21 56
internal_value=-2.43362e-11 -0.0016279 -0.00108475 -0.00154689 -0.00139348 -0.000424801 0.00177079 -0.000786358 0.00217617 -0.0025768 -0.000363536 0.00183909 0.001109 0.0014884 -0.00210587 3.20436e-05 -0.000300596 -0.00230553 -0.00257422 -0.00504885 -0.00194564 -0.00226569 -0.00184258 -0.00250278 0.000979253 -0.00324862 0.0026797 2.37984e-05 0.00261002 -0.000482859
internal_weight=2699 1544 1364 1174 1153 634 190 598 1155 519 535 1009 540 483 57 479 439 498 469 95 374 350 327 265 62 229 469 409 67 342
internal_count=2699 1544 1364 1174 1153 634 190 598 1155 519 535 1009 540 483 57 479 439 498 469 95 374 350 327 265 62 229 469 409 67 342
is_linear=0
shrinkage=0.1


Tree=14
num_leaves=31
num_cat=0
split_feature=3 8 1 1 7 1 3 8 5 7 8 9 10 3 7 8 6 8 4 9 3 9 8 4 5 7 9 5 6 5
split_gain=0.774474 0.284188 0.144756 0.114696 0.141477 0.089829 0.0820901 0.0957296 0.0797563 0.0774993 0.0542611 0.0762934 0.0543071 0.0635871 0.0610827 0.0575311 0.0796304 0.0658627 0.0609993 0.0506173 0.119846 0.0499542 0.0889625 0.0863663 0.0766656 0.0829905 0.0717429 0.0703899 0.131205 0.069014
threshold=16.833426475524906 31.30210113525391 75.500000000000014 63.500000000000007 1.4465516209602358 57.500000000000007 8.5217914581298846 7.8321146965026864 39.793941497802741 93.494705200195327 16.093758583068851 16.421451568603519 16.335847854614261 11.537270069122316 1.3263756632804873 12.241129875183107 12.47220039367676 10.570169448852541 10.680007934570314 6.2154021263122567 6.0037295818328866 22.148439407348636 20.030696868896488 23.792849540710453 24.170311927795414 11.773368835449221 13.76848888397217 21.806244850158695 19.392366409301761 19.206114768981937
decision_type=2 2 2 2 2 2 2 2 2 2 2 2 2 2 2 2 2 2 2 2 2 2 2 2 2 2 2 2 2 2
left_child=6 2 5 8 -5 -2 19 -8 -3 -6 11 12 13 14 -9 16 17 -15 -17 20 -1 22 24 -23 25 27 -27 28 29 -7
right_child=1 3 -4 4 9 21 7 10 -10 -11 -12 -13 -14 15 -16 18 -18 -19 -20 -21 -22 23 -24 -25 -26 26 -28 -29 -30 -31
leaf_value=0.004014537487216671 0.00097377944560754894 0.002875893514675017 -0.0087813218547539273 -0.013375119592422957 -0.0038223749829259346 0.0014697090282544986 -0.00089937475537620742 0.0019434337801552224 -0.0031264628968107819 -0.010534335460979491 0.0070702564995735878 -0.0036368387285619975 0.0060770570630988771 -0.00024375329906148698 0.0056438961302415595 0.0062424995504053579 -0.0032391748365221754 0.0034895302252588821 0.0016120058908678692 0.004666531551935661 -0.0021627739689353367 -0.0028961703970512599 0.0038485355829147418 0.00014041217361041841 0.0021377709564236185 0.00057550365678392932 -0.0055643724368616256 -0.0035225506612429551 0.0076681280593303121 -0.0023836762564697941
leaf_weight=99 279 26 22 22 123 91 143 120 149 20 20 25 31 134 71 35 54 73 152 152 46 279 45 141 73 26 71 60 22 95
leaf_count=99 279 26 22 22 123 91 143 120 149 20 20 25 31 134 71 35 54 73 152 152 46 279 45 141 73 26 71 60 22 95
internal_value=-1.04543e-11 -0.00146511 -0.000744156 -0.00401812 -0.00590965 -0.000594564 0.00195855 0.00146254 -0.00223468 -0.00476111 0.00193492 0.00178715 0.00198953 0.00179123 0.003319 0.00113989 0.000180679 0.00107282 0.00247868 0.00339146 0.00205484 -0.00107914 -0.000385561 -0.00187675 -0.000820571 -0.00141224 -0.00391863 -0.000505074 0.000365351 -0.000498418
internal_weight=2699 1544 1204 340 165 1182 1155 858 175 143 715 695 670 639 191 448 261 207 187 297 145 903 483 420 438 365 97 268 208 186
internal_count=2699 1544 1204 340 165 1182 1155 858 175 143 715 695 670 639 191 448 261 207 187 297 145 903 483 420 438 365 97 268 208 186
is_linear=0
shrinkage=0.1


Tree=15
num_leaves=31
num_cat=0
split_feature=3 9 3 1 5 7 1 7 9 7 8 9 7 7 1 3 5 3 8 4 8 9 9 1 7 9 9 7 8 4
split_gain=0.639322 0.166308 0.139315 0.133786 0.12124 0.0930517 0.0781978 0.0906636 0.0748321 0.0742016 0.0666241 0.0639188 0.0602507 0.0584964 0.0626196 0.0565546 0.110191 0.12385 0.0844964 0.0838383 0.121543 0.0950742 0.065562 0.0525764 0.0744022 0.0650871 0.0686765 0.0627576 0.0569777 0.0743525
threshold=23.141401290893558 45.126749038696296 13.205774784088137 51.500000000000007 23.126804351806644 0.68739992380142223 72.500000000000014 1.0463753342628481 20.470426559448246 11.046025276184084 18.154817581176761 12.746935844421388 0.2232943773269653 2.5143629312515263 62.500000000000007 33.315364837646491 28.059286117553714 26.906012535095218 22.657877922058109 21.508452415466312 27.953382492065433 28.179731369018558 31.938382148742679 69.500000000000014 8.5650296211242694 16.969785690307621 15.673525333404543 14.750447273254396 18.297430992126468 15.120884418487551
decision_type=2 2 2 2 2 2 2 2 2 2 2 2 2 2 2 2 2 2 2 2 2 2 2 2 2 2 2 2 2 2
left_child=2 3 11 -2 12 -5 7 -7 -9 -8 -10 13 -4 -1 -15 16 -12 -18 -17 -19 21 -21 -20 24 -14 26 -26 -27 29 -25
right_child=1 -3 4 5 -6 6 9 8 10 -11 15 -13 23 14 -16 18 17 19 22 20 -22 -23 -24 28 25 27 -28 -29 -30 -31
leaf_value=0.0025220249591260476 0.002710277307778597 -0.0048070834293578038 0.0055046037444844848 -0.0061796868044055172 0.0049262459436431524 0.0045009369306542261 -0.0074922369373962286 0.0012326047823475877 -0.0072378916623578836 -0.00070751134901204048 -0.0029559452634304764 0.0058279769652037194 0.00099726095018117444 0.0018944810992879554 -0.0018761814221031439 -0.0083843601867556582 0.0083431611582636834 0.0029207881211038775 0.00089199962956761883 -0.0010503385021069717 0.0044083819886588538 -0.0086215283825165686 -0.003116363177009235 -0.0018907464263715418 -0.0012923347648710103 -0.0088927778974175458 0.0047702551650052726 -0.00097080751205794516 -0.0059620778255451189 0.0044681210451844059
leaf_weight=526 73 170 20 45 55 27 40 92 22 27 125 46 481 116 71 24 20 59 54 43 23 27 167 112 124 20 22 20 26 22
leaf_count=526 73 170 20 45 55 27 40 92 22 27 125 46 481 116 71 24 20 59 54 43 23 27 167 112 124 20 22 20 26 22
internal_value=-1.75267e-11 -0.0019469 0.00121667 -0.00138673 0.000376567 -0.00176293 -0.00149793 -0.00117812 -0.00141186 -0.00475809 -0.00184323 0.00221505 8.11334e-05 0.00198196 0.000462839 -0.00162425 -0.000696486 0.000945562 -0.00274894 -2.78062e-05 -0.00189842 -0.00397065 -0.00213694 -5.00267e-05 0.00034049 -0.00135793 -0.000378794 -0.00493179 -0.00167799 -0.000846753
internal_weight=2699 1038 1661 868 902 795 750 683 656 67 564 759 847 713 187 542 297 172 245 152 93 70 221 827 667 186 146 40 160 134
internal_count=2699 1038 1661 868 902 795 750 683 656 67 564 759 847 713 187 542 297 172 245 152 93 70 221 827 667 186 146 40 160 134
is_linear=0
shrinkage=0.1


Tree=16
num_leaves=31
num_cat=0
split_feature=9 9 4 3 1 7 4 8 8 5 1 7 8 4 1 7 7 6 4 4 7 3 1 10 10 8 9 1 9 7
split_gain=0.525979 0.173415 0.109336 0.160362 0.109419 0.0982434 0.0946669 0.199621 0.103768 0.0795476 0.0750122 0.0928574 0.0704783 0.177829 0.110275 0.0701507 0.0561404 0.0530184 0.0641144 0.0528231 0.049458 0.0466468 0.0465436 0.0787592 0.0757101 0.0458243 0.0796903 0.0724005 0.0547056 0.0525227
threshold=16.352540969848636 44.364154815673835 14.170979976654055 23.360955238342289 60.500000000000007 63.382371902465827 13.11917018890381 16.015061855316166 15.908624172210695 24.170311927795414 61.500000000000007 2.0900871753692631 22.0228385925293 20.401401519775394 66.500000000000014 0.68739992380142223 9.0579352378845233 80.332885742187514 60.946918487548835 35.147499084472663 0.42109517753124243 16.634371757507328 70.500000000000014 16.136150360107425 14.144196510314943 23.243500709533695 28.64982891082764 49.500000000000007 21.167479515075687 7.6193926334381112
decision_type=2 2 2 2 2 2 2 2 2 2 2 2 2 2 2 2 2 2 2 2 2 2 2 2 2 2 2 2 2 2
left_child=10 2 5 9 25 6 8 -8 -2 21 20 22 14 -14 -6 -15 -16 18 -3 -17 -1 -4 23 24 -12 28 -27 -28 -5 -29
right_child=1 17 3 4 12 -7 7 -9 -10 -11 11 -13 13 15 16 19 -18 -19 -20 -21 -22 -23 -24 -25 -26 26 27 29 -30 -31
leaf_value=0.0043176590845140873 -0.0045294416405942664 -0.0044338278317203128 0.0051037904457189144 0.0026506215613335375 0.0040557436392797781 0.0026617668151559955 -0.00076201824790418703 -0.012356191662944514 0.0017891277093440294 0.0061892498662928126 0.0026863240952411716 -0.00047141956568138503 -0.0088120904630737979 -0.0061986912284434465 -0.0067895275900983036 -0.0011367740999682272 -0.0004044991880073212 -0.0090955954603850839 0.0013789935545487839 -0.0063456377158651045 0.0018648042930826528 0.00047549235934213281 -0.00048367229890942145 0.0084610950201749798 -0.0018899454832683471 0.0039738047529350624 0.0048648390410975977 0.0016656341576682669 -0.0035034940849212807 -0.0031264920888299293
leaf_weight=98 71 138 24 20 42 26 27 33 41 32 227 331 44 36 21 267 40 20 22 21 510 235 69 20 43 66 22 35 52 66
leaf_count=98 71 138 24 20 42 26 27 33 41 32 227 331 44 36 21 267 40 20 22 21 510 235 69 20 43 66 22 35 52 66
internal_value=-6.99775e-12 -0.0013437 -0.000916523 -0.000500211 -0.00128962 -0.00306747 -0.00393352 -0.00713881 -0.00221639 0.00148552 0.00145032 0.00073672 -0.00219975 -0.00284691 0.000112439 -0.00203682 -0.00260262 -0.00424135 -0.00363456 -0.00151659 0.00226017 0.000904369 0.00185063 0.00240603 0.00195751 0.000352786 0.00117062 -0.000333535 -0.00179402 -0.00146585
internal_weight=2699 1401 1221 1023 732 198 172 60 112 291 1298 690 471 368 103 324 61 180 160 288 608 259 359 290 270 261 189 123 72 101
internal_count=2699 1401 1221 1023 732 198 172 60 112 291 1298 690 471 368 103 324 61 180 160 288 608 259 359 290 270 261 189 123 72 101
is_linear=0
shrinkage=0.1


Tree=17
num_leaves=31
num_cat=0
split_feature=3 3 5 3 1 7 10 3 1 9 3 4 3 5 4 7 1 7 7 7 5 3 7 4 4 9 8 9 6 5
split_gain=0.426852 0.136145 0.114224 0.0951623 0.0952263 0.082551 0.0805003 0.0808351 0.0690352 0.0687276 0.0689912 0.067444 0.0666183 0.0645639 0.0628035 0.0598379 0.0679757 0.0742441 0.0758338 0.0886734 0.0572391 0.12172 0.0563455 0.0541828 0.0525709 0.0942749 0.0520754 0.0628979 0.061598 0.064728
threshold=26.328480720520023 15.479907989501955 28.059286117553714 76.739543914794936 60.500000000000007 1.4465516209602358 26.756295204162605 28.626436233520511 47.500000000000007 14.001408100128176 9.839877128601076 14.340168952941896 31.222386360168461 9.8002691268920916 15.120884418487551 0.29270716011524206 71.500000000000014 0.58257290720939647 3.5814664363861088 3.9363422393798833 17.053933143615726 16.14762115478516 1.3519923686981203 29.852449417114261 37.700254440307624 35.489023208618171 24.07590484619141 28.875040054321293 30.456974983215336 37.48076248168946
decision_type=2 2 2 2 2 2 2 2 2 2 2 2 2 2 2 2 2 2 2 2 2 2 2 2 2 2 2 2 2 2
left_child=1 9 8 4 11 23 -7 -8 -3 10 13 -2 -9 22 -14 -10 17 -17 20 -20 21 -19 -1 -6 25 -13 -16 -28 -29 -30
right_child=3 2 -4 -5 5 6 7 12 15 -11 -12 24 14 -15 26 16 -18 18 19 -21 -22 -23 -24 -25 -26 -27 27 28 29 -31
leaf_value=0.0025178608735461302 -0.0052341474074637517 0.0054031909310391976 0.0073833867465145893 -0.006691612368449569 -0.0022883077637980815 0.0027854076518451622 -0.0070177735092251435 0.0010900801363385331 0.0046297089925602724 0.0041994915549112581 0.00056056160682067184 0.00085655968930187102 0.0028392473209532913 0.0047592689272235424 -0.0068273656122807063 -0.0056849658935486033 -0.0030726154255581663 -0.0076900552236475045 -0.0067362023944345616 -0.00048652068524634599 0.0019628623527453534 0.0032104936783157647 -0.00034189904506593872 -0.0085363906941243583 0.0038500229795722083 -0.0042304758279723053 0.0026243490791371601 -0.007557342145054673 0.002172741860677316 -0.0030760175607666292
leaf_weight=232 24 21 20 40 23 32 35 59 23 93 504 162 20 85 31 24 94 20 24 420 220 21 98 35 36 47 22 26 27 181
leaf_count=232 24 21 20 40 23 32 35 59 23 93 504 162 20 85 31 24 94 20 24 420 220 21 98 35 36 47 22 26 27 181
internal_value=-3.57935e-12 0.000816243 -8.81686e-05 -0.00193756 -0.00168734 -0.00251587 -0.00204131 -0.00242649 -0.000260523 0.00160894 0.00134679 -0.00017505 -0.00198743 0.00230163 -0.00257887 -0.000401111 -0.000541705 -0.00021536 -2.91611e-05 -0.000824341 0.00132356 -0.00210685 0.0016686 -0.0060587 0.000320535 -0.000287415 -0.00295644 -0.0024877 -0.00296832 -0.00239469
internal_weight=2699 1899 887 800 760 491 433 401 867 1012 919 269 366 415 307 846 823 729 705 444 261 41 330 58 245 209 287 256 234 208
internal_count=2699 1899 887 800 760 491 433 401 867 1012 919 269 366 415 307 846 823 729 705 444 261 41 330 58 245 209 287 256 234 208
is_linear=0
shrinkage=0.1


Tree=18
num_leaves=31
num_cat=0
split_feature=9 9 4 1 6 7 8 4 8 8 4 5 1 7 3 9 6 4 9 3 10 10 5 1 8 5 5 3 7 1
split_gain=0.359116 0.11499 0.0795234 0.10409 0.101537 0.0824718 0.07663 0.071115 0.130453 0.093195 0.0697395 0.0661537 0.0608471 0.0638672 0.0537535 0.106798 0.0747645 0.0574507 0.0734929 0.0921653 0.0479027 0.084499 0.10068 0.153688 0.0484753 0.0401702 0.0805281 0.0521487 0.0397282 0.0632695
threshold=16.659436225891117 44.364154815673835 14.170979976654055 54.500000000000007 22.040240287780765 63.382371902465827 20.863481521606449 13.11917018890381 16.015061855316166 15.908624172210695 19.147005081176761 24.511665344238285 61.500000000000007 2.0900871753692631 31.222386360168461 29.619688987731937 27.869508743286136 17.839653968811039 28.353727340698246 32.98735427856446 27.998379707336429 27.102384567260746 26.584615707397464 61.500000000000007 22.529483795166019 50.720031738281257 58.240224838256843 53.471134185791023 6.2685058116912851 52.500000000000007
decision_type=2 2 2 2 2 2 2 2 2 2 2 2 2 2 2 2 2 2 2 2 2 2 2 2 2 2 2 2 2 2
left_child=12 2 5 28 6 7 10 9 -9 -2 -5 -6 -1 -14 15 16 20 -16 -19 -20 21 22 23 -13 -25 -3 27 -27 -4 -30
right_child=1 25 3 4 11 -7 -8 8 -10 -11 -12 14 13 -15 17 -17 -18 18 19 -21 -22 -23 -24 24 -26 26 -28 -29 29 -31
leaf_value=0.0018956605153198618 -0.0045403390603720164 -0.0072128869816660878 0.0040615460703459878 0.00091479921154502704 -0.0072016451042145498 0.0024923890354469993 0.006755452421493828 -0.00075732165264939387 -0.010895416506876549 0.0016247518582087829 -0.0044757614188172205 -0.0081643257113494759 0.0014460906073704841 -0.00044858624491967938 -0.0065142485834979299 0.0063237888759679409 -0.0060196313548098821 0.0019622172164015994 -0.0079186472725788406 -0.0017984884424625985 0.0020447547721187966 -0.0055288660779802337 0.003240691482258791 0.0041972388280555606 -0.0017093286517951074 -0.0025220400403038815 -0.004419838907806394 0.0040931829590011735 0.0024609841783617245 -0.0039010453037917614
leaf_weight=618 61 25 60 216 20 26 20 22 30 41 27 29 372 341 29 22 26 43 28 203 61 36 55 24 33 26 107 22 54 22
leaf_count=618 61 25 60 216 20 26 20 22 30 41 27 29 372 341 29 22 26 43 28 203 61 36 55 24 33 26 107 22 54 22
internal_value=-4.61089e-12 -0.00113779 -0.000780916 -0.000435179 -0.000836495 -0.00271704 0.000805552 -0.00359655 -0.00660622 -0.00206221 0.000315848 -0.00154562 0.00116942 0.000539941 -0.00135357 -0.000370272 -0.00092811 -0.00228169 -0.00183372 -0.00254033 -0.000371894 -0.00120475 -0.00010072 -0.00223767 0.000777647 -0.00349316 -0.0028932 0.000509937 0.00213796 0.000619344
internal_weight=2699 1368 1188 1008 872 180 263 154 52 102 243 609 1331 713 589 286 264 303 274 231 238 177 141 86 57 180 155 48 136 76
internal_count=2699 1368 1188 1008 872 180 263 154 52 102 243 609 1331 713 589 286 264 303 274 231 238 177 141 86 57 180 155 48 136 76
is_linear=0
shrinkage=0.1


Tree=19
num_leaves=31
num_cat=0
split_feature=9 9 1 4 3 7 7 5 10 9 4 8 7 8 1 7 10 9 10 5 3 8 5 6 7 4 1 1 7 5
split_gain=0.29346 0.0940091 0.0704009 0.0682497 0.0954985 0.175354 0.0898775 0.0764738 0.0948158 0.0832905 0.0746318 0.0945618 0.0723492 0.0985529 0.0796292 0.139152 0.082926 0.13852 0.0706554 0.0872638 0.0623242 0.0614594 0.0584583 0.0538884 0.0518144 0.0508185 0.0694205 0.0502619 0.0655479 0.0665211
threshold=17.175343513488773 53.134258270263679 62.500000000000007 14.170979976654055 28.40722751617432 0.60368767380714428 34.244001388549812 28.059286117553714 26.756295204162605 26.754080772399906 13.11917018890381 15.908624172210695 8.4874043464660662 20.144730567932129 69.500000000000014 3.3095667362213139 23.573983192443851 23.441194534301761 21.653555870056156 21.806244850158695 22.439517021179203 18.297430992126468 24.01693153381348 19.392366409301761 2.2610681056976323 48.984283447265632 60.500000000000007 68.500000000000014 2.0900871753692631 53.88703918457032
decision_type=2 2 2 2 2 2 2 2 2 2 2 2 2 2 2 2 2 2 2 2 2 2 2 2 2 2 2 2 2 2
left_child=2 3 -1 6 7 -6 10 8 12 -9 11 -2 14 -14 16 21 18 -18 19 23 -20 -16 -23 -5 -4 -3 -27 28 -7 -30
right_child=1 25 24 4 5 27 -8 9 -10 -11 -12 -13 13 -15 15 -17 17 -19 20 -21 -22 22 -24 -25 -26 26 -28 -29 29 -31
leaf_value=0.0017238231794585266 -0.0066232390202847977 -0.0083830022430490883 0.0011353287279738911 0.0001753414382619667 -0.010021273423310209 0.0040994589749191492 0.00039719947925980457 0.0084677752203551008 -0.0055722653737355927 0.00094926553982787015 -0.0081916233323313086 0.0014571472117677333 0.00097376536196944392 0.0091710325889289377 0.0040088065061718225 -0.0099594206227699225 -0.0079371856525540362 0.00083525669933469208 0.0074554545106366278 -0.0046875667136711333 0.0016553786487995903 -0.0056872148549667115 0.001257073726843704 0.0056503219977021221 -0.00062096598077869634 0.0015083083696663382 -0.0048653738603375305 -0.0029224162348187887 -0.0013106173081448718 0.003599316057128211
leaf_weight=702 28 21 350 64 23 28 55 23 29 41 37 30 55 20 20 21 27 54 32 28 44 27 22 25 323 25 54 117 344 30
leaf_count=702 28 21 350 64 23 28 55 23 29 41 37 30 55 20 20 21 27 54 32 28 44 27 22 25 323 25 54 117 344 30
internal_value=-5.42826e-12 -0.00106263 0.00102321 -0.000821774 -0.00054271 -0.00147694 -0.00281987 0.000409077 -3.42943e-05 0.00365123 -0.00468238 -0.00244373 0.00033154 0.0031597 -0.000251186 -0.0028319 0.000596493 -0.00208889 0.00172352 0.000181436 0.00409752 -0.000662653 -0.00256937 0.00171326 0.000292412 -0.00401066 -0.00284839 -0.00109829 -0.000567383 -0.000916772
internal_weight=2699 1324 1375 1224 1074 542 150 532 468 64 95 58 439 75 364 90 274 81 193 117 76 69 49 89 673 100 79 519 402 374
internal_count=2699 1324 1375 1224 1074 542 150 532 468 64 95 58 439 75 364 90 274 81 193 117 76 69 49 89 673 100 79 519 402 374
is_linear=0
shrinkage=0.1


Tree=20
num_leaves=31
num_cat=0
split_feature=3 4 5 4 4 1 1 4 5 5 5 3 7 1 4 1 3 8 7 1 5 3 3 9 8 6 10 3 9 10
split_gain=0.239932 0.0955033 0.0703696 0.0701208 0.071245 0.0662817 0.0662406 0.0935625 0.0883106 0.0664602 0.0638305 0.0590851 0.0474673 0.050599 0.0468596 0.0546791 0.0528431 0.0500134 0.0336916 0.0353626 0.0326406 0.0308923 0.0395874 0.0298076 0.0692102 0.045525 0.0403208 0.0398439 0.0547563 0.063816
threshold=15.667819976806642 34.545497894287116 17.271064758300785 33.289611816406257 31.773519515991214 75.500000000000014 63.500000000000007 41.76245307922364 45.51715278625489 58.240224838256843 53.88703918457032 76.739543914794936 5.1095533370971689 63.500000000000007 10.962353706359865 67.500000000000014 13.518154621124269 10.395209312438967 2.0900871753692631 70.500000000000014 11.723321914672853 12.827813148498537 14.020976543426515 14.220327377319338 12.424730300903322 14.573007583618166 20.679299354553226 16.14762115478516 16.352540969848636 17.919202804565433
decision_type=2 2 2 2 2 2 2 2 2 2 2 2 2 2 2 2 2 2 2 2 2 2 2 2 2 2 2 2 2 2
left_child=2 3 12 4 5 23 8 -8 -3 -9 -10 -12 13 -1 17 -16 -17 18 19 -15 -14 -22 -23 25 26 -2 -25 -26 -29 -30
right_child=1 6 -4 -5 -6 -7 7 9 10 -11 11 -13 20 14 15 16 -18 -19 -20 -21 21 22 -24 24 27 -27 -28 28 29 -31
leaf_value=0.001993586751882364 0.00025252183963857532 0.0049063319433480506 0.0056704035330125517 0.0054174476722255354 -0.0053669447979579378 -0.0056527977057461015 -0.0095690899736447527 0.0018172563561661679 -0.0062904001241710422 -0.0049142938726369975 0.0019313189356277389 -0.00474313163154182 -0.0039975343427310385 0.0017609733361830444 -0.0051046470618651557 0.004217264325125143 -0.0028110235828258424 0.0030305922139695911 -0.0018122167433383036 -0.0021398511075450847 0.0024947436707508236 -0.0041633500545113179 0.00047210243466342316 -0.0074281110625385996 -0.0038374247989850121 0.0053926370771867896 -0.0013020958804104124 0.0019307759869731786 -0.0051828859024681158 -0.00034661578383705222
leaf_weight=489 96 20 34 20 30 24 28 22 29 44 36 21 24 117 30 20 23 86 61 29 36 27 58 22 32 21 21 104 28 1067
leaf_count=489 96 20 34 20 30 24 28 22 29 44 36 21 24 117 30 20 23 86 61 29 36 27 58 22 32 21 21 104 28 1067
internal_value=2.67315e-12 -0.000743012 0.00119644 -0.00046318 -0.000544572 -0.000442331 -0.00279279 -0.00472536 -0.00107899 -0.00267044 -0.00247093 -0.000527689 0.00104432 0.00132805 0.000438842 -0.00182805 0.000457948 0.00100363 0.000161512 0.000986152 -0.00062868 3.95228e-05 -0.00100034 -0.000352431 -0.000492715 0.00117511 -0.00443634 -0.000354961 -0.000262018 -0.000470283
internal_weight=2699 1665 1034 1465 1445 1415 200 94 106 66 86 57 1000 855 366 73 43 293 207 146 145 121 85 1391 1274 117 43 1231 1199 1095
internal_count=2699 1665 1034 1465 1445 1415 200 94 106 66 86 57 1000 855 366 73 43 293 207 146 145 121 85 1391 1274 117 43 1231 1199 1095
is_linear=0
shrinkage=0.1


Tree=21
num_leaves=31
num_cat=0
split_feature=3 7 1 7 7 7 9 4 1 1 6 1 7 7 7 8 4 9 1 10 3 6 5 9 6 5 4 4 4 1
split_gain=0.205392 0.0775043 0.0714288 0.0629333 0.0776068 0.0740194 0.0517116 0.0575452 0.0491085 0.0417038 0.0547792 0.0431202 0.112797 0.041393 0.0443791 0.111693 0.0683988 0.0471561 0.0341091 0.0630761 0.0648445 0.0586926 0.0493446 0.0825002 0.0756221 0.0440466 0.0592477 0.0511722 0.0493038 0.0765937
threshold=26.328480720520023 0.31833058595657354 71.500000000000014 1.8742817640304568 1.0463753342628481 0.60368767380714428 53.134258270263679 60.946918487548835 45.500000000000007 51.500000000000007 47.964429855346687 55.500000000000007 16.555974960327152 12.807345390319826 15.383737087249758 14.385298252105715 10.083691120147707 16.659436225891117 60.500000000000007 26.756295204162605 28.626436233520511 42.810081481933601 43.681486129760749 33.213066101074226 28.155976295471195 29.736239433288578 25.303483963012699 14.506636619567871 27.686420440673832 64.500000000000014
decision_type=2 2 2 2 2 2 2 2 2 2 2 2 2 2 2 2 2 2 2 2 2 2 2 2 2 2 2 2 2 2
left_child=1 -1 8 4 5 -2 9 -8 -3 -5 11 12 -11 -10 16 17 -15 -16 22 -20 -21 25 23 24 -13 -22 27 -27 -28 -30
right_child=3 2 -4 6 -6 -7 7 -9 13 10 -12 18 -14 14 15 -17 -18 -19 19 20 21 -23 -24 -25 -26 26 28 -29 29 -31
leaf_value=0.0026652031660554295 -0.0049788676867527628 0.004222164327640914 -0.0016916240804967187 0.0018168366737111267 -0.0085920458110049364 0.0020650946821730871 -0.0053416832449363072 -0.00018016244284808637 0.00067995130886524873 0.0013718859165568243 0.0035990751525387167 -0.0013497836800524965 -0.0081965879121396173 0.00017811358418493044 -0.00061800935442614217 0.0044297915889183062 -0.0079931908776052305 -0.0055586797713767745 0.0029420912821566869 -0.0058465796669146843 0.0033606710884234179 -0.005353818731964566 0.0048453964293003089 -0.0061225287150591615 0.0051179180531923116 0.0019596314665580972 0.0048345210157673471 -0.0032673517245769739 0.003592416528483917 -0.0028441958604197878
leaf_weight=161 35 36 153 59 25 26 54 36 1358 22 25 48 28 21 85 40 20 25 31 35 23 32 22 20 29 22 22 126 29 51
leaf_count=161 35 36 153 59 25 26 54 36 1358 22 25 48 28 21 85 40 20 25 31 35 23 32 22 20 29 22 22 126 29 51
internal_value=-1.93558e-12 0.000566204 0.000371763 -0.00134403 -0.00389964 -0.00197652 -0.00103621 -0.00327707 0.000570941 -0.000713006 -0.000977184 -0.00118905 -0.00398646 0.000486084 -0.000892301 -9.53742e-05 -0.00380789 -0.00174089 -0.000903598 -0.00137612 -0.00176984 -0.00130202 0.000569564 -0.000400212 0.0010861 -0.000827082 -0.00121236 -0.00249037 0.000642015 -0.000510924
internal_weight=2699 1899 1738 800 86 61 714 90 1585 624 565 540 50 1549 191 150 41 110 490 371 340 305 119 97 77 273 250 148 102 80
internal_count=2699 1899 1738 800 86 61 714 90 1585 624 565 540 50 1549 191 150 41 110 490 371 340 305 119 97 77 273 250 148 102 80
is_linear=0
shrinkage=0.1


Tree=22
num_leaves=31
num_cat=0
split_feature=9 3 6 6 7 7 4 3 8 1 7 1 8 8 6 1 5 3 8 4 9 7 10 3 7 3 4 7 7 7
split_gain=0.16937 0.0740977 0.121319 0.0612902 0.056402 0.119161 0.118894 0.0657476 0.11433 0.0738078 0.066805 0.0505891 0.0459576 0.120352 0.0751262 0.0598251 0.0743251 0.0818811 0.0581519 0.0507195 0.117815 0.0601237 0.050928 0.0659916 0.0451095 0.0444498 0.0436701 0.0536737 0.0725519 0.0497089
threshold=18.003664970397953 18.635648727416996 18.149212837219242 80.332885742187514 0.58257290720939647 0.45802962779998785 26.827582359313968 22.830036163330082 19.00317478179932 69.500000000000014 2.731074452400208 60.500000000000007 23.243500709533695 22.34304237365723 25.56931304931641 60.500000000000007 29.045114517211918 31.222386360168461 22.846872329711918 37.700254440307624 32.831895828247077 10.122266292572023 30.411725997924808 28.270027160644535 0.63449335098266613 32.98735427856446 33.957532882690437 3.5814664363861088 8.4874043464660662 45.38969802856446
decision_type=2 2 2 2 2 2 2 2 2 2 2 2 2 2 2 2 2 2 2 2 2 2 2 2 2 2 2 2 2 2
left_child=24 -2 -3 4 5 6 -4 8 9 -6 11 -10 13 -9 -14 19 -17 -18 -15 20 22 -22 23 -16 -1 -19 -27 -28 -29 -30
right_child=1 2 3 -5 7 -7 -8 12 10 -11 -12 -13 14 18 15 16 17 25 -20 -21 21 -23 -24 -25 -26 26 27 28 29 -31
leaf_value=0.0018127738129883227 0.0036160436763667454 -0.0076157826136935645 0.0033715247145404909 -0.0063254133146256209 0.00059042803097880735 -0.010022001843899489 -0.006723483540117741 -0.00096913801385033194 -0.0020607129448936101 -0.006347546588791453 0.0079695691318752686 0.0039749217168541578 0.0034429148751053407 -0.0097150558158755305 0.0034494896297869479 -0.0063397390751874661 0.0028589918551480643 -0.0051949020358733836 -0.0031337819286975373 0.0038257841055747126 0.0018323743139626461 -0.0044857100461472253 0.0043715569705594908 -0.0043040002075334398 0.00044610184333679804 -0.00012138085410697386 0.0010320993659692689 -0.0090572317396955832 -0.00054414482549466989 -0.0064965212735114616
leaf_weight=306 36 27 28 20 46 20 20 247 21 23 26 41 47 25 23 29 46 32 29 40 20 61 52 21 1146 150 29 21 47 20
leaf_count=306 36 27 28 20 46 20 20 247 21 23 26 41 47 25 23 29 46 32 29 40 20 61 52 21 1146 150 29 21 47 20
internal_value=-1.10121e-11 -0.000854805 -0.000987712 -0.000836565 -0.000742255 -0.00353687 -0.000834729 -0.000568867 0.0013253 -0.00172223 0.00371484 0.00193059 -0.000885569 -0.0019041 -0.000405041 -0.000711055 -0.00147743 -0.00106871 -0.00618067 0.000609796 -0.000116981 -0.00292569 0.00225287 -0.00025104 0.000734119 -0.00167298 -0.00125087 -0.00269894 -0.00392849 -0.00232097
internal_weight=2699 1247 1211 1184 1164 68 48 1096 157 69 88 62 939 301 638 591 374 345 54 217 177 81 96 44 1452 299 267 117 88 67
internal_count=2699 1247 1211 1184 1164 68 48 1096 157 69 88 62 939 301 638 591 374 345 54 217 177 81 96 44 1452 299 267 117 88 67
is_linear=0
shrinkage=0.1


Tree=23
num_leaves=31
num_cat=0
split_feature=3 1 6 10 9 7 3 3 7 9 9 1 4 8 6 6 4 7 8 9 8 4 9 4 9 6 4 8 9 7
split_gain=0.13819 0.0750021 0.054033 0.0464865 0.0561325 0.0374197 0.0439814 0.044596 0.0435464 0.0404279 0.040405 0.036556 0.0544738 0.0678927 0.0858581 0.0785935 0.0581469 0.0659573 0.0536378 0.0874531 0.0871783 0.0484436 0.0548289 0.0450404 0.0743754 0.0441283 0.131902 0.0396976 0.0390945 0.0381758
threshold=16.833426475524906 75.500000000000014 80.332885742187514 17.234570503234867 16.022852897644047 9.3541560173034686 16.048504829406742 15.201845645904543 1.0733652114868166 14.293572425842287 13.468746185302736 60.500000000000007 30.28522872924805 28.274835586547855 25.56931304931641 24.496537208557132 23.639531135559086 3.0861104726791386 21.679194450378422 23.581592559814457 21.037702560424808 8.3828601837158221 21.827294349670414 37.700254440307624 35.489023208618171 33.627820968627937 27.686420440673832 23.383969306945804 26.212641716003422 12.807345390319826
decision_type=2 2 2 2 2 2 2 2 2 2 2 2 2 2 2 2 2 2 2 2 2 2 2 2 2 2 2 2 2 2
left_child=3 2 11 4 5 6 7 10 -9 -10 -1 23 13 14 15 18 28 -18 20 -20 21 -13 -23 24 -2 26 -15 -17 -16 -25
right_child=1 -3 -4 -5 -6 -7 -8 8 9 -11 -12 12 -14 25 16 27 17 -19 19 -21 -22 22 -24 29 -26 -27 -28 -29 -30 -31
leaf_value=0.00078474084004793868 0.00039121383144344508 -0.0060516542457044126 -0.0056928719882853333 0.0042210026238209165 -0.0040751692722551525 -0.0015720948997524479 0.0042083781550172712 -0.0055359060782939201 -0.0025283848861802436 0.0030857070106203141 0.0029331606324543534 -0.0040919821709394458 -0.002452469446466266 0.010348426555283369 -0.00068376267561689021 0.00096630916485319961 -0.0043914997050988266 0.0018091487602283623 -0.0077129410758901111 0.00048898831009864814 0.0050837038181208334 0.00013835106260746903 -0.0036391758923770773 0.00035387781099416316 -0.003582101153596392 6.9132401646735769e-05 -0.00099888161002170488 0.0069799164103599085 -0.0057133168773040831 0.0065325335226953029
leaf_weight=820 424 25 20 39 24 62 40 20 29 23 98 36 169 20 20 23 29 42 26 26 29 361 43 20 53 48 21 21 68 20
leaf_count=820 424 25 20 39 24 62 40 20 29 23 98 36 169 20 20 23 29 42 26 26 29 361 43 20 53 48 21 21 68 20
internal_value=8.48475e-12 -0.000618878 -0.000529464 0.000827314 0.000708717 0.000813858 0.000957478 0.000826128 -0.00157042 -4.52289e-05 0.00101409 -0.000460573 -0.00081889 -0.000479315 -0.000799714 -0.000222023 -0.00285252 -0.00072351 -0.000564773 -0.00361198 -0.000226916 -0.000576935 -0.000263712 0.000220022 -5.02656e-05 0.00212708 0.00453639 0.00383644 -0.00457024 0.00344321
internal_weight=2699 1544 1519 1155 1116 1092 1030 990 72 52 918 1499 982 813 724 565 159 71 521 52 469 440 404 517 477 89 41 44 88 40
internal_count=2699 1544 1519 1155 1116 1092 1030 990 72 52 918 1499 982 813 724 565 159 71 521 52 469 440 404 517 477 89 41 44 88 40
is_linear=0
shrinkage=0.1


Tree=24
num_leaves=31
num_cat=0
split_feature=9 1 1 6 6 4 3 7 7 5 4 8 10 7 8 3 6 9 5 7 1 7 7 3 3 9 8 3 5 1
split_gain=0.11659 0.0459847 0.0442588 0.0490287 0.061546 0.0440282 0.0734393 0.0858779 0.0717268 0.0688245 0.0596947 0.0689726 0.0576474 0.0552545 0.0764747 0.0550621 0.0679055 0.0545943 0.0520157 0.0515697 0.0497032 0.0460594 0.0479098 0.0605255 0.0601542 0.0431852 0.0418092 0.0409229 0.0562185 0.0396188
threshold=17.175343513488773 75.500000000000014 62.500000000000007 16.129797935485843 15.389036178588867 14.170979976654055 28.40722751617432 0.60368767380714428 34.244001388549812 28.059286117553714 13.11917018890381 15.908624172210695 26.756295204162605 8.4874043464660662 20.144730567932129 22.830036163330082 24.496537208557132 26.754080772399906 25.620815277099613 2.0900871753692631 62.500000000000007 5.3942997455596933 1.5547550320625307 19.980977058410648 21.04799842834473 19.786244392395023 13.418286323547365 7.9330875873565683 9.3702425956726092 45.500000000000007
decision_type=2 2 2 2 2 2 2 2 2 2 2 2 2 2 2 2 2 2 2 2 2 2 2 2 2 2 2 2 2 2
left_child=2 5 3 4 26 8 9 -8 10 12 11 -2 13 15 25 21 18 -11 20 -9 -17 22 23 -7 -25 -15 27 -1 -29 -30
right_child=1 -3 -4 -5 -6 6 7 19 -10 17 -12 -13 -14 14 -16 16 -18 -19 -20 -21 -22 -23 -24 24 -26 -27 -28 28 29 -31
leaf_value=0.0022579368436709047 -0.0055521916365250945 -0.005311999778218922 6.5501004710543013e-05 0.0042182831030804667 -0.0030499562908921185 -0.0033331344089208128 -0.0067411517939315393 0.002309409572564541 0.0006318306072022428 0.0074699609378433745 -0.0072599587605937438 0.0013488205522298813 -0.0043334894884277933 0.0044562733360743595 0.0081117380480282015 0.0007644228577518311 0.0022084848701276563 0.0013556127241463401 -0.0071948394882897643 -0.0011394748771678233 -0.0041932495665692147 -0.003145847423002124 0.0027563989397995699 0.0056714821606874471 -0.0013492177383830914 -0.0013113901057188154 0.0042112742139156474 -0.0033491204602695587 0.0051203688513487581 0.00054167167463488948
leaf_weight=174 28 21 673 50 36 39 26 47 55 23 34 30 28 21 20 39 33 40 23 559 42 26 107 23 26 34 43 36 20 343
leaf_count=174 28 21 673 50 36 39 26 47 55 23 34 30 28 21 20 39 33 40 23 559 42 26 107 23 26 34 43 36 20 343
internal_value=1.52265e-12 -0.000669786 0.000644943 0.00120045 0.000969018 -0.000594969 -0.000387681 -0.00111344 -0.00222507 0.000487662 -0.00393299 -0.0019827 6.39937e-05 0.000348357 0.00281639 -0.000168688 -0.00174383 0.00358784 -0.00299794 -0.000871987 -0.00180622 0.000807759 0.00133491 -0.000393498 0.00194621 0.000890809 0.00120389 0.000978208 0.000420131 0.000793941
internal_weight=2699 1324 1375 702 652 1303 1156 632 147 524 92 58 461 433 75 358 137 63 104 606 81 221 195 88 49 55 616 573 399 363
internal_count=2699 1324 1375 702 652 1303 1156 632 147 524 92 58 461 433 75 358 137 63 104 606 81 221 195 88 49 55 616 573 399 363
is_linear=0
shrinkage=0.1


Tree=25
num_leaves=31
num_cat=0
split_feature=3 5 1 3 3 4 3 9 9 8 3 7 5 3 7 4 7 7 7 3 3 8 3 1 1 1 3 9 9 9
split_gain=0.096167 0.0541708 0.0446366 0.0409983 0.0345243 0.0677314 0.0549105 0.0347906 0.0543909 0.0502291 0.0310743 0.028441 0.05595 0.0599604 0.0283937 0.07532 0.0460284 0.041697 0.10078 0.0632112 0.037737 0.0899167 0.0478347 0.0495353 0.0422226 0.050855 0.0412174 0.0399277 0.0681691 0.044769
threshold=15.667819976806642 17.271064758300785 72.500000000000014 76.739543914794936 4.4582238197326669 4.4739868640899667 8.7348480224609393 8.6462516784667987 7.7740104198455819 7.4059536457061776 9.839877128601076 11.046025276184084 30.397915840148929 20.6795768737793 0.58257290720939647 27.322084426879886 0.29270716011524206 3.5814664363861088 3.9363422393798833 16.14762115478516 35.099555969238288 25.966817855834964 40.227567672729499 51.500000000000007 59.500000000000007 64.500000000000014 31.222386360168461 27.374521255493168 26.102230072021488 25.095499992370609
decision_type=2 2 2 2 2 2 2 2 2 2 2 2 2 2 2 2 2 2 2 2 2 2 2 2 2 2 2 2 2 2
left_child=1 4 3 14 -1 -6 -7 8 -8 -10 -9 12 13 -4 15 16 -2 19 -19 -16 21 27 24 -24 -22 -26 -23 28 29 -20
right_child=2 -3 11 -5 5 6 7 10 9 -11 -12 -13 -14 -15 17 -17 -18 18 20 -21 22 26 23 -25 25 -27 -28 -29 -30 -31
leaf_value=0.0033628235825083476 0.0034507554722949863 0.004682847901302226 -0.0053819732164041715 -0.003650039817310042 -0.0016823643818497658 0.0023745468645954932 0.0015831162165285961 0.0029095704866839308 -0.0075182889727875603 -0.00095677007671578652 0.0004294109117427422 -6.9271406527002187e-05 -0.0070172652429728605 0.00075693157694597805 -0.0043010222928031635 -0.0068960776674034802 -0.002571272817440331 -0.0059830135804077146 -8.3727076522276058e-05 0.0011118844951224988 -0.0062981472045568563 0.0061406540179935604 0.0043311237916350371 -0.00089457215180095196 0.0020416348820815433 -0.0039463059020203514 0.0011037350524929935 -0.0037428445565784656 0.0042874508869478146 -0.0035918255973881926
leaf_weight=44 22 34 26 36 124 179 33 56 20 28 516 43 27 41 23 23 30 32 541 348 29 33 20 195 23 37 32 31 34 39
leaf_count=44 22 34 26 36 124 179 33 56 20 28 516 43 27 41 23 23 30 32 541 348 29 33 20 195 23 37 32 31 34 39
internal_value=1.00445e-12 0.000757458 -0.000470397 -0.000315359 0.000623994 0.00049794 0.000822889 0.000397549 -0.00154213 -0.00369074 0.000672224 -0.00219958 -0.00317408 -0.00162533 -0.000234898 -0.00213108 -2.34916e-05 -0.000134535 -0.000457599 0.000776313 -0.000283227 0.000115956 -0.00121553 -0.000408461 -0.00316519 -0.00165093 0.00366094 -0.000241291 -6.4502e-05 -0.000319616
internal_weight=2699 1034 1665 1528 1000 956 832 653 81 48 572 137 94 67 1492 75 52 1417 1046 371 1014 710 304 215 89 60 65 645 614 580
internal_count=2699 1034 1665 1528 1000 956 832 653 81 48 572 137 94 67 1492 75 52 1417 1046 371 1014 710 304 215 89 60 65 645 614 580
is_linear=0
shrinkage=0.1


Tree=26
num_leaves=31
num_cat=0
split_feature=9 4 7 3 3 9 5 7 7 9 4 9 9 3 1 1 3 7 9 3 1 1 4 10 3 4 10 1 7 8
split_gain=0.0817125 0.0542424 0.0808179 0.0607686 0.0633726 0.0611711 0.0479905 0.0425083 0.126209 0.0581149 0.0518614 0.051513 0.0607298 0.0597658 0.0564311 0.102616 0.0375699 0.0497628 0.0410387 0.0520159 0.0399027 0.0360281 0.034618 0.0335867 0.0632318 0.036095 0.042332 0.0370341 0.0616658 0.0509238
threshold=18.003664970397953 14.506636619567871 63.382371902465827 23.360955238342289 23.681021690368656 20.902315139770511 24.170311927795414 42.379907608032234 55.027532577514656 43.293130874633796 22.279031753540039 23.581592559814457 24.285367965698246 25.145326614379886 60.500000000000007 61.500000000000007 25.950242996215824 16.555974960327152 32.527116775512702 45.996196746826179 72.500000000000014 64.500000000000014 10.75176525115967 27.544378280639652 28.40722751617432 21.640923500061039 30.597829818725589 56.500000000000007 9.0579352378845233 39.537303924560554
decision_type=2 2 2 2 2 2 2 2 2 2 2 2 2 2 2 2 2 2 2 2 2 2 2 2 2 2 2 2 2 2
left_child=-1 2 22 6 -5 -6 -3 11 -9 10 -10 13 -13 -7 23 -16 -17 20 -19 -20 -18 -15 -2 -14 -25 -26 -27 29 -29 -28
right_child=1 3 -4 4 5 7 -8 8 9 -11 -12 12 14 21 15 16 17 18 19 -21 -22 -23 -24 24 25 26 27 28 -30 -31
leaf_value=0.00050990904080306287 -0.00051610927524355554 0.00050521504530269925 0.0024196152432033654 -0.0060397861948744821 0.0040801778987601947 -0.0073122518814422877 0.0046896642044885091 -0.0073565678671002393 -0.0010263142758049071 -0.0026397301087854432 0.0057784475807455332 0.0040944119493360629 -0.0026645902493644671 -0.0038955720825470056 -0.0068100711772346809 0.0028904315982280033 -0.0010593338180998606 -0.0012782632658018959 0.0070294067915529015 0.00024603689089417461 -0.0044358370019056438 0.0014294093836926753 -0.0048658253838211396 0.0061778750192994876 0.0045535508011068614 -0.0041531105386093262 0.0011487725232210424 0.0068307851364476273 3.6161175162038386e-05 -0.0047217948277565565
leaf_weight=1452 24 191 26 22 27 22 32 37 24 58 21 32 23 24 29 28 210 37 20 26 42 27 77 24 21 20 45 22 34 22
leaf_count=1452 24 191 26 22 27 22 32 37 24 58 21 32 23 24 29 28 210 37 20 26 42 27 77 24 21 20 45 22 34 22
internal_value=-9.22772e-12 -0.000593735 -0.00255232 -0.000371645 -0.000738916 -0.000605637 0.00110567 -0.000754832 -0.00234701 -0.000547461 0.00214924 -0.000439994 -0.000150783 -0.00295574 -0.000376066 -0.00108581 -0.000628495 -0.000922615 0.00120108 0.00319533 -0.00162208 -0.00107646 -0.00383223 0.000942501 0.00138379 0.000682222 0.000113705 0.000807496 0.00270548 -0.000778876
internal_weight=2699 1247 127 1120 897 875 223 848 140 103 45 708 635 73 603 392 363 335 83 46 252 51 101 211 188 164 143 123 56 67
internal_count=2699 1247 127 1120 897 875 223 848 140 103 45 708 635 73 603 392 363 335 83 46 252 51 101 211 188 164 143 123 56 67
is_linear=0
shrinkage=0.1


Tree=27
num_leaves=31
num_cat=0
split_feature=3 9 6 1 7 9 8 7 8 7 7 7 10 9 7 7 8 4 3 1 7 7 1 9 4 7 7 7 4 1
split_gain=0.0671597 0.0540862 0.0358285 0.0317737 0.0363191 0.0805795 0.0629715 0.0408573 0.0528064 0.0318283 0.0300455 0.0331397 0.0288482 0.0517101 0.0370044 0.0381206 0.0332694 0.0287254 0.0476458 0.0305154 0.0282006 0.0699056 0.0535259 0.0608025 0.042245 0.0492912 0.0484984 0.114568 0.0773215 0.0408812
threshold=13.205774784088137 12.746935844421388 80.332885742187514 68.500000000000014 5.6879727840423593 30.662393569946296 26.362543106079105 3.3095667362213139 18.154817581176761 42.379907608032234 2.4261336326599126 1.9451386928558352 35.841718673706062 25.858185768127445 18.508046150207523 8.4874043464660662 16.515654563903812 21.508452415466312 18.989957809448246 72.500000000000014 3.643192052841187 4.1531798839569101 66.500000000000014 21.316066741943363 38.598453521728523 2.4261336326599126 0.45802962779998785 0.7795400619506837 19.311642646789554 62.500000000000007
decision_type=2 2 2 2 2 2 2 2 2 2 2 2 2 2 2 2 2 2 2 2 2 2 2 2 2 2 2 2 2 2
left_child=1 -1 3 20 5 6 7 10 -9 12 11 17 13 14 15 -6 -17 18 19 -5 22 -22 24 -24 25 26 -2 28 -28 -27
right_child=2 -3 -4 4 9 -7 -8 8 -10 -11 -12 -13 -14 -15 -16 16 -18 -19 -20 -21 21 -23 23 -25 -26 29 27 -29 -30 -31
leaf_value=0.00058308827332921424 0.0027802515054299011 0.0041209466998343878 -0.0045226601720787588 0.00055164162069559102 -0.00033309732651105157 -0.0067813815099411999 0.0041785409487783906 -0.0014518581601926902 -0.0079900596046908988 -0.0027963011916856181 0.0023025098741054537 -0.0052230764366686354 0.0031341297351790477 -0.0033285687567274035 -0.0021200475554602844 0.0011020678581426973 0.0063720479635521778 -0.0041290494357235736 0.0038211400154978038 -0.00428978378844002 -0.0043368839154330398 -0.00016633818771994336 0.00058838481267610952 0.0063451992449699906 -0.004125589125959033 0.0036815668579519671 -0.0014971820900783592 0.00017444661507839997 -0.0098899066803001239 -0.00028649910707913691
leaf_weight=713 42 46 20 30 40 29 20 30 21 36 25 20 33 38 30 23 25 20 24 23 42 933 43 32 22 68 23 185 21 42
leaf_count=713 42 46 20 30 40 29 20 30 21 36 25 20 33 38 30 23 25 20 24 23 42 933 43 32 22 68 23 185 21 42
internal_value=-1.10365e-11 0.000797504 -0.000312013 -0.000268152 -0.000985711 -0.00183605 -0.00116274 -0.00171624 -0.00414406 -7.11233e-05 -0.000844283 -0.00151667 0.000447958 -0.00012027 0.000912911 0.00194687 0.00384685 -0.000752468 0.000124566 -0.00154935 -3.75259e-05 -0.000345992 0.000591668 0.00304463 0.000135163 0.00038119 -0.000343469 -0.000916378 -0.0055028 0.00216649
internal_weight=2699 759 1940 1920 467 242 213 193 51 225 142 117 189 156 118 88 48 97 77 53 1453 975 478 75 403 381 271 229 44 110
internal_count=2699 759 1940 1920 467 242 213 193 51 225 142 117 189 156 118 88 48 97 77 53 1453 975 478 75 403 381 271 229 44 110
is_linear=0
shrinkage=0.1


Tree=28
num_leaves=31
num_cat=0
split_feature=9 6 3 10 9 3 5 3 8 4 3 10 6 9 10 5 5 10 8 3 10 9 1 8 4 4 7 7 8 9
split_gain=0.0571599 0.0683574 0.0476777 0.0501511 0.0686876 0.0304428 0.0329213 0.0321506 0.0570756 0.0855257 0.080851 0.0398804 0.0293852 0.0856276 0.0436364 0.0513205 0.0741185 0.0604423 0.0303222 0.0753433 0.05038 0.0568622 0.082915 0.0459989 0.0530856 0.100182 0.0353224 0.0777462 0.0728459 0.032416
threshold=16.222303390502933 16.129797935485843 18.989957809448246 18.459301948547367 17.175343513488773 19.980977058410648 19.775094985961918 21.621900558471683 19.00317478179932 19.510127067565922 20.933710098266605 21.653555870056156 18.650430679321293 19.014306068420414 22.332874298095707 24.367860794067386 23.465167999267582 24.184733390808109 24.07590484619141 26.328480720520023 27.917815208435062 28.179731369018558 69.500000000000014 22.146557807922367 20.401401519775394 21.508452415466312 55.027532577514656 42.379907608032234 18.297430992126468 29.055979728698734
decision_type=2 2 2 2 2 2 2 2 2 2 2 2 2 2 2 2 2 2 2 2 2 2 2 2 2 2 2 2 2 2
left_child=-1 -2 3 4 -3 6 -4 8 10 -10 -7 -9 -13 -14 -15 16 -16 -17 23 -20 -21 22 -22 26 -25 -26 27 28 -19 -23
right_child=1 2 5 -5 -6 7 -8 11 9 -11 -12 12 13 14 15 17 -18 18 19 20 21 29 -24 24 25 -27 -28 -29 -30 -31
leaf_value=0.00048202818030904494 -0.0053311077378956342 0.0023824341952179869 0.00037664594904830061 0.0036778417857492281 -0.0051832579541951423 -0.0039949529962697329 -0.0046054870892678285 -0.0046894421193586742 0.007388610638944167 -0.00074653748888522389 0.0034508973788470033 -0.00367889099621347 0.0046972260250186084 0.0040693024615757172 0.00012315133616568581 0.0036779082571978083 -0.0066863515357853788 -0.0055370605632197112 0.0038956619640130824 -0.0049290503617376094 0.0045056742387823761 -0.0038436853574709065 -0.0031127557286527007 -0.0062143880924260299 0.0034855665825307375 -0.0046237026281559313 0.0028303152725264362 -0.0068769350252114239 0.0011488136434887896 -0.00050783064963554438
leaf_weight=1287 28 30 21 58 20 35 36 23 28 24 25 28 32 20 31 34 33 20 41 25 50 31 20 37 25 39 27 20 88 483
leaf_count=1287 28 30 21 58 20 35 36 23 28 24 25 28 32 20 31 34 33 20 41 25 50 31 20 37 25 39 27 20 88 483
internal_value=7.02094e-12 -0.000439356 -0.00034039 0.00167706 -0.000643843 -0.000511146 -0.00276996 -0.000405524 0.00120905 0.00363393 -0.000892515 -0.000568877 -0.000481448 -0.000396668 -0.000555852 -0.000647986 -0.003388 -0.000461432 -0.000616772 -0.000253711 -0.000533061 -0.000344876 0.00232898 -0.00153861 -0.00319918 -0.00145602 -0.000456554 -0.00114988 -8.93112e-05 -0.00070902
internal_weight=2699 1412 1384 108 50 1276 57 1219 112 52 60 1107 1084 1056 1024 1004 64 940 906 650 609 584 70 256 101 64 155 128 108 514
internal_count=2699 1412 1384 108 50 1276 57 1219 112 52 60 1107 1084 1056 1024 1004 64 940 906 650 609 584 70 256 101 64 155 128 108 514
is_linear=0
shrinkage=0.1


Tree=29
num_leaves=31
num_cat=0
split_feature=9 6 3 1 8 8 9 6 7 7 4 7 7 7 7 7 5 4 7 4 1 7 7 7 7 4 10 5 10 4
split_gain=0.0479614 0.0465335 0.0437522 0.0301192 0.0419002 0.0415945 0.0491159 0.101645 0.0286866 0.071285 0.0670875 0.0373645 0.10349 0.0310084 0.0581621 0.0379682 0.0376494 0.0440777 0.0568824 0.0486528 0.0853398 0.0683396 0.0368066 0.0270433 0.117019 0.0956533 0.0261329 0.0647834 0.0259603 0.0247082
threshold=18.003664970397953 18.027349472045902 18.542915344238285 58.500000000000007 14.667545318603517 16.171524047851566 16.421451568603519 16.489495277404789 0.58257290720939647 0.45802962779998785 26.827582359313968 1.0463753342628481 1.2382112741470339 3.643192052841187 4.1531798839569101 3.0861104726791386 22.438446998596195 34.545497894287116 5.0251681804656991 37.700254440307624 60.500000000000007 16.869636535644535 22.4524040222168 2.0900871753692631 1.9122719764709475 20.119622230529789 23.176200866699222 27.302321434021003 18.775638580322269 4.6684350967407235
decision_type=2 2 2 2 2 2 2 2 2 2 2 2 2 2 2 2 2 2 2 2 2 2 2 2 2 2 2 2 2 2
left_child=3 -2 -3 4 -1 6 29 -8 9 10 -4 26 -13 15 -15 23 -16 18 -18 -19 22 -22 -21 24 -14 -25 -10 -28 -9 -5
right_child=1 2 8 5 -6 -7 7 28 11 -11 -12 12 13 14 16 -17 17 19 -20 20 21 -23 -24 25 -26 -27 27 -29 -30 -31
leaf_value=0.00075311537488919895 -0.0041599942180751406 0.0039658242148225718 0.0028175777223493374 -0.0014529059064401272 0.0041304150555515661 0.0033080660162101449 -0.0080511454249853672 0.0026299713046423027 0.0044467025272897451 -0.0074479329772293573 -0.0047655334795126698 -0.0076006798446178444 -0.00087262691421942276 -0.004653924121179015 -0.00424959235265851 0.003731602476909757 0.0036598685498508373 -0.0053865327154316257 -0.00019362787368142656 0.0058408063696697363 -0.0059713159882891428 6.6421568810351583e-05 -0.00022603738121688367 0.00267458904182186 0.0080596496588259472 -0.0041552291049257572 -0.0029476105270010455 0.0039175759730694284 -0.0018418744238956339 0.00033543151765020175
leaf_weight=450 33 23 28 86 40 38 23 21 25 20 20 20 55 34 25 36 41 31 583 20 37 38 20 37 20 46 27 28 34 760
leaf_count=450 33 23 28 86 40 38 23 21 25 20 20 20 55 34 25 36 41 31 583 20 37 38 20 37 20 46 27 28 34 760
internal_value=-5.91889e-12 -0.000454878 -0.000354162 0.000390656 0.00102881 6.56069e-05 -6.77409e-05 -0.00246885 -0.000437587 -0.00243202 -0.000342052 -0.00031682 -0.000476571 -0.000337292 -0.000603625 0.000800801 -0.000430405 -0.000306406 5.95666e-05 -0.00187056 -0.000922776 -0.0029122 0.00280738 0.000133024 0.00150931 -0.00111061 0.00176593 0.000547394 -0.000134442 0.000153638
internal_weight=2699 1247 1214 1452 490 962 924 78 1191 68 48 1123 1043 1023 829 194 795 770 624 146 115 75 40 158 75 83 80 55 55 846
internal_count=2699 1247 1214 1452 490 962 924 78 1191 68 48 1123 1043 1023 829 194 795 770 624 146 115 75 40 158 75 83 80 55 55 846
is_linear=0
shrinkage=0.1


Tree=30
num_leaves=31
num_cat=0
split_feature=3 5 10 6 4 10 3 8 3 7 4 8 4 8 7 9 8 9 4 3 8 8 9 4 9 1 4 5 4 4
split_gain=0.0436657 0.0474359 0.034806 0.0296632 0.0321125 0.045423 0.0258154 0.0663141 0.0342712 0.035758 0.0319358 0.0238657 0.0481054 0.039734 0.0669115 0.0648958 0.0319374 0.0466286 0.0395108 0.0336136 0.0309927 0.046494 0.0301322 0.0297331 0.0849525 0.0614285 0.0498403 0.0457589 0.0400421 0.0566759
threshold=10.311457157135012 10.996593475341799 10.457745075225832 80.332885742187514 60.946918487548835 60.019359588623054 4.7265207767486581 5.0106823444366464 8.3295116424560565 3.2023737430572514 5.6950020790100107 9.2525954246521014 10.962353706359865 13.004154205322267 18.508046150207523 15.277574062347414 10.570169448852541 11.599115848541262 9.1119728088378924 11.945206165313722 11.192269325256349 10.959095478057863 10.669438362121584 12.298355102539064 16.130872726440433 64.500000000000014 11.344021797180178 15.039262771606447 13.11917018890381 13.818008899688722
decision_type=2 2 2 2 2 2 2 2 2 2 2 2 2 2 2 2 2 2 2 2 2 2 2 2 2 2 2 2 2 2
left_child=2 -2 6 4 5 11 -1 -8 -9 10 -10 22 13 15 -15 16 18 -18 -13 -20 21 -19 -3 24 25 27 -27 -14 -25 -30
right_child=1 3 -4 -5 -6 -7 7 8 9 -11 -12 12 23 14 -16 -17 17 20 19 -21 -22 -23 -24 28 -26 26 -28 -29 29 -31
leaf_value=0.0025985948879409721 -0.0045143381450325256 -0.00057588968047639355 0.0032221633142658643 -0.0039675668627023692 0.0037024681879715485 -0.0031794039422190206 -0.0025546257846358728 0.001903007836876838 -0.0043881499542571282 0.0032568685730676294 -0.00016001607513317141 0.0010411890960041292 -0.0015892066703788168 0.0053676787826892301 -0.00020876375194161368 -0.004230603278200659 0.0050723169266027124 0.0015747132345235776 0.00065014582127332688 -0.004642425576845805 0.0019719513567708581 -0.0046498351375616736 -0.0041192067546459536 0.0018525820499464794 -0.0059593652226099308 -0.0068580073770135646 -0.00063187734404992731 0.0034829241436217791 -0.0028650189074838853 -6.6374138182924886e-05
leaf_weight=54 25 120 56 20 22 48 68 158 23 23 80 82 29 48 39 27 34 28 20 30 101 21 30 99 34 20 36 46 77 1201
leaf_count=54 25 120 56 20 22 48 68 158 23 23 80 82 29 48 39 27 34 28 20 30 101 21 30 99 34 20 36 46 77 1201
internal_value=1.51745e-12 -0.000182792 0.000885076 -0.000133837 -9.88574e-05 -0.000137396 0.000562719 0.000250398 0.000922023 -0.000308101 -0.00110416 -6.85854e-05 2.3907e-05 0.000959208 0.00286789 0.000475081 0.000877149 0.00172865 -0.00030979 -0.0025254 0.00097075 -0.00109295 -0.00128455 -0.00023691 -0.00150545 -0.000349467 -0.0028555 0.0015217 -8.49064e-05 -0.000234994
internal_weight=2699 2237 462 2212 2192 2170 406 352 284 126 103 2122 1972 430 87 343 316 184 132 50 150 49 150 1542 165 131 56 75 1377 1278
internal_count=2699 2237 462 2212 2192 2170 406 352 284 126 103 2122 1972 430 87 343 316 184 132 50 150 49 150 1542 165 131 56 75 1377 1278
is_linear=0
shrinkage=0.1


Tree=31
num_leaves=31
num_cat=0
split_feature=3 8 3 9 3 10 1 3 1 9 9 1 3 5 6 4 10 7 7 5 5 3 3 1 6 6 4 7 4 4
split_gain=0.0371125 0.0696934 0.0518797 0.0342012 0.0299017 0.0338618 0.0268838 0.0345521 0.0431593 0.0311498 0.0461157 0.0290603 0.0266173 0.0622633 0.0234793 0.0266272 0.035769 0.0252317 0.112026 0.0475736 0.101003 0.0774194 0.0480014 0.0326215 0.0564265 0.0462299 0.0571671 0.0442902 0.0342968 0.0426926
threshold=5.628373622894288 5.5731048583984384 13.205774784088137 12.746935844421388 8.3295116424560565 9.0227513313293475 58.500000000000007 10.669550418853762 55.500000000000007 10.886774063110353 11.599115848541262 66.500000000000014 13.746175289154055 13.710442543029787 80.332885742187514 60.946918487548835 60.019359588623054 55.027532577514656 42.379907608032234 52.863252639770515 46.285648345947273 48.14656066894532 41.496656417846687 54.500000000000007 35.479139328002937 33.981397628784187 29.852449417114261 0.26102998852729803 8.1008234024047869 11.071249485015869
decision_type=2 2 2 2 2 2 2 2 2 2 2 2 2 2 2 2 2 2 2 2 2 2 2 2 2 2 2 2 2 2
left_child=-1 -2 3 4 -3 -6 7 -7 -9 -8 -11 -12 13 -4 15 16 17 18 19 20 22 -22 23 -14 25 26 27 -25 -29 -30
right_child=1 2 12 -5 5 6 9 8 -10 10 11 -13 14 -15 -16 -17 -18 -19 -20 -21 21 -23 -24 24 -26 -27 -28 28 29 -31
leaf_value=0.0019003236083069233 -0.002888591306503205 0.0019197868507493427 0.00062259636353701354 0.0035333095330067656 -0.002869722702907342 0.0034560242932739449 -0.00092144930765753982 -0.0026716660349241769 0.002569039682787138 0.0043553649807687505 -0.0026787991182775136 0.0022173548011447898 0.0011010925793768296 -0.0062109586724545807 -0.0035708101559430365 0.0033322215080261231 -0.0028614634681919902 0.0014163945137764902 -0.0045863065082812687 0.0037801869388204069 -0.0086332818279818944 -0.0007570642093644263 0.0034479421647847634 0.0036133900044425845 -0.0041514966843856707 0.0046331145241856574 -0.0050464215222746139 -0.0022286265930809269 0.0014174360101872193 -0.0003300043761755123
leaf_weight=99 85 135 30 44 33 58 164 30 33 33 27 22 208 24 20 22 48 104 56 32 24 26 40 31 36 20 24 79 164 948
leaf_count=99 85 135 30 44 33 58 164 30 33 33 27 22 208 24 20 22 48 104 56 32 24 26 40 31 36 20 24 79 164 948
internal_value=-4.02348e-13 -7.23585e-05 2.28224e-05 0.000853329 0.000632919 0.000198601 0.0004745 0.00169486 7.34655e-05 -0.000125758 0.00146563 -0.000480526 -0.000225557 -0.00241454 -0.000162749 -0.000126143 -0.000167493 -9.53328e-05 -0.000188472 -3.75663e-05 -0.000113921 -0.00453765 2.87795e-05 -6.17944e-05 -0.00024757 -0.000136558 -0.000213118 -0.000118192 -0.00021532 -7.22883e-05
internal_weight=2699 2600 2515 579 535 400 367 121 63 246 82 49 1936 54 1882 1862 1840 1792 1688 1632 1600 50 1550 1510 1302 1266 1246 1222 1191 1112
internal_count=2699 2600 2515 579 535 400 367 121 63 246 82 49 1936 54 1882 1862 1840 1792 1688 1632 1600 50 1550 1510 1302 1266 1246 1222 1191 1112
is_linear=0
shrinkage=0.1


Tree=32
num_leaves=31
num_cat=0
split_feature=1 4 4 5 3 8 4 8 7 4 6 4 4 8 4 4 9 5 5 8 3 8 9 3 7 1 1 7 4 4
split_gain=0.0324674 0.045109 0.0760686 0.0393526 0.0275222 0.039229 0.028801 0.0327525 0.0259193 0.0417753 0.0442686 0.0638652 0.0604393 0.0707064 0.040348 0.0761571 0.0370618 0.0440229 0.0451022 0.0659685 0.0569992 0.0427687 0.0579345 0.0354605 0.0352 0.0415375 0.042617 0.0330526 0.0322968 0.0321243
threshold=63.500000000000007 33.957532882690437 41.76245307922364 58.240224838256843 7.9330875873565683 5.6709382534027108 5.2554941177368173 7.002249240875245 2.0900871753692631 23.465190887451175 25.688879966735843 20.401401519775394 18.772157669067386 19.00317478179932 16.607243537902836 15.686934947967531 19.483583450317386 18.679253578186039 16.790719985961918 12.133285999298097 17.995794296264652 15.908624172210695 15.58656692504883 39.515556335449226 1.5547550320625307 72.500000000000014 64.500000000000014 0.63449335098266613 17.21136569976807 21.508452415466312
decision_type=2 2 2 2 2 2 2 2 2 2 2 2 2 2 2 2 2 2 2 2 2 2 2 2 2 2 2 2 2 2
left_child=4 8 -3 -4 -1 -6 -7 -8 24 10 11 12 13 14 15 16 17 18 19 -10 -20 22 -19 29 25 26 -2 -27 -15 -12
right_child=1 2 3 -5 5 6 7 -9 9 -11 23 -13 -14 28 -16 -17 -18 21 20 -21 -22 -23 -24 -25 -26 27 -28 -29 -30 -31
leaf_value=0.0014689042355356557 -0.0024631321340187473 -0.0063373236606518437 0.0029961329842494292 -0.0021837647803212433 -0.0031914856832693608 0.0027942883753661763 -0.0037545378319919112 0.00023074534452493874 -0.0013694428402429993 0.0012241026438009164 -0.0022765199229230777 0.0042805697317257561 -0.0054046856653359211 0.0055447306381538513 0.0029406983982771637 -0.0069205914962698111 -0.0040756196644382943 0.0039494103064778479 -0.0062503677223705589 0.0041870880946516991 0.00012265386707756829 0.0044007458424727827 -0.0016120132700446297 0.0004745713523810818 0.0023360839982230503 9.9220175158094479e-05 0.00092995911433984679 -0.0046865771288550255 0.00051078694209886284 -0.0069459747460384209
leaf_weight=184 43 33 22 44 34 43 21 1145 147 111 34 26 27 25 25 22 33 26 36 25 23 28 67 21 78 27 266 31 26 26
leaf_count=184 43 33 22 44 34 43 21 1145 147 111 34 26 27 25 25 22 33 26 36 25 23 28 67 21 78 27 266 31 26 26
internal_value=-7.47342e-13 -0.000367359 -0.0024172 -0.000457132 0.000327456 0.000158489 0.000252699 0.000158969 -0.000194355 -0.000561871 -0.000883172 -0.000553893 -0.000800355 -0.00054297 -0.000958689 -0.00119821 -0.000871215 -0.000570802 -0.00138019 -0.000561808 -0.00376597 0.000974386 -5.72067e-05 -0.00306211 0.000406886 -3.13489e-06 0.000457781 -0.00245871 0.00297841 -0.00429995
internal_weight=2699 1272 99 66 1427 1243 1209 1166 1173 728 617 536 510 483 432 407 385 352 231 172 59 121 93 81 445 367 309 58 51 60
internal_count=2699 1272 99 66 1427 1243 1209 1166 1173 728 617 536 510 483 432 407 385 352 231 172 59 121 93 81 445 367 309 58 51 60
is_linear=0
shrinkage=0.1


Tree=33
num_leaves=31
num_cat=0
split_feature=1 3 8 3 10 9 8 1 3 9 7 9 3 5 8 8 9 8 4 8 4 8 1 4 9 1 10 8 4 4
split_gain=0.0273915 0.0286349 0.0503529 0.0339914 0.023237 0.0245017 0.0394972 0.0299013 0.029367 0.0320327 0.0285768 0.0341709 0.0469708 0.0284922 0.0313518 0.0240289 0.0217084 0.0568631 0.0306814 0.0343586 0.048099 0.0419117 0.0433041 0.0342095 0.0516912 0.0523505 0.0420824 0.0281507 0.0258233 0.0478676
threshold=45.500000000000007 5.628373622894288 5.5731048583984384 8.5217914581298846 9.0227513313293475 7.8962821960449228 7.4059536457061776 57.500000000000007 13.205774784088137 12.746935844421388 1.3519923686981203 10.669438362121584 10.311457157135012 12.959892749786379 11.138393878936769 8.5820455551147479 10.809592247009279 10.448056697845461 10.962353706359865 14.785843849182131 8.1008234024047869 12.424730300903322 59.500000000000007 12.298355102539064 17.7054557800293 64.500000000000014 14.812279224395754 12.322328090667726 13.11917018890381 13.818008899688722
decision_type=2 2 2 2 2 2 2 2 2 2 2 2 2 2 2 2 2 2 2 2 2 2 2 2 2 2 2 2 2 2
left_child=-1 -2 -3 -4 -5 -6 7 -7 9 10 13 12 -12 14 -8 -14 -10 -18 19 20 27 -22 -23 24 25 26 -20 -19 -25 -30
right_child=1 2 3 4 5 6 8 -9 16 -11 11 -13 15 -15 -16 -17 17 18 23 -21 21 22 -24 28 -26 -27 -28 -29 29 -31
leaf_value=0.0022955163948091806 0.0016605062331808242 -0.0025610463524145294 0.0014804693288995442 -0.0030912705491153666 0.0031626289345971915 -0.0004982284083962441 -0.00055022795732939916 -0.0059664395789150153 0.0021820477735427384 0.0034103859556702584 0.0043840851133046229 0.0035197360517206389 0.001086321058040806 -0.0039910294488072397 0.0037117100600153208 -0.0027815612719374865 -0.0031931565710749512 -0.00021716219683488213 -0.0029495777457486838 0.0037071473474891204 -0.00010309931467813642 -0.00047169521218165761 0.0052515588933601982 0.0015219633709334414 -0.0065552599185139115 -0.0036256894521001313 0.0026027041563201092 -0.0052970073465257884 -0.002740281595848501 -0.00014082226032444771
leaf_weight=51 95 81 141 26 23 20 126 20 37 41 21 52 29 20 20 36 64 24 20 37 92 20 39 84 20 45 43 20 75 1277
leaf_count=51 95 81 141 26 23 20 126 20 37 41 21 52 29 20 20 36 64 24 20 37 92 20 39 84 20 45 43 20 75 1277
internal_value=-2.45129e-12 -4.42112e-05 -0.000107646 -2.72551e-05 -0.000118456 -8.49231e-05 -0.000117655 -0.00323233 -6.20852e-05 0.000786579 0.000432711 0.00149608 0.000272475 -0.000451296 3.35992e-05 -0.00105589 -0.000216428 -0.00026414 -0.000159765 0.00091338 0.000383281 0.00123107 0.00331147 -0.000318953 -0.00188544 -0.00102066 0.000840075 -0.00252618 -0.000179322 -0.000285023
internal_weight=2699 2648 2553 2472 2331 2305 2282 40 2242 345 304 138 86 166 146 65 1897 1860 1796 232 195 151 59 1564 128 108 63 44 1436 1352
internal_count=2699 2648 2553 2472 2331 2305 2282 40 2242 345 304 138 86 166 146 65 1897 1860 1796 232 195 151 59 1564 128 108 63 44 1436 1352
is_linear=0
shrinkage=0.1


Tree=34
num_leaves=31
num_cat=0
split_feature=1 7 9 10 5 4 5 7 7 7 7 9 6 5 1 3 8 7 6 8 8 3 9 8 9 9 8 8 9 9
split_gain=0.0259176 0.0366472 0.0571391 0.0508865 0.074747 0.0575127 0.0550152 0.0530846 0.0297472 0.0798931 0.0532439 0.0401089 0.051927 0.0344183 0.0336306 0.0297532 0.0773072 0.0628851 0.0546397 0.0471794 0.0376466 0.0423401 0.0397683 0.0583168 0.121115 0.0598451 0.0349376 0.0554351 0.0681368 0.0449965
threshold=70.500000000000014 5.6879727840423593 30.662393569946296 25.111416816711429 21.662061691284183 15.120884418487551 16.916385650634769 0.47867316007614141 3.5814664363861088 3.772024512290955 3.4335341453552251 51.237966537475593 56.836801528930671 53.88703918457032 60.500000000000007 45.996196746826179 37.09680366516114 44.160062789916999 35.048412322998054 34.768505096435554 25.966817855834964 31.222386360168461 27.374521255493168 23.243500709533695 24.722529411315922 26.212641716003422 21.555943489074711 18.154817581176761 20.371492385864261 20.902315139770511
decision_type=2 2 2 2 2 2 2 2 2 2 2 2 2 2 2 2 2 2 2 2 2 2 2 2 2 2 2 2 2 2
left_child=8 2 3 4 5 6 7 -2 10 -10 -1 13 -13 15 -14 16 18 -17 20 -20 22 -22 23 24 26 -25 27 28 -11 -29
right_child=1 -3 -4 -5 -6 -7 -8 -9 9 11 -12 12 14 -15 -16 17 -18 -19 19 -21 21 -23 -24 25 -26 -27 -28 29 -30 -31
leaf_value=0.00038749258145781405 -0.0052471136851679721 0.00048051628737283848 -0.0064401260661807935 0.002450733181253514 -0.0070843311026692396 0.0032119832725988496 -0.0065426344051957132 0.0005048373093493009 -0.0053138145933917264 7.2343346901465583e-05 0.0048834257310739274 -0.0060248547866940498 0.0023947620359451877 0.0036617320004062588 -0.0025563326778544307 -0.005030654034944195 0.0062562200706452135 0.0019694421617757708 -0.0069008378311991693 -0.00027425841174342418 0.0049704562174156313 0.00068530312224740757 -0.0028376030725194143 0.00021176044123642375 -0.0060949555912167969 0.0065599662984755849 -0.0034986997327695678 0.0049617534899152813 -0.0052639277540147307 0.00077861732020715463
leaf_weight=1079 21 137 22 34 23 27 21 68 30 558 27 25 23 26 34 33 20 21 21 22 31 90 50 33 33 27 26 40 25 72
leaf_count=1079 21 137 22 34 23 27 21 68 30 558 27 25 23 26 34 33 20 21 21 22 31 90 50 33 33 27 26 40 25 72
internal_value=3.09599e-12 -0.000798864 -0.00161032 -0.00106261 -0.0018092 -0.000923593 -0.00193869 -0.000852365 0.000120204 -0.000216095 0.000497249 -8.97054e-05 -0.00222509 6.55262e-05 -0.000558523 -1.93208e-05 9.86277e-05 -0.00230839 -2.11698e-05 -0.00351049 0.000131156 0.00178315 -0.0001002 6.79453e-05 -0.000170822 0.00306845 0.000100324 0.000234964 -0.000156485 0.00227259
internal_weight=2699 353 216 194 160 137 110 89 2346 1240 1106 1210 82 1128 57 1102 1048 54 1028 43 985 121 864 814 754 60 721 695 583 112
internal_count=2699 353 216 194 160 137 110 89 2346 1240 1106 1210 82 1128 57 1102 1048 54 1028 43 985 121 864 814 754 60 721 695 583 112
is_linear=0
shrinkage=0.1


Tree=35
num_leaves=31
num_cat=0
split_feature=9 6 3 3 7 7 4 7 7 7 1 7 5 3 10 9 5 5 8 4 8 7 7 7 1 1 7 4 4 7
split_gain=0.0222361 0.0382722 0.0377288 0.0344364 0.0261154 0.0551341 0.0495388 0.030439 0.085474 0.0227252 0.0205024 0.0233025 0.0215897 0.0268975 0.0249452 0.0680724 0.055775 0.0519673 0.0316555 0.0241269 0.0288098 0.0203586 0.0509826 0.0286625 0.0251783 0.0341896 0.0677962 0.0328538 0.0528711 0.0431964
threshold=18.003664970397953 18.149212837219242 18.542915344238285 24.071063995361332 0.58257290720939647 0.45802962779998785 26.827582359313968 1.0463753342628481 1.2382112741470339 0.79333099722862255 49.500000000000007 19.29579067230225 21.404868125915531 20.452512741088871 17.919202804565433 16.352540969848636 18.850534439086918 19.588351249694828 15.278325557708742 14.096992969512941 13.865504264831545 3.643192052841187 4.1531798839569101 3.0861104726791386 51.500000000000007 55.500000000000007 16.869636535644535 32.652412414550788 26.827582359313968 12.227939605712892
decision_type=2 2 2 2 2 2 2 2 2 2 2 2 2 2 2 2 2 2 2 2 2 2 2 2 2 2 2 2 2 2
left_child=3 -2 -3 10 5 6 -4 9 -9 -6 -1 12 13 14 15 18 -16 -18 19 20 -12 23 -23 -10 -24 26 -26 28 -27 -29
right_child=1 2 4 -5 7 -7 -8 8 21 -11 11 -13 -14 -15 16 -17 17 -19 -20 -21 -22 22 24 -25 25 27 -28 29 -30 -31
leaf_value=0.0015758624398149552 -0.0033143513404378083 0.0040995742566883563 0.0023702125813412881 0.0036188523657619954 -0.00014826372886697452 -0.0065941665507853039 -0.0041460602715960712 -0.0067834104783833036 0.00015929286321035672 0.0032395625778008255 6.794896976588357e-05 -0.0018018426780115754 0.0032196641292419215 -0.0031875786936022147 0.0058006958952173593 -0.0044862074973934796 -0.0021529786455898713 0.0032389247197319167 0.0038639193643694339 -0.0030205252735565108 0.0025284060750564094 -0.0042501854159953919 0.001544409075520687 0.0032859327892462414 0.00045636466621592835 -0.00025442521126540786 -0.0056437536342335603 -0.0038338304013730245 0.0025586851928501003 -0.0001494217808812675
leaf_weight=100 41 20 28 30 36 20 20 20 158 44 987 62 23 24 25 32 39 33 23 24 50 33 72 36 38 433 35 52 79 82
leaf_count=100 41 20 28 30 36 20 20 20 158 44 987 62 23 24 25 32 39 33 23 24 50 33 72 36 38 433 35 52 79 82
internal_value=-1.07037e-12 -0.000309726 -0.000207579 0.000265998 -0.000280212 -0.00218292 -0.000344901 -0.000164484 -0.000309341 0.00171504 0.000195262 9.08296e-05 0.000183961 0.000127517 0.000193108 5.94129e-05 0.0017313 0.00031831 0.000193601 0.000114037 0.000186582 -0.000182149 -0.000399138 0.000739494 -0.000238475 -0.000417012 -0.00246835 -0.000185204 0.000179629 -0.00157919
internal_weight=2699 1247 1206 1452 1186 68 48 1118 1038 80 1422 1322 1260 1237 1213 1116 97 72 1084 1061 1037 1018 824 194 791 719 73 646 512 134
internal_count=2699 1247 1206 1452 1186 68 48 1118 1038 80 1422 1322 1260 1237 1213 1116 97 72 1084 1061 1037 1018 824 194 791 719 73 646 512 134
is_linear=0
shrinkage=0.1


Tree=36
num_leaves=31
num_cat=0
split_feature=1 7 9 10 5 4 5 7 10 3 5 3 3 4 6 9 3 3 4 6 7 7 5 3 5 5 3 3 10 10
split_gain=0.0200277 0.0288008 0.0442519 0.0407825 0.0597323 0.045082 0.0413354 0.042699 0.0229237 0.0222693 0.0284233 0.0908806 0.0692321 0.0287102 0.034814 0.0350252 0.0280516 0.0418195 0.0355187 0.043245 0.0288058 0.0324227 0.0260283 0.0221012 0.0276405 0.0393317 0.032011 0.0634911 0.0541273 0.0878721
threshold=70.500000000000014 5.6879727840423593 30.662393569946296 25.111416816711429 21.662061691284183 15.120884418487551 16.916385650634769 0.47867316007614141 62.289512634277351 54.580209732055671 46.285648345947273 48.14656066894532 50.877847671508796 33.289611816406257 35.048412322998054 34.357830047607429 40.227567672729499 35.099555969238288 20.73768520355225 31.515843391418461 55.027532577514656 44.160062789916999 42.496219635009773 32.98735427856446 32.640361785888679 31.879885673522953 29.949612617492679 30.655202865600589 27.917815208435062 26.756295204162605
decision_type=2 2 2 2 2 2 2 2 2 2 2 2 2 2 2 2 2 2 2 2 2 2 2 2 2 2 2 2 2 2
left_child=8 2 3 4 5 6 7 -2 9 10 13 -12 -13 14 15 16 17 20 -19 -20 21 23 -15 24 25 26 28 -28 29 -1
right_child=1 -3 -4 -5 -6 -7 -8 -9 -10 -11 11 12 -14 22 -16 -17 -18 18 19 -21 -22 -23 -24 -25 -26 -27 27 -29 -30 -31
leaf_value=0.00023357908702853616 -0.0047148687676304866 0.00043193159916397373 -0.0056719986891204666 0.0022056493771207687 -0.0063236212955139898 0.0028451734304393607 -0.0057057321093799103 0.00044382347116826335 -0.0017760777055093693 0.0024117818546243188 -0.0062169886418971532 0.004579752113670111 -0.0026011944330971821 0.0049332615714471712 -0.0028685119664786682 0.0038331379505017632 0.0037756598122151834 -0.0059236796200275426 0.0022559684098020874 -0.0041689303587190809 0.0037007963899826713 -0.0036762075414034454 0.00011252369620792923 0.0027907323186809664 -0.0027734662813600156 0.0039796007907069806 -0.0060695751368863666 0.0010630436062526246 0.0032931699544530022 -0.003902300401098745
leaf_weight=1671 21 137 22 34 23 27 21 68 63 43 29 25 29 24 38 26 21 20 22 20 23 22 21 32 32 27 24 26 55 53
leaf_count=1671 21 137 22 34 23 27 21 68 63 43 29 25 29 24 38 26 21 20 22 20 23 22 21 32 32 27 24 26 55 53
internal_value=-3.43728e-12 -0.000702248 -0.00142161 -0.000939609 -0.00160798 -0.000816299 -0.00171502 -0.000773396 0.000105666 0.000157594 0.000114321 -0.00170161 0.000723318 0.000184197 0.000130943 0.000185899 0.000139597 0.000101926 -0.00245518 -0.000803507 0.000182609 0.000140941 0.00268358 0.000184679 0.000140509 0.00019075 0.000134818 -0.00236061 0.000204954 0.000106432
internal_weight=2699 353 216 194 160 137 110 89 2346 2283 2240 83 54 2157 2112 2074 2048 2027 62 42 1965 1942 45 1920 1888 1856 1829 50 1779 1724
internal_count=2699 353 216 194 160 137 110 89 2346 2283 2240 83 54 2157 2112 2074 2048 2027 62 42 1965 1942 45 1920 1888 1856 1829 50 1779 1724
is_linear=0
shrinkage=0.1


Tree=37
num_leaves=31
num_cat=0
split_feature=3 8 3 1 7 7 10 7 7 6 9 7 7 9 8 1 3 7 5 5 5 5 3 9 7 1 6 8 4 7
split_gain=0.0190822 0.0458954 0.0264921 0.0233076 0.0209263 0.0325687 0.0200308 0.0193785 0.0671397 0.0415385 0.0290055 0.0206936 0.0190589 0.0184802 0.0334641 0.022784 0.020924 0.0248342 0.0160145 0.0423465 0.0210032 0.0194237 0.0218245 0.0206349 0.0416095 0.0638861 0.0168044 0.0166719 0.0362932 0.0495933
threshold=5.628373622894288 5.5731048583984384 8.5217914581298846 45.500000000000007 123.35581588745119 83.128631591796889 9.0227513313293475 42.379907608032234 55.027532577514656 25.688879966735843 24.943508148193363 39.188592910766609 168.79789733886722 7.8962821960449228 7.4059536457061776 57.500000000000007 9.839877128601076 0.96421614289283764 11.492195606231691 12.002683639526369 10.735248088836672 12.273149013519287 13.067535400390627 10.886774063110353 1.4159386157989504 66.500000000000014 10.597020626068117 12.424730300903322 10.874448776245119 18.508046150207523
decision_type=2 2 2 2 2 2 2 2 2 2 2 2 2 2 2 2 2 2 2 2 2 2 2 2 2 2 2 2 2 2
left_child=-1 -2 -3 -4 5 6 -5 11 10 -10 -9 13 -6 -8 15 -15 17 -16 20 26 -18 -21 23 -23 25 -25 -20 -24 29 -29
right_child=1 2 3 4 12 -7 7 8 9 -11 -12 -13 -14 14 16 -17 18 -19 19 21 -22 22 27 24 -26 -27 -28 28 -30 -31
leaf_value=0.0013626418245786971 -0.0023372608515509295 0.0013279845386895599 0.0024346562670355012 -0.0028535653605593746 -0.004514601062983274 0.003278713233383565 0.0027890155243727823 -0.00063874859915813431 0.0046459366645043099 -0.00095037669978208022 -0.0053436170473057584 0.0026599316568724045 -0.00050193754442293072 -0.00053890879265964034 -3.9323904749118922e-05 -0.0053121686037047771 0.00064257262811924412 0.0040097348292225171 0.0011618545776582324 -0.0028456509765237572 -0.0029907262841489439 -0.00112975025436871 -0.00091520015098582065 -0.0027522412155355728 0.003966244855154382 0.0037219126881272708 0.0052611678559333092 0.0034606142944539897 -0.00014403440421974955 -0.0014668640075251461
leaf_weight=99 85 147 37 26 20 29 23 20 21 36 38 29 29 20 33 20 26 28 20 25 41 31 238 35 49 27 20 64 1353 30
leaf_count=99 85 147 37 26 20 29 23 20 21 36 38 29 29 20 33 20 26 28 20 25 41 31 238 35 49 27 20 64 1353 30
internal_value=-4.09098e-12 -5.18852e-05 2.53541e-05 -5.55102e-05 -9.50366e-05 -5.11315e-05 -9.39924e-05 -6.17747e-05 -0.00132592 0.00111142 -0.00372125 7.05926e-06 -0.00213976 -2.98746e-05 -6.13477e-05 -0.00292554 -4.63103e-06 0.00181926 -6.1424e-05 -7.61981e-06 -0.00158079 -7.71475e-05 -3.92643e-05 0.00115132 0.00178837 6.71484e-05 0.00321151 -0.000139598 -1.20284e-05 0.00188801
internal_weight=2699 2600 2515 2368 2331 2282 2253 2227 115 57 58 2112 49 2083 2060 40 2020 61 1959 1892 67 1852 1827 142 111 62 40 1685 1447 94
internal_count=2699 2600 2515 2368 2331 2282 2253 2227 115 57 58 2112 49 2083 2060 40 2020 61 1959 1892 67 1852 1827 142 111 62 40 1685 1447 94
is_linear=0
shrinkage=0.1


Tree=38
num_leaves=31
num_cat=0
split_feature=1 8 8 7 8 7 3 10 1 9 6 6 9 5 9 4 10 1 5 7 10 3 7 4 9 4 10 3 4 3
split_gain=0.0177601 0.0223677 0.0851762 0.0601995 0.0588953 0.0394719 0.0420907 0.0508919 0.0302584 0.0217083 0.0322872 0.0342977 0.0554852 0.0429037 0.062752 0.0461637 0.0347124 0.0341907 0.0351341 0.0278795 0.0389952 0.0544578 0.032882 0.0285562 0.0285788 0.059287 0.0469245 0.0310892 0.0257898 0.0257352
threshold=63.500000000000007 31.30210113525391 28.274835586547855 1.4465516209602358 27.248775482177738 3.5814664363861088 45.309858322143562 39.953729629516609 67.500000000000014 28.875040054321293 27.383481979370121 25.688879966735843 26.557673454284672 24.367860794067386 21.664365768432621 20.401401519775394 24.776497840881351 68.500000000000014 27.904229164123539 2.2127965688705449 7.66556739807129 6.0037295818328866 2.4261336326599126 7.3728647232055673 15.407477378845217 16.992679595947269 13.540717124938967 10.522937297821047 21.640923500061039 14.020976543426515
decision_type=2 2 2 2 2 2 2 2 2 2 2 2 2 2 2 2 2 2 2 2 2 2 2 2 2 2 2 2 2 2
left_child=-1 2 4 -3 9 -5 7 -7 -8 10 11 13 -13 14 19 16 -15 18 -18 20 21 -2 -21 -22 26 -26 27 -25 -17 -28
right_child=1 3 -4 5 -6 6 8 -9 -10 -11 -12 12 -14 15 -16 28 17 -19 -20 22 23 -23 -24 24 25 -27 29 -29 -30 -31
leaf_value=0.00024218787550512089 0.0016081319613890214 -0.0062276727265932344 0.0044804691074368285 0.0032876711804419759 -0.0055208912828848475 -0.0023219870706088839 -0.0048575113287993845 0.0047264278023725469 -0.00093713761100338569 -0.0029191894905774723 0.0032519990786178303 -0.0060859979093074801 0.00045190327504382439 0.0035900642508235967 -0.0054964828001254282 0.0058619198774726225 -0.0017158248853361745 -0.0032594786406579344 0.0040752961646649058 -0.0040857868718116412 0.0034869299745575212 -0.0049897542737167462 -0.00052953491808643827 -0.0010395356958421567 0.0038563090452225879 -0.0010423755688991931 -0.0053805925207035176 0.0021783399150056178 0.0014791150439996273 -0.0010185631880487659
leaf_weight=1427 22 22 39 22 21 20 35 21 45 28 28 25 27 23 23 29 22 33 20 28 36 29 364 51 60 42 21 73 25 38
leaf_count=1427 22 22 39 22 21 20 35 21 45 28 28 25 27 23 23 29 22 33 20 28 36 29 364 51 60 42 21 73 25 38
internal_value=-1.66391e-12 -0.0002717 -0.000109804 -0.00135787 -0.000277427 -0.000608672 -0.0013171 0.00128818 -0.0026523 -0.000172257 -9.67767e-05 -0.000191394 -0.00269132 -5.2953e-05 -0.000350016 0.00148513 0.000191494 -0.000850734 0.00104185 -0.000195084 0.000425024 -0.00214361 -0.000783553 0.000833124 0.000497907 0.0018392 -0.000249701 0.000854859 0.00383284 -0.00257115
internal_weight=2699 1272 1107 165 1068 143 121 41 80 1047 1019 991 52 939 787 152 98 75 42 764 372 51 392 321 285 102 183 124 54 59
internal_count=2699 1272 1107 165 1068 143 121 41 80 1047 1019 991 52 939 787 152 98 75 42 764 372 51 392 321 285 102 183 124 54 59
is_linear=0
shrinkage=0.1


Tree=39
num_leaves=31
num_cat=0
split_feature=1 7 10 8 8 8 8 3 5 5 8 10 5 3 3 9 6 3 4 8 4 6 8 10 9 9 4 10 4 8
split_gain=0.0169657 0.0189694 0.0197323 0.0400797 0.0382328 0.0312028 0.0308014 0.0162254 0.0372208 0.0228605 0.0368315 0.0342615 0.0341937 0.0242312 0.0194704 0.0382187 0.0193286 0.0216919 0.0182528 0.015266 0.0278415 0.0258563 0.0286136 0.0270771 0.0197764 0.0177449 0.0329293 0.0392134 0.0407161 0.0463975
threshold=72.500000000000014 21.003843307495121 26.100361824035648 17.897568702697757 29.239522933959964 13.865504264831545 11.045238971710207 9.839877128601076 9.8002691268920916 11.723321914672853 10.061526775360109 11.444210052490236 10.547412395477297 11.048996448516847 8.7348480224609393 7.8962821960449228 7.4894168376922616 6.92445993423462 4.3637292385101327 9.0249495506286639 6.4067900180816659 11.145631313323976 10.570169448852541 13.540717124938967 9.8050098419189471 16.772529602050785 14.170979976654055 30.904049873352054 13.11917018890381 16.385704994201664
decision_type=2 2 2 2 2 2 2 2 2 2 2 2 2 2 2 2 2 2 2 2 2 2 2 2 2 2 2 2 2 2
left_child=7 2 3 5 -4 6 -2 8 14 10 12 -11 -9 -14 16 -16 17 -1 -19 24 -21 -22 23 -23 -13 -24 27 28 -27 -30
right_child=1 -3 4 -5 -6 -7 -8 9 -10 11 -12 19 13 -15 15 -17 -18 18 -20 20 21 22 25 -25 -26 26 -28 -29 29 -31
leaf_value=0.00083063579093712041 -0.0022830245807441921 0.0015439739657772912 -0.0058327010599896313 0.0024548896843747748 -6.1314708595587442e-05 -0.0040947240013766159 0.0026432071166875015 0.00047117689110595602 0.0025079598233980292 0.0033876083079182233 0.0024136075004935267 0.00025619729408803821 -0.005854822006741805 -0.0017964342030257199 0.001550719679798931 -0.0035388574676795143 0.0026827725944005782 -0.0036745269317179918 -0.00017241981366406317 0.003118664237012252 0.0024790477579766206 -0.0051701401546597487 0.00051746547851219064 -0.00077700852143994356 -0.0026788839497688365 -0.00098541220754719857 8.690567281241936e-06 0.0023539653852243316 -0.0016697850845483354 -0.0082554926397278901
leaf_weight=158 30 27 24 31 22 34 22 29 85 30 20 44 28 31 25 36 36 22 46 29 41 20 504 47 48 89 1076 22 23 20
leaf_count=158 30 27 24 31 22 34 22 29 85 30 20 44 28 31 25 36 36 22 46 29 41 20 504 47 48 89 1076 22 23 20
internal_value=7.07094e-12 -0.000911082 -0.00131775 -0.000627857 -0.00307247 -0.00173908 -0.00019885 6.89939e-05 0.000646066 -4.30697e-05 -0.00146008 3.37174e-05 -0.00234046 -0.00372245 0.000156094 -0.00145297 0.000530723 0.000187918 -0.00130545 -1.75392e-05 4.42995e-05 -4.10258e-06 -6.06318e-05 -0.00208839 -0.00127515 1.77187e-05 -0.000187056 -0.00155474 -0.00220619 -0.0047329
internal_weight=2699 190 163 117 46 86 52 2509 408 2101 108 1993 88 59 323 61 262 226 68 1963 1871 1842 1801 67 92 1734 1230 154 132 43
internal_count=2699 190 163 117 46 86 52 2509 408 2101 108 1993 88 59 323 61 262 226 68 1963 1871 1842 1801 67 92 1734 1230 154 132 43
is_linear=0
shrinkage=0.1


Tree=40
num_leaves=31
num_cat=0
split_feature=7 7 7 8 5 9 7 7 8 3 8 1 1 7 5 3 8 6 5 5 5 5 9 9 4 4 3 5 8 4
split_gain=0.0144434 0.0226365 0.0786802 0.0284457 0.0275443 0.022109 0.0216606 0.01865 0.0151457 0.0139119 0.0324062 0.020858 0.0131143 0.023935 0.0301576 0.0284916 0.0397274 0.0256959 0.0153932 0.0840863 0.0723006 0.0345186 0.0170892 0.0489994 0.0459826 0.0311012 0.016534 0.0363989 0.0222682 0.0618642
threshold=123.35581588745119 55.027532577514656 44.160062789916999 36.447523117065437 41.718050003051765 26.212641716003422 40.066024780273445 168.79789733886722 18.507039070129398 4.4582238197326669 4.0516512393951425 45.500000000000007 72.500000000000014 11.046025276184084 29.736239433288578 20.6795768737793 14.667545318603517 11.145631313323976 52.863252639770515 58.240224838256843 49.683567047119148 73.079502105712905 42.912139892578132 40.187406539916999 33.289611816406257 31.773519515991214 38.839145660400398 37.042945861816413 27.725950241088871 27.322084426879886
decision_type=2 2 2 2 2 2 2 2 2 2 2 2 2 2 2 2 2 2 2 2 2 2 2 2 2 2 2 2 2 2
left_child=1 2 6 4 8 -4 9 -2 -3 -1 -11 -12 18 14 15 16 17 -14 20 -20 22 -21 23 24 25 26 27 28 -13 -30
right_child=7 3 5 -5 -6 -7 -8 -9 -10 10 11 12 13 -15 -16 -17 -18 -19 19 21 -22 -23 -24 -25 -26 -27 -28 -29 29 -31
leaf_value=0.0017852054633708163 -0.0040491714654490351 0.0030864599233609625 -0.0016726279084611198 -0.001125123213838648 0.0057114543393254284 -0.0058917671648992436 0.002726164981722832 -0.00010687755265583596 -0.00071580691030249 -0.0033318017063469724 0.002240080689357239 2.5761335013173354e-05 -0.0030236310057807714 0.0018344578333199025 -0.0042441395898189013 0.0015650734699402865 -0.0050312427347525956 0.0015188969303077708 0.0064717684669987029 -0.0033428224663321787 -0.0059739934280514722 0.0021082178201703799 0.0023975887072963582 -0.00436816754937172 0.0041854511963686459 -0.0037971936875865575 0.0029321809858083728 -0.0035374285295672182 0.0051174196985812161 -0.00066121381400576374
leaf_weight=44 20 22 23 27 21 27 30 30 20 29 42 1872 20 28 29 39 25 33 23 26 20 21 31 25 27 21 20 28 32 44
leaf_count=44 20 22 23 27 21 27 30 30 20 29 42 1872 20 28 29 39 25 33 23 26 20 21 31 25 27 21 20 28 32 44
internal_value=-2.14532e-12 3.17817e-05 -2.30396e-05 0.00159054 0.00275439 -0.00395096 5.5237e-05 -0.0016838 0.00127586 2.29144e-05 -8.92989e-06 3.11214e-05 -8.12412e-06 -0.000843721 -0.00135734 -0.000641814 -0.00174526 -0.000195265 5.82658e-05 0.00151728 1.00906e-05 -0.000907251 6.70819e-05 3.21637e-05 8.59838e-05 3.11075e-05 7.13852e-05 4.24298e-05 9.38856e-05 0.0017719
internal_weight=2699 2649 2559 90 63 50 2509 50 42 2479 2435 2406 2364 174 146 117 78 53 2190 70 2120 47 2100 2069 2044 2017 1996 1976 1948 76
internal_count=2699 2649 2559 90 63 50 2509 50 42 2479 2435 2406 2364 174 146 117 78 53 2190 70 2120 47 2100 2069 2044 2017 1996 1976 1948 76
is_linear=0
shrinkage=0.1


Tree=41
num_leaves=31
num_cat=0
split_feature=6 4 1 7 3 4 8 3 4 4 4 10 10 3 3 8 9 5 3 8 8 9 6 9 10 10 5 9 6 4
split_gain=0.0149723 0.0310279 0.0174485 0.0180041 0.0512737 0.0870373 0.108303 0.0580895 0.0268725 0.0512619 0.0655293 0.0261121 0.0466387 0.0404646 0.0269503 0.0586861 0.0487683 0.0300896 0.0267356 0.0351695 0.0523952 0.0340789 0.0614465 0.0505289 0.0245725 0.0375673 0.0774784 0.073668 0.045377 0.0419646
threshold=80.332885742187514 60.946918487548835 70.500000000000014 8.5650296211242694 48.14656066894532 38.598453521728523 33.142192840576179 32.336433410644538 43.025081634521491 37.700254440307624 32.652412414550788 20.5529899597168 19.155654907226566 18.989957809448246 26.478570938110355 18.419611930847172 19.483583450317386 27.643675804138187 29.702499389648441 24.278219223022464 19.632371902465824 34.038253784179695 36.862169265747085 40.52668762207032 30.597829818725589 23.573983192443851 23.126804351806644 23.441194534301761 20.451813697814945 18.175532341003422
decision_type=2 2 2 2 2 2 2 2 2 2 2 2 2 2 2 2 2 2 2 2 2 2 2 2 2 2 2 2 2 2
left_child=1 2 3 4 5 6 7 24 9 10 11 12 13 -5 15 16 -13 -16 -19 20 -20 -21 -23 -24 25 26 28 -27 29 -1
right_child=-2 -3 -4 8 -6 -7 -8 -9 -10 -11 -12 14 -14 -15 17 -17 -18 18 19 21 -22 22 23 -25 -26 27 -28 -29 -30 -31
leaf_value=0.00025974592461270191 -0.0027259245095774534 0.0037603746422312477 -0.00067622412333026355 -0.0011633728186212513 0.0051907007449439602 -0.0056364038586616521 0.005583648071134169 -0.0050452351204252673 -0.0032443746551871302 0.0041698812901114039 -0.0045696485627974787 0.0015037836931878702 -0.0044348329232473454 0.0031246663334227546 -0.0036362908033576481 0.0051100662934142303 -0.0034815026205391266 0.0021350044291466477 0.0014794099905217689 0.0017554360512019086 -0.0036113545590553495 -0.0043797826733101503 0.005083122756332159 -0.0012868250367429222 0.0033601282015442852 -0.0058853609420891316 0.0042846192216158523 -0.00027306379508419768 -0.0031725222499134316 0.0048801167262718086
leaf_weight=1148 20 22 343 119 21 25 38 21 30 26 35 80 35 27 24 33 26 51 30 95 62 33 20 33 25 28 49 142 38 20
leaf_count=1148 20 22 343 119 21 25 38 21 30 26 35 80 35 27 24 33 26 51 30 95 62 33 20 33 25 28 49 142 38 20
internal_value=1.10312e-11 2.03503e-05 -1.06171e-05 8.80446e-05 0.000282921 0.000215735 0.000312689 0.000176526 -0.000311209 -0.000190502 -0.000351768 -0.000130771 -0.00115632 -0.000370379 0.000250389 0.00142745 0.000280978 -0.00021976 3.3316e-05 -0.000359307 -0.00195132 0.000449894 -0.000992274 0.00111693 0.000252151 0.000197625 0.000386599 -0.00119744 0.000228221 0.000338862
internal_weight=2699 2679 2657 2314 1555 1534 1509 1471 759 729 703 668 181 146 487 139 106 348 324 273 92 181 86 53 1450 1425 1255 170 1206 1168
internal_count=2699 2679 2657 2314 1555 1534 1509 1471 759 729 703 668 181 146 487 139 106 348 324 273 92 181 86 53 1450 1425 1255 170 1206 1168
is_linear=0
shrinkage=0.1


Tree=42
num_leaves=31
num_cat=0
split_feature=6 4 6 8 3 5 3 6 1 10 5 5 3 9 8 4 8 1 7 4 4 7 3 6 9 1 4 7 4 8
split_gain=0.0121275 0.0251326 0.0156979 0.023113 0.0174038 0.0829191 0.0496008 0.0382004 0.0429573 0.0289011 0.0247306 0.0464024 0.0234538 0.0591865 0.0514116 0.0526748 0.0374283 0.0414159 0.0237694 0.0216279 0.0643791 0.0587109 0.0418131 0.0897512 0.0839463 0.0558774 0.0359574 0.0404138 0.035565 0.0302375
threshold=80.332885742187514 60.946918487548835 52.564722061157234 52.421409606933601 48.14656066894532 46.285648345947273 49.961791992187507 47.964429855346687 66.500000000000014 43.438066482543952 42.879808425903327 41.718050003051765 38.364452362060554 33.457607269287116 33.142192840576179 29.611188888549808 28.886590957641605 64.500000000000014 0.27797731757164007 18.772157669067386 18.175532341003422 0.7795400619506837 25.718162536621097 24.496537208557132 25.760300636291507 60.500000000000007 19.863483428955082 1.8350474238395691 19.311642646789554 23.383969306945804
decision_type=2 2 2 2 2 2 2 2 2 2 2 2 2 2 2 2 2 2 2 2 2 2 2 2 2 2 2 2 2 2
left_child=1 2 4 -4 5 9 -6 8 -8 10 11 12 14 -14 15 16 18 -18 -1 20 -20 29 26 -24 -25 -26 28 -28 -23 -21
right_child=-2 -3 3 -5 6 -7 7 -9 -10 -11 -12 -13 13 -15 -16 -17 17 -19 19 21 -22 22 23 24 25 -27 27 -29 -30 -31
leaf_value=0.0012471086729864975 -0.0024533320963382723 0.0033843368291854858 -0.0043882934190332887 -0.00018842584257455249 0.0057850061217322949 -0.0052480758695552755 0.0011310489991536508 0.0033723547821864486 -0.0050334231910528623 0.0036493461600250821 -0.0029462716109784591 0.0048396294761914767 0.0022589164180681111 -0.0045968119041336812 0.0043096197033134689 -0.0039679140191186566 0.00014374686482672891 0.0063052876293659219 -2.4366656400411967e-05 -0.0067116723314899476 0.0040857386596214315 0.0015282653545474877 -0.0069034470322852336 0.0037376550993380637 0.00092668785928253785 -0.0028152769615841845 0.0045629172519381558 3.0257561357339493e-05 -0.0042376258614240216 -0.0013951389866997488
leaf_weight=143 20 22 20 38 20 30 26 24 20 22 28 20 20 34 28 33 24 20 1670 23 39 23 24 39 64 106 42 37 20 20
leaf_count=143 20 22 20 38 20 30 26 24 20 22 28 20 20 34 28 33 24 20 1670 23 39 23 24 39 64 106 42 37 20 20
internal_value=-2.58776e-12 1.83153e-05 -9.55543e-06 -0.00163666 2.67554e-05 -2.22552e-05 0.00139306 0.000138219 -0.00154916 4.09859e-05 8.67663e-06 4.27394e-05 2.9147e-06 -0.00205765 5.01634e-05 -1.0892e-06 5.5975e-05 0.00294445 -5.10705e-07 -8.51854e-05 6.94274e-05 -0.000749088 -0.000326383 -0.0011117 -0.000446616 -0.00140654 0.00117344 0.00244003 -0.00115354 -0.00423887
internal_weight=2699 2679 2657 58 2599 2509 90 70 46 2479 2457 2429 2409 54 2355 2327 2294 44 2250 2107 1709 398 355 233 209 170 122 79 43 43
internal_count=2699 2679 2657 58 2599 2509 90 70 46 2479 2457 2429 2409 54 2355 2327 2294 44 2250 2107 1709 398 355 233 209 170 122 79 43 43
is_linear=0
shrinkage=0.1


Tree=43
num_leaves=31
num_cat=0
split_feature=3 8 1 1 7 3 7 4 9 5 3 7 10 3 3 1 10 8 9 3 3 4 4 3 9 4 6 5 10 10
split_gain=0.0106147 0.0270022 0.0136579 0.0113568 0.0183339 0.0163058 0.0309718 0.0333771 0.0411492 0.0243915 0.0189213 0.0163795 0.0147267 0.0217403 0.0145014 0.0221652 0.0200356 0.0205173 0.0325266 0.0296264 0.0271463 0.0389763 0.0273605 0.0316235 0.0570699 0.0261844 0.0319397 0.0246953 0.049494 0.0321001
threshold=4.4582238197326669 4.0516512393951425 45.500000000000007 74.500000000000014 2.3794535398483281 9.839877128601076 3.772024512290955 6.0267744064331064 7.2417728900909433 11.492195606231691 11.537270069122316 0.83659398555755626 10.349075317382814 11.048996448516847 12.121930599212648 63.500000000000007 11.85381603240967 10.448056697845461 10.886774063110353 13.205774784088137 13.616477966308596 6.5614919662475595 8.1008234024047869 14.769673347473146 13.572196483612062 10.962353706359865 15.647773742675783 18.850534439086918 17.919202804565433 19.989072799682621
decision_type=2 2 2 2 2 2 2 2 2 2 2 2 2 2 2 2 2 2 2 2 2 2 2 2 2 2 2 2 2 2
left_child=-1 -2 -3 5 -5 6 7 8 -4 12 -11 -9 -7 -14 15 -12 -16 18 -18 -19 -21 -22 -23 24 -24 -25 -27 28 -28 -29
right_child=1 2 3 4 -6 9 -8 11 -10 10 14 -13 13 -15 16 -17 17 19 -20 20 21 22 23 25 -26 26 27 29 -30 -31
leaf_value=0.0015404905488883907 -0.003008652273565531 0.0016624354117084296 0.00022223525111257915 0.00095359811648016888 -0.002745797915928494 -0.00025450616048123593 0.0036742847563037955 0.00082618244050536305 -0.003647090787583563 0.0016455494290725751 0.00047135106803276969 0.0032790581070768991 -0.0046215032744683039 -0.00039667680615647924 0.0027809808761812748 -0.0037053545139281562 0.00011344725803826891 0.0022101617100755296 -0.0028531161075189826 -0.0029355631544603967 0.0043928025104105475 -0.0029912687597736238 -0.0016360926390108135 0.0012401375865652776 0.004132746751519277 -0.0018254499049748828 -3.5918515812441273e-05 -0.0018358971018378981 0.0055519101250430811 -2.5852707328063253e-05
leaf_weight=44 30 49 128 21 37 39 31 96 35 66 24 38 29 21 25 27 84 60 66 32 20 31 27 136 47 113 51 107 23 1162
leaf_count=44 30 49 128 21 37 39 31 96 35 66 24 38 29 21 25 27 84 60 66 32 20 31 27 136 47 113 51 107 23 1162
internal_value=-3.29036e-12 -2.55298e-05 8.56304e-06 -2.28965e-05 -0.00140636 8.97045e-06 0.00066652 0.000352578 -0.000608602 -8.95118e-05 -2.08241e-05 0.00152177 -0.00171101 -0.00284708 -7.48686e-05 -0.00173985 -3.20693e-05 -6.79683e-05 -0.00119184 2.52217e-05 -4.97333e-05 4.05034e-06 -4.76733e-05 7.09947e-06 0.0020279 -8.68322e-05 -0.00021078 -7.49216e-05 0.00170084 -0.000178473
internal_weight=2699 2655 2625 2576 58 2518 328 297 163 2190 2101 134 89 50 2035 51 1984 1959 150 1809 1749 1717 1697 1666 74 1592 1456 1343 74 1269
internal_count=2699 2655 2625 2576 58 2518 328 297 163 2190 2101 134 89 50 2035 51 1984 1959 150 1809 1749 1717 1697 1666 74 1592 1456 1343 74 1269
is_linear=0
shrinkage=0.1


Tree=44
num_leaves=31
num_cat=0
split_feature=3 10 10 1 7 5 10 5 3 9 4 6 3 3 3 3 4 7 6 9 10 5 10 4 8 1 7 7 4 5
split_gain=0.00998136 0.0292077 0.0150142 0.0128174 0.0195255 0.0282816 0.0318043 0.0622362 0.0490545 0.0431957 0.0206384 0.0191141 0.0177582 0.0191793 0.0216306 0.0711336 0.0301873 0.0445614 0.0377399 0.0328255 0.0163081 0.0134473 0.0358589 0.0152459 0.0545759 0.0205683 0.0166637 0.0384458 0.0292783 0.0257966
threshold=76.739543914794936 69.04422760009767 62.289512634277351 70.500000000000014 21.003843307495121 32.314666748046882 25.111416816711429 22.438446998596195 18.989957809448246 25.760300636291507 13.592926025390627 11.069469451904299 54.580209732055671 52.152519226074226 48.14656066894532 45.309858322143562 33.289611816406257 3.258675336837769 35.048412322998054 34.357830047607429 10.857042312622072 39.254137039184577 34.629589080810554 27.092626571655277 27.509993553161625 60.500000000000007 11.773368835449221 13.87023973464966 11.703037738800051 30.397915840148929
decision_type=2 2 2 2 2 2 2 2 2 2 2 2 2 2 2 2 2 2 2 2 2 2 2 2 2 2 2 2 2 2
left_child=1 2 3 12 5 6 7 8 10 -8 11 20 13 14 15 16 18 -18 19 21 -5 22 23 24 26 -25 29 28 -28 -1
right_child=-2 -3 -4 4 -6 -7 9 -9 -10 -11 -12 -13 -14 -15 -16 -17 17 -19 -20 -21 -22 -23 -24 25 -26 -27 27 -29 -30 -31
leaf_value=0.00017481239593243234 -0.0015679149335483091 0.0038306848704814916 -0.0027347712451592089 -0.00027529838681221008 0.0015736765094946971 -0.0033815216260815136 0.004863071216580769 -0.0047372197134520969 0.0033160360966576264 -0.00087219777854223709 -0.003400459538358424 0.00071163000138767534 0.0021134098011697101 -0.0030210537742823363 0.0025924783309592921 -0.0048690475997161765 -0.00061446528222101437 0.0053076528495660533 -0.0032460816149764205 0.0036436358108543434 -0.0041063911910168829 0.0022848565493606859 -0.0026622684206813576 0.00038168371122862614 0.0048834931774763392 -0.0040992303425446157 -0.00011454002621273202 -9.7940982062728367e-05 -0.0049199064924323466 0.0034133320152759552
leaf_weight=1523 40 20 20 25 38 38 24 37 32 29 29 64 43 20 34 29 24 27 34 26 20 27 48 21 24 20 21 305 32 25
leaf_count=1523 40 20 20 25 38 38 24 37 32 29 29 64 43 20 34 29 24 27 34 26 20 27 48 21 24 20 21 305 32 25
internal_value=-8.62062e-12 2.35865e-05 -5.26606e-06 1.55778e-05 -0.000561076 -0.000833292 -0.000460859 -0.0010205 -0.000211565 0.00172491 -0.00102956 -0.00039877 0.000100447 6.18049e-05 8.95785e-05 5.06495e-05 0.000116793 0.00252077 5.85768e-05 0.000112804 -0.00197801 6.7935e-05 3.82882e-05 0.000104055 0.000144592 -0.00180413 8.49204e-05 -0.000529928 -0.00301589 0.000227114
internal_weight=2699 2659 2639 2619 336 298 260 207 170 53 138 109 2283 2240 2220 2186 2157 51 2106 2072 45 2046 2019 1971 1930 41 1906 358 53 1548
internal_count=2699 2659 2639 2619 336 298 260 207 170 53 138 109 2283 2240 2220 2186 2157 51 2106 2072 45 2046 2019 1971 1930 41 1906 358 53 1548
is_linear=0
shrinkage=0.1


Tree=45
num_leaves=31
num_cat=0
split_feature=3 8 1 8 4 1 3 8 6 3 5 4 3 9 7 5 10 5 3 8 9 4 9 4 8 3 4 4 9 1
split_gain=0.00876002 0.028326 0.014501 0.0109631 0.0212511 0.0183303 0.0156617 0.0106286 0.022172 0.0142877 0.0222495 0.0162507 0.0131791 0.0102723 0.00987052 0.00964668 0.0210768 0.0147905 0.0213165 0.011026 0.0385285 0.0319516 0.0325231 0.0197151 0.018346 0.0350839 0.029199 0.0233181 0.0457753 0.0389774
threshold=5.2932024002075204 4.0516512393951425 44.500000000000007 5.5731048583984384 3.7857285737991337 59.500000000000007 7.2425532341003427 6.2202324867248553 7.4894168376922616 8.7348480224609393 9.611826419830324 7.2838215827941903 9.839877128601076 6.4059977531433114 0.96421614289283764 11.492195606231691 11.365015506744387 10.735248088836672 11.048996448516847 10.448056697845461 11.599115848541262 9.1119728088378924 12.432129859924318 8.4239988327026385 11.192269325256349 14.769673347473146 10.962353706359865 12.298355102539064 16.130872726440433 64.500000000000014
decision_type=2 2 2 2 2 2 2 2 2 2 2 2 2 2 2 2 2 2 2 2 2 2 2 2 2 2 2 2 2 2
left_child=-1 -2 -3 4 -4 -6 13 -8 -9 11 -11 -10 14 -5 -12 17 -17 -14 -19 21 -21 22 23 -18 25 -22 -26 28 29 -28
right_child=1 2 3 6 5 -7 7 8 9 10 12 -13 15 -15 -16 16 19 18 -20 20 24 -23 -24 -25 26 -27 27 -29 -30 -31
leaf_value=0.0010512890979079168 -0.0036888168370794688 0.0020203913508781367 0.0010722305970611396 -0.00010749428719282152 -0.00060989161289331541 -0.004408133561567714 0.0018361723562702538 -0.0032928681100851728 0.0037456453023921883 -0.0027287545095708585 4.848348908126354e-07 0.00024528448573417133 0.00060817640429983546 0.0024415898938165157 0.0027213104546535763 0.002747507762439825 -0.00020884287353654051 -0.0042652111668139694 -0.00013565453048795462 0.0028991263155411515 -0.0046472597066313029 -0.0038465404401308505 -0.0037220978213514649 0.0029445713560562583 0.0011264428996430535 0.00020203856952689792 0.0010844589522536342 -1.8474086060190793e-05 -0.0045430697322658758 -0.0024123206680607321
leaf_weight=77 21 35 27 25 27 24 30 21 21 31 24 36 30 43 30 27 114 25 25 45 25 29 23 24 203 37 74 1456 34 56
leaf_count=77 21 35 27 25 27 24 30 21 21 31 24 36 30 43 30 27 114 25 25 45 25 29 23 24 203 37 74 1456 34 56
internal_value=2.35694e-12 -3.08731e-05 -1.33952e-06 -2.89157e-05 -0.00119631 -0.0023973 7.68258e-06 -3.43747e-05 -5.78544e-05 -2.91776e-05 -6.77381e-05 0.00153489 -3.15735e-05 0.00150443 0.00151205 -6.90032e-05 -2.8828e-05 -0.0011472 -0.00220043 -6.4187e-05 7.36782e-06 -0.000791033 -0.000240662 0.000339577 -6.16662e-05 -0.00175332 -4.13315e-06 -0.000145804 -0.00127625 -0.000421846
internal_weight=2699 2622 2601 2566 78 51 2488 2420 2390 2369 2312 57 2281 68 54 2227 2147 80 50 2120 1930 190 161 138 1885 62 1823 1620 164 130
internal_count=2699 2622 2601 2566 78 51 2488 2420 2390 2369 2312 57 2281 68 54 2227 2147 80 50 2120 1930 190 161 138 1885 62 1823 1620 164 130
is_linear=0
shrinkage=0.1


Tree=46
num_leaves=31
num_cat=0
split_feature=6 4 9 8 5 4 4 8 3 6 9 1 6 4 3 8 7 8 9 7 6 4 3 8 9 7 8 8 8 8
split_gain=0.00844112 0.0190556 0.0126351 0.0197698 0.0141925 0.0561964 0.0374277 0.0317586 0.0186292 0.0306159 0.0224938 0.0700627 0.0489572 0.0232243 0.0483273 0.0251102 0.0213904 0.0333193 0.0175606 0.0326936 0.0230068 0.0146435 0.0415434 0.0251472 0.0354078 0.0236656 0.0220668 0.0365149 0.0408196 0.0333787
threshold=80.332885742187514 60.946918487548835 53.134258270263679 52.421409606933601 52.863252639770515 37.700254440307624 38.598453521728523 38.819972991943366 44.52845764160157 38.271751403808601 35.489023208618171 65.500000000000014 33.981397628784187 27.686420440673832 32.336433410644538 28.571767807006839 0.27797731757164007 15.278325557708742 29.466745376586918 19.29579067230225 28.839516639709476 24.216962814331058 27.126214027404789 24.278219223022464 25.973080635070804 7.8356623649597177 22.146557807922367 23.243500709533695 23.670047760009769 20.863481521606449
decision_type=2 2 2 2 2 2 2 2 2 2 2 2 2 2 2 2 2 2 2 2 2 2 2 2 2 2 2 2 2 2
left_child=1 2 4 -4 6 -6 7 8 9 10 12 -12 13 15 -15 16 17 -1 20 -20 21 23 -23 26 -25 -26 29 -28 -29 -18
right_child=-2 -3 3 -5 5 -7 -8 -9 -10 -11 11 -13 -14 14 -16 -17 18 -19 19 -21 -22 22 -24 24 25 -27 27 28 -30 -31
leaf_value=0.00050756224920436497 -0.0020467747282236818 0.0029462374069473963 -0.0040136093180626635 -0.00012934964983478975 -0.0011607657604176423 0.0056317484715864771 -0.0029004146397875793 0.0034527524719359702 -0.0023556167372699942 0.0038381420874169896 -0.005257630165152509 0.0024359334510518239 0.0043626539910641996 0.00086664121983380147 -0.0049578192577298197 0.0028757189971304713 -8.8301978184009548e-05 0.0045949479370998841 -0.0047177900479215646 3.5901710343284486e-05 0.0032735552599964047 0.0016302647811244242 -0.0037409146393959725 0.0052735826976242524 -0.00158291581548318 0.0026068562050708213 -0.0030390861983751022 0.0040851443330757317 -0.0016738444362999873 0.001931001104788075
leaf_weight=118 20 22 20 38 29 21 44 27 33 21 29 20 26 29 28 31 1700 24 23 39 21 24 36 21 28 26 63 20 32 86
leaf_count=118 20 22 20 38 29 21 44 27 33 21 29 20 26 29 28 31 1700 24 23 39 21 24 36 21 28 26 63 20 32 86
internal_value=5.3676e-12 1.52801e-05 -8.98823e-06 -0.00146875 2.35882e-05 0.00169209 -9.14035e-06 4.16445e-05 4.47747e-06 3.63315e-05 3.39503e-06 -0.0021174 4.71504e-05 -6.15945e-07 -0.0019945 4.89701e-05 1.02133e-05 0.00119839 -6.94096e-05 -0.00172756 -1.94312e-05 -5.33961e-05 -0.00159244 -6.66396e-06 0.00178936 0.000434382 -7.75223e-05 -0.0014202 0.000541151 8.9321e-06
internal_weight=2699 2679 2657 58 2599 50 2549 2505 2478 2445 2424 49 2375 2349 57 2292 2261 142 2119 62 2057 2036 60 1976 75 54 1901 115 52 1786
internal_count=2699 2679 2657 58 2599 50 2549 2505 2478 2445 2424 49 2375 2349 57 2292 2261 142 2119 62 2057 2036 60 1976 75 54 1901 115 52 1786
is_linear=0
shrinkage=0.1


Tree=47
num_leaves=31
num_cat=0
split_feature=9 10 3 10 1 8 8 3 3 7 7 7 7 4 9 7 7 7 3 5 3 3 5 7 7 7 4 4 4 4
split_gain=0.00781601 0.0380944 0.0636528 0.0518991 0.0734872 0.0290273 0.0439262 0.017288 0.0284364 0.0239045 0.0172233 0.0546879 0.0404654 0.0509137 0.055134 0.0879349 0.0292031 0.0398866 0.0578439 0.0569426 0.0469334 0.041174 0.027076 0.0364253 0.0498224 0.0382895 0.0326084 0.0227009 0.0303842 0.0379468
threshold=17.175343513488773 18.459301948547367 18.635648727416996 19.989072799682621 65.500000000000014 15.278325557708742 15.688623905181887 19.980977058410648 20.6795768737793 0.24145524948835373 2.0900871753692631 2.3794535398483281 1.8350474238395691 21.361392974853519 24.395371437072757 1.0463753342628481 3.643192052841187 5.6879727840423593 34.659132003784187 26.584615707397464 28.40722751617432 23.595640182495121 22.533796310424808 7.1562864780426034 6.4908204078674325 7.956489324569703 60.946918487548835 43.025081634521491 37.700254440307624 32.652412414550788
decision_type=2 2 2 2 2 2 2 2 2 2 2 2 2 2 2 2 2 2 2 2 2 2 2 2 2 2 2 2 2 2
left_child=5 -2 -3 4 -4 -1 -7 -5 -9 -10 12 -12 13 -11 -15 -16 -13 18 19 21 -21 -18 -19 24 -24 -25 27 28 29 -27
right_child=1 2 3 7 -6 6 -8 8 9 10 11 16 -14 14 15 -17 17 22 -20 20 -22 -23 23 25 -26 26 -28 -29 -30 -31
leaf_value=5.6627635753032404e-05 -0.0042076543983294752 0.0035932759508594046 -0.007338913250714541 -0.0028275087759222673 0.00086860183626413345 0.0048101200058943399 -6.5289194407385024e-05 0.0027908549452310104 -0.003570533124729991 0.0036165339038624167 -0.0048670974988490349 0.0017508922322457166 0.0048338002652268518 -0.0052424317903139381 0.0022282723689100491 -0.0042427215895925957 -7.5400624773465103e-05 -0.0025674889030051422 -0.0069498173054307697 0.0050052818930929619 -0.0016804065688380172 -0.0061628126949071884 6.6136852061996851e-05 -0.0040137239596030362 0.0064169154125487517 0.00014420228892251746 0.0035950570479035375 -0.0024904263784756532 0.0034053160110488535 -0.0030193767851082291
leaf_weight=1300 23 45 24 23 20 33 42 34 20 35 25 76 22 22 70 30 20 40 20 21 21 25 30 24 21 504 25 37 26 41
leaf_count=1300 23 45 24 23 20 33 42 34 20 35 25 76 22 22 70 30 20 40 20 21 21 25 30 24 21 504 25 37 26 41
internal_value=-4.12919e-12 -0.00017342 -0.0001021 -0.000234498 -0.00360822 0.000166987 0.00207989 -0.000112019 -5.94908e-05 -0.000143397 -8.3007e-05 -0.000251568 0.000817241 0.000254411 -0.000710132 0.000286974 -0.000127628 -0.000294608 -0.00210049 -0.000985701 0.00166244 -0.0034573 -3.62797e-05 0.000106726 0.00268116 -9.31157e-05 5.5533e-05 -9.00067e-05 6.55372e-05 -9.37917e-05
internal_weight=2699 1324 1301 1256 44 1375 75 1212 1189 1155 1135 956 179 157 122 100 931 855 107 87 42 45 748 708 51 657 633 608 571 545
internal_count=2699 1324 1301 1256 44 1375 75 1212 1189 1155 1135 956 179 157 122 100 931 855 107 87 42 45 748 708 51 657 633 608 571 545
is_linear=0
shrinkage=0.1


Tree=48
num_leaves=31
num_cat=0
split_feature=6 5 5 4 4 5 4 7 8 3 6 9 1 6 4 3 4 4 7 6 7 7 8 1 9 5 5 5 9 4
split_gain=0.00837742 0.0139967 0.0197572 0.0223661 0.0306029 0.0141027 0.0435578 0.0333735 0.0264924 0.0151376 0.0275936 0.0161263 0.0578237 0.0407703 0.0185156 0.0383298 0.0217841 0.016753 0.0133834 0.0425182 0.0137149 0.0437515 0.01351 0.0828382 0.0326276 0.0198318 0.0337571 0.0315518 0.0299927 0.0263699
threshold=80.332885742187514 73.079502105712905 67.371635437011733 48.984283447265632 43.025081634521491 52.863252639770515 38.598453521728523 93.494705200195327 38.819972991943366 44.52845764160157 38.271751403808601 35.489023208618171 65.500000000000014 33.981397628784187 27.686420440673832 32.336433410644538 25.303483963012699 24.748035430908207 0.18888332694768908 11.683019161224367 55.027532577514656 44.160062789916999 25.966817855834964 62.500000000000007 27.825620651245121 30.397915840148929 29.467706680297855 28.641468048095707 26.102230072021488 19.311642646789554
decision_type=2 2 2 2 2 2 2 2 2 2 2 2 2 2 2 2 2 2 2 2 2 2 2 2 2 2 2 2 2 2
left_child=1 2 3 4 5 6 8 -7 9 10 11 13 -13 14 16 -16 17 18 19 -1 21 22 24 -24 25 26 27 29 -27 -20
right_child=-2 -3 -4 -5 -6 7 -8 -9 -10 -11 -12 12 -14 -15 15 -17 -18 -19 20 -21 -22 -23 23 -25 -26 28 -28 -29 -30 -31
leaf_value=-0.00010725739447829815 -0.0020390368066728116 0.0021630882176881037 -0.0031402351614087821 0.003119444766122362 -0.0031881418855239951 0.0044308388980267488 -0.0040016045604177103 -0.0010829922964885122 0.0031519996899145621 -0.0021248887377706442 0.0036405698174522038 -0.0046484855348886602 0.0023408669570926578 0.0039752361436302848 0.00076121962789831498 -0.0044259156532851715 0.0020224486964892734 -0.0025337490593441408 5.8673536568351544e-05 0.0048178987849193319 0.001605732874129899 -0.0035759366037590164 0.0049506253397632993 -0.0028748399248191467 -0.0035721567925065759 -2.8557155423590707e-06 -0.0039567504035816952 0.0036643408339011294 0.0046200856360250646 -0.0012379520483013187
leaf_weight=65 20 30 20 23 30 23 27 21 27 33 21 29 20 26 29 28 54 26 1680 24 50 35 31 24 26 36 22 23 23 173
leaf_count=65 20 30 20 23 30 23 27 21 27 33 21 29 20 26 29 28 54 26 1680 24 50 35 31 24 26 36 22 23 23 173
internal_value=4.10166e-12 1.52224e-05 -9.10226e-06 1.47177e-05 -1.2684e-05 2.42973e-05 -6.54685e-06 0.00179924 3.65137e-05 2.56768e-06 3.12818e-05 1.32294e-08 -0.00179569 3.70614e-05 -6.52845e-06 -0.00178685 3.77465e-05 -1.01418e-05 1.95209e-05 0.00122087 -3.0842e-05 -7.03156e-05 -1.01111e-05 0.00153588 -5.29903e-05 -6.23591e-06 -6.23619e-05 -1.66921e-05 0.00179931 -6.23822e-05
internal_weight=2699 2679 2649 2629 2606 2576 2532 44 2505 2478 2445 2424 49 2375 2349 57 2292 2238 2212 89 2123 2073 2038 55 1983 1957 1898 1876 59 1853
internal_count=2699 2679 2649 2629 2606 2576 2532 44 2505 2478 2445 2424 49 2375 2349 57 2292 2238 2212 89 2123 2073 2038 55 1983 1957 1898 1876 59 1853
is_linear=0
shrinkage=0.1


Tree=49
num_leaves=31
num_cat=0
split_feature=3 10 6 4 6 7 4 1 4 6 6 7 7 10 10 10 10 6 6 6 6 8 4 8 4 4 7 4 10 8
split_gain=0.00793267 0.0228066 0.0125115 0.0171325 0.0196516 0.0225622 0.020787 0.0466075 0.0184682 0.020898 0.0333598 0.0114474 0.0357678 0.00977855 0.00962704 0.0296604 0.0178853 0.0173411 0.0767841 0.0622367 0.0280436 0.0352345 0.0248659 0.0257545 0.0503825 0.0491622 0.0709881 0.036545 0.0364731 0.0263303
threshold=76.739543914794936 69.04422760009767 52.564722061157234 41.76245307922364 43.842613220214851 49.619075775146491 33.289611816406257 63.500000000000007 31.773519515991214 36.862169265747085 34.821418762207038 55.027532577514656 44.160062789916999 32.596502304077156 35.841718673706062 34.905483245849616 32.810913085937507 26.771781921386722 26.405796051025394 27.383481979370121 25.56931304931641 24.07590484619141 21.508452415466312 20.863481521606449 19.510127067565922 18.772157669067386 1.7440621852874758 19.863483428955082 25.867705345153812 19.925178527832035
decision_type=2 2 2 2 2 2 2 2 2 2 2 2 2 2 2 2 2 2 2 2 2 2 2 2 2 2 2 2 2 2
left_child=1 2 3 4 6 -6 8 -8 9 10 11 12 14 -13 15 16 17 18 20 -19 21 22 23 24 29 -25 -27 -28 -29 -1
right_child=-2 -3 -4 -5 5 -7 7 -9 -10 -11 -12 13 -14 -15 -16 -17 -18 19 -20 -21 -22 -23 -24 25 -26 26 27 28 -30 -31
leaf_value=-2.1705219175191735e-05 -0.0013977755082305522 0.0033851818973198535 -0.0017377246307527146 0.0022868889876091008 -0.0044709462536654124 -2.4732483550906184e-05 0.0045658682533089188 -0.0010114286480278805 -0.0025672717818192078 0.0023118926331591912 -0.0038978274910484536 0.0029905072889169276 -0.0031059306064570272 0.00039072530224728278 0.0016985271639628884 -0.0035694781002467094 0.0020597541333869274 -0.0055989362008403987 0.0052745997756054363 -8.9488132640294616e-05 -0.0025869727460525525 0.0040349909104406834 -0.0025932537495262096 0.0049018741412568956 -0.0039695282652246538 0.0047385890144281666 -0.0044447057396173476 -0.0024254447907548059 0.0034749972866848114 0.0027110014815358834
leaf_weight=1713 40 20 41 33 21 25 31 29 28 39 22 23 37 39 34 23 43 25 28 114 41 22 36 31 32 26 25 22 20 36
leaf_count=1713 40 20 41 33 21 25 31 29 28 39 22 23 37 39 34 23 43 25 28 114 41 22 36 31 32 26 25 22 20 36
internal_value=-6.28957e-12 2.10271e-05 -4.4686e-06 2.28846e-05 -6.24299e-06 -0.00205453 3.11611e-05 0.00187017 -1.37111e-05 1.57006e-05 -2.17374e-05 1.42432e-05 -2.1778e-05 0.00135516 2.84702e-05 3.08717e-06 4.02005e-05 2.00167e-07 7.41189e-05 -0.0010804 1.4575e-06 5.55205e-05 1.04157e-05 5.96189e-05 -3.74003e-05 0.0014531 0.000303504 -0.00141757 0.00038429 3.45426e-05
internal_weight=2699 2659 2639 2598 2565 46 2519 60 2459 2431 2392 2370 2308 62 2271 2237 2214 2171 2032 139 2004 1963 1941 1905 1781 124 93 67 42 1749
internal_count=2699 2659 2639 2598 2565 46 2519 60 2459 2431 2392 2370 2308 62 2271 2237 2214 2171 2032 139 2004 1963 1941 1905 1781 124 93 67 42 1749
is_linear=0
shrinkage=0.1


Tree=50
num_leaves=31
num_cat=0
split_feature=3 8 4 4 1 7 3 6 4 4 4 7 7 4 4 3 4 5 10 3 1 4 3 9 8 8 10 5 9 4
split_gain=0.00733343 0.0260559 0.0132669 0.0437938 0.0141202 0.0183411 0.0135289 0.0116331 0.020086 0.0147383 0.013107 0.0113933 0.0243639 0.0104095 0.0274483 0.0080143 0.0421934 0.022542 0.020093 0.0255924 0.0590805 0.0305393 0.0275675 0.0238512 0.0279417 0.0342792 0.019136 0.0737431 0.0422674 0.0210386
threshold=5.628373622894288 5.5731048583984384 5.2554941177368173 5.4554865360260019 62.500000000000007 3.258675336837769 9.839877128601076 7.4026131629943857 7.3728647232055673 5.9458980560302743 7.9760477542877206 2.2970565557479863 5.6879727840423593 6.2205307483673105 6.5614919662475595 15.201845645904543 13.592926025390627 15.593517780303957 15.499547004699709 16.14762115478516 62.500000000000007 8.2269821166992205 16.634371757507328 14.220327377319338 12.424730300903322 13.29050922393799 17.919202804565433 18.850534439086918 16.222303390502933 12.227743625640871
decision_type=2 2 2 2 2 2 2 2 2 2 2 2 2 2 2 2 2 2 2 2 2 2 2 2 2 2 2 2 2 2
left_child=-1 11 4 -4 5 -3 7 9 -9 -5 -10 -2 -13 -8 -15 16 -16 -17 -19 20 -20 -21 -23 -24 -25 -26 28 -28 -27 -29
right_child=1 2 3 6 -6 -7 13 8 10 -11 -12 12 -14 14 15 17 -18 18 19 21 -22 22 23 24 25 26 27 29 -30 -31
leaf_value=0.00084473624345705357 -0.0030728004973482443 -2.9063690453767778e-05 -0.0041822246741503475 0.0013027575078674337 -0.00060994394719680965 0.0034771448101949052 0.0015950545780421971 0.0024693973624380309 -0.001742721226066351 -0.0022805615502875299 0.001035017015869325 0.0012492546604739297 -0.003292275787819 -0.0033040996748380938 0.00010497147502170906 -0.0032459068699213474 0.0043290550988167526 0.0025624678698867292 -0.0058499583429656929 -0.0028655480225815589 0.00073226707056164744 0.002664117900483114 0.0020000493327474774 -0.0034546297307242639 0.0040285682858666409 0.00012641666457057001 0.0058132703266372647 -0.0019578483472243182 -0.0056364045319787694 -7.0939313549730728e-05
leaf_weight=99 37 25 25 22 29 37 38 71 25 24 53 27 21 26 437 23 25 28 25 38 30 38 54 25 20 35 21 62 20 1259
leaf_count=99 37 25 25 22 29 37 38 71 25 24 53 27 21 26 437 23 25 28 25 38 30 38 54 25 20 35 21 62 20 1259
internal_value=3.18923e-12 -3.2165e-05 2.60329e-05 -1.84681e-05 0.00121142 0.00206335 2.49224e-05 0.000823294 0.00125245 -0.0005668 0.000144716 -0.00175414 -0.000737665 -4.57139e-05 -7.44993e-05 -3.52612e-05 0.000333547 -0.000136804 -9.35963e-05 -0.000139306 -0.00225965 -6.51209e-05 4.25081e-06 -6.33127e-05 -0.000140581 -8.2112e-05 -0.000140962 -6.60362e-05 -0.00196915 -0.0001595
internal_weight=2699 2600 2515 2424 91 62 2399 195 149 46 78 85 48 2204 2166 2140 462 1678 1655 1627 55 1572 1534 1496 1442 1417 1397 1342 55 1321
internal_count=2699 2600 2515 2424 91 62 2399 195 149 46 78 85 48 2204 2166 2140 462 1678 1655 1627 55 1572 1534 1496 1442 1417 1397 1342 55 1321
is_linear=0
shrinkage=0.1


Tree=51
num_leaves=31
num_cat=0
split_feature=1 7 3 6 10 3 8 8 7 4 7 7 7 4 3 7 7 1 4 3 3 9 5 1 3 3 6 3 8 9
split_gain=0.00663386 0.0175655 0.00795893 0.0174919 0.0162256 0.0141574 0.0111017 0.0228449 0.0193748 0.0177221 0.016386 0.0217251 0.0190473 0.0142379 0.0117094 0.0284102 0.0307473 0.0510243 0.0216589 0.0216648 0.03264 0.0272555 0.0239851 0.0210251 0.0188561 0.0494917 0.0293521 0.0270367 0.0248667 0.0276713
threshold=74.500000000000014 2.3794535398483281 8.5217914581298846 7.4894168376922616 8.8378319740295428 9.2063593864440936 9.2525954246521014 8.5820455551147479 2.3256541490554814 7.76589059829712 3.8111041784286503 5.3942997455596933 7.3708629608154306 6.4067900180816659 13.205774784088137 1.5142856240272524 0.81841021776199352 65.500000000000014 8.1008234024047869 13.746175289154055 14.769673347473146 14.001408100128176 13.710442543029787 61.500000000000007 16.14762115478516 15.851072311401369 14.942482948303224 17.3291130065918 16.093758583068851 15.58656692504883
decision_type=2 2 2 2 2 2 2 2 2 2 2 2 2 2 2 2 2 2 2 2 2 2 2 2 2 2 2 2 2 2
left_child=2 -2 3 -1 -4 -6 7 8 -7 -9 -10 -12 -13 -8 15 16 -15 -18 23 22 21 -21 -20 -16 25 26 -22 28 29 -26
right_child=1 -3 4 -5 5 6 13 9 10 -11 11 12 -14 14 18 -17 17 -19 19 20 24 -23 -24 -25 27 -27 -28 -29 -30 -31
leaf_value=8.271985342227189e-05 0.0011889411977211819 -0.0023792141645744042 -0.0023106707350140621 0.0018937216359855874 0.0021880177491954691 0.0021369981894930525 0.0020981473839404344 -0.00039800922483361023 -0.0028391913948494392 -0.003992780159205722 0.0025730030388028055 -0.0032246853942827637 7.1783364177323308e-05 0.00097041955644575268 2.6219144153098269e-05 0.0023222684189628732 -0.0046441371041920877 0.0016528722750742666 7.1387729119686853e-05 0.00067538571242681332 -0.0013694472649493381 0.0046046148873520668 -0.0047674203058704736 -0.0038202631287276747 0.0021992463520534027 -0.0051118089692094009 0.0021801281610832495 -6.2382674724403844e-05 0.0047512971629787779 -0.0021968856609116002
leaf_weight=224 22 37 31 70 29 31 33 24 27 32 24 24 65 96 27 72 31 22 21 51 74 27 20 30 45 26 34 1408 21 21
leaf_count=224 22 37 31 70 29 31 33 24 27 32 24 24 65 96 27 72 31 22 21 51 74 27 20 30 45 26 34 1408 21 21
internal_value=-5.41397e-12 -0.00104872 2.34372e-05 0.000513911 -3.80288e-05 -7.59601e-06 -3.54494e-05 -0.000699149 -0.000125062 -0.00245216 -0.000625947 -9.71191e-05 -0.000817152 3.7722e-05 4.16127e-06 0.000691215 -9.69449e-05 -0.00203028 -7.996e-05 -1.74072e-05 3.71537e-05 0.0020355 -0.00228901 -0.00199825 -5.85315e-05 -0.00119494 -0.000251988 4.3327e-05 0.00175412 0.000800477
internal_weight=2699 59 2640 294 2346 2315 2286 227 171 56 140 113 89 2059 2026 221 149 53 1805 1748 1707 78 41 57 1629 134 108 1495 87 66
internal_count=2699 59 2640 294 2346 2315 2286 227 171 56 140 113 89 2059 2026 221 149 53 1805 1748 1707 78 41 57 1629 134 108 1495 87 66
is_linear=0
shrinkage=0.1


Tree=52
num_leaves=31
num_cat=0
split_feature=1 4 4 5 8 8 8 8 3 1 10 8 8 8 6 5 9 3 7 8 9 9 10 3 1 6 7 7 9 9
split_gain=0.00636353 0.0154603 0.0695244 0.0238652 0.0218035 0.0960378 0.0421924 0.0400431 0.0474909 0.0181404 0.0178753 0.0153725 0.0236339 0.0255819 0.0302731 0.0389491 0.0484818 0.0336832 0.0276474 0.0568126 0.0230795 0.0201226 0.0383448 0.0369675 0.0346187 0.0245694 0.0176426 0.0426442 0.0410592 0.034866
threshold=63.500000000000007 33.957532882690437 41.76245307922364 58.240224838256843 28.274835586547855 30.163122177124027 27.248775482177738 33.142192840576179 44.52845764160157 68.500000000000014 35.841718673706062 26.362543106079105 25.448631286621097 24.278219223022464 24.823750495910648 24.367860794067386 21.664365768432621 24.615886688232425 8.891874313354494 20.030696868896488 21.167479515075687 20.902315139770511 21.11716461181641 20.933710098266605 70.500000000000014 19.140544891357425 2.2127965688705449 3.9363422393798833 15.146225452423097 15.407477378845217
decision_type=2 2 2 2 2 2 2 2 2 2 2 2 2 2 2 2 2 2 2 2 2 2 2 2 2 2 2 2 2 2
left_child=-1 4 -3 -4 6 -6 11 10 -9 -5 -7 12 13 14 15 16 21 -17 -19 20 -20 22 23 26 25 -24 29 28 -28 -2
right_child=1 2 3 9 5 7 -8 8 -10 -11 -12 -13 -14 -15 -16 17 -18 18 19 -21 -22 -23 24 -25 -26 -27 27 -29 -30 -31
leaf_value=0.00014497034659633018 -0.00022852011795125522 -0.0051103874222573013 0.0032003893834454096 -0.0029583913141063285 0.007362274830007837 -0.0043224807828664783 -0.0046346192580780819 0.0053588492371740622 -0.0014499777811579407 0.0011067518559486969 -0.00024361335894181616 0.0023424143362790347 -0.0030326603113540584 0.002493308390723935 -0.0026076169732045765 0.0051538089798255403 -0.0048362529877087343 -0.0017064178548753261 0.0020557051201144025 0.0064212683006189767 -0.0023076262833042582 0.0028040120822631501 -0.0033685417183386608 0.0039087911494552034 -0.005470052609220147 0.0012712258351966739 -0.00093106510359104028 0.00023646677181305776 -0.0049152975509825503 0.0021599407501583564
leaf_weight=1427 270 33 22 21 21 22 21 21 20 23 21 25 28 37 49 22 23 30 27 20 22 22 21 23 25 25 81 180 38 79
leaf_count=1427 270 33 22 21 21 22 21 21 20 23 21 25 28 37 49 22 23 30 27 20 22 22 21 23 25 25 81 180 38 79
internal_value=-3.96754e-12 -0.000162636 -0.00136268 0.000511176 -6.13534e-05 0.00131365 -0.000196537 -0.000198502 0.00203747 -0.00083343 -0.00233048 -0.000107521 -0.000167451 -8.67405e-05 -0.000186492 -5.58361e-05 -0.000312646 0.00161449 0.000827971 0.00192988 9.66584e-05 -0.000176464 -0.000264834 -3.09933e-05 -0.00247479 -0.000846929 -0.000170831 -0.00073456 -0.00220334 0.000312134
internal_weight=2699 1272 99 66 1173 105 1068 84 41 44 43 1047 1022 994 957 908 787 121 99 69 49 764 742 671 71 46 648 299 119 349
internal_count=2699 1272 99 66 1173 105 1068 84 41 44 43 1047 1022 994 957 908 787 121 99 69 49 764 742 671 71 46 648 299 119 349
is_linear=0
shrinkage=0.1


Tree=53
num_leaves=31
num_cat=0
split_feature=9 5 5 4 4 5 4 7 3 3 8 7 7 3 7 8 10 8 4 4 3 7 9 7 5 3 1 1 10 10
split_gain=0.00591833 0.0238338 0.0159977 0.0198438 0.0290816 0.0118821 0.0321241 0.0285344 0.0230872 0.0331999 0.0319096 0.0103346 0.0305978 0.0178914 0.013014 0.0119316 0.0110745 0.0427083 0.0251275 0.037438 0.0356601 0.0297946 0.0216595 0.023366 0.0174532 0.0348378 0.0161288 0.0177918 0.0156279 0.0467736
threshold=73.125194549560561 73.079502105712905 67.371635437011733 48.984283447265632 43.025081634521491 52.863252639770515 38.598453521728523 93.494705200195327 48.14656066894532 44.52845764160157 37.09680366516114 55.027532577514656 44.160062789916999 33.315364837646491 40.066024780273445 22.34304237365723 38.127510070800788 33.142192840576179 27.686420440673832 25.303483963012699 32.336433410644538 4.1531798839569101 29.466745376586918 20.647258758544922 30.397915840148929 29.702499389648441 56.500000000000007 62.500000000000007 27.917815208435062 26.756295204162605
decision_type=2 2 2 2 2 2 2 2 2 2 2 2 2 2 2 2 2 2 2 2 2 2 2 2 2 2 2 2 2 2
left_child=1 2 3 4 5 6 8 -7 9 10 11 12 14 -14 16 -13 17 18 19 22 -20 -21 24 -24 25 28 -26 -28 29 -1
right_child=-2 -3 -4 -5 -6 7 -8 -9 -10 -11 -12 15 13 -15 -16 -17 -18 -19 20 21 -22 -23 23 -25 26 -27 27 -29 -30 -31
leaf_value=3.2733249348151054e-05 -0.0013967279437929392 0.0034548299154266715 -0.0028277902258560064 0.0029355931298240372 -0.0031101673158506551 0.0040839753528732967 -0.0034377829602885027 -0.0010144667367317848 0.0030537687018513684 -0.0036261606812477117 0.0037437732938839043 0.0024791627861226778 -0.00065794459107564767 -0.0048877646843902764 0.0023331241578186264 -0.0004927856170318343 -0.0017477698378368387 0.0040496881218412177 0.000546484851631625 0.00044907885202174558 -0.004260037624220731 0.0051599013153463607 -0.0045352592685958372 0.00012817222588983854 0.0037365099573931238 -0.0040081325876103208 -0.0018776743837224785 0.0017069680596857022 0.0020876012695953249 -0.0031607202870989263
leaf_weight=1899 30 20 20 23 30 23 27 21 25 25 23 35 20 20 24 22 36 26 29 29 33 25 22 21 22 22 20 45 35 47
leaf_count=1899 30 20 20 23 30 23 27 21 25 25 23 35 20 20 24 22 36 26 29 29 33 25 22 21 22 22 20 45 35 47
internal_value=4.92379e-13 1.56995e-05 -1.0266e-05 1.11681e-05 -1.46422e-05 2.14082e-05 -6.90372e-06 0.00165063 3.00758e-05 -4.04954e-07 3.65172e-05 1.4568e-06 -3.04785e-05 -0.00277285 1.65001e-05 0.00133209 -7.55831e-06 1.99791e-05 -2.66071e-05 2.96725e-05 -0.00201183 0.00263002 -3.6159e-05 -0.00225777 9.54881e-06 -5.06771e-05 0.00139613 0.000604001 -6.7276e-06 -4.43954e-05
internal_weight=2699 2669 2649 2629 2606 2576 2532 44 2505 2480 2455 2432 2375 40 2335 57 2311 2275 2249 2187 62 54 2133 43 2090 2003 87 65 1981 1946
internal_count=2699 2669 2649 2629 2606 2576 2532 44 2505 2480 2455 2432 2375 40 2335 57 2311 2275 2249 2187 62 54 2133 43 2090 2003 87 65 1981 1946
is_linear=0
shrinkage=0.1


Tree=54
num_leaves=31
num_cat=0
split_feature=3 10 6 4 9 9 9 6 7 9 6 9 4 4 4 4 3 8 1 8 6 9 6 9 1 9 9 6 1 8
split_gain=0.00587818 0.0199532 0.0109068 0.0146044 0.0164991 0.0132378 0.0214944 0.0234147 0.0191156 0.0178913 0.0415036 0.0316658 0.0108132 0.0224161 0.0165771 0.0120597 0.0182424 0.032192 0.0484367 0.0266219 0.0214346 0.0454105 0.0349191 0.0329057 0.031852 0.0266617 0.0481104 0.0256397 0.050114 0.0215806
threshold=76.739543914794936 69.04422760009767 52.564722061157234 41.76245307922364 45.723308563232429 42.912139892578132 40.52668762207032 37.647924423217781 13.20496702194214 35.489023208618171 34.499145507812507 36.376987457275398 27.686420440673832 29.209688186645511 25.303483963012699 24.748035430908207 36.166883468627937 25.966817855834964 62.500000000000007 23.849312782287601 25.688879966735843 25.618421554565433 26.405796051025394 25.095499992370609 58.500000000000007 23.581592559814457 23.215559959411625 24.253949165344242 66.500000000000014 20.863481521606449
decision_type=2 2 2 2 2 2 2 2 2 2 2 2 2 2 2 2 2 2 2 2 2 2 2 2 2 2 2 2 2 2
left_child=1 2 3 4 5 6 7 9 -9 10 12 -11 14 -14 15 16 17 20 -19 -18 21 23 -22 25 -24 26 29 28 -27 -1
right_child=-2 -3 -4 -5 -6 -7 -8 8 -10 11 -12 -13 13 -15 -16 -17 19 18 -20 -21 22 -23 24 -25 -26 27 -28 -29 -30 -31
leaf_value=-2.8973860768406844e-05 -0.0012032315717078745 0.0031647710641846058 -0.0016240383566516203 0.002110093380465652 -0.002228676217297713 0.0020116215306298919 -0.0026650210733835896 0.00024159577675163745 0.0046137335058301686 -0.0049433838506229219 0.0039983549155294899 0.00049725962276368036 -0.0036334127411246303 0.00026442517814252324 0.0017311117238238115 -0.0021672964537104308 0.00045236008175249612 0.0053057857268088687 -0.0009644190695822048 -0.0045829366072125382 -0.0040998708174535721 0.0042897798400372269 -0.0029197581445000002 -0.003844861528109918 0.0012928579468280078 0.006031486059405974 -0.0040746985645643595 -0.00042063166401931087 -0.00026823972432833655 0.0019998587107423831
leaf_weight=1802 40 20 41 33 33 33 30 20 20 20 26 23 25 36 55 26 21 28 22 21 33 25 28 22 50 28 29 32 23 54
leaf_count=1802 40 20 41 33 33 33 30 20 20 20 26 23 25 36 55 26 21 28 22 21 33 25 28 22 50 28 29 32 23 54
internal_value=3.44469e-12 1.81005e-05 -5.74693e-06 1.97919e-05 -7.10084e-06 2.18533e-05 -4.42211e-06 2.79059e-05 0.00242766 -1.16125e-05 2.48214e-05 -0.00203327 -1.89548e-05 -0.00133305 1.59124e-05 -2.61268e-05 -1.02739e-06 3.88159e-05 0.0025469 -0.00206529 -2.017e-05 5.43547e-05 -0.00137303 1.1458e-06 -0.000219363 4.41398e-05 -3.30954e-05 0.00179822 0.00319043 3.00547e-05
internal_weight=2699 2659 2639 2598 2565 2532 2499 2469 40 2429 2386 43 2360 61 2299 2244 2218 2176 50 42 2126 2015 111 1990 78 1968 1885 83 51 1856
internal_count=2699 2659 2639 2598 2565 2532 2499 2469 40 2429 2386 43 2360 61 2299 2244 2218 2176 50 42 2126 2015 111 1990 78 1968 1885 83 51 1856
is_linear=0
shrinkage=0.1


Tree=55
num_leaves=31
num_cat=0
split_feature=3 8 4 4 7 3 10 3 3 10 5 10 9 8 3 3 3 9 4 4 7 9 4 4 7 10 7 9 8 8
split_gain=0.00578949 0.0173483 0.0161306 0.0213204 0.0368593 0.0114821 0.0379217 0.0146566 0.017058 0.0128098 0.0107435 0.0156671 0.0101014 0.00978898 0.0242829 0.0415088 0.0230242 0.0271454 0.0205094 0.0338129 0.0204943 0.0204265 0.0311762 0.0292542 0.0176648 0.0166774 0.0201009 0.0232352 0.0306185 0.0167673
threshold=4.4582238197326669 4.2213339805603036 3.7857285737991337 4.4739868640899667 3.8111041784286503 10.79987668991089 11.138640880584719 10.522937297821047 10.311457157135012 11.601076602935791 12.273149013519287 12.211983203887941 10.073456287384035 12.241129875183107 15.667819976806642 16.14762115478516 16.833426475524906 16.352540969848636 13.592926025390627 12.887328624725344 1.8350474238395691 12.655525207519533 11.153771400451662 9.1119728088378924 5.6879727840423593 15.015979290008547 1.0043253898620608 10.744418144226076 10.395209312438967 8.2711019515991229
decision_type=2 2 2 2 2 2 2 2 2 2 2 2 2 2 2 2 2 2 2 2 2 2 2 2 2 2 2 2 2 2
left_child=-1 -2 -3 4 -4 7 -7 8 -5 12 -11 -12 -8 21 18 -16 17 -17 19 20 -15 25 23 -23 -25 26 -13 29 -29 -28
right_child=1 2 3 5 -6 6 9 -9 -10 10 11 13 -14 14 15 16 -18 -19 -20 -21 -22 22 -24 24 -26 -27 27 28 -30 -31
leaf_value=0.0011376921235668389 -0.0021124015808499492 0.0020855114971463744 -0.003934554616654558 0.00057726639779416805 0.0013648093168047212 -0.0032352471475590124 0.00016723294604823673 0.003180447404738516 -0.0023656887179684073 -0.0021453076663116616 0.0023320688649878969 0.0025564742297865452 0.0031975891991433778 0.00017824566116203265 -0.0033436156172109281 0.0041052169949298018 -7.1252596334718979e-05 -0.00049509145572538616 0.0032606944717101858 -0.0024215637561704577 0.0029878670783797679 -0.002766238699868237 -0.0052085118577815601 -0.0013323502564478828 0.002378669206920112 0.0017931161664607718 -0.0013674710893057003 -0.0044417122782518465 -0.00050658839999971009 0.0021082748339644503
leaf_weight=44 39 37 35 317 21 37 22 20 21 24 28 20 22 58 38 29 1446 23 37 29 47 44 20 23 29 43 23 30 58 35
leaf_count=44 39 37 35 317 21 37 22 20 21 24 28 20 22 58 38 29 1446 23 37 29 47 44 20 23 29 43 23 30 58 35
internal_value=-3.70685e-12 -1.88544e-05 1.23567e-05 -1.73861e-05 -0.00194729 2.54497e-05 -6.12994e-05 0.000550064 0.00039442 -6.1133e-06 -4.17635e-05 -1.72562e-05 0.00168241 -4.96288e-05 4.61417e-05 -7.97034e-05 3.09275e-06 0.00207047 0.00117654 0.000601065 0.00143589 -0.000552645 -0.00161679 -0.000868512 0.000737257 3.79798e-05 -0.000416664 -0.000823943 -0.00184811 0.000729962
internal_weight=2699 2655 2616 2579 56 2523 2165 358 338 2128 2084 2060 44 2032 1707 1536 1498 52 171 134 105 325 116 96 52 209 166 146 88 58
internal_count=2699 2655 2616 2579 56 2523 2165 358 338 2128 2084 2060 44 2032 1707 1536 1498 52 171 134 105 325 116 96 52 209 166 146 88 58
is_linear=0
shrinkage=0.1


Tree=56
num_leaves=31
num_cat=0
split_feature=3 9 1 7 7 3 8 6 7 7 7 1 8 7 7 1 7 7 1 7 6 6 10 5 8 9 8 4 7 9
split_gain=0.0054685 0.0195604 0.0095277 0.0072854 0.0105959 0.0128414 0.0113354 0.0197859 0.0125331 0.0190324 0.0460615 0.0310409 0.029116 0.0131051 0.0376277 0.0135305 0.0312704 0.0342106 0.028501 0.0159155 0.0124131 0.0341551 0.0204589 0.0313041 0.0179855 0.0157156 0.0274043 0.0215282 0.0220117 0.0433006
threshold=5.628373622894288 5.0904650688171396 44.500000000000007 0.080522034317255006 0.15658739954233172 7.0532796382904062 7.8321146965026864 8.9018902778625506 0.24145524948835373 0.45802962779998785 0.53207603096961986 66.500000000000014 12.79426956176758 0.61878645420074474 0.68739992380142223 50.500000000000007 20.647258758544922 8.5650296211242694 51.500000000000007 2.8761054277420048 9.6422748565673846 10.183762073516847 13.215024948120117 14.083513736724855 9.6074280738830584 12.083498954772951 11.192269325256349 10.962353706359865 18.508046150207523 13.383395195007326
decision_type=2 2 2 2 2 2 2 2 2 2 2 2 2 2 2 2 2 2 2 2 2 2 2 2 2 2 2 2 2 2
left_child=-1 -2 -3 -4 -5 -6 -7 -8 -9 11 -11 12 -10 -12 -15 16 17 19 -17 -16 -20 -22 24 -24 -23 -25 -27 28 29 -28
right_child=1 2 3 4 5 6 7 8 9 10 13 -13 -14 14 15 18 -18 -19 20 -21 21 22 23 25 -26 26 27 -29 -30 -31
leaf_value=0.00072946047593811251 -0.0028114658929407599 0.00166215861125452 -0.001757044571180207 0.0016733124474617275 0.001493680596144663 -0.00076402115793722985 0.0024699628163944 -0.0020311648116236735 0.00097866779814163841 -0.00389375762653447 0.002100794645556217 -0.00075504095477395153 0.0057682300452142959 -0.0034419080991938246 -0.0026846581697463992 0.0031882198840572406 0.001373329939503622 -0.0050845979329164105 0.0021568827042183665 0.0011000400884076953 -0.0030102442256237909 -0.00066286294321928714 -0.0030384378363926185 0.0017379135578756595 0.0019927066314886226 -0.002089415172175054 -0.0015996286024649938 -6.9840139945297005e-05 -0.00048098190387356547 0.0032966437340914974
leaf_weight=99 25 34 24 37 54 212 32 31 30 31 29 38 22 32 20 29 35 27 27 25 37 35 34 52 94 62 24 1344 51 73
leaf_count=99 25 34 24 37 54 212 32 31 30 31 29 38 22 32 20 29 35 27 27 25 37 35 34 52 94 62 24 1344 51 73
internal_value=8.84875e-12 -2.77756e-05 -7.49482e-07 -2.30001e-05 -6.46573e-06 -3.15269e-05 -6.54763e-05 1.41235e-06 -3.479e-05 -6.01849e-06 -6.81782e-05 0.00141744 0.00300502 -9.75804e-06 -4.03458e-05 1.49361e-05 -0.0010786 -0.0022705 7.7776e-05 -0.000582048 2.85655e-05 -3.25319e-06 5.96404e-05 -3.57381e-05 0.0012722 2.78309e-05 -2.93919e-05 5.62123e-05 0.0012009 0.00208519
internal_weight=2699 2600 2575 2541 2517 2480 2426 2214 2182 2151 2061 90 52 2030 2001 1969 107 72 1862 45 1833 1806 1769 1640 129 1606 1554 1492 148 97
internal_count=2699 2600 2575 2541 2517 2480 2426 2214 2182 2151 2061 90 52 2030 2001 1969 107 72 1862 45 1833 1806 1769 1640 129 1606 1554 1492 148 97
is_linear=0
shrinkage=0.1


Tree=57
num_leaves=31
num_cat=0
split_feature=1 7 4 10 7 4 8 9 9 9 6 6 4 8 8 1 4 7 8 6 7 1 1 7 7 1 1 5 3 3
split_gain=0.00520264 0.0149767 0.00709934 0.0345473 0.0352966 0.0254866 0.0103218 0.0178771 0.0135018 0.0173814 0.0212727 0.0137903 0.0162712 0.0101694 0.0120943 0.0552017 0.0152691 0.0116808 0.0299752 0.0113183 0.00968467 0.0277101 0.0426168 0.0442941 0.0317886 0.0354498 0.0316086 0.0335939 0.0330201 0.0606031
threshold=74.500000000000014 2.3794535398483281 48.984283447265632 75.518630981445327 8.6769771575927752 43.025081634521491 43.36273384094239 45.723308563232429 42.912139892578132 40.52668762207032 37.647924423217781 35.479139328002937 30.749659538269047 31.30210113525391 28.886590957641605 65.500000000000014 26.827582359313968 0.27797731757164007 15.278325557708742 10.597020626068117 1.6487218141555788 72.500000000000014 66.500000000000014 0.50137722492218029 1.3858600258827212 57.500000000000007 55.500000000000007 14.859738349914553 15.201845645904543 20.097723007202152
decision_type=2 2 2 2 2 2 2 2 2 2 2 2 2 2 2 2 2 2 2 2 2 2 2 2 2 2 2 2 2 2
left_child=2 -2 5 4 -4 6 7 8 9 10 11 12 13 14 16 -16 17 18 19 -1 21 22 24 -24 26 -26 27 -19 -28 -30
right_child=1 -3 3 -5 -6 -7 -8 -9 -10 -11 -12 -13 -14 -15 15 -17 -18 20 -20 -21 -22 -23 23 -25 25 -27 28 -29 29 -31
leaf_value=0.00085318265496319996 0.001137469198544171 -0.0021572710615834472 0.00019571603431055943 -0.0015771892792995899 0.0058838793076574809 -0.0029049016333495582 0.001840533344675937 -0.0026039742828848269 0.0021057894738811637 -0.0023865820933133366 0.0023519173813744999 -0.0021330911786450694 0.0023786015262634592 -0.0021446390180658039 -0.00080903417383057941 0.0055502719024107571 -0.0027057413898763203 0.00015591436885702224 0.0042763878181259233 -0.0013497790845576675 8.0277191311123699e-05 -0.0032601592498394897 -0.0019986801068157408 0.0021615960143032699 -0.0063898079143837093 -0.00087749845718332982 -0.00030938788142807674 0.0048105533234775073 -0.005631368091279591 0.00013174016753004657
leaf_weight=86 22 37 24 31 20 30 31 26 31 30 39 30 29 22 39 21 21 69 22 32 1484 32 33 114 20 28 203 20 37 36
leaf_count=86 22 37 24 31 20 30 31 26 31 30 39 30 29 22 39 21 21 69 22 32 1484 32 33 114 20 28 203 20 37 36
internal_value=-2.15549e-12 -0.000928724 2.07556e-05 0.000979759 0.00278124 -7.28546e-06 2.70059e-05 4.55404e-06 3.19236e-05 5.65066e-06 3.53432e-05 -2.64935e-06 2.4571e-05 -4.86712e-06 1.5627e-05 0.00141672 -2.19527e-05 3.48032e-06 0.000887581 0.000255769 -5.61411e-05 -0.000398109 -0.000234563 0.00122766 -0.000755014 -0.00317429 -0.000436862 0.0012019 -0.000965303 -0.00278929
internal_weight=2699 59 2640 75 44 2565 2535 2504 2478 2447 2417 2378 2348 2319 2297 60 2237 2216 140 118 2076 592 560 147 413 48 365 89 276 73
internal_count=2699 59 2640 75 44 2565 2535 2504 2478 2447 2417 2378 2348 2319 2297 60 2237 2216 140 118 2076 592 560 147 413 48 365 89 276 73
is_linear=0
shrinkage=0.1


Tree=58
num_leaves=31
num_cat=0
split_feature=1 4 4 5 9 5 5 9 9 5 5 3 9 3 7 7 5 4 9 10 8 3 4 1 7 9 7 5 9 4
split_gain=0.00502822 0.0137899 0.0570955 0.02106 0.0177286 0.0172417 0.030718 0.0412185 0.0375399 0.0178633 0.0156069 0.0499937 0.0403099 0.0213193 0.0240133 0.0471142 0.0209086 0.0158563 0.0155133 0.0301306 0.0364559 0.0303223 0.0221721 0.0154376 0.0141547 0.0349499 0.0482959 0.0544636 0.0276845 0.0401135
threshold=63.500000000000007 33.957532882690437 41.76245307922364 58.240224838256843 37.921020507812507 37.867122650146491 35.312089920043952 30.662393569946296 29.055979728698734 32.041353225708015 24.367860794067386 25.718162536621097 21.664365768432621 26.478570938110355 4.6595811843872079 9.6538262367248553 25.503722190856937 17.710134506225589 20.902315139770511 21.11716461181641 17.794635772705082 20.933710098266605 12.606874465942385 68.500000000000014 2.2127965688705449 17.546682357788089 2.7667118310928349 18.679253578186039 15.407477378845217 12.944083213806154
decision_type=2 2 2 2 2 2 2 2 2 2 2 2 2 2 2 2 2 2 2 2 2 2 2 2 2 2 2 2 2 2
left_child=-1 4 -3 -4 5 6 7 8 9 10 12 16 18 -13 -15 -16 -12 -17 19 21 22 24 -21 -5 28 26 -26 -28 29 -2
right_child=1 2 3 23 -6 -7 -8 -9 -10 -11 11 13 -14 14 15 17 -18 -19 -20 20 -22 -23 -24 -25 25 -27 27 -29 -30 -31
leaf_value=0.00012886570895822232 0.0001346344068297185 -0.0046741719022534338 0.0029464112975719301 -0.0028032043727026102 0.0021359132195357235 -0.0023360734784920868 0.0027440536295455929 -0.0044329402248629119 0.0039361674368948397 -0.0028450443618567079 0.0013357306550056416 -0.0025960037131991351 -0.0044129546691218154 0.0026606573260411805 -0.0048179614782566209 -0.00092663303138189291 0.0049102941264087957 0.0023563336314363107 0.0024529583688656042 -0.0028071755007840695 -0.0050086707907861898 0.0035338490938200901 0.0017454205981820175 0.00094689772990734673 -0.0035359192979880251 -0.0037354158329297653 -0.0004320635886347675 0.0036742745876276435 0.0019181956735268659 -0.0045195323019288488
leaf_weight=1427 250 33 22 21 36 34 38 22 23 24 36 33 23 31 20 28 30 31 22 20 28 23 23 23 39 33 188 39 79 20
leaf_count=1427 250 33 22 21 36 34 38 22 23 24 36 33 23 31 20 28 30 31 22 20 28 23 23 23 39 33 188 39 79 20
internal_value=5.91808e-12 -0.000144569 -0.00127793 0.000420188 -4.8914e-05 -0.000118091 -4.97212e-05 -0.000149405 -5.90526e-05 -0.000149141 -8.41793e-05 0.000683965 -0.000288172 -0.000366758 0.000302016 -0.000623527 0.00296053 0.000798316 -0.000163997 -0.000241588 -0.00220059 -3.43024e-05 -0.000372066 -0.000842924 -0.00016095 -0.000665889 -0.000285083 0.000273431 0.000271649 -0.000210119
internal_weight=2699 1272 99 66 1173 1137 1103 1065 1043 1020 996 209 787 143 110 79 66 59 764 742 71 671 43 44 648 299 266 227 349 270
internal_count=2699 1272 99 66 1173 1137 1103 1065 1043 1020 996 209 787 143 110 79 66 59 764 742 71 671 43 44 648 299 266 227 349 270
is_linear=0
shrinkage=0.1


Tree=59
num_leaves=31
num_cat=0
split_feature=4 8 9 8 8 8 4 9 5 9 9 3 7 9 7 8 9 4 5 5 10 10 4 10 5 5 4 9 5 10
split_gain=0.00432215 0.03394 0.0326555 0.0184583 0.0168495 0.0214771 0.0276561 0.0329225 0.0261166 0.0210469 0.0153029 0.0201304 0.0159239 0.0457774 0.0204807 0.0188232 0.0149772 0.02569 0.0355562 0.0393098 0.0233264 0.0333864 0.0216312 0.0185015 0.0166051 0.0574152 0.0449391 0.0346243 0.0665592 0.0532285
threshold=10.962353706359865 15.338119029998779 17.07313442230225 13.142509937286379 12.241129875183107 13.142509937286379 12.393364906311037 15.926529407501222 14.859738349914553 12.655525207519533 15.029726982116701 18.989957809448246 8.6769771575927752 12.432129859924318 7.2407789230346689 9.7000136375427264 14.620434761047365 13.171726226806642 17.053933143615726 17.776271820068363 18.459301948547367 18.855884552001957 14.964682579040529 21.969299316406254 20.921563148498539 21.264575004577644 14.340168952941896 19.166774749755863 22.057140350341804 22.099006652832035
decision_type=2 2 2 2 2 2 2 2 2 2 2 2 2 2 2 2 2 2 2 2 2 2 2 2 2 2 2 2 2 2
left_child=1 2 3 10 9 8 7 -7 -6 -2 11 12 14 -14 -1 -16 -8 23 -19 -20 22 -22 -21 -18 26 -26 -23 -27 -29 -30
right_child=4 -3 -4 -5 5 6 16 -9 -10 -11 -12 -13 13 -15 15 -17 17 18 19 20 21 24 -24 -25 25 27 -28 28 29 -31
leaf_value=6.8542681778726271e-05 0.00036733132067390468 0.0034724101983010774 -0.0033080674838856794 0.0022592008940409869 -0.00057986905348712001 0.00019569874686353348 -0.0020150806830340142 -0.0041148739646667161 0.0033827454147215652 -0.0037994287390675815 -0.0026028888543979042 0.0023813281514632862 0.00018571762333234994 -0.0044275777329069871 0.00022051638050470503 0.0045590873551554978 0.0032894442643737424 -0.0030424444757115384 0.0038711655598420366 -0.00020037806015866605 0.0040766140352934601 -0.005538615211844445 -0.0046394612906234603 -0.00043561827638768599 0.0048958455484050013 0.0023528698059779251 -8.7210782728488416e-05 -0.0047425372443432295 0.0041838623422743946 -0.00016235804997692259
leaf_weight=764 22 30 28 40 29 34 37 37 39 27 21 38 76 30 20 20 40 39 26 23 20 20 21 20 24 57 62 31 29 995
leaf_count=764 22 30 28 40 29 34 37 37 39 27 21 38 76 30 20 20 40 39 26 23 20 20 21 20 24 57 62 31 29 995
internal_value=1.12393e-11 0.000156504 6.05765e-05 0.000154057 -0.000102322 -4.57908e-05 -0.000123827 -0.00205066 0.00169281 -0.00192864 6.71576e-05 0.000126304 3.21383e-05 -0.00111993 0.000184028 0.0023898 -2.90866e-05 2.31392e-05 -6.70442e-05 2.16719e-05 -5.6399e-05 2.40177e-05 -0.00231903 0.00204776 -4.25274e-05 5.66734e-05 -0.00141682 -4.77692e-05 -0.000177472 -3.92717e-05
internal_weight=2699 1067 1037 1009 1632 1583 1515 71 68 49 969 948 910 106 804 40 1444 1407 1347 1308 1282 1238 44 60 1218 1136 82 1112 1055 1024
internal_count=2699 1067 1037 1009 1632 1583 1515 71 68 49 969 948 910 106 804 40 1444 1407 1347 1308 1282 1238 44 60 1218 1136 82 1112 1055 1024
is_linear=0
shrinkage=0.1


Tree=60
num_leaves=31
num_cat=0
split_feature=7 7 7 7 9 4 4 8 5 7 5 9 9 3 10 8 4 3 9 9 5 1 6 6 6 7 6 8 4 8
split_gain=0.00440357 0.0320709 0.0409344 0.0204984 0.0197395 0.0188055 0.0141211 0.0138992 0.0234667 0.0807571 0.0446306 0.0219811 0.0262436 0.0248634 0.0341719 0.036803 0.0187306 0.0294341 0.0270787 0.0235587 0.0182306 0.0136778 0.011583 0.0729245 0.0503104 0.0255269 0.0167773 0.0258859 0.0181441 0.0195989
threshold=55.027532577514656 42.379907608032234 40.066024780273445 67.04483795166017 24.943508148193363 30.749659538269047 21.805419921875004 65.842441558837905 52.863252639770515 14.750447273254396 49.683567047119148 42.912139892578132 40.187406539916999 40.227567672729499 38.127510070800788 33.142192840576179 27.686420440673832 32.336433410644538 31.251677513122562 29.466745376586918 33.165504455566413 60.500000000000007 26.771781921386722 26.405796051025394 27.383481979370121 3.9782803058624272 25.56931304931641 24.07590484619141 21.508452415466312 20.863481521606449
decision_type=2 2 2 2 2 2 2 2 2 2 2 2 2 2 2 2 2 2 2 2 2 2 2 2 2 2 2 2 2 2
left_child=1 2 7 -2 -3 6 -5 8 10 -10 11 12 13 14 15 16 18 -18 19 20 22 -21 23 26 -24 -26 27 28 29 -1
right_child=3 4 -4 5 -6 -7 -8 -9 9 -11 -12 -13 -14 -15 -16 -17 17 -19 -20 21 -22 -23 24 -25 25 -27 -28 -29 -30 -31
leaf_value=-6.9424218247135443e-05 0.0024593239446403462 0.00015724154564807015 0.0045309090046794153 -0.0004841331625721068 -0.0036455449839241996 -0.0022182306289323605 0.0024439208059837776 -0.0022678752878197918 -0.0011935765043862405 0.0067284489622000945 -0.0047366854455322032 0.0026524664961823053 -0.0031873054300936374 0.0030243714512498293 -0.0041434719576500358 0.0037489260708053525 0.00057520668889428004 -0.0037916109834578958 0.003354023567711314 -0.00042824397794902327 0.0027079011918976904 -0.0040039631689939162 -0.0049021338904276495 0.0054049924337305133 -0.0022790638532023881 0.0022485039122825999 -0.0020316470060185192 0.0034231802681460978 -0.0022504823760957355 0.0012310950368109551
leaf_weight=1769 40 21 20 40 39 32 28 27 31 22 20 31 26 27 20 26 29 33 24 20 25 23 25 25 20 33 41 22 36 124
leaf_count=1769 40 21 20 40 39 32 28 27 31 22 20 31 26 27 20 26 29 33 24 20 25 23 25 25 20 33 41 22 36 124
internal_value=3.53756e-12 -2.98765e-05 2.49781e-05 0.0005461 -0.00231457 -0.000219189 0.000721536 -1.13748e-05 1.34725e-05 0.00209481 -3.25095e-05 7.03796e-06 -2.78889e-05 7.48785e-06 -2.80049e-05 8.17503e-06 -3.50706e-05 -0.00174907 1.352e-05 -2.35452e-05 2.34565e-05 -0.00234084 -8.57746e-06 3.7662e-05 -0.00120428 0.000539988 -2.96991e-05 1.23716e-05 -2.65283e-05 1.57656e-05
internal_weight=2699 2559 2499 140 60 100 68 2479 2452 53 2399 2379 2348 2322 2295 2275 2249 62 2187 2163 2120 43 2095 2017 78 53 1992 1951 1929 1893
internal_count=2699 2559 2499 140 60 100 68 2479 2452 53 2399 2379 2348 2322 2295 2275 2249 62 2187 2163 2120 43 2095 2017 78 53 1992 1951 1929 1893
is_linear=0
shrinkage=0.1


Tree=61
num_leaves=31
num_cat=0
split_feature=3 9 1 7 7 3 10 6 6 4 4 4 8 9 7 7 4 7 4 9 7 7 7 7 4 5 5 7 4 6
split_gain=0.00410551 0.0158378 0.00772949 0.00617006 0.00771314 0.010859 0.00985994 0.00690921 0.0127715 0.0676863 0.00845187 0.0156244 0.0146173 0.0226366 0.00671699 0.012894 0.00915559 0.0320635 0.02255 0.0204168 0.0452998 0.0198053 0.0474443 0.0433009 0.0420429 0.0215376 0.020624 0.0296357 0.063351 0.0248577
threshold=5.628373622894288 5.0904650688171396 44.500000000000007 0.080522034317255006 0.15658739954233172 7.0532796382904062 7.66556739807129 7.3083138465881357 7.9538640975952157 6.0267744064331064 6.2205307483673105 6.5614919662475595 7.5059847831726083 11.995590686798097 0.24145524948835373 0.31833058595657354 26.465429306030277 0.72861710190773021 27.686420440673832 34.038253784179695 105.32255935668947 14.296679496765138 18.059884071350101 10.122266292572023 30.28522872924805 58.240224838256843 36.246574401855476 2.2127965688705449 38.598453521728523 38.271751403808601
decision_type=2 2 2 2 2 2 2 2 2 2 2 2 2 2 2 2 2 2 2 2 2 2 2 2 2 2 2 2 2 2
left_child=-1 -2 -3 -4 -5 -6 -7 -8 9 -9 12 -12 -10 -14 -13 -16 19 -18 -19 -17 -21 23 -23 25 -24 26 -20 -28 29 -29
right_child=1 2 3 4 5 6 7 8 10 -11 11 14 13 -15 15 16 17 18 21 20 -22 22 24 -25 -26 -27 27 28 -30 -31
leaf_value=0.00063204996904000794 -0.0025289015471935275 0.001498038201894173 -0.0016155889801060159 0.0014286010903683871 0.0013765952705095212 -0.0018291735225507328 0.0014253096072934569 -0.0043709057956496543 -0.00053161007504160006 0.003001622195588425 -0.0024519336383996742 -0.001405610606722933 0.0032655273003911137 -0.00067162172484171135 0.0021228404615872671 -7.809054858998009e-05 0.0040282537796251152 0.0026629971209772385 -0.0016820580289332256 -0.0054803686682134874 0.00086678477895000714 0.0051785980040828386 0.0036961350333876912 -0.0044019109199455548 -0.00089812942599991764 -0.0027224285098222589 0.0046331858681514862 0.00032615560697964754 -0.0041594244285740635 0.0050154536310583354
leaf_weight=99 25 34 24 37 54 31 32 33 45 20 27 35 40 23 28 1692 23 33 33 22 23 21 25 28 98 26 20 26 22 20
leaf_count=99 25 34 24 37 54 31 32 33 45 20 27 35 40 23 28 1692 23 33 33 22 23 21 25 28 98 26 20 26 22 20
internal_value=-3.95595e-12 -2.40665e-05 2.52264e-07 -1.97889e-05 -4.57274e-06 -2.59548e-05 -5.71739e-05 -3.42378e-05 -5.40032e-05 -0.00158882 -1.87888e-05 -6.11505e-05 0.00084492 0.00182816 -3.14718e-05 -8.99757e-06 -3.72606e-05 0.000410845 0.00017448 -0.000134002 -0.00223627 -8.29524e-05 0.000785675 -0.000797709 3.56642e-05 -0.000111194 0.000449897 0.00124938 0.000254144 0.00236498
internal_weight=2699 2600 2575 2541 2517 2480 2426 2395 2363 53 2310 2202 108 63 2175 2140 2112 375 352 1737 45 319 144 175 123 147 121 88 68 46
internal_count=2699 2600 2575 2541 2517 2480 2426 2395 2363 53 2310 2202 108 63 2175 2140 2112 375 352 1737 45 319 144 175 123 147 121 88 68 46
is_linear=0
shrinkage=0.1


Tree=62
num_leaves=31
num_cat=0
split_feature=4 3 9 4 9 6 9 5 3 10 7 7 9 1 7 6 8 8 9 8 4 4 9 10 6 4 8 9 9 6
split_gain=0.0049323 0.0195988 0.0137753 0.0150157 0.0219557 0.0107763 0.0108144 0.0184193 0.0331723 0.0275113 0.0128282 0.0193473 0.00837104 0.0604215 0.048532 0.0279977 0.0086196 0.0128215 0.0128007 0.0142784 0.0268187 0.0266437 0.00893438 0.0142443 0.0182661 0.0123685 0.0302204 0.0177794 0.0455555 0.0499446
threshold=60.946918487548835 81.245563507080092 62.949447631835945 48.984283447265632 51.237966537475593 47.964429855346687 45.126749038696296 48.012481689453132 44.52845764160157 42.853467941284187 55.027532577514656 47.73957824707032 35.489023208618171 66.500000000000014 9.0579352378845233 33.981397628784187 31.30210113525391 29.893820762634281 30.476410865783695 28.274835586547855 26.086491584777836 25.066827774047855 29.466745376586918 32.810913085937507 27.869508743286136 24.216962814331058 24.278219223022464 24.285367965698246 23.740962982177738 23.378778457641605
decision_type=2 2 2 2 2 2 2 2 2 2 2 2 2 2 2 2 2 2 2 2 2 2 2 2 2 2 2 2 2 2
left_child=2 -2 3 4 5 6 7 8 9 10 11 12 15 14 -14 16 17 18 19 20 21 22 23 24 25 26 27 28 29 -1
right_child=1 -3 -4 -5 -6 -7 -8 -9 -10 -11 -12 -13 13 -15 -16 -17 -18 -19 -20 -21 -22 -23 -24 -25 -26 -27 -28 -29 -30 -31
leaf_value=3.2824420792515818e-05 0.003315705598797649 -0.0011113462690263986 -0.002567627096903466 0.0025476661389288698 -0.0029101086422227899 0.0022664840765563503 -0.0016605797008826181 0.0022955411080537095 -0.0035006663900006701 0.0037174007575958971 0.0014895194622243123 -0.0028665906051173807 -0.00025297828391194344 0.0033057769841564424 -0.0068619742381270041 0.003490361822364123 -0.001826536762662447 0.0022567596286535265 -0.0020384288768494322 0.0024336831566567226 -0.0036638566106557847 0.0034772141783667564 -0.001981009887126477 0.0026566778638516552 -0.0030323940364178274 -0.0021630402916343883 0.0022241736924443699 -0.0014505351797047565 0.0039608050627505473 -0.0040805946911374727
leaf_weight=1836 20 20 21 23 26 21 39 35 27 20 56 24 25 21 20 23 26 25 31 24 20 22 23 20 20 26 61 85 29 30
leaf_count=1836 20 20 21 23 26 21 39 35 27 20 56 24 25 21 20 23 26 25 31 24 20 22 23 20 20 26 61 85 29 30
internal_value=3.40156e-12 0.00110218 -1.65804e-05 3.72744e-06 -1.86475e-05 1.03899e-05 -8.05945e-06 1.74243e-05 -1.45461e-05 2.36076e-05 -6.58276e-06 -4.16232e-05 -1.29797e-05 -0.00112337 -0.00319031 1.88699e-05 -1.61803e-05 4.72083e-06 -2.05602e-05 7.92515e-06 -1.88788e-05 1.49965e-05 -2.07635e-05 6.34493e-07 -2.48187e-05 4.28215e-06 3.18914e-05 -3.56487e-05 2.78159e-05 -3.33077e-05
internal_weight=2699 40 2659 2638 2615 2589 2568 2529 2494 2467 2447 2391 2367 66 45 2301 2278 2252 2227 2196 2172 2152 2130 2107 2087 2067 2041 1980 1895 1866
internal_count=2699 40 2659 2638 2615 2589 2568 2529 2494 2467 2447 2391 2367 66 45 2301 2278 2252 2227 2196 2172 2152 2130 2107 2087 2067 2041 1980 1895 1866
is_linear=0
shrinkage=0.1


Tree=63
num_leaves=31
num_cat=0
split_feature=5 7 7 7 7 7 9 7 7 7 7 8 3 6 10 3 6 9 6 5 9 10 8 9 8 4 4 6 10 4
split_gain=0.00513065 0.0117777 0.0164508 0.0134745 0.0164434 0.0205289 0.0157586 0.012454 0.0788656 0.0331682 0.0291098 0.035441 0.0152343 0.0374632 0.0422541 0.032086 0.0167627 0.0225508 0.011849 0.0387638 0.0152873 0.0187802 0.0236983 0.0173343 0.0324994 0.0311603 0.0145724 0.0183288 0.0257211 0.0246828
threshold=82.549308776855483 123.35581588745119 83.128631591796889 67.04483795166017 55.027532577514656 42.379907608032234 24.943508148193363 20.647258758544922 18.508046150207523 16.869636535644535 22.4524040222168 17.794635772705082 36.166883468627937 23.196759223937992 24.776497840881351 40.699951171875007 17.194630622863773 14.293572425842287 54.259517669677741 49.683567047119148 42.234256744384773 38.127510070800788 33.142192840576179 31.938382148742679 29.239522933959964 27.092626571655277 25.303483963012699 27.869508743286136 29.423236846923832 24.216962814331058
decision_type=2 2 2 2 2 2 2 2 2 2 2 2 2 2 2 2 2 2 2 2 2 2 2 2 2 2 2 2 2 2
left_child=1 2 3 4 5 7 -7 8 9 18 11 -9 13 14 16 -14 17 -12 19 20 21 22 23 24 25 26 27 28 29 -1
right_child=-2 -3 -4 -5 -6 6 -8 10 -10 -11 12 -13 15 -15 -16 -17 -18 -19 -20 -21 -22 -23 -24 -25 -26 -27 -28 -29 -30 -31
leaf_value=2.139602248465333e-05 0.0013004638669857134 -0.001762549258541855 0.0024215981139734922 -0.002600931745255366 0.0020425086345475835 0.0003283384094261454 -0.0030850331488947729 0.00019071993534453213 -0.0040650697655413145 0.002922640999970146 0.0023931884451303632 0.0061439524323213847 -0.004387902773742099 0.003234639674490101 -0.0038483400773257018 0.00049766950286561401 0.0033119636787367723 -0.0021118853066582235 0.0018052009439894134 -0.004225677107884125 0.0023579811685960051 -0.0020349858531161498 0.003007996348494019 -0.0020914297783747315 0.0039242381939575783 -0.0039577038702555004 0.0022745820211379658 -0.0022907107856423993 0.0033424925362772265 -0.003081740745199988
leaf_weight=1814 30 38 28 20 39 21 38 20 48 39 20 20 20 43 25 41 21 25 35 22 27 46 26 40 21 20 28 35 23 26
leaf_count=1814 30 38 28 20 39 21 38 20 48 39 20 20 20 43 25 41 21 25 35 22 27 46 26 40 21 20 28 35 23 26
internal_value=-4.58286e-14 -1.46174e-05 1.06283e-05 -1.53061e-05 4.71423e-06 -2.65255e-05 -0.0018701 1.72455e-05 -5.51038e-05 3.23069e-05 0.000709952 0.00316734 0.000205873 0.00080223 -0.00034715 -0.00110416 0.000979059 -0.00010963 -1.98073e-05 -4.98239e-05 -6.20149e-06 -3.69052e-05 8.30473e-06 -3.05553e-05 1.13537e-05 -3.08716e-05 9.90544e-06 -2.35039e-05 1.90899e-05 -2.24526e-05
internal_weight=2699 2669 2631 2603 2583 2544 59 2485 2250 2202 235 40 195 134 91 61 66 45 2163 2128 2106 2079 2033 2007 1967 1946 1926 1898 1863 1840
internal_count=2699 2669 2631 2603 2583 2544 59 2485 2250 2202 235 40 195 134 91 61 66 45 2163 2128 2106 2079 2033 2007 1967 1946 1926 1898 1863 1840
is_linear=0
shrinkage=0.1


Tree=64
num_leaves=31
num_cat=0
split_feature=1 5 9 3 5 8 6 8 9 1 1 10 5 9 8 7 9 5 1 6 3 5 3 7 6 6 4 6 1 4
split_gain=0.00417613 0.0111227 0.0144835 0.0266811 0.053789 0.0482295 0.0161901 0.0639697 0.0554021 0.0351125 0.0233716 0.0339035 0.0233529 0.0227868 0.0290521 0.0701852 0.0366045 0.0590971 0.0440911 0.0227414 0.0196844 0.0189631 0.02503 0.0259756 0.0202464 0.0516578 0.0285754 0.0147843 0.0147045 0.0127606
threshold=63.500000000000007 82.549308776855483 51.237966537475593 47.11225891113282 45.51715278625489 34.768505096435554 22.498566627502445 20.747920036315922 23.441194534301761 58.500000000000007 61.500000000000007 35.59746170043946 33.165504455566413 21.167479515075687 17.503193855285648 2.4261336326599126 17.175343513488773 20.615848541259769 60.500000000000007 16.703270912170414 40.227567672729499 26.584615707397464 26.906012535095218 2.6206585168838505 28.155976295471195 26.870123863220218 24.748035430908207 19.692155838012699 59.500000000000007 13.41228771209717
decision_type=2 2 2 2 2 2 2 2 2 2 2 2 2 2 2 2 2 2 2 2 2 2 2 2 2 2 2 2 2 2
left_child=1 2 3 4 5 6 7 13 9 -8 11 21 -12 14 16 -16 19 -18 -19 29 -13 -10 -23 -24 25 -25 -26 -17 -5 -1
right_child=-2 -3 -4 28 -6 -7 8 -9 10 -11 12 20 -14 -15 15 27 17 18 -20 -21 -22 22 23 24 26 -27 -28 -29 -30 -31
leaf_value=0.00022178928318427571 -0.00013175096250761159 0.0024591040425002578 -0.0019861085354491619 0.0042069266860683763 -0.0050958164161420431 0.0039641115668928254 -0.0011138734710402786 0.0058261128258891405 -0.0025920723056928677 -0.0070394539064727729 -0.00017844457989153655 -0.0050948742078617219 0.0044339177402434871 -0.0028080600421302596 -0.0019399216273866063 0.0063419215458755691 -0.0061564005562104286 -0.0024115179464893628 0.0032708190239976506 0.0029381083603948355 -0.00086463787592947492 0.0036648315081203526 -0.0032949678064323959 0.0016207814217360024 0.0049387254042639623 -0.0045310081204488163 -0.0002780442625018103 0.0028319009845810279 0.00066855069978729535 -0.0017340655828177532
leaf_weight=711 1272 20 33 24 20 32 20 20 22 20 23 22 21 26 28 21 24 36 22 30 22 22 20 39 21 21 21 28 23 35
leaf_count=711 1272 20 33 24 20 32 20 20 22 20 23 22 21 26 28 21 24 36 22 30 22 22 20 39 21 21 21 28 23 35
internal_value=-8.50955e-12 0.00011744 8.41543e-05 0.000133877 5.09448e-05 0.000129702 3.34655e-05 0.000228544 -0.000617459 -0.00407666 -7.27018e-05 -0.000511782 0.00202291 0.000112049 0.00019325 0.00205397 2.62621e-05 -0.00198305 -0.000256149 0.000238587 -0.00297976 0.000142379 0.000560143 2.8076e-07 0.000646408 -0.000532345 0.00233034 0.0043362 0.00247538 0.000130027
internal_weight=2699 1427 1407 1374 1327 1307 1275 981 294 40 254 210 44 961 935 77 858 82 58 776 44 166 144 122 102 60 42 49 47 746
internal_count=2699 1427 1407 1374 1327 1307 1275 981 294 40 254 210 44 961 935 77 858 82 58 776 44 166 144 122 102 60 42 49 47 746
is_linear=0
shrinkage=0.1


Tree=65
num_leaves=31
num_cat=0
split_feature=1 7 7 7 7 4 5 6 8 8 6 7 4 4 7 7 9 7 5 7 10 7 7 10 9 7 8 3 10 9
split_gain=0.00357787 0.0181421 0.0390277 0.0401143 0.0201747 0.0123387 0.0268256 0.00801211 0.0151368 0.00733881 0.016978 0.0144218 0.0129033 0.0120009 0.00865335 0.0179798 0.021424 0.0126157 0.014144 0.00795664 0.00734717 0.00713811 0.0268183 0.0259421 0.0240551 0.0192656 0.0549195 0.030156 0.0453215 0.0332717
threshold=72.500000000000014 5.6879727840423593 3.3095667362213139 1.9122719764709475 0.85119119286537182 15.456255435943605 35.312089920043952 68.500106811523452 55.64509582519532 45.359569549560554 43.842613220214851 14.750447273254396 36.865966796875007 37.700254440307624 55.027532577514656 44.160062789916999 26.212641716003422 123.35581588745119 41.718050003051765 40.066024780273445 31.850399971008304 11.773368835449221 13.87023973464966 38.127510070800788 34.038253784179695 9.0579352378845233 20.566653251647953 32.336433410644538 30.597829818725589 28.179731369018558
decision_type=2 2 2 2 2 2 2 2 2 2 2 2 2 2 2 2 2 2 2 2 2 2 2 2 2 2 2 2 2 2
left_child=7 2 3 4 -2 -3 -7 8 9 10 12 -11 14 -12 15 19 -17 18 20 21 -16 23 -23 24 25 27 -27 28 29 -1
right_child=1 5 -4 -5 -6 6 -8 -9 -10 11 13 -13 -14 -15 17 16 -18 -19 -20 -21 -22 22 -24 -25 -26 26 -28 -29 -30 -31
leaf_value=4.2541428979036516e-05 9.2951512841763263e-05 0.0023380577451579516 -0.0049806905063715856 0.0030430186857791763 -0.0033037891508737472 -0.0029268009983934463 0.0021905144787437861 0.0015127821476198734 -0.0024890314748821159 -0.00030248232047866896 -0.0032833729118395315 0.0031466825505379933 0.0024614067367193376 -0.00034806873959799612 0.0020390739524737004 0.00019997567204492434 -0.0043170867731706017 -0.0010875767795369029 0.0038587519034211128 0.0018803521140438061 -0.0006390292729650226 -0.002230553171561601 -8.2647055387496964e-06 -0.003169507944645981 0.0030482134931454703 -1.7391259658752995e-05 0.004789207390311993 -0.0037616073475441056 0.0040404111346496003 -0.0034986301480482021
leaf_weight=1533 36 31 22 26 34 20 21 36 24 27 26 22 22 30 20 21 21 21 21 23 21 65 330 24 28 85 33 21 28 27
leaf_count=1533 36 31 22 26 34 20 21 36 24 27 26 22 22 30 20 21 21 21 21 23 21 65 330 24 28 85 33 21 28 27
internal_value=1.623e-12 -0.000418393 -0.00118169 -0.000311084 -0.00155689 0.000832564 -0.000305737 3.16838e-05 1.01232e-05 3.46147e-05 9.87972e-06 0.00124612 5.09902e-05 -0.00171089 2.81525e-05 -9.01582e-06 -0.00205856 0.0010308 0.00174832 3.01652e-05 0.000667363 1.0591e-05 -0.000373958 9.59742e-05 0.00014063 9.34895e-05 0.00132683 3.03962e-06 5.2824e-05 -1.87481e-05
internal_weight=2699 190 118 96 70 72 41 2509 2473 2449 2400 49 2344 56 2322 2239 42 83 62 2197 41 2174 395 1779 1755 1727 118 1609 1588 1560
internal_count=2699 190 118 96 70 72 41 2509 2473 2449 2400 49 2344 56 2322 2239 42 83 62 2197 41 2174 395 1779 1755 1727 118 1609 1588 1560
is_linear=0
shrinkage=0.1


Tree=66
num_leaves=31
num_cat=0
split_feature=1 4 4 5 4 9 4 4 4 9 8 4 8 8 8 5 5 5 1 1 3 6 3 1 8 7 7 8 4 3
split_gain=0.00326244 0.0108961 0.049846 0.0175117 0.0140694 0.0313666 0.0345506 0.034539 0.0317193 0.0296083 0.0291603 0.0236056 0.0279641 0.0657515 0.0328496 0.0131437 0.0300497 0.0193271 0.012691 0.0118761 0.0194361 0.10825 0.0415719 0.0198418 0.0169738 0.0154058 0.0292222 0.0239211 0.0218128 0.0205586
threshold=63.500000000000007 33.957532882690437 41.76245307922364 58.240224838256843 23.465190887451175 25.858185768127445 18.670026779174808 20.64978122711182 21.508452415466312 26.557673454284672 27.102826118469242 19.863483428955082 19.499705314636234 20.747920036315922 18.759298324584964 35.312089920043952 37.867122650146491 32.041353225708015 68.500000000000014 65.500000000000014 14.020976543426515 11.439562797546388 15.201845645904543 64.500000000000014 5.0106823444366464 2.3457174301147465 2.6794239282608037 17.591804504394535 15.120884418487551 14.769673347473146
decision_type=2 2 2 2 2 2 2 2 2 2 2 2 2 2 2 2 2 2 2 2 2 2 2 2 2 2 2 2 2 2
left_child=-1 4 -3 -4 5 7 -7 11 -9 -6 -11 12 14 -14 19 17 -17 -12 -5 20 21 23 -22 -2 -21 28 -27 -28 29 -26
right_child=1 2 3 18 9 6 -8 8 -10 10 15 -13 13 -15 -16 16 -18 -19 -20 24 22 -23 -24 -25 25 26 27 -29 -30 -31
leaf_value=0.00010380091844330534 -0.0013374099348272598 -0.0042972113048149784 0.0027663552773777734 -0.0024664026418966907 -0.0027591024030698464 0.00096877796947956096 -0.0035411254922367353 0.0048661410498122377 0.00010320631594493471 0.0040055314340861512 0.0014355264767073096 -0.0029673330590193128 0.0050095891766955688 -0.0016445147322007904 -0.0032190599265907493 0.0041811758186668163 -0.00021758079273262768 -0.0028596531732050195 0.00093376195139211165 -0.0025900625211017379 0.0042332213313784452 -0.0079309775705703293 -0.00091272068803185881 0.0022706219762632695 0.00098329566122534718 -0.0037410383184165274 0.00034080752846694993 -0.0027360185789543075 0.0034073018360529735 -0.0014160661341803564
leaf_weight=1427 35 33 22 21 20 25 53 27 29 32 20 29 33 27 35 25 41 22 23 22 20 22 73 27 173 22 259 28 29 45
leaf_count=1427 35 33 22 21 20 25 53 27 29 32 20 29 33 27 35 25 41 22 23 22 20 22 73 27 173 22 259 28 29 45
internal_value=-1.69027e-12 -0.00011645 -0.0011239 0.000462756 -3.14218e-05 -0.000169062 -0.00209564 -8.34153e-06 0.00239962 0.000840011 0.00135417 -0.00016175 -6.603e-05 0.00201524 -0.000224101 0.000568581 0.00144861 -0.00081433 -0.000689044 -8.52621e-05 -0.000801967 -0.00190457 0.000193934 0.00023383 0.000134213 0.000242008 -0.000228616 4.06294e-05 0.000830765 0.000488015
internal_weight=2699 1272 99 66 1173 1013 78 935 56 160 140 879 850 60 790 108 66 42 44 755 177 84 93 62 578 556 309 287 247 218
internal_count=2699 1272 99 66 1173 1013 78 935 56 160 140 879 850 60 790 108 66 42 44 755 177 84 93 62 578 556 309 287 247 218
is_linear=0
shrinkage=0.1


Tree=67
num_leaves=31
num_cat=0
split_feature=3 8 4 4 7 9 6 7 3 8 9 8 4 3 7 7 4 4 7 7 9 5 10 3 10 3 3 8 10 10
split_gain=0.00341573 0.01397 0.0116412 0.0233076 0.0408947 0.00895385 0.00836148 0.00747722 0.0105624 0.00923975 0.0209021 0.0184454 0.0103007 0.0127265 0.00720342 0.00646847 0.00645296 0.0059419 0.00614232 0.0380781 0.0309841 0.0588091 0.0396997 0.0641233 0.0362411 0.0343972 0.0238163 0.0211347 0.0187504 0.0361329
threshold=5.2932024002075204 4.0516512393951425 3.7857285737991337 4.4739868640899667 3.8111041784286503 4.5880508422851571 6.2308459281921396 0.12116374820470806 7.2425532341003427 7.2844197750091562 8.2765817642211932 6.5418510437011728 6.312303066253663 13.856694221496584 0.20486629009246823 2.6206585168838505 5.6950020790100107 6.6556556224823007 1.2107423543930056 1.0463753342628481 24.722529411315922 21.404868125915531 16.802225112915043 15.201845645904543 14.284348964691164 13.205774784088137 16.833426475524906 11.192269325256349 14.36319160461426 14.812279224395754
decision_type=2 2 2 2 2 2 2 2 2 2 2 2 2 2 2 2 2 2 2 2 2 2 2 2 2 2 2 2 2 2
left_child=5 -2 15 4 -4 -1 -5 -8 -9 10 11 -10 13 16 -14 -3 -11 -16 19 20 21 22 23 24 25 27 -21 -19 -20 -30
right_child=1 2 3 6 -6 -7 7 8 9 12 -12 -13 14 -15 17 -17 -18 18 28 26 -22 -23 -24 -25 -26 -27 -28 -29 29 -31
leaf_value=-0.00027741381398465654 -0.0025881531931060769 0.0029659154219552879 -0.0045105441962368783 0.0017683198158111838 0.001243172222304912 0.0019016352750248081 -0.0013929760587511977 0.0014591243517552358 -0.001740873877732905 -0.00078102656826376914 -0.003211894074599419 0.001445769141905774 0.0014617067789941124 0.0032248146588575439 -0.0015596792381256819 0.00042259640526026487 0.0016288838360924273 -0.00044850331265479333 0.00092799505409857375 -0.0010970664178279953 0.0018826306560575695 -0.0039741460211211591 0.0029159021741222771 -0.0054361172587327339 0.0034080694545991722 -0.0043120044196257373 -0.0056499740213621407 0.0026366969156596397 -0.0032753116478595663 2.1729028620024673e-05
leaf_weight=44 21 20 30 27 21 33 38 50 34 25 29 39 33 22 25 20 20 125 224 27 70 41 42 23 29 20 20 27 34 1486
leaf_count=44 21 20 30 27 21 33 38 50 34 25 29 39 33 22 25 20 20 125 224 27 70 41 42 23 29 20 20 27 34 1486
internal_value=1.47039e-12 -1.92783e-05 1.46231e-06 -2.49773e-05 -0.00214137 0.000656464 1.80251e-05 -1.00753e-06 2.06263e-05 -9.40494e-06 -0.000940683 -3.84208e-05 3.20213e-05 0.0012537 -4.74983e-06 0.00169426 0.000290045 -2.68169e-05 -9.14089e-06 -0.000350512 -1.59067e-05 -0.000448798 9.45828e-05 -0.000434415 0.00013792 -0.000413443 -0.00303447 9.95257e-05 7.3853e-05 -5.20206e-05
internal_weight=2699 2622 2601 2561 51 77 2510 2483 2445 2395 102 73 2293 67 2226 40 45 2193 2168 424 377 307 266 224 201 172 47 152 1744 1520
internal_count=2699 2622 2601 2561 51 77 2510 2483 2445 2395 102 73 2293 67 2226 40 45 2193 2168 424 377 307 266 224 201 172 47 152 1744 1520
is_linear=0
shrinkage=0.1


Tree=68
num_leaves=31
num_cat=0
split_feature=7 7 7 8 4 3 9 7 9 3 3 8 3 4 10 3 10 10 10 5 10 3 3 8 5 5 8 8 9 6
split_gain=0.00306583 0.0157335 0.0303967 0.0124597 0.0212617 0.0258806 0.0209172 0.0421135 0.0239747 0.0208082 0.0221642 0.0186621 0.0231444 0.0121678 0.0472916 0.0225092 0.0125162 0.0121449 0.0489936 0.0281562 0.0253986 0.0249163 0.0326081 0.0256044 0.0238469 0.0221211 0.0190137 0.0177715 0.025794 0.0335016
threshold=55.027532577514656 42.379907608032234 40.066024780273445 65.842441558837905 48.984283447265632 49.961791992187507 42.912139892578132 6.4908204078674325 40.187406539916999 40.227567672729499 38.364452362060554 33.142192840576179 36.166883468627937 27.686420440673832 32.810913085937507 32.336433410644538 31.183614730834964 27.917815208435062 27.102384567260746 27.495533943176273 28.299124717712406 26.328480720520023 26.704283714294437 24.07590484619141 30.397915840148929 31.102107048034672 24.754202842712406 23.104536056518558 23.441194534301761 22.498566627502445
decision_type=2 2 2 2 2 2 2 2 2 2 2 2 2 2 2 2 2 2 2 2 2 2 2 2 2 2 2 2 2 2
left_child=1 2 3 4 5 6 8 -8 9 10 11 12 13 14 16 -15 17 18 19 21 -19 23 -23 27 26 -26 -22 28 29 -1
right_child=-2 -3 -4 -5 -6 -7 7 -9 -10 -11 -12 -13 -14 15 -16 -17 -18 20 -20 -21 24 22 -24 -25 25 -27 -28 -29 -30 -31
leaf_value=2.417105041998955e-05 0.00045566274805293819 -0.0016251700017528494 0.0038963652541860942 -0.0021542915074085748 0.0024889843757538235 -0.0029986210071064278 -0.00088163339311168312 0.0055301332660019397 -0.0030520375029971965 0.0027614461258053781 -0.0031196351208643098 0.0024779403178642194 -0.0031887005447693499 0.00034108905539173508 0.003580631997209747 -0.0038479916219923485 -0.0017776299687102437 0.0036119398149561939 -0.0036583333307675819 0.0030549649870954456 0.00048840781317267107 -0.0049803616150039375 0.00054064470343291756 0.0034136951456523756 0.0035214024603192231 -0.00027420012800789931 -0.0038720673229545354 -0.0027215327922021971 0.0030291898820515991 -0.003525412361637724
leaf_weight=1749 140 60 20 27 34 29 21 20 26 27 23 30 23 29 37 23 40 28 37 30 20 23 20 22 28 34 20 24 28 27
leaf_count=1749 140 60 20 27 34 29 21 20 26 27 23 30 23 29 37 23 40 28 37 30 20 23 20 22 28 34 20 24 28 27
internal_value=5.19211e-13 -2.49288e-05 1.34924e-05 -1.78338e-05 5.69167e-06 -2.92264e-05 6.81897e-06 0.00224606 -3.22819e-05 1.53107e-06 -3.09385e-05 3.29092e-07 -3.28236e-05 -1.12844e-07 3.61614e-05 -0.00151177 -2.54092e-05 8.12614e-06 -5.39561e-05 1.53949e-05 0.000944135 -3.27758e-05 -0.00241245 2.25356e-05 0.000211797 0.00143994 -0.00169183 -1.8277e-05 1.76864e-05 -2.97922e-05
internal_weight=2699 2559 2499 2479 2452 2418 2389 41 2348 2322 2295 2272 2242 2219 2167 52 2130 2090 1960 1923 130 1893 43 1850 102 62 40 1828 1804 1776
internal_count=2699 2559 2499 2479 2452 2418 2389 41 2348 2322 2295 2272 2242 2219 2167 52 2130 2090 1960 1923 130 1893 43 1850 102 62 40 1828 1804 1776
is_linear=0
shrinkage=0.1


Tree=69
num_leaves=31
num_cat=0
split_feature=5 9 8 6 9 6 9 5 3 10 7 7 9 1 7 5 8 6 9 6 4 4 4 1 8 10 8 5 3 5
split_gain=0.00315285 0.0202557 0.0142237 0.0154591 0.0248973 0.0104255 0.00837665 0.0123236 0.0239813 0.0209097 0.00752689 0.0108927 0.00650453 0.0471673 0.0367671 0.0277681 0.00535415 0.00491441 0.0165046 0.0177788 0.0238435 0.0191215 0.0273928 0.00753315 0.020714 0.00810996 0.0336561 0.0168042 0.0311962 0.0212068
threshold=73.079502105712905 73.125194549560561 58.537128448486335 54.259517669677741 51.237966537475593 47.964429855346687 45.126749038696296 48.012481689453132 44.52845764160157 42.853467941284187 55.027532577514656 47.73957824707032 35.489023208618171 66.500000000000014 9.0579352378845233 38.720600128173835 22.34304237365723 33.004268646240241 31.938382148742679 30.456974983215336 27.092626571655277 25.303483963012699 24.748035430908207 47.500000000000007 14.385298252105715 31.183614730834964 24.889834403991703 30.397915840148929 29.702499389648441 28.641468048095707
decision_type=2 2 2 2 2 2 2 2 2 2 2 2 2 2 2 2 2 2 2 2 2 2 2 2 2 2 2 2 2 2
left_child=2 -2 3 4 5 6 7 8 9 10 11 12 15 14 -14 17 -12 18 19 20 21 22 23 24 -1 27 -27 28 29 -25
right_child=1 -3 -4 -5 -6 -7 -8 -9 -10 -11 16 -13 13 -15 -16 -17 -18 -19 -20 -21 -22 -23 -24 25 -26 26 -28 -29 -30 -31
leaf_value=-7.3940909759697034e-05 0.0032517924276180572 -0.00085670287410418192 -0.0026070518685238704 0.0027754739020019771 -0.0035300808586180214 0.0022860914841294289 -0.0014603119665900102 0.0018799132960183281 -0.0029737335388307223 0.0032430584356188774 0.0018998803401648599 -0.0021500578295672312 -0.00025726116448640827 0.002925638958168704 -0.0060096828057430683 0.0035549041053110904 -0.00011985962766976585 0.0012355602045934048 -0.0026972284489918666 0.0024132973793894053 -0.0033132410269569265 0.0025918544835544059 -0.0037219772543176082 -5.8395565248889178e-05 0.003481357849871173 -0.00367933307840888 0.001223737869544753 0.0017491729332591004 -0.0037165837041001123 0.0023591696070758878
leaf_weight=57 20 30 21 20 20 20 39 35 27 20 35 24 25 21 20 22 21 31 23 30 22 28 20 1876 23 28 28 53 23 37
leaf_count=57 20 30 21 20 20 20 39 35 27 20 35 24 25 21 20 22 21 31 23 30 22 28 20 1876 23 28 28 53 23 37
internal_value=-3.04625e-14 0.000786695 -1.48489e-05 5.86504e-06 -1.53743e-05 1.17873e-05 -5.92538e-06 1.65029e-05 -9.64762e-06 2.27927e-05 -3.52739e-06 -3.03682e-05 -8.87575e-06 -0.000987678 -0.00281389 1.91994e-05 0.00114248 -1.4932e-05 -3.21763e-05 -4.62748e-06 -3.76743e-05 -4.51162e-06 -3.84036e-05 -3.73465e-06 0.000948207 -4.09744e-05 -0.0012278 -7.55961e-06 -5.5652e-05 -1.16366e-05
internal_weight=2699 50 2649 2628 2608 2588 2568 2529 2494 2467 2447 2391 2367 66 45 2301 56 2279 2248 2225 2195 2173 2145 2125 80 2045 56 1989 1936 1913
internal_count=2699 50 2649 2628 2608 2588 2568 2529 2494 2467 2447 2391 2367 66 45 2301 56 2279 2248 2225 2195 2173 2145 2125 80 2045 56 1989 1936 1913
is_linear=0
shrinkage=0.1


Tree=70
num_leaves=31
num_cat=0
split_feature=4 3 9 4 4 6 9 5 3 3 3 8 4 8 1 5 3 7 4 7 6 4 4 9 4 9 6 4 9 3
split_gain=0.00320548 0.018477 0.0121128 0.0093116 0.0160071 0.0142924 0.0122647 0.00998211 0.0194249 0.0185622 0.0364108 0.0173723 0.0137261 0.0158828 0.0209997 0.0122049 0.00970552 0.0377894 0.0334662 0.0314708 0.0258865 0.017564 0.0656574 0.039673 0.0669772 0.0201015 0.029258 0.021478 0.0211382 0.020475
threshold=60.946918487548835 81.245563507080092 62.949447631835945 48.984283447265632 43.025081634521491 47.964429855346687 45.126749038696296 48.012481689453132 44.52845764160157 40.227567672729499 38.364452362060554 33.142192840576179 29.611188888549808 28.886590957641605 64.500000000000014 42.879808425903327 26.328480720520023 4.1531798839569101 23.792849540710453 6.036325454711915 26.771781921386722 21.508452415466312 20.528197288513187 27.825620651245121 23.792849540710453 28.353727340698246 25.878905296325687 14.096992969512941 21.535509109497074 29.702499389648441
decision_type=2 2 2 2 2 2 2 2 2 2 2 2 2 2 2 2 2 2 2 2 2 2 2 2 2 2 2 2 2 2
left_child=2 -2 3 4 5 6 7 8 9 10 11 12 13 16 -15 -11 18 20 -1 -19 -18 22 25 -23 -25 26 27 -21 -29 -30
right_child=1 -3 -4 -5 -6 -7 -8 -9 -10 15 -12 -13 -14 14 -16 -17 17 19 -20 21 -22 23 -24 24 -26 -27 -28 28 29 -31
leaf_value=1.3117027168174929e-05 0.0030377762624993923 -0.0012607080955058336 -0.0024055312620475892 0.0020089794679180434 -0.0023085684748366474 0.0023474723670425684 -0.0020190394297242165 0.0016919219440647535 -0.0026763601702879426 0.0026381760600171136 -0.0034909182569632931 0.0023666388325152862 -0.0020412990865720944 -9.9889771081507217e-05 0.004287560991942883 0.00011557722464203835 -0.00032454747027562314 0.0033477084972400916 0.0034364236534797942 -0.0024610165438121736 -0.0046140354352674504 0.0009314730165626956 0.0054533869432773262 -0.0075023805997757754 -6.9311275836770188e-05 0.002478608801029623 -0.0044528058078140021 0.0029586614500731233 0.00075149322219658643 -0.0031213761592516678
leaf_weight=1870 20 20 21 23 30 26 30 35 27 44 30 31 33 24 20 34 24 25 29 34 34 37 21 22 27 20 20 25 43 20
leaf_count=1870 20 20 21 23 30 26 30 35 27 44 30 31 33 24 20 34 24 25 29 34 34 37 21 22 27 20 20 25 43 20
internal_value=3.77142e-12 0.000888534 -1.33664e-05 5.67657e-06 -1.19433e-05 1.471e-05 -8.99138e-06 1.48526e-05 -8.68285e-06 2.05135e-05 -2.90509e-05 1.49745e-05 -1.63406e-05 1.27764e-05 0.00189441 0.00153858 -2.40035e-05 -0.000506298 6.5395e-05 -4.60909e-05 -0.00283907 -0.0003615 0.000192436 -0.00154022 -0.00340661 -0.000489539 -0.000907588 -0.000326404 0.000498332 -0.000477989
internal_weight=2699 40 2659 2638 2615 2585 2559 2529 2494 2467 2389 2359 2328 2295 44 78 2251 352 1899 294 58 269 183 86 49 162 142 122 88 63
internal_count=2699 40 2659 2638 2615 2585 2559 2529 2494 2467 2389 2359 2328 2295 44 78 2251 352 1899 294 58 269 183 86 49 162 142 122 88 63
is_linear=0
shrinkage=0.1


Tree=71
num_leaves=31
num_cat=0
split_feature=5 7 7 7 7 7 9 7 7 7 1 7 1 7 1 1 3 1 10 4 4 1 6 6 5 8 9 5 7 8
split_gain=0.00332221 0.00901404 0.0110759 0.0112972 0.0114181 0.00906815 0.0100132 0.00838552 0.0649012 0.0260937 0.0212004 0.0210678 0.0168119 0.0152357 0.0157543 0.0150261 0.00954563 0.00814746 0.0190053 0.0306657 0.0389331 0.024062 0.0208023 0.0183624 0.0297576 0.0135743 0.012827 0.0206795 0.0501869 0.052181
threshold=82.549308776855483 123.35581588745119 83.128631591796889 67.04483795166017 55.027532577514656 42.379907608032234 24.943508148193363 20.647258758544922 18.508046150207523 16.869636535644535 70.500000000000014 21.87818813323975 53.500000000000007 28.599822998046879 63.500000000000007 66.500000000000014 30.117940902709964 72.500000000000014 26.100361824035648 15.03264904022217 11.482337951660158 73.500000000000014 11.145631313323976 54.259517669677741 49.683567047119148 29.239522933959964 42.234256744384773 36.769979476928718 9.0579352378845233 35.647981643676765
decision_type=2 2 2 2 2 2 2 2 2 2 2 2 2 2 2 2 2 2 2 2 2 2 2 2 2 2 2 2 2 2
left_child=1 2 3 4 5 7 -7 8 9 17 11 -9 -13 14 -14 -15 -10 23 19 20 22 -21 -19 24 26 -20 27 -1 29 -29
right_child=-2 -3 -4 -5 -6 6 -8 10 16 -11 -12 12 13 15 -16 -17 -18 18 25 21 -22 -23 -24 -25 -26 -27 -28 28 -30 -31
leaf_value=7.9081051106188316e-05 0.0010464667755877598 -0.0015409261312972951 0.001988601983923997 -0.0023784837586572397 0.0017054680090111036 0.00050849503715566936 -0.0022123975484742244 0.0029407793094063752 -0.002442919659531779 0.0025939930564700033 0.0035342448994263331 0.0017802872739067473 -0.0032682606026135162 0.0010188649353839346 -7.3496220585215718e-05 -0.002052286022254044 -0.0052856217920114953 -0.0018221525564080195 -0.0042445582888004461 -0.00033593416155781598 -0.0042855480747271543 0.0045106199597718102 0.0024471284542232751 0.0026285015667478246 -0.0036543785425072368 -0.00064494003541767605 0.002208555494952533 -0.0031464146956315508 -0.0051640340735992565 0.0034535679966211322
leaf_weight=1857 30 38 28 20 39 21 38 26 27 39 22 38 33 66 29 21 21 21 22 20 27 21 25 27 22 20 27 23 26 25
leaf_count=1857 30 38 28 20 39 21 38 26 27 39 22 38 33 66 29 21 21 21 22 20 27 21 25 27 22 20 27 23 26 25
internal_value=-3.30289e-12 -1.17625e-05 1.03235e-05 -1.09565e-05 7.37515e-06 -1.86569e-05 -0.00124394 1.04344e-05 -4.89325e-05 3.03627e-05 0.000578841 0.000273588 -9.72513e-05 -0.000576087 -0.00177394 0.000277553 -0.0036866 -1.58609e-05 -0.000711997 -4.20391e-05 -0.00127119 0.00214645 0.000498109 3.82484e-05 2.92675e-06 -0.00253045 4.40201e-05 1.37547e-05 -0.00162558 0.000291076
internal_weight=2699 2669 2631 2603 2583 2544 59 2485 2250 2202 235 213 187 149 62 87 48 2163 156 114 73 41 46 2007 1980 42 1958 1931 74 48
internal_count=2699 2669 2631 2603 2583 2544 59 2485 2250 2202 235 213 187 149 62 87 48 2163 156 114 73 41 46 2007 1980 42 1958 1931 74 48
is_linear=0
shrinkage=0.1


Tree=72
num_leaves=31
num_cat=0
split_feature=4 4 4 1 1 7 7 4 8 7 8 8 1 7 4 4 10 1 3 7 4 7 4 7 4 8 4 6 8 8
split_gain=0.00318477 0.0229269 0.021628 0.0176723 0.0327062 0.0220759 0.0528179 0.0110201 0.0205491 0.00795817 0.00575916 0.0112106 0.0233252 0.0152587 0.0151781 0.0132327 0.0083031 0.0109226 0.00612357 0.0509964 0.0279722 0.0170953 0.0374407 0.0232362 0.0176297 0.0179864 0.0382015 0.0252373 0.0225283 0.0175801
threshold=34.545497894287116 33.289611816406257 36.865966796875007 60.500000000000007 56.500000000000007 3.5814664363861088 7.8356623649597177 32.164999008178718 34.768505096435554 17.816938400268558 31.30210113525391 28.274835586547855 63.500000000000007 15.684806823730471 26.086491584777836 25.066827774047855 36.452995300292976 62.500000000000007 26.328480720520023 3.8111041784286503 23.792849540710453 11.046025276184084 21.080568313598636 12.807345390319826 23.639531135559086 21.243993759155277 14.096992969512941 26.531745910644535 16.515654563903812 25.547532081604007
decision_type=2 2 2 2 2 2 2 2 2 2 2 2 2 2 2 2 2 2 2 2 2 2 2 2 2 2 2 2 2 2
left_child=1 7 -2 4 -4 -5 -7 8 10 -8 11 14 13 -13 15 18 -12 -18 20 -20 -1 22 -21 -23 25 26 28 -27 -25 -24
right_child=2 -3 3 5 -6 6 9 -9 -10 -11 16 12 -14 -15 -16 -17 17 -19 19 21 -22 23 29 24 -26 27 -28 -29 -30 -31
leaf_value=1.8769423055579578e-06 -0.0028594444661090776 0.0034029240650124849 -0.00095612555052395222 0.0015318013445445988 0.003921802152347352 -0.0057224729267710992 0.0015751005061680362 -0.0023343345057219266 0.0024639077032642329 -0.00083947140821972153 -0.00241679367221271 -0.0022076148053874144 0.0029496210519051277 0.0012685554368155345 -0.0025307957199402157 0.002332936291350052 -0.0017765080655226485 0.0014524448864077304 -0.005076429730450565 0.0049354257411323493 0.0037616196391172712 -0.0035957195706115192 -0.0021388910196643946 0.00033196914126165216 0.0022579048966200883 -0.0042593508260324597 0.0019102381816732566 -0.00049565152186269482 -0.0044144344673259185 0.0015808169643774077
leaf_weight=1870 30 20 27 33 28 22 21 20 34 39 24 23 39 28 24 24 20 22 22 20 20 22 24 20 26 25 63 62 20 27
leaf_count=1870 30 20 27 33 28 22 21 20 34 39 24 23 39 28 24 24 20 22 22 20 20 22 24 20 26 25 63 62 20 27
internal_value=-7.55956e-12 3.07305e-05 -0.000383977 5.28696e-05 0.00152718 -0.000652237 -0.00153118 3.5244e-06 2.25391e-05 5.62876e-06 -1.16904e-05 1.40866e-05 0.00110866 -0.000299129 -2.93298e-05 -2.5881e-06 -0.000933022 -8.51518e-05 -2.78256e-05 -0.000424601 4.16626e-05 -9.34032e-05 0.00126841 -0.000499659 -0.000184319 -0.000518518 0.000375686 -0.00157717 -0.00204123 -0.000169634
internal_weight=2699 2499 200 170 55 115 82 2479 2459 60 2425 2359 90 51 2269 2245 66 42 2221 331 1890 309 71 238 216 190 103 87 40 51
internal_count=2699 2499 200 170 55 115 82 2479 2459 60 2425 2359 90 51 2269 2245 66 42 2221 331 1890 309 71 238 216 190 103 87 40 51
is_linear=0
shrinkage=0.1


Tree=73
num_leaves=31
num_cat=0
split_feature=7 7 7 4 4 1 1 7 5 6 7 9 3 7 1 7 8 5 7 7 1 3 7 7 9 4 4 7 1 7
split_gain=0.00317226 0.0247656 0.0277902 0.0524334 0.0313391 0.0121389 0.0230484 0.0381984 0.0362854 0.0258727 0.0285027 0.0297252 0.0857576 0.0695178 0.0383076 0.0391732 0.0223349 0.021398 0.020036 0.0188984 0.0177424 0.0164344 0.0149826 0.012889 0.0124557 0.0118234 0.0287502 0.0121184 0.046657 0.0306603
threshold=1.6487218141555788 2.0900871753692631 1.9122719764709475 16.138624191284183 13.524537086486818 72.500000000000014 66.500000000000014 0.43836446106433874 13.624083518981935 33.004268646240241 0.45802962779998785 11.706801891326906 13.295501708984377 0.71007290482521068 62.500000000000007 0.98108109831810009 9.9606389999389666 10.996593475341799 0.85119119286537182 1.3066629171371462 69.500000000000014 8.5217914581298846 0.24145524948835373 1.0463753342628481 17.175343513488773 60.946918487548835 46.049480438232429 2.4261336326599126 68.500000000000014 2.5143629312515263
decision_type=2 2 2 2 2 2 2 2 2 2 2 2 2 2 2 2 2 2 2 2 2 2 2 2 2 2 2 2 2 2
left_child=5 2 3 -2 -4 6 9 8 -8 10 17 16 -13 -14 15 -15 19 21 -7 -12 -9 -1 -19 -22 -17 26 27 28 -3 -29
right_child=1 25 4 -5 -6 18 7 20 -10 -11 11 12 13 14 -16 24 -18 22 -20 -21 23 -23 -24 -25 -26 -27 -28 29 -30 -31
leaf_value=0.00024976886207393062 0.0018181702989834147 4.8041382195571296e-05 0.00065113546858940811 -0.0037373485185367909 0.0059942690240543176 4.6143268183287652e-05 0.0010441955984444233 0.0027998756327742972 -0.0035938886797896794 0.0028937770235959604 -0.00020073242415498968 -0.0081800590455532087 -0.0050620247157556674 0.0014757059147637902 0.0030344472793419099 -0.0013213017290191992 0.0024667696742754846 0.00035652479608402112 -0.0035575076142170779 -0.0033647648884322155 0.0017585218913154677 -0.0027454624114477116 0.0033265286790473123 -0.0013449765903794247 -0.0046897986741817515 0.0017653310774928994 -0.0028231602797687458 0.0037692040132242255 -0.0052622604316898761 9.7953293348869849e-06
leaf_weight=90 65 78 21 23 23 36 37 79 31 23 133 20 35 33 31 21 27 33 27 22 32 23 35 23 23 36 37 22 21 1559
leaf_count=90 65 78 21 23 23 36 37 79 31 23 133 20 35 33 31 21 27 33 27 22 32 23 35 23 23 36 37 22 21 1559
internal_value=-3.66628e-14 7.12426e-05 0.00139215 0.00036616 0.00344414 -0.000164978 -5.31301e-05 0.000860164 -0.00107023 -0.000389169 -0.00053272 -0.00106591 -0.00204674 -0.00118893 6.62357e-05 -0.00112876 -0.00018747 0.000483577 -0.00149828 -0.000649821 0.00183976 -0.00035988 0.0018852 0.000460695 -0.00308211 -2.82212e-05 -6.58263e-05 -5.09931e-06 -0.00107839 6.21084e-05
internal_weight=2699 1885 132 88 44 814 751 202 68 549 526 345 163 143 108 77 182 181 63 155 134 113 68 55 44 1753 1717 1680 99 1581
internal_count=2699 1885 132 88 44 814 751 202 68 549 526 345 163 143 108 77 182 181 63 155 134 113 68 55 44 1753 1717 1680 99 1581
is_linear=0
shrinkage=0.1


Tree=74
num_leaves=31
num_cat=0
split_feature=3 10 8 8 8 6 5 4 8 1 10 4 4 3 4 1 8 3 7 9 7 6 4 7 5 8 4 3 3 4
split_gain=0.0031916 0.0151369 0.0109776 0.00861224 0.00610435 0.00853497 0.0104008 0.0100654 0.0253535 0.0212319 0.036504 0.0312678 0.0291517 0.0508428 0.0252113 0.0100319 0.00921173 0.00797293 0.00757943 0.00937685 0.00570079 0.036866 0.00898882 0.00689868 0.0780569 0.0294961 0.0197639 0.0142348 0.0188114 0.0149744
threshold=76.739543914794936 69.04422760009767 55.64509582519532 75.771553039550795 45.359569549560554 43.842613220214851 51.564392089843757 25.303483963012699 30.414651870727543 64.500000000000014 42.853467941284187 32.652412414550788 29.209688186645511 32.697002410888679 27.686420440673832 67.500000000000014 33.142192840576179 54.580209732055671 55.027532577514656 30.476410865783695 0.18888332694768908 11.683019161224367 5.9458980560302743 0.7795400619506837 21.404868125915531 15.278325557708742 13.11917018890381 10.522937297821047 9.919746398925783 11.223298549652101
decision_type=2 2 2 2 2 2 2 2 2 2 2 2 2 2 2 2 2 2 2 2 2 2 2 2 2 2 2 2 2 2
left_child=1 2 4 -2 5 7 -7 8 18 10 11 12 13 -9 -11 -16 -17 -6 19 20 21 22 -1 24 25 26 27 28 -22 -29
right_child=3 -3 -4 -5 17 6 -8 9 -10 14 -12 -13 -14 -15 15 16 -18 -19 -20 -21 23 -23 -24 -25 -26 -27 -28 29 -30 -31
leaf_value=0.00071447276022809094 -0.0023539387516211718 0.0027540521044284107 -0.0022846707453330357 0.00058072268962860117 -0.00010750594994296199 -0.0030606281210202725 -0.00020194782476340022 0.0032077577036733816 -0.0035928719071671371 0.0018785961109268315 0.0044804036196681761 -0.0021525120603231094 0.0043715618116458741 -0.0033241113563152874 -0.0028999042015389674 -0.0019485083995580983 0.00076832763062646757 0.0025875122242030642 0.0010391605776297211 -0.0020142682886216791 -0.00011468564927781701 0.0041063978783010191 -0.0016377365040225968 2.0305342600541784e-05 -0.0048081283413528193 0.0028798141220415185 -0.0033123871404677633 0.0028144877043462572 -0.0031732091437215396 -0.00020359508693218234
leaf_weight=32 20 20 21 20 23 20 35 26 20 34 31 30 26 22 28 24 26 21 66 24 160 24 33 1734 37 33 20 31 23 35
leaf_count=32 20 20 21 20 23 20 35 26 20 34 31 30 26 22 28 24 26 21 66 24 160 24 33 1734 37 33 20 31 23 35
internal_value=1.01901e-12 1.33375e-05 -7.43339e-06 -0.000886608 1.08332e-05 -9.13122e-06 -0.00124147 1.77757e-05 -4.81335e-05 0.000624034 0.00146851 0.000570736 0.00167475 0.000213984 -0.000393864 -0.00138442 -0.000535754 0.00117875 -1.66527e-05 -4.85299e-05 -2.67086e-05 0.000756982 -0.000479726 -6.03547e-05 -0.000472935 5.81983e-05 -0.000287948 -4.5021e-05 -0.00049909 0.00121399
internal_weight=2699 2659 2639 40 2618 2574 55 2519 2272 247 135 104 74 48 112 78 50 44 2252 2186 2162 89 65 2073 339 302 269 249 183 66
internal_count=2699 2659 2639 40 2618 2574 55 2519 2272 247 135 104 74 48 112 78 50 44 2252 2186 2162 89 65 2073 339 302 269 249 183 66
is_linear=0
shrinkage=0.1


Tree=75
num_leaves=31
num_cat=0
split_feature=6 6 8 4 9 6 3 10 5 10 5 5 9 6 9 10 5 10 3 4 5 5 6 7 9 1 3 5 10 5
split_gain=0.00291247 0.010264 0.00806759 0.0123831 0.0151107 0.00986288 0.00889966 0.0218008 0.0248366 0.0183457 0.00922068 0.0312274 0.00905134 0.0216027 0.0207452 0.0043197 0.00754187 0.00835693 0.00693484 0.0276013 0.019506 0.0552432 0.0381002 0.0149358 0.0104609 0.0493355 0.0153238 0.0168888 0.0231388 0.0241859
threshold=80.332885742187514 68.500106811523452 58.537128448486335 48.984283447265632 51.237966537475593 47.964429855346687 50.877847671508796 47.613000869750984 46.285648345947273 43.438066482543952 42.879808425903327 41.718050003051765 35.489023208618171 33.981397628784187 37.141489028930671 36.452995300292976 36.769979476928718 34.629589080810554 32.98735427856446 18.670026779174808 32.314666748046882 31.879885673522953 28.614050865173343 12.227939605712892 27.139632225036625 67.500000000000014 29.702499389648441 28.641468048095707 26.756295204162605 26.584615707397464
decision_type=2 2 2 2 2 2 2 2 2 2 2 2 2 2 2 2 2 2 2 2 2 2 2 2 2 2 2 2 2 2
left_child=1 2 3 4 5 6 7 8 9 10 11 12 13 15 -14 16 17 18 20 -20 21 22 24 -22 26 -26 27 28 29 -1
right_child=-2 -3 -4 -5 -6 -7 -8 -9 -10 -11 -12 -13 14 -15 -16 -17 -18 -19 19 -21 23 -23 -24 -25 25 -27 -28 -29 -30 -31
leaf_value=-3.4791754280786803e-05 -0.0012022655713371934 0.0022658962197601796 -0.0019602730338062562 0.0024261700699017164 -0.0023224846493186697 0.0021714811119073556 -0.0015442219654072983 0.0030826949656171648 -0.0029196467043848002 0.0028987907524093649 -0.0018061506694981031 0.0039540837937965994 -0.0034445232246071104 0.0032066903387506806 0.00075827426575731651 -0.0013224527733400465 0.0018009191783873932 -0.0018015878794428249 -0.0016322400042554364 0.0026779565061681356 -0.000490586305022589 0.0052506175125017762 -0.0041696006919003346 -0.0038314307776644179 0.0039668799940045579 -0.0018976372666656971 -0.0020405224304193177 0.0020474575349362571 -0.0021967709406453652 0.0020928471226414496
leaf_weight=1869 20 20 21 21 28 21 37 23 29 22 28 20 24 21 23 25 23 26 24 39 32 20 22 23 32 26 37 40 48 55
leaf_count=1869 20 20 21 21 28 21 37 23 29 22 28 20 24 21 23 25 23 26 24 39 32 20 22 23 32 26 37 40 48 55
internal_value=3.18266e-12 8.97548e-06 -8.00023e-06 7.54099e-06 -1.18672e-05 1.31221e-05 -4.52803e-06 1.79803e-05 -1.01251e-05 2.39113e-05 -1.83044e-06 1.89686e-05 -1.37015e-05 1.36416e-05 -0.00138784 -1.50017e-05 -8.88504e-07 -1.89616e-05 1.48318e-06 0.00103598 -2.80872e-05 1.95056e-05 -2.96359e-05 -0.00188767 1.35911e-05 0.00133796 -2.38971e-05 1.31879e-05 -2.80752e-05 2.60295e-05
internal_weight=2699 2679 2659 2638 2617 2589 2568 2531 2508 2479 2457 2429 2409 2362 47 2341 2316 2293 2267 63 2204 2149 2129 55 2107 58 2049 2012 1972 1924
internal_count=2699 2679 2659 2638 2617 2589 2568 2531 2508 2479 2457 2429 2409 2362 47 2341 2316 2293 2267 63 2204 2149 2129 55 2107 58 2049 2012 1972 1924
is_linear=0
shrinkage=0.1


Tree=76
num_leaves=31
num_cat=0
split_feature=4 4 4 1 1 9 6 1 6 6 10 6 4 5 5 4 8 1 4 4 4 6 6 9 6 6 4 9 8 8
split_gain=0.00268882 0.0187797 0.0162526 0.0139738 0.0265177 0.0185211 0.0370112 0.0127192 0.00906764 0.0248374 0.0151963 0.0195566 0.0139992 0.00815219 0.0111151 0.0142599 0.00891876 0.026762 0.0197827 0.0119728 0.00895871 0.00870876 0.0117068 0.0143404 0.0306853 0.0275911 0.0215993 0.0157028 0.0148503 0.0151377
threshold=34.545497894287116 33.289611816406257 36.865966796875007 60.500000000000007 56.500000000000007 46.759248733520515 52.564722061157234 67.500000000000014 41.903224945068366 39.589262008666999 41.722911834716804 35.048412322998054 30.749659538269047 40.939416885375984 36.246574401855476 24.33077430725098 28.274835586547855 63.500000000000007 26.086491584777836 25.066827774047855 24.49715614318848 28.470725059509281 27.869508743286136 26.354794502258304 25.688879966735843 25.007360458374027 22.383360862731937 25.095499992370609 23.243500709533695 22.529483795166019
decision_type=2 2 2 2 2 2 2 2 2 2 2 2 2 2 2 2 2 2 2 2 2 2 2 2 2 2 2 2 2 2
left_child=1 8 -2 4 -4 -5 -7 -8 9 10 11 12 13 14 16 -16 18 -18 19 20 21 22 23 24 25 27 -25 28 29 -1
right_child=2 -3 3 5 -6 6 7 -9 -10 -11 -12 -13 -14 -15 15 -17 17 -19 -20 -21 -22 -23 -24 26 -26 -27 -28 -29 -30 -31
leaf_value=7.1304812741825485e-06 -0.0024987215044287346 0.0030802394612692297 -0.00089919097307655555 -0.0027372822895025215 0.0034930698374020202 0.0036839640731076624 -0.0024787954214843923 0.00036333858846656741 0.0018612940500203807 -0.0035256972396746282 0.0021775764180347323 -0.0028563507332971011 0.0025234506592493166 0.0019506172665084403 -0.0033243754898886323 -0.00018489371316555221 -0.00085545442356117849 0.00351948493970903 -0.0030077181272314523 0.0024414995010010898 -0.0018615533526127157 0.00190012491023784 -0.0022593396918281264 0.00014234874082880248 -0.0028497029752489462 0.003028651628022393 0.0042212357954122129 -0.0028147620242089037 0.0024231717083603149 -0.0021531792999612111
leaf_weight=1898 30 20 27 30 28 22 32 31 26 20 32 24 22 21 23 39 29 27 22 20 26 24 23 37 38 30 20 20 25 33
leaf_count=1898 30 20 27 30 28 22 32 31 26 20 32 24 22 21 23 39 29 27 22 20 26 24 23 37 38 30 20 20 25 33
internal_value=-3.99799e-12 2.82365e-05 -0.000352815 2.5874e-05 0.00133687 -0.000601124 0.000152815 -0.00108029 3.61366e-06 -1.60764e-05 1.27738e-05 -1.60783e-05 1.25993e-05 -1.08566e-05 -2.85049e-05 -0.00134954 7.54452e-06 0.00125389 -2.39516e-05 5.96765e-06 -1.64383e-05 5.89545e-06 -1.55083e-05 9.05533e-06 -3.45726e-05 1.87549e-05 0.00157354 -2.69419e-05 1.56341e-06 -2.97883e-05
internal_weight=2699 2499 200 170 55 115 85 63 2479 2453 2433 2401 2377 2355 2334 62 2272 56 2216 2194 2174 2148 2124 2101 2044 2006 57 1976 1956 1931
internal_count=2699 2499 200 170 55 115 85 63 2479 2453 2433 2401 2377 2355 2334 62 2272 56 2216 2194 2174 2148 2124 2101 2044 2006 57 1976 1956 1931
is_linear=0
shrinkage=0.1


Tree=77
num_leaves=31
num_cat=0
split_feature=7 7 7 8 9 7 8 8 8 9 6 3 7 8 1 1 1 1 7 4 5 7 7 3 4 6 6 9 3 5
split_gain=0.00286806 0.0591643 0.0183788 0.02315 0.0161483 0.0141351 0.0353947 0.0354559 0.00974931 0.016634 0.0168272 0.0320768 0.022445 0.020764 0.0342195 0.0274233 0.0188799 0.0156048 0.0114815 0.0109274 0.00972151 0.0137162 0.0182133 0.0160061 0.0205742 0.0266389 0.0386967 0.0191793 0.0176804 0.0331281
threshold=20.647258758544922 19.29579067230225 22.4524040222168 17.794635772705082 14.293572425842287 15.383737087249758 27.953382492065433 19.229999542236332 13.979667663574221 21.167479515075687 23.196759223937992 32.00535964965821 26.893102645874027 40.965095520019538 63.500000000000007 58.500000000000007 63.500000000000007 53.500000000000007 83.128631591796889 8.2269821166992205 58.240224838256843 11.773368835449221 11.158809661865236 48.14656066894532 38.598453521728523 38.271751403808601 35.479139328002937 34.038253784179695 32.336433410644538 31.879885673522953
decision_type=2 2 2 2 2 2 2 2 2 2 2 2 2 2 2 2 2 2 2 2 2 2 2 2 2 2 2 2 2 2
left_child=1 5 3 -2 -4 20 7 -7 19 -10 -11 -12 -13 15 -15 17 -17 -14 -18 -6 21 22 23 24 25 26 27 28 29 -1
right_child=2 -3 4 -5 8 6 -8 -9 9 10 11 12 13 14 -16 16 18 -19 -20 -21 -22 -23 -24 -25 -26 -27 -28 -29 -30 -31
leaf_value=-1.5974466602258245e-05 -0.00012837769521865995 -0.0044567889929749069 0.0024390018227187778 0.0046830704738385978 -0.0028584694722667337 0.0013854597330550259 0.0042693005896311392 -0.0035559689847286789 0.0020616137608649786 -0.0029891169816255569 0.0038696770463138817 -0.0033426914110102437 -0.00079633896195985114 0.0036672041915795381 -0.0013270533481693787 0.0020582731836475431 -0.0016667985264741056 -0.0042635357137769461 0.00087024969204018516 4.079405939242301e-05 -0.0016700426711597376 -0.0010695080704392931 0.0025369683665962053 0.0028267079242505137 -0.0027579482373160623 0.0034815812292932112 -0.0043936709593981509 0.0030335700715936366 -0.0022649165516828791 0.0035133467042922149
leaf_weight=1777 20 30 26 20 26 53 27 20 37 20 20 22 27 34 23 40 44 25 30 26 36 116 29 20 27 22 20 21 34 27
leaf_count=1777 20 30 26 20 26 53 27 20 37 20 20 22 27 34 23 40 44 25 30 26 36 116 29 20 27 22 20 21 34 27
internal_value=1.62772e-12 -4.54947e-05 0.000233574 0.00227735 2.91966e-05 1.38767e-05 0.00117581 3.16436e-05 -0.00013833 6.68452e-05 -0.000192125 1.8969e-05 -0.000295375 5.25764e-06 0.00165198 -0.000560182 0.000307888 -0.00246326 -0.000638265 -0.00140884 -4.06998e-05 -1.26748e-05 4.93346e-05 1.23011e-05 -1.6894e-05 2.20373e-05 -1.84683e-05 2.86022e-05 -5.73092e-06 3.6848e-05
internal_weight=2699 2259 440 40 400 2229 100 73 374 322 285 265 245 223 57 166 114 52 74 52 2129 2093 1977 1948 1928 1901 1879 1859 1838 1804
internal_count=2699 2259 440 40 400 2229 100 73 374 322 285 265 245 223 57 166 114 52 74 52 2129 2093 1977 1948 1928 1901 1879 1859 1838 1804
is_linear=0
shrinkage=0.1


Tree=78
num_leaves=31
num_cat=0
split_feature=3 10 6 4 6 4 5 4 1 8 8 8 4 8 1 5 3 4 4 8 9 4 6 6 6 6 9 8 8 8
split_gain=0.00259231 0.0124859 0.0094598 0.0110538 0.00853914 0.0173149 0.00799046 0.00709691 0.0208494 0.0117319 0.0154082 0.0109452 0.0100375 0.00806857 0.0192446 0.0162229 0.020866 0.0104805 0.00759391 0.00696227 0.00548265 0.0424397 0.0424498 0.042228 0.0253508 0.0188209 0.0143171 0.017151 0.0169312 0.0178911
threshold=76.739543914794936 69.04422760009767 52.564722061157234 41.76245307922364 43.842613220214851 35.964359283447273 61.873090744018562 33.289611816406257 63.500000000000007 33.57141304016114 32.544279098510749 31.30210113525391 30.28522872924805 28.274835586547855 66.500000000000014 38.720600128173835 31.222386360168461 26.086491584777836 25.066827774047855 75.771553039550795 28.179731369018558 21.508452415466312 29.691039085388187 27.702079772949222 26.771781921386722 26.405796051025394 25.760300636291507 23.243500709533695 22.529483795166019 20.863481521606449
decision_type=2 2 2 2 2 2 2 2 2 2 2 2 2 2 2 2 2 2 2 2 2 2 2 2 2 2 2 2 2 2
left_child=1 2 3 4 7 -6 -4 9 -9 10 11 13 -11 17 15 16 -15 18 20 -2 23 -22 -23 24 25 26 27 28 29 -1
right_child=19 -3 6 -5 5 -7 -8 8 -10 12 -12 -13 -14 14 -16 -17 -18 -19 -20 -21 21 22 -24 -25 -26 -27 -28 -29 -30 -31
leaf_value=-6.0967480420090612e-05 -0.0021183507470414042 0.0025011974619701506 -0.0029444706626236441 0.0018354839645326139 0.00085543220862746247 -0.0030582646982601058 -0.00015158431959294138 0.0028957192227432142 -0.00083457439262741087 -0.00014714730711167922 0.002353989675508014 -0.0019710521209552619 -0.0031348992350765251 0.0012101366464048625 0.0032407603925094009 0.0022765084169805052 -0.0032527720682661641 -0.0020974902317296559 0.0017726259781435756 0.00052026038523763415 0.001741679959200524 -0.0056175851980224262 0.00033526020243184384 0.003620932298144908 -0.0030281256680609659 0.0028457628036646743 -0.0017560480088193683 0.0018771302963917454 -0.0020469130845967589 0.0013832697365432978
leaf_weight=1827 20 20 20 33 20 26 21 31 29 23 28 28 22 20 26 21 22 24 24 20 37 25 23 32 28 23 47 48 41 90
leaf_count=1827 20 20 20 33 20 26 21 31 29 23 28 28 22 20 26 21 22 24 24 20 37 25 23 32 28 23 47 48 41 90
internal_value=-5.40197e-12 1.20202e-05 -6.84432e-06 1.69402e-05 -6.45631e-06 -0.00135666 -0.00151397 1.82e-05 0.00109274 -8.01905e-06 2.18034e-05 -5.56512e-06 -0.00160783 1.7774e-05 0.000951777 7.11784e-06 -0.00112758 -1.88617e-05 3.35975e-06 -0.000799045 -1.57588e-05 -0.00080337 -0.00276518 1.55834e-05 -3.92508e-05 1.06156e-06 -3.0808e-05 9.61391e-06 -3.61679e-05 6.83708e-06
internal_weight=2699 2659 2639 2598 2565 46 41 2519 60 2459 2414 2386 45 2358 89 63 42 2269 2245 40 2221 85 48 2136 2104 2076 2053 2006 1958 1917
internal_count=2699 2659 2639 2598 2565 46 41 2519 60 2459 2414 2386 45 2358 89 63 42 2269 2245 40 2221 85 48 2136 2104 2076 2053 2006 1958 1917
is_linear=0
shrinkage=0.1


Tree=79
num_leaves=31
num_cat=0
split_feature=3 9 10 5 5 6 6 9 8 4 5 5 9 4 10 5 4 10 5 4 8 4 3 3 3 8 10 9 8 5
split_gain=0.0027363 0.0316049 0.0184223 0.0196411 0.0171356 0.015582 0.0138837 0.0196764 0.0184962 0.0243726 0.0357849 0.0461626 0.0301669 0.0242135 0.0173776 0.0346608 0.025662 0.0336038 0.0253866 0.0231372 0.0207752 0.030826 0.0135097 0.0186263 0.0193139 0.0444096 0.0238495 0.052064 0.0249841 0.020928
threshold=15.479907989501955 14.001408100128176 14.539123535156252 15.039262771606447 15.933817863464357 12.70027017593384 13.575631618499758 14.220327377319338 13.979667663574221 11.627705574035646 17.053933143615726 17.776271820068363 17.908739089965824 12.393364906311037 17.919202804565433 18.850534439086918 13.11917018890381 19.698780059814457 19.922337532043461 15.686934947967531 15.439124107360842 14.096992969512941 19.420585632324222 19.980977058410648 21.04799842834473 19.00317478179932 21.653555870056156 19.483583450317386 18.154817581176761 23.465167999267582
decision_type=2 2 2 2 2 2 2 2 2 2 2 2 2 2 2 2 2 2 2 2 2 2 2 2 2 2 2 2 2 2
left_child=1 2 3 -1 -2 -6 -7 -8 -9 12 -11 -12 -10 -13 -15 -16 -17 18 19 -18 -19 -22 -23 -24 25 -25 -26 -28 -29 -30
right_child=4 -3 -4 -5 5 6 7 8 9 10 11 13 -14 14 15 16 17 20 -20 -21 21 22 23 24 26 -27 27 28 29 -31
leaf_value=-3.0400923766070199e-05 -0.0023699946745182388 0.0018867249422836849 -0.002297894527603473 0.0031394341483246533 0.0026099203874103052 -0.0020995974230269593 0.0018859522280623563 -0.0012630656262063572 0.0051725101005285976 -0.0036770833087050253 0.0044413950395486923 -0.0035305235481064307 0.00030398032361907623 -0.0027486479398288323 0.0041549672139808537 0.0032685126248828095 0.0010699315080419183 0.0032166271063033495 -0.0051689345461671202 -0.0034933477384038272 -0.0034383560074135091 0.0025571262973937254 -0.0030272213323041799 -0.0012790522131791268 -0.0026530288118759501 0.0042470745403658259 0.0048508959377861838 -0.0032550484036619311 0.0023112049002329037 -8.4443274026812761e-05
leaf_weight=864 32 93 35 20 22 33 52 124 20 27 23 20 35 23 20 23 25 20 21 20 26 21 20 26 34 33 22 24 38 903
leaf_count=864 32 93 35 20 22 33 52 124 20 27 23 20 35 23 20 23 25 20 21 20 26 21 20 26 34 33 22 24 38 903
internal_value=-3.868e-12 0.000130001 -4.77737e-05 4.13148e-05 -7.79854e-05 -3.36686e-05 -6.92834e-05 -2.74082e-05 -9.16813e-05 1.03213e-05 -7.26019e-05 -8.2528e-08 0.00207435 -7.75306e-05 -2.43667e-05 2.47387e-05 -4.10293e-05 -0.000102764 -0.00229797 -0.000958193 2.13862e-05 -3.43286e-05 4.4623e-05 -3.34295e-06 5.26548e-05 0.00181183 -4.90019e-05 4.07012e-05 -6.89613e-05 1.22992e-05
internal_weight=2699 1012 919 884 1687 1655 1633 1600 1548 1424 1369 1342 55 1319 1299 1276 1256 1233 66 45 1167 1147 1121 1100 1080 59 1021 987 965 941
internal_count=2699 1012 919 884 1687 1655 1633 1600 1548 1424 1369 1342 55 1319 1299 1276 1256 1233 66 45 1167 1147 1121 1100 1080 59 1021 987 965 941
is_linear=0
shrinkage=0.1


Tree=80
num_leaves=31
num_cat=0
split_feature=7 1 8 3 7 3 6 7 1 8 1 9 10 9 10 5 8 9 7 6 5 3 8 1 7 9 10 10 8 4
split_gain=0.00272512 0.0167826 0.0216554 0.0171993 0.0406904 0.0256161 0.036476 0.0252419 0.0201294 0.030374 0.0270841 0.0306184 0.023967 0.0170418 0.0242399 0.0189065 0.0468634 0.0164405 0.0148483 0.0352295 0.0224351 0.029327 0.0307181 0.0232786 0.0147831 0.0205672 0.01238 0.0116457 0.0184016 0.00955161
threshold=1.5142856240272524 57.500000000000007 19.925178527832035 26.328480720520023 0.7457185983657838 22.439517021179203 20.451813697814945 0.7795400619506837 64.500000000000014 15.439124107360842 70.500000000000014 14.715974330902101 13.467520236968996 13.703937053680422 11.959062099456789 10.996593475341799 8.5119438171386737 6.2154021263122567 2.0900871753692631 23.693908691406254 19.922337532043461 16.14762115478516 11.664299011230471 56.500000000000007 0.88867342472076427 8.477635860443117 11.780656337738039 15.966443538665773 10.570169448852541 8.4872822761535662
decision_type=2 2 2 2 2 2 2 2 2 2 2 2 2 2 2 2 2 2 2 2 2 2 2 2 2 2 2 2 2 2
left_child=1 2 24 5 -5 6 8 -7 9 13 11 12 26 14 15 16 17 -3 19 20 21 22 23 -2 25 -1 29 28 -12 -10
right_child=18 3 -4 4 -6 7 -8 -9 10 -11 27 -13 -14 -15 -16 -17 -18 -19 -20 -21 -22 -23 -24 -25 -26 -27 -28 -29 -30 -31
leaf_value=-0.0001596356880834846 -0.0013643672689795496 -0.0014941354470519239 0.0036084607571617447 0.00028995399867805342 -0.0047433395420425932 -0.00046727736278072646 -0.0040251316304353102 0.004080595509507335 0.00095406671124134929 -0.0043250228530572112 -0.0024270762652158738 0.0034941012648722299 -0.0027048172239367641 0.0016380744334310296 -0.0038134924396872522 0.0021199306725369145 -0.0051963084754312328 0.0014638804514626308 -2.1242278725872028e-05 0.0042744879283148933 -0.0025263803742785495 0.0043753339431714267 -0.0030193467907931493 0.0024499664529685108 -0.0015246018922577302 0.0024418135114172672 0.0026444808735201757 -0.003337101690704003 0.0013726872033797779 -0.0013613657131791115
leaf_weight=86 24 34 22 36 29 23 27 26 62 24 25 39 22 30 25 24 21 42 1753 27 23 20 23 48 36 47 30 20 26 25
leaf_count=86 24 34 22 36 29 23 27 26 62 24 25 39 22 30 25 24 21 42 1753 27 23 20 23 48 36 47 30 20 26 25
internal_value=-2.77883e-12 -0.000157467 0.000657262 -0.000421219 -0.00195567 -0.000231239 -0.000455354 0.00194588 -0.000240691 -0.000987787 0.000359387 0.00101807 0.000323356 -0.000532709 -0.000978761 -0.000393072 -0.00101485 0.000140558 6.41199e-05 0.000971029 0.000324699 0.000894915 0.000162196 0.00117852 0.000273082 0.000759673 0.000892756 -0.00129196 -0.000489942 0.000288713
internal_weight=2699 781 191 590 65 525 476 49 449 200 249 178 139 176 146 121 97 76 1918 165 138 115 95 72 169 133 117 71 51 87
internal_count=2699 781 191 590 65 525 476 49 449 200 249 178 139 176 146 121 97 76 1918 165 138 115 95 72 169 133 117 71 51 87
is_linear=0
shrinkage=0.1


Tree=81
num_leaves=31
num_cat=0
split_feature=3 10 5 3 8 8 9 3 6 9 8 7 7 10 7 8 7 8 5 5 5 7 1 1 8 9 4 10 5 3
split_gain=0.00297421 0.0157504 0.00640471 0.00608151 0.00549805 0.0166149 0.0144532 0.00915879 0.019992 0.0150503 0.0268281 0.0090319 0.0212619 0.00846336 0.0247867 0.0224734 0.0152178 0.0132572 0.0195485 0.0353947 0.0127401 0.0112992 0.0115054 0.0160484 0.0103021 0.016459 0.0130876 0.00920668 0.0305305 0.0169037
threshold=6.0037295818328866 6.6076858043670663 5.8836526870727548 4.7265207767486581 5.6709382534027108 6.2202324867248553 6.0651559829711923 7.4170935153961191 7.5898425579071054 7.8962821960449228 7.4059536457061776 0.097883552312850911 0.15658739954233172 11.85381603240967 3.0124928951263432 7.8321146965026864 0.24145524948835373 10.061526775360109 11.200277805328371 11.723321914672853 12.482176303863527 0.94401052594184887 59.500000000000007 64.500000000000014 8.9499826431274432 10.809592247009279 6.4067900180816659 13.215024948120117 13.825990200042726 12.915932655334474
decision_type=2 2 2 2 2 2 2 2 2 2 2 2 2 2 2 2 2 2 2 2 2 2 2 2 2 2 2 2 2 2
left_child=2 -2 3 -1 6 -6 -3 -7 -9 -10 -11 -12 -13 14 15 -14 -15 18 21 -20 -18 22 -17 -24 25 -22 -26 -28 -29 -30
right_child=1 4 -4 -5 5 7 -8 8 9 10 11 12 13 16 -16 17 20 -19 19 -21 24 -23 23 -25 26 -27 27 28 29 -31
leaf_value=0.00054602288749135499 -0.0025725635869700155 0.00030716648325324059 0.0012815247755497694 -0.0014494579246578118 0.0020995559262749004 0.0015126275704600491 -0.0027887586431461389 -0.0026886913601109493 0.0024905836423082901 -0.0026273374738267218 -0.0020470942104501384 0.0032825253438204527 -0.0027868179584164985 -0.002560334016258518 0.0030745718953446213 0.0022730232175672428 -0.0025387825258076195 0.0022483887914050787 -0.0043687789852771422 0.0010669272346422076 0.00024994267732836306 0.0027669920995831493 -0.002729582169558853 0.0010382616439108881 0.0022180507925373539 -0.0036343083530664443 0.0010125076545803092 -0.0039318436151370411 0.0022054416873930572 -4.530003298513012e-05
leaf_weight=42 24 38 55 24 38 39 25 28 24 39 21 20 23 24 34 20 20 36 23 25 24 25 20 26 27 20 86 20 34 1795
leaf_count=42 24 38 55 24 38 39 25 28 24 39 21 20 23 24 34 20 20 36 23 25 24 25 20 26 27 20 86 20 34 1795
internal_value=3.26711e-12 -2.27424e-05 0.000484544 -0.000179606 1.21836e-06 2.45517e-05 -0.000921375 -7.59266e-06 -3.2153e-05 -9.78165e-07 -2.62946e-05 1.73733e-05 3.62064e-05 7.75492e-06 0.000580217 0.000151893 -5.7031e-05 0.000538124 9.51776e-05 -0.00153768 -2.73769e-05 0.000956466 0.000270661 -0.000599931 -2.33795e-06 -0.00151563 3.15992e-05 1.09057e-06 -4.59521e-05 -3.46011e-06
internal_weight=2699 2578 121 66 2554 2491 63 2453 2414 2386 2362 2323 2302 2282 232 198 2050 175 139 48 2026 91 66 46 2006 44 1962 1935 1849 1829
internal_count=2699 2578 121 66 2554 2491 63 2453 2414 2386 2362 2323 2302 2282 232 198 2050 175 139 48 2026 91 66 46 2006 44 1962 1935 1849 1829
is_linear=0
shrinkage=0.1


Tree=82
num_leaves=31
num_cat=0
split_feature=5 7 7 7 7 7 9 7 5 5 7 9 3 9 6 6 9 3 4 10 9 7 8 6 4 8 4 4 6 10
split_gain=0.00267107 0.00801822 0.00799564 0.00883838 0.00829891 0.0062549 0.00845463 0.00674094 0.0046704 0.0350105 0.0465548 0.0189667 0.0152364 0.0117703 0.00888426 0.00905087 0.00872713 0.00739414 0.00713339 0.0323699 0.0137099 0.00769207 0.0233151 0.00718267 0.00690447 0.0682522 0.053599 0.0254755 0.0339269 0.0334368
threshold=82.549308776855483 123.35581588745119 83.128631591796889 67.04483795166017 55.027532577514656 42.379907608032234 26.212641716003422 37.346931457519538 52.863252639770515 58.240224838256843 8.6769771575927752 44.364154815673835 41.496656417846687 41.745906829833991 35.479139328002937 34.499145507812507 37.921020507812507 36.166883468627937 27.686420440673832 32.810913085937507 30.662393569946296 0.27797731757164007 15.278325557708742 10.597020626068117 17.550682067871097 20.030696868896488 17.959699630737308 18.772157669067386 21.153814315795902 23.573983192443851
decision_type=2 2 2 2 2 2 2 2 2 2 2 2 2 2 2 2 2 2 2 2 2 2 2 2 2 2 2 2 2 2
left_child=1 2 3 4 5 7 -7 8 11 -10 -11 12 14 -14 15 17 -16 18 19 21 -20 22 23 -1 25 -23 -26 -28 -29 -30
right_child=-2 -3 -4 -5 -6 6 -8 -9 9 10 -12 -13 13 -15 16 -17 -18 -19 20 -21 -22 24 -24 -25 26 -27 27 28 29 -31
leaf_value=0.00058066534206032935 0.00093832751425604029 -0.0014527725711415867 0.0016911154263652862 -0.0021018920198548584 0.0014561038561320553 0.00022816857007066055 -0.002169081899187257 0.0011966044415145163 0.0040744457605548885 -0.0040641177106987341 0.0024414626288820399 -0.0023462196843216329 0.00032121330985556481 0.0036382389846039589 -0.0029184427156689623 0.0021087916148826483 -3.5466103526275784e-05 -0.0015873794040332239 0.00085546672565951244 0.0030380195633292069 -0.0024130283509183562 -8.316139044595588e-05 0.0035238889123623573 -0.0011742645088816063 -0.0050248819966024413 0.0043229329470907234 0.001861174219865697 -0.0043688247146617086 0.0021598664876073602 -0.00064380517872785663
leaf_weight=86 30 38 28 20 39 28 31 47 22 22 22 35 23 20 21 20 21 30 21 35 33 1501 24 32 24 36 54 21 50 285
leaf_count=86 30 38 28 20 39 28 31 47 22 22 22 35 23 20 21 20 21 30 21 35 33 1501 24 32 24 36 54 21 50 285
internal_value=1.51767e-12 -1.0547e-05 1.02834e-05 -7.79704e-06 8.4174e-06 -1.37759e-05 -0.0010314 1.03851e-05 -1.2483e-05 0.000817264 -0.000811328 -3.55704e-05 -9.64998e-07 0.00186402 -3.59232e-05 -9.04787e-06 -0.00147695 -2.80249e-05 -6.78031e-06 2.17574e-05 -0.00114195 -2.82044e-05 0.000682634 0.000104752 -7.94165e-05 2.00393e-05 -0.000431636 -0.000162764 -0.000469765 -0.000225347
internal_weight=2699 2669 2631 2603 2583 2544 59 2485 2438 66 44 2372 2337 43 2294 2252 42 2232 2202 2148 54 2113 142 118 1971 1537 434 410 356 335
internal_count=2699 2669 2631 2603 2583 2544 59 2485 2438 66 44 2372 2337 43 2294 2252 42 2232 2202 2148 54 2113 142 118 1971 1537 434 410 356 335
is_linear=0
shrinkage=0.1


Tree=83
num_leaves=31
num_cat=0
split_feature=6 5 5 6 4 8 4 4 8 4 1 7 8 6 7 8 7 8 8 4 3 10 8 3 6 9 1 3 5 10
split_gain=0.00273186 0.00914617 0.0114679 0.0122677 0.0129949 0.0060297 0.00834705 0.00741933 0.0210745 0.0170339 0.0291309 0.034684 0.0114023 0.00824511 0.00558471 0.0163371 0.00684042 0.0233786 0.0263387 0.0431512 0.0304113 0.0295842 0.0259312 0.0388101 0.033374 0.0164661 0.0379195 0.0351602 0.0134962 0.0130943
threshold=80.332885742187514 73.079502105712905 67.371635437011733 54.259517669677741 43.025081634521491 43.36273384094239 38.598453521728523 29.209688186645511 33.142192840576179 30.28522872924805 68.500000000000014 7.8356623649597177 34.236288070678718 41.328170776367195 0.27797731757164007 15.278325557708742 1.6487218141555788 25.260769844055179 20.566653251647953 16.992679595947269 19.980977058410648 23.176200866699222 16.093758583068851 15.479907989501955 13.441444873809816 11.706801891326906 67.500000000000014 12.695794582366945 15.325829505920412 16.45933818817139
decision_type=2 2 2 2 2 2 2 2 2 2 2 2 2 2 2 2 2 2 2 2 2 2 2 2 2 2 2 2 2 2
left_child=1 2 3 4 5 6 7 8 14 -9 11 12 -11 -13 15 -1 17 18 19 22 -21 -20 23 24 25 -16 27 -27 -26 -25
right_child=-2 -3 -4 -5 -6 -7 -8 9 -10 10 -12 13 -14 -15 16 -17 -18 -19 21 20 -22 -23 -24 29 28 26 -28 -29 -30 -31
leaf_value=9.4276924851405735e-05 -0.0011643916042521597 0.0017449480093394715 -0.0023964787647128109 0.002358677771619775 -0.0020478702841266508 0.001589471642121983 -0.0019884786646192274 0.0028281587176024916 -0.0029775284026982264 0.0013775161689236052 -0.0025314754061400891 -0.0021579798720267719 0.0046004346288416693 0.00059120574500411745 -2.837491254710282e-05 0.0028210470599501773 7.0546139309118506e-05 -0.0030933484830492144 0.0049407397468166896 -0.0059209304335324665 -0.0006574831481668212 0.00023030677693895997 0.0032990886106355382 -0.0050801795868028431 0.0040236034877598288 -0.0063582817600532013 0.0012731359734271582 -0.00063771646070693222 0.00082695413646953454 -0.0014615739695727826
leaf_weight=118 20 30 20 22 31 24 21 30 24 21 30 24 23 20 300 27 1598 29 20 23 21 40 21 20 25 22 26 21 28 20
leaf_count=118 20 30 20 22 31 24 21 30 24 21 30 24 23 20 300 27 1598 29 20 23 21 40 21 20 25 22 26 21 28 20
internal_value=-5.06352e-12 8.69273e-06 -1.09704e-05 7.17724e-06 -1.26667e-05 1.18253e-05 -3.01148e-06 1.34622e-05 -2.92061e-05 0.000700479 0.000159544 0.00107694 0.00306222 -0.00090835 7.8953e-07 0.00060202 -3.85865e-05 -0.000321693 -0.000184763 -0.000410784 -0.00340883 0.00180045 -0.00013767 -0.000293886 -1.17071e-05 -0.00034874 -0.00174163 -0.00356452 0.00233481 -0.00327088
internal_weight=2699 2679 2649 2629 2607 2576 2552 2531 2383 148 118 88 44 44 2359 145 2214 616 587 527 44 60 483 462 422 369 69 43 53 40
internal_count=2699 2679 2649 2629 2607 2576 2552 2531 2383 148 118 88 44 44 2359 145 2214 616 587 527 44 60 483 462 422 369 69 43 53 40
is_linear=0
shrinkage=0.1


Tree=84
num_leaves=31
num_cat=0
split_feature=7 7 7 3 7 5 1 4 1 1 1 4 4 8 3 1 9 3 5 6 8 6 3 8 3 3 6 7 7 10
split_gain=0.00288726 0.0477354 0.033688 0.0245797 0.0180761 0.0168887 0.0196739 0.0141953 0.0132084 0.00961557 0.00766987 0.022432 0.0720536 0.0247485 0.0175797 0.0156888 0.0116608 0.00734553 0.0153232 0.0104464 0.0177158 0.00868977 0.00801152 0.0234373 0.0175211 0.0137474 0.0250574 0.0115023 0.0119546 0.0111165
threshold=0.58257290720939647 0.61878645420074474 0.64791649580001842 29.949612617492679 0.45802962779998785 14.636086463928224 65.500000000000014 13.524537086486818 68.500000000000014 60.500000000000007 50.500000000000007 9.8016757965087908 14.418501377105715 23.104536056518558 40.699951171875007 51.500000000000007 9.0022950172424334 5.439753770828248 7.3356559276580819 7.0444114208221444 5.9582831859588632 6.3473346233367929 11.686558723449709 10.061526775360109 12.121930599212648 12.56625270843506 10.718421459198 0.85119119286537182 1.1348978877067568 17.919202804565433
decision_type=2 2 2 2 2 2 2 2 2 2 2 2 2 2 2 2 2 2 2 2 2 2 2 2 2 2 2 2 2 2
left_child=3 -2 -3 4 5 8 -7 9 -1 -6 11 16 -13 -14 -15 -12 -4 -17 -19 21 -21 -20 23 27 -24 26 -26 -22 -29 -27
right_child=1 2 10 -5 7 6 -8 -9 -10 -11 15 12 13 14 -16 17 -18 18 19 20 22 -23 24 -25 25 29 -28 28 -30 -31
leaf_value=0.00021132984292351119 0.0046762718713249671 -0.0038984019859609285 -0.00063952196819277909 -0.0035846529262406491 -0.0019632414992277821 0.0039246926233172412 0.00033106871594030125 -0.0036650921462015027 -0.0020666136608148613 0.00086747793466201983 0.0021857413153962366 -0.00651767556251877 0.002377602821798064 -0.0031968564923422847 0.0007466559391468763 0.0018281402552257414 0.0017483159344031498 -0.0024295960185118023 7.894127862527967e-05 -0.0027939735869453712 -0.0016600028254712624 0.0029290373558583469 -0.0022573356513235282 0.0027574774143951284 -0.00035069453075993809 -0.00045783374316019044 0.0043981674034148455 0.0027612381987273693 0.00011058699076927855 0.0001359389424431633
leaf_weight=168 22 22 39 21 24 25 39 21 30 24 35 23 26 26 20 23 43 25 20 22 30 23 34 42 25 419 20 20 114 1274
leaf_count=168 22 22 39 21 24 25 39 21 30 24 35 23 26 26 20 23 43 25 20 22 30 23 34 42 25 419 20 20 114 1274
internal_value=3.82561e-12 4.0055e-05 -3.81462e-06 -0.000267071 -5.65899e-05 0.000322649 0.00173483 -0.0014966 -0.000133813 -0.000547882 3.33894e-05 -0.000599084 -0.00164499 -8.84372e-05 -0.00148229 8.60459e-05 0.000612637 5.09004e-05 3.11342e-05 6.12459e-05 2.80893e-05 0.00160341 5.94773e-05 0.000649736 -9.14196e-06 3.48388e-05 0.00175991 0.000109949 0.000506207 -1.10137e-05
internal_weight=2699 2347 2325 352 331 262 64 69 198 48 2303 177 95 72 46 2126 82 2091 2068 2043 2000 43 1978 206 1772 1738 45 164 134 1693
internal_count=2699 2347 2325 352 331 262 64 69 198 48 2303 177 95 72 46 2126 82 2091 2068 2043 2000 43 1978 206 1772 1738 45 164 134 1693
is_linear=0
shrinkage=0.1


Tree=85
num_leaves=31
num_cat=0
split_feature=3 10 6 4 5 7 4 1 7 6 9 6 6 6 4 8 6 4 4 4 6 9 4 8 9 5 3 9 9 4
split_gain=0.00261078 0.0109118 0.0079246 0.011099 0.00740529 0.00689303 0.00659095 0.0268429 0.0336365 0.0102659 0.0419585 0.0170243 0.0134255 0.0157686 0.00501652 0.0235812 0.0146423 0.0136876 0.00508712 0.0087103 0.00835894 0.00626433 0.0570179 0.0207717 0.0372186 0.0216328 0.0220565 0.0175081 0.031453 0.0128622
threshold=76.739543914794936 69.04422760009767 52.564722061157234 41.76245307922364 61.873090744018562 93.494705200195327 35.147499084472663 63.500000000000007 16.555974960327152 37.647924423217781 40.52668762207032 41.903224945068366 35.048412322998054 34.499145507812507 27.686420440673832 28.886590957641605 31.515843391418461 29.209688186645511 25.303483963012699 24.748035430908207 29.691039085388187 27.825620651245121 21.508452415466312 23.243500709533695 24.943508148193363 27.302321434021003 25.583414077758793 25.973080635070804 26.754080772399906 19.510127067565922
decision_type=2 2 2 2 2 2 2 2 2 2 2 2 2 2 2 2 2 2 2 2 2 2 2 2 2 2 2 2 2 2
left_child=1 2 3 6 -4 -2 9 8 -8 12 -11 -12 13 14 15 16 18 -16 19 20 21 23 -23 24 29 26 -25 -27 -29 -1
right_child=5 -3 4 -5 -6 -7 7 -9 -10 10 11 -13 -14 -15 17 -17 -18 -19 -20 -21 -22 22 -24 25 -26 27 -28 28 -30 -31
leaf_value=4.7618531923197306e-05 -0.0021146150724962354 0.0023390456172637641 -0.002762118559330702 0.001838455498253814 -7.344367692158337e-05 0.0005108421063050628 0.0034476402960717679 -0.0037395789566368842 -0.0023520562238991262 0.0041446802029707309 -0.0027218380278844216 0.0011692054245782935 -0.0018575941579631315 0.0028089921828359367 -0.0026467579857965646 0.0026670978432803446 -0.0027192344609647989 0.00036431177480456732 0.0011457431424213083 -0.0020010425418149681 0.0019381269749084659 0.0021648979676818407 -0.0043339845185444035 0.0017515492847278006 -0.0032628084562020378 7.7612136073153608e-06 -0.0026861653061738861 0.0053385652283517021 0.00092597764550841281 -0.0010296456727901695
leaf_weight=1825 20 20 20 33 21 20 20 23 20 29 22 23 39 20 26 33 20 36 38 22 22 27 27 21 36 29 24 30 35 118
leaf_count=1825 20 20 20 33 21 20 20 23 20 29 22 23 39 20 26 33 20 36 38 22 22 27 27 21 36 29 24 30 35 118
internal_value=2.66439e-12 1.2063e-05 -5.57236e-06 1.61968e-05 -0.00138499 -0.000801886 -7.24748e-06 -0.00101744 0.000547792 1.8189e-05 0.00117847 -0.000733082 -1.71739e-05 1.28707e-05 -1.07353e-05 1.31203e-05 -2.53938e-05 -0.000898395 -1.49108e-06 -2.11639e-05 -1.31094e-06 -2.09553e-05 -0.00108454 6.16164e-06 -7.68345e-05 0.00118781 -0.000615232 0.00205097 0.00296256 -1.78046e-05
internal_weight=2699 2659 2639 2598 41 40 2565 63 40 2502 74 45 2428 2389 2369 2307 2274 62 2254 2216 2194 2172 54 2118 1979 139 45 94 65 1943
internal_count=2699 2659 2639 2598 41 40 2565 63 40 2502 74 45 2428 2389 2369 2307 2274 62 2254 2216 2194 2172 54 2118 1979 139 45 94 65 1943
is_linear=0
shrinkage=0.1


Tree=86
num_leaves=31
num_cat=0
split_feature=4 4 8 3 4 7 7 9 6 8 3 7 8 9 8 8 9 8 1 4 9 3 9 3 10 9 9 3 10 6
split_gain=0.00270541 0.029768 0.0210383 0.0433131 0.0180043 0.0273112 0.0528912 0.0162573 0.0314879 0.0193792 0.0529295 0.0689758 0.0424355 0.0175771 0.0301967 0.0482232 0.026613 0.0323258 0.0319836 0.0287236 0.018688 0.0202504 0.0136495 0.0226659 0.0178098 0.0159544 0.0427278 0.0212575 0.0210474 0.0208336
threshold=20.64978122711182 19.510127067565922 20.863481521606449 24.94909763336182 21.508452415466312 1.8742817640304568 10.122266292572023 29.879112243652347 25.878905296325687 19.925178527832035 22.520421981811527 7.3708629608154306 22.34304237365723 20.371492385864261 19.499705314636234 18.419611930847172 19.903229713439945 18.297430992126468 61.500000000000007 16.48032379150391 19.166774749755863 24.071063995361332 24.722529411315922 26.328480720520023 27.917815208435062 28.179731369018558 29.055979728698734 31.222386360168461 33.012157440185554 27.383481979370121
decision_type=2 2 2 2 2 2 2 2 2 2 2 2 2 2 2 2 2 2 2 2 2 2 2 2 2 2 2 2 2 2
left_child=1 7 -3 -4 5 -2 -7 8 9 13 -11 -12 -13 16 15 -15 17 19 -19 20 21 -1 -6 -24 -25 29 -27 -28 -29 -26
right_child=4 2 3 -5 22 6 -8 -9 -10 10 11 12 -14 14 -16 -17 -18 18 -20 -21 -22 -23 23 24 25 26 27 28 -30 -31
leaf_value=-3.1336039889705247e-05 0.0048427826397528413 -0.0039457584025278207 0.0029164837096773443 -0.0027424436932625743 -0.0019667331016424931 -0.0033193895165459252 0.0039532424407070724 0.0023741852170948326 -0.003467599220144061 0.0059975442729773938 -0.0046596849026779331 0.004432175527472282 -0.0011991030435361293 -0.0029247265016419991 -0.0046897185256793393 0.001926823060299891 0.0026559357096343061 6.4954155268857167e-05 -0.0053910761732946745 0.0029717066962003822 -0.0029727213084697725 0.0021701434654587078 0.0023628419889497481 -0.0029758393298834566 -0.00045062718568563776 -0.0037301968302457566 0.0025124132153852025 -0.0030285433486468443 8.4445980580475863e-05 0.0030955312287472693
leaf_weight=1477 20 31 21 38 33 20 20 29 26 20 21 32 23 40 21 42 38 21 22 33 21 43 42 20 30 31 34 23 390 37
leaf_count=1477 20 31 21 38 33 20 20 29 26 20 21 32 23 40 21 42 38 21 22 33 21 43 42 20 30 31 34 23 390 37
internal_value=-1.40102e-12 -5.92458e-05 -0.0018365 -0.000728249 0.000169189 0.00182555 0.000316926 2.45432e-05 -1.17013e-05 3.67633e-05 0.00142029 0.000215748 0.00207728 -3.87876e-05 -0.00130628 -0.000439786 4.00954e-05 -2.13776e-05 -0.0027265 5.25235e-05 -9.98982e-06 3.09427e-05 1.39056e-05 0.000121585 -4.50222e-05 6.25307e-05 -0.000140035 0.000108947 -8.89166e-05 0.0015077
internal_weight=2699 1999 90 59 700 60 40 1909 1880 1854 96 76 55 1758 103 82 1655 1617 43 1574 1541 1520 640 607 565 545 478 447 413 67
internal_count=2699 1999 90 59 700 60 40 1909 1880 1854 96 76 55 1758 103 82 1655 1617 43 1574 1541 1520 640 607 565 545 478 447 413 67
is_linear=0
shrinkage=0.1


Tree=87
num_leaves=31
num_cat=0
split_feature=5 3 4 4 8 8 3 4 8 6 6 6 4 8 5 5 7 4 5 6 3 4 10 8 9 8 9 5 9 3
split_gain=0.00256285 0.00743767 0.0152743 0.0122789 0.00580808 0.024522 0.0165274 0.0143213 0.0179998 0.0140486 0.0120823 0.0136825 0.0113043 0.0109532 0.00812291 0.00560547 0.00668994 0.00550928 0.0220765 0.0226391 0.0170315 0.0125991 0.00827917 0.0178543 0.0125796 0.0130052 0.0357293 0.0166308 0.0229068 0.0304794
threshold=82.549308776855483 65.218120574951186 48.984283447265632 43.025081634521491 40.965095520019538 39.537303924560554 48.813304901123054 33.289611816406257 37.09680366516114 39.589262008666999 36.862169265747085 35.048412322998054 30.749659538269047 31.30210113525391 40.939416885375984 38.167844772338874 55.027532577514656 25.303483963012699 31.879885673522953 28.614050865173343 32.336433410644538 24.748035430908207 33.974044799804695 25.966817855834964 27.825620651245121 23.243500709533695 24.943508148193363 27.302321434021003 25.973080635070804 28.270027160644535
decision_type=2 2 2 2 2 2 2 2 2 2 2 2 2 2 2 2 2 2 2 2 2 2 2 2 2 2 2 2 2 2
left_child=1 2 3 4 5 7 -6 9 -9 10 11 12 13 14 15 16 17 21 19 -19 -20 22 23 24 25 26 -1 -27 -29 -30
right_child=-2 -3 -4 -5 6 -7 -8 8 -10 -11 -12 -13 -14 -15 -16 -17 -18 18 20 -21 -22 -23 -24 -25 -26 27 -28 28 29 -31
leaf_value=-2.8579984160854847e-05 0.00091912410221993933 -0.0013636788213625551 0.0025214741627375289 -0.002024303370465835 0.0031385401830034843 -0.0034986699197907 -0.00047000802432497346 -8.1782107261697893e-05 0.0040201606415212155 -0.0022832597502403791 0.0022430477741484842 -0.0025532233883582413 0.0022668437693606725 -0.002284118771508691 0.0016731402043911534 -0.0015312562230974437 0.0014185243148610673 0.0014720387954730541 0.0043013542512198915 -0.0032860197997069923 0.00031992126965806598 -0.0024271149230612951 -0.001831043289974332 0.0021475802540264436 -0.0024748189995686216 -0.00056413960229191519 -0.0037606348005983121 -0.00046710527635046421 0.0061429942079121247 0.0011665946803987026
leaf_weight=1919 30 40 24 30 22 20 30 23 20 27 24 21 22 21 29 24 33 20 22 20 21 22 25 38 21 45 26 28 20 32
leaf_count=1919 30 40 24 30 22 20 30 23 20 27 24 21 22 21 29 24 33 20 22 20 21 22 25 38 21 45 26 28 20 32
internal_value=-7.39862e-13 -1.03311e-05 1.026e-05 -1.2876e-05 1.05581e-05 -1.1003e-05 0.00105669 1.68649e-05 0.0018261 -1.47599e-05 1.04146e-05 -1.18283e-05 1.05206e-05 -1.04596e-05 9.90156e-06 -1.09248e-05 4.99487e-06 -1.56543e-05 0.000783958 -0.000906991 0.00235693 -4.61542e-05 -2.18361e-05 -5.91339e-07 -3.96303e-05 -1.49255e-05 -7.84686e-05 0.000973805 0.0018389 0.00308059
internal_weight=2699 2669 2629 2605 2575 2523 52 2503 43 2460 2433 2409 2388 2366 2345 2316 2292 2259 83 40 43 2176 2154 2129 2091 2070 1945 125 80 52
internal_count=2699 2669 2629 2605 2575 2523 52 2503 43 2460 2433 2409 2388 2366 2345 2316 2292 2259 83 40 43 2176 2154 2129 2091 2070 1945 125 80 52
is_linear=0
shrinkage=0.1


Tree=88
num_leaves=31
num_cat=0
split_feature=4 8 7 8 8 6 4 7 7 9 6 7 4 7 7 4 3 7 9 6 8 6 4 7 8 1 9 7 8 8
split_gain=0.0025236 0.0175429 0.0167203 0.0274225 0.0384607 0.0285977 0.0155815 0.0258089 0.0265615 0.00397618 0.0209105 0.00681599 0.00431797 0.00511443 0.015227 0.00816635 0.0076581 0.00622192 0.00449712 0.00406621 0.017241 0.0158174 0.00900796 0.0213901 0.00866257 0.0333791 0.00780765 0.0467865 0.0165854 0.0233411
threshold=32.652412414550788 34.768505096435554 2.1290364265441899 37.09680366516114 39.537303924560554 45.412984848022468 60.946918487548835 14.750447273254396 57.702495574951179 35.489023208618171 34.499145507812507 49.619075775146491 29.611188888549808 0.27797731757164007 0.24145524948835373 14.24530601501465 10.880730628967287 0.33006720244884497 6.2154021263122567 31.515843391418461 29.893820762634281 30.456974983215336 24.748035430908207 1.8742817640304568 25.966817855834964 62.500000000000007 27.374521255493168 19.29579067230225 23.243500709533695 22.146557807922367
decision_type=2 2 2 2 2 2 2 2 2 2 2 2 2 2 2 2 2 2 2 2 2 2 2 2 2 2 2 2 2 2
left_child=1 9 -2 -4 -5 -6 7 -7 -9 10 12 -11 13 14 15 16 18 -15 -1 21 -21 22 24 -24 26 -26 28 -28 29 -19
right_child=2 -3 3 4 5 6 -8 8 -10 11 -12 -13 -14 17 -16 -17 -18 19 -20 20 -22 -23 23 -25 25 -27 27 -29 -30 -31
leaf_value=-0.00067618010562000566 0.0015700579214936649 0.0021335877310962249 -0.0042057341150939466 0.0038285122253000738 -0.0040038407183601524 -0.0032794754050912396 0.0015211849964948164 0.0020521898541067327 -0.0022155459448695183 -0.002005228205010868 0.0031556835220683185 0.00035803441259422866 -0.0011862931743023856 -0.001399269689467143 0.0030663476558402182 0.0016960623199810034 -0.0018643835012841484 3.1075100044246894e-06 0.00088944833970704476 -0.0028705976741469426 0.0010451309340582654 0.002455666366642198 -0.0037166848958639261 0.00018298789405096801 0.0042934406981138254 -0.0011657499504508452 -0.0049606231437064711 0.0014207255509164599 0.0011689314525624626 -0.0019712844472979346
leaf_weight=32 39 39 20 20 24 31 36 35 25 26 21 23 31 33 21 27 23 1748 43 23 22 26 22 39 21 24 20 27 116 62
leaf_count=32 39 39 20 20 24 31 36 35 25 26 21 23 31 33 21 27 23 1748 43 23 22 26 22 39 21 24 20 27 116 62
internal_value=1.07143e-11 2.95129e-05 -0.000316815 -0.000702093 -0.00029231 -0.000838114 -0.000239867 -0.000936547 0.000273967 -4.25615e-06 1.40944e-05 -0.000895942 -1.38605e-05 1.74514e-06 0.000574758 0.000156171 -0.000268085 -3.65782e-05 0.000221447 -1.56625e-05 -0.000956241 4.4449e-06 -2.62101e-05 -0.00122345 9.98004e-06 0.00138187 -2.131e-05 -0.00129474 9.76549e-06 -6.45236e-05
internal_weight=2699 2469 230 191 171 151 127 91 60 2430 2381 49 2360 2329 146 125 98 2183 75 2150 45 2105 2079 61 2018 45 1973 47 1926 1810
internal_count=2699 2469 230 191 171 151 127 91 60 2430 2381 49 2360 2329 146 125 98 2183 75 2150 45 2105 2079 61 2018 45 1973 47 1926 1810
is_linear=0
shrinkage=0.1


Tree=89
num_leaves=31
num_cat=0
split_feature=8 4 6 8 4 3 5 3 1 4 4 8 6 7 7 3 9 9 9 8 7 8 4 8 6 9 4 4 8 8
split_gain=0.00329659 0.0123263 0.020015 0.00710874 0.00624378 0.00610092 0.0215273 0.0197836 0.0182749 0.0220504 0.00877828 0.0106072 0.0128561 0.00738403 0.0046061 0.00389539 0.0279014 0.03197 0.0200336 0.0336847 0.0297603 0.0274601 0.0151288 0.00991549 0.009023 0.00790004 0.0274787 0.0236917 0.0179798 0.0109334
threshold=65.842441558837905 48.984283447265632 52.564722061157234 75.771553039550795 41.76245307922364 44.52845764160157 43.681486129760749 47.11225891113282 64.500000000000014 34.545497894287116 33.957532882690437 33.142192840576179 33.981397628784187 55.027532577514656 9.9780197143554705 35.099555969238288 32.831895828247077 30.662393569946296 29.055979728698734 27.248775482177738 8.3588676452636737 26.362543106079105 23.639531135559086 25.777099609375004 32.375911712646491 25.973080635070804 23.639531135559086 22.5741081237793 24.07590484619141 23.104536056518558
decision_type=2 2 2 2 2 2 2 2 2 2 2 2 2 2 2 2 2 2 2 2 2 2 2 2 2 2 2 2 2 2
left_child=1 2 4 -2 5 6 10 -7 9 -9 11 12 13 15 -3 16 17 18 19 21 -20 23 -17 25 -24 26 28 -27 29 -1
right_child=3 14 -4 -5 -6 7 -8 8 -10 -11 -12 -13 -14 -15 -16 22 -18 -19 20 -21 -22 -23 24 -25 -26 27 -28 -29 -30 -31
leaf_value=-4.6454423567198539e-06 -0.0022341837408021092 0.00069965844353040059 -0.00316474243067205 0.00043203818146139391 0.0013990878867844005 -0.0033457119787192861 0.0028327724404840007 0.0036621499255055654 -0.0018303226483112668 -0.00077495275375743708 -0.0018341179650563462 0.0016933472587953549 -0.0022686798498034477 0.0012132855975360145 0.002820138284005225 -0.0027079850303125571 0.003725419989787042 -0.003909696563191358 0.0041442714041165472 -0.0038413426747707573 -0.00083570994126300018 0.0036044564905815995 0.0019298111693933605 -0.0021415098739618606 -0.0010740202404849696 -0.00088529958415569537 -0.0035602444084361197 0.0026303093383520295 0.0029766314011067155 -0.0017635828142778739
leaf_weight=1925 20 21 20 20 32 23 27 21 32 24 26 37 25 50 20 25 20 21 28 23 21 21 20 22 20 36 22 41 20 36
leaf_count=1925 20 21 20 20 32 23 27 21 32 24 26 37 25 50 20 25 20 21 28 23 21 21 20 22 20 36 22 41 20 36
internal_value=-6.45032e-12 1.35551e-05 -1.33891e-05 -0.000901073 1.08707e-05 -6.44141e-06 2.46094e-05 -0.000772154 -3.42912e-06 0.0012957 -6.47729e-06 1.32155e-05 -1.29482e-05 1.10388e-05 0.00173404 -1.50857e-05 7.09823e-06 -2.64606e-05 1.06911e-05 -3.49594e-05 0.00200999 6.27794e-06 -0.000778212 -2.96696e-05 0.000427895 -7.33284e-06 -4.55438e-05 0.000986648 -6.51127e-06 -3.6936e-05
internal_weight=2699 2659 2618 40 2598 2566 2466 100 77 45 2439 2413 2376 2351 41 2301 2236 2216 2195 2146 49 2123 65 2102 40 2080 2003 77 1981 1961
internal_count=2699 2659 2618 40 2598 2566 2466 100 77 45 2439 2413 2376 2351 41 2301 2236 2216 2195 2146 49 2123 65 2102 40 2080 2003 77 1981 1961
is_linear=0
shrinkage=0.1


Tree=90
num_leaves=31
num_cat=0
split_feature=9 5 5 6 4 8 8 3 4 8 4 9 8 8 8 1 5 5 4 4 6 3 1 5 6 6 9 9 9 6
split_gain=0.00272714 0.0146488 0.011083 0.00943388 0.00910314 0.00543711 0.0176847 0.014041 0.0107812 0.0140618 0.0142713 0.0130943 0.0127859 0.00829507 0.00600293 0.0163252 0.0132568 0.0167964 0.00844478 0.00747353 0.00441928 0.0324899 0.0208342 0.0263359 0.0154895 0.0140648 0.0221094 0.0131296 0.0166167 0.0256182
threshold=73.125194549560561 73.079502105712905 67.371635437011733 54.259517669677741 43.025081634521491 40.965095520019538 39.537303924560554 48.813304901123054 33.289611816406257 33.57141304016114 30.749659538269047 38.39778137207032 32.544279098510749 31.30210113525391 28.274835586547855 66.500000000000014 38.720600128173835 32.919670104980476 26.086491584777836 24.920746803283695 26.771781921386722 30.655202865600589 60.500000000000007 34.471672058105476 26.405796051025394 25.688879966735843 25.618421554565433 25.095499992370609 23.581592559814457 23.378778457641605
decision_type=2 2 2 2 2 2 2 2 2 2 2 2 2 2 2 2 2 2 2 2 2 2 2 2 2 2 2 2 2 2
left_child=1 2 3 4 5 6 8 -7 9 12 -11 -10 13 14 18 16 17 -16 19 20 24 -22 -23 -24 25 26 27 28 29 -1
right_child=-2 -3 -4 -5 -6 7 -8 -9 11 10 -12 -13 -14 -15 15 -17 -18 -19 -20 -21 21 22 23 -25 -26 -27 -28 -29 -30 -31
leaf_value=-3.4853915347663011e-06 -0.00094812623535593362 0.0027068565227091317 -0.0023548394208773972 0.0020702381194992502 -0.0017126628828625524 0.0029422819519161502 -0.0029714174754917624 -0.00038376263963679476 -0.00028753152764693368 -0.00014097723372591037 -0.0037578916584607215 0.0032110794346131713 0.0020704708388075235 -0.0016878766650012856 0.00092337014419691913 0.0029276082148918742 0.0020007788868887082 -0.0030762049236467909 -0.0018837077892385424 0.0014958944302193369 -0.0035361266438046408 0.0021502079775657604 0.0013287795754149557 -0.0027362513801028189 0.0024406498378644198 -0.0019476035811208392 0.002917131430541094 -0.002393355320774667 0.0013946052225508605 -0.002902096928277564
leaf_weight=1856 30 20 20 22 31 22 20 30 20 24 20 23 30 29 21 26 21 21 24 33 29 37 30 34 26 37 26 23 83 31
leaf_count=1856 30 20 20 22 31 22 20 30 20 24 20 23 30 29 21 26 21 21 24 33 29 37 30 34 26 37 26 23 83 31
internal_value=4.47071e-12 1.06571e-05 -9.69926e-06 8.14129e-06 -9.26037e-06 1.12387e-05 -9.61432e-06 0.00102341 1.40422e-05 -1.33858e-05 -0.00178503 0.00158382 1.88659e-05 -6.91883e-06 1.37545e-05 0.000819378 -5.06853e-05 -0.00107642 -1.78455e-05 2.10135e-06 -2.0184e-05 -0.00058584 0.000261273 -0.000830768 1.51355e-05 -1.55373e-05 1.98695e-05 -1.79272e-05 9.80626e-06 -5.11043e-05
internal_weight=2699 2669 2649 2629 2607 2576 2524 52 2504 2461 44 43 2417 2387 2358 89 63 42 2269 2245 2212 130 101 64 2082 2056 2019 1993 1970 1887
internal_count=2699 2669 2649 2629 2607 2576 2524 52 2504 2461 44 43 2417 2387 2358 89 63 42 2269 2245 2212 130 101 64 2082 2056 2019 1993 1970 1887
is_linear=0
shrinkage=0.1


Tree=91
num_leaves=31
num_cat=0
split_feature=3 10 6 6 10 10 5 10 5 5 7 5 9 9 8 4 8 6 6 6 9 4 9 9 4 8 3 3 10 9
split_gain=0.00240273 0.00974836 0.007402 0.0110006 0.0101297 0.0147548 0.0205135 0.0131275 0.0105136 0.0203985 0.00641165 0.00526481 0.00415141 0.0239419 0.0130329 0.00731027 0.00517562 0.011955 0.0151136 0.00926263 0.00659453 0.0327569 0.00861532 0.0190172 0.00978773 0.0316467 0.0266628 0.0187069 0.012628 0.0262659
threshold=76.739543914794936 69.04422760009767 52.564722061157234 47.964429855346687 51.201152801513679 47.613000869750984 46.285648345947273 43.438066482543952 42.879808425903327 41.718050003051765 93.494705200195327 61.873090744018562 35.235635757446296 36.376987457275398 32.544279098510749 29.611188888549808 29.893820762634281 31.044369697570804 29.691039085388187 28.839516639709476 28.353727340698246 21.640923500061039 26.754080772399906 26.354794502258304 22.884689331054691 23.243500709533695 26.222730636596683 27.126214027404789 26.756295204162605 21.535509109497074
decision_type=2 2 2 2 2 2 2 2 2 2 2 2 2 2 2 2 2 2 2 2 2 2 2 2 2 2 2 2 2 2
left_child=1 2 3 4 5 6 7 8 9 12 -2 -4 14 -14 15 16 17 18 19 20 22 -22 23 24 25 28 -26 -27 -1 -30
right_child=10 -3 11 -5 -6 -7 -8 -9 -10 -11 -12 -13 13 -15 -16 -17 -18 -19 -20 -21 21 -23 -24 -25 26 27 -28 -29 29 -31
leaf_value=1.8199290217016824e-05 -0.0020353352045640351 0.0022110087436158212 -0.0024994217976927759 0.0019526831613018597 -0.0019326604135265506 0.0021152873791641358 -0.0026123277711546204 0.0024502586710944095 -0.0019300777930766344 0.0031992553686723117 0.00049678889336064464 -0.00023238571538102058 -0.0032286854344420138 0.0010088146314956249 0.0024923631788364483 -0.0018242935999296607 0.0014998364029452206 -0.0023827700365689538 0.0018711428796915814 -0.0017971611381026693 0.0040165708045519534 -0.0016382509795948863 -0.0011214943196044761 0.0030830300925299529 0.00045294977364040192 0.00066511744146489286 -0.0042302473145537081 0.0048377930319734985 0.0018863575881616934 -0.0020431652738479899
leaf_weight=1875 20 20 20 29 27 33 30 22 28 20 20 21 24 30 21 22 23 21 43 29 21 20 69 20 31 22 20 21 22 75
leaf_count=1875 20 20 20 29 27 33 30 22 28 20 20 21 24 30 21 22 23 21 43 29 21 20 69 20 31 22 20 21 22 75
internal_value=-2.73253e-12 1.15724e-05 -5.09635e-06 1.59428e-05 -5.92002e-06 1.4545e-05 -1.30854e-05 1.83698e-05 -3.40539e-06 1.88041e-05 -0.000769273 -0.00133826 -7.60065e-06 -0.000874519 1.22777e-05 -1.00367e-05 7.22702e-06 -7.7708e-06 1.42199e-05 -2.16667e-05 1.78021e-06 0.00125812 -2.21223e-05 1.42423e-05 -1.54652e-05 1.91625e-05 -0.0013836 0.00270294 -3.93579e-05 -0.00115193
internal_weight=2699 2659 2639 2598 2569 2542 2509 2479 2457 2429 40 41 2409 54 2355 2334 2312 2289 2268 2225 2196 41 2155 2086 2066 2015 51 43 1972 97
internal_count=2699 2659 2639 2598 2569 2542 2509 2479 2457 2429 40 41 2409 54 2355 2334 2312 2289 2268 2225 2196 41 2155 2086 2066 2015 51 43 1972 97
is_linear=0
shrinkage=0.1


Tree=92
num_leaves=31
num_cat=0
split_feature=5 3 4 4 8 4 4 8 1 1 7 6 5 5 9 5 10 7 6 4 4 9 8 8 8 8 3 6 6 9
split_gain=0.00267833 0.00735284 0.0118118 0.0083338 0.00452559 0.00623767 0.00556877 0.019382 0.0150837 0.015386 0.0179193 0.0211153 0.0163554 0.0203928 0.0145655 0.00531256 0.00856239 0.00384273 0.0308528 0.0113152 0.00440671 0.0206356 0.0242625 0.0187667 0.0188117 0.0295297 0.016758 0.0239501 0.00794858 0.0152251
threshold=82.549308776855483 65.218120574951186 48.984283447265632 43.025081634521491 43.36273384094239 38.598453521728523 26.465429306030277 30.81879806518555 51.500000000000007 55.500000000000007 14.296679496765138 41.328170776367195 38.167844772338874 35.312089920043952 30.662393569946296 40.939416885375984 35.59746170043946 0.17737370729446414 11.683019161224367 5.9458980560302743 22.884689331054691 25.973080635070804 25.260769844055179 25.260769844055179 23.849312782287601 23.243500709533695 27.126214027404789 28.155976295471195 25.878905296325687 23.581592559814457
decision_type=2 2 2 2 2 2 2 2 2 2 2 2 2 2 2 2 2 2 2 2 2 2 2 2 2 2 2 2 2 2
left_child=1 2 3 4 5 6 7 15 -8 -10 12 -12 13 14 -11 16 17 18 19 -1 23 -22 -23 24 25 28 -24 -28 29 -19
right_child=-2 -3 -4 -5 -6 -7 8 -9 9 10 11 -13 -14 -15 -16 -17 -18 20 -20 -21 21 22 26 -25 -26 -27 27 -29 -30 -31
leaf_value=0.00089225774786124638 0.00093960267802079521 -0.001356169091886841 0.0022182313414911433 -0.0016675220957646768 0.001375652425728428 -0.001720338434235947 0.0031052868068218234 -0.0029247064578711342 -0.0020967462453991173 0.0008453066115556607 0.0033505788162493939 -0.00037236467516049742 -0.0018900078856141159 0.0026908036197225253 -0.0026128082225720089 0.0012334702848045924 -0.0017331304574577976 -6.76445723058302e-05 0.0040755239385180178 -0.0018778608708465792 -0.0027137410970788228 0.0029899143219075126 0.0017305271389583749 0.0023038666056735177 -0.0022355847397672111 0.0035729121538284033 -0.0043723854515701531 -0.00011608827253206611 -0.0019215886311774904 0.0013863902987601858
leaf_weight=30 30 40 24 30 24 21 20 23 25 29 39 25 38 30 21 34 29 1808 20 29 34 23 21 35 38 23 20 39 22 75
leaf_count=30 30 40 24 30 24 21 20 23 25 29 39 25 38 30 21 34 29 1808 20 29 34 23 21 35 38 23 20 39 22 75
internal_value=9.85044e-13 -1.05613e-05 9.91201e-06 -1.04333e-05 8.87254e-06 -3.98623e-06 1.02602e-05 -3.63183e-05 0.000482816 0.000229437 0.000548968 0.0018963 -0.00018179 0.000629613 -0.000607102 -7.18104e-06 -2.5962e-05 -3.63102e-06 0.000681269 -0.000469326 -2.89384e-05 -0.000577615 0.000127514 8.6272e-06 -3.22341e-05 1.11929e-05 -0.000695426 -0.0015589 -3.18095e-05 -9.73028e-06
internal_weight=2699 2669 2629 2605 2575 2551 2530 2303 227 207 182 64 118 80 50 2280 2246 2217 79 59 2138 137 103 2001 1966 1928 80 59 1905 1883
internal_count=2699 2669 2629 2605 2575 2551 2530 2303 227 207 182 64 118 80 50 2280 2246 2217 79 59 2138 137 103 2001 1966 1928 80 59 1905 1883
is_linear=0
shrinkage=0.1


Tree=93
num_leaves=31
num_cat=0
split_feature=7 1 7 7 3 7 7 7 7 7 7 3 5 1 4 4 8 3 1 9 7 3 5 6 8 6 3 8 3 3
split_gain=0.00263023 0.00752982 0.00680583 0.00448759 0.013636 0.010484 0.00525317 0.00694846 0.00640829 0.0394595 0.0264165 0.0142369 0.0302011 0.00751836 0.0199215 0.055731 0.0221224 0.0155483 0.0120992 0.00921247 0.00754016 0.0059711 0.0123795 0.00849721 0.0143161 0.00703871 0.00656311 0.0189842 0.0141449 0.0111846
threshold=0.12116374820470806 61.500000000000007 0.15658739954233172 0.24145524948835373 13.518154621124269 0.27797731757164007 0.33006720244884497 0.3671617209911347 0.58257290720939647 0.61878645420074474 0.64791649580001842 19.420585632324222 14.395363807678226 50.500000000000007 9.8016757965087908 14.418501377105715 23.104536056518558 39.515556335449226 51.500000000000007 9.0022950172424334 9.4396319389343279 5.439753770828248 7.3356559276580819 7.0444114208221444 5.9582831859588632 6.3473346233367929 11.686558723449709 10.061526775360109 12.121930599212648 12.56625270843506
decision_type=2 2 2 2 2 2 2 2 2 2 2 2 2 2 2 2 2 2 2 2 2 2 2 2 2 2 2 2 2 2
left_child=1 -1 -2 4 -4 -5 -7 -8 11 -10 -11 12 -9 14 19 -16 -17 -18 -15 -12 -21 -20 -23 25 -25 -24 27 -26 -28 -30
right_child=2 -3 3 5 -6 6 7 8 9 10 13 -13 -14 18 15 16 17 -19 21 20 -22 22 23 24 26 -27 28 -29 29 -31
leaf_value=0.00069568216416012992 0.0017657572194531733 -0.0016764273343142122 0.00029604278588002284 0.0021923108153383843 -0.0029771803691983224 -0.0012535851738048774 0.0014578722360910792 -0.0010430884931550979 0.0042505185981016524 -0.0034533280625262046 -0.00056889316317840265 -0.0025166647479636598 0.0030864537916267696 0.0019244141141617937 -0.0058688455742135978 0.0021170071677680917 -0.0032173623344860973 0.00047361125193891074 0.0016520027962067853 0.0029735671798698606 0.00031868301170027779 -0.0021799598401412369 7.7723825816065082e-05 -0.0025078996042297644 0.00010563050283059146 0.0026428101564069158 -0.0020249255246359526 0.0024884062819182876 0.0015905962865023562 -6.7542248609556688e-06
leaf_weight=23 22 32 35 22 20 33 33 77 22 22 39 32 23 35 23 26 25 21 23 20 23 25 20 22 164 23 34 42 45 1693
leaf_count=23 22 32 35 22 20 33 33 77 22 22 39 32 23 35 23 26 25 21 23 20 23 25 20 22 164 23 34 42 45 1693
internal_value=-1.35293e-11 -0.000684454 1.42379e-05 -4.58318e-07 -0.00089422 1.86912e-05 -9.84041e-08 1.63686e-05 -2.82046e-06 3.53092e-05 -4.57663e-06 -0.000680778 -9.32938e-05 2.83685e-05 -0.000597826 -0.00158347 -0.000214528 -0.00153235 8.05023e-05 0.000544076 0.00155351 4.96381e-05 3.18169e-05 5.88822e-05 2.89786e-05 0.00144975 5.71946e-05 0.000591439 -4.91283e-06 3.46041e-05
internal_weight=2699 55 2644 2622 55 2567 2545 2512 2479 2347 2325 132 100 2303 177 95 72 46 2126 82 43 2091 2068 2043 2000 43 1978 206 1772 1738
internal_count=2699 55 2644 2622 55 2567 2545 2512 2479 2347 2325 132 100 2303 177 95 72 46 2126 82 43 2091 2068 2043 2000 43 1978 206 1772 1738
is_linear=0
shrinkage=0.1


Tree=94
num_leaves=31
num_cat=0
split_feature=4 8 1 1 8 4 3 4 4 8 5 4 7 7 4 4 9 3 1 8 4 1 8 8 7 7 8 6 4 9
split_gain=0.00237591 0.0234868 0.0302267 0.0522992 0.0295241 0.0376897 0.018078 0.0174427 0.0538089 0.0285613 0.0231298 0.0147705 0.0217774 0.0449188 0.0147272 0.0117982 0.0188925 0.036362 0.0340815 0.0142504 0.042563 0.0382846 0.0236928 0.0460111 0.0132487 0.0283323 0.0157512 0.0348683 0.0231689 0.0123269
threshold=20.64978122711182 22.146557807922367 65.500000000000014 61.500000000000007 20.863481521606449 19.510127067565922 24.334265708923343 17.959699630737308 17.550682067871097 19.925178527832035 23.681021690368656 21.508452415466312 1.8742817640304568 10.122266292572023 18.86212253570557 17.095009803771976 18.003664970397953 18.635648727416996 53.500000000000007 16.171524047851566 14.964682579040529 64.500000000000014 15.278325557708742 15.794742584228517 35.552099227905281 18.508046150207523 17.225082397460941 19.140544891357425 16.312764167785648 16.421451568603519
decision_type=2 2 2 2 2 2 2 2 2 2 2 2 2 2 2 2 2 2 2 2 2 2 2 2 2 2 2 2 2 2
left_child=1 4 3 14 5 7 -6 8 9 15 -9 12 -2 -14 -3 16 19 -18 -19 20 22 -21 29 -24 25 26 -20 -28 -29 -1
right_child=11 2 -4 -5 6 -7 -8 10 -10 -11 -12 -13 13 -15 -16 -17 17 18 24 21 -22 -23 23 -25 -26 -27 27 28 -30 -31
leaf_value=4.5872269189845677e-05 0.0043530770379584284 -0.00038266452262178066 -0.0040366340259259401 0.0039127011969685562 0.0039576249205154077 -0.0035124049105140715 0.0006607791549191835 0.00010352613570807406 -0.0052124346629716456 0.0036698947466599443 0.0040000194157473745 1.7903472867146774e-05 -0.0030394156416878107 0.0036627339728875089 -0.0041743092638041289 0.00231489484043171 0.0026853080391883851 -0.0047373482626146424 -0.0023917521793215026 -0.001018060928375538 -0.0041693567880429329 0.0046913555013420793 0.003897824580642572 -0.0017474545239978892 0.00071564884142944504 -0.0038363561965525151 0.0032314302649375844 0.00061818664857687857 -0.0039090129127725961 -0.001603331913715823
leaf_weight=1269 20 20 33 20 29 31 39 39 20 21 25 640 20 20 21 21 25 26 31 24 24 23 42 22 41 34 26 26 20 47
leaf_count=1269 20 20 33 20 29 31 39 39 20 21 25 640 20 20 21 21 25 26 31 24 24 23 42 22 41 34 26 26 20 47
internal_value=-2.91444e-12 -5.55208e-05 -0.0015986 -0.000279668 2.06208e-05 -5.51219e-05 0.00206679 4.22236e-06 -5.53458e-05 4.55068e-06 0.00162559 0.000158552 0.0016588 0.000311659 -0.00232473 -4.07005e-05 -7.01454e-05 -0.000914268 -0.00135539 6.30759e-05 5.73745e-06 0.00177591 7.83478e-05 0.00195726 -0.000861399 -0.00133336 -0.000507131 0.000304303 -0.00135016 -1.30279e-05
internal_weight=2699 1999 94 61 1905 1837 68 1806 1742 1722 64 700 60 40 41 1701 1680 229 204 1451 1404 47 1380 64 178 137 103 72 46 1316
internal_count=2699 1999 94 61 1905 1837 68 1806 1742 1722 64 700 60 40 41 1701 1680 229 204 1451 1404 47 1380 64 178 137 103 72 46 1316
is_linear=0
shrinkage=0.1


Tree=95
num_leaves=31
num_cat=0
split_feature=5 10 10 10 6 8 4 8 4 9 7 7 1 5 10 3 10 5 4 1 10 10 10 1 1 7 7 7 7 7
split_gain=0.0026016 0.0482766 0.0323591 0.0321845 0.0247392 0.0232832 0.0373972 0.0229652 0.0211855 0.0195838 0.0227782 0.0186892 0.0153363 0.0262765 0.0292022 0.0210055 0.0226134 0.0194771 0.0216095 0.0182392 0.0331778 0.0257594 0.0182065 0.0274177 0.0319353 0.0139975 0.0232187 0.0195718 0.0187489 0.0163633
threshold=24.367860794067386 23.176200866699222 23.573983192443851 22.769671440124515 20.920907020568851 19.00317478179932 18.050042152404789 18.297430992126468 16.48032379150391 18.003664970397953 5.3942997455596933 10.122266292572023 61.500000000000007 26.584615707397464 24.370672225952152 25.583414077758793 25.111416816711429 29.045114517211918 19.965983390808109 63.500000000000007 32.023963928222663 39.953729629516609 29.423236846923832 60.500000000000007 59.500000000000007 1.6115736365318301 3.5814664363861088 0.71007290482521068 5.7834289073944101 7.1562864780426034
decision_type=2 2 2 2 2 2 2 2 2 2 2 2 2 2 2 2 2 2 2 2 2 2 2 2 2 2 2 2 2 2
left_child=1 3 -2 4 5 7 -7 8 9 -1 -11 -12 13 14 -4 16 -14 18 -15 20 -17 -22 -19 24 -24 27 -27 -21 -28 -30
right_child=2 -3 12 -5 -6 6 -8 -9 -10 10 11 -13 15 17 -16 19 -18 22 -20 25 21 -23 23 -25 -26 26 28 -29 29 -31
leaf_value=1.9728317226248496e-05 0.0031152062946265299 -0.0039852006916677755 0.00032622736789995714 0.0035585651253350081 -0.0028098964306991548 0.0050958920118358477 -0.000190534540297449 -0.0025349217278228422 0.002617613357724622 0.00053295272612763984 -0.0052823258607531901 -0.0013087712549443905 0.00049173262686963426 -0.00019936734752263875 -0.0045034567908113525 -0.0012023079022765162 0.0046025195887879188 -0.0025728862120636873 0.0042513344646431511 0.00049286268092691907 0.0054878586753899158 0.0011283179914409465 -0.00019295302986326379 -0.0028896323194203435 0.0034656961069062901 0.0023826372867915783 -0.0024688147294000375 -0.0032677465989705058 0.0028413260867819192 -0.00012121738522017207
leaf_weight=1415 35 31 21 25 32 23 32 37 30 31 20 29 32 24 31 30 23 35 20 25 23 33 205 32 27 40 32 31 20 275
leaf_count=1415 35 31 21 25 32 23 32 37 30 31 20 29 32 24 31 30 23 35 20 25 23 33 205 32 27 40 32 31 20 275
internal_value=4.53426e-12 -7.49635e-05 0.000128584 -2.55175e-06 -5.65408e-05 -2.05261e-06 0.00202015 -7.3257e-05 -1.35314e-05 -6.63303e-05 -0.00158849 -0.00293063 1.95836e-05 -0.000458267 -0.00255301 0.000354248 0.00221079 -0.000140697 0.00182368 0.00015364 0.00148123 0.00291884 -0.000429769 -0.000145643 0.000232838 -0.000116273 0.000108434 -0.0015889 -0.000169756 7.9633e-05
internal_weight=2699 1705 994 1674 1649 1617 55 1562 1525 1495 80 49 959 395 52 564 55 343 44 509 86 56 299 264 232 423 367 56 327 295
internal_count=2699 1705 994 1674 1649 1617 55 1562 1525 1495 80 49 959 395 52 564 55 343 44 509 86 56 299 264 232 423 367 56 327 295
is_linear=0
shrinkage=0.1


Tree=96
num_leaves=31
num_cat=0
split_feature=5 9 1 8 1 7 7 8 7 1 4 1 3 7 5 4 10 10 6 7 10 9 6 9 4 4 5 6 6 10
split_gain=0.00219544 0.00595292 0.0217574 0.00988671 0.00795518 0.00371473 0.0360393 0.0351192 0.0284168 0.0205105 0.0119323 0.0132507 0.0313059 0.0237611 0.0132697 0.0158335 0.0250851 0.0504957 0.0385177 0.0228341 0.0187821 0.0136089 0.0247755 0.022009 0.0323806 0.0235987 0.0346555 0.0331898 0.0256674 0.0217613
threshold=82.549308776855483 53.134258270263679 67.500000000000014 45.359569549560554 61.500000000000007 4.1531798839569101 3.5814664363861088 13.338746547698976 4.260897397994996 64.500000000000014 35.964359283447273 70.500000000000014 33.315364837646491 3.4335341453552251 30.54392242431641 23.792849540710453 23.573983192443851 22.769671440124515 20.589107513427738 0.71007290482521068 24.776497840881351 20.037374496459964 19.140544891357425 17.266862869262699 15.994225502014162 14.964682579040529 17.271064758300785 15.46027183532715 14.834907054901125 15.265604019165041
decision_type=2 2 2 2 2 2 2 2 2 2 2 2 2 2 2 2 2 2 2 2 2 2 2 2 2 2 2 2 2 2
left_child=1 3 4 5 -3 6 10 -8 -7 -9 11 12 13 14 15 16 17 18 21 -17 -18 22 23 25 -25 26 27 28 29 -1
right_child=-2 2 -4 -5 -6 8 7 9 -10 -11 -12 -13 -14 -15 -16 19 20 -19 -20 -21 -22 -23 -24 24 -26 -27 -28 -29 -30 -31
leaf_value=0.00010202718381696645 0.00085069291604061923 -0.00098769751546735115 0.0013053126751738429 0.001955190429893824 -0.0037087583249168737 0.0037682815294136254 0.00035462760503886628 -0.0059191362088313326 5.7776467879359853e-05 -0.001865159494515795 -0.0023497315647026491 -0.0007552491122373011 0.0041049472521990536 0.0032213292530893036 -0.0021088220378650087 0.0042269896292550999 -0.0046042060479521757 0.0047474172411729465 -0.003350819895664851 -0.00038305233520943496 -0.00027037587016820908 0.0025303399580044916 -0.0033267400848368805 0.0052846146374940879 -0.00040578410553280267 -0.0033564671920612455 0.0033978865143933128 -0.0040335168223828077 0.0036287956102751193 -0.0029634928455076689
leaf_weight=659 30 22 27 26 21 21 34 24 1204 26 21 174 20 24 28 22 20 23 33 21 20 23 21 20 20 20 31 20 20 24
leaf_count=659 30 22 27 26 21 21 34 24 1204 26 21 174 20 24 28 22 20 23 33 21 20 23 21 20 20 20 31 20 20 24
internal_value=-1.27066e-12 -9.56193e-06 -0.000919569 1.49477e-05 -0.00231659 -4.65834e-06 -0.000119201 -0.00212495 0.000121385 -0.00381107 1.40929e-05 5.40288e-05 0.000185754 0.000111032 3.82051e-05 9.85028e-05 1.38968e-05 0.00012117 1.74931e-06 0.00197557 -0.00243729 0.000130694 6.45962e-05 0.000152088 0.00243942 3.38796e-05 0.000123809 -1.65731e-05 9.7707e-05 -5.69241e-06
internal_weight=2699 2669 70 2599 43 2573 1348 84 1225 50 1264 1243 1069 1049 1025 997 954 914 891 43 40 858 835 814 40 774 754 723 703 683
internal_count=2699 2669 70 2599 43 2573 1348 84 1225 50 1264 1243 1069 1049 1025 997 954 914 891 43 40 858 835 814 40 774 754 723 703 683
is_linear=0
shrinkage=0.1


Tree=97
num_leaves=31
num_cat=0
split_feature=3 10 8 8 3 7 7 10 9 3 3 5 9 9 8 9 5 10 10 10 10 8 10 10 4 5 8 9 6 6
split_gain=0.00247394 0.0101351 0.00636696 0.00620014 0.00585082 0.00620407 0.00985491 0.00911366 0.00958085 0.00852872 0.0114708 0.00537666 0.00835509 0.0234395 0.0100523 0.00560216 0.0040167 0.0314212 0.0297303 0.0184848 0.0149262 0.0202065 0.0118386 0.0276826 0.0183281 0.0162544 0.0121159 0.0190062 0.0177453 0.02311
threshold=76.739543914794936 69.04422760009767 75.771553039550795 55.64509582519532 58.555139541625984 123.35581588745119 83.128631591796889 53.657371520996101 46.759248733520515 45.996196746826179 43.840894699096687 42.879808425903327 36.376987457275398 35.235635757446296 32.544279098510749 33.213066101074226 24.596893310546882 24.370672225952152 23.176200866699222 22.769671440124515 22.332874298095707 19.925178527832035 25.111416816711429 25.367779731750492 18.488919258117679 26.352671623229984 19.632371902465824 23.581592559814457 25.56931304931641 26.405796051025394
decision_type=2 2 2 2 2 2 2 2 2 2 2 2 2 2 2 2 2 2 2 2 2 2 2 2 2 2 2 2 2 2
left_child=1 3 -2 4 5 6 7 8 9 10 11 12 13 14 15 16 18 -18 19 20 21 -1 24 -24 -19 -25 -27 -28 -29 -30
right_child=2 -3 -4 -5 -6 -7 -8 -9 -10 -11 -12 -13 -14 -15 -16 -17 17 22 -20 -21 -22 -23 23 25 -26 26 27 28 29 -31
leaf_value=-4.6208004068950989e-05 -0.002042229595826939 0.0022543863538885488 0.00048105363268405202 -0.001716671573619048 0.0016323941569267352 -0.0016403786949408445 0.0020700186055720503 -0.0020357901950112801 0.0019181012355077725 -0.0015615286159196072 0.0021416766336187719 -0.0013648089133845322 0.0014382027456304059 -0.0030650076940655709 0.0021913104380170507 -0.0015946068822152238 0.0025819075649801213 0.0004920191585551947 -0.0026336974120402539 0.0025473839802933589 -0.0020026603675337117 0.0025734913364673655 0.0037842431385070084 -0.002495657863095403 -0.0037891195807605985 0.0013976290298160167 -0.0026993103182086581 0.0018272609390574052 -0.0022267501427237183 0.00018788454732066205
leaf_weight=1587 20 20 20 21 22 23 23 22 26 35 25 29 40 25 21 22 52 20 44 28 38 30 20 25 20 64 26 51 47 253
leaf_count=1587 20 20 20 21 22 23 23 22 26 35 25 29 40 25 21 22 52 20 44 28 38 30 20 25 20 64 26 51 47 253
internal_value=9.06421e-12 1.17426e-05 -0.000780588 -5.25357e-06 8.47438e-06 -5.28765e-06 9.32839e-06 -9.25822e-06 8.37774e-06 -1.14675e-05 1.05236e-05 -1.12941e-05 4.97278e-06 -1.91862e-05 1.32438e-05 -6.41217e-06 8.74631e-06 0.000236928 -6.76227e-05 -5.35772e-07 -4.36426e-05 2.39495e-06 5.1054e-06 0.000141209 -0.00164855 -1.51447e-05 0.000125474 -9.04887e-05 0.000102757 -0.000190408
internal_weight=2699 2659 40 2639 2618 2596 2573 2550 2528 2502 2467 2442 2413 2373 2348 2327 2305 578 1727 1683 1655 1617 526 486 40 466 441 377 351 300
internal_count=2699 2659 40 2639 2618 2596 2573 2550 2528 2502 2467 2442 2413 2373 2348 2327 2305 578 1727 1683 1655 1617 526 486 40 466 441 377 351 300
is_linear=0
shrinkage=0.1


Tree=98
num_leaves=31
num_cat=0
split_feature=8 4 9 8 7 6 3 10 5 10 5 5 3 9 3 5 6 4 9 6 6 10 10 10 5 3 8 3 5 5
split_gain=0.00241665 0.0106749 0.0144784 0.00580276 0.00387202 0.00384807 0.00830318 0.0203295 0.0139377 0.00996432 0.00840467 0.0158433 0.00452847 0.0172118 0.0136867 0.00729444 0.00741124 0.00732631 0.010047 0.0105258 0.0100432 0.00948546 0.0123718 0.0246682 0.0150794 0.0141531 0.0132408 0.0119047 0.0197055 0.0140158
threshold=65.842441558837905 48.984283447265632 53.134258270263679 75.771553039550795 9.9780197143554705 47.964429855346687 50.877847671508796 47.613000869750984 46.285648345947273 43.438066482543952 42.879808425903327 41.718050003051765 38.364452362060554 33.457607269287116 37.548006057739265 37.042945861816413 33.004268646240241 28.967429161071781 29.879112243652347 28.614050865173343 28.155976295471195 30.015310287475589 27.917815208435062 27.102384567260746 27.495533943176273 28.270027160644535 23.670047760009769 26.328480720520023 26.699231147766117 24.924928665161136
decision_type=2 2 2 2 2 2 2 2 2 2 2 2 2 2 2 2 2 2 2 2 2 2 2 2 2 2 2 2 2 2
left_child=1 2 5 -2 -3 6 7 8 9 10 11 12 14 -14 15 16 17 18 19 20 21 22 23 24 27 -24 -25 29 -29 -1
right_child=3 4 -4 -5 -6 -7 -8 -9 -10 -11 -12 -13 13 -15 -16 -17 -18 -19 -20 -21 -22 -23 25 26 -26 -27 -28 28 -30 -31
leaf_value=-5.8470527806538351e-05 -0.0019759433902800084 0.00066431706682557154 -0.0026937495544552808 0.00043294816743582486 0.0026084963569883261 0.0011526375085693496 -0.0014729829247746814 0.0029757548305813387 -0.0021904497166517481 0.0021333551964330998 -0.001726983939962728 0.0028184402408078313 0.0014145772549090908 -0.0022824757088742713 0.0026178405020618814 -0.0016749415278004911 0.0017218655422329904 -0.0018685080111026766 0.0012957748739932807 -0.0018561829850378055 0.0020781329509032809 -0.0012029428357808766 0.0032891557840427953 -0.00067739259218797094 0.0020994479395834357 0.00043972887397103477 -0.004316177266300656 -0.0038694995521966905 0.00032504591314742962 0.0010543941150704199
leaf_weight=1749 20 21 20 20 20 29 38 23 29 22 28 20 20 34 20 26 25 21 59 31 23 66 23 20 34 72 20 21 24 121
leaf_count=1749 20 21 20 20 20 29 38 23 29 22 28 20 20 34 20 26 25 21 59 31 23 66 23 20 34 72 20 21 24 121
internal_value=1.09813e-12 1.16058e-05 -1.34686e-05 -0.000771498 0.0016127 7.16486e-06 -5.76574e-06 1.62628e-05 -1.08777e-05 1.46195e-05 -4.35163e-06 1.55058e-05 -7.76472e-06 -0.000913197 1.29968e-05 -9.31452e-06 9.44092e-06 -9.30278e-06 7.95012e-06 -2.65243e-05 -4.22425e-07 -2.26581e-05 1.47213e-05 -3.85278e-05 1.19238e-05 0.00112959 -0.00249678 -2.51392e-05 -0.00163241 1.35384e-05
internal_weight=2699 2659 2618 40 41 2598 2569 2531 2508 2479 2457 2429 2409 54 2355 2335 2309 2284 2263 2204 2173 2150 2084 1989 1949 95 40 1915 45 1870
internal_count=2699 2659 2618 40 41 2598 2569 2531 2508 2479 2457 2429 2409 54 2355 2335 2309 2284 2263 2204 2173 2150 2084 1989 1949 95 40 1915 45 1870
is_linear=0
shrinkage=0.1


Tree=99
num_leaves=31
num_cat=0
split_feature=7 7 10 6 7 10 3 10 5 9 4 8 6 7 3 9 9 9 7 8 8 4 6 5 6 6 9 9 9 6
split_gain=0.00272136 0.00905655 0.00755006 0.0086242 0.0256117 0.0148024 0.0103808 0.0164085 0.0158344 0.0108324 0.00705001 0.0100472 0.0127274 0.0046028 0.00343635 0.0203472 0.0231079 0.014104 0.0254481 0.0230944 0.0218978 0.00985548 0.00644562 0.0184209 0.0123716 0.00809193 0.0170047 0.0102048 0.00993689 0.035057
threshold=168.79789733886722 123.35581588745119 75.518630981445327 54.259517669677741 8.6769771575927752 53.657371520996101 48.14656066894532 44.944309234619148 43.681486129760749 46.759248733520515 33.957532882690437 33.142192840576179 33.981397628784187 55.027532577514656 35.099555969238288 32.831895828247077 30.662393569946296 29.055979728698734 8.3588676452636737 27.248775482177738 26.362543106079105 23.639531135559086 26.771781921386722 31.357978820800785 26.405796051025394 25.688879966735843 25.618421554565433 25.095499992370609 23.581592559814457 23.378778457641605
decision_type=2 2 2 2 2 2 2 2 2 2 2 2 2 2 2 2 2 2 2 2 2 2 2 2 2 2 2 2 2 2
left_child=1 2 3 5 -5 6 7 8 10 -8 11 12 13 14 15 16 17 19 -19 20 22 -16 24 -24 25 26 27 28 29 -1
right_child=-2 -3 -4 4 -6 -7 9 -9 -10 -11 -12 -13 -14 -15 21 -17 -18 18 -20 -21 -22 -23 23 -25 -26 -27 -28 -29 -30 -31
leaf_value=-3.6334142029113671e-06 0.00094711962815684572 -0.0021306319860741499 -0.0017242419198155404 -0.00082558562606573115 0.0038527005309747023 -0.0022491627886634452 0.00012225189323847492 -0.0023701755538711265 0.0021043319576872616 0.0031115396752614869 -0.0016462243054635251 0.0016673768896402583 -0.0022602361431345343 0.00099851297533820366 -0.002286043572239578 0.0031844039447605612 -0.0033209994967494695 0.0036631621337229652 -0.00094191563936571281 -0.0031780136640325351 0.003221019534837632 0.00024497623031493275 -0.0031505183103339128 0.00065709352751986859 0.002129815091137533 -0.001554695241536726 0.0027044591443289236 -0.0022230717952230147 0.0010705803547951781 -0.0037737055337056522
leaf_weight=1839 30 20 25 25 22 29 27 29 36 22 26 36 25 46 25 20 21 28 21 23 21 40 24 27 27 34 23 21 82 25
leaf_count=1839 30 20 25 25 22 29 27 29 36 22 26 36 25 46 25 20 21 28 21 23 21 40 24 27 27 34 23 21 82 25
internal_value=-7.26657e-12 -1.06458e-05 5.36015e-06 2.18388e-05 0.00136425 -2.64443e-06 2.29243e-05 -5.33959e-06 2.24257e-05 0.00146438 -8.36668e-06 9.31783e-06 -1.58466e-05 8.06036e-06 -1.17401e-05 9.09575e-06 -1.95623e-05 1.20232e-05 0.00168956 -2.62802e-05 7.86482e-06 -0.000728493 -2.42362e-05 -0.00113472 3.37714e-06 -2.49894e-05 1.14631e-06 -3.04633e-05 -6.80211e-06 -5.41977e-05
internal_weight=2699 2669 2649 2624 47 2577 2548 2499 2470 49 2434 2408 2372 2347 2301 2236 2216 2195 49 2146 2123 65 2102 51 2051 2024 1990 1967 1946 1864
internal_count=2699 2669 2649 2624 47 2577 2548 2499 2470 49 2434 2408 2372 2347 2301 2236 2216 2195 49 2146 2123 65 2102 51 2051 2024 1990 1967 1946 1864
is_linear=0
shrinkage=0.1


end of trees

feature_importances:
Column_7=470
Column_4=420
Column_3=390
Column_8=372
Column_9=364
Column_1=284
Column_5=257
Column_6=244
Column_10=199

parameters:
[boosting: gbdt]
[objective: regression]
[metric: l2]
[tree_learner: serial]
[device_type: cpu]
[data_sample_strategy: bagging]
[data: ]
[valid: ]
[num_iterations: 100]
[learning_rate: 0.1]
[num_leaves: 31]
[num_threads: 2]
[seed: 42]
[deterministic: 0]
[force_col_wise: 0]
[force_row_wise: 0]
[histogram_pool_size: -1]
[max_depth: -1]
[min_data_in_leaf: 20]
[min_sum_hessian_in_leaf: 0.001]
[bagging_fraction: 1]
[pos_bagging_fraction: 1]
[neg_bagging_fraction: 1]
[bagging_freq: 0]
[bagging_seed: 400]
[bagging_by_query: 0]
[feature_fraction: 1]
[feature_fraction_bynode: 1]
[feature_fraction_seed: 30056]
[extra_trees: 0]
[extra_seed: 12879]
[early_stopping_round: 0]
[early_stopping_min_delta: 0]
[first_metric_only: 0]
[max_delta_step: 0]
[lambda_l1: 0]
[lambda_l2: 0]
[linear_lambda: 0]
[min_gain_to_split: 0]
[drop_rate: 0.1]
[max_drop: 50]
[skip_drop: 0.5]
[xgboost_dart_mode: 0]
[uniform_drop: 0]
[drop_seed: 17869]
[top_rate: 0.2]
[other_rate: 0.1]
[min_data_per_group: 100]
[max_cat_threshold: 32]
[cat_l2: 10]
[cat_smooth: 10]
[max_cat_to_onehot: 4]
[top_k: 20]
[monotone_constraints: ]
[monotone_constraints_method: basic]
[monotone_penalty: 0]
[feature_contri: ]
[forcedsplits_filename: ]
[refit_decay_rate: 0.9]
[cegb_tradeoff: 1]
[cegb_penalty_split: 0]
[cegb_penalty_feature_lazy: ]
[cegb_penalty_feature_coupled: ]
[path_smooth: 0]
[interaction_constraints: ]
[verbosity: -1]
[saved_feature_importance_type: 0]
[use_quantized_grad: 0]
[num_grad_quant_bins: 4]
[quant_train_renew_leaf: 0]
[stochastic_rounding: 1]
[linear_tree: 0]
[max_bin: 255]
[max_bin_by_feature: ]
[min_data_in_bin: 3]
[bin_construct_sample_cnt: 200000]
[data_random_seed: 175]
[is_enable_sparse: 1]
[enable_bundle: 1]
[use_missing: 1]
[zero_as_missing: 0]
[feature_pre_filter: 1]
[pre_partition: 0]
[two_round: 0]
[header: 0]
[label_column: ]
[weight_column: ]
[group_column: ]
[ignore_column: ]
[categorical_feature: ]
[forcedbins_filename: ]
[precise_float_parser: 0]
[parser_config_file: ]
[objective_seed: 16083]
[num_class: 1]
[is_unbalance: 0]
[scale_pos_weight: 1]
[sigmoid: 1]
[boost_from_average: 1]
[reg_sqrt: 0]
[alpha: 0.9]
[fair_c: 1]
[poisson_max_delta_step: 0.7]
[tweedie_variance_power: 1.5]
[lambdarank_truncation_level: 30]
[lambdarank_norm: 1]
[label_gain: ]
[lambdarank_position_bias_regularization: 0]
[eval_at: ]
[multi_error_top_k: 1]
[auc_mu_weights: ]
[num_machines: 1]
[local_listen_port: 12400]
[time_out: 120]
[machine_list_filename: ]
[machines: ]
[gpu_platform_id: -1]
[gpu_device_id: -1]
[gpu_use_dp: 0]
[num_gpu: 1]

end of parameters

pandas_categorical:null
