tree
version=v4
num_class=1
num_tree_per_iteration=1
label_index=0
max_feature_idx=10
objective=regression
feature_names=Column_0 Column_1 Column_2 Column_3 Column_4 Column_5 Column_6 Column_7 Column_8 Column_9 Column_10
feature_infos=[19:34] [145:669] [21:36] [4.2697116635897254:104.61490341066953] [0.53408682600066393:84.337379292482808] [4.3208610324391756:104.61490341066953] [3.514242951035274:97.891781088126706] [0.22334539884566421:591.72360554065756] [3.0759016526252747:96.317644991145301] [3.6918031808638121:99.366129709606057] [3.8763552584288608:101.24436579117022]
tree_sizes=2674 2849 2849 2849 2858 2868 2879 2882 2873 2874 2878 2878 2897 2903 2896 2879 2896 2893 2879 2889 2905 2898 2902 2907 2912 2915 2903 2915 2923 2935 2920 2906 2929 2914 2911 2929 2919 2925 2940 2935 2933 2914 2961 2930 2941 2958 2948 2953 2935 2923 2939 2942 2921 2940 2924 2943 2931 2939 2941 2950 2929 2945 2932 2953 2937 2930 2954 2935 2947 2936 2949 2934 2952 2940 2937 2948 2938 2945 2926 2951 2945 2939 2939 2956 2974 2948 2949 2950 2931 2952 2943 2937 2944 2959 2959 2971 2959 2940 2957 2938

Tree=0
num_leaves=31
num_cat=0
split_feature=4 1 1 7 5 1 1 1 1 4 5 8 7 10 9 6 6 7 7 7 1 3 1 6 1 7 1 3 9 3
split_gain=1.32282 0.740247 0.59227 0.297686 0.259655 0.0938958 0.0927825 0.0909632 0.0903527 0.0678256 0.0584134 0.0519312 0.043284 0.0368655 0.0361498 0.0411197 0.0257452 0.0249224 0.0226536 0.0212019 0.0205058 0.0155368 0.0232982 0.0150525 0.0138008 0.0136076 0.0132458 0.011818 0.0145211 0.0103426
threshold=30.387728493488272 365.50000000000006 351.50000000000006 41.380306424528619 21.076486156825194 401.50000000000006 319.50000000000006 428.50000000000006 308.50000000000006 12.201845989689998 30.40629800824242 47.463884191626626 7.320530032379974 19.110262241821406 29.234660700330156 23.964250709589781 12.163781211764777 2.3914305581072921 11.093879420337606 11.435434063303722 280.50000000000006 31.127944541528901 336.50000000000006 12.306060805749722 397.50000000000006 3.2521162069832696 277.50000000000006 22.868151394123647 21.518289064727472 38.176379409951103
decision_type=2 2 2 2 2 2 2 2 2 2 2 2 2 2 2 2 2 2 2 2 2 2 2 2 2 2 2 2 2 2
left_child=2 8 3 6 16 10 12 -3 11 25 27 -2 23 18 15 -7 -4 24 -14 -12 -15 22 -11 -1 -18 -8 -5 -6 -29 -22
right_child=1 7 4 26 5 14 9 -9 -10 21 19 -13 13 20 -16 -17 17 -19 -20 -21 29 -23 -24 -25 -26 -27 -28 28 -30 -31
leaf_value=0.90689268010570911 0.90357577898645369 0.88672729504132353 0.90534389440737395 0.89890911300927623 0.89915911307586571 0.89451437573430204 0.90633068054335453 0.87740911267260313 0.89446039515617404 0.90059093076912056 0.89894757454186325 0.89758768475941997 0.90392426380499513 0.90601813450086432 0.8917272952851607 0.90002816015361542 0.90254800159977966 0.90468183957527071 0.89965911286212719 0.8949091136614169 0.90472392687645309 0.89997321589561641 0.90432087688858243 0.90578795162312808 0.89952449775633547 0.9040091122983045 0.89548603688126216 0.90415911152987027 0.90083016512686309 0.90219172157203265
leaf_weight=213 30 22 46 20 20 38 51 20 39 33 26 28 33 133 22 21 36 33 20 26 54 39 34 293 26 50 26 20 38 23
leaf_count=213 30 22 46 20 20 38 51 20 39 33 26 28 33 133 22 21 36 33 20 26 54 39 34 293 26 50 26 20 38 23
internal_value=0.902677 0.89338 0.903617 0.904836 0.90008 0.897859 0.905206 0.88229 0.898182 0.903327 0.899524 0.900685 0.905712 0.904671 0.895187 0.896477 0.903402 0.902462 0.902315 0.896928 0.905266 0.90156 0.902484 0.906253 0.90128 0.905181 0.896974 0.901255 0.901978 0.903968
internal_weight=1513 139 1374 1022 352 211 976 42 97 207 130 58 769 263 81 59 141 95 53 52 210 106 67 506 62 101 46 78 58 77
internal_count=1513 139 1374 1022 352 211 976 42 97 207 130 58 769 263 81 59 141 95 53 52 210 106 67 506 62 101 46 78 58 77
is_linear=0
shrinkage=1


Tree=1
num_leaves=31
num_cat=0
split_feature=4 1 1 7 5 7 6 1 1 5 1 4 7 10 9 7 6 7 5 7 5 6 1 1 5 7 9 4 3 9
split_gain=1.07149 0.5996 0.481144 0.244054 0.210717 0.0901381 0.0787548 0.122681 0.0787094 0.0770334 0.0646176 0.0563456 0.0359028 0.0443855 0.0325248 0.0298545 0.0202198 0.020615 0.0167659 0.0155452 0.0131415 0.0122496 0.0113863 0.0103915 0.0103817 0.0102827 0.0100514 0.0120322 0.00987887 0.00919552
threshold=30.387728493488272 365.50000000000006 353.50000000000006 41.380306424528619 21.076486156825194 5.8612561035384969 43.991266925476637 273.50000000000006 319.50000000000006 34.117932410353284 402.50000000000006 11.220584449776721 11.666806618982472 20.042980224589723 33.849797282539008 1.9656020578791 12.163781211764777 2.3914305581072921 16.316578178755837 4.4655781169919715 16.979139181401674 21.148409964689499 300.50000000000006 277.50000000000006 30.40629800824242 3.2521162069832696 24.01517933365065 22.568182893224492 26.121230867156413 21.518289064727472
decision_type=2 2 2 2 2 2 2 2 2 2 2 2 2 2 2 2 2 2 2 2 2 2 2 2 2 2 2 2 2 2
left_child=2 6 3 8 16 -3 -2 -8 12 10 24 25 18 -14 -11 -12 -4 20 -1 -17 -18 -13 -15 -5 28 -10 -23 -28 29 -6
right_child=1 5 4 23 9 -7 7 -9 11 14 15 21 13 22 -16 19 17 -19 -20 -21 -22 26 -24 -25 -26 -27 27 -29 -30 -31
leaf_value=0.0037739854376472601 -0.00025263340877635141 -0.01393099451352927 0.0024201546203006397 -0.0033909116056747737 -0.00091591221907247724 -0.023206820362247527 -0.00077434021979570387 -0.0098423715668252195 0.0035823157057166101 -0.01032585105052791 -0.0090747436392211982 0.00027309000644151131 -0.0030418838778859935 0.0024292411278386459 -0.0051015282700642602 -0.0023668523986634681 -0.002780369777562252 0.0018045424173275633 0.0026844089629420049 -0.0062623688988120811 0.00023192046761063729 -0.0035149280868825464 -0.00011371657961890812 -0.0063983182871231326 -0.0037832902009085957 0.001444012328536938 0.00089693873877487419 -0.0023213563966727143 0.00015365491929133574 -0.0037680171459214765
leaf_weight=218 35 22 44 20 26 20 25 37 44 26 20 59 20 109 22 20 30 33 401 21 28 21 21 27 20 46 21 26 31 20
leaf_count=218 35 22 44 20 26 20 25 37 44 26 20 59 20 109 22 20 30 33 401 21 28 21 21 27 20 46 21 26 31 20
internal_value=-1.89703e-11 -0.00836681 0.000846424 0.00192158 -0.00241057 -0.0183481 -0.00404504 -0.00618591 0.00225716 -0.00442293 -0.00335708 0.000575234 0.00273178 0.00134374 -0.00793137 -0.00590724 0.000660144 -0.000190851 0.00306814 -0.00436212 -0.00132616 -0.000781266 0.00201846 -0.00511857 -0.00175337 0.00248941 -0.00169607 -0.000883395 -0.00122611 -0.00215596
internal_weight=1513 139 1374 1033 341 42 97 62 986 206 158 217 769 150 48 61 135 91 619 41 58 127 130 47 97 90 68 47 77 46
internal_count=1513 139 1374 1033 341 42 97 62 986 206 158 217 769 150 48 61 135 91 619 41 58 127 130 47 97 90 68 47 77 46
is_linear=0
shrinkage=0.1


Tree=2
num_leaves=31
num_cat=0
split_feature=4 1 1 7 5 7 7 1 5 1 1 8 7 5 10 8 7 6 7 4 1 1 7 8 1 7 7 9 3 6
split_gain=0.867904 0.485676 0.389726 0.198318 0.170681 0.0730119 0.0654826 0.0648341 0.0627117 0.0611232 0.0498389 0.0329126 0.0284503 0.0248586 0.0229162 0.0178963 0.016698 0.016378 0.0166982 0.0136636 0.010667 0.0102392 0.0101739 0.00987862 0.00831228 0.0107716 0.0170665 0.0103364 0.0097605 0.0161964
threshold=30.387728493488272 365.50000000000006 353.50000000000006 43.031945667403413 21.076486156825194 5.8612561035384969 30.799874683271067 310.50000000000006 18.261430891751022 319.50000000000006 402.50000000000006 47.463884191626626 1.9165427169060367 30.40629800824242 13.996700950888536 29.904163155195615 24.181392664274565 12.163781211764777 2.3914305581072921 18.76166177087303 397.50000000000006 248.50000000000003 5.6804596288196043 23.687270658117221 242.50000000000003 4.5168740968390102 5.0131707474034384 17.217301485912667 28.223914014667617 22.350617806375258
decision_type=2 2 2 2 2 2 2 2 2 2 2 2 2 2 2 2 2 2 2 2 2 2 2 2 2 2 2 2 2 2
left_child=2 7 3 8 17 -3 10 11 -1 14 13 -2 -12 22 -10 -5 24 -4 20 -11 -19 -18 -6 -14 -16 -26 -27 -28 -29 -30
right_child=1 5 4 15 6 -7 -8 -9 9 19 12 -13 23 -15 16 -17 21 18 -20 -21 -22 -23 -24 -25 25 26 27 28 29 -31
leaf_value=0.0030701439787146007 0.00058051462256116795 -0.012537895219231194 0.002178139239549637 -0.0071659907698631287 -0.0017423840526524664 -0.02088613834930584 -0.0094177826587110765 -0.0069327656154495642 -0.0012019765647974883 0.00029568538266550943 -0.0086610135203227401 -0.0041141329632539839 -0.0053573755787745606 -0.004183443451888467 0.003159037801775743 -0.0030328509694134646 0.0017727987671440296 2.8871599533886185e-05 0.0016240881812391861 -0.0017671260711116096 -0.0026980570572329903 -0.0012781587704508142 0.00088511015579570093 -0.0025483262370384879 0.0029406415317395724 -0.0010972369369119407 0.00048519740693080121 0.0033886040874164212 -0.00074259799993818716 0.0023149445732923773
leaf_weight=359 32 22 44 20 56 20 20 37 22 97 20 28 31 38 88 22 22 32 33 48 26 22 20 21 99 20 39 55 21 99
leaf_count=359 32 22 44 20 56 20 20 37 22 97 20 28 31 38 88 22 22 32 33 48 26 22 20 21 99 20 39 55 21 99
internal_value=-1.13549e-11 -0.00753013 0.000761782 0.00172942 -0.00216951 -0.0165132 -0.00398064 -0.00364053 0.00201467 0.00141512 -0.003396 -0.00161032 -0.00545575 -0.00209511 0.00195173 -0.00500101 0.00210094 0.000594129 -0.000171766 -0.000387176 -0.00119354 0.00024732 -0.00105094 -0.00422295 0.00229467 0.00206625 0.00169631 0.00195739 0.00228548 0.00177987
internal_weight=1513 139 1374 1033 341 42 206 97 991 632 186 60 72 114 487 42 465 135 91 145 58 44 76 52 421 333 234 214 175 120
internal_count=1513 139 1374 1033 341 42 206 97 991 632 186 60 72 114 487 42 465 135 91 145 58 44 76 52 421 333 234 214 175 120
is_linear=0
shrinkage=0.1


Tree=3
num_leaves=31
num_cat=0
split_feature=4 1 1 7 5 1 1 1 4 1 8 5 7 3 9 1 7 8 10 1 5 3 1 3 3 6 7 3 7 10
split_gain=0.7068 0.394385 0.326169 0.160247 0.144378 0.0684394 0.0537164 0.0521306 0.0383117 0.0375911 0.0347402 0.0313916 0.0284149 0.0282531 0.015287 0.01508 0.0146075 0.0142608 0.013694 0.0142861 0.0122366 0.00999266 0.0136112 0.00935419 0.0092995 0.0116972 0.00918073 0.00868015 0.00766574 0.0210023
threshold=31.272573666813781 344.50000000000006 352.50000000000006 41.380306424528619 21.076486156825194 420.50000000000006 401.50000000000006 319.50000000000006 11.220584449776721 449.50000000000006 47.463884191626626 30.40629800824242 16.620206275197003 31.414803370718161 21.635663730192753 242.50000000000003 4.4655781169919715 27.012334871376016 14.437339797639295 406.50000000000006 25.223330912133804 31.127944541528901 336.50000000000006 57.786481761421548 23.030127176976006 23.03451600823119 4.884861626905459 41.903446157045799 7.320530032379974 21.395692005902131
decision_type=2 2 2 2 2 2 2 2 2 2 2 2 2 2 2 2 2 2 2 2 2 2 2 2 2 2 2 2 2 2
left_child=2 10 3 7 18 -3 11 12 -9 13 -2 24 15 20 -14 -1 -17 -13 -4 -20 -8 22 -10 -5 -6 -26 -18 -16 -28 -30
right_child=1 5 4 23 6 -7 9 8 21 -11 -12 17 14 -15 27 16 26 -19 19 -21 -22 -23 -24 -25 25 -27 28 -29 29 -31
leaf_value=0.0031863329401185976 -0.00066637089767027655 -0.01106737613485291 0.0014299973963409084 -0.0054270771887296671 -0.0029163927244371737 -0.018671289946069008 -0.0071445009903982285 0.0020431452012747865 -0.0013590632502000961 -0.001971959959094723 -0.0048886007384250042 -0.0060926280105891434 -0.0019500955573312239 -0.0099587408825755133 0.0022120977204444039 0.0026750297771849069 -0.00014412699750176184 -0.00280620340978907 0.00050596289162058389 -0.002767352988012135 -0.0036883047582315547 -0.0019335743861683158 0.0011733752319494008 -0.0025894472286814734 0.00090177148400295165 -0.0019743682908413647 0.0024691832294179636 -0.00014604952927954772 -0.00033476203632521996 0.0022820019424415945
leaf_weight=184 40 29 77 26 20 20 20 88 41 21 38 23 20 20 37 249 27 31 40 20 21 42 44 21 31 26 99 27 49 82
leaf_count=184 40 29 77 26 20 20 20 88 41 21 38 23 20 20 37 249 27 31 40 20 21 42 44 21 31 26 99 27 49 82
internal_value=-2.05958e-11 -0.00714017 0.000654258 0.00154591 -0.00198502 -0.014171 -0.0036139 0.00181703 0.000439505 -0.0056211 -0.00272335 -0.00235748 0.00219968 -0.00687736 0.000463123 0.00241108 0.00212917 -0.00420598 0.000547454 -0.000585142 -0.00537425 -0.000671679 -4.81539e-05 -0.0041592 -0.00106112 -0.000410152 0.00160031 0.00121725 0.00180509 0.00130321
internal_weight=1513 127 1386 1036 350 49 213 989 215 82 78 131 774 61 84 690 506 54 137 60 41 127 85 47 77 57 257 64 230 131
internal_count=1513 127 1386 1036 350 49 213 989 215 82 78 131 774 61 84 690 506 54 137 60 41 127 85 47 77 57 257 64 230 131
is_linear=0
shrinkage=0.1


Tree=4
num_leaves=31
num_cat=0
split_feature=4 1 1 1 7 5 1 5 0 1 7 1 4 7 5 5 5 4 1 1 3 1 10 7 10 7 8 7 1 3
split_gain=0.5777 0.363971 0.20821 0.143152 0.0986298 0.0959613 0.0636486 0.0518707 0.0506152 0.0437575 0.036714 0.0366115 0.0293902 0.0265412 0.0259448 0.070428 0.0167341 0.0163661 0.0144462 0.0126404 0.0139552 0.0124967 0.0121723 0.011817 0.0112921 0.0103954 0.00733083 0.00617824 0.00578192 0.00751907
threshold=26.183253821235169 452.00000000000006 355.50000000000006 310.50000000000006 24.181392664274565 34.117932410353284 242.50000000000003 19.866697580511616 21.500000000000004 409.50000000000006 28.118902119925156 323.50000000000006 13.272157310162752 43.031945667403413 51.03658790844927 39.608159120479002 16.316578178755837 19.757016790559629 336.50000000000006 376.50000000000006 23.114494522794132 384.50000000000006 12.800133120529152 4.5168740968390102 14.437339797639295 2.2422981083615414 36.476081130678743 15.740355728884492 242.50000000000003 27.207598111811475
decision_type=2 2 2 2 2 2 2 2 2 2 2 2 2 2 2 2 2 2 2 2 2 2 2 2 2 2 2 2 2 2
left_child=2 3 4 10 11 7 -6 21 9 17 26 16 -13 -8 15 -5 -1 19 -14 20 -9 -4 -18 -21 -23 -20 -2 -28 -24 -30
right_child=1 -3 5 14 6 -7 13 8 -10 -11 -12 12 18 -15 -16 -17 22 -19 25 23 -22 24 28 -25 -26 -27 27 -29 29 -31
leaf_value=0.002828928119606442 0.0019756884649395944 -0.017346751006941 0.0021932111695059579 -0.0085158987802320309 0.0020375991539497459 -0.0070669219962188187 -0.0016206496903948761 -0.0041221374843735245 0.002723661155905575 -0.0057886072626227849 -0.0038737915642559533 0.0016299604876554375 -0.0024600624902471765 -0.0060546293302818589 -0.0081558801699429754 -0.0016971991751978004 -0.00056643908444259849 -0.0035680962473099288 0.0018313214405101131 0.0018406967309684578 -0.00038647577195661143 0.00094825238650014928 0.0025916929724381157 -0.0014369152044475249 -0.0017243678728118541 -0.0011491713388822973 -0.0014548134710639716 0.0010010245400259184 0.0020441706150961408 0.0011128735428004653
leaf_weight=225 25 21 40 28 28 28 27 20 20 34 25 108 34 27 38 33 21 34 22 22 20 43 95 22 25 25 20 21 249 133
leaf_count=225 25 21 40 28 28 28 27 20 20 34 25 108 34 27 38 33 21 34 22 22 20 43 95 22 25 25 20 21 249 133
internal_value=-1.78663e-11 -0.00485396 0.000786625 -0.00347318 0.00149055 -0.00148514 -0.00183146 -0.000926963 -0.00200549 -0.00262774 -0.00061019 0.00178924 0.000550018 -0.00383764 -0.00610481 -0.00482709 0.00211319 -0.00171699 -0.000889905 -0.000967727 -0.00225431 0.000790686 0.00178981 0.000201891 -3.43286e-05 0.000245953 0.000626022 -0.000196945 0.00189355 0.00171992
internal_weight=1513 211 1302 190 994 308 82 280 172 152 91 912 189 54 99 61 723 118 81 84 40 108 498 44 68 47 66 41 477 382
internal_count=1513 211 1302 190 994 308 82 280 172 152 91 912 189 54 99 61 723 118 81 84 40 108 498 44 68 47 66 41 477 382
is_linear=0
shrinkage=0.1


Tree=5
num_leaves=31
num_cat=0
split_feature=4 1 7 1 4 7 7 1 0 1 6 1 5 7 10 1 8 10 10 4 3 5 3 7 1 5 4 8 9 3
split_gain=0.476762 0.277713 0.245008 0.180372 0.094269 0.0525481 0.0486999 0.0467946 0.0429238 0.073008 0.0255046 0.0531802 0.0200728 0.0188056 0.0127035 0.0126659 0.0114031 0.0106684 0.0188559 0.0357352 0.0121114 0.010426 0.00873097 0.00846734 0.00779218 0.00839253 0.00632786 0.00631386 0.00492011 0.0132966
threshold=31.272573666813781 344.50000000000006 83.59256079322121 331.50000000000006 13.460176982246418 6.2667766477450195 24.181392664274565 281.50000000000006 21.500000000000004 409.50000000000006 43.991266925476637 273.50000000000006 18.261430891751022 9.6081525138279371 13.996700950888536 316.50000000000006 27.241148000025557 29.543301073431525 26.0950474586278 18.76166177087303 21.909074127173515 11.573526135841449 26.328697935057839 3.4057292112966437 385.50000000000006 14.868873703519915 11.220584449776721 10.427841224347967 17.217301485912667 22.483084486306623
decision_type=2 2 2 2 2 2 2 2 2 2 2 2 2 2 2 2 2 2 2 2 2 2 2 2 2 2 2 2 2 2
left_child=2 10 3 6 21 -3 12 16 9 13 -2 -12 -1 17 -14 28 -8 18 19 20 -6 -5 -17 -22 26 -26 27 -23 29 -16
right_child=1 5 -4 4 8 -7 7 -9 -10 -11 11 -13 14 -15 15 22 -18 -19 -20 -21 23 24 -24 -25 25 -27 -28 -29 -30 -31
leaf_value=0.0024131575092127561 0.0005545212246943265 -0.0085555429188534631 -0.0092726324349641804 0.0028469968897600968 -0.0019484701254340406 -0.015106442075921224 -0.00051435838212017656 -0.0045269164043323451 0.0016088305298970745 -0.0061095408346180033 1.6542973928153513e-05 -0.006277109493083995 -0.00090360752428355435 -0.003977147790913781 0.0017594593204557898 0.0015248259225000558 0.0025526608361608606 -0.0031098449423622629 0.0012690533283016376 -0.0050227210188851408 0.0019197906243128026 -0.00018568547442555428 -0.00090951160236727455 -0.00077013933623675261 0.0010306279761716725 -0.0013164862065026775 -0.00021039972335154959 0.0018227609734620073 0.0018707353421851588 -0.0011642025589632492
leaf_weight=314 24 25 25 21 36 24 27 24 28 46 25 29 23 30 60 26 22 26 31 23 22 20 34 25 25 39 34 72 332 21
leaf_count=314 24 25 25 21 36 24 27 24 28 46 25 29 23 30 60 26 22 26 31 23 22 20 34 25 25 39 34 72 332 21
internal_value=-1.42788e-11 -0.00586423 0.000537343 0.000717541 -0.000847125 -0.0117641 0.00156455 -0.000909248 -0.00209553 -0.00252952 -0.00215787 -0.00336338 0.0017875 -0.00167625 0.00139142 0.00150301 0.000862671 -0.00125277 -0.000900328 -0.00153477 -0.000568229 0.000732612 0.000145368 0.000488977 0.000498917 -0.000399645 0.000955329 0.00138614 0.00170025 0.00100147
internal_weight=1513 127 1386 1361 478 49 883 73 267 239 78 54 810 193 496 473 49 163 137 106 83 211 60 47 190 64 126 92 413 81
internal_count=1513 127 1386 1361 478 49 883 73 267 239 78 54 810 193 496 473 49 163 137 106 83 211 60 47 190 64 126 92 413 81
is_linear=0
shrinkage=0.1


Tree=6
num_leaves=31
num_cat=0
split_feature=4 1 1 1 5 7 0 3 1 7 5 1 7 3 8 9 1 4 7 9 6 5 5 4 3 5 9 5 8 3
split_gain=0.388048 0.262416 0.158059 0.0790746 0.0725608 0.0609623 0.0553218 0.0531487 0.034972 0.0259456 0.0256292 0.0229752 0.0184206 0.0265491 0.0172713 0.0142339 0.00957761 0.00901116 0.0110936 0.00820793 0.0207168 0.00775469 0.0108967 0.00717585 0.0147666 0.00711842 0.00736902 0.0179866 0.00684526 0.00611094
threshold=27.742168890045068 446.50000000000006 352.50000000000006 310.50000000000006 21.076486156825194 41.380306424528619 21.500000000000004 34.191820244485804 409.50000000000006 28.118902119925156 18.261430891751022 316.50000000000006 14.803351141079835 40.560385508731372 29.904163155195615 12.755597699805739 343.50000000000006 7.8940717005874257 2.3492932768171166 24.289657817855119 17.984595879007294 16.979139181401674 14.868873703519915 19.757016790559629 22.868151394123647 41.817455924071012 21.86584061182597 25.687659251733454 25.008441852488776 27.207598111811475
decision_type=2 2 2 2 2 2 2 2 2 2 2 2 2 2 2 2 2 2 2 2 2 2 2 2 2 2 2 2 2 2
left_child=2 3 5 9 17 10 7 8 23 -2 -1 15 13 -5 -7 -12 19 -4 21 20 -13 22 -19 24 -6 26 27 -17 -25 -28
right_child=1 -3 4 12 6 14 -8 -9 -10 -11 11 16 -14 -15 -16 25 -18 18 -20 -21 -22 -23 -24 28 -26 -27 29 -29 -30 -31
leaf_value=0.0020537602289968514 0.00040650485815214258 -0.015147704952396451 0.0019518737921551351 -0.0069181212357112346 -0.0031715387589342538 -0.0042327117174863821 0.0019355553376954049 -0.0073541162392267816 -0.0052941526427413479 -0.0035233546281233431 -0.001203264735106911 0.00053393559122923758 -0.0073375794070738342 -0.0023697572252289814 -0.00025376688688993459 0.0016788135220607123 0.0015039272808159393 -6.9632502677647961e-05 0.0014401243475731464 0.00069406053785664532 -0.0026845093811243715 0.00060821426870663554 -0.0032611981953959909 -0.0039542513061314828 7.7818638980412896e-06 -2.2936929017305374e-05 0.0032049416874845825 -0.00048623042949475349 -0.001369241527503445 0.0017541209037105242
leaf_weight=357 56 20 31 21 21 24 24 26 33 24 21 40 27 33 20 165 30 23 36 39 40 27 20 20 48 30 36 50 21 150
leaf_count=357 56 20 31 21 21 24 24 26 33 24 21 40 27 33 20 165 30 23 36 39 40 27 20 20 48 30 36 50 21 150
internal_value=-2.19313e-12 -0.00434446 0.000590351 -0.00300244 -0.00130782 0.0012155 -0.00255714 -0.00319516 -0.00243899 -0.000772453 0.00138266 0.000984019 -0.0052049 -0.00413857 -0.0024241 0.00133901 -9.28642e-05 0.000452181 1.3592e-05 -0.000495417 -0.00107529 -0.000720053 -0.00155408 -0.00158244 -0.000959837 0.00146288 0.00157404 0.00117531 -0.00263022 0.00203492
internal_weight=1513 181 1332 161 330 1002 193 169 143 80 958 601 81 54 44 452 149 137 106 119 80 70 43 110 69 431 401 215 41 186
internal_count=1513 181 1332 161 330 1002 193 169 143 80 958 601 81 54 44 452 149 137 106 119 80 70 43 110 69 431 401 215 41 186
is_linear=0
shrinkage=0.1


Tree=7
num_leaves=31
num_cat=0
split_feature=4 1 7 1 4 7 7 1 6 1 0 1 5 7 8 8 3 4 4 10 1 5 7 5 3 7 3 1 3 3
split_gain=0.321188 0.195588 0.179205 0.117214 0.0612311 0.0511239 0.0319395 0.0359434 0.0313171 0.0502782 0.0302176 0.0503797 0.0139456 0.0130499 0.00873658 0.00852451 0.0255658 0.0142819 0.0170441 0.00810619 0.00778149 0.00719302 0.00640553 0.00713207 0.00731011 0.00632924 0.00627194 0.00510178 0.00564842 0.012592
threshold=31.272573666813781 350.50000000000006 83.59256079322121 331.50000000000006 13.460176982246418 5.8612561035384969 24.181392664274565 281.50000000000006 43.991266925476637 273.50000000000006 21.500000000000004 409.50000000000006 16.316578178755837 9.6081525138279371 27.241148000025557 17.133381754487161 22.018392974462717 19.513157364752725 22.289258238212366 12.800133120529152 319.50000000000006 11.573526135841449 0.94750344156496014 22.21930832548178 19.423606460140672 3.4506191141151681 26.328697935057839 236.50000000000003 27.207598111811475 30.604553509197622
decision_type=2 2 2 2 2 2 2 2 2 2 2 2 2 2 2 2 2 2 2 2 2 2 2 2 2 2 2 2 2 2
left_child=2 8 3 6 21 -3 12 14 -2 -10 11 13 -1 15 -8 -6 -17 25 -19 -14 27 -5 -23 24 -24 -18 -22 -21 -29 -30
right_child=1 5 -4 4 10 -7 7 -9 9 -11 -12 -13 19 -15 -16 16 17 18 -20 20 26 22 23 -25 -26 -27 -28 28 29 -31
leaf_value=0.0021056146353041218 0.00091893866658210766 -0.0070695727132260803 -0.0079487807378172872 0.0023632283721651353 0.00090564741667116153 -0.014055277837323958 -0.000377807317784539 -0.0038960229670919944 0.00013143262267112732 -0.005740233463168677 0.0014357861382969922 -0.0050103542496166796 -0.0006899439867331901 -0.0032443460895835116 0.0023067680229856211 -0.004473802801831404 0.0018079854150646895 -0.0036512222239532726 -0.00042181572538207876 0.0021239544546668545 0.0012494022825508026 -0.001234266939129503 0.00049707692582160237 -0.00060945291267204527 0.0021539388249653415 -0.00043082762723705472 -0.00079655517061661568 0.0015561796903174612 -0.00052295829961076384 0.0013830171646632716
leaf_weight=236 25 22 25 21 21 20 27 24 25 35 28 46 22 30 22 21 23 26 44 81 29 21 95 37 37 28 31 248 50 113
leaf_count=236 25 22 25 21 21 20 27 24 25 35 28 46 22 30 22 21 23 26 44 81 29 21 95 37 37 28 31 248 50 113
internal_value=-4.43194e-12 -0.00481327 0.000441043 0.000595154 -0.000666173 -0.0103961 0.00127796 -0.000725431 -0.00205469 -0.00329371 -0.00167231 -0.00203644 0.00145851 -0.00132763 0.000827512 -0.000974862 -0.00125297 -0.000693977 -0.00162131 0.00119245 0.00126747 0.000606998 0.000412888 0.000617564 0.0009615 0.000578833 0.000192324 0.00139859 0.00125563 0.000798362
internal_weight=1513 127 1386 1361 478 42 883 73 85 60 267 239 810 193 49 163 142 121 70 574 552 211 190 169 132 51 60 492 411 163
internal_count=1513 127 1386 1361 478 42 883 73 85 60 267 239 810 193 49 163 142 121 70 574 552 211 190 169 132 51 60 492 411 163
is_linear=0
shrinkage=0.1


Tree=8
num_leaves=31
num_cat=0
split_feature=4 1 7 1 4 7 6 1 6 7 1 3 3 6 1 3 8 10 1 5 4 9 3 10 8 1 3 5 1 6
split_gain=0.261078 0.166342 0.145983 0.0933903 0.0491505 0.0371536 0.0323675 0.0468097 0.0237163 0.0231319 0.0267261 0.0220167 0.0208289 0.01636 0.0177947 0.035786 0.0137551 0.0198649 0.0129628 0.0112153 0.00970419 0.00912443 0.00869386 0.00786808 0.00772293 0.00722645 0.0104324 0.0209828 0.0079869 0.00637363
threshold=30.387728493488272 362.50000000000006 83.59256079322121 331.50000000000006 18.76166177087303 5.8612561035384969 43.991266925476637 287.50000000000006 23.310139734127887 24.181392664274565 281.50000000000006 30.421507431265454 36.643237373469795 13.842359585314176 406.50000000000006 23.114494522794132 19.017155555872325 19.905119227395506 365.50000000000006 15.429889071518112 16.850711482174948 13.256636225415587 14.506921070290275 28.789923838928082 9.091807271826287 273.50000000000006 27.110827532313177 30.573188819921036 300.50000000000006 22.461040693106629
decision_type=2 2 2 2 2 2 2 2 2 2 2 2 2 2 2 2 2 2 2 2 2 2 2 2 2 2 2 2 2 2
left_child=2 6 3 9 13 -3 -2 -8 -6 19 23 -10 -13 21 16 -16 17 -15 -14 -1 -18 22 -5 -11 -21 -26 -27 29 -29 -28
right_child=1 5 -4 4 8 -7 7 -9 11 10 -12 12 18 14 15 -17 20 -19 -20 24 -22 -23 -24 -25 25 26 27 28 -30 -31
leaf_value=0.0019702832177281382 0.00066476494539529089 -0.0065578216929798542 -0.00715390269458294 0.0013396876130718739 -0.0053602846432477241 -0.012451083802152426 -0.00033673180267214777 -0.0058350292467366678 0.00038141539332935137 -0.00073371738661080603 -0.0033646780248407435 -0.0042611185491918347 -0.0028332875482738017 -1.892232883503621e-05 -0.0049645703713632316 0.00081921103876084103 0.0026024326000229588 -0.0034896162129007279 0.00072398002126387189 -0.00077751661828231252 -3.0353630843040138e-05 0.0027873573318609726 -0.00056358312518568711 0.0018632176764575498 0.0016001962806355555 0.0013148899006570668 -0.0028751656291119403 0.0020633977549594073 0.00017512291039262589 -0.00043956108010289349
leaf_weight=200 34 23 25 60 20 20 30 32 37 20 23 38 20 94 23 20 28 20 21 21 28 23 40 28 237 215 21 42 48 22
leaf_count=200 34 23 25 60 20 20 30 32 37 20 23 38 20 94 23 20 28 20 21 21 28 23 40 28 237 215 21 42 48 22
internal_value=-2.96232e-12 -0.00413002 0.000417811 0.000558132 -0.000576027 -0.00929887 -0.0018148 -0.00317456 -0.00217999 0.00116853 -0.000561857 -0.00163166 -0.00257449 7.31948e-05 -0.00045706 -0.00227444 2.63052e-06 -0.000627816 -0.00101127 0.00132096 0.00128604 0.00099144 0.000578379 0.000781161 0.00110667 0.0011743 0.000884256 0.000188119 0.00105632 -0.00162904
internal_weight=1513 139 1374 1349 472 43 96 62 136 877 71 116 79 336 213 43 170 114 41 806 56 123 100 48 606 585 348 133 90 43
internal_count=1513 139 1374 1349 472 43 96 62 136 877 71 116 79 336 213 43 170 114 41 806 56 123 100 48 606 585 348 133 90 43
is_linear=0
shrinkage=0.1


Tree=9
num_leaves=31
num_cat=0
split_feature=4 1 7 1 1 0 5 5 3 1 7 3 3 1 10 1 6 3 10 8 7 3 3 9 7 3 1 3 7 10
split_gain=0.21273 0.180174 0.083104 0.0595315 0.0473715 0.0407186 0.0440358 0.0298604 0.0450844 0.0289754 0.0181472 0.015953 0.0153355 0.0123339 0.0136909 0.00960471 0.011306 0.00895304 0.00869486 0.0187945 0.0108417 0.0104649 0.00857869 0.0231801 0.0102444 0.0081577 0.00794284 0.0076066 0.00766265 0.00655734
threshold=26.183253821235169 452.00000000000006 64.958189711056747 304.50000000000006 317.50000000000006 21.500000000000004 19.866697580511616 39.608159120479002 46.009898300268112 402.50000000000006 23.524097270892124 51.03658790844927 20.172172591720791 356.50000000000006 22.364567788107436 385.50000000000006 12.163781211764777 59.061692130234071 23.970490621883524 19.840098541196124 3.8596623228385081 31.216733556350189 25.693980053519244 19.94507153347098 5.1414540355229343 25.131142959374042 382.50000000000006 35.663923160992269 10.621270957242588 53.517374586627966
decision_type=2 2 2 2 2 2 2 2 2 2 2 2 2 2 2 2 2 2 2 2 2 2 2 2 2 2 2 2 2 2
left_child=2 4 3 22 11 6 15 -6 -9 10 12 -2 -8 18 -15 -5 -17 -13 19 20 -14 -20 -1 -24 -25 -11 -16 28 -26 -10
right_child=1 -3 -4 5 7 -7 9 8 29 25 -12 17 13 14 26 16 -18 -19 21 -21 -22 -23 23 24 27 -27 -28 -29 -30 -31
leaf_value=0.0015466912544044339 0.00090242602214541138 -0.011735150654844586 -0.004638266109771306 0.0011090562211953708 -0.0064098722702409655 0.0033834450528956953 -0.0030807898531202229 0.0012228302149610087 -0.0031739492011679847 -0.004552415191816787 -0.0034595902521340621 -0.0031856023833494295 0.0022733567778587989 0.00018791959838658249 -0.0032044271761063311 0.001487458124756813 -0.0014176266211261218 -0.00054786786110320649 0.0025952570963030061 -0.0029186758345791271 -0.00034190487554844692 6.6376124353458496e-05 -0.0016248717938330685 -0.00082432521422478298 0.0012552579097888051 -0.0019957335128520546 -0.00075175218010807175 0.00073991898351754909 0.0030792431151937874 -0.0056758037116378546
leaf_weight=417 46 21 31 185 27 32 20 22 22 24 21 22 23 46 31 21 37 31 30 21 51 36 34 22 51 26 23 78 42 20
leaf_count=417 46 21 31 185 27 32 20 22 22 24 21 22 23 46 31 21 37 31 30 21 51 36 34 22 51 26 23 78 42 20
internal_value=9.12356e-12 -0.0029455 0.000477343 0.000602114 -0.00197401 -9.14869e-05 -0.000278374 -0.00362096 -0.00244439 -0.00099316 -0.000623991 -0.000460157 -0.000412078 -0.000207579 -0.00107983 0.000757036 -0.000365786 -0.00164278 0.000334193 -0.000278338 0.000470947 0.00121587 0.00127741 0.000782728 0.00120686 -0.00322294 -0.00215977 0.00146819 0.00207899 -0.00436531
internal_weight=1513 211 1302 1271 190 627 595 91 64 352 302 99 281 261 100 243 58 53 161 95 74 66 644 227 193 50 54 171 93 42
internal_count=1513 211 1302 1271 190 627 595 91 64 352 302 99 281 261 100 243 58 53 161 95 74 66 644 227 193 50 54 171 93 42
is_linear=0
shrinkage=0.1


Tree=10
num_leaves=31
num_cat=0
split_feature=7 4 7 1 0 5 5 1 1 9 5 7 7 9 1 4 4 4 4 9 8 8 10 5 8 10 7 3 8 3
split_gain=0.181864 0.128077 0.110839 0.0501314 0.0360075 0.0362599 0.0353909 0.0274942 0.0206646 0.0141882 0.0134247 0.0269792 0.0132076 0.0175743 0.00940034 0.00886372 0.00866086 0.0585985 0.0113403 0.0102457 0.0179559 0.0182554 0.0169909 0.00775523 0.0108302 0.0127056 0.0072724 0.0091445 0.00516099 0.00692419
threshold=93.786981373858666 25.566236977434542 1.9165427169060367 315.50000000000006 21.500000000000004 19.866697580511616 51.03658790844927 317.50000000000006 409.50000000000006 35.03549185882202 43.013796020415633 11.666806618982472 14.803351141079835 21.635663730192753 279.50000000000006 38.945759782858772 19.757016790559629 21.465237154469609 24.009796547415409 22.160442861549772 20.109535283736935 19.017155555872325 20.042980224589723 19.078716145192384 12.762485722511729 16.281003354483524 8.1228749348810947 20.44989716971698 12.137701294379809 12.648258390029016
decision_type=2 2 2 2 2 2 2 2 2 2 2 2 2 2 2 2 2 2 2 2 2 2 2 2 2 2 2 2 2 2
left_child=1 3 -3 12 5 23 9 15 16 -4 -11 -12 -1 -14 -15 -8 19 -18 -19 20 21 22 26 24 28 -26 27 -7 29 -5
right_child=-2 2 6 4 -6 8 7 -9 -10 10 11 -13 13 14 -16 -17 17 18 -20 -21 -22 -23 -24 -25 25 -27 -28 -29 -30 -31
leaf_value=0.0012490200783169202 -0.0077084015515477711 -0.0092041100119240587 -0.0017231593815315712 0.0016159818359566007 0.0031108893884060486 -0.0014434288699357283 -0.0025773060334527316 -0.0050030736382015882 -0.0033860757707485133 0.0027218339583751829 -0.0030549947149120273 0.0017908187703815877 -0.0020064029662656443 0.001523362919189302 -0.00095756082085981262 0.00012673227836123923 -0.0061896926412979766 0.0013329253834672272 -0.0016184642951449623 0.0010010210300186793 -0.0035305056399444028 0.0018833969043823475 -0.003612668217974715 0.0024898269050754609 -0.0017938058179999264 0.0012711345528562865 -0.001833381496059398 0.0011567575147828871 0.0023680315308627631 -1.8875072858045028e-05
leaf_weight=626 30 20 38 44 31 21 27 36 35 22 20 27 30 56 21 22 21 30 23 39 21 28 20 20 38 21 24 38 21 63
leaf_count=626 30 20 38 44 31 21 27 36 35 22 20 27 30 56 21 22 21 30 23 39 21 28 20 20 38 21 24 38 21 63
internal_value=-9.79056e-12 0.000155935 -0.00211953 0.000535477 -0.000197588 -0.000399882 -0.00138155 -0.00290482 -0.00110236 -0.000171472 0.000683081 -0.00027123 0.00107353 4.67987e-05 0.000846747 -0.00136325 -0.000800739 -0.0017192 5.21336e-05 -0.000444898 -0.00081589 -0.000380722 -0.000996211 0.000618205 0.000418032 -0.000702895 -0.000365739 0.000231267 0.000934709 0.000653403
internal_weight=1513 1483 212 1271 538 507 192 85 300 107 69 47 733 107 77 49 265 74 53 191 152 131 103 207 187 59 83 59 128 107
internal_count=1513 1483 212 1271 538 507 192 85 300 107 69 47 733 107 77 49 265 74 53 191 152 131 103 207 187 59 83 59 128 107
is_linear=0
shrinkage=0.1


Tree=11
num_leaves=31
num_cat=0
split_feature=1 6 5 1 8 1 3 5 7 4 5 8 10 6 6 3 1 7 9 3 8 7 1 7 9 3 7 7 7 3
split_gain=0.148245 0.126261 0.0867314 0.0630065 0.031589 0.0259933 0.0304652 0.0389515 0.0237763 0.0177055 0.0167836 0.0157075 0.0196293 0.0159619 0.0114799 0.0214743 0.00956865 0.0141809 0.0230105 0.00869653 0.00773487 0.00768955 0.00841857 0.0085782 0.00530802 0.00505242 0.00472332 0.00642405 0.00698808 0.00820412
threshold=401.50000000000006 35.700285177061865 44.944253527690172 305.50000000000006 31.428501885362476 323.50000000000006 40.560385508731372 31.91068198696842 7.839457984634989 29.898847345474007 20.808536636950773 23.687270658117221 22.42721927794922 29.91522476300225 17.452876247888117 21.909074127173515 237.50000000000003 11.666806618982472 19.421779880279377 59.061692130234071 47.463884191626626 6.057868892856205 370.50000000000006 2.3169653963506112 13.96914317571394 35.033334245940026 10.621270957242588 7.320530032379974 6.2667766477450195 29.509620966059391
decision_type=2 2 2 2 2 2 2 2 2 2 2 2 2 2 2 2 2 2 2 2 2 2 2 2 2 2 2 2 2 2
left_child=2 10 5 4 -4 16 7 14 -9 -6 24 12 -12 -13 -7 -16 -1 26 -19 -5 -11 22 -17 -24 -2 -20 27 28 29 -18
right_child=1 -3 3 19 9 6 -8 8 -10 20 11 13 -14 -15 15 21 17 18 25 -21 -22 -23 23 -25 -26 -27 -28 -29 -30 -31
leaf_value=0.0015909646482095527 0.0011405513854697348 -0.0094916177839040761 -0.003556785558943044 -0.0052430990695332491 0.0028033892520599895 0.00063502145442542257 0.0031083174884833139 -0.0053273331278681085 -0.00089862341820089913 0.00097313886660191677 -0.0017993644317770799 0.00090588454157114028 -0.0061279976577498022 -0.0030893475189805032 -0.003146014726539411 0.0015704668124160933 0.0010586069989284234 -0.0029626916577108206 0.0016474794130772353 -0.0029581406837209099 -0.0015224080241750928 -0.0012189747531166568 0.00094763589573135091 -0.0018779685781780808 -0.0011633626458933577 -0.00011421427721293962 0.0024079638046466492 2.3695429055286304e-05 0.0023518290762838566 -0.00075052742225428424
leaf_weight=184 20 25 22 36 27 193 29 22 27 23 22 20 20 20 26 41 350 25 27 31 27 35 22 21 20 41 22 70 38 27
leaf_count=184 20 25 22 36 27 193 29 22 27 23 22 20 20 20 26 41 350 25 27 31 27 35 22 21 20 41 22 70 38 27
internal_value=9.21685e-12 -0.00301743 0.000324716 -0.00181768 -0.000214956 0.00062108 -1.78474e-05 -0.000252108 -0.00288702 0.000739853 -0.00169075 -0.00250994 -0.00386062 -0.00109173 0.000129877 -0.000542488 0.000960103 0.000766639 -0.000368475 -0.00418588 -0.000374456 2.63502e-05 0.000545236 -0.00043231 -1.14056e-05 0.000585282 0.000974855 0.000909848 0.00105932 0.00092904
internal_weight=1513 147 1366 166 99 1200 416 387 49 77 122 82 42 40 338 145 784 600 93 67 50 119 84 43 40 68 507 485 415 377
internal_count=1513 147 1366 166 99 1200 416 387 49 77 122 82 42 40 338 145 784 600 93 67 50 119 84 43 40 68 507 485 415 377
is_linear=0
shrinkage=0.1


Tree=12
num_leaves=31
num_cat=0
split_feature=7 4 7 1 0 1 5 1 7 4 7 1 9 8 8 8 9 3 5 4 4 8 1 7 9 3 3 6 4 3
split_gain=0.135038 0.082061 0.0587876 0.0338429 0.0308863 0.0408317 0.0242844 0.0232901 0.0288794 0.0271604 0.0140544 0.0149247 0.0110724 0.0120366 0.0110272 0.00908351 0.00807898 0.00772045 0.0311715 0.011318 0.0206124 0.00789541 0.00747728 0.0111562 0.0114237 0.00650735 0.00588767 0.00586969 0.00831298 0.00529938
threshold=93.786981373858666 26.536702856180643 2.0948602597527244 304.50000000000006 21.500000000000004 428.50000000000006 19.866697580511616 407.50000000000006 4.7037294811543742 42.640501283790549 24.181392664274565 356.50000000000006 22.058723995217875 23.363531813377673 19.771225001576692 27.906805057233182 36.814814840480004 23.114494522794132 24.725936166703743 22.289258238212366 19.757016790559629 16.739635312734098 236.50000000000003 13.156615822229739 21.635663730192753 20.519455039011884 22.666774899685102 15.926866683312939 11.147773856988637 26.723414303491623
decision_type=2 2 2 2 2 2 2 2 2 2 2 2 2 2 2 2 2 2 2 2 2 2 2 2 2 2 2 2 2 2
left_child=1 3 -3 22 5 6 27 8 -4 16 11 12 14 -14 25 -15 -10 21 -19 20 -20 -13 -1 29 -25 -8 -27 28 -5 -24
right_child=-2 2 7 4 -6 -7 10 -9 9 -11 -12 17 13 15 -16 -17 -18 18 19 -21 -22 -23 23 24 -26 26 -28 -29 -30 -31
leaf_value=0.0014615767107333958 -0.0066423079625625783 -0.0069176186388358474 0.0027980016730725765 0.0008534381483086801 0.0028807828114650242 -0.0037371194965089673 -0.0014249112527898473 -0.0041572947257562829 -0.0021148377340286973 -0.0041077020763488556 -0.0031113695674797612 -0.00094354001805186283 0.0030175504938360184 -0.00097791086293539243 -0.0025921350456337682 0.001795128502306484 -5.2254896572661367e-05 0.0027929520093312021 -0.00085030558317050569 0.00024118712374373623 -0.0047786270067180425 -0.003719764600308346 0.0011220505497859497 -0.0022734723225964803 0.00043702454034549496 0.0019074864053566542 -0.00014323943399912901 0.0021397391208805719 -0.00076900340992814079 0.00025941108313379111
leaf_weight=187 30 20 20 166 33 32 23 23 25 27 21 20 23 27 20 21 79 20 34 23 22 21 304 23 48 21 42 26 39 93
leaf_count=187 30 20 20 166 33 32 23 23 25 27 21 20 23 27 20 21 79 20 34 23 22 21 304 23 48 21 42 26 39 93
internal_value=-1.87237e-12 0.000134369 -0.00178308 0.000422953 -9.78618e-05 -0.000261415 -6.59444e-05 -0.0011929 -0.000741371 -0.00128173 -0.000606021 -0.000440052 0.000170188 0.00113659 -0.000477118 0.000235294 -0.000548068 -0.00121157 -0.000733675 -0.00162649 -0.00239357 -0.00236551 0.00092707 0.000713496 -0.000441024 1.47465e-05 0.000540336 0.000724298 0.000544779 0.000919971
internal_weight=1513 1483 194 1289 634 601 569 174 151 131 338 317 177 71 106 48 104 140 99 79 56 41 655 468 71 86 63 231 205 397
internal_count=1513 1483 194 1289 634 601 569 174 151 131 338 317 177 71 106 48 104 140 99 79 56 41 655 468 71 86 63 231 205 397
is_linear=0
shrinkage=0.1


Tree=13
num_leaves=31
num_cat=0
split_feature=7 4 7 1 0 1 1 7 4 5 7 1 8 8 3 6 10 1 10 3 9 3 3 10 8 10 8 10 7 4
split_gain=0.109381 0.0664694 0.0476179 0.0275128 0.0215813 0.0241131 0.0190074 0.0237602 0.0206476 0.0143444 0.013238 0.0161113 0.0133042 0.0123792 0.0115339 0.0114337 0.019893 0.00916364 0.00706761 0.00744705 0.00674143 0.00669124 0.0101177 0.00631159 0.00918936 0.00759416 0.0100808 0.00618492 0.0072847 0.0064593
threshold=93.786981373858666 26.536702856180643 2.0948602597527244 360.50000000000006 21.500000000000004 428.50000000000006 417.50000000000006 4.7037294811543742 42.640501283790549 19.866697580511616 11.435434063303722 305.50000000000006 18.216163156559968 19.017155555872325 34.649250213760787 22.647028426192652 26.045796414032385 349.50000000000006 36.335685702180562 41.903446157045799 29.573153005775605 34.419508740337477 27.207598111811475 24.321260119408329 20.560440730727649 21.395692005902131 17.483325550493856 18.148479777406383 8.0371377016308418 8.9460747924727304
decision_type=2 2 2 2 2 2 2 2 2 2 2 2 2 2 2 2 2 2 2 2 2 2 2 2 2 2 2 2 2 2
left_child=1 3 -3 10 5 9 7 -4 17 -5 21 12 -12 -11 -14 -15 -17 -9 19 -16 -13 22 23 24 25 26 27 28 29 -1
right_child=-2 2 6 4 -6 -7 -8 8 -10 13 11 20 14 15 18 16 -18 -19 -20 -21 -22 -23 -24 -25 -26 -27 -28 -29 -30 -31
leaf_value=0.0011841536924318487 -0.0059780772325272362 -0.0062258567381650214 0.0025182015495374801 0.00057989842273030283 0.0021272297487095267 -0.0033634075574809686 -0.0039738407637923958 -9.0469380090727884e-05 -0.0035920506517868492 -0.0024035121316125659 -0.0011393481205838423 -0.0023918190465441773 0.0025412016712567389 0.0011245195459196112 0.00064397821175482344 -0.0037519905436784033 0.00026833657684619542 -0.0024668868572916836 0.0018859974330379852 -0.0017511264598440556 -0.00012547272213158154 0.0022953755190146382 -0.0001961440705186264 0.0025520417214879259 -0.0011791343065190385 0.0023103833922909363 -0.0006790110747152497 0.0018691543287845452 -0.00081961360724213035 0.00041640116659196456
leaf_weight=296 30 20 20 86 28 32 20 86 28 46 39 35 34 32 34 20 32 20 21 21 21 29 99 22 22 36 42 62 26 174
leaf_count=296 30 20 20 86 28 32 20 86 28 46 39 35 34 32 34 20 32 20 21 21 21 29 99 22 22 36 42 62 26 174
internal_value=-1.28087e-12 0.000120932 -0.00160477 0.000380658 -0.00050444 -0.000801564 -0.00107361 -0.000696958 -0.00117683 -0.000422031 0.00062181 -9.58769e-05 0.00044761 -0.00108485 0.00101026 -0.000362719 -0.00127794 -0.00053885 0.000325362 -0.000270516 -0.00154194 0.000803896 0.000748372 0.000885883 0.000830175 0.00089968 0.000815037 0.000927493 0.000809785 0.000899922
internal_weight=1513 1483 194 1289 276 248 174 154 134 216 1013 205 149 130 110 84 52 106 76 55 56 808 779 680 658 636 600 558 496 470
internal_count=1513 1483 194 1289 276 248 174 154 134 216 1013 205 149 130 110 84 52 106 76 55 56 808 779 680 658 636 600 558 496 470
is_linear=0
shrinkage=0.1


Tree=14
num_leaves=31
num_cat=0
split_feature=3 1 8 5 1 8 5 5 3 5 6 3 9 4 1 7 8 4 10 7 7 8 7 7 7 4 7 7 1 1
split_gain=0.094356 0.0565668 0.0462382 0.0257324 0.024094 0.0257224 0.0213572 0.015055 0.0262093 0.0270966 0.0151047 0.0141648 0.0192035 0.0116559 0.0080434 0.00951145 0.0153395 0.00793768 0.0148904 0.00658676 0.0060514 0.00461643 0.00441858 0.00429695 0.00564583 0.00592008 0.00447824 0.00701903 0.00458587 0.0116271
threshold=87.904284469380158 361.50000000000006 34.539047541661638 44.944253527690172 305.50000000000006 31.428501885362476 56.290397941687303 21.076486156825194 23.114494522794132 24.795778813660167 23.687511464700901 37.744814338935576 28.155041268336429 29.898847345474007 242.50000000000003 11.435434063303722 15.524098831822293 14.189550083989051 30.595822398963271 2.3492932768171166 1.6064108495362113 47.463884191626626 0.87963054307987265 10.315552859827397 9.2381296179862904 8.4335715551426613 8.2915358769461953 7.320530032379974 310.50000000000006 336.50000000000006
decision_type=2 2 2 2 2 2 2 2 2 2 2 2 2 2 2 2 2 2 2 2 2 2 2 2 2 2 2 2 2 2
left_child=1 3 7 14 5 -5 -6 19 -9 -10 -11 12 -12 -7 -1 23 -17 -18 -19 20 22 -15 -3 24 25 -16 27 28 -27 -30
right_child=-2 2 -4 4 6 13 -8 8 9 10 11 -13 -14 21 15 16 17 18 -20 -21 -22 -23 -24 -25 -26 26 -28 -29 29 -31
leaf_value=0.0011435611648507029 -0.0065011877947571605 -0.00054894226403640848 -0.0043936359047940052 -0.0029193690723993563 -0.0047982474100232743 0.0026291181850764487 -0.00043145045028289875 -0.0042238148392643787 0.0020789855852074521 -0.0031247106296775334 -0.00017755308992575944 0.0015285945814949547 -0.0038100185523613946 0.00094434810427786869 0.0010835465382906084 -0.0029020055104047059 0.0013443659502081573 -0.0022527411083761504 0.00084118518180080828 0.0013439978976306079 -0.0015590767054818571 -0.0011329957260750234 0.0012614492192649497 0.0018541004705744293 -0.00084616992306629476 0.00075358020141720779 0.0018040222539143129 -0.0012515727967883532 -0.00075044141136622583 0.0008172333891166947
leaf_weight=212 22 28 37 22 24 27 21 25 28 35 43 22 22 23 184 20 35 28 35 37 25 20 26 26 28 220 22 26 89 101
leaf_count=212 22 28 37 22 24 27 21 25 28 35 43 22 22 23 184 20 35 28 35 37 25 20 26 26 28 220 22 26 89 101
internal_value=-6.1622e-12 9.59263e-05 -0.00106391 0.000423033 -0.000864221 6.32626e-05 -0.00276041 -0.000640538 -0.00122614 -0.000726529 -0.00137042 -0.000664668 -0.001407 0.00100066 0.000594917 0.000452027 -0.000378157 0.000136914 -0.000533893 0.000242916 -0.00027278 -2.18583e-05 0.000322728 0.000592777 0.00054383 0.000604453 0.000411979 0.000341739 0.000442778 8.29015e-05
internal_weight=1513 1491 328 1163 137 92 45 291 175 150 122 87 65 70 1026 814 118 98 63 116 79 43 54 696 670 642 458 436 410 190
internal_count=1513 1491 328 1163 137 92 45 291 175 150 122 87 65 70 1026 814 118 98 63 116 79 43 54 696 670 642 458 436 410 190
is_linear=0
shrinkage=0.1


Tree=15
num_leaves=31
num_cat=0
split_feature=7 4 1 4 3 3 7 6 10 3 1 7 4 5 1 7 4 4 6 3 1 10 5 1 1 1 4 6 10 4
split_gain=0.079888 0.0479754 0.0385606 0.0247546 0.0304177 0.0427456 0.0273941 0.0243581 0.028846 0.0137774 0.0102647 0.0086999 0.00902222 0.00901068 0.0112174 0.0109793 0.00686434 0.00766107 0.0128985 0.0247272 0.0123048 0.00849465 0.00880283 0.00757304 0.00746292 0.011267 0.00660731 0.00651337 0.00613998 0.00576819
threshold=93.786981373858666 18.694425594823084 316.50000000000006 38.945759782858772 37.881254509189837 35.307382204131748 7.320530032379974 23.310139734127887 29.543301073431525 47.15242748928285 280.50000000000006 4.043942965873736 19.93135754630687 37.629236390328096 263.50000000000006 10.621270957242588 8.6103727871998448 16.16735148551432 19.43837879646901 24.965121687907548 331.50000000000006 16.592520532799334 19.866697580511616 377.50000000000006 341.50000000000006 301.50000000000006 12.460553582362438 15.16946065305973 26.952363406560746 14.434171744371499
decision_type=2 2 2 2 2 2 2 2 2 2 2 2 2 2 2 2 2 2 2 2 2 2 2 2 2 2 2 2 2 2
left_child=1 10 11 4 5 7 -6 -4 28 -8 -1 -3 -13 -14 -15 -16 -12 18 21 -20 -21 27 -23 24 25 -19 -24 -18 -9 -28
right_child=-2 2 3 -5 6 -7 9 8 -10 -11 16 12 13 14 15 -17 17 23 19 20 -22 22 26 -25 -26 -27 29 -29 -30 -31
leaf_value=0.00087766389844763757 -0.0051089438764999311 0.0021945264702662825 -0.0042282432995059275 -0.004504157799291769 0.0032784514086828991 -0.0057560560103781799 -0.0023908733968333955 -0.00017228769075528191 -0.0037599908793345092 0.00081252774223685266 0.00076255872789426416 -0.0018551133046655552 0.0016112744465078179 0.001095166125742253 0.001203018669039011 -0.0014862947391405231 -7.2596601881634668e-05 -0.00058422609317031779 -0.0041486270942682913 -0.0015705787020945741 0.0013494619409795162 0.0019844039498517914 0.0013153359047802433 0.0023815857765536446 -0.001249355344944412 0.0025812189094722273 -0.001342879026196897 -0.0017729736748151482 0.0019083389627706747 0.00055583598200428244
leaf_weight=393 30 20 22 27 22 27 29 37 20 25 176 23 38 47 20 63 136 22 22 31 27 39 35 24 21 23 32 27 23 32
leaf_count=393 30 20 22 27 22 27 29 37 20 25 176 23 38 47 20 63 136 22 22 31 27 39 35 24 21 23 32 27 23 32
internal_value=1.07913e-12 0.00010335 -0.000768122 -0.00165787 -0.00128299 -0.00221797 0.000303997 -0.00128141 -0.000471033 -0.000907817 0.000474564 0.00021018 2.39495e-06 0.000256697 -0.000139257 -0.000838267 0.000229713 3.06032e-05 -0.000165414 -0.00129403 -0.000211249 0.000134551 0.000711907 0.000860407 0.000307251 0.00103367 0.00021062 -0.000354254 0.000625286 -0.000393522
internal_weight=1513 1483 443 232 205 129 76 102 80 54 1040 211 191 168 130 83 647 471 381 80 58 301 138 90 66 45 99 163 60 64
internal_count=1513 1483 443 232 205 129 76 102 80 54 1040 211 191 168 130 83 647 471 381 80 58 301 138 90 66 45 99 163 60 64
is_linear=0
shrinkage=0.1


Tree=16
num_leaves=31
num_cat=0
split_feature=1 6 5 1 8 7 3 1 9 5 6 3 10 10 1 7 8 7 7 5 5 9 10 8 5 9 6 3 9 9
split_gain=0.072342 0.0698719 0.0271708 0.0348518 0.0207615 0.0215767 0.0142408 0.0146467 0.0162498 0.0102625 0.00927454 0.0145264 0.0263418 0.0138685 0.00889073 0.00968859 0.00804744 0.00540617 0.016119 0.00604321 0.00443828 0.00928721 0.00554403 0.00549362 0.00436518 0.00787699 0.00525089 0.00399422 0.00383948 0.00621989
threshold=401.50000000000006 35.700285177061865 44.944253527690172 305.50000000000006 31.428501885362476 47.66420177997751 43.446321457073175 331.50000000000006 28.596001086394175 59.599440405445399 13.842359585314176 23.114494522794132 23.438084314920108 26.952363406560746 336.50000000000006 10.439266719958527 45.383236231631564 1.7569089328509049 2.3492932768171166 16.529435239818589 18.261430891751022 12.568696784994614 15.806418647135027 12.853757861555811 26.878001330944617 16.423852223928474 12.306060805749722 22.791126586764637 17.217301485912667 16.285617491097021
decision_type=2 2 2 2 2 2 2 2 2 2 2 2 2 2 2 2 2 2 2 2 2 2 2 2 2 2 2 2 2 2
left_child=2 10 6 4 -4 16 7 20 14 -5 -2 -12 -13 -14 -9 17 -6 19 -19 -16 22 -22 23 -1 25 26 -20 -21 29 -23
right_child=1 -3 3 9 5 -7 -8 8 -10 -11 11 12 13 -15 15 -17 -18 18 24 27 21 28 -24 -25 -26 -27 -28 -29 -30 -31
leaf_value=0.00087338689512360401 0.00073795333631675349 -0.0069240431338548668 -0.0024895061273127795 -0.0038480245999085744 0.00091350830589362894 0.003558740663625624 0.0027544145397841932 -0.0015569946217510733 -0.0022808120996855637 -0.0013591566258886209 -0.003511691418114222 0.0020953384937125851 -0.0040155138769131602 -0.00066486338051618087 0.00012448441014963795 -0.0018112716212106699 -0.0015709935983812266 -0.0018081415627101386 -0.00021347916219383479 0.0025236280015503458 -0.0015744611236226302 0.00038163170551055569 0.002327157068066299 -0.00073729059861406048 0.0016423084743015855 -0.0007450175157084067 0.0018399623695365859 0.00072305451507087462 0.00062299002527986297 -0.0014367089867591857
leaf_weight=267 22 25 22 37 32 23 25 32 34 30 27 22 21 30 44 22 22 37 20 28 23 76 24 23 29 44 33 22 392 25
leaf_count=267 22 25 22 37 32 23 25 32 34 30 27 22 21 30 44 22 22 37 20 28 23 76 24 23 29 44 33 22 392 25
internal_value=-4.66229e-12 -0.00210786 0.000226835 -0.000972285 0.00021972 0.000993785 0.000392713 0.000342464 -0.000205157 -0.00273361 -0.00112094 -0.0015299 -0.000796907 -0.00204454 2.17634e-05 0.00020284 -9.86962e-05 0.000375254 2.69577e-05 0.000979214 0.000570089 0.000389701 0.000866524 0.000745644 0.000565836 0.000244004 0.00106508 0.00173138 0.000481335 -6.84526e-05
internal_weight=1513 147 1366 166 99 77 1200 1175 345 67 122 100 73 51 311 279 54 257 163 94 830 516 314 290 126 97 53 50 493 101
internal_count=1513 147 1366 166 99 77 1200 1175 345 67 122 100 73 51 311 279 54 257 163 94 830 516 314 290 126 97 53 50 493 101
is_linear=0
shrinkage=0.1


Tree=17
num_leaves=31
num_cat=0
split_feature=3 1 0 8 4 9 5 6 8 4 8 5 10 8 9 5 4 1 3 7 10 10 4 4 7 7 3 8 4 5
split_gain=0.0654924 0.0329472 0.0334318 0.0769744 0.0144362 0.0188157 0.0326869 0.025993 0.0166402 0.0106631 0.0084193 0.00769314 0.00822703 0.00898165 0.0102015 0.0165593 0.00846132 0.00692076 0.0251585 0.026524 0.00538129 0.00523231 0.0188138 0.00639201 0.00556523 0.0050914 0.00463318 0.00604274 0.00601488 0.00360497
threshold=87.904284469380158 361.50000000000006 21.500000000000004 34.539047541661638 34.898640353101989 41.632730820024939 44.944253527690172 36.986469128956976 48.17861722832108 8.6103727871998448 34.063741599523304 37.629236390328096 30.595822398963271 24.181411783875678 21.86584061182597 25.687659251733454 20.894963664105735 408.50000000000006 23.114494522794132 3.8596623228385081 31.97637605040271 22.364567788107436 21.291673514505952 12.990526770389881 1.6064108495362113 13.156615822229739 24.725936166703743 17.483325550493856 15.225221442045534 11.221715001017293
decision_type=2 2 2 2 2 2 2 2 2 2 2 2 2 2 2 2 2 2 2 2 2 2 2 2 2 2 2 2 2 2
left_child=1 4 3 9 5 6 10 -8 -6 -3 11 12 13 14 15 26 -15 21 -19 -20 -13 23 -23 24 -11 -22 27 29 -29 -1
right_child=-2 2 -4 -5 8 -7 7 -9 -10 17 -12 20 -14 16 -16 -17 -18 18 19 -21 25 22 -24 -25 -26 -27 -28 28 -30 -31
leaf_value=0.00109631780235629 -0.0054163100504824382 0.000873287426880919 0.0019430266554058434 -0.0062599708873744102 -0.0033926111169752075 0.0027548861760420332 -0.00045467113646177149 -0.0048887865291908387 0.00034420959687290288 0.00046066103636154112 0.0024445548697951298 -0.0015123546204642592 0.0018666320569103675 -0.0019757976048979265 0.0014067392064134765 -0.0010049606725579588 0.00041964297144052884 -0.0045348506756867704 0.0021392110923659944 -0.0029492501623462888 -0.00091544685419648892 -0.0032208408873494981 0.00017670111190408279 0.00087025127904780683 -0.0016343908035196366 0.0013409655354917052 0.0019104384725020891 -0.0017950873102315448 0.00039765750186453609 0.00046257608659272873
leaf_weight=112 22 39 39 27 22 33 39 20 26 21 21 33 42 29 112 77 30 22 21 20 20 28 39 40 32 20 24 22 29 452
leaf_count=112 22 39 39 27 22 33 39 20 26 21 21 33 42 29 112 77 30 22 21 20 20 28 39 40 32 20 24 22 29 452
internal_value=8.98314e-13 7.99187e-05 -0.000805244 -0.00117612 0.00032956 0.000402661 0.00033092 -0.00195776 -0.0013685 -0.000652209 0.000462916 0.000421385 0.000499058 0.000434303 0.000519246 0.00038042 -0.000757777 -0.000919 -0.0018068 -0.000342965 -0.000567087 -0.00056943 -0.00124317 -8.40492e-05 -0.000804276 0.000212759 0.000547359 0.000494166 -0.000548232 0.000588426
internal_weight=1513 1491 328 289 1163 1115 1082 59 48 262 1023 1002 929 887 828 716 59 223 63 41 73 160 67 93 53 40 639 615 51 564
internal_count=1513 1491 328 289 1163 1115 1082 59 48 262 1023 1002 929 887 828 716 59 223 63 41 73 160 67 93 53 40 639 615 51 564
is_linear=0
shrinkage=0.1


Tree=18
num_leaves=31
num_cat=0
split_feature=1 1 7 0 4 1 7 8 6 3 8 1 7 3 7 7 6 3 4 4 5 10 5 10 6 10 10 3 3 10
split_gain=0.057622 0.0214743 0.031366 0.0145253 0.0136907 0.0109039 0.0126261 0.0110075 0.00929426 0.00740162 0.0253453 0.010329 0.0161464 0.0169418 0.0140453 0.0133405 0.0121242 0.0128301 0.0114546 0.0105964 0.00848764 0.00582417 0.0111727 0.00643248 0.00858612 0.00741593 0.00556038 0.00490636 0.00476964 0.00858734
threshold=453.50000000000006 305.50000000000006 37.731853508441596 21.500000000000004 13.460176982246418 217.50000000000003 41.380306424528619 33.570459960068682 25.108796213123679 21.909074127173515 17.855525111489111 420.50000000000006 1.9320837679423013 27.335041515522416 6.057868892856205 7.839457984634989 27.557825043127409 39.75208105290077 16.16735148551432 17.414863822285735 33.18370750882071 21.152384561160058 22.21930832548178 16.592520532799334 13.842359585314176 15.487058872171044 14.029656507105962 51.03658790844927 11.642514911405993 11.315279216065639
decision_type=2 2 2 2 2 2 2 2 2 2 2 2 2 2 2 2 2 2 2 2 2 2 2 2 2 2 2 2 2 2
left_child=1 5 3 4 21 8 -7 -8 -1 10 -6 12 13 -11 18 -16 -17 -18 -14 -20 -21 22 23 24 26 -26 28 -19 -3 -30
right_child=-2 2 -4 -5 9 6 7 -9 -10 11 -12 -13 14 -15 15 16 17 27 19 20 -22 -23 -24 -25 25 -27 -28 -29 29 -31
leaf_value=0.00093133626625748346 -0.003793945625269165 0.0011565312006792357 -0.0032545213133904753 0.0025124580506235361 7.2998174800886773e-05 0.00042481633167406577 -0.0030695726766134615 0.00024818454869091511 0.0032079203816300092 -0.00065272085440273473 -0.0043361935309473082 0.0015381604872951964 -0.0014681174986712312 -0.0045240219631523361 -0.0030398261993048858 -0.0024822071751417676 0.0023075397498905658 0.00015902875767399871 0.002939524348634719 -0.00048621243260596404 0.001823469462732856 0.0019141280825715513 -0.0015823817970654506 0.001632183562698109 -0.0024614793946966529 -6.8017255443919568e-06 0.0018634361788057365 -0.0018070875551943158 -0.0018483435989103535 0.00038556309799883833
leaf_weight=97 39 43 34 20 32 594 20 20 22 26 22 24 23 20 26 23 20 30 22 41 26 20 33 35 20 32 26 22 22 79
leaf_count=97 39 43 34 20 32 594 20 20 22 26 22 24 23 20 26 23 20 30 22 41 26 20 33 35 20 32 26 22 22 79
internal_value=-1.16626e-11 0.000100383 -0.000289685 -0.000142954 -0.000222577 0.000473874 0.000309011 -0.00141069 0.00135222 -0.000644756 -0.00172334 -0.000452533 -0.000623776 -0.0023359 -0.00028576 -0.00103273 -0.000483421 0.00015508 0.000521235 0.00103534 0.000410082 0.00026361 0.000149782 0.0003722 0.000173553 -0.000950909 0.000517507 -0.00067279 0.000274491 -0.00010103
internal_weight=1513 1474 721 687 667 753 634 40 119 357 54 303 279 46 233 121 95 72 112 89 67 310 290 257 222 52 170 52 144 101
internal_count=1513 1474 721 687 667 753 634 40 119 357 54 303 279 46 233 121 95 72 112 89 67 310 290 257 222 52 170 52 144 101
is_linear=0
shrinkage=0.1


Tree=19
num_leaves=31
num_cat=0
split_feature=7 4 1 1 6 1 1 1 6 5 4 10 7 10 4 5 1 8 5 4 4 7 6 10 9 4 7 1 9 8
split_gain=0.0515482 0.0263365 0.019451 0.0391396 0.011921 0.00956863 0.0176289 0.0479272 0.010184 0.0122342 0.0156506 0.00949866 0.0120779 0.00800816 0.00733946 0.00692255 0.00484903 0.00458723 0.0126673 0.00537349 0.0112808 0.00847898 0.00729953 0.00397908 0.00926951 0.00504467 0.00387204 0.00382739 0.00372178 0.00366111
threshold=93.786981373858666 18.694425594823084 432.00000000000006 475.00000000000006 23.310139734127887 395.50000000000006 356.50000000000006 368.50000000000006 38.989142607107972 54.037711388932287 42.640501283790549 25.285806235109209 11.556699904152692 17.680078651156197 20.228374434981841 33.900216489100806 330.50000000000006 12.762485722511729 16.679647302635583 12.313671443196435 14.800907277570412 2.5098304362201729 16.839603021710598 31.97637605040271 27.892930172577909 24.246075803058165 21.111680556827007 358.50000000000006 12.994548355507609 34.063741599523304
decision_type=2 2 2 2 2 2 2 2 2 2 2 2 2 2 2 2 2 2 2 2 2 2 2 2 2 2 2 2 2 2
left_child=1 11 4 -4 -3 6 8 -8 14 -10 -11 12 16 -14 -6 -13 -1 28 -19 27 22 -22 -21 24 -16 -25 -15 -20 -18 -27
right_child=-2 2 3 -5 5 -7 7 -9 9 10 -12 15 13 26 23 -17 17 18 19 20 21 -23 -24 25 -26 29 -28 -29 -30 -31
leaf_value=0.00055974721841883822 -0.0041039039664125697 -0.0024189065237386295 -0.005662830160664661 0.00044256381557456083 -0.00087818931158934084 0.0014780482036932823 -0.0059107188787311318 8.4729975205846138e-05 -0.0023984826128820285 0.0013707013292279205 -0.0019645906635560096 0.0023351824306882918 -0.0023926719528390098 0.00026771589466888045 0.0012570831870483557 0.00047473254846408964 0.00028974907479197199 -0.0026124270330183212 0.00017557652699279376 -0.00010517237106713847 0.001546520070405677 -0.0005943289438791171 -0.0025392938083704003 0.0022071158945826549 -0.0013177045172563307 0.00014096788719904666 -0.0013510717724619266 0.0019482447067275645 0.0017406959785148503 0.0016938070279800079
leaf_weight=563 30 26 21 21 37 31 20 40 34 34 24 40 24 45 29 40 90 20 29 22 37 37 28 28 27 49 22 21 22 22
leaf_count=563 30 26 21 21 37 31 20 40 34 34 24 40 24 45 29 40 90 20 29 22 37 37 28 28 27 49 22 21 22 22
internal_value=-1.63384e-12 8.3019e-05 -0.00056267 -0.00261013 -0.000348222 -0.000204655 -0.000356294 -0.00191375 -2.72533e-05 -0.000892334 -9.4195e-06 0.000358058 0.000270816 -0.00082528 0.000387265 0.00140496 0.000385597 6.51833e-05 -0.000229003 4.49535e-05 -0.000307927 0.000476096 -0.00146828 0.000689341 1.56677e-05 0.00107041 -0.000263826 0.000920097 0.000574757 0.000622129
internal_weight=1513 1483 443 42 401 375 344 60 284 92 58 1040 960 91 192 80 869 306 194 174 124 74 50 155 56 99 67 50 112 71
internal_count=1513 1483 443 42 401 375 344 60 284 92 58 1040 960 91 192 80 869 306 194 174 124 74 50 155 56 99 67 50 112 71
is_linear=0
shrinkage=0.1


Tree=20
num_leaves=31
num_cat=0
split_feature=10 0 1 7 1 10 10 7 1 5 3 6 9 5 10 7 5 3 4 9 9 3 9 8 3 3 10 7 7 1
split_gain=0.0463224 0.0225642 0.0524927 0.0292397 0.0159914 0.018486 0.021193 0.0125334 0.00842654 0.0103396 0.00805021 0.00845527 0.00758341 0.0119075 0.0130215 0.00682632 0.00907482 0.00782682 0.0172273 0.00666197 0.00521102 0.00553996 0.00620266 0.00716216 0.00599286 0.00534798 0.0046243 0.00558333 0.00455887 0.00436784
threshold=74.802383311366867 21.500000000000004 434.50000000000006 5.9061872701647919 355.50000000000006 29.543301073431525 35.965183534015218 10.621270957242588 232.50000000000003 40.991442304519765 29.65415573632048 22.647028426192652 32.387928458023055 59.599440405445399 46.266262784564255 1.7569089328509049 16.529435239818589 23.613902365818486 13.460176982246418 38.460766329618444 28.961212222709253 27.02215357192912 20.820142440667848 24.450388937241421 30.421507431265454 29.509620966059391 23.227216818263411 9.1485247412846586 27.095553780041879 287.50000000000006
decision_type=2 2 2 2 2 2 2 2 2 2 2 2 2 2 2 2 2 2 2 2 2 2 2 2 2 2 2 2 2 2
left_child=1 2 4 -3 8 7 -7 10 28 20 11 15 -11 14 19 16 -6 18 -17 -14 21 26 24 25 -23 -24 27 -10 -1 -27
right_child=-2 3 -4 -5 5 6 -8 -9 9 12 -12 -13 13 -15 -16 17 -18 -19 -20 -21 -22 22 23 -25 -26 29 -28 -29 -30 -31
leaf_value=0.00070395655775313051 -0.0047806952381506569 0.00011173765280193861 -0.0040809944065498009 0.004878591702700677 -7.8669392193357152e-05 -0.0044605851774880047 -0.00047376482669884962 -0.002422580406393694 0.00035399205979069341 -0.0021706465461577935 0.0017594226238240179 -0.0018242867439295406 0.00075238025747239592 0.0012759124633989164 -0.0028949173116416208 -2.5061485866899603e-05 0.0023332157628968933 0.0011682334616731774 -0.0033529304278393591 -0.0011995289217927221 0.0011389450599940925 -0.0026208379132731351 0.0016876226515862448 -0.0010603292374932944 -0.0002021241195810338 0.00090974492385335599 0.0014144036747319134 -0.0010297669468620312 0.0023064463259652259 -0.0010611538838764484
leaf_weight=158 20 31 31 22 39 24 30 23 491 26 24 27 36 35 24 60 26 24 21 34 65 20 29 38 21 23 38 31 20 22
leaf_count=158 20 31 31 22 39 24 30 23 491 26 24 27 36 35 24 60 26 24 21 34 65 20 29 38 21 23 38 31 20 22
internal_value=-2.08517e-12 6.40415e-05 -1.0541e-05 0.00209043 7.90148e-05 -0.00057147 -0.00224568 -0.000200947 0.000253492 0.0001332 3.02637e-05 -0.000180395 -0.000612621 -0.0002986 -0.000884854 8.06934e-05 0.000886085 -0.000417882 -0.000887842 -0.00019569 0.000281789 0.000203647 -0.000329634 5.56008e-05 -0.00138198 0.000628646 0.000349348 0.000271815 0.000884012 -5.38056e-05
internal_weight=1513 1493 1440 53 1409 298 54 244 1111 933 221 197 155 129 94 170 65 105 81 70 778 713 153 112 41 74 560 522 178 45
internal_count=1513 1493 1440 53 1409 298 54 244 1111 933 221 197 155 129 94 170 65 105 81 70 778 713 153 112 41 74 560 522 178 45
is_linear=0
shrinkage=0.1


Tree=21
num_leaves=31
num_cat=0
split_feature=1 0 1 8 1 5 8 1 3 8 10 6 9 10 3 10 4 10 5 1 9 6 9 4 7 8 3 10 7 7
split_gain=0.0427433 0.0144451 0.0176539 0.0194629 0.0103357 0.0118272 0.00907177 0.0126932 0.0114661 0.00825272 0.0111398 0.00796157 0.00766805 0.00915564 0.0160418 0.0112353 0.0142599 0.00503143 0.00920336 0.00558667 0.00312465 0.00921645 0.0058405 0.00787057 0.00758417 0.00590165 0.00663045 0.00579325 0.00577258 0.00478104
threshold=453.50000000000006 21.500000000000004 361.50000000000006 34.539047541661638 217.50000000000003 43.013796020415633 31.428501885362476 308.50000000000006 56.881222997543603 47.463884191626626 44.020917285540634 25.108796213123679 31.202914875557493 20.228168574430935 23.161461727949206 23.730811327798289 21.056179011082378 16.351801432126756 14.500077150147606 385.50000000000006 28.961212222709253 26.132463723852371 23.180311639233796 17.414863822285735 12.549519879513861 23.363531813377673 30.604553509197622 19.172664816668455 7.839457984634989 5.718462925761302
decision_type=2 2 2 2 2 2 2 2 2 2 2 2 2 2 2 2 2 2 2 2 2 2 2 2 2 2 2 2 2 2
left_child=1 2 4 12 11 20 -7 9 -9 10 -8 -1 13 17 -15 -16 -17 18 -4 -20 21 22 23 24 -6 26 -24 -26 -23 -22
right_child=-2 -3 3 -5 5 6 7 8 -10 -11 -12 -13 -14 14 15 16 -18 -19 19 -21 29 28 25 -25 27 -27 -28 -29 -30 -31
leaf_value=0.0007098071639589274 -0.003267615877736647 0.0024226504100414996 0.0007852257778629279 -0.0033893505373271183 0.00034683082798388188 -0.0021903111735809945 -0.00023472291463154501 -0.00328123721040108 -1.4454618628535951e-05 -0.0010191827376659674 0.0026398272862514626 0.002816861008547924 0.0014685276898671875 -0.0038071028830017895 0.00094206464278174498 -0.0034779459992106162 -0.00026300711985174067 0.0010004504454425641 5.935379220837993e-05 -0.0020151244220067061 -0.00038353775441646575 -0.00010030608153267002 0.0024961777869611981 -0.0016440760901035821 -0.0021754293148184105 -0.00010420910929779299 0.00024856248914840675 -0.00010583330969032097 -0.0024182254537230448 0.0012305626335243384
leaf_weight=97 39 26 39 24 588 32 28 22 21 26 26 22 20 20 29 22 37 36 21 34 25 22 35 23 21 29 21 38 21 69
leaf_count=97 39 26 39 24 588 32 28 22 21 26 26 22 20 20 29 22 37 36 21 34 25 22 35 23 21 29 21 38 21 69
internal_value=4.66469e-13 8.64566e-05 4.45084e-05 -0.000665496 0.000216225 0.000115851 -0.000690427 -0.000300213 -0.00168583 0.000444556 0.00114932 0.00109935 -0.000412114 -0.000570151 -0.00125063 -0.000669616 -0.0014618 -4.82907e-06 -0.00038983 -0.00122305 0.000255955 0.000191719 0.000272823 0.000173757 0.000238378 0.00105369 0.00165332 -0.000842469 -0.00123231 0.000801281
internal_weight=1513 1474 1448 282 1166 1047 155 123 43 80 54 119 258 238 108 88 59 130 94 55 892 798 755 670 647 85 56 59 43 94
internal_count=1513 1474 1448 282 1166 1047 155 123 43 80 54 119 258 238 108 88 59 130 94 55 892 798 755 670 647 85 56 59 43 94
is_linear=0
shrinkage=0.1


Tree=22
num_leaves=31
num_cat=0
split_feature=3 0 1 3 7 1 1 4 10 1 1 10 9 8 6 7 4 9 9 7 3 3 4 3 4 7 4 1 10 6
split_gain=0.0393402 0.0181524 0.0389114 0.024364 0.00998403 0.0146527 0.00694862 0.00605748 0.0150488 0.0124521 0.0479098 0.0236976 0.0108154 0.00861459 0.0321872 0.00719225 0.00657062 0.00738751 0.0101219 0.00601092 0.00490108 0.00810892 0.00576215 0.00450758 0.00424254 0.00723404 0.00400399 0.0063019 0.00411702 0.00533533
threshold=87.904284469380158 21.500000000000004 434.50000000000006 38.176379409951103 41.380306424528619 311.50000000000006 280.50000000000006 18.76166177087303 24.321260119408329 368.50000000000006 355.50000000000006 35.140630781743383 45.062322937870341 19.017155555872325 19.43837879646901 11.556699904152692 13.858423713443221 21.518289064727472 22.160442861549772 13.156615822229739 33.752104266282579 29.509620966059391 26.789735185081177 57.786481761421548 14.434171744371499 2.4722833437693814 12.201845989689998 330.50000000000006 16.592520532799334 13.842359585314176
decision_type=2 2 2 2 2 2 2 2 2 2 2 2 2 2 2 2 2 2 2 2 2 2 2 2 2 2 2 2 2 2
left_child=1 2 4 -3 6 23 -1 13 -9 10 12 -11 19 14 15 24 -15 -18 -19 20 21 -10 -22 -6 26 -26 28 -28 29 -8
right_child=-2 3 -4 -5 5 -7 7 8 9 11 -12 -13 -14 16 -16 -17 17 18 -20 -21 22 -23 -24 -25 25 -27 27 -29 -30 -31
leaf_value=0.00043645243612886169 -0.0041978429569016129 -0.0002779037808068097 -0.003506322890978247 0.0042280145979020746 -0.0011572466364928656 -0.0033085461617225692 0.00035490563533544032 -0.0029450729743323543 0.0013299879440455697 -0.00046134536656049587 -0.0051197881322531478 0.0036432828246192499 -0.0020745864878831941 0.0024910726922652907 -0.003346187316180606 -0.0015374465297403126 0.0018713378549243013 -0.0016751853164654069 0.00083143213545257353 -0.00091855642541001251 0.0023591162067734535 -0.0014521566177295015 0.00036089517206193942 0.00086914923892396953 0.0022487305516663654 -0.00028096132213249807 0.00035745834192151536 -0.0016139291323094267 0.0011764952213111843 -0.00074626422106203712
leaf_weight=485 22 24 31 24 21 21 220 22 20 39 21 22 22 21 28 24 30 24 49 30 27 22 31 23 26 20 34 31 44 55
leaf_count=485 22 24 31 24 21 21 220 22 20 39 21 22 22 21 28 24 30 24 49 30 27 22 31 23 26 20 34 31 44 55
internal_value=-2.65936e-12 6.194e-05 -1.69793e-06 0.00197506 7.5245e-05 -0.00113525 0.000133658 -3.6708e-05 -0.000444566 -0.000209475 -0.000642641 0.00101901 -2.40881e-05 0.000135588 -5.56471e-05 0.000147294 0.000878939 0.000550251 7.33873e-06 0.000322919 0.000695362 -0.000127326 0.0012911 -9.79942e-05 0.000241326 0.00114886 0.00013261 -0.000582742 0.000278371 0.000134672
internal_weight=1513 1491 1443 48 1412 65 1347 862 256 234 173 61 152 606 482 454 124 103 73 130 100 42 58 44 430 46 384 65 319 275
internal_count=1513 1491 1443 48 1412 65 1347 862 256 234 173 61 152 606 482 454 124 103 73 130 100 42 58 44 430 46 384 65 319 275
is_linear=0
shrinkage=0.1


Tree=23
num_leaves=31
num_cat=0
split_feature=7 0 1 7 4 7 3 10 10 1 4 1 1 10 7 10 4 4 10 1 8 8 8 7 6 6 8 8 8 7
split_gain=0.0330406 0.018254 0.0315335 0.0225428 0.00890414 0.0108554 0.0129015 0.0070367 0.011456 0.0233391 0.019209 0.0107657 0.00942639 0.00478164 0.0169328 0.00428859 0.00782148 0.0145311 0.0162527 0.0105528 0.00621724 0.0142311 0.00590017 0.00528555 0.00564 0.00550233 0.00526517 0.00502535 0.00617591 0.00450866
threshold=93.786981373858666 21.500000000000004 434.50000000000006 5.9061872701647919 8.6103727871998448 41.380306424528619 57.786481761421548 56.645945090271731 38.559814030105009 324.50000000000006 29.024713666211831 409.50000000000006 284.50000000000006 10.813596797856782 2.9655321232908798 31.97637605040271 19.25209547350773 21.056179011082378 29.543301073431525 323.50000000000006 19.017155555872325 18.676507220030725 30.61997032170547 11.556699904152692 15.469658165949323 15.061171159447808 19.771225001576692 22.125317544206904 20.657693845770329 10.132320338486688
decision_type=2 2 2 2 2 2 2 2 2 2 2 2 2 2 2 2 2 2 2 2 2 2 2 2 2 2 2 2 2 2
left_child=1 2 4 -3 13 7 -7 8 10 12 11 15 -10 14 -1 16 20 19 -19 -18 21 23 -17 24 25 -6 -22 28 -28 -24
right_child=-2 3 -4 -5 5 6 -8 -9 9 -11 -12 -13 -14 -15 -16 22 17 18 -20 -21 26 -23 29 -25 -26 -27 27 -29 -30 -31
leaf_value=0.00057071101564238941 -0.0032855974898363151 0.00015145668970240701 -0.0031556905893188334 0.0043369817478709268 -1.9905765032384295e-05 -0.0034964725887402892 -5.7525250789088514e-05 -0.0018715327203972267 0.00096234966984364955 0.0034939108266761262 -0.0030048214936290278 -0.0017824608006225336 -0.0015901887020015198 0.0008303618667642442 -0.0019328035089667098 0.0017287434384758984 -0.0008089536983918931 0.0010798420588899818 -0.0020477302488870921 -0.0037744243146984706 0.0016481371360639924 -0.0026830467232502996 0.0011035871572814705 -0.0010882648225634586 0.00056822862347922804 -0.0017047272053208541 0.00074950809655824639 0.0010526371306850244 -0.00093836292311923739 -0.00086645935841191287
leaf_weight=149 30 31 31 22 163 20 24 20 39 28 22 33 23 194 33 35 28 54 24 21 39 20 21 37 178 22 41 59 46 26
leaf_count=149 30 31 31 22 163 20 24 20 39 28 22 33 23 194 33 35 28 54 24 21 39 20 21 37 178 22 41 59 46 26
internal_value=-1.35613e-12 6.64652e-05 -1.07751e-06 0.00188884 6.88246e-05 -8.41232e-05 -0.00162068 -1.50643e-05 2.36524e-05 0.00109763 -8.75767e-05 -1.18041e-05 1.54403e-05 0.000484956 0.000116777 5.99793e-05 -1.68446e-05 -0.000730297 0.000117512 -0.00207987 0.000132921 -7.98349e-05 0.000745773 5.03256e-05 0.00016638 -0.000220263 0.000615936 0.00034021 -0.000142929 1.37742e-05
internal_weight=1513 1483 1430 53 1399 1023 44 979 959 90 869 847 62 376 182 814 732 127 78 49 605 420 82 400 363 185 185 146 87 47
internal_count=1513 1483 1430 53 1399 1023 44 979 959 90 869 847 62 376 182 814 732 127 78 49 605 420 82 400 363 185 185 146 87 47
is_linear=0
shrinkage=0.1


Tree=24
num_leaves=31
num_cat=0
split_feature=1 1 7 7 10 3 1 1 1 7 7 4 4 10 6 5 3 7 10 4 1 5 4 6 7 3 8 6 5 6
split_gain=0.033152 0.00956805 0.012965 0.00697569 0.00628111 0.0106456 0.00612009 0.0161232 0.00569041 0.0116757 0.0251745 0.00592085 0.00496294 0.00531775 0.0176202 0.00754739 0.00766917 0.00480833 0.00920185 0.00889619 0.0186265 0.0100569 0.00785593 0.0056317 0.00869075 0.00547047 0.00512848 0.00784095 0.0093517 0.00761783
threshold=453.50000000000006 217.50000000000003 41.380306424528619 16.620206275197003 56.645945090271731 54.153743384239696 344.50000000000006 292.50000000000006 402.50000000000006 1.3915010209529244 2.5098304362201729 15.717962728829248 31.272573666813781 37.204837348439369 36.537666984213395 37.629236390328096 35.897449206777004 1.7569089328509049 10.458475891428352 17.414863822285735 323.50000000000006 29.352518882605782 14.189550083989051 27.437214772023143 4.5168740968390102 11.642514911405993 19.017155555872325 18.643721701096421 25.687659251733454 18.076813526278734
decision_type=2 2 2 2 2 2 2 2 2 2 2 2 2 2 2 2 2 2 2 2 2 2 2 2 2 2 2 2 2 2
left_child=1 3 4 -1 5 8 7 -4 12 -10 -11 -12 13 15 -15 16 17 22 -19 26 23 -22 25 24 -21 -3 27 28 29 -20
right_child=-2 2 6 -5 -6 -7 -8 -9 9 10 11 -13 -14 14 -16 -17 -18 18 19 20 21 -23 -24 -25 -26 -27 -28 -29 -30 -31
leaf_value=0.00059173913399754752 -0.0028777421929706368 0.0007582022163298834 -0.0022412558272480966 0.0026392886776011436 -0.0016843794396845626 0.0017729540863444062 -0.002791740749962628 0.0013228930278935216 -0.0026004989168238054 0.0026614598322497762 -0.00015260655809903431 -0.0024302800446748735 -0.0009954418569134598 0.0032490933271632954 -0.00066893400993042935 -0.0009044731798433308 0.0019065848898608237 -0.0015074451282424363 0.00030177175635745859 0.0013862784253433347 -0.0038552274683024733 -0.0010292169391451515 0.0015275557000600435 0.0015010189201415483 -0.0012407885343932055 -0.00038992023664941814 0.0008898441035683467 -0.00089626749547628269 -0.0016637288145316038 0.0022643193042659686
leaf_weight=99 39 83 30 20 20 37 20 22 24 23 21 25 39 22 24 69 25 38 340 20 20 34 59 27 34 83 107 65 23 21
leaf_count=99 39 83 30 20 20 37 20 22 24 23 21 25 39 22 24 69 25 38 340 20 20 34 59 27 34 83 107 65 23 21
internal_value=2.3059e-12 7.61411e-05 6.37639e-07 0.000935865 7.39149e-05 0.000101758 -0.00130512 -0.000733347 5.13223e-05 -0.000700647 -3.98284e-05 -0.00139047 0.000113046 0.000152563 0.00120491 0.000106372 0.000177616 0.000132308 7.58395e-06 9.08996e-05 -0.000637272 -0.00207589 0.000536414 0.000321806 -0.000267801 0.000184141 0.000267704 0.000119443 0.000291373 0.000415937
internal_weight=1513 1474 1355 119 1283 1263 72 52 1226 93 69 46 1133 1094 46 1048 979 954 729 691 135 54 225 81 54 166 556 449 384 361
internal_count=1513 1474 1355 119 1283 1263 72 52 1226 93 69 46 1133 1094 46 1048 979 954 729 691 135 54 225 81 54 166 556 449 384 361
is_linear=0
shrinkage=0.1


Tree=25
num_leaves=31
num_cat=0
split_feature=3 0 1 3 1 7 4 7 1 1 6 4 4 4 10 6 10 9 10 6 8 4 8 7 10 1 4 8 5 10
split_gain=0.0276959 0.0141479 0.0229499 0.0155947 0.00680903 0.0168934 0.010226 0.00519584 0.00422667 0.00594457 0.00824199 0.00407328 0.00712901 0.0123472 0.006053 0.00614656 0.00550572 0.00525545 0.0051206 0.026002 0.00895597 0.00713985 0.00388236 0.00363014 0.00812854 0.00291493 0.00242198 0.00347554 0.0104967 0.00362039
threshold=87.904284469380158 21.500000000000004 434.50000000000006 38.176379409951103 232.50000000000003 41.380306424528619 19.757016790559629 27.095553780041879 420.50000000000006 402.50000000000006 20.047549878772145 42.640501283790549 33.975786731991782 30.387728493488272 37.204837348439369 32.914274241352111 32.201390590596638 28.596001086394175 26.952363406560746 24.973007749479539 22.125317544206904 17.414863822285735 25.562755024896884 12.549519879513861 19.172664816668455 330.50000000000006 16.694810645615473 17.483325550493856 23.157155194830153 18.687751159619904
decision_type=2 2 2 2 2 2 2 2 2 2 2 2 2 2 2 2 2 2 2 2 2 2 2 2 2 2 2 2 2 2
left_child=1 2 4 -3 7 8 -7 -1 9 11 -11 12 13 14 15 16 17 18 19 20 21 23 -20 26 -25 -22 27 29 -29 -6
right_child=-2 3 -4 -5 5 6 -8 -9 -10 10 -12 -13 -14 -15 -16 -17 -18 -19 22 -21 25 -23 -24 24 -26 -27 -28 28 -30 -31
leaf_value=0.00043480388917429722 -0.0035222158375704153 -6.1534398628282358e-05 -0.0026957052714762192 0.0035434005714099237 0.0001710747215026918 -0.00045073696669062661 -0.0031819008075847075 0.0021090374505590825 0.0014571851452014277 0.00027683941728394966 -0.0023722421523416416 -0.0012162906738012681 0.001675729057751596 -0.0017610775841199536 0.0013968679193769478 -0.0016157872110073056 0.0013269459324268004 -0.0011012908678527016 0.0021512685203924778 -0.0032638421849064203 0.00076546508935280153 -0.0013343950635420958 0.00042997349549918188 -0.0022028780552015331 0.00024861532116406842 0.0023036512313410642 0.0012027312232100445 -0.0019478689863656959 0.00030281409219866482 0.0010335592094903674
leaf_weight=158 22 24 31 24 493 29 26 21 21 23 24 24 28 36 36 21 36 37 20 23 28 35 38 21 38 22 23 30 67 54
leaf_count=158 22 24 31 24 493 29 26 21 21 23 24 24 28 36 36 21 36 37 20 23 28 35 38 21 38 22 23 30 67 54
internal_value=1.90723e-12 5.1971e-05 -4.2107e-06 0.00174093 5.48802e-05 -2.87899e-05 -0.00174183 0.000631222 5.11908e-05 2.56715e-05 -0.00107588 7.23139e-05 0.000100791 5.91106e-05 0.000123227 7.67247e-05 0.000113557 6.65361e-05 0.000114977 5.17931e-05 0.000145825 6.06445e-05 0.00102352 0.000127898 -0.00062395 0.00144227 0.000194404 0.000158392 -0.000393273 0.000256219
internal_weight=1513 1491 1443 48 1412 1233 55 179 1178 1157 47 1110 1086 1058 1022 986 965 929 892 834 811 761 58 726 59 50 667 644 97 547
internal_count=1513 1491 1443 48 1412 1233 55 179 1178 1157 47 1110 1086 1058 1022 986 965 929 892 834 811 761 58 726 59 50 667 644 97 547
is_linear=0
shrinkage=0.1


Tree=26
num_leaves=31
num_cat=0
split_feature=1 3 8 9 7 4 4 4 3 1 7 9 6 6 1 5 1 3 3 9 4 7 5 8 3 3 10 5 5 7
split_gain=0.0259029 0.00746534 0.0133569 0.00821296 0.0191679 0.0118691 0.00484229 0.0129788 0.0152495 0.012157 0.00839716 0.00631657 0.00627706 0.0149406 0.00725262 0.00673871 0.00564109 0.00534165 0.00449561 0.00396461 0.00358542 0.00383432 0.0042816 0.00653784 0.00572893 0.00491755 0.0104327 0.0101048 0.00917451 0.00598944
threshold=453.50000000000006 80.888314674227757 47.463884191626626 43.419466179929181 64.958189711056747 34.549321051643638 18.694425594823084 21.056179011082378 28.782991460126741 358.50000000000006 3.6641896756250558 24.289657817855119 36.537666984213395 34.93991192597516 296.50000000000006 37.629236390328096 318.50000000000006 30.604553509197622 34.649250213760787 26.902149823305034 8.6103727871998448 21.111680556827007 16.679647302635583 12.695151865825652 17.94146151570191 19.276225414081555 16.005679006099239 19.866697580511616 20.273571603731781 2.2422981083615414
decision_type=2 2 2 2 2 2 2 2 2 2 2 2 2 2 2 2 2 2 2 2 2 2 2 2 2 2 2 2 2 2
left_child=1 2 3 4 6 -5 11 9 -9 17 -10 20 13 15 -14 18 19 -8 -12 -13 -1 22 23 -22 -24 26 -26 -27 -29 -30
right_child=-2 -3 -4 5 -6 -7 7 8 10 -11 12 16 14 -15 -16 -17 -18 -19 -20 -21 21 -23 24 -25 25 27 -28 28 29 -31
leaf_value=0.00037040334124306337 -0.0025437321713140523 0.0017467790368335464 -0.0019516475528662065 0.0031386407402654495 -0.0027593624409443392 -0.00026525363267865032 -0.0013358117906110628 0.00237752554282822 -0.0015145257830374396 -0.0030967143668721503 6.1685032934682179e-05 0.0012428616711986252 0.0003667615798555992 0.0029340830534194885 -0.0022313677899849912 -0.00068941625184379526 0.0025287606986239552 0.00053623946280115188 0.0019972323994373992 -0.00055192216066643604 4.576071948659691e-05 -0.0012377653447911143 0.0010879536040878871 -0.0017519531109428501 0.00068280560274918876 0.0021800732442542265 -0.0021144308648460234 -0.0020636371523141861 0.0014417517566471362 -2.6776419145532461e-06
leaf_weight=376 39 26 33 21 24 20 35 27 37 26 28 32 22 21 21 60 20 27 21 20 55 25 57 32 24 23 30 20 32 279
leaf_count=376 39 26 33 21 24 20 35 27 37 26 28 32 22 21 21 60 20 27 21 20 55 25 57 32 24 23 30 20 32 279
internal_value=-1.06422e-12 6.73036e-05 3.71473e-05 8.35291e-05 4.19121e-05 0.0014782 9.17126e-05 -0.000244627 0.000140446 -0.0012817 -0.000147179 0.000198357 0.000145259 0.000491691 -0.000902092 2.11384e-05 0.0011015 -0.000520564 0.000891205 0.00055256 0.000130123 -2.64542e-05 2.84059e-05 -0.000615467 0.000148872 1.76773e-05 -0.000871215 0.000153271 1.24358e-05 0.000145945
internal_weight=1513 1474 1448 1415 1374 41 1350 325 237 88 210 1025 173 130 43 109 72 62 49 52 953 577 552 87 465 408 54 354 331 311
internal_count=1513 1474 1448 1415 1374 41 1350 325 237 88 210 1025 173 130 43 109 72 62 49 52 953 577 552 87 465 408 54 354 331 311
is_linear=0
shrinkage=0.1


Tree=27
num_leaves=31
num_cat=0
split_feature=10 0 1 7 4 9 6 9 10 8 9 4 5 10 10 1 10 6 9 6 9 1 1 5 8 1 4 1 5 5
split_gain=0.0243352 0.0158842 0.017682 0.0127385 0.00790184 0.00887919 0.00533849 0.0195944 0.0138598 0.00867515 0.00790983 0.00768588 0.00573739 0.00516313 0.00762777 0.015074 0.00751777 0.0167152 0.00702721 0.00619237 0.00700565 0.00789711 0.00593335 0.00575235 0.00497288 0.0043483 0.004828 0.00675549 0.00612734 0.00296021
threshold=74.802383311366867 21.500000000000004 434.50000000000006 5.9061872701647919 42.640501283790549 49.642280478181114 36.537666984213395 38.814111680396813 37.204837348439369 41.755564732044185 34.424395228814241 31.272573666813781 41.817455924071012 32.201390590596638 29.543301073431525 306.50000000000006 26.952363406560746 24.973007749479539 24.01517933365065 22.921118202999697 22.612692177147373 406.50000000000006 335.50000000000006 36.546406213474178 25.562755024896884 390.50000000000006 17.414863822285735 369.50000000000006 20.504868315419888 45.950690418135927
decision_type=2 2 2 2 2 2 2 2 2 2 2 2 2 2 2 2 2 2 2 2 2 2 2 2 2 2 2 2 2 2
left_child=1 2 4 -3 5 6 8 -8 10 11 12 -9 13 14 16 -16 17 18 19 20 21 25 24 -15 -18 26 27 -1 -29 -14
right_child=-2 3 -4 -5 -6 -7 7 9 -10 -11 -12 -13 29 23 15 -17 22 -19 -20 -21 -22 -23 -24 -25 -26 -27 -28 28 -30 -31
leaf_value=0.00019967799218288088 -0.0034650791017338633 0.00044057790880962732 -0.0023785909076386525 0.0035869153131815519 -0.0019377162266755476 0.0020572405890561642 -0.0033057825999673117 -0.00053766811266541491 0.0023692402702111467 -0.0015379847093884434 -0.0018878607434176264 0.0020924071231856944 -0.0016283157490322303 0.002427549727726728 0.0006574539579651174 -0.0032250743330223489 0.0015650128590918725 -0.0024974009486613798 0.0013864984608430643 -0.0012216940677414337 0.001766329832840711 -0.0014033631044107356 0.0025041217360095205 0.00018998895495854042 -0.00061123979810093134 0.0011606626073047757 -0.0013484134628569061 -0.00011910237534560591 -0.0022916454712339192 -0.00012692319287452847
leaf_weight=748 20 31 31 22 20 22 22 20 26 21 21 25 29 20 20 20 21 25 42 36 25 35 22 27 21 39 23 34 21 24
leaf_count=748 20 31 31 22 20 22 22 20 26 21 21 25 29 20 20 20 21 25 42 36 25 35 22 27 21 39 23 34 21 24
internal_value=-2.43129e-12 4.64177e-05 -1.61587e-05 0.0017466 3.58182e-05 6.42348e-05 3.21601e-05 -0.000721228 8.39961e-05 0.00014029 3.65768e-05 0.000923485 6.93797e-05 0.000115134 7.24933e-05 -0.00128381 0.000122175 5.67071e-05 0.000120369 6.50333e-05 0.000115111 6.92441e-05 0.00117375 0.00114214 0.000476887 0.000128829 8.01109e-05 0.000121028 -0.000948619 -0.00094844
internal_weight=1513 1493 1440 53 1409 1389 1367 88 1279 66 1253 45 1232 1179 1132 40 1092 1028 1003 961 925 900 64 47 42 865 826 803 55 53
internal_count=1513 1493 1440 53 1409 1389 1367 88 1279 66 1253 45 1232 1179 1132 40 1092 1028 1003 961 925 900 64 47 42 865 826 803 55 53
is_linear=0
shrinkage=0.1


Tree=28
num_leaves=31
num_cat=0
split_feature=3 3 4 9 10 4 10 4 0 1 10 3 9 7 10 7 4 9 5 6 5 4 5 4 7 9 3 7 1 8
split_gain=0.0216546 0.0120924 0.0149077 0.0213755 0.0262038 0.0109232 0.00964013 0.0205535 0.00886149 0.00494013 0.00690183 0.00893539 0.0100559 0.00411993 0.00602836 0.00606671 0.00586812 0.0082858 0.0159567 0.00751095 0.00740182 0.00787737 0.00568831 0.00559017 0.00505988 0.00514952 0.00461664 0.00461554 0.00567146 0.00422398
threshold=87.904284469380158 75.234510908797475 34.549321051643638 41.632730820024939 40.587143638610428 41.540899795538628 38.162447861175288 29.024713666211831 21.500000000000004 402.50000000000006 24.01870152163437 23.030127176976006 13.96914317571394 1.7569089328509049 10.458475891428352 3.1659743191783694 14.641261726994509 17.370296727503575 22.508166467242241 16.038123108286864 24.424267967691616 15.814271838311479 25.687659251733454 14.189550083989051 3.550799262186183 20.717901107561584 11.642514911405993 11.329796349491261 324.50000000000006 24.450388937241421
decision_type=2 2 2 2 2 2 2 2 2 2 2 2 2 2 2 2 2 2 2 2 2 2 2 2 2 2 2 2 2 2
left_child=1 2 3 4 6 -4 7 8 9 13 11 12 -11 23 15 -15 17 18 -16 -20 21 -18 -22 26 -24 -26 -1 29 -29 -27
right_child=-2 -3 5 -5 -6 -7 -8 -9 -10 10 -12 -13 -14 14 16 -17 20 -19 19 -21 22 -23 24 -25 25 27 -28 28 -30 -31
leaf_value=0.00062768878456435906 -0.0031144657865462997 0.0024286404961631411 -0.0028433397521204769 0.0026298498545656913 -0.0033315844580774075 -1.6953058851261933e-06 0.0019084912417123895 -0.0027504602935200986 0.0017325918524875306 0.00067347332835197447 -0.0020063257603733626 0.0016468892362900079 -0.0024596553248730267 -3.7322334688285305e-05 0.00027316926149405517 -0.0021630347929894925 -0.002793947489805181 0.00087147783786171995 -0.00050228162702599854 -0.0030603339895606042 0.0014386440647523042 -5.1812109741149475e-05 -0.0015263701753261 0.0013405196603603795 -0.0016115868935594338 0.0009454106247741604 -0.00034785543708815516 -7.4345611938042577e-05 -0.00188731849193573 -0.00010926673541036553
leaf_weight=113 22 21 31 32 23 24 28 26 32 20 27 20 21 29 303 25 22 164 24 22 23 20 26 56 20 74 85 80 22 78
leaf_count=113 22 21 31 32 23 24 28 26 32 20 27 20 21 29 303 25 22 164 24 22 23 20 26 56 20 74 85 80 22 78
internal_value=-3.57979e-12 4.59546e-05 1.19162e-05 7.47004e-05 1.5579e-05 -0.00160335 7.21855e-05 3.35845e-05 8.90095e-05 4.77265e-05 -0.000675185 -8.5992e-05 -0.0009313 0.000101366 4.06611e-06 -0.00102145 6.71388e-05 0.000285206 9.70825e-06 -0.0017257 -0.00023935 -0.00148817 -7.69648e-05 0.000458387 -0.000193161 -6.66526e-05 0.000208895 5.49958e-05 -0.000465379 0.000404195
internal_weight=1513 1491 1470 1415 1383 55 1360 1332 1306 1274 88 61 41 1186 932 54 878 513 349 46 365 42 323 254 300 274 198 254 102 152
internal_count=1513 1491 1470 1415 1383 55 1360 1332 1306 1274 88 61 41 1186 932 54 878 513 349 46 365 42 323 254 300 274 198 254 102 152
is_linear=0
shrinkage=0.1


Tree=29
num_leaves=31
num_cat=0
split_feature=1 3 10 9 7 10 8 10 3 1 7 6 4 10 3 10 7 4 8 8 8 7 7 1 1 6 9 8 9 8
split_gain=0.0208588 0.00810148 0.0103448 0.0122211 0.0139684 0.00398406 0.0243185 0.0139149 0.0071376 0.0040345 0.0144405 0.00341538 0.00300007 0.00290676 0.00389711 0.00575607 0.00462711 0.00279115 0.00398717 0.00677022 0.006273 0.00507887 0.00449058 0.00588942 0.00331894 0.00318551 0.00347063 0.00482124 0.00802779 0.00447361
threshold=453.50000000000006 80.888314674227757 49.899808754057567 43.419466179929181 64.958189711056747 38.559814030105009 33.570459960068682 41.098278424133753 45.524767300036672 409.50000000000006 2.5098304362201729 51.370893068657601 3.3135640138418281 7.3294407391196055 11.642514911405993 10.696376794795865 3.2521162069832696 8.6103727871998448 13.116080538546212 12.695151865825652 12.137701294379809 0.8126632027560714 1.1365183039898843 398.50000000000006 289.50000000000006 14.803321803618546 15.388724024644189 14.690386602074929 16.507389935260026 16.075982660305716
decision_type=2 2 2 2 2 2 2 2 2 2 2 2 2 2 2 2 2 2 2 2 2 2 2 2 2 2 2 2 2 2
left_child=1 2 3 4 5 6 8 -7 9 12 -11 -4 -1 -14 -15 16 -16 -17 19 20 24 -20 -23 25 -19 -24 -27 -28 -29 -30
right_child=-2 -3 11 -5 -6 7 -8 -9 -10 10 -12 -13 13 14 15 17 -18 18 21 -21 -22 22 23 -25 -26 26 27 28 29 -31
leaf_value=0.0010032660903460864 -0.0022826636992156124 0.0018099654277858254 -0.0024029010829205318 0.0020729557757537503 -0.0023586360077994567 0.0024636688421846237 -0.0033351431245959942 -0.00074904201408991457 0.0017687817900441589 0.00080881820613285535 -0.0021725528242038279 -0.00063900917581201583 -0.00087898492422555728 0.00075772445526949711 -0.00017778743920778787 0.00046069155286702907 -0.0021846012677997351 0.00028572158240105795 0.0016826301277615132 -0.0017868393515762422 0.0012323144214371076 -0.0012495504450052977 0.0011647244691848754 0.0016878481301398057 -0.0012696491338668721 -0.0012502259159061528 0.0012929294002242387 -0.0017596793435513973 0.0010517800205148929 -1.2552604312077165e-05
leaf_weight=36 39 26 21 30 24 28 21 26 25 32 33 23 31 84 27 177 20 23 20 31 26 25 25 23 34 21 30 25 43 484
leaf_count=36 39 26 21 30 24 28 21 26 25 32 33 23 31 84 27 177 20 23 20 31 26 25 25 23 34 21 30 25 43 484
internal_value=6.75178e-13 6.03961e-05 2.89812e-05 7.62984e-05 3.27032e-05 7.52159e-05 4.01496e-05 0.000916808 9.57427e-05 6.22819e-05 -0.000704801 -0.00148087 0.000104358 7.61939e-05 0.000102679 4.94647e-05 -0.00103175 0.000100951 2.23412e-05 -0.000525862 -5.48952e-05 0.000112133 6.56688e-05 0.000116176 -0.000642043 5.86152e-05 1.27566e-05 5.83281e-05 -8.76975e-06 7.42905e-05
internal_weight=1513 1474 1448 1404 1374 1350 1296 54 1275 1250 65 44 1185 1149 1118 1034 47 987 810 114 83 696 676 651 57 628 603 582 552 527
internal_count=1513 1474 1448 1404 1374 1350 1296 54 1275 1250 65 44 1185 1149 1118 1034 47 987 810 114 83 696 676 651 57 628 603 582 552 527
is_linear=0
shrinkage=0.1


Tree=30
num_leaves=31
num_cat=0
split_feature=10 0 1 7 4 9 10 10 8 1 10 1 3 7 1 9 3 7 7 5 5 9 7 6 6 4 1 6 9 4
split_gain=0.0197798 0.0134142 0.011198 0.0102065 0.00605253 0.00790321 0.00458419 0.0037834 0.0203161 0.0100857 0.00568363 0.00550025 0.00931657 0.00357518 0.00378371 0.00298869 0.0035155 0.00490166 0.00735982 0.00574702 0.00685392 0.00434221 0.00759128 0.00554088 0.0105758 0.007823 0.00499494 0.00399344 0.00297305 0.00534286
threshold=74.802383311366867 21.500000000000004 434.50000000000006 5.9061872701647919 42.640501283790549 49.642280478181114 46.266262784564255 38.559814030105009 33.570459960068682 321.50000000000006 34.947657291180313 402.50000000000006 24.829766092915957 1.5118697670339951 387.50000000000006 7.5474012640000785 15.470757676358781 2.5307487504706652 2.3169653963506112 19.078716145192384 23.479946831039616 12.503018083459908 4.7755627223053114 26.132463723852371 27.437214772023143 19.63156511102957 337.50000000000006 31.0588935308425 23.180311639233796 17.030727348739827
decision_type=2 2 2 2 2 2 2 2 2 2 2 2 2 2 2 2 2 2 2 2 2 2 2 2 2 2 2 2 2 2
left_child=1 2 4 -3 5 6 7 8 10 -9 11 13 -13 14 -1 -15 -17 18 19 -18 -21 22 -19 25 -25 28 27 -26 29 -23
right_child=-2 3 -4 -5 -6 -7 -8 9 -10 -11 -12 12 -14 15 -16 16 17 21 -20 20 -22 23 -24 24 26 -27 -28 -29 -30 -31
leaf_value=0.0003114962431994316 -0.0031239662505686285 0.00043521396920926151 -0.0018956816514893887 0.00325155238176442 -0.001701519822818227 0.0019308599283580077 -0.0012235579217366619 -9.3427972606150442e-05 -0.0030738603412395434 0.002656900908332318 0.0013188292523097648 0.00010277816989305154 -0.00238285152905155 -0.0011327968110613849 0.0017575237789424138 0.00052860071843474361 -0.0013257729877107617 0.00076985517073245276 -0.0022842258159590017 0.0016268132526117069 -0.00087973030516877773 0.00016175403112461291 -0.0015780612395610663 -0.0022687910841061518 0.00081530396918034456 0.0021530752757652886 -0.0014134837403183892 -0.00057150826852937992 0.00077134410829573542 -0.0014747436557497298
leaf_weight=190 20 31 31 22 20 22 29 40 21 20 35 38 25 23 20 119 29 21 23 24 20 399 40 26 56 21 21 33 73 21
leaf_count=190 20 31 31 22 20 22 29 40 21 20 35 38 25 23 20 119 29 21 23 24 20 399 40 26 56 21 21 33 73 21
internal_value=3.85474e-12 4.18482e-05 -1.56573e-05 0.00160426 2.57059e-05 5.0576e-05 2.03154e-05 4.72753e-05 1.08399e-05 0.000823348 6.23743e-05 2.63875e-05 -0.000883583 7.58509e-05 0.000449213 -6.76877e-06 2.11995e-05 -5.36217e-05 -0.00072433 -0.000232856 0.000487475 3.69381e-05 -0.000769762 0.000112644 -0.000454959 0.000262827 -2.62355e-05 0.000301093 0.000182309 7.99291e-05
internal_weight=1513 1493 1440 53 1409 1389 1367 1338 1278 60 1257 1222 63 1159 210 949 926 807 96 73 44 711 61 650 136 514 110 89 493 420
internal_count=1513 1493 1440 53 1409 1389 1367 1338 1278 60 1257 1222 63 1159 210 949 926 807 96 73 44 711 61 650 136 514 110 89 493 420
is_linear=0
shrinkage=0.1


Tree=31
num_leaves=31
num_cat=0
split_feature=3 3 8 1 9 8 8 8 4 4 4 1 8 7 3 3 7 8 4 4 9 4 5 7 9 6 3 10 4 3
split_gain=0.0171756 0.0095966 0.0118437 0.0148373 0.0130829 0.0061258 0.0193329 0.020418 0.0141016 0.0033525 0.0145936 0.017106 0.0121325 0.00940694 0.00638185 0.00528363 0.00708654 0.00442508 0.00389681 0.0038404 0.00646811 0.00428225 0.00512175 0.0121164 0.0124342 0.0114012 0.00894965 0.00695995 0.00663718 0.00458336
threshold=87.904284469380158 75.234510908797475 42.668322125308705 475.00000000000006 49.642280478181114 38.020241719912377 34.539047541661638 33.153716453459715 26.536702856180643 21.465237154469609 18.694425594823084 381.50000000000006 24.181411783875678 2.3169653963506112 28.42925123340305 32.892319251107061 9.6081525138279371 29.283601008742391 18.14902794862525 17.141307518696507 24.289657817855119 16.16735148551432 19.866697580511616 2.6346827036763432 17.217301485912667 16.038123108286864 19.276225414081555 16.592520532799334 14.641261726994509 24.239277575860815
decision_type=2 2 2 2 2 2 2 2 2 2 2 2 2 2 2 2 2 2 2 2 2 2 2 2 2 2 2 2 2 2
left_child=1 2 3 5 -4 6 7 8 9 10 18 12 14 -11 -12 -15 -17 -18 19 20 21 22 26 -24 25 27 -1 -25 -26 -30
right_child=-2 -3 4 -5 -6 -7 -8 -9 -10 13 11 -13 -14 15 -16 16 17 -19 -20 -21 -22 -23 23 24 28 -27 -28 -29 29 -31
leaf_value=0.0001228003484199482 -0.0027737318723335524 0.002163530622298519 -0.0032499741337707506 0.002642745280172676 -0.0001021906677182884 0.0012948874836454067 -0.0022034825967215837 0.0030766062967648561 -0.0019755533204546998 0.0022432708190395856 -0.0005113271084458878 -0.0035999938030727209 -0.0018346544322816447 -0.0012218395551747603 0.0018466263300731291 0.0018109111335232028 -0.0013050650978194817 0.0006009963212599014 0.0012824972808760191 -0.00082709174550307752 0.0014068962278543041 0.0010499536821234237 -0.0025450424153611742 -0.00081115829580951304 0.00074346747329766803 -0.002447209161307131 0.0019289736539639278 0.0013300395366968587 -0.0017466871574288235 9.259445373789364e-05
leaf_weight=508 22 21 23 22 31 37 39 22 35 26 24 22 36 23 22 27 21 29 28 44 38 43 22 63 139 35 29 20 20 42
leaf_count=508 22 21 23 22 31 37 39 22 35 26 24 22 36 23 22 27 21 29 28 44 38 43 22 63 139 35 29 20 20 42
internal_value=3.99769e-12 4.0927e-05 1.06041e-05 6.60348e-05 -0.00144291 2.53694e-05 -9.24536e-06 5.56828e-05 4.40164e-06 5.93568e-05 5.02999e-06 -0.00112398 -0.000459678 0.000548729 0.00061639 0.000108148 0.000505417 -0.000199549 0.000118916 8.64333e-05 0.000128347 7.55946e-05 2.78754e-05 -0.000275215 -0.000118675 -0.000933513 0.00022034 -0.000295207 0.000359688 -0.000500722
internal_weight=1513 1491 1470 1416 54 1394 1357 1318 1296 1261 1135 104 82 126 46 100 77 50 1031 1003 959 921 878 341 319 118 537 83 201 62
internal_count=1513 1491 1470 1416 54 1394 1357 1318 1296 1261 1135 104 82 126 46 100 77 50 1031 1003 959 921 878 341 319 118 537 83 201 62
is_linear=0
shrinkage=0.1


Tree=32
num_leaves=31
num_cat=0
split_feature=1 3 10 4 4 7 3 9 7 7 7 9 8 7 9 3 9 7 6 3 7 3 6 7 4 9 9 5 1 1
split_gain=0.0185767 0.00840194 0.00835045 0.0039826 0.00444834 0.013666 0.00757491 0.00650899 0.00321134 0.00328203 0.00282787 0.0100701 0.00762139 0.00615294 0.00316575 0.00351583 0.0035332 0.0145037 0.00694437 0.00413122 0.00414538 0.0135762 0.00749424 0.00725644 0.00461981 0.00632336 0.00647148 0.00578787 0.00416414 0.00414564
threshold=453.50000000000006 80.888314674227757 54.505254860403234 35.787658454559718 26.536702856180643 3.7115111817278916 51.03658790844927 36.022427190546317 8.0371377016308418 11.965651049100808 1.0681237952453813 15.795486747300618 11.662564383492219 1.1896945359954343 6.9909803831318147 15.117108805303381 15.388724024644189 9.0505323956663251 15.401103190841992 19.226967427115948 2.3169653963506112 21.909074127173515 23.110844344033186 2.653941100890135 17.141307518696507 17.217301485912667 16.285617491097021 28.150397544980738 364.50000000000006 327.50000000000006
decision_type=2 2 2 2 2 2 2 2 2 2 2 2 2 2 2 2 2 2 2 2 2 2 2 2 2 2 2 2 2 2
left_child=1 2 3 4 7 -6 8 10 -7 -10 11 12 -1 -12 -15 -16 17 -17 -18 -20 21 -21 -23 -22 25 26 -25 -26 29 -29
right_child=-2 -3 -4 -5 5 6 -8 -9 9 -11 13 -13 -14 14 15 16 18 -19 19 20 23 22 -24 24 27 -27 -28 28 -30 -31
leaf_value=0.00048977494413728821 -0.0021541788581928884 0.0018387131464595978 -0.0018652232497950773 0.0012818166242840772 -0.0029369982471689586 -0.00040250375685799459 -0.0015316724396633129 0.0016529354257867315 0.0019318117387592795 0.00021314223785884681 -0.0016184225005259657 0.0019754758611431017 -0.0014181467704474926 -0.0012121038790792228 0.00050142499408228143 -4.4470576069536894e-05 0.0018892862978169605 -0.002366013248120585 -0.0011044007997649411 -0.0010360168370728692 -0.0018143955618143083 0.0032780482086569203 0.00057327376940520482 0.00065625186266732359 -0.001487223476623044 0.00052655040419385187 -0.0016325940509947638 -1.8210653032118859e-05 0.0010076930751130287 -0.0013186936848796904
leaf_weight=83 39 26 23 26 20 27 26 26 20 25 23 34 28 20 153 204 21 31 30 24 21 21 20 21 33 263 30 134 31 30
leaf_count=83 39 26 23 26 20 27 26 26 20 25 23 34 28 20 153 204 21 31 30 24 21 21 20 21 33 263 30 134 31 30
internal_value=-1.15848e-12 5.69966e-05 2.50044e-05 5.55134e-05 3.27229e-05 -0.000554799 -6.86357e-05 8.68428e-05 0.000459683 0.000976995 5.43978e-05 0.00046972 8.49739e-06 1.44038e-07 3.43915e-05 5.7756e-05 -1.65124e-05 -0.000350717 9.91547e-05 4.20229e-05 9.67883e-05 0.000852924 0.00195865 9.49021e-06 8.01574e-05 0.000328937 -0.000690128 -0.00026246 -5.51926e-05 -0.000256104
internal_weight=1513 1474 1448 1425 1399 118 98 1281 72 45 1255 145 111 1110 1087 1067 914 235 679 658 628 65 41 563 542 314 51 228 195 164
internal_count=1513 1474 1448 1425 1399 118 98 1281 72 45 1255 145 111 1110 1087 1067 914 235 679 658 628 65 41 563 542 314 51 228 195 164
is_linear=0
shrinkage=0.1


Tree=33
num_leaves=31
num_cat=0
split_feature=7 0 7 8 1 4 4 1 7 4 9 6 7 5 4 9 3 10 4 8 8 4 10 10 8 8 9 10 1 1
split_gain=0.0163135 0.0134948 0.0113294 0.00938944 0.0333012 0.0106989 0.0111879 0.00693962 0.00986824 0.0027477 0.002607 0.00260176 0.0023849 0.00570854 0.00521231 0.00564491 0.00430704 0.00678049 0.00803341 0.00292404 0.0119795 0.00525534 0.00609157 0.0025426 0.0025022 0.00587535 0.00648073 0.0137902 0.00432851 0.00353684
threshold=93.786981373858666 21.500000000000004 5.9061872701647919 34.539047541661638 365.50000000000006 28.169896156424127 26.536702856180643 264.50000000000006 14.803351141079835 3.3135640138418281 33.385702234526185 49.773498147639053 11.435434063303722 27.423860564990846 19.314532685228112 31.547202001408667 34.649250213760787 29.543301073431525 22.99178813697198 24.450388937241421 23.488801157006257 18.76166177087303 24.321260119408329 7.3294407391196055 20.657693845770329 19.560734743994537 19.643207005226511 21.395692005902131 330.50000000000006 306.50000000000006
decision_type=2 2 2 2 2 2 2 2 2 2 2 2 2 2 2 2 2 2 2 2 2 2 2 2 2 2 2 2 2 2
left_child=1 3 -3 5 7 6 9 -5 -9 -1 12 -10 16 -14 -15 -16 17 18 19 20 21 23 -23 -11 25 26 -25 -28 -27 -26
right_child=-2 2 -4 4 -6 -7 -8 8 11 10 -12 -13 13 14 15 -17 -18 -19 -20 -21 -22 22 -24 24 29 28 27 -29 -30 -31
leaf_value=0.00093007641941464196 -0.0023086831392720342 0.00038193241437716835 0.003349150624126196 0.0013291447980528963 -0.0039439782569253888 0.0020067735906715307 -0.0022584042700362346 0.00066532124765217304 -0.00082270838171238079 -0.00080481939198028668 0.0010752634077410524 -0.0023397978581488131 -0.0017459614902615311 0.0002344001717078341 -0.0022703076138714095 0.00010559426969848573 0.0014363166129560737 -0.0017255890343221836 0.0020251859690082106 -0.00087710857024472777 0.0025013203255366536 -0.0020689656382892282 0.00024131014887686996 0.0001850132822495474 0.00027658975256296495 0.00034419226364909924 -0.0021680338650808804 0.00098408126758168569 0.0023768643906805667 -0.0014402000064971314
leaf_weight=36 30 31 22 28 27 28 21 40 26 31 24 20 24 121 20 20 23 21 21 33 20 25 21 652 24 22 35 23 20 24
leaf_count=36 30 31 22 28 27 28 21 40 26 31 24 20 24 121 20 20 23 21 21 33 20 25 21 652 24 22 35 23 20 24
internal_value=-6.36839e-12 4.6703e-05 0.00161361 -1.13711e-05 -0.000786134 7.33779e-05 3.04477e-05 -3.82234e-05 -0.000483413 6.92105e-05 4.34703e-05 -0.00148231 2.24847e-05 -0.000307216 -9.27444e-05 -0.00108236 8.37858e-05 5.17814e-05 9.10294e-05 4.73548e-05 8.13652e-05 2.61781e-05 -0.00101427 8.37723e-05 0.000118205 0.000162887 9.49033e-05 -0.000918057 0.00131213 -0.000581805
internal_weight=1513 1483 53 1430 141 1289 1261 114 86 1240 1204 46 1180 185 161 40 995 972 951 930 897 877 46 831 800 752 710 58 42 48
internal_count=1513 1483 53 1430 141 1289 1261 114 86 1240 1204 46 1180 185 161 40 995 972 951 930 897 877 46 831 800 752 710 58 42 48
is_linear=0
shrinkage=0.1


Tree=34
num_leaves=31
num_cat=0
split_feature=1 8 8 6 4 1 9 9 7 3 1 1 6 3 10 9 10 6 1 4 8 7 7 9 7 8 9 6 7 9
split_gain=0.0155099 0.00789673 0.0138661 0.00772565 0.0041539 0.0109476 0.00799567 0.00727721 0.00493308 0.0069322 0.0033724 0.00276293 0.00687155 0.00914351 0.00811944 0.00958901 0.0078278 0.00524324 0.00288919 0.00254808 0.00269236 0.0143371 0.00538194 0.00504853 0.00659417 0.00585517 0.00451296 0.00531402 0.00270419 0.0048171
threshold=453.50000000000006 51.876717720245161 47.463884191626626 46.10414212369357 27.742168890045068 368.50000000000006 36.468754701191045 36.814814840480004 64.958189711056747 46.009898300268112 308.50000000000006 374.50000000000006 19.43837879646901 23.613902365818486 24.01870152163437 25.302107726504541 16.209785377423071 13.621048785821309 390.50000000000006 24.955794992997138 24.181411783875678 6.1909785361579379 9.9562660604059037 23.180311639233796 5.6804596288196043 20.657693845770329 29.786694288577632 31.825327313012277 7.320530032379974 12.868765767382493
decision_type=2 2 2 2 2 2 2 2 2 2 2 2 2 2 2 2 2 2 2 2 2 2 2 2 2 2 2 2 2 2
left_child=1 2 3 4 6 7 8 -6 9 11 -9 19 16 -14 -15 -16 17 18 -13 20 23 -22 -23 25 -25 28 -24 -28 -1 -30
right_child=-2 -3 -4 -5 5 -7 -8 10 -10 -11 -12 12 13 14 15 -17 -18 -19 -20 -21 21 22 26 24 -26 -27 27 -29 29 -31
leaf_value=0.00019764591419621646 -0.0019683441985995534 0.0015583980996298659 -0.0025982067943550648 0.001871189464936438 -0.0026491591580755387 0.0013197915014726196 0.0017721612713541145 0.0002498680857780318 -0.0014868095899665994 0.001860251064811434 -0.0014773495940607973 -0.00069081633728707123 -0.0028342661168426278 0.0011340628003539599 -0.0028322813996783224 -5.4742248418430492e-06 0.001605705359664474 -0.0016465059681130306 0.00081871213624253871 0.0010013092932058497 -0.0024080978137337502 0.0014971154741942883 -0.0012244941907868321 0.0021239339877086295 0.00020719293447473319 -0.0013679988284171227 0.0016033871192485097 -0.00060368871733468656 -0.0016384803039148788 -4.3554284724557553e-05
leaf_weight=622 39 34 20 23 24 22 27 26 21 21 20 21 20 23 20 30 30 21 32 30 27 24 28 28 50 28 20 24 22 136
leaf_count=622 39 34 20 23 24 22 27 26 21 21 20 21 20 23 20 30 30 21 32 30 27 24 28 28 50 28 20 24 22 136
internal_value=2.53889e-12 5.20797e-05 1.65138e-05 5.33409e-05 2.34121e-05 -0.000626031 6.91966e-05 -0.00123757 3.32184e-05 5.86127e-05 -0.000501096 2.80023e-05 -0.000315358 -0.000939911 -0.00042091 -0.0011362 0.000243136 -0.000309256 0.000220597 9.31053e-05 6.61022e-05 -0.000372313 0.000200252 0.000126966 0.000895254 5.27993e-05 -0.000232036 0.000399528 0.000103802 -0.000265633
internal_weight=1513 1474 1440 1420 1397 92 1305 70 1278 1257 46 1236 197 93 73 50 104 74 53 1039 1009 123 96 886 78 808 72 44 780 158
internal_count=1513 1474 1440 1420 1397 92 1305 70 1278 1257 46 1236 197 93 73 50 104 74 53 1039 1009 123 96 886 78 808 72 44 780 158
is_linear=0
shrinkage=0.1


Tree=35
num_leaves=31
num_cat=0
split_feature=10 0 1 1 1 1 4 5 1 10 1 1 3 3 1 10 10 1 1 6 4 7 7 4 8 6 4 1 4 10
split_gain=0.0158142 0.0103785 0.00888651 0.00694748 0.00386468 0.00531427 0.0104435 0.00694247 0.0139619 0.0127543 0.0110351 0.00436609 0.00871608 0.00653789 0.00574849 0.00630796 0.00375702 0.00309911 0.00518409 0.00226173 0.00459416 0.00217859 0.00339229 0.00432444 0.00194565 0.00465449 0.00351534 0.00268779 0.00229198 0.00299087
threshold=74.802383311366867 21.500000000000004 475.00000000000006 434.50000000000006 420.50000000000006 361.50000000000006 30.387728493488272 59.599440405445399 289.50000000000006 40.587143638610428 300.50000000000006 401.50000000000006 31.414803370718161 24.829766092915957 390.50000000000006 23.116642252524436 36.792314908465663 369.50000000000006 377.50000000000006 32.914274241352111 24.759193980359615 41.380306424528619 21.111680556827007 13.858423713443221 27.906805057233182 26.132463723852371 19.63156511102957 299.50000000000006 18.694425594823084 21.395692005902131
decision_type=2 2 2 2 2 2 2 2 2 2 2 2 2 2 2 2 2 2 2 2 2 2 2 2 2 2 2 2 2 2
left_child=1 3 -3 4 5 7 11 9 -9 16 -11 12 14 -13 15 17 19 -7 -19 20 21 22 24 -24 25 26 28 -27 29 -1
right_child=-2 2 -4 -5 -6 6 -8 8 -10 10 -12 13 -14 -15 -16 -17 -18 18 -20 -21 -22 -23 23 -25 -26 27 -28 -29 -30 -31
leaf_value=3.1913908477728671e-05 -0.0027933082450181247 0.00027793299717207754 0.0028905695051197776 -0.0014939990887914093 0.0013344241020439025 0.0007185743636606883 -0.0026198655716143551 -0.00027071720245294277 0.0032740948168884644 -0.00033131460524880543 -0.0030930803501573595 -3.6898479759526836e-05 0.0018222490497662323 -0.0023405325757762927 0.00077877126658629442 -0.0020805044788479183 0.0011100682002064344 -0.0019331801262160297 6.5106475518110236e-05 -0.00094286822935655016 0.0014175553067336576 0.0011031596409156919 0.00016055290841243485 -0.0018456662927443784 0.00088175814346565554 -0.00017974089693140101 0.0013674596917222848 -0.0016341793098642182 -0.00083740416717214086 0.00057358327052317375
leaf_weight=647 20 30 23 31 22 24 20 25 20 39 23 28 23 22 38 24 37 20 37 21 26 20 22 21 30 27 22 24 26 121
leaf_count=647 20 30 23 31 22 24 20 25 20 39 23 28 23 22 38 24 37 20 37 21 26 20 22 21 30 27 22 24 26 121
internal_value=3.33946e-12 3.74187e-05 0.00141172 -1.31631e-05 1.94174e-05 -1.44072e-06 -0.000433721 8.71936e-05 0.00130475 3.76545e-05 -0.00135584 -0.0002313 1.54461e-05 -0.0010505 -0.000275159 -0.000656581 0.00012041 -0.000234678 -0.000636047 8.40472e-05 0.000105919 7.03951e-05 4.84214e-05 -0.000819229 9.00144e-05 6.26184e-05 0.000120543 -0.000864183 8.59942e-05 0.000117255
internal_weight=1513 1493 53 1440 1409 1387 236 1151 45 1106 62 216 166 50 143 105 1044 81 57 1007 986 960 940 43 897 867 816 51 794 768
internal_count=1513 1493 53 1440 1409 1387 236 1151 45 1106 62 216 166 50 143 105 1044 81 57 1007 986 960 940 43 897 867 816 51 794 768
is_linear=0
shrinkage=0.1


Tree=36
num_leaves=31
num_cat=0
split_feature=1 3 10 8 1 6 6 9 8 1 1 4 10 8 5 1 3 1 7 1 8 1 7 7 5 1 7 8 6 3
split_gain=0.0142826 0.00806629 0.00667845 0.00531236 0.0137628 0.0125863 0.0118012 0.00754517 0.00545204 0.00459328 0.00502422 0.00224686 0.00214273 0.0121038 0.00768293 0.00319669 0.00270051 0.00255956 0.00615609 0.00376208 0.0127755 0.00528662 0.004763 0.0128873 0.00546475 0.00371765 0.00350799 0.00321156 0.0031436 0.00306044
threshold=453.50000000000006 80.888314674227757 54.505254860403234 38.020241719912377 332.50000000000006 36.537666984213395 35.194962526312985 34.424395228814241 44.438405168999246 429.50000000000006 408.50000000000006 3.3135640138418281 26.952363406560746 24.026740514613937 30.40629800824242 340.50000000000006 41.903446157045799 386.50000000000006 1.9165427169060367 343.50000000000006 20.797612506525475 331.50000000000006 1.7842645742017083 2.3914305581072921 15.652272387405613 368.50000000000006 11.556699904152692 15.227307161453641 15.663692855556203 22.095994133832384
decision_type=2 2 2 2 2 2 2 2 2 2 2 2 2 2 2 2 2 2 2 2 2 2 2 2 2 2 2 2 2 2
left_child=1 2 3 5 8 6 7 9 -5 10 11 -1 13 17 -14 16 -16 19 -19 21 22 26 24 -24 -21 29 -13 -28 -23 -25
right_child=-2 -3 -4 4 -6 -7 -8 -9 -10 -11 -12 12 14 -15 15 -17 -18 18 -20 20 -22 28 23 25 -26 -27 27 -29 -30 -31
leaf_value=0.00083055427255910935 -0.001888866044763022 0.0017957420177901022 -0.0016717987980329149 0.00080205194006504666 0.0030374356819915455 -0.0018989264821250213 0.0024013621344541511 -0.0015831923128330505 -0.0012903508706949651 0.0012124920623715629 -0.0011306545086758764 0.00014893212110427749 0.0019358425086885784 -0.0022966163065891877 0.00055265351531943454 -0.00081232916854787627 -0.00061418302380479876 -0.0016982619335716926 0.00027876316129954329 -6.3482439145445824e-05 0.0026866013251255149 -0.0002004413385721444 -0.0025150765723083168 0.00015010315310691707 0.0021184782539917664 -0.00068447871465953844 -0.0016373995365574956 -0.00020497806124492653 -0.0015705495529497666 0.0017142114843326538
leaf_weight=36 39 26 23 33 21 34 21 29 20 33 37 572 26 23 96 32 25 28 36 24 23 34 20 29 22 24 20 72 33 22
leaf_count=36 39 26 23 33 21 34 21 29 20 33 37 572 26 23 96 32 25 28 36 24 23 34 20 29 22 24 20 72 33 22
internal_value=6.22568e-12 4.99768e-05 1.86302e-05 4.59143e-05 0.000870903 7.26143e-07 4.9768e-05 1.16635e-05 1.2466e-05 4.81677e-05 1.7031e-05 5.25067e-05 2.83812e-05 -2.96202e-05 0.000346578 7.65074e-05 0.000311572 2.47499e-05 -0.000586185 6.84369e-05 0.000501289 -2.86736e-05 0.00014482 -0.000259614 0.000980064 0.000341842 5.67511e-05 -0.000516374 -0.000875271 0.000824817
internal_weight=1513 1474 1448 1425 74 1351 1317 1296 53 1267 1234 1197 1161 982 179 153 121 959 64 895 164 731 141 95 46 75 664 92 67 51
internal_count=1513 1474 1448 1425 74 1351 1317 1296 53 1267 1234 1197 1161 982 179 153 121 959 64 895 164 731 141 95 46 75 664 92 67 51
is_linear=0
shrinkage=0.1


Tree=37
num_leaves=31
num_cat=0
split_feature=10 0 1 1 1 1 10 10 10 10 5 1 10 10 8 10 5 1 8 6 7 1 7 1 3 1 9 6 10 3
split_gain=0.0137392 0.00935959 0.0085482 0.00585578 0.0032653 0.00375851 0.00949075 0.020317 0.0075616 0.0116811 0.00608684 0.0113644 0.010479 0.00462361 0.00740416 0.00413056 0.00473206 0.00392793 0.00369283 0.00571161 0.00180361 0.00169168 0.0034116 0.00583369 0.00517447 0.00278137 0.00482969 0.0122621 0.0020446 0.00219825
threshold=74.802383311366867 21.500000000000004 475.00000000000006 434.50000000000006 420.50000000000006 361.50000000000006 29.543301073431525 37.412356317563322 26.045796414032385 23.116642252524436 59.599440405445399 289.50000000000006 46.266262784564255 20.902601584850341 17.602628207988761 16.351801432126756 14.500077150147606 385.50000000000006 36.476081130678743 35.700285177061865 0.56294755971053689 343.50000000000006 3.2521162069832696 355.50000000000006 19.276225414081555 324.50000000000006 24.289657817855119 17.512286411976458 7.3294407391196055 11.437816625717906
decision_type=2 2 2 2 2 2 2 2 2 2 2 2 2 2 2 2 2 2 2 2 2 2 2 2 2 2 2 2 2 2
left_child=1 3 -3 4 5 10 8 -8 9 13 12 -12 18 14 15 16 -7 -18 19 20 -1 25 24 -24 -23 28 27 -27 -22 -30
right_child=-2 2 -4 -5 -6 6 7 -9 -10 -11 11 -13 -14 -15 -16 -17 17 -19 -20 -21 21 22 23 -25 -26 26 -28 -29 29 -31
leaf_value=0.00083870740335745112 -0.0026036071253474802 0.00022797693187991778 0.0027903992237280247 -0.0013726775572004339 0.0012254948188042776 0.00070723778652873916 -0.0039213651170333227 0.00053208741359412671 0.0015870207498664968 -0.0022602932841087188 -0.00020919777685776353 0.0029889155703131109 -0.0019201207716293908 0.0014136872753234848 -0.0019529589737066998 0.0012682896670885386 0.00014618819418718063 -0.0017089703078381716 -0.00093595417384806628 0.0017408154799514229 -0.00066510252754337031 7.2643373161554339e-05 0.00083321535001652173 -0.0014384729554876687 0.0021754567384381185 1.7422828957653392e-05 0.00064528651782893578 -0.0023738923766359224 0.00073134980802596727 6.8541135207259661e-05
leaf_weight=30 20 30 23 31 22 33 21 20 24 26 25 20 27 21 20 25 21 25 35 21 35 25 26 20 22 65 32 32 54 682
leaf_count=30 20 30 23 31 22 33 21 20 24 26 25 20 27 21 20 25 21 25 35 21 35 25 26 20 22 65 32 32 54 682
internal_value=4.45791e-13 3.48775e-05 0.00133997 -1.31572e-05 1.67542e-05 -2.41833e-06 -0.000365958 -0.00174895 -7.51748e-05 -0.000308465 7.21214e-05 0.00121219 2.57355e-05 4.15175e-05 -0.000190866 0.000147998 -0.000206525 -0.00086205 7.44269e-05 0.0001083 7.47878e-05 5.17087e-05 0.000457745 -0.000154475 0.00105694 9.75161e-06 -0.000420023 -0.000771465 8.16593e-05 0.000117171
internal_weight=1513 1493 53 1440 1409 1387 236 41 195 171 1151 45 1106 145 124 104 79 46 1079 1044 1023 993 93 46 47 900 129 97 771 736
internal_count=1513 1493 53 1440 1409 1387 236 41 195 171 1151 45 1106 145 124 104 79 46 1079 1044 1023 993 93 46 47 900 129 97 771 736
is_linear=0
shrinkage=0.1


Tree=38
num_leaves=31
num_cat=0
split_feature=1 3 10 8 1 6 6 9 5 1 1 4 10 3 10 7 8 5 10 8 9 7 5 10 8 6 7 9 4 8
split_gain=0.0131899 0.00738224 0.0059579 0.00519074 0.0104896 0.0104394 0.00909313 0.00565717 0.00513106 0.00411716 0.00403043 0.0018482 0.00184477 0.00196095 0.0041075 0.00236638 0.00215935 0.00185474 0.00760637 0.00493467 0.00415701 0.00356088 0.00308219 0.00198282 0.00993963 0.00583399 0.00244375 0.00303718 0.00206945 0.00364464
threshold=453.50000000000006 80.888314674227757 54.505254860403234 38.020241719912377 332.50000000000006 36.537666984213395 35.194962526312985 34.424395228814241 56.290397941687303 429.50000000000006 408.50000000000006 3.3135640138418281 7.3294407391196055 11.642514911405993 10.696376794795865 3.2521162069832696 8.7917841347412562 17.909842589036959 15.806418647135027 12.762485722511729 12.503018083459908 1.3416884310052246 13.736470623474373 26.952363406560746 24.026740514613937 26.291058122179152 14.803351141079835 30.857562840273761 19.93135754630687 22.125317544206904
decision_type=2 2 2 2 2 2 2 2 2 2 2 2 2 2 2 2 2 2 2 2 2 2 2 2 2 2 2 2 2 2
left_child=1 2 3 5 8 6 7 9 -5 10 11 -1 -13 16 15 -15 -14 18 19 22 -19 -21 -16 24 28 -25 -27 -28 29 -22
right_child=-2 -3 -4 4 -6 -7 -8 -9 -10 -11 -12 12 13 14 17 -17 -18 20 -20 21 23 -23 -24 25 -26 26 27 -29 -30 -31
leaf_value=0.00074991542092498603 -0.0018151747438167104 0.0017181293134434291 -0.0015785972658625765 -0.00071902563682787373 0.0027507357399112415 -0.0017309266936910506 0.0021080281140582104 -0.0013706198345532577 0.0012778414910743861 0.0011442950849110882 -0.0010154444145391117 -0.00073867079110876213 0.00018745146924629809 -0.00029697506861002358 -0.00046169068923013082 -0.0017321158025879414 0.0013097800974113246 -0.0013493768121723248 0.0020238596991554877 1.7389054383701561e-05 -2.7561267234726118e-05 -0.0018262543296441438 0.00058657299767534332 0.0017926195046722726 -0.0021121802613260627 0.00032292837742716076 -0.0014161979940365114 0.0003056795196607709 -0.00098841671948321171 0.00096549028006847953
leaf_weight=36 39 26 23 31 21 34 21 29 22 33 37 31 60 27 36 20 24 23 23 22 486 20 127 23 23 115 21 20 20 40
leaf_count=36 39 26 23 31 21 34 21 29 22 33 37 31 60 27 36 20 24 23 23 22 486 20 127 23 23 115 21 20 20 40
internal_value=-4.44925e-12 4.8027e-05 1.8039e-05 4.38093e-05 0.0008593 -8.58612e-07 4.38053e-05 1.03572e-05 0.000109863 4.1966e-05 1.24872e-05 4.42612e-05 2.23804e-05 4.32588e-05 5.92796e-06 -0.000907673 0.000508117 4.89102e-05 0.000299474 0.000106007 -2.51866e-05 -0.000860536 0.000355055 1.55305e-05 -7.57885e-05 0.000305813 8.66038e-05 -0.000576258 9.99359e-06 4.7956e-05
internal_weight=1513 1474 1448 1425 74 1351 1317 1296 53 1267 1234 1197 1161 1130 1046 47 84 999 228 205 771 42 163 748 569 179 156 41 546 526
internal_count=1513 1474 1448 1425 74 1351 1317 1296 53 1267 1234 1197 1161 1130 1046 47 84 999 228 205 771 42 163 748 569 179 156 41 546 526
is_linear=0
shrinkage=0.1


Tree=39
num_leaves=31
num_cat=0
split_feature=7 3 10 10 7 7 4 1 1 1 9 8 10 9 6 6 10 7 7 4 3 5 8 8 8 8 1 1 7 10
split_gain=0.0136568 0.0110534 0.0082261 0.0176248 0.0165917 0.0234997 0.0164824 0.00955118 0.00555875 0.00443204 0.00288259 0.00192619 0.00263608 0.00290419 0.00602919 0.00820268 0.00810414 0.00295991 0.00270329 0.00634891 0.00626645 0.00521837 0.00506452 0.00447382 0.00702012 0.0143295 0.0051649 0.00301152 0.00281075 0.00382523
threshold=93.786981373858666 75.234510908797475 41.098278424133753 38.930707891399074 9.6081525138279371 33.862698433268577 29.024713666211831 445.50000000000006 307.50000000000006 428.50000000000006 33.385702234526185 29.904163155195615 31.97637605040271 28.428777992739487 27.437214772023143 26.291058122179152 26.952363406560746 8.2915358769461953 1.1139091310288423 19.25209547350773 27.994079575432483 16.679647302635583 22.125317544206904 20.657693845770329 19.017155555872325 18.676507220030725 330.50000000000006 301.50000000000006 7.320530032379974 14.071553826343107
decision_type=2 2 2 2 2 2 2 2 2 2 2 2 2 2 2 2 2 2 2 2 2 2 2 2 2 2 2 2 2 2
left_child=1 2 3 6 -4 8 7 9 -6 10 11 12 13 14 15 16 18 -15 21 22 -21 -1 23 24 25 28 27 -26 -20 -30
right_child=-2 -3 4 -5 5 -7 -8 -9 -10 -11 -12 -13 -14 17 -16 -17 -18 -19 19 20 -22 -23 -24 -25 26 -27 -28 -29 29 -31
leaf_value=0.00011842695103647808 -0.0021123417575533193 0.0021276400499045849 -0.0032962788277390328 0.0027566479722736406 0.0001013074183304395 -0.003120224827434868 -0.0022196891561179657 0.0019045060716702472 0.0021592760796747394 -0.0012068158148654871 0.00088994714897125968 -0.00071615108472266892 0.0010957729784422555 -0.0016598223231267186 0.0017883203353267164 -0.0016230763257320585 0.0018982585340078613 2.1061212332411247e-05 0.0001269860225397029 -0.0022852023534748393 2.4681115705195977e-05 0.0015950213269764304 0.0012169946224561759 -0.00093784244845108121 0.00089823337984853426 -0.0026313339337883965 0.0018812092444436116 -0.00064292185332825676 -0.0014739825726092723 -0.0001252831382126632
leaf_weight=105 30 25 22 24 35 20 32 28 21 28 41 33 24 20 20 29 24 22 525 24 23 31 35 49 32 21 33 21 26 110
leaf_count=105 30 25 22 24 35 20 32 28 21 28 41 33 24 20 20 29 24 22 525 24 23 31 35 49 32 21 33 21 26 110
internal_value=7.30481e-13 4.27311e-05 6.98165e-06 7.07436e-05 -0.000877878 -0.000177815 2.24938e-05 7.75167e-05 0.000873046 3.74261e-05 6.53417e-05 3.73311e-05 5.85108e-05 3.68636e-05 6.78034e-05 3.61763e-05 8.16138e-05 -0.00077936 3.94887e-05 -2.33701e-05 -0.00115483 0.000455004 3.90464e-05 -1.14165e-05 4.76914e-05 -5.96702e-05 0.000899093 0.000287587 2.20317e-05 -0.000383123
internal_weight=1513 1483 1458 1360 98 76 1336 1304 56 1276 1248 1207 1174 1150 1108 1088 1059 42 1035 899 47 136 852 817 768 682 86 53 661 136
internal_count=1513 1483 1458 1360 98 76 1336 1304 56 1276 1248 1207 1174 1150 1108 1088 1059 42 1035 899 47 136 852 817 768 682 86 53 661 136
is_linear=0
shrinkage=0.1


Tree=40
num_leaves=31
num_cat=0
split_feature=3 0 4 1 8 10 9 7 1 7 5 1 6 10 6 1 1 7 10 3 9 4 6 1 4 4 1 4 5 3
split_gain=0.0133856 0.00607231 0.00702676 0.00469019 0.00400913 0.00518852 0.00675042 0.00645472 0.00410248 0.00238404 0.00534513 0.00487129 0.0098512 0.00241185 0.00219572 0.00195349 0.0088491 0.00937313 0.00334826 0.00423852 0.00456708 0.00300544 0.00406104 0.00471641 0.00363588 0.00196547 0.00430988 0.00532602 0.00616801 0.00416479
threshold=87.904284469380158 21.500000000000004 19.63156511102957 434.50000000000006 51.876717720245161 49.899808754057567 43.419466179929181 64.958189711056747 420.50000000000006 0.8126632027560714 14.412395828409805 402.50000000000006 20.047549878772145 7.3294407391196055 6.8373077224477035 376.50000000000006 361.50000000000006 2.3492932768171166 27.340831507627033 24.582752877849973 13.297493216103812 30.876694583444952 33.628236668454058 305.50000000000006 24.759193980359615 13.272157310162752 323.50000000000006 15.814271838311479 31.33238809960784 21.909074127173515
decision_type=2 2 2 2 2 2 2 2 2 2 2 2 2 2 2 2 2 2 2 2 2 2 2 2 2 2 2 2 2 2
left_child=1 3 -3 4 5 6 7 8 9 10 14 13 -13 -11 -1 16 21 -18 19 20 -17 22 24 -24 25 -15 29 -28 -29 -27
right_child=-2 2 -4 -5 -6 -7 -8 -9 -10 11 -12 12 -14 15 -16 18 17 -19 -20 -21 -22 -23 23 -25 -26 26 27 28 -30 -31
leaf_value=0.00067047907398470365 -0.0024486489253418274 0.0025742261490086095 0.00012005945318378509 -0.0012174188647599471 0.0013355044772058889 -0.0013431208524187761 0.0015687160127397096 -0.0016253307713971783 0.0014160367416306621 -0.0010056534255652326 0.0017813400506080752 0.00037202861506309344 -0.0026944704516790809 0.00015958992446563164 -0.00048789428288324011 -0.00036170740398423128 -0.0028406956804577603 -0.00020658305014616677 0.0016080255800625311 -0.00088757075186899443 0.0014890519546376406 0.001119320613081352 -2.1148711073629816e-05 -0.0019889533220391188 0.0010926792802124778 0.0012100027693252612 -0.0019545101023350771 0.00056461873393493227 -0.0014937861725532761 -8.3259289137559893e-05
leaf_weight=30 22 20 28 31 23 28 28 24 21 23 24 22 20 526 36 24 22 35 20 26 30 26 29 21 34 28 26 37 24 225
leaf_count=30 22 20 28 31 23 28 28 24 21 23 24 22 20 526 36 24 22 35 20 26 30 26 29 21 34 28 26 37 24 225
internal_value=-1.02323e-12 3.61303e-05 0.00114263 -6.76308e-07 2.60369e-05 4.35383e-06 3.20756e-05 -2.01947e-07 2.95942e-05 6.98911e-06 0.000503359 -3.03008e-05 -0.00108821 8.1353e-06 3.86391e-05 2.87153e-05 -1.21392e-05 -0.00122326 0.000450743 0.000161422 0.000666492 5.85921e-05 2.95616e-05 -0.000847627 7.82943e-05 3.84686e-05 -0.000148913 -0.00075606 -0.000245245 5.98685e-05
internal_weight=1513 1491 48 1443 1412 1389 1361 1333 1309 1288 90 1198 42 1156 66 1133 1033 57 100 80 54 976 950 50 900 866 340 87 61 253
internal_count=1513 1491 48 1443 1412 1389 1361 1333 1309 1288 90 1198 42 1156 66 1133 1033 57 100 80 54 976 950 50 900 866 340 87 61 253
is_linear=0
shrinkage=0.1


Tree=41
num_leaves=31
num_cat=0
split_feature=1 3 10 6 4 8 9 6 8 4 1 4 5 8 1 7 6 6 9 8 8 7 10 10 1 3 7 5 7 10
split_gain=0.0117066 0.006869 0.00594419 0.00520219 0.00269728 0.00546725 0.00538569 0.00536875 0.00368348 0.00304303 0.0168495 0.0107528 0.0117201 0.0116795 0.00304965 0.00598062 0.00271334 0.00401831 0.00416408 0.00535121 0.00371394 0.00569016 0.00328064 0.00273092 0.00626531 0.00547608 0.00511133 0.00345022 0.00657499 0.00346021
threshold=461.00000000000006 80.888314674227757 54.505254860403234 46.10414212369357 26.536702856180643 33.153716453459715 36.022427190546317 36.537666984213395 37.619493308296875 21.056179011082378 393.50000000000006 19.25209547350773 28.359046963735153 24.181411783875678 340.50000000000006 9.6081525138279371 24.035541494670149 22.921118202999697 22.690611329237303 20.657693845770329 19.560734743994537 4.7037294811543742 26.715781235452372 20.228168574430935 370.50000000000006 29.65415573632048 5.5679289646838521 30.165451975308638 11.965651049100808 19.055567767371205
decision_type=2 2 2 2 2 2 2 2 2 2 2 2 2 2 2 2 2 2 2 2 2 2 2 2 2 2 2 2 2 2
left_child=1 2 3 4 6 -6 9 -7 -9 11 14 16 -13 -14 15 -11 17 18 19 20 23 -22 -18 27 25 26 -25 28 29 -1
right_child=-2 -3 -4 -5 5 7 -8 8 -10 10 -12 12 13 -15 -16 -17 22 -19 -20 -21 21 -23 -24 24 -26 -27 -28 -29 -30 -31
leaf_value=1.9779518500285684e-05 -0.0018075904549498647 0.0016538440733431623 -0.0015467504990131905 0.0013214741180080081 -0.0014946120804441828 0.0013340100672477012 0.0015372950370268277 -0.0015991323097841815 7.7495304714447186e-05 0.0012235484282241372 0.0031526989443227647 -0.002969272775575519 0.0014403890751834428 -0.0018566638517024166 -0.00084048579296758111 -0.00047725187865911393 0.0017413898743689059 -0.0010595245857342994 0.0013473354891175406 -0.0014300090027973057 0.0018754188816442535 -0.00026501236842823743 0.00020212020362830828 -0.00093881422653794297 -0.0020652134483680131 -0.0014208887502520709 0.0009962169269403054 0.0013050497054461051 -0.0017541259923018516 0.00083880502258710165
leaf_weight=654 35 26 24 31 35 22 24 20 38 39 20 25 21 22 31 44 20 34 24 25 27 23 45 20 20 23 43 22 20 56
leaf_count=654 35 26 24 31 35 22 24 20 38 39 20 25 21 22 31 44 20 34 24 25 27 23 45 20 20 23 43 22 20 56
internal_value=5.46947e-12 4.28049e-05 1.39571e-05 4.01875e-05 1.17552e-05 -0.000452183 5.33721e-05 3.87996e-06 -0.000500652 2.5062e-05 0.000475509 -2.8639e-05 -0.0012475 -0.000246475 5.82672e-06 0.000321919 4.98485e-05 8.79597e-06 4.67509e-05 1.32954e-05 5.30339e-05 0.000890821 0.000675742 4.21188e-06 -0.000470978 -0.000100226 0.000381921 7.11934e-05 3.40087e-05 8.43787e-05
internal_weight=1513 1478 1452 1428 1397 115 1282 80 58 1258 134 1124 68 43 114 83 1056 991 957 933 908 50 65 858 106 86 63 752 730 710
internal_count=1513 1478 1452 1428 1397 115 1282 80 58 1258 134 1124 68 43 114 83 1056 991 957 933 908 50 65 858 106 86 63 752 730 710
is_linear=0
shrinkage=0.1


Tree=42
num_leaves=31
num_cat=0
split_feature=10 1 1 9 10 9 7 4 4 3 1 1 4 10 10 4 8 9 8 7 3 1 10 3 5 1 1 7 10 8
split_gain=0.0123455 0.0089855 0.00536824 0.00269861 0.00488774 0.00391641 0.00649197 0.00306339 0.0078213 0.00257263 0.0117778 0.00316854 0.00163982 0.00167096 0.00961605 0.00576994 0.00734758 0.00357616 0.00282526 0.00332083 0.0180728 0.00666651 0.00448005 0.00413304 0.00400761 0.00276959 0.00345297 0.00253365 0.0033869 0.0077402
threshold=74.802383311366867 475.00000000000006 443.50000000000006 50.884680201177346 48.986816243506688 43.419466179929181 64.958189711056747 31.493864719469801 29.024713666211831 43.446321457073175 318.50000000000006 428.50000000000006 2.8679969601836968 31.125629956332784 29.543301073431525 21.056179011082378 24.181411783875678 24.884218094811395 22.403249496659328 2.1786508785078618 21.909074127173515 382.50000000000006 10.696376794795865 22.483084486306623 18.261430891751022 390.50000000000006 361.50000000000006 2.9246718783060124 18.051226248867405 15.028726057856039
decision_type=2 2 2 2 2 2 2 2 2 2 2 2 2 2 2 2 2 2 2 2 2 2 2 2 2 2 2 2 2 2
left_child=1 2 3 4 5 6 7 8 9 11 -11 12 -1 14 15 16 17 18 19 20 25 22 -21 -23 -24 26 -14 -26 29 -29
right_child=-2 -3 -4 -5 -6 -7 -8 -9 -10 10 -12 -13 13 -15 -16 -17 -18 -19 -20 21 -22 23 24 -25 27 -27 -28 28 -30 -31
leaf_value=0.0008588162311449802 -0.0024680220661684872 0.0018758245557994368 -0.0015153240402350609 0.00091845313736209355 -0.0015485320519655944 0.0012662805244326592 -0.0015617969916023027 0.0010502243832010648 -0.0015849363322680199 -0.000454078544157021 0.0025753559522508161 -0.0011705113215033304 0.00011752712755891803 0.00045099041558226903 -0.001988893149245996 0.0010232526969048195 -0.0015611182060092689 0.0012881596890193497 -0.00094045187936224537 -0.0010201139284706697 0.0029990590258460979 -0.00024943419033661489 0.00052133107961247296 -0.0022150106053627299 -0.00092156192643896634 0.00098607687706438207 -0.00098318564246944865 -0.00010474643578080841 0.00019639127692625474 -0.0022433797661506106
leaf_weight=24 20 26 23 33 20 25 26 29 30 33 21 22 209 85 24 56 30 22 31 41 23 20 142 23 34 30 33 110 248 20
leaf_count=24 20 26 23 33 20 25 26 29 30 33 21 22 209 85 24 56 30 22 31 41 23 20 142 23 34 30 33 110 248 20
internal_value=-1.34603e-12 3.30612e-05 4.015e-07 2.45439e-05 3.63749e-06 2.59548e-05 3.25485e-06 3.36215e-05 1.11337e-05 4.85124e-05 0.000724035 1.87828e-05 4.04961e-05 2.38664e-05 -9.2591e-06 3.50611e-05 -1.94062e-05 2.75019e-05 -1.26832e-06 2.99371e-05 0.000307385 -9.83501e-05 -1.14511e-05 -0.00130079 6.31972e-05 7.97807e-05 -3.25701e-05 -9.47033e-05 -2.03298e-05 -0.000433767
internal_weight=1513 1493 1467 1444 1411 1391 1366 1340 1311 1281 54 1227 1205 1181 1096 1072 1016 986 964 933 295 638 595 43 554 272 242 412 378 130
internal_count=1513 1493 1467 1444 1411 1391 1366 1340 1311 1281 54 1227 1205 1181 1096 1072 1016 986 964 933 295 638 595 43 554 272 242 412 378 130
is_linear=0
shrinkage=0.1


Tree=43
num_leaves=31
num_cat=0
split_feature=1 3 10 6 1 4 8 6 10 9 1 1 8 8 1 10 3 8 10 4 9 9 1 1 1 4 9 1 9 6
split_gain=0.0105879 0.0065524 0.00511534 0.00460018 0.00317854 0.00310551 0.00696299 0.00506274 0.00700135 0.0042513 0.00351188 0.00193011 0.0023566 0.0037787 0.00200715 0.00682667 0.00915986 0.00271746 0.0129568 0.00698098 0.00446748 0.00253958 0.00228165 0.0033692 0.00449681 0.00320006 0.00527217 0.00341873 0.00267594 0.00273292
threshold=461.00000000000006 80.888314674227757 54.505254860403234 46.10414212369357 437.50000000000006 26.536702856180643 33.153716453459715 40.758456190339977 38.559814030105009 36.022427190546317 423.50000000000006 196.50000000000003 30.61997032170547 29.07741436228908 390.50000000000006 24.778604968503689 22.37526490055474 23.18461961612277 26.952363406560746 19.63156511102957 27.688966521848432 29.573153005775605 384.50000000000006 376.50000000000006 369.50000000000006 17.414863822285735 22.431468519791924 357.50000000000006 23.813614138563967 22.044490616256677
decision_type=2 2 2 2 2 2 2 2 2 2 2 2 2 2 2 2 2 2 2 2 2 2 2 2 2 2 2 2 2 2
left_child=1 2 3 4 5 9 -7 8 -8 10 11 -1 13 14 17 16 -16 19 -19 22 -20 -22 23 24 25 27 -27 28 29 -13
right_child=-2 -3 -4 -5 -6 6 7 -9 -10 -11 -12 12 -14 -15 15 -17 -18 18 20 -21 21 -23 -24 -25 -26 26 -28 -29 -30 -31
leaf_value=0.00066778203162476011 -0.0017190469605182963 0.0016141824567547211 -0.0014352802149611914 0.0012417373136662307 0.0012026221449063584 -0.0017603119691898428 -0.00078619434180754162 -0.0010990473175687451 0.0015624674972544502 0.0013540266469741862 -0.0012719091127759645 1.6358228896621592e-05 -0.00086745018483876883 0.0012719376357078242 0.00086946678781058906 0.0020862303877947851 -0.0015376357231652949 -0.0021767660086466508 0.00096098660234067781 0.0018757126084528862 -0.000902196989627555 0.00035298331893971884 -0.0010436028453460451 0.0012329523597145453 -0.0015021507890196518 -0.0020139160775579515 0.00016437483113259079 0.00091971614482727919 0.0011522420881499328 -0.0010695266235795013
leaf_weight=46 35 26 24 31 22 32 22 28 30 24 21 676 30 24 43 20 25 33 38 20 40 27 21 22 20 20 25 44 20 24
leaf_count=46 35 26 24 31 22 32 22 28 30 24 21 676 30 24 43 20 25 33 38 20 40 27 21 22 20 20 25 44 20 24
internal_value=1.77852e-12 4.07082e-05 1.2533e-05 3.6866e-05 1.01294e-05 -8.95048e-06 -0.000513621 -1.49447e-05 0.000568803 3.58026e-05 1.0268e-05 3.23745e-05 7.43526e-06 3.04182e-05 3.76666e-06 0.000462168 -1.54974e-05 -3.53977e-05 -0.000448356 2.84904e-05 9.48587e-05 -0.000396378 -1.38771e-05 1.15333e-05 -2.08807e-05 1.57391e-05 -0.000803754 6.40077e-05 1.17144e-05 -2.08721e-05
internal_weight=1513 1478 1452 1428 1397 1375 112 80 52 1263 1239 1218 1172 1142 1118 88 68 1030 138 892 105 67 872 851 829 809 45 764 720 700
internal_count=1513 1478 1452 1428 1397 1375 112 80 52 1263 1239 1218 1172 1142 1118 88 68 1030 138 892 105 67 872 851 829 809 45 764 720 700
is_linear=0
shrinkage=0.1


Tree=44
num_leaves=31
num_cat=0
split_feature=3 1 5 1 3 5 10 10 4 3 6 4 10 10 6 6 10 9 1 3 3 8 6 4 1 10 7 9 10 9
split_gain=0.0111939 0.00579178 0.00514478 0.00446717 0.00280713 0.00726068 0.00491305 0.00888981 0.00687675 0.00589085 0.00476162 0.0091811 0.00192883 0.00411975 0.00450672 0.00579865 0.00477403 0.00290681 0.00277565 0.00245674 0.00399469 0.0104419 0.00596097 0.00485185 0.00269221 0.00242494 0.00439086 0.00365458 0.011264 0.00536246
threshold=87.904284469380158 475.00000000000006 74.506337048321953 443.50000000000006 66.036002773859011 59.599440405445399 41.098278424133753 38.930707891399074 29.024713666211831 46.82448458292999 41.407587587513682 34.898640353101989 31.97637605040271 29.543301073431525 27.437214772023143 26.291058122179152 26.952363406560746 32.070831634517212 314.50000000000006 37.495141257060169 30.932326785812673 23.18461961612277 23.310139734127887 18.694425594823084 288.50000000000006 22.591218721478359 11.556699904152692 19.643207005226511 20.836310129253704 20.981092159578235
decision_type=2 2 2 2 2 2 2 2 2 2 2 2 2 2 2 2 2 2 2 2 2 2 2 2 2 2 2 2 2 2
left_child=1 2 3 4 5 6 7 8 9 12 -8 -12 13 14 15 16 19 -14 -19 20 21 22 23 25 -22 26 27 -1 -29 -30
right_child=-2 -3 -4 -5 -6 -7 10 -9 -10 -11 11 -13 17 -15 -16 -17 -18 18 -20 -21 24 -23 -24 -25 -26 -27 -28 28 29 -31
leaf_value=0.00010013218867862281 -0.002239231357816607 0.0016076265486291326 0.0015623484826868489 -0.001396707361361579 -0.0011394641427267787 0.0018707837360644982 -0.0020903274605405474 0.0020324894089505754 -0.0015738833505936243 0.0017415692994836717 0.0013222536898683758 -0.0015787826991678839 0.0014038076410846166 -0.0010323684990931397 0.0015008012624457478 -0.0014345660838963731 0.0014483515868841611 -0.00043858481269519359 0.00094224744146534562 -0.0010301768784816176 4.8059313981370495e-07 -0.0018374376446797303 0.0015209143086394761 -0.0014176572052141032 0.0014375074082636275 0.00063174615020588894 -0.001057365415050672 -0.0026670690299943089 0.00078260630405949149 -0.0012403627092135139
leaf_weight=717 22 23 21 23 21 21 21 22 27 20 20 24 24 39 20 28 23 37 24 23 22 31 26 24 32 61 39 20 38 20
leaf_count=717 22 23 21 23 21 21 21 22 27 20 20 24 24 39 20 28 23 37 24 23 22 31 26 24 32 61 39 20 38 20
internal_value=-5.42343e-12 3.30403e-05 8.37035e-06 -1.41822e-05 8.14791e-06 2.53253e-05 -2.71714e-06 3.91705e-05 5.30713e-06 3.89334e-05 -0.000851424 -0.00026013 1.16476e-05 -2.19617e-05 1.30969e-05 -1.38543e-05 2.31159e-05 0.000471502 0.000104693 -8.0146e-06 1.48104e-05 -3.15124e-05 2.77296e-05 -1.4515e-05 0.000852052 2.31111e-05 -2.14054e-05 2.94153e-05 -0.000620636 8.50308e-05
internal_weight=1513 1491 1468 1447 1424 1403 1382 1317 1295 1268 65 44 1248 1163 1124 1104 1076 85 61 1053 1030 976 945 919 54 895 834 795 78 58
internal_count=1513 1491 1468 1447 1424 1403 1382 1317 1295 1268 65 44 1248 1163 1124 1104 1076 85 61 1053 1030 976 945 919 54 895 834 795 78 58
is_linear=0
shrinkage=0.1


Tree=45
num_leaves=31
num_cat=0
split_feature=10 1 1 4 4 8 9 10 10 8 6 1 3 3 10 8 4 4 8 8 7 8 8 8 6 7 7 10 10 4
split_gain=0.0100816 0.00777269 0.00368928 0.00268253 0.00889279 0.00447537 0.00649583 0.00992135 0.00722555 0.00556081 0.0027724 0.00297181 0.00158744 0.00301557 0.00240838 0.00317199 0.00426528 0.00901671 0.00204179 0.00448063 0.00519423 0.00208339 0.00260849 0.00920912 0.00327373 0.00221456 0.00214052 0.0026941 0.00266173 0.00408974
threshold=74.802383311366867 475.00000000000006 443.50000000000006 42.640501283790549 37.92153924728624 42.668322125308705 41.632730820024939 41.098278424133753 38.930707891399074 33.570459960068682 34.077186063869178 428.50000000000006 48.002154060564116 41.903446157045799 32.201390590596638 27.241148000025557 21.056179011082378 20.145513635251948 24.450388937241421 22.125317544206904 5.8612561035384969 20.657693845770329 19.017155555872325 18.676507220030725 21.148409964689499 8.2915358769461953 7.320530032379974 19.055567767371205 14.071553826343107 10.279754108542713
decision_type=2 2 2 2 2 2 2 2 2 2 2 2 2 2 2 2 2 2 2 2 2 2 2 2 2 2 2 2 2 2
left_child=1 2 3 4 5 6 7 8 9 10 11 12 13 14 15 16 17 18 19 21 -21 22 23 26 -24 -23 27 -1 -28 -30
right_child=-2 -3 -4 -5 -6 -7 -8 -9 -10 -11 -12 -13 -14 -15 -16 -17 -18 -19 -20 20 -22 25 24 -25 -26 -27 28 -29 29 -31
leaf_value=5.1491826361011451e-05 -0.0022302850661799311 0.0017437709410352492 -0.001257036588377441 -0.0011305658688070253 0.0021294548892183229 -0.0013776087829762179 0.0015945635637483345 -0.0022119194036349654 0.0018292404944077135 -0.0014184393594472635 0.0010342901555338393 -0.001047854249079067 0.00091612835210980843 -0.00092493689647226622 0.00072343643190106379 -0.001056640633571617 0.00086031690259308867 -0.0021095651996438391 -0.00089716608231158357 0.0018882755363197898 -2.1226349856768704e-05 -0.0011127921964295886 0.0010213714038400212 -0.0020340434635396708 -0.00022259568521643385 0.00016546083928045371 -0.001257624111371115 0.00077148384829215191 0.00059571406986240472 -0.0006669028067523775
leaf_weight=589 20 26 23 20 20 23 26 20 22 27 27 26 20 33 50 27 60 20 23 28 29 33 56 22 34 23 25 57 46 58
leaf_count=589 20 26 23 20 20 23 26 20 22 27 27 26 20 33 50 27 60 20 23 28 29 33 56 22 34 23 25 57 46 58
internal_value=2.80002e-12 2.98766e-05 -4.99209e-07 1.95149e-05 3.56677e-05 5.84168e-06 2.88825e-05 -1.16009e-06 3.19599e-05 1.84552e-06 3.16649e-05 1.0163e-05 3.24732e-05 1.79034e-05 4.4271e-05 1.42194e-05 4.04327e-05 -6.73229e-06 3.43788e-05 5.58043e-05 0.000916775 3.76266e-06 4.11102e-05 -1.65167e-05 0.000551428 -0.000587795 4.0755e-05 0.000115021 -0.000331148 -0.000108438
internal_weight=1513 1493 1467 1444 1424 1404 1381 1355 1335 1313 1286 1259 1233 1213 1180 1130 1103 1043 1023 1000 57 943 887 797 90 56 775 646 129 104
internal_count=1513 1493 1467 1444 1424 1404 1381 1355 1335 1313 1286 1259 1233 1213 1180 1130 1103 1043 1023 1000 57 943 887 797 90 56 775 646 129 104
is_linear=0
shrinkage=0.1


Tree=46
num_leaves=31
num_cat=0
split_feature=1 10 4 4 8 4 4 9 7 1 1 7 7 4 10 10 4 8 9 8 9 5 6 8 8 7 10 4 9 1
split_gain=0.0101042 0.00720001 0.00513391 0.00717692 0.00479169 0.00574735 0.00502662 0.00347241 0.00671706 0.00232398 0.0019101 0.00146296 0.00171553 0.0018009 0.00155981 0.00570931 0.00344915 0.00638347 0.00350726 0.00417036 0.00505722 0.00960302 0.00568041 0.00492203 0.007651 0.00187764 0.00298543 0.00280096 0.00227783 0.00184631
threshold=461.00000000000006 65.128762882001539 42.640501283790549 37.92153924728624 42.668322125308705 31.493864719469801 29.024713666211831 36.468754701191045 64.958189711056747 437.50000000000006 423.50000000000006 38.604965037856516 21.111680556827007 12.313671443196435 31.125629956332784 29.543301073431525 21.056179011082378 24.181411783875678 24.564560184390903 22.403249496659328 22.160442861549772 27.232465133511742 21.148409964689499 19.017155555872325 18.676507220030725 7.320530032379974 14.071553826343107 10.279754108542713 18.699631464973631 309.50000000000006
decision_type=2 2 2 2 2 2 2 2 2 2 2 2 2 2 2 2 2 2 2 2 2 2 2 2 2 2 2 2 2 2
left_child=1 2 3 4 5 6 7 8 9 10 11 12 14 -14 15 16 17 18 19 20 22 -22 23 24 25 28 -27 -28 -1 -16
right_child=-2 -3 -4 -5 -6 -7 -8 -9 -10 -11 -12 -13 13 -15 29 -17 -18 -19 -20 -21 21 -23 -24 -25 -26 26 27 -29 -30 -31
leaf_value=5.2948336014239106e-05 -0.0016793271752872639 0.0018782074430159163 -0.0015778672382293737 0.0019165093227638864 -0.0014554530022327196 0.0012790691620062312 -0.001166966882576364 0.0011748914732239567 -0.0017247523730971313 0.0011070702504366637 -0.00090302564838731835 0.00084519516729580414 0.00023366956738755107 -0.00095586537720269656 0.00010903980254079215 -0.0016158414306119086 0.00081303916932873625 -0.0014820572708101412 0.0010960011534353403 -0.0012593314452096821 0.0022224268627128209 -0.00048176336034278693 -0.0012381502256579957 0.00097733228247753293 -0.0019492516946047545 -0.0014554688098724002 0.00053182539906209477 -0.00059883173275738957 0.00089391906170503189 0.0011119957286703948
leaf_weight=611 35 21 20 20 22 36 36 26 22 20 22 22 20 35 50 21 56 28 31 25 29 24 36 53 20 20 39 50 34 29
leaf_count=611 35 21 20 20 22 36 36 26 22 20 22 22 20 35 50 21 56 28 31 25 29 24 36 53 20 20 39 50 34 29
internal_value=-8.36917e-13 3.97676e-05 1.32698e-05 3.54151e-05 8.86468e-06 3.19579e-05 -1.0782e-06 3.06467e-05 7.70883e-06 3.76023e-05 2.0559e-05 3.70382e-05 2.23565e-05 -0.000523307 4.83181e-05 1.68578e-05 4.93262e-05 6.55828e-06 4.94402e-05 1.49626e-05 4.97414e-05 0.000997888 -8.48774e-06 4.50405e-05 -1.87986e-05 3.2407e-05 -0.000351466 -0.000103375 9.72786e-05 0.000477213
internal_weight=1513 1478 1457 1437 1417 1395 1359 1323 1297 1275 1255 1233 1211 55 1156 1077 1056 1000 972 941 916 53 863 827 774 754 109 89 645 79
internal_count=1513 1478 1457 1437 1417 1395 1359 1323 1297 1275 1255 1233 1211 55 1156 1077 1056 1000 972 941 916 53 863 827 774 754 109 89 645 79
is_linear=0
shrinkage=0.1


Tree=47
num_leaves=31
num_cat=0
split_feature=10 1 1 9 10 9 10 10 6 10 3 5 4 10 6 5 1 9 5 5 7 3 10 6 9 6 8 8 7 4
split_gain=0.00929677 0.00772507 0.00294881 0.0024638 0.00398481 0.00246174 0.00534242 0.00558173 0.00473138 0.00306825 0.00176782 0.00323124 0.00148353 0.00145188 0.00757486 0.0054419 0.00265481 0.00231219 0.00234003 0.00197065 0.00288949 0.00238169 0.00249822 0.00517111 0.00571263 0.00804333 0.00464736 0.00298774 0.00397735 0.00284276
threshold=74.802383311366867 475.00000000000006 443.50000000000006 50.884680201177346 48.986816243506688 43.419466179929181 41.098278424133753 38.930707891399074 34.656284316583104 34.947657291180313 48.002154060564116 42.482823016979729 2.8679969601836968 26.952363406560746 24.973007749479539 30.40629800824242 362.50000000000006 28.961212222709253 35.679524382124171 30.932326785812673 21.591429083469951 29.65415573632048 25.201628275612137 22.647028426192652 22.160442861549772 21.148409964689499 19.560734743994537 18.82409894066927 11.556699904152692 14.063322019612086
decision_type=2 2 2 2 2 2 2 2 2 2 2 2 2 2 2 2 2 2 2 2 2 2 2 2 2 2 2 2 2 2
left_child=1 2 3 4 5 6 7 8 9 10 11 12 -1 14 19 -15 17 -17 -19 21 -21 22 23 24 25 26 27 28 29 -14
right_child=-2 -3 -4 -5 -6 -7 -8 -9 -10 -11 -12 -13 13 15 -16 16 -18 18 -20 20 -22 -23 -24 -25 -26 -27 -28 -29 -30 -31
leaf_value=0.00079434197638571886 -0.002141714291647077 0.0017373265774669841 -0.0011249755377597784 0.0008704334843170011 -0.0014051622804254294 0.00099983575218357142 -0.0012993089944845248 0.0016082784076305954 -0.0011126262007589529 0.0010171770155730268 0.00089845961721783337 -0.0012069488028911028 1.8457908094299423e-06 0.001576345870826454 -0.0017616539231094066 -0.00038576819113073633 -0.0010153326472001417 0.0012538718513026433 3.1107990927172497e-05 0.0010913316279919328 -0.00029293368407525125 -0.0008836128426992218 0.0010721902651268812 -0.0013940281551589983 0.0014711489041264241 -0.0016146162333297394 0.0013166921946254594 -0.00093455042361336588 -0.0011672631759817402 0.00066045612693415028
leaf_weight=24 20 26 23 33 20 25 31 22 37 31 22 22 641 27 25 39 21 29 34 38 25 32 21 27 26 31 27 34 27 73
leaf_count=24 20 26 23 33 20 25 31 22 37 31 22 22 641 27 25 39 21 29 34 38 25 32 21 27 26 31 27 34 27 73
internal_value=1.33857e-12 2.86901e-05 -1.5925e-06 1.63007e-05 -3.67546e-06 1.64753e-05 -1.52176e-06 2.86141e-05 2.14603e-06 3.44709e-05 1.00019e-05 -5.98013e-06 1.60193e-05 1.48659e-07 -4.22973e-05 0.000290762 8.56106e-06 0.000219363 0.000593968 6.00769e-07 0.00054202 -3.57245e-05 -5.81001e-06 -3.13608e-05 1.14704e-05 -3.40898e-05 2.70029e-05 -1.79282e-05 2.413e-05 6.91827e-05
internal_weight=1513 1493 1467 1444 1411 1391 1366 1335 1313 1276 1245 1223 1201 1177 1027 150 123 102 63 1002 63 939 907 886 859 833 802 775 741 714
internal_count=1513 1493 1467 1444 1411 1391 1366 1335 1313 1276 1245 1223 1201 1177 1027 150 123 102 63 1002 63 939 907 886 859 833 802 775 741 714
is_linear=0
shrinkage=0.1


Tree=48
num_leaves=31
num_cat=0
split_feature=1 10 4 4 8 8 6 6 10 1 1 4 4 4 4 10 8 8 10 6 7 1 9 10 5 3 9 10 7 10
split_gain=0.00920443 0.00697302 0.0044273 0.0055018 0.00369711 0.00531425 0.0110188 0.00781233 0.00369567 0.00538633 0.00253123 0.0016447 0.00174591 0.00364761 0.00457379 0.0048808 0.002959 0.00240687 0.00273295 0.00210264 0.00209685 0.00205987 0.00179458 0.00457744 0.00485036 0.00228773 0.00300956 0.00303686 0.00208674 0.00306888
threshold=461.00000000000006 65.128762882001539 42.640501283790549 37.92153924728624 42.668322125308705 38.020241719912377 36.537666984213395 35.194962526312985 35.37532851771271 429.50000000000006 409.50000000000006 25.943644769965392 24.009796547415409 21.465237154469609 19.25209547350773 26.952363406560746 22.984156569332523 22.125317544206904 26.715781235452372 22.921118202999697 6.8879256361763632 339.50000000000006 21.86584061182597 22.364567788107436 31.628236162267026 27.110827532313177 20.198239493328035 20.656662988654606 9.0505323956663251 17.603581508994335
decision_type=2 2 2 2 2 2 2 2 2 2 2 2 2 2 2 2 2 2 2 2 2 2 2 2 2 2 2 2 2 2
left_child=1 2 3 4 5 6 7 8 9 10 11 12 13 14 17 16 -16 19 -19 22 -14 -15 23 24 25 26 27 28 -1 -30
right_child=-2 -3 -4 -5 -6 -7 -8 -9 -10 -11 -12 -13 20 21 15 -17 -18 18 -20 -21 -22 -23 -24 -25 -26 -27 -28 -29 29 -31
leaf_value=6.8944005740507105e-05 -0.0016028102227885811 0.0018471840103822098 -0.001465707831666805 0.0016794449517692556 -0.00127704219088297 0.0011958407742847493 -0.0017544731946795115 0.0019118659907359293 -0.0011046548068908782 0.0012603751955819983 -0.00086164844335254404 0.00075722901616245516 -0.0013666133396327497 0.00035629727457434817 -0.0006437217258446088 0.00022452881856789366 -0.0023032554574976011 0.0012741093194342809 3.0179417195827947e-05 -0.00096167448037621497 7.1285259909927845e-06 0.0016424315946642308 0.00055625410978488317 -0.0012228595030804477 0.0014995429040440783 -0.00074267555974074642 0.000982379682318424 -0.0011935781909241565 -0.0015506510774139315 0.00020117134263273329
leaf_weight=665 35 21 20 20 22 38 35 22 29 35 33 30 20 33 22 29 21 33 38 22 25 20 60 30 22 40 32 21 20 20
leaf_count=665 35 21 20 20 22 38 35 22 29 35 33 30 20 33 22 29 21 33 38 22 25 20 60 30 22 40 32 21 20 20
internal_value=1.69792e-12 3.79556e-05 1.18789e-05 3.24437e-05 9.19743e-06 2.94822e-05 -3.17927e-06 4.31863e-05 1.15625e-05 3.70309e-05 2.38924e-06 2.6091e-05 7.39184e-06 3.17595e-05 -8.16908e-06 -0.00077804 -0.00145419 4.70959e-05 0.000608344 4.33983e-06 -0.000603423 0.000841631 2.7694e-05 -9.6161e-06 3.47709e-05 -5.61134e-06 3.32839e-05 -8.54955e-06 2.67492e-05 -0.00067474
internal_weight=1513 1478 1457 1437 1417 1395 1357 1322 1300 1271 1236 1203 1173 1128 1075 72 43 1003 71 932 45 53 910 850 820 798 758 726 705 40
internal_count=1513 1478 1457 1437 1417 1395 1357 1322 1300 1271 1236 1203 1173 1128 1075 72 43 1003 71 932 45 53 910 850 820 798 758 726 705 40
is_linear=0
shrinkage=0.1


Tree=49
num_leaves=31
num_cat=0
split_feature=7 3 4 1 8 8 6 8 6 4 4 4 10 8 9 9 5 1 10 8 9 1 8 8 4 9 10 1 4 7
split_gain=0.00900941 0.00956231 0.00602083 0.0132296 0.00690163 0.00241852 0.0137441 0.0132345 0.00566325 0.00364432 0.00225369 0.00741096 0.00893212 0.00915517 0.00618321 0.00242698 0.00343449 0.00573655 0.00172914 0.00245518 0.00311165 0.00270005 0.00293432 0.00550613 0.00212871 0.00192282 0.00261681 0.00201163 0.00180166 0.00247819
threshold=93.786981373858666 75.234510908797475 36.825613721887429 475.00000000000006 48.17861722832108 34.539047541661638 38.24085777420472 33.153716453459715 33.628236668454058 33.733434999636977 21.056179011082378 19.25209547350773 26.952363406560746 22.886601604271281 26.15554066219347 31.547202001408667 31.33238809960784 327.50000000000006 25.201628275612137 20.657693845770329 22.612692177147373 429.50000000000006 19.017155555872325 18.676507220030725 14.189550083989051 19.94507153347098 19.055567767371205 349.50000000000006 8.6103727871998448 5.3135158690872926
decision_type=2 2 2 2 2 2 2 2 2 2 2 2 2 2 2 2 2 2 2 2 2 2 2 2 2 2 2 2 2 2
left_child=1 2 3 5 -4 7 -7 8 10 -8 11 18 13 -13 -12 16 -16 -18 19 21 -21 22 23 25 -20 26 28 -28 -1 -30
right_child=-2 -3 4 -5 -6 6 9 -9 -10 -11 14 12 -14 -15 15 -17 17 -19 24 20 -22 -23 -24 -25 -26 -27 27 -29 29 -31
leaf_value=0.00011376998599730517 -0.0017156896375430126 0.0019738933965563776 -0.0025226686673704537 0.002469146749618548 7.2963814073730084e-05 -0.002245402034992973 -0.00021174549021654661 0.0025217838139118005 -0.001302132324296205 0.0014458745546151132 0.0019412982859648765 -0.00051877308763902293 0.00052509536288435695 -0.0034749581094365568 0.00066852028409404487 0.00075361627044912894 0.00022927765846894734 -0.0019121334529534743 0.0013539491370985551 -0.0014974009362049403 -1.9035970659128259e-05 0.0011660140362523851 0.00057750243594294746 -0.0016005591701038859 0.00017892203940046502 -0.00096429242956219241 0.00028265062358859977 0.0014180557130021043 -7.7451553471970364e-05 -0.00079255488744820477
leaf_weight=358 30 25 20 22 21 30 36 21 33 21 22 22 23 20 29 40 29 22 21 24 35 21 85 22 58 20 71 20 252 60
leaf_count=358 30 25 20 22 21 30 36 21 33 21 22 22 23 20 29 40 29 22 21 24 35 21 85 22 58 20 71 20 252 60
internal_value=7.14101e-13 3.47071e-05 1.45635e-06 3.60229e-05 -0.0011932 -2.34892e-06 -0.000512891 3.16092e-05 -9.02305e-06 0.000398957 2.50061e-05 -2.28999e-05 -0.001059 -0.00192648 0.000400158 0.000117615 -0.000200385 -0.000694468 4.14234e-05 4.71059e-06 -0.000620405 4.52846e-05 1.87809e-05 -4.03615e-05 0.000491271 3.58775e-06 2.90248e-05 0.00053219 -3.93156e-05 -0.000214971
internal_weight=1513 1483 1458 1417 41 1395 87 1308 1287 57 1254 1112 65 42 142 120 80 51 1047 968 59 909 888 803 79 781 761 91 670 312
internal_count=1513 1483 1458 1417 41 1395 87 1308 1287 57 1254 1112 65 42 142 120 80 51 1047 968 59 909 888 803 79 781 761 91 670 312
is_linear=0
shrinkage=0.1


Tree=50
num_leaves=31
num_cat=0
split_feature=10 1 1 4 1 5 3 4 1 10 10 1 6 4 4 4 4 5 9 9 6 1 3 3 4 8 5 5 3 7
split_gain=0.00918469 0.00574406 0.0023538 0.0120972 0.00371318 0.00331874 0.0049497 0.00488257 0.00855165 0.00271841 0.00617344 0.00166355 0.00153719 0.00306701 0.00183131 0.00276926 0.0018656 0.00330067 0.0109139 0.00186071 0.00513809 0.00387994 0.00335277 0.0049753 0.00251162 0.00303673 0.00324669 0.00544977 0.00453955 0.00250256
threshold=74.802383311366867 475.00000000000006 432.00000000000006 17.192841544242757 420.50000000000006 59.599440405445399 66.036002773859011 31.272573666813781 308.50000000000006 39.491871923152296 37.204837348439369 409.50000000000006 33.11122465091065 25.31992344987512 24.009796547415409 22.289258238212366 19.25209547350773 28.150397544980738 25.691396226070808 15.388724024644189 14.9009464051975 383.50000000000006 17.704514536217204 19.226967427115948 14.641261726994509 22.125317544206904 22.341407931772235 24.424267967691616 26.723414303491623 9.0505323956663251
decision_type=2 2 2 2 2 2 2 2 2 2 2 2 2 2 2 2 2 2 2 2 2 2 2 2 2 2 2 2 2 2
left_child=1 2 4 -4 5 7 -7 9 -9 10 11 12 13 14 15 16 19 -18 -19 20 29 22 -21 -24 -25 26 -26 -28 -29 -1
right_child=-2 -3 3 -5 -6 6 -8 8 -10 -11 -12 -13 -14 -15 -16 -17 17 18 -20 21 -22 -23 23 24 25 -27 27 28 -30 -31
leaf_value=2.9413603422712654e-05 -0.0021287653502076865 0.0015018740288304309 0.0010984302358701826 -0.0022315989481285214 0.0013776364654768259 0.0020217583249905148 4.9691085504101862e-05 0.0004447081134896036 -0.0019239642444465841 -0.00089403204110567464 0.0015641893842257559 -0.00089750784158241007 -0.0007876737701261173 0.0011336110588163139 -0.00069822398480027918 0.00091184716349484269 -0.0013065338046450554 0.0019001522845792354 -0.00096087174388230783 0.0012340860981494188 -0.001618448583897026 0.0012005978217348456 -0.0012713704508280866 0.00036587596913509562 0.00068830230232814083 0.00047837983492124637 -0.0017684640952696402 0.00062569329370366965 -0.0008771771891836332 -0.001039178438393561
leaf_weight=465 20 26 20 24 20 20 35 27 35 32 26 20 23 25 35 35 29 20 40 25 21 35 27 214 23 57 30 37 44 23
leaf_count=465 20 26 20 24 20 20 35 27 35 32 26 20 23 25 35 35 29 20 40 25 21 35 27 214 23 57 30 37 44 23
internal_value=-4.05035e-13 2.85166e-05 2.40394e-06 -0.000717949 2.46777e-05 5.39104e-06 0.000766806 -2.56756e-05 -0.000892446 1.61127e-05 3.93381e-05 7.05293e-06 2.20291e-05 3.77449e-05 1.4127e-05 3.62891e-05 8.17483e-06 -0.000430576 -7.19707e-06 4.71847e-05 -8.68589e-05 0.00018586 0.000108145 4.29861e-05 0.00013061 -0.000132987 -0.000393046 -0.000617109 -0.000190681 -2.09504e-05
internal_weight=1513 1493 1467 44 1423 1403 55 1348 62 1286 1254 1228 1208 1185 1160 1125 1090 89 60 1001 509 492 457 432 405 191 134 111 81 488
internal_count=1513 1493 1467 44 1423 1403 55 1348 62 1286 1254 1228 1208 1185 1160 1125 1090 89 60 1001 509 492 457 432 405 191 134 111 81 488
is_linear=0
shrinkage=0.1


Tree=51
num_leaves=31
num_cat=0
split_feature=1 3 10 6 4 4 4 9 7 1 1 4 10 5 3 10 1 6 10 10 8 7 1 10 7 6 10 9 6 6
split_gain=0.00972603 0.00652185 0.00443928 0.00597334 0.00313247 0.00375769 0.00381123 0.0050051 0.00409644 0.00160618 0.0020887 0.00120861 0.00133824 0.00357582 0.00224688 0.00194891 0.00394404 0.00258567 0.00518943 0.00541752 0.00397359 0.00268225 0.00310217 0.00236443 0.00327786 0.00291308 0.00285118 0.00411233 0.00470195 0.00227697
threshold=461.00000000000006 80.888314674227757 54.505254860403234 46.10414212369357 32.653742245356334 30.876694583444952 29.024713666211831 36.814814840480004 64.958189711056747 437.50000000000006 423.50000000000006 2.8679969601836968 8.8068898765591879 9.7494350505928065 11.437816625717906 11.315279216065639 304.50000000000006 12.163781211764777 13.914855692639511 14.24440841722018 11.960344150881797 2.0948602597527244 309.50000000000006 15.439773402964905 4.5536033856427922 14.9009464051975 16.592520532799334 16.218577955599574 16.343947131628372 16.839603021710598
decision_type=2 2 2 2 2 2 2 2 2 2 2 2 2 2 2 2 2 2 2 2 2 2 2 2 2 2 2 2 2 2
left_child=1 2 3 4 5 6 7 8 9 10 11 -1 13 -13 -14 16 -16 21 20 -20 -19 -17 -23 24 -21 -25 -27 -28 -29 -30
right_child=-2 -3 -4 -5 -6 -7 -8 -9 -10 -11 -12 12 14 -15 15 17 -18 18 19 23 -22 22 -24 25 -26 26 27 28 29 -31
leaf_value=0.00072981385700738135 -0.0016475992745420499 0.0016088180243968965 -0.0013378429945684427 0.0014065472127479171 -0.0010077011096291245 0.0013526518740469501 -0.0012186003858223559 0.0014900030122194238 -0.0014182710013119504 0.00091315683908760553 -0.00095590990862216461 5.7435347322704426e-05 0.00071166098678077105 -0.0013465889711649372 0.00013067053298332861 0.001463150114674742 -0.0015337273614325873 -0.001640866623457634 0.0012938550087924609 -0.0012315158732235433 3.0525517882779239e-05 0.00073734411687058007 -0.00070743403680946515 0.00093364658662014536 0.00018054096614040675 -0.00081970624398822211 0.0011662126319606613 -0.0014668870052056654 0.0010307031217962504 1.7463766458961723e-05
leaf_weight=24 35 26 24 31 30 21 25 23 20 20 22 60 48 26 35 24 24 33 34 35 25 42 23 36 31 39 32 21 23 621
leaf_count=24 35 26 24 31 30 21 25 23 20 20 22 60 48 26 35 24 24 33 34 35 25 42 23 36 31 39 32 21 23 621
internal_value=-1.26689e-12 3.90162e-05 1.09068e-05 3.35749e-05 3.10807e-06 2.52912e-05 4.58196e-06 2.77308e-05 1.81992e-06 2.40436e-05 9.90822e-06 2.70992e-05 1.3184e-05 -0.000367037 4.2224e-05 1.2416e-05 -0.000546373 4.47699e-05 -4.50817e-06 5.64138e-05 -0.000920439 0.000559697 0.000226115 6.20739e-06 -0.000568277 5.53213e-05 1.23598e-05 5.89173e-05 5.6339e-06 5.36509e-05
internal_weight=1513 1478 1452 1428 1397 1367 1346 1321 1298 1278 1258 1236 1212 86 1126 1078 59 1019 930 872 58 89 65 838 66 772 736 697 665 644
internal_count=1513 1478 1452 1428 1397 1367 1346 1321 1298 1278 1258 1236 1212 86 1126 1078 59 1019 930 872 58 89 65 838 66 772 736 697 665 644
is_linear=0
shrinkage=0.1


Tree=52
num_leaves=31
num_cat=0
split_feature=10 1 1 7 8 6 8 8 1 6 3 10 4 4 5 9 1 7 7 10 5 8 6 8 1 1 4 8 8 8
split_gain=0.00809467 0.00587201 0.00215472 0.00223431 0.00193835 0.00478068 0.0028614 0.0119275 0.0116927 0.0068727 0.00283591 0.0024648 0.00183956 0.00641207 0.00787428 0.00561483 0.00387091 0.00276136 0.00381883 0.00158257 0.00352995 0.00141574 0.0032347 0.00239963 0.00170502 0.00325885 0.00180537 0.00135639 0.00202478 0.0020225
threshold=74.802383311366867 475.00000000000006 202.50000000000003 5.2465264615737324 47.463884191626626 46.10414212369357 34.539047541661638 33.153716453459715 347.50000000000006 33.628236668454058 46.009898300268112 44.020917285540634 21.056179011082378 19.25209547350773 28.359046963735153 26.15554066219347 375.50000000000006 9.9562660604059037 6.1294164929829771 7.3294407391196055 7.5469358682030379 23.687270658117221 23.462436859419793 25.797067053790023 433.50000000000006 406.50000000000006 18.228128554262877 20.657693845770329 18.889233126188994 19.840098541196124
decision_type=2 2 2 2 2 2 2 2 2 2 2 2 2 2 2 2 2 2 2 2 2 2 2 2 2 2 2 2 2 2
left_child=1 2 3 -1 5 6 7 9 11 10 12 -8 13 19 -15 -14 17 18 -17 20 -4 22 24 -23 25 26 27 28 -21 -30
right_child=-2 -3 4 -5 -6 -7 8 -9 -10 -11 -12 -13 15 14 -16 16 -18 -19 -20 21 -22 23 -24 -25 -26 -27 -28 -29 29 -31
leaf_value=6.4729182304290597e-05 -0.0019984576851129533 0.0015164466019576559 0.00032459467947774104 0.0013100703444215468 -0.000728943493021162 0.0014246686766652959 -0.00038239395101922319 0.0022640269603985161 -0.0026363838397498642 -0.0013957348517174574 0.0011313834232913162 0.0009476415543097326 0.0017934088494340275 -0.0024664739641593772 -0.00012804459644636762 0.0001495461614935526 -0.0010511885681189596 -0.00034307743451790886 0.0018552969808557204 3.7444552696529355e-06 -0.001554221971309744 0.0013840970990713687 -0.00098585355023033121 -0.00016497737087775024 0.00092795744893096757 -0.00094345226294963679 0.00094930773325772443 -0.00061747369932897039 0.00095157906211209187 -0.00012203160731587559
leaf_weight=34 20 26 20 25 38 23 38 23 21 36 22 22 22 24 36 35 25 35 21 692 20 20 32 20 21 34 22 31 47 28
leaf_count=34 20 26 20 25 38 23 38 23 21 36 22 22 22 24 36 35 25 35 21 692 20 20 32 20 21 34 22 31 47 28
internal_value=3.7558e-12 2.6771e-05 3.69153e-07 0.000592416 -2.44396e-05 -4.89865e-06 -2.93085e-05 7.55797e-06 -0.000605517 -3.41949e-05 6.41443e-06 0.000105286 -1.44711e-05 -5.9705e-05 -0.00106342 0.000328717 5.09304e-05 0.00035371 0.000789203 1.31089e-06 -0.000614814 2.73352e-05 1.65821e-06 0.00060956 3.77729e-05 1.58831e-05 5.56605e-05 3.10236e-05 5.7234e-05 0.000550764
internal_weight=1513 1493 1467 59 1408 1370 1347 1266 81 1243 1207 60 1185 1047 60 138 116 91 56 987 40 947 907 40 875 854 820 798 767 75
internal_count=1513 1493 1467 59 1408 1370 1347 1266 81 1243 1207 60 1185 1047 60 138 116 91 56 987 40 947 907 40 875 854 820 798 767 75
is_linear=0
shrinkage=0.1


Tree=53
num_leaves=31
num_cat=0
split_feature=1 8 8 6 10 10 3 8 4 3 1 3 1 10 6 3 1 8 1 1 7 8 9 8 8 3 8 5 10 1
split_gain=0.00876419 0.00699369 0.00603444 0.00500885 0.00261266 0.00707833 0.00417775 0.00395715 0.00376145 0.00184447 0.00187506 0.00156326 0.0010402 0.00150256 0.00648393 0.00371494 0.00298298 0.00334372 0.00247602 0.00221953 0.00212833 0.00165533 0.00384704 0.0023955 0.00146682 0.00399802 0.00390438 0.00303444 0.00183235 0.00266863
threshold=461.00000000000006 51.876717720245161 47.463884191626626 46.10414212369357 41.098278424133753 38.930707891399074 52.641324057255211 33.570459960068682 28.169896156424127 46.82448458292999 428.50000000000006 41.903446157045799 413.50000000000006 26.952363406560746 24.973007749479539 30.297517898094615 396.50000000000006 22.125317544206904 340.50000000000006 330.50000000000006 2.4494585297914342 19.840098541196124 21.86584061182597 19.313060872155827 16.282085832432085 20.172172591720791 15.804317399881503 22.00404528445728 21.495087139307365 294.50000000000006
decision_type=2 2 2 2 2 2 2 2 2 2 2 2 2 2 2 2 2 2 2 2 2 2 2 2 2 2 2 2 2 2
left_child=1 2 3 4 5 7 -6 8 9 10 11 12 13 14 16 -15 17 21 -17 -19 -18 23 -23 24 26 -26 -1 -27 29 -29
right_child=-2 -3 -4 -5 6 -7 -8 -9 -10 -11 -12 -13 -14 15 -16 18 20 19 -20 -21 -22 22 -24 -25 25 27 -28 28 -30 -31
leaf_value=1.8891640557841232e-05 -0.0015640099645991411 0.001433775028479951 -0.0017217767448164522 0.0014911511244819218 -0.0014564710203558207 0.0018089486148462376 0.00038254705279888143 -0.0011757783408808922 0.0013865732378326358 0.00071014038662219222 -0.00075965713582594289 -0.000685294204595266 0.00073810855858027938 0.0012810571480640061 -0.0016235751165077092 0.00025703572104285197 -0.0015660409550764599 0.00027600312441791177 -0.00096284631872549657 0.0015807939582208001 -0.00012463392756347145 -0.0014955301633259902 6.1277227606466514e-06 0.00090292043769882335 -0.0013759052260192458 0.0010320808611471546 0.0012071966042075757 -0.0013428815031567445 0.0004096337839969081 -8.0269320491463582e-05
leaf_weight=594 35 35 20 23 30 22 21 28 20 36 33 32 20 31 25 99 20 32 20 22 21 24 59 31 27 22 29 26 29 47
leaf_count=594 35 35 20 23 30 22 21 28 20 36 33 32 20 31 25 99 20 32 20 22 21 24 59 31 27 22 29 26 29 47
internal_value=1.5905e-12 3.70368e-05 3.15885e-06 2.74025e-05 3.3552e-06 2.99169e-05 -0.000699228 4.22801e-07 2.57759e-05 4.49678e-06 -1.59402e-05 4.34299e-06 2.30768e-05 1.07273e-05 -3.32144e-05 0.000306016 7.2322e-06 4.35747e-05 5.20135e-05 0.000807585 -0.000827759 -2.88534e-06 -0.000428087 4.09553e-05 6.43214e-06 -0.000273191 7.4206e-05 -3.3084e-05 -0.000262825 -0.000529967
internal_weight=1513 1478 1443 1423 1400 1349 51 1327 1299 1279 1243 1210 1178 1158 1008 150 983 942 119 54 41 888 83 805 774 151 623 124 102 73
internal_count=1513 1478 1443 1423 1400 1349 51 1327 1299 1279 1243 1210 1178 1158 1008 150 983 942 119 54 41 888 83 805 774 151 623 124 102 73
is_linear=0
shrinkage=0.1


Tree=54
num_leaves=31
num_cat=0
split_feature=7 3 10 7 7 10 8 1 3 9 6 4 1 3 3 7 6 10 8 8 4 9 7 6 4 8 8 3 8 4
split_gain=0.007657 0.0081222 0.00471819 0.0125287 0.0170143 0.00882681 0.00747954 0.00781762 0.00310769 0.00280763 0.0017603 0.00213438 0.00695051 0.00462379 0.00624872 0.00300364 0.00223241 0.00422189 0.0035677 0.00217263 0.00321057 0.00240591 0.00626099 0.00523679 0.00456448 0.00381849 0.00149036 0.00577774 0.00372722 0.00163224
threshold=93.786981373858666 75.234510908797475 41.098278424133753 9.6081525138279371 28.118902119925156 38.930707891399074 34.229016397088024 457.50000000000006 54.153743384239696 35.03549185882202 33.628236668454058 22.289258238212366 428.50000000000006 31.127944541528901 34.419508740337477 9.6081525138279371 26.132463723852371 29.682284804900227 23.488801157006257 22.403249496659328 19.386813457205104 21.86584061182597 4.5168740968390102 21.148409964689499 15.047743337325102 19.560734743994537 17.855525111489111 23.114494522794132 18.82409894066927 12.794278981422936
decision_type=2 2 2 2 2 2 2 2 2 2 2 2 2 2 2 2 2 2 2 2 2 2 2 2 2 2 2 2 2 2
left_child=1 2 5 -4 8 6 7 9 -5 10 11 12 16 -13 -15 -16 18 -18 19 21 -21 23 -23 25 -24 26 29 -28 -29 -1
right_child=-2 -3 3 4 -6 -7 -8 -9 -10 -11 -12 13 -14 14 15 -17 17 -19 -20 20 -22 22 24 -25 -26 -27 27 28 -30 -31
leaf_value=-2.4172702806625517e-05 -0.0015816848389416313 0.0018192041572183369 -0.0027703185634560547 0.00019105594605207444 -0.002197502638329752 0.0019504135086511572 -0.0018568561678486213 0.0020073747960850596 0.0017525747633324222 0.001064557750709355 -0.00091351473464718373 0.0015402316735292387 -0.0015590384666775835 -0.0013888304915533147 0.0013626345968229241 -6.9529921165667472e-05 -0.0014541674308992667 0.0001996719185792079 0.0010081204708439072 0.00017853739762878313 -0.0015700877710644687 0.0017413211617104967 0.00097848218323759234 -0.0014717197605932598 -0.00063748251136117192 0.0013264609088020568 -0.0014870250980640132 -0.0006699232323824064 0.0010776689123863784 0.0004030622751228153
leaf_weight=638 30 25 22 25 25 24 21 20 26 25 21 28 29 22 27 32 29 33 37 21 21 29 29 24 44 22 31 23 26 104
leaf_count=638 30 25 22 25 25 24 21 20 26 25 21 28 29 22 27 32 29 33 37 21 21 29 29 24 44 22 31 23 26 104
internal_value=1.30188e-13 3.19963e-05 1.35147e-06 -0.000668788 -6.04503e-05 4.96409e-05 1.54953e-05 4.5396e-05 0.000987124 1.50952e-05 -5.56355e-06 9.70224e-06 -3.07196e-05 0.000432462 4.95297e-05 0.000585867 9.17356e-06 -0.000573898 4.36354e-05 8.37258e-06 -0.000695775 3.88614e-05 0.000498285 -1.51261e-05 4.47607e-06 2.62936e-05 -8.50405e-06 -0.000418583 0.000257371 3.57093e-05
internal_weight=1513 1483 1458 98 76 1360 1336 1315 51 1295 1270 1249 1140 109 81 59 1111 62 1049 1012 42 970 102 868 73 844 822 80 49 742
internal_count=1513 1483 1458 98 76 1360 1336 1315 51 1295 1270 1249 1140 109 81 59 1111 62 1049 1012 42 970 102 868 73 844 822 80 49 742
is_linear=0
shrinkage=0.1


Tree=55
num_leaves=31
num_cat=0
split_feature=1 4 1 10 1 9 1 10 6 1 10 4 3 5 5 5 3 10 6 1 8 8 8 7 8 3 8 1 8 8
split_gain=0.00816751 0.0058734 0.0135285 0.00595627 0.00402762 0.00304222 0.00835052 0.00610516 0.00584171 0.00386817 0.00309283 0.00231736 0.00140255 0.00195215 0.00152102 0.00193067 0.00127375 0.00174945 0.0036957 0.00775422 0.00321442 0.00193961 0.00283608 0.00828373 0.00172533 0.00154474 0.00148895 0.00362475 0.00169086 0.00387808
threshold=461.00000000000006 38.945759782858772 317.50000000000006 49.899808754057567 437.50000000000006 38.053391719435751 324.50000000000006 44.020917285540634 34.656284316583104 428.50000000000006 35.140630781743383 27.742168890045068 48.002154060564116 41.365383587762899 38.678378922659881 37.043045208851595 35.663923160992269 31.97637605040271 26.132463723852371 340.50000000000006 23.488801157006257 22.403249496659328 20.94250091373398 4.5168740968390102 26.405470272223024 28.42925123340305 19.840098541196124 316.50000000000006 19.017155555872325 18.676507220030725
decision_type=2 2 2 2 2 2 2 2 2 2 2 2 2 2 2 2 2 2 2 2 2 2 2 2 2 2 2 2 2 2
left_child=1 3 -3 4 5 8 7 -7 9 10 12 -10 13 14 15 16 17 18 20 24 21 22 26 -24 -20 -23 28 -28 29 -1
right_child=-2 2 -4 -5 -6 6 -8 -9 11 -11 -12 -13 -14 -15 -16 -17 -18 -19 19 -21 -22 25 23 -25 -26 -27 27 -29 -30 -31
leaf_value=2.1349534756772973e-05 -0.0015098319115765793 0.0026317376824509767 -0.00059656330663710843 -0.0015985317882555334 0.0013362682262516542 -0.0011847246462518039 0.0023706675415451177 0.0010952396267701102 -0.00038407116052916368 -0.001371524833230069 0.0011791681415279922 -0.0018224963581208915 0.00083927275154565 -0.00073037049167194506 0.00088184704771265387 -0.00094781490314787902 0.0006859513764668789 0.00092967734031844894 -0.00056085047711219112 -0.002173177374061197 0.00094789432647254172 -0.0013050493955961428 0.0023231808433774861 -0.00038383106047359228 0.00072101151260236911 -6.2172064208425591e-05 0.00026847204696553364 -0.0013712491625203537 0.00057872938695272393 -0.0013561118133587852
leaf_weight=765 35 27 25 23 23 24 20 23 21 20 23 24 20 36 20 21 28 20 21 24 37 20 20 26 21 20 28 26 51 21
leaf_count=765 35 27 25 23 23 24 20 23 21 20 23 24 20 36 20 21 28 20 21 24 37 20 20 26 21 20 28 26 51 21
internal_value=-1.74926e-13 3.57538e-05 0.00107967 -2.31327e-06 2.38543e-05 1.98068e-06 0.000659261 -6.89974e-05 -3.15591e-05 8.17688e-06 3.02875e-05 -0.00115123 8.71666e-06 -5.0685e-06 1.72676e-05 2.21832e-06 1.99051e-05 2.95121e-06 -1.42104e-05 -0.000739286 3.29839e-05 -1.66472e-06 2.74472e-05 0.000793131 8.00805e-05 -0.000683611 -1.20831e-05 -0.000521023 2.07518e-05 -1.54529e-05
internal_weight=1513 1478 52 1426 1403 1380 67 47 1313 1268 1248 45 1225 1205 1169 1149 1128 1100 1080 66 1014 977 937 46 42 40 891 54 837 786
internal_count=1513 1478 52 1426 1403 1380 67 47 1313 1268 1248 45 1225 1205 1169 1149 1128 1100 1080 66 1014 977 937 46 42 40 891 54 837 786
is_linear=0
shrinkage=0.1


Tree=56
num_leaves=31
num_cat=0
split_feature=10 1 1 7 7 7 3 1 7 5 10 7 7 4 8 8 9 7 5 8 8 6 10 10 8 5 5 10 8 8
split_gain=0.00842315 0.00595625 0.00168962 0.0017159 0.00147037 0.0353033 0.00886731 0.00947154 0.00472087 0.0111363 0.0034979 0.00352946 0.00605761 0.00420086 0.00510455 0.00367463 0.00292742 0.00623427 0.00237727 0.0124794 0.00475972 0.00282609 0.0023729 0.00506236 0.00422352 0.00222465 0.00340361 0.00277342 0.00557481 0.00425675
threshold=74.802383311366867 475.00000000000006 202.50000000000003 5.2465264615737324 1.9165427169060367 1.7842645742017083 25.333149532822272 397.50000000000006 2.3169653963506112 21.872941933432092 10.458475891428352 2.5307487504706652 2.6810376434162015 42.640501283790549 46.036015906520475 41.755564732044185 41.632730820024939 64.958189711056747 44.944253527690172 34.063741599523304 32.14231295567177 35.409042805139769 15.439773402964905 13.64793553277878 16.282085832432085 18.261430891751022 17.259769923990774 18.051226248867405 15.028726057856039 14.358614279959534
decision_type=2 2 2 2 2 2 2 2 2 2 2 2 2 2 2 2 2 2 2 2 2 2 2 2 2 2 2 2 2 2
left_child=1 2 3 -1 5 6 7 22 9 -6 -10 -12 -13 14 15 16 17 18 19 20 25 -20 23 -4 -24 26 -14 28 29 -27
right_child=-2 -3 4 -5 8 -7 -8 -9 10 -11 11 12 13 -15 -16 -17 -18 -19 21 -21 -22 -23 24 -25 -26 27 -28 -29 -30 -31
leaf_value=6.2553896864033854e-05 -0.0020386026892811062 0.0015276318652188191 0.00013828278019058484 0.001153898764634505 -1.3218578597944643e-05 -0.0039829737289160819 0.0015807948871848308 -0.0017854699220818779 -0.0010832069286455712 0.0028227836708538236 -0.00092011216150310175 0.0015269837626773451 0.00014590830112688199 -0.0014260130701586604 0.0014201754802623048 -0.0013084087709319733 0.0011966106420870694 -0.0016225342734959788 0.00023350160446993656 0.002124049841297855 -0.0013466778211295605 -0.001313254626950732 0.0015726832431499607 -0.0014667150060868944 -0.00010257125010385232 -0.00039781745431822878 0.0014228774384329361 0.00010454424763189498 -0.0018214986225559742 0.0011017114900902885
leaf_weight=34 20 26 135 25 45 23 35 30 30 20 39 27 82 20 26 21 21 23 21 29 25 27 27 23 34 107 28 464 23 23
leaf_count=34 20 26 135 25 45 23 35 30 30 20 39 27 82 20 26 21 21 23 21 29 25 27 27 23 34 107 28 464 23 23
internal_value=-3.34499e-12 2.73088e-05 7.18214e-07 0.000524988 -2.12505e-05 -0.000214775 9.03961e-05 -0.000119098 3.27114e-05 0.000859397 -1.9156e-05 1.25752e-05 5.01913e-05 7.77279e-06 3.8942e-05 -1.22806e-06 3.02162e-05 1.46699e-06 4.65237e-05 8.85051e-05 1.00067e-05 -0.000636549 0.000109172 -9.53561e-05 0.000638935 5.66603e-05 0.000470955 -1.7201e-05 -0.000386416 -0.000132516
internal_weight=1513 1493 1467 59 1408 307 284 249 1101 65 1036 1006 967 940 920 894 873 852 829 781 752 48 219 158 61 727 110 617 153 130
internal_count=1513 1493 1467 59 1408 307 284 249 1101 65 1036 1006 967 940 920 894 873 852 829 781 752 48 219 158 61 727 110 617 153 130
is_linear=0
shrinkage=0.1


Tree=57
num_leaves=31
num_cat=0
split_feature=1 10 8 9 1 4 3 6 8 8 6 9 6 8 9 6 6 6 8 4 7 7 3 8 8 8 1 9 9 5
split_gain=0.00757032 0.00580747 0.00295062 0.00846975 0.00223631 0.00220048 0.00494564 0.00658826 0.00600994 0.00632625 0.00526486 0.00344227 0.00169232 0.0020702 0.00169844 0.00396207 0.00465186 0.00357953 0.00146408 0.00190316 0.0011512 0.00901643 0.0062553 0.0072613 0.00295832 0.00331887 0.00494473 0.00346331 0.00263489 0.00266244
threshold=461.00000000000006 65.128762882001539 47.463884191626626 46.798844392032152 437.50000000000006 25.566236977434542 51.03658790844927 34.93991192597516 35.447532684005523 38.020241719912377 33.11122465091065 32.755121849254301 31.0588935308425 27.906805057233182 28.428777992739487 27.437214772023143 26.132463723852371 25.177723145900341 23.18461961612277 19.63156511102957 2.4722833437693814 2.6016229867795766 21.909074127173515 17.483325550493856 15.227307161453641 11.662564383492219 386.50000000000006 10.865640358130173 9.8015881623053769 18.261430891751022
decision_type=2 2 2 2 2 2 2 2 2 2 2 2 2 2 2 2 2 2 2 2 2 2 2 2 2 2 2 2 2 2
left_child=1 2 3 4 5 11 7 10 -9 -10 -7 12 13 14 15 16 17 18 19 20 22 -22 23 24 25 27 -27 -1 -23 -30
right_child=-2 -3 -4 -5 -6 6 -8 8 9 -11 -12 -13 -14 -15 -16 -17 -18 -19 -20 -21 21 28 -24 -25 -26 26 -28 -29 29 -31
leaf_value=5.6706243132539155e-05 -0.0014535863345996145 0.0016855338410962197 -0.00089644974197394085 0.002076308543328196 0.0010040780487047 -4.3464880824709939e-05 -0.0017004882875577703 0.0019845635586534629 -0.0013420988811135648 0.0011429814295843244 -0.0022403074800968169 0.0008972063257798173 -0.0008013104590085837 0.00097527517513795346 -0.00077331035281531519 0.0013758685841735098 -0.0011451822557553117 0.001142145973946234 -0.00071691360013314154 0.00093606009666638622 -0.0021224202821031215 -0.0008581514796242118 0.001664903142489493 -0.0017309241684746336 0.0010441633493456087 -5.0414240573562924e-05 -0.001858701269957237 0.0011096174392896967 0.00045057849822084987 -7.4765795060223732e-05
leaf_weight=157 35 21 35 20 22 24 24 20 21 20 20 44 26 22 28 21 35 28 28 22 21 35 25 22 33 62 20 39 122 461
leaf_count=157 35 21 35 20 22 24 24 20 21 20 20 44 26 22 28 21 35 28 28 22 21 35 25 22 33 62 20 39 122 461
internal_value=4.93039e-13 3.44219e-05 1.06241e-05 3.29501e-05 3.80091e-06 -1.21455e-05 -0.000405381 -0.000109357 0.000563391 -0.000129865 -0.00104203 2.8404e-05 -3.26737e-06 1.43017e-05 -3.93934e-06 1.51079e-05 -1.06363e-05 2.63025e-05 -3.53864e-06 1.60634e-05 -4.23741e-06 -8.46676e-05 0.000139324 2.47907e-05 0.000148989 4.27275e-05 -0.00049146 0.000266214 -1.54236e-05 3.5169e-05
internal_weight=1513 1478 1457 1422 1402 1380 129 105 61 41 44 1251 1207 1181 1159 1131 1110 1075 1047 1019 997 639 358 333 311 278 82 196 618 583
internal_count=1513 1478 1457 1422 1402 1380 129 105 61 41 44 1251 1207 1181 1159 1131 1110 1075 1047 1019 997 639 358 333 311 278 82 196 618 583
is_linear=0
shrinkage=0.1


Tree=58
num_leaves=31
num_cat=0
split_feature=10 1 9 10 9 6 1 10 10 6 3 4 7 5 3 3 7 7 6 9 4 4 10 1 3 10 1 8 10 7
split_gain=0.00775603 0.00590632 0.00167165 0.0051744 0.00234242 0.0100734 0.0058605 0.00439333 0.0025019 0.00244139 0.00191703 0.00111729 0.00136474 0.00225126 0.0067493 0.00454203 0.00612822 0.00308369 0.00351715 0.00340184 0.00217785 0.00338757 0.0157095 0.00210595 0.00373933 0.00400642 0.00301327 0.00201858 0.00170611 0.00215433
threshold=74.802383311366867 475.00000000000006 50.884680201177346 48.986816243506688 38.053391719435751 35.700285177061865 335.50000000000006 44.020917285540634 35.965183534015218 33.628236668454058 46.009898300268112 3.3135640138418281 21.111680556827007 30.573188819921036 30.169643145412302 31.216733556350189 4.7369548703740039 9.6081525138279371 23.964250709589781 28.961212222709253 20.653441619878027 18.694425594823084 24.321260119408329 390.50000000000006 23.114494522794132 14.191174340818913 382.50000000000006 20.657693845770329 22.876870681292456 11.556699904152692
decision_type=2 2 2 2 2 2 2 2 2 2 2 2 2 2 2 2 2 2 2 2 2 2 2 2 2 2 2 2 2 2
left_child=1 2 3 4 5 8 7 -6 9 10 11 -1 13 14 20 -15 -17 -18 -19 -20 21 23 -23 26 25 -25 27 28 29 -13
right_child=-2 -3 -4 -5 6 -7 -8 -9 -10 -11 -12 12 -14 15 -16 16 17 18 19 -21 -22 22 -24 24 -26 -27 -28 -29 -30 -31
leaf_value=0.00054597199939760484 -0.0019562089536339046 0.0015202273347173245 0.00069273838273468708 -0.0015045433922711276 -0.00093749687008452256 -0.0020104191745631398 0.00187947073161764 0.0010071900085590426 0.0009186398018694793 -0.0010043011502906061 0.00091843092776126346 2.4768879412058353e-05 -0.00050143470293083478 0.0015011275403334625 -0.0017116441857069732 -0.0014277367598631166 0.0011064947647537338 0.0012054437030747068 -0.0011446876742411405 0.00030795328597090898 0.00071816961385476861 -0.0026936641028758304 0.0011384315404575319 0.00093980953848410041 0.0016646229228354061 -0.000611089351392972 -0.0011571948831260671 -0.00072918428325608961 0.00086607656013929174 -0.00092076218593865628
leaf_weight=36 20 26 34 23 26 25 23 21 30 24 23 667 56 28 24 22 40 20 28 38 39 23 20 31 20 36 24 38 23 25
leaf_count=36 20 26 34 23 26 25 23 21 30 24 23 667 56 28 24 22 40 20 28 38 39 23 20 31 20 36 24 38 23 25
internal_value=-1.08057e-12 2.62051e-05 -2.73847e-07 -1.67166e-05 7.55295e-06 -2.19061e-05 0.000571484 -6.85942e-05 1.58983e-05 -5.1774e-06 1.38384e-05 -2.9674e-06 -1.94082e-05 4.14635e-06 -5.5556e-05 0.000333187 0.000112226 0.000381108 4.37191e-05 -0.000308319 -1.3541e-05 -4.50038e-05 -0.000911294 -1.88981e-06 0.000464682 0.000106491 -5.41314e-05 -1.8974e-05 1.87714e-05 -9.39048e-06
internal_weight=1513 1493 1467 1433 1410 1340 70 47 1315 1285 1261 1238 1202 1146 970 176 148 126 86 66 946 907 43 864 87 67 777 753 715 692
internal_count=1513 1493 1467 1433 1410 1340 70 47 1315 1285 1261 1238 1202 1146 970 176 148 126 86 66 946 907 43 864 87 67 777 753 715 692
is_linear=0
shrinkage=0.1


Tree=59
num_leaves=31
num_cat=0
split_feature=1 10 8 6 4 4 4 9 10 10 8 4 5 1 1 4 9 9 10 8 8 7 6 9 10 5 7 10 3 3
split_gain=0.00687645 0.00565532 0.00250141 0.00723082 0.00238079 0.00381655 0.00300239 0.00383131 0.00434673 0.00361076 0.00101719 0.00164872 0.0061726 0.00282905 0.00215212 0.00100978 0.00414392 0.00400372 0.00168503 0.00530342 0.00369967 0.00525025 0.0021585 0.00188817 0.00344749 0.00422248 0.00144465 0.0013345 0.00100007 0.00191943
threshold=461.00000000000006 65.128762882001539 47.463884191626626 46.10414212369357 32.653742245356334 30.876694583444952 29.024713666211831 36.814814840480004 36.792314908465663 34.947657291180313 29.904163155195615 22.99178813697198 31.91068198696842 428.50000000000006 411.50000000000006 20.145513635251948 25.918562414042707 27.688966521848432 29.071701549128605 24.181411783875678 22.125317544206904 5.718462925761302 22.921118202999697 22.160442861549772 23.116642252524436 33.368005045425527 12.549519879513861 18.844421156516095 27.110827532313177 25.333149532822272
decision_type=2 2 2 2 2 2 2 2 2 2 2 2 2 2 2 2 2 2 2 2 2 2 2 2 2 2 2 2 2 2
left_child=1 2 3 4 5 6 7 8 9 10 11 13 -13 14 15 18 -17 -18 19 20 22 -22 23 24 25 26 28 -28 29 -1
right_child=-2 -3 -4 -5 -6 -7 -8 -9 -10 -11 -12 12 -14 -15 -16 16 17 -19 -20 -21 21 -23 -24 -25 -26 -27 27 -29 -30 -31
leaf_value=3.567391310777591e-06 -0.0013853701726787094 0.0016621452357087818 -0.00082585498690605167 0.0018287366017995573 -0.00087963306927122179 0.0013586477077166951 -0.0010855960375629366 0.0012999773331735607 -0.0013957256779328665 0.001291987511517205 -0.00049019027401965749 0.0019567004696000368 -0.00022379667435244128 -0.00095203170804457077 0.0010444003748125397 -0.0014636324384533193 0.0011371205555571412 -0.00081780458785942758 0.0008874720618636772 -0.0015698119848301367 0.0019856834875257765 4.9204069000552413e-06 -0.00090898145516313473 0.00069584884749462786 -0.0012811013708068503 0.0014517354543204419 -0.0011537911933070669 -2.6424768258861845e-05 -0.0005547678571504852 0.00086196069918245222
leaf_weight=740 35 21 35 22 30 21 25 23 22 22 41 20 37 31 20 23 22 20 22 21 23 32 26 39 21 20 21 21 30 27
leaf_count=740 35 21 35 22 30 21 25 23 22 22 41 20 37 31 20 23 22 20 22 21 23 32 26 39 21 20 21 21 30 27
internal_value=3.01113e-12 3.28065e-05 9.32252e-06 2.98789e-05 1.61116e-06 2.09085e-05 8.37807e-08 2.05838e-05 -2.03425e-06 2.19386e-05 -2.89831e-07 1.62282e-05 0.00054129 -9.59452e-06 1.63058e-05 -2.25187e-06 -0.000384661 0.000206204 2.158e-05 2.92216e-06 3.59496e-05 0.00083324 -1.04535e-05 1.49673e-05 -1.52082e-05 1.57392e-05 -1.8492e-05 -0.000590108 1.16308e-05 3.37846e-05
internal_weight=1513 1478 1457 1422 1400 1370 1349 1324 1301 1279 1257 1216 57 1159 1128 1108 65 42 1043 1021 1000 55 945 919 880 859 839 42 797 767
internal_count=1513 1478 1457 1422 1400 1370 1349 1324 1301 1279 1257 1216 57 1159 1128 1108 65 42 1043 1021 1000 55 945 919 880 859 839 42 797 767
is_linear=0
shrinkage=0.1


Tree=60
num_leaves=31
num_cat=0
split_feature=10 1 9 8 8 8 4 4 7 3 5 8 8 3 10 8 5 3 8 4 4 10 1 3 4 4 5 1 1 1
split_gain=0.0071718 0.00580806 0.00153453 0.00692897 0.0026247 0.00690069 0.00461339 0.00331273 0.00253028 0.00173714 0.00152669 0.00122571 0.00334174 0.0018595 0.00503072 0.00947635 0.00194515 0.00495568 0.00296183 0.0043361 0.00541886 0.00962233 0.00151417 0.00268535 0.00520965 0.00174628 0.00133492 0.00124126 0.00148988 0.00200676
threshold=74.802383311366867 475.00000000000006 49.642280478181114 42.668322125308705 38.020241719912377 35.447532684005523 29.261854243136312 26.536702856180643 21.906922721442594 46.82448458292999 64.457234632866644 30.61997032170547 27.906805057233182 35.033334245940026 24.01870152163437 24.450388937241421 30.932326785812673 31.869820243562334 25.797067053790023 20.653441619878027 18.76166177087303 24.429770040340159 390.50000000000006 23.114494522794132 13.532011747241937 9.7525723351659774 33.368005045425527 382.50000000000006 375.50000000000006 360.50000000000006
decision_type=2 2 2 2 2 2 2 2 2 2 2 2 2 2 2 2 2 2 2 2 2 2 2 2 2 2 2 2 2 2
left_child=1 2 3 4 5 6 7 9 -6 11 -4 12 13 16 -15 -16 18 -18 19 20 22 -22 27 24 25 -24 -19 28 29 -1
right_child=-2 -3 10 -5 8 -7 -8 -9 -10 -11 -12 -13 -14 14 15 -17 17 26 -20 -21 21 -23 23 -25 -26 -27 -28 -29 -30 -31
leaf_value=1.9564047881992748e-05 -0.0018810899136587978 0.0015067416099974742 0.0011973813464421603 -0.0017797609484246511 0.001602549939416349 -0.0015974128282525474 0.0013630227198591456 -0.00095431594850702418 1.186473877169192e-05 0.0006843775238131026 5.348471247337082e-06 -0.00059416346347836017 0.00095030058810890126 0.00082569705846253789 -0.0027369608794106173 7.3191962825755279e-05 0.0016925830201216742 -0.00069131179645410157 -0.0011404048135180188 0.0011914259042047587 -0.0027308651781640949 0.00026826509173311617 0.00013375793868261907 0.0013717336942632259 -0.0012552829412743449 0.0013496232097081487 0.00037836791722968755 -0.0006872653275624746 0.00085434806300327187 -0.00066810038354661735
leaf_weight=745 20 26 21 22 20 27 25 36 20 38 22 34 37 20 20 30 24 20 23 30 20 23 27 22 20 21 28 27 20 45
leaf_count=745 20 26 21 22 20 27 25 36 20 38 22 34 37 20 20 30 24 20 23 30 20 23 27 22 20 21 28 27 20 45
internal_value=-6.53778e-13 2.51988e-05 -1.05895e-06 -1.88316e-05 8.8007e-06 -1.46474e-05 1.73636e-05 -8.3169e-06 0.000807207 1.84146e-05 0.000587504 -2.05996e-06 1.46884e-05 -1.50263e-05 -0.000514707 -0.00105087 1.69168e-05 0.000519306 -1.8442e-05 7.3631e-06 -2.92574e-05 -0.00112668 2.16478e-05 0.0004114 0.000100704 0.000665699 -6.7332e-05 -2.02611e-05 1.97242e-06 -1.96067e-05
internal_weight=1513 1493 1467 1424 1402 1362 1335 1310 40 1274 43 1236 1202 1165 70 50 1095 72 1023 1000 970 43 927 90 68 48 48 837 810 790
internal_count=1513 1493 1467 1424 1402 1362 1335 1310 40 1274 43 1236 1202 1165 70 50 1095 72 1023 1000 970 43 927 90 68 48 48 837 810 790
is_linear=0
shrinkage=0.1


Tree=61
num_leaves=31
num_cat=0
split_feature=1 8 10 9 1 10 10 4 9 5 4 10 3 7 7 4 1 3 1 1 9 9 6 8 9 10 1 1 3 1
split_gain=0.00646088 0.00559819 0.00598307 0.00597919 0.0030821 0.00276867 0.00430121 0.00257805 0.00205924 0.00251716 0.000935566 0.00136452 0.00160603 0.00323483 0.00624381 0.00464763 0.0145972 0.00572787 0.00314622 0.00197583 0.00166828 0.0011192 0.0057555 0.00448888 0.00354266 0.00493938 0.00252665 0.00813624 0.0046393 0.00361176
threshold=461.00000000000006 49.849557085508337 49.899808754057567 44.121089365182179 305.50000000000006 41.098278424133753 38.930707891399074 29.024713666211831 33.385702234526185 40.797216632452539 3.3135640138418281 7.3294407391196055 11.642514911405993 1.3416884310052246 1.5118697670339951 20.653441619878027 395.50000000000006 14.285874768673544 429.50000000000006 310.50000000000006 9.4688310860872811 17.217301485912667 16.574620886016145 16.183658503062922 16.423852223928474 16.837339657483486 363.50000000000006 354.50000000000006 31.414803370718161 343.50000000000006
decision_type=2 2 2 2 2 2 2 2 2 2 2 2 2 2 2 2 2 2 2 2 2 2 2 2 2 2 2 2 2 2
left_child=1 2 3 5 -3 6 7 8 10 -10 -1 -12 20 15 -15 16 17 -14 21 -19 -13 22 24 -23 25 -16 27 29 -28 -25
right_child=-2 4 -4 -5 -6 -7 -8 -9 9 -11 11 12 13 14 18 -17 -18 19 -20 -21 -22 23 -24 26 -26 -27 28 -29 -30 -31
leaf_value=0.00050071013805184819 -0.0013428564349305817 0.0020765017706435174 -0.0014481410513066553 0.0015929890107751516 0.00032091098313685512 -0.00085242623400345852 0.0014111930356607034 -0.00094796731001614326 -6.2069256620650949e-05 0.0014506537541323767 -0.0006715076675097789 0.0001506314847141593 -0.0015743315131181762 0.0017318811445009141 -0.00010109941656750506 0.00084413534728810201 -0.0032297464524890535 0.0011621803068555892 0.0011996286638480212 -0.00010484994563739747 0.0011456921162670884 0.0011503482930960932 -0.0017378276319835674 -9.3476042239146558e-05 -0.0013685471014468931 0.0013845999472929787 6.2102704446073884e-05 -0.0020438456508730138 0.001718692859073847 0.0012853566248668359
leaf_weight=36 35 20 28 24 20 37 22 28 22 22 31 63 21 21 331 20 20 20 21 32 23 35 22 379 20 24 73 21 22 20
leaf_count=36 35 20 28 24 20 37 22 28 22 22 31 63 21 21 331 20 20 20 21 32 23 35 22 379 20 24 73 21 22 20
internal_value=1.88271e-12 3.17997e-05 -6.59442e-07 2.80849e-05 0.00119871 9.86967e-07 2.43941e-05 1.40276e-06 2.18665e-05 0.000694292 -1.70862e-06 -1.65463e-05 5.44494e-07 -3.19363e-05 2.59767e-05 -0.000538803 -0.000836209 -0.000180446 -1.10316e-05 0.000382469 0.000416752 -3.78783e-05 -0.000165835 5.44834e-05 -7.36119e-05 -6.57769e-07 -1.99928e-05 -0.000125336 0.000445734 -2.43616e-05
internal_weight=1513 1478 1438 1410 40 1386 1349 1327 1299 44 1255 1219 1188 1102 989 113 93 73 968 52 86 947 397 550 375 355 515 420 95 399
internal_count=1513 1478 1438 1410 40 1386 1349 1327 1299 44 1255 1219 1188 1102 989 113 93 73 968 52 86 947 397 550 375 355 515 420 95 399
is_linear=0
shrinkage=0.1


Tree=62
num_leaves=31
num_cat=0
split_feature=10 1 7 5 9 3 5 5 3 10 10 8 8 5 3 8 10 6 5 1 8 6 4 3 7 8 6 8 4 9
split_gain=0.00628837 0.00569272 0.0013796 0.00286856 0.00760379 0.00928029 0.00695487 0.00518532 0.0064166 0.00703133 0.0108991 0.00559829 0.00203778 0.00142548 0.00427718 0.00641222 0.00378521 0.00780685 0.00298626 0.00376532 0.00265253 0.00423086 0.00323354 0.00221694 0.00190095 0.00195747 0.00188557 0.00130438 0.00517362 0.00249632
threshold=74.802383311366867 475.00000000000006 93.786981373858666 51.03658790844927 49.642280478181114 56.881222997543603 48.27179623834683 44.944253527690172 42.557556427407938 35.37532851771271 37.204837348439369 31.188985444359382 29.904163155195615 30.573188819921036 28.782991460126741 23.363531813377673 24.778604968503689 22.647028426192652 31.91068198696842 340.50000000000006 20.94250091373398 21.148409964689499 16.16735148551432 27.110827532313177 15.740355728884492 26.405470272223024 23.584928694196915 18.676507220030725 14.715363958674393 18.699631464973631
decision_type=2 2 2 2 2 2 2 2 2 2 2 2 2 2 2 2 2 2 2 2 2 2 2 2 2 2 2 2 2 2
left_child=1 2 3 6 5 -5 7 8 9 11 -11 12 13 14 16 -16 17 20 -15 24 21 22 27 -18 25 -20 -26 29 -29 -1
right_child=-2 -3 -4 4 -6 -7 -8 -9 -10 10 -12 -13 -14 18 15 -17 23 -19 19 -21 -22 -23 -24 -25 26 -27 -28 28 -30 -31
leaf_value=-1.4719749859616336e-05 -0.0017614265670999885 0.0014903531159059359 0.00076598936410964989 -0.0028668793434601116 0.00046503377747476892 -2.6137626264244318e-05 0.0017445466400164624 -0.0012472231191526535 0.0013024377244475643 -0.0029781470348825678 0.00024733208992984147 0.0016459577694712653 -0.00097741333135802837 0.0010534419602033897 2.6627167660210816e-05 -0.001887563548904533 0.0014916163937650035 -0.0019235456794766442 9.471396840507946e-05 -0.0011365315834568307 0.0011659583006985487 -0.0010921671180660591 0.00097293725185510188 0.00013928824707611719 0.00043830987335902383 0.0012184944083621246 -0.00088644058088816347 0.00060565676147234632 -0.0016416611378580065 0.00072380745740683412
leaf_weight=694 20 26 23 23 38 23 23 33 38 20 22 21 21 39 42 30 27 21 31 22 20 34 36 22 22 31 21 20 21 49
leaf_count=694 20 26 23 23 38 23 23 33 38 20 22 21 21 39 42 30 27 21 31 22 20 34 36 22 22 31 21 20 21 49
internal_value=7.77338e-13 2.35958e-05 -2.3999e-06 -1.46388e-05 -0.000581763 -0.00144651 2.03895e-05 -9.27066e-06 2.20579e-05 -1.63737e-05 -0.00128861 2.72814e-05 -9.74746e-07 1.63731e-05 -2.80162e-05 -0.000770952 2.86484e-05 -1.82055e-05 0.000288058 5.30183e-05 2.7575e-05 9.14952e-07 4.62379e-05 0.000884449 0.000302257 0.000656604 -0.000208661 3.68534e-06 -0.000545409 3.39853e-05
internal_weight=1513 1493 1467 1444 84 46 1360 1337 1304 1266 42 1224 1203 1182 1016 72 944 895 166 127 874 854 820 49 105 62 43 784 41 743
internal_count=1513 1493 1467 1444 84 46 1360 1337 1304 1266 42 1224 1203 1182 1016 72 944 895 166 127 874 854 820 49 105 62 43 784 41 743
is_linear=0
shrinkage=0.1


Tree=63
num_leaves=31
num_cat=0
split_feature=7 3 4 4 1 4 4 1 10 10 3 5 5 10 10 10 8 8 9 3 3 5 1 4 4 7 1 1 7 7
split_gain=0.00595372 0.00706131 0.00436009 0.0120536 0.00959829 0.00200502 0.00221454 0.00331594 0.0024318 0.0041023 0.00273548 0.00106159 0.000859828 0.00116861 0.00126687 0.00837081 0.00438372 0.00365217 0.00289006 0.00269744 0.00343237 0.00231098 0.00225362 0.00249985 0.00126348 0.00197513 0.00214035 0.0018742 0.00172402 0.00182419
threshold=93.786981373858666 75.234510908797475 34.549321051643638 41.540899795538628 475.00000000000006 31.493864719469801 29.024713666211831 346.50000000000006 39.491871923152296 34.947657291180313 41.198078854129626 44.253003606191136 40.099354493353431 33.116144554692923 26.952363406560746 26.3293664154757 23.488801157006257 22.403249496659328 26.902149823305034 32.892319251107061 30.421507431265454 34.461746752458701 433.50000000000006 18.468350670232958 8.4060980152265561 18.955148945878616 407.50000000000006 390.50000000000006 13.648249548751988 11.435434063303722
decision_type=2 2 2 2 2 2 2 2 2 2 2 2 2 2 2 2 2 2 2 2 2 2 2 2 2 2 2 2 2 2
left_child=1 2 4 -4 5 6 8 -8 9 11 -11 12 13 14 15 16 17 22 -16 20 -20 -21 23 24 -1 26 27 28 29 -26
right_child=-2 -3 3 -5 -6 -7 7 -9 -10 10 -12 -13 -14 -15 18 -17 -18 -19 19 21 -22 -23 -24 -25 25 -27 -28 -29 -30 -31
leaf_value=0.00011913465358253004 -0.0013947124312592982 0.0016946201613172889 -0.0021763360223567654 0.00080871985046542254 0.002155718601646922 0.00079679391910171798 0.00016090823919512331 -0.0016600629943422974 -0.0010616945970382187 0.00017040011938661338 0.001804520307563334 -0.00069768470923670318 0.00053194191694880526 -0.00073217978378207517 0.0013212971743601174 -0.0018029318079173279 0.0014438619277262618 -0.00096474559375984916 0.00042535702348686758 0.0012719136041899524 -0.001384712326266295 -8.8876366946631332e-05 0.0010468462082956519 0.00085472384164335608 -8.8274276891544038e-05 -0.0010104580976682579 -0.0010736587753940729 0.00069752453127875931 0.00081736925756558775 -0.0010416076967625745
leaf_weight=348 30 25 31 24 21 31 20 20 21 20 21 22 30 22 23 26 21 39 20 24 22 26 21 33 454 24 21 32 20 21
leaf_count=348 30 25 31 24 21 31 20 20 21 20 21 22 30 22 23 26 21 39 20 24 22 26 21 33 454 24 21 32 20 21
internal_value=-3.8539e-12 2.8214e-05 -3.5949e-07 -0.000873766 3.38795e-05 1.63742e-06 -1.66082e-05 -0.000749577 5.75545e-06 2.31325e-05 0.00100739 -9.1769e-06 3.16799e-06 -1.00845e-05 3.43559e-06 -3.07657e-05 1.37955e-05 -1.58504e-05 0.000318682 6.80284e-05 -0.000522775 0.000564303 2.21443e-05 -4.35672e-07 -3.11099e-05 -0.000122517 -8.36295e-05 -4.41786e-05 -9.21271e-05 -0.000130422
internal_weight=1513 1483 1458 55 1403 1382 1351 40 1311 1290 41 1249 1227 1197 1175 1060 1034 1013 115 92 42 50 974 953 920 572 548 527 495 475
internal_count=1513 1483 1458 55 1403 1382 1351 40 1311 1290 41 1249 1227 1197 1175 1060 1034 1013 115 92 42 50 974 953 920 572 548 527 495 475
is_linear=0
shrinkage=0.1


Tree=64
num_leaves=31
num_cat=0
split_feature=1 10 4 8 1 8 4 1 9 6 8 10 6 10 3 7 7 6 1 1 1 1 8 10 5 3 10 8 1 8
split_gain=0.00702674 0.00532179 0.0029711 0.00424905 0.00271316 0.00327644 0.0036959 0.0059335 0.00179421 0.00979027 0.0058714 0.00171924 0.00101029 0.00293665 0.00280768 0.00530906 0.00269134 0.00266807 0.0017613 0.00254729 0.00134516 0.00120077 0.00386329 0.00305726 0.00284909 0.00526214 0.00344112 0.0024608 0.00197632 0.00239835
threshold=461.00000000000006 65.128762882001539 42.640501283790549 46.036015906520475 437.50000000000006 41.755564732044185 31.493864719469801 428.50000000000006 36.468754701191045 34.656284316583104 36.476081130678743 35.140630781743383 26.132463723852371 28.209260181571384 31.216733556350189 4.9172984015278134 9.6081525138279371 25.177723145900341 411.50000000000006 401.50000000000006 291.50000000000006 343.50000000000006 20.797612506525475 20.042980224589723 16.316578178755837 17.94146151570191 17.205481621373611 11.662564383492219 331.50000000000006 18.436332156860026
decision_type=2 2 2 2 2 2 2 2 2 2 2 2 2 2 2 2 2 2 2 2 2 2 2 2 2 2 2 2 2 2
left_child=1 2 3 4 5 6 7 8 9 11 -10 12 17 -14 -15 -16 -17 18 19 21 -18 28 23 24 27 -26 -27 -23 -1 -30
right_child=-2 -3 -4 -5 -6 -7 -8 -9 10 -11 -12 -13 13 14 15 16 20 -19 -20 -21 -22 22 -24 -25 25 26 -28 -29 29 -31
leaf_value=1.512871730650096e-05 -0.0014004276195503605 0.0016137255655069437 -0.0012000557884312003 0.0013195334235206247 0.0010815752791645736 -0.0012841707293409855 0.0010505273570853399 -0.0017302341479808092 0.0017937096110968429 -0.0020173024347362417 -0.00049137246273660469 0.00089794040448561488 -0.0013288795338234022 0.00092432043650963666 -0.0015908126505867889 0.00094083849454853834 -0.0006414617456567402 0.0010050352429971099 0.0009450173127697781 -0.00097965488899857392 0.00024105372036912389 0.00018761189749989755 0.001176784255625939 -0.00078235655980986654 0.0020365086710080506 -0.00055936509406819825 0.00088543320444467314 -0.0011550657592514265 -0.00091242817993043 0.00038327419664710763
leaf_weight=698 35 21 20 25 23 20 33 20 22 24 23 22 21 24 24 26 39 28 20 26 31 39 36 36 20 32 34 21 50 20
leaf_count=698 35 21 20 25 23 20 33 20 22 24 23 22 21 24 24 26 39 28 20 26 31 39 36 36 20 32 34 21 50 20
internal_value=1.14111e-12 3.3163e-05 1.03821e-05 2.72288e-05 4.3481e-06 -1.34894e-05 5.07428e-06 -2.0749e-05 5.23098e-06 -1.67396e-05 0.000625779 2.17636e-05 6.02816e-06 -0.00022415 -6.30441e-05 -0.000260517 7.20569e-05 4.18579e-05 1.57251e-05 -2.64032e-06 -0.000250633 2.31227e-05 0.000230253 4.30267e-05 0.000246546 0.000615526 0.000184925 -0.000282325 -3.5672e-05 -0.000542228
internal_weight=1513 1478 1457 1437 1412 1389 1369 1336 1316 1271 45 1247 1225 165 144 120 96 1060 1032 1012 70 986 218 182 146 86 66 60 768 70
internal_count=1513 1478 1457 1437 1412 1389 1369 1336 1316 1271 45 1247 1225 165 144 120 96 1060 1032 1012 70 986 218 182 146 86 66 60 768 70
is_linear=0
shrinkage=0.1


Tree=65
num_leaves=31
num_cat=0
split_feature=10 1 9 8 1 8 8 4 4 4 3 8 10 4 4 1 10 1 1 4 4 1 9 4 1 1 4 10 1 4
split_gain=0.00666406 0.0581001 0.00683905 0.0113598 0.00941672 0.00243897 0.00635912 0.0049022 0.00261908 0.0018661 0.00147242 0.00107111 0.00278994 0.00116762 0.00408118 0.00733574 0.00733393 0.00424074 0.00329263 0.00246147 0.00185871 0.00273234 0.00206048 0.00109828 0.0027854 0.00223418 0.00127825 0.00260594 0.00307199 0.00206527
threshold=56.645945090271731 324.50000000000006 49.642280478181114 42.668322125308705 475.00000000000006 38.020241719912377 35.447532684005523 29.261854243136312 26.536702856180643 33.388305174692242 46.82448458292999 30.61997032170547 32.201390590596638 18.617147301147181 21.056179011082378 372.50000000000006 26.628868306271649 383.50000000000006 338.50000000000006 18.14902794862525 17.141307518696507 429.50000000000006 24.01517933365065 16.16735148551432 407.50000000000006 315.50000000000006 14.641261726994509 20.228168574430935 299.50000000000006 14.063322019612086
decision_type=2 2 2 2 2 2 2 2 2 2 2 2 2 2 2 2 2 2 2 2 2 2 2 2 2 2 2 2 2 2
left_child=2 -2 3 4 5 6 7 8 10 -7 11 12 13 19 15 16 -15 18 -16 20 21 22 23 24 26 -25 29 -28 -29 -1
right_child=1 -3 -4 -5 -6 9 -8 -9 -10 -11 -12 -13 -14 14 17 -17 -18 -19 -20 -21 -22 -23 -24 25 -26 -27 27 28 -30 -31
leaf_value=-6.3216491236578974e-06 0.0025376043748110534 -0.0050847362162312493 0.0016744592897593976 -0.0021984014832212226 0.002048878865721433 9.554322270560079e-05 -0.0015330615145137051 0.0014041970443795437 -0.00085056356640254502 0.0014615970617160201 0.00062747744040710758 -0.00055800214331076651 0.001035778444314089 0.0006862027576897998 0.00028960656971321446 -0.0023703036638575477 -0.0015309388148598375 0.0012947886421058614 -0.0012818491784855725 0.0011276391975115986 -0.00065210509034464284 0.0011635715873645886 0.00077406601866481222 -0.00027002325165085493 -0.0011808770234763091 0.0012067913560063713 0.00023452451635551242 -7.8579374322933822e-05 -0.001789048108427475 0.00090075075568165632
leaf_weight=726 20 20 25 23 23 20 27 25 36 20 38 34 26 37 40 21 25 26 20 20 41 21 34 20 21 21 35 21 21 26
leaf_count=726 20 20 25 23 23 20 27 25 36 20 38 34 26 37 40 21 25 26 20 20 41 21 34 20 21 21 35 21 21 26
internal_value=-1.14778e-12 -0.00127357 3.45843e-05 6.27151e-06 4.18557e-05 8.93022e-06 -1.3673e-05 1.70562e-05 -9.41595e-06 0.00077857 1.43527e-05 -4.49737e-06 1.11592e-05 -1.1494e-05 -0.000254725 -0.000754944 -0.000207806 0.000228044 -0.000234212 2.93264e-05 7.07078e-06 3.56397e-05 1.00326e-05 -1.91224e-05 -4.35062e-05 0.000486394 -1.46946e-05 -0.000402751 -0.000933814 2.50399e-05
internal_weight=1513 40 1473 1448 1425 1402 1362 1335 1310 40 1274 1236 1202 1176 169 83 62 86 60 1007 987 946 925 891 850 41 829 77 42 752
internal_count=1513 40 1473 1448 1425 1402 1362 1335 1310 40 1274 1236 1202 1176 169 83 62 86 60 1007 987 946 925 891 850 41 829 77 42 752
is_linear=0
shrinkage=0.1


Tree=66
num_leaves=31
num_cat=0
split_feature=1 10 8 9 4 4 4 9 10 10 4 9 3 3 7 7 7 4 9 1 1 9 7 1 1 7 1 1 4 10
split_gain=0.00642854 0.00430122 0.00238163 0.00790321 0.001831 0.00294875 0.00239657 0.003984 0.00353545 0.0032398 0.000739291 0.000861581 0.00462978 0.00132051 0.0025963 0.00513826 0.00459284 0.00688322 0.00539308 0.00177236 0.00149521 0.00145311 0.00120695 0.00205497 0.0031804 0.00210574 0.00208162 0.00269857 0.00140495 0.00321181
threshold=461.00000000000006 65.128762882001539 47.463884191626626 46.798844392032152 32.653742245356334 30.876694583444952 29.024713666211831 36.814814840480004 36.792314908465663 34.947657291180313 2.8679969601836968 7.2420761398882449 8.4828682590663025 11.642514911405993 1.3416884310052246 1.5118697670339951 1.0681237952453813 12.889873472121915 15.795486747300618 429.50000000000006 409.50000000000006 9.4688310860872811 1.7053470463296219 393.50000000000006 385.50000000000006 1.836630035523563 376.50000000000006 369.50000000000006 17.414863822285735 24.321260119408329
decision_type=2 2 2 2 2 2 2 2 2 2 2 2 2 2 2 2 2 2 2 2 2 2 2 2 2 2 2 2 2 2
left_child=1 2 3 4 5 6 7 8 9 10 -1 12 -12 21 16 -16 18 -18 -15 20 22 -13 -17 24 25 -24 27 28 -27 -30
right_child=-2 -3 -4 -5 -6 -7 -8 -9 -10 -11 11 13 -14 14 15 19 17 -19 -20 -21 -22 -23 23 -25 -26 26 -28 -29 29 -31
leaf_value=0.00054780467786865003 -0.0013394911689517488 0.0014526705878476303 -0.00080369545870261007 0.0020051332050934436 -0.00074460747637203903 0.001196464885114914 -0.00096767869452014574 0.0013252557536242936 -0.0012593674907376146 0.0012222119950985706 0.0003821448935438336 0.00011641663841973323 -0.0015538087389099279 -0.00083059741821336127 0.0015758707747972084 -0.00075454832209895066 -2.7086560439784083e-05 -0.0026506751170381907 0.0008898993774450252 0.00090346350424668008 -0.00080458906353063266 0.0010489741862935867 0.00097615240427496083 0.00074215238596111338 -0.0012652369524585084 6.3579132853314567e-05 0.00094448457470703456 -0.0011601421837916686 -0.0013575352718243781 -9.5203124090994888e-05
leaf_weight=24 35 21 35 20 32 21 25 23 22 22 30 55 21 38 21 21 20 20 35 21 24 24 22 37 20 595 22 21 23 163
leaf_count=24 35 21 35 20 32 21 25 23 22 22 30 55 21 38 21 21 20 20 35 21 24 24 22 37 20 595 22 21 23 163
internal_value=2.544e-12 3.172e-05 1.12396e-05 3.12978e-05 3.14036e-06 2.0606e-05 2.30131e-06 2.06166e-05 -2.44769e-06 1.91725e-05 -1.88308e-06 -1.25826e-05 -0.000415012 4.78113e-06 -2.35059e-05 2.83277e-05 -0.000477624 -0.00133888 -5.70169e-06 -5.21035e-06 -2.53392e-05 0.000399725 -5.09894e-06 1.23301e-05 -1.88517e-05 1.06137e-05 -1.51652e-05 -4.14898e-05 -1.14108e-05 -0.000251298
internal_weight=1513 1478 1457 1422 1402 1370 1349 1324 1301 1279 1257 1233 51 1182 1103 990 113 40 73 969 948 79 924 903 866 846 824 802 781 186
internal_count=1513 1478 1457 1422 1402 1370 1349 1324 1301 1279 1257 1233 51 1182 1103 990 113 40 73 969 948 79 924 903 866 846 824 802 781 186
is_linear=0
shrinkage=0.1


Tree=67
num_leaves=31
num_cat=0
split_feature=10 1 7 5 5 9 3 8 8 1 0 1 4 7 1 7 7 7 10 4 4 8 8 8 6 7 1 1 6 6
split_gain=0.00639948 0.004167 0.00150085 0.00205851 0.00623355 0.00507209 0.00725595 0.00453917 0.00862203 0.0060749 0.00242602 0.00304559 0.000838902 0.00204503 0.00150913 0.00135232 0.00216332 0.00164751 0.0019933 0.00238616 0.00183642 0.0011617 0.00277623 0.00714989 0.00204198 0.00203787 0.00517939 0.00488203 0.00258614 0.00307412
threshold=74.802383311366867 475.00000000000006 93.786981373858666 51.03658790844927 48.27179623834683 49.642280478181114 56.881222997543603 34.539047541661638 33.153716453459715 343.50000000000006 21.500000000000004 432.00000000000006 8.6103727871998448 18.099000755880514 409.50000000000006 9.0505323956663251 6.1909785361579379 2.9655321232908798 10.696376794795865 7.100061445518894 7.5772244327837006 11.960344150881797 12.695151865825652 13.014852038869973 12.163781211764777 1.1365183039898843 400.50000000000006 353.50000000000006 14.803321803618546 15.469658165949323
decision_type=2 2 2 2 2 2 2 2 2 2 2 2 2 2 2 2 2 2 2 2 2 2 2 2 2 2 2 2 2 2
left_child=1 2 3 4 7 6 -5 8 10 -9 11 12 13 15 21 16 17 20 -19 -20 -1 24 -23 -24 -14 27 28 -25 -27 -30
right_child=-2 -3 -4 5 -6 -7 -8 9 -10 -11 -12 -13 14 -15 -16 -17 -18 18 19 -21 -22 22 23 25 -26 26 -28 -29 29 -31
leaf_value=3.2938980770528101e-05 -0.0017769192624837163 0.0012787064973963425 0.00080300782321263923 -0.0024538257280769557 0.0016507705711536922 0.00036332567381721585 5.8049962693906349e-05 2.7703461927120336e-05 0.0020860738900955766 -0.0022400646054718111 -0.0010724158924339073 0.0010425816323342068 0.0001165837192764649 0.0010962506603391375 -0.00076395398781945313 -0.00062330727663787984 0.000822368722660222 -0.001179896920387234 0.00052535429705000884 -0.00060526394227053979 0.00080113592300152126 0.00083403854215567989 -0.0018292313759130511 0.00030397314815976042 -0.0011491854469059036 0.00087212646371881419 0.0016299628105480226 -0.0018114918388891965 -0.0010042128662462347 2.6868688298793548e-06
leaf_weight=154 20 26 23 23 23 38 23 27 20 21 21 28 26 20 30 27 38 21 35 40 39 37 22 24 25 32 20 20 32 578
leaf_count=154 20 26 23 23 23 38 23 27 20 21 21 28 26 20 30 27 38 21 35 40 39 37 22 24 25 32 20 20 32 578
internal_value=1.89371e-12 2.38033e-05 1.56239e-06 -1.1203e-05 1.84701e-05 -0.000491625 -0.00119789 -9.60989e-06 2.59464e-05 -0.000964445 -6.52209e-06 1.14136e-05 -1.22525e-05 0.000112464 -6.73874e-05 5.68831e-05 0.000113046 1.97782e-05 -0.00031876 -7.76421e-05 0.00018817 -4.17783e-05 -1.09708e-05 -5.39177e-05 -0.000503891 1.40371e-06 4.52047e-05 -0.000657602 -4.16473e-06 -5.01341e-05
internal_weight=1513 1493 1467 1444 1360 84 46 1337 1289 48 1269 1248 1220 374 846 354 327 289 96 75 193 816 765 728 51 706 662 44 642 610
internal_count=1513 1493 1467 1444 1360 84 46 1337 1289 48 1269 1248 1220 374 846 354 327 289 96 75 193 816 765 728 51 706 662 44 642 610
is_linear=0
shrinkage=0.1


Tree=68
num_leaves=31
num_cat=0
split_feature=1 4 1 10 9 10 10 8 6 6 9 6 4 8 3 8 8 5 9 6 6 5 10 1 5 3 9 1 6 8
split_gain=0.00576413 0.00436797 0.00766806 0.00446343 0.0033013 0.00250218 0.00397604 0.00257175 0.00361037 0.00150028 0.00123524 0.00242727 0.00295747 0.0018611 0.00399792 0.0034457 0.00201197 0.0065433 0.00165855 0.00364297 0.00300562 0.00267807 0.00233397 0.0101938 0.00345255 0.00272915 0.00232885 0.00478131 0.00291312 0.00224228
threshold=461.00000000000006 38.945759782858772 317.50000000000006 49.899808754057567 43.419466179929181 41.098278424133753 38.930707891399074 33.570459960068682 34.077186063869178 32.444477856656334 31.547202001408667 29.91522476300225 24.246075803058165 25.797067053790023 32.892319251107061 24.590981413032193 23.18461961612277 30.282523728179417 23.605191006093467 22.921118202999697 22.350617806375258 29.186759398667999 22.364567788107436 316.50000000000006 31.628236162267026 29.65415573632048 20.081230949683846 334.50000000000006 19.43837879646901 17.993768282115415
decision_type=2 2 2 2 2 2 2 2 2 2 2 2 2 2 2 2 2 2 2 2 2 2 2 2 2 2 2 2 2 2
left_child=1 3 -3 4 5 6 7 8 9 10 11 12 13 15 -15 16 18 -18 19 20 22 -20 24 -24 25 26 28 -28 29 -1
right_child=-2 2 -4 -5 -6 -7 -8 -9 -10 -11 -12 -13 -14 14 -16 -17 17 -19 21 -21 -22 -23 23 -25 -26 -27 27 -29 -30 -31
leaf_value=-6.110636050477966e-06 -0.0012683832685330086 0.0020987828486357576 -0.00033170060347765683 -0.0013845734217244646 0.0012080603000788909 -0.00088821296925626454 0.0013538172786039387 -0.0009498458279787363 0.0011420228560122528 -0.00072982728015631444 0.00062361530058296921 -0.00098096245434135202 0.0011376224326617693 -0.0016520150454847943 0.00018768217091241646 0.0011346759878371679 -0.0015827646069010372 0.00065911198945958977 0.0014799779125314672 -0.0011752205061314341 0.0011294088035356253 4.8746676839073195e-06 0.00038355381323278631 -0.0020846901590832407 0.0012780630591971039 -0.0011451298982137815 -0.00044919267767743972 0.0014784175354326445 -0.0011981597996782512 0.00099682297271931966
leaf_weight=724 35 27 25 23 23 31 22 28 28 28 32 25 23 21 27 27 30 23 20 26 24 32 44 27 22 20 22 31 20 23
leaf_count=724 35 27 25 23 23 31 22 28 28 28 32 25 23 21 27 27 30 23 20 26 24 32 44 27 22 20 22 31 20 23
internal_value=-1.40085e-12 3.00361e-05 0.000930281 -2.79187e-06 1.98603e-05 5.69509e-08 2.04694e-05 -1.63586e-06 1.88028e-05 -5.94158e-06 1.03648e-05 -5.84002e-06 1.47148e-05 -7.49228e-06 -0.000617185 1.87546e-05 -8.93831e-06 -0.000609875 2.18343e-05 -7.28084e-06 2.445e-05 0.000572222 -3.97336e-06 -0.000555074 4.14189e-05 9.03064e-06 3.71809e-05 0.000678277 -7.11912e-06 2.47695e-05
internal_weight=1513 1478 52 1426 1403 1380 1349 1327 1299 1271 1243 1211 1186 1163 48 1115 1088 53 1035 983 957 52 933 71 862 840 820 53 767 747
internal_count=1513 1478 52 1426 1403 1380 1349 1327 1299 1271 1243 1211 1186 1163 48 1115 1088 53 1035 983 957 52 933 71 862 840 820 53 767 747
is_linear=0
shrinkage=0.1


Tree=69
num_leaves=31
num_cat=0
split_feature=10 0 1 4 1 9 10 4 8 3 3 4 1 4 7 3 1 3 4 1 1 8 10 4 3 3 1 8 7 10
split_gain=0.00568747 0.00453792 0.00628858 0.00306051 0.00633318 0.00387921 0.00684684 0.00726093 0.00331237 0.00306831 0.00129166 0.00227085 0.00508386 0.00285135 0.00195024 0.00104673 0.00100169 0.0123513 0.00643359 0.00317283 0.00260991 0.00080081 0.00487151 0.00347214 0.00247734 0.00168877 0.00114646 0.00109467 0.00178076 0.00130663
threshold=74.802383311366867 21.500000000000004 462.50000000000006 31.272573666813781 365.50000000000006 41.632730820024939 39.491871923152296 28.169896156424127 41.033035975664539 59.061692130234071 47.15242748928285 24.009796547415409 340.50000000000006 22.99178813697198 9.7484822255465975 42.055265714349126 403.50000000000006 23.114494522794132 10.580330785787629 396.50000000000006 390.50000000000006 24.181411783875678 27.705038977338258 18.929957774068228 28.223914014667617 34.037047737471234 382.50000000000006 20.657693845770329 6.8364618952740246 21.152384561160058
decision_type=2 2 2 2 2 2 2 2 2 2 2 2 2 2 2 2 2 2 2 2 2 2 2 2 2 2 2 2 2 2
left_child=1 3 -3 5 8 6 7 10 -5 -10 11 13 14 15 -13 16 19 18 -18 20 21 23 -23 26 -25 -24 27 29 -29 -1
right_child=-2 2 -4 4 -6 -7 -8 -9 9 -11 -12 12 -14 -15 -16 -17 17 -19 -20 -21 -22 22 25 24 -26 -27 -28 28 -30 -31
leaf_value=-2.76559603631146e-05 -0.0016751549486070873 -5.9750154293302841e-05 0.0021285642974059253 0.00084244744386523978 -0.001963299572040948 0.0013154925920231186 -0.0018306504128850064 0.0016565486029894265 -0.0013731982723887391 0.00024312714889200161 0.0006836657120233954 0.0007225097874179482 -0.0015305522438739576 0.0010544678773910094 -0.00060233426396735009 -0.00070407741420370129 0.00050665138056501754 0.0019489380087430496 -0.0020298017806271674 -0.0012631844007432846 0.0010860018008811906 -0.0016694067046046257 0.00071897934173682223 0.00019308491707003368 0.001700033692177385 -0.00035489632391545457 -0.00068622378292695018 -0.0010090269468491897 3.0769877930652001e-05 0.00036058236525577465
leaf_weight=697 20 29 24 25 24 23 20 27 24 23 27 25 31 26 20 21 20 29 20 20 22 20 27 24 20 32 26 28 40 99
leaf_count=697 20 29 24 25 24 23 20 27 24 23 27 25 31 26 20 21 20 29 20 20 22 20 27 24 20 32 26 28 40 99
internal_value=-3.77651e-12 2.24401e-05 0.000931185 -1.10067e-05 -0.000556488 2.79562e-05 5.53884e-06 3.37662e-05 -8.75507e-05 -0.000582231 -6.25582e-07 -1.54418e-05 -0.000545146 1.89369e-05 0.00013369 -4.57735e-06 8.4916e-06 0.000377626 -0.000761575 -1.56508e-05 8.45609e-06 -1.49457e-05 -0.000320663 1.09126e-05 0.000878062 0.000136538 -3.19577e-05 -1.22691e-05 -0.000397382 2.063e-05
internal_weight=1513 1493 53 1440 96 1344 1321 1301 72 47 1274 1247 76 1171 45 1145 1124 69 40 1055 1035 1013 79 934 44 59 890 864 68 796
internal_count=1513 1493 53 1440 96 1344 1321 1301 72 47 1274 1247 76 1171 45 1145 1124 69 40 1055 1035 1013 79 934 44 59 890 864 68 796
is_linear=0
shrinkage=0.1


Tree=70
num_leaves=31
num_cat=0
split_feature=1 4 1 10 4 1 4 9 10 10 7 7 3 9 1 5 1 1 3 4 10 4 9 6 9 9 6 6 10 8
split_gain=0.00560311 0.00440176 0.00629848 0.00365685 0.00309091 0.00698675 0.00321435 0.00331207 0.00285456 0.00219573 0.000839911 0.00586613 0.00383824 0.00470573 0.00717644 0.00544623 0.00252138 0.00249516 0.00250362 0.00439285 0.00602889 0.00149142 0.00229977 0.00320032 0.00208828 0.00145961 0.00453725 0.00363362 0.00495661 0.00340065
threshold=461.00000000000006 38.945759782858772 290.50000000000006 49.899808754057567 31.493864719469801 321.50000000000006 29.024713666211831 36.814814840480004 36.792314908465663 34.947657291180313 4.4236551611749464 4.6495042759794698 25.333149532822272 23.813614138563967 393.50000000000006 29.186759398667999 426.50000000000006 403.50000000000006 23.381800218147628 17.192841544242757 20.042980224589723 14.434171744371499 16.423852223928474 15.469658165949323 15.125617311896496 15.270800005879446 14.385399172073205 15.663692855556203 17.925838771904214 15.991136371433955
decision_type=2 2 2 2 2 2 2 2 2 2 2 2 2 2 2 2 2 2 2 2 2 2 2 2 2 2 2 2 2 2
left_child=1 3 -3 4 6 -6 7 8 9 10 12 -12 16 -14 15 -15 17 18 19 20 21 22 23 24 -1 26 -13 -27 -29 -30
right_child=-2 2 -4 -5 5 -7 -8 -9 -10 -11 11 25 13 14 -16 -17 -18 -19 -20 -21 -22 -23 -24 -25 -26 27 -28 28 29 -31
leaf_value=4.1322979173429054e-05 -0.0012505425817133592 0.0023254516767337919 6.3259962917072696e-05 -0.0012540564467401608 -0.00033675247155453853 0.0022188486385857687 -0.00094156054555140963 0.0012056637955222117 -0.0011343278879807756 0.0010049184940395539 -0.0015026307415350207 -4.549741327613549e-05 0.0018171166549459138 -0.0017166596552124248 0.0017830650525138482 0.00053967307751957817 -0.0011232918221503495 0.0009394892774123167 -0.00090113666590168002 0.0014406143665491116 -0.0016939106064715556 0.0006972262331373714 -0.00090385420782560552 0.0012513509807398633 -0.00096244590610943058 0.0013209656701126898 -0.0016223390417342835 -0.0014946563066803805 0.001053690429266267 -7.7065211577054194e-06
leaf_weight=358 35 20 32 23 23 20 36 23 22 22 28 107 26 20 20 23 20 28 31 21 21 32 27 21 22 22 22 21 33 354
leaf_count=358 35 20 32 23 23 20 36 23 22 22 28 107 26 20 20 23 20 28 31 21 21 32 27 21 22 22 22 21 33 354
internal_value=-2.53733e-12 2.96137e-05 0.000933334 -3.34107e-06 1.71625e-05 0.000851899 -9.22995e-06 1.61204e-05 -4.90916e-06 1.45179e-05 -2.81608e-06 -9.01469e-05 7.36961e-05 0.000685232 0.000218105 -0.000509784 -1.99815e-05 1.93522e-05 -2.89852e-05 2.48728e-05 -3.69371e-05 3.87073e-05 -1.05277e-05 4.96214e-05 -1.679e-05 -1.93963e-05 -0.000314416 6.91096e-05 1.60758e-06 8.28002e-05
internal_weight=1513 1478 52 1426 1403 43 1360 1324 1301 1279 1257 587 670 89 63 43 581 561 533 502 481 460 428 401 380 559 129 430 408 387
internal_count=1513 1478 52 1426 1403 43 1360 1324 1301 1279 1257 587 670 89 63 43 581 561 533 502 481 460 428 401 380 559 129 430 408 387
is_linear=0
shrinkage=0.1


Tree=71
num_leaves=31
num_cat=0
split_feature=10 1 9 8 1 9 6 1 10 6 4 4 5 4 3 10 8 1 6 10 6 1 1 1 5 10 6 10 9 1
split_gain=0.00543615 0.0401425 0.0056077 0.00826216 0.00832978 0.00203257 0.00704621 0.00570633 0.00221003 0.00219839 0.000849125 0.00321691 0.0036708 0.00217549 0.00506634 0.004495 0.00366515 0.00116008 0.00101256 0.00255193 0.00207103 0.00151685 0.00129727 0.00179183 0.00158228 0.0013657 0.00286686 0.00199752 0.002319 0.00186504
threshold=56.645945090271731 324.50000000000006 49.642280478181114 42.668322125308705 475.00000000000006 38.053391719435751 35.700285177061865 292.50000000000006 35.965183534015218 33.628236668454058 22.99178813697198 24.009796547415409 33.18370750882071 19.25209547350773 35.307382204131748 26.952363406560746 23.18461961612277 318.50000000000006 24.035541494670149 26.715781235452372 22.921118202999697 433.50000000000006 406.50000000000006 390.50000000000006 33.368005045425527 23.227216818263411 21.148409964689499 21.152384561160058 19.643207005226511 288.50000000000006
decision_type=2 2 2 2 2 2 2 2 2 2 2 2 2 2 2 2 2 2 2 2 2 2 2 2 2 2 2 2 2 2
left_child=2 -2 3 4 5 6 8 -7 9 10 13 -12 -13 18 15 16 -15 -14 20 -20 21 22 23 24 25 26 27 28 -1 -27
right_child=1 -3 -4 -5 -6 7 -8 -9 -10 -11 11 12 17 14 -16 -17 -18 -19 19 -21 -22 -23 -24 -25 -26 29 -28 -29 -30 -31
leaf_value=-2.3005659940424249e-05 0.002017641082638875 -0.0043181698105763649 0.0015161641060840339 -0.0018746101145592075 0.0019235865113011602 -0.00052753902262473406 -0.0016840202073217369 0.0014073599056739893 0.00085914957026640584 -0.00095720866083865992 0.0013563722990511452 -0.0011766359140165151 -1.9771374562489136e-05 5.6309610317839546e-05 -0.0017212760261221167 0.00084051179671377856 -0.0015986535333744859 0.00092768727481598037 0.0013519109136541374 -2.0520904009962188e-05 -0.00074990662723264131 0.00087377663834818783 -0.00060143050945815494 0.00069993878475939613 0.00072054105345159775 -7.0715741640015042e-05 -0.0011488933581858874 0.00058258865005532596 -0.00095140193505877904 0.0012368095526471734
leaf_weight=688 20 20 25 23 23 27 25 35 30 24 22 20 28 32 24 33 23 24 20 42 35 21 33 39 30 24 23 52 28 20
leaf_count=688 20 20 25 23 23 27 25 35 30 24 22 20 28 32 24 33 23 24 20 42 35 21 33 39 30 24 23 52 28 20
internal_value=-3.66413e-12 -0.00115026 3.1236e-05 5.59839e-06 3.59456e-05 4.97861e-06 -2.09209e-05 0.000564743 1.06969e-05 -9.1113e-06 8.93338e-06 0.000298068 -2.53031e-05 -1.43559e-05 -0.000433401 -8.21618e-05 -0.000635766 0.000417517 3.01303e-05 0.000422199 5.6507e-06 3.32546e-05 1.44168e-05 3.6898e-05 7.00365e-06 -1.86324e-05 -4.87953e-05 -1.58497e-05 -5.93117e-05 0.000523614
internal_weight=1513 40 1473 1448 1425 1402 1340 62 1315 1285 1261 94 72 1167 112 88 55 52 1055 62 993 958 937 904 865 835 791 768 716 44
internal_count=1513 40 1473 1448 1425 1402 1340 62 1315 1285 1261 94 72 1167 112 88 55 52 1055 62 993 958 937 904 865 835 791 768 716 44
is_linear=0
shrinkage=0.1


Tree=72
num_leaves=31
num_cat=0
split_feature=1 10 10 4 4 8 8 6 4 4 5 3 1 1 7 6 10 10 3 1 1 8 4 3 8 4 1 1 3 7
split_gain=0.00513908 0.00410464 0.00217833 0.00458807 0.00159703 0.00217132 0.00651951 0.00294347 0.00291872 0.000927327 0.00353839 0.00332113 0.00284744 0.00175142 0.00138164 0.00112023 0.00230759 0.00223925 0.00260157 0.00136453 0.0023583 0.00228316 0.00347051 0.00177809 0.00113359 0.00130393 0.00166183 0.00102316 0.00150019 0.0038772
threshold=461.00000000000006 65.128762882001539 54.505254860403234 35.787658454559718 32.653742245356334 33.153716453459715 34.539047541661638 33.628236668454058 29.611188488111861 22.568182893224492 31.203253171881212 34.037047737471234 428.50000000000006 411.50000000000006 9.6081525138279371 26.132463723852371 26.818818032926547 28.870263613521924 35.033334245940026 396.50000000000006 390.50000000000006 23.363531813377673 19.63156511102957 22.284414197458414 22.125317544206904 18.000469718111471 382.50000000000006 343.50000000000006 22.095994133832384 1.7842645742017083
decision_type=2 2 2 2 2 2 2 2 2 2 2 2 2 2 2 2 2 2 2 2 2 2 2 2 2 2 2 2 2 2
left_child=1 2 3 4 5 7 -7 9 -8 12 -11 -12 13 15 -13 16 19 -17 -19 20 21 22 24 -21 25 26 27 -1 29 -29
right_child=-2 -3 -4 -5 -6 6 8 -9 -10 10 11 14 -14 -15 -16 17 -18 18 -20 23 -22 -23 -24 -25 -26 -27 -28 28 -30 -31
leaf_value=-3.1361783116901913e-05 -0.0011976408462838403 0.0014164604069221588 -0.00091705400496721278 0.001340793645851171 -0.00073422883508791187 0.0019423883084369745 0.00058029922997775434 -0.00089466328956060929 -0.00086177745976601734 0.0014559862869126458 -0.0011193327262299135 0.00085018233978189544 -0.00096080610800849942 0.00093814229476265611 -9.4437848383677197e-05 -0.0012292106307789008 0.0010570977881018604 0.00085192011756589641 -0.00067824714342714287 7.5588632552396688e-05 0.0010223996721754741 -0.00098657795157202559 0.0013250524972045243 -0.0012418912354041824 0.00061980733570245715 -0.00080504294022657212 -0.00081091707851737747 0.00087283808542350835 0.00080221706394743375 -0.00044832855095717551
leaf_weight=705 35 21 25 26 29 23 32 37 25 21 20 30 31 20 32 22 21 20 25 21 23 23 20 20 28 21 25 36 38 58
leaf_count=705 35 21 25 26 29 23 32 37 25 21 20 30 31 20 32 22 21 20 25 21 23 23 20 20 28 21 25 36 38 58
internal_value=9.18992e-13 2.83609e-05 8.35399e-06 2.45099e-05 1.68903e-07 1.56355e-05 0.000521251 -1.55512e-05 -5.21905e-05 1.0264e-05 0.000297791 1.18054e-06 -1.53327e-05 1.06972e-05 0.000362636 -6.07395e-06 1.94828e-05 -0.000402394 1.82719e-06 -1.92184e-06 2.17953e-05 -2.32826e-06 2.19873e-05 -0.000567084 -6.62011e-06 -2.64842e-05 -7.51696e-06 1.64795e-05 0.000271995 5.76502e-05
internal_weight=1513 1478 1457 1432 1406 1377 80 1297 57 1260 103 82 1157 1126 62 1106 1039 67 45 1018 977 954 931 41 911 883 862 837 132 94
internal_count=1513 1478 1457 1432 1406 1377 80 1297 57 1260 103 82 1157 1126 62 1106 1039 67 45 1018 977 954 931 41 911 883 862 837 132 94
is_linear=0
shrinkage=0.1


Tree=73
num_leaves=31
num_cat=0
split_feature=10 0 7 4 4 1 1 9 10 6 5 8 9 6 8 4 4 8 8 4 8 4 7 7 3 8 5 7 7 7
split_gain=0.00505551 0.00432588 0.00658465 0.00285695 0.00479464 0.0101819 0.00454455 0.00403197 0.00432635 0.00305838 0.00584058 0.00457487 0.00103954 0.00328275 0.00249439 0.00163026 0.0023983 0.000777906 0.00491862 0.00242292 0.00160667 0.00252523 0.0012455 0.00941629 0.00804456 0.0027285 0.00266483 0.00187026 0.00516988 0.00310501
threshold=74.802383311366867 21.500000000000004 6.3880548362428433 33.388305174692242 41.540899795538628 308.50000000000006 429.50000000000006 43.419466179929181 40.587143638610428 34.93991192597516 44.253003606191136 32.392828760120558 31.547202001408667 29.91522476300225 30.61997032170547 24.246075803058165 21.836817250428773 23.488801157006257 24.316204097291582 19.25209547350773 22.403249496659328 19.386813457205104 2.4722833437693814 2.6016229867795766 21.909074127173515 17.483325550493856 19.078716145192384 3.1104986317063568 3.5125855908626296 3.8596623228385081
decision_type=2 2 2 2 2 2 2 2 2 2 2 2 2 2 2 2 2 2 2 2 2 2 2 2 2 2 2 2 2 2
left_child=1 3 -3 6 5 -5 7 8 9 11 -11 12 13 15 -14 16 17 20 -19 -20 22 -22 24 -24 25 26 -1 -25 -29 -30
right_child=-2 2 -4 4 -6 -7 -8 -9 -10 10 -12 -13 14 -15 -16 -17 -18 18 19 -21 21 -23 23 27 -26 -27 -28 28 29 -31
leaf_value=1.8393303925906958e-05 -0.0015793491038493812 5.4674457715009341e-06 0.0022843371313120728 0.00015692289080470801 0.00046860285936138379 -0.0027928036425940018 0.0011297122648102232 0.001365725365689113 -0.0013612425866692016 0.0020629235776141288 -0.00035380511682888029 -0.0014310452584101333 0.0011813317696578451 -0.0011609012237749994 -0.00018643686935926478 0.00084996861194006415 -0.00090133456901336719 0.001537270909624488 0.0004242281351190317 -0.00090520225035456512 0.00015141177434651625 -0.0013993887391517915 -0.0022119714482687412 0.00046083408650398879 0.0018508913712979008 -0.0010795305333366353 0.0011859250137127848 -0.0012295785211285371 0.00078486213163334007 -6.9965609040468176e-05
leaf_weight=283 20 32 21 25 26 22 36 21 24 20 20 23 24 25 30 22 30 23 29 26 21 21 20 75 26 21 21 36 47 443
leaf_count=283 20 32 21 25 26 22 36 21 24 20 20 23 24 25 30 22 30 23 29 26 21 21 20 75 26 21 21 36 47 443
internal_value=-3.97788e-12 2.11567e-05 0.000908416 -1.14993e-05 -0.000621026 -0.0012238 2.10504e-05 -8.93597e-06 -3.09725e-05 -6.14633e-06 0.000854559 -3.37773e-05 -7.50001e-06 -2.73151e-05 0.00042146 -2.54269e-06 -1.92586e-05 4.97426e-06 0.00030929 -0.00020423 -1.84346e-05 -0.000623988 7.7313e-06 -7.73719e-05 0.000158298 2.2891e-05 9.90452e-05 -6.33696e-06 -7.29488e-05 1.20281e-05
internal_weight=1513 1493 53 1440 73 47 1367 1331 1310 1286 40 1246 1223 1169 54 1144 1122 1092 78 55 1014 42 972 621 351 325 304 601 526 490
internal_count=1513 1493 53 1440 73 47 1367 1331 1310 1286 40 1246 1223 1169 54 1144 1122 1092 78 55 1014 42 972 621 351 325 304 601 526 490
is_linear=0
shrinkage=0.1


Tree=74
num_leaves=31
num_cat=0
split_feature=7 3 4 1 3 3 1 8 5 3 3 5 3 10 4 6 7 7 7 1 3 5 3 9 9 8 7 5 7 7
split_gain=0.00487355 0.00580837 0.00265297 0.00685267 0.00646531 0.00146553 0.0121698 0.0121127 0.00213902 0.00457439 0.00183836 0.00298103 0.00716676 0.00257994 0.00100212 0.00204053 0.00190384 0.0097237 0.00430633 0.00437196 0.00394866 0.00328834 0.00223529 0.00256196 0.00241921 0.00241909 0.00288563 0.0047975 0.00196066 0.00357595
threshold=93.786981373858666 77.784454683945839 36.825613721887429 475.00000000000006 59.061692130234071 37.881254509189837 368.50000000000006 31.428501885362476 54.037711388932287 49.925443943030281 40.560385508731372 44.253003606191136 46.82448458292999 33.917169539491908 12.201845989689998 15.663692855556203 1.0681237952453813 1.3556173050316047 2.3169653963506112 370.50000000000006 21.909074127173515 28.575564757111184 21.909074127173515 19.841784423006601 18.51679002851084 19.771225001576692 4.4236551611749464 28.150397544980738 6.2667766477450195 11.435434063303722
decision_type=2 2 2 2 2 2 2 2 2 2 2 2 2 2 2 2 2 2 2 2 2 2 2 2 2 2 2 2 2 2
left_child=1 2 3 5 -4 7 8 14 9 10 -7 13 -13 -12 -1 -16 -17 -18 20 22 -19 -21 -20 24 -24 -25 -27 -28 -29 -30
right_child=-2 -3 4 -5 -6 6 -8 -9 -10 -11 11 12 -14 -15 15 16 17 18 19 21 -22 -23 23 25 -26 26 27 28 29 -31
leaf_value=7.9526905734695981e-05 -0.0012618659991615764 0.001676806777582637 -0.0018694829671100405 0.0017766859276558866 0.00056496431672712786 -0.00064837695699679907 0.0022232509735557768 -0.0024849884962895885 0.00073315086854814455 -0.0016131670493632557 -4.8357584455516195e-05 -0.0017885521736641864 0.0007511493721976876 0.0013426682927335303 -0.0010972480417694897 0.00063335517447234862 -0.0022240108012088707 -0.00024058840353973211 0.00072781422886213196 -0.0015115013656779067 0.0014063722128363175 -8.9301544960170731e-05 -0.00011797944943492229 0.00075427579751703895 -0.0015610567471455962 0.00060758601488156605 -0.0016417527060105426 -0.00083755222137999504 0.00071469190662872863 -0.00050834602666630731
leaf_weight=651 30 21 24 22 20 32 27 20 29 20 24 20 25 30 20 36 21 24 38 37 37 29 26 40 21 44 23 26 51 45
leaf_count=651 30 21 24 22 20 32 27 20 29 20 24 20 25 30 20 36 21 24 38 37 37 29 26 40 21 44 23 26 51 45
internal_value=-1.03053e-12 2.55266e-05 1.80782e-06 2.55369e-05 -0.000762916 -2.05999e-06 0.000243502 -4.48113e-05 -5.34604e-05 -0.000204531 1.05274e-05 0.000223507 -0.000377607 0.000724435 -3.0632e-06 -0.000106859 -6.70842e-05 -0.000121664 -2.15522e-05 -0.000146753 0.000758388 -0.000886595 8.75524e-06 -9.02456e-05 -0.000762759 4.77811e-05 -0.000101742 -0.000316986 -6.72348e-05 0.000141393
internal_weight=1513 1483 1462 1418 44 1396 207 1189 180 151 131 99 45 54 1169 518 498 462 441 380 61 66 314 276 47 229 189 145 122 96
internal_count=1513 1483 1462 1418 44 1396 207 1189 180 151 131 99 45 54 1169 518 498 462 441 380 61 66 314 276 47 229 189 145 122 96
is_linear=0
shrinkage=0.1


Tree=75
num_leaves=31
num_cat=0
split_feature=1 10 8 9 1 5 7 7 5 10 4 1 6 1 5 6 1 7 7 4 4 4 8 6 10 10 9 1 1 1
split_gain=0.00527625 0.00362413 0.00223308 0.00381099 0.00180196 0.00152767 0.00133407 0.00518935 0.00419215 0.00150064 0.00142977 0.00340487 0.00716145 0.00474039 0.00208537 0.00113078 0.00106998 0.00136224 0.001098 0.000909489 0.00158187 0.00154304 0.00173801 0.000997643 0.0050672 0.00313832 0.00254622 0.00242484 0.00359896 0.00286162
threshold=471.50000000000006 65.128762882001539 47.463884191626626 46.798844392032152 429.50000000000006 25.9522657534676 0.8126632027560714 0.94750344156496014 14.412395828409805 7.3294407391196055 26.536702856180643 362.50000000000006 38.989142607107972 307.50000000000006 51.03658790844927 6.6707156146916882 411.50000000000006 1.1616414789851375 1.2801251295700256 4.9638601797333664 5.4204075000228924 6.0081893750863218 9.091807271826287 12.386037744945972 13.83699579843883 14.24440841722018 13.842084468728407 363.50000000000006 374.50000000000006 355.50000000000006
decision_type=2 2 2 2 2 2 2 2 2 2 2 2 2 2 2 2 2 2 2 2 2 2 2 2 2 2 2 2 2 2
left_child=1 2 3 4 6 -6 8 -8 15 -9 14 12 13 -12 16 -1 17 -11 -19 -20 -21 -22 -23 -24 -25 -26 -27 29 -29 -28
right_child=-2 -3 -4 -5 5 -7 7 9 -10 10 11 -13 -14 -15 -16 -17 -18 18 19 20 21 22 23 24 25 26 27 28 -30 -31
leaf_value=0.00039934429103219557 -0.0012911792752528263 0.0013313552009917443 -0.00078087704375710539 0.0013648020125748147 7.7754210426726135e-05 0.0012853258651739452 -0.0014104060654062779 -0.00084725487459287423 0.0014309837912710815 -0.00061133277286509323 -0.00027602490154094995 -0.0014854392591154293 -0.0011152726342048924 0.0016915408391505482 0.00087568983034198649 -0.0004346465698216815 0.00070675740902185103 0.00070622308773201205 0.00040668220726224215 -0.00083442842714367038 0.0007105999251749988 -0.00091749857279605103 0.0003184788389868724 -0.0013792352271223165 0.0010350562423339178 -0.0010851447047157722 -1.9051948049234035e-05 0.0014739986625500025 0.00011100152857436211 -0.001020698574720882
leaf_weight=29 31 21 35 21 22 20 27 21 26 35 24 21 37 25 29 37 22 23 54 23 30 21 90 27 29 22 579 26 76 30
leaf_count=29 31 21 35 21 22 20 27 21 26 35 24 21 37 25 29 37 22 23 54 23 30 21 90 27 29 22 579 26 76 30
internal_value=-2.73498e-12 2.70085e-05 8.26016e-06 2.76289e-05 7.64267e-06 0.000652788 -1.22371e-05 -3.88543e-05 0.000355485 -9.08588e-06 5.30623e-06 -0.000343882 -6.51298e-05 0.000727835 3.87858e-05 -6.8196e-05 1.6458e-05 2.19834e-06 2.30465e-05 7.44265e-06 -1.51795e-05 5.08147e-06 -1.84358e-05 3.0435e-06 -3.29377e-05 1.47657e-05 -2.56005e-05 7.18431e-06 0.000458432 -6.83941e-05
internal_weight=1513 1482 1461 1426 1405 42 1363 1271 92 1244 1223 107 86 49 1116 66 1087 1065 1030 1007 953 930 900 879 789 762 733 711 102 609
internal_count=1513 1482 1461 1426 1405 42 1363 1271 92 1244 1223 107 86 49 1116 66 1087 1065 1030 1007 953 930 900 879 789 762 733 711 102 609
is_linear=0
shrinkage=0.1


Tree=76
num_leaves=31
num_cat=0
split_feature=10 0 1 7 10 4 1 1 10 8 10 6 1 8 7 9 1 6 4 9 8 4 6 3 4 4 1 6 5 8
split_gain=0.00502439 0.00316868 0.0059199 0.00221927 0.00389425 0.00497854 0.00908266 0.00334386 0.00170041 0.00347882 0.00124025 0.00107459 0.00326554 0.00252928 0.00229555 0.00282895 0.00272682 0.00231579 0.00220362 0.00211017 0.00136747 0.00230433 0.00131164 0.00280835 0.00115634 0.00110272 0.00484979 0.00129967 0.00737543 0.00325808
threshold=74.802383311366867 21.500000000000004 462.50000000000006 93.786981373858666 42.100283874385177 41.540899795538628 305.50000000000006 429.50000000000006 38.930707891399074 33.570459960068682 34.947657291180313 26.132463723852371 374.50000000000006 23.488801157006257 16.620206275197003 28.961212222709253 315.50000000000006 31.271294140016 19.386813457205104 27.688966521848432 22.403249496659328 19.386813457205104 22.461040693106629 28.42925123340305 18.000469718111471 16.16735148551432 309.50000000000006 18.643721701096421 23.157155194830153 18.216163156559968
decision_type=2 2 2 2 2 2 2 2 2 2 2 2 2 2 2 2 2 2 2 2 2 2 2 2 2 2 2 2 2 2
left_child=1 3 -3 4 7 6 -6 8 9 10 11 13 14 20 15 19 17 -17 -15 -13 22 -22 24 -24 25 27 -27 -1 -29 -30
right_child=-2 2 -4 -5 5 -7 -8 -9 -10 -11 -12 12 -14 18 -16 16 -18 -19 -20 -21 21 -23 23 -25 -26 26 -28 28 29 -31
leaf_value=2.7106799370717417e-05 -0.0015744796476792546 -0.00018098749514420295 0.0019422103694523686 0.00098980981750752448 -0.00026976193095414112 0.00050703850481659176 -0.0028492889630364346 0.00097019262644203587 0.00071304882221738812 -0.0011698458164643784 0.0006134179398941342 0.00018613044928012339 -0.0013612982808136505 5.716294312151149e-05 -0.00088123979221563795 0.00087163544016047615 0.0015338515979237855 -0.00059648794651200824 0.0015416234033182265 -0.0011697486339306291 0.00017070159970206166 -0.0013107173408137725 0.0013614828372903339 -0.00010621403798722896 -0.00073168576689733365 -0.0007477651350927773 0.0012625800368065636 -0.0020318386643858894 -0.00073044565112984463 0.00043867533085407317
leaf_weight=714 20 29 24 22 39 25 21 36 32 26 32 24 23 20 28 21 20 22 20 22 21 21 22 32 22 20 30 21 37 67
leaf_count=714 20 29 24 22 39 25 21 36 32 26 32 24 23 20 28 21 20 22 20 22 21 21 22 32 22 20 30 21 37 67
internal_value=1.90947e-12 2.10915e-05 0.000780461 -6.85751e-06 -2.23206e-05 -0.000678586 -0.0011726 1.95268e-05 -6.86025e-06 -2.50714e-05 -1.04868e-06 -1.73394e-05 -0.000258708 1.95459e-05 -7.36015e-05 0.000133865 0.000569185 0.000120503 0.000799393 -0.000462333 -1.14311e-05 -0.000570008 1.288e-05 0.000491737 -1.55045e-05 2.21878e-06 0.000458442 -2.49697e-05 -0.000322431 2.27381e-05
internal_weight=1513 1493 53 1440 1418 85 60 1333 1297 1265 1239 1207 160 1047 137 109 63 43 40 46 1007 42 965 54 911 889 50 839 125 104
internal_count=1513 1493 53 1440 1418 85 60 1333 1297 1265 1239 1207 160 1047 137 109 63 43 40 46 1007 42 965 54 911 889 50 839 125 104
is_linear=0
shrinkage=0.1


Tree=77
num_leaves=31
num_cat=0
split_feature=1 4 4 10 4 1 4 9 9 8 8 4 1 4 6 3 7 4 4 4 9 4 1 6 10 1 5 10 7 5
split_gain=0.00542622 0.00379131 0.00517086 0.00288603 0.00363478 0.00573446 0.00209484 0.00246241 0.00250863 0.00177049 0.000959559 0.00149456 0.00142174 0.0011861 0.00308421 0.00620962 0.00590119 0.00186435 0.00158142 0.00101469 0.00131418 0.00124632 0.00162612 0.00156212 0.00198538 0.00685498 0.00113383 0.002416 0.00239773 0.00139674
threshold=461.00000000000006 38.945759782858772 45.185198897633136 49.899808754057567 31.493864719469801 321.50000000000006 29.024713666211831 36.814814840480004 35.457444561609009 31.188985444359382 28.847626414728918 24.246075803058165 295.50000000000006 18.617147301147181 23.310139734127887 28.782991460126741 4.884861626905459 19.757016790559629 18.14902794862525 17.030727348739827 24.01517933365065 16.16735148551432 321.50000000000006 23.964250709589781 22.020950035412984 294.50000000000006 31.628236162267026 21.152384561160058 12.549519879513861 24.09365750606208
decision_type=2 2 2 2 2 2 2 2 2 2 2 2 2 2 2 2 2 2 2 2 2 2 2 2 2 2 2 2 2 2
left_child=1 3 -3 4 6 -6 7 8 9 10 11 13 -12 18 -15 -16 -17 -18 19 21 -21 23 -23 24 26 -26 27 28 29 -1
right_child=-2 2 -4 -5 5 -7 -8 -9 -10 -11 12 -13 -14 14 15 16 17 -19 -20 20 -22 22 -24 -25 25 -27 -28 -29 -30 -31
leaf_value=-2.1042354276576316e-05 -0.0012306444938544052 0.0019875931862296295 -2.0204680963772639e-05 -0.0011125485311545755 -0.00015489451698553951 0.0021603742172010242 -0.00076450710055521801 0.0010342949672359164 -0.0011208341573365032 0.00076700804444650812 -0.0010923229280160741 0.00074344729501481873 -1.7538838437758387e-05 -0.0012187385670196298 0.0010242255701922586 -0.0020300032630620989 0.00056976766101326105 -0.00052949474516531664 0.00083134130375886657 -0.00088468159831661208 0.00013548016861971953 6.6780953112846387e-06 0.0011897972577051925 0.00085948784503021413 0.00033351831930653698 -0.0016966222677528378 0.00073832277319690388 0.00095850335559449513 -0.00092999793206607656 0.00057280534480620802
leaf_weight=695 35 23 29 23 23 20 36 23 20 30 20 27 32 28 37 20 27 36 24 28 23 26 21 21 39 29 22 26 28 42
leaf_count=695 35 23 29 23 23 20 36 23 20 30 20 27 32 28 37 20 27 36 24 28 23 26 21 21 39 29 22 26 28 42
internal_value=-3.29612e-12 2.91425e-05 0.00086786 -1.4419e-06 1.6773e-05 0.000921975 -1.18474e-05 8.61768e-06 -9.51497e-06 7.83584e-06 -1.03697e-05 7.8692e-06 -0.000430917 -9.07672e-06 -0.000273692 -5.31817e-05 -0.000533472 -5.83823e-05 2.91685e-05 9.91638e-06 -0.000424609 3.32681e-05 0.000535306 7.1087e-06 -1.32091e-05 -0.000532277 3.02062e-05 1.05114e-05 -2.17079e-05 1.27997e-05
internal_weight=1513 1478 52 1426 1403 43 1360 1324 1301 1281 1251 1199 52 1172 148 120 83 63 1024 1000 51 949 47 902 881 68 813 791 765 737
internal_count=1513 1478 52 1426 1403 43 1360 1324 1301 1281 1251 1199 52 1172 148 120 83 63 1024 1000 51 949 47 902 881 68 813 791 765 737
is_linear=0
shrinkage=0.1


Tree=78
num_leaves=31
num_cat=0
split_feature=7 0 7 7 6 1 1 8 1 10 6 6 5 7 5 6 3 5 1 3 5 7 7 5 5 8 4 4 7 10
split_gain=0.00461964 0.00516499 0.00864104 0.00199103 0.00644933 0.00148734 0.00454587 0.0156895 0.00318799 0.00193731 0.00617847 0.00437529 0.00292422 0.00438407 0.00393155 0.00133284 0.000859163 0.00412674 0.00292962 0.00406242 0.00279804 0.0016728 0.00204632 0.0012582 0.00176066 0.00316289 0.0017025 0.00217429 0.00112975 0.00161346
threshold=93.786981373858666 21.500000000000004 6.4799834797710902 43.031945667403413 35.409042805139769 434.50000000000006 407.50000000000006 21.46639857755245 401.50000000000006 36.792314908465663 33.11122465091065 36.537666984213395 46.872827026222403 14.803351141079835 57.275155905334593 31.972047926231259 27.110827532313177 27.994079575432483 374.50000000000006 28.782991460126741 26.650835165008527 21.111680556827007 4.6149662605809469 30.770234059642071 33.689228148169754 22.886601604271281 19.386813457205104 23.21394893568802 9.0505323956663251 17.680078651156197
decision_type=2 2 2 2 2 2 2 2 2 2 2 2 2 2 2 2 2 2 2 2 2 2 2 2 2 2 2 2 2 2
left_child=1 3 -3 5 -5 6 8 -8 9 10 15 -11 -13 -14 -15 16 20 -18 19 -19 28 22 -21 -24 25 -25 -26 -28 -1 -30
right_child=-2 2 -4 4 -6 -7 7 -9 -10 11 -12 12 13 14 -16 -17 17 18 -20 21 -22 -23 23 24 26 -27 27 -29 29 -31
leaf_value=3.5375563356865314e-05 -0.0012285549286267876 1.9514421761744997e-07 0.0026343969767913221 0.00053735207977958696 -0.001884016306245361 -0.00067492706941500789 -0.0004570221416455048 0.0031354524934431543 -0.0012327529878045122 0.0015080313133593237 -0.0016545865498736258 -0.00094439315884797424 0.0013166502428551517 0.0007022430421784521 -0.001038086308701033 0.00079024382700611435 -0.0014792544566179541 0.0012257227917591362 -0.001186514709288964 -0.00090986602328484894 0.0010587434633634984 -0.00065554990005059456 -0.00030823474758440947 -3.9016182272462179e-05 0.00074534969829508795 0.0017181359148318216 -0.0010973745219325793 0.00026779101213573347 -0.0011513467633631081 8.2008276755611102e-06
leaf_weight=747 30 33 20 22 22 31 31 20 21 27 23 22 30 25 27 21 22 26 21 20 26 43 41 20 23 21 20 28 20 30
leaf_count=747 30 33 20 22 22 31 31 20 21 27 23 22 30 25 27 21 22 26 21 20 26 43 41 20 23 21 20 28 20 30
internal_value=3.4339e-13 2.48528e-05 0.000994234 -1.10753e-05 -0.000673332 9.94869e-06 2.56174e-05 0.000951791 -1.06056e-05 9.39834e-06 -3.20394e-05 0.000373797 7.93327e-05 0.000353991 -0.00020139 1.01516e-06 -1.39431e-05 -0.000163582 -5.35261e-05 4.4791e-05 3.7876e-05 -9.73581e-05 4.13832e-05 0.000165729 0.000339234 0.000860989 3.79395e-05 -0.000301028 4.57294e-06 -0.000455618
internal_weight=1513 1483 53 1430 44 1386 1355 51 1304 1283 1152 131 104 82 52 1129 1108 285 263 242 823 216 173 153 112 41 71 48 797 50
internal_count=1513 1483 53 1430 44 1386 1355 51 1304 1283 1152 131 104 82 52 1129 1108 285 263 242 823 216 173 153 112 41 71 48 797 50
is_linear=0
shrinkage=0.1


Tree=79
num_leaves=31
num_cat=0
split_feature=1 3 10 6 1 7 7 5 9 4 5 10 10 1 1 8 10 1 1 6 10 10 9 8 8 9 10 10 9 7
split_gain=0.00458304 0.00407258 0.00325868 0.00222938 0.00136471 0.00147681 0.00420642 0.00353087 0.00122814 0.00152999 0.00116959 0.00336951 0.00134021 0.00502616 0.00409473 0.00392895 0.000968973 0.00273324 0.00195761 0.00189135 0.00715416 0.00320696 0.00275608 0.00180775 0.00205148 0.00180223 0.00144646 0.00364905 0.00371157 0.00451086
threshold=471.50000000000006 80.888314674227757 54.505254860403234 46.10414212369357 442.50000000000006 0.8126632027560714 0.94750344156496014 14.412395828409805 7.2420761398882449 4.0059592661749104 58.244937954366982 42.100283874385177 35.965183534015218 335.50000000000006 287.50000000000006 31.675539778010833 10.813596797856782 304.50000000000006 265.50000000000006 12.477888196570357 13.914855692639511 14.24440841722018 12.044033502840819 9.9374415742592692 10.427841224347967 13.796497878756119 16.005679006099239 16.592520532799334 16.218577955599574 1.3416884310052246
decision_type=2 2 2 2 2 2 2 2 2 2 2 2 2 2 2 2 2 2 2 2 2 2 2 2 2 2 2 2 2 2
left_child=1 2 3 4 5 7 -7 -1 -8 -10 11 12 15 14 -14 16 17 18 -11 22 -21 -22 23 -18 -25 -23 -27 -28 -29 -30
right_child=-2 -3 -4 -5 -6 6 8 -9 9 10 -12 -13 13 -15 -16 -17 19 -19 -20 20 21 25 -24 24 -26 26 27 28 29 -31
leaf_value=-6.8396321356496115e-06 -0.001203374333319164 0.001265695019481847 -0.0011525770634155683 0.00084768271553912209 0.00082365086302161228 -0.0012717750341700461 -0.00065346835973945549 0.0013393183340128789 0.00083136970537121997 -0.00042100977559736446 0.00068095868725019204 -0.0011081015221342178 0.00067807288788672947 0.0016033653635531666 -0.0011376587780155799 -0.001348777828918008 0.00055080671757800367 -0.0011741929687559606 0.0008562291169073432 -0.0015977103327583923 0.0010425882609949137 -0.00094791230163536976 0.0010624616927000206 -0.001123798906482989 0.00022333458271952202 0.00040021969864747646 -0.0011326121110147957 0.0010008015325486971 -0.0013877892032420885 1.0318118705981761e-05
leaf_weight=70 31 26 24 32 20 27 29 27 22 30 24 28 27 24 23 22 41 26 20 28 30 20 41 20 26 86 29 36 24 600
leaf_count=70 31 26 24 32 20 27 29 27 22 30 24 28 27 24 23 22 41 26 20 28 30 20 41 20 26 86 29 36 24 600
internal_value=2.4917e-12 2.51718e-05 3.0196e-06 2.23871e-05 3.52324e-06 -8.36266e-06 -3.68069e-05 0.000367864 -1.02591e-05 4.94312e-06 -1.01452e-05 -2.41896e-05 2.13262e-06 0.000413819 -0.000157164 -2.61016e-05 1.42804e-06 -0.000342562 8.98858e-05 2.80776e-05 -2.57099e-05 2.76428e-05 0.000386521 6.79747e-05 -0.000362376 -1.0657e-05 1.35302e-05 -3.47358e-05 1.35042e-05 -4.34552e-05
internal_weight=1513 1482 1456 1432 1400 1380 1283 97 1256 1227 1205 1181 1153 74 50 1079 1057 76 50 981 853 825 128 87 46 795 775 689 660 624
internal_count=1513 1482 1456 1432 1400 1380 1283 97 1256 1227 1205 1181 1153 74 50 1079 1057 76 50 981 853 825 128 87 46 795 775 689 660 624
is_linear=0
shrinkage=0.1


Tree=80
num_leaves=31
num_cat=0
split_feature=7 3 4 1 8 8 6 10 10 4 4 1 1 7 1 1 4 8 7 4 6 6 6 8 7 7 7 5 9 6
split_gain=0.00425546 0.00467525 0.0029787 0.00698728 0.00314158 0.00178486 0.00582194 0.00341575 0.00482475 0.00429517 0.0030168 0.00142868 0.000682336 0.00435953 0.00179187 0.0012577 0.00085973 0.00103562 0.0082728 0.00387757 0.00281365 0.00159526 0.00213209 0.0013355 0.000787575 0.00577257 0.00230321 0.00190917 0.00212797 0.00259399
threshold=93.786981373858666 75.234510908797475 36.825613721887429 475.00000000000006 48.17861722832108 38.020241719912377 36.537666984213395 37.204837348439369 35.37532851771271 27.153580385653253 33.733434999636977 428.50000000000006 403.50000000000006 2.5098304362201729 396.50000000000006 390.50000000000006 25.31992344987512 23.18461961612277 4.7037294811543742 19.63156511102957 26.132463723852371 27.557825043127409 30.735312494494732 27.064950247190762 9.9562660604059037 9.1485247412846586 11.965651049100808 27.034764365359461 22.160442861549772 21.148409964689499
decision_type=2 2 2 2 2 2 2 2 2 2 2 2 2 2 2 2 2 2 2 2 2 2 2 2 2 2 2 2 2 2
left_child=1 2 3 5 -4 6 7 8 9 11 -7 12 14 -14 15 16 17 19 -19 24 -20 -22 23 -23 25 27 -26 28 29 -1
right_child=-2 -3 4 -5 -6 10 -8 -9 -10 -11 -12 -13 13 -15 -16 -17 -18 18 20 -21 21 22 -24 -25 26 -27 -28 -29 -30 -31
leaf_value=3.0899232824541293e-05 -0.0011791351555802976 0.0013797941086813809 -0.0017366525117540731 0.0017931716238804671 1.457063647519265e-05 -0.00010292699939950748 -0.0013788798450297046 0.0011423961304199812 -0.0013637206293284319 0.0013665117485367733 0.0014951658856478475 -0.00061634705818601346 0.0013576411959903729 -0.00058938065852524478 -0.0008824283844264954 0.00072533516940893612 0.00064335225499235094 -0.0016375194843824244 0.0010251179156411025 0.0013995028223143891 -0.00081716119591146701 -1.9326577206480909e-05 -0.00056185680722560863 0.0010704876470339038 0.00092642306759337188 -0.0017242067703045908 -2.1668877558603039e-05 -0.00078452151191110416 0.00095546487573301426 -0.0011246333608869463
leaf_weight=678 30 25 20 22 21 27 31 26 26 23 21 38 23 23 23 24 20 34 27 20 25 22 29 23 34 20 104 30 24 20
leaf_count=678 30 25 20 22 21 27 31 26 26 23 21 38 23 23 23 24 20 34 27 20 25 22 29 23 34 20 104 30 24 20
internal_value=1.01986e-12 2.3853e-05 6.0302e-07 2.49162e-05 -0.000839685 -2.97025e-06 -2.43229e-05 7.58535e-06 -1.52868e-05 1.245e-05 0.000596239 -1.26455e-05 6.42408e-06 0.00038413 -8.59276e-06 9.13054e-06 -6.35497e-06 -1.82762e-05 -0.000253277 2.2154e-05 0.000120249 -0.000126534 0.000106786 0.00053769 -8.11735e-06 -4.74503e-05 0.000211919 -2.85569e-06 2.96235e-05 -2.21058e-06
internal_weight=1513 1483 1458 1417 41 1395 1347 1316 1290 1264 48 1241 1203 46 1157 1134 1110 1090 160 930 126 99 74 45 910 772 138 752 722 698
internal_count=1513 1483 1458 1417 41 1395 1347 1316 1290 1264 48 1241 1203 46 1157 1134 1110 1090 160 930 126 99 74 45 910 772 138 752 722 698
is_linear=0
shrinkage=0.1


Tree=81
num_leaves=31
num_cat=0
split_feature=1 8 10 4 1 9 8 8 7 7 10 7 7 5 7 10 4 8 4 4 3 3 1 6 6 8 1 3 8 4
split_gain=0.00462218 0.00350119 0.0039493 0.00344601 0.00399864 0.00174333 0.00607915 0.00453913 0.0012698 0.00125164 0.000932508 0.00129683 0.000766018 0.00143267 0.00121875 0.00200109 0.00214536 0.00138908 0.00132256 0.00467639 0.00371369 0.00244559 0.0014407 0.00119194 0.00297542 0.00115396 0.00213385 0.00377215 0.00240897 0.00208275
threshold=471.50000000000006 49.849557085508337 49.899808754057567 31.493864719469801 335.50000000000006 36.468754701191045 32.962432572477987 36.476081130678743 64.958189711056747 38.604965037856516 34.947657291180313 21.111680556827007 14.161798449975807 33.900216489100806 7.320530032379974 14.24440841722018 8.9823221405128333 18.889233126188994 20.653441619878027 19.25209547350773 27.110827532313177 32.892319251107061 370.50000000000006 24.271639964957362 27.557825043127409 20.657693845770329 390.50000000000006 18.476317041403892 11.662564383492219 18.14902794862525
decision_type=2 2 2 2 2 2 2 2 2 2 2 2 2 2 2 2 2 2 2 2 2 2 2 2 2 2 2 2 2 2
left_child=1 2 3 5 -5 6 8 -7 9 10 11 12 14 -14 18 -16 -17 -18 19 25 -20 22 -22 -19 -25 26 -1 28 -28 -27
right_child=-2 -3 -4 4 -6 7 -8 -9 -10 -11 -12 -13 13 -15 15 16 17 23 20 -21 21 -23 -24 24 -26 29 27 -29 -30 -31
leaf_value=2.5495837182181136e-05 -0.0012085012988292522 0.00094813963740307365 -0.0011763624971665974 -2.1886535816722446e-05 0.0017332299328409136 0.0016384978024441147 -0.0016058681493935486 -0.00033099336549639706 -0.00077086242159739846 0.00079797892252827293 0.00060518855322152381 -0.00053862731845583773 0.00081218254890700345 -0.00017692233838412602 -0.0011553679038548753 0.00085279374286983511 -0.00069009765183163465 0.00034725991549445709 0.0016056106111500415 -0.0010988119152701788 0.00015385520295239986 0.00077224230210829001 -0.0010464369814144447 -0.0011351679374153416 0.00020422190333023492 -0.00094588304054923358 0.00077364684659100716 0.0014116995253061759 -0.00069293677127764874 0.0003351133745375344
leaf_weight=662 31 40 28 27 25 22 24 25 21 20 25 45 32 27 21 20 49 45 20 37 20 28 20 27 43 30 21 32 24 22
leaf_count=662 31 40 28 27 25 22 24 25 21 20 25 45 32 27 21 20 49 45 20 37 20 28 20 27 43 30 21 32 24 22
internal_value=5.6349e-13 2.5279e-05 -3.20419e-07 2.29675e-05 0.000821919 -7.53576e-06 -2.89246e-05 0.000590896 3.91179e-07 1.31442e-05 5.86835e-07 -1.1752e-05 8.34073e-06 0.000359541 -1.01435e-05 -0.000230551 -0.000125001 -0.000244244 3.91835e-05 1.04981e-08 0.000407765 5.54581e-05 -0.000446291 -5.42721e-05 -0.0003124 5.14093e-05 8.34489e-05 0.000581695 -8.53108e-06 -0.000403923
internal_weight=1513 1482 1442 1414 52 1362 1315 47 1291 1270 1250 1225 1180 59 1121 205 184 164 916 828 88 68 40 115 70 791 739 77 45 52
internal_count=1513 1482 1442 1414 52 1362 1315 47 1291 1270 1250 1225 1180 59 1121 205 184 164 916 828 88 68 40 115 70 791 739 77 45 52
is_linear=0
shrinkage=0.1


Tree=82
num_leaves=31
num_cat=0
split_feature=10 1 9 8 1 8 8 4 4 4 5 8 10 10 5 8 8 3 7 7 1 3 1 8 7 6 1 8 1 1
split_gain=0.00468915 0.0288747 0.00480423 0.00655402 0.00706884 0.00209211 0.00486284 0.00372874 0.00253643 0.00169365 0.00104048 0.000825393 0.00152852 0.00595182 0.00249769 0.00230012 0.00258878 0.00761507 0.0021722 0.00216241 0.00155991 0.00115467 0.00152395 0.00154228 0.00550128 0.00145927 0.00494287 0.00220521 0.00152733 0.000788528
threshold=56.645945090271731 324.50000000000006 49.642280478181114 42.668322125308705 475.00000000000006 38.020241719912377 35.447532684005523 29.261854243136312 26.536702856180643 33.388305174692242 48.27179623834683 30.61997032170547 26.952363406560746 26.3293664154757 31.628236162267026 23.488801157006257 22.403249496659328 26.845913890817531 4.7037294811543742 8.9086176145237115 315.50000000000006 37.495141257060169 433.50000000000006 20.94250091373398 4.5168740968390102 21.148409964689499 316.50000000000006 19.560734743994537 406.50000000000006 390.50000000000006
decision_type=2 2 2 2 2 2 2 2 2 2 2 2 2 2 2 2 2 2 2 2 2 2 2 2 2 2 2 2 2 2
left_child=2 -2 3 4 5 6 7 8 10 -7 11 12 13 15 18 16 21 -18 -14 -16 -21 22 23 25 -25 27 -27 28 29 -1
right_child=1 -3 -4 -5 -6 9 -8 -9 -10 -11 -12 -13 14 -15 19 -17 17 -19 -20 20 -22 -23 -24 24 -26 26 -28 -29 -30 -31
leaf_value=-4.6296619917683273e-06 0.0016184471727319759 -0.0037550752636161633 0.0014034470107289962 -0.0016693267870046523 0.0017712180274943618 6.5896208398044109e-05 -0.0013458156570171319 0.0012194983819499613 -0.0008411359218169108 0.0013672990229679272 0.00061287595828097056 -0.00048946464855415634 0.001677528644324325 -0.0015248664221592034 -0.00072671699098363117 0.0010428162779481638 -0.0021894737934053409 0.00053701879639577658 0.00028488127378902087 -3.8966603356779421e-05 0.00095871658623218549 -0.00069832545744826684 0.00089816975756548353 0.001808717541571241 -0.00048283699645914816 0.0002476274200792735 -0.0017149182613052075 0.00090979028566464521 -0.00074833729509177997 0.00048761938162843925
leaf_weight=759 20 20 25 23 23 20 27 25 36 20 28 34 21 26 27 21 20 21 24 42 25 22 20 20 22 33 21 27 27 34
leaf_count=759 20 20 25 23 23 20 27 25 36 20 28 34 21 26 27 21 20 21 24 42 25 22 20 20 22 33 21 27 27 34
internal_value=2.00401e-12 -0.00106831 2.90106e-05 5.28066e-06 3.23094e-05 3.78238e-06 -1.7152e-05 9.71986e-06 -1.33675e-05 0.000716598 1.00231e-05 -3.52414e-06 1.01078e-05 -3.03117e-05 0.000322124 6.80232e-06 -1.44026e-05 -0.000792978 0.000934783 2.88293e-05 0.000333303 1.8005e-05 3.43698e-05 1.60496e-05 0.000608379 -1.15618e-05 -0.000515585 2.05719e-05 -8.70727e-06 1.64756e-05
internal_weight=1513 40 1473 1448 1425 1402 1362 1335 1310 40 1274 1246 1212 1073 139 1047 1026 41 45 94 67 985 963 943 42 901 54 847 820 793
internal_count=1513 40 1473 1448 1425 1402 1362 1335 1310 40 1274 1246 1212 1073 139 1047 1026 41 45 94 67 985 963 943 42 901 54 847 820 793
is_linear=0
shrinkage=0.1


Tree=83
num_leaves=31
num_cat=0
split_feature=1 10 4 4 3 9 1 6 10 10 1 7 7 1 10 3 3 10 8 4 9 5 1 1 10 8 8 1 9 8
split_gain=0.00439832 0.00303935 0.00216556 0.00385258 0.0023655 0.00307485 0.00469153 0.00436033 0.00217154 0.00197034 0.00102859 0.000851485 0.00103743 0.000598058 0.00140424 0.00110515 0.00148453 0.00127454 0.00396075 0.000801591 0.00160833 0.00194453 0.00290647 0.00155269 0.000863685 0.000794896 0.00279811 0.00305825 0.00109919 0.00104116
threshold=461.00000000000006 65.128762882001539 42.640501283790549 37.92153924728624 66.036002773859011 38.053391719435751 335.50000000000006 34.656284316583104 44.020917285540634 34.947657291180313 428.50000000000006 41.380306424528619 28.118902119925156 213.50000000000003 7.3294407391196055 10.200646205834335 9.0946023438695587 10.458475891428352 7.8872992061686968 7.100061445518894 10.865640358130173 15.019454547087308 315.50000000000006 254.50000000000003 13.996700950888536 11.845086828588004 12.914287354437731 306.50000000000006 12.298965761006626 13.540067580002601
decision_type=2 2 2 2 2 2 2 2 2 2 2 2 2 2 2 2 2 2 2 2 2 2 2 2 2 2 2 2 2 2
left_child=1 2 3 4 5 7 8 9 -7 10 11 12 13 -1 -15 16 -16 18 -17 23 -21 22 -22 -19 -25 28 27 -27 -23 -28
right_child=-2 -3 -4 -5 -6 6 -8 -9 -10 -11 -12 -13 -14 14 15 17 -18 19 -20 20 21 25 -24 24 -26 26 29 -29 -30 -31
leaf_value=0.00026998218117812431 -0.0011079672832108502 0.0012207027380576447 -0.0010243795253336431 0.0014016201545018704 -0.0009601579206064344 -0.00050963488407433036 0.0019615862471982835 -0.0010410864581353963 0.00080840720050036916 0.00079397603767574767 -0.00052746371301408445 0.00059249564446508889 -0.00064800832369655843 -0.00063648655289879957 -0.00016257482682703996 0.00035175022106462473 0.00097412856024069096 -0.00045532258256571369 -0.0015287783297632512 -0.00078437761918534173 -0.00021349778738416112 -9.9765712123674649e-05 0.0012742046748512779 0.00025999016003110088 0.0010129388285567984 -0.0015489615462720395 0.00061619447078555825 -0.00010923410308249812 0.00086765462942623892 -1.745329071460594e-05
leaf_weight=86 35 21 20 20 25 25 20 40 25 32 36 25 24 34 20 24 27 20 21 26 24 24 29 39 25 25 27 36 23 655
leaf_count=86 35 21 20 20 25 25 20 40 25 32 36 25 24 34 20 24 27 20 21 26 24 24 29 39 25 25 27 36 23 655
internal_value=-2.30854e-12 2.62374e-05 9.02134e-06 2.34041e-05 3.9515e-06 2.12667e-05 0.000667158 -1.29333e-05 0.000149386 1.91464e-05 -6.89263e-07 1.49317e-05 2.78783e-06 1.61948e-05 -4.03294e-06 1.65445e-05 0.000490425 -5.77252e-06 -0.00052583 1.87842e-05 -9.72989e-06 1.4162e-05 0.000600528 0.000313769 0.000554111 -2.51765e-05 -5.04053e-05 -0.000699286 0.000373653 7.63247e-06
internal_weight=1513 1478 1457 1437 1417 1392 70 1322 50 1282 1250 1214 1189 1165 1079 1045 47 998 45 953 869 843 53 84 64 790 743 61 47 682
internal_count=1513 1478 1457 1437 1417 1392 70 1322 50 1282 1250 1214 1189 1165 1079 1045 47 998 45 953 869 843 53 84 64 790 743 61 47 682
is_linear=0
shrinkage=0.1


Tree=84
num_leaves=31
num_cat=0
split_feature=10 1 1 8 1 7 3 3 3 5 4 4 1 10 6 9 4 4 4 1 1 1 1 6 7 7 1 5 3 8
split_gain=0.00451617 0.00293952 0.00143374 0.00596429 0.00295708 0.00233321 0.00136285 0.00154917 0.00427007 0.00344477 0.00489477 0.00155665 0.000923833 0.000666078 0.00107767 0.000744966 0.00110124 0.000877874 0.00414144 0.00179273 0.00114996 0.00130899 0.00380981 0.00369687 0.000940643 0.00348403 0.00258463 0.00234201 0.00262238 0.00217908
threshold=74.802383311366867 475.00000000000006 432.00000000000006 22.403249496659328 420.50000000000006 93.786981373858666 66.036002773859011 56.881222997543603 52.018086642030049 48.27179623834683 31.272573666813781 28.169896156424127 409.50000000000006 37.412356317563322 32.444477856656334 31.547202001408667 24.009796547415409 21.056179011082378 20.145513635251948 398.50000000000006 391.50000000000006 376.50000000000006 369.50000000000006 14.735056146685837 9.9562660604059037 9.1485247412846586 255.50000000000003 27.423860564990846 25.333149532822272 15.991136371433955
decision_type=2 2 2 2 2 2 2 2 2 2 2 2 2 2 2 2 2 2 2 2 2 2 2 2 2 2 2 2 2 2
left_child=1 2 4 -4 5 6 7 8 9 10 11 12 13 14 15 16 17 18 19 20 21 22 24 -23 25 27 -26 28 -1 -28
right_child=-2 -3 3 -5 -6 -7 -8 -9 -10 -11 -12 -13 -14 -15 -16 -17 -18 -19 -20 -21 -22 23 -24 -25 26 -27 29 -29 -30 -31
leaf_value=2.9811146018996287e-06 -0.0014927276449452622 0.001073986476358886 0.00065755708187463741 -0.0016733883778848079 0.0012260775237155032 0.0010232118572193114 -0.00076177315543948982 0.00070903756762466703 -0.0013121876632794739 0.0011044015164121189 -0.0013749062191121854 0.00076243406575587057 -0.00067927005235105756 0.00055118588153907865 -0.00068196280879656915 0.00051884710249266519 -0.00053251084785810429 0.00041608246336601539 -0.0014300310518592597 0.00082700287888723401 -0.00073098778403142377 -0.00041636268218533826 -0.0013102254168850117 0.0013089036409467184 -0.00025530096738495765 -0.0012652812513723884 0.0013306408749755336 -0.00072155496923298381 0.00077734838129625604 0.00027098256604918074
leaf_weight=629 20 26 21 23 20 22 24 30 25 28 26 27 20 22 23 28 38 52 20 27 21 23 22 27 63 22 27 41 47 69
leaf_count=629 20 26 21 23 20 22 24 30 25 28 26 27 20 22 23 28 38 52 20 27 21 23 22 27 63 22 27 41 47 69
internal_value=-2.81709e-12 1.99963e-05 1.31622e-06 -0.000560892 1.87e-05 1.48866e-06 -1.47879e-05 -1.57666e-06 -1.76418e-05 7.21509e-06 -1.68989e-05 1.13929e-05 -5.21487e-06 6.01003e-06 -4.16289e-06 9.32275e-06 -3.32502e-06 1.51237e-05 -4.96291e-06 2.30345e-05 1.13022e-06 1.69802e-05 -1.01014e-05 0.000515281 2.17502e-05 -2.57232e-05 0.000242397 1.23107e-05 5.68203e-05 0.000569011
internal_weight=1513 1493 1467 44 1423 1403 1381 1357 1327 1302 1274 1248 1221 1201 1179 1156 1128 1090 1038 1018 991 970 920 50 898 739 159 717 676 96
internal_count=1513 1493 1467 44 1423 1403 1381 1357 1327 1302 1274 1248 1221 1201 1179 1156 1128 1090 1038 1018 991 970 920 50 898 739 159 717 676 96
is_linear=0
shrinkage=0.1


Tree=85
num_leaves=31
num_cat=0
split_feature=1 8 10 4 1 4 9 10 8 8 10 10 1 9 5 3 8 8 3 3 4 8 1 1 1 1 5 3 10 10
split_gain=0.00393131 0.00305192 0.00316831 0.00287528 0.00307666 0.00193232 0.00223432 0.00250363 0.00210792 0.00132968 0.000974403 0.0034006 0.0031344 0.00247017 0.00279626 0.002605 0.0020484 0.0019136 0.00619007 0.00174221 0.000896337 0.000890624 0.00118223 0.00106905 0.00104673 0.00138495 0.000680987 0.0019039 0.00169846 0.0008425
threshold=471.50000000000006 49.849557085508337 49.899808754057567 31.493864719469801 335.50000000000006 29.024713666211831 36.814814840480004 36.792314908465663 31.188985444359382 29.904163155195615 26.952363406560746 26.3293664154757 379.50000000000006 27.688966521848432 33.18370750882071 37.495141257060169 23.488801157006257 22.403249496659328 26.845913890817531 31.216733556350189 18.929957774068228 21.20266296772316 429.50000000000006 406.50000000000006 390.50000000000006 382.50000000000006 11.221715001017293 12.391127266529713 9.1233585807629023 10.696376794795865
decision_type=2 2 2 2 2 2 2 2 2 2 2 2 2 2 2 2 2 2 2 2 2 2 2 2 2 2 2 2 2 2
left_child=1 2 3 5 -5 6 7 8 9 10 11 16 13 19 -15 -16 17 20 -19 -12 21 22 23 24 25 26 28 -28 -1 -29
right_child=-2 -3 -4 4 -6 -7 -8 -9 -10 -11 12 -13 -14 14 15 -17 -18 18 -20 -21 -22 -23 -24 -25 -26 -27 27 29 -30 -31
leaf_value=6.6465882723844671e-05 -0.0011145313666577662 0.00088493204704718673 -0.0010539474853430875 9.9072482919803379e-06 0.0015494424928911032 -0.00073048053018283105 0.00098906662561880094 -0.00106294532941485 0.00082752133096237817 -0.00067648032202449596 0.0013260664861826669 -0.001111178282943521 0.0014158952026627957 -0.0012888406275305899 0.00080048418668512674 -0.00054306867494878757 0.00098316052740084984 -0.0019430158897012007 0.00051517262389617305 3.7946971410530667e-05 0.00067588676931336529 -0.00057781338789657016 0.0007573877572126333 -0.00060987178024203917 0.00053120134275798738 -0.00073850964655866852 -0.00068101195686655802 -0.00043043585864301678 0.0010803773231964442 4.834473857558136e-05
leaf_weight=95 31 40 28 27 25 36 23 22 31 29 21 28 20 20 27 31 21 20 21 21 20 26 21 28 38 25 41 39 20 638
leaf_count=95 31 40 28 27 25 36 23 22 31 29 21 28 20 20 27 31 21 20 21 21 20 26 21 28 38 25 41 39 20 638
internal_value=4.29921e-13 2.33134e-05 -5.87246e-07 2.02714e-05 0.000750068 -7.59166e-06 1.20343e-05 -5.21187e-06 1.29537e-05 -7.24755e-06 8.64742e-06 -2.35012e-05 0.000256881 6.37118e-05 -0.000269216 8.23783e-05 5.42086e-06 -1.4475e-05 -0.000683944 0.000682007 1.32225e-05 -4.26617e-07 1.54592e-05 -1.40286e-06 1.76118e-05 -5.13459e-06 1.68755e-05 -1.931e-05 0.000242798 2.07636e-05
internal_weight=1513 1482 1442 1414 52 1362 1326 1303 1281 1250 1221 1081 140 120 78 58 1053 1032 41 42 991 971 945 924 896 858 833 718 115 677
internal_count=1513 1482 1442 1414 52 1362 1326 1303 1281 1250 1221 1081 140 120 78 58 1053 1032 41 42 991 971 945 924 896 858 833 718 115 677
is_linear=0
shrinkage=0.1


Tree=86
num_leaves=31
num_cat=0
split_feature=10 9 8 1 9 6 1 4 4 5 6 10 3 7 8 6 7 7 7 3 8 1 4 10 8 10 1 7 4 4
split_gain=0.00408165 0.00452785 0.00549737 0.00657794 0.00165867 0.00540403 0.00262907 0.00160013 0.00120146 0.00150325 0.00067353 0.0029245 0.00107776 0.00157475 0.00158313 0.00273298 0.00236029 0.00131566 0.00392254 0.00385549 0.00674366 0.00521311 0.00354716 0.00400634 0.00326311 0.00523875 0.00208567 0.00186555 0.00165813 0.00156276
threshold=61.347929110498391 50.884680201177346 44.438405168999246 475.00000000000006 38.053391719435751 35.700285177061865 292.50000000000006 28.169896156424127 25.566236977434542 45.950690418135927 5.7973542496241031 7.5163128707618272 11.642514911405993 1.1616414789851375 12.137701294379809 19.72923769637109 0.83951441037898045 4.4236551611749464 4.6495042759794698 23.114494522794132 18.733259308291093 393.50000000000006 14.434171744371499 17.925838771904214 23.18461961612277 22.965258165892234 258.50000000000006 3.550799262186183 12.030795875361232 11.377108896836317
decision_type=2 2 2 2 2 2 2 2 2 2 2 2 2 2 2 2 2 2 2 2 2 2 2 2 2 2 2 2 2 2
left_child=1 2 3 4 5 7 -6 8 9 10 -1 -12 -13 14 -14 16 -16 19 -19 20 22 24 23 26 25 -21 -15 28 29 -28
right_child=-2 -3 -4 -5 6 -7 -8 -9 -10 -11 11 12 13 17 15 -17 -18 18 -20 21 -22 -23 -24 -25 -26 -27 27 -29 -30 -31
leaf_value=0.00041723124785575144 -0.0010673374197878211 0.0015196949196979405 -0.0014088577375298849 0.0017089474662814455 -0.00021395072418575484 -0.0014768674077931792 0.0010383348507610592 0.00075515361303197485 -0.00060458890035409822 0.00077435388765297833 -0.0011145036698640828 0.00034353953854673929 -0.0012162405182607472 -0.00047707535006338733 -0.00043850707006640736 -0.0011426273323152038 0.0010131812100076961 -0.0012910572713455903 -3.3503460506629975e-05 -8.5682887926369038e-05 -0.0015484352527117288 0.00191817735938821 0.0011529404107995076 -0.0013728472613729536 -0.00058635917998015377 0.0018439853852517747 9.2579770716838544e-05 0.00090818617293345083 -0.00066412242886144674 0.0010306971854572027
leaf_weight=36 35 20 27 23 30 25 38 28 33 25 24 85 20 50 24 21 21 26 539 34 27 25 29 20 29 24 115 35 24 21
leaf_count=36 35 20 27 23 30 25 38 28 33 25 24 85 20 50 24 21 21 26 539 34 27 25 29 20 29 24 115 35 24 21
internal_value=-2.13283e-12 2.52752e-05 4.77566e-06 3.1448e-05 4.04565e-06 -2.04044e-05 0.000485856 7.28499e-06 -8.98566e-06 6.68811e-06 -8.92755e-06 -2.17873e-05 6.46541e-07 -2.62408e-05 -0.00043683 -0.000200645 0.000238947 9.14058e-06 -9.13732e-05 0.000140296 -3.59636e-05 0.000645468 0.000102937 -1.19691e-05 0.000279747 0.000712801 9.9123e-05 0.000246866 0.000102202 0.000237436
internal_weight=1513 1478 1458 1431 1408 1340 68 1315 1287 1254 1229 1193 1169 1084 86 66 45 998 565 433 321 112 294 265 87 58 245 195 160 136
internal_count=1513 1478 1458 1431 1408 1340 68 1315 1287 1254 1229 1193 1169 1084 86 66 45 998 565 433 321 112 294 265 87 58 245 195 160 136
is_linear=0
shrinkage=0.1


Tree=87
num_leaves=31
num_cat=0
split_feature=1 10 4 9 4 4 1 3 1 3 4 5 6 9 6 4 4 1 7 4 4 5 7 4 1 1 6 1 1 4
split_gain=0.00399018 0.0031795 0.00183994 0.00319557 0.0015008 0.00250736 0.00166474 0.00732991 0.00289082 0.0064155 0.00347579 0.00199808 0.00357564 0.00160256 0.00110987 0.00136251 0.00199469 0.00143751 0.00101076 0.000672343 0.00154979 0.00147062 0.00140679 0.000695358 0.000774136 0.00294988 0.0023653 0.00077343 0.000637789 0.00172701
threshold=461.00000000000006 65.128762882001539 42.640501283790549 46.798844392032152 32.653742245356334 30.876694583444952 396.50000000000006 31.127944541528901 403.50000000000006 23.114494522794132 10.831872740831118 58.244937954366982 37.641956044446836 36.022427190546317 33.628236668454058 24.759193980359615 24.009796547415409 390.50000000000006 41.380306424528619 19.757016790559629 19.25209547350773 33.689228148169754 3.9974565559596988 18.468350670232958 368.50000000000006 376.50000000000006 14.735056146685837 362.50000000000006 351.50000000000006 11.220584449776721
decision_type=2 2 2 2 2 2 2 2 2 2 2 2 2 2 2 2 2 2 2 2 2 2 2 2 2 2 2 2 2 2
left_child=1 2 3 4 5 6 11 8 -8 10 -10 12 13 14 15 16 17 18 19 20 23 22 -21 24 27 -26 -27 28 -1 -30
right_child=-2 -3 -4 -5 -6 -7 7 -9 9 -11 -12 -13 -14 -15 -16 -17 -18 -19 -20 21 -22 -23 -24 -25 25 26 -28 -29 29 -31
leaf_value=1.3421210907597426e-05 -0.0010553099916848754 0.001246684663263815 -0.00094516184879466891 0.0009644516550802759 -0.00067989667222718715 0.0010971775389320795 -0.00096842961021415561 -0.0020568886306136847 0.00043127804528921845 0.0014362493545922918 -0.0013881394190580719 0.00099717360987727137 -0.0012801887777944406 0.0008450096441568653 -0.00070091570904921927 0.00062965796536740824 -0.0009087741132015768 0.00079763112104653069 0.00071918104713404325 0.00014023635303601624 -0.00081617420461649695 -0.00018849190692447177 0.0012267559518063949 0.00049777095717015783 -0.0012915236048601482 -0.00059245620002250452 0.00089127907496211781 0.00060775551634530231 0.00027378350894650798 -0.0010246343672319894
leaf_weight=777 35 21 20 35 32 21 23 21 21 30 21 21 21 24 21 37 23 24 20 26 24 39 22 27 22 22 21 21 20 21
leaf_count=777 35 21 20 35 32 21 23 21 21 30 21 21 21 24 21 37 23 24 20 26 24 39 22 27 22 22 21 21 20 21
internal_value=8.11993e-13 2.49904e-05 7.38193e-06 2.06393e-05 -2.92232e-06 1.28902e-05 -3.98898e-06 -0.000366165 7.5738e-06 0.000319353 -0.000478431 3.00844e-05 1.33279e-05 3.61355e-05 1.95005e-05 3.27019e-05 1.27854e-05 3.23028e-05 1.50072e-05 1.49139e-06 -2.27535e-05 0.000267627 0.000638225 -2.30009e-06 -1.72358e-05 -0.000349703 0.000132159 8.52145e-06 -6.86231e-06 -0.00039126
internal_weight=1513 1478 1457 1437 1402 1370 1349 116 95 72 42 1233 1212 1191 1167 1146 1109 1086 1062 1042 955 87 48 931 904 65 43 839 818 41
internal_count=1513 1478 1457 1437 1402 1370 1349 116 95 72 42 1233 1212 1191 1167 1146 1109 1086 1062 1042 955 87 48 931 904 65 43 839 818 41
is_linear=0
shrinkage=0.1


Tree=88
num_leaves=31
num_cat=0
split_feature=10 0 1 4 4 1 9 8 4 9 4 8 9 1 3 1 3 9 6 4 4 4 1 1 1 3 1 7 4 9
split_gain=0.00378175 0.00301638 0.0053672 0.0025296 0.00390878 0.0091663 0.00336428 0.00305782 0.00330887 0.00567674 0.00212869 0.00239809 0.00118513 0.00110817 0.00667232 0.00111805 0.00215674 0.00348334 0.00110758 0.00158604 0.00157141 0.00109226 0.00152711 0.00213864 0.00125844 0.00309902 0.00353371 0.00170503 0.00144723 0.00081189
threshold=74.802383311366867 21.500000000000004 446.50000000000006 33.388305174692242 41.540899795538628 308.50000000000006 43.419466179929181 36.476081130678743 28.169896156424127 35.24949354571033 25.566236977434542 31.188985444359382 32.755121849254301 413.50000000000006 23.114494522794132 386.50000000000006 24.829766092915957 13.297493216103812 31.0588935308425 24.246075803058165 21.836817250428773 20.504106547139276 376.50000000000006 369.50000000000006 343.50000000000006 22.095994133832384 351.50000000000006 1.8615286775379019 19.25209547350773 24.01517933365065
decision_type=2 2 2 2 2 2 2 2 2 2 2 2 2 2 2 2 2 2 2 2 2 2 2 2 2 2 2 2 2 2
left_child=1 3 -3 6 5 -5 7 8 10 -10 12 -12 13 15 -15 18 17 -17 19 20 21 22 23 24 28 26 -26 -28 29 -1
right_child=-2 2 -4 4 -6 -7 -8 -9 9 -11 11 -13 -14 14 -16 16 -18 -19 -20 -21 -22 -23 -24 -25 25 -27 27 -29 -30 -31
leaf_value=-3.3240817712927183e-05 -0.0013659720399300569 -0.00034699595198617317 0.0016746604787025215 0.00018329023756086826 0.00040131745627149942 -0.0026154634384015067 0.001277615178731226 -0.0011951797408983112 0.0020570373650462856 -0.00026813259104355462 -0.0014633532918413125 4.7903006045436048e-05 0.00062667463263947404 -0.00058701294043135869 0.0017590702368496835 -0.00087881465977989132 -0.0010010699822680291 0.00068607917567009504 -0.00064832558366470039 0.00090714731952175505 -0.00070508773244606958 0.00066911237646798745 0.00070287045917563867 -0.0010082973671073671 0.00092091809539124379 0.0010905952878399858 0.00015993684995919467 -0.0010489706044089482 -0.00067924544917222001 0.0003440349850279745
leaf_weight=713 20 24 29 25 26 22 21 21 21 21 21 21 31 27 22 25 33 33 25 20 30 26 31 21 25 36 20 28 33 62
leaf_count=713 20 24 29 25 26 22 21 21 21 21 21 21 31 27 22 25 33 33 25 20 30 26 31 21 25 36 20 28 33 62
internal_value=2.86855e-12 1.82984e-05 0.000759193 -8.9707e-06 -0.000582516 -0.00112676 2.16576e-05 2.06238e-06 2.10375e-05 0.000894452 -7.55438e-06 -0.000707725 1.6142e-05 5.0023e-07 0.000466331 -1.91601e-05 -0.00035566 1.1556e-05 9.45808e-06 2.51945e-05 7.9857e-06 2.94854e-05 1.23231e-05 -1.04989e-05 1.23515e-05 0.000331302 -4.31437e-05 -0.000545259 -3.06753e-05 -3.05875e-06
internal_weight=1513 1493 53 1440 73 47 1367 1346 1325 42 1283 42 1241 1210 49 1161 91 58 1070 1045 1025 995 969 938 917 109 73 48 808 775
internal_count=1513 1493 53 1440 73 47 1367 1346 1325 42 1283 42 1241 1210 49 1161 91 58 1070 1045 1025 995 969 938 917 109 73 48 808 775
is_linear=0
shrinkage=0.1


Tree=89
num_leaves=31
num_cat=0
split_feature=1 10 8 9 1 7 7 10 9 9 4 1 5 7 10 5 6 10 7 1 6 9 7 3 3 7 1 5 9 9
split_gain=0.00398003 0.00302502 0.00182245 0.0066732 0.00101449 0.00158591 0.00164495 0.0014009 0.00292054 0.00447384 0.00310467 0.00246806 0.00134862 0.00246649 0.00559054 0.00533081 0.00359695 0.00277381 0.00304508 0.0016398 0.0019755 0.00287206 0.00388229 0.00237796 0.00182052 0.00171416 0.00338539 0.00316842 0.0068073 0.00464578
threshold=461.00000000000006 65.128762882001539 47.463884191626626 46.798844392032152 236.50000000000003 0.53472582230437049 0.6590149313546777 39.491871923152296 35.457444561609009 34.424395228814241 27.153580385653253 292.50000000000006 10.211995504634862 1.3416884310052246 18.946236407960185 16.079154460415975 12.306060805749722 10.458475891428352 1.5118697670339951 274.50000000000006 12.756377527058289 17.638627599620232 5.718462925761302 19.141492464535315 28.782991460126741 5.3135158690872926 389.50000000000006 28.359046963735153 23.813614138563967 27.583257265635556
decision_type=2 2 2 2 2 2 2 2 2 2 2 2 2 2 2 2 2 2 2 2 2 2 2 2 2 2 2 2 2 2
left_child=1 2 3 4 -1 -6 -7 8 9 10 12 -9 -8 14 15 16 -14 -15 -19 20 -20 23 -23 -22 -24 27 -27 28 -21 -29
right_child=-2 -3 -4 -5 5 6 7 11 -10 -11 -12 -13 13 17 -16 -17 -18 18 19 25 21 22 24 -25 -26 26 -28 29 -30 -31
leaf_value=0.00021236018726552135 -0.0010539668632139055 0.0012166049702846933 -0.00070509210361966064 0.001839074566960335 -0.00091761496500112119 0.0008575187757655624 0.00058488030113307212 -0.0012657764940522613 0.00088959464953014891 -0.0015202919289004058 0.0012235230754595251 1.3563611029990411e-05 6.8203100536559381e-05 -0.00087382892394089146 -0.0016949403308460427 0.0011705844978375051 -0.0016037062127989801 0.0011956980869978328 0.00040221120763037885 0.00022527498064620519 -0.00039918865435398541 -0.0013316833242424766 0.00087270252167529958 -0.0017950727270268228 -0.00016827967909713542 2.1333496218122651e-06 -0.0011754101685558759 0.0019925890637197247 -0.0016774707291915547 -9.1347811685409401e-05
leaf_weight=193 35 21 35 20 20 21 34 25 35 20 20 38 31 35 29 24 22 22 35 314 26 20 28 23 42 255 27 23 20 20
leaf_count=193 35 21 35 20 20 21 34 25 35 20 20 38 31 35 29 24 22 22 35 314 26 20 28 23 42 255 27 23 20 20
internal_value=2.97915e-13 2.49586e-05 7.78321e-06 2.53294e-05 -5.44316e-07 -3.45316e-05 -1.96773e-05 -3.54488e-05 -9.29887e-06 -3.87019e-05 -1.04812e-05 -0.000494111 -3.44424e-05 -5.55839e-05 -0.000511571 -6.58859e-05 -0.000625797 -1.27543e-06 3.44431e-05 3.77374e-06 -0.000269275 -0.000438355 -0.000102953 -0.0010544 0.000248113 7.58687e-05 -0.00011061 0.000215357 0.000111338 0.00102332
internal_weight=1513 1478 1457 1422 1402 1209 1189 1168 1105 1070 1050 63 1030 996 106 77 53 890 855 833 174 139 90 49 70 659 282 377 334 43
internal_count=1513 1478 1457 1422 1402 1209 1189 1168 1105 1070 1050 63 1030 996 106 77 53 890 855 833 174 139 90 49 70 659 282 377 334 43
is_linear=0
shrinkage=0.1


Tree=90
num_leaves=31
num_cat=0
split_feature=10 4 4 1 9 6 1 1 10 6 4 4 1 8 3 3 1 7 1 4 9 4 9 6 10 1 6 8 5 1
split_gain=0.00367031 0.00449919 0.00916307 0.00550716 0.00203301 0.00467572 0.0025646 0.00346499 0.00123227 0.00124715 0.000923479 0.00268548 0.00501464 0.00470498 0.00205438 0.0030596 0.00280166 0.00176319 0.00143892 0.000875185 0.000616318 0.000870835 0.00127454 0.00209087 0.00184319 0.00238624 0.00090733 0.00203479 0.0022817 0.00227404
threshold=63.354353561662727 41.540899795538628 36.825613721887429 475.00000000000006 38.053391719435751 35.700285177061865 335.50000000000006 273.50000000000006 35.965183534015218 33.628236668454058 21.056179011082378 18.617147301147181 372.50000000000006 24.181411783875678 31.216733556350189 34.419508740337477 383.50000000000006 5.1926034477075111 315.50000000000006 18.14902794862525 5.6545945330697434 4.9638601797333664 8.3124490558839472 9.3358004760057298 11.315279216065639 305.50000000000006 12.981868901629356 12.914287354437731 16.529435239818589 280.50000000000006
decision_type=2 2 2 2 2 2 2 2 2 2 2 2 2 2 2 2 2 2 2 2 2 2 2 2 2 2 2 2 2 2
left_child=1 2 3 4 5 8 7 -6 9 10 11 19 13 17 16 -16 -12 -13 -17 20 -1 -22 -23 -24 25 -25 -26 29 -29 -28
right_child=-2 -3 -4 -5 6 -7 -8 -9 -10 -11 14 12 -14 -15 15 18 -18 -19 -20 -21 21 22 23 24 26 -27 27 28 -30 -31
leaf_value=-0.00044235424914707737 -0.0010950695591357847 0.0014754700640748656 -0.0020725337710852426 0.0015336424671356023 0.0012076683407212842 -0.0013774236640892923 0.0014481664080882358 -0.00043397541416602007 0.00063664980505564019 -0.00072579223196953544 0.00011129198558462253 0.0010584984382148832 -0.0018622903978790751 -0.0012386102941236458 -0.00097992629557847977 -0.00010724041620395274 0.0016392712054463727 -0.00018090212886983699 0.00081637632927947462 0.00062796190664496116 0.00033829586790465652 -0.00064009551755471851 0.00076960365850287159 5.536354146897793e-05 0.00023154115437989012 -0.0013560163383574591 -0.0013326598894006262 -0.00092556385352509101 7.1392755721304136e-05 -0.00013626697855215753
leaf_weight=30 30 21 21 24 20 25 21 36 30 24 28 24 22 25 25 37 21 22 31 23 78 31 35 25 158 23 24 24 528 47
leaf_count=30 30 21 21 24 20 25 21 36 30 24 28 24 22 25 25 37 21 22 31 23 78 31 35 25 158 23 24 24 528 47
internal_value=-1.73495e-12 2.21525e-05 1.27716e-06 3.14993e-05 6.05716e-06 -2.26558e-05 0.000505737 0.000152326 3.10026e-06 -1.16908e-05 1.90037e-06 -2.85846e-05 -0.000543135 -0.000134382 0.00024213 -3.39611e-05 0.00076614 0.000465742 0.00031382 1.8056e-05 4.07008e-06 1.78344e-05 -1.0094e-05 1.25102e-05 -1.9454e-05 -0.000620923 1.75121e-05 -3.67681e-05 2.80468e-05 -0.000540681
internal_weight=1513 1483 1462 1441 1417 1340 77 56 1315 1285 1261 1119 93 71 142 93 49 46 68 1026 1003 973 895 864 829 48 781 623 552 71
internal_count=1513 1483 1462 1441 1417 1340 77 56 1315 1285 1261 1119 93 71 142 93 49 46 68 1026 1003 973 895 864 829 48 781 623 552 71
is_linear=0
shrinkage=0.1


Tree=91
num_leaves=31
num_cat=0
split_feature=1 3 10 8 1 7 4 3 1 1 9 4 7 7 3 9 1 1 9 5 3 3 3 5 5 5 1 1 3 5
split_gain=0.00386173 0.00317931 0.00290322 0.00220775 0.0131698 0.0152043 0.00199664 0.00188065 0.00162223 0.000698726 0.00127479 0.000803873 0.000712621 0.00357975 0.00332305 0.00227518 0.00509121 0.00219059 0.00178235 0.00185968 0.00234341 0.00161994 0.00328604 0.00355426 0.00518373 0.002829 0.00233176 0.00286147 0.00118471 0.00479369
threshold=471.50000000000006 80.888314674227757 54.505254860403234 33.153716453459715 368.50000000000006 8.2915358769461953 26.536702856180643 46.82448458292999 281.50000000000006 196.50000000000003 5.6545945330697434 4.0059592661749104 4.4236551611749464 4.6495042759794698 25.333149532822272 23.813614138563967 383.50000000000006 426.50000000000006 12.503018083459908 18.261430891751022 19.423606460140672 19.858070007615989 20.44989716971698 22.00404528445728 23.110011982271786 24.725936166703743 398.50000000000006 386.50000000000006 24.582752877849973 26.411934773741724
decision_type=2 2 2 2 2 2 2 2 2 2 2 2 2 2 2 2 2 2 2 2 2 2 2 2 2 2 2 2 2 2
left_child=1 2 3 6 5 -5 9 -7 -9 -1 -11 -12 14 -14 17 -16 -17 21 -15 -20 -21 26 -23 -24 -25 -26 27 -13 -22 -30
right_child=-2 -3 -4 4 -6 7 -8 8 -10 10 11 12 13 18 15 16 -18 -19 19 20 28 22 23 24 25 -27 -28 -29 29 -31
leaf_value=0.00038498853976742125 -0.0011046246062183091 0.0011191711223755892 -0.0010872167991086222 -0.0025021907563010856 0.0023820665526997162 -0.00027980266718457088 -0.00076327716266470303 0.00023851050180383031 0.00124740721178515 -0.00076635163594883956 0.00049629064669716178 0.0001287926233608317 -0.0012374445151251098 -0.00065468820752738433 0.0014138381048623061 -0.00056496204633731399 0.0014378508314786648 -0.0010538472060579807 0.00085683222254738219 -0.0010874877148307862 0.00031337545663561849 -0.0014059375654059377 0.0009780301675200464 -0.0016927817783487791 0.00064858955867950704 -0.00083476239116862425 0.0011186856485437603 -0.001104041498620063 -0.0011801588703279518 5.2303418277210133e-05
leaf_weight=46 31 26 24 21 27 23 35 30 34 22 32 321 26 43 27 30 22 20 25 20 105 22 25 22 36 20 22 20 35 321
leaf_count=46 31 26 24 21 27 23 35 30 34 22 32 321 26 43 27 30 22 20 25 20 105 22 25 22 36 20 22 20 35 321
internal_value=2.3951e-12 2.31062e-05 3.5336e-06 2.18143e-05 0.000406678 -8.71695e-05 -1.82447e-05 0.000495767 0.000774487 2.41785e-06 -1.20544e-05 1.84388e-06 -1.17726e-05 -9.08971e-05 6.57345e-05 0.000669082 0.000282382 -2.80932e-05 -3.6598e-05 1.59275e-05 -2.77786e-05 1.39459e-05 -0.000296537 -5.95774e-05 -0.000392144 0.000118821 0.000120861 5.64856e-05 1.81958e-05 -6.88656e-05
internal_weight=1513 1482 1456 1432 135 108 1297 87 64 1262 1216 1194 1162 575 587 79 52 508 549 506 481 488 125 103 78 56 363 341 461 356
internal_count=1513 1482 1456 1432 135 108 1297 87 64 1262 1216 1194 1162 575 587 79 52 508 549 506 481 488 125 103 78 56 363 341 461 356
is_linear=0
shrinkage=0.1


Tree=92
num_leaves=31
num_cat=0
split_feature=7 0 7 7 6 4 10 10 9 4 9 9 8 8 1 3 9 9 10 9 10 1 3 8 8 3 5 1 8 1
split_gain=0.00368642 0.00494735 0.00803678 0.00207661 0.00398395 0.00358679 0.00399526 0.00325879 0.00448286 0.00751474 0.00167473 0.00104573 0.000943533 0.0012689 0.00102799 0.00528997 0.000711379 0.00183589 0.00268033 0.00277977 0.00151731 0.0016987 0.00160182 0.000969277 0.00113816 0.00167113 0.0015847 0.00509452 0.00065 0.000626339
threshold=93.786981373858666 21.500000000000004 6.3880548362428433 28.118902119925156 35.409042805139769 41.540899795538628 42.100283874385177 38.930707891399074 35.24949354571033 28.169896156424127 49.642280478181114 23.605191006093467 29.904163155195615 31.050711899619269 413.50000000000006 23.114494522794132 28.961212222709253 27.688966521848432 27.705038977338258 25.691396226070808 25.732749325983573 396.50000000000006 22.284414197458414 22.125317544206904 21.20266296772316 31.216733556350189 27.034764365359461 280.50000000000006 28.648143071777842 376.50000000000006
decision_type=2 2 2 2 2 2 2 2 2 2 2 2 2 2 2 2 2 2 2 2 2 2 2 2 2 2 2 2 2 2
left_child=1 3 -3 5 11 6 7 8 9 12 -6 -5 14 -14 16 -16 17 18 19 20 21 23 -23 24 25 26 29 -28 -18 -1
right_child=-2 2 -4 4 10 -7 -8 -9 -10 -11 -12 -13 13 -15 15 -17 28 -19 -20 -21 -22 22 -24 -25 -26 -27 27 -29 -30 -31
leaf_value=-4.9003025181375382e-06 -0.0010974703015138706 -2.6618529500410662e-05 0.002491024848339813 -0.00038190981744824407 -0.0018714607378933581 0.0011823991277756601 -0.0010426225897390395 0.0010735518062198214 -0.0011670579353449285 0.0019072765661847025 -0.00057734572968911376 0.00048456783811464755 -0.0010416929924394935 8.475989288854181e-05 -0.00047414946645774227 0.0016148162508298728 0.00075673281073408282 -0.00081988237798213959 0.0010032166419058251 -0.0010075639064390479 0.00064951902155631358 -4.0537161181592163e-05 -0.0012910097651183607 0.00050885181628620708 -0.00075941628427244733 0.00090703120833495647 0.00062268124614923222 -0.0013043364516788108 -3.571923430585726e-06 0.00035145130109498805
leaf_weight=711 30 32 21 26 20 26 36 29 32 21 20 30 20 20 27 22 23 28 26 28 35 21 20 37 20 20 23 34 22 53
leaf_count=711 30 32 21 26 20 26 36 29 32 21 20 30 20 20 27 22 23 28 26 28 35 21 20 37 20 20 23 34 22 53
internal_value=-8.54071e-13 2.2201e-05 0.000970938 -1.2962e-05 -0.000462174 1.93652e-05 -3.75325e-06 2.56487e-05 1.20045e-06 3.2071e-05 -0.0012244 8.22746e-05 -1.02083e-06 -0.000478467 1.5586e-05 0.000463754 -4.35972e-06 -2.0953e-05 8.07765e-07 -2.52028e-05 3.03751e-06 -2.10592e-05 -0.000650524 7.68023e-06 -1.38568e-05 3.87355e-06 -1.81279e-05 -0.000526768 0.000385028 1.98204e-05
internal_weight=1513 1483 53 1430 96 1334 1308 1272 1243 1211 40 56 1190 40 1150 49 1101 1056 1028 1002 974 939 41 898 861 841 821 57 45 764
internal_count=1513 1483 53 1430 96 1334 1308 1272 1243 1211 40 56 1190 40 1150 49 1101 1056 1028 1002 974 939 41 898 861 841 821 57 45 764
is_linear=0
shrinkage=0.1


Tree=93
num_leaves=31
num_cat=0
split_feature=1 3 10 9 0 1 3 10 10 4 1 3 10 9 10 4 4 1 4 3 1 8 3 10 9 5 4 1 7 9
split_gain=0.00352976 0.00272555 0.00256352 0.0034937 0.00117803 0.0041485 0.00112021 0.00204172 0.00113521 0.00342518 0.00105295 0.00341955 0.00333638 0.00327087 0.00167497 0.00161194 0.00117358 0.000908827 0.000751313 0.00254577 0.00176219 0.0015969 0.00638628 0.00151837 0.00121323 0.00285719 0.0019286 0.00147828 0.000841567 0.00223811
threshold=461.00000000000006 80.888314674227757 54.505254860403234 46.798844392032152 21.500000000000004 429.50000000000006 57.786481761421548 42.100283874385177 38.559814030105009 29.024713666211831 386.50000000000006 24.582752877849973 16.351801432126756 24.564560184390903 13.21231863711149 24.759193980359615 24.009796547415409 376.50000000000006 20.504106547139276 32.892319251107061 369.50000000000006 23.363531813377673 31.216733556350189 30.389681706731114 23.180311639233796 28.75139575202979 18.000469718111471 357.50000000000006 0.45619567980433967 5.6545945330697434
decision_type=2 2 2 2 2 2 2 2 2 2 2 2 2 2 2 2 2 2 2 2 2 2 2 2 2 2 2 2 2 2
left_child=1 2 3 4 5 6 7 8 9 10 15 12 14 -13 -12 16 17 18 20 -20 21 24 -23 -24 26 -26 27 28 -1 -30
right_child=-2 -3 -4 -5 -6 -7 -8 -9 -10 -11 11 13 -14 -15 -16 -17 -18 -19 19 -21 -22 22 23 -25 25 -27 -28 -29 29 -31
leaf_value=0.0006315620132954792 -0.00099255879434557363 0.0010383185496231398 -0.0010195955236364776 0.0011089561555277685 -0.00072594251647718593 0.001174696725793183 0.00063576062675565483 -0.00087188551219047187 0.00052971416826997145 -0.0012914606503077917 0.0002224654142212655 -0.0019225298834498973 0.00097159803102338889 -0.00022151265741110994 -0.0010261151870839637 0.0005934194037536145 -0.00070554757207308134 0.00049023237556983267 0.0011417471342914118 -0.00017380568292298308 -0.00092971520304369428 -0.0019680163852171975 0.0007477191259132941 -0.00041431700863706121 0.0013411167581342971 -8.5738857241166342e-05 -0.00096903931349515918 0.0005884988093219529 -0.0010690807070932351 3.8871396011162032e-06
leaf_weight=20 35 26 24 29 22 30 26 28 38 21 21 20 29 26 22 48 23 39 24 38 21 20 23 22 23 36 20 44 20 695
leaf_count=20 35 26 24 29 22 30 26 28 38 21 21 20 29 26 22 48 23 39 24 38 21 20 23 22 23 36 20 44 20 695
internal_value=-5.29947e-13 2.35044e-05 5.33283e-06 2.25585e-05 3.84838e-08 1.16373e-05 -1.4266e-05 -2.70599e-05 -8.76513e-06 -2.50697e-05 -3.51846e-06 -0.000287596 0.000142689 -0.000961085 -0.000416343 2.65184e-05 1.03974e-06 1.65914e-05 -1.77041e-06 0.000335441 -2.39177e-05 -3.30913e-06 -0.000481196 0.000179613 3.28944e-05 0.000470493 5.81163e-07 2.54751e-05 -8.22968e-06 -2.61259e-05
internal_weight=1513 1478 1452 1428 1399 1377 1347 1321 1293 1255 1234 118 72 46 43 1116 1068 1045 1006 62 944 923 65 45 858 59 799 779 735 715
internal_count=1513 1478 1452 1428 1399 1377 1347 1321 1293 1255 1234 118 72 46 43 1116 1068 1045 1006 62 944 923 65 45 858 59 799 779 735 715
is_linear=0
shrinkage=0.1


Tree=94
num_leaves=31
num_cat=0
split_feature=10 1 1 8 1 4 9 3 3 7 3 1 4 8 6 9 6 4 4 4 7 9 7 9 3 7 3 7 8 9
split_gain=0.00347261 0.00281846 0.00162376 0.00553316 0.00213998 0.00190281 0.00390374 0.00110328 0.00228064 0.00205864 0.00202241 0.00451788 0.00334822 0.00163334 0.00100413 0.00116548 0.00161607 0.00154787 0.00130684 0.00124951 0.00381655 0.0036497 0.000825933 0.00182793 0.00151886 0.00254043 0.00237911 0.000791696 0.000986917 0.00209583
threshold=74.802383311366867 475.00000000000006 432.00000000000006 22.403249496659328 420.50000000000006 42.640501283790549 49.642280478181114 66.036002773859011 56.881222997543603 43.031945667403413 47.15242748928285 282.50000000000006 31.272573666813781 34.063741599523304 33.628236668454058 31.547202001408667 29.91522476300225 24.246075803058165 24.955794992997138 20.145513635251948 2.3914305581072921 27.688966521848432 1.2509379206684559 7.2420761398882449 14.285874768673544 0.94750344156496014 11.642514911405993 1.3915010209529244 7.8872992061686968 9.8015881623053769
decision_type=2 2 2 2 2 2 2 2 2 2 2 2 2 2 2 2 2 2 2 2 2 2 2 2 2 2 2 2 2 2
left_child=1 2 4 -4 5 6 7 8 9 10 12 -12 13 14 15 16 17 19 -17 22 -21 -22 24 -24 26 -26 -1 -25 -29 -30
right_child=-2 -3 3 -5 -6 -7 -8 -9 -10 -11 11 -13 -14 -15 -16 18 -18 -19 -20 20 21 -23 23 27 25 -27 -28 28 29 -31
leaf_value=0.00024838138990508884 -0.0013089509816200007 0.0010495927939281012 0.00057452332139724775 -0.001670595384000436 0.0010448516684118659 -0.00096532140858471391 0.0013090242535564239 -0.00074198625399731107 0.0010401852170692414 -0.00090900305146351468 -0.00034742032044700219 0.0017268841199222066 -0.0012111427090333209 0.0008809896673829783 -0.00067797156146050177 1.7962515434751719e-05 -0.00084601154338325487 0.00085123770238299456 0.0010785913219608899 -0.0015527505383250259 0.00075681486477454513 -0.0009620570233978686 -0.00094713439355560008 -0.00059463751676958054 -6.8150676303991565e-06 0.0013921399576356636 -0.00091979821127924062 0.0005041895857012162 -0.00099675047756699379 1.592753893643675e-05
leaf_weight=84 20 26 21 23 20 20 23 20 21 25 21 21 23 21 22 26 23 21 21 21 30 21 21 22 27 25 22 39 21 762
leaf_count=84 20 26 21 23 20 20 23 20 21 25 21 21 23 21 22 26 23 21 21 21 30 21 21 22 27 25 22 39 21 762
internal_value=1.26991e-12 1.75345e-05 -7.56913e-07 -0.000599061 1.7743e-05 3.10141e-06 1.71061e-05 -4.74254e-06 6.2611e-06 -1.02002e-05 7.16465e-06 0.000689732 -1.5733e-05 6.63841e-06 -8.56141e-06 3.85598e-06 -1.62812e-05 8.19013e-07 0.00049186 -1.54904e-05 -0.000418146 4.90441e-05 1.2849e-05 -2.55531e-05 0.000223088 0.000665759 5.92902e-06 -2.62276e-06 1.32219e-05 -1.12324e-05
internal_weight=1513 1493 1467 44 1423 1403 1383 1360 1340 1319 1294 42 1252 1229 1208 1186 1139 1116 47 1095 72 51 1023 865 158 52 106 844 822 783
internal_count=1513 1493 1467 44 1423 1403 1383 1360 1340 1319 1294 42 1252 1229 1208 1186 1139 1116 47 1095 72 51 1023 865 158 52 106 844 822 783
is_linear=0
shrinkage=0.1


Tree=95
num_leaves=31
num_cat=0
split_feature=1 8 10 4 3 4 9 9 10 1 6 9 5 10 8 6 5 9 8 1 1 10 4 7 5 7 5 5 4 10
split_gain=0.00315857 0.002944 0.00360545 0.00295134 0.00321223 0.00149895 0.00158071 0.00184233 0.00152636 0.000765968 0.000694179 0.00241786 0.000549206 0.00233755 0.000893578 0.000832755 0.000785229 0.00106125 0.00141253 0.000942776 0.00199998 0.00202432 0.00226665 0.00195585 0.00220463 0.00117331 0.00111976 0.00218996 0.00165747 0.00333725
threshold=471.50000000000006 49.849557085508337 49.899808754057567 31.493864719469801 46.009898300268112 29.024713666211831 36.814814840480004 35.457444561609009 34.947657291180313 428.50000000000006 5.7973542496241031 6.9909803831318147 15.14197656953071 13.004846637283032 9.9374415742592692 11.301346408329458 15.988151200104333 11.097289726703272 10.850682755935384 274.50000000000006 269.50000000000006 18.423500761095656 10.580330785787629 4.9637521433112797 28.75139575202979 5.9061872701647919 38.678378922659881 35.10724329662564 24.009796547415409 24.321260119408329
decision_type=2 2 2 2 2 2 2 2 2 2 2 2 2 2 2 2 2 2 2 2 2 2 2 2 2 2 2 2 2 2
left_child=1 2 3 5 -5 6 7 8 9 10 -1 -12 13 14 -13 -16 -14 -18 -19 20 21 22 25 -23 -25 -20 27 28 29 -21
right_child=-2 -3 -4 4 -6 -7 -8 -9 -10 -11 11 12 16 -15 15 -17 17 18 19 26 -22 23 -24 24 -26 -27 -28 -29 -30 -31
leaf_value=0.00044055063440787812 -0.00099900853031525223 0.00086714494740590452 -0.0011262579405281162 0.0017532336898148058 0.00013770364748779684 -0.00064524253636288149 0.00083052440313622364 -0.0009581544762477279 0.0007990614782102057 -0.00044224370026196814 -0.00099868565181774715 0.00014759416544822874 -0.00043954643659249303 0.00096360546885989609 -0.00084757540927967064 4.3997857507995586e-05 0.00065884991054190325 -0.00084592431958299132 0.00042183124925941227 -2.2161241097183368e-06 -0.0010990417484814921 -0.00072672802792943041 -0.0014027407706072113 0.00080112936765155095 -5.477233230172155e-05 -0.00066136514651589102 0.00055388859612073491 -0.0007481484902467963 -0.0006443769473116845 0.00063970619681640538
leaf_weight=36 31 40 28 20 32 36 23 20 24 39 24 135 42 31 20 22 24 20 20 426 21 23 21 49 78 20 44 34 30 100
leaf_count=36 31 40 28 20 32 36 23 20 24 39 24 135 42 31 20 22 24 20 20 426 21 23 21 49 78 20 44 34 30 100
internal_value=1.10462e-12 2.08969e-05 -2.57735e-06 1.96738e-05 0.000759061 -8.55543e-06 8.73019e-06 -5.77577e-06 9.07035e-06 -5.98905e-06 7.95679e-06 -5.1964e-06 1.53586e-05 0.000162565 2.22692e-05 -0.000380561 -1.68041e-05 2.70708e-06 -1.50665e-05 4.12186e-06 -0.000168361 -7.5734e-05 -0.000561446 0.000121789 0.000275457 -0.000119767 6.72386e-05 3.09461e-05 7.85886e-05 0.000119822
internal_weight=1513 1482 1442 1414 52 1362 1326 1303 1283 1259 1220 1184 1160 208 177 42 952 910 886 866 232 211 61 150 127 40 634 590 556 526
internal_count=1513 1482 1442 1414 52 1362 1326 1303 1283 1259 1220 1184 1160 208 177 42 952 910 886 866 232 211 61 150 127 40 634 590 556 526
is_linear=0
shrinkage=0.1


Tree=96
num_leaves=31
num_cat=0
split_feature=10 1 9 8 1 8 8 8 4 7 1 1 1 9 4 8 9 9 10 8 1 9 1 4 1 1 4 7 7 7
split_gain=0.00321183 0.0204907 0.00332783 0.00575988 0.00603451 0.00163735 0.00432892 0.00368512 0.00197773 0.00179212 0.000769403 0.000943922 0.000601645 0.000988514 0.000698592 0.000576742 0.00148035 0.00055197 0.00190272 0.00447685 0.00207124 0.00159838 0.00155006 0.00185267 0.00197662 0.00109515 0.000813585 0.00230703 0.00329948 0.00200928
threshold=56.645945090271731 324.50000000000006 49.642280478181114 42.668322125308705 475.00000000000006 38.020241719912377 35.447532684005523 33.153716453459715 26.536702856180643 21.906922721442594 428.50000000000006 411.50000000000006 196.50000000000003 5.6545945330697434 4.0059592661749104 30.61997032170547 31.697808506949858 28.596001086394175 26.952363406560746 24.026740514613937 335.50000000000006 29.786694288577632 396.50000000000006 18.76166177087303 330.50000000000006 294.50000000000006 14.641261726994509 2.0948602597527244 3.0980340729023603 4.6149662605809469
decision_type=2 2 2 2 2 2 2 2 2 2 2 2 2 2 2 2 2 2 2 2 2 2 2 2 2 2 2 2 2 2
left_child=2 -2 3 4 5 6 7 8 10 -7 11 12 -1 -14 -15 16 17 18 19 22 25 -19 23 26 -25 -20 -16 -28 -29 -30
right_child=1 -3 -4 -5 -6 9 -8 -9 -10 -11 -12 -13 13 14 15 -17 -18 21 20 -21 -22 -23 -24 24 -26 -27 27 28 29 -31
leaf_value=0.00035988524808920418 0.001379178875213256 -0.0031474887416698041 0.0011679230267181992 -0.001565618262342785 0.0016362564481349419 0.0013031933875754477 -0.0012688823641467564 0.001022638803780345 -0.00075870739013355758 -3.5509106237441304e-05 -0.0004398320979242654 0.0006661787607961081 -0.00067279833072627141 0.00046458696015179158 4.0488945802108354e-05 -0.0004277115609511384 0.00085538780025672166 -0.0010239259689114987 0.00050784119666786871 -0.0014146910391940291 0.0012759716498017635 0.00016517038367545379 -0.0006271488388608161 3.8924763570181458e-05 0.0013268299496055327 -0.00042153097927525993 0.00052944776424042447 -0.0014552218616396811 0.00049174151129343291 -0.00044089844620441901
leaf_weight=46 20 20 25 23 23 20 27 35 35 20 38 22 22 32 654 32 20 20 32 23 23 26 38 26 22 21 34 24 33 77
leaf_count=46 20 20 25 23 23 20 27 35 35 20 38 22 22 32 654 32 20 20 32 23 23 26 38 26 22 21 34 24 33 77
internal_value=-2.36072e-12 -0.000884155 2.40096e-05 4.25975e-06 2.95981e-05 3.24068e-06 -1.52792e-05 1.00746e-05 -1.71868e-05 0.000633842 3.32963e-06 1.70543e-05 5.20304e-06 -8.87408e-06 3.9723e-06 -9.36677e-06 3.1095e-06 -1.30781e-05 2.39606e-06 -3.68779e-05 0.000483502 -0.000351828 -1.97731e-06 2.5329e-05 0.000629215 0.000139599 -9.93436e-06 -0.000206225 -0.000392888 -0.000161106
internal_weight=1513 40 1473 1448 1425 1402 1362 1335 1300 40 1265 1227 1205 1159 1137 1105 1073 1053 1007 931 76 46 908 870 48 53 822 168 134 110
internal_count=1513 40 1473 1448 1425 1402 1362 1335 1300 40 1265 1227 1205 1159 1137 1105 1073 1053 1007 931 76 46 908 870 48 53 822 168 134 110
is_linear=0
shrinkage=0.1


Tree=97
num_leaves=31
num_cat=0
split_feature=7 0 7 10 5 7 1 6 9 9 8 1 4 1 1 5 3 7 7 7 3 1 7 9 7 3 10 6 10 9
split_gain=0.00311085 0.00449748 0.0072831 0.00182894 0.00593034 0.00509461 0.00426085 0.00297612 0.00427543 0.00551988 0.00181182 0.000948803 0.000799838 0.00184876 0.00387821 0.00236431 0.002425 0.00216491 0.00414428 0.00160001 0.00143287 0.00270139 0.00329678 0.00233332 0.00155125 0.00168164 0.00163436 0.00207423 0.00119147 0.00113456
threshold=93.786981373858666 21.500000000000004 6.4799834797710902 39.491871923152296 47.848905247495182 41.380306424528619 326.50000000000006 34.93991192597516 34.79175433024858 33.385702234526185 47.463884191626626 436.50000000000006 12.201845989689998 374.50000000000006 383.50000000000006 19.078716145192384 19.858070007615989 1.4505618521328969 2.5098304362201729 22.470732184116333 21.069334960106058 330.50000000000006 2.9246718783060124 25.180081234564991 2.8469998972333275 23.381800218147628 27.705038977338258 24.592658830123074 22.154768513970136 21.976613652312427
decision_type=2 2 2 2 2 2 2 2 2 2 2 2 2 2 2 2 2 2 2 2 2 2 2 2 2 2 2 2 2 2
left_child=1 3 -3 7 -5 6 10 8 9 11 -6 12 29 15 -15 -14 -17 -16 -19 20 -18 24 -23 -24 -22 -26 27 28 -27 -1
right_child=-2 2 -4 4 5 -7 -8 -9 -10 -11 -12 -13 13 14 17 16 19 18 -20 -21 21 22 23 -25 25 26 -28 -29 -30 -31
leaf_value=3.0856941561826781e-05 -0.0010081608911665779 1.2373774326547527e-05 0.0024307506100740284 -0.0017917927227244946 0.00029657918228102583 -0.0014257545776975653 0.0014725896995514633 0.00093140424894435064 -0.00145387774646224 0.0016678280926134903 -0.0008783394869949137 0.00065949167501890948 -0.0010542605072259904 -0.0016003652039216832 -0.0010307974974802208 0.00094987716810363866 -0.00073288009987901087 0.0013265547063201666 -0.00042927469660687011 -0.00068548351375605264 -0.00085039715100403721 0.0017128305198275484 0.00072545280769083871 -0.00061521028844817055 0.00082255088946903534 -0.00050999414774908125 0.0002642772476932826 -0.0011560672046945675 0.00014703759526668548 0.00073140585615571281
leaf_weight=629 30 33 20 24 35 21 23 35 20 20 21 21 21 24 21 27 23 20 41 34 23 20 34 21 23 46 87 23 69 24
leaf_count=629 30 33 20 24 35 21 23 35 20 20 21 21 21 24 21 27 23 20 41 34 23 20 34 21 23 46 87 23 69 24
internal_value=3.72538e-12 2.03944e-05 0.000924969 -1.31318e-05 -0.000380155 -4.13614e-05 0.000326642 2.17157e-05 -3.33477e-06 1.98554e-05 -0.000144015 -6.91917e-06 -1.8485e-05 -0.000106516 -0.000482308 -1.81927e-05 3.2406e-05 -0.000155072 0.000146407 -2.90623e-05 3.14209e-05 8.22271e-05 0.000613368 0.000213563 -6.47676e-05 8.09318e-06 -7.51625e-05 -0.000289157 -0.000115775 5.66045e-05
internal_weight=1513 1483 53 1430 124 100 79 1306 1271 1251 56 1231 1210 557 106 451 430 82 61 403 369 346 75 55 271 248 225 138 115 653
internal_count=1513 1483 53 1430 124 100 79 1306 1271 1251 56 1231 1210 557 106 451 430 82 61 403 369 346 75 55 271 248 225 138 115 653
is_linear=0
shrinkage=0.1


Tree=98
num_leaves=31
num_cat=0
split_feature=1 10 4 4 3 9 6 1 1 10 1 7 7 3 8 1 7 1 1 4 1 1 4 1 9 8 9 9 1 3
split_gain=0.00331727 0.00287101 0.00175431 0.00322632 0.0016829 0.00205567 0.00259915 0.00213185 0.00148507 0.00145212 0.000934217 0.00063818 0.00083486 0.000996966 0.000847167 0.0012178 0.00530465 0.00104055 0.00110687 0.000791705 0.000729373 0.00166045 0.00158054 0.00127719 0.000933194 0.00150326 0.00435383 0.00238064 0.00146008 0.00385725
threshold=461.00000000000006 65.128762882001539 42.640501283790549 37.92153924728624 66.036002773859011 38.053391719435751 34.656284316583104 335.50000000000006 287.50000000000006 34.947657291180313 428.50000000000006 41.380306424528619 21.111680556827007 38.425544972935562 29.904163155195615 403.50000000000006 2.3169653963506112 396.50000000000006 390.50000000000006 11.220584449776721 374.50000000000006 364.50000000000006 14.301223161972013 360.50000000000006 28.961212222709253 23.363531813377673 25.918562414042707 27.583257265635556 343.50000000000006 20.337732365620528
decision_type=2 2 2 2 2 2 2 2 2 2 2 2 2 2 2 2 2 2 2 2 2 2 2 2 2 2 2 2 2 2
left_child=1 2 3 4 5 6 9 8 -7 10 11 12 13 14 15 17 -17 18 20 -14 21 23 -22 24 25 28 -27 -28 -1 -30
right_child=-2 -3 -4 -5 -6 7 -8 -9 -10 -11 -12 -13 19 -15 -16 16 -18 -19 -20 -21 22 -23 -24 -25 -26 26 27 -29 29 -31
leaf_value=-1.0510958940837235e-05 -0.00096222008778048423 0.0011837008540862286 -0.00092406057752668868 0.0012802317168097944 -0.00081199553934857257 0.00067796740996917452 -0.0008059662451887561 0.0014164789393544199 -0.00041994731238281183 0.00067778311054098603 -0.00050644907104368847 0.00051048022456234323 6.3773399888305006e-05 0.000567243521072669 -0.00057444318584748541 0.0017375443090713817 -0.00044744707376230509 -0.00065850278090996044 0.00069350652072740649 -0.00076633274454959775 0.00016376608537564823 0.00080304040882485698 -0.00079354664842997281 -0.00074317045408584502 0.00059050318237428585 -0.0016967489413218574 0.00075933453990728594 -0.00068081920458511885 -0.00014663651825508057 0.0013759871811739035
leaf_weight=713 35 21 20 20 25 28 40 20 22 32 36 25 20 32 25 20 25 24 23 27 34 26 35 23 27 20 24 22 41 28
leaf_count=713 35 21 20 20 25 28 40 20 22 32 36 25 20 32 25 20 25 24 23 27 34 26 35 23 27 20 24 22 41 28
internal_value=5.87031e-13 2.2786e-05 6.05353e-06 1.89987e-05 1.19729e-06 1.5802e-05 -1.21614e-05 0.000543912 0.000194885 1.26063e-05 -4.42223e-06 1.04649e-05 -4.8463e-08 1.69509e-05 1.08658e-06 1.43476e-05 0.00052366 -7.68993e-06 7.6836e-06 -0.000413096 -8.20152e-06 1.52186e-05 -0.000321827 -7.5914e-06 1.17438e-05 -6.68366e-06 -0.000464984 7.05654e-05 3.19965e-05 0.00047124
internal_weight=1513 1478 1457 1437 1417 1392 1322 70 50 1282 1250 1214 1189 1142 1110 1085 45 1040 1016 47 993 924 69 898 875 848 66 46 782 69
internal_count=1513 1478 1457 1437 1417 1392 1322 70 50 1282 1250 1214 1189 1142 1110 1085 45 1040 1016 47 993 924 69 898 875 848 66 46 782 69
is_linear=0
shrinkage=0.1


Tree=99
num_leaves=31
num_cat=0
split_feature=10 1 7 7 4 3 7 8 7 1 1 4 4 4 4 3 3 5 4 5 8 5 6 6 1 8 8 1 7 7
split_gain=0.00290634 0.00237715 0.00114038 0.0011181 0.00375046 0.00213475 0.00958295 0.0089588 0.00327061 0.0013652 0.00309268 0.00189111 0.00100661 0.00105752 0.000832067 0.00265611 0.00173292 0.00291594 0.00138858 0.00118178 0.00255391 0.00538804 0.00140496 0.00268086 0.00255821 0.00159067 0.00110162 0.00284206 0.00104126 0.00229484
threshold=74.802383311366867 475.00000000000006 93.786981373858666 28.118902119925156 27.742168890045068 37.881254509189837 5.0131707474034384 31.428501885362476 8.1228749348810947 325.50000000000006 296.50000000000006 24.556294064865806 20.145513635251948 12.313671443196435 21.465237154469609 35.033334245940026 31.216733556350189 34.732894974887323 22.99178813697198 30.932326785812673 22.403249496659328 26.878001330944617 22.461040693106629 21.148409964689499 325.50000000000006 19.560734743994537 19.254341050000189 413.50000000000006 7.320530032379974 6.1909785361579379
decision_type=2 2 2 2 2 2 2 2 2 2 2 2 2 2 2 2 2 2 2 2 2 2 2 2 2 2 2 2 2 2
left_child=1 2 3 5 12 7 -7 14 -8 10 11 -10 13 -5 15 19 18 -18 -16 20 22 -22 23 25 -25 26 27 28 29 -1
right_child=-2 -3 -4 4 -6 6 8 -9 9 -11 -12 -13 -14 -15 16 -17 17 -19 -20 -21 21 -23 -24 24 -26 -27 -28 -29 -30 -31
leaf_value=-1.4928235270835118e-05 -0.0011974811373511331 0.00096386263196826321 0.00069784397340339171 0.00021319013709356885 -0.0014241091567479694 0.0023956904513761403 -0.00084832636376602527 -0.0021362796390894802 -0.00029136385406752156 0.00080857694469946067 -0.00085986827220767737 0.00082757420128804046 0.00060375740258244894 -0.00071768505630366835 0.00013719063659664243 -0.0011672086070757361 -0.00095574250854869305 0.00069166984806846203 0.0012764967046678068 0.00042705277771650196 -0.0020021780850896678 3.5038346902945557e-05 0.00066093758732677088 -8.5617381585601337e-05 -0.0014978532950171148 0.00079959049717917184 -0.00072795926811522807 0.00099524504400725516 -0.0002921242929643772 0.00073285245023064572
leaf_weight=610 20 26 23 26 24 20 31 20 23 37 25 44 21 23 20 20 22 21 23 60 20 37 32 29 23 26 20 29 114 44
leaf_count=610 20 26 23 26 24 20 31 20 23 37 25 44 21 23 20 20 22 21 23 60 20 37 32 29 23 26 20 29 114 44
internal_value=4.79931e-12 1.60413e-05 -7.5719e-07 -1.18845e-05 -0.000345357 1.1335e-05 0.000331935 -3.7988e-05 7.39651e-05 0.000295601 8.92955e-05 0.000443461 2.45013e-05 -0.000223751 -1.49593e-06 -2.56788e-05 0.000297697 -0.000151192 0.000746587 -3.81045e-06 -3.00826e-05 -0.000679774 9.86609e-06 -1.34124e-05 -0.00071026 2.95722e-05 5.06736e-06 2.3462e-05 -1.32329e-05 3.53812e-05
internal_weight=1513 1493 1467 1444 94 1350 180 1170 160 129 92 67 70 49 1150 1064 86 43 43 1044 984 57 927 895 52 843 817 797 768 654
internal_count=1513 1493 1467 1444 94 1350 180 1170 160 129 92 67 70 49 1150 1064 86 43 43 1044 984 57 927 895 52 843 817 797 768 654
is_linear=0
shrinkage=0.1


end of trees

feature_importances:
Column_1=570
Column_4=387
Column_7=370
Column_10=354
Column_8=334
Column_3=287
Column_9=247
Column_6=214
Column_5=206
Column_0=31

parameters:
[boosting: gbdt]
[objective: regression]
[metric: l2]
[tree_learner: serial]
[device_type: cpu]
[data_sample_strategy: bagging]
[data: ]
[valid: ]
[num_iterations: 100]
[learning_rate: 0.1]
[num_leaves: 31]
[num_threads: 2]
[seed: 42]
[deterministic: 0]
[force_col_wise: 0]
[force_row_wise: 0]
[histogram_pool_size: -1]
[max_depth: -1]
[min_data_in_leaf: 20]
[min_sum_hessian_in_leaf: 0.001]
[bagging_fraction: 1]
[pos_bagging_fraction: 1]
[neg_bagging_fraction: 1]
[bagging_freq: 0]
[bagging_seed: 400]
[bagging_by_query: 0]
[feature_fraction: 1]
[feature_fraction_bynode: 1]
[feature_fraction_seed: 30056]
[extra_trees: 0]
[extra_seed: 12879]
[early_stopping_round: 0]
[early_stopping_min_delta: 0]
[first_metric_only: 0]
[max_delta_step: 0]
[lambda_l1: 0]
[lambda_l2: 0]
[linear_lambda: 0]
[min_gain_to_split: 0]
[drop_rate: 0.1]
[max_drop: 50]
[skip_drop: 0.5]
[xgboost_dart_mode: 0]
[uniform_drop: 0]
[drop_seed: 17869]
[top_rate: 0.2]
[other_rate: 0.1]
[min_data_per_group: 100]
[max_cat_threshold: 32]
[cat_l2: 10]
[cat_smooth: 10]
[max_cat_to_onehot: 4]
[top_k: 20]
[monotone_constraints: ]
[monotone_constraints_method: basic]
[monotone_penalty: 0]
[feature_contri: ]
[forcedsplits_filename: ]
[refit_decay_rate: 0.9]
[cegb_tradeoff: 1]
[cegb_penalty_split: 0]
[cegb_penalty_feature_lazy: ]
[cegb_penalty_feature_coupled: ]
[path_smooth: 0]
[interaction_constraints: ]
[verbosity: -1]
[saved_feature_importance_type: 0]
[use_quantized_grad: 0]
[num_grad_quant_bins: 4]
[quant_train_renew_leaf: 0]
[stochastic_rounding: 1]
[linear_tree: 0]
[max_bin: 255]
[max_bin_by_feature: ]
[min_data_in_bin: 3]
[bin_construct_sample_cnt: 200000]
[data_random_seed: 175]
[is_enable_sparse: 1]
[enable_bundle: 1]
[use_missing: 1]
[zero_as_missing: 0]
[feature_pre_filter: 1]
[pre_partition: 0]
[two_round: 0]
[header: 0]
[label_column: ]
[weight_column: ]
[group_column: ]
[ignore_column: ]
[categorical_feature: ]
[forcedbins_filename: ]
[precise_float_parser: 0]
[parser_config_file: ]
[objective_seed: 16083]
[num_class: 1]
[is_unbalance: 0]
[scale_pos_weight: 1]
[sigmoid: 1]
[boost_from_average: 1]
[reg_sqrt: 0]
[alpha: 0.9]
[fair_c: 1]
[poisson_max_delta_step: 0.7]
[tweedie_variance_power: 1.5]
[lambdarank_truncation_level: 30]
[lambdarank_norm: 1]
[label_gain: ]
[lambdarank_position_bias_regularization: 0]
[eval_at: ]
[multi_error_top_k: 1]
[auc_mu_weights: ]
[num_machines: 1]
[local_listen_port: 12400]
[time_out: 120]
[machine_list_filename: ]
[machines: ]
[gpu_platform_id: -1]
[gpu_device_id: -1]
[gpu_use_dp: 0]
[num_gpu: 1]

end of parameters

pandas_categorical:null
