tree
version=v4
num_class=1
num_tree_per_iteration=1
label_index=0
max_feature_idx=10
objective=regression
feature_names=Column_0 Column_1 Column_2 Column_3 Column_4 Column_5 Column_6 Column_7 Column_8 Column_9 Column_10
feature_infos=none [31:79] none [0.50163793563842773:147.9293212890625] [0.036339867860078798:118.51288604736328] [2.9177241325378418:147.9293212890625] [2.7225348949432373:120.23538970947266] [0.0096487011760473008:1148.0567626953125] [0.99045741558074962:119.44198608398438] [2.7176470756530762:135.72531127929688] [2.8378894329071045:142.2294921875]
tree_sizes=2697 2869 2875 2884 2877 2888 2885 2890 2889 2892 2895 2909 2894 2894 2873 2883 2898 2909 2900 2899 2903 2909 2895 2923 2903 2919 2927 2892 2946 2921 2928 2935 2937 2948 2936 2931 2929 2931 2939 2957 2969 2941 2946 2955 2922 2946 2944 2950 2943 2936 2958 2961 2936 2950 2932 2940 2970 2937 2950 2957 2966 2951 2941 2965 2959 2976 2975 2934 2954 2966 2954 2949 2959 2956 2944 2927 2954 2968 2987 2961 2982 2950 2954 2945 2972 2972 2937 2986 2963 2961 2974 2987 2973 2967 2950 2942 2967 2968 2946 2986

Tree=0
num_leaves=31
num_cat=0
split_feature=3 10 7 1 1 10 5 3 1 9 4 6 1 8 1 7 7 7 1 7 6 6 1 4 3 7 7 7 8 1
split_gain=2.86613 0.765077 0.553726 0.187368 0.180031 0.145525 0.133023 0.0998552 0.0822273 0.0793526 0.111931 0.0593557 0.0560769 0.0599201 0.0553395 0.0491141 0.0457639 0.0392209 0.0427333 0.0386141 0.0331232 0.0325079 0.0421138 0.0324535 0.0324072 0.0319423 0.0280301 0.0270308 0.0225607 0.0215738
threshold=26.222730636596683 45.740594863891609 3.4335341453552251 54.500000000000007 61.500000000000007 60.019359588623054 16.790719985961918 17.0229606628418 66.500000000000014 35.489023208618171 23.639531135559086 25.56931304931641 67.500000000000014 22.657877922058109 71.500000000000014 12.013687610626222 11.158809661865236 0.68739992380142223 70.500000000000014 18.508046150207523 37.647924423217781 80.332885742187514 63.500000000000007 37.700254440307624 35.341377258300788 9.6538262367248553 1.4835560917854311 4.4327471256256112 15.499349117279055 60.500000000000007
decision_type=2 2 2 2 2 2 2 2 2 2 2 2 2 2 2 2 2 2 2 2 2 2 2 2 2 2 2 2 2 2
left_child=2 3 6 24 15 8 26 25 16 10 11 -5 13 -13 -8 -4 -3 -12 -19 27 -11 22 -7 -18 -2 -6 -1 -9 -17 -15
right_child=1 5 4 9 7 21 14 19 -10 20 17 12 -14 29 -16 28 23 18 -20 -21 -22 -23 -24 -25 -26 -27 -28 -29 -30 -31
leaf_value=0.20236487217866256 0.20010261321703521 0.1881075564547291 0.20014531717258405 0.19452523986453052 0.19894399959951434 0.18822180385281706 0.2001093682837029 0.19306589009206165 0.18627131632173824 0.18892486429369026 0.19246444062815377 0.18814922353606717 0.18828383880072103 0.19714922351883768 0.19655306962063723 0.19678811247213732 0.19128632030090242 0.1978130165532557 0.19378157644352426 0.19297986886945687 0.19272065198802035 0.18089922285759866 0.18328383837756626 0.19630831448482394 0.19606589010882547 0.19498255693358413 0.20108988486242774 0.19632027619045805 0.20039922343137803 0.19314312592247182
leaf_weight=524 59 24 256 123 134 31 276 30 43 39 23 20 39 20 52 81 31 116 34 62 56 20 39 22 30 24 257 171 22 41
leaf_count=524 59 24 256 123 134 31 276 30 43 39 23 20 39 20 52 81 31 116 34 62 56 20 39 22 30 24 257 171 22 41
internal_value=0.197666 0.192689 0.1998 0.194508 0.197758 0.187494 0.201236 0.196355 0.189774 0.19377 0.194366 0.192982 0.191399 0.192899 0.199546 0.199403 0.19173 0.19631 0.196899 0.195162 0.191162 0.184455 0.185471 0.193371 0.198742 0.198342 0.201945 0.195835 0.197559 0.194457
internal_weight=2699 810 1889 600 780 210 1109 421 120 511 416 243 120 81 328 359 77 173 150 263 95 90 70 53 89 158 781 201 103 61
internal_count=2699 810 1889 600 780 210 1109 421 120 511 416 243 120 81 328 359 77 173 150 263 95 90 70 53 89 158 781 201 103 61
is_linear=0
shrinkage=1


Tree=1
num_leaves=31
num_cat=0
split_feature=3 10 3 1 7 10 7 1 10 1 1 7 8 3 7 7 9 9 4 1 9 1 7 5 6 1 8 6 8 4
split_gain=2.32157 0.619712 0.453812 0.153603 0.125426 0.117875 0.117482 0.106341 0.0742365 0.0935386 0.0708017 0.0640773 0.0467612 0.0432345 0.0423422 0.0398426 0.0338277 0.0323525 0.050429 0.0322816 0.068662 0.030255 0.0275474 0.0273721 0.0263314 0.0341122 0.0239478 0.0212002 0.0248863 0.0446066
threshold=26.222730636596683 45.740594863891609 17.0229606628418 52.500000000000007 5.3239846229553232 60.019359588623054 3.3095667362213139 57.500000000000007 38.127510070800788 67.500000000000014 68.500000000000014 12.013687610626222 28.571767807006839 54.580209732055671 12.807345390319826 0.85119119286537182 13.623898506164553 26.102230072021488 23.465190887451175 68.500000000000014 19.014306068420414 71.500000000000014 19.753945350646976 41.718050003051765 80.332885742187514 63.500000000000007 17.503193855285648 29.691039085388187 21.42469692230225 20.64978122711182
decision_type=2 2 2 2 2 2 2 2 2 2 2 2 2 2 2 2 2 2 2 2 2 2 2 2 2 2 2 2 2 2
left_child=2 3 4 -2 15 10 21 26 9 11 13 -5 17 -3 19 -1 -6 22 -19 -9 -21 -4 -11 -10 25 -7 -8 28 -13 -30
right_child=1 5 6 8 16 24 7 14 23 12 -12 27 -14 -15 -16 -17 -18 18 -20 20 -22 -23 -24 -25 -26 -27 -28 -29 29 -31
leaf_value=0.0043882896527977716 0.0019576295755784185 -0.0074238236043750062 0.0020779520273790696 -0.00011840498848345526 0.00013805998990873753 -0.0084995993863671068 0.00048191950835574132 -0.00022856751600461154 -0.0078814820386469368 -0.0017036243950804839 -0.011960464556856704 -0.0024365709461450866 -0.0017631502293453023 -0.0029557152926413853 -0.0033240503008073576 0.0030812661965538457 0.003284337826996555 -0.0098818815233451991 -0.0042429439514746958 0.00038607585892984364 -0.0060171547715606941 -0.00084578295659628656 -0.00664010972250253 -0.0045477902446873488 -0.015089921904727816 -0.012943768195616892 0.0035030022161332782 -0.0009232529370552478 -0.00843676785286516 -0.0026727191121357591
leaf_weight=391 60 63 225 132 153 31 65 152 38 26 24 65 37 33 128 578 44 35 29 33 34 42 20 70 20 39 44 34 25 29
leaf_count=391 60 63 225 132 153 31 65 152 38 26 24 65 37 33 128 578 44 35 29 33 34 42 20 70 20 39 44 34 25 29
internal_value=-1.07384e-11 -0.00447881 0.00192051 -0.00284242 0.00314102 -0.00915421 -4.78427e-05 -0.00102326 -0.00337576 -0.00278951 -0.00710242 -0.00173272 -0.0048384 -0.00588791 -0.00187915 0.00360866 0.000840782 -0.0058728 -0.00732674 -0.00103463 -0.00286332 0.00161804 -0.00384992 -0.00572076 -0.0118899 -0.0109756 0.00170144 -0.00312546 -0.00375467 -0.00534126
internal_weight=2699 810 1889 600 1166 210 723 456 540 432 120 285 147 96 347 969 197 110 64 219 67 267 46 108 90 70 109 153 119 54
internal_count=2699 810 1889 600 1166 210 723 456 540 432 120 285 147 96 347 969 197 110 64 219 67 267 46 108 90 70 109 153 119 54
is_linear=0
shrinkage=0.1


Tree=2
num_leaves=31
num_cat=0
split_feature=3 9 3 10 1 7 7 1 1 4 6 1 7 4 7 4 8 8 7 7 7 8 1 9 8 9 8 7 3 10
split_gain=1.88047 0.509332 0.367588 0.154054 0.137331 0.103635 0.0951608 0.0875661 0.0526618 0.0488075 0.048232 0.0461622 0.0460176 0.0370676 0.0284714 0.0275586 0.0269184 0.0267433 0.0259849 0.0270611 0.0257865 0.0257454 0.0248993 0.0272799 0.065102 0.0230675 0.0405156 0.0317861 0.0229783 0.0217336
threshold=26.222730636596683 35.489023208618171 17.0229606628418 60.019359588623054 60.500000000000007 2.0202435255050664 3.3095667362213139 61.500000000000007 68.500000000000014 23.639531135559086 25.56931304931641 63.500000000000007 42.379907608032234 35.147499084472663 5.3942997455596933 26.827582359313968 22.974575042724613 17.503193855285648 18.508046150207523 4.4327471256256112 0.7795400619506837 11.385298252105715 59.500000000000007 22.304959297180179 24.07590484619141 26.212641716003422 24.611333847045902 15.383737087249758 76.739543914794936 18.914788246154789
decision_type=2 2 2 2 2 2 2 2 2 2 2 2 2 2 2 2 2 2 2 2 2 2 2 2 2 2 2 2 2 2
left_child=2 4 5 8 12 -1 22 17 15 10 -6 14 16 -10 -7 -3 -2 29 19 -9 -11 -13 -4 -24 -25 -12 -27 -28 -5 -8
right_child=1 3 6 28 9 11 7 18 13 20 25 21 -14 -15 -16 -17 -18 -19 -20 -21 -22 -23 23 24 -26 26 27 -29 -30 -31
leaf_value=0.0036466470134272019 -0.0017343812102141481 -0.0083268894602290602 0.0031939662756427889 -0.0092717639915645116 -0.0027509174151147935 0.0033655720710420627 0.0014459263640371016 -0.0041690254696842401 -0.0062344891950488097 -0.0048364442884517109 -0.0029411127697676421 -0.00022926759409176104 -0.0028611238597233486 -0.012063608281314373 0.0013893693507443892 -0.0045432172894066614 0.0016291789100891356 0.0022546520635393827 -0.003884936244257035 -0.0010412690118064133 -0.0011330588067456791 0.0021482353571100512 0.0017103621990775036 -0.0028813091106712819 0.0039756689034402366 -0.0099480525124818094 -0.0078441759740764446 -0.0026795250936769524 -0.012487388043664397 -0.00130887058164685
leaf_weight=664 30 22 63 50 94 173 48 33 24 23 20 134 41 20 126 154 115 71 62 171 103 69 139 45 20 26 22 26 40 71
leaf_count=664 30 22 63 50 94 173 48 33 24 23 20 134 41 20 126 154 115 71 62 171 103 69 139 45 20 26 22 26 40 71
internal_value=3.80781e-13 -0.00403093 0.00172846 -0.00721558 -0.00205645 0.00282692 -4.30584e-05 -0.000920934 -0.00578976 -0.00333198 -0.00435265 0.00174265 9.68713e-05 -0.00888409 0.00253279 -0.00501618 0.00093327 0.00071871 -0.00209211 -0.00154723 -0.00180907 0.000578849 0.00145623 0.000919582 -0.00077147 -0.00595437 -0.00676877 -0.00504666 -0.0107009 -0.000197692
internal_weight=2699 810 1889 310 500 1166 723 456 220 314 188 502 186 44 299 176 145 190 266 204 126 203 267 204 65 94 74 48 90 119
internal_count=2699 810 1889 310 500 1166 723 456 220 314 188 502 186 44 299 176 145 190 266 204 126 203 267 204 65 94 74 48 90 119
is_linear=0
shrinkage=0.1


Tree=3
num_leaves=31
num_cat=0
split_feature=3 3 5 1 7 7 3 1 6 8 3 4 1 8 1 7 1 10 1 3 7 9 8 9 6 1 7 9 10 8
split_gain=1.5277 0.553711 0.192343 0.15434 0.1147 0.0846102 0.0691611 0.0526337 0.0575689 0.0461604 0.0490678 0.0380587 0.0364776 0.0326785 0.0297512 0.0282499 0.0281749 0.0273294 0.0272157 0.0307125 0.0259177 0.0247058 0.0295493 0.0238504 0.0408991 0.0236756 0.0262852 0.0213006 0.0197411 0.0294153
threshold=35.341377258300788 17.0229606628418 60.336885452270515 57.500000000000007 7.7463901042938241 5.3239846229553232 23.360955238342289 63.500000000000007 40.439781188964851 23.243500709533695 26.222730636596683 20.64978122711182 65.500000000000014 45.359569549560554 66.500000000000014 0.85119119286537182 72.500000000000014 16.035202026367191 63.500000000000007 76.739543914794936 11.773368835449221 24.943508148193363 20.030696868896488 34.835992813110359 37.647924423217781 51.500000000000007 4.5081119537353525 28.353727340698246 26.844437599182132 18.419611930847172
decision_type=2 2 2 2 2 2 2 2 2 2 2 2 2 2 2 2 2 2 2 2 2 2 2 2 2 2 2 2 2 2
left_child=1 5 7 20 6 15 16 25 11 12 -11 -9 -8 -10 27 -1 -5 -7 19 -4 -3 22 -16 -13 -25 -2 -27 28 29 -6
right_child=2 3 18 4 14 17 9 8 13 10 -12 23 -14 -15 21 -17 -18 -19 -20 -21 -22 -23 -24 24 -26 26 -28 -29 -30 -31
leaf_value=0.0035847959549302035 -0.00044314384770890075 0.0024220836369510694 -0.0053467422079008361 0.001190941485431166 -0.0020436600355299003 0.00017554703314606786 -0.0013658600867372649 -0.0077297175181624683 -0.01021210632615668 0.002313312792741671 -0.001766011640429497 -0.000641634832852735 -0.0062999717620832304 -0.0051948840951635726 -0.0035124542288271325 0.0024842247446663808 -0.0020544134359806779 0.0035486227367073301 -0.011053170212449469 -0.010255662137642504 0.00035538936073034269 -0.005683392685023137 0.00059348977215233306 -0.0076349144712800077 -0.0014651304449547421 -0.00056364860375533287 -0.0042467687416223553 0.0013764269347302618 -0.0035733832610707924 0.0019649835269030355
leaf_weight=391 27 152 26 247 109 169 29 23 34 41 105 26 31 21 106 578 30 28 49 25 101 40 21 21 22 23 123 20 59 22
leaf_count=391 27 152 26 247 109 169 29 23 34 41 105 26 31 21 106 578 30 28 49 25 101 40 21 21 22 23 123 20 59 22
internal_value=-1.43805e-11 0.00102134 -0.00554198 -0.000574067 -0.00121278 0.00254422 -0.000192473 -0.00434568 -0.00573698 -0.00158007 -0.000620448 -0.00420687 -0.00391515 -0.00829644 -0.00251995 0.00292831 0.000839459 0.000654969 -0.00937012 -0.00775308 0.00159704 -0.00351612 -0.00283352 -0.00303259 -0.00447828 -0.00316348 -0.00366655 -0.00172776 -0.00205452 -0.00137045
internal_weight=2699 2279 420 1113 860 1166 483 320 147 206 146 92 60 55 377 969 277 197 100 51 253 167 127 69 43 173 146 210 190 131
internal_count=2699 2279 420 1113 860 1166 483 320 147 206 146 92 60 55 377 969 277 197 100 51 253 167 127 69 43 173 146 210 190 131
is_linear=0
shrinkage=0.1


Tree=4
num_leaves=31
num_cat=0
split_feature=3 9 7 10 1 1 5 7 8 9 1 1 8 1 1 4 4 7 7 7 3 1 10 8 9 7 3 9 4 7
split_gain=1.24221 0.332078 0.250826 0.0990707 0.0972152 0.0950689 0.0616412 0.0484804 0.0387136 0.035553 0.0411072 0.0352729 0.0348703 0.0324874 0.0311613 0.0306022 0.0286594 0.0250209 0.0245387 0.024235 0.0280325 0.0239773 0.0321488 0.0224512 0.0247678 0.0205993 0.0194838 0.0161325 0.0161151 0.0311342
threshold=26.328480720520023 35.489023208618171 3.4335341453552251 60.019359588623054 61.500000000000007 60.500000000000007 16.790719985961918 9.6538262367248553 28.886590957641605 17.546682357788089 68.500000000000014 68.500000000000014 22.974575042724613 53.500000000000007 71.500000000000014 34.545497894287116 29.611188888549808 29.326695442199711 12.013687610626222 8.6769771575927752 76.739543914794936 67.500000000000014 34.204616546630866 34.768505096435554 40.187406539916999 6.6427063941955575 54.580209732055671 28.179731369018558 40.660638809204109 16.555974960327152
decision_type=2 2 2 2 2 2 2 2 2 2 2 2 2 2 2 2 2 2 2 2 2 2 2 2 2 2 2 2 2 2
left_child=2 5 6 11 18 12 -1 9 21 -6 -11 23 13 -2 -8 -13 -10 -14 -4 -5 -21 22 -7 -3 -25 -12 28 -23 29 -26
right_child=1 3 4 19 7 8 14 -9 16 10 25 15 17 -15 -16 -17 -18 -19 -20 20 -22 27 -24 24 26 -27 -28 -29 -30 -31
leaf_value=0.0028439915802200995 0.0011294464407477617 -0.006357218426253114 0.0017568431214548574 -0.011731774806976319 0.00064961834128057089 -0.0016514479630749743 0.0016345221052108179 -0.0024019184793966516 0.0018367958354896735 0.00018209043703973295 -0.0060756899942846403 -0.0046185894784602248 0.0016741083392740363 -0.0038457233778068003 -0.0010318332445771936 -0.009893073215657338 -0.0025129380424252969 -0.00190476426857155 -5.7496669039773269e-05 -0.0057254877481949847 -0.0097294460154241993 -0.003583260560287284 -0.0056379769388586291 -0.00092294778803299218 -0.00093279299991471428 -0.0016875429754145445 -0.0019706257522620007 -0.0061477085575461395 -0.0067862786022165125 -0.0059196853529541729
leaf_weight=781 21 35 257 20 176 106 279 156 28 50 23 22 105 35 52 22 33 24 105 34 36 77 25 29 21 20 29 36 31 31
leaf_count=781 21 35 257 20 176 106 279 156 28 50 23 22 105 35 52 22 33 24 105 34 36 77 25 29 21 20 29 36 31 31
internal_value=1.60579e-11 -0.00330531 0.00139244 -0.0058668 2.63251e-05 -0.00168478 0.00235929 -0.00099942 -0.0027696 -0.000186076 -0.0017676 -0.00472339 0.000103703 -0.00198003 0.00121564 -0.00725583 -0.000516339 0.00100827 0.00123058 -0.0086618 -0.00778467 -0.00333292 -0.00241224 -0.00409028 -0.00352757 -0.00403469 -0.00420198 -0.00440025 -0.00498161 -0.00390575
internal_weight=2699 800 1899 310 787 490 1112 425 305 269 93 220 185 56 331 44 61 129 362 90 70 244 131 176 141 43 112 113 83 52
internal_count=2699 800 1899 310 787 490 1112 425 305 269 93 220 185 56 331 44 61 129 362 90 70 244 131 176 141 43 112 113 83 52
is_linear=0
shrinkage=0.1


Tree=5
num_leaves=31
num_cat=0
split_feature=3 9 3 5 1 7 7 1 4 10 4 8 1 1 7 1 8 1 10 10 7 3 1 3 4 7 6 1 3 9
split_gain=1.00619 0.268983 0.204869 0.0807448 0.0770058 0.0618123 0.0586316 0.0480809 0.0314731 0.0332297 0.0303508 0.028245 0.0273207 0.0266968 0.0300641 0.0263148 0.0253836 0.0307814 0.0250049 0.0349136 0.0232641 0.0268204 0.0222787 0.0211994 0.0244351 0.0244927 0.0238408 0.0211759 0.0208012 0.0310597
threshold=26.328480720520023 35.489023208618171 15.667819976806642 60.336885452270515 60.500000000000007 11.773368835449221 2.0900871753692631 71.500000000000014 23.639531135559086 26.756295204162605 26.465429306030277 22.974575042724613 59.500000000000007 58.500000000000007 3.5441882610321049 53.500000000000007 5.9582831859588632 61.500000000000007 23.419731140136722 24.776497840881351 0.98108109831810009 31.222386360168461 68.500000000000014 54.580209732055671 40.660638809204109 4.4327471256256112 38.271751403808601 63.500000000000007 28.626436233520511 27.139632225036625
decision_type=2 2 2 2 2 2 2 2 2 2 2 2 2 2 2 2 2 2 2 2 2 2 2 2 2 2 2 2 2 2
left_child=2 4 6 10 11 7 -1 13 9 -6 -3 15 -7 -4 18 -2 -8 -18 -15 -20 -10 -22 23 24 25 -12 -27 -5 -11 -30
right_child=1 3 5 27 8 12 16 -9 20 28 22 -13 -14 14 -16 -17 17 -19 19 -21 21 -23 -24 -25 -26 26 -28 -29 29 -31
leaf_value=0.0028235009160836218 0.0010165017946357174 -0.0075131982138069977 0.0020258732896763832 -0.006192507990179401 -0.00040225176489911975 0.00012765134416986259 -0.00049456130646329042 -0.0017077113320192441 -0.0039133484976796003 -0.0064652853645384319 0.00014011658550727938 0.00090744443052329224 -0.0022657391131777347 0.00183441670806184 -0.0003990785749956741 -0.0034611509727048026 0.002595819483292015 0.00072197196271929129 -0.0035445002272077235 0.0019077624194324017 0.0022028750587756245 -0.0015511942617464024 -0.0058944544620125709 -0.00023679602004232864 -0.0061076509796323319 -0.0064909796950153326 -0.0025749853372855009 -0.0091034801448790399 -0.001849323950175728 -0.0050284343732831388
leaf_weight=616 21 24 156 51 32 75 67 80 26 27 21 129 131 177 199 35 170 181 23 24 26 71 38 21 31 22 53 49 63 60
leaf_count=616 21 24 156 51 32 75 67 80 26 27 21 129 131 177 199 35 170 181 23 24 26 71 38 21 31 22 53 49 63 60
internal_value=9.70918e-12 -0.00297478 0.0012532 -0.00528012 -0.0015163 0.000117595 0.0022032 0.000590223 -0.00249264 -0.00332774 -0.00416643 9.33329e-05 -0.00139436 0.000907727 0.000495361 -0.00178203 0.00128907 0.00162953 0.00128998 -0.000760366 -0.00125697 -0.000544949 -0.00373458 -0.00318002 -0.0036667 -0.00287847 -0.00372368 -0.00761888 -0.00395184 -0.00340011
internal_weight=2699 800 1899 310 490 865 1034 659 305 182 210 185 206 579 423 56 418 351 224 47 123 97 186 148 127 96 75 100 150 123
internal_count=2699 800 1899 310 490 865 1034 659 305 182 210 185 206 579 423 56 418 351 224 47 123 97 186 148 127 96 75 100 150 123
is_linear=0
shrinkage=0.1


Tree=6
num_leaves=31
num_cat=0
split_feature=3 3 5 1 7 7 3 4 7 1 6 1 7 9 7 3 6 3 4 8 10 10 8 7 3 9 6 3 4 1
split_gain=0.824465 0.296568 0.101852 0.092661 0.0625943 0.0488013 0.0403547 0.0423754 0.0336251 0.030818 0.0268743 0.0231072 0.0292029 0.021466 0.0186178 0.0249462 0.0357558 0.017793 0.0287921 0.0209913 0.0175763 0.0227896 0.0480065 0.0174597 0.0171902 0.0168133 0.0226174 0.0167215 0.0165814 0.016358
threshold=35.341377258300788 17.0229606628418 60.336885452270515 57.500000000000007 7.7463901042938241 5.3239846229553232 23.360955238342289 20.401401519775394 0.68739992380142223 68.500000000000014 40.439781188964851 51.500000000000007 3.9363422393798833 13.623898506164553 8.6769771575927752 76.739543914794936 59.608497619628913 26.222730636596683 23.465190887451175 23.849312782287601 32.810913085937507 26.756295204162605 20.030696868896488 0.63449335098266613 32.00535964965821 16.772529602050785 18.278682708740238 28.985769271850589 16.23989295959473 67.500000000000014
decision_type=2 2 2 2 2 2 2 2 2 2 2 2 2 2 2 2 2 2 2 2 2 2 2 2 2 2 2 2 2 2
left_child=1 5 9 28 6 23 -5 -8 -9 11 -11 -2 -13 -7 -4 16 -16 19 -19 -10 21 22 25 -1 27 -6 -27 -20 -3 -23
right_child=2 3 14 4 20 13 7 8 17 10 -12 12 -14 -15 15 -17 -18 18 24 -21 -22 29 -24 -25 -26 26 -28 -29 -30 -31
leaf_value=0.0027858454156236682 2.3036512235800425e-05 0.00035661273299833094 -0.0093535777343356098 0.00062980230890100129 -0.00097096692467922108 -0.0001297764935122888 -0.0047617145878230708 -0.0035718041064683351 -0.00036906114484216751 -0.0035026598764075476 -0.0079555471306261821 -0.00063752572211187063 -0.0035722505637416045 0.0023765465646812863 -0.0073065972210661998 -0.008032131841820148 -0.0013986002956517041 -0.0038020961791820208 -0.00081905706095064751 0.0036612354024934271 0.00068425412848591811 -0.0022006951960856498 0.0031968485721154145 0.0018702128057105204 -0.0022515464201569558 -0.0049593629696491094 -0.0018590412730146652 0.0028949473632059785 0.0019864821839988469 -0.0045900645637314543
leaf_weight=303 27 112 23 277 99 153 29 32 28 33 23 41 196 44 21 36 20 24 22 24 25 69 20 666 20 33 82 27 141 49
leaf_count=303 27 112 23 277 99 153 29 32 28 33 23 41 196 44 21 36 20 24 22 24 25 69 20 666 20 33 82 27 141 49
internal_value=1.55688e-11 0.000750304 -0.00407129 -0.000417289 -0.000912183 0.00186482 -0.000158454 -0.00121839 -0.000637846 -0.00320076 -0.00533152 -0.00274878 -0.00306456 0.000430011 -0.006857 -0.00611126 -0.00442465 9.64844e-06 -0.000818676 0.00149108 -0.00187784 -0.0020598 -0.00148842 0.00215653 0.000219035 -0.00192629 -0.0027487 0.00122744 0.00126496 -0.00319289
internal_weight=2699 2279 420 1113 860 1166 483 206 177 320 56 264 237 197 100 77 41 145 93 52 377 352 234 969 69 214 115 49 253 118
internal_count=2699 2279 420 1113 860 1166 483 206 177 320 56 264 237 197 100 77 41 145 93 52 377 352 234 969 69 214 115 49 253 118
is_linear=0
shrinkage=0.1


Tree=7
num_leaves=31
num_cat=0
split_feature=3 3 10 1 7 7 3 4 1 1 7 4 1 7 8 8 1 1 10 7 7 1 9 9 8 3 10 4 9 6
split_gain=0.667817 0.24022 0.082659 0.0750554 0.0507013 0.0410011 0.0326873 0.0343241 0.0305867 0.0275526 0.0272363 0.0268478 0.0204156 0.0247873 0.0196874 0.0176357 0.0161491 0.0160422 0.0172521 0.0156157 0.022331 0.0150493 0.0167479 0.0139431 0.0236152 0.0139191 0.0175308 0.0136969 0.0400981 0.024356
threshold=35.341377258300788 17.0229606628418 60.019359588623054 57.500000000000007 7.7463901042938241 2.0202435255050664 23.360955238342289 20.401401519775394 63.500000000000007 68.500000000000014 0.68739992380142223 32.652412414550788 51.500000000000007 3.9363422393798833 5.5731048583984384 11.385298252105715 70.500000000000014 72.500000000000014 21.653555870056156 8.6769771575927752 44.160062789916999 66.500000000000014 28.353727340698246 24.943508148193363 20.030696868896488 19.09594821929932 18.340002059936527 20.64978122711182 35.489023208618171 37.647924423217781
decision_type=2 2 2 2 2 2 2 2 2 2 2 2 2 2 2 2 2 2 2 2 2 2 2 2 2 2 2 2 2 2
left_child=1 5 9 -3 6 -1 17 -8 14 12 -9 -11 -2 -14 -7 -10 -12 18 25 -4 -21 22 -6 24 -23 26 -5 -15 -29 -30
right_child=2 3 19 4 21 8 7 10 15 11 16 -13 13 27 -16 -17 -18 -19 -20 20 -22 23 -24 -25 -26 -27 -28 28 29 -31
leaf_value=0.0021939455714576083 -4.8977049688498178e-05 0.0011384630136802912 -0.0088147754594683648 0.00032202750740742143 -0.0014163661591010169 -0.00031393140512095256 -0.004285543257820195 -0.0032146236451808365 -0.00061982078768778597 -0.0030376648615029725 0.00078602422721079615 -0.0073821776062250148 -0.00057377321617223503 -0.0051342747251813614 0.0019765859070763575 0.0013479175079829885 -0.0014240618795156479 -0.001616815241674582 0.0022305047848763374 -0.0036430393225483355 -0.00723878936483883 -0.0024926965423631223 0.0016259017074480653 -0.0040266955648985457 0.0011778899717942947 -0.0004418971362825045 0.0035157333537936212 -0.000661129970965838 -0.0069581954104995184 -0.0032543705405576316
leaf_weight=664 30 253 20 55 190 44 29 32 134 33 94 25 41 33 255 69 51 30 65 31 39 106 20 40 21 102 25 54 22 92
leaf_count=664 30 253 20 55 190 44 29 32 134 33 94 25 41 33 255 69 51 30 65 31 39 106 20 40 21 102 25 54 22 92
internal_value=-1.16167e-11 0.000675274 -0.00366416 -0.00037556 -0.000820964 0.00167834 -0.000142608 -0.00109655 0.000996348 -0.00293153 -0.000574061 -0.0049103 -0.00250959 -0.00281462 0.00163952 4.90164e-05 8.6836e-06 0.000566822 0.000832041 -0.00635047 -0.00564639 -0.00169005 -0.00112663 -0.00239855 -0.00188575 0.00033259 0.00132006 -0.00327171 -0.00290585 -0.00396914
internal_weight=2699 2279 420 1113 860 1166 483 206 502 330 177 58 272 242 299 203 145 277 247 90 70 377 210 167 127 182 80 201 168 114
internal_count=2699 2279 420 1113 860 1166 483 206 502 330 177 58 272 242 299 203 145 277 247 90 70 377 210 167 127 182 80 201 168 114
is_linear=0
shrinkage=0.1


Tree=8
num_leaves=31
num_cat=0
split_feature=3 9 3 7 1 8 1 7 3 9 7 1 7 9 5 1 1 7 1 1 9 5 6 4 3 9 4 4 9 4
split_gain=0.551063 0.154157 0.115551 0.051745 0.0502856 0.0497987 0.0440378 0.0398469 0.0321384 0.0312905 0.0347443 0.0303449 0.0362834 0.036971 0.0234164 0.0189953 0.0187446 0.0150617 0.0210894 0.0268545 0.017966 0.0148033 0.0268476 0.016107 0.0146578 0.0131835 0.0276086 0.0299229 0.0128616 0.0127396
threshold=26.328480720520023 40.187406539916999 13.205774784088137 9.6538262367248553 51.500000000000007 18.419611930847172 63.500000000000007 33.24174880981446 76.739543914794936 21.664365768432621 55.027532577514656 68.500000000000014 2.0900871753692631 19.014306068420414 26.699231147766117 68.500000000000014 62.500000000000007 7.6193926334381112 66.500000000000014 60.500000000000007 32.831895828247077 18.679253578186039 15.985074520111086 12.047244548797609 48.14656066894532 26.754080772399906 23.465190887451175 26.827582359313968 20.990596771240238 37.700254440307624
decision_type=2 2 2 2 2 2 2 2 2 2 2 2 2 2 2 2 2 2 2 2 2 2 2 2 2 2 2 2 2 2
left_child=2 4 -1 11 -2 16 8 14 24 -9 -11 -4 -13 -14 -6 17 -5 18 19 -16 -19 -18 -23 -24 -3 -17 -27 -28 -15 -26
right_child=1 6 3 5 7 -7 -8 9 -10 10 -12 12 13 28 15 25 21 20 -20 -21 -22 22 23 -25 29 26 27 -29 -30 -31
leaf_value=0.0018834256264212393 0.0017336783089049277 -0.003885169769637287 0.0010283315405023744 -0.00040882120498639274 -0.0044203510800434739 0.0036594938910142942 -0.0057224451094827662 0.00036909528786227818 -0.0062154403179883961 -0.0055161779975159133 -0.0018217753393717274 0.0010990067764093208 -0.00012164233140302477 -0.0054035338869487699 0.0012883795418601948 0.00019884865198816572 -0.0040819040577237805 -0.00049621137169500191 0.0033940842607989908 -0.0022935873550725067 -0.0030711516468519611 0.00084203765727579598 -0.0042125290917123066 -0.0011564939708581994 -0.0030373375115092271 -0.0056459120118895296 0.0014397543897344308 -0.0031517668813467029 -0.0021182720979245808 -0.00017964125115376635
leaf_weight=759 50 34 634 122 20 22 116 21 25 57 46 102 81 22 50 21 30 120 20 36 35 32 34 35 26 22 22 40 26 39
leaf_count=759 50 34 634 122 20 22 116 21 25 57 46 102 81 22 50 21 30 120 20 36 35 32 34 35 26 22 22 40 26 39
internal_value=-6.01621e-12 -0.00220149 0.000927432 0.000290941 -0.00129273 -0.000903936 -0.00432193 -0.00158944 -0.00301176 -0.00314897 -0.00386625 0.000670815 -0.000310421 -0.00142485 -0.00108845 -0.000906378 -0.00130076 -0.000449441 0.000469165 -0.000211048 -0.00107765 -0.00213141 -0.00155206 -0.00266237 -0.00220275 -0.00204219 -0.00260245 -0.00152252 -0.00362402 -0.00132272
internal_weight=2699 800 1899 1140 560 275 240 510 124 124 103 865 231 129 386 366 253 261 106 86 155 131 101 69 99 105 84 62 48 65
internal_count=2699 800 1899 1140 560 275 240 510 124 124 103 865 231 129 386 366 253 261 106 86 155 131 101 69 99 105 84 62 48 65
is_linear=0
shrinkage=0.1


Tree=9
num_leaves=31
num_cat=0
split_feature=3 5 7 1 1 1 3 5 3 7 7 7 7 7 9 4 1 7 5 9 6 1 8 10 10 10 3 4 5 4
split_gain=0.446361 0.126517 0.0986571 0.0486738 0.0456614 0.0303348 0.0290802 0.0427882 0.0273642 0.0228604 0.0278238 0.0281098 0.0331164 0.0210095 0.0202048 0.0352828 0.0227707 0.0238135 0.0190639 0.0169754 0.0211781 0.0165877 0.0156114 0.0138485 0.0125802 0.028019 0.0199018 0.0136323 0.0274676 0.0201953
threshold=26.328480720520023 46.285648345947273 3.3095667362213139 52.500000000000007 61.500000000000007 65.500000000000014 48.14656066894532 60.336885452270515 11.686558723449709 0.42109517753124243 33.24174880981446 55.027532577514656 44.160062789916999 18.508046150207523 17.801798820495609 14.506636619567871 66.500000000000014 6.6427063941955575 26.699231147766117 53.134258270263679 46.225978851318366 72.500000000000014 27.102826118469242 71.602279663085952 26.756295204162605 27.917815208435062 30.117940902709964 23.792849540710453 32.640361785888679 21.508452415466312
decision_type=2 2 2 2 2 2 2 2 2 2 2 2 2 2 2 2 2 2 2 2 2 2 2 2 2 2 2 2 2 2
left_child=2 3 8 22 -4 6 -3 -8 -1 -5 18 12 -12 14 -6 -16 -17 -18 -11 20 -7 24 -2 -21 -20 -26 -27 29 -29 -28
right_child=1 5 4 9 13 19 7 -9 -10 10 11 -13 -14 -15 15 16 17 -19 21 23 -22 -23 -24 -25 25 26 27 28 -30 -31
leaf_value=0.0020016701694863339 -4.3574652687918089e-05 -0.0064300381611766561 0.00081175925968139011 -0.0048276508040726186 0.00011021981966135377 -0.0059061005349374486 -0.00022484408644959334 -0.004232877014172182 0.0009974147214317922 -0.003978316073771567 -0.0023194094816612644 -0.00085202360159142862 -0.0068403094827842251 -0.0023438164329325612 -0.0045074916781921845 0.0015475018518319465 -0.0035382840272632169 0.00053611563321632842 0.0017280197596516124 -0.008365578308701516 -0.0016127553180558607 -0.0028151711323172661 0.0032396066069070788 -0.0048351868882309653 -0.0035002745659739685 0.0012287631466310345 -0.00030136941308488271 0.0028102059435458735 -0.00092441496400189776 -0.0040994217785607487
leaf_weight=496 30 21 369 20 248 27 50 57 599 20 43 47 26 66 29 34 32 26 22 25 20 37 28 20 33 58 28 23 137 28
leaf_count=496 30 21 369 20 248 27 50 57 599 20 43 47 26 66 29 34 32 26 22 25 20 37 28 20 33 58 28 23 137 28
internal_value=4.46114e-12 -0.00198134 0.000834688 -0.00120683 -6.47572e-06 -0.00402323 -0.00302771 -0.00235996 0.00145231 -0.00151219 -0.0013801 -0.00273817 -0.00402294 -0.000700565 -0.00040665 -0.00146602 -0.000507294 -0.00171183 -0.00097198 -0.00540829 -0.00407915 -0.000807699 0.00154141 -0.00679652 -0.000581935 -0.000747469 -0.000415927 -0.000857557 -0.000387563 -0.0022004
internal_weight=2699 800 1899 580 804 220 128 107 1095 522 502 116 69 435 369 121 92 58 386 92 47 366 58 45 329 307 274 216 160 56
internal_count=2699 800 1899 580 804 220 128 107 1095 522 502 116 69 435 369 121 92 58 386 92 47 366 58 45 329 307 274 216 160 56
is_linear=0
shrinkage=0.1


Tree=10
num_leaves=31
num_cat=0
split_feature=3 6 7 1 1 1 7 9 3 3 7 4 8 1 7 5 7 1 7 6 7 4 7 8 4 4 4 3 7 9
split_gain=0.361553 0.105645 0.0799123 0.0410566 0.0369857 0.0344891 0.0268972 0.0252549 0.0252536 0.022165 0.0170177 0.0175095 0.0228099 0.0221127 0.0158845 0.0155962 0.0155315 0.0139777 0.0144848 0.0134932 0.0243389 0.0218897 0.012123 0.014074 0.0119477 0.0259847 0.0227231 0.01593 0.0150679 0.0144275
threshold=26.328480720520023 40.439781188964851 3.3095667362213139 63.500000000000007 61.500000000000007 51.500000000000007 29.326695442199711 21.664365768432621 76.739543914794936 11.686558723449709 18.508046150207523 11.071249485015869 13.004154205322267 72.500000000000014 55.027532577514656 26.699231147766117 0.47867316007614141 56.500000000000007 7.6193926334381112 43.842613220214851 8.6769771575927752 38.598453521728523 12.013687610626222 15.499349117279055 23.465190887451175 21.508452415466312 20.401401519775394 31.222386360168461 6.1398241519927987 27.374521255493168
decision_type=2 2 2 2 2 2 2 2 2 2 2 2 2 2 2 2 2 2 2 2 2 2 2 2 2 2 2 2 2 2
left_child=2 5 9 8 22 -2 15 -8 19 -1 11 12 -6 -13 -9 -7 -17 18 -18 -3 -21 -22 -4 -24 25 26 -19 -26 -29 -27
right_child=1 3 4 -5 10 6 7 14 -10 -11 -12 13 -14 -15 -16 16 17 24 -20 20 21 -23 23 -25 27 29 -28 28 -30 -31
leaf_value=0.0018015030981792558 0.0014351529235718773 0.00057428369552574375 0.0010920639747465349 -0.005091838027874474 -0.00011676096014382682 -0.003580484292469919 0.00060995236525069121 -0.0038957463776958844 -0.0051706085912883283 0.00089767326209041142 -0.0021094347773627799 -0.00067233401449453656 0.0031326296534389259 -0.0041932011255994437 -0.0016203303953778803 -0.0034192101750522858 0.0030923634115606548 -0.0016585841368725327 -0.00048723372523314676 -0.0050149301887193534 -0.0032853818562051116 0.0010396324917674065 -0.00077433754803601614 0.0020704715174030175 0.0012088166296744022 -0.001793327308925135 0.0022980806894511694 -0.0023021803530961431 -9.057122326001178e-05 -0.0055461883277166633
leaf_weight=496 50 22 264 104 159 20 23 77 25 599 66 165 25 20 51 20 20 47 26 22 22 25 83 22 50 21 21 48 86 20
leaf_count=496 50 22 264 104 159 20 23 77 25 599 66 165 25 20 51 20 20 47 26 22 22 25 83 22 50 21 21 48 86 20
internal_value=-5.55631e-12 -0.00178321 0.00075122 -0.00364908 -5.82815e-06 -0.00107546 -0.00131231 -0.00244093 -0.00235558 0.00130708 -0.000630508 -0.000365985 0.000324732 -0.00105297 -0.00298914 -0.000862652 -0.000711241 -0.000551478 0.00106911 -0.00158222 -0.0022698 -0.000984842 0.000730583 -0.000178282 -0.000805906 -0.00163557 -0.000436673 -0.000314418 -0.000882789 -0.00362399
internal_weight=2699 800 1899 220 804 580 530 151 116 1095 435 369 184 185 128 379 359 339 46 91 69 47 369 105 293 109 68 184 134 41
internal_count=2699 800 1899 220 804 580 530 151 116 1095 435 369 184 185 128 379 359 339 46 91 69 47 369 105 293 109 68 184 134 41
is_linear=0
shrinkage=0.1


Tree=11
num_leaves=31
num_cat=0
split_feature=3 3 3 1 1 7 1 7 7 7 7 9 5 7 10 9 6 1 8 7 5 3 1 8 9 9 7 5 8 3
split_gain=0.295953 0.110794 0.0405452 0.0388234 0.0316688 0.0302621 0.0236421 0.022931 0.0291658 0.0280263 0.0273741 0.0228555 0.0442003 0.0222101 0.0221845 0.0238487 0.0179058 0.0169455 0.016237 0.0310667 0.0159122 0.0147527 0.0219461 0.0171773 0.0138076 0.0137788 0.0193341 0.0137039 0.0129024 0.0192486
threshold=35.341377258300788 15.667819976806642 76.739543914794936 59.500000000000007 75.500000000000014 11.773368835449221 73.500000000000014 1.3263756632804873 3.7335096597671513 6.1398241519927987 29.326695442199711 22.596256256103519 25.503722190856937 2.0900871753692631 32.810913085937507 21.316066741943363 12.856699466705324 63.500000000000007 39.537303924560554 17.816938400268558 24.170311927795414 25.718162536621097 67.500000000000014 28.571767807006839 51.237966537475593 20.783578872680668 0.47867316007614141 38.720600128173835 5.5731048583984384 13.295501708984377
decision_type=2 2 2 2 2 2 2 2 2 2 2 2 2 2 2 2 2 2 2 2 2 2 2 2 2 2 2 2 2 2
left_child=1 13 6 -3 5 11 7 -2 -9 -10 18 25 -13 -1 15 20 17 28 -11 -20 -7 -14 -23 -24 27 26 -5 -12 -15 -30
right_child=2 3 -4 4 -6 14 -8 8 9 10 24 12 21 16 -16 -17 -18 -19 19 -21 -22 22 23 -25 -26 -27 -28 -29 29 -31
leaf_value=0.001596399161710658 -0.0049208034140368305 0.00066630061339047848 -0.0054676097119954652 0.0031203161785379055 -0.0044851020327769222 -0.0016374682252136793 -0.0054669560957700016 0.0012011156740388083 -0.0056368887191638357 0.00024024104687238209 -0.0044715436270962531 -0.0041509353768612658 0.0017948869013645011 -0.00064550350692694667 0.0017944393120706082 -0.0030147976125590504 0.0020077967839433426 -0.00058320305804030912 -0.00020940783951017592 -0.0050491730682551868 0.00061605658104762128 0.00059206967990895788 -0.0026403719963902822 0.00061904369768771262 -0.0051296546636149286 0.0016884087096229055 -9.1511838102163189e-05 -0.0018297977240460267 0.0019884357913437056 -0.00032388876290776982
leaf_weight=616 24 374 40 20 20 94 20 31 20 76 24 35 29 44 20 84 79 126 36 21 47 74 61 22 20 67 298 108 117 52
leaf_count=616 24 374 40 20 20 94 20 31 20 76 24 35 29 44 20 84 79 126 36 21 47 74 61 22 20 67 298 108 117 52
internal_value=-6.36747e-13 0.000449534 -0.00243926 -0.000185887 -0.000551809 -0.00045937 -0.00212048 -0.00193457 -0.00172126 -0.00201829 -0.00176436 -8.0202e-05 -0.000890776 0.00121462 -0.00139723 -0.00168093 0.000651998 0.000336044 -0.000716639 -0.00199248 -0.000886293 -0.000277306 -0.000660067 -0.00177643 -0.00268111 0.000385089 0.00011049 -0.00231012 0.000879824 0.00127695
internal_weight=2699 2279 420 1245 871 851 380 360 336 305 285 606 221 1034 245 225 418 339 133 57 141 186 157 83 152 385 318 132 213 169
internal_count=2699 2279 420 1245 871 851 380 360 336 305 285 606 221 1034 245 225 418 339 133 57 141 186 157 83 152 385 318 132 213 169
is_linear=0
shrinkage=0.1


Tree=12
num_leaves=31
num_cat=0
split_feature=9 3 1 6 7 4 9 8 10 1 3 3 8 9 8 10 1 8 8 7 7 7 7 10 3 7 7 3 9 7
split_gain=0.241703 0.105608 0.0291467 0.0242212 0.0238889 0.021183 0.0345611 0.0265511 0.0244412 0.0189416 0.0178739 0.0176464 0.0182237 0.0318387 0.0363693 0.0164215 0.0162534 0.015876 0.023755 0.0158097 0.0155364 0.015935 0.0154032 0.0147941 0.0216264 0.0198365 0.0144054 0.0137206 0.0292806 0.0188126
threshold=35.489023208618171 18.542915344238285 57.500000000000007 80.332885742187514 1.4465516209602358 23.792849540710453 22.407477378845218 19.00317478179932 18.775638580322269 72.500000000000014 26.222730636596683 23.360955238342289 23.243500709533695 27.374521255493168 26.894825935363773 27.917815208435062 60.500000000000007 22.34304237365723 22.846872329711918 14.502822399139406 123.35581588745119 1.4835560917854311 3.7335096597671513 22.667408943176273 23.966482162475589 0.79333099722862255 42.379907608032234 21.17984771728516 18.866694450378422 6.4133231639862069
decision_type=2 2 2 2 2 2 2 2 2 2 2 2 2 2 2 2 2 2 2 2 2 2 2 2 2 2 2 2 2 2
left_child=1 4 26 9 -1 6 7 8 -4 20 -7 -8 17 15 -15 -14 -12 -13 -19 -6 21 -2 -23 25 -25 -9 -3 28 -10 -29
right_child=3 2 5 -5 19 10 11 23 27 -11 16 12 13 14 -16 -17 -18 18 -20 -21 -22 22 -24 24 -26 -27 -28 29 -30 -31
leaf_value=0.0014385685873920858 -0.0043535786215215923 0.00082470999921846933 0.0016765104551963947 -0.0059929364756681029 0.00068719076081847404 0.003135085238609463 0.00066081315207366757 -0.00033849749015644196 -0.0012150086159242986 -0.0052156626395034522 0.002179978289468973 -0.0020570957645153006 -0.00074874628964509513 -0.005288759086999625 -2.6153191962900266e-05 0.0028077955450862648 -0.00052557733040302997 -0.0069743359554558992 -0.0023902275062237799 -0.0013352459557808755 -0.0044381088215029903 0.0006967510674148799 -0.0019420992544231315 -0.0025829485774485641 0.0016659763613715768 0.0032813601065199913 -0.0014100925577098899 0.0022774637537077073 -0.0054052358138419335 -0.0010072882511474961
leaf_weight=571 24 229 34 20 675 20 26 24 81 22 27 81 37 29 24 20 125 20 26 41 27 25 192 23 25 41 33 20 21 136
leaf_count=571 24 229 34 20 675 20 26 24 81 22 27 81 37 29 24 20 125 20 26 41 27 25 192 23 25 41 33 20 21 136
internal_value=-1.0667e-11 0.000340888 -0.000377631 -0.00262704 0.000956124 -0.000664851 -0.000919668 -0.000340032 -0.00084372 -0.00239491 0.00032479 -0.00181226 -0.00208357 -0.00114136 -0.00290569 0.000499163 -4.49852e-05 -0.00289966 -0.00438332 0.000571381 -0.00216335 -0.00190851 -0.00163808 0.000961535 -0.000369967 0.0019448 0.000543227 -0.00117584 -0.0020777 -0.000586166
internal_weight=2699 2389 1102 310 1287 840 668 405 292 290 172 263 237 110 53 57 152 127 46 716 268 241 217 113 48 65 262 258 102 156
internal_count=2699 2389 1102 310 1287 840 668 405 292 290 172 263 237 110 53 57 152 127 46 716 268 241 217 113 48 65 262 258 102 156
is_linear=0
shrinkage=0.1


Tree=13
num_leaves=31
num_cat=0
split_feature=9 3 1 7 3 6 7 7 10 4 4 4 7 4 7 7 1 3 1 3 10 10 9 4 8 6 8 4 4 1
split_gain=0.195779 0.0855423 0.0236881 0.020187 0.0197322 0.0172826 0.016848 0.0166763 0.0230902 0.0175806 0.0226469 0.0181513 0.0164986 0.0179104 0.016004 0.0282132 0.0217742 0.0148563 0.0140719 0.0191506 0.0252043 0.0155179 0.0174331 0.0147928 0.0138167 0.0163456 0.0137173 0.0214277 0.0187983 0.0280944
threshold=35.489023208618171 18.542915344238285 56.500000000000007 5.3942997455596933 76.739543914794936 13.682303428649904 45.38969802856446 21.87818813323975 18.775638580322269 14.418501377105715 13.524537086486818 12.227743625640871 1.3263756632804873 26.465429306030277 0.79333099722862255 1.8350474238395691 64.500000000000014 24.615886688232425 70.500000000000014 30.456041336059574 25.111416816711429 32.243318557739265 22.596256256103519 23.792849540710453 25.167149543762211 26.035417556762699 39.537303924560554 33.289611816406257 37.700254440307624 60.500000000000007
decision_type=2 2 2 2 2 2 2 2 2 2 2 2 2 2 2 2 2 2 2 2 2 2 2 2 2 2 2 2 2 2
left_child=1 3 6 -1 12 -5 -3 8 -4 10 11 -10 -2 -14 16 17 -11 -16 21 20 -20 22 -17 -24 25 -9 27 -15 -28 -30
right_child=4 2 7 5 -6 -7 -8 24 9 14 -12 -13 13 26 15 18 -18 -19 19 -21 -22 -23 23 -25 -26 -27 28 -29 29 -31
leaf_value=0.0010530371735687481 -0.0045599261143555248 0.00089982828517209197 0.0024224410696629568 -0.00043025576235396006 -0.0044371448710444385 0.0015215680854938304 -0.0019626302806579547 -0.001275008072796452 -0.0020857704596387015 -0.0035838481169776061 -0.003941987855960765 0.0013816898643898849 -0.0041939535660536166 -0.0017583191208989145 0.0027219494208693506 0.00047366892094870543 -0.00021624444246602558 5.7737590072469578e-05 -0.00258106335052563 -0.0039738716760083391 0.0012417959036039455 0.0015863849033848965 -0.0017577387184799448 0.00065080676987931576 0.00032121078969028441 -0.0037814226241387203 -0.0046710395176584518 0.0015305833829188488 0.0008590960776376906 -0.0026283212334927558
leaf_weight=1041 24 194 29 186 40 60 23 123 36 32 31 26 28 52 50 127 48 36 34 23 35 48 102 34 38 33 24 32 33 77
leaf_count=1041 24 194 29 186 40 60 23 123 36 32 31 26 28 52 50 127 48 36 34 23 35 48 102 34 38 33 24 32 33 77
internal_value=-2.17713e-12 0.0003068 -0.000339868 0.000860511 -0.00236434 4.57988e-05 0.000596434 -0.000569447 -0.00033944 -0.000460429 -0.00173511 -0.000631674 -0.00205725 -0.00181309 -0.000252089 -3.75783e-05 -0.00156329 0.0016067 -0.000388466 -0.00147492 -0.000641932 -6.70723e-05 -0.000368844 -0.0011556 -0.0013887 -0.00180521 -0.00150729 -0.000505404 -0.00213534 -0.0015821
internal_weight=2699 2389 1102 1287 310 246 217 885 691 662 93 62 270 246 569 489 80 86 403 92 69 311 263 136 194 156 218 84 134 110
internal_count=2699 2389 1102 1287 310 246 217 885 691 662 93 62 270 246 569 489 80 86 403 92 69 311 263 136 194 156 218 84 134 110
is_linear=0
shrinkage=0.1


Tree=14
num_leaves=31
num_cat=0
split_feature=3 9 3 5 7 8 8 1 6 1 4 1 7 6 9 9 9 1 9 8 7 4 4 4 5 9 9 6 9 10
split_gain=0.160377 0.0439434 0.0432164 0.0341883 0.023353 0.0224103 0.0222381 0.0176615 0.0165933 0.0182856 0.0190789 0.020265 0.0184122 0.0180317 0.0352925 0.0156776 0.0148748 0.0140921 0.0173131 0.0133372 0.0130414 0.0123802 0.0230424 0.0151039 0.0118691 0.0116348 0.0222292 0.0115933 0.0112333 0.0111587
threshold=27.296446800231937 35.489023208618171 13.205774784088137 27.904229164123539 3.258675336837769 28.886590957641605 22.529483795166019 67.500000000000014 80.332885742187514 63.500000000000007 36.865966796875007 59.500000000000007 11.158809661865236 40.439781188964851 37.921020507812507 46.759248733520515 53.134258270263679 71.500000000000014 16.130872726440433 8.9499826431274432 17.816938400268558 20.401401519775394 18.86212253570557 21.640923500061039 13.825990200042726 29.619688987731937 28.179731369018558 27.702079772949222 30.662393569946296 35.841718673706062
decision_type=2 2 2 2 2 2 2 2 2 2 2 2 2 2 2 2 2 2 2 2 2 2 2 2 2 2 2 2 2 2
left_child=2 5 24 4 -4 7 17 21 9 10 11 -3 -12 14 -11 -15 -17 19 -19 -6 -18 22 -2 -23 -1 26 27 -25 -7 -30
right_child=1 8 3 -5 6 28 -8 -9 -10 13 12 -13 -14 15 -16 16 20 18 -20 -21 -22 23 -24 25 -26 -27 -28 -29 29 -31
leaf_value=0.00094848981874557585 -0.00061352334347854296 -0.0037144422953471891 0.00052409500418691853 0.003051843625603636 -0.0016642922128085047 0.0027319971449850573 -0.003308553785085678 -0.0021778614301564952 -0.0049499283824115991 -0.0042618294645633019 -0.0016167440623241038 -0.0002189649799321261 0.0015171994631354875 -0.0055034158911941387 0.0012041765148751438 -0.0005892478789478032 -0.0020971118108085965 0.00018859281777762449 -0.0032618122683330019 2.8587109960098226e-05 -0.0055027118592988703 0.0026635794003959747 -0.0042922255405712694 -0.001132634174078703 0.0024140922538936141 0.0013068442481259507 -0.0033698152141788834 0.0020975297654513272 -0.0008567397657316179 0.0014542374901498694
leaf_weight=699 90 43 495 38 51 21 25 93 20 21 38 27 37 29 27 22 23 26 33 532 22 20 21 25 60 30 26 20 48 37
leaf_count=699 90 43 495 38 51 21 25 93 20 21 38 27 37 29 27 22 23 26 33 532 22 20 21 25 60 30 26 20 48 37
internal_value=4.35708e-13 -0.00125421 0.00047377 0.00010023 3.70588e-06 -0.000601725 -0.00038249 -0.00101353 -0.00216431 -0.00197154 -0.00117885 -0.00236619 -7.06653e-05 -0.00276973 -0.0011872 -0.003561 -0.00272025 -0.000268547 -0.00174129 -0.000119504 -0.00376207 -0.000546799 -0.00130949 0.000152863 0.00106435 -0.000344308 -0.00104198 0.000302994 0.000660898 0.000149215
internal_weight=2699 740 1959 1200 1162 431 667 325 309 289 145 70 75 144 48 96 67 642 59 583 45 232 111 121 759 101 71 45 106 85
internal_count=2699 740 1959 1200 1162 431 667 325 309 289 145 70 75 144 48 96 67 642 59 583 45 232 111 121 759 101 71 45 106 85
is_linear=0
shrinkage=0.1


Tree=15
num_leaves=31
num_cat=0
split_feature=3 3 1 1 3 7 10 1 4 4 4 7 3 8 3 8 3 8 7 6 1 5 8 1 3 9 5 8 8 5
split_gain=0.131588 0.0519274 0.0253463 0.0196373 0.0179503 0.0162495 0.0201418 0.014548 0.0174907 0.0197471 0.0168007 0.0127937 0.0172884 0.0267436 0.0127179 0.0146682 0.0125718 0.0171195 0.0289486 0.0169894 0.0154566 0.0145213 0.0123916 0.0123487 0.010786 0.0104615 0.0188734 0.0133176 0.0123844 0.0101426
threshold=35.341377258300788 15.479907989501955 75.500000000000014 57.500000000000007 76.739543914794936 11.773368835449221 32.810913085937507 63.500000000000007 33.957532882690437 22.018001556396488 41.76245307922364 2.0900871753692631 6.92445993423462 5.9582831859588632 10.880730628967287 11.192269325256349 23.360955238342289 23.243500709533695 8.891874313354494 26.771781921386722 65.500000000000014 31.879885673522953 31.30210113525391 64.500000000000014 29.282522201538089 21.316066741943363 24.170311927795414 20.030696868896488 22.34304237365723 26.584615707397464
decision_type=2 2 2 2 2 2 2 2 2 2 2 2 2 2 2 2 2 2 2 2 2 2 2 2 2 2 2 2 2 2
left_child=1 11 3 -3 7 16 25 -2 9 -9 -10 -1 -13 -14 -15 23 -5 18 20 29 -18 24 -23 -16 -21 26 -7 -27 -29 -19
right_child=4 2 -4 5 -6 6 -8 8 10 -11 -12 12 13 14 15 -17 17 19 -20 21 -22 22 -24 -25 -26 27 -28 28 -30 -31
leaf_value=0.0011242816612873185 -0.00082430221627691029 0.00065556185170748517 -0.0036585813551209866 0.00030726505887107873 -0.0036414931924082339 -0.0014820787043740543 0.0019635923471386461 -0.0034159078073032478 -0.0049120251474960245 -0.00021939052057859954 -0.0020204105715189752 0.0032651558332145213 -0.0017496504661546185 0.0018260987378212056 0.00040160757772674834 0.0013603381889269635 -0.00098158287837577527 -0.00055243308452190831 0.0014777304985645143 -0.0038156945480122455 -0.004000758841478577 0.0017584434175794876 -0.0014804244174488955 -0.0013339888060895297 -0.00074151177331805232 -0.0035722429484927234 0.000822224756875248 0.00083884121628389477 -0.002187109736711902 0.0019405209205989892
leaf_weight=607 199 287 20 426 40 104 22 27 32 68 54 20 57 67 111 85 30 24 22 21 39 27 21 65 25 35 54 21 38 51
leaf_count=607 199 287 20 426 40 104 22 27 32 68 54 20 57 67 111 85 30 24 22 21 39 27 21 65 25 35 54 21 38 51
internal_value=-5.33013e-12 0.00029975 -0.000126857 -7.02133e-05 -0.0016265 -0.00028719 -0.000938175 -0.0014144 -0.00206318 -0.00112787 -0.00309636 0.000833852 0.000398567 0.000249653 0.000597093 0.000281601 -2.71753e-05 -0.000575143 -0.00168096 2.0295e-05 -0.00268807 -0.000875301 0.000341439 -0.00023938 -0.00214494 -0.0011915 -0.000694532 -0.00202684 -0.00111008 0.00114278
internal_weight=2699 2279 1267 1247 420 960 274 380 181 95 86 1012 405 385 328 261 686 260 91 169 69 94 48 176 46 252 158 94 59 75
internal_count=2699 2279 1267 1247 420 960 274 380 181 95 86 1012 405 385 328 261 686 260 91 169 69 94 48 176 46 252 158 94 59 75
is_linear=0
shrinkage=0.1


Tree=16
num_leaves=31
num_cat=0
split_feature=3 1 6 7 9 1 8 1 1 1 9 8 6 5 8 7 4 6 10 7 4 9 4 8 9 5 9 3 8 9
split_gain=0.10831 0.0355116 0.0287353 0.0282756 0.0234568 0.0231532 0.0215946 0.0174069 0.0171422 0.0170983 0.0140401 0.0117836 0.017578 0.0218271 0.0188713 0.0117663 0.011225 0.0139595 0.0120931 0.0111015 0.0240124 0.0219952 0.0260263 0.0205843 0.029323 0.0152043 0.0121357 0.0107052 0.0111705 0.0208891
threshold=26.222730636596683 74.500000000000014 40.439781188964851 2.0202435255050664 25.319900512695316 59.500000000000007 21.555943489074711 51.500000000000007 63.500000000000007 56.500000000000007 46.759248733520515 36.447523117065437 35.479139328002937 41.718050003051765 28.886590957641605 12.442203521728517 27.686420440673832 33.981397628784187 33.974044799804695 1.5142856240272524 23.792849540710453 27.825620651245121 21.508452415466312 23.243500709533695 24.722529411315922 35.595533370971687 26.557673454284672 9.2063593864440936 11.385298252105715 17.546682357788089
decision_type=2 2 2 2 2 2 2 2 2 2 2 2 2 2 2 2 2 2 2 2 2 2 2 2 2 2 2 2 2 2
left_child=3 2 7 -1 5 -5 27 -2 9 -4 -10 12 14 -14 19 -12 -16 18 -18 -9 21 23 25 24 -21 -23 -25 -7 -29 -30
right_child=1 -3 8 4 -6 6 -8 11 10 -11 15 -13 13 -15 16 -17 17 -19 -20 20 -22 22 -24 26 -26 -27 -28 28 29 -31
leaf_value=0.0008476361587147715 0.0012906300742179157 -0.0050259555823036605 -0.0027373645024803971 0.00063005187577644351 0.0032998901779303031 0.0016952084653355456 -0.0035125350837396196 -0.0030359050744901534 -0.0047214507882017646 -0.00016739347130559118 -0.00066225722403032714 0.0014569399058818816 -0.004999756391736724 -0.000796243523315449 0.0021919248858466747 -0.003280852222815156 0.00047840574756264687 0.0021280058927368377 -0.0027362669056112121 -0.00053357273992151019 0.00083595080435122952 0.00075799457728862761 -0.0052557138551492244 0.0022000934579409662 -0.0040537034108814214 -0.0031412690371507776 -0.00070851462391706616 -0.00091924059768390117 0.00066137290666933718 -0.00079970722983252148
leaf_weight=839 50 21 39 372 22 27 21 23 28 77 32 25 21 30 32 37 25 20 22 100 73 20 26 32 31 20 26 215 209 184
leaf_count=839 50 21 39 372 22 27 21 23 28 77 32 25 21 30 32 37 25 20 22 100 73 20 26 32 31 20 26 215 209 184
internal_value=-2.05622e-12 -0.000967401 -0.000859379 0.00041482 6.89794e-05 -1.64622e-07 -0.000357543 -0.000492394 -0.00185179 -0.00103144 -0.00283283 -0.000661883 -0.000767613 -0.0025271 -0.000568204 -0.00206643 0.000651151 -8.47405e-05 -0.00102633 -0.000912125 -0.000763202 -0.001221 -0.00279264 -0.000672172 -0.00136658 -0.00119164 0.000896235 -0.000253205 -0.00033973 -2.26951e-05
internal_weight=2699 810 789 1889 1050 1028 656 576 213 116 97 526 501 51 450 69 99 67 47 351 328 255 66 189 131 40 58 635 608 393
internal_count=2699 810 789 1889 1050 1028 656 576 213 116 97 526 501 51 450 69 99 67 47 351 328 255 66 189 131 40 58 635 608 393
is_linear=0
shrinkage=0.1


Tree=17
num_leaves=31
num_cat=0
split_feature=3 3 5 8 4 1 8 8 9 5 9 5 1 1 1 1 3 8 7 1 8 3 9 3 7 1 4 4 4 3
split_gain=0.0884764 0.0254996 0.0248152 0.0242286 0.0169979 0.0166763 0.0170889 0.0168582 0.0166977 0.0161979 0.0155039 0.0149447 0.0139218 0.0127854 0.0152805 0.0156429 0.0127622 0.0147679 0.0137955 0.0294328 0.020687 0.0202462 0.0157957 0.0245908 0.0123127 0.0111431 0.0111622 0.0186533 0.0175952 0.0108503
threshold=27.296446800231937 13.205774784088137 27.904229164123539 39.537303924560554 33.289611816406257 70.500000000000014 22.0228385925293 11.192269325256349 13.468746185302736 27.108551979064945 42.234256744384773 26.584615707397464 64.500000000000014 56.500000000000007 60.500000000000007 62.500000000000007 18.635648727416996 16.747789382934574 0.79333099722862255 64.500000000000014 19.00317478179932 24.071063995361332 16.772529602050785 19.980977058410648 0.7457185983657838 51.500000000000007 20.401401519775394 18.86212253570557 21.508452415466312 33.315364837646491
decision_type=2 2 2 2 2 2 2 2 2 2 2 2 2 2 2 2 2 2 2 2 2 2 2 2 2 2 2 2 2 2
left_child=1 -1 5 4 10 7 24 8 -3 11 25 16 13 -5 -15 -16 17 -9 19 -18 22 -22 -20 -24 -7 -2 27 29 -28 -27
right_child=3 2 -4 12 -6 6 -8 9 -10 -11 -12 -13 -14 14 15 -17 18 -19 20 -21 21 -23 23 -25 -26 26 28 -29 -30 -31
leaf_value=0.00080554151137078611 0.00087202910023430986 -0.00032270821540097473 0.0025796203898560063 -0.0028438775094621112 0.0013136590976500885 0.0017198772568787848 -0.0035095296461473812 0.00058928251782359162 -0.0030130811468032856 -0.0024824833590537314 -0.0030887625231924985 0.0027569526949754127 -0.0029308341962183851 0.0012303818317670977 -0.0037538888095878064 -9.2172537863786737e-05 -0.0040739090443821626 0.0030289925772834709 0.00067937523735752119 0.001120321867056191 0.0018783250677955163 -0.00057812652509892364 -0.00358178047502103 -0.00040553471073508264 -0.0008780041352130487 -0.00011909559834748507 0.0019500264927046374 -0.0037781023869997467 -0.00068399679572685005 -0.0021604994203635428
leaf_weight=759 45 131 38 33 43 21 22 306 28 20 27 26 78 31 20 28 24 27 86 20 102 50 30 130 139 66 28 29 269 43
leaf_count=759 45 131 38 33 43 21 22 306 28 20 27 26 78 31 20 28 24 27 86 20 102 50 30 130 139 66 28 29 269 43
internal_value=-2.37581e-12 0.000351893 6.49607e-05 -0.000931566 -0.000595253 -1.72743e-05 -0.000896345 0.000145982 -0.000796485 0.000328506 -0.000757153 0.000398693 -0.0019051 -0.00119076 -0.000500212 -0.00161789 0.000319577 0.000787097 -3.26498e-05 -0.00171289 0.000153106 0.00107028 -0.000413604 -0.00100108 -0.000537032 -0.000626 -0.000780968 -0.00152411 -0.000435671 -0.00092442
internal_weight=2699 1959 1200 740 550 1162 182 980 159 821 507 801 190 112 79 48 775 333 442 44 398 152 246 160 160 480 435 138 297 109
internal_count=2699 1959 1200 740 550 1162 182 980 159 821 507 801 190 112 79 48 775 333 442 44 398 152 246 160 160 480 435 138 297 109
is_linear=0
shrinkage=0.1


Tree=18
num_leaves=31
num_cat=0
split_feature=3 1 7 4 1 6 7 4 7 1 9 7 3 3 8 4 6 7 3 8 8 4 8 9 4 1 7 7 3 4
split_gain=0.0719401 0.0226251 0.0207 0.0232136 0.0197847 0.0187751 0.0167877 0.015062 0.0143289 0.0151298 0.0110782 0.0131471 0.0115664 0.0272851 0.0149574 0.0144563 0.0120585 0.0109465 0.0103343 0.0168288 0.016396 0.0120967 0.0130996 0.0301551 0.0139153 0.0106378 0.00961745 0.0168285 0.0085858 0.00846346
threshold=26.328480720520023 74.500000000000014 2.0202435255050664 21.508452415466312 64.500000000000014 80.332885742187514 0.60368767380714428 18.772157669067386 22.4524040222168 49.500000000000007 51.237966537475593 55.027532577514656 28.626436233520511 33.315364837646491 20.144730567932129 24.49715614318848 39.589262008666999 20.126412391662601 18.542915344238285 7.2844197750091562 12.424730300903322 11.627705574035646 17.367115020751957 17.7054557800293 16.312764167785648 56.500000000000007 17.816938400268558 16.555974960327152 20.452512741088871 40.660638809204109
decision_type=2 2 2 2 2 2 2 2 2 2 2 2 2 2 2 2 2 2 2 2 2 2 2 2 2 2 2 2 2 2
left_child=2 5 -1 4 18 6 -2 -6 17 -10 11 12 -11 14 -14 -15 -17 26 19 -4 -20 -22 23 28 -24 -26 27 29 -23 -8
right_child=1 -3 3 -5 7 -7 8 -9 9 10 -12 -13 13 15 -16 16 -18 -19 20 -21 21 22 24 -25 25 -27 -28 -29 -30 -31
leaf_value=0.00070501093322968651 -0.0028024703264236451 -0.0041165375104174019 -0.00042005178037673703 0.0034149080794304608 -0.00040548925163439359 -0.0037346441484987741 -6.4050131928821924e-05 -0.0029370967135764659 0.0015969739493448287 -0.0037968447234015914 -0.002768539387460162 -1.8441322361633703e-05 -0.00094313627951556729 -0.0036734271855828797 0.0028780241706408563 0.00035289681421730805 -0.0027277698585142693 0.0021268382621929048 -0.0020487435454598223 0.0010831011908988342 0.0017731481357119404 0.0016912228494350399 0.002095471413728471 -0.0043103141561997215 0.0013422855883836746 -0.0012204647737393238 -0.0019335328383021989 0.0026948658144101503 -0.0012038381000456866 -0.0013583933018514367
leaf_weight=842 34 20 103 20 392 20 294 25 20 20 41 88 21 38 20 27 24 20 39 269 39 21 36 22 25 46 32 20 20 61
leaf_count=842 34 20 103 20 392 20 294 25 20 20 41 88 21 38 20 27 24 20 39 269 39 21 36 22 25 46 32 20 20 61
internal_value=6.14507e-13 -0.000795429 0.000335094 4.04204e-05 -2.46613e-05 -0.000710273 -0.000630684 -0.000557264 -0.000528975 -0.00105988 -0.00125034 -0.000988797 -0.00155807 -0.00121365 0.000920844 -0.00219695 -0.00109683 -0.000157217 0.000333557 0.000666906 -0.000166466 0.000184773 -0.000179619 -0.00132362 0.000493951 -0.000318088 -0.000269456 -0.000127454 0.000278998 -0.000286458
internal_weight=2699 800 1899 1057 1037 780 760 417 726 299 279 238 150 130 41 89 51 427 620 372 248 209 170 63 107 71 407 375 41 355
internal_count=2699 800 1899 1057 1037 780 760 417 726 299 279 238 150 130 41 89 51 427 620 372 248 209 170 63 107 71 407 375 41 355
is_linear=0
shrinkage=0.1


Tree=19
num_leaves=31
num_cat=0
split_feature=3 3 1 3 5 3 5 1 7 8 7 4 3 7 5 4 1 4 3 1 3 5 3 10 10 1 10 7 9 5
split_gain=0.0598717 0.0285524 0.0164053 0.015855 0.0150336 0.0267108 0.0161158 0.0178451 0.0143502 0.017031 0.0143344 0.0165825 0.0127444 0.0105242 0.022335 0.0216338 0.0114857 0.0225702 0.00934039 0.00934028 0.00868585 0.00939523 0.0175141 0.010113 0.0117338 0.00845197 0.00832547 0.0121941 0.00826589 0.0206599
threshold=38.364452362060554 15.479907989501955 75.500000000000014 40.227567672729499 46.285648345947273 48.14656066894532 60.336885452270515 66.500000000000014 11.595330715179445 27.509993553161625 8.6769771575927752 60.946918487548835 54.580209732055671 0.7457185983657838 21.404868125915531 23.792849540710453 69.500000000000014 29.852449417114261 28.779933929443363 58.500000000000007 32.336433410644538 26.584615707397464 22.520421981811527 17.919202804565433 19.60903358459473 63.500000000000007 14.730953693389894 9.6538262367248553 16.772529602050785 22.533796310424808
decision_type=2 2 2 2 2 2 2 2 2 2 2 2 2 2 2 2 2 2 2 2 2 2 2 2 2 2 2 2 2 2
left_child=1 26 8 -2 19 -6 7 12 13 28 -8 25 -7 14 -3 -16 17 -15 -17 -5 21 22 23 -18 -25 -12 27 -1 -10 -30
right_child=3 2 -4 4 5 6 10 -9 9 -11 11 -13 -14 16 15 18 20 -19 -20 -21 -22 -23 -24 24 -26 -27 -28 -29 29 -31
leaf_value=0.00055451699890158408 -0.0034357575373724102 0.0010714095618043627 -0.002831095851367784 -0.0013359015301830368 -0.0043640200314777238 -0.00011551424783344072 -0.0041199916244848917 -0.0017701311835726548 -4.8830323949452399e-05 0.0014790480637824849 -0.00091548363028171791 0.00084145617112517358 0.0030835655960254373 0.00036129294265722445 -0.003998629910139633 0.0010811383969017438 -0.0013798913582124643 0.0034299345100298525 -0.0019014123472429459 0.00077964858229582514 -0.0024039579182863237 0.0011957069242222085 -0.0025738664916857626 0.0028980117710307243 -0.0002289921425593396 -0.0034728686059159897 0.0014187251850259755 -0.0013758572958656313 -0.0037199248810513663 -0.00076028362750136917
leaf_weight=872 30 42 22 32 28 33 23 37 122 38 24 25 20 581 28 21 27 25 21 60 20 37 33 20 30 28 106 34 26 254
leaf_count=872 30 42 22 32 28 33 23 37 122 38 24 25 20 581 28 21 27 25 21 60 20 37 33 20 30 28 106 34 26 254
internal_value=-3.00755e-12 0.000178807 -0.000122746 -0.00124061 -0.00102817 -0.00148057 -0.00105564 -8.4839e-05 -7.77769e-05 -0.000544508 -0.00192935 -0.00127501 0.00109169 0.00015427 -0.00075168 -0.00184553 0.000285533 0.000487887 -0.000410137 4.38051e-05 -0.000448756 -0.000182742 -0.000646402 0.000179655 0.00102181 -0.00229254 0.000580182 0.000482075 -0.00073579 -0.00103511
internal_weight=2699 2359 1347 340 310 218 190 90 1325 440 100 77 53 885 112 70 773 606 42 92 167 147 110 77 50 52 1012 906 402 280
internal_count=2699 2359 1347 340 310 218 190 90 1325 440 100 77 53 885 112 70 773 606 42 92 167 147 110 77 50 52 1012 906 402 280
is_linear=0
shrinkage=0.1


Tree=20
num_leaves=31
num_cat=0
split_feature=3 7 3 5 3 7 1 8 7 1 7 1 3 9 7 3 3 6 7 3 1 3 9 4 1 3 8 9 4 1
split_gain=0.0497938 0.0184459 0.0168481 0.0168351 0.0158504 0.0124763 0.0138895 0.0129 0.0136457 0.016442 0.0114509 0.0113102 0.0124145 0.0168939 0.0223837 0.0160164 0.0167111 0.0141595 0.0169652 0.0122132 0.01366 0.0132058 0.0140329 0.0143707 0.01293 0.0130962 0.0111866 0.0110667 0.0134813 0.0108919
threshold=27.296446800231937 0.56430068612098705 10.165052413940431 27.904229164123539 76.739543914794936 0.47867316007614141 70.500000000000014 7.2844197750091562 0.68739992380142223 64.500000000000014 1.0463753342628481 60.500000000000007 45.309858322143562 46.759248733520515 73.890178680419936 28.626436233520511 29.949612617492679 30.639007568359375 6.1398241519927987 55.831867218017585 59.500000000000007 35.099555969238288 29.619688987731937 21.640923500061039 51.500000000000007 41.496656417846687 22.0228385925293 53.134258270263679 54.896280288696296 47.500000000000007
decision_type=2 2 2 2 2 2 2 2 2 2 2 2 2 2 2 2 2 2 2 2 2 2 2 2 2 2 2 2 2 2
left_child=2 -2 -1 5 10 -4 7 -7 9 -9 -3 19 15 14 -14 -13 -17 -18 -19 20 21 22 23 -12 -23 -26 -8 -15 -29 -10
right_child=1 4 3 -5 -6 6 26 8 29 -11 11 12 13 27 -16 16 17 18 -20 -21 -22 24 -24 -25 25 -27 -28 28 -30 -31
leaf_value=0.00080024319939148061 -0.0031277188037832577 0.0017628913067958573 0.0010314964836056369 0.0021817484184315328 -0.0025299675227142874 -0.0013583442817466207 -0.00056120952751371079 -0.0031860596213776336 0.0020662040595198052 0.00040568243339657783 0.00083634304018084739 -0.0025782493689535738 -0.0057847257598768924 0.00057088787547282635 -0.0010535892001644243 0.0020848603160293017 -0.0013029893772909418 -0.0015563863821120728 0.001057654528412968 0.0022360025111331861 0.0019608598107006404 0.00046893266636678687 0.0025977728067941609 -0.0020153720700182023 -0.0035178978440605782 -0.00075993571663275368 -0.0030577089916914704 -0.0037991074426099655 -0.0002118394286795096 0.00019242952463684177
leaf_weight=451 30 22 119 38 40 58 175 26 32 25 43 34 20 31 20 27 120 36 80 22 25 28 21 30 33 36 20 20 22 1015
leaf_count=451 30 22 119 38 40 58 175 26 32 25 43 34 20 31 20 27 120 36 80 22 25 28 21 30 33 36 20 20 22 1015
internal_value=-1.97238e-12 -0.000698856 0.000263988 0.00010361 -0.000596228 4.98893e-05 -3.65735e-05 9.51168e-05 0.000171893 -0.0014254 -0.000480781 -0.000556955 -0.000875261 -0.00176736 -0.00341916 -0.000535844 -0.000271806 -0.000541425 0.0002464 -8.61274e-06 -0.000237231 -0.000524939 0.000319732 -0.000335595 -0.00134349 -0.00207896 -0.000817261 -0.000862262 -0.00192006 0.000249699
internal_weight=2699 740 1959 1508 710 1470 1351 1156 1098 51 670 648 410 113 40 297 263 236 116 238 216 191 94 73 97 69 195 73 42 1047
internal_count=2699 740 1959 1508 710 1470 1351 1156 1098 51 670 648 410 113 40 297 263 236 116 238 216 191 94 73 97 69 195 73 42 1047
is_linear=0
shrinkage=0.1


Tree=21
num_leaves=31
num_cat=0
split_feature=9 3 1 8 7 7 7 4 4 4 8 4 1 4 4 4 9 7 8 9 3 1 4 8 1 7 4 1 4 4
split_gain=0.0420331 0.0203585 0.0124332 0.0124121 0.0107407 0.0144497 0.0223299 0.0113197 0.011081 0.0110017 0.0336545 0.0223418 0.0142585 0.00974595 0.00928962 0.0164983 0.0380868 0.0195807 0.0144547 0.0198533 0.0128842 0.0175982 0.017287 0.0437843 0.0235055 0.0379324 0.0191823 0.0222963 0.0201167 0.0168465
threshold=35.489023208618171 15.479907989501955 75.500000000000014 10.270828247070314 1.3263756632804873 3.5814664363861088 6.4908204078674325 26.465429306030277 30.28522872924805 37.700254440307624 39.537303924560554 33.289611816406257 63.500000000000007 46.049480438232429 10.962353706359865 14.24530601501465 18.003664970397953 34.244001388549812 15.047105312347414 16.659436225891117 23.465167999267582 60.500000000000007 20.401401519775394 21.555943489074711 64.500000000000014 5.7834289073944101 21.242177009582523 67.500000000000014 23.067812919616703 26.827582359313968
decision_type=2 2 2 2 2 2 2 2 2 2 2 2 2 2 2 2 2 2 2 2 2 2 2 2 2 2 2 2 2 2
left_child=1 -1 3 -3 -2 -6 -7 -8 -9 10 11 -10 13 -11 18 16 -16 -18 19 -5 -17 -22 23 -23 25 -24 -26 -28 -29 -30
right_child=4 2 -4 14 5 6 7 8 9 12 -12 -13 -14 -15 15 20 17 -19 -20 -21 21 22 24 -25 26 -27 27 28 29 -31
leaf_value=0.00048267567285135011 -0.0030829336643218995 -0.0016843331165981236 -0.002466309389274102 0.00083404217664191909 0.001116995014730961 -0.0040725269742930932 -0.0026121297734789553 0.0010579703375697136 -0.0025739454256836327 0.0024252738317717681 -0.0052308413820962114 0.0019861371722072366 -0.0014886366146407565 -0.00035286760290286374 -5.6444448140914816e-05 0.00059810761596535182 -0.0040654188379024465 -0.0005284876887647745 0.0025552887596528642 -0.002151230667368509 0.00052766779573205772 -0.00017684521653470311 -0.0041757196464459415 -0.0039803831927240534 0.0032530086157335479 0.00073244941661194452 0.0018536969135534401 -0.0029179305761742099 0.0014689377719713818 -0.0015766460361192004
leaf_weight=1012 25 46 22 109 31 24 32 34 22 23 21 21 49 28 173 314 45 24 33 28 213 85 32 47 22 31 49 30 42 32
leaf_count=1012 25 46 22 109 31 24 32 34 22 23 21 21 49 28 173 314 45 24 33 28 213 85 32 47 22 31 49 30 42 32
internal_value=4.21717e-12 0.000142157 -0.000108101 -6.98132e-05 -0.00109552 -0.000921189 -0.00116994 -0.000867065 -0.000585034 -0.000925657 -0.00194946 -0.000346928 -0.000270422 0.00090002 -1.30768e-05 -0.000115995 -0.000848729 -0.00283518 0.000676475 0.000223913 8.16881e-05 -0.000196452 -0.00061331 -0.00153114 -0.000104265 -0.00176059 0.000492012 9.50062e-05 -0.000733608 0.000151929
internal_weight=2699 2389 1377 1355 310 285 254 230 198 164 64 43 100 51 1309 1139 242 69 170 137 897 583 370 132 238 63 175 153 104 74
internal_count=2699 2389 1377 1355 310 285 254 230 198 164 64 43 100 51 1309 1139 242 69 170 137 897 583 370 132 238 63 175 153 104 74
is_linear=0
shrinkage=0.1


Tree=22
num_leaves=31
num_cat=0
split_feature=9 3 8 4 9 4 4 9 3 6 3 1 4 8 1 7 7 8 1 9 4 7 8 9 5 5 9 7 10 3
split_gain=0.0340468 0.0171818 0.0104195 0.015485 0.0118132 0.0138039 0.00939657 0.035498 0.0204317 0.0134496 0.0117877 0.0151454 0.0153372 0.0419118 0.0168876 0.0235023 0.0143316 0.0140392 0.0122607 0.018189 0.0208593 0.0150153 0.010297 0.0118894 0.0100791 0.0163005 0.00933084 0.0130393 0.00917405 0.0240713
threshold=35.489023208618171 13.205774784088137 11.385298252105715 10.962353706359865 12.432129859924318 8.2269821166992205 14.24530601501465 17.546682357788089 21.17984771728516 16.568670272827152 22.439517021179203 60.500000000000007 20.401401519775394 22.0228385925293 64.500000000000014 5.7834289073944101 8.4874043464660662 23.965547561645511 67.500000000000014 25.760300636291507 23.273763656616214 12.807345390319826 20.144730567932129 21.535509109497074 16.790719985961918 17.271064758300785 19.014306068420414 34.244001388549812 40.698335647583015 38.364452362060554
decision_type=2 2 2 2 2 2 2 2 2 2 2 2 2 2 2 2 2 2 2 2 2 2 2 2 2 2 2 2 2 2
left_child=1 -1 4 -4 -3 -6 7 9 -9 24 -8 -12 13 16 15 -14 -13 -15 21 -20 -21 -16 23 -18 -5 -26 -10 -28 29 -2
right_child=28 2 3 6 5 -7 10 8 26 -11 11 12 14 17 18 -17 22 -19 19 20 -22 -23 -24 -25 25 -27 27 -29 -30 -31
leaf_value=0.00052094733292986652 3.3858551510742735e-05 -0.00023611182029404222 0.00093330638260607991 0.00034117069699915882 -0.0035952294482504603 -0.00047851802858834462 0.00062810833649314763 -0.0048234782303157066 0.0003195215635721318 0.0015770822918663423 0.0004893201588301809 -0.0018771513801020307 -0.003051075219838439 -0.0058484575799888092 0.0028216848747290085 0.00065920450424234714 0.0011835969947278501 -0.0021464465511962772 0.0016039190943851027 -0.0037444265675731004 -8.2525520951354077e-05 -0.00056343920994549989 0.002095082221337809 -0.0019004774112254383 -0.003440508521585302 -0.00030898326476744845 -0.0040799407893791799 -0.00058868206359203104 -0.00077061457006710786 -0.0047541526190581773
leaf_weight=759 21 134 170 114 27 30 277 23 22 48 236 39 38 21 38 31 25 20 43 20 70 20 26 25 22 68 20 23 268 21
leaf_count=759 21 134 170 114 27 30 277 23 22 48 236 39 38 21 38 31 25 20 43 20 70 20 26 25 22 68 20 23 268 21
internal_value=6.69367e-12 0.000127941 -5.50602e-05 3.70518e-05 -0.000749035 -0.00195486 -8.30138e-05 -0.000532817 -0.00226192 7.09975e-05 8.16073e-05 -0.000150572 -0.000513587 -0.00129747 -4.3258e-05 -0.00138414 -0.000318772 -0.0040426 0.000441144 -8.79458e-05 -0.000896281 0.0016544 0.000480923 -0.00035844 -0.000283375 -0.00107447 -0.00135552 -0.00221252 -0.000985971 -0.00236015
internal_weight=2699 2389 1630 1439 191 57 1269 340 88 252 929 652 416 156 260 69 115 41 191 133 90 58 76 50 204 90 65 43 310 42
internal_count=2699 2389 1630 1439 191 57 1269 340 88 252 929 652 416 156 260 69 115 41 191 133 90 58 76 50 204 90 65 43 310 42
is_linear=0
shrinkage=0.1


Tree=23
num_leaves=31
num_cat=0
split_feature=3 3 9 6 6 3 4 5 7 8 7 4 10 7 10 4 7 7 4 1 7 5 4 9 1 6 6 8 9 8
split_gain=0.0278063 0.0130713 0.00986555 0.00959974 0.00975548 0.00857454 0.00953532 0.00813486 0.0105525 0.00786584 0.0132872 0.0136694 0.0169017 0.00994866 0.0159727 0.0143797 0.0172872 0.0143332 0.00780568 0.0077819 0.00910022 0.0143441 0.0104013 0.00896348 0.00836947 0.00748705 0.00980498 0.0122981 0.0138813 0.00978845
threshold=35.341377258300788 11.179746627807619 32.831895828247077 80.332885742187514 68.500106811523452 65.218120574951186 48.984283447265632 10.996593475341799 3.5814664363861088 39.537303924560554 3.3914792537689213 37.700254440307624 49.48138618469239 29.326695442199711 41.06120681762696 27.686420440673832 9.2056169509887713 83.128631591796889 24.49715614318848 54.500000000000007 9.6538262367248553 18.850534439086918 27.092626571655277 11.995590686798097 71.500000000000014 27.702079772949222 25.878905296325687 20.144730567932129 21.316066741943363 15.047105312347414
decision_type=2 2 2 2 2 2 2 2 2 2 2 2 2 2 2 2 2 2 2 2 2 2 2 2 2 2 2 2 2 2
left_child=1 7 19 4 5 6 9 8 -1 13 -11 -12 -13 14 15 -2 -17 18 -15 -3 22 23 -21 -22 25 26 27 28 29 -23
right_child=3 2 -4 -5 -6 -7 -8 -9 -10 10 11 12 -14 17 -16 16 -18 -19 -20 20 21 24 -24 -25 -26 -27 -28 -29 -30 -31
leaf_value=0.00052147569684619823 0.0015564698484484797 0.00049049466398736906 0.0017170583067292518 -0.0028857438452541831 0.0015118589205667379 -0.002376584934148317 0.0013086937523136537 0.0013352952956814659 -0.0012673096359422844 -0.0036610127215019684 -0.0028248633295297624 0.0023142775497399272 -0.0013298880184967339 -0.002958489164105944 0.0026732901068912312 0.00016222839376756125 -0.0033669886827144935 0.00031260151982955313 -0.00085957711785073019 8.7878320370406014e-05 -0.00078949722750433569 -0.00064294549624901271 -0.0018008525793751081 -0.0033214256814163598 -0.001769018450902556 0.0013321975980943536 -0.0020933682892333577 0.0014944184832729219 -0.0021852405386097317 0.00092611242064528855
leaf_weight=393 27 247 33 20 20 30 24 110 36 22 25 20 35 37 22 35 23 46 34 1038 29 100 30 27 34 32 27 41 36 66
leaf_count=393 27 247 33 20 20 30 24 110 36 22 25 20 35 37 22 35 23 46 34 1038 29 100 30 27 34 32 27 41 36 66
internal_value=-2.62032e-13 0.000137791 4.49852e-06 -0.000747683 -0.00064078 -0.000754076 -0.000615004 0.000568088 0.000371368 -0.000756626 -0.00148455 -0.000886026 -4.7369e-06 -0.00042516 0.000271723 -0.00034986 -0.00123729 -0.00106248 -0.00195338 -2.8609e-05 -0.00011643 -0.00052852 3.48241e-05 -0.00201025 -0.000281565 -0.000114103 -0.000285517 -8.46446e-05 -0.000405147 -1.91032e-05
internal_weight=2699 2279 1740 420 400 380 350 539 429 326 102 80 55 224 107 85 58 117 71 1707 1460 392 1068 56 336 302 270 243 202 166
internal_count=2699 2279 1740 420 400 380 350 539 429 326 102 80 55 224 107 85 58 117 71 1707 1460 392 1068 56 336 302 270 243 202 166
is_linear=0
shrinkage=0.1


Tree=24
num_leaves=31
num_cat=0
split_feature=9 3 8 1 5 7 7 7 7 7 7 7 3 9 1 8 8 4 3 9 6 6 9 10 4 3 4 3 6 8
split_gain=0.0233875 0.011851 0.00947844 0.0087915 0.00833422 0.00787593 0.0122687 0.0197836 0.00902299 0.0129227 0.0193212 0.0077932 0.00849176 0.00749264 0.0194465 0.0167166 0.0148689 0.0122161 0.0104862 0.00968678 0.017107 0.0119809 0.00933857 0.0267516 0.0131807 0.00889347 0.00880761 0.00827721 0.00882065 0.00749409
threshold=35.489023208618171 10.165052413940431 7.2844197750091562 60.500000000000007 10.004190444946293 1.3263756632804873 3.5814664363861088 6.4908204078674325 9.0579352378845233 12.227939605712892 18.508046150207523 1.4835560917854311 6.92445993423462 22.407477378845218 61.500000000000007 19.00317478179932 24.278219223022464 17.21136569976807 26.566122055053714 31.594530105590824 33.392539978027351 26.771781921386722 19.014306068420414 21.317645072937015 16.48032379150391 23.465167999267582 23.465190887451175 21.17984771728516 21.72020244598389 9.2525954246521014
decision_type=2 2 2 2 2 2 2 2 2 2 2 2 2 2 2 2 2 2 2 2 2 2 2 2 2 2 2 2 2 2
left_child=1 4 -3 -4 11 -2 -7 -8 -9 -10 -11 -1 -13 15 -15 22 25 -17 -18 21 -21 -20 29 -24 -25 -16 -23 -19 -29 -5
right_child=5 2 3 13 -6 6 7 8 9 10 -12 12 -14 14 16 17 18 27 19 20 -22 26 23 24 -26 -27 -28 28 -30 -31
leaf_value=0.00064030910730361948 -0.002519034054130316 -0.0012179050369248276 0.00034251435135381229 -0.0010172834972707698 0.0013783195912085398 0.001210177855025376 -0.0036291922365004818 0.0012229932200474045 -0.0030599211970263203 0.0019248405730144845 -0.00097249375733857364 0.0012044218443334103 -0.00091678710494117886 -0.0030268268094265035 0.00092712597455829387 0.003366088309452276 0.0021232286012188221 0.0020176789972798101 0.0015717787138948389 0.0029406429858332001 -0.00068692614485581335 -0.0027202995089085206 -0.004197207960255799 -0.0011718692697052445 0.0020462511270307004 -0.0013391823660358498 -0.00045653441244640443 -0.0015975864307785578 0.0012341573104177688 0.00010967336217390766
leaf_weight=250 25 62 632 65 99 31 24 24 23 27 156 25 77 28 20 22 27 28 22 26 26 23 21 35 20 129 68 22 22 640
leaf_count=250 25 62 632 65 99 31 24 24 23 27 156 25 77 28 20 22 27 28 22 26 26 23 21 35 20 129 68 22 22 640
internal_value=2.53863e-12 0.000106038 -1.40517e-06 3.8799e-05 0.000567736 -0.000817179 -0.000667894 -0.000897107 -0.00061202 -0.000825808 -0.000545018 0.000339759 -0.000396883 -0.0001155 -0.000493419 4.38735e-05 -0.000285397 0.00130376 0.000296311 -2.63915e-06 0.00112686 -0.000522408 -0.000107765 -0.00116094 -1.64367e-06 -0.00103498 -0.00102869 0.000673605 -0.000181715 5.76954e-06
internal_weight=2699 2389 1938 1876 451 310 285 254 230 206 183 352 102 1244 369 875 341 94 192 165 52 113 781 76 55 149 91 72 44 705
internal_count=2699 2389 1938 1876 451 310 285 254 230 206 183 352 102 1244 369 875 341 94 192 165 52 113 781 76 55 149 91 72 44 705
is_linear=0
shrinkage=0.1


Tree=25
num_leaves=31
num_cat=0
split_feature=3 1 8 6 8 3 5 6 6 4 3 7 3 8 3 7 4 7 7 9 8 8 1 7 10 7 7 1 1 8
split_gain=0.019207 0.013331 0.0127082 0.00960565 0.00924795 0.022168 0.00892236 0.0130726 0.0140965 0.0134759 0.0126737 0.0103348 0.0101788 0.0171018 0.0120045 0.00822868 0.00698656 0.0112936 0.011149 0.0107129 0.0152672 0.0155565 0.0191218 0.0105587 0.00825669 0.00691209 0.0143839 0.0101723 0.00918569 0.00673089
threshold=26.328480720520023 74.500000000000014 24.07590484619141 80.332885742187514 22.146557807922367 24.071063995361332 25.19511699676514 22.040240287780765 21.400660514831547 19.147005081176761 25.583414077758793 1.0463753342628481 6.0037295818328866 5.6709382534027108 11.179746627807619 0.60368767380714428 60.946918487548835 1.0463753342628481 1.8350474238395691 53.134258270263679 45.359569549560554 42.552917480468757 49.500000000000007 3.643192052841187 65.386226654052749 4.5483465194702157 6.6427063941955575 55.500000000000007 53.500000000000007 19.00317478179932
decision_type=2 2 2 2 2 2 2 2 2 2 2 2 2 2 2 2 2 2 2 2 2 2 2 2 2 2 2 2 2 2
left_child=2 3 4 15 6 -6 7 8 9 11 -8 -1 -13 -14 -15 -2 17 -17 -19 20 21 22 -20 -24 -21 -25 -27 28 -28 -16
right_child=1 -3 -4 -5 5 -7 10 -9 -10 -11 -12 12 13 14 29 16 -18 18 19 24 -22 -23 23 25 -26 26 27 -29 -30 -31
leaf_value=0.00055010264192122159 -0.0018092124668114325 -0.002960295060911449 0.0019145951254247893 -0.0025088937440887094 0.00059347466819665651 -0.0033542768619954592 0.002978847322783959 -0.0020913704862603202 0.0021837645302773181 -0.0021772881411015986 1.5362990539400807e-05 0.0018849483391802228 -0.0015593564399335135 0.00086484130782385677 -0.00014689493602123763 0.0019604220309040765 0.0016256056167185306 -0.0025057891525490129 0.0022825506575886285 -0.0030690415904087867 0.002565158634679392 -0.0025889939852748759 0.001126833742826569 -0.0021054335788864157 -0.00046798110169430192 0.0015083794446232228 -0.00074014074528928506 -0.00031106889873035106 -0.003415525500618276 0.0010816737130145604
leaf_weight=485 34 20 41 20 33 25 27 26 34 25 31 28 70 156 871 22 20 23 31 23 20 27 49 23 26 39 33 369 21 47
leaf_count=485 34 20 41 20 33 25 27 26 34 25 31 28 70 156 871 22 20 23 31 23 20 27 49 23 26 39 33 369 21 47
internal_value=-1.22726e-12 -0.000411004 0.000173145 -0.000345638 0.000134717 -0.00110814 0.000174765 0.00013414 0.00016786 0.00012711 0.00139492 0.000161878 1.22186e-06 -4.48833e-05 5.38253e-05 -0.00028871 -0.000217502 -0.000269714 -0.000341444 -0.000266134 -0.000152221 -0.000244024 -0.000131963 -0.000272132 -0.00168889 -0.000413471 -0.000329239 -0.000498665 -0.00178057 -8.39944e-05
internal_weight=2699 800 1899 780 1858 58 1800 1742 1716 1682 58 1657 1172 1144 1074 760 726 706 684 661 612 592 565 534 49 485 462 423 54 918
internal_count=2699 800 1899 780 1858 58 1800 1742 1716 1682 58 1657 1172 1144 1074 760 726 706 684 661 612 592 565 534 49 485 462 423 54 918
is_linear=0
shrinkage=0.1


Tree=26
num_leaves=31
num_cat=0
split_feature=3 8 3 7 7 4 7 7 1 7 1 10 8 8 8 7 3 10 10 7 1 5 1 7 8 6 3 4 7 6
split_gain=0.0162063 0.0129903 0.00859333 0.00922199 0.0174489 0.01666 0.0114755 0.0150914 0.0182954 0.0120427 0.0088055 0.00797803 0.0221186 0.0109286 0.00969221 0.0136402 0.0226584 0.00761249 0.0103064 0.00902753 0.00731991 0.00644257 0.0106051 0.00859052 0.00683778 0.00873232 0.00598641 0.022516 0.0163287 0.0125454
threshold=18.542915344238285 16.747789382934574 76.739543914794936 0.58257290720939647 0.45802962779998785 26.086491584777836 3.4853098392486577 4.1531798839569101 47.500000000000007 3.2023737430572514 73.500000000000014 23.419731140136722 22.974575042724613 18.633232116699222 24.889834403991703 2.2610681056976323 28.985769271850589 18.775638580322269 19.874582290649418 9.6538262367248553 61.500000000000007 16.790719985961918 70.500000000000014 9.6538262367248553 12.503974437713625 12.599502563476564 33.774271011352546 23.792849540710453 6.1398241519927987 59.608497619628913
decision_type=2 2 2 2 2 2 2 2 2 2 2 2 2 2 2 2 2 2 2 2 2 2 2 2 2 2 2 2 2 2
left_child=1 20 3 4 5 -2 9 -8 -9 10 11 13 -13 -5 -14 16 -16 -10 19 -19 -1 23 -23 24 25 -22 27 -20 -28 -30
right_child=2 -3 -4 6 -6 -7 7 8 17 -11 -12 12 14 -15 15 -17 -18 18 26 -21 21 22 -24 -25 -26 -27 28 -29 29 -31
leaf_value=0.00046805796022950249 0.0014205877382594805 0.0021853274343918787 -0.0016787535150069744 -0.00055149028266896492 -0.0038087633671239022 -0.0023184492337432775 -0.0019879764486104251 0.0024105617633232708 0.0011071453260037265 0.0027816019789315763 -0.0017803342873230579 -0.0031845174549380317 0.0019993637303083109 0.0016237999020840032 -0.0017577816639095544 -0.0020412966465720764 0.0020122271708466789 -0.00027253186589487914 -0.00024964635442897696 -0.0030249035770199186 0.00019681424554055831 -0.00021417837341111725 -0.0025595878794168435 -0.0019085794873535634 0.00095758306532824999 -0.0011829588141363976 -0.0032131692309948531 0.0020726224741615031 -0.00057807069743714674 0.0017541231997311117
leaf_weight=572 26 34 40 32 20 22 50 26 38 20 20 20 29 83 25 26 44 22 452 26 389 98 24 20 98 52 22 46 298 25
leaf_count=572 26 34 40 32 20 22 50 26 38 20 20 20 29 83 25 26 44 22 452 26 389 98 24 20 98 52 22 46 298 25
internal_value=-1.66634e-13 0.000256666 -0.000233944 -0.000191821 -0.00132715 -0.000293138 -0.000132617 -0.000294425 -0.000205757 0.000411251 0.000241333 0.000397446 -9.85351e-05 0.0010185 0.000399204 -8.92659e-05 0.000646282 -0.000278981 -0.000338097 -0.0017634 0.000204332 -1.71823e-05 -0.00067557 0.000126509 0.000202022 3.41199e-05 -0.000256941 -3.51396e-05 -0.000577106 -0.00039756
internal_weight=2699 1287 1412 1372 68 48 1304 1005 955 299 279 259 144 115 124 95 69 929 891 48 1253 681 122 559 539 441 843 498 345 323
internal_count=2699 1287 1412 1372 68 48 1304 1005 955 299 279 259 144 115 124 95 69 929 891 48 1253 681 122 559 539 441 843 498 345 323
is_linear=0
shrinkage=0.1


Tree=27
num_leaves=31
num_cat=0
split_feature=9 8 4 4 9 3 3 8 6 7 4 8 8 1 4 6 1 9 4 4 4 10 6 4 10 7 6 3 5 9
split_gain=0.0136286 0.0127791 0.00987929 0.0109473 0.0208143 0.0362324 0.0153676 0.0221199 0.0150519 0.0198122 0.0158237 0.00966862 0.0133974 0.0174578 0.0135404 0.0091609 0.00915626 0.0110151 0.0167647 0.0133427 0.0145151 0.0108799 0.01736 0.00915668 0.00879225 0.0229416 0.0106046 0.00850307 0.0150575 0.0145305
threshold=16.772529602050785 14.667545318603517 10.962353706359865 14.506636619567871 17.546682357788089 20.452512741088871 31.222386360168461 28.274835586547855 26.771781921386722 3.9782803058624272 23.792849540710453 24.278219223022464 22.146557807922367 59.500000000000007 21.080568313598636 23.084135055541996 63.500000000000007 29.466745376586918 24.33077430725098 33.957532882690437 41.76245307922364 38.666725158691413 33.392539978027351 20.963100433349613 33.012157440185554 2.2610681056976323 31.925686836242679 47.11225891113282 44.573024749755866 46.759248733520515
decision_type=2 2 2 2 2 2 2 2 2 2 2 2 2 2 2 2 2 2 2 2 2 2 2 2 2 2 2 2 2 2
left_child=-1 -2 -3 4 -4 -6 7 8 11 -10 -11 12 15 -14 -15 -5 24 23 -19 21 -21 22 -20 -18 -8 -26 -27 28 -28 -29
right_child=1 2 3 6 5 -7 16 -9 9 10 -12 -13 13 14 -16 -17 17 18 19 20 -22 -23 -24 -25 25 26 27 29 -30 -31
leaf_value=0.00022596356748384594 -0.0018089649086932139 0.001629687842602531 0.0016291456376414069 0.00023425092279429538 -0.0055622295010834934 -0.00075811141534159858 -0.0014569945167750122 0.002823946462763894 -0.0034891449523946415 -0.0019322354288306089 0.0020456715114414692 0.0014346599940777637 0.0011775201314996029 -0.0037314341183367142 -0.00080874733553797605 0.0020045089338964319 -0.0010416981903836131 -0.0032326247373462794 0.00093610537548859921 -0.0033318779501838218 -0.00076326840507769675 0.0017967711305783059 -0.0026319030858576297 0.0018839652569073698 0.0033691166003700351 0.0016027652642464842 -0.00041264328080133588 0.0021694155026192744 -0.0034224080853164198 -0.00058436063467194219
leaf_weight=1342 49 30 22 338 20 73 41 31 26 20 20 62 29 23 51 32 20 35 30 33 66 26 25 23 20 29 68 27 22 66
leaf_count=1342 49 30 22 338 20 73 41 31 26 20 20 62 29 23 51 32 20 35 30 33 66 26 25 23 20 29 68 27 22 66
internal_value=5.73801e-13 -0.000223466 -0.00016407 -0.000206177 -0.00113692 -0.00179126 -0.000114144 0.000219054 8.46921e-05 -0.00134014 5.6718e-05 0.000260465 0.000106554 -0.000902146 -0.00171715 0.000387354 -0.000510718 -0.000937871 -0.00123008 -0.0008407 -0.00161947 0.000111131 -0.000685717 0.000523192 -0.000107035 0.000131535 -0.000173897 -0.000455444 -0.00114836 0.000215123
internal_weight=2699 1357 1308 1278 115 93 1163 632 601 66 40 535 473 103 74 370 531 258 215 180 99 81 55 43 273 232 212 183 90 93
internal_count=2699 1357 1308 1278 115 93 1163 632 601 66 40 535 473 103 74 370 531 258 215 180 99 81 55 43 273 232 212 183 90 93
is_linear=0
shrinkage=0.1


Tree=28
num_leaves=31
num_cat=0
split_feature=3 1 10 6 7 7 4 1 7 7 7 7 1 6 9 4 7 9 3 4 3 8 10 9 7 7 5 1 4 3
split_gain=0.011192 0.0110371 0.00859777 0.00745654 0.00628338 0.0146785 0.0178499 0.0107257 0.00943732 0.0133145 0.00976348 0.0128829 0.0130168 0.00864903 0.026878 0.00923534 0.00870873 0.00814178 0.00791844 0.00783493 0.0130143 0.00694811 0.00701152 0.0101644 0.00722428 0.0124789 0.00708467 0.0123282 0.0109008 0.00651301
threshold=15.479907989501955 75.500000000000014 14.730953693389894 80.332885742187514 0.71007290482521068 0.45802962779998785 26.827582359313968 66.500000000000014 1.0463753342628481 1.2382112741470339 3.4853098392486577 4.1531798839569101 47.500000000000007 65.241203308105483 53.134258270263679 41.76245307922364 4.4327471256256112 45.723308563232429 19.765068054199222 15.994225502014162 25.718162536621097 10.270828247070314 18.775638580322269 15.58656692504883 55.027532577514656 44.160062789916999 23.806329727172855 51.500000000000007 32.652412414550788 19.765068054199222
decision_type=2 2 2 2 2 2 2 2 2 2 2 2 2 2 2 2 2 2 2 2 2 2 2 2 2 2 2 2 2 2
left_child=2 3 -1 4 5 6 -2 -7 18 -10 -11 19 -13 14 15 16 -14 21 -6 -12 -21 -18 23 -23 25 26 29 -28 -29 -24
right_child=1 -3 -4 -5 8 7 -8 -9 9 10 11 12 13 -15 -16 -17 17 -19 -20 20 -22 22 24 -25 -26 -27 27 28 -30 -31
leaf_value=0.00016321884298586096 0.0013287371331402525 -0.0021633132848095289 0.001115063516387962 -0.0020443040347890929 -0.00039436295442283161 -0.0031945345705025833 -0.0022742772754281763 -0.00024247743189334872 -0.0022633852603446162 0.00047617880757574007 -0.0032145393884275108 0.0018784716492518784 0.0017207269003847614 0.0016324616914901596 -0.0028606342974534208 0.0019592095246826788 -0.0014124133757182531 -0.0018578632922683404 0.0017927313527586509 0.0010468266368843617 -0.0024410930502673858 0.00010796938200063631 -0.0023558506403457036 0.0023320387568135088 0.00070063534870233894 -0.0020008638007112029 0.0019275108826619662 1.0965192909646049e-05 -0.0018288727962811079 -0.00051417159916819933
leaf_weight=906 44 27 106 20 25 32 20 20 28 273 20 32 24 26 37 21 42 29 49 20 23 86 22 27 79 41 31 403 35 151
leaf_count=906 44 27 106 20 25 32 20 20 28 273 20 32 24 26 37 21 42 29 49 20 23 86 22 27 79 41 31 403 35 151
internal_value=-1.56847e-12 -0.00015772 0.000262918 -0.000125099 -0.000101694 -0.00081117 0.000202795 -0.00205913 -4.76914e-05 -0.000103908 -6.13866e-05 -0.000189111 -0.000108461 -0.000168786 -0.000214343 -0.000115541 -0.000160458 -0.000208183 0.00105385 -0.00157936 -0.000818805 -0.000156013 -9.57053e-05 0.000639384 -0.000204715 -0.000309433 -0.000201413 3.43843e-07 -0.000136054 -0.000748374
internal_weight=2699 1687 1012 1660 1640 116 64 52 1524 1450 1422 1149 1086 1054 1028 991 970 946 74 63 43 917 875 113 762 683 642 469 438 173
internal_count=2699 1687 1012 1660 1640 116 64 52 1524 1450 1422 1149 1086 1054 1028 991 970 946 74 63 43 917 875 113 762 683 642 469 438 173
is_linear=0
shrinkage=0.1


Tree=29
num_leaves=31
num_cat=0
split_feature=9 6 3 10 7 10 8 4 3 7 1 8 7 1 3 5 7 9 10 8 1 3 6 6 7 10 1 1 7 6
split_gain=0.00962298 0.011934 0.00691117 0.00988404 0.00777976 0.00752567 0.0140501 0.0105398 0.00840243 0.00769937 0.0167071 0.013859 0.00986306 0.0112863 0.00938936 0.00835369 0.00746178 0.00692922 0.0171244 0.0102882 0.0149848 0.0101643 0.00717339 0.00790904 0.00734486 0.00685139 0.0126868 0.0196822 0.00611583 0.00514359
threshold=16.772529602050785 16.489495277404789 18.635648727416996 18.459301948547367 0.2232943773269653 20.307590484619144 18.297430992126468 14.340168952941896 21.621900558471683 3.643192052841187 70.500000000000014 24.278219223022464 4.5483465194702157 48.500000000000007 28.626436233520511 22.533796310424808 3.1455354690551762 51.237966537475593 65.386226654052749 40.965095520019538 62.500000000000007 76.739543914794936 39.589262008666999 37.647924423217781 49.619075775146491 27.288399696350101 61.500000000000007 65.500000000000014 0.7795400619506837 34.821418762207038
decision_type=2 2 2 2 2 2 2 2 2 2 2 2 2 2 2 2 2 2 2 2 2 2 2 2 2 2 2 2 2 2
left_child=-1 -2 3 -3 -4 6 7 -6 -7 10 16 -12 14 -14 -11 -15 25 19 -19 22 -21 -20 23 29 -24 28 -27 -28 -10 -17
right_child=1 2 4 -5 5 8 -8 -9 9 12 11 -13 13 15 -16 17 -18 18 21 20 -22 -23 24 -25 -26 26 27 -29 -30 -31
leaf_value=0.00018987461666196783 -0.0026124540006276223 -0.00072424539226900655 -0.0020702002189037475 0.0016860364015092669 -0.0019992655719397591 0.00078729575873646691 -0.003423881823255215 0.0010295164870546649 -0.00026326809766823834 -0.00059474210508845074 -0.0033512504026293761 -3.3765938133001329e-05 0.0014554417352317958 -0.00221015141122853 -0.0032996242599827906 -0.00015611611661047478 0.0025549868849338965 -0.0031472006833480138 0.0013376519925749073 0.0033334633632330227 -0.00049119397853722891 -0.0012726095075985152 -0.0026210986592341214 0.0016180834687835007 -0.00022049650534217317 -0.0014529370165501652 0.0032713432341725346 -0.00081059208519204901 0.0016340865648817272 -0.0014468693664777235
leaf_weight=1342 20 27 22 46 20 95 20 27 23 33 20 34 37 23 21 479 20 28 26 20 21 35 25 24 26 39 21 27 65 33
leaf_count=1342 20 27 22 46 20 95 20 27 23 33 20 34 37 23 21 479 20 28 26 20 21 35 25 24 26 39 21 27 65 33
internal_value=-1.75977e-12 -0.000187776 -0.000151505 0.000794562 -0.000206144 -0.000173125 -0.00120397 -0.000259327 -0.000114345 -0.000193656 0.000294116 -0.00126246 -0.000339811 -0.000248989 -0.00164664 -0.000334211 0.000725169 -0.000274034 -0.00109982 -0.000157004 0.00137449 -0.000160039 -0.000263974 -0.000156142 -0.00139726 0.000516047 -0.000113245 0.000975255 0.00113819 -0.000239309
internal_weight=2699 1357 1337 73 1264 1242 67 47 1175 1080 249 54 831 777 54 740 195 717 89 628 41 61 587 536 51 175 87 48 88 512
internal_count=2699 1357 1337 73 1264 1242 67 47 1175 1080 249 54 831 777 54 740 195 717 89 628 41 61 587 536 51 175 87 48 88 512
is_linear=0
shrinkage=0.1


Tree=30
num_leaves=31
num_cat=0
split_feature=4 4 8 5 8 3 8 6 7 4 9 8 3 9 6 8 3 7 1 7 4 9 9 9 4 10 7 9 8 4
split_gain=0.00831344 0.0131201 0.0339397 0.0155682 0.0110594 0.00961241 0.0197451 0.0107508 0.0145984 0.0127601 0.00940334 0.0178058 0.0106791 0.00907535 0.00777897 0.00776405 0.0118697 0.00924046 0.00654033 0.00854943 0.00862637 0.00865227 0.00852094 0.00811956 0.00785538 0.00761369 0.0188133 0.00810295 0.00834646 0.00948631
threshold=13.11917018890381 14.170979976654055 16.015061855316166 17.271064758300785 18.507039070129398 31.222386360168461 28.274835586547855 26.771781921386722 3.9782803058624272 23.792849540710453 17.908739089965824 14.960207939147949 22.686090469360355 16.772529602050785 26.405796051025394 12.241129875183107 13.616477966308596 3.3095667362213139 63.500000000000007 1.2700294852256777 22.018001556396488 29.879112243652347 29.466745376586918 32.527116775512702 28.394748687744144 33.012157440185554 2.2610681056976323 31.938382148742679 55.64509582519532 40.660638809204109
decision_type=2 2 2 2 2 2 2 2 2 2 2 2 2 2 2 2 2 2 2 2 2 2 2 2 2 2 2 2 2 2
left_child=4 2 3 -2 10 6 7 14 -9 -10 11 13 -12 15 -3 16 -1 -18 25 -20 21 -21 -22 -24 -25 -7 -27 -28 29 -29
right_child=1 5 -4 -5 -6 18 -8 8 9 -11 12 -13 -14 -15 -16 -17 17 -19 19 20 22 -23 23 24 -26 26 27 28 -30 -31
leaf_value=0.00024788426573087364 -0.0017348656471928255 0.00011268377222268484 -0.0037407699280366719 0.0010276470739650084 0.0025117208773735912 -0.001280889170634192 0.0026316048329575892 -0.0030065440465337958 -0.0017488687446166294 0.0018232655711472034 -0.0028961244466093679 0.0025299774482846261 -0.00011133136227726936 -0.0018272487017700614 0.0020275296516377816 0.00071778988887271798 -0.0022805961979819197 -0.00033853098499019664 -0.0027454273216426374 -0.00051698708481600752 0.001596146038112541 -0.0033244742982788014 -0.0023800851422406382 0.0015131950932776644 -0.00057014506781217827 0.0030996829341165722 0.001305815437808633 -0.00036169496648138263 0.0011419846901359659 -0.0026560886984779725
leaf_weight=753 34 595 36 51 20 43 31 26 20 20 21 32 40 23 22 218 28 196 20 23 21 21 21 21 131 20 34 127 30 21
leaf_count=753 34 595 36 51 20 43 31 26 20 20 21 32 40 23 22 218 28 196 20 23 21 21 21 21 131 20 34 127 30 21
internal_value=2.67656e-12 -0.000173115 -0.0011673 -7.7358e-05 0.000177927 -7.66465e-05 0.000163235 5.1201e-05 -0.00116185 3.71984e-05 0.000142324 0.000201487 -0.00107003 0.000140312 0.00018096 0.000178181 5.7777e-05 -0.000581289 -0.000397989 -0.000759643 -0.00059277 -0.00185692 -0.000306055 -0.000536958 -0.000282315 -5.86925e-05 0.000167835 -0.000108754 -0.000378953 -0.000687251
internal_weight=2699 1368 121 85 1331 1247 714 683 66 40 1311 1250 61 1218 617 1195 977 224 533 258 238 44 194 173 152 275 232 212 178 148
internal_count=2699 1368 121 85 1331 1247 714 683 66 40 1311 1250 61 1218 617 1195 977 224 533 258 238 44 194 173 152 275 232 212 178 148
is_linear=0
shrinkage=0.1


Tree=31
num_leaves=31
num_cat=0
split_feature=4 7 4 9 3 8 1 3 6 4 1 4 8 9 4 7 9 4 8 9 10 7 8 4 7 6 6 1 4 4
split_gain=0.00689403 0.0145503 0.00607594 0.00950034 0.00582998 0.0158141 0.00581261 0.00487345 0.00643529 0.00533526 0.00498495 0.011809 0.0151996 0.00928168 0.00545587 0.010131 0.013804 0.00852213 0.00606491 0.0143347 0.00951232 0.0059901 0.00544173 0.00964399 0.00818989 0.0195129 0.0136983 0.011199 0.00651234 0.00832776
threshold=57.426113128662116 10.122266292572023 48.984283447265632 53.134258270263679 5.628373622894288 4.2213339805603036 45.500000000000007 10.165052413940431 8.7536172866821307 5.6950020790100107 68.500000000000014 30.28522872924805 28.886590957641605 28.179731369018558 20.401401519775394 1.1348978877067568 25.760300636291507 18.488919258117679 19.00317478179932 19.014306068420414 17.919202804565433 0.7457185983657838 44.563737869262702 38.598453521728523 10.122266292572023 33.004268646240241 30.115177154541019 62.500000000000007 25.303483963012699 19.311642646789554
decision_type=2 2 2 2 2 2 2 2 2 2 2 2 2 2 2 2 2 2 2 2 2 2 2 2 2 2 2 2 2 2
left_child=2 -2 3 4 -1 -6 -7 9 -9 -8 22 12 13 14 17 -16 -17 18 19 20 21 -12 23 24 25 26 28 -27 29 -10
right_child=1 -3 -4 -5 5 6 7 8 10 -11 11 -13 -14 -15 15 16 -18 -19 -20 -21 -22 -23 -24 -25 -26 27 -28 -29 -30 -31
leaf_value=0.00077549786156400893 -0.0032525812461972241 0.00022955626365728677 0.0014370113386151691 -0.0021126701385669766 -0.0026170078057633794 0.0011309148323641199 -0.00017080524502940351 -0.001564858206880412 0.00027446789246899549 0.00067404838631031534 0.00067794476768800191 -0.00203260360033931 0.0020822858512734195 -0.0019606510668381816 -0.0010172013533659853 0.0030694764126092196 -0.00028809407679849153 -0.0020689111185708533 0.0013841085040687839 -0.0022651051028386815 0.00085583804274823425 -0.00078899317518602507 0.0013825096047124438 -0.0018163150575544154 -0.00026972902571479929 0.003699267671133081 -0.0022908227477708588 0.00073042701308925946 0.0016545683514840644 -0.000512756670544083
leaf_weight=99 20 30 30 21 23 46 119 28 744 201 35 37 28 32 26 25 24 27 22 34 76 136 30 28 511 24 23 27 29 164
leaf_count=99 20 30 30 21 23 46 119 28 744 201 35 37 28 32 26 25 24 27 22 34 76 136 30 28 511 24 23 27 29 164
internal_value=4.18964e-12 -0.0011633 2.19573e-05 5.74823e-06 2.28717e-05 -6.94422e-06 1.73011e-05 -3.77963e-06 -5.89301e-05 0.000359868 -3.86774e-05 -0.000313193 -0.00017638 -0.0003211 -0.000191555 0.000578339 0.00142495 -0.000366531 -0.000214833 -0.000340017 -7.50256e-05 -0.000488743 4.85421e-05 2.27233e-05 5.65558e-05 0.000221473 0.000120214 0.00212753 0.000179396 0.000132282
internal_weight=2699 50 2649 2619 2598 2499 2476 2430 2110 320 2082 502 465 437 405 75 49 330 303 281 247 171 1580 1550 1522 1011 960 51 937 908
internal_count=2699 50 2649 2619 2598 2499 2476 2430 2110 320 2082 502 465 437 405 75 49 330 303 281 247 171 1580 1550 1522 1011 960 51 937 908
is_linear=0
shrinkage=0.1


Tree=32
num_leaves=31
num_cat=0
split_feature=1 7 6 3 5 8 4 8 9 7 7 7 6 4 3 3 1 8 4 1 7 3 1 7 9 7 4 8 8 8
split_gain=0.00609671 0.00927937 0.00608959 0.00462933 0.00631382 0.006262 0.00442092 0.00616381 0.00718642 0.00468327 0.0222399 0.0157973 0.0121376 0.00943193 0.0146724 0.0176615 0.00759374 0.00746621 0.00934222 0.00572492 0.0053615 0.00426437 0.00424534 0.00623117 0.0100969 0.00602433 0.00564273 0.0079587 0.00465352 0.00898657
threshold=74.500000000000014 2.8761054277420048 80.332885742187514 10.165052413940431 11.723321914672853 5.5731048583984384 5.2554941177368173 9.2525954246521014 10.439485073089601 22.4524040222168 20.647258758544922 19.29579067230225 54.259517669677741 40.660638809204109 41.496656417846687 38.364452362060554 65.500000000000014 33.142192840576179 29.852449417114261 48.500000000000007 0.20486629009246823 11.537270069122316 70.500000000000014 55.027532577514656 48.929912567138679 44.160062789916999 31.235956192016605 29.239522933959964 26.592298507690437 19.832877159118656
decision_type=2 2 2 2 2 2 2 2 2 2 2 2 2 2 2 2 2 2 2 2 2 2 2 2 2 2 2 2 2 2
left_child=2 -2 3 4 -1 -5 -7 8 21 10 11 12 13 14 15 17 -15 18 20 -11 -9 -8 23 25 28 26 27 -21 29 -25
right_child=1 -3 -4 5 -6 6 7 9 -10 19 -12 -13 -14 16 -16 -17 -18 -19 -20 22 -22 -23 -24 24 -26 -27 -28 -29 -30 -31
leaf_value=0.0002228571161569703 0.00050911197322420774 -0.0020438578034684594 -0.0017158434481825682 -0.0017857745883520693 0.0016602699687196451 0.0010468944083326139 -0.0012580318236723542 0.0011673385901799934 -0.0020615922091140721 0.001289019842321674 0.0026967500863975149 -0.0024597800699993969 0.0019714717555678256 -0.0027913333227237067 0.0022270820779545656 -0.0024146579270218982 -6.8661647383123629e-05 0.0016661719643864138 -0.0017970260448270927 -0.00064597833531422058 4.5547553240577973e-05 0.00019429680086754925 0.00066450899660897749 0.0015109909892392656 -0.0014864164276112771 -0.0019538306305184961 -0.0018711651874972241 0.0014769572165927716 0.0016239432098927864 -0.0013810883572494444
leaf_weight=413 24 35 20 20 33 39 30 44 30 21 32 25 33 21 31 29 20 29 27 111 1344 62 33 21 29 40 28 21 32 22
leaf_count=413 24 35 20 20 33 39 30 44 30 21 32 25 33 21 31 29 20 29 27 111 1344 62 33 21 29 40 28 21 32 22
internal_value=2.75241e-13 -0.00100536 2.24683e-05 3.57379e-05 0.000329213 -2.4469e-05 -8.11523e-06 -2.75693e-05 -0.00071756 1.4668e-05 8.63984e-05 3.42891e-05 7.38022e-05 3.32695e-05 7.40642e-05 2.87529e-05 -0.0014632 7.78242e-05 4.52715e-05 -0.000312928 8.11087e-05 -0.000279289 -0.000412752 -0.000529692 9.8144e-05 -0.000856167 -0.000581751 -0.000308239 0.000710841 3.13225e-05
internal_weight=2699 59 2640 2620 446 2174 2154 2115 122 1993 1635 1603 1578 1545 1504 1473 41 1444 1415 358 1388 92 337 304 104 200 160 132 75 43
internal_count=2699 59 2640 2620 446 2174 2154 2115 122 1993 1635 1603 1578 1545 1504 1473 41 1444 1415 358 1388 92 337 304 104 200 160 132 75 43
is_linear=0
shrinkage=0.1


Tree=33
num_leaves=31
num_cat=0
split_feature=4 7 4 9 3 8 1 3 9 3 7 1 4 8 9 8 4 4 9 7 7 6 6 9 1 9 4 6 6 8
split_gain=0.00545537 0.0129158 0.00483969 0.00667681 0.00433098 0.012389 0.00431475 0.00362184 0.00619067 0.00494894 0.00414114 0.00397353 0.0094315 0.0126822 0.00772842 0.00545512 0.00653972 0.00599171 0.00970303 0.0101648 0.00890977 0.00711959 0.0168455 0.00826406 0.00896634 0.00818543 0.0154239 0.0110715 0.0116022 0.00961732
threshold=57.426113128662116 10.122266292572023 48.984283447265632 53.134258270263679 5.628373622894288 4.2213339805603036 45.500000000000007 8.7348480224609393 8.3929567337036151 10.880730628967287 0.66244179010391246 68.500000000000014 30.28522872924805 28.571767807006839 28.179731369018558 44.563737869262702 38.598453521728523 33.289611816406257 35.489023208618171 49.619075775146491 7.8356623649597177 33.004268646240241 31.925686836242679 29.619688987731937 62.500000000000007 28.01779937744141 24.33077430725098 27.702079772949222 26.771781921386722 22.974575042724613
decision_type=2 2 2 2 2 2 2 2 2 2 2 2 2 2 2 2 2 2 2 2 2 2 2 2 2 2 2 2 2 2
left_child=2 -2 3 4 -1 -6 -7 -8 -9 10 -10 15 13 14 -13 16 17 18 21 -20 -19 22 23 25 -25 27 -27 28 29 -11
right_child=1 -3 -4 -5 5 6 7 8 9 11 -12 12 -14 -15 -16 -17 -18 20 19 -21 -22 -23 -24 24 -26 26 -28 -29 -30 -31
leaf_value=0.00066811355639888792 -0.0030032588914036752 0.00027746518220131601 0.0012824494546900193 -0.0017708677177627882 -0.0023164604304601317 0.00097464244362250305 0.00042106911805408299 -0.00086025865388034042 -7.8235464801980283e-05 -2.7587337345187072e-05 0.0010148703256466737 -0.00018564432802616602 -0.0018275573031624427 0.001856125213189757 -0.0018255196725799434 0.0013699601663392969 -0.0015058626146388374 0.0026154863478785213 -0.002209464306584918 0.000406197713164147 -0.00014382643625140192 0.0013077576353680343 -0.0025563828893937174 0.0021742420931774621 -0.00034006541675847513 -0.003203077366660265 0.00054148789071901276 0.0020990380829271791 -0.0022111265535425884 0.001055374621966948
leaf_weight=99 20 30 30 21 23 46 186 88 59 1043 84 394 37 29 31 30 28 22 39 24 25 44 25 37 23 22 22 26 23 89
leaf_count=99 20 30 30 21 23 46 186 88 59 1043 84 394 37 29 31 30 28 22 39 24 25 44 25 37 23 22 22 26 23 89
internal_value=-2.68845e-12 -0.00103482 1.95324e-05 5.06595e-06 1.94211e-05 -6.27743e-06 1.51823e-05 -2.98035e-06 -3.81288e-05 -4.57252e-06 0.000563869 -4.49536e-05 -0.000292316 -0.000167197 -0.000305259 3.48459e-05 8.0004e-06 3.69541e-05 1.09889e-07 -0.00121302 0.00114777 5.65554e-05 1.45303e-05 6.45481e-05 0.00121042 8.42356e-06 -0.00133079 5.83182e-05 1.23799e-05 5.75572e-05
internal_weight=2699 50 2649 2619 2598 2499 2476 2430 2244 2156 143 2013 491 454 425 1522 1492 1464 1417 63 47 1354 1310 1285 60 1225 44 1181 1155 1132
internal_count=2699 50 2649 2619 2598 2499 2476 2430 2244 2156 143 2013 491 454 425 1522 1492 1464 1417 63 47 1354 1310 1285 60 1225 44 1181 1155 1132
is_linear=0
shrinkage=0.1


Tree=34
num_leaves=31
num_cat=0
split_feature=1 6 7 7 9 8 5 10 7 10 6 3 6 4 3 8 7 3 8 6 7 7 5 3 8 3 8 4 9 7
split_gain=0.00494362 0.0046617 0.00356057 0.0116634 0.00815954 0.00586416 0.00552387 0.0153267 0.0109971 0.00896701 0.0133108 0.00882549 0.00827617 0.00549224 0.0132534 0.012346 0.00452504 0.00450228 0.00395269 0.00620794 0.00351218 0.00421838 0.0222632 0.00490856 0.0113521 0.00590649 0.00525998 0.00909254 0.00747808 0.00701108
threshold=75.500000000000014 80.332885742187514 42.379907608032234 55.027532577514656 43.293130874633796 44.563737869262702 52.863252639770515 45.740594863891609 12.227939605712892 41.06120681762696 35.479139328002937 43.210210800170906 33.981397628784187 27.686420440673832 32.336433410644538 28.886590957641605 13.20496702194214 34.41467475891114 26.592298507690437 26.203963279724125 0.47867316007614141 0.68739992380142223 19.314909934997562 5.628373622894288 5.6709382534027108 11.179746627807619 12.241129875183107 10.962353706359865 14.077935695648193 14.502822399139406
decision_type=2 2 2 2 2 2 2 2 2 2 2 2 2 2 2 2 2 2 2 2 2 2 2 2 2 2 2 2 2 2
left_child=1 2 6 17 18 -6 7 9 -8 10 12 -11 13 15 -15 20 -9 -4 19 -5 -1 22 -22 -23 -25 -26 28 29 -27 -28
right_child=-2 -3 3 4 5 -7 8 16 -10 11 -12 -13 -14 14 -16 -17 -18 -19 -20 -21 21 23 -24 24 25 26 27 -29 -30 -31
leaf_value=0.0003898288813113833 -0.0012555480946414923 -0.0015063911944162101 -0.00066081108275933993 0.001256603035144508 -0.0017192282026723749 0.00047707372461445628 -0.00032473146805868429 -0.0008904213803665093 0.0022186729730011021 0.0028957337839528919 -0.0018163874488029827 0.00014950270205736161 0.0018802402149885893 0.00060186472336023024 -0.002421419839184041 0.002331749830530801 -0.0029270745092071595 -0.0024239655782002955 0.0018032508268952371 -0.00087705322779947897 0.00014138408054254557 0.0012320177259800189 -0.0031610819654395946 -0.0011446462487219834 0.00057329031484326925 -0.00016917947550453913 0.0016691679707802243 1.9859725994142781e-05 -0.0016640914644970484 3.4882567092103679e-05
leaf_weight=268 31 20 28 30 31 20 34 24 34 22 38 25 25 29 29 24 20 30 25 25 95 34 26 80 208 350 63 949 37 45
leaf_count=268 31 20 28 30 31 20 34 24 34 22 38 25 25 29 29 24 20 30 25 25 95 34 26 80 208 350 63 949 37 45
internal_value=-2.40263e-13 1.45885e-05 2.60762e-05 -0.000392186 0.000130522 -0.000857933 5.82241e-05 3.29482e-05 0.000946971 6.76143e-05 3.96726e-05 0.00143497 7.08531e-05 5.06319e-05 -0.000909778 7.61959e-05 -0.00181617 -0.00157279 0.000760663 0.000286759 5.1076e-05 2.96482e-06 -0.000568237 4.21015e-05 1.87429e-05 7.50813e-05 3.31716e-06 0.000118802 -0.000312104 0.000988216
internal_weight=2699 2668 2648 189 131 51 2459 2391 68 2347 2300 47 2262 2237 58 2179 44 58 80 55 2155 1887 121 1766 1732 1652 1444 1057 387 108
internal_count=2699 2668 2648 189 131 51 2459 2391 68 2347 2300 47 2262 2237 58 2179 44 58 80 55 2155 1887 121 1766 1732 1652 1444 1057 387 108
is_linear=0
shrinkage=0.1


Tree=35
num_leaves=31
num_cat=0
split_feature=4 4 4 1 1 5 4 8 4 6 8 6 8 1 8 8 6 7 4 6 8 8 6 10 8 9 10 9 5 6
split_gain=0.00441304 0.0127927 0.0126142 0.0106644 0.00754339 0.00576362 0.0139544 0.00674826 0.00469013 0.00297761 0.009967 0.00728493 0.00520845 0.0119856 0.0183065 0.00825855 0.00516265 0.00498177 0.00475585 0.00455812 0.0112321 0.0139439 0.00982101 0.00750018 0.00763006 0.0123651 0.00500718 0.00922231 0.00593806 0.0102807
threshold=34.545497894287116 36.865966796875007 33.289611816406257 60.500000000000007 56.500000000000007 51.564392089843757 46.049480438232429 65.842441558837905 32.164999008178718 39.589262008666999 33.142192840576179 35.048412322998054 28.886590957641605 63.500000000000007 30.81879806518555 27.953382492065433 41.903224945068366 15.684806823730471 25.303483963012699 25.56931304931641 23.243500709533695 22.146557807922367 23.975524902343754 27.917815208435062 24.611333847045902 26.212641716003422 26.588574409484867 21.664365768432621 25.19511699676514 22.040240287780765
decision_type=2 2 2 2 2 2 2 2 2 2 2 2 2 2 2 2 2 2 2 2 2 2 2 2 2 2 2 2 2 2
left_child=2 -2 8 4 -3 -5 -7 -8 9 10 11 12 15 17 -15 18 -11 -14 19 20 21 22 26 -21 25 -25 28 -28 29 -1
right_child=1 3 -4 5 -6 6 7 -9 -10 16 -12 -13 13 14 -16 -17 -18 -19 -20 23 -22 -23 -24 24 -26 -27 27 -29 -30 -31
leaf_value=6.2957794044357285e-05 -0.0023558321269229058 -0.00016335713142460144 0.0025375020764477085 -0.001734079962064113 0.0021792737268177525 0.0020920489048148741 -0.00015109017809950993 -0.0023518284698101611 -0.0015091762389056384 -0.0019714750745333733 0.0021148478065657872 -0.001877365469990764 -0.0012764192167669536 0.0040041301865130661 -0.00017610472976230086 -0.0016665139996270039 0.00022532974329331646 0.00084103078377665945 0.0012422546824382152 -0.0018350895786170441 0.0015264345595485294 -0.0015320502346315022 0.0022732653561979531 0.00051945357990916823 0.00035182316194881094 -0.002089787597980744 0.00065321048975668181 -0.0020238951239134034 0.00087959082762378903 -0.0019405444445370588
leaf_weight=1716 30 27 20 35 28 20 38 22 20 20 23 20 25 22 20 29 23 20 32 32 51 56 20 32 110 42 22 31 87 26
leaf_count=1716 30 27 20 35 28 20 38 22 20 20 23 20 25 22 20 29 23 20 32 32 51 56 20 32 110 42 22 31 87 26
internal_value=-4.97813e-13 -0.000451997 3.61742e-05 -0.000116026 0.00102925 -0.000663769 -0.000195508 -0.000958028 1.59941e-05 2.83989e-05 4.30794e-05 2.31669e-05 3.91848e-05 0.000798608 0.00201354 1.02829e-05 -0.00079644 -0.00033533 3.18279e-05 1.44195e-05 6.13511e-05 2.31901e-05 6.89806e-05 -0.000422087 -0.000176348 -0.000961467 4.55556e-05 -0.000912644 7.33219e-05 3.30548e-05
internal_weight=2699 200 2499 170 55 115 80 60 2479 2459 2416 2393 2373 87 42 2286 43 45 2257 2225 2009 1958 1902 216 184 74 1882 53 1829 1742
internal_count=2699 200 2499 170 55 115 80 60 2479 2459 2416 2393 2373 87 42 2286 43 45 2257 2225 2009 1958 1902 216 184 74 1882 53 1829 1742
is_linear=0
shrinkage=0.1


Tree=36
num_leaves=31
num_cat=0
split_feature=1 3 3 9 5 8 7 3 5 5 7 7 9 8 7 7 5 5 10 10 6 3 7 7 1 1 7 5 3 4
split_gain=0.00412301 0.00347165 0.0112154 0.0083632 0.00812847 0.00587327 0.00714325 0.00532738 0.0157579 0.00520344 0.00392909 0.00602787 0.00484431 0.00939313 0.00481967 0.00435248 0.00365504 0.0158474 0.00884659 0.0157186 0.010094 0.00879271 0.00936691 0.00988775 0.00849712 0.0103081 0.00814628 0.0078598 0.00675054 0.00562091
threshold=75.500000000000014 23.465167999267582 23.681021690368656 18.003664970397953 24.924928665161136 18.030925750732425 35.552099227905281 24.071063995361332 24.924928665161136 25.765750885009773 9.6538262367248553 10.793007850646974 16.969785690307621 12.322328090667726 17.816938400268558 8.7734293937683123 26.584615707397464 27.108551979064945 27.917815208435062 26.756295204162605 25.56931304931641 29.702499389648441 0.60368767380714428 2.1626425981521611 68.500000000000014 59.500000000000007 3.2023737430572514 30.397915840148929 30.897233009338382 15.120884418487551
decision_type=2 2 2 2 2 2 2 2 2 2 2 2 2 2 2 2 2 2 2 2 2 2 2 2 2 2 2 2 2 2
left_child=1 4 -3 -4 10 6 -5 -7 -9 -10 15 -12 13 -13 -14 -1 -11 -18 19 -19 -21 24 -23 -24 25 -20 -25 -28 -29 -30
right_child=-2 2 3 5 -6 7 -8 8 9 16 11 12 14 -15 -16 -17 17 18 21 20 -22 22 23 26 -26 -27 27 28 29 -31
leaf_value=0.00010583698441991121 -0.0011466157413451584 -0.0023680049592671409 0.0014799414850131143 -0.002485657372997831 0.0019279513197640579 0.0013928364659174502 -0.00018992552065879643 -0.0028917024476686494 0.0013696242254227402 -0.0010271684278995964 -0.001786674181406852 -0.00032272018848606473 -0.0020962315971370447 0.0015468641255413078 -3.0242060099474409e-06 0.0012347458801897509 0.0025386292006536995 0.00090952377261904391 0.00050358281091407496 -0.0008908781742390532 -0.003801294614095241 -0.0021632803498174659 0.0013799943389709701 -0.0020205552173454479 -0.00054167057286300091 0.0034576433112046552 -0.0019914562076640626 0.0016197227853505564 0.0013907569382960597 -0.00018043416014545794
leaf_weight=1410 31 22 33 23 24 24 33 20 25 40 25 106 22 36 22 35 23 24 27 26 22 22 44 23 23 21 21 24 24 444
leaf_count=1410 31 22 33 23 24 24 33 20 25 40 25 106 22 36 22 35 23 24 27 26 22 22 44 23 23 21 21 24 24 444
internal_value=2.31549e-12 1.33227e-05 -0.000135425 -8.45799e-05 0.000100801 -0.000139917 -0.00113282 -7.6516e-05 -0.000117858 -5.12588e-05 7.43204e-05 -0.000328776 -0.000132822 0.000151259 -0.00104963 0.000133181 -9.52218e-05 -4.66829e-05 -0.000126498 -0.00118004 -0.00222482 -1.37863e-05 -0.000137919 -6.10946e-05 0.00103872 0.00179598 -0.000179393 -9.68457e-05 -1.59782e-05 -9.98603e-05
internal_weight=2699 2668 988 966 1680 933 56 877 853 833 1656 211 186 142 44 1445 808 768 745 72 48 673 602 580 71 48 536 513 492 468
internal_count=2699 2668 988 966 1680 933 56 877 853 833 1656 211 186 142 44 1445 808 768 745 72 48 673 602 580 71 48 536 513 492 468
is_linear=0
shrinkage=0.1


Tree=37
num_leaves=31
num_cat=0
split_feature=4 7 4 9 6 4 1 7 7 3 3 7 7 8 4 9 6 4 5 3 9 4 7 9 1 6 8 9 5 1
split_gain=0.00354129 0.00988779 0.00380414 0.00549033 0.00378408 0.00599477 0.00455684 0.00455373 0.00347982 0.0109883 0.0100132 0.00707759 0.00973759 0.00528915 0.00574013 0.00444137 0.00897487 0.00443889 0.00495816 0.00930726 0.0105225 0.00760538 0.0097768 0.00677396 0.00996577 0.00504662 0.00439332 0.00602722 0.010383 0.00432518
threshold=57.426113128662116 10.122266292572023 48.984283447265632 51.237966537475593 47.964429855346687 38.598453521728523 48.500000000000007 1.6733456254005434 18.508046150207523 41.496656417846687 38.364452362060554 20.647258758544922 22.4524040222168 33.142192840576179 29.852449417114261 15.407477378845217 17.931398391723636 10.962353706359865 28.375495910644535 33.315364837646491 25.456002235412601 24.49715614318848 49.619075775146491 28.353727340698246 61.500000000000007 37.647924423217781 28.886590957641605 28.179731369018558 31.357978820800785 66.500000000000014
decision_type=2 2 2 2 2 2 2 2 2 2 2 2 2 2 2 2 2 2 2 2 2 2 2 2 2 2 2 2 2 2
left_child=2 -2 3 4 5 6 7 -1 9 10 13 29 -13 14 26 -14 -17 -18 -19 20 -20 23 25 -21 -25 -23 27 -8 -29 -10
right_child=1 -3 -4 -5 -6 -7 8 -9 11 -11 -12 12 15 -15 -16 16 17 18 19 21 -22 22 -24 24 -26 -27 -28 28 -30 -31
leaf_value=-0.00032150598585997756 -0.0025560548808425667 0.0003144542422766487 0.0011354177600393694 -0.001342133713575701 0.0013554058192918699 -0.0012227920839228692 5.6962150879839121e-05 0.00097772389768011948 -0.00046976615907624365 0.0022704788039184429 -0.0020511465896244931 0.0014742604919079254 0.00073577749483067444 0.0013880405391381797 -0.0014204037539591943 -0.0022928198784939015 0.0010881717909466137 -0.0017588022965355776 -0.00020905291166855024 -0.00017021968162485532 0.0027148987236432732 0.00033766097621992233 0.0017353237825445832 -0.0037208041998383124 -0.00087524792616022751 -0.00190880723122973 0.0010984107016179807 -0.0028230449417605999 4.8420032458927704e-05 -0.0025245658741498899
leaf_weight=38 20 30 30 30 21 39 1819 93 20 22 23 34 36 29 27 24 22 24 32 35 20 20 25 20 32 20 39 20 34 21
leaf_count=38 20 30 30 30 21 39 1819 93 20 22 23 34 36 29 27 24 22 24 32 35 20 20 25 20 32 20 39 20 34 21
internal_value=-1.12772e-12 -0.000833749 1.57371e-05 2.91139e-06 1.84971e-05 7.56442e-06 2.65379e-05 0.000600848 -4.83602e-06 4.7846e-05 2.32865e-05 -0.000280288 -0.000132266 4.75304e-05 2.74815e-05 -0.000308466 -0.000445666 -0.000268339 -0.00039923 -0.000239281 0.000915544 -0.000634352 0.000184003 -0.00124577 -0.00196969 -0.000785573 4.79276e-05 2.60542e-05 -0.00101509 -0.00152222
internal_weight=2699 50 2649 2619 2589 2568 2529 131 2398 2013 1991 385 344 1968 1939 310 274 250 228 204 52 152 65 87 52 40 1912 1873 54 41
internal_count=2699 50 2649 2619 2589 2568 2529 131 2398 2013 1991 385 344 1968 1939 310 274 250 228 204 52 152 65 87 52 40 1912 1873 54 41
is_linear=0
shrinkage=0.1


Tree=38
num_leaves=31
num_cat=0
split_feature=3 8 7 7 7 6 4 9 5 7 5 7 9 6 10 6 6 4 3 8 9 1 6 6 1 6 8 8 1 9
split_gain=0.00328281 0.00448459 0.00316205 0.00747046 0.0061934 0.00725324 0.00618038 0.00947449 0.00526088 0.0133914 0.0111146 0.00513213 0.00419859 0.00794804 0.00473882 0.00752506 0.00606626 0.00433808 0.00989465 0.00837041 0.00357608 0.00752695 0.00466188 0.0130535 0.0108843 0.0100061 0.00459498 0.00891392 0.0113439 0.00949357
threshold=76.739543914794936 75.771553039550795 123.35581588745119 83.128631591796889 42.379907608032234 25.878905296325687 20.64978122711182 42.234256744384773 52.863252639770515 12.227939605712892 49.683567047119148 52.387962341308601 42.912139892578132 39.982738494873054 40.698335647583015 35.479139328002937 33.981397628784187 27.686420440673832 32.336433410644538 28.886590957641605 29.466745376586918 64.500000000000014 27.383481979370121 26.771781921386722 62.500000000000007 26.531745910644535 24.278219223022464 22.146557807922367 58.500000000000007 24.285367965698246
decision_type=2 2 2 2 2 2 2 2 2 2 2 2 2 2 2 2 2 2 2 2 2 2 2 2 2 2 2 2 2 2
left_child=2 -2 3 4 8 11 -7 -8 10 -10 12 -6 13 14 15 16 17 19 -19 20 22 -22 23 25 -24 26 27 -1 -29 -30
right_child=1 -3 -4 -5 5 6 7 -9 9 -11 -12 -13 -14 -15 -16 -17 -18 18 -20 -21 21 -23 24 -25 -26 -27 -28 28 29 -31
leaf_value=5.4082621667711248e-05 -0.0019580298429355027 0.00015965421684086326 -0.00095925543758891183 0.0016805587250187442 -0.00081942288185625023 -0.0027493535160002386 0.00054720971204985224 -0.0023478347714990379 -0.00037739071477618487 0.0024833194709693394 -0.0023296020433190281 0.0012278292644768954 0.0011938355803009003 -0.0018694075946272773 0.0013573705080758645 -0.0015758742831229909 0.0015943465381860736 0.0004804892272784792 -0.0021317697314802426 0.0019078380321540561 0.00021895656497993815 -0.0022494932148782983 -0.00061093740495702915 -0.002204835741297127 0.0018354451701849362 0.0022758365189656615 0.00097461037104949364 0.00095201812312006948 -0.00042051508149597798 -0.0026277082347262067
leaf_weight=1855 20 20 33 27 24 22 26 20 36 30 20 25 31 22 27 29 25 29 29 24 30 21 31 26 44 20 50 25 40 38
leaf_count=1855 20 20 33 27 24 22 26 20 36 30 20 25 31 22 27 29 25 29 29 24 30 21 31 26 44 20 50 25 40 38
internal_value=-9.39688e-13 -0.000899188 1.35267e-05 2.57513e-05 8.56016e-06 -0.00070244 -0.00137081 -0.000711505 4.20763e-05 0.000922932 1.80132e-05 0.000225094 3.76093e-05 2.24537e-05 4.02176e-05 2.48622e-05 4.51601e-05 2.80383e-05 -0.00082564 5.05035e-05 3.00558e-05 -0.000797464 4.98789e-05 2.16026e-05 0.000824274 5.01467e-05 2.79784e-05 3.80501e-06 -0.00090168 -0.00149581
internal_weight=2699 40 2659 2626 2599 117 68 46 2482 66 2416 49 2396 2365 2343 2316 2287 2262 58 2204 2180 51 2129 2054 75 2028 2008 1958 103 78
internal_count=2699 40 2659 2626 2599 117 68 46 2482 66 2416 49 2396 2365 2343 2316 2287 2262 58 2204 2180 51 2129 2054 75 2028 2008 1958 103 78
is_linear=0
shrinkage=0.1


Tree=39
num_leaves=31
num_cat=0
split_feature=6 6 9 4 9 6 4 1 7 3 1 1 6 3 6 8 9 1 5 6 4 3 8 4 6 8 8 6 9 6
split_gain=0.00317328 0.00519684 0.00836565 0.00464222 0.00661974 0.00333896 0.00479488 0.00370936 0.00369798 0.00300861 0.00294464 0.00601491 0.0049048 0.00685773 0.0033349 0.00378911 0.00395121 0.00861183 0.00514732 0.00433854 0.00348508 0.00711457 0.00682412 0.00388095 0.00752481 0.00726717 0.0104183 0.00718875 0.00952149 0.0135184
threshold=80.332885742187514 68.500106811523452 62.949447631835945 48.984283447265632 51.237966537475593 47.964429855346687 38.598453521728523 48.500000000000007 20.647258758544922 20.848212242126468 50.500000000000007 51.500000000000007 20.451813697814945 13.295501708984377 42.810081481933601 37.09680366516114 35.489023208618171 65.500000000000014 41.718050003051765 33.981397628784187 27.686420440673832 32.336433410644538 28.886590957641605 23.792849540710453 25.56931304931641 23.243500709533695 22.146557807922367 26.203963279724125 28.179731369018558 27.383481979370121
decision_type=2 2 2 2 2 2 2 2 2 2 2 2 2 2 2 2 2 2 2 2 2 2 2 2 2 2 2 2 2 2
left_child=1 2 3 4 5 6 7 8 9 -1 12 -12 13 -9 15 16 19 18 -18 20 22 -22 23 24 25 26 -13 -26 29 -29
right_child=-2 -3 -4 -5 -6 -7 -8 10 -10 -11 11 14 -14 -15 -16 -17 17 -19 -20 -21 21 -23 -24 -25 27 -27 -28 28 -30 -31
leaf_value=0.00053256073321487451 -0.0012549432530067862 0.0016153019899502398 -0.0020402005012147128 0.0013971679455911121 -0.0015876588597445965 0.0012717898225500471 -0.0010946574650752621 -5.2845512982457876e-05 0.0015835813039706812 -0.00083216352271847432 0.0012446038705559498 2.8450061550996085e-05 0.00038215128739398942 -0.0026715730369323864 -0.0012621962598391944 0.0011201952289169035 -0.0027991223071876449 0.0005626691580419579 -0.00064677836664486679 0.0011515625172195899 0.00045091458596289161 -0.0018954283990232008 0.0017292814025574406 0.00055904761026387612 -0.0023786448873579502 0.0013321207904415887 -0.0013822096171443937 -0.00070384497563022062 -0.0014254190190695227 0.0025552316382527352
leaf_weight=84 20 20 20 24 26 21 39 20 27 20 39 1718 27 20 21 30 20 31 25 33 24 28 23 116 23 41 54 35 50 20
leaf_count=84 20 20 20 24 26 21 39 20 27 20 39 1718 27 20 21 30 20 31 25 33 24 28 23 116 23 41 54 35 50 20
internal_value=8.66092e-13 9.36874e-06 -2.71048e-06 1.27309e-05 2.47828e-08 1.59691e-05 5.69951e-06 2.26682e-05 0.000540828 0.000270114 -5.63825e-06 1.31488e-05 -0.000659258 -0.00136221 -7.80532e-06 3.79407e-06 -1.11511e-05 -0.000719857 -0.00160338 1.37273e-05 -3.88459e-06 -0.000812501 1.63308e-05 -2.82225e-06 -3.64013e-05 1.59155e-05 -1.45384e-05 -0.00077742 -0.000426675 0.000481274
internal_weight=2699 2679 2659 2639 2615 2589 2568 2529 131 104 2398 2331 67 40 2292 2271 2241 76 45 2165 2132 52 2080 2057 1941 1813 1772 128 105 55
internal_count=2699 2679 2659 2639 2615 2589 2568 2529 131 104 2398 2331 67 40 2292 2271 2241 76 45 2165 2132 52 2080 2057 1941 1813 1772 128 105 55
is_linear=0
shrinkage=0.1


Tree=40
num_leaves=31
num_cat=0
split_feature=1 6 10 3 6 10 10 10 3 8 7 6 10 4 6 8 1 8 7 7 5 7 3 7 9 3 8 3 7 8
split_gain=0.00340317 0.00262597 0.00378676 0.00822727 0.00827207 0.00475425 0.00325638 0.00490529 0.00946361 0.00455845 0.00798904 0.00573077 0.0104782 0.00446165 0.00256216 0.00745486 0.0144992 0.0062007 0.00338812 0.00384063 0.0216902 0.00560368 0.0106784 0.00791469 0.00506603 0.00681635 0.00684757 0.00598219 0.0100848 0.00592379
threshold=75.500000000000014 80.332885742187514 71.602279663085952 65.218120574951186 54.259517669677741 53.657371520996101 50.470651626586921 45.740594863891609 48.14656066894532 36.447523117065437 3.3914792537689213 35.479139328002937 40.698335647583015 31.235956192016605 33.627820968627937 28.886590957641605 63.500000000000007 27.953382492065433 0.47867316007614141 0.7555484175682069 21.404868125915531 1.0463753342628481 19.765068054199222 1.1348978877067568 5.0904650688171396 7.0532796382904062 7.2844197750091562 12.402045249938967 3.5441882610321049 11.385298252105715
decision_type=2 2 2 2 2 2 2 2 2 2 2 2 2 2 2 2 2 2 2 2 2 2 2 2 2 2 2 2 2 2
left_child=1 2 3 4 5 6 7 9 -9 11 -11 13 -13 14 15 17 -17 18 -1 20 -20 22 -21 -23 -25 -26 -27 28 -28 -29
right_child=-2 -3 -4 -5 -6 -7 -8 8 -10 10 -12 12 -14 -15 -16 16 -18 -19 19 21 -22 23 -24 24 25 26 27 29 -30 -31
leaf_value=0.00035566549904274752 -0.0010417235444390004 -0.0011294488818384709 0.0011774948949875711 -0.0020120907248929142 0.0020005854966473721 -0.00111757829042806 0.0010598790544706087 -0.0025854676063837754 0.00020196768374920921 -0.00055095565505325795 0.0020469973891459664 -0.0028116315815714188 0.00025926433457061654 0.0015208642883226275 -0.00084085875492104711 -0.00033998270660187262 0.0026975775354852283 -0.001531805730281541 -9.7232847999697352e-06 0.00016726763585770351 -0.0033355823849611312 -0.0016714074215370006 0.002297787950374186 -0.0015479575221737226 0.0013212657258965268 -0.00073029516285729303 0.00016968767602174056 -0.00052044026170971981 0.0019922075839713216 6.4807079212889047e-05
leaf_weight=267 31 20 28 20 21 37 30 21 29 20 29 20 25 20 34 33 30 26 133 109 23 29 30 21 39 124 126 206 40 1078
leaf_count=267 31 20 28 20 21 37 30 21 29 20 29 20 25 20 34 33 30 26 133 109 23 29 30 21 39 124 126 206 40 1078
internal_value=2.7823e-12 1.2104e-05 2.0726e-05 8.36357e-06 2.39055e-05 7.81003e-06 2.41906e-05 1.18217e-05 -0.000968755 3.17359e-05 0.000986608 1.23456e-05 -0.00110558 3.359e-05 2.09215e-05 3.35838e-05 0.00110647 3.55624e-06 2.14975e-05 -2.40708e-05 -0.000500074 1.7137e-05 0.000627092 -3.38454e-05 -4.78216e-06 1.53088e-05 -1.70498e-05 4.3945e-05 0.000608849 -2.90877e-05
internal_weight=2699 2668 2648 2620 2600 2579 2542 2512 50 2462 49 2413 45 2368 2348 2314 63 2251 2225 1958 156 1802 139 1663 1634 1613 1574 1450 166 1284
internal_count=2699 2668 2648 2620 2600 2579 2542 2512 50 2462 49 2413 45 2368 2348 2314 63 2251 2225 1958 156 1802 139 1663 1634 1613 1574 1450 166 1284
is_linear=0
shrinkage=0.1


Tree=41
num_leaves=31
num_cat=0
split_feature=1 9 4 9 7 6 3 1 9 4 6 9 6 4 6 8 1 8 4 6 6 10 9 6 6 6 3 9 8 7
split_gain=0.00275657 0.00240435 0.00457292 0.00926444 0.00285545 0.00261855 0.00375021 0.0147243 0.00714278 0.00660241 0.00498028 0.00447104 0.00223292 0.00362477 0.00257466 0.00417018 0.0122205 0.00504903 0.00315648 0.00637213 0.00682078 0.0058685 0.00634862 0.0145303 0.00897803 0.00411502 0.00606976 0.00496429 0.00410688 0.00983748
threshold=75.500000000000014 73.125194549560561 48.984283447265632 53.134258270263679 6.8004331588745126 47.964429855346687 45.996196746826179 59.500000000000007 42.234256744384773 34.545497894287116 39.589262008666999 38.39778137207032 35.479139328002937 31.235956192016605 33.627820968627937 28.886590957641605 65.500000000000014 27.953382492065433 23.792849540710453 25.56931304931641 24.823750495910648 28.889443397521976 28.179731369018558 27.383481979370121 28.614050865173343 29.691039085388187 26.10085487365723 27.139632225036625 22.146557807922367 1.1348978877067568
decision_type=2 2 2 2 2 2 2 2 2 2 2 2 2 2 2 2 2 2 2 2 2 2 2 2 2 2 2 2 2 2
left_child=1 2 3 5 -4 6 8 -8 10 -9 11 12 13 14 15 17 -17 18 19 20 28 -21 23 -23 -24 26 -20 -28 -1 -30
right_child=-2 -3 4 -5 -6 -7 7 9 -10 -11 -12 -13 -14 -15 -16 16 -18 -19 25 21 -22 22 24 -25 -26 -27 27 -29 29 -31
leaf_value=4.4796574364239258e-05 -0.00093755116761331603 -0.00087929647415876391 7.5555182993412026e-05 -0.0021408395734033546 0.0016400136585746493 0.00098154987541160406 0.0013672940167598427 -0.00069026005549988317 0.0019134734896942972 -0.0029010286945611533 -0.0014818508590740914 0.0014823416802322582 -0.00080006934497787649 0.0013687777682207525 -0.0008740432844206226 -0.00020300508709624409 0.0027312555435028943 -0.0013786250743298579 0.0016534682145625678 -0.0021333916801149432 0.0014655585300881119 -0.00086572506145621915 0.00010914988018592577 0.0023483704817904671 -0.0027165203863246876 0.0018021579798577086 -0.0010802213493768839 0.00062862863928517883 -0.0026090768328867857 -1.9217833283949982e-05
leaf_weight=1875 31 30 20 20 28 28 25 35 20 22 22 21 33 20 32 40 22 26 23 23 33 39 23 22 22 21 34 34 20 55
leaf_count=1875 31 30 20 20 28 28 25 35 20 22 22 21 33 20 32 40 22 26 23 23 33 39 23 22 22 21 34 34 20 55
internal_value=-3.28689e-12 1.08936e-05 2.1017e-05 3.09324e-06 0.000988156 1.97775e-05 9.18367e-06 -0.00065609 3.13595e-05 -0.00154354 1.59323e-05 2.95598e-05 1.6832e-05 2.82355e-05 1.67974e-05 2.91274e-05 0.000838184 6.83335e-06 2.30303e-05 -4.40419e-06 3.98984e-05 -0.000685427 -0.000371246 0.000293457 -0.00127229 0.000540365 0.000249183 -0.000225796 1.57718e-05 -0.000709847
internal_weight=2699 2668 2638 2590 48 2570 2542 82 2460 57 2440 2418 2397 2364 2344 2312 62 2250 2224 2112 1983 129 106 61 45 112 91 68 1950 75
internal_count=2699 2668 2638 2590 48 2570 2542 82 2460 57 2440 2418 2397 2364 2344 2312 62 2250 2224 2112 1983 129 106 61 45 112 91 68 1950 75
is_linear=0
shrinkage=0.1


Tree=42
num_leaves=31
num_cat=0
split_feature=4 8 7 4 9 1 7 3 8 6 8 9 1 6 6 6 4 4 6 8 8 9 1 1 1 7 5 8 8 4
split_gain=0.00267833 0.00795474 0.00462564 0.0180375 0.00252444 0.00220287 0.00455357 0.00499742 0.0038338 0.0076735 0.00419102 0.0046466 0.0143698 0.00408366 0.00498447 0.0116124 0.00584735 0.00705126 0.00647927 0.00333805 0.00897787 0.00882434 0.00615206 0.00612374 0.0110153 0.00864751 0.00634485 0.00494432 0.0104341 0.00778971
threshold=46.049480438232429 46.548017501831062 3.9363422393798833 60.946918487548835 47.756767272949226 48.500000000000007 20.647258758544922 20.848212242126468 40.965095520019538 40.439781188964851 36.447523117065437 35.489023208618171 65.500000000000014 33.981397628784187 31.925686836242679 30.456974983215336 27.092626571655277 25.303483963012699 29.105499267578129 23.243500709533695 22.146557807922367 27.825620651245121 65.500000000000014 60.500000000000007 64.500000000000014 8.1396298408508319 26.90648174285889 20.030696868896488 19.632371902465824 17.384313583374027
decision_type=2 2 2 2 2 2 2 2 2 2 2 2 2 2 2 2 2 2 2 2 2 2 2 2 2 2 2 2 2 2
left_child=1 4 -2 -4 5 6 7 -1 9 10 11 13 -13 14 15 16 17 18 19 20 27 23 -22 -21 -25 26 -26 28 -7 -29
right_child=2 -3 3 -5 -6 8 -8 -9 -10 -11 -12 12 -14 -15 -16 -17 -18 -19 -20 21 22 -23 -24 24 25 -27 -28 29 -30 -31
leaf_value=0.0004710186545134136 0.00076316182690096051 0.0019569239412833539 -0.00247984667463849 0.00075687295192796182 -0.00087991208856692544 -1.0394099365350321e-05 0.0016277746673149522 -0.0012537007951842888 0.0009888730456096759 -0.0014933188761850555 0.0012609222527736655 -0.0021998858066009626 0.00090373995212408213 0.0010639799810532068 -0.00097721487478478466 0.0017462587406809787 -0.0016777687040822849 0.0016048557870952343 -0.0015606541910933125 0.001754717574592426 -0.00036743436656841959 -0.00092359668969248352 -0.0023526947333098011 -0.0011879489007696976 0.00065317877527812254 -0.00066309034358710047 0.0030020642952244408 0.0020261787913803913 -0.0016865699408012199 0.00019379392495089823
leaf_weight=84 21 21 36 33 32 1637 25 21 38 35 26 35 26 36 52 38 21 27 27 44 37 39 27 32 23 20 23 29 38 116
leaf_count=84 21 21 36 33 32 1637 25 21 38 35 26 35 26 36 52 38 21 27 27 44 37 39 27 32 23 20 23 29 38 116
internal_value=-1.43956e-13 1.85018e-05 -0.000536347 -0.00093185 2.77275e-06 1.38236e-05 0.000414863 0.000126075 -7.66659e-06 -2.35244e-05 -1.66178e-06 -1.57689e-05 -0.000877029 7.41598e-06 -9.64066e-06 1.34603e-05 -1.7309e-05 -8.53319e-07 -2.15771e-05 -1.45357e-06 -4.08616e-05 0.000408739 -0.00120497 0.000774662 0.000334637 0.00107286 0.00182762 7.38911e-08 -4.84208e-05 0.000560271
internal_weight=2699 2609 90 69 2588 2556 130 105 2426 2388 2353 2327 61 2266 2230 2178 2140 2119 2092 2065 1884 181 64 142 98 66 46 1820 1675 145
internal_count=2699 2609 90 69 2588 2556 130 105 2426 2388 2353 2327 61 2266 2230 2178 2140 2119 2092 2065 1884 181 64 142 98 66 46 1820 1675 145
is_linear=0
shrinkage=0.1


Tree=43
num_leaves=31
num_cat=0
split_feature=1 7 3 8 3 4 10 4 8 4 7 4 7 5 6 10 5 4 9 1 4 3 3 8 9 4 4 7 9 4
split_gain=0.0024303 0.00620781 0.00199432 0.00825589 0.00300494 0.00268891 0.00260055 0.00307176 0.00282508 0.00418253 0.00473818 0.00303149 0.00252531 0.00216291 0.00193429 0.00421191 0.00534873 0.00743222 0.00350821 0.00213015 0.00561318 0.00419164 0.00676116 0.00405305 0.0062561 0.00618979 0.0124498 0.00677527 0.00487119 0.0046159
threshold=74.500000000000014 2.8761054277420048 6.0037295818328866 5.6709382534027108 8.7348480224609393 4.3637292385101327 9.0227513313293475 4.6013460159301767 7.2844197750091562 6.2205307483673105 9.3541560173034686 6.6556556224823007 1.4835560917854311 11.300332069396974 80.332885742187514 71.602279663085952 67.371635437011733 48.984283447265632 49.734079360961921 68.500000000000014 32.164999008178718 48.14656066894532 45.309858322143562 28.571767807006839 27.825620651245121 19.644675254821781 16.992679595947269 1.1348978877067568 24.56093788146973 15.994225502014162
decision_type=2 2 2 2 2 2 2 2 2 2 2 2 2 2 2 2 2 2 2 2 2 2 2 2 2 2 2 2 2 2
left_child=2 -2 12 5 -5 -4 -6 -8 13 10 -10 -11 -1 -9 15 16 17 18 19 21 23 22 -13 24 25 26 29 -27 -29 -21
right_child=1 -3 3 4 6 -7 7 8 9 11 -12 14 -14 -15 -16 -17 -18 -19 -20 20 -22 -23 -24 -25 -26 27 -28 28 -30 -31
leaf_value=0.00019512811392944837 0.0006039632154473414 -0.0014841571586605695 -0.0014078662700571674 0.00047589517751682204 -0.0011074133172986054 -0.00015347054670564831 0.0011864315400916068 4.8062987625598912e-05 0.0016637245047604666 -0.0010795312861983594 -0.00021796557623968949 6.6167830079348348e-05 0.0013806887669488789 -0.0013037073218207485 -0.00097195732872933148 0.0012570913876751785 -0.0016274424875155091 0.0019341666344553235 -0.0011352976625655883 -0.00018561548617941775 -0.0017371136568148028 0.00095023308766450584 -0.0015023740209081943 0.00090112777042786305 -0.0015114229579921814 -0.00049573232536204159 -0.0021036850588367971 0.0026905293483287097 0.00055663522975721769 0.0011965142666465708
leaf_weight=98 24 35 54 141 21 25 22 20 32 26 23 1482 22 29 20 27 20 20 27 230 22 52 28 37 33 26 33 20 23 27
leaf_count=98 24 35 54 141 21 25 22 20 32 26 23 1482 22 29 20 27 20 20 27 230 22 52 28 37 33 26 33 20 23 27
internal_value=3.07301e-12 -0.000634752 1.41858e-05 -4.78068e-06 2.77813e-05 -0.00101091 3.10003e-07 1.05172e-05 -9.44975e-07 1.57217e-05 0.000876836 -6.27614e-06 0.000412481 -0.000751964 6.8431e-06 1.6134e-05 2.5462e-08 1.58261e-05 -2.98114e-06 1.22064e-05 -0.000179235 6.74817e-05 3.70823e-05 -9.93435e-05 -0.000193776 -7.26549e-05 -0.000275198 0.000778611 0.00154914 -4.04112e-05
internal_weight=2699 59 2640 2520 2441 79 2300 2279 2257 2208 55 2153 120 49 2127 2107 2080 2060 2040 2013 451 1562 1510 429 392 359 290 69 43 257
internal_count=2699 59 2640 2520 2441 79 2300 2279 2257 2208 55 2153 120 49 2127 2107 2080 2060 2040 2013 451 1562 1510 429 392 359 290 69 43 257
is_linear=0
shrinkage=0.1


Tree=44
num_leaves=31
num_cat=0
split_feature=4 8 7 7 4 4 7 7 8 9 8 6 9 7 7 7 7 7 3 5 3 7 5 6 10 10 3 1 3 5
split_gain=0.00215219 0.00678816 0.00447731 0.00710423 0.0100209 0.00203463 0.00547381 0.0105487 0.00312953 0.00342817 0.00373252 0.00333509 0.0034074 0.00195562 0.00640001 0.00384855 0.00260516 0.0024683 0.0029335 0.00870027 0.00762218 0.00638072 0.00397463 0.00602758 0.00578519 0.0142867 0.00906168 0.00665822 0.00563484 0.00548803
threshold=46.049480438232429 46.548017501831062 33.24174880981446 3.9363422393798833 60.946918487548835 34.545497894287116 3.258675336837769 13.20496702194214 37.887386322021491 42.234256744384773 34.768505096435554 35.048412322998054 34.835992813110359 44.160062789916999 55.027532577514656 40.066024780273445 67.04483795166017 35.552099227905281 32.98735427856446 34.813871383666999 32.336433410644538 15.684806823730471 31.879885673522953 27.869508743286136 27.917815208435062 26.756295204162605 28.270027160644535 61.500000000000007 30.897233009338382 26.584615707397464
decision_type=2 2 2 2 2 2 2 2 2 2 2 2 2 2 2 2 2 2 2 2 2 2 2 2 2 2 2 2 2 2
left_child=1 5 3 -2 -5 8 -7 -8 9 10 11 12 13 15 -15 17 -16 18 20 -20 22 -21 23 24 25 29 -26 -27 -24 -1
right_child=2 -3 -4 4 -6 6 7 -9 -10 -11 -12 -13 -14 14 16 -17 -18 -19 19 21 -22 -23 28 -25 26 27 -28 -29 -30 -31
leaf_value=1.2789496594996407e-05 0.00064715171964573005 0.0018072383999381038 0.0007592354086227715 -0.0029946290250336461 -7.3623236106789633e-05 -0.0017225664788857104 0.0014877180186366398 -0.001070285897309843 0.0012345973801399981 -0.0012635776232595422 0.0011281429176839689 -0.0009362977029357697 0.0012317219202447197 -0.0014835894453830811 0.00093227038849835048 0.0013744360512299907 -0.00043272253021533639 -0.00090222542559535333 0.002368836464648623 -0.0012203682234976443 -0.0017683654712072894 0.00084767590758290053 0.0021471024690462009 -0.0011406391445133422 0.0027031529101077469 -0.00011636000592261554 0.00025521501548580767 -0.0023920170569908805 -0.0001429954840039665 0.0010545421283145865
leaf_weight=1838 21 21 22 24 23 25 28 38 21 21 30 37 23 36 27 21 29 29 21 25 24 37 21 45 20 20 62 36 22 52
leaf_count=1838 21 21 22 24 23 25 28 38 21 21 30 37 23 36 27 21 29 29 21 25 24 37 21 45 20 20 62 36 22 52
internal_value=1.80188e-12 1.65853e-05 -0.00048079 -0.000881974 -0.0015652 2.05528e-06 -0.000462406 1.49279e-05 1.8982e-05 8.67183e-06 1.95546e-05 5.84012e-06 2.04377e-05 8.6578e-06 -0.000443336 2.69523e-05 0.000225399 1.43869e-05 2.63446e-05 0.000609643 3.7213e-06 1.37871e-05 2.38206e-05 4.08157e-06 2.94822e-05 -5.18835e-06 0.000852273 -0.00157928 0.000975424 4.14515e-05
internal_weight=2699 2609 90 68 47 2588 91 66 2497 2476 2455 2425 2388 2365 92 2273 56 2252 2223 83 2140 62 2116 2073 2028 1946 82 56 43 1890
internal_count=2699 2609 90 68 47 2588 91 66 2497 2476 2455 2425 2388 2365 92 2273 56 2252 2223 83 2140 62 2116 2073 2028 1946 82 56 43 1890
is_linear=0
shrinkage=0.1


Tree=45
num_leaves=31
num_cat=0
split_feature=3 8 6 9 7 10 4 1 6 3 3 8 6 3 7 3 9 1 6 8 6 4 6 6 9 7 8 8 8 8
split_gain=0.0021253 0.00491562 0.00268365 0.00660696 0.00327296 0.00235787 0.00349218 0.00881384 0.00893469 0.00769409 0.00655811 0.00543317 0.0105259 0.00525484 0.0033922 0.00288435 0.00754644 0.00691052 0.00490646 0.00516225 0.0031863 0.00317259 0.0033307 0.00657008 0.00304611 0.0031955 0.00509768 0.00558522 0.0106366 0.0052918
threshold=76.739543914794936 75.771553039550795 54.259517669677741 51.237966537475593 6.8004331588745126 52.449163436889656 34.545497894287116 63.500000000000007 43.842613220214851 48.14656066894532 44.52845764160157 33.142192840576179 34.499145507812507 39.515556335449226 8.1396298408508319 35.099555969238288 32.831895828247077 59.500000000000007 30.115177154541019 28.274835586547855 30.639007568359375 26.086491584777836 28.470725059509281 27.869508743286136 27.139632225036625 0.47867316007614141 25.547532081604007 23.243500709533695 22.529483795166019 20.030696868896488
decision_type=2 2 2 2 2 2 2 2 2 2 2 2 2 2 2 2 2 2 2 2 2 2 2 2 2 2 2 2 2 2
left_child=2 -2 3 5 -4 6 9 8 -8 10 11 12 13 15 -13 16 18 -17 19 21 -19 22 23 24 25 -1 27 28 29 -27
right_child=1 -3 4 -5 -6 -7 7 -9 -10 -11 -12 14 -14 -15 -16 17 -18 20 -20 -21 -22 -23 -24 -25 -26 26 -28 -29 -30 -31
leaf_value=0.00033443497988296241 -0.0018320592003874482 0.00038506010314449669 -0.00026806435547769073 -0.0018137302261311561 0.0013727509592201623 0.00090745924540458186 0.0015553376860916615 -0.001845450539674078 -0.0011458962922915818 0.0018426729652160053 -0.001675545719816633 0.0018157647094792792 -0.0022846659203059972 0.0013809309299436532 0.00012115514171975 -0.002050250274655612 0.0019565074751153591 -0.00092010974203731171 -0.0013603453846791616 0.0015456061074721882 0.00072058228382455381 -0.00124760574195534 0.0012418438198933887 -0.0015166731979531637 0.00088960597462573788 -7.3654794347421373e-05 -0.001626183993066661 0.00074253777508332232 -0.0015785324379814687 0.00057729472122553178
leaf_weight=263 20 20 20 20 31 29 25 35 24 23 23 27 20 28 21 23 20 20 26 22 29 20 22 28 40 1528 20 91 45 136
leaf_count=263 20 20 20 20 31 29 25 35 24 23 23 27 20 28 21 23 20 20 26 22 29 20 22 28 40 1528 20 91 45 136
internal_value=-9.23715e-13 -0.0007235 1.08838e-05 -3.16488e-06 0.000729294 1.08271e-05 6.65992e-07 -0.000633439 0.000232284 2.21871e-05 5.11078e-06 2.10248e-05 -2.10299e-07 1.91413e-05 0.00107437 2.79748e-06 2.26394e-05 -0.000620293 5.38039e-06 2.14115e-05 5.09121e-05 6.12088e-06 1.766e-05 5.1393e-06 2.52103e-05 8.61126e-06 -3.84721e-05 -2.08308e-05 -6.14783e-05 -2.04522e-05
internal_weight=2699 40 2659 2608 51 2588 2559 84 49 2475 2452 2429 2381 2361 48 2333 2261 72 2241 2215 49 2193 2173 2151 2123 2083 1820 1800 1709 1664
internal_count=2699 40 2659 2608 51 2588 2559 84 49 2475 2452 2429 2381 2361 48 2333 2261 72 2241 2215 49 2193 2173 2151 2123 2083 1820 1800 1709 1664
is_linear=0
shrinkage=0.1


Tree=46
num_leaves=31
num_cat=0
split_feature=4 7 6 7 9 6 4 7 7 3 3 8 6 3 6 6 1 10 4 4 8 5 8 9 10 8 4 4 8 9
split_gain=0.00213575 0.00785994 0.00372924 0.00625493 0.00535411 0.00251362 0.00220382 0.00593802 0.0148809 0.00283708 0.00531207 0.00440087 0.00852597 0.00425642 0.00326027 0.00829675 0.00727846 0.00467294 0.00388214 0.00596003 0.00351567 0.00620338 0.00377072 0.00399225 0.00390268 0.00425617 0.00389781 0.00506872 0.00531816 0.011267
threshold=57.426113128662116 10.122266292572023 54.259517669677741 45.38969802856446 51.237966537475593 47.964429855346687 34.545497894287116 3.258675336837769 13.20496702194214 48.14656066894532 44.52845764160157 33.142192840576179 34.499145507812507 39.515556335449226 31.925686836242679 30.456974983215336 65.500000000000014 33.974044799804695 27.092626571655277 25.303483963012699 25.777099609375004 30.54392242431641 24.754202842712406 26.102230072021488 30.015310287475589 24.278219223022464 22.5741081237793 21.640923500061039 22.146557807922367 24.073582649230961
decision_type=2 2 2 2 2 2 2 2 2 2 2 2 2 2 2 2 2 2 2 2 2 2 2 2 2 2 2 2 2 2
left_child=2 -2 4 -4 5 6 9 -8 -9 10 11 12 13 14 15 17 -16 18 19 20 22 -22 24 -24 25 26 27 28 29 -1
right_child=1 -3 3 -5 -6 -7 7 8 -10 -11 -12 -13 -14 -15 16 -17 -18 -19 -20 -21 21 -23 23 -25 -26 -27 -28 -29 -30 -31
leaf_value=1.2901914290818575e-05 -0.0021830575400963426 0.0003762288841729363 0.002220958089455962 -0.00028002755308989433 -0.0016323572676628828 0.0010997316445268337 -0.0017219432422684298 0.0017976118896443111 -0.0015857126083574258 0.0008868397444776083 -0.0015079911394660368 0.00096693572850199423 -0.0020561993587762117 0.0012428378054339972 -0.001989301955327392 0.0015255754237942813 0.0005046460842343301 -0.0013374891096296221 -0.0013108474879779599 0.0014738185011083261 -0.0021351761051586699 5.0804483950795498e-05 -0.00032242678920738402 0.0014230569312961676 -0.00082745209346864038 0.0014778886525891721 -0.0013119059309246951 0.0015023919743607228 -0.00090982403139083757 0.00234225121481965
leaf_weight=1859 20 30 20 20 20 21 27 26 26 37 23 48 20 28 25 36 22 26 22 28 21 34 20 38 55 20 22 23 61 21
leaf_count=1859 20 30 20 20 20 21 27 26 26 37 23 48 20 28 25 36 22 26 22 28 21 34 20 38 55 20 22 23 61 21
internal_value=-1.05945e-13 -0.000647486 1.22213e-05 0.000970465 -2.47004e-06 1.01208e-05 1.21046e-06 -0.000518773 0.00010595 1.77146e-05 4.5997e-06 1.89223e-05 -1.89269e-07 1.72272e-05 2.51774e-06 1.94682e-05 -0.000821922 -4.62956e-06 1.09524e-05 2.41584e-05 5.48755e-06 -0.000783843 2.59751e-05 0.000821166 3.59712e-06 2.63826e-05 1.17652e-05 2.65925e-05 9.10493e-06 3.89212e-05
internal_weight=2699 50 2649 40 2609 2589 2568 79 52 2489 2452 2429 2381 2361 2333 2286 47 2250 2224 2202 2174 55 2119 58 2061 2006 1986 1964 1941 1880
internal_count=2699 50 2649 40 2609 2589 2568 79 52 2489 2452 2429 2381 2361 2333 2286 47 2250 2224 2202 2174 55 2119 58 2061 2006 1986 1964 1941 1880
is_linear=0
shrinkage=0.1


Tree=47
num_leaves=31
num_cat=0
split_feature=9 10 3 4 4 7 7 7 6 1 7 8 3 3 9 9 1 8 10 5 6 1 4 9 7 3 5 4 3 6
split_gain=0.00188994 0.00488673 0.00522494 0.00396236 0.00225136 0.00215089 0.00563546 0.00266914 0.00458222 0.00740567 0.00339059 0.00336425 0.0030227 0.0107212 0.00851174 0.00749467 0.00761425 0.00580143 0.00532442 0.00298827 0.0022005 0.00230249 0.00366587 0.00828886 0.00391198 0.00334161 0.00446718 0.00303682 0.00550984 0.00425253
threshold=73.125194549560561 71.602279663085952 65.218120574951186 48.984283447265632 44.659854888916023 123.35581588745119 83.128631591796889 42.379907608032234 25.878905296325687 58.500000000000007 52.387962341308601 28.274835586547855 40.227567672729499 38.364452362060554 39.55224800109864 42.234256744384773 63.500000000000007 33.142192840576179 35.59746170043946 35.595533370971687 31.925686836242679 56.500000000000007 16.138624191284183 18.108893394470218 20.647258758544922 24.334265708923343 30.397915840148929 4.6684350967407235 5.628373622894288 9.7982482910156268
decision_type=2 2 2 2 2 2 2 2 2 2 2 2 2 2 2 2 2 2 2 2 2 2 2 2 2 2 2 2 2 2
left_child=1 2 3 4 5 6 7 12 10 -10 -9 -11 13 17 -14 -16 -17 18 19 20 21 22 23 24 -1 -24 -27 28 -23 -29
right_child=-2 -3 -4 -5 -6 -7 -8 8 9 11 -12 -13 14 -15 15 16 -18 -19 -20 -21 -22 27 25 -25 -26 26 -28 29 -30 -31
leaf_value=0.00011807685879954531 -0.00078928879462182534 0.0015661300922511147 -0.0016130858554970475 0.0012883920416546365 -0.0010593200218863787 -0.00085061060361050339 0.0014802042027720465 -0.00059584230572606129 -0.0025181043512103232 -0.001148263982585853 0.0010681842174381018 0.00064172193164094586 0.0022949461888691239 -0.0020611782129853966 -0.0012180773440973256 0.0017781442914269975 -0.00055105152167379855 0.0013796747451828373 -0.0014792178417944038 0.0012350978772155941 -0.001011544424164597 0.00032594924911770018 0.0014688225891931277 -0.0014332439517602325 0.0015248211843538143 -0.0004667990538920905 0.0010670767780259038 0.00041484623296474598 -0.0011331686320213172 -6.855667867179846e-05
leaf_weight=337 30 20 20 24 20 29 26 24 22 21 25 21 22 25 29 32 25 31 24 20 21 43 38 34 21 37 39 210 65 1364
leaf_count=337 30 20 20 24 20 29 26 24 22 21 25 21 22 25 29 32 25 31 24 20 21 43 38 34 21 37 39 210 65 1364
internal_value=-4.78664e-13 8.87174e-06 -2.88559e-06 9.36393e-06 -2.41982e-06 5.75736e-06 1.54736e-05 4.21015e-07 -0.000474613 -0.00103181 0.000253151 -0.000253271 2.26299e-05 -1.55585e-06 0.000539712 9.06987e-05 0.000756567 2.09882e-05 2.29343e-06 1.82451e-05 7.22787e-06 1.70058e-05 0.000204037 5.88848e-05 0.000200595 0.000703155 0.000320321 -3.92591e-05 -0.000552224 -4.06201e-06
internal_weight=2699 2669 2649 2629 2605 2585 2556 2530 113 64 49 42 2417 2309 108 86 57 2284 2253 2229 2209 2188 506 392 358 114 76 1682 108 1574
internal_count=2699 2669 2649 2629 2605 2585 2556 2530 113 64 49 42 2417 2309 108 86 57 2284 2253 2229 2209 2188 506 392 358 114 76 1682 108 1574
is_linear=0
shrinkage=0.1


Tree=48
num_leaves=31
num_cat=0
split_feature=1 9 4 9 6 3 1 10 6 8 4 8 8 8 1 6 6 9 9 8 7 4 4 6 8 9 9 6 10 1
split_gain=0.00194451 0.00157074 0.00450882 0.00490036 0.00566465 0.00282907 0.0135156 0.00634118 0.00411121 0.00329913 0.00437667 0.00379144 0.00486708 0.0030672 0.0100424 0.00321513 0.0147904 0.00936333 0.00686144 0.00681765 0.00611037 0.00644239 0.00393311 0.00355601 0.00483772 0.00499098 0.00890842 0.00825536 0.00807505 0.00699471
threshold=75.500000000000014 73.125194549560561 54.896280288696296 53.134258270263679 47.964429855346687 49.961791992187507 64.500000000000014 46.99903869628907 40.439781188964851 36.447523117065437 32.164999008178718 32.544279098510749 31.30210113525391 28.886590957641605 65.500000000000014 26.771781921386722 27.383481979370121 28.179731369018558 26.354794502258304 26.213010787963871 5.3239846229553232 23.273763656616214 23.792849540710453 25.688879966735843 23.243500709533695 22.407477378845218 23.581592559814457 23.378778457641605 25.508724212646488 62.500000000000007
decision_type=2 2 2 2 2 2 2 2 2 2 2 2 2 2 2 2 2 2 2 2 2 2 2 2 2 2 2 2 2 2
left_child=1 2 3 4 5 7 -7 8 9 10 11 12 13 15 -15 18 -17 22 23 -19 -21 -22 -18 24 25 -1 27 -27 -28 -30
right_child=-2 -3 -4 -5 -6 6 -8 -9 -10 -11 -12 -13 -14 14 -16 16 17 19 -20 20 21 -23 -24 -25 -26 26 28 -29 29 -31
leaf_value=4.8793937144352495e-05 -0.00078743617914076285 -0.0007103599049150945 0.0012573613817321843 -0.0011237428419439025 0.001409919840958098 0.00086838952317217866 -0.002563074233793569 0.0016033113184385002 -0.0011417140823698814 0.0011376194861860802 -0.0011754338374181141 0.00099835658904153099 -0.0014433319518423601 -0.00017417842430214202 0.0024936906860343051 -0.002432171931723133 0.0021396733143112879 -0.0016243217267549121 0.0013322616333607585 -0.0014054167616580214 -0.00075080551850121658 0.0015033134579425678 0.00032294186916820202 -0.00096167465388724528 0.00099895075045060354 -0.00064554010158066055 0.0018981195986270906 -0.0029375723573717883 -0.0018871928786393256 0.00052712444096565984
leaf_weight=1793 31 30 29 38 29 24 22 25 31 26 31 39 23 43 21 30 22 37 40 21 21 32 26 37 50 55 21 22 20 30
leaf_count=1793 31 30 29 38 29 24 22 25 31 26 31 39 23 43 21 30 22 37 40 21 21 32 26 37 50 55 21 22 20 30
internal_value=-1.96741e-12 9.14937e-06 1.73318e-05 3.54842e-06 2.02101e-05 4.35578e-06 -0.000772745 1.86774e-05 2.64504e-06 1.7184e-05 5.11637e-06 2.04739e-05 4.20369e-06 1.85481e-05 0.000701216 -8.09809e-07 -0.000395611 -1.13537e-05 3.52721e-05 -0.000515987 3.81806e-05 0.000610172 0.00115561 9.69043e-06 2.77419e-05 2.72366e-06 -0.000555412 -0.00130041 0.000252541 -0.000438602
internal_weight=2699 2668 2638 2609 2571 2542 46 2496 2471 2440 2414 2383 2344 2321 64 2257 189 159 2068 111 74 53 48 2028 1991 1941 148 77 71 50
internal_count=2699 2668 2638 2609 2571 2542 46 2496 2471 2440 2414 2383 2344 2321 64 2257 189 159 2068 111 74 53 48 2028 1991 1941 148 77 71 50
is_linear=0
shrinkage=0.1


Tree=49
num_leaves=31
num_cat=0
split_feature=4 8 7 7 4 3 9 1 3 9 9 6 6 4 3 8 10 3 6 9 6 6 6 6 1 8 6 8 4 8
split_gain=0.00164682 0.00653408 0.00421047 0.00618267 0.0086867 0.00242491 0.00680327 0.00405925 0.0113945 0.00375472 0.00373342 0.00631602 0.00355143 0.00335058 0.00604759 0.00536865 0.0018302 0.00305432 0.00261067 0.00336236 0.0040721 0.00225249 0.00967495 0.00747333 0.00373707 0.00275969 0.00796213 0.00318118 0.00237597 0.00465773
threshold=46.049480438232429 45.359569549560554 33.24174880981446 3.9363422393798833 60.946918487548835 45.996196746826179 42.234256744384773 60.500000000000007 53.471134185791023 40.187406539916999 37.141489028930671 35.048412322998054 33.981397628784187 27.686420440673832 32.336433410644538 28.886590957641605 35.59746170043946 39.515556335449226 29.691039085388187 29.466745376586918 28.470725059509281 26.771781921386722 27.383481979370121 26.531745910644535 62.500000000000007 24.278219223022464 25.688879966735843 24.889834403991703 22.383360862731937 22.846872329711918
decision_type=2 2 2 2 2 2 2 2 2 2 2 2 2 2 2 2 2 2 2 2 2 2 2 2 2 2 2 2 2 2
left_child=1 5 3 -2 -5 6 9 -7 -9 10 11 12 13 15 -15 16 18 -18 19 20 21 23 -23 25 -24 26 28 -27 29 -1
right_child=2 -3 -4 4 -6 7 -8 8 -10 -11 -12 -13 -14 14 -16 -17 17 -19 -20 -21 -22 22 24 -25 -26 27 -28 -29 -30 -31
leaf_value=-4.7072612125871642e-06 0.00061688784709466361 0.0014818124424588557 0.00078193625773895876 -0.0027778632473200561 -5.82523522493632e-05 0.00030314103571219822 0.0018530111806467177 -0.0022718001102475685 0.00064623145103130664 -0.0012434893928002567 0.00099688737383602476 -0.0016162426016914349 0.0011997603029012681 0.00027205425350734129 -0.001770188218657056 0.0013967526979935688 -0.0015407237131148579 0.00020693793194368482 0.0010529106022052778 -0.0011728893402808659 0.0013407957598405042 -0.0020046204237067805 -0.00058836967291426851 0.0019461284880526364 0.0012160094517942831 0.0016374843523160301 -0.0019064575391398234 3.0584158542166859e-05 -0.0010516415617963678 0.0010723963598493578
leaf_weight=1931 21 30 22 24 23 37 20 32 23 24 38 24 25 29 29 28 20 20 24 24 23 28 22 20 24 22 22 28 21 41
leaf_count=1931 21 30 22 24 23 37 20 32 23 24 38 24 25 29 29 28 20 20 24 24 23 28 22 20 24 22 22 28 21 41
internal_value=-7.78209e-13 1.4508e-05 -0.00042057 -0.000809616 -0.00144699 -2.56033e-06 1.60897e-05 -0.000506718 -0.00105153 1.19771e-06 1.34255e-05 -2.11361e-06 1.41565e-05 1.5758e-06 -0.000749067 2.05215e-05 3.54599e-06 -0.000666893 1.55718e-05 4.28615e-06 1.7234e-05 3.13399e-06 -0.000539044 2.23768e-05 0.000353046 3.7448e-06 -1.44655e-05 0.00073762 6.4195e-06 1.76869e-05
internal_weight=2699 2609 90 68 47 2579 2487 92 55 2467 2443 2405 2381 2356 58 2298 2270 40 2230 2206 2182 2159 74 2085 46 2065 2015 50 1993 1972
internal_count=2699 2609 90 68 47 2579 2487 92 55 2467 2443 2405 2381 2356 58 2298 2270 40 2230 2206 2182 2159 74 2085 46 2065 2015 50 1993 1972
is_linear=0
shrinkage=0.1


Tree=50
num_leaves=31
num_cat=0
split_feature=1 9 4 9 7 6 10 7 7 3 3 6 3 3 8 5 3 9 6 8 6 5 3 3 3 8 10 10 5 3
split_gain=0.00170808 0.00141995 0.00425816 0.00640144 0.00274439 0.00165023 0.00221558 0.00221611 0.00474712 0.00274689 0.010859 0.00330295 0.00414325 0.00477299 0.00531832 0.0046839 0.00595144 0.0075614 0.00353771 0.00301509 0.00466396 0.0109641 0.00270386 0.0104419 0.0075836 0.00490522 0.0043189 0.00677636 0.00389214 0.00938123
threshold=75.500000000000014 73.125194549560561 48.984283447265632 53.134258270263679 6.8004331588745126 47.964429855346687 51.201152801513679 55.027532577514656 42.379907608032234 45.996196746826179 43.840894699096687 39.982738494873054 40.227567672729499 38.364452362060554 33.142192840576179 36.246574401855476 32.98735427856446 30.662393569946296 29.691039085388187 28.274835586547855 27.869508743286136 31.357978820800785 28.779933929443363 28.270027160644535 29.949612617492679 23.243500709533695 27.73726844787598 26.756295204162605 26.584615707397464 26.222730636596683
decision_type=2 2 2 2 2 2 2 2 2 2 2 2 2 2 2 2 2 2 2 2 2 2 2 2 2 2 2 2 2 2
left_child=1 2 3 5 -4 6 7 8 9 10 11 12 13 14 15 16 17 19 -18 20 22 -22 23 26 -24 -26 27 28 29 -1
right_child=-2 -3 4 -5 -6 -7 -8 -9 -10 -11 -12 -13 -14 -15 -16 -17 18 -19 -20 -21 21 -23 24 -25 25 -27 -28 -29 -30 -31
leaf_value=3.3953330719472341e-05 -0.00073801397098108171 -0.00067552713522066679 5.4937256500124938e-05 -0.0017830756845069119 0.0015886704503957714 0.00077643768329705516 -0.00089651950784846795 0.00053888647998041384 -0.00091266922868921292 -0.00093203752689684444 0.0023511326243169607 -0.0012374380453755813 0.0012314238685316274 -0.001425740543914878 0.0013229211965095132 -0.0012165833076822662 0.00016999315848806874 -0.0018080309680005048 0.0018113165307019293 0.0010275925485545704 -0.0027586175245232882 0.00033052272973927083 0.0020775333551379545 -0.0022165506717837639 -0.0011133097859177118 0.00088817162299528729 0.001305512542939351 -0.0013141439676186755 0.00087945080144805315 -0.0021437364304438232
leaf_weight=1814 31 30 20 20 28 28 27 78 56 30 20 21 28 23 31 31 24 23 29 29 20 27 24 21 24 25 26 38 53 20
leaf_count=1814 31 30 20 20 28 28 27 78 56 30 20 21 28 23 31 31 24 23 29 29 20 27 24 21 24 25 26 38 53 20
internal_value=-1.7212e-12 8.57512e-06 1.63549e-05 -9.41033e-07 0.000949615 1.29277e-05 4.5177e-06 1.41909e-05 -2.60285e-06 1.88015e-05 3.09347e-05 1.10274e-05 2.23771e-05 7.54213e-06 2.21351e-05 4.03619e-06 2.12593e-05 -4.61815e-06 0.00106808 1.4938e-05 9.00199e-07 -0.000984005 2.35362e-05 1.41268e-06 0.000621173 -9.21458e-05 2.52862e-05 7.99482e-06 3.46198e-05 1.02054e-05
internal_weight=2699 2668 2638 2590 48 2570 2542 2515 2437 2381 2351 2331 2310 2282 2259 2228 2197 2144 53 2121 2092 47 2045 1972 73 49 1951 1925 1887 1834
internal_count=2699 2668 2638 2590 48 2570 2542 2515 2437 2381 2351 2331 2310 2282 2259 2228 2197 2144 53 2121 2092 47 2045 1972 73 49 1951 1925 1887 1834
is_linear=0
shrinkage=0.1


Tree=51
num_leaves=31
num_cat=0
split_feature=7 3 7 7 7 9 7 5 7 5 9 6 3 10 9 6 4 3 9 9 5 6 5 6 6 6 10 3 5 10
split_gain=0.00173642 0.00394569 0.00250015 0.00522771 0.00249854 0.00664344 0.00505074 0.0043801 0.0102755 0.00849476 0.00432958 0.00438348 0.00275825 0.00254158 0.00395858 0.00504826 0.0024156 0.00487004 0.00466301 0.00490065 0.00299476 0.00860351 0.00523777 0.00483071 0.00981096 0.00655144 0.00462191 0.0125431 0.0088047 0.0119739
threshold=239.97868347167972 76.739543914794936 123.35581588745119 83.128631591796889 42.379907608032234 42.234256744384773 55.027532577514656 52.863252639770515 12.227939605712892 49.683567047119148 42.912139892578132 39.982738494873054 34.41467475891114 40.698335647583015 35.489023208618171 33.981397628784187 27.686420440673832 32.336433410644538 31.594530105590824 30.260819435119632 30.397915840148929 26.771781921386722 30.975189208984375 26.035417556762699 25.56931304931641 25.007360458374027 25.508724212646488 26.566122055053714 25.19511699676514 24.093691825866703
decision_type=2 2 2 2 2 2 2 2 2 2 2 2 2 2 2 2 2 2 2 2 2 2 2 2 2 2 2 2 2 2
left_child=1 2 3 4 7 6 12 9 -9 10 11 13 -6 14 15 16 18 -18 19 20 21 23 -22 24 25 26 28 -28 29 -1
right_child=-2 -3 -4 -5 5 -7 -8 8 -10 -11 -12 -13 -14 -15 -16 -17 17 -19 -20 -21 22 -23 -24 -25 -26 -27 27 -29 -30 -31
leaf_value=2.3484665873304555e-05 0.00092831982299685473 -0.0012096932347587966 -0.0009704771580380531 0.0013992746089772684 -8.9174641521069526e-05 -0.0021104880055645482 0.00069980284180167288 -0.00031341006203244133 0.0021924717212095861 -0.0020524429755823803 0.0011911825498475905 -0.0014033071299887857 -0.0015225009229034186 0.00097947402003531665 -0.0010086302241114409 0.0015638001507059449 0.00027168056012356076 -0.0015772718418572498 0.0014713627058716323 -0.0014767851415936921 0.0017587635325841033 -0.001687308368079054 0.00017035359979292956 0.0012006139423807755 -0.0022051559668034315 0.0017369153367326362 -0.0026560551462656199 1.9018679337862595e-05 0.0011273879440612828 -0.0021385393723344004
leaf_weight=1735 20 27 26 27 29 20 43 36 30 20 31 22 25 27 38 21 29 28 22 22 26 30 103 34 20 22 24 65 71 26
leaf_count=1735 20 27 26 27 29 20 43 36 30 20 31 22 25 27 38 21 29 28 22 22 26 30 103 34 20 22 24 65 71 26
internal_value=-6.6785e-13 -6.93035e-06 5.31498e-06 1.49763e-05 5.95348e-07 -0.000450999 -0.000108836 2.18832e-05 0.000825627 -7.33663e-08 1.70583e-05 1.66805e-06 -0.000752752 1.48603e-05 3.61481e-06 2.05004e-05 6.14092e-06 -0.000636577 2.27931e-05 8.16113e-06 2.33136e-05 -6.41838e-06 0.000490498 1.88328e-05 -1.63611e-06 2.10455e-05 1.39475e-06 -0.00070235 3.55832e-05 -8.43619e-06
internal_weight=2699 2679 2652 2626 2599 117 97 2482 66 2416 2396 2365 54 2343 2316 2278 2257 57 2200 2178 2156 2027 129 1997 1963 1943 1921 89 1832 1761
internal_count=2699 2679 2652 2626 2599 117 97 2482 66 2416 2396 2365 54 2343 2316 2278 2257 57 2200 2178 2156 2027 129 1997 1963 1943 1921 89 1832 1761
is_linear=0
shrinkage=0.1


Tree=52
num_leaves=31
num_cat=0
split_feature=1 4 8 1 6 7 5 4 5 5 9 3 10 7 7 9 6 6 10 10 8 5 6 7 6 6 6 4 10 6
split_gain=0.00156707 0.00519167 0.00814274 0.00887935 0.00542903 0.00415112 0.00544777 0.0119108 0.00677963 0.0128268 0.0136501 0.00737159 0.00795307 0.00380659 0.00318733 0.00295583 0.00261426 0.00311226 0.00235029 0.00432924 0.00445393 0.00425676 0.002798 0.00751391 0.00553713 0.00443878 0.00367468 0.00278025 0.00277654 0.00616392
threshold=70.500000000000014 57.426113128662116 46.548017501831062 63.500000000000007 47.165225982666023 21.003843307495121 35.983833312988288 25.303483963012699 21.564975738525394 25.503722190856937 25.760300636291507 18.334817886352543 16.595510482788089 5.3942997455596933 42.379907608032234 13.246839523315431 10.136274814605715 11.439562797546388 50.470651626586921 45.740594863891609 37.09680366516114 42.879808425903327 33.004268646240241 8.1396298408508319 31.925686836242679 34.821418762207038 30.456974983215336 26.086491584777836 33.489980697631843 28.155976295471195
decision_type=2 2 2 2 2 2 2 2 2 2 2 2 2 2 2 2 2 2 2 2 2 2 2 2 2 2 2 2 2 2
left_child=1 2 4 -4 18 6 7 8 11 13 -11 12 15 -10 -7 16 -2 -18 19 20 21 22 24 -24 26 -25 27 28 29 -1
right_child=5 -3 3 -5 -6 14 -8 -9 9 10 -12 -13 -14 -15 -16 -17 17 -19 -20 -21 -22 -23 23 25 -26 -27 -28 -29 -30 -31
leaf_value=3.0143363292173802e-05 0.00044415887377615419 -0.0011456120507539931 0.0025442286782587573 -2.0395822961021355e-05 -0.0014173384827490037 0.0016446693218313158 -0.0015401424444986113 0.0019981261342763902 -0.0033855107519775631 0.0014069696973631931 -0.0018962905293185694 0.0014538653738907607 -0.0019129821304231882 -0.0014344611199339852 -6.4633238071110097e-05 0.00089082041635147984 -0.0016818032914306968 -2.254063550096292e-05 0.0010645656936420975 -0.0010050366975156066 0.0011637904851730648 -0.0011181776822013489 0.0016626988765720682 0.00073893318185582759 -0.0014010522652555396 -0.0013679074565880001 0.0011390595599853745 -0.0010033251234115317 -0.00085805647540837526 0.0014298280093498761
leaf_weight=1874 31 37 27 27 26 20 33 23 20 29 22 29 25 20 24 31 20 26 22 40 35 32 37 20 27 20 30 26 34 32
leaf_count=1874 31 37 27 27 26 20 33 23 20 29 22 29 25 20 24 31 20 26 22 40 35 32 37 20 27 20 30 26 34 32
internal_value=-2.59585e-12 2.95573e-05 4.83886e-05 0.00126192 1.93285e-05 -0.000196435 -0.000325837 -0.000180649 -0.000378719 -0.0010694 -1.79661e-05 9.25789e-06 -0.000305732 -0.00240999 0.000712322 6.6317e-05 -0.000265626 -0.000743959 3.60864e-05 2.58342e-05 4.48627e-05 2.64938e-05 4.39364e-05 0.000635589 2.14168e-05 -0.000314487 4.06586e-05 2.38977e-05 3.76646e-05 5.36428e-05
internal_weight=2699 2346 2309 54 2255 353 309 276 253 91 51 162 133 40 44 108 77 46 2229 2207 2167 2132 2100 77 2023 40 1996 1966 1940 1906
internal_count=2699 2346 2309 54 2255 353 309 276 253 91 51 162 133 40 44 108 77 46 2229 2207 2167 2132 2100 77 2023 40 1996 1966 1940 1906
is_linear=0
shrinkage=0.1


Tree=53
num_leaves=31
num_cat=0
split_feature=7 7 7 7 7 7 7 8 6 3 9 7 9 3 10 7 4 1 8 5 10 6 4 9 10 5 9 1 7 7
split_gain=0.00144002 0.00304774 0.00818866 0.00686165 0.00369053 0.0037926 0.00692175 0.00686232 0.0061241 0.0032535 0.00344077 0.00759628 0.0059877 0.00446291 0.00386035 0.00243747 0.00237647 0.00207612 0.00635651 0.00523844 0.00715663 0.0117979 0.00291565 0.00676767 0.00806761 0.0117586 0.00384717 0.00265926 0.00578254 0.00945481
threshold=239.97868347167972 105.32255935668947 83.128631591796889 67.04483795166017 55.027532577514656 44.160062789916999 40.066024780273445 65.842441558837905 54.259517669677741 49.961791992187507 42.912139892578132 6.4908204078674325 40.187406539916999 40.227567672729499 38.127510070800788 143.37678527832034 17.839653968811039 70.500000000000014 33.142192840576179 32.479017257690437 25.111416816711429 20.920907020568851 16.48032379150391 18.003664970397953 17.919202804565433 16.690704345703129 13.246839523315431 69.500000000000014 6.4133231639862069 2.7667118310928349
decision_type=2 2 2 2 2 2 2 2 2 2 2 2 2 2 2 2 2 2 2 2 2 2 2 2 2 2 2 2 2 2
left_child=1 2 3 4 5 6 7 8 9 10 12 -12 13 14 17 -3 -6 18 27 20 21 22 23 24 25 26 -19 -1 29 -29
right_child=-2 15 -4 -5 16 -7 -8 -9 -10 -11 11 -13 -14 -15 -16 -17 -18 19 -20 -21 -22 -23 -24 -25 -26 -27 -28 28 -30 -31
leaf_value=-7.3598845092262849e-06 0.0008453846909105778 -0.0016532784921582788 0.0020225836790632458 -0.0018537361883500126 0.0001879523298703134 -0.00087165242654737088 0.0015177689363675504 -0.001595892598507581 0.0013814387741149404 -0.0010289493452517256 -0.00041802847789811152 0.0023050972726196052 -0.0015228483413990874 0.0012813418896661865 -0.0013951033569173888 -9.2038868460804222e-05 0.0017295333236688748 -0.00026783145056106155 0.0018113132752478123 -0.001601083405638257 0.00086002029366080918 -0.0025773331819271498 0.0010096681769937276 -0.0018243787749573433 0.0015858116949227855 -0.0024483880006962201 0.0011242287457679156 0.00081301227222535424 0.0016051990805532445 -0.001765962667940628
leaf_weight=1856 20 20 20 20 20 50 30 27 32 31 21 20 26 27 20 20 20 75 20 26 59 22 20 24 26 22 27 44 33 21
leaf_count=1856 20 20 20 20 20 50 30 27 32 31 21 20 26 27 20 20 20 75 20 26 59 22 20 24 26 22 27 44 33 21
internal_value=-2.90257e-12 -6.3112e-06 6.82025e-06 -8.57313e-06 5.62589e-06 -9.27238e-06 7.91335e-06 -1.03584e-05 7.10059e-06 -1.10725e-05 2.13563e-06 0.000910326 -1.37229e-05 3.17517e-06 -1.18621e-05 -0.000872659 0.000958743 2.98273e-07 3.76014e-05 -0.000244341 -0.000116067 -0.000382684 -0.000133806 -0.00026524 -1.57774e-05 -0.000351595 0.000100655 1.94467e-05 0.000527132 -2.0195e-05
internal_weight=2699 2679 2639 2619 2599 2559 2509 2479 2452 2420 2389 41 2348 2322 2295 40 40 2275 1974 301 275 216 194 174 150 124 102 1954 98 65
internal_count=2699 2679 2639 2619 2599 2559 2509 2479 2452 2420 2389 41 2348 2322 2295 40 40 2275 1974 301 275 216 194 174 150 124 102 1954 98 65
is_linear=0
shrinkage=0.1


Tree=54
num_leaves=31
num_cat=0
split_feature=3 8 4 4 4 8 9 4 9 7 9 10 3 8 4 4 8 5 8 4 8 3 8 8 3 3 7 3 10 8
split_gain=0.00131914 0.00666077 0.00226952 0.00772739 0.00242726 0.0109981 0.00810942 0.00553693 0.00577748 0.00348804 0.00701775 0.00534309 0.00444897 0.00339081 0.00336982 0.0125163 0.0220789 0.013892 0.00736133 0.00705761 0.00813624 0.00625649 0.00619418 0.00557594 0.00602319 0.00629394 0.00619059 0.011473 0.00563525 0.0113742
threshold=6.0037295818328866 5.6709382534027108 5.2554941177368173 5.4554865360260019 10.962353706359865 11.385298252105715 14.293572425842287 11.565136909484865 15.277574062347414 14.502822399139406 18.747320175170902 16.335847854614261 13.953649044036867 12.241129875183107 13.11917018890381 14.24530601501465 16.015061855316166 17.271064758300785 17.225082397460941 12.298355102539064 14.960207939147949 17.3291130065918 14.667545318603517 17.068462371826175 23.465167999267582 23.850419044494632 0.79333099722862255 20.185943603515629 20.679299354553226 18.297430992126468
decision_type=2 2 2 2 2 2 2 2 2 2 2 2 2 2 2 2 2 2 2 2 2 2 2 2 2 2 2 2 2 2
left_child=-1 -2 -3 -4 5 6 -5 8 13 11 -11 12 -7 -6 19 16 17 -16 -18 -9 -21 -17 -19 -23 26 -26 27 -25 29 -28
right_child=1 2 3 4 7 9 -8 14 -10 10 -12 -13 -14 -15 15 21 18 22 -20 20 -22 23 -24 24 25 -27 28 -29 -30 -31
leaf_value=0.00032269571477755107 -0.00091334362587076618 0.0005310022169241409 -0.0018281533079140861 2.1520570197790751e-05 -0.00098131520873201753 0.0015960193640138542 -0.0018949203861310432 -0.00026763528003357354 -0.0023452539951540532 -0.00050043648966080088 0.0015475154530981349 0.0022917891043283409 0.00012540990331520637 0.00060300696456000555 -0.001639622130833969 0.0010092550652071595 -0.0043121970875654369 -0.00033965616641277546 -0.0015990197783685288 0.00039386985607077962 0.0024067660585777566 -0.00094443150091753903 0.0018002117122147953 -0.0023421932198107241 -0.0018410877030692063 -4.6773241864440261e-05 0.001143002586128811 0.00087117365747690207 0.0011109779205980886 -0.0018505693492691289
leaf_weight=121 80 82 23 552 35 36 23 88 20 44 27 31 48 22 37 62 20 24 20 71 28 62 31 20 20 867 30 25 128 22
leaf_count=121 80 82 23 552 35 36 23 88 20 44 27 31 48 22 37 62 20 24 20 71 28 62 31 20 20 867 30 25 128 22
internal_value=-2.55683e-12 -1.51459e-05 1.36194e-05 -3.94076e-06 1.35924e-05 0.00016108 -5.51371e-05 -5.51808e-05 -0.000882922 0.000829492 0.000278362 0.00116976 0.000755671 -0.000369822 -1.4193e-05 -6.86202e-05 -0.000994209 -0.000141426 -0.00295561 0.00038397 0.000963174 3.02291e-05 0.000866451 -2.14742e-05 2.99857e-05 -8.72313e-05 0.000492081 -0.000556989 0.000754348 -0.000123509
internal_weight=2699 2578 2498 2416 2393 761 575 1632 77 186 71 115 84 57 1555 1368 132 92 40 187 99 1236 55 1174 1112 887 225 45 180 52
internal_count=2699 2578 2498 2416 2393 761 575 1632 77 186 71 115 84 57 1555 1368 132 92 40 187 99 1236 55 1174 1112 887 225 45 180 52
is_linear=0
shrinkage=0.1


Tree=55
num_leaves=31
num_cat=0
split_feature=8 3 10 9 1 6 10 3 3 9 6 10 6 9 4 4 3 8 4 4 4 4 3 5 9 9 4 9 9 8
split_gain=0.00126416 0.00505602 0.00238861 0.00279249 0.0126957 0.00395118 0.00173832 0.00247974 0.00728663 0.00445228 0.00265262 0.00271306 0.00203683 0.00471041 0.0023631 0.00359106 0.0119046 0.00419315 0.00148449 0.0113892 0.00825276 0.00670516 0.00573671 0.00644035 0.00520962 0.00511204 0.0125246 0.00565778 0.00744116 0.00391156
threshold=75.771553039550795 76.739543914794936 69.04422760009767 53.134258270263679 65.500000000000014 47.964429855346687 51.201152801513679 48.14656066894532 45.996196746826179 42.234256744384773 39.589262008666999 41.722911834716804 35.048412322998054 37.141489028930671 30.749659538269047 27.686420440673832 32.697002410888679 28.886590957641605 20.401401519775394 19.510127067565922 21.080568313598636 19.965983390808109 24.615886688232425 26.584615707397464 23.441194534301761 28.179731369018558 23.792849540710453 27.139632225036625 26.557673454284672 27.248775482177738
decision_type=2 2 2 2 2 2 2 2 2 2 2 2 2 2 2 2 2 2 2 2 2 2 2 2 2 2 2 2 2 2
left_child=1 2 3 5 -5 6 7 8 9 10 11 12 14 -14 15 17 -17 18 19 -1 24 -21 -22 -24 -20 27 -27 28 -25 -28
right_child=-2 -3 -4 4 -6 -7 -8 -9 -10 -11 -12 -13 13 -15 -16 16 -18 -19 20 21 22 -23 23 25 -26 26 29 -29 -30 -31
leaf_value=1.2990358868015165e-05 0.00079208474373444922 -0.0015899393789004534 0.001094726666342467 0.0009820485953241588 -0.0025383828119153067 0.0011713909531204864 -0.00080058704522714295 0.00084195612994205607 -0.001906740290578455 0.0014956797470222227 -0.0010955345142230561 0.0011391948832689585 -0.0017183565291237425 0.00030741961721408493 0.0010191095527261496 0.00055526433051064877 -0.0025151673871416438 0.0011051265439683837 0.00041153870895504954 -0.0022489689183809486 0.0011080864709443771 -0.00011716055497527122 -0.0016545021078652807 0.00047383897508552765 0.0024969400435625373 -0.0024859981156769208 0.0011036569208727088 0.0014318354325557783 -0.001735971171874553 -0.00057214164873585103
leaf_weight=1892 20 20 20 20 21 29 27 35 20 20 22 21 22 24 23 28 23 35 25 36 39 25 27 64 23 25 26 37 20 30
leaf_count=1892 20 20 20 20 21 29 27 35 20 20 22 21 22 24 23 28 23 35 25 36 39 25 27 64 23 25 26 37 20 30
internal_value=1.06317e-12 -5.91329e-06 6.00116e-06 -2.24988e-06 -0.000821099 1.06727e-05 -2.43001e-06 6.04766e-06 -5.62239e-06 9.66606e-06 -2.38107e-06 7.45507e-06 -2.34961e-06 -0.00066143 1.03996e-05 5.48114e-07 -0.00082944 1.89203e-05 2.1652e-06 -3.03708e-05 0.00020325 -0.00137528 -1.30266e-05 -0.000203959 0.00141079 -1.0074e-05 -0.000624927 0.000401522 -5.23063e-05 0.000205908
internal_weight=2699 2679 2659 2639 41 2598 2569 2542 2507 2487 2467 2445 2424 46 2378 2355 51 2304 2269 1953 316 61 268 229 48 202 81 121 84 56
internal_count=2699 2679 2659 2639 41 2598 2569 2542 2507 2487 2467 2445 2424 46 2378 2355 51 2304 2269 1953 316 61 268 229 48 202 81 121 84 56
is_linear=0
shrinkage=0.1


Tree=56
num_leaves=31
num_cat=0
split_feature=7 7 7 7 7 7 7 8 4 3 10 10 3 6 3 4 4 3 4 3 5 10 1 5 4 4 4 3 8 7
split_gain=0.0013585 0.00232674 0.0063544 0.00558151 0.00310221 0.00316879 0.0101199 0.00603995 0.00560609 0.0032942 0.00278314 0.00272589 0.00442625 0.00369163 0.0027235 0.00266312 0.00221913 0.00572933 0.00455419 0.00298996 0.00721104 0.00912745 0.00777926 0.00592774 0.0052782 0.00547445 0.0071879 0.00420306 0.00413445 0.00812997
threshold=239.97868347167972 105.32255935668947 83.128631591796889 67.04483795166017 55.027532577514656 42.379907608032234 40.066024780273445 65.842441558837905 48.984283447265632 49.961791992187507 46.99903869628907 43.438066482543952 41.496656417846687 35.479139328002937 34.41467475891114 31.235956192016605 27.686420440673832 33.315364837646491 25.303483963012699 25.718162536621097 25.19511699676514 24.093691825866703 64.500000000000014 24.170311927795414 14.69425678253174 18.772157669067386 19.863483428955082 23.465167999267582 19.00317478179932 0.79333099722862255
decision_type=2 2 2 2 2 2 2 2 2 2 2 2 2 2 2 2 2 2 2 2 2 2 2 2 2 2 2 2 2 2
left_child=1 2 3 4 5 6 7 8 9 10 11 12 13 15 -7 16 18 -18 19 20 21 23 -22 27 -21 -26 -27 28 -1 -30
right_child=-2 -3 -4 -5 -6 14 -8 -9 -10 -11 -12 -13 -14 -15 -16 -17 17 -19 -20 24 22 -23 -24 -25 25 26 -28 -29 29 -31
leaf_value=-2.5172343371757347e-05 0.00082110694609582424 -0.00076309703154038295 0.0017810460029795651 -0.0016723813524004074 0.00087844070221763113 -3.0648672013896809e-05 0.0022485819313442334 -0.0014974009763035511 0.0012816196019925616 -0.0010708429140103019 0.0010109332640206926 -0.0010284052302057926 0.0013522459591816492 -0.0009775017452342675 -0.0013788639443866428 0.0011525722144870088 0.00021939603287527074 -0.001762695048004389 0.00088426710435904733 -0.0017271245553274639 0.0001617614894585554 -0.0018654078970519968 0.0022811096394434573 0.0011549698110643982 0.00062250789147443508 -0.0022301070351386444 -0.00023996153049294516 -0.0010620258197918335 -0.00069422325468622155 0.0012255901159246413
leaf_weight=1547 20 40 20 20 40 29 20 27 34 29 27 26 24 39 31 20 35 25 58 24 43 26 29 45 65 20 196 37 32 71
leaf_count=1547 20 40 20 20 40 29 20 27 34 29 27 26 24 39 31 20 35 25 58 24 43 26 29 45 65 20 196 37 32 71
internal_value=1.43492e-12 -6.12995e-06 5.34359e-06 -8.21656e-06 4.58963e-06 -9.06963e-06 8.17304e-06 -9.90207e-06 6.47741e-06 -1.14526e-05 1.40728e-06 -1.01326e-05 1.20091e-06 -1.28238e-05 -0.000727227 3.72811e-06 -6.47024e-06 -0.000606475 9.94576e-06 -1.38063e-05 3.45061e-05 -5.66654e-06 0.00101539 2.22511e-05 -0.000303681 -0.000182105 -0.000424234 -7.96373e-06 1.56728e-05 0.000629143
internal_weight=2699 2679 2639 2619 2599 2559 2499 2479 2452 2418 2389 2362 2336 2312 60 2273 2253 60 2193 2135 1830 1758 72 1732 305 281 216 1687 1650 103
internal_count=2699 2679 2639 2619 2599 2559 2499 2479 2452 2418 2389 2362 2336 2312 60 2273 2253 60 2193 2135 1830 1758 72 1732 305 281 216 1687 1650 103
is_linear=0
shrinkage=0.1


Tree=57
num_leaves=31
num_cat=0
split_feature=8 3 3 8 4 4 8 1 7 3 3 5 5 3 7 10 8 4 6 7 7 8 4 4 4 8 7 8 9 8
split_gain=0.00123339 0.00694821 0.00209583 0.00301972 0.00186318 0.00789003 0.00319779 0.0037038 0.00181541 0.00167494 0.00830327 0.0110719 0.00685391 0.00474753 0.00491668 0.00484262 0.00410613 0.00526106 0.00785346 0.0067086 0.00733183 0.00487382 0.0118534 0.0067476 0.00551484 0.0199933 0.00688289 0.00510559 0.00337031 0.00327056
threshold=4.0516512393951425 4.7265207767486581 7.4170935153961191 5.6709382534027108 5.3301422595977792 5.509042739868165 7.8321146965026864 63.500000000000007 1.6115736365318301 15.667819976806642 16.14762115478516 16.527112960815433 17.271064758300785 17.0229606628418 1.3066629171371462 16.035202026367191 11.568116188049318 10.962353706359865 15.587821483612062 14.502822399139406 20.647258758544922 13.623694896698 12.298355102539064 13.11917018890381 14.69425678253174 16.093758583068851 8.3588676452636737 15.047105312347414 14.293572425842287 17.068462371826175
decision_type=2 2 2 2 2 2 2 2 2 2 2 2 2 2 2 2 2 2 2 2 2 2 2 2 2 2 2 2 2 2
left_child=1 -1 8 -4 6 -6 7 -5 -2 12 11 -11 -7 14 -12 -16 28 19 -19 -18 -21 -20 -23 -24 25 27 -27 -25 -15 -26
right_child=2 -3 3 4 5 9 -8 -9 -10 10 13 -13 -14 16 15 -17 17 18 21 20 -22 22 23 24 29 26 -28 -29 -30 -31
leaf_value=0.00040024484158493581 0.00019261237094961422 -0.0016996225337676991 -0.00084202170566937253 0.00068795369550475464 -0.0019422434317502416 6.4821513827779026e-05 0.0015745822340250016 -0.00099329139804467566 0.0010410635899461341 -1.6008939207191969e-05 -0.00057525500655174254 -0.002932256022873132 0.0015414650622529516 -0.00031493032733910574 6.1712072056252507e-05 0.0019931139903800453 0.0020760752136993687 -0.0019835580625762565 0.0014768186313587996 -0.0013646521616638417 0.00089039169989004938 -0.0020942977097417629 0.0013352301840010719 -0.0003539772778326138 -0.00080623886092229084 -0.0036745985969901087 -0.0012456854788719543 0.0015002354591464005 -0.0019261556441779249 4.5485380790903694e-05
leaf_weight=40 119 26 43 38 21 662 20 20 32 30 20 23 33 37 21 34 26 21 21 21 46 28 36 33 47 20 28 27 20 1106
leaf_count=40 119 26 43 38 21 662 20 20 32 30 20 23 33 37 21 34 26 21 21 21 46 28 36 33 47 20 28 27 20 1106
internal_value=2.72141e-13 -0.000426976 1.07028e-05 -1.13032e-05 3.34253e-06 -1.25437e-05 0.000484206 0.000108214 0.000372417 4.77413e-06 -5.02181e-05 -0.00128155 0.000134936 -9.22523e-06 0.000767423 0.00125567 -4.76225e-05 -1.51149e-05 -6.46277e-05 0.00071267 0.000183587 -3.46889e-05 -5.86449e-05 -1.46987e-05 -5.32375e-05 -0.000736538 -0.00225773 0.000480418 -0.000880273 1.07664e-05
internal_weight=2699 66 2633 2482 2439 2361 78 58 151 2340 1645 53 695 1592 75 55 1517 1460 1367 93 67 1346 1325 1297 1261 108 48 60 57 1153
internal_count=2699 66 2633 2482 2439 2361 78 58 151 2340 1645 53 695 1592 75 55 1517 1460 1367 93 67 1346 1325 1297 1261 108 48 60 57 1153
is_linear=0
shrinkage=0.1


Tree=58
num_leaves=31
num_cat=0
split_feature=8 3 10 5 3 7 3 3 10 8 5 3 6 7 4 6 9 9 8 3 9 9 8 8 8 10 6 1 7 7
split_gain=0.00119457 0.0041211 0.00215918 0.00276087 0.00612378 0.00442095 0.00283252 0.00162283 0.00784296 0.00372929 0.00316221 0.0033099 0.00447865 0.00238159 0.00213149 0.00326889 0.00311628 0.0026889 0.00287135 0.00196701 0.00174787 0.0101723 0.0067868 0.00795563 0.00642702 0.00430623 0.0041957 0.00432506 0.00367594 0.010112
threshold=75.771553039550795 76.739543914794936 69.04422760009767 60.336885452270515 54.580209732055671 25.503668785095218 52.152519226074226 48.14656066894532 45.740594863891609 37.09680366516114 42.879808425903327 40.227567672729499 35.479139328002937 3.772024512290955 31.235956192016605 33.627820968627937 32.527116775512702 30.662393569946296 28.886590957641605 49.961791992187507 26.754080772399906 27.139632225036625 23.243500709533695 22.529483795166019 23.849312782287601 25.508724212646488 25.878905296325687 64.500000000000014 20.126412391662601 10.624803543090822
decision_type=2 2 2 2 2 2 2 2 2 2 2 2 2 2 2 2 2 2 2 2 2 2 2 2 2 2 2 2 2 2
left_child=1 2 3 4 6 -5 7 8 9 10 11 12 14 -11 15 16 17 18 20 -9 22 -22 23 -1 -24 -25 27 -26 29 -23
right_child=-2 -3 -4 5 -6 -7 -8 19 -10 13 -12 -13 -14 -15 -16 -17 -18 -19 -20 -21 21 28 24 25 26 -27 -28 -29 -30 -31
leaf_value=6.3039934218936027e-06 0.00076997363241389401 -0.0014358408650150525 0.0010401255846954882 -0.001878612192813307 0.0014303092095845689 0.00022399432957172393 -0.0011921616736799479 0.0013357520772842692 -0.0019319517166531159 0.00019488992897095161 -0.00097919433438536647 0.00097176125273108489 -0.0014979634420888034 0.0017381305628805421 0.0010327665216755123 -0.0012769637783640066 0.00098699231248247101 -0.00094722040385628752 0.0011696501330117741 -6.6750503610819574e-05 -0.0024340670579113067 0.0002970441615104046 0.0021874215137213469 -0.00038203902684314097 -0.0013525213303399227 -0.0023389894935958596 0.0010768858848551159 0.00061258928811488056 0.00086452236798192786 -0.0019765872124548035
leaf_weight=1926 20 20 20 20 30 20 20 20 21 20 33 35 20 20 20 20 32 30 21 20 20 71 25 23 21 22 43 24 35 27
leaf_count=1926 20 20 20 20 30 20 20 20 21 20 33 35 20 20 20 20 32 30 21 20 20 71 25 23 21 22 43 24 35 27
internal_value=-2.7641e-12 -5.74822e-06 5.0084e-06 -2.83637e-06 9.85271e-06 -0.000827309 -6.73495e-06 2.56616e-06 -7.50853e-06 8.73476e-06 -6.91516e-06 6.37064e-06 -7.82628e-06 0.00096651 4.802e-06 -3.98402e-06 6.98994e-06 -6.71638e-06 5.77924e-06 0.000634501 -5.14668e-06 -0.000331378 1.88041e-05 -2.44055e-05 0.000772485 -0.00133877 0.000370515 -0.000304462 -1.51837e-05 -0.000329364
internal_weight=2699 2679 2659 2639 2599 40 2569 2549 2509 2488 2448 2415 2380 40 2360 2340 2320 2288 2258 40 2237 153 2084 1971 113 45 88 45 133 98
internal_count=2699 2679 2659 2639 2599 40 2569 2549 2509 2488 2448 2415 2380 40 2360 2340 2320 2288 2258 40 2237 153 2084 1971 113 45 88 45 133 98
is_linear=0
shrinkage=0.1


Tree=59
num_leaves=31
num_cat=0
split_feature=7 9 8 10 3 9 8 6 8 4 8 8 9 1 3 6 6 9 6 9 4 9 9 6 4 6 6 6 9 8
split_gain=0.00122455 0.00200013 0.00279694 0.0032468 0.00507327 0.00247847 0.00217496 0.00423771 0.00195911 0.00355791 0.0030557 0.00382807 0.00170724 0.00718444 0.00912334 0.00184821 0.00988004 0.00728672 0.00602328 0.00545376 0.00872399 0.00569782 0.00330014 0.00183189 0.00617753 0.00506756 0.00229358 0.010374 0.00469399 0.00915803
threshold=239.97868347167972 73.125194549560561 61.776363372802741 58.20775222778321 54.580209732055671 47.756767272949226 40.965095520019538 40.439781188964851 36.447523117065437 32.164999008178718 32.544279098510749 31.30210113525391 31.594530105590824 59.500000000000007 38.364452362060554 26.771781921386722 27.383481979370121 28.179731369018558 26.531745910644535 29.055979728698734 23.273763656616214 30.091048240661625 27.619192123413089 25.56931304931641 23.067812919616703 25.007360458374027 24.253949165344242 23.975524902343754 22.596256256103519 21.037702560424808
decision_type=2 2 2 2 2 2 2 2 2 2 2 2 2 2 2 2 2 2 2 2 2 2 2 2 2 2 2 2 2 2
left_child=1 2 3 4 5 6 7 8 9 10 11 12 15 -14 -15 18 -17 22 23 -19 -21 -22 -18 25 -25 26 27 28 29 -1
right_child=-2 -3 -4 -5 -6 -7 -8 -9 -10 -11 -12 -13 13 14 -16 16 17 19 -20 20 21 -23 -24 24 -26 -27 -28 -29 -30 -31
leaf_value=-2.6794130376983332e-06 0.00077957458794116982 -0.00089609262160956864 0.0011806709878146649 -0.00093653391137391939 0.0012997596317048496 -0.001019690901496991 0.00074234232187080085 -0.0011721623993869272 0.0008678023669814978 -0.001069347691842385 0.00087557897262740885 -0.0012623250106116757 -0.00078564091281105699 0.0028598677716217937 -0.0001606185667333193 -0.0019711061993924282 0.00034703862387686969 -0.0015446204715772183 0.0017472633335273713 -0.0016763181461061797 0.0016955300264439926 -0.00023792666033841672 0.0020053865667432548 -0.001341003878042102 0.00074597565082671203 0.0013096960536980382 -0.00074934215517714626 0.0022813802736345681 -0.00069326187110211896 0.0016784791037383858
leaf_weight=1791 20 25 20 37 30 24 39 31 26 31 40 24 26 20 20 30 30 32 20 23 27 35 20 37 23 30 40 20 95 33
leaf_count=1791 20 25 20 37 30 24 39 31 26 31 40 24 26 20 20 30 30 32 20 23 27 35 20 37 23 30 40 20 95 33
internal_value=1.48872e-12 -5.81989e-06 2.56625e-06 -6.37912e-06 6.87299e-06 -8.23671e-06 1.30907e-06 -1.02326e-05 4.33265e-06 -4.84194e-06 8.81687e-06 -5.77509e-06 7.04685e-06 0.000508459 0.00134962 -7.42963e-06 -0.000300231 -7.42802e-08 2.01826e-05 -0.000431891 -1.29816e-05 0.000604063 0.00101038 3.48777e-06 -0.000540995 1.97491e-05 1.94554e-07 1.56569e-05 -7.95669e-06 2.77363e-05
internal_weight=2699 2679 2654 2634 2597 2567 2543 2504 2473 2447 2416 2376 2352 66 40 2286 197 167 2089 117 85 62 50 2069 60 2009 1979 1939 1919 1824
internal_count=2699 2679 2654 2634 2597 2567 2543 2504 2473 2447 2416 2376 2352 66 40 2286 197 167 2089 117 85 62 50 2069 60 2009 1979 1939 1919 1824
is_linear=0
shrinkage=0.1


Tree=60
num_leaves=31
num_cat=0
split_feature=8 8 4 9 8 4 9 4 4 3 9 8 9 6 6 9 9 8 1 6 10 4 8 1 8 9 10 5 10 3
split_gain=0.0011306 0.00337407 0.00294863 0.00379414 0.00344651 0.00132727 0.00523954 0.00710519 0.00762577 0.00400025 0.00204884 0.00649573 0.00248319 0.00230262 0.0024148 0.00579879 0.00315522 0.00203024 0.00373332 0.00297171 0.00508689 0.00249154 0.00272614 0.00454024 0.00266385 0.00295127 0.0023989 0.00399813 0.00275115 0.00732398
threshold=75.771553039550795 65.842441558837905 54.896280288696296 53.134258270263679 45.359569549560554 40.660638809204109 45.723308563232429 36.865966796875007 34.545497894287116 48.14656066894532 39.55224800109864 34.236288070678718 35.489023208618171 33.981397628784187 31.925686836242679 31.594530105590824 33.457607269287116 27.953382492065433 62.500000000000007 29.691039085388187 33.974044799804695 25.303483963012699 25.777099609375004 63.500000000000007 24.754202842712406 26.102230072021488 30.015310287475589 30.397915840148929 26.756295204162605 28.626436233520511
decision_type=2 2 2 2 2 2 2 2 2 2 2 2 2 2 2 2 2 2 2 2 2 2 2 2 2 2 2 2 2 2
left_child=1 2 3 4 5 6 7 8 9 10 11 12 13 14 15 17 -16 19 -19 20 21 22 24 -24 26 -26 27 28 -1 -30
right_child=-2 -3 -4 -5 -6 -7 -8 -9 -10 -11 -12 -13 -14 -15 16 -17 -18 18 -20 -21 -22 -23 23 -25 25 -27 -28 -29 29 -31
leaf_value=2.2259302273734497e-05 0.00074907224159687764 -0.0012995942123234273 0.0011570488176816567 -0.00099748010551066794 0.0011545913571563479 -0.00077594962733035743 -0.0014082063625280102 0.0016321723086380022 -0.0018963520514911842 0.0012511702361874856 -0.00095647197132083515 0.0015272421292528244 -0.0010873857153845686 0.00089044155761728 -7.2785652821149788e-05 0.001663397473471594 -0.0016645572695415467 0.00031937137301567769 -0.0014892462212592363 0.0011915554935556082 -0.001516675007984635 0.00098463632658912022 -0.0017065386122946319 0.00033353266306221488 -0.00029886354284826668 0.0012018972445634734 -0.00066050545967839391 0.0012978688115254046 -0.0015883652197599815 0.00042955925688147549
leaf_weight=1910 20 20 22 38 26 22 26 27 21 26 22 28 21 29 33 21 20 21 25 21 22 26 24 20 20 38 54 24 37 35
leaf_count=1910 20 20 22 38 26 22 26 27 21 26 22 28 21 29 33 21 20 21 25 21 22 26 24 20 20 38 54 24 37 35
internal_value=3.43278e-12 -5.59217e-06 4.14082e-06 -5.47767e-06 9.0264e-06 -2.54946e-06 4.1204e-06 1.86632e-05 1.22332e-06 1.7311e-05 4.22228e-06 1.29235e-05 -4.73619e-06 4.8166e-06 -6.10774e-06 9.28363e-06 -0.000673454 -5.9717e-06 -0.000663573 7.58709e-06 -3.66329e-06 1.15498e-05 -1.52435e-07 -0.000779233 1.60324e-05 0.000684394 -2.78549e-06 1.49198e-05 -6.15374e-07 -0.00060743
internal_weight=2699 2679 2659 2637 2599 2573 2551 2525 2498 2477 2451 2429 2401 2380 2351 2298 53 2277 46 2231 2210 2188 2162 44 2118 58 2060 2006 1982 72
internal_count=2699 2679 2659 2637 2599 2573 2551 2525 2498 2477 2451 2429 2401 2380 2351 2298 53 2277 46 2231 2210 2188 2162 44 2118 58 2060 2006 1982 72
is_linear=0
shrinkage=0.1


Tree=61
num_leaves=31
num_cat=0
split_feature=7 9 8 10 3 4 1 7 4 7 4 4 9 9 8 7 3 8 8 8 8 6 3 5 8 4 4 8 1 10
split_gain=0.00111679 0.00166351 0.00239731 0.00255023 0.00418136 0.00228653 0.00430983 0.00844117 0.00310339 0.00663171 0.00629637 0.00686723 0.0079297 0.00337515 0.00329174 0.00286044 0.00292972 0.00197636 0.00285429 0.00186907 0.00215993 0.00399314 0.00349446 0.00343194 0.00165986 0.00366677 0.00406737 0.00317168 0.00871997 0.00663546
threshold=239.97868347167972 73.125194549560561 61.776363372802741 58.20775222778321 54.580209732055671 34.545497894287116 61.500000000000007 4.260897397994996 29.209688186645511 16.151267051696781 27.686420440673832 26.465429306030277 34.038253784179695 31.594530105590824 28.886590957641605 7.1562864780426034 33.315364837646491 27.102826118469242 26.362543106079105 25.777099609375004 24.754202842712406 26.870123863220218 30.302593231201175 28.201606750488285 24.278219223022464 22.5741081237793 21.640923500061039 21.679194450378422 65.500000000000014 26.417278289794925
decision_type=2 2 2 2 2 2 2 2 2 2 2 2 2 2 2 2 2 2 2 2 2 2 2 2 2 2 2 2 2 2
left_child=1 2 3 4 5 8 -7 -8 10 15 11 12 13 17 -13 16 -10 18 19 20 21 24 23 -22 25 26 27 -1 29 -29
right_child=-2 -3 -4 -5 -6 6 7 -9 9 -11 -12 14 -14 -15 -16 -17 -18 -19 -20 -21 22 -23 -24 -25 -26 -27 -28 28 -30 -31
leaf_value=2.3697449062374278e-05 0.00074448302853852516 -0.00081746520660817628 0.0010927869752049447 -0.00083055238780641082 0.0011793017767680188 -0.0013135901872852916 0.0013267468048811513 -0.0011737974472688859 -0.00050002566538751134 0.0018606419043083276 -0.0013257222322863528 0.00039876982162240899 -0.0015093910832807266 0.0012126239644282538 0.0022130840539466589 -0.00090142548168924716 0.0010338110341267153 -0.00071999829087872065 0.0010698020574636759 -0.00080227328881878285 0.00097616956620532572 -0.0010864816482781489 0.0016355185813847044 -0.00081107204737649718 0.00089067945123783184 -0.0012869529039810667 0.0013633507504974577 0.0013106685256518956 -0.0017095033214364098 -0.00098166358252258401
leaf_weight=1893 20 25 20 37 30 38 27 27 20 28 36 20 35 23 20 22 33 38 25 29 21 34 21 22 21 22 22 28 39 23
leaf_count=1893 20 25 20 37 30 38 27 27 20 28 36 20 35 23 20 22 33 38 25 29 21 34 21 22 21 22 22 28 39 23
internal_value=-2.09622e-12 -5.55792e-06 2.09004e-06 -6.19164e-06 5.5532e-06 -8.16416e-06 -0.000497683 7.64747e-05 1.00321e-05 0.000547397 -1.3302e-05 6.9236e-06 -1.57071e-05 7.41493e-06 0.00130593 5.71185e-05 0.000455005 -4.97105e-06 7.37943e-06 -4.83233e-06 5.9439e-06 -1.16457e-05 0.000578154 6.17669e-05 6.1983e-06 -2.96505e-06 1.11236e-05 -3.87842e-06 -0.000583891 0.000276872
internal_weight=2699 2679 2654 2634 2597 2567 92 54 2475 103 2372 2336 2296 2261 40 75 53 2238 2200 2175 2146 2082 64 43 2048 2027 2005 1983 90 51
internal_count=2699 2679 2654 2634 2597 2567 92 54 2475 103 2372 2336 2296 2261 40 75 53 2238 2200 2175 2146 2082 64 43 2048 2027 2005 1983 90 51
is_linear=0
shrinkage=0.1


Tree=62
num_leaves=31
num_cat=0
split_feature=6 9 6 6 9 10 4 1 6 3 9 8 9 6 6 9 9 1 8 6 6 8 4 4 9 6 3 1 6 6
split_gain=0.00118538 0.00548858 0.00434696 0.00283318 0.00371848 0.00133082 0.00219918 0.00611712 0.00799637 0.00482693 0.00346112 0.00489555 0.00195778 0.00173456 0.00201586 0.00437786 0.00249359 0.00142876 0.00733499 0.00569038 0.00439526 0.00696149 0.00974807 0.00616631 0.003341 0.00779889 0.0077284 0.00535474 0.00434773 0.015112
threshold=68.500106811523452 62.949447631835945 80.332885742187514 54.259517669677741 51.237966537475593 52.449163436889656 34.545497894287116 63.500000000000007 43.842613220214851 48.14656066894532 39.55224800109864 34.236288070678718 35.489023208618171 33.981397628784187 31.925686836242679 31.594530105590824 33.457607269287116 60.500000000000007 27.953382492065433 28.155976295471195 26.771781921386722 22.974575042724613 19.311642646789554 18.307634353637699 18.108893394470218 18.650430679321293 22.35740947723389 54.500000000000007 15.985074520111086 15.389036178588867
decision_type=2 2 2 2 2 2 2 2 2 2 2 2 2 2 2 2 2 2 2 2 2 2 2 2 2 2 2 2 2 2
left_child=1 3 -2 4 5 6 9 8 -8 10 11 12 13 14 15 17 -16 19 -19 20 21 22 23 24 28 -26 -27 -28 29 -1
right_child=2 -3 -4 -5 -6 -7 7 -9 -10 -11 -12 -13 -14 -15 16 -17 -18 18 -20 -21 -22 -23 -24 -25 25 26 27 -29 -30 -31
leaf_value=0.00016147169639520921 0.0015827956981956958 -0.0016584768245229498 -0.00050214132992550727 0.00097063789765040084 -0.0013650344172492623 0.00066592985841756067 0.0014656720457132907 -0.0015169178022603905 -0.001089786754770709 0.0014550077035496742 -0.0012213978744314417 0.0013257441776139396 -0.00096553090808724627 0.00077292320302462794 -8.0962968764431551e-05 0.0014460804338644571 -0.0014960346708539874 -3.4302529542103666e-05 -0.0016692288319713304 0.0012041762416629355 -0.0010937005380225 0.0014048701326828451 -0.001690269094251562 0.0017817311476738679 -0.0022487683966755869 0.0015167451362409021 0.00059773505102687832 -0.0012591787528931904 0.00094400375649759862 -0.0024060940910809831
leaf_weight=511 20 20 20 30 20 30 25 35 24 23 23 28 21 29 33 21 20 1375 28 44 33 38 32 21 20 23 24 44 60 24
leaf_count=511 20 20 20 30 20 30 25 35 24 23 23 28 21 29 33 21 20 1375 28 44 33 38 32 21 20 23 24 44 60 24
internal_value=2.11041e-12 -8.12827e-06 0.000540327 4.3791e-06 -6.73158e-06 3.7613e-06 -4.00152e-06 -0.000507205 0.000214019 1.30769e-05 -4.48557e-07 1.11125e-05 -4.21847e-06 4.2637e-06 -5.21785e-06 8.84478e-06 -0.000614952 -4.41036e-06 -6.69311e-05 9.59519e-05 3.72027e-05 8.40281e-05 1.78989e-05 9.30865e-05 4.28577e-05 -0.000460797 -6.78361e-05 -0.000603797 0.000136817 4.62912e-05
internal_weight=2699 2659 40 2639 2609 2589 2559 84 49 2475 2452 2429 2401 2380 2351 2298 53 2277 1403 874 830 797 759 727 706 111 91 68 595 535
internal_count=2699 2659 40 2639 2609 2589 2559 84 49 2475 2452 2429 2401 2380 2351 2298 53 2277 1403 874 830 797 759 727 706 111 91 68 595 535
is_linear=0
shrinkage=0.1


Tree=63
num_leaves=31
num_cat=0
split_feature=8 3 10 8 8 6 6 8 4 8 4 6 6 6 6 6 4 4 6 6 6 3 8 9 4 8 7 8 4 8
split_gain=0.00114563 0.00330453 0.00175351 0.0020416 0.00240825 0.00162127 0.0023117 0.00293933 0.00318873 0.00508248 0.0033105 0.00222376 0.00292135 0.0031332 0.00357474 0.00362731 0.0028884 0.00269347 0.00393641 0.00448975 0.00212885 0.0044389 0.0087824 0.00329776 0.00412663 0.0054885 0.0107693 0.0057585 0.00364937 0.00331256
threshold=75.771553039550795 76.739543914794936 69.04422760009767 55.64509582519532 46.548017501831062 47.165225982666023 44.72669982910157 39.537303924560554 33.289611816406257 33.57141304016114 30.749659538269047 36.030118942260749 34.499145507812507 33.004268646240241 31.925686836242679 30.456974983215336 27.092626571655277 25.303483963012699 29.105499267578129 28.470725059509281 26.771781921386722 30.456041336059574 24.889834403991703 26.354794502258304 22.5741081237793 22.846872329711918 3.8111041784286503 22.146557807922367 23.792849540710453 19.925178527832035
decision_type=2 2 2 2 2 2 2 2 2 2 2 2 2 2 2 2 2 2 2 2 2 2 2 2 2 2 2 2 2 2
left_child=1 2 3 4 5 6 7 8 9 11 -11 12 13 14 15 16 17 18 19 20 23 -22 -23 24 25 27 -27 29 -26 -1
right_child=-2 -3 -4 -5 -6 -7 -8 -9 -10 10 -12 -13 -14 -15 -16 -17 -18 -19 -20 -21 21 22 -24 -25 28 26 -28 -29 -30 -31
leaf_value=-2.8746885245941447e-05 0.0007540372526273131 -0.0012862259207759054 0.0009368266281671822 -0.00098513250039624321 0.00084093887845109047 -0.00079186993221250874 0.00088954485856510435 -0.00096070690688065952 0.00087844417827976197 -0.00025488777213137259 -0.0020325343450531366 0.00096597988546515503 -0.0011484471536029807 0.00089813784564821391 -0.0010901947269060959 0.0009524539241101593 -0.0011484445157376203 0.00097763361492460331 -0.0011875065816898964 0.0014971747490926646 -0.0014742431137710812 -0.0011771066840738059 0.0015968893942911002 0.00089890010904793345 -0.0019190936931408943 0.0028506969657610174 -2.9448184146973735e-05 -0.001285512771989618 -7.6105943034318363e-05 0.00047005851518204305
leaf_weight=1765 20 20 20 21 34 26 29 32 41 22 20 24 22 39 30 40 22 28 28 20 30 25 21 41 21 20 37 35 22 144
leaf_count=1765 20 20 20 21 34 26 29 32 41 22 20 24 22 39 30 40 22 28 28 20 30 25 21 41 21 20 37 35 22 144
internal_value=1.23744e-12 -5.62924e-06 4.00292e-06 -3.0666e-06 4.81093e-06 -6.19075e-06 1.79504e-06 -8.38477e-06 3.8196e-06 -1.07812e-05 -0.00110139 8.19368e-06 -1.42425e-06 9.23221e-06 -5.65286e-06 8.49949e-06 -8.21506e-06 2.99864e-06 -9.35527e-06 5.77001e-06 -8.0329e-06 -0.000527898 8.92828e-05 1.09166e-05 -6.89516e-06 1.39338e-05 0.000981129 -1.44253e-05 -0.00097617 8.87909e-06
internal_weight=2699 2679 2659 2639 2618 2584 2558 2529 2497 2456 42 2414 2390 2368 2329 2299 2259 2237 2209 2181 2161 76 46 2085 2044 2001 57 1944 43 1909
internal_count=2699 2679 2659 2639 2618 2584 2558 2529 2497 2456 42 2414 2390 2368 2329 2299 2259 2237 2209 2181 2161 76 46 2085 2044 2001 57 1944 43 1909
is_linear=0
shrinkage=0.1


Tree=64
num_leaves=31
num_cat=0
split_feature=8 3 4 3 4 7 8 9 9 4 4 7 7 3 8 4 4 7 9 3 3 5 3 10 3 1 7 7 7 7
split_gain=0.00106402 0.00563456 0.00170321 0.00129473 0.00353899 0.00146671 0.00141321 0.00474961 0.00470979 0.00292854 0.00246261 0.0023186 0.00378076 0.00150971 0.00358644 0.00622652 0.00610624 0.0059431 0.00812724 0.00346882 0.00624979 0.00337038 0.0030954 0.00812685 0.00650551 0.00396574 0.00396102 0.00977521 0.00679929 0.00351099
threshold=4.0516512393951425 4.7265207767486581 3.5065357685089116 7.4170935153961191 4.122706651687623 1.4159386157989504 7.2844197750091562 7.7740104198455819 8.477635860443117 6.312303066253663 6.6556556224823007 3.0124928951263432 9.3541560173034686 11.686558723449709 12.241129875183107 10.962353706359865 11.153771400451662 14.502822399139406 19.014306068420414 15.479907989501955 16.14762115478516 13.924560546875002 17.656102180480961 17.919202804565433 18.542915344238285 67.500000000000014 0.58257290720939647 0.45802962779998785 0.2232943773269653 1.0463753342628481
decision_type=2 2 2 2 2 2 2 2 2 2 2 2 2 2 2 2 2 2 2 2 2 2 2 2 2 2 2 2 2 2
left_child=1 -1 -2 5 -5 -4 7 -6 -9 11 -11 -8 -13 21 16 17 -15 -16 -19 -17 -21 -12 25 -24 -25 -22 27 28 -26 -28
right_child=2 -3 3 4 6 -7 9 8 -10 10 13 12 -14 14 15 19 -18 18 -20 20 22 -23 23 24 26 -27 29 -29 -30 -31
leaf_value=0.00034835240476240872 0.00077207303156369726 -0.0015426200062323076 0.0001230477858581043 -0.0012234409397933633 0.00015336432237794776 0.00090673214440504385 -0.00023539448822183269 -0.0022932413558010012 -0.00023440402210690082 -0.00099286463018506753 0.00011713236555850728 0.0018862999386619777 0.00014715901692397893 -0.00018516513973703124 0.0014208499204794894 0.00048414435417310701 -0.0016452579307951966 -0.0010631648695937569 0.0014847378612362913 -0.0012078467551517584 0.0011077239141598636 0.001369623416879525 -0.0018827356165274979 0.0014820963111040848 -0.00132134929722683 -0.00039107123178567875 0.00062315144925378268 -0.002658862231473904 0.0010673107758450966 -6.233344887115486e-05
leaf_weight=40 29 26 104 24 74 31 21 20 25 25 205 25 25 273 61 127 32 31 21 46 51 24 24 28 22 27 80 20 26 1132
leaf_count=40 29 26 104 24 74 31 21 20 25 25 205 25 25 273 61 127 32 31 21 46 51 24 24 28 22 27 80 20 26 1132
internal_value=-1.37243e-12 -0.000396576 9.94076e-06 1.45311e-06 -1.50351e-05 0.000303005 -3.17349e-06 -0.000339294 -0.00114944 1.40227e-05 -5.88754e-06 0.000646383 0.00101673 5.17723e-06 -2.26576e-05 3.41158e-05 -0.000338355 0.000751268 -3.42042e-05 -1.70769e-05 -6.07961e-05 0.000248398 -2.33746e-05 -5.92291e-05 -2.57703e-05 0.00058891 -5.87548e-05 -0.000801424 -2.74918e-05 -1.70869e-05
internal_weight=2699 66 2633 2604 2469 135 2445 119 45 2326 2255 71 50 2230 2001 1696 305 113 52 1583 1456 229 1410 1332 1308 78 1280 68 48 1212
internal_count=2699 66 2633 2604 2469 135 2445 119 45 2326 2255 71 50 2230 2001 1696 305 113 52 1583 1456 229 1410 1332 1308 78 1280 68 48 1212
is_linear=0
shrinkage=0.1


Tree=65
num_leaves=31
num_cat=0
split_feature=8 8 4 9 6 10 8 6 8 4 8 8 4 9 4 7 3 4 8 9 8 9 8 3 7 5 4 9 6 8
split_gain=0.000935653 0.00320225 0.00291693 0.00295157 0.00342188 0.00196751 0.0028167 0.00339283 0.00163937 0.00374303 0.00230896 0.00339229 0.00198627 0.00188955 0.00162915 0.00138538 0.00363239 0.00137925 0.00698053 0.00727052 0.00569496 0.00532029 0.00435972 0.00427416 0.00680033 0.0103141 0.0048809 0.0159083 0.0116863 0.00585642
threshold=75.771553039550795 65.842441558837905 54.896280288696296 53.134258270263679 47.964429855346687 51.201152801513679 40.965095520019538 40.439781188964851 36.447523117065437 32.164999008178718 32.544279098510749 31.30210113525391 28.394748687744144 34.835992813110359 27.092626571655277 0.38673326373100281 16.430212020874027 10.962353706359865 15.047105312347414 17.07313442230225 11.192269325256349 13.044156551361086 10.959095478057863 15.479907989501955 0.68739992380142223 21.404868125915531 14.69425678253174 18.003664970397953 18.812071800231937 14.667545318603517
decision_type=2 2 2 2 2 2 2 2 2 2 2 2 2 2 2 2 2 2 2 2 2 2 2 2 2 2 2 2 2 2
left_child=1 2 3 4 5 6 7 8 9 10 11 12 13 14 15 16 -1 18 19 20 22 -19 -17 -23 25 -25 27 29 -29 -26
right_child=-2 -3 -4 -5 -6 -7 -8 -9 -10 -11 -12 -13 -14 -15 -16 17 -18 21 -20 -21 -22 23 -24 24 26 -27 -28 28 -30 -31
leaf_value=8.1690499377765131e-05 0.00068143957527354358 -0.0012657114583998919 0.0011510882484303279 -0.00088012159900053557 0.0010694406274706126 -0.00085392429620562193 0.0008475372908063807 -0.0010842527116343764 0.00079358034462739639 -0.0010965341040226181 0.00076277048079646196 -0.0011862292919734806 0.00084592797341299193 0.00094289982021759249 -0.00079708191960190357 -5.565437486746972e-06 0.0013025490567088128 -0.0013507270543469173 0.0014931511656014306 -0.001603874447108764 0.00062239909102208921 0.00054806373261201836 -0.00127884888040301 0.00025091066702523016 -0.00041942648367337683 -0.0027467195099840566 7.2587881314008224e-05 -0.0032344930239820054 -0.00073972178640695739 0.00070811586047057071
leaf_weight=188 20 20 22 38 30 27 39 29 26 31 40 24 28 21 26 679 28 33 33 27 150 104 28 22 102 24 691 28 57 84
leaf_count=188 20 20 22 38 30 27 39 29 26 31 40 24 28 21 26 679 28 33 33 27 150 104 28 22 102 24 691 28 57 84
internal_value=3.77314e-12 -5.08726e-06 4.39468e-06 -5.17197e-06 7.62067e-06 -4.77894e-06 4.24031e-06 -8.89936e-06 3.70584e-06 -4.68335e-06 9.32052e-06 -3.35848e-06 8.7065e-06 -1.37617e-06 -9.98285e-06 -9.9928e-07 0.00023995 -2.62394e-05 6.515e-05 1.18423e-05 6.27458e-05 -9.94306e-05 -5.59925e-05 -6.22968e-05 -0.000125271 -0.00131307 -6.84735e-05 -0.000428154 -0.00156153 8.97862e-05
internal_weight=2699 2679 2659 2637 2599 2569 2542 2503 2474 2448 2417 2377 2353 2325 2304 2278 216 2062 917 884 857 1145 707 1112 1008 46 962 271 85 186
internal_count=2699 2679 2659 2637 2599 2569 2542 2503 2474 2448 2417 2377 2353 2325 2304 2278 216 2062 917 884 857 1145 707 1112 1008 46 962 271 85 186
is_linear=0
shrinkage=0.1


Tree=66
num_leaves=31
num_cat=0
split_feature=7 7 7 7 7 10 5 6 8 4 5 7 6 4 8 7 9 10 5 3 9 9 5 10 4 8 9 6 9 8
split_gain=0.000957596 0.00159251 0.00290139 0.00392803 0.00271002 0.00240816 0.00317563 0.009778 0.00651839 0.00453514 0.00366306 0.00262459 0.0024391 0.00221159 0.00504302 0.00468994 0.00361697 0.00345049 0.00222141 0.00366174 0.00681266 0.00299304 0.00293801 0.00942398 0.00234742 0.00288672 0.00369312 0.00447372 0.0028376 0.00305658
threshold=239.97868347167972 123.35581588745119 83.128631591796889 67.04483795166017 55.027532577514656 75.518630981445327 51.564392089843757 52.564722061157234 42.552917480468757 54.896280288696296 45.51715278625489 44.160062789916999 25.878905296325687 33.957532882690437 34.768505096435554 3.258675336837769 35.235635757446296 35.841718673706062 35.983833312988288 32.98735427856446 30.662393569946296 30.476410865783695 32.479017257690437 30.904049873352054 26.086491584777836 26.362543106079105 26.754080772399906 26.405796051025394 25.760300636291507 23.243500709533695
decision_type=2 2 2 2 2 2 2 2 2 2 2 2 2 2 2 2 2 2 2 2 2 2 2 2 2 2 2 2 2 2
left_child=1 2 3 4 5 6 8 -8 10 -9 11 13 -13 14 16 -15 17 18 19 20 22 -21 23 24 25 26 27 28 29 -1
right_child=-2 -3 -4 -5 -6 -7 7 9 -10 -11 -12 12 -14 15 -16 -17 -18 -19 -20 21 -22 -23 -24 -25 -26 -27 -28 -29 -30 -31
leaf_value=-1.028743389662284e-05 0.00068938394542783499 -0.00072964174362520379 0.00098090154080030813 -0.0014042139449156822 0.00081934949324931946 -0.0011031743604689836 0.0022551737353205684 -0.0012417205524715511 -0.0016277162805199625 0.00066229373152399892 0.0011124556370336435 -5.871686153113842e-05 -0.0016017757583176716 -0.0018245194153860213 0.0015508782118558884 0.00034110738895833494 -0.0011354609833298518 0.0010079173060469604 -0.00098480038299306248 0.00019965639231183256 -0.0017285484237420505 0.0017562356710966146 -0.0010985294861408572 0.0021220264546129674 -0.0009512162856900922 0.0010519795361548089 -0.00099839267157320229 0.0013964940125689559 -0.00091192971038467753 0.00079767212834364423
leaf_weight=1909 20 30 30 20 40 20 25 22 25 29 29 21 20 20 21 20 28 34 23 30 23 21 24 21 26 26 37 23 34 48
leaf_count=1909 20 30 30 20 40 20 25 22 25 29 29 21 20 20 21 20 28 34 23 30 23 21 24 21 26 26 37 23 34 48
internal_value=2.67827e-13 -5.14658e-06 3.05835e-06 -8.1426e-06 2.60054e-06 -1.01661e-05 -1.55639e-06 0.000635105 -2.12017e-05 -0.000159046 -4.72797e-06 -1.81768e-05 -0.000811429 -4.44233e-06 8.22543e-06 -0.000741706 -5.81692e-06 8.06199e-06 -7.08059e-06 3.03983e-06 -1.66357e-05 0.000840601 1.69482e-06 1.41267e-05 -6.9222e-06 4.89853e-06 -8.37505e-06 9.81296e-06 -6.20596e-06 9.52966e-06
internal_weight=2699 2679 2649 2619 2599 2559 2539 76 2463 51 2438 2409 41 2368 2328 40 2307 2279 2245 2222 2171 51 2148 2124 2103 2077 2051 2014 1991 1957
internal_count=2699 2679 2649 2619 2599 2559 2539 76 2463 51 2438 2409 41 2368 2328 40 2307 2279 2245 2222 2171 51 2148 2124 2103 2077 2051 2014 1991 1957
is_linear=0
shrinkage=0.1


Tree=67
num_leaves=31
num_cat=0
split_feature=6 9 6 6 9 5 1 6 4 4 10 9 7 7 7 4 7 7 4 4 6 1 7 4 4 4 8 8 5 10
split_gain=0.00106762 0.00456633 0.00402079 0.00286002 0.00321906 0.0011266 0.00116941 0.00462519 0.00455326 0.00393267 0.00549433 0.00680143 0.0102116 0.0055192 0.00850715 0.00633375 0.00443725 0.00597112 0.00245414 0.00325283 0.00594062 0.00615053 0.00797334 0.00531996 0.00369131 0.00502244 0.00427393 0.0036001 0.00250302 0.00326246
threshold=68.500106811523452 62.949447631835945 80.332885742187514 54.259517669677741 51.237966537475593 57.105461120605476 70.500000000000014 33.627820968627937 25.303483963012699 22.5741081237793 25.111416816711429 19.014306068420414 2.9492877721786503 3.9363422393798833 2.3457174301147465 10.530303478240969 1.4465516209602358 0.63449335098266613 41.76245307922364 31.773519515991214 43.842613220214851 63.500000000000007 3.5441882610321049 29.209688186645511 28.048159599304203 26.465429306030277 30.414651870727543 32.544279098510749 40.939416885375984 33.489980697631843
decision_type=2 2 2 2 2 2 2 2 2 2 2 2 2 2 2 2 2 2 2 2 2 2 2 2 2 2 2 2 2 2
left_child=1 3 -2 4 5 6 18 8 9 10 11 13 -13 14 16 -15 17 -8 19 23 21 22 -21 24 25 26 28 -25 29 -1
right_child=2 -3 -4 -5 -6 -7 7 -9 -10 -11 -12 12 -14 15 -16 -17 -18 -19 -20 20 -22 -23 -24 27 -26 -27 -28 -29 -30 -31
leaf_value=2.9037921323919584e-05 0.0015153812803328037 -0.0015130345488432795 -0.00048980882158502939 0.00097452051471918827 -0.0012712696148082616 0.00074992319394368684 0.00049653576021747934 -0.0014870483037084342 0.0012498469053146741 -0.0014093494823706957 0.0010390127676624904 0.0001155542852800517 -0.0030417277220112738 -7.4302438426659338e-05 -0.0020768180295514566 0.0019976237533846871 0.0011437542517132198 -0.001409297869090111 0.0010075710937380792 0.0021067577542271464 -0.0019579760092513069 -0.0012299711509452511 -0.000572048734407872 0.00025394780556477295 -0.0011941085906873924 0.0011379478298476897 -0.0014128280206932688 0.0020249504447829992 0.00099603109836327616 -0.00079733259282169916
leaf_weight=1910 20 20 20 30 20 20 35 25 24 24 38 21 20 36 24 25 26 31 25 20 23 30 25 24 25 40 21 22 26 49
leaf_count=1910 20 20 20 30 20 20 35 25 24 24 38 21 20 36 24 25 26 31 25 20 23 30 25 24 25 40 21 22 26 49
internal_value=-4.54613e-12 -7.71398e-06 0.000512786 3.69429e-06 -7.46891e-06 2.29394e-06 -3.52645e-06 -0.000179573 -7.20503e-05 -0.000185356 -7.06064e-05 -0.000264026 -0.00142458 4.8034e-06 -0.000400134 0.000774848 3.72623e-05 -0.000398629 2.23304e-05 1.12103e-05 -0.000552027 -0.000120869 0.000618532 3.72836e-05 1.3658e-05 2.84157e-05 6.2914e-06 0.00110095 2.13048e-05 8.36811e-06
internal_weight=2699 2659 40 2639 2609 2589 2569 329 304 280 256 218 41 177 116 61 92 66 2240 2215 98 75 45 2117 2071 2046 2006 46 1985 1959
internal_count=2699 2659 40 2639 2609 2589 2569 329 304 280 256 218 41 177 116 61 92 66 2240 2215 98 75 45 2117 2071 2046 2006 46 1985 1959
is_linear=0
shrinkage=0.1


Tree=68
num_leaves=31
num_cat=0
split_feature=8 8 4 1 9 8 7 9 8 4 8 4 8 6 6 6 6 9 8 6 10 1 10 5 6 6 9 9 4 8
split_gain=0.00102957 0.0030187 0.00240816 0.00385347 0.00308277 0.00103528 0.0114203 0.0059638 0.0042926 0.00340736 0.00419885 0.0023796 0.00226039 0.00123293 0.00237491 0.0021196 0.00272666 0.00378957 0.00106556 0.0024897 0.00324266 0.00226192 0.00202091 0.00195161 0.00256573 0.00302739 0.00423493 0.00354656 0.00322617 0.0030552
threshold=75.771553039550795 65.842441558837905 48.984283447265632 66.500000000000014 53.134258270263679 40.965095520019538 4.6595811843872079 48.929912567138679 39.537303924560554 33.289611816406257 33.57141304016114 30.749659538269047 37.09680366516114 36.030118942260749 34.499145507812507 33.004268646240241 31.925686836242679 31.594530105590824 27.953382492065433 29.691039085388187 33.974044799804695 62.500000000000007 31.850399971008304 32.479017257690437 28.155976295471195 26.771781921386722 26.354794502258304 25.760300636291507 24.216962814331058 23.243500709533695
decision_type=2 2 2 2 2 2 2 2 2 2 2 2 2 2 2 2 2 2 2 2 2 2 2 2 2 2 2 2 2 2
left_child=1 2 4 -4 5 8 -7 -8 9 10 13 -12 -11 14 15 16 17 18 19 20 22 -20 23 24 25 26 27 29 -27 -1
right_child=-2 -3 3 -5 -6 6 7 -9 -10 12 11 -13 -14 -15 -16 -17 -18 -19 21 -21 -22 -23 -24 -25 -26 28 -28 -29 -30 -31
leaf_value=-1.3501099604200117e-05 0.0007148231589235365 -0.001229297947138548 0.0017104355047368224 -0.00022908022045157854 -0.0012448135251179337 -0.001523272158705037 0.0021401609390460214 -7.2617061613571083e-05 -0.0014683900127420203 0.00020887702096091668 -0.00030971904673909498 -0.001786641872022301 0.0016624841769225897 0.00065278593329853255 -0.0010373907595005057 0.00073753552711329972 -0.00095302303709710642 0.0013437207325339496 0.00028289907356901538 0.0010625734882937236 -0.0012145126174966043 -0.0011248896270990372 0.0007098993756153504 -0.00094450314698571512 0.0011020825305465786 -0.0016844888725741345 0.0010699337253951141 -0.0010888496553525329 -5.3135251747099341e-05 0.00077060557783161312
leaf_weight=1938 20 20 21 20 20 22 29 21 20 23 24 20 20 29 22 39 30 21 21 22 22 25 40 22 21 22 37 30 27 51
leaf_count=1938 20 20 21 20 20 22 29 21 20 23 24 20 20 29 22 39 30 21 21 22 22 25 40 22 21 22 37 30 27 51
internal_value=1.60717e-12 -5.33649e-06 3.86969e-06 0.00076433 -8.03974e-06 1.48123e-06 0.000375385 0.00121079 -9.17636e-06 2.4694e-06 -1.29377e-05 -0.000981048 0.000884973 4.67158e-06 -3.19257e-06 6.41569e-06 -5.82719e-06 6.53291e-06 -5.79411e-06 4.02437e-06 -6.51323e-06 -0.000482203 5.63302e-06 -7.48181e-06 2.21455e-06 -8.758e-06 9.75574e-06 -9.67297e-06 -0.00078558 6.6042e-06
internal_weight=2699 2679 2659 41 2618 2598 72 50 2526 2506 2463 44 43 2419 2390 2368 2329 2299 2278 2232 2210 46 2188 2148 2126 2105 2056 2019 49 1989
internal_count=2699 2679 2659 41 2618 2598 72 50 2526 2506 2463 44 43 2419 2390 2368 2329 2299 2278 2232 2210 46 2188 2148 2126 2105 2056 2019 49 1989
is_linear=0
shrinkage=0.1


Tree=69
num_leaves=31
num_cat=0
split_feature=4 4 9 3 10 8 6 4 6 9 9 6 6 9 8 6 8 4 4 8 3 8 9 10 10 7 1 9 9 9
split_gain=0.000957756 0.00512862 0.00531389 0.0036682 0.0023394 0.0026352 0.00146649 0.00302551 0.00354247 0.00254527 0.00254669 0.0032566 0.00152429 0.00306955 0.00235686 0.00113312 0.00286218 0.0031611 0.002059 0.00156238 0.00890613 0.00160987 0.00251326 0.00164002 0.00363984 0.00293383 0.00310534 0.00213932 0.00261732 0.0101887
threshold=60.946918487548835 52.246635437011726 54.970054626464851 81.245563507080092 53.657371520996101 44.563737869262702 43.842613220214851 36.865966796875007 39.589262008666999 37.921020507812507 35.489023208618171 33.981397628784187 31.925686836242679 31.594530105590824 30.414651870727543 30.115177154541019 28.274835586547855 26.086491584777836 24.920746803283695 25.777099609375004 30.655202865600589 24.754202842712406 26.212641716003422 30.015310287475589 29.266369819641117 49.619075775146491 60.500000000000007 25.760300636291507 23.581592559814457 23.215559959411625
decision_type=2 2 2 2 2 2 2 2 2 2 2 2 2 2 2 2 2 2 2 2 2 2 2 2 2 2 2 2 2 2
left_child=1 2 4 -2 5 6 7 8 9 10 11 12 13 15 -14 16 17 18 19 21 -21 23 -23 24 27 26 -25 28 29 -1
right_child=3 -3 -4 -5 -6 -7 -8 -9 -10 -11 -12 -13 14 -15 -16 -17 -18 -19 -20 20 -22 22 -24 25 -26 -27 -28 -29 -30 -31
leaf_value=7.7327277978403571e-06 0.0014433123869821429 -0.001307402739863998 0.0015208621347404046 -0.00047194126760587103 -0.00079531565283399986 0.0010071821009310393 -0.00075187127087981661 0.00114469472926272 -0.0010064724894307021 0.00090710161312017594 -0.00080635181437127112 0.0009391768816606823 -0.0013931382499868051 0.0012093486585876062 -1.7408016631661943e-05 -0.00058693252204014275 0.0011653140564227389 -0.0012591693387366831 0.0009449309790911883 -0.002018770262789489 0.00082666153982493347 -0.00029778552178124138 0.0010739223264596043 -0.00011997653869912028 0.0013184906426994573 0.00023817807915761614 -0.0018416584003716709 -0.0010089520276302384 0.00051220628641756997 -0.0019490373872772413
leaf_weight=1840 20 30 23 20 37 26 26 23 35 31 39 37 20 21 33 33 21 20 23 22 22 22 34 20 21 33 22 21 97 27
leaf_count=1840 20 30 23 20 37 26 26 23 35 31 39 37 20 21 33 33 21 20 23 22 22 22 34 20 21 33 22 21 97 27
internal_value=1.61067e-12 -7.30629e-06 7.52935e-06 0.000485686 -5.827e-06 5.5436e-06 -4.69729e-06 3.02083e-06 -7.50784e-06 6.71085e-06 -4.78507e-06 8.30036e-06 -6.34353e-06 5.87962e-06 -0.000536552 -5.21469e-06 3.33617e-06 -7.63575e-06 3.72118e-06 -6.20446e-06 -0.000596054 5.94032e-06 0.000535037 -8.29775e-06 8.86766e-06 -0.000467415 -0.00102181 -4.98729e-06 5.74757e-06 -2.05655e-05
internal_weight=2699 2659 2629 40 2606 2569 2543 2517 2494 2459 2428 2389 2352 2299 53 2278 2245 2224 2204 2181 44 2137 56 2081 2006 75 42 1985 1964 1867
internal_count=2699 2659 2629 40 2606 2569 2543 2517 2494 2459 2428 2389 2352 2299 53 2278 2245 2224 2204 2181 44 2137 56 2081 2006 75 42 1985 1964 1867
is_linear=0
shrinkage=0.1


Tree=70
num_leaves=31
num_cat=0
split_feature=8 8 4 1 9 9 4 3 4 1 3 8 9 4 8 9 9 3 6 9 1 1 5 3 4 10 1 7 3 3
split_gain=0.00089265 0.00274216 0.00215511 0.00313796 0.00288031 0.000894653 0.00355275 0.0031226 0.00147097 0.00266768 0.00217321 0.00291313 0.00419611 0.00377132 0.00497699 0.0085 0.00370747 0.0054036 0.00491026 0.00489092 0.00279751 0.00248339 0.00245155 0.00429913 0.00539367 0.00288158 0.00243126 0.0074203 0.00620064 0.013788
threshold=75.771553039550795 65.842441558837905 48.984283447265632 66.500000000000014 53.134258270263679 5.0904650688171396 3.3576546907424931 5.628373622894288 4.3637292385101327 56.500000000000007 8.7348480224609393 9.2525954246521014 10.439485073089601 9.4193396568298358 13.567971706390383 14.620434761047365 13.155966758728027 13.616477966308596 14.62566137313843 14.620434761047365 66.500000000000014 64.500000000000014 17.3723258972168 13.405582904815676 8.1612539291381854 12.108262538909914 61.500000000000007 0.81841021776199352 47.11225891113282 43.210210800170906
decision_type=2 2 2 2 2 2 2 2 2 2 2 2 2 2 2 2 2 2 2 2 2 2 2 2 2 2 2 2 2 2
left_child=1 2 4 -4 5 7 -7 -1 9 -8 -10 12 20 14 15 22 17 -15 -18 -20 21 -12 23 25 -25 -13 27 -21 29 -29
right_child=-2 -3 3 -5 -6 6 8 -9 10 -11 11 13 -14 16 -16 -17 18 -19 19 26 -22 -23 -24 24 -26 -27 -28 28 -30 -31
leaf_value=6.3585329640080174e-05 0.00066559565952047702 -0.00117152139544487 0.0015769646059544313 -0.00017324998741969467 -0.0012029330409131945 0.0012498722786245787 0.00019184548386717859 -0.0012572816880419852 0.00034661858587960577 -0.0011531883105635643 -0.00021266086677968187 0.00039551690990467455 -0.0013896602456401471 -6.7512408542611145e-05 0.0017883042764404546 -0.0012951969120260929 0.00060163471027218339 -0.0012314218532264933 -0.0013167829204607628 -0.0014986988885375935 0.00053215620732358234 -0.0013544567490250551 0.0014104322432540357 -0.0011854878887816362 0.00057297533720011915 0.0015125401331769193 0.00010012922772063555 -3.6006564314366476e-05 0.0011613208396164211 -0.0024050185456871986
leaf_weight=63 20 20 21 20 20 23 29 25 181 30 142 72 33 119 23 31 134 60 29 39 44 22 25 33 37 34 860 446 38 26
leaf_count=63 20 20 21 20 20 23 29 25 181 30 142 72 33 119 23 31 134 60 29 39 44 22 25 33 37 34 860 446 38 26
internal_value=-2.26886e-12 -4.96899e-06 3.80538e-06 0.000723201 -7.46094e-06 1.74208e-06 1.27299e-05 -0.000311661 1.28871e-06 -0.00049207 1.32772e-05 -1.3574e-05 -0.000342074 2.58918e-05 0.000385189 0.000246087 -2.64331e-05 -0.00045765 2.26686e-05 -3.12824e-05 -0.00017587 -0.000365829 0.000483798 0.000352174 -0.000256014 0.000753807 -4.82423e-06 -0.000169232 -6.75671e-05 -0.000166503
internal_weight=2699 2679 2659 41 2618 2598 2510 88 2487 59 2428 2247 241 2006 255 232 1751 179 1572 1438 208 164 201 176 70 106 1409 549 510 472
internal_count=2699 2679 2659 41 2618 2598 2510 88 2487 59 2428 2247 241 2006 255 232 1751 179 1572 1438 208 164 201 176 70 106 1409 549 510 472
is_linear=0
shrinkage=0.1


Tree=71
num_leaves=31
num_cat=0
split_feature=6 8 6 5 10 4 4 8 6 5 4 3 9 3 6 9 8 9 4 7 4 8 8 9 8 8 1 3 3 9
split_gain=0.000875803 0.00445393 0.00368276 0.00319109 0.00154226 0.00236423 0.00270872 0.00205445 0.00274201 0.00240413 0.0034386 0.00255409 0.00618567 0.00297871 0.00236345 0.00338009 0.00242095 0.00273047 0.00487883 0.00610161 0.0043561 0.00235578 0.00409225 0.00243094 0.0047118 0.00576233 0.00354182 0.00334092 0.0071457 0.0040524
threshold=68.500106811523452 55.64509582519532 80.332885742187514 61.873090744018562 53.657371520996101 41.76245307922364 38.598453521728523 38.819972991943366 39.589262008666999 41.718050003051765 27.322084426879886 38.364452362060554 33.457607269287116 37.548006057739265 33.627820968627937 32.831895828247077 29.893820762634281 29.055979728698734 26.827582359313968 20.126412391662601 26.086491584777836 26.362543106079105 25.777099609375004 27.374521255493168 23.243500709533695 22.529483795166019 63.500000000000007 26.704283714294437 24.80246734619141 26.212641716003422
decision_type=2 2 2 2 2 2 2 2 2 2 2 2 2 2 2 2 2 2 2 2 2 2 2 2 2 2 2 2 2 2
left_child=1 3 -2 4 5 6 7 8 9 11 -11 13 -13 14 15 16 17 20 19 -19 21 22 23 24 25 -1 -27 28 -26 -29
right_child=2 -3 -4 -5 -6 -7 -8 -9 -10 10 -12 12 -14 -15 -16 -17 -18 18 -20 -21 -22 -23 -24 -25 27 26 -28 29 -30 -31
leaf_value=3.1348940547175298e-07 0.0014239677833393217 -0.001198624726009345 -0.00049508495256304745 0.001154884909434865 -0.00066284440125205686 0.00093630032907067624 -0.0010847136924934128 0.00080160370125668132 -0.00098879727759465063 5.425841184606886e-05 0.0017067277885507793 0.00064659009192837404 -0.0016238125665889434 0.0012218089611269534 -0.00090093822098048087 0.0011197918004149366 -0.0011010698298923672 -0.00086335739848436793 0.0018898786195287749 0.0012519473293796182 -0.0014165420359032316 0.0010043968406060466 -0.0013699101051315667 -0.0010962396720424295 0.0015473898510787298 -0.00015252342913299802 -0.0019379184097051622 0.00032472072479625548 -0.00069637247361242771 0.001968374614370987
leaf_weight=1929 20 31 20 24 35 27 23 32 28 34 20 20 30 20 29 27 20 30 21 25 22 23 22 20 22 20 25 30 40 30
leaf_count=1929 20 31 20 24 35 27 23 32 28 34 20 20 30 20 29 27 20 30 21 25 22 23 22 20 22 20 25 30 40 30
internal_value=4.1614e-12 -6.9867e-06 0.000464441 7.06991e-06 -3.50903e-06 5.47374e-06 -4.41309e-06 5.45071e-06 -4.79332e-06 6.41128e-06 0.000666284 -8.40499e-06 -0.000715652 6.61086e-06 -3.79769e-06 7.48465e-06 -5.69318e-06 4.00471e-06 0.000593229 9.81448e-05 -1.65088e-05 -2.25583e-06 -1.30851e-05 1.02176e-06 1.14918e-05 -2.5782e-05 -0.00114441 0.000614595 9.98013e-05 0.00114655
internal_weight=2699 2659 40 2628 2604 2569 2542 2519 2487 2459 54 2405 50 2355 2335 2306 2279 2259 76 55 2183 2161 2138 2116 2096 1974 45 122 62 60
internal_count=2699 2659 40 2628 2604 2569 2542 2519 2487 2459 54 2405 50 2355 2335 2306 2279 2259 76 55 2183 2161 2138 2116 2096 1974 45 122 62 60
is_linear=0
shrinkage=0.1


Tree=72
num_leaves=31
num_cat=0
split_feature=8 3 4 3 8 7 4 4 1 1 3 8 9 3 4 1 9 1 3 8 1 4 10 4 4 8 4 4 8 8
split_gain=0.000830329 0.0042012 0.00126364 0.000919988 0.00268595 0.00123544 0.000903479 0.00599465 0.00226991 0.00265349 0.00123917 0.00529046 0.00523278 0.00393518 0.00359388 0.00303077 0.00602807 0.00386742 0.00470666 0.00302704 0.00301687 0.00260956 0.00228402 0.00204755 0.00344216 0.00264082 0.00445436 0.00860765 0.0148307 0.00999299
threshold=4.0516512393951425 4.7265207767486581 3.5065357685089116 7.4170935153961191 5.6709382534027108 1.4159386157989504 5.3301422595977792 5.509042739868165 63.500000000000007 52.500000000000007 10.311457157135012 9.2525954246521014 9.6402621269226092 12.915932655334474 9.4193396568298358 55.500000000000007 16.659436225891117 62.500000000000007 13.953649044036867 10.805976390838625 65.500000000000014 10.013018608093263 11.260153770446779 10.962353706359865 11.223298549652101 12.503974437713625 13.11917018890381 14.170979976654055 16.015061855316166 14.785843849182131
decision_type=2 2 2 2 2 2 2 2 2 2 2 2 2 2 2 2 2 2 2 2 2 2 2 2 2 2 2 2 2 2
left_child=1 -1 -2 5 -5 -4 8 -8 9 -6 -9 12 22 -14 15 -13 17 18 -17 21 -19 -16 -12 -21 -25 -26 -27 28 29 -28
right_child=2 -3 3 4 6 -7 7 10 -10 -11 11 14 13 -15 19 16 -18 20 -20 23 -22 -23 -24 24 25 26 27 -29 -30 -31
leaf_value=0.0002929075261636172 0.0006652411223983328 -0.001339925558736118 9.050280264441077e-05 -0.00085803704458993631 -9.9752613736893111e-05 0.00080975344725659176 -0.0016921572647767052 0.00025935149922198087 -0.0004649168346077204 0.001399026885714934 -0.00063899956117181682 0.0012056552160244723 -0.0023125065374188128 -0.00065939892956521371 -9.0248497395679881e-05 0.00059723249969205689 -0.0014029695180943237 0.0016017364818253555 -0.0011600281806076291 0.00034628696680143054 0.00041536976927530086 -0.0014563939197816782 0.00074181895307265226 -0.0010460965462367644 -0.00071525207828157229 0.00047836066420416361 -0.00097940175559037843 2.6019047058035999e-05 -0.0025585513225653105 0.0012585163599950989
leaf_weight=40 29 26 104 37 21 31 21 177 23 27 23 39 24 36 29 35 20 34 27 154 58 27 25 33 52 179 53 1247 36 32
leaf_count=40 29 26 104 37 21 31 21 177 23 27 23 39 24 36 29 35 20 34 27 154 58 27 25 33 52 179 53 1247 36 32
internal_value=-1.63327e-12 -0.00035033 8.78153e-06 1.47072e-06 -1.24281e-05 0.000255664 4.36879e-07 -1.01327e-05 0.000351913 0.000743311 4.96238e-06 -1.58545e-05 -0.000698056 -0.00132064 1.99984e-05 0.000408892 0.000230307 0.000442421 -0.000168026 -2.49714e-05 0.00085381 -0.000748926 8.01767e-05 -2.27178e-06 -3.51627e-05 -1.42992e-05 9.26225e-06 -5.21183e-05 -0.000857385 -0.000136891
internal_weight=2699 66 2633 2604 2469 135 2432 2361 71 48 2340 2163 108 60 2055 213 174 154 62 1842 92 56 48 1786 1632 1599 1547 1368 121 85
internal_count=2699 66 2633 2604 2469 135 2432 2361 71 48 2340 2163 108 60 2055 213 174 154 62 1842 92 56 48 1786 1632 1599 1547 1368 121 85
is_linear=0
shrinkage=0.1


Tree=73
num_leaves=31
num_cat=0
split_feature=8 3 10 6 8 6 8 6 1 10 1 6 6 9 6 9 4 4 4 4 7 3 7 1 4 10 3 8 4 8
split_gain=0.000791502 0.00254691 0.00147308 0.00180193 0.00256743 0.00199126 0.00171914 0.0024329 0.00163942 0.00139568 0.00389677 0.00254476 0.00195752 0.00190496 0.00120314 0.00277859 0.00230482 0.00218689 0.00241158 0.00325162 0.00118009 0.00293092 0.00227268 0.00124972 0.00502103 0.0115673 0.0066163 0.00649837 0.00594726 0.0124064
threshold=75.771553039550795 76.739543914794936 69.04422760009767 56.836801528930671 46.548017501831062 47.165225982666023 40.965095520019538 40.439781188964851 61.500000000000007 40.698335647583015 61.500000000000007 35.479139328002937 33.981397628784187 33.457607269287116 30.456974983215336 30.662393569946296 27.686420440673832 27.092626571655277 25.303483963012699 24.748035430908207 0.20486629009246823 13.205774784088137 0.24145524948835373 71.500000000000014 11.627705574035646 18.459301948547367 21.621900558471683 10.570169448852541 18.488919258117679 23.965547561645511
decision_type=2 2 2 2 2 2 2 2 2 2 2 2 2 2 2 2 2 2 2 2 2 2 2 2 2 2 2 2 2 2
left_child=1 2 3 4 5 6 7 9 -9 11 -11 12 13 14 17 -16 -17 18 19 20 21 -1 -22 -24 27 -26 -27 -25 -28 -30
right_child=-2 -3 -4 -5 -6 -7 -8 8 -10 10 -12 -13 -14 -15 15 16 -18 -19 -20 -21 22 -23 23 24 25 26 28 -29 29 -31
leaf_value=6.4743560603887937e-05 0.00062675224384292963 -0.0011289326683618128 0.0008587637776508927 -0.00088396268825897061 0.00089527481541153977 -0.00087670520162926285 0.00066172147963721405 -0.00014080134220421315 -0.0014211991266347469 -0.00033070453201242562 0.001152295116461008 -0.00092298167486054214 0.00086675441662709303 -0.00084085287472353905 0.0014087055181153118 0.00079151392870006106 -0.00060532803149221262 -0.0010006554926803803 0.00092347559652158201 -0.0012797263922402636 -0.0010757072946580594 0.0014199044337146916 1.9866492222880459e-05 -0.00046222724933515469 -0.0026584720931524595 0.001099881286138733 0.0005856599496758502 0.0015005680075245761 -0.0032280713145155463 0.00017740432193259832
leaf_weight=79 20 20 20 23 32 26 39 20 20 34 37 30 26 27 20 21 27 22 28 20 20 20 1882 37 23 29 23 31 20 23
leaf_count=79 20 20 20 23 32 26 39 20 20 34 37 30 26 27 20 21 27 22 28 20 20 20 1882 37 23 29 23 31 20 23
internal_value=8.10694e-13 -4.679e-06 3.77721e-06 -2.70241e-06 5.04567e-06 -5.97884e-06 2.87139e-06 -7.32915e-06 -0.000781 5.15445e-06 0.000442126 -7.72968e-06 3.81681e-06 -5.72247e-06 3.97582e-06 0.000418412 5.79033e-06 -8.51053e-06 1.25555e-06 -1.04446e-05 1.16295e-06 0.000338513 -1.48321e-05 -4.5722e-06 -0.00025185 -0.000646265 -0.000159099 0.000432576 -0.000712287 -0.00140654
internal_weight=2699 2679 2659 2639 2616 2584 2558 2519 40 2479 71 2408 2378 2352 2325 68 48 2257 2235 2207 2187 99 2088 2068 186 118 95 68 66 43
internal_count=2699 2679 2659 2639 2616 2584 2558 2519 40 2479 71 2408 2378 2352 2325 68 48 2257 2235 2207 2187 99 2088 2068 186 118 95 68 66 43
is_linear=0
shrinkage=0.1


Tree=74
num_leaves=31
num_cat=0
split_feature=7 4 4 4 5 3 3 1 9 9 9 8 6 7 1 9 1 6 8 9 4 9 6 3 3 10 10 9 10 8
split_gain=0.000809463 0.000829392 0.00880488 0.00587424 0.00495406 0.00746622 0.00402588 0.00557992 0.00317968 0.00301807 0.00476871 0.00608308 0.0100463 0.0123574 0.00957462 0.00744781 0.0071679 0.00419784 0.00824487 0.00413621 0.00413406 0.00658723 0.00809327 0.00805979 0.00484986 0.00388338 0.00654201 0.00628146 0.00624329 0.0042709
threshold=0.061488734558224657 20.401401519775394 19.510127067565922 21.080568313598636 25.19511699676514 24.615886688232425 23.360955238342289 63.500000000000007 24.285367965698246 28.179731369018558 24.722529411315922 19.00317478179932 20.920907020568851 8.4874043464660662 62.500000000000007 21.664365768432621 64.500000000000014 20.341466903686527 18.419611930847172 26.102230072021488 16.48032379150391 18.003664970397953 18.027349472045902 21.621900558471683 23.681021690368656 19.292389869689945 17.919202804565433 16.421451568603519 20.083642005920414 12.599271774291994
decision_type=2 2 2 2 2 2 2 2 2 2 2 2 2 2 2 2 2 2 2 2 2 2 2 2 2 2 2 2 2 2
left_child=-1 2 9 8 -5 -6 -4 -8 -3 10 11 15 -13 14 -14 17 -15 18 20 -12 21 24 -23 -24 25 26 27 -2 -27 -28
right_child=1 3 6 4 5 -7 7 -9 -10 -11 19 12 13 16 -16 -17 -18 -19 -20 -21 -22 22 23 -25 -26 28 29 -29 -30 -31
leaf_value=-0.00060410139343399687 1.6038397410419536e-05 0.00049130225204862654 -0.00014347159661925757 -0.0013920182401003936 0.0019257935919865434 8.6656444041781618e-06 -0.0005868623689325018 -0.0028391177903606814 0.0021191012195777149 0.00091894215187898634 -0.0019191804633010179 0.0018063367505994988 0.00022510353313839957 7.0230196358571801e-05 -0.002728237868064926 -0.0016814891490934383 0.0024639355776509384 0.00097984304080628564 -0.0017338326437831193 2.5484455926787286e-06 0.0010566414887256948 -0.0021435426144425069 0.00098527828231453896 -0.001081316334666158 0.0012669908644144722 -0.0017545642145705643 -0.00032074722985271366 -0.0014995244057250344 -9.1867726663813787e-06 0.0011835877134240922
leaf_weight=22 1173 30 26 24 21 622 22 22 20 36 24 49 23 29 21 27 22 42 28 21 36 31 32 46 31 32 25 28 57 77
leaf_count=22 1173 30 26 24 21 622 22 22 20 36 24 49 23 29 21 27 22 42 28 21 36 31 32 46 31 32 25 28 57 77
internal_value=8.95409e-13 4.9646e-06 -2.87011e-05 9.69935e-05 1.86256e-05 7.12779e-05 -0.00113003 -0.00171299 0.00114242 1.20887e-05 -5.52007e-06 1.97748e-05 0.00064332 4.34489e-05 -0.00118445 -3.41535e-05 0.00110281 -6.99959e-06 -3.29691e-05 -0.00102237 -2.59657e-06 -2.74873e-05 -0.000776711 -0.000233483 2.99023e-05 2.35218e-06 4.60046e-05 -1.92953e-05 -0.000636738 0.000814878
internal_weight=2699 2677 1960 717 667 643 70 44 50 1890 1854 1809 144 95 44 1665 51 1638 1596 45 1568 1532 109 78 1423 1392 1303 1201 89 102
internal_count=2699 2677 1960 717 667 643 70 44 50 1890 1854 1809 144 95 44 1665 51 1638 1596 45 1568 1532 109 78 1423 1392 1303 1201 89 102
is_linear=0
shrinkage=0.1


Tree=75
num_leaves=31
num_cat=0
split_feature=7 8 7 8 8 5 5 8 8 1 4 3 1 1 8 6 6 4 5 9 9 1 6 9 10 9 6 4 1 4
split_gain=0.000798566 0.00868947 0.00869294 0.00803986 0.00715786 0.00250924 0.00803816 0.00624368 0.00582171 0.00578638 0.0022162 0.00318425 0.0020094 0.00327438 0.00356593 0.00509708 0.00314777 0.00196528 0.0059007 0.00517612 0.00315468 0.00415476 0.00365218 0.0020884 0.00596007 0.00393648 0.00310911 0.00213529 0.00558208 0.00386035
threshold=31.944459915161136 38.819972991943366 57.702495574951179 33.57141304016114 65.842441558837905 52.863252639770515 58.240224838256843 39.537303924560554 36.447523117065437 61.500000000000007 32.164999008178718 37.952396392822273 51.500000000000007 58.500000000000007 25.649039268493656 35.048412322998054 26.203963279724125 27.686420440673832 35.054500579833991 31.594530105590824 29.466745376586918 61.500000000000007 28.470725059509281 26.754080772399906 29.838760375976566 26.354794502258304 26.771781921386722 22.5741081237793 63.500000000000007 20.401401519775394
decision_type=2 2 2 2 2 2 2 2 2 2 2 2 2 2 2 2 2 2 2 2 2 2 2 2 2 2 2 2 2 2
left_child=4 3 -3 12 5 7 -7 8 10 -9 11 17 -2 -14 16 -16 -15 19 -19 20 22 -22 23 25 26 27 -25 29 -29 -1
right_child=1 2 -4 -5 -6 6 -8 9 -10 -11 -12 -13 13 14 15 -17 -18 18 -20 -21 21 -23 -24 24 -26 -27 -28 28 -30 -31
leaf_value=-1.5559987970996613e-05 0.00088713224551891206 0.002689998536273682 0.0002826566004659981 -0.0019064821292767706 -0.0016691179784874503 0.002242046711035073 -0.00040298151542191149 -0.0021875677884090694 0.001470333229991849 -0.00017063912695668864 -0.00084652086990254542 0.0011753988209302012 -0.00087694970205024901 0.0002001457051306531 0.0020956789073534312 -0.0001100843454795805 -0.0010569955222308636 0.00018680022181704259 -0.0018327347131992652 0.0015709784766104783 0.0001069954279089524 -0.0019069154612952844 0.0011658456173824596 -0.00024779789548899444 0.00085947786768277501 0.0014098578311950406 -0.0018701587243143609 0.00036908117411979313 -0.0016104276372581291 0.00062582054089594904
leaf_weight=1801 26 24 40 23 26 20 27 25 27 33 31 23 38 69 20 22 28 39 23 21 21 20 27 21 21 20 27 29 28 99
leaf_count=1801 26 24 40 23 26 20 27 25 27 33 31 23 38 69 20 22 28 39 23 21 21 20 27 21 21 20 27 29 28 99
internal_value=1.80652e-12 0.000156774 0.00118541 -0.000134521 -1.88727e-05 -8.67528e-07 0.000722562 -1.54228e-05 1.0664e-05 -0.00104 -6.84428e-06 4.88094e-06 6.62426e-05 -5.434e-05 0.000170546 0.000940279 -0.00016274 -7.373e-06 -0.000562382 8.74436e-06 -6.77453e-06 -0.0008754 1.04052e-05 -4.84251e-06 -0.000545638 1.4032e-05 -0.00116038 -2.32971e-07 -0.000603309 1.78593e-05
internal_weight=2699 290 64 226 2409 2383 47 2336 2278 58 2251 2220 203 177 139 42 97 2197 62 2135 2114 41 2073 2046 69 1977 48 1957 57 1900
internal_count=2699 290 64 226 2409 2383 47 2336 2278 58 2251 2220 203 177 139 42 97 2197 62 2135 2114 41 2073 2046 69 1977 48 1957 57 1900
is_linear=0
shrinkage=0.1


Tree=76
num_leaves=31
num_cat=0
split_feature=4 9 3 6 9 7 4 8 3 10 7 9 4 3 10 7 5 3 7 7 1 4 5 5 5 6 6 9 6 10
split_gain=0.000924902 0.00454674 0.00348207 0.00305785 0.00294746 0.00114387 0.0035671 0.00398516 0.00300163 0.00252763 0.00236255 0.0022891 0.00519779 0.00226291 0.00375257 0.00251963 0.00181944 0.00543064 0.00520842 0.00405486 0.0061008 0.00455734 0.00368456 0.00465217 0.00420065 0.00474782 0.00172593 0.00506109 0.00589941 0.00304398
threshold=60.946918487548835 62.949447631835945 81.245563507080092 54.259517669677741 51.237966537475593 49.619075775146491 26.465429306030277 30.163122177124027 49.961791992187507 46.99903869628907 44.160062789916999 25.095499992370609 15.329473972320558 43.210210800170906 41.722911834716804 40.066024780273445 36.769979476928718 34.41467475891114 18.059884071350101 5.8722844123840341 61.500000000000007 29.852449417114261 32.640361785888679 33.516716003417976 31.879885673522953 28.614050865173343 27.383481979370121 26.754080772399906 26.405796051025394 28.671024322509769
decision_type=2 2 2 2 2 2 2 2 2 2 2 2 2 2 2 2 2 2 2 2 2 2 2 2 2 2 2 2 2 2
left_child=1 3 -2 4 5 8 7 11 9 10 13 -7 -13 14 15 16 17 22 -19 -18 -21 -22 24 -24 25 26 27 28 29 -1
right_child=2 -3 -4 -5 -6 6 -8 -9 -10 -11 -12 12 -14 -15 -16 -17 19 18 -20 20 21 -23 23 -25 -26 -27 -28 -29 -30 -31
leaf_value=5.3203152853839075e-06 0.0014102975325658918 -0.0014727905747436343 -0.00045573215233162044 0.0010256825215664918 -0.001216173723805696 -0.00028705348258054904 0.0013154395722301195 -0.0012418056884780527 -0.0011752711683088407 0.00096023303103046846 -0.00092594198628960706 0.0020053469669073822 -0.00017745972048336018 -0.00085082237623752127 0.0013399569384221521 0.0010623272010971878 -0.0015069850980160902 0.0021439888727162845 -6.2534285243600612e-05 -0.0013204143404753109 -0.00034386294370051477 0.0017909286962822079 -0.0020418810530100019 -0.00013000388895826682 0.0010747959979602862 -0.0014759692421648651 0.00069713067778918363 -0.0011862620020919067 0.0017189138731919231 -0.00123465373122599
leaf_weight=1958 20 21 20 29 20 33 27 20 22 27 28 20 24 31 21 22 26 23 20 23 20 20 20 35 36 22 35 36 20 20
leaf_count=1958 20 21 20 29 20 33 27 20 22 27 28 20 24 31 21 22 26 23 20 23 20 20 20 35 36 22 35 36 20 20
internal_value=-2.76589e-13 -7.17988e-06 0.000477283 4.48722e-06 -6.86374e-06 2.47817e-06 0.000298838 1.58663e-05 -1.243e-05 -1.95823e-06 -1.27112e-05 0.000342534 0.000814725 -2.0033e-06 9.16064e-06 -2.80286e-06 -1.29294e-05 4.80501e-06 0.0011177 -0.00045629 -2.26701e-05 0.000723533 -1.71264e-05 -0.000825232 3.76956e-06 -1.46699e-05 8.68304e-07 -1.11126e-05 1.00613e-05 -7.21734e-06
internal_weight=2699 2659 40 2638 2609 2589 124 97 2465 2443 2416 77 44 2388 2357 2336 2314 2225 43 89 63 40 2182 55 2127 2091 2069 2034 1998 1978
internal_count=2699 2659 40 2638 2609 2589 124 97 2465 2443 2416 77 44 2388 2357 2336 2314 2225 43 89 63 40 2182 55 2127 2091 2069 2034 1998 1978
is_linear=0
shrinkage=0.1


Tree=77
num_leaves=31
num_cat=0
split_feature=10 3 9 5 5 3 3 7 4 6 7 7 9 10 9 7 4 8 9 6 6 6 3 10 5 6 10 10 1 8
split_gain=0.000884185 0.00384624 0.00341541 0.00229995 0.00496943 0.00434151 0.00202363 0.00103382 0.00245771 0.00274655 0.00159557 0.00174333 0.00171614 0.000962344 0.00465311 0.00290255 0.00277337 0.00389906 0.00463875 0.00211366 0.00314207 0.00140624 0.00157164 0.00442866 0.00175539 0.00303377 0.00164986 0.00716684 0.0054202 0.0052615
threshold=71.602279663085952 65.218120574951186 73.125194549560561 61.873090744018562 58.240224838256843 54.580209732055671 52.152519226074226 55.027532577514656 17.839653968811039 26.203963279724125 44.160062789916999 40.066024780273445 26.212641716003422 45.740594863891609 41.745906829833991 10.34880590438843 34.545497894287116 34.236288070678718 34.835992813110359 33.004268646240241 31.925686836242679 30.456974983215336 32.522239685058601 32.810913085937507 31.879885673522953 28.614050865173343 27.917815208435062 26.756295204162605 61.500000000000007 25.966817855834964
decision_type=2 2 2 2 2 2 2 2 2 2 2 2 2 2 2 2 2 2 2 2 2 2 2 2 2 2 2 2 2 2
left_child=1 3 -2 4 5 6 7 10 9 -9 11 13 -12 14 16 -15 17 18 19 20 21 22 24 -24 25 26 27 -1 -29 -28
right_child=2 -3 -4 -5 -6 -7 -8 8 -10 -11 12 -13 -14 15 -16 -17 -18 -19 -20 -21 -22 -23 23 -25 -26 -27 29 28 -30 -31
leaf_value=1.2817239942343036e-05 0.0014288427028805017 -0.0013893842569086701 -0.0002582174927617113 0.0010709290788508952 -0.0015757868532091379 0.0014742337063944433 -0.0010068061761558057 0.00055853737014394003 0.00111124102175901 -0.00096473507001064722 1.913609347589638e-05 0.00081729447836271271 -0.0012024605454391112 -0.0013226421014960147 0.0015215902496129275 0.00028719022520817816 -0.0010578349665011047 0.0010485478601601375 -0.0014943803429126829 0.00079320790166754964 -0.0012607840710552409 0.00064618512017962837 -0.0017021197493886577 0.00031272667692974212 0.00070303587999660528 -0.0012367760366760194 -9.8365567336676984e-05 0.00015160392615057175 -0.0018699450211392508 0.0013896871398070029
leaf_weight=1903 20 20 30 20 20 20 20 29 28 20 23 26 23 21 20 24 25 35 21 33 20 33 20 24 35 20 74 21 36 35
leaf_count=1903 20 20 30 20 20 20 20 29 28 20 23 26 23 21 20 24 25 35 21 33 20 33 20 24 35 20 74 21 36 35
internal_value=2.99907e-14 -7.86347e-06 0.000416607 2.64639e-06 -5.54282e-06 6.5873e-06 -4.83852e-06 3.02313e-06 0.000363865 -6.32065e-05 -8.2167e-06 2.84616e-06 -0.000591662 -5.97703e-06 2.77624e-06 -0.000464065 -1.02329e-05 1.10482e-06 -1.50097e-05 -1.22674e-06 -1.30306e-05 -1.69252e-06 -1.15541e-05 -0.000603113 7.00378e-07 -1.10669e-05 7.81473e-07 -2.02771e-05 -0.00112516 0.00037945
internal_weight=2699 2649 50 2629 2609 2589 2569 2549 77 49 2472 2426 46 2400 2355 45 2335 2310 2275 2254 2221 2201 2168 44 2124 2089 2069 1960 57 109
internal_count=2699 2649 50 2629 2609 2589 2569 2549 77 49 2472 2426 46 2400 2355 45 2335 2310 2275 2254 2221 2201 2168 44 2124 2089 2069 1960 57 109
is_linear=0
shrinkage=0.1


Tree=78
num_leaves=31
num_cat=0
split_feature=8 8 4 9 6 10 8 4 5 5 3 5 6 6 7 4 7 7 7 4 3 10 3 5 8 8 8 5 10 5
split_gain=0.000869877 0.0022548 0.00249848 0.00263121 0.00210214 0.00179096 0.00201658 0.00190386 0.00192375 0.00247935 0.00276362 0.00207968 0.00226833 0.00254162 0.0011903 0.00117163 0.000911428 0.00486542 0.00243927 0.00323957 0.0020861 0.00435132 0.00282651 0.00334592 0.00310433 0.00550921 0.00439913 0.00408426 0.00786547 0.00442459
threshold=75.771553039550795 65.842441558837905 54.896280288696296 53.134258270263679 47.964429855346687 51.201152801513679 40.965095520019538 34.545497894287116 47.097564697265632 42.879808425903327 40.227567672729499 38.167844772338874 33.004268646240241 31.925686836242679 52.387962341308601 28.394748687744144 1.0463753342628481 1.1348978877067568 0.94401052594184887 14.24530601501465 6.0037295818328866 8.7825684547424334 12.402045249938967 12.170281410217287 11.385298252105715 10.959095478057863 10.637675762176515 14.802714824676515 14.812279224395754 16.690704345703129
decision_type=2 2 2 2 2 2 2 2 2 2 2 2 2 2 2 2 2 2 2 2 2 2 2 2 2 2 2 2 2 2
left_child=1 2 3 4 5 6 7 8 9 10 11 12 13 14 16 -13 18 -18 -1 -20 -19 -22 23 -23 25 26 -24 -26 -29 -30
right_child=-2 -3 -4 -5 -6 -7 -8 -9 -10 -11 -12 15 -14 -15 -16 -17 17 20 19 -21 21 22 24 -25 27 -27 -28 28 29 -31
leaf_value=3.9978084377737757e-05 0.00065705072367563846 -0.0010627245530486107 0.001064313921696422 -0.00083190575579034261 0.00083851786175121856 -0.00081359570656247711 0.00071870273170180818 -0.00071795986347038916 0.00093565733968716815 -0.00087809623000794095 0.00089007603470236073 -0.00017879280872875824 0.0007735019137678472 -0.0011278563481755554 0.00056694603113715571 -0.0012612115999218077 -0.0012838068275502134 0.00085253840117258258 0.00011313021105403701 0.0017561891162768007 -0.00085519403989066281 3.8210884590322773e-05 -0.0003629465471398174 0.00082952929548470384 0.0012514440396514078 -0.0015872465012679725 0.001108613854897988 -0.0018462075973334519 0.00077398076413473602 -3.384656202365668e-05
leaf_weight=535 20 20 22 38 30 27 39 37 22 32 35 20 38 20 37 20 31 27 30 20 62 150 174 83 26 33 23 23 73 952
leaf_count=535 20 20 22 38 30 27 39 37 22 32 35 20 38 20 37 20 31 27 30 20 62 150 174 83 26 33 23 23 73 952
internal_value=1.8758e-12 -4.90519e-06 3.05133e-06 -5.80259e-06 6.27587e-06 -3.4428e-06 5.16229e-06 -5.9556e-06 4.72735e-06 -3.65254e-06 7.9487e-06 -5.04013e-06 7.19713e-06 -5.46906e-06 4.38076e-06 -0.000720002 -4.90332e-06 -4.27877e-05 0.000102403 0.000770354 -1.91274e-05 -3.3846e-05 -7.14191e-07 0.000320097 -5.8037e-05 -0.000391451 -0.00019114 1.33645e-05 -1.73512e-05 2.36865e-05
internal_weight=2699 2679 2659 2637 2599 2569 2542 2503 2466 2444 2412 2377 2337 2299 2279 40 2242 1657 585 50 1626 1599 1537 233 1304 230 197 1074 1048 1025
internal_count=2699 2679 2659 2637 2599 2569 2542 2503 2466 2444 2412 2377 2337 2299 2279 40 2242 1657 585 50 1626 1599 1537 233 1304 230 197 1074 1048 1025
is_linear=0
shrinkage=0.1


Tree=79
num_leaves=31
num_cat=0
split_feature=6 8 6 5 10 10 4 9 6 9 8 9 6 8 4 4 4 6 6 6 6 1 4 9 4 4 8 10 4 3
split_gain=0.000822174 0.003335 0.00332182 0.00274553 0.00158569 0.00236426 0.00365646 0.0037716 0.00282664 0.00176098 0.00338645 0.00285085 0.00289765 0.00136078 0.00143251 0.00137696 0.0013644 0.00118437 0.00284108 0.00201956 0.00181932 0.0033991 0.0026669 0.00244998 0.00289667 0.00390957 0.00641196 0.00892512 0.00632416 0.00398586
threshold=68.500106811523452 55.64509582519532 80.332885742187514 61.873090744018562 53.657371520996101 51.201152801513679 40.660638809204109 42.234256744384773 39.589262008666999 37.141489028930671 35.647981643676765 35.489023208618171 33.981397628784187 31.30210113525391 28.394748687744144 27.092626571655277 25.303483963012699 29.105499267578129 28.470725059509281 30.115177154541019 26.771781921386722 62.500000000000007 23.465190887451175 26.354794502258304 22.5741081237793 20.401401519775394 22.846872329711918 23.573983192443851 19.510127067565922 23.360955238342289
decision_type=2 2 2 2 2 2 2 2 2 2 2 2 2 2 2 2 2 2 2 2 2 2 2 2 2 2 2 2 2 2
left_child=1 3 -2 4 5 6 7 8 9 11 -11 12 13 14 15 16 17 18 20 -19 23 22 -22 24 25 28 27 -27 -1 -30
right_child=2 -3 -4 -5 -6 -7 -8 -9 -10 10 -12 -13 -14 -15 -16 -17 -18 19 -20 -21 21 -23 -24 -25 -26 26 -28 -29 29 -31
leaf_value=9.1164377247587888e-06 0.0013612898532301188 -0.0010379160123486673 -0.00046129571041092276 0.0010700651274722381 -0.00067297277173825672 0.0010877082054503264 -0.0011202775086436806 0.00099775689886882901 -0.0010432957481288422 0.0015830828470643609 -0.0002571482537314296 -0.00099153288375136684 0.00090915591855134288 -0.00072691854886495729 0.00075345291220583034 -0.00076110822240783209 0.00059451211625281234 -0.0012691312562674285 0.0011884859905694611 -2.7662414236386356e-05 -0.00028126143469390548 0.00029473087633959951 -0.0018383274595676501 0.00077401719016318283 -0.00081879363630811661 0.0013165063707640879 0.0016430984986455816 -0.0011522387366767362 -0.0002377508841454983 -0.0020234403413487601
leaf_weight=1854 20 31 20 24 35 20 29 38 26 20 20 29 35 26 25 24 38 20 20 38 22 32 22 41 43 27 38 32 25 25
leaf_count=1854 20 31 20 24 35 20 29 38 26 20 20 29 35 26 25 24 38 20 20 38 22 32 22 41 43 27 38 32 25 25
internal_value=-1.99067e-12 -6.76942e-06 0.000449997 5.39403e-06 -4.41861e-06 4.68976e-06 -3.80784e-06 9.04043e-06 -6.09705e-06 4.88306e-06 0.000662967 -6.01237e-06 5.96086e-06 -7.47955e-06 5.62334e-07 -7.6177e-06 3.24227e-07 -9.76025e-06 2.10023e-06 -0.000455755 -8.87974e-06 -0.000489468 -0.00105979 8.6381e-06 -6.71441e-06 1.07366e-05 0.000630018 -2.2474e-05 -2.0813e-05 -0.0011306
internal_weight=2699 2659 40 2628 2604 2569 2549 2520 2482 2456 40 2416 2387 2352 2326 2301 2277 2239 2181 58 2161 76 44 2085 2044 2001 97 59 1904 50
internal_count=2699 2659 40 2628 2604 2569 2549 2520 2482 2456 40 2416 2387 2352 2326 2301 2277 2239 2181 58 2161 76 44 2085 2044 2001 97 59 1904 50
is_linear=0
shrinkage=0.1


Tree=80
num_leaves=31
num_cat=0
split_feature=8 3 6 7 9 10 10 1 8 5 3 5 5 7 5 9 8 8 4 4 10 10 6 9 10 5 9 3 6 6
split_gain=0.000772665 0.00240061 0.00145199 0.00254467 0.00220078 0.000899776 0.00168783 0.00449728 0.0035452 0.00219962 0.00209242 0.00316381 0.00294498 0.00205723 0.00181065 0.00385317 0.00204764 0.00203389 0.00260636 0.00200629 0.00157243 0.00241573 0.00583489 0.00266465 0.00291558 0.0031243 0.0046368 0.00494488 0.00412351 0.0032227
threshold=75.771553039550795 76.739543914794936 54.259517669677741 8.6769771575927752 51.237966537475593 52.449163436889656 45.740594863891609 59.500000000000007 37.09680366516114 42.879808425903327 40.227567672729499 38.167844772338874 37.48076248168946 16.151267051696781 36.769979476928718 32.831895828247077 29.893820762634281 28.274835586547855 26.086491584777836 24.920746803283695 33.489980697631843 31.850399971008304 27.869508743286136 27.139632225036625 30.015310287475589 30.397915840148929 25.760300636291507 26.566122055053714 25.007360458374027 24.253949165344242
decision_type=2 2 2 2 2 2 2 2 2 2 2 2 2 2 2 2 2 2 2 2 2 2 2 2 2 2 2 2 2 2
left_child=1 2 4 -4 5 6 8 -8 9 10 11 12 14 -13 15 16 17 18 19 20 21 22 23 24 25 26 28 -28 29 -1
right_child=-2 -3 3 -5 -6 -7 7 -9 -10 -11 -12 13 -14 -15 -16 -17 -18 -19 -20 -21 -22 -23 -24 -25 -26 -27 27 -29 -30 -31
leaf_value=1.1484667588149568e-05 0.00061924943467602141 -0.0010961107909679413 -0.00018833407387137415 0.0012246727054634203 -0.0010517109790816905 0.00055521560816800799 0.00073514971494053802 -0.0010139560288920696 0.00094251155096571895 -0.00080530952648533616 0.0007722370818789517 -0.0016033114475430923 0.0012169044313486666 -0.00018618602854465801 -0.00094915339373983446 0.00115185158291093 -0.0010155424909316934 0.00080517978149732849 -0.0010934893677503252 0.00087361476706484186 -0.0008926601056009532 0.00081042368029658166 -0.0015343593810684978 0.00093814337703709806 -0.0010844969186000525 0.0010705873393884826 0.00011041139252483846 -0.0020395627812198973 0.00140391954642144 -0.0010163411377899108
leaf_weight=1913 20 20 25 26 20 29 21 49 40 34 35 20 20 21 20 29 20 31 22 26 20 36 25 30 25 27 20 23 21 31
leaf_count=1913 20 20 25 26 20 29 21 49 40 34 35 20 20 21 20 29 20 31 22 26 20 36 25 30 25 27 20 23 21 31
internal_value=-2.98728e-12 -4.62299e-06 3.58677e-06 0.000532022 -6.7469e-06 1.32855e-06 -4.9484e-06 -0.000489224 8.67125e-06 -6.58134e-06 4.66369e-06 -6.62415e-06 8.64072e-06 -0.000877467 -1.77984e-06 6.46178e-06 -8.17096e-06 7.83458e-07 -1.04542e-05 3.90976e-07 -1.00668e-05 -1.86044e-06 -1.56866e-05 2.47939e-06 -1.11468e-05 2.03933e-06 -1.23286e-05 -0.00103957 1.01506e-05 -4.90556e-06
internal_weight=2699 2679 2659 51 2608 2588 2559 70 2489 2449 2415 2380 2339 41 2319 2299 2270 2250 2219 2197 2171 2151 2115 2090 2060 2035 2008 43 1965 1944
internal_count=2699 2679 2659 51 2608 2588 2559 70 2489 2449 2415 2380 2339 41 2319 2299 2270 2250 2219 2197 2171 2151 2115 2090 2060 2035 2008 43 1965 1944
is_linear=0
shrinkage=0.1


Tree=81
num_leaves=31
num_cat=0
split_feature=5 4 4 9 5 10 10 8 8 9 8 8 7 8 8 3 4 6 4 1 7 7 8 1 7 7 5 9 10 1
split_gain=0.000711811 0.00135035 0.00213709 0.00218195 0.00082135 0.00103116 0.00357354 0.00333507 0.00287162 0.00181295 0.00232339 0.00164185 0.00154777 0.000805291 0.00854257 0.00527958 0.0050114 0.00653781 0.00484623 0.00643066 0.00987059 0.00769348 0.00574796 0.00496683 0.00659912 0.00700043 0.00908014 0.0077577 0.00563041 0.00482744
threshold=82.549308776855483 57.426113128662116 48.984283447265632 51.237966537475593 57.105461120605476 45.740594863891609 47.613000869750984 40.965095520019538 37.09680366516114 38.39778137207032 34.236288070678718 32.784570693969734 3.772024512290955 19.925178527832035 19.632371902465824 21.17984771728516 17.21136569976807 24.253949165344242 20.401401519775394 65.500000000000014 7.8356623649597177 12.013687610626222 21.243993759155277 64.500000000000014 0.71007290482521068 1.1348978877067568 29.736239433288578 25.760300636291507 30.015310287475589 70.500000000000014
decision_type=2 2 2 2 2 2 2 2 2 2 2 2 2 2 2 2 2 2 2 2 2 2 2 2 2 2 2 2 2 2
left_child=1 2 3 4 5 8 -7 -8 9 10 11 13 -10 14 -1 -15 17 -17 19 21 -21 22 -18 24 -20 -26 27 -27 -28 -25
right_child=-2 -3 -4 -5 -6 6 7 -9 12 -11 -12 -13 -14 15 -16 16 18 -19 23 20 -22 -23 -24 29 25 26 28 -29 -30 -31
leaf_value=-4.9495095729090038e-06 0.00048438929642240209 -0.00070905760620479233 0.00087074376809011624 -0.000937310754787177 0.00063977467245422302 -0.0015145571413449944 -0.00082363578616283261 0.00068089772419839664 0.00022621246709604746 -0.00093107427958221659 0.00090773528922584641 -0.00083144801901653416 0.0014703084575012327 0.001440268532938457 -0.0016797174421709874 0.0023333524597720021 -0.00050076928344510851 4.8136709618472288e-05 -0.0018607886000113053 -0.0032096656860085208 -0.0002786131629869083 -0.0013013467371153335 0.0017051312675768579 0.00089863341701406556 0.0017383997258730234 -0.00023003004413718977 0.0017355544719612225 -0.0028618583184046049 -9.3755493699578478e-05 -0.0001280836078380658
leaf_weight=1737 30 27 28 25 20 20 26 34 20 21 28 24 20 28 31 21 21 31 22 20 27 30 27 113 20 24 20 21 106 77
leaf_count=1737 30 27 28 25 20 20 26 34 20 21 28 24 20 28 31 21 21 31 22 20 27 30 27 113 20 24 20 21 106 77
internal_value=1.87021e-15 -5.44462e-06 1.74598e-06 -7.56234e-06 1.41553e-06 -3.55417e-06 -0.000356939 2.89332e-05 7.80413e-06 -5.92321e-06 2.07851e-06 -8.48749e-06 0.00084826 -1.74755e-07 -3.43148e-05 9.91009e-05 3.43548e-05 0.000971012 -5.78917e-05 -0.000601871 -0.00152587 -4.51027e-05 0.00074005 0.000110836 -0.000220733 -3.18259e-05 -0.00023887 -0.00145822 0.000196611 0.000482543
internal_weight=2699 2669 2642 2614 2589 2569 80 60 2489 2449 2428 2400 40 2376 1768 608 580 52 528 125 47 78 48 403 213 191 171 45 126 190
internal_count=2699 2669 2642 2614 2589 2569 80 60 2489 2449 2428 2400 40 2376 1768 608 580 52 528 125 47 78 48 403 213 191 171 45 126 190
is_linear=0
shrinkage=0.1


Tree=82
num_leaves=31
num_cat=0
split_feature=4 8 4 1 3 3 6 4 6 8 4 6 6 9 8 8 4 4 6 3 8 6 9 1 4 4 3 8 3 8
split_gain=0.000712128 0.00435581 0.00339777 0.0103132 0.00307891 0.00158571 0.00335506 0.00241158 0.00202386 0.0013179 0.00208601 0.00238447 0.00157636 0.00324216 0.00200161 0.00154664 0.00209175 0.00161474 0.00115134 0.00577203 0.00727976 0.0051574 0.00252493 0.0046244 0.00347644 0.00493076 0.00838816 0.00767495 0.00491697 0.00653346
threshold=46.049480438232429 45.359569549560554 60.946918487548835 65.500000000000014 81.245563507080092 49.961791992187507 42.810081481933601 32.652412414550788 40.439781188964851 36.447523117065437 32.164999008178718 35.479139328002937 33.627820968627937 32.831895828247077 29.893820762634281 28.274835586547855 26.086491584777836 24.920746803283695 26.771781921386722 30.456041336059574 24.889834403991703 28.614050865173343 25.973080635070804 63.500000000000007 22.5741081237793 20.216961860656742 22.35740947723389 22.0228385925293 23.966482162475589 22.846872329711918
decision_type=2 2 2 2 2 2 2 2 2 2 2 2 2 2 2 2 2 2 2 2 2 2 2 2 2 2 2 2 2 2
left_child=1 5 3 -2 -4 6 8 -7 9 10 11 12 13 14 15 16 17 18 22 -20 -21 -22 24 -24 25 27 -27 -1 -28 -30
right_child=2 -3 4 -5 -6 7 -8 -9 -10 -11 -12 -13 -14 -15 -16 -17 -18 -19 19 20 21 -23 23 -25 -26 26 28 -29 29 -31
leaf_value=-4.6953129151678964e-06 0.00079410769553347072 0.001207555969870858 0.0012877374188974501 -0.0020991729589046114 -0.00046694536460563542 4.3768637769971978e-05 0.0011846069843159059 -0.0012140862454004862 -0.00093713088078758392 0.00071347843029518406 -0.00081734516443834914 0.00089418384867409866 -0.00064185667801403305 0.00096266715255166808 -0.00097890340340589846 0.00066150976361573815 -0.00093697626361972659 0.00071829716569834189 -0.0016277619843765917 -0.00094822917657438671 0.0019633561606852987 -5.7602943603082425e-05 0.0016485666014397376 -0.00015984561544046889 -0.0010438490264277789 -0.0010852502674208069 0.0024744503687889803 -0.0016726903816951173 -0.00072017231404537428 0.0014882147337335189
leaf_weight=1865 22 30 20 28 20 35 24 27 23 26 31 30 38 35 21 35 24 31 26 40 23 28 26 31 32 21 21 28 21 37
leaf_count=1865 22 30 20 28 20 35 24 27 23 26 31 30 38 35 21 35 24 31 26 40 23 28 26 31 32 21 21 28 21 37
internal_value=-1.39042e-13 9.5403e-06 -0.000276563 -0.000826129 0.000410396 -4.39552e-06 7.91116e-06 -0.000504007 -3.41684e-06 5.27766e-06 -2.25639e-06 8.21512e-06 -2.93849e-06 7.41498e-06 -7.05854e-06 1.85747e-06 -8.38558e-06 1.60822e-06 -8.49517e-06 -0.000313732 6.17049e-05 0.00085381 8.65792e-06 0.000665044 -9.81814e-06 6.78447e-06 0.000691135 -2.93672e-05 0.00116334 0.000688626
internal_weight=2699 2609 90 50 40 2579 2517 62 2493 2470 2444 2413 2383 2345 2310 2289 2254 2230 2199 117 91 51 2082 57 2025 1993 100 1893 79 58
internal_count=2699 2609 90 50 40 2579 2517 62 2493 2470 2444 2413 2383 2345 2310 2289 2254 2230 2199 117 91 51 2082 57 2025 1993 100 1893 79 58
is_linear=0
shrinkage=0.1


Tree=83
num_leaves=31
num_cat=0
split_feature=7 8 7 8 8 4 8 1 8 7 6 6 3 5 6 3 4 4 9 4 4 10 9 7 7 3 9 9 10 5
split_gain=0.000696168 0.00740216 0.00733929 0.00644142 0.00639439 0.00232901 0.00364614 0.00712076 0.00487876 0.00351736 0.00205513 0.00246045 0.00165915 0.00284345 0.00328996 0.00549567 0.00130193 0.00355555 0.0027733 0.00130052 0.0034244 0.00296112 0.00139298 0.00659034 0.00431065 0.00624098 0.00366811 0.00323041 0.00134448 0.00452624
threshold=31.944459915161136 38.819972991943366 57.702495574951179 65.842441558837905 33.57141304016114 48.984283447265632 39.537303924560554 61.500000000000007 36.447523117065437 5.5552973747253427 35.479139328002937 33.981397628784187 23.681021690368656 27.904229164123539 23.693908691406254 34.064678192138679 15.592804431915285 20.64978122711182 33.213066101074226 27.686420440673832 26.465429306030277 33.974044799804695 26.754080772399906 4.0880355834960946 6.8974628448486337 30.456041336059574 29.466745376586918 26.354794502258304 29.078196525573734 28.641468048095707
decision_type=2 2 2 2 2 2 2 2 2 2 2 2 2 2 2 2 2 2 2 2 2 2 2 2 2 2 2 2 2 2
left_child=3 4 -3 5 12 6 8 -8 10 -9 11 19 -2 -14 -15 -16 -17 -18 -19 20 22 -21 27 -24 -25 -26 -27 28 29 -1
right_child=1 2 -4 -5 -6 -7 7 9 -10 -11 -12 -13 13 14 15 16 17 18 -20 21 -22 -23 23 24 25 26 -28 -29 -30 -31
leaf_value=-6.5514697390816374e-06 -0.00074320554672537942 0.0024782550239857912 0.00026627438608556987 -0.0015831026015803219 -0.0017027397619803317 0.00084683334571309396 -0.0018901780461116385 0.0010870944254565984 0.0013464559897935638 -0.00072618181204787751 -0.00082794820661850595 0.0010123268041449288 0.0011484129850286991 -0.00088669343421122798 0.0017106620594859125 0.00063346927774892683 -0.0010677333790226841 0.0011924704664852471 -0.00034932021701804066 8.5626673212067957e-05 0.0010678397868468892 -0.0013869549973275176 -0.0019471438546177179 0.0012747844304179861 -0.0017803561577404089 0.001090802255874643 -0.00042054596103428468 0.0012773368399939501 -0.00066434470897850902 0.0014047262582765974
leaf_weight=1904 23 24 40 26 23 32 30 20 27 23 30 24 25 33 21 21 32 20 28 36 30 22 21 21 22 26 42 20 30 23
leaf_count=1904 23 24 40 26 23 32 30 20 27 23 30 24 25 33 21 21 32 20 28 36 30 22 21 21 22 26 42 20 30 23
internal_value=-2.9581e-12 0.000146378 0.00109577 -1.76212e-05 -0.000122476 -5.4086e-07 -1.20747e-05 -0.000707748 1.02187e-05 0.000117202 -5.80907e-06 5.29592e-06 5.65687e-05 0.000158762 -8.59033e-07 0.000238752 -6.72888e-05 -0.000251238 0.000293093 -5.70487e-06 6.96439e-06 -0.000472939 -8.12629e-06 -0.000322647 -1.53102e-05 -0.000316332 0.000157322 1.28736e-05 -4.88685e-08 1.0293e-05
internal_weight=2699 290 64 2409 226 2383 2351 73 2278 43 2251 2221 203 180 155 122 101 80 48 2197 2139 58 2109 132 111 90 68 1977 1957 1927
internal_count=2699 290 64 2409 226 2383 2351 73 2278 43 2251 2221 203 180 155 122 101 80 48 2197 2139 58 2109 132 111 90 68 1977 1957 1927
is_linear=0
shrinkage=0.1


Tree=84
num_leaves=31
num_cat=0
split_feature=6 8 6 5 10 4 4 4 1 1 4 8 3 5 8 1 5 3 10 10 6 9 1 10 5 9 6 6 9 9
split_gain=0.000712254 0.00319684 0.00303406 0.0022034 0.00119815 0.00224752 0.00220639 0.000993755 0.00559822 0.00458386 0.00538157 0.0044293 0.00453586 0.00646056 0.00381976 0.00353457 0.00326539 0.00134192 0.00138406 0.00107203 0.00223641 0.00209515 0.00186033 0.00163633 0.00178536 0.00268247 0.00328021 0.00259733 0.00615417 0.0035889
threshold=68.500106811523452 55.64509582519532 80.332885742187514 61.873090744018562 53.657371520996101 41.76245307922364 38.598453521728523 25.303483963012699 52.500000000000007 55.500000000000007 33.957532882690437 32.544279098510749 32.697002410888679 31.879885673522953 29.488677024841312 64.500000000000014 37.48076248168946 41.062639236450202 35.59746170043946 32.810913085937507 27.869508743286136 27.139632225036625 62.500000000000007 30.015310287475589 30.397915840148929 25.760300636291507 25.007360458374027 24.253949165344242 24.073582649230961 22.596256256103519
decision_type=2 2 2 2 2 2 2 2 2 2 2 2 2 2 2 2 2 2 2 2 2 2 2 2 2 2 2 2 2 2
left_child=1 3 -2 4 5 6 7 14 -9 -10 11 12 13 -11 17 -13 -14 18 19 20 21 23 -21 24 25 26 27 28 29 -1
right_child=2 -3 -4 -5 -6 -7 -8 8 9 10 -12 15 16 -15 -16 -17 -18 -19 -20 22 -22 -23 -24 -25 -26 -27 -28 -29 -30 -31
leaf_value=1.6351922471811431e-05 0.0012897647125646474 -0.0010158631379806227 -0.00045209028758108616 0.00095938896993175149 -0.00058432528848892883 0.00091229474637657406 -0.00097990174046730253 0.0015534488794704279 -0.0014157481904840097 -0.00024783561006188395 -0.00097412735442904859 0.0017969766719033943 0.0001289332047149184 0.0019707966784370087 -0.0011774824474871692 0.00033269136021023293 -0.0015957924198237777 0.0007749369788639756 -0.00070854949392794102 0.0011360116482881661 -0.0007516372845566366 0.00078179609023637194 -0.00017984365778309959 -0.00067792474421569048 0.00079520866524295094 -0.00074743824807228527 0.0012523044499435597 -0.00091224329005326003 0.0014314774908901504 -0.00068075884225802478
leaf_weight=1806 20 31 20 24 35 27 23 27 20 35 34 32 21 21 28 34 23 22 28 22 40 34 21 36 28 48 21 31 30 77
leaf_count=1806 20 31 20 24 35 27 23 27 20 35 34 32 21 21 28 34 23 22 28 22 40 34 21 36 28 48 21 31 30 77
internal_value=3.05603e-12 -6.30067e-06 0.000418837 5.60817e-06 -3.18243e-06 4.73504e-06 -4.90465e-06 3.99766e-06 0.000194492 2.77106e-05 0.000172056 0.000406817 -1.28314e-05 0.000584151 -1.67119e-05 0.00104265 -0.000772628 -2.22809e-06 -9.92279e-06 -1.00686e-06 -1.08901e-05 3.14586e-06 0.000493385 -9.60047e-06 2.18771e-06 -8.84288e-06 9.19914e-06 -4.22946e-06 1.04848e-05 -1.21545e-05
internal_weight=2699 2659 40 2628 2604 2569 2542 2519 247 220 200 166 100 56 2272 66 44 2244 2222 2194 2151 2111 43 2077 2041 2013 1965 1944 1913 1883
internal_count=2699 2659 40 2628 2604 2569 2542 2519 247 220 200 166 100 56 2272 66 44 2244 2222 2194 2151 2111 43 2077 2041 2013 1965 1944 1913 1883
is_linear=0
shrinkage=0.1


Tree=85
num_leaves=31
num_cat=0
split_feature=8 3 10 6 8 6 6 8 4 8 3 6 1 5 5 6 6 9 4 7 4 1 4 9 9 9 8 4 8 4
split_gain=0.00069656 0.00226233 0.00124335 0.00149925 0.00225345 0.00186193 0.00185502 0.00190379 0.00263978 0.00294604 0.00225869 0.0028475 0.0021369 0.00138817 0.000903947 0.00239914 0.00214767 0.00118601 0.00299723 0.0019451 0.00270576 0.00236675 0.00160145 0.00193707 0.00233808 0.0038471 0.00257439 0.00465432 0.00457127 0.00413209
threshold=75.771553039550795 76.739543914794936 69.04422760009767 56.836801528930671 46.548017501831062 47.165225982666023 44.72669982910157 39.537303924560554 33.289611816406257 35.227539062500007 47.11225891113282 35.048412322998054 63.500000000000007 41.718050003051765 38.167844772338874 33.004268646240241 31.925686836242679 29.055979728698734 26.086491584777836 2.6206585168838505 24.601292610168461 63.500000000000007 24.920746803283695 27.825620651245121 27.139632225036625 26.557673454284672 23.243500709533695 22.884689331054691 22.529483795166019 21.361392974853519
decision_type=2 2 2 2 2 2 2 2 2 2 2 2 2 2 2 2 2 2 2 2 2 2 2 2 2 2 2 2 2 2
left_child=1 2 3 4 5 6 7 8 9 10 11 13 -10 14 15 16 17 18 22 -19 21 -21 23 24 25 26 28 29 -1 -28
right_child=-2 -3 -4 -5 -6 -7 -8 -9 12 -11 -12 -13 -14 -15 -16 -17 -18 19 -20 20 -22 -23 -24 -25 -26 -27 27 -29 -30 -31
leaf_value=3.9079104484368472e-06 0.00058796186815015974 -0.0010639748512767256 0.00078907233430072679 -0.00080621708184480667 0.00083871462338720455 -0.00084760879667905662 0.00079816734490530767 -0.00077261933729460002 0.0015391803155944217 -0.0011890140290017285 0.0010331279756168701 -0.00097664884446809689 9.4875214216742844e-05 0.00083333014510571972 -0.00048075340018840509 0.00095991447899275689 -0.0010378407819371207 0.0012257582481834109 -0.0011733253216582606 0.0011735381127369626 -0.00073228482296690354 -0.00022373471874743701 0.00086882176276828569 -0.00085037452410216682 0.00098343043064232929 -0.0012680268332284565 0.00041578876488428156 -0.00016327344806632029 -0.0010156924329284165 0.0023122185724787415
leaf_weight=1925 20 20 20 23 32 26 29 32 20 21 21 30 21 20 39 26 20 20 22 27 25 22 21 27 24 24 27 50 45 20
leaf_count=1925 20 20 20 23 32 26 29 32 20 21 21 30 21 20 39 26 20 20 22 27 25 22 21 27 24 24 27 50 45 20
internal_value=3.56767e-12 -4.38941e-06 3.58039e-06 -2.37256e-06 4.69488e-06 -5.63353e-06 2.92446e-06 -6.19457e-06 3.62745e-06 -9.65727e-06 5.13779e-07 -8.46919e-06 0.000799414 3.71427e-06 -3.30447e-06 4.70435e-06 -6.09838e-06 2.95597e-06 -1.20068e-05 0.00035076 0.000114274 0.000546191 -1.94917e-07 -8.71469e-06 2.02991e-06 -9.23438e-06 5.3815e-06 0.00050832 -1.93825e-05 0.00122278
internal_weight=2699 2679 2659 2639 2616 2584 2558 2529 2497 2456 2435 2414 41 2384 2364 2325 2299 2279 2185 94 74 49 2163 2142 2115 2091 2067 97 1970 47
internal_count=2699 2679 2659 2639 2616 2584 2558 2529 2497 2456 2435 2414 41 2384 2364 2325 2299 2279 2185 94 74 49 2163 2142 2115 2091 2067 97 1970 47
is_linear=0
shrinkage=0.1


Tree=86
num_leaves=31
num_cat=0
split_feature=8 3 4 1 1 5 1 4 4 4 4 4 10 8 4 9 3 9 9 6 5 3 8 9 9 8 5 4 7 3
split_gain=0.000665586 0.00325144 0.00109368 0.000762339 0.00487737 0.0036164 0.00283821 0.00235707 0.00327223 0.00267659 0.00105778 0.00786921 0.00774363 0.00761746 0.00784737 0.00479125 0.00454497 0.00438423 0.00371913 0.00329073 0.0104523 0.00766932 0.00407277 0.00326488 0.00733122 0.00863674 0.00822217 0.00559137 0.00504731 0.00475781
threshold=4.0516512393951425 4.7265207767486581 3.5065357685089116 50.500000000000007 48.500000000000007 22.226483345031742 51.500000000000007 23.639531135559086 14.418501377105715 9.2636294364929217 13.11917018890381 13.818008899688722 19.698780059814457 14.667545318603517 12.393364906311037 18.460468292236332 15.667819976806642 16.421451568603519 15.673525333404543 18.027349472045902 19.775094985961918 19.420585632324222 16.093758583068851 19.014306068420414 19.903229713439945 18.297430992126468 21.806244850158695 16.23989295959473 0.29270716011524206 20.933710098266605
decision_type=2 2 2 2 2 2 2 2 2 2 2 2 2 2 2 2 2 2 2 2 2 2 2 2 2 2 2 2 2 2
left_child=1 -1 -2 4 7 -6 -5 8 9 -4 13 12 18 17 15 -15 -13 -8 -12 20 22 -21 -18 27 -25 -26 -27 -23 -28 -30
right_child=2 -3 3 6 5 -7 10 -9 -10 -11 11 16 -14 14 -16 -17 19 -19 -20 21 -22 23 -24 24 25 26 28 -29 29 -31
leaf_value=0.00025222093219781524 0.00061858028566348373 -0.0011842369191561795 0.00040597988063382221 0.00088533525987578615 -0.0016518780415935908 -0.00015989744711215751 4.1390492078047534e-05 -0.00076603348623559058 0.0014254441697393423 -0.00092983293259749186 -0.0010668395720422267 0.0011969556376683497 0.00023814151209080594 0.001326966613393139 0.0024311684251118165 -0.00048184676270466301 -0.000601061362117021 -0.0010019697689304372 -0.0028963804279919718 0.001396712232142305 -0.0024497983926583247 0.0016856359191089205 0.00094172499541725439 -0.0013971492342534477 -0.001777706951489327 0.0017561302675555151 -0.0015110393557485871 -0.00050356641120743008 -0.0015017892490141096 5.8662223779359723e-05
leaf_weight=40 29 26 60 37 32 33 980 22 23 20 25 31 28 27 26 32 44 42 20 39 23 28 28 40 27 27 22 20 20 848
leaf_count=40 29 26 60 37 32 33 980 22 23 20 25 31 28 27 26 32 44 42 20 39 23 28 28 40 27 27 22 20 20 848
internal_value=-1.53728e-13 -0.000313656 7.86226e-06 1.06087e-06 -0.000191801 -0.000894411 1.62405e-05 0.000173557 0.000374246 7.20267e-05 2.71232e-06 -5.95686e-05 -0.00106754 7.41638e-05 0.000983757 0.000345915 1.9035e-06 -1.48733e-06 -0.00187997 -2.98689e-05 -0.000593934 2.01649e-05 -1.08889e-06 -3.18558e-05 -7.11399e-05 -1.4953e-05 3.69492e-05 0.000773468 -1.52057e-05 2.27071e-05
internal_weight=2699 66 2633 2604 190 65 2414 125 103 80 2377 1270 73 1107 85 59 1197 1022 45 1166 95 1071 72 1032 984 944 917 48 890 868
internal_count=2699 66 2633 2604 190 65 2414 125 103 80 2377 1270 73 1107 85 59 1197 1022 45 1166 95 1071 72 1032 984 944 917 48 890 868
is_linear=0
shrinkage=0.1


Tree=87
num_leaves=31
num_cat=0
split_feature=1 6 9 6 4 8 6 4 4 4 4 4 7 10 3 5 5 6 6 6 6 5 9 6 6 10 3 4 8 10
split_gain=0.000640737 0.000740054 0.00235122 0.00245811 0.00177746 0.00105248 0.00115317 0.00273716 0.00256631 0.00161347 0.00405307 0.00335686 0.00265659 0.00571879 0.00197234 0.00172669 0.0016444 0.00258816 0.00254237 0.00256769 0.00255058 0.00440402 0.00289576 0.00213514 0.00231469 0.00178684 0.00664064 0.0101569 0.00490065 0.00463114
threshold=75.500000000000014 68.500106811523452 62.949447631835945 54.259517669677741 44.659854888916023 44.563737869262702 43.842613220214851 36.865966796875007 33.957532882690437 29.209688186645511 27.686420440673832 26.465429306030277 8.1396298408508319 34.905483245849616 45.309858322143562 40.939416885375984 36.246574401855476 29.691039085388187 28.614050865173343 28.155976295471195 26.771781921386722 30.397915840148929 26.354794502258304 25.688879966735843 25.007360458374027 25.508724212646488 26.566122055053714 15.592804431915285 16.515654563903812 25.111416816711429
decision_type=2 2 2 2 2 2 2 2 2 2 2 2 2 2 2 2 2 2 2 2 2 2 2 2 2 2 2 2 2 2
left_child=1 2 3 4 5 6 7 8 9 10 11 14 13 -11 15 16 17 18 19 20 22 -22 23 24 25 29 -27 28 -28 -1
right_child=-2 -3 -4 -5 -6 -7 -8 -9 -10 12 -12 -13 -14 -15 -16 -17 -18 -19 -20 -21 21 -23 -24 -25 -26 26 27 -29 -30 -31
leaf_value=1.1027897302349325e-06 -0.00045201249623430832 0.00043766796708298041 -0.0010812868783250452 0.00093903695898396632 -0.00091924781445413834 0.0006779380831057611 -0.00050329350323105853 0.0010933349961819857 -0.00095455317891069823 -0.00010567316564667073 -0.0010461569049496305 0.0009536587431825497 -0.00023606820818590556 0.0019367594152124815 -0.00099524242279585467 0.0008286607502959669 -0.00065925286341409547 0.0011366270432336023 -0.0010519618259580887 0.0010798132687341421 -0.0017742784757336432 -2.043109881214616e-05 0.00085559488477883862 -0.00077788540943791833 0.00085363092566694834 -0.0018272284853737804 -5.8522515585288852e-05 0.00089208401664758903 -0.0021461732540046796 0.0012749340106955939
leaf_weight=1802 31 39 20 28 21 23 45 23 28 29 37 37 37 26 20 25 38 20 23 22 22 41 40 35 32 25 22 56 23 29
leaf_count=1802 31 39 20 28 21 23 45 23 28 29 37 37 37 26 20 25 38 20 23 22 22 41 40 35 32 25 22 56 23 29
internal_value=1.63014e-13 5.25202e-06 -1.16267e-06 7.11731e-06 -2.99262e-06 4.52353e-06 -1.58153e-06 7.47828e-06 -2.63703e-06 8.28212e-06 -7.80759e-06 8.80959e-06 0.000419095 0.00085984 -6.55719e-06 2.21164e-06 -7.05349e-06 4.25289e-06 -6.17413e-06 5.01857e-06 -6.09825e-06 -0.000632886 1.30333e-05 -3.61807e-06 1.00065e-05 -3.78803e-06 -0.000368044 -6.85916e-06 -0.00112554 2.12782e-05
internal_weight=2699 2668 2629 2609 2581 2560 2537 2492 2469 2441 2349 2312 92 55 2275 2255 2230 2192 2172 2149 2127 63 2064 2024 1989 1957 126 101 45 1831
internal_count=2699 2668 2629 2609 2581 2560 2537 2492 2469 2441 2349 2312 92 55 2275 2255 2230 2192 2172 2149 2127 63 2064 2024 1989 1957 126 101 45 1831
is_linear=0
shrinkage=0.1


Tree=88
num_leaves=31
num_cat=0
split_feature=7 8 8 7 8 5 5 8 8 1 4 3 4 5 9 9 1 6 6 8 8 4 9 3 8 8 8 10 9 4
split_gain=0.000676083 0.00593817 0.00577555 0.00588527 0.00514968 0.00258173 0.00683864 0.00469868 0.00409662 0.00408942 0.00204912 0.00261286 0.00175417 0.00552594 0.0041177 0.00230217 0.00287714 0.00251781 0.00175815 0.00216617 0.00179926 0.00202849 0.0056807 0.00371283 0.00266983 0.0023131 0.00555433 0.00770043 0.004988 0.00290509
threshold=31.944459915161136 65.842441558837905 38.819972991943366 57.702495574951179 33.57141304016114 52.863252639770515 58.240224838256843 39.537303924560554 36.447523117065437 61.500000000000007 32.164999008178718 37.952396392822273 27.686420440673832 35.054500579833991 31.594530105590824 29.466745376586918 61.500000000000007 28.470725059509281 27.869508743286136 25.649039268493656 25.260769844055179 23.067812919616703 25.760300636291507 25.88153171539307 23.243500709533695 21.679194450378422 21.037702560424808 23.801768302917484 23.581592559814457 19.510127067565922
decision_type=2 2 2 2 2 2 2 2 2 2 2 2 2 2 2 2 2 2 2 2 2 2 2 2 2 2 2 2 2 2
left_child=1 5 4 -4 -2 7 -7 8 10 -9 11 12 14 -14 15 17 -17 18 19 20 21 22 24 -23 25 26 29 -28 -27 -1
right_child=2 -3 3 -5 -6 6 -8 9 -10 -11 -12 -13 13 -15 -16 16 -18 -19 -20 -21 -22 23 -24 -25 -26 28 27 -29 -30 -31
leaf_value=8.7636706599232592e-06 6.7443488377348299e-05 -0.0015204493081770265 0.0022208559637268382 0.00024006991705391559 -0.0015113762650719805 0.0021343702403828504 -0.00030533176053453378 -0.0018692765613086523 0.0012313534077731203 -0.00017369720612116387 -0.00081519175155629088 0.0010637971835777812 0.00019303687179508884 -0.0017613148000395007 0.0014010000153489056 6.9250973285220216e-05 -0.001606647773878649 0.00096781203540524966 -0.00083767845900729302 0.00076421163409847673 -0.00092875768435381678 -0.00027729962681405596 -0.0013342716687475332 0.0016264931853151041 0.00096143912483841697 -0.0013524735822820254 0.0024473986569897867 -0.00022973958569179689 0.00029014181927777827 -0.00087527552049754091
leaf_weight=1706 203 26 24 40 23 20 27 25 27 33 31 23 39 23 21 21 20 27 25 37 21 20 32 21 29 38 22 21 36 38
leaf_count=1706 203 26 24 40 23 20 27 25 27 33 31 23 39 23 21 21 20 27 25 37 21 20 32 21 29 38 22 21 36 38
internal_value=-2.91465e-12 -1.73652e-05 0.000144251 0.000982865 -9.32329e-05 -9.65606e-07 0.000732839 -1.57297e-05 6.90054e-06 -0.00090455 -7.78636e-06 3.48821e-06 -7.61197e-06 -0.000531965 7.61513e-06 -6.22644e-06 -0.000748261 8.44958e-06 -4.21062e-06 6.09947e-06 -8.03871e-06 1.81106e-06 -1.3036e-05 0.000697814 9.33409e-06 -5.50258e-06 1.71844e-05 0.00113996 -0.000553363 -1.04987e-05
internal_weight=2699 2409 290 64 226 2383 47 2336 2278 58 2251 2220 2197 62 2135 2114 41 2073 2046 2021 1984 1963 1922 41 1890 1861 1787 43 74 1744
internal_count=2699 2409 290 64 226 2383 47 2336 2278 58 2251 2220 2197 62 2135 2114 41 2073 2046 2021 1984 1963 1922 41 1890 1861 1787 43 74 1744
is_linear=0
shrinkage=0.1


Tree=89
num_leaves=31
num_cat=0
split_feature=4 4 3 9 10 4 4 1 3 3 9 8 8 5 5 5 7 3 10 5 1 10 1 10 10 6 4 1 5 6
split_gain=0.000749144 0.00332031 0.00307611 0.00299055 0.00172302 0.00185892 0.00156781 0.00901137 0.00526935 0.00212787 0.00202588 0.00373394 0.00147727 0.000928804 0.00174827 0.00186606 0.00285109 0.00279812 0.00174194 0.00144915 0.00261667 0.00254757 0.00380529 0.0030347 0.00169674 0.0052239 0.00424126 0.00432453 0.00447257 0.00211476
threshold=60.946918487548835 52.246635437011726 81.245563507080092 54.970054626464851 53.657371520996101 41.76245307922364 34.545497894287116 63.500000000000007 43.840894699096687 48.14656066894532 39.55224800109864 34.236288070678718 32.784570693969734 40.939416885375984 38.167844772338874 35.983833312988288 22.4524040222168 35.099555969238288 32.810913085937507 32.640361785888679 62.500000000000007 30.597829818725589 65.500000000000014 29.572962760925297 27.917815208435062 25.56931304931641 24.49715614318848 57.500000000000007 29.736239433288578 24.823750495910648
decision_type=2 2 2 2 2 2 2 2 2 2 2 2 2 2 2 2 2 2 2 2 2 2 2 2 2 2 2 2 2 2
left_child=1 3 -2 4 5 6 9 8 -8 10 11 12 13 14 15 17 -17 18 19 21 -21 23 -23 24 25 29 27 -26 -29 -1
right_child=2 -3 -4 -5 -6 -7 7 -9 -10 -11 -12 -13 -14 -15 -16 16 -18 -19 -20 20 -22 22 -24 -25 26 -27 -28 28 -30 -31
leaf_value=-5.3057096093248466e-07 0.00130648881662637 -0.0010525423055514694 -0.0004473953763954342 0.0011407563569145684 -0.00068209051332323233 0.00083059345165060637 0.0015415968419983984 -0.0021258632678919556 -0.00075391059741377838 0.00087568227463634689 -0.00093514081596842282 0.0011559294621942431 -0.00078620420439013598 0.00051364015604901528 -0.00077695026150744026 0.0014887275149314001 -0.00015909605648457294 -0.0011568423039058134 0.00072403656579836297 -0.0012897043062063554 0.00018696756742428989 0.0016480681543310748 -0.00019153851211409678 -0.00078948023253861744 -0.0011725865994230845 -0.001158020728811001 0.0017173268890473992 0.001492502757231705 -0.00048709881680441045 0.00096406037020800724
leaf_weight=1927 20 30 20 23 37 27 20 22 20 28 23 28 24 35 29 21 21 21 33 24 24 23 22 49 20 39 20 25 21 23
leaf_count=1927 20 30 20 23 37 27 20 22 20 28 23 28 24 35 29 21 21 21 33 24 24 23 22 49 20 39 20 25 21 23
internal_value=-1.71253e-12 -6.46178e-06 0.000429547 5.47524e-06 -4.54451e-06 5.21384e-06 -3.55298e-06 -0.000500246 0.000393843 8.86435e-06 -1.03406e-06 7.81092e-06 -5.57822e-06 2.30358e-06 -5.33809e-06 4.33625e-06 0.000664816 -7.87869e-06 2.84497e-06 -7.88995e-06 -0.000551368 4.13723e-06 0.000748705 -1.16375e-05 6.73083e-06 -1.20723e-05 0.000441608 5.50267e-05 0.000588772 1.08467e-05
internal_weight=2699 2659 40 2629 2606 2569 2542 62 40 2480 2452 2429 2401 2377 2342 2313 42 2271 2250 2217 48 2169 45 2124 2075 1989 86 66 46 1950
internal_count=2699 2659 40 2629 2606 2569 2542 62 40 2480 2452 2429 2401 2377 2342 2313 42 2271 2250 2217 48 2169 45 2124 2075 1989 86 66 46 1950
is_linear=0
shrinkage=0.1


Tree=90
num_leaves=31
num_cat=0
split_feature=4 9 3 6 9 7 4 3 10 5 10 1 3 10 10 10 3 4 9 9 9 7 3 5 9 6 7 10 5 10
split_gain=0.000606807 0.00297657 0.00249165 0.00179342 0.00187741 0.00112524 0.00316516 0.00249753 0.00212393 0.00197744 0.00364069 0.00241737 0.00196826 0.0031345 0.00244304 0.000962106 0.00162602 0.00322335 0.00253579 0.00309286 0.00248351 0.00427507 0.00410493 0.0019612 0.00345111 0.00450841 0.00372314 0.00166794 0.00452525 0.00330332
threshold=60.946918487548835 62.949447631835945 81.245563507080092 54.259517669677741 51.237966537475593 49.619075775146491 24.49715614318848 49.961791992187507 46.99903869628907 38.167844772338874 31.183614730834964 62.500000000000007 43.210210800170906 41.722911834716804 39.953729629516609 37.403684616088874 35.341377258300788 27.686420440673832 32.831895828247077 30.662393569946296 29.055979728698734 8.3588676452636737 32.697002410888679 31.357978820800785 26.754080772399906 26.405796051025394 4.0880355834960946 28.671024322509769 28.641468048095707 26.756295204162605
decision_type=2 2 2 2 2 2 2 2 2 2 2 2 2 2 2 2 2 2 2 2 2 2 2 2 2 2 2 2 2 2
left_child=1 3 -2 4 5 7 9 8 12 10 -7 -11 13 14 15 16 18 -18 19 20 22 -22 23 24 25 27 -26 28 29 -1
right_child=2 -3 -4 -5 -6 6 -8 -9 -10 11 -12 -13 -14 -15 -16 -17 17 -19 -20 -21 21 -23 -24 -25 26 -27 -28 -29 -30 -31
leaf_value=4.4043972932062559e-06 0.001175839980132878 -0.0011916580321710735 -0.00040265585528686648 0.00078568642182227488 -0.00097021514084190137 -0.00034778786276395599 0.001152979126891296 -0.0010731111248870465 0.0008791649576138568 -0.0012502000595088162 0.0014790405170060695 0.00018034146029364181 -0.00075715905388018924 0.0012145681883252804 -0.0011131156468763947 0.00050270481120065057 4.4820624124871469e-05 -0.0014550810295116644 0.00090071139387756349 -0.0011898081593575294 0.0015212652680929751 -0.00031871725982257534 -0.0013433728453136333 0.00070238270772955355 -0.0015485700646725796 0.0015031694027129562 2.0841853256570175e-06 -0.0008922475811448835 0.0013405418056063355 -0.00096247948086885214
leaf_weight=1912 20 21 20 29 20 24 32 22 27 21 20 27 35 21 20 37 38 23 31 22 28 23 23 39 30 20 32 21 25 36
leaf_count=1912 20 21 20 29 20 24 32 22 27 21 20 27 35 21 20 37 38 23 31 22 28 23 23 39 30 20 32 21 25 36
internal_value=1.8859e-12 -5.8156e-06 0.000386592 3.62439e-06 -5.06852e-06 2.38723e-06 0.000296325 -1.23991e-05 -2.84702e-06 -1.64218e-06 0.000482589 -0.00044552 -1.27039e-05 -1.76067e-06 -1.25839e-05 -3.17768e-06 -1.13052e-05 -0.000520716 2.55478e-06 -1.00381e-05 1.81889e-06 0.000691469 -1.46321e-05 -1.82412e-07 -1.33809e-05 9.24115e-06 -0.000748232 -5.74308e-06 3.6926e-06 -1.34641e-05
internal_weight=2699 2659 40 2638 2609 2589 124 2465 2443 92 44 48 2416 2381 2360 2340 2303 61 2242 2211 2189 51 2138 2115 2076 2014 62 1994 1973 1948
internal_count=2699 2659 40 2638 2609 2589 124 2465 2443 92 44 48 2416 2381 2360 2340 2303 61 2242 2211 2189 51 2138 2115 2076 2014 62 1994 1973 1948
is_linear=0
shrinkage=0.1


Tree=91
num_leaves=31
num_cat=0
split_feature=8 3 4 5 3 3 3 10 5 4 8 8 6 5 4 4 4 6 9 8 4 7 4 4 9 8 8 8 4 3
split_gain=0.000648681 0.00191177 0.00122842 0.00302711 0.00285648 0.00161577 0.000977486 0.00372738 0.00297928 0.00344167 0.00282232 0.00241281 0.00192818 0.0019438 0.0013205 0.00218735 0.00200353 0.00244955 0.00153489 0.00150388 0.00130263 0.00100478 0.000984412 0.00154867 0.00426488 0.00455512 0.00330166 0.00191769 0.00723806 0.00482094
threshold=75.771553039550795 76.739543914794936 54.896280288696296 60.336885452270515 54.580209732055671 52.152519226074226 48.14656066894532 45.740594863891609 43.681486129760749 33.957532882690437 37.09680366516114 34.236288070678718 34.499145507812507 38.720600128173835 27.686420440673832 29.209688186645511 25.303483963012699 29.105499267578129 28.875040054321293 25.777099609375004 23.909829139709476 3.4335341453552251 23.273763656616214 22.279031753540039 26.557673454284672 23.243500709533695 22.529483795166019 19.925178527832035 17.384313583374027 21.17984771728516
decision_type=2 2 2 2 2 2 2 2 2 2 2 2 2 2 2 2 2 2 2 2 2 2 2 2 2 2 2 2 2 2
left_child=1 2 3 4 5 6 7 8 9 11 -10 12 13 14 16 -16 17 18 19 20 22 -18 23 24 25 26 27 -1 -29 -30
right_child=-2 -3 -4 -5 -6 -7 -8 -9 10 -11 -12 -13 -14 -15 15 -17 21 -19 -20 -21 -22 -23 -24 -25 -26 -27 -28 28 29 -31
leaf_value=-2.8529234475220907e-05 0.00056739483727142215 -0.00097827447112649687 0.00062890620451540714 -0.00098661897542525931 0.0010120098950989944 -0.00089883406180888423 0.00049395558977266779 -0.0013309923427489898 3.5324611701071261e-05 -0.0011530031038161654 0.0015535112334570536 0.0010013754775476023 -0.00086278030111526071 0.00072222468175774297 -0.0011850493187084794 5.5019420511653699e-05 0.00013271065157217284 -0.00079633166402718648 0.00071359579407726415 -0.00067653077245323056 0.00059192124543777625 0.0010074310183348456 -0.00068788464303084075 0.00067979872974595346 -0.0013955535504712978 0.0010888204349229407 -0.00093964432905379095 0.0017933293199998196 0.0012757231257855893 -0.00026530243458519517
leaf_weight=1763 20 20 31 31 28 20 40 21 25 26 24 24 26 37 25 33 24 39 30 33 37 29 21 33 22 38 38 28 25 108
leaf_count=1763 20 20 31 31 28 20 40 21 25 26 24 24 26 37 25 33 24 39 30 33 37 29 21 33 22 38 38 28 25 108
internal_value=-1.6405e-12 -4.23587e-06 3.09048e-06 -4.29167e-06 7.43423e-06 -3.51483e-06 3.51004e-06 -4.30894e-06 6.88895e-06 -8.62144e-06 0.000778926 3.70924e-06 -6.31336e-06 3.11032e-06 -8.32873e-06 -0.000479493 3.72044e-06 -1.08183e-05 3.26026e-06 -6.66987e-06 3.79175e-06 0.000611331 -6.69032e-06 2.70787e-07 -1.08194e-05 4.41264e-06 -1.65902e-05 1.64064e-06 0.00033201 2.4364e-05
internal_weight=2699 2679 2659 2628 2597 2569 2549 2509 2488 2439 49 2413 2389 2363 2326 58 2268 2215 2176 2146 2113 53 2076 2055 2022 2000 1962 1924 161 133
internal_count=2699 2679 2659 2628 2597 2569 2549 2509 2488 2439 49 2413 2389 2363 2326 58 2268 2215 2176 2146 2113 53 2076 2055 2022 2000 1962 1924 161 133
is_linear=0
shrinkage=0.1


Tree=92
num_leaves=31
num_cat=0
split_feature=7 7 7 7 9 6 5 5 8 3 5 7 9 9 10 8 10 3 8 8 7 3 7 6 8 9 7 8 4 6
split_gain=0.000772109 0.00168663 0.00312802 0.0023776 0.00156972 0.00289912 0.00398384 0.00451759 0.00503283 0.00373031 0.00202276 0.00261521 0.00173491 0.00316629 0.00347115 0.00335987 0.00189379 0.00206015 0.006695 0.00415009 0.00144032 0.00399781 0.001752 0.00159646 0.00387489 0.00278918 0.00425131 0.00146658 0.00286384 0.00377245
threshold=239.97868347167972 123.35581588745119 83.128631591796889 67.04483795166017 73.125194549560561 63.069864273071296 58.240224838256843 51.564392089843757 42.552917480468757 43.840894699096687 41.235515594482429 12.807345390319826 36.376987457275398 35.235635757446296 35.841718673706062 28.886590957641605 34.629589080810554 32.98735427856446 24.889834403991703 29.893820762634281 0.20486629009246823 15.751065254211428 0.24145524948835373 27.869508743286136 25.649039268493656 29.619688987731937 4.3534841537475595 25.260769844055179 23.067812919616703 25.56931304931641
decision_type=2 2 2 2 2 2 2 2 2 2 2 2 2 2 2 2 2 2 2 2 2 2 2 2 2 2 2 2 2 2
left_child=1 2 3 4 5 6 7 8 9 10 12 -12 13 14 16 -16 17 19 -19 20 21 -1 -22 24 27 26 -25 28 29 -24
right_child=-2 -3 -4 -5 -6 -7 -8 -9 -10 -11 11 -13 -14 -15 15 -17 -18 18 -20 -21 22 -23 23 25 -26 -27 -28 -29 -30 -31
leaf_value=6.2930793574196288e-05 0.00061902653891593223 -0.00075021858763648199 0.0010191377772328755 -0.0010939564113505186 -0.00088195702759549018 0.0011250911422235809 -0.0012849847126441697 0.0011063631472958101 -0.0014184965919703245 0.0009653628661180848 -0.0013898662660115711 7.1554934605956076e-05 0.00086913864411737617 -0.0011463380615775046 1.5192370628938079e-05 0.0018481859855819496 -0.00072752986263885258 -0.00054760905955585516 0.0015697611666837476 -0.0014461897703586146 -0.00094881465673097405 0.001634310481022112 -1.8596413398873022e-07 -0.0020498300960753112 0.0010516969666683248 0.0002653482994402669 -7.5738830006836602e-05 -0.00084109072340652355 0.00085865112380002079 -0.0011305979200794051
leaf_weight=85 20 30 30 20 20 23 24 37 25 40 24 25 23 24 20 20 36 28 32 20 20 20 1854 20 35 31 24 21 38 30
leaf_count=85 20 30 30 20 20 23 24 37 25 40 24 25 23 24 20 20 36 28 32 20 20 20 1854 20 35 31 24 21 38 30
internal_value=3.48889e-12 -4.62132e-06 3.82259e-06 -7.8076e-06 5.50608e-07 7.39441e-06 -2.66312e-06 9.49159e-06 -6.77464e-06 7.51404e-06 -8.25302e-06 -0.000644243 4.8354e-06 -3.59504e-06 8.15553e-06 0.000931689 -7.94793e-06 3.52459e-06 0.000581655 -1.2257e-05 9.10475e-07 0.000362241 -1.73914e-05 -8.31759e-06 8.85365e-06 -0.00046118 -0.000973053 -9.93149e-06 -8.50142e-07 -1.81862e-05
internal_weight=2699 2679 2649 2619 2599 2579 2556 2532 2495 2470 2430 49 2381 2358 2334 40 2294 2258 60 2198 2178 105 2073 2053 1978 75 44 1943 1922 1884
internal_count=2699 2679 2649 2619 2599 2579 2556 2532 2495 2470 2430 49 2381 2358 2334 40 2294 2258 60 2198 2178 105 2073 2053 1978 75 44 1943 1922 1884
is_linear=0
shrinkage=0.1


Tree=93
num_leaves=31
num_cat=0
split_feature=5 4 4 4 4 1 1 4 4 4 5 6 10 3 6 9 8 7 3 7 1 1 4 5 3 3 8 1 9 9
split_gain=0.000696563 0.00146651 0.00181692 0.00192078 0.000834754 0.00746832 0.00730894 0.00479289 0.00397951 0.001979 0.00143339 0.00310854 0.00164231 0.00213483 0.00193094 0.00172303 0.00209464 0.00113771 0.00323822 0.00143421 0.00121243 0.00273045 0.00328956 0.00223907 0.00201885 0.00506926 0.00101105 0.0033442 0.00277678 0.00317815
threshold=82.549308776855483 57.426113128662116 48.984283447265632 44.659854888916023 36.865966796875007 60.500000000000007 65.500000000000014 34.545497894287116 33.289611816406257 32.164999008178718 52.863252639770515 36.862169265747085 41.06120681762696 40.227567672729499 33.627820968627937 32.831895828247077 29.893820762634281 0.20486629009246823 15.751065254211428 0.24145524948835373 72.500000000000014 73.500000000000014 11.627705574035646 25.097063064575199 23.029521942138675 15.933817863464357 25.649039268493656 69.500000000000014 28.01779937744141 29.619688987731937
decision_type=2 2 2 2 2 2 2 2 2 2 2 2 2 2 2 2 2 2 2 2 2 2 2 2 2 2 2 2 2 2
left_child=1 2 3 4 7 -6 -7 8 9 10 11 12 13 14 15 16 17 18 -1 -19 26 22 -22 -24 25 -23 -21 28 -28 -30
right_child=-2 -3 -4 -5 5 6 -8 -9 -10 -11 -12 -13 -14 -15 -16 -17 -18 19 -20 20 21 24 23 -25 -26 -27 27 -29 29 -31
leaf_value=5.663771719007534e-05 0.00047917312748419746 -0.00073863663538186646 0.00080337178660556681 -0.00098271439899690451 0.0017244185768067839 -0.001728837899017063 0.00084885323356667707 -0.0013093893407910531 0.0014111900224816057 -0.00099579314235597838 -0.00076604764714526636 0.00093290776260093679 -0.00086331217105246405 0.0009634323367525054 -0.00083016680104524968 0.00077123944948684299 -0.0010233426711056381 -0.00085393318382557485 0.0014708793631871232 -5.9470834418185891e-07 0.00024704783121705989 0.00069916467742856458 -0.0020718502113595606 -0.00057549899094738071 0.00067873595843968154 -0.0011895530521481609 0.00088987807293647325 0.0014790411479771138 -0.00099133947911799305 0.00034207194925656018
leaf_weight=85 30 27 28 20 25 22 22 28 20 20 24 36 22 23 28 29 20 20 20 1878 20 27 20 20 34 30 29 20 33 39
leaf_count=85 30 27 28 20 25 22 22 28 20 20 24 36 22 23 28 29 20 20 20 1878 20 27 20 20 34 30 29 20 33 39
internal_value=1.51797e-12 -5.38598e-06 2.10749e-06 -6.47529e-06 1.05161e-06 0.000344215 -0.000439992 -8.32591e-06 6.26351e-06 -5.08027e-06 2.98414e-06 1.05702e-05 -3.28223e-06 4.68437e-06 -4.69114e-06 5.25435e-06 -4.42477e-06 4.53275e-06 0.000326017 -1.10229e-05 -3.18192e-06 -0.000276412 -0.0008001 -0.00132367 6.88778e-05 -0.000294897 1.74572e-05 0.000297635 6.36937e-05 -0.000269075
internal_weight=2699 2669 2642 2614 2594 69 44 2525 2497 2477 2457 2433 2397 2375 2352 2324 2295 2275 105 2170 2150 151 60 40 91 57 1999 121 101 72
internal_count=2699 2669 2642 2614 2594 69 44 2525 2497 2477 2457 2433 2397 2375 2352 2324 2295 2275 105 2170 2150 151 60 40 91 57 1999 121 101 72
is_linear=0
shrinkage=0.1


Tree=94
num_leaves=31
num_cat=0
split_feature=4 8 7 7 6 3 6 10 6 5 4 6 7 4 8 8 6 8 4 8 8 3 10 10 9 4 7 7 8 4
split_gain=0.000687451 0.00290157 0.00287471 0.00406318 0.00579545 0.00118863 0.00357335 0.00280975 0.0012579 0.00233143 0.00180569 0.0010292 0.0031505 0.0021124 0.00236497 0.00179857 0.00139391 0.00134486 0.00188484 0.000757116 0.00653443 0.00398086 0.00975533 0.00616312 0.00449833 0.00739503 0.0042441 0.00738358 0.00365669 0.00355079
threshold=46.049480438232429 45.359569549560554 33.24174880981446 3.9363422393798833 65.241203308105483 49.961791992187507 42.810081481933601 52.449163436889656 39.589262008666999 43.681486129760749 35.964359283447273 35.048412322998054 8.1396298408508319 30.749659538269047 31.30210113525391 30.163122177124027 32.375911712646491 29.239522933959964 27.092626571655277 19.925178527832035 19.632371902465824 24.071063995361332 25.111416816711429 25.508724212646488 23.441194534301761 20.73768520355225 1.0463753342628481 3.3914792537689213 21.42469692230225 20.401401519775394
decision_type=2 2 2 2 2 2 2 2 2 2 2 2 2 2 2 2 2 2 2 2 2 2 2 2 2 2 2 2 2 2
left_child=1 5 3 -2 -5 6 8 -7 9 11 -10 13 -13 14 15 16 17 18 19 20 -1 24 -23 -24 25 -21 -25 -28 -29 -30
right_child=2 -3 -4 4 -6 7 -8 -9 10 -11 -12 12 -14 -15 -16 -17 -18 -19 -20 21 -22 22 23 26 -26 -27 27 28 29 -31
leaf_value=1.4999009427953905e-06 0.00056323292776055283 0.00098716093537708129 0.0007218873382292011 -0.0023454757762097177 -0.00011192268172565561 -0.0012816381776550164 0.0012230260089078609 0.00010043974647200422 -0.0012311806221259759 0.00098681314848363404 0.00011258023558184504 0.00023642785461812184 -0.0013505259126594122 0.00095958076822369009 -0.0010599101730760941 0.00090597024960020051 -0.00083371401575277565 0.00082119141821749512 -0.00096892924833809953 0.00076265719030307584 -0.0014632525213528426 -0.0019149672492998295 0.001754284039738455 0.0011841365972671796 0.0017513777741610453 -0.0013667707553222067 -0.001612034347296382 0.0010832833719905466 -0.00072310748873860575 0.00015439535645506996
leaf_weight=1737 21 30 22 21 26 24 24 38 20 24 20 29 22 23 21 22 20 20 20 73 31 26 21 27 27 21 30 30 64 165
leaf_count=1737 21 30 22 21 26 24 24 38 20 24 20 29 22 23 21 22 20 20 20 73 31 26 21 27 27 21 30 30 64 165
internal_value=-1.89461e-12 9.37354e-06 -0.000271729 -0.000593192 -0.00110989 -2.00049e-06 8.65449e-06 -0.000434558 -3.03621e-06 6.03454e-06 -0.0005593 -3.65615e-06 -0.00044814 5.87652e-06 -3.43779e-06 6.06775e-06 -2.49534e-06 4.75788e-06 -2.42903e-06 6.15445e-06 -2.4183e-05 0.000116974 -4.86052e-05 9.53872e-05 0.000613711 0.000286934 -1.4856e-05 -0.000126873 4.51539e-05 -9.08456e-05
internal_weight=2699 2609 90 68 47 2579 2517 62 2493 2453 40 2429 51 2378 2355 2334 2312 2292 2272 2252 1768 484 363 337 121 94 316 289 259 229
internal_count=2699 2609 90 68 47 2579 2517 62 2493 2453 40 2429 51 2378 2355 2334 2312 2292 2272 2252 1768 484 363 337 121 94 316 289 259 229
is_linear=0
shrinkage=0.1


Tree=95
num_leaves=31
num_cat=0
split_feature=9 4 10 4 3 9 9 4 7 4 3 8 6 5 9 5 9 7 6 10 3 6 4 8 3 3 6 3 7 7
split_gain=0.000600769 0.002728 0.00216414 0.00103256 0.000913667 0.00196563 0.00524007 0.0028602 0.00147128 0.00124078 0.00114287 0.00299964 0.00327603 0.00621415 0.00341754 0.00251729 0.00429081 0.00342154 0.00254554 0.0052722 0.00241551 0.00289535 0.00975897 0.00276889 0.00226678 0.00440152 0.00537464 0.00335681 0.00371387 0.00234066
threshold=5.0904650688171396 3.3576546907424931 5.8597116470336923 4.122706651687623 8.7348480224609393 8.477635860443117 7.9692733287811288 5.3301422595977792 2.7667118310928349 4.8835830688476571 10.311457157135012 9.4840989112854022 9.7982482910156268 12.959892749786379 11.137174606323244 13.505706310272219 11.300172805786136 1.2700294852256777 11.617442131042482 11.601076602935791 11.686558723449709 12.856699466705324 10.013018608093263 10.805976390838625 15.409304141998293 16.14762115478516 14.62566137313843 17.0229606628418 1.3066629171371462 4.1531798839569101
decision_type=2 2 2 2 2 2 2 2 2 2 2 2 2 2 2 2 2 2 2 2 2 2 2 2 2 2 2 2 2 2
left_child=2 -2 -1 -3 8 6 9 -7 -5 -6 -9 12 -12 -14 -15 17 -17 18 19 -13 -18 22 23 -22 29 26 -26 28 -27 -23
right_child=1 3 -4 4 5 7 -8 10 -10 -11 11 15 13 14 -16 16 20 -19 -20 -21 21 24 -24 -25 25 27 -28 -29 -30 -31
leaf_value=2.0645320393071675e-05 0.0010929297898774561 -0.00050510739940364143 -0.0011427745799578372 0.00011715877923730262 -0.00048823725276937084 0.0010306619584163721 -0.001518516999579245 0.00034642323833068483 0.00098653830090452994 0.00049504369601367434 0.00031875426853623462 0.00037096703644136949 -0.0021292953966901853 0.00037612983381704373 -0.0011824381707507808 -0.0013781549803831656 0.0010891520700533875 0.0011039058862176412 0.0007658070542674978 -0.0016540265083312988 0.0010729911827101286 0.00021319573163054882 -0.0021366981927443437 -0.00053234524592491133 0.00018804459522167843 -0.00047381674754433341 -0.0016024658931296711 -2.2551082225344607e-05 0.0011340223882214953 0.0013108901477054411
leaf_weight=67 23 40 21 169 21 27 31 89 22 33 34 36 26 34 24 23 20 48 32 20 22 125 27 21 30 20 38 1502 51 23
leaf_count=67 23 40 21 169 21 27 31 89 22 33 34 36 26 34 24 23 20 48 32 20 22 125 27 21 30 20 38 1502 51 23
internal_value=2.43666e-13 8.66144e-06 -0.000256989 -9.74635e-07 6.93954e-06 -1.01068e-05 -0.000482242 7.5567e-06 0.000217297 0.000112657 -4.7479e-06 -1.92443e-05 -0.000509442 -0.000844664 -0.000268795 9.13809e-06 -2.05805e-05 0.000424762 5.43194e-05 -0.000352245 -3.96306e-06 -1.57233e-05 -0.000646633 0.00028899 8.96292e-06 -2.48417e-05 -0.000812535 9.20984e-06 0.00068111 0.000383783
internal_weight=2699 2611 88 2588 2548 2357 85 2272 191 54 2245 2156 118 84 58 2038 1902 136 88 56 1879 1859 70 43 1789 1641 68 1573 71 148
internal_count=2699 2611 88 2588 2548 2357 85 2272 191 54 2245 2156 118 84 58 2038 1902 136 88 56 1879 1859 70 43 1789 1641 68 1573 71 148
is_linear=0
shrinkage=0.1


Tree=96
num_leaves=31
num_cat=0
split_feature=7 7 7 3 7 7 4 10 5 1 7 7 7 1 1 4 3 5 4 4 4 1 10 4 8 8 8 3 10 4
split_gain=0.000601229 0.000606417 0.00369413 0.00285176 0.00245625 0.00226792 0.00202093 0.00359668 0.00364625 0.00143555 0.00119685 0.0056222 0.00335224 0.00474832 0.00502837 0.00212935 0.00218824 0.00164369 0.00157723 0.0034921 0.00835871 0.00727585 0.00571097 0.00382839 0.0040539 0.00171786 0.0029654 0.00146122 0.00332182 0.00245174
threshold=0.061488734558224657 0.51858600974082958 0.58257290720939647 10.433433532714846 0.61878645420074474 0.64791649580001842 23.792849540710453 20.197030067443851 14.802714824676515 75.500000000000014 1.0463753342628481 1.1348978877067568 1.0043253898620608 71.500000000000014 62.500000000000007 11.482337951660158 19.765068054199222 13.825990200042726 60.946918487548835 40.660638809204109 37.700254440307624 67.500000000000014 56.439353942871101 34.545497894287116 37.887386322021491 35.647981643676765 34.236288070678718 6.0037295818328866 8.7825684547424334 4.3637292385101327
decision_type=2 2 2 2 2 2 2 2 2 2 2 2 2 2 2 2 2 2 2 2 2 2 2 2 2 2 2 2 2 2
left_child=-1 6 3 -3 -4 -6 7 8 -2 10 12 -12 13 14 15 -7 -17 -16 19 20 23 22 -21 24 25 26 27 -13 29 -29
right_child=1 2 4 -5 5 9 -8 -9 -10 -11 11 18 -14 -15 17 16 -18 -19 -20 21 -22 -23 -24 -25 -26 -27 -28 28 -30 -31
leaf_value=-0.00052063276327151634 -2.3914668332029247e-06 -3.8091854512458675e-05 0.0010565068800298667 -0.0016549144328261416 -0.001015618848826059 0.00020292746911267884 0.00089081323385471485 -0.0012396016670390966 0.0011317731264474183 -0.00069459287955522028 -0.0013047986924930506 0.00072998862591770448 0.0014072391014038161 -0.0013545215944759548 0.00040775563684292138 -0.0014644746779508536 -2.085454193764322e-05 0.0013318808612007745 0.00065795790932669839 -0.0021926631274012229 0.0017728079358979205 0.00093435223236502636 -0.00018796058440649952 -0.0010064142854487826 0.0013402507316483104 -0.00091740084521006791 0.0011427189041253018 -0.0012825383312468019 1.5045584087822016e-05 -1.4252382916984735e-05
leaf_weight=22 201 20 22 24 22 55 32 20 33 29 33 27 22 20 38 21 21 39 37 30 27 21 27 37 23 20 23 35 1691 27
leaf_count=22 201 20 22 24 22 55 32 20 33 29 33 27 22 20 38 21 21 39 37 30 27 21 27 37 23 20 23 35 1691 27
internal_value=-2.27471e-12 4.27864e-06 -1.21823e-05 -0.000919995 4.83676e-06 -5.11453e-06 0.000141894 4.75425e-05 0.000157555 4.53858e-06 1.34545e-05 -1.00488e-05 0.000237389 0.000104725 0.000272455 -0.000206504 -0.000742665 0.000875819 1.10508e-05 -9.89207e-07 2.57942e-05 -0.000656839 -0.00124307 7.44066e-07 2.09309e-05 4.28559e-06 1.45095e-05 -6.84721e-08 -1.13129e-05 -0.00073022
internal_weight=2699 2677 2391 44 2347 2325 286 254 234 2303 2274 2058 216 194 174 97 42 77 2025 1988 1910 78 57 1883 1846 1823 1803 1780 1753 62
internal_count=2699 2677 2391 44 2347 2325 286 254 234 2303 2274 2058 216 194 174 97 42 77 2025 1988 1910 78 57 1883 1846 1823 1803 1780 1753 62
is_linear=0
shrinkage=0.1


Tree=97
num_leaves=31
num_cat=0
split_feature=4 8 7 8 3 6 10 6 10 1 3 9 8 8 9 6 8 9 9 6 6 6 4 10 5 9 9 9 6 4
split_gain=0.000657871 0.00269481 0.00222888 0.00392189 0.00105768 0.00298681 0.00231953 0.00126748 0.00129625 0.00376805 0.00215315 0.00703329 0.002741 0.00237458 0.00158609 0.00163768 0.00190995 0.00148976 0.00521405 0.00146188 0.00625179 0.00240444 0.00143037 0.000954096 0.00423267 0.00320578 0.00253852 0.00538482 0.00531356 0.00514133
threshold=46.049480438232429 45.359569549560554 33.24174880981446 65.842441558837905 49.961791992187507 42.810081481933601 52.449163436889656 40.439781188964851 40.698335647583015 61.500000000000007 38.364452362060554 33.457607269287116 33.142192840576179 31.30210113525391 31.594530105590824 30.115177154541019 28.274835586547855 28.875040054321293 28.179731369018558 27.383481979370121 26.771781921386722 26.405796051025394 24.216962814331058 25.508724212646488 25.503722190856937 23.215559959411625 22.596256256103519 23.441194534301761 21.54633712768555 19.147005081176761
decision_type=2 2 2 2 2 2 2 2 2 2 2 2 2 2 2 2 2 2 2 2 2 2 2 2 2 2 2 2 2 2
left_child=1 4 3 -2 5 7 -6 8 10 -10 12 -12 13 14 15 16 17 18 19 20 21 23 -21 24 26 -26 28 -28 29 -1
right_child=2 -3 -4 -5 6 -7 -8 -9 9 -11 11 -13 -14 -15 -16 -17 -18 -19 -20 22 -22 -23 -24 -25 25 -27 27 -29 -30 -31
leaf_value=6.9782861390767543e-06 4.8645418359055406e-05 0.00095147592835322342 0.00060909465801986789 -0.0015141089084164169 -0.0011794706082582707 0.0011185020455741323 7.6264602677455468e-05 -0.00074134250804174526 -0.00032366264701610612 0.0012355038479830499 0.00059556242946806994 -0.0017571926711955005 0.00097293734373845935 -0.000904532484228498 0.00069432665124733112 -0.00073791798107170807 0.00095505625275628912 0.00058676658116469521 -0.0014503694325685502 0.001198414551327005 -0.0015814231655094772 0.00094695173083218169 2.9933212185410829e-05 -0.00020759699084631331 0.00028977635619843284 0.0018066137645126384 -0.0016720885065970598 0.00038656450269627387 0.001084961332898173 -0.0013360662450050487
leaf_weight=1664 42 30 22 26 24 24 38 23 31 31 24 27 29 29 33 30 21 42 25 20 25 27 22 205 38 22 27 24 45 29
leaf_count=1664 42 30 22 26 24 24 38 23 31 31 24 27 29 29 33 30 21 42 25 20 25 27 22 205 38 22 27 24 45 29
internal_value=-3.62656e-12 9.16966e-06 -0.000265818 -0.000548878 -1.79164e-06 8.25927e-06 -0.000409826 -2.42898e-06 4.45159e-06 0.000455921 -7.17261e-06 -0.000650014 6.73697e-06 -5.29903e-06 6.04407e-06 -3.97947e-06 5.86765e-06 -3.13143e-06 -1.4533e-05 2.17827e-06 -9.47194e-06 9.41263e-06 0.000586353 -2.9114e-06 1.97822e-05 0.00084595 -7.92601e-06 -0.000703311 1.24794e-05 -1.60272e-05
internal_weight=2699 2609 90 68 2579 2517 62 2493 2470 62 2408 51 2357 2328 2299 2266 2236 2215 2173 2148 2106 2081 42 2054 1849 60 1789 51 1738 1693
internal_count=2699 2609 90 68 2579 2517 62 2493 2470 62 2408 51 2357 2328 2299 2266 2236 2215 2173 2148 2106 2081 42 2054 1849 60 1789 51 1738 1693
is_linear=0
shrinkage=0.1


Tree=98
num_leaves=31
num_cat=0
split_feature=4 4 1 8 3 3 8 4 6 10 1 6 6 9 4 4 4 1 4 3 6 4 4 4 1 6 3 7 4 8
split_gain=0.000532876 0.00220747 0.00808876 0.0021828 0.0021696 0.000856721 0.00267498 0.00201159 0.00147915 0.00104996 0.00305212 0.00183637 0.001883 0.00238449 0.00114676 0.00266944 0.00149343 0.00166413 0.000776134 0.00591339 0.0105496 0.0033206 0.0048592 0.00391726 0.0055508 0.00408433 0.00332236 0.0062132 0.00288387 0.0028132
threshold=46.049480438232429 60.946918487548835 65.500000000000014 45.359569549560554 81.245563507080092 49.961791992187507 40.965095520019538 32.652412414550788 40.439781188964851 40.698335647583015 61.500000000000007 35.479139328002937 33.981397628784187 33.457607269287116 29.209688186645511 27.686420440673832 25.303483963012699 67.500000000000014 22.018001556396488 24.615886688232425 25.878905296325687 20.216961860656742 19.510127067565922 18.175532341003422 67.500000000000014 25.878905296325687 22.35740947723389 3.8111041784286503 18.772157669067386 27.102826118469242
decision_type=2 2 2 2 2 2 2 2 2 2 2 2 2 2 2 2 2 2 2 2 2 2 2 2 2 2 2 2 2 2
left_child=3 2 -2 5 -3 6 8 -7 9 11 -11 12 13 14 15 16 18 -18 21 -20 -21 22 23 25 28 -1 -23 -28 -25 -22
right_child=1 4 -4 -5 -6 7 -8 -9 -10 10 -12 -13 -14 -15 -16 -17 17 -19 19 20 29 26 -24 24 -26 -27 27 -29 -30 -31
leaf_value=-4.7718846053152538e-06 0.00075270329305732794 0.0010509508568793536 -0.0018096303525713406 0.00085632838347616299 -0.00042200573625450488 0.00013144652442341405 0.0010164983280376942 -0.0010173682632200697 -0.00083881440306348462 -0.00029129637217509654 0.0011119534614525976 -0.00078394984050343436 0.00084970642503601722 -0.00094035041294302099 0.00069251308329209378 -0.0010514510048475736 0.0010401513369288297 -0.00012872922455980666 0.0013182964329396122 -0.00218541203773514 0.00021394942266181861 -0.00053579852885931093 -0.00096165996993768899 0.0019774949822861415 -0.00056577708231858332 -0.001291896943934262 0.00187929367127842 0.00017124073020296924 0.00059537491825823157 -0.0010186328408409559
leaf_weight=1779 22 20 28 30 20 35 26 27 21 31 31 30 26 27 24 24 29 21 22 28 95 23 53 26 26 25 34 57 36 23
leaf_count=1779 22 20 28 30 20 35 26 27 21 31 31 30 26 27 24 24 29 21 22 28 95 23 53 26 26 25 34 57 36 23
internal_value=1.29597e-12 -0.000239236 -0.000682204 8.25269e-06 0.000314473 -1.61247e-06 7.43335e-06 -0.000368844 -3.09884e-06 4.00643e-06 0.000410329 -6.45535e-06 3.35324e-06 -6.0027e-06 4.84779e-06 -2.32473e-06 8.73325e-06 0.000549222 -3.40164e-06 -0.000210074 -0.000440376 1.34613e-05 -1.72835e-05 9.17101e-06 0.000660661 -2.2609e-05 0.000538012 0.000809414 0.00117497 -2.62997e-05
internal_weight=2699 90 50 2609 40 2579 2517 62 2491 2470 62 2408 2378 2352 2325 2301 2277 50 2227 168 146 2059 1945 1892 88 1804 114 91 62 118
internal_count=2699 90 50 2609 40 2579 2517 62 2491 2470 62 2408 2378 2352 2325 2301 2277 50 2227 168 146 2059 1945 1892 88 1804 114 91 62 118
is_linear=0
shrinkage=0.1


Tree=99
num_leaves=31
num_cat=0
split_feature=8 3 4 3 10 3 4 4 4 4 4 9 6 6 5 5 3 6 9 4 5 10 9 1 4 4 4 9 4 4
split_gain=0.000524054 0.002441 0.0008783 0.000657296 0.00186551 0.00138225 0.00159507 0.00167622 0.00136861 0.00254819 0.00277612 0.00111665 0.00258982 0.00196317 0.00160036 0.00572223 0.00331299 0.00300122 0.00329116 0.00278869 0.00302534 0.00386148 0.00246454 0.00290612 0.00225505 0.00418217 0.00286413 0.00298462 0.00200016 0.00540635
threshold=4.0516512393951425 4.7265207767486581 3.5065357685089116 8.7348480224609393 8.8378319740295428 9.2063593864440936 4.7708880901336679 5.2554941177368173 5.509042739868165 6.2205307483673105 6.5614919662475595 10.073456287384035 9.7982482910156268 10.183762073516847 13.624083518981935 13.996978282928469 13.205774784088137 11.683019161224367 13.155966758728027 8.3828601837158221 12.609957695007326 11.959062099456789 12.432129859924318 65.500000000000014 8.2269821166992205 10.962353706359865 11.565136909484865 15.277574062347414 13.11917018890381 13.818008899688722
decision_type=2 2 2 2 2 2 2 2 2 2 2 2 2 2 2 2 2 2 2 2 2 2 2 2 2 2 2 2 2 2
left_child=1 -1 -2 -4 -5 -6 -7 -8 -9 -10 -11 12 -12 -14 19 -16 -17 -18 22 -13 21 -21 23 -19 -20 -26 27 -27 -28 -30
right_child=2 -3 3 4 5 6 7 8 9 10 11 14 13 -15 15 16 17 18 24 20 -22 -23 -24 -25 25 26 28 -29 29 -31
leaf_value=0.00021199004113668708 0.00055426646762623871 -0.0010326358032985948 0.0001622937045004105 -0.00091098981362808013 0.00073361967527307576 -0.00064807867583556054 0.00084626537231404495 -0.00076289116344317644 0.00080820599694944638 -0.0010254793507219464 0.00010146042954273009 0.0011613841863319038 -0.0015814929678030735 -0.00021257647196762264 -0.0013212300105034517 0.00086461558133702388 0.001147422602463683 -0.00077786029873095686 -0.00079097233579627103 0.00011047391779963315 0.00064430268763824086 -0.0014939941512420775 -0.0012875075027456179 0.00068886420313819233 0.00056941046214831204 -3.610249735753645e-05 0.00035595456619188853 -0.0017239869735203685 -0.00085927166701845923 8.6214099969100077e-06
leaf_weight=40 29 26 230 23 25 39 23 24 38 27 58 31 22 20 33 44 22 35 35 60 61 20 34 22 128 22 141 20 76 1291
leaf_count=40 29 26 230 23 25 39 23 24 38 27 58 31 22 20 33 44 22 35 35 60 61 20 34 22 128 22 141 20 76 1291
internal_value=1.8569e-12 -0.000278317 6.97643e-06 8.81416e-07 -1.47567e-05 -5.98876e-06 -1.39381e-05 -3.12418e-06 -1.17531e-05 -3.70523e-06 -1.77164e-05 -5.20625e-06 -0.000331597 -0.000929628 1.05234e-05 -1.58791e-05 7.15654e-06 -1.35051e-05 -2.76628e-05 0.000302639 0.000113837 -0.000290643 -0.000613685 -0.000211756 3.46859e-06 2.00392e-05 -2.53283e-05 -0.000839857 -2.64245e-06 -3.96301e-05
internal_weight=2699 66 2633 2604 2374 2351 2326 2287 2264 2240 2202 2175 100 42 2075 1903 1870 1826 1804 172 141 80 91 57 1713 1678 1550 42 1508 1367
internal_count=2699 66 2633 2604 2374 2351 2326 2287 2264 2240 2202 2175 100 42 2075 1903 1870 1826 1804 172 141 80 91 57 1713 1678 1550 42 1508 1367
is_linear=0
shrinkage=0.1


end of trees

feature_importances:
Column_4=453
Column_8=420
Column_7=411
Column_3=364
Column_9=353
Column_6=339
Column_1=289
Column_10=197
Column_5=174

parameters:
[boosting: gbdt]
[objective: regression]
[metric: l2]
[tree_learner: serial]
[device_type: cpu]
[data_sample_strategy: bagging]
[data: ]
[valid: ]
[num_iterations: 100]
[learning_rate: 0.1]
[num_leaves: 31]
[num_threads: 2]
[seed: 42]
[deterministic: 0]
[force_col_wise: 0]
[force_row_wise: 0]
[histogram_pool_size: -1]
[max_depth: -1]
[min_data_in_leaf: 20]
[min_sum_hessian_in_leaf: 0.001]
[bagging_fraction: 1]
[pos_bagging_fraction: 1]
[neg_bagging_fraction: 1]
[bagging_freq: 0]
[bagging_seed: 400]
[bagging_by_query: 0]
[feature_fraction: 1]
[feature_fraction_bynode: 1]
[feature_fraction_seed: 30056]
[extra_trees: 0]
[extra_seed: 12879]
[early_stopping_round: 0]
[early_stopping_min_delta: 0]
[first_metric_only: 0]
[max_delta_step: 0]
[lambda_l1: 0]
[lambda_l2: 0]
[linear_lambda: 0]
[min_gain_to_split: 0]
[drop_rate: 0.1]
[max_drop: 50]
[skip_drop: 0.5]
[xgboost_dart_mode: 0]
[uniform_drop: 0]
[drop_seed: 17869]
[top_rate: 0.2]
[other_rate: 0.1]
[min_data_per_group: 100]
[max_cat_threshold: 32]
[cat_l2: 10]
[cat_smooth: 10]
[max_cat_to_onehot: 4]
[top_k: 20]
[monotone_constraints: ]
[monotone_constraints_method: basic]
[monotone_penalty: 0]
[feature_contri: ]
[forcedsplits_filename: ]
[refit_decay_rate: 0.9]
[cegb_tradeoff: 1]
[cegb_penalty_split: 0]
[cegb_penalty_feature_lazy: ]
[cegb_penalty_feature_coupled: ]
[path_smooth: 0]
[interaction_constraints: ]
[verbosity: -1]
[saved_feature_importance_type: 0]
[use_quantized_grad: 0]
[num_grad_quant_bins: 4]
[quant_train_renew_leaf: 0]
[stochastic_rounding: 1]
[linear_tree: 0]
[max_bin: 255]
[max_bin_by_feature: ]
[min_data_in_bin: 3]
[bin_construct_sample_cnt: 200000]
[data_random_seed: 175]
[is_enable_sparse: 1]
[enable_bundle: 1]
[use_missing: 1]
[zero_as_missing: 0]
[feature_pre_filter: 1]
[pre_partition: 0]
[two_round: 0]
[header: 0]
[label_column: ]
[weight_column: ]
[group_column: ]
[ignore_column: ]
[categorical_feature: ]
[forcedbins_filename: ]
[precise_float_parser: 0]
[parser_config_file: ]
[objective_seed: 16083]
[num_class: 1]
[is_unbalance: 0]
[scale_pos_weight: 1]
[sigmoid: 1]
[boost_from_average: 1]
[reg_sqrt: 0]
[alpha: 0.9]
[fair_c: 1]
[poisson_max_delta_step: 0.7]
[tweedie_variance_power: 1.5]
[lambdarank_truncation_level: 30]
[lambdarank_norm: 1]
[label_gain: ]
[lambdarank_position_bias_regularization: 0]
[eval_at: ]
[multi_error_top_k: 1]
[auc_mu_weights: ]
[num_machines: 1]
[local_listen_port: 12400]
[time_out: 120]
[machine_list_filename: ]
[machines: ]
[gpu_platform_id: -1]
[gpu_device_id: -1]
[gpu_use_dp: 0]
[num_gpu: 1]

end of parameters

pandas_categorical:null
