tree
version=v4
num_class=1
num_tree_per_iteration=1
label_index=0
max_feature_idx=10
objective=regression
feature_names=Column_0 Column_1 Column_2 Column_3 Column_4 Column_5 Column_6 Column_7 Column_8 Column_9 Column_10
feature_infos=none [33:153] none [2.604613304138184:143.1671142578125] [0.036339867860078798:84.337371826171875] [2.9177241325378418:143.1671142578125] [2.7903218269348145:116.37793731689452] [0.0096487011760473008:1931.1722412109373] [0.99045741558074962:123.15135192871094] [2.5585083961486816:126.55973815917967] [2.8378894329071045:139.75949096679688]
tree_sizes=2681 2848 2837 2849 2853 2864 2858 2870 2883 2873 2876 2878 2872 2878 2894 2881 2898 2890 2896 2892 2896 2898 2897 2882 2902 2874 2897 2894 2900 2876 2904 2915 2901 2887 2915 2883 2893 2897 2900 2909 2867 2923 2900 2888 2909 2875 2932 2920 2905 2909 2920 2886 2898 2915 2915 2890 2907 2914 2928 2935 2930 2912 2915 2874 2925 2893 2931 2940 2910 2914 2918 2899 2928 2888 2927 2907 2946 2924 2889 2900 2931 2924 2910 2899 2907 2923 2896 2924 2944 2925 2899 2921 2879 2950 2923 2945 2947 2956 2941 2900

Tree=0
num_leaves=31
num_cat=0
split_feature=3 9 7 1 1 7 7 8 3 5 7 1 7 3 1 9 1 7 1 7 7 7 1 7 9 8 3 9 1 8
split_gain=5.43738 1.91103 1.20187 0.889898 0.88091 0.576122 0.393361 0.342441 0.339045 0.311574 0.231353 0.257951 0.23002 0.231687 0.244608 0.199352 0.199187 0.195727 0.175563 0.157067 0.134934 0.126052 0.125963 0.118066 0.111686 0.11092 0.107499 0.100548 0.0947786 0.0914479
threshold=19.854434967041019 34.330162048339851 1.1044021248817446 90.500000000000014 110.50000000000001 11.510336399078371 1.7223988771438601 43.178865432739265 10.169781208038332 19.83210372924805 0.95258226990699779 80.500000000000014 4.6853344440460214 16.441022872924808 96.500000000000014 8.3610458374023455 101.50000000000001 32.487525939941413 123.50000000000001 30.636445999145511 0.84967041015625011 11.338465213775638 118.50000000000001 0.39831072092056274 13.441965103149416 15.061151504516603 15.111243247985842 28.299898147583011 79.500000000000014 9.7282319068908709
decision_type=2 2 2 2 2 2 2 2 2 2 2 2 2 2 2 2 2 2 2 2 2 2 2 2 2 2 2 2 2 2
left_child=2 4 23 17 5 10 20 16 15 12 -2 -12 13 24 -15 -4 -5 -3 19 -8 -6 -18 -9 -1 -10 -16 -26 -20 -7 -14
right_child=1 3 8 7 6 28 18 22 9 -11 11 -13 29 14 25 -17 21 -19 27 -21 -22 -23 -24 -25 26 -27 -28 -29 -30 -31
leaf_value=0.38040802173243127 0.37877480164432753 0.37004203395657065 0.37327840877892171 0.3624333382678549 0.3643381001469162 0.36850476700649965 0.36422821016775236 0.35076667157726155 0.37234284061801798 0.37868333820201872 0.37590556052513424 0.36897362268386136 0.36679697482724383 0.3738967529365283 0.36938986015528585 0.37989602477532219 0.3489958381593331 0.36108718456589006 0.35883333833184505 0.3557666716862608 0.37502593087377373 0.35703333833730883 0.34148095710883064 0.37690488296573565 0.3809627499545809 0.36059123301933038 0.37322281198826623 0.35100476688099286 0.36505923771871912 0.37002692127220699
leaf_weight=158 41 46 142 41 21 112 117 48 221 48 72 211 165 41 23 67 32 52 75 27 27 50 21 246 34 38 38 21 278 187
leaf_count=158 41 46 142 41 21 112 117 48 221 48 72 211 165 41 23 67 32 52 75 27 27 50 21 246 34 38 38 21 278 187
internal_value=0.36937 0.364686 0.373669 0.357537 0.366755 0.368638 0.362086 0.353579 0.371816 0.370874 0.371754 0.370737 0.370372 0.372028 0.367924 0.3754 0.356742 0.36529 0.360433 0.362642 0.37035 0.353897 0.347941 0.378275 0.373457 0.363909 0.376878 0.357121 0.366049 0.368513
internal_weight=2700 1292 1408 290 1002 714 288 192 1004 795 324 283 747 395 102 209 123 98 240 144 48 82 69 404 293 61 72 96 390 352
internal_count=2700 1292 1408 290 1002 714 288 192 1004 795 324 283 747 395 102 209 123 98 240 144 48 82 69 404 293 61 72 96 390 352
is_linear=0
shrinkage=1


Tree=1
num_leaves=31
num_cat=0
split_feature=3 9 7 1 1 7 7 8 3 5 9 7 1 6 7 1 6 7 9 8 9 4 1 4 1 7 9 1 8 1
split_gain=4.40428 1.54794 0.973517 0.720817 0.713537 0.466659 0.318622 0.277377 0.275648 0.250852 0.192637 0.190333 0.195191 0.221132 0.187396 0.215845 0.169794 0.158539 0.150241 0.130118 0.117329 0.116313 0.114247 0.106966 0.10203 0.0956336 0.0881153 0.0845558 0.0884176 0.0799269
threshold=19.854434967041019 34.330162048339851 1.1044021248817446 90.500000000000014 110.50000000000001 11.510336399078371 1.7223988771438601 43.178865432739265 10.071603775024416 19.83210372924805 8.3610458374023455 4.6204357147216806 99.500000000000014 15.40646553039551 0.95258226990699779 88.500000000000014 36.653476715087898 32.487525939941413 19.540708541870121 19.506251335144047 24.365383148193363 14.012149810791017 128.50000000000003 18.005761146545414 118.50000000000001 0.39831072092056274 30.279448509216312 91.500000000000014 7.6809344291687021 124.50000000000001
decision_type=2 2 2 2 2 2 2 2 2 2 2 2 2 2 2 2 2 2 2 2 2 2 2 2 2 2 2 2 2 2
left_child=2 4 25 17 5 14 20 16 10 11 -4 12 -10 -14 -2 19 -5 -3 -8 -16 -6 -15 23 -20 -9 -1 -25 28 -13 -27
right_child=1 3 8 7 6 -7 18 24 9 -11 -12 27 13 21 15 -17 -18 -19 22 -21 -22 -23 -24 26 -26 29 -28 -29 -30 -31
leaf_value=0.0099338817115448702 0.0084639836011863347 0.00060449247450932223 0.0035172300229609856 -0.017376532197436869 0.0050601435159998284 -0.0029894868790721284 -0.0040228816221899062 -0.016743333032354712 0.0046224105343296755 0.0083816665030705447 0.010315482555178264 -0.0024595926372477646 0.0021470395658089191 -0.010571708747496208 -0.00051530423901371047 -0.0011566209997751831 -0.009068853228112286 -0.0074548716800144094 -0.012793680006528602 0.0066020895172620112 -0.0049682011827826503 -0.00091770710423588753 -0.013747381287006042 -0.0043047117408026355 -0.025100477252687728 0.0073317342201868699 -0.011275860577821734 -0.0021529509929510264 0.0025445415875451132 0.00088094079068728862
leaf_weight=158 41 46 142 34 28 390 67 48 201 48 59 52 147 24 37 162 89 52 34 84 20 26 48 66 21 225 25 195 110 21
leaf_count=158 41 46 142 34 28 390 67 48 201 48 59 52 147 24 37 162 89 52 34 84 20 26 48 66 21 225 25 195 110 21
internal_value=1.93853e-11 -0.00421624 0.00386888 -0.0106502 -0.00235411 -0.0006593 -0.00655583 -0.0142121 0.00220089 0.0013719 0.00551274 0.000926243 0.00242999 0.000193063 0.00214556 0.00123016 -0.0113653 -0.0036719 -0.00804333 0.0044257 0.000881667 -0.00555163 -0.00960039 -0.00800794 -0.0192868 0.00801409 -0.00621986 -0.000750209 0.000938276 0.00678106
internal_weight=2700 1292 1408 290 1002 714 288 192 1004 803 201 755 398 197 324 283 123 98 240 121 48 50 173 125 69 404 91 357 162 246
internal_count=2700 1292 1408 290 1002 714 288 192 1004 803 201 755 398 197 324 283 123 98 240 121 48 50 173 125 69 404 91 357 162 246
is_linear=0
shrinkage=0.1


Tree=2
num_leaves=31
num_cat=0
split_feature=3 7 1 6 3 1 7 7 1 6 6 3 10 1 3 6 1 1 1 3 4 7 1 1 1 8 1 7 3 8
split_gain=3.60668 1.41166 1.21953 0.483423 0.364415 0.349187 0.241505 0.225228 0.204124 0.238722 0.182308 0.218 0.210647 0.162 0.148033 0.140586 0.136461 0.121046 0.112182 0.109115 0.159169 0.140937 0.122331 0.104271 0.0984923 0.0918059 0.0912573 0.0870202 0.086711 0.10534
threshold=26.12927341461182 2.5972107648849487 99.500000000000014 44.282016754150398 46.343837738037116 110.50000000000001 0.39831072092056274 8.086522579193117 100.50000000000001 15.165314197540285 23.390727996826175 19.460638999938968 18.83586406707764 128.50000000000003 15.546944141387941 20.880974769592289 83.500000000000014 90.500000000000014 122.50000000000001 34.979486465454109 23.085189819335941 11.338465213775638 110.50000000000001 109.50000000000001 77.500000000000014 27.279262542724613 115.50000000000001 2.5219882726669316 8.3123416900634783 7.3584532737731942
decision_type=2 2 2 2 2 2 2 2 2 2 2 2 2 2 2 2 2 2 2 2 2 2 2 2 2 2 2 2 2 2
left_child=1 6 4 13 7 10 -1 16 -8 -10 11 12 28 19 -7 23 -2 -6 -16 20 -4 -21 -22 -11 -13 -15 -5 -18 -3 -30
right_child=2 5 3 26 17 14 8 -9 9 15 -12 24 -14 25 18 -17 27 -19 -20 21 22 -23 -24 -25 -26 -27 -28 -29 29 -31
leaf_value=0.0087627763795698511 0.0074210795030618714 0.0066049232830603924 -0.0080631056028168373 -0.013810097177823387 -0.0047331838646814941 0.0011026754264127124 0.0061420110237566288 -0.0020552870993274285 0.0049007051055216131 -0.0093104393644766383 0.010124843869180907 0.0019677437966068587 0.010166343930980256 -0.0089288333741327133 -0.0028443019451187541 0.0037043050862848761 -0.0043574984340618052 -0.012002127058804036 -0.0079562890050666676 -0.015063851384911687 0.0046634561636231166 -0.0072901309792732091 -0.0049065281856147686 -0.0010977808923388903 -0.0026215095477143549 -0.017505686687162288 -0.021430650686450076 0.0044570695165367354 -0.0015060954907235979 0.001948210435826876
leaf_weight=174 48 30 82 30 63 55 371 249 180 22 21 60 29 24 111 42 24 36 70 32 22 86 34 52 212 26 33 21 119 342
leaf_count=174 48 30 82 30 63 55 371 249 180 22 21 60 29 24 111 42 24 36 70 32 22 86 34 52 212 26 33 21 119 342
internal_value=-7.38159e-12 0.00239267 -0.0055829 -0.00982479 -0.00203357 -5.43851e-05 0.00544495 -0.000486948 0.00457943 0.00262092 0.000928611 0.000684771 0.00188468 -0.00818247 -0.00344072 -0.000916668 0.00371215 -0.00737644 -0.00482131 -0.00716561 -0.00525653 -0.00939826 -0.00114689 -0.00353938 -0.00160917 -0.0133888 -0.0178018 -0.000244033 0.00139554 0.00105653
internal_weight=2700 1890 810 369 441 1049 841 342 667 296 813 792 520 306 236 116 93 99 181 256 138 118 56 74 272 50 63 45 491 461
internal_count=2700 1890 810 369 441 1049 841 342 667 296 813 792 520 306 236 116 93 99 181 256 138 118 56 74 272 50 63 45 491 461
is_linear=0
shrinkage=0.1


Tree=3
num_leaves=31
num_cat=0
split_feature=3 7 1 1 9 6 7 7 9 5 7 7 1 10 1 8 1 1 1 3 8 1 3 8 1 3 8 7 7 9
split_gain=2.9446 1.31459 0.843654 0.383999 0.293647 0.252601 0.239925 0.20681 0.160937 0.157353 0.148445 0.139202 0.130079 0.116294 0.113776 0.113769 0.107474 0.103894 0.0987323 0.104601 0.124422 0.0877647 0.117028 0.0963684 0.085696 0.0850971 0.080168 0.0766643 0.0640591 0.0626266
threshold=28.6474142074585 2.5972107648849487 101.50000000000001 110.50000000000001 45.278173446655281 44.282016754150398 18.301069259643558 1.0128324627876284 20.750614166259769 26.51053619384766 32.487525939941413 2.050093531608582 117.50000000000001 15.827705860137939 83.500000000000014 22.743246078491214 117.50000000000001 90.500000000000014 79.500000000000014 19.460638999938968 15.971611976623537 87.500000000000014 16.142252922058109 17.881528854370121 113.50000000000001 15.419031143188478 7.4513170719146737 4.0916323661804208 26.454820632934574 11.910319805145265
decision_type=2 2 2 2 2 2 2 2 2 2 2 2 2 2 2 2 2 2 2 2 2 2 2 2 2 2 2 2 2 2
left_child=1 7 4 6 10 11 15 12 25 -10 14 -4 -1 -14 -2 18 28 -6 26 20 -20 29 -23 -24 -7 -5 -3 -21 -13 -9
right_child=2 3 5 8 17 24 -8 21 9 -11 -12 16 13 -15 -16 -17 -18 -19 19 27 -22 22 23 -25 -26 -27 -28 -29 -30 -31
leaf_value=0.0071495035110679672 0.0032240305773236534 -0.00042345744247237847 -0.015232806870092951 0.0010953728953060115 -0.0056382850792847184 -0.011037900298833848 -0.0028702358929278285 0.0037859031830423623 -0.013891474668074539 -0.0031921080712761195 -0.0041208573201527961 -0.0034950674881064703 0.0059674445631762232 -0.0019941438629757615 -0.0018266833475175895 0.0069832347493086547 -0.010521856198288701 -0.013841921306000309 0.00094409784508456382 -0.0066954652667045589 0.0087081640154461973 0.0039163114283499974 -0.0036099351438072824 0.0022247176084235526 -0.018959841837123452 -0.0035172980518703083 0.0043080688870333608 -0.00070833550338205461 -0.0082625306777509983 0.0082034785984730248
leaf_weight=359 77 48 27 53 38 22 158 93 27 28 130 63 43 32 106 35 74 26 334 25 22 175 48 69 36 163 141 148 51 49
leaf_count=359 77 48 27 53 38 22 158 93 27 28 130 63 43 32 106 35 74 26 334 25 22 175 48 69 36 163 141 148 51 49
internal_value=-4.93687e-13 0.00185956 -0.00586478 -0.000310489 -0.00279903 -0.0100984 0.000672575 0.00481463 -0.00361518 -0.00844452 -0.00153703 -0.00851852 0.0063582 0.0025705 0.00029848 0.00141595 -0.00755423 -0.00897101 0.00114457 0.000443645 0.0014239 0.00327107 0.00227939 -0.000168986 -0.015955 -0.00238549 0.00310641 -0.00157353 -0.00562788 0.00531028
internal_weight=2700 2050 650 1182 377 273 911 868 271 55 313 215 434 75 183 753 188 64 718 529 356 434 292 117 58 216 189 173 114 142
internal_count=2700 2050 650 1182 377 273 911 868 271 55 313 215 434 75 183 753 188 64 718 529 356 434 292 117 58 216 189 173 114 142
is_linear=0
shrinkage=0.1


Tree=4
num_leaves=31
num_cat=0
split_feature=3 9 7 1 1 7 10 3 9 7 1 3 9 7 1 1 8 7 8 1 8 3 5 3 8 3 10 3 9 4
split_gain=2.41024 0.909478 0.52478 0.417004 0.399729 0.237304 0.188693 0.197957 0.155346 0.152116 0.138923 0.164834 0.130204 0.127924 0.126722 0.116916 0.113005 0.112516 0.111534 0.168772 0.109255 0.0868182 0.0812045 0.11248 0.0797202 0.117618 0.0838436 0.0761575 0.124606 0.0768643
threshold=18.835140228271488 31.899229049682621 1.2402096390724184 103.50000000000001 110.50000000000001 17.879975318908695 18.83586406707764 10.169781208038332 8.0282783508300799 0.59724977612495433 68.500000000000014 37.680969238281257 41.895944595336921 1.7223988771438601 76.500000000000014 125.50000000000001 21.77115631103516 0.84967041015625011 7.4513170719146737 99.500000000000014 15.15255117416382 27.898054122924808 22.4088134765625 22.705159187316898 11.661812782287599 15.65107297897339 15.397011280059816 68.019428253173842 38.854648590087898 44.599994659423835
decision_type=2 2 2 2 2 2 2 2 2 2 2 2 2 2 2 2 2 2 2 2 2 2 2 2 2 2 2 2 2 2
left_child=2 4 -1 10 5 9 7 8 -4 -2 -3 -12 -5 17 -11 21 -7 -6 -9 24 -21 -15 -16 -24 26 -26 -20 28 -13 -30
right_child=1 3 6 12 13 16 -8 18 -10 14 11 27 -14 15 22 -17 -18 -19 19 20 -22 -23 23 -25 25 -27 -28 -29 29 -31
leaf_value=0.0059038048390806595 0.0091259910360626563 0.0029527390213764234 0.0021463261865079402 -0.0088662601862196933 -0.0057252559997141364 -0.0036278845201290788 0.0093235647155632904 -0.0027503541956486353 0.0081434070233213293 0.0042063333359065244 0.001136535606488134 -0.010058043073448871 -0.014893728002983456 -0.0023254544295084017 -0.0020067050457841028 -0.0087037325164751166 0.001230908179235074 0.0040244216227839731 0.0023079272839914328 2.1089867571828818e-06 -0.00629605038932735 -0.0073961088396608827 0.0074357617646455768 0.00031728778802319387 0.0090128409089673036 0.0023367419963518919 -0.0038174893133915387 -0.012246334841031404 -0.0019171981307775227 -0.008729731482030316
leaf_weight=434 23 23 125 89 20 210 31 88 66 87 33 45 60 104 133 79 62 29 159 247 31 50 25 198 42 71 26 21 67 22
leaf_count=434 23 23 125 89 20 210 31 88 66 87 33 45 60 104 133 79 62 29 159 247 31 50 25 198 42 71 26 21 67 22
internal_value=-4.22598e-12 -0.0029221 0.00305493 -0.00724332 -0.00139697 -0.000173259 0.00165943 0.00138155 0.00421862 0.00119673 -0.00438328 -0.00528077 -0.0112934 -0.00459945 0.000785048 -0.00557617 -0.00252037 4.49614e-05 0.000565461 0.00107204 -0.000700204 -0.00397177 -5.10527e-05 0.00111532 0.00272535 0.00481812 0.00144706 -0.00664704 -0.00576954 -0.0036012
internal_weight=2700 1380 1320 360 1020 738 886 855 191 466 211 188 149 282 443 233 272 49 664 576 278 154 356 223 298 113 185 155 134 89
internal_count=2700 1380 1320 360 1020 738 886 855 191 466 211 188 149 282 443 233 272 49 664 576 278 154 356 223 298 113 185 155 134 89
is_linear=0
shrinkage=0.1


Tree=5
num_leaves=31
num_cat=0
split_feature=3 7 1 6 3 1 6 3 7 10 8 1 3 1 1 9 3 1 8 8 7 9 7 1 3 8 9 1 4 6
split_gain=1.9736 0.762929 0.688021 0.248988 0.209385 0.193591 0.171274 0.154889 0.153082 0.148349 0.138249 0.126271 0.123474 0.0982168 0.0791385 0.0769865 0.0750617 0.0795533 0.0734453 0.068093 0.0672046 0.0747408 0.0651656 0.0632331 0.0631771 0.077265 0.0819824 0.0623835 0.132088 0.0830623
threshold=26.12927341461182 2.5972107648849487 99.500000000000014 44.282016754150398 46.343837738037116 122.50000000000001 22.369791030883793 19.460638999938968 0.39831072092056274 18.83586406707764 21.314685821533207 123.50000000000001 17.500039100646976 128.50000000000003 90.500000000000014 21.341461181640629 8.3123416900634783 88.500000000000014 9.7282319068908709 27.279262542724613 25.670331954956058 34.330162048339851 90.561084747314467 118.50000000000001 28.861246109008793 34.996698379516609 32.711833953857429 95.500000000000014 12.156478404998781 18.555440902709964
decision_type=2 2 2 2 2 2 2 2 2 2 2 2 2 2 2 2 2 2 2 2 2 2 2 2 2 2 2 2 2 2
left_child=1 8 4 13 10 6 7 9 -1 16 15 27 -7 20 22 -2 -3 18 -18 -15 21 -4 -6 -5 -12 26 -26 -10 -29 -30
right_child=2 5 3 23 14 12 -8 -9 11 -11 24 -13 -14 19 -16 -17 17 -19 -20 -21 -22 -23 -24 -25 25 -27 -28 28 29 -31
leaf_value=0.006655345394693573 -0.00067825923407716419 0.0054089459503302356 -0.0029724997798288902 -0.010638543174136431 -0.0011024311140534423 7.2914015294777028e-05 0.0071539914313082896 -0.0016507861324849993 0.004834095862718598 0.0078063979759932529 0.0043518523197680556 -0.00054088100232183934 -0.0074877709529742043 -0.0063501739564041301 -0.0092540693297956354 -0.0060217309456605181 0.00026641194563126191 -0.00061223336811869959 0.0038936196731149475 -0.01373676514015712 -0.0077057813862111517 -0.0076401975204018844 -0.0079249587087404164 -0.017218889231267184 0.00091326421623172101 0.0061243143212050197 -0.00404634011666412 0.0045912552329108996 -0.0019740603589577534 0.0032458952878153431
leaf_weight=174 56 32 127 40 42 36 36 321 298 31 47 75 54 24 36 52 128 312 99 26 82 47 21 23 121 20 46 170 70 54
leaf_count=174 56 32 127 40 42 36 36 321 298 31 47 75 54 24 36 52 128 312 99 26 82 47 21 23 121 20 46 170 70 54
internal_value=-2.90529e-11 0.00176994 -0.00412987 -0.00731601 -0.00146392 -2.90148e-05 0.000387151 0.000123223 0.00401383 0.00106916 -0.000291567 0.00332474 -0.0044635 -0.00613736 -0.00551387 -0.00325104 0.000703395 0.00042403 0.00184832 -0.0101912 -0.00534559 -0.00423331 -0.00337661 -0.0130409 0.00107434 0.000250586 -0.000452854 0.00381447 0.00278098 0.000299146
internal_weight=2700 1890 810 369 441 1049 959 923 841 602 342 667 90 306 99 108 571 539 227 50 256 174 63 63 234 187 167 592 294 124
internal_count=2700 1890 810 369 441 1049 959 923 841 602 342 667 90 306 99 108 571 539 227 50 256 174 63 63 234 187 167 592 294 124
is_linear=0
shrinkage=0.1


Tree=6
num_leaves=31
num_cat=0
split_feature=3 7 1 4 9 1 7 7 9 3 1 3 3 1 8 1 7 7 3 10 3 3 1 1 3 8 4 7 7 1
split_gain=1.59862 0.617972 0.557297 0.20567 0.184751 0.160081 0.125335 0.123997 0.110678 0.114855 0.102428 0.129554 0.111645 0.107804 0.102392 0.0928825 0.105234 0.0881202 0.0857529 0.11778 0.0855959 0.0780932 0.0777934 0.0725505 0.0724356 0.0676119 0.0623586 0.0620247 0.0570223 0.053996
threshold=26.12927341461182 2.5972107648849487 99.500000000000014 38.365652084350593 46.083841323852546 110.50000000000001 10.327871322631838 0.39831072092056274 23.499123573303226 19.3321647644043 100.50000000000001 16.235587120056156 21.159017562866214 112.50000000000001 12.264848709106447 128.50000000000003 25.670331954956058 4.0916323661804208 11.426674365997316 10.92548990249634 15.111243247985842 23.418999671936039 124.50000000000001 83.500000000000014 15.419031143188478 16.438058853149418 23.925613403320316 2.5219882726669316 4.4401972293853769 125.50000000000001
decision_type=2 2 2 2 2 2 2 2 2 2 2 2 2 2 2 2 2 2 2 2 2 2 2 2 2 2 2 2 2 2
left_child=1 7 4 15 6 8 23 -1 9 14 -9 -12 13 -13 18 16 -4 -11 19 -3 -16 -14 -15 -2 28 -19 -17 -25 -7 -26
right_child=2 5 3 -5 -6 24 -8 10 -10 17 11 12 21 22 20 26 -18 25 -20 -21 -22 -23 -24 27 29 -27 -28 -29 -30 -31
leaf_value=0.0059898109507115415 0.0049181273513197628 0.0009669094274733028 -0.0033274123186146365 -0.012107875386841204 -0.0068555193830211209 0.0045420854876283556 -0.001684442855164035 0.0040991594090745874 0.0067060421670562245 -0.0069140766859054573 0.0032137738646074417 -0.008788876317441463 0.0075174576323479422 0.0034676688399327841 0.0093857384202155197 -0.0052259854506701234 -0.0075453498544028183 -0.0017892630087465227 -0.00059188671830270325 0.0083127484964539439 0.0025528267110613259 -0.0013195800525136294 -0.0048500135371630851 -0.0040585341630503535 -0.0021940582784626523 0.001818454496562481 -0.012283620629609833 0.002712848109583701 -0.0020474621480138138 -0.0060252534262105533
leaf_weight=174 54 99 169 57 53 24 279 371 29 25 186 25 20 23 22 21 91 169 256 28 110 20 22 24 132 75 31 31 29 51
leaf_count=174 54 99 169 57 53 24 279 371 29 25 186 25 20 23 22 21 91 169 256 28 110 20 22 24 132 75 31 31 29 51
internal_value=-7.30398e-12 0.00159295 -0.00371688 -0.00658441 -0.00131753 -2.61133e-05 -0.00056105 0.00361245 0.000639455 0.000415053 0.00299227 0.00160491 -0.00111553 -0.0035238 0.00128982 -0.00557531 -0.00480369 -0.00125968 0.000462031 0.00258646 0.00369165 0.00309894 -0.000598754 0.00231443 -0.00231894 -0.000680333 -0.00943342 -0.000241937 0.000936484 -0.00326177
internal_weight=2700 1890 810 369 441 1049 388 841 813 784 667 296 110 70 515 312 260 269 383 127 132 40 45 109 236 244 52 55 53 183
internal_count=2700 1890 810 369 441 1049 388 841 813 784 667 296 110 70 515 312 260 269 383 127 132 40 45 109 236 244 52 55 53 183
is_linear=0
shrinkage=0.1


Tree=7
num_leaves=31
num_cat=0
split_feature=3 7 1 1 4 9 7 10 7 3 9 1 9 6 7 8 9 8 9 1 1 7 1 8 7 3 1 4 1 3
split_gain=1.29488 0.505111 0.451411 0.16726 0.166592 0.149648 0.141951 0.115321 0.105453 0.0960844 0.0829591 0.0818184 0.0765828 0.0840856 0.0742503 0.0675407 0.0690062 0.0703018 0.0880854 0.0692453 0.0650466 0.063188 0.0591231 0.0659785 0.0590112 0.0581001 0.0759736 0.0530823 0.0530414 0.0691212
threshold=26.12927341461182 3.2976657152175908 99.500000000000014 122.50000000000001 38.365652084350593 46.083841323852546 1.0128324627876284 25.815801620483402 8.086522579193117 8.2096815109252947 14.380381584167482 117.50000000000001 27.002626419067386 36.653476715087898 3.9177119731903081 39.010753631591804 32.711833953857429 19.875532150268558 20.090376853942875 86.500000000000014 83.500000000000014 18.301069259643558 79.500000000000014 7.4513170719146737 2.5219882726669316 10.828089237213137 94.500000000000014 48.148630142211921 99.500000000000014 12.67697048187256
decision_type=2 2 2 2 2 2 2 2 2 2 2 2 2 2 2 2 2 2 2 2 2 2 2 2 2 2 2 2 2 2
left_child=1 6 5 7 11 8 25 9 20 -3 -5 14 -13 -14 -4 16 17 18 -10 -18 -2 22 23 -11 -22 -1 -27 -6 -8 -30
right_child=2 3 4 10 27 -7 28 -9 15 21 -12 12 13 -15 -16 -17 19 -19 -20 -21 24 -23 -24 -25 -26 26 -28 -29 29 -31
leaf_value=0.0055880251086158003 0.0050539656000260138 0.0066035974770784385 0.0010480123534632316 -0.0001606039206861802 -0.013594408251810819 -0.0061699674376901594 0.0028956911705043872 0.0076133866794407369 0.00058563130183352365 -0.0017888923704221444 -0.0075433207323981656 -0.0034103973116725683 -0.010495332796199365 -0.0030669313203543426 -0.0045339765687253935 0.0039068627975542445 -0.0023563097875851854 0.00048838248568051684 -0.0058750044116202523 -0.0094787498758662318 -0.0036526808980852365 -0.0022937509194603119 -0.00036996613776546375 0.0030711076745207899 0.003606011425810201 0.0059917527082227716 0.0019823169321753083 -0.007444517299532891 0.0033626423690030468 -9.6520540521994829e-05
leaf_weight=205 47 21 28 23 32 53 291 20 36 37 45 40 64 20 160 22 39 127 51 21 24 127 515 114 21 69 150 25 83 190
leaf_count=205 47 21 28 23 32 53 291 20 36 37 45 40 64 20 160 22 39 127 51 21 24 127 515 114 21 69 150 25 83 190
internal_value=-9.86849e-12 0.00143366 -0.0033452 -0.000277297 -0.00592597 -0.00118577 0.00299568 0.000111537 -0.000504945 -7.27839e-05 -0.00504623 -0.00501778 -0.00701174 -0.00872667 -0.00370262 -0.00142404 -0.00185207 -0.00101177 -0.00320164 -0.00484916 0.00245216 -0.000249586 0.000140217 0.00188025 -0.000265291 0.00437812 0.00324556 -0.0108971 0.00195639 0.000955166
internal_weight=2700 1890 810 902 369 441 988 834 388 814 68 312 124 84 188 296 274 214 87 60 92 793 666 151 45 424 219 57 564 273
internal_count=2700 1890 810 902 369 441 988 834 388 814 68 312 124 84 188 296 274 214 87 60 92 793 666 151 45 424 219 57 564 273
is_linear=0
shrinkage=0.1


Tree=8
num_leaves=31
num_cat=0
split_feature=3 9 7 1 1 8 10 3 9 3 1 3 3 9 1 7 10 8 9 8 9 9 6 1 8 9 4 9 3 7
split_gain=1.06642 0.406523 0.250493 0.196728 0.193759 0.138112 0.124338 0.11939 0.156257 0.0987815 0.0898162 0.104255 0.0884599 0.124313 0.0870451 0.0976577 0.0756378 0.0737347 0.0796923 0.0717256 0.071235 0.0649057 0.0931997 0.0642145 0.0980594 0.0608231 0.0793163 0.0917306 0.0612007 0.0577136
threshold=18.835140228271488 31.899229049682621 1.2402096390724184 110.50000000000001 103.50000000000001 18.0448751449585 18.766148567199711 15.546944141387941 13.441965103149416 20.715625762939457 68.500000000000014 37.680969238281257 10.071603775024416 8.2681775093078631 89.500000000000014 6.811920404434205 56.66405105590821 25.232384681701664 20.4109001159668 7.4513170719146737 20.191365242004398 38.854648590087898 45.121625900268562 93.500000000000014 15.15255117416382 28.299898147583011 21.232289314270023 21.212462425231937 20.056363105773929 2.7704619169235234
decision_type=2 2 2 2 2 2 2 2 2 2 2 2 2 2 2 2 2 2 2 2 2 2 2 2 2 2 2 2 2 2
left_child=2 3 -1 5 10 20 7 8 12 -7 -3 -12 13 -4 15 -11 -6 18 -16 -14 -2 -13 -23 -9 -25 26 27 28 -5 -20
right_child=1 4 6 25 16 9 -8 23 -10 14 11 21 19 -15 17 -17 -18 -19 29 -21 -22 22 -24 24 -26 -27 -28 -29 -30 -31
leaf_value=0.0040003077735872791 -0.0011291329189426773 0.0030154412355446053 0.0012434231971677106 -0.0064063168615102768 -0.0064151719945849082 0.0064185029390500864 0.0069980564253295172 0.0010690113757736981 0.0069159246603935484 0.0051926542171344594 0.0014987970645906348 -0.0078907860608564487 -0.0024562904110201934 0.006989530689425697 0.0034494443796575071 0.00051249406145264706 -0.011901664442848415 0.0024595272147430562 0.0014145831084953478 0.00096378516013662671 -0.0057610449528223591 5.0809289045307946e-05 -0.0058503151434706529 -0.00096986299318108549 -0.0072108496596375781 -0.0071370973361327365 0.00080340133446163301 -0.0065233255143967274 -0.00088541435529894484 -0.0038381603821702999
leaf_weight=434 263 23 130 25 117 32 34 100 51 69 33 45 79 53 24 126 32 53 26 274 38 46 64 134 31 34 53 68 102 107
leaf_count=434 263 23 130 25 117 32 34 100 51 69 33 45 79 53 24 126 32 53 26 274 38 46 64 134 31 34 53 68 102 107
internal_value=-1.4543e-11 -0.0019437 0.00203205 -0.000924041 -0.00483273 -6.55618e-05 0.00106791 0.000831262 0.00162663 0.00106979 -0.00288319 -0.00360483 0.00112336 0.0029076 0.000647173 0.00216855 -0.00759348 -0.000765535 -0.00185425 0.000198386 -0.00171389 -0.00469141 -0.00338257 -0.000930554 -0.00214241 -0.0031707 -0.00262692 -0.00355926 -0.00197221 -0.00281131
internal_weight=2700 1380 1320 1020 360 738 886 852 587 437 211 188 536 183 405 195 149 210 157 353 301 155 110 265 165 282 248 195 127 133
internal_count=2700 1380 1320 1020 360 738 886 852 587 437 211 188 536 183 405 195 149 210 157 353 301 155 110 265 165 282 248 195 127 133
is_linear=0
shrinkage=0.1


Tree=9
num_leaves=31
num_cat=0
split_feature=3 9 7 1 1 3 7 7 4 6 5 3 10 3 9 3 3 9 7 9 8 3 9 3 8 7 7 1 7 7
split_gain=0.863797 0.329283 0.205695 0.15935 0.157845 0.137127 0.135057 0.171116 0.114999 0.10168 0.123161 0.104361 0.0987344 0.0907817 0.121797 0.0836574 0.0754161 0.0930415 0.0750961 0.0885357 0.0684625 0.0772949 0.0628047 0.062601 0.0596707 0.0555036 0.0549356 0.0550996 0.0780397 0.0716746
threshold=18.835140228271488 31.899229049682621 1.1044021248817446 110.50000000000001 90.500000000000014 34.979486465454109 1.9180140495300295 7.2369639873504648 19.025105476379398 52.291095733642585 41.816493988037116 43.912260055541999 18.83586406707764 15.546944141387941 13.441965103149416 23.882115364074711 10.071603775024416 8.4427838325500506 84.220119476318374 35.158857345581062 25.122269630432132 28.861246109008793 25.289831161499027 50.058370590209968 7.1519224643707284 18.301069259643558 3.2976657152175908 122.50000000000001 6.2825598716735849 33.403106689453132
decision_type=2 2 2 2 2 2 2 2 2 2 2 2 2 2 2 2 2 2 2 2 2 2 2 2 2 2 2 2 2 2
left_child=2 3 -1 8 18 -6 -7 -8 25 10 -9 -12 13 14 16 -10 17 -4 19 -3 22 -22 -17 -13 -18 -2 -5 28 -28 -30
right_child=1 4 12 26 5 6 7 9 15 -11 11 23 -14 -15 -16 20 24 -19 -20 -21 21 -23 -24 -25 -26 -27 27 -29 29 -31
leaf_value=0.0037391239114745248 -4.5872927940153818e-05 -0.0045953421387821434 0.0013758055473654849 -0.00076404546920060261 0.0018564999347463959 -0.014435834232717755 0.0012813056586310268 -0.011021303380039172 0.0060372533301848016 -0.011437233472242951 0.0025700376270106065 -0.0088191854471171456 0.0065612905705723194 -0.00069113805232336742 0.0059400556877205546 0.00097139968993360532 -0.0024696291314766691 0.0064074469331119738 -0.0065950486566061567 0.0017833235800293658 0.0066551974156137672 0.0009621788975024639 -0.0040797803271561866 -0.0029989603230552303 0.00081225825521556109 -0.0022231631244464616 -0.0073677835911512383 -0.0058446509654645649 0.00040397226888065537 -0.0063630147726507855
leaf_weight=395 273 32 147 87 21 20 29 32 37 40 20 33 31 275 56 64 68 49 23 68 33 86 40 42 299 205 25 78 72 20
leaf_count=395 273 32 147 87 21 20 29 32 37 40 20 33 31 275 56 64 68 49 23 68 33 86 40 42 299 205 25 78 72 20
internal_value=1.0693e-12 -0.00174933 0.00182884 -0.000831637 -0.00434945 -0.00585794 -0.00660796 -0.00580919 -5.90056e-05 -0.00704048 -0.00565567 -0.0038483 0.0010131 0.000820715 0.00149238 0.00163356 0.00104998 0.00263372 -0.00144285 -0.000257849 0.000902903 0.00254092 -0.000971362 -0.00555986 0.00020417 -0.000979648 -0.00285363 -0.00378591 -0.00241341 -0.00106711
internal_weight=2700 1380 1320 1020 360 237 216 196 738 167 127 95 925 894 619 260 563 196 123 100 223 119 104 75 367 478 282 195 117 92
internal_count=2700 1380 1320 1020 360 237 216 196 738 167 127 95 925 894 619 260 563 196 123 100 223 119 104 75 367 478 282 195 117 92
is_linear=0
shrinkage=0.1


Tree=10
num_leaves=31
num_cat=0
split_feature=3 7 1 5 1 1 1 3 9 5 1 7 8 9 8 9 5 1 10 9 7 7 3 9 3 1 1 7 8 7
split_gain=0.705915 0.319455 0.252594 0.115728 0.113026 0.104358 0.0803623 0.0791756 0.0751376 0.183776 0.0858267 0.0682696 0.0661734 0.0738484 0.0606311 0.12781 0.0570576 0.0567184 0.0566712 0.0542583 0.0541258 0.136449 0.0540623 0.0536415 0.0485817 0.0476776 0.0538084 0.047326 0.0468188 0.0419821
threshold=28.6474142074585 2.2993044853210454 88.500000000000014 68.132801055908217 91.500000000000014 128.50000000000003 117.50000000000001 9.8527956008911151 20.750614166259769 27.255848884582523 122.50000000000001 12.810269832611086 17.280622482299808 15.732244968414308 10.795061111450197 11.474632740020754 20.736962318420414 65.500000000000014 20.553493499755863 30.878823280334476 2.2115887403488164 3.9177119731903081 25.344022750854492 23.499123573303226 15.111243247985842 117.50000000000001 120.50000000000001 1.0128324627876284 29.973093986511234 4.794436216354371
decision_type=2 2 2 2 2 2 2 2 2 2 2 2 2 2 2 2 2 2 2 2 2 2 2 2 2 2 2 2 2 2
left_child=1 6 17 5 11 20 27 -8 12 10 22 23 13 14 15 29 -15 -2 -18 -19 -4 -22 -10 -3 -16 -23 -27 -1 -21 -6
right_child=2 4 3 -5 8 -7 7 -9 9 -11 -12 -13 -14 16 24 -17 18 19 -20 28 21 25 -24 -25 -26 26 -28 -29 -30 -31
leaf_value=0.0037227234467189542 0.0032598523213528095 0.0013750053904206855 -0.0068381184332170775 -0.010637069369355838 0.0018152911010497241 -0.0082455532877550777 0.0052693337891940722 -0.00071963270086651261 -0.0013437050860375167 0.0019308704201706707 -0.01142024945556408 -0.00080898241786700161 0.0026520120726513958 -0.0051498762315845695 0.0050387451184335458 -0.0054155397573830907 0.0031589133502996484 0.001041504290000892 -0.0026930065478308726 -0.0062858525159147881 0.0051500590390060096 -0.0028294328166361439 -0.0072773916364115262 0.0055397821596724342 0.00056517314440852049 -0.010236752266064287 -0.0033932727429567388 0.002005108277421798 -0.0012426153229125128 -0.0013483326518158804
leaf_weight=359 40 342 38 27 81 48 27 121 34 47 21 144 63 58 29 54 23 81 59 24 20 246 28 34 149 20 27 290 79 87
leaf_count=359 40 342 38 27 81 48 27 121 34 47 21 144 63 58 29 54 23 81 59 24 20 246 28 34 149 20 27 290 79 87
internal_value=-1.1235e-11 0.000910488 -0.00287154 -0.00430101 -8.51044e-05 -0.00387225 0.0024757 0.000372949 -0.000885057 -0.00306559 -0.00589492 0.00104252 -0.000414958 -0.000772771 -8.09278e-05 -0.00118336 -0.00274947 -0.000152996 -0.00105161 -0.00089492 -0.00327419 -0.00284151 -0.00402343 0.00175161 0.00129401 -0.00338701 -0.00630539 0.00295522 -0.00241774 0.000176986
internal_weight=2700 2050 650 426 1253 399 797 148 733 130 83 520 603 540 400 222 140 224 82 184 351 313 62 376 178 293 47 649 103 168
internal_count=2700 2050 650 426 1253 399 797 148 733 130 83 520 603 540 400 222 140 224 82 184 351 313 62 376 178 293 47 649 103 168
is_linear=0
shrinkage=0.1


Tree=11
num_leaves=31
num_cat=0
split_feature=3 1 7 6 9 1 5 7 7 1 10 1 7 7 8 1 3 9 1 8 3 9 8 9 8 5 4 3 8 9
split_gain=0.579101 0.222029 0.220173 0.101642 0.0973103 0.08755 0.0797469 0.0790555 0.0752377 0.0771039 0.0752315 0.0784011 0.0671403 0.0660629 0.0648754 0.0591668 0.052398 0.0517888 0.0498019 0.049693 0.106333 0.0806362 0.0498322 0.0501912 0.0493042 0.0600864 0.0633594 0.0517765 0.0485406 0.0598452
threshold=24.855394363403324 101.50000000000001 3.2976657152175908 45.121625900268562 34.330162048339851 122.50000000000001 23.891141891479496 3.0829538106918339 10.458476543426515 105.50000000000001 22.001271247863773 99.500000000000014 69.167430877685561 0.39831072092056274 28.537901878356937 123.50000000000001 8.2096815109252947 14.380381584167482 92.500000000000014 10.276080608367922 15.111243247985842 10.557247638702394 7.0786485671997079 8.1366977691650408 26.634630203247074 26.416578292846683 23.085189819335941 28.037163734436039 19.875532150268558 20.090376853942875
decision_type=2 2 2 2 2 2 2 2 2 2 2 2 2 2 2 2 2 2 2 2 2 2 2 2 2 2 2 2 2 2
left_child=2 3 13 12 14 6 10 -6 -9 -10 16 -12 28 -1 24 -15 -4 -7 -5 21 -21 22 23 -18 25 -3 27 -27 29 -2
right_child=1 4 5 18 7 17 -8 8 9 -11 11 -13 -14 15 -16 -17 19 -19 -20 20 -22 -23 -24 -25 -26 26 -28 -29 -30 -31
leaf_value=0.0038208603680263773 0.000820259288662956 -0.0066328903776593506 0.0050206712801896397 -0.0026345598511397839 -0.011799610388420877 -6.7011440177853015e-05 0.0039048365174004667 0.00044468440581113105 -0.0010148567258424703 -0.0079236188553087616 0.00027434043586254119 -0.0083765217653391042 -0.0035616496349339961 0.0019682063926584406 0.00078735695708365659 -0.00073971581782193881 5.0276244134717695e-05 -0.0060791260668147037 -0.00863189589465037 0.0052486808784306047 8.0353508811390069e-05 -0.0035552009615754145 0.0018922609052456477 -0.0047427713750831544 -0.0069457057836864681 0.00090570617243289375 0.0028396426409017296 -0.0043202557994352127 0.00077570993306350338 -0.0044283393894632662
leaf_weight=172 42 32 21 45 21 23 52 20 21 70 20 22 54 712 42 91 74 38 20 45 345 89 85 31 35 26 24 70 313 45
leaf_count=172 42 32 21 45 21 23 52 20 21 70 20 22 54 712 42 91 74 38 20 45 345 89 85 31 35 26 24 70 313 45
internal_value=-1.55817e-11 -0.00210615 0.00101836 -0.000781405 -0.00401071 -0.000163104 0.000120823 -0.00617321 -0.00510875 -0.00632929 -0.000147987 -0.00425706 -0.000251886 0.00204229 -0.0027642 0.00166133 0.000102131 -0.00381226 -0.00447989 -5.22625e-05 0.000676699 -0.00107124 9.22985e-05 -0.00136481 -0.00356187 -0.0027827 -0.00175598 -0.00290489 0.000194932 -0.00189453
internal_weight=2700 880 1820 519 361 845 784 132 111 91 732 42 454 975 229 803 690 61 65 669 390 279 190 105 187 152 120 96 400 87
internal_count=2700 880 1820 519 361 845 784 132 111 91 732 42 454 975 229 803 690 61 65 669 390 279 190 105 187 152 120 96 400 87
is_linear=0
shrinkage=0.1


Tree=12
num_leaves=31
num_cat=0
split_feature=3 9 7 1 1 7 7 6 10 7 1 7 1 8 1 3 9 7 3 5 3 9 1 8 8 9 8 8 7 8
split_gain=0.476044 0.183056 0.115291 0.107531 0.0922389 0.0869486 0.0988302 0.0749072 0.0748177 0.0740297 0.072977 0.0650721 0.0635876 0.0609947 0.100015 0.0547947 0.0970729 0.0546612 0.04797 0.0895267 0.0412161 0.0594355 0.0387745 0.0494672 0.0383616 0.0426325 0.0455308 0.0367705 0.0354959 0.0494095
threshold=18.835140228271488 34.330162048339851 1.0128324627876284 90.500000000000014 79.500000000000014 1.9180140495300295 7.5321753025054941 52.291095733642585 18.766148567199711 1.484073340892792 125.50000000000001 54.504503250122077 98.500000000000014 39.010753631591804 104.50000000000001 15.546944141387941 13.441965103149416 33.403106689453132 10.071603775024416 9.1647138595581072 21.159017562866214 24.365383148193363 93.500000000000014 15.15255117416382 7.4513170719146737 8.1366977691650408 6.319700002670289 10.129594326019289 40.214794158935554 21.611114501953129
decision_type=2 2 2 2 2 2 2 2 2 2 2 2 2 2 2 2 2 2 2 2 2 2 2 2 2 2 2 2 2 2
left_child=2 4 -1 11 -2 -5 -7 13 15 12 17 -3 -6 -8 -15 16 18 -11 19 -4 -14 -22 -17 27 25 26 -20 -24 -19 -30
right_child=1 3 8 5 9 6 7 -9 -10 10 -12 -13 20 14 -16 22 -18 28 24 -21 21 -23 23 -25 -26 -27 -28 -29 29 -31
leaf_value=0.0028580059938455825 0.0012359752124757508 0.0010844115530037218 -0.00013892486669789709 -0.010822782767089931 0.0050214550853001352 0.0016650534734362736 -0.0056691175890591699 -0.008825376224704088 0.0053818738635848552 -0.00071659433974077574 -0.0041609066454798317 -0.0042934062120288481 -0.0037716346711892147 0.0040912278040888764 -0.005789735326543451 0.00098688026433718374 0.004977019577113502 -0.0055336742255932252 -0.0027870520519522523 0.0040508553125512079 0.0051052503705829042 -0.0023324099901531423 -0.003838590093489204 -0.0047207304367770419 0.00057102035274370934 -0.0047219970962032679 0.0034733934993190427 0.00022036118147132752 -0.0036169224655763672 0.001543485192814842
leaf_weight=369 200 63 102 22 33 25 64 40 34 580 89 35 23 21 20 101 59 39 26 102 22 21 28 37 299 32 21 110 55 28
leaf_count=369 200 63 102 22 33 25 64 40 34 580 89 35 23 21 20 101 59 39 26 102 22 21 28 37 299 32 21 110 55 28
internal_value=-1.18517e-12 -0.00129864 0.00135767 -0.00353153 -0.00070457 -0.00490725 -0.00414171 -0.00514288 0.000775522 -0.00114065 -0.0014633 -0.000836238 0.00143733 -0.00374002 -0.000728754 0.00060473 0.00111197 -0.0011213 0.000720148 0.00195597 -0.000354738 0.0014729 -0.000573308 -0.00147376 5.31986e-05 -0.00190666 1.01683e-05 -0.000603194 -0.0030453 -0.00187606
internal_weight=2700 1380 1320 290 1090 192 170 145 951 890 791 98 99 105 41 917 641 702 582 204 66 43 276 175 378 79 47 138 122 83
internal_count=2700 1380 1320 290 1090 192 170 145 951 890 791 98 99 105 41 917 641 702 582 204 66 43 276 175 378 79 47 138 122 83
is_linear=0
shrinkage=0.1


Tree=13
num_leaves=31
num_cat=0
split_feature=3 1 7 5 4 7 1 5 3 1 3 8 6 4 7 3 1 9 8 7 5 3 9 6 8 7 1 10 4 8
split_gain=0.391909 0.15871 0.155713 0.0832877 0.0805367 0.0861483 0.094248 0.0683545 0.0759544 0.0918734 0.0709007 0.0675415 0.067219 0.0632965 0.062208 0.0599599 0.0592888 0.0707397 0.0534145 0.0956885 0.0619833 0.0567551 0.0503213 0.0568252 0.0607563 0.0461974 0.0439902 0.045751 0.0664563 0.0436935
threshold=26.12927341461182 88.500000000000014 3.45810878276825 25.924959182739261 44.599994659423835 122.3697853088379 117.50000000000001 25.430427551269535 10.828089237213137 94.500000000000014 23.418999671936039 7.989722967147828 43.397848129272468 8.6175093650817889 0.63405311107635509 21.159017562866214 87.500000000000014 19.667577743530273 37.131572723388679 1.5692746639251711 26.781700134277347 28.6474142074585 27.002626419067386 31.813248634338382 33.308637619018562 32.487525939941413 114.50000000000001 30.272556304931644 27.694748878479007 33.308637619018562
decision_type=2 2 2 2 2 2 2 2 2 2 2 2 2 2 2 2 2 2 2 2 2 2 2 2 2 2 2 2 2 2
left_child=2 25 7 16 5 6 12 8 11 13 15 14 18 -10 -1 -11 -4 -18 19 -3 -21 -22 -8 -24 -25 -2 27 -23 -29 -30
right_child=1 4 3 -5 -6 -7 22 -9 9 10 -12 -13 -14 -15 -16 -17 17 -19 -20 20 21 26 23 24 -26 -27 -28 28 29 -31
leaf_value=0.0038050502158549371 0.0011635213894030348 0.0052035203868789339 0.0007317195057449555 0.0046599269324146654 -0.0066047649481333799 -0.0079444261703260806 -0.0015519920583756176 0.0074172067223116757 -0.0021678570043295623 -0.00010602488832226082 -0.0056996272411197427 0.0047385689526520391 0.0037525774314999582 0.0032001657426410008 0.00066143872685312422 0.0044124954598373737 -0.00059720606962909489 -0.0041400575513762311 -0.006637346013449133 -0.0071631180867552761 0.0020175196139550792 -0.0051381949596107012 -0.0091769585989823106 1.7167471916131353e-05 -0.0068651451857696319 -0.0014156586355876086 0.002370439535006881 0.00011918692387819359 -0.007709413604891819 -0.0014004036939392487
leaf_weight=98 163 21 302 34 52 27 40 20 25 357 21 108 25 181 176 32 472 64 20 20 41 50 32 23 29 121 20 82 23 21
leaf_count=98 163 21 302 34 52 27 40 20 25 357 21 108 25 181 176 32 472 64 20 20 41 50 32 23 29 121 20 82 23 21
internal_value=2.30675e-12 -0.00184035 0.00078872 -0.000192005 -0.0028689 -0.00245905 -0.00212772 0.00162879 0.00151279 0.000825796 -3.98615e-05 0.00262061 -0.00122803 0.00254871 0.0017858 0.000265679 -0.000388861 -0.00102023 -0.00164587 -0.00128677 -0.00181711 -0.00136597 -0.00447126 -0.00586139 -0.00382105 6.46454e-05 -0.00207374 -0.00257876 -0.00156311 -0.0046983
internal_weight=2700 810 1890 872 526 474 447 1018 998 616 410 382 323 206 274 389 838 536 298 278 257 237 124 84 52 284 196 176 126 44
internal_count=2700 810 1890 872 526 474 447 1018 998 616 410 382 323 206 274 389 838 536 298 278 257 237 124 84 52 284 196 176 126 44
is_linear=0
shrinkage=0.1


Tree=14
num_leaves=31
num_cat=0
split_feature=3 9 1 4 3 4 8 4 4 9 7 3 5 1 7 7 1 4 5 1 1 7 8 9 1 8 4 3 7 9
split_gain=0.324984 0.130146 0.105456 0.091632 0.106793 0.0753011 0.059531 0.0939628 0.054226 0.0533945 0.0554447 0.0525681 0.0760783 0.0526484 0.0670696 0.0667915 0.0526247 0.104739 0.0736336 0.0518752 0.0518085 0.0537765 0.0488639 0.121468 0.0762457 0.0723478 0.0875944 0.0709398 0.0690376 0.0584471
threshold=18.835140228271488 45.278173446655281 76.500000000000014 14.696532726287844 10.071603775024416 4.4813146591186532 10.697971343994142 12.237901210784914 9.0594387054443377 47.522026062011726 11.901973724365236 33.513771057128913 33.239162445068366 101.50000000000001 7.8793468475341806 51.583869934082038 113.50000000000001 30.169682502746586 40.18281555175782 96.500000000000014 113.50000000000001 74.294033050537124 19.875532150268558 20.750614166259769 89.500000000000014 17.280622482299808 16.208451271057132 23.418999671936039 18.829746246337894 15.732244968414308
decision_type=2 2 2 2 2 2 2 2 2 2 2 2 2 2 2 2 2 2 2 2 2 2 2 2 2 2 2 2 2 2
left_child=3 2 -2 4 5 -1 -6 8 -8 -3 -11 12 22 14 -13 16 17 -15 -18 -9 21 -12 23 25 -24 29 -27 -26 -25 -4
right_child=1 9 11 -5 6 -7 7 19 -10 10 20 13 -14 15 -16 -17 18 -19 -20 -21 -22 -23 24 28 27 26 -28 -29 -30 -31
leaf_value=0.00040867456418969337 0.0014320073757836645 -0.0089365447429008791 9.1559736074896559e-06 0.0045163810740535461 -0.00058995540306290952 0.0032931331271356615 0.0053148952358321334 0.0015758143650600688 0.0015656122373987895 0.0012905820938093322 -0.00026220879799714595 0.004404127784073353 0.0046894382387399677 -0.0024398575007746168 -0.0018583513169857216 0.00047931912044684089 -0.0055299899188756222 -0.011992328748844254 0.0015392400729267496 -0.0022122223607285003 -0.0084863900510675234 -0.006561175183109615 0.0030872649262444333 -0.0089981053670447671 0.0026704592243008015 0.005870570987462998 -0.00047655519056782322 -0.0015628839505031633 -0.0024731239523081219 -0.0029514729372967416
leaf_weight=140 185 20 111 75 406 256 46 56 239 21 33 20 25 22 118 30 41 24 23 102 23 23 65 31 49 30 79 206 34 167
leaf_count=140 185 20 111 75 406 256 46 56 239 21 33 20 25 22 118 30 41 24 23 102 23 23 65 31 49 30 79 206 34 167
internal_value=-6.62382e-13 -0.00107299 -0.000773296 0.00112176 0.000917269 0.00227338 0.000284739 0.00108638 0.00217076 -0.0042198 -0.00327645 -0.00115281 -0.000739813 -0.00233685 -0.000950746 -0.00370314 -0.00484382 -0.00742376 -0.00298949 -0.000869627 -0.00449047 -0.00284928 -0.000915631 -0.00158504 2.99082e-05 -0.000913205 0.00127036 -0.000749418 -0.00558504 -0.00176935
internal_weight=2700 1380 1260 1320 1245 396 849 443 285 120 100 1075 797 278 138 140 110 46 64 158 79 56 772 452 320 387 109 255 65 278
internal_count=2700 1380 1260 1320 1245 396 849 443 285 120 100 1075 797 278 138 140 110 46 64 158 79 56 772 452 320 387 109 255 65 278
is_linear=0
shrinkage=0.1


Tree=15
num_leaves=31
num_cat=0
split_feature=3 7 5 1 4 7 9 1 10 1 8 3 7 7 8 7 8 8 4 8 3 5 6 7 8 7 1 1 8 7
split_gain=0.263488 0.108699 0.106589 0.0958399 0.0750049 0.0759095 0.0709105 0.0642032 0.0532775 0.0516733 0.0493461 0.0487713 0.0640295 0.0858459 0.0788755 0.0611279 0.0569233 0.0551105 0.0721923 0.103209 0.0506705 0.0484764 0.0419701 0.0555616 0.0431759 0.0416789 0.0375667 0.0371322 0.0457394 0.033577
threshold=26.12927341461182 3.2976657152175908 26.416578292846683 117.50000000000001 44.599994659423835 143.88106536865237 27.002626419067386 122.50000000000001 25.815801620483402 65.500000000000014 42.351552963256843 38.553287506103523 1.0128324627876284 2.2520323991775517 25.122269630432132 13.135833740234377 24.2666130065918 28.537901878356937 33.978147506713874 33.308637619018562 33.88756179809571 43.360624313354499 31.813248634338382 7.2369639873504648 42.351552963256843 0.39831072092056274 91.500000000000014 71.500000000000014 8.0543565750122088 34.068401336669929
decision_type=2 2 2 2 2 2 2 2 2 2 2 2 2 2 2 2 2 2 2 2 2 2 2 2 2 2 2 2 2 2
left_child=1 25 -2 4 5 9 -5 8 27 -4 11 12 -11 -14 16 -13 -15 -17 19 21 -16 -19 -8 -24 -25 -1 -6 28 -3 -29
right_child=2 7 3 6 26 -7 22 -9 -10 10 -12 15 13 14 20 17 -18 18 -20 -21 -22 -23 23 24 -26 -27 -28 29 -30 -31
leaf_value=0.0027761337100113367 -0.0083743888122791606 -0.00093835169712129312 0.0031266706792616051 0.00016497274045832456 -0.0013058802801305834 -0.005211858884285903 -0.0079977813828008958 -0.0031016224994399478 0.0051929269544780257 0.0054348871391266583 0.0038528777845203881 -0.0066342175394171286 -0.0060251757875084879 -0.00054709480396871065 0.0041080732630836151 -0.0050729843229858273 -0.0061786486487835652 0.0016257817411552305 -0.0051940986869989762 0.0064758927435972363 -0.00030018869218313032 -0.0051058505300898109 0.00068976154573084343 -0.0028890521576007207 -0.0086478823573207086 0.0010710342633266931 -0.0066398906070859205 -0.00016153563726691703 0.0034192002112311982 -0.0040456075990653552
leaf_weight=174 22 39 43 36 23 32 32 68 20 20 25 26 25 175 62 29 20 23 21 26 45 20 21 30 23 814 31 689 63 23
leaf_count=174 22 39 43 36 23 32 32 68 20 20 25 26 25 175 62 29 20 23 21 26 45 20 21 30 23 814 31 689 63 23
internal_value=5.23761e-12 0.000646711 -0.00150899 -0.00131732 -0.000800263 -0.000474828 -0.00366956 -0.00014699 9.39154e-05 -0.00020414 -0.000481171 -0.000701397 -5.7793e-05 -0.000393737 7.2442e-05 -0.00224161 -0.00112469 -0.00128188 -6.02988e-05 0.00150216 0.00225413 -0.00150521 -0.00497186 -0.00366335 -0.00538817 0.00137133 -0.004368 -3.13675e-05 0.00175308 -0.000287004
internal_weight=2700 1890 810 788 646 592 142 902 834 560 517 492 347 327 302 145 195 119 90 69 107 43 106 74 53 988 54 814 102 712
internal_count=2700 1890 810 788 646 592 142 902 834 560 517 492 347 327 302 145 195 119 90 69 107 43 106 74 53 988 54 814 102 712
is_linear=0
shrinkage=0.1


Tree=16
num_leaves=31
num_cat=0
split_feature=3 1 9 9 10 10 4 3 4 3 8 4 10 9 4 8 3 1 4 6 1 8 8 9 5 1 3 4 9 9
split_gain=0.222806 0.0910162 0.101192 0.076684 0.120111 0.112714 0.0717543 0.082942 0.0709664 0.0581183 0.0570381 0.0756725 0.0519455 0.0489951 0.0436917 0.0490969 0.0516254 0.0425911 0.047455 0.0594212 0.0413907 0.0406558 0.0405302 0.0650989 0.0664943 0.0572549 0.0735454 0.0529774 0.0963691 0.0515722
threshold=18.835140228271488 69.500000000000014 34.330162048339851 36.289579391479499 45.429277420043952 47.959016799926765 14.696532726287844 10.828089237213137 4.7579085826873788 5.4751098155975351 10.697971343994142 12.237901210784914 43.233932495117195 10.557247638702394 7.7797391414642343 12.538379669189455 13.889281749725344 96.500000000000014 12.714248657226564 15.165314197540285 86.500000000000014 6.1467647552490243 17.280622482299808 17.974446296691898 22.894941329956058 100.50000000000001 21.730051040649418 18.005761146545414 19.780796051025394 21.212462425231937
decision_type=2 2 2 2 2 2 2 2 2 2 2 2 2 2 2 2 2 2 2 2 2 2 2 2 2 2 2 2 2 2
left_child=6 -2 22 -4 12 -6 7 8 9 -1 13 14 -5 21 -12 16 -16 -13 -19 -20 -15 -9 23 -3 -25 26 -24 28 -27 -29
right_child=1 2 3 4 5 -7 -8 10 -10 -11 11 17 -14 20 15 -17 -18 18 19 -21 -22 -23 25 24 -26 27 -28 29 -30 -31
leaf_value=0.0032306787181407854 0.0019415185053228579 -0.00066740863412987543 -0.0065539569695196725 -0.00039787856472093007 -0.0098487879222375341 -0.0024237153058915073 0.0039327642871066935 -0.0038506071167913355 0.0027782422877792984 -0.00088102146760888906 0.0061310160391837018 0.0013352191412455538 0.0056697663873256678 0.00057712640398396896 0.0023531019110053491 0.0033339556672119645 -0.0011618367962526262 -0.0063333221090336638 0.0021855913068387 -0.0033025463765605969 -0.0032189640351635226 0.00071487484383396809 0.0049947833849324124 -0.0078696759617222205 -0.0020668754284617614 0.0013146777064614599 0.00020527923789587341 0.0038414437216348373 -0.0055715820337724634 -0.00085519470745127582
leaf_weight=47 105 231 46 43 24 138 75 22 287 128 22 56 21 39 78 93 90 21 34 47 109 172 36 28 67 31 293 26 59 232
leaf_count=47 105 231 46 43 24 138 75 22 287 128 22 56 21 39 78 93 90 21 34 47 109 172 36 28 67 31 293 26 59 232
internal_value=-1.1434e-11 -0.000888442 -0.0011215 -0.00283224 -0.00207472 -0.00352373 0.000928826 0.000747865 0.00181045 0.000223264 0.000120901 0.000872517 0.00159307 -0.000848287 0.0018513 0.00149055 0.000470099 -0.000880614 -0.00209715 -0.000998884 -0.00221864 0.00019714 -0.000657567 -0.00157363 -0.00377717 -0.00021645 0.000729359 -0.00111062 -0.00319965 -0.00038189
internal_weight=2700 1380 1275 272 226 162 1320 1245 462 175 783 441 64 342 283 261 168 158 102 81 148 194 1003 326 95 677 329 348 90 258
internal_count=2700 1380 1275 272 226 162 1320 1245 462 175 783 441 64 342 283 261 168 158 102 81 148 194 1003 326 95 677 329 348 90 258
is_linear=0
shrinkage=0.1


Tree=17
num_leaves=31
num_cat=0
split_feature=3 5 3 1 8 3 9 1 7 9 3 10 4 4 3 7 7 7 3 7 9 1 1 7 7 5 10 3 7 8
split_gain=0.183683 0.0927411 0.0907437 0.0789713 0.0639468 0.0623358 0.0514529 0.0505048 0.0723424 0.0521973 0.0479073 0.0480485 0.0682956 0.0680442 0.0572646 0.047365 0.149175 0.0563234 0.0653197 0.0422579 0.0345663 0.0338971 0.0373062 0.0392496 0.0450829 0.0306383 0.131293 0.0434315 0.0494846 0.0301004
threshold=28.6474142074585 29.602122306823734 10.828089237213137 88.500000000000014 7.989722967147828 8.016947269439699 6.077397584915162 92.500000000000014 7.3381626605987558 11.634759902954103 29.474702835083011 29.413200378417972 20.816303253173832 22.860430717468265 33.513771057128913 1.9180140495300295 4.3743214607238778 47.322637557983406 59.643016815185554 29.610727310180668 25.954887390136722 128.50000000000003 95.500000000000014 26.454820632934574 11.338465213775638 26.416578292846683 25.284258842468265 26.761376380920414 10.216581821441652 9.5788264274597186
decision_type=2 2 2 2 2 2 2 2 2 2 2 2 2 2 2 2 2 2 2 2 2 2 2 2 2 2 2 2 2 2
left_child=1 2 4 -2 5 6 -1 8 9 -4 -5 -12 20 -14 -15 -16 -17 21 -19 25 -13 22 -18 24 -24 26 -9 -27 -29 -10
right_child=3 -3 7 10 -6 -7 -8 19 29 -11 11 12 13 14 15 16 17 18 -20 -21 -22 -23 23 -25 -26 27 -28 28 -30 -31
leaf_value=0.00058424871642438867 5.526988458898684e-05 0.0072407374903559682 -0.00041732691994206196 -0.0067030535039046537 0.0035934324502242643 -0.00071353233244630303 0.0037889713947863684 -0.00023877450814048558 -0.0023339120177269883 0.0024827896014690716 0.0025332849049432716 -0.0024976606504060329 0.0026299655117327349 0.00090414036293419041 -0.0068746107988632652 0.005657953523942048 -0.006830370529658264 0.0033326419182121755 -0.0038961711144074799 -0.0038137595920956558 -0.0078647132776677609 -0.0076864570622210918 -0.0044808713515521962 -0.0053174454020336274 0.00084223176037506546 0.0047849964017846755 -0.0078951234767294445 -0.0031972664045169952 0.0034762764512561261 0.00015009784405518146
leaf_weight=110 224 20 83 23 122 138 92 855 66 246 22 20 32 49 26 21 27 25 25 35 30 23 26 36 41 28 23 25 20 187
leaf_count=110 224 20 83 23 122 138 92 855 66 246 22 20 32 49 26 21 27 25 25 35 30 23 26 36 41 28 23 25 20 187
internal_value=-4.91936e-12 0.000464443 0.000397682 -0.00146478 0.0016294 0.000924663 0.00204383 3.47643e-05 0.000773468 0.00175115 -0.00226406 -0.00201072 -0.0022731 -0.00175274 -0.00222179 -0.00283448 -0.00236553 -0.00319555 -0.000281765 -0.000401266 -0.00571789 -0.00414776 -0.00352169 -0.00265436 -0.00122345 -0.000275674 -0.000439339 0.00169279 -0.000231247 -0.000497905
internal_weight=2700 2050 2030 650 462 340 202 1568 582 329 426 403 381 331 299 250 224 203 50 986 50 153 130 103 67 951 878 73 45 253
internal_count=2700 2050 2030 650 462 340 202 1568 582 329 426 403 381 331 299 250 224 203 50 986 50 153 130 103 67 951 878 73 45 253
is_linear=0
shrinkage=0.1


Tree=18
num_leaves=31
num_cat=0
split_feature=3 1 9 9 10 10 8 8 7 1 7 7 5 5 1 8 1 7 7 9 4 6 8 8 3 9 1 8 4 7
split_gain=0.156969 0.0748556 0.0809299 0.0634619 0.0982081 0.0914245 0.0613721 0.0490845 0.0433522 0.0414176 0.0691716 0.147067 0.0393467 0.0367572 0.0724786 0.0528929 0.0364379 0.0414526 0.0523413 0.0571373 0.0637543 0.0620919 0.0739677 0.0412753 0.0351261 0.0473764 0.0411053 0.0446652 0.04134 0.0400731
threshold=15.978623867034914 69.500000000000014 34.330162048339851 36.289579391479499 45.429277420043952 47.959016799926765 9.6103887557983416 14.56714963912964 11.338465213775638 110.50000000000001 1.3157752752304079 1.7738778591156008 39.193626403808601 65.169845581054702 115.50000000000001 40.880750656127937 112.50000000000001 0.63405311107635509 1.7223988771438601 19.540708541870121 15.611596107482912 18.276775360107425 15.747125625610353 14.187491893768312 10.071603775024416 8.4427838325500506 120.50000000000001 7.4513170719146737 6.2504882812500009 0.38251589238643652
decision_type=2 2 2 2 2 2 2 2 2 2 2 2 2 2 2 2 2 2 2 2 2 2 2 2 2 2 2 2 2 2
left_child=7 -2 6 12 8 -6 -3 24 -5 10 -8 -12 -4 14 15 -7 -11 -18 -19 21 -21 22 23 -20 25 29 27 -26 -29 -1
right_child=1 2 3 4 5 13 9 -9 -10 16 11 -13 -14 -15 -16 -17 17 18 19 20 -22 -23 -24 -25 26 -27 -28 28 -30 -31
leaf_value=0.0030112053371138046 0.0018609933194048884 -0.0041639483945314281 -0.0028106319758555167 -0.0012031622343407623 -0.008667213139900317 -0.0030018707849085334 0.0027429375358611007 0.0050238176281082224 0.0040251618321053692 -0.0041153426404650275 -0.0076249617635487368 2.8169869920157062e-05 -0.0086599491931417076 -0.0042880833967659706 -0.0059869559559350216 0.0027126371782050349 -0.0050587929975749422 0.0024402363665344917 -0.00061288804523637293 -0.0076564079150557521 -0.0016066412329328835 0.0055905498375068419 -0.0059620427363552154 0.0042116932244971395 -0.0015411220877285814 0.0034912922552653722 -0.0021343216555532447 0.0042232797078385542 0.00074079185712159839 0.00030217286640653529
leaf_weight=72 115 43 23 29 24 25 87 29 35 38 26 733 23 46 21 46 22 49 61 20 135 20 20 25 80 98 59 37 433 226
leaf_count=72 115 43 23 29 24 25 87 29 35 38 26 733 23 46 21 46 22 49 61 20 135 20 20 25 80 98 59 37 433 226
internal_value=2.68954e-12 -0.000600687 -0.00078321 -0.0023496 -0.00166048 -0.00297072 -0.000450092 0.000967838 0.00165608 -0.000320889 7.21455e-05 -0.000233993 -0.00573529 -0.00198002 -0.000825995 0.000700486 -0.00117347 -0.000855881 -0.000575687 -0.0011016 -0.00238726 0.000479971 -0.00048429 0.000789607 0.0008508 0.00158395 0.000374071 0.000643154 0.00101495 0.000956704
internal_weight=2700 1666 1551 272 226 162 1279 1034 64 1236 846 759 46 138 92 71 390 352 330 281 155 126 106 86 1005 396 609 550 470 298
internal_count=2700 1666 1551 272 226 162 1279 1034 64 1236 846 759 46 138 92 71 390 352 330 281 155 126 106 86 1005 396 609 550 470 298
is_linear=0
shrinkage=0.1


Tree=19
num_leaves=31
num_cat=0
split_feature=3 9 4 10 9 1 4 4 4 5 9 5 9 7 3 8 3 6 3 3 4 3 1 4 4 6 7 8 9 8
split_gain=0.128774 0.0540556 0.0538482 0.0490023 0.0554448 0.0462706 0.0401064 0.103523 0.0714194 0.0370766 0.110012 0.036725 0.0407375 0.0742643 0.0354003 0.0426936 0.0495628 0.044843 0.0340496 0.0899486 0.0771956 0.0760396 0.0352272 0.0328024 0.099108 0.0268784 0.0281616 0.0255142 0.134343 0.0815578
threshold=18.835140228271488 45.278173446655281 14.696532726287844 15.397011280059816 14.148754596710207 77.500000000000014 48.148630142211921 44.599994659423835 39.632141113281257 20.082798957824711 15.732244968414308 16.800208091735843 14.610677719116213 6.1901233196258554 10.071603775024416 6.5801081657409677 6.6358244419097909 5.5419929027557382 28.6474142074585 29.219477653503422 24.136787414550785 29.900307655334476 128.50000000000003 13.127659320831301 14.012149810791017 34.058996200561531 37.457361221313484 28.257985115051273 30.878823280334476 29.484038352966312
decision_type=2 2 2 2 2 2 2 2 2 2 2 2 2 2 2 2 2 2 2 2 2 2 2 2 2 2 2 2 2 2
left_child=2 5 3 4 14 25 7 8 -3 10 -7 12 13 -5 15 16 17 -1 20 -20 -11 -21 27 -13 -25 26 -2 28 -23 -29
right_child=1 6 -4 11 -6 9 -8 -9 -10 18 -12 23 -14 -15 -16 -17 -18 -19 19 21 -22 22 -24 24 -26 -27 -28 29 -30 -31
leaf_value=0.00056187381589974182 0.0010863300659744763 -0.0050324735002881243 0.0033084018351510168 0.0025062163969518485 0.0046579486312898436 0.00092963872379378271 -0.00054034706996753821 -0.010329058072529734 0.0026249788036303862 -0.0003484520407772651 -0.0066796295393846536 0.0010636383660950518 -0.0057624232120220909 -0.005360605403603543 0.00021164295989034479 0.0026379065127933726 -0.0009091912005058713 0.0048396965684859381 -0.0076274348500495158 0.0048018951574869623 0.0047894303897215475 -0.00078983923164524246 -0.0042674799955316955 -0.0057849197776522494 0.0027402911186218265 0.0037219931235023106 -0.0020566401951428916 0.0057142853781226135 -0.0095438344962894914 -0.00088300748344178953
leaf_weight=69 137 29 75 28 37 38 50 20 21 516 38 114 26 21 572 170 115 38 21 22 31 142 35 30 25 29 36 21 20 174
leaf_count=69 137 29 75 28 37 38 50 20 21 516 38 114 26 21 572 170 115 38 21 22 31 142 35 30 25 29 36 21 20 174
internal_value=1.25882e-12 -0.000675429 0.00070613 0.000549367 0.00085911 -0.000482283 -0.00270346 -0.00424855 -0.00181634 -0.000747072 -0.002875 -0.000721341 -0.00256296 -0.000865279 0.000713304 0.00144532 0.000532076 0.0020811 -0.000582385 -0.0012427 -5.72741e-05 -0.000918834 -0.0012399 9.59435e-05 -0.00190982 0.000904584 0.000432302 -0.000943073 -0.00187058 -0.00017253
internal_weight=2700 1380 1320 1245 1001 1260 120 70 50 1058 76 244 75 49 964 392 222 107 982 435 547 414 392 169 55 202 173 357 162 195
internal_count=2700 1380 1320 1245 1001 1260 120 70 50 1058 76 244 75 49 964 392 222 107 982 435 547 414 392 169 55 202 173 357 162 195
is_linear=0
shrinkage=0.1


Tree=20
num_leaves=31
num_cat=0
split_feature=3 1 9 7 7 9 10 8 4 8 1 8 5 4 9 7 8 1 3 9 8 1 1 9 9 7 7 8 9 8
split_gain=0.104723 0.0546456 0.0542158 0.0516452 0.0631922 0.0534619 0.0927747 0.049602 0.0389082 0.0382234 0.0380502 0.0381195 0.0494616 0.0325924 0.127052 0.0745246 0.0402521 0.0401985 0.0689009 0.039643 0.0803791 0.0368557 0.0364212 0.033354 0.0407128 0.0300905 0.0613558 0.034353 0.072254 0.0551961
threshold=15.978623867034914 69.500000000000014 34.330162048339851 2.2520323991775517 7.5321753025054941 36.289579391479499 45.429277420043952 9.6103887557983416 7.9667515754699716 14.56714963912964 118.50000000000001 40.044538497924812 65.169845581054702 14.103806972503664 15.644490718841555 5.9859638214111337 13.822784900665283 99.500000000000014 21.730051040649418 19.233402252197269 14.749210357666017 101.50000000000001 110.50000000000001 14.251464843750002 14.896309375762939 1.1401630640029909 3.3509867191314702 24.952840805053714 25.289831161499027 27.473371505737308
decision_type=2 2 2 2 2 2 2 2 2 2 2 2 2 2 2 2 2 2 2 2 2 2 2 2 2 2 2 2 2 2
left_child=9 -2 7 -4 -5 -6 -7 -3 -9 -1 11 -8 -13 14 16 22 23 18 -15 20 -17 -19 -16 -10 -25 -20 -27 28 -28 -29
right_child=1 2 3 4 5 6 10 8 13 -11 -12 12 -14 17 15 19 -18 21 25 -21 -22 -23 -24 24 -26 26 27 29 -30 -31
leaf_value=0.00068724416617917442 0.0016126415614322151 -0.00371273010969162 -0.0059963233901986056 0.0026803251967066899 -0.0059984712023288013 0.0027445724225466754 -0.0044685071732741425 0.0028924895236023557 0.00082621550414172049 0.0043697454099511281 -0.0062869180304308729 0.0014056247972358178 -0.0037401575970673756 0.0032262267534160748 -0.0098216480360133578 -0.0030627958997452662 0.0034944237035233528 -0.0036704183304430665 0.003261596205321929 -0.0041964278476513631 0.002834320974867105 -0.00037192135701149626 -0.0037866486655548219 -0.0055837729324897138 0.0006431106566673234 -0.0041399598587304352 0.00049495647738998134 0.0045336996004263662 -0.005080950414312297 -0.00068755516200326395
leaf_weight=1005 115 43 28 32 30 41 39 38 114 29 24 47 31 87 20 59 40 37 26 51 38 401 20 21 21 36 117 41 29 40
leaf_count=1005 115 43 28 32 30 41 39 38 114 29 24 47 31 87 20 59 40 37 26 51 38 401 20 21 21 36 117 41 29 40
internal_value=-3.77056e-12 -0.000490638 -0.000646587 -0.00192865 -0.00146186 -0.0020871 -0.00144237 -0.000373937 -0.000257781 0.000790525 -0.00265985 -0.00191583 -0.000639494 -0.000357706 -0.00111712 -0.00297439 0.000664345 5.41222e-07 0.000759007 -0.00193931 -0.000752585 -0.000650562 -0.00680415 -6.13163e-05 -0.00247033 1.62795e-05 -0.00030455 0.000303708 -0.000612587 0.0019553
internal_weight=2700 1666 1551 272 244 212 182 1279 1236 1034 141 117 78 1198 384 188 196 814 376 148 97 438 40 156 42 289 263 227 146 81
internal_count=2700 1666 1551 272 244 212 182 1279 1236 1034 141 117 78 1198 384 188 196 814 376 148 97 438 40 156 42 289 263 227 146 81
is_linear=0
shrinkage=0.1


Tree=21
num_leaves=31
num_cat=0
split_feature=3 1 6 9 4 5 3 3 9 10 5 3 9 8 8 1 5 3 8 3 9 10 9 4 3 4 4 8 8 3
split_gain=0.0877647 0.0381135 0.0380531 0.0449419 0.0375743 0.0371132 0.0358228 0.0402699 0.0365999 0.0490585 0.0280818 0.0323639 0.0314072 0.0585124 0.054505 0.0269394 0.0324208 0.0259433 0.0450979 0.042108 0.0351743 0.0309558 0.0673534 0.0256225 0.0240196 0.02933 0.0231589 0.0423497 0.0231491 0.0304271
threshold=18.835140228271488 69.500000000000014 44.282016754150398 47.522026062011726 14.696532726287844 56.773597717285163 14.773464202880861 14.94848155975342 12.09257221221924 13.349444866180422 20.649589538574222 20.715625762939457 15.732244968414308 17.471791267395023 15.645092964172365 97.500000000000014 14.163113117218019 10.828089237213137 7.989722967147828 8.4304194450378436 6.9587237834930429 11.654214382171633 10.557247638702394 48.148630142211921 12.436640262603762 9.4085817337036151 6.0442521572113046 6.5801081657409677 39.010753631591804 38.553287506103523
decision_type=2 2 2 2 2 2 2 2 2 2 2 2 2 2 2 2 2 2 2 2 2 2 2 2 2 2 2 2 2 2
left_child=4 -2 10 -4 6 -5 8 -8 9 17 12 -12 -3 14 -14 -10 -17 18 19 20 -1 22 -19 -7 25 -23 27 -21 29 -13
right_child=1 2 3 5 -6 23 7 -9 15 -11 11 28 13 -15 -16 16 -18 21 -20 26 -22 24 -24 -25 -26 -27 -28 -29 -30 -31
leaf_value=0.00063270423732429866 0.0012737007216838678 -2.1540044018855462e-05 -0.0058217538998398032 0.0025034768600016837 0.0027567130571696909 -0.0045431436602807332 -0.0047562954895329322 -0.00013709303919041751 0.0035350960532301353 -0.0032687368116581421 0.0025090632684479815 -0.00030843665561155358 -0.0021021916167228484 0.0014511981466785073 -0.0083339504413306714 -0.001304608060228121 0.002831932911922195 -0.00016335235785744671 0.0028600819632452214 -0.0013787150266132532 0.0035332038250219613 0.0046729812252030165 -0.0063357846028256146 -0.00077166933739601185 -0.0001163026790011797 -0.00023420373243944988 -0.0032685825088492495 0.0037867341448353342 0.0024226305316443798 -0.0018809108893740282
leaf_weight=165 105 52 29 20 75 31 20 335 76 33 38 813 32 20 25 36 40 90 113 65 56 29 22 43 91 21 32 21 27 145
leaf_count=165 105 52 29 20 75 31 20 335 76 33 38 813 32 20 25 36 40 90 113 65 56 29 22 43 91 21 32 21 27 145
internal_value=-2.11542e-13 -0.000557603 -0.000708417 -0.00238033 0.000582949 -0.00131861 0.000451999 -0.00039733 0.000790777 0.000499746 -0.000529905 -0.00035458 -0.00192027 -0.00320253 -0.00483542 0.00220381 0.000872519 0.000676143 0.00112999 0.000553292 0.00136767 -0.000134681 -0.00137579 -0.00235161 0.000851168 0.00261196 -0.000971947 -0.000117384 -0.000465056 -0.000546442
internal_weight=2700 1380 1275 123 1320 94 1245 355 890 738 1152 1023 129 77 57 152 76 705 452 339 221 253 112 74 141 50 118 86 985 958
internal_count=2700 1380 1275 123 1320 94 1245 355 890 738 1152 1023 129 77 57 152 76 705 452 339 221 253 112 74 141 50 118 86 985 958
is_linear=0
shrinkage=0.1


Tree=22
num_leaves=31
num_cat=0
split_feature=3 5 5 10 1 9 6 9 3 7 4 4 10 7 7 7 10 8 4 8 9 8 9 10 1 9 8 7 6 9
split_gain=0.07342 0.079629 0.0716854 0.0510223 0.0402981 0.043654 0.0509889 0.0369873 0.038736 0.0345147 0.0331331 0.0380236 0.0589995 0.0347914 0.0810276 0.0390267 0.0337044 0.0335951 0.0340986 0.0474126 0.0505679 0.0362889 0.0317244 0.0397374 0.0315702 0.0305642 0.0317756 0.0568198 0.0389942 0.0374556
threshold=26.12927341461182 26.416578292846683 25.924959182739261 24.472920417785648 117.50000000000001 27.002626419067386 31.813248634338382 22.648506164550785 14.773464202880861 7.2369639873504648 44.599994659423835 39.632141113281257 50.782611846923835 1.5692746639251711 2.4189267158508305 5.4979047775268564 58.997518539428718 40.044538497924812 31.847651481628422 31.886609077453617 31.899229049682621 25.122269630432132 12.09257221221924 13.349444866180422 128.50000000000003 20.005537033081058 20.370058059692386 14.671781063079836 24.864499092102054 25.289831161499027
decision_type=2 2 2 2 2 2 2 2 2 2 2 2 2 2 2 2 2 2 2 2 2 2 2 2 2 2 2 2 2 2
left_child=2 -2 3 7 10 -6 -7 8 22 -8 11 12 13 -3 -15 -16 -12 18 19 20 21 25 23 -1 -11 -17 -27 28 -28 -29
right_child=1 4 -4 -5 5 6 9 -9 -10 24 16 -13 -14 14 15 17 -18 -19 -20 -21 -22 -23 -24 -25 -26 26 27 29 -30 -31
leaf_value=0.00060852870889832036 -0.0067305134027265019 0.0031019946724614679 0.0040773929292336111 -0.0040752171280069487 0.00085246838886329594 -0.0065131995521369394 0.0016952436159564451 0.0043794583169404757 -0.00020867047980169045 -0.0011951194173007301 -0.0059242596756666904 0.003659969389152069 -0.0042896893426693757 -0.0062835380479338626 0.0030130374415709479 0.0019560688552824226 -0.00075074192478924114 0.0037893723009619867 -0.0040654451372878009 0.003386207352228025 -0.0032813582003914884 0.0018164620704556001 0.0020319721697269655 -0.002941863121690624 -0.0062301778196706438 -0.0028721912215197726 -0.00010402943854304877 0.0038929881258601591 -0.0061284220200918975 -0.00067042149697757653
leaf_weight=705 22 34 50 27 36 32 21 22 900 33 20 26 34 21 41 37 34 20 24 34 56 80 153 33 20 70 22 35 21 37
leaf_count=705 22 34 50 27 36 32 21 22 900 33 20 26 34 21 41 37 34 20 24 34 56 80 153 33 20 70 22 35 21 37
internal_value=-1.18625e-12 -0.000796551 0.000341379 0.000239857 -0.000630882 -0.00215617 -0.00317797 0.000304119 0.000254059 -0.00173571 -0.000295603 -7.93054e-05 -0.000251074 7.03274e-06 -0.00020427 6.33708e-05 -0.00266686 -0.000214006 -0.000406476 -0.000182458 -0.000521381 -9.59733e-06 0.000721462 0.000449771 -0.00309514 -0.000667637 -0.00119238 -0.000169883 -0.00304617 0.0015479
internal_weight=2700 810 1890 1840 788 142 106 1813 1791 74 646 592 566 532 498 477 54 436 416 392 358 302 891 738 53 222 185 115 43 72
internal_count=2700 810 1890 1840 788 142 106 1813 1791 74 646 592 566 532 498 477 54 436 416 392 358 302 891 738 53 222 185 115 43 72
is_linear=0
shrinkage=0.1


Tree=23
num_leaves=31
num_cat=0
split_feature=3 5 7 7 1 7 7 1 3 3 5 7 7 7 3 10 8 4 3 7 7 6 7 7 1 4 4 8 1 9
split_gain=0.0600979 0.090048 0.0402531 0.0591527 0.0623689 0.0548175 0.0475442 0.0351766 0.0425511 0.0621258 0.0419042 0.0335843 0.100093 0.0495498 0.0302772 0.0489121 0.0437151 0.0571471 0.0298338 0.0307422 0.0290522 0.0278103 0.0263691 0.0479597 0.0259908 0.0257798 0.0386954 0.0694232 0.0502516 0.044052
threshold=24.855394363403324 25.430427551269535 2.2115887403488164 4.3083996772766122 106.50000000000001 1.5692746639251711 0.84967041015625011 122.50000000000001 17.500039100646976 20.949749946594242 16.711857795715336 29.144042015075687 57.123334884643562 15.318244934082033 11.529312133789064 11.083460330963138 10.639175415039064 7.9667515754699716 11.89614820480347 12.201675891876222 5.5801541805267343 34.354961395263679 0.57589963078498851 1.7223988771438601 111.50000000000001 18.005761146545414 16.305028915405277 18.22847938537598 99.500000000000014 19.100069046020511
decision_type=2 2 2 2 2 2 2 2 2 2 2 2 2 2 2 2 2 2 2 2 2 2 2 2 2 2 2 2 2 2
left_child=1 7 5 21 20 6 -2 14 10 -10 22 13 -13 24 15 -1 18 -18 -16 -20 -5 -4 -9 -24 -6 26 27 29 -28 -19
right_child=2 -3 3 4 11 -7 -8 8 9 -11 -12 12 -14 -15 16 -17 17 25 19 -21 -22 -23 23 -25 -26 -27 28 -29 -30 -31
leaf_value=0.00067240458572313778 -0.003289826347026974 0.0064128963839417954 0.0010134775988343689 0.0036274293309543279 0.0006018270505592227 -0.0066617379196686676 0.0022692862376570704 0.0017675770639345564 -0.0058135570001763273 -1.859908350869208e-05 0.0043226999230682852 -0.0072358113664085988 0.00026767815870698541 0.001325498819731328 -0.0039785386255845939 0.0036772654690374173 0.0043808850424183121 0.00032912958747389489 0.00015731917530318018 -0.0021189213798412784 -0.00026104040330814879 0.0054206405677610925 -0.0053935562170712124 0.00028804423231915095 -0.0034611358206618477 0.0020830984954168467 0.00090764112332287952 0.0055452237464487554 -0.0042110214814205064 -0.0043318855753611959
leaf_weight=429 40 24 45 20 20 25 25 29 37 37 20 40 32 49 29 62 36 589 178 89 489 21 24 39 74 74 34 25 44 21
leaf_count=429 40 24 45 20 20 25 25 29 37 37 20 40 32 49 29 62 36 589 178 89 489 21 24 39 74 74 34 25 44 21
internal_value=-1.14549e-12 0.00032806 -0.000678488 -0.000450209 -0.000711471 -0.00268227 -0.00115171 0.000246748 -0.00105531 -0.00291608 0.000174126 -0.00213956 -0.00390093 -0.00125271 0.000397172 0.00105184 0.000109916 0.000484756 -0.000932293 -0.000601428 -0.000108252 0.00241576 -0.000727738 -0.00187637 -0.00259668 0.000306534 0.00012215 0.000380344 -0.00197981 0.000168668
internal_weight=2700 1820 880 790 724 90 65 1796 186 74 112 215 72 143 1610 491 1119 823 296 267 509 66 92 63 94 787 713 635 78 610
internal_count=2700 1820 880 790 724 90 65 1796 186 74 112 215 72 143 1610 491 1119 823 296 267 509 66 92 63 94 787 713 635 78 610
is_linear=0
shrinkage=0.1


Tree=24
num_leaves=31
num_cat=0
split_feature=3 4 4 4 1 8 4 4 10 9 7 8 3 8 3 9 7 1 7 5 10 5 9 8 8 3 1 6 4 8
split_gain=0.0507617 0.0322318 0.0287721 0.0984016 0.028694 0.0469653 0.0612939 0.0338186 0.0360829 0.0284063 0.0308379 0.0271463 0.0239662 0.0419021 0.0410074 0.0247559 0.023918 0.0314733 0.0285185 0.0282838 0.0638248 0.0461152 0.0436557 0.0539474 0.0609585 0.041723 0.0408731 0.0276286 0.0755277 0.124192
threshold=18.835140228271488 14.696532726287844 44.599994659423835 48.148630142211921 128.50000000000003 27.279262542724613 21.232289314270023 39.632141113281257 50.782611846923835 16.094451904296879 4.794436216354371 40.044538497924812 5.4751098155975351 5.9710497856140146 8.8742485046386737 14.760573863983156 33.403106689453132 106.50000000000001 47.322637557983406 22.4088134765625 20.969464302062992 20.649589538574222 15.829228401184084 17.471791267395023 15.645092964172365 22.489641189575199 99.500000000000014 38.921527862548835 32.470304489135749 32.740001678466804
decision_type=2 2 2 2 2 2 2 2 2 2 2 2 2 2 2 2 2 2 2 2 2 2 2 2 2 2 2 2 2 2
left_child=1 9 4 -4 7 6 -6 8 11 12 -11 16 -1 -14 -15 -16 19 -18 -19 20 21 22 -2 24 -24 -21 -22 28 29 -27
right_child=2 -3 3 -5 5 -7 -8 -9 -10 10 -12 -13 13 14 15 -17 17 18 -20 25 26 -23 23 -25 -26 27 -28 -29 -30 -31
leaf_value=0.0024885755342741807 0.0010664123868411209 0.0024566447722415129 -0.0083275565179064866 -2.8090760577470064e-05 -0.0025875949478220374 -0.0050389146319392954 0.0040291505688357923 0.0033808091368812787 -0.0033388148741544904 -0.0034115014364942912 0.0013207496986502693 0.003234839273373718 -0.0011894566858805216 0.0023150776489686705 0.00018726421549172074 0.0023102152506599867 -0.00057069705080987118 -0.0063584910679492165 -0.001245571107331974 0.0034667483423254453 -0.00088135558709671554 0.0016995274785805089 -0.0014975119545852069 0.001541031679759423 -0.0080878787487745282 0.00027621961108401783 -0.0066412329075059718 -0.0034310161977330043 0.0049852922093123198 -0.0077479524165391918
leaf_weight=54 47 75 20 50 42 33 21 26 37 40 21 23 156 119 796 59 171 20 24 40 22 83 32 21 25 542 28 21 32 20
leaf_count=54 47 75 20 50 42 33 21 26 37 40 21 23 156 119 796 59 171 20 24 40 22 83 32 21 25 542 28 21 32 20
internal_value=-6.2933e-12 0.000443342 -0.000424066 -0.00239937 -0.000318516 -0.00198282 -0.000382013 -0.000186906 -0.000264988 0.000322058 -0.00178237 -0.000166177 0.000430479 0.000332127 0.000575831 0.00033376 -0.000235524 -0.00118443 -0.00356963 -1.20678e-05 -0.000898906 -0.000127757 -0.00134107 -0.00279174 -0.00438802 0.000337252 -0.00410689 0.000133707 0.000259733 -9.33811e-06
internal_weight=2700 1320 1380 70 1310 96 63 1214 1188 1245 61 1151 1184 1130 974 855 1128 215 44 913 258 208 125 78 57 655 50 615 594 562
internal_count=2700 1320 1380 70 1310 96 63 1214 1188 1245 61 1151 1184 1130 974 855 1128 215 44 913 258 208 125 78 57 655 50 615 594 562
is_linear=0
shrinkage=0.1


Tree=25
num_leaves=31
num_cat=0
split_feature=1 3 7 7 7 4 7 4 3 5 5 4 4 4 9 8 4 4 5 9 6 8 4 7 7 1 8 9 10 3
split_gain=0.043321 0.0461375 0.0571361 0.0511453 0.0562238 0.0431252 0.0422368 0.0405858 0.0844663 0.0381525 0.0269199 0.0426859 0.0255574 0.052702 0.046263 0.0812506 0.0478186 0.0631977 0.0460891 0.0290121 0.0464901 0.0272705 0.0331775 0.0250646 0.0218691 0.0239726 0.0201707 0.0735297 0.0291966 0.0415224
threshold=63.500000000000007 28.6474142074585 2.2115887403488164 7.2369639873504648 13.422254562377931 24.313864707946781 1.484073340892792 32.80961990356446 33.513771057128913 65.169845581054702 35.016202926635749 36.531141281127937 20.816303253173832 22.176678657531742 30.878823280334476 29.973093986511234 31.847651481628422 28.864313125610355 53.837755203247077 23.164620399475101 23.390727996826175 20.370058059692386 19.377548217773441 28.098799705505375 0.39831072092056274 123.50000000000001 17.730592727661136 22.411497116088871 19.678744316101078 17.398748397827152
decision_type=2 2 2 2 2 2 2 2 2 2 2 2 2 2 2 2 2 2 2 2 2 2 2 2 2 2 2 2 2 2
left_child=-1 5 6 10 7 23 -3 8 -5 12 -4 -12 19 -14 -15 -16 17 -17 -18 20 -6 -21 -23 24 -2 -26 28 -28 29 -27
right_child=1 2 3 4 9 -7 -8 -9 -10 -11 11 -13 13 14 15 16 18 -19 -20 21 -22 22 -24 -25 25 26 27 -29 -30 -31
leaf_value=0.0018413192388834433 0.0012668684914299265 -0.0018568022709931375 -0.00025497883325442672 -0.0014860349398962147 -0.0020221147686243059 0.003790898673469201 -0.0075606370763853202 0.00052083350684759878 -0.0089234933400383371 -0.00328124800053913 0.0060328059849920328 -2.8901445191530952e-05 0.004624136010949899 0.0031464925378787557 -0.0062719757709166282 -0.00085159697919152684 -0.0042472012327326577 0.0055936788497813819 0.0009596444433555007 -0.0055920665326993912 0.0039981982389809155 0.00050934686300319596 -0.004394484592723364 -0.0016434398476849309 0.00018310164746532362 -1.6129055630268625e-05 -0.0063296395802387483 0.0011966550755314531 0.0030333596970671182 -0.0051371348928660153
leaf_weight=122 164 37 38 37 29 32 20 21 26 42 26 21 28 37 23 32 34 29 34 20 23 37 22 80 1517 76 27 25 21 20
leaf_count=122 164 37 38 37 29 32 20 21 26 42 26 21 28 37 23 32 34 29 34 20 23 37 22 80 1517 76 27 25 21 20
internal_value=-3.00278e-12 -8.71377e-05 -0.000842134 -0.000534597 -0.000939656 0.000149905 -0.00385815 -0.00328639 -0.00455546 -0.000434205 0.0017242 0.00332438 -9.05968e-05 0.00057525 -2.4585e-05 -0.000796492 0.000179757 0.00221255 -0.00164378 -0.00119356 0.000640716 -0.00240094 -0.0013192 8.95361e-05 0.000164476 5.7244e-05 -0.0010725 -0.00271123 -0.000344171 -0.00108301
internal_weight=2700 2578 616 559 474 1962 57 84 63 390 85 47 348 217 189 152 129 61 68 131 52 79 59 1930 1850 1686 169 52 117 96
internal_count=2700 2578 616 559 474 1962 57 84 63 390 85 47 348 217 189 152 129 61 68 131 52 79 59 1930 1850 1686 169 52 117 96
is_linear=0
shrinkage=0.1


Tree=26
num_leaves=31
num_cat=0
split_feature=10 8 9 1 7 7 4 9 7 4 5 10 10 6 3 5 4 4 9 5 7 4 6 9 1 8 5 3 8 9
split_gain=0.0357057 0.0580141 0.0329786 0.0323249 0.0339065 0.0326536 0.0284024 0.0299228 0.0245759 0.0226032 0.0216981 0.029502 0.0289345 0.0330145 0.0351321 0.0284222 0.0394078 0.0455261 0.0878896 0.0498925 0.0363768 0.0310695 0.0483838 0.0474464 0.0378596 0.0292941 0.0287137 0.0476728 0.026041 0.0423593
threshold=15.280184745788576 9.5788264274597186 14.148754596710207 69.500000000000014 0.21630112826824185 0.35637725889682775 12.237901210784914 13.441965103149416 8.086522579193117 7.9667515754699716 16.364867210388187 15.619581222534181 17.298521995544437 15.863369464874269 16.784690856933597 20.082798957824711 12.156478404998781 14.103806972503664 15.829228401184084 19.42445278167725 1.6964743733406069 12.038493633270265 18.857461929321293 20.005537033081058 100.50000000000001 12.678664684295656 22.4088134765625 22.919931411743168 17.280622482299808 18.495144844055179
decision_type=2 2 2 2 2 2 2 2 2 2 2 2 2 2 2 2 2 2 2 2 2 2 2 2 2 2 2 2 2 2
left_child=2 -2 6 8 -5 -6 7 -1 -3 -7 11 -11 13 14 -12 16 25 18 -18 20 -19 22 24 28 -17 -14 -25 -28 29 -23
right_child=1 3 -4 4 5 9 -8 -9 -10 10 12 -13 15 -15 -16 21 17 19 -20 -21 -22 23 -24 26 -26 -27 27 -29 -30 -31
leaf_value=0.00035683411067908405 -0.0041933587503720183 0.0035966569014514484 0.0035384040928500542 0.003781997626647353 -0.0043764054332859816 0.0021320962663299429 -0.0030275655173075695 0.0036761287516648214 0.00043795312999580534 0.00022520560753036989 -0.0021740010389211506 -0.0050262632131900485 -0.0019477819651365282 0.0049217559990938761 0.0019003948245604003 -0.0024360916035812957 3.0879209622402085e-05 -0.0015649295140368242 -0.0082335787119283792 -0.0048644547749842918 0.004209619485773146 0.0014270161847968626 -0.0050664698902630444 -0.0036940642417623449 0.0020669235605799423 0.0032342001834573843 0.0029229741998363372 -0.0004966739349506179 0.0026845281998976135 -0.0029001140128821139
leaf_weight=904 37 36 34 20 20 37 24 28 78 20 33 23 20 20 59 43 22 24 31 21 20 92 33 26 33 24 43 785 80 30
leaf_count=904 37 36 34 20 20 37 24 28 78 20 33 23 20 20 59 43 22 24 31 21 20 92 33 26 33 24 43 785 80 30
internal_value=2.91685e-12 -0.000276698 0.000477933 -0.000190077 -0.000308941 -0.000362105 0.000369088 0.000456555 0.00143544 -0.00030925 -0.000370202 -0.00258372 -0.000304058 0.00123943 0.000438927 -0.00043433 -0.00167541 -0.00262781 -0.00480305 -0.000854146 0.00105987 -0.000261751 -0.00186915 -9.58357e-05 -0.000480835 0.000878754 -0.000421835 -0.000319084 0.0012824 0.000362968
internal_weight=2700 1710 990 1673 1559 1539 956 932 114 1519 1482 43 1439 112 92 1327 162 118 53 65 44 1165 109 1056 76 44 854 828 202 122
internal_count=2700 1710 990 1673 1559 1539 956 932 114 1519 1482 43 1439 112 92 1327 162 118 53 65 44 1165 109 1056 76 44 854 828 202 122
is_linear=0
shrinkage=0.1


Tree=27
num_leaves=31
num_cat=0
split_feature=1 10 5 7 7 7 5 8 4 9 8 3 4 1 7 7 1 7 7 4 9 4 10 3 7 3 4 8 8 5
split_gain=0.0322409 0.0332488 0.0435474 0.038633 0.0432559 0.0699081 0.026497 0.0321582 0.106984 0.0499356 0.0377746 0.038639 0.0341706 0.0251065 0.0309866 0.0225603 0.0266127 0.023066 0.0219378 0.0227731 0.0197842 0.0188326 0.0177579 0.0498944 0.0460534 0.0305396 0.0306209 0.0193576 0.0175782 0.0303755
threshold=63.500000000000007 33.316356658935554 33.239162445068366 2.2520323991775517 7.5321753025054941 11.338465213775638 65.169845581054702 32.432413101196296 31.847651481628422 31.899229049682621 28.912597656250004 43.525613784790046 20.816303253173832 90.500000000000014 22.501276016235355 0.39831072092056274 123.50000000000001 18.301069259643558 19.849434852600101 17.26828765869141 20.191365242004398 12.038493633270265 17.298521995544437 20.949749946594242 1.7223988771438601 23.882115364074711 21.11763954162598 11.102299690246584 26.994122505187992 30.651180267333988
decision_type=2 2 2 2 2 2 2 2 2 2 2 2 2 2 2 2 2 2 2 2 2 2 2 2 2 2 2 2 2 2
left_child=-1 2 15 -3 -5 -6 7 9 -9 12 -11 -12 -7 -10 -15 -2 17 28 -19 20 21 -20 24 -24 -18 -25 -27 -26 29 -17
right_child=1 3 -4 4 5 6 -8 8 13 10 11 -13 -14 14 -16 16 22 18 19 -21 -22 -23 23 25 27 26 -28 -29 -30 -31
leaf_value=0.0015884848568706819 0.0011246104408137239 -0.0039741088444291547 0.0034387725540191722 0.0020910799404821145 -0.0057921182480640716 -0.0026008697834027854 -0.0028704607604764579 0.0053168161963232062 0.0014925330281257629 -0.0065364337737926041 0.00086544605770281385 -0.0048894768347963694 0.0020281742584372228 -1.4783040171972029e-05 -0.0049005917310714726 0.00018032634840278047 -0.0029527414351656674 -0.0036356431539528648 -0.00086895075987558808 0.0026533761806786064 -0.0026136384260061446 0.0021520711875592288 -0.0048861018787973963 0.002293589873946845 0.00016468094616660286 -0.0045075610299439486 0.00044582287306324227 0.0043770970730111006 -0.0020629823016112343 0.0038425626587527601
leaf_weight=122 171 37 38 52 28 23 43 39 25 22 28 20 52 27 25 1480 31 26 100 20 49 26 39 26 24 24 26 20 34 23
leaf_count=122 171 37 38 52 28 23 43 39 25 22 28 20 52 27 25 1480 31 26 100 20 49 26 39 26 24 24 26 20 34 23
internal_value=5.39512e-12 -7.51727e-05 8.34855e-05 -0.00088806 -0.000590706 -0.00101075 -0.000570356 -0.000191411 0.00104961 -0.00118423 -0.00310512 -0.00153244 0.000608601 -0.0011117 -0.00236373 2.33152e-05 -7.33591e-05 4.81524e-05 -0.000907098 -0.000543292 -0.000908626 -0.000245565 -0.00119766 -0.00197839 -5.42671e-07 -0.000486273 -0.0019318 0.00207942 0.000185505 0.000236369
internal_weight=2700 2578 2157 421 384 332 304 261 116 145 70 48 75 77 52 2119 1948 1758 221 195 175 126 190 115 75 76 50 44 1537 1503
internal_count=2700 2578 2157 421 384 332 304 261 116 145 70 48 75 77 52 2119 1948 1758 221 195 175 126 190 115 75 76 50 44 1537 1503
is_linear=0
shrinkage=0.1


Tree=28
num_leaves=31
num_cat=0
split_feature=3 3 7 9 10 1 4 5 1 1 5 1 4 7 7 4 4 4 8 9 3 4 9 8 8 1 6 4 7 8
split_gain=0.0263326 0.0279554 0.0267447 0.0243774 0.0301488 0.0241917 0.0260546 0.0523196 0.0251833 0.0213903 0.0310528 0.036927 0.0201595 0.0227126 0.0256215 0.0478135 0.0318216 0.0656457 0.041994 0.0645463 0.0386465 0.0340065 0.0364241 0.0401841 0.0357444 0.0249528 0.0270783 0.0292912 0.0470037 0.0446796
threshold=14.773464202880861 14.94848155975342 0.21630112826824185 12.09257221221924 13.349444866180422 88.500000000000014 38.365652084350593 53.837755203247077 113.50000000000001 80.500000000000014 14.163113117218019 111.50000000000001 34.330396652221687 122.3697853088379 57.123334884643562 21.776893615722663 27.47660064697266 29.174263954162601 28.257985115051273 29.6381368637085 36.109760284423835 22.582174301147464 21.668233871459964 19.875532150268558 25.380430221557621 129.50000000000003 20.489200592041023 16.305028915405277 1.3157752752304079 17.881528854370121
decision_type=2 2 2 2 2 2 2 2 2 2 2 2 2 2 2 2 2 2 2 2 2 2 2 2 2 2 2 2 2 2
left_child=3 -2 -3 4 -1 -4 12 -8 -9 -5 11 -11 13 14 16 -16 18 -18 19 21 -19 22 25 -24 -23 26 27 28 -7 -29
right_child=1 2 5 9 -6 6 7 8 -10 10 -12 -13 -14 -15 15 -17 17 20 -20 -21 -22 24 23 -25 -26 -27 -28 29 -30 -31
leaf_value=0.00034510591743366979 -0.0037621174240484835 0.0033721110916563445 0.00032683056634289718 0.003939408559216968 -0.0027474099135195666 0.0034804238539532222 -0.0063654882822778416 0.0012400884777889589 -0.002949855603779165 -0.0030466127224386703 0.0023728064816012713 0.0023844316235876514 0.002406650971477995 -0.0033902977798134087 -0.00098732898162173419 0.0056330244569107891 -0.0068370266999725413 0.0027923808179118417 0.0032385546516514188 -0.0060109991626814008 -0.0022371192853897813 0.0041034519898572137 -0.0052700412287204354 -0.0010835530359671745 -0.00024750495227280912 -0.0024238240409664119 0.0019800509008663625 -0.0060886199912056332 -0.00019297802960193766 -0.00040807401140530901
leaf_weight=705 22 21 558 31 33 38 22 32 26 31 70 21 26 25 24 20 23 22 33 20 50 35 27 152 41 43 66 20 418 45
leaf_count=705 22 21 558 31 33 38 22 32 26 31 70 21 26 25 24 20 23 22 33 20 50 35 27 152 41 43 66 20 418 45
internal_value=1.48177e-12 -0.000219172 -0.000175554 0.000444985 0.000206823 -0.00021774 -0.000469289 -0.00221318 -0.000638162 0.00159377 0.000997742 -0.000853306 -0.000345608 -0.000410544 -0.000341376 0.00202192 -0.000442039 -0.00218605 -0.000265406 -0.000393175 -0.000700328 -0.000266219 -0.000456213 -0.00171503 0.00175623 -9.85484e-05 7.17869e-05 -0.000169951 0.000113139 -0.00215593
internal_weight=2700 1809 1787 891 738 1766 1208 80 58 153 122 52 1128 1102 1077 44 1033 95 938 905 72 885 809 179 76 630 587 521 456 65
internal_count=2700 1809 1787 891 738 1766 1208 80 58 153 122 52 1128 1102 1077 44 1033 95 938 905 72 885 809 179 76 630 587 521 456 65
is_linear=0
shrinkage=0.1


Tree=29
num_leaves=31
num_cat=0
split_feature=1 3 7 7 4 7 1 1 9 3 8 9 9 4 7 5 7 7 8 9 6 8 7 3 8 9 9 8 4 9
split_gain=0.0246669 0.0244453 0.0410938 0.038985 0.0354345 0.0332759 0.0253427 0.0428451 0.0395014 0.0181421 0.0443016 0.0636378 0.0401939 0.0392705 0.0338051 0.0429935 0.0331284 0.0222866 0.0198716 0.0263245 0.0230854 0.0162812 0.0194632 0.0162637 0.0358703 0.0403978 0.0318636 0.0303235 0.0280671 0.0224466
threshold=63.500000000000007 28.6474142074585 2.2115887403488164 4.3743214607238778 24.313864707946781 1.484073340892792 117.50000000000001 120.50000000000001 32.522233963012702 44.486776351928718 29.973093986511234 30.878823280334476 29.10465240478516 30.46987342834473 45.580747604370124 52.318954467773445 143.88106536865237 14.671781063079836 21.77115631103516 23.164620399475101 23.390727996826175 26.036082267761234 7.6369833946228036 9.8527956008911151 9.0295910835266131 9.3898777961730975 8.4427838325500506 6.1467647552490243 6.1196920871734628 8.3610458374023455
decision_type=2 2 2 2 2 2 2 2 2 2 2 2 2 2 2 2 2 2 2 2 2 2 2 2 2 2 2 2 2 2
left_child=21 4 5 -4 23 -3 9 -8 -9 10 11 12 17 -12 15 -11 -16 -5 19 20 -19 22 -1 26 25 27 -2 -25 -26 -29
right_child=1 2 3 6 -6 -7 7 8 -10 14 13 -13 -14 -15 16 -17 -18 18 -20 -21 -22 -23 -24 24 28 -27 -28 29 -30 -31
leaf_value=0.002105262726055164 0.00015470632931781342 -0.0013967081803727794 0.0026536306212074125 -0.0026446337785039631 0.0034071938396664338 -0.0064594607427716257 -0.0058390608786240868 -0.003507017185911536 0.0014062061905860902 -0.0056454689529103538 0.0051715867376575866 -0.0045738548657368481 0.003418695050376383 1.0994309559464456e-05 0.0016921362266517602 -0.00051967341763277852 -0.0026253443832198781 -0.0011473258117413415 0.0018359547490848505 -0.0030323155524749914 0.0033009837643476203 0.0039982724469155078 -0.00067677830449408961 -0.0026680946562971392 0.0031277070336606511 -0.0030163793297237661 0.0024696471919487054 0.002876345347083936 3.5296600467659206e-05 -0.00040085070415220243
leaf_weight=57 261 37 40 35 32 20 23 30 36 30 30 32 33 29 52 36 27 28 47 31 20 20 45 35 30 83 77 33 1354 57
leaf_count=57 261 37 40 35 32 20 23 30 36 30 30 32 33 29 52 36 27 28 47 31 20 20 45 35 30 83 77 33 1354 57
internal_value=-9.6618e-12 -6.57527e-05 -0.000615313 -0.0003545 0.00010679 -0.00317311 -0.00058634 -0.00212231 -0.000827077 -0.00026843 0.000194879 -0.00044215 0.000239368 0.00263502 -0.00117907 -0.00284958 0.000216542 -0.000412295 0.000207799 -0.000760851 0.000706137 0.00138943 0.000877892 5.20684e-05 -8.16891e-05 -0.00130611 0.000682075 -0.000170499 0.000102329 0.000800788
internal_weight=2700 2578 616 559 1962 57 519 89 66 430 285 226 194 59 145 66 79 161 126 79 48 122 102 1930 1592 208 338 125 1384 90
internal_count=2700 2578 616 559 1962 57 519 89 66 430 285 226 194 59 145 66 79 161 126 79 48 122 102 1930 1592 208 338 125 1384 90
is_linear=0
shrinkage=0.1


Tree=30
num_leaves=31
num_cat=0
split_feature=3 8 3 4 1 8 9 8 4 5 8 9 8 9 4 8 7 7 4 3 1 1 7 9 8 1 7 4 4 7
split_gain=0.0220087 0.0250669 0.0385299 0.0233135 0.0228476 0.0316916 0.0285581 0.0518034 0.0223096 0.0380576 0.0208152 0.0201762 0.0184905 0.0270823 0.0251533 0.0209674 0.0209193 0.0221961 0.0290788 0.0247357 0.021009 0.0237449 0.0323667 0.0257513 0.0347565 0.0233474 0.0209826 0.0178469 0.0184238 0.0166394
threshold=5.4751098155975351 5.179701805114747 8.2096815109252947 2.9664206504821782 88.500000000000014 6.2311189174652108 9.963294982910158 9.0295910835266131 38.365652084350593 53.837755203247077 52.821401596069343 4.0197156667709359 8.2955765724182147 8.1366977691650408 7.6938562393188485 7.5927913188934335 7.5321753025054941 5.8768870830535898 8.8833141326904315 29.03602504730225 86.500000000000014 78.500000000000014 18.829746246337894 35.158857345581062 24.2666130065918 82.500000000000014 41.629955291748054 6.1196920871734628 34.330396652221687 122.3697853088379
decision_type=2 2 2 2 2 2 2 2 2 2 2 2 2 2 2 2 2 2 2 2 2 2 2 2 2 2 2 2 2 2
left_child=11 3 -3 -2 12 -6 -7 -8 27 -10 -11 -1 13 -4 -14 -15 17 18 -16 -20 21 23 25 24 -18 -23 -24 -9 29 -29
right_child=1 2 4 -5 5 6 7 8 9 10 -12 -13 14 15 16 -17 20 -19 19 -21 -22 22 26 -25 -26 -27 -28 28 -30 -31
leaf_value=-0.00027925412616004117 0.0010716841446992476 0.0018759280364855986 0.0006990233997879714 -0.002527196919982089 -0.0038831386504170951 0.0011480184116990392 -0.0039473715011412516 0.0028066896134987477 -0.0054182256656614223 0.00198109843102949 -0.0019606989808380604 0.0036036970792338256 0.0024257745487513164 -0.0049953319597989326 -0.0023800468610214263 -0.00091481936602469762 0.00047412063356814458 0.0029449952504364777 0.0013797817781913836 -0.0018497507881235194 0.0019578772736713289 -0.0055024635848692728 0.0013700273890907947 0.0027952242162868832 -0.0036824408471584323 -0.0011138834546066145 -0.0020561251309559199 -0.00020825356140357352 0.0023355337974083211 -0.0028657104363446709
leaf_weight=23 24 107 57 72 24 139 39 20 22 21 37 32 66 20 29 34 103 48 195 27 40 27 39 33 25 22 33 1290 28 24
leaf_count=23 24 107 57 72 24 139 39 20 22 21 37 32 66 20 29 34 103 48 195 27 40 27 39 33 25 22 33 1290 28 24
internal_value=1.84486e-12 -4.11703e-05 1.85729e-05 -0.00162748 -6.281e-05 -0.000275917 -0.000222477 -0.000351105 -0.000253841 -0.0018768 -0.000533496 0.00197992 0.000376222 -0.000821317 0.000569711 -0.00242612 0.000372448 0.000974758 0.000597979 0.000987001 -0.000186839 -0.000491054 -0.00154953 0.000304446 -0.000337708 -0.00353208 -0.000200293 -0.000158514 -0.000202704 -0.000256792
internal_weight=2700 2645 2549 96 2442 1644 1620 1481 1442 80 58 55 798 111 687 54 621 299 251 222 322 282 121 161 128 49 72 1362 1342 1314
internal_count=2700 2645 2549 96 2442 1644 1620 1481 1442 80 58 55 798 111 687 54 621 299 251 222 322 282 121 161 128 49 72 1362 1342 1314
is_linear=0
shrinkage=0.1


Tree=31
num_leaves=31
num_cat=0
split_feature=1 4 8 9 1 3 5 4 9 1 1 1 4 8 8 9 9 6 7 7 1 7 9 6 7 7 3 9 3 5
split_gain=0.018374 0.0200715 0.0369377 0.0472662 0.0325078 0.0527796 0.050259 0.0458547 0.0325101 0.0280527 0.0518482 0.0274394 0.041361 0.0343178 0.0263171 0.0243175 0.0264467 0.0335451 0.0183915 0.0156139 0.0144565 0.0180486 0.0205389 0.0484687 0.0147979 0.0180531 0.037729 0.0595821 0.0632213 0.0509394
threshold=63.500000000000007 25.54111480712891 27.886069297790531 30.878823280334476 118.50000000000001 31.870403289794925 34.508550643920906 29.174263954162601 38.854648590087898 111.50000000000001 103.50000000000001 93.500000000000014 28.864313125610355 37.131572723388679 29.813566207885746 29.10465240478516 27.464918136596683 27.408706665039066 13.135833740234377 0.39831072092056274 122.50000000000001 4.794436216354371 20.750614166259769 16.768729209899906 18.301069259643558 8.2481079101562518 24.855394363403324 22.885300636291507 23.069911956787113 26.416578292846683
decision_type=2 2 2 2 2 2 2 2 2 2 2 2 2 2 2 2 2 2 2 2 2 2 2 2 2 2 2 2 2 2
left_child=-1 2 3 15 5 -3 -7 -6 -9 10 11 12 -8 -13 -4 16 17 19 -14 -2 24 -22 23 -23 25 26 27 28 -21 -28
right_child=1 4 14 -5 7 6 9 8 -10 -11 -12 13 18 -15 -16 -17 -18 -19 -20 20 21 22 -24 -25 -26 -27 29 -29 -30 -31
leaf_value=0.0011991732935831487 0.00093588642301985962 0.0040322068362281874 0.0055695576034486298 -0.0048444560752250255 -0.0064409164627167309 -0.0055097232735715805 -0.0050305528938770295 0.0015138716024991413 -0.0034403852031876648 0.0024153986268422821 -0.0041704003071774626 0.0044695361302449152 -0.0018262171200202669 -0.00042162827739957722 0.00082008177414536485 0.0032736335192685541 -0.0025106676468035073 0.0036234063705286156 0.0011323619396849114 0.00011053193427858939 -0.00018739450916439965 -0.0042857503437477608 -0.0047075174748897556 0.0021383182708329214 -0.00071080183614740929 0.00079951729761730496 -0.0064026610661607093 0.0050302961928537122 -0.0050823162261319039 -0.00056717734819707966
leaf_weight=122 167 26 20 20 22 20 20 26 27 33 36 26 34 32 28 23 41 26 55 1014 131 23 22 24 237 324 21 24 24 52
leaf_count=122 167 26 20 20 22 20 20 26 27 33 36 26 34 32 28 23 41 26 55 1014 131 23 22 24 237 324 21 24 24 52
internal_value=-1.97704e-12 -5.67491e-05 5.51197e-05 -5.49132e-06 -0.000752717 -0.000260603 -0.000696591 -0.00260307 -0.00101 -0.000288699 -0.000728281 1.37323e-05 -0.000921308 0.00177096 0.00279903 3.94596e-05 4.53658e-06 5.39015e-05 2.11825e-06 8.91503e-06 -7.27328e-05 -0.000876833 -0.00218577 -0.00100537 2.20904e-05 0.000141141 -4.68002e-05 0.000104361 -9.53392e-06 -0.00224588
internal_weight=2700 2578 2221 2173 357 282 256 75 53 236 203 167 109 58 48 2153 2130 2089 89 2063 1896 200 69 47 1696 1459 1135 1062 1038 73
internal_count=2700 2578 2221 2173 357 282 256 75 53 236 203 167 109 58 48 2153 2130 2089 89 2063 1896 200 69 47 1696 1459 1135 1062 1038 73
is_linear=0
shrinkage=0.1


Tree=32
num_leaves=31
num_cat=0
split_feature=3 8 3 4 8 9 4 4 10 8 1 7 9 9 1 8 3 9 6 1 1 5 7 1 1 1 4 4 8 7
split_gain=0.0168994 0.0211566 0.0291281 0.0188039 0.0186284 0.0386676 0.033646 0.0370984 0.0275727 0.0380692 0.0184 0.0209876 0.0170964 0.016571 0.0160599 0.01676 0.0412747 0.0335614 0.0229445 0.0255551 0.0280183 0.0153548 0.0140913 0.0215401 0.0140486 0.0139848 0.0135902 0.0382035 0.026671 0.0146794
threshold=5.4751098155975351 5.179701805114747 8.2096815109252947 2.9664206504821782 6.5801081657409677 7.75657081604004 6.1196920871734628 6.6437985897064218 11.319518566131594 9.5788264274597186 88.500000000000014 7.8793468475341806 63.123437881469734 4.0197156667709359 86.500000000000014 29.973093986511234 50.058370590209968 30.878823280334476 27.796694755554203 79.500000000000014 82.500000000000014 9.5489048957824725 5.8768870830535898 83.500000000000014 90.500000000000014 79.500000000000014 48.148630142211921 38.365652084350593 39.010753631591804 3.2976657152175908
decision_type=2 2 2 2 2 2 2 2 2 2 2 2 2 2 2 2 2 2 2 2 2 2 2 2 2 2 2 2 2 2
left_child=13 3 24 -2 5 21 8 -8 -6 -10 11 22 26 -1 15 17 -17 18 19 -13 -21 -4 23 25 -3 -9 27 28 29 -12
right_child=1 2 4 -5 6 -7 7 10 9 -11 12 14 -14 -15 -16 16 -18 -19 -20 20 -22 -23 -24 -25 -26 -27 -28 -29 -30 -31
leaf_value=-0.00031246651449929117 0.00093067982767630988 0.00071266471050106565 -0.0018636757028339754 -0.0023014414130658324 0.0034491567582614264 -0.0048146044760942466 -0.0027572524535250578 0.00071812062172002392 -0.001418813890260127 0.0032775645975821784 0.00017557629237639205 0.00012072357608571218 -0.0031263968441635373 0.0032065182429505514 0.0017260463489219549 0.0032714309714113677 -0.001797875826214922 -0.004523097592490641 0.0027181040634223748 -0.0049715161472558972 -0.00077925069755027925 0.0016833976497694564 0.0024256309032948181 -0.00067840946518468216 0.0030591976718001425 0.0025787020033541403 0.0024060613010078672 -0.0032281826500122138 0.0029808508835870912 -0.00047483193811512366
leaf_weight=23 24 65 23 72 49 25 51 145 45 28 614 119 20 32 40 36 29 22 21 25 44 26 55 83 42 56 20 41 27 798
leaf_count=23 24 65 23 72 49 25 51 145 45 28 614 119 20 32 40 36 29 22 21 25 44 26 55 83 42 56 20 41 27 798
internal_value=-3.39107e-13 -3.60763e-05 1.88096e-05 -0.00149341 -5.19508e-05 -0.00161434 -3.12609e-06 -9.09779e-05 0.00161421 0.000382537 -2.90281e-05 0.000405444 -0.000221968 0.00173494 -0.000154648 -0.000408796 0.00100974 -0.000807951 -0.000416883 -0.000767068 -0.00229819 1.84449e-05 0.00096058 0.000676855 0.00163373 0.00123649 -0.000183242 -0.000218233 -0.000132473 -0.000192006
internal_weight=2700 2645 2549 96 2442 74 2368 2246 122 73 2195 675 1520 55 336 296 65 231 209 188 69 49 339 284 107 201 1500 1480 1439 1412
internal_count=2700 2645 2549 96 2442 74 2368 2246 122 73 2195 675 1520 55 336 296 65 231 209 188 69 49 339 284 107 201 1500 1480 1439 1412
is_linear=0
shrinkage=0.1


Tree=33
num_leaves=31
num_cat=0
split_feature=7 1 7 7 7 8 6 5 3 3 9 4 1 1 3 8 8 4 9 3 6 9 10 3 8 6 10 9 10 3
split_gain=0.0142697 0.0154301 0.0248644 0.0614331 0.0369014 0.0336118 0.0309221 0.0246588 0.0227681 0.018754 0.0270869 0.0334808 0.0278545 0.0264605 0.01599 0.035419 0.0242386 0.0480817 0.0417588 0.0206229 0.0177634 0.0427876 0.0227743 0.0154669 0.0434205 0.027562 0.025088 0.0545669 0.0242056 0.0186528
threshold=0.085499398410320268 117.50000000000001 0.84967041015625011 0.55805742740631115 4.1557896137237558 20.255769729614261 17.750913619995121 16.800208091735843 24.568496704101566 16.357908248901371 20.750614166259769 20.504106521606449 120.50000000000001 128.50000000000003 14.773464202880861 12.920317173004152 12.538379669189455 8.4470739364624041 13.13352155685425 22.198907852172855 12.651589393615724 12.50314521789551 14.180912971496584 11.529312133789064 7.989722967147828 8.7971177101135272 11.654214382171633 9.5106892585754412 11.083460330963138 10.719085693359377
decision_type=2 2 2 2 2 2 2 2 2 2 2 2 2 2 2 2 2 2 2 2 2 2 2 2 2 2 2 2 2 2
left_child=-1 14 3 -3 5 6 7 -4 -7 -6 -11 -12 -13 -14 15 20 18 -18 -16 -20 21 23 -22 24 25 -2 27 -25 29 -26
right_child=1 2 4 -5 9 8 -8 -9 -10 10 11 12 13 -15 16 -17 17 -19 19 -21 22 -23 -24 26 28 -27 -28 -29 -30 -31
leaf_value=0.0025364130777730184 0.00020983171855421288 -0.00019911161988325741 -0.00029912576611056482 -0.0065288095259229129 -0.0040579762705601754 0.0056082111177966007 -0.0036763525684364142 0.0034958193098883271 0.0013322964028427097 0.00070392586856282181 -0.0047975987811306759 -0.0037173092446249468 0.0031230749308385633 -0.0013027210985975606 -7.8754622728295089e-05 0.0032752554686296554 0.0040184459788724777 -3.416076816128212e-05 -0.0040844526423965228 -0.000635132125535165 -0.004145824620500207 0.004556244487563769 0.00062642280012369155 0.00029774779783717047 0.0020073401366374386 -0.0035372292334657344 0.00015207100377232391 -0.0064455771469511093 0.0040672255160157074 -0.0013486302129670303
leaf_weight=22 301 46 67 23 20 20 20 23 33 70 28 23 22 35 149 42 30 1213 52 26 20 24 20 30 67 21 168 20 43 22
leaf_count=22 301 46 67 23 20 20 20 23 33 70 28 23 22 35 149 42 30 1213 52 26 20 24 20 30 67 21 168 20 43 22
internal_value=4.76845e-12 -2.08368e-05 -0.000569673 -0.00230901 -0.000237224 0.000877088 -0.000119678 0.000670694 0.00294585 -0.00115456 -0.000828335 -0.00182147 -0.000779821 0.000405481 8.41452e-05 0.000450747 -0.00010988 6.36495e-05 -0.00106009 -0.00293468 0.000289566 0.00040734 -0.0017597 0.000259165 0.000591608 -3.45418e-05 -0.000433171 -0.00239958 0.00211904 0.00117777
internal_weight=2700 2678 430 69 361 163 110 90 53 198 178 108 80 57 2248 778 1470 1243 227 78 736 696 40 672 454 322 218 50 132 89
internal_count=2700 2678 430 69 361 163 110 90 53 198 178 108 80 57 2248 778 1470 1243 227 78 736 696 40 672 454 322 218 50 132 89
is_linear=0
shrinkage=0.1


Tree=34
num_leaves=31
num_cat=0
split_feature=3 4 4 4 9 9 8 3 7 3 6 6 4 9 1 1 7 10 9 4 8 7 6 8 6 8 8 4 1 3
split_gain=0.0136567 0.0123671 0.0705216 0.015603 0.0273872 0.014075 0.0129778 0.0229775 0.0135796 0.0262453 0.0299304 0.0483187 0.0386908 0.0293302 0.0279144 0.0277651 0.0246391 0.0395654 0.0221827 0.042755 0.0397812 0.0204595 0.0194033 0.0179184 0.0164902 0.0453999 0.0195516 0.0277304 0.0162408 0.0159814
threshold=4.3471896648406991 44.599994659423835 48.148630142211921 39.632141113281257 46.083841323852546 63.123437881469734 5.3287816047668466 8.2096815109252947 57.123334884643562 43.912260055541999 36.653476715087898 35.306591033935554 30.97282695770264 31.021299362182621 109.50000000000001 90.500000000000014 69.167430877685561 47.959016799926765 29.10465240478516 25.917438507080082 27.279262542724613 47.322637557983406 29.318385124206547 25.610903739929203 26.46651649475098 24.473973274230961 23.427771568298343 21.551190376281742 86.500000000000014 32.412033081054695
decision_type=2 2 2 2 2 2 2 2 2 2 2 2 2 2 2 2 2 2 2 2 2 2 2 2 2 2 2 2 2 2
left_child=-1 3 -3 4 6 -4 -2 -8 9 10 11 12 13 18 28 -11 -10 22 20 -20 21 23 -18 24 25 26 27 -9 -15 -26
right_child=1 2 5 -5 -6 -7 7 8 16 15 -12 -13 -14 14 -16 -17 17 -19 19 -21 -22 -23 -24 -25 29 -27 -28 -29 -30 -31
leaf_value=0.0024813291024078023 -0.00094764236022125588 -0.0063506720028817659 0.0024932030264450157 0.0022822398498343927 -0.0036081321005310332 -0.00087317726574838168 0.0014894358506169888 2.2430327602021967e-05 0.0034230879247843407 0.00033608029130846264 0.0027441362026505746 -0.0045129954194029175 0.0043768800329416994 -0.0023625600859522823 -0.0046325609016303832 -0.0046627761051058775 0.00022790620093777154 0.0032556476485398086 0.0042344711335109819 -0.00082286451652180403 -0.0044685634691268208 -0.0029499800587275433 -0.0036326651400684015 0.0022001807087738265 0.0040093725547194481 -0.003772620294330409 0.0023024503770913626 -0.0037227422627620398 0.0012793195696455466 0.00014425120012753686
leaf_weight=22 132 20 23 30 21 27 109 1721 32 20 39 24 20 25 26 25 30 27 35 32 20 23 23 38 20 32 37 20 24 23
leaf_count=22 132 20 23 30 21 27 109 1721 32 20 39 24 20 25 26 25 30 27 35 32 20 23 23 38 20 32 37 20 24 23
internal_value=-2.96697e-12 -2.03843e-05 -0.00133208 1.48222e-05 -1.15636e-05 0.000675358 1.79741e-05 7.05355e-05 3.75655e-06 -5.0829e-05 -1.00937e-06 -5.15097e-05 -4.2397e-07 -4.25945e-05 -0.00198409 -0.00244106 0.00107792 0.000139855 3.01752e-05 0.00181903 -3.17964e-05 1.45648e-05 -0.00144744 5.06222e-05 6.54063e-06 -3.94395e-05 2.77494e-05 -2.05929e-05 -0.000578782 0.00194198
internal_weight=2700 2678 70 2608 2578 50 2557 2425 2316 2204 2159 2120 2096 2076 75 45 112 80 2001 67 1934 1914 53 1891 1853 1810 1778 1741 49 43
internal_count=2700 2678 70 2608 2578 50 2557 2425 2316 2204 2159 2120 2096 2076 75 45 112 80 2001 67 1934 1914 53 1891 1853 1810 1778 1741 49 43
is_linear=0
shrinkage=0.1


Tree=35
num_leaves=31
num_cat=0
split_feature=1 8 3 4 7 7 1 1 8 6 6 6 3 5 4 4 6 6 8 9 4 4 4 8 1 7 9 3 8 9
split_gain=0.0122457 0.0121079 0.0153484 0.0120647 0.0318104 0.0379373 0.0549425 0.037648 0.0306775 0.0345437 0.0294294 0.0282918 0.027679 0.0435654 0.0309282 0.0302059 0.0432789 0.0290846 0.0216266 0.0187408 0.0220444 0.017369 0.013913 0.0240852 0.0112947 0.0169341 0.0181921 0.0390674 0.0333969 0.0164789
threshold=63.500000000000007 26.036082267761234 24.855394363403324 25.54111480712891 54.504503250122077 28.098799705505375 102.50000000000001 128.50000000000003 27.886069297790531 29.318385124206547 28.020032882690433 48.915349960327156 31.870403289794925 34.508550643920906 30.46987342834473 32.80961990356446 38.921527862548835 43.397848129272468 29.813566207885746 26.848709106445316 23.323474884033207 46.021068572998054 21.776893615722663 23.577877044677738 122.50000000000001 3.2976657152175908 14.380381584167482 21.067897796630863 19.209377288818359 14.760573863983156
decision_type=2 2 2 2 2 2 2 2 2 2 2 2 2 2 2 2 2 2 2 2 2 2 2 2 2 2 2 2 2 2
left_child=1 2 -1 8 5 7 -7 12 9 10 19 -6 -5 -14 -15 -16 -17 -18 -10 20 22 -19 24 -24 -2 29 -27 -28 -29 -26
right_child=3 -3 -4 4 11 6 -8 -9 18 -11 -12 -13 13 14 15 16 17 21 -20 -21 -22 -23 23 -25 25 26 27 28 -30 -31
leaf_value=0.0011997254603672066 0.00011586852046464734 0.003228752105496824 -0.0017355898650155566 0.0026680186507292095 0.004119945846498013 -0.00072206325208147375 -0.007391190923573006 -0.0040077498441355094 0.0050525344721972943 -0.0026676861147279852 0.0031036642094653464 -0.00050832654149936772 -0.0045923768218768682 0.0026475898028163812 -0.0036428571851165208 0.0038417626948406302 -0.0036769628766234277 0.0024297268048900627 0.00074706259516200849 -0.0022307892927799274 0.0025281509407795964 -0.0011283999651341755 -0.0043034402432385833 0.0006042304582661018 -0.00096325663405216549 0.00068503873949141614 -0.0061294298064673231 0.0017313836294266839 -0.0038559946930035952 0.0013804516018452971
leaf_weight=79 1774 20 23 32 25 30 21 27 20 48 31 28 23 36 27 24 27 23 28 37 35 34 20 20 66 23 21 23 20 55
leaf_count=79 1774 20 23 32 25 30 21 27 20 48 31 28 23 36 27 24 27 23 28 37 35 34 20 20 66 23 21 23 20 55
internal_value=4.85226e-12 0.000978974 0.000537841 -4.63285e-05 -0.000585911 -0.000980052 -0.00346817 -0.000478493 4.04032e-05 -1.48334e-05 4.50898e-05 0.00167482 -5.68564e-05 -0.00050632 4.32662e-05 -0.00065122 9.66891e-05 -0.000973332 0.00254101 -1.89908e-07 3.99327e-05 0.000307335 -3.13736e-06 -0.0018496 3.41274e-05 -0.00066303 -0.00172713 -0.002594 -0.000867397 0.000102065
internal_weight=2700 122 102 2578 357 304 51 253 2221 2173 2125 53 226 194 171 135 108 84 48 2094 2057 57 2022 40 1982 208 87 64 43 121
internal_count=2700 122 102 2578 357 304 51 253 2221 2173 2125 53 226 194 171 135 108 84 48 2094 2057 57 2022 40 1982 208 87 64 43 121
is_linear=0
shrinkage=0.1


Tree=36
num_leaves=31
num_cat=0
split_feature=7 7 7 7 1 4 8 4 1 7 4 1 7 7 6 6 4 8 5 3 3 7 7 7 8 8 7 7 7 7
split_gain=0.0123624 0.0145904 0.0393794 0.0293905 0.0405845 0.0184015 0.014007 0.0462518 0.0139432 0.031114 0.016908 0.0122462 0.0262091 0.0349897 0.0253773 0.0248753 0.0456737 0.0807398 0.0180528 0.0445069 0.0376554 0.0320586 0.0245138 0.0422278 0.0503598 0.0195286 0.017448 0.0189866 0.0168072 0.017367
threshold=212.61233520507815 57.123334884643562 63.105688095092781 33.403106689453132 107.50000000000001 27.47660064697266 54.72319412231446 44.599994659423835 86.500000000000014 38.709152221679695 23.323474884033207 123.50000000000001 4.794436216354371 3.3956750631332402 43.397848129272468 38.921527862548835 32.470304489135749 32.740001678466804 29.821668624877933 28.336924552917484 30.116610527038578 9.2876315116882342 16.12542819976807 7.2369639873504648 27.631954193115238 28.257985115051273 15.318244934082033 10.458476543426515 0.38251589238643652 0.75957837700843822
decision_type=2 2 2 2 2 2 2 2 2 2 2 2 2 2 2 2 2 2 2 2 2 2 2 2 2 2 2 2 2 2
left_child=1 3 -3 6 8 -4 7 11 10 -10 -5 14 13 28 15 16 17 18 19 -1 -20 -21 23 -22 -25 -24 27 -14 -13 -30
right_child=-2 2 5 4 -6 -7 -8 -9 9 -11 -12 12 26 -15 -16 -17 -18 -19 20 21 22 -23 25 24 -26 -27 -28 -29 29 -31
leaf_value=0.00014863648613047564 -0.0024769801553338766 0.0051336050219833859 -0.00046415868295028942 -0.00037525323271337486 -0.0043737762813855496 0.0024713379876880812 0.0026219844640720459 -0.0042506103944033383 -0.0021607215981930493 0.0028935037087649109 -0.0038697239942848682 0.0018581363068033872 -0.0016812879744088052 0.003861808725262315 0.0035297395548695935 -0.0026082005150700836 0.0040325682672361536 -0.006220370158553124 0.0041078879093915666 -0.0060038054970209496 0.0018081057816743851 -0.00072148823636342531 0.00072092328601601452 0.00020492005709895931 -0.0061398633755743509 0.0044273579360118937 0.00026932708860840651 -0.0054395013251632915 -0.003556262020997349 -0.00036589079741183877
leaf_weight=1767 20 20 81 45 35 29 21 25 21 29 20 26 41 22 22 33 30 20 34 20 40 27 44 29 22 21 24 20 21 91
leaf_count=1767 20 20 81 45 35 29 21 25 21 29 20 26 41 22 22 33 30 20 34 20 40 27 44 29 22 21 24 20 21 91
internal_value=-6.86123e-12 1.84849e-05 0.00105188 -3.41978e-05 -0.00139218 0.000309745 5.06759e-05 2.79783e-05 -0.000484734 0.000770729 -0.00145048 7.34179e-05 -0.000595776 0.000158086 0.000151157 0.000115542 0.000159302 0.000101892 0.000164989 6.78525e-05 0.00109239 -0.00296928 0.000435161 -0.000624287 -0.00253205 0.00191839 -0.00201481 -0.00291349 -0.000432362 -0.000964085
internal_weight=2700 2680 130 2550 150 110 2400 2379 115 50 65 2354 245 160 2109 2087 2054 2024 2004 1814 190 47 156 91 51 65 85 61 138 112
internal_count=2700 2680 130 2550 150 110 2400 2379 115 50 65 2354 245 160 2109 2087 2054 2024 2004 1814 190 47 156 91 51 65 85 61 138 112
is_linear=0
shrinkage=0.1


Tree=37
num_leaves=31
num_cat=0
split_feature=3 8 9 8 4 3 10 3 9 7 7 1 7 9 5 9 9 4 9 9 7 8 3 7 8 1 8 4 3 5
split_gain=0.0113653 0.0168467 0.0190069 0.0405476 0.0195197 0.015665 0.0377532 0.0447393 0.0400426 0.016261 0.0497577 0.0147962 0.0174999 0.0373008 0.0166349 0.0173543 0.0142672 0.0115256 0.0196492 0.0117911 0.0111773 0.0111547 0.0103734 0.0212309 0.043894 0.0127636 0.0103711 0.0101841 0.0219482 0.0137144
threshold=5.4751098155975351 5.9710497856140146 9.6108422279357928 9.0295910835266131 5.4277739524841317 10.828089237213137 11.654214382171633 12.155033111572267 10.557247638702394 0.21630112826824185 0.31533814966678625 77.500000000000014 36.489082336425788 35.158857345581062 19.42445278167725 12.675290107727054 4.0197156667709359 4.7579085826873788 5.9940638542175302 6.7021994590759286 1.6043671965599062 9.9978890419006365 8.8742485046386737 2.5219882726669316 7.7905328273773202 89.500000000000014 6.5801081657409677 14.012149810791017 24.345260620117191 28.369635581970218
decision_type=2 2 2 2 2 2 2 2 2 2 2 2 2 2 2 2 2 2 2 2 2 2 2 2 2 2 2 2 2 2
left_child=16 17 22 -4 -5 21 8 -8 -7 -9 -11 12 13 14 15 -12 -1 18 20 -20 -2 -6 25 24 -24 -3 -25 -16 -29 -30
right_child=1 2 3 4 5 6 7 9 -10 10 11 -13 -14 -15 27 -17 -18 -19 19 -21 -22 -23 23 26 -26 -27 -28 28 29 -31
leaf_value=-0.00047697773932114891 -0.0019986735461580175 0.00055189511019801884 -0.0021192453055688099 0.0031345090082322714 0.00048503998550586402 -5.6423148877608278e-05 0.0033701452486312546 0.0021175150588319145 -0.0059628282758322632 -0.0050505392882041634 -0.00059815707616508009 -0.00015170086992725095 -0.0010163647391331883 0.0051413517968467203 -0.001720897144904094 0.0028973879858053158 0.0027882402020622979 0.00059540413306368627 -0.0049585259472951296 -0.0017009268486872316 0.00044748797279564628 0.0034101302100514826 -0.0036581774520913534 -0.00055570779125749443 0.0013909780278077556 0.0027294885253022409 0.0018288073209987489 0.0023966877460102174 -0.0024923774306662384 0.00040654159520079009
leaf_weight=23 31 57 92 20 32 24 39 34 22 20 20 1628 52 20 28 49 32 34 20 25 47 22 33 24 36 51 76 37 25 47
leaf_count=23 31 57 92 20 32 24 39 34 22 20 20 1628 52 20 28 49 32 34 20 25 47 22 33 24 36 51 76 37 25 47
internal_value=1.7341e-13 -2.95853e-05 3.38118e-05 -6.4019e-05 2.52122e-05 -4.41428e-06 -4.88067e-05 1.63715e-05 -0.00288123 -5.03617e-05 -8.86316e-05 -3.65654e-05 0.000637681 0.00101826 0.000617957 0.00188419 0.00142279 -0.00103425 -0.00148472 -0.00314875 -0.000524704 0.00167674 0.000814692 0.000325489 -0.00102384 0.0015802 0.00125652 -1.97785e-05 0.000417206 -0.000600028
internal_weight=2700 2645 2488 2211 2119 2099 2045 1999 46 1960 1926 1906 278 226 206 69 55 157 123 45 78 54 277 169 69 108 100 137 109 72
internal_count=2700 2645 2488 2211 2119 2099 2045 1999 46 1960 1926 1906 278 226 206 69 55 157 123 45 78 54 277 169 69 108 100 137 109 72
is_linear=0
shrinkage=0.1


Tree=38
num_leaves=31
num_cat=0
split_feature=3 7 7 7 7 1 4 4 9 7 4 8 7 8 10 5 3 9 8 6 4 8 3 8 4 4 4 3 8 8
split_gain=0.00997764 0.00957101 0.0129215 0.0315995 0.0221646 0.0333888 0.014896 0.011604 0.0530531 0.0280571 0.0207355 0.0176295 0.0413642 0.0197268 0.0180676 0.0278654 0.0376132 0.0139347 0.0568176 0.0258425 0.031887 0.0212677 0.0395007 0.0140067 0.0147889 0.0198244 0.0122349 0.0387403 0.0171243 0.0690559
threshold=4.3471896648406991 212.61233520507815 57.123334884643562 63.105688095092781 33.403106689453132 107.50000000000001 27.47660064697266 38.365652084350593 47.522026062011726 11.901973724365236 34.330396652221687 32.740001678466804 11.338465213775638 31.301520347595215 36.033861160278327 35.016202926635749 33.21631050109864 29.10465240478516 28.912597656250004 27.796694755554203 23.781531333923343 24.473973274230961 27.771803855896 23.427771568298343 21.551190376281742 20.970250129699707 20.076139450073246 25.344022750854492 20.114763259887699 20.620324134826664
decision_type=2 2 2 2 2 2 2 2 2 2 2 2 2 2 2 2 2 2 2 2 2 2 2 2 2 2 2 2 2 2
left_child=-1 2 4 -4 7 -6 -5 10 -9 -10 11 13 -13 14 15 16 17 19 -19 20 21 23 -23 24 25 26 28 -28 -2 -30
right_child=1 -3 3 6 5 -7 -8 8 9 -11 -12 12 -14 -15 -16 -17 -18 18 -20 -21 -22 22 -24 -25 -26 -27 27 -29 29 -31
leaf_value=0.0021209284239871937 -1.0561957148976426e-05 -0.0021968188416212797 0.0046276301424950364 -0.00038982583973398667 -0.00040691503040168604 -0.003934385396174289 0.0022513005786157889 -0.0050739865061283735 0.003429530250529448 -0.0013699908339386358 0.0025907472328981387 -0.0040571206785512699 0.0011195718218443981 0.0026649467366073151 -0.0028795022251350538 0.0032020695906664642 -0.0042895172303542492 0.0052837129277379623 -0.0018246942887675357 -0.003232584420281152 0.0029377588083183293 0.001003509433940053 -0.0051369453981434084 0.002043865852257503 -0.0026139402602677279 0.003186186320381239 0.0014258962479375657 -0.004578851683552123 0.0054327597072877896 -0.00043548945301713851
leaf_weight=22 1750 20 20 81 115 35 29 24 21 29 32 33 29 29 21 28 20 23 22 24 38 20 22 35 21 20 21 22 29 65
leaf_count=22 1750 20 20 81 115 35 29 24 21 29 32 33 29 29 21 28 20 23 22 24 38 20 22 35 21 20 21 22 29 65
internal_value=-3.45864e-12 -1.74236e-05 -1.02485e-06 0.000971265 -5.10239e-05 -0.00122999 0.000306471 2.33432e-05 -0.00120926 0.000645808 6.29321e-05 2.7329e-05 -0.00163576 7.3986e-05 3.95349e-05 6.79144e-05 2.67529e-05 6.76266e-05 0.00180849 2.97268e-05 6.80506e-05 1.36621e-05 -0.00221292 6.13017e-05 2.53111e-05 5.43747e-05 2.11812e-05 -0.0016463 6.0065e-05 0.00137493
internal_weight=2700 2678 2658 130 2528 150 110 2378 74 50 2304 2272 62 2210 2181 2160 2132 2112 45 2067 2043 2005 42 1963 1928 1907 1887 43 1844 94
internal_count=2700 2678 2658 130 2528 150 110 2378 74 50 2304 2272 62 2210 2181 2160 2132 2112 45 2067 2043 2005 42 1963 1928 1907 1887 43 1844 94
is_linear=0
shrinkage=0.1


Tree=39
num_leaves=31
num_cat=0
split_feature=4 4 4 9 1 8 6 4 1 9 7 8 7 4 5 7 1 4 3 10 9 3 1 8 9 4 8 6 4 6
split_gain=0.00954192 0.0501451 0.0161482 0.0221939 0.0141274 0.0104672 0.00860638 0.0224188 0.0495103 0.0178605 0.0292889 0.0541305 0.0477535 0.0320288 0.0124597 0.0111016 0.00927951 0.00781555 0.0172993 0.0193914 0.0541434 0.0319255 0.0171557 0.0163875 0.0750731 0.0295875 0.0200604 0.0194709 0.0159627 0.0165674
threshold=44.599994659423835 48.148630142211921 39.632141113281257 46.083841323852546 96.500000000000014 39.010753631591804 39.441143035888679 32.470304489135749 101.50000000000001 31.899229049682621 13.422254562377931 30.685352325439457 7.5321753025054941 22.431335449218754 39.486082077026374 69.167430877685561 63.500000000000007 4.5758094787597665 10.828089237213137 11.654214382171633 10.557247638702394 12.253471851348879 96.500000000000014 10.20992946624756 11.58327627182007 8.4470739364624041 12.327168464660646 12.45785713195801 4.4065282344818124 6.7205915451049814
decision_type=2 2 2 2 2 2 2 2 2 2 2 2 2 2 2 2 2 2 2 2 2 2 2 2 2 2 2 2 2 2
left_child=2 -2 3 5 -3 6 7 9 -9 14 12 13 -11 -12 15 16 -1 28 -19 20 -20 22 -21 24 -23 26 -25 -26 29 -18
right_child=1 4 -4 -5 -6 -7 -8 8 -10 10 11 -13 -14 -15 -16 -17 17 18 19 21 -22 23 -24 25 27 -27 -28 -29 -30 -31
leaf_value=0.00097439580702204974 -0.0053841968835331502 -0.001434848260223156 0.0023374726825083295 -0.0032337189740723089 0.001970858008054824 0.0017734026455025955 -0.0015280706316439642 0.0059091724222525956 -0.0010429092815944128 -0.00033074366963571975 0.00043417608365416529 0.0027468314149269937 -0.0066889067047408643 -0.0050951021511785009 0.0021893082346111812 -0.0020672437660396101 -0.0010142944993836304 0.00079259701721769355 -0.00020368616246127502 0.0045457849010784668 -0.006067844748031348 0.00023826182738506817 0.00072384191832194737 0.00074238537912233143 -0.0069358286727219821 -4.0270866566310895e-05 0.0043711364232003691 -0.0025760927876641898 -0.0032921771355904645 0.001186055552406127
leaf_weight=104 20 21 30 21 29 34 36 20 21 27 20 38 21 22 27 25 104 280 74 23 20 123 24 39 20 1360 25 21 20 51
leaf_count=104 20 21 30 21 29 34 36 20 21 27 20 38 21 22 27 25 104 280 74 23 20 123 24 39 20 1360 25 21 20 51
internal_value=5.16378e-12 -0.0011523 3.06695e-05 4.05258e-06 0.000540461 3.04168e-05 7.13128e-06 2.91589e-05 0.00234835 -9.369e-06 -0.00115958 1.21359e-05 -0.00311244 -0.00246211 5.35485e-05 2.86175e-05 5.15181e-05 7.5715e-06 6.34034e-05 -5.46846e-05 -0.00145138 2.56147e-05 0.00259415 -5.04063e-05 -0.000997002 5.86117e-05 0.00215987 -0.00470279 -0.000633379 -0.000290308
internal_weight=2700 70 2630 2600 50 2579 2545 2509 41 2468 128 80 48 42 2340 2313 2288 2184 2009 1729 94 1635 47 1588 164 1424 64 41 175 155
internal_count=2700 70 2630 2600 50 2579 2545 2509 41 2468 128 80 48 42 2340 2313 2288 2184 2009 1729 94 1635 47 1588 164 1424 64 41 175 155
is_linear=0
shrinkage=0.1


Tree=40
num_leaves=31
num_cat=0
split_feature=3 8 4 4 3 10 8 8 4 3 9 3 9 9 4 4 4 4 9 8 8 7 6 4 4 7 10 1 10 3
split_gain=0.00908404 0.0121716 0.0175601 0.0154257 0.0209379 0.0139441 0.029495 0.0195152 0.0179271 0.0135628 0.0107609 0.0104776 0.0103274 0.0152687 0.01509 0.0121617 0.0110017 0.0124724 0.0085676 0.0335218 0.0291621 0.0241225 0.0385333 0.0453812 0.0289553 0.0240859 0.0361414 0.0345345 0.0274976 0.0342449
threshold=5.2314188480377206 5.9710497856140146 6.1196920871734628 6.6437985897064218 10.071603775024416 11.319518566131594 8.5112361907959002 6.5801081657409677 5.3885276317596444 8.016947269439699 4.0197156667709359 13.437870025634767 5.9940638542175302 5.6025145053863534 4.872079849243165 3.9753555059432988 2.9664206504821782 3.5873740911483769 20.005537033081058 19.875532150268558 17.471791267395023 21.491834640502933 21.340145111083988 17.26828765869141 15.611596107482912 0.84967041015625011 22.959345817565922 100.50000000000001 24.087678909301761 24.855394363403324
decision_type=2 2 2 2 2 2 2 2 2 2 2 2 2 2 2 2 2 2 2 2 2 2 2 2 2 2 2 2 2 2
left_child=10 12 5 4 -4 7 8 9 -7 -3 -1 -6 13 16 15 -14 -2 -18 20 21 -5 22 23 -20 -23 27 -27 -21 -28 -30
right_child=1 2 3 18 11 6 -8 -9 -10 -11 -12 -13 14 -15 -16 -17 17 -19 19 25 -22 24 -24 -25 -26 26 28 -29 29 -31
leaf_value=-0.0002880238741636276 0.0011619545181747527 0.0020587490405887367 0.00065640596171411187 3.2612458130938864e-05 -0.004607253610301996 -0.0034747087736972252 0.0019950051177054259 0.0028560100647331229 0.00050757295626681299 -0.0012591923249211895 0.0028527027287054809 -0.0013703488255850972 -0.0014108408430519585 0.0022041653526858203 0.00025628170745524892 -0.0046908468972833364 -0.0035689748509321363 -0.00043851944983803797 -0.0036714038872895276 0.00068060603024887626 0.0018466258232365364 -0.0016664693645464307 -0.006173619809155555 0.0016342520347929429 0.0029392522050156484 0.003773197542371539 -0.0032115857936441902 -0.0040168003739381678 0.003724964595928144 2.7824848390547803e-05
leaf_weight=20 20 22 26 1153 20 26 39 62 20 28 24 20 26 21 24 20 20 35 38 29 96 39 23 28 21 27 25 34 26 688
leaf_count=20 20 22 26 1153 20 26 39 62 20 28 24 20 26 21 24 20 20 35 38 29 96 39 23 28 21 27 25 34 26 688
internal_value=1.09816e-12 -2.36086e-05 3.16646e-05 -4.61741e-05 -0.00155281 0.000937675 -2.80679e-05 0.0016706 -0.00174328 0.000200702 0.0014251 -0.0029888 -0.000852706 -0.000179178 -0.0017764 -0.00283693 -0.000846514 -0.00157687 -1.52298e-06 -0.00022318 0.00017204 -0.00160413 -0.00264885 -0.00142052 -5.44668e-05 2.50249e-05 0.000179607 -0.0018545 4.83125e-05 0.000162455
internal_weight=2700 2656 2490 2293 66 197 85 112 46 50 44 40 166 96 70 46 75 55 2227 978 1249 149 89 66 60 829 766 63 739 714
internal_count=2700 2656 2490 2293 66 197 85 112 46 50 44 40 166 96 70 46 75 55 2227 978 1249 149 89 66 60 829 766 63 739 714
is_linear=0
shrinkage=0.1


Tree=41
num_leaves=31
num_cat=0
split_feature=1 4 4 4 9 3 10 9 6 7 9 8 8 8 9 5 8 8 8 4 6 9 4 8 4 8 7 9 7 7
split_gain=0.00810409 0.00797239 0.0398224 0.0138615 0.0175492 0.0144016 0.016422 0.0274437 0.030576 0.0235588 0.0137193 0.012833 0.0486114 0.034621 0.0512874 0.0158603 0.0135009 0.00932037 0.0167537 0.047606 0.0153075 0.013397 0.0220233 0.0129437 0.0205602 0.0316124 0.00814688 0.00769784 0.0278337 0.0366335
threshold=63.500000000000007 44.599994659423835 48.148630142211921 39.632141113281257 46.083841323852546 52.023967742919929 45.429277420043952 36.884944915771491 35.306591033935554 13.135833740234377 63.123437881469734 30.460488319396976 29.484038352966312 28.537901878356937 30.878823280334476 36.667999267578132 31.886609077453617 27.631954193115238 25.460943222045902 23.925613403320316 28.344831466674808 26.848709106445316 23.323474884033207 24.473973274230961 21.776893615722663 22.743246078491214 43.066755294799812 20.750614166259769 2.1376689672470097 5.8768870830535898
decision_type=2 2 2 2 2 2 2 2 2 2 2 2 2 2 2 2 2 2 2 2 2 2 2 2 2 2 2 2 2 2
left_child=-1 3 -3 4 5 6 7 8 11 -9 -4 12 13 14 17 16 -13 18 21 -20 -21 22 23 24 25 27 -23 -2 -29 -30
right_child=1 2 10 -5 -6 -7 -8 9 -10 -11 -12 15 -14 -15 -16 -17 -18 -19 19 20 -22 26 -24 -25 -26 -27 -28 28 29 -31
leaf_value=0.00079640111614965269 6.4178521612869672e-05 -0.0048550873977364975 0.0022185835926591055 0.0021279070518600445 -0.0029131296312525159 0.0024805776896360127 -0.0020690443519598401 -3.40116736681565e-05 -0.0029833427178008218 0.0043212657923706703 -0.0011655961479991675 0.0021255216980352997 -0.0048326209941435428 0.0037016711242031305 -0.0048448579639873727 0.0037372915353626013 -0.0015488361276220532 -0.0020888721969510829 0.0045658947317861022 0.0012094369889902217 -0.0026561834756284953 -0.00057352627877012969 0.0029074037125190865 -0.002553049335256219 -0.0025107501191087068 0.0030230403254141234 -0.0032160713011398913 0.0020911832114078981 -0.0035133168737714487 -0.0002651074045903251
leaf_weight=122 1700 20 23 30 21 23 39 23 35 27 25 20 21 25 22 20 20 21 30 21 20 28 26 20 32 35 20 34 45 152
leaf_count=122 1700 20 23 30 21 23 39 23 35 27 25 20 21 25 22 20 20 21 30 21 20 28 26 20 32 35 20 34 45 152
internal_value=-3.6111e-12 -3.76885e-05 -0.00110609 -8.74371e-06 -3.45903e-05 -1.00074e-05 -3.35228e-05 -4.04157e-07 -4.97915e-05 0.00231784 0.00045599 -5.38221e-06 -4.3838e-05 1.23793e-06 -4.06981e-05 0.00143799 0.000288343 7.69548e-06 2.80505e-05 0.00153875 -0.000676232 -2.32209e-05 1.55587e-05 -2.16999e-05 3.63891e-06 4.45649e-05 -0.00167459 -9.42096e-06 -0.000551062 -0.00100708
internal_weight=2700 2578 68 2510 2480 2459 2436 2397 2347 50 48 2312 2252 2231 2206 60 40 2184 2163 71 41 2092 2044 2018 1998 1966 48 1931 231 197
internal_count=2700 2578 68 2510 2480 2459 2436 2397 2347 50 48 2312 2252 2231 2206 60 40 2184 2163 71 41 2092 2044 2018 1998 1966 48 1931 231 197
is_linear=0
shrinkage=0.1


Tree=42
num_leaves=31
num_cat=0
split_feature=3 8 3 5 4 8 3 6 4 9 9 7 7 7 3 10 3 1 1 5 4 8 4 9 1 9 4 4 4 4
split_gain=0.00776747 0.00797696 0.008312 0.0228955 0.0255012 0.0184376 0.0165433 0.0359195 0.0173679 0.0145774 0.0172623 0.0131874 0.0269028 0.0316304 0.0222051 0.0304563 0.0147945 0.0138226 0.0283895 0.028052 0.0130186 0.0123506 0.0334057 0.0302111 0.0236586 0.0214702 0.0300354 0.0509665 0.0283482 0.0246311
threshold=4.3471896648406991 4.4100325107574472 9.8527956008911151 10.977216720581056 7.402076482772828 7.2797772884368905 11.529312133789064 10.570666790008547 7.3562936782836923 8.4427838325500506 10.108263015747072 0.15027668327093122 0.75957837700843822 1.1401630640029909 12.574493885040285 25.079377174377445 18.607559204101566 97.500000000000014 107.50000000000001 16.26682281494141 13.644906044006349 12.327168464660646 9.1901278495788592 13.13352155685425 87.500000000000014 14.380381584167482 14.012149810791017 14.804629325866701 15.387875080108644 16.305028915405277
decision_type=2 2 2 2 2 2 2 2 2 2 2 2 2 2 2 2 2 2 2 2 2 2 2 2 2 2 2 2 2 2
left_child=-1 -2 9 4 5 -4 7 8 -5 -3 -11 -8 14 16 -13 17 20 -16 -19 -20 -14 23 -23 -15 -25 -24 -27 -28 -29 -30
right_child=1 2 3 6 -6 -7 11 -9 -10 10 -12 12 13 21 15 -17 -18 18 19 -21 -22 22 25 24 -26 26 27 28 29 -31
leaf_value=0.0018713364377617838 -0.0011011185174345773 8.0306280897063923e-05 -0.0026048577501482911 0.0015343604436903089 -0.0048908565705642103 0.0016376200210652316 0.0022288557840511205 0.0038902174078804608 -0.0020524319075910305 0.002490283146531123 -0.00089513417646230669 -0.004474680116400123 0.0017080126714285057 -0.00011319681963321138 0.0017667332243534826 -0.0034171955287456515 0.00012514248425277936 -0.0039298679400235417 0.0032564938378830755 -0.001798667675694046 0.0048200195294339212 0.002666096565371845 0.0015833302092284577 0.00039315182991601807 -0.0031056547851596194 -0.0010669371799987418 0.0026567379437364182 -0.0021529036013936231 0.0018902223336424316 -7.5663858703978946e-05
leaf_weight=22 66 215 21 27 20 20 25 34 27 61 20 20 41 372 31 35 34 20 21 23 20 48 79 27 68 264 74 61 69 835
leaf_count=22 66 215 21 27 20 20 25 34 27 61 20 20 41 372 31 35 34 20 21 23 20 48 79 27 68 264 74 61 69 835
internal_value=-1.53509e-12 -1.53732e-05 1.20614e-05 -5.17124e-05 -0.00196339 -0.000535356 3.19874e-10 0.00134408 -0.000259036 0.000511049 0.00165438 -5.45818e-05 -8.12326e-05 1.60175e-05 -0.00137271 -0.000895488 0.00179667 3.35619e-05 -0.000805943 0.000614023 0.00272834 -7.31559e-05 7.26586e-05 -0.000519654 -0.00211126 -1.74174e-05 -0.00011447 0.000127543 -6.64053e-05 7.43872e-05
internal_weight=2700 2678 2612 2316 61 41 2255 88 54 296 81 2167 2142 1992 150 130 95 95 64 44 61 1897 1430 467 95 1382 1303 1039 965 904
internal_count=2700 2678 2612 2316 61 41 2255 88 54 296 81 2167 2142 1992 150 130 95 95 64 44 61 1897 1430 467 95 1382 1303 1039 965 904
is_linear=0
shrinkage=0.1


Tree=43
num_leaves=31
num_cat=0
split_feature=3 9 8 9 8 7 4 3 9 3 4 9 5 9 4 7 3 8 10 9 3 4 8 9 4 10 8 9 1 7
split_gain=0.0066638 0.0107472 0.0095518 0.0109554 0.0248512 0.0199245 0.0155108 0.0110156 0.0111147 0.0124167 0.0101124 0.00923753 0.0160355 0.0131268 0.0103417 0.00975901 0.007914 0.0254835 0.0158455 0.0344675 0.0248779 0.0126955 0.0125076 0.0496444 0.0182791 0.0240784 0.0177393 0.0139376 0.0122556 0.0114953
threshold=5.4751098155975351 4.0197156667709359 5.8570973873138437 8.1366977691650408 7.1519224643707284 4.4401972293853769 4.6678278446197519 8.8742485046386737 7.0743217468261728 6.7509648799896249 5.7877588272094735 5.9940638542175302 9.0259437561035174 5.6025145053863534 3.121576309204102 1.3762240409851076 10.828089237213137 7.989722967147828 11.654214382171633 10.557247638702394 12.155033111572267 7.402076482772828 10.20992946624756 11.58327627182007 8.948850631713869 19.287894248962406 11.661812782287599 12.296582698822023 96.500000000000014 0.21630112826824185
decision_type=2 2 2 2 2 2 2 2 2 2 2 2 2 2 2 2 2 2 2 2 2 2 2 2 2 2 2 2 2 2
left_child=1 -1 11 5 -5 7 -6 8 9 -4 -9 13 -13 14 -2 -16 17 -8 19 -18 28 -19 23 -22 25 26 -24 -25 -20 -26
right_child=2 -3 3 4 6 -7 16 10 -10 -11 -12 12 -14 -15 15 -17 18 21 20 -21 22 -23 24 27 29 -27 -28 -29 -30 -31
leaf_value=-0.0005593757914460223 0.00093604667715474282 0.0022745572192434337 0.0016248342301696539 -0.0027534067323854703 0.0027156468214733259 0.0035002609093983971 -0.0020707732238979255 0.00054664856732069026 0.0022354358108714226 -0.001898899713996798 -0.002595263615367003 -0.0039183645720847629 -0.0004730132341917072 0.0020130959660967901 -0.0033607642463175584 -0.00042257298963914555 -0.00012151701882464328 0.0029995044340577091 0.004209458036348224 -0.0048172523510981013 0.00014526861462703285 0.00068850699428688088 0.0010430518544652793 -0.0055737809426235881 0.0017600445398677361 -0.00076473420097803075 0.0043602308724075556 -0.001972081840393089 0.00070865780115127565 -9.6564948206702859e-05
leaf_weight=23 22 32 20 33 21 24 27 21 39 20 20 22 35 21 20 26 54 33 20 22 120 85 38 22 34 36 28 21 20 1741
leaf_count=23 22 32 20 33 21 24 27 21 39 20 20 22 35 21 20 26 54 33 20 22 120 85 38 22 34 36 28 21 20 1741
internal_value=3.10414e-12 0.00108946 -2.26541e-05 2.32787e-05 -2.84959e-05 0.000870009 1.02302e-05 0.000343959 0.00103419 -0.000137033 -0.000985992 -0.00080886 -0.0018028 -0.000172294 -0.000847193 -0.00170005 -1.44607e-05 0.000700661 -6.25556e-05 -0.00148081 -1.07348e-05 0.0013348 -5.91621e-05 -0.000899415 1.3806e-05 0.00131561 0.00245034 -0.00381481 0.00245906 -6.10017e-05
internal_weight=2700 55 2645 2499 2355 144 2322 120 79 40 41 146 57 89 68 46 2301 145 2156 76 2080 118 2040 163 1877 102 66 43 40 1775
internal_count=2700 55 2645 2499 2355 144 2322 120 79 40 41 146 57 89 68 46 2301 145 2156 76 2080 118 2040 163 1877 102 66 43 40 1775
is_linear=0
shrinkage=0.1


Tree=44
num_leaves=31
num_cat=0
split_feature=1 1 1 5 10 7 5 4 7 7 10 7 1 9 6 5 8 9 8 8 9 4 7 6 4 10 9 1 3 9
split_gain=0.00671263 0.00827462 0.019032 0.0110529 0.0404192 0.0146583 0.011697 0.0105672 0.0096444 0.026616 0.0219404 0.0374694 0.0135835 0.0126984 0.0320732 0.0229792 0.0183515 0.0253447 0.0152805 0.0498467 0.0228456 0.0175731 0.0241811 0.0321178 0.0155481 0.016769 0.0314661 0.0311233 0.0260757 0.0166717
threshold=63.500000000000007 75.500000000000014 76.500000000000014 12.578723907470705 10.086399555206301 20.209434509277347 8.8277440071105975 20.816303253173832 57.123334884643562 69.167430877685561 45.429277420043952 20.209434509277347 100.50000000000001 36.884944915771491 35.306591033935554 43.751398086547859 31.301520347595215 31.554487228393558 27.886069297790531 27.279262542724613 30.279448509216312 22.582174301147464 2.4189267158508305 27.796694755554203 21.776893615722663 29.49497222900391 23.499123573303226 100.50000000000001 32.684883117675788 21.668233871459964
decision_type=2 2 2 2 2 2 2 2 2 2 2 2 2 2 2 2 2 2 2 2 2 2 2 2 2 2 2 2 2 2
left_child=-1 3 -3 4 6 -5 -2 -7 10 -10 13 -12 -13 14 16 -15 17 18 19 21 -20 24 -23 -24 25 26 29 -28 -27 -4
right_child=1 2 8 5 -6 7 -8 -9 9 -11 11 12 -14 15 -16 -17 -18 -19 20 -21 -22 22 23 -25 -26 28 27 -29 -30 -31
leaf_value=0.00072481294826234194 -0.0011761865172623086 0.0022174210526431219 4.9186022458907238e-05 0.00040330895923817767 -0.0054273592249955982 -0.0031754537202093912 0.0016446536218392709 -7.2797454361404703e-05 0.0033312276082142489 -2.1728540637663435e-05 0.00044735743633835868 -0.0020139047466218472 -0.0054637994705921131 -0.00031839332909190231 -0.0031720339320600033 0.0040003940590064629 0.0022565371099820672 -0.0025792487725419433 0.0043574349884875118 -0.0048574993830351604 -0.00036503257496016368 -0.00050394315945191518 0.005736654084599154 0.00054511865242742581 -0.0023216863339445715 -0.0044572592003359682 0.004434724248130806 0.00022683265329434131 0.0004691577262499116 -0.0013741539738371155
leaf_weight=122 49 39 1521 137 20 23 21 21 32 91 46 25 21 28 32 22 36 38 20 21 21 36 22 26 29 21 32 39 22 87
leaf_count=122 49 39 1521 137 20 23 21 21 32 91 46 25 21 28 32 22 36 38 20 21 21 36 22 26 29 21 32 39 22 87
internal_value=-4.22639e-12 -3.43007e-05 2.71028e-05 -0.000557024 -0.0014627 -0.00010669 -0.000329934 -0.00169464 -1.05614e-05 0.000850585 -5.99418e-05 -0.00157075 -0.00358886 7.76124e-06 -3.15326e-05 0.00158187 1.94547e-05 -2.21654e-05 2.90571e-05 -1.31259e-05 0.00193861 4.23138e-05 0.00145521 0.00292457 -2.54664e-05 1.3204e-05 6.31437e-05 0.00212335 -0.00193677 -2.7823e-05
internal_weight=2700 2578 2307 271 90 181 70 44 2268 123 2145 92 46 2053 2003 50 1971 1935 1897 1856 41 1835 84 48 1751 1722 1679 71 43 1608
internal_count=2700 2578 2307 271 90 181 70 44 2268 123 2145 92 46 2053 2003 50 1971 1935 1897 1856 41 1835 84 48 1751 1722 1679 71 43 1608
is_linear=0
shrinkage=0.1


Tree=45
num_leaves=31
num_cat=0
split_feature=3 8 4 4 10 8 4 5 9 9 5 1 5 9 4 7 7 3 1 7 1 5 6 9 6 4 8 9 1 1
split_gain=0.00672946 0.0148769 0.0195817 0.0207858 0.0154392 0.0163618 0.0136252 0.0127788 0.019661 0.0128463 0.0107703 0.0103373 0.00973018 0.00877902 0.0075286 0.00653364 0.0108181 0.0170022 0.0258247 0.03619 0.0343075 0.0228212 0.0227189 0.0402191 0.0213547 0.031842 0.0157905 0.0151851 0.0178138 0.0147337
threshold=7.1658513545989999 6.5801081657409677 6.1196920871734628 6.6437985897064218 11.319518566131594 8.5112361907959002 3.5873740911483769 9.0259437561035174 6.3417496681213388 7.75657081604004 6.2244982719421396 90.500000000000014 5.626612901687623 9.650485038757326 5.4822452068328866 212.61233520507815 57.123334884643562 43.912260055541999 90.500000000000014 21.120235443115238 111.50000000000001 51.37028884887696 36.653476715087898 38.854648590087898 35.306591033935554 30.97282695770264 33.308637619018562 31.021299362182621 109.50000000000001 86.500000000000014
decision_type=2 2 2 2 2 2 2 2 2 2 2 2 2 2 2 2 2 2 2 2 2 2 2 2 2 2 2 2 2 2
left_child=10 6 4 13 14 -6 -2 8 -8 -9 12 -12 -1 -4 -3 16 17 22 21 20 -20 -19 24 -24 25 27 -18 -5 29 -29
right_child=1 2 3 15 5 -7 7 9 -10 -11 11 -13 -14 -15 -16 -17 26 18 19 -21 -22 -23 23 -25 -26 -27 -28 28 -30 -31
leaf_value=0.00053482178640975187 -0.0027739698381457644 0.0014212631250605531 -0.00089645337611727889 3.7345910206110036e-05 -0.0013327020853038823 0.0016685729798598167 8.4170564077794567e-05 0.0013199122756107143 -0.0041223601056844935 -0.0017158483189996334 0.0006834063221402985 0.0030866913202917206 -0.0020408749432218347 -0.003457782639231047 0.0037709386087954044 -0.0017988402768969536 0.0001591014062486044 -0.0014865565801128037 -0.003386925640515983 -0.0045216405814563904 0.0021697629964910446 0.0031754701875061509 0.0054461751310598289 -0.00060679795645663271 -0.002980330213904381 0.0039904078422114261 0.0026250803536784495 -0.0019914246238768099 -0.0035307763502574886 0.0014773712784517557
leaf_weight=44 34 30 32 1791 34 39 25 46 20 20 63 25 22 23 25 20 82 21 20 37 25 21 21 23 24 20 38 25 26 24
leaf_count=44 34 30 32 1791 34 39 25 46 20 20 63 25 22 23 25 20 82 21 20 37 25 21 21 23 24 20 38 25 26 24
internal_value=1.35953e-12 -3.88275e-05 2.05765e-05 -4.7193e-05 0.00122401 0.000270719 -0.00102248 -0.000485981 -0.0017854 0.000399985 0.000641914 0.00136616 -0.000323744 -0.00196755 0.0024893 4.26421e-07 1.67983e-05 -3.65143e-05 -0.001172 -0.00220482 -0.000299876 0.000844457 3.55431e-05 0.00228212 -1.62105e-05 2.15089e-05 0.000939995 -2.10302e-05 -0.00141505 -0.000292423
internal_weight=2700 2546 2401 2273 128 73 145 111 45 66 154 88 66 55 55 2218 2198 2078 124 82 45 42 1954 44 1910 1886 120 1866 75 49
internal_count=2700 2546 2401 2273 128 73 145 111 45 66 154 88 66 55 55 2218 2198 2078 124 82 45 42 1954 44 1910 1886 120 1866 75 49
is_linear=0
shrinkage=0.1


Tree=46
num_leaves=31
num_cat=0
split_feature=5 5 10 4 8 7 7 6 4 1 8 4 4 9 10 10 3 10 5 8 9 9 4 7 7 9 3 3 10 9
split_gain=0.00608432 0.0117432 0.0103615 0.0245059 0.0167172 0.0246136 0.0157456 0.0142499 0.020261 0.034384 0.0154863 0.0145733 0.0187299 0.0086957 0.0128893 0.011584 0.0241067 0.0207451 0.0280755 0.0119781 0.0307638 0.013226 0.0240628 0.00968074 0.0179514 0.0103132 0.010142 0.026173 0.017629 0.0410806
threshold=65.169845581054702 72.509941101074233 58.997518539428718 44.599994659423835 39.010753631591804 29.610727310180668 12.810269832611086 39.441143035888679 32.470304489135749 101.50000000000001 32.740001678466804 28.864313125610355 27.694748878479007 34.330162048339851 39.299085617065437 37.006669998168952 36.463342666625984 33.316356658935554 33.840463638305671 27.279262542724613 27.7506856918335 26.651004791259769 24.136787414550785 28.098799705505375 22.996609687805183 22.286481857299808 28.336924552917484 29.474702835083011 26.345181465148929 24.365383148193363
decision_type=2 2 2 2 2 2 2 2 2 2 2 2 2 2 2 2 2 2 2 2 2 2 2 2 2 2 2 2 2 2
left_child=2 -2 3 4 7 6 -6 8 10 -10 11 12 13 14 15 16 17 18 19 20 21 22 23 24 26 -25 28 -28 29 -1
right_child=1 -3 -4 -5 5 -7 -8 -9 9 -11 -12 -13 -14 -15 -16 -17 -18 -19 -20 -21 -22 -23 -24 25 -26 -27 27 -29 -30 -31
leaf_value=4.0474351004702516e-05 -0.0029698095249477774 0.00015844985997925205 0.0022881408105604353 -0.0032464794288186924 0.0019895887235179543 0.0041579560357301185 -0.0018872530502267182 -0.0021056700672488662 0.0051901722722686831 -0.00060338562886629791 -0.0022396476308424629 0.0019271403634681915 -0.0026909811032685238 -0.0018110671223929295 0.0024941739726013373 -0.0022275323878325846 0.0028440473061831051 -0.0024983075359187121 0.0036665877726461205 -0.0017218788294121623 0.0037449294066225942 -0.0019142251961524279 0.0033869483641215735 -0.00047198150151719648 0.0019699991814435482 -0.0029496413154993205 -0.003495981334708631 0.00082778703903646348 0.0019869905569228448 -0.0039630823625394938
leaf_weight=1800 20 30 20 23 22 24 20 32 20 21 31 39 26 26 21 23 30 33 21 40 22 36 21 105 47 20 28 28 45 26
leaf_count=1800 20 30 20 23 22 24 20 32 20 21 31 39 26 26 21 23 30 33 21 40 22 36 21 105 47 20 28 28 45 26
internal_value=2.43205e-12 -0.00109285 2.06199e-05 3.37638e-06 3.20479e-05 0.00160329 0.000143474 -8.76345e-06 1.79807e-05 0.00222274 -1.86462e-05 9.60617e-06 -2.15797e-05 7.68014e-06 2.78368e-05 5.56016e-06 2.78717e-05 -9.31373e-06 2.73709e-05 -7.08521e-06 2.44078e-05 -1.35567e-05 1.87188e-05 -1.49796e-05 3.90622e-05 -0.000868407 -8.03382e-06 -0.0013341 3.16559e-05 -1.65314e-05
internal_weight=2700 50 2650 2630 2607 66 42 2541 2509 41 2468 2437 2398 2372 2346 2325 2302 2272 2239 2218 2178 2156 2120 2099 1974 125 1927 56 1871 1826
internal_count=2700 50 2650 2630 2607 66 42 2541 2509 41 2468 2437 2398 2372 2346 2325 2302 2272 2239 2218 2178 2156 2120 2099 1974 125 1927 56 1871 1826
is_linear=0
shrinkage=0.1


Tree=47
num_leaves=31
num_cat=0
split_feature=3 8 3 5 7 9 8 7 1 7 4 4 10 8 4 5 3 3 10 3 7 7 7 1 3 8 7 3 1 4
split_gain=0.00558764 0.00528755 0.00610012 0.0106193 0.0148169 0.0112277 0.0244767 0.0101525 0.0100125 0.0116708 0.00656661 0.0149453 0.00922624 0.0159492 0.0083897 0.0184779 0.0195829 0.0105345 0.0161986 0.0221398 0.0146763 0.0488545 0.0241177 0.0127643 0.0159812 0.025455 0.0114003 0.0094647 0.0344143 0.0115796
threshold=4.3471896648406991 4.4100325107574472 8.2096815109252947 9.0259437561035174 1.2402096390724184 7.8318376541137704 6.5801081657409677 4.9326493740081796 90.500000000000014 1.1401630640029909 6.1196920871734628 6.8305578231811532 11.319518566131594 8.5112361907959002 7.3562936782836923 10.977216720581056 9.8527956008911151 10.719085693359377 11.206214904785158 11.589704036712648 0.78304466605186474 0.72072488069534313 0.95258226990699779 121.50000000000001 20.949749946594242 12.625388622283937 0.41405045986175543 12.67697048187256 92.500000000000014 14.012149810791017
decision_type=2 2 2 2 2 2 2 2 2 2 2 2 2 2 2 2 2 2 2 2 2 2 2 2 2 2 2 2 2 2
left_child=-1 -2 8 4 -4 7 -7 -5 -3 -10 12 -12 -8 -14 -13 16 -16 -17 -19 -20 21 23 -22 24 25 -21 -27 28 -24 -29
right_child=1 2 3 5 -6 6 10 -9 9 -11 11 14 13 -15 15 17 -18 18 19 20 22 -23 27 -25 -26 26 -28 29 -30 -31
leaf_value=0.001587180132892999 -0.00089700649250792637 -2.7438612240884039e-05 0.00014511861473969791 9.2162488254945023e-05 -0.0035765230783727023 -0.0030891439427460474 0.0022551720552534487 0.0024858919081880769 0.00054851958460252115 0.0034720137895254254 -0.0016829089970121494 0.0013373982981252283 -0.0014910700179825655 0.0015211862632825684 5.6023595388978722e-05 0.0015621965160853295 -0.0043692389223724606 -0.0028513635438866917 0.0028010153768783705 -0.0025739051933799471 0.002547642364362745 -0.0054250358958684262 -0.0015638993396847089 0.0013933508337608405 -0.002616162973401301 0.0024592982500325888 -0.00025412456016056241 -0.00036652790446279335 0.0037642210911683462 0.00016655546257096374
leaf_weight=22 66 90 23 37 20 26 30 34 36 22 54 46 32 39 20 43 20 20 28 28 38 21 22 35 34 30 32 660 27 1065
leaf_count=22 66 90 23 37 20 26 30 34 36 22 54 46 32 39 20 43 20 20 28 28 38 21 22 35 34 30 32 660 27 1065
internal_value=-6.48638e-13 -1.30388e-05 9.29727e-06 -2.81563e-05 -0.00158588 -4.89193e-07 -3.79211e-05 0.00123846 0.000632848 0.00165743 -3.78525e-06 -3.9615e-05 0.000784824 0.00016355 1.2969e-06 -2.7653e-05 -0.00215661 1.32295e-05 -1.94203e-05 8.6187e-06 -3.06319e-05 -0.000891836 5.49182e-05 -0.000293111 -0.000769128 -7.13598e-05 0.00105882 1.52274e-06 0.001372 -3.74069e-05
internal_weight=2700 2678 2612 2464 43 2421 2350 71 148 58 2324 2223 101 71 2169 2123 40 2083 2040 2020 1992 180 1812 159 124 90 62 1774 49 1725
internal_count=2700 2678 2612 2464 43 2421 2350 71 148 58 2324 2223 101 71 2169 2123 40 2083 2040 2020 1992 180 1812 159 124 90 62 1774 49 1725
is_linear=0
shrinkage=0.1


Tree=48
num_leaves=31
num_cat=0
split_feature=1 7 8 9 1 1 4 8 6 4 1 1 4 9 8 4 10 3 3 9 3 10 9 5 10 10 10 5 4 3
split_gain=0.0052387 0.00729202 0.0102855 0.00977426 0.00678734 0.0150882 0.00912701 0.0199872 0.0133688 0.0351137 0.022019 0.0101112 0.00857051 0.00724939 0.0476199 0.0317224 0.0343703 0.01986 0.017006 0.016597 0.0128734 0.0126285 0.0127247 0.0119005 0.0212055 0.0286837 0.0334074 0.0296746 0.0400967 0.0320301
threshold=63.500000000000007 7.6369833946228036 19.506251335144047 10.035501480102541 75.500000000000014 76.500000000000014 7.3562936782836923 6.8882739543914804 22.791179656982425 20.816303253173832 72.500000000000014 68.500000000000014 14.012149810791017 13.13352155685425 12.538379669189455 9.5979242324829119 20.224668502807621 21.404560089111332 15.65107297897339 13.871373653411867 16.784690856933597 15.397011280059816 12.675290107727054 14.86237668991089 15.619581222534181 16.568341255187992 17.298521995544437 20.082798957824711 12.156478404998781 20.33189678192139
decision_type=2 2 2 2 2 2 2 2 2 2 2 2 2 2 2 2 2 2 2 2 2 2 2 2 2 2 2 2 2 2
left_child=1 3 -3 -1 6 -6 7 11 12 -10 -11 -2 -8 20 17 16 -16 18 -15 -20 21 22 -7 -17 -25 -26 -27 28 -28 -29
right_child=4 2 -4 -5 5 13 8 -9 9 10 -12 -13 -14 14 15 23 -18 -19 19 -21 -22 -23 -24 24 25 26 27 29 -30 -31
leaf_value=0.00033989630382842364 -0.0018957316857547717 -0.0013304195335821891 0.0014243471537433241 0.0028150355999564964 0.0019755307405900499 0.00010154245389145869 -2.3754956242966378e-05 -0.0033692064389000617 -0.0045317828921335084 -0.0014047876088719431 0.0029082479909993708 0.00058133989132733805 0.0018994435635741446 -0.001138054350061187 0.0054449160413985905 -0.0023800738663835963 -0.00028291198192164301 -0.00015845330208928015 -0.0023900429694913329 -0.0063703200864520942 0.0016588822441763577 -0.0023552229837514463 0.0021738977655918609 0.0019058520549960021 -0.0026261225834869864 0.0025309417187711417 0.0026119570154696705 0.0023103163838070835 -0.0022362328856176867 -8.8366945184202499e-05
leaf_weight=39 26 33 23 27 39 670 62 31 21 29 20 45 37 24 22 22 20 30 20 22 59 20 31 54 44 49 20 59 116 986
leaf_count=39 26 33 23 27 39 670 62 31 21 29 20 45 37 24 22 22 20 30 20 22 59 20 31 54 44 49 20 59 116 986
internal_value=2.71895e-12 0.000640312 -0.000198998 0.00135245 -3.03018e-05 2.53103e-05 -0.000503723 -0.00125073 -5.28681e-05 -0.00111059 0.000355635 -0.000325757 0.000695016 -8.22527e-06 -0.000137667 1.08951e-05 0.00271738 -0.00229182 -0.00326153 -0.00447495 0.00023871 0.000122496 0.000193187 -7.33066e-05 -3.50921e-05 -0.000117361 -2.7617e-05 -0.000133772 -0.00152326 4.70611e-05
internal_weight=2700 122 56 66 2578 2307 271 102 169 70 49 71 99 2268 1488 1392 42 96 66 42 780 721 701 1350 1328 1274 1230 1181 136 1045
internal_count=2700 122 56 66 2578 2307 271 102 169 70 49 71 99 2268 1488 1392 42 96 66 42 780 721 701 1350 1328 1274 1230 1181 136 1045
is_linear=0
shrinkage=0.1


Tree=49
num_leaves=31
num_cat=0
split_feature=5 7 4 7 4 3 9 1 6 9 8 4 9 8 9 6 8 7 7 7 6 10 9 10 5 5 6 10 5 9
split_gain=0.00522971 0.00793423 0.0186003 0.0214795 0.0124935 0.00912181 0.0283764 0.0181903 0.0173949 0.0315427 0.0184824 0.0182701 0.0147239 0.0194372 0.0156798 0.0324754 0.0207782 0.0114606 0.0100926 0.0097609 0.00880754 0.0143333 0.0146145 0.0134886 0.0151986 0.0126709 0.00796987 0.00796202 0.0163427 0.040447
threshold=68.132801055908217 57.123334884643562 27.47660064697266 69.167430877685561 17.552157402038578 43.912260055541999 47.522026062011726 86.500000000000014 36.653476715087898 38.854648590087898 32.740001678466804 28.864313125610355 30.878823280334476 29.973093986511234 29.10465240478516 29.971782684326175 27.279262542724613 14.071203708648683 22.501276016235355 47.322637557983406 26.46651649475098 29.890666007995609 27.002626419067386 29.49497222900391 29.602122306823734 28.95475006103516 24.864499092102054 27.675794601440433 26.51053619384766 24.365383148193363
decision_type=2 2 2 2 2 2 2 2 2 2 2 2 2 2 2 2 2 2 2 2 2 2 2 2 2 2 2 2 2 2
left_child=1 5 3 -3 26 8 7 -7 10 -10 11 12 14 -14 16 -16 19 -8 -9 20 23 -22 -23 24 25 27 -5 28 29 -1
right_child=-2 2 -4 4 -6 6 17 18 9 -11 -12 -13 13 -15 15 -17 -18 -19 -20 -21 21 22 -24 -25 -26 -27 -28 -29 -30 -31
leaf_value=2.3334228250350644e-05 -0.0011349262413568794 0.0025316742448545674 0.0034352808217094702 -0.00090862785698845976 -0.0021256322125819595 8.4420694038271916e-05 0.0027018776815384629 -0.0020207444869447498 0.004791520446971325 -0.00056893711747682616 -0.0022981623214270385 0.0022214312383250613 -0.0030697404041088055 0.0007234830155291341 0.0044581035714751733 -0.0003764010898797124 -0.0032292735110968349 -0.00038851098467906317 -0.0051976302219554783 -0.0020404305471026381 0.0028357616071749865 0.0018106027238813808 -0.0019201515220283044 -0.0023155602745246143 0.0025230933640462659 -0.0023420428573761301 0.0019144676020368936 -0.0018734629350629719 0.0012128690167888378 -0.0040260238214395944
leaf_weight=1851 40 29 22 20 33 20 20 20 21 23 35 37 35 22 24 33 20 30 20 23 29 21 21 25 24 23 20 22 112 25
leaf_count=1851 40 29 22 20 33 20 20 20 21 23 35 37 35 22 24 33 20 30 20 23 29 21 21 25 24 23 20 22 112 25
internal_value=4.76414e-12 1.70666e-05 0.00079811 0.000229309 -0.00068533 -2.11233e-05 -0.00091179 -0.00237798 1.92614e-05 0.00198946 -1.71319e-05 1.68843e-05 -1.84266e-05 -0.00160569 2.17305e-05 0.00165918 -2.07716e-05 0.000847644 -0.00360919 8.71834e-06 3.06089e-05 0.00112587 -5.47744e-05 -6.74138e-06 2.13191e-05 -8.21484e-06 0.00050292 1.84906e-05 3.94278e-05 -3.06284e-05
internal_weight=2700 2660 124 102 73 2536 110 60 2426 44 2382 2347 2310 57 2253 57 2196 50 40 2176 2153 71 42 2082 2057 2033 40 2010 1988 1876
internal_count=2700 2660 124 102 73 2536 110 60 2426 44 2382 2347 2310 57 2253 57 2196 50 40 2176 2153 71 42 2082 2057 2033 40 2010 1988 1876
is_linear=0
shrinkage=0.1


Tree=50
num_leaves=31
num_cat=0
split_feature=3 6 9 9 4 10 4 1 4 9 8 4 1 10 9 8 7 3 5 1 1 9 6 3 7 7 1 7 6 4
split_gain=0.00482937 0.0118651 0.0113052 0.00890519 0.00708571 0.0183706 0.00865221 0.00601758 0.00579833 0.00981788 0.0111039 0.00852617 0.0130039 0.0242742 0.00665368 0.0481292 0.0199918 0.0175912 0.0233755 0.0463437 0.043971 0.0352619 0.0457421 0.0201412 0.0191759 0.0240066 0.0304831 0.0219427 0.0187903 0.0290407
threshold=7.1658513545989999 6.7205915451049814 5.8358361721038827 5.6025145053863534 4.4065282344818124 10.351789474487306 4.7579085826873788 90.500000000000014 5.7877588272094735 10.440511703491213 6.5801081657409677 6.8305578231811532 84.500000000000014 11.427728176116945 16.137351036071781 14.749210357666017 33.403106689453132 16.441022872924808 20.082798957824711 94.500000000000014 105.50000000000001 19.540708541870121 19.802003860473636 20.867104530334476 0.84967041015625011 1.5692746639251711 105.50000000000001 2.0021638870239262 23.642700195312504 17.917548179626468
decision_type=2 2 2 2 2 2 2 2 2 2 2 2 2 2 2 2 2 2 2 2 2 2 2 2 2 2 2 2 2 2
left_child=3 2 -2 -1 5 -3 -6 -5 9 10 -8 12 -10 -14 -13 16 -16 -17 19 -19 -21 -20 -23 -24 -25 26 -26 -27 29 -29
right_child=1 4 -4 7 6 -7 8 -9 11 -11 -12 14 13 -15 15 17 -18 18 21 20 -22 22 23 24 25 27 -28 28 -30 -31
leaf_value=-0.00017811402699801054 -0.00024604291197490588 0.0033554857215759432 -0.0032522113655101166 0.00074849416029310837 -0.001807283133233863 -0.00039832130969443826 -0.00013919853785585975 0.0027271757588798874 -0.0024554494433687069 -0.0009778596227988602 0.002331734019389842 0.00021976300519195547 0.0016456799177256853 -0.0019056702593866833 -0.0041672898293472829 0.0029442856521927751 -0.00064559661334863416 0.001180867585562504 0.0015637186084253092 -0.0068074816869656473 -0.0012162895747818627 -0.0040387543592730474 0.0024197204348941643 -0.0018551448327970917 -0.00032337509255739863 -0.0028551014456232745 0.004716725538795194 0.000123895791577124 0.00025064831939029889 -0.0024640995866826013
leaf_weight=81 29 22 22 51 27 32 31 22 36 25 44 867 38 39 40 20 27 39 141 22 39 29 33 58 24 28 24 109 629 72
leaf_count=81 29 22 22 51 27 32 31 22 36 25 44 867 38 39 40 20 27 39 141 22 39 29 33 58 24 28 24 109 629 72
internal_value=1.36074e-12 -3.28923e-05 -0.00154282 0.000543791 -2.02803e-06 0.00113101 -2.70931e-05 0.00134481 -7.18214e-06 0.000738347 0.00131042 -3.94003e-05 -0.000886562 -0.000153056 4.0932e-06 -0.000136076 -0.0027481 2.04997e-06 -4.51391e-05 -0.00151146 -0.00323279 8.27007e-05 -0.000124877 -8.70296e-06 -9.35949e-05 2.1721e-05 0.00219668 -0.000102859 -7.71943e-06 -0.000905583
internal_weight=2700 2546 51 154 2495 54 2441 73 2414 100 75 2314 113 77 2201 1334 67 1267 1247 100 61 1147 1006 977 944 886 48 838 810 181
internal_count=2700 2546 51 154 2495 54 2441 73 2414 100 75 2314 113 77 2201 1334 67 1267 1247 100 61 1147 1006 977 944 886 48 838 810 181
is_linear=0
shrinkage=0.1


Tree=51
num_leaves=31
num_cat=0
split_feature=4 4 1 4 9 8 1 7 1 7 8 7 7 7 4 8 8 7 7 7 4 1 8 3 8 7 8 1 8 7
split_gain=0.00470935 0.0296731 0.0136546 0.0128285 0.0146843 0.00872128 0.0064011 0.0133945 0.0117653 0.0199112 0.0377024 0.00635015 0.0406759 0.0276405 0.0140088 0.0182774 0.0416827 0.0201508 0.0498875 0.0287354 0.0214549 0.0192481 0.0219204 0.0154591 0.0147847 0.0428366 0.037166 0.0181871 0.0468346 0.0165387
threshold=44.599994659423835 48.148630142211921 96.500000000000014 39.632141113281257 46.083841323852546 39.010753631591804 138.50000000000003 3.0829538106918339 130.50000000000003 1.1872906684875491 22.49391078948975 2.2993044853210454 2.2115887403488164 2.4189267158508305 31.847651481628422 28.257985115051273 27.473371505737308 16.12542819976807 7.2369639873504648 32.487525939941413 25.54111480712891 122.50000000000001 16.611519813537601 16.784690856933597 25.122269630432132 16.930092811584476 24.473973274230961 115.50000000000001 9.9182605743408221 4.9958534240722665
decision_type=2 2 2 2 2 2 2 2 2 2 2 2 2 2 2 2 2 2 2 2 2 2 2 2 2 2 2 2 2 2
left_child=3 -2 -3 4 5 6 8 -8 11 -10 -11 12 -1 -13 15 16 21 18 -17 -19 -21 24 23 -23 26 -26 27 -15 -29 -30
right_child=1 2 -4 -5 -6 -7 7 -9 9 10 -12 13 -14 14 -16 17 -18 19 -20 20 -22 22 -24 -25 25 -27 -28 28 29 -31
leaf_value=0.00012915755589422892 -0.004064905848936178 -0.0014493434579067287 0.0018988942920133986 0.0020776086969029471 -0.0026358151143150675 0.0016102627262144405 -0.00036297217369652714 0.0030326183674679627 -0.003783219754801725 0.0019960713951149957 -0.0033118799571757729 -0.0030551672777942114 0.0045900019670842172 -6.1834089519578183e-05 -0.0019374882643062035 0.0027236449550837281 -0.0043228818589578508 0.0048197719837144879 -0.0035327513635051082 0.0028612021922266914 -0.00092919683011132297 -0.0019706124285458707 -0.0036850750128117702 0.001782092287404729 0.0035063927857811716 -0.0012054027187904078 -0.0040096276566264745 -0.00288095689691545 0.0049510416596950518 0.0016166114446926204
leaf_weight=768 20 21 29 30 21 34 26 21 22 32 23 31 21 1136 38 25 23 26 26 28 32 23 30 21 43 35 23 20 21 51
leaf_count=768 20 21 29 30 21 34 26 21 22 32 23 31 21 1136 38 25 23 26 26 28 32 23 30 21 43 35 23 20 21 51
internal_value=4.31168e-13 -0.00080952 0.000492634 2.15462e-05 -2.17764e-06 1.92673e-05 -1.98769e-06 0.00115421 -2.37415e-05 -0.00124065 -0.000223617 1.49622e-05 0.000247887 -9.76468e-05 -4.03807e-05 5.74222e-06 -0.000100251 0.001109 -0.00046589 0.00204295 0.000839656 -3.10275e-05 -0.00160071 -0.000179549 5.63738e-05 0.00139213 -2.69105e-05 4.76844e-05 0.0014 0.00258915
internal_weight=2700 70 50 2630 2600 2579 2545 47 2498 77 55 2421 789 1632 1601 1563 1426 137 51 86 60 1403 74 44 1329 78 1251 1228 92 72
internal_count=2700 70 50 2630 2600 2579 2545 47 2498 77 55 2421 789 1632 1601 1563 1426 137 51 86 60 1403 74 44 1329 78 1251 1228 92 72
is_linear=0
shrinkage=0.1


Tree=52
num_leaves=31
num_cat=0
split_feature=7 3 5 8 4 4 4 4 6 8 1 9 5 9 1 7 10 5 7 10 9 1 1 1 7 3 4 7 1 1
split_gain=0.00468459 0.00454929 0.0105034 0.00941531 0.013933 0.0124072 0.0106451 0.0116946 0.00927387 0.010821 0.00901525 0.00835517 0.00805081 0.0057705 0.00515686 0.00506362 0.0224326 0.0162645 0.0229083 0.0130556 0.0184278 0.0250732 0.0709764 0.0188683 0.0106596 0.0102638 0.0134564 0.00907277 0.0284304 0.0610026
threshold=0.085499398410320268 7.1658513545989999 6.2244982719421396 6.5801081657409677 6.1196920871734628 6.6437985897064218 3.5873740911483769 5.175586700439454 8.9571461677551287 8.5112361907959002 95.500000000000014 6.3417496681213388 5.626612901687623 9.650485038757326 90.500000000000014 0.75957837700843822 25.079377174377445 10.814279556274416 1.1401630640029909 10.92548990249634 15.644490718841555 94.500000000000014 105.50000000000001 114.50000000000001 0.47872588038444525 18.607559204101566 13.644906044006349 1.8604212999343874 105.50000000000001 92.500000000000014
decision_type=2 2 2 2 2 2 2 2 2 2 2 2 2 2 2 2 2 2 2 2 2 2 2 2 2 2 2 2 2 2
left_child=-1 2 12 6 8 13 -3 10 -5 -10 11 -8 -2 -6 -4 16 19 -17 25 -7 21 -21 -23 -24 -22 26 -19 28 29 -20
right_child=1 3 14 4 5 15 7 -9 9 -11 -12 -13 -14 -15 -16 17 -18 18 27 20 24 22 23 -25 -26 -27 -28 -29 -30 -31
leaf_value=0.0014532747301431797 0.00035018381639951614 -0.002373363409766599 0.00076746876717120275 0.0020828127358108761 -0.00066793810419767401 0.0011990267991010722 0.00092309941940654349 -0.0019290607045122394 -0.00093402815190428467 0.0014286506957086247 0.0019791195465191065 -0.0015456286082365391 -0.002097063716792036 -0.002744520168862832 0.0025148679874594866 -0.0025493049392631903 -0.0027496632524869509 0.0013170494106045719 0.00029962244142162884 0.0012221003350402629 -0.00032221594463206001 -0.0066183788105845451 0.0021079319105906922 -0.0018712098101297252 0.0026073903371782409 -1.057087758775143e-06 0.0043185377118061296 5.4285373886725683e-05 0.0008533387846285617 -0.0048134949232917284
leaf_weight=22 41 34 57 50 32 60 26 33 36 42 23 29 20 23 24 24 36 59 56 28 27 25 22 26 23 34 20 1661 67 40
leaf_count=22 41 34 57 50 32 60 26 33 36 42 23 29 20 23 24 24 36 59 56 28 27 25 22 26 23 34 20 1661 67 40
internal_value=4.11779e-12 -1.19388e-05 0.000538865 -4.27803e-05 4.66976e-06 -5.27413e-05 -0.000825216 -0.000351008 0.00101968 0.000338184 0.00031663 -0.000378594 -0.000452192 -0.00153633 0.00128522 -1.5786e-05 -0.000442485 3.79593e-05 7.00163e-05 -4.88429e-05 -0.000544685 -0.00132196 -0.00229776 -4.74365e-05 0.0010254 0.00145169 0.00207692 -1.55807e-05 -0.000727529 -0.00183084
internal_weight=2700 2678 142 2536 2391 2263 145 111 128 78 78 55 61 55 81 2208 247 1961 1937 211 151 101 73 48 50 113 79 1824 163 96
internal_count=2700 2678 142 2536 2391 2263 145 111 128 78 78 55 61 55 81 2208 247 1961 1937 211 151 101 73 48 50 113 79 1824 163 96
is_linear=0
shrinkage=0.1


Tree=53
num_leaves=31
num_cat=0
split_feature=5 5 10 4 8 4 6 4 1 8 4 9 6 9 8 8 3 8 1 8 4 8 5 4 1 7 7 10 9 3
split_gain=0.00438971 0.00968372 0.00699277 0.0167066 0.0131915 0.019548 0.0104967 0.0147856 0.0198983 0.0154059 0.0162172 0.0203936 0.00762866 0.01541 0.0120304 0.0217219 0.0111647 0.0105407 0.0224532 0.0113295 0.0277967 0.0177122 0.0147446 0.0138509 0.0075047 0.0137441 0.0247276 0.0245669 0.0293086 0.0348252
threshold=65.169845581054702 72.509941101074233 58.997518539428718 44.599994659423835 39.010753631591804 38.365652084350593 39.818540573120124 32.470304489135749 101.50000000000001 32.740001678466804 28.864313125610355 35.991550445556648 33.355344772338874 30.878823280334476 27.886069297790531 27.279262542724613 34.486772537231452 25.460943222045902 107.50000000000001 24.473973274230961 22.431335449218754 23.328968048095707 28.95475006103516 21.551190376281742 120.50000000000001 4.794436216354371 15.842104434967043 22.33431434631348 17.531980514526371 16.784690856933597
decision_type=2 2 2 2 2 2 2 2 2 2 2 2 2 2 2 2 2 2 2 2 2 2 2 2 2 2 2 2 2 2
left_child=2 -2 3 4 6 -6 7 9 -9 10 11 12 13 14 15 17 -15 19 -19 21 -21 23 -23 24 -1 27 -27 28 29 -26
right_child=1 -3 -4 -5 5 -7 -8 8 -10 -11 -12 -13 -14 16 -16 -17 -18 18 -20 20 -22 22 -24 -25 25 26 -28 -29 -30 -31
leaf_value=6.9141769122799799e-05 -0.0026327100419439378 0.00020802412337313095 0.0018803067365661267 -0.0026799717962010462 0.0033080216140175863 -0.00014827422694199617 -0.0021840657022866336 0.003953390218190511 -0.00029977101155302742 -0.0022024670615792274 0.0020029889887518948 -0.0031298649186889331 0.0017377794589847327 -6.2405668376457122e-05 0.0018584373713071856 -0.0031367470256306908 -0.0031367577163985481 0.0029633832430200919 -0.00096044898964464664 -0.0041944329842160434 0.00031735045308273083 0.0031831481765948414 -5.8077074587345123e-05 -0.002644172706641257 -0.0006201092904129929 -0.0027520646621600133 0.0012816683123154302 0.0032739902520552279 -0.0038242441856048328 0.0039548574294894934
leaf_weight=1820 20 30 20 23 30 36 22 22 22 32 40 21 25 21 35 22 27 35 25 22 36 32 25 20 99 55 21 20 22 20
leaf_count=1820 20 30 20 23 30 36 22 22 22 32 40 21 25 21 35 22 27 35 25 22 36 32 25 20 99 55 21 20 22 20
internal_value=-2.86718e-12 -0.00092827 1.75145e-05 3.3488e-06 2.70221e-05 0.00142277 -9.23105e-06 9.76314e-06 0.00182681 -2.25399e-05 6.0142e-06 -2.72272e-05 1.26063e-07 -1.83047e-05 1.85616e-05 -9.75661e-06 -0.00179173 2.07913e-05 0.00132845 -1.50024e-05 -0.00139402 2.24778e-05 0.00176156 -2.52485e-05 2.15002e-07 -0.000529096 -0.00163748 -5.88347e-06 -0.000471114 0.000148793
internal_weight=2700 50 2650 2630 2607 66 2541 2519 44 2475 2443 2403 2382 2357 2309 2274 48 2252 60 2192 58 2134 57 2077 2057 237 76 161 141 119
internal_count=2700 50 2650 2630 2607 66 2541 2519 44 2475 2443 2403 2382 2357 2309 2274 48 2252 60 2192 58 2134 57 2077 2057 237 76 161 141 119
is_linear=0
shrinkage=0.1


Tree=54
num_leaves=31
num_cat=0
split_feature=7 7 9 10 1 9 3 7 1 9 4 1 8 4 9 8 8 9 6 3 7 4 6 7 10 5 10 9 6 9
split_gain=0.00489577 0.0191609 0.0127784 0.0251429 0.0118013 0.0122539 0.0108642 0.0207792 0.0254627 0.0171885 0.0139383 0.0502245 0.0252533 0.0173807 0.00925218 0.0178169 0.0175153 0.0134452 0.0173922 0.00795306 0.0126704 0.00824125 0.0206031 0.0210916 0.0100636 0.0121973 0.00937378 0.0125873 0.0542334 0.0229523
threshold=57.123334884643562 63.105688095092781 47.522026062011726 47.959016799926765 81.500000000000014 27.188838958740238 43.912260055541999 20.209434509277347 90.500000000000014 47.522026062011726 32.470304489135749 101.50000000000001 32.740001678466804 29.174263954162601 30.539650917053226 27.886069297790531 27.279262542724613 32.711833953857429 31.813248634338382 36.463342666625984 45.580747604370124 24.928812980651859 26.46651649475098 16.750478744506839 29.49497222900391 29.602122306823734 27.675794601440433 22.571057319641117 22.369791030883793 24.365383148193363
decision_type=2 2 2 2 2 2 2 2 2 2 2 2 2 2 2 2 2 2 2 2 2 2 2 2 2 2 2 2 2 2
left_child=6 -2 3 4 -3 -6 10 9 -9 -8 12 -12 13 14 15 16 19 18 -16 20 21 22 24 -24 25 26 27 28 -1 -29
right_child=1 2 -4 -5 5 -7 7 8 -10 -11 11 -13 -14 -15 17 -17 -18 -19 -20 -21 -22 -23 23 -25 -26 -27 -28 29 -30 -31
leaf_value=2.0312172745225857e-05 0.0034367068950086829 0.0013136707228393509 -0.0017383442420897813 0.0030704094531635445 0.0002514761700497373 -0.0030496895355595788 -0.0014798780040884462 0.00029224869981408119 -0.0037960207836033825 0.001922292396369757 0.0049904048423438027 -0.0012437116770472911 -0.0030623077846097728 0.0023656661487034252 -0.00049131479097143588 0.002398582651550251 -0.0028230722908946602 0.0007987577080105743 -0.0043523498822469267 0.0019976739579578864 -0.0023932719285684554 -0.0018639361971746319 0.0035973998834379021 -0.00054228154825977984 -0.0020043120854534211 0.0022553745550491539 -0.0015681191980164795 0.0020794147105476302 -0.0041977789348757438 -0.00056776020496168689
leaf_weight=1822 20 26 29 30 23 22 27 25 39 33 24 28 27 31 28 31 22 24 20 20 22 23 32 20 25 24 38 77 31 57
leaf_count=1822 20 26 29 30 23 22 27 25 39 33 24 28 27 31 28 31 22 24 20 20 22 23 32 20 25 24 38 77 31 57
internal_value=1.45748e-12 0.000555204 0.000111896 0.000643154 -0.000382448 -0.00136243 -3.26591e-05 -0.000945642 -0.00219904 0.000391316 1.40062e-05 0.00163357 -2.14687e-05 1.35132e-05 -1.79707e-05 1.78313e-05 -1.55186e-05 -0.0011338 -0.00210008 1.26723e-05 -5.61421e-06 1.8829e-05 3.91976e-05 0.00200521 -1.0095e-05 1.42366e-05 -1.23251e-05 1.74284e-05 -5.02549e-05 0.000953378
internal_weight=2700 150 130 101 71 45 2550 124 64 60 2426 52 2374 2347 2316 2244 2213 72 48 2191 2171 2149 2126 52 2074 2049 2025 1987 1853 134
internal_count=2700 150 130 101 71 45 2550 124 64 60 2426 52 2374 2347 2316 2244 2213 72 48 2191 2171 2149 2126 52 2074 2049 2025 1987 1853 134
is_linear=0
shrinkage=0.1


Tree=55
num_leaves=31
num_cat=0
split_feature=7 7 9 6 9 3 7 1 4 3 10 4 8 1 7 1 6 3 3 5 7 4 8 1 6 7 4 7 7 1
split_gain=0.00396557 0.0155203 0.0103505 0.0224866 0.0106763 0.00879998 0.0170882 0.0268156 0.0185244 0.0130293 0.00782203 0.0155907 0.0172055 0.00562247 0.0114688 0.0090967 0.0158722 0.0283376 0.00585151 0.0543156 0.0232346 0.0219287 0.0243327 0.0302784 0.0131141 0.0142718 0.0126842 0.0226259 0.0457209 0.022185
threshold=57.123334884643562 63.105688095092781 47.522026062011726 34.058996200561531 27.188838958740238 43.912260055541999 21.120235443115238 102.50000000000001 44.599994659423835 41.869066238403327 39.848627090454109 32.470304489135749 32.432413101196296 138.50000000000003 3.0829538106918339 129.50000000000003 16.768729209899906 26.12927341461182 31.321892738342289 30.651180267333988 10.216581821441652 27.47660064697266 28.257985115051273 106.50000000000001 29.793056488037113 33.403106689453132 20.695787429809574 1.6043671965599062 5.3405961990356454 112.50000000000001
decision_type=2 2 2 2 2 2 2 2 2 2 2 2 2 2 2 2 2 2 2 2 2 2 2 2 2 2 2 2 2 2
left_child=5 -2 3 4 -3 9 8 -8 -7 10 11 12 13 15 -15 18 -17 -18 19 26 -21 22 23 24 25 -20 -1 29 -29 -28
right_child=1 2 -4 -5 -6 6 7 -9 -10 -11 -12 -13 -14 14 -16 16 17 -19 21 20 -22 -23 -24 -25 -26 -27 27 28 -30 -31
leaf_value=5.5116783351434194e-05 0.0030930362013168633 0.00031991806555245272 -0.0015645098133847631 0.0023473297367759406 -0.0024896230149481979 0.0024256845598574729 -0.00042790486596715758 -0.0047331053220778302 -0.0010980023612343782 0.0020836875224874043 -0.0019826832110993566 0.0023925389749584378 -0.0027458685591978875 -0.00038735449374855866 0.0028869197145104408 -0.0027036693854503996 0.0026133693997626721 -0.0024067286401987078 0.0029728850427394112 0.0057487362793282324 0.0010883416682918323 -0.0030004390065247813 0.0022519023377182228 -0.0035923857106744048 -0.0016614083073694598 -0.00064408220438053835 -0.00097628042704480528 0.0021696560105515851 -0.0028702349743495387 -0.0051736022578552365
leaf_weight=1873 20 38 29 42 21 25 39 23 37 30 20 27 23 23 20 34 23 22 24 23 20 30 35 28 22 20 34 45 30 20
leaf_count=1873 20 38 29 42 21 25 39 23 37 30 20 27 23 23 20 34 23 22 24 23 20 30 35 28 22 20 34 45 30 20
internal_value=4.20028e-12 0.000499684 0.000100707 0.000578838 -0.000680088 -2.93932e-05 -0.000851078 -0.002025 0.000322839 1.26056e-05 -1.33262e-05 3.2509e-06 -2.42122e-05 2.70016e-06 0.00113556 -1.86372e-05 -0.00107298 0.000159099 1.91545e-05 6.45885e-05 0.00358111 -0.0005652 1.13485e-06 -0.000836917 0.00033207 0.00132881 -1.09412e-05 -0.000970063 0.0001537 -0.00253084
internal_weight=2700 150 130 101 59 2550 124 62 62 2426 2396 2376 2349 2326 43 2283 79 45 2204 2045 43 159 129 94 66 44 2002 129 75 54
internal_count=2700 150 130 101 59 2550 124 62 62 2426 2396 2376 2349 2326 43 2283 79 45 2204 2045 43 159 129 94 66 44 2002 129 75 54
is_linear=0
shrinkage=0.1


Tree=56
num_leaves=31
num_cat=0
split_feature=3 4 8 6 6 9 8 10 5 9 7 4 3 10 9 8 4 1 8 8 7 7 9 7 3 9 3 10 3 9
split_gain=0.00389033 0.00409234 0.0137289 0.0180777 0.0119631 0.00715858 0.0252222 0.0158049 0.021112 0.0145489 0.0144553 0.00904706 0.0176243 0.012962 0.0130847 0.00875073 0.0132191 0.0171894 0.021278 0.00806202 0.00778143 0.0238114 0.00713153 0.0119234 0.0070503 0.0236631 0.0229955 0.0127319 0.0152607 0.0121631
threshold=4.3471896648406991 4.5758094787597665 7.2797772884368905 7.4998655319213876 6.7205915451049814 10.557247638702394 9.5788264274597186 11.719428062438968 12.745521068573 11.58327627182007 3.611443400382996 8.948850631713869 10.071603775024416 11.26892137527466 9.6108422279357928 9.9978890419006365 8.4470739364624041 84.500000000000014 11.661812782287599 8.7481913566589373 0.21630112826824185 0.31533814966678625 4.9691584110260019 2.7514103651046757 14.773464202880861 12.09257221221924 15.012695312500002 13.238395214080812 13.349843025207521 13.345205783843996
decision_type=2 2 2 2 2 2 2 2 2 2 2 2 2 2 2 2 2 2 2 2 2 2 2 2 2 2 2 2 2 2
left_child=-1 2 3 4 22 10 9 -8 -9 -7 11 12 19 14 -14 -10 17 -17 -19 -3 -18 -22 -2 -24 25 -23 -26 -27 -29 -30
right_child=1 5 -4 -5 -6 6 7 8 15 -11 -12 -13 13 -15 -16 16 20 18 -20 -21 21 24 23 -25 26 27 -28 28 29 -31
leaf_value=0.0013243583284995775 -5.9273957670264846e-05 8.4256655080369806e-05 0.0019896859442815186 -0.0036003408173564825 0.001595868270844221 -0.00068357074496281506 -0.0021331476766670888 0.002407573865776932 -0.0020848309132270519 -0.0037928430542470541 0.0012585170876345934 0.0016347024863916299 -0.0009937778509293612 0.00028936129752904748 -0.0043498687806450545 0.0029359546190659918 0.0014821684573579467 -0.0017209180325655075 0.0024032894331453879 0.0020694551503528721 -0.00341498540448291 -0.0013958658485318581 -0.00049633206587962136 -0.0035906513297231865 -0.0033765636096220646 0.0036765546724200253 -4.5693367928605535e-05 -0.0011019083516051373 -0.00015719596756918526 0.0027574708412696678
leaf_weight=22 58 185 20 20 25 34 34 37 20 27 133 31 26 26 21 35 33 29 22 23 21 42 33 20 21 20 1592 27 22 41
leaf_count=22 58 185 20 20 25 34 34 37 20 27 133 31 26 26 21 35 33 29 22 23 21 42 33 20 21 20 1592 27 22 41
internal_value=3.1928e-12 -1.08797e-05 -0.000476967 -0.000793205 -0.000380391 2.19066e-05 -5.67676e-05 4.44746e-06 4.14904e-05 -0.00205981 0.000385576 1.34572e-05 -0.000165399 -0.00150222 -0.00249331 -3.98757e-06 1.78586e-05 0.00122935 5.81519e-05 0.000303774 -3.94193e-05 -6.75337e-05 -0.000825494 -0.001664 -2.77057e-05 0.000623363 -8.90587e-05 0.00139434 0.000887183 0.00173965
internal_weight=2700 2678 176 156 136 2502 2057 1996 1962 61 445 312 281 73 47 1925 1905 86 51 208 1819 1786 111 53 1765 152 1613 110 90 63
internal_count=2700 2678 176 156 136 2502 2057 1996 1962 61 445 312 281 73 47 1925 1905 86 51 208 1819 1786 111 53 1765 152 1613 110 90 63
is_linear=0
shrinkage=0.1


Tree=57
num_leaves=31
num_cat=0
split_feature=7 7 8 1 4 7 3 9 7 6 9 6 4 1 1 9 1 9 3 10 5 3 3 3 4 10 10 5 3 5
split_gain=0.0039165 0.00693024 0.0106905 0.0163083 0.0113673 0.00959466 0.00699871 0.0177104 0.0253161 0.0122874 0.0243084 0.0132787 0.0240293 0.0110235 0.0107514 0.00927612 0.0137402 0.0120851 0.00890195 0.0244636 0.0277208 0.0133893 0.0288284 0.0326235 0.0188726 0.0123464 0.0157372 0.0149 0.0331901 0.0192674
threshold=212.61233520507815 57.123334884643562 14.187491893768312 91.500000000000014 17.759878158569339 78.785537719726577 43.912260055541999 47.522026062011726 11.901973724365236 36.653476715087898 38.854648590087898 35.306591033935554 30.97282695770264 86.500000000000014 105.50000000000001 31.021299362182621 109.50000000000001 32.711833953857429 34.979486465454109 32.18449783325196 31.993356704711918 30.116610527038578 29.474702835083011 28.861246109008793 20.816303253173832 28.0518913269043 27.447261810302738 26.51053619384766 26.12927341461182 25.766136169433601
decision_type=2 2 2 2 2 2 2 2 2 2 2 2 2 2 2 2 2 2 2 2 2 2 2 2 2 2 2 2 2 2
left_child=1 6 -3 4 -4 -5 9 13 -9 11 -11 12 15 -8 -10 18 17 -17 19 20 21 22 23 25 -23 26 27 28 29 -1
right_child=-2 2 3 5 -6 -7 7 8 14 10 -12 -13 -14 -15 -16 16 -18 -19 -20 -21 -22 24 -24 -25 -26 -27 -28 -29 -30 -31
leaf_value=-3.3722495389306813e-05 -0.0013941820524632931 -0.0014040990235980645 0.0016191559335724873 0.0038728369106336134 -0.0013336757685465273 0.0012121862858872523 -7.6078451238572602e-05 0.0032444519678219447 0.00048307855411068253 0.0041272677980097273 -0.00057850658549400778 -0.0023593425983563067 0.0034562675101915373 -0.0029514232941437514 -0.0026871294563170522 0.0012846755346766225 -0.0029770156583533839 -0.0018727247293678707 0.0013588268775492907 -0.0030093559339918474 0.0028109311445483139 -0.0035226946114562453 0.0032607364190173232 -0.0034813847582511326 0.00018762338292837178 0.0022261765897274017 -0.0027330447232262012 0.0011341510431231124 -0.0032931202241489967 0.0026095177396200601
leaf_weight=1826 20 20 22 23 32 33 20 21 23 21 23 24 20 40 20 27 26 22 48 27 35 26 27 27 29 25 21 113 31 28
leaf_count=1826 20 20 22 23 32 33 20 21 23 21 23 24 20 40 20 27 26 22 48 27 35 26 27 27 29 25 21 113 31 28
internal_value=-1.11758e-12 1.04043e-05 0.000722609 0.00110928 -0.00013067 0.00230495 -2.59042e-05 -0.000758684 0.000398464 1.15504e-05 0.00166743 -1.90368e-05 4.78306e-06 -0.00199298 -0.000991437 -2.4742e-05 -0.00111888 -0.000132933 1.15198e-05 -1.7677e-05 1.92405e-05 -2.61423e-05 1.42348e-05 -2.80905e-05 -0.00156635 1.75255e-05 -9.82287e-06 1.87996e-05 -4.80623e-05 6.19699e-06
internal_weight=2700 2680 130 110 54 56 2550 124 64 2426 44 2382 2358 60 43 2338 75 49 2263 2215 2188 2153 2098 2071 55 2044 2019 1998 1885 1854
internal_count=2700 2680 130 110 54 56 2550 124 64 2426 44 2382 2358 60 43 2338 75 49 2263 2215 2188 2153 2098 2071 55 2044 2019 1998 1885 1854
is_linear=0
shrinkage=0.1


Tree=58
num_leaves=31
num_cat=0
split_feature=1 1 7 7 7 9 3 5 5 5 8 5 3 5 3 10 9 8 3 5 3 6 6 8 6 6 4 8 1 8
split_gain=0.00347886 0.0083924 0.00393411 0.0214189 0.0153682 0.0417499 0.0197416 0.013814 0.0331951 0.0282851 0.0260612 0.0194105 0.0146127 0.0150332 0.0148114 0.0313875 0.0300265 0.0162424 0.0157961 0.0225632 0.0254372 0.0158494 0.0522322 0.0266965 0.0169644 0.0173626 0.0153814 0.0490201 0.0210481 0.0147615
threshold=144.50000000000003 138.50000000000003 8.2481079101562518 7.9974975585937509 9.9803962707519549 23.164620399475101 20.494641304016117 49.356590270996101 40.668283462524421 36.667999267578132 31.886609077453617 33.239162445068366 28.861246109008793 28.369635581970218 24.206997871398929 25.415155410766605 22.885300636291507 24.952840805053714 23.069911956787113 22.4088134765625 21.590635299682621 18.407496452331547 17.750913619995121 18.716816902160648 17.435807228088382 17.041936874389652 13.644906044006349 15.15255117416382 117.50000000000001 14.276007175445558
decision_type=2 2 2 2 2 2 2 2 2 2 2 2 2 2 2 2 2 2 2 2 2 2 2 2 2 2 2 2 2 2
left_child=1 2 3 7 5 6 -4 8 9 10 11 12 13 14 16 -16 18 -17 19 20 21 22 24 -23 25 26 27 29 -28 -1
right_child=-2 -3 4 -5 -6 -7 -8 -9 -10 -11 -12 -13 -14 -15 15 17 -18 -19 -20 -21 -22 23 -24 -25 -26 -27 28 -29 -30 -31
leaf_value=-7.092149742780696e-05 -0.0011986001297676317 0.0017648695509975638 0.0010968227449184805 -0.0032009350305253811 8.5712031675554312e-06 0.0049485142575576907 -0.0023494293500499973 0.0025522138574160637 -0.0041408248426159843 0.0036956538073718553 -0.0036756053240969777 0.0027791900288624068 -0.0017511731671059833 0.0025071058948726759 -0.004165837407560536 0.0011549134088011507 0.0035939600055470418 -0.002243263079700145 -0.0024443342591877336 0.0019818021111528985 -0.003311772171097497 0.0033797442061560498 -0.0043774849535631278 -0.00061653090524487202 0.0028809675690718 -0.0026113544662411396 0.002225222077871126 -0.0050068346725311132 -0.0013675913003019314 0.0022997425610406532
leaf_weight=966 24 27 68 22 879 24 22 20 20 20 20 24 51 23 27 39 23 22 27 55 24 35 28 32 20 26 63 20 22 27
leaf_count=966 24 27 68 22 879 24 22 20 20 20 20 24 51 23 27 39 23 22 27 55 24 35 28 32 20 26 63 20 22 27
internal_value=4.98538e-14 1.07498e-05 -7.12913e-06 -0.000101498 0.000150247 0.00124264 0.000254406 -5.97671e-05 -9.21337e-05 -4.13345e-05 -8.88185e-05 -4.26565e-05 -8.69207e-05 -2.95327e-05 -6.96033e-05 -0.00132713 1.12905e-05 -7.06584e-05 -4.99745e-05 -9.24605e-07 -8.72666e-05 -2.48065e-05 -0.000110322 0.00147108 -5.88085e-06 -5.72483e-05 3.23149e-06 -0.000105186 0.00129532 -6.46235e-06
internal_weight=2700 2676 2649 1656 993 114 90 1634 1614 1594 1574 1554 1530 1479 1456 88 1368 61 1345 1318 1263 1239 1172 67 1144 1124 1098 1013 85 993
internal_count=2700 2676 2649 1656 993 114 90 1634 1614 1594 1574 1554 1530 1479 1456 88 1368 61 1345 1318 1263 1239 1172 67 1144 1124 1098 1013 85 993
is_linear=0
shrinkage=0.1


Tree=59
num_leaves=31
num_cat=0
split_feature=3 9 7 8 4 6 8 9 7 9 4 7 9 10 6 3 5 8 3 8 10 8 7 7 3 3 1 7 8 8
split_gain=0.00347998 0.0083491 0.00627834 0.00627275 0.00646156 0.0110313 0.0231779 0.00973907 0.00645687 0.00858035 0.0106347 0.00580108 0.00556325 0.00695339 0.0111027 0.00473879 0.022305 0.015906 0.0158587 0.0132096 0.0220103 0.0157411 0.00982257 0.0198257 0.00971045 0.00850545 0.0223696 0.0198003 0.0190945 0.00855878
threshold=5.9947023391723642 4.3078587055206308 0.59724977612495433 5.9710497856140146 5.7877588272094735 8.9571461677551287 7.7905328273773202 11.814229488372805 9.4198079109191912 5.9940638542175302 4.5758094787597665 1.6964743733406069 6.9587237834930429 8.4683094024658221 8.3291797637939471 10.959869384765627 11.401692390441896 9.9978890419006365 11.529312133789064 7.7905328273773202 11.654214382171633 8.5754003524780291 0.21630112826824185 0.31533814966678625 9.8527956008911151 13.209649562835693 110.50000000000001 1.3762240409851076 10.485395908355715 12.538379669189455
decision_type=2 2 2 2 2 2 2 2 2 2 2 2 2 2 2 2 2 2 2 2 2 2 2 2 2 2 2 2 2 2
left_child=1 -1 -3 8 5 -5 -7 -8 9 11 -11 -2 -6 -14 -15 17 -17 24 -18 -20 -21 -22 -23 -24 -16 26 27 -25 -29 -27
right_child=3 2 -4 4 12 6 7 -9 -10 10 -12 -13 13 14 15 16 18 -19 19 20 21 22 23 25 -26 29 -28 28 -30 -31
leaf_value=-0.00053977236313971155 -0.0013673682140910792 0.00036987539920532568 0.0027589303055719941 0.0015518855969224809 -0.0016428574671625115 -0.0029024880485270512 0.0025007634761530662 -0.00037887654325459154 0.00093530355342885576 -0.0033058127836772693 -0.00034392926966326994 0.00052968712472647897 0.0014333449924103635 -0.0020833614658421046 0.00069275992706959214 -0.0032851009690646263 0.0027926727430894974 0.0026902621620268161 0.0022481290940195324 -0.0026666296989560582 -0.0026837263700806285 0.001598252690440093 -0.002943707848696605 -0.0017389459394370065 -0.0012738621812068711 -0.00054105730151705856 0.0038939980557188393 -0.00031374661846022157 0.0035445284908232483 5.251369896930405e-05
leaf_weight=33 27 22 22 71 21 22 23 24 21 27 22 40 33 26 74 21 20 28 25 32 22 38 23 33 38 288 20 29 23 1552
leaf_count=33 27 22 22 71 21 22 23 24 21 27 22 40 33 26 74 21 20 28 25 32 22 38 23 33 38 288 20 29 23 1552
internal_value=-7.01146e-12 0.000662613 0.0015644 -1.94515e-05 1.68513e-05 0.000676812 -0.000223626 0.00103031 -0.000678201 -0.0009703 -0.00197599 -0.000234798 -2.25326e-05 -7.89739e-06 -2.86483e-05 -5.07256e-06 -4.21821e-05 0.000558463 -9.82999e-06 -3.67125e-05 -6.44412e-05 -2.3381e-05 5.79528e-06 -2.49534e-05 2.55131e-05 9.56144e-06 0.000884955 0.000176945 0.0013928 -4.03931e-05
internal_weight=2700 77 44 2623 2486 140 69 47 137 116 49 67 2346 2325 2292 2266 2126 140 2105 2085 2060 2028 2006 1968 112 1945 105 85 52 1840
internal_count=2700 77 44 2623 2486 140 69 47 137 116 49 67 2346 2325 2292 2266 2126 140 2105 2085 2060 2028 2006 1968 112 1945 105 85 52 1840
is_linear=0
shrinkage=0.1


Tree=60
num_leaves=31
num_cat=0
split_feature=9 4 4 9 8 8 5 3 6 8 6 10 5 3 5 9 8 9 3 10 9 1 4 9 9 4 5 4 8 1
split_gain=0.00348775 0.00744236 0.00579538 0.0156726 0.0151495 0.0108504 0.0062589 0.018676 0.022966 0.0131828 0.0158555 0.00861288 0.0274091 0.0268208 0.0245123 0.0242863 0.0227304 0.0108121 0.0105957 0.0333846 0.0237817 0.0128003 0.0183195 0.0117976 0.0261912 0.0171662 0.0160495 0.00993426 0.0344849 0.0318915
threshold=63.123437881469734 48.148630142211921 38.365652084350593 47.522026062011726 39.010753631591804 37.131572723388679 49.356590270996101 44.486776351928718 36.653476715087898 33.843008041381843 34.354961395263679 33.316356658935554 33.239162445068366 33.513771057128913 35.905193328857429 27.464918136596683 29.973093986511234 30.878823280334476 30.116610527038578 29.212847709655765 26.848709106445316 106.50000000000001 21.387613296508793 24.882783889770511 24.365383148193363 21.11763954162598 28.177655220031742 16.695786476135257 18.354041099548343 126.50000000000001
decision_type=2 2 2 2 2 2 2 2 2 2 2 2 2 2 2 2 2 2 2 2 2 2 2 2 2 2 2 2 2 2
left_child=1 2 4 -4 5 6 7 8 9 10 11 12 18 -14 -13 -16 17 -17 19 20 23 22 -20 24 25 27 -25 28 -1 -29
right_child=-2 -3 3 -5 -6 -7 -8 -9 -10 -11 -12 14 13 -15 15 16 -18 -19 21 -21 -22 -23 -24 26 -26 -27 -28 29 -30 -31
leaf_value=-9.0471869148901835e-06 -0.0010722240541751187 0.0018031180350352892 -0.0028157698877084142 0.00048962355540425049 0.0019746409358982094 -0.0023313394002616407 0.0015214453968736862 -0.002577428922190198 0.0029203163097716043 -0.0023950312934491948 0.0026827705484306951 -0.0029430580484729849 0.005217393841594458 3.8515869528055196e-05 0.0029749311739578847 -0.0005227578285017184 0.0021750221215188505 -0.0031591676874086262 -0.0014339085999071882 0.0038252552748536286 -0.0031352531504429261 -0.0025854139232679325 0.0018345373373853766 0.0025826287682866678 -0.0034425729462368923 0.0023242512826982423 -0.00078004789538681511 -0.00025458100849041679 0.002558654674983161 -0.0043435515081953436
leaf_weight=1666 30 23 26 32 39 20 27 28 27 23 22 38 20 20 22 35 20 28 47 23 24 34 27 40 22 32 22 208 54 21
leaf_count=1666 30 23 26 32 39 20 27 28 27 23 22 38 20 20 22 35 20 28 47 23 24 34 27 40 22 32 22 208 54 21
internal_value=-3.16979e-12 1.20475e-05 -3.5153e-06 -0.000992105 1.86315e-05 -1.12839e-05 7.05646e-06 -9.27933e-06 1.97745e-05 -1.22168e-05 1.03831e-05 -1.40832e-05 3.35392e-05 0.00262795 -0.000766717 2.09115e-05 -0.000762082 -0.0016945 -1.3207e-05 3.61959e-05 -5.52189e-06 -0.000979308 -0.000241368 3.08527e-05 -1.11998e-05 2.69073e-05 0.00138942 -1.08121e-05 7.15667e-05 -0.000629552
internal_weight=2700 2670 2647 58 2589 2550 2530 2503 2475 2448 2425 2403 2260 40 143 105 83 63 2220 2112 2089 108 74 2065 2003 1981 62 1949 1720 229
internal_count=2700 2670 2647 58 2589 2550 2530 2503 2475 2448 2425 2403 2260 40 143 105 83 63 2220 2112 2089 108 74 2065 2003 1981 62 1949 1720 229
is_linear=0
shrinkage=0.1


Tree=61
num_leaves=31
num_cat=0
split_feature=7 7 4 7 4 4 8 4 10 9 7 6 4 4 3 8 6 9 6 4 10 4 5 5 8 8 8 8 9 4
split_gain=0.00346407 0.00571692 0.00979613 0.0121427 0.0105098 0.00671396 0.0129709 0.0122308 0.0131624 0.00756857 0.0145646 0.0137373 0.021562 0.00958478 0.0326622 0.00796488 0.0215683 0.0168762 0.0123146 0.017092 0.0102738 0.0245037 0.0172859 0.0121831 0.00981241 0.0146198 0.0234836 0.0167066 0.0218699 0.0178875
threshold=212.61233520507815 57.123334884643562 27.47660064697266 69.167430877685561 17.552157402038578 44.599994659423835 54.72319412231446 39.632141113281257 45.429277420043952 36.884944915771491 14.99980401992798 35.306591033935554 30.97282695770264 27.47660064697266 32.684883117675788 28.257985115051273 29.793056488037113 32.522233963012702 28.020032882690433 23.925613403320316 29.49497222900391 20.970250129699707 29.602122306823734 28.95475006103516 25.460943222045902 24.473973274230961 23.328968048095707 22.276827812194828 23.499123573303226 20.504106521606449
decision_type=2 2 2 2 2 2 2 2 2 2 2 2 2 2 2 2 2 2 2 2 2 2 2 2 2 2 2 2 2 2
left_child=1 5 3 -3 -5 7 -7 8 9 11 -11 12 13 15 -15 16 18 -17 20 -20 22 -22 23 24 25 26 27 28 29 -1
right_child=-2 2 -4 4 -6 6 -8 -9 -10 10 -12 -13 -14 14 -16 17 -18 -19 19 -21 21 -23 -24 -25 -26 -27 -28 -29 -30 -31
leaf_value=1.3121584816293609e-05 -0.0013111850246787073 0.0018065969688528831 0.002032893816814632 0.0005064031199019935 -0.0020678731536589051 -0.0026721012166321832 0.00045724509355540464 0.0021172687995540738 -0.0020702857073516615 -0.00028961314302351743 0.0032217707895185982 -0.0020477924326604063 0.0032762195383838847 0.0018980143964290618 -0.0031678653086003451 -0.00026980704780475332 -0.0023795310714233081 0.0035060966061428189 0.0038350305915810165 -0.00020415852777659895 -0.0029499027827518554 0.0011751980734212946 0.0022637099117085147 -0.002119847954815702 0.0022224886668846013 -0.0023594096240300974 0.0027144301362568516 -0.00221396542756873 0.0027010805346071721 -0.0028550487628143111
leaf_weight=1869 20 29 37 35 29 27 26 27 31 27 21 33 20 20 35 29 38 20 20 22 36 24 34 27 20 26 32 34 30 22
leaf_count=1869 20 29 37 35 29 27 26 27 31 27 21 33 20 20 35 29 38 20 20 22 36 24 34 27 20 26 32 34 30 22
internal_value=1.49157e-13 9.78496e-06 0.000656647 0.000109109 -0.000660066 -2.31923e-05 -0.00113695 4.47693e-07 -2.26916e-05 3.33353e-06 0.00124662 -2.16257e-05 6.73028e-06 -2.1238e-05 -0.00132573 1.01886e-05 -1.7474e-05 0.00127138 2.33995e-05 0.00171926 -9.66753e-06 -0.00129986 2.73008e-05 -9.6108e-06 1.8415e-05 -3.48342e-06 2.7344e-05 -1.6639e-05 2.22517e-05 -2.02469e-05
internal_weight=2700 2680 130 93 64 2550 53 2497 2470 2439 48 2391 2358 2338 55 2283 2234 49 2196 42 2154 60 2094 2060 2033 2013 1987 1955 1921 1891
internal_count=2700 2680 130 93 64 2550 53 2497 2470 2439 48 2391 2358 2338 55 2283 2234 49 2196 42 2154 60 2094 2060 2033 2013 1987 1955 1921 1891
is_linear=0
shrinkage=0.1


Tree=62
num_leaves=31
num_cat=0
split_feature=5 5 10 4 8 7 7 6 4 1 4 6 3 4 10 9 10 5 10 5 3 8 4 4 8 8 4 8 8 5
split_gain=0.00341617 0.00855858 0.00566523 0.0133857 0.0136487 0.0163547 0.013334 0.00766455 0.00912342 0.0137826 0.0108933 0.0125411 0.0260061 0.0159388 0.0248035 0.00804451 0.0139858 0.0116402 0.0120326 0.011264 0.0113859 0.0267718 0.0182891 0.0263533 0.0141157 0.0164456 0.0166388 0.0114506 0.00839972 0.012387
threshold=65.169845581054702 72.509941101074233 58.997518539428718 44.599994659423835 39.010753631591804 29.610727310180668 12.810269832611086 39.441143035888679 32.470304489135749 101.50000000000001 30.46987342834473 34.354961395263679 44.486776351928718 27.47660064697266 33.316356658935554 32.522233963012702 37.773128509521491 36.479637145996101 33.316356658935554 32.737255096435554 28.336924552917484 25.610903739929203 25.140661239624027 23.323474884033207 24.473973274230961 20.370058059692386 20.215501785278324 18.903525352478031 24.473973274230961 26.51053619384766
decision_type=2 2 2 2 2 2 2 2 2 2 2 2 2 2 2 2 2 2 2 2 2 2 2 2 2 2 2 2 2 2
left_child=2 -2 3 4 7 6 -6 8 10 -10 11 13 -13 15 -15 16 17 18 19 20 21 28 23 24 25 27 -27 -22 29 -1
right_child=1 -3 -4 -5 5 -7 -8 -9 9 -11 -12 12 -14 14 -16 -17 -18 -19 -20 -21 22 -23 -24 -25 -26 26 -28 -29 -30 -31
leaf_value=-2.572781901323406e-05 -0.0024212560767773541 0.0002493528152505557 0.0016921250522136688 -0.0023991726192078839 0.0019525290604426781 0.0035260398134899641 -0.0016150863637449222 -0.0015508433692957625 0.0033648562990128993 -0.00030317508748599461 -0.0018807003372198633 0.0043206292219110766 -0.00071791334388156736 0.00030775916681665441 -0.0045074132969602941 0.0015156780954982555 -0.0025807416892521793 0.0017957190319672616 -0.0019732986238875216 0.0016133181079355783 -0.00056896437784995546 0.0035133402588226922 -0.0035780918340952623 0.0026831127298266992 -0.0033669085909856394 0.0027728241610178806 -0.001030930288075267 -0.0036013177293352781 -0.0017798844312962433 0.0011688250260284314
leaf_weight=1884 20 30 20 23 22 24 20 32 20 21 31 20 21 23 20 35 21 36 31 43 33 22 21 23 21 23 23 20 26 91
leaf_count=1884 20 30 20 23 22 24 20 32 20 21 31 20 21 23 20 35 21 36 31 43 33 22 21 23 21 23 23 20 26 91
internal_value=-1.36367e-12 -0.000818891 1.54508e-05 2.70039e-06 2.38907e-05 0.00144362 0.000253665 -1.29854e-05 6.62859e-06 0.00148611 -1.79495e-05 5.74575e-06 0.00173991 -2.39291e-05 -0.00193186 1.09374e-05 -1.1783e-05 1.17034e-05 -1.6702e-05 1.04973e-05 -2.10168e-05 4.39488e-05 -0.00082239 -0.000417707 -0.00101203 -0.000512511 0.000870947 -0.00171325 5.80453e-06 2.93123e-05
internal_weight=2700 50 2650 2630 2607 66 42 2541 2509 41 2468 2437 41 2396 43 2353 2318 2297 2261 2230 2187 2023 164 143 120 99 46 53 2001 1975
internal_count=2700 50 2650 2630 2607 66 42 2541 2509 41 2468 2437 41 2396 43 2353 2318 2297 2261 2230 2187 2023 164 143 120 99 46 53 2001 1975
is_linear=0
shrinkage=0.1


Tree=63
num_leaves=31
num_cat=0
split_feature=9 8 8 6 6 3 5 5 9 6 4 9 3 4 8 6 8 4 10 9 9 8 10 1 1 10 9 8 8 4
split_gain=0.00321838 0.0380591 0.0187213 0.0166081 0.0208898 0.0137991 0.0160031 0.033913 0.026632 0.0410383 0.0252 0.0248203 0.0165637 0.0161927 0.025316 0.0206157 0.0133734 0.0438617 0.0256797 0.022825 0.0171121 0.0230599 0.014926 0.0238898 0.0135899 0.0132419 0.0245161 0.0130118 0.0127237 0.017172
threshold=16.137351036071781 14.749210357666017 13.822784900665283 16.768729209899906 16.29262733459473 16.441022872924808 20.082798957824711 19.42445278167725 19.667577743530273 19.802003860473636 14.103806972503664 17.092880249023441 20.867104530334476 12.425897598266603 17.280622482299808 19.41036415100098 12.538379669189455 12.237901210784914 14.983723640441896 13.13352155685425 15.002699851989748 13.159404277801515 15.619581222534181 105.50000000000001 87.500000000000014 21.76377105712891 17.531980514526371 13.530367851257326 19.619382858276371 16.624559402465824
decision_type=2 2 2 2 2 2 2 2 2 2 2 2 2 2 2 2 2 2 2 2 2 2 2 2 2 2 2 2 2 2
left_child=3 2 -2 4 16 -3 7 10 13 -10 -7 -12 -11 -8 25 -16 19 20 -19 -1 21 -18 -20 -24 -21 26 -15 -23 29 -14
right_child=1 5 -4 -5 -6 6 8 -9 9 12 11 -13 28 14 15 -17 17 18 22 24 -22 27 23 -25 -26 -27 -28 -29 -30 -31
leaf_value=8.8551198774907788e-05 -0.00076594741121162346 0.0026247172500006855 -0.0039482432753882475 0.0022589152138347605 -0.0029354698863639701 -0.0025712076141017268 0.0036998386209006642 -0.0046042912801646674 -0.004105112934485078 0.0022355575765686808 0.0032648140367550343 -0.0012449162514910671 -6.1224580814058966e-05 0.00085392600063325687 0.0045154880266636615 0.0006971963110470003 0.0031660144646593839 -0.0032823582036563986 0.0024792132367703903 0.00051908138663169336 0.004877614072756842 -0.0017230352640829304 0.0010694817025610742 -0.002381401329434344 -0.0023678426515996564 0.0014058577219167581 -0.0038154274098236456 0.0017162808174775405 5.4952320303748096e-05 -0.0026194592874327848
leaf_weight=967 38 20 36 35 23 29 24 23 25 32 26 23 65 23 26 31 48 26 23 22 20 22 47 35 63 26 22 22 834 44
leaf_count=967 38 20 36 35 23 29 24 23 25 32 26 23 65 23 26 31 48 26 23 22 20 22 47 35 63 26 22 22 834 44
internal_value=5.7342e-13 -0.000109421 -0.00231409 0.000108936 5.18425e-05 1.8737e-05 -2.28588e-05 -0.00122982 8.29597e-05 -0.000104496 -0.000234781 0.001148 -1.91562e-06 0.00131622 0.000869289 0.00243887 0.000104899 0.000773537 -0.000468724 -4.95488e-05 0.00222654 0.00165022 0.000227986 -0.000403456 -0.00162064 -0.0003908 -0.00142887 -3.37722e-06 -7.78426e-05 -0.00109391
internal_weight=2700 1347 74 1353 1318 1273 1253 101 1152 1000 78 49 975 152 128 57 1295 243 131 1052 112 92 105 82 85 71 45 44 943 109
internal_count=2700 1347 74 1353 1318 1273 1253 101 1152 1000 78 49 975 152 128 57 1295 243 131 1052 112 92 105 82 85 71 45 44 943 109
is_linear=0
shrinkage=0.1


Tree=64
num_leaves=31
num_cat=0
split_feature=9 4 4 9 8 8 5 3 6 8 6 10 5 3 3 7 9 8 1 3 10 9 8 1 9 9 4 5 8 8
split_gain=0.00322372 0.00728068 0.00520425 0.0129638 0.0110283 0.00788025 0.00632816 0.0143782 0.01567 0.0102892 0.0110154 0.00509674 0.019211 0.0212854 0.0175965 0.0124573 0.0114558 0.00786055 0.00911191 0.00757264 0.0261063 0.0211591 0.0115527 0.0221562 0.00935377 0.0225151 0.0142944 0.013097 0.00991779 0.012536
threshold=63.123437881469734 48.148630142211921 38.365652084350593 47.522026062011726 39.010753631591804 37.131572723388679 49.356590270996101 44.486776351928718 36.653476715087898 33.843008041381843 34.354961395263679 33.316356658935554 33.239162445068366 33.513771057128913 34.979486465454109 17.455768585205082 27.464918136596683 28.257985115051273 89.500000000000014 30.116610527038578 29.212847709655765 26.848709106445316 27.631954193115238 89.500000000000014 24.882783889770511 24.365383148193363 21.11763954162598 28.177655220031742 21.77115631103516 20.114763259887699
decision_type=2 2 2 2 2 2 2 2 2 2 2 2 2 2 2 2 2 2 2 2 2 2 2 2 2 2 2 2 2 2
left_child=1 2 4 -4 5 6 7 8 9 10 11 12 19 -14 -13 -16 -17 18 -18 20 21 24 23 -21 25 26 28 -26 29 -1
right_child=-2 -3 3 -5 -6 -7 -8 -9 -10 -11 -12 14 13 -15 15 16 17 -19 -20 22 -22 -23 -24 -25 27 -27 -28 -29 -30 -31
leaf_value=-4.1530170403616338e-05 -0.0010308412835001947 0.0017830920000763044 -0.0025992237051328769 0.00040698542234167694 0.0016860616581442838 -0.00198552280664444 0.0015300268794547905 -0.0022624999841874736 0.0024122576591455273 -0.0021152005409416949 0.0022373500521511726 -0.0028375688487098424 0.0045049736509099603 -0.0001086403662338853 0.0022262387583032251 0.0013178545106202364 -0.00048447259607547452 0.0002026213171820228 -0.0033655674307026305 0.0016691449637125646 0.003379426787242941 -0.0029602483448494849 -0.002577958462227668 -0.0016855413591030004 0.0023137613700237127 -0.003192734581799331 0.0021204539532845958 -0.00072390532375059356 -0.0019136056881742898 0.0011426115856862607
leaf_weight=1828 30 23 26 32 39 20 27 28 27 23 22 28 20 20 20 25 21 26 23 35 23 24 28 45 40 22 32 22 27 94
leaf_count=1828 30 23 26 32 39 20 27 28 27 23 22 28 20 20 20 25 21 26 23 35 23 24 28 45 40 22 32 22 27 94
internal_value=-4.29412e-12 1.15825e-05 -3.81031e-06 -0.000940626 1.71767e-05 -8.34746e-06 7.28239e-06 -9.14354e-06 1.6349e-05 -1.00765e-05 9.88964e-06 -1.05033e-05 2.61307e-05 0.00219817 -0.000589473 -4.21103e-05 -0.000519657 -0.00117591 -0.0019905 -1.30051e-05 2.87598e-05 -8.1312e-06 -0.000829742 -0.000217866 2.61791e-05 -1.12654e-05 2.40664e-05 0.00123588 -1.03535e-05 1.63831e-05
internal_weight=2700 2670 2647 58 2589 2550 2530 2503 2475 2448 2425 2403 2260 40 143 115 95 70 44 2220 2112 2089 108 80 2065 2003 1981 62 1949 1922
internal_count=2700 2670 2647 58 2589 2550 2530 2503 2475 2448 2425 2403 2260 40 143 115 95 70 44 2220 2112 2089 108 80 2065 2003 1981 62 1949 1922
is_linear=0
shrinkage=0.1


Tree=65
num_leaves=31
num_cat=0
split_feature=1 1 1 4 7 9 6 9 8 1 3 1 10 1 7 7 6 8 3 5 7 9 3 4 7 8 9 4 4 10
split_gain=0.00328751 0.01355 0.01149 0.0109106 0.0239046 0.00682364 0.00550671 0.0161141 0.0127832 0.00749855 0.00695907 0.0118823 0.00812213 0.00780884 0.00506086 0.0310611 0.03011 0.0291493 0.0254374 0.0384411 0.0153586 0.0400816 0.0165364 0.0157875 0.0271044 0.0193193 0.0143173 0.0185368 0.0367934 0.0246742
threshold=75.500000000000014 71.500000000000014 76.500000000000014 20.970250129699707 3.45810878276825 18.274333953857425 20.880974769592289 12.556375026702883 19.506251335144047 63.500000000000007 10.169781208038332 63.500000000000007 8.676633834838869 60.500000000000007 8.2481079101562518 7.084186553955079 43.397848129272468 14.477857589721681 36.463342666625984 35.016202926635749 10.216581821441652 23.164620399475101 20.494641304016117 30.169682502746586 54.504503250122077 32.432413101196296 10.634117603302004 12.038493633270265 11.196409702301027 29.413200378417972
decision_type=2 2 2 2 2 2 2 2 2 2 2 2 2 2 2 2 2 2 2 2 2 2 2 2 2 2 2 2 2 2
left_child=1 6 -2 4 -3 -6 7 10 -8 -10 12 -12 13 -1 15 16 18 -17 19 -4 21 22 -16 25 -25 26 -22 28 -28 -29
right_child=2 3 14 -5 5 -7 8 -9 9 -11 11 -13 -14 -15 20 17 -18 -19 -20 -21 23 -23 -24 24 -26 -27 27 29 -30 -31
leaf_value=0.0011645621913802726 0.0017474082276189272 0.00020971033534604227 -4.4144781683618173e-05 0.00066769092615383372 -0.0022042029938692679 -0.0046052023395895961 -0.0027831233059987426 0.0017089131647293155 0.0011743599351382618 -0.00092676619932587653 0.00046332361479289831 -0.0025361045046468334 0.0018953307330548343 -0.0012533276587954093 0.001233583738513548 -0.00011306427557893256 0.0036942142199470917 -0.0036540799794475675 -0.0030738553170252731 0.0041718328032981263 0.0024796566733857619 0.0052569545716756871 -0.0019862968686290765 -0.0018468323881793564 0.0015319612335133572 0.0028290941479748918 -0.00018737995813946043 0.0014117604918563022 -0.0040870646796455348 -0.00028945683625352102
leaf_weight=22 39 36 1276 24 29 20 20 63 33 35 25 28 24 34 58 47 22 46 27 22 25 21 22 92 32 28 178 156 28 188
leaf_count=22 39 36 1276 24 29 20 20 63 33 35 25 28 24 34 58 47 22 46 27 22 25 21 22 92 32 28 178 156 28 188
internal_value=2.69163e-12 -0.000267349 4.55433e-05 -0.00121515 -0.00174678 -0.0031842 9.64206e-05 0.000391474 -0.000560743 9.2898e-05 -0.000232576 -0.00112128 0.00035619 -0.000303442 1.62784e-05 -9.69941e-05 2.5041e-05 -0.00186453 -3.58811e-05 2.73125e-05 0.000213274 0.00136877 0.000348117 5.27449e-05 -0.000974886 0.000264065 0.00013916 3.27733e-05 -0.000717434 0.000482025
internal_weight=2700 393 2307 109 85 49 284 196 88 68 133 53 80 56 2268 1440 1347 93 1325 1298 828 101 80 727 124 603 575 550 206 344
internal_count=2700 393 2307 109 85 49 284 196 88 68 133 53 80 56 2268 1440 1347 93 1325 1298 828 101 80 727 124 603 575 550 206 344
is_linear=0
shrinkage=0.1


Tree=66
num_leaves=31
num_cat=0
split_feature=7 7 7 6 10 7 4 8 4 3 9 10 6 6 4 4 3 8 6 7 6 4 10 4 5 5 5 3 5 3
split_gain=0.00319118 0.00456681 0.00791493 0.00664441 0.0173177 0.00622319 0.0054551 0.0111372 0.0104274 0.0103634 0.0101942 0.0219532 0.0197754 0.0128052 0.0174164 0.00744489 0.0236662 0.00648949 0.0146827 0.0120145 0.00923166 0.0137929 0.00706287 0.0200797 0.0126417 0.0100486 0.00959115 0.0176359 0.011029 0.0421587
threshold=212.61233520507815 57.123334884643562 63.105688095092781 34.058996200561531 50.782611846923835 90.561084747314467 44.599994659423835 54.72319412231446 39.632141113281257 47.948009490966804 40.483945846557624 41.82336616516114 36.653476715087898 35.306591033935554 30.97282695770264 27.47660064697266 32.684883117675788 28.257985115051273 29.793056488037113 21.491834640502933 28.020032882690433 23.925613403320316 29.49497222900391 20.970250129699707 29.602122306823734 28.95475006103516 28.369635581970218 28.037163734436039 26.416578292846683 26.12927341461182
decision_type=2 2 2 2 2 2 2 2 2 2 2 2 2 2 2 2 2 2 2 2 2 2 2 2 2 2 2 2 2 2
left_child=1 6 -3 5 -5 -4 8 -8 9 10 11 12 13 14 15 17 -17 18 20 -19 22 -22 24 -24 25 26 27 28 29 -1
right_child=-2 2 3 4 -6 -7 7 -9 -10 -11 -12 -13 -14 -15 -16 16 -18 19 -20 -21 21 -23 23 -25 -26 -27 -28 -29 -30 -31
leaf_value=1.3741055703099342e-05 -0.0012584804091602564 0.0024174624239094557 -0.0012325543114504974 0.0029005578320580893 -0.00074928389289058168 0.00094672912731766704 -0.0024465198848500022 0.00045320995671388053 0.001955773238161648 -0.0022872372949495914 0.0022468142263824121 -0.002855713644789325 0.0029960989359427582 -0.0023639800027012827 0.0029454770393203943 0.0015763439168222249 -0.0027358335988329988 -0.00020806534282330957 -0.0019642390151459136 0.0029561222109588843 0.0033873282198328527 -0.00024116196965968067 -0.0025736881770879135 0.0011605089569153885 0.0019329156137674172 -0.0019276684814098256 0.0018198537423500215 -0.0028945706829073886 0.0010013167819663607 -0.0043897308224007834
leaf_weight=1853 20 20 38 26 26 20 27 26 27 20 20 27 22 23 20 20 35 28 38 21 20 22 36 24 34 27 29 21 108 22
leaf_count=1853 20 20 38 26 26 20 27 26 27 20 20 27 22 23 20 20 35 28 38 21 20 22 36 24 34 27 29 21 108 22
internal_value=-2.48326e-12 9.39164e-06 0.000587538 0.000254824 0.00107564 -0.000481077 -2.00825e-05 -0.00102401 1.22639e-06 -2.01391e-05 -1.63218e-06 -2.01379e-05 1.17225e-05 -1.58526e-05 7.05111e-06 -1.80851e-05 -0.00116777 9.61203e-06 -1.53574e-05 0.00114802 1.83664e-05 0.00148669 -1.02639e-05 -0.00108001 2.03879e-05 -1.11781e-05 1.42745e-05 -1.18541e-05 1.86739e-05 -3.79263e-05
internal_weight=2700 2680 130 110 52 58 2550 53 2497 2470 2450 2430 2403 2381 2358 2338 55 2283 2234 49 2196 42 2154 60 2094 2060 2033 2004 1983 1875
internal_count=2700 2680 130 110 52 58 2550 53 2497 2470 2450 2430 2403 2381 2358 2338 55 2283 2234 49 2196 42 2154 60 2094 2060 2033 2004 1983 1875
is_linear=0
shrinkage=0.1


Tree=67
num_leaves=31
num_cat=0
split_feature=3 8 4 6 3 10 8 9 5 9 4 4 9 3 10 10 4 8 9 8 4 9 9 9 9 9 6 8 9 8
split_gain=0.0030598 0.00346143 0.00503849 0.00842492 0.00349811 0.00445566 0.00404845 0.012931 0.0188765 0.00937138 0.00922286 0.0078207 0.00758869 0.00652561 0.0145903 0.00600167 0.00571463 0.00664114 0.006537 0.0136082 0.00960301 0.00638412 0.00599155 0.00821021 0.0132712 0.0114512 0.0209364 0.010406 0.0075994 0.024927
threshold=4.3471896648406991 4.4100325107574472 2.8086967468261723 4.8469064235687265 6.6358244419097909 6.3993525505065927 6.5801081657409677 7.8318376541137704 9.0259437561035174 6.2568554878234872 6.1196920871734628 6.8305578231811532 11.814229488372805 9.9850835800170916 11.983208656311037 9.1555733680725115 7.1471509933471689 7.989722967147828 9.3898777961730975 9.0295910835266131 7.6938562393188485 8.9754791259765643 9.963294982910158 10.290165901184084 10.557247638702394 10.831261157989504 11.092008590698244 9.9978890419006365 13.13352155685425 12.264848709106447
decision_type=2 2 2 2 2 2 2 2 2 2 2 2 2 2 2 2 2 2 2 2 2 2 2 2 2 2 2 2 2 2
left_child=-1 2 -2 -4 5 -3 7 8 9 -6 12 13 -8 -12 -15 -10 21 -18 -19 -20 -21 -13 -22 -24 -25 -26 -27 -28 -29 -30
right_child=1 4 3 -5 6 -7 10 -9 15 -11 11 16 -14 14 -16 -17 17 18 19 20 22 -23 23 24 25 26 27 28 29 -31
leaf_value=0.0011745156127620827 0.00051077961847609417 -0.00012180323873718197 -2.0470360101646058e-05 -0.0027908277243287082 -9.3001133665956307e-06 0.0017123077724439401 0.0012427620232292878 -0.0025444680592045191 0.00243864792957902 -0.0025302731649329267 0.00018981918721692638 -6.6402246276001361e-05 -0.0005202554482821143 -0.003697413060304132 -0.00028357700474800605 0.00028841337016611185 -0.0018268298005568796 0.0012867233469688263 -0.0018018365626977313 0.001855735983450099 0.0014437958008264625 0.0023426933091038583 -0.0016439781907284933 0.0024966349913960414 -0.0020030551268879712 0.003217598607297987 -0.0021489754314445789 0.00055801488317748797 -0.0019848650836414013 -1.8803535590393638e-06
leaf_weight=22 22 26 23 21 29 27 103 26 25 30 30 22 32 21 31 27 20 39 42 28 28 22 31 21 29 20 23 210 66 1604
leaf_count=22 22 26 23 21 29 27 103 26 25 30 30 22 32 21 31 27 20 39 42 28 28 22 31 21 29 20 23 210 66 1604
internal_value=1.65542e-12 -9.64874e-06 -0.000724864 -0.00134269 8.42332e-06 0.000812555 -8.23123e-06 -0.000537085 -6.68877e-05 -0.00129115 2.16833e-05 -2.57277e-05 0.000824862 -0.000984658 -0.00166224 0.00132218 9.93318e-06 -1.30383e-05 3.90512e-06 -1.9896e-05 1.64348e-05 0.00113815 -8.90985e-06 -2.92071e-05 -3.83567e-06 -3.07362e-05 -9.9247e-07 -3.4819e-05 -8.95429e-06 -8.02498e-05
internal_weight=2700 2678 66 44 2612 53 2559 137 111 59 2422 2287 135 82 52 52 2205 2161 2141 2102 2060 44 2032 2004 1973 1952 1923 1903 1880 1670
internal_count=2700 2678 66 44 2612 53 2559 137 111 59 2422 2287 135 82 52 52 2205 2161 2141 2102 2060 44 2032 2004 1973 1952 1923 1903 1880 1670
is_linear=0
shrinkage=0.1


Tree=68
num_leaves=31
num_cat=0
split_feature=1 1 7 7 7 1 7 7 7 1 4 10 4 1 1 7 6 1 1 7 3 10 6 3 3 4 1 1 1 8
split_gain=0.00311083 0.00687042 0.00382331 0.0279884 0.0353029 0.0123378 0.0235654 0.0149294 0.0174598 0.0115179 0.0107443 0.0243169 0.0135472 0.0168465 0.0167378 0.0112906 0.010378 0.00955013 0.0181117 0.00932909 0.0259673 0.0085325 0.0385624 0.00920645 0.0112584 0.0084683 0.0183127 0.0266801 0.0179488 0.0159214
threshold=144.50000000000003 138.50000000000003 0.83222135901451122 0.72072488069534313 0.75957837700843822 117.50000000000001 0.33102603256702429 0.50027924776077282 0.41405045986175543 104.50000000000001 37.50184631347657 49.875762939453132 31.847651481628422 102.50000000000001 91.500000000000014 0.95258226990699779 10.25084447860718 96.500000000000014 113.50000000000001 0.25864005088806158 10.959869384765627 50.782611846923835 38.921527862548835 44.486776351928718 41.210859298706062 25.140661239624027 93.500000000000014 77.500000000000014 119.50000000000001 27.886069297790531
decision_type=2 2 2 2 2 2 2 2 2 2 2 2 2 2 2 2 2 2 2 2 2 2 2 2 2 2 2 2 2 2
left_child=1 2 3 5 -5 7 -7 8 9 19 12 -12 15 14 -14 16 -4 -13 -19 20 -1 22 23 24 25 29 27 -27 -28 -17
right_child=-2 -3 10 4 -6 6 -8 -9 -10 -11 11 17 13 -15 -16 21 -18 18 -20 -21 -22 -23 -24 -25 -26 26 28 -29 -30 -31
leaf_value=0.00038638853235170248 -0.0011334278305488018 0.0015972773428075016 -0.00022158212072792509 -0.0057464799704030163 -0.00042207427657999554 0.0010438715485506691 -0.0030264113646946058 0.0014691033159141189 -0.0025617799076896449 0.0017784750755684376 0.0038997123174814748 -0.00091774010917362869 -0.0022015492059290413 -0.0032744676222916623 0.0017955705692822286 -1.5784164667134197e-05 0.0026575900997305589 0.0032042904554501826 -0.00072268702012176327 0.00076864385852017092 -0.0037440636240796232 -0.0018717277445830405 0.0039280424490571028 -0.0021586897922679783 0.0017752044993851867 0.00069299664115533236 0.0016883280786616425 -0.0039099536938866711 -0.0019185522528873248 0.0026319817700625765
leaf_weight=45 24 27 21 20 33 25 33 81 26 37 23 39 20 28 22 1803 31 23 24 52 23 24 25 20 35 20 37 34 22 23
leaf_count=45 24 27 21 20 33 25 33 81 26 37 23 39 20 28 22 1803 31 23 24 52 23 24 25 20 35 20 37 34 22 23
internal_value=-2.42404e-12 1.01653e-05 -6.01141e-06 -0.000301852 -0.00243128 4.8644e-05 -0.00127198 0.000338781 -0.000161526 0.000235969 4.2775e-05 0.00101152 -5.99782e-06 -0.00137448 -0.00010782 3.97271e-05 0.00149485 0.000239097 0.00119903 -0.000239637 -0.00101068 2.69025e-06 2.49716e-05 -2.39636e-05 -2.33516e-06 -3.44207e-05 -0.0008745 -0.00220516 0.00034339 1.75667e-05
internal_weight=2700 2676 2649 375 53 322 58 264 183 157 2274 109 2165 70 42 2095 52 86 47 120 68 2043 2019 1994 1974 1939 113 54 59 1826
internal_count=2700 2676 2649 375 53 322 58 264 183 157 2274 109 2165 70 42 2095 52 86 47 120 68 2043 2019 1994 1974 1939 113 54 59 1826
is_linear=0
shrinkage=0.1


Tree=69
num_leaves=31
num_cat=0
split_feature=1 1 1 4 8 4 6 9 6 8 4 5 5 7 1 7 5 10 6 4 4 8 9 8 7 9 8 9 3 1
split_gain=0.00325573 0.0111636 0.00942293 0.00901419 0.0119751 0.00774196 0.00479246 0.0141096 0.0107011 0.00490676 0.0113314 0.00470794 0.00692764 0.00679863 0.0238514 0.0199789 0.0103494 0.016611 0.0160939 0.0107454 0.0426163 0.0271505 0.00946524 0.0209041 0.0163945 0.0122294 0.023571 0.0355889 0.0206553 0.0156228
threshold=75.500000000000014 71.500000000000014 76.500000000000014 7.4608540534973153 24.2666130065918 14.200546264648439 20.880974769592289 16.566743850708011 34.058996200561531 19.506251335144047 23.085189819335941 62.825519561767585 72.509941101074233 8.2481079101562518 132.50000000000003 7.8793468475341806 37.998533248901374 35.34061431884767 31.813248634338382 12.237901210784914 12.714248657226564 13.530367851257326 10.634117603302004 9.9978890419006365 8.7359595298767108 15.510881423950197 14.840814590454103 18.274333953857425 23.981537818908695 123.50000000000001
decision_type=2 2 2 2 2 2 2 2 2 2 2 2 2 2 2 2 2 2 2 2 2 2 2 2 2 2 2 2 2 2
left_child=1 6 -2 -3 5 -5 7 -1 9 -8 -11 13 -13 15 22 16 17 18 19 21 -21 -4 -15 -24 -25 -26 -27 -28 -29 -30
right_child=2 3 11 4 -6 -7 8 -9 -10 10 -12 12 -14 14 -16 -17 -18 -19 -20 20 -22 -23 23 24 25 26 27 28 29 -31
leaf_value=7.5756564654190756e-06 0.0015865207779615258 -0.002394930966909522 4.8986259587906192e-05 -0.00080219714740372219 -0.002189850403318325 0.0017924400400775283 -0.0024781807931140067 0.0025089204385249806 0.0014207701830725587 0.00091196831441872443 -0.0021941667301175389 -0.0019928966282999941 0.00029734586831182248 0.0017733990899318009 -0.0026415474592121663 -0.0029490590211935343 0.0015261425852502993 -0.0028770787685754758 0.0025798028922113386 -0.0036025239262156765 -0.00018065011174975547 0.0033386231032916562 -0.0017446354910870022 0.0032574938237667087 0.0013423933195903933 -0.0015126097490070134 0.0041704537085024643 -0.0025755641835276039 0.00021889578497370253 0.0026651780121028424
leaf_weight=170 39 37 716 23 26 23 20 26 21 24 23 28 25 46 27 24 41 21 23 39 545 26 47 20 104 73 24 25 386 28
leaf_count=170 39 37 716 23 26 23 20 26 21 24 23 28 25 46 27 24 41 21 23 39 545 26 47 20 104 73 24 25 386 28
internal_value=6.77799e-12 -0.000266054 4.53226e-05 -0.00112636 -0.000474452 0.000495121 6.41329e-05 0.000339387 -0.000548932 -0.0011663 -0.000608055 1.88205e-05 -0.000912594 4.11072e-05 0.000278738 -8.80579e-05 -3.93946e-05 -8.62464e-05 -4.28013e-05 -8.82914e-05 -0.000409166 0.000164257 0.000383449 0.000293014 0.000438119 0.000350014 0.000157463 0.000420779 0.000215785 0.000384345
internal_weight=2700 393 2307 109 72 46 284 196 88 67 47 2268 53 2215 780 1435 1411 1370 1349 1326 584 742 753 707 660 640 536 463 439 414
internal_count=2700 393 2307 109 72 46 284 196 88 67 47 2268 53 2215 780 1435 1411 1370 1349 1326 584 742 753 707 660 640 536 463 439 414
is_linear=0
shrinkage=0.1


Tree=70
num_leaves=31
num_cat=0
split_feature=9 4 4 9 4 4 4 8 4 3 9 9 3 7 9 9 4 6 9 4 7 4 1 1 8 8 4 9 8 1
split_gain=0.00290456 0.00570908 0.00546486 0.0127107 0.0087806 0.0111177 0.0133032 0.0131353 0.0126936 0.00611831 0.0112491 0.00950496 0.0104339 0.0141879 0.00936296 0.0342687 0.0262912 0.0100973 0.0120057 0.0138973 0.011403 0.00596899 0.031277 0.0343478 0.0178595 0.0107701 0.0249011 0.0224359 0.0246576 0.0172632
threshold=63.123437881469734 48.148630142211921 38.365652084350593 47.522026062011726 34.330396652221687 31.847651481628422 30.97282695770264 34.996698379516609 32.80961990356446 44.486776351928718 34.78407287597657 31.021299362182621 38.986225128173835 8.086522579193117 29.10465240478516 28.567381858825687 25.917438507080082 28.020032882690433 26.651004791259769 24.136787414550785 7.9974975585937509 20.695787429809574 125.50000000000001 108.50000000000001 22.743246078491214 21.77115631103516 18.862730026245121 21.668233871459964 19.284092903137211 96.500000000000014
decision_type=2 2 2 2 2 2 2 2 2 2 2 2 2 2 2 2 2 2 2 2 2 2 2 2 2 2 2 2 2 2
left_child=1 2 4 -4 5 6 7 9 -7 10 11 14 13 -13 15 17 -16 18 19 21 -20 24 23 -23 25 26 27 28 -1 -29
right_child=-2 -3 3 -5 -6 8 -8 -9 -10 -11 -12 12 -14 -15 16 -17 -18 -19 20 -21 -22 22 -24 -25 -26 -27 -28 29 -30 -31
leaf_value=-1.6281520345574102e-05 -0.00097848372068256141 0.0015796959916453647 -0.0026049488703182972 0.00037176940968493001 0.0014889838872477414 -0.0034320895094424489 0.0025940682715736331 0.0023832758483679399 -0.00017970358952879907 -0.0012601905018807605 0.0021126297116279605 -0.00038636911105221285 0.00049158112557891472 -0.0037959966504865373 0.0030261174736854932 -0.0041396717744646592 -0.00091331132061895921 0.0017283324411597708 -2.9908742755651474e-05 0.0026511532219592481 -0.003050244195153937 -0.00021430762605562518 0.0027597686741501096 -0.0047247912986204035 0.0025941142601099004 -0.0020576506843790411 0.0017821443877600802 -0.00050114274666345914 0.0027424520770595834 -0.0034146390841201402
leaf_weight=1779 30 23 26 32 40 20 20 23 30 39 25 26 26 23 36 20 32 34 25 20 25 52 20 25 27 25 78 53 33 33
leaf_count=1779 30 23 26 32 40 20 20 23 30 39 25 26 26 23 36 20 32 34 25 20 25 52 20 25 27 25 78 53 33 33
internal_value=1.9544e-12 1.09942e-05 -2.63638e-06 -0.000962622 1.88697e-05 -4.2e-06 2.5341e-05 4.61708e-06 -0.00148066 -1.76586e-05 2.39049e-06 -1.96647e-05 -0.00112763 -0.00198681 1.61996e-05 -1.87549e-05 0.00117227 1.82206e-05 -8.26863e-06 2.74378e-05 -0.00154008 2.74405e-06 -0.000763592 -0.00167875 3.93982e-05 4.92675e-06 3.10221e-05 -4.09418e-05 3.39603e-05 -0.00161911
internal_weight=2700 2670 2647 58 2589 2549 2499 2479 50 2456 2417 2392 75 49 2317 2249 68 2229 2195 2145 50 2125 97 77 2028 2001 1976 1898 1812 86
internal_count=2700 2670 2647 58 2589 2549 2499 2479 50 2456 2417 2392 75 49 2317 2249 68 2229 2195 2145 50 2125 97 77 2028 2001 1976 1898 1812 86
is_linear=0
shrinkage=0.1


Tree=71
num_leaves=31
num_cat=0
split_feature=1 1 4 7 1 9 4 4 4 9 8 1 1 9 1 8 4 7 3 10 8 9 7 3 8 4 1 6 7 1
split_gain=0.00265656 0.00901574 0.00869037 0.0199454 0.00743638 0.00621683 0.00470244 0.00992761 0.00971534 0.00949394 0.0385494 0.014404 0.0218221 0.0179523 0.0158621 0.014514 0.00935067 0.00925741 0.0184946 0.022568 0.0138487 0.0104909 0.00777596 0.00640161 0.00703229 0.00647163 0.00598847 0.0192765 0.0193741 0.034976
threshold=75.500000000000014 71.500000000000014 20.970250129699707 3.45810878276825 76.500000000000014 18.274333953857425 3.5873740911483769 4.1320414543151864 4.5758094787597665 11.58327627182007 9.9978890419006365 114.50000000000001 118.50000000000001 9.963294982910158 105.50000000000001 7.7905328273773202 7.5916192531585702 5.2766451835632333 11.589704036712648 11.041227340698244 9.6103887557983416 10.634117603302004 0.88337835669517528 7.5774705410003671 7.1519224643707284 6.8305578231811532 112.50000000000001 12.899085521698 0.84967041015625011 121.50000000000001
decision_type=2 2 2 2 2 2 2 2 2 2 2 2 2 2 2 2 2 2 2 2 2 2 2 2 2 2 2 2 2 2
left_child=1 -1 3 -3 -2 -5 -6 -8 -9 11 -11 14 -13 -14 17 -16 -12 18 19 23 -20 -19 -17 -10 -25 -26 -18 -28 29 -29
right_child=4 2 -4 5 6 -7 7 8 9 10 16 12 13 -15 15 22 26 21 20 -21 -22 -23 -24 24 25 -27 27 28 -30 -31
leaf_value=5.6399540376396929e-05 0.0014100752455236103 0.00029922318289108161 0.00066693433230587595 -0.0018655074075875997 -0.00086367586469751297 -0.0041572649379668291 0.0016879652418235009 -0.0016890999670563776 0.0015225823741535091 -0.0033081867284636248 0.0016409826286904077 -0.0030779806030396786 0.0016804999099756396 -0.0018129862146452069 0.00017239145507725576 0.0013690347631563782 -0.00016358660522602754 0.0023384661034702562 0.0002337139644359629 0.0037004144529678993 -0.002631635485040779 -0.00017654559644008125 0.0038679002530195498 -0.0014169349902658725 0.0017504585658847964 -0.00026406346307619689 0.0027117086046685775 -0.0050031186034902933 0.00032610913453438623 0.00032773734637885359
leaf_weight=284 39 36 24 29 59 20 36 33 28 36 34 27 38 24 30 20 1111 43 31 21 37 27 33 32 23 52 30 20 411 32
leaf_count=284 39 36 24 29 59 20 36 33 28 36 34 27 38 24 30 20 1111 43 31 21 37 27 33 32 23 52 30 20 411 32
internal_value=-2.24699e-12 -0.000240328 -0.00101345 -0.00148792 4.09402e-05 -0.00280092 1.73969e-05 4.09294e-05 1.3643e-05 3.99003e-05 -7.12298e-05 0.00043911 -0.000705148 0.000328183 0.00070924 0.00193004 -8.7896e-08 0.000364593 5.09061e-05 0.000650823 -0.00132537 0.00136839 0.00292493 0.000176442 -0.000175819 0.000353723 -3.48737e-05 0.000255187 9.60174e-05 -0.00172259
internal_weight=2700 393 109 85 2307 49 2268 2209 2173 2140 1674 466 89 62 377 83 1638 294 224 156 68 70 53 135 107 75 1604 493 463 52
internal_count=2700 393 109 85 2307 49 2268 2209 2173 2140 1674 466 89 62 377 83 1638 294 224 156 68 70 53 135 107 75 1604 493 463 52
is_linear=0
shrinkage=0.1


Tree=72
num_leaves=31
num_cat=0
split_feature=1 1 7 7 7 1 7 7 7 1 1 4 4 9 1 1 7 1 8 4 5 1 3 5 4 5 6 9 9 8
split_gain=0.00290107 0.00585281 0.0027232 0.021666 0.0281457 0.0109507 0.0184159 0.012633 0.014188 0.010331 0.00916569 0.00874462 0.0291998 0.0114247 0.0104498 0.00913789 0.00829957 0.0118198 0.0086611 0.00835387 0.0135269 0.00797848 0.00769346 0.00903313 0.00980463 0.00997688 0.0182773 0.00852783 0.00836157 0.0133607
threshold=144.50000000000003 138.50000000000003 0.83222135901451122 0.72072488069534313 0.75957837700843822 117.50000000000001 0.33102603256702429 0.50027924776077282 0.41405045986175543 104.50000000000001 101.50000000000001 39.632141113281257 44.599994659423835 46.083841323852546 134.50000000000003 91.500000000000014 1.0128324627876284 86.500000000000014 39.010753631591804 31.847651481628422 41.064632415771491 102.50000000000001 7.0532796382904062 9.1647138595581072 3.2772855758666997 10.01743268966675 8.2423744201660174 5.1314303874969491 8.2681775093078631 8.5112361907959002
decision_type=2 2 2 2 2 2 2 2 2 2 2 2 2 2 2 2 2 2 2 2 2 2 2 2 2 2 2 2 2 2
left_child=1 2 3 5 -5 7 -7 8 9 -1 -9 13 -13 14 16 -14 17 -4 19 22 -21 -19 27 -24 -25 -26 -27 -18 -28 -30
right_child=-2 -3 11 4 -6 6 -8 10 -10 -11 -12 12 15 -15 -16 -17 18 21 -20 20 -22 -23 23 24 25 26 28 -29 29 -31
leaf_value=-0.00022540925127827904 -0.0010945484042167665 0.0014746832312084734 -0.00067541721370071185 -0.0050884590297937396 -0.00033432249840574735 0.00085666092042811217 -0.0027415271862551121 0.0007373662556832036 -0.0022969967578179563 0.00168589559144567 0.0031647576240911371 0.0039070473974570632 0.0016165073945774652 -0.0023251827185352641 -0.0022566414624452589 -0.00090975842076457215 -0.00012120281578972936 0.0033502143741909254 0.0016352384991478175 0.00048267403212578401 -0.0028175145008221825 0.00076945949904620649 -0.0011911610092283809 0.0021656180377162639 0.0014980478527641661 -0.0025782357967857805 0.0016246764297266642 0.0024419176415971448 -0.0010739736107643694 4.1204102444151659e-05
leaf_weight=120 24 27 25 20 33 25 33 60 26 37 21 25 21 21 20 45 25 23 32 23 27 25 64 21 43 28 31 27 115 1633
leaf_count=120 24 27 25 20 33 25 33 60 26 37 21 25 21 21 20 45 25 23 32 23 27 25 64 21 43 28 31 27 115 1633
internal_value=-1.55844e-13 9.81658e-06 -5.11411e-06 -0.000254791 -0.00212834 5.35873e-05 -0.00119058 0.000326928 -0.000133294 0.000225026 0.00136669 3.60595e-05 0.000996524 -3.97815e-06 1.85682e-05 -0.000105947 3.9812e-05 0.00108775 2.83779e-06 -2.28062e-05 -0.00129943 0.00200607 9.31814e-06 -2.29388e-05 1.70218e-05 -7.3677e-06 -4.31911e-05 0.00120965 -3.29157e-06 -3.21629e-05
internal_weight=2700 2676 2649 375 53 322 58 264 183 157 81 2274 91 2183 2162 66 2142 73 2069 2037 50 48 1987 1935 1871 1850 1807 52 1779 1748
internal_count=2700 2676 2649 375 53 322 58 264 183 157 81 2274 91 2183 2162 66 2142 73 2069 2037 50 48 1987 1935 1871 1850 1807 52 1779 1748
is_linear=0
shrinkage=0.1


Tree=73
num_leaves=31
num_cat=0
split_feature=9 8 7 8 6 6 8 4 10 9 9 8 10 1 9 4 4 4 7 4 4 3 4 6 1 7 3 5 4 6
split_gain=0.00243212 0.0249259 0.0149748 0.0151163 0.0130937 0.0148911 0.0124786 0.0285046 0.0185623 0.0154785 0.0137932 0.0191904 0.0127703 0.0186102 0.0118584 0.0118227 0.0115823 0.020808 0.0391445 0.0356656 0.0245978 0.0298384 0.0236084 0.027424 0.0268672 0.0220128 0.018345 0.0413547 0.0127714 0.0329825
threshold=16.137351036071781 14.749210357666017 33.403106689453132 14.00606679916382 16.768729209899906 16.29262733459473 12.538379669189455 12.237901210784914 14.983723640441896 13.13352155685425 15.002699851989748 13.159404277801515 15.619581222534181 105.50000000000001 15.106297969818117 8.948850631713869 10.851480007171633 14.012149810791017 6.1901233196258554 14.855940341949465 15.387875080108644 19.854434967041019 16.305028915405277 18.407496452331547 90.500000000000014 5.4163508415222177 20.715625762939457 22.4088134765625 17.759878158569339 22.057988166809086
decision_type=2 2 2 2 2 2 2 2 2 2 2 2 2 2 2 2 2 2 2 2 2 2 2 2 2 2 2 2 2 2
left_child=4 2 3 -2 5 6 9 10 -9 -1 11 -8 -10 14 -14 -11 -3 18 -18 -19 21 -21 24 -24 -22 -26 -25 -28 29 -29
right_child=1 16 -4 -5 -6 -7 7 8 12 15 -12 -13 13 -15 -16 -17 17 19 -20 20 22 -23 23 26 25 -27 27 28 -30 -31
leaf_value=5.3333329109621526e-05 -0.0012816804982278319 0.0019178452075368935 -0.00029368168378079485 -0.0051230896916240462 0.0020037014799059501 -0.0024781790906158482 0.0027713781892089173 -0.0026589156737407815 0.0024079015884680027 2.1759460085175107e-05 0.0042861545551568271 -0.0001198964394544336 -0.0007258874045441016 -0.0020042475499212741 0.0024690769079965184 -0.0023650580081062355 -0.0051721754737875684 0.0023138311528253246 -0.00031055140851148923 0.00094357526007418841 -0.00073735473976869678 -0.0037758744120396474 -0.0037506263807881622 0.0016537817076764879 0.0055931769045335913 0.0013101832666766965 -0.0040547378361225133 -0.00085728293925058097 -0.00011517897731369354 0.003758041483039657
leaf_weight=967 21 31 33 20 35 23 48 26 23 36 20 44 21 35 26 49 22 67 67 21 28 37 20 62 21 28 26 32 781 30
leaf_count=967 21 31 33 20 35 23 48 26 23 36 20 44 21 35 26 49 22 67 67 21 28 37 20 62 21 28 26 32 781 30
internal_value=-5.49065e-13 -9.51208e-05 -0.00187931 -0.00315554 9.4699e-05 4.40047e-05 8.88002e-05 0.000734681 -0.000266766 -6.03908e-05 0.00190602 0.00138859 0.000325576 -0.000258491 0.00104154 -0.00135417 8.59457e-06 -3.90598e-05 -0.0015123 7.46596e-05 -6.34845e-05 -0.00206711 4.95604e-05 -8.68011e-05 0.00173371 0.00314575 -8.09378e-06 -0.000126663 -5.51197e-06 0.00137594
internal_weight=2700 1347 74 41 1353 1318 1295 243 131 1052 112 92 105 82 47 85 1273 1242 89 1153 1086 58 1028 951 77 49 931 869 843 62
internal_count=2700 1347 74 41 1353 1318 1295 243 131 1052 112 92 105 82 47 85 1273 1242 89 1153 1086 58 1028 951 77 49 931 869 843 62
is_linear=0
shrinkage=0.1


Tree=74
num_leaves=31
num_cat=0
split_feature=7 9 3 4 4 1 1 1 7 4 4 3 9 7 7 4 4 4 9 1 8 1 1 7 9 1 9 7 7 1
split_gain=0.00255846 0.0027105 0.00882734 0.00359961 0.0125696 0.00279776 0.00891694 0.00653625 0.0101663 0.00629027 0.0092952 0.00775988 0.00600281 0.00566828 0.0251851 0.014014 0.0182602 0.0172937 0.0164601 0.0196545 0.0149992 0.00912898 0.00709085 0.0219205 0.0200799 0.0197192 0.0136605 0.00998561 0.0341393 0.0374018
threshold=0.085499398410320268 3.7294043302536015 5.2314188480377206 2.9664206504821782 3.5873740911483769 75.500000000000014 74.500000000000014 77.500000000000014 2.050093531608582 4.1320414543151864 4.5758094787597665 8.7728033065795916 6.9587237834930429 36.489082336425788 34.068401336669929 12.425897598266603 15.290849685668947 19.745383262634281 33.553375244140632 89.500000000000014 34.996698379516609 91.500000000000014 82.500000000000014 6.811920404434205 17.181588172912601 83.500000000000014 10.401176452636722 5.8007333278656015 4.6853344440460214 111.50000000000001
decision_type=2 2 2 2 2 2 2 2 2 2 2 2 2 2 2 2 2 2 2 2 2 2 2 2 2 2 2 2 2 2
left_child=-1 -2 -3 -4 -5 6 -6 8 -7 -9 -11 12 -12 14 22 21 -17 -18 -19 -20 -21 -15 23 26 -25 -24 -13 28 -27 -30
right_child=1 2 3 4 5 7 -8 9 -10 10 11 13 -14 15 -16 16 17 18 19 20 -22 -23 25 24 -26 27 -28 -29 29 -31
leaf_value=0.0010739931908822409 -0.0011686195968650282 0.0017055526065329714 0.0010695486275168757 -0.0019713702474043449 -0.0001299901633857466 -0.00089859907748177656 -0.002090525736100972 0.0014389516172620158 0.0016321298176128615 -0.0017669920797925443 -0.00026184611100082598 -0.0018365736608393489 0.0015587809297192673 0.00025888130661438815 -0.0031789073622069106 0.0033876989111304282 -0.0018704938173379143 0.0034421243223319341 -0.002278501336418447 -0.00076419464869262733 0.0024556432444697773 -0.0026930717006325724 0.0025962605365905268 0.00016427860107450258 -0.0037686257862814647 -5.1908686159373357e-05 0.0012386963156481776 0.00025780455931416057 -0.00071253572842882326 -0.0051387551797753466
leaf_weight=22 20 30 30 33 322 22 25 30 57 30 27 20 55 22 26 25 26 22 21 23 39 20 29 21 34 851 52 678 60 28
leaf_count=22 20 30 30 33 322 22 25 30 57 30 27 20 55 22 26 25 26 22 21 23 39 20 29 21 34 851 52 678 60 28
internal_value=7.23082e-13 -8.82295e-06 -9.61085e-08 -1.9567e-05 -3.21434e-05 -7.19426e-06 -0.000271239 3.41148e-05 0.00092737 1.12411e-06 -1.93286e-05 5.89019e-06 0.000959306 -3.32586e-05 -8.91511e-05 0.000474573 0.000911099 0.000438465 0.00101021 0.000365603 0.00126119 -0.00114681 -4.38416e-05 -0.000763801 -0.00226697 1.17081e-05 0.000384455 -3.46445e-05 -0.000245806 -0.00212088
internal_weight=2700 2678 2658 2628 2598 2565 347 2218 79 2139 2109 2079 82 1997 1799 198 156 131 105 83 62 42 1773 127 55 1646 72 1617 939 88
internal_count=2700 2678 2658 2628 2598 2565 347 2218 79 2139 2109 2079 82 1997 1799 198 156 131 105 83 62 42 1773 127 55 1646 72 1617 939 88
is_linear=0
shrinkage=0.1


Tree=75
num_leaves=31
num_cat=0
split_feature=5 5 3 4 8 4 8 6 4 4 6 3 4 10 1 8 6 6 1 1 6 9 3 4 4 1 1 8 9 8
split_gain=0.00245933 0.00440648 0.00391601 0.0105445 0.00714143 0.0115478 0.01235 0.00512921 0.0109116 0.0081757 0.0094505 0.015911 0.0092213 0.0158482 0.0080289 0.00597796 0.0130677 0.0151142 0.011433 0.010235 0.00870928 0.00539538 0.021731 0.0114262 0.00436957 0.0256466 0.0265235 0.0141504 0.00989281 0.00932915
threshold=68.132801055908217 81.106845855712905 61.570421218872077 46.021068572998054 45.004384994506843 38.365652084350593 39.010753631591804 39.441143035888679 32.470304489135749 30.46987342834473 34.354961395263679 44.486776351928718 27.47660064697266 33.316356658935554 101.50000000000001 28.257985115051273 29.101630210876468 28.020032882690433 88.500000000000014 99.500000000000014 30.47463417053223 26.651004791259769 29.900307655334476 24.136787414550785 20.695787429809574 125.50000000000001 108.50000000000001 22.743246078491214 24.365383148193363 21.611114501953129
decision_type=2 2 2 2 2 2 2 2 2 2 2 2 2 2 2 2 2 2 2 2 2 2 2 2 2 2 2 2 2 2
left_child=2 -2 3 4 5 6 7 8 9 10 12 -12 15 -14 -10 16 17 21 -18 -17 -20 23 -23 24 27 26 28 29 -26 -1
right_child=1 -3 -4 -5 -6 -7 -8 -9 14 -11 11 -13 13 -15 -16 19 18 -19 20 -21 -22 22 -24 -25 25 -27 -28 -29 -30 -31
leaf_value=2.8221347559795085e-05 -0.0018278636597096921 0.00027129823924042289 0.0014057204965502025 -0.0021789998070082884 0.0018561464462739726 -0.0020922855850165852 0.0020097134492149758 -0.0012768289014216394 0.0030693240417167546 -0.0016232315781376057 0.0035350501560606064 -0.00040603526258131581 0.00032430227501722779 -0.0035246725636534394 0.00026972843777565731 -0.000177323533992829 0.00032277575181797151 0.0021536700709751159 -0.0036935815853370436 0.002647442338259324 -0.00084028755700273907 0.00054891643470481922 -0.0036052365950308739 0.0024014607816934589 0.0014132027080367236 0.0025348544353619219 -0.0041610656809061763 0.0023053947262707407 -0.001378631046197067 -0.0016930323996348308
leaf_weight=1970 20 20 20 22 21 26 31 31 20 31 20 21 23 20 21 29 25 33 23 23 20 34 20 20 22 20 25 27 30 32
leaf_count=1970 20 20 20 22 21 26 31 31 20 31 20 21 23 20 21 29 25 33 23 23 20 34 20 20 22 20 25 27 30 32
internal_value=8.91305e-13 -0.000778283 1.17035e-05 1.14277e-06 1.94633e-05 4.61141e-06 2.58169e-05 1.60399e-06 1.73997e-05 -9.47932e-06 1.10485e-05 0.00151645 -1.47116e-05 -0.00146592 0.00163538 1.18085e-05 -1.21527e-05 2.94337e-05 -0.00137778 0.00107209 -0.00236647 -2.42987e-06 -0.000989659 2.24119e-05 3.13501e-08 -0.00065565 -0.00148435 3.13774e-05 -0.000197471 7.088e-07
internal_weight=2700 40 2660 2640 2618 2597 2571 2540 2509 2468 2437 41 2396 43 41 2353 2301 2233 68 52 43 2200 54 2146 2126 97 77 2029 52 2002
internal_count=2700 40 2660 2640 2618 2597 2571 2540 2509 2468 2437 41 2396 43 41 2353 2301 2233 68 52 43 2200 54 2146 2126 97 77 2029 52 2002
is_linear=0
shrinkage=0.1


Tree=76
num_leaves=31
num_cat=0
split_feature=9 4 3 3 3 9 8 9 5 6 9 9 6 3 7 5 6 9 6 4 8 3 9 4 4 5 4 9 5 4
split_gain=0.00219055 0.00549622 0.00576779 0.00429908 0.00720356 0.0129722 0.0117512 0.00751472 0.0118924 0.0187857 0.0101662 0.00755989 0.0086086 0.00748323 0.00644776 0.00505673 0.00919135 0.0174498 0.0183389 0.00988323 0.0130054 0.0187014 0.0153755 0.0301338 0.0116966 0.00899269 0.00889863 0.0169376 0.0312973 0.0209335
threshold=63.123437881469734 48.148630142211921 59.643016815185554 54.481557846069343 51.096317291259773 43.482019424438484 38.108259201049812 38.854648590087898 43.751398086547859 35.694740295410163 34.330162048339851 33.09526443481446 32.648273468017585 39.331657409667976 69.167430877685561 34.093042373657234 29.971782684326175 29.10465240478516 27.796694755554203 23.781531333923343 24.473973274230961 27.771803855896 24.578071594238285 19.583676338195804 21.776893615722663 35.295263290405281 18.862730026245121 20.005537033081058 22.4088134765625 17.917548179626468
decision_type=2 2 2 2 2 2 2 2 2 2 2 2 2 2 2 2 2 2 2 2 2 2 2 2 2 2 2 2 2 2
left_child=1 2 3 4 5 6 7 8 9 10 11 12 13 14 15 16 17 18 19 20 22 -22 24 -24 26 -17 27 -1 -29 -30
right_child=-2 -3 -4 -5 -6 -7 -8 -9 -10 -11 -12 -13 -14 -15 -16 25 -18 -19 -20 -21 21 -23 23 -25 -26 -27 -28 28 29 -31
leaf_value=4.7641238305501532e-05 -0.00084974722083037101 0.0015487276483327152 -0.0014579335951970685 0.0013723192789652588 -0.0015961902706684277 0.002238835857357257 -0.0020435466469182627 0.0018565333268435844 -0.0019787855510852146 0.0023942064818446383 -0.0017510933293537661 0.0017120439559221269 -0.0020181581533203524 0.0018948048353195192 -0.0015987122921505945 0.0023733576127560811 -0.0017490489043605825 0.0028820327629329682 -0.0025571596708946994 0.0016170647804086146 0.00050499659031629559 -0.0036761241817578633 0.0047724330821074549 1.8449304843670691e-05 -0.00236908330116421 1.7087428979879326e-05 0.0008693083858815954 -0.00442447173409164 0.00025418363162316382 -0.0023932282662405295
leaf_weight=1706 30 23 27 23 28 26 28 22 30 33 33 26 21 21 25 25 30 21 28 38 20 23 20 40 21 46 112 23 110 41
leaf_count=1706 30 23 27 23 28 26 28 22 30 33 33 26 21 21 25 25 30 21 28 38 20 23 20 40 21 46 112 23 110 41
internal_value=-4.74409e-12 9.54772e-06 -3.82634e-06 1.11587e-05 -8.96214e-07 1.64912e-05 -6.23039e-06 1.64515e-05 2.13277e-07 2.4318e-05 -7.86566e-06 1.61337e-05 -2.46335e-06 1.55492e-05 -1.39553e-06 1.59365e-05 -1.04802e-05 1.31952e-05 -1.4415e-05 1.86383e-05 -1.00669e-05 -0.00173142 2.56389e-05 0.00160311 -2.13797e-05 0.00084676 3.37022e-06 -4.82176e-05 -0.000988075 -0.00046465
internal_weight=2700 2670 2647 2620 2597 2569 2543 2515 2493 2463 2430 2397 2371 2350 2329 2304 2233 2203 2182 2154 2116 43 2073 60 2013 71 1992 1880 174 151
internal_count=2700 2670 2647 2620 2597 2569 2543 2515 2493 2463 2430 2397 2371 2350 2329 2304 2233 2203 2182 2154 2116 43 2073 60 2013 71 1992 1880 174 151
is_linear=0
shrinkage=0.1


Tree=77
num_leaves=31
num_cat=0
split_feature=9 7 7 4 1 6 8 5 4 9 1 7 3 4 9 6 8 9 6 6 9 4 5 7 3 4 9 4 9 4
split_gain=0.0021818 0.00942297 0.0138343 0.0136404 0.0111041 0.00866113 0.0107169 0.00756944 0.00794483 0.00683213 0.0252893 0.0635281 0.0249365 0.017936 0.0103145 0.00960525 0.00973503 0.00822763 0.0117626 0.00646224 0.00700102 0.00759776 0.00569858 0.00345683 0.0135561 0.0224082 0.0406738 0.0187143 0.0256692 0.0170653
threshold=45.278173446655281 7.6369833946228036 18.829746246337894 39.632141113281257 91.500000000000014 43.397848129272468 38.108259201049812 49.356590270996101 32.470304489135749 32.711833953857429 110.50000000000001 18.829746246337894 42.87323379516603 28.435178756713867 31.899229049682621 30.47463417053223 27.631954193115238 29.10465240478516 28.544957160949711 27.670281410217289 26.651004791259769 23.781531333923343 39.193626403808601 8.8228721618652362 24.206997871398929 18.005761146545414 19.905963897705082 20.330350875854496 24.365383148193363 20.504106521606449
decision_type=2 2 2 2 2 2 2 2 2 2 2 2 2 2 2 2 2 2 2 2 2 2 2 2 2 2 2 2 2 2
left_child=5 -2 -3 -4 -5 6 7 8 9 13 11 -11 -13 14 15 16 17 18 19 20 21 23 -10 24 25 26 -1 -26 -29 -27
right_child=1 2 3 4 -6 -7 -8 -9 22 10 -12 12 -14 -15 -16 -17 -18 -19 -20 -21 -22 -23 -24 -25 27 29 -28 28 -30 -31
leaf_value=-1.9674104514299387e-05 0.0015072104410224019 -0.0031743551223189573 -0.0021062350437904779 0.0025494679599069058 -0.00043665390235908107 0.0019950653452807192 -0.0019793507543875389 0.0019612703355960551 0.0023303166329860688 -0.0066713064321083961 0.0014098464342003521 0.0026173340289720468 -0.0021488493763963164 0.0027373489991684135 -0.0022166270673984571 0.0015657229545281437 -0.001696447908248314 0.0020276211982127278 -0.0023105563982178203 0.0014708901417907327 -0.0013346368237995567 0.0018661338788330218 9.5806044659444271e-05 0.00020346977534770294 -0.0033112349403866879 0.0022743414129904461 -0.0032973268355887667 0.0021950560836703518 -0.0020003870310860553 -0.00057029847831775748
leaf_weight=1296 21 20 26 20 33 22 27 20 25 20 33 21 23 24 21 39 34 20 22 30 39 22 21 591 30 71 39 25 35 30
leaf_count=1296 21 20 26 20 33 22 27 20 25 20 33 21 23 24 21 39 34 20 22 30 39 22 21 591 30 71 39 25 35 30
internal_value=3.58442e-13 -0.000416817 -0.000824944 -0.000230156 0.000690185 1.93868e-05 2.39507e-06 2.35358e-05 8.10181e-06 -1.61972e-05 -0.00083877 -0.00199821 0.00012592 1.74977e-05 -1.03506e-05 9.59419e-06 -1.69772e-05 8.40149e-06 -9.70811e-06 1.3217e-05 -6.86113e-06 1.7348e-05 0.00131021 -1.86474e-06 -8.13881e-05 -6.77166e-06 -0.000115426 -0.00127194 -0.000252286 0.0014294
internal_weight=2700 120 99 79 53 2580 2558 2531 2511 2465 97 64 44 2368 2344 2323 2284 2250 2230 2208 2178 2139 46 2117 1526 1436 1335 90 60 101
internal_count=2700 120 99 79 53 2580 2558 2531 2511 2465 97 64 44 2368 2344 2323 2284 2250 2230 2208 2178 2139 46 2117 1526 1436 1335 90 60 101
is_linear=0
shrinkage=0.1


Tree=78
num_leaves=31
num_cat=0
split_feature=1 1 10 7 5 7 7 6 10 7 7 7 9 1 8 9 5 4 7 8 8 8 9 8 3 10 9 6 9 4
split_gain=0.00221038 0.00984668 0.0199829 0.0343151 0.0146321 0.0104745 0.0253473 0.0165209 0.0246927 0.0140989 0.0111381 0.0217005 0.010839 0.00928734 0.0533506 0.0114197 0.0096173 0.00909317 0.018973 0.0155969 0.0152177 0.0102936 0.0115053 0.0127708 0.0119034 0.0210313 0.0125178 0.0147875 0.0172427 0.0113981
threshold=95.500000000000014 88.500000000000014 37.773128509521491 47.322637557983406 33.840463638305671 0.38251589238643652 1.1401630640029909 25.130302429199222 25.415155410766605 2.8125493526458745 8.7359595298767108 6.811920404434205 12.392014503479006 86.500000000000014 17.280622482299808 14.516016483306887 12.655386924743654 29.740562438964847 11.901973724365236 29.973093986511234 27.473371505737308 25.460943222045902 25.289831161499027 21.446148872375492 20.21589279174805 20.305118560791019 15.002699851989748 13.920244216918947 12.784928321838381 17.917548179626468
decision_type=2 2 2 2 2 2 2 2 2 2 2 2 2 2 2 2 2 2 2 2 2 2 2 2 2 2 2 2 2 2
left_child=1 13 4 -4 5 -3 -7 8 9 12 11 -11 -8 17 15 16 -15 19 -19 20 21 22 23 24 26 -26 27 28 -1 -27
right_child=-2 2 3 -5 -6 6 7 -9 -10 10 -12 -13 -14 14 -16 -17 -18 18 -20 -21 -22 -23 -24 -25 25 29 -28 -29 -30 -31
leaf_value=-2.3136084354307173e-05 8.6930145989993921e-05 -0.0026779691397678107 -0.0055853644211310899 0.00027254207059741021 0.0022057748018679295 0.0018829737133769829 -0.0010639921894339337 -0.0034164401336706112 0.0026118697082299904 -0.0011661688915873859 -0.00031254114575313 -0.0050527175702154634 0.001951903305374659 -0.0013994229370093143 0.0039469718596113748 -0.0027514365883416761 0.0014951768855098635 -0.0034801695516090032 0.0001967099401453096 0.0025605407853921255 -0.0022360686414564647 0.002015842662121241 -0.0017268928776281206 0.0020339750160928817 -0.0037120089400559664 0.00015365957515314224 0.00153621862991713 -0.0024301738068258959 0.00233139080228284 -0.0020770512264350369
leaf_weight=365 1404 20 20 20 22 44 22 21 23 51 50 20 26 22 38 20 24 23 36 24 30 26 37 32 21 109 64 23 34 29
leaf_count=365 1404 20 20 20 22 44 22 21 23 51 50 20 26 22 38 20 24 23 36 24 30 26 37 32 21 109 64 23 34 29
internal_value=9.16013e-13 -9.41743e-05 -0.0005573 -0.00265641 -0.000276482 -0.000473629 -0.000302085 -0.000753458 -0.000462195 -0.000880558 -0.00145583 -0.00226097 0.000569618 6.98794e-05 0.000962049 -0.000756542 0.000110803 -3.88963e-05 -0.00123665 5.01056e-05 -2.81418e-05 6.13688e-05 -9.80253e-06 8.40414e-05 -1.26995e-05 -0.00076376 0.000233018 3.53759e-05 0.0001775 -0.000315113
internal_weight=2700 1296 339 40 299 277 257 213 192 169 121 71 48 957 104 66 46 853 59 794 770 740 714 677 645 159 486 422 399 138
internal_count=2700 1296 339 40 299 277 257 213 192 169 121 71 48 957 104 66 46 853 59 794 770 740 714 677 645 159 486 422 399 138
is_linear=0
shrinkage=0.1


Tree=79
num_leaves=31
num_cat=0
split_feature=7 3 5 9 3 6 1 4 3 4 4 7 7 7 7 4 3 1 10 1 1 1 1 1 7 1 7 1 8 1
split_gain=0.00236751 0.0268154 0.0301747 0.0330016 0.0484335 0.0234379 0.0374523 0.0154739 0.0192934 0.0144024 0.020779 0.0152653 0.0128512 0.0153829 0.0109321 0.0125546 0.0157989 0.018453 0.0295934 0.0102014 0.00958382 0.00910119 0.00896466 0.00684737 0.00670802 0.0096461 0.00720656 0.00826356 0.00662959 0.00616578
threshold=1.890460252761841 34.979486465454109 29.821668624877933 24.365383148193363 21.159017562866214 17.750913619995121 100.50000000000001 14.923152923583986 16.235587120056156 13.287458419799806 12.237901210784914 1.7738778591156008 2.2993044853210454 2.4189267158508305 1.484073340892792 10.912994384765627 11.589704036712648 123.50000000000001 11.206214904785158 112.50000000000001 92.500000000000014 103.50000000000001 81.500000000000014 95.500000000000014 0.1322401016950607 91.500000000000014 0.57589963078498851 72.500000000000014 16.611519813537601 95.500000000000014
decision_type=2 2 2 2 2 2 2 2 2 2 2 2 2 2 2 2 2 2 2 2 2 2 2 2 2 2 2 2 2 2
left_child=1 2 3 4 5 7 -7 8 9 10 11 14 20 -14 15 16 17 18 19 24 22 -18 -2 -16 -1 26 -26 -28 -22 -15
right_child=12 -3 -4 -5 -6 6 -8 -9 -10 -11 -12 -13 13 29 23 -17 21 -19 -20 -21 28 -23 -24 -25 25 -27 27 -29 -30 -31
leaf_value=-0.0015207493923794987 0.0013400999385686149 -0.003439826568743835 0.0035218191980991675 -0.0029860603639509722 0.0035228099862768037 0.00098409217951649975 -0.0043757204715802805 0.0021602358952570225 -0.0029711132079524843 0.0021945993557372797 -0.0023831210797652606 -0.0025172908261249013 -0.0021443538671133645 -0.00015186044540533479 0.0029144894032717937 0.0015777307769490616 -0.0033476741316363864 -0.0028720092045841743 0.0035544559685513379 -0.0021634677444429449 0.0010174225222016971 -0.00043088926846394319 -0.0016181452956516296 0.00047204883691544339 0.00068328078307042066 0.001231034187603163 0.00088431469138456698 -0.0014361967924949631 0.0030135900509776548 0.00021738879171479903
leaf_weight=22 21 24 23 39 37 22 32 31 23 28 38 22 33 897 22 45 23 20 25 21 41 20 20 24 55 74 21 57 28 912
leaf_count=22 21 24 23 39 37 22 32 31 23 28 38 22 33 897 22 45 23 20 25 21 41 20 20 24 55 74 21 57 28 912
internal_value=2.22294e-12 -0.00015127 -4.22573e-05 -0.000159196 7.34175e-06 -0.000200774 -0.00219209 -1.24531e-05 -0.000137182 -1.11072e-05 -0.000137405 5.18124e-05 5.79662e-05 -4.73611e-06 0.000183561 8.61583e-06 -0.00020029 6.07331e-05 0.000274023 -5.40198e-05 0.00110795 -0.00199103 -0.000102947 0.00164017 0.000139423 0.000315866 -0.000193325 -0.000811444 0.00182746 3.42951e-05
internal_weight=2700 748 724 701 662 625 54 571 540 517 489 451 1952 1842 429 383 338 295 275 250 110 43 41 46 229 207 133 78 69 1809
internal_count=2700 748 724 701 662 625 54 571 540 517 489 451 1952 1842 429 383 338 295 275 250 110 43 41 46 229 207 133 78 69 1809
is_linear=0
shrinkage=0.1


Tree=80
num_leaves=31
num_cat=0
split_feature=1 1 7 7 7 4 10 6 9 4 1 8 7 1 7 5 3 10 3 3 5 10 5 3 4 10 9 10 3 10
split_gain=0.00243679 0.00438775 0.00293855 0.0168034 0.021188 0.00813605 0.0206454 0.00941539 0.0187436 0.0118448 0.0128307 0.00902604 0.00763237 0.0076868 0.0176669 0.00692134 0.0063418 0.00578307 0.00810117 0.00914663 0.00920831 0.017491 0.0129697 0.012456 0.00791506 0.00709853 0.0163395 0.0129445 0.0275701 0.0122898
threshold=144.50000000000003 138.50000000000003 0.83222135901451122 0.72072488069534313 0.75957837700843822 37.50184631347657 49.875762939453132 42.220199584960945 40.483945846557624 31.847651481628422 102.50000000000001 48.323402404785163 0.668499916791916 117.50000000000001 0.33102603256702429 65.169845581054702 47.234489440917976 41.151117324829109 41.210859298706062 38.553287506103523 36.131935119628913 33.316356658935554 33.840463638305671 34.979486465454109 25.54111480712891 32.18449783325196 28.806820869445804 29.49497222900391 31.081938743591312 28.974730491638187
decision_type=2 2 2 2 2 2 2 2 2 2 2 2 2 2 2 2 2 2 2 2 2 2 2 2 2 2 2 2 2 2
left_child=1 2 3 12 -5 7 -7 8 9 16 -11 -8 13 -1 -15 -13 17 18 19 20 21 22 25 -23 -21 26 27 29 -29 -4
right_child=-2 -3 5 4 -6 6 11 -9 -10 10 -12 15 -14 14 -16 -17 -18 -19 -20 24 -22 23 -24 -25 -26 -27 -28 28 -30 -31
leaf_value=0.00011627712936128125 -0.0010031478018693938 0.0012773410866093063 2.6523191621359398e-05 -0.0044815729517722501 -0.00035669188099828639 0.0035430799501583628 -0.0015772306868298488 -0.0016073154453705584 0.0026920463193584095 3.8325012428686027e-05 -0.0032669247472253832 0.0019881360094856334 0.0018061254977841269 0.00077140326960943638 -0.0028279999519387881 -0.0001175929538943377 0.0017984265106497331 -0.0015341169462923668 0.0019812317265729819 -0.00015430014510639013 0.0014703102976041423 -0.0037331494475005287 0.0025237044029858056 -0.00028890631871209259 -0.0027550265171819113 -0.0018492919082927985 0.002441997127607465 -0.0041592343082732476 0.00018582228571176532 0.0022599484510719774
leaf_weight=245 24 27 1701 20 33 23 22 36 26 24 23 27 22 25 30 37 20 24 21 25 44 21 21 21 22 20 28 23 40 25
leaf_count=245 24 27 1701 20 33 23 22 36 26 24 23 27 22 25 30 37 20 24 21 25 44 21 21 21 22 20 28 23 40 25
internal_value=3.36695e-12 8.99684e-06 -3.93079e-06 -0.000263292 -0.00191325 3.88399e-05 0.000881839 -3.60212e-06 2.35156e-05 -9.4762e-06 -0.00157914 0.000170112 8.28491e-06 -0.000123557 -0.00119191 0.000770761 2.64061e-05 8.99926e-06 2.74062e-05 6.79831e-06 4.01253e-05 7.00519e-06 5.26227e-05 -0.00201103 -0.00137166 2.43741e-05 4.49978e-05 7.48192e-06 -0.00140047 5.88729e-05
internal_weight=2700 2676 2649 375 53 2274 109 2165 2129 2103 47 86 322 300 55 64 2056 2036 2012 1991 1944 1900 1858 42 47 1837 1817 1789 63 1726
internal_count=2700 2676 2649 375 53 2274 109 2165 2129 2103 47 86 322 300 55 64 2056 2036 2012 1991 1944 1900 1858 42 47 1837 1817 1789 63 1726
is_linear=0
shrinkage=0.1


Tree=81
num_leaves=31
num_cat=0
split_feature=1 1 4 8 10 1 7 9 8 5 1 1 9 4 6 10 4 1 9 9 9 9 9 9 4 4 6 5 4 8
split_gain=0.00221308 0.00589168 0.00789791 0.0117746 0.00627009 0.00462097 0.00654003 0.00383182 0.0287326 0.0132892 0.0144751 0.0181079 0.0132019 0.00893817 0.00952095 0.0134003 0.00893811 0.00816437 0.00884146 0.00983754 0.0108969 0.00774074 0.0102979 0.00988669 0.00740689 0.0423479 0.0279631 0.0203507 0.0183936 0.0182321
threshold=75.500000000000014 71.500000000000014 7.526059865951539 24.2666130065918 20.6440544128418 77.500000000000014 2.050093531608582 11.634759902954103 10.080352306365969 15.02932643890381 113.50000000000001 118.50000000000001 9.963294982910158 7.5916192531585702 11.923050403594972 13.062916755676271 6.6437985897064218 95.500000000000014 10.89680862426758 10.183491230010988 9.1920533180236834 10.761007785797121 10.183491230010988 9.650485038757326 12.714248657226564 12.237901210784914 18.857461929321293 19.83210372924805 12.945228576660158 12.538379669189455
decision_type=2 2 2 2 2 2 2 2 2 2 2 2 2 2 2 2 2 2 2 2 2 2 2 2 2 2 2 2 2 2
left_child=1 -1 -3 4 -4 6 -2 9 -9 10 17 -12 16 -10 -15 -16 -13 21 19 20 -19 22 23 -7 25 26 29 -27 -26 -17
right_child=5 2 3 -5 -6 7 -8 8 13 -11 11 12 -14 14 15 24 -18 18 -20 -21 -22 -23 -24 -25 28 27 -28 -29 -30 -31
leaf_value=2.0517411184313537e-05 -0.00067918702008445628 -0.0019847439934099569 -0.00040573522406206898 -0.0018961596723574285 0.0019817501020787114 0.00017820790416857264 0.0012952327658797827 -0.0029030678071181423 0.0015737327508395537 0.0017091541906649418 -0.0032408411493869849 -0.00068657437390356795 -0.0021522911498323082 -0.0021570140983731972 0.0022830727696418764 -0.00044365965280163767 0.0022039605527306382 0.00033218336761241187 0.002400890740180581 -0.0013204026687890292 0.0023365620823218099 -0.0015828166455806544 0.0021308460738509896 -0.0019619827101705596 0.0026061892792183378 -0.0045169436710078602 -0.0028037832907330086 -0.00049688799772411589 1.1370224533355655e-05 0.0011525912508873529
leaf_weight=284 23 39 22 26 22 158 62 35 35 55 27 20 22 21 25 151 23 110 29 25 36 30 23 25 28 34 32 20 1122 136
leaf_count=284 23 39 22 26 22 158 62 35 35 55 27 20 22 21 25 151 23 110 29 25 36 30 23 25 28 34 32 20 1122 136
internal_value=-1.37408e-12 -0.000219353 -0.000844338 -0.000208969 0.000788007 3.73671e-05 0.000760978 9.68621e-06 -6.86343e-05 0.00022987 7.57782e-05 -0.00106406 -0.000159858 -6.78569e-06 -4.20426e-05 -1.33512e-05 0.000859526 0.000316295 0.000786361 0.000512552 0.000826414 -8.20668e-05 0.000136489 -0.000114168 -5.10469e-05 -0.000438271 1.21433e-07 -0.00302803 7.45484e-05 0.000312752
internal_weight=2700 393 109 70 44 2307 85 2222 1639 583 528 92 65 1604 1569 1548 43 436 200 171 146 236 206 183 1523 373 319 54 1150 287
internal_count=2700 393 109 70 44 2307 85 2222 1639 583 528 92 65 1604 1569 1548 43 436 200 171 146 236 206 183 1523 373 319 54 1150 287
is_linear=0
shrinkage=0.1


Tree=82
num_leaves=31
num_cat=0
split_feature=3 8 8 4 3 4 7 3 5 3 3 1 6 1 4 3 1 5 4 1 6 3 9 3 7 7 1 9 8 1
split_gain=0.00214523 0.00227028 0.0057185 0.00357759 0.00298827 0.00583402 0.00308296 0.0194606 0.0257519 0.0258647 0.0182127 0.0259553 0.0172836 0.0299479 0.0133749 0.014291 0.0134351 0.0169037 0.0209161 0.0200054 0.0106276 0.0104386 0.0166324 0.0149098 0.00941456 0.0148887 0.00887381 0.0061754 0.0111012 0.00995582
threshold=4.3471896648406991 4.256390094757081 3.9377392530441289 3.2772855758666997 6.6358244419097909 3.8090887069702153 1.890460252761841 34.979486465454109 29.821668624877933 26.12927341461182 21.159017562866214 102.50000000000001 17.750913619995121 100.50000000000001 14.923152923583986 16.235587120056156 104.50000000000001 12.029281139373781 7.3562936782836923 117.50000000000001 12.750923633575441 11.589704036712648 8.8566551208496112 13.000415802001955 2.2993044853210454 2.4189267158508305 92.500000000000014 8.7770862579345721 8.5112361907959002 72.500000000000014
decision_type=2 2 2 2 2 2 2 2 2 2 2 2 2 2 2 2 2 2 2 2 2 2 2 2 2 2 2 2 2 2
left_child=-1 2 -2 -3 -5 -6 7 8 9 10 12 -12 14 -14 15 16 21 18 -18 -20 -19 22 -7 -23 26 -26 -8 29 -29 -27
right_child=1 3 -4 4 5 6 24 -9 -10 -11 11 -13 13 -15 -16 -17 17 20 19 -21 -22 23 -24 -25 25 27 -28 28 -30 -31
leaf_value=0.00098344185072082022 0.00010397342864323307 0.0013378441706299784 -0.0019947849749587477 0.00072452288962350313 -0.0016418922544372352 -0.00088542396580041077 -0.00025000497024800435 -0.0029888553486671302 0.0031967989685337834 -0.0036603741946497135 -0.001017249838663371 0.0034170583313839001 0.00087634893134236336 -0.0039165034795587417 0.0019326276851878051 -0.0026431002249212368 0.0015376789295779808 0.003015919715535882 2.027298847679049e-05 -0.004004009832195672 0.00066196382659572091 -0.0026282827610130165 0.0012632189089523966 -0.00021275545067770248 -0.0021685362162609258 -0.0012215914903208613 0.001657921440218 -0.0011774132521097343 5.2616726916616031e-05 0.0012581632580772482
leaf_weight=22 37 20 20 55 22 88 38 24 23 21 22 33 22 32 31 23 35 34 30 21 44 47 61 56 31 20 68 77 1558 85
leaf_count=22 37 20 20 55 22 88 38 24 23 21 22 33 22 32 31 23 35 34 30 21 44 47 61 56 31 20 68 77 1558 85
internal_value=-1.92045e-12 -8.07906e-06 -0.000632433 5.49903e-06 -4.74584e-06 -2.04999e-05 -6.3673e-06 -0.00019461 -8.6967e-05 -0.000212845 -8.78048e-05 0.00164334 -0.000269508 -0.00196386 -7.48382e-05 -0.000216596 -8.24378e-05 0.000622015 -0.000344852 -0.00163678 0.00168805 -0.000540891 -5.77823e-06 -0.00131499 5.85199e-05 3.72866e-06 0.000973948 4.24299e-05 -5.31129e-06 0.000785829
internal_weight=2700 2678 57 2621 2601 2546 2524 647 623 600 579 55 524 54 470 439 416 164 86 51 78 252 149 103 1877 1771 106 1740 1635 105
internal_count=2700 2678 57 2621 2601 2546 2524 647 623 600 579 55 524 54 470 439 416 164 86 51 78 252 149 103 1877 1771 106 1740 1635 105
is_linear=0
shrinkage=0.1


Tree=83
num_leaves=31
num_cat=0
split_feature=1 1 8 9 10 9 4 9 8 8 9 6 1 3 5 1 6 8 1 1 1 1 4 4 4 10 3 5 7 3
split_gain=0.00231381 0.00333559 0.00257765 0.0218741 0.0335834 0.0168425 0.0262236 0.0153897 0.0146354 0.0333958 0.0259079 0.0199358 0.0190755 0.0188737 0.0185788 0.0151555 0.0132274 0.0116448 0.0115684 0.0339784 0.0220842 0.0113987 0.0143029 0.0134217 0.0105697 0.0102996 0.0329618 0.0200883 0.0105542 0.0143049
threshold=144.50000000000003 138.50000000000003 17.280622482299808 18.557993888854984 23.079792976379395 20.750614166259769 16.208451271057132 20.191365242004398 20.114763259887699 20.620324134826664 22.571057319641117 23.390727996826175 100.50000000000001 23.882115364074711 26.339776992797855 104.50000000000001 20.489200592041023 18.903525352478031 120.50000000000001 128.50000000000003 118.50000000000001 111.50000000000001 26.556564331054695 17.759878158569339 16.968474388122562 28.0518913269043 28.861246109008793 27.820893287658695 2.2520323991775517 37.998533248901374
decision_type=2 2 2 2 2 2 2 2 2 2 2 2 2 2 2 2 2 2 2 2 2 2 2 2 2 2 2 2 2 2
left_child=1 2 3 -1 -5 6 -4 17 11 -10 15 12 -7 -12 -15 -11 -6 24 20 -20 21 23 -23 -16 -8 27 -27 -25 -28 -30
right_child=-2 -3 5 4 16 8 7 -9 9 10 13 -13 -14 14 18 -17 -18 -19 19 -21 -22 22 -24 25 -26 26 28 -29 29 -31
leaf_value=-6.8260307847184222e-07 -0.00097750541269003106 0.0011146331699937609 0.0031175692110425898 -0.0051448791354362462 0.0012523253383114935 -0.00081303183208493619 -0.0011475798363486925 0.0024775658637130014 0.0031456663700416411 -0.00067190442305917935 0.0027384535418465161 0.0013518812517577317 -0.0045418521693057342 -0.0021554567864337805 0.0019127124603073753 -0.0042381202421066444 -0.0019123275105292642 -0.0020588542517673758 0.0032057736085248294 -0.00092118661513699131 -0.0029449274837970735 -0.00056343200646907733 0.0026121466552738002 0.00032608905134515632 0.0016285792837152258 0.0039208341692574325 -0.0018488492719008131 -0.0036501215576815109 0.00078752985179063773 -0.00055554163123650317
leaf_weight=1550 24 27 45 21 25 34 24 24 34 26 26 20 23 38 32 22 28 28 42 38 25 23 37 27 32 20 37 24 124 220
leaf_count=1550 24 27 45 21 25 34 24 24 34 26 26 20 23 38 32 22 28 28 42 38 25 23 37 27 32 20 37 24 124 220
internal_value=-1.95716e-12 8.76686e-06 -2.50471e-06 -8.08729e-05 -0.00176053 0.000121661 0.00108939 0.000244317 -4.81357e-05 7.93632e-05 -5.76333e-05 -0.00136452 -0.00231764 9.37577e-05 -6.3327e-06 -0.00230642 -0.000419567 -0.000393754 0.000119502 0.00124547 -3.8806e-05 9.47474e-05 0.00139484 -6.64213e-05 0.000438797 -0.000206537 -3.62997e-05 -0.00154507 -0.000244023 -7.14112e-05
internal_weight=2700 2676 2649 1624 74 1025 153 108 872 795 761 77 57 713 687 48 53 84 649 80 569 544 60 484 56 452 401 51 381 344
internal_count=2700 2676 2649 1624 74 1025 153 108 872 795 761 77 57 713 687 48 53 84 649 80 569 544 60 484 56 452 401 51 381 344
is_linear=0
shrinkage=0.1


Tree=84
num_leaves=31
num_cat=0
split_feature=1 4 4 1 7 3 7 1 7 4 5 1 8 9 6 6 5 3 5 3 8 8 4 1 7 7 8 5 10 10
split_gain=0.00187418 0.00277853 0.0173499 0.0153708 0.0121376 0.0216219 0.0185208 0.0359734 0.0139281 0.0222705 0.0270467 0.0134787 0.010278 0.015499 0.0141416 0.00561418 0.0078065 0.0185312 0.0062121 0.0108154 0.02624 0.0180285 0.0215285 0.0172356 0.0135639 0.0229602 0.00902868 0.0116516 0.010035 0.0194705
threshold=144.50000000000003 28.864313125610355 27.694748878479007 121.50000000000001 2.9621222019195561 36.463342666625984 10.216581821441652 100.50000000000001 14.99980401992798 31.847651481628422 52.318954467773445 105.50000000000001 32.432413101196296 34.330162048339851 31.813248634338382 29.101630210876468 34.093042373657234 37.680969238281257 31.993356704711918 28.336924552917484 25.460943222045902 25.866025924682624 22.431335449218754 81.500000000000014 18.829746246337894 33.403106689453132 23.804551124572757 27.255848884582523 25.284258842468265 24.087678909301761
decision_type=2 2 2 2 2 2 2 2 2 2 2 2 2 2 2 2 2 2 2 2 2 2 2 2 2 2 2 2 2 2
left_child=1 2 12 4 5 -3 7 -6 -8 -10 -11 -12 13 14 15 18 -17 -18 19 20 26 22 23 -21 -25 -26 27 28 29 -1
right_child=-2 3 -4 -5 6 -7 8 -9 9 10 11 -13 -14 -15 -16 16 17 -19 -20 21 -22 -23 -24 24 25 -27 -28 -29 -30 -31
leaf_value=-1.9422835374665311e-05 -0.00087975469796219841 0.0008929302189720884 -0.0024156711584267521 0.0023004775764146712 -0.00049915438091071944 -0.0035008426988497377 -0.0023257115121232347 0.0051682216625305866 0.0027315793733578178 -0.0033675691850172974 0.00157492998797923 -0.0015673566376790404 0.0021557154430245809 -0.0021354137926691157 0.0021367634856893172 -0.0023504051476872217 0.0013836950520917232 -0.0024636688983827345 0.00090396743096215159 0.0013314612772470961 0.0035596585344700588 -0.0032419511170771256 0.0025681040382811004 -0.0034763217670843007 0.0016883540832038438 -0.0030459395365323872 -0.0015003624843815582 0.0015130862585535328 -0.0013352209549735894 0.0019621975039698035
leaf_weight=1785 24 21 30 34 24 24 25 21 28 24 43 20 22 34 31 24 31 21 76 24 21 26 21 28 21 20 39 52 55 51
leaf_count=1785 24 21 30 34 24 24 25 21 28 24 43 20 22 34 31 24 31 21 76 24 21 26 21 28 21 20 39 52 55 51
internal_value=7.11339e-12 7.89018e-06 -2.58213e-05 0.000315891 2.25169e-05 -0.00145042 0.000380798 0.00214562 -0.000186467 0.000278586 -0.000510883 0.000577379 4.27756e-06 -1.57782e-05 1.52053e-05 -1.34519e-05 -0.000858582 -0.000170048 1.54935e-05 -1.60156e-05 4.33771e-05 -0.000865756 -0.000323817 -0.000976831 -0.00177972 -0.000621057 6.12084e-06 3.63591e-05 -4.24899e-06 3.56222e-05
internal_weight=2700 2676 2412 264 230 45 185 45 140 115 87 63 2382 2360 2326 2295 76 52 2219 2143 2003 140 114 93 69 41 1982 1943 1891 1836
internal_count=2700 2676 2412 264 230 45 185 45 140 115 87 63 2382 2360 2326 2295 76 52 2219 2143 2003 140 114 93 69 41 1982 1943 1891 1836
is_linear=0
shrinkage=0.1


Tree=85
num_leaves=31
num_cat=0
split_feature=7 3 5 8 8 8 4 4 4 1 10 1 4 4 9 5 10 7 4 5 10 5 5 1 10 10 5 9 8 7
split_gain=0.00188735 0.0021999 0.00610609 0.00463349 0.00833758 0.00720591 0.00689069 0.0105233 0.00589623 0.00626249 0.00769277 0.00581855 0.0062039 0.00530901 0.0048067 0.00407683 0.00411046 0.00405797 0.00400948 0.00392623 0.01346 0.0201155 0.0169692 0.015713 0.0120087 0.00903729 0.00783644 0.00957114 0.0235737 0.00775717
threshold=0.085499398410320268 7.1658513545989999 6.2244982719421396 6.5801081657409677 6.8882739543914804 7.1519224643707284 5.2901499271392831 3.5873740911483769 6.1196920871734628 106.50000000000001 15.548851013183596 95.500000000000014 4.4065282344818124 6.6437985897064218 9.8180780410766619 5.626612901687623 4.7289850711822519 4.6204357147216806 3.8932259082794194 11.330949783325197 11.507914066314699 12.092833518981935 12.745521068573 98.500000000000014 10.750225543975832 11.26892137527466 13.136131763458254 10.89680862426758 9.7828831672668475 0.80755242705345165
decision_type=2 2 2 2 2 2 2 2 2 2 2 2 2 2 2 2 2 2 2 2 2 2 2 2 2 2 2 2 2 2
left_child=-1 2 15 6 -5 -6 7 -3 9 10 14 12 -9 17 -7 16 -2 -10 -4 24 25 -22 23 -23 29 -21 -24 -28 -29 -15
right_child=1 3 18 4 5 8 -8 11 13 -11 -12 -13 -14 19 -16 -17 -18 -19 -20 20 21 22 26 -25 -26 -27 27 28 -30 -31
leaf_value=0.00092244018649745903 -0.00083521628708695074 -0.0017526085550129853 0.002173225096194074 0.0019880476529665647 -0.0016376471760546946 0.0011190816739991565 -0.0020882314742775637 0.00088085663466762494 -0.002176715886744205 -0.00072111253089546658 -0.00016057924928005647 0.0016475966549478471 -0.001123949090481002 0.00067271092778321839 0.0031342330982442948 -0.001550698039645795 0.0011679291337107619 -0.00016227625776082279 0.0005416511797029373 0.00046714058407815173 -0.0029587213213191086 -0.00012036440590315541 -0.0015362314578584012 0.0034071779429463538 -0.0026224677749585525 0.0030833427207139527 0.0012604210768617562 -0.0029773749775442952 -1.0741275960058381e-06 -0.0013328402559272946
leaf_weight=22 20 34 20 21 27 29 25 29 20 22 27 24 33 54 20 20 21 20 61 31 23 23 34 28 23 23 58 27 1851 30
leaf_count=22 20 34 20 21 27 29 25 29 20 22 27 24 33 54 20 20 21 20 61 31 23 23 34 28 23 23 58 27 1851 30
internal_value=-3.66048e-12 -7.57793e-06 0.000375447 -2.90249e-05 4.26202e-06 -1.33158e-05 -0.000577915 -0.000263265 5.40246e-06 0.000764673 0.00119477 0.000325545 -0.000186217 -2.77416e-05 0.00194159 -0.000380193 0.000190785 -0.0011695 0.000944509 -7.02953e-06 2.31056e-05 -1.8064e-05 1.54022e-05 0.00181633 -0.000597903 0.00158145 -3.12207e-05 -4.78973e-06 -4.38644e-05 -4.35574e-05
internal_weight=2700 2678 142 2536 2391 2370 145 120 2343 98 76 86 62 2245 49 61 41 40 81 2205 2098 2044 2021 51 107 54 1970 1936 1878 84
internal_count=2700 2678 142 2536 2391 2370 145 120 2343 98 76 86 62 2245 49 61 41 40 81 2205 2098 2044 2021 51 107 54 1970 1936 1878 84
is_linear=0
shrinkage=0.1


Tree=86
num_leaves=31
num_cat=0
split_feature=9 8 4 7 5 10 3 9 9 10 10 9 9 9 4 3 1 10 5 3 10 7 4 8 6 4 6 5 4 5
split_gain=0.00187774 0.0205364 0.0133161 0.0215368 0.0116547 0.0259804 0.0216274 0.0111395 0.0130655 0.0104103 0.0130492 0.0202421 0.0193563 0.0175128 0.0307606 0.00926581 0.0118848 0.0095895 0.0275054 0.0214736 0.0165334 0.00899261 0.00897889 0.0246639 0.029923 0.0167207 0.0281987 0.0152429 0.0317903 0.0178571
threshold=16.137351036071781 15.890929222106935 14.103806972503664 31.399459838867191 18.120116233825687 18.766148567199711 18.974101066589359 16.99986553192139 16.566743850708011 16.568341255187992 15.397011280059816 14.148754596710207 13.760473251342775 14.610677719116213 8.7895812988281268 17.500039100646976 120.50000000000001 19.531866073608402 19.727097511291507 22.590942382812504 18.196140289306644 3.8505219221115117 14.804629325866701 17.280622482299808 19.41036415100098 12.714248657226564 20.489200592041023 22.4088134765625 18.005761146545414 23.12815093994141
decision_type=2 2 2 2 2 2 2 2 2 2 2 2 2 2 2 2 2 2 2 2 2 2 2 2 2 2 2 2 2 2
left_child=9 2 3 7 -3 -6 -7 8 -2 10 11 12 -1 14 -12 -11 17 18 20 -19 -17 -16 25 -24 -25 26 -8 28 -26 -29
right_child=1 4 -4 -5 5 6 22 -9 -10 15 13 -13 -14 -15 21 16 -18 19 -20 -21 -22 -23 23 24 27 -27 -28 29 -30 -31
leaf_value=5.3990158507281244e-05 -0.0031720113448010616 0.0023380252088166099 0.00046562297471896999 0.00027345560459875027 -0.0029409371027401812 0.0027859382162769807 0.0019295922043966131 -0.0040630692845297746 0.00013919040793552995 0.002595739005862371 -0.0029452650768819564 0.0023689586304228853 -0.0029466460882262751 -0.0029142839341823549 0.002527161903912202 0.0011508195957867428 -0.0017754343094392904 -0.0017256798592279667 0.0036395753334675521 0.0017204151848669758 -0.0020539808298715135 -4.0830223976324006e-05 -0.0022785310452642688 0.0031526493327692154 -0.004576579862358896 0.0022849029638467634 -0.003088117906978975 0.0022835200673024005 0.00068613093511279055 -5.3034132531342191e-05
leaf_weight=942 26 22 38 38 29 29 24 32 22 23 28 37 22 35 25 60 21 40 35 33 22 30 48 30 22 47 21 34 24 861
leaf_count=942 26 22 38 38 29 29 24 32 22 23 28 37 22 35 25 60 21 40 35 33 22 30 48 30 22 47 21 34 24 861
internal_value=-7.89532e-12 -8.35797e-05 -0.00116246 -0.00168675 5.77342e-05 1.48203e-05 9.00106e-05 -0.00261785 -0.00165438 8.32091e-05 -4.36365e-05 7.36104e-05 -1.44891e-05 -0.00103825 -0.000247148 0.000689791 0.000482034 0.000731543 0.00129271 -0.000167856 0.000290995 0.00112644 1.96398e-05 -6.57805e-05 4.36037e-05 0.000965763 -0.000412006 -5.55157e-05 -0.00183082 3.57288e-05
internal_weight=2700 1347 156 118 1191 1169 1140 80 48 1353 1119 1001 964 118 83 234 211 190 117 73 82 55 1111 1019 971 92 45 941 46 895
internal_count=2700 1347 156 118 1191 1169 1140 80 48 1353 1119 1001 964 118 83 234 211 190 117 73 82 55 1111 1019 971 92 45 941 46 895
is_linear=0
shrinkage=0.1


Tree=87
num_leaves=31
num_cat=0
split_feature=9 7 1 1 9 6 8 6 7 4 6 4 4 1 8 1 6 6 1 10 5 6 10 6 10 10 4 9 9 8
split_gain=0.00178783 0.0091995 0.0128633 0.0192316 0.0096354 0.00790121 0.00636683 0.0073138 0.0184018 0.0123579 0.00705315 0.0146347 0.00323513 0.0155818 0.00408335 0.02146 0.0113647 0.0122485 0.00919289 0.00662841 0.00738328 0.00627818 0.00512249 0.0102678 0.0103624 0.00624594 0.00622122 0.0138141 0.014798 0.01996
threshold=45.278173446655281 7.6369833946228036 118.50000000000001 96.500000000000014 54.305297851562507 43.397848129272468 38.108259201049812 36.653476715087898 23.692364692687988 27.694748878479007 35.306591033935554 30.97282695770264 27.47660064697266 109.50000000000001 28.257985115051273 87.500000000000014 29.101630210876468 28.020032882690433 88.500000000000014 32.734798431396491 32.737255096435554 30.47463417053223 29.890666007995609 26.46651649475098 28.773200988769535 27.948533058166507 20.695787429809574 23.499123573303226 22.112611770629886 20.114763259887699
decision_type=2 2 2 2 2 2 2 2 2 2 2 2 2 2 2 2 2 2 2 2 2 2 2 2 2 2 2 2 2 2
left_child=5 -2 3 4 -3 6 7 10 -9 -10 11 12 14 -14 16 -16 17 19 -18 20 22 -20 23 24 25 26 27 28 29 -1
right_child=1 2 -4 -5 -6 -7 -8 8 9 -11 -12 -13 13 -15 15 -17 18 -19 21 -21 -22 -23 -24 -25 -26 -27 -28 -29 -30 -31
leaf_value=-2.4120213986472723e-05 0.001523764007946565 -0.003137914151219385 -0.0029773953869672762 0.0015513306164315769 -0.00014325079431397501 0.0019045669299719685 -0.0015261601234130839 0.0029556544481551851 0.0013957988226874956 -0.0020348553268593693 -0.0015352000637600819 0.0027014528727158909 0.00054986083756803587 -0.002914644142479769 -0.0017367573315277699 0.0023914051447611524 0.00023407370527274906 0.0019337891212974985 -0.0033041315236756498 -0.0017342483971416103 0.0017924670105339434 -0.00088158492930233477 -0.0012645405018702151 0.0018789354099586993 -0.0019996552674386363 0.0013954781789834671 -0.00083013924294585639 0.0018187357534077905 -0.0017123462716117502 0.0019819643359868695
leaf_weight=1804 21 21 21 35 22 22 27 29 21 21 30 20 34 21 20 34 25 33 23 22 23 20 32 29 26 32 89 42 50 51
leaf_count=1804 21 21 21 35 22 22 27 29 21 21 30 20 34 21 20 34 25 33 23 22 23 20 32 29 26 32 89 42 50 51
internal_value=2.76877e-12 -0.000377312 -0.00078057 -0.000189117 -0.00160576 1.75494e-05 1.32015e-06 1.76149e-05 0.00101822 -0.000319528 -1.12644e-05 7.54958e-06 -1.48065e-05 -0.00077295 2.89965e-06 0.000862456 -1.72725e-05 2.15096e-05 -0.00129081 -7.1746e-06 1.02706e-05 -0.00217737 -8.75053e-06 1.0178e-05 -1.57026e-05 9.24072e-06 -1.25469e-05 2.48263e-05 -1.47244e-05 3.10336e-05
internal_weight=2700 120 99 78 43 2580 2558 2531 71 42 2460 2430 2410 55 2355 54 2301 2233 68 2200 2178 43 2155 2123 2094 2068 2036 1947 1905 1855
internal_count=2700 120 99 78 43 2580 2558 2531 71 42 2460 2430 2410 55 2355 54 2301 2233 68 2200 2178 43 2155 2123 2094 2068 2036 1947 1905 1855
is_linear=0
shrinkage=0.1


Tree=88
num_leaves=31
num_cat=0
split_feature=4 4 1 4 8 8 8 3 3 4 8 4 8 9 8 8 10 3 9 10 4 6 5 10 4 9 9 6 10 8
split_gain=0.00183825 0.0140797 0.00916473 0.00883157 0.0087895 0.00550013 0.00337714 0.00423227 0.00770633 0.00885942 0.0104499 0.0134642 0.00892306 0.0116713 0.0106452 0.0112758 0.00491213 0.00727982 0.0054534 0.00932554 0.00696357 0.0119503 0.00688452 0.0163962 0.00415544 0.0196842 0.0241974 0.0127146 0.0147611 0.0111764
threshold=44.599994659423835 48.148630142211921 96.500000000000014 39.632141113281257 41.556211471557624 39.010753631591804 37.131572723388679 50.058370590209968 45.438741683959968 32.470304489135749 32.740001678466804 28.864313125610355 29.484038352966312 32.711833953857429 28.257985115051273 27.631954193115238 37.006669998168952 37.061401367187507 28.806820869445804 32.451454162597663 24.928812980651859 26.46651649475098 31.993356704711918 29.413200378417972 20.504106521606449 22.648506164550785 23.837436676025394 23.642700195312504 27.675794601440433 24.035786628723148
decision_type=2 2 2 2 2 2 2 2 2 2 2 2 2 2 2 2 2 2 2 2 2 2 2 2 2 2 2 2 2 2
left_child=3 -2 -3 4 5 6 7 8 9 10 11 12 14 -14 15 16 17 18 19 20 21 22 23 24 27 -26 -27 -1 -29 -28
right_child=1 2 -4 -5 -6 -7 -8 -9 -10 -11 -12 -13 13 -15 -16 -17 -18 -19 -20 -21 -22 -23 -24 -25 25 26 29 28 -30 -31
leaf_value=-4.4570103836322948e-06 -0.0027481895120581613 -0.0011997739917465619 0.0015432910945523404 0.0017194146988913418 -0.0018722330566961318 0.0014879338154569269 -0.0012969211675226688 0.0013023288398981096 -0.0019128606998405997 0.0015260378964931558 -0.001933458258697231 0.0018770560410829558 -0.0031339831118072782 0.00016191194193776359 0.0017123127608404806 -0.0023847670288523661 -0.001293131363867172 0.0019160610972903669 0.0013167695255927561 -0.0021683843439677729 -0.0016585283437743781 0.001880017642157755 0.0016743527386400576 -0.0027446192900904202 -0.0034360420727171008 0.0030984807442291642 -0.0023030126870920262 0.0036290428967082075 -0.00012038667752806629 0.00026432289264332026
leaf_weight=1925 20 21 29 30 25 25 20 25 21 38 28 38 21 22 36 20 29 20 31 20 25 34 24 22 20 20 30 21 21 39
leaf_count=1925 20 21 29 30 25 25 20 25 21 38 28 38 21 22 36 20 29 20 31 20 25 34 24 22 20 20 30 21 21 39
internal_value=-3.78909e-12 -0.000505766 0.000391204 1.34614e-05 -6.22263e-06 1.1894e-05 -2.57701e-06 7.65496e-06 -5.26593e-06 1.08611e-05 -1.26781e-05 9.56423e-06 -2.02529e-05 -0.00144771 6.01188e-06 -2.06838e-05 4.46447e-08 1.66974e-05 -3.21943e-07 -1.88725e-05 8.38723e-07 2.008e-05 -9.72108e-06 -2.8986e-05 -2.07601e-07 -0.00060122 3.58183e-05 3.30971e-05 0.00175433 -0.00085191
internal_weight=2700 70 50 2630 2600 2575 2550 2530 2505 2484 2446 2418 2380 43 2337 2301 2281 2252 2232 2201 2181 2156 2122 2098 2076 109 89 1967 42 69
internal_count=2700 70 50 2630 2600 2575 2550 2530 2505 2484 2446 2418 2380 43 2337 2301 2281 2252 2232 2201 2181 2156 2122 2098 2076 109 89 1967 42 69
is_linear=0
shrinkage=0.1


Tree=89
num_leaves=31
num_cat=0
split_feature=3 4 8 1 1 10 10 5 6 3 8 10 4 8 1 8 5 4 9 6 4 8 4 8 4 4 8 8 6 3
split_gain=0.00173242 0.00217162 0.00640145 0.00245219 0.00749772 0.00537404 0.0131455 0.0084356 0.00726964 0.0071076 0.00681841 0.0055685 0.00628635 0.00627577 0.00395174 0.0100137 0.0114979 0.0128142 0.0138282 0.0123936 0.0228606 0.00925872 0.0325794 0.0172119 0.0241416 0.0138334 0.0121041 0.0232715 0.00890309 0.00886476
threshold=4.3471896648406991 2.5945482254028325 4.256390094757081 75.500000000000014 74.500000000000014 11.983208656311037 10.29011917114258 20.317325592041019 14.345796108245851 15.346313476562502 15.810788631439211 24.728101730346683 24.644098281860355 32.432413101196296 88.500000000000014 52.821401596069343 53.837755203247077 38.365652084350593 40.483945846557624 38.436353683471694 32.80961990356446 43.178865432739265 30.97282695770264 19.384343147277836 15.857492923736574 20.695787429809574 16.344045639038089 15.497956275939943 36.21900939941407 21.159017562866214
decision_type=2 2 2 2 2 2 2 2 2 2 2 2 2 2 2 2 2 2 2 2 2 2 2 2 2 2 2 2 2 2
left_child=-1 -2 -3 4 5 6 -4 8 9 -7 -9 -12 -13 -14 21 16 17 18 19 20 28 22 23 24 26 -25 27 29 -16 -5
right_child=1 2 3 14 -6 7 -8 10 -10 -11 11 12 13 -15 15 -17 -18 -19 -20 -21 -22 -23 -24 25 -26 -27 -28 -29 -30 -31
leaf_value=0.00088377002552575022 0.00092039263597689573 -0.0012558407128203616 -7.8225294761496655e-06 0.00047334070319526031 -0.001910547239240259 0.0013116756183187725 -0.0026158615916587967 -0.0017562099744212062 0.0025871597707182881 -0.00099509607534855617 0.0012963551096618177 -0.00093315122721833183 0.0019206390203908086 -0.00055450660487016044 -2.926420982252632e-05 -0.0016378201152149 0.0017007374131562524 -0.0024337748510085723 0.002159987995401025 -0.0024567461616936187 0.00318964236331257 0.0023357146951769078 -0.0037638205289840703 0.0026669637222075837 -0.0033584782481193547 0.00048914530314505102 0.0024304849692903785 -0.0030111889720580583 -0.0021529409953291181 -0.0011937019880861044
leaf_weight=22 25 41 68 280 25 34 27 26 21 22 27 64 20 21 1523 38 39 22 29 21 22 21 20 50 20 70 23 23 20 36
leaf_count=22 25 41 68 280 25 34 27 26 21 22 27 64 20 21 1523 38 39 22 29 21 22 21 20 50 20 70 23 23 20 36
internal_value=-3.60281e-12 -7.26025e-06 -1.60018e-05 3.45969e-06 -0.000240851 -0.000114359 -0.000749055 0.00014222 0.00100046 0.000405444 -0.000276034 1.55155e-05 -0.000313843 0.000652882 4.18869e-05 -3.25902e-05 3.80526e-06 -3.66226e-05 -3.96786e-06 -4.35358e-05 -1.1154e-05 0.000276977 0.000194154 0.000351842 2.36554e-05 0.00139657 0.000210514 5.98961e-05 -5.67908e-05 0.000283424
internal_weight=2700 2678 2653 2612 355 330 95 235 77 56 158 132 105 41 2257 1714 1676 1637 1615 1586 1565 543 522 502 382 120 362 339 1543 316
internal_count=2700 2678 2653 2612 355 330 95 235 77 56 158 132 105 41 2257 1714 1676 1637 1615 1586 1565 543 522 502 382 120 362 339 1543 316
is_linear=0
shrinkage=0.1


Tree=90
num_leaves=31
num_cat=0
split_feature=9 8 8 4 4 3 4 4 3 4 1 6 7 3 5 7 9 6 1 1 5 10 10 10 7 1 3 10 4 6
split_gain=0.00161939 0.0154881 0.0128849 0.0111512 0.0164233 0.0286768 0.0244697 0.0232995 0.0209694 0.016919 0.0233118 0.0198021 0.0157446 0.0137502 0.0259439 0.0118293 0.010825 0.0107914 0.0111518 0.0227821 0.0104143 0.0254068 0.0148758 0.0120997 0.0104028 0.0181748 0.0156763 0.0130451 0.0215146 0.0252519
threshold=16.137351036071781 14.749210357666017 13.822784900665283 10.851480007171633 14.012149810791017 18.507014274597172 14.855940341949465 15.387875080108644 19.854434967041019 16.305028915405277 90.500000000000014 18.407496452331547 5.4163508415222177 20.715625762939457 22.4088134765625 5.1862742900848398 19.233402252197269 16.768729209899906 127.50000000000001 133.50000000000003 19.727097511291507 19.531866073608402 18.196140289306644 16.568341255187992 0.84967041015625011 110.50000000000001 22.590942382812504 25.415155410766605 17.759878158569339 23.642700195312504
decision_type=2 2 2 2 2 2 2 2 2 2 2 2 2 2 2 2 2 2 2 2 2 2 2 2 2 2 2 2 2 2
left_child=17 2 -2 -3 5 -5 15 8 -8 10 -9 -11 -12 -13 -15 -6 -7 18 20 -20 22 -22 23 -1 25 -16 -26 -28 -29 -30
right_child=1 3 -4 4 6 16 7 9 -10 11 12 13 -14 14 24 -17 -18 -19 19 -21 21 -23 -24 -25 26 -27 27 28 29 -31
leaf_value=-2.0989164495557687e-05 -0.00019968313802229732 0.0018775215297336539 -0.0028397358546499163 -0.0046855770656839017 0.0035817074123770001 0.00096177546365652236 0.00051784321965117543 -0.00082204062574809148 -0.0034385193340681695 -0.0031747621690738012 0.0048648639127523421 0.0014442275518611555 0.0012426452062624907 -0.0032084555436785408 0.00026395259890705348 0.0008549981324638173 -0.0015498905014356826 0.0018103320730317918 -0.0033956613524683886 0.0004076044097827334 0.0032283140521030874 -0.00031458782336812874 -0.0025555437626528809 0.0012325244114161976 0.0027853791690653283 -0.0034724077776722285 -0.0011080988331001948 0.0026980279028066437 -0.003011444535178061 0.00016968033831935535
leaf_weight=1066 38 31 36 20 26 32 21 28 37 20 21 62 28 26 30 41 37 35 28 36 35 48 22 83 21 23 91 32 26 620
leaf_count=1066 38 31 36 20 26 32 21 28 37 20 21 62 28 26 30 41 37 35 28 36 35 48 22 83 21 23 91 32 26 620
internal_value=3.04273e-12 -7.76175e-05 -0.00148403 4.13802e-06 -4.26211e-05 -0.00135147 5.84087e-05 -5.60167e-05 -0.00200604 5.40043e-05 0.00147973 -6.14329e-05 0.00279502 5.44852e-06 -9.72031e-05 0.00191312 -0.00038506 7.72733e-05 3.12512e-05 -0.00125632 9.69648e-05 0.00117941 2.02418e-05 6.95606e-05 -1.24518e-06 -0.00135749 8.97432e-05 1.61302e-05 0.000167022 4.16474e-05
internal_weight=2700 1347 74 1273 1242 89 1153 1086 58 1028 77 951 49 931 869 67 69 1353 1318 64 1254 83 1171 1149 843 53 790 769 678 646
internal_count=2700 1347 74 1273 1242 89 1153 1086 58 1028 77 951 49 931 869 67 69 1353 1318 64 1254 83 1171 1149 843 53 790 769 678 646
is_linear=0
shrinkage=0.1


Tree=91
num_leaves=31
num_cat=0
split_feature=7 9 3 8 9 7 3 1 8 1 4 4 1 3 1 3 5 3 10 3 10 8 6 6 7 7 7 9 1 1
split_gain=0.00168653 0.00226301 0.00586493 0.00389135 0.00501795 0.00800933 0.00743603 0.00742136 0.00701761 0.00482092 0.00527279 0.00481179 0.00532 0.00584325 0.00466873 0.00686851 0.00425828 0.00931015 0.0130534 0.00986158 0.0084502 0.00944099 0.00654493 0.01206 0.00604676 0.0153159 0.00881039 0.00754083 0.0169334 0.014837
threshold=0.085499398410320268 3.7294043302536015 5.9947023391723642 5.9710497856140146 7.8318376541137704 2.8742002248764043 8.7728033065795916 85.500000000000014 7.0786485671997079 85.500000000000014 3.6896346807479854 6.1196920871734628 105.50000000000001 15.842745304107668 69.500000000000014 8.6166553497314471 11.330949783325197 11.589704036712648 11.654214382171633 12.155033111572267 10.750225543975832 7.7905328273773202 11.238461971282961 10.384967327117922 0.78304466605186474 0.72072488069534313 0.95258226990699779 14.760573863983156 121.50000000000001 103.50000000000001
decision_type=2 2 2 2 2 2 2 2 2 2 2 2 2 2 2 2 2 2 2 2 2 2 2 2 2 2 2 2 2 2
left_child=-1 -2 -3 9 5 6 7 -5 -6 14 -11 12 13 -10 -4 -16 20 22 -19 -20 21 -13 23 -18 25 27 -26 -21 29 -29
right_child=1 2 3 4 8 -7 -8 -9 11 10 -12 16 -14 -15 15 -17 17 18 19 24 -22 -23 -24 -25 26 -27 -28 28 -30 -31
leaf_value=0.00087198555097116207 -0.0010669072554446758 0.001004239916137681 -0.0012096618977881484 -0.0003415925146934266 -0.0013514602697866326 0.0025006630993448199 -0.0012461543073067848 0.002096973289343833 0.0018562828054750438 -0.0024565217106349091 -0.00048086124039920311 -0.0017643073879837715 -0.00066497648465222239 3.7864294815032435e-05 -0.00069298219797201462 0.0016073002238516456 0.00033717093650590291 -0.0022646511799673768 0.0018540219520218671 -0.0012999943705559102 -0.0023355472762056667 0.0004603552376815619 -0.0003824845077874868 0.003216927690216555 0.001564295299855682 -0.0032156365737318992 -1.5691467679826282e-05 0.00048808679647218594 0.0026179561350980532 -0.0026584790426899089
leaf_weight=22 20 57 23 24 39 20 23 26 43 22 35 27 22 30 25 27 33 26 28 46 23 65 23 26 36 20 1797 47 23 22
leaf_count=22 20 57 23 24 39 20 23 26 43 22 35 27 22 30 25 27 33 26 28 46 23 65 23 26 36 20 1797 47 23 22
internal_value=8.91979e-14 -7.16344e-06 8.10558e-07 -2.11792e-05 7.1025e-06 0.000727686 0.000241939 0.000926462 -2.11022e-05 -0.000550176 -0.0012434 1.09894e-06 0.000698175 0.00110899 -2.3329e-05 0.000501395 -2.84382e-05 3.60716e-06 -3.82871e-05 -9.61677e-06 -0.000621137 -0.000192535 0.00104841 0.00160622 -3.58257e-05 -0.000629405 1.53394e-05 -0.000254588 0.000268114 -0.000515166
internal_weight=2700 2678 2658 2601 2469 93 73 50 2376 132 57 2337 95 73 75 52 2242 2127 2045 2019 115 92 82 59 1991 158 1833 138 92 69
internal_count=2700 2678 2658 2601 2469 93 73 50 2376 132 57 2337 95 73 75 52 2242 2127 2045 2019 115 92 82 59 1991 158 1833 138 92 69
is_linear=0
shrinkage=0.1


Tree=92
num_leaves=31
num_cat=0
split_feature=1 4 7 7 7 4 9 5 9 3 8 6 9 8 3 10 7 7 3 8 1 6 9 5 9 9 1 9 7 3
split_gain=0.00172299 0.00714637 0.00754073 0.0433198 0.0189332 0.0140589 0.0110177 0.00644483 0.0295504 0.0174415 0.0219187 0.0111117 0.0262151 0.0133338 0.0140043 0.0399295 0.0298826 0.0257056 0.0185623 0.0244752 0.0141021 0.0131809 0.0211075 0.0111095 0.0094841 0.012563 0.0132948 0.0129336 0.00682296 0.0193574
threshold=102.50000000000001 4.29433298110962 26.454820632934574 35.779998779296882 22.146862983703617 19.025105476379398 41.159374237060554 37.680969238281257 38.854648590087898 33.21631050109864 27.886069297790531 26.209734916687015 25.025783538818363 22.276827812194828 21.159017562866214 20.553493499755863 2.6455107927322392 5.8007333278656015 20.056363105773929 16.833180427551273 118.50000000000001 16.369953155517582 15.56132221221924 18.348212242126468 14.610677719116213 13.871373653411867 105.50000000000001 11.75551748275757 4.6204357147216806 14.94848155975342
decision_type=2 2 2 2 2 2 2 2 2 2 2 2 2 2 2 2 2 2 2 2 2 2 2 2 2 2 2 2 2 2
left_child=-1 -2 4 -4 7 -5 -7 9 -9 10 11 12 13 14 15 18 -16 -18 19 21 -19 22 23 24 25 26 27 -3 -28 -30
right_child=1 2 3 5 -6 6 -8 8 -10 -11 -12 -13 -14 -15 16 -17 17 20 -20 -21 -22 -23 -24 -25 -26 -27 28 -29 29 -31
leaf_value=-6.4123211680327911e-05 -0.0013963873163917132 -0.00018197388232996068 -0.0034442035272887386 -0.0010923341944299896 0.0032104752336939179 0.0030612313432222303 0.00017710112465115695 0.0040948823983357708 -0.00048867706030320663 -0.0020227181803862994 0.0033861896732733363 -0.0016557238393408412 0.003675744788987296 -0.0019724845015055815 0.0045733812619887645 -0.0039413437023758892 -0.0020944288771214156 0.0024270472910293208 0.0023085342303037016 -0.0032739840384403414 -0.00035517523065209389 0.001924179279931674 -0.0026736170336204984 0.0024049470489401195 -0.001764272098188047 0.0022129507668848551 0.00055902445195464502 -0.003464956441894174 -0.0030353037976469338 0.00055877980627515853
leaf_weight=1642 31 30 37 29 21 27 26 22 39 37 21 34 21 30 21 25 29 49 37 22 29 38 28 21 27 28 210 20 22 47
leaf_count=1642 31 30 37 29 21 27 26 22 39 37 21 34 21 30 21 25 29 49 37 22 29 38 28 21 27 28 210 20 22 47
internal_value=4.07033e-12 9.95183e-05 0.000144672 -0.000603826 0.000242768 0.000677807 0.00164638 0.000172507 0.00116441 9.92551e-05 0.000198765 0.000111608 0.000193474 9.09106e-05 0.000181543 -3.59172e-05 0.00112444 0.00044754 0.000148301 -1.3826e-05 0.00139263 0.000138453 -1.82618e-05 0.000165318 4.28386e-05 0.000179511 6.45215e-06 -0.00149517 0.00027556 -0.00058716
internal_weight=2700 1058 1027 119 908 82 53 887 61 826 789 768 734 713 683 555 128 107 530 493 78 471 433 405 384 357 329 50 279 69
internal_count=2700 1058 1027 119 908 82 53 887 61 826 789 768 734 713 683 555 128 107 530 493 78 471 433 405 384 357 329 50 279 69
is_linear=0
shrinkage=0.1


Tree=93
num_leaves=31
num_cat=0
split_feature=9 4 4 8 7 8 8 4 4 1 4 1 8 9 3 10 1 9 8 6 4 9 4 4 10 10 8 8 4 9
split_gain=0.00148355 0.00450625 0.00487063 0.00490456 0.0140547 0.00869805 0.00583471 0.00458671 0.0096907 0.0156106 0.00630591 0.00502007 0.00367591 0.00888712 0.0105977 0.0120526 0.00601573 0.00545909 0.0183449 0.00413318 0.0123719 0.00631738 0.00794183 0.00407937 0.0184168 0.0137883 0.0104203 0.00973925 0.0113182 0.0182565
threshold=63.123437881469734 48.148630142211921 40.63652420043946 40.044538497924812 31.399459838867191 38.108259201049812 36.541755676269538 31.847651481628422 29.174263954162601 113.50000000000001 28.169896125793461 103.50000000000001 29.973093986511234 34.330162048339851 41.210859298706062 37.006669998168952 100.50000000000001 29.922535896301273 27.631954193115238 27.670281410217289 23.925613403320316 26.651004791259769 23.323474884033207 20.695787429809574 25.415155410766605 27.08337497711182 22.743246078491214 21.77115631103516 18.862730026245121 21.668233871459964
decision_type=2 2 2 2 2 2 2 2 2 2 2 2 2 2 2 2 2 2 2 2 2 2 2 2 2 2 2 2 2 2
left_child=1 2 3 5 -5 6 7 8 10 -10 12 -9 13 14 15 17 -14 18 19 21 -21 22 23 26 -25 -26 27 28 29 -1
right_child=-2 -3 -4 4 -6 -7 -8 11 9 -11 -12 -13 16 -15 -16 -17 -18 -19 -20 20 -22 -23 -24 24 25 -27 -28 -29 -30 -31
leaf_value=3.7414145281780697e-05 -0.00069930223360036817 0.0014015437306269356 -0.0011135219659011524 -0.00062746318057179448 0.0027978289426992767 -0.0020837119035422803 0.0017112029902637005 5.0115237093490103e-06 -8.5193643656869729e-05 0.0034696874142225299 -0.0015340036617729951 -0.0021334796367834014 -0.00018388515581255376 -0.0021129179955460134 0.0021884999640116639 -0.0024609255482209848 0.0021874856180511418 0.0012439346680184827 -0.0028881616292479027 0.0023215048290098662 -0.00053023158070573115 -0.0012703661240009705 0.0016575182406713481 -0.0026757166018554321 0.002339536442146213 -0.00093388411581643961 0.0020085392072080421 -0.0019677629452198742 0.0012069553923006956 -0.0014621311940444526
leaf_weight=1811 30 23 39 25 23 20 20 23 30 21 27 21 23 20 22 20 20 35 22 29 32 39 29 30 22 31 26 25 77 85
leaf_count=1811 30 23 39 25 23 20 20 23 30 21 27 21 23 20 22 20 20 35 22 29 32 39 29 30 22 31 26 25 77 85
internal_value=7.88465e-13 7.85733e-06 -4.25253e-06 1.23355e-05 0.00101382 -6.44241e-06 9.91404e-06 -3.58825e-06 1.43964e-05 0.00137858 -1.42937e-05 -0.00101563 2.8173e-06 -1.39127e-05 4.06591e-06 -1.67112e-05 0.000919078 4.60768e-06 -1.46024e-05 1.36705e-05 0.000825512 -9.09838e-06 1.39304e-05 -8.69138e-06 -0.000695808 0.000424894 1.94859e-05 -6.39772e-06 1.84549e-05 -2.98123e-05
internal_weight=2700 2670 2647 2608 48 2560 2540 2520 2476 51 2425 44 2398 2355 2335 2313 43 2293 2258 2236 61 2175 2136 2107 83 53 2024 1998 1973 1896
internal_count=2700 2670 2647 2608 48 2560 2540 2520 2476 51 2425 44 2398 2355 2335 2313 43 2293 2258 2236 61 2175 2136 2107 83 53 2024 1998 1973 1896
is_linear=0
shrinkage=0.1


Tree=94
num_leaves=31
num_cat=0
split_feature=10 4 7 8 10 7 4 10 6 6 4 9 8 5 9 9 9 6 9 4 4 8 8 4 4 9 8 3 7 6
split_gain=0.00155302 0.00814226 0.00822059 0.00761811 0.00534539 0.0208537 0.0212665 0.0105169 0.0114147 0.00858659 0.0113616 0.00367077 0.00831761 0.0207589 0.00536388 0.00590132 0.014842 0.00744794 0.00569478 0.00799172 0.00688564 0.00365492 0.00872695 0.00906992 0.015627 0.0162494 0.00856563 0.018327 0.0485406 0.0297665
threshold=53.758426666259773 35.330894470214851 54.504503250122077 54.72319412231446 43.749469757080085 22.501276016235355 30.169682502746586 41.82336616516114 36.653476715087898 35.306591033935554 30.97282695770264 31.021299362182621 28.912597656250004 36.131935119628913 29.922535896301273 28.567381858825687 29.10465240478516 28.020032882690433 26.651004791259769 22.582174301147464 24.136787414550785 24.473973274230961 23.577877044677738 20.504106521606449 20.970250129699707 23.715567588806156 20.114763259887699 23.069911956787113 5.8768870830535898 23.194218635559086
decision_type=2 2 2 2 2 2 2 2 2 2 2 2 2 2 2 2 2 2 2 2 2 2 2 2 2 2 2 2 2 2
left_child=4 -2 3 -3 7 -6 -7 8 9 10 11 14 -13 -14 15 17 -17 18 20 -20 21 22 23 26 -25 -26 -1 -28 -29 -30
right_child=1 2 -4 -5 5 6 -8 -9 -10 -11 -12 12 13 -15 -16 16 -18 -19 19 -21 -22 -23 -24 24 25 -27 27 28 29 -31
leaf_value=-2.8564371713631168e-05 -0.0021914058225229387 -0.0017333470425941852 0.0015680052265524868 0.00062397638640294864 0.0026161428723433938 0.0010664075099600431 -0.0027169771259650589 -0.0018748660556351148 0.0021347482800483705 -0.0019360022052474645 0.0023789088008925319 -0.0024438932910561561 -0.0021497008706709104 0.0014807631196971571 0.0011719415550872398 -0.0031920840781458539 0.00034894615026383565 0.0014817791265052031 -0.0023805702391352197 0.00014996771754410406 0.0018617068103048953 -0.0011374455726971585 0.0017988892448893576 -0.0035014336928725245 0.0018717063391315088 -0.0020172385734357787 0.0029312385223625652 -0.004129570416573968 0.0041346403323113921 -1.5306377047506561e-05
leaf_weight=1875 20 29 25 26 37 39 24 30 25 23 20 20 28 36 39 20 29 34 24 26 20 28 27 20 21 22 31 21 25 56
leaf_count=1875 20 29 25 26 37 39 24 30 25 23 20 20 28 36 39 20 29 34 24 26 20 28 27 20 21 22 31 21 25 56
internal_value=-3.82486e-12 -0.000386717 6.44557e-05 -0.000618976 1.48737e-05 0.000731797 -0.000374882 -1.38032e-05 8.80077e-06 -1.29369e-05 5.32504e-06 -1.44384e-05 -0.000663834 -0.000107565 9.09452e-06 -1.0805e-05 -0.00109637 1.30483e-05 -9.69166e-06 -0.00106469 1.48889e-05 -2.48471e-06 1.26625e-05 -1.06248e-05 -0.0011921 -0.000117986 2.64433e-05 0.000801927 0.000154783 0.00126554
internal_weight=2700 100 80 55 2600 100 63 2500 2470 2445 2422 2402 84 64 2318 2279 49 2230 2196 50 2146 2126 2098 2071 63 43 2008 133 102 81
internal_count=2700 100 80 55 2600 100 63 2500 2470 2445 2422 2402 84 64 2318 2279 49 2230 2196 50 2146 2126 2098 2071 63 43 2008 133 102 81
is_linear=0
shrinkage=0.1


Tree=95
num_leaves=31
num_cat=0
split_feature=9 4 4 3 10 3 8 5 7 5 9 6 6 8 8 6 6 9 6 10 5 10 5 6 10 10 5 4 3 3
split_gain=0.00160093 0.00369283 0.00423961 0.00457575 0.0057517 0.0111471 0.00204282 0.0148589 0.013635 0.0123895 0.00386943 0.00815993 0.00628912 0.00695998 0.00939644 0.00798777 0.00617003 0.00526761 0.00434611 0.00480428 0.00562976 0.0031152 0.00579211 0.00446456 0.00972591 0.00508003 0.00882903 0.0360199 0.00536432 0.0112609
threshold=63.123437881469734 48.148630142211921 40.63652420043946 56.696943283081062 48.874929428100593 47.948009490966804 34.159008026123054 43.751398086547859 15.318244934082033 39.193626403808601 33.998146057128913 32.648273468017585 31.813248634338382 29.225633621215824 27.886069297790531 29.101630210876468 29.971782684326175 35.458627700805671 28.020032882690433 32.734798431396491 32.737255096435554 29.890666007995609 30.651180267333988 26.46651649475098 28.389893531799316 27.948533058166507 28.177655220031742 18.103437423706058 27.255848884582523 27.771803855896
decision_type=2 2 2 2 2 2 2 2 2 2 2 2 2 2 2 2 2 2 2 2 2 2 2 2 2 2 2 2 2 2
left_child=1 2 3 4 5 6 7 10 9 -8 11 12 13 14 15 18 -17 -12 19 20 21 22 23 24 25 26 28 -28 -1 -30
right_child=-2 -3 -4 -5 -6 -7 8 -9 -10 -11 17 -13 -14 -15 -16 16 -18 -19 -20 -21 -22 -23 -24 -25 -26 -27 27 -29 29 -31
leaf_value=-1.4016215851390021e-05 -0.00072643973787004756 0.0012698070875004582 -0.0010377224233264152 0.0013326598546252802 -0.0013329563211300411 0.0023676658887416126 0.0014735612463915634 -0.00273287504009204 0.0024797125835902992 -0.0016722836824614676 0.001893228172324598 -0.001529157518941377 0.0015557140136549536 -0.0018656679242849352 0.001766115349601023 -0.0026435335683345331 -0.00028704732982441785 -0.0002551275083706493 0.001133262614680194 -0.0015113422824513346 0.0015647003956078349 -0.00098745437790057631 0.0016591470511186691 0.0013184734596870841 -0.0021670489353016907 0.0015074029205028308 0.001125022497959435 -0.0045686497390852307 0.0027078324272720652 -0.00045675780198982233
leaf_weight=1943 30 23 39 26 32 20 21 20 24 31 25 35 26 20 30 20 25 21 34 21 23 32 21 25 21 22 25 20 22 23
leaf_count=1943 30 23 39 26 32 20 21 20 24 31 25 35 26 20 30 20 25 21 34 21 23 32 21 25 21 22 25 20 22 23
internal_value=7.01389e-13 8.16224e-06 -2.80029e-06 1.26759e-05 -6.15938e-07 1.61036e-05 -2.4858e-06 -1.82992e-05 0.00050812 -0.000401846 4.0063e-06 -1.34932e-05 9.05178e-06 -8.22937e-06 7.87326e-06 -1.5292e-05 -0.00133437 0.000912457 1.13024e-05 -6.05274e-06 8.46774e-06 -8.14941e-06 6.61862e-06 -9.8988e-06 -2.58956e-05 -4.01518e-06 -2.03709e-05 -0.0014055 1.09826e-05 0.00109038
internal_weight=2700 2670 2647 2608 2582 2550 2530 2454 76 52 2434 2388 2353 2327 2307 2277 45 46 2232 2198 2177 2154 2122 2101 2076 2055 2033 45 1988 45
internal_count=2700 2670 2647 2608 2582 2550 2530 2454 76 52 2434 2388 2353 2327 2307 2277 45 46 2232 2198 2177 2154 2122 2101 2076 2055 2033 45 1988 45
is_linear=0
shrinkage=0.1


Tree=96
num_leaves=31
num_cat=0
split_feature=4 4 4 1 8 8 8 3 3 6 6 4 8 5 3 8 8 10 3 9 6 4 1 10 9 6 4 6 9 6
split_gain=0.00147686 0.0100798 0.00943921 0.00854015 0.00808335 0.004495 0.00208325 0.00299903 0.00764522 0.00693902 0.00872218 0.00884245 0.00294665 0.0227442 0.0129226 0.0091265 0.00849929 0.00327011 0.00577864 0.00446275 0.00776136 0.0040211 0.0162588 0.0234066 0.00528638 0.00560167 0.0145405 0.0117072 0.00991553 0.00831804
threshold=44.599994659423835 48.148630142211921 39.632141113281257 96.500000000000014 41.556211471557624 39.010753631591804 37.131572723388679 50.058370590209968 45.438741683959968 36.653476715087898 35.306591033935554 30.97282695770264 29.484038352966312 35.016202926635749 38.553287506103523 28.257985115051273 27.631954193115238 37.006669998168952 37.061401367187507 28.806820869445804 27.796694755554203 22.582174301147464 94.500000000000014 27.08337497711182 26.514737129211429 25.807006835937504 20.695787429809574 23.945169448852543 23.837436676025394 23.194218635559086
decision_type=2 2 2 2 2 2 2 2 2 2 2 2 2 2 2 2 2 2 2 2 2 2 2 2 2 2 2 2 2 2
left_child=2 -2 4 -3 5 6 7 8 9 10 11 12 15 -14 -15 16 17 18 19 20 21 24 -23 -24 25 26 27 29 -28 -1
right_child=1 3 -4 -5 -6 -7 -8 -9 -10 -11 -12 -13 13 14 -16 -17 -18 -19 -20 -21 -22 22 23 -25 -26 -27 28 -29 -30 -31
leaf_value=2.8468290436558354e-05 -0.0023506760480813682 -0.0012302020985987924 0.0017757303283239404 0.0014177431641467688 -0.0017977670636028051 0.0013434591405093671 -0.0010205821134150028 0.0010938861295580866 -0.0019068495969155005 0.0014959909600175678 -0.001796982119170328 0.0021043199475388975 -0.0034892413415946069 0.0020338534950636901 -0.0012591877126727593 0.0015698725643970475 -0.002065740923280828 -0.0010503802954315627 0.0017105660482775419 0.001194637585731764 -0.0018020867816934091 -0.0012503243731334806 -0.00050529782962257749 0.0042215033613584559 -0.0014083895646898007 0.0015871429080355237 -0.00030264954714636716 0.0018949027602723095 -0.0029884792532323414 -0.0012909228642642196
leaf_weight=1924 20 21 30 29 25 25 20 25 21 31 27 20 20 26 22 37 20 29 20 31 24 25 20 22 27 22 28 33 27 49
leaf_count=1924 20 21 30 29 25 25 20 25 21 31 27 20 20 26 22 37 20 29 20 31 24 25 20 22 27 22 28 33 27 49
internal_value=4.86836e-12 -0.000453332 1.20659e-05 0.000305606 -8.28411e-06 9.08951e-06 -3.99254e-06 4.04374e-06 -6.83293e-06 9.23001e-06 -9.55906e-06 1.03339e-05 -7.07243e-06 -0.000655982 0.000524543 1.18009e-05 -1.32528e-05 4.74355e-06 1.83308e-05 3.16745e-06 -1.36138e-05 6.10293e-06 0.000768791 0.00197065 -1.81151e-05 -9.42975e-08 -1.70371e-05 2.69439e-05 -0.00162115 -4.29915e-06
internal_weight=2700 70 2630 50 2600 2575 2550 2530 2505 2484 2453 2426 2406 68 48 2338 2301 2281 2252 2232 2201 2177 67 42 2110 2083 2061 2006 55 1973
internal_count=2700 70 2630 50 2600 2575 2550 2530 2505 2484 2453 2426 2406 68 48 2338 2301 2281 2252 2232 2201 2177 67 42 2110 2083 2061 2006 55 1973
is_linear=0
shrinkage=0.1


Tree=97
num_leaves=31
num_cat=0
split_feature=7 8 4 4 10 9 4 6 4 8 4 8 8 4 8 9 5 10 4 9 9 4 8 8 4 8 8 8 9 8
split_gain=0.00148062 0.00299059 0.00817912 0.0042241 0.00517721 0.00686007 0.0139798 0.00641978 0.00974224 0.0148244 0.00666597 0.00352108 0.0070299 0.0192021 0.010359 0.00557941 0.00391684 0.00687849 0.00447753 0.0108018 0.00513277 0.00806843 0.00324275 0.0113074 0.00699134 0.00645621 0.0035836 0.0230671 0.0157895 0.01977
threshold=212.61233520507815 54.72319412231446 44.599994659423835 39.632141113281257 50.782611846923835 40.483945846557624 33.978147506713874 38.436353683471694 32.470304489135749 32.740001678466804 28.864313125610355 29.484038352966312 27.886069297790531 26.274064064025882 27.473371505737308 32.711833953857429 39.486082077026374 34.643404006958015 24.928812980651859 27.7506856918335 26.848709106445316 23.781531333923343 24.473973274230961 23.577877044677738 21.776893615722663 22.743246078491214 20.620324134826664 20.114763259887699 21.341461181640629 19.284092903137211
decision_type=2 2 2 2 2 2 2 2 2 2 2 2 2 2 2 2 2 2 2 2 2 2 2 2 2 2 2 2 2 2
left_child=1 2 3 4 5 7 -7 8 9 10 11 12 14 -14 16 -13 17 18 19 20 21 22 23 24 25 26 27 28 -1 -30
right_child=-2 -3 -4 -5 -6 6 -8 -9 -10 -11 -12 15 13 -15 -16 -17 -18 -19 -20 -21 -22 -23 -24 -25 -26 -27 -28 -29 29 -31
leaf_value=2.8217193690295395e-05 -0.00085722082294523725 0.00091169283389010364 -0.0015949666340020485 0.0012137113090861461 -0.0014935612476066403 0.0031995039922185242 -0.0004154796428654505 -0.0014152779833239038 0.0017437746806535871 -0.0023426564781133226 0.0013103508717344644 -0.0019754124147331586 0.003462613778399481 -0.00063917674974072727 -0.0022810802794992926 0.00022723593536521432 0.0012020274500914472 -0.0014652815494628159 -0.0012451551933606556 0.0022845355993402856 -0.0013158517311114401 0.0020226433977950367 -0.0010455325261914524 0.0020152808516286313 -0.0018684685847256334 0.0016074795518070462 -0.00055918168966075305 0.0024953584866346541 -0.00019265652890914145 -0.003840499916501964
leaf_weight=1804 20 36 32 29 23 20 23 32 32 27 39 23 21 25 20 23 27 32 28 21 29 20 29 28 20 25 112 37 39 24
leaf_count=1804 20 36 32 29 23 20 23 32 32 27 39 23 21 25 20 23 27 32 28 21 29 20 29 28 20 25 112 37 39 24
internal_value=-4.17408e-12 6.39717e-06 -5.9291e-06 1.35384e-05 6.37892e-08 1.34831e-05 0.00126591 -7.91314e-06 1.02099e-05 -1.24049e-05 1.35295e-05 -7.65866e-06 9.36644e-06 0.00123338 -1.51672e-05 -0.000874088 4.75295e-06 -9.62712e-06 1.13932e-05 2.74733e-05 5.60052e-06 2.35248e-05 4.64739e-06 1.92262e-05 -7.89144e-06 1.03406e-05 -9.46521e-06 2.2871e-05 -2.61284e-05 -0.00158231
internal_weight=2700 2680 2644 2612 2583 2560 43 2517 2485 2453 2426 2387 2341 46 2295 46 2275 2248 2216 2188 2167 2138 2118 2089 2061 2041 2016 1904 1867 63
internal_count=2700 2680 2644 2612 2583 2560 43 2517 2485 2453 2426 2387 2341 46 2295 46 2275 2248 2216 2188 2167 2138 2118 2089 2061 2041 2016 1904 1867 63
is_linear=0
shrinkage=0.1


Tree=98
num_leaves=31
num_cat=0
split_feature=9 6 10 5 7 6 4 8 4 5 4 1 4 3 9 10 3 10 5 5 6 9 9 4 10 9 9 9 7 8
split_gain=0.00156381 0.00311662 0.00486072 0.00535294 0.0136498 0.0178731 0.00590416 0.00959274 0.0054941 0.00567162 0.00372157 0.00974541 0.00722872 0.0118068 0.00494595 0.0100228 0.00682479 0.0100451 0.00425513 0.00399362 0.00690844 0.0212738 0.00962182 0.00467234 0.00473305 0.00446516 0.0170115 0.00879071 0.027047 0.0237901
threshold=63.123437881469734 53.380683898925788 53.758426666259773 47.529167175292976 22.501276016235355 41.46318435668946 36.531141281127937 36.541755676269538 31.847651481628422 37.998533248901374 29.174263954162601 104.50000000000001 27.47660064697266 34.126354217529304 32.522233963012702 37.773128509521491 36.109760284423835 33.316356658935554 40.668283462524421 32.737255096435554 28.344831466674808 27.7506856918335 26.651004791259769 24.136787414550785 29.49497222900391 24.882783889770511 24.365383148193363 22.571057319641117 5.4979047775268564 21.199607849121097
decision_type=2 2 2 2 2 2 2 2 2 2 2 2 2 2 2 2 2 2 2 2 2 2 2 2 2 2 2 2 2 2
left_child=1 2 3 6 -5 -6 7 8 10 -10 12 -12 14 -14 15 16 17 19 -16 20 21 22 23 24 25 26 27 29 -29 -1
right_child=-2 -3 -4 4 5 -7 -8 -9 9 -11 11 -13 13 -15 18 -17 -18 -19 -20 -21 -22 -23 -24 -25 -26 -27 -28 28 -30 -31
leaf_value=6.0257335985141336e-06 -0.00071796759342153871 0.0010215760457019012 -0.0010974191478453578 0.0029386447001756594 0.0017056488252889654 -0.0021671300753951074 -0.0016053822964591825 0.0021854532440192995 -0.00215732368233148 0.00012280391121748837 -0.00071237771131563935 0.0022764842389733533 0.00037482997475308372 -0.0030612779536750168 0.0020476106750059197 -0.0022359836893156172 0.0012909718818973931 -0.0019651046882455166 3.2241148874163633e-05 0.0009662778871516336 -0.00165967814065516 0.0031795729129087363 -0.0017398317122570006 0.0014914655525769508 -0.0013753155209124089 0.00099413705989718441 -0.0029150009690783918 0.0032176274176248737 -0.00028211493802715153 -0.0033785238546053214
leaf_weight=1880 30 30 40 22 26 22 23 20 24 20 20 24 20 20 22 20 41 26 20 43 25 21 32 21 25 45 20 34 63 21
leaf_count=1880 30 30 40 22 26 22 23 20 24 20 20 24 20 20 22 20 41 26 20 43 25 21 32 21 25 45 20 34 63 21
internal_value=-1.39631e-12 8.06705e-06 -3.4501e-06 1.33802e-05 0.000876003 -6.93748e-05 -1.04868e-05 4.14524e-06 -1.33964e-05 -0.0011209 6.55044e-06 0.000917911 -1.01648e-05 -0.00134322 1.2439e-05 -7.05595e-06 1.23513e-05 -1.0886e-05 0.00108791 1.18986e-05 -6.86604e-06 1.2246e-05 -1.88207e-05 7.29232e-06 -7.63471e-06 8.93922e-06 -1.303e-05 1.60188e-05 0.000944599 -3.13628e-05
internal_weight=2700 2670 2640 2600 70 48 2530 2507 2487 44 2443 44 2399 40 2359 2317 2297 2256 42 2230 2187 2162 2141 2109 2088 2063 2018 1998 97 1901
internal_count=2700 2670 2640 2600 70 48 2530 2507 2487 44 2443 44 2399 40 2359 2317 2297 2256 42 2230 2187 2162 2141 2109 2088 2063 2018 1998 97 1901
is_linear=0
shrinkage=0.1


Tree=99
num_leaves=31
num_cat=0
split_feature=5 10 6 6 8 9 6 8 5 10 8 7 7 7 7 3 4 3 1 1 7 1 10 4 5 3 1 7 7 7
split_gain=0.00155498 0.036818 0.0168483 0.0351353 0.0164265 0.0159596 0.0126912 0.0135808 0.0116435 0.0114619 0.00752133 0.00744917 0.00742923 0.0346895 0.0193043 0.0289884 0.0172229 0.0128935 0.014556 0.0172191 0.0128429 0.0252757 0.00996361 0.0181416 0.00777518 0.00971364 0.0120775 0.00867162 0.0134471 0.00840865
threshold=22.4088134765625 20.805160522460941 18.407496452331547 17.750913619995121 18.0448751449585 17.439353942871097 17.041936874389652 15.971611976623537 23.12815093994141 20.305118560791019 16.9757194519043 2.4189267158508305 3.45810878276825 4.3743214607238778 2.7514103651046757 23.882115364074711 23.781531333923343 34.979486465454109 97.500000000000014 118.50000000000001 5.8007333278656015 108.50000000000001 25.284258842468265 16.968474388122562 26.781700134277347 27.771803855896 96.500000000000014 7.2369639873504648 9.1437754631042498 10.458476543426515
decision_type=2 2 2 2 2 2 2 2 2 2 2 2 2 2 2 2 2 2 2 2 2 2 2 2 2 2 2 2 2 2
left_child=1 2 3 5 -3 6 7 -1 10 -4 -2 -12 14 -14 15 -10 -17 18 -18 -20 21 -15 23 -22 -24 26 -26 -27 -29 -30
right_child=8 4 9 -5 -6 -7 -8 -9 12 -11 11 -13 13 20 -16 16 17 -19 19 -21 22 -23 24 -25 25 27 -28 28 29 -31
leaf_value=-2.0339486655488443e-06 5.5024486769420595e-05 -0.0042969468559561023 0.0032996532740071417 -0.0034128555422648791 -0.0010340002704955018 0.0021540444863161873 -0.0019456552764908833 0.0024483408535952156 0.0029064633131313782 0.00019829572305421939 0.00087512041442096246 0.0036044375062920155 0.0034170373012461976 0.00036952163229278967 -0.0030377456849371948 -0.0033015506151555618 -0.00098160958279752057 -0.0019156695292622317 0.0038648860086686909 -0.00028470808407291768 0.00035979419063671299 -0.0041858891646067301 -0.0016224695369601251 0.0034580399626461065 -2.4622720156912693e-05 0.0015994121159972818 0.0032723120658192787 -0.0021316881005821581 0.0019106730907445864 -0.00013295740187966091
leaf_weight=1363 26 27 26 30 36 35 33 23 26 22 20 20 31 29 27 22 36 32 20 20 106 21 30 23 25 29 20 33 21 488
leaf_count=1363 26 27 26 30 36 35 33 23 26 22 20 20 31 29 27 22 36 32 20 20 106 21 30 23 25 29 20 33 21 488
internal_value=6.57935e-13 -6.31657e-05 3.42639e-05 -2.53781e-05 -0.00243241 4.45148e-05 -7.51731e-06 3.86288e-05 9.11758e-05 0.0018782 0.00137912 0.00223978 9.36233e-06 0.000133001 -0.000568967 -0.000141679 -0.000751307 -0.000231813 0.000477179 0.00179009 9.60038e-06 -0.00154375 0.000109817 0.000912195 -5.04106e-05 2.61507e-05 0.00144068 -8.53272e-05 -0.00017547 -4.86426e-05
internal_weight=2700 1595 1532 1484 63 1454 1419 1386 1105 48 66 40 1039 856 183 156 130 108 76 40 825 50 775 129 646 616 45 571 542 509
internal_count=2700 1595 1532 1484 63 1454 1419 1386 1105 48 66 40 1039 856 183 156 130 108 76 40 825 50 775 129 646 616 45 571 542 509
is_linear=0
shrinkage=0.1


end of trees

feature_importances:
Column_4=439
Column_7=428
Column_8=411
Column_9=408
Column_1=400
Column_3=346
Column_6=193
Column_5=188
Column_10=187

parameters:
[boosting: gbdt]
[objective: regression]
[metric: l2]
[tree_learner: serial]
[device_type: cpu]
[data_sample_strategy: bagging]
[data: ]
[valid: ]
[num_iterations: 100]
[learning_rate: 0.1]
[num_leaves: 31]
[num_threads: 2]
[seed: 42]
[deterministic: 0]
[force_col_wise: 0]
[force_row_wise: 0]
[histogram_pool_size: -1]
[max_depth: -1]
[min_data_in_leaf: 20]
[min_sum_hessian_in_leaf: 0.001]
[bagging_fraction: 1]
[pos_bagging_fraction: 1]
[neg_bagging_fraction: 1]
[bagging_freq: 0]
[bagging_seed: 400]
[bagging_by_query: 0]
[feature_fraction: 1]
[feature_fraction_bynode: 1]
[feature_fraction_seed: 30056]
[extra_trees: 0]
[extra_seed: 12879]
[early_stopping_round: 0]
[early_stopping_min_delta: 0]
[first_metric_only: 0]
[max_delta_step: 0]
[lambda_l1: 0]
[lambda_l2: 0]
[linear_lambda: 0]
[min_gain_to_split: 0]
[drop_rate: 0.1]
[max_drop: 50]
[skip_drop: 0.5]
[xgboost_dart_mode: 0]
[uniform_drop: 0]
[drop_seed: 17869]
[top_rate: 0.2]
[other_rate: 0.1]
[min_data_per_group: 100]
[max_cat_threshold: 32]
[cat_l2: 10]
[cat_smooth: 10]
[max_cat_to_onehot: 4]
[top_k: 20]
[monotone_constraints: ]
[monotone_constraints_method: basic]
[monotone_penalty: 0]
[feature_contri: ]
[forcedsplits_filename: ]
[refit_decay_rate: 0.9]
[cegb_tradeoff: 1]
[cegb_penalty_split: 0]
[cegb_penalty_feature_lazy: ]
[cegb_penalty_feature_coupled: ]
[path_smooth: 0]
[interaction_constraints: ]
[verbosity: -1]
[saved_feature_importance_type: 0]
[use_quantized_grad: 0]
[num_grad_quant_bins: 4]
[quant_train_renew_leaf: 0]
[stochastic_rounding: 1]
[linear_tree: 0]
[max_bin: 255]
[max_bin_by_feature: ]
[min_data_in_bin: 3]
[bin_construct_sample_cnt: 200000]
[data_random_seed: 175]
[is_enable_sparse: 1]
[enable_bundle: 1]
[use_missing: 1]
[zero_as_missing: 0]
[feature_pre_filter: 1]
[pre_partition: 0]
[two_round: 0]
[header: 0]
[label_column: ]
[weight_column: ]
[group_column: ]
[ignore_column: ]
[categorical_feature: ]
[forcedbins_filename: ]
[precise_float_parser: 0]
[parser_config_file: ]
[objective_seed: 16083]
[num_class: 1]
[is_unbalance: 0]
[scale_pos_weight: 1]
[sigmoid: 1]
[boost_from_average: 1]
[reg_sqrt: 0]
[alpha: 0.9]
[fair_c: 1]
[poisson_max_delta_step: 0.7]
[tweedie_variance_power: 1.5]
[lambdarank_truncation_level: 30]
[lambdarank_norm: 1]
[label_gain: ]
[lambdarank_position_bias_regularization: 0]
[eval_at: ]
[multi_error_top_k: 1]
[auc_mu_weights: ]
[num_machines: 1]
[local_listen_port: 12400]
[time_out: 120]
[machine_list_filename: ]
[machines: ]
[gpu_platform_id: -1]
[gpu_device_id: -1]
[gpu_use_dp: 0]
[num_gpu: 1]

end of parameters

pandas_categorical:null
