tree
version=v4
num_class=1
num_tree_per_iteration=1
label_index=0
max_feature_idx=10
objective=regression
feature_names=Column_0 Column_1 Column_2 Column_3 Column_4 Column_5 Column_6 Column_7 Column_8 Column_9 Column_10
feature_infos=none [28:80] none [0.097889959812164307:1.9578642845153809] [0.066256538033485399:1.785433292388916] [0.097889959812164307:1.9578642845153809] [0.087332136929035104:1.8690741062164309] [1.4820994692854583e-05:0.17704308032989499] [0.078419417142868:1.8442316055297847] [0.085693508386611897:1.880493760108948] [0.095524385571479797:1.9236950874328611]
tree_sizes=2766 2815 2797 2820 2830 2828 2835 2839 2847 2844 2857 2866 2872 2866 2866 2879 2903 2894 2887 2861 2886 2888 2903 2889 2895 2892 2890 2903 2893 2916 2889 2887 2921 2897 2918 2928 2924 2930 2929 2929 2932 2935 2935 2965 2958 2957 2975 2938 2932 2974 2950 2961 2935 2971 2951 2932 2922 2957 2938 2959 2943 2981 2965 2944 2958 2956 2956 2918 2937 2926 2927 2922 2959 2960 2956 2957 2921 2930 2974 2934 2972 2967 2966 2956 2966 2938 2981 2930 2965 2953 2980 2964 2940 2955 2925 2931 2963 2968 2966 2932

Tree=0
num_leaves=31
num_cat=0
split_feature=8 6 4 3 4 9 1 7 8 4 5 3 1 7 3 1 4 4 8 5 6 5 8 5 1 9 3 3 7 9
split_gain=38.5121 4.23895 3.31653 0.881497 0.653307 0.48155 0.41673 0.312201 0.265568 0.225231 0.157689 0.139645 0.127942 0.112161 0.141381 0.0934643 0.091954 0.0903727 0.0890659 0.122755 0.0774553 0.0769257 0.120533 0.0729473 0.0933336 0.0676176 0.0660496 0.0646154 0.0641343 0.0892535
threshold=0.86903789639472973 0.74123159050941478 0.95637315511703502 0.58774155378341686 0.85844093561172496 0.78954082727432262 75.500000000000014 0.0011200553271919001 0.97186508774757396 1.0392067432403567 1.0878289341926577 0.6525249481201173 68.500000000000014 0.0015907837660051002 0.82466357946395885 68.500000000000014 0.69595852494239818 0.65235796570777904 0.9181596338748933 1.0622181296348574 0.69650825858116161 0.95052289962768566 0.83164146542549144 0.89080452919006359 74.500000000000014 1.1226294040679934 0.49054537713527685 0.82466357946395885 0.0067669758573174017 0.99850526452064525
decision_type=2 2 2 2 2 2 2 2 2 2 2 2 2 2 2 2 2 2 2 2 2 2 2 2 2 2 2 2 2 2
left_child=1 3 4 15 8 12 10 -5 25 -4 13 -9 -3 -7 -15 -1 17 -14 19 -6 -13 -8 -23 -16 -25 28 -17 -22 -2 -30
right_child=2 5 9 7 18 6 21 11 -10 -11 -12 20 16 14 23 26 -18 -19 -20 -21 27 22 -24 24 -26 -27 -28 -29 29 -31
leaf_value=0.10379228076521765 0.071118807262968056 0.091380001151313381 0.061312951351947705 0.081582703509175014 0.06510641634792276 0.075880001087983442 0.075636757998181883 0.096880000599970414 0.065387937737599239 0.059018890023958999 0.075546668093697519 0.092056471514059046 0.082115295443172545 0.088880001020928218 0.075803078164656951 0.10238000025351843 0.078535173582448353 0.090130001163731016 0.06421018990365869 0.073495386023169906 0.083880000946422409 0.073066047907684201 0.064097392514779944 0.082843965332921557 0.076187693755596114 0.067380001296599698 0.095009033015819006 0.090803078273550053 0.078435556896858744 0.072500691029360922
leaf_weight=57 67 24 522 37 53 40 37 40 63 2376 81 85 34 24 26 20 29 24 424 26 28 43 23 111 26 20 31 26 45 58
leaf_count=57 67 24 522 37 53 40 37 40 63 2376 81 85 34 24 26 20 29 24 424 26 28 43 23 111 26 20 31 26 45 58
internal_value=0.0654222 0.0846483 0.0609709 0.0936331 0.0668694 0.0790716 0.0774931 0.0899448 0.0710144 0.0594321 0.0793345 0.0916733 0.084916 0.0806862 0.0817142 0.10101 0.0831329 0.0854317 0.0647846 0.0678673 0.090175 0.0719868 0.0699406 0.0806591 0.0815807 0.07288 0.0978996 0.0872133 0.0735271 0.0750936
internal_weight=4500 846 3654 324 756 522 411 216 253 2898 308 179 111 227 187 108 87 58 503 79 139 103 66 163 137 190 51 54 170 103
internal_count=4500 846 3654 324 756 522 411 216 253 2898 308 179 111 227 187 108 87 58 503 79 139 103 66 163 137 190 51 54 170 103
is_linear=0
shrinkage=1


Tree=1
num_leaves=31
num_cat=0
split_feature=8 6 4 3 4 9 1 7 8 4 6 7 3 7 9 4 1 5 3 3 1 4 4 9 3 7 7 9 7 5
split_gain=31.1948 3.43355 2.68639 0.714013 0.530892 0.390055 0.337551 0.252883 0.220924 0.182437 0.128408 0.123959 0.148478 0.186784 0.114719 0.109956 0.103633 0.0964772 0.101998 0.142418 0.0757061 0.0744828 0.0732019 0.0647393 0.0957027 0.0662388 0.0644741 0.0634581 0.0623866 0.0623098
threshold=0.86903789639472973 0.74123159050941478 0.95637315511703502 0.58774155378341686 0.86320802569389354 0.78954082727432262 75.500000000000014 0.0011200553271919001 0.96925133466720592 1.0392067432403567 0.85597822070121776 0.0019486543606034503 0.6525249481201173 0.0033267741091549002 0.66344869136810314 0.81457558274269115 68.500000000000014 0.85966438055038463 0.84005746245384227 0.89085969328880321 68.500000000000014 0.69595852494239818 0.65235796570777904 0.94445890188217174 0.94423294067382824 0.0084762722253799022 0.019777361303567855 0.57889950275421154 0.024061662144958956 0.95052289962768566
decision_type=2 2 2 2 2 2 2 2 2 2 2 2 2 2 2 2 2 2 2 2 2 2 2 2 2 2 2 2 2 2
left_child=1 3 4 20 8 16 10 -5 23 -4 17 -9 -13 -14 27 -12 -3 -7 -19 -20 -1 22 -18 24 -2 -25 -21 -15 -27 -8
right_child=2 5 9 7 -6 6 29 11 -10 -11 15 12 13 14 -16 -17 21 18 19 26 -22 -23 -24 25 -26 28 -28 -29 -30 -31
leaf_value=0.034533052942552198 0.006043064008866038 0.023362000624183567 -0.0036983449111953094 0.014544432892187223 -0.00067270107896914215 0.0092273848131299019 0.0091930813734998583 0.030844212871133571 2.2699444421700071e-05 -0.005763000239671431 0.0096500024488950908 0.028749501006677749 0.013184304030922554 0.022222924569532985 0.019700818723784045 0.016114586399635301 0.015023765340447427 0.021685511919741447 0.0085804740035975418 0.021048777994628138 0.029229647359427288 0.011801655372155124 0.022237000583360592 0.0010271604012312562 0.013674041932379758 0.0087295293875715961 0.013936297126114369 0.029440974701067497 0.0037680031097632773 0.0040665458323377547
leaf_weight=57 42 24 522 37 486 24 37 21 70 2376 148 32 24 21 52 32 34 26 27 26 51 29 24 29 27 55 25 29 47 66
leaf_count=57 42 24 522 37 486 24 37 21 70 2376 148 32 24 21 52 32 34 26 27 26 51 29 24 29 27 55 25 29 47 66
internal_value=-7.05787e-11 0.0173035 -0.00400623 0.0253898 0.00130248 0.0122844 0.0108638 0.0220703 0.0048578 -0.00539111 0.0125211 0.023626 0.0226666 0.0211217 0.0229893 0.0107993 0.0175444 0.0149424 0.0162613 0.0144532 0.0320287 0.0159396 0.0180086 0.00655008 0.0090291 0.00524434 0.0175623 0.0264094 0.00644334 0.00590812
internal_weight=4500 846 3654 324 756 522 411 216 270 2898 308 179 158 126 102 180 111 128 104 78 108 87 58 200 69 131 51 50 102 103
internal_count=4500 846 3654 324 756 522 411 216 270 2898 308 179 158 126 102 180 111 128 104 78 108 87 58 200 69 131 51 50 102 103
is_linear=0
shrinkage=0.1


Tree=2
num_leaves=31
num_cat=0
split_feature=8 6 4 3 4 9 1 8 7 4 5 6 9 7 3 1 1 1 1 4 5 9 9 10 10 9 4 4 8 5
split_gain=25.2678 2.78118 2.17597 0.583549 0.435488 0.315945 0.273417 0.223244 0.219301 0.149156 0.111013 0.0992126 0.0957876 0.0908052 0.10461 0.0839427 0.075988 0.0833369 0.133763 0.0718128 0.0644113 0.11176 0.0636093 0.0865935 0.139902 0.0649395 0.0623152 0.0621123 0.0566247 0.0609741
threshold=0.86903789639472973 0.74123159050941478 0.95637315511703502 0.56350412964820873 0.87552303075790416 0.78954082727432262 75.500000000000014 0.99555712938308727 0.00042090791976075003 1.0467643141746523 1.1014620065689089 0.61516183614730846 0.5603003501892091 0.0015907837660051002 0.82466357946395885 68.500000000000014 73.500000000000014 70.500000000000014 68.500000000000014 0.56893253326416027 0.9452863633632661 0.76256182789802562 1.0770738124847414 1.0061869621276858 0.98431783914566051 1.0022526383399966 0.70140552520751964 0.8172016739845277 0.77324163913726818 0.9452863633632661
decision_type=2 2 2 2 2 2 2 2 2 2 2 2 2 2 2 2 2 2 2 2 2 2 2 2 2 2 2 2 2 2
left_child=1 3 4 -1 7 15 10 22 -5 -4 13 12 -10 -7 -15 -3 17 18 -13 -18 21 -17 23 24 27 -25 -12 -2 -8 -30
right_child=2 5 9 8 -6 6 28 -9 11 -11 26 16 -14 14 -16 20 19 -19 -20 -21 -22 -23 -24 25 -26 -27 -28 -29 29 -31
leaf_value=0.029693896853261528 0.010497983234624069 0.021025800278099874 -0.0034115698162673251 0.010469107335389015 -0.0009063090866052167 0.0079869231209158901 0.0091546967159956694 -0.0013470981153659524 0.019845707987302119 -0.0052093098843333848 0.0052089015627279876 0.023313118097010171 0.027471763948560692 0.019399861673203608 0.012349696388762248 0.016643988567375347 0.0123734753821855 0.025245409554062306 0.014351774967696157 0.020461706708495817 0.018513356977536418 0.0080729210412065541 0.0019587790515894691 0.0098798651649401742 -0.002910521863183628 0.0052769138349284391 0.011079354629372106 0.0038878615437583489 0.0079170165210962293 0.0018685100823640822
leaf_weight=90 21 24 576 21 432 40 28 64 28 2322 40 36 40 24 171 32 23 34 31 21 26 29 48 65 24 58 33 44 25 50
leaf_count=90 21 24 576 21 432 40 28 64 28 2322 40 36 40 24 171 32 23 34 31 21 26 29 48 65 24 58 33 44 25 50
internal_value=2.91504e-11 0.0155731 -0.0036056 0.0228508 0.00117223 0.011056 0.00977744 0.00394361 0.0202188 -0.004852 0.011269 0.0211801 0.0243316 0.0123271 0.0132174 0.01579 0.0197021 0.0212131 0.0191668 0.0162338 0.0143456 0.0125692 0.00524594 0.0059902 0.00361428 0.00770937 0.00786267 0.00602344 0.00531731 0.00388468
internal_weight=4500 846 3654 324 756 522 411 324 234 2898 308 213 68 235 195 111 145 101 67 44 87 61 260 212 89 123 73 65 103 75
internal_count=4500 846 3654 324 756 522 411 324 234 2898 308 213 68 235 195 111 145 101 67 44 87 61 260 212 89 123 73 65 103 75
is_linear=0
shrinkage=0.1


Tree=3
num_leaves=31
num_cat=0
split_feature=8 6 4 3 4 6 7 8 1 4 3 4 10 9 3 5 5 7 3 3 4 9 3 1 10 4 6 4 6 9
split_gain=20.4669 2.25275 1.77479 0.485821 0.343671 0.257031 0.18633 0.156588 0.127986 0.120246 0.0995971 0.10172 0.0990347 0.104813 0.091838 0.0864562 0.0746054 0.122499 0.116398 0.0751157 0.105962 0.0683333 0.067086 0.0629906 0.0612778 0.0584706 0.0533827 0.0526425 0.0522424 0.0515236
threshold=0.86903789639472973 0.74123159050941478 0.90401050448417675 0.58774155378341686 0.98149091005325328 0.84844717383384716 0.0011465393472462001 0.99555712938308727 76.500000000000014 0.87552303075790416 0.87535104155540477 0.81457558274269115 0.92675948143005382 0.92629238963127147 0.6525249481201173 1.0622181296348574 0.86692523956298839 0.0011713201529346001 0.85017859935760509 0.89085969328880321 0.54169762134552013 0.86823660135269176 0.97973734140396129 69.500000000000014 0.82575479149818432 1.0467643141746523 0.69650825858116161 0.70745140314102184 0.71887913346290599 1.0770738124847414
decision_type=2 2 2 2 2 2 2 2 2 2 2 2 2 2 2 2 2 2 2 2 2 2 2 2 2 2 2 2 2 2
left_child=1 3 7 23 22 8 -5 9 16 29 11 -7 -12 21 -8 -11 17 -3 -18 -20 -21 -14 -4 -1 -19 -6 -16 -23 -28 -2
right_child=2 5 4 6 25 10 14 -9 -10 15 12 -13 13 -15 26 -17 18 24 19 20 -22 27 -24 -25 -26 -27 28 -29 -30 -31
leaf_value=0.028044391382718459 0.005391183728681667 0.0037958994181826709 0.0016653776489968957 0.01157056940958286 -0.0034213752779005853 0.0073692980280611669 0.023491092838155918 -0.00087678774137689604 0.0049605177800086421 -0.0020536490060664987 0.0022664368051934889 0.017454908482886822 0.0064739324462910492 0.0057130732537046371 0.0195723066705146 0.0042214565180443428 0.020426023473891504 0.015628702326544695 0.0079053920906280058 0.0098834846634417786 0.016937214846869834 0.0086556396602342541 -0.0019785112064635876 0.02312927832826972 0.0097112808755732017 -0.0046883790728914441 0.012431933944699942 0.014669128497307365 0.018652712567536919 0.0017629013280384244
leaf_weight=64 212 20 58 39 432 20 39 99 22 54 37 20 30 102 84 37 26 35 23 34 57 24 392 44 35 2322 27 37 27 48
leaf_count=64 212 20 58 39 432 20 39 99 22 54 37 20 30 102 84 37 26 35 23 34 57 24 392 44 35 2322 27 37 27 48
internal_value=-9.26266e-11 0.0140158 -0.00324504 0.0205657 -0.00407098 0.00995038 0.0178276 0.00263566 0.0122473 0.00362634 0.00780662 0.0124121 0.00700566 0.00791422 0.0192063 0.000497768 0.0129443 0.010698 0.0143883 0.0130113 0.0143018 0.0103814 -0.00150885 0.0260419 0.01267 -0.00448963 0.0179954 0.0123032 0.0155423 0.00472135
internal_weight=4500 846 3654 324 3204 522 216 450 252 351 270 40 230 193 177 91 230 90 140 114 91 91 450 108 70 2754 138 61 54 260
internal_count=4500 846 3654 324 3204 522 216 450 252 351 270 40 230 193 177 91 230 90 140 114 91 91 450 108 70 2754 138 61 54 260
is_linear=0
shrinkage=0.1


Tree=4
num_leaves=31
num_cat=0
split_feature=8 6 4 3 4 9 1 7 8 4 5 5 7 7 5 7 1 1 9 9 9 1 4 3 7 9 1 3 7 7
split_gain=16.5782 1.82473 1.43758 0.393515 0.278374 0.227259 0.203953 0.15185 0.126837 0.104517 0.0990304 0.102147 0.0944151 0.0942042 0.0777525 0.0739208 0.0735878 0.0657321 0.0648851 0.0922308 0.0598213 0.0710359 0.0554388 0.0543396 0.0531986 0.0611234 0.0603838 0.0529882 0.0902367 0.117691
threshold=0.86903789639472973 0.74123159050941478 0.90401050448417675 0.58774155378341686 0.98149091005325328 0.78954082727432262 75.500000000000014 0.0011200553271919001 0.99555712938308727 0.85844093561172496 1.0622181296348574 1.1075508594512942 0.0019486543606034503 0.0033267741091549002 1.0878289341926577 0.0015907837660051002 74.500000000000014 68.500000000000014 0.66344869136810314 0.57889950275421154 0.94445890188217174 73.500000000000014 0.52870705723762523 0.97973734140396129 0.0084762722253799022 1.0328530669212344 73.500000000000014 0.82466357946395885 0.0089293317869305004 0.0047093734610825508
decision_type=2 2 2 2 2 2 2 2 2 2 2 2 2 2 2 2 2 2 2 2 2 2 2 2 2 2 2 2 2 2
left_child=1 3 8 -1 23 17 14 -5 9 20 -11 -12 -9 -14 15 -7 27 -3 19 -15 21 -2 -20 -4 -22 26 -26 -17 29 -29
right_child=2 5 4 7 -6 6 -8 12 -10 10 11 -13 13 18 -16 16 -18 -19 22 -21 24 -23 -24 -25 25 -27 -28 28 -30 -31
leaf_value=0.023437744728289547 0.010397263036986047 0.017603534506633878 0.0014988398661130462 0.01021300195842176 -0.0040406697556192497 0.0062065428178175357 0.0040188639077755797 0.023549916453304745 -0.00078910881220692342 -0.0010151436973717951 0.0095402132800739749 0.0012140105944126846 0.011835562560175147 0.015754978749901057 0.006499390211818671 0.016375712855634366 0.0064928733653599226 0.011692206156921799 0.011452296619182048 0.023262525587860083 -0.00012785896658897399 0.0035268534033093602 0.017809133111115764 -0.0017806600636745594 0.0035302775598171614 0.0025534781036041089 0.010564360715663778 0.012057167580148773 0.01409655386549339 0.0040853629609750161
leaf_weight=108 34 24 58 37 2754 40 103 21 99 84 23 41 35 30 81 22 31 87 23 36 30 27 34 392 23 63 26 46 57 31
leaf_count=108 34 24 58 37 2754 40 103 21 99 84 23 41 35 30 81 22 31 87 23 36 30 27 34 392 23 63 26 46 57 31
internal_value=1.06744e-10 0.0126142 -0.00292054 0.0185091 -0.00366389 0.00895534 0.007871 0.0160449 0.00237209 0.00326371 0.00124275 0.00420624 0.0172503 0.016413 0.00915921 0.0101083 0.0109429 0.0129703 0.0177156 0.01985 0.00473712 0.00735626 0.0152441 -0.00135797 0.00361199 0.00461374 0.00726265 0.0118272 0.0110804 0.00884774
internal_weight=4500 846 3654 324 3204 522 411 216 450 351 148 64 179 158 308 227 187 111 123 66 203 61 57 450 142 112 49 156 134 77
internal_count=4500 846 3654 324 3204 522 411 216 450 351 148 64 179 158 308 227 187 111 123 66 203 61 57 450 142 112 49 156 134 77
is_linear=0
shrinkage=0.1


Tree=5
num_leaves=31
num_cat=0
split_feature=8 6 4 3 4 1 6 7 8 4 7 1 4 1 3 3 7 7 9 4 4 7 10 8 5 3 8 10 7 1
split_gain=13.4283 1.47803 1.16587 0.3246 0.246135 0.184692 0.159299 0.15268 0.0990352 0.0884941 0.0707495 0.115169 0.0826366 0.0777376 0.0703726 0.0624307 0.0549844 0.130908 0.0653582 0.051074 0.0509851 0.0611465 0.0719484 0.045162 0.0434608 0.0815494 0.0430019 0.0765944 0.04195 0.0639232
threshold=0.86903789639472973 0.74123159050941478 0.95637315511703502 0.56350412964820873 0.85844093561172496 76.500000000000014 0.87679344415664684 0.00042090791976075003 0.97186508774757396 1.0392067432403567 0.0038312476826831005 68.500000000000014 0.50186154246330272 70.500000000000014 0.85017859935760509 0.6525249481201173 0.0021894815145060004 0.0033267741091549002 0.66344869136810314 0.70140552520751964 0.81457558274269115 0.023255057632923053 1.1392766833305361 0.77324163913726818 0.55937355756759655 0.43728958070278173 0.9181596338748933 1.0420579910278323 0.0089293317869305004 69.500000000000014
decision_type=2 2 2 2 2 2 2 2 2 2 2 2 2 2 2 2 2 2 2 2 2 2 2 2 2 2 2 2 2 2
left_child=1 3 4 24 8 6 10 -5 -2 -4 11 -3 -12 -13 -15 -9 -17 -18 -19 28 21 -8 -23 -7 25 -1 27 -6 -14 -30
right_child=2 5 9 7 26 23 20 15 -10 -11 12 13 19 14 -16 16 17 18 -20 -21 -22 22 -24 -25 -26 -27 -28 -29 29 -31
leaf_value=0.0234435583340625 0.0045522511218625472 0.014231004076147523 -0.0023618655379190755 0.006560135171526954 -8.174755563170223e-05 0.0065122139507106372 0.0024276067269966006 0.018199812994934009 -2.2926076596218443e-05 -0.0037998294007810783 0.0059900292040159309 0.0016260032647881996 0.0082375883755664674 0.010320279446575022 0.0044182440040693169 0.018599692015693739 0.0069038157351315023 0.017693768974393606 0.012630122591956304 0.016078515305858236 0.0097593984523442617 0.009915052774595097 0.003796832411977891 0.00073376590367651691 0.024453343723952359 0.015622943337075413 -0.00081000213317994818 0.0070792082510888581 0.017037454012619413 0.010864701092002854
leaf_weight=30 190 27 522 21 59 21 48 61 63 2376 24 22 31 58 31 26 24 50 52 29 31 40 37 38 36 24 424 20 23 62
leaf_count=30 190 27 522 21 59 21 48 61 63 2376 24 22 31 58 31 26 24 50 52 29 31 40 37 38 36 24 424 20 23 62
internal_value=8.39626e-11 0.0113528 -0.00262849 0.0166582 0.000868788 0.0080598 0.00873127 0.0146953 0.00341298 -0.00354082 0.0100535 0.00837356 0.0114253 0.00694877 0.00826451 0.0154973 0.0144128 0.0135488 0.0151123 0.0123249 0.00612918 0.00522888 0.00697513 0.0027905 0.021762 0.0199677 -0.000410894 0.00173115 0.0113865 0.012535
internal_weight=4500 846 3654 324 756 522 463 234 253 2898 307 138 169 111 89 213 152 126 102 145 156 125 77 59 90 54 503 79 116 85
internal_count=4500 846 3654 324 756 522 463 234 253 2898 307 138 169 111 89 213 152 126 102 145 156 125 77 59 90 54 503 79 116 85
is_linear=0
shrinkage=0.1


Tree=6
num_leaves=31
num_cat=0
split_feature=8 9 4 6 4 1 1 1 7 9 8 6 4 5 5 10 8 3 7 1 4 7 9 3 9 5 5 10 5 9
split_gain=10.8769 1.20547 0.949599 0.352001 0.186229 0.148367 0.100529 0.0980991 0.102585 0.0941757 0.0925499 0.0870768 0.0852355 0.0779706 0.0642985 0.0612212 0.0654171 0.0610872 0.0713478 0.0610379 0.0549069 0.0717073 0.0547331 0.052627 0.0626025 0.0638187 0.0632332 0.056942 0.0528683 0.0522324
threshold=0.86903789639472973 0.77240416407585155 0.90401050448417675 0.61516183614730846 1.0392067432403567 76.500000000000014 72.500000000000014 71.500000000000014 0.0012814989313482503 1.1889492869377138 0.64249685406684887 0.87679344415664684 0.87552303075790416 0.85106414556503307 0.78282994031906139 0.80567097663879406 0.63188374042510997 0.97973734140396129 0.012973690871149251 70.500000000000014 0.4141248911619187 0.0015145817887969001 0.72291535139083873 1.3026325106620791 1.0388201475143435 1.0269728899002077 0.9935218393802645 1.0281819701194765 0.95052289962768566 0.81764185428619396
decision_type=2 2 2 2 2 2 2 2 2 2 2 2 2 2 2 2 2 2 2 2 2 2 2 2 2 2 2 2 2 2
left_child=1 3 9 19 17 11 7 8 -5 12 -8 13 23 -3 -10 -16 -17 -4 -19 -1 -21 -22 -12 24 25 26 28 -27 -2 -15
right_child=2 5 4 6 -6 -7 10 -9 14 -11 22 -13 -14 29 15 16 -18 18 -20 20 21 -23 -24 -25 -26 27 -28 -29 -30 -31
leaf_value=0.019517873796765978 0.00035591810786475743 0.0042644926786629695 0.0014513015907643171 0.0063362484271435636 -0.0034198464380470594 0.0018103728096784009 0.0053276810216138495 0.019749388861514273 0.017521116828485842 -0.0021558199971914295 0.015659356337379329 0.0055162580336820194 0.00024383989178010674 0.011761567195052983 0.0073809729004278776 0.010237065119587857 0.017779244976523129 -0.0023836025878355822 5.9319690272614769e-05 0.012169297836122236 0.013552528042346241 0.021825851737098261 0.0092580575879444103 0.0079957097373983786 0.00023675174978111062 0.0097644935523324723 -0.0019805083027237963 0.0042625957109385651 0.0067009071466223955 0.0082628493993518494
leaf_weight=92 24 36 58 23 2376 55 37 21 31 50 22 156 122 61 20 23 23 622 148 28 20 22 34 23 62 24 29 87 29 142
leaf_count=92 24 36 58 23 2376 55 37 21 31 50 22 156 122 61 20 23 23 622 148 28 20 22 34 23 62 24 29 87 29 142
internal_value=7.89282e-11 0.0102175 -0.00236564 0.0142415 -0.00296979 0.00667646 0.0117608 0.0134441 0.0123407 0.00193592 0.00920865 0.00735402 0.00244739 0.00855356 0.0137644 0.0119999 0.0140082 -0.00167832 -0.00191405 0.0178247 0.0155994 0.0178862 0.0117729 0.00341441 0.0030012 0.00388926 0.00177358 0.0054522 0.0038277 0.00931419
internal_weight=4500 846 3654 396 3204 450 234 141 120 450 93 395 400 239 97 66 46 828 770 162 70 42 56 278 255 193 82 111 53 203
internal_count=4500 846 3654 396 3204 450 234 141 120 450 93 395 400 239 97 66 46 828 770 162 70 42 56 278 255 193 82 111 53 203
is_linear=0
shrinkage=0.1


Tree=7
num_leaves=31
num_cat=0
split_feature=8 6 4 3 4 9 4 1 10 1 7 9 7 3 4 5 7 3 6 4 4 1 1 1 5 9 6 8 5 10
split_gain=8.81032 0.982177 0.772954 0.228164 0.165948 0.133244 0.123778 0.120785 0.119416 0.0826749 0.134701 0.0733921 0.0642967 0.0613937 0.0573577 0.0471127 0.054857 0.0552094 0.0520293 0.0760939 0.0481621 0.0478611 0.0567328 0.0432718 0.0429772 0.0910289 0.0406485 0.0398514 0.0430276 0.0536431
threshold=0.86903789639472973 0.74123159050941478 0.95637315511703502 0.56350412964820873 0.85844093561172496 0.78954082727432262 0.61835780739784252 75.500000000000014 0.72576701641082775 73.500000000000014 0.0018877534312195501 0.94445890188217174 0.0035451438743620504 0.94423294067382824 1.0467643141746523 1.1014620065689089 0.0015907837660051002 0.82466357946395885 0.80106201767921459 0.63414499163627636 0.70140552520751964 71.500000000000014 74.500000000000014 68.500000000000014 0.9452863633632661 0.76256182789802562 0.83985057473182689 0.77324163913726818 0.9452863633632661 1.0016921162605288
decision_type=2 2 2 2 2 2 2 2 2 2 2 2 2 2 2 2 2 2 2 2 2 2 2 2 2 2 2 2 2 2
left_child=1 3 4 -1 11 23 9 15 -8 10 -5 13 -11 -2 -4 16 26 -18 -19 -20 -17 -21 -23 -3 25 -25 -7 -9 -29 -30
right_child=2 5 14 6 -6 7 8 27 -10 12 -12 -13 -14 -15 -16 20 17 18 19 21 -22 22 -24 24 -26 -27 -28 28 29 -31
leaf_value=0.017799598351120948 0.0030021891597083166 0.013344887894345448 -0.0019786915715990796 0.021278171621573472 -0.00033221486085659234 0.0071761660836637021 0.0015444299345836045 0.0059359145359069651 0.01128253525342135 0.0055353340737166858 0.012951622863172316 0.0018475693075136709 0.012613561222767175 0.0093893142417073253 -0.0030935063001978104 0.0021203856682404875 0.01254515249747783 0.0034813953497047933 0.013331826543435454 0.0049590106260169438 0.0072813070350975706 0.010956771079864768 0.0045557036530226467 0.010775094549171627 0.011953052541670893 0.0030397330892497098 0.00080055221915245058 0.0049021465135738254 -0.0033258135735545341 0.0032303499057888987
leaf_weight=90 34 24 576 24 503 20 20 28 34 21 102 192 33 27 2322 40 24 28 24 54 33 45 20 32 26 29 20 25 26 24
leaf_count=90 34 24 576 24 503 20 20 28 34 21 102 192 33 27 2322 40 24 28 24 54 33 45 20 32 26 29 20 25 26 24
internal_value=7.15589e-11 0.00919578 -0.00212907 0.0135206 0.000718539 0.00651139 0.0118749 0.0056811 0.00767583 0.0131346 0.0145376 0.00280759 0.00986092 0.00582928 -0.00287193 0.00667245 0.00736177 0.00805375 0.00742338 0.00819524 0.0044534 0.00715929 0.00898721 0.00958569 0.00854867 0.00709763 0.00398836 0.00271667 0.00151481 -0.000178855
internal_weight=4500 846 3654 324 756 522 234 411 54 180 126 253 54 61 2898 308 235 195 171 143 73 119 65 111 87 61 40 103 75 50
internal_count=4500 846 3654 324 756 522 234 411 54 180 126 253 54 61 2898 308 235 195 171 143 73 119 65 111 87 61 40 103 75 50
is_linear=0
shrinkage=0.1


Tree=8
num_leaves=31
num_cat=0
split_feature=8 6 8 7 3 4 9 4 1 7 7 5 9 7 7 1 4 8 5 4 4 6 10 6 9 4 9 9 10 9
split_gain=7.13636 0.795563 0.636887 0.220267 0.139519 0.116194 0.107927 0.104862 0.0978355 0.0853866 0.105883 0.0740971 0.15236 0.046778 0.0621343 0.053193 0.0957382 0.0444966 0.0637726 0.0437019 0.0429512 0.066145 0.108043 0.0787139 0.0677787 0.0741501 0.0424606 0.0403732 0.0389643 0.0379965
threshold=0.86903789639472973 0.74123159050941478 0.97974547743797313 0.00034317943209310006 0.6525249481201173 0.98149091005325328 0.78954082727432262 0.86320802569389354 75.500000000000014 0.0021894815145060004 0.0033267741091549002 1.0622181296348574 0.98341387510299694 0.00084100186359130011 0.0015145817887969001 64.500000000000014 0.39798876643180853 0.64249685406684887 0.8318290412425996 0.47936786711215978 0.8172016739845277 0.84844717383384716 0.91353476047515869 0.8098600208759309 0.92629238963127147 0.70745140314102184 0.66344869136810314 0.57889950275421154 1.060944736003876 0.94445890188217174
decision_type=2 2 2 2 2 2 2 2 2 2 2 2 2 2 2 2 2 2 2 2 2 2 2 2 2 2 2 2 2 2
left_child=1 3 7 -1 13 -4 17 29 20 -6 -11 -9 -13 -5 -15 -16 -17 -3 -19 -18 21 23 -23 -8 25 -24 27 -12 -14 -2
right_child=2 6 5 4 9 -7 8 11 -10 10 26 12 28 14 15 16 19 18 -20 -21 -22 22 24 -25 -26 -27 -28 -29 -30 -31
leaf_value=0.0029501408959428472 0.0051203900205808277 0.0046000857255421579 -0.00089737289214368771 0.019487954312491985 0.015801344346255065 -0.0026613443274221393 0.0044761345200240608 -0.001537930221832174 0.0024449986948188651 0.0037201169708472059 0.0098438593514618422 0.0083935728662514267 0.0036304440155314902 0.0096921002087385771 0.019800651378252293 0.0086314285004680802 0.019320209793470527 0.0061355144914352535 0.011677444668021054 0.01381718721240759 0.0098148409553148134 -0.0017027619220316413 0.003837554671918042 0.0097362792034718128 0.003070570456867035 0.010194923676723658 0.0091017519213402506 0.015601216426825729 -0.0009570958374505059 0.002249797322894547
leaf_weight=24 69 22 432 21 28 2754 50 127 103 24 21 28 24 23 22 22 27 33 56 31 27 25 32 66 65 43 52 29 81 139
leaf_count=24 69 22 432 21 28 2754 50 127 103 24 21 28 24 23 22 22 27 33 56 31 27 25 32 66 65 43 52 29 81 139
internal_value=-4.15732e-12 0.00827621 -0.00191617 0.0121686 0.0129061 -0.00242216 0.00586025 0.0015285 0.00511299 0.0108063 0.00969627 0.000189649 0.00183929 0.0151209 0.0143872 0.0154459 0.0142484 0.00862712 0.00962257 0.0163789 0.00600521 0.00563916 0.00435274 0.00746898 0.00543408 0.00748245 0.0111024 0.0131831 9.14847e-05 0.00320206
internal_weight=4500 846 3654 324 300 3186 522 468 411 154 126 260 133 146 125 102 80 111 89 58 308 281 165 116 140 75 102 50 105 208
internal_count=4500 846 3654 324 300 3186 522 468 411 154 126 260 133 146 125 102 80 111 89 58 308 281 165 116 140 75 102 50 105 208
is_linear=0
shrinkage=0.1


Tree=9
num_leaves=31
num_cat=0
split_feature=8 9 4 9 4 1 5 3 1 1 1 1 7 9 1 4 4 6 9 1 5 9 1 6 10 4 8 1 8 5
split_gain=5.7806 0.629663 0.557627 0.175708 0.101339 0.0825144 0.0841007 0.135737 0.148856 0.0795969 0.0823056 0.137019 0.0721686 0.0716368 0.0699167 0.0940139 0.0702703 0.0565517 0.0550182 0.0688199 0.0533917 0.0990518 0.0583221 0.0537639 0.0515589 0.0529573 0.0633364 0.0466981 0.0456878 0.0593787
threshold=0.86226868629455578 0.6443866789340974 0.90401050448417675 0.78954082727432262 1.0392067432403567 76.500000000000014 0.85106414556503307 0.84005746245384227 71.500000000000014 68.500000000000014 70.500000000000014 72.500000000000014 0.0017216342384926502 1.1362667083740237 70.500000000000014 0.54169762134552013 0.4141248911619187 0.87679344415664684 0.88955283164978038 72.500000000000014 1.0622181296348574 0.99850526452064525 67.500000000000014 0.93104067444801342 0.77690920233726513 0.67918288707733165 0.66124105453491222 73.500000000000014 0.95014756917953502 1.1310006380081179
decision_type=2 2 2 2 2 2 2 2 2 2 2 2 2 2 2 2 2 2 2 2 2 2 2 2 2 2 2 2 2 2
left_child=1 14 13 9 -4 6 -5 8 -8 -3 -11 -12 -9 20 -1 16 -16 18 19 -14 22 -22 -2 27 -13 26 -26 -24 29 -23
right_child=2 3 4 5 -6 -7 7 12 -10 10 11 24 17 -15 15 -17 -18 -19 -20 -21 21 28 23 -25 25 -27 -28 -29 -30 -31
leaf_value=0.014182136642436186 -0.0037591677835128699 0.01138707910431549 -0.0012202277147449589 -0.0010005747433751821 -0.0025049105805567519 0.0010852625106323374 0.0050335639901459214 -0.00088095135986804957 0.017234239117242395 0.0030624360089626492 0.013566441730492646 0.0092299995764803435 0.0081839044868457517 -0.0012440734095155049 0.0087053239345550541 0.0048919332011238392 0.015218036803039346 0.0038593556620036221 0.01149510695111184 0.0032063517883858259 0.0066021009894029706 0.0074762199986726056 0.0061462731485205169 -0.00019466569592409275 0.002845258045098966 0.00050563056554113115 0.010708361966535448 0.0011445897724479436 -4.2313126466748579e-05 0.0015073640055488797
leaf_weight=108 24 58 828 20 2376 54 20 20 20 39 36 39 61 78 30 23 37 129 21 51 60 25 35 85 21 21 20 40 71 50
leaf_count=108 24 58 828 20 2376 54 20 20 20 39 36 39 61 78 30 23 37 129 21 51 60 25 35 85 21 21 20 40 71 50
internal_value=-2.43021e-11 0.00754773 -0.00170194 0.00600176 -0.00217291 0.00471799 0.00529158 0.0056824 0.0111339 0.00817429 0.00711553 0.00826933 0.00490914 0.00152242 0.0124667 0.0104082 0.0123019 0.00535113 0.00679804 0.00591734 0.00207572 0.00318153 0.000837699 0.00152723 0.00638125 0.00458929 0.00668092 0.00347871 0.00177582 0.00349698
internal_weight=4500 828 3672 630 3204 396 342 322 40 234 176 137 282 468 198 90 67 262 133 112 390 206 184 160 101 62 41 75 146 75
internal_count=4500 828 3672 630 3204 396 342 322 40 234 176 137 282 468 198 90 67 262 133 112 390 206 184 160 101 62 41 75 146 75
is_linear=0
shrinkage=0.1


Tree=10
num_leaves=31
num_cat=0
split_feature=8 3 4 9 4 1 7 7 7 1 5 3 1 8 9 1 4 3 6 7 4 4 1 9 10 10 4 4 9 7
split_gain=4.68439 0.531696 0.422867 0.179283 0.0838007 0.0706883 0.0670509 0.0713855 0.0857736 0.0653145 0.06571 0.130466 0.151462 0.0616065 0.058161 0.0564792 0.052017 0.0507515 0.0495708 0.0481387 0.0438313 0.0435308 0.0570324 0.0361351 0.0580662 0.0939081 0.0356394 0.0340327 0.0328325 0.0501457
threshold=0.86903789639472973 0.6525249481201173 0.90401050448417675 0.78954082727432262 0.98149091005325328 72.500000000000014 0.00096676577231840017 0.0018022464355453504 0.0025325637543573503 76.500000000000014 0.85106414556503307 0.85017859935760509 71.500000000000014 0.80192756652832042 1.1889492869377138 75.500000000000014 0.50186154246330272 1.3260302543640139 0.79340270161628734 0.00079893265501590016 0.86320802569389354 0.70140552520751964 71.500000000000014 1.0328530669212344 1.0126321911811831 0.97918939590454113 0.67121952772140514 0.8172016739845277 0.507378250360489 0.0026332428678870006
decision_type=2 2 2 2 2 2 2 2 2 2 2 2 2 2 2 2 2 2 2 2 2 2 2 2 2 2 2 2 2 2
left_child=1 5 14 6 -4 19 -3 -8 -9 10 -5 12 -12 21 17 18 -7 20 -10 -1 23 22 -13 24 25 -2 -15 -28 -21 -30
right_child=2 3 4 9 -6 16 7 8 15 -11 11 13 -14 26 -16 -17 -18 -19 -20 28 -22 -23 -24 -25 -26 -27 27 -29 29 -31
leaf_value=0.017382902135564524 0.0034141469759301152 0.0031144066392669398 -0.00069043937656614518 -0.00090051744133234034 -0.0021623517197239591 0.012208512292376586 0.013230290648061784 0.0014093017560385522 0.0094538451898819303 0.00096882097216704024 0.0041023734733462332 0.0075445005025428077 0.015003736023432935 0.0066394963953644043 -0.0018975074477493763 0.0035961825390889626 0.0054574511079117658 0.006629866054863669 0.0044613819584533899 0.010015045721665956 0.00021570228082616529 0.0083972318302385687 0.0026786562942323231 0.00039026207077768054 0.0051591570177659781 -0.0044272476984631454 0.0012064613116252209 0.0051641187697116821 0.0098217840772122159 0.016132217815474553
leaf_weight=22 56 31 450 20 2754 21 24 21 147 55 25 39 26 20 50 24 25 20 23 40 162 41 63 64 77 21 97 28 20 34
leaf_count=22 56 31 450 20 2754 21 24 21 147 55 25 39 26 20 50 24 25 20 23 40 162 41 63 64 77 21 97 28 20 34
internal_value=6.79089e-12 0.00670532 -0.00155246 0.00548527 -0.00195562 0.0118566 0.00749002 0.00805756 0.00748014 0.00417783 0.00466946 0.00499807 0.00965993 0.00417253 0.00131804 0.0081373 0.00853946 0.00171998 0.00877839 0.013172 0.00146157 0.0056453 0.00453913 0.00238739 0.00321737 0.00127558 0.00272008 0.00209298 0.0121865 0.013795
internal_weight=4500 846 3654 684 3204 162 270 239 215 414 359 339 51 288 450 194 46 400 170 116 380 143 102 218 154 77 145 125 94 54
internal_count=4500 846 3654 684 3204 162 270 239 215 414 359 339 51 288 450 194 46 400 170 116 380 143 102 218 154 77 145 125 94 54
is_linear=0
shrinkage=0.1


Tree=11
num_leaves=31
num_cat=0
split_feature=8 9 8 9 4 7 7 3 4 3 5 9 1 5 10 3 10 6 9 1 10 9 4 5 5 1 4 9 4 9
split_gain=3.79666 0.417727 0.369246 0.11297 0.0672936 0.0636066 0.0831258 0.0786365 0.0585308 0.0570162 0.0549668 0.112727 0.0543571 0.0553451 0.0960879 0.0712611 0.119956 0.0570772 0.0435589 0.0655413 0.0396932 0.0568398 0.0388745 0.0375919 0.0365409 0.0365101 0.0514261 0.0633859 0.0333745 0.0565408
threshold=0.86226868629455578 0.6443866789340974 0.97974547743797313 0.78954082727432262 1.0467643141746523 0.04992417432367801 0.0011200553271919001 0.68480515480041515 0.86320802569389354 0.49054537713527685 1.0622181296348574 0.98341387510299694 76.500000000000014 0.85106414556503307 0.85574588179588329 0.84005746245384227 0.87618589401245128 0.87679344415664684 0.88955283164978038 72.500000000000014 0.99724856019020092 0.92629238963127147 0.93501153588294994 0.9398424029350283 1.2215821743011477 70.500000000000014 0.54169762134552013 0.5603003501892091 0.67121952772140514 0.74258172512054454
decision_type=2 2 2 2 2 2 2 2 2 2 2 2 2 2 2 2 2 2 2 2 2 2 2 2 2 2 2 2 2 2
left_child=1 9 8 5 24 6 -3 -8 -2 -1 22 -12 13 -5 -15 -16 -17 18 19 -18 -19 -22 -10 28 -4 -11 27 -27 29 -9
right_child=2 3 4 12 -6 -7 7 23 10 25 11 -13 -14 14 15 16 17 20 -20 -21 21 -23 -24 -25 -26 26 -28 -29 -30 -31
leaf_value=0.012930231974548047 0.0023652883802701059 0.0028088104225242059 -0.0015593429842927294 -0.00081046553328633318 -0.0020512952438004567 0.0013489277365373537 0.013100254170310039 0.0071443830226017475 -0.0022319979127496483 0.010762835061852483 0.0072236047055672069 8.2478349629257409e-05 0.00087985413200739363 0.010697991082755228 0.0093456943208972618 -0.0037935435213148593 0.0072659077424625006 4.4863764196634298e-05 0.0098553608827800926 0.0020665773677385666 0.0072656472919113702 0.002156304620439187 0.0020441449212807196 0.010683000847697258 -0.00023695295518737729 0.0063858098680934609 0.003636783625647102 0.013404274156147783 0.0090553944903825016 0.0017810053609568497
leaf_weight=53 226 37 510 20 2322 21 26 61 100 69 28 105 54 24 24 20 54 37 22 44 33 64 27 25 354 31 23 22 35 29
leaf_count=53 226 37 510 20 2322 21 26 61 100 69 28 105 54 24 24 20 54 37 22 44 33 64 27 25 354 31 23 22 35 29
internal_value=-6.7067e-11 0.00611689 -0.0013793 0.00485769 -0.00177095 0.0065997 0.00711738 0.00802316 0.00118821 0.0101234 0.000165051 0.00158587 0.00382832 0.00429387 0.00461091 0.00412068 0.00366301 0.00425014 0.00583422 0.00493151 0.00283157 0.00389453 -0.0013229 0.00714314 -0.00101753 0.00909749 0.00758553 0.00929913 0.00643516 0.00541618
internal_weight=4500 828 3672 630 3186 234 213 176 486 198 260 133 396 342 322 298 274 254 120 98 134 97 127 150 864 145 76 53 125 90
internal_count=4500 828 3672 630 3186 234 213 176 486 198 260 133 396 342 322 298 274 254 120 98 134 97 127 150 864 145 76 53 125 90
is_linear=0
shrinkage=0.1


Tree=12
num_leaves=31
num_cat=0
split_feature=8 6 4 9 1 1 4 4 4 7 9 4 9 1 5 10 3 10 6 6 6 6 3 4 5 3 9 1 4 9
split_gain=3.07529 0.339571 0.305108 0.109945 0.0728629 0.0650535 0.0897256 0.0815953 0.0562109 0.0524558 0.0473571 0.0448386 0.0780682 0.0440293 0.0448295 0.0778312 0.0577215 0.0971647 0.048659 0.0380516 0.0375258 0.0424431 0.0391041 0.0380432 0.0371582 0.0692321 0.0581654 0.0468277 0.0407716 0.064396
threshold=0.86226868629455578 0.61516183614730846 0.90401050448417675 0.78954082727432262 72.500000000000014 71.500000000000014 0.67918288707733165 0.61835780739784252 1.0135289430618288 0.0011200553271919001 1.1362667083740237 0.56893253326416027 0.72291535139083873 76.500000000000014 0.85106414556503307 0.85574588179588329 0.84005746245384227 0.87618589401245128 0.84844717383384716 0.8098600208759309 1.1781342029571535 1.1970921754837038 0.97973734140396129 0.94082504510879528 1.0622181296348574 1.0067795515060427 0.98341387510299694 67.500000000000014 0.8172016739845277 0.94445890188217174
decision_type=2 2 2 2 2 2 2 2 2 2 2 2 2 2 2 2 2 2 2 2 2 2 2 2 2 2 2 2 2 2
left_child=1 -1 10 4 5 6 7 -3 20 -6 24 -11 -13 14 -5 -16 -17 -18 19 -19 22 -22 23 -4 27 -26 -27 -2 29 -29
right_child=2 3 8 13 9 -7 -8 -9 -10 11 -12 12 -14 -15 15 16 17 18 -20 -21 21 -23 -24 -25 25 26 -28 28 -30 -31
leaf_value=0.0096113042682078736 -0.0035583017820802832 0.007382431077807174 -0.0011303244383427604 -0.0007294190488755704 -0.00038353520268130875 0.012498562780357051 0.012641060391130547 0.0016684516163140133 -0.0018006451386398696 0.0022035831466465342 -0.0011056507012257592 0.011699740879148955 0.0041024009439800139 0.00079186864878229919 0.0096281919550771523 0.0084111249462390947 -0.0034141892008483412 0.0029783202591352163 0.0030974828965737292 0.0084462012935961998 0.0047144118249416358 -0.00034909639127400459 -0.0013078333737776263 0.0039918549744219619 0.0075644226317914832 0.0055140564078465107 0.00097803285861780662 0.0074204272003439466 0.00021085882495738503 -0.0003381970711052418
leaf_weight=162 24 77 29 20 21 22 21 37 2556 33 78 21 38 54 24 24 20 20 199 35 25 49 516 29 24 35 147 23 117 20
leaf_count=162 24 77 29 20 21 22 21 37 2556 33 78 21 38 54 24 24 20 20 199 35 25 49 516 29 24 35 147 23 117 20
internal_value=-4.07222e-11 0.0055052 -0.00124137 0.00450642 0.00606245 0.00745612 0.00663439 0.00552789 -0.00158975 0.0041261 0.00114369 0.00515548 0.00680654 0.00344549 0.00386449 0.00414982 0.00370861 0.00329671 0.00382513 0.00645788 -0.000757875 0.00136155 -0.00103111 0.00143077 0.00159355 0.00251606 0.00185035 0.000560745 0.0011786 0.00381176
internal_weight=4500 828 3672 666 270 157 135 114 3204 113 468 92 59 396 342 322 298 274 254 55 648 74 574 58 390 206 182 184 160 43
internal_count=4500 828 3672 666 270 157 135 114 3204 113 468 92 59 396 342 322 298 274 254 55 648 74 574 58 390 206 182 184 160 43
is_linear=0
shrinkage=0.1


Tree=13
num_leaves=31
num_cat=0
split_feature=6 4 4 1 7 9 9 7 1 10 5 1 5 10 9 1 7 1 5 10 5 4 7 4 1 3 9 4 6 7
split_gain=2.49237 0.277508 0.269792 0.121253 0.103711 0.100785 0.0840912 0.0740169 0.0709614 0.0880898 0.111994 0.0633994 0.0591446 0.0559543 0.081579 0.0557922 0.0541436 0.0654406 0.0531068 0.0756727 0.0519588 0.0511241 0.0485817 0.0467126 0.0460401 0.0417577 0.0488681 0.0395141 0.0381135 0.0361339
threshold=0.91658806800842296 0.90401050448417675 0.61835780739784252 72.500000000000014 0.00036546435148915004 0.61659356951713573 0.76256182789802562 0.0018877534312195501 74.500000000000014 0.82575479149818432 0.9452863633632661 64.500000000000014 0.97782075405120861 1.0061869621276858 1.0301030278205874 66.500000000000014 0.0038312476826831005 68.500000000000014 0.95052289962768566 0.90760022401809703 1.008858919143677 0.56893253326416027 0.031203378923237254 1.0467643141746523 70.500000000000014 0.99656978249549877 0.93165165185928356 0.4141248911619187 0.83152276277542125 0.0020758861210196503
decision_type=2 2 2 2 2 2 2 2 2 2 2 2 2 2 2 2 2 2 2 2 2 2 2 2 2 2 2 2 2 2
left_child=2 13 3 7 -4 -5 24 15 9 -8 16 -9 -12 20 25 -1 17 -11 19 29 -2 22 -7 -3 -6 -15 -27 -13 -19 -10
right_child=1 23 4 5 6 21 8 11 18 10 12 27 -14 14 -16 -17 -18 28 -20 -21 -22 -23 -24 -25 -26 26 -28 -29 -30 -31
leaf_value=0.0081862029433250431 0.00096505703769770321 -0.00081123573771021127 -0.0036564134806394578 0.0082264386350288984 0.0036787299322895706 -0.0019268390851031091 0.0095105839678301263 0.011497337159808548 -0.0027812365302816036 0.0044531049376184293 0.0099148816296032501 0.0041955440448046754 0.0041745000644586982 0.0073560367990285168 0.00020632762796941236 0.015272313026711346 0.0044767391087638369 -0.0053516097411158538 -0.0018136258377845207 0.0076508663860814915 -0.0038492661949567266 0.00618054969527293 0.0038130374025786302 -0.0016661011576203312 0.0086433433423542035 0.0059643836198922471 0.001762870481787031 0.0077604044542893911 3.716245825801577e-05 0.0030305890994065483
leaf_weight=20 51 882 20 52 31 29 26 34 20 22 28 44 50 20 210 25 37 21 43 21 40 28 30 2322 47 34 149 106 35 23
leaf_count=20 51 882 20 52 31 29 26 34 20 22 28 44 50 20 210 25 37 21 43 21 40 28 30 2322 47 34 149 106 35 23
internal_value=-2.47413e-11 -0.00108766 0.00509223 0.00707335 0.00337276 0.00474347 0.00372074 0.00848755 0.00301504 0.00404631 0.00331019 0.00759846 0.00623515 0.00109356 0.00158815 0.0121229 0.0013263 -0.000168139 0.000904309 0.00273042 -0.00115113 0.0026617 0.000991742 -0.00143077 0.00667023 0.00301762 0.00254348 0.00671471 -0.00198363 0.000327414
internal_weight=4500 3708 792 368 424 139 404 229 326 219 193 184 78 504 413 45 115 78 107 64 91 87 59 3204 78 203 183 150 56 43
internal_count=4500 3708 792 368 424 139 404 229 326 219 193 184 78 504 413 45 115 78 107 64 91 87 59 3204 78 203 183 150 56 43
is_linear=0
shrinkage=0.1


Tree=14
num_leaves=31
num_cat=0
split_feature=8 3 8 8 10 4 4 7 3 3 7 7 1 7 7 5 10 10 5 4 7 4 3 7 9 1 1 9 9 9
split_gain=2.02463 0.229659 0.202959 0.0687221 0.0781215 0.0629353 0.0538914 0.052335 0.116548 0.0701312 0.0508181 0.0799852 0.0452712 0.041326 0.0390287 0.0388742 0.0588451 0.0425191 0.0834117 0.0411788 0.033649 0.032073 0.0712695 0.0310079 0.0662158 0.0306838 0.0558315 0.0330451 0.0584941 0.0411255
threshold=0.86226868629455578 0.6525249481201173 1.0086559653282168 0.80192756652832042 1.1567329764366152 0.8172016739845277 0.87552303075790416 0.0026896541239693505 0.93590748310089122 1.0359104275703432 0.0011200553271919001 0.0018022464355453504 72.500000000000014 0.0025325637543573503 0.0015145817887969001 1.1580399274826052 1.1588879823684695 1.0669292807579043 1.0665351152420046 0.93501153588294994 0.00079893265501590016 0.93501153588294994 0.99225124716758739 0.0023696857970207505 0.5603003501892091 72.500000000000014 71.500000000000014 0.84953877329826366 0.78954082727432262 0.91658815741539013
decision_type=2 2 2 2 2 2 2 2 2 2 2 2 2 2 2 2 2 2 2 2 2 2 2 2 2 2 2 2 2 2
left_child=1 12 6 4 10 7 -2 -5 -9 -10 -3 -12 20 -13 -14 17 -17 18 21 -20 -1 -8 -23 -22 -25 26 -15 28 -27 -29
right_child=2 3 -4 5 -6 -7 15 8 9 -11 11 13 14 25 -16 16 -18 -19 19 -21 23 22 -24 24 -26 27 -28 29 -30 -31
leaf_value=0.012416908906942066 0.0016310846947949658 0.0013919206295648348 -0.0013455655929105288 -0.0022323546585227764 -0.0014247710095293335 0.0062431149345276689 -0.0023665209107616163 0.0070015513710677633 -0.0036410497745589148 0.0024128106981515887 0.0099600807089230119 0.00095043855899954615 0.0022762226669684701 0.0050013250713659965 0.0081018589167481132 0.006153574890711091 -7.1935043955335812e-05 -0.0027960173611839612 0.0059591927916959062 0.00058273449540138247 0.00541962798529615 0.0051166873070455738 -0.0029408933513838313 0.0067405979555004688 0.013333378061652185 0.0046066368692845574 0.0099870425505706895 0.0092344882432371378 6.7266636655073281e-05 0.00304765179975047
leaf_weight=22 289 46 3042 35 23 29 94 35 31 50 29 30 23 165 23 22 49 75 28 29 30 21 23 39 25 80 26 22 44 21
leaf_count=22 289 46 3042 35 23 29 94 35 31 50 29 30 23 165 23 22 49 75 28 29 30 21 23 39 25 80 26 22 44 21
internal_value=-5.52568e-11 0.00446686 -0.00100723 0.00364547 0.00426367 0.00197633 0.000626428 0.00115689 0.0021795 9.59011e-05 0.00454625 0.00489421 0.00784367 0.00451558 0.00518904 -0.000225026 0.0018571 -0.000772547 5.71087e-06 0.0032238 0.00889637 -0.0013235 0.00090477 0.00807241 0.0093159 0.00481433 0.00568001 0.00382425 0.00299589 0.00621301
internal_weight=4500 828 3672 666 486 180 630 151 116 81 463 417 162 388 46 341 71 270 195 57 116 138 44 94 64 358 191 167 124 43
internal_count=4500 828 3672 666 486 180 630 151 116 81 463 417 162 388 46 341 71 270 195 57 116 138 44 94 64 358 191 167 124 43
is_linear=0
shrinkage=0.1


Tree=15
num_leaves=31
num_cat=0
split_feature=4 9 7 7 1 3 4 5 9 5 1 1 7 5 1 9 7 1 8 8 9 7 3 5 7 1 3 7 7 7
split_gain=1.64238 0.294556 0.118683 0.132269 0.0851968 0.0699436 0.0588307 0.0475023 0.0836457 0.0492208 0.0434004 0.0412593 0.0397156 0.0516239 0.0445622 0.0377563 0.0579248 0.0521284 0.0935787 0.0698668 0.0598951 0.0459783 0.0407923 0.0401466 0.0683571 0.0593967 0.119437 0.0500014 0.0374817 0.0620403
threshold=0.85844093561172496 0.78954082727432262 0.00034317943209310006 0.00062397308647630008 68.500000000000014 1.01064670085907 0.69595852494239818 1.0526530146598818 1.0388201475143435 1.0928380489349367 77.500000000000014 69.500000000000014 0.0022252263734116504 0.66073527932167064 75.500000000000014 0.94445890188217174 0.0084762722253799022 74.500000000000014 0.85140016674995433 0.88344120979309093 0.84953877329826366 0.0058518887963145512 1.0745891928672793 1.1047734022140505 0.0089293317869305004 71.500000000000014 0.86603510379791271 0.017086490988731304 0.0046152956783771003 0.0013585858978331002
decision_type=2 2 2 2 2 2 2 2 2 2 2 2 2 2 2 2 2 2 2 2 2 2 2 2 2 2 2 2 2 2
left_child=1 2 -1 -4 -5 7 11 -2 9 -9 15 -6 13 -13 -14 17 -17 19 20 23 21 -19 -18 24 25 28 -27 -26 29 -3
right_child=5 10 3 4 6 -7 -8 8 -10 -11 -12 12 14 -15 -16 16 22 18 -20 -21 -22 -23 -24 -25 27 26 -28 -29 -30 -31
leaf_value=-0.0012913310825824738 -0.00068184186405103122 -0.0025354353431612255 0.013536075147844495 0.0075591583403084826 0.0011073865103893557 -0.0012001562982152077 -0.00014481644656580802 0.0025840335167371313 -0.0015748570635503924 0.0086857632338069382 -0.0011931268211740715 0.0049348706062883139 0.0053687845005816956 0.011751136742532253 0.0010538098014939319 -0.0024269142078184006 0.0050310580352587366 0.0033054994652047757 -0.0041750637111433132 0.0090465510983697393 0.0049578245107550177 -0.0033193323634226218 0.0012912802920410677 7.9623131184942202e-05 0.0095238289731586802 0.0096987243808273754 0.001042155282118836 0.0037470349140705603 -0.0029266870098321567 0.0043149596557785306
leaf_weight=25 112 20 21 123 26 3197 26 39 34 20 39 25 137 20 29 36 35 20 26 22 50 22 175 36 29 28 37 31 21 39
leaf_count=25 112 20 21 123 26 3197 26 39 34 20 39 25 137 20 29 36 35 20 26 22 50 22 175 36 29 28 37 31 21 39
internal_value=-2.63745e-12 0.00336277 0.00539643 0.00580722 0.00538674 -0.00108534 0.00437074 0.000705274 0.00237578 0.00465242 0.00204364 0.00486612 0.00532928 0.00796432 0.00461496 0.00224497 0.00127924 0.00286851 0.00112224 0.00365201 0.0026193 -0.000164651 0.00191458 0.00315956 0.00370043 0.00252578 0.00477114 0.00653915 0.000701429 0.00199279
internal_weight=4500 1098 432 407 386 3402 263 205 93 59 666 237 211 45 166 627 246 381 118 263 92 42 210 241 205 145 65 60 80 59
internal_count=4500 1098 432 407 386 3402 263 205 93 59 666 237 211 45 166 627 246 381 118 263 92 42 210 241 205 145 65 60 80 59
is_linear=0
shrinkage=0.1


Tree=16
num_leaves=31
num_cat=0
split_feature=8 4 3 7 7 7 7 10 3 6 7 7 7 4 9 3 7 10 8 5 10 5 9 8 3 3 10 10 6 1
split_gain=1.33417 0.226437 0.124792 0.108877 0.0770539 0.0637432 0.0973716 0.0607068 0.0439481 0.0414128 0.0409053 0.0467069 0.0352963 0.0340564 0.0311728 0.0622858 0.0325285 0.0499639 0.063202 0.0571513 0.0565908 0.0450735 0.0381843 0.0310146 0.0287595 0.0314991 0.0282617 0.0553264 0.048428 0.0405897
threshold=0.80192756652832042 0.90401050448417675 0.56350412964820873 0.00036546435148915004 0.00066532849450590007 0.0011465393472462001 0.0018022464355453504 1.1567329764366152 0.85770463943481456 0.86238035559654247 0.0025325637543573503 0.0021894815145060004 0.0096456906758248511 0.62410295009613048 1.1889492869377138 1.3163002729415896 0.028642117977142303 1.0061869621276858 0.94717639684677135 1.1607482433319094 1.0635861158370974 1.008858919143677 0.99467307329177868 1.0251140594482424 0.97973734140396129 0.94423294067382824 0.82575479149818432 0.72576701641082775 0.61516183614730846 73.500000000000014
decision_type=2 2 2 2 2 2 2 2 2 2 2 2 2 2 2 2 2 2 2 2 2 2 2 2 2 2 2 2 2 2
left_child=2 8 -1 -4 -5 -6 -7 10 9 -2 11 -8 24 -10 15 16 17 21 19 20 -19 -15 -22 -14 25 -3 27 28 -12 -29
right_child=1 12 3 4 5 6 7 -9 13 -11 26 -13 23 14 -16 -17 -18 18 -20 -21 22 -23 -24 -25 -26 -27 -28 29 -30 -31
leaf_value=0.0076535369569642672 0.00091072382405400277 -0.0018173224409110845 -0.003604036923497915 0.0100006593298167 -0.00079909605905413626 0.0091117262785487315 0.0042844804673222827 -0.001442265100574688 0.0041286339068078793 0.0072689315642318914 0.005248449099017307 -0.0024679174272543088 0.0019118574929648435 0.00053071720259530207 -0.00182346198707819 0.0059275870849175953 -0.0023345358612381724 0.0043001828014773008 -2.0696938295801675e-05 0.0072287569063649113 -0.0030260650813579561 -0.0028140371078888907 0.0023069161334645068 -0.00055652126857939248 -0.0012354368964831034 0.0030980825191363696 0.0035094078473513948 0.0086782683864629895 -0.00043356876703910531 0.0037065392554116749
leaf_weight=90 20 22 20 20 30 34 20 23 29 21 40 21 58 168 48 23 35 60 109 28 25 53 29 416 2676 32 250 52 24 24
leaf_count=90 20 22 20 20 30 34 20 23 29 21 40 21 58 168 48 23 35 60 109 28 25 53 29 416 2676 32 250 52 24 24
internal_value=-9.15121e-12 -0.000706225 0.00419812 0.00364079 0.00391011 0.00367496 0.00395 0.00356344 0.000998638 0.00416737 0.00383057 0.000825935 -0.00105103 0.000784606 0.000616826 0.000837833 0.000606937 0.000825054 0.00179047 0.00318074 0.00218649 -0.000271418 -0.000162057 -0.000254483 -0.00118933 0.00109551 0.00414644 0.00528399 0.00311769 0.00710825
internal_weight=4500 3852 648 558 538 518 488 454 648 41 431 41 3204 607 578 530 507 472 251 142 114 221 54 474 2730 54 390 140 64 76
internal_count=4500 3852 648 558 538 518 488 454 648 41 431 41 3204 607 578 530 507 472 251 142 114 221 54 474 2730 54 390 140 64 76
is_linear=0
shrinkage=0.1


Tree=17
num_leaves=31
num_cat=0
split_feature=4 6 7 8 7 3 10 4 4 4 10 7 9 5 4 1 7 4 10 3 1 7 9 1 7 7 7 5 7 9
split_gain=1.08469 0.199126 0.0605409 0.0570724 0.0507617 0.0499711 0.0424902 0.0393446 0.0713985 0.0560322 0.0533346 0.0390347 0.0410318 0.0671141 0.0388887 0.0353478 0.058136 0.0482811 0.0508734 0.0308141 0.0296283 0.0291421 0.0328129 0.028425 0.0292373 0.0282517 0.0280188 0.031269 0.0857065 0.0611052
threshold=0.85844093561172496 0.69650825858116161 0.00036546435148915004 0.80192756652832042 0.00079893265501590016 1.01064670085907 1.1567329764366152 0.4141248911619187 0.47936786711215978 0.3555774986743927 0.72576701641082775 0.00098765292204910037 1.0388201475143435 1.0928380489349367 0.84859099984169017 67.500000000000014 0.0011713201529346001 0.70140552520751964 0.91987550258636486 0.84005746245384227 77.500000000000014 0.012973690871149251 1.1273332834243777 71.500000000000014 0.0023137358948588003 0.0025557917542755001 0.0014472391922026502 0.97782075405120861 0.004387079970911101 0.88955283164978038
decision_type=2 2 2 2 2 2 2 2 2 2 2 2 2 2 2 2 2 2 2 2 2 2 2 2 2 2 2 2 2 2
left_child=1 2 -1 6 -4 11 15 9 -9 -6 -10 -2 13 23 19 -3 -17 -18 25 -5 26 -7 -23 -13 -25 -19 -21 29 -29 -28
right_child=5 3 4 14 7 21 -8 8 10 -11 -12 12 -14 -15 -16 16 17 18 -20 20 -22 22 -24 24 -26 -27 27 28 -30 -31
leaf_value=-7.8741218894720082e-05 -0.0013936530999266185 0.0054467603713939236 0.010114321047845095 0.0044309991664097962 0.0059326891355761672 -0.0010806401100653046 -0.0012980385663230783 0.0096822880807605274 0.0033046899221675554 0.000565175069149936 0.0090603014099456015 -0.0010338217107346281 -0.0014510691795936404 0.0077591221098555251 0.0043798496920822395 -0.0017167596836332923 0.0023657542939150163 0.0059848062640715707 0.0089951811581850047 -0.0023566741224688788 -0.0029144233647024351 0.0022474439376417329 -0.00051506648594717476 0.00094276467160157428 0.0057612526183947925 0.0012693923246977783 0.00056864937290637978 -0.0056138317286968239 0.0011862301888871983 0.0064777342493956298
leaf_weight=20 65 56 23 24 41 2872 23 41 69 37 21 32 34 20 36 27 214 24 25 24 21 51 274 34 20 27 42 20 253 30
leaf_count=20 65 56 23 24 41 2872 23 41 69 37 21 32 34 20 36 27 214 24 25 24 21 51 274 34 20 27 42 20 253 30
internal_value=-1.40117e-11 0.00273283 0.00520028 0.00199785 0.00565537 -0.000882026 0.00287341 0.00516467 0.00622339 0.00338656 0.00464767 0.00063149 0.00157173 0.00254131 0.00122736 0.00313063 0.00272147 0.00313469 0.00529985 0.000953227 0.00073921 -0.000979076 -8.15649e-05 0.00132787 0.00272739 0.00348841 0.00094714 0.00117697 0.000688057 0.00303077
internal_weight=4500 1098 252 846 232 3402 396 209 131 78 90 205 140 106 450 373 317 290 76 414 390 3197 325 86 54 51 369 345 273 72
internal_count=4500 1098 252 846 232 3402 396 209 131 78 90 205 140 106 450 373 317 290 76 414 390 3197 325 86 54 51 369 345 273 72
is_linear=0
shrinkage=0.1


Tree=18
num_leaves=31
num_cat=0
split_feature=4 9 3 8 7 7 8 7 3 4 1 8 8 4 3 10 10 4 5 4 10 3 5 6 6 9 3 7 7 8
split_gain=0.879122 0.168421 0.0628939 0.0449851 0.0789568 0.0704372 0.0528881 0.0664231 0.053451 0.0370656 0.0312656 0.0739959 0.0473744 0.0512317 0.0513386 0.039012 0.0341082 0.032019 0.0776138 0.0661355 0.0486742 0.0420798 0.037999 0.0571993 0.0362194 0.0619073 0.0300833 0.0422534 0.0578613 0.0293542
threshold=0.86320802569389354 0.6443866789340974 0.86603510379791271 0.8414306938648225 0.0025557917542755001 0.0021894815145060004 0.79516232013702404 0.0011200553271919001 0.73492592573165905 0.97885084152221691 70.500000000000014 0.93879383802413952 0.87791049480438244 0.74658456444740307 0.98676964640617371 0.92675948143005382 1.0016921162605288 0.79241478443145763 0.9398424029350283 0.77013820409774791 0.94978970289230358 1.0226336717605593 1.1472194194793703 0.94335338473320018 0.76556667685508739 0.78954082727432262 0.83389073610305797 0.0031442466424777501 0.0054773385636507502 0.96061477065086376
decision_type=2 2 2 2 2 2 2 2 2 2 2 2 2 2 2 2 2 2 2 2 2 2 2 2 2 2 2 2 2 2
left_child=1 -1 3 4 5 6 7 8 -3 -2 11 12 13 15 -15 -4 -17 19 -19 22 -20 -22 24 -24 -12 -26 27 -6 -29 -23
right_child=9 2 10 -5 26 -7 -8 -9 -10 -11 17 -13 -14 14 -16 16 -18 18 20 -21 21 29 23 -25 25 -27 -28 28 -30 -31
leaf_value=0.0050790725606305511 -9.8312261675673185e-05 -0.0033752529043704275 0.00028966872778255496 0.0074508950876241379 0.0076296764259625761 -0.0043495935787047661 -0.0024834716293428627 0.0060671620909124617 0.0036933421521731049 -0.00095817353925835692 -0.0021929592592641713 -0.002327054918610624 0.0065572502105222912 0.0030797353759407999 -0.0039995449994291573 0.0082630880092355342 0.0032909510855411959 -0.0056523226900026206 0.0051853232132270935 0.005497563339304179 -0.0035315861958744271 0.0024687315252901734 -0.0053120760319177954 0.000658635342209463 0.0075159618817269812 0.0015366093376394212 0.0072169441295166815 -0.000264648793841173 0.0050348514613385003 -0.0012608384364284576
leaf_weight=198 612 20 23 22 21 21 21 40 23 2772 20 28 34 20 21 22 37 23 20 36 28 51 21 68 20 129 30 38 45 36
leaf_count=198 612 20 23 22 21 21 21 40 23 2772 20 28 34 20 21 22 37 23 20 36 28 51 21 68 20 129 30 38 45 36
internal_value=1.24335e-11 0.00243389 0.00186336 0.0031096 0.00274084 0.000933071 0.00199976 0.00313408 0.000405624 -0.000802667 0.00131361 0.0024087 0.00325329 0.00234 -0.000546237 0.00378312 0.00514497 0.000865403 -0.000282698 0.00148241 0.000632127 -0.000159733 0.000922156 -0.000750184 0.00180286 0.00233921 0.00442719 0.00362245 0.00260857 0.000925461
internal_weight=4500 1116 918 281 259 125 104 83 43 3384 637 185 157 123 41 82 59 452 158 294 135 115 258 89 169 149 134 104 83 87
internal_count=4500 1116 918 281 259 125 104 83 43 3384 637 185 157 123 41 82 59 452 158 294 135 115 258 89 169 149 134 104 83 87
is_linear=0
shrinkage=0.1


Tree=19
num_leaves=31
num_cat=0
split_feature=8 9 4 3 3 3 7 1 3 10 4 4 4 3 4 7 7 8 4 1 4 8 4 5 8 1 5 8 4 1
split_gain=0.714831 0.104507 0.0752054 0.0398501 0.0509319 0.0840214 0.0576251 0.0462078 0.042956 0.0648301 0.0364053 0.0915165 0.0344522 0.0492883 0.0377423 0.029189 0.0290509 0.03227 0.0405031 0.0436684 0.0459015 0.0634799 0.0535988 0.0396637 0.0329314 0.0260283 0.0471281 0.0240961 0.0233752 0.0229919
threshold=0.86903789639472973 0.61659356951713573 0.97885084152221691 0.86603510379791271 0.83389073610305797 0.81133779883384716 0.0012814989313482503 73.500000000000014 0.68480515480041515 0.7678477168083192 0.69595852494239818 0.78757351636886608 0.4141248911619187 0.43728958070278173 0.44855819642543798 0.010686190333217353 0.0037841075100004005 0.59208679199218761 0.52870705723762523 67.500000000000014 0.70140552520751964 0.80192756652832042 0.66354775428771984 1.1451223492622378 0.85140016674995433 70.500000000000014 0.78282994031906139 0.55397137999534618 0.65235796570777904 73.500000000000014
decision_type=2 2 2 2 2 2 2 2 2 2 2 2 2 2 2 2 2 2 2 2 2 2 2 2 2 2 2 2 2 2
left_child=1 12 -2 4 5 6 8 25 -3 -10 -6 -12 13 -1 -14 -15 -5 -18 -19 -20 22 -22 23 -21 29 26 -8 -16 -9 -23
right_child=2 3 -4 16 10 -7 7 28 9 -11 11 -13 14 15 27 -17 17 18 19 20 21 24 -24 -25 -26 -27 -28 -29 -30 -31
leaf_value=0.0067194098172088466 0.00019781955057446784 -0.0033754177764058115 -0.00086235618971363466 -0.00088944768780196211 0.0088050924818075839 -0.0024500202906148679 0.006645334456698038 -0.00041078349264959502 0.0058817410765661174 -0.0018032101869937919 -0.00030784291028976442 0.0086468118021175971 0.0097067753328398503 -0.00074445620859758214 0.0029721821796305573 0.0039499283011368621 -0.0013440468258434726 0.0054666723605365525 0.0053019537333527517 0.0021828438964133202 0.0061518923471642973 -0.0030401923383275671 -0.0036132497960352341 -0.0026387627321210775 0.004090589479627935 0.0073685092712654117 0.0010275934506872935 0.0071646423365634218 0.0039274901880518255 0.0015363752399065087
leaf_weight=30 882 20 2772 49 21 33 32 27 23 21 25 21 24 26 29 27 31 31 29 76 36 21 32 22 22 38 28 26 23 23
leaf_count=30 882 20 2772 49 21 33 32 27 23 21 25 21 24 26 29 27 31 31 29 76 36 21 32 22 22 38 28 26 23 23
internal_value=1.10064e-11 0.00261936 -0.000606452 0.00207846 0.00291191 0.00224376 0.0029744 0.00405857 0.000467254 0.00221392 0.00535513 0.00378015 0.00490315 0.00348042 0.00639793 0.00164702 0.00137943 0.00172363 0.0020493 0.00164341 0.00118609 0.00277406 -5.98511e-05 0.00110044 0.000931599 0.00532068 0.00402372 0.00495407 0.00158482 -0.000647896
internal_weight=4500 846 3654 684 312 245 212 148 64 44 67 46 162 83 79 53 372 323 292 261 232 102 130 98 66 98 60 55 50 44
internal_count=4500 846 3654 684 312 245 212 148 64 44 67 46 162 83 79 53 372 323 292 261 232 102 130 98 66 98 60 55 50 44
is_linear=0
shrinkage=0.1


Tree=20
num_leaves=31
num_cat=0
split_feature=4 9 10 10 7 5 6 8 10 6 9 1 4 1 10 5 9 7 3 1 5 10 9 9 3 1 4 4 3 6
split_gain=0.586399 0.113265 0.0339703 0.0758594 0.0382029 0.0346113 0.0369247 0.0406661 0.0469949 0.0469164 0.0337095 0.0328442 0.041442 0.0419641 0.0369018 0.0428022 0.0579481 0.0512841 0.0320903 0.0361595 0.0284104 0.0930192 0.0272132 0.0395563 0.0815843 0.0537722 0.0271033 0.0369818 0.0263629 0.0281019
threshold=0.85844093561172496 0.67585831880569469 0.73993930220603954 0.79206377267837536 0.0025948199909179505 0.8318290412425996 0.84844717383384716 0.59208679199218761 0.9437641501426699 0.83152276277542125 0.75425267219543468 64.500000000000014 0.84859099984169017 77.500000000000014 0.90760022401809703 0.97234070301055919 0.88955283164978038 0.0045589974615722504 1.01064670085907 67.500000000000014 1.0622181296348574 1.0456348061561587 0.78135651350021373 0.81764185428619396 0.87535104155540477 71.500000000000014 0.93501153588294994 0.89828380942344677 0.49054537713527685 0.51434418559074413
decision_type=2 2 2 2 2 2 2 2 2 2 2 2 2 2 2 2 2 2 2 2 2 2 2 2 2 2 2 2 2 2
left_child=1 28 -3 4 -4 -5 7 -7 9 10 -9 -8 13 14 -13 16 -16 -17 19 -2 26 -22 -12 25 -25 -24 27 -21 -1 -30
right_child=18 2 3 5 -6 6 11 8 -10 -11 22 12 -14 -15 15 17 -18 -19 -20 20 21 -23 23 24 -26 -27 -28 -29 29 -31
leaf_value=0.0059224838839035555 -0.0029204216499168142 -0.0016657739073376765 0.0028773988370557092 -0.0023276657294481994 0.007879250539610019 -0.0015410958916287532 -0.0027849910442124715 0.0054948269692249602 0.0066370857258637745 0.0065401313871995591 -0.0021197475450621408 -0.0018617461740693731 0.0045877389934365501 -0.0028325601455955105 0.00066950412087694367 -0.0038919191248714922 0.0071072353307029303 0.0013248963399713095 -0.00072629383541142562 0.0010067666000079202 0.0076867811343011754 0.00016040754428384109 0.00045831475373623632 -0.0041473898544119531 0.0041268105025995868 0.0066557908397434015 0.0031009378081018279 -0.0033066713490656446 0.00027402719110250474 0.0038854222825298519
leaf_weight=53 26 33 37 25 26 22 22 20 30 23 22 37 33 28 27 20 29 326 3197 46 24 52 28 26 22 28 22 35 25 156
leaf_count=53 26 33 37 25 26 22 22 20 30 23 22 37 33 28 27 20 29 326 3197 46 24 52 28 26 22 28 22 35 25 156
internal_value=1.19778e-11 0.00200935 0.00148079 0.00160574 0.00494166 0.00133209 0.00145524 0.00253867 0.0029897 0.00234224 0.00168092 0.000996539 0.00116293 0.000920916 0.00116032 0.00143847 0.00400333 0.00102335 -0.000648521 0.000564348 0.00107052 0.00253716 0.00107554 0.00175147 -0.000355048 0.00355705 -1.1666e-05 -0.000857065 0.00396098 0.00338661
internal_weight=4500 1098 864 831 63 768 743 221 199 169 146 522 500 467 439 402 56 346 3402 205 179 76 126 104 48 56 103 81 234 181
internal_count=4500 1098 864 831 63 768 743 221 199 169 146 522 500 467 439 402 56 346 3402 205 179 76 126 104 48 56 103 81 234 181
is_linear=0
shrinkage=0.1


Tree=21
num_leaves=31
num_cat=0
split_feature=8 3 7 7 9 5 4 4 5 5 9 9 1 4 8 9 3 4 8 6 3 6 10 9 4 1 3 5 3 1
split_gain=0.478497 0.0694043 0.0641382 0.085761 0.0633244 0.153958 0.0328163 0.035793 0.0442494 0.0306907 0.0389082 0.0572708 0.0297922 0.0252093 0.0245758 0.0413868 0.0516152 0.0474152 0.063528 0.0310178 0.0242771 0.0486229 0.0241296 0.0754929 0.0239182 0.0320947 0.0393536 0.0412869 0.0277793 0.0244632
threshold=0.85140016674995433 0.56350412964820873 0.00034317943209310006 0.00062397308647630008 0.98341387510299694 1.1508891582489016 0.72763484716415416 0.70140552520751964 1.256358325481415 0.86692523956298839 0.85695326328277599 0.86823660135269176 76.500000000000014 1.1207981705665591 0.79516232013702404 0.80306425690650951 0.94006282091140769 0.67121952772140514 0.71846500039100658 0.76556667685508739 0.88259273767471325 0.89485260844230663 0.92675948143005382 0.91175061464309703 0.84487199783325206 69.500000000000014 1.01064670085907 0.98592692613601696 0.94941160082817089 74.500000000000014
decision_type=2 2 2 2 2 2 2 2 2 2 2 2 2 2 2 2 2 2 2 2 2 2 2 2 2 2 2 2 2 2
left_child=1 -1 -3 -4 5 20 7 8 12 -8 -11 -12 14 -6 15 17 -17 18 19 -5 -2 -22 -13 -24 29 -26 27 -27 -29 -23
right_child=4 2 3 6 13 -7 9 -9 -10 10 11 22 -14 -15 -16 16 -18 -19 -20 -21 21 24 23 -25 25 26 -28 28 -30 -31
leaf_value=0.0048456454830658113 0.0034190468735608229 -0.0036856825929135087 0.0082017622549425476 0.002434784271066416 -0.00031752401964942864 0.0094372606463730344 -0.0023650109722179232 0.0048070405330508954 -0.0026120705250650645 0.0035759340396907648 -0.0043896731264381249 -0.0015288591361604631 -0.00072983788195415402 -0.00085932718982486926 0.005477415398694575 -0.003417079567980881 0.0019594705251061864 0.0068014999644623866 -0.0026178759016582502 0.0058365947987523772 -0.0045749881376867139 0.0031789684151299299 0.0068579440440415685 -0.00075699634850025189 -0.0032731169963191296 -0.0011037116018789157 -0.0032665787264704706 0.0012479705055459189 0.0061380165496042801 -0.00065220798877999194
leaf_weight=90 23 20 22 198 1690 20 28 50 20 48 22 20 32 1746 25 26 57 27 23 31 21 50 23 30 29 35 22 26 21 25
leaf_count=90 23 20 22 198 1690 20 28 50 20 48 22 20 32 1746 25 26 57 27 23 31 21 50 23 30 29 35 22 26 21 25
internal_value=6.89437e-12 0.00223121 0.00189603 0.00205971 -0.000476569 0.000992214 0.00185498 0.00227196 0.00198323 0.000662558 0.00125537 8.28719e-05 0.00220257 -0.000592841 0.00244504 0.00223563 0.00027525 0.00281882 0.00239211 0.00289529 0.000321973 1.09128e-05 0.00143076 0.0025476 0.000473912 -0.000331349 0.000488951 0.00149653 0.00343288 0.00190191
internal_weight=4500 792 702 682 3708 272 660 489 439 171 143 95 419 3436 387 362 83 279 252 229 252 229 73 53 208 133 104 82 47 75
internal_count=4500 792 702 682 3708 272 660 489 439 171 143 95 419 3436 387 362 83 279 252 229 252 229 73 53 208 133 104 82 47 75
is_linear=0
shrinkage=0.1


Tree=22
num_leaves=31
num_cat=0
split_feature=8 9 5 9 7 7 1 10 1 7 3 1 9 10 1 7 9 10 8 8 8 4 10 4 10 7 10 5 5 10
split_gain=0.391036 0.0735198 0.0526232 0.114022 0.0493186 0.0739895 0.0325133 0.0391348 0.0571364 0.0594166 0.0306759 0.0474349 0.0358363 0.0623938 0.0548756 0.0443763 0.0489346 0.0356422 0.0351046 0.0381967 0.0256531 0.0251764 0.0739774 0.0497651 0.0319743 0.0216822 0.0261478 0.0289269 0.0480752 0.0232127
threshold=0.80192756652832042 1.0388201475143435 1.1580399274826052 0.98341387510299694 0.00034317943209310006 0.00062397308647630008 68.500000000000014 0.86277806758880626 66.500000000000014 0.0023696857970207505 0.88259273767471325 72.500000000000014 1.0262490510940554 1.0700294375419619 73.500000000000014 0.0084762722253799022 0.88955283164978038 0.99724856019020092 0.86226868629455578 0.87791049480438244 0.99555712938308727 0.72763484716415416 0.84447503089904796 0.70140552520751964 1.0945634841918948 0.0029963469132780504 0.9437641501426699 0.98592692613601696 1.008858919143677 1.0380532741546633
decision_type=2 2 2 2 2 2 2 2 2 2 2 2 2 2 2 2 2 2 2 2 2 2 2 2 2 2 2 2 2 2
left_child=4 2 10 -4 -1 -6 7 8 9 -7 11 -2 13 15 -15 16 -12 -17 -18 -20 -14 23 -23 24 -8 26 -21 -28 -29 -30
right_child=1 -3 3 -5 5 6 21 -9 -10 -11 12 -13 20 14 -16 17 18 -19 19 25 -22 22 -24 -25 -26 -27 27 28 29 -31
leaf_value=-0.0019942533654662277 -0.0003938673963097649 -0.00058026545880961514 0.0084236782259092882 7.0917463480410259e-05 0.0078953583336745705 -0.0011519926488399506 0.0020376150416017607 0.00099488748732874991 0.0075975220601417525 0.0047445930738898891 -0.0038947684197303128 0.0047048189941592319 0.0053362348396331074 -0.0060108025812289937 0.00043686550025912849 -0.00037332691252231601 0.0040489319922579897 0.0044636050032493537 -0.0044019211223348979 0.0023055013502016664 0.00064706044670726577 -0.0050423165686515857 0.002809294884791598 0.005964767363232871 -0.0011463829928210804 0.0013951226775275752 -0.0041295632123947148 0.0035231243483722211 -0.0022826515436172486 0.0010915561512644804
leaf_weight=26 36 3196 26 44 24 25 319 47 38 54 34 37 20 33 22 25 21 39 20 28 28 20 30 30 35 90 25 25 75 28
leaf_count=26 36 3196 26 44 24 25 319 47 38 54 34 37 20 33 22 25 21 39 20 28 28 20 30 30 35 90 25 25 75 28
internal_value=-4.73584e-12 -0.000382337 0.000581959 0.00317337 0.00227278 0.00245115 0.00223265 0.00343216 0.00441123 0.00287858 0.000272405 0.0021904 -5.25918e-07 -0.000269058 -0.00343174 0.000155203 -0.000292237 0.00257418 0.000100346 -0.000184603 0.00260088 0.00177938 -0.00033135 0.00205422 0.00172281 0.000126638 -0.000504101 -0.00101828 -0.000410603 -0.00136539
internal_weight=4500 3852 656 70 648 622 598 164 117 79 586 73 513 465 55 410 346 64 312 291 48 434 50 384 354 271 181 153 128 103
internal_count=4500 3852 656 70 648 622 598 164 117 79 586 73 513 465 55 410 346 64 312 291 48 434 50 384 354 271 181 153 128 103
is_linear=0
shrinkage=0.1


Tree=23
num_leaves=31
num_cat=0
split_feature=6 4 10 7 9 1 7 1 1 7 10 3 5 4 7 1 5 9 1 9 9 6 9 7 4 7 3 3 6 4
split_gain=0.318695 0.0631844 0.0549645 0.0416246 0.0419914 0.0395085 0.046505 0.0490417 0.0379632 0.0517326 0.0467504 0.117965 0.0671077 0.0373521 0.0349003 0.0434758 0.0353085 0.0337452 0.0333481 0.0321018 0.0308246 0.0324509 0.0307888 0.0333447 0.0299127 0.0481663 0.0256224 0.0360849 0.0386106 0.0350078
threshold=0.92153629660606395 0.61835780739784252 0.72576701641082775 0.0099463905207812023 0.93165165185928356 72.500000000000014 0.0018877534312195501 66.500000000000014 74.500000000000014 0.0010733254603109501 0.82575479149818432 0.75033777952194225 0.9452863633632661 0.79241478443145763 0.0038312476826831005 68.500000000000014 0.90092146396636974 0.96333289146423351 64.500000000000014 0.76256182789802562 1.1273332834243777 1.1093112230300906 0.61659356951713573 0.0042595334816723507 0.56893253326416027 0.031203378923237254 1.0714524984359743 1.1254466176033022 1.0773580074310305 0.77013820409774791
decision_type=2 2 2 2 2 2 2 2 2 2 2 2 2 2 2 2 2 2 2 2 2 2 2 2 2 2 2 2 2 2
left_child=1 5 -3 -2 -5 6 7 -1 10 -10 11 -4 14 -14 15 -12 -17 -6 -8 -20 21 26 23 -7 25 -24 -19 -28 29 -29
right_child=3 2 8 4 17 22 18 -9 9 -11 12 -13 13 -15 -16 16 -18 20 19 -21 -22 -23 24 -25 -26 -27 27 28 -30 -31
leaf_value=0.002760878361295909 -0.00056562342895860064 -0.0041355446539819247 -0.00069858533619292858 0.003868876734087544 -0.0035764484821508326 0.0012914352870035558 0.0056931227336035062 0.0094044895255938187 0.0045740367006510503 -0.00092600150669183007 0.0021760901537440395 0.0076780989253893497 0.0017225887048672968 0.0059917240039794708 0.0020456454151582611 -0.0054455762021524577 -0.00059117821886414484 0.0038532585458597168 0.0015236435927542264 0.0052781381565312462 -0.00022063276537588828 0.0046694694707791013 -0.0038809344774625937 0.006452328855881379 0.0030188516289594452 0.0017458783346228303 -0.0021926973153659629 0.0002180795699435597 -0.0015650554118972076 0.0039461555917097149
leaf_weight=20 2928 20 29 31 24 31 34 25 20 118 23 40 57 32 41 29 31 24 122 28 478 24 29 21 28 32 42 48 38 53
leaf_count=20 2928 20 29 31 24 31 34 25 20 118 23 40 57 32 41 29 31 24 122 28 478 24 29 21 28 32 42 48 38 53
internal_value=-2.99123e-12 0.00179619 0.000986279 -0.000394285 0.000264084 0.00275933 0.00357017 0.00645177 0.00123018 -0.000128895 0.00189525 0.00415746 0.00116242 0.00325756 -0.000341344 -0.00152046 -0.00293747 0.000111213 0.00286543 0.00222448 0.000236396 0.00119037 0.00144243 0.00337564 0.000312908 -0.000929164 0.000783058 0.00037596 0.0011521 0.0021744
internal_weight=4500 810 440 3690 762 370 229 45 420 138 282 69 213 89 124 83 60 731 184 150 707 229 141 52 89 61 205 181 139 101
internal_count=4500 810 440 3690 762 370 229 45 420 138 282 69 213 89 124 83 60 731 184 150 707 229 141 52 89 61 205 181 139 101
is_linear=0
shrinkage=0.1


Tree=24
num_leaves=31
num_cat=0
split_feature=6 4 3 7 7 3 10 10 10 5 3 9 6 7 7 7 1 9 3 8 6 7 7 9 7 5 9 1 7 7
split_gain=0.264109 0.0449733 0.035301 0.0613669 0.080253 0.0300327 0.0479346 0.0490193 0.0258104 0.0228778 0.0331166 0.0227126 0.0341745 0.021864 0.0545013 0.03537 0.0345665 0.0204952 0.0346956 0.0226877 0.0292809 0.0213356 0.0527119 0.0322815 0.0240807 0.0446207 0.0543139 0.0204299 0.0229979 0.0416234
threshold=0.87679344415664684 0.97885084152221691 0.56350412964820873 0.00034317943209310006 0.00062397308647630008 1.3163002729415896 1.3261812329292297 1.3896487951278689 1.2427476048469546 0.55937355756759655 0.43728958070278173 0.88955283164978038 0.85597822070121776 0.0012401944259181001 0.0018652969156391502 0.0025325637543573503 72.500000000000014 0.52902919054031383 0.6525249481201173 0.75901156663894664 0.82480955123901378 0.0033267741091549002 0.0049966415390371504 0.6443866789340974 0.055548779666423763 0.9398424029350283 0.74258172512054454 77.500000000000014 0.038295567035675007 0.028642117977142303
decision_type=2 2 2 2 2 2 2 2 2 2 2 2 2 2 2 2 2 2 2 2 2 2 2 2 2 2 2 2 2 2
left_child=2 5 9 -4 -5 8 -7 -8 27 10 -1 12 13 -6 -15 16 -16 -17 -19 21 -21 -20 -23 -24 25 26 -25 28 29 -2
right_child=1 -3 3 4 11 6 7 -9 -10 -11 -12 -13 -14 14 15 17 -18 18 19 20 -22 22 23 24 -26 -27 -28 -29 -30 -31
leaf_value=0.0045931361336261035 0.00033909538823786181 -0.00053128868880349752 -0.003755974503500121 0.0075344186154720581 -0.00043445452617521844 0.0051443787306667335 -0.0023173264063456479 0.0029092650615463135 -0.0019307395668517126 0.0056326186556058628 -0.00039058286541452015 0.0045071872960155213 -0.0010961638224840748 0.0056990059476126646 -0.0039488826793703169 -0.0012328367563895883 0.0016568393901583147 0.0056425183182582262 -0.0013683103669721347 0.0062099084859558694 0.0015236891691650576 0.005977104123681784 0.004081088805105537 0.0024107092683128008 -0.0023451714180409908 0.0034583872865672073 -0.0028152425563115857 -0.0017693342919228598 0.0025640387670813822 -0.0032875152502321835
leaf_weight=30 772 2772 21 23 46 31 34 38 61 36 24 24 51 34 22 20 22 25 26 24 30 25 30 37 25 48 43 50 43 33
leaf_count=30 772 2772 21 23 46 31 34 38 61 36 24 24 51 34 22 20 22 25 26 24 30 25 30 37 25 48 43 50 43 33
internal_value=-5.8008e-12 -0.000319298 0.00183812 0.00155034 0.00175112 0.000234034 0.00185669 0.000441152 5.97554e-05 0.00367994 0.00237815 0.00150109 0.00135906 0.00163306 0.00186446 0.00151864 -0.00114602 0.00187073 0.00206904 0.00175884 0.00360645 0.00133247 0.00167007 0.00108168 0.000493556 0.001048 -0.00039824 0.000194967 0.000310787 0.000190427
internal_weight=4500 3834 666 576 555 1062 103 72 959 90 54 532 508 457 411 377 44 333 313 288 54 234 208 183 153 128 80 898 848 805
internal_count=4500 3834 666 576 555 1062 103 72 959 90 54 532 508 457 411 377 44 333 313 288 54 234 208 183 153 128 80 898 848 805
is_linear=0
shrinkage=0.1


Tree=25
num_leaves=31
num_cat=0
split_feature=6 9 1 5 10 4 9 3 3 7 7 1 7 7 4 4 7 7 9 8 4 6 1 7 6 10 7 5 4 10
split_gain=0.213928 0.0379748 0.041473 0.0388176 0.0614879 0.0453772 0.041662 0.0304746 0.029301 0.060762 0.0506901 0.0261044 0.0578146 0.111571 0.0499317 0.0409515 0.0362265 0.0553082 0.0433113 0.0494292 0.0280791 0.0369636 0.0273886 0.0414925 0.0258334 0.0270968 0.0548068 0.040678 0.0316548 0.0253903
threshold=0.87679344415664684 1.0388201475143435 64.500000000000014 1.1580399274826052 1.1392766833305361 0.77013820409774791 1.0328530669212344 0.88259273767471325 0.49054537713527685 0.00031003452022555002 0.00062397308647630008 68.500000000000014 0.0015145817887969001 0.0019486543606034503 0.66354775428771984 0.77643638849258434 0.0039145553018897503 0.0049966415390371504 0.81764185428619396 0.64249685406684887 0.67918288707733165 0.74895519018173229 66.500000000000014 0.0053287958726286506 0.89485260844230663 1.053145229816437 0.0080223348923027012 1.0622181296348574 0.9318872094154359 0.98431783914566051
decision_type=2 2 2 2 2 2 2 2 2 2 2 2 2 2 2 2 2 2 2 2 2 2 2 2 2 2 2 2 2 2
left_child=8 2 -2 6 -5 -6 7 -4 -1 -10 -11 20 14 -14 -13 -16 18 -18 19 -15 21 22 23 -12 -9 26 27 29 -29 -26
right_child=1 -3 3 4 5 -7 -8 24 9 10 11 12 13 16 15 -17 17 -19 -20 -21 -22 -23 -24 -25 25 -27 -28 28 -30 -31
leaf_value=0.00388727840154725 -0.0037457779819226782 -0.00042692321266838882 0.0032393437128381006 0.0068314685641477513 -0.0014728481958930693 0.0037931258495276171 0.0040708532763852013 -0.0024924417513660915 -0.00396380097605288 0.0058733767191706983 -0.0018991608533542603 0.0023840335314162077 0.0081266574639206127 -0.0027397527431066221 -0.0066790101449111143 -0.0005052726338839247 0.0068172615393996246 0.0013126796630598854 -0.0035105050083075184 0.0025672954642989984 0.0049089664664979174 -0.0014954349751440952 0.005942938722936171 0.0039430047505565231 0.00077802142842940279 -0.0012030459526073884 0.0041892635988423953 0.0058033917821012438 0.0003636900376042594 -0.0013900046289635377
leaf_weight=54 23 3204 28 24 36 30 27 43 20 27 20 20 24 26 22 21 20 209 32 54 39 26 21 31 94 118 37 20 23 127
leaf_count=54 23 3204 28 24 36 30 27 43 20 27 20 20 24 26 22 21 20 209 32 54 39 26 21 31 94 118 37 20 23 127
internal_value=-7.40434e-12 -0.000287368 0.000422369 0.000580306 0.00249696 0.000920776 0.000246652 3.59308e-05 0.00165431 0.00145728 0.00164043 0.00143814 0.00105358 0.00153644 -0.00174394 -0.00366393 0.00107261 0.00179343 -0.000401212 0.000842505 0.00263956 0.00173643 0.0029035 0.00165196 -0.000158215 8.13352e-05 0.000584847 7.96823e-05 0.00289378 -0.000467858
internal_weight=4500 3834 630 607 90 66 517 490 666 612 592 565 428 365 63 43 341 229 112 80 137 98 72 51 462 419 301 264 43 221
internal_count=4500 3834 630 607 90 66 517 490 666 612 592 565 428 365 63 43 341 229 112 80 137 98 72 51 462 419 301 264 43 221
is_linear=0
shrinkage=0.1


Tree=26
num_leaves=31
num_cat=0
split_feature=4 4 10 4 7 8 3 6 1 7 7 7 7 9 3 10 10 4 5 10 5 4 10 9 10 4 1 5 8 4
split_gain=0.177437 0.0411221 0.0421605 0.0242193 0.0458563 0.0439714 0.0381636 0.0429467 0.0240168 0.0237745 0.0240233 0.0368336 0.0468742 0.0220711 0.0246074 0.0199629 0.0282676 0.030903 0.0284425 0.033414 0.0392944 0.0237674 0.020852 0.0682941 0.0648592 0.027559 0.0349786 0.0786658 0.0234449 0.0607476
threshold=0.85844093561172496 0.59984892606735241 1.1296696662902834 0.55135551095008861 0.017842333763837755 0.60400334000587474 1.0226336717605593 0.61516183614730846 72.500000000000014 0.060164771974086713 0.045191049575805602 0.038295567035675007 0.03235371224582196 0.57889950275421154 0.56350412964820873 0.73993930220603954 0.79206377267837536 0.67121952772140514 0.85106414556503307 0.86277806758880626 0.86692523956298839 0.70140552520751964 1.0061869621276858 0.94445890188217174 0.98431783914566051 0.83491867780685436 69.500000000000014 0.9452863633632661 0.81808191537857067 0.70140552520751964
decision_type=2 2 2 2 2 2 2 2 2 2 2 2 2 2 2 2 2 2 2 2 2 2 2 2 2 2 2 2 2 2
left_child=1 2 3 6 5 -5 7 13 -9 10 11 12 15 14 -1 -3 17 -17 21 20 -20 -18 24 -24 25 26 27 -21 29 -28
right_child=-2 9 -4 4 -6 -7 -8 8 -10 -11 -12 -13 -14 -15 -16 16 18 -19 19 22 -22 -23 23 -25 -26 -27 28 -29 -30 -31
leaf_value=0.0026757579641761603 -0.00035673804806467632 -0.0015507547675657112 -0.0018971940251783686 0.0024761000840828338 -1.126156269532183e-05 0.0079368388187140235 0.0050244261685293175 0.00076453553416152924 -0.0030764141844378578 0.0034351726248860364 -0.0024223153678646601 0.0047978507620947703 -0.0038914054429725464 0.0046928987714151549 -0.00033085949281684872 0.00083945287624374041 0.00039272290569814769 0.00559993545524776 0.00061665458431948105 -0.0015630823390727694 0.0057847620058704974 -0.0043703701079357412 0.0056390491855000295 0.00047718710868040843 -0.0039096025403941399 0.0034282011600832146 -0.0025281805464805202 0.0068935365109196447 -0.0015886082341178356 0.003584568512490699
leaf_weight=81 3402 37 26 29 23 30 32 41 27 30 26 21 23 30 41 30 22 25 31 22 28 20 31 148 37 30 29 22 89 37
leaf_count=81 3402 37 26 29 23 30 32 41 27 30 26 21 23 30 41 30 22 25 31 22 28 20 31 148 37 30 29 22 89 37
internal_value=2.0553e-12 0.0011053 0.00198152 0.00228346 0.00377626 0.00525275 0.00179771 0.00132837 -0.000760547 0.000677878 0.000561044 0.000674779 0.000543789 0.00226288 0.00166534 0.000703678 0.00084247 0.00300331 0.000624804 0.000833155 0.00306932 -0.00187542 0.000536676 0.00137114 -2.48632e-05 0.000602802 0.000176863 0.00266523 -0.000529512 0.000898664
internal_weight=4500 1098 360 334 82 59 252 220 68 738 708 682 661 152 122 638 601 55 546 504 59 42 445 179 266 229 199 44 155 66
internal_count=4500 1098 360 334 82 59 252 220 68 738 708 682 661 152 122 638 601 55 546 504 59 42 445 179 266 229 199 44 155 66
is_linear=0
shrinkage=0.1


Tree=27
num_leaves=31
num_cat=0
split_feature=4 4 3 10 7 7 9 10 3 5 10 5 4 8 3 8 3 6 3 7 10 10 9 8 1 7 9 4 7 9
split_gain=0.144022 0.0343349 0.0444637 0.0401019 0.0265448 0.0203248 0.0272941 0.0179756 0.0257253 0.0232468 0.030794 0.0478655 0.0305549 0.0304248 0.0376305 0.024399 0.0303419 0.0224718 0.0449992 0.0194589 0.0419682 0.0481604 0.0444271 0.0357871 0.035269 0.0282344 0.0210498 0.0192516 0.0152053 0.0208356
threshold=0.86320802569389354 0.61835780739784252 1.24092173576355 0.72576701641082775 0.00054410353186535004 0.060164771974086713 1.1362667083740237 0.79206377267837536 0.75033777952194225 0.85106414556503307 0.86277806758880626 0.86692523956298839 0.70140552520751964 0.78593289852142345 1.1778566241264345 0.79043781757354747 0.95561286807060253 0.86238035559654247 0.88259273767471325 0.012973690871149251 1.0061869621276858 0.98431783914566051 0.88955283164978038 0.94717639684677135 72.500000000000014 0.0036146631464361507 0.99467307329177868 0.70140552520751964 0.0099463905207812023 0.93497371673583995
decision_type=2 2 2 2 2 2 2 2 2 2 2 2 2 2 2 2 2 2 2 2 2 2 2 2 2 2 2 2 2 2
left_child=1 2 4 -3 -1 6 7 8 -5 27 11 -11 15 -14 17 16 -12 -15 -19 20 21 22 -20 -22 -24 -26 -21 -9 29 -2
right_child=28 3 -4 5 -6 -7 -8 9 -10 10 12 -13 13 14 -16 -17 -18 18 19 26 23 -23 24 -25 25 -27 -28 -29 -30 -31
leaf_value=0.005432048328830639 -0.0031790238080753224 -0.0038414267171174286 -0.0028614139975979926 0.00035708038679634535 0.0017730724670215919 0.003499838821589947 -0.0020828391632272138 0.00035345048897645693 0.0045339125129273804 0.00020357137144511118 -0.005378723709145561 0.0061124731894009396 0.0039951451793152452 -0.0022470162544777849 0.0034842321507223858 0.000835090501479701 -0.00052285523589460118 0.0040221938581177681 -0.0029180298027183331 -0.0036156330114373797 0.0045788216965798384 -0.0043038516860598557 0.0048216389357112347 -0.00015727921768471048 -0.001834610702694747 0.0028022349365831663 0.00014073480203348612 -0.0039333331561647355 0.00017831787932664155 -0.00038795513604693364
leaf_weight=21 27 20 20 30 355 25 36 22 29 29 22 26 29 32 41 36 31 33 28 26 39 26 25 27 29 24 35 20 510 2847
leaf_count=21 27 20 20 30 355 25 36 22 29 29 22 26 29 32 41 36 31 33 28 26 39 26 25 27 29 24 35 20 510 2847
internal_value=1.13893e-12 0.000985125 0.00173304 0.00057377 0.00197743 0.000699918 0.000596218 0.00074715 0.0024101 0.000577988 0.000754877 0.00299687 0.000499578 0.000877597 0.000629902 -0.0011739 -0.0025385 0.000268705 0.000544401 0.000101285 0.000582391 -0.000447076 0.000498925 0.00264133 0.00172552 0.000265093 -0.00146034 -0.00168788 -0.000324882 -0.000414176
internal_weight=4500 1116 396 720 376 700 675 639 59 580 538 55 483 394 365 89 53 324 292 259 198 132 106 66 78 53 61 42 3384 2874
internal_count=4500 1116 396 720 376 700 675 639 59 580 538 55 483 394 365 89 53 324 292 259 198 132 106 66 78 53 61 42 3384 2874
is_linear=0
shrinkage=0.1


Tree=28
num_leaves=31
num_cat=0
split_feature=6 6 4 7 3 5 6 10 1 7 6 6 1 10 3 5 3 5 5 9 1 7 5 3 9 3 9 8 8 9
split_gain=0.119346 0.0424555 0.0387244 0.0451732 0.0420277 0.0358737 0.0229632 0.0247262 0.0275412 0.0208152 0.0207754 0.0534321 0.0199597 0.057654 0.0487636 0.0309525 0.0404572 0.0314907 0.0810337 0.0293724 0.023917 0.0449269 0.0325063 0.04329 0.0341082 0.0240661 0.048273 0.0229243 0.029151 0.02243
threshold=1.0173810720443728 1.0093125700950625 0.61835780739784252 0.00027628247335080005 1.1754317283630373 0.7620186209678651 1.0029791593551638 1.1229942440986636 77.500000000000014 0.00054410353186535004 0.7706032693386079 0.74123159050941478 71.500000000000014 0.82575479149818432 0.83389073610305797 0.8318290412425996 0.85017859935760509 1.0622181296348574 1.1075508594512942 0.93165165185928356 74.500000000000014 0.0080223348923027012 0.97782075405120861 0.92910850048065197 0.96854943037033092 0.98676964640617371 0.93497371673583995 0.90309017896652233 0.93462753295898449 0.86823660135269176
decision_type=2 2 2 2 2 2 2 2 2 2 2 2 2 2 2 2 2 2 2 2 2 2 2 2 2 2 2 2 2 2
left_child=1 2 4 -4 9 -5 7 8 12 -1 11 -11 13 -7 -15 -14 -17 20 -19 29 21 25 23 -22 -24 26 -18 -21 -29 -16
right_child=-2 -3 3 5 -6 6 -8 -9 -10 10 -12 -13 15 14 19 16 17 18 -20 27 22 -23 24 -25 -26 -27 -28 28 -30 -31
leaf_value=0.0048888435299020445 -0.00031478712879282208 0.0042257625350935598 -0.0040252039694915649 0.0043621204135453574 -0.0024060339145362381 0.0035786427025284086 -0.002148274386833821 0.0033352459845101012 -0.0029038885328918698 0.0016840500781474131 0.0031680000231037262 -0.0032582782034296545 -0.0019666566513478756 -0.0053719163473163337 -0.0006444822079228128 0.0037430580573613349 -0.00034917287689409626 0.0058866760460659865 -0.0012162825991881305 -0.0035102101105793908 -0.0013765912051894704 0.0051059460907708857 -0.0041449313995261224 0.004241736240995427 0.0004296945075371436 -0.0021401119257869394 0.0053160949831917177 0.0018952979923536383 -0.0023527409335864446 0.0022798570166169493
leaf_weight=21 3276 36 23 23 25 35 35 29 25 247 71 24 34 21 51 53 53 36 29 37 32 24 39 24 28 29 21 30 35 54
leaf_count=21 3276 36 23 23 25 35 35 29 25 247 71 24 34 21 51 53 53 36 29 37 32 24 39 24 28 29 21 30 35 54
internal_value=3.74065e-13 0.000842518 0.000739996 0.000342388 0.00155981 0.000471674 0.000352999 0.000474758 0.000354535 0.00183294 0.00164529 0.00124635 0.000477032 -0.0002003 -0.000780401 0.000920162 0.00118688 0.000756791 0.00271766 -0.000314595 0.000246965 0.00120954 -0.000746912 0.00103126 -0.00223315 0.000301637 0.00125854 -0.00152318 -0.000392108 0.000859464
internal_weight=4500 1224 1188 800 388 777 754 719 690 363 342 271 665 263 228 402 368 315 65 207 250 127 123 56 67 103 74 102 65 105
internal_count=4500 1224 1188 800 388 777 754 719 690 363 342 271 665 263 228 402 368 315 65 207 250 127 123 56 67 103 74 102 65 105
is_linear=0
shrinkage=0.1


Tree=29
num_leaves=31
num_cat=0
split_feature=6 6 4 7 3 5 7 8 1 4 3 3 9 5 7 4 6 10 10 3 1 10 1 3 3 4 8 9 7 7
split_gain=0.0966705 0.034389 0.0313667 0.0365903 0.0340424 0.0290577 0.0196479 0.0221188 0.0192046 0.0331603 0.0327278 0.0280028 0.0305208 0.0384892 0.0261403 0.0218639 0.0186002 0.0204882 0.0323084 0.0259356 0.015757 0.0511639 0.0404732 0.0359194 0.0333002 0.0276522 0.0275793 0.0336916 0.0405897 0.0290177
threshold=1.0173810720443728 1.0093125700950625 0.61835780739784252 0.00027628247335080005 1.1754317283630373 0.7620186209678651 0.0096456906758248511 0.99061518907547008 72.500000000000014 0.4141248911619187 0.56350412964820873 1.0226336717605593 0.68773522973060619 0.69564729928970348 0.0018877534312195501 0.50186154246330272 1.0029791593551638 1.1155538558959963 1.0852915644645693 1.0909078121185307 71.500000000000014 0.82575479149818432 74.500000000000014 0.83389073610305797 0.90338486433029186 0.7133130431175233 0.8378141224384309 0.95328354835510265 0.0023390720598399006 0.0035833207657560502
decision_type=2 2 2 2 2 2 2 2 2 2 2 2 2 2 2 2 2 2 2 2 2 2 2 2 2 2 2 2 2 2
left_child=1 2 4 -4 8 -5 7 -2 9 10 -1 12 13 15 -11 -10 17 18 19 20 21 -7 -22 -23 -25 -24 -27 28 -28 -29
right_child=6 -3 3 5 -6 16 -8 -9 11 14 -12 -13 -14 -15 -16 -17 -18 -19 -20 -21 22 23 25 24 -26 26 27 29 -30 -31
leaf_value=0.0022683581141543321 -0.0026022399610115422 0.0038031862971062459 -0.003622683550676574 0.0039259083467819127 -0.0021654305229894819 0.0032207783843789788 0.00021274250942373771 -0.00036600937767550723 0.0015212815676932225 0.0058159048353055758 -0.0019346845074323937 0.0038745346767625408 -0.0023042999233144359 0.0041364353449483008 0.0024355158025398853 -0.002843133632136001 -0.0019334469376397986 0.0026266195555217568 -0.0030283708990152397 0.0039861112670041624 0.0017716686397242093 -0.0048347246467268894 -0.0025818180931354421 0.0015374938949223674 -0.0013754095167054661 0.0022230071172368929 0.00065399244613945486 -0.0014321971063812576 -0.0048018119546274348 0.00319935200255244
leaf_weight=44 45 36 23 23 25 35 642 2589 24 28 32 23 37 28 125 22 35 40 28 20 189 21 41 57 126 52 25 24 30 31
leaf_count=44 45 36 23 23 25 35 642 2589 24 28 32 23 37 28 125 22 35 40 28 20 189 21 41 57 126 52 25 24 30 31
internal_value=-1.60459e-12 0.000758267 0.000665996 0.000308149 0.00140383 0.000424506 -0.000283308 -0.000404214 0.00164964 0.00220604 0.000498656 0.000698785 4.07469e-05 0.00121327 0.00305415 -0.000566047 0.000317699 0.000427282 0.000297719 0.000440777 0.000328405 -0.000311575 0.000718597 -0.000917616 -0.000468112 -0.00026185 0.000325302 -0.000571794 -0.0023219 0.00117831
internal_weight=4500 1224 1188 800 388 777 3276 2634 363 229 76 134 111 74 153 46 754 719 679 651 631 239 392 204 183 203 162 110 55 55
internal_count=4500 1224 1188 800 388 777 3276 2634 363 229 76 134 111 74 153 46 754 719 679 651 631 239 392 204 183 203 162 110 55 55
is_linear=0
shrinkage=0.1


Tree=30
num_leaves=31
num_cat=0
split_feature=9 1 3 8 1 8 5 6 4 8 1 5 7 7 5 5 1 1 7 4 4 5 10 10 3 1 4 4 9 10
split_gain=0.0801325 0.0275795 0.020572 0.0438552 0.0417702 0.0440556 0.0290175 0.0368951 0.037053 0.0328519 0.0621765 0.0339011 0.0216091 0.0222787 0.0188828 0.0172247 0.0170729 0.0286524 0.0556127 0.0534315 0.0165034 0.0144908 0.0137292 0.026994 0.0376664 0.0377154 0.0370692 0.0285562 0.0248568 0.0234988
threshold=1.0388201475143435 59.500000000000007 0.86603510379791271 0.8414306938648225 64.500000000000014 0.79516232013702404 0.85106414556503307 0.76556667685508739 0.67918288707733165 0.65136247873306286 70.500000000000014 0.74819338321685802 0.00096676577231840017 0.00057288049720225008 0.86692523956298839 0.89080452919006359 66.500000000000014 72.500000000000014 0.0019486543606034503 0.54169762134552013 0.4141248911619187 0.97782075405120861 0.94978970289230358 1.0061869621276858 1.015160918235779 73.500000000000014 0.91196510195732128 0.92548081278800975 1.0301030278205874 1.0281819701194765
decision_type=2 2 2 2 2 2 2 2 2 2 2 2 2 2 2 2 2 2 2 2 2 2 2 2 2 2 2 2 2 2
left_child=1 -1 3 4 -3 6 7 8 9 11 -11 16 13 21 -8 -14 -6 18 -18 -19 -20 -4 -17 -24 25 27 29 -25 -28 -26
right_child=-2 2 12 -5 5 -7 14 -9 -10 10 -12 -13 15 -15 -16 22 17 19 20 -21 -22 -23 23 24 26 -27 28 -29 -30 -31
leaf_value=-0.002930981792243464 -0.00026838263342171976 0.0041193289094371725 -0.0014149785414338113 0.0056181203319945125 -0.0016446741767979873 -0.0027696463441702003 0.0053132656127369655 -0.0026419497917716701 0.0047219898253679279 -0.0057500007961477553 0.0010626597454255397 0.0041760153527481154 -0.0022292893945372533 -0.0028057238814653829 0.0013863167241215707 0.0015029449818899062 0.0059822033259219363 0.0017019356732094028 -0.0017236276396683287 -0.0045545782583455248 0.0019848543817975691 0.0023461094480894864 -0.00066299557916472279 0.0023580266428845273 0.0038074307350648776 6.4782748142114046e-05 -0.0026868400005799421 0.0076378254871815451 0.0012498152644737908 0.00069174487759412909
leaf_weight=21 3204 40 20 22 26 33 24 30 25 21 37 34 21 40 25 157 28 39 21 21 28 21 158 21 27 26 53 20 23 234
leaf_count=21 3204 40 20 22 26 33 24 30 25 21 37 34 21 40 25 157 28 39 21 21 28 21 158 21 27 26 53 20 23 234
internal_value=-1.04439e-11 0.000663501 0.000722705 0.00126287 0.00104108 0.000726968 0.00104838 0.000690947 0.00104804 0.000687852 -0.00140399 0.00130372 0.000424002 -0.00112667 0.00330972 0.000593737 0.000704597 0.00115044 0.00242703 -0.000487844 0.000395505 0.000511432 0.00067619 0.000445228 0.000878643 0.00304417 0.000448107 0.00493354 -0.00149548 0.00101406
internal_weight=4500 1296 1275 454 432 392 359 310 280 255 58 197 821 81 49 740 163 137 77 60 49 41 719 562 404 67 337 41 76 261
internal_count=4500 1296 1275 454 432 392 359 310 280 255 58 197 821 81 49 740 163 137 77 60 49 41 719 562 404 67 337 41 76 261
is_linear=0
shrinkage=0.1


Tree=31
num_leaves=31
num_cat=0
split_feature=9 1 1 10 1 1 7 7 10 5 6 3 9 8 5 5 1 7 10 8 10 3 9 9 9 7 1 4 7 7
split_gain=0.0649073 0.0223394 0.0170329 0.0167896 0.0301071 0.0299249 0.0327034 0.0404356 0.0283728 0.0217117 0.0277446 0.03369 0.0322368 0.0257996 0.019605 0.0366541 0.0319173 0.020594 0.0327692 0.0409898 0.0248012 0.0456522 0.0239644 0.0395175 0.0324832 0.0404478 0.0245975 0.0210965 0.0253871 0.0203704
threshold=1.0388201475143435 59.500000000000007 61.500000000000007 0.94978970289230358 65.500000000000014 64.500000000000014 0.00031003452022555002 0.00064740734524090012 0.96701309084892284 0.9398424029350283 0.88407033681869518 0.94423294067382824 0.91175061464309703 0.85140016674995433 1.008858919143677 1.0183883905410769 72.500000000000014 0.0029963469132780504 1.0329584479331972 0.90309017896652233 1.0329584479331972 1.015160918235779 0.87546980381011974 0.92629238963127147 0.96854943037033092 0.017417277209460704 73.500000000000014 0.75268691778182995 0.011119336821138802 0.024061662144958956
decision_type=2 2 2 2 2 2 2 2 2 2 2 2 2 2 2 2 2 2 2 2 2 2 2 2 2 2 2 2 2 2
left_child=1 -1 -3 5 -5 -4 -7 -8 -6 13 11 -11 -12 -9 16 -16 -10 20 19 29 -17 -22 -20 -24 25 -25 -26 -28 -29 -19
right_child=-2 2 3 4 8 6 7 9 14 10 12 -13 -14 -15 15 17 -18 18 22 -21 21 -23 23 24 26 -27 27 28 -30 -31
leaf_value=-0.0026378835889599508 -0.00024154435574999891 0.0034088071319274605 0.004103522402523407 -0.0032390503018784027 -0.0018829690680528682 -0.0025865827031709529 0.0045486948615871365 0.00065629714323828627 0.005014355204999447 0.0061604891851958308 -0.0025137262285820079 0.0010111916844228594 0.0029638604430312463 -0.0029335370748802755 -0.0031324375986254644 -0.0021294629270279851 0.00021197563412809567 -0.00077100235989903398 -0.0021810868655466626 0.0055856710780532136 0.0044438121586360714 -0.001308531835171822 0.0043767408347102233 -0.0054209434613585478 -0.0003118831864734994 0.00061254673916846521 -0.0005391257449942218 0.0014559253477133237 0.0055381214572116739 0.0032140918440468937
leaf_weight=21 3204 22 29 24 51 27 30 429 25 27 21 24 22 21 28 54 31 29 31 31 22 37 27 20 79 25 22 39 25 23
leaf_count=21 3204 22 29 24 51 27 30 429 25 27 21 24 22 21 28 54 31 29 31 31 22 37 27 20 79 25 22 39 25 23
internal_value=1.9008e-12 0.000597151 0.000650434 0.000602003 0.000233899 0.000966017 0.000814624 0.000974611 0.000373049 0.00077751 0.00215977 0.00373729 0.00028876 0.000488772 0.000583007 0.000381214 0.0023559 0.000593245 0.000971249 0.00270748 -0.00058091 0.00083641 0.000433536 0.000775533 0.000312521 -0.002069 0.000962028 0.00213225 0.00305053 0.000991635
internal_weight=4500 1296 1275 1253 623 630 601 574 599 544 94 51 43 450 548 492 56 464 351 83 113 59 268 237 210 45 165 86 64 52
internal_count=4500 1296 1275 1253 623 630 601 574 599 544 94 51 43 450 548 492 56 464 351 83 113 59 268 237 210 45 165 86 64 52
is_linear=0
shrinkage=0.1


Tree=32
num_leaves=31
num_cat=0
split_feature=9 6 4 3 8 8 7 7 7 1 10 7 7 7 7 7 9 4 9 9 1 10 9 1 9 8 7 1 1 7
split_gain=0.0532495 0.0460346 0.0291219 0.0212159 0.0192432 0.0288589 0.0215162 0.0308227 0.0274727 0.0296592 0.0301574 0.0246802 0.0186888 0.0415966 0.0537364 0.0736407 0.0328413 0.0215618 0.0391808 0.0295415 0.0242763 0.0385701 0.0213281 0.0191571 0.0214581 0.0179539 0.0332454 0.0161803 0.0300739 0.0370746
threshold=0.98341387510299694 0.98709169030189525 0.67918288707733165 0.43728958070278173 0.94322636723518383 0.91621616482734691 0.00034317943209310006 0.00062397308647630008 0.0009357790404464502 76.500000000000014 1.1296696662902834 0.00079893265501590016 0.0031442466424777501 0.0039145553018897503 0.0047093734610825508 0.0053287958726286506 0.92629238963127147 0.65235796570777904 0.77240416407585155 0.63075745105743419 73.500000000000014 0.90760022401809703 0.82436060905456554 63.500000000000007 0.90698984265327465 0.80192756652832042 0.0018652969156391502 75.500000000000014 71.500000000000014 0.019777361303567855
decision_type=2 2 2 2 2 2 2 2 2 2 2 2 2 2 2 2 2 2 2 2 2 2 2 2 2 2 2 2 2 2
left_child=1 3 -2 -1 5 6 -5 -8 11 10 12 -9 17 22 -15 -16 23 19 -19 -10 25 -22 -14 -17 27 -20 -27 28 -25 -30
right_child=2 -3 -4 4 -6 -7 7 8 9 -11 -12 -13 13 14 15 16 -18 18 20 -21 21 -23 -24 24 -26 26 -28 -29 29 -31
leaf_value=0.0028883161359570097 0.0023993112322831054 0.004145631891313113 -0.00021935641771419915 -0.0022028123381836661 0.0033385376816361468 -0.0020416949448796612 0.0036623786037155021 0.00019867543689906596 0.0012473322260322878 -0.0013728294341957996 -0.0029479874464284099 -0.0044515496111541455 -0.00021169277218480907 0.0044505189477394413 -0.0053538128221407542 0.0041448203714522115 -0.0013354580452349704 -0.0026035808995366096 0.0048183839703942171 0.0054962321929633616 -0.0032237408244760618 0.0024904457162375805 -0.0038915881155324838 6.0257651299859086e-05 0.0042305858246982101 -0.0014112336793914437 0.0040587626655469644 -0.0017632967982949182 0.0038270840665518336 -0.00011618529985609808
leaf_weight=36 43 36 3431 29 22 48 31 25 36 70 21 21 36 39 20 22 56 25 29 30 21 27 28 129 20 20 25 22 64 38
leaf_count=36 43 36 3431 29 22 48 31 25 36 70 21 21 36 39 20 22 56 25 29 30 21 27 28 129 20 20 25 22 64 38
internal_value=-3.27685e-12 0.000632984 -0.000186943 0.000505251 0.000415324 0.000346321 0.000475987 0.000566847 0.000450389 0.000590792 0.000784936 -0.00192425 0.000899042 0.000549409 0.000919525 0.000548342 0.000884647 0.0016771 0.00100294 0.00317865 0.00174198 -9.5109e-06 -0.00182165 0.00130609 0.00107733 0.00287807 0.00162765 0.000828059 0.00107486 0.00235802
internal_weight=4500 1026 3474 990 954 932 884 855 824 778 708 46 687 474 410 371 351 213 147 66 122 48 64 295 273 74 45 253 231 102
internal_count=4500 1026 3474 990 954 932 884 855 824 778 708 46 687 474 410 371 351 213 147 66 122 48 64 295 273 74 45 253 231 102
is_linear=0
shrinkage=0.1


Tree=33
num_leaves=31
num_cat=0
split_feature=9 1 9 4 3 4 1 3 5 1 5 7 6 6 1 5 8 4 9 3 7 7 6 6 1 8 7 4 8 5
split_gain=0.0434293 0.0194785 0.0128369 0.0189517 0.029647 0.0500165 0.0141056 0.0129976 0.0243811 0.104709 0.0242098 0.023485 0.0149403 0.0280082 0.021371 0.0212349 0.0193477 0.0260887 0.0218144 0.0191886 0.0186594 0.0222064 0.0179036 0.0155436 0.0134866 0.023675 0.017602 0.0180351 0.0365226 0.0333416
threshold=1.0388201475143435 59.500000000000007 1.0328530669212344 0.90825298428535473 0.98676964640617371 0.93501153588294994 61.500000000000007 1.2577652931213381 1.1580399274826052 71.500000000000014 1.1349276900291445 0.03235371224582196 0.98190033435821544 0.92153629660606395 64.500000000000014 1.1014620065689089 0.90309017896652233 0.7982979714870454 0.94445890188217174 0.97394949197769176 0.00031003452022555002 0.00064740734524090012 0.95621088147163402 0.91086682677268993 76.500000000000014 0.7665621042251588 0.0009357790404464502 0.4141248911619187 0.51144495606422435 0.69564729928970348
decision_type=2 2 2 2 2 2 2 2 2 2 2 2 2 2 2 2 2 2 2 2 2 2 2 2 2 2 2 2 2 2
left_child=1 -1 3 6 5 -5 -3 8 10 -10 12 -11 13 14 -8 -14 17 -15 -18 -19 -16 -22 -20 24 26 -26 -23 29 -29 -28
right_child=-2 2 -4 4 -6 -7 7 -9 9 11 -12 -13 15 16 20 -17 18 19 22 -21 21 23 -24 -25 25 -27 27 28 -30 -31
leaf_value=-0.0025323291142870276 -0.00019757929526922872 0.0031985022503206329 0.0023996992761062251 -0.0019944919442588635 -0.0014764541507672484 0.0044840818387456242 0.0033209963930740712 -0.0016718527800403536 0.0083203847298309926 0.0022687004227191212 -0.0026954847306984923 -0.0023711144458502531 0.004017250042344476 0.00072697854976957804 -0.0020447511598467825 -0.00021829439327120784 0.0032306026294827463 -0.00093823764049871415 -0.0026224682438187302 -0.0048547263931611497 0.003444694263603667 -0.001446054008713848 0.0009027546956477798 0.0029671169440849488 0.0010841543715977078 -0.0029565849180879268 -0.0027016317421520077 0.0048191594231563311 0.00081594163794415609 0.0020257262457162146
leaf_weight=21 3204 21 36 22 107 26 31 25 21 20 23 24 29 26 25 20 20 22 25 29 29 37 34 27 29 29 37 24 452 25
leaf_count=21 3204 21 36 22 107 26 31 25 21 20 23 24 29 26 25 20 20 22 25 29 29 37 34 27 29 29 37 24 452 25
internal_value=-1.31509e-12 0.00048846 0.000538214 0.000484127 -0.00055015 0.00151474 0.000632018 0.000581316 0.000635583 0.0025107 0.000510318 -0.000262108 0.000587932 0.000495451 0.000750583 0.00228846 -0.000722967 -0.001851 0.000376506 -0.00316526 0.000638982 0.00073636 -0.000590984 0.000617357 0.000517131 -0.000936215 0.000663729 0.000808826 0.00101778 -0.000795439
internal_weight=4500 1296 1275 1239 155 48 1084 1063 1038 65 973 44 950 901 745 49 156 77 79 51 714 689 59 660 633 58 575 538 476 62
internal_count=4500 1296 1275 1239 155 48 1084 1063 1038 65 973 44 950 901 745 49 156 77 79 51 714 689 59 660 633 58 575 538 476 62
is_linear=0
shrinkage=0.1


Tree=34
num_leaves=31
num_cat=0
split_feature=4 4 1 3 10 4 7 3 10 1 1 10 9 4 4 8 5 10 1 4 7 10 9 7 1 1 1 10 10 5
split_gain=0.0367138 0.0195233 0.0217065 0.0179355 0.0263996 0.0177416 0.0180269 0.0170251 0.016822 0.0338913 0.0161515 0.0142884 0.0157048 0.0149148 0.0130886 0.0170155 0.0128051 0.0183826 0.0303353 0.021927 0.0332218 0.0255699 0.0386162 0.0235688 0.0215186 0.0573675 0.0319394 0.0330711 0.0407453 0.0364872
threshold=0.59984892606735241 1.1207981705665591 60.500000000000007 1.2848006486892702 1.2917481660842898 0.57704636454582225 0.00088496244279660016 1.2609086632728579 1.2854840159416201 73.500000000000014 61.500000000000007 1.3034651875495913 1.1889492869377138 0.93501153588294994 0.92548081278800975 1.1130965948104861 0.72950926423072826 0.94978970289230358 65.500000000000014 0.83491867780685436 0.00098765292204910037 0.92675948143005382 0.85695326328277599 0.0033267741091549002 68.500000000000014 70.500000000000014 72.500000000000014 0.84447503089904796 0.79206377267837536 0.91290843486785889
decision_type=2 2 2 2 2 2 2 2 2 2 2 2 2 2 2 2 2 2 2 2 2 2 2 2 2 2 2 2 2 2
left_child=5 2 -2 7 8 6 -1 16 9 -5 -8 -6 13 -13 -14 -16 -4 18 -18 21 -21 22 24 -24 -20 -26 -27 28 -28 -29
right_child=1 -3 3 4 11 -7 10 -9 -10 -11 -12 12 14 -15 15 -17 17 -19 19 20 -22 -23 23 -25 25 26 27 29 -30 -31
leaf_value=0.0030696983127078662 -0.0027181323430138745 -0.00033851102552454569 -0.0023742990523931526 -0.00072025771012469654 -0.0016585970210144297 0.0030746705105735199 0.0031025433097966017 -0.0013561876469053503 0.0049134668894112114 0.00407939973520115 0.00028555681394530386 0.0043283969047479337 -0.0016994916771848998 0.00046642881818115712 0.0031593040732497517 0.00016324851614334723 0.0042664017599157019 -4.0129317464724859e-05 0.0030156086809162439 0.00018462160458931556 0.0056057427404448395 0.0028131340443382437 -0.00092870044122849197 -0.0052319983625784515 -0.0036799300377341835 0.0034750803984147875 0.0010474622715264559 0.0047651993979040226 -0.0041672995474574901 -0.0010181001760065555
leaf_weight=30 27 1746 21 31 32 36 22 86 20 28 272 20 30 20 22 137 23 1560 29 26 20 33 35 20 33 37 31 24 29 20
leaf_count=30 27 1746 21 31 32 36 22 86 20 28 272 20 30 20 22 137 23 1560 29 26 20 33 35 20 33 37 31 24 29 20
internal_value=2.86802e-12 -8.42286e-05 0.000101225 0.000133385 0.000805503 0.000968629 0.000734625 2.06475e-05 0.00240715 0.00155755 0.000496352 0.000320714 0.000597299 0.00239741 0.000216323 0.000577797 8.1651e-05 0.000108513 0.000752629 0.000512817 0.00254163 0.000192111 -0.000143136 -0.00249354 0.000493672 7.33489e-05 0.000951776 5.40618e-05 -0.00147301 0.00213643
internal_weight=4500 4140 2394 2367 340 360 324 2027 79 59 294 261 229 40 189 159 1941 1920 360 337 46 291 258 55 203 174 141 104 60 44
internal_count=4500 4140 2394 2367 340 360 324 2027 79 59 294 261 229 40 189 159 1941 1920 360 337 46 291 258 55 203 174 141 104 60 44
is_linear=0
shrinkage=0.1


Tree=35
num_leaves=31
num_cat=0
split_feature=4 8 3 4 1 3 10 7 1 7 8 7 7 10 1 6 6 1 3 9 7 5 8 4 8 6 8 3 10 7
split_gain=0.0297382 0.0164689 0.017525 0.0158139 0.0175823 0.0145278 0.0213837 0.0146318 0.0269884 0.0226326 0.0216747 0.0175468 0.0223091 0.0136258 0.027452 0.0130401 0.0348102 0.0237183 0.0416838 0.0507294 0.0359733 0.0572742 0.0260243 0.0272932 0.0216663 0.0257157 0.0181897 0.0162631 0.0400346 0.0568972
threshold=0.59984892606735241 0.79516232013702404 1.1754317283630373 1.1207981705665591 60.500000000000007 1.2848006486892702 1.2917481660842898 0.026093821972608556 71.500000000000014 0.021437942981719905 0.80192756652832042 0.019777361303567855 0.018692233599722354 1.2854840159416201 73.500000000000014 1.0173810720443728 1.0093125700950625 70.500000000000014 0.75033777952194225 0.92629238963127147 0.0035014206077903002 0.9452863633632661 0.67290034890174877 0.65756079554557811 0.90309017896652233 0.98709169030189525 0.97186508774757396 0.86603510379791271 0.84447503089904796 0.0015711885062045501
decision_type=2 2 2 2 2 2 2 2 2 2 2 2 2 2 2 2 2 2 2 2 2 2 2 2 2 2 2 2 2 2
left_child=1 2 -1 4 -2 7 13 9 -9 11 -10 12 15 14 -7 16 17 18 -6 20 -20 -22 -19 -24 -21 -26 -17 28 29 -25
right_child=3 -3 -4 -5 5 6 -8 8 10 -11 -12 -13 -14 -15 -16 26 -18 22 19 24 21 -23 23 27 25 -27 -28 -29 -30 -31
leaf_value=0.00087978929590028221 -0.0024463191818169978 0.0035228801891207698 -0.0021720262733288111 -0.00030465994119848995 -0.0042657928807394848 -0.00064823193327268405 0.00028864275771139681 0.0014649046696722508 7.321164858612147e-06 0.0025236866260702549 -0.0039767569479105683 -0.0026602749479934574 0.0033828719006851319 0.0044221201166510585 0.0036714597871260984 -0.0022086409386247396 0.0037444105644806706 0.0039495325858958747 0.0029407895779852773 -0.0048118063470437419 -0.0035850916828574805 0.0032722486268279942 -0.0028547031591491154 -0.0032354830667890352 0.00064383427545960459 -0.0036605887408570751 -0.0001109844916195513 0.00026842683054247187 0.0039160944634995367 0.0027163647865462636
leaf_weight=318 27 22 20 1746 28 31 261 25 22 37 36 24 20 20 28 43 29 22 59 21 29 21 24 29 35 23 1070 348 46 36
leaf_count=318 27 22 20 1746 28 31 261 25 22 37 36 24 20 20 28 43 29 22 59 21 29 21 24 29 35 23 1070 348 46 36
internal_value=-1.30417e-11 0.000871766 0.000699208 -7.58058e-05 9.11029e-05 0.000120047 0.000724952 1.85827e-05 -0.00128168 7.40981e-05 -0.00246555 2.65707e-05 6.08162e-05 0.00216643 0.00140179 2.51527e-05 0.000347446 0.000210813 -0.000666173 -0.000130059 0.00126841 -0.000705009 0.00058592 0.000432712 -0.00205959 -0.00106309 -0.000192026 0.000604603 0.00165856 6.0925e-05
internal_weight=4500 360 338 4140 2394 2367 340 2027 83 1944 58 1907 1883 79 59 1863 750 721 216 188 109 50 505 483 79 58 1113 459 111 65
internal_count=4500 360 338 4140 2394 2367 340 2027 83 1944 58 1907 1883 79 59 1863 750 721 216 188 109 50 505 483 79 58 1113 459 111 65
is_linear=0
shrinkage=0.1


Tree=36
num_leaves=31
num_cat=0
split_feature=4 3 5 7 7 7 1 9 8 9 3 3 7 7 10 5 3 10 6 5 10 7 7 7 3 4 3 3 8 7
split_gain=0.0243079 0.0224822 0.0370752 0.0202458 0.0420874 0.0265996 0.0249276 0.0188737 0.0245796 0.027807 0.0170486 0.0216807 0.0142171 0.0139298 0.0301641 0.0253626 0.0140181 0.0243628 0.0241475 0.0290801 0.02497 0.0246787 0.0624372 0.0365392 0.0309917 0.0238968 0.0193351 0.0419051 0.0172897 0.0123705
threshold=0.72763484716415416 1.3274870514869692 1.2533563375473025 0.00034317943209310006 0.00088496244279660016 0.0012401944259181001 76.500000000000014 0.80306425690650951 0.79516232013702404 0.84953877329826366 0.83389073610305797 0.85770463943481456 0.0018652969156391502 0.038295567035675007 1.0700294375419619 1.1580399274826052 0.56350412964820873 0.72576701641082775 0.69650825858116161 0.80974960327148449 0.82575479149818432 0.0089293317869305004 0.017086490988731304 0.0056506409309803511 0.95561286807060253 0.65756079554557811 0.63327601552009594 0.68480515480041515 0.41726118326187139 0.0049966415390371504
decision_type=2 2 2 2 2 2 2 2 2 2 2 2 2 2 2 2 2 2 2 2 2 2 2 2 2 2 2 2 2 2
left_child=1 2 3 -1 -5 -6 12 -2 9 -9 -10 -12 -7 14 16 -15 28 26 -19 -20 -21 23 25 -22 -24 -23 -18 -28 -14 -13
right_child=7 -3 -4 4 5 6 -8 8 10 -11 11 29 13 15 -16 -17 17 18 19 20 21 22 24 -25 -26 -27 27 -29 -30 -31
leaf_value=-0.002196274533867836 -0.0028923683625180275 0.003777616848016069 -0.003679993577645205 0.0040231206266778631 -0.0029122632864693352 0.0029374564741738145 -0.001767411029431969 0.0048975045715148255 -0.0029470756993673387 -0.00031257053837180143 0.0029709752471915084 -0.00025257740225751981 0.00027716621795358755 0.00058876260882243523 -0.0033318555098958316 0.0043921928714822844 -0.0036790632896802644 0.0036459233478776049 -0.0026131672999606687 0.0035017216236155947 0.00091560773551464076 0.0069017696456285197 -0.0029954610954456289 -0.0044498801749961623 0.0011966568871220162 0.0020133319369051608 0.0025503800530848955 -0.0032582339668727439 0.0039992535307716865 0.00012213422594448695
leaf_weight=25 24 21 21 36 22 30 40 21 21 20 23 2295 24 50 20 27 22 28 26 32 30 20 29 22 45 20 27 23 26 1430
leaf_count=25 24 21 21 36 22 30 40 21 21 20 23 2295 24 50 20 27 22 28 26 32 30 20 29 22 45 20 27 23 26 1430
internal_value=-8.18141e-14 0.000557643 0.000452806 0.000591891 0.000708258 0.000496296 0.000634906 -9.68675e-05 -7.9258e-05 0.002356 -0.000105749 -8.98294e-05 0.000826708 0.000692265 0.000451852 0.00192243 0.000654189 0.000413686 0.000877193 0.000531102 0.000943986 0.000450928 0.00127441 -0.00135441 -0.0004462 0.00445755 -0.00120859 -0.000121582 0.00221265 -0.000108728
internal_weight=4500 666 645 624 599 563 541 3834 3810 41 3769 3748 501 471 394 77 374 324 252 224 198 166 114 52 74 40 72 50 50 3725
internal_count=4500 666 645 624 599 563 541 3834 3810 41 3769 3748 501 471 394 77 374 324 252 224 198 166 114 52 74 40 72 50 50 3725
is_linear=0
shrinkage=0.1


Tree=37
num_leaves=31
num_cat=0
split_feature=4 4 1 7 7 10 4 5 4 4 7 1 10 5 3 7 3 5 7 6 7 10 4 5 9 5 1 9 9 9
split_gain=0.0224177 0.0157393 0.0424868 0.0289619 0.0492656 0.0172872 0.0617694 0.0377401 0.0273886 0.0389623 0.0187525 0.0494711 0.0387958 0.0350446 0.0189349 0.0146557 0.0253298 0.0271559 0.01349 0.0615152 0.0177359 0.0157977 0.0118353 0.0104848 0.048146 0.0162172 0.0189568 0.0158109 0.0326802 0.0190128
threshold=0.3555774986743927 1.1207981705665591 58.500000000000007 0.00018502432067175003 0.00027628247335080005 0.79206377267837536 0.67918288707733165 0.8318290412425996 0.4141248911619187 0.44855819642543798 0.0025948199909179505 69.500000000000014 0.73993930220603954 0.69564729928970348 0.68480515480041515 0.0015907837660051002 0.85770463943481456 0.9398424029350283 0.0019486543606034503 1.062268137931824 0.0020087313605472007 1.0329584479331972 0.89828380942344677 0.97234070301055919 0.88955283164978038 1.0041081905364992 71.500000000000014 0.74258172512054454 0.78135651350021373 0.81764185428619396
decision_type=2 2 2 2 2 2 2 2 2 2 2 2 2 2 2 2 2 2 2 2 2 2 2 2 2 2 2 2 2 2
left_child=-1 2 -2 -4 -5 6 8 -7 -6 -10 11 -11 14 -13 -12 16 -9 -18 19 21 -20 -17 -19 24 27 26 -25 -22 -29 -30
right_child=1 -3 3 4 5 7 -8 15 9 10 12 13 -14 -15 -16 18 17 22 20 -21 23 -23 -24 25 -26 -27 -28 28 29 -31
leaf_value=0.0020252429770254011 -0.0042499193530106411 -0.00025857224764957391 0.003861746479136249 -0.0046909294989226124 -0.0019452481793287475 -0.0036992574952399502 0.0059049273365298699 0.0022868649475276471 0.004822059010115007 -0.004334026446565986 0.0017094839747490672 -0.0010126284457429493 0.0044372989763987476 0.0039205780912501117 -0.0023520865011960271 0.0023949740011067616 -0.0037860755364548557 0.001448053359214602 -0.0027870938437990845 -0.00084792281377990292 0.0024617826965238369 0.0063220075797289612 -0.00068788614026573682 0.00085513693213995024 0.0048178326269542734 0.00018288186930104274 -0.0029254466422975788 -0.0035072265348086752 0.0022236793740587528 -0.00037801780130349125
leaf_weight=54 22 1746 21 21 39 26 23 30 23 25 24 36 29 24 22 21 27 29 20 53 28 20 246 21 27 1659 36 24 43 81
leaf_count=54 22 1746 21 21 39 26 23 30 23 25 24 36 29 24 22 21 27 29 20 53 28 20 246 21 27 1659 36 24 43 81
internal_value=5.51291e-12 -2.45981e-05 0.000126705 0.00016266 0.000133423 0.000171857 0.000971869 8.98817e-05 0.000460787 0.000973548 0.000420325 -0.000596605 0.00157285 0.000960654 -0.000233006 0.000131538 -0.000484471 -0.00075977 0.000232136 0.00140207 0.000175419 0.0043106 -0.000462642 0.000206295 0.000885895 0.000125899 -0.0015326 0.0002827 -0.000129559 0.000524184
internal_weight=4500 4446 2700 2678 2657 2636 245 2391 222 183 160 85 75 60 46 2365 332 302 2033 94 1939 41 275 1919 203 1716 57 176 148 124
internal_count=4500 4446 2700 2678 2657 2636 245 2391 222 183 160 85 75 60 46 2365 332 302 2033 94 1939 41 275 1919 203 1716 57 176 148 124
is_linear=0
shrinkage=0.1


Tree=38
num_leaves=31
num_cat=0
split_feature=4 4 1 7 7 1 3 4 10 6 5 7 9 8 8 5 5 9 10 7 4 4 5 5 9 10 6 3 3 8
split_gain=0.0181583 0.0127488 0.0344143 0.0234592 0.0399051 0.0149964 0.0235089 0.0539898 0.022194 0.047999 0.0193182 0.0167452 0.0265352 0.0387541 0.0132267 0.0334321 0.024377 0.0354523 0.0229794 0.0309724 0.0200211 0.0357219 0.018702 0.0360947 0.0330634 0.0124183 0.0441394 0.021258 0.0243097 0.0234024
threshold=0.3555774986743927 1.1207981705665591 58.500000000000007 0.00018502432067175003 0.00027628247335080005 68.500000000000014 0.81133779883384716 0.52870705723762523 0.59164258837699901 0.61516183614730846 0.62314611673355114 0.010906889103353001 1.1889492869377138 0.82509356737136852 0.63188374042510997 0.7620186209678651 0.80974960327148449 0.75425267219543468 0.84447503089904796 0.0016894520958885002 0.52870705723762523 0.56893253326416027 0.91290843486785889 0.90092146396636974 0.83323627710342418 1.3810368776321413 1.2478213906288149 1.3501172661781313 1.3163002729415896 1.0627754330635075
decision_type=2 2 2 2 2 2 2 2 2 2 2 2 2 2 2 2 2 2 2 2 2 2 2 2 2 2 2 2 2 2
left_child=-1 2 -2 -4 -5 6 7 10 -7 -10 -6 -8 13 -13 20 -16 -17 -18 19 -19 -11 -22 23 24 -20 27 -27 28 -24 -30
right_child=1 -3 3 4 5 8 11 -9 9 14 -12 12 -14 -15 15 16 17 18 22 -21 21 -23 25 -25 -26 26 -28 -29 29 -31
leaf_value=0.0018227187219491934 -0.0038249274239536717 -0.00023271502497022439 0.0034755717918631582 -0.0042218365839549474 0.0018328661099076271 -0.0027049555888816971 -0.00015263722457438782 0.004781190194359913 0.0036024624677865134 0.00062445575022138664 -0.0023578356189483951 -0.00023977425164328173 -0.00078140993473223513 0.0038812877974388274 0.0034964587240080749 -0.0027654798235744239 0.0033107720237846175 -0.0050357799178787641 0.0028721789992414417 4.460757398711784e-05 -0.0057841894798912113 -6.1859881194929286e-05 -6.5915675011507771e-05 0.0049117306895230129 -0.0028090314055416025 0.0052795707597397268 -0.00026339396432626484 -0.0019858928041701965 0.004738099370151759 0.00066665302098651116
leaf_weight=54 22 1746 21 21 22 29 251 41 38 32 22 39 45 55 28 31 33 21 20 28 20 24 1619 23 21 20 51 55 20 48
leaf_count=54 22 1746 21 21 22 29 251 41 38 32 22 39 45 55 28 31 33 21 20 28 20 24 1619 23 21 20 51 55 20 48
internal_value=5.28235e-12 -2.21383e-05 0.000114035 0.000146394 0.000120081 0.000154671 0.000663418 0.00217035 4.28459e-05 8.02221e-05 -0.000262485 0.000334985 0.00121551 0.00217149 1.63037e-05 6.50772e-05 1.67965e-05 6.08244e-05 5.13989e-06 -0.0021327 -0.00127876 -0.00266292 6.09493e-05 0.001741 -3.77093e-05 1.64262e-06 0.001298 -5.11942e-05 1.18814e-05 0.00186414
internal_weight=4500 4446 2700 2678 2657 2636 475 85 2161 2132 44 390 139 94 2094 2018 1990 1959 1926 49 76 44 1877 64 41 1813 71 1742 1687 68
internal_count=4500 4446 2700 2678 2657 2636 475 85 2161 2132 44 390 139 94 2094 2018 1990 1959 1926 49 76 44 1877 64 41 1813 71 1742 1687 68
is_linear=0
shrinkage=0.1


Tree=39
num_leaves=31
num_cat=0
split_feature=4 10 10 5 4 6 6 6 8 6 10 3 9 9 5 8 6 7 10 4 7 3 8 6 1 9 3 7 8 3
split_gain=0.0155882 0.0142007 0.0125804 0.0142485 0.0322152 0.0251055 0.0193048 0.0315155 0.0182452 0.0448332 0.0229749 0.0176482 0.0121868 0.0268616 0.0145195 0.0158492 0.0206001 0.0340208 0.0120252 0.0123586 0.0410318 0.0345563 0.0307221 0.0246431 0.0150992 0.0139197 0.0132904 0.0174404 0.0361465 0.0260851
threshold=0.59984892606735241 0.73993930220603954 0.7678477168083192 0.8318290412425996 0.67918288707733165 0.77975338697433483 0.80106201767921459 0.81718167662620556 0.77324163913726818 0.83152276277542125 0.88955050706863414 1.0226336717605593 0.86823660135269176 0.85695326328277599 0.93446904420852672 0.80192756652832042 0.89855700731277477 0.0055822744034230007 1.1567329764366152 0.55135551095008861 0.017842333763837755 1.0226336717605593 0.60400334000587474 0.61516183614730846 72.500000000000014 0.57889950275421154 0.43728958070278173 0.0015145817887969001 0.49432547390460974 0.56350412964820873
decision_type=2 2 2 2 2 2 2 2 2 2 2 2 2 2 2 2 2 2 2 2 2 2 2 2 2 2 2 2 2 2
left_child=18 -2 -3 4 -4 -5 -7 -8 11 -10 -11 -9 13 -12 -14 -16 17 -17 19 21 22 23 -21 25 -25 26 -1 -28 29 -29
right_child=1 2 3 5 -6 6 7 8 9 10 12 -13 14 -15 15 16 -18 -19 -20 20 -22 -23 -24 24 -26 -27 27 28 -30 -31
leaf_value=0.0018685056417084792 -0.0020051974098424653 0.0021991071626544 0.00062929223834847414 0.003065889855273641 -0.0048049134435132149 -0.0023898420576006175 0.0031450222066092878 0.003956089883947491 -0.0048032607790082695 0.0029062026464648973 0.000580173684284091 0.00022719225584296512 0.0020635960274375978 -0.0044307894795201719 0.0023385975212376151 -0.0050087975126437171 -6.7953244931649769e-05 0.00068983783945441256 -0.0017518100189045074 0.00094159875578921418 -0.0015714453645050528 0.0032981084556215341 0.0055060868384316569 -0.0004171135562767343 -0.0034626104034638653 0.0025936909971157242 -0.0030552412464749067 0.0013500870033484799 0.0038758431561291221 -0.0033285459539351553
leaf_weight=34 37 25 24 26 20 35 31 22 20 26 23 30 32 20 27 22 3700 20 20 29 25 36 30 41 27 30 20 22 20 26
leaf_count=34 37 25 24 26 20 35 31 22 20 26 23 30 32 20 27 22 3700 20 20 29 25 36 30 41 27 30 20 22 20 26
internal_value=-6.9846e-12 -5.48836e-05 -3.72961e-05 -5.10063e-05 -0.0018408 -3.14844e-05 -5.15772e-05 -3.09783e-05 -5.59545e-05 -8.08284e-05 -5.6423e-05 0.0018048 -7.64616e-05 -0.00175051 -5.75234e-05 -7.55324e-05 -9.29513e-05 -0.00229516 0.000631161 0.000771336 0.00182384 0.000425982 0.00326252 -4.40021e-05 -0.00162635 0.000663893 0.000189352 -0.000459412 0.000304067 -0.00118417
internal_weight=4500 4140 4103 4078 44 4034 4008 3973 3942 3890 3870 52 3844 43 3801 3769 3742 42 360 340 84 256 59 220 68 152 122 88 68 48
internal_count=4500 4140 4103 4078 44 4034 4008 3973 3942 3890 3870 52 3844 43 3801 3769 3742 42 360 340 84 256 59 220 68 152 122 88 68 48
is_linear=0
shrinkage=0.1


Tree=40
num_leaves=31
num_cat=0
split_feature=4 1 5 9 9 4 7 6 10 10 4 5 7 7 7 3 7 9 6 3 10 4 7 7 8 3 10 9 7 7
split_gain=0.013695 0.00989564 0.0216039 0.0121637 0.0125552 0.0118571 0.0271899 0.017352 0.0191226 0.0178402 0.0156369 0.0309182 0.0389181 0.025443 0.0257001 0.0234613 0.0216187 0.0210049 0.0187764 0.0172881 0.0131179 0.0131092 0.0113815 0.0125097 0.011078 0.0241441 0.0348643 0.0223787 0.0184101 0.0202388
threshold=0.3555774986743927 58.500000000000007 1.289610028266907 1.0388201475143435 1.0328530669212344 0.95927363634109508 0.0010733254603109501 1.0093125700950625 1.1588879823684695 1.1229942440986636 0.4141248911619187 0.62314611673355114 0.00027628247335080005 0.00062397308647630008 0.00096676577231840017 0.85770463943481456 0.00082032789941875012 0.60005059838294994 0.53668823838233959 1.1178749203681948 1.1488504409790041 0.91933268308639537 0.0010733254603109501 0.0012401944259181001 0.58493858575820934 0.68480515480041515 0.73993930220603954 0.71077436208724987 0.031203378923237254 0.017417277209460704
decision_type=2 2 2 2 2 2 2 2 2 2 2 2 2 2 2 2 2 2 2 2 2 2 2 2 2 2 2 2 2 2
left_child=-1 2 -2 4 5 7 -7 8 9 10 18 -12 -13 15 16 -14 -15 -16 -3 22 21 -9 -19 -24 -25 -26 -27 -28 29 -29
right_child=1 3 -4 -5 -6 6 -8 20 -10 -11 11 12 13 14 17 -17 -18 19 -20 -21 -22 -23 23 24 25 26 27 28 -30 -31
leaf_value=0.0015829311058580603 -0.003964286301052198 -0.003125915210694075 -0.00019186992893025043 -0.00010338660576428383 0.0021075418451800944 0.0013316183461852017 -0.0035062748473137619 -0.00091274769067586881 -0.0024970892861557125 0.0030026379486788879 0.0031941050844865719 -0.0040893950721337686 0.0049224061976102275 -0.00026270134517289992 0.0030319642948193684 0.00019008822389878334 -0.0042820659916564495 0.0026509271655231715 0.00077279192794646543 -0.0019454610275311604 0.0038591868984936316 0.0026645512040704492 -0.0018795912830952416 -0.0015062427301018033 0.0032733287811944527 -0.0033878301978111265 0.0035529426129704174 0.00037444205536783836 0.0027232661950013911 -0.0016245438534367299
leaf_weight=54 20 30 63 3131 36 21 26 21 26 23 35 21 22 32 27 20 23 20 21 36 22 20 27 32 28 25 22 530 30 56
leaf_count=54 20 30 63 3131 36 21 26 21 26 23 35 21 22 32 27 20 23 20 21 36 22 20 27 32 28 25 22 530 30 56
internal_value=-6.53704e-12 -1.92259e-05 -0.00110089 1.35119e-06 0.000267531 0.000212146 -0.00134466 0.000275828 0.000182229 0.000247948 0.000186851 0.000275166 0.000167739 0.000263868 0.000150115 0.00266892 -0.00194353 0.000288351 -0.00152057 0.000196443 0.00188929 0.000832276 0.000296584 0.000233802 0.000312725 0.000396961 0.000275485 0.000419032 0.000307107 0.000183413
internal_weight=4500 4446 83 4363 1232 1196 47 1149 1086 1060 1037 986 951 930 888 42 55 833 51 806 63 41 770 750 723 691 663 638 616 586
internal_count=4500 4446 83 4363 1232 1196 47 1149 1086 1060 1037 986 951 930 888 42 55 833 51 806 63 41 770 750 723 691 663 638 616 586
is_linear=0
shrinkage=0.1


Tree=41
num_leaves=31
num_cat=0
split_feature=3 5 3 4 1 5 6 8 10 5 1 1 7 5 3 3 7 3 5 1 7 7 6 7 1 8 4 8 5 4
split_gain=0.0116666 0.00962555 0.0154385 0.00856 0.0180751 0.0105312 0.0223915 0.0348334 0.0173172 0.0299866 0.0235204 0.0621914 0.0345053 0.0471756 0.0104171 0.0249487 0.0204575 0.0183536 0.0175015 0.0174484 0.0110998 0.00950477 0.0446676 0.0130429 0.00866711 0.0104172 0.031325 0.0121157 0.0159075 0.0405011
threshold=0.43728958070278173 0.55937355756759655 0.56350412964820873 1.1207981705665591 58.500000000000007 0.69564729928970348 0.61516183614730846 0.49432547390460974 0.79206377267837536 0.8318290412425996 68.500000000000014 70.500000000000014 0.0022624630946665504 0.78282994031906139 0.85770463943481456 0.83389073610305797 0.0024384830612689005 0.81133779883384716 0.87618136405944835 71.500000000000014 0.0015907837660051002 0.0018652969156391502 1.062268137931824 0.0022252263734116504 61.500000000000007 0.59208679199218761 0.52870705723762523 0.67290034890174877 0.9452863633632661 0.73891380429267894
decision_type=2 2 2 2 2 2 2 2 2 2 2 2 2 2 2 2 2 2 2 2 2 2 2 2 2 2 2 2 2 2
left_child=-1 -2 -3 4 -4 6 7 -6 10 -10 -7 -12 -13 -14 15 17 -17 19 -16 -11 -20 22 -22 -23 -25 -26 -27 -28 29 -29
right_child=1 2 3 -5 5 8 -8 -9 9 14 11 12 13 -15 18 16 -18 -19 20 -21 21 23 -24 24 25 26 27 28 -30 -31
leaf_value=0.0017929886829935841 -0.0020117281046016918 0.002257178043946624 -0.0029011960214484138 -0.00019113616407118132 -0.0032865794841200114 0.0035709102133599426 -0.0037322114391083066 0.0019449684915265868 -0.0032885593915125359 -0.0013113177136983723 -0.0038402572087943552 0.0044152222617412917 -0.0025687960666362889 0.0038390322588384151 -0.0028662559529766441 0.0051862126169726257 0.0011092415865277872 -0.002783380934270099 -0.00043598812523906906 0.0026879819672709954 0.0042633258303006486 -0.0010361418704137166 -0.00081444437183984895 0.0020598113235319035 -0.0014989043404865596 0.0031809729044990883 -0.0021729250851256605 -0.00052509788729366853 0.00013108587888889352 0.004846774954348803
leaf_weight=36 24 30 20 1746 20 33 22 35 26 20 25 32 27 20 20 20 32 20 325 24 30 88 41 25 36 35 22 32 1609 25
leaf_count=36 24 30 20 1746 20 33 22 35 26 20 25 32 27 20 20 20 32 20 325 24 30 88 41 25 36 35 22 32 1609 25
internal_value=3.25235e-12 -1.44596e-05 -3.66354e-06 -1.90434e-05 9.37471e-05 0.000116402 -0.00103593 4.25874e-05 0.000150967 8.92958e-05 0.00124485 0.000506768 0.00188241 0.000157939 0.000125828 0.00105032 0.00267731 -0.0002716 7.8957e-05 0.000870118 0.000104929 0.000195407 0.00133109 0.000152333 0.000210957 0.00018468 0.000219857 0.000158459 0.000189246 0.00183099
internal_weight=4500 4464 4440 4410 2664 2644 77 55 2567 2430 137 104 79 47 2404 116 52 64 2288 44 2268 1943 71 1872 1784 1759 1723 1688 1666 57
internal_count=4500 4464 4440 4410 2664 2644 77 55 2567 2430 137 104 79 47 2404 116 52 64 2288 44 2268 1943 71 1872 1784 1759 1723 1688 1666 57
is_linear=0
shrinkage=0.1


Tree=42
num_leaves=31
num_cat=0
split_feature=4 7 3 9 10 10 10 10 10 5 8 4 10 5 5 5 6 9 6 4 7 5 5 3 5 4 10 10 5 6
split_gain=0.0100111 0.00742209 0.0142238 0.0205138 0.0148473 0.0127737 0.0126572 0.0286629 0.0128111 0.0193971 0.0128866 0.0195664 0.0125197 0.0335686 0.0270949 0.0222495 0.0135545 0.0440068 0.0262 0.0253216 0.0170951 0.0226099 0.032927 0.031574 0.0144332 0.0292575 0.0243565 0.0107886 0.0102261 0.0101929
threshold=0.3555774986743927 0.0026896541239693505 0.6525249481201173 0.5603003501892091 0.70715510845184337 0.79206377267837536 0.84447503089904796 0.86277806758880626 0.88421604037284862 0.93446904420852672 0.59208679199218761 0.52870705723762523 0.92675948143005382 0.97234070301055919 0.99925225973129284 1.008858919143677 0.95231756567955028 0.98341387510299694 0.98709169030189525 0.809278964996338 0.0067669758573174017 1.0526530146598818 1.0314970612525942 1.0909078121185307 1.0878289341926577 0.84859099984169017 1.0778362154960635 0.82575479149818432 0.78282994031906139 1.1093112230300906
decision_type=2 2 2 2 2 2 2 2 2 2 2 2 2 2 2 2 2 2 2 2 2 2 2 2 2 2 2 2 2 2
left_child=-1 -2 3 -3 -4 28 27 -8 -9 -10 -11 -12 -13 -14 -15 -16 20 18 19 -18 -17 22 -22 -23 25 -19 -26 -7 -6 -28
right_child=1 2 4 -5 5 6 7 8 9 10 11 12 13 14 15 16 17 24 -20 -21 21 23 -24 -25 26 -27 29 -29 -30 -31
leaf_value=0.0013533865381894564 -0.00017963762514897224 -0.00045451060383735852 -0.00253338637677106 0.0034978513894923808 0.00024492011538573675 -0.00025963630593780964 0.0037571133402664035 -0.0023019624836034262 0.0023111050660525891 -0.00227140334318392 0.0027858124007112705 -0.0019688625639725115 0.0033778195090902346 -0.00287848336101888 0.0032163476608481935 -0.0036517499107867482 0.0038660534514929168 -0.0015786180019495078 0.0046114927353036982 -0.00055033407375417853 -0.0010442074853926897 -0.0043117509180403968 0.0042683356348425152 0.00013684107659336849 -0.0028838294930756091 0.0031257060792249367 -0.00047664085395808802 -0.0032580589210348468 0.003365683484645117 9.621692228381738e-05
leaf_weight=54 1713 24 22 29 21 28 21 23 38 24 26 31 30 32 22 20 20 20 31 37 28 27 20 39 30 39 384 21 21 1625
leaf_count=54 1713 24 22 29 21 28 21 23 38 24 26 31 30 32 22 20 20 20 31 37 28 27 20 39 30 39 384 21 21 1625
internal_value=2.47706e-13 -1.64379e-05 8.5853e-05 0.0017081 5.37712e-05 7.51849e-05 4.74078e-05 7.77981e-05 4.74503e-05 6.88678e-05 3.45801e-05 5.70684e-05 2.79319e-05 5.36809e-05 1.16741e-05 5.11639e-05 2.11492e-05 8.09939e-05 0.00227176 0.000999276 -0.000955124 -0.000482031 0.00116935 -0.00168304 -1.08972e-05 0.00153102 -5.55137e-05 -0.00154467 0.0018053 -1.3279e-05
internal_weight=4500 4446 2733 53 2680 2658 2616 2567 2546 2523 2485 2461 2435 2404 2374 2342 2320 2186 88 57 134 114 48 66 2098 59 2039 49 42 2009
internal_count=4500 4446 2733 53 2680 2658 2616 2567 2546 2523 2485 2461 2435 2404 2374 2342 2320 2186 88 57 134 114 48 66 2098 59 2039 49 42 2009
is_linear=0
shrinkage=0.1


Tree=43
num_leaves=31
num_cat=0
split_feature=4 8 9 5 6 10 4 8 4 10 5 6 6 4 6 6 1 7 5 7 9 7 3 4 10 10 10 9 4 9
split_gain=0.00866423 0.0243902 0.0221518 0.0179625 0.0175804 0.0242176 0.0141152 0.027278 0.0310074 0.0121538 0.0129841 0.0260334 0.0282716 0.0257113 0.0239982 0.0136475 0.0113098 0.00649732 0.0174479 0.0103404 0.039593 0.0194726 0.0637145 0.0133281 0.0163933 0.0171729 0.0216296 0.0337491 0.0210406 0.0159247
threshold=0.44855819642543798 0.55397137999534618 0.61659356951713573 0.69564729928970348 0.67788630723953258 0.73993930220603954 0.4141248911619187 0.49432547390460974 0.37432800233364105 0.7678477168083192 0.8318290412425996 0.78600874543190014 0.80106201767921459 0.67918288707733165 0.81718167662620556 0.7706032693386079 66.500000000000014 0.0050711133517324014 0.96523198485374462 0.0046566741075366007 1.0823579430580141 0.004387079970911101 1.0835576653480532 0.78270077705383312 0.88955050706863414 0.90760022401809703 0.92675948143005382 0.91658815741539013 0.87552303075790416 0.94445890188217174
decision_type=2 2 2 2 2 2 2 2 2 2 2 2 2 2 2 2 2 2 2 2 2 2 2 2 2 2 2 2 2 2
left_child=6 -2 -3 -4 -5 -6 7 8 16 -7 13 15 -13 -11 -14 -12 -1 19 -19 21 -21 23 -23 -16 -25 -26 -27 -28 29 -29
right_child=1 2 3 4 5 9 -8 -9 -10 10 11 12 14 -15 17 -17 -18 18 -20 20 -22 22 -24 24 25 26 27 28 -30 -31
leaf_value=0.0020908656944003371 -0.002581781873831878 0.0029067616408260969 -0.0026414148187121518 0.0021363271498366409 -0.0032602903028221236 0.0021488463416552313 0.002478006234418394 0.003246758983510992 -0.003680110445323711 8.8145562580653602e-05 0.00081881979739086496 -0.0029936634789919482 0.0026761019136756661 -0.004406484749633819 -0.0020023679097281081 0.003662661321599175 -0.00065052631946266911 0.0025111274545391404 7.6990273570118009e-05 -0.0049851170807544681 -0.00021291469629522008 0.0058869688650188242 -0.00033293410930943131 0.0026672595895693772 -0.0028581428544028949 0.0026499902663220253 -0.0037999947667121886 0.0041628326289355755 -0.00014901257084207515 0.00017225119459908457
leaf_weight=27 37 26 26 38 23 26 36 23 24 35 45 32 33 20 38 27 34 30 1600 21 101 23 58 21 23 28 25 20 1980 20
leaf_count=27 37 26 26 38 23 26 36 23 24 35 45 32 33 20 38 27 34 30 1600 21 101 23 58 21 23 28 25 20 1980 20
internal_value=-2.54756e-12 -2.52288e-05 -3.3273e-06 -2.09519e-05 -4.98468e-06 -2.42256e-05 0.00076317 0.000191558 -0.000635143 -6.52957e-06 -1.99362e-05 4.14844e-07 -3.30687e-05 -0.00154627 -9.50766e-06 0.00188526 0.000562877 -3.17306e-05 0.00012179 -0.000137854 -0.00103436 -8.89392e-05 0.00143321 -0.000146152 -0.000112833 -0.000140687 -0.000110537 -0.000148334 -0.00010314 0.00216754
internal_weight=4500 4356 4319 4293 4267 4229 144 108 85 4206 4180 4125 4053 55 4021 72 61 3988 1630 2358 122 2236 81 2155 2117 2096 2073 2045 2020 40
internal_count=4500 4356 4319 4293 4267 4229 144 108 85 4206 4180 4125 4053 55 4021 72 61 3988 1630 2358 122 2236 81 2155 2117 2096 2073 2045 2020 40
is_linear=0
shrinkage=0.1


Tree=44
num_leaves=31
num_cat=0
split_feature=8 9 9 1 8 8 4 3 3 7 6 9 10 7 6 6 6 6 8 1 9 3 1 9 1 3 10 6 6 9
split_gain=0.00830638 0.0108178 0.0217959 0.00986766 0.00839379 0.00547326 0.0128416 0.00673269 0.0184583 0.0265706 0.0220052 0.0177038 0.0199451 0.02522 0.00904044 0.0281309 0.0271157 0.0193207 0.0116984 0.0261796 0.0236664 0.0236394 0.0203879 0.0112377 0.0283216 0.0132475 0.0128361 0.0198434 0.0195721 0.00871145
threshold=0.4633566290140152 0.5603003501892091 0.60005059838294994 65.500000000000014 0.41726118326187139 0.58493858575820934 0.46828868985176086 0.6525249481201173 0.71956121921539318 0.0018022464355453504 0.69650825858116161 0.72291535139083873 0.79206377267837536 0.0016173180192708503 0.80106201767921459 0.78600874543190014 0.7706032693386079 0.81718167662620556 0.77324163913726818 70.500000000000014 0.83323627710342418 0.84005746245384227 74.500000000000014 0.86823660135269176 70.500000000000014 0.88259273767471325 0.91353476047515869 0.87679344415664684 0.89485260844230663 0.92629238963127147
decision_type=2 2 2 2 2 2 2 2 2 2 2 2 2 2 2 2 2 2 2 2 2 2 2 2 2 2 2 2 2 2
left_child=3 -2 -3 -1 -5 6 -4 -7 9 -9 -10 -12 13 -13 15 16 -14 -16 19 -19 -20 -22 -21 24 -23 -25 -27 -28 -29 -30
right_child=1 2 5 4 -6 7 -8 8 10 -11 11 12 14 -15 17 -17 -18 18 20 22 21 23 -24 25 -26 26 27 28 29 -31
leaf_value=0.0025505011849519281 -0.0018513543052904426 0.0026801492738498687 0.00061880314378472785 -0.00076686053037909531 0.0015560706516095837 0.0014323995332233609 -0.0026553269457072022 0.00036439134094577572 0.0028997925110161304 -0.0041565481071861891 -0.0026715923009905966 0.0047307159088086342 -0.0013947450528143063 -0.00029123235028237103 0.0023732341772462382 -0.0033551596471983374 0.0026671484233466566 0.004313732532318682 -0.0034757220279425386 -0.0018091491577381801 0.0031017857293287915 -0.0042317731718702076 0.0020069765966452126 0.0021406758505950817 0.00049199805915122851 -0.0023009265437722208 0.0031140074599534276 -0.0028908051919036854 0.0010482494156914639 -4.7705053737433297e-05
leaf_weight=27 32 30 23 35 28 32 25 26 26 26 25 20 42 20 34 33 27 20 20 28 24 22 28 28 30 25 20 24 74 3646
leaf_count=27 32 30 23 35 28 32 25 26 26 26 25 20 42 20 34 33 27 20 20 28 24 22 28 28 30 25 20 24 74 3646
internal_value=2.81014e-13 -1.94089e-05 -6.01874e-06 0.000951038 0.000265553 -2.45526e-05 -0.00108647 -1.26986e-05 -2.35334e-05 -0.00189608 -4.37509e-07 -1.84342e-05 -2.50884e-06 0.00221974 -2.40579e-05 -0.00095379 0.000194692 -4.85323e-07 -2.07176e-05 0.00120808 -4.45838e-05 -2.69565e-05 9.89137e-05 -4.63646e-05 -0.00150652 -2.64725e-05 -4.24873e-05 -2.74871e-05 -4.42686e-05 -2.59038e-05
internal_weight=4500 4410 4378 90 63 4348 48 4300 4268 52 4216 4190 4165 40 4125 102 69 4023 3989 76 3913 3893 56 3869 52 3817 3789 3764 3744 3720
internal_count=4500 4410 4378 90 63 4348 48 4300 4268 52 4216 4190 4165 40 4125 102 69 4023 3989 76 3913 3893 56 3869 52 3817 3789 3764 3744 3720
is_linear=0
shrinkage=0.1


Tree=45
num_leaves=31
num_cat=0
split_feature=7 3 7 3 10 4 5 6 7 5 7 7 1 7 9 4 8 4 8 6 6 6 8 9 3 3 10 9 1 3
split_gain=0.00742585 0.0172902 0.0103761 0.0156589 0.00788826 0.0445574 0.0196109 0.0121756 0.0216144 0.0161237 0.0246246 0.0207977 0.0108246 0.0206624 0.0197264 0.00821881 0.0196522 0.0165094 0.0170516 0.0234677 0.0163083 0.0207098 0.00868073 0.0189983 0.0193379 0.0154547 0.0153256 0.0146467 0.0165496 0.0108352
threshold=0.00018502432067175003 1.0835576653480532 0.00027628247335080005 1.1374908685684206 0.79206377267837536 0.67918288707733165 0.8318290412425996 0.69650825858116161 0.0024991024984046006 0.69564729928970348 0.0031442466424777501 0.008272694423794703 72.500000000000014 0.0015145817887969001 0.57889950275421154 0.39798876643180853 0.59208679199218761 0.52870705723762523 0.65136247873306286 0.77975338697433483 0.80106201767921459 0.81718167662620556 0.77324163913726818 0.83323627710342418 0.84005746245384227 1.0226336717605593 1.0800506472587588 0.86823660135269176 70.500000000000014 0.88259273767471325
decision_type=2 2 2 2 2 2 2 2 2 2 2 2 2 2 2 2 2 2 2 2 2 2 2 2 2 2 2 2 2 2
left_child=1 -1 3 -2 5 7 -6 9 -9 12 -11 -12 14 -14 -4 -8 -17 -18 -19 -20 -21 -22 25 -24 -25 -23 -27 28 -26 -29
right_child=2 -3 4 -5 6 -7 15 8 -10 10 11 -13 13 -15 -16 16 17 18 19 20 21 22 23 24 27 26 -28 29 -30 -31
leaf_value=0.0034986847825348374 -0.0036121776280924681 -0.00020678087363622209 -0.00041110309932453488 -8.5846216910902195e-05 -0.0027703938074409963 0.0047307286674723682 0.0019123417928560893 -0.0037899433297570798 0.00085918871220201263 0.0043457839314056486 -0.0014442461509523649 0.0025239856131374838 -0.0037644031590649061 0.00049050121381878848 0.0027746410037462529 -0.0028787852750004582 0.002123164070589054 -0.0028699736144127594 0.0028719086748813945 -0.0021520681666313776 0.0025196522918122357 0.0031949515462063416 -0.0031281499133910986 0.0027916070112648113 -0.0038085958073762333 -0.0020248273891047574 0.0018430829979479313 0.0019266083641144049 -0.00014347233684800035 -4.7991108808441012e-05
leaf_weight=20 20 34 77 34 26 23 22 20 20 23 28 25 21 25 26 24 36 21 28 36 32 23 20 24 22 20 21 28 28 3693
leaf_count=20 20 34 77 34 26 23 22 20 20 23 28 25 21 25 26 24 36 21 28 36 32 23 20 24 22 20 21 28 28 3693
internal_value=5.8337e-13 0.00116561 -1.41573e-05 -0.00139189 2.78214e-06 0.000508685 -3.27198e-05 0.000142243 -0.00146538 0.000428043 0.00161334 0.000427561 -0.000176538 -0.00145196 0.000393065 -1.52653e-05 -2.57207e-05 -8.73822e-06 -2.79445e-05 -1.29301e-05 -3.33951e-05 -1.38931e-05 -3.47937e-05 -5.41696e-05 -3.79694e-05 0.00112019 -4.37026e-05 -5.59778e-05 -0.00175613 -3.31325e-05
internal_weight=4500 54 4446 54 4392 288 4104 265 40 225 76 53 149 46 103 4078 4056 4032 3996 3975 3947 3911 3879 3815 3795 64 41 3771 50 3721
internal_count=4500 54 4446 54 4392 288 4104 265 40 225 76 53 149 46 103 4078 4056 4032 3996 3975 3947 3911 3879 3815 3795 64 41 3771 50 3721
is_linear=0
shrinkage=0.1


Tree=46
num_leaves=31
num_cat=0
split_feature=3 1 3 1 7 1 7 3 5 6 6 8 8 7 9 8 10 6 7 10 10 10 10 5 10 5 7 9 5 8
split_gain=0.0071489 0.00696408 0.0173077 0.00925335 0.006083 0.0122073 0.0101323 0.0151368 0.00768762 0.0113746 0.0291682 0.0127417 0.0127553 0.0130735 0.0328288 0.0177842 0.0176767 0.010641 0.00969937 0.00943985 0.0183972 0.0295179 0.0142885 0.0300569 0.0134988 0.0135598 0.00753885 0.0370381 0.0311 0.016711
threshold=0.43728958070278173 58.500000000000007 1.2010243535041811 59.500000000000007 0.00018502432067175003 72.500000000000014 0.00027628247335080005 1.1393684148788454 0.55937355756759655 0.74123159050941478 0.71887913346290599 0.66124105453491222 0.64249685406684887 0.0033267741091549002 0.61659356951713573 0.49432547390460974 0.70715510845184337 0.75712105631828319 0.017086490988731304 0.81540432572364818 0.84447503089904796 0.86277806758880626 0.88421604037284862 0.91290843486785889 0.90271115303039562 0.93446904420852672 0.0050711133517324014 0.91658815741539013 0.96523198485374462 0.89895203709602367
decision_type=2 2 2 2 2 2 2 2 2 2 2 2 2 2 2 2 2 2 2 2 2 2 2 2 2 2 2 2 2 2
left_child=-1 2 -2 -3 5 -5 7 -6 -8 10 11 12 13 14 -10 18 -17 -11 -15 -19 -21 -22 -23 -24 -25 -26 27 -27 -28 -29
right_child=1 3 -4 4 6 -7 8 -9 9 17 -12 -13 -14 15 -16 16 -18 19 -20 20 21 22 23 24 25 26 28 29 -30 -31
leaf_value=0.0014035380419550672 -0.0034823366551427169 0.0020514824395914647 -9.9230138397204785e-05 0.0026589274927973747 -0.0035623444814700633 -0.00043590924514529225 -0.0019088816562933581 -7.5901088756368022e-05 0.00097823050502385657 -0.001743088199550079 0.0034349928652359684 -0.0020982891897715276 0.0028220916610388531 -0.0020336313570927206 -0.0036584852478252008 0.0040111147426068784 0.00062144733412424109 0.0016945497845881619 0.00094816172553692014 -0.0021910772599184362 0.0030651366871391095 -0.0022837790386152587 0.0031906215253723631 -0.0023570686019957067 0.002207286776629863 -0.0030364160171963955 0.0035520239016757563 0.0026368437229063024 6.5209756690139806e-05 -0.00013386430337768021
leaf_weight=36 20 22 62 25 20 26 21 33 37 36 33 21 21 24 26 25 40 32 20 39 31 28 29 25 27 44 26 22 1584 2065
leaf_count=36 20 22 62 25 20 26 21 33 37 36 33 21 21 24 26 25 40 32 20 39 31 28 29 25 27 44 26 22 1584 2065
internal_value=-2.54659e-12 -1.13189e-05 -0.000924378 5.76714e-06 -4.55527e-06 0.00108117 -1.74056e-05 -0.00139154 -2.93448e-07 9.17063e-06 0.000667694 0.000240961 0.000495491 0.000211429 -0.000935335 0.000874237 0.00192517 -3.16155e-05 -0.000678271 -1.60252e-05 -2.99891e-05 -8.2724e-06 -3.30193e-05 -1.65302e-05 -4.1051e-05 -2.56847e-05 -4.18008e-05 -0.000165191 0.000121519 -0.000104657
internal_weight=4500 4464 82 4382 4360 51 4309 53 4256 4235 247 214 193 172 63 109 65 3988 44 3952 3920 3881 3850 3822 3793 3768 3741 2131 1610 2087
internal_count=4500 4464 82 4382 4360 51 4309 53 4256 4235 247 214 193 172 63 109 65 3988 44 3952 3920 3881 3850 3822 3793 3768 3741 2131 1610 2087
is_linear=0
shrinkage=0.1


Tree=47
num_leaves=31
num_cat=0
split_feature=8 8 5 5 6 4 10 7 1 10 5 4 10 7 8 8 6 6 1 1 1 10 6 1 6 9 5 8 3 9
split_gain=0.00613094 0.00975026 0.0159473 0.0116503 0.0121865 0.0272598 0.0183139 0.00887478 0.00784794 0.00734393 0.0119087 0.0266768 0.0114775 0.00693038 0.0228914 0.00661191 0.0229806 0.0186173 0.0113361 0.0317901 0.010935 0.0121156 0.00895553 0.0252819 0.0224248 0.0121408 0.0142686 0.00892466 0.00817735 0.0144141
threshold=0.4633566290140152 0.53224349021911632 0.64103659987449657 0.69564729928970348 0.67788630723953258 0.56893253326416027 0.73993930220603954 0.010256124660372701 65.500000000000014 0.7678477168083192 0.8318290412425996 0.67918288707733165 0.82575479149818432 0.0032551061594858007 0.41726118326187139 0.70440104603767406 0.80106201767921459 0.84844717383384716 68.500000000000014 72.500000000000014 70.500000000000014 0.99367192387580883 0.87128576636314403 73.500000000000014 0.88407033681869518 0.9004652500152589 1.0041081905364992 0.78003862500190746 0.89085969328880321 0.92629238963127147
decision_type=2 2 2 2 2 2 2 2 2 2 2 2 2 2 2 2 2 2 2 2 2 2 2 2 2 2 2 2 2 2
left_child=8 7 -3 -4 5 -5 -6 -2 -1 -8 11 -11 -12 -10 -15 20 -17 18 -18 -20 -14 -22 23 -19 -24 26 -26 -27 -29 -30
right_child=1 2 3 4 6 -7 9 -9 13 10 12 -13 15 14 -16 16 17 22 19 -21 21 -23 24 -25 25 27 -28 28 29 -31
leaf_value=0.002243474610494795 -0.00028918680909555404 0.002685430328446356 -0.001780628480923337 -0.00066382705699652433 -0.0028300254403249079 0.0042696369368405568 0.0016749195790348146 -0.0028982783329080455 0.0016890228049652207 0.00016736557267399299 0.0019255977544573048 -0.0043876970605924732 0.0023637875491159879 -0.0027618472367810848 0.0019126474757649706 -0.0025050304540609187 0.0035600778496882412 -0.0029880908835265372 -0.0018423826191932538 0.0027464651196270201 0.0011372007216726031 -0.0019481457045185382 0.0025072045589539424 0.00087498149223392836 -0.0031508274755820084 0.0019081867911154406 7.1063793231067914e-05 -0.0018288795016705992 0.0015231339018403865 -3.952561216618003e-05
leaf_weight=27 32 22 37 24 23 21 26 22 21 36 31 20 31 22 20 37 20 36 26 36 35 20 35 32 27 24 28 25 60 3644
leaf_count=27 32 22 37 24 23 21 26 22 21 36 31 20 31 22 20 37 20 36 26 36 35 20 35 32 27 24 28 25 60 3644
internal_value=1.38389e-12 -1.66747e-05 -1.1926e-07 -1.37515e-05 1.46248e-06 0.00163846 -1.58622e-05 -0.00135215 0.000817062 -5.57023e-07 -1.09216e-05 -0.00145944 8.63883e-06 0.000205743 -0.000535897 -5.79891e-06 -2.43139e-05 -1.327e-06 0.00148991 0.00082211 0.00086182 1.52566e-05 -3.2593e-05 -0.00117017 -1.2464e-05 -3.56227e-05 -0.00151059 -1.40071e-05 -2.63785e-05 -1.42126e-05
internal_weight=4500 4410 4356 4334 4297 45 4252 54 90 4229 4203 56 4147 63 42 4116 4030 3993 82 62 86 55 3911 68 3843 3808 55 3753 3729 3704
internal_count=4500 4410 4356 4334 4297 45 4252 54 90 4229 4203 56 4147 63 42 4116 4030 3993 82 62 86 55 3911 68 3843 3808 55 3753 3729 3704
is_linear=0
shrinkage=0.1


Tree=48
num_leaves=31
num_cat=0
split_feature=4 7 7 10 8 8 10 3 5 4 3 6 6 10 8 5 9 1 10 6 9 4 1 9 5 7 7 7 7 9
split_gain=0.00541557 0.0137387 0.0177806 0.00943046 0.0429358 0.0128222 0.0273313 0.0454835 0.0382435 0.0152614 0.0362139 0.0236375 0.0203911 0.01575 0.0150426 0.0144516 0.0140871 0.0131237 0.0222115 0.0165344 0.033153 0.0251012 0.0383263 0.015388 0.0452737 0.0238695 0.0307011 0.0316318 0.0263582 0.0135936
threshold=1.1207981705665591 0.00018502432067175003 0.00034317943209310006 1.3896487951278689 1.0846133232116701 1.0798364877700808 1.3199795484542851 1.3163002729415896 1.2605268955230715 1.0392067432403567 1.1123292446136477 1.1573694944381716 1.1970921754837038 1.279316306114197 0.92270421981811535 1.2724533677101137 1.1340269446372988 76.500000000000014 1.2061078548431399 0.7706032693386079 0.91658815741539013 0.91196510195732128 77.500000000000014 0.9869733750820161 1.1580399274826052 0.00060197280254210004 0.0009357790404464502 0.00079893265501590016 0.0010733254603109501 0.99467307329177868
decision_type=2 2 2 2 2 2 2 2 2 2 2 2 2 2 2 2 2 2 2 2 2 2 2 2 2 2 2 2 2 2
left_child=1 -1 -3 5 -5 6 7 8 17 10 -7 -12 13 15 -10 -13 -16 18 23 -19 -21 22 -22 24 25 -4 27 -27 -28 -25
right_child=-2 2 3 4 -6 9 -8 -9 14 -11 11 12 -14 -15 16 -17 -18 19 -20 20 21 -23 -24 29 -26 26 28 -29 -30 -31
leaf_value=0.0025211620185038321 -0.00013777663934450994 -0.0021408495153688516 0.0026852427283301952 0.0051735482046206017 -0.00021166009746753333 0.0050522364143814362 -0.0032362911367306009 0.0039681407581416096 -0.0043312047227201137 0.00011856629732618851 -0.00061097839420818419 0.0033466997383921233 -6.4318216940824019e-05 0.0049152349432309474 0.00057872997969388965 0.00010420789143868856 -0.0023384145404003105 0.0018350317507334379 0.0025426090770476577 -0.0038910587932067839 0.0028166420076476328 -0.0014776820961484001 -0.0020260203325261294 -0.0024631147433457705 0.0036487561865494803 -0.00033791611462624541 0.0038054439052939413 -0.0051508853804658758 0.00012660520768391901 -0.00023839562841527782
leaf_weight=23 1746 36 36 20 57 21 27 28 22 538 83 27 47 21 25 28 49 23 37 33 44 95 26 29 39 36 20 22 743 519
leaf_count=23 1746 36 36 20 57 21 27 28 22 538 83 27 47 21 25 28 49 23 37 33 44 95 26 29 39 36 20 22 743 519
internal_value=1.64954e-12 8.73486e-05 6.68514e-05 9.63421e-05 0.0011871 6.42611e-05 -7.79356e-05 -3.12348e-05 -9.35165e-05 0.000408693 0.00109631 0.000693031 0.00157297 0.00258551 -0.00203542 0.00169598 -0.00135289 1.60152e-05 0.000123282 -0.00070282 -0.000997621 -0.000418934 0.00101794 6.12913e-05 0.000316587 0.000164948 5.44362e-05 -0.00216353 0.000223036 -0.000356127
internal_weight=4500 2754 2731 2695 77 2618 1853 1826 1798 765 227 206 123 76 96 55 74 1702 1481 221 198 165 70 1444 896 857 821 58 763 548
internal_count=4500 2754 2731 2695 77 2618 1853 1826 1798 765 227 206 123 76 96 55 74 1702 1481 221 198 165 70 1444 896 857 821 58 763 548
is_linear=0
shrinkage=0.1


Tree=49
num_leaves=31
num_cat=0
split_feature=1 6 5 6 7 10 7 7 3 7 4 7 5 3 8 9 1 7 7 7 3 6 9 10 10 10 4 10 10 8
split_gain=0.00478806 0.00516605 0.0219844 0.0145883 0.0165128 0.0187499 0.0125104 0.011359 0.0103661 0.0102163 0.00977017 0.00963707 0.00921302 0.0243677 0.0204181 0.0210205 0.00898186 0.012637 0.0357272 0.0219424 0.0244201 0.0112856 0.0304667 0.0175619 0.0124126 0.00963717 0.00859005 0.0083764 0.00798841 0.00994808
threshold=53.500000000000007 1.1970921754837038 1.3675627112388613 1.1746768951416018 0.0051757590845227007 1.2543715238571169 0.00018502432067175003 0.00034317943209310006 0.9188903272151947 0.00039256479067260007 0.93855378031730652 0.031203378923237254 1.2605268955230715 1.3163002729415896 0.92270421981811535 1.1162511110305788 76.500000000000014 0.0009357790404464502 0.0010114145115949003 0.00086380296852435012 0.69994342327117931 0.7706032693386079 0.91658815741539013 1.0329584479331972 1.0700294375419619 1.2255610227584841 1.0001688003540041 1.279316306114197 1.1424507498741152 1.0949202179908755
decision_type=2 2 2 2 2 2 2 2 2 2 2 2 2 2 2 2 2 2 2 2 2 2 2 2 2 2 2 2 2 2
left_child=-1 2 3 6 -5 -6 -2 8 -8 -9 -3 -12 16 14 -14 -16 17 19 -19 20 -11 -18 -23 -24 -25 -20 -17 -7 -26 -30
right_child=1 10 -4 4 5 27 7 9 -10 12 11 -13 13 -15 15 26 21 18 25 -21 -22 22 23 24 28 -27 -28 -29 29 -31
leaf_value=-0.0014716484292875975 0.0021784891999022176 -0.0022107061337340961 0.0027923622867092493 0.00019135286484015524 0.0044373997780696858 -0.00036245633576375744 -0.0032278824952386674 0.0022530621103942394 -8.5825438977086126e-05 0.0026129316519945861 -0.00011648070572501686 0.0018999930451779317 -0.0042498591178584668 0.001515482335879996 0.0020828090375289324 -0.0025139459040622383 0.0016515285120872053 0.0043135529029227444 0.00012740533753588138 -0.0036257893894799057 -0.00079153829941407908 -0.0035019530023970278 0.0022483405023813251 -0.0028028555584817452 0.00044075978102151264 0.0019995590414120155 -0.00050324056369607296 0.0021834689591612136 -0.0017651898545425451 0.00018872775084067446
leaf_weight=22 26 22 30 128 23 24 21 20 21 25 1900 24 21 37 20 43 23 21 1527 22 134 33 25 22 83 28 42 28 57 48
leaf_count=22 26 22 30 128 23 24 21 20 21 25 1900 24 21 37 20 43 23 21 1527 22 134 33 25 22 83 28 42 28 57 48
internal_value=-4.43757e-12 7.23007e-06 0.000101392 6.91265e-05 0.000881732 0.00205998 -2.62598e-06 -2.75749e-05 -0.00165685 3.09728e-06 -0.000115287 -9.13272e-05 -1.72552e-05 -0.000740821 -0.00140339 -0.000834091 4.03333e-05 0.000125561 0.000216447 -0.000665802 -0.000256244 -0.000474252 -0.000656689 -0.000257141 -0.000555413 0.000161116 -0.00152042 0.00100843 -0.000292414 -0.00087197
internal_weight=4500 4478 2532 2502 203 75 2299 2273 42 2231 1946 1924 2211 163 126 105 2048 1757 1576 181 159 291 268 235 210 1555 85 52 188 105
internal_count=4500 4478 2532 2502 203 75 2299 2273 42 2231 1946 1924 2211 163 126 105 2048 1757 1576 181 159 291 268 235 210 1555 85 52 188 105
is_linear=0
shrinkage=0.1


Tree=50
num_leaves=31
num_cat=0
split_feature=4 9 4 8 8 6 9 5 3 5 3 6 5 4 6 6 4 6 3 3 5 9 6 6 3 10 6 9 5 6
split_gain=0.00438808 0.00543641 0.00454425 0.0212524 0.0171907 0.0171796 0.0142295 0.0121195 0.0107097 0.0272055 0.0214159 0.0115317 0.00902921 0.04871 0.0241732 0.0223275 0.0169118 0.0120334 0.00874971 0.00488603 0.0104517 0.0128358 0.0047815 0.00913521 0.0205474 0.0108021 0.0072752 0.0247056 0.0210295 0.0153382
threshold=0.3555774986743927 0.4281361997127533 0.4141248911619187 0.49432547390460974 0.55397137999534618 0.53668823838233959 0.61659356951713573 0.69564729928970348 0.69994342327117931 0.7620186209678651 0.73492592573165905 0.69650825858116161 0.8318290412425996 0.67121952772140514 0.78600874543190014 0.80106201767921459 0.60763913393020641 0.81718167662620556 0.56350412964820873 0.83389073610305797 0.91290843486785889 0.8626782000064851 0.83985057473182689 0.87128576636314403 0.92910850048065197 0.92675948143005382 0.95231756567955028 0.98341387510299694 1.1580399274826052 0.91658806800842296
decision_type=2 2 2 2 2 2 2 2 2 2 2 2 2 2 2 2 2 2 2 2 2 2 2 2 2 2 2 2 2 2
left_child=1 -1 5 -4 18 -2 -6 -8 9 -9 -10 -12 13 -13 16 -16 -14 -17 -5 -19 21 -21 -22 24 -24 -25 29 28 -28 -27
right_child=2 -3 3 4 6 -7 7 8 10 -11 11 12 14 -15 15 17 -18 19 -20 20 22 -23 23 25 -26 26 27 -29 -30 -31
leaf_value=-7.0844178221055441e-05 -0.0025179904109487936 0.001937264121639041 0.0030321229836377112 -0.00055672375136055056 0.002250694175433767 0.0010715405742909448 -0.0021634349671120828 0.0040177724604621877 -0.0025511666229276948 -0.0010781928710639477 0.0024018049566075211 -0.0038563700378290381 0.00053661429816489364 0.0019708468148914669 -0.0026920706544431949 0.0019037077866607543 0.0037755061406642199 -0.0013544167150501853 -0.0034792888854142459 0.0030955372756579893 0.0013847547738502423 -0.00021037130095267104 -0.0036042802643192853 0.0017896887549961158 0.00018265660184720457 0.0003603830075614193 0.00060774949534485746 -4.2721477177746121e-05 0.0035588819900471153 -0.0013262532101527644
leaf_weight=28 30 26 23 20 28 24 26 22 33 20 20 32 38 26 31 33 28 27 21 24 24 23 23 33 38 96 90 3457 33 123
leaf_count=28 30 26 23 20 28 24 26 22 33 20 20 32 38 26 31 33 28 27 21 24 24 23 23 33 38 96 90 3457 33 123
internal_value=-2.04648e-12 0.000896023 -1.08829e-05 3.27299e-07 -1.56332e-05 -0.000922643 3.67334e-06 -1.09584e-05 2.13572e-06 0.00159112 -1.3634e-05 6.30851e-06 -5.15594e-06 -0.00124417 1.22823e-05 -1.86166e-05 0.00191069 1.97909e-06 -0.00205365 -1.37456e-05 -4.61384e-06 0.00147775 -2.24007e-05 -3.10757e-05 -0.0012452 -1.17485e-05 -2.73967e-05 6.83028e-06 0.00139952 -0.000586906
internal_weight=4500 54 4446 4392 4369 54 4328 4300 4274 42 4232 4199 4179 58 4121 4055 66 4024 41 3991 3964 47 3917 3893 61 3832 3799 3580 123 219
internal_count=4500 54 4446 4392 4369 54 4328 4300 4274 42 4232 4199 4179 58 4121 4055 66 4024 41 3991 3964 47 3917 3893 61 3832 3799 3580 123 219
is_linear=0
shrinkage=0.1


Tree=51
num_leaves=31
num_cat=0
split_feature=3 5 5 10 6 4 4 4 8 1 6 6 3 7 5 3 3 4 5 5 8 4 8 4 8 4 10 4 4 4
split_gain=0.00411254 0.00572288 0.00977089 0.0143861 0.0129601 0.00772802 0.0249919 0.00856535 0.006673 0.0297083 0.0141003 0.0093714 0.0076562 0.0205229 0.0183433 0.00971665 0.0208608 0.0176176 0.0103073 0.00889593 0.0184333 0.00529491 0.00742935 0.0244787 0.0187931 0.0127553 0.0133712 0.00620527 0.0541208 0.0200809
threshold=0.43728958070278173 0.55937355756759655 0.62314611673355114 0.634300857782364 0.61516183614730846 0.47936786711215978 0.39798876643180853 0.52870705723762523 0.63188374042510997 72.500000000000014 0.69650825858116161 0.71887913346290599 0.7749808430671693 0.0018022464355453504 0.8318290412425996 0.85017859935760509 0.83389073610305797 0.77013820409774791 0.87618136405944835 0.91290843486785889 0.79516232013702404 0.57704636454582225 0.80192756652832042 0.70745140314102184 0.82509356737136852 0.63414499163627636 1.0281819701194765 0.77013820409774791 0.78757351636886608 0.809278964996338
decision_type=2 2 2 2 2 2 2 2 2 2 2 2 2 2 2 2 2 2 2 2 2 2 2 2 2 2 2 2 2 2
left_child=-1 -2 -3 -4 -5 6 -6 -7 9 -9 -10 -12 13 -13 -14 16 17 -16 -17 20 -20 -21 23 25 -24 -23 -27 -26 -29 -30
right_child=1 2 3 4 5 7 -8 8 10 -11 11 12 14 -15 15 18 -18 -19 19 21 -22 22 24 -25 27 26 -28 28 29 -31
leaf_value=0.0010645341386811601 -0.0015486213310699291 0.0016639736042790383 -0.0020935701109313716 0.0018917594247290657 0.0016778771622921341 0.0016318620822858066 -0.0027096674075929097 0.00075619708125789962 0.0022012737997133157 -0.0040551772030691302 -0.0021185688053568202 0.003301301993429661 -0.0027173907719552515 -0.00049714706273693032 0.0016205382948417382 -0.0020066601797365225 0.0029673485099064078 -0.0023377168997698885 -0.0008187201588456943 -0.0013720635164143711 0.0030807593981821645 0.0013262086943723263 -0.0027717625051736834 0.0029752768848889644 -0.00073766031603002529 -0.0030747983100974873 0.00049779753881921355 0.0045482970210007174 -0.0020007609449071337 -2.2672815508591689e-06
leaf_weight=36 24 35 33 36 20 32 37 33 29 21 21 25 25 33 23 26 34 22 22 29 27 30 25 35 117 22 20 26 51 3551
leaf_count=36 24 35 33 36 20 32 37 33 29 21 21 25 25 33 23 26 34 22 22 29 27 30 25 35 117 22 20 26 51 3551
internal_value=-2.34718e-12 -8.58496e-06 -2.60434e-07 -1.34836e-05 2.21693e-06 -1.34712e-05 -0.00117018 1.93719e-06 -1.03439e-05 -0.00111489 3.8812e-06 -1.14225e-05 -7.41768e-07 0.00114012 -1.694e-05 -3.11594e-07 0.00109788 -0.000314609 -2.21044e-05 -9.05799e-06 0.00132997 -2.58559e-05 -1.57862e-05 0.0008059 -3.91073e-05 -0.000248658 -0.00137356 -2.08653e-05 2.25077e-06 -3.05636e-05
internal_weight=4500 4464 4440 4405 4372 4336 57 4279 4247 54 4193 4164 4143 58 4085 4060 79 45 3981 3955 49 3906 3877 107 3770 72 42 3745 3628 3602
internal_count=4500 4464 4440 4405 4372 4336 57 4279 4247 54 4193 4164 4143 58 4085 4060 79 45 3981 3955 49 3906 3877 107 3770 72 42 3745 3628 3602
is_linear=0
shrinkage=0.1


Tree=52
num_leaves=31
num_cat=0
split_feature=1 4 1 7 7 3 10 3 3 5 5 5 7 1 5 7 1 10 9 9 8 8 1 6 6 6 8 10 8 9
split_gain=0.00420936 0.0163879 0.00840062 0.0040958 0.00390593 0.00918365 0.0376561 0.0318708 0.03654 0.0311958 0.0173546 0.00716023 0.0368349 0.0283422 0.024761 0.0227612 0.0229395 0.0217579 0.0218419 0.0269707 0.0263142 0.0192189 0.0149726 0.0145714 0.0160075 0.0124504 0.0313828 0.0388613 0.0260264 0.0164595
threshold=58.500000000000007 1.0162605047225954 59.500000000000007 0.00014798163465455002 0.0015145817887969001 0.68480515480041515 0.7678477168083192 0.83389073610305797 0.87535104155540477 0.62314611673355114 0.9398424029350283 1.1181275248527529 0.0019486543606034503 73.500000000000014 1.1580399274826052 0.0025557917542755001 72.500000000000014 1.1538674831390383 1.0200304985046389 0.95994189381599437 0.97565960884094249 1.0359154343605044 70.500000000000014 1.0129396915435793 1.0481579899787905 1.1093112230300906 1.0221546888351443 1.3199795484542851 1.0488205552101137 1.1162511110305788
decision_type=2 2 2 2 2 2 2 2 2 2 2 2 2 2 2 2 2 2 2 2 2 2 2 2 2 2 2 2 2 2
left_child=1 -1 -2 -4 5 9 -7 -8 -9 -5 -10 12 13 -6 -13 16 22 18 19 -16 -20 -22 -14 -19 -25 29 27 -27 -28 -26
right_child=2 -3 3 4 11 6 7 8 10 -11 -12 14 15 -15 17 -17 -18 23 20 -21 21 -23 -24 24 25 26 28 -29 -30 -31
leaf_value=-0.0032011037366464733 0.0018794610863551498 5.5260258394649579e-05 0.0010967585679335409 0.00048317331569017598 0.0042838280160839744 0.0038917523687300479 -0.0032088820137740936 0.0037599228332207226 -0.0031084696657489985 -0.0040895323064178233 -0.0001257781288687612 -0.0011386854533645275 -0.0012471931496155306 0.00026834022792172619 0.00081603791978624135 0.00031320099262766872 0.00019545435322376357 -0.0020017572691211024 -0.0028855309775099158 0.0055328732705675066 0.0033567658418582544 0.00016791808422625301 -0.0045298304214763142 0.0028156815073452895 -0.00028696006153940514 0.0055155730117922245 -0.0025493251462467017 -0.0004343543201684952 2.8273744326671358e-05 -0.0028310834829296389
leaf_weight=20 24 68 34 37 39 23 34 24 20 25 792 190 33 32 27 701 58 37 20 22 27 63 24 20 93 23 40 21 1894 35
leaf_count=20 24 68 34 37 39 23 34 24 20 25 792 190 33 32 27 701 58 37 20 22 27 63 24 20 93 23 40 21 1894 35
internal_value=1.60176e-12 -0.000684822 1.36592e-05 3.45427e-06 -5.08325e-06 -0.00018377 -0.00010206 -0.000207643 -8.55832e-05 -0.00136066 -0.000199243 4.51214e-05 0.000289372 0.00247403 -4.11248e-05 9.92855e-05 -0.00120467 4.86842e-05 0.00117772 0.0029338 0.000395463 0.00112457 -0.00262936 -3.43099e-05 -6.93194e-08 -2.68096e-05 3.50426e-05 0.00267583 -2.50375e-05 -0.000982619
internal_weight=4500 88 4412 4388 4354 955 893 870 836 62 812 3399 887 71 2512 816 115 2322 159 49 110 90 57 2163 2126 2106 1978 44 1934 128
internal_count=4500 88 4412 4388 4354 955 893 870 836 62 812 3399 887 71 2512 816 115 2322 159 49 110 90 57 2163 2126 2106 1978 44 1934 128
is_linear=0
shrinkage=0.1


Tree=53
num_leaves=31
num_cat=0
split_feature=1 3 5 3 9 9 9 8 4 3 3 7 6 9 10 7 6 6 6 6 8 6 6 6 6 1 9 8 8 3
split_gain=0.00355023 0.00393306 0.00455966 0.00806339 0.00867271 0.0090114 0.00999263 0.00759249 0.0312764 0.00457414 0.0121951 0.024757 0.0153484 0.0161969 0.011927 0.0130645 0.00711001 0.015075 0.0223891 0.011192 0.00649045 0.00485584 0.0145817 0.00573085 0.0227879 0.022207 0.0112079 0.0117881 0.00733137 0.0067603
threshold=53.500000000000007 0.43728958070278173 0.55937355756759655 0.56350412964820873 0.52902919054031383 0.61659356951713573 0.57889950275421154 0.58493858575820934 0.43028365075588232 0.6525249481201173 0.71956121921539318 0.0018022464355453504 0.69650825858116161 0.72291535139083873 0.79206377267837536 0.0016173180192708503 0.7706032693386079 0.78600874543190014 0.80106201767921459 0.81718167662620556 0.70440104603767406 0.83152276277542125 0.84844717383384716 0.87128576636314403 0.88407033681869518 73.500000000000014 0.9004652500152589 0.8552134931087495 0.78003862500190746 0.89085969328880321
decision_type=2 2 2 2 2 2 2 2 2 2 2 2 2 2 2 2 2 2 2 2 2 2 2 2 2 2 2 2 2 2
left_child=-1 -2 -3 -4 -5 6 -6 8 -7 -9 11 -11 -12 -14 15 -15 -16 -18 -19 -20 -21 -22 -23 25 -25 -24 27 -26 -28 -30
right_child=1 2 3 4 5 7 -8 9 -10 10 12 -13 13 14 16 -17 17 18 19 20 21 22 23 24 26 -27 28 -29 29 -31
leaf_value=-0.0012672221221939916 0.0010939086886179266 -0.0013764761718145261 0.0016394910445281616 -0.0020831934240413833 -0.00027812602347694338 0.0015117058530449868 0.0024211870990257013 0.0013230888746105709 -0.0039522413524206391 0.00070249881036579614 0.0024817152544856073 -0.0037048478019781985 -0.0025938104896340523 0.0035371935134753587 -0.0012996443576412276 -7.7297019306570301e-05 0.0023632071808808381 -0.0026016454311144173 0.0018203916439019582 0.001795225832029246 -0.0013000171691789453 0.0022328077422069581 -0.0026316420514679827 0.0025756403129301307 -0.0028795700387230943 0.00098889374428381429 0.00173819489403589 4.8914013637436767e-05 -0.0016541002615558685 -4.1143300640379407e-06
leaf_weight=22 33 24 30 20 24 20 32 26 22 25 25 26 24 20 42 20 27 33 34 20 29 29 36 34 28 32 24 27 25 3687
leaf_count=22 33 24 30 20 24 20 32 26 22 25 25 26 24 20 42 20 27 33 34 20 29 29 36 34 28 32 24 27 25 3687
internal_value=6.59849e-13 6.22575e-06 -1.84929e-06 5.61306e-06 -5.54985e-06 3.95664e-06 0.00126434 -1.24006e-05 -0.00135036 7.50456e-07 -7.34486e-06 -0.00154438 1.1337e-05 -3.46989e-06 1.15212e-05 0.00172995 -5.21534e-06 8.15883e-06 -7.58815e-06 1.37861e-05 -1.68218e-06 -1.07781e-05 -1.24527e-06 -1.78873e-05 -1.71003e-06 -0.000927861 -2.48253e-05 -0.00144195 -3.96289e-06 -1.52268e-05
internal_weight=4500 4478 4445 4421 4391 4371 56 4315 42 4273 4247 51 4196 4171 4147 40 4107 4065 4038 4005 3971 3951 3922 3893 3825 68 3791 55 3736 3712
internal_count=4500 4478 4445 4421 4391 4371 56 4315 42 4273 4247 51 4196 4171 4147 40 4107 4065 4038 4005 3971 3951 3922 3893 3825 68 3791 55 3736 3712
is_linear=0
shrinkage=0.1


Tree=54
num_leaves=31
num_cat=0
split_feature=7 9 4 4 3 4 3 3 3 8 8 10 5 5 5 6 4 1 4 4 7 10 6 3 7 7 1 3 3 1
split_gain=0.00346129 0.0124862 0.0156959 0.0242453 0.0304107 0.0115348 0.0310301 0.0258779 0.02347 0.0212004 0.0128322 0.00975372 0.0245443 0.022513 0.0106339 0.0263919 0.00737754 0.00733999 0.00762548 0.0123042 0.00750045 0.00672484 0.0338352 0.0448853 0.0253513 0.0501012 0.023317 0.0230938 0.0276517 0.0317526
threshold=0.0026896541239693505 0.4281361997127533 0.55135551095008861 0.61835780739784252 0.71956121921539318 0.72763484716415416 0.76033285260200512 0.83389073610305797 0.88259273767471325 0.8414306938648225 0.87233668565750133 0.9437641501426699 0.98592692613601696 1.008858919143677 1.0928380489349367 1.0593440532684328 0.46828868985176086 75.500000000000014 0.97885084152221691 0.92548081278800975 0.0016381455352529001 1.0635861158370974 0.97179815173149131 1.0359104275703432 0.0031442466424777501 0.0033734830794855506 71.500000000000014 0.86603510379791271 1.0188717842102053 74.500000000000014
decision_type=2 2 2 2 2 2 2 2 2 2 2 2 2 2 2 2 2 2 2 2 2 2 2 2 2 2 2 2 2 2
left_child=1 -1 16 -4 -5 6 -6 -7 9 -9 -10 -12 -13 -14 17 -16 -3 18 19 -15 -21 22 24 -24 -2 -26 -27 -28 -29 -30
right_child=21 2 3 4 5 7 -8 8 10 -11 11 12 13 14 15 -17 -18 -19 -20 20 -22 -23 23 -25 25 26 27 28 29 -31
leaf_value=0.0023730328259989621 0.0024151646026769995 -0.00048658895771950487 0.0025537428264643123 -0.0034115197735705548 -0.0011699895064036052 -0.0027443154356316538 0.0042662271121073339 0.00016471951916489913 -0.0024281860659054171 0.004616431088070385 0.0016579078179934333 -0.0033059514020957674 0.0029556545545347036 -0.001915880858611602 0.0030544416806488127 -0.00010699761618358631 -0.0030205961152980176 -0.002394209613183713 -0.0018869676958826005 -0.00028916407130001224 0.0019671162697844783 -1.4531229720126058e-05 0.0054459587925772095 9.0658640093512508e-05 -0.004992529281880707 -0.00063614183913224048 0.0021658844281046189 -0.00066592438823635911 0.0043786419542552078 -0.00030371132869428649
leaf_weight=20 44 20 34 28 21 37 21 23 24 20 31 24 24 26 27 1200 27 28 33 34 26 2150 29 34 20 226 80 131 28 30
leaf_count=20 44 20 34 28 21 37 21 23 24 20 31 24 24 26 27 1200 27 28 33 34 26 2150 29 34 20 226 80 131 28 30
internal_value=4.12102e-13 -0.00011108 -0.000140168 -8.9175e-05 -0.000144405 -8.71948e-05 0.00154812 -0.000131307 -6.77012e-05 0.00223528 -0.000134748 -9.68661e-05 -0.000135121 -8.06858e-05 -0.000133722 -3.74305e-05 -0.0019423 -0.000937464 -0.000594701 -9.88309e-05 0.000688557 6.92449e-05 0.000358825 0.0025558 0.000111223 -8.56181e-05 0.000112641 0.00074173 0.000138913 0.00195674
internal_weight=4500 1728 1708 1661 1627 1599 42 1557 1520 43 1477 1453 1422 1398 1374 1227 47 147 119 86 60 2772 622 63 559 515 495 269 189 58
internal_count=4500 1728 1708 1661 1627 1599 42 1557 1520 43 1477 1453 1422 1398 1374 1227 47 147 119 86 60 2772 622 63 559 515 495 269 189 58
is_linear=0
shrinkage=0.1


Tree=55
num_leaves=31
num_cat=0
split_feature=4 1 7 7 7 8 10 10 3 5 9 1 4 1 6 6 5 5 1 8 7 10 6 10 3 4 10 10 10 1
split_gain=0.00303311 0.00927753 0.0119888 0.0137791 0.0107252 0.00761419 0.0334665 0.0206976 0.0338136 0.025297 0.0132855 0.0132689 0.0209484 0.0109614 0.00899371 0.0146221 0.0107894 0.032427 0.0247537 0.0583325 0.0301973 0.0231891 0.0162391 0.0119206 0.0130048 0.0106694 0.0184627 0.0424897 0.0369834 0.027479
threshold=1.1207981705665591 58.500000000000007 0.00018502432067175003 0.00031003452022555002 0.00039256479067260007 1.0798364877700808 1.385640621185303 1.3177893161773684 1.3163002729415896 1.2605268955230715 1.1066186428070071 73.500000000000014 0.95025980472564708 75.500000000000014 1.1219230294227602 1.0966148376464846 1.1580399274826052 1.1472194194793703 71.500000000000014 0.93879383802413952 0.014156914781779001 1.133485794067383 1.0802624821662905 1.1654449701309206 1.2201013565063479 0.88432148098945629 1.0061869621276858 1.0281819701194765 0.98431783914566051 72.500000000000014
decision_type=2 2 2 2 2 2 2 2 2 2 2 2 2 2 2 2 2 2 2 2 2 2 2 2 2 2 2 2 2 2
left_child=1 -1 -3 -4 -5 6 7 8 9 14 -7 12 -11 -13 15 16 17 25 19 -18 22 -22 -20 -23 -25 26 28 -28 -6 -29
right_child=-2 2 3 4 5 10 -8 -9 -10 11 -12 13 -14 -15 -16 -17 18 -19 20 -21 21 23 -24 24 -26 -27 27 29 -30 -31
leaf_value=-0.0017791991255729012 -0.00010310927162371349 0.0024637545991156784 -0.0020660589922529954 0.0023400867025234868 0.00017149299488865774 0.0025076048784992764 0.0040273257603985263 -0.002833811359273063 0.0034677994075334737 -0.004619968998511987 0.00025149695666557969 0.0011653550011529164 -0.00054693588501085412 -0.001991366578096693 0.0014735447625935196 -0.0013291906020597146 0.006363339997504068 -0.0027485115628885317 0.0034594148463968724 4.312617005780339e-05 -0.0042053511412814262 0.0013485008671593208 0.00016177644210984001 -0.0032050613546743992 0.00040115455631166701 -0.00043794804336503152 0.0044704304226944524 -0.0010826885564336622 -0.002546288466395776 0.0016361580578121927
leaf_weight=27 1746 21 30 21 688 27 20 27 27 28 784 22 23 22 40 84 23 44 28 40 20 26 32 20 20 375 31 68 54 82
leaf_count=27 1746 21 30 21 688 27 20 27 27 28 784 22 23 22 40 84 23 44 28 40 20 26 32 20 20 375 31 68 54 82
internal_value=-1.83944e-12 6.53699e-05 8.3633e-05 6.5162e-05 8.90546e-05 7.12498e-05 -4.10579e-05 -8.56673e-05 -4.43763e-05 -9.79519e-05 0.000326608 -0.00168538 -0.00278311 -0.000413006 -7.91879e-06 -4.41625e-05 2.54328e-05 -7.86527e-05 0.000693771 0.00235051 -2.11211e-05 -0.00122237 0.00170067 -0.000318441 -0.00140195 1.1851e-05 0.000194597 0.00110014 -2.6297e-05 0.000403614
internal_weight=4500 2754 2727 2706 2676 2655 1844 1824 1797 1770 811 95 51 44 1675 1635 1551 1342 209 63 146 86 60 66 40 1298 923 181 742 150
internal_count=4500 2754 2727 2706 2676 2655 1844 1824 1797 1770 811 95 51 44 1675 1635 1551 1342 209 63 146 86 60 66 40 1298 923 181 742 150
is_linear=0
shrinkage=0.1


Tree=56
num_leaves=31
num_cat=0
split_feature=6 5 1 5 6 6 4 8 6 8 7 1 4 8 9 7 7 1 4 10 10 4 10 3 7 6 6 5 3 5
split_gain=0.00277796 0.018582 0.0307236 0.0205777 0.0131884 0.0247808 0.0154592 0.011994 0.0177907 0.0105969 0.0123214 0.0105159 0.00882157 0.00723279 0.00669314 0.0069379 0.00920678 0.00762885 0.0117682 0.0258723 0.0381817 0.020828 0.0354912 0.0412739 0.0137249 0.0162524 0.0151004 0.0113613 0.00992921 0.00830908
threshold=1.1970921754837038 1.2843385338783266 66.500000000000014 1.2752276062965395 1.0827344059944155 1.1717067360877993 0.93855378031730652 0.97565960884094249 1.1502822041511538 1.0994840860366824 0.0085602486506104018 58.500000000000007 0.93855378031730652 1.110585689544678 1.1905240416526797 0.00018502432067175003 0.00027628247335080005 68.500000000000014 0.84487199783325206 1.0126321911811831 1.0669292807579043 0.67918288707733165 0.85574588179588329 1.1046712398529055 0.0023696857970207505 0.74123159050941478 0.63540503382682811 1.1310006380081179 1.1123292446136477 0.64103659987449657
decision_type=2 2 2 2 2 2 2 2 2 2 2 2 2 2 2 2 2 2 2 2 2 2 2 2 2 2 2 2 2 2
left_child=1 3 -3 11 -4 7 -7 -6 -9 -8 -11 -1 -2 -14 15 -13 -17 18 21 -20 -21 24 -23 -24 -18 26 29 -22 -29 -26
right_child=12 2 4 -5 5 6 9 8 -10 10 -12 14 13 -15 -16 16 17 -19 19 20 27 22 23 -25 25 -27 -28 28 -30 -31
leaf_value=-0.0020620768356214587 -0.0020805532218549738 0.0041202095639029587 0.0028623708767727728 -0.0027566121002935151 -0.0029313431819900874 0.0038331426400691274 -0.0012587382225319743 0.0020363444994602885 -0.0016655916669953835 -9.5125433554957541e-05 0.0033343614824116229 0.0015695809178786085 0.0014738827819625539 -9.0980500526521231e-05 0.00084632662709360242 -0.0019623940752353519 -0.0017152306118195185 -8.0665805445668021e-05 -0.0031151239402019064 0.0042499171702989509 -0.00255113965831697 0.0058183568739332264 -0.0010767058156871876 0.0042203699277403453 0.0017553616685538809 -0.0012089053781012135 0.0034500326674718126 0.0018812598181640447 -0.0004975697400466842 -0.0010255661793053151
leaf_weight=24 22 27 21 27 24 20 20 21 34 22 20 28 30 1910 99 24 31 1750 26 21 20 20 38 24 22 31 26 23 74 21
leaf_count=24 22 27 21 27 24 20 20 21 34 22 20 28 30 1910 99 24 31 1750 26 21 20 20 38 24 22 31 26 23 74 21
internal_value=2.70559e-12 6.90813e-05 0.000972339 -1.19753e-05 0.000505347 0.00019791 0.00141564 -0.00106606 -0.000252125 0.000635802 0.00153796 2.02164e-05 -8.93621e-05 -6.67816e-05 4.21545e-05 5.61799e-06 -1.47404e-05 7.23592e-06 0.000415268 -0.000221457 0.000323727 0.000905516 0.00215538 0.000973775 0.000123158 0.000693058 0.00154756 -0.000380974 6.64826e-05 0.000397234
internal_weight=4500 2538 209 2329 182 161 82 79 55 62 42 2302 1962 1940 2278 2179 2151 2127 377 164 138 213 82 62 131 100 69 117 97 43
internal_count=4500 2538 209 2329 182 161 82 79 55 62 42 2302 1962 1940 2278 2179 2151 2127 377 164 138 213 82 62 131 100 69 117 97 43
is_linear=0
shrinkage=0.1


Tree=57
num_leaves=31
num_cat=0
split_feature=8 8 5 3 7 1 4 1 6 6 1 3 1 3 5 6 9 8 4 6 10 9 9 3 7 6 6 10 6 3
split_gain=0.00290086 0.00905734 0.0111529 0.00882144 0.00861488 0.00760298 0.00685515 0.0154772 0.0104256 0.0452559 0.0161756 0.00900839 0.0514703 0.0118187 0.0233673 0.0128467 0.019564 0.0172937 0.017918 0.00717644 0.0133468 0.00909277 0.00825433 0.00706273 0.00641172 0.00423914 0.0225477 0.0158452 0.0181786 0.015722
threshold=0.4633566290140152 0.53224349021911632 0.64103659987449657 0.63327601552009594 0.010256124660372701 65.500000000000014 0.59984892606735241 67.500000000000014 0.7706032693386079 0.83985057473182689 71.500000000000014 0.75033777952194225 70.500000000000014 0.7749808430671693 0.8318290412425996 0.78600874543190014 0.80306425690650951 0.77324163913726818 0.69595852494239818 0.83152276277542125 0.88955050706863414 0.86823660135269176 0.88026201725006115 0.71956121921539318 0.0079168104566633025 0.95231756567955028 0.96007436513900768 1.0016921162605288 0.96771410107612621 0.93590748310089122
decision_type=2 2 2 2 2 2 2 2 2 2 2 2 2 2 2 2 2 2 2 2 2 2 2 2 2 2 2 2 2 2
left_child=5 4 -3 -4 -2 -1 7 -5 10 -10 -9 12 -8 -13 -15 -16 -17 18 -18 -19 -21 -22 -23 -12 -7 29 -27 -28 -29 -24
right_child=1 2 3 6 -6 24 11 8 9 -11 23 13 -14 14 15 16 17 19 -20 20 21 22 25 -25 -26 26 27 28 -30 -31
leaf_value=0.00196599831149258 -0.00025133415765594692 0.0022503450793341143 -0.0017761395312845707 0.0026839380986833326 -0.0028219373827265705 0.00089202123687273877 -0.0045086424793461689 -0.0026239576937559135 0.0042716555021427294 -0.0010542707771468813 -0.0010960919456556441 0.0020084080593419616 0.0012672004419275456 -0.0032677706881341613 0.0022600074079819027 -0.0023345955544047886 0.0003873970137005124 -0.0014858537734570828 0.0041595298424363138 0.0022981900689192118 -0.0014831931064171451 0.0017069207936791437 0.00054219096520362971 0.0012596008167435814 -0.0011320180066957558 0.0026519642820858284 0.00227390392528226 -0.0029674789358285214 -1.6414852043367399e-05 -0.0011976429575155604
leaf_weight=27 32 22 28 30 22 34 27 26 27 39 20 29 36 22 25 36 34 33 20 25 42 28 91 35 29 32 30 21 3477 121
leaf_count=27 32 22 28 30 22 34 27 26 27 39 20 29 36 22 25 36 34 33 20 25 42 28 91 35 29 32 30 21 3477 121
internal_value=-2.63818e-12 -1.14699e-05 4.48649e-06 -6.91381e-06 -0.00129862 0.000562024 4.59068e-06 0.000613998 0.000191561 0.00112452 -0.000568626 -2.15331e-05 -0.00120816 -3.14707e-06 -1.75972e-05 2.11992e-07 -1.39471e-05 7.18169e-06 0.00178448 -1.74271e-05 -4.89592e-06 -1.98822e-05 -3.70873e-06 0.000402985 -3.96794e-05 -1.64069e-05 9.46306e-06 -1.45052e-05 -3.41314e-05 -0.000450827
internal_weight=4500 4410 4356 4334 54 90 4306 177 147 66 81 4129 63 4066 4037 4015 3990 3954 54 3900 3867 3842 3800 55 63 3772 3560 3528 3498 212
internal_count=4500 4410 4356 4334 54 90 4306 177 147 66 81 4129 63 4066 4037 4015 3990 3954 54 3900 3867 3842 3800 55 63 3772 3560 3528 3498 212
is_linear=0
shrinkage=0.1


Tree=58
num_leaves=31
num_cat=0
split_feature=1 6 5 6 7 10 10 3 4 10 3 1 4 7 10 1 5 9 5 7 3 7 4 3 10 3 4 3 9 5
split_gain=0.00246062 0.00256593 0.0178452 0.0101453 0.0112285 0.0154619 0.0071776 0.013786 0.00826563 0.00808358 0.00830239 0.0076487 0.00708966 0.00677844 0.00647322 0.00639728 0.0137239 0.03223 0.030747 0.024065 0.0136704 0.0144345 0.0120469 0.0325617 0.0586343 0.0240418 0.022542 0.0193469 0.0161331 0.0127856
threshold=53.500000000000007 1.1970921754837038 1.3675627112388613 1.1746768951416018 0.0051757590845227007 1.2543715238571169 1.2427476048469546 1.3163002729415896 1.0135289430618288 1.2335268259048464 1.2533072233200075 73.500000000000014 0.93855378031730652 0.031203378923237254 1.279316306114197 72.500000000000014 0.69564729928970348 0.68773522973060619 0.82098057866096508 0.0015145817887969001 0.85017859935760509 0.0033734830794855506 0.62410295009613048 0.75033777952194225 0.82575479149818432 0.83389073610305797 0.55135551095008861 0.71956121921539318 0.73604714870452892 1.2215821743011477
decision_type=2 2 2 2 2 2 2 2 2 2 2 2 2 2 2 2 2 2 2 2 2 2 2 2 2 2 2 2 2 2
left_child=-1 2 3 6 -5 -6 9 8 11 10 15 -8 -3 -14 -7 22 19 -18 -19 -17 21 -20 26 -24 -25 -26 -2 -28 -29 -27
right_child=1 12 -4 4 5 14 7 -9 -10 -11 -12 -13 13 -15 -16 16 17 18 20 -21 -22 -23 23 24 25 29 27 28 -30 -31
leaf_value=-0.001054986207402015 0.00016701542118855643 -0.0018661389222622594 0.0024959890792767211 0.00015083529766570793 0.0038506616979999391 -0.00046830462686102696 -0.003643759785462981 0.0008258949406445027 -9.0260497096966468e-06 0.0016253964224409675 -0.0018907471478957197 -0.0011826210755056569 -8.1847883580561952e-05 0.0016093127972756822 0.0017697830884052174 -0.0040383028836610416 0.0029650414715219728 -0.0029948177067814648 0.00014772576490236868 0.00039487396576441832 -0.00014425501848045846 0.0035432872695050073 -0.0031112313907215141 0.0046344361850060526 -0.0032133357882823638 -8.0228394355887807e-05 0.0043427724540898846 -0.0011304364772513509 0.002616802201157919 0.0013330511930689682
leaf_weight=22 163 22 30 128 23 24 23 35 23 31 23 28 1900 24 28 24 34 37 31 25 994 21 32 28 23 577 28 20 27 72
leaf_count=22 163 22 30 128 23 24 23 35 23 31 23 28 1900 24 28 24 34 37 31 25 994 21 32 28 23 577 28 20 27 72
internal_value=3.80977e-13 5.18305e-06 7.15451e-05 4.2475e-05 0.000720132 0.00169173 -1.73615e-05 -0.000809368 -0.0015828 2.2058e-05 -9.63569e-07 -0.00229255 -8.11627e-05 -6.07523e-05 0.00073682 1.93852e-05 -0.000138461 -6.6605e-05 -0.000161781 -0.00177648 -6.15688e-05 0.00151901 0.000209126 8.17758e-06 0.000150779 -3.60399e-05 0.000827168 0.0022619 0.00102223 7.65607e-05
internal_weight=4500 4478 2532 2502 203 75 2299 109 74 2190 2159 51 1946 1924 52 2136 1166 1117 1083 49 1046 52 970 732 700 672 238 75 47 649
internal_count=4500 4478 2532 2502 203 75 2299 109 74 2190 2159 51 1946 1924 52 2136 1166 1117 1083 49 1046 52 970 732 700 672 238 75 47 649
is_linear=0
shrinkage=0.1


Tree=59
num_leaves=31
num_cat=0
split_feature=3 5 3 9 9 3 3 9 1 8 10 5 1 3 5 1 7 4 5 9 10 9 9 8 5 1 9 6 6 5
split_gain=0.0023341 0.00396287 0.00708594 0.00739995 0.0071897 0.00722279 0.0108228 0.0148249 0.0172428 0.0241939 0.0110382 0.00761013 0.0277138 0.00897558 0.00864352 0.00737111 0.00963545 0.00677553 0.00495922 0.0133374 0.00819813 0.00681177 0.0158196 0.0265333 0.0058805 0.0394081 0.0127824 0.00573741 0.0170696 0.0166091
threshold=0.43728958070278173 0.55937355756759655 0.56350412964820873 0.52902919054031383 0.60005059838294994 0.63327601552009594 0.69994342327117931 0.72291535139083873 69.500000000000014 0.63188374042510997 0.7678477168083192 0.8318290412425996 72.500000000000014 0.84005746245384227 0.87618136405944835 72.500000000000014 0.0023390720598399006 0.61835780739784252 0.91290843486785889 0.8626782000064851 0.90271115303039562 0.78954082727432262 0.82436060905456554 0.70440104603767406 0.95052289962768566 74.500000000000014 0.8626782000064851 0.95231756567955028 0.96007436513900768 1.0801309347152712
decision_type=2 2 2 2 2 2 2 2 2 2 2 2 2 2 2 2 2 2 2 2 2 2 2 2 2 2 2 2 2 2
left_child=-1 -2 -3 -4 -5 -6 17 8 -8 -10 -9 12 -12 15 -15 16 -13 -7 19 -16 -20 -22 -23 -24 25 -25 -26 29 -29 -28
right_child=1 2 3 4 5 6 7 10 9 -11 11 13 -14 14 18 -17 -18 -19 20 -21 21 22 23 24 26 -27 27 28 -30 -31
leaf_value=0.00080198059893316705 -0.0012879965108974526 0.0015321324920902651 -0.0019291247910587118 0.0013333427225006745 -0.001614414473546536 0.0024456782973018188 -0.003539533555041999 0.0023491460381774233 -0.0019365519315879037 0.0023131306349698988 0.0010381509134869862 0.0016852021172997498 -0.0040516835125163205 -0.0016494338517077268 0.002438014587720058 0.0021205697713109358 -0.0013440919758327906 0.00017421868008871873 -0.0016587010367463033 -0.00085225137246941983 0.001646097076125443 -0.0024220249052935589 0.003551872809683638 -0.0012550721410661938 -0.0025486181094311177 0.0041716204353851143 -7.944694762541489e-05 0.0021822063734159912 -6.3397994245837034e-06 -0.0023283619933375499
leaf_weight=36 24 30 20 40 28 29 25 20 37 21 23 21 20 32 28 36 21 24 30 22 25 27 21 32 20 23 165 36 3543 41
leaf_count=36 24 30 20 40 28 29 25 20 37 21 23 21 20 32 28 36 21 24 30 22 25 27 21 32 20 23 165 36 3543 41
internal_value=-1.16593e-12 -6.46759e-06 4.59597e-07 -9.95995e-06 -1.2166e-06 -1.34884e-05 -3.11684e-06 -2.07489e-05 -0.00134416 -0.000397874 5.49167e-06 -5.75967e-06 -0.00132921 8.04303e-06 -1.24456e-05 0.00107056 0.000170555 0.00141709 6.0789e-07 0.000990298 -1.18787e-05 6.82841e-07 -9.84309e-06 6.93838e-06 -1.23475e-05 0.00101427 -2.7187e-05 -1.38637e-05 1.56741e-05 -0.000527047
internal_weight=4500 4464 4440 4410 4390 4350 4322 4269 83 58 4186 4166 43 4123 4045 78 42 53 4013 50 3963 3933 3908 3881 3860 55 3805 3785 3579 206
internal_count=4500 4464 4440 4410 4390 4350 4322 4269 83 58 4186 4166 43 4123 4045 78 42 53 4013 50 3963 3933 3908 3881 3860 55 3805 3785 3579 206
is_linear=0
shrinkage=0.1


Tree=60
num_leaves=31
num_cat=0
split_feature=8 9 9 1 7 7 9 4 7 7 4 7 7 7 7 9 7 10 6 7 8 6 6 10 6 6 9 3 3 7
split_gain=0.00236864 0.00779719 0.0101228 0.00565916 0.00539085 0.00513544 0.0139358 0.0182172 0.00698045 0.00560873 0.0115245 0.00648124 0.00996978 0.00749693 0.0195528 0.0200037 0.0121746 0.0412505 0.0174527 0.00993548 0.0361826 0.0105684 0.00882052 0.00751914 0.00734085 0.00624318 0.00612681 0.0104263 0.00619255 0.013289
threshold=0.4633566290140152 0.5603003501892091 0.60005059838294994 65.500000000000014 0.0079168104566633025 0.04992417432367801 0.8626782000064851 0.73891380429267894 0.07359986379742621 0.038295567035675007 0.66354775428771984 0.033811351284384658 0.031203378923237254 0.026093821972608556 0.023255057632923053 1.1889492869377138 0.019777361303567855 1.133485794067383 1.1502822041511538 0.015836834907531704 1.0221546888351443 1.1767102479934695 0.98709169030189525 1.3627154231071474 1.0029791593551638 1.1854176521301272 0.63075745105743419 0.6525249481201173 0.71956121921539318 0.0022252263734116504
decision_type=2 2 2 2 2 2 2 2 2 2 2 2 2 2 2 2 2 2 2 2 2 2 2 2 2 2 2 2 2 2
left_child=3 -2 -3 -1 -5 9 -7 8 -8 11 -11 12 13 14 16 -16 19 -18 -19 26 22 -22 -21 -23 -15 -26 -4 -28 29 -29
right_child=1 2 5 4 -6 6 7 -9 -10 10 -12 -13 -14 24 15 -17 17 18 -20 20 21 23 -24 -25 25 -27 27 28 -30 -31
leaf_value=0.0017191331695627283 -0.0015656585164833814 0.0018316210728759566 -0.0014710012929722797 0.00084305406883632876 -0.0010128717616617936 -0.0026129414227658086 -5.6731159118219072e-05 -0.0021620056556107907 0.0022835615426301955 -0.00072550476295873533 0.0020390126857244852 -0.0013836878351867199 0.0017079876766622289 0.00029610152542591095 0.003673245704026315 -0.00037933120038360359 -0.0044257636044036461 0.002703385688364506 -0.00099970354432506224 0.0016129715592358954 -0.0024249121591093997 0.0017615267750807108 0.0041935457740552148 -0.0006450829008040396 -0.0030306617083789953 -0.00058947298908606182 0.0021587010981007058 0.00044846867011593918 -8.9261529151782807e-06 -0.0026608573445291435
leaf_weight=27 32 30 29 34 29 28 26 26 25 25 38 34 34 25 29 21 27 20 35 27 21 20 26 37 22 20 22 28 3676 27
leaf_count=27 32 30 29 34 29 28 26 26 25 25 38 34 34 25 29 21 27 20 35 27 21 20 26 37 22 20 22 28 3676 27
internal_value=2.90351e-12 -1.03644e-05 1.00364e-06 0.000507857 -1.1261e-05 -1.16271e-05 -0.000702481 -7.76777e-06 0.00109047 5.46919e-06 0.000941982 -8.64571e-06 2.63056e-06 -1.14702e-05 5.90759e-06 0.00197116 -1.86889e-05 -0.0012246 0.000346874 6.58205e-06 0.000862761 -0.000507188 0.00287891 0.000199342 -0.00106062 -0.00186819 -2.30741e-05 -1.18857e-05 -2.46847e-05 -0.00107793
internal_weight=4500 4410 4378 90 63 4348 105 77 51 4243 63 4180 4146 4112 4045 50 3995 82 55 3913 131 78 53 57 67 42 3782 3753 3731 55
internal_count=4500 4410 4378 90 63 4348 105 77 51 4243 63 4180 4146 4112 4045 50 3995 82 55 3913 131 78 53 57 67 42 3782 3753 3731 55
is_linear=0
shrinkage=0.1


Tree=61
num_leaves=31
num_cat=0
split_feature=7 9 4 4 3 4 3 3 5 10 4 10 4 3 6 4 9 9 4 6 8 9 7 4 7 7 10 9 3 8
split_gain=0.00218735 0.00842454 0.0124237 0.016254 0.0180762 0.0115525 0.0075625 0.0104851 0.0127149 0.0116783 0.0228491 0.0209824 0.00934492 0.0225742 0.0104299 0.0170315 0.00892445 0.00828664 0.00688086 0.00936631 0.00878617 0.00591204 0.00534863 0.0246603 0.00870365 0.0129418 0.00522216 0.0215055 0.0168355 0.014358
threshold=0.0026896541239693505 0.4281361997127533 0.55135551095008861 0.58757036924362194 0.68480515480041515 0.66354775428771984 0.76033285260200512 0.80134630203247081 0.86692523956298839 0.88421604037284862 0.8172016739845277 0.91987550258636486 0.93501153588294994 0.98676964640617371 1.0239917039871218 0.97885084152221691 1.0416946411132815 1.0656844377517702 0.89828380942344677 0.92153629660606395 0.95507749915122997 0.52902919054031383 0.0029091050382703005 0.88432148098945629 0.0029685193439945006 0.0030506274197250002 0.72576701641082775 0.63075745105743419 0.76033285260200512 0.49432547390460974
decision_type=2 2 2 2 2 2 2 2 2 2 2 2 2 2 2 2 2 2 2 2 2 2 2 2 2 2 2 2 2 2
left_child=1 -1 21 -4 -5 -6 -7 -8 -9 -10 -11 -12 18 -14 -15 -16 -17 -18 19 -13 -20 -3 23 -2 -24 -26 27 29 -28 -27
right_child=22 2 3 4 5 6 7 8 9 10 11 12 13 14 15 16 17 -19 20 -21 -22 -23 24 -25 25 26 28 -29 -30 -31
leaf_value=0.0019521661370527001 0.0039101250120438637 -0.00061756475285316514 0.0025730768342644142 -0.0028875778429210187 0.0023241972643882037 -0.0017857230053498195 0.0020532408020580593 -0.0022904403718152586 0.0022270449786446988 -0.003451168932951987 0.0026630566871192838 -0.0016890326775610448 0.0031502381893171168 -0.0016496161385098609 0.0027290382676503876 0.001966424488152067 -0.00144454389396641 -6.2008368699378652e-05 -0.0028865441334463898 0.00086073624312548954 -0.00033798509587844219 -0.0028611792038883204 -0.0015148183067342164 -7.1465848928450466e-05 0.0019337030992675056 -0.00082526789186522379 0.0024063085382416225 -0.003616041971836239 2.314212020143954e-05 0.00229061423756537
leaf_weight=20 20 24 23 23 20 26 23 26 22 20 28 25 22 41 22 21 45 1185 31 34 24 23 36 70 36 50 30 20 2489 21
leaf_count=20 20 24 23 23 20 26 23 26 22 20 28 25 22 41 22 21 45 1185 31 34 24 23 36 70 36 50 30 20 2489 21
internal_value=1.51902e-12 -8.83035e-05 -0.000112197 -6.6829e-05 -0.000103897 -6.42536e-05 -9.42028e-05 -6.61725e-05 -9.77032e-05 -6.01959e-05 -9.37869e-05 -4.83555e-05 -0.000100714 -2.65566e-05 -7.9745e-05 -2.91835e-05 -7.76894e-05 -0.000112589 -0.000969783 -0.000219674 -0.00177445 -0.0017155 5.50463e-05 0.000813332 2.96005e-05 5.0613e-05 2.46393e-05 -0.000719575 5.15244e-05 9.6331e-05
internal_weight=4500 1728 1708 1661 1638 1615 1595 1569 1546 1520 1498 1478 1450 1336 1314 1273 1251 1230 114 59 55 47 2772 90 2682 2646 2610 91 2519 71
internal_count=4500 1728 1708 1661 1638 1615 1595 1569 1546 1520 1498 1478 1450 1336 1314 1273 1251 1230 114 59 55 47 2772 90 2682 2646 2610 91 2519 71
is_linear=0
shrinkage=0.1


Tree=62
num_leaves=31
num_cat=0
split_feature=1 7 7 6 10 5 1 8 5 1 5 7 9 9 5 3 5 3 3 3 3 3 5 5 5 9 9 8 9 7
split_gain=0.00212022 0.00215478 0.00267684 0.0223495 0.00458279 0.00973025 0.0142517 0.00827115 0.00439951 0.0219175 0.0134754 0.0167279 0.00819814 0.0409778 0.00412418 0.0294383 0.0254241 0.00850886 0.00701732 0.0158706 0.0124189 0.0100407 0.0127278 0.0124049 0.00942387 0.00508939 0.00940109 0.0213056 0.0051415 0.0249854
threshold=53.500000000000007 0.00014798163465455002 0.00034317943209310006 0.86238035559654247 0.49606190621852875 0.64103659987449657 69.500000000000014 0.49432547390460974 0.69564729928970348 69.500000000000014 0.7620186209678651 0.0031442466424777501 0.6443866789340974 0.68773522973060619 0.80974960327148449 0.76033285260200512 0.8318290412425996 0.76033285260200512 0.85017859935760509 0.83389073610305797 0.81133779883384716 0.87535104155540477 0.90689790248870861 0.90092146396636974 0.92184942960739147 0.78954082727432262 0.82436060905456554 0.70440104603767406 0.90698984265327465 0.019777361303567855
decision_type=2 2 2 2 2 2 2 2 2 2 2 2 2 2 2 2 2 2 2 2 2 2 2 2 2 2 2 2 2 2
left_child=-1 -2 3 -3 -4 6 -6 -8 9 -7 11 -10 -12 -14 17 -16 -17 -15 19 20 -18 23 -23 -20 -24 -26 -27 -28 29 -29
right_child=1 2 4 -5 5 8 7 -9 10 -11 12 -13 13 14 15 16 18 -19 21 -21 -22 22 24 -25 25 26 27 28 -30 -31
leaf_value=-0.0009792972504907415 0.00079787334372453825 -0.0034210280027417912 -0.0012418859531894198 0.00021373987100528681 0.0032346213843835441 -0.0034794811857864262 -0.0013339172379346566 0.0014759204604408958 0.0030213404559727873 0.00085485392815566488 0.001871749990301475 -0.00016269765116951683 -0.0044275620774853796 -0.0023417730858041482 0.0032426307618152353 -0.0034814948703916302 0.0010437148127464518 0.00050815600436180828 -0.0026590683437403171 0.0025795266915605787 -0.0021524559106910601 0.0021695573650369489 -0.002121826294543488 0.0005353003181517125 0.0011388803927753217 -0.0017436304362490774 0.0031812583151761263 0.00014767988553702287 7.3151737739408041e-06 -0.0034635738588403909
leaf_weight=22 34 21 29 87 23 20 20 22 33 28 23 33 21 22 28 21 31 20 31 34 20 27 21 20 39 31 21 82 3611 25
leaf_count=22 34 21 29 87 23 20 20 22 33 28 23 33 21 22 28 21 31 20 31 34 20 27 21 20 39 31 21 82 3611 25
internal_value=2.58313e-12 4.8112e-06 -1.25633e-06 -0.000493021 1.09924e-05 1.94283e-05 0.00123366 0.000137903 8.22624e-07 -0.000951119 1.17175e-05 0.00142932 -1.09477e-05 -2.14963e-05 1.1598e-06 1.14034e-05 -1.11363e-05 -0.000984664 7.11501e-06 0.000905999 -0.000209685 -1.2436e-05 5.9957e-06 -0.00140637 -9.25656e-06 2.39058e-06 -9.36621e-06 5.01255e-06 -1.29275e-05 -0.000696071
internal_weight=4500 4478 4444 108 4336 4307 65 42 4242 48 4194 66 4128 4105 4084 4042 4014 42 3993 85 51 3908 3857 51 3830 3809 3770 3739 3718 107
internal_count=4500 4478 4444 108 4336 4307 65 42 4242 48 4194 66 4128 4105 4084 4042 4014 42 3993 85 51 3908 3857 51 3830 3809 3770 3739 3718 107
is_linear=0
shrinkage=0.1


Tree=63
num_leaves=31
num_cat=0
split_feature=8 8 5 5 3 5 3 9 10 7 7 7 5 1 3 9 8 8 6 6 8 4 10 6 1 5 6 1 6 1
split_gain=0.00229394 0.00696415 0.00921304 0.00820825 0.00862136 0.0148231 0.0140629 0.0161248 0.0101137 0.00692933 0.00587867 0.00606417 0.00559052 0.0165084 0.00657724 0.00787434 0.015564 0.00538949 0.0217144 0.0148286 0.0104999 0.0150884 0.00845149 0.00726421 0.0212252 0.011972 0.00810194 0.0138006 0.00772143 0.0207069
threshold=0.4633566290140152 0.53224349021911632 0.64103659987449657 0.69564729928970348 0.69994342327117931 0.7620186209678651 0.75033777952194225 0.72291535139083873 0.7678477168083192 0.010256124660372701 0.017086490988731304 0.0058518887963145512 0.8318290412425996 72.500000000000014 0.84005746245384227 0.83323627710342418 0.77324163913726818 0.70440104603767406 0.80106201767921459 0.82480955123901378 0.65136247873306286 0.52870705723762523 0.89549097418785106 0.87679344415664684 69.500000000000014 0.95052289962768566 0.89855700731277477 75.500000000000014 0.91658806800842296 73.500000000000014
decision_type=2 2 2 2 2 2 2 2 2 2 2 2 2 2 2 2 2 2 2 2 2 2 2 2 2 2 2 2 2 2
left_child=10 9 -3 -4 5 -5 7 -6 -8 -2 11 -1 13 -10 15 16 -14 20 -19 -20 21 -16 -21 24 -24 -26 27 -25 29 -28
right_child=1 2 3 4 6 -7 8 -9 12 -11 -12 -13 14 -15 17 -17 -18 18 19 22 -22 -23 23 26 25 -27 28 -29 -30 -31
leaf_value=0.00073752953004176645 -0.00019959757337346674 0.0020450154001909224 -0.0014896433397724824 0.0029422840067686944 -0.0034026862838520454 -0.00067886681761592633 0.0021499833811751824 0.00015424240007996559 0.00072985719737556326 -0.0025050500709436498 0.0019206782842626459 -0.0012385666583819936 0.0021380061956891871 -0.0031481238037702588 0.0014936054094085614 0.002486020099857579 -0.0014331397985538038 -0.0029592370055615902 0.0023327345511427633 -0.0015029303729534151 0.0021109329257160427 -0.0020225563572476737 0.0036675146858518325 -0.0022388658841231432 0.0014425080394945466 -0.0015639387502300519 0.0032480419054627418 0.00082157394322364234 -2.0664565762382876e-05 -0.00090957698614700991
leaf_weight=44 32 22 37 26 26 20 22 25 23 22 22 24 23 21 26 23 26 25 27 38 35 23 21 41 26 27 25 23 3702 23
leaf_count=44 32 22 37 26 26 20 22 25 23 22 22 24 23 21 26 23 26 25 27 38 35 23 21 41 26 27 25 23 3702 23
internal_value=-1.52346e-12 -1.01997e-05 3.79192e-06 -6.56962e-06 6.20062e-06 0.00136787 -8.53399e-06 -0.00165909 1.15085e-05 -0.00113886 0.000499785 4.00838e-05 2.48004e-07 -0.001121 1.21819e-05 0.000959597 0.000243112 -4.61126e-06 -2.13496e-05 -2.76944e-06 0.000788067 -0.000156838 -1.88312e-05 -4.32615e-06 0.000976982 -8.90781e-05 -2.33657e-05 -0.00113902 -4.32519e-06 0.00125585
internal_weight=4500 4410 4356 4334 4297 46 4251 51 4200 54 90 68 4178 44 4134 72 49 4062 3978 3953 84 49 3926 3888 74 53 3814 64 3750 48
internal_count=4500 4410 4356 4334 4297 46 4251 51 4200 54 90 68 4178 44 4134 72 49 4062 3978 3953 84 49 3926 3888 74 53 3814 64 3750 48
is_linear=0
shrinkage=0.1


Tree=64
num_leaves=31
num_cat=0
split_feature=4 1 4 8 8 5 10 4 9 8 9 7 8 1 10 6 4 4 6 8 6 6 10 5 6 6 1 4 6 10
split_gain=0.00192744 0.00988533 0.00808792 0.0150118 0.0108794 0.00719924 0.0083203 0.0129635 0.0228359 0.00971216 0.0069537 0.0127727 0.0103554 0.00594885 0.00474448 0.0114666 0.0157217 0.0407938 0.0105759 0.00666098 0.00595555 0.0099499 0.00559526 0.0155851 0.0215838 0.0118875 0.012535 0.00800888 0.00717062 0.021699
threshold=0.37432800233364105 71.500000000000014 0.4141248911619187 0.49432547390460974 0.55397137999534618 0.67775118350982677 0.73993930220603954 0.56893253326416027 0.67585831880569469 0.60400334000587474 0.74258172512054454 0.0033734830794855506 0.67290034890174877 65.500000000000014 0.77690920233726513 0.80106201767921459 0.70745140314102184 0.67121952772140514 0.81718167662620556 0.72890335321426403 0.83152276277542125 0.84844717383384716 0.90760022401809703 0.95052289962768566 0.88827010989189159 0.89485260844230663 74.500000000000014 0.81457558274269115 0.92153629660606395 0.96225064992904674
decision_type=2 2 2 2 2 2 2 2 2 2 2 2 2 2 2 2 2 2 2 2 2 2 2 2 2 2 2 2 2 2
left_child=1 13 -2 -4 -5 -6 7 -7 -9 -8 11 -11 -12 -1 -14 16 17 -16 -17 -20 -21 -22 27 24 -24 26 -25 -23 29 -27
right_child=2 -3 3 4 5 6 9 8 -10 10 12 -13 14 -15 15 18 -18 -19 19 20 21 22 23 25 -26 28 -28 -29 -30 -31
leaf_value=0.0010178021659460986 -0.0015011205718716762 0.0022796983282949604 0.0025519692237772375 -0.0016308226655294166 0.0014140801995785701 -0.0030974043829535896 0.0020178753940854224 0.0022051978369497442 -0.0021723622348732673 -0.00091901861929467746 -0.0019670151435935558 0.0021399449819746691 0.0015342627477366478 -0.0011922005018026665 -0.0022891390797061223 0.001824632770876633 -0.0033365368578718822 0.0033436656283447521 0.001660300847288454 -0.0014908038935606818 0.0018449168108355511 -0.0024301102688617034 0.0035208777050840961 -1.2522372084536725e-06 -0.00068871246074281994 -0.00072876539848306602 -0.0030210867972561609 0.00020887559968168321 -2.1327669580003155e-05 0.0028993184154387564
leaf_weight=21 36 22 23 41 36 22 24 22 26 21 27 39 20 29 36 32 24 20 24 27 29 23 29 28 21 34 27 23 3682 32
leaf_count=21 36 22 23 41 36 22 24 22 26 21 27 39 20 29 36 32 24 20 24 27 29 23 29 28 21 34 27 23 3682 32
internal_value=1.64135e-12 0.000513242 -8.34539e-06 3.89047e-06 -9.52354e-06 5.83535e-06 -5.97658e-06 -0.00108729 -0.000165981 1.19513e-05 4.83434e-07 0.00106931 -1.50143e-05 -0.000263999 -2.19402e-06 -9.70542e-06 -0.00119516 -0.000277423 1.39386e-05 -6.23404e-07 -1.07023e-05 -5.28523e-07 -1.42546e-05 -1.16538e-06 0.00175285 -2.42263e-05 -0.00148372 -0.00111062 -2.80905e-06 0.00103031
internal_weight=4500 72 4428 4392 4369 4328 4292 70 48 4222 4198 60 4138 50 4111 4091 80 56 4011 3979 3955 3928 3899 3853 50 3803 55 46 3748 66
internal_count=4500 72 4428 4392 4369 4328 4292 70 48 4222 4198 60 4138 50 4111 4091 80 56 4011 3979 3955 3928 3899 3853 50 3803 55 46 3748 66
is_linear=0
shrinkage=0.1


Tree=65
num_leaves=31
num_cat=0
split_feature=7 9 8 4 1 3 4 3 3 3 8 8 10 5 5 5 6 1 4 7 10 10 6 3 4 4 7 4 10 5
split_gain=0.00177628 0.00727889 0.0116349 0.00718952 0.0175554 0.0169623 0.00782838 0.0231118 0.0193579 0.0157803 0.0174652 0.0103012 0.00885427 0.0199871 0.0165184 0.00905039 0.0209439 0.00563585 0.00670645 0.00944503 0.0125806 0.00445785 0.0269442 0.0366126 0.0171723 0.0244634 0.0201911 0.027675 0.0145159 0.0196608
threshold=0.0026896541239693505 0.4281361997127533 0.55397137999534618 0.61835780739784252 72.500000000000014 0.71956121921539318 0.72763484716415416 0.76033285260200512 0.83389073610305797 0.88259273767471325 0.8414306938648225 0.87233668565750133 0.9437641501426699 0.98592692613601696 1.008858919143677 1.0928380489349367 1.0593440532684328 75.500000000000014 0.97885084152221691 0.0019486543606034503 1.0329584479331972 1.0635861158370974 0.97179815173149131 1.0226336717605593 0.84089207649230968 0.81457558274269115 0.0031442466424777501 0.78270077705383312 1.0982106924057009 1.1112860441207888
decision_type=2 2 2 2 2 2 2 2 2 2 2 2 2 2 2 2 2 2 2 2 2 2 2 2 2 2 2 2 2 2
left_child=1 -1 -3 4 -4 -5 7 -7 -8 10 -10 -11 -13 -14 -15 17 -17 18 19 20 -16 22 24 -24 25 26 -2 -28 29 -23
right_child=21 2 3 5 -6 6 8 -9 9 11 -12 12 13 14 15 16 -18 -19 -20 -21 -22 28 23 -25 -26 -27 27 -29 -30 -31
leaf_value=0.0018170867167646065 0.0023023600211820087 -0.0018804914356830222 0.0029500034004449846 -0.0025379931886813471 -0.001024901557539124 -0.001053851634441387 -0.002351571565757056 0.0036377569837939177 -2.7511752736957175e-05 -0.0021464081093048055 0.0040130515943747015 0.001614299967824932 -0.0029554204627250634 0.0025559362053172666 -0.00052531906403601174 0.0027527922557459938 -6.3503450576718031e-05 -0.0021083367655852013 -0.0017433981615767786 -0.001427837260416709 0.0025811046446588908 -0.00011368391213990334 0.0052180271893739706 0.00029055746057757027 -0.0019594223650458912 0.0031470934136046307 8.0136807434295822e-05 -0.0030622611311264336 4.288045126213011e-05 -0.0028361504700677915
leaf_weight=20 37 36 25 28 20 21 37 21 23 24 20 31 24 24 32 27 1200 28 33 32 22 72 25 38 39 27 426 30 2036 42
leaf_count=20 37 36 25 28 20 21 37 21 23 24 20 31 24 24 32 27 1200 28 33 32 22 72 25 38 39 27 426 30 2036 42
internal_value=-1.33587e-12 -7.95745e-05 -0.000101784 -6.34861e-05 0.00118338 -9.79722e-05 -5.52452e-05 0.00129195 -9.15858e-05 -3.65729e-05 0.00185182 -9.15499e-05 -5.76086e-05 -9.40567e-05 -4.49346e-05 -9.03646e-05 -1.53117e-06 -0.000831852 -0.000531503 -6.64733e-05 0.000740261 4.96049e-05 0.000285376 0.0022459 6.44219e-05 0.00021621 5.56953e-05 -0.0001266 -1.86042e-05 -0.0011167
internal_weight=4500 1728 1708 1672 45 1627 1599 42 1557 1520 43 1477 1453 1422 1398 1374 1227 147 119 86 54 2772 622 63 559 520 493 456 2150 114
internal_count=4500 1728 1708 1672 45 1627 1599 42 1557 1520 43 1477 1453 1422 1398 1374 1227 147 119 86 54 2772 622 63 559 520 493 456 2150 114
is_linear=0
shrinkage=0.1


Tree=66
num_leaves=31
num_cat=0
split_feature=1 7 1 7 6 10 3 5 8 1 1 6 1 6 6 7 10 10 10 10 5 10 4 5 1 1 5 10 10 5
split_gain=0.00172938 0.00195798 0.0110351 0.00361328 0.0126151 0.00418479 0.00822855 0.00407019 0.0217772 0.0140751 0.0119558 0.00740636 0.0151139 0.0101183 0.0121609 0.00954528 0.00891486 0.0144989 0.0195826 0.0165458 0.0196883 0.00939523 0.00738695 0.00672623 0.0168533 0.0237958 0.0165016 0.0234509 0.0162094 0.0146159
threshold=53.500000000000007 0.00018502432067175003 72.500000000000014 0.00031003452022555002 0.99609345197677623 0.49606190621852875 0.49054537713527685 0.7620186209678651 0.64249685406684887 66.500000000000014 71.500000000000014 0.70578938722610485 71.500000000000014 0.74123159050941478 0.75712105631828319 0.0059948815032839003 0.81540432572364818 0.84447503089904796 0.86277806758880626 0.88421604037284862 0.91290843486785889 0.90271115303039562 0.54169762134552013 0.97234070301055919 69.500000000000014 75.500000000000014 1.0041081905364992 0.96701309084892284 0.97918939590454113 0.9452863633632661
decision_type=2 2 2 2 2 2 2 2 2 2 2 2 2 2 2 2 2 2 2 2 2 2 2 2 2 2 2 2 2 2
left_child=-1 2 -2 4 -3 -5 -7 8 9 -8 -11 12 -9 15 -15 -13 -16 -18 -19 -20 -21 -22 -12 24 -23 29 27 -25 -29 -26
right_child=1 3 -4 5 -6 6 7 11 -10 10 22 13 -14 14 16 -17 17 18 19 20 21 23 -24 26 25 -27 -28 28 -30 -31
leaf_value=-0.00088444276136049834 0.002071153302676976 -0.0026374703313669437 -0.00084236066591424443 -0.0011884587367290054 0.00020142245422383504 0.0019914976343335142 -0.0019758477651824554 -0.0032302749481806087 0.0028360039577819407 0.0017545870824738645 0.0004364075181203791 -0.00016622485825791957 0.00056369491254112546 -0.0018712526340303678 0.0016901150961676913 0.0027396137530628882 -0.0019309465618183215 0.0025101546558641621 -0.00243531250016531 0.0026001579882898207 -0.001947487272322178 0.0029929134385803576 -0.0018894541458311408 -0.0031597307528136299 -0.0029000636915533016 0.0022801691621181469 6.0234983072947259e-06 0.0022810144571121784 -0.001696851667726324 0.00042180784943479085
leaf_weight=22 26 23 26 29 49 21 30 21 32 43 36 20 21 35 31 26 39 31 28 29 25 26 22 40 26 31 3644 20 21 27
leaf_count=22 26 23 26 29 49 21 30 21 32 43 36 20 21 35 31 26 39 31 28 29 25 26 22 40 26 31 3644 20 21 27
internal_value=6.30583e-15 4.34519e-06 0.000614396 -2.82216e-06 -0.000705446 8.7968e-06 1.68246e-05 7.18985e-06 0.000497341 -7.39352e-05 0.000490989 -1.21037e-05 -0.00133329 1.43368e-06 -1.53044e-05 0.00147621 8.62381e-07 -1.2272e-05 6.68146e-06 -1.31316e-05 4.30762e-06 -1.51949e-05 -0.000445816 -2.59845e-06 0.000768074 7.94333e-05 -2.53566e-05 -0.00143707 0.000243571 -0.00120779
internal_weight=4500 4478 52 4426 72 4354 4325 4304 163 131 101 4141 42 4099 4053 46 4018 3987 3948 3917 3889 3860 58 3835 110 84 3725 81 41 53
internal_count=4500 4478 52 4426 72 4354 4325 4304 163 131 101 4141 42 4099 4053 46 4018 3987 3948 3917 3889 3860 58 3835 110 84 3725 81 41 53
is_linear=0
shrinkage=0.1


Tree=67
num_leaves=31
num_cat=0
split_feature=6 10 8 7 1 1 4 6 7 6 6 7 7 7 10 6 6 7 8 6 6 8 7 7 3 6 4 1 1 7
split_gain=0.00168555 0.0156308 0.0185662 0.0065088 0.0136069 0.0136253 0.0155415 0.0132226 0.00883675 0.00847883 0.0100572 0.00573176 0.0170169 0.0111207 0.0192072 0.0193269 0.0106117 0.00984968 0.0183843 0.0117864 0.011166 0.00648664 0.00631007 0.0258597 0.0233431 0.0188296 0.014225 0.00436674 0.00657115 0.0158994
threshold=1.3032775521278384 1.3896487951278689 1.0846133232116701 0.033811351284384658 70.500000000000014 72.500000000000014 0.44855819642543798 0.88407033681869518 0.031203378923237254 1.0699949264526369 0.94335338473320018 0.026093821972608556 0.023255057632923053 0.019777361303567855 1.133485794067383 1.1502822041511538 1.0029791593551638 0.015836834907531704 1.0221546888351443 0.98709169030189525 1.1767102479934695 0.86903789639472973 0.013717485591769203 0.012973690871149251 1.1736273765563967 1.0856768488883974 0.78757351636886608 58.500000000000007 61.500000000000007 0.0052479174919426008
decision_type=2 2 2 2 2 2 2 2 2 2 2 2 2 2 2 2 2 2 2 2 2 2 2 2 2 2 2 2 2 2
left_child=1 3 -3 8 7 -6 -7 -5 11 10 -8 12 13 17 -15 -16 -13 22 19 -19 -20 -14 23 27 -25 26 -24 -1 29 -29
right_child=-2 2 -4 4 5 6 9 -9 -10 -11 -12 16 21 14 15 -17 -18 18 20 -21 -22 -23 25 24 -26 -27 -28 28 -30 -31
leaf_value=-0.0010956000072635814 -0.0001168292137327214 0.0041431260562967516 0.00025918363462551497 -0.00096849559788377254 -0.0031592218662370684 0.0017874796093175457 -0.0018640770080188909 0.0020894425440459484 0.0018398863832569787 -0.0030537429731339219 0.00088236082034806411 0.00045635301749616006 0.0033636407146696006 -0.0031479660759214309 0.0024293102603405716 -0.0017797656784144539 -0.0023492312560847496 0.00090401951401872802 -0.0021861578559591657 0.003770454299564545 0.00088836931175103901 0.00081675241235643634 -0.00041123665869235992 0.0001995106028126819 0.0049731207289732994 0.00081608747132122517 -0.0039680167708707895 -0.00049686430655937236 -7.6497120905407173e-06 0.0030810492363778632
leaf_weight=36 969 20 32 26 27 21 30 31 27 20 24 26 20 30 20 24 28 32 21 26 27 20 22 21 20 37 23 27 2790 23
leaf_count=36 969 20 32 26 27 21 30 31 27 20 24 26 20 30 20 24 28 32 21 26 27 20 22 21 20 37 23 27 2790 23
internal_value=2.70245e-12 3.2061e-05 0.00175301 6.33835e-06 -0.000580953 -0.00117691 -0.00061351 0.000694594 3.81945e-05 -0.00129487 -0.000643438 2.33317e-05 4.04716e-05 1.46808e-05 -0.00119685 0.000133451 -0.000998394 4.35547e-05 0.000990916 0.00218897 -0.000456736 0.0020902 1.00701e-05 3.43903e-05 0.0025281 -0.000855078 -0.00222915 -1.15977e-06 1.27134e-05 0.00114898
internal_weight=4500 3531 52 3479 179 122 95 57 3300 74 54 3273 3219 3179 74 44 54 3105 106 58 48 40 2999 2917 41 82 45 2876 2840 50
internal_count=4500 3531 52 3479 179 122 95 57 3300 74 54 3273 3219 3179 74 44 54 3105 106 58 48 40 2999 2917 41 82 45 2876 2840 50
is_linear=0
shrinkage=0.1


Tree=68
num_leaves=31
num_cat=0
split_feature=1 8 8 9 5 9 8 10 9 9 8 5 4 10 3 6 4 4 7 5 1 6 5 4 4 1 7 7 7 9
split_gain=0.00177336 0.00802161 0.0215099 0.0422907 0.062855 0.0366785 0.0189312 0.0131258 0.0190963 0.0190551 0.0179981 0.0111306 0.00792733 0.00503233 0.00720931 0.0103248 0.00985673 0.00891459 0.00809813 0.00709397 0.00388911 0.00339615 0.0176555 0.0108563 0.0098462 0.00824079 0.00512283 0.016027 0.0167279 0.0364064
threshold=75.500000000000014 0.59208679199218761 0.77324163913726818 0.85695326328277599 0.95052289962768566 0.94909021258354198 0.70440104603767406 1.0217821598052981 0.9869733750820161 1.0233917832374577 0.9990786910057069 1.1777331233024599 0.7982979714870454 1.0982106924057009 1.1328423023223879 1.1422768235206606 1.0111918449401858 1.0162605047225954 0.0067669758573174017 1.3225111365318301 76.500000000000014 1.1970921754837038 1.3675627112388613 0.96765369176864635 1.0392067432403567 58.500000000000007 0.0025557917542755001 0.0019486543606034503 0.0015711885062045501 1.0634913444519045
decision_type=2 2 2 2 2 2 2 2 2 2 2 2 2 2 2 2 2 2 2 2 2 2 2 2 2 2 2 2 2 2
left_child=21 -2 6 -4 -5 12 -3 -7 -9 -10 11 -11 -6 -12 17 18 19 -15 -16 -17 -19 22 25 -23 -25 -1 27 28 -27 -30
right_child=1 2 3 4 5 7 -8 8 9 10 13 -13 -14 14 15 16 -18 20 -20 -21 -22 23 -24 24 -26 26 -28 -29 29 -31
leaf_value=-0.0017539034170719486 -0.0018190852469868132 7.8065544725037543e-05 -0.0045139025727456272 0.0054668567841872576 -0.0017657446009772166 0.002352054493332451 0.0039728345417339977 -0.0031749694887548683 0.0021691084700963788 -0.00036767079122364526 -0.0012029980817768614 -0.0032469708737435533 -0.0045475758495740594 0.0022458003984103278 -0.00029412292653932146 0.002653750583219032 -6.8130860550424526e-05 0.0012652324285313842 -0.0022693742252886295 0.00031080719948347127 -0.00041531450966431299 -0.002025982870587281 0.0027110412177325299 0.0015725524960765365 -7.8163766109320179e-05 -0.0001211630241043706 0.00023505636815250144 -0.001049270940172385 0.0032855794588613207 -0.00060920416896503111
leaf_weight=24 27 26 22 20 21 22 24 20 37 25 34 29 20 31 51 24 416 21 35 28 40 28 26 37 1545 432 1196 143 48 48
leaf_count=24 27 26 22 20 21 22 24 20 37 25 34 29 20 31 51 24 416 21 35 28 40 28 26 37 1545 432 1196 143 48 48
internal_value=-1.04081e-12 -0.00011952 -7.10119e-05 -0.000183655 -7.46558e-05 -0.000204434 0.00194755 -5.72621e-05 -0.000124272 -4.51361e-05 -0.000156753 -0.00191396 -0.00312274 -1.72103e-05 4.51996e-05 -9.09354e-05 9.41243e-05 0.000864969 -0.001098 0.00139217 0.000163234 3.29721e-05 0.0001229 -7.41032e-05 -3.95566e-05 8.73144e-05 0.000110983 -0.000110167 0.000144173 0.00133819
internal_weight=4500 973 946 896 874 854 50 813 791 771 734 54 41 680 646 554 468 92 86 52 61 3527 1917 1610 1582 1891 1867 671 528 96
internal_count=4500 973 946 896 874 854 50 813 791 771 734 54 41 680 646 554 468 92 86 52 61 3527 1917 1610 1582 1891 1867 671 528 96
is_linear=0
shrinkage=0.1


Tree=69
num_leaves=31
num_cat=0
split_feature=7 4 3 5 3 7 6 9 7 7 7 7 1 6 7 10 10 7 8 4 6 3 7 7 4 6 4 4 7 7
split_gain=0.00181827 0.013471 0.0146634 0.01457 0.00641053 0.00511379 0.0479786 0.0111887 0.00893836 0.011659 0.0084619 0.0138616 0.018977 0.00837194 0.00547176 0.0195444 0.0117753 0.00470724 0.0193448 0.0103948 0.00647417 0.00544275 0.00509862 0.015299 0.0138412 0.012966 0.0113889 0.00582543 0.0037758 0.0155189
threshold=0.045191049575805602 0.72763484716415416 1.3274870514869692 1.2533563375473025 1.1020732522010805 0.036106899380683857 0.92699885368347179 1.1043604612350466 0.03235371224582196 0.030155887827277152 0.026093821972608556 0.023255057632923053 73.500000000000014 1.0481579899787905 0.019777361303567855 1.133485794067383 1.265480160713196 0.015836834907531704 1.0221546888351443 0.78757351636886608 1.1767102479934695 1.3501172661781313 0.013717485591769203 0.012973690871149251 1.0364692211151125 1.0856768488883974 0.78757351636886608 1.0243765115737917 0.0075795326847582509 0.0067669758573174017
decision_type=2 2 2 2 2 2 2 2 2 2 2 2 2 2 2 2 2 2 2 2 2 2 2 2 2 2 2 2 2 2
left_child=5 2 3 4 -2 8 -7 -8 9 10 11 14 -13 -12 17 -16 -17 22 19 -19 -20 -22 23 28 -25 26 -24 -27 29 -1
right_child=1 -3 -4 -5 -6 6 7 -9 -10 -11 13 12 -14 -15 15 16 -18 18 20 -21 21 -23 25 24 -26 27 -28 -29 -30 -31
leaf_value=-1.9580650709457548e-05 -0.0009361222976029082 -0.0021183730200088273 0.0025610049149864134 -0.0026723939925432207 0.0011791003004059588 -0.0026120075769722464 0.0046268417872488499 0.0013928024329842353 -0.0016173657379113138 0.0018548696151222375 0.0001863578710154715 0.0032637187105137855 -0.00065576341446666494 -0.0024005905765205112 -0.0028561517794150858 0.0022525488212704662 -0.00078916423022747052 0.00076243026887823362 -0.0019433442192773025 0.0034543371741445022 0.0013900377565906161 -0.00063571093616903666 -0.00035241617905822672 0.003049882155873122 -0.00032435882138088352 0.0015667679042301397 -0.0035349435709497849 -0.00050984711120171213 -0.00025508408239195891 0.0011128382344308887
leaf_weight=3060 23 33 21 21 38 25 20 23 34 34 22 30 21 29 30 20 35 32 21 26 21 36 22 31 20 22 23 35 566 126
leaf_count=3060 23 33 21 21 38 25 20 23 34 34 22 30 21 29 30 20 35 32 21 26 21 36 22 31 20 22 23 35 566 126
internal_value=4.90465e-13 -0.000360077 0.00020326 -0.000400552 0.000381557 1.12215e-05 0.000871634 0.00289701 -2.39772e-06 1.04856e-05 -4.3462e-06 1.1286e-05 0.00164981 -0.00128465 -8.96729e-06 -0.000802992 0.000316913 7.73455e-06 0.00058607 0.00196915 -0.000442372 0.000110618 -1.24072e-05 6.30618e-06 0.00172665 -0.000710124 -0.00197904 0.000291653 -1.7078e-05 2.52043e-05
internal_weight=4500 136 103 82 61 4364 68 43 4296 4262 4228 4177 51 51 4126 85 55 4041 136 58 78 57 3905 3803 51 102 45 57 3752 3186
internal_count=4500 136 103 82 61 4364 68 43 4296 4262 4228 4177 51 51 4126 85 55 4041 136 58 78 57 3905 3803 51 102 45 57 3752 3186
is_linear=0
shrinkage=0.1


Tree=70
num_leaves=31
num_cat=0
split_feature=4 8 3 4 7 1 7 10 10 3 1 7 6 6 8 7 6 7 6 8 5 7 5 9 8 3 1 1 8 4
split_gain=0.00185662 0.00992159 0.00995592 0.00737488 0.0162983 0.0386298 0.0476561 0.0176637 0.0148951 0.0107636 0.0263273 0.042063 0.0105773 0.0179596 0.014677 0.02166 0.00849356 0.00821164 0.00781531 0.0112499 0.00778068 0.0128427 0.0119627 0.011549 0.0113687 0.0197024 0.0323577 0.026703 0.0157562 0.00859984
threshold=0.59984892606735241 0.79516232013702404 1.1754317283630373 0.67121952772140514 0.0089293317869305004 69.500000000000014 0.0029091050382703005 0.94978970289230358 1.1205419301986697 0.84005746245384227 68.500000000000014 0.0015711885062045501 0.86238035559654247 0.87679344415664684 0.80804795026779186 0.0051757590845227007 0.79340270161628734 0.00079893265501590016 0.89855700731277477 0.86226868629455578 0.9935218393802645 0.0014931957121006503 1.0041081905364992 0.91658815741539013 0.90309017896652233 1.1254466176033022 72.500000000000014 73.500000000000014 0.91146281361579906 0.89023995399475109
decision_type=2 2 2 2 2 2 2 2 2 2 2 2 2 2 2 2 2 2 2 2 2 2 2 2 2 2 2 2 2 2
left_child=1 2 -1 4 5 -2 -7 -6 -9 10 -5 17 14 -14 15 -11 -13 -12 19 -15 21 29 -22 -24 25 27 -27 -25 -26 -20
right_child=3 -3 -4 9 7 6 -8 8 -10 12 11 16 13 18 -16 -17 -18 -19 20 -21 22 -23 23 24 28 26 -28 -29 -30 -31
leaf_value=0.00021999701218746909 -0.0043182661023103827 0.0022755436599254607 -0.0020802293089218437 0.004165996950940185 0.0028118299630781017 0.0028860719072529013 -0.003554304097779095 -0.0017243944921154671 0.0015297991477630356 0.0014014824789257783 -0.00075521930231757116 0.0035969079701159072 0.0021381270235929736 -0.0025613833879168822 -0.0034392334587339847 -0.0026487601678008618 0.00098183376507626654 -0.0035864947456866504 -0.0015232647070661188 0.00024879559173963836 -0.0023456544255499139 0.0028054601656129726 0.0018846164137357848 -0.0041251974914110071 0.0026175323671296887 0.0034951252685416312 -0.0018294895030558111 -0.00018700946630916508 -8.562836125833428e-06 0.0013418594724498691
leaf_weight=318 33 22 20 21 21 27 20 39 22 31 21 23 39 29 21 23 27 20 20 28 22 26 32 33 23 21 25 36 3435 22
leaf_count=318 33 22 20 21 21 27 20 39 22 31 21 23 39 29 21 23 27 20 20 28 22 26 32 33 23 21 25 36 3435 22
internal_value=-3.3823e-12 0.000217823 8.38889e-05 -1.89412e-05 -0.000680323 -0.00169581 0.000145486 0.000310398 -0.000550751 7.99293e-06 0.000974418 0.0002379 -2.00049e-05 3.26047e-06 -0.00119599 -0.000323621 0.00218477 -0.00213633 -1.89303e-05 -0.00118094 -1.00478e-06 0.00105879 -2.08741e-05 -6.68678e-06 -2.36254e-05 -0.00100177 0.000601313 -0.00207049 8.90396e-06 -2.24854e-05
internal_weight=4500 360 338 4140 162 80 47 82 61 3978 112 91 3866 3791 75 54 50 41 3752 57 3695 68 3627 3605 3573 115 46 69 3458 42
internal_count=4500 360 338 4140 162 80 47 82 61 3978 112 91 3866 3791 75 54 50 41 3752 57 3695 68 3627 3605 3573 115 46 69 3458 42
is_linear=0
shrinkage=0.1


Tree=71
num_leaves=31
num_cat=0
split_feature=7 4 3 5 3 7 6 9 7 7 7 7 1 6 7 10 6 7 8 1 8 10 7 7 4 6 4 4 4 4
split_gain=0.00165143 0.010969 0.0111979 0.0119362 0.0136261 0.00395112 0.0387432 0.00867807 0.0074154 0.00950295 0.00687445 0.0111709 0.0152566 0.00675991 0.00432066 0.0150059 0.00929151 0.00367741 0.015355 0.00922895 0.00572881 0.0048535 0.00399247 0.0124844 0.0112818 0.010251 0.00902511 0.0047186 0.00300407 0.0149661
threshold=0.045191049575805602 0.72763484716415416 1.3274870514869692 1.1777331233024599 1.1020732522010805 0.036106899380683857 0.92699885368347179 1.1043604612350466 0.03235371224582196 0.030155887827277152 0.026093821972608556 0.023255057632923053 73.500000000000014 1.0481579899787905 0.019777361303567855 1.133485794067383 1.1502822041511538 0.015836834907531704 1.0221546888351443 70.500000000000014 1.086419999599457 1.3627154231071474 0.013717485591769203 0.012973690871149251 1.0364692211151125 1.0856768488883974 0.78757351636886608 1.0243765115737917 0.46828868985176086 0.4141248911619187
decision_type=2 2 2 2 2 2 2 2 2 2 2 2 2 2 2 2 2 2 2 2 2 2 2 2 2 2 2 2 2 2
left_child=5 2 3 4 -2 8 -7 -8 9 10 11 14 -13 -12 17 -16 -17 22 19 -19 -20 -22 23 28 -25 26 -24 -27 29 -1
right_child=1 -3 -4 -5 -6 6 7 -9 -10 -11 13 12 -14 -15 15 16 -18 18 20 -21 21 -23 25 24 -26 27 -28 -29 -30 -31
leaf_value=-0.0003612102774084257 -0.00087344695196446521 -0.0019297916837262387 0.0022255557179007503 -0.0016293375502125576 0.0026955083280336117 -0.0023634594741160984 0.0041104722628369931 0.0012622955062872043 -0.0014722419875290464 0.0016755966031376053 0.00016490870035671505 0.0029291651161232344 -0.0005851701367646456 -0.0021596752354024174 -0.0025116492322801304 0.0019881096761673691 -0.00071382848562539689 0.0033648353583306417 -0.0018092069287030472 0.0007651092523398499 0.0013779981993138791 -0.00055552307465994689 -0.00030765335541218521 0.0027552740813623511 -0.00029106665402650833 0.0014109473336826673 -0.0031407233429174247 -0.00045800611376762396 -2.8336608402527218e-05 0.0024210665294707849
leaf_weight=58 23 33 21 39 20 25 20 23 34 34 22 30 21 29 30 20 35 22 21 36 20 37 22 31 20 22 23 35 3665 29
leaf_count=58 23 33 21 39 20 25 20 23 34 34 22 30 21 29 30 20 35 22 21 36 20 37 22 31 20 22 23 35 3665 29
internal_value=1.71181e-12 -0.00034316 0.000165179 -0.000362479 0.000786532 1.06943e-05 0.000766996 0.00258703 -1.27701e-06 1.04576e-05 -2.93285e-06 1.11569e-05 0.00148209 -0.00115691 -7.02469e-06 -0.000712603 0.000268694 7.81673e-06 0.00051899 0.00175121 -0.000397279 0.000122905 -9.98596e-06 6.57355e-06 0.00156063 -0.000627396 -0.00175567 0.000263344 -1.45504e-05 0.000566215
internal_weight=4500 136 103 82 43 4364 68 43 4296 4262 4228 4177 51 51 4126 85 55 4041 136 58 78 57 3905 3803 51 102 45 57 3752 87
internal_count=4500 136 103 82 43 4364 68 43 4296 4262 4228 4177 51 51 4126 85 55 4041 136 58 78 57 3905 3803 51 102 45 57 3752 87
is_linear=0
shrinkage=0.1


Tree=72
num_leaves=31
num_cat=0
split_feature=4 9 4 6 8 8 5 10 4 9 8 6 5 3 3 8 9 7 9 1 10 6 10 1 5 6 6 7 7 7
split_gain=0.00171791 0.00338259 0.00332295 0.0136921 0.00924254 0.00769785 0.00466546 0.00654852 0.0120607 0.0169287 0.00930545 0.0145287 0.0113782 0.0271118 0.0163042 0.00778575 0.019902 0.0387557 0.0166662 0.0119015 0.00511573 0.0136993 0.00657579 0.0143036 0.0136964 0.019713 0.00941271 0.00343226 0.0212094 0.00810991
threshold=0.3555774986743927 0.4281361997127533 0.4141248911619187 0.53668823838233959 0.49432547390460974 0.55397137999534618 0.67775118350982677 0.73993930220603954 0.56893253326416027 0.67585831880569469 0.65136247873306286 0.73142021894454967 0.80974960327148449 0.76033285260200512 0.76033285260200512 0.68075460195541393 0.79761335253715526 0.0039145553018897503 0.81764185428619396 71.500000000000014 0.87618589401245128 0.83985057473182689 0.90760022401809703 72.500000000000014 0.95052289962768566 0.88827010989189159 0.87128576636314403 0.042485978454351363 0.036106899380683857 0.026093821972608556
decision_type=2 2 2 2 2 2 2 2 2 2 2 2 2 2 2 2 2 2 2 2 2 2 2 2 2 2 2 2 2 2
left_child=1 -1 3 -2 -4 -6 -7 8 -8 -10 11 -9 13 -12 -14 -16 17 -17 19 -18 -20 -22 23 -23 25 -24 -26 28 29 -28
right_child=2 -3 4 -5 5 6 7 10 9 -11 12 -13 14 -15 15 16 18 -19 20 -21 21 22 24 -25 26 -27 27 -29 -30 -31
leaf_value=-0.00020203109639364164 -0.0022107194362130638 0.0013819708864992628 0.0020021396486655527 0.00099381778078774601 -0.0013715322118070796 0.001138828844866819 -0.0029024896508252078 0.0029695527593570727 0.001966592703353275 -0.0018024823323895154 -0.0039661757083629947 -0.00013756429158520939 0.0026092980129760694 0.0010680736554786565 0.0019634660822339355 -0.005163123076040806 0.00044700823470217684 8.6030489854657883e-05 -0.001229982142446234 0.0037499905691947793 0.0024903414262966678 0.00052001733565703039 0.0032167470210321975 -0.0029697979605533996 -0.0019159412951781773 -0.00075139667107058429 7.0575188117268901e-06 -0.0005970313681852228 0.0022703913494762852 -0.00094896529092463656
leaf_weight=28 30 26 23 24 41 36 22 27 22 26 23 34 24 20 20 22 24 39 34 20 22 24 31 23 26 21 3560 96 41 91
leaf_count=28 30 26 23 24 41 36 22 27 22 26 23 34 24 20 20 22 24 39 34 20 22 24 31 23 26 21 3560 96 41 91
internal_value=4.08505e-13 0.000560637 -6.80935e-06 -0.000786481 2.77677e-06 -7.7486e-06 5.17079e-06 -4.33799e-06 -0.000963632 -7.49896e-05 1.15669e-05 0.00123772 -6.40834e-06 -0.00162466 1.04894e-05 -4.74541e-06 -1.44077e-05 -0.00180711 1.28424e-05 0.00194836 -8.61464e-06 1.93847e-06 -1.2052e-05 -0.00118776 2.24142e-06 0.00161423 -1.97364e-05 -6.72124e-06 8.62811e-06 -1.6771e-05
internal_weight=4500 54 4446 54 4392 4369 4328 4292 70 48 4222 61 4161 43 4118 4094 4074 61 4013 44 3969 3935 3913 47 3866 52 3814 3788 3692 3651
internal_count=4500 54 4446 54 4392 4369 4328 4292 70 48 4222 61 4161 43 4118 4094 4074 61 4013 44 3969 3935 3913 47 3866 52 3814 3788 3692 3651
is_linear=0
shrinkage=0.1


Tree=73
num_leaves=31
num_cat=0
split_feature=8 10 10 3 5 9 10 1 7 7 6 7 7 3 7 7 7 7 1 10 10 9 4 7 9 3 5 5 5 6
split_gain=0.00167278 0.0289733 0.0190171 0.0205697 0.0174768 0.0144149 0.0338452 0.0111845 0.0128736 0.00870669 0.00866099 0.00726577 0.00759027 0.0227716 0.00974934 0.0106948 0.0221048 0.0146919 0.0100527 0.0198488 0.0168756 0.0257567 0.0259224 0.0242932 0.0224708 0.0260099 0.0244286 0.0136529 0.0218101 0.021144
threshold=1.0798364877700808 1.3896487951278689 1.3177893161773684 1.3163002729415896 1.2605268955230715 1.1309779882431032 1.1704777479171755 73.500000000000014 0.017417277209460704 0.00018502432067175003 1.1349831819534304 0.00034317943209310006 0.00062397308647630008 0.97394949197769176 0.00075311303953635013 0.00082032789941875012 0.0009357790404464502 0.0010733254603109501 75.500000000000014 1.2061078548431399 1.1567329764366152 0.93497371673583995 0.79241478443145763 0.0049966415390371504 0.82436060905456554 0.95561286807060253 0.85106414556503307 1.0878289341926577 1.0665351152420046 0.99978497624397289
decision_type=2 2 2 2 2 2 2 2 2 2 2 2 2 2 2 2 2 2 2 2 2 2 2 2 2 2 2 2 2 2
left_child=1 2 3 4 9 6 -2 8 -6 -1 -9 -11 13 -13 -14 -16 -17 -18 19 27 21 22 24 -23 26 -26 -20 28 -19 -30
right_child=5 -3 -4 -5 7 -7 -8 10 -10 11 -12 12 14 -15 15 16 17 18 20 -21 -22 23 -24 -25 25 -27 -28 -29 29 -31
leaf_value=0.0019842143791417282 0.00027994844666529007 0.0037158389820251617 -0.0026971120320792713 0.0026685874874669093 -0.00071879830114388217 6.3826281420396965e-07 0.0044829038418659675 0.0011509822004220703 -0.0038750162447935771 -0.0015571278214338237 -0.0016550160087221725 0.002482589003338944 -0.0016824239556602128 -0.0014662867098155878 0.0020545572362607348 -0.0028077676378447432 0.002034615317825228 8.3417762634550703e-05 0.00018501978591774351 0.002660089978498632 -0.0020437198324648083 -0.00050913829670753334 -0.0042208549156785014 0.0018207727483025304 0.0036212481203533355 -0.0014176643959945068 -0.0040688330944114439 -0.00044517181478321541 0.0035447535448168456 0.000230281788091629
leaf_weight=21 95 20 28 27 24 2455 24 22 28 32 22 40 37 23 24 29 34 632 27 29 61 100 25 81 21 20 27 415 38 39
leaf_count=21 95 20 28 27 24 2455 24 22 28 32 22 40 37 23 24 29 34 632 27 29 61 100 25 81 21 20 27 415 38 39
internal_value=2.67215e-13 -7.04838e-05 -0.000110214 -7.1645e-05 -0.000111616 5.27396e-05 0.0011276 -0.00142542 -0.0024183 -3.97498e-05 -0.000252017 -6.42615e-05 -3.61935e-05 0.00104094 -7.75962e-05 -4.05309e-05 -7.23954e-05 -2.11844e-05 -6.73212e-05 7.70147e-05 -0.000527043 -0.000219677 -0.00135576 0.000533529 -0.00060179 0.00116324 -0.00194191 1.03695e-05 0.000277012 0.001866
internal_weight=4500 1926 1906 1878 1851 2574 119 96 52 1755 44 1734 1702 63 1639 1602 1578 1549 1515 1153 362 301 120 181 95 41 54 1124 709 77
internal_count=4500 1926 1906 1878 1851 2574 119 96 52 1755 44 1734 1702 63 1639 1602 1578 1549 1515 1153 362 301 120 181 95 41 54 1124 709 77
is_linear=0
shrinkage=0.1


Tree=74
num_leaves=31
num_cat=0
split_feature=4 1 4 5 10 10 4 4 8 4 7 1 4 7 7 1 10 6 4 7 5 10 3 7 6 8 4 4 4 6
split_gain=0.00156923 0.00675369 0.00549266 0.0078656 0.013638 0.00755346 0.0055546 0.00924636 0.00839107 0.0163132 0.0553231 0.00990806 0.00602303 0.0144743 0.0288946 0.0422659 0.0132166 0.0126568 0.00947375 0.034263 0.00734371 0.0312053 0.0263618 0.0252542 0.00827344 0.0117082 0.012605 0.0206787 0.0155884 0.0267629
threshold=0.37432800233364105 71.500000000000014 0.4141248911619187 0.62314611673355114 0.634300857782364 0.67007827758789074 0.47936786711215978 0.52870705723762523 0.64249685406684887 0.59984892606735241 0.017842333763837755 72.500000000000014 0.67121952772140514 0.0089293317869305004 0.0036542434245347504 69.500000000000014 0.94978970289230358 0.95231756567955028 0.69595852494239818 0.0057084634900092515 0.86692523956298839 0.86277806758880626 0.81133779883384716 0.00079893265501590016 0.86238035559654247 0.80192756652832042 0.77013820409774791 0.78757351636886608 0.81457558274269115 0.88407033681869518
decision_type=2 2 2 2 2 2 2 2 2 2 2 2 2 2 2 2 2 2 2 2 2 2 2 2 2 2 2 2 2 2
left_child=1 -1 -2 -4 -5 -6 -7 -8 11 10 -10 -9 13 14 15 -11 -15 -18 19 -14 22 -22 23 -20 -23 -26 -27 -28 -29 -30
right_child=2 -3 3 4 5 6 7 8 9 12 -12 -13 18 16 -16 -17 17 -19 20 -21 21 24 -24 -25 25 26 27 28 29 -31
leaf_value=-0.00017933759978041054 -0.0012377070191885451 0.0019231845053251494 0.0014544244496957274 -0.0022096449089336343 0.0017037834219921094 -0.0012257894078691214 0.0016982257671770641 -0.00016605254372045625 0.0057311018707141993 -0.003780930917710066 -0.00091649084802596808 -0.0029446436293212521 0.0041408545822681246 0.0024179732360477962 -0.0048015117423520206 0.0023337260040884409 -0.001601995296249171 0.0014119419756091454 -0.0020105171873001384 -0.00092838877579197281 0.0039487824635580189 -0.0012291780385104093 -0.0035378651917338947 0.0029546550075922693 0.0021209516365510916 -0.0011911694351345598 0.0026796684722849651 -0.0014089719272920161 0.0036769435717724265 8.5643260676190008e-06
leaf_weight=50 36 22 37 28 26 37 32 33 21 20 31 21 24 21 21 26 38 22 20 30 20 55 26 21 26 88 29 77 20 3542
leaf_count=50 36 22 37 28 26 37 32 33 21 20 31 21 24 21 21 26 38 22 20 30 20 55 26 21 26 88 29 77 20 3542
internal_value=-5.72911e-13 0.0004631 -7.53008e-06 2.55334e-06 -9.78173e-06 4.45358e-06 -5.81905e-06 4.76699e-06 -8.03799e-06 7.97044e-06 0.00176811 -0.00124662 -1.42127e-05 -0.000640602 -0.00172796 -0.00032482 0.000258819 -0.000496885 9.09193e-06 0.00132461 -9.0115e-06 9.01891e-06 -0.00104697 0.00053262 -1.15167e-05 6.19119e-06 -8.44772e-06 1.99273e-05 -1.26879e-06 2.91616e-05
internal_weight=4500 72 4428 4392 4355 4327 4301 4264 4232 4178 52 54 4126 148 67 46 81 60 3978 54 3924 3857 67 41 3837 3782 3756 3668 3639 3562
internal_count=4500 72 4428 4392 4355 4327 4301 4264 4232 4178 52 54 4126 148 67 46 81 60 3978 54 3924 3857 67 41 3837 3782 3756 3668 3639 3562
is_linear=0
shrinkage=0.1


Tree=75
num_leaves=31
num_cat=0
split_feature=8 9 9 7 7 9 3 3 4 7 9 4 5 9 7 8 6 10 4 6 4 7 4 10 9 1 6 6 8 8
split_gain=0.00133158 0.00582899 0.00769785 0.00517885 0.00542702 0.00511245 0.00788784 0.0136491 0.00872232 0.00446224 0.00746257 0.0118304 0.00944435 0.00717436 0.00710089 0.00702696 0.00587856 0.00994946 0.00802994 0.00871333 0.00855791 0.0142172 0.0163213 0.0145139 0.0374706 0.0284619 0.0243965 0.0122328 0.0097122 0.0362271
threshold=0.4633566290140152 0.5603003501892091 0.60005059838294994 0.017086490988731304 0.0058518887963145512 0.63075745105743419 0.69994342327117931 0.73492592573165905 0.61835780739784252 0.042485978454351363 0.8626782000064851 0.83491867780685436 1.3768032789230349 0.70041579008102428 0.038295567035675007 0.78003862500190746 0.74895519018173229 0.81540432572364818 0.60763913393020641 0.80106201767921459 0.81457558274269115 0.03235371224582196 0.7982979714870454 1.0061869621276858 1.0262490510940554 71.500000000000014 0.90382349491119396 0.88407033681869518 0.88344120979309093 0.86903789639472973
decision_type=2 2 2 2 2 2 2 2 2 2 2 2 2 2 2 2 2 2 2 2 2 2 2 2 2 2 2 2 2 2
left_child=3 -2 -3 4 -1 -4 8 -8 -7 13 -11 12 15 -9 16 -12 -15 -18 19 -19 21 22 23 26 25 -25 -20 -22 29 -29
right_child=1 2 5 -5 -6 6 7 9 -10 10 11 -13 -14 14 -16 -17 17 18 20 -21 27 -23 -24 24 -26 -27 -28 28 -30 -31
leaf_value=0.00060909949401816859 -0.0013525174857932144 0.0015984188516934715 -0.0012303915450020749 0.0017144211102277042 -0.0012603049331422276 0.0021968333036912718 -0.0020414910758986618 0.0017426910329542506 -0.00018654660754171865 -0.0019279226589494483 0.0010869023467724524 -0.0022146519028782763 0.0022254969880339645 -0.0011149889787044774 0.0014923859460395763 -0.0011221314052818343 0.0017391264812569277 8.4597529244742219e-05 -0.00014042417358795154 0.002744016677818515 0.0023781613679602744 -0.0030042472350898953 -0.0020388684303422151 -0.00026988502359017732 -0.0018480011395045689 0.004538995743496344 -0.0038010315645078661 0.0016742308410660673 3.4129082321766101e-05 -0.0034318987781069045
leaf_weight=44 32 30 34 22 24 34 33 24 28 31 24 22 21 47 32 36 33 28 203 22 22 21 48 20 28 32 20 24 3448 33
leaf_count=44 32 30 34 22 24 34 33 24 28 31 24 22 21 47 32 36 33 28 203 22 22 21 48 20 28 32 20 24 3448 33
internal_value=1.03554e-12 -7.77105e-06 2.05807e-06 0.000380781 -5.06903e-05 -8.95638e-06 6.70141e-07 -1.56581e-05 0.00112047 1.87524e-07 -0.000567639 -0.000158233 0.000400301 1.88139e-05 8.62599e-06 -0.000238518 -3.15865e-06 9.96441e-06 -4.48541e-06 0.00125474 -2.06335e-05 -0.000476816 -0.000325602 -5.41934e-05 0.00110133 0.00268943 -0.00046873 2.7481e-05 1.27264e-05 -0.00128195
internal_weight=4500 4410 4378 90 68 4348 4314 4252 62 4219 134 103 81 4085 4061 60 4029 3982 3949 50 3899 372 351 303 80 52 223 3527 3505 57
internal_count=4500 4410 4378 90 68 4348 4314 4252 62 4219 134 103 81 4085 4061 60 4029 3982 3949 50 3899 372 351 303 80 52 223 3527 3505 57
is_linear=0
shrinkage=0.1


Tree=76
num_leaves=31
num_cat=0
split_feature=5 5 8 4 4 10 9 4 7 3 6 10 5 10 5 8 9 8 8 9 5 6 4 9 9 5 6 7 5 1
split_gain=0.00127446 0.0166106 0.0131733 0.0215741 0.0246334 0.0109508 0.0159013 0.0184339 0.0156968 0.0164354 0.0124363 0.00856604 0.00843575 0.0123803 0.0126578 0.0152199 0.0284431 0.00980265 0.00964493 0.00877294 0.0123529 0.0301779 0.0114602 0.0207451 0.0335239 0.018218 0.0119794 0.00879648 0.0128808 0.0174362
threshold=1.1580399274826052 1.1181275248527529 1.0251140594482424 0.84487199783325206 0.90401050448417675 1.1538674831390383 1.0022526383399966 0.85239404439926159 0.0045004040002822009 1.1229283809661867 1.0029791593551638 1.1040126085281374 1.1047734022140505 1.0852915644645693 1.0928380489349367 0.9990786910057069 1.0328530669212344 0.9990786910057069 1.0113654136657717 1.010289788246155 1.0622181296348574 0.96771410107612621 0.93501153588294994 0.94445890188217174 0.93497371673583995 1.0359056591987612 0.91658806800842296 0.0012401944259181001 1.0359056591987612 73.500000000000014
decision_type=2 2 2 2 2 2 2 2 2 2 2 2 2 2 2 2 2 2 2 2 2 2 2 2 2 2 2 2 2 2
left_child=1 12 3 -3 -5 6 -2 -8 -9 -10 -7 -6 13 14 15 16 19 -14 -17 20 22 -22 23 24 25 26 -1 -25 29 -29
right_child=5 2 -4 4 11 10 7 8 9 -11 -12 -13 17 -15 -16 18 -18 -19 -20 -21 21 -23 -24 27 -26 -27 -28 28 -30 -31
leaf_value=-2.4988118101659059e-05 0.0025503090198617431 0.00033149264203623322 -9.228972139053754e-05 -0.0053853333118075337 -0.00028297835650543376 -0.0020029490263456661 -0.0023679291554303331 -0.00010499542745916794 0.00046976378459172947 0.0043004886114171572 1.0990970672479277e-05 -0.0027381671972020911 -0.00014845682555019406 -0.0022430176193059498 0.0019819485771497996 -0.0031824486573565412 0.0038231441029347481 0.0021933372395160871 -0.00062757534518217051 -0.001496385578600992 -0.00052800887685923567 0.003739948825289806 0.0018991436048721275 -0.0032951568812131884 0.0036914751082658768 0.0029482247016858311 -0.0020029383827932178 -0.0017630970172051873 -0.00258897090060336 0.0018332103535962795
leaf_weight=710 40 39 116 22 30 31 22 75 24 21 2811 27 33 24 33 22 20 39 45 37 37 30 30 20 25 20 32 28 31 26
leaf_count=710 40 39 116 22 30 31 22 75 24 21 2811 27 33 24 33 22 20 39 45 37 37 30 30 20 25 20 32 28 31 26
internal_value=2.98056e-12 -7.61735e-05 -0.000849037 -0.00159296 -0.002543 3.71799e-05 0.000789164 0.000293067 0.000780916 0.00225744 -1.09767e-05 -0.00144596 6.94384e-05 4.78759e-06 5.1862e-05 -5.36424e-06 8.8226e-05 0.00112001 -0.00146649 1.54205e-05 7.19795e-05 0.00138302 -2.32911e-05 -8.7947e-05 8.8203e-05 -3.00146e-05 -0.000110291 -0.00140823 -0.000964251 -3.15416e-05
internal_weight=4500 1476 234 118 79 3024 182 142 120 45 2842 57 1242 1170 1146 1113 1046 72 67 1026 989 67 922 892 787 762 742 105 85 54
internal_count=4500 1476 234 118 79 3024 182 142 120 45 2842 57 1242 1170 1146 1113 1046 72 67 1026 989 67 922 892 787 762 742 105 85 54
is_linear=0
shrinkage=0.1


Tree=77
num_leaves=31
num_cat=0
split_feature=1 8 8 9 5 9 8 7 4 8 5 4 5 4 9 4 8 8 8 6 9 6 5 4 4 1 1 7 6 8
split_gain=0.00145152 0.00633211 0.01509 0.0309545 0.0476351 0.0240683 0.0146229 0.00881547 0.0262336 0.0232119 0.0119877 0.0136269 0.00590392 0.0109081 0.0107835 0.00728085 0.0167411 0.0065396 0.00617213 0.0058175 0.00407383 0.00256067 0.0124044 0.00768924 0.00732447 0.00651195 0.00492551 0.00748037 0.00463111 0.0110451
threshold=75.500000000000014 0.59208679199218761 0.77324163913726818 0.85695326328277599 0.95052289962768566 0.94909021258354198 0.70440104603767406 0.027287350036203802 0.84859099984169017 0.92764446139335632 1.0928380489349367 0.92927005887031566 1.1112860441207888 0.97207269072532665 1.0634913444519045 1.0111918449401858 1.0846133232116701 1.0396987795829775 1.0195056796073916 0.90382349491119396 1.0169470906257629 1.1970921754837038 1.3675627112388613 0.96765369176864635 1.0392067432403567 58.500000000000007 61.500000000000007 0.0090605672448873017 1.1746768951416018 1.1330345869064333
decision_type=2 2 2 2 2 2 2 2 2 2 2 2 2 2 2 2 2 2 2 2 2 2 2 2 2 2 2 2 2 2
left_child=21 -2 6 -4 -5 19 -3 8 20 -9 11 -10 -12 14 -14 16 17 -15 -16 -6 -7 22 25 -23 -25 -1 27 -27 -28 -30
right_child=1 2 3 4 5 7 -8 9 10 -11 12 -13 13 15 18 -17 -18 -19 -20 -21 -22 23 -24 24 -26 26 28 -29 29 -31
leaf_value=-0.0015586378770725182 -0.0016181467859833329 -1.7379949601420847e-05 -0.0038640726669903168 0.0047580317952088079 -0.0013225125009194017 0.0035232047364115713 0.0034056457385304387 -0.0038554610534837206 0.00034992342581972478 0.00065431159734725963 0.0016421255012530657 -0.0030677025605525291 0.00068442830613449866 0.0012906170589849354 -0.0032963548135012386 -4.2718483777621668e-05 0.0031229420863091947 -0.0010951481863028475 -0.0011260305776407845 -0.0037055754147115208 0.0015048310183919968 -0.0017058263482925082 0.0022772993977503994 0.0013563556773828463 -6.7370148051550037e-05 -0.00010263820718550546 2.76893878782132e-05 0.0025695050857029856 0.0020555846211022864 8.7321523000664111e-05
leaf_weight=24 27 26 22 20 20 20 24 21 20 25 21 28 23 20 20 505 25 27 38 21 20 28 26 37 1545 22 1680 20 39 106
leaf_count=24 27 26 22 20 20 20 24 21 20 25 21 28 23 20 20 505 25 27 38 21 20 28 26 37 1545 22 1680 20 39 106
internal_value=-2.87501e-13 -0.000108131 -6.50336e-05 -0.000159381 -6.61279e-05 -0.000179106 0.00162567 -5.98882e-05 2.07533e-05 -0.0014045 -0.000116428 -0.00164369 -8.46202e-06 -6.11403e-05 -0.00114783 9.14108e-05 0.00103218 -7.99289e-05 -0.00187442 -0.00254311 0.00251402 2.98304e-05 0.000107917 -6.31459e-05 -3.40719e-05 7.80893e-05 9.91291e-05 0.00116981 7.44888e-05 0.000616716
internal_weight=4500 973 946 896 874 854 50 813 767 46 727 48 679 658 81 577 72 47 58 41 40 3527 1917 1610 1582 1891 1867 42 1825 145
internal_count=4500 973 946 896 874 854 50 813 767 46 727 48 679 658 81 577 72 47 58 41 40 3527 1917 1610 1582 1891 1867 42 1825 145
is_linear=0
shrinkage=0.1


Tree=78
num_leaves=31
num_cat=0
split_feature=4 1 4 8 8 1 9 5 3 5 10 10 5 10 6 6 6 3 6 4 7 4 1 4 6 10 1 8 8 9
split_gain=0.00123596 0.00578447 0.0046692 0.0073127 0.00565634 0.00422497 0.00392907 0.00934494 0.0068541 0.0141779 0.00935491 0.00665679 0.00904796 0.00900526 0.00664055 0.0202093 0.0164751 0.00398512 0.0112719 0.00413312 0.0302529 0.0159666 0.0216821 0.012111 0.0158846 0.0116244 0.00967348 0.00801838 0.037549 0.0105489
threshold=0.37432800233364105 71.500000000000014 0.4141248911619187 0.49432547390460974 0.55397137999534618 65.500000000000014 0.61659356951713573 0.69564729928970348 0.69994342327117931 0.7620186209678651 0.73993930220603954 0.7678477168083192 0.82098057866096508 0.81540432572364818 0.78600874543190014 0.80106201767921459 0.7706032693386079 0.83389073610305797 0.82480955123901378 0.77013820409774791 0.0053287958726286506 0.79241478443145763 71.500000000000014 0.81457558274269115 0.88407033681869518 0.94978970289230358 73.500000000000014 0.86903789639472973 0.87791049480438244 0.97786989808082592
decision_type=2 2 2 2 2 2 2 2 2 2 2 2 2 2 2 2 2 2 2 2 2 2 2 2 2 2 2 2 2 2
left_child=1 5 -2 -4 -5 -1 -6 -8 9 -9 -10 -12 -13 -14 16 -16 -15 -17 -19 20 -20 22 -21 26 -25 -22 -23 -26 -29 -30
right_child=2 -3 3 4 6 -7 7 8 10 -11 11 12 13 14 15 17 -18 18 19 21 25 23 -24 24 27 -27 -28 28 29 -31
leaf_value=0.00089666656262817838 -0.0011409034085873928 0.0017622528216716918 0.0017810364028580652 -0.0011757854156468699 0.001185072317769352 -0.00096579920861805831 -0.0018934613863865917 0.0030311131934550677 -0.0018262741533232787 -0.0006476666778326035 0.0016027926180798274 -0.0015807737292359689 0.0018317601445165498 -0.00029766187127769139 -0.0026938498452571888 -0.0010171716095340488 0.0029520982880897537 0.0018810395583386708 -0.0039355067536234857 -0.00068647608859464528 0.0018532633215987257 -0.00023218239280017647 0.003288956655887887 0.0028335988195613026 0.0018290761077272085 -0.00031174211212286882 -0.0026269539860227418 -0.0041233541338111862 0.00083850523837015578 -1.5987349405432801e-05
leaf_weight=21 36 22 23 41 28 29 26 22 28 20 26 36 27 39 28 38 26 32 22 23 28 37 34 20 24 217 31 22 151 3343
leaf_count=21 36 22 23 41 28 29 26 22 28 20 26 36 27 39 28 38 26 32 22 23 28 37 34 20 24 217 31 22 151 3343
internal_value=1.80072e-12 0.000410991 -6.68279e-06 2.6141e-06 -6.74816e-06 -0.000183564 4.32637e-06 -3.36221e-06 8.13582e-06 0.00127931 -4.47984e-06 7.6539e-06 -2.27276e-06 1.14467e-05 -4.97029e-07 -1.65904e-05 0.00100224 2.04793e-06 1.17694e-05 -3.36639e-06 -0.000383288 2.41612e-05 0.00168483 -1.92991e-06 2.33215e-05 -6.43129e-05 -0.00132392 7.44424e-06 -4.9901e-06 2.09412e-05
internal_weight=4500 72 4428 4392 4369 50 4328 4300 4274 42 4232 4204 4178 4142 4115 4050 65 4022 3984 3952 267 3685 57 3628 3560 245 68 3540 3516 3494
internal_count=4500 72 4428 4392 4369 50 4328 4300 4274 42 4232 4204 4178 4142 4115 4050 65 4022 3984 3952 267 3685 57 3628 3560 245 68 3540 3516 3494
is_linear=0
shrinkage=0.1


Tree=79
num_leaves=31
num_cat=0
split_feature=1 9 5 10 7 9 8 8 8 5 4 8 10 6 10 4 1 5 4 5 7 10 10 3 7 5 5 7 1 3
split_gain=0.00128016 0.00571405 0.032448 0.0289434 0.0210146 0.0163689 0.0106916 0.0208152 0.0106365 0.00747349 0.0131175 0.00758166 0.00587723 0.00518993 0.0180918 0.00922281 0.00560874 0.00551295 0.00498399 0.00241375 0.0296298 0.014554 0.0129119 0.00761819 0.00520092 0.00909753 0.00528404 0.00967083 0.00749262 0.00737097
threshold=75.500000000000014 0.82436060905456554 0.95052289962768566 0.97236365079879772 0.0022252263734116504 0.73604714870452892 0.83164146542549144 0.90790951251983654 0.94717639684677135 1.1472194194793703 0.92548081278800975 1.0009998083114626 1.1392766833305361 1.1479266881942751 1.1968632936477663 1.0111918449401858 76.500000000000014 1.1982936859130859 0.97885084152221691 0.62314611673355114 0.00088496244279660016 0.634300857782364 0.49606190621852875 0.6525249481201173 0.00027628247335080005 1.0972563028335574 0.7620186209678651 0.0018877534312195501 70.500000000000014 0.75033777952194225
decision_type=2 2 2 2 2 2 2 2 2 2 2 2 2 2 2 2 2 2 2 2 2 2 2 2 2 2 2 2 2 2
left_child=19 4 -3 -4 -2 -6 -5 -8 -9 10 -10 -12 -11 14 16 18 -14 -18 -15 20 -1 -21 -22 -23 25 -25 27 -26 -29 -28
right_child=1 2 3 6 5 -7 7 8 9 12 11 -13 13 15 -16 -17 17 -19 -20 21 22 23 -24 24 26 -27 29 28 -30 -31
leaf_value=0.0033539636759087445 0.0013365195398109791 0.003144735563921953 -0.0032537671299811841 0.00178193507956401 -0.00045114854532901367 -0.0043127121304028801 -0.0025322652791681536 0.0016991109041763206 0.0009794531534586487 0.0014379763528142638 -0.00290613195572335 -0.00083381322085518742 0.00098039959311091267 0.00060039967608948555 -0.0028324825722458109 -1.9349844302311354e-05 -0.0013326053806748759 0.00067668849792839464 0.0026383699569851159 -0.0021074534988656524 -0.0026913327031901908 0.0014821654819469486 0.00044516899656238303 -0.0026335917052347215 0.0027623894298449158 -0.0001239529219254529 -0.0014896369979396696 0.0014263358011486985 -0.0012449609200259493 3.5611953149007538e-05
leaf_weight=26 25 31 29 31 23 21 34 35 29 29 26 55 39 30 28 430 36 22 20 32 21 36 35 20 20 52 32 21 21 3211
leaf_count=26 25 31 29 31 23 21 34 35 29 29 26 55 39 30 28 430 36 22 20 32 21 36 35 20 20 52 32 21 21 3211
internal_value=8.2669e-13 -0.000101548 -3.45973e-05 -0.000147495 -0.000978701 -0.00229417 -4.07624e-05 -0.000110263 -4.55255e-06 -8.4698e-05 -0.000845591 -0.001499 4.73181e-05 -1.93415e-05 -0.000593285 0.000130123 5.30818e-05 -0.000570459 0.00141559 2.80143e-05 0.000564219 1.52512e-05 -0.000731019 3.51535e-05 1.97278e-05 -0.000821075 3.80449e-05 0.000952527 9.06874e-05 2.05617e-05
internal_weight=4500 973 904 873 69 44 844 813 779 744 110 81 634 605 125 480 97 58 50 3527 82 3445 56 3413 3377 72 3305 62 42 3243
internal_count=4500 973 904 873 69 44 844 813 779 744 110 81 634 605 125 480 97 58 50 3527 82 3445 56 3413 3377 72 3305 62 42 3243
is_linear=0
shrinkage=0.1


Tree=80
num_leaves=31
num_cat=0
split_feature=7 5 6 7 7 7 9 5 3 9 6 10 5 1 5 8 7 6 6 3 6 4 5 6 10 10 5 8 6 5
split_gain=0.00137129 0.00263878 0.0128255 0.00833054 0.0182886 0.0120476 0.00587302 0.00455327 0.00427914 0.00692554 0.0138966 0.00614534 0.00692505 0.0164713 0.00579049 0.00534838 0.00825373 0.00859818 0.00516301 0.0241106 0.00889362 0.0032782 0.0182274 0.00895778 0.00596579 0.00795627 0.00645452 0.0108461 0.00918601 0.0090813
threshold=0.00014798163465455002 0.69564729928970348 0.61516183614730846 0.0079168104566633025 0.0023137358948588003 0.0013203273992985003 0.60005059838294994 0.58860188722610485 0.69994342327117931 0.71077436208724987 0.69650825858116161 0.7678477168083192 0.8318290412425996 72.500000000000014 0.7620186209678651 0.70440104603767406 0.027287350036203802 0.80106201767921459 0.80106201767921459 0.85017859935760509 0.81718167662620556 0.60763913393020641 1.1075508594512942 0.83152276277542125 0.88955050706863414 0.90760022401809703 0.95052289962768566 0.84703961014747631 0.89485260844230663 0.97234070301055919
decision_type=2 2 2 2 2 2 2 2 2 2 2 2 2 2 2 2 2 2 2 2 2 2 2 2 2 2 2 2 2 2
left_child=-1 2 3 4 5 -2 -3 -6 14 10 -10 -11 13 -13 -8 16 -14 -18 19 -17 -20 22 -22 -23 -25 -26 27 -27 -28 -30
right_child=1 6 -4 -5 7 -7 8 -9 9 11 -12 12 15 -15 -16 18 17 -19 20 -21 21 23 -24 24 25 26 28 -29 29 -31
leaf_value=0.00061470880415678657 0.00032233327357588629 0.0017193636600859466 -0.0027077574388212748 -0.0017872623340024251 0.0006414378075749569 -0.0024712501985329886 0.0018723265904035153 0.0025893573137831744 0.00031541140541728392 0.0016032487328629941 -0.0024896007242866539 0.00059002984101728852 -0.00061293971131090076 -0.0031981097386133946 -0.00032435496645380875 0.00077905437924088007 0.0030828059994911948 0.00039668342573210023 0.0016700981272151695 -0.0036094360652246648 0.0029582134833964074 -0.0018283712651787536 -0.0012082475636686599 0.0015091009570124489 -0.0015116264331819758 0.0026149165490642191 -0.0013074612309638826 -0.00022734446402896069 0.0018335537685844529 -7.1405672499452464e-06
leaf_weight=36 38 20 21 23 21 26 28 28 38 24 33 24 25 22 21 31 22 26 32 21 21 27 21 26 35 25 54 29 27 3675
leaf_count=36 38 20 21 23 21 26 28 28 38 24 33 24 25 22 21 31 22 26 32 21 21 27 21 26 35 25 54 29 27 3675
internal_value=2.24655e-13 -4.95733e-06 -0.000407653 -5.24903e-05 0.000300605 -0.00081256 9.72186e-06 0.00175453 1.74593e-06 -8.99691e-06 -0.000988327 7.68954e-06 -1.55339e-06 -0.00122169 0.000930892 1.2146e-05 0.000860438 0.00162782 -3.24304e-06 -0.000993221 9.71739e-06 -3.76793e-06 0.000874983 -1.32363e-05 -5.75798e-07 -1.07843e-05 3.00299e-06 0.00108852 -1.26034e-05 6.28427e-06
internal_weight=4500 4464 157 136 113 64 4307 49 4287 4238 71 4167 4143 46 49 4097 73 48 4024 52 3972 3940 42 3898 3871 3845 3810 54 3756 3702
internal_count=4500 4464 157 136 113 64 4307 49 4287 4238 71 4167 4143 46 49 4097 73 48 4024 52 3972 3940 42 3898 3871 3845 3810 54 3756 3702
is_linear=0
shrinkage=0.1


Tree=81
num_leaves=31
num_cat=0
split_feature=7 9 9 5 9 8 10 9 8 4 3 9 3 1 9 8 3 4 4 9 10 6 3 10 4 9 7 7 7 1
split_gain=0.00124108 0.00717293 0.0102676 0.0161128 0.0147645 0.0136174 0.00868543 0.0125124 0.0208675 0.0175425 0.0191413 0.0169306 0.00691737 0.0198673 0.0175237 0.011353 0.00742291 0.00579142 0.0143155 0.00808211 0.00406821 0.0176608 0.0303835 0.0120601 0.0151016 0.0150482 0.0115601 0.0109423 0.0230073 0.0193946
threshold=0.0026896541239693505 0.4281361997127533 0.63075745105743419 0.62314611673355114 0.67585831880569469 0.69407942891120922 0.77690920233726513 0.79761335253715526 0.79516232013702404 0.83491867780685436 0.86603510379791271 0.90698984265327465 0.94941160082817089 71.500000000000014 0.97786989808082592 0.97565960884094249 1.01064670085907 0.97885084152221691 0.95025980472564708 1.0656844377517702 1.0635861158370974 0.97179815173149131 1.0359104275703432 1.0982106924057009 0.7982979714870454 1.0416946411132815 0.0029091050382703005 0.0033734830794855506 0.0031442466424777501 71.500000000000014
decision_type=2 2 2 2 2 2 2 2 2 2 2 2 2 2 2 2 2 2 2 2 2 2 2 2 2 2 2 2 2 2
left_child=1 -1 3 -3 -4 -6 -7 -8 -9 10 -10 -11 13 -13 -14 -16 -17 18 -18 -19 21 26 -23 24 -22 -26 -2 28 -28 -29
right_child=20 2 4 -5 5 6 7 8 9 11 -12 12 14 -15 15 16 17 19 -20 -21 23 22 -24 -25 25 -27 27 29 -30 -31
leaf_value=0.0018162903469055892 0.0023345365443012932 -1.8745601961487219e-05 0.002594375685051394 -0.0032494525228125544 -0.0024385938440294316 0.0018104973193258048 -0.002243698766240134 0.0030262236906723541 -0.0035969536892009966 0.0027478356062519281 -9.97738221057636e-05 -0.0034668786578219042 0.0024717661480930736 0.00046241869323796804 -0.001759702340993834 0.0014743877715910928 -0.00092412973754107952 -0.0012271055162458098 0.0026652983687818054 -2.7917534744944692e-05 0.00090131631392675144 0.0042318198171540583 -0.00017424125279135567 3.2346503989378075e-05 -0.0028436261989480379 -0.00012875032478145191 0.00067765129179778432 -0.00055564988670567781 -0.0040086628658173142 0.00070099578317787958
leaf_weight=20 22 38 21 26 24 25 26 22 29 22 34 22 28 31 38 33 20 59 25 1185 30 29 34 2036 49 35 22 226 20 269
leaf_count=20 22 38 21 26 24 25 26 22 29 22 34 22 28 31 38 33 20 59 25 1185 30 29 34 2036 49 35 22 226 20 269
internal_value=-3.96758e-12 -6.65147e-05 -8.85616e-05 -0.00133122 -4.01856e-05 -7.42742e-05 -3.87873e-05 -6.81596e-05 -3.16196e-05 -7.57038e-05 -0.00170959 -5.34521e-06 -4.73785e-05 -0.00116861 -4.5649e-06 -5.55482e-05 -6.56342e-06 -4.44776e-05 0.00107 -8.47922e-05 4.14637e-05 0.000266695 0.00185395 -2.36963e-05 -0.0010246 -0.00171243 8.78101e-05 -4.23452e-06 -0.00155393 0.000127255
internal_weight=4500 1728 1708 64 1644 1623 1599 1574 1548 1526 63 1463 1441 53 1388 1360 1322 1289 45 1244 2772 622 63 2150 114 84 559 537 42 495
internal_count=4500 1728 1708 64 1644 1623 1599 1574 1548 1526 63 1463 1441 53 1388 1360 1322 1289 45 1244 2772 622 63 2150 114 84 559 537 42 495
is_linear=0
shrinkage=0.1


Tree=82
num_leaves=31
num_cat=0
split_feature=1 5 6 10 10 10 5 6 8 7 4 3 10 3 7 10 7 9 10 7 1 6 6 10 8 8 7 8 4 9
split_gain=0.00125665 0.0123916 0.0208424 0.0204719 0.0234195 0.0196651 0.00893447 0.0102023 0.00796719 0.0162595 0.00744236 0.0205235 0.0346622 0.0156379 0.0148299 0.0147352 0.0132191 0.0155529 0.00925175 0.00814465 0.00892141 0.00853972 0.00673332 0.0188104 0.0123287 0.0341708 0.0303447 0.0112612 0.0116779 0.0102818
threshold=72.500000000000014 0.78282994031906139 0.60071939229965221 0.79206377267837536 0.84447503089904796 0.86277806758880626 0.9398424029350283 0.8098600208759309 0.79516232013702404 0.0017216342384926502 0.62410295009613048 0.75033777952194225 0.82575479149818432 0.83389073610305797 0.00079893265501590016 0.49606190621852875 0.036106899380683857 0.72291535139083873 1.0380532741546633 0.0049233313184231008 68.500000000000014 0.60071939229965221 0.89485260844230663 0.94978970289230358 0.8552134931087495 0.90309017896652233 0.025012545287609055 0.9181596338748933 0.78757351636886608 0.93497371673583995
decision_type=2 2 2 2 2 2 2 2 2 2 2 2 2 2 2 2 2 2 2 2 2 2 2 2 2 2 2 2 2 2
left_child=10 2 -2 -3 -5 -6 8 -8 -7 -10 14 -12 -13 -14 -1 -16 17 19 -18 21 -21 -17 -9 -24 26 29 -25 -27 -29 -26
right_child=1 3 -4 4 5 6 7 22 9 -11 11 12 13 -15 15 16 18 -19 -20 20 -22 -23 23 24 25 27 -28 28 -30 -31
leaf_value=0.0030475059778175572 0.00031636972321061102 0.0027282351455478757 -0.0028920741306501445 -0.0026461318671756415 0.0030444664814110317 -0.0027809207216792165 0.0021486938655884426 -0.00095909470213857836 -0.0023102685181505007 0.0014498738582124529 -0.0024845983369177153 0.0035235096405293528 -0.0026119281487215476 1.0691800984153249e-05 -0.002195095874014355 -9.0225839056074617e-05 -0.0023879972053691746 0.0026959735149142856 0.00045105801254976543 0.00078329730167752136 -0.0016383317307215829 0.0023764618861605415 0.0029959067303155151 0.0042550898278537006 -0.0041289432143623182 0.0020453652246268813 -0.00030336270778207112 0.0018496417581583516 -5.0115707386060105e-05 -0.0014124621661674036
leaf_weight=22 41 27 40 34 21 21 22 73 23 23 33 28 23 1978 21 25 22 41 24 32 29 32 21 23 22 27 40 33 1661 38
leaf_count=22 41 27 40 34 21 21 22 73 23 23 33 28 23 1978 21 25 22 41 24 32 29 32 21 23 22 27 40 33 1661 38
internal_value=7.16434e-13 -5.42731e-05 -0.00126805 -7.65589e-06 -4.31357e-05 7.80619e-08 -3.14622e-05 7.35433e-06 -0.00116699 -0.000430197 5.14537e-05 -1.07951e-05 2.94393e-05 -1.94533e-05 0.000569022 0.000327754 0.000586192 0.00101811 -0.000906751 0.000435127 -0.000367969 0.00129458 -1.6954e-05 1.99234e-05 -1.3968e-05 -6.25994e-05 0.00136083 1.9187e-05 -1.31074e-05 -0.00240851
internal_weight=4500 2190 81 2109 2082 2048 2027 1960 67 46 2310 2062 2029 2001 248 226 205 159 46 118 61 57 1938 1865 1844 1781 63 1721 1694 60
internal_count=4500 2190 81 2109 2082 2048 2027 1960 67 46 2310 2062 2029 2001 248 226 205 159 46 118 61 57 1938 1865 1844 1781 63 1721 1694 60
is_linear=0
shrinkage=0.1


Tree=83
num_leaves=31
num_cat=0
split_feature=4 4 5 5 3 1 3 5 3 4 4 8 9 5 5 6 6 9 9 4 9 4 4 8 3 6 8 3 8 7
split_gain=0.00120269 0.0051858 0.00491206 0.0044616 0.0057497 0.0140367 0.00600583 0.00916366 0.00500504 0.0129008 0.00660582 0.0103187 0.00604388 0.00474725 0.012369 0.0102268 0.0125757 0.0118432 0.0147458 0.00707774 0.0070725 0.00606296 0.00869261 0.0108866 0.00925323 0.0169513 0.0176907 0.0146988 0.00729016 0.00664681
threshold=0.37432800233364105 0.31557801365852362 0.55937355756759655 0.62314611673355114 0.63327601552009594 69.500000000000014 0.69994342327117931 0.69564729928970348 0.75033777952194225 0.66354775428771984 0.47936786711215978 0.61272257566452037 0.76256182789802562 0.79834282398223888 0.8318290412425996 0.78600874543190014 0.7706032693386079 0.80306425690650951 0.81764185428619396 0.57704636454582225 0.78954082727432262 0.65756079554557811 0.70140552520751964 0.79043781757354747 0.84005746245384227 0.86238035559654247 0.80192756652832042 0.88259273767471325 0.78003862500190746 0.04992417432367801
decision_type=2 2 2 2 2 2 2 2 2 2 2 2 2 2 2 2 2 2 2 2 2 2 2 2 2 2 2 2 2 2
left_child=1 -1 -2 -4 5 -5 7 -6 9 -8 12 -12 -10 -13 -15 16 -16 20 -19 -20 -17 28 23 -23 -24 27 -27 -26 -21 -28
right_child=2 -3 3 4 6 -7 8 -9 10 -11 11 13 -14 14 15 17 -18 18 19 21 -22 22 24 -25 25 26 29 -29 -30 -31
leaf_value=-0.00044325197167280654 -0.0015323658085738621 0.0012540989917599493 0.001177167102287058 -0.0029682454123923729 -0.00051315556140616532 0.00038146720556863424 0.00039055309568842254 0.0019519919302853708 -0.0024442043610005864 -0.0027573547245043776 0.0018630032738049824 0.0013486712714298986 -7.2443014836277481e-05 -0.0022243848517537117 -9.2364755540114385e-05 -0.00040751897296021608 0.0032923275627018442 0.0021804931802645085 -0.0015932781551133042 0.0025068338328440277 -0.0029731827499788433 -0.00305779559449071 0.0017834717415851254 -2.1980801183316443e-05 -0.0037911511354402384 0.002840107516385615 7.6541919538848227e-06 -4.5397906797006732e-05 0.00016236155707803038 -0.0015388800829116787
leaf_weight=36 21 36 32 22 25 29 30 38 21 23 30 26 22 25 23 22 21 31 28 21 21 21 29 27 22 22 3712 20 36 28
leaf_count=36 21 36 32 22 25 29 30 38 21 23 30 26 22 25 23 22 21 31 28 21 21 21 29 27 22 22 3712 20 36 28
internal_value=-1.90711e-12 0.000405424 -6.59225e-06 6.7828e-07 -7.9269e-06 -0.00106351 4.52328e-06 0.000973759 -9.80712e-06 -0.00097552 2.35609e-06 1.50868e-05 -0.00123075 1.6799e-06 -6.84329e-06 6.73128e-06 0.00152306 -9.78315e-06 7.97556e-06 -9.00579e-06 -0.00166052 2.25871e-06 -1.27786e-05 -0.00135015 3.96908e-06 -9.59706e-06 1.27076e-05 -0.00200746 0.00102611 -3.92414e-06
internal_weight=4500 72 4428 4407 4375 51 4324 63 4261 53 4208 4165 43 4135 4109 4084 44 4040 3997 3966 43 3938 3881 48 3833 3804 3762 42 57 3740
internal_count=4500 72 4428 4407 4375 51 4324 63 4261 53 4208 4165 43 4135 4109 4084 44 4040 3997 3966 43 3938 3881 48 3833 3804 3762 42 57 3740
is_linear=0
shrinkage=0.1


Tree=84
num_leaves=31
num_cat=0
split_feature=8 9 9 7 3 3 7 9 1 8 10 7 6 9 8 6 1 10 8 4 4 9 4 9 9 4 4 1 4 5
split_gain=0.00125427 0.00491335 0.00564681 0.00365122 0.00322955 0.00473363 0.00646319 0.00638263 0.0118611 0.0157709 0.00667565 0.0136049 0.00691399 0.00598675 0.00491506 0.00937942 0.00935664 0.00715437 0.0061455 0.00737503 0.00476374 0.00450168 0.0190751 0.0166045 0.00411763 0.0049151 0.0113155 0.015307 0.0110412 0.0101591
threshold=0.4633566290140152 0.5603003501892091 0.60005059838294994 0.017086490988731304 0.63327601552009594 0.69994342327117931 0.0026896541239693505 0.72291535139083873 69.500000000000014 0.63188374042510997 0.79206377267837536 0.0016173180192708503 0.7706032693386079 0.77240416407585155 0.70440104603767406 0.80106201767921459 73.500000000000014 0.86277806758880626 0.74368256330490123 0.60763913393020641 0.64155989885330211 0.85695326328277599 0.74658456444740307 0.86823660135269176 0.88026201725006115 0.809278964996338 0.82938551902771007 74.500000000000014 0.7982979714870454 0.97234070301055919
decision_type=2 2 2 2 2 2 2 2 2 2 2 2 2 2 2 2 2 2 2 2 2 2 2 2 2 2 2 2 2 2
left_child=3 -2 -3 -1 -4 6 -6 8 -7 -10 11 -9 13 -12 16 -16 -14 -17 -19 -20 -21 22 -22 -23 -25 28 27 -27 29 -26
right_child=1 2 4 -5 5 7 -8 10 9 -11 12 -13 14 -15 15 17 -18 18 19 20 21 23 -24 24 25 26 -28 -29 -30 -31
leaf_value=7.2731508065343776e-06 -0.0012421599494700786 0.0013687313658495744 -0.00097874480929663961 0.0014893623936752028 6.6658234209171504e-05 -0.0027584335883148016 0.0023582394619006668 0.002993987738260661 -0.0014762799774871384 0.0020505271053739955 -0.0002001007839750785 -0.00048440359937755958 0.0021548918962221724 -0.002470218259397717 -0.0015304757840931417 0.0013562547031025858 -0.0006167451997974977 -0.0016001561646892999 0.0014500471164605446 -0.0014754050728780304 0.0029311908283270894 -0.0023962840321473779 -0.00083811033782067485 0.0011178463274105028 0.0016802567844279111 0.0027641820022836329 1.4420883307923487e-06 -0.00062105305577543656 -0.0023593328427523375 -0.00048466999415148256
leaf_weight=68 32 30 34 22 32 24 20 22 32 21 26 23 29 21 40 39 21 24 35 22 25 29 29 33 25 34 3496 22 27 163
leaf_count=68 32 30 34 22 32 24 20 22 32 21 26 23 29 21 40 39 21 24 35 22 25 29 29 33 25 34 3496 22 27 163
internal_value=3.9654e-13 -7.54207e-06 1.48209e-06 0.000369562 -7.95156e-06 -3.00427e-07 0.000948036 -1.18709e-05 -0.000914056 -7.88659e-05 4.72841e-06 0.00121614 -8.43914e-06 -0.00121441 5.40903e-06 -6.77741e-06 0.000990804 8.44816e-06 -4.8123e-06 4.90553e-06 -8.04708e-06 2.66559e-07 0.000906936 -1.25201e-05 5.67177e-06 -4.0712e-06 2.40317e-05 0.00143427 -0.000468357 -0.000196781
internal_weight=4500 4410 4378 90 4348 4314 52 4262 77 53 4185 45 4140 47 4093 4043 50 4003 3964 3940 3905 3883 54 3829 3800 3767 3552 56 215 188
internal_count=4500 4410 4378 90 4348 4314 52 4262 77 53 4185 45 4140 47 4093 4043 50 4003 3964 3940 3905 3883 54 3829 3800 3767 3552 56 215 188
is_linear=0
shrinkage=0.1


Tree=85
num_leaves=31
num_cat=0
split_feature=3 3 7 7 8 9 4 8 8 6 10 10 4 5 4 10 9 9 5 6 6 5 7 5 7 4 10 8 5 10
split_gain=0.00130368 0.0067309 0.00858857 0.00619283 0.00755485 0.00551937 0.0115755 0.0122468 0.0163883 0.00815265 0.00373851 0.00278029 0.00817939 0.0053417 0.00665875 0.00513098 0.018771 0.0122504 0.00426818 0.0107544 0.0158737 0.00934194 0.00705391 0.00373155 0.0107304 0.00660862 0.00632773 0.0268971 0.0153128 0.0129019
threshold=0.56350412964820873 0.63327601552009594 0.0018877534312195501 0.0015145817887969001 0.44667953252792364 0.67585831880569469 0.56893253326416027 0.57087901234626781 0.49432547390460974 0.70578938722610485 0.72576701641082775 0.79206377267837536 0.66354775428771984 0.85106414556503307 0.69595852494239818 0.86277806758880626 0.81764185428619396 0.78954082727432262 0.9398424029350283 0.8098600208759309 0.83985057473182689 0.92808201909065258 0.0010733254603109501 0.96523198485374462 0.0053287958726286506 0.44855819642543798 0.96701309084892284 0.8552134931087495 0.9935218393802645 0.94978970289230358
decision_type=2 2 2 2 2 2 2 2 2 2 2 2 2 2 2 2 2 2 2 2 2 2 2 2 2 2 2 2 2 2
left_child=3 2 -2 -1 -5 6 7 8 -3 10 -7 12 -11 14 -13 16 17 -15 19 -17 -21 22 -22 24 -20 -25 27 -27 -28 -29
right_child=1 5 -4 4 -6 9 -8 -9 -10 11 -12 13 -14 15 -16 18 -18 -19 23 20 21 -23 -24 25 -26 26 28 29 -30 -31
leaf_value=-0.00066307890495019301 0.00014385710366898114 -0.00058504771280648387 -0.002378424872316558 7.2612757644345694e-06 0.002370501861635906 -0.0023808101564645767 0.002657139169847748 -0.0018464958125894719 0.0030343946598639544 0.0022587887981596094 -0.00051139996832479605 0.00014963038113859038 -0.00026580001523887571 0.00045378985179757531 -0.0022314590285532178 -0.0023514664637062838 -0.0014884677228771829 0.0038304604917010739 -0.0003548988421710256 0.002337697589592565 0.0014849184663034976 -0.0023049751389547825 -0.00095625723840604574 0.0018099527363665401 0.0021606894768774511 -0.0026603570141430413 0.0026371596465733921 0.0027567161060869697 -8.8532395751376347e-06 -0.0007526196571151642
leaf_weight=35 27 29 27 31 24 20 24 22 22 21 23 23 33 22 24 27 22 21 39 21 20 26 29 20 30 42 22 20 3732 22
leaf_count=35 27 29 27 31 24 20 24 22 22 21 23 23 33 22 24 27 22 21 39 21 20 26 29 20 30 42 22 20 3732 22
internal_value=-6.67104e-13 -7.6892e-06 -0.00111728 0.000376771 0.00103849 6.0661e-06 0.000751946 0.000125581 0.00097628 -1.09215e-05 -0.00138089 3.05114e-06 0.000715985 -6.19883e-06 -0.00106625 5.90862e-06 0.000887335 0.00210286 -8.23773e-06 -0.000588296 -9.24041e-05 -0.000772833 4.0141e-05 9.93063e-06 0.000738835 -3.10576e-06 -1.25537e-05 -0.000870932 6.6535e-06 0.000918493
internal_weight=4500 4410 54 90 55 4356 97 73 51 4259 43 4216 54 4162 47 4115 65 43 4050 123 96 75 49 3927 69 3858 3838 84 3754 42
internal_count=4500 4410 54 90 55 4356 97 73 51 4259 43 4216 54 4162 47 4115 65 43 4050 123 96 75 49 3927 69 3858 3838 84 3754 42
is_linear=0
shrinkage=0.1


Tree=86
num_leaves=31
num_cat=0
split_feature=8 9 5 5 3 5 10 4 4 10 10 5 10 3 5 5 6 8 5 5 5 10 4 9 9 5 5 4 4 7
split_gain=0.00118666 0.00431801 0.00436905 0.0037844 0.00407863 0.00576656 0.00447566 0.00445117 0.00926604 0.00750533 0.00437551 0.00432818 0.00742032 0.0047975 0.00510896 0.00602643 0.00405087 0.00889516 0.00817808 0.00599052 0.00330749 0.0110419 0.00909809 0.00625665 0.00332764 0.0236692 0.0157507 0.00729368 0.00704463 0.00731341
threshold=0.4633566290140152 0.5603003501892091 0.64103659987449657 0.69564729928970348 0.69994342327117931 0.7620186209678651 0.73993930220603954 0.47936786711215978 0.52870705723762523 1.0061869621276858 0.7678477168083192 0.82098057866096508 0.81540432572364818 0.80134630203247081 0.85966438055038463 0.87618136405944835 0.79340270161628734 0.74368256330490123 0.90092146396636974 1.0780333876609804 0.9398424029350283 0.89549097418785106 0.80308756232261669 0.85695326328277599 0.9004652500152589 0.99925225973129284 0.95756331086158764 0.63414499163627636 0.67918288707733165 0.04992417432367801
decision_type=2 2 2 2 2 2 2 2 2 2 2 2 2 2 2 2 2 2 2 2 2 2 2 2 2 2 2 2 2 2
left_child=-1 -2 -3 -4 5 -5 -6 9 -9 -8 -10 -12 -13 -14 -15 -16 -17 19 -19 -18 21 -20 -23 -22 25 -25 -26 -28 -29 -30
right_child=1 2 3 4 6 -7 7 8 10 -11 11 12 13 14 15 16 17 18 20 -21 23 22 -24 24 26 -27 27 28 29 -31
leaf_value=0.00035946403125611449 -0.0011647415412880946 0.0014068099056285892 -0.00097417565586511057 0.0017500160517351282 -0.0012049274549128549 -0.00039618114741253 -0.0021521548377349971 0.0019313438124954703 0.0013193350750952959 0.00038036249197003521 -0.001148268811150708 0.0016538911792277186 -0.001482103166001087 0.0012774590079882933 -0.0015287661602577339 0.0011972127698494919 -0.0025961102171674034 0.0018459567648581772 -0.0024358451492541163 -0.00020483034415519797 0.0015244471267107185 0.0015965782896576759 -0.00099682476852209329 -0.0029767378090092772 0.0027392106973344373 0.0011455524899065493 -0.0016150597266719809 0.0016779676410369577 7.472919790867942e-06 -0.0014450015552782654
leaf_weight=90 32 22 40 31 31 21 25 25 25 22 33 27 22 31 26 28 22 24 24 20 27 24 31 26 21 30 28 25 3632 35
leaf_count=90 32 22 40 31 31 21 25 25 25 22 33 27 22 31 26 28 22 24 24 20 27 24 31 26 21 30 28 25 3632 35
internal_value=-2.75405e-12 -7.336e-06 1.12379e-06 -5.97563e-06 2.99749e-06 0.000883283 -7.73769e-06 1.02982e-06 1.18956e-05 -0.000966721 3.63259e-07 -7.60925e-06 1.56496e-06 -9.38029e-06 -1.3882e-06 -1.12426e-05 -1.3713e-06 -9.82692e-06 5.6552e-06 -0.00145741 -5.66102e-06 -0.000646126 0.000134842 7.57034e-06 -3.21598e-06 -0.000768368 8.23778e-06 -7.179e-06 5.01511e-06 -6.39035e-06
internal_weight=4500 4410 4378 4356 4316 52 4264 4233 4186 47 4161 4136 4103 4076 4054 4023 3997 3969 3927 42 3903 79 55 3824 3797 56 3741 3720 3692 3667
internal_count=4500 4410 4378 4356 4316 52 4264 4233 4186 47 4161 4136 4103 4076 4054 4023 3997 3969 3927 42 3903 79 55 3824 3797 56 3741 3720 3692 3667
is_linear=0
shrinkage=0.1


Tree=87
num_leaves=31
num_cat=0
split_feature=5 5 9 7 9 8 5 4 5 10 5 8 9 10 9 8 3 3 9 8 4 4 4 4 10 10 10 3 6 8
split_gain=0.00118427 0.0125764 0.0131202 0.018277 0.0111907 0.012774 0.00930825 0.00684654 0.00666464 0.00918269 0.0106053 0.0112687 0.022497 0.00840238 0.00805168 0.0080161 0.00749988 0.0114298 0.00907901 0.0135759 0.00844618 0.0171623 0.00732006 0.0110697 0.00818829 0.0159331 0.0157142 0.0133635 0.0121027 0.0120296
threshold=1.1580399274826052 1.1181275248527529 1.0200304985046389 0.015836834907531704 1.0388201475143435 1.0251140594482424 1.1629731655120852 0.99471578001976024 1.1047734022140505 1.0852915644645693 1.0928380489349367 0.9990786910057069 1.0328530669212344 1.0829070806503298 1.0634913444519045 1.0113654136657717 1.0799761414527895 1.0626702308654787 1.010289788246155 0.97565960884094249 0.94318488240242015 0.90120235085487377 0.89023995399475109 0.87552303075790416 1.0061869621276858 1.0217821598052981 0.98431783914566051 0.98676964640617371 0.91658806800842296 0.89510411024093639
decision_type=2 2 2 2 2 2 2 2 2 2 2 2 2 2 2 2 2 2 2 2 2 2 2 2 2 2 2 2 2 2
left_child=1 8 3 -3 -4 -6 -2 -7 9 10 11 12 16 -10 -15 -13 17 18 19 20 21 22 23 24 26 -26 27 29 -28 -1
right_child=6 2 4 -5 5 7 -8 -9 13 -11 -12 15 -14 14 -16 -17 -18 -19 -20 -21 -22 -23 -24 -25 25 -27 28 -29 -30 -31
leaf_value=6.1665076082407274e-05 0.0016342283367218142 -0.0041656618472188716 0.0018562494288198652 -0.00012600943667902834 -0.0019314636265472423 0.0011111382661121232 1.6582554679419456e-05 -0.00056260132468432188 -0.00064150515774434266 -0.0019400734410737642 0.0018030381064763235 -0.0028376385252076117 0.0033861604961566631 0.0028284874121059797 0.00027203374457630244 -0.0005084682224939267 -0.0019177595648216085 0.0019604527670890096 -0.0018294209597149382 0.0024301170735903412 0.0019532306275020046 -0.0021274532976512535 0.0017032861076295377 -0.0021967373879464426 0.0032629927429793913 -0.00050127800242752646 -0.00027784004181739878 0.0021706816920978498 -0.0034563872203959723 -0.0021306618743647753
leaf_weight=670 36 24 20 21 53 35 2988 81 22 24 33 22 20 28 22 45 20 30 27 23 21 39 25 23 22 23 25 29 23 26
leaf_count=670 36 24 20 21 53 35 2988 81 22 24 33 22 20 28 22 45 20 30 27 23 21 39 25 23 22 23 25 29 23 26
internal_value=-1.24581e-13 -7.34288e-05 -0.000745921 -0.00228049 -0.000380547 -0.000645257 3.58402e-05 -5.75937e-05 5.32727e-05 -4.192e-06 3.635e-05 -1.60316e-05 6.4499e-05 0.000987073 0.00170365 -0.00127327 -2.50705e-07 3.78707e-05 -2.1225e-05 3.022e-05 -2.93887e-05 -7.53942e-05 1.70195e-05 -3.31073e-05 2.77282e-05 0.00133903 -4.8609e-05 6.74044e-05 -0.00180089 -2.02322e-05
internal_weight=4500 1476 234 45 189 169 3024 116 1242 1170 1146 1113 1046 72 50 67 1026 1006 976 949 926 905 866 841 818 45 773 725 48 696
internal_count=4500 1476 234 45 189 169 3024 116 1242 1170 1146 1113 1046 72 50 67 1026 1006 976 949 926 905 866 841 818 45 773 725 48 696
is_linear=0
shrinkage=0.1


Tree=88
num_leaves=31
num_cat=0
split_feature=7 7 6 10 3 10 5 1 1 10 1 6 7 6 6 7 10 10 10 10 5 5 5 7 7 5 9 5 3 3
split_gain=0.00102766 0.00195704 0.00529329 0.00272284 0.00394463 0.00324142 0.00646012 0.0104094 0.0158488 0.0195648 0.0128857 0.0062963 0.0127716 0.00986619 0.0086606 0.00515521 0.00339221 0.00766109 0.0137064 0.0086398 0.0126865 0.0117613 0.00871498 0.0156194 0.00731222 0.00687263 0.0191655 0.0147405 0.01446 0.0145227
threshold=0.00014798163465455002 0.00031003452022555002 0.99609345197677623 0.49606190621852875 0.49054537713527685 0.59164258837699901 0.7620186209678651 66.500000000000014 72.500000000000014 0.6922595500946046 74.500000000000014 0.70578938722610485 0.015123143792152351 0.74123159050941478 0.75712105631828319 0.0059948815032839003 0.81540432572364818 0.84447503089904796 0.86277806758880626 0.88421604037284862 0.91290843486785889 0.9398424029350283 0.96523198485374462 0.0053287958726286506 0.0022252263734116504 1.0041081905364992 0.92210882902145397 0.9935218393802645 0.90731176733970653 0.94423294067382824
decision_type=2 2 2 2 2 2 2 2 2 2 2 2 2 2 2 2 2 2 2 2 2 2 2 2 2 2 2 2 2 2
left_child=-1 2 -2 -3 -5 -6 7 -7 9 -9 -10 12 -8 15 -15 -13 -16 -18 -19 -20 -21 24 23 -23 -22 26 -24 -28 -27 -30
right_child=1 3 -4 4 5 6 11 8 10 -11 -12 13 -14 14 16 -17 17 18 19 20 21 22 25 -25 -26 28 27 -29 29 -31
leaf_value=0.00053214508661767466 -0.001578144441109857 -0.00092866160050635374 6.289932872412047e-05 0.0013791000670088189 -0.00093970218634543327 -0.00098662306388307901 -0.0030553938646335158 0.0041275291527011274 -0.0019760489375108764 0.00022203402709830859 0.0013544311872325265 0.00025343274581246083 0.00043617936105213385 -0.001578579870318728 0.0010433115996420384 0.0023889361862809615 -0.0014015220863840138 0.0021013969202495872 -0.0017599235322060332 0.0020867493477296729 -0.0028718987908425996 -0.00018874435012953151 -0.0022648200838375487 0.0029930317946882164 -0.00053215671770671827 0.0020338832497197603 0.0019937683143545089 -0.0014850575188618332 -0.002460246963892132 7.8412082842460516e-06
leaf_weight=36 29 31 61 21 36 28 20 29 21 23 26 20 22 35 31 26 39 31 28 29 22 36 48 27 34 35 29 21 24 3602
leaf_count=36 29 31 61 21 36 28 20 29 21 23 26 20 22 35 31 26 39 31 28 29 22 36 48 27 34 35 29 21 24 3602
internal_value=8.61635e-13 -4.29149e-06 -0.000465881 5.20624e-06 1.18721e-05 5.22895e-06 1.31658e-05 0.000715731 0.00119721 0.0024001 -0.000133656 -8.28783e-06 -0.00122647 4.13963e-06 -1.23159e-05 0.00146046 1.26664e-06 -6.79913e-06 6.916e-06 -9.58436e-06 2.95967e-06 -1.26231e-05 8.45704e-06 0.00117487 -0.00145134 -1.10919e-05 -0.000837534 0.000532661 1.10309e-05 -8.49473e-06
internal_weight=4500 4464 90 4374 4343 4322 4286 127 99 52 47 4159 42 4117 4071 46 4036 4005 3966 3935 3907 3878 3822 63 56 3759 98 50 3661 3626
internal_count=4500 4464 90 4374 4343 4322 4286 127 99 52 47 4159 42 4117 4071 46 4036 4005 3966 3935 3907 3878 3822 63 56 3759 98 50 3661 3626
is_linear=0
shrinkage=0.1


Tree=89
num_leaves=31
num_cat=0
split_feature=3 3 7 7 8 9 4 8 8 6 8 6 6 1 6 6 7 9 9 6 10 10 5 3 10 9 9 9 10 5
split_gain=0.00124621 0.00635419 0.00724714 0.00468759 0.00625886 0.00371918 0.00981517 0.00964582 0.0134824 0.00566326 0.0120834 0.00343214 0.004432 0.010899 0.00814921 0.00664345 0.0102973 0.00687838 0.00552167 0.00301888 0.0076913 0.00725924 0.00621342 0.00470166 0.0133352 0.00946787 0.0322756 0.0148036 0.0215983 0.0222615
threshold=0.56350412964820873 0.63327601552009594 0.0016381455352529001 0.0015145817887969001 0.44667953252792364 0.67585831880569469 0.56893253326416027 0.57087901234626781 0.49432547390460974 0.71887913346290599 0.65136247873306286 0.74123159050941478 0.7706032693386079 74.500000000000014 0.75712105631828319 0.79340270161628734 0.0037427407223730503 0.80306425690650951 0.81764185428619396 0.83152276277542125 0.88955050706863414 0.90760022401809703 0.93446904420852672 0.90731176733970653 0.94978970289230358 0.9004652500152589 0.88026201725006115 0.92629238963127147 0.99724856019020092 0.97234070301055919
decision_type=2 2 2 2 2 2 2 2 2 2 2 2 2 2 2 2 2 2 2 2 2 2 2 2 2 2 2 2 2 2
left_child=3 2 -2 -1 -5 6 7 8 -3 10 -7 -11 13 14 -13 16 -14 -17 -19 -20 -21 -22 -23 24 -24 26 -25 28 29 -27
right_child=1 5 -4 4 -6 9 -8 -9 -10 11 -12 12 15 -15 -16 17 -18 18 19 20 21 22 23 25 -26 27 -28 -29 -30 -31
leaf_value=-0.00053631954294230261 0.00025932604204053467 -0.00061982824982680605 -0.0020834746380006116 5.4625824334159975e-06 0.0021564734902009756 0.00068907391784402236 0.0023724838278212702 -0.0017088296315209432 0.0026630729690871459 0.0010535327364660559 -0.0022792247589677574 -0.00042965462092648852 -0.00068784450413659224 0.00081890832717852822 -0.0031836996653250289 -0.0013087455946333649 0.0021717492675901776 0.001383977383375168 -0.00089997503138776577 0.0017559636617079377 -0.0014171049965726627 0.0016482279635965825 0.0029863558989018206 0.00022367376642068849 -0.00017613919335417451 0.0026994138845198214 -0.0044479936494358947 -1.9120964624359319e-05 0.0042354539886582648 -0.0017170649161562324
leaf_weight=35 23 29 31 31 24 24 24 22 22 31 32 22 20 26 21 40 34 29 37 25 36 23 20 50 40 21 21 3662 20 25
leaf_count=35 23 29 31 31 24 24 24 22 22 31 32 22 20 26 21 40 34 29 37 25 36 23 20 50 40 21 21 3662 20 25
internal_value=3.18535e-13 -7.5178e-06 -0.00108562 0.000368372 0.000944086 5.84704e-06 0.000618123 4.1347e-05 0.000796325 -8.09773e-06 -0.0010071 5.21275e-06 -2.57678e-06 -0.000797369 -0.00177465 1.07892e-05 0.00111264 -3.90577e-06 9.11334e-06 -9.04516e-07 7.53211e-06 -3.6243e-06 9.48372e-06 -2.83351e-07 0.000878026 -1.4155e-05 -0.00115809 7.63122e-06 0.00149197 0.000299154
internal_weight=4500 4410 54 90 55 4356 97 73 51 4259 56 4203 4172 69 43 4103 54 4049 4009 3980 3943 3918 3882 3859 60 3799 71 3728 66 46
internal_count=4500 4410 54 90 55 4356 97 73 51 4259 56 4203 4172 69 43 4103 54 4049 4009 3980 3943 3918 3882 3859 60 3799 71 3728 66 46
is_linear=0
shrinkage=0.1


Tree=90
num_leaves=31
num_cat=0
split_feature=9 5 5 10 3 3 9 4 9 9 6 9 5 10 5 10 7 7 6 6 10 8 5 8 6 1 7 4 4 8
split_gain=0.00123545 0.00528558 0.00645864 0.00620661 0.00320215 0.00814447 0.00604072 0.00309278 0.0228484 0.0169394 0.0147812 0.00676683 0.00792034 0.00608646 0.00861411 0.00625933 0.0248493 0.0214196 0.0173902 0.00652386 0.00462029 0.00949778 0.00615917 0.00998703 0.00404099 0.0123617 0.00381807 0.00638691 0.0101835 0.00929219
threshold=0.4281361997127533 0.55937355756759655 0.62314611673355114 0.634300857782364 0.6525249481201173 0.68480515480041515 0.63075745105743419 0.56893253326416027 0.70041579008102428 0.70041579008102428 0.73142021894454967 0.77240416407585155 1.0269728899002077 0.77690920233726513 0.8318290412425996 0.86277806758880626 0.0037427407223730503 0.0022856366122141003 0.8098600208759309 0.83985057473182689 0.90760022401809703 0.8414306938648225 0.95052289962768566 0.84703961014747631 0.89485260844230663 74.500000000000014 0.07359986379742621 0.77643638849258434 0.79241478443145763 0.80192756652832042
decision_type=2 2 2 2 2 2 2 2 2 2 2 2 2 2 2 2 2 2 2 2 2 2 2 2 2 2 2 2 2 2
left_child=-1 -2 -3 -4 -5 -6 -7 9 -9 -8 -10 -11 -13 -12 -15 16 17 -16 -17 -20 21 -21 23 -22 25 -24 27 29 -29 -26
right_child=1 2 3 4 5 6 7 8 10 11 13 12 -14 14 15 18 -18 -19 19 20 22 -23 24 -25 26 -27 -28 28 -30 -31
leaf_value=0.00058346817709712523 -0.0015874565623345831 0.0013757519290426418 -0.0013154742372636166 0.00091692740955439062 -0.0015466955463018489 0.0014711485576948949 -0.0024370193608443847 0.0031554520585695689 -0.0026514479269584019 0.0014673314330264414 0.0015962042141230389 -0.0017189464898994908 0.00054613298791656763 -0.0017183061486415179 0.0016062094942864145 -0.0028766998297734456 0.0038438644858875444 -0.0021189556497245516 0.0012955799509281626 -0.0024604117229540391 0.0026456423620086003 0.00024058753779778878 0.00042970817861763913 -0.00014469711820530739 0.00082686793044089318 -0.0023277654613625127 0.0013854240207001568 0.0019598478137696578 1.041232283225563e-05 -0.0011547226272032277
leaf_weight=36 21 34 36 38 34 28 33 23 21 29 24 26 38 29 33 21 21 29 39 23 23 30 37 29 31 29 20 27 3558 100
leaf_count=36 21 34 36 38 34 28 33 23 21 29 24 26 38 29 33 21 21 29 39 23 23 30 37 29 31 29 20 27 3558 100
internal_value=-7.79275e-13 -4.70539e-06 2.77554e-06 -7.81217e-06 2.95295e-06 -5.05882e-06 7.12803e-06 -2.46537e-06 1.23641e-05 -0.000490544 -5.16521e-06 0.00020014 -0.000374056 8.37901e-06 -9.63429e-07 1.13336e-05 0.000870799 -0.000136206 -6.64868e-06 8.62529e-06 -4.2212e-06 -0.000931544 8.5313e-06 0.00108949 -6.25301e-06 -0.000781909 7.44969e-06 3.32558e-08 2.50943e-05 -0.000685797
internal_weight=4500 4464 4443 4409 4373 4335 4301 4273 4147 126 4124 93 64 4103 4079 4050 83 62 3967 3946 3907 53 3854 52 3802 66 3736 3716 3585 131
internal_count=4500 4464 4443 4409 4373 4335 4301 4273 4147 126 4124 93 64 4103 4079 4050 83 62 3967 3946 3907 53 3854 52 3802 66 3736 3716 3585 131
is_linear=0
shrinkage=0.1


Tree=91
num_leaves=31
num_cat=0
split_feature=8 8 7 5 3 8 4 1 7 5 7 7 3 3 7 4 3 5 6 6 3 7 7 3 3 10 5 5 10 1
split_gain=0.00110383 0.00421767 0.00631242 0.00411489 0.00743119 0.00381299 0.00372013 0.00308819 0.00359888 0.00290966 0.0119281 0.0201695 0.0104178 0.00460155 0.0335422 0.00923412 0.00903388 0.00359065 0.00431101 0.00844732 0.00442667 0.0150576 0.0154152 0.00914181 0.00782387 0.0111483 0.00898194 0.00759854 0.0141115 0.0245349
threshold=0.4633566290140152 0.53224349021911632 0.010256124660372701 0.64103659987449657 0.63327601552009594 0.61272257566452037 0.55897617340087902 65.500000000000014 0.0079168104566633025 0.80974960327148449 0.0021894815145060004 0.0011200553271919001 0.76033285260200512 0.83389073610305797 0.0019801430171355002 0.70140552520751964 0.85017859935760509 0.87618136405944835 0.78600874543190014 0.8098600208759309 0.90731176733970653 0.0035451438743620504 0.0021894815145060004 0.9188903272151947 0.93590748310089122 0.9437641501426699 0.95052289962768566 1.008858919143677 1.0061869621276858 72.500000000000014
decision_type=2 2 2 2 2 2 2 2 2 2 2 2 2 2 2 2 2 2 2 2 2 2 2 2 2 2 2 2 2 2
left_child=7 2 -2 -3 -5 6 -6 -1 -9 10 11 -7 -11 14 -14 -16 -15 -18 -19 -20 21 22 -21 -22 26 -26 -25 -27 29 -29
right_child=1 3 -4 4 5 9 -8 8 -10 12 -12 -13 13 16 15 -17 17 18 19 20 23 -23 -24 24 25 27 -28 28 -30 -31
leaf_value=0.0012414768872851577 1.1055050708819181e-05 0.00136798330667344 -0.0021893800299783999 -0.0016269494363638972 0.00024248049495385047 -0.0011933757934809452 0.001818071752363308 0.00066123986770809796 -0.00085516639118050702 0.0019656041878517026 -0.0018859247518822741 0.0028204533315840225 -0.0037458378169685602 0.0015858337684120571 -0.00057839411766389792 0.0022872935866788879 -0.0011338304574435045 0.001338762750189441 -0.0019595990253781729 0.00088218852977614668 -0.0017801504027186732 0.0022929426800045705 -0.0024783440909924965 0.0027537164098413833 -0.0020765983772714838 0.00093040328234607393 -0.00017436664697015661 -0.00358852713155405 6.8688970919958957e-06 0.00019459885181277061
leaf_weight=27 32 22 22 28 47 31 22 34 29 27 39 21 25 36 23 22 28 24 22 39 29 36 21 22 26 86 20 30 3590 40
leaf_count=27 32 22 22 28 47 31 22 34 29 27 39 21 25 36 23 22 28 24 22 39 29 36 21 22 26 86 20 30 3590 40
internal_value=2.08887e-12 -7.07533e-06 -0.000885419 3.81322e-06 -3.1115e-06 7.4476e-06 0.000744843 0.000346691 -3.67884e-05 -4.56096e-06 -0.000563914 0.000427594 7.71621e-06 -5.11773e-06 -0.000808979 0.000822609 8.77961e-06 -5.3679e-06 2.56107e-06 -5.53508e-06 5.37871e-06 0.000676105 -0.000293998 -1.13764e-05 2.07264e-06 -1.30407e-05 0.00135939 1.28194e-06 -2.05499e-05 -0.00142674
internal_weight=4500 4410 54 4356 4334 4306 69 90 63 4237 91 52 4146 4119 70 45 4049 4013 3985 3961 3939 96 60 3843 3814 3772 42 3746 3660 70
internal_count=4500 4410 54 4356 4334 4306 69 90 63 4237 91 52 4146 4119 70 45 4049 4013 3985 3961 3939 96 60 3843 3814 3772 42 3746 3660 70
is_linear=0
shrinkage=0.1


Tree=92
num_leaves=31
num_cat=0
split_feature=1 8 8 9 5 5 4 6 7 8 8 1 4 6 6 6 8 4 4 10 9 3 4 4 4 1 1 7 1 4
split_gain=0.00102747 0.00581919 0.0119636 0.022945 0.0288811 0.0160806 0.0124029 0.00830143 0.0101169 0.0152702 0.0100351 0.00653847 0.0037909 0.00370125 0.00685856 0.00554969 0.00572508 0.00974867 0.00765337 0.00760381 0.0021877 0.00989417 0.00431342 0.00832745 0.00667211 0.00388971 0.00413508 0.0109153 0.00653098 0.00418502
threshold=75.500000000000014 0.59208679199218761 0.77324163913726818 0.85695326328277599 0.95052289962768566 1.0622181296348574 0.65235796570777904 0.98709169030189525 0.031203378923237254 0.94322636723518383 1.0009998083114626 76.500000000000014 0.92548081278800975 1.0545113086700442 1.0699949264526369 1.0887872576713564 1.071444630622864 0.99872204661369335 1.019045948982239 1.2316979169845583 1.2185266017913821 1.3826234340667727 0.92548081278800975 0.98436498641967785 1.0317708253860476 58.500000000000007 61.500000000000007 0.0052479174919426008 62.500000000000007 0.31557801365852362
decision_type=2 2 2 2 2 2 2 2 2 2 2 2 2 2 2 2 2 2 2 2 2 2 2 2 2 2 2 2 2 2
left_child=20 -2 6 -4 -5 11 -3 -7 9 -9 12 -6 -11 -12 -15 -16 17 -17 19 -18 21 25 -22 -24 -25 -1 27 -27 -28 -30
right_child=1 2 3 4 5 7 -8 8 -10 10 13 -13 -14 14 15 16 18 -19 -20 -21 22 -23 23 24 -26 26 28 -29 29 -31
leaf_value=-0.0011697819381952287 -0.0015385424019768836 0.00011549692938168501 -0.0033232504277045587 0.0037029587432334666 -0.002656711444433313 0.0018174881639424713 0.0033065735628562314 0.002729947158950381 -0.0018117255676770583 -0.00057935070168847844 0.0013690377585589887 -0.00069214634649041637 -0.0023567310980676364 -0.0015150948024178247 0.001618228996019091 -0.0022864651633426546 6.6693809016474668e-05 0.0002877143476413743 -2.447186954470427e-05 0.0024186877188859166 -0.0011182015884275498 0.0022020705049726531 0.0018918392417783089 -0.0016879427013918758 -3.9934206589063748e-05 -0.00068135469453409322 -0.0017340798493387412 0.0024818180560638821 -0.0012298066440659264 9.9066119385704518e-05
leaf_weight=25 27 29 22 20 32 24 21 20 32 24 20 36 24 29 22 28 28 31 477 27 38 22 22 25 1417 20 20 24 24 1890
leaf_count=25 27 29 22 20 32 24 21 20 32 24 20 36 24 29 22 28 28 31 477 27 38 22 22 25 1417 20 20 24 24 1890
internal_value=2.82885e-12 -9.09753e-05 -4.966e-05 -0.000133667 -5.33802e-05 -0.000141351 0.00145575 -1.37169e-05 -7.13926e-05 4.89597e-06 -7.1866e-05 -0.00161665 -0.00146804 2.93672e-05 -1.23671e-05 5.87244e-05 6.71799e-07 -0.00093393 0.000104321 0.00122131 2.50975e-05 9.29262e-05 -6.63492e-05 -3.9047e-05 -6.85058e-05 6.97604e-05 8.5427e-05 0.00104401 6.36184e-05 8.24031e-05
internal_weight=4500 973 946 896 874 854 50 786 762 730 710 68 48 662 642 613 591 59 532 55 3527 2025 1502 1464 1442 2003 1978 44 1934 1914
internal_count=4500 973 946 896 874 854 50 786 762 730 710 68 48 662 642 613 591 59 532 55 3527 2025 1502 1464 1442 2003 1978 44 1934 1914
is_linear=0
shrinkage=0.1


Tree=93
num_leaves=31
num_cat=0
split_feature=8 9 9 9 6 9 1 3 9 7 7 6 9 6 1 8 1 5 8 6 7 3 4 10 4 5 1 7 6 6
split_gain=0.00107048 0.00360722 0.00344027 0.00365988 0.00563159 0.00406693 0.0189785 0.00778296 0.011018 0.00280324 0.00271943 0.00299043 0.00229503 0.00673961 0.0274566 0.0076492 0.0115702 0.00567045 0.00490763 0.00974968 0.00670952 0.0175088 0.00960824 0.00580892 0.00465799 0.0025432 0.0123367 0.0196488 0.0064127 0.00590898
threshold=0.4633566290140152 0.5603003501892091 0.60005059838294994 0.63075745105743419 0.65151631832122814 0.68773522973060619 71.500000000000014 0.69994342327117931 0.71077436208724987 0.017086490988731304 0.0058518887963145512 0.44029018282890325 0.74258172512054454 0.7706032693386079 73.500000000000014 0.70440104603767406 72.500000000000014 0.82098057866096508 0.78593289852142345 0.81718167662620556 0.0051757590845227007 0.94423294067382824 0.72763484716415416 1.0380532741546633 0.59984892606735241 0.9398424029350283 75.500000000000014 0.0017750372644513002 0.88407033681869518 0.89855700731277477
decision_type=2 2 2 2 2 2 2 2 2 2 2 2 2 2 2 2 2 2 2 2 2 2 2 2 2 2 2 2 2 2
left_child=9 -2 -3 -4 -5 6 -6 -7 -9 10 11 -1 17 14 -14 16 -15 -10 20 -20 22 -22 -17 -23 -21 26 27 -26 -27 -30
right_child=1 2 3 4 5 7 -8 8 12 -11 -12 -13 13 15 -16 18 -18 -19 19 24 21 23 -24 -25 25 28 -28 -29 29 -31
leaf_value=0.0012435967568308116 -0.0010648323200257437 0.0010679559611404936 -0.0010400484192787725 0.0014688362851022528 -0.0031252782746118363 0.0017273025345975138 0.0010775712276385591 -0.0022402295377105474 -0.0005054240735868613 0.0013226010815494439 -0.0008322877047855096 -0.00041206865804269913 -0.0028386225551710396 0.0030993212346220392 0.0013798977181539631 0.0019776611738572167 -0.00015736867229255343 0.0017235652711242438 0.0021668875043923479 0.0014573361893946476 -0.0030994238829689809 0.00084500699679577551 -0.0010849317372776568 -0.0010107467385210298 -0.0027163711597064611 0.0014435391242225324 0.0015805557994595307 0.00049944887501432705 -0.0015647356961077702 9.4314297644762883e-06
leaf_weight=24 32 30 34 26 21 26 22 22 21 22 24 20 36 20 27 21 24 25 21 22 29 31 20 37 38 31 22 38 24 3710
leaf_count=24 32 30 34 26 21 26 22 22 21 22 24 20 36 20 27 21 24 25 21 22 29 31 20 37 38 31 22 38 24 3710
internal_value=-4.19515e-13 -6.96763e-06 7.64588e-07 -6.59874e-06 1.54621e-06 -7.35061e-06 -0.000974983 2.45109e-06 -8.17848e-06 0.000341414 2.39712e-05 0.000491022 3.52157e-06 -4.26287e-06 -0.00103069 1.15553e-05 0.00132294 0.000705983 -2.71305e-06 1.79933e-05 -0.000588793 -0.00104212 0.000483713 -0.000164741 6.37767e-06 -1.88562e-06 -0.000504804 -0.00110846 1.1205e-05 -6.86409e-07
internal_weight=4500 4410 4378 4348 4314 4288 43 4245 4219 90 68 44 4197 4151 63 4088 44 46 4044 3906 138 97 41 68 3885 3863 98 76 3765 3734
internal_count=4500 4410 4378 4348 4314 4288 43 4245 4219 90 68 44 4197 4151 63 4088 44 46 4044 3906 138 97 41 68 3885 3863 98 76 3765 3734
is_linear=0
shrinkage=0.1


Tree=94
num_leaves=31
num_cat=0
split_feature=1 8 8 9 5 8 4 8 1 4 8 8 5 6 4 9 4 4 7 4 10 9 7 3 5 9 9 4 3 10
split_gain=0.000998625 0.0048405 0.0092922 0.0199845 0.0216376 0.014576 0.0100129 0.00995041 0.00990899 0.00819539 0.00700085 0.00970941 0.00421756 0.00683242 0.00680091 0.0143183 0.00402696 0.0104696 0.00370965 0.00274818 0.00233242 0.0156253 0.0252741 0.033428 0.0167227 0.0141494 0.010492 0.00882841 0.0477205 0.0205678
threshold=75.500000000000014 0.59208679199218761 0.77324163913726818 0.85695326328277599 0.95052289962768566 0.90790951251983654 0.65235796570777904 0.8378141224384309 76.500000000000014 0.80308756232261669 0.94322636723518383 0.97565960884094249 1.0972563028335574 1.0545113086700442 0.95398747920990012 1.1473761796951296 1.0111918449401858 1.0033974647521975 0.0067669758573174017 1.0274792909622195 1.0669292807579043 1.0262490510940554 0.017417277209460704 1.2577652931213381 1.1799771785736086 1.0388201475143435 0.99467307329177868 0.93501153588294994 0.99225124716758739 1.0456348061561587
decision_type=2 2 2 2 2 2 2 2 2 2 2 2 2 2 2 2 2 2 2 2 2 2 2 2 2 2 2 2 2 2
left_child=20 -2 6 -4 -5 7 -3 -6 -9 -7 -11 -12 -13 -14 15 -15 17 18 -16 -18 27 22 26 24 -24 -23 -22 29 -29 -1
right_child=1 2 3 4 5 9 -8 8 -10 10 11 12 13 14 16 -17 19 -19 -20 -21 21 25 23 -25 -26 -27 -28 28 -30 -31
leaf_value=-5.6314194608583659e-05 -0.0014099284678835561 7.0501233908701051e-05 -0.0031027558809992944 0.0032002293357800229 0.00026753985492343257 0.001945965322444127 0.0029376934992060774 -0.0038044189467378291 -0.00095496169524267316 0.0016242555958645728 -0.0016900199188573939 -0.0013306396072342373 0.0017938518808001563 -0.0025162032084359281 0.00072443929140365891 0.00077684572695390036 -0.0010939303552731873 0.0023224390405057757 -0.00083543582508961364 2.0439740981192717e-06 -0.0047368172742426398 0.0021195812667428983 -5.5842938766415635e-05 -0.003427708868098091 0.0035689701186493042 3.1826766673912714e-06 -0.0016355770174413921 0.0051444250275380909 -0.00025441499832368208 0.0021657351933589033
leaf_weight=782 27 29 22 20 22 21 21 23 26 24 37 24 21 31 31 23 24 27 30 490 20 32 35 21 20 2463 24 22 64 44
leaf_count=782 27 29 22 20 22 21 21 23 26 24 37 24 21 31 31 23 24 27 30 490 20 32 35 21 20 2463 24 22 64 44
internal_value=-1.57252e-12 -8.96894e-05 -5.20082e-05 -0.000126044 -5.11158e-05 -0.00012726 0.00127472 -0.00149922 -0.00229246 -2.85444e-06 -5.65621e-05 -0.000111223 -2.78911e-05 1.8292e-05 -3.85476e-05 -0.00111361 5.78864e-05 0.000682959 -4.27124e-05 -4.91299e-05 2.47428e-05 -2.32817e-05 -0.00113789 -3.36446e-05 0.00126227 3.03269e-05 -0.00304523 0.000162445 0.00112668 6.20516e-05
internal_weight=4500 973 946 896 874 854 50 71 49 783 762 738 701 677 656 54 602 88 61 514 3527 2615 120 76 55 2495 44 912 86 826
internal_count=4500 973 946 896 874 854 50 71 49 783 762 738 701 677 656 54 602 88 61 514 3527 2615 120 76 55 2495 44 912 86 826
is_linear=0
shrinkage=0.1


Tree=95
num_leaves=31
num_cat=0
split_feature=5 3 6 7 1 6 1 4 10 6 7 4 7 7 1 7 10 3 6 7 3 7 3 7 7 3 6 4 4 7
split_gain=0.000983881 0.00306328 0.0114906 0.00324142 0.00980908 0.0123901 0.0108937 0.00935873 0.0103156 0.0115355 0.00793673 0.00298152 0.00295969 0.00750533 0.00872535 0.00477439 0.0108531 0.00974462 0.00453114 0.00439362 0.0117925 0.0136517 0.0085406 0.00256796 0.0129592 0.0175801 0.00722613 0.00640069 0.00313636 0.00303604
threshold=1.466232478618622 1.4322690367698672 1.3340978026390078 0.033811351284384658 70.500000000000014 0.88407033681869518 72.500000000000014 0.71964484453201305 1.189682185649872 0.8098600208759309 0.031203378923237254 1.0317708253860476 0.026093821972608556 0.023255057632923053 72.500000000000014 0.019777361303567855 1.133485794067383 1.2700507640838625 0.96771410107612621 0.015836834907531704 1.322690010070801 0.016550828702747756 1.2131024003028872 0.013717485591769203 0.012973690871149251 1.1736273765563967 1.0856768488883974 0.78757351636886608 1.0243765115737917 0.012409427203237951
decision_type=2 2 2 2 2 2 2 2 2 2 2 2 2 2 2 2 2 2 2 2 2 2 2 2 2 2 2 2 2 2
left_child=1 3 -3 10 5 -5 -6 8 9 -8 12 -2 13 15 -15 19 -17 -18 -14 23 21 -21 -23 24 29 -26 27 -25 -28 -1
right_child=11 2 -4 4 6 -7 7 -9 -10 -11 -12 -13 18 14 -16 16 17 -19 -20 20 -22 22 -24 26 25 -27 28 -29 -30 -31
leaf_value=5.8065982594437175e-06 -0.0011771560714875636 0.0026965412683784963 -0.0001478049262932844 -0.00095568544661196384 -0.002686291452523114 0.001983251451747492 0.0011547782524888005 -0.0022838345684465908 0.0018696479590447701 -0.0018615008480992402 0.0017655767894421634 -7.5795179970252028e-05 0.00040906842517539517 0.0027267248835414651 -0.00015923202940030026 -0.0022560415645906085 0.0017089529593332289 -0.001204744738060981 -0.0014327502843704733 0.0033784854026245219 -0.0014846497725340584 -0.00056424967887987556 0.0016859285383214876 -0.00019252518488263544 -0.00023501922370910294 0.0039076250232756146 0.0012357881716029211 -0.0025783812141288885 -0.00049447055673226717 -0.0010398894639885318
leaf_weight=3307 26 20 49 26 27 32 21 21 23 32 26 450 22 22 20 30 22 24 34 21 21 37 31 22 21 20 22 23 20 28
leaf_count=3307 26 20 49 26 27 32 21 21 23 32 26 450 22 22 20 30 22 24 34 21 21 37 31 22 21 20 22 23 20 28
internal_value=2.72848e-13 1.6082e-05 0.000676643 4.55765e-06 -0.000407637 0.000665797 -0.000909727 -0.00041522 0.000101108 -0.000666371 2.44409e-05 -0.000135954 1.23593e-05 2.33065e-05 0.00135246 8.00799e-06 -0.000776292 0.000188763 -0.000709179 2.46905e-05 0.000646883 0.00114983 0.000461567 4.92701e-06 1.87508e-05 0.00178578 -0.000531499 -0.00141196 0.000411855 -2.97286e-06
internal_weight=4500 4024 69 3955 182 58 124 97 76 53 3773 476 3747 3691 42 3649 76 46 56 3573 110 89 68 3463 3376 41 87 45 42 3335
internal_count=4500 4024 69 3955 182 58 124 97 76 53 3773 476 3747 3691 42 3649 76 46 56 3573 110 89 68 3463 3376 41 87 45 42 3335
is_linear=0
shrinkage=0.1


Tree=96
num_leaves=31
num_cat=0
split_feature=8 9 5 5 3 3 3 4 5 5 3 4 4 5 10 9 8 4 10 4 7 5 8 9 10 5 7 9 5 6
split_gain=0.000991409 0.00269249 0.00306328 0.00357946 0.00289036 0.0049331 0.00376359 0.0133504 0.00604574 0.00702879 0.00505447 0.00614157 0.0147102 0.00336091 0.00889831 0.00866421 0.00426316 0.00443118 0.00389666 0.0159885 0.0114629 0.0057322 0.0101213 0.0190261 0.0105922 0.00594066 0.00589259 0.00583474 0.0153683 0.0118436
threshold=0.4633566290140152 0.5603003501892091 0.64103659987449657 0.69564729928970348 0.69994342327117931 0.66900083422660839 0.75033777952194225 0.66354775428771984 0.79834282398223888 0.8318290412425996 0.84005746245384227 0.77013820409774791 0.7133130431175233 0.90092146396636974 0.88955050706863414 0.81764185428619396 0.59208679199218761 0.51316249370574962 0.92675948143005382 0.8172016739845277 0.006504190620034901 0.9935218393802645 0.86903789639472973 0.88026201725006115 0.96225064992904674 1.0041081905364992 0.0011713201529346001 0.89495000243186962 1.0526530146598818 0.94335338473320018
decision_type=2 2 2 2 2 2 2 2 2 2 2 2 2 2 2 2 2 2 2 2 2 2 2 2 2 2 2 2 2 2
left_child=-1 -2 -3 -4 5 -5 7 -6 -8 -10 11 12 -11 15 -15 -12 -16 -18 19 20 -19 22 23 -20 26 -23 -24 28 -27 -29
right_child=1 2 3 4 6 -7 8 -9 9 10 13 -13 -14 14 16 -17 17 18 21 -21 -22 25 24 -25 -26 27 -28 29 -30 -31
leaf_value=0.00032856269248036874 -0.00092065205699327641 0.0011770066466521133 -0.00094758901861496285 -2.621498006192269e-05 0.0005751320257269103 0.0019758197152987124 0.0013322423641939703 -0.002651024751527154 -0.0014830202577059027 -0.0003394015266426972 0.00044146653925699578 -0.00030032124747682754 0.003321281442185864 0.0018452325683588591 -0.0013395379122812302 -0.0019228120875214379 0.0012739897705614568 -0.0028096716501750055 -0.00019701996818184851 0.001253168001481942 1.1073516681790352e-05 -0.0013736593333305792 0.00018522012211509391 0.0041648702800739556 0.0017001965609581575 0.0026275444327219359 -0.0021566698568806584 -0.0013287437031976879 -0.00057509585073398008 3.4709741213603155e-06
leaf_weight=90 32 22 40 32 29 20 34 23 32 21 31 29 23 26 24 31 27 34 20 29 25 32 22 20 23 29 21 68 31 3580
leaf_count=90 32 22 40 32 29 20 34 23 32 21 31 29 23 26 24 31 27 34 20 29 25 32 22 20 23 29 21 68 31 3580
internal_value=2.86228e-12 -6.70536e-06 -2.50716e-08 -5.96968e-06 2.7571e-06 0.000743798 -6.27999e-06 -0.000851822 4.1588e-06 -6.64896e-06 4.74609e-06 0.000829489 0.00157414 -1.00357e-05 1.25811e-06 -0.000740673 -1.07728e-05 -2.72175e-06 -1.14841e-05 -0.000669433 -0.00161444 3.57034e-06 0.000728739 0.00198393 -3.19804e-05 -1.69826e-05 -0.000958494 -5.27445e-06 0.000972847 -2.1362e-05
internal_weight=4500 4410 4378 4356 4316 52 4264 52 4212 4178 4146 73 44 4073 4011 62 3985 3961 3934 88 59 3846 106 40 66 3740 43 3708 60 3648
internal_count=4500 4410 4378 4356 4316 52 4264 52 4212 4178 4146 73 44 4073 4011 62 3985 3961 3934 88 59 3846 106 40 66 3740 43 3708 60 3648
is_linear=0
shrinkage=0.1


Tree=97
num_leaves=31
num_cat=0
split_feature=3 3 7 7 10 1 9 4 8 9 3 9 9 5 3 6 8 6 1 10 8 5 10 9 6 9 4 6 6 10
split_gain=0.000966557 0.00500899 0.00555426 0.00431354 0.013485 0.00465462 0.00361928 0.00591695 0.00797598 0.0164753 0.00478905 0.00331252 0.00434415 0.00590008 0.0117968 0.00552304 0.00677494 0.012304 0.00923882 0.0060839 0.00426783 0.00434703 0.00518053 0.00582575 0.00675016 0.00759722 0.020842 0.0110967 0.00444127 0.0180816
threshold=0.56350412964820873 0.63327601552009594 0.0016381455352529001 0.00088496244279660016 0.49606190621852875 68.500000000000014 0.67585831880569469 0.56893253326416027 0.55397137999534618 0.57889950275421154 0.71956121921539318 0.71077436208724987 0.74258172512054454 0.80974960327148449 0.7749808430671693 0.7706032693386079 0.70440104603767406 0.80106201767921459 72.500000000000014 0.86277806758880626 0.74368256330490123 0.90689790248870861 0.90760022401809703 0.85695326328277599 0.87128576636314403 0.89495000243186962 0.8172016739845277 0.89485260844230663 0.91658806800842296 0.96225064992904674
decision_type=2 2 2 2 2 2 2 2 2 2 2 2 2 2 2 2 2 2 2 2 2 2 2 2 2 2 2 2 2 2
left_child=3 2 -2 -1 -5 -6 7 8 9 -3 -8 -12 -13 -14 -15 -16 18 -18 -17 -19 -21 -22 -23 -24 -25 26 -26 -27 29 -29
right_child=1 6 -4 4 5 -7 10 -9 -10 -11 11 12 13 14 15 16 17 19 -20 20 21 22 23 24 25 27 -28 28 -30 -31
leaf_value=0.0015793232890289454 0.00021360399120527764 -0.00072547333245165651 -0.001837394549511373 -0.0021008381895212965 0.0017554409353545419 -0.00025732990849064663 -0.0010840649727913664 0.0019713736971122371 -0.0011637094680086843 0.0031252126768231397 -0.0011233091007922598 0.0010208308918490297 -0.0015646954246525031 0.002430549291020725 -0.0013337531739624309 0.0028275921673048287 -0.0018741680648443955 0.0012682561909681872 -8.2547802685439825e-05 -0.0013613525590778369 0.001147724283774468 -0.0011094663901964113 0.0013952727707025286 -0.00167550934808484 0.0033318332706888522 -0.0023012519226453844 -0.0008807516677062149 -0.00064557539299130444 -8.6414990953543842e-06 0.0032628530263900759
leaf_weight=21 23 25 31 22 27 20 41 24 28 20 26 42 24 20 31 20 35 38 24 23 33 42 30 24 24 21 23 29 3689 20
leaf_count=21 23 25 31 22 27 20 41 24 28 20 26 42 24 20 31 20 35 38 24 23 33 42 30 24 24 21 23 29 3689 20
internal_value=1.05198e-13 -6.62078e-06 -0.000963821 0.000324418 -5.75092e-05 0.000898943 5.24534e-06 0.000609243 0.000161419 0.000985943 -8.51088e-06 1.94377e-06 8.92292e-06 -1.31808e-06 7.77573e-06 -4.02541e-06 6.09031e-06 -7.38097e-06 0.00124024 8.96977e-06 -3.1204e-06 4.81844e-06 -4.84734e-06 7.17183e-06 -3.70102e-06 6.84112e-06 0.00127036 -8.95701e-06 3.92105e-06 0.000949702
internal_weight=4500 4410 54 90 69 47 4356 97 73 45 4259 4218 4192 4150 4126 4106 4075 4031 44 3996 3958 3935 3902 3860 3830 3806 47 3759 3738 49
internal_count=4500 4410 54 90 69 47 4356 97 73 45 4259 4218 4192 4150 4126 4106 4075 4031 44 3996 3958 3935 3902 3860 3830 3806 47 3759 3738 49
is_linear=0
shrinkage=0.1


Tree=98
num_leaves=31
num_cat=0
split_feature=9 5 5 10 3 3 9 7 4 9 9 10 1 10 1 6 6 6 9 10 4 7 9 8 5 7 7 7 4 8
split_gain=0.000910633 0.00419782 0.00498488 0.0042798 0.00319094 0.00659052 0.00504305 0.00264155 0.00578204 0.00844417 0.00367181 0.00448791 0.00348826 0.00337742 0.0114666 0.00555457 0.00851124 0.00574419 0.00523138 0.00470111 0.00325738 0.0194797 0.0124252 0.0102452 0.0178653 0.0107863 0.0064502 0.00419793 0.00885415 0.00358734
threshold=0.4281361997127533 0.55937355756759655 0.62314611673355114 0.634300857782364 0.6525249481201173 0.68480515480041515 0.63075745105743419 0.04992417432367801 0.73891380429267894 1.0907620191574099 0.67585831880569469 0.73993930220603954 73.500000000000014 0.79206377267837536 70.500000000000014 0.7706032693386079 0.78600874543190014 0.80106201767921459 0.74258172512054454 0.86277806758880626 0.70140552520751964 0.036106899380683857 1.1905240416526797 0.79043781757354747 1.0829805135726931 0.021041836589574755 0.036106899380683857 0.028642117977142303 0.86320802569389354 0.78593289852142345
decision_type=2 2 2 2 2 2 2 2 2 2 2 2 2 2 2 2 2 2 2 2 2 2 2 2 2 2 2 2 2 2
left_child=-1 -2 -3 -4 -5 -6 -7 10 9 12 -8 -12 -9 14 -13 18 -17 -18 -15 -19 23 27 -23 25 -25 -21 -27 29 -29 -22
right_child=1 2 3 4 5 6 7 8 -10 -11 11 13 -14 15 -16 16 17 19 -20 20 21 22 -24 24 -26 26 -28 28 -30 -31
leaf_value=0.00050092916612306409 -0.0014145572536758014 0.0012088286804903285 -0.0010925507241659538 0.00091463704164581087 -0.001392522305211648 0.0013429014012217523 0.001217450292373542 -0.0014857695439908034 -0.0017587651924394002 0.001460711281746626 -0.0014562814269170521 -0.0010317282839899971 8.097828314122227e-05 0.00011841967143118382 0.0019574209479756204 0.0016635015758971175 -0.0013558387290686369 0.0011032080188250312 -0.0017993435334188468 -0.0032368298608898408 0.0012218748265392303 0.0037876806137236681 0.00042678623259152201 0.0021937916537613741 -0.0016646762822000755 0.00083176910353358838 -0.0017079553388339266 -0.0023077765046158067 0.00033202351483783721 -4.6986046338284181e-06
leaf_weight=36 21 34 36 38 34 28 25 30 27 25 21 21 27 25 33 31 31 39 33 21 24 22 22 28 21 20 20 24 27 3676
leaf_count=36 21 34 36 38 34 28 25 30 27 25 21 21 27 25 33 31 31 39 33 21 24 22 22 28 21 20 20 24 27 3676
internal_value=5.2686e-13 -4.03975e-06 2.62711e-06 -6.67451e-06 2.26479e-06 -5.73294e-06 5.22982e-06 -3.53564e-06 -0.0004895 -7.15718e-05 9.18534e-06 1.88729e-06 -0.000743626 9.32332e-06 0.000794974 -1.11594e-06 1.29512e-05 7.90237e-08 -0.000972721 1.07366e-05 -1.74134e-07 1.53753e-05 0.00210723 -0.000536629 0.000540163 -0.00140159 -0.000438093 -9.16264e-06 -0.000910235 3.25755e-06
internal_weight=4500 4464 4443 4409 4373 4335 4301 4273 109 82 4164 4139 57 4118 54 4064 4006 3975 58 3944 3905 3795 44 110 49 61 40 3751 51 3700
internal_count=4500 4464 4443 4409 4373 4335 4301 4273 109 82 4164 4139 57 4118 54 4064 4006 3975 58 3944 3905 3795 44 110 49 61 40 3751 51 3700
is_linear=0
shrinkage=0.1


Tree=99
num_leaves=31
num_cat=0
split_feature=1 9 5 5 5 4 6 7 8 10 5 8 7 10 7 4 8 8 4 5 5 7 7 1 1 7 5 4 6 7
split_gain=0.000856477 0.00463204 0.0180462 0.0177364 0.014489 0.0127578 0.0114892 0.00601462 0.0114384 0.00713781 0.0039978 0.010879 0.00374818 0.0054076 0.00358276 0.00409933 0.00457605 0.0027532 0.00350341 0.00192863 0.0144763 0.0115042 0.0168012 0.0200739 0.0187883 0.015152 0.0192126 0.0149555 0.0298069 0.0159113
threshold=75.500000000000014 0.82436060905456554 0.9452863633632661 0.89080452919006359 1.0622181296348574 0.65235796570777904 0.98709169030189525 0.031203378923237254 0.94322636723518383 1.0752818584442141 1.1112860441207888 1.0047798752784731 0.0037841075100004005 0.98965436220169078 0.017842333763837755 0.97207269072532665 1.0396987795829775 1.0582373738288882 1.0162605047225954 1.0878289341926577 1.0928380489349367 0.0025557917542755001 0.0024056182010098503 66.500000000000014 73.500000000000014 0.0030506274197250002 1.0665351152420046 0.93501153588294994 1.0129396915435793 0.0012568579986691
decision_type=2 2 2 2 2 2 2 2 2 2 2 2 2 2 2 2 2 2 2 2 2 2 2 2 2 2 2 2 2 2
left_child=19 3 -3 5 12 -2 -6 8 -8 -10 -11 -12 -4 -14 15 -13 -17 -18 -19 21 -21 22 23 -1 27 -23 -27 29 -29 -25
right_child=1 2 4 -5 6 -7 7 -9 9 10 11 14 13 -15 -16 16 17 18 -20 20 -22 25 -24 24 -26 26 -28 28 -30 -31
leaf_value=-0.0017932146789616573 -0.0011902000788333162 0.0025236163322848305 -0.0022009858833343695 -0.0032967330067462867 0.0018262161161093152 0.0021166537073440852 0.0023656381366890856 -0.0013730732300742106 -0.0017189867869019508 0.0013597191189460103 -0.0017840567811885301 -0.00098871004122954155 0.00023949870689345213 -0.0019062639679759742 0.0012017510132864119 0.0015569301741197705 -0.0010304064936159799 0.00098954702874547574 -7.6919828195283468e-06 -0.0022814231176328447 4.4807533277707214e-06 0.0020488208175973139 -0.0030843732727225872 -0.00061865092674534853 -0.00099533564755117563 4.3871290942817466e-05 0.0021429451743178829 0.0052244363049976528 -5.4098893989525416e-05 0.0013236284784880687
leaf_weight=59 28 27 33 21 34 20 20 33 25 21 34 39 24 23 26 20 24 38 483 28 2620 54 20 88 89 396 49 20 23 81
leaf_count=59 28 27 33 21 34 20 20 33 25 21 34 39 24 23 26 20 24 38 483 28 2620 54 20 88 89 396 49 20 23 81
internal_value=-2.58529e-12 -8.30611e-05 -2.27816e-05 -0.00087281 -0.000101177 0.000187656 2.7599e-05 -5.2549e-05 7.1459e-06 -5.92905e-05 1.28235e-06 -4.16803e-05 -0.00138411 -0.000810555 5.23528e-05 2.87536e-06 7.13211e-05 1.68033e-05 6.50433e-05 2.29142e-05 -1.96904e-05 0.000151261 -0.000263302 -0.000106576 0.000224027 0.000466961 0.000275005 0.00073593 0.00240103 0.000312264
internal_weight=4500 973 904 69 877 48 797 763 730 710 685 664 80 47 630 604 565 545 521 3527 2648 879 380 360 301 499 445 212 43 169
internal_count=4500 973 904 69 877 48 797 763 730 710 685 664 80 47 630 604 565 545 521 3527 2648 879 380 360 301 499 445 212 43 169
is_linear=0
shrinkage=0.1


end of trees

feature_importances:
Column_7=450
Column_4=402
Column_9=331
Column_5=328
Column_3=307
Column_6=304
Column_10=303
Column_1=294
Column_8=281

parameters:
[boosting: gbdt]
[objective: regression]
[metric: l2]
[tree_learner: serial]
[device_type: cpu]
[data_sample_strategy: bagging]
[data: ]
[valid: ]
[num_iterations: 100]
[learning_rate: 0.1]
[num_leaves: 31]
[num_threads: 2]
[seed: 42]
[deterministic: 0]
[force_col_wise: 0]
[force_row_wise: 0]
[histogram_pool_size: -1]
[max_depth: -1]
[min_data_in_leaf: 20]
[min_sum_hessian_in_leaf: 0.001]
[bagging_fraction: 1]
[pos_bagging_fraction: 1]
[neg_bagging_fraction: 1]
[bagging_freq: 0]
[bagging_seed: 400]
[bagging_by_query: 0]
[feature_fraction: 1]
[feature_fraction_bynode: 1]
[feature_fraction_seed: 30056]
[extra_trees: 0]
[extra_seed: 12879]
[early_stopping_round: 0]
[early_stopping_min_delta: 0]
[first_metric_only: 0]
[max_delta_step: 0]
[lambda_l1: 0]
[lambda_l2: 0]
[linear_lambda: 0]
[min_gain_to_split: 0]
[drop_rate: 0.1]
[max_drop: 50]
[skip_drop: 0.5]
[xgboost_dart_mode: 0]
[uniform_drop: 0]
[drop_seed: 17869]
[top_rate: 0.2]
[other_rate: 0.1]
[min_data_per_group: 100]
[max_cat_threshold: 32]
[cat_l2: 10]
[cat_smooth: 10]
[max_cat_to_onehot: 4]
[top_k: 20]
[monotone_constraints: ]
[monotone_constraints_method: basic]
[monotone_penalty: 0]
[feature_contri: ]
[forcedsplits_filename: ]
[refit_decay_rate: 0.9]
[cegb_tradeoff: 1]
[cegb_penalty_split: 0]
[cegb_penalty_feature_lazy: ]
[cegb_penalty_feature_coupled: ]
[path_smooth: 0]
[interaction_constraints: ]
[verbosity: -1]
[saved_feature_importance_type: 0]
[use_quantized_grad: 0]
[num_grad_quant_bins: 4]
[quant_train_renew_leaf: 0]
[stochastic_rounding: 1]
[linear_tree: 0]
[max_bin: 255]
[max_bin_by_feature: ]
[min_data_in_bin: 3]
[bin_construct_sample_cnt: 200000]
[data_random_seed: 175]
[is_enable_sparse: 1]
[enable_bundle: 1]
[use_missing: 1]
[zero_as_missing: 0]
[feature_pre_filter: 1]
[pre_partition: 0]
[two_round: 0]
[header: 0]
[label_column: ]
[weight_column: ]
[group_column: ]
[ignore_column: ]
[categorical_feature: ]
[forcedbins_filename: ]
[precise_float_parser: 0]
[parser_config_file: ]
[objective_seed: 16083]
[num_class: 1]
[is_unbalance: 0]
[scale_pos_weight: 1]
[sigmoid: 1]
[boost_from_average: 1]
[reg_sqrt: 0]
[alpha: 0.9]
[fair_c: 1]
[poisson_max_delta_step: 0.7]
[tweedie_variance_power: 1.5]
[lambdarank_truncation_level: 30]
[lambdarank_norm: 1]
[label_gain: ]
[lambdarank_position_bias_regularization: 0]
[eval_at: ]
[multi_error_top_k: 1]
[auc_mu_weights: ]
[num_machines: 1]
[local_listen_port: 12400]
[time_out: 120]
[machine_list_filename: ]
[machines: ]
[gpu_platform_id: -1]
[gpu_device_id: -1]
[gpu_use_dp: 0]
[num_gpu: 1]

end of parameters

pandas_categorical:null
