tree
version=v4
num_class=1
num_tree_per_iteration=1
label_index=0
max_feature_idx=10
objective=regression
feature_names=Column_0 Column_1 Column_2 Column_3 Column_4 Column_5 Column_6 Column_7 Column_8 Column_9 Column_10
feature_infos=none [33:80] none [2187:205747] [1353:166955] [4250:205747] [2589.5:185871] [15429.138671875:1943127296] [1749.25:172290] [1991.5:182306] [3709.75:202297]
tree_sizes=2695 2816 2851 2842 2857 2822 2835 2854 2850 2845 2877 2858 2850 2878 2884 2869 2868 2863 2874 2887 2903 2879 2909 2886 2879 2892 2897 2886 2883 2872 2915 2896 2899 2886 2912 2887 2939 2880 2909 2893 2885 2895 2865 2912 2870 2878 2907 2893 2939 2891 2902 2933 2914 2908 2900 2944 2862 2891 2923 2877 2918 2930 2920 2881 2908 2919 2918 2886 2932 2893 2913 2926 2878 2923 2939 2900 2867 2899 2895 2932 2916 2938 2896 2906 2902 2913 2898 2893 2920 2884 2911 2884 2913 2901 2900 2930 2919 2899 2894 2891

Tree=0
num_leaves=31
num_cat=0
split_feature=4 4 4 8 3 4 7 7 4 7 3 7 8 7 3 7 9 3 1 6 9 1 3 1 8 8 9 7 7 7
split_gain=30.7901 6.20244 2.7799 1.31126 0.637792 0.546985 0.508702 0.430029 0.429702 0.243808 0.227137 0.20121 0.293358 0.166199 0.164153 0.204183 0.158094 0.142992 0.126447 0.121222 0.19663 0.120345 0.115123 0.103224 0.122464 0.0976098 0.146833 0.197653 0.106569 0.167892
threshold=48233.500000000007 22654.000000000004 61219.500000000007 37842.125000000007 20340.500000000004 74280.500000000015 1902114.1875000002 90676132.000000015 52402.500000000007 13564372.500000002 13512.500000000002 3145645.0000000005 47395.375000000007 160966272.00000003 34933.000000000007 7544134.5000000009 73698.750000000015 88411.500000000015 66.500000000000014 43117.000000000007 46752.500000000007 68.500000000000014 52146.000000000007 70.500000000000014 46378.875000000007 39673.875000000007 48456.750000000007 59141860.000000007 13081549.000000002 9566229.0000000019
decision_type=2 2 2 2 2 2 2 2 2 2 2 2 2 2 2 2 2 2 2 2 2 2 2 2 2 2 2 2 2 2
left_child=1 4 7 6 9 13 -3 8 18 10 -1 19 23 -4 15 -8 17 -9 -2 -5 -21 -12 -20 24 -13 -25 27 28 29 -27
right_child=2 3 5 11 -6 -7 14 16 -10 -11 21 12 -14 -15 -16 -17 -18 -19 22 20 -22 -23 -24 25 -26 26 -28 -29 -30 -31
leaf_value=0.15636691708586836 0.13266545716439837 0.12936324566195501 0.12070056139437789 0.13469143115847357 0.14659619359394152 0.11755431839485374 0.14143250286308792 0.1303507716934332 0.12348842328298108 0.16372000357343092 0.1443552971792231 0.13667555831289954 0.13237000252775888 0.12475248088197322 0.14035357951452021 0.15040571751049353 0.12684916894088707 0.13799500276238866 0.13394608954595771 0.11850095445177859 0.13202909349315245 0.15384727613597809 0.12644432664315802 0.12990378620551604 0.14389778078485418 0.13535077191360742 0.13250095487681648 0.14662000330185726 0.1335226000173805 0.14662000315284565
leaf_weight=81 55 37 751 21 252 746 64 104 551 25 34 180 440 117 274 42 96 32 23 21 22 22 185 37 27 39 105 20 77 20
leaf_count=81 55 37 751 21 252 746 64 104 551 25 34 180 440 117 274 42 96 32 23 21 22 22 185 37 27 39 105 20 77 20
internal_value=0.129022 0.138968 0.122143 0.135839 0.149743 0.11954 0.140556 0.126158 0.125076 0.154639 0.152981 0.13389 0.134258 0.121247 0.141646 0.144988 0.129956 0.132149 0.128401 0.128464 0.125422 0.148084 0.127274 0.135902 0.137618 0.134711 0.135392 0.137338 0.135973 0.139171
internal_weight=4500 1840 2660 1426 414 1614 417 1046 814 162 137 1009 945 868 380 106 232 136 263 64 43 56 208 505 207 298 261 156 136 59
internal_count=4500 1840 2660 1426 414 1614 417 1046 814 162 137 1009 945 868 380 106 232 136 263 64 43 56 208 505 207 298 261 156 136 59
is_linear=0
shrinkage=1


Tree=1
num_leaves=31
num_cat=0
split_feature=4 4 4 8 3 4 7 7 4 7 3 3 7 8 8 6 10 7 9 10 5 1 10 1 7 3 8 7 4 9
split_gain=24.94 5.02397 2.2535 1.06212 0.516611 0.43039 0.412048 0.345502 0.357066 0.197484 0.189822 0.183976 0.30789 0.191136 0.166206 0.152909 0.145412 0.145291 0.139845 0.134935 0.119387 0.210013 0.132547 0.112448 0.107314 0.183008 0.106561 0.0978386 0.095062 0.0926671
threshold=48233.500000000007 22654.000000000004 61487.000000000007 37842.125000000007 20340.500000000004 74280.500000000015 1902114.1875000002 48649700.000000007 53461.500000000007 13564372.500000002 11837.500000000002 41220.000000000007 3240105.6250000005 47395.375000000007 52617.375000000007 8416.1665039062518 47311.875000000007 104199140.00000001 41294.250000000007 46229.125000000007 57411.500000000007 66.500000000000014 54712.625000000007 69.500000000000014 7544134.5000000009 34933.000000000007 51734.000000000007 11629755.000000002 8443.5000000000018 40320.250000000007
decision_type=2 2 2 2 2 2 2 2 2 2 2 2 2 2 2 2 2 2 2 2 2 2 2 2 2 2 2 2 2 2
left_child=1 4 7 6 9 17 -3 8 20 10 15 29 16 18 -9 -1 -13 -4 -14 24 22 -22 -2 -12 -8 -26 -23 -28 -6 -5
right_child=2 3 5 11 28 -7 19 14 -10 -11 23 12 13 -15 -16 -17 -18 -19 -20 -21 21 26 -24 -25 25 -27 27 -29 -30 -31
leaf_value=0.02102997572057777 -0.00074168169521726668 0.0003069193782033147 -0.0077407877097224317 0.0056464105844497682 0.021202450374077107 -0.010321115779792816 0.0095761676564028383 0.0077511149225756529 -0.0059472426828847923 0.031227999269962309 0.015395216770470144 -0.0076924072157952099 -0.00203938436295305 0.0030272372847673294 -0.00083012870245055342 0.030696642100811009 0.002558065414428711 -0.0046256575387777742 0.0063113962750086629 0.007769393598342814 0.0055720576569437989 0.0047602790629579913 -0.010162877231570227 0.024115085672764554 0.019709429061040284 0.012160961473920595 -0.0071233909577131278 -0.0011926842680604188 0.015116165932518487 0.014464720295598874
leaf_weight=36 32 37 656 22 29 746 95 24 394 25 50 31 21 439 379 30 25 194 445 82 50 21 28 21 40 163 39 97 223 26
leaf_count=36 32 37 656 22 29 746 95 24 394 25 50 31 21 439 379 30 25 194 445 82 50 21 28 21 40 163 39 97 223 26
internal_value=-3.9695e-11 0.00895104 -0.0061917 0.00613555 0.0186489 -0.00856822 0.0103808 -0.00262691 -0.00403395 0.0230547 0.0215632 0.00438106 0.00407928 0.00452453 -0.000319087 0.0254239 -0.0031163 -0.00702981 0.00593507 0.0113617 -0.00121059 -7.21443e-05 -0.00513824 0.0179743 0.0123502 0.0136483 -0.00186966 -0.0028934 0.0158166 0.010423
internal_weight=4500 1840 2660 1426 414 1596 417 1064 661 162 137 1009 961 905 403 66 56 850 466 380 267 207 60 71 298 203 157 136 252 48
internal_count=4500 1840 2660 1426 414 1596 417 1064 661 162 137 1009 961 905 403 66 56 850 466 380 267 207 60 71 298 203 157 136 252 48
is_linear=0
shrinkage=0.1


Tree=2
num_leaves=31
num_cat=0
split_feature=4 4 4 4 4 7 3 4 7 3 7 9 5 9 5 8 3 3 7 10 8 1 3 4 7 5 8 10 3 10
split_gain=20.2037 4.18908 1.70698 1.11397 0.357689 0.290131 0.282721 0.256326 0.205197 0.320354 0.196772 0.195186 0.179318 0.19115 0.175754 0.291675 0.129849 0.128049 0.120745 0.120718 0.111947 0.0931547 0.0861706 0.0849608 0.0845809 0.0830279 0.176738 0.0887732 0.0810028 0.164688
threshold=48635.500000000007 20368.500000000004 61219.500000000007 33578.000000000007 74280.500000000015 90676132.000000015 15110.000000000002 52402.500000000007 3145645.0000000005 49215.500000000007 1309160.6875000002 41607.500000000007 49055.000000000007 48807.500000000007 51894.000000000007 44092.125000000007 40345.500000000007 25620.000000000004 21563442.000000004 29040.000000000004 64181.750000000007 68.500000000000014 72119.500000000015 30084.000000000004 160966272.00000003 71661.500000000015 52445.625000000007 52278.875000000007 34933.000000000007 34656.000000000007
decision_type=2 2 2 2 2 2 2 2 2 2 2 2 2 2 2 2 2 2 2 2 2 2 2 2 2 2 2 2 2 2
left_child=1 6 5 10 18 7 -1 21 -5 12 -3 17 16 -14 -11 -16 -10 -12 -4 -19 -7 -2 -20 -13 -24 27 -27 -17 29 -21
right_child=2 3 4 8 -6 20 -8 -9 9 14 11 23 13 -15 15 25 -18 19 22 28 -22 -23 24 -25 -26 26 -28 -29 -30 -31
leaf_value=0.022164608824446246 0.0024712691083550453 -0.00028743766248226168 -0.0079095892451924131 -0.0012066577258822205 -0.0092890040002059169 0.0025715891911245107 0.015979145501509438 -0.0045238245451001422 0.010795828653499484 -0.002271868840658239 0.018779232669621709 0.0092353696156232089 0.015197447982306281 0.0058998800541569555 0.0083916894985096805 0.0077401665970683103 0.0035582588375969366 0.0046973631950095298 -0.00077227498530536094 0.010691143768943019 -0.0020192261806435208 -0.0018745254914828405 -0.0064414715819151661 0.0041299549862742427 -0.0033931796017110855 0.0082144461313469544 0.0014438741492578783 0.0014604875392000866 0.010019408714757344 0.019135737550609253
leaf_weight=108 70 20 304 77 746 134 234 551 32 56 20 61 48 41 105 24 110 32 37 72 88 167 410 70 117 72 83 363 214 34
leaf_count=108 70 20 304 77 746 134 234 551 32 56 20 61 48 41 105 24 110 32 37 72 88 167 410 70 117 72 83 363 214 34
internal_value=1.92991e-11 0.00792456 -0.00566558 0.00569334 -0.0076832 -0.00244137 0.0179324 -0.00334097 0.00375513 0.00416419 0.00944003 0.00982681 0.00739501 0.0109143 0.00310257 0.00356774 0.00518926 0.0109958 -0.0063031 0.0105535 0.000751807 -0.000590957 -0.0054372 0.00650729 -0.00576472 0.00263322 0.00458891 0.00184993 0.0111392 0.0133998
internal_weight=4500 1876 2624 1534 1614 1010 342 788 1011 934 523 503 231 89 703 647 142 372 868 352 222 237 564 131 527 542 155 387 320 106
internal_count=4500 1876 2624 1534 1614 1010 342 788 1011 934 523 503 231 89 703 647 142 372 868 352 222 237 564 131 527 542 155 387 320 106
is_linear=0
shrinkage=0.1


Tree=3
num_leaves=31
num_cat=0
split_feature=4 4 4 4 4 3 7 8 7 3 7 9 7 5 9 5 8 7 9 8 3 3 5 9 6 1 6 7 3 1
split_gain=16.3749 3.31718 1.49329 0.860189 0.393959 0.233291 0.204234 0.165572 0.160688 0.243463 0.159385 0.166107 0.155255 0.149219 0.15107 0.148157 0.225897 0.14148 0.13674 0.111868 0.110687 0.105178 0.0972911 0.0923731 0.101813 0.089208 0.0865955 0.0784041 0.0760006 0.0754651
threshold=48233.500000000007 20368.500000000004 58053.000000000007 33578.000000000007 74280.500000000015 13512.500000000002 148063016.00000003 71280.000000000015 3145645.0000000005 49215.500000000007 1309160.6875000002 37209.500000000007 13564372.500000002 49055.000000000007 48807.500000000007 51894.000000000007 44092.125000000007 6631907.7500000009 59490.750000000007 53535.000000000007 30049.500000000004 40345.500000000007 74841.000000000015 72944.250000000015 67429.000000000015 65.500000000000014 8416.1665039062518 266396800.00000003 75870.000000000015 73.500000000000014
decision_type=2 2 2 2 2 2 2 2 2 2 2 2 2 2 2 2 2 2 2 2 2 2 2 2 2 2 2 2 2 2
left_child=1 5 12 10 6 26 -4 -8 -5 13 -3 17 19 21 -15 -11 -17 -12 25 29 -19 -10 -20 24 28 -14 -1 -13 -24 -2
right_child=2 3 4 8 -6 -7 7 -9 9 15 11 27 18 14 -16 16 -18 20 22 -21 -22 -23 23 -25 -26 -27 -28 -29 -30 -31
leaf_value=0.016710516782606849 -0.0033057576794104249 -0.00025869449600577358 -0.0059452613542878494 -0.0010104358246600306 -0.008360103614336185 0.014578370264332211 0.0029063971277247086 -0.0041562145987970641 0.009716246300376952 -0.0020446820384157553 0.007372816267888993 0.0075422180027757985 0.0069269321979053555 0.013677703092495601 0.0052380245178937912 0.0075525204234179995 0.0024607524923339953 0.019136059787124397 -0.0028084129344469336 -0.0055107117373385094 0.011250898299485813 0.0032024330476468259 0.0033302688784897327 -0.0024204133506650211 0.0040874879735593615 0.0008013582021436272 0.023042224049223244 0.0019712124790610941 -0.004438477201277719 0.0027764060671496039
leaf_weight=36 51 20 944 74 746 252 47 113 32 56 96 196 31 48 38 105 512 20 239 134 162 110 20 87 78 102 54 29 34 34
leaf_count=36 51 20 944 74 746 252 47 113 32 56 96 196 31 48 38 105 512 20 239 134 162 110 20 87 78 102 54 29 34 34
internal_value=-1.03842e-11 0.00725296 -0.00501708 0.00522419 -0.00658487 0.0161392 -0.00538531 -0.00208157 0.00346914 0.00383705 0.00849603 0.00884413 -0.00143632 0.00666124 0.00994854 0.00288026 0.00332726 0.010479 -0.000593557 -0.00371064 0.0121174 0.00467033 -0.00141324 0.000109339 0.00177668 0.00222912 0.0205095 0.00682418 -0.00156116 -0.000872892
internal_weight=4500 1840 2660 1498 1850 342 1104 160 975 901 523 503 810 228 86 673 617 278 591 219 182 142 458 219 132 133 90 225 54 85
internal_count=4500 1840 2660 1498 1850 342 1104 160 975 901 523 503 810 228 86 673 617 278 591 219 182 142 458 219 132 133 90 225 54 85
is_linear=0
shrinkage=0.1


Tree=4
num_leaves=31
num_cat=0
split_feature=4 4 4 8 3 7 4 5 7 3 4 3 7 7 5 1 6 3 8 4 7 10 3 6 9 8 3 5 5 5
split_gain=13.2664 2.74856 1.13467 0.600579 0.306516 0.248165 0.231014 0.211138 0.207056 0.181348 0.177722 0.123856 0.193802 0.111607 0.0969587 0.160244 0.094547 0.0895912 0.0886886 0.191733 0.142528 0.16623 0.0904026 0.0933829 0.100269 0.101615 0.0853664 0.162657 0.0820103 0.0809108
threshold=48635.500000000007 22654.000000000004 61219.500000000007 37842.125000000007 21708.000000000004 1902114.1875000002 75846.000000000015 21600.500000000004 48649700.000000007 13512.500000000002 53461.500000000007 40875.000000000007 2466178.2500000005 21563442.000000004 57411.500000000007 65.500000000000014 29512.166992187504 68685.000000000015 47395.375000000007 45406.500000000007 45536000.000000007 58332.875000000007 49215.500000000007 53442.417968750007 56759.250000000007 48951.750000000007 58612.500000000007 62313.500000000007 30992.000000000004 63282.000000000007
decision_type=2 2 2 2 2 2 2 2 2 2 2 2 2 2 2 2 2 2 2 2 2 2 2 2 2 2 2 2 2 2
left_child=1 4 8 5 7 -3 13 9 10 -1 14 -5 -13 -4 -2 -16 28 -10 19 20 -14 -22 -20 -24 25 -25 27 -12 -7 -23
right_child=2 3 6 11 -6 16 -8 -9 17 -11 26 12 18 -15 15 -17 -18 -19 22 -21 21 29 23 24 -26 -27 -28 -29 -30 -31
leaf_value=0.018090203545260721 -0.0049898843242165945 -0.00022484765866318267 -0.0067128145683509393 0.0086335534850756328 0.011228017366897221 0.0080868949508294454 -0.0076724792803875806 0.023566663747705108 0.0062299428773777829 0.010923254087326988 -0.0077432173284013644 -0.0036784681773116426 0.0023848107521783333 -0.0044446518843198387 0.0059520964284200933 -0.0013545632895386819 0.0077908823982216924 -0.00049003250326203767 0.0074363131556780112 0.013721512593328954 0.0097168080272599013 -0.0010572989439142162 -0.00053338436565051478 -9.7930654883384696e-05 0.0015797068062646871 0.007288933524938479 -0.0050663942159744615 0.0028106909210328015 0.016842567037952984 0.0051987280034356646
leaf_weight=82 48 37 334 39 234 20 661 36 21 62 23 43 294 619 37 159 337 359 31 20 71 29 120 25 228 73 323 40 23 72
leaf_count=82 48 37 334 39 234 20 661 36 21 62 23 43 294 619 37 159 337 359 31 20 71 29 120 25 228 73 323 40 23 72
internal_value=-5.3683e-11 0.00642148 -0.00459097 0.00438461 0.0136145 0.00759311 -0.00623595 0.0167169 -0.00196224 0.0150044 -0.00307424 0.00310428 0.00288993 -0.00523958 -0.000961731 2.47551e-05 0.00835433 -0.000118665 0.00318322 0.00413396 0.00372248 0.00600895 0.00221454 0.00185159 0.0027295 0.00540453 -0.00440962 -0.00104232 0.0127702 0.00340244
internal_weight=4500 1876 2624 1462 414 417 1614 180 1010 144 630 1045 1006 953 244 196 380 380 963 486 466 172 477 446 326 98 386 63 43 101
internal_count=4500 1876 2624 1462 414 417 1614 180 1010 144 630 1045 1006 953 244 196 380 380 963 486 466 172 477 446 326 98 386 63 43 101
is_linear=0
shrinkage=0.1


Tree=5
num_leaves=31
num_cat=0
split_feature=4 4 4 4 4 3 7 8 7 3 5 6 5 8 7 8 3 7 6 9 3 10 3 10 9 1 7 7 6 9
split_gain=10.7599 2.18028 1.02492 0.552284 0.260069 0.160476 0.153793 0.129389 0.123841 0.185135 0.134376 0.120368 0.11741 0.160462 0.11726 0.138978 0.119494 0.107903 0.120848 0.100141 0.0945228 0.0845475 0.0798874 0.138994 0.166191 0.0802338 0.0776125 0.114326 0.103012 0.0686823
threshold=48044.000000000007 20368.500000000004 58053.000000000007 33578.000000000007 74280.500000000015 11837.500000000002 148063016.00000003 71280.000000000015 3145645.0000000005 49215.500000000007 49055.000000000007 8416.1665039062518 51894.000000000007 44092.125000000007 90676132.000000015 62292.000000000007 52146.000000000007 1309160.6875000002 47704.666015625007 48807.500000000007 25620.000000000004 29040.000000000004 34933.000000000007 34656.000000000007 30727.250000000004 70.500000000000014 8670163.0000000019 5716586.0000000009 41579.000000000007 41607.500000000007
decision_type=2 2 2 2 2 2 2 2 2 2 2 2 2 2 2 2 2 2 2 2 2 2 2 2 2 2 2 2 2 2
left_child=1 5 14 17 6 11 -4 -8 -5 10 26 -1 -11 -14 16 -16 -2 -3 20 -12 -19 -22 23 24 25 -23 27 -10 -28 -7
right_child=2 3 4 8 -6 29 7 -9 9 12 19 -13 13 -15 15 -17 -18 18 -20 -21 21 22 -24 -25 -26 -27 28 -29 -30 -31
leaf_value=0.013230445463624266 0.0036919737577830493 -0.00032486891373991969 -0.0048534174874090494 -0.0011509124215485322 -0.0067845021322089933 0.012580224427406259 0.0029087690695961742 -0.0033346244587307487 0.0047856977813549948 -0.002065199098017599 0.011792158015305178 0.02140792581356234 0.006274176087407839 0.0019725252137366071 0.0033726478486575864 -0.0022098841220140456 -0.0020891116137812609 0.014448005943559113 0.0029128340214996016 0.0048150707450177943 0.0024706698372028769 0.0072617042649151947 0.0069417891069723852 0.015315715288743377 0.00014637879572720045 0.015270248173990034 0.0099019448352711537 -0.0037724644842523115 0.0025952029323508576 0.0075772953234733119
leaf_weight=36 38 20 944 72 746 239 47 113 37 56 48 36 105 498 110 75 605 20 59 36 32 29 285 35 21 22 35 27 43 31
leaf_count=36 38 20 944 72 746 239 47 113 37 56 48 36 105 498 110 75 605 20 59 36 32 29 285 35 21 22 35 27 43 31
internal_value=6.77149e-12 0.00592828 -0.00403336 0.00426539 -0.00534214 0.0131244 -0.00436751 -0.00150063 0.00283734 0.0031618 0.0056316 0.0173192 0.0023148 0.00272157 -0.00110914 0.00110946 -0.00174746 0.00687849 0.00716491 0.00880198 0.00772993 0.00741304 0.0078165 0.0101463 0.00763346 0.0107164 0.00375617 0.00117522 0.00587387 0.0120058
internal_weight=4500 1822 2678 1480 1850 342 1104 160 957 885 226 72 659 603 828 185 643 523 503 84 444 424 392 107 72 51 142 64 78 270
internal_count=4500 1822 2678 1480 1850 342 1104 160 957 885 226 72 659 603 828 185 643 523 503 84 444 424 392 107 72 51 142 64 78 270
is_linear=0
shrinkage=0.1


Tree=6
num_leaves=31
num_cat=0
split_feature=8 4 4 4 7 4 5 4 3 3 6 7 7 5 3 6 6 7 3 5 9 7 5 5 7 3 1 3 9 8
split_gain=8.76833 1.79502 0.847537 0.425246 0.211741 0.152061 0.128951 0.123243 0.120554 0.115128 0.17225 0.118761 0.118222 0.0993099 0.0978259 0.0974982 0.0961414 0.100575 0.0853491 0.222295 0.1869 0.150114 0.128576 0.165641 0.08503 0.0808438 0.0782226 0.0765634 0.0736677 0.0855368
threshold=52617.375000000007 20368.500000000004 61219.500000000007 33578.000000000007 64829148.000000007 75846.000000000015 71661.500000000015 53461.500000000007 11837.500000000002 41220.000000000007 40199.000000000007 2466178.2500000005 1440529.0000000002 57411.500000000007 69424.500000000015 8416.1665039062518 47704.666015625007 1309160.6875000002 52995.000000000007 52139.500000000007 52132.750000000007 10484532.500000002 56070.000000000007 53941.500000000007 21563442.000000004 75079.000000000015 66.500000000000014 25620.000000000004 61112.500000000007 48951.750000000007
decision_type=2 2 2 2 2 2 2 2 2 2 2 2 2 2 2 2 2 2 2 2 2 2 2 2 2 2 2 2 2 2
left_child=1 8 4 16 7 24 9 13 15 10 -5 12 -11 -2 -6 -1 17 -3 19 -13 22 -20 23 -21 -4 -26 -15 -19 29 -8
right_child=2 3 5 6 14 -7 28 -9 -10 11 -12 18 -14 26 -16 -17 -18 27 21 20 -22 -23 -24 -25 25 -27 -28 -29 -30 -31
leaf_value=0.011907400511619119 -0.0074723160616122193 -0.00029238145798444749 -0.0055388459785211232 0.0015921979922016985 0.0066978993906599022 -0.0062267805856854042 0.0048752330588521789 -0.0035334686198386887 0.010976536934393065 0.002065460032059087 0.01154995612878338 0.0014750737589762106 -0.0072925054606188229 0.0038895026501268152 -1.7298965017598962e-05 0.0192671326506469 0.0018981403314528315 0.013003204978740541 -0.004897174050307109 0.010685155681486048 0.000657389515212604 0.0018687359750797245 0.015918804857541213 1.6865811564705591e-05 -4.8499093501395074e-06 -0.0039265396125546586 -0.00099210755650178009 0.0066717386107986278 0.0029628251512081195 0.013080149423331022
leaf_weight=36 20 20 334 38 23 661 27 435 267 27 32 213 27 40 382 36 47 20 36 43 35 368 22 22 58 561 183 424 39 24
leaf_count=36 20 20 334 38 23 661 27 435 267 27 32 213 27 40 382 36 47 20 36 43 35 368 22 22 58 561 183 424 39 24
internal_value=6.73856e-11 0.00539877 -0.00360919 0.00388044 -0.00144509 -0.00506131 0.00263244 -0.00252578 0.0119558 0.0022568 0.00614432 0.00191363 -0.00261352 -0.000721901 0.000364058 0.0155873 0.00620792 0.00664447 0.00224444 0.00342461 0.00682832 0.00126583 0.00931088 0.00707435 -0.00425293 -0.00355908 -0.000116482 0.00695694 0.0062345 0.00873637
internal_weight=4500 1803 2697 1464 1083 1614 953 678 339 863 70 793 54 243 405 72 511 464 739 335 122 404 87 65 953 619 223 444 90 51
internal_count=4500 1803 2697 1464 1083 1614 953 678 339 863 70 793 54 243 405 72 511 464 739 335 122 404 87 65 953 619 223 444 90 51
is_linear=0
shrinkage=0.1


Tree=7
num_leaves=31
num_cat=0
split_feature=8 4 4 8 4 3 7 7 7 7 3 7 8 3 3 9 3 1 3 5 10 1 1 1 10 10 5 4 9 9
split_gain=7.10235 1.45433 0.693462 0.299204 0.171385 0.157445 0.185152 0.15634 0.139399 0.124361 0.125498 0.118512 0.0942548 0.0867315 0.0954213 0.124127 0.0855839 0.102832 0.0786274 0.140406 0.122696 0.177606 0.0836234 0.0997267 0.0782826 0.0971001 0.0849293 0.086252 0.0761643 0.0759071
threshold=52617.375000000007 22654.000000000004 58053.000000000007 37842.125000000007 74280.500000000015 21708.000000000004 13564372.500000002 1902114.1875000002 27909739.000000004 34238996.000000007 41220.000000000007 138504008.00000003 71280.000000000015 68920.000000000015 80211.000000000015 72944.250000000015 11837.500000000002 69.500000000000014 53894.500000000007 52139.500000000007 51886.375000000007 72.500000000000014 70.500000000000014 75.500000000000014 57805.750000000007 56847.875000000007 65592.000000000015 42980.500000000007 50023.500000000007 40320.250000000007
decision_type=2 2 2 2 2 2 2 2 2 2 2 2 2 2 2 2 2 2 2 2 2 2 2 2 2 2 2 2 2 2
left_child=1 5 8 7 11 6 16 -3 -2 10 29 -4 -13 -10 -15 -16 -1 -18 19 -12 -21 -22 -20 -24 25 -11 28 -28 -26 -5
right_child=2 3 4 9 -6 -7 -8 -9 13 24 18 12 -14 14 15 -17 17 -19 22 20 21 -23 23 -25 26 -27 27 -29 -30 -31
leaf_value=0.01367716393010183 -0.0026062844197948052 -0.00064499040411130802 -0.0039978416374049979 0.0020193247632546859 -0.0055041504876523336 0.0083603137497203026 0.019943728670477869 0.0061644243990648601 0.0022411871931778834 0.0044928467486717617 0.00028500704977073169 0.0023513256062595352 -0.0026750505646406155 -0.0019975955839706301 0.0039063521021281385 -0.0014002623858841812 0.0066572241393513367 0.014167789205049092 0.002045836038887501 0.0092409324460990122 -0.0012776166169295232 0.0081911189932725396 -0.0058073818647804178 0.0013583779335021974 0.0052698816975642899 0.011966268523108392 0.0018221169621461912 0.0061993365569673869 -0.00057796533413541817 0.01007327388226986
leaf_weight=66 301 37 925 22 746 230 27 380 138 101 247 53 126 231 83 94 61 26 50 37 52 32 52 31 29 21 84 97 96 25
leaf_count=66 301 37 925 22 746 230 27 380 138 101 247 53 126 231 83 94 61 26 50 37 52 32 52 31 29 21 84 97 96 25
internal_value=-1.07732e-11 0.00485889 -0.00324827 0.00331808 -0.00433326 0.0100939 0.012309 0.00556023 -0.000878453 0.00236011 0.00136253 -0.00354206 -0.00118679 7.40693e-05 -0.000658927 0.00108815 0.0109617 0.00890176 0.000899019 0.00165215 0.00444293 0.00232952 -0.00118483 -0.00313101 0.00363739 0.00577926 0.00278345 0.00416792 0.000778735 0.00630334
internal_weight=4500 1803 2697 1393 1850 410 180 417 847 976 548 1104 179 546 408 177 153 87 501 368 121 84 133 83 428 122 306 181 125 47
internal_count=4500 1803 2697 1393 1850 410 180 417 847 976 548 1104 179 546 408 177 153 87 501 368 121 84 133 83 428 122 306 181 125 47
is_linear=0
shrinkage=0.1


Tree=8
num_leaves=31
num_cat=0
split_feature=4 4 4 4 4 4 7 9 1 3 7 3 7 3 3 1 6 1 3 8 3 5 3 4 7 3 5 3 1 3
split_gain=5.75607 1.0826 0.659868 0.251665 0.152347 0.139943 0.125387 0.111299 0.109516 0.106641 0.0985627 0.0910526 0.130975 0.0908968 0.105247 0.0931665 0.0842952 0.0835144 0.0826405 0.0787188 0.0754277 0.196639 0.0731913 0.10998 0.097085 0.0731055 0.0707455 0.111938 0.079059 0.0679921
threshold=46648.500000000007 20368.500000000004 58053.000000000007 33578.000000000007 45406.500000000007 78764.000000000015 3145645.0000000005 48456.750000000007 55.500000000000007 44983.000000000007 62750122.000000007 52146.000000000007 27909739.000000004 68920.000000000015 76634.000000000015 70.500000000000014 49513.333984375007 74.500000000000014 54791.500000000007 70429.125000000015 21708.000000000004 21600.500000000004 88411.500000000015 61219.500000000007 79025484.000000015 41220.000000000007 28621.000000000004 27314.000000000004 58.500000000000007 13512.500000000002
decision_type=2 2 2 2 2 2 2 2 2 2 2 2 2 2 2 2 2 2 2 2 2 2 2 2 2 2 2 2 2 2
left_child=1 8 11 26 6 10 9 16 -1 -5 -4 -2 -13 15 -15 -14 25 -17 -6 22 21 29 24 -24 -12 -8 -3 -28 -29 -10
right_child=2 3 5 4 18 -7 7 -9 20 -11 19 12 13 14 -16 17 -18 -19 -20 -21 -22 -23 23 -25 -26 -27 27 28 -30 -31
leaf_value=0.014132857023049956 0.0032682045429412812 0.00087551530695667394 -0.0039740601989057397 0.00039543042866847452 0.01030060276389122 -0.00525105763570409 0.00671706460416317 0.00096844553857320748 0.010841237301709224 -0.0085859124362468713 0.0016090129707008599 -0.0023127491095748759 0.005608960511637162 -0.0025059916356489245 0.00086119994654823724 -0.0022289377639535817 0.0097878422727808376 0.0046728100627660757 0.0039420160651206975 -0.002961035157045858 0.0073448010111605028 0.017587728944096354 0.0079376761420545255 -0.00052138173989221164 -0.0070391906701304302 0.0024314949401797585 0.012681482471525668 0.010757116990103184 0.0047436186822280881 0.0058937104090171707
leaf_weight=46 56 38 853 39 31 542 47 372 61 20 25 373 54 167 209 50 20 27 60 330 153 31 22 51 27 260 20 23 442 51
leaf_count=46 56 38 853 39 31 542 47 372 61 20 25 373 54 167 209 50 20 27 60 330 153 31 22 51 27 260 20 23 442 51
internal_value=-8.42679e-11 0.00455976 -0.00280525 0.00330499 0.00224199 -0.00389994 0.00177785 0.00215152 0.00959351 -0.00264909 -0.00334007 -0.000641606 -0.000890412 0.000156002 -0.000634335 0.00242445 0.00349739 0.000191156 0.00610813 -0.00215151 0.00888807 0.0105393 -1.43553e-05 0.00202792 -0.0028814 0.00308759 0.00503058 0.00535613 0.00504106 0.00858835
internal_weight=4500 1714 2786 1372 849 1850 758 699 342 59 1308 936 880 507 376 131 327 77 91 455 296 143 125 73 52 307 523 485 465 112
internal_count=4500 1714 2786 1372 849 1850 758 699 342 59 1308 936 880 507 376 131 327 77 91 455 296 143 125 73 52 307 523 485 465 112
is_linear=0
shrinkage=0.1


Tree=9
num_leaves=31
num_cat=0
split_feature=8 4 4 8 7 7 7 3 5 10 5 4 1 3 6 8 6 6 5 1 1 3 3 7 7 7 5 10 9 7
split_gain=4.69691 0.96452 0.451076 0.225951 0.166188 0.1212 0.0874793 0.128668 0.0949781 0.117038 0.107713 0.0857418 0.0835344 0.0814497 0.1389 0.117441 0.0814145 0.0807498 0.0862807 0.0767338 0.0760245 0.0874382 0.0750461 0.132214 0.0697302 0.0695282 0.0734765 0.121008 0.0958836 0.0928529
threshold=52617.375000000007 20368.500000000004 61219.500000000007 35965.625000000007 3694728.3750000005 64829148.000000007 34238996.000000007 45510.500000000007 42806.500000000007 43090.250000000007 47565.500000000007 78764.000000000015 55.500000000000007 36386.000000000007 33574.000000000007 27157.375000000004 26527.500000000004 30989.833007812504 29297.500000000004 70.500000000000014 68.500000000000014 39440.000000000007 54791.500000000007 53092692.000000007 9184643.0000000019 31168961.000000004 50065.500000000007 49992.375000000007 47793.250000000007 4982690.5000000009
decision_type=2 2 2 2 2 2 2 2 2 2 2 2 2 2 2 2 2 2 2 2 2 2 2 2 2 2 2 2 2 2
left_child=1 12 5 4 17 -2 7 8 19 -10 24 -4 -1 14 15 16 -6 18 -3 -5 -14 -22 23 -8 -11 26 29 -28 -29 -9
right_child=2 3 11 6 13 -7 22 25 9 10 -12 -13 20 -15 -16 -17 -18 -19 -20 -21 21 -23 -24 -25 -26 -27 27 28 -30 -31
leaf_value=0.012719571375814471 -0.0018803756943445245 -0.00017991760396398606 -0.003182649603869363 -0.0052368946198839694 0.003609000325668603 0.00030599473213509623 0.0030651235348430643 -0.0066120667782213014 0.009778554240405999 -0.0025703774179731097 0.0068265321571379907 -0.0047259515323212226 0.0066054852002046319 0.0045361956930148658 0.013231437450603529 0.0017317476000909401 0.0115280404435219 -0.0034749579206430196 0.0080692510785801072 0.0033214849208227613 0.011314102309276756 0.0055889358330104087 0.0024846902941479477 0.011560040648543726 0.0039997314560847978 -0.0037600866638315029 0.0074614553370823469 0.0064939328970817422 8.1371873271016959e-05 0.00042012529284284826
leaf_weight=46 678 32 1072 20 20 405 57 28 34 35 45 542 154 204 34 41 37 29 21 22 103 36 370 27 30 39 30 26 226 57
leaf_count=46 678 32 1072 20 20 405 57 28 34 35 45 542 154 204 34 41 37 29 21 22 103 36 370 27 30 39 30 26 226 57
internal_value=1.12205e-11 0.00395132 -0.00264154 0.00283834 0.00480358 -0.00106276 0.002053 0.00125215 0.00343026 0.00465065 0.00306566 -0.00370091 0.00875781 0.00578861 0.00772415 0.00581346 0.00874943 0.000767355 0.00308862 -0.000753934 0.00813583 0.00983133 0.00309729 0.00579563 0.000461981 0.00025429 0.000680886 0.00145772 0.000742985 -0.00189636
internal_weight=4500 1803 2697 1464 418 1083 1046 592 186 144 110 1614 339 336 132 98 57 82 53 42 293 139 454 84 65 406 367 282 252 85
internal_count=4500 1803 2697 1464 418 1083 1046 592 186 144 110 1614 339 336 132 98 57 82 53 42 293 139 454 84 65 406 367 282 252 85
is_linear=0
shrinkage=0.1


Tree=10
num_leaves=31
num_cat=0
split_feature=8 4 4 8 7 4 3 7 7 7 10 5 3 3 5 8 6 5 6 9 8 8 7 3 5 7 7 9 4 9
split_gain=3.8045 0.787696 0.370565 0.159192 0.100923 0.0955009 0.0880934 0.0815893 0.0807995 0.0802454 0.0774196 0.0847444 0.0766711 0.0737832 0.0693172 0.0683307 0.0758281 0.0845971 0.119248 0.0645596 0.0817144 0.0643202 0.0604517 0.0752311 0.118416 0.113599 0.0742762 0.0609607 0.0610796 0.0831394
threshold=52617.375000000007 22654.000000000004 58053.000000000007 37842.125000000007 1144477.1875000002 74280.500000000015 15110.000000000002 44760620.000000007 3694728.3750000005 148063016.00000003 58332.875000000007 65592.000000000015 66603.500000000015 40875.000000000007 71661.500000000015 53100.625000000007 55461.083984375007 62793.500000000007 58644.083984375007 61277.000000000007 48951.750000000007 71280.000000000015 2466178.2500000005 49215.500000000007 49055.000000000007 7277806.5000000009 1440529.0000000002 44794.500000000007 42534.000000000007 50360.000000000007
decision_type=2 2 2 2 2 2 2 2 2 2 2 2 2 2 2 2 2 2 2 2 2 2 2 2 2 2 2 2 2 2
left_child=1 6 8 4 -3 9 -1 13 -2 -4 -9 -12 -13 -5 -14 -10 -17 -18 -19 20 -16 -11 26 24 -24 -26 -15 -25 -29 -30
right_child=2 3 5 7 -6 -7 -8 10 15 21 11 12 14 22 19 16 17 18 -20 -21 -22 -23 23 27 25 -27 -28 28 29 -31
leaf_value=0.009860047371128328 -0.0050320522970287128 -0.0025342597033489837 -0.0029309025984360433 0.0053104065043091979 0.0044248445450528707 -0.0040445647764221909 0.0065323158390881708 0.0055928656721897872 -0.0048839935242678181 0.0025998351065085294 -0.00044978312805466267 0.0086143879142279427 -0.0001943633120892377 0.0012160414829850198 0.0029078387298795863 0.0046915476604287203 -0.003621078316976006 0.0048923252481553291 -0.00043783857016210396 0.0010295610922651415 0.010455310903489591 -0.001802119748683366 0.00058252607717198168 -0.0046985526336357003 0.010970506272636928 0.0030157550976708022 -0.0061349416013669091 0.002723092432651255 -0.0040975666862535986 0.00066037516184483792
leaf_weight=108 40 22 944 38 395 746 302 84 33 47 87 24 58 28 32 30 75 45 624 39 26 113 120 24 26 58 27 90 47 168
leaf_count=108 40 22 944 38 395 746 302 84 33 47 87 24 58 28 32 30 75 45 624 39 26 113 120 24 26 58 27 90 47 168
internal_value=2.65695e-11 0.00355619 -0.00237739 0.00242223 0.0040577 -0.00317052 0.00740889 0.00172347 -0.000645035 -0.00257991 0.00294624 0.00211046 0.00335483 0.00103981 0.00254044 -0.000427587 -0.000237585 -0.000436341 -7.93074e-05 0.00417569 0.00629119 -0.000509046 0.00076382 0.00108953 0.00259828 0.00547794 -0.00239262 0.000154014 0.000535855 -0.000379733
internal_weight=4500 1803 2697 1393 417 1850 410 976 847 1104 350 266 179 626 155 807 774 744 669 97 58 160 588 533 204 84 55 329 305 215
internal_count=4500 1803 2697 1393 417 1850 410 976 847 1104 350 266 179 626 155 807 774 744 669 97 58 160 588 533 204 84 55 329 305 215
is_linear=0
shrinkage=0.1


Tree=11
num_leaves=31
num_cat=0
split_feature=4 4 4 4 5 9 1 4 3 7 3 9 1 8 7 3 3 5 10 7 3 1 3 1 3 7 7 3 10 9
split_gain=3.10174 0.617331 0.285128 0.149121 0.0852569 0.12915 0.0694908 0.0694547 0.0810914 0.0780067 0.102476 0.101312 0.129473 0.108515 0.0668518 0.099287 0.061931 0.0769925 0.0611474 0.0575188 0.0535854 0.0530844 0.0960894 0.0633797 0.0793383 0.0677942 0.057245 0.0577647 0.0511713 0.0502532
threshold=48044.000000000007 20368.500000000004 61219.500000000007 33305.500000000007 88508.500000000015 74192.750000000015 55.500000000000007 56814.000000000007 58612.500000000007 8236897.0000000009 53525.000000000007 59490.750000000007 65.500000000000014 54125.250000000007 20689445.000000004 75079.000000000015 58379.500000000007 64623.500000000007 63604.875000000007 2466178.2500000005 66750.000000000015 68.500000000000014 39440.000000000007 66.500000000000014 13512.500000000002 10879603.000000002 39265350.000000007 21708.000000000004 65150.875000000007 63638.250000000007
decision_type=2 2 2 2 2 2 2 2 2 2 2 2 2 2 2 2 2 2 2 2 2 2 2 2 2 2 2 2 2 2
left_child=1 6 4 -3 7 -6 19 9 -9 10 -2 12 -11 16 -4 -16 -14 -18 -13 -1 28 23 26 24 -8 -26 27 -23 -20 -30
right_child=2 3 14 -5 5 -7 21 8 -10 11 -12 18 13 -15 15 -17 17 -19 20 -21 -22 22 -24 -25 25 -27 -28 -29 29 -31
leaf_value=0.014659785479307175 0.0016480926937121596 0.0036928358756750362 -0.0039147590160425374 0.0015756842292343769 0.0070025226609273395 -0.00062171948169741564 0.0097875656340719874 0.0033739909102388829 -0.0029379854342443975 0.0071888371629433498 -0.0045646410170407528 -0.0049284913516571948 0.0018514654069969603 0.0039350076174167426 0.001335985784328753 -0.0027861782483150957 -0.0066557584056521173 0.00065463478863239286 -0.0014057274343536443 0.0075266201192369835 -0.0014344637726502714 0.010270982204626005 0.0036173044536740358 0.0012030774261802435 0.0013114065618107195 0.0071085313724917045 0.013303809546466386 0.0046060484647750853 0.0068479330550568806 0.00055896564353369522
leaf_weight=20 37 505 537 975 33 68 41 22 272 36 94 37 33 57 62 1015 34 25 36 26 229 45 39 32 38 43 28 30 24 27
leaf_count=20 37 505 537 975 33 68 41 22 272 36 94 37 33 57 62 1015 34 25 36 26 229 45 39 32 38 43 28 30 24 27
internal_value=1.57387e-12 0.00318294 -0.00216554 0.00229809 -0.000894683 0.00186937 0.00701209 -0.00118458 -0.00246566 -0.000621592 -0.0028099 -8.87511e-05 0.00180682 0.000506469 -0.00300332 -0.00254888 -0.00161773 -0.00355813 -0.00108218 0.010628 -0.000631823 0.00645016 0.00784477 0.00516421 0.0062032 0.00438889 0.00944546 0.00800501 0.00148088 0.00351848
internal_weight=4500 1822 2678 1480 1064 101 342 963 294 669 131 538 185 149 1614 1077 92 59 353 46 316 296 142 154 122 81 103 75 87 51
internal_count=4500 1822 2678 1480 1064 101 342 963 294 669 131 538 185 149 1614 1077 92 59 353 46 316 296 142 154 122 81 103 75 87 51
is_linear=0
shrinkage=0.1


Tree=12
num_leaves=31
num_cat=0
split_feature=4 8 4 4 8 6 3 4 7 3 5 7 8 9 4 3 6 10 3 4 4 1 1 1 1 7 3 8 3 9
split_gain=2.52 0.46374 0.277376 0.0993677 0.107341 0.139805 0.171017 0.0970034 0.0958486 0.113387 0.117454 0.0792048 0.0705956 0.0678542 0.0652221 0.0735689 0.0630847 0.0752906 0.0595344 0.058052 0.0864928 0.0543073 0.053009 0.0524352 0.0755429 0.0518387 0.0894854 0.113714 0.0839839 0.0865467
threshold=46648.500000000007 30312.000000000004 58053.000000000007 45406.500000000007 37842.125000000007 33574.000000000007 33508.000000000007 16778.000000000004 14155435.000000002 43585.000000000007 42278.000000000007 63802288.000000007 70429.125000000015 50754.000000000007 27836.000000000004 23214.500000000004 35865.166015625007 39635.250000000007 77885.000000000015 14545.500000000002 12738.000000000002 71.500000000000014 69.500000000000014 59.500000000000007 68.500000000000014 35518240.000000007 54248.500000000007 50690.125000000007 68920.000000000015 59620.500000000007
decision_type=2 2 2 2 2 2 2 2 2 2 2 2 2 2 2 2 2 2 2 2 2 2 2 2 2 2 2 2 2 2
left_child=1 7 25 4 5 -3 -7 19 16 10 -10 18 21 -5 15 -9 -8 -18 -4 20 23 22 -13 -1 -25 26 -2 -28 29 -27
right_child=2 3 11 13 -6 6 8 14 9 -11 -12 12 -14 -15 -16 -17 17 -19 -20 -21 -22 -23 -24 24 -26 28 27 -29 -30 -31
leaf_value=0.0099676857630793883 0.0015633692035989203 -0.0037229692563414576 -0.0022724406359563199 0.0089305651223947936 0.0010937898284672494 0.012622028411853881 -0.0035449518489518335 0.0083093926659785211 0.003859238885343075 0.002803688588210207 0.012950601204539891 -4.4155931648086104e-05 -0.0021885239961213429 0.0031688414700329309 0.0093922194984296103 0.0031776960352859034 0.0065210522506949148 -0.001570305941403722 -0.0036984746780721459 0.011179603307197493 0.0014124671848298148 -0.001587137459227961 0.0058908093901765025 0.0039791140150662293 0.0090704377411919487 0.0073752167664708629 -0.0088124675125899644 -0.0014145948345238161 -0.00033429133693472298 0.0007233124938002735
leaf_weight=52 97 26 532 31 812 21 28 32 30 128 27 34 542 60 23 220 23 23 651 30 29 64 27 68 51 31 22 374 359 53
leaf_count=52 97 26 532 31 812 21 28 32 30 128 27 34 542 60 23 220 23 23 651 30 29 64 27 68 51 31 22 374 359 53
internal_value=-2.62638e-12 0.00301703 -0.00185613 0.00195395 0.0016953 0.00329147 0.00394281 0.00556209 0.00323909 0.00445576 0.00816567 -0.00256587 -0.00169446 0.00513163 0.0042946 0.00382934 0.000197412 0.00247537 -0.00305718 0.00707757 0.00646227 0.00044779 0.0025828 0.00731867 0.00616111 -0.000453343 -0.0011588 -0.00182559 0.000331731 0.00317818
internal_weight=4500 1714 2786 1209 1118 306 280 505 259 185 57 1850 667 91 275 252 74 46 1183 230 200 125 61 171 119 936 493 396 443 84
internal_count=4500 1714 2786 1209 1118 306 280 505 259 185 57 1850 667 91 275 252 74 46 1183 230 200 125 61 171 119 936 493 396 443 84
is_linear=0
shrinkage=0.1


Tree=13
num_leaves=31
num_cat=0
split_feature=8 4 4 7 10 7 3 1 8 8 7 5 7 8 6 3 7 5 3 7 4 6 9 7 3 6 5 9 7 7
split_gain=2.05935 0.420768 0.208044 0.0979134 0.0977105 0.189379 0.171575 0.0710709 0.0845775 0.0727384 0.0672477 0.0901649 0.0631006 0.0625191 0.0778164 0.0606793 0.0627082 0.0578201 0.0946066 0.0749481 0.0983057 0.0704644 0.0529864 0.105833 0.052541 0.0522486 0.0564204 0.052086 0.0554787 0.0690575
threshold=52445.625000000007 22654.000000000004 67355.500000000015 14799961.500000002 43090.250000000007 955150.34375000012 42221.500000000007 67.500000000000014 59236.375000000007 62889.750000000007 3820800.8750000005 47565.500000000007 71767448.000000015 61287.500000000007 67429.000000000015 69424.500000000015 63802288.000000007 42806.500000000007 36386.000000000007 7544134.5000000009 30535.000000000004 29512.166992187504 38964.250000000007 6743284.7500000009 92371.500000000015 69130.250000000015 88508.500000000015 60671.250000000007 107112524.00000001 49263002.000000007
decision_type=2 2 2 2 2 2 2 2 2 2 2 2 2 2 2 2 2 2 2 2 2 2 2 2 2 2 2 2 2 2
left_child=1 -1 3 7 5 -3 17 8 -2 -10 11 -6 -4 14 15 16 -5 18 19 20 21 -7 23 -20 -14 -16 -27 -17 29 -29
right_child=2 4 12 13 10 6 -8 -9 9 -11 -12 -13 24 -15 25 27 -18 -19 22 -21 -22 -23 -24 -25 -26 26 -28 28 -30 -31
leaf_value=0.0054509489716416818 0.0035343005281622307 -0.0061539978347718719 -0.0033115365604223512 0.00030428464274356908 -0.0066078760971625648 0.0037195807633300625 0.010590778214528281 -0.0032086559777755094 -0.0060833935979111445 0.00064619311855898965 0.0015486554328747917 0.00078001819322553448 0.0031175624313099044 -0.0011750817831944274 0.0065691739898817297 0.0015335072168021551 0.005895902715962042 0.0070732812950154772 -0.0063963971838044628 0.0073395350728841392 0.0085120611957141337 -0.0027297267497488065 0.0047535764646123753 0.0013903485116316006 -0.0020214555863902052 -0.0026943658611604145 0.0042167315052615275 -0.0050341251108682525 -0.0055323928505891847 0.00047826571318269895
leaf_weight=410 39 20 739 227 24 36 34 280 29 36 961 53 21 678 29 42 22 32 24 51 21 32 22 64 378 21 27 33 42 73
leaf_count=410 39 20 739 227 24 36 34 280 29 36 961 53 21 678 29 42 22 32 24 51 21 32 22 64 378 21 27 33 42 73
internal_value=-1.18044e-11 0.00263953 -0.00173377 -0.000990529 0.00180061 0.0032828 0.00388007 -0.00237953 -0.000147286 -0.00235624 0.00132082 -0.0015227 -0.00276438 -0.000543813 0.000285645 -0.000228664 0.000798323 0.00307098 0.00255868 0.00428302 0.00253154 0.000684613 0.000364068 -0.000733309 -0.00175098 0.00321787 0.00119313 -0.00157456 -0.00245658 -0.00123786
internal_weight=4500 1784 2716 1578 1374 336 316 384 104 65 1038 77 1138 1194 516 439 249 282 250 140 89 68 110 88 399 77 48 190 148 106
internal_count=4500 1784 2716 1578 1374 336 316 384 104 65 1038 77 1138 1194 516 439 249 282 250 140 89 68 110 88 399 77 48 190 148 106
is_linear=0
shrinkage=0.1


Tree=14
num_leaves=31
num_cat=0
split_feature=4 9 4 5 3 4 4 7 7 3 4 7 6 3 7 4 5 3 7 3 8 7 4 3 10 6 3 7 1 4
split_gain=1.66858 0.322613 0.183852 0.110009 0.134523 0.123925 0.0951631 0.0639678 0.0626468 0.0849289 0.061757 0.155765 0.0988772 0.0615441 0.0657737 0.0700721 0.0597687 0.0970377 0.0719938 0.0814248 0.0583835 0.0578721 0.0560186 0.0755648 0.086617 0.149446 0.0552666 0.0543851 0.070323 0.0540595
threshold=46648.500000000007 37209.500000000007 67355.500000000015 41117.500000000007 46345.500000000007 20368.500000000004 45406.500000000007 1055404.0625000002 2886621.1250000005 52146.000000000007 42534.000000000007 171140208.00000003 59813.417968750007 45978.000000000007 6313384.0000000009 42980.500000000007 57063.500000000007 58612.500000000007 48649700.000000007 68139.500000000015 23501.375000000004 17444390.000000004 21439.000000000004 26550.000000000004 29040.000000000004 29512.166992187504 54791.500000000007 2466178.2500000005 66.500000000000014 8443.5000000000018
decision_type=2 2 2 2 2 2 2 2 2 2 2 2 2 2 2 2 2 2 2 2 2 2 2 2 2 2 2 2 2 2
left_child=1 3 8 5 -5 20 10 -7 -2 21 12 13 -3 -12 -15 -16 -11 -18 -19 -20 27 -10 -9 -24 -25 -26 -8 28 -1 -29
right_child=2 6 -4 4 -6 7 26 22 9 16 11 -13 -14 14 15 -17 17 18 19 -21 -22 -23 23 24 25 -27 -28 29 -30 -31
leaf_value=0.0088341076305862212 -0.0032232170255438795 0.0018826230932741835 -0.0024879439433575044 0.011265855266348176 0.0028229455259861425 -0.0032367381313815713 0.0079570984017224081 -0.0019255636259913446 0.0071196794185949402 -0.0046666229090008603 0.0039133082599040461 0.0077430761757899414 -0.0026729657821466819 -0.0066874403020609988 -0.0052788393992570142 -1.398824209714458e-05 0.0020244732014422576 -0.0016356869801156138 0.0061105641443282366 -0.00037331660372147348 0.010445705065503717 -0.00014117051891627768 0.009021451976150275 -0.0036662379279732704 0.0095732367687648354 0.0019046426862284233 0.0027571896230801939 0.0069763995945544503 0.0027485104942960399 0.0028156411987800465
leaf_weight=59 103 724 1138 46 32 20 31 24 23 39 22 22 51 23 31 137 120 709 20 613 20 21 20 20 31 141 60 41 28 131
leaf_count=59 103 724 1138 46 32 20 31 24 23 39 22 22 51 23 31 137 120 709 20 613 20 21 20 20 31 141 60 41 28 131
internal_value=-3.30167e-13 0.00245501 -0.00151037 0.00429366 0.0078021 0.00378214 0.00143131 0.00219328 -0.000835315 -0.000676121 0.00115224 -0.000267792 0.00158284 -0.00109521 -0.0016721 -0.000985479 -0.000803062 -0.000699998 -0.000943617 -0.000168455 0.00524002 0.00365427 0.00265346 0.00317184 0.0025625 0.00328677 0.00452859 0.00483804 0.00687552 0.00380745
internal_weight=4500 1714 2786 613 78 535 1101 256 1648 1545 1010 235 775 213 191 168 1501 1462 1342 633 279 44 236 212 192 172 91 259 87 172
internal_count=4500 1714 2786 613 78 535 1101 256 1648 1545 1010 235 775 213 191 168 1501 1462 1342 633 279 44 236 212 192 172 91 259 87 172
is_linear=0
shrinkage=0.1


Tree=15
num_leaves=31
num_cat=0
split_feature=8 4 8 3 9 5 3 7 1 1 7 7 3 1 1 7 10 7 5 10 1 3 9 10 5 5 10 4 3 5
split_gain=1.36336 0.289737 0.132538 0.0845396 0.0771934 0.123509 0.0935072 0.0558638 0.0738214 0.0932953 0.054541 0.0491026 0.0618901 0.135874 0.0459075 0.047231 0.0462104 0.0902747 0.0451966 0.0679313 0.0865908 0.0479663 0.0871072 0.112953 0.0981886 0.0645161 0.185685 0.0800524 0.0726542 0.0757542
threshold=52617.375000000007 20368.500000000004 67203.625000000015 80211.000000000015 37209.500000000007 41117.500000000007 46345.500000000007 6631907.7500000009 73.500000000000014 67.500000000000014 70582660.000000015 2886621.1250000005 58910.500000000007 73.500000000000014 64.500000000000014 4689885.5000000009 29040.000000000004 2333692.1250000005 73813.500000000015 74736.750000000015 70.500000000000014 38501.000000000007 38964.250000000007 43090.250000000007 43261.500000000007 51894.000000000007 52588.125000000007 35534.000000000007 49215.500000000007 50065.500000000007
decision_type=2 2 2 2 2 2 2 2 2 2 2 2 2 2 2 2 2 2 2 2 2 2 2 2 2 2 2 2 2 2
left_child=1 -1 3 11 5 7 -7 14 9 -9 -4 -2 13 -13 -3 16 -16 -18 21 -20 -21 -6 -23 24 -24 28 27 -27 29 -25
right_child=2 4 10 -5 18 6 -8 8 -10 -11 -12 12 -14 -15 15 -17 17 -19 19 20 -22 22 23 25 -26 26 -28 -29 -30 -31
leaf_value=0.004763189521357198 -0.0035097743620650032 0.004060168855357915 -0.0024979850178628808 0.0013617360740444502 0.0051255579727391403 0.010332244741065163 0.002012411022389477 0.0055458214660377607 0.0080892697735517119 -0.00053212845024453218 -0.0012898067535544689 0.0037324233383696989 -0.0011126832561153743 -0.0032914833440805696 -0.00234261694694719 -0.0046122662977061491 -0.0017773910997556928 0.0070826176068057196 0.0069986336922738708 -0.0040190428006462754 0.0043687477853382008 -0.0032160221952945 0.0023836735588235736 -0.00023086060841777487 0.011001726464601234 0.010482236112213949 0.00057778361260851579 0.0037380287263658833 -0.0033156375003540344 0.005729880374080191
leaf_weight=339 71 28 945 184 27 35 22 46 27 56 618 80 757 42 31 22 23 23 32 20 32 50 39 191 20 22 538 88 68 24
leaf_count=339 71 28 945 184 27 35 22 46 27 56 618 80 757 42 31 22 23 23 32 20 32 50 39 191 20 22 538 88 68 24
internal_value=-2.54131e-11 0.00212883 -0.00142317 -0.000600162 0.00151882 0.00291129 0.00712108 0.00197396 0.00343968 0.00220891 -0.00202028 -0.000980151 -0.000775824 0.00131436 0.000485149 -0.000525967 0.000641547 0.00265261 0.00114016 0.00337352 0.00114267 0.000964339 0.000856307 0.00106198 0.00530505 0.000793086 0.00134321 0.00508687 -0.000466575 0.000434524
internal_weight=4500 1803 2697 1134 1464 313 57 256 129 102 1563 950 879 122 127 99 77 46 1151 84 52 1067 1040 990 59 931 648 110 283 215
internal_count=4500 1803 2697 1134 1464 313 57 256 129 102 1563 950 879 122 127 99 77 46 1151 84 52 1067 1040 990 59 931 648 110 283 215
is_linear=0
shrinkage=0.1


Tree=16
num_leaves=31
num_cat=0
split_feature=4 8 4 4 6 3 7 9 8 3 3 5 10 3 5 8 4 3 6 6 1 10 7 9 4 9 9 6 4 1
split_gain=1.10923 0.212477 0.123366 0.0711973 0.0633108 0.154869 0.0564827 0.0816256 0.0924547 0.0762039 0.0655352 0.0647347 0.107105 0.0515862 0.130196 0.0610023 0.0659066 0.058863 0.0467923 0.102933 0.069194 0.0678545 0.0729041 0.0673423 0.0649317 0.0621795 0.0767264 0.0580666 0.0578379 0.0509035
threshold=46648.500000000007 30312.000000000004 67355.500000000015 45406.500000000007 33574.000000000007 33508.000000000007 3145645.0000000005 37209.500000000007 34371.000000000007 41220.000000000007 40875.000000000007 42806.500000000007 42165.500000000007 21708.000000000004 21600.500000000004 29297.000000000004 8443.5000000000018 16333.500000000002 47704.666015625007 46395.666015625007 67.500000000000014 50541.000000000007 20396700.000000004 46034.500000000007 31305.500000000004 52850.250000000007 58290.750000000007 43731.000000000007 33578.000000000007 65.500000000000014
decision_type=2 2 2 2 2 2 2 2 2 2 2 2 2 2 2 2 2 2 2 2 2 2 2 2 2 2 2 2 2 2
left_child=1 13 -2 4 -3 -6 10 8 9 -8 -7 -9 -13 14 17 16 -15 -1 19 20 27 22 -22 -20 -23 29 -27 28 -14 -25
right_child=2 3 -4 -5 5 6 7 11 -10 -11 -12 12 18 15 -16 -17 -18 -19 23 -21 21 24 -24 25 -26 26 -28 -29 -30 -31
leaf_value=0.0047967206793878463 -0.00067849050507275653 -0.0038137508914447751 -0.0020322424809731585 0.0039718652333409253 0.009683885243499564 0.0018496121545987473 -0.0013651363116999468 -0.0029509106310220755 0.0096147881780305634 0.0059577684780513802 -0.004526245025427718 0.0081699778636296592 0.0044430934373910231 0.0076242963479750837 0.010461361379485527 0.0068539879000228321 0.0020446258567315633 -0.00012234295342838572 0.0055785116519394291 0.0056162534623951411 0.001236445087516376 0.0079782025748863818 -0.002639306250673074 0.0019027174118673431 -7.9816388897597796e-05 0.0029405721577705217 -0.00048834546086416676 0.007171879022117255 -0.0023074040104719726 -0.002083205725774979
leaf_weight=113 1648 26 1138 91 21 28 30 41 23 27 38 21 30 23 36 36 266 31 23 59 104 20 91 40 20 118 146 29 22 161
leaf_count=113 1648 26 1138 91 21 28 30 41 23 27 38 21 30 23 36 36 266 31 23 59 104 20 91 40 20 118 146 29 22 161
internal_value=-1.74031e-11 0.00200166 -0.00123146 0.00128207 0.00106314 0.00117925 0.00101249 0.0011986 0.00426307 0.00210361 -0.00182134 0.000933561 0.00111372 0.00372439 0.00508248 0.00297222 0.00248868 0.00373776 0.000942018 0.00178201 0.00106613 0.000197367 -0.000572239 0.000296532 0.00394919 3.52724e-05 0.00104428 0.0035866 0.00158711 -0.00128999
internal_weight=4500 1714 2786 1209 1118 1092 1071 1005 80 57 66 925 884 505 180 325 289 144 863 375 316 235 195 488 40 465 264 81 52 201
internal_count=4500 1714 2786 1209 1118 1092 1071 1005 80 57 66 925 884 505 180 325 289 144 863 375 316 235 195 488 40 465 264 81 52 201
is_linear=0
shrinkage=0.1


Tree=17
num_leaves=31
num_cat=0
split_feature=8 4 8 5 3 7 5 3 9 5 1 5 6 10 10 6 5 1 1 7 7 3 5 7 5 1 1 3 8 4
split_gain=0.908683 0.193335 0.0924642 0.131848 0.0510229 0.108715 0.0856755 0.11236 0.0689303 0.0975681 0.0644729 0.0606893 0.0630054 0.0600414 0.113561 0.0858368 0.0556719 0.0896765 0.0514623 0.0614096 0.090987 0.0765352 0.0781677 0.0696565 0.0594183 0.0482708 0.0621463 0.10167 0.0561479 0.0479612
threshold=52617.375000000007 22654.000000000004 63628.375000000007 88508.500000000015 45510.500000000007 955150.34375000012 51894.000000000007 52146.000000000007 52132.750000000007 55403.500000000007 73.500000000000014 71661.500000000015 47704.666015625007 48067.750000000007 47311.875000000007 43117.000000000007 50065.500000000007 71.500000000000014 75.500000000000014 8670163.0000000019 6120819.2500000009 32775.500000000007 41117.500000000007 34238996.000000007 39219.500000000007 73.500000000000014 67.500000000000014 32775.500000000007 33541.000000000007 37811.500000000007
decision_type=2 2 2 2 2 2 2 2 2 2 2 2 2 2 2 2 2 2 2 2 2 2 2 2 2 2 2 2 2 2
left_child=1 -1 3 -2 5 -3 13 8 9 10 -8 12 29 14 15 -6 -15 -18 19 20 25 -21 24 -24 -23 26 28 -28 -7 -9
right_child=2 4 -4 -5 6 18 7 11 -10 -11 -12 -13 -14 16 -16 -17 17 -19 -20 21 -22 22 23 -25 -26 -27 27 -29 -30 -31
leaf_value=0.0036466838972623143 -0.00062795618032045664 -0.0048388340087099514 -0.0015700406185415454 0.0045627939156614823 0.001082069380087584 0.0046588500872963949 0.00099127764946648064 0.0014692190960083869 -0.00045864039060214293 0.011793778727296741 0.0078068857554488046 0.0029310325305043493 -0.00020624232019537231 -0.0061463909191926099 0.0059582276109220655 -0.0060521300635837877 0.0024151554198137354 -0.0047433159074613028 -0.00062897130755671098 0.0097419453319162134 -0.0029206986777866499 0.0026892358285127856 0.0058660808285432202 -7.2966290172189481e-06 -0.0033018853450485042 -0.0019638674252200872 0.00010467667193354472 0.0084113962704134067 -0.0021307317363419408 0.0070400100701954217
leaf_weight=410 830 22 1815 52 48 21 35 68 23 20 23 106 422 33 29 26 35 35 51 20 39 49 105 25 25 20 23 41 29 20
leaf_count=410 830 22 1815 52 48 21 35 68 23 20 23 106 422 33 29 26 35 35 51 20 39 49 105 25 25 20 23 41 29 20
internal_value=-1.2027e-11 0.00173797 -0.00116187 -0.000321926 0.00117618 0.00202431 0.00074431 0.00126073 0.00435228 0.00577088 0.00369402 0.000753835 0.000301319 -0.00105313 0.000654102 -0.00142454 -0.00276035 -0.00116408 0.00236133 0.00274548 0.00133026 0.00383848 0.00325971 0.00473659 0.000665208 0.00256748 0.00336245 0.00542617 0.000720893 0.00273531
internal_weight=4500 1803 2697 882 1393 470 923 717 101 78 58 616 510 206 103 74 103 70 448 397 173 224 204 130 74 134 114 64 50 88
internal_count=4500 1803 2697 882 1393 470 923 717 101 78 58 616 510 206 103 74 103 70 448 397 173 224 204 130 74 134 114 64 50 88
is_linear=0
shrinkage=0.1


Tree=18
num_leaves=31
num_cat=0
split_feature=4 9 4 1 7 1 7 6 8 1 5 10 9 7 1 3 7 3 5 8 1 7 7 1 8 3 7 7 3 8
split_gain=0.739093 0.164308 0.0747077 0.0761667 0.0697844 0.079927 0.0671363 0.0797288 0.0807561 0.0481524 0.047783 0.0888845 0.0880147 0.0512834 0.103122 0.0509533 0.0471683 0.072112 0.118428 0.0981482 0.103159 0.0643928 0.0547273 0.0473834 0.0450152 0.0421684 0.043205 0.0726831 0.0567873 0.101924
threshold=48635.500000000007 36731.000000000007 80351.500000000015 53.500000000000007 45536000.000000007 52.500000000000007 35518240.000000007 35865.166015625007 33120.125000000007 69.500000000000014 84041.000000000015 74461.375000000015 70997.750000000015 131676972.00000001 69.500000000000014 70358.000000000015 3145645.0000000005 58910.500000000007 57411.500000000007 52220.000000000007 73.500000000000014 8401999.7500000019 49263002.000000007 69.500000000000014 46733.750000000007 13512.500000000002 6631907.7500000009 5467962.2500000009 28196.000000000004 22099.625000000004
decision_type=2 2 2 2 2 2 2 2 2 2 2 2 2 2 2 2 2 2 2 2 2 2 2 2 2 2 2 2 2 2
left_child=1 4 3 -2 5 -1 7 8 25 -6 11 13 -12 -3 -15 -16 -5 18 -18 -20 21 -21 -19 -23 -17 -7 27 -27 29 -28
right_child=2 10 -4 16 9 6 -8 -9 -10 -11 12 -13 -14 14 15 24 17 22 19 20 -22 23 -24 -25 -26 26 28 -29 -30 -31
leaf_value=0.008326400215314193 -0.0053252290581931941 0.00066711906462406183 -0.0021957514147499914 -0.0026083272838150155 0.0029814428469676171 0.0047224806270737586 -0.0032337139757477092 0.0081596577874101378 -0.0031783493994562715 0.0076178842604955818 0.0074705077731050552 -0.0034313652360317658 -0.00012752298385866227 0.0064090113060510899 0.0028461316619661447 -0.0050984025938392045 -0.0044680381926742417 -0.0013094141565812515 0.0092573339212685818 0.0079546832418798102 -0.0035633052599483303 -0.0017561937166053966 -0.00021057968842796981 0.0045330720716156066 0.001374404983256351 0.0016313681128707264 0.0027922277994961902 -0.0047940507333260034 0.0017425694947575663 0.011401916956529021
leaf_weight=22 37 1026 491 128 42 69 22 23 27 48 30 49 31 49 53 21 27 975 20 23 28 23 847 25 22 147 44 20 111 20
leaf_count=22 37 1026 491 128 42 69 22 23 27 48 30 49 31 49 53 21 27 975 20 23 28 23 847 25 22 147 44 20 111 20
internal_value=-9.57011e-13 0.00151568 -0.00108362 -0.000827618 0.00288887 0.00243168 0.00216318 0.00242074 0.00211938 0.00545421 0.000877866 0.000741299 0.00360921 0.000915902 0.00267626 0.000770994 -0.000748224 -0.000627241 0.00151116 0.00286778 0.00157696 0.00360411 -0.000798595 0.00151947 -0.00178673 0.0024674 0.00201243 0.000861857 0.00311041 0.00548276
internal_weight=4500 1876 2624 2133 595 505 483 461 438 90 1281 1220 61 1171 145 96 2096 1968 146 119 99 71 1822 48 43 411 342 167 175 64
internal_count=4500 1876 2624 2133 595 505 483 461 438 90 1281 1220 61 1171 145 96 2096 1968 146 119 99 71 1822 48 43 411 342 167 175 64
is_linear=0
shrinkage=0.1


Tree=19
num_leaves=31
num_cat=0
split_feature=4 3 7 7 1 7 8 3 8 7 4 3 3 8 5 10 5 4 8 9 1 5 10 10 1 4 5 10 5 5
split_gain=0.600192 0.132632 0.117543 0.0731721 0.0770772 0.0770193 0.0658055 0.0620278 0.101741 0.060351 0.057875 0.0521405 0.0476619 0.0450966 0.0490106 0.0749326 0.0443342 0.0622191 0.0878965 0.0806558 0.0758622 0.112149 0.0965564 0.0904419 0.0835308 0.175732 0.105031 0.067119 0.0664793 0.0844571
threshold=48044.000000000007 26550.000000000004 13564372.500000002 2179008.8750000005 68.500000000000014 4252074.7500000009 67203.625000000015 76259.000000000015 66463.375000000015 1144477.1875000002 61219.500000000007 11837.500000000002 75337.500000000015 60911.250000000007 84271.000000000015 74461.375000000015 71661.500000000015 33305.500000000007 45114.375000000007 57318.500000000007 62.500000000000007 61290.000000000007 60184.625000000007 58332.875000000007 70.500000000000014 45985.500000000007 57911.000000000007 51886.375000000007 54309.500000000007 51894.000000000007
decision_type=2 2 2 2 2 2 2 2 2 2 2 2 2 2 2 2 2 2 2 2 2 2 2 2 2 2 2 2 2 2
left_child=1 2 3 9 5 -5 7 12 10 11 -9 -1 -2 14 15 16 17 18 -3 20 -19 23 -23 24 25 26 27 -22 29 -26
right_child=6 13 -4 4 -6 -7 -8 8 -10 -11 -12 -13 -14 -15 -16 -17 -18 19 -20 -21 21 22 -24 -25 28 -27 -28 -29 -30 -31
leaf_value=0.0051940854425941195 -0.00064281963523373843 0.0016061208383561041 0.008291159441618812 -0.0055517149744210422 0.0038699299577907055 0.0015136870995370879 -0.0013754706905005621 0.0011667824326766693 0.0078616869961842892 0.0077092313912470595 -0.0029798211802433178 -0.00059546446136664604 -0.0051612885028589524 -0.0027816031500697137 0.0045877377747092401 -0.00312332545761906 0.0035288957829276721 -0.0024292854768590945 0.0083575672004371892 -0.0025157232895309544 0.001776425662683323 0.0083618711088118813 0.0020399588697518293 -0.0054598994397868717 -0.00026804637042751719 0.011328709110675846 0.0082802784745581448 -0.0029535861531621781 -0.0021479612244670659 0.0041703045092474078
leaf_weight=35 855 538 43 27 46 36 1550 188 20 37 41 28 24 30 40 42 75 66 20 81 120 35 78 24 173 20 20 40 111 57
leaf_count=35 855 538 43 27 46 36 1550 188 20 37 41 28 24 30 40 42 75 66 20 81 120 35 78 24 173 20 20 40 111 57
internal_value=1.66901e-11 0.00140013 0.00352974 0.00255012 0.000757919 -0.00151434 -0.000952593 -0.000371512 0.00102175 0.00450362 0.000424377 0.00262095 -0.000766191 0.00105831 0.00113312 0.00104099 0.00116095 0.00103254 0.00184811 0.000480918 0.000807165 0.00112222 0.00399807 0.000547047 0.000813529 0.00243604 0.00144796 0.000593923 -0.000138089 0.000831893
internal_weight=4500 1822 252 209 109 63 2678 1128 249 100 229 63 879 1570 1540 1500 1458 1383 558 825 744 678 113 565 541 200 180 160 341 230
internal_count=4500 1822 252 209 109 63 2678 1128 249 100 229 63 879 1570 1540 1500 1458 1383 558 825 744 678 113 565 541 200 180 160 341 230
is_linear=0
shrinkage=0.1


Tree=20
num_leaves=31
num_cat=0
split_feature=4 3 7 4 7 1 7 1 4 8 7 7 6 10 7 7 8 10 7 9 9 1 7 8 9 3 3 5 10 7
split_gain=0.48838 0.100958 0.0952095 0.0643875 0.0592694 0.0625179 0.0822269 0.054805 0.049735 0.0553731 0.0553174 0.0488843 0.0488534 0.0701513 0.064696 0.0549885 0.0433227 0.059232 0.0616616 0.0485243 0.100667 0.15079 0.144018 0.0902176 0.0653856 0.0422338 0.0396924 0.0579304 0.0661119 0.0423083
threshold=46648.500000000007 26550.000000000004 13564372.500000002 74280.500000000015 2179008.8750000005 61.500000000000007 4252074.7500000009 53.500000000000007 45406.500000000007 37842.125000000007 2466178.2500000005 1144477.1875000002 40199.000000000007 43090.250000000007 3240105.6250000005 6631907.7500000009 48951.750000000007 54712.625000000007 3145645.0000000005 54127.750000000007 57318.500000000007 66.500000000000014 9566229.0000000019 52864.125000000007 53046.750000000007 11837.500000000002 58612.500000000007 64056.000000000007 63428.375000000007 138504008.00000003
decision_type=2 2 2 2 2 2 2 2 2 2 2 2 2 2 2 2 2 2 2 2 2 2 2 2 2 2 2 2 2 2
left_child=1 2 4 7 11 -6 -7 -2 9 10 -3 25 -11 -14 -15 -16 -9 -18 -19 24 21 -21 -23 -24 -20 -1 -22 -28 -29 -30
right_child=3 8 -4 -5 5 6 -8 16 -10 12 -12 -13 13 14 15 -17 17 18 19 20 26 22 23 -25 -26 -27 27 28 29 -31
leaf_value=0.0046746771064187804 -0.0045685523725820312 -0.0017780774757160213 0.0074620434646169818 -0.0016121025958745153 -0.0030328771859785778 -0.0015473583826061451 0.0050560632277417677 -0.0041099465728621004 0.0032734379526688259 -0.0036281740106642243 0.0019160056778060803 0.0069383083364448032 0.0053988803593840989 -0.0040985516097862273 0.0045488418109016493 0.00030845874778869854 0.0033144245223021632 -0.002912467360647038 0.00024722349077749712 0.010504135210067034 0.0019460802706872172 -0.0049131088665333288 0.0075788409045586987 5.5069195599678684e-05 -0.0067788120290195502 -0.00053591805392768168 -0.0033907212377728329 0.0046716492027044296 -0.0007750112826398727 0.00055855968197205145
leaf_weight=35 33 44 43 746 32 33 44 32 91 30 515 37 28 32 32 690 42 99 26 20 66 29 30 34 27 28 69 25 1212 296
leaf_count=35 33 44 43 746 32 33 44 32 91 30 515 37 28 32 32 690 42 99 26 20 66 29 30 34 27 28 69 25 1212 296
internal_value=1.10709e-11 0.00132818 0.00317677 -0.000817123 0.00229511 0.000682127 0.00222603 -0.00052641 0.00100955 0.000859283 0.00162524 0.00405325 0.000331982 0.000483906 0.000301387 0.000496398 -0.000459947 -0.000400808 -0.000481532 -0.000350309 -0.000261576 0.0026269 0.000932876 0.00358184 -0.00333208 0.00235886 -0.000457259 -0.000556272 -0.000428695 -0.000513249
internal_weight=4500 1714 252 2786 209 109 77 2040 1462 1371 559 100 812 782 754 722 2007 1975 1933 1834 1781 113 93 64 53 63 1668 1602 1533 1508
internal_count=4500 1714 252 2786 209 109 77 2040 1462 1371 559 100 812 782 754 722 2007 1975 1933 1834 1781 113 93 64 53 63 1668 1602 1533 1508
is_linear=0
shrinkage=0.1


Tree=21
num_leaves=31
num_cat=0
split_feature=9 4 7 7 7 3 1 8 8 3 3 5 8 8 6 8 3 1 6 6 1 10 5 3 6 6 5 10 5 3
split_gain=0.402974 0.106429 0.0662535 0.0623378 0.0721546 0.0662168 0.0824469 0.0597538 0.0669534 0.0590004 0.0589173 0.0548627 0.0950845 0.0500276 0.110811 0.061849 0.0497764 0.049542 0.045837 0.0444461 0.0434401 0.0994388 0.141545 0.103989 0.117671 0.0699505 0.0985913 0.0978529 0.130669 0.0866405
threshold=59490.750000000007 20368.500000000004 54042742.000000007 3694728.3750000005 2996246.6250000005 40875.000000000007 74.500000000000014 63628.375000000007 58431.875000000007 36386.000000000007 40875.000000000007 35903.500000000007 27157.375000000004 57125.750000000007 58428.000000000007 54339.875000000007 58910.500000000007 69.500000000000014 26527.500000000004 67429.000000000015 64.500000000000014 52881.375000000007 48034.500000000007 56877.500000000007 54829.750000000007 54829.750000000007 61603.000000000007 52588.125000000007 51894.000000000007 63562.000000000007
decision_type=2 2 2 2 2 2 2 2 2 2 2 2 2 2 2 2 2 2 2 2 2 2 2 2 2 2 2 2 2 2
left_child=1 -1 16 4 5 -3 -7 8 17 11 -6 12 18 14 20 -16 -2 -4 -5 -19 21 22 -11 -23 -25 26 27 28 -22 -28
right_child=2 3 7 9 10 6 -8 -9 -10 13 -12 -13 -14 -15 15 -17 -18 19 -20 -21 25 23 -24 24 -26 -27 29 -29 -30 -31
leaf_value=0.0026986081107777376 0.0020387964819281817 0.0022876602596275356 -0.0026780898157980236 0.00014920612098649145 -0.0084083920624107127 -0.0031117182318725952 0.0040945871919393544 -0.00074981629682648293 0.0024735211871785823 0.0043548207472715724 -0.001247393783112919 0.0056506247074362276 -0.0030737036777039369 -0.0037444218595434602 0.0017689163837995795 0.0071382139184762066 -0.0014187654515953744 -0.00018838928986273675 0.0061824457802097596 0.0041811497483085361 0.00040610986222423579 0.010515136441046541 -0.0037775551143568011 -0.0013157683671178187 0.0079454762942117192 -0.0014310517045604222 0.0074173723114654422 -0.0010990246574650645 0.0046181869608644581 0.0011822169803333683
leaf_weight=335 43 78 63 20 20 77 20 826 143 38 27 49 30 24 45 41 1314 118 34 29 354 22 49 34 23 179 39 281 93 52
leaf_count=335 43 78 63 20 20 77 20 826 143 38 27 49 30 24 45 41 1314 118 34 29 354 22 49 34 23 179 39 281 93 52
internal_value=5.81749e-12 0.00107532 -0.000832776 0.00074149 -0.000815858 0.00011844 -0.00162588 -0.00028442 0.000804582 0.000987212 -0.00429463 0.0029914 0.00144019 0.000777983 0.000864813 0.0043287 -0.0013092 -0.000331887 0.00394791 0.000673629 0.000608891 0.00210678 -0.000225483 0.00467523 0.00242123 0.000359742 0.000751137 0.000363226 0.00128245 0.00385443
internal_weight=4500 1964 2536 1629 222 175 97 1179 353 1407 47 133 84 1274 1250 86 1357 210 54 147 1164 166 87 79 57 998 819 728 447 91
internal_count=4500 1964 2536 1629 222 175 97 1179 353 1407 47 133 84 1274 1250 86 1357 210 54 147 1164 166 87 79 57 998 819 728 447 91
is_linear=0
shrinkage=0.1


Tree=22
num_leaves=31
num_cat=0
split_feature=4 9 7 1 7 6 8 4 1 1 9 5 10 4 7 3 3 5 6 8 5 10 5 1 10 1 7 1 10 3
split_gain=0.327908 0.0737821 0.0533143 0.0578048 0.058363 0.0686416 0.0594526 0.0434816 0.0533163 0.0382342 0.035352 0.0325149 0.0782262 0.0616922 0.0371469 0.0344321 0.0489312 0.0385625 0.060529 0.140646 0.0340724 0.0343653 0.0306313 0.165302 0.11707 0.0486642 0.0291818 0.0386332 0.0439672 0.0680336
threshold=48431.500000000007 36731.000000000007 45536000.000000007 52.500000000000007 35518240.000000007 35865.166015625007 33120.125000000007 80351.500000000015 53.500000000000007 69.500000000000014 30727.250000000004 57411.500000000007 57008.500000000007 50341.000000000007 3145645.0000000005 58910.500000000007 56877.500000000007 62793.500000000007 58644.083984375007 53335.750000000007 64243.000000000007 63836.500000000007 42806.500000000007 67.500000000000014 42165.500000000007 72.500000000000014 54042742.000000007 75.500000000000014 81051.875000000015 80211.000000000015
decision_type=2 2 2 2 2 2 2 2 2 2 2 2 2 2 2 2 2 2 2 2 2 2 2 2 2 2 2 2 2 2
left_child=1 2 3 -1 5 6 -5 8 -2 -4 -11 13 -13 -10 -14 16 -16 -17 19 -19 -20 -22 23 -3 -24 -25 -23 28 29 -28
right_child=7 22 9 4 -6 -7 -8 -9 11 10 -12 12 14 -15 15 17 -18 18 20 -21 21 26 24 25 -26 -27 27 -29 -30 -31
leaf_value=0.006549428708174012 -0.0042852674031982549 -0.0086549567725424745 0.0019748620280075728 0.0015672104825655742 -0.0037238453938202424 0.0068731774535516037 -0.003276961289898113 -0.0015649706504616866 -0.0061731726687867198 0.0090565782125023291 0.0036099286463398203 0.0052859879079430053 -0.0023768277120931698 0.00030244734558847641 -0.00046472625917423583 -0.0029989106709073332 0.0039414213568802967 -0.0021450326693328945 -0.0045731435017660263 0.0094417290075216459 0.0031862548533703934 -0.00087210597403992183 0.0077733272200693265 0.005257901854135774 0.00056889170673036355 -0.00093415116580824065 0.00049703340496876081 -0.0015033471000501189 -0.00020030100057435147 0.0050552479417423132
leaf_weight=22 37 22 42 411 22 23 27 491 28 22 26 24 96 31 59 58 44 22 20 20 26 887 23 22 1166 30 128 147 480 44
leaf_count=22 37 22 42 411 22 23 27 491 28 22 26 24 96 31 59 58 44 22 20 20 26 887 23 22 1166 30 128 147 480 44
internal_value=4.87893e-12 0.00101792 0.00193603 0.00153642 0.00130808 0.00154822 0.0012686 -0.000715857 -0.000522033 0.0041783 0.00610631 -0.000456167 -0.000389715 -0.00277073 -0.000456784 -0.000361526 0.00141751 -0.000461548 -0.000378591 0.00337247 -0.000469552 -0.000421613 0.000585395 -0.00138865 0.000708254 0.00168556 -0.00047725 -3.89053e-05 0.000291268 0.00166309
internal_weight=4500 1858 595 505 483 461 438 2642 2151 90 48 2114 2055 59 2031 1935 103 1832 1774 42 1732 1712 1263 74 1189 52 1686 799 652 172
internal_count=4500 1858 595 505 483 461 438 2642 2151 90 48 2114 2055 59 2031 1935 103 1832 1774 42 1732 1712 1263 74 1189 52 1686 799 652 172
is_linear=0
shrinkage=0.1


Tree=23
num_leaves=31
num_cat=0
split_feature=8 1 3 5 7 7 7 8 8 6 6 5 1 10 4 7 9 4 4 3 4 9 1 1 5 3 6 7 7 10
split_gain=0.271723 0.0753763 0.0483279 0.091995 0.0468842 0.0593901 0.0565178 0.0442494 0.0445155 0.0403948 0.0415437 0.040871 0.036089 0.0330305 0.0433481 0.0524482 0.0666146 0.0399252 0.0393002 0.0534201 0.0491648 0.0391698 0.029631 0.0540363 0.0789151 0.111011 0.063119 0.0498781 0.0670612 0.0478104
threshold=52617.375000000007 55.500000000000007 21708.000000000004 21600.500000000004 793973.81250000012 1440529.0000000002 1902114.1875000002 53100.625000000007 61287.500000000007 67429.000000000015 69130.250000000015 88508.500000000015 68.500000000000014 74291.625000000015 52402.500000000007 39265350.000000007 63358.000000000007 51199.000000000007 55673.000000000007 64610.500000000007 56990.000000000007 57821.250000000007 61.500000000000007 64.500000000000014 52682.000000000007 30606.500000000004 52396.000000000007 15359761.000000002 39265350.000000007 26783.000000000004
decision_type=2 2 2 2 2 2 2 2 2 2 2 2 2 2 2 2 2 2 2 2 2 2 2 2 2 2 2 2 2 2
left_child=1 -1 3 12 -4 -6 -7 -2 9 13 -11 -12 -3 14 17 18 -17 -9 -16 -20 -21 -19 27 24 25 -24 -26 -8 -29 -25
right_child=7 2 4 -5 5 6 22 8 -10 10 11 -13 -14 -15 15 16 -18 21 19 20 -22 -23 23 29 26 -27 -28 28 -30 -31
leaf_value=0.0038937539772512055 -0.004117797638496591 -6.969056420003701e-05 -0.0040464830390798548 0.0071047078748319214 0.0048438052564640259 -0.0036081916171937221 -0.0037492238480645495 0.00046515531903639098 -0.00082455727333873073 0.0052660091555324093 -0.0028281639374437787 0.0031032763349895295 0.0037739087827503683 -0.0026741248875623569 -0.0025226825590122692 0.0048386382511151696 -0.0017723250036834979 0.00066294631078129727 0.0015762283986714466 0.0014153635439773402 -0.004673046127168669 0.0065767496979484965 0.0068882226605306981 -0.0034487969957159035 0.010398868471384048 -0.0015619407315685784 0.0027175572255383369 0.0047082729960003728 -0.0018482451888326653 0.00072987944168452046
leaf_weight=83 36 76 21 34 34 31 39 169 1995 29 21 26 36 48 129 35 27 21 80 21 36 24 22 28 20 53 23 26 39 1238
leaf_count=83 36 76 21 34 34 31 39 169 1995 29 21 26 36 48 129 35 27 21 80 21 36 24 22 28 20 53 23 26 39 1238
internal_value=1.12939e-11 0.000950384 0.000808349 0.0025488 0.00064691 0.000710375 0.000617856 -0.000635351 -0.000588238 0.000119654 0.00228958 0.000453058 0.00116575 -0.000159861 6.28042e-05 -0.000659559 0.00195967 0.00116998 -0.00127006 -9.05748e-05 -0.00242995 0.00381697 0.000705899 0.000828225 0.00287491 0.000916774 0.00629026 -0.000921983 0.000774362 0.00063746
internal_weight=4500 1803 1720 146 1574 1553 1519 2697 2661 666 76 47 112 590 542 328 62 214 266 137 57 45 1488 1384 118 75 43 104 65 1266
internal_count=4500 1803 1720 146 1574 1553 1519 2697 2661 666 76 47 112 590 542 328 62 214 266 137 57 45 1488 1384 118 75 43 104 65 1266
is_linear=0
shrinkage=0.1


Tree=24
num_leaves=31
num_cat=0
split_feature=6 9 4 8 5 3 9 5 7 6 7 8 5 5 6 3 7 9 3 7 7 1 7 3 7 10 1 4 6 10
split_gain=0.225963 0.0705053 0.0577742 0.0535977 0.0547378 0.0533276 0.0808168 0.103845 0.104704 0.0496662 0.0493357 0.0612166 0.0597316 0.0591603 0.0890159 0.0574464 0.0474035 0.0378898 0.0358214 0.0645041 0.0451402 0.0583101 0.0659039 0.06305 0.0378631 0.0365561 0.0734967 0.0592664 0.0990926 0.042526
threshold=47704.666015625007 47426.000000000007 42756.000000000007 61287.500000000007 51894.000000000007 52146.000000000007 52132.750000000007 56070.000000000007 8670163.0000000019 46618.417968750007 30071481.000000004 50149.625000000007 55737.000000000007 57411.500000000007 54578.332031250007 55371.000000000007 31461370.000000004 46034.500000000007 26550.000000000004 13564372.500000002 2466178.2500000005 61.500000000000007 6959913.0000000009 21708.000000000004 1144477.1875000002 27471.125000000004 57.500000000000007 39521.500000000007 45342.500000000007 46935.125000000007
decision_type=2 2 2 2 2 2 2 2 2 2 2 2 2 2 2 2 2 2 2 2 2 2 2 2 2 2 2 2 2 2
left_child=1 2 18 4 -2 6 7 8 -6 -3 11 15 -13 -14 -15 -7 -12 -18 19 20 24 -22 23 -23 -1 -20 -27 29 -29 -28
right_child=3 9 -4 -5 5 10 -8 -9 -10 -11 16 12 13 14 -16 -17 17 -19 25 -21 21 22 -24 -25 -26 26 27 28 -30 -31
leaf_value=0.0014375271820527915 -0.0038338049075433188 0.001611875111120753 -0.0039069448638221491 -0.00074210155863308445 0.0066720540351841761 -0.0015071441048794256 -0.0019055992042801033 0.010379307344956033 -0.0026769950205925855 0.0079203293202086723 0.0047744401302188639 0.0044111856697127225 -0.0042721794312819842 0.0049015277497199998 -0.00072282748629403932 -0.0074787243143267304 0.0045338157697447706 0.00022446988470903288 -0.002782952781180265 0.0057273014026239175 -0.0036224158796211402 0.0025105301685857053 0.0064493556936213283 -0.0044007027287575927 0.0053714570144074974 0.0052492878105687467 0.00090451996952642963 0.00073526521128686997 0.0087233569744663945 -0.00094964406785178087
leaf_weight=63 35 24 23 1995 23 49 30 20 25 26 25 25 40 31 305 24 21 718 27 43 31 33 20 22 40 38 513 44 24 163
leaf_count=63 35 24 23 1995 23 49 30 20 25 26 25 25 40 31 305 24 21 718 27 43 31 33 20 22 40 38 513 44 24 163
internal_value=4.11512e-12 0.00122085 0.00105151 -0.000411303 7.00553e-05 0.000172327 0.00241786 0.00432527 0.00180276 0.00489227 -5.42931e-06 -0.000806882 -0.000322001 -0.000636708 -0.000203914 -0.0034704 0.000491807 0.000346928 0.00115899 0.00220008 0.00147439 2.57005e-05 0.00153359 -0.000253963 0.00296527 0.0008347 0.000959606 0.000740509 0.00355459 0.000457436
internal_weight=4500 1134 1084 3366 1371 1336 98 68 48 50 1238 474 401 376 336 73 764 739 1061 252 209 106 75 55 103 809 782 744 68 676
internal_count=4500 1134 1084 3366 1371 1336 98 68 48 50 1238 474 401 376 336 73 764 739 1061 252 209 106 75 55 103 809 782 744 68 676
is_linear=0
shrinkage=0.1


Tree=25
num_leaves=31
num_cat=0
split_feature=9 4 5 10 7 7 1 3 5 7 7 7 9 4 8 8 1 3 6 9 4 9 6 10 1 9 7 7 1 5
split_gain=0.183081 0.054898 0.0455593 0.064675 0.0419587 0.085598 0.106089 0.0501117 0.0637739 0.0487995 0.0584313 0.0472725 0.0455286 0.0623185 0.0698232 0.103707 0.0493872 0.0819464 0.0492831 0.0471028 0.044973 0.073434 0.0591313 0.0477069 0.115311 0.0444728 0.0408822 0.0414982 0.036094 0.0352562
threshold=59490.750000000007 20368.500000000004 63577.500000000007 62900.625000000007 8833142.5000000019 9789713.5000000019 71.500000000000014 53525.000000000007 53245.000000000007 793973.81250000012 1440529.0000000002 1902114.1875000002 54616.750000000007 42534.000000000007 45556.125000000007 47121.000000000007 75.500000000000014 54791.500000000007 53442.417968750007 53518.500000000007 37811.500000000007 56759.250000000007 57380.083984375007 63428.375000000007 70.500000000000014 52850.250000000007 138504008.00000003 125393696.00000001 70.500000000000014 33765.000000000007
decision_type=2 2 2 2 2 2 2 2 2 2 2 2 2 2 2 2 2 2 2 2 2 2 2 2 2 2 2 2 2 2
left_child=1 -1 -2 -4 7 6 -6 8 9 -3 -11 -12 13 25 -15 -16 17 -17 -19 -20 -14 -22 -23 -24 -25 -7 27 -5 -9 -13
right_child=2 4 3 26 5 12 -8 28 -10 10 11 29 20 14 15 16 -18 18 19 -21 21 22 23 24 -26 -27 -28 -29 -30 -31
leaf_value=0.0018906606936830777 -0.0036457692550376378 -0.0046477123021917499 0.0047751510200728462 -0.00068858308131489209 0.0098320341830992197 0.00061158714362104217 0.00011872815137559718 0.00015485115492573154 0.0041737869281221083 0.0043194397218758243 -0.004006664066635553 0.0022435762407258153 -0.0023191787084215322 -0.0058517479753520882 0.0044961369979907486 0.0018225549953058363 0.0020150789897888897 -0.0070708521189825502 0.00025326668364868967 -0.0056796143236367601 0.0044249209733528043 -0.0018456645147382933 0.0060785233099013569 -0.0045380491142471635 0.0042717724781817738 0.0049985347383578 0.00019713159761593755 -0.0033396497292474646 -0.0036932409755312482 -0.00054973856236816194
leaf_weight=335 47 23 23 1843 23 622 22 39 37 30 31 60 24 28 34 32 30 34 32 23 92 53 25 24 39 24 562 61 65 183
leaf_count=335 47 23 23 1843 23 622 22 39 37 30 31 60 24 28 34 32 30 34 32 23 92 53 25 24 39 24 562 61 65 183
internal_value=3.46271e-12 0.000724802 -0.000561322 -0.000503078 0.000485046 0.00080727 0.00508331 -0.000314316 0.000238796 -0.000206448 0.000129569 -0.000329176 0.000634849 0.000285483 -0.00119785 -0.000493474 -0.00161696 -0.00251747 -0.00407793 -0.00222776 0.00180257 0.00222713 0.000793112 0.00238238 0.00091565 0.00077457 -0.000552307 -0.000773517 -0.00225021 0.000139969
internal_weight=4500 1964 2536 2489 1629 1161 45 468 364 327 304 274 1116 859 213 185 151 121 89 55 257 233 141 88 63 646 2466 1904 104 243
internal_count=4500 1964 2536 2489 1629 1161 45 468 364 327 304 274 1116 859 213 185 151 121 89 55 257 233 141 88 63 646 2466 1904 104 243
is_linear=0
shrinkage=0.1


Tree=26
num_leaves=31
num_cat=0
split_feature=6 9 7 4 4 6 9 6 3 1 9 10 9 7 8 3 9 5 9 1 4 9 7 1 4 3 1 6 1 4
split_gain=0.155173 0.0585764 0.0428031 0.0445984 0.0426732 0.0414983 0.0337473 0.0343073 0.0363157 0.0429586 0.0451769 0.0652072 0.0445816 0.0523735 0.0596264 0.0403707 0.034913 0.0325612 0.0404649 0.0700001 0.0607505 0.0943515 0.0798873 0.0492525 0.0488785 0.0458473 0.0376637 0.0346966 0.0299091 0.039782
threshold=47704.666015625007 47426.000000000007 2466178.2500000005 80351.500000000015 42756.000000000007 46618.417968750007 47426.000000000007 48486.250000000007 49522.000000000007 53.500000000000007 51822.500000000007 54712.625000000007 51019.000000000007 25174848.000000004 46733.750000000007 53894.500000000007 50754.000000000007 56360.500000000007 57318.500000000007 62.500000000000007 50084.500000000007 54007.250000000007 38570874.000000007 73.500000000000014 46648.500000000007 57739.500000000007 72.500000000000014 56554.167968750007 55.500000000000007 39521.500000000007
decision_type=2 2 2 2 2 2 2 2 2 2 2 2 2 2 2 2 2 2 2 2 2 2 2 2 2 2 2 2 2 2
left_child=1 4 -2 6 28 -3 -4 -8 16 -10 12 -12 13 15 -15 -11 -9 -13 19 -19 21 24 26 -24 -21 -22 -23 -20 -1 -30
right_child=2 5 3 -5 -6 -7 7 8 9 10 11 17 -14 14 -16 -17 -18 18 27 20 25 22 23 -25 -26 -27 -28 -29 29 -31
leaf_value=0.003011223960316839 -0.0020786900499575388 0.00135960566791861 0.0024343529113513584 -0.0011670078690739195 -0.0034040985709947093 0.0071260435936542667 -0.0033186644123976723 0.004627522195298826 -0.0037053342525135073 -0.00026834533465179528 0.0043860767978582188 -0.0040098908756460465 -0.0046101743566049711 -0.001622894634991618 0.0052487608850123775 -0.006398149566458804 -0.00065334277848402671 0.0067509836750105027 -0.0032037012683423724 0.00038902956594322478 0.00056550238255618352 0.009789913245476782 -0.00096810007316255301 0.0042131627051276155 -0.0050086673268157503 -0.0045550326214117169 0.0040644149326167457 -0.00015429658297095195 0.00064172364424349261 0.0031476066516274042
leaf_weight=66 136 24 51 471 23 26 34 31 34 22 33 21 42 28 23 21 21 20 38 62 36 20 43 32 23 34 27 2063 927 68
leaf_count=66 136 24 51 471 23 26 34 31 34 22 33 21 42 28 23 21 21 20 38 62 36 20 43 32 23 34 27 2063 927 68
internal_value=-9.483e-12 0.0010117 -0.000340841 -0.000267668 0.000857345 0.00435815 -0.000114138 -0.000162134 -0.000121999 -0.000173897 -0.000127502 -2.91045e-05 -0.00190156 -0.000691322 0.00147609 -0.00326197 0.00249487 -8.93364e-05 -5.50029e-05 0.00103757 0.000625046 0.00148624 0.00326828 0.00124257 -0.00107152 -0.00192161 0.0065008 -0.00020945 0.000949723 0.00081298
internal_weight=4500 1134 3366 3230 1084 50 2759 2708 2674 2622 2588 2452 136 94 51 43 52 2419 2398 297 277 207 122 75 85 70 47 2101 1061 995
internal_count=4500 1134 3366 3230 1084 50 2759 2708 2674 2622 2588 2452 136 94 51 43 52 2419 2398 297 277 207 122 75 85 70 47 2101 1061 995
is_linear=0
shrinkage=0.1


Tree=27
num_leaves=31
num_cat=0
split_feature=3 5 10 7 8 1 7 7 7 7 7 7 1 4 8 7 4 4 4 5 3 5 7 10 1 10 5 3 10 6
split_gain=0.131957 0.0598561 0.0794678 0.0502413 0.0576688 0.0502135 0.0463199 0.103167 0.0517206 0.0462379 0.0521763 0.150997 0.0575826 0.048742 0.0452674 0.0417115 0.0415152 0.0519091 0.0506893 0.0413407 0.0369872 0.0562998 0.0733335 0.0861814 0.0375964 0.0645638 0.0748833 0.0502024 0.0431558 0.0817917
threshold=45510.500000000007 48312.000000000007 48067.750000000007 53092692.000000007 63628.375000000007 75.500000000000014 46841152.000000007 35518240.000000007 29171659.000000004 61639012.000000007 171140208.00000003 183149632.00000003 65.500000000000014 45711.000000000007 44344.750000000007 164665936.00000003 41441.500000000007 45985.500000000007 37171.000000000007 90366.000000000015 78504.000000000015 78513.500000000015 30071481.000000004 77537.375000000015 70.500000000000014 65723.625000000015 65122.500000000007 76259.000000000015 61867.625000000007 57380.083984375007
decision_type=2 2 2 2 2 2 2 2 2 2 2 2 2 2 2 2 2 2 2 2 2 2 2 2 2 2 2 2 2 2
left_child=1 5 -3 20 9 6 7 8 -1 13 12 -12 -11 14 -5 -14 18 -18 -13 -19 21 24 23 -23 25 26 28 -26 29 -2
right_child=3 2 -4 4 -6 -7 -8 -9 -10 10 11 16 15 -15 -16 -17 17 19 -20 -21 -22 22 -24 -25 27 -27 -28 -29 -30 -31
leaf_value=0.00098265139247175558 0.00016483027676829722 0.0081649224032406455 6.8364774977618996e-05 0.0045274922478711231 -0.00039654017856789384 -0.0017345354543067517 0.0037355012665102553 -0.0049140046920691585 0.0052386901589731374 -0.002861764962371025 0.010113154002465308 0.00071981764821011285 0.00064438259245694753 0.0062999870457376046 -0.00197752197475537 -0.0040462085255421705 0.0063686297096025484 -0.0017721103105161871 -0.0048515448486432435 0.0035706231339524192 -0.001279990643978227 0.0051102368693266599 0.0068709446117281919 -0.0016085909586399793 -0.0010477577008086397 -0.0012759491140755252 0.0041093700943270429 0.0037925437262112446 -0.0030282228413437097 0.0061553985774517065
leaf_weight=592 258 27 22 20 837 65 64 29 30 63 20 89 364 30 23 20 26 28 20 30 552 28 23 60 824 213 61 22 35 25
leaf_count=592 258 27 22 20 837 65 64 29 30 63 20 89 364 30 23 20 26 28 20 30 552 28 23 60 824 213 61 22 35 25
internal_value=5.73073e-12 0.00113953 0.00452973 -0.000257333 0.000170626 0.000926553 0.00116847 0.000916105 0.00118793 0.000818262 0.000554121 0.00184216 -5.96423e-05 0.00320639 0.00104807 0.000400081 0.000985061 0.00265576 -0.000302451 0.000991373 -0.00057713 -0.00032666 0.00184327 0.000529218 -0.000494158 0.000117091 0.000899987 -0.000921887 0.00028435 0.000694032
internal_weight=4500 829 49 3671 1570 780 715 651 622 733 660 213 447 73 43 384 193 84 109 58 2101 1549 111 88 1438 592 379 846 318 283
internal_count=4500 829 49 3671 1570 780 715 651 622 733 660 213 447 73 43 384 193 84 109 58 2101 1549 111 88 1438 592 379 846 318 283
is_linear=0
shrinkage=0.1


Tree=28
num_leaves=31
num_cat=0
split_feature=3 5 10 1 7 9 6 3 8 7 5 3 9 3 6 1 8 7 9 5 4 4 1 1 9 4 1 3 6 7
split_gain=0.106885 0.0484834 0.0643689 0.0483613 0.0421716 0.0446352 0.0573382 0.106587 0.0544881 0.0482973 0.0479116 0.0597833 0.0424901 0.0418004 0.0421841 0.0399621 0.0409775 0.0385687 0.0380259 0.0608979 0.0469727 0.0717063 0.0435894 0.0476369 0.048033 0.0767405 0.0574441 0.0704644 0.057696 0.0440337
threshold=45510.500000000007 48312.000000000007 48067.750000000007 52.500000000000007 35518240.000000007 62847.000000000007 41782.250000000007 52146.000000000007 33541.000000000007 51205962.000000007 73813.500000000015 75656.500000000015 42166.500000000007 69847.000000000015 65145.000000000007 68.500000000000014 48951.750000000007 37986714.000000007 41607.500000000007 42806.500000000007 33578.000000000007 32046.500000000004 75.500000000000014 68.500000000000014 27443.750000000004 21439.000000000004 64.500000000000014 13512.500000000002 21046.583007812504 46174650.000000007
decision_type=2 2 2 2 2 2 2 2 2 2 2 2 2 2 2 2 2 2 2 2 2 2 2 2 2 2 2 2 2 2
left_child=1 3 -3 -1 -2 6 8 9 -6 -8 12 -12 -9 -7 -15 -13 -17 -14 19 20 21 22 23 24 25 26 27 -5 -29 -25
right_child=4 2 -4 18 5 13 7 10 -10 -11 11 15 17 14 -16 16 -18 -19 -20 -21 -22 -23 -24 29 -26 -27 -28 28 -30 -31
leaf_value=0.0049922129270810363 -0.00059996907198872195 0.0073484299635445637 6.1528314836323269e-05 0.0045102075231261548 -9.0467431349679824e-05 0.0024695985364141288 0.0027427189112843378 0.0042337939403951173 -0.0060624828281685373 0.0094619078666437414 0.0064603165354065852 -0.0027098754886537794 0.0035722221414159448 -0.0028132931607316681 -0.0002351557855653605 -0.0012698777415789666 0.0042512862366715044 -0.00027143903894873503 -0.0013763315703909031 0.003398584569509987 -0.0027445301925763492 0.0054765552702930667 -0.0034653908304440291 0.001380592157074716 -0.0021390885374005719 0.0056713068926775899 -0.0029840107060105465 -0.0030953147903173455 0.0027649640296918475 0.0063018270139582463
leaf_weight=27 1683 27 22 40 50 54 23 25 22 20 29 20 28 67 1203 20 41 386 80 87 40 31 26 200 84 27 48 42 28 20
leaf_count=27 1683 27 22 40 50 54 23 25 22 20 29 20 28 67 1203 20 41 386 80 87 40 31 26 200 84 27 48 42 28 20
internal_value=1.30547e-12 0.00102557 0.00407676 0.000833898 -0.000231599 8.02547e-05 0.000749354 0.00107343 -0.00191525 0.00586792 0.000697902 0.00256415 0.000230277 -0.000255306 -0.000371168 0.00116923 0.00244107 -1.14813e-05 0.000684795 0.000929802 0.000563277 0.000805607 0.000524443 0.000736582 -0.00015601 0.000744415 -9.75218e-05 0.00116204 -0.000751203 0.00182798
internal_weight=4500 829 49 780 3671 1988 664 592 72 43 549 110 439 1324 1270 81 61 414 753 673 586 546 515 489 269 185 158 110 70 220
internal_count=4500 829 49 780 3671 1988 664 592 72 43 549 110 439 1324 1270 81 61 414 753 673 586 546 515 489 269 185 158 110 70 220
is_linear=0
shrinkage=0.1


Tree=29
num_leaves=31
num_cat=0
split_feature=9 5 10 8 6 4 1 8 6 1 8 4 4 9 7 3 8 8 6 4 4 4 7 3 4 3 3 5 9 7
split_gain=0.0912598 0.0355193 0.0500255 0.035502 0.0724835 0.0508175 0.0534698 0.0506756 0.0325001 0.0311705 0.0298186 0.056149 0.0511586 0.0552606 0.128168 0.0512807 0.0445823 0.0419996 0.06054 0.0396201 0.0589391 0.0971563 0.0392509 0.0794049 0.0357301 0.0362712 0.0948536 0.0827973 0.0295025 0.0294574
threshold=59490.750000000007 63577.500000000007 62900.625000000007 57125.750000000007 58428.000000000007 51441.500000000007 55.500000000000007 54339.875000000007 60105.583984375007 72.500000000000014 51487.500000000007 42534.000000000007 43921.500000000007 50023.500000000007 4515169.5000000009 49522.000000000007 52220.000000000007 47395.375000000007 49288.332031250007 49011.500000000007 47592.000000000007 46488.500000000007 793973.81250000012 15110.000000000002 39878.000000000007 50355.000000000007 55371.000000000007 48312.000000000007 56217.750000000007 131676972.00000001
decision_type=2 2 2 2 2 2 2 2 2 2 2 2 2 2 2 2 2 2 2 2 2 2 2 2 2 2 2 2 2 2
left_child=3 -2 -3 4 5 6 -1 29 -9 28 11 22 17 14 -14 -16 -12 18 -13 20 21 -15 23 -8 -24 27 -27 -26 -7 -6
right_child=1 2 -4 -5 7 9 10 8 -10 -11 16 12 13 19 15 -17 -18 -19 -20 -21 -22 -23 24 -25 25 26 -28 -29 -30 -31
leaf_value=0.0030473772603904874 -0.0031197645741098739 0.004297235816636164 -0.00038817402475020858 -0.0028455781334829934 -0.0016488313896670229 -0.0027143190955170073 0.001836022307448413 0.0086941308874104711 0.003061520792543888 -0.003998773908003783 0.0050784267485141756 -0.0043014834785173022 -0.0026254578000482393 -0.0026263271809380123 0.0092782728490419693 0.0025430181636833232 0.00076844541805175227 -0.0062478393454242637 0.0024698369599797806 0.002065336872493067 -0.0051814615222004557 0.0042717026707170345 0.00054707852774514088 -0.0065673700999468567 -0.00049302614293992523 -0.0037916218585990094 0.0035900341947943124 0.0078705512902474614 0.001963683728328241 0.0034796427411492915
leaf_weight=82 47 23 2466 31 21 26 23 21 20 39 33 31 34 69 20 26 88 27 23 31 39 29 1052 22 20 27 49 29 28 24
leaf_count=82 47 23 2466 31 21 26 23 21 20 39 33 31 34 69 20 26 88 27 23 31 39 29 1052 22 20 27 49 29 28 24
internal_value=-5.63539e-12 -0.000396305 -0.000344878 0.000511726 0.000565568 0.000433432 0.000554214 0.00340341 0.00594652 -0.00184453 0.000431941 0.000313987 -0.000845598 -0.000132945 0.00203023 0.00547139 0.00194389 -0.00302755 -0.0014174 -0.00116303 -0.00189353 -0.000585073 0.000626184 -0.0022723 0.000737001 0.00233539 0.000967604 0.00445685 -0.000288688 0.00108635
internal_weight=4500 2536 2489 1964 1933 1847 1754 86 41 93 1672 1551 329 248 80 46 121 81 54 168 137 98 1222 45 1177 125 76 49 54 45
internal_count=4500 2536 2489 1964 1933 1847 1754 86 41 93 1672 1551 329 248 80 46 121 81 54 168 137 98 1222 45 1177 125 76 49 54 45
is_linear=0
shrinkage=0.1


Tree=30
num_leaves=31
num_cat=0
split_feature=8 8 4 6 10 7 10 1 3 5 4 7 7 9 1 7 1 3 5 10 9 8 9 7 9 1 10 9 10 10
split_gain=0.0779161 0.0364671 0.0461984 0.0355658 0.059988 0.0337353 0.0738721 0.0394945 0.0363121 0.0463097 0.0488208 0.0401325 0.0631861 0.0388875 0.0427013 0.0707035 0.0343579 0.0376525 0.0480182 0.0828604 0.0412193 0.0641755 0.0427765 0.0450423 0.0413852 0.0355329 0.0653107 0.0603724 0.042129 0.0909453
threshold=37842.125000000007 36934.000000000007 33578.000000000007 40199.000000000007 43090.250000000007 76385452.000000015 58076.500000000007 76.500000000000014 77885.000000000015 78513.500000000015 73871.500000000015 14155435.000000002 30071481.000000004 43303.000000000007 68.500000000000014 15703899.500000002 53.500000000000007 53894.500000000007 57671.500000000007 57596.250000000007 52347.750000000007 51373.375000000007 50754.000000000007 25174848.000000004 46752.500000000007 74.500000000000014 49577.625000000007 50023.500000000007 51886.375000000007 50969.500000000007
decision_type=2 2 2 2 2 2 2 2 2 2 2 2 2 2 2 2 2 2 2 2 2 2 2 2 2 2 2 2 2 2
left_child=1 2 -1 -2 -5 8 -7 -8 9 13 11 -11 -13 14 -6 -16 -15 18 25 -20 22 -22 23 -19 -25 28 -27 -28 29 -18
right_child=3 -3 -4 4 5 6 7 -9 -10 10 -12 12 -14 16 15 -17 17 20 19 -21 21 -23 -24 24 -26 26 27 -29 -30 -31
leaf_value=0.00090832470976068877 -0.0036242234551658232 0.0039987484407093795 -0.0028614513343200088 0.0044439066251340722 0.00095701928657945248 0.0054254192582986974 0.00032357238455472563 -0.0017631759208161385 -0.00098623885922356834 0.0067570185102522372 -0.0020419214403739681 -0.0012378440011997481 0.0045309397081534069 -0.0033352549297406397 -0.00078357301120247176 -0.0082663447388609795 -0.00070745111775717565 -0.0048167084623128176 0.0079025359103980005 0.00031689330967815801 0.0023030090195305174 -0.00043519726729689774 -0.0044908306422702816 -0.0024737879876047374 0.0028224315798272277 0.006309653088450432 -0.0026449025419424291 0.0041601213457232175 -0.0027875934642824264 0.0052015671855770058
leaf_weight=741 30 36 34 28 24 27 975 100 752 20 27 37 39 34 28 23 140 20 24 36 94 957 47 25 36 25 32 22 55 32
leaf_count=741 30 36 34 28 24 27 975 100 752 20 27 37 39 34 28 23 140 20 24 36 94 957 47 25 36 25 32 22 55 32
internal_value=-3.33368e-12 0.000887465 0.000742941 -0.000195103 -0.000166988 -0.000202544 0.000259212 0.000129456 -0.000403752 -0.000157252 0.00171476 0.00277132 0.00172245 -0.000296464 -0.0025213 -0.00415816 -0.000190788 -0.00012159 0.000764441 0.00335115 -0.000396642 -0.000190296 -0.00209094 -0.000698412 0.00065185 0.000257243 0.00208389 0.000127515 -0.000378461 0.000391901
internal_weight=4500 811 775 3689 3659 3631 1102 1075 2529 1777 123 96 76 1654 75 51 1579 1545 366 60 1179 1051 128 81 61 306 79 54 227 172
internal_count=4500 811 775 3689 3659 3631 1102 1075 2529 1777 123 96 76 1654 75 51 1579 1545 366 60 1179 1051 128 81 61 306 79 54 227 172
is_linear=0
shrinkage=0.1


Tree=31
num_leaves=31
num_cat=0
split_feature=9 6 4 6 6 6 10 10 5 5 7 10 10 5 8 8 5 10 9 8 10 10 5 10 3 3 8 3 6 5
split_gain=0.0633648 0.0446448 0.0608594 0.100638 0.0349663 0.0671571 0.0364704 0.116456 0.0513235 0.034302 0.0304685 0.0683514 0.0459866 0.0657906 0.035312 0.0540381 0.0383277 0.0849563 0.0575658 0.0520245 0.0504417 0.0290104 0.0349041 0.0421418 0.0436346 0.0263323 0.0461924 0.0417474 0.0757884 0.087769
threshold=41607.500000000007 42154.250000000007 30084.000000000004 47704.666015625007 42835.166015625007 43731.000000000007 48067.750000000007 47311.875000000007 50065.500000000007 47565.500000000007 112497940.00000001 49992.375000000007 46591.875000000007 47139.000000000007 39673.875000000007 37446.500000000007 41117.500000000007 39142.250000000007 35797.500000000007 33120.125000000007 41867.125000000007 49992.375000000007 51894.000000000007 52278.875000000007 50355.000000000007 35561.000000000007 28145.875000000004 32775.500000000007 29512.166992187504 30992.000000000004
decision_type=2 2 2 2 2 2 2 2 2 2 2 2 2 2 2 2 2 2 2 2 2 2 2 2 2 2 2 2 2 2
left_child=10 -2 3 -3 -4 -6 7 9 -8 -7 12 -12 13 14 15 16 17 18 19 25 -18 -10 -23 24 -24 27 -27 28 29 -1
right_child=1 2 4 -5 5 6 8 -9 21 -11 11 -13 -14 -15 -16 -17 20 -19 -20 -21 -22 22 23 -25 -26 26 -28 -29 -30 -31
leaf_value=0.00048530015128294432 -0.0027735208625045537 0.0080465153669744428 0.0038846090746422614 -0.00018372977104333518 -0.0046980869377765688 -0.0037350271083414557 -0.004635853116185619 0.0085265957238152626 0.002647714684199956 0.001872425288214193 0.0066716319335952262 -0.00032013226912662001 -0.0029605519492179157 0.0061873149465430871 0.0046719691139601527 -0.0032617792331924044 0.0050539589793929321 -0.0055542529560625555 0.0051522528614710884 -0.0040345257930457599 0.00047342125809628449 -0.0033032514775792757 -0.0011670841602608561 -0.00022154478556635749 0.0043775146687403321 -0.0049447813526388605 0.0012812010442408233 0.0038523125936271124 -0.0036716868439199109 0.0057062141047531951
leaf_weight=305 65 24 21 39 33 20 26 20 36 24 27 29 34 22 21 36 44 23 27 25 53 36 22 3283 40 22 26 43 38 36
leaf_count=305 65 24 21 39 33 20 26 20 36 24 27 29 34 22 21 36 44 23 27 25 53 36 22 3283 40 22 26 43 38 36
internal_value=-9.31606e-12 -0.000175944 -0.000129354 0.0029516 -0.000183861 -0.000207996 -0.000165745 0.00219952 -0.000209712 -0.000676417 0.000800317 0.0030509 0.000633386 0.000802864 0.000633397 0.000508308 0.000719715 0.000393746 0.000655822 0.000410563 0.00255119 -0.000176033 -0.0002061 -0.000172767 0.00241008 0.000647003 -0.00157237 0.000899445 0.000564423 0.00103648
internal_weight=4500 3689 3624 63 3561 3540 3507 64 3443 44 811 56 755 721 699 678 642 545 522 495 97 3417 3381 3345 62 470 48 422 379 341
internal_count=4500 3689 3624 63 3561 3540 3507 64 3443 44 811 56 755 721 699 678 642 545 522 495 97 3417 3381 3345 62 470 48 422 379 341
is_linear=0
shrinkage=0.1


Tree=32
num_leaves=31
num_cat=0
split_feature=9 5 5 8 7 6 4 6 9 5 10 1 1 6 5 7 7 7 7 7 7 5 9 8 1 9 1 10 3 4
split_gain=0.0539809 0.030601 0.0714403 0.0418093 0.0540345 0.035603 0.0900339 0.0523756 0.0336731 0.0286985 0.040779 0.0264289 0.0341652 0.0652299 0.0461743 0.0341191 0.0816922 0.0447516 0.0248832 0.0238083 0.0364602 0.0251481 0.0226389 0.0403949 0.0501219 0.0361128 0.0269201 0.0543549 0.0225668 0.0448808
threshold=59490.750000000007 71661.500000000015 69764.000000000015 48951.750000000007 127117956.00000001 57380.083984375007 52580.500000000007 55732.750000000007 57821.250000000007 63577.500000000007 62900.625000000007 55.500000000000007 61.500000000000007 47704.666015625007 66324.500000000015 24363815.000000004 9566229.0000000019 4252074.7500000009 171140208.00000003 138504008.00000003 125393696.00000001 90366.000000000015 73983.250000000015 59628.250000000007 71.500000000000014 75828.250000000015 69.500000000000014 85376.625000000015 21708.000000000004 14545.500000000002
decision_type=2 2 2 2 2 2 2 2 2 2 2 2 2 2 2 2 2 2 2 2 2 2 2 2 2 2 2 2 2 2
left_child=1 2 5 -3 -5 7 -7 11 -8 -2 -11 -1 13 15 18 16 17 -13 28 20 -12 -22 23 26 -25 -24 -21 -28 29 -14
right_child=9 3 -4 4 -6 6 8 -9 -10 10 19 12 14 -15 -16 -17 -18 -19 -20 22 21 -23 25 24 -26 -27 27 -29 -30 -31
leaf_value=0.0022362644669268968 -0.0027528351252066332 -7.8917297942098243e-05 -0.0049998723492026336 0.00088376044295728211 0.0078924882945350626 0.0062105756628120113 0.0032351081538945434 -0.0019199952834919804 -0.0017903120524715634 0.003932628558401991 -0.00038686005599091773 -0.0013199699832306755 0.00050109595991671091 -0.0053065854900827018 0.0044905888024784095 0.0028989039289219112 -0.0059587031799916684 0.0046588528058713391 0.0028807490132749082 -0.0020817664000346808 -0.0052275811608594198 -0.0011217883548566275 -0.0039633847104952385 0.0074080187073420917 0.000498956645883265 0.00011543799155522043 -0.00022473350208170376 0.005820844649570063 0.00020143246456041323 0.0051528655757595394
leaf_weight=76 47 40 25 22 22 36 20 102 40 23 1843 31 80 30 28 29 24 21 39 33 26 35 23 21 21 386 58 20 1271 28
leaf_count=76 47 40 25 22 22 36 20 102 40 23 1843 31 80 30 28 29 24 21 39 33 26 35 23 21 21 386 58 20 1271 28
internal_value=4.52363e-12 0.000393566 0.000310129 0.00226096 0.00438812 0.000381693 0.00225698 0.000279346 -0.000115172 -0.000304796 -0.00025857 0.000414731 0.000327168 -0.00119423 0.000469208 -1.92745e-05 -0.00113279 0.00109455 0.000389801 -0.000297661 -0.000466472 -0.0028718 0.000274256 0.00131196 0.00395349 -0.000113933 0.000312469 0.00132541 0.000319354 0.00170711
internal_weight=4500 1964 1880 84 44 1855 96 1759 60 2536 2489 1657 1581 135 1446 105 76 52 1418 2466 1904 61 562 153 42 409 111 78 1379 108
internal_count=4500 1964 1880 84 44 1855 96 1759 60 2536 2489 1657 1581 135 1446 105 76 52 1418 2466 1904 61 562 153 42 409 111 78 1379 108
is_linear=0
shrinkage=0.1


Tree=33
num_leaves=31
num_cat=0
split_feature=3 5 10 10 9 10 1 10 9 9 10 7 4 7 5 10 1 1 10 5 4 7 7 6 3 7 1 5 7 7
split_gain=0.0462073 0.0322562 0.093575 0.0577778 0.119721 0.0540101 0.0465805 0.0379379 0.0323663 0.0521297 0.0379048 0.0374097 0.061876 0.0595578 0.0317256 0.046123 0.0344608 0.032127 0.0649687 0.123579 0.0484519 0.0285597 0.0338475 0.0280181 0.0571085 0.0915229 0.0623355 0.0931322 0.0501414 0.0442581
threshold=45510.500000000007 50065.500000000007 48417.750000000007 49992.375000000007 46272.000000000007 47311.875000000007 68.500000000000014 50541.000000000007 48456.750000000007 49270.500000000007 52278.875000000007 110351116.00000001 25990.000000000004 68013256.000000015 48312.000000000007 48067.750000000007 75.500000000000014 71.500000000000014 43498.750000000007 42806.500000000007 33578.000000000007 31168961.000000004 45536000.000000007 32390.333007812504 26550.000000000004 13564372.500000002 66.500000000000014 30187.500000000004 2179008.8750000005 4252074.7500000009
decision_type=2 2 2 2 2 2 2 2 2 2 2 2 2 2 2 2 2 2 2 2 2 2 2 2 2 2 2 2 2 2
left_child=14 2 5 4 -3 6 -2 -5 11 -10 -11 13 -13 21 16 -16 17 18 19 20 23 -9 -23 24 25 28 -26 -28 -1 -30
right_child=1 3 -4 7 -6 -7 -8 8 9 10 -12 12 -14 -15 15 -17 -18 -19 -20 -21 -22 22 -24 -25 26 -27 27 -29 29 -31
leaf_value=0.0018803108232812241 0.0018682389317647272 -0.00062670484596096421 -0.0070578078345323982 -0.0034692426486050382 0.008840660945597021 0.002857556287199259 -0.0035207450865407672 0.0034931145465144746 -0.0040204552494521656 0.0033977037854492666 -0.00017342892590781057 0.0030074769926543995 -0.0033945750031206343 0.0059871755496715201 0.0059119251246253649 -0.00025634622354780073 -0.0016852429614832194 0.0018220727446240524 -0.0037270398621724269 0.0055514409190357619 -0.0039214812219142917 -0.003390563455531779 0.0019250095933675767 0.0021396851032969189 0.00047996937517180211 0.0067372196204960356 -0.0092761351460857056 -0.0012390468720063245 -0.0042896048878045641 0.00042606425801447288
leaf_weight=91 23 34 26 34 22 35 53 26 35 30 3211 26 36 32 27 22 65 193 37 46 28 23 25 74 72 25 21 46 34 48
leaf_count=91 23 34 26 34 22 35 53 26 35 30 3211 26 36 32 27 22 65 193 37 46 28 23 25 74 72 25 21 46 34 48
internal_value=1.93605e-12 -0.000152277 -0.0016578 -9.39135e-05 0.00309262 -0.000392933 -0.00188987 -0.00014522 -0.000112405 -0.000181827 -0.000140373 0.00124132 -0.000709844 0.00238257 0.000674317 0.0031425 0.000519265 0.000719674 0.000312083 0.000620222 0.000103511 0.000823828 -0.000622036 0.00037772 -9.18073e-06 0.00108153 -0.00156286 -0.00375813 0.000264236 -0.00152921
internal_weight=4500 3671 137 3534 56 111 76 3478 3444 3276 3241 168 62 106 829 49 780 715 522 485 439 74 48 411 337 198 139 67 173 82
internal_count=4500 3671 137 3534 56 111 76 3478 3444 3276 3241 168 62 106 829 49 780 715 522 485 439 74 48 411 337 198 139 67 173 82
is_linear=0
shrinkage=0.1


Tree=34
num_leaves=31
num_cat=0
split_feature=9 5 5 7 3 4 9 9 10 9 7 8 7 1 10 10 9 7 9 1 10 1 9 6 8 8 9 10 5 8
split_gain=0.0385761 0.028802 0.0582474 0.0245425 0.0326843 0.0286781 0.0244109 0.0340165 0.0316738 0.0972094 0.0235232 0.0445763 0.023198 0.0215309 0.0409029 0.0496828 0.0378966 0.030328 0.0743112 0.0429027 0.0281286 0.0234599 0.0256714 0.0474897 0.029969 0.0277251 0.0387271 0.0217685 0.0459952 0.0332801
threshold=61403.000000000007 71661.500000000015 70319.000000000015 48649700.000000007 67876.000000000015 42980.500000000007 60671.250000000007 59259.250000000007 72449.750000000015 54616.750000000007 42990726.000000007 68667.750000000015 131676972.00000001 69.500000000000014 75872.250000000015 81051.875000000015 62553.750000000007 232878312.00000003 74192.750000000015 70.500000000000014 86098.375000000015 77.500000000000014 65731.750000000015 72922.835937500015 72369.000000000015 59477.875000000007 69565.750000000015 99441.000000000015 97576.500000000015 81343.125000000015
decision_type=2 2 2 2 2 2 2 2 2 2 2 2 2 2 2 2 2 2 2 2 2 2 2 2 2 2 2 2 2 2
left_child=1 2 12 10 -5 -6 7 8 9 -3 -2 -12 -1 14 -7 -16 -15 19 -19 20 -18 22 -21 25 -25 -24 -27 28 -26 -30
right_child=3 6 -4 4 5 13 -8 -9 -10 -11 11 -13 -14 16 15 -17 17 18 -20 21 -22 -23 23 24 27 26 -28 -29 29 -31
leaf_value=0.00019683802048384987 -0.00048182120357657173 -0.00098511411611420618 -0.0048979381184008994 0.0033563948196262635 -0.0022503133479144059 -0.0040475069841880715 -0.0013750668056309225 0.0061407238198444257 -0.00090713646732183413 0.0080467371653701932 -0.0051494254963472489 -0.00033104179504637923 0.0017524628368918646 0.0046619004104286434 0.0032567036905675195 -0.00068588799208794775 1.2473666477793209e-05 0.0071823550760746011 0.00065398269336369328 -0.0029457628392265179 0.0045725182014247105 -0.0033412000015378002 -0.00036955945193767548 -0.0019340749069035842 -0.0004074730845305193 0.0058482719808094332 0.00096759910528497722 -0.00084216845478268646 0.0059786829613149165 0.00050583047792315491
leaf_weight=1884 1090 26 22 29 56 31 20 20 32 22 32 48 101 20 36 285 24 20 136 32 31 25 35 109 85 29 37 138 25 20
leaf_count=1884 1090 26 22 29 56 31 20 20 32 22 32 48 101 20 36 285 24 20 136 32 31 25 35 109 85 29 37 138 25 20
internal_value=-4.42265e-12 0.000309256 0.000219276 -0.000277196 3.99582e-05 -4.1964e-05 0.00181417 0.00245201 0.00152984 0.00315448 -0.000603296 -0.0022584 0.000275991 6.8651e-05 -0.00057872 -0.000243728 0.000366137 0.00025097 0.00149095 -7.68906e-05 0.00258268 -0.000350304 -0.000203692 -2.01223e-05 -0.000536034 0.00190561 0.00311214 3.25717e-05 0.000961142 0.0035463
internal_weight=4500 2127 2007 2373 1203 1174 120 100 80 48 1170 80 1985 1118 352 321 766 746 156 590 55 535 510 478 377 101 66 268 130 45
internal_count=4500 2127 2007 2373 1203 1174 120 100 80 48 1170 80 1985 1118 352 321 766 746 156 590 55 535 510 478 377 101 66 268 130 45
is_linear=0
shrinkage=0.1


Tree=35
num_leaves=31
num_cat=0
split_feature=3 8 5 9 5 5 1 8 9 4 4 5 10 3 10 10 4 1 9 7 7 6 1 4 8 4 6 7 1 3
split_gain=0.0345707 0.0279487 0.041943 0.0653739 0.0589745 0.0541467 0.0362186 0.0344768 0.065668 0.0534988 0.0524534 0.0273695 0.0759566 0.0457203 0.0521319 0.0437829 0.0404612 0.0377163 0.0269473 0.0250359 0.0831834 0.0820608 0.0357284 0.0284181 0.0227839 0.0595279 0.0507041 0.044153 0.0222123 0.0479894
threshold=45510.500000000007 43844.375000000007 49055.000000000007 41607.500000000007 44119.000000000007 45850.000000000007 71.500000000000014 38615.375000000007 38964.250000000007 33578.000000000007 32046.500000000004 50065.500000000007 48417.750000000007 49522.000000000007 49992.375000000007 47311.875000000007 46488.500000000007 68.500000000000014 42615.000000000007 171140208.00000003 183149632.00000003 75646.167968750015 52.500000000000007 88036.000000000015 30312.000000000004 27836.000000000004 33574.000000000007 14155435.000000002 71.500000000000014 26550.000000000004
decision_type=2 2 2 2 2 2 2 2 2 2 2 2 2 2 2 2 2 2 2 2 2 2 2 2 2 2 2 2 2 2
left_child=1 2 3 4 7 18 -6 8 9 10 24 12 15 14 -13 17 -16 -2 -5 22 21 -21 -15 -24 25 28 -26 -28 29 -1
right_child=11 -3 -4 5 6 -7 -8 -9 -10 -11 -12 13 -14 19 16 -17 -18 -19 -20 20 -22 -23 23 -25 26 -27 27 -29 -30 -31
leaf_value=0.00097610042036103551 0.0016549675158508447 0.004099906701594591 0.0042900098649884706 -0.002708706222585447 0.0015443261568273965 -0.0054773495850068609 0.0068581166469653988 -0.0033246659828970828 0.0061752838548272855 -0.0040863528847694397 0.0046955735904389423 0.0067672013072296979 -0.0063836771959009083 -0.0030373443311287299 -0.0026165887641365687 0.002547672202012369 0.0031470400184906763 -0.0031942247098997096 0.0022459125024792944 0.0087852491106352095 0.00010189847523398731 0.00058521956671029327 -0.00010992740284060321 -0.0013098057363829423 -0.0050444633622343344 0.0059650968791902419 -0.0026318346172751438 0.0023190301929622197 0.0017004401338371366 -0.0014694616192458337
leaf_weight=200 23 22 28 21 29 33 23 24 20 26 29 20 26 45 21 35 29 53 23 23 464 26 2693 213 24 20 31 43 99 134
leaf_count=200 23 22 28 21 29 33 23 24 20 26 29 20 26 45 21 35 29 53 23 23 464 26 2693 213 24 20 31 43 99 134
internal_value=-3.39561e-12 0.000583261 0.000487392 0.000350712 0.000654109 -0.00241532 0.00389466 0.000394865 0.000537467 0.0003514 0.000550334 -0.000131714 -0.00151852 -7.79532e-05 0.00245228 -0.000378929 0.000726316 -0.00172671 -0.000118792 -0.000129084 0.000515706 0.00443421 -0.000241174 -0.000197874 0.000332163 0.000631253 -0.00105036 0.000245019 0.000384886 -5.05321e-06
internal_weight=4500 829 807 779 702 77 52 650 626 606 580 3671 137 3534 70 111 50 76 44 3464 513 49 2951 2906 551 453 98 74 433 334
internal_count=4500 829 807 779 702 77 52 650 626 606 580 3671 137 3534 70 111 50 76 44 3464 513 49 2951 2906 551 453 98 74 433 334
is_linear=0
shrinkage=0.1


Tree=36
num_leaves=31
num_cat=0
split_feature=10 10 10 5 5 1 4 7 9 3 10 5 10 8 9 10 6 6 1 9 10 9 8 4 8 4 6 8 7 9
split_gain=0.02885 0.0894425 0.0826566 0.0640255 0.0369747 0.025177 0.0238525 0.0420305 0.039764 0.0235939 0.0748309 0.0280423 0.0424048 0.0307427 0.0398852 0.0273481 0.0294434 0.0466318 0.0667001 0.0400737 0.032701 0.0242463 0.0374842 0.0476845 0.0305662 0.0285498 0.0235705 0.0497694 0.0491153 0.0360189
threshold=48067.750000000007 47311.875000000007 46591.875000000007 50065.500000000007 48699.500000000007 52.500000000000007 25990.000000000004 199183000.00000003 41294.250000000007 46345.500000000007 49992.375000000007 51894.000000000007 52278.875000000007 38276.625000000007 46034.500000000007 52881.375000000007 48987.167968750007 51070.333984375007 70.500000000000014 50023.500000000007 54032.625000000007 51822.500000000007 47121.000000000007 38667.500000000007 48951.750000000007 46283.500000000007 53161.666015625007 51993.000000000007 24363815.000000004 54127.750000000007
decision_type=2 2 2 2 2 2 2 2 2 2 2 2 2 2 2 2 2 2 2 2 2 2 2 2 2 2 2 2 2 2
left_child=1 2 4 -2 5 -1 7 -5 -8 -10 -11 -12 -13 -14 -15 -16 -17 18 -18 -19 -21 25 23 -23 -24 -22 -26 28 -28 -29
right_child=3 -3 -4 6 -6 -7 8 -9 9 10 11 12 13 14 15 16 17 19 -20 20 21 22 24 -25 26 -27 27 29 -30 -31
leaf_value=0.0033321250529427617 -0.0042664729455183887 0.0053859359423060801 -0.0043921278647354083 0.0056234478633268737 0.0042889481708407408 0.00028101609778531195 -0.0043589425103908236 0.00015006792691952371 -0.0032185205064403513 0.0045959244537002895 -0.0028201757587100335 0.0025242249473746196 -0.0039505757912549943 0.0031524789884585787 -0.0035125979688018561 0.0028938239091075959 0.0012995201395824552 0.0036657793476479131 -0.0054007995014007278 0.0034676166577264668 -0.0047296396270394324 -0.0011481063744134231 -0.0024120921643528467 0.0047133396752178673 -0.0027493283268995583 0.00020970350808717991 0.0057784671410918238 -0.0042229340327056969 0.00086398514728873574 -0.00016030616163157404
leaf_weight=28 37 36 36 20 25 793 22 47 24 34 38 61 21 37 24 32 24 28 39 25 25 23 60 35 34 22 25 22 109 2714
leaf_count=28 37 36 36 20 25 793 22 47 24 34 38 61 21 37 24 32 24 28 39 25 25 23 60 35 34 22 25 22 109 2714
internal_value=-6.78895e-12 0.000500159 0.00030074 -0.000128181 0.000500436 0.000385073 -8.49892e-05 0.00178391 -0.000120992 -9.40139e-05 -7.21642e-05 -0.000118873 -8.83221e-05 -0.000136629 -0.000112196 -0.000149466 -0.000124376 -0.0001547 -0.0028483 -0.000100345 -0.000134428 -0.00016377 -0.000128717 0.00238897 -0.000177983 -0.00241761 -0.000131824 -0.000100815 0.00178087 -0.000192973
internal_weight=4500 918 882 3582 846 821 3545 67 3478 3456 3432 3398 3360 3299 3278 3241 3217 3185 63 3122 3094 3069 3022 58 2964 47 2904 2870 134 2736
internal_count=4500 918 882 3582 846 821 3545 67 3478 3456 3432 3398 3360 3299 3278 3241 3217 3185 63 3122 3094 3069 3022 58 2964 47 2904 2870 134 2736
is_linear=0
shrinkage=0.1


Tree=37
num_leaves=31
num_cat=0
split_feature=4 10 3 1 7 7 10 6 10 6 6 9 1 5 9 6 3 5 1 1 3 10 7 8 7 3 6 7 7 5
split_gain=0.0253811 0.0189244 0.0736748 0.0435225 0.0252333 0.0463897 0.0241013 0.0719441 0.0693739 0.0511849 0.0265453 0.0405292 0.02133 0.0318524 0.0207743 0.021801 0.0570608 0.0224904 0.0596352 0.024208 0.0711766 0.0630417 0.0601586 0.0536621 0.048144 0.0237235 0.0491059 0.0176115 0.0327397 0.0205462
threshold=83005.000000000015 43090.250000000007 42221.500000000007 71.500000000000014 46841152.000000007 35518240.000000007 41331.750000000007 38505.250000000007 39142.250000000007 35865.166015625007 34280.500000000007 32772.250000000007 52.500000000000007 67378.500000000015 30727.250000000004 8416.1665039062518 11837.500000000002 30992.000000000004 69.500000000000014 65.500000000000014 21708.000000000004 26783.000000000004 11629755.000000002 15001.000000000002 4825632.7500000009 16333.500000000002 21046.583007812504 793973.81250000012 2466178.2500000005 49055.000000000007
decision_type=2 2 2 2 2 2 2 2 2 2 2 2 2 2 2 2 2 2 2 2 2 2 2 2 2 2 2 2 2 2
left_child=1 2 4 -4 5 6 7 8 9 10 11 14 13 -3 15 -1 -17 19 -19 21 23 25 24 -21 -22 -18 -27 -14 -29 -30
right_child=-2 12 3 -5 -6 -7 -8 -9 -10 -11 -12 -13 27 -15 -16 16 17 18 -20 20 22 -23 -24 -25 -26 26 -28 28 29 -31
leaf_value=-0.001837262731148965 -0.00077205486428040472 -0.0051639740634709594 0.0072457986851222822 0.00098718526540324085 0.0023892103916016193 -0.0042148078597771628 -0.0024834395419262973 0.0060289192246273165 -0.003864902218517203 0.005349389740842439 -0.0024316901961962383 0.0042615013369531546 0.002652186803519726 -4.5267940168419197e-05 -0.0019660371302865987 0.0049092997369977335 0.0017854969018615873 -0.0011141493014292791 0.0049445032946426768 -0.0017941724589985353 -0.0037621836992911997 0.005735504935199226 -0.0077572345989756295 0.0047247554142294187 0.0023998576593363568 -0.0055028905614744874 0.0011450614994391801 -0.0016850687291440185 -0.00098869839094023514 0.00010782296919605071
leaf_weight=36 389 20 25 20 52 24 30 22 39 21 33 27 25 31 38 30 31 32 33 23 32 22 20 28 21 20 25 113 181 3057
leaf_count=36 389 20 25 20 52 24 30 22 39 21 33 27 25 31 38 30 31 32 33 23 32 22 20 28 21 20 25 113 181 3057
internal_value=4.19758e-12 7.30551e-05 0.000553304 0.00446419 0.000277889 9.08556e-05 0.000274401 0.000429626 0.000188561 0.000523487 0.000298777 0.000514341 -2.27985e-05 -0.0020526 0.000255585 0.00049474 0.000759573 0.000325804 0.00196178 -0.000153199 -0.00108154 0.00102143 -0.00308408 0.00178485 -0.00132062 -0.000343169 -0.00180958 7.86502e-06 -1.18628e-05 4.65288e-05
internal_weight=4500 4111 684 45 639 587 563 533 511 472 451 418 3427 51 391 353 317 287 65 222 124 98 73 51 53 76 45 3376 3351 3238
internal_count=4500 4111 684 45 639 587 563 533 511 472 451 418 3427 51 391 353 317 287 65 222 124 98 73 51 53 76 45 3376 3351 3238
is_linear=0
shrinkage=0.1


Tree=38
num_leaves=31
num_cat=0
split_feature=8 3 1 7 7 7 8 5 4 4 4 5 5 9 10 10 5 7 8 6 3 3 6 8 1 6 6 9 1 6
split_gain=0.0232353 0.0384121 0.0706473 0.0358739 0.0809466 0.042886 0.0291178 0.0484015 0.0255888 0.0399183 0.0395293 0.0294287 0.0218841 0.0595889 0.0211488 0.0735639 0.0428904 0.0232477 0.0665568 0.0472673 0.0189918 0.0488249 0.0218343 0.0384235 0.0369977 0.0164169 0.0203269 0.0335962 0.0362869 0.0456509
threshold=63628.375000000007 66407.000000000015 71.500000000000014 171140208.00000003 183149632.00000003 160966272.00000003 65764.250000000015 84271.000000000015 41441.500000000007 45985.500000000007 37171.000000000007 90366.000000000015 74841.000000000015 69565.750000000015 75872.250000000015 74461.375000000015 80995.000000000015 129704668.00000001 49377.250000000007 53442.417968750007 74000.500000000015 71280.500000000015 72544.832031250015 67203.625000000015 73.500000000000014 66681.917968750015 64400.500000000007 61599.500000000007 73.500000000000014 62846.417968750007
decision_type=2 2 2 2 2 2 2 2 2 2 2 2 2 2 2 2 2 2 2 2 2 2 2 2 2 2 2 2 2 2
left_child=3 2 -2 5 -5 14 7 -3 10 -10 -6 -11 -8 -14 15 17 -16 25 19 -19 21 -15 24 -24 -22 26 27 -1 29 -29
right_child=1 6 -4 4 8 -7 12 -9 9 11 -12 -13 13 20 16 -17 -18 18 -20 -21 22 -23 23 -25 -26 -27 -28 28 -30 -31
leaf_value=0.00016273455084886299 0.0066854776983911353 -0.00094339112705632078 -0.001014161160072455 0.007160177113043821 0.00064963721358169291 -0.0038144851631451665 -0.0016581375712474572 -0.0063712622923776515 0.0053585770468299208 -0.0016884904487856796 -0.0042329654470086098 0.0028192625132699811 0.0045039050087022281 -0.0013132110152475757 0.0043816610116182882 -0.005324917609803379 -0.0005709969852533605 0.002598308660806372 0.0064743082136952922 -0.0038680177746573466 -0.0044116907160390512 0.0040075246351105832 0.0038202032284892122 -0.00030111917549405589 0.00068835761677473785 -0.0025841217973957891 0.0014875855919268758 -0.00048125145511458754 0.00057836459451857385 -0.0042874194119639436
leaf_weight=1947 22 92 26 22 97 28 103 20 26 28 20 30 27 34 34 25 36 26 22 20 33 35 23 1375 25 23 101 69 73 58
leaf_count=1947 22 92 26 22 97 28 103 20 26 28 20 30 27 34 34 25 36 26 22 20 33 35 23 1375 25 23 101 69 73 58
internal_value=5.28881e-13 -0.000276377 0.00251484 0.000186825 0.00140136 7.68164e-05 -0.0003522 -0.00191265 0.000771038 0.00210266 -0.000184996 0.000643106 -0.000246598 -0.00015292 0.000121581 7.08574e-05 0.00183458 0.000128529 0.00195045 -0.000213138 -0.000235368 0.00138571 -0.000312192 -0.000233315 -0.00221339 7.3976e-05 0.000101172 3.59516e-05 -0.00119828 -0.0022195
internal_weight=4500 1815 48 2685 223 2462 1767 112 201 84 117 58 1655 1552 2434 2364 70 2339 68 46 1525 69 1456 1398 58 2271 2248 2147 200 127
internal_count=4500 1815 48 2685 223 2462 1767 112 201 84 117 58 1655 1552 2434 2364 70 2339 68 46 1525 69 1456 1398 58 2271 2248 2147 200 127
is_linear=0
shrinkage=0.1


Tree=39
num_leaves=31
num_cat=0
split_feature=9 6 10 5 10 8 8 4 8 4 6 8 6 1 4 7 3 5 10 5 3 1 7 7 1 7 7 9 1 5
split_gain=0.019457 0.037826 0.0656181 0.0565166 0.0848802 0.0359816 0.0396373 0.0398864 0.0382304 0.0390797 0.0260076 0.0209686 0.0334773 0.0367007 0.0243012 0.0188178 0.0394535 0.0324214 0.060987 0.0599415 0.021127 0.0435773 0.0290279 0.0313191 0.040478 0.0368693 0.0342693 0.019882 0.0175469 0.02271
threshold=36731.000000000007 38505.250000000007 41331.750000000007 43261.500000000007 43090.250000000007 34371.000000000007 33120.125000000007 30535.000000000004 31342.875000000004 27836.000000000004 37139.416015625007 34371.000000000007 41262.750000000007 70.500000000000014 25990.000000000004 46841152.000000007 35561.000000000007 34300.000000000007 31385.000000000004 30992.000000000004 26550.000000000004 67.500000000000014 13564372.500000002 2466178.2500000005 61.500000000000007 1440529.0000000002 4252074.7500000009 32119.000000000004 53.500000000000007 67378.500000000015
decision_type=2 2 2 2 2 2 2 2 2 2 2 2 2 2 2 2 2 2 2 2 2 2 2 2 2 2 2 2 2 2
left_child=5 10 -3 -4 -5 6 7 8 9 15 -2 -6 13 -13 -14 16 17 18 19 20 22 -22 23 25 -25 -1 -26 -17 29 -16
right_child=1 2 3 4 11 -7 -8 -9 -10 -11 -12 12 14 -15 28 27 -18 -19 -20 -21 21 -23 -24 24 26 -27 -28 -29 -30 -31
leaf_value=0.00031455248134517217 -0.00053514876337938525 0.0054097537194717337 -0.0052407752012922654 0.006301277524436869 0.0019200994019718982 0.0042459079027175909 -0.0033698234832155761 0.0046310041256694369 -0.0038041388172478903 0.0037251318015882537 -0.0041257486323286836 0.00037995798513293269 0.0029202782242834843 -0.005367273435927928 -0.0044428842408316474 0.0028621376871003535 -0.0038989081280305983 0.0041012460418555531 -0.0048082511939962084 0.0055826584553523434 0.00085786075435100593 -0.0041815413933363743 0.0037327028475701812 -0.0041298584952469799 -0.0023892664102216563 0.0047899556113407023 0.0020359431313062533 -0.00073448597474701032 -6.2944525204551859e-05 -0.00032558821053621739
leaf_weight=79 43 22 21 21 52 25 27 23 21 36 38 20 27 25 21 51 24 21 24 21 37 32 25 31 30 24 42 22 3578 37
leaf_count=79 43 22 21 21 52 25 27 23 21 36 38 20 27 25 21 51 24 21 24 21 37 32 25 31 30 24 42 22 3578 37
internal_value=3.77299e-12 -8.11671e-05 -3.58702e-05 -6.73809e-05 -3.86475e-05 0.000532702 0.000369842 0.000555792 0.000375542 0.000551441 -0.00221963 -7.40566e-05 -0.000102022 -0.00281295 -6.87184e-05 0.000304674 2.8856e-05 0.000286414 5.42072e-05 0.000417755 5.62123e-05 -0.00147925 0.000514858 0.000124343 -0.00110868 0.00135736 0.000192106 0.00177822 -9.09139e-05 -0.00181633
internal_weight=4500 3905 3824 3802 3781 595 570 543 520 499 81 3760 3708 45 3663 463 390 366 345 321 300 69 231 206 103 103 72 73 3636 58
internal_count=4500 3905 3824 3802 3781 595 570 543 520 499 81 3760 3708 45 3663 463 390 366 345 321 300 69 231 206 103 103 72 73 3636 58
is_linear=0
shrinkage=0.1


Tree=40
num_leaves=31
num_cat=0
split_feature=4 1 7 8 8 7 5 4 9 7 4 9 5 8 9 8 8 5 9 1 6 3 8 5 10 5 4 5 9 10
split_gain=0.0189259 0.0163587 0.0401415 0.0247656 0.046034 0.0343679 0.0463192 0.0344114 0.0292094 0.0228437 0.0218749 0.0172788 0.0384332 0.0333552 0.0331077 0.0229609 0.0291032 0.0958247 0.155861 0.0220853 0.0220829 0.0448939 0.0213587 0.0195941 0.115071 0.0278335 0.0398579 0.0226713 0.022307 0.0270305
threshold=86240.000000000015 76.500000000000014 11383967.500000002 46111.875000000007 41757.500000000007 68013256.000000015 61603.000000000007 58053.000000000007 84025.250000000015 6743284.7500000009 63768.000000000007 95614.750000000015 125196.00000000001 86474.875000000015 103280.25000000001 67203.625000000015 65896.000000000015 74841.000000000015 70712.250000000015 57.500000000000007 71489.085937500015 74000.500000000015 64960.250000000007 82630.500000000015 81303.750000000015 88508.500000000015 51664.500000000007 80995.000000000015 70712.250000000015 74291.625000000015
decision_type=2 2 2 2 2 2 2 2 2 2 2 2 2 2 2 2 2 2 2 2 2 2 2 2 2 2 2 2 2 2
left_child=1 11 9 4 -4 6 -5 -8 -7 -3 -9 15 13 -13 -15 16 22 -18 -19 -17 -21 -22 23 27 -25 -26 -27 28 29 -1
right_child=-2 2 3 5 -6 8 7 10 -10 -11 -12 12 -14 14 -16 19 17 18 -20 20 21 -23 -24 24 25 26 -28 -29 -30 -31
leaf_value=0.00021259774828414105 -0.00076190953810797329 -0.0013627266387144727 -0.00056407185640699911 -0.0036406272578807103 0.0056721772812306885 -0.0032085552501807651 0.0041645140249536123 -0.0025522917136549953 0.00047417661654904032 -0.0050859513161972602 0.0014224429697626169 0.005075909569859505 -0.001485175271637929 -0.00058595358758516938 0.0037284118621128391 -0.0024322054310080905 -0.0027752036642697125 0.011000507799061863 6.6492530459072446e-05 -0.0017234816578113371 0.002830854238942266 -0.00025715037779397247 -0.0016256414038630634 0.0073589142770148254 -0.0022765075460680433 -0.001075253628292366 0.0037147884504520334 -0.0027916743670805145 0.003422089737086069 -0.001613514178063183
leaf_weight=2315 304 45 29 21 20 62 33 20 33 26 45 29 39 46 29 48 27 22 32 90 50 806 65 26 37 38 32 26 21 84
leaf_count=2315 304 45 29 21 20 62 33 20 33 26 45 29 39 46 29 48 27 22 32 90 50 806 65 26 37 38 32 26 21 84
internal_value=3.21512e-12 5.52003e-05 -0.000616212 -4.66055e-05 0.00198134 -0.000510947 0.000621344 0.00153462 -0.00192929 -0.00272616 0.000199448 0.000113266 0.00119196 0.00219588 0.00108227 7.17896e-05 0.000221859 0.00208899 0.00452109 -0.000339617 -0.00023344 -7.67763e-05 0.000164658 0.00020978 0.00139184 -5.81045e-05 0.00111448 0.000145507 0.000177063 0.000148657
internal_weight=4500 4196 334 263 49 214 119 98 95 71 65 3862 143 104 75 3719 2725 81 54 994 946 856 2644 2579 133 107 70 2446 2420 2399
internal_count=4500 4196 334 263 49 214 119 98 95 71 65 3862 143 104 75 3719 2725 81 54 994 946 856 2644 2579 133 107 70 2446 2420 2399
is_linear=0
shrinkage=0.1


Tree=41
num_leaves=31
num_cat=0
split_feature=8 9 1 1 10 5 10 7 3 3 10 7 7 1 8 10 1 5 7 8 4 3 5 5 6 3 5 1 10 7
split_gain=0.0164776 0.0328792 0.0406306 0.0322604 0.0237674 0.0274889 0.0793145 0.0412936 0.021075 0.0208813 0.0303782 0.0198022 0.0740125 0.0200853 0.0192553 0.0498638 0.0222605 0.0184455 0.0176044 0.0273178 0.0258512 0.0165805 0.0747319 0.0512528 0.0881246 0.0506104 0.0408549 0.0842203 0.0298792 0.0362889
threshold=90060.125000000015 95614.750000000015 74.500000000000014 70.500000000000014 102245.50000000001 97576.500000000015 96238.875000000015 82326864.000000015 91860.500000000015 103102.50000000001 98442.500000000015 171140208.00000003 183149632.00000003 64.500000000000014 60644.625000000007 89970.750000000015 73.500000000000014 114605.00000000001 211328928.00000003 37446.500000000007 41441.500000000007 57739.500000000007 58598.500000000007 57063.500000000007 54578.332031250007 58612.500000000007 55403.500000000007 70.500000000000014 55625.875000000007 22002257.000000004
decision_type=2 2 2 2 2 2 2 2 2 2 2 2 2 2 2 2 2 2 2 2 2 2 2 2 2 2 2 2 2 2
left_child=1 4 3 -3 5 8 7 -7 11 10 -8 21 -13 -14 -10 -16 -17 -6 -15 -20 -21 23 -23 26 28 -24 -1 -28 -25 -30
right_child=-2 2 -4 -5 17 6 9 -9 14 -11 -12 12 13 18 15 16 -18 -19 19 20 -22 22 25 24 -26 -27 27 -29 29 -31
leaf_value=0.00018370555391876453 -0.00063557877047497899 0.001317784801789525 -0.0016290724114514888 0.0063566496304702019 -0.0023303773742453715 0.0013511089095845819 0.00086139444110178674 0.0073461660641004102 0.001761943877208978 0.0019353993806160161 -0.0030191953257216438 0.0057881776438859691 0.0029205329580387724 0.001650101812495115 -0.0061726758955046538 -0.0016767582105886606 0.0013412461629403489 0.00092256520064952583 0.0013061334097169731 -0.0038391283367181549 1.0613232117259143e-05 -0.0051463291883313417 0.0045461489920220945 0.0070209406139650227 -2.9014929839154231e-05 -0.00017273290345556908 0.0024317707899691805 -0.0042465101572251402 0.00015844555328721585 0.0059827231382951138
leaf_weight=1207 374 27 20 24 72 20 43 27 20 36 38 28 24 38 20 81 35 23 38 37 33 30 23 29 102 1922 28 58 23 20
leaf_count=1207 374 27 20 24 72 20 43 27 20 36 38 28 24 38 20 81 35 23 38 37 33 30 23 29 102 1922 28 58 23 20
internal_value=8.84676e-13 5.76118e-05 0.00219096 0.00368902 2.02585e-05 5.77566e-05 0.00132533 0.00479508 2.99334e-06 -6.8505e-05 -0.000959129 5.17723e-05 0.00102425 0.000239601 -0.00113518 -0.00156123 -0.000766153 -0.00154282 -0.0002011 -0.000852449 -0.00202425 -4.1691e-06 -0.000193327 0.000250492 0.00186176 -0.000116931 3.36617e-05 -0.00207219 0.00454036 0.00286741
internal_weight=4500 4126 71 51 4055 3960 164 47 3796 117 81 3640 198 170 156 136 116 95 146 108 70 3442 1975 1467 174 1945 1293 86 72 43
internal_count=4500 4126 71 51 4055 3960 164 47 3796 117 81 3640 198 170 156 136 116 95 146 108 70 3442 1975 1467 174 1945 1293 86 72 43
is_linear=0
shrinkage=0.1


Tree=42
num_leaves=31
num_cat=0
split_feature=10 10 10 5 7 7 7 7 3 6 4 9 7 1 1 7 4 3 1 7 9 4 3 3 5 1 10 7 4 1
split_gain=0.0142999 0.0763759 0.0622776 0.0530735 0.0274232 0.0628873 0.0790433 0.0390645 0.067632 0.0574873 0.0522444 0.0739561 0.0370425 0.0361839 0.0554207 0.0536265 0.0442962 0.0735667 0.0426577 0.0359049 0.0368577 0.0332374 0.0394363 0.0407453 0.0514191 0.048427 0.0320932 0.0263577 0.0355793 0.0204568
threshold=48067.750000000007 47311.875000000007 46591.875000000007 50065.500000000007 7115238.5000000009 9950421.5000000019 8670163.0000000019 14155435.000000002 40345.500000000007 34280.500000000007 34013.500000000007 41607.500000000007 3338100.7500000005 62.500000000000007 68.500000000000014 955150.34375000012 11977.000000000002 27314.000000000004 73.500000000000014 19357860.000000004 34227.750000000007 8443.5000000000018 41220.000000000007 37932.000000000007 37409.500000000007 68.500000000000014 42701.500000000007 615970.75000000012 11977.000000000002 68.500000000000014
decision_type=2 2 2 2 2 2 2 2 2 2 2 2 2 2 2 2 2 2 2 2 2 2 2 2 2 2 2 2 2 2
left_child=1 2 4 -2 12 6 -6 8 9 -7 11 19 13 27 16 -16 -15 -18 -17 20 -9 -21 23 24 25 -23 -24 -1 -29 -14
right_child=3 -3 -4 -5 5 7 -8 10 -10 -11 -12 -13 29 14 15 18 17 -19 -20 21 -22 22 26 -25 -26 -27 -28 28 -30 -31
leaf_value=-0.00033829882000149651 -0.0038580046148618333 0.0048669444680045776 -0.0039056304247222016 -5.0919115401561277e-05 0.00040655832135063762 -0.0011177370008954312 0.0073883827417082484 0.0012437491637683708 0.0025238094759045234 -0.0075789058259466587 0.0052961685396730905 -0.0050421867133329879 -0.0027905266880920597 -0.0061251426877623263 -0.0030281744365181244 0.0045713714810765608 0.0037139004578680863 -0.0042439052656006353 -0.00082166111943396663 0.0037795981172866265 0.0067161265411414209 -0.0045342842863615729 0.0046091437841264101 -0.0042114545847653064 0.0038984436250757426 0.001066949995672048 0.00024684924089039367 0.00092498543007033223 0.0066181190028462723 -0.00045735683580417009
leaf_weight=22 37 36 36 3545 34 40 31 32 29 21 25 22 68 22 21 44 21 26 22 26 20 29 26 32 24 33 48 21 23 84
leaf_count=22 37 36 36 3545 34 40 31 32 29 21 25 22 68 22 21 44 21 26 22 26 20 29 26 32 24 33 48 21 23 84
internal_value=-2.74789e-13 0.000352129 0.000167851 -9.02441e-05 0.00034119 0.000847993 0.00373635 0.000386707 -0.00145196 -0.00334207 0.000908725 0.000533088 -0.000298411 0.000525082 -0.000305325 0.00137324 -0.00242178 -0.00068829 0.00277369 0.000987369 0.00334851 0.000424162 -3.02203e-05 -0.00116516 -3.1654e-05 -0.00155298 0.00177955 0.00248786 0.00390094 -0.00150114
internal_weight=4500 918 882 3582 846 472 65 407 90 61 317 292 374 222 156 87 69 47 66 270 52 218 192 118 86 62 74 66 44 152
internal_count=4500 918 882 3582 846 472 65 407 90 61 317 292 374 222 156 87 69 47 66 270 52 218 192 118 86 62 74 66 44 152
is_linear=0
shrinkage=0.1


Tree=43
num_leaves=31
num_cat=0
split_feature=1 3 4 6 3 1 6 4 4 8 1 4 4 5 6 10 7 3 10 10 9 6 10 5 10 8 3 10 8 4
split_gain=0.0131729 0.0166809 0.0436964 0.0335529 0.0331134 0.0273714 0.0238689 0.0146318 0.0299345 0.0226756 0.0128839 0.0124068 0.0163037 0.0199723 0.0256484 0.047736 0.0385313 0.0365925 0.0309584 0.0291814 0.0241604 0.0506312 0.0494033 0.0429309 0.0654058 0.0337023 0.033615 0.0292012 0.0168771 0.0355689
threshold=47.500000000000007 20340.500000000004 14545.500000000002 21046.583007812504 15110.000000000002 66.500000000000014 11882.583496093752 16778.000000000004 10987.500000000002 22651.625000000004 59.500000000000007 18883.500000000004 20368.500000000004 28621.000000000004 29512.166992187504 33028.500000000007 11629755.000000002 34933.000000000007 36577.875000000007 34656.000000000007 36731.000000000007 38505.250000000007 41331.750000000007 43261.500000000007 43090.250000000007 33541.000000000007 41220.000000000007 40833.375000000007 40748.250000000007 29630.500000000004
decision_type=2 2 2 2 2 2 2 2 2 2 2 2 2 2 2 2 2 2 2 2 2 2 2 2 2 2 2 2 2 2
left_child=-1 2 4 -3 5 6 10 8 -5 -10 -2 -9 -13 -14 16 -16 -15 19 -19 -17 25 27 -23 -24 -25 26 -20 -22 -26 -30
right_child=1 3 -4 7 -6 -7 -8 11 9 -11 -12 12 13 14 15 17 -18 18 20 -21 21 22 23 24 28 -27 -28 -29 29 -31
leaf_value=-0.0021244068080077654 0.0028009228746999396 -0.0031992685035661314 0.0049557502497918904 -0.0010677073692806579 -0.002541156216560217 -0.0010550316695922188 0.0051874056081509315 -0.0017752999233198352 0.0006270637339912356 0.0052310570689809068 -0.00062144701792435223 0.0022082050683710614 -0.0023053842682489441 0.0039399747829287294 -0.0044800024954990171 -0.00052647935171123777 -0.001152620756571802 -0.0030938414885013396 -0.0019715850567445163 0.004118436483641792 -0.0051436702610226353 0.0047152914784171366 -0.0045461128643226063 0.005553114307223864 -0.00089504369765788013 0.0050128775691105562 0.0025901314988732338 -0.00073147244596232972 0.0041130669991530124 -1.4895039016268241e-05
leaf_weight=29 22 33 24 29 31 35 21 40 20 23 22 33 38 39 24 21 24 33 30 38 30 22 21 21 219 22 35 30 21 3470
leaf_count=29 22 33 24 29 31 35 21 40 20 23 22 33 38 39 24 21 24 33 30 38 30 22 21 21 219 22 35 30 21 3470
internal_value=1.14751e-12 1.37794e-05 0.00103303 -2.28249e-05 0.000314367 0.00119958 0.0024136 1.64922e-06 0.00141517 0.00308966 0.00108974 -2.25192e-05 -5.71001e-06 -2.33657e-05 -2.21527e-06 -3.34602e-05 0.00199994 -6.86735e-06 -4.3754e-05 0.00246516 -1.80838e-05 -5.54765e-05 -9.6562e-06 -3.73611e-05 -1.19835e-05 0.00162977 0.000484724 -0.00293757 -4.34841e-05 9.93659e-06
internal_weight=4500 4471 155 4316 131 100 65 4283 72 43 44 4211 4171 4138 4100 4037 63 4013 3954 59 3921 3834 3774 3752 3731 87 65 60 3710 3491
internal_count=4500 4471 155 4316 131 100 65 4283 72 43 44 4211 4171 4138 4100 4037 63 4013 3954 59 3921 3834 3774 3752 3731 87 65 60 3710 3491
is_linear=0
shrinkage=0.1


Tree=44
num_leaves=31
num_cat=0
split_feature=8 9 1 1 10 5 10 7 1 1 3 4 10 3 7 7 7 7 7 9 8 7 9 9 4 4 8 10 1 4
split_gain=0.0130415 0.0268316 0.0329108 0.026131 0.0190522 0.0225063 0.0643769 0.0334882 0.0171186 0.0172978 0.0170182 0.0299868 0.0210401 0.0168228 0.0158375 0.0247715 0.0185149 0.0257642 0.0305398 0.0319548 0.0486289 0.0255505 0.0245989 0.0193345 0.017311 0.0358187 0.0158219 0.0403306 0.0180987 0.0143965
threshold=90060.125000000015 95614.750000000015 74.500000000000014 70.500000000000014 102245.50000000001 97576.500000000015 96238.875000000015 82326864.000000015 71.500000000000014 74.500000000000014 103102.50000000001 71631.000000000015 98442.500000000015 91860.500000000015 131676972.00000001 125393696.00000001 211328928.00000003 171140208.00000003 155853448.00000003 66707.750000000015 46733.750000000007 183149632.00000003 51281.750000000007 59259.250000000007 41441.500000000007 31305.500000000004 60644.625000000007 89970.750000000015 73.500000000000014 38448.500000000007
decision_type=2 2 2 2 2 2 2 2 2 2 2 2 2 2 2 2 2 2 2 2 2 2 2 2 2 2 2 2 2 2
left_child=1 4 3 -3 5 13 7 -7 -6 -10 11 -8 -13 14 15 -1 17 18 19 20 -16 -19 -18 -20 25 -24 -15 -28 -29 -23
right_child=-2 2 -4 -5 8 6 10 -9 9 -11 -12 12 -14 26 16 -17 22 21 23 -21 -22 29 24 -25 -26 -27 27 28 -30 -31
leaf_value=7.5333191929063326e-06 -0.00056543946941632205 0.0011925876386360162 -0.0014595837425440551 0.005727566216470829 -0.0027969396466182338 0.0012225795211270453 -0.0033704211097210649 0.0066213907251410466 0.0017515139654278756 -0.0019684674951713534 0.0017513652823658453 0.002528939499623246 -0.001540372877692183 0.001610797781031579 -0.00016216156252015098 -0.0026300258520374582 0.001831081390111266 0.0051415501727855636 -0.0038716715341433881 -0.0012390037335885259 0.0057465660649662215 -0.00062324661273686661 -2.7864727263267223e-05 4.6733744880732373e-05 0.00038280537150598863 -0.0055806058043214894 -0.0055488268821500247 -0.0015075972056545226 0.0012137030331151827 0.0028678099736916245
leaf_weight=3270 374 27 20 24 45 20 30 27 25 25 36 27 24 20 26 36 38 28 20 26 30 21 26 34 37 21 20 81 35 27
leaf_count=3270 374 27 20 24 45 20 30 27 25 25 36 27 24 20 26 36 38 28 20 26 30 21 26 34 37 21 20 81 35 27
internal_value=6.10544e-12 5.12541e-05 0.00197845 0.0033267 1.75104e-05 5.10835e-05 0.00119804 0.00432402 -0.00138196 -0.000108477 -5.77014e-05 -0.000861731 0.000613969 1.53126e-06 4.51124e-05 -2.11878e-05 0.000701365 0.00126617 0.000442075 0.00165813 0.00300323 0.00274087 -0.000280101 -0.00140453 -0.00123516 -0.00250888 -0.00101536 -0.00140156 -0.000686515 0.00134047
internal_weight=4500 4126 71 51 4055 3960 164 47 95 50 117 81 51 3796 3640 3306 334 212 136 82 56 76 122 54 84 47 156 136 116 48
internal_count=4500 4126 71 51 4055 3960 164 47 95 50 117 81 51 3796 3640 3306 334 212 136 82 56 76 122 54 84 47 156 136 116 48
is_linear=0
shrinkage=0.1


Tree=45
num_leaves=31
num_cat=0
split_feature=1 7 8 8 7 5 4 3 10 7 4 8 3 5 7 10 8 10 5 1 1 6 4 8 4 9 7 3 1 10
split_gain=0.0130562 0.0285399 0.0211722 0.0372048 0.0281572 0.0358495 0.0295987 0.021691 0.0199104 0.0188601 0.0155356 0.0143105 0.0136107 0.0542159 0.0471791 0.0364282 0.0466604 0.035208 0.0301726 0.0283184 0.0628341 0.039968 0.0395003 0.0262344 0.0520338 0.023834 0.0235042 0.0222308 0.0279644 0.068429
threshold=76.500000000000014 11383967.500000002 46111.875000000007 41757.500000000007 68013256.000000015 61603.000000000007 58053.000000000007 86302.000000000015 96238.875000000015 6743284.7500000009 63768.000000000007 85416.125000000015 58910.500000000007 57063.500000000007 3240105.6250000005 48067.750000000007 44092.125000000007 55005.750000000007 49672.500000000007 65.500000000000014 61.500000000000007 59813.417968750007 44694.500000000007 51487.500000000007 51857.500000000007 44486.500000000007 76385452.000000015 46345.500000000007 71.500000000000014 51886.375000000007
decision_type=2 2 2 2 2 2 2 2 2 2 2 2 2 2 2 2 2 2 2 2 2 2 2 2 2 2 2 2 2 2
left_child=12 9 3 -3 5 -4 -7 -6 -9 -2 -8 -12 13 15 -15 16 25 -16 -17 20 -19 22 -21 -24 -25 -1 -14 -20 29 -29
right_child=1 2 4 -5 7 6 10 8 -10 -11 11 -13 26 14 17 18 -18 19 27 21 -22 -23 23 24 -26 -27 -28 28 -30 -31
leaf_value=0.00037430262721509016 -0.0011379795997507043 -0.00053216079892269498 -0.0032914036086627418 0.005074235625797883 -0.0035399940064696524 0.0037128309140715635 -0.002273961193859577 0.0014680242976518694 -0.0021243160111933121 -0.0045210250563776262 0.0023599758864410463 -0.001070990297012031 -0.00031782533120931918 -0.0029325291886925699 0.0060349015397064033 -0.0040287621267553839 0.0048237236317895029 0.00022117450966366699 -0.0036257074881260371 0.0033183471249436992 0.0080530374799855069 0.0046266617349689258 -0.0036037239401290814 0.003321050188969821 -0.0023544603360018562 -0.0021556256640439804 0.00029246372467205931 0.0028435817862759592 -0.0012956675907064763 -0.0013306623889023767
leaf_weight=824 45 29 21 20 41 33 20 27 36 26 31 20 1655 20 21 27 23 21 22 32 20 26 24 30 35 39 1020 73 154 85
leaf_count=824 45 29 21 20 41 33 20 27 36 26 31 20 1655 20 21 27 23 21 22 32 20 26 24 30 35 39 1020 73 154 85
internal_value=7.34634e-13 -0.000587444 -0.00013044 0.00175616 -0.000534124 0.000477313 0.0012383 -0.00174979 -0.000584742 -0.00237684 8.81722e-05 0.0010145 4.939e-05 0.000293161 0.00170744 3.34417e-05 0.000378444 0.00215146 -0.000813296 0.00171767 0.0040416 0.0010695 0.00030515 -0.000778247 0.000265006 0.000259972 -8.5117e-05 -0.000553363 -0.000336723 0.000597944
internal_weight=4500 349 278 49 229 125 104 104 63 71 71 51 4151 1476 229 1247 886 209 361 188 41 147 121 89 65 863 2675 334 312 158
internal_count=4500 349 278 49 229 125 104 104 63 71 71 51 4151 1476 229 1247 886 209 361 188 41 147 121 89 65 863 2675 334 312 158
is_linear=0
shrinkage=0.1


Tree=46
num_leaves=31
num_cat=0
split_feature=1 3 6 1 1 1 5 3 9 4 4 10 3 5 5 10 6 6 9 8 8 3 5 7 8 9 10 4 4 6
split_gain=0.0109563 0.0128313 0.0330895 0.011724 0.0125708 0.0147832 0.0114099 0.0487417 0.0157496 0.0382984 0.00938086 0.0104001 0.0306206 0.0225653 0.0129641 0.0689321 0.0335327 0.0525505 0.0197431 0.016321 0.0153465 0.0121196 0.0271987 0.0149087 0.022705 0.0162055 0.01533 0.0117996 0.0540705 0.0320947
threshold=47.500000000000007 11837.500000000002 8416.1665039062518 51.500000000000007 53.500000000000007 54.500000000000007 23485.500000000004 23214.500000000004 16567.000000000004 10987.500000000002 81328.500000000015 115946.62500000001 111707.50000000001 130110.00000000001 97576.500000000015 95187.125000000015 84073.667968750015 87507.750000000015 95614.750000000015 79281.000000000015 88008.125000000015 91860.500000000015 93282.000000000015 72938196.000000015 60644.625000000007 86043.250000000015 90925.875000000015 67355.500000000015 66611.500000000015 74453.582031250015
decision_type=2 2 2 2 2 2 2 2 2 2 2 2 2 2 2 2 2 2 2 2 2 2 2 2 2 2 2 2 2 2
left_child=-1 2 -2 -3 -5 -6 8 -8 9 -7 11 12 14 -13 21 -16 -17 -18 19 -19 -20 22 27 25 -25 -23 -26 28 -9 -29
right_child=1 3 -4 4 5 6 7 10 -10 -11 -12 13 -14 -15 15 16 17 18 20 -21 -22 23 -24 24 26 -27 -28 29 -30 -31
leaf_value=-0.0019374469612275476 -0.00088391619938192893 0.0018697885785844517 0.0036291321510251496 -0.0020972734895245786 0.0025201960466802124 -0.0027097611217759554 0.0039522055427603908 1.615336289947172e-05 -0.0026832502338373543 0.0028828287341942389 -0.0004612370652058935 0.0037528091125473709 -0.0027825523430529318 -0.00054718847028337994 0.0056111414451152086 -0.0030061140323282575 0.0042581159803155586 -0.0031791743710637096 0.0034437921501442115 -0.00020812327619379673 -0.00029135582629929893 0.0026173901655489489 0.0031856296618503555 0.0014028381183743477 -0.0046835325436577913 -0.0012663030785254458 -0.0015229181917547658 -0.0025713166105560958 0.0038131702642299628 -0.00010388949667929008
leaf_weight=29 32 33 33 29 23 25 31 2872 38 24 446 23 39 26 26 29 33 25 22 71 22 21 27 20 21 22 57 64 38 299
leaf_count=29 32 33 33 29 23 25 31 2872 38 24 446 23 39 26 26 29 33 25 22 71 22 21 27 20 21 22 57 64 38 299
internal_value=5.96467e-13 1.25668e-05 0.00140732 -8.00955e-06 -2.218e-05 -8.32693e-06 -2.17859e-05 1.50755e-06 -0.0011554 2.94666e-05 -2.76315e-05 2.38425e-05 4.71646e-06 0.00147118 3.4344e-05 0.000764595 0.000140782 0.000668297 -0.000177875 -0.000981834 0.00157622 -1.40423e-05 2.47508e-05 -0.000921966 -0.0016031 0.000630384 -0.00237385 -1.32426e-06 6.57364e-05 -0.000538918
internal_weight=4500 4471 65 4406 4373 4344 4321 4234 87 49 4203 3757 3708 49 3669 228 202 173 140 96 44 3441 3300 141 98 43 78 3273 2910 363
internal_count=4500 4471 65 4406 4373 4344 4321 4234 87 49 4203 3757 3708 49 3669 228 202 173 140 96 44 3441 3300 141 98 43 78 3273 2910 363
is_linear=0
shrinkage=0.1


Tree=47
num_leaves=31
num_cat=0
split_feature=1 7 7 3 5 7 7 6 4 1 5 5 4 1 10 3 8 10 6 3 4 7 4 6 7 7 8 7 3 5
split_gain=0.0106224 0.0228832 0.0187722 0.0189151 0.0427996 0.015355 0.01399 0.0151918 0.0133974 0.0121108 0.0424828 0.087883 0.0827796 0.0470561 0.0795588 0.0580591 0.0413715 0.0357583 0.0732367 0.0509928 0.0436819 0.0319256 0.0355668 0.0487456 0.0422318 0.0336547 0.0309346 0.07758 0.0343418 0.0301075
threshold=76.500000000000014 11383967.500000002 20396700.000000004 59109.500000000007 64243.000000000007 6743284.7500000009 96665480.000000015 83420.664062500015 58053.000000000007 69.500000000000014 33765.000000000007 30992.000000000004 20368.500000000004 70.500000000000014 35507.750000000007 37286.500000000007 18562.000000000004 58076.500000000007 46618.417968750007 44201.500000000007 53858.000000000007 53092692.000000007 38987.500000000007 72922.835937500015 77871968.000000015 50083886.000000007 73554.750000000015 76385452.000000015 67876.000000000015 97576.500000000015
decision_type=2 2 2 2 2 2 2 2 2 2 2 2 2 2 2 2 2 2 2 2 2 2 2 2 2 2 2 2 2 2
left_child=9 5 -3 -4 -5 -2 7 8 -6 -1 11 12 16 17 -15 -16 -11 18 19 -12 -19 25 24 -24 -23 -17 27 28 -22 -25
right_child=1 2 3 4 6 -7 -8 -9 -10 10 13 -13 -14 14 15 21 -18 20 -20 -21 26 22 23 29 -26 -27 -28 -29 -30 -31
leaf_value=-0.00016064904123950537 -0.0010143210635417039 0.0018003763782596866 -0.0025815000304848785 0.0040691890182312238 0.0012004932630117293 -0.0040668550036990873 -0.0015537300207427737 0.0023398083411157134 -0.0016546500048467091 0.00020719249888012808 0.0036975686955783103 0.0067204832852197196 -0.0040173800994775131 -0.0050092663455870937 0.0044583384140298287 -0.00028978930430339101 0.0057775238305718332 -0.0018042768764678599 0.0072584132198244338 -0.0028727051308600326 0.0041702126548625526 0.0022844149924367229 0.0017840566741340108 -0.00097605887546959008 -0.0017936882968022814 -0.0033544868281161462 -0.00042265258491673373 0.0077121256243275569 -0.00097298118084467749 0.00073843606635749055
leaf_weight=1699 45 43 36 22 27 26 83 25 42 30 27 30 28 32 29 1135 24 53 28 21 20 32 267 169 123 37 47 23 37 260
leaf_count=1699 45 43 36 22 27 26 83 25 42 30 27 30 28 32 29 1135 24 53 28 21 20 32 267 169 123 37 47 23 37 260
internal_value=-3.02243e-12 -0.00052987 -0.000120655 -0.000472163 -9.05739e-05 -0.00213215 -0.000607607 0.0002278 -0.00053742 4.45494e-05 0.000186732 0.00208932 0.000394996 9.5668e-05 -6.15026e-05 1.56555e-05 0.0026829 0.00137514 0.00319399 0.000823074 0.000607175 -4.8031e-05 0.000418167 0.000723251 -0.000951757 -0.000386542 0.00161353 0.00280979 0.000831648 6.3029e-05
internal_weight=4500 349 278 235 199 71 177 94 69 4151 2452 112 82 2340 2084 2052 54 256 76 48 180 2023 851 696 155 1172 127 80 57 429
internal_count=4500 349 278 235 199 71 177 94 69 4151 2452 112 82 2340 2084 2052 54 256 76 48 180 2023 851 696 155 1172 127 80 57 429
is_linear=0
shrinkage=0.1


Tree=48
num_leaves=31
num_cat=0
split_feature=6 8 9 3 5 3 7 10 8 8 7 8 1 1 10 10 10 3 10 3 7 9 8 8 9 10 7 7 7 5
split_gain=0.00920983 0.0433299 0.0130439 0.0291957 0.0197485 0.0372271 0.0244777 0.012696 0.0265456 0.0515555 0.0493482 0.0244086 0.0182569 0.0133747 0.0269457 0.0276835 0.0336226 0.0183921 0.0308725 0.028529 0.0238597 0.0146931 0.0310195 0.0241785 0.0154368 0.0472279 0.0460233 0.0576605 0.0397268 0.0276926
threshold=8416.1665039062518 10232.750000000002 13136.750000000002 15110.000000000002 23485.500000000004 23214.500000000004 3338100.7500000005 24766.625000000004 23501.375000000004 24849.375000000004 46841152.000000007 21325.750000000004 47.500000000000007 51.500000000000007 29040.000000000004 31385.000000000004 33028.500000000007 34933.000000000007 36577.875000000007 37286.500000000007 12762176.000000002 32772.250000000007 29297.000000000004 30893.500000000004 38964.250000000007 41331.750000000007 7277806.5000000009 42990726.000000007 25174848.000000004 43261.500000000007
decision_type=2 2 2 2 2 2 2 2 2 2 2 2 2 2 2 2 2 2 2 2 2 2 2 2 2 2 2 2 2 2
left_child=-1 -2 -3 -4 6 -6 -5 -7 10 -10 11 -9 -11 -14 -15 -16 -17 20 -19 -20 -18 -21 -23 -24 26 -26 -25 28 -28 -27
right_child=1 2 3 4 5 7 -8 8 9 12 -12 -13 13 14 15 16 17 18 19 21 -22 22 23 24 25 29 27 -29 -30 -31
leaf_value=-0.0015930533512598941 0.0034681363160618478 -0.0025632800394669178 0.003403962681302801 0.00037713962676072564 0.0037742078510256344 0.0024925108463503421 -0.0037112677491677459 -0.0015488114161416888 0.0040665860227759813 -0.0030407357995864007 0.0009455809975639942 -0.0059250390730225125 0.0022062855169039082 -0.0034398874591874042 0.0031260914834482334 -0.0036136298064285751 0.003215880155599175 -0.0029897330491387821 0.0037606419250369076 0.0024408688438901059 -0.00079154345997570403 -0.0039691516652237621 0.0032118846945788553 -0.0054195134124408167 0.0047231000981160579 -0.0035699633648619057 -0.00033482415187689995 -0.0045125451586816622 0.0050216294825077062 -1.1526324401313018e-05
leaf_weight=36 36 20 25 27 26 20 32 25 31 20 39 26 27 23 28 26 39 35 20 24 24 20 23 21 21 22 45 23 20 3696
leaf_count=36 36 20 25 27 26 20 32 25 31 20 39 26 27 23 28 26 39 35 20 24 24 20 23 21 21 22 45 23 20 3696
internal_value=-9.89854e-13 1.28472e-05 -1.52446e-05 -3.68362e-06 -2.31203e-05 1.67469e-06 -0.0018403 -2.11466e-05 -3.28981e-05 3.61876e-06 -0.00173215 -0.00377983 -2.668e-05 -1.21088e-05 -2.66822e-05 -7.47404e-06 -2.90902e-05 -5.9813e-06 -3.28828e-05 -6.58302e-06 0.00168924 -2.58281e-05 -4.10429e-05 -2.07478e-05 -4.00697e-05 -5.87199e-06 -0.00121315 -0.000209353 0.00131332 -3.25822e-05
internal_weight=4500 4464 4428 4408 4383 4324 59 4298 4278 4188 90 51 4157 4137 4110 4087 4059 4033 3970 3935 63 3915 3891 3871 3848 3739 109 88 65 3718
internal_count=4500 4464 4428 4408 4383 4324 59 4298 4278 4188 90 51 4157 4137 4110 4087 4059 4033 3970 3935 63 3915 3891 3871 3848 3739 109 88 65 3718
is_linear=0
shrinkage=0.1


Tree=49
num_leaves=31
num_cat=0
split_feature=8 9 9 3 7 9 8 1 3 6 8 9 4 7 10 4 9 8 7 1 4 3 10 3 9 8 6 6 6 5
split_gain=0.00911301 0.0222764 0.0302002 0.0298674 0.02015 0.0180167 0.0210148 0.0118051 0.0197757 0.0326115 0.0219022 0.0773484 0.0187315 0.017917 0.0112647 0.0392916 0.0261484 0.0303512 0.0482964 0.0329922 0.0299032 0.0313137 0.0181857 0.0165607 0.0153059 0.0148143 0.0110778 0.0700786 0.0353378 0.0289287
threshold=80772.500000000015 83709.750000000015 81439.250000000015 87504.500000000015 105810336.00000001 80607.000000000015 76403.000000000015 76.500000000000014 78165.000000000015 68613.000000000015 46111.875000000007 45270.000000000007 44932.000000000007 43804528.000000007 88946.125000000015 56814.000000000007 77941.000000000015 71470.875000000015 9789713.5000000019 70.500000000000014 66419.000000000015 78738.000000000015 81051.875000000015 77322.500000000015 79110.500000000015 70625.375000000015 73175.417968750015 72220.500000000015 71757.750000000015 82630.500000000015
decision_type=2 2 2 2 2 2 2 2 2 2 2 2 2 2 2 2 2 2 2 2 2 2 2 2 2 2 2 2 2 2
left_child=1 2 5 -3 -5 6 7 14 9 10 11 -9 -12 -14 16 -16 17 20 19 -19 26 -22 23 -20 -18 -17 27 28 29 -1
right_child=-2 3 -4 4 -6 -7 -8 8 -10 -11 12 -13 13 -15 15 25 24 18 22 -21 21 -23 -24 -25 -26 -27 -28 -29 -30 -31
leaf_value=7.8485143214970731e-05 -0.00032313128281321007 0.0042113203003450684 -0.0020194728359557404 -0.001393354185366709 0.0012570879884804481 0.0023402371101410072 -0.0016880897346085737 -0.0021598503011493729 -0.0025506503306069348 0.0031178278812708763 -0.0038780993925264249 0.0046595912438753091 -0.0016285869539856461 0.0017250114411581309 -0.0014814053724084291 0.00470193217736848 -0.0034698482319072358 0.0017778388791434144 -0.0024554365784218856 0.0073312684334814558 -0.0028376533868581509 0.001595833254534574 0.0022346251421690648 0.00092408167808477224 -0.000325800083616438 0.0011760824427421374 -0.0011006869850935389 0.0051246220620149484 -0.0035729249088595123 0.0021677991190432191
leaf_weight=2606 731 27 72 38 117 34 70 39 43 26 26 29 66 21 31 26 32 23 29 20 66 21 31 29 30 22 73 28 26 68
leaf_count=2606 731 27 72 38 117 34 70 39 43 26 26 29 66 21 31 26 32 23 29 20 66 21 31 29 30 22 73 28 26 68
internal_value=4.58216e-12 6.26715e-05 7.90954e-06 0.00114196 0.000607302 4.94377e-05 2.70628e-05 6.22609e-05 -0.00059925 -0.000193887 -0.000669603 0.000748441 -0.00152294 -0.000819098 0.000114579 0.00129368 8.43556e-05 0.00012609 0.00160894 0.00436083 5.83148e-05 -0.0017675 0.000279372 -0.000765677 -0.00194853 0.00308592 0.000115025 0.000147557 9.59432e-05 0.000131617
internal_weight=4500 3769 3587 182 155 3515 3481 3411 250 207 181 68 113 87 3161 79 3082 3020 132 43 2888 87 89 58 62 48 2801 2728 2700 2674
internal_count=4500 3769 3587 182 155 3515 3481 3411 250 207 181 68 113 87 3161 79 3082 3020 132 43 2888 87 89 58 62 48 2801 2728 2700 2674
is_linear=0
shrinkage=0.1


Tree=50
num_leaves=31
num_cat=0
split_feature=3 5 1 6 5 8 9 8 6 3 4 9 4 9 6 10 6 4 3 6 6 9 5 1 8 8 5 3 7 4
split_gain=0.00842007 0.0437418 0.0190633 0.0326592 0.0868486 0.0492502 0.0293978 0.0451492 0.0263321 0.0280918 0.0214608 0.0199843 0.0180384 0.0263064 0.0361661 0.0275509 0.0508534 0.0675458 0.0308886 0.0237889 0.0437401 0.0234133 0.0246572 0.0209559 0.0197926 0.0193688 0.0224788 0.0652452 0.0292619 0.0434643
threshold=66603.500000000015 74841.000000000015 69.500000000000014 60950.332031250007 71661.500000000015 57738.125000000007 64743.750000000007 62889.750000000007 70454.082031250015 73490.500000000015 46648.500000000007 67821.750000000015 42980.500000000007 59490.750000000007 59638.082031250007 70638.250000000015 65469.500000000007 51199.000000000007 70485.500000000015 67429.000000000015 66681.917968750015 69565.750000000015 80703.000000000015 72.500000000000014 65186.500000000007 83469.500000000015 78513.500000000015 78738.000000000015 98491412.000000015 65710.000000000015
decision_type=2 2 2 2 2 2 2 2 2 2 2 2 2 2 2 2 2 2 2 2 2 2 2 2 2 2 2 2 2 2
left_child=1 -1 3 4 -2 10 -7 11 -9 -10 -5 -8 -4 14 -14 18 17 -17 -15 20 -18 22 24 25 -21 26 -23 -28 -29 -30
right_child=2 -3 12 5 -6 6 7 8 9 -11 -12 -13 13 15 -16 16 19 -19 -20 21 -22 23 -24 -25 -26 -27 27 28 29 -31
leaf_value=9.4035672358160497e-05 -0.0020694385615310502 0.0042210149739940576 -0.0012096384267423158 -0.00087869893177412457 0.0058793649586193547 -0.0038297304511070254 0.0051255076099187141 -0.0025787427716342541 0.0023220767086525951 -0.00052568090211944809 -0.0049444864963407859 0.00075790908833203675 -0.00030904434119852692 -0.00064695785752340946 0.0049163670830980498 0.0003638112027147145 0.00052044528591587943 0.0076626288128041099 -0.0049284419947071001 -0.0018831184571608901 -0.005516946776991799 -0.0016186565812677145 0.0032479188195904912 -0.00025472353859826868 0.0022295101376419717 -0.00038277086991388186 0.0065773507985083957 -0.00034670888210882201 0.00060980379663514675 0.0051603952670120634
leaf_weight=2101 28 26 102 20 27 25 20 58 37 543 37 22 26 107 27 32 28 21 20 25 21 25 49 731 22 113 23 91 61 32
leaf_count=2101 28 26 102 20 27 25 20 58 37 543 37 22 26 107 27 32 28 21 20 25 21 25 49 731 22 113 23 91 61 32
internal_value=5.49214e-13 0.000144483 -0.000129505 -0.000520655 0.0018327 -0.000690517 -0.000461921 -0.000338104 -0.000547171 -0.000344014 -0.00351789 0.00283772 7.58741e-05 0.000166055 0.00235296 8.33237e-05 0.000223336 0.0032558 -0.00132121 9.17057e-05 -0.00206701 0.000181959 0.00167833 4.84543e-05 4.19417e-05 0.00069084 0.00121376 0.00155584 0.000928153 0.0021756
internal_weight=4500 2127 2373 817 55 762 705 680 638 580 57 42 1556 1454 53 1401 1274 53 127 1221 49 1172 96 1076 47 345 232 207 184 93
internal_count=4500 2127 2373 817 55 762 705 680 638 580 57 42 1556 1454 53 1401 1274 53 127 1221 49 1172 96 1076 47 345 232 207 184 93
is_linear=0
shrinkage=0.1


Tree=51
num_leaves=31
num_cat=0
split_feature=6 3 4 4 3 6 4 4 3 4 9 10 6 10 1 1 3 3 9 10 10 3 9 9 1 10 9 5 10 9
split_gain=0.00764057 0.0356725 0.00982777 0.0317724 0.0171643 0.0433764 0.0380329 0.0336474 0.0270449 0.0124343 0.0244377 0.0317877 0.0504823 0.0355998 0.023359 0.0787514 0.0344757 0.0166484 0.0257399 0.0480866 0.0177238 0.0144048 0.0186613 0.0604488 0.0706167 0.050416 0.0283408 0.0223263 0.0342451 0.059405
threshold=8416.1665039062518 11837.500000000002 8443.5000000000018 10987.500000000002 16333.500000000002 21046.583007812504 14545.500000000002 15798.500000000002 23214.500000000004 21439.000000000004 26007.500000000004 29040.000000000004 29512.166992187504 33028.500000000007 62.500000000000007 68.500000000000014 30049.500000000004 34933.000000000007 32119.000000000004 37193.250000000007 34656.000000000007 38501.000000000007 38964.250000000007 38312.250000000007 71.500000000000014 41331.750000000007 36731.000000000007 43261.500000000007 43928.375000000007 41607.500000000007
decision_type=2 2 2 2 2 2 2 2 2 2 2 2 2 2 2 2 2 2 2 2 2 2 2 2 2 2 2 2 2 2
left_child=-1 -2 -3 -4 -5 6 -6 -7 -9 14 -11 -12 -13 -14 -10 -16 -17 20 -19 -20 -15 -21 23 24 26 -24 -23 -27 29 -29
right_child=1 2 3 4 5 7 -8 8 9 10 11 12 13 17 15 16 -18 18 19 21 -22 22 25 -25 -26 27 -28 28 -30 -31
leaf_value=-0.0014510002064829072 0.0031468429990733661 0.0015465801746177021 -0.0030289143581259332 0.0024640497302503457 -0.0060870790684765044 0.0031923190179881976 -6.179068644996732e-05 0.0032661798838526015 0.0016595736809298007 0.0033191386186941108 -0.0038136259296813729 0.0040178357006821434 -0.0039560487655841787 -0.00062249863930490055 -0.0065816652257926767 0.0033669337541574525 -0.0016817832077657313 0.0030420756847080259 -0.004342437714624863 0.0020853774243732915 0.0030330741839457512 -0.00046247990269746101 0.0050005494616925722 -0.0056502861976623535 0.0031043375197511453 -0.0032098705935905778 -0.0052587194156578998 0.0065739818981715619 -4.6845947995477579e-05 -0.0010411766543984412
leaf_weight=36 36 40 35 28 22 33 20 25 24 22 22 31 23 21 25 21 38 27 26 32 36 28 20 25 39 22 22 21 3680 20
leaf_count=36 36 40 35 28 22 33 20 25 24 22 22 31 23 21 25 21 38 27 26 32 36 28 20 25 39 22 22 21 3680 20
internal_value=-5.3971e-12 1.17016e-05 -1.37873e-05 -2.80113e-05 -3.88274e-06 -1.98601e-05 -0.00321789 1.15005e-05 -1.31976e-05 -3.26022e-05 -4.81672e-06 -2.26744e-05 -2.19781e-06 -3.30293e-05 -0.0010918 -0.0018779 0.000115218 -1.05786e-05 -3.49908e-05 -5.61041e-05 0.00168628 -2.75944e-05 -4.50344e-05 -0.00130552 -8.50798e-05 -6.84804e-06 -0.00257283 -3.36041e-05 -1.48248e-05 0.00285927
internal_weight=4500 4464 4428 4388 4353 4325 42 4283 4250 4225 4117 4095 4073 4042 108 84 59 4019 3962 3935 57 3909 3877 114 89 3763 50 3743 3721 41
internal_count=4500 4464 4428 4388 4353 4325 42 4283 4250 4225 4117 4095 4073 4042 108 84 59 4019 3962 3935 57 3909 3877 114 89 3763 50 3743 3721 41
is_linear=0
shrinkage=0.1


Tree=52
num_leaves=31
num_cat=0
split_feature=1 7 7 5 9 9 7 7 7 4 9 4 1 4 1 1 1 1 5 6 4 1 10 3 10 4 3 3 7 9
split_gain=0.00764755 0.0177517 0.015104 0.0160178 0.034363 0.0163886 0.0148239 0.0118017 0.0087395 0.00871935 0.0335305 0.0180689 0.0073993 0.0135823 0.00836316 0.00992908 0.0115749 0.00966029 0.0328514 0.0759364 0.0820666 0.0366501 0.0628818 0.0407322 0.0309396 0.0512838 0.0485413 0.029893 0.0276968 0.0272909
threshold=76.500000000000014 11383967.500000002 20396700.000000004 59775.500000000007 56217.750000000007 61403.000000000007 51956972.000000007 6743284.7500000009 15205540.000000002 70118.000000000015 84025.250000000015 52402.500000000007 47.500000000000007 5237.5000000000009 51.500000000000007 53.500000000000007 54.500000000000007 69.500000000000014 33765.000000000007 27306.583007812504 20368.500000000004 70.500000000000014 35507.750000000007 37286.500000000007 63213.125000000007 50511.500000000007 53894.500000000007 39440.000000000007 9789713.5000000019 38312.250000000007
decision_type=2 2 2 2 2 2 2 2 2 2 2 2 2 2 2 2 2 2 2 2 2 2 2 2 2 2 2 2 2 2
left_child=12 7 8 -4 -5 -6 -7 -2 -3 10 11 -8 -1 -14 -15 -16 -17 -18 19 20 28 24 -23 -24 26 -26 -20 -25 -19 -29
right_child=1 2 3 4 5 6 9 -9 -10 -11 -12 -13 13 14 15 16 17 18 21 -21 -22 22 23 27 25 -27 -28 29 -30 -31
leaf_value=-0.0015539470570290397 -0.00088083615423076691 0.00017479905592543738 -0.0026048724788465894 0.003096095667670256 -0.0033134862128645181 0.0011474226545542478 0.00045646049244248355 -0.0035569740584693275 0.0030268459580838681 -0.0023202810960356148 0.0030419630396257467 -0.0032428288554412227 0.0021011940989410505 0.001572106049861759 -0.0018240710174472167 0.0022698598468433254 -0.000174828572991208 0.0044105001894587824 0.00095931568401724549 0.0069409110137949818 -0.0043601534515619279 -0.0044732307575031886 0.0037152699941512325 -0.0033643481106048929 -0.0042888889532713666 0.0010287020969925854 0.0055662315338850027 0.0022463268974276546 0.00021225807024165987 -7.5049554790901525e-05
leaf_weight=29 45 21 29 29 20 50 23 26 22 32 21 31 32 35 29 23 1555 33 66 23 25 32 29 27 21 133 35 52 30 1942
leaf_count=29 45 21 29 29 20 50 23 26 22 32 21 31 32 35 29 23 1555 33 66 23 25 32 29 27 21 133 35 52 30 1942
internal_value=3.22185e-12 -0.000449592 -8.91676e-05 -0.000404468 -9.47024e-05 -0.000617489 -0.000274049 -0.00186083 0.00163399 -0.000938289 -0.000348638 -0.00166721 3.77999e-05 4.89986e-05 3.29423e-05 1.96572e-05 3.29379e-05 2.00853e-05 0.000143897 0.00182479 0.000487618 6.40601e-05 -7.45318e-05 -5.86917e-06 0.00119562 0.000303576 0.00255577 -5.9265e-05 0.00241134 -1.45122e-05
internal_weight=4500 349 278 235 206 177 157 71 43 107 75 54 4151 4122 4090 4055 4026 4003 2448 111 88 2337 2082 2050 255 154 101 2021 63 1994
internal_count=4500 349 278 235 206 177 157 71 43 107 75 54 4151 4122 4090 4055 4026 4003 2448 111 88 2337 2082 2050 255 154 101 2021 63 1994
is_linear=0
shrinkage=0.1


Tree=53
num_leaves=31
num_cat=0
split_feature=6 8 9 6 5 3 8 7 1 1 8 4 4 4 4 1 8 7 3 5 6 8 10 5 5 5 10 5 6 4
split_gain=0.00736743 0.0299623 0.0127004 0.0244351 0.0155442 0.0178416 0.0288144 0.017053 0.0128467 0.0139666 0.0134247 0.0152201 0.0450087 0.0190643 0.0248032 0.0212431 0.0171291 0.0132868 0.0291171 0.0285107 0.0327998 0.0285272 0.0282276 0.0242738 0.0193288 0.0268339 0.0174285 0.0439481 0.0354278 0.0288294
threshold=8416.1665039062518 10232.750000000002 13136.750000000002 14891.083496093752 23485.500000000004 24214.500000000004 20377.875000000004 2886621.1250000005 47.500000000000007 51.500000000000007 17314.375000000004 15798.500000000002 10987.500000000002 21439.000000000004 19592.000000000004 70.500000000000014 24849.375000000004 2466178.2500000005 32775.500000000007 49055.000000000007 40199.000000000007 52220.000000000007 31385.000000000004 34300.000000000007 65592.000000000015 59775.500000000007 39142.250000000007 41810.500000000007 35408.917968750007 29252.000000000004
decision_type=2 2 2 2 2 2 2 2 2 2 2 2 2 2 2 2 2 2 2 2 2 2 2 2 2 2 2 2 2 2
left_child=-1 -2 -3 -4 7 6 -6 -5 -7 -10 -11 12 -12 14 -13 -16 -15 18 -18 20 -20 -21 -19 -24 25 -23 28 -28 29 -25
right_child=1 2 3 4 5 8 -8 -9 9 10 11 13 -14 16 15 -17 17 22 19 21 -22 24 23 26 -26 -27 27 -29 -30 -31
leaf_value=-0.0014248285170954964 0.0028847687673987823 -0.0025261341035366057 0.0034869640343822544 0.00036058524755113152 -0.00029300446100211867 -0.0025464271288365131 0.0043912256476081289 -0.0032332027150738622 0.0021810211361674913 -0.0023794081091182309 -0.0017142385023180395 7.3124455771975079e-05 0.0046503347894176848 0.0025638510401432332 -0.005173140273594376 -0.00076033536810427905 -0.0037208488752969123 0.0036038483620028602 -0.0012370453944996647 -0.0043890688229690899 0.0037470670146567209 -0.00099305403418838991 -0.003094249002169818 0.0013885877999679284 -0.0015368387158682098 0.0038790819700807336 -0.0034810628343418812 3.0158364915082426e-05 0.004424450411978695 -0.0029457037736262594
leaf_weight=36 36 20 20 23 29 20 24 31 29 24 20 51 25 26 24 20 29 22 23 22 31 26 25 57 67 20 36 3636 27 21
leaf_count=36 36 20 20 23 29 20 24 31 29 24 20 51 25 26 24 20 29 22 23 22 31 26 25 57 67 20 36 3636 27 21
internal_value=1.50034e-12 1.14906e-05 -1.18694e-05 -4.61697e-07 -1.6357e-05 4.65191e-06 0.00182816 -0.00170252 -1.79236e-05 -6.05547e-06 -2.10425e-05 -7.59177e-06 0.00182164 -2.73648e-05 -0.00142771 -0.00316732 5.3375e-06 -1.112e-05 -0.000770473 -0.00031777 0.0016242 -0.00109456 3.21694e-05 1.15022e-05 -0.00045315 0.00112527 3.20592e-05 -4.26537e-06 0.00130238 0.000221663
internal_weight=4500 4464 4428 4408 4388 4334 53 54 4281 4261 4232 4208 45 4163 95 44 4068 4042 218 189 54 135 3824 3802 113 46 3777 3672 105 78
internal_count=4500 4464 4428 4408 4388 4334 53 54 4281 4261 4232 4208 45 4163 95 44 4068 4042 218 189 54 135 3824 3802 113 46 3777 3672 105 78
is_linear=0
shrinkage=0.1


Tree=54
num_leaves=31
num_cat=0
split_feature=1 10 5 3 9 9 4 7 4 3 6 4 4 10 5 10 9 8 8 4 10 9 4 4 6 7 10 4 10 1
split_gain=0.00626821 0.0147134 0.0511179 0.0579856 0.0359028 0.019422 0.0123543 0.0331789 0.0291319 0.0120523 0.0167635 0.0128534 0.00752362 0.00655155 0.106033 0.0459145 0.0516317 0.0437922 0.0461684 0.0431068 0.0378337 0.0627453 0.027635 0.064623 0.0373589 0.0271143 0.0239946 0.0712318 0.0662832 0.0477385
threshold=76.500000000000014 47311.875000000007 55737.000000000007 59109.500000000007 56217.750000000007 61277.000000000007 58053.000000000007 77871968.000000015 61487.000000000007 99955.000000000015 84073.667968750015 69250.500000000015 64736.000000000007 58332.875000000007 61030.000000000007 59654.500000000007 54616.750000000007 54740.625000000007 51487.500000000007 51441.500000000007 60381.875000000007 56759.250000000007 47088.000000000007 49011.500000000007 51070.333984375007 30435689.000000004 52588.125000000007 45406.500000000007 53168.500000000007 70.500000000000014
decision_type=2 2 2 2 2 2 2 2 2 2 2 2 2 2 2 2 2 2 2 2 2 2 2 2 2 2 2 2 2 2
left_child=13 -2 -3 -4 -5 -6 7 -7 -8 10 11 12 -10 14 17 16 -15 18 22 -20 21 -17 24 -24 26 -26 27 -1 -28 -30
right_child=1 2 3 4 5 6 8 -9 9 -11 -12 -13 -14 15 -16 20 -18 -19 19 -21 -22 -23 23 -25 25 -27 28 -29 29 -31
leaf_value=6.6243846218306564e-05 -0.0025243142619729045 0.0037210610182955867 -0.0045610144790826429 0.0034150616050912783 -0.003262165983956631 0.004084437920457938 -0.004208331406116486 -0.0010283838514684857 -0.00053104640915989886 -0.0015749751171097162 0.0028445560404140018 -0.0018374418903840707 0.002148811366747726 -0.0048934454904732911 0.0072611233363637619 0.006891705084680802 0.00022323241236766705 -0.0042251652106642728 0.0046962205653211901 -0.00048480679889997607 -3.6582147501837807e-05 -0.00045754959842619989 -0.0044121111324056982 0.0023354713932018391 0.00047136328981391021 0.0054949295262552121 -0.0056569689953768695 0.0053643689204293955 0.0022854515923308614 -0.0021370379693018133
leaf_weight=1058 30 30 33 26 23 22 20 30 20 40 23 30 22 41 21 21 38 23 42 26 2599 26 40 22 21 22 27 26 46 52
leaf_count=1058 30 30 33 26 23 22 20 30 20 40 23 30 22 41 21 21 38 23 42 26 2599 26 40 22 21 22 27 26 46 52
internal_value=6.62516e-12 -0.000407033 -0.000207915 -0.000615767 -0.0001072 -0.000505369 -0.000199058 0.00113473 -0.000646524 -0.000118849 0.000494257 -0.000256532 0.000872689 3.42217e-05 0.000207889 -5.66591e-05 -0.00243226 0.000102467 0.00017449 0.00271524 1.42678e-05 0.00282616 4.30055e-05 -0.00201781 0.000145059 0.00304156 4.20399e-05 0.000193321 -0.00126987 -6.11755e-05
internal_weight=4500 349 319 289 256 230 207 52 155 135 95 72 42 4151 1426 2725 79 1405 1382 68 2646 47 1314 62 1252 43 1209 1084 125 98
internal_count=4500 349 319 289 256 230 207 52 155 135 95 72 42 4151 1426 2725 79 1405 1382 68 2646 47 1314 62 1252 43 1209 1084 125 98
is_linear=0
shrinkage=0.1


Tree=55
num_leaves=31
num_cat=0
split_feature=6 3 8 9 4 8 3 5 9 8 9 1 1 9 3 8 8 6 3 9 3 4 10 9 6 6 6 10 10 4
split_gain=0.00602943 0.0248277 0.0096177 0.0134747 0.0112099 0.0199731 0.00966626 0.0327801 0.0119011 0.012464 0.0200618 0.0102319 0.0101491 0.0110237 0.0283896 0.016903 0.0536724 0.0361075 0.0353993 0.0307688 0.0215547 0.0351899 0.0106668 0.0144056 0.0371229 0.0343428 0.0373948 0.0297753 0.0289499 0.0212184
threshold=8416.1665039062518 11837.500000000002 11222.625000000002 14627.250000000002 8443.5000000000018 15001.000000000002 20340.500000000004 24591.000000000004 22659.500000000004 22099.625000000004 25122.000000000004 47.500000000000007 51.500000000000007 26848.750000000004 28196.000000000004 29297.000000000004 30312.000000000004 33574.000000000007 33508.000000000007 32119.000000000004 33508.000000000007 23462.000000000004 37193.250000000007 36731.000000000007 38505.250000000007 39420.000000000007 40199.000000000007 40833.375000000007 43090.250000000007 30084.000000000004
decision_type=2 2 2 2 2 2 2 2 2 2 2 2 2 2 2 2 2 2 2 2 2 2 2 2 2 2 2 2 2 2
left_child=-1 -2 -3 -4 -5 -6 -7 -8 -9 -10 -11 -12 -13 -14 -15 19 -17 -18 -19 20 -16 -22 -20 -24 27 -26 -27 -25 -28 -30
right_child=1 2 3 4 5 6 7 8 9 10 11 12 13 14 15 16 17 18 22 -21 21 -23 23 24 25 26 28 -29 29 -31
leaf_value=-0.0012889701924804185 0.0026259202367833094 -0.002007280417456059 0.0025897509371861816 0.0020195077488164384 -0.0029634596810311727 0.001646344479106899 -0.0033162719880541168 0.002375605218999443 -0.0019467415879868594 0.0029496189935699756 -0.0022683050902560353 0.0018964139428654953 -0.0019567250290179051 0.0034291101270355288 -0.0019497545093868096 0.0039698028245338185 -0.0037347302843744943 0.0040988892704869311 -0.0022135715296661309 -0.0040370887330058837 -0.0016313264326613753 0.0040916574677050286 0.0015452422706757562 -0.004651751786830925 0.0032218225723640486 -0.0034221582216559911 0.0032143432547205261 -0.0001939213557714789 0.001686349280256157 -4.7449828095798773e-05
leaf_weight=36 36 24 20 27 23 35 30 21 33 23 20 28 29 24 39 34 26 21 22 29 21 22 59 31 33 32 28 29 72 3593
leaf_count=36 36 24 20 27 23 35 30 21 33 23 20 28 29 24 39 34 26 21 22 29 21 22 59 31 33 32 28 29 72 3593
internal_value=3.59473e-13 1.03949e-05 -1.08695e-05 1.01113e-08 -1.18044e-05 -2.43923e-05 -8.79502e-06 -2.22702e-05 8.78069e-07 -1.08614e-05 4.29496e-06 -1.1865e-05 -1.04791e-06 -1.38686e-05 -1.76539e-07 -2.02946e-05 1.36513e-05 -2.04361e-05 4.19948e-06 -0.00123745 -0.000247339 0.00129671 -1.78545e-05 -5.39492e-06 -2.93571e-05 1.00433e-05 -1.84101e-05 -0.00249713 1.10835e-05 -1.33888e-05
internal_weight=4500 4464 4428 4404 4384 4357 4334 4299 4269 4248 4215 4192 4172 4144 4115 4091 3980 3946 3920 111 82 43 3899 3877 3818 3758 3725 60 3693 3665
internal_count=4500 4464 4428 4404 4384 4357 4334 4299 4269 4248 4215 4192 4172 4144 4115 4091 3980 3946 3920 111 82 43 3899 3877 3818 3758 3725 60 3693 3665
is_linear=0
shrinkage=0.1


Tree=56
num_leaves=31
num_cat=0
split_feature=7 7 6 7 8 1 1 10 8 4 3 4 3 3 1 4 10 4 9 1 4 5 1 6 9 8 4 7 1 7
split_gain=0.0058037 0.0285492 0.0205518 0.0186338 0.0163722 0.0123537 0.0145473 0.0328462 0.0339703 0.0252178 0.0157093 0.0142427 0.0142428 0.0442825 0.0176856 0.0127777 0.0294014 0.0150747 0.0217058 0.020663 0.0195489 0.0170939 0.0217862 0.0323302 0.013027 0.0111384 0.0103599 0.00988322 0.0090507 0.0181887
threshold=134519848.00000003 125393696.00000001 63349.167968750007 140907840.00000003 71280.000000000015 64.500000000000014 69.500000000000014 74736.750000000015 61757.000000000007 61219.500000000007 115916.00000000001 13410.000000000002 70485.500000000015 73490.500000000015 76.500000000000014 42257.000000000007 81303.750000000015 52402.500000000007 76777.500000000015 72.500000000000014 48431.500000000007 104233.00000000001 73.500000000000014 101621.75000000001 83709.750000000015 35965.625000000007 37472.500000000007 232878312.00000003 77.500000000000014 19643844.000000004
decision_type=2 2 2 2 2 2 2 2 2 2 2 2 2 2 2 2 2 2 2 2 2 2 2 2 2 2 2 2 2 2
left_child=1 28 -3 -2 -4 26 7 -7 -9 -10 -11 -8 25 -14 15 -15 -17 20 19 -19 -18 24 23 -23 -20 -13 -5 -16 -1 -30
right_child=3 2 4 5 -6 6 11 8 9 10 -12 12 13 14 27 16 17 18 21 -21 -22 22 -24 -25 -26 -27 -28 -29 29 -31
leaf_value=1.0536057903640076e-05 0.0025438344612827199 0.00043339552992785523 -0.0051692960125839585 0.0033344049099832775 -0.0013961449467941472 0.0022812051110021356 -0.0022752051962362158 -0.00442881157561656 0.0023527216093498283 -0.003666179037005033 -0.00042836164492507318 0.00039634853389791474 -0.0042736280576459 -0.0011508590404820792 -0.0030567802232690159 0.0038667016088341673 0.0011366213229484856 0.0051687681127250903 -0.0028283270696798962 0.00067755076568573722 -0.0031381853470836929 0.0042337000002398307 -0.00025031932750607666 8.0891225386310278e-05 0.00040250520508449815 0.0034815157400444152 0.00063362337900705788 -0.0001462243393429422 -0.0030114093345279497 0.00010317657864652573
leaf_weight=3621 34 22 23 20 23 27 21 31 22 23 43 22 21 34 20 30 20 21 24 20 23 38 72 37 26 25 49 28 30 50
leaf_count=3621 34 22 23 20 23 27 21 31 22 23 43 22 21 34 20 30 20 21 24 20 23 38 72 37 26 25 49 28 30 50
internal_value=-6.21989e-12 -5.0014e-05 -0.00208045 0.00025787 -0.00328272 0.000146359 6.81016e-06 -0.000867688 -0.00158214 -0.000579339 -0.00155669 0.0002717 0.000387719 0.000200437 0.000439509 0.00068973 0.000890952 0.000573257 0.000884584 0.00297793 -0.0011499 0.000448913 0.000992181 0.00218498 -0.00114829 0.00203739 0.00141646 -0.00135896 -1.2708e-05 -0.00106479
internal_weight=4500 3769 68 731 46 697 628 146 119 88 66 482 461 414 393 345 311 281 238 41 43 197 147 75 50 47 69 48 3701 80
internal_count=4500 3769 68 731 46 697 628 146 119 88 66 482 461 414 393 345 311 281 238 41 43 197 147 75 50 47 69 48 3701 80
is_linear=0
shrinkage=0.1


Tree=57
num_leaves=31
num_cat=0
split_feature=8 9 1 7 10 1 6 5 10 7 4 8 3 7 5 3 5 1 8 4 1 4 10 6 4 8 9 9 4 9
split_gain=0.00493644 0.0167401 0.0236235 0.0218022 0.0141735 0.0132329 0.0149717 0.0126347 0.0392517 0.0198298 0.0126633 0.0241231 0.0135147 0.0123327 0.00999489 0.0098855 0.0133245 0.01234 0.0362401 0.0136633 0.0155825 0.0109378 0.015593 0.0323385 0.0166052 0.0132175 0.0242123 0.01376 0.0149808 0.0111961
threshold=90060.125000000015 95614.750000000015 74.500000000000014 297133792.00000006 102245.50000000001 71.500000000000014 92828.750000000015 97576.500000000015 96238.875000000015 82326864.000000015 63139.000000000007 78048.125000000015 102743.50000000001 297133792.00000006 100383.00000000001 91860.500000000015 93282.000000000015 73.500000000000014 75487.625000000015 60928.500000000007 70.500000000000014 73871.500000000015 88357.625000000015 80846.500000000015 72861.500000000015 78541.125000000015 77941.000000000015 79110.500000000015 67139.500000000015 77429.000000000015
decision_type=2 2 2 2 2 2 2 2 2 2 2 2 2 2 2 2 2 2 2 2 2 2 2 2 2 2 2 2 2 2
left_child=1 4 3 -3 7 6 -6 15 9 -9 -10 -12 14 -7 -13 16 21 19 -19 -17 -21 22 24 -24 25 26 29 -28 -29 -1
right_child=-2 2 -4 -5 5 13 -8 8 10 -11 11 12 -14 -15 -16 17 -18 18 -20 20 -22 -23 23 -25 -26 -27 27 28 -30 -31
leaf_value=1.5048689750492794e-05 -0.00034787988839272591 0.0045699614632342548 -0.0013590515917167069 0.00041476215600319533 -0.00448556361719966 -0.0013648422372837862 -0.0008148001488298179 0.00094752081669867048 -0.0020336575847557888 0.0051019447752171099 0.0032682896267784683 0.00013403596610508183 0.0016309095435731468 0.0018409749599959469 -0.0027884775828570128 0.00074018687591888017 0.0018685803056145327 -0.0019239294282250249 0.0036613806713527691 -0.00065475415798242793 -0.0033643826092706951 -0.00075861783433620912 0.0042750991164491733 -0.00062258685939013962 0.0027610561643748293 0.0020273398113204166 -0.0034169572542004029 0.00083264159623164843 -0.0022549478111393525 0.0022292856673669557
leaf_weight=3202 374 28 20 23 20 30 25 20 26 27 23 22 21 20 25 24 39 26 21 44 41 176 26 28 22 32 29 30 33 23
leaf_count=3202 374 28 20 23 20 30 25 20 26 27 23 22 21 20 25 24 39 26 21 44 41 176 26 28 22 32 29 30 33 23
internal_value=3.20211e-12 3.15335e-05 0.00155377 0.00269605 4.88031e-06 -0.00120218 -0.00244625 3.38376e-05 0.000893198 0.0033341 -8.73375e-05 0.000468754 -0.000478148 -8.25154e-05 -0.00142049 -3.28971e-06 3.01181e-05 -0.000782805 0.000571635 -0.00136683 -0.00196175 1.02069e-05 4.97144e-05 0.00173556 2.27089e-05 4.72038e-06 -1.47924e-05 -0.00161441 -0.000784667 3.08401e-05
internal_weight=4500 4126 71 51 4055 95 45 3960 164 47 117 91 68 50 47 3796 3640 156 47 109 85 3601 3425 54 3371 3349 3317 92 63 3225
internal_count=4500 4126 71 51 4055 95 45 3960 164 47 117 91 68 50 47 3796 3640 156 47 109 85 3601 3425 54 3371 3349 3317 92 63 3225
is_linear=0
shrinkage=0.1


Tree=58
num_leaves=31
num_cat=0
split_feature=6 8 9 6 5 10 10 7 3 7 7 8 4 3 3 7 8 10 6 9 8 8 8 4 4 8 9 6 6 9
split_gain=0.00490541 0.0226648 0.0117393 0.0180677 0.0107695 0.0155965 0.0150929 0.0138944 0.0130207 0.0293564 0.046482 0.0434199 0.0325155 0.0171039 0.0141712 0.0482926 0.0206314 0.0122213 0.0250949 0.0234559 0.0213984 0.0208076 0.0156446 0.0104194 0.0366784 0.0243302 0.0231935 0.0213778 0.0370503 0.021897
threshold=8416.1665039062518 10232.750000000002 13136.750000000002 14891.083496093752 23485.500000000004 24766.625000000004 26783.000000000004 2886621.1250000005 30606.500000000004 5163678.0000000009 12537616.500000002 26701.625000000004 17608.000000000004 32105.500000000004 34933.000000000007 8401999.7500000019 27157.375000000004 37193.250000000007 34763.833984375007 32119.000000000004 29297.000000000004 31342.875000000004 32213.250000000004 27027.000000000004 29252.000000000004 37842.125000000007 36731.000000000007 38505.250000000007 39420.000000000007 40320.250000000007
decision_type=2 2 2 2 2 2 2 2 2 2 2 2 2 2 2 2 2 2 2 2 2 2 2 2 2 2 2 2 2 2
left_child=-1 -2 -3 -4 7 -6 -7 -5 9 11 -11 -8 -12 -10 15 -15 -17 19 -19 -16 -20 -22 -23 25 -25 -24 -26 -28 -29 -30
right_child=1 2 3 4 5 6 8 -9 13 10 12 -13 -14 14 17 16 -18 18 20 -21 21 22 23 24 26 -27 27 28 29 -31
leaf_value=-0.0011626315730003021 0.0025083759230458075 -0.0024281996767967942 0.0029988355527166277 0.00044511196851406413 0.0020766136430514356 -0.0020816399170351884 -0.0043568486906588079 -0.0027988165196391845 -0.0021949487533371821 0.0060090073073060133 0.0028870802237652244 0.0022325316676869988 -0.0025225380901247266 0.004443700956180692 0.00031079823066565123 0.0014625263045309114 -0.0030252555961764998 0.0025830229492606344 -0.002694020388880745 -0.0037053347421953315 0.0026556045668006973 -0.0025265000239014629 0.0040204643169307113 -0.0034075321280397477 0.0033064039113620916 -0.00036006229056511079 -0.0024860877212735692 0.003557328635762478 -0.0024191324770646665 -6.2123332215050467e-06
leaf_weight=36 36 20 20 23 36 35 20 31 36 23 25 20 20 30 33 20 21 37 30 26 29 25 21 32 21 32 35 29 38 3660
leaf_count=36 36 20 20 23 36 35 20 31 36 23 25 20 20 30 33 20 21 37 30 26 29 25 21 32 21 32 35 29 38 3660
internal_value=-4.36443e-12 9.37606e-06 -1.0941e-05 2.65829e-08 -1.36416e-05 3.84546e-06 -1.3516e-05 -0.00141714 3.46364e-06 0.00108747 0.00235196 -0.00106216 0.000482805 -2.47128e-05 -5.74494e-06 0.00139481 -0.000836094 -3.03099e-05 -9.1783e-06 -0.00145902 -3.34474e-05 -1.30962e-05 -3.29761e-05 -1.68597e-05 -3.62048e-05 0.00137562 -7.68708e-06 -2.61868e-05 -3.08603e-06 -3.10071e-05
internal_weight=4500 4464 4428 4408 4388 4334 4298 54 4263 108 68 40 45 4155 4119 71 41 4048 3989 59 3952 3922 3893 3868 3815 53 3783 3762 3727 3698
internal_count=4500 4464 4428 4408 4388 4334 4298 54 4263 108 68 40 45 4155 4119 71 41 4048 3989 59 3952 3922 3893 3868 3815 53 3783 3762 3727 3698
is_linear=0
shrinkage=0.1


Tree=59
num_leaves=31
num_cat=0
split_feature=7 7 6 7 8 1 1 10 8 4 8 4 6 10 3 9 10 10 1 6 6 6 6 3 3 4 5 4 4 5
split_gain=0.00458103 0.0233784 0.016422 0.0140185 0.0126717 0.00960484 0.0107606 0.0266695 0.0283122 0.0187232 0.0122364 0.0115468 0.0133768 0.0174927 0.0325582 0.0164865 0.0238033 0.0226875 0.0118495 0.017058 0.0277264 0.0273234 0.0207994 0.020224 0.0091542 0.00886403 0.00789727 0.00780703 0.00764724 0.0139195
threshold=134519848.00000003 125393696.00000001 63349.167968750007 140907840.00000003 71280.000000000015 64.500000000000014 69.500000000000014 74736.750000000015 61128.000000000007 61219.500000000007 98790.250000000015 13410.000000000002 47704.666015625007 73969.875000000015 70485.500000000015 74192.750000000015 85899.875000000015 81303.750000000015 75.500000000000014 93323.417968750015 87507.750000000015 101621.75000000001 84073.667968750015 90895.500000000015 138819.50000000003 37472.500000000007 104233.00000000001 74646.500000000015 81328.500000000015 96140.500000000015
decision_type=2 2 2 2 2 2 2 2 2 2 2 2 2 2 2 2 2 2 2 2 2 2 2 2 2 2 2 2 2 2
left_child=1 28 -3 -2 -4 25 7 -7 -9 -10 -11 -8 -13 14 -14 16 17 -15 19 20 22 -21 23 -17 -23 -5 -20 -28 29 -1
right_child=3 2 4 5 -6 6 11 8 9 10 -12 12 13 15 -16 18 -18 -19 26 21 -22 24 -24 -25 -26 -27 27 -29 -30 -31
leaf_value=1.4794261913692577e-07 0.002211857828147271 0.0003653038627155845 -0.0046162612837455843 0.0030263781582470987 -0.001296793869899019 0.002094631899079239 -0.0020560800275277523 -0.0040432962154348688 0.0019659480849361938 -0.0023765457151014181 0.00045398978982120753 0.0026923297540001247 0.0012958025874048383 0.0020475232716984093 -0.0034050829126499593 0.0021161052808483048 0.0037694556476322544 -0.0016834291313508794 -0.0023945683992189098 0.0041835778099657212 -0.0027090216247255311 -0.00068590310003076283 0.0033178006145383487 -0.0017125554245934393 0.0018822813932986363 0.00052817932719706885 0.001289828522494645 -0.0012287442543311045 -0.00046262277992140945 0.0012218594987643883
leaf_weight=3265 34 22 23 20 23 27 21 30 23 42 24 23 26 39 34 22 33 28 26 27 34 35 22 37 23 49 20 32 340 96
leaf_count=3265 34 22 23 20 23 27 21 30 23 42 24 23 26 39 34 22 33 28 26 27 34 35 22 37 23 49 20 32 340 96
internal_value=2.71937e-12 -4.44345e-05 -0.00188182 0.000229102 -0.00295653 0.000132383 9.33484e-06 -0.000742782 -0.00138657 -0.000491038 -0.00134726 0.000237154 0.000341619 0.000218179 -0.00136803 0.000469959 0.00157109 0.000488319 7.38672e-05 0.000481586 -0.000312394 0.00155579 0.000693597 -0.000284919 0.000332515 0.00125229 -0.000971564 -0.000260062 -1.06755e-05 3.50436e-05
internal_weight=4500 3769 68 731 46 697 628 146 119 89 66 482 461 438 60 378 100 67 278 200 115 85 81 59 58 69 78 52 3701 3361
internal_count=4500 3769 68 731 46 697 628 146 119 89 66 482 461 438 60 378 100 67 278 200 115 85 81 59 58 69 78 52 3701 3361
is_linear=0
shrinkage=0.1


Tree=60
num_leaves=31
num_cat=0
split_feature=7 10 10 5 3 10 3 5 7 7 10 4 10 10 10 3 10 7 9 7 7 8 4 7 1 5 3 3 5 5
split_gain=0.00450633 0.00907244 0.00896161 0.0262213 0.00964001 0.0146665 0.0094211 0.00629573 0.00612968 0.0135635 0.0443258 0.0142794 0.0274768 0.029251 0.0166102 0.0315676 0.0133426 0.0204901 0.0126364 0.0125626 0.00955485 0.0446155 0.0268198 0.0170986 0.00840589 0.0171485 0.0423891 0.00810804 0.0496395 0.043512
threshold=673424928.00000012 126338.37500000001 117570.12500000001 121807.00000000001 114507.00000000001 111279.12500000001 110584.00000000001 136541.50000000003 171140208.00000003 193853328.00000003 85376.625000000015 41441.500000000007 81948.250000000015 89285.125000000015 95187.125000000015 105310.50000000001 76389.375000000015 232878312.00000003 87614.500000000015 326362944.00000006 155853448.00000003 62292.000000000007 42024.500000000007 150278088.00000003 77.500000000000014 76893.000000000015 60684.500000000007 57739.500000000007 58598.500000000007 57063.500000000007
decision_type=2 2 2 2 2 2 2 2 2 2 2 2 2 2 2 2 2 2 2 2 2 2 2 2 2 2 2 2 2 2
left_child=1 2 4 -4 5 6 8 -3 20 10 -10 16 -13 -14 -15 -16 17 -11 -17 -19 23 22 -22 24 27 26 -26 29 -29 -1
right_child=-2 7 3 -5 -6 -7 -8 -9 9 11 -12 12 13 14 15 18 -18 19 -20 -21 21 -23 -24 -25 25 -27 -28 28 -30 -31
leaf_value=-1.3877119126903692e-05 0.0011468987105592318 -0.0021009170159231871 0.0040018489393828949 -3.4112922924881181e-05 -0.0013599335538366667 0.0027115618484094741 -0.0017121656741437619 -0.00041149723914150199 0.0038384941994445403 -0.0028812462487258017 -0.001246453931865593 0.0039520819047042591 -0.0021769940946400404 0.0029741852469141444 -0.0021954659286195473 0.00027861969778314233 -0.002803999581374228 0.0023241224715353122 0.0038333842647261919 -0.00079374222841579469 -0.00092565559686838897 0.0014624497102987436 -0.0059853690583258866 0.0024593332437299461 -0.0027347917125249907 -0.0032698820830167584 0.0026267952221477858 -0.0043018088526358567 -6.4563552086548527e-05 0.0016991655003602364
leaf_weight=1263 34 32 22 60 52 20 32 71 40 20 30 22 39 31 31 20 26 28 20 24 22 36 20 28 30 24 29 28 2198 168
leaf_count=1263 34 32 22 60 52 20 32 71 40 20 30 22 39 31 31 20 26 28 20 24 22 36 20 28 30 24 29 28 2198 168
internal_value=-3.34338e-12 -8.73143e-06 1.31678e-05 0.00104871 -6.66733e-06 9.9725e-06 -2.8647e-06 -0.000936366 1.02303e-05 0.000423161 0.00165923 9.16479e-05 0.000665174 0.000152323 0.00104294 0.000199727 -0.000862279 -0.000161102 0.002056 0.000885108 -2.5308e-05 -0.00112082 -0.00333504 -2.63027e-06 -2.10621e-05 -0.00101619 -9.94354e-05 1.52356e-06 -0.000117862 0.000187235
internal_weight=4500 4466 4363 82 4281 4229 4209 103 4177 331 70 261 163 141 102 71 98 72 40 52 3846 78 42 3768 3740 83 59 3657 2226 1431
internal_count=4500 4466 4363 82 4281 4229 4209 103 4177 331 70 261 163 141 102 71 98 72 40 52 3846 78 42 3768 3740 83 59 3657 2226 1431
is_linear=0
shrinkage=0.1


Tree=61
num_leaves=31
num_cat=0
split_feature=1 4 8 8 3 9 9 6 3 9 10 1 10 5 10 5 3 10 3 6 10 3 1 1 10 9 8 4 9 9
split_gain=0.00445162 0.0221608 0.0156967 0.00794708 0.0140269 0.0204969 0.010014 0.0148015 0.0483719 0.0193564 0.00842159 0.0125589 0.0114985 0.00962069 0.0436821 0.0175705 0.0158891 0.0184621 0.0221982 0.020063 0.0158595 0.0100666 0.0417411 0.0436195 0.0390389 0.0377595 0.0132104 0.0411911 0.0318827 0.0239317
threshold=50.500000000000007 5237.5000000000009 54927.625000000007 9117.6250000000018 11837.500000000002 13136.750000000002 16567.000000000004 21046.583007812504 20340.500000000004 21907.250000000004 26783.000000000004 68.500000000000014 28227.625000000004 30992.000000000004 31385.000000000004 34300.000000000007 34933.000000000007 36577.875000000007 37286.500000000007 30989.833007812504 36075.500000000007 40345.500000000007 64.500000000000014 73.500000000000014 41331.750000000007 37769.750000000007 40748.250000000007 37472.500000000007 43044.750000000007 43681.250000000007
decision_type=2 2 2 2 2 2 2 2 2 2 2 2 2 2 2 2 2 2 2 2 2 2 2 2 2 2 2 2 2 2
left_child=2 -2 -1 -3 -5 -6 -7 8 -8 -9 11 -11 -12 -14 -15 -16 20 19 -19 -18 -17 22 -20 25 -23 -24 27 -26 -28 -30
right_child=1 3 -4 4 5 6 7 9 -10 10 12 -13 13 14 15 16 17 18 21 -21 -22 24 23 -25 26 -27 28 -29 29 -31
leaf_value=0.00086013903841376305 0.0027193604564915101 -0.0019965980527922515 -0.0026492555155597916 0.0025795944123750644 -0.0031277285866616739 0.0017393447010721449 0.0012007808062696346 0.0031146199826616798 -0.004969348145338396 -0.0031522342713461039 0.0019618099384630721 0.00016498772799968721 -0.0015868629541824033 0.0041789869777858262 -0.0021262256236066327 0.0029162642426436413 0.00032794788014143704 0.0033273042645305395 0.0024657347118481996 -0.0039213674869388341 -0.00023817026303731839 0.0031200840719975533 -0.0069191107283467839 0.001371433773205023 -0.00026350781397342063 -0.0012489849623913566 0.0033968073897995056 -0.0040998753490707569 -0.0034403864108026026 2.8813886746508904e-05
leaf_weight=25 30 20 26 21 21 33 27 20 24 21 30 25 38 25 39 37 20 20 25 25 28 40 23 22 288 24 28 31 20 3444
leaf_count=25 30 20 26 21 21 33 27 20 24 21 30 25 38 25 39 37 20 20 25 25 28 40 23 22 288 24 28 31 20 3444
internal_value=-1.17714e-12 1.06489e-05 -0.000928964 -7.74013e-06 1.30218e-06 -1.10651e-05 3.95665e-06 -9.28752e-06 -0.00170281 1.09254e-05 -3.66997e-06 -0.0013494 1.10444e-05 -2.96635e-06 1.15753e-05 -1.37492e-05 6.46834e-06 -1.8672e-05 4.18681e-06 -0.00203278 0.00155743 -1.26604e-05 -0.00103511 -0.00230353 1.22968e-05 -0.00402373 -2.03224e-05 -0.000636321 3.59501e-05 8.78386e-06
internal_weight=4500 4449 51 4419 4399 4378 4357 4324 51 4273 4253 46 4207 4177 4139 4114 4075 4010 3965 45 65 3945 94 69 3851 47 3811 319 3492 3464
internal_count=4500 4449 51 4419 4399 4378 4357 4324 51 4273 4253 46 4207 4177 4139 4114 4075 4010 3965 45 65 3945 94 69 3851 47 3811 319 3492 3464
is_linear=0
shrinkage=0.1


Tree=62
num_leaves=31
num_cat=0
split_feature=6 8 9 6 8 3 5 5 7 7 7 7 6 1 1 7 7 1 1 1 9 8 6 9 3 8 8 5 10 5
split_gain=0.00506288 0.0190749 0.00877931 0.0126921 0.0100294 0.00943876 0.0161568 0.00944651 0.00727248 0.0905262 0.0455573 0.0332599 0.0203429 0.0318957 0.018338 0.0241466 0.0349607 0.0136239 0.0195569 0.0173381 0.0135161 0.0536142 0.0460187 0.0140016 0.026182 0.0255502 0.0250088 0.0141899 0.0599577 0.0515873
threshold=8416.1665039062518 10232.750000000002 13136.750000000002 14891.083496093752 15001.000000000002 20340.500000000004 24591.000000000004 26908.000000000004 3694728.3750000005 3338100.7500000005 4012500.7500000005 3145645.0000000005 29512.166992187504 75.500000000000014 73.500000000000014 1440529.0000000002 793973.81250000012 67.500000000000014 62.500000000000007 70.500000000000014 28028.750000000004 23501.375000000004 29512.166992187504 32119.000000000004 34933.000000000007 29297.000000000004 30893.500000000004 39219.500000000007 39635.250000000007 41810.500000000007
decision_type=2 2 2 2 2 2 2 2 2 2 2 2 2 2 2 2 2 2 2 2 2 2 2 2 2 2 2 2 2 2
left_child=-1 -2 -3 -4 -5 -6 -7 -8 9 11 -10 12 -9 14 15 16 -14 18 -17 -19 21 -12 -22 24 -24 -25 -27 -28 -29 -30
right_child=1 2 3 4 5 6 7 8 10 -11 20 -13 13 -15 -16 17 -18 19 -20 -21 22 -23 23 25 -26 26 27 28 29 -31
leaf_value=-0.0011811455388346481 0.0023020898806862533 -0.0020995268318802118 0.0025137868057936432 -0.0017749798047589139 0.0015505906451159183 -0.0022868619630894353 0.001803050097078085 0.0027803931455127897 0.0042859505750238898 -0.0056033466754841707 -0.00070479569958816109 0.003064768436844602 -0.0017120287199590908 0.0025362789048813286 -0.00266909851343371 -0.00079005135082427713 0.0029690707227788293 0.0016818178314715626 -0.0047254846780560916 -0.0016917467714311222 -0.0043010476604104049 0.0044113847901109801 -0.0011725844844477252 -0.002600257081518832 0.0032061938593364579 0.0027895112332771534 -0.0019666893181164522 0.0047864958008106522 -0.0048605467764322062 -3.2322736181165307e-06
leaf_weight=36 36 20 20 32 39 31 29 20 25 31 54 33 27 30 48 28 39 25 23 39 25 33 22 38 36 32 37 26 22 3564
leaf_count=36 36 20 20 32 39 31 29 20 25 31 54 33 27 30 48 28 39 25 23 39 25 33 22 38 36 32 37 26 22 3564
internal_value=-2.51724e-12 9.52536e-06 -9.11337e-06 3.71263e-07 -1.10846e-05 1.87331e-06 -1.21179e-05 4.33501e-06 -7.9184e-06 -0.000449441 3.0774e-05 6.26461e-05 -0.000292444 -0.000529728 -0.000931389 -0.00047056 0.00105408 -0.00134557 -0.00256485 -0.000373948 3.4201e-06 0.00123582 -2.47806e-05 3.52403e-06 0.00154528 -2.05205e-05 6.11081e-06 -1.82983e-05 1.66031e-06 -3.30317e-05
internal_weight=4500 4464 4428 4408 4388 4356 4317 4286 4257 343 3914 312 279 259 229 181 66 115 51 64 3889 87 3802 3777 58 3719 3681 3649 3612 3586
internal_count=4500 4464 4428 4408 4388 4356 4317 4286 4257 343 3914 312 279 259 229 181 66 115 51 64 3889 87 3802 3777 58 3719 3681 3649 3612 3586
is_linear=0
shrinkage=0.1


Tree=63
num_leaves=31
num_cat=0
split_feature=8 9 7 7 7 3 5 7 5 5 4 9 9 7 7 6 3 3 3 7 9 9 6 3 1 1 8 10 10 3
split_gain=0.0041651 0.0170729 0.00509613 0.0188198 0.0709554 0.035433 0.0285606 0.031653 0.0193486 0.0410501 0.0223203 0.0180915 0.0159877 0.0149402 0.0275112 0.0200631 0.0355864 0.0170499 0.0154421 0.0148146 0.0139389 0.0501896 0.0397622 0.0156216 0.0327823 0.0425797 0.0349171 0.011663 0.046258 0.039733
threshold=7401.7500000000009 9924.7500000000018 1902114.1875000002 3338100.7500000005 3694728.3750000005 63319.000000000007 19640.500000000004 4012500.7500000005 28066.000000000004 47565.500000000007 49236.500000000007 32119.000000000004 72944.250000000015 1440529.0000000002 1144477.1875000002 39029.832031250007 60684.500000000007 24214.500000000004 40875.000000000007 615970.75000000012 28028.750000000004 26848.750000000004 29512.166992187504 21708.000000000004 64.500000000000014 70.500000000000014 19580.250000000004 39142.250000000007 37988.875000000007 32775.500000000007
decision_type=2 2 2 2 2 2 2 2 2 2 2 2 2 2 2 2 2 2 2 2 2 2 2 2 2 2 2 2 2 2
left_child=-1 -2 13 5 -5 8 -6 -8 -4 11 -11 -10 -7 14 17 -15 -17 -3 -19 -20 21 23 -22 -9 26 -26 -25 28 29 -24
right_child=1 2 3 4 6 12 7 20 9 10 -12 -13 -14 15 -16 16 -18 18 19 -21 22 -23 27 24 25 -27 -28 -29 -30 -31
leaf_value=-0.0010713152936659754 0.0029238117765635254 -0.0026312201464128112 0.0046071011816029963 -0.0044436577393854454 -0.0036624717138086758 -0.0028108840532324935 0.00332681133315481 0.0020341588254792222 0.0016071179858408871 0.0059972241707146176 0.0016232450060280309 -0.0023307765567941326 0.00066337299795122824 0.00084291455513309872 0.0027298459141503932 -0.0054366164952516557 0.00014733228294755378 0.0023214331868550053 0.00099088818117577067 -0.0021152576452175922 -0.0035375482984818518 0.0049461920356127223 -0.0040753336748457518 -0.001219961257828843 -0.0044596281464691859 0.00093262993420163785 0.0045467004956056675 -2.8764176641429769e-05 0.0044477581817271381 0.0010125616769955466
leaf_weight=36 20 31 23 36 21 27 29 33 20 20 28 28 26 21 31 25 21 23 28 34 32 26 20 21 32 27 21 3665 29 66
leaf_count=36 20 31 23 36 21 27 29 33 20 20 28 28 26 21 31 25 21 23 28 34 32 26 20 21 32 27 21 3665 29 66
internal_value=-3.54012e-12 8.63964e-06 -4.47995e-06 1.96063e-05 -2.38192e-05 0.00104415 1.57418e-05 3.50476e-05 0.00200201 0.00137787 0.00344574 -0.000689987 -0.00110653 -0.000480578 8.35134e-05 -0.00171821 -0.00288742 -0.000623696 0.00010846 -0.000712482 1.1014e-05 0.000925392 -2.73649e-05 0.000145236 -0.000471936 -0.00199198 0.00166337 2.35097e-06 0.000993977 -0.00017067
internal_weight=4500 4464 4444 4230 4058 172 4022 4001 119 96 48 48 53 214 147 67 46 116 85 62 3972 160 3812 134 101 59 42 3780 115 86
internal_count=4500 4464 4444 4230 4058 172 4022 4001 119 96 48 48 53 214 147 67 46 116 85 62 3972 160 3812 134 101 59 42 3780 115 86
is_linear=0
shrinkage=0.1


Tree=64
num_leaves=31
num_cat=0
split_feature=7 7 1 7 8 4 7 9 3 5 7 7 7 1 8 3 6 1 6 9 4 10 5 5 10 8 1 1 8 9
split_gain=0.00385642 0.029983 0.0328035 0.0080805 0.0327506 0.0220318 0.0145078 0.00986524 0.00799907 0.0103064 0.029325 0.00861017 0.0197246 0.00816063 0.0188258 0.0443168 0.00788173 0.00773422 0.00752818 0.0266426 0.019728 0.0260038 0.0239691 0.0249417 0.0197827 0.0292498 0.0142779 0.0280162 0.0187393 0.0266359
threshold=171140208.00000003 183149632.00000003 71.500000000000014 155853448.00000003 62292.000000000007 42024.500000000007 150278088.00000003 86807.750000000015 101353.00000000001 97576.500000000015 88843452.000000015 143566496.00000003 138504008.00000003 77.500000000000014 61128.000000000007 60198.500000000007 91898.332031250015 66.500000000000014 40827.416015625007 51281.750000000007 41441.500000000007 81948.250000000015 76059.000000000015 82344.500000000015 89285.125000000015 64181.750000000007 71.500000000000014 73.500000000000014 72369.000000000015 107027.75000000001
decision_type=2 2 2 2 2 2 2 2 2 2 2 2 2 2 2 2 2 2 2 2 2 2 2 2 2 2 2 2 2 2
left_child=3 2 -2 6 5 -5 8 -6 9 11 17 12 13 -1 15 -15 -10 -11 -3 -20 22 -22 -21 -24 -23 -26 28 -28 -27 -30
right_child=1 18 -4 4 7 -7 -8 -9 16 10 -12 -13 -14 14 -16 -17 -18 -19 19 20 21 24 23 -25 25 26 27 -29 29 -31
leaf_value=-6.9853648299589424e-06 0.005045440692741137 -0.0018438494298607111 -2.7832107618451118e-05 -0.00080062424848702815 0.0024215605493571441 -0.0053865139093250041 0.0020439939254977032 -0.00060860970656254466 -0.0023820966482162478 -0.0013732868600636722 0.0040424164772654573 -0.0019120005619091291 0.0030440690932751059 -0.0025120657444598956 -0.0032366816191754955 0.0035649935759249187 -0.0004016076484135581 0.00065770290357371176 0.0028291343189211504 0.00063544369019967115 0.0033633623660231631 -0.0020195205928757788 -0.0057068775528750851 -0.00087831290438771252 0.0039463993255048997 0.0018463059370829303 0.0026939618826398383 -0.00032314911408203419 -0.0029562115418509797 0.00027635182812809944
leaf_weight=3356 26 21 25 22 22 20 34 21 22 25 24 24 21 28 26 21 232 75 33 28 24 44 20 23 20 22 46 93 52 50
leaf_count=3356 26 21 25 22 22 20 34 21 22 25 24 24 21 28 26 21 232 75 33 28 24 44 20 23 20 22 46 93 52 50
internal_value=2.15015e-12 0.000254179 0.00255854 -3.37157e-05 -0.000998241 -0.00298438 -1.26291e-05 0.00094171 -3.07726e-05 7.49483e-06 0.000903335 -2.44626e-05 -1.13396e-05 -3.00407e-05 -0.00106169 9.23882e-05 -0.000573146 0.000149955 7.28308e-06 9.272e-05 -0.000121265 0.000186246 -0.0016415 -0.00312416 -4.69364e-05 0.000259755 -2.05981e-05 0.000675319 -0.000800699 -0.00137162
internal_weight=4500 527 51 3973 85 42 3888 43 3854 3600 124 3476 3452 3431 75 49 254 100 476 455 422 351 71 43 327 283 263 139 124 102
internal_count=4500 527 51 3973 85 42 3888 43 3854 3600 124 3476 3452 3431 75 49 254 100 476 455 422 351 71 43 327 283 263 139 124 102
is_linear=0
shrinkage=0.1


Tree=65
num_leaves=31
num_cat=0
split_feature=1 4 8 3 4 4 9 6 4 9 6 1 4 4 1 4 5 6 8 8 6 4 3 9 9 10 7 7 8 5
split_gain=0.00375863 0.0199153 0.0114074 0.00860367 0.00751335 0.0116041 0.0112626 0.0251055 0.0228704 0.0097015 0.00967564 0.0180611 0.0173946 0.0465546 0.0446954 0.0236979 0.0193277 0.0469823 0.0302201 0.0235829 0.0263431 0.0204849 0.0182798 0.0168659 0.0117829 0.0408047 0.0391471 0.0632634 0.0323655 0.0241714
threshold=50.500000000000007 5237.5000000000009 54927.625000000007 10201.500000000002 8443.5000000000018 10277.500000000002 16567.000000000004 21046.583007812504 14545.500000000002 22659.500000000004 25063.583984375004 70.500000000000014 19592.000000000004 20881.500000000004 72.500000000000014 22072.000000000004 29297.500000000004 29512.166992187504 29297.000000000004 30312.000000000004 33574.000000000007 24301.500000000004 33508.000000000007 29957.250000000004 38964.250000000007 41331.750000000007 14155435.000000002 39722708.000000007 33976.375000000007 43261.500000000007
decision_type=2 2 2 2 2 2 2 2 2 2 2 2 2 2 2 2 2 2 2 2 2 2 2 2 2 2 2 2 2 2
left_child=2 -2 -1 -3 -5 -6 -7 8 -8 -9 11 -11 14 -14 -12 -15 -17 21 23 -20 -21 -18 -22 -19 26 -26 -24 28 -28 -27
right_child=1 3 -4 4 5 6 7 9 -10 10 12 -13 13 15 -16 16 17 18 19 20 22 -23 24 -25 25 29 27 -29 -30 -31
leaf_value=0.00067159420251846312 0.0025775974368055666 -0.0019367031803678558 -0.0023201328630630788 0.0014214391450238779 -0.0021578568965196611 0.0016944920756101897 -0.004670402153649114 0.0017193913727885847 1.9428122323006393e-06 -0.0032603525109589104 0.0040232983843556478 0.00071770526202661656 -0.0044972804668561919 0.003023793254620754 -0.001450335435443916 -0.0029608592158183455 0.00095841765869408846 -0.00039520283991640264 0.002799853336376449 -0.0033889582583113858 0.0030207794925081544 0.0053343632112322981 -0.0026790870019971439 -0.0040951838118157219 0.0045296158082783226 -0.0032311826023151691 9.824591688811779e-05 -0.0033192908058741265 0.0049063864629715686 2.0734874612217517e-05
leaf_weight=25 30 23 26 37 25 39 22 33 20 25 35 21 23 26 26 22 20 22 30 23 20 23 67 28 20 23 28 28 28 3682
leaf_count=25 30 23 26 37 25 39 22 33 20 25 35 21 23 26 26 22 20 22 30 23 20 23 67 28 20 23 28 28 28 3682
internal_value=-2.21403e-12 9.78503e-06 -0.0008536 -7.64751e-06 2.44537e-06 -9.59931e-06 2.79257e-06 -1.25686e-05 -0.00244548 1.14573e-05 -1.8986e-06 -0.00144428 1.39973e-05 -1.08636e-05 0.00169027 1.43657e-05 -4.88755e-06 1.12014e-05 -2.41517e-05 6.78066e-06 -1.46004e-05 0.00329904 5.32014e-06 -0.00246719 -1.02395e-05 2.48647e-05 -0.00087622 0.000561781 0.00250232 5.47533e-07
internal_weight=4500 4449 51 4419 4396 4359 4334 4295 42 4253 4220 46 4174 4113 61 4090 4064 4042 3999 3949 3919 43 3896 50 3876 3725 151 84 56 3705
internal_count=4500 4449 51 4419 4396 4359 4334 4295 42 4253 4220 46 4174 4113 61 4090 4064 4042 3999 3949 3919 43 3896 50 3876 3725 151 84 56 3705
is_linear=0
shrinkage=0.1


Tree=66
num_leaves=31
num_cat=0
split_feature=8 8 9 3 8 3 5 9 8 9 9 3 4 4 9 4 7 6 3 6 6 7 3 9 9 1 10 1 3 1
split_gain=0.00460754 0.0147211 0.0068308 0.0108814 0.0121133 0.0132296 0.013382 0.00760754 0.00818156 0.016305 0.00857724 0.0185962 0.0138572 0.0729868 0.0383607 0.0225799 0.0163304 0.0233031 0.0127383 0.0595096 0.0262335 0.0221828 0.0165413 0.0286382 0.0507797 0.0591886 0.0371983 0.0412492 0.0248186 0.0452584
threshold=7401.7500000000009 10232.750000000002 13136.750000000002 15110.000000000002 15001.000000000002 20340.500000000004 24591.000000000004 22659.500000000004 22099.625000000004 25122.000000000004 26848.750000000004 28196.000000000004 24301.500000000004 25429.500000000004 29416.250000000004 22072.000000000004 96665480.000000015 43426.083984375007 32775.500000000007 34280.500000000007 35408.917968750007 11805397.500000002 38501.000000000007 38964.250000000007 38312.250000000007 71.500000000000014 43090.250000000007 73.500000000000014 43585.000000000007 72.500000000000014
decision_type=2 2 2 2 2 2 2 2 2 2 2 2 2 2 2 2 2 2 2 2 2 2 2 2 2 2 2 2 2 2
left_child=-1 -2 -3 -4 -5 -6 -7 -8 -9 -10 -11 -12 14 -14 -13 16 -16 -18 -15 21 -21 -20 -22 24 25 -24 27 -25 29 -28
right_child=1 2 3 4 5 6 7 8 9 10 11 12 13 18 15 -17 17 -19 19 20 22 -23 23 26 -26 -27 28 -29 -30 -31
leaf_value=-0.001126779618466066 0.0020230920755744189 -0.0018511888175271451 0.0020814301143400374 -0.0018909688723985766 0.0020297064160331502 -0.0020813131855139809 0.0017792735248804094 -0.0014478769236936785 0.0026624693899698882 -0.0016921857352523756 0.0027803392945012703 -0.0044592699161372503 0.0052039563880060561 -0.0017247226699065893 0.0028789228720900915 -0.0025201403939475618 -0.0018033226346597078 0.002475642368917761 0.0056840289549048373 -0.0032653666250407696 0.0019823592174627886 0.0012879013676535 -0.0028774636172939367 0.0045266275913958013 -0.0062524381675757475 0.0032218051340001139 -0.004730407542859515 -0.0010223277245781251 -3.7671395794521013e-06 0.0012410341423343529
leaf_weight=36 36 20 25 34 32 31 24 39 23 30 24 26 27 43 24 30 35 20 24 25 41 22 41 37 20 26 30 21 3632 22
leaf_count=36 36 20 25 34 32 31 24 39 23 30 24 26 27 43 24 30 35 20 24 25 41 22 41 37 20 26 30 21 3632 22
internal_value=-1.06158e-12 9.08693e-06 -7.28709e-06 1.07907e-06 -1.0787e-05 3.9121e-06 -1.11042e-05 3.8693e-06 -6.12828e-06 7.18647e-06 -7.35437e-06 4.76672e-06 -1.13003e-05 2.22397e-05 -0.00100781 -0.000184528 0.000702414 -0.000247335 -1.28773e-05 5.80052e-06 -3.64289e-05 0.00358153 -1.55702e-05 -3.69635e-05 -0.00183055 -0.000510583 4.73667e-06 0.00251752 -3.4824e-05 -0.00220403
internal_weight=4500 4464 4428 4408 4383 4349 4317 4286 4262 4223 4200 4170 4146 4011 135 109 79 55 3984 3941 3895 46 3870 3829 87 67 3742 58 3684 52
internal_count=4500 4464 4428 4408 4383 4349 4317 4286 4262 4223 4200 4170 4146 4011 135 109 79 55 3984 3941 3895 46 3870 3829 87 67 3742 58 3684 52
is_linear=0
shrinkage=0.1


Tree=67
num_leaves=31
num_cat=0
split_feature=7 7 9 1 7 4 5 10 3 5 10 1 9 5 3 8 4 9 1 4 3 5 1 1 5 8 9 10 8 9
split_gain=0.00384644 0.0278928 0.106028 0.0323596 0.0233303 0.0116165 0.0213977 0.0205433 0.0179995 0.0180801 0.0474116 0.0636537 0.0506561 0.0211735 0.038193 0.0255603 0.0633378 0.047473 0.052124 0.0494585 0.0242138 0.0211402 0.0243457 0.0497392 0.0181757 0.015227 0.0129187 0.0111386 0.114524 0.0296632
threshold=8833142.5000000019 9789713.5000000019 46272.000000000007 71.500000000000014 8401999.7500000019 8443.5000000000018 35090.000000000007 26783.000000000004 28917.500000000004 41117.500000000007 43090.250000000007 73.500000000000014 37769.750000000007 52139.500000000007 46679.500000000007 38615.375000000007 33022.500000000007 43303.000000000007 69.500000000000014 38448.500000000007 47050.500000000007 40020.000000000007 71.500000000000014 67.500000000000014 52998.000000000007 42580.250000000007 28028.750000000004 77153.000000000015 71470.875000000015 65576.500000000015
decision_type=2 2 2 2 2 2 2 2 2 2 2 2 2 2 2 2 2 2 2 2 2 2 2 2 2 2 2 2 2 2
left_child=4 2 -2 -4 27 6 -3 -7 -9 21 11 12 -11 15 -15 16 20 -17 -19 25 -12 22 23 26 -16 -20 -10 28 29 -1
right_child=1 5 3 -5 -6 7 -8 8 9 10 13 -13 -14 14 24 17 -18 18 19 -21 -22 -23 -24 -25 -26 -27 -28 -29 -30 -31
leaf_value=5.0010260459180859e-05 0.0074782599316677084 0.0040101235127076506 0.0020693958778264781 -0.0023672875828508822 -0.0026742591160453032 -0.002622152992213766 -0.00061563882394693797 0.0024048055274291866 0.0025180506089236589 0.0013754066778346897 -0.0035179179915918639 -0.001319977509722646 0.0078072904944419862 0.0044001454114913942 0.0028782843866131526 -0.0051645568656650464 0.0034651826880259537 -0.0041128662662700778 -0.0031798118122969756 0.0045909274126524511 0.00031464453641092408 -0.0039065002686465566 0.0017563416215125472 -0.0044222201397026177 -7.1017088122189634e-06 0.0007223704643547535 -0.00080958422206874416 -0.00099275521401705961 0.0063354865947206108 -0.001860128025747026
leaf_weight=699 24 20 31 35 36 30 20 31 20 24 34 28 25 20 22 33 38 31 20 23 32 23 32 34 2850 20 28 117 28 92
leaf_count=699 24 20 31 35 36 30 20 31 20 24 34 28 25 20 22 33 38 31 20 23 32 23 32 34 2850 20 28 117 28 92
internal_value=4.63626e-12 4.8528e-05 0.00178638 -0.000283391 -0.000176139 3.03439e-06 0.00169724 -1.69092e-05 6.29666e-06 -1.5985e-05 3.21774e-05 0.00248354 0.00465698 -2.82629e-05 4.53269e-05 -0.000949569 0.00021285 -0.00190147 -0.000755919 0.000895913 -0.00165971 -0.00114094 -0.000582982 -0.00149589 1.50008e-05 -0.00122872 0.00057693 -8.0057e-05 5.03285e-05 -0.000172155
internal_weight=4500 3528 90 66 972 3438 40 3398 3368 3337 3200 77 49 3123 2892 231 104 127 94 63 66 137 114 82 2872 40 48 936 819 791
internal_count=4500 3528 90 66 972 3438 40 3398 3368 3337 3200 77 49 3123 2892 231 104 127 94 63 66 137 114 82 2872 40 48 936 819 791
is_linear=0
shrinkage=0.1


Tree=68
num_leaves=31
num_cat=0
split_feature=8 9 3 8 4 3 8 3 5 5 9 1 1 3 6 7 3 9 8 8 3 9 6 6 8 3 3 5 5 7
split_gain=0.00387652 0.0124378 0.00455797 0.0182399 0.0109165 0.00830976 0.0187232 0.00603969 0.0165655 0.00887874 0.00874853 0.0371138 0.0184752 0.0149391 0.0250494 0.0224522 0.0162721 0.0296606 0.022123 0.0434384 0.0138949 0.00672869 0.0214017 0.00905285 0.0444517 0.0207282 0.0150026 0.0346852 0.0232674 0.0123605
threshold=7401.7500000000009 9924.7500000000018 11837.500000000002 11222.625000000002 8443.5000000000018 15110.000000000002 15001.000000000002 20340.500000000004 24591.000000000004 26908.000000000004 26848.750000000004 66.500000000000014 70.500000000000014 30606.500000000004 29512.166992187504 6120819.2500000009 32105.500000000004 32119.000000000004 29814.000000000004 30893.500000000004 37932.000000000007 34227.750000000007 35408.917968750007 37139.416015625007 33976.375000000007 38900.500000000007 41220.000000000007 43261.500000000007 42278.000000000007 793973.81250000012
decision_type=2 2 2 2 2 2 2 2 2 2 2 2 2 2 2 2 2 2 2 2 2 2 2 2 2 2 2 2 2 2
left_child=-1 -2 -3 -4 -5 -6 -7 -8 -9 -10 11 -11 -13 15 -15 -12 -16 20 -19 -20 -18 -21 -23 24 -24 -25 28 -28 -27 -29
right_child=1 2 3 4 5 6 7 8 9 10 13 12 -14 14 16 -17 17 18 19 21 -22 22 23 25 -26 26 27 29 -30 -31
leaf_value=-0.0010335359683570763 0.0024965168826747691 0.0015033675613813104 -0.0030227644287515436 0.0019722471421118825 0.0018871888219702826 -0.0028039761392089232 0.0014108007789279025 -0.0023546706015865008 0.0017783060453699104 0.0015638269618405806 -0.00016087192071912191 -0.0052399094053544107 -0.000993108722780432 -0.0033021495277669442 -0.0028381346259266139 0.003942682258517986 0.003679351031314582 -0.0023801691627177678 0.0044443922286683864 0.0015332560370942313 0.00041468457361175251 -0.0027772693612080602 -0.0020262765295531913 -0.0025966145000570727 0.0036298502081384266 0.0041556490712206474 -0.0038128444857041667 0.0020225981805318347 -0.00015704510412339507 -1.5414082858947105e-05
leaf_weight=36 20 20 20 28 23 24 30 30 28 30 30 20 21 23 20 24 32 39 22 28 22 28 24 31 33 22 24 30 29 3709
leaf_count=36 20 20 20 28 23 24 30 30 28 30 30 20 21 23 20 24 32 39 22 28 22 28 24 31 33 22 24 30 29 3709
internal_value=-5.12316e-12 8.33496e-06 -2.86298e-06 -9.67234e-06 4.0111e-06 -8.58274e-06 -1.85994e-05 -3.1573e-06 -1.30244e-05 3.43128e-06 -8.28683e-06 -0.001109 -0.00306472 1.04543e-05 -1.12255e-05 0.00166293 7.26739e-06 2.12394e-05 -1.00408e-05 1.3184e-05 0.0023493 -1.14462e-05 -2.24517e-05 -2.6837e-06 0.00124832 -2.12292e-05 -2.96587e-07 -2.33859e-05 0.00170333 9.37981e-07
internal_weight=4500 4464 4444 4424 4404 4376 4353 4329 4299 4269 4241 71 41 4170 4116 54 4093 4073 4019 3980 54 3958 3930 3902 57 3845 3814 3763 51 3739
internal_count=4500 4464 4444 4424 4404 4376 4353 4329 4299 4269 4241 71 41 4170 4116 54 4093 4073 4019 3980 54 3958 3930 3902 57 3845 3814 3763 51 3739
is_linear=0
shrinkage=0.1


Tree=69
num_leaves=31
num_cat=0
split_feature=7 7 1 10 3 1 1 8 1 3 7 3 7 7 7 1 8 5 7 4 9 8 6 4 7 5 1 3 3 7
split_gain=0.0042348 0.0238553 0.0191525 0.0282987 0.0503452 0.0166291 0.0125951 0.0299696 0.00956243 0.00799832 0.00704235 0.0182828 0.0121083 0.0567833 0.0239828 0.0566379 0.0117868 0.0221439 0.0358301 0.01018 0.00954795 0.0463935 0.0356959 0.0207666 0.0202003 0.0305413 0.00785421 0.0300337 0.07835 0.0405193
threshold=1790452.5625000002 2034894.8750000002 59.500000000000007 33811.000000000007 53525.000000000007 71.500000000000014 68.500000000000014 13851.625000000002 54.500000000000007 74916.000000000015 2466178.2500000005 46345.500000000007 3338100.7500000005 3694728.3750000005 3145645.0000000005 72.500000000000014 10232.750000000002 21600.500000000004 4012500.7500000005 46283.500000000007 28028.750000000004 23501.375000000004 29512.166992187504 10987.500000000002 10194396.000000002 30992.000000000004 67.500000000000014 66207.000000000015 63017.500000000007 15359761.000000002
decision_type=2 2 2 2 2 2 2 2 2 2 2 2 2 2 2 2 2 2 2 2 2 2 2 2 2 2 2 2 2 2
left_child=2 -2 8 6 5 -5 7 -4 -1 -6 11 -3 14 -14 15 19 -15 -18 -19 -12 21 23 -22 -20 -25 -26 27 28 29 -24
right_child=1 10 3 4 9 -7 -8 -9 -10 -11 12 -13 13 16 -16 -17 17 18 20 -21 22 -23 26 24 25 -27 -28 -29 -30 -31
leaf_value=0.00010846665603681827 0.0025860279329612645 0.001265330230817199 -0.0062147930264472963 0.0044109074592900777 -0.0023996825884789862 0.00072574381530284883 -0.00073989458313142818 -0.00098970829580060163 0.0029775069438896721 -1.2019900314044207e-05 -0.0031248549904628617 -0.0025450078620933175 -0.0039660972116204599 0.0023860874231017774 0.0031680650724512011 0.0043777372954147201 -0.0027425273823359145 0.0036612986380027399 0.0025471143556801096 -0.0002943000562178592 -0.0033499208846478725 0.0040332781332408025 -0.0011544403708096793 0.0012085460498929025 -0.0036991328894588598 0.0011511275882367046 -7.7486606826255528e-05 -0.00020763375462555143 0.00468241969427588 0.0012156533393828037
leaf_weight=26 36 20 21 24 47 25 27 23 21 20 27 34 36 21 36 21 29 27 22 24 32 34 111 30 37 20 2863 551 49 206
leaf_count=26 36 20 21 24 47 25 27 23 21 20 27 34 36 21 36 21 29 27 22 24 32 34 111 30 37 20 2863 551 49 206
internal_value=3.46972e-13 2.272e-05 -0.000414203 -0.00086776 9.46543e-05 0.00253072 -0.00244016 -0.0034835 0.00139038 -0.00168695 9.04591e-07 -0.00113377 1.55771e-05 -1.21678e-05 0.00106063 6.9194e-06 2.31352e-05 1.07637e-05 3.08153e-05 -0.00179283 6.0307e-06 0.000808245 -2.40628e-05 -0.000197729 -0.000891827 -0.00199729 4.09257e-06 0.000258794 0.000960984 0.000385747
internal_weight=4500 4266 234 187 116 49 71 44 47 67 4230 54 4176 4068 108 72 4032 4011 3982 51 3955 143 3812 109 87 57 3780 917 366 317
internal_count=4500 4266 234 187 116 49 71 44 47 67 4230 54 4176 4068 108 72 4032 4011 3982 51 3955 143 3812 109 87 57 3780 917 366 317
is_linear=0
shrinkage=0.1


Tree=70
num_leaves=31
num_cat=0
split_feature=4 4 4 4 10 4 6 10 1 5 10 3 10 7 5 8 4 9 5 1 1 7 6 9 8 9 7 8 4 8
split_gain=0.00379978 0.0210671 0.0199669 0.0203861 0.0130138 0.0141002 0.0257735 0.0276351 0.0246844 0.0152871 0.0374036 0.0203552 0.0197248 0.0419961 0.0185609 0.0115541 0.027962 0.016136 0.0217837 0.0226959 0.048807 0.0235571 0.0106833 0.0125478 0.0535402 0.0433721 0.0223567 0.0217552 0.0304237 0.0193412
threshold=16778.000000000004 14545.500000000002 18883.500000000004 20368.500000000004 27471.125000000004 21439.000000000004 29512.166992187504 33811.000000000007 67.500000000000014 37409.500000000007 37193.250000000007 34933.000000000007 39142.250000000007 7544134.5000000009 41117.500000000007 18562.000000000004 12738.000000000002 19489.750000000004 19640.500000000004 68.500000000000014 63.500000000000007 2466178.2500000005 36602.917968750007 40320.250000000007 37842.125000000007 41002.750000000007 44760620.000000007 40748.250000000007 29630.500000000004 42275.875000000007
decision_type=2 2 2 2 2 2 2 2 2 2 2 2 2 2 2 2 2 2 2 2 2 2 2 2 2 2 2 2 2 2
left_child=1 15 -2 -4 -5 -6 8 -8 -7 11 -11 -9 13 -12 -14 16 17 18 19 20 21 -1 -16 24 26 -25 -24 -27 -29 -30
right_child=2 -3 3 4 5 6 7 9 -10 10 12 -13 14 -15 22 -17 -18 -19 -20 -21 -22 -23 23 25 -26 27 -28 28 29 -31
leaf_value=0.0020535795527055513 -0.0019330286994335003 0.0026169176339559883 0.0023716475879256098 -0.0019384361184867365 -0.0024187903618212662 0.0042415805493614504 -0.0027758924057707194 0.0042146747792139649 7.8926111796292773e-05 -0.0043286255747079852 -0.0013322939785818258 0.00012275824743893839 -0.0025833470514044169 0.0046302798014410118 0.0020208532859284718 0.0015869293325139506 -0.0035088096997545415 -0.0023464705628364092 0.003618757110089064 0.0029151194093918259 -0.0048890937895824521 -0.001759404663103991 0.0013429246802563566 0.0036272694286184782 -0.0056074765643903193 -0.0011123666342829767 -0.0018729305278660882 0.0036645279832832191 0.0015055928392993176 -2.1547985686411909e-05
leaf_weight=43 54 36 36 35 24 28 36 20 29 20 21 31 28 27 26 38 24 22 20 22 21 26 52 33 21 172 37 23 85 3410
leaf_count=43 54 36 36 35 24 28 36 20 29 20 21 31 28 27 26 38 24 22 20 22 21 26 52 33 21 172 37 23 85 3410
internal_value=-2.97061e-13 0.000377281 -2.23811e-05 2.21955e-06 -1.8295e-05 -1.99497e-06 1.21556e-05 -1.76218e-05 0.00212374 7.16543e-06 -1.50175e-05 0.00172743 6.90679e-06 0.00202165 -1.7973e-05 4.008e-06 -0.000333919 0.000160869 0.000578759 3.59023e-05 -0.000667906 0.000616803 6.40727e-07 -1.30628e-05 -0.00106567 1.80375e-05 5.99611e-06 -1.42402e-05 3.94488e-05 1.55928e-05
internal_weight=4500 252 4248 4194 4158 4123 4099 4042 57 4006 3955 51 3935 48 3887 216 178 154 132 112 90 69 3859 3833 110 3723 89 3690 3518 3495
internal_count=4500 252 4248 4194 4158 4123 4099 4042 57 4006 3955 51 3935 48 3887 216 178 154 132 112 90 69 3859 3833 110 3723 89 3690 3518 3495
is_linear=0
shrinkage=0.1


Tree=71
num_leaves=31
num_cat=0
split_feature=1 4 3 8 3 9 9 6 3 9 10 1 4 7 4 5 6 3 6 10 3 10 7 3 3 5 10 8 4 4
split_gain=0.0039168 0.0182687 0.00970979 0.00895878 0.0116824 0.0124792 0.00916273 0.00860541 0.0277271 0.0147167 0.00722045 0.0100498 0.00783614 0.027857 0.024123 0.0227517 0.032959 0.0236154 0.0206495 0.0203304 0.0182122 0.0170934 0.0170449 0.0121659 0.012527 0.02116 0.0197787 0.0152646 0.0356872 0.0276563
threshold=50.500000000000007 5237.5000000000009 54566.500000000007 9117.6250000000018 11837.500000000002 13136.750000000002 16567.000000000004 21046.583007812504 20340.500000000004 21907.250000000004 26783.000000000004 68.500000000000014 19592.000000000004 104199140.00000001 20881.500000000004 29297.500000000004 29512.166992187504 32105.500000000004 40199.000000000007 30529.000000000004 34933.000000000007 36577.875000000007 6465381.7500000009 38501.000000000007 40345.500000000007 41117.500000000007 41331.750000000007 40748.250000000007 29630.500000000004 35249.500000000007
decision_type=2 2 2 2 2 2 2 2 2 2 2 2 2 2 2 2 2 2 2 2 2 2 2 2 2 2 2 2 2 2
left_child=2 -2 -1 -3 -5 -6 -7 8 -8 -9 11 -11 13 -12 -14 -16 19 -18 -15 -17 22 -22 -19 -23 25 -25 -26 29 -29 -28
right_child=1 3 -4 4 5 6 7 9 -10 10 12 -13 14 18 15 16 17 20 -20 -21 21 23 -24 24 26 -27 27 28 -30 -31
leaf_value=-0.0025205665489747412 0.0024693569370235007 -0.0021183691965416074 0.00028305663707821322 0.0023558670638262162 -0.0024402597276050424 0.001663314106620171 0.00089768592626097857 0.0027123421645956114 -0.0037737408458876111 -0.0028654490641894796 0.0028700881137898784 0.00010196663439273834 -0.0030501244703862959 -0.0022716183260443712 -0.0032775125067148895 0.0046729093766771255 -0.0025954731141350101 0.0038347012926048286 0.0016830208407633978 0.00063676984640411458 -0.0022760135544971985 0.0017668596898707059 -1.8831291659311817e-05 0.00020795247077734936 0.0022851359025624239 -0.0034574115648865703 -5.742918964036411e-05 0.0040638736660846258 2.3506330099700925e-05 -0.0022240182995686636
leaf_weight=21 30 20 30 21 21 33 27 20 24 21 41 25 26 31 21 24 35 24 23 26 33 39 22 36 38 28 192 22 3461 85
leaf_count=21 30 20 30 21 21 33 27 20 24 21 41 25 26 31 21 24 35 24 23 26 33 39 22 36 38 28 192 22 3461 85
internal_value=-1.59408e-12 9.9888e-06 -0.000871376 -6.70752e-06 2.89313e-06 -8.39341e-06 3.32777e-06 -9.34095e-06 -0.00130063 6.07115e-06 -6.65526e-06 -0.00125272 6.96944e-06 0.000904873 -1.37749e-05 5.54595e-06 2.25064e-05 -9.26957e-06 -0.000587235 0.00257412 1.34734e-05 -9.65794e-06 0.00199171 9.514e-06 -8.23237e-06 -0.00139564 1.51469e-05 -7.7945e-06 4.90269e-05 -0.000722267
internal_weight=4500 4449 51 4419 4399 4378 4357 4324 51 4273 4253 46 4207 95 4112 4086 4065 4015 54 50 3980 3934 46 3901 3862 64 3798 3760 3483 277
internal_count=4500 4449 51 4419 4399 4378 4357 4324 51 4273 4253 46 4207 95 4112 4086 4065 4015 54 50 3980 3934 46 3901 3862 64 3798 3760 3483 277
is_linear=0
shrinkage=0.1


Tree=72
num_leaves=31
num_cat=0
split_feature=7 7 7 7 1 1 3 5 3 1 1 7 3 7 10 6 3 5 3 6 1 6 7 6 1 5 9 3 7 4
split_gain=0.00374427 0.0197821 0.0189586 0.0154244 0.0146359 0.0314443 0.0194227 0.0298128 0.0108156 0.00602079 0.0231375 0.027363 0.023427 0.0213661 0.0243993 0.151714 0.100133 0.0525989 0.0827759 0.0381694 0.0357699 0.0354303 0.0263226 0.023262 0.0172258 0.0205594 0.0456357 0.0367715 0.0195746 0.0164585
threshold=1790452.5625000002 1440529.0000000002 2034894.8750000002 1144477.1875000002 59.500000000000007 65.500000000000014 54791.500000000007 41117.500000000007 57452.000000000007 63.500000000000007 64.500000000000014 42156408.000000007 44591.000000000007 2996246.6250000005 58896.625000000007 49513.333984375007 63017.500000000007 48034.500000000007 38501.000000000007 59387.666015625007 59.500000000000007 28791.833007812504 13845519.000000002 21046.583007812504 62.500000000000007 79803.500000000015 80209.500000000015 72954.500000000015 88843452.000000015 60723.500000000007
decision_type=2 2 2 2 2 2 2 2 2 2 2 2 2 2 2 2 2 2 2 2 2 2 2 2 2 2 2 2 2 2
left_child=1 3 -2 4 -1 -6 7 -7 -3 13 11 12 -11 -4 15 17 -16 18 21 -18 -19 22 23 -15 25 27 -27 -21 -28 -29
right_child=2 8 9 -5 5 6 -8 -9 -10 10 -12 -13 -14 14 16 -17 19 20 -20 24 -22 -23 -24 -25 -26 26 28 29 -30 -31
leaf_value=0.0015373713438748384 0.0023064990851303772 -0.0031535884680445585 -0.0034318232443183664 0.0019655203589031265 -0.0042766061717305678 -0.00060407741604229584 -0.0020858289172587495 0.0041446822416037329 -0.0002229194500250742 0.0032217844476690517 3.9434939814888927e-06 0.0035596570692723616 -0.00079488984379425367 -0.0030887883889523372 -0.0055457630041545556 0.0076602389553078899 0.003915124704045328 -0.00017526383795168091 0.005022814648338792 -0.00078688861738721082 -0.0054975827191291113 -0.0041971433624301271 0.002721536385901605 0.0012917568547312509 -0.0020144393400254625 -0.0036692212353675413 -0.00041424158214246984 0.0013739337667357178 0.0029312293936053051 0.0054308375852997418
leaf_weight=32 36 34 21 36 22 39 31 20 20 20 3552 40 53 27 38 27 22 23 33 44 28 23 28 22 54 39 73 20 23 20
leaf_count=32 36 34 21 36 22 39 31 20 20 20 3552 40 53 27 38 27 22 23 33 44 28 23 28 22 54 39 73 20 23 20
internal_value=-1.39165e-12 -0.000389475 2.13636e-05 0.000114129 -0.000348719 -0.000887602 -5.91786e-05 0.00100567 -0.00206816 1.91565e-06 4.87586e-05 0.00145746 0.000305569 -0.000301941 -0.000181119 0.000660218 -0.000714218 -0.000366959 0.000680022 -9.18496e-05 -0.00309732 -0.000753099 0.000275641 -0.00112201 -0.000414756 -2.03135e-05 -0.0007846 0.001208 0.000387278 0.00340239
internal_weight=4500 234 4266 180 144 112 90 59 54 4230 3665 113 73 565 544 211 333 184 133 295 51 100 77 49 273 219 135 84 96 40
internal_count=4500 234 4266 180 144 112 90 59 54 4230 3665 113 73 565 544 211 333 184 133 295 51 100 77 49 273 219 135 84 96 40
is_linear=0
shrinkage=0.1


Tree=73
num_leaves=31
num_cat=0
split_feature=10 8 10 8 3 3 10 3 7 7 7 7 4 7 7 10 5 7 10 8 3 1 1 5 7 7 8 4 7 3
split_gain=0.00338996 0.00684624 0.0059127 0.0276956 0.0154002 0.00866258 0.0083141 0.0103067 0.00697199 0.00883587 0.00820644 0.00646903 0.0239851 0.0066429 0.00493743 0.017057 0.0494059 0.0248518 0.0125866 0.0115577 0.00897996 0.00836499 0.00657242 0.0136908 0.0318237 0.00518103 0.0346009 0.0174888 0.0124917 0.00583625
threshold=147849.62500000003 109157.25000000001 115946.62500000001 86977.000000000015 114507.00000000001 121613.00000000001 110396.37500000001 110584.00000000001 512846064.00000006 374349968.00000006 340854208.00000006 276705856.00000006 50341.000000000007 255796776.00000003 171140208.00000003 85376.625000000015 84041.000000000015 193853328.00000003 89970.750000000015 72045.000000000015 105310.50000000001 72.500000000000014 77.500000000000014 76893.000000000015 19643844.000000004 155853448.00000003 62292.000000000007 42024.500000000007 150278088.00000003 101353.00000000001
decision_type=2 2 2 2 2 2 2 2 2 2 2 2 2 2 2 2 2 2 2 2 2 2 2 2 2 2 2 2 2 2
left_child=1 2 4 -4 6 -5 7 8 9 10 11 13 -13 14 22 16 17 -16 -17 -20 -21 -19 25 24 -24 28 27 -27 29 -1
right_child=-2 -3 3 5 -6 -7 -8 -9 -10 -11 -12 12 -14 -15 15 18 -18 21 19 20 -22 -23 23 -25 -26 26 -28 -29 -30 -31
leaf_value=2.8632890572122615e-05 0.00099474326365024744 -0.00098170323349030457 0.0036616281364113094 0.0014691763557493688 -0.0019892547300491385 -0.00067690666525295994 0.0016944184150157401 -0.002070996700786054 -0.0016922630912934739 0.0015769120467464546 -0.0019683493279098047 -0.00085203834169078618 0.0031186089233760242 -0.0018198692938312889 0.0023681480955753116 -0.0025009163857802105 0.0057245574514603334 4.6606949486193208e-05 0.0020813047563106838 -0.0022763886000029747 0.00068438068708582297 -0.0027759200627250329 -0.0025560535318045704 -0.0027463402992536972 0.0021056504934676922 -0.00077813632828606805 0.0016032968760665619 -0.0048639521049335596 0.0021627554738963095 -0.0006413668913214847
leaf_weight=3519 34 71 25 26 39 68 29 24 24 36 21 32 29 20 31 23 21 21 22 20 21 21 27 27 32 22 33 20 27 135
leaf_count=3519 34 71 25 26 39 68 29 24 24 36 21 32 29 20 31 23 21 21 22 20 21 21 27 27 32 22 33 20 27 135
internal_value=1.04851e-12 -7.57306e-06 8.16375e-06 0.000703442 -1.11857e-05 -8.33092e-05 7.0217e-06 -4.60722e-06 7.24588e-06 1.70507e-05 3.4341e-06 1.35261e-05 0.00103565 -1.89927e-06 7.14086e-06 0.000519025 0.00145014 0.000220507 -0.000498699 0.000232269 -0.000759897 -0.00136466 -1.68412e-05 -0.000881207 -2.76717e-05 2.94988e-06 -0.000819857 -0.00272376 1.97145e-05 3.8792e-06
internal_weight=4500 4466 4395 119 4276 94 4237 4208 4184 4160 4124 4103 61 4042 4022 180 94 73 86 63 41 42 3842 86 59 3756 75 42 3681 3654
internal_count=4500 4466 4395 119 4276 94 4237 4208 4184 4160 4124 4103 61 4042 4022 180 94 73 86 63 41 42 3842 86 59 3756 75 42 3681 3654
is_linear=0
shrinkage=0.1


Tree=74
num_leaves=31
num_cat=0
split_feature=1 4 3 8 3 9 9 8 3 4 4 3 9 9 9 8 8 9 8 6 6 6 10 6 6 9 3 5 9 9
split_gain=0.00327546 0.0153351 0.00907299 0.00671312 0.0093538 0.00909122 0.0080018 0.00851097 0.0265804 0.0148534 0.0137015 0.0156586 0.0142608 0.0116902 0.0226558 0.00839953 0.00452815 0.0266959 0.0216759 0.0171201 0.0209438 0.0242831 0.025165 0.0164153 0.0173833 0.0270897 0.0466073 0.0286532 0.0228916 0.0267503
threshold=50.500000000000007 5237.5000000000009 54566.500000000007 9117.6250000000018 11837.500000000002 13136.750000000002 16567.000000000004 18562.000000000004 21708.000000000004 15798.500000000002 18883.500000000004 24214.500000000004 23478.750000000004 25122.000000000004 26848.750000000004 27157.375000000004 29297.000000000004 32119.000000000004 30312.000000000004 33574.000000000007 34763.833984375007 35865.166015625007 39142.250000000007 38505.250000000007 39994.416015625007 40320.250000000007 40875.000000000007 44119.000000000007 41929.500000000007 41294.250000000007
decision_type=2 2 2 2 2 2 2 2 2 2 2 2 2 2 2 2 2 2 2 2 2 2 2 2 2 2 2 2 2 2
left_child=2 -2 -1 -3 -5 -6 -7 8 -8 15 12 -12 -11 -13 -15 -9 17 -16 -18 -20 -21 -22 -23 -24 -25 -26 -27 -28 29 -29
right_child=1 3 -4 4 5 6 7 9 -10 10 11 13 -14 14 16 -17 18 -19 19 20 21 22 23 24 25 26 27 28 -30 -31
leaf_value=-0.0023910430038259142 0.0022624059986749976 -0.0018341043125838044 0.0003190865945847084 0.0021076001071681579 -0.0020836165817897947 0.0015533181852802184 0.00082081135267137806 0.0030331031158566477 -0.0032570566775487562 -0.0034067427273839716 0.0026110152025585593 0.0021082926362466356 -0.00020307878201658079 -0.0028040129450503095 0.00010676258969651435 0.00032024627240995565 0.0025710377997408313 -0.0038407522830225175 -0.0026652644039131704 0.0027388890290499799 -0.0027935008691143126 0.0032445522219253088 -0.0015435435957710177 0.001956182423695598 -0.0027296091371681545 0.0043299865946173667 -0.0034464019942485415 -0.00021763346546019118 -9.1314928755662587e-06 0.0044563417721074075
leaf_weight=21 30 20 30 21 21 33 33 25 31 24 23 26 33 29 93 21 33 21 24 28 31 24 68 46 36 25 24 24 3577 25
leaf_count=21 30 20 30 21 21 33 33 25 31 24 23 26 33 29 93 21 33 21 24 28 31 24 68 46 36 25 24 24 3577 25
internal_value=3.85484e-12 9.13448e-06 -0.000796849 -6.16267e-06 2.14804e-06 -7.9512e-06 2.05315e-06 -9.78583e-06 -0.00115441 7.41034e-06 -1.20989e-05 9.01581e-06 -0.00155199 -5.46072e-06 -1.88389e-05 0.00179462 9.62528e-07 -0.000620411 1.8828e-05 -2.59187e-06 1.37603e-05 -5.90561e-06 1.65458e-05 -3.70836e-06 2.4162e-05 2.13441e-07 2.69546e-05 -2.51826e-06 2.02763e-05 0.00216705
internal_weight=4500 4449 51 4419 4399 4378 4357 4324 64 4260 4214 4157 57 4134 4108 46 4079 114 3965 3932 3908 3880 3849 3825 3757 3711 3675 3650 3626 49
internal_count=4500 4449 51 4419 4399 4378 4357 4324 64 4260 4214 4157 57 4134 4108 46 4079 114 3965 3932 3908 3880 3849 3825 3757 3711 3675 3650 3626 49
is_linear=0
shrinkage=0.1


Tree=75
num_leaves=31
num_cat=0
split_feature=8 9 7 7 7 5 3 5 4 5 7 9 7 7 3 7 7 6 3 10 9 1 1 4 5 6 6 9 7 4
split_gain=0.00378499 0.0130999 0.00514734 0.0143995 0.0455263 0.0287061 0.0161874 0.0345865 0.0169183 0.0157619 0.0180662 0.01348 0.0125682 0.0196536 0.0140428 0.0165611 0.0139891 0.0139116 0.0311285 0.0122943 0.0107892 0.00513788 0.0270298 0.0383251 0.10112 0.0603542 0.0385618 0.0631461 0.0741009 0.0350053
threshold=7401.7500000000009 9924.7500000000018 1902114.1875000002 3338100.7500000005 3694728.3750000005 28066.000000000004 63319.000000000007 47565.500000000007 49236.500000000007 19640.500000000004 4012500.7500000005 32119.000000000004 1440529.0000000002 1144477.1875000002 47050.500000000007 793973.81250000012 615970.75000000012 39029.832031250007 60684.500000000007 22540.500000000004 72944.250000000015 67.500000000000014 69.500000000000014 25990.000000000004 45850.000000000007 46395.666015625007 60674.832031250007 56759.250000000007 16419199.500000002 58941.000000000007
decision_type=2 2 2 2 2 2 2 2 2 2 2 2 2 2 2 2 2 2 2 2 2 2 2 2 2 2 2 2 2 2
left_child=-1 -2 12 5 -5 -4 7 11 -9 -6 -11 -7 13 14 16 -16 -3 -14 -19 -12 -8 -21 23 -23 -25 -26 27 28 -27 -28
right_child=1 2 3 4 9 6 20 8 -10 10 19 -13 17 -15 15 -17 -18 18 -20 21 -22 22 -24 24 25 26 29 -29 -30 -31
leaf_value=-0.0010212617331287928 0.0025617856485769153 -0.0030792595664670152 0.0042052835671474104 -0.003557373711373657 -0.0027178282760793255 0.0012687751930207016 -0.0023933301610803166 0.0053034922387450931 0.0014954165047259137 0.0025158764344864882 0.0023161368424315818 -0.0021303906571120026 0.00051577189671141762 0.0022723524245403469 0.0023757710375961055 -0.0011960884537547828 -0.00012092852513446954 -0.0049746742956340321 0.00024782424526555196 0.00019421336265441466 0.00046073052575453541 -0.0039406153560978254 5.2134368059087757e-05 0.0057543723300720259 -0.0057955689223793648 0.0039364869724242734 -0.0034344824484402411 0.005956166128938397 -0.0027971219046528197 -0.0005811370116259371
leaf_weight=36 20 31 23 36 21 20 27 20 28 29 23 28 21 31 27 25 33 25 21 993 26 36 2549 24 24 26 57 21 44 175
leaf_count=36 20 31 23 36 21 20 27 20 28 29 23 28 21 31 27 25 33 25 21 993 26 36 2549 24 24 26 57 21 44 175
internal_value=-3.84928e-13 8.23598e-06 -3.25614e-06 2.09509e-05 -1.70341e-05 0.000917132 0.000409565 0.00118402 0.00308211 1.46546e-05 2.89966e-05 -0.000714072 -0.000481741 3.56384e-05 -0.000562104 0.000658531 -0.00155387 -0.00161689 -0.00259049 1.08396e-05 -0.000993225 -2.58703e-06 -6.86976e-05 -0.000825456 -0.000523176 -0.000957358 -0.000597863 0.00114676 -0.000296067 -0.00128217
internal_weight=4500 4464 4444 4230 4058 172 149 96 48 4022 4001 48 214 147 116 52 64 67 46 3972 53 3949 2956 407 371 347 323 91 70 232
internal_count=4500 4464 4444 4230 4058 172 149 96 48 4022 4001 48 214 147 116 52 64 67 46 3972 53 3949 2956 407 371 347 323 91 70 232
is_linear=0
shrinkage=0.1


Tree=76
num_leaves=31
num_cat=0
split_feature=7 7 9 1 7 8 8 3 6 5 1 1 1 7 8 3 5 4 4 8 3 10 3 9 8 8 5 5 3 3
split_gain=0.00325215 0.0231484 0.087644 0.0255821 0.0197615 0.0103559 0.0457092 0.0447861 0.0264857 0.030302 0.0353836 0.0346276 0.0271519 0.035099 0.0326025 0.0519983 0.0260084 0.0633087 0.0312574 0.0423464 0.0396804 0.0285264 0.03222 0.032887 0.0248067 0.0968578 0.024363 0.0225488 0.0285136 0.0179259
threshold=8833142.5000000019 9789713.5000000019 46272.000000000007 71.500000000000014 8401999.7500000019 43519.125000000007 46378.875000000007 41220.000000000007 35865.166015625007 33765.000000000007 70.500000000000014 70.500000000000014 64.500000000000014 1440529.0000000002 20377.875000000004 13512.500000000002 51894.000000000007 47592.000000000007 50341.000000000007 53535.000000000007 56287.500000000007 58896.625000000007 59610.000000000007 65576.500000000015 71280.000000000015 74104.000000000015 41810.500000000007 65122.500000000007 64064.000000000007 9007.0000000000018
decision_type=2 2 2 2 2 2 2 2 2 2 2 2 2 2 2 2 2 2 2 2 2 2 2 2 2 2 2 2 2 2
left_child=4 2 -2 -4 5 7 -7 8 9 11 -11 12 14 -14 15 29 -8 -18 -19 -20 -21 -22 -23 27 -25 -26 -10 -24 -29 -1
right_child=1 -3 3 -5 -6 6 16 -9 26 10 -12 -13 13 -15 -16 -17 17 18 19 20 21 22 23 24 25 -27 -28 28 -30 -31
leaf_value=-0.00067769780997996743 0.006802744715241716 3.1775446954018753e-06 0.0018379358184193414 -0.0021068680233189037 -0.002461089118797746 0.0042233701208951304 -0.0026294643697994096 -0.0030811423234159262 0.0038270838723908512 -4.2636072991982755e-05 -0.0056522360410202642 0.0020821307496648404 0.0007918514161636787 -0.0036146795769751655 0.0035527457538992169 -0.0038023346614453101 0.005701608331874013 -0.0028327813271332436 0.0040298879008602217 -0.0040944419639266051 0.0035202989878598601 -0.003661036280834157 0.00033730271943779882 -0.0017416331925169501 0.0054725252930074931 -0.0008749715653863882 -0.00064958264119923119 0.0063058613403700302 0.00096604861319065098 0.0030900552897946913
leaf_weight=23 24 3438 31 35 36 27 35 56 31 23 22 62 28 51 25 31 20 37 27 23 24 23 43 86 30 121 20 20 20 28
leaf_count=23 24 3438 31 35 36 27 35 56 31 23 22 62 28 51 25 31 20 37 27 23 24 23 43 86 30 121 20 20 20 28
internal_value=2.50087e-12 4.46219e-05 0.00162779 -0.000254006 -0.000161961 -7.35328e-05 0.000213812 -0.000458574 -3.16448e-05 -0.000397726 -0.00278511 3.5468e-05 -0.000646753 -0.00205287 0.000391409 -0.000572413 1.124e-06 0.000195366 -4.72e-05 0.000199962 -6.51868e-05 0.000187328 -4.5883e-05 0.000213956 -0.000385976 0.000386121 0.00207153 0.00192701 0.00363595 0.00139087
internal_weight=4500 3528 90 66 972 936 536 400 344 293 45 248 186 79 107 82 509 474 454 417 390 367 343 320 237 151 51 83 40 51
internal_count=4500 3528 90 66 972 936 536 400 344 293 45 248 186 79 107 82 509 474 454 417 390 367 343 320 237 151 51 83 40 51
is_linear=0
shrinkage=0.1


Tree=77
num_leaves=31
num_cat=0
split_feature=1 7 7 5 9 10 7 3 5 4 9 7 6 5 1 5 6 4 1 10 10 5 4 3 8 4 9 6 5 7
split_gain=0.00306451 0.0122171 0.0155233 0.0153227 0.0181747 0.015253 0.0178528 0.00782146 0.00709098 0.0137956 0.0113992 0.00655484 0.0062584 0.00539558 0.00469587 0.0170298 0.0560288 0.0573324 0.0263344 0.0414993 0.0244661 0.0617459 0.0314795 0.0233905 0.0229219 0.0615675 0.044147 0.0501619 0.022628 0.021041
threshold=76.500000000000014 11383967.500000002 20396700.000000004 59775.500000000007 56217.750000000007 70638.250000000015 51956972.000000007 50769.000000000007 86432.500000000015 70118.000000000015 84025.250000000015 39265350.000000007 56554.167968750007 70700.500000000015 69.500000000000014 33765.000000000007 27306.583007812504 20368.500000000004 70.500000000000014 35507.750000000007 58076.500000000007 49672.500000000007 53858.000000000007 37286.500000000007 48951.750000000007 45091.000000000007 53046.750000000007 52396.000000000007 44634.000000000007 9789713.5000000019
decision_type=2 2 2 2 2 2 2 2 2 2 2 2 2 2 2 2 2 2 2 2 2 2 2 2 2 2 2 2 2 2
left_child=14 7 12 -4 -5 -6 11 -2 -8 10 -10 -7 -3 -9 -1 16 17 29 20 -20 21 28 -22 -21 25 -25 27 -26 -17 -16
right_child=1 2 3 4 5 6 8 13 9 -11 -12 -13 -14 -15 15 18 -18 -19 19 23 22 -23 -24 24 26 -27 -28 -29 -30 -31
leaf_value=-0.00010384662518732875 1.343374994272987e-05 0.0030550424833199943 -0.0024573734190700383 0.0023182567241119929 -0.0026714610005728902 0.00056816163351354389 -0.0018352418801643783 -0.0032542548142373562 -0.00061439701355993749 -0.0016763391922722803 0.0027214365922624156 0.0030435095727443695 0.00063631568691166853 -0.0011108783245815533 0.0034695462152994345 0.0023863200889900332 0.0057168109099502151 -0.003880874246358872 -0.0036362011494929904 0.0028128335043659499 -0.0016703787628772123 0.005684441903277355 0.0012310375367826599 -0.00028183883350922526 -0.00053628803718657728 -0.0041223287471043677 4.7703568157191339e-05 0.0059802378700287255 -0.0022611961827020753 -0.00016393988393247129
leaf_weight=1699 24 20 29 29 25 23 36 24 20 32 21 20 23 23 34 20 23 25 32 29 53 34 127 451 21 46 1478 27 22 30
leaf_count=1699 24 20 29 29 25 23 36 24 20 32 21 20 23 23 34 20 23 25 32 29 53 34 127 451 21 46 1478 27 22 30
internal_value=-6.16861e-12 -0.000284602 1.44021e-05 -0.000305244 -2.27429e-06 -0.000382474 -5.99621e-06 -0.00145535 -0.000686691 -0.000120283 0.0010942 0.00171949 0.0017613 -0.00220537 2.39282e-05 0.000112464 0.00131706 0.000180051 5.48078e-05 -6.27699e-05 0.00101196 0.00251646 0.000376732 -7.04387e-06 -4.74672e-05 -0.000637297 0.000144633 0.00312926 -4.80932e-05 0.00176635
internal_weight=4500 349 278 235 206 177 152 71 109 73 41 43 43 47 4151 2452 112 89 2340 2084 256 76 180 2052 2023 497 1526 48 42 64
internal_count=4500 349 278 235 206 177 152 71 109 73 41 43 43 47 4151 2452 112 89 2340 2084 256 76 180 2052 2023 497 1526 48 42 64
is_linear=0
shrinkage=0.1


Tree=78
num_leaves=31
num_cat=0
split_feature=7 1 8 4 6 3 7 3 7 7 9 4 5 10 10 10 1 1 6 3 1 10 6 1 8 8 8 9 1 4
split_gain=0.00312466 0.0178413 0.0220128 0.0241008 0.0334882 0.0194192 0.0411321 0.0125093 0.0201364 0.0108533 0.00604091 0.0370596 0.0271865 0.0259753 0.0447544 0.0155129 0.0431423 0.0616992 0.0157954 0.0223762 0.0387091 0.0195131 0.0169858 0.0237723 0.0114558 0.0104529 0.0100611 0.0506796 0.0504031 0.026674
threshold=1902114.1875000002 62.500000000000007 15001.000000000002 25003.000000000004 35865.166015625007 53525.000000000007 1309160.6875000002 35561.000000000007 615970.75000000012 2179008.8750000005 16567.000000000004 9268.0000000000018 23485.500000000004 24766.625000000004 26783.000000000004 31385.000000000004 72.500000000000014 67.500000000000014 32390.333007812504 32775.500000000007 64.500000000000014 34656.000000000007 34280.500000000007 70.500000000000014 29297.000000000004 31342.875000000004 34731.375000000007 37209.500000000007 66.500000000000014 30535.000000000004
decision_type=2 2 2 2 2 2 2 2 2 2 2 2 2 2 2 2 2 2 2 2 2 2 2 2 2 2 2 2 2 2
left_child=1 7 -3 -4 -5 6 -6 8 -1 -2 11 -11 -12 -14 -15 16 17 -16 19 -17 -21 -22 23 -20 -24 -26 28 -28 -27 -30
right_child=9 2 3 4 5 -7 -8 -9 -10 10 12 -13 13 14 15 18 -18 -19 22 20 21 -23 24 -25 25 26 27 -29 29 -31
leaf_value=-0.00040366533988465866 0.0017492420311706763 -0.003439266031741032 0.0028470302978530529 -0.0044420942367816513 0.004027098359969946 -0.0012638727989249322 -0.0020049883145838976 -0.0010074778714971174 0.0037250958521057062 -0.0011104364399657106 -0.003296115746721626 0.0041186209120180296 0.0030469706847465468 -0.0038574547747460505 0.0029969821398013407 -0.0035916926519913152 0.0051666657482697213 -0.0030300451414377403 0.0042114231613991056 -0.0037797915728085421 0.0029976601124092539 -0.0010348183745961814 -0.0019162002775344939 -0.00024331754446029667 0.0017859904631746537 -0.0047020567167136403 0.0047067474371389204 -2.1934727519522156e-06 -0.0013522029934392777 0.002144304170360556
leaf_weight=21 36 28 20 22 26 67 20 21 27 33 25 23 28 30 35 29 22 33 23 22 28 21 31 25 33 27 23 3633 48 40
leaf_count=21 36 28 20 22 26 67 20 21 27 33 25 23 28 30 35 29 22 33 23 22 28 21 31 25 33 27 23 3633 48 40
internal_value=1.41643e-12 -0.000342127 -0.000858796 -0.000392646 -0.000872598 -0.000177652 0.00140445 0.00102817 0.00191876 2.02957e-05 5.51836e-06 0.00103721 -8.3832e-06 1.15135e-05 -9.20128e-06 1.91433e-05 0.00131744 7.21013e-05 -1.0193e-05 -0.00125111 -0.0002951 0.00126946 2.17647e-05 0.00189125 -1.63424e-06 1.39682e-05 -1.5388e-06 2.74306e-05 -0.000922514 0.000237118
internal_weight=4500 252 183 155 135 113 46 69 48 4248 4212 56 4156 4131 4103 4073 90 68 3983 100 71 49 3883 48 3835 3804 3771 3656 115 88
internal_count=4500 252 183 155 135 113 46 69 48 4248 4212 56 4156 4131 4103 4073 90 68 3983 100 71 49 3883 48 3835 3804 3771 3656 115 88
is_linear=0
shrinkage=0.1


Tree=79
num_leaves=31
num_cat=0
split_feature=1 4 8 3 4 4 9 6 10 9 6 7 4 1 4 4 5 6 4 10 4 6 1 10 10 4 8 8 4 6
split_gain=0.00320439 0.0151578 0.0086065 0.00646938 0.00498821 0.00559157 0.00568627 0.0141508 0.0124604 0.00701869 0.00730859 0.0141262 0.0132798 0.0361704 0.0305325 0.0186667 0.0111899 0.0229451 0.0196188 0.0237386 0.0207256 0.0167162 0.0419638 0.0242896 0.0117623 0.00995178 0.0191421 0.0209462 0.0143082 0.0195568
threshold=50.500000000000007 5237.5000000000009 54927.625000000007 10201.500000000002 8443.5000000000018 10277.500000000002 16567.000000000004 21046.583007812504 20790.500000000004 22659.500000000004 25063.583984375004 8670163.0000000019 19592.000000000004 72.500000000000014 20881.500000000004 22072.000000000004 29297.500000000004 29512.166992187504 24301.500000000004 33028.500000000007 25990.000000000004 34280.500000000007 70.500000000000014 37988.875000000007 30529.000000000004 27836.000000000004 33976.375000000007 34731.375000000007 30891.500000000004 43426.083984375007
decision_type=2 2 2 2 2 2 2 2 2 2 2 2 2 2 2 2 2 2 2 2 2 2 2 2 2 2 2 2 2 2
left_child=2 -2 -1 -3 -5 -6 -7 8 -8 -9 11 -11 13 -12 -14 -16 -17 24 -19 -20 -21 22 -22 -23 -18 -25 -27 -28 29 -29
right_child=1 3 -4 4 5 6 7 9 -10 10 12 -13 14 -15 15 16 17 18 19 20 21 23 -24 25 -26 26 27 28 -30 -31
leaf_value=0.00053662634827196596 0.0022492426741519012 -0.0016789365863508505 -0.0020619867597885719 0.0011587867038198622 -0.0014984776340425015 0.0012034051708327846 -0.0001938317342798903 0.0014612016522071579 -0.0036425985023379329 0.00028049338322419385 0.0035743610334715674 -0.0032545163715258247 -0.0036440645466032234 -0.0013496722399185482 0.0026805815286934376 -0.0022566058418967507 0.0039953122491992654 -0.0024480733590087657 -0.0033529386633918399 0.0027291435033216013 0.0042958064699256471 -0.0028593263107662401 -0.0014959777790037069 -0.0016348760418524663 0.00068659836701540783 0.0018318684300889768 -0.0030230915259934314 0.0039931808287898699 -1.669525450243372e-05 -0.00037616804940626025
leaf_weight=25 30 23 26 37 25 39 22 33 20 26 35 20 23 26 26 22 21 33 21 28 29 30 22 37 22 57 23 21 3678 20
leaf_count=25 30 23 26 37 25 39 22 33 20 26 35 20 23 26 26 22 21 33 21 28 29 30 22 37 22 57 23 21 3678 20
internal_value=6.22195e-12 9.03484e-06 -0.000788157 -6.17363e-06 2.57832e-06 -7.23579e-06 1.3662e-06 -9.5487e-06 -0.0018361 8.4892e-06 -2.87087e-06 -0.00125647 1.09445e-05 0.00147559 -1.07777e-05 9.65397e-06 -7.43365e-06 4.80825e-06 -1.98979e-05 3.0627e-07 1.81562e-05 -1.22278e-06 0.00179739 -2.495e-05 0.00230248 -2.7833e-06 1.31123e-05 -1.45919e-05 4.01406e-06 0.00186179
internal_weight=4500 4449 51 4419 4396 4359 4334 4295 42 4253 4220 46 4174 61 4113 4090 4064 4042 3999 3966 3945 3917 51 3866 43 3836 3799 3742 3719 41
internal_count=4500 4449 51 4419 4396 4359 4334 4295 42 4253 4220 46 4174 61 4113 4090 4064 4042 3999 3966 3945 3917 51 3866 43 3836 3799 3742 3719 41
is_linear=0
shrinkage=0.1


Tree=80
num_leaves=31
num_cat=0
split_feature=8 8 4 4 9 4 7 6 5 10 8 10 6 3 6 5 9 9 9 8 9 1 6 8 8 5 6 7 6 8
split_gain=0.00339847 0.0117568 0.00426025 0.0471323 0.0373712 0.0349147 0.0304862 0.0272665 0.0269455 0.117533 0.0331438 0.0479524 0.0319257 0.0608476 0.0364033 0.0556025 0.0300833 0.0246949 0.0412205 0.0220813 0.0400148 0.0358469 0.0351877 0.0207529 0.040583 0.0257591 0.0507716 0.0343329 0.0194312 0.0315507
threshold=7401.7500000000009 10232.750000000002 44079.500000000007 42534.000000000007 47793.250000000007 42980.500000000007 615970.75000000012 59813.417968750007 54766.000000000007 54712.625000000007 47578.500000000007 52278.875000000007 53442.417968750007 56877.500000000007 54578.332031250007 57411.500000000007 54007.250000000007 54127.750000000007 52850.250000000007 40748.250000000007 43044.750000000007 54.500000000000007 43426.083984375007 52864.125000000007 53335.750000000007 61030.000000000007 57600.083984375007 5467962.2500000009 49288.332031250007 47395.375000000007
decision_type=2 2 2 2 2 2 2 2 2 2 2 2 2 2 2 2 2 2 2 2 2 2 2 2 2 2 2 2 2 2
left_child=-1 -2 3 6 -4 -5 -3 19 10 -10 -6 -12 13 -11 15 -14 -17 18 -16 21 -21 -8 -22 -19 -25 27 -27 -26 -7 -30
right_child=1 2 4 5 8 28 7 -9 9 12 11 -13 14 -15 17 16 -18 23 -20 20 22 -23 -24 24 25 26 -28 -29 29 -31
leaf_value=-0.00096771239251312283 0.0018076465613881335 -0.0032354670318974449 0.0043695190735161303 -0.0046276431685934464 -0.0048872296038704613 -0.0033794820463905733 0.0033173099998384716 -0.0021660931367317544 0.0063090514158830047 0.00066806980674820283 0.0025871321765912909 -0.0032690980568014349 -0.0019521470740437509 -0.0062736012132676407 0.00075075250468216838 0.002019989979453385 0.0072713122889399538 0.0013889082276728004 -0.0056695655593648553 0.0047085318211466075 -0.0030477945506572728 -0.00020038538606940309 0.00085037185897261715 -0.0037999514224273823 2.1237574983388186e-05 0.0046578641612237941 3.6132211518821791e-05 -0.0044978510728908771 0.0032591041299747307 -0.0014984399829383779
leaf_weight=36 36 28 20 36 24 24 30 51 30 28 27 29 20 23 20 24 20 110 20 25 25 843 314 28 40 24 2470 29 20 46
leaf_count=36 36 28 20 36 24 24 30 51 30 28 27 29 20 23 20 24 20 110 20 25 25 843 314 28 40 24 2470 29 20 46
internal_value=-9.27796e-13 7.80413e-06 -6.82873e-06 -0.000147977 6.13347e-05 -0.00199563 2.89254e-05 9.98904e-05 3.22842e-05 8.2467e-05 -0.00177806 -0.000445558 1.70617e-05 -0.00246249 6.21445e-05 0.00241974 0.00440695 7.09673e-06 -0.00245941 0.000193314 0.000847624 -7.95024e-05 0.000562896 4.3624e-05 -1.34896e-05 2.78764e-05 8.06076e-05 -0.00187809 -0.000942819 -5.67599e-05
internal_weight=4500 4464 4428 1442 2986 126 1316 1288 2966 2886 80 56 2856 51 2805 64 44 2741 40 1237 364 873 339 2701 2591 2563 2494 69 90 66
internal_count=4500 4464 4428 1442 2986 126 1316 1288 2966 2886 80 56 2856 51 2805 64 44 2741 40 1237 364 873 339 2701 2591 2563 2494 69 90 66
is_linear=0
shrinkage=0.1


Tree=81
num_leaves=31
num_cat=0
split_feature=1 4 3 8 3 9 4 4 9 6 4 9 4 4 1 8 3 5 3 10 3 10 10 9 4 4 9 9 6 6
split_gain=0.00311492 0.0131429 0.0100202 0.0064427 0.00761004 0.00726554 0.00637449 0.0104432 0.00770903 0.0123074 0.0144856 0.00563336 0.00640817 0.00595204 0.0253368 0.0247224 0.0182893 0.0215823 0.0128471 0.00961702 0.00531208 0.0167665 0.0113483 0.0273674 0.00753976 0.0275442 0.00725049 0.0208494 0.0256402 0.0267623
threshold=50.500000000000007 5237.5000000000009 54566.500000000007 9117.6250000000018 11837.500000000002 13136.750000000002 8443.5000000000018 10987.500000000002 16567.000000000004 21046.583007812504 14545.500000000002 22659.500000000004 16778.000000000004 21439.000000000004 68.500000000000014 24161.375000000004 28196.000000000004 31726.500000000004 30049.500000000004 33028.500000000007 34933.000000000007 36075.500000000007 37193.250000000007 32119.000000000004 25990.000000000004 24301.500000000004 35797.500000000007 38964.250000000007 39420.000000000007 40199.000000000007
decision_type=2 2 2 2 2 2 2 2 2 2 2 2 2 2 2 2 2 2 2 2 2 2 2 2 2 2 2 2 2 2
left_child=2 -2 -1 -3 -5 -6 -7 -8 -9 10 -10 -11 -13 14 -14 -15 -17 -18 -16 -19 21 -21 23 -22 25 -24 -26 -28 -29 -30
right_child=1 3 -4 4 5 6 7 8 9 11 -12 12 13 15 18 16 17 19 -20 20 22 -23 24 -25 26 -27 27 28 29 -31
leaf_value=-0.0024524173898888488 0.0020949139383931955 -0.0017960001341998579 0.00039566453623895845 0.0019019741188025193 -0.0018618042672252551 0.0015949420630931854 -0.0021316534434647665 0.0018720179118893365 -0.0036535978852771226 0.0013335404997633306 0.00015240337757859378 0.0012776024024694777 -0.002869573833110432 0.0034297939301246687 0.0024888718068333611 -0.0023914363628136925 0.0032855533342808483 -0.0017913451852897802 -0.00067509621325315854 0.0023423557169735434 0.0011705584218725561 -0.0013065635011298583 -0.00085650533373053716 -0.0037923684492707252 0.0014708725234606503 0.0039723513226601337 -0.001496678965932299 0.0033477402084669018 -0.003561191863956906 1.8885706192082411e-05
leaf_weight=21 30 20 30 21 21 25 23 22 20 32 20 39 36 21 21 32 20 30 33 34 20 20 27 25 33 21 93 23 21 3666
leaf_count=21 30 20 30 21 21 25 23 22 20 32 20 39 36 21 21 32 20 30 33 34 20 20 27 25 33 21 93 23 21 3666
internal_value=5.22394e-12 8.90781e-06 -0.000777075 -5.25381e-06 2.8878e-06 -6.22157e-06 2.72203e-06 -6.46669e-06 4.87685e-06 -4.70493e-06 -0.0017506 1.17386e-05 1.70357e-06 -1.02122e-05 -0.000814628 7.50626e-06 -1.01735e-05 8.72077e-06 0.000555336 -7.61032e-06 5.8248e-06 0.000990904 -7.71409e-06 -0.00158662 1.05791e-05 0.00125612 -5.00635e-06 -1.78131e-05 1.92582e-05 -1.5053e-06
internal_weight=4500 4449 51 4419 4399 4378 4357 4332 4309 4287 40 4247 4215 4176 90 4086 4065 4033 54 4013 3983 54 3929 45 3884 48 3836 3803 3710 3687
internal_count=4500 4449 51 4419 4399 4378 4357 4332 4309 4287 40 4247 4215 4176 90 4086 4065 4033 54 4013 3983 54 3929 45 3884 48 3836 3803 3710 3687
is_linear=0
shrinkage=0.1


Tree=82
num_leaves=31
num_cat=0
split_feature=8 8 7 7 7 5 3 5 7 5 7 9 9 7 3 1 4 3 6 3 9 6 8 4 3 1 1 9 4 8
split_gain=0.00327936 0.0107931 0.00360737 0.0141422 0.0383767 0.0333072 0.0144265 0.0265658 0.0167208 0.0128461 0.0232001 0.0106796 0.00855549 0.00801151 0.0186126 0.0283821 0.0369899 0.0103628 0.0100988 0.0259296 0.00693352 0.0330047 0.0313514 0.0165967 0.016514 0.011383 0.0104237 0.00767952 0.0146985 0.0128106
threshold=7401.7500000000009 10232.750000000002 1902114.1875000002 3338100.7500000005 3694728.3750000005 28066.000000000004 63319.000000000007 47565.500000000007 2466178.2500000005 21600.500000000004 4012500.7500000005 32119.000000000004 72944.250000000015 1440529.0000000002 24214.500000000004 73.500000000000014 41441.500000000007 59873.500000000007 39029.832031250007 55106.500000000007 28028.750000000004 29512.166992187504 23501.375000000004 10987.500000000002 23214.500000000004 70.500000000000014 63.500000000000007 32119.000000000004 25003.000000000004 29814.000000000004
decision_type=2 2 2 2 2 2 2 2 2 2 2 2 2 2 2 2 2 2 2 2 2 2 2 2 2 2 2 2 2 2
left_child=-1 -2 13 5 -5 -4 7 11 -9 -6 -11 -7 -8 14 -3 16 -16 -18 -15 -20 22 -22 23 -12 -25 26 -26 28 -23 -29
right_child=1 2 3 4 9 6 12 8 -10 10 20 -13 -14 18 15 -17 17 -19 19 -21 21 27 -24 24 25 -27 -28 29 -30 -31
leaf_value=-0.00095060329444499481 0.0017321714348832356 -0.0018921525781287959 0.0047419462352991104 -0.0032739804941229523 -0.0020914291569577724 0.0012283190339803696 -0.0021752737660857813 0.00067412522177965869 0.0044364582195326142 0.0029422679226155635 0.0023114509912292389 -0.0017972330230155162 0.00036623627305603946 0.0005038399781499591 0.0046252975024149885 -0.0018091757803631481 -0.0016183119533317433 0.0013683857311172268 -0.0048497472098097206 -6.0414643107483596e-05 -0.0032227139919996264 0.0027920009834425793 0.0033357286503921976 0.0014067627601325513 -0.0010514404380782729 0.00025551862837303252 -0.0042413446283899245 -0.0016216371550547835 -0.00039374001527903602 6.0253057450052411e-06
leaf_weight=36 36 38 20 36 29 20 27 21 27 27 22 28 26 21 28 32 21 26 20 26 32 28 34 25 21 21 20 49 30 3673
leaf_count=36 36 38 20 36 29 20 27 21 27 27 22 28 26 21 28 32 21 26 20 26 32 28 34 25 21 21 20 49 30 3673
internal_value=-4.00572e-13 7.66616e-06 -6.35421e-06 1.38857e-05 -2.35412e-05 0.000910139 0.000395803 0.00112693 0.00279044 5.63251e-06 2.09049e-05 -0.000536586 -0.000928495 -0.000408862 9.00955e-06 0.000684189 0.00174802 3.39038e-05 -0.00131321 -0.00214273 9.61371e-07 -2.46832e-05 0.000684577 -0.000142388 -0.000762899 -0.00163776 -0.00260749 2.39009e-06 0.0011442 -1.54028e-05
internal_weight=4500 4464 4428 4216 4047 169 149 96 48 4011 3982 48 53 212 145 107 75 47 67 46 3955 3812 143 109 87 62 41 3780 58 3722
internal_count=4500 4464 4428 4216 4047 169 149 96 48 4011 3982 48 53 212 145 107 75 47 67 46 3955 3812 143 109 87 62 41 3780 58 3722
is_linear=0
shrinkage=0.1


Tree=83
num_leaves=31
num_cat=0
split_feature=3 5 4 6 6 3 7 9 9 9 9 9 3 6 8 6 4 4 6 10 8 4 7 6 8 10 9 4 8 3
split_gain=0.00303033 0.0189295 0.0227088 0.0151643 0.0474007 0.00886096 0.0144453 0.0110642 0.00876908 0.018202 0.0160758 0.0144566 0.0235668 0.0133282 0.0271274 0.00750586 0.00738752 0.0465457 0.0258363 0.096301 0.020847 0.0365055 0.0202211 0.0130133 0.0125858 0.012544 0.0119379 0.00822582 0.0414697 0.0249345
threshold=91860.500000000015 93282.000000000015 76506.000000000015 72220.500000000015 77373.164062500015 94316.000000000015 72938196.000000015 87614.500000000015 77130.250000000015 82141.250000000015 84474.250000000015 87614.500000000015 96534.000000000015 90079.835937500015 79571.125000000015 84073.667968750015 67355.500000000015 66611.500000000015 74453.582031250015 77537.375000000015 78347.625000000015 71928.500000000015 4418856.2500000009 82488.667968750015 75487.625000000015 88357.625000000015 75592.750000000015 64736.000000000007 67203.625000000015 72119.500000000015
decision_type=2 2 2 2 2 2 2 2 2 2 2 2 2 2 2 2 2 2 2 2 2 2 2 2 2 2 2 2 2 2
left_child=1 16 -3 -2 -5 6 7 -6 -7 15 -11 -12 -13 -14 -15 -10 17 24 22 -20 26 -22 -18 -23 25 27 -21 -1 -29 -30
right_child=3 2 -4 4 5 8 -8 -9 9 10 11 12 13 14 -16 -17 18 -19 19 20 21 23 -24 -25 -26 -27 -28 28 29 -31
leaf_value=-1.1973576027578172e-05 0.0025479739764705301 0.0037493169152488315 -6.2829016574791507e-08 -0.0048177338448691775 0.0018027736782096329 0.0020151052302459166 -0.0027132254432548179 -0.0012545736380130182 -0.0033421767550118435 0.0024620306712609752 -0.0017566359312170083 0.0027416830198490061 -0.0017403637611328863 0.0037028076918795708 -5.6500578957295731e-05 -0.00069907819635686578 0.00041056914487853647 0.0035399113169037981 0.0063667901728132921 0.00079901392804458736 0.0040429429029640949 0.0015520112548631827 -0.0033219134781826685 -0.00076999502823102807 -0.0022622785538260362 0.0023632489428248096 -0.0015624157876563854 0.003966463225022439 0.0022460903692990541 -0.0015851508509719147
leaf_weight=2982 20 30 35 22 20 21 33 29 22 27 45 32 43 20 477 21 21 38 22 25 23 31 47 109 24 23 149 31 25 53
leaf_count=2982 20 30 35 22 20 21 33 29 22 27 45 32 43 20 477 21 21 38 22 25 23 31 47 109 24 23 149 31 25 53
internal_value=-1.92213e-12 3.90828e-05 0.00173042 -0.000172303 -0.000239305 -0.000111804 -0.0010959 -6.67677e-06 2.173e-06 -5.93577e-05 7.36488e-05 -3.08671e-05 0.000104901 -5.13523e-05 9.47794e-05 -0.00205136 8.57021e-06 6.1074e-05 -0.00038195 -4.34113e-05 -0.000461881 0.00035074 -0.00216924 -0.000255836 1.89466e-05 3.65283e-05 -0.00122313 1.92153e-05 0.000872474 -0.000357189
internal_weight=4500 3668 65 832 812 790 82 49 708 687 644 617 572 540 497 43 3603 3176 427 359 337 163 68 140 3138 3114 174 3091 109 78
internal_count=4500 3668 65 832 812 790 82 49 708 687 644 617 572 540 497 43 3603 3176 427 359 337 163 68 140 3138 3114 174 3091 109 78
is_linear=0
shrinkage=0.1


Tree=84
num_leaves=31
num_cat=0
split_feature=1 10 10 3 9 9 8 7 7 9 4 7 1 1 5 4 9 10 7 7 1 7 3 3 3 7 3 8 1 6
split_gain=0.0029974 0.0124391 0.0383174 0.043957 0.0178277 0.0169206 0.0111553 0.00907975 0.0196844 0.0133333 0.0165711 0.00967643 0.00429474 0.015649 0.0208429 0.113096 0.0898162 0.0452194 0.0203432 0.0562693 0.0567496 0.0504066 0.0404659 0.0403494 0.0396113 0.0320379 0.0625508 0.0418448 0.025326 0.0238514
threshold=76.500000000000014 47311.875000000007 53704.500000000007 59109.500000000007 56217.750000000007 61277.000000000007 59477.875000000007 51956972.000000007 18561936.000000004 83709.750000000015 70118.000000000015 30740802.000000004 69.500000000000014 67.500000000000014 45451.500000000007 25990.000000000004 26007.500000000004 50541.000000000007 14155435.000000002 10194396.000000002 61.500000000000007 6743284.7500000009 72373.500000000015 73805.500000000015 43881.000000000007 19643844.000000004 51883.000000000007 59071.000000000007 62.500000000000007 63666.332031250007
decision_type=2 2 2 2 2 2 2 2 2 2 2 2 2 2 2 2 2 2 2 2 2 2 2 2 2 2 2 2 2 2
left_child=12 -2 -3 -4 -5 -6 -7 8 -8 -9 -11 -10 13 18 15 16 -15 -16 19 21 -21 28 25 -24 -23 26 -20 -27 29 -1
right_child=1 2 3 4 5 6 7 9 11 10 -12 -13 -14 14 17 -17 -18 -19 22 20 -22 24 23 -25 -26 27 -28 -29 -30 -31
leaf_value=-0.00022892948889882486 -0.0022282452601939443 0.0033032759061704083 -0.0038865086312095324 0.0024733156735937184 -0.0028624291607664658 0.002023721959752341 -0.0011115859854312889 -0.0024420027854707648 0.0034945071139372884 0.0021306907927448101 -0.0014578754445210508 0.00063532647066589067 0.00010833458733112737 0.0012250847347518978 -0.0043962955803555602 0.0055261952045839282 -0.0070927365106486151 -0.00057191147661530292 0.0065157930568481492 -0.0062836578891923029 -0.00080242778001097495 0.0060782636648842271 -0.0045683975231700707 -6.5219867974519732e-05 0.00095987029619411463 0.00028488511718969943 0.0003331186185177002 0.0038267146222336272 -0.0014895094366303447 0.0028904307649766756
leaf_weight=134 30 30 33 26 23 24 44 37 20 22 31 29 2452 34 34 32 21 341 30 30 51 21 21 379 54 273 36 38 140 30
leaf_count=134 30 30 33 26 23 24 44 37 20 22 31 29 2452 34 34 32 21 341 30 30 51 21 21 379 54 273 36 38 140 30
internal_value=-1.61801e-12 -0.000281468 -9.83858e-05 -0.000451499 -8.70529e-06 -0.000289282 -3.37628e-06 -0.000269225 0.000423708 -0.000985256 3.17181e-05 0.00180234 2.36648e-05 -9.85309e-05 -0.000595135 0.000799352 -0.00195081 -0.000918656 8.69428e-05 -0.000440113 -0.00283251 7.11915e-05 0.000398971 -0.000301637 0.00239302 0.00114232 0.00314343 0.000717649 -0.000501628 0.000341685
internal_weight=4500 349 319 289 256 230 207 183 93 90 53 49 4151 1699 462 87 55 375 1237 460 81 379 777 400 75 377 66 311 304 164
internal_count=4500 349 319 289 256 230 207 183 93 90 53 49 4151 1699 462 87 55 375 1237 460 81 379 777 400 75 377 66 311 304 164
is_linear=0
shrinkage=0.1


Tree=85
num_leaves=31
num_cat=0
split_feature=7 7 1 7 7 7 4 7 7 4 3 1 7 1 3 8 1 1 9 9 6 10 6 10 10 7 9 9 4 10
split_gain=0.00289389 0.0162064 0.0380405 0.0107651 0.0243323 0.01763 0.0170565 0.014405 0.0211328 0.0150128 0.0155495 0.00970377 0.0251905 0.0243283 0.0136964 0.010939 0.0101681 0.0350637 0.022958 0.0148062 0.0259517 0.0211073 0.0470479 0.0425717 0.0315823 0.0183558 0.0169507 0.028163 0.0335988 0.0211882
threshold=53092692.000000007 56826076.000000007 71.500000000000014 50083886.000000007 48649700.000000007 47401230.000000007 57365.000000000007 46174650.000000007 42990726.000000007 43251.500000000007 74000.500000000015 62.500000000000007 131676972.00000001 60.500000000000007 78738.000000000015 54927.625000000007 64.500000000000014 65.500000000000014 58478.750000000007 30727.250000000004 36602.917968750007 57008.500000000007 42835.166015625007 59125.875000000007 54032.625000000007 58351122.000000007 47426.000000000007 54616.750000000007 41118.500000000007 72214.500000000015
decision_type=2 2 2 2 2 2 2 2 2 2 2 2 2 2 2 2 2 2 2 2 2 2 2 2 2 2 2 2 2 2
left_child=3 2 -2 4 5 7 -5 8 -1 -10 -11 12 13 15 -14 -3 18 -18 -13 -19 -21 22 -22 -23 -24 -25 -27 28 -28 -29
right_child=1 11 -4 6 -6 -7 -8 -9 9 10 -12 16 14 -15 -16 -17 17 19 -20 20 21 23 24 25 -26 26 27 29 -30 -31
leaf_value=-1.4207019066955817e-05 -0.00085706081761814223 0.00096615727419372311 0.0037471807230950189 -0.0028070974474151932 0.0025534641760815349 -0.002261731914606773 0.00027118710180123648 0.0019528995604357786 -0.0040011884910719732 0.0013495999132283032 -0.0022268144819404807 0.0038741781922948105 -0.00085321905049072066 -0.0045766138432857895 0.0025369870462992159 -0.0019695934940439962 -0.0032716693715267482 0.0026454666087849313 -3.9998617911234846e-05 -0.0031050280667841434 -0.00059995468525977978 -0.0042202941739283833 0.0069522831495851291 -0.0026141141347276672 0.0013997715720463367 0.0028675884727145666 0.00016740638082130598 0.0013513899212456403 -0.0042046323753311297 7.3305623247269186e-05
leaf_weight=2610 34 22 38 36 36 36 36 36 21 20 31 23 22 24 26 30 31 23 43 25 44 23 20 24 21 23 39 151 32 920
leaf_count=2610 34 22 38 36 36 36 36 36 21 20 31 23 22 24 26 30 31 23 43 25 44 23 20 24 21 23 39 151 32 920
internal_value=5.85351e-13 0.000106002 0.00157296 -6.06676e-05 -2.95118e-05 -6.32761e-05 -0.00126796 -3.41575e-05 -6.08294e-05 -0.00175089 -0.000824299 3.85554e-05 -0.000810324 -0.00194304 0.000983143 -0.000727545 0.000111552 5.33952e-05 0.00132403 0.000130032 8.62692e-05 0.000147782 0.00167109 4.09494e-05 0.00410831 0.000123379 0.000179774 0.000125641 -0.00180309 0.000253502
internal_weight=4500 1638 72 2862 2790 2754 72 2718 2682 72 51 1566 124 76 48 52 1442 1376 66 1345 1322 1297 85 1212 41 1189 1165 1142 71 1071
internal_count=4500 1638 72 2862 2790 2754 72 2718 2682 72 51 1566 124 76 48 52 1442 1376 66 1345 1322 1297 85 1212 41 1189 1165 1142 71 1071
is_linear=0
shrinkage=0.1


Tree=86
num_leaves=31
num_cat=0
split_feature=4 4 9 5 10 1 7 4 6 6 3 6 5 9 9 9 9 4 10 9 9 8 8 7 3 5 4 8 5 9
split_gain=0.00318878 0.0358323 0.0336044 0.0362254 0.0629359 0.0378331 0.0309224 0.0275149 0.0216275 0.0214891 0.047729 0.0249615 0.0395801 0.0305225 0.0183317 0.034596 0.0182558 0.0220027 0.0341282 0.0197953 0.0331832 0.0166047 0.0356609 0.053592 0.0169612 0.0222243 0.0248863 0.0166808 0.0369097 0.056274
threshold=44079.500000000007 42534.000000000007 48807.500000000007 54541.500000000007 54712.625000000007 72.500000000000014 3240105.6250000005 42980.500000000007 59813.417968750007 53442.417968750007 56877.500000000007 54578.332031250007 57411.500000000007 54007.250000000007 54127.750000000007 52850.250000000007 60452.250000000007 41748.500000000007 53704.500000000007 58290.750000000007 56217.750000000007 52864.125000000007 54125.250000000007 37986714.000000007 59610.000000000007 68195.000000000015 47319.000000000007 56163.250000000007 61030.000000000007 59490.750000000007
decision_type=2 2 2 2 2 2 2 2 2 2 2 2 2 2 2 2 2 2 2 2 2 2 2 2 2 2 2 2 2 2
left_child=1 8 6 5 -5 -4 -2 -3 16 10 -6 12 -11 -14 15 -13 17 19 -19 20 -1 24 23 -23 -16 -26 -27 28 -24 -30
right_child=2 7 3 4 9 -7 -8 -9 -10 11 -12 14 13 -15 21 -17 -18 18 -20 -21 -22 22 27 -25 25 26 -28 -29 29 -31
leaf_value=-3.2433027188667719e-05 0.00022302564410936265 -0.0040694040807365021 -0.0048328954125604322 0.0042242257118535543 0.00064351317206663749 0.00039562950655817994 0.005717218077043072 -0.00079828271111990849 -0.001992748942518351 -0.001654190607368946 -0.0056631626871724927 0.00082362529938109221 0.0012460570883653735 0.0065875813830643896 -0.0013915173662826419 -0.0050582131612463858 0.003030633746779391 0.0051791874070962274 -0.00028915623947978018 -0.0029925909570672296 0.0040738806384615599 -0.00013735586140608909 -0.0018242004059368011 -0.0056216192209311497 0.0037978647343282195 0.0027406104909325091 -0.0015143955292712366 -9.9091642474319016e-06 0.0044612004440277818 -9.8708082361430939e-05
leaf_weight=1228 21 36 31 36 28 25 20 90 51 20 21 20 23 20 20 20 21 21 25 22 20 49 33 28 35 27 28 2372 50 59
leaf_count=1228 21 36 31 36 28 25 20 90 51 20 21 20 23 20 20 20 21 21 25 22 20 49 33 28 35 27 28 2372 50 59
internal_value=-4.30508e-12 -0.000118219 5.9941e-05 2.03586e-05 6.91883e-05 -0.00249873 0.00290312 -0.00173289 2.83573e-05 1.67588e-05 -0.00205935 5.30389e-05 0.00202107 0.00373049 7.80514e-06 -0.00211729 0.000105453 5.87742e-05 0.00220726 -1.9045e-05 3.33733e-05 3.92764e-05 -1.18111e-05 -0.00213163 0.00124262 0.00182799 0.000574426 5.31158e-05 0.0011059 0.00199299
internal_weight=4500 1514 2986 2945 2889 56 41 126 1388 2853 49 2804 63 43 2741 40 1337 1316 46 1270 1248 2701 2591 77 110 90 55 2514 142 109
internal_count=4500 1514 2986 2945 2889 56 41 126 1388 2853 49 2804 63 43 2741 40 1337 1316 46 1270 1248 2701 2591 77 110 90 55 2514 142 109
is_linear=0
shrinkage=0.1


Tree=87
num_leaves=31
num_cat=0
split_feature=1 10 5 3 5 10 3 9 5 5 10 6 7 1 7 10 1 7 6 8 10 7 6 6 4 4 3 4 7 1
split_gain=0.00278425 0.00987883 0.030158 0.0346977 0.0150062 0.0138314 0.0118277 0.0156701 0.0108587 0.0137625 0.012886 0.0073535 0.00356244 0.0136787 0.0287851 0.0476215 0.0498781 0.0474698 0.0448537 0.064501 0.0361089 0.0268969 0.0276601 0.0641035 0.0347038 0.0536299 0.0392365 0.0589066 0.0314296 0.0340086
threshold=76.500000000000014 47311.875000000007 55737.000000000007 59109.500000000007 64056.000000000007 66092.000000000015 72119.500000000015 67821.750000000015 79296.500000000015 86432.500000000015 96238.875000000015 83420.664062500015 53092692.000000007 69.500000000000014 108981052.00000001 75872.250000000015 60.500000000000007 61639012.000000007 61114.416015625007 45954.125000000007 78181.375000000015 107112524.00000001 66984.250000000015 63666.332031250007 48846.000000000007 45711.000000000007 55106.500000000007 28843.500000000004 63802288.000000007 73.500000000000014
decision_type=2 2 2 2 2 2 2 2 2 2 2 2 2 2 2 2 2 2 2 2 2 2 2 2 2 2 2 2 2 2
left_child=12 -2 -3 -4 -5 -6 -7 -8 -9 -10 11 -11 -1 14 15 16 -14 -18 19 -16 -20 22 23 24 25 26 27 -15 -28 -30
right_child=1 2 3 4 5 6 7 8 9 10 -12 -13 13 21 18 -17 17 -19 20 -21 -22 -23 -24 -25 -26 -27 28 -29 29 -31
leaf_value=-4.67315038105209e-05 -0.0020061771633724372 0.0029097075333508354 -0.0034732467367906469 0.002299306944012642 -0.0026648621937387031 0.0017404434012860293 -0.0027833704796174298 0.0021884863195009529 -0.0020824161252345551 0.00026534125946844661 -0.00089376065476170314 0.0026507565935996054 0.0015147760704470178 0.0002977861058752751 0.00065598257039158352 0.00027383152803864388 0.0004348091294311665 -0.0048996875690215311 -0.0043129751813553632 0.0068703095995537623 6.1500704877318871e-05 -8.1631156984408767e-05 0.00017213833394564364 0.0060844516546543076 -0.0023694122573360804 0.00621366704157977 -0.0037950880148194055 0.0072159930861380424 -0.0016134691457929359 0.0035761587503973557
leaf_weight=2655 30 30 33 25 22 32 23 20 33 28 49 24 24 32 61 126 22 69 21 23 186 556 206 30 25 22 22 20 28 23
leaf_count=2655 30 30 33 25 22 32 23 20 33 28 49 24 24 32 61 126 22 69 21 23 186 556 206 30 25 22 22 20 28 23
internal_value=-2.38114e-12 -0.000271276 -0.000108119 -0.000421389 -2.79851e-05 -0.000279857 -2.88033e-05 -0.000348667 1.49574e-05 -0.00030945 0.000269836 0.0013663 2.28079e-05 0.000146222 -0.000260821 -0.00106911 -0.0025405 -0.00361003 0.000408587 0.00235752 -0.000382287 0.000370855 0.000987478 0.00181896 0.00107498 0.00166076 0.000859453 0.00295863 -0.000635855 0.000726951
internal_weight=4500 349 319 289 256 231 209 177 154 134 101 52 4151 1496 532 241 115 91 291 84 207 964 408 202 172 147 125 52 73 51
internal_count=4500 349 319 289 256 231 209 177 154 134 101 52 4151 1496 532 241 115 91 291 84 207 964 408 202 172 147 125 52 73 51
is_linear=0
shrinkage=0.1


Tree=88
num_leaves=31
num_cat=0
split_feature=1 4 4 8 3 9 3 7 7 8 4 5 1 5 7 3 6 4 6 4 3 3 10 4 4 5 3 9 10 1
split_gain=0.00281499 0.0113564 0.00873102 0.00593894 0.00749855 0.00642223 0.00671247 0.0182569 0.0191087 0.0169969 0.00993675 0.0064872 0.0391727 0.0304536 0.0136666 0.0129788 0.00722119 0.00939898 0.0412322 0.0154288 0.0106748 0.0234258 0.0206598 0.0207855 0.0168552 0.00660865 0.021256 0.0345497 0.0169643 0.0585548
threshold=50.500000000000007 5237.5000000000009 44257.500000000007 9117.6250000000018 11837.500000000002 13136.750000000002 21708.000000000004 8995437.5000000019 3820800.8750000005 18562.000000000004 15798.500000000002 30992.000000000004 65.500000000000014 28066.000000000004 4418856.2500000009 30606.500000000004 29512.166992187504 22072.000000000004 37668.416015625007 24301.500000000004 32775.500000000007 34933.000000000007 36577.875000000007 27027.000000000004 27836.000000000004 42806.500000000007 41220.000000000007 38569.750000000007 43090.250000000007 72.500000000000014
decision_type=2 2 2 2 2 2 2 2 2 2 2 2 2 2 2 2 2 2 2 2 2 2 2 2 2 2 2 2 2 2
left_child=2 -2 -1 -3 -5 -6 7 8 -7 -8 -11 12 14 -14 -12 -13 -17 18 -18 -19 -21 -22 -23 -24 -25 26 27 -26 29 -27
right_child=1 3 -4 4 5 6 9 -9 -10 10 11 15 13 -15 -16 16 17 19 -20 20 21 22 23 24 25 28 -28 -29 -30 -31
leaf_value=-0.0023025788898978915 0.0019475219848876198 -0.001724006747826934 0.00035598594229668384 0.0018882444129780026 -0.0017504946860883918 0.0013819512489528672 -0.0022094599026188789 0.0032886180421843637 -0.0022885603493626189 0.0015338173324597024 -0.00024574314244091511 0.00227942993119359 0.00013934877435011522 -0.0042578824123160703 0.0034068130200640076 -0.0015023378655314445 0.0041429067845456307 -0.0021647490490453716 -0.0015449237804859876 -0.0019750398083555479 0.0026336386118440288 -0.0029275967739522458 0.0022832129860762508 -0.0026499985474705075 -0.001381731095723808 0.0053332688510029889 -0.003540121446977454 0.0035360746784135703 5.5141301408957525e-06 -0.0018972973328172452
leaf_weight=21 30 20 30 21 21 37 35 23 23 42 20 25 28 36 21 32 26 33 25 27 34 24 40 24 50 24 22 20 3665 21
leaf_count=21 30 20 30 21 21 37 35 23 23 42 20 25 28 36 21 32 26 33 25 27 34 24 40 24 50 24 22 20 3665 21
internal_value=-3.05093e-12 8.4681e-06 -0.000738717 -4.69588e-06 3.12095e-06 -5.92145e-06 2.4871e-06 0.000893175 -2.50782e-05 -1.48098e-05 3.31066e-06 -1.20054e-05 -0.000788131 -0.00233409 0.00162508 7.90991e-06 -6.05321e-06 5.81323e-06 0.00135475 -1.14548e-05 6.53015e-06 2.01648e-05 -2.67789e-06 1.54799e-05 -8.22875e-06 8.44733e-06 -0.00082878 2.33563e-05 2.92088e-05 0.001959
internal_weight=4500 4449 51 4419 4399 4378 4357 83 60 4274 4239 4197 105 64 41 4092 4067 4035 51 3984 3951 3924 3890 3866 3826 3802 92 70 3710 45
internal_count=4500 4449 51 4419 4399 4378 4357 83 60 4274 4239 4197 105 64 41 4092 4067 4035 51 3984 3951 3924 3890 3866 3826 3802 92 70 3710 45
is_linear=0
shrinkage=0.1


Tree=89
num_leaves=31
num_cat=0
split_feature=8 9 1 7 7 5 7 1 4 7 1 3 8 6 8 8 5 6 5 8 3 1 7 4 7 8 5 7 3 3
split_gain=0.0031937 0.0100611 0.00294216 0.0169786 0.0417729 0.106638 0.0354831 0.0411275 0.0532599 0.0350721 0.0240213 0.0299296 0.0832419 0.057445 0.0536493 0.0389578 0.0319711 0.088663 0.0206804 0.0634979 0.0633186 0.0243196 0.0213361 0.0259734 0.0235563 0.0205739 0.039606 0.0176739 0.0390348 0.0175204
threshold=7401.7500000000009 9924.7500000000018 67.500000000000014 16419199.500000002 19643844.000000004 56360.500000000007 10194396.000000002 61.500000000000007 56990.000000000007 8833142.5000000019 63.500000000000007 66207.000000000015 51734.000000000007 65960.335937500015 62889.750000000007 53705.500000000007 80995.000000000015 79085.667968750015 57911.000000000007 59236.375000000007 48219.500000000007 55.500000000000007 4252074.7500000009 30535.000000000004 2034894.8750000002 63111.875000000007 73297.000000000015 11383967.500000002 51883.000000000007 56287.500000000007
decision_type=2 2 2 2 2 2 2 2 2 2 2 2 2 2 2 2 2 2 2 2 2 2 2 2 2 2 2 2 2 2
left_child=-1 -2 3 6 5 -5 9 8 -8 18 -6 12 29 15 -15 -13 -16 -18 20 -20 21 -3 24 -24 -23 -21 -27 -9 -29 -12
right_child=1 2 -4 4 10 -7 7 27 -10 -11 11 13 -14 14 16 -17 17 -19 19 25 -22 22 23 -25 -26 26 -28 28 -30 -31
leaf_value=-0.00093810612904942714 0.0022454230557195846 0.0026847732808584208 -5.1739432545555912e-05 0.0084575137737291778 -0.00040046076013689532 -0.00064584502139158797 -0.0075831899905334345 -0.0029145853250243125 -0.00052723712724400684 0.0037077369745999859 0.0016677193965214038 4.7728960053063931e-05 0.0074732466388250825 0.0057660786854103214 -0.0033620811666228941 -0.0059869303853939413 0.0063745782264353085 -0.00025713634270701618 0.0056280378252267843 -0.0029830710629799536 -0.0059523429588547779 -1.4103628060919174e-05 0.003025569666975311 -0.0016267926920027959 -0.0032529564888411481 0.0043805852745572339 -0.00077999948914331426 0.0036496679732606384 -0.0017169280309286532 -0.0012207103986293078
leaf_weight=36 20 26 3253 22 327 31 23 21 20 26 70 20 23 20 21 23 24 126 23 21 21 47 28 21 43 20 58 23 33 30
leaf_count=36 20 26 3253 22 327 31 23 21 20 26 70 20 23 20 21 23 24 126 23 21 21 47 28 21 43 20 58 23 33 30
internal_value=-2.75945e-12 7.56537e-06 -2.506e-06 0.000131966 0.000428305 0.00313291 -0.000349095 -0.00182401 -0.00430135 0.000180813 0.000218738 0.000785903 0.00204881 0.000122067 0.00086549 -0.00318011 0.000292322 0.000803938 -0.000116915 0.000894853 -0.000780547 -0.000122319 -0.000647386 0.0010317 -0.00156156 -0.000204775 0.000543227 -0.000440553 0.00048721 0.00080119
internal_weight=4500 4464 4444 1191 737 53 454 120 43 334 684 357 123 234 191 43 171 150 308 122 186 165 139 49 90 99 78 77 56 100
internal_count=4500 4464 4444 1191 737 53 454 120 43 334 684 357 123 234 191 43 171 150 308 122 186 165 139 49 90 99 78 77 56 100
is_linear=0
shrinkage=0.1


Tree=90
num_leaves=31
num_cat=0
split_feature=10 10 7 7 7 9 7 3 4 7 9 7 9 9 8 10 4 3 4 1 4 9 7 8 1 7 7 8 6 10
split_gain=0.00291795 0.00561081 0.0103742 0.0107569 0.00463976 0.0033182 0.0169628 0.0103046 0.0111722 0.00402713 0.00822891 0.0260405 0.0238111 0.01856 0.0131605 0.0127645 0.0119406 0.0265082 0.0178939 0.0160673 0.00732779 0.0069219 0.00648271 0.02235 0.0151444 0.00909034 0.00451225 0.0224873 0.0786352 0.0217834
threshold=147849.62500000003 126338.37500000001 591375744.00000012 481085200.00000006 354367968.00000006 103280.25000000001 153395944.00000003 110584.00000000001 73871.500000000015 171140208.00000003 73983.250000000015 183149632.00000003 69792.750000000015 83709.750000000015 72045.000000000015 104928.00000000001 49011.500000000007 83756.500000000015 37472.500000000007 74.500000000000014 27836.000000000004 77941.000000000015 155853448.00000003 62292.000000000007 70.500000000000014 150278088.00000003 120306380.00000001 46733.750000000007 62563.416015625007 78181.375000000015
decision_type=2 2 2 2 2 2 2 2 2 2 2 2 2 2 2 2 2 2 2 2 2 2 2 2 2 2 2 2 2 2
left_child=1 2 3 5 -3 7 -7 9 -9 22 11 -11 16 21 -15 -16 17 18 19 20 -13 -12 25 24 -24 26 -1 -28 -29 -30
right_child=-2 4 -4 -5 -6 6 -8 8 -10 10 13 12 -14 14 15 -17 -18 -19 -20 -21 -22 -23 23 -25 -26 -27 27 28 29 -31
leaf_value=1.3235908092513143e-05 0.00092289602582562059 -0.0014002839154832495 -0.0020226706659886985 0.002048189683745687 0.00011571450013434515 -0.00016064576217331706 0.0023578743146370272 -0.0032115974312182517 -0.00040693953110627375 0.0039356693625450133 -0.00025260802067350596 -0.0015269889933706233 0.0034727551619566626 0.0029441271231255752 -0.0018872735716286117 0.0016854700027033689 -0.0021689773828256877 0.0035910107975360007 -0.0030721738003194332 0.0027202715192106552 0.00086256377177224269 -0.0023365677125135285 -0.0042770068483977495 0.001011187584619179 -0.00047489954391494399 0.0017977427416813693 -0.0031042190360104933 0.0043568685148784427 -0.0041750800970476124 -0.00059060844068881124
leaf_weight=3540 34 52 25 26 33 104 36 20 49 23 28 33 21 22 20 20 24 20 20 20 21 37 22 33 20 28 28 32 21 88
leaf_count=3540 34 52 25 26 33 104 36 20 49 23 28 33 21 22 20 20 24 20 20 20 21 37 22 33 20 28 28 32 21 88
internal_value=7.73895e-12 -7.02607e-06 8.58657e-06 2.02444e-05 -0.00081172 8.06734e-06 0.000486974 -7.9343e-06 -0.00121988 1.2358e-05 0.000359569 0.000790649 0.000335709 -0.000258199 0.000979592 -0.000100902 -0.000141667 0.000285135 -0.000418243 0.000299036 -0.000597718 -0.00143886 -1.57869e-05 -0.000936306 -0.00246648 2.68754e-06 -1.08637e-05 -0.000515672 -1.63427e-06 -0.00128119
internal_weight=4500 4466 4381 4356 85 4330 140 4190 69 4121 309 182 159 127 62 40 138 114 94 74 54 65 3812 75 42 3737 3709 169 141 109
internal_count=4500 4466 4381 4356 85 4330 140 4190 69 4121 309 182 159 127 62 40 138 114 94 74 54 65 3812 75 42 3737 3709 169 141 109
is_linear=0
shrinkage=0.1


Tree=91
num_leaves=31
num_cat=0
split_feature=4 8 4 7 6 8 8 1 4 5 4 4 4 6 7 8 1 8 7 1 9 10 5 10 7 4 1 5 6 9
split_gain=0.00285865 0.0317712 0.0255433 0.0270013 0.0410861 0.0263815 0.0205391 0.0532897 0.0523402 0.0395986 0.0390435 0.0391638 0.0224071 0.016918 0.0154898 0.0130559 0.0396403 0.0251165 0.041615 0.0289176 0.0249006 0.0405123 0.031246 0.0228735 0.0299778 0.0195861 0.0346764 0.0177224 0.0508349 0.0295689
threshold=44257.500000000007 46378.875000000007 42534.000000000007 8670163.0000000019 49513.333984375007 47121.000000000007 48951.750000000007 70.500000000000014 46283.500000000007 61030.000000000007 45985.500000000007 45406.500000000007 46283.500000000007 59813.417968750007 46841152.000000007 51993.000000000007 75.500000000000014 54125.250000000007 5467962.2500000009 68.500000000000014 54127.750000000007 55005.750000000007 69221.500000000015 65150.875000000007 18386756.000000004 48635.500000000007 72.500000000000014 61030.000000000007 58853.917968750007 58290.750000000007
decision_type=2 2 2 2 2 2 2 2 2 2 2 2 2 2 2 2 2 2 2 2 2 2 2 2 2 2 2 2 2 2
left_child=2 -2 13 -4 -5 -6 7 8 -3 12 11 -8 -9 -1 -7 16 20 18 -17 -20 21 -12 -22 24 -21 26 -19 -27 -29 -30
right_child=1 6 3 4 5 14 10 9 -10 -11 15 -13 -14 -15 -16 17 -18 25 19 23 22 -23 -24 -25 -26 27 -28 28 29 -31
leaf_value=8.8770530995732267e-05 0.0039330996750366123 -0.0020893523795530201 0.0014718500696795269 -0.0055422767799777478 0.0018928510259328228 -0.00037616334495044527 0.00071071460230374029 -0.0023442030255682767 0.0051453013438731432 0.0004616460829441037 0.0012505965026826339 0.0060917636911783906 -0.0068762885639443994 -0.0017669725012691582 -0.00340653007151559 0.0024926073693980772 0.0044061852084403786 -0.00073214638590191798 0.00050537132992758418 -0.001959330844692886 0.0045698586041512694 -0.003600163922899149 -0.00044589440372807008 -0.00037226879115526877 -0.0062963348999619494 -0.0017991445598385808 0.0045390571718319107 0.0036779860929144845 -0.003837655046954751 2.3852849019426007e-05
leaf_weight=1337 21 20 27 26 23 31 38 20 20 21 36 21 24 51 37 24 27 24 32 34 23 33 27 24 30 53 26 38 20 2332
leaf_count=1337 21 20 27 26 23 31 38 20 20 21 36 21 24 51 37 24 27 24 32 34 23 33 27 24 30 53 26 38 20 2332
internal_value=1.07019e-12 5.72627e-05 -0.000110937 -0.00137866 -0.00203646 -0.0010348 2.96439e-05 -0.00134382 0.00152797 -0.00311108 8.03878e-05 0.002626 -0.00481625 2.0584e-05 -0.00202504 2.64204e-05 0.000946922 -2.45441e-05 -0.00130866 -0.00206892 0.000162048 -0.00106933 0.00186135 -0.00300502 -0.0039923 4.96288e-05 0.00200888 9.52949e-06 4.96382e-05 -8.9831e-06
internal_weight=4500 2968 1532 144 117 91 2947 105 40 65 2842 59 44 1388 68 2783 146 2637 144 120 119 69 50 88 64 2493 50 2443 2390 2352
internal_count=4500 2968 1532 144 117 91 2947 105 40 65 2842 59 44 1388 68 2783 146 2637 144 120 119 69 50 88 64 2493 50 2443 2390 2352
is_linear=0
shrinkage=0.1


Tree=92
num_leaves=31
num_cat=0
split_feature=1 9 10 3 3 9 8 8 7 7 7 4 8 3 5 6 10 9 6 1 7 10 1 9 9 4 4 9 4 5
split_gain=0.00275065 0.00823827 0.0464482 0.0288826 0.00985588 0.0141277 0.00788946 0.00789014 0.00907972 0.010022 0.00866884 0.00780237 0.00401785 0.00308504 0.0154602 0.0148104 0.0136092 0.0123093 0.0128779 0.00659373 0.0164571 0.0317938 0.0410526 0.0156223 0.012043 0.00710927 0.0131602 0.00728591 0.010098 0.00694385
threshold=76.500000000000014 45270.000000000007 53704.500000000007 59109.500000000007 64064.000000000007 61403.000000000007 59477.875000000007 64495.875000000007 117350584.00000001 29171659.000000004 51956972.000000007 69556.500000000015 79281.000000000015 91860.500000000015 94471.500000000015 88747.750000000015 89970.750000000015 74722.250000000015 80111.832031250015 71.500000000000014 240376216.00000003 124093.50000000001 73.500000000000014 81047.000000000015 84025.250000000015 69556.500000000015 73595.500000000015 90557.500000000015 85447.000000000015 149872.50000000003
decision_type=2 2 2 2 2 2 2 2 2 2 2 2 2 2 2 2 2 2 2 2 2 2 2 2 2 2 2 2 2 2
left_child=13 -2 -3 -4 -5 -6 -7 -8 9 11 -11 -9 -10 14 -1 -16 -15 -18 -19 23 24 22 -22 -20 -21 -26 -27 -28 -29 -25
right_child=1 2 3 4 5 6 7 8 12 10 -12 -13 -14 16 15 -17 17 18 19 20 21 -23 -24 29 25 26 27 28 -30 -31
leaf_value=3.8771595397126464e-05 -0.0016394239896609904 0.0043315177783370016 -0.0032193986360322343 0.0015958054366731836 -0.0026543592598856146 0.0017490680498833009 -0.0020312331468713553 0.00086512797112975803 -0.0022839501092676074 0.0025652600837678743 0.0002272981153302161 -0.0016658576143150829 -0.00034595676571252232 -0.0023228911450132728 0.0035273817665874962 -0.00012356277089565991 0.002253088784742762 -0.0024762868501610408 -0.0030782721005380154 0.0020868866408074445 0.0065973936842055993 -0.00096212938191339136 0.00061985498846129142 -0.00031464267397048068 0.0014324642578139903 -0.0028528109954839404 -0.0015802461304701865 0.00123348172637634 -0.00053687373767796981 0.0016048041731119159
leaf_weight=3344 39 22 33 31 23 22 22 21 20 29 35 29 23 28 25 20 22 23 20 22 20 31 27 327 20 22 34 48 98 20
leaf_count=3344 39 22 33 31 23 22 22 21 20 29 35 29 23 28 25 20 22 23 20 22 20 31 27 327 20 22 34 48 98 20
internal_value=-4.73257e-12 -0.000269635 -9.73061e-05 -0.000435619 -7.53653e-05 -0.000306643 -3.79992e-05 -0.000257639 -9.10965e-06 0.000457946 0.00128669 -0.000602844 -0.00124735 2.26698e-05 6.35484e-05 0.00190474 -0.000159138 -7.65969e-05 -0.000148582 -7.08788e-05 0.000259385 0.00152382 0.00316349 -0.000360647 -0.000144819 -0.000365979 -0.000544043 -0.00026186 4.51609e-05 -0.000204012
internal_weight=4500 349 310 288 255 224 201 179 157 114 64 50 43 4151 3389 45 762 734 712 689 322 78 47 367 244 222 202 180 146 347
internal_count=4500 349 310 288 255 224 201 179 157 114 64 50 43 4151 3389 45 762 734 712 689 322 78 47 367 244 222 202 180 146 347
is_linear=0
shrinkage=0.1


Tree=93
num_leaves=31
num_cat=0
split_feature=8 8 7 3 7 7 7 7 7 5 3 5 4 5 7 6 3 9 7 1 10 6 6 3 3 3 1 10 4 7
split_gain=0.00267389 0.00885256 0.00326655 0.013656 0.0122606 0.0110323 0.00857462 0.0126992 0.0310598 0.0293977 0.0148781 0.0218898 0.013481 0.0102298 0.018595 0.00823453 0.0202729 0.00814585 0.00637474 0.00555565 0.0188281 0.0251596 0.0273528 0.0325954 0.0184489 0.0510891 0.0365064 0.0321341 0.0427015 0.0569715
threshold=7401.7500000000009 10232.750000000002 1144477.1875000002 47050.500000000007 793973.81250000012 1440529.0000000002 1902114.1875000002 3338100.7500000005 3694728.3750000005 28066.000000000004 63319.000000000007 50065.500000000007 38987.500000000007 21600.500000000004 4012500.7500000005 39029.832031250007 60684.500000000007 72944.250000000015 615970.75000000012 67.500000000000014 24766.625000000004 24328.250000000004 28006.333984375004 37286.500000000007 66207.000000000015 63017.500000000007 63.500000000000007 62391.250000000007 50511.500000000007 16419199.500000002
decision_type=2 2 2 2 2 2 2 2 2 2 2 2 2 2 2 2 2 2 2 2 2 2 2 2 2 2 2 2 2 2
left_child=-1 -2 3 18 -5 -4 15 9 -9 -8 11 12 -11 -10 -15 -7 -17 -12 -3 20 -16 -22 -23 -24 25 27 -27 28 29 -25
right_child=1 2 5 4 -6 6 7 8 13 10 17 -13 -14 14 19 16 -18 -19 -20 -21 21 22 23 24 -26 26 -28 -29 -30 -31
leaf_value=-0.00085837319881344829 0.0015687207620228745 -0.0025837209828508401 0.0018878771469087131 0.002138513880048844 -0.0009347914613317698 0.00051296895281189962 0.0044616246968507767 -0.0029472508732902095 -0.0018681677130596907 0.0010488867955772501 -0.0021829173626395425 0.0030278089619870927 -0.002108187627579485 0.0026322291612073229 0.0032406315254047513 -0.0038009288441389804 0.00041368071019643967 0.00029700258925843695 -0.00055467739293817435 -6.974404522765867e-05 -0.003127071689611868 0.0038791602069977674 -0.0028977403472013334 -0.0021849797569516607 -0.00010309522424453951 0.0010342875107501946 0.0064944644439965497 -0.0026581889324006625 0.0043898477243991306 0.0012398445426130339
leaf_weight=36 36 30 31 27 25 21 20 36 29 38 27 37 21 27 20 25 21 26 32 2960 23 20 34 68 551 24 25 32 28 170
leaf_count=36 36 30 31 27 25 21 20 36 29 38 27 37 21 27 20 25 21 26 32 2960 23 20 34 68 551 24 25 32 28 170
internal_value=9.53636e-13 6.92237e-06 -5.77518e-06 -0.000534133 0.000660963 8.187e-06 -5.41804e-06 1.24189e-05 -2.30473e-05 0.000861719 0.00037851 0.00112099 -7.48177e-05 3.19837e-06 1.68271e-05 -0.00112781 -0.00187687 -0.000966353 -0.00153647 -1.02773e-06 0.000203395 0.000141092 0.00022005 0.000141528 0.000256601 0.000827761 0.00382009 0.000335734 0.000695905 0.000261323
internal_weight=4500 4464 4428 114 52 4314 4283 4216 4047 169 149 96 59 4011 3982 67 46 53 62 3955 995 975 952 932 898 347 49 298 266 238
internal_count=4500 4464 4428 114 52 4314 4283 4216 4047 169 149 96 59 4011 3982 67 46 53 62 3955 995 975 952 932 898 347 49 298 266 238
is_linear=0
shrinkage=0.1


Tree=94
num_leaves=31
num_cat=0
split_feature=5 3 9 9 1 9 4 7 5 9 8 5 6 9 3 10 10 5 3 3 10 3 5 5 10 5 8 4 3 6
split_gain=0.00272628 0.0557293 0.0212411 0.0404924 0.0240705 0.0146062 0.0121008 0.0255521 0.0120094 0.0235638 0.0385557 0.0172762 0.0115825 0.030425 0.0233017 0.0154274 0.0246428 0.0225445 0.0526279 0.0307196 0.015911 0.0224389 0.0343559 0.0240196 0.0191226 0.0163705 0.0141037 0.0312055 0.0139502 0.013072
threshold=71372.000000000015 69614.500000000015 60452.250000000007 58018.750000000007 69.500000000000014 67195.750000000015 58941.000000000007 86976852.000000015 73071.500000000015 65072.000000000007 64732.750000000007 73813.500000000015 64400.500000000007 62553.750000000007 66407.000000000015 75358.625000000015 75872.250000000015 77228.000000000015 74000.500000000015 71280.500000000015 76389.375000000015 77619.000000000015 79296.500000000015 83717.500000000015 82628.500000000015 80995.000000000015 63867.625000000007 63517.500000000007 75870.000000000015 71311.000000000015
decision_type=2 2 2 2 2 2 2 2 2 2 2 2 2 2 2 2 2 2 2 2 2 2 2 2 2 2 2 2 2 2
left_child=1 5 3 4 -2 -1 7 -3 9 -4 -11 -10 28 -14 -15 17 -17 18 19 -16 -18 22 -22 25 -25 -24 -20 -28 -13 -23
right_child=2 6 8 -5 -6 -7 -8 -9 11 10 -12 12 13 14 15 16 20 -19 26 -21 21 29 23 24 -26 -27 27 -29 -30 -31
leaf_value=-1.001510025297413e-05 0.0024936684998325431 -0.0050808537485344078 -0.00093288845508485228 0.0044375492172548546 -0.0013958976728977955 0.0020787128576022738 -0.00062902995850890877 -0.0010669193013796005 -0.001978879048385554 0.0050204384938946798 7.2731271373211519e-05 0.00032833723428969588 0.0039234614107408567 0.0030349556019064038 -0.0003404329287480902 0.0029936795691485585 -0.0022421615673304208 -0.0032558338935760895 -0.0033799958002886602 0.0048328907287213951 0.0047668735613115134 0.00097896751138459967 0.00057910719814781959 0.004360822105358932 4.0260376408696175e-05 -0.0032263635098934173 0.0021730789626460702 -0.0028885713360946759 -0.0029309579363927759 -0.00013909040903822039
leaf_weight=2185 26 35 37 32 41 34 24 29 45 28 36 24 20 25 22 28 31 34 35 24 24 113 26 21 20 20 21 29 29 1402
leaf_count=2185 26 35 37 32 41 34 24 29 45 28 36 24 20 25 22 28 31 34 35 24 24 113 26 21 20 20 21 29 29 1402
internal_value=5.73306e-12 -7.58882e-05 7.98331e-05 0.00151116 0.000113486 2.19888e-05 -0.00254395 -0.00326204 1.21628e-05 0.00107598 0.00223735 -4.17485e-05 3.00037e-06 4.37796e-05 2.39636e-06 -3.85842e-05 5.17813e-05 -0.000961408 -0.000365908 0.00235869 2.06911e-06 4.48558e-05 0.00141727 0.000493241 0.00225323 -0.00107545 -0.0018404 -0.000762678 -0.00145505 -5.56973e-05
internal_weight=4500 2307 2193 99 67 2219 88 64 2094 101 64 1993 1948 1895 1875 1850 1685 165 131 46 1657 1626 111 87 41 46 85 50 53 1515
internal_count=4500 2307 2193 99 67 2219 88 64 2094 101 64 1993 1948 1895 1875 1850 1685 165 131 46 1657 1626 111 87 41 46 85 50 53 1515
is_linear=0
shrinkage=0.1


Tree=95
num_leaves=31
num_cat=0
split_feature=1 4 4 3 9 7 8 9 7 10 4 10 5 10 6 10 9 5 8 8 3 6 4 3 9 10 9 1 1 3
split_gain=0.00276711 0.0110741 0.0076911 0.00668766 0.00325873 0.0240873 0.00965344 0.00817705 0.0156421 0.0107243 0.00807786 0.00673687 0.0113929 0.0167333 0.00984127 0.00784922 0.0198556 0.020052 0.0106035 0.0122202 0.00913324 0.0160726 0.00834561 0.00683005 0.0187744 0.0341188 0.0271809 0.0476458 0.0253995 0.0194854
threshold=50.500000000000007 5237.5000000000009 44257.500000000007 10201.500000000002 14627.250000000002 1790452.5625000002 15001.000000000002 21907.250000000004 6743284.7500000009 26783.000000000004 20368.500000000004 28227.625000000004 30992.000000000004 31385.000000000004 29512.166992187504 33811.000000000007 32119.000000000004 38087.000000000007 29814.000000000004 31342.875000000004 33508.000000000007 35408.917968750007 22072.000000000004 38501.000000000007 38964.250000000007 43090.250000000007 38312.250000000007 71.500000000000014 73.500000000000014 43585.000000000007
decision_type=2 2 2 2 2 2 2 2 2 2 2 2 2 2 2 2 2 2 2 2 2 2 2 2 2 2 2 2 2 2
left_child=2 -2 -1 -3 5 -5 -6 8 -8 10 -9 -11 -13 -14 -15 -16 17 -17 22 -20 -21 -22 -18 -23 26 28 27 -25 -26 -27
right_child=1 3 -4 4 6 -7 7 9 -10 11 -12 12 13 14 15 16 18 -19 19 20 21 23 -24 24 25 29 -28 -29 -30 -31
leaf_value=-0.0022001847134171322 0.0019232014993516109 -0.0017053520144975705 0.00029503567440163656 -0.0019066698546521368 -0.0017926563415676354 0.0025445909780119698 -0.00039039231487549844 -0.0027397868335247043 0.0027879998076241466 0.0015009252059583864 -0.00014300860626542051 -0.0017266056059222473 0.002645665826275945 -0.0016722097597084941 -0.00154820078460034 0.0042705994946035473 -0.00032776316914420863 9.094195944877963e-05 0.0018519624259271143 0.0019879743962994091 -0.0021753393907976504 0.0013605666623727696 -0.0030448666680604219 -0.0026998776955426567 0.0039033679455035154 -0.0018959952548390935 -0.004508160983889618 0.0030522834887960928 -0.00041029431782330252 1.766893980883974e-05
leaf_weight=21 30 23 30 20 30 31 32 25 30 30 23 38 24 35 32 22 26 24 36 23 34 37 20 36 39 54 22 24 21 3628
leaf_count=21 30 23 30 20 30 31 32 25 30 30 23 38 24 35 32 22 26 24 36 23 34 37 20 36 39 54 22 24 21 3628
internal_value=2.32512e-12 8.39578e-06 -0.000732408 -4.60358e-06 4.29478e-06 0.000798998 -5.03315e-06 7.39528e-06 0.00114754 -9.22568e-06 -0.0014955 7.74009e-06 -2.98939e-06 1.28427e-05 -2.52022e-06 1.18101e-05 2.41483e-05 0.00208991 3.92079e-07 1.79533e-05 1.1018e-06 -1.06307e-05 -0.00150911 8.43175e-06 -4.65115e-06 2.81492e-05 -0.00150147 -0.000399013 0.00239359 -1.03967e-05
internal_weight=4500 4449 51 4419 4396 51 4345 4315 62 4253 48 4205 4175 4137 4113 4078 4046 46 4000 3954 3918 3895 46 3861 3824 3742 82 60 60 3682
internal_count=4500 4449 51 4419 4396 51 4345 4315 62 4253 48 4205 4175 4137 4113 4078 4046 46 4000 3954 3918 3895 46 3861 3824 3742 82 60 60 3682
is_linear=0
shrinkage=0.1


Tree=96
num_leaves=31
num_cat=0
split_feature=8 9 7 10 10 4 3 10 3 8 1 5 1 3 3 3 10 3 5 4 4 3 5 8 9 6 9 9 5 6
split_gain=0.00258959 0.00738159 0.00241601 0.00509803 0.00651022 0.015104 0.00791873 0.00590475 0.00574503 0.00428367 0.00674933 0.00412042 0.00330837 0.0223938 0.0812681 0.0641568 0.0619074 0.0656105 0.0277024 0.0211289 0.0225509 0.0235852 0.0431542 0.0177862 0.0187764 0.0425755 0.0258179 0.0219595 0.0206614 0.0155946
threshold=7401.7500000000009 9924.7500000000018 673424928.00000012 126338.37500000001 115946.62500000001 82520.000000000015 114507.00000000001 110396.37500000001 110584.00000000001 98790.250000000015 70.500000000000014 136541.50000000003 63.500000000000007 48219.500000000007 54566.500000000007 43585.000000000007 58896.625000000007 62505.000000000007 66639.500000000015 12738.000000000002 28843.500000000004 32775.500000000007 28066.000000000004 52445.625000000007 67593.750000000015 72726.335937500015 63870.500000000007 80209.500000000015 89672.500000000015 70236.500000000015
decision_type=2 2 2 2 2 2 2 2 2 2 2 2 2 2 2 2 2 2 2 2 2 2 2 2 2 2 2 2 2 2
left_child=-1 -2 3 4 6 -6 7 8 12 -7 -11 -5 13 15 -15 19 -16 -18 -19 -3 21 22 -21 -20 26 29 -25 -27 -29 -26
right_child=1 2 -4 11 5 9 -8 -9 -10 10 -12 -13 -14 14 16 -17 17 18 23 20 -22 -23 -24 24 25 27 -28 28 -30 -31
leaf_value=-0.00084473499607863947 0.0019236481469124555 0.0016396416536513334 0.00083792103105224675 -0.001645674839869571 0.0027767708225707923 -0.0012061459198594094 -0.0014670147113753735 0.0013773925418424753 -0.0015505823714192957 0.001693806695053354 -0.00060741637358800163 -0.00027893649997897974 3.7228192745123176e-05 -0.0047519014151983481 0.0041214659588501585 0.0051895843956757479 -0.004711206597237512 0.0031167628057301045 0.0024186351770324457 -0.0028630731316904232 0.0014211279490301688 -0.0043755623759352607 0.0029357732827996925 0.00048399642924778168 0.00076674873859662075 -0.0026810633070417679 -0.0041243989501268631 0.0026786370089255454 -0.00089773273153696213 0.0045358712895817704
leaf_weight=36 20 49 34 32 28 20 37 31 24 25 26 71 3541 43 31 27 34 25 21 33 31 24 21 20 23 50 31 21 70 21
leaf_count=36 20 49 34 32 28 20 37 31 24 25 26 71 3541 43 31 27 34 25 21 33 31 24 21 20 23 50 31 21 70 21
internal_value=-2.02797e-13 6.81238e-06 -1.81424e-06 -8.28839e-06 8.33858e-06 0.000809889 -1.05192e-05 2.40106e-06 -7.89477e-06 3.42172e-05 0.000520634 -0.000703554 1.10049e-06 -0.000221383 -0.0006512 0.000684716 -0.000143044 -0.000561398 -6.10659e-05 -8.51029e-05 -0.000860447 -0.00176723 -0.000607966 -0.000370193 -0.000618352 -0.000150025 -0.00231719 -0.000997469 -7.24166e-05 0.00256565
internal_weight=4500 4464 4444 4410 4307 99 4208 4171 4140 71 51 103 4116 575 390 185 347 316 282 158 109 78 54 257 236 185 51 141 91 44
internal_count=4500 4464 4444 4410 4307 99 4208 4171 4140 71 51 103 4116 575 390 185 347 316 282 158 109 78 54 257 236 185 51 141 91 44
is_linear=0
shrinkage=0.1


Tree=97
num_leaves=31
num_cat=0
split_feature=4 8 4 7 5 8 8 5 10 5 5 5 6 3 1 7 9 6 5 4 8 4 10 3 9 9 9 9 7 6
split_gain=0.00243349 0.0241991 0.0202461 0.0229675 0.0318912 0.0235705 0.0190194 0.0442688 0.0438894 0.0255412 0.0240218 0.0269258 0.0406217 0.0390896 0.034265 0.017919 0.0133737 0.0177197 0.0158508 0.021587 0.0235586 0.0208075 0.0193982 0.0260766 0.0219615 0.0272613 0.0288289 0.0212337 0.029884 0.0182027
threshold=44257.500000000007 46378.875000000007 42534.000000000007 8670163.0000000019 57063.500000000007 47121.000000000007 47739.750000000007 53594.000000000007 52278.875000000007 54541.500000000007 55737.000000000007 57063.500000000007 54578.332031250007 56546.500000000007 73.500000000000014 48160764.000000007 54127.750000000007 55732.750000000007 62793.500000000007 51441.500000000007 55620.875000000007 55673.000000000007 62391.250000000007 60442.500000000007 55945.000000000007 57318.500000000007 58290.750000000007 59620.500000000007 44760620.000000007 59638.082031250007
decision_type=2 2 2 2 2 2 2 2 2 2 2 2 2 2 2 2 2 2 2 2 2 2 2 2 2 2 2 2 2 2
left_child=2 -2 -1 -4 -5 -6 7 -3 -8 -10 -11 -12 13 -13 -15 -7 -14 -18 19 -19 -21 -22 23 -20 -24 -26 -27 28 -28 -29
right_child=1 6 3 4 5 15 8 -9 9 10 11 12 16 14 -16 -17 17 18 22 20 21 -23 24 -25 25 26 27 29 -30 -31
leaf_value=1.4736602605040043e-05 0.0034354126701752344 -0.005303356038745155 0.0013979832784065771 -0.0041725234719566431 0.002103185283274136 0.00064010766334831725 0.0046203141943329858 0.00033329625087054939 -0.003362213168293238 0.003144374497700483 -0.0027662492740680193 0.0053412991284858442 -0.0020281095508835278 -0.0023270600164930029 0.0034564670454710722 -0.0030931214291033231 0.002367466346549918 -0.0036371074134001029 8.9043142506852748e-05 0.0016290379414225327 -0.0037076832708687738 0.00058260988909751175 -0.0029996165772899989 0.0046835674239056454 0.0036276894311110179 -0.0033028655112362828 1.8344516865909101e-05 -0.0029283565873768004 0.0050794541952200239 2.8884625688220995e-05
leaf_weight=1388 21 22 27 39 22 20 21 38 22 25 34 28 32 21 20 36 32 27 30 34 26 20 24 21 21 26 28 21 20 2354
leaf_count=1388 21 22 27 39 22 20 21 38 22 25 34 28 32 21 20 36 32 27 30 34 26 20 24 21 21 26 28 21 20 2354
internal_value=3.56401e-12 5.28331e-05 -0.000102355 -0.00123099 -0.00183768 -0.000670258 2.87292e-05 -0.00173348 6.53528e-05 3.19773e-05 5.82333e-05 3.08642e-05 6.50121e-05 0.00246112 0.000494173 -0.00175983 4.13891e-06 2.83684e-05 1.4399e-07 -0.00119217 -0.000367003 -0.00184234 5.02727e-05 0.00198091 1.0793e-05 4.0044e-05 9.28017e-06 4.48212e-05 0.00212714 2.73639e-06
internal_weight=4500 2968 1532 144 117 78 2947 60 2887 2866 2844 2819 2785 69 41 56 2716 2684 2652 107 80 46 2545 51 2494 2470 2449 2423 48 2375
internal_count=4500 2968 1532 144 117 78 2947 60 2887 2866 2844 2819 2785 69 41 56 2716 2684 2652 107 80 46 2545 51 2494 2470 2449 2423 48 2375
is_linear=0
shrinkage=0.1


Tree=98
num_leaves=31
num_cat=0
split_feature=1 7 7 5 8 9 7 7 7 9 7 3 7 7 7 1 5 5 4 7 1 10 4 4 4 4 3 9 9 6
split_gain=0.00228214 0.00706758 0.0130808 0.010904 0.0275238 0.0109737 0.0123902 0.0176481 0.0156093 0.0133929 0.00571228 0.00499448 0.00767112 0.00466241 0.00337706 0.00280689 0.0149229 0.0429997 0.0449 0.0510496 0.0192736 0.0305093 0.0196182 0.0663099 0.0660595 0.0496879 0.0191198 0.0205696 0.0771646 0.054602
threshold=76.500000000000014 11383967.500000002 20396700.000000004 61603.000000000007 43212.500000000007 56217.750000000007 33817452.000000007 48160764.000000007 68013256.000000015 69565.750000000015 117350584.00000001 49522.000000000007 4982690.5000000009 15205540.000000002 232878312.00000003 69.500000000000014 33765.000000000007 30992.000000000004 20881.500000000004 9789713.5000000019 70.500000000000014 35507.750000000007 47592.000000000007 50764.000000000007 39224.500000000007 33578.000000000007 37286.500000000007 43303.000000000007 41929.500000000007 41782.250000000007
decision_type=2 2 2 2 2 2 2 2 2 2 2 2 2 2 2 2 2 2 2 2 2 2 2 2 2 2 2 2 2 2
left_child=15 11 13 4 -4 -5 -7 -8 -9 -10 -11 -2 -13 -3 -12 -1 17 18 19 -17 22 -22 24 -24 25 -18 -23 28 29 -28
right_child=1 2 3 5 -6 6 7 8 9 10 14 12 -14 -15 -16 16 20 -19 -20 -21 21 26 23 -25 -26 -27 27 -29 -30 -31
leaf_value=-7.8137829238433766e-05 0.000115642806684429 0.00051962134117881464 0.00080755993374623356 0.0021005472099535506 -0.0044387503631878643 0.0018380387681342352 -0.0032971561797672795 0.0018709160981635596 -0.0028813924397463383 0.0011109973094426096 -0.0015014565657582824 -0.00031193099778399554 -0.0028274877950833699 0.0026027617997235876 0.00012884098080879388 0.003655160203772156 0.0025847099242074529 0.0044561655656434598 -0.003956586424083937 -0.0023138938208475063 -0.0031294034415623173 0.0025318000963407347 -0.0050326871353068526 0.0009720249119611155 0.0059710021162855224 -0.0033581327414140107 -0.0008604412802125091 4.6636323665486711e-05 -0.0055255178408515349 0.0047464772732928396
leaf_weight=1699 22 21 20 22 20 24 21 29 23 25 27 22 27 22 24 38 34 30 21 23 32 29 21 148 29 24 132 1839 32 20
leaf_count=1699 22 21 20 22 20 24 21 29 23 25 27 22 27 22 24 38 34 30 21 23 32 29 21 148 29 24 132 1839 32 20
internal_value=1.14374e-12 -0.0002456 -1.81798e-05 -0.000311603 -0.0018156 -3.09221e-06 -0.000270607 -0.000610255 -0.000169435 -0.000767114 -0.000127266 -0.00113606 -0.00169805 0.00158541 -0.000734258 2.06491e-05 8.9099e-05 0.00121672 3.15636e-05 0.00140453 3.51271e-05 -6.54605e-05 0.000853974 0.000225877 0.00207407 0.000125603 -1.76798e-05 -5.42269e-05 -0.00106231 -0.000122689
internal_weight=4500 349 278 235 40 195 173 149 128 99 76 71 49 43 51 4151 2452 112 82 61 2340 2084 256 169 87 58 2052 2023 184 152
internal_count=4500 349 278 235 40 195 173 149 128 99 76 71 49 43 51 4151 2452 112 82 61 2340 2084 256 169 87 58 2052 2023 184 152
is_linear=0
shrinkage=0.1


Tree=99
num_leaves=31
num_cat=0
split_feature=8 9 1 1 1 8 8 4 5 5 3 5 7 5 1 6 3 9 4 4 3 1 3 3 6 6 10 7 7 1
split_gain=0.00211987 0.00576596 0.00252254 0.0145628 0.0134244 0.0305515 0.0697386 0.0488695 0.0323714 0.0317197 0.0168329 0.0194798 0.0256022 0.0187061 0.0167383 0.014184 0.0524884 0.0283877 0.0364276 0.0247703 0.0357307 0.0554531 0.0235973 0.0490366 0.0366414 0.0407669 0.0467901 0.0230185 0.0240433 0.0451428
threshold=7401.7500000000009 9924.7500000000018 67.500000000000014 69.500000000000014 66.500000000000014 59071.000000000007 45249.250000000007 70902.500000000015 80453.500000000015 44634.000000000007 13512.500000000002 26908.000000000004 7277806.5000000009 30187.500000000004 60.500000000000007 42584.583984375007 48219.500000000007 41002.750000000007 19592.000000000004 37472.500000000007 53525.000000000007 61.500000000000007 66207.000000000015 63017.500000000007 51367.083984375007 55097.750000000007 60657.375000000007 39265350.000000007 14155435.000000002 62.500000000000007
decision_type=2 2 2 2 2 2 2 2 2 2 2 2 2 2 2 2 2 2 2 2 2 2 2 2 2 2 2 2 2 2
left_child=-1 -2 4 -4 10 6 9 8 -7 -6 -3 12 14 -13 -12 17 -17 18 -15 -18 21 -21 23 24 -22 -26 -27 28 29 -20
right_child=1 2 3 -5 5 7 -8 -9 -10 -11 11 13 -14 15 -16 16 19 -19 27 20 22 -23 -24 -25 25 26 -28 -29 -30 -31
leaf_value=-0.00076429166171389327 0.0017002905026311057 0.0028546468168497087 -0.0005717339108417906 3.8274138673916432e-05 2.1289700110043797e-05 0.0021752626899307452 -0.003776578374931382 -0.00027733414157410152 0.0075265488913282752 0.0049373203267653789 -0.0013616568253686033 0.0026888752606912302 0.0009181831342478594 0.0035454218298019398 -0.0052787332655861979 0.0041799101678113787 0.0025699052367625496 -0.0037790020645063907 0.00096781788348791102 -0.0064562899314544418 0.0035999147828830328 0.00072787575080015122 -0.00030405242802255991 0.0042356612577446199 -0.0046051580966873602 0.0042490670590528421 -0.0015320663007774525 -0.0037380212568677964 0.001936541748000309 -0.0048793634764202273
leaf_weight=36 20 20 455 2798 35 26 36 40 20 21 24 26 24 21 20 31 35 28 31 22 23 21 485 38 22 21 42 24 32 23
leaf_count=36 20 20 455 2798 35 26 36 40 20 21 24 26 24 21 20 31 35 28 31 22 23 21 485 38 22 21 42 24 32 23
internal_value=-3.49577e-12 6.16364e-06 -1.46069e-06 -4.70482e-05 0.000123053 0.000923969 -0.000342695 0.00227901 0.00450191 0.0018648 -1.76801e-05 -7.55316e-05 -0.00170909 4.45569e-05 -0.00314215 -3.19194e-05 0.000152201 -0.000888833 -0.000271086 -2.39047e-05 -0.000158598 -0.00294774 3.14705e-05 0.00114605 5.89647e-05 -0.000899175 0.000394978 -0.000999693 -0.000235508 -0.00152265
internal_weight=4500 4464 4444 3253 1191 178 92 86 46 56 1013 993 68 925 44 899 740 159 131 709 674 43 631 146 108 85 63 110 86 54
internal_count=4500 4464 4444 3253 1191 178 92 86 46 56 1013 993 68 925 44 899 740 159 131 709 674 43 631 146 108 85 63 110 86 54
is_linear=0
shrinkage=0.1


end of trees

feature_importances:
Column_7=467
Column_3=390
Column_4=380
Column_9=319
Column_1=312
Column_8=311
Column_5=297
Column_10=276
Column_6=248

parameters:
[boosting: gbdt]
[objective: regression]
[metric: l2]
[tree_learner: serial]
[device_type: cpu]
[data_sample_strategy: bagging]
[data: ]
[valid: ]
[num_iterations: 100]
[learning_rate: 0.1]
[num_leaves: 31]
[num_threads: 2]
[seed: 42]
[deterministic: 0]
[force_col_wise: 0]
[force_row_wise: 0]
[histogram_pool_size: -1]
[max_depth: -1]
[min_data_in_leaf: 20]
[min_sum_hessian_in_leaf: 0.001]
[bagging_fraction: 1]
[pos_bagging_fraction: 1]
[neg_bagging_fraction: 1]
[bagging_freq: 0]
[bagging_seed: 400]
[bagging_by_query: 0]
[feature_fraction: 1]
[feature_fraction_bynode: 1]
[feature_fraction_seed: 30056]
[extra_trees: 0]
[extra_seed: 12879]
[early_stopping_round: 0]
[early_stopping_min_delta: 0]
[first_metric_only: 0]
[max_delta_step: 0]
[lambda_l1: 0]
[lambda_l2: 0]
[linear_lambda: 0]
[min_gain_to_split: 0]
[drop_rate: 0.1]
[max_drop: 50]
[skip_drop: 0.5]
[xgboost_dart_mode: 0]
[uniform_drop: 0]
[drop_seed: 17869]
[top_rate: 0.2]
[other_rate: 0.1]
[min_data_per_group: 100]
[max_cat_threshold: 32]
[cat_l2: 10]
[cat_smooth: 10]
[max_cat_to_onehot: 4]
[top_k: 20]
[monotone_constraints: ]
[monotone_constraints_method: basic]
[monotone_penalty: 0]
[feature_contri: ]
[forcedsplits_filename: ]
[refit_decay_rate: 0.9]
[cegb_tradeoff: 1]
[cegb_penalty_split: 0]
[cegb_penalty_feature_lazy: ]
[cegb_penalty_feature_coupled: ]
[path_smooth: 0]
[interaction_constraints: ]
[verbosity: -1]
[saved_feature_importance_type: 0]
[use_quantized_grad: 0]
[num_grad_quant_bins: 4]
[quant_train_renew_leaf: 0]
[stochastic_rounding: 1]
[linear_tree: 0]
[max_bin: 255]
[max_bin_by_feature: ]
[min_data_in_bin: 3]
[bin_construct_sample_cnt: 200000]
[data_random_seed: 175]
[is_enable_sparse: 1]
[enable_bundle: 1]
[use_missing: 1]
[zero_as_missing: 0]
[feature_pre_filter: 1]
[pre_partition: 0]
[two_round: 0]
[header: 0]
[label_column: ]
[weight_column: ]
[group_column: ]
[ignore_column: ]
[categorical_feature: ]
[forcedbins_filename: ]
[precise_float_parser: 0]
[parser_config_file: ]
[objective_seed: 16083]
[num_class: 1]
[is_unbalance: 0]
[scale_pos_weight: 1]
[sigmoid: 1]
[boost_from_average: 1]
[reg_sqrt: 0]
[alpha: 0.9]
[fair_c: 1]
[poisson_max_delta_step: 0.7]
[tweedie_variance_power: 1.5]
[lambdarank_truncation_level: 30]
[lambdarank_norm: 1]
[label_gain: ]
[lambdarank_position_bias_regularization: 0]
[eval_at: ]
[multi_error_top_k: 1]
[auc_mu_weights: ]
[num_machines: 1]
[local_listen_port: 12400]
[time_out: 120]
[machine_list_filename: ]
[machines: ]
[gpu_platform_id: -1]
[gpu_device_id: -1]
[gpu_use_dp: 0]
[num_gpu: 1]

end of parameters

pandas_categorical:null
