tree
version=v4
num_class=1
num_tree_per_iteration=1
label_index=0
max_feature_idx=10
objective=regression
feature_names=Column_0 Column_1 Column_2 Column_3 Column_4 Column_5 Column_6 Column_7 Column_8 Column_9 Column_10
feature_infos=none [40:157] none [7904:181894] [3002:146560] [14038:181894] [12167.6669921875:162283.5] [49877.66796875:2354171904] [9804:154166] [12669.5:158406] [13290.5:175523]
tree_sizes=2693 2842 2855 2849 2859 2845 2870 2857 2875 2869 2869 2884 2874 2883 2893 2895 2890 2892 2887 2909 2892 2909 2892 2883 2895 2898 2910 2895 2889 2891 2885 2872 2882 2878 2885 2868 2883 2875 2884 2898 2902 2915 2897 2870 2899 2883 2870 2911 2872 2882 2901 2918 2902 2922 2876 2925 2866 2911 2925 2908 2894 2908 2873 2888 2905 2887 2908 2917 2885 2899 2907 2917 2879 2883 2906 2893 2912 2872 2895 2907 2866 2882 2895 2896 2898 2881 2900 2941 2889 2891 2906 2864 2902 2895 2884 2880 2881 2885 2928 2912

Tree=0
num_leaves=31
num_cat=0
split_feature=9 4 3 4 9 8 5 3 1 1 9 5 8 7 6 1 7 5 6 5 7 9 5 4 1 3 1 7 5 9
split_gain=17.5219 3.66398 3.32964 0.950917 0.789108 0.555748 0.340062 0.29052 0.272995 0.242896 0.219872 0.20695 0.21968 0.199888 0.27268 0.187162 0.175153 0.173077 0.149186 0.159595 0.145442 0.214791 0.142243 0.204632 0.141484 0.138549 0.125509 0.125385 0.116062 0.141458
threshold=63771.000000000007 69590.000000000015 46622.000000000007 86455.000000000015 53403.250000000007 68154.875000000015 97151.500000000015 33370.000000000007 127.50000000000001 137.50000000000003 80110.250000000015 67281.000000000015 59166.875000000007 26685896.000000004 81074.082031250015 137.50000000000003 11709704.000000002 45376.500000000007 52788.167968750007 48503.000000000007 1829220.6875000002 40611.500000000007 93787.500000000015 65234.500000000007 126.50000000000001 45317.000000000007 127.50000000000001 139300632.00000003 64199.000000000007 57889.000000000007
decision_type=2 2 2 2 2 2 2 2 2 2 2 2 2 2 2 2 2 2 2 2 2 2 2 2 2 2 2 2 2 2
left_child=2 5 7 13 16 9 -7 -1 28 22 -8 12 -10 14 -3 20 18 -17 19 -4 -9 -22 23 -2 -15 -23 -18 -11 29 -6
right_child=1 3 4 -5 8 6 10 15 11 27 -12 -13 -14 24 -16 17 26 -19 -20 -21 21 25 -24 -25 -26 -27 -28 -29 -30 -31
leaf_value=0.26004222708361013 0.24108492994786643 0.23236545882663451 0.23832000438869 0.22233852243589031 0.24563955352595426 0.2346545367834808 0.24679436363356236 0.24738522207218666 0.2419528459456794 0.23620542114957546 0.23782000463873476 0.24502183944697772 0.23353429010084698 0.23533634429069517 0.2252689836689708 0.24282000450446056 0.2503540646092362 0.25435846637246701 0.23732000442966819 0.24799241842034048 0.25364474694000694 0.2612767950285364 0.24539143337415797 0.23297151952485243 0.23144500427537906 0.25300518993481441 0.24762831133151778 0.24120235757661215 0.24725662436818993 0.23915333792898388
leaf_weight=108 536 121 20 135 133 417 39 23 271 192 91 218 35 153 98 26 367 26 20 116 194 81 70 33 240 27 313 68 284 45
leaf_count=108 536 121 20 135 133 417 39 23 271 192 91 218 35 153 98 26 367 26 20 116 194 81 70 33 240 27 313 68 284 45
internal_value=0.242022 0.235622 0.248106 0.229935 0.246146 0.23856 0.236047 0.255469 0.24423 0.240089 0.240512 0.242667 0.24099 0.231611 0.22919 0.25416 0.248406 0.248589 0.245384 0.24657 0.255051 0.255635 0.241138 0.240614 0.23296 0.259209 0.249099 0.237512 0.246002 0.244
internal_weight=4500 2193 2307 747 1822 1446 547 485 986 899 130 524 306 612 219 377 836 52 156 136 325 302 639 569 393 108 680 260 462 178
internal_count=4500 2193 2307 747 1822 1446 547 485 986 899 130 524 306 612 219 377 836 52 156 136 325 302 639 569 393 108 680 260 462 178
is_linear=0
shrinkage=1


Tree=1
num_leaves=31
num_cat=0
split_feature=9 4 3 4 9 8 5 1 1 3 7 3 5 9 5 10 9 6 7 6 7 5 9 9 7 9 9 6 5 4
split_gain=14.1966 2.88489 2.75641 0.770243 0.67582 0.427044 0.27545 0.236732 0.210142 0.204057 0.203225 0.226061 0.182263 0.178096 0.17676 0.171739 0.183372 0.163028 0.16191 0.220871 0.141874 0.137346 0.126602 0.12549 0.122484 0.161022 0.122679 0.120841 0.129272 0.119081
threshold=64122.750000000007 69590.000000000015 46622.000000000007 86455.000000000015 53403.250000000007 68154.875000000015 97151.500000000015 138.50000000000003 127.50000000000001 34622.000000000007 14259629.500000002 66289.500000000015 93787.500000000015 80110.250000000015 67281.000000000015 68946.750000000015 66103.000000000015 59845.250000000007 26685896.000000004 81074.082031250015 11709704.000000002 48072.000000000007 70925.250000000015 71955.500000000015 1829220.6875000002 40611.500000000007 45954.000000000007 52788.167968750007 48503.000000000007 55191.000000000007
decision_type=2 2 2 2 2 2 2 2 2 2 2 2 2 2 2 2 2 2 2 2 2 2 2 2 2 2 2 2 2 2
left_child=2 5 7 18 20 10 -7 9 -6 -1 15 -12 22 -8 17 16 -2 -10 19 -3 27 -9 -13 -14 -11 -26 -27 28 -4 -16
right_child=1 3 4 -5 8 6 13 21 14 24 11 12 23 -15 29 -17 -18 -19 -20 -21 -22 -23 -24 -25 25 26 -28 -29 -30 -31
leaf_value=0.016414341966018958 -0.0059287986195668942 -0.0086910909488181441 -0.0033320000767707823 -0.017715333959570638 0.0034446302270301982 -0.0066309209546739816 0.0042949233681727683 0.0021475481774125781 0.0001142126615660124 0.0043523870577866384 0.0060224209162520201 -0.0013009868981972549 0.0073364509269595148 -0.0037819998891471512 0.0038978950250581658 -0.0096765267662703991 0.0055622945406607225 -0.0057276188380132285 -0.0081560458495037562 -0.015077918954193593 0.006369470721658538 0.012535734847187997 -0.004439845705485862 -0.00026774899413188299 0.010322903801460524 0.01717299260670626 0.0091355307102203367 -0.0042320001870393758 0.0053731723527969989 -0.0013857704454234669
leaf_weight=119 41 121 20 135 477 417 39 35 251 22 41 426 34 91 179 56 21 59 393 98 680 20 184 60 185 79 25 20 116 56
leaf_count=119 41 121 20 135 477 417 39 35 251 22 41 426 34 91 179 56 21 59 393 98 680 20 184 60 185 79 25 20 116 56
internal_value=-2.48353e-12 -0.00585393 0.00538921 -0.0108784 0.00363681 -0.00319204 -0.00537798 0.0121025 0.00191189 0.0128927 -0.00180651 -0.00119578 -0.00161616 -0.00135892 0.000570382 -0.00566236 -0.00203665 -0.00099762 -0.00937024 -0.0115491 0.00574551 0.00592507 -0.00224779 0.00248271 0.0115452 0.0120927 0.0152409 0.00302569 0.004093 0.00263881
internal_weight=4500 2157 2343 747 1858 1410 547 485 1022 430 863 745 704 130 545 118 62 310 612 219 836 55 610 94 311 289 104 156 136 235
internal_count=4500 2157 2343 747 1858 1410 547 485 1022 430 863 745 704 130 545 118 62 310 612 219 836 55 610 94 311 289 104 156 136 235
is_linear=0
shrinkage=0.1


Tree=2
num_leaves=31
num_cat=0
split_feature=9 4 3 4 9 9 5 5 4 3 1 3 5 1 5 8 1 7 9 1 4 5 8 7 10 7 7 8 7 9
split_gain=11.5067 2.40144 2.18291 0.623896 0.516106 0.373187 0.291955 0.236052 0.215778 0.194417 0.181209 0.149379 0.150109 0.148155 0.135233 0.155083 0.133867 0.133872 0.133267 0.124117 0.123214 0.122024 0.121077 0.114918 0.111185 0.107598 0.251638 0.107427 0.11639 0.131714
threshold=63771.000000000007 69590.000000000015 46622.000000000007 86455.000000000015 53403.250000000007 71955.500000000015 93167.000000000015 97588.500000000015 64644.500000000007 33370.000000000007 127.50000000000001 72381.500000000015 77758.000000000015 139.50000000000003 67281.000000000015 59166.875000000007 126.50000000000001 37393236.000000007 91941.000000000015 137.50000000000003 76843.000000000015 45376.500000000007 69223.125000000015 11709704.000000002 77211.375000000015 16547563.000000002 9285190.0000000019 51535.125000000007 9472633.5000000019 47014.750000000007
decision_type=2 2 2 2 2 2 2 2 2 2 2 2 2 2 2 2 2 2 2 2 2 2 2 2 2 2 2 2 2 2
left_child=2 5 9 16 23 6 8 11 13 -1 -6 -7 -13 -2 15 -12 17 25 -9 -11 -18 -21 -10 27 -14 26 -3 28 29 -4
right_child=1 3 4 -5 10 7 -8 18 22 19 14 12 24 -15 -16 -17 20 -19 -20 21 -22 -23 -24 -25 -26 -27 -28 -29 -30 -31
leaf_value=0.014632997059918666 -0.0002417363025880502 -0.011623428832437541 -0.0018943487243218858 -0.015943800482760978 0.0032371735417997686 0.0025268700735812839 0.0069097690647695123 0.00025319983542431145 -0.0080596631194154427 0.010546452925755428 -2.6439574316858806e-05 -0.010821110504594717 0.0018191392577829816 -0.0038487697607718857 0.0024237758608176077 -0.0070997628676039834 -0.0082010547370677863 -0.0045428470320945241 -0.00747787421224294 0.00044035766846858544 -0.011946282671196453 0.010128723658048192 0.00053097218097675409 0.0057325236444525866 -0.0056352166300815236 -0.013209925760470687 0.0018818045246668837 -0.00411990337073803 -0.00275487174158511 0.0067279449531010213
leaf_weight=108 483 37 22 135 462 22 41 128 75 325 271 55 21 149 218 35 233 137 27 26 141 26 21 680 424 42 22 20 23 91
leaf_count=108 483 37 22 135 462 22 41 128 75 325 271 55 21 149 218 35 233 137 27 26 141 26 21 680 424 42 22 20 23 91
internal_value=-9.93411e-13 -0.00518649 0.0049302 -0.00979055 0.00334315 -0.00280805 -0.00130071 -0.00452023 -0.00176312 0.0108923 0.00179341 -0.00553774 -0.00589258 -0.00109213 0.00052047 -0.00083548 -0.00843321 -0.00657922 -0.0010935 0.00982067 -0.00961303 0.00528454 -0.00618046 0.00517096 -0.00528344 -0.00934143 -0.00658758 0.00272312 0.00372945 0.00504927
internal_weight=4500 2193 2307 747 1822 1446 769 677 728 485 986 522 500 632 524 306 612 238 155 377 374 52 96 836 445 101 59 156 136 113
internal_count=4500 2193 2307 747 1822 1446 769 677 728 485 986 522 500 632 524 306 612 238 155 377 374 52 96 836 445 101 59 156 136 113
is_linear=0
shrinkage=0.1


Tree=3
num_leaves=31
num_cat=0
split_feature=8 3 4 9 8 4 1 3 6 1 7 9 9 7 7 9 1 4 10 6 9 8 5 5 3 1 10 9 9 8
split_gain=9.33954 2.05938 1.51524 0.613761 0.483063 0.233018 0.183087 0.16319 0.156035 0.152059 0.148025 0.162931 0.16807 0.146512 0.143406 0.24289 0.137404 0.135214 0.162859 0.150647 0.129074 0.127281 0.120544 0.109838 0.109699 0.147604 0.140734 0.206647 0.128405 0.108126
threshold=62011.875000000007 46622.000000000007 76843.000000000015 54033.000000000007 69832.375000000015 86455.000000000015 131.50000000000003 38839.000000000007 89068.750000000015 127.50000000000001 1829220.6875000002 40611.500000000007 47420.750000000007 3262389.6250000005 92012912.000000015 77518.250000000015 124.50000000000001 59280.500000000007 68173.500000000015 72040.414062500015 71955.500000000015 51366.250000000007 58646.500000000007 57716.000000000007 57135.000000000007 115.50000000000001 59555.250000000007 58094.500000000007 57202.750000000007 53085.000000000007
decision_type=2 2 2 2 2 2 2 2 2 2 2 2 2 2 2 2 2 2 2 2 2 2 2 2 2 2 2 2 2 2
left_child=1 7 4 21 6 8 -2 13 -4 24 -9 -12 -13 -1 -6 -16 -10 -8 -19 -20 -21 -3 -23 -11 25 -5 -26 28 29 -28
right_child=2 3 5 9 14 -7 17 10 16 23 11 12 -14 -15 15 -17 -18 18 19 20 -22 22 -24 -25 26 -27 27 -29 -30 -31
leaf_value=0.017458707226538344 -0.00066228829108964861 0.004863486345857382 -0.012054757669774027 0.00088575135118195 -0.0068222592312305779 -0.014349419811257612 -0.0012634682965322133 -0.00014402501285076143 -0.0026750854520621349 -0.0070612041723160518 0.0062841617876267814 0.013019466908305017 0.0030018495209515098 0.010618616275886974 0.0033434811215370128 -0.0051009788257537284 -0.0093238937590435587 0.0022322461367226564 -0.0087933922318284806 0.0023785112691777095 -0.0056230322328499624 -0.0034021922563378876 0.0062337473593652255 0.00029027693197957691 -0.0045081438101602323 0.010690266113070881 0.0068363169856045557 0.0010864797742247913 0.011138575294000261 -0.00080468427510030816
leaf_weight=38 398 832 104 28 458 135 137 20 49 21 127 103 20 178 39 269 85 26 106 28 72 37 20 631 33 34 46 361 34 31
leaf_count=38 398 832 104 28 458 135 137 20 49 21 127 103 20 178 39 269 85 26 106 28 72 37 20 631 33 34 46 361 34 31
internal_value=2.70575e-11 0.00390511 -0.00531471 0.00255221 -0.00392392 -0.0110308 -0.00214994 0.00977324 -0.00914834 0.00109503 0.00813426 0.00879652 0.0113906 0.011822 -0.00570021 -0.00403171 -0.00689261 -0.00375452 -0.00522552 -0.00616679 -0.0033826 0.0045503 -2.11608e-05 5.34961e-05 0.00229269 0.00626242 0.00180532 0.00224673 0.00602015 0.00376007
internal_weight=4500 2594 1906 2108 1533 373 767 486 238 1219 270 250 123 216 766 308 134 369 232 206 100 889 57 652 567 62 505 472 111 77
internal_count=4500 2594 1906 2108 1533 373 767 486 238 1219 270 250 123 216 766 308 134 369 232 206 100 889 57 652 567 62 505 472 111 77
is_linear=0
shrinkage=0.1


Tree=4
num_leaves=31
num_cat=0
split_feature=9 4 3 4 9 9 5 5 1 5 8 4 3 3 7 3 5 7 9 1 5 1 7 4 9 7 9 6 8 10
split_gain=7.60613 1.58269 1.4243 0.405387 0.33199 0.249439 0.226805 0.182494 0.157379 0.156978 0.240421 0.156318 0.137675 0.134103 0.134917 0.123785 0.118486 0.116168 0.114376 0.113352 0.109536 0.106275 0.102134 0.122847 0.101808 0.10054 0.100262 0.223406 0.0994781 0.098837
threshold=63771.000000000007 69590.000000000015 46622.000000000007 86455.000000000015 53403.250000000007 71955.500000000015 93167.000000000015 97588.500000000015 138.50000000000003 64803.500000000007 58669.750000000007 64644.500000000007 41226.000000000007 63219.500000000007 18593529.000000004 72381.500000000015 77758.000000000015 7677308.2500000009 57062.000000000007 139.50000000000003 60103.500000000007 116.50000000000001 24165171.000000004 74702.000000000015 91941.000000000015 24718775.000000004 57889.000000000007 58677.500000000007 69223.125000000015 47038.250000000007
decision_type=2 2 2 2 2 2 2 2 2 2 2 2 2 2 2 2 2 2 2 2 2 2 2 2 2 2 2 2 2 2
left_child=2 5 8 21 -4 6 11 15 12 10 17 19 -1 -11 -15 -7 25 18 -6 -2 -19 -3 23 -23 -9 -17 -22 -28 -13 -10
right_child=1 3 4 -5 9 7 -8 24 29 13 -12 28 -14 14 -16 16 -18 20 -20 -21 26 22 -24 -25 -26 -27 27 -29 -30 -31
leaf_value=0.010873572170538338 -0.00014617779749150601 -0.0040607280043639402 0.0041924085387844215 -0.012914478050337897 0.00061411540522131813 0.0027609223584559831 0.0061830762682891479 0.00050437115423846996 0.00058304018740143102 0.0068158945633154935 -0.0075564061095447915 -0.0069242557045072319 0.0071897407621713122 -0.0039679948879139766 0.0024725633981111262 -0.013185085055107874 -0.0043621892607613897 -0.0027683874176254552 0.0081439183926896048 -0.0033012265702022005 0.0029007839411497116 -0.0064868148029237601 -0.0064482436529190862 -0.011861334464610034 -0.0062528680527099856 -0.0045985051915049561 -0.0051286160524161364 0.0072752229683101174 0.00086254727627549854 0.0093953958223573861
leaf_weight=266 483 111 836 135 43 22 41 128 35 66 38 75 164 35 460 30 445 103 38 149 130 77 329 95 27 25 53 20 21 20
leaf_count=266 483 111 836 135 43 22 41 128 35 66 38 75 164 35 460 30 445 103 38 149 130 77 329 95 27 25 53 20 21 20
internal_value=-1.80854e-11 -0.00421677 0.0040084 -0.00795446 0.00272644 -0.00228589 -0.00105356 -0.0036857 0.00882433 0.0014835 3.38312e-05 -0.00146112 0.00946858 0.00258173 0.00201717 -0.00458036 -0.00490338 0.000779126 0.00414662 -0.00089001 -0.000112269 -0.00686033 -0.00748061 -0.0094553 -0.000672696 -0.00928209 0.00123542 -0.0017303 -0.00522089 0.00378753
internal_weight=4500 2193 2307 747 1822 1446 769 677 485 986 425 728 430 561 495 522 500 387 81 632 306 612 501 172 155 55 203 73 96 55
internal_count=4500 2193 2307 747 1822 1446 769 677 485 986 425 728 430 561 495 522 500 387 81 632 306 612 501 172 155 55 203 73 96 55
is_linear=0
shrinkage=0.1


Tree=5
num_leaves=31
num_cat=0
split_feature=9 8 3 4 8 8 5 9 3 3 9 1 3 7 1 1 1 1 3 1 9 1 9 8 1 7 5 8 10 7
split_gain=6.16097 1.30487 1.15368 0.280368 0.275551 0.263734 0.181964 0.271142 0.227419 0.151808 0.267463 0.151241 0.147787 0.145054 0.133805 0.129677 0.127477 0.112741 0.112719 0.109128 0.113573 0.104481 0.0918677 0.13279 0.0911954 0.115899 0.203473 0.186405 0.113538 0.0910023
threshold=63771.000000000007 77214.750000000015 46622.000000000007 86455.000000000015 51065.375000000007 68154.875000000015 98595.000000000015 95539.500000000015 108951.00000000001 97041.000000000015 77518.250000000015 122.50000000000001 76505.500000000015 16789684.000000004 135.50000000000003 137.50000000000003 138.50000000000003 114.50000000000001 31189.000000000004 127.50000000000001 55745.500000000007 146.50000000000003 62666.250000000007 54078.625000000007 100.50000000000001 4163127.7500000005 59704.000000000007 52161.625000000007 60220.250000000007 18266954.000000004
decision_type=2 2 2 2 2 2 2 2 2 2 2 2 2 2 2 2 2 2 2 2 2 2 2 2 2 2 2 2 2 2
left_child=2 5 16 6 19 15 -3 8 -8 11 -11 13 14 17 24 -2 18 -7 -1 29 -21 -16 23 -14 -6 -26 27 -27 -28 -4
right_child=1 3 4 -5 12 9 7 -9 -10 10 -12 -13 22 -15 21 -17 -18 -19 -20 20 -22 -23 -24 -25 25 26 28 -29 -30 -31
leaf_value=0.012257352405611207 -0.00034417824546681907 -0.008240350684154428 0.0018823686159319349 -0.011623030252478741 0.0066238544552641764 0.0079699863817288795 -0.0041997772235214254 -0.0085055784451938468 0.0047478905436582862 0.0072829098207876086 -0.0033930329206420789 -0.005602371578867821 0.00033537135882811116 -0.0038614977876433227 -0.0021965880496654568 -0.0029931275650429039 0.0034087797457521616 -0.0018454135577194394 0.0078199971583350278 0.0029552636418858887 -0.0027503268008953648 0.0028613917821762608 -0.00043538087047636511 0.009748779031190466 0.0066265582585254244 0.0019943611075480777 0.0065419083331213438 -0.0088726809346362165 0.0010670023495858571 0.005258104748139948
leaf_weight=68 639 276 99 135 34 22 98 97 40 32 88 368 22 113 205 260 55 25 362 426 38 51 24 47 37 27 43 38 318 413
leaf_count=68 639 276 99 135 34 22 98 97 40 32 88 368 22 113 205 260 55 25 362 426 38 51 24 47 37 27 43 38 318 413
internal_value=-1.719e-11 -0.0037951 0.00360756 -0.00756989 0.0024538 -0.00221881 -0.0064991 -0.00445406 -0.00160625 -0.00375672 -0.000546115 -0.0044864 0.00113291 -0.00191966 0.000668418 -0.00111028 0.0079419 0.00274903 0.00852172 0.00359875 0.002488 -0.00118894 0.00489378 0.0067474 0.00162513 0.00125805 0.000791772 -0.00435868 0.00171914 0.00460537
internal_weight=4500 2193 2307 646 1822 1547 511 235 138 648 120 528 846 160 753 899 485 47 430 976 464 256 93 69 497 463 426 65 361 512
internal_count=4500 2193 2307 646 1822 1547 511 235 138 648 120 528 846 160 753 899 485 47 430 976 464 256 93 69 497 463 426 65 361 512
is_linear=0
shrinkage=0.1


Tree=6
num_leaves=31
num_cat=0
split_feature=8 10 8 4 8 9 5 9 4 8 1 7 3 1 5 1 7 3 1 5 4 1 1 7 7 5 3 9 8 3
split_gain=5.02077 1.06926 0.901168 0.239882 0.230554 0.194737 0.161156 0.176917 0.159383 0.184405 0.157984 0.153689 0.191762 0.149349 0.143465 0.200597 0.142379 0.140133 0.139316 0.10816 0.103499 0.0986772 0.102339 0.0991823 0.132303 0.0958168 0.190848 0.157317 0.131726 0.117884
threshold=61062.875000000007 49250.500000000007 77214.750000000015 82840.000000000015 51065.375000000007 71955.500000000015 98595.000000000015 83295.250000000015 42260.000000000007 45352.875000000007 122.50000000000001 25803129.000000004 68055.000000000015 118.50000000000001 49432.500000000007 136.50000000000003 68866480.000000015 43684.500000000007 135.50000000000003 45376.500000000007 62652.500000000007 109.50000000000001 115.50000000000001 136546480.00000003 44082580.000000007 65850.500000000015 66289.500000000015 61786.000000000007 58863.250000000007 82308.000000000015
decision_type=2 2 2 2 2 2 2 2 2 2 2 2 2 2 2 2 2 2 2 2 2 2 2 2 2 2 2 2 2 2
left_child=1 8 5 6 -3 11 -4 -8 14 -10 -7 18 -13 -6 15 17 -12 19 20 -1 -2 -14 -23 24 -24 28 -27 29 -15 -28
right_child=2 4 3 -5 13 10 7 -9 9 -11 16 12 21 25 -16 -17 -18 -19 -20 -21 -22 22 23 -25 -26 26 27 -29 -30 -31
leaf_value=0.0079044344970041688 0.001145052488404091 0.0030147223073766606 -0.0071919829137230586 -0.0096595701622476191 0.0028876681571186284 -0.0011999870233611902 0.0053199531262396798 -0.0043997523296292005 -0.0047859020996838808 0.0074859238307302192 -0.0060671024278005454 0.0097475747799589535 -0.0053853245917707682 -0.00055439698940978877 0.01137104070889698 0.00069056602123265083 -0.0026987724026824762 0.0043822435126639903 -0.0057686687886113457 0.015344467901048207 -0.0035137305095660218 0.0070235280320048339 0.0028431703394744545 0.0042997187393349267 -0.0025875244792550804 0.0067404014953913599 0.0015415101948126062 -0.0015242322403851744 -0.0074207487185635876 0.0094990946529876635
leaf_weight=281 99 883 249 203 259 229 21 173 25 24 249 21 32 283 71 52 253 120 96 21 92 22 64 43 150 52 164 217 31 21
leaf_count=281 99 883 249 203 259 229 21 173 25 24 249 21 32 283 71 52 253 120 96 21 92 22 64 43 150 52 164 217 31 21
internal_value=3.60069e-11 0.00298224 -0.00374124 -0.0068129 0.00182984 -0.00227139 -0.00550845 -0.00334762 0.00668774 0.00122479 -0.0033766 -0.000966215 0.000498821 0.0008111 0.0071789 0.00655097 -0.00436952 0.0072731 -0.00266096 0.00842179 -0.00109897 -0.000125693 0.000477562 -8.27932e-05 -0.000963391 0.000110799 0.00103972 0.000302314 -0.00123229 0.0024448
internal_weight=4500 2504 1996 646 1910 1350 443 194 594 49 731 619 332 1027 545 474 502 422 287 302 191 311 279 257 214 768 454 402 314 185
internal_count=4500 2504 1996 646 1910 1350 443 194 594 49 731 619 332 1027 545 474 502 422 287 302 191 311 279 257 214 768 454 402 314 185
is_linear=0
shrinkage=0.1


Tree=7
num_leaves=31
num_cat=0
split_feature=8 3 4 9 4 9 7 5 3 9 1 5 9 3 4 7 10 3 6 6 4 3 3 5 9 8 9 1 8 7
split_gain=4.06682 0.868968 0.736493 0.240806 0.22525 0.121083 0.131622 0.119037 0.135139 0.117117 0.148381 0.110515 0.199929 0.135963 0.16889 0.119998 0.106625 0.221137 0.102656 0.125496 0.11204 0.0966211 0.0965401 0.0896414 0.102739 0.100245 0.141439 0.107506 0.0864011 0.107446
threshold=61062.875000000007 46622.000000000007 69590.000000000015 54033.000000000007 82840.000000000015 71955.500000000015 18266954.000000004 77758.000000000015 76117.000000000015 73880.250000000015 130.50000000000003 60103.500000000007 57889.000000000007 60805.000000000007 51761.000000000007 25159347.000000004 62392.625000000007 60032.000000000007 55871.916015625007 54883.500000000007 48508.000000000007 67169.500000000015 33370.000000000007 46601.000000000007 47420.750000000007 41370.000000000007 40956.750000000007 129.50000000000003 74734.875000000015 264475728.00000003
decision_type=2 2 2 2 2 2 2 2 2 2 2 2 2 2 2 2 2 2 2 2 2 2 2 2 2 2 2 2 2 2
left_child=1 22 5 -3 -4 6 -2 -7 -9 10 -10 18 13 14 -13 -15 -14 -18 19 20 -5 -8 -1 25 -25 26 27 -24 29 -11
right_child=2 3 4 11 -6 7 21 8 9 28 -12 12 16 15 -16 -17 17 -19 -20 -21 -22 -23 23 24 -26 -27 -28 -29 -30 -31
leaf_value=0.0091167761418209578 -0.002837156776434065 0.0030008403261698141 -0.004790196145714778 -0.003732932121916251 -0.0086936129618371879 -0.007126538131693852 0.0058788547026259567 0.0042418828443824795 -0.0014595000968816189 -0.0020574312185106629 -0.0096888860745821155 0.0039750943533503093 -0.003343566323459988 -0.0034921938305099809 0.015277761463075877 0.0033963971464715387 0.0074234008384139643 0.00024046087081419531 0.0029466626996343787 -0.0094645016611768652 0.0050072634406387803 -0.00021661007674793678 0.0056838345092279042 0.010640252187722438 0.0027025383156300945 -0.0019366131722927096 0.010812330030177425 0.00071251816276846265 -0.0043016888901295782 0.0028215519721723268
leaf_weight=108 220 889 544 55 203 59 28 29 39 275 50 39 71 30 20 161 46 628 33 26 20 365 174 63 22 20 41 58 130 54
leaf_count=108 220 889 544 55 203 59 28 29 39 275 50 39 71 30 20 161 46 628 33 26 20 365 174 63 22 20 41 58 130 54
internal_value=-2.60027e-12 0.00268401 -0.00336712 0.00176981 -0.00585096 -0.00188158 -0.000878677 -0.00284822 -0.00241074 -0.0027628 -0.00608275 0.000800467 0.00116355 0.00361055 0.00780651 0.00231442 0.000342406 0.000730691 -0.00189555 -0.00347765 -0.00140221 0.000217672 0.00648002 0.00572666 0.00858579 0.00489722 0.00539787 0.00444101 -0.00211906 -0.00125663
internal_weight=4500 2504 1996 2018 747 1249 613 636 577 548 89 1129 995 250 59 191 745 674 134 101 75 393 486 378 85 293 273 232 459 329
internal_count=4500 2504 1996 2018 747 1249 613 636 577 548 89 1129 995 250 59 191 745 674 134 101 75 393 486 378 85 293 273 232 459 329
is_linear=0
shrinkage=0.1


Tree=8
num_leaves=31
num_cat=0
split_feature=9 4 3 4 1 4 7 6 9 1 4 7 9 3 5 3 1 3 9 10 3 1 8 1 7 1 1 5 3 3
split_gain=3.31159 0.774556 0.577601 0.185979 0.159863 0.171623 0.127201 0.173851 0.136761 0.121401 0.10931 0.108204 0.0956811 0.0979882 0.0876131 0.0867726 0.0848126 0.0848041 0.217724 0.079582 0.146509 0.14355 0.0825708 0.0742722 0.0741559 0.0735746 0.0925466 0.070944 0.0908756 0.0704441
threshold=62368.750000000007 69590.000000000015 45721.000000000007 86455.000000000015 127.50000000000001 55191.000000000007 136546480.00000003 67456.164062500015 80110.250000000015 141.50000000000003 64844.500000000007 125294288.00000001 41972.250000000007 80560.000000000015 70927.000000000015 65914.500000000015 150.50000000000003 48452.000000000007 47014.750000000007 72342.875000000015 74669.000000000015 122.50000000000001 66580.000000000015 116.50000000000001 65210276.000000007 130.50000000000003 138.50000000000003 48072.000000000007 33370.000000000007 82308.000000000015
decision_type=2 2 2 2 2 2 2 2 2 2 2 2 2 2 2 2 2 2 2 2 2 2 2 2 2 2 2 2 2 2
left_child=2 6 9 23 -4 12 7 14 10 27 -8 15 -6 17 -2 -9 19 18 -14 22 21 -21 -17 -3 29 -10 -27 28 -1 -22
right_child=1 3 4 -5 5 -7 8 11 25 -11 -12 -13 13 -15 -16 16 -18 -19 -20 20 24 -23 -24 -25 -26 26 -28 -29 -30 -31
leaf_value=0.0085283538492599339 -0.0016396677129872713 -0.0021843667829966151 0.0029446505323002651 -0.0086254095368915144 0.0072606864109359404 -0.0040533565946163667 0.00078300699369719955 0.0039799810387194162 -0.0004493116422134888 -0.00075922088231891401 0.0077107792180031547 -0.0076242561986542903 -0.0011287937238812448 0.0081108275800943382 0.0012429520348086953 -0.010617947807211592 -0.0080922837161259472 0.00074371435868962111 0.012683061821874054 0.0087851512552747004 -0.0029470228037486476 -0.00077256719878112735 -0.003131990544725119 -0.0050433298038528931 -0.0013615956453995911 -0.0094282812982176747 -0.0014786058310164664 0.01011983816633406 0.0050243150323061175 -0.006707040224137018
leaf_weight=101 223 111 861 135 27 62 256 20 79 25 25 44 25 20 200 23 28 698 21 22 225 55 41 501 226 27 32 46 277 64
leaf_count=101 223 111 861 135 27 62 256 20 79 25 25 44 25 20 200 23 28 698 21 22 225 55 41 501 226 27 32 46 277 64
internal_value=-1.22215e-11 -0.00260982 0.00281977 -0.00526587 0.00198339 0.00101311 -0.00136198 -0.00189701 0.000133281 0.00601254 0.00139936 -0.0028133 0.00141023 0.00120347 -0.000276727 -0.00251261 -0.00270245 0.00101779 0.00517662 -0.0024724 -0.00211025 0.00195821 -0.00582226 -0.00452479 -0.00271855 -0.00244474 -0.00511659 0.00641182 0.00596058 -0.00377969
internal_weight=4500 2337 2163 747 1714 853 1590 1171 419 449 281 748 791 764 423 704 684 744 46 656 592 77 64 612 515 138 59 424 378 289
internal_count=4500 2337 2163 747 1714 853 1590 1171 419 449 281 748 791 764 423 704 684 744 46 656 592 77 64 612 515 138 59 424 378 289
is_linear=0
shrinkage=0.1


Tree=9
num_leaves=31
num_cat=0
split_feature=9 8 10 4 7 7 4 5 3 3 1 3 9 1 9 10 9 5 10 5 1 9 4 5 1 4 1 5 3 1
split_gain=2.68573 0.564205 0.535489 0.165363 0.157702 0.151407 0.12847 0.126517 0.144349 0.11943 0.118272 0.17673 0.115742 0.113373 0.106942 0.134485 0.100998 0.102004 0.109706 0.0991082 0.128641 0.0910404 0.0908098 0.109188 0.123772 0.105436 0.0896499 0.0964397 0.0975904 0.0884652
threshold=64122.750000000007 80323.375000000015 49250.500000000007 60231.500000000007 339543776.00000006 139300632.00000003 43523.000000000007 49432.500000000007 45721.000000000007 67559.000000000015 127.50000000000001 48452.000000000007 97996.250000000015 127.50000000000001 40956.750000000007 36737.875000000007 58094.500000000007 62377.000000000007 56218.500000000007 64199.000000000007 117.50000000000001 68888.000000000015 55191.000000000007 67540.500000000015 128.50000000000003 41310.500000000007 113.50000000000001 57148.000000000007 51594.500000000007 129.50000000000003
decision_type=2 2 2 2 2 2 2 2 2 2 2 2 2 2 2 2 2 2 2 2 2 2 2 2 2 2 2 2 2 2
left_child=2 3 6 9 -5 -3 7 8 14 13 16 -12 -7 -2 15 -1 17 18 26 20 -18 -11 23 24 -13 -25 -4 28 -28 -17
right_child=1 5 10 4 -6 12 -8 -9 -10 21 11 22 -14 -15 -16 29 19 -19 -20 -21 -22 -23 -24 25 -26 -27 27 -29 -30 -31
leaf_value=0.0070493059910909832 0.01017164258286357 -0.0066555557174308765 0.0010534235208666874 -0.0026485332682311376 0.0052377327582619803 0.001250553434996012 -0.0011254591772078791 0.0091776109498300368 0.0009422307024665532 0.00066277912320441992 0.0086346107724778083 -0.0061857101072867711 -0.0049905626309247548 7.0357944816350947e-05 0.0090217649523483615 0.0043789184179657435 0.0016394905391193572 0.0049207065072025841 -0.00011321088457678227 0.0015207149096698102 -0.0095666536688804628 -0.0018602703500088563 -0.0022387190200228299 -0.0021452786577110354 0.00042120218403075371 0.0037187270362283933 -0.00059134839900902342 0.011218501432310969 0.0056127327605677048 -0.0003841131722385233
leaf_weight=144 20 350 99 1025 26 48 33 73 84 249 27 30 78 25 71 134 21 194 141 224 20 336 112 37 517 179 35 21 92 55
leaf_count=144 20 350 99 1025 26 48 33 73 84 249 27 30 78 25 71 134 21 194 141 224 20 336 112 37 517 179 35 21 92 55
internal_value=6.1744e-12 -0.00254616 0.00234404 -0.00168554 -0.00245344 -0.00558547 0.00493816 0.00529484 0.00471402 -0.000404487 0.00146301 0.000666147 -0.00261299 0.00455982 0.00549825 0.00474699 0.00231162 0.00304846 0.00211234 0.000693345 -0.00382692 -0.000786357 0.000420263 0.000810573 5.88487e-05 0.00271424 0.0033828 0.00494096 0.00390295 0.00299285
internal_weight=4500 2157 2343 1681 1051 476 594 561 488 630 1749 902 126 45 404 333 847 582 388 265 41 585 875 763 547 216 247 148 127 189
internal_count=4500 2157 2343 1681 1051 476 594 561 488 630 1749 902 126 45 404 333 847 582 388 265 41 585 875 763 547 216 247 148 127 189
is_linear=0
shrinkage=0.1


Tree=10
num_leaves=31
num_cat=0
split_feature=9 8 3 7 7 3 5 6 6 4 9 8 3 9 1 1 7 1 7 7 7 3 4 9 8 7 3 9 5 1
split_gain=2.18239 0.524945 0.385603 0.143887 0.14285 0.141881 0.139399 0.139759 0.123114 0.120625 0.11699 0.115501 0.115088 0.180873 0.108202 0.10454 0.09926 0.0932911 0.0876611 0.110918 0.0924808 0.0865558 0.085663 0.0916065 0.163021 0.0846145 0.0845069 0.164274 0.123066 0.077683
threshold=62368.750000000007 77214.750000000015 43684.500000000007 158041216.00000003 1371899.0000000002 54102.000000000007 55674.500000000007 49888.583984375007 52788.167968750007 64644.500000000007 87563.250000000015 90027.250000000015 93442.500000000015 76844.000000000015 124.50000000000001 138.50000000000003 79834208.000000015 108.50000000000001 27575722.000000004 47512762.000000007 73251020.000000015 72770.000000000015 43680.500000000007 56866.750000000007 56051.875000000007 39815848.000000007 73559.500000000015 77087.250000000015 72953.500000000015 121.50000000000001
decision_type=2 2 2 2 2 2 2 2 2 2 2 2 2 2 2 2 2 2 2 2 2 2 2 2 2 2 2 2 2 2
left_child=2 9 15 11 -4 6 7 -6 -8 14 -5 18 17 -14 -2 -1 21 -11 -3 25 -21 -7 -18 -24 29 -20 28 -28 -19 -25
right_child=1 3 4 10 5 16 8 -9 -10 12 -12 -13 13 -15 -16 -17 22 26 19 20 -22 -23 23 24 -26 -27 27 -29 -30 -31
leaf_value=0.0058002221418799772 0.00068094586963127863 -0.00643053554782742 -0.0056661941612569187 0.0042235258600191667 0.0030599773582156878 0.00079753264843301789 0.011778568501176779 -0.0026993486792483232 0.0038951265786846094 0.0017349080847842353 -0.0031160581001156086 -0.0077421411196373306 0.0077055450099018903 -0.0017876285268522971 -0.00133765803452022 -0.00027432296004506853 0.0012826337464437758 -0.0073041078113462964 -0.0024623355347542994 -0.0074020016709199325 -0.0026902834471347263 -0.0048556221649050718 0.007323308415230244 -0.0042649904874941481 0.0097768502309918404 0.0057588311976620133 -0.0061044254731012501 -0.0012156446199376315 0.0016301555786350068 0.0024975344880807156
leaf_weight=329 412 133 26 27 407 828 32 47 52 35 111 142 26 88 747 31 223 21 31 65 116 28 62 26 23 21 199 105 58 49
leaf_count=329 412 133 26 27 407 828 32 47 52 35 111 142 26 88 747 31 223 21 31 65 116 28 62 26 23 21 199 105 58 49
internal_value=-2.27495e-12 -0.00211865 0.00228908 -0.00454349 0.00169246 0.00180013 0.00315614 0.00246375 0.00689834 -0.0011923 -0.00168005 -0.00532135 -0.00243892 0.000377481 -0.000620087 0.00527714 0.00121132 -0.00320703 -0.00438213 -0.00321288 -0.00438234 0.000612616 0.00254942 0.00431501 0.00241181 0.000857751 -0.00365864 -0.00441587 -0.000744775 0.000153192
internal_weight=4500 2337 2163 646 1803 1777 538 454 84 1691 138 508 532 114 1159 360 1239 418 366 233 181 856 383 160 98 52 383 304 79 75
internal_count=4500 2337 2163 646 1803 1777 538 454 84 1691 138 508 532 114 1159 360 1239 418 366 233 181 856 383 160 98 52 383 304 79 75
is_linear=0
shrinkage=0.1


Tree=11
num_leaves=31
num_cat=0
split_feature=9 8 4 4 3 1 4 4 4 3 8 1 7 7 3 8 7 7 7 1 8 4 1 4 9 4 4 7 7 1
split_gain=1.77232 0.444838 0.291597 0.172238 0.122056 0.0993559 0.10783 0.110675 0.107293 0.117462 0.0980627 0.0939488 0.0902553 0.0881606 0.124308 0.10734 0.0824511 0.0815601 0.0801723 0.0751915 0.0797699 0.0854001 0.112535 0.106897 0.0767471 0.141902 0.0930277 0.0824571 0.200295 0.19594
threshold=67826.500000000015 41050.625000000007 76843.000000000015 60001.000000000007 64980.000000000007 130.50000000000003 65234.500000000007 58110.500000000007 73004.000000000015 74437.000000000015 65378.500000000007 141.50000000000003 158041216.00000003 1371899.0000000002 49849.000000000007 44331.875000000007 2966941.1250000005 7450288.0000000009 210172080.00000003 100.50000000000001 61460.875000000007 56593.500000000007 136.50000000000003 58309.000000000007 60244.250000000007 53120.500000000007 55191.000000000007 18266954.000000004 16547563.000000002 113.50000000000001
decision_type=2 2 2 2 2 2 2 2 2 2 2 2 2 2 2 2 2 2 2 2 2 2 2 2 2 2 2 2 2 2
left_child=1 11 4 13 -2 6 7 -6 9 17 -5 16 -4 -3 15 -15 -1 -8 -11 -16 24 22 -22 -23 25 27 -27 28 29 -21
right_child=2 3 12 10 5 -7 8 -9 -10 18 -12 -13 -14 14 19 -17 -18 -19 -20 20 21 23 -24 -25 -26 26 -28 -29 -30 -31
leaf_value=0.0082274905082826717 0.0059877940826117996 -0.004504307311166216 -0.0055743932620518737 -0.0037146662781326872 -0.002022685146513293 -0.0027217088006800108 0.0062912573572248224 0.0016140898450299403 0.0009029004517704226 -0.0046585240937108826 0.003887107274495065 -0.0011057854315046879 -0.0012817814861873873 0.00068689163013453214 0.003595196482582161 0.0056570250048285486 0.0039393288616944725 -0.0024403474941525772 0.0015532781704045509 -0.0087902047078717831 0.0082838200381956991 -0.0042196152662789385 -0.00035313217985359109 0.0043870504464833971 -0.00055287813108103971 0.0066024237076266548 0.0011236797036095099 0.0011912772408523762 -0.0083045269013382501 0.0011576304485024227
leaf_weight=49 20 27 315 112 137 705 20 215 83 215 20 34 58 71 104 112 528 23 23 22 48 27 22 31 408 71 55 715 32 198
leaf_count=49 20 27 315 112 137 705 20 215 83 215 20 34 58 71 104 112 528 23 23 22 48 27 22 31 408 71 55 715 32 198
internal_value=1.25075e-11 0.00163091 -0.0024149 0.000932582 -0.00176985 -0.00187903 -0.0010493 0.00019864 -0.0022561 -0.00318918 -0.00256288 0.00400248 -0.00490691 0.00117005 0.00125001 0.00372872 0.00430349 0.00162086 -0.00405822 0.000988268 0.000821834 0.00321815 0.00556935 0.000380499 0.000617485 0.00105436 0.00421091 0.000643066 -0.000912375 0.000162847
internal_weight=4500 2686 1814 2075 1441 1421 716 352 364 281 132 611 373 1943 1916 183 577 43 238 1733 1629 128 70 58 1501 1093 126 967 252 220
internal_count=4500 2686 1814 2075 1441 1421 716 352 364 281 132 611 373 1943 1916 183 577 43 238 1733 1629 128 70 58 1501 1093 126 967 252 220
is_linear=0
shrinkage=0.1


Tree=12
num_leaves=31
num_cat=0
split_feature=9 3 8 7 1 9 7 3 1 5 9 10 8 7 7 3 3 4 8 7 1 10 1 3 9 8 7 10 5 3
split_gain=1.44714 0.507826 0.182288 0.146448 0.146066 0.160353 0.141799 0.119682 0.110999 0.109855 0.172415 0.164314 0.125319 0.120436 0.0994511 0.0889426 0.0847912 0.0805015 0.114823 0.0881855 0.0790915 0.0760317 0.072829 0.0707958 0.0635735 0.0675401 0.0633291 0.0802859 0.244978 0.11029
threshold=71955.500000000015 56449.500000000007 90027.250000000015 107033404.00000001 135.50000000000003 50766.250000000007 26685896.000000004 41226.000000000007 131.50000000000003 55674.500000000007 54033.000000000007 57905.750000000007 49560.375000000007 4926581.7500000009 14445489.500000002 73368.000000000015 108951.00000000001 40695.000000000007 45129.250000000007 3624368.2500000005 146.50000000000003 90256.500000000015 151.50000000000003 51594.500000000007 58094.500000000007 47971.125000000007 28936899.000000004 68633.625000000015 67281.000000000015 71636.000000000015
decision_type=2 2 2 2 2 2 2 2 2 2 2 2 2 2 2 2 2 2 2 2 2 2 2 2 2 2 2 2 2 2
left_child=1 7 6 4 -3 -6 15 -1 16 12 14 -12 17 -14 -11 -2 -8 -9 -19 -20 26 24 -22 -21 25 -5 27 28 -7 -29
right_child=2 3 -4 21 5 20 8 9 -10 10 11 -13 13 -15 -16 -17 -18 18 19 23 22 -23 -24 -25 -26 -27 -28 29 -30 -31
leaf_value=0.0046918226239439616 0.0018158175699088887 0.00047550754009648702 -0.0055528303577171215 0.0017402852650189175 0.006040403425980073 -0.005113092409302817 -0.0010862103477319218 0.0029822854032382777 -0.0027486528506536732 0.012524963343249901 -0.0024461428241064663 0.0055050226613738637 0.00087689578649587931 -0.0088692346055592817 0.0053622711705097505 -0.004667986620739667 0.0027889275618900476 -0.0027426963796655479 0.0073498540928725294 -0.001698684522553402 0.0019736367360198895 0.0065317984845023602 -0.0041475948067202879 0.0036238778230487088 0.00048835640374556596 0.0062070583369820678 -0.0014367650407317949 -0.011166512910577079 0.0052268623095005759 -0.0020270710168203906
leaf_weight=288 23 1024 187 121 26 97 430 365 449 28 51 53 32 21 63 264 65 71 27 51 77 32 26 49 257 47 192 31 30 23
leaf_count=288 23 1024 187 121 26 97 430 365 449 28 51 53 32 21 63 264 65 71 27 51 77 32 26 49 257 47 192 31 30 23
internal_value=-9.67052e-12 0.00121639 -0.00264379 0.00026078 -0.000209505 -0.00160682 -0.00220188 0.00294065 -0.0016101 0.00231878 0.00438736 0.00160589 0.00166395 -0.00298478 0.00756618 -0.00414838 -0.000577354 0.00210157 0.000478039 0.00227861 -0.00202453 0.00183114 0.000428471 0.000909371 0.00147721 0.00298992 -0.0027019 -0.00404392 -0.00267058 -0.00727379
internal_weight=4500 3082 1418 1983 1526 502 1231 1099 944 811 195 104 616 53 91 287 495 563 198 127 476 457 103 100 425 168 373 181 127 54
internal_count=4500 3082 1418 1983 1526 502 1231 1099 944 811 195 104 616 53 91 287 495 563 198 127 476 457 103 100 425 168 373 181 127 54
is_linear=0
shrinkage=0.1


Tree=13
num_leaves=31
num_cat=0
split_feature=9 8 3 7 8 5 9 3 7 9 4 4 3 5 5 6 1 3 1 4 4 4 9 8 6 10 9 4 1 9
split_gain=1.18827 0.298772 0.216426 0.0956842 0.0937984 0.119898 0.17996 0.0812283 0.0951627 0.133068 0.118871 0.108175 0.0776391 0.0906541 0.108448 0.0943118 0.0852486 0.0775068 0.0763817 0.10126 0.117663 0.0875796 0.10723 0.164211 0.0855201 0.139885 0.115751 0.0778637 0.0738412 0.0891744
threshold=62368.750000000007 77214.750000000015 43684.500000000007 1371899.0000000002 99764.375000000015 102365.00000000001 90811.750000000015 63467.000000000007 136546480.00000003 77518.250000000015 63838.500000000007 69590.000000000015 54102.000000000007 55674.500000000007 54220.000000000007 52788.167968750007 127.50000000000001 80560.000000000015 123.50000000000001 71855.500000000015 62775.500000000007 59084.000000000007 68888.000000000015 61460.875000000007 70070.582031250015 78983.125000000015 76056.000000000015 67152.500000000015 138.50000000000003 41972.250000000007
decision_type=2 2 2 2 2 2 2 2 2 2 2 2 2 2 2 2 2 2 2 2 2 2 2 2 2 2 2 2 2 2
left_child=2 7 28 -4 5 -3 -7 -2 18 10 -10 -11 13 14 -5 -15 -14 -18 19 20 21 22 23 -9 -22 27 -27 -26 29 -1
right_child=1 4 3 12 -6 6 -8 8 9 11 -12 -13 16 15 -16 -17 17 -19 -20 -21 24 -23 -24 -25 25 26 -28 -29 -30 -31
leaf_value=0.003763542561310119 0.0026881282848696553 -0.0041292267208444039 -0.0047804205356022488 0.0022076773464418682 -0.0069057742085800889 0.0036235292630816072 -0.002842040374961509 -0.0017944207240361721 0.00097542071901635617 -0.00094627901345031439 0.0077903129995383069 -0.0088343156338669369 0.0017383320736253406 0.0096225261528161358 -0.0037454004561754337 0.002722574743585518 -0.00012684285584133736 0.0060522114325846947 -0.0019792826429564543 0.0056192329136171837 -0.0081300861239433295 0.0034682618448204257 -0.0053936170815076269 0.0072765447006657201 0.004922966043398317 -0.0084843067587108204 -0.0007772586504142965 -0.0025670655901827242 -0.00073801696510805237 0.0088566958952026494
leaf_weight=290 62 353 26 421 68 58 167 64 218 133 29 20 609 32 33 52 609 21 833 27 25 79 36 29 35 38 40 23 31 39
leaf_count=290 62 353 26 421 68 58 167 64 218 133 29 20 609 32 33 52 609 21 833 27 25 79 36 29 35 38 40 23 31 39
internal_value=1.04798e-12 -0.00156333 0.00168909 0.00124211 -0.00339267 -0.00297937 -0.00117536 -0.000864474 -0.000999686 0.000340048 0.00177555 -0.00197739 0.00133023 0.00233332 0.00177496 0.00535113 0.000894668 7.91256e-05 -0.00143573 -0.000292339 -0.000724893 0.000846151 -0.000759638 0.00103416 -0.00275456 -0.00176642 -0.00453197 0.00195278 0.00392767 0.00436729
internal_weight=4500 2337 2163 1803 646 578 225 1691 1629 400 247 153 1777 538 454 84 1239 630 1229 396 369 208 129 93 161 136 78 58 360 329
internal_count=4500 2337 2163 1803 646 578 225 1691 1629 400 247 153 1777 538 454 84 1239 630 1229 396 369 208 129 93 161 136 78 58 360 329
is_linear=0
shrinkage=0.1


Tree=14
num_leaves=31
num_cat=0
split_feature=9 3 4 7 5 9 4 4 7 3 1 10 5 9 10 9 7 9 7 6 4 8 8 1 3 4 8 8 9 7
split_gain=0.966992 0.336714 0.124168 0.110348 0.0935571 0.195037 0.0943984 0.105401 0.0903276 0.0835861 0.0821742 0.0764249 0.0745839 0.122987 0.130003 0.10993 0.0815038 0.0745525 0.117811 0.100076 0.0959458 0.0699159 0.120925 0.0880609 0.0675494 0.0649996 0.0699439 0.104544 0.0875744 0.131359
threshold=71955.500000000015 56449.500000000007 82840.000000000015 30236016.000000004 76807.000000000015 70420.500000000015 60001.000000000007 57673.500000000007 26685896.000000004 39454.000000000007 131.50000000000003 90256.500000000015 55674.500000000007 54033.000000000007 57905.750000000007 50239.750000000007 14445489.500000002 56866.750000000007 37782622.000000007 60585.500000000007 43680.500000000007 67312.000000000015 66348.000000000015 135.50000000000003 73177.000000000015 56593.500000000007 55009.125000000007 52700.250000000007 55878.500000000007 21571876.000000004
decision_type=2 2 2 2 2 2 2 2 2 2 2 2 2 2 2 2 2 2 2 2 2 2 2 2 2 2 2 2 2 2
left_child=1 9 8 4 5 6 7 25 24 -1 -10 17 15 16 -15 -11 -14 20 19 -19 -5 22 23 -8 -2 26 27 -3 -29 -30
right_child=2 3 -4 11 -6 -7 21 -9 10 12 -12 -13 13 14 -16 -17 -18 18 -20 -21 -22 -23 -24 -25 -26 -27 -28 28 29 -31
leaf_value=0.0040751035623729998 0.0018753704948308457 6.0324586166809963e-05 -0.0044504604515105744 0.00058100589830768941 -0.0065703399384532263 0.0065933449439600951 -0.0013538193399723194 0.002815083232657104 -0.00044699104254255053 0.0019418897362777172 -0.0023057401332643914 0.005590071127517149 0.010839853237017192 -0.0022874399543712466 0.0047850075792872683 -0.0018503219159108333 0.0043555962769979877 -0.0022058499547151422 -0.00039040541249510115 0.0049356030137278142 0.0036529202681216382 -0.0077668417889911398 0.0048795898267555808 -0.0069775403368958211 -0.0039151919697836103 -0.0045908100611995904 0.00087619479290670021 -0.010496234042303904 0.003209044812247157 -0.0082521337457001215
leaf_weight=234 22 93 203 282 27 36 79 91 502 582 452 32 28 51 53 88 63 26 709 80 159 26 21 43 239 44 174 21 20 20
leaf_count=234 22 93 203 282 27 36 79 91 502 582 452 32 28 51 53 88 63 26 709 80 159 26 21 43 239 44 174 21 20 20
internal_value=-6.91442e-12 0.000994322 -0.00216114 0.000216193 -0.000799322 -0.000566062 -0.000973877 -0.000235503 -0.00177865 0.00239835 -0.00132766 0.000764161 0.00194476 0.00366597 0.00131679 0.00144381 0.00635075 0.000641208 7.44769e-05 0.00318393 0.00168857 -0.00299676 -0.00212947 -0.00333595 -0.0034271 -0.000981748 -0.000497606 -0.00204982 -0.00526693 -0.00252154
internal_weight=4500 3082 1418 1983 695 668 632 463 1215 1099 954 1288 865 195 104 670 91 1256 815 106 441 169 143 122 261 372 328 154 61 40
internal_count=4500 3082 1418 1983 695 668 632 463 1215 1099 954 1288 865 195 104 670 91 1256 815 106 441 169 143 122 261 372 328 154 61 40
is_linear=0
shrinkage=0.1


Tree=15
num_leaves=31
num_cat=0
split_feature=9 8 3 7 8 1 1 7 3 7 10 7 3 10 4 8 1 9 7 7 1 9 7 7 4 3 6 9 8 1
split_gain=0.793211 0.203433 0.145275 0.0728701 0.0808645 0.0801371 0.0710694 0.0943756 0.147474 0.117385 0.100154 0.0931374 0.0740639 0.10123 0.0682134 0.0740418 0.0661541 0.0716205 0.0654869 0.0654316 0.0722116 0.0642369 0.0618479 0.213048 0.0652002 0.0630139 0.104051 0.0589769 0.0842981 0.0827498
threshold=62072.000000000007 77214.750000000015 41226.000000000007 5912687.5000000009 99764.375000000015 139.50000000000003 116.50000000000001 24165171.000000004 69333.500000000015 6235447.0000000009 65609.625000000015 6702991.5000000009 66289.500000000015 69146.250000000015 75080.000000000015 80010.375000000015 121.50000000000001 68552.250000000015 1371899.0000000002 224477296.00000003 105.50000000000001 96171.500000000015 8059303.7500000009 16547563.000000002 62775.500000000007 80560.000000000015 79812.582031250015 50766.250000000007 44331.875000000007 133.50000000000003
decision_type=2 2 2 2 2 2 2 2 2 2 2 2 2 2 2 2 2 2 2 2 2 2 2 2 2 2 2 2 2 2
left_child=2 6 -1 -3 5 19 22 8 10 -10 11 -8 -9 -14 15 -7 -11 -18 -4 20 -5 -21 -2 -24 -25 -26 -27 -20 -29 -30
right_child=1 3 18 4 -6 14 7 12 9 16 -12 -13 13 -15 -16 -17 17 -19 27 21 -22 -23 23 24 25 26 -28 28 29 -31
leaf_value=0.003480876465134012 -0.0039635332542713045 -0.0074311016767751427 -0.0037324922491929363 -0.0066829856228211833 -0.0057882336348377391 0.003349154951450016 -0.0089759060226026043 0.0040272106496351111 0.00056989971146156838 -0.010473313936520191 0.0014100809635372155 -0.00023133576815498287 -0.0068106784198719728 -0.00048401522787229186 -0.0057136379868576405 -0.0047815717601527776 -0.0089674798739624428 -0.0034514686170266946 0.0018147427813850318 0.005020562550032929 -0.0014757183380424976 -0.0021452739157459956 0.0090302992705255745 0.0012360042820988692 0.0019904555658016494 -0.0075369852430680218 0.00061673484100350021 -0.0034333827133499052 0.0015411098484972049 -0.0003248350927761033
leaf_weight=288 27 32 28 29 68 21 21 35 44 21 122 29 26 927 95 24 29 125 759 29 326 22 30 183 27 34 29 48 646 376
leaf_count=288 27 32 28 29 68 21 21 35 44 21 122 29 26 927 95 24 29 125 759 29 326 22 30 183 27 34 29 48 646 376
internal_value=5.46242e-12 -0.00126709 0.00139114 -0.0027788 -0.00253634 -0.00213134 -0.00069566 -0.00101112 -0.00232616 -0.00404728 -0.000134726 -0.00390406 -0.000490696 -0.000656621 -0.00419444 -0.000987233 -0.00520817 -0.0044902 0.00106704 -0.00141993 -0.0019011 0.00192942 0.000622583 0.00103125 0.00015223 -0.00205144 -0.00378369 0.00114052 0.000662259 0.000854617
internal_weight=4500 2355 2145 646 614 546 1709 1379 391 219 172 50 988 953 140 45 175 154 1857 406 355 51 330 303 273 90 63 1829 1070 1022
internal_count=4500 2355 2145 646 614 546 1709 1379 391 219 172 50 988 953 140 45 175 154 1857 406 355 51 330 303 273 90 63 1829 1070 1022
is_linear=0
shrinkage=0.1


Tree=16
num_leaves=31
num_cat=0
split_feature=9 3 7 8 7 1 9 1 4 9 4 8 4 9 7 4 7 3 4 8 6 1 4 7 3 4 9 8 6 6
split_gain=0.654805 0.223447 0.098139 0.0845953 0.0846107 0.0822419 0.111609 0.067965 0.0667535 0.066695 0.0809154 0.0652878 0.0644931 0.122799 0.103454 0.0859088 0.085144 0.0626135 0.0681838 0.0945369 0.104095 0.0704918 0.0681936 0.0644871 0.0592657 0.0641774 0.0546484 0.0794939 0.0733073 0.0932099
threshold=71955.500000000015 56449.500000000007 107033404.00000001 92084.375000000015 26685896.000000004 135.50000000000003 50766.250000000007 131.50000000000003 14759.000000000002 70420.500000000015 61605.500000000007 42408.875000000007 73305.500000000015 91941.000000000015 105478236.00000001 69918.000000000015 49142566.000000007 31189.000000000004 51761.000000000007 51535.125000000007 53509.416015625007 140.50000000000003 53626.500000000007 8510843.5000000019 87891.000000000015 66379.000000000015 74231.000000000015 69032.625000000015 84660.917968750015 90716.250000000015
decision_type=2 2 2 2 2 2 2 2 2 2 2 2 2 2 2 2 2 2 2 2 2 2 2 2 2 2 2 2 2 2
left_child=1 8 5 4 24 11 -7 12 -1 10 -8 -3 15 14 16 -6 -14 -10 19 21 -21 -19 -20 -23 25 -2 27 -9 -28 -30
right_child=3 2 -4 -5 7 6 9 26 17 -11 -12 -13 13 -15 -16 -17 -18 18 22 20 -22 23 -24 -25 -26 -27 28 -29 29 -31
leaf_value=0.0070702064689248806 -0.0073810909024399256 -0.0050753884594913956 0.0014698595402779045 -0.0039993219047151753 -0.00021578914864221592 0.0051307722764949394 -0.0014195441979762053 -0.0024815010831304592 0.0050100063944582725 0.0028871713515048127 -0.0056171106788007403 0.00043168354728303295 0.005884775239974261 -0.0031563462636300501 0.009440758570174998 -0.0042241059389198201 -0.0018194547817984132 0.0020974865816797564 0.0096318183317115266 -0.006251294139656239 0.0014007324678823353 -0.0044660235995486863 0.0016649980606003242 0.00090642239345470441 -0.0061259428877383469 -0.0018341725548452815 -0.00032359456441742531 -0.0097767392639070763 -0.0055902397511043145 -0.00062021695178102805
leaf_weight=25 23 22 457 153 325 26 393 59 59 31 52 1002 26 35 24 64 32 789 21 32 40 31 22 80 50 224 232 20 77 74
leaf_count=25 23 22 457 153 325 26 393 59 59 31 52 1002 26 35 24 64 32 789 21 32 40 31 22 80 50 224 232 20 77 74
internal_value=-4.76192e-12 0.000818222 0.00018434 -0.00177839 -0.00150977 -0.000200642 -0.00124914 -0.00105676 0.00196198 -0.00159762 -0.00191005 0.000313368 -0.0002561 0.00180246 0.00391902 -0.000875255 0.00163417 0.00184307 0.00165899 0.0014866 -0.00200017 0.00176554 0.00555577 -0.00059399 -0.00298625 -0.00235069 -0.00193368 -0.0043284 -0.00143973 -0.0031546
internal_weight=4500 3082 1983 1418 1265 1526 502 968 1099 476 445 1024 506 117 82 389 58 1074 1015 972 72 900 43 111 297 247 462 79 383 151
internal_count=4500 3082 1983 1418 1265 1526 502 968 1099 476 445 1024 506 117 82 389 58 1074 1015 972 72 900 43 111 297 247 462 79 383 151
is_linear=0
shrinkage=0.1


Tree=17
num_leaves=31
num_cat=0
split_feature=9 8 9 5 10 5 3 4 8 4 7 4 9 4 4 1 1 5 1 10 10 5 9 9 6 7 3 5 1 10
split_gain=0.537588 0.137265 0.0923876 0.125548 0.1023 0.127497 0.0785351 0.0756997 0.074157 0.0652481 0.0731249 0.0652103 0.0650317 0.0607167 0.11626 0.065926 0.0601891 0.0704729 0.0592525 0.0554549 0.0539218 0.0527995 0.051622 0.0507119 0.0656331 0.0493012 0.0615603 0.0966252 0.0725953 0.0706156
threshold=67826.500000000015 41050.625000000007 93819.500000000015 101690.50000000001 95473.250000000015 97151.500000000015 64980.000000000007 60001.000000000007 65378.500000000007 38487.000000000007 2966941.1250000005 59471.500000000007 64122.750000000007 74269.000000000015 73305.500000000015 143.50000000000003 134.50000000000003 42392.500000000007 151.50000000000003 50193.000000000007 93498.500000000015 85749.500000000015 66302.000000000015 77518.250000000015 90716.250000000015 1371899.0000000002 49393.500000000007 48503.000000000007 148.50000000000003 48704.500000000007
decision_type=2 2 2 2 2 2 2 2 2 2 2 2 2 2 2 2 2 2 2 2 2 2 2 2 2 2 2 2 2 2
left_child=1 9 3 4 5 6 -2 11 12 10 -1 18 -9 14 -8 21 -12 -18 25 -19 -7 -15 -14 -5 -25 -3 27 -27 -28 -29
right_child=2 7 -4 23 -6 20 13 8 -10 -11 16 -13 22 15 -16 -17 17 19 -20 -21 -22 -23 -24 24 -26 26 28 29 -30 -31
leaf_value=0.0059505199050320133 0.0048428909294307232 -0.0035689781040505126 -0.00309861980215463 0.0051049343160083221 -0.0048628465511211302 0.0076068792212754498 -0.0013900952572678193 0.0018054996927579243 0.0038019493757747119 0.0060192156749378362 0.0020998148275038456 0.0063483669701963662 -0.005808919167210316 -0.0060906068288854196 0.0044714797926800592 -0.0071820047382703603 -0.0055160669690888864 0.0030487728286209669 -0.004132789795179493 -0.0029514533428785703 0.0012204064026427193 -0.0011933486592205405 -0.00069934950831035782 -0.001081267039270632 0.0031368444658934126 -0.0009584274083631588 0.00046381285533295081 0.0081778124454572349 0.0049419556794738449 0.0026153207893445589
leaf_weight=42 20 27 254 31 79 20 1019 24 20 42 437 20 58 28 35 34 23 43 26 24 39 103 30 89 63 51 1675 33 37 74
leaf_count=42 20 27 254 31 79 20 1019 24 20 42 437 20 58 28 35 34 23 43 26 24 39 103 30 89 63 51 1675 33 37 74
internal_value=3.06108e-12 0.000898223 -0.00133 -0.00104204 -0.00136908 -0.00115644 -0.00137271 0.000510307 -0.00180702 0.00221562 0.00193486 0.000667737 -0.00280862 -0.00147469 -0.00119545 -0.00325842 0.00161482 -0.00074008 0.000608656 0.000899438 0.00338531 -0.00224009 -0.00406702 0.00141881 0.000667029 0.000673642 0.000734899 0.00262356 0.000560595 0.00433086
internal_weight=4500 2686 1814 1560 1377 1298 1239 2075 132 611 569 1943 112 1219 1054 165 527 90 1923 67 59 131 88 183 152 1897 1870 158 1712 107
internal_count=4500 2686 1814 1560 1377 1298 1239 2075 132 611 569 1943 112 1219 1054 165 527 90 1923 67 59 131 88 183 152 1897 1870 158 1712 107
is_linear=0
shrinkage=0.1


Tree=18
num_leaves=31
num_cat=0
split_feature=9 8 4 10 5 4 3 5 6 4 5 9 10 1 1 9 4 8 5 3 5 1 8 10 7 7 7 8 4 4
split_gain=0.440615 0.149179 0.0669812 0.0612229 0.0655717 0.065413 0.0625595 0.0987632 0.0749077 0.135703 0.0747255 0.108431 0.13356 0.0706683 0.0676452 0.117879 0.075836 0.154768 0.0978256 0.11199 0.0837623 0.0663415 0.0743205 0.0610674 0.0594711 0.115685 0.058375 0.057948 0.053964 0.0688387
threshold=58094.500000000007 69832.375000000015 14759.000000000002 36737.875000000007 67540.500000000015 30168.500000000004 56242.500000000007 60103.500000000007 53153.250000000007 48508.000000000007 55674.500000000007 54033.000000000007 57905.750000000007 140.50000000000003 136.50000000000003 46213.250000000007 42672.500000000007 45352.875000000007 51293.500000000007 52020.500000000007 54560.500000000007 122.50000000000001 55009.125000000007 60877.000000000007 3262389.6250000005 4650546.7500000009 287250832.00000006 99764.375000000015 46389.500000000007 41310.500000000007
decision_type=2 2 2 2 2 2 2 2 2 2 2 2 2 2 2 2 2 2 2 2 2 2 2 2 2 2 2 2 2 2
left_child=2 24 -1 5 6 -4 10 8 -8 -10 13 -12 -13 14 16 -16 -5 -18 -19 -20 -21 23 28 -9 -2 -26 -27 -3 29 -23
right_child=1 27 3 4 -6 -7 7 21 9 -11 11 12 -14 -15 15 -17 17 18 19 20 -22 22 -24 -25 25 26 -28 -29 -30 -31
leaf_value=0.0061748271312185186 -0.004581303903833032 -0.0014891630504715121 0.0022863717995245348 0.0015112078079952775 0.0028080970042786003 0.0085035345423966659 -0.00023013674202305612 0.0053787484381940557 -0.0091762130090501156 -0.00098593913696028981 0.0058263733991043417 -0.0024970168019739954 0.0066083115176297728 -0.0017059395142999341 0.00060849878171991033 0.009497710217077 -0.0088608490980484275 0.0066520784405292941 -0.004553489953927372 0.0070803561513977393 -0.0014865428740158679 -0.0018723247288091279 0.0054377433335916561 0.00068747424156754286 0.0061707498184565843 -0.00037039909037598864 0.0020831822954977936 -0.0044996162273866292 -0.0029876427880177899 0.0031308999032163146
leaf_weight=27 30 1071 110 459 176 20 134 55 32 55 80 49 24 94 35 26 22 20 46 21 25 55 22 56 29 1434 104 68 66 55
leaf_count=27 30 1071 110 459 176 20 134 55 32 55 80 49 24 94 35 26 22 20 46 21 25 55 22 56 29 1434 104 68 66 55
internal_value=5.18016e-12 -0.000794538 0.00123234 0.00115552 0.000986661 0.00324286 0.000762641 -9.94462e-05 -0.00171359 -0.00399845 0.00126975 0.00328337 0.000496516 0.000857875 0.00122637 0.00439734 0.000900187 -0.00119279 0.000313437 -0.00106453 0.00242443 0.00105501 -4.2083e-05 0.00301198 -0.000170938 -8.65026e-05 -0.000204487 -0.00166889 -0.000727061 0.000629288
internal_weight=4500 2736 1764 1737 1607 130 1431 530 221 87 901 153 73 748 654 61 593 134 112 92 46 309 198 111 1597 1567 1538 1139 176 110
internal_count=4500 2736 1764 1737 1607 130 1431 530 221 87 901 153 73 748 654 61 593 134 112 92 46 309 198 111 1597 1567 1538 1139 176 110
is_linear=0
shrinkage=0.1


Tree=19
num_leaves=31
num_cat=0
split_feature=9 3 5 10 3 7 4 3 7 10 4 10 5 8 7 1 1 1 9 4 5 4 10 1 10 3 9 4 7 7
split_gain=0.363957 0.119902 0.0722943 0.104109 0.19294 0.0591962 0.0820933 0.0928737 0.0519778 0.0616143 0.0947219 0.100787 0.103718 0.148618 0.0695647 0.0597844 0.0492408 0.0647513 0.0525174 0.102933 0.0912946 0.08929 0.0619841 0.0484719 0.0981909 0.135267 0.0891008 0.10346 0.0720686 0.0714925
threshold=71955.500000000015 56449.500000000007 93167.000000000015 85797.000000000015 88153.500000000015 24327926.000000004 66545.500000000015 73760.500000000015 41921622.000000007 59374.750000000007 51761.000000000007 56218.500000000007 56047.000000000007 51535.125000000007 14445489.500000002 140.50000000000003 131.50000000000003 135.50000000000003 93048.500000000015 73305.500000000015 102365.00000000001 67152.500000000015 92445.000000000015 135.50000000000003 74426.500000000015 76505.500000000015 70420.500000000015 63838.500000000007 4650546.7500000009 11709704.000000002
decision_type=2 2 2 2 2 2 2 2 2 2 2 2 2 2 2 2 2 2 2 2 2 2 2 2 2 2 2 2 2 2
left_child=1 8 3 4 23 6 -2 -8 9 10 11 12 13 15 -14 -1 18 -18 19 21 22 -7 -21 24 25 26 27 28 -3 -30
right_child=5 2 -4 -5 -6 16 7 -9 -10 -11 -12 -13 14 -15 -16 -17 17 -19 -20 20 -22 -23 -24 -25 -26 -27 -28 -29 29 -31
leaf_value=0.0015171065694007547 -0.0084210662583989859 0.0048317703131872877 0.0037892833694745348 -0.0060076741368642883 0.0073859357171588485 0.00045664025485789192 0.0044907007575966419 -0.0025663416006073418 0.0030899312800767541 -0.0039519046068839407 0.0072379358829214027 -0.0052777843821483353 0.0088530148579073816 -0.0067806233263884982 0.0023868304434539068 -0.0013244471798513468 -0.0036953783564258186 -0.001063099164970023 -0.0021280126141097681 0.0044240439443715982 0.007947452654064234 -0.0029059143009873339 -0.0020668767933403292 -0.00073383848102406076 -0.0016047567395305374 0.0074856872188633896 0.0064544671959010889 -0.0045085132309440074 -0.0020120243911099221 0.00076310710358321997
leaf_weight=686 22 39 53 28 36 257 20 276 164 23 26 24 28 24 41 83 123 389 130 28 28 114 31 613 213 29 25 41 105 801
leaf_count=686 22 39 53 28 36 257 20 276 164 23 26 24 28 24 41 83 123 389 130 28 28 114 31 613 213 29 25 41 105 801
internal_value=-4.20368e-12 0.000610015 0.000145677 4.56194e-05 0.000134732 -0.00132586 -0.00252755 -0.00208951 0.00144785 0.00115983 0.00128874 0.00111416 0.00129213 0.000968564 0.00501079 0.00121041 -0.000978462 -0.00169546 -0.000354134 0.000149369 0.00324516 -0.000576598 0.00101356 -5.16256e-06 0.000351325 0.000751945 0.000558791 0.000409307 0.000622672 0.000441486
internal_weight=4500 3082 1983 1930 1902 1418 318 296 1099 935 912 886 862 793 69 769 1100 512 588 458 87 371 59 1866 1253 1040 1011 986 945 906
internal_count=4500 3082 1983 1930 1902 1418 318 296 1099 935 912 886 862 793 69 769 1100 512 588 458 87 371 59 1866 1253 1040 1011 986 945 906
is_linear=0
shrinkage=0.1


Tree=20
num_leaves=31
num_cat=0
split_feature=9 3 5 9 6 6 8 3 10 5 9 1 1 9 3 4 8 6 6 1 10 6 6 6 6 1 3 7 7 10
split_gain=0.294805 0.0971207 0.060244 0.0840708 0.0910549 0.132757 0.074355 0.069934 0.109863 0.13884 0.0681916 0.0640526 0.0637879 0.0763191 0.0868635 0.0595335 0.0574553 0.0561861 0.0693634 0.0509744 0.0767738 0.0567096 0.134315 0.0799069 0.0777621 0.0665369 0.082218 0.0582512 0.119817 0.0949602
threshold=71955.500000000015 56449.500000000007 59704.000000000007 57889.000000000007 58677.500000000007 59454.750000000007 55162.000000000007 88153.500000000015 85797.000000000015 93167.000000000015 58452.750000000007 124.50000000000001 102.50000000000001 49389.250000000007 58022.500000000007 43523.000000000007 42679.250000000007 53724.416015625007 51763.833984375007 136.50000000000003 77211.375000000015 67456.164062500015 66788.167968750015 65909.250000000015 61028.916015625007 133.50000000000003 62775.000000000007 47512762.000000007 59586174.000000007 72342.875000000015
decision_type=2 2 2 2 2 2 2 2 2 2 2 2 2 2 2 2 2 2 2 2 2 2 2 2 2 2 2 2 2 2
left_child=1 -1 12 6 10 -6 11 15 -9 -10 -5 -4 -3 16 -15 -7 -14 18 -16 21 -21 22 23 24 -17 26 -26 29 -29 -23
right_child=-2 2 3 4 5 7 -8 8 9 -11 -12 -13 13 14 17 19 -18 -19 -20 20 -22 27 -24 -25 25 -27 -28 28 -30 -31
leaf_value=0.0013030673024472606 -0.0011932726842463939 -0.0067535525520465199 0.0024800773582391365 -0.0072315397472786057 0.0057210983117906063 -0.0053528464034847591 0.0056230158568956919 0.0070493980475208346 -0.0054069067218473982 0.0033571845267479326 -0.0013551448478794365 5.1426513365049159e-05 -0.0010536514617421704 0.0012926337108688636 -0.0059709007665514945 -0.0021656371058466346 0.0059406542658204369 -0.0070531148765538192 0.0021660856807350437 -0.0020585738677040151 0.0016610765042444232 -0.0030830823442003896 0.0067006284525190059 -0.0029963421034508277 0.0060381490116318071 0.0057474090052502501 0.00047895359885977943 -0.008624205903078502 -0.00081009451299905776 0.0023071708875339846
leaf_weight=1099 1418 21 187 28 41 23 39 34 28 51 67 259 23 45 20 65 24 37 22 254 71 51 37 59 30 35 235 26 80 91
leaf_count=1099 1418 21 187 28 41 23 39 34 28 51 67 259 23 45 20 65 24 37 22 254 71 51 37 59 30 35 235 26 80 91
internal_value=1.06728e-11 0.000549014 0.000131109 0.000311576 -0.00010594 0.000127927 0.00143586 -6.80729e-05 0.00229648 0.000250924 -0.00308713 0.00106972 -0.00155231 -0.000913562 -0.0022142 -0.000320859 0.00251791 -0.00421176 -0.00170867 -0.000208929 -0.00124597 0.000266444 0.000922409 0.000418178 0.000970114 0.00164953 0.0011083 -0.00095291 -0.00272676 0.000371235
internal_weight=4500 3082 1983 1791 1306 1211 485 1170 113 79 95 446 192 171 124 1057 47 79 42 1034 325 709 461 424 365 300 265 248 106 142
internal_count=4500 3082 1983 1791 1306 1211 485 1170 113 79 95 446 192 171 124 1057 47 79 42 1034 325 709 461 424 365 300 265 248 106 142
is_linear=0
shrinkage=0.1


Tree=21
num_leaves=31
num_cat=0
split_feature=9 8 5 3 1 8 8 4 3 5 9 10 3 3 8 10 1 7 3 7 1 4 5 3 3 5 6 7 7 5
split_gain=0.239126 0.0862506 0.0740224 0.0871679 0.0642244 0.0586027 0.0676398 0.0575028 0.0527954 0.0518037 0.0838534 0.0828667 0.173142 0.0735357 0.0670793 0.0496913 0.0504848 0.0492138 0.0783612 0.0627614 0.0499737 0.100918 0.0750864 0.093407 0.150576 0.0972559 0.0972607 0.0687833 0.0773276 0.0531217
threshold=60244.250000000007 80323.375000000015 64803.500000000007 64616.000000000007 139.50000000000003 60079.375000000007 62386.250000000007 54278.000000000007 41226.000000000007 93442.500000000015 78902.750000000015 85797.000000000015 88153.500000000015 88153.500000000015 79392.625000000015 43144.000000000007 131.50000000000003 136546480.00000003 86846.500000000015 177957968.00000003 123.50000000000001 74269.000000000015 67281.000000000015 67792.000000000015 66289.500000000015 70349.000000000015 64933.167968750007 7677308.2500000009 11885731.000000002 73164.500000000015
decision_type=2 2 2 2 2 2 2 2 2 2 2 2 2 2 2 2 2 2 2 2 2 2 2 2 2 2 2 2 2 2
left_child=8 2 7 5 -3 -4 -7 -2 15 11 -11 12 17 -13 -12 16 -1 18 20 -19 27 22 -22 24 -24 26 -25 -5 -29 -30
right_child=1 4 3 9 -6 6 -8 -9 -10 10 14 13 -14 -15 -16 -17 -18 19 -20 -21 21 -23 23 25 -26 -27 -28 28 29 -31
leaf_value=0.0022009844547265195 -0.0002495113527402282 -0.0012033465252273363 0.0057532232487574227 -0.0035281426173501781 -0.0039169795589481032 -0.00179203616476856 0.0040832511563267974 -0.0067247820123157 0.00060883590200188308 0.0026313423002729502 -0.0011277442772925275 0.0015326843501123437 0.0060697152162902061 -0.0036149410755853075 0.0041747394414549622 0.0058554308038325084 -0.0017475234442635588 0.0038885436734659076 -0.006856906443967351 -0.00085269196779798665 -0.005672335364215542 -0.0072677494026720524 -0.0025398962046892849 -0.0018031413587076325 0.0081681711783889565 -0.00067886507376912239 -0.010411475143129272 0.0066416369130214052 0.0026292274476258787 -0.00041725559558431234
leaf_weight=219 24 361 36 42 115 43 36 32 1694 134 205 34 40 151 27 31 38 53 21 59 32 26 24 35 29 617 21 21 77 223
leaf_count=219 24 361 36 42 115 43 36 32 1694 134 205 34 40 151 27 31 38 53 21 59 32 26 24 35 29 617 21 21 77 223
internal_value=1.56562e-12 -0.000646742 -0.00036417 -0.000263068 -0.00185895 0.00240918 0.00088531 -0.00394967 0.000821643 -0.000427317 0.0006397 -0.000686804 -0.000409011 -0.00266889 -0.000510645 0.00207336 0.00161716 -0.000611472 -0.000803483 0.00139093 -0.000692653 -0.0011418 -0.00093167 -0.000722715 0.00331924 -0.00104103 -0.00503127 0.000277396 0.000775317 0.000364675
internal_weight=4500 2518 2042 1986 476 115 79 56 1982 1871 366 1505 1320 185 232 288 257 1280 1168 112 1147 784 758 726 53 673 56 363 321 300
internal_count=4500 2518 2042 1986 476 115 79 56 1982 1871 366 1505 1320 185 232 288 257 1280 1168 112 1147 784 758 726 53 673 56 363 321 300
is_linear=0
shrinkage=0.1


Tree=22
num_leaves=31
num_cat=0
split_feature=9 8 10 3 7 3 5 1 9 3 3 5 7 8 6 8 6 7 6 10 8 1 7 9 7 4 5 10 10 4
split_gain=0.193692 0.069863 0.0650581 0.0621744 0.0546109 0.0542907 0.108255 0.058516 0.0512598 0.0771752 0.043644 0.0605475 0.042563 0.0425223 0.0397045 0.0498968 0.0490461 0.0895934 0.056693 0.0854312 0.0527751 0.0646679 0.0572274 0.144062 0.110818 0.109219 0.0752438 0.0891338 0.0770092 0.0929626
threshold=60244.250000000007 80323.375000000015 62548.000000000007 63467.000000000007 139300632.00000003 93797.500000000015 94592.000000000015 136.50000000000003 89019.750000000015 101929.00000000001 31189.000000000004 32132.500000000004 324528384.00000006 60079.375000000007 62650.166015625007 55911.875000000007 60585.500000000007 52848176.000000007 58766.667968750007 64267.875000000007 51277.875000000007 103.50000000000001 7677308.2500000009 54301.250000000007 9285190.0000000019 54075.500000000007 59927.000000000007 60220.250000000007 61317.125000000007 47294.500000000007
decision_type=2 2 2 2 2 2 2 2 2 2 2 2 2 2 2 2 2 2 2 2 2 2 2 2 2 2 2 2 2 2
left_child=10 2 -2 13 5 6 -3 8 -7 -10 11 -1 -5 -4 16 -16 18 -18 20 -20 -12 -22 23 -23 -24 -25 -26 -28 -29 -30
right_child=1 4 3 12 -6 7 -8 -9 9 -11 14 -13 -14 -15 15 -17 17 -19 19 -21 21 22 24 25 26 -27 27 28 29 -31
leaf_value=0.0011696198684334452 -0.0050304371478228742 -0.0019276152357837692 0.0051151219817042798 -0.00049100514749986386 0.00011213609601356209 -0.0062888554942149393 0.0060876845568418507 -0.0058088674424652716 0.0018787675739630411 -0.0031856116073355938 0.00081776243771211014 0.007389075336370456 0.001579587732086934 0.00058415799120546512 0.00014119562692940235 0.0064642829820513725 0.0021855857464726323 -0.0054347667816728069 0.0070609177175142319 0.0008410048216492647 0.0048141058776915695 -0.0040145020029740408 -0.0088310326775535939 0.0081818906706757847 -0.0042211563941756533 -0.00097102647308598862 0.0036485242434234049 -0.0063910795301198968 0.0047960650520744155 -0.0022007907158695162
leaf_weight=49 29 107 34 1821 126 26 20 64 46 87 1353 23 105 53 24 26 27 36 34 63 21 32 20 32 56 22 48 25 27 64
leaf_count=49 29 107 34 1821 126 26 20 64 46 87 1353 23 105 53 24 26 27 36 34 63 21 32 20 32 56 22 48 25 27 64
internal_value=-5.03246e-12 -0.000582068 -0.000327753 -0.000260005 -0.00167306 -0.00231573 -0.000665363 -0.00325562 -0.00222789 -0.00143402 0.000739479 0.00315639 -0.000378122 0.00235488 0.00064837 0.0034292 0.000573616 -0.0021689 0.000669765 0.00302118 0.000535596 -0.000564611 -0.000911093 0.00130225 -0.00170421 0.00445292 -0.00105632 2.43617e-05 -0.00147529 -0.000124801
internal_weight=4500 2518 2042 2013 476 350 127 223 159 133 1982 72 1926 87 1910 50 1860 63 1797 97 1700 347 326 86 240 54 220 164 116 91
internal_count=4500 2518 2042 2013 476 350 127 223 159 133 1982 72 1926 87 1910 50 1860 63 1797 97 1700 347 326 86 240 54 220 164 116 91
is_linear=0
shrinkage=0.1


Tree=23
num_leaves=31
num_cat=0
split_feature=9 10 5 4 5 7 7 4 7 7 7 5 8 7 1 1 4 4 4 4 4 10 1 7 3 9 3 9 3 6
split_gain=0.163841 0.0628701 0.097834 0.0833788 0.0695684 0.0486286 0.0839337 0.0648187 0.0594517 0.0583358 0.148095 0.11155 0.109217 0.10334 0.078796 0.0837355 0.0659666 0.127763 0.125727 0.0929278 0.097123 0.0753345 0.096578 0.0575793 0.0474436 0.127959 0.0672748 0.0442942 0.120415 0.072154
threshold=71955.500000000015 49250.500000000007 49980.000000000007 43523.000000000007 50543.000000000007 1600809.9375000002 3262389.6250000005 53936.000000000007 3949482.5000000005 18266954.000000004 16547563.000000002 52471.000000000007 48128.500000000007 18976614.000000004 101.50000000000001 112.50000000000001 53936.000000000007 56293.500000000007 48508.000000000007 49920.500000000007 51761.000000000007 63454.750000000007 122.50000000000001 11709704.000000002 68740.000000000015 66302.000000000015 65701.000000000015 40956.750000000007 45721.000000000007 36786.416015625007
decision_type=2 2 2 2 2 2 2 2 2 2 2 2 2 2 2 2 2 2 2 2 2 2 2 2 2 2 2 2 2 2
left_child=1 2 3 27 -3 -6 7 -7 -8 10 11 -10 -13 -11 -14 -16 18 -18 23 -20 -21 -19 -23 -17 25 26 -24 29 -29 -1
right_child=-2 4 -4 -5 5 6 8 -9 9 13 -12 12 14 -15 15 16 17 21 19 20 -22 22 24 -25 -26 -27 -28 28 -30 -31
leaf_value=0.0016298765142493182 -0.00088957759733189815 -0.0052856596945987447 0.0051622981469457352 -0.0051246542335403244 0.0041753323448281135 8.8071653619408615e-05 0.004311762475926015 -0.0068063974768544245 -0.0058250578174920522 0.0067527348318925278 -0.0054161277175407418 0.005916325950965984 0.005428436468355358 0.00040197369100121531 -0.0051440614235720473 -0.0057531304657459266 -0.0065801574201840496 0.0057281650183722381 0.0093828869793056088 -0.0012429671129211785 0.0058353904919284912 -0.0057991285838427083 -0.003594058048089638 0.00096830120403319602 -0.0021559267502991443 0.0079949411897662984 0.0030251136420702098 0.0054481852528794365 -0.00016369439948063632 -0.0013150499223639038
leaf_weight=228 1418 23 60 22 31 25 36 30 32 26 59 32 24 1764 35 26 36 20 22 42 36 31 34 25 47 24 28 75 78 131
leaf_count=228 1418 23 60 22 31 25 36 30 32 26 59 32 24 1764 35 26 36 20 22 42 36 31 34 25 47 24 28 75 78 131
internal_value=-2.45446e-12 0.000409287 0.00133364 0.000903453 0.000188601 0.000239679 0.000189554 -0.00367255 0.000278842 0.000216876 -0.000680853 -0.000115304 0.000280177 0.000494219 -0.000139257 -0.000468382 -2.72804e-05 -0.001132 0.00158225 0.00364293 0.00202397 -6.60568e-05 -0.000772669 -0.00245831 0.000398912 0.00179516 -0.000604755 0.00116247 0.00258723 0.000555265
internal_weight=4500 3082 594 534 2488 2465 2434 55 2379 2343 553 494 462 1790 430 406 371 220 151 100 78 184 164 51 133 86 62 512 153 359
internal_count=4500 3082 594 534 2488 2465 2434 55 2379 2343 553 494 462 1790 430 406 371 220 151 100 78 184 164 51 133 86 62 512 153 359
is_linear=0
shrinkage=0.1


Tree=24
num_leaves=31
num_cat=0
split_feature=9 4 5 3 10 5 4 4 4 3 9 1 4 6 9 1 7 3 8 4 4 1 8 4 8 4 3 5 3 5
split_gain=0.135469 0.0573936 0.046847 0.0526265 0.0467563 0.0457185 0.0535523 0.0387121 0.0389046 0.0542972 0.0485025 0.0720757 0.0560956 0.0526486 0.052696 0.0549206 0.0499737 0.0421555 0.0443912 0.062729 0.100371 0.0812227 0.0677989 0.0618435 0.0525901 0.0751912 0.0417699 0.0954057 0.105155 0.0854167
threshold=58094.500000000007 81309.500000000015 67540.500000000015 66289.500000000015 65609.625000000015 65850.500000000015 53936.000000000007 14759.000000000002 51761.000000000007 57593.500000000007 50766.250000000007 103.50000000000001 39455.000000000007 51322.000000000007 50239.750000000007 147.50000000000003 78648400.000000015 31189.000000000004 47801.375000000007 40911.000000000007 41454.500000000007 116.50000000000001 46915.125000000007 31180.000000000004 45352.875000000007 42472.000000000007 54303.500000000007 56692.000000000007 58022.500000000007 60103.500000000007
decision_type=2 2 2 2 2 2 2 2 2 2 2 2 2 2 2 2 2 2 2 2 2 2 2 2 2 2 2 2 2 2
left_child=2 -2 3 5 -4 6 7 -1 10 -10 13 -12 16 14 15 17 -13 -9 19 23 -21 -22 24 -19 25 -23 -14 -28 -29 -30
right_child=1 -3 4 -5 -6 -7 -8 8 9 -11 11 12 26 -15 -16 -17 -18 18 -20 20 21 22 -24 -25 -26 -27 27 28 29 -31
leaf_value=0.0044402506327829681 -0.00029951209928943295 -0.0019278048243931642 0.005559620476903066 -0.003380674014196677 0.0014339044458929685 0.005346666742116213 -0.0037987384080354659 0.0035948936363861882 0.0071575108516429148 0.00065293294857397225 0.0037857493102500168 -0.0070022087168091765 0.0013876154815231226 0.0048236571557936266 -0.0031660967122982536 -0.0040942977478897035 -0.00052640984861434181 -0.00039319809553388341 0.0043254489986472491 -0.006933078759349883 -0.0045872173767777221 0.0044663377294782555 -0.004069480962643866 0.0017320367781627399 0.0053323068746572574 -0.0029593079696254186 -0.0059905433410997778 0.0036790808105804755 -0.0047804712566344451 5.449488577721393e-05
leaf_weight=26 2499 237 34 34 143 20 28 57 21 33 37 26 96 32 34 22 22 197 34 25 31 25 20 449 36 30 34 51 54 113
leaf_count=26 2499 237 34 34 143 20 28 57 21 33 37 26 96 32 34 22 22 197 34 25 31 25 20 449 36 30 34 51 54 113
internal_value=5.1684e-12 -0.000440559 0.000683317 0.000511213 0.00222641 0.000596419 0.000534445 0.000615063 0.000547818 0.00318249 0.000447978 -0.000435075 -0.000829445 0.000833423 0.000700415 0.000842382 -0.00403413 0.000962523 0.000785374 0.000637326 -0.00109029 -6.16275e-05 0.00120228 0.00108394 0.0023609 0.000415986 -0.000387419 -0.00106362 -0.000295204 -0.00150891
internal_weight=4500 2736 1764 1587 177 1553 1533 1505 1479 54 1425 433 396 992 960 926 48 904 847 813 167 142 111 646 91 55 348 252 218 167
internal_count=4500 2736 1764 1587 177 1553 1533 1505 1479 54 1425 433 396 992 960 926 48 904 847 813 167 142 111 646 91 55 348 252 218 167
is_linear=0
shrinkage=0.1


Tree=25
num_leaves=31
num_cat=0
split_feature=8 3 9 9 5 9 4 4 4 4 5 3 8 5 4 3 7 3 5 9 8 4 7 9 7 9 7 7 1 7
split_gain=0.114927 0.0520093 0.0601495 0.0900403 0.0641738 0.0562232 0.0555095 0.0790714 0.134477 0.0763467 0.0605731 0.0802875 0.0575873 0.0498053 0.118839 0.0657875 0.0484309 0.0920605 0.0745756 0.0481896 0.0653175 0.0577824 0.0536394 0.0478212 0.0468094 0.0476901 0.0452858 0.0618507 0.0506047 0.044729
threshold=69832.375000000015 56449.500000000007 56866.750000000007 55598.000000000007 55674.500000000007 54033.000000000007 40695.000000000007 44433.500000000007 43233.500000000007 41310.500000000007 51293.500000000007 52020.500000000007 48699.625000000007 77758.000000000015 67565.500000000015 76746.000000000015 26685896.000000004 82308.000000000015 84160.000000000015 79500.750000000015 71950.250000000015 62287.500000000007 339543776.00000006 47993.750000000007 14445489.500000002 52320.500000000007 277776800.00000006 224477296.00000003 104.50000000000001 136546480.00000003
decision_type=2 2 2 2 2 2 2 2 2 2 2 2 2 2 2 2 2 2 2 2 2 2 2 2 2 2 2 2 2 2
left_child=1 2 3 4 6 24 -1 8 9 -8 -9 12 -12 14 -2 -15 -17 -18 -19 20 -20 -21 26 -11 -6 -26 27 28 -23 -3
right_child=13 29 -4 -5 5 -7 7 10 -10 23 11 -13 -14 15 -16 16 17 18 19 21 -22 22 -24 -25 25 -27 -28 -29 -30 -31
leaf_value=0.0010526624392545598 -0.0093213574879843272 -0.00020589069140952902 0.0050629663817358742 -0.004973137164833369 0.0077087707125299085 1.6427760862785838e-05 -0.0054735440163589692 0.0054672617516749039 -0.0075801287790656924 0.0032906471383433011 0.0010102228249888867 0.003018059996909208 -0.0061889842152595522 0.0032179834139419768 -0.00021406011901011596 -0.0020567132441366839 0.00413844874583003 -0.0066036952570790348 -0.0015107697752468727 -0.0040198517789725554 0.0031534514683362555 -0.0054163375636562712 0.0033535679147462362 -0.0018147775772376917 0.0046238415051872532 -0.0012449628359172493 -0.0052033075570564156 0.0038158972595079711 -0.00069834798750826297 0.00089630711396636157
leaf_weight=652 23 1798 33 27 28 46 23 26 36 43 20 44 25 41 38 257 41 21 51 55 73 24 32 32 45 20 23 29 431 463
leaf_count=652 23 1798 33 27 28 46 23 26 36 43 20 44 25 41 38 257 41 21 51 55 73 24 32 32 45 20 23 29 431 463
internal_value=-3.77541e-12 0.000294194 0.000858169 0.000728124 0.000876137 0.00287608 0.0005676 -0.000702522 -0.00235337 -0.000433332 0.00122107 -1.93877e-05 -0.00298934 -0.000868117 -0.00364796 -0.000710816 -0.000866149 -0.000473873 -0.000729767 -0.000557967 0.0012351 -0.000932277 -0.000617219 0.00111233 0.00429053 0.00281806 -0.000867841 -0.000661816 -0.000947209 1.98137e-05
internal_weight=4500 3361 1100 1067 1040 139 901 249 134 98 115 89 45 1139 61 1078 1037 780 739 718 124 594 539 75 93 65 507 484 455 2261
internal_count=4500 3361 1100 1067 1040 139 901 249 134 98 115 89 45 1139 61 1078 1037 780 739 718 124 594 539 75 93 65 507 484 455 2261
is_linear=0
shrinkage=0.1


Tree=26
num_leaves=31
num_cat=0
split_feature=10 3 4 5 4 7 1 7 10 6 3 1 4 1 3 7 7 1 4 9 4 10 5 8 10 4 1 3 5 1
split_gain=0.0974377 0.106079 0.0969428 0.0700126 0.0671478 0.0607797 0.0572469 0.0709955 0.103369 0.0690863 0.054111 0.0589483 0.0536582 0.0627717 0.0529848 0.0718574 0.0812545 0.0634186 0.0683153 0.0822442 0.0623507 0.0588858 0.122496 0.115334 0.0499831 0.0870605 0.0494315 0.0571614 0.0495234 0.0554057
threshold=74426.500000000015 76505.500000000015 67565.500000000015 75812.000000000015 62974.500000000007 3759388.3750000005 135.50000000000003 4163127.7500000005 57044.375000000007 67973.250000000015 72381.500000000015 129.50000000000003 43523.000000000007 117.50000000000001 75857.500000000015 136546480.00000003 129094764.00000001 101.50000000000001 44570.500000000007 77518.250000000015 63838.500000000007 85032.250000000015 94592.000000000015 56232.125000000007 100740.37500000001 68702.500000000015 104.50000000000001 80278.500000000015 112249.00000000001 122.50000000000001
decision_type=2 2 2 2 2 2 2 2 2 2 2 2 2 2 2 2 2 2 2 2 2 2 2 2 2 2 2 2 2 2
left_child=1 2 4 -2 6 -5 7 8 12 -9 11 -6 13 -1 -7 16 26 -17 -19 20 21 23 -23 -20 25 -21 27 -16 29 -28
right_child=3 -3 -4 5 10 14 -8 9 -10 -11 -12 -13 -14 -15 15 17 -18 18 19 24 -22 22 -24 -25 -26 -27 28 -29 -30 -31
leaf_value=0.00082933329977095136 -0.0057088334614840835 0.0056347748301433104 0.0066391655864814925 -0.0057072389024225151 -0.0068538229077068323 0.0022389424961551815 -0.00041865318009356393 0.00037858569737992195 0.0083052101786489831 0.0060204034565355287 0.0012676690738382085 -0.00077211752223471804 -0.0011096892726360536 0.0064485933095442529 0.00062539520939545968 0.0045925248273168554 -0.0051289496659908604 -0.003235423023995411 -0.00092362024562640333 -0.00095141760331785008 0.0062633727011936055 -0.0040822346162583149 0.0028231034779714215 0.0057735602650791406 0.00031536394037440609 -0.007984637951647694 0.00078265390107904375 -0.0058174351323395969 -0.0039869601816632022 -0.0009634552311080769
leaf_weight=50 26 38 24 22 34 72 695 1617 27 22 28 30 49 33 21 33 46 56 45 88 28 49 54 60 192 22 244 40 43 712
leaf_count=50 26 38 24 22 34 72 695 1617 27 22 28 30 49 33 21 33 46 56 45 88 28 49 54 60 192 22 244 40 43 712
internal_value=3.95372e-12 0.00038933 0.00031293 -0.000556156 0.000254195 -0.000482828 0.000352104 0.000650032 0.00266752 0.000454315 -0.0023989 -0.00400302 0.00151436 0.0030635 -0.000419151 -0.000529586 -0.00101442 0.000325639 8.85903e-05 0.000434584 0.00183323 0.00123687 -0.00046196 0.00290334 -0.0006584 -0.00235806 -0.000835864 -0.00359941 -0.000667119 -0.000517796
internal_weight=4500 2647 2609 1853 2585 1827 2493 1798 159 1639 92 64 132 83 1805 1733 1106 627 594 538 236 208 103 105 302 110 1060 61 999 956
internal_count=4500 2647 2609 1853 2585 1827 2493 1798 159 1639 92 64 132 83 1805 1733 1106 627 594 538 236 208 103 105 302 110 1060 61 999 956
is_linear=0
shrinkage=0.1


Tree=27
num_leaves=31
num_cat=0
split_feature=9 9 8 8 1 1 1 8 8 7 7 10 7 6 4 4 7 7 1 7 10 3 8 3 5 10 8 3 7 3
split_gain=0.0826208 0.0462698 0.104351 0.0620322 0.0668797 0.0737575 0.0638747 0.048276 0.0420727 0.0416477 0.0773686 0.121046 0.0507003 0.0383366 0.0468519 0.0445459 0.0367027 0.0586062 0.103736 0.0893782 0.0460863 0.161612 0.110539 0.0742216 0.108419 0.0432072 0.0585227 0.0516174 0.0428616 0.0414693
threshold=58094.500000000007 57530.750000000007 54528.750000000007 53085.000000000007 142.50000000000003 133.50000000000003 113.50000000000001 54208.625000000007 99764.375000000015 3398868.0000000005 4650546.7500000009 69467.125000000015 2794787.3750000005 55538.832031250007 50975.000000000007 42814.000000000007 13650876.000000002 16547563.000000002 117.50000000000001 17380433.000000004 68173.500000000015 65701.000000000015 66580.000000000015 63467.000000000007 64540.500000000007 72779.250000000015 72599.375000000015 78184.500000000015 15447408.500000002 81880.500000000015
decision_type=2 2 2 2 2 2 2 2 2 2 2 2 2 2 2 2 2 2 2 2 2 2 2 2 2 2 2 2 2 2
left_child=1 3 -3 13 5 6 -5 -8 9 12 11 -11 -2 14 -1 -15 20 18 -18 -19 21 23 -22 24 -12 -24 -27 -28 -20 -29
right_child=8 2 -4 4 -6 -7 7 -9 -10 10 16 -13 -14 15 -16 -17 17 19 28 -21 22 -23 25 -25 -26 26 27 29 -30 -31
leaf_value=0.00055027766596741615 -0.00090404302093454391 -0.0020949122518123613 0.0069224251377763175 -0.0048418011848947833 0.0033189829885959623 -0.0059790604055309912 0.0036593055039702452 -0.0016788797401305702 -0.0028003516709705929 0.0096895585430320369 -0.0034013623077618449 -0.00074793701618909841 -0.0069763522967696201 -0.0011010746024699221 -0.0043243808811530473 0.0032084597081504986 0.0087366919009946292 -0.0060735219211962357 0.0024481099436525259 -0.00017448658766578741 -0.0070658531603648477 0.0067861553594662713 0.0032690166440443136 -0.0057575133358759266 0.0046404643853505453 -0.0050074451388074804 0.0036017394528850368 -0.0055058947897383146 -0.0029695354806988138 -0.00038467547983600525
leaf_weight=1393 44 21 33 28 25 39 32 36 68 20 38 25 20 31 20 106 20 26 40 2116 38 29 20 31 30 39 24 21 23 64
leaf_count=1393 44 21 33 28 25 39 32 36 68 20 38 25 20 31 20 106 20 26 40 2116 38 29 20 31 30 39 24 21 23 64
internal_value=1.77291e-12 0.000533639 0.00341568 0.000442627 -0.00143201 -0.00231182 -0.000822003 0.000833207 -0.000344056 -0.000281452 -0.000219512 0.00389095 -0.00280164 0.000636137 0.00048128 0.00223331 -0.000291795 -0.000145063 0.00246216 -0.00024609 -0.00126927 0.00022092 -0.00219521 -0.00170223 0.000146502 -0.00109352 -0.00168305 -0.00049359 0.000470239 -0.00164992
internal_weight=4500 1764 54 1710 160 135 96 68 2736 2668 2604 45 64 1550 1413 137 2559 2225 83 2142 334 128 206 99 68 168 148 109 63 85
internal_count=4500 1764 54 1710 160 135 96 68 2736 2668 2604 45 64 1550 1413 137 2559 2225 83 2142 334 128 206 99 68 168 148 109 63 85
is_linear=0
shrinkage=0.1


Tree=28
num_leaves=31
num_cat=0
split_feature=3 9 9 5 8 1 7 1 1 9 1 7 1 7 9 8 4 7 4 5 6 8 4 9 8 3 7 5 10 7
split_gain=0.069634 0.0489134 0.0709889 0.0560891 0.0507472 0.044644 0.0402752 0.0712015 0.0605904 0.0867473 0.0711568 0.0767941 0.0645633 0.0584015 0.0529017 0.136479 0.109547 0.164134 0.0896506 0.108241 0.0891822 0.100959 0.051849 0.0523054 0.0506423 0.0716707 0.0535764 0.0573774 0.0504009 0.0660636
threshold=56449.500000000007 56866.750000000007 55598.000000000007 56047.000000000007 51535.125000000007 147.50000000000003 25803129.000000004 151.50000000000003 146.50000000000003 69210.000000000015 135.50000000000003 22403071.000000004 132.50000000000003 24165171.000000004 56866.750000000007 52490.875000000007 62652.500000000007 4650546.7500000009 66052.000000000015 74494.000000000015 66642.250000000015 57346.500000000007 70866.500000000015 67231.000000000015 63191.375000000007 66919.500000000015 14017820.000000002 65138.000000000007 75659.750000000015 16547563.000000002
decision_type=2 2 2 2 2 2 2 2 2 2 2 2 2 2 2 2 2 2 2 2 2 2 2 2 2 2 2 2 2 2
left_child=1 2 3 4 5 -1 7 8 10 -10 12 -12 14 -13 15 -2 17 -16 -18 -20 21 -19 23 -14 25 26 27 -23 -21 -30
right_child=6 -3 -4 -5 -6 -7 -8 -9 9 -11 11 13 22 -15 16 -17 18 20 19 28 -22 24 -24 -25 -26 -27 -28 -29 29 -31
leaf_value=0.00068605870675224649 -5.4920092225074768e-06 0.0044833662933811093 -0.0044879809125430055 0.002729635375161263 -0.0039157272423975742 -0.003600188285112381 -8.9615794345261705e-06 -0.0062716205725851272 0.0056574489495583944 -0.0019681170367850708 -0.0014707143991612472 -0.0098616508146127067 0.0013990195060614497 -0.0024889708814126526 0.0097848249421942802 -0.0097281898371875293 -0.0052616764891321183 0.0035657865354643986 0.0062783635497908113 -0.006211217744275928 0.006789110349491239 -0.0037882292498673861 -0.0016836879932353357 0.0075747287250123923 -0.0064092638064175839 0.003626029035792901 -0.0066161415497349068 0.0027490712702274325 0.00061820361069312281 -0.0037073985627136645
leaf_weight=868 42 33 27 121 26 25 2447 23 35 26 221 21 32 22 21 22 55 49 20 20 20 29 22 24 20 26 22 25 102 54
leaf_count=868 42 33 27 121 26 25 2447 23 35 26 221 21 32 22 21 22 55 49 20 20 20 29 22 24 20 26 22 25 102 54
internal_value=-2.16241e-12 0.000691588 0.000574317 0.000705742 0.000439266 0.000566063 -0.000223749 -0.000775255 -0.000639323 0.00240721 -0.000853176 -0.00222303 -0.000255422 -0.00608958 -0.000652849 -0.00334767 -0.000280347 0.00139336 -0.00169399 -0.000692856 0.000470734 -0.000268257 0.00242976 0.00404575 -0.00180816 -0.000905983 -0.00245641 -0.000761701 -0.00148504 -0.00087912
internal_weight=4500 1100 1067 1040 919 893 3400 953 930 61 869 264 605 43 527 64 463 212 251 196 191 171 78 56 122 102 76 54 176 156
internal_count=4500 1100 1067 1040 919 893 3400 953 930 61 869 264 605 43 527 64 463 212 251 196 191 171 78 56 122 102 76 54 176 156
is_linear=0
shrinkage=0.1


Tree=29
num_leaves=31
num_cat=0
split_feature=6 6 9 6 9 10 10 10 5 5 3 5 9 9 9 9 1 4 9 8 3 1 3 5 1 6 8 7 1 9
split_gain=0.0616692 0.0654703 0.136011 0.0620562 0.0605765 0.0529236 0.118236 0.0688315 0.057743 0.063827 0.0452448 0.069104 0.0803569 0.0638449 0.0560398 0.0711335 0.0488686 0.0526247 0.045159 0.0425653 0.0420556 0.0404954 0.0575479 0.079599 0.039754 0.0459766 0.039368 0.0390357 0.060933 0.054938
threshold=73977.164062500015 74630.082031250015 74231.000000000015 73367.500000000015 70761.750000000015 79258.375000000015 80140.375000000015 77891.750000000015 82791.000000000015 85749.500000000015 88153.500000000015 93167.000000000015 78902.750000000015 76452.000000000015 84053.750000000015 85657.250000000015 139.50000000000003 68702.500000000015 86018.750000000015 70334.000000000015 93797.500000000015 141.50000000000003 84662.000000000015 83856.000000000015 151.50000000000003 64097.917968750007 69223.125000000015 105478236.00000001 135.50000000000003 97996.250000000015
decision_type=2 2 2 2 2 2 2 2 2 2 2 2 2 2 2 2 2 2 2 2 2 2 2 2 2 2 2 2 2 2
left_child=3 2 -2 24 -3 7 -7 -6 -8 21 13 -12 19 -11 -15 -16 20 -18 -19 -13 -14 22 23 -10 -1 -26 -5 -22 29 -29
right_child=1 4 -4 26 5 6 8 -9 9 10 11 12 16 14 15 -17 17 18 -20 -21 27 -23 -24 -25 25 -27 -28 28 -30 -31
leaf_value=0.00021824961115082784 -0.0088158141547215307 0.0050192089541815227 0.0013320720733609051 0.0057483795460553447 -0.0015377101457670506 -0.0079215322790498095 0.0032613425348431641 0.0063330143019557006 -0.0060271048763146009 -0.0036125665247116398 -0.0026157229588659229 0.00082277214730952378 0.0031708341204862603 0.0041054803800458705 -0.0040238469579400356 0.0031224974803626539 0.0013083247605633612 -0.0074688028374856165 -0.0023664509154935707 0.0051976374536752707 -0.0016816212455491109 0.00042263635993003852 -0.0088182488828897482 0.0016130914967507123 -0.0063490159439970745 8.3633998408913612e-05 0.00020975820010616666 0.00062550490552761105 0.0039197676601664478 -0.0027911916526852914
leaf_weight=3124 28 20 25 33 20 22 39 25 30 23 153 61 34 66 26 30 30 22 82 35 167 25 20 25 20 25 21 164 39 66
leaf_count=3124 28 20 25 33 20 22 39 25 30 23 153 61 34 66 26 30 30 22 82 35 167 25 20 25 20 25 21 164 39 66
internal_value=2.93569e-12 -0.000588116 -0.00402908 0.00023302 -0.00043912 -0.00052979 -0.00066043 0.00283491 -0.000519933 -0.000654241 -0.000412898 -0.000690503 -0.000269705 0.00122019 0.00213128 -0.000195448 -0.000696855 -0.00238144 -0.00344579 0.00241778 -0.000216569 -0.00306285 -0.00422468 -0.00255429 0.000175741 -0.00277532 0.00359447 -0.000480724 0.000264814 -0.000354938
internal_weight=4500 1277 53 3223 1224 1204 1159 45 1137 1098 998 853 700 145 122 56 604 134 104 96 470 100 75 55 3169 45 54 436 269 230
internal_count=4500 1277 53 3223 1224 1204 1159 45 1137 1098 998 853 700 145 122 56 604 134 104 96 470 100 75 55 3169 45 54 436 269 230
is_linear=0
shrinkage=0.1


Tree=30
num_leaves=31
num_cat=0
split_feature=9 9 8 8 1 1 7 9 7 7 9 7 4 9 3 1 7 7 5 3 3 4 1 5 6 9 6 8 5 1
split_gain=0.0546029 0.0359 0.0756288 0.043018 0.0537393 0.0623153 0.0596594 0.0618324 0.0352175 0.0570314 0.0893659 0.0433564 0.0345306 0.0339831 0.0486528 0.0860779 0.0415873 0.036334 0.131512 0.102288 0.033116 0.0585473 0.0305115 0.0879276 0.0822726 0.0401057 0.0392955 0.0294159 0.032486 0.0307269
threshold=58094.500000000007 57530.750000000007 54528.750000000007 53085.000000000007 142.50000000000003 133.50000000000003 6948155.7500000009 55357.750000000007 3398868.0000000005 4650546.7500000009 68313.250000000015 2794787.3750000005 48629.000000000007 58452.750000000007 60232.500000000007 121.50000000000001 19747990.000000004 6702991.5000000009 69398.000000000015 74437.000000000015 69147.500000000015 42814.000000000007 143.50000000000003 50543.000000000007 53724.416015625007 56368.250000000007 50102.332031250007 99764.375000000015 118138.50000000001 118.50000000000001
decision_type=2 2 2 2 2 2 2 2 2 2 2 2 2 2 2 2 2 2 2 2 2 2 2 2 2 2 2 2 2 2
left_child=1 3 -3 20 5 6 -5 -8 11 10 -10 -2 -9 -11 15 -15 -17 18 -16 -20 22 -22 25 -24 26 -1 -25 28 29 -19
right_child=8 2 -4 4 -6 -7 7 12 9 13 -12 -13 -14 14 17 16 -18 27 19 -21 21 -23 23 24 -26 -27 -28 -29 -30 -31
leaf_value=0.00045038869077245505 -0.00084310214627872815 -0.0017188608712915864 0.005957826659803025 0.0042328231781721118 0.003051303155720234 -0.0053669195502805411 -0.0065216259587378735 0.0030451858238804909 0.0082880836422555143 -0.0034734567429757484 -0.00068015640974044807 -0.0064584319433197389 -0.0021122523925869783 -0.0022800070332148329 -0.0087544745239226725 0.0081992305992614669 0.0021628112941980363 0.00042039335944180523 0.0056517900012078744 -0.0038152146786451339 -0.00032594942705422322 0.0045499431944061247 -0.0070306433808235902 5.1168215730668689e-05 -0.0048034744919277731 0.0045752874459140001 0.0051559824012219905 -0.0023044306079528349 0.0021022985091743371 -0.00045025453038516762
leaf_weight=1319 44 21 33 20 25 39 21 21 20 33 25 20 34 26 23 21 25 523 21 25 46 53 21 38 24 24 25 68 60 1802
leaf_count=1319 44 21 33 20 25 39 21 21 20 33 25 20 34 26 23 21 25 523 21 25 46 53 21 38 24 24 25 68 60 1802
internal_value=1.8924e-12 0.000433821 0.00297245 0.000353653 -0.00120745 -0.00199611 -0.000626723 -0.00190555 -0.0002797 -0.000224175 0.00330573 -0.00259789 -0.000143049 -0.000284641 -0.000244074 0.00231908 0.00491857 -0.000317249 -0.00258037 0.000506679 0.0005148 0.00228438 0.000394064 -0.00122299 0.000178857 0.000524102 0.00207689 -0.00025359 -0.000195117 -0.000254406
internal_weight=4500 1764 54 1710 160 135 96 76 2736 2672 45 64 55 2627 2594 72 46 2522 69 46 1550 99 1451 108 87 1343 63 2453 2385 2325
internal_count=4500 1764 54 1710 160 135 96 76 2736 2672 45 64 55 2627 2594 72 46 2522 69 46 1550 99 1451 108 87 1343 63 2453 2385 2325
is_linear=0
shrinkage=0.1


Tree=31
num_leaves=31
num_cat=0
split_feature=3 4 4 5 8 7 7 6 1 7 5 10 7 4 9 9 7 5 1 5 9 5 8 7 4 5 7 8 9 5
split_gain=0.0473813 0.0399808 0.0655305 0.0575981 0.0561338 0.0614635 0.0490329 0.0526715 0.0382092 0.0380108 0.037959 0.0371522 0.0360927 0.0326487 0.103163 0.153839 0.0832614 0.053652 0.0940177 0.0739085 0.0451529 0.0849 0.0661605 0.0745065 0.0627974 0.126448 0.0393767 0.0381875 0.0480456 0.0705839
threshold=56449.500000000007 51761.000000000007 49920.500000000007 55674.500000000007 49560.375000000007 4926581.7500000009 14445489.500000002 51485.082031250007 147.50000000000003 2508322.7500000005 61639.500000000007 59166.750000000007 1600809.9375000002 40695.000000000007 45954.000000000007 44648.000000000007 3624368.2500000005 52471.000000000007 129.50000000000003 53928.500000000007 40956.750000000007 45076.500000000007 35404.125000000007 5433551.7500000009 34309.500000000007 42392.500000000007 58265834.000000007 44331.875000000007 42546.500000000007 48072.000000000007
decision_type=2 2 2 2 2 2 2 2 2 2 2 2 2 2 2 2 2 2 2 2 2 2 2 2 2 2 2 2 2 2
left_child=1 2 3 4 8 -6 -5 -8 13 12 -9 -3 -2 20 15 -15 -16 18 -18 -19 22 -22 23 -1 -24 -26 -25 28 -23 -30
right_child=9 11 -4 6 5 -7 7 10 -10 -11 -12 -13 -14 14 16 -17 17 19 -20 -21 21 27 24 26 25 -27 -28 -29 29 -31
leaf_value=0.0040474124287356973 -0.00011396982961080291 0.0063005582252314883 -0.0040087834982841745 0.0063370448858390939 0.00038689739354278731 -0.0070958532370804326 0.0042483525778448513 -0.0020771092499560881 -0.0035413485303845099 -0.00014540993594398935 0.0031510824426299053 0.00048293900188236009 -0.0057214979392786825 0.0019122649240307509 0.0056521882170013022 -0.0097534292019330546 -0.0072223469866439698 0.0045773747298933033 0.0018538549542427064 -0.0018760639617943929 0.0075150717212818562 0.003451743641590628 -0.0050139072025194766 -0.00050763729267886716 -0.0060212418267672719 0.0034174134139902893 0.0028090581587619252 0.004688719349602858 -0.0049240257218480113 0.00093416435923025917
leaf_weight=64 22 23 32 27 23 21 43 41 23 3354 21 21 24 20 28 26 25 35 21 36 25 52 40 175 22 40 45 30 25 116
leaf_count=64 22 23 32 27 23 21 43 41 23 3354 21 21 24 20 28 26 25 35 21 36 25 52 40 175 22 40 45 30 25 116
internal_value=-2.94369e-12 0.00057048 0.000447418 0.000586675 0.000298166 -0.00318442 0.00253629 0.00155896 0.000478866 -0.000184567 -0.00030627 0.00352397 -0.00303964 0.000590945 -0.000555186 -0.00468139 0.000753816 -0.000418444 -0.00307886 0.00130521 0.00093623 0.00198908 0.000259789 0.00104439 -0.00192478 6.82132e-05 0.000170778 0.00136957 0.000853643 -0.000104522
internal_weight=4500 1100 1056 1024 892 44 132 105 848 3400 62 44 46 825 191 46 145 117 46 71 634 248 386 284 102 62 220 223 193 141
internal_count=4500 1100 1056 1024 892 44 132 105 848 3400 62 44 46 825 191 46 145 117 46 71 634 248 386 284 102 62 220 223 193 141
is_linear=0
shrinkage=0.1


Tree=32
num_leaves=31
num_cat=0
split_feature=9 6 4 9 6 6 4 6 6 9 5 7 4 1 9 9 9 4 8 8 4 1 1 4 4 1 1 1 7 5
split_gain=0.0427656 0.0822357 0.121308 0.0581286 0.052875 0.05175 0.09244 0.0722073 0.0519294 0.0512599 0.0722539 0.0658681 0.0861341 0.0520348 0.0484299 0.0431081 0.0699959 0.0378123 0.0939484 0.0321833 0.0320597 0.0410934 0.0429497 0.0295892 0.0429546 0.0285666 0.0452937 0.0523549 0.0433237 0.0421979
threshold=79784.000000000015 79812.582031250015 72704.000000000015 76844.000000000015 75978.667968750015 75108.582031250015 66246.000000000015 73977.164062500015 73367.500000000015 78902.750000000015 93442.500000000015 87917672.000000015 67377.500000000015 125.50000000000001 73732.000000000015 76056.000000000015 77518.250000000015 67823.500000000015 69832.375000000015 69223.125000000015 14759.000000000002 79.500000000000014 86.500000000000014 64644.500000000007 66052.000000000015 92.500000000000014 96.500000000000014 100.50000000000001 1371899.0000000002 67096.500000000015
decision_type=2 2 2 2 2 2 2 2 2 2 2 2 2 2 2 2 2 2 2 2 2 2 2 2 2 2 2 2 2 2
left_child=1 4 3 -3 5 7 -7 8 17 10 11 12 -6 -12 -9 -14 -17 18 20 -10 -1 -22 -23 25 -25 -24 -27 29 -29 -28
right_child=-2 2 -4 -5 9 6 -8 14 19 -11 13 -13 15 -15 -16 16 -18 -19 -20 -21 21 22 23 24 -26 26 27 28 -30 -31
leaf_value=0.0033061198933864947 -0.00064680621339319026 0.0041343452465353592 0.010019216109067202 -0.0017572900146821187 0.0038462260784581301 6.6608309936829101e-05 0.0080599707844869594 -0.0056785792386268869 0.0052146397601587312 0.0028933626289168995 0.0046385830656314889 -0.007691719823588546 -0.0065877409716104647 -0.0020176168111071965 -0.00082496791146695618 0.0011972496306578465 -0.0053189413360087206 0.0031948758242651824 -0.0052067344726035095 0.00020685366665323577 0.0040830383184724131 -0.0036126596492625051 0.0026250815658057309 -0.0040195068003746068 0.00071426292933109744 -0.0028438447746448221 0.0012996943655488051 -0.0031479747628327462 0.00016726120047088038 0.0064432676976800655
leaf_weight=32 833 33 20 34 20 39 23 34 33 24 24 26 29 23 52 34 32 40 33 21 26 31 47 41 36 50 58 40 2710 22
leaf_count=32 833 33 20 34 20 39 23 34 33 24 24 26 29 23 52 34 32 40 33 21 26 31 47 41 36 50 58 40 2710 22
internal_value=5.19584e-12 0.000146929 0.00318471 0.00114456 7.31061e-05 0.000169526 0.00303189 0.000115846 0.000192222 -0.00145869 -0.00201427 -0.00314613 -0.00211843 0.00138129 -0.00274384 -0.00337415 -0.00196212 0.000139775 0.000100682 0.00326717 0.000157309 0.000124391 9.0478e-05 0.000128693 -0.00180632 0.000179597 0.000139688 0.0001924 0.00011904 0.00271418
internal_weight=4500 3667 87 67 3580 3368 62 3306 3220 212 188 141 115 47 86 95 66 3166 3126 54 3093 3061 3035 3004 77 2927 2880 2830 2750 80
internal_count=4500 3667 87 67 3580 3368 62 3306 3220 212 188 141 115 47 86 95 66 3166 3126 54 3093 3061 3035 3004 77 2927 2880 2830 2750 80
is_linear=0
shrinkage=0.1


Tree=33
num_leaves=31
num_cat=0
split_feature=10 5 3 3 5 1 4 4 4 8 1 9 3 6 3 5 6 8 7 10 1 1 4 10 3 10 7 6 7 4
split_gain=0.0372429 0.103409 0.0771594 0.0960441 0.0648196 0.0562373 0.067989 0.0742195 0.0885965 0.0525228 0.0604927 0.047249 0.0428409 0.0400452 0.0704167 0.0531144 0.0468177 0.0556988 0.0360321 0.033061 0.0316337 0.0708005 0.0462911 0.0571232 0.0806227 0.0715532 0.0610647 0.0643636 0.045104 0.0437187
threshold=67781.250000000015 67540.500000000015 66289.500000000015 65914.500000000015 69398.000000000015 117.50000000000001 59084.000000000007 55507.000000000007 52528.500000000007 59868.000000000007 127.50000000000001 57889.000000000007 66919.500000000015 58766.667968750007 64288.000000000007 64199.000000000007 57752.750000000007 55757.625000000007 339543776.00000006 65609.625000000015 116.50000000000001 114.50000000000001 82840.000000000015 71150.000000000015 70135.000000000015 73676.375000000015 16547563.000000002 89593.582031250015 48721032.000000007 62504.500000000007
decision_type=2 2 2 2 2 2 2 2 2 2 2 2 2 2 2 2 2 2 2 2 2 2 2 2 2 2 2 2 2 2
left_child=1 2 3 9 -2 11 7 8 19 13 -11 -3 -4 16 15 -15 -1 -18 20 -7 21 22 23 24 -6 -25 -27 29 -23 -28
right_child=4 5 12 -5 18 6 -8 -9 -10 10 -12 -13 -14 14 -16 -17 17 -19 -20 -21 -22 28 -24 25 -26 26 27 -29 -30 -31
leaf_value=0.00023597015178421492 -0.004734558539348655 0.0026039370820702366 -0.0054731806576554035 0.0058282406899767616 0.0014599854813977368 0.0049558140765875586 0.0079074355640581673 -0.002671545177050259 0.009224617781794885 0.00028765680035576225 -0.005962801134834687 -0.0037387834234244148 -0.00072307804575524274 0.0017354203105875939 -0.0024836323711843718 0.0079954929546068379 -0.0053959504524810301 0.00021974234719221528 0.001395845175869553 0.00048686147819520262 -0.00047695280102451023 0.0072753201371857108 -0.0039172520604113057 0.0049364056101896701 -0.007024386657091479 0.0045732615665266558 0.00048811640713445497 0.0041048069484531883 0.0017188129424918468 -0.0024990414718467028
leaf_weight=1542 32 24 37 30 21 25 28 23 22 32 30 23 39 33 21 23 33 38 133 49 1852 21 29 36 24 28 97 28 48 99
leaf_count=1542 32 24 37 30 21 25 28 23 22 32 30 23 39 33 21 23 33 38 133 49 1852 21 29 36 24 28 97 28 48 99
internal_value=2.19479e-12 0.000314219 8.48327e-05 0.000217916 -0.00026339 0.00251113 0.00347385 0.00243065 0.00365305 0.000121849 -0.00273676 -0.000499947 -0.00303563 0.000226721 0.00245466 0.00430652 0.000120366 -0.00239037 -0.000204169 0.00199664 -0.00029738 0.00047424 -8.53237e-05 0.000248388 -0.00306501 0.000766107 0.00017035 -0.000380014 0.00340992 -0.0010207
internal_weight=4500 2052 1858 1782 2448 194 147 119 96 1752 62 47 76 1690 77 56 1613 71 2416 74 2283 431 362 333 45 288 252 224 69 196
internal_count=4500 2052 1858 1782 2448 194 147 119 96 1752 62 47 76 1690 77 56 1613 71 2416 74 2283 431 362 333 45 288 252 224 69 196
is_linear=0
shrinkage=0.1


Tree=34
num_leaves=31
num_cat=0
split_feature=10 5 5 3 9 10 7 9 8 1 7 7 4 8 1 1 1 1 7 7 9 7 7 4 6 5 10 5 10 1
split_gain=0.0328775 0.0852813 0.0527263 0.0439745 0.0575585 0.0565252 0.0564316 0.0470814 0.0614683 0.0433324 0.0372969 0.0392813 0.0345246 0.0411803 0.032968 0.0386389 0.072417 0.0470487 0.0517155 0.0322501 0.0316961 0.0285349 0.0683397 0.0272756 0.0571471 0.0265736 0.0655881 0.0621068 0.0792306 0.10151
threshold=49250.500000000007 49432.500000000007 50543.000000000007 45721.000000000007 40956.750000000007 41502.125000000007 3262389.6250000005 45422.750000000007 40772.250000000007 121.50000000000001 3262389.6250000005 34959680.000000007 28320.000000000004 42101.625000000007 131.50000000000003 120.50000000000001 111.50000000000001 105.50000000000001 16005833.000000002 11885731.000000002 39000.250000000007 1600809.9375000002 2508322.7500000005 41310.500000000007 43838.416015625007 51594.500000000007 50838.375000000007 53349.000000000007 52607.000000000007 130.50000000000003
decision_type=2 2 2 2 2 2 2 2 2 2 2 2 2 2 2 2 2 2 2 2 2 2 2 2 2 2 2 2 2 2
left_child=1 3 -2 4 5 10 -6 8 9 -5 -1 14 13 -4 15 16 17 18 -12 -17 -7 -14 -23 24 -3 -24 -27 -28 29 -29
right_child=2 23 12 7 6 20 -8 -9 -10 -11 11 -13 21 -15 -16 19 -18 -19 -20 -21 -22 22 25 -25 -26 26 27 28 -30 -31
leaf_value=0.0032752028929609609 -0.0048792427851130134 0.0022830179744831674 -0.00015307789035432507 -0.0040982296280562885 -0.0014342817524448039 -0.00064904600180484156 0.0047538436342230333 0.0017151638798947847 -0.0078148142620921134 0.0019161789232622021 0.0018028032486600912 0.0036035123570212005 0.0027328506431409292 0.0059105945108014913 -0.0033313137636850443 0.004897135252960854 -0.0043291384280708277 0.0049155129694223761 -0.0046056464570574463 -0.00040093160234391692 -0.0051084822409653242 -0.004355106641244339 -0.0029182351109656424 0.00058181471312823512 0.0083490825295448306 0.0043703973067529276 -0.0034125390803507929 0.0072675457421803123 -0.00011714865217402135 -0.0010002607384834575
leaf_weight=47 23 41 24 25 20 37 56 28 20 23 34 29 35 21 31 27 38 22 20 20 28 38 33 23 25 33 56 33 3583 27
leaf_count=47 23 41 24 25 20 37 56 28 20 23 34 29 35 21 31 27 38 22 20 20 28 38 33 23 25 33 56 33 3583 27
internal_value=-4.84431e-12 0.000693133 -0.000105407 0.000190115 0.000642209 7.54771e-05 0.00312539 -0.00173599 -0.00315706 -0.00121633 0.000717112 0.000173084 -7.71306e-05 0.00267664 -0.000345054 0.000229941 -0.000764768 0.00101742 -0.000570697 0.00264264 -0.00257003 -0.000109418 -0.000135576 0.00354733 0.00458077 -9.29887e-05 -6.80066e-05 -0.000107603 -5.67998e-05 0.00354703
internal_weight=4500 594 3906 505 409 333 76 96 68 48 268 221 3883 45 192 161 114 76 54 47 65 3838 3803 89 66 3765 3732 3699 3643 60
internal_count=4500 594 3906 505 409 333 76 96 68 48 268 221 3883 45 192 161 114 76 54 47 65 3838 3803 89 66 3765 3732 3699 3643 60
is_linear=0
shrinkage=0.1


Tree=35
num_leaves=31
num_cat=0
split_feature=9 6 4 6 1 1 6 9 6 1 1 3 7 1 8 3 5 7 8 1 7 1 7 3 10 7 7 6 7 7
split_gain=0.0312736 0.0557063 0.077082 0.0448121 0.0393943 0.0762991 0.0376482 0.0569998 0.0348271 0.0308434 0.0572094 0.0299646 0.0279774 0.0277518 0.0577512 0.0255453 0.038693 0.0373239 0.033865 0.0223021 0.11524 0.0235255 0.0347696 0.0278906 0.0366846 0.0532463 0.0527407 0.0494526 0.0283598 0.0459641
threshold=94571.750000000015 90716.250000000015 85402.000000000015 86855.250000000015 130.50000000000003 121.50000000000001 85813.750000000015 84843.750000000015 88156.332031250015 134.50000000000003 122.50000000000001 93442.500000000015 89035864.000000015 133.50000000000003 76181.875000000015 101929.00000000001 101085.50000000001 146526328.00000003 92923.750000000015 151.50000000000003 67022398.000000007 148.50000000000003 84896636.000000015 41226.000000000007 39655.125000000007 14017820.000000002 3262389.6250000005 35170.416015625007 1133249.8125000002 2508322.7500000005
decision_type=2 2 2 2 2 2 2 2 2 2 2 2 2 2 2 2 2 2 2 2 2 2 2 2 2 2 2 2 2 2
left_child=1 3 9 6 5 -5 7 19 -6 10 -3 -8 -10 14 -9 16 -2 18 -17 21 -21 23 -23 24 26 -26 -1 -28 -25 -30
right_child=15 2 -4 4 8 -7 11 13 12 -11 -12 -13 -14 -15 -16 17 -18 -19 -20 20 -22 22 -24 28 25 -27 27 -29 29 -31
leaf_value=0.00375254101695885 -0.0020722029163785603 0.0058674453112941526 -0.0025980614464391361 -0.0030302453141372939 -0.0067131938655739243 0.0037427821013964074 0.0057781480287667367 -0.00017342916689813139 -0.004474333233665675 0.0073996184038973983 -0.0012465062318369746 0.00084396126330830165 0.00081502939574420454 -0.00041300916685334715 -0.0073209882140732735 -0.0062015088200569161 0.0035585114589104291 -0.0002240104014955221 -0.0019138685627175227 -0.0047914751567119775 0.0039780206350690647 0.002784876210916735 -0.0016179033749115963 0.0034267043151582281 0.00044841638913280084 0.0059390849292729848 0.00034466020172249352 -0.0043817761998910174 -0.0025407768835143097 3.0239441245309235e-05
leaf_weight=38 23 26 22 39 23 29 20 20 20 21 20 32 20 33 26 25 26 93 70 43 23 71 24 24 38 33 149 26 71 3372
leaf_count=38 23 26 22 39 23 29 20 20 20 21 20 32 20 33 26 25 26 93 70 43 23 71 24 24 38 33 149 26 71 3372
internal_value=8.4157e-12 6.21583e-05 0.00253773 9.37298e-06 -0.0018109 -0.000141748 6.8353e-05 3.35208e-05 -0.00361253 0.00422411 0.00277442 0.00274173 -0.00182965 -0.00262587 -0.00421335 -0.00111806 0.000915523 -0.00164809 -0.00304219 8.72252e-05 -0.00173544 0.000118503 0.0016726 7.91436e-05 0.00103188 0.00300042 0.000375703 -0.000357553 1.09984e-06 -2.27789e-05
internal_weight=4500 4263 89 4174 131 68 4043 3991 63 67 46 52 40 79 46 237 49 188 95 3912 66 3846 95 3751 284 71 213 175 3467 3443
internal_count=4500 4263 89 4174 131 68 4043 3991 63 67 46 52 40 79 46 237 49 188 95 3912 66 3846 95 3751 284 71 213 175 3467 3443
is_linear=0
shrinkage=0.1


Tree=36
num_leaves=31
num_cat=0
split_feature=1 7 7 8 3 3 7 1 3 5 10 5 3 6 8 8 1 7 7 7 1 5 10 10 1 7 7 7 7 3
split_gain=0.0269086 0.0470045 0.0621791 0.0406837 0.031644 0.0434082 0.0611322 0.034212 0.0666341 0.0544205 0.0537455 0.0579329 0.0681685 0.0534826 0.0459601 0.0476198 0.0344356 0.0380836 0.0493079 0.0366502 0.0344093 0.0296783 0.0279217 0.0625951 0.0405963 0.0413533 0.0302032 0.114899 0.05497 0.0459415
threshold=140.50000000000003 5912687.5000000009 2794787.3750000005 81892.750000000015 93797.500000000015 98519.500000000015 229637968.00000003 145.50000000000003 68740.000000000015 74494.000000000015 75450.000000000015 81358.000000000015 82092.500000000015 58677.500000000007 49067.625000000007 45525.000000000007 151.50000000000003 67022398.000000007 100497628.00000001 29884270.000000004 143.50000000000003 51865.000000000007 52607.000000000007 53113.000000000007 139.50000000000003 94457764.000000015 1600809.9375000002 2508322.7500000005 4650546.7500000009 66562.000000000015
decision_type=2 2 2 2 2 2 2 2 2 2 2 2 2 2 2 2 2 2 2 2 2 2 2 2 2 2 2 2 2 2
left_child=22 2 -2 4 7 -6 -7 8 13 -10 -11 -12 -13 14 15 21 17 -9 -19 -18 -14 -3 24 -24 25 -1 -25 -28 29 -29
right_child=1 3 -4 -5 5 6 -8 16 9 10 11 12 20 -15 -16 -17 19 18 -20 -21 -22 -23 23 26 -26 -27 27 28 -30 -31
leaf_value=0.00039921129416444623 0.00072473497049690321 0.0014711887575685979 -0.0051878170778408006 -0.0023380465115256169 0.0050250934366236578 -0.004024479119107127 0.0029634152773782736 0.0019219107403121187 -0.0055740824972207734 0.0033153217928927575 -0.0064447708651423456 0.0039854282091948247 -0.00094248475000748174 0.0044766408375239578 -0.0032177696614903773 0.0044351049190111186 -0.0046349112890311517 -0.0041143073504956978 0.0014809231403180294 0.00053462284558918331 -0.0056796629508228409 -0.0037446624196672928 -0.004565233974475026 0.0037172653712332251 0.0051142652379348877 0.0045401883721351627 -0.0072012928483838395 0.0048600241258269349 -2.1448986678785915e-05 8.7819706746622143e-05
leaf_weight=682 29 24 46 85 28 21 31 159 39 21 25 21 46 29 37 27 24 28 36 32 23 20 30 22 20 25 22 43 2787 38
leaf_count=682 29 24 46 85 28 21 31 159 39 21 25 21 46 29 37 27 24 28 36 32 23 20 30 22 20 25 22 43 2787 38
internal_value=-2.6913e-12 -0.000513822 -0.00290163 -0.000276937 -1.58422e-05 0.00185068 0.000141381 -0.000268502 -0.000987984 -0.00228102 -0.00133669 -0.00218619 -0.00100325 0.00066371 -0.000360133 0.00112906 0.000536081 0.00109281 -0.00096699 -0.00168089 -0.00252154 -0.000899653 0.000116377 -2.07565e-05 0.000671323 0.000545639 2.60616e-05 -2.03757e-06 5.31868e-05 0.00262121
internal_weight=4500 831 75 756 671 80 52 591 312 175 136 115 90 137 108 71 279 223 64 56 69 44 3669 2942 727 707 2912 2890 2868 81
internal_count=4500 831 75 756 671 80 52 591 312 175 136 115 90 137 108 71 279 223 64 56 69 44 3669 2942 727 707 2912 2890 2868 81
is_linear=0
shrinkage=0.1


Tree=37
num_leaves=31
num_cat=0
split_feature=9 6 4 6 1 1 9 9 3 3 5 7 4 1 6 9 1 1 8 5 7 9 3 5 3 10 9 8 8 9
split_gain=0.023092 0.0462944 0.0606316 0.034264 0.0250592 0.0463396 0.0240022 0.0677513 0.036022 0.0213114 0.0314764 0.0304533 0.0272265 0.0216455 0.0187586 0.0449459 0.0403499 0.0232618 0.0467785 0.0204672 0.0551077 0.0907788 0.0374026 0.0487203 0.0683248 0.0442838 0.042854 0.0370391 0.0355727 0.0330408
threshold=94571.750000000015 90716.250000000015 85402.000000000015 87185.582031250015 134.50000000000003 122.50000000000001 89019.750000000015 90811.750000000015 102694.50000000001 101929.00000000001 102365.00000000001 146526328.00000003 85402.000000000015 136.50000000000003 85813.750000000015 84843.750000000015 130.50000000000003 133.50000000000003 76181.875000000015 94592.000000000015 130240948.00000001 77518.250000000015 89303.500000000015 87390.500000000015 86846.500000000015 85032.250000000015 76056.000000000015 68844.125000000015 75620.375000000015 70420.500000000015
decision_type=2 2 2 2 2 2 2 2 2 2 2 2 2 2 2 2 2 2 2 2 2 2 2 2 2 2 2 2 2 2
left_child=1 3 4 14 5 -3 8 -8 -5 10 -2 12 -11 -13 15 19 -16 18 -17 22 -21 -22 23 24 -1 -25 -27 -23 -28 -24
right_child=9 2 -4 6 -6 -7 7 -9 -10 11 -12 13 -14 -15 16 17 -18 -19 -20 20 21 27 29 25 -26 26 28 -29 -30 -31
leaf_value=5.656156047207953e-05 -0.0012081112584163404 0.0052828457134847457 -0.0022447323680601337 -0.0050746284865049859 0.0066681344949063807 -0.0011197106726467611 0.0042569401704462334 -0.0033164079309682608 -0.00038278287587066497 -0.0056159026571549475 0.0039486439200118184 -0.0011854688949824777 -0.0017198684838482402 0.0021078685555478622 0.0038722247669571324 -0.00015394130314234645 -0.00098930454001792023 -0.00031051715804179288 -0.006586744543500782 0.0048638872594892746 0.0023428972891078479 0.0011106830955083882 0.0014976435006246902 0.0048515489653278244 -0.0058054447779431941 -0.0032670400291681294 0.0048408535331523478 -0.0039089434428558672 -0.00017480812215756988 -0.0020570434926450577
leaf_weight=3404 29 26 22 36 21 20 21 27 30 24 20 64 71 29 38 20 31 33 26 32 95 21 32 39 20 20 26 49 31 143
leaf_count=3404 29 26 22 36 21 20 21 27 30 24 20 64 71 29 38 20 31 33 26 32 95 21 32 39 20 20 26 49 31 143
internal_value=-2.50487e-12 5.34123e-05 0.00231019 5.29228e-06 0.00380583 0.00249913 -0.00170454 -3.06814e-06 -0.00294197 -0.000960745 0.000896687 -0.00144486 -0.00270413 -0.000158514 5.33023e-05 2.50392e-05 0.00168806 -0.00233647 -0.00378987 7.27282e-05 0.00106602 0.000329463 2.00557e-05 9.06044e-05 2.23209e-05 0.00210614 0.000715615 -0.00240306 0.00211304 -0.00140704
internal_weight=4500 4263 89 4174 67 46 114 48 66 237 49 188 95 93 4060 3991 69 79 46 3912 197 165 3715 3540 3424 116 77 70 57 175
internal_count=4500 4263 89 4174 67 46 114 48 66 237 49 188 95 93 4060 3991 69 79 46 3912 197 165 3715 3540 3424 116 77 70 57 175
is_linear=0
shrinkage=0.1


Tree=38
num_leaves=31
num_cat=0
split_feature=1 7 7 9 8 3 7 5 8 1 1 7 8 10 1 9 6 6 10 10 1 7 9 4 3 5 10 9 7 1
split_gain=0.0219675 0.0377906 0.0471356 0.0466025 0.0310814 0.0257918 0.0413859 0.0371011 0.0322333 0.039009 0.0311851 0.062508 0.0637807 0.106057 0.0400195 0.022692 0.0369319 0.0248501 0.0220704 0.0508898 0.032883 0.0334962 0.0295637 0.0875821 0.0743771 0.0304849 0.0805229 0.0694861 0.0565916 0.0928979
threshold=140.50000000000003 6083946.0000000009 2794787.3750000005 56172.750000000007 81892.750000000015 90934.500000000015 107033404.00000001 89434.500000000015 73678.750000000015 143.50000000000003 142.50000000000003 16288147.000000002 51065.375000000007 73676.375000000015 151.50000000000003 78670.250000000015 73977.164062500015 44606.083984375007 52607.000000000007 53113.000000000007 139.50000000000003 94457764.000000015 48800.750000000007 43523.000000000007 51146.000000000007 51293.500000000007 49250.500000000007 43123.750000000007 15447408.500000002 97.500000000000014
decision_type=2 2 2 2 2 2 2 2 2 2 2 2 2 2 2 2 2 2 2 2 2 2 2 2 2 2 2 2 2 2
left_child=18 2 -2 -4 5 7 -7 10 9 -8 11 -3 -13 -14 15 16 17 -12 20 -20 21 22 23 25 -24 26 27 28 -1 -30
right_child=1 4 3 -5 -6 6 8 -9 -10 -11 14 12 13 -15 -16 -17 -18 -19 19 -21 -22 -23 24 -25 -26 -27 -28 -29 29 -31
leaf_value=0.0009415426379242956 0.00066250812980860226 0.0028977214466207307 -0.008144195559434594 -0.0019123921121354213 -0.0020466034109096441 0.0054137521489922499 0.005354572584619746 -0.0043020711894231761 -0.0023040999492098179 -0.00034695920146380862 -0.0025730846356600522 0.00094140332520884634 -0.0090834402163246907 -0.001058987237047404 -0.0022912423663701002 0.0039485257863998416 -0.0025475856925671302 0.0010713544250054463 -0.0041143668179089831 2.5443907887185543e-05 0.0045971825532615182 0.0040805133953690535 0.0062758203013800092 -0.0049557586549781266 -0.00051654035127476645 0.0022574349918823618 -0.0050786046167818968 0.0029422854435526662 -0.0077225021530120154 -0.00062681313215044189
leaf_weight=215 29 26 20 30 85 21 20 22 28 30 20 34 28 40 52 20 36 290 30 2912 20 25 28 32 38 78 28 90 21 152
leaf_count=215 29 26 20 30 85 21 20 22 28 30 20 34 28 40 52 20 36 290 30 2912 20 25 28 32 38 78 28 90 21 152
internal_value=-7.57548e-12 -0.000464256 -0.00254485 -0.00440511 -0.000245683 -1.61804e-05 0.0014733 -0.00027579 0.000412409 0.00193365 -0.000113559 -0.00147928 -0.00259498 -0.00436317 0.000304651 0.000673466 0.000484156 0.000836229 0.00010515 -1.67703e-05 0.000598535 0.000485419 0.000353634 0.000138123 0.00236507 0.00041724 0.000133574 0.00043889 -0.000141795 -0.00148814
internal_weight=4500 831 79 50 752 667 99 568 78 50 546 128 102 68 418 366 346 310 3669 2942 727 707 682 616 66 584 506 478 388 173
internal_count=4500 831 79 50 752 667 99 568 78 50 546 128 102 68 418 366 346 310 3669 2942 727 707 682 616 66 584 506 478 388 173
is_linear=0
shrinkage=0.1


Tree=39
num_leaves=31
num_cat=0
split_feature=10 10 3 10 10 10 6 1 9 4 4 4 9 3 10 4 3 9 5 10 9 8 9 9 7 4 7 10 6 9
split_gain=0.0200374 0.0875423 0.0773145 0.0598997 0.055277 0.0559603 0.0517363 0.123349 0.107545 0.0382262 0.0815293 0.0954836 0.0803591 0.0675983 0.0586496 0.091347 0.0549884 0.0605665 0.0549494 0.0589137 0.0419243 0.12729 0.0368677 0.0796277 0.087748 0.0607123 0.0475926 0.0358262 0.0533842 0.0413374
threshold=74426.500000000015 73891.625000000015 76505.500000000015 77424.250000000015 79258.375000000015 79874.250000000015 72040.414062500015 134.50000000000003 67826.500000000015 60001.000000000007 57800.500000000007 56593.500000000007 70420.500000000015 69760.000000000015 67781.250000000015 58905.000000000007 63652.500000000007 63360.000000000007 72070.500000000015 72342.875000000015 68552.250000000015 62386.250000000007 74048.750000000015 69906.000000000015 24327926.000000004 61760.500000000007 14445489.500000002 71974.000000000015 64097.917968750007 62072.000000000007
decision_type=2 2 2 2 2 2 2 2 2 2 2 2 2 2 2 2 2 2 2 2 2 2 2 2 2 2 2 2 2 2
left_child=1 2 9 22 6 -6 8 -8 -5 10 11 20 18 14 15 -12 -13 -18 -11 -20 21 27 23 -2 26 -26 -25 28 29 -1
right_child=3 -3 -4 4 5 -7 7 -9 -10 12 13 16 -14 -15 -16 -17 17 -19 19 -21 -22 -23 -24 24 25 -27 -28 -29 -30 -31
leaf_value=0.00021103613320261512 -0.0029859311539391794 0.0050741626758180145 0.0052436216381089445 0.0033093423661874964 -0.0041163932580578454 -0.0001234387041407894 0.0075461332615351503 -0.00057122261625611127 -0.0037453022284898909 -0.00072683945126343706 -0.00076746005797758701 0.0002464626543223858 0.0029825748816742943 0.0068214769753056669 -0.002448334410372708 0.008263587446085045 -0.0097292202338576314 -0.0024686897104537046 -0.0069047413073862213 -0.00089253069600090393 -0.0037581484557853806 0.0063700895925814464 -0.0045533768648869898 0.00072669567307457337 0.0010541523224674165 0.0079608552984427663 -0.0057125009744512763 -0.0028914615965615481 0.005067566096444022 -0.0019685781023536741
leaf_weight=1986 114 36 29 47 36 1402 39 36 40 105 24 25 37 31 27 21 20 27 39 28 27 33 38 24 35 20 22 39 22 91
leaf_count=1986 114 36 29 47 36 1402 39 36 40 105 24 25 37 31 27 21 20 27 39 28 27 33 38 24 35 20 22 39 22 91
internal_value=-2.06556e-12 0.000176553 0.000109025 -0.000252205 -2.61181e-05 -0.000223401 0.00172508 0.0036498 6.58276e-05 5.13557e-05 0.000165545 4.06881e-05 -0.00124516 0.00291725 0.00123627 0.00344703 -0.00354274 -0.00555828 -0.00215462 -0.00439218 0.000158071 0.000206775 -0.001682 -0.0011745 0.00087008 0.00356568 -0.00235292 0.000111645 0.000167443 0.00011554
internal_weight=4500 2647 2611 1853 1600 1438 162 75 87 2582 2373 2270 209 103 72 45 72 47 172 67 2198 2171 253 215 101 55 46 2138 2099 2077
internal_count=4500 2647 2611 1853 1600 1438 162 75 87 2582 2373 2270 209 103 72 45 72 47 172 67 2198 2171 253 215 101 55 46 2138 2099 2077
is_linear=0
shrinkage=0.1


Tree=40
num_leaves=31
num_cat=0
split_feature=1 1 4 1 1 1 1 5 5 7 3 7 7 3 8 6 7 3 10 7 7 1 3 7 5 6 9 8 4 8
split_gain=0.0181395 0.0335562 0.032788 0.0322426 0.0499591 0.0467464 0.0732283 0.0394684 0.0593709 0.0350613 0.0524817 0.0426679 0.0316495 0.0312729 0.0308599 0.030179 0.0272851 0.0218209 0.0461336 0.101619 0.0473849 0.104296 0.0411039 0.0237909 0.0726407 0.0246209 0.069584 0.043405 0.0423387 0.0577944
threshold=77.500000000000014 86.500000000000014 14759.000000000002 92.500000000000014 90.500000000000014 96.500000000000014 100.50000000000001 67096.500000000015 82791.000000000015 1371899.0000000002 49849.000000000007 2794787.3750000005 3262389.6250000005 55657.000000000007 59661.000000000007 50102.332031250007 2361570.0000000005 31189.000000000004 38295.500000000007 8510843.5000000019 3759388.3750000005 127.50000000000001 39454.000000000007 4315418.2500000009 58061.500000000007 46630.666015625007 45422.750000000007 43372.125000000007 43523.000000000007 51065.375000000007
decision_type=2 2 2 2 2 2 2 2 2 2 2 2 2 2 2 2 2 2 2 2 2 2 2 2 2 2 2 2 2 2
left_child=-1 -2 -3 4 -4 14 7 13 -9 10 -8 16 -13 -7 15 -5 -11 -14 19 -19 21 -20 -22 24 -24 26 -25 -28 -27 -30
right_child=1 2 3 5 -6 6 9 8 -10 11 -12 12 17 -15 -16 -17 -18 18 20 -21 22 -23 23 25 -26 28 27 -29 29 -31
leaf_value=0.002633707316216225 -0.0027953701115451582 0.0032524710748299598 3.6699037688473865e-05 -0.0037282313441392035 0.0060853503390469335 0.0026165442026563381 -0.0063446909760717643 0.0082570128815253451 0.00087979525502305481 0.00089574004699487339 0.0003521750010550022 -0.0032167091161682039 0.002583566779691366 -0.0022687543532811105 -0.0054601776674389844 0.0017653132462874055 0.0045694105668614314 -0.0066985730011241904 0.0085767105966806419 0.00064233400731940164 0.0032935160263958905 -0.0011117634084075688 -0.0068479223735630514 0.00011386965528293976 0.0013924227784509245 -0.0010555338240350127 0.0015407627541208059 0.0071665481819460797 0.0013291058861719992 -0.00016422554806181896
leaf_weight=26 43 31 36 20 22 38 22 24 20 62 25 32 31 20 25 20 30 33 20 44 36 25 20 302 23 455 32 24 287 2672
leaf_count=26 43 31 36 20 22 38 22 24 20 62 25 32 31 20 25 20 30 33 20 44 36 25 20 302 23 455 32 24 287 2672
internal_value=2.11011e-12 -1.53054e-05 1.16733e-05 -1.11596e-05 0.00233102 -4.24461e-05 -1.99629e-06 0.00264527 0.00490373 -6.66721e-05 -0.00278253 -3.57503e-05 -8.42902e-05 0.000931958 -0.00270404 -0.000981459 0.00209368 -5.92559e-05 -7.9877e-05 -0.00250377 -3.19715e-05 0.00319423 -6.96705e-05 -0.000101407 -0.0024403 -7.47442e-05 0.000714218 0.00395181 -0.000157477 -1.9384e-05
internal_weight=4500 4474 4431 4400 58 4342 4277 102 44 4175 47 4128 4036 58 65 40 92 4004 3973 77 3896 45 3851 3815 43 3772 358 56 3414 2959
internal_count=4500 4474 4431 4400 58 4342 4277 102 44 4175 47 4128 4036 58 65 40 92 4004 3973 77 3896 45 3851 3815 43 3772 358 56 3414 2959
is_linear=0
shrinkage=0.1


Tree=41
num_leaves=31
num_cat=0
split_feature=8 3 1 1 9 6 3 5 5 7 7 7 7 10 7 10 6 8 9 9 7 7 5 9 8 4 1 8 4 1
split_gain=0.0169981 0.0196244 0.0229678 0.0199046 0.0577696 0.0845417 0.0341876 0.0572383 0.101493 0.0834552 0.045499 0.0819518 0.0456463 0.0430377 0.0400343 0.0313252 0.047377 0.0323407 0.0597932 0.0547097 0.0454814 0.0623912 0.0499298 0.0407898 0.0729909 0.0905151 0.069981 0.0589163 0.0586479 0.109501
threshold=99764.375000000015 118138.50000000001 125.50000000000001 131.50000000000003 35018.000000000007 38551.250000000007 46127.000000000007 49980.000000000007 52180.500000000007 25159347.000000004 3398868.0000000005 5221033.7500000009 4315418.2500000009 44806.500000000007 1829220.6875000002 52152.500000000007 47956.083984375007 45743.125000000007 50766.250000000007 49389.250000000007 6235447.0000000009 7677308.2500000009 58317.500000000007 66876.000000000015 60684.625000000007 55191.000000000007 142.50000000000003 55162.000000000007 60587.500000000007 136.50000000000003
decision_type=2 2 2 2 2 2 2 2 2 2 2 2 2 2 2 2 2 2 2 2 2 2 2 2 2 2 2 2 2 2
left_child=1 3 -3 -1 -5 -6 13 -8 9 -9 14 12 -12 -7 -10 -13 -17 19 -19 -18 -20 -22 -23 24 25 26 -24 -28 29 -26
right_child=-2 2 -4 4 5 6 7 8 10 -11 11 15 -14 -15 -16 16 17 18 20 -21 21 22 23 -25 28 -27 27 -29 -30 -31
leaf_value=0.00017982461395007367 -0.0015690592439836218 -0.00040344963222742087 0.0036418641670024955 0.0050917733064852659 -0.0059733938569059737 -0.0012944975960999727 -0.0044296404629042656 0.0081440816203562118 0.0002962177430856086 -0.00044811198487877847 0.001012495884914761 -0.0035220480223576872 0.0075446774810552595 0.0046554621894873928 -0.0052266743857347017 0.0042958898824343294 0.00053479334092116921 0.0036371898757734974 -0.0044476885115727781 -0.0051117276508562473 0.0047505655808587717 -0.0040673090086784216 -0.00052381736013264733 -0.00074703709027332244 0.0097005431385089949 -0.0038831449228159173 0.00082534328895336436 0.0056922819489907276 -0.0019974474702030422 0.0016051962040364743
leaf_weight=2558 68 25 32 20 26 20 33 26 21 20 23 31 20 31 35 22 32 38 27 37 24 36 248 781 24 57 72 38 20 55
leaf_count=2558 68 25 32 20 26 20 33 26 21 20 23 31 20 31 35 22 32 38 27 37 24 36 248 781 24 57 72 38 20 55
internal_value=4.82291e-12 2.4074e-05 0.0018676 5.54601e-08 -0.000253026 -0.000312512 -0.000229405 -0.000305061 -0.000224379 0.00440835 -0.000354242 -0.000255267 0.00405072 0.00232214 -0.00315559 -0.000375343 -0.000310785 -0.000378848 -0.000276116 -0.00249305 -0.000383718 -0.000302738 -0.000393857 -0.000291738 0.000400069 -0.000181963 0.000407332 0.00250665 0.0028399 0.00406454
internal_weight=4500 4432 57 4375 1817 1797 1771 1720 1687 46 1641 1585 43 51 56 1542 1511 1489 1420 69 1382 1355 1331 1295 514 415 358 110 99 79
internal_count=4500 4432 57 4375 1817 1797 1771 1720 1687 46 1641 1585 43 51 56 1542 1511 1489 1420 69 1382 1355 1331 1295 514 415 358 110 99 79
is_linear=0
shrinkage=0.1


Tree=42
num_leaves=31
num_cat=0
split_feature=7 4 10 10 5 7 5 5 9 7 9 3 5 8 8 9 5 3 5 3 4 8 7 4 5 10 1 9 8 10
split_gain=0.0148809 0.0259515 0.0214261 0.0185448 0.0730998 0.0603988 0.0439533 0.0592824 0.0403621 0.0238063 0.0471145 0.0230715 0.0447975 0.0354738 0.12575 0.0446723 0.0408381 0.0321799 0.0308349 0.0544136 0.0369328 0.0283505 0.0757171 0.0276749 0.0270591 0.0461031 0.0931413 0.0526442 0.0693769 0.0477833
threshold=339543776.00000006 61760.500000000007 87702.125000000015 95473.250000000015 97151.500000000015 134364424.00000003 101085.50000000001 104204.00000000001 86018.750000000015 287250832.00000006 87563.250000000015 89303.500000000015 90081.000000000015 68154.875000000015 70802.500000000015 79784.000000000015 94977.000000000015 94147.500000000015 87390.500000000015 86846.500000000015 67998.500000000015 82881.250000000015 55898732.000000007 58309.000000000007 86509.000000000015 82914.250000000015 124.50000000000001 78902.750000000015 75329.125000000015 81827.250000000015
decision_type=2 2 2 2 2 2 2 2 2 2 2 2 2 2 2 2 2 2 2 2 2 2 2 2 2 2 2 2 2 2
left_child=3 2 -2 4 11 -6 8 -8 -5 10 -9 18 -13 23 -15 -16 17 21 19 24 -20 22 -17 -14 25 27 -27 28 29 -1
right_child=1 -3 -4 6 5 -7 7 9 -10 -11 -12 12 13 14 15 16 -18 -19 20 -21 -22 -23 -24 -25 -26 26 -28 -29 -30 -31
leaf_value=9.2094689944665232e-05 0.0025483476920411564 0.0030966770142272469 -0.00082681538511036813 -0.006331779709382152 0.0068534812831785533 0.0007659652795738135 0.0024585464367243865 0.0034244003464226369 -0.00142134088873198 -0.0036928688838648114 -0.0010207474146263136 -0.0044577677580227536 -0.00058104305771382477 -0.0069070399651536725 0.0036637448671239395 0.005258314367383719 0.0020000987600437121 -0.0050434467261463098 0.0031076096033129819 -0.0052145309094339606 5.7126029342826876e-05 -0.0039541551045009071 -0.0024959286620073462 0.0031399931717936767 0.0029577506646033258 -0.0078909839831546643 -0.00044414138513236816 0.003657754434971139 -0.0047004105222802012 -0.0037916322791716086
leaf_weight=3163 26 42 68 22 28 39 70 27 70 26 204 31 39 32 27 20 38 24 71 20 90 21 34 41 31 22 71 40 31 32
leaf_count=3163 26 42 68 22 28 39 70 27 70 26 204 31 39 32 27 20 38 24 71 20 90 21 34 41 31 22 71 40 31 32
internal_value=9.29807e-13 0.0010301 0.00010674 -3.21022e-05 3.50796e-05 0.00331 -0.000664637 -0.000121376 -0.00259558 -0.000824079 -0.000501185 -2.15011e-05 -0.000853379 -0.000448539 -0.00117284 -5.39659e-05 -0.000786653 -0.00185632 5.00158e-05 -1.38344e-05 0.00140237 -0.000836434 0.000376013 0.00132599 1.68482e-05 -1.02932e-05 -0.00220576 5.22231e-05 7.51722e-06 5.31966e-05
internal_weight=4500 136 94 4364 3945 67 419 327 92 257 231 3878 307 276 196 164 137 99 3571 3410 161 75 54 80 3390 3359 93 3266 3226 3195
internal_count=4500 136 94 4364 3945 67 419 327 92 257 231 3878 307 276 196 164 137 99 3571 3410 161 75 54 80 3390 3359 93 3266 3226 3195
is_linear=0
shrinkage=0.1


Tree=43
num_leaves=31
num_cat=0
split_feature=1 7 4 4 9 7 4 1 3 4 4 9 8 10 4 8 5 4 8 3 6 8 6 1 1 8 4 7 9 7
split_gain=0.0148215 0.0302542 0.0623069 0.0378672 0.0773485 0.0520333 0.0437654 0.0318129 0.039547 0.0291977 0.0767086 0.0288593 0.0385186 0.0363101 0.0454503 0.0451035 0.0413333 0.0576225 0.0678691 0.0363903 0.03243 0.0469807 0.0326307 0.0430522 0.0349978 0.0319155 0.0284107 0.0272894 0.0223223 0.0196435
threshold=140.50000000000003 8510843.5000000019 45539.500000000007 74269.000000000015 86018.750000000015 10564117.000000002 70654.000000000015 147.50000000000003 58952.000000000007 67998.500000000015 66246.000000000015 43123.750000000007 42977.250000000007 63094.250000000007 48179.500000000007 49228.625000000007 73526.500000000015 49920.500000000007 59011.000000000007 69333.500000000015 69296.917968750015 59166.875000000007 72746.582031250015 145.50000000000003 142.50000000000003 55009.125000000007 61235.500000000007 41200182.000000007 91363.500000000015 1133249.8125000002
decision_type=2 2 2 2 2 2 2 2 2 2 2 2 2 2 2 2 2 2 2 2 2 2 2 2 2 2 2 2 2 2
left_child=29 2 -2 5 -5 -3 9 8 -4 10 11 -7 -13 14 15 27 17 -15 -19 -20 21 25 23 -22 -24 -18 -26 -14 -6 -1
right_child=1 3 7 4 28 6 -8 -9 -10 -11 -12 12 13 16 -16 -17 20 18 19 -21 22 -23 24 -25 26 -27 -28 -29 -30 -31
leaf_value=0.0025929776906606656 -0.0069688177826174071 0.0051645038079004739 0.00083475601377672171 -0.0066429574275389319 0.0023712735538455577 0.0030184091088206817 0.0033600160670984123 0.0022337962016463278 -0.0040687137454944221 -0.0033266232188405662 0.004759415952890601 -0.0043565367618575695 -0.00029939295115670369 0.00085000647579565542 0.0046860699084234131 -0.003904954737074496 0.0018740456027444452 -0.0081382875796407461 0.0010715127011518117 -0.0044948598602786664 -0.0058660432655415207 0.0039857764146290723 0.0032568512215780526 -0.00011129907719665566 -0.002993362444072232 -0.0033388650773659998 0.00080703524429173691 0.004369436949491501 -0.0014396836885305891 6.5011485586268465e-05
leaf_weight=31 20 20 29 26 22 24 36 25 38 29 31 25 31 36 29 21 24 26 23 24 26 40 26 26 37 23 42 21 51 3638
leaf_count=31 20 20 29 26 22 24 36 25 38 29 31 25 31 36 29 21 24 26 23 24 26 40 26 26 37 23 42 21 51 3638
internal_value=3.45032e-12 -0.000381341 -0.00191013 -0.000143198 -0.00195932 0.000146796 -2.04613e-05 -0.000810416 -0.00194632 -0.000236236 -6.87201e-05 -0.000365689 -0.000534894 -0.000324913 0.00133695 6.4787e-06 -0.000805112 -0.0024241 -0.00403873 -0.00177089 -8.18748e-05 0.00146683 -0.000940075 -0.00298867 7.44686e-05 -0.000676953 -0.000972898 0.0015861 -0.000291176 8.63707e-05
internal_weight=4500 831 112 719 99 620 600 92 67 564 535 504 480 455 102 73 353 109 73 47 244 87 157 52 105 47 79 52 73 3669
internal_count=4500 831 112 719 99 620 600 92 67 564 535 504 480 455 102 73 353 109 73 47 244 87 157 52 105 47 79 52 73 3669
is_linear=0
shrinkage=0.1


Tree=44
num_leaves=31
num_cat=0
split_feature=1 1 4 1 7 1 1 8 4 7 3 7 8 8 5 7 3 10 7 3 6 5 9 7 7 7 7 1 7 10
split_gain=0.0141597 0.0278022 0.0250257 0.0252675 0.0452503 0.0394326 0.0581262 0.0347283 0.0364928 0.0325801 0.043273 0.0375505 0.0258402 0.0251744 0.025069 0.0224521 0.0207751 0.0382974 0.0784395 0.030272 0.025779 0.0759441 0.038398 0.0279258 0.0809123 0.0709941 0.0519885 0.0393694 0.0463753 0.0378847
threshold=77.500000000000014 86.500000000000014 14759.000000000002 92.500000000000014 27853169.000000004 96.500000000000014 100.50000000000001 59166.875000000007 33873.000000000007 1371899.0000000002 49849.000000000007 2794787.3750000005 46296.500000000007 59661.000000000007 58061.500000000007 2361570.0000000005 31189.000000000004 38295.500000000007 8510843.5000000019 39454.000000000007 38958.250000000007 45076.500000000007 35799.750000000007 18266954.000000004 16547563.000000002 18976614.000000004 13650876.000000002 132.50000000000003 17380433.000000004 68173.500000000015
decision_type=2 2 2 2 2 2 2 2 2 2 2 2 2 2 2 2 2 2 2 2 2 2 2 2 2 2 2 2 2 2
left_child=-1 -2 -3 4 -4 13 7 8 -7 10 -8 15 -10 14 -5 -11 -13 18 -18 -19 22 -22 -21 24 26 -25 29 -26 -29 -23
right_child=1 2 3 5 -6 6 9 -9 12 11 -12 16 -14 -15 -16 -17 17 19 -20 20 21 23 -24 25 27 -27 -28 28 -30 -31
leaf_value=0.0023269205783995298 -0.0025440348244575393 0.0028423454695110841 -0.0011446030139923096 -0.0034287541621597487 0.004495638143271208 0.0044443928509611983 -0.0059096593116092586 0.0050272332197478552 -0.0030994040026728598 0.00088370561472050132 0.00017135730385780336 0.0024650549457874149 0.0016168909752965332 -0.0049704739712178713 0.0015781394427176567 0.0042161710092720271 -0.0059871804870481639 0.002687168014235795 0.00046237174802544442 0.0011191678161804493 0.0045286984105284015 -6.0986635268948572e-05 -0.0036887265903794253 0.0046085420557681256 -0.0053147272605981143 1.1768005970289186e-05 0.0014297730650287121 -0.0041574311326257885 0.0023625941947102548 -0.001638056986812292
leaf_weight=26 43 31 25 20 33 22 22 33 21 62 25 32 26 25 20 30 33 40 44 26 36 420 46 34 49 2843 150 24 20 239
leaf_count=26 43 31 25 20 33 22 22 33 21 62 25 32 26 25 20 30 33 40 44 26 36 420 46 34 49 2843 150 24 20 239
internal_value=1.50855e-13 -1.35226e-05 1.10344e-05 -8.91344e-06 0.0020645 -3.66099e-05 5.41037e-07 0.00235909 0.00108302 -5.7081e-05 -0.00267508 -2.72734e-05 -0.00049039 -0.00248114 -0.000925307 0.00197038 -7.28095e-05 -9.30922e-05 -0.00230172 -4.97857e-05 -7.79509e-05 -4.2572e-05 -0.00195254 -8.61194e-05 -0.00057161 6.60921e-05 -0.000250487 -0.00336503 -0.00119378 -0.000632944
internal_weight=4500 4474 4431 4400 58 4342 4277 102 69 4175 47 4128 47 65 40 92 4036 4004 77 3927 3887 3815 72 3779 902 2877 809 93 44 659
internal_count=4500 4474 4431 4400 58 4342 4277 102 69 4175 47 4128 47 65 40 92 4036 4004 77 3927 3887 3815 72 3779 902 2877 809 93 44 659
is_linear=0
shrinkage=0.1


Tree=45
num_leaves=31
num_cat=0
split_feature=10 8 4 5 7 3 7 3 10 1 1 5 1 4 9 6 10 5 5 8 3 5 7 7 4 4 3 3 9 9
split_gain=0.014644 0.0545986 0.027024 0.0411818 0.0269873 0.0165654 0.0151708 0.0297104 0.0187916 0.0533878 0.0787596 0.0849281 0.0658146 0.0463387 0.0835297 0.0696927 0.0753428 0.0427287 0.0343445 0.0224602 0.0255195 0.0222667 0.0215765 0.0481223 0.0383597 0.0857198 0.0349822 0.0778466 0.0814454 0.102838
threshold=36737.875000000007 28924.500000000004 14759.000000000002 39493.500000000007 15447408.500000002 34622.000000000007 1371899.0000000002 51146.000000000007 49250.500000000007 97.500000000000014 115.50000000000001 48503.000000000007 124.50000000000001 34077.500000000007 37106.250000000007 43150.832031250007 43773.125000000007 50543.000000000007 48910.500000000007 40082.250000000007 41226.000000000007 49726.000000000007 12620226.500000002 12188422.000000002 46389.500000000007 47613.000000000007 52232.500000000007 55098.500000000007 56866.750000000007 57889.000000000007
decision_type=2 2 2 2 2 2 2 2 2 2 2 2 2 2 2 2 2 2 2 2 2 2 2 2 2 2 2 2 2 2
left_child=1 4 -2 -4 -1 -3 7 -5 9 -8 18 13 -13 14 -12 16 -15 -10 19 20 -11 -14 23 24 -19 -26 -27 -28 -29 -30
right_child=2 5 3 6 -6 -7 8 -9 17 10 11 12 21 15 -16 -17 -18 22 -20 -21 -22 -23 -24 -25 25 26 27 28 29 -31
leaf_value=0.0010961000068003641 0.0034631407227028507 0.002051887150596956 -0.0035171372213346121 -0.0047223924938589335 -0.0023269370309121555 0.0056908314031633468 -0.0037239957260541048 0.00044861918687820435 -0.0045693427008310595 0.005672524153040006 0.00089906811481341728 -0.0014764366413666202 0.006916875337165865 -0.00021057549591471512 -0.0057538757424639621 -0.0031999500946620026 0.0071551425781633182 -0.003434220303852971 -0.00021414560753674737 0.0072316530393436553 0.0014547026890795679 0.0029732576798556782 5.6017802932453411e-05 -0.0048038724451684037 0.0056551902477319045 -0.0040331680363473984 0.0044211919722852841 -0.0040416149469092487 0.0067219837701746402 -0.00046970118276860797
leaf_weight=51 22 29 34 20 42 22 26 25 21 26 32 28 22 41 46 37 21 39 21 20 32 41 3238 26 24 26 33 60 21 374
leaf_count=51 22 29 34 20 42 22 26 25 21 26 32 28 22 41 46 37 21 39 21 20 32 41 3238 26 24 26 33 60 21 374
internal_value=3.25298e-12 0.000992172 -3.27991e-05 -5.0545e-05 -0.000449788 0.00362163 -2.31347e-05 -0.00184961 -3.81829e-06 0.000654964 0.00096519 7.48236e-05 0.00255752 -0.00120159 -0.00302446 0.000234609 0.00228426 -7.08565e-05 0.00337548 0.00434191 0.00334545 0.00435039 -4.62618e-05 -0.000595485 -0.000405852 -0.000186323 -0.000459079 -0.000268656 -0.000608799 -8.73584e-05
internal_weight=4500 144 4356 4334 93 51 4300 45 4255 393 367 268 91 177 78 99 62 3862 99 78 58 63 3841 603 577 538 514 488 455 395
internal_count=4500 144 4356 4334 93 51 4300 45 4255 393 367 268 91 177 78 99 62 3862 99 78 58 63 3841 603 577 538 514 488 455 395
is_linear=0
shrinkage=0.1


Tree=46
num_leaves=31
num_cat=0
split_feature=7 7 1 5 9 7 1 7 7 7 7 9 10 3 7 1 1 1 1 8 6 4 8 1 5 10 3 7 4 4
split_gain=0.0147391 0.0227894 0.0689499 0.0486035 0.034715 0.0229009 0.0183498 0.0715704 0.0449131 0.0308637 0.045153 0.0696238 0.0893305 0.0835929 0.0917777 0.0757225 0.0629705 0.0795413 0.0446602 0.036104 0.0340922 0.0990607 0.0770481 0.0664043 0.041065 0.0458667 0.0407561 0.0356887 0.0544505 0.0296864
threshold=1133249.8125000002 2508322.7500000005 117.50000000000001 59473.500000000007 49690.750000000007 2966941.1250000005 116.50000000000001 3759388.3750000005 3398868.0000000005 132054092.00000001 60318916.000000007 69906.000000000015 78983.125000000015 66562.000000000015 36009466.000000007 104.50000000000001 111.50000000000001 102.50000000000001 108.50000000000001 43857.500000000007 46630.666015625007 43680.500000000007 40082.250000000007 110.50000000000001 45076.500000000007 38295.500000000007 41226.000000000007 24165171.000000004 49067.000000000007 71855.500000000015
decision_type=2 2 2 2 2 2 2 2 2 2 2 2 2 2 2 2 2 2 2 2 2 2 2 2 2 2 2 2 2 2
left_child=-1 2 -2 4 -4 -3 7 -7 -8 10 11 13 18 14 20 -14 17 -15 -13 -16 22 -22 24 27 25 -9 -27 28 -23 -17
right_child=1 5 3 -5 -6 6 8 9 -10 -11 -12 12 15 16 19 29 -18 -19 -20 -21 21 23 -24 -25 -26 26 -28 -29 -30 -31
leaf_value=0.0020153025954237416 -0.0051002704112657476 0.0025310533328188793 -0.00029845247390093628 -0.0033885732215518751 0.0050529010654744612 0.005766732206878563 -0.004338097486644983 -0.0011928006594202349 -8.3445962971195241e-05 0.0014201104028855685 -0.0012819058089119811 0.0090216424548998485 -0.0043366825046098753 -0.0010824642288498581 0.00095802466205966016 -0.00031237242898593347 0.00073514989843325958 -0.008910377573704829 0.0027069621985512122 0.0057446889183484021 -0.0078950629127211881 0.0041380565655841075 0.0046955338765033768 -0.0030809862048884569 -0.0042493158303525142 0.0062582862925773947 8.5917260983715891e-05 0.0051827111095190045 -0.0022467000409960749 0.004228066283071207
leaf_weight=36 35 36 27 24 22 24 25 70 3283 181 211 24 23 25 26 24 28 27 21 40 20 22 38 52 23 20 23 20 34 36
leaf_count=36 35 36 27 24 22 24 25 70 3283 181 211 24 23 25 26 24 28 27 21 40 20 22 38 52 23 20 23 20 34 36
internal_value=-2.34231e-12 -1.62524e-05 -0.0014512 0.000298354 0.0021042 1.93248e-05 -1.6063e-06 0.000371014 -0.0001156 0.000239944 -2.47525e-05 0.000420314 0.002487 -0.000144933 0.000461931 0.000541804 -0.00308822 -0.00514696 0.00607479 0.00385903 -0.00023437 -0.00135006 0.000714608 -0.000327403 -0.000397709 0.000386246 0.00295679 0.00155663 0.000261597 0.00241189
internal_weight=4500 4464 108 73 49 4356 4320 1012 3308 988 807 596 128 468 388 83 80 52 45 66 322 148 174 128 136 113 43 76 56 60
internal_count=4500 4464 108 73 49 4356 4320 1012 3308 988 807 596 128 468 388 83 80 52 45 66 322 148 174 128 136 113 43 76 56 60
is_linear=0
shrinkage=0.1


Tree=47
num_leaves=31
num_cat=0
split_feature=10 8 10 7 3 1 7 1 1 8 9 8 9 4 4 3 9 4 4 3 6 8 9 7 5 6 4 4 5 5
split_gain=0.0134341 0.0433178 0.0226299 0.0221869 0.0177751 0.0390015 0.0204825 0.104794 0.0498229 0.0399074 0.0156208 0.0325826 0.0190843 0.0352759 0.0382494 0.0208807 0.0559855 0.0681148 0.0481516 0.0434972 0.0572277 0.0506321 0.113026 0.0654101 0.0481625 0.0431427 0.0373637 0.075221 0.0387562 0.0781365
threshold=36737.875000000007 28924.500000000004 38295.500000000007 15447408.500000002 38839.000000000007 116.50000000000001 2508322.7500000005 117.50000000000001 137.50000000000003 54329.000000000007 34009.000000000007 32378.625000000004 38100.500000000007 27679.000000000004 31180.000000000004 48063.000000000007 40611.500000000007 35893.500000000007 37247.000000000007 51366.000000000007 45107.750000000007 48469.625000000007 45422.750000000007 8988964.5000000019 57148.000000000007 43838.416015625007 39455.000000000007 38892.500000000007 52471.000000000007 53928.500000000007
decision_type=2 2 2 2 2 2 2 2 2 2 2 2 2 2 2 2 2 2 2 2 2 2 2 2 2 2 2 2 2 2
left_child=1 3 -2 -1 5 -4 7 -6 9 -9 -8 -12 -13 -14 -15 16 -16 -18 -19 21 -21 22 25 -24 -23 -17 27 -22 -28 -30
right_child=2 -3 4 -5 6 -7 10 8 -10 -11 11 12 13 14 15 19 17 18 -20 20 26 24 23 -25 -26 -27 28 -29 29 -31
leaf_value=0.0010675850707818481 -0.0025282377014971442 0.0032924152849077739 0.0052579455776140096 -0.0020361167866559254 -0.0066689963103272023 -0.0006666937842965126 0.0027929552577552388 0.0044736425246810546 -0.0027727278647944331 -0.00098731797998366142 -0.0027796043482209956 0.0022505148608041436 0.0030726498353524714 -0.0029957412939713621 -0.00194122042488672 -0.0013385552375649032 0.0060741399775349333 -0.0034039725972847506 0.0017095684858831782 0.0037318598880807345 -0.00067004676323969246 -0.0081470027030445639 0.0070047922609817424 -9.3512901324121399e-05 -0.001721882515786482 -0.0074326091046844206 -0.0039531251997686921 -0.0068884733641012153 0.0047134979873792171 2.9503997174781436e-05
leaf_weight=51 36 51 20 42 28 25 20 32 32 23 42 38 37 43 51 26 31 22 113 41 168 20 21 34 28 21 24 22 36 3322
leaf_count=51 36 51 20 42 28 25 20 32 32 23 42 38 37 43 51 26 31 22 113 41 168 20 21 34 28 21 24 22 36 3322
internal_value=-6.64756e-12 0.000950299 -3.14149e-05 -0.000334087 -1.0608e-05 0.00196648 -3.14195e-05 -0.00134792 0.000364609 0.00218997 4.97423e-06 -8.49428e-06 1.99066e-05 -9.71059e-07 -2.92395e-05 2.81064e-06 0.000956636 0.00184694 0.000876251 -5.21934e-05 1.70814e-05 -0.00172079 -0.000460451 0.00261675 -0.00439902 -0.00406143 -2.55574e-05 -0.00139008 5.11009e-05 7.97195e-05
internal_weight=4500 144 4356 93 4320 45 4275 115 87 55 4160 4140 4098 4060 4023 3980 217 166 135 3763 3613 150 102 55 48 47 3572 190 3382 3358
internal_count=4500 144 4356 93 4320 45 4275 115 87 55 4160 4140 4098 4060 4023 3980 217 166 135 3763 3613 150 102 55 48 47 3572 190 3382 3358
is_linear=0
shrinkage=0.1


Tree=48
num_leaves=31
num_cat=0
split_feature=7 7 1 4 3 7 1 1 3 7 7 3 4 1 1 3 3 1 10 4 7 6 6 7 7 7 5 9 7 1
split_gain=0.0132077 0.0169289 0.0507729 0.0637705 0.0406711 0.0183045 0.0972145 0.0488634 0.0199762 0.0127446 0.0730856 0.0566555 0.0615756 0.0589912 0.0507971 0.100271 0.0742346 0.0638419 0.0642443 0.0641454 0.0470141 0.0441037 0.066921 0.0675373 0.0838303 0.0819701 0.0440985 0.058842 0.0440873 0.0569951
threshold=1133249.8125000002 2508322.7500000005 110.50000000000001 43523.000000000007 52232.500000000007 3949482.5000000005 126.50000000000001 137.50000000000003 40621.000000000007 18266954.000000004 16547563.000000002 49849.000000000007 47994.000000000007 131.50000000000003 102.50000000000001 58952.000000000007 42460.000000000007 123.50000000000001 77734.000000000015 62504.500000000007 18976614.000000004 32604.833007812504 37383.917968750007 9285190.0000000019 5221033.7500000009 10564117.000000002 58646.500000000007 47014.750000000007 14017820.000000002 135.50000000000003
decision_type=2 2 2 2 2 2 2 2 2 2 2 2 2 2 2 2 2 2 2 2 2 2 2 2 2 2 2 2 2 2
left_child=-1 2 -2 -4 -5 6 8 -8 -3 10 14 -12 -13 -14 15 16 -7 18 19 21 -11 -16 -23 24 -24 -25 27 -27 -19 -30
right_child=1 5 3 4 -6 9 7 -9 -10 20 11 12 13 -15 17 -17 -18 28 -20 -21 -22 22 23 25 -26 26 -28 -29 29 -31
leaf_value=0.0019077326368359437 -0.0054203525833461594 0.0011625835159793495 0.0042424885012830298 -0.005280292567543008 9.7009017526243754e-05 0.003781032878584389 -0.0056282070798001124 0.00038237297558225692 0.0049359621460291943 0.0036715530221247011 0.0017409273465587337 -0.0086535589237298292 -0.0054842854267917575 0.00054156562934319185 0.003112547618802637 0.0085166270477930097 -0.0035054232511255476 -5.7141150148356809e-05 0.0025076838339575464 -0.005917428724933416 3.7289319579722455e-05 -0.0070166896563023332 -0.0047380641202575402 -0.0084048810975880118 0.0024901568643091359 8.8765573404405427e-05 0.0018561669589521792 -0.0073277345765382059 0.0043975908550367296 -0.00029833201915607788
leaf_weight=36 23 20 24 22 39 29 21 38 47 36 22 21 32 33 20 20 27 444 36 36 3168 22 21 22 68 23 26 20 56 48
leaf_count=36 23 20 24 22 39 29 21 38 47 36 22 21 32 33 20 20 27 444 36 36 3168 22 21 22 68 23 26 20 56 48
internal_value=-1.24819e-12 -1.53849e-05 -0.00125214 -0.000124275 -0.00184235 1.52785e-05 0.00120301 -0.00175699 0.00380958 -2.01009e-05 -0.000326837 -0.0027875 -0.00394593 -0.00242501 -3.73478e-05 0.00243863 0.00026792 -0.000260833 -0.00144965 -0.00200183 7.81237e-05 -0.00136687 -0.00181038 -0.00117405 0.000784622 -0.00308967 -0.00139497 -0.00336077 0.000376961 0.00223024
internal_weight=4500 4464 108 85 61 4356 126 59 67 4230 1026 108 86 65 918 76 56 842 294 258 3204 222 202 180 89 91 69 43 548 104
internal_count=4500 4464 108 85 61 4356 126 59 67 4230 1026 108 86 65 918 76 56 842 294 258 3204 222 202 180 89 91 69 43 548 104
is_linear=0
shrinkage=0.1


Tree=49
num_leaves=31
num_cat=0
split_feature=9 3 9 6 4 6 4 1 1 1 4 4 4 5 3 10 4 10 10 5 9 7 8 9 3 8 1 1 3 4
split_gain=0.012877 0.0242002 0.0122211 0.0536431 0.0966633 0.0479663 0.0350639 0.0384427 0.0356372 0.0346571 0.0342977 0.0337745 0.031885 0.0260893 0.0424378 0.0682552 0.0447077 0.0352178 0.0234905 0.0714964 0.0387674 0.0342738 0.033055 0.0292039 0.0258861 0.0231976 0.0562303 0.0884264 0.0691368 0.0512432
threshold=106226.00000000001 118138.50000000001 79784.000000000015 79812.582031250015 72704.000000000015 81786.500000000015 63214.500000000007 105.50000000000001 118.50000000000001 116.50000000000001 65234.500000000007 72370.000000000015 73962.000000000015 83856.000000000015 87891.000000000015 86380.750000000015 74269.000000000015 89009.500000000015 95473.250000000015 94977.000000000015 99009.000000000015 90215320.000000015 75006.625000000015 87563.250000000015 106959.50000000001 71950.250000000015 112.50000000000001 121.50000000000001 84913.000000000015 64644.500000000007
decision_type=2 2 2 2 2 2 2 2 2 2 2 2 2 2 2 2 2 2 2 2 2 2 2 2 2 2 2 2 2 2
left_child=1 2 3 11 5 -5 8 -8 -4 12 -11 25 -9 -12 15 16 -15 -16 19 -19 21 -20 -23 -24 -22 29 -27 -28 -29 -1
right_child=-2 -3 6 4 -6 -7 7 9 -10 10 13 -13 -14 14 17 -17 -18 18 20 -21 24 22 23 -25 -26 26 27 28 -30 -31
leaf_value=0.00010445629858194601 -0.0012265256530511017 0.0026054780484021951 0.0013953525065021084 0.002941463900079282 0.0086342220380902293 -0.0025416342394978361 -0.0032239960431045783 -0.00022783331151003951 -0.0031818001461603367 0.0037645221665678994 -0.003899804916291032 -0.0028024924332774909 0.0039841600909556558 0.002846817799251188 -0.0043666860544666029 0.005280791300431114 -0.0031771915449228675 -0.0011422070392901882 -0.0033241666808775435 0.0037282963622904696 0.0043347256444394595 -0.0041406577929765697 0.0027603438094017971 -0.00098880741458583893 -0.0006361321122808891 0.0062367562134750185 -0.0048973589243056876 0.00036877068747399433 0.0069564511689047025 -0.0014381773404356746
leaf_weight=3175 84 36 22 39 20 27 37 32 75 21 20 42 41 22 24 34 28 81 73 48 20 21 31 63 22 20 24 66 21 231
leaf_count=3175 84 36 22 39 20 27 37 32 75 21 20 42 41 22 24 34 28 81 73 48 20 21 31 63 22 20 24 66 21 231
internal_value=1.65439e-12 2.33307e-05 2.10752e-06 7.58869e-05 0.00254392 0.000698378 -0.000376076 -9.86362e-05 -0.00214368 0.000100397 -0.00019238 1.65823e-05 0.00213781 -0.000363006 -0.000211538 0.00182399 -0.000526627 -0.000657973 -0.000410037 0.000670073 -0.00101584 -0.00162948 -0.000553722 0.000247615 0.00173094 5.00573e-05 0.0013559 0.000476466 0.0019589 -1.67416e-07
internal_weight=4500 4416 4380 3665 86 66 715 618 97 581 508 3579 73 487 467 84 50 383 359 129 230 188 115 94 42 3537 131 111 87 3406
internal_count=4500 4416 4380 3665 86 66 715 618 97 581 508 3579 73 487 467 84 50 383 359 129 230 188 115 94 42 3537 131 111 87 3406
is_linear=0
shrinkage=0.1


Tree=50
num_leaves=31
num_cat=0
split_feature=8 5 1 10 9 4 8 7 8 7 1 5 9 7 1 1 3 7 7 3 1 3 1 3 1 7 7 1 1 3
split_gain=0.0113521 0.0120999 0.0249593 0.0165597 0.0247906 0.0348864 0.0182162 0.0130357 0.0126552 0.0127285 0.0447137 0.0325907 0.0334791 0.0168664 0.075656 0.0417507 0.0167056 0.0129808 0.0629506 0.051066 0.0464781 0.0685153 0.0539975 0.052572 0.0448605 0.0350458 0.0712525 0.0460574 0.0328268 0.0433405
threshold=99764.375000000015 118138.50000000001 125.50000000000001 111464.50000000001 99009.000000000015 86455.000000000015 88553.125000000015 1133249.8125000002 86979.375000000015 2508322.7500000005 117.50000000000001 59473.500000000007 49690.750000000007 3949482.5000000005 126.50000000000001 137.50000000000003 40621.000000000007 18266954.000000004 16547563.000000002 49849.000000000007 102.50000000000001 57375.500000000007 106.50000000000001 42460.000000000007 135.50000000000003 22403071.000000004 23035277.000000004 106.50000000000001 123.50000000000001 59785.500000000007
decision_type=2 2 2 2 2 2 2 2 2 2 2 2 2 2 2 2 2 2 2 2 2 2 2 2 2 2 2 2 2 2
left_child=1 3 -3 4 5 6 7 -1 9 10 -9 12 -12 14 16 -16 -11 18 20 -20 21 23 -22 -15 -21 27 -27 -19 -24 -30
right_child=-2 2 -4 -5 -6 -7 -8 8 -10 13 11 -13 -14 17 15 -17 -18 25 19 24 22 -23 28 -25 -26 26 -28 -29 29 -31
leaf_value=0.0019272630375676923 -0.0012822640762726011 -0.00090222993614868488 0.0032136759446824304 -0.0025660044103860856 0.0026657380256801845 -0.0028078368431041865 0.0025201949868993516 -0.004065698948825764 -0.0024027689899825916 0.0010358795244246721 -0.00059235292590326734 -0.0029414224482717972 0.0046628752606920898 0.0033924839346958649 -0.0050433310821452852 0.00056725813127640225 0.0044865537415000991 -0.0025680329126232578 0.0015563889216123658 -0.0055945505011970043 -0.0050466085581675826 0.0073471558140590781 -0.0010448698728157653 -0.0028650799691677096 -0.00050720851151989056 -0.0044191285502165559 5.9238015619316832e-05 0.0018374354147639754 0.001275108396994002 -0.0005360060587494491
leaf_weight=35 68 26 34 25 35 44 29 34 22 20 27 21 22 29 21 36 47 27 22 52 23 20 263 25 26 36 2705 196 251 279
leaf_count=35 68 26 34 25 35 44 29 34 22 20 27 21 22 29 21 36 47 27 22 52 23 20 263 25 26 36 2705 196 251 279
internal_value=-5.05356e-13 1.96737e-05 0.00143012 3.17235e-07 1.50764e-05 -6.43872e-06 2.24417e-05 5.35395e-06 -1.06467e-05 1.93738e-06 -0.00109052 0.000354569 0.00176714 2.97979e-05 0.0011782 -0.0014998 0.0034565 -6.21673e-06 -0.000319729 -0.00269863 -5.24361e-05 0.00234727 -0.000270057 0.000495464 -0.00389877 9.84989e-05 4.19629e-07 0.00130404 -0.000131519 0.00032171
internal_weight=4500 4432 60 4372 4347 4312 4268 4239 4204 4182 104 70 49 4078 124 57 67 3954 990 100 890 74 816 54 78 2964 2741 223 793 530
internal_count=4500 4432 60 4372 4347 4312 4268 4239 4204 4182 104 70 49 4078 124 57 67 3954 990 100 890 74 816 54 78 2964 2741 223 793 530
is_linear=0
shrinkage=0.1


Tree=51
num_leaves=31
num_cat=0
split_feature=1 1 1 1 1 1 8 7 3 7 4 10 1 7 7 5 5 8 9 4 8 8 4 1 1 9 9 5 4 9
split_gain=0.0112665 0.0250431 0.0215735 0.0376713 0.030924 0.0406624 0.0616918 0.0270891 0.030642 0.0282707 0.0245651 0.033729 0.0735844 0.0256098 0.0328351 0.0300072 0.0377866 0.0244954 0.0471674 0.0230674 0.0215977 0.0353871 0.0320735 0.0319767 0.0914629 0.0466478 0.0247116 0.0309318 0.0942736 0.0362953
threshold=77.500000000000014 86.500000000000014 92.500000000000014 90.500000000000014 96.500000000000014 98.500000000000014 54208.625000000007 1371899.0000000002 49849.000000000007 2794787.3750000005 23130.000000000004 38295.500000000007 120.50000000000001 3262389.6250000005 3624368.2500000005 41031.000000000007 42392.500000000007 32378.625000000004 38100.500000000007 28320.000000000004 40772.250000000007 42679.250000000007 38487.000000000007 126.50000000000001 138.50000000000003 45249.250000000007 45044.250000000007 52471.000000000007 43680.500000000007 47993.750000000007
decision_type=2 2 2 2 2 2 2 2 2 2 2 2 2 2 2 2 2 2 2 2 2 2 2 2 2 2 2 2 2 2
left_child=-1 -2 3 -3 -4 6 -6 8 -7 -9 -11 12 -12 -13 -15 -16 -17 -18 -19 -20 22 23 -21 25 -25 -22 -23 28 29 -28
right_child=1 2 4 -5 5 7 -8 9 -10 10 11 13 -14 14 15 16 17 18 19 20 21 26 -24 24 -26 -27 27 -29 -30 -31
leaf_value=0.0020756241811725955 -0.0024137288245350817 -3.7776613356293861e-05 -0.0021625786761763845 0.0051876182435080416 -6.3867392500155956e-05 -0.0051237752745774664 0.0071554752252995972 0.0017459323543690794 -6.6488254815340045e-06 0.0017312492924527482 -0.0052588169358817769 -0.0028379637384205129 0.00096441507829647319 0.0034147198536499802 0.0034314237311482429 -0.0040854702177255051 -0.0027753626432968307 0.0042476805571753252 0.0033610435179434722 0.00048734205145434402 -0.0028015861332777049 0.0033739069654118454 0.0043047375068999824 -0.0068706221144759303 0.0016995275090448559 0.0030041682692244654 0.0016039611791948908 -1.692183187111266e-05 -0.0074202449506391658 -0.0031932602558905881
leaf_weight=26 43 37 66 22 29 22 20 92 25 78 38 32 38 28 25 23 32 26 20 184 31 21 25 33 20 25 46 3346 23 24
leaf_count=26 43 37 66 22 29 22 20 92 25 78 38 32 38 28 25 23 32 26 20 184 31 21 25 33 20 25 46 3346 23 24
internal_value=1.23942e-12 -1.20622e-05 1.12444e-05 0.00191068 -1.43883e-05 1.8538e-05 0.0028828 -1.4431e-05 -0.0024019 1.22224e-05 -2.65103e-05 -6.04472e-05 -0.0021472 -2.04388e-05 2.49116e-06 -2.19818e-05 -4.42388e-05 -2.0134e-05 2.92231e-06 -2.61361e-05 -4.40671e-05 -0.000101926 0.000943968 -0.00187601 -0.0036366 -0.000209731 -4.60376e-05 -6.69212e-05 -0.00186582 -4.08005e-05
internal_weight=4500 4474 4431 59 4372 4306 49 4257 47 4210 4118 4040 76 3964 3932 3904 3879 3856 3824 3798 3778 3569 209 109 53 56 3460 3439 93 70
internal_count=4500 4474 4431 59 4372 4306 49 4257 47 4210 4118 4040 76 3964 3932 3904 3879 3856 3824 3798 3778 3569 209 109 53 56 3460 3439 93 70
is_linear=0
shrinkage=0.1


Tree=52
num_leaves=31
num_cat=0
split_feature=1 9 5 3 8 9 9 8 9 9 6 4 9 4 10 7 7 4 4 4 4 9 9 8 4 1 6 6 5 7
split_gain=0.0113816 0.0409361 0.0640715 0.0491092 0.0236466 0.018541 0.061282 0.0626852 0.0493721 0.0485381 0.0448971 0.0382704 0.0482383 0.0300724 0.0622418 0.0273217 0.102 0.0309476 0.0274104 0.0980927 0.0615293 0.0506696 0.0401 0.0912482 0.0465051 0.0516942 0.0365048 0.0691384 0.0464527 0.0449145
threshold=131.50000000000003 35018.000000000007 47095.000000000007 47003.000000000007 35875.625000000007 50766.250000000007 47420.750000000007 44121.250000000007 48800.750000000007 49690.750000000007 54085.000000000007 38487.000000000007 42546.500000000007 42086.000000000007 55613.500000000007 3398868.0000000005 5221033.7500000009 61760.500000000007 50035.500000000007 49479.500000000007 51249.500000000007 59546.000000000007 57202.750000000007 55009.125000000007 53936.000000000007 140.50000000000003 64242.666015625007 65466.500000000007 71478.500000000015 27853169.000000004
decision_type=2 2 2 2 2 2 2 2 2 2 2 2 2 2 2 2 2 2 2 2 2 2 2 2 2 2 2 2 2 2
left_child=-1 -2 4 -4 -3 6 7 11 -8 -10 13 12 -5 -7 -15 17 -17 -12 19 -18 21 -20 -22 -24 25 -25 29 -28 -29 -26
right_child=1 2 3 5 -6 10 8 -9 9 -11 15 -13 -14 14 -16 16 18 -19 20 -21 22 -23 23 24 26 -27 27 28 -30 -31
leaf_value=0.00013391912985930007 0.0043109999923035503 -0.0014288591779768468 0.0035727501421102454 0.0027217699680477381 -0.0056601548999814059 -0.00019167225081019286 0.0070345346687827257 -0.0055178975483969502 -0.0020132674835622311 0.0034844738752802928 -0.005173846492138894 0.0033955763593049985 -0.0032788957467592148 -0.00060296509250430544 -0.0067926095005532263 0.0052292589018387457 0.00012244673650635616 -4.0594767294048026e-05 -0.00079937667084572421 0.0074457043875008821 0.0040589546851281617 -0.0066680513887799209 -0.0070444676245097065 0.0040261542972396406 -0.00091712430418868147 -0.001053315087637836 0.0041842944563969097 -0.0044960761410442907 -0.00028007373364108038 -0.0060876964048172041
leaf_weight=2633 20 25 35 21 28 41 20 23 26 42 23 28 37 33 32 35 214 24 31 20 21 28 20 51 56 33 34 27 815 24
leaf_count=2633 20 25 35 21 28 41 20 23 26 42 23 28 37 33 32 35 214 24 31 20 21 28 20 51 56 33 34 27 815 24
internal_value=4.81082e-13 -0.000188864 -0.00023759 -0.000136356 -0.00366426 -0.000210159 0.000704041 -0.000880711 0.00266697 0.0013824 -0.000325458 0.000359467 -0.00110624 -0.00231245 -0.00365017 -0.000180801 -0.000101684 -0.00255261 -0.00023748 0.000748366 -0.000439838 -0.00358451 -0.000268204 -0.000353931 -0.000225267 0.00203065 -0.000423485 -0.000236744 -0.000415266 -0.0024683
internal_weight=4500 1867 1847 1794 53 1759 197 109 88 68 1562 86 58 106 65 1456 1409 47 1374 234 1140 59 1081 1060 1040 84 956 876 842 80
internal_count=4500 1867 1847 1794 53 1759 197 109 88 68 1562 86 58 106 65 1456 1409 47 1374 234 1140 59 1081 1060 1040 84 956 876 842 80
is_linear=0
shrinkage=0.1


Tree=53
num_leaves=31
num_cat=0
split_feature=7 5 3 1 1 4 7 1 1 1 7 4 7 1 5 1 9 5 5 10 1 5 8 6 9 9 5 8 10 1
split_gain=0.0114662 0.0137185 0.0438721 0.0306006 0.0243741 0.0198595 0.0190753 0.0156989 0.0352938 0.0283235 0.0266092 0.0192363 0.0616605 0.0565318 0.0285161 0.0333884 0.0257133 0.0295314 0.0222913 0.0457595 0.0499486 0.0398615 0.0391112 0.0335244 0.0558576 0.0590446 0.0457162 0.0645891 0.0568456 0.0504706
threshold=1133249.8125000002 32132.500000000004 31189.000000000004 77.500000000000014 86.500000000000014 14759.000000000002 8059303.7500000009 92.500000000000014 96.500000000000014 100.50000000000001 27853169.000000004 31180.000000000004 8510843.5000000019 112.50000000000001 45076.500000000007 115.50000000000001 34009.000000000007 44292.500000000007 48503.000000000007 49250.500000000007 124.50000000000001 50543.000000000007 42101.625000000007 46630.666015625007 45044.250000000007 41972.250000000007 55498.500000000007 44331.875000000007 54765.875000000007 132.50000000000003
decision_type=2 2 2 2 2 2 2 2 2 2 2 2 2 2 2 2 2 2 2 2 2 2 2 2 2 2 2 2 2 2
left_child=-1 6 -3 -4 -5 -6 -2 10 -9 -10 -7 12 -11 -14 15 -13 -15 -18 22 20 -20 -21 -16 24 25 -23 27 -25 -28 -29
right_child=1 2 3 4 5 7 -8 8 9 11 -12 14 13 16 18 -17 17 -19 19 21 -22 23 -24 26 -26 -27 28 29 -30 -31
leaf_value=0.0017775183581559559 0.00025482839159667492 0.0043602147099116575 0.0038839637321143525 -0.0026278285581308111 0.0029818568167022685 -0.0010857875991080489 -0.0036920890638915205 -0.0024009060735503836 0.0016726095829466263 -0.0060250971275805079 0.0034953065973240883 0.0040318995286282655 0.0033806372708568237 0.00082250991358588904 -3.0160869746545302e-05 0.00030862008342924323 -0.0053425309288760887 -0.0011815013169931869 -0.00036276911216026001 -0.0044172859905908506 0.0041953237586707442 0.0042615563104239605 -0.0042237656829612596 -0.0060757174252233075 0.0065565432421863081 -0.0021783017180860044 0.0032373731926232927 -0.0024648844994173001 -6.3863900419616277e-05 0.0012989119656147466
leaf_weight=36 25 23 20 36 22 21 24 63 97 22 32 37 32 39 61 69 23 66 44 21 53 24 35 28 20 35 53 82 3294 63
leaf_count=36 25 23 20 36 22 21 24 63 97 22 32 37 32 39 61 69 23 66 44 21 53 24 35 28 20 35 53 82 3294 63
internal_value=-3.59157e-12 -1.43348e-05 4.13335e-06 -1.86785e-05 -3.65314e-05 -1.5017e-05 -0.00167836 -3.03001e-05 -5.15754e-05 -1.63186e-05 0.00168016 -5.62665e-05 -0.00106127 -0.000378744 -9.59368e-06 0.00160826 -0.00131859 -0.00225682 -5.45693e-05 -1.57119e-05 0.00212774 -7.31468e-05 -0.00155908 -4.77989e-05 0.00198946 0.000441302 -9.35216e-05 -0.00167867 -1.15886e-05 -0.00082958
internal_weight=4500 4464 4415 4392 4372 4336 49 4314 4261 4198 53 4101 182 160 3919 106 128 89 3813 3717 97 3620 96 3599 79 59 3520 173 3347 145
internal_count=4500 4464 4415 4392 4372 4336 49 4314 4261 4198 53 4101 182 160 3919 106 128 89 3813 3717 97 3620 96 3599 79 59 3520 173 3347 145
is_linear=0
shrinkage=0.1


Tree=54
num_leaves=31
num_cat=0
split_feature=9 6 4 6 1 6 1 8 4 6 3 1 10 10 9 8 1 1 4 4 4 8 1 4 6 4 9 8 8 8
split_gain=0.0103745 0.0342851 0.0587488 0.0249546 0.0274023 0.0352814 0.0532142 0.0266616 0.0282417 0.024325 0.0242658 0.0225205 0.0223177 0.0217001 0.0241694 0.020419 0.0202338 0.0337461 0.0174151 0.0696655 0.0478783 0.0252195 0.0601946 0.0440792 0.0363051 0.027018 0.0233096 0.0161073 0.0376437 0.0281898
threshold=95539.500000000015 90716.250000000015 86455.000000000015 86855.250000000015 138.50000000000003 88156.332031250015 125.50000000000001 83745.750000000015 78401.000000000015 85111.667968750015 101929.00000000001 131.50000000000003 100134.87500000001 110032.62500000001 99009.000000000015 80323.375000000015 135.50000000000003 124.50000000000001 73004.000000000015 74269.000000000015 75765.500000000015 74734.875000000015 128.50000000000003 66246.000000000015 78492.832031250015 70654.000000000015 78670.250000000015 73973.000000000015 73291.875000000015 71950.250000000015
decision_type=2 2 2 2 2 2 2 2 2 2 2 2 2 2 2 2 2 2 2 2 2 2 2 2 2 2 2 2 2 2
left_child=1 3 16 7 5 -5 -7 8 9 15 12 -11 -2 14 -12 18 17 -3 21 26 -21 27 24 -24 -23 -25 -20 28 29 -1
right_child=10 2 -4 4 -6 6 -8 -9 -10 11 13 -13 -14 -15 -16 -17 -18 -19 19 20 -22 22 23 25 -26 -27 -28 -29 -30 -31
leaf_value=3.9171968798660842e-06 -0.00086599672678858055 0.0042614331054210202 -0.00288251260339859 -0.0027456244441847774 -0.0035844850592697281 -0.0015964010850556436 0.0046045323181606364 0.0032900433447211985 -0.0030425073935960731 0.0037159879452220222 -0.0055124464223072645 -0.00044907484469669203 0.0038015811571053097 -0.00046780755611385894 -0.0011186061817551813 -0.002396585729771427 0.0055613011936657131 -0.00053900403694974051 0.006945961678866297 -0.0034005955524855492 0.0022775433403526054 -0.0072859376855194573 -0.0031571341545454097 0.0046734472581495849 -0.0019165313169223202 -0.00030315128155052664 0.0021757812727065313 0.0020629384435522252 -0.0034500039573157992 0.0017586631435365912
leaf_weight=3514 20 32 21 39 39 31 25 25 30 34 21 21 21 127 31 35 23 27 20 33 27 20 21 24 34 20 21 39 31 94
leaf_count=3514 20 32 21 39 39 31 25 25 30 34 21 21 21 127 31 35 23 27 20 33 27 20 21 24 34 20 21 39 31 94
internal_value=2.70835e-12 3.44244e-05 0.0018368 -1.002e-05 -0.00135261 -0.000436363 0.00117187 3.44783e-05 1.42222e-05 3.72167e-05 -0.000669711 0.00212569 0.00152471 -0.00117234 -0.00289304 8.01095e-06 0.0030454 0.00206462 2.96017e-05 0.00132559 -0.000845433 -4.8715e-06 -0.00143765 0.000612306 -0.0039052 0.00241136 0.0045027 4.14855e-05 1.98212e-05 4.9634e-05
internal_weight=4500 4280 103 4177 134 95 56 4043 4018 3988 220 55 41 179 52 3933 82 59 3898 101 60 3797 119 65 54 44 41 3678 3639 3608
internal_count=4500 4280 103 4177 134 95 56 4043 4018 3988 220 55 41 179 52 3933 82 59 3898 101 60 3797 119 65 54 44 41 3678 3639 3608
is_linear=0
shrinkage=0.1


Tree=55
num_leaves=31
num_cat=0
split_feature=7 7 4 9 10 4 4 3 5 10 4 4 4 10 10 4 4 10 10 4 9 8 9 10 3 9 9 10 6 3
split_gain=0.0102365 0.0245373 0.0154519 0.0226839 0.0136998 0.0723232 0.0722782 0.0624697 0.0451539 0.0349133 0.0408582 0.0663679 0.0663363 0.0487693 0.0475266 0.0642476 0.039655 0.0355779 0.0691162 0.0687455 0.0367267 0.0579455 0.037875 0.0477354 0.0856816 0.0325639 0.0335174 0.0557398 0.0401271 0.0889668
threshold=602494848.00000012 339543776.00000006 64844.500000000007 69067.250000000015 74426.500000000015 67565.500000000015 43523.000000000007 76505.500000000015 75812.000000000015 73891.625000000015 60001.000000000007 57800.500000000007 57304.000000000007 70479.375000000015 67781.250000000015 58905.000000000007 60826.500000000007 71974.000000000015 71150.000000000015 52843.000000000007 66876.000000000015 62169.500000000007 62072.000000000007 64734.000000000007 66289.500000000015 61169.000000000007 60244.250000000007 62548.000000000007 58766.667968750007 64980.000000000007
decision_type=2 2 2 2 2 2 2 2 2 2 2 2 2 2 2 2 2 2 2 2 2 2 2 2 2 2 2 2 2 2
left_child=1 4 3 -3 5 7 -6 9 -8 10 11 12 17 14 15 -13 -12 18 20 -20 21 22 25 -24 -25 26 28 -28 -1 -30
right_child=-2 2 -4 -5 6 -7 8 -9 -10 -11 16 13 -14 -15 -16 -17 -18 -19 19 -21 -22 -23 23 24 -26 -27 27 -29 29 -31
leaf_value=-1.0693947269281381e-05 -0.0017285813978078831 0.0031293334658257666 0.0033667390875052662 -0.00062758412949430453 -0.0059368912215259952 0.0055851190006554439 -0.004386786456219852 0.0042668379098176959 -0.00010537599176209525 0.0040743072827657068 -0.0048323228537779433 -2.2044772282242775e-05 -0.0043389797343739442 0.0064198147549759596 -0.0016151775955222547 0.0074808291913498019 -0.00081710364801786204 -0.0024175967743391533 0.00028970016649475802 0.0076453276211395863 -0.0039484456692741301 0.0051745773631740703 -0.0062806970812380319 0.0048167807224672289 -0.0028453170287388342 0.0026024816046450652 -0.0065997527446597821 -4.7295111722338046e-05 0.0065876666091692947 0.00037138429282214305
leaf_weight=1745 34 25 32 45 22 24 25 35 1679 21 29 25 35 25 32 21 162 57 27 24 23 22 20 20 54 51 20 37 30 99
leaf_count=1745 34 25 32 45 22 24 25 35 1679 21 29 25 35 25 32 21 162 57 27 24 23 22 20 20 54 51 20 37 30 99
internal_value=-9.43449e-13 1.31598e-05 0.00154635 0.000714172 -2.26755e-05 0.000120641 -0.000241719 7.04701e-05 -0.00016819 1.35205e-05 -1.98167e-05 9.37124e-05 -1.92309e-05 0.00257627 0.00134437 0.00340318 -0.00142674 4.85982e-05 0.000113319 0.00375117 2.58457e-05 6.94151e-05 1.53142e-05 -0.00194602 -0.00077448 0.000108334 4.24605e-05 -0.0023464 0.000115121 0.00181703
internal_weight=4500 4466 102 70 4364 2638 1726 2614 1704 2579 2558 2367 2264 103 78 46 191 2229 2172 51 2121 2098 2076 94 74 1982 1931 57 1874 129
internal_count=4500 4466 102 70 4364 2638 1726 2614 1704 2579 2558 2367 2264 103 78 46 191 2229 2172 51 2121 2098 2076 94 74 1982 1931 57 1874 129
is_linear=0
shrinkage=0.1


Tree=56
num_leaves=31
num_cat=0
split_feature=1 1 3 5 3 9 4 7 4 4 7 1 7 5 7 10 5 10 8 9 3 3 3 1 7 7 8 10 4 10
split_gain=0.00982305 0.0260855 0.0408051 0.035202 0.0993078 0.0477537 0.0440172 0.0344995 0.0269461 0.0682156 0.0237373 0.0216088 0.0196715 0.0185185 0.0172439 0.0154747 0.0664821 0.0511386 0.023632 0.0246855 0.0269705 0.0342105 0.0555417 0.0577112 0.0432272 0.0341712 0.0382928 0.0942427 0.0277565 0.0201493
threshold=140.50000000000003 145.50000000000003 50849.000000000007 62581.000000000007 67792.000000000015 71955.500000000015 58650.000000000007 20389499.000000004 69918.000000000015 73305.500000000015 84896636.000000015 147.50000000000003 102053984.00000001 59020.500000000007 52848176.000000007 49059.125000000007 57375.500000000007 58714.125000000007 51065.375000000007 58616.000000000007 68958.000000000015 77359.000000000015 79374.000000000015 143.50000000000003 60318916.000000007 74309528.000000015 73678.750000000015 87922.750000000015 56909.500000000007 88229.875000000015
decision_type=2 2 2 2 2 2 2 2 2 2 2 2 2 2 2 2 2 2 2 2 2 2 2 2 2 2 2 2 2 2
left_child=-1 15 -3 13 7 6 12 -5 11 -10 -11 -7 14 -4 -6 -2 -17 -18 -19 -20 -21 28 -23 25 -25 -24 27 -27 -22 -26
right_child=1 2 3 4 5 8 -8 -9 9 10 -12 -13 -14 -15 -16 16 17 18 19 20 21 22 23 24 29 26 -28 -29 -30 -31
leaf_value=7.0314291018901161e-05 0.0012209132190465052 -0.004103679549880326 0.0011838364152936265 -0.0011067797208116168 0.0018151678539731582 -0.0043161266643827346 0.0059293556621664075 -0.0065563089608286444 0.0057886745230379434 -0.0023390734180187187 0.0017736179106261419 -0.00053571406363820036 0.0032123654213313379 0.0047768167896160424 -0.0021482614323585516 -0.0049275485870729878 0.0040884850853630762 0.0018533342244938531 -0.0038587783838374893 0.0016383944741009101 -0.00037464604014530783 0.0044007010664790869 0.0026955550720326998 -0.0067409613085910678 -0.0038779292162507773 -0.0035354898992712457 -0.0040752546109545694 0.005637584560151611 -0.0049984999372296645 0.00041976627447487167
leaf_weight=3669 34 20 32 21 23 21 28 26 22 36 23 54 31 26 21 39 22 29 30 38 20 20 38 25 20 24 26 21 37 24
leaf_count=3669 34 20 32 21 23 21 28 26 22 36 23 54 31 26 21 39 22 29 30 38 20 20 38 25 20 24 26 21 37 24
internal_value=1.8889e-12 -0.000310449 0.000294039 0.000535672 0.000107531 0.000874945 0.00254603 -0.00412141 -0.000228396 0.00103626 -0.000735821 -0.00159423 0.00128292 0.00279448 -7.64689e-05 -0.00082974 -0.000998559 -0.000588852 -0.000881186 -0.0011267 -0.000846965 -0.00121733 -0.00059587 -0.00115728 -0.00342041 0.000275339 -0.00101999 0.000745278 -0.0033761 -0.00153373
internal_weight=4500 831 384 364 306 259 103 47 156 81 59 75 75 58 44 447 413 374 352 323 293 255 198 178 69 109 71 45 57 44
internal_count=4500 831 384 364 306 259 103 47 156 81 59 75 75 58 44 447 413 374 352 323 293 255 198 178 69 109 71 45 57 44
is_linear=0
shrinkage=0.1


Tree=57
num_leaves=31
num_cat=0
split_feature=10 8 10 7 1 1 4 7 1 7 5 9 10 3 7 1 3 7 7 5 10 8 9 4 6 3 4 4 1 9
split_gain=0.00972863 0.0403875 0.016329 0.0161646 0.0118495 0.0522739 0.0461298 0.0395022 0.054699 0.0338441 0.0354767 0.0320533 0.037204 0.0306128 0.0161473 0.0303994 0.0429555 0.0176918 0.0331317 0.0229049 0.0256159 0.0271787 0.0361221 0.0230564 0.0190502 0.0229294 0.0596497 0.0524866 0.0503111 0.0387575
threshold=36737.875000000007 28924.500000000004 38295.500000000007 15447408.500000002 97.500000000000014 98.500000000000014 36126.500000000007 9842289.0000000019 95.500000000000014 1371899.0000000002 41031.000000000007 75252.250000000015 70958.125000000015 61885.500000000007 2794787.3750000005 126.50000000000001 58022.500000000007 3262389.6250000005 3624368.2500000005 42392.500000000007 41502.125000000007 32378.625000000004 38100.500000000007 27679.000000000004 40683.667968750007 48063.000000000007 35893.500000000007 37247.000000000007 126.50000000000001 45747.750000000007
decision_type=2 2 2 2 2 2 2 2 2 2 2 2 2 2 2 2 2 2 2 2 2 2 2 2 2 2 2 2 2 2
left_child=1 3 -2 -1 6 -6 -4 -8 11 -7 -11 12 13 -9 15 -12 -17 -16 -19 -20 -21 -22 -23 -24 -25 26 -26 -28 29 -29
right_child=2 -3 4 -5 5 9 7 8 -10 10 14 -13 -14 -15 17 16 -18 18 19 20 21 22 23 24 25 -27 27 28 -30 -31
leaf_value=0.00076491858755402709 -0.0021476635243743657 0.0030701998694270265 -0.0038467606284822795 -0.0018842764013069905 0.0043309508456981609 -0.0028632614523081516 -0.0037108494697705562 0.0041280155722051865 -0.0033839440517870879 0.0033407824870664627 0.0041361419570252848 -0.001394316035189799 0.0062320289978136621 -0.0012776604345576331 -0.0023714533192105594 0.0024160933337607905 -0.0036080241785384718 0.0036182436589151622 -0.0031135916632289689 0.0035548206814564765 -0.0026944475965329298 0.0040335629304701628 0.0025246274238452317 -0.0024460024401460859 0.0050780819728970528 -8.4926925256075512e-05 -0.0043817791976921618 0.0021808671276085079 0.0031171052745265658 -0.0035022617861007656
leaf_weight=51 36 51 39 42 28 41 23 20 24 32 27 21 24 22 32 29 20 25 24 20 38 22 35 33 31 3582 21 20 57 30
leaf_count=51 36 51 39 42 28 41 23 20 24 32 27 21 24 22 32 29 20 25 24 20 38 22 35 33 31 3582 21 20 57 30
internal_value=4.92542e-13 0.000808691 -2.67336e-05 -0.000431492 -9.05915e-06 2.47679e-05 -0.000819931 6.10123e-05 0.000842569 -4.50453e-06 2.42373e-05 0.0020085 0.00309122 0.00129647 -1.99344e-06 0.00144187 -4.27301e-05 -2.96341e-05 -1.06046e-05 -3.37892e-05 -1.4783e-05 -3.32353e-05 -6.83851e-06 -3.0175e-05 -5.38682e-05 -3.27668e-05 0.00114231 0.000189118 0.00108621 -0.00122901
internal_weight=4500 144 4356 93 4320 4147 173 134 111 4119 4078 87 66 42 4046 76 49 3970 3938 3913 3889 3869 3831 3809 3774 3741 159 128 107 50
internal_count=4500 144 4356 93 4320 4147 173 134 111 4119 4078 87 66 42 4046 76 49 3970 3938 3913 3889 3869 3831 3809 3774 3741 159 128 107 50
is_linear=0
shrinkage=0.1


Tree=58
num_leaves=31
num_cat=0
split_feature=7 7 1 4 7 5 3 1 1 1 7 4 1 10 7 1 10 8 9 10 5 10 3 7 10 7 10 3 7 1
split_gain=0.0108858 0.0119653 0.0345634 0.0300636 0.0145954 0.0165175 0.0329906 0.017624 0.0249992 0.018308 0.0209144 0.0188097 0.0150992 0.014212 0.0488712 0.0527596 0.020968 0.022485 0.0354299 0.0186009 0.0237685 0.0261024 0.023794 0.0408925 0.0383184 0.0349065 0.028343 0.0477946 0.0416071 0.0479281
threshold=1133249.8125000002 2508322.7500000005 117.50000000000001 48273.500000000007 2966941.1250000005 32132.500000000004 31189.000000000004 79.500000000000014 86.500000000000014 92.500000000000014 60318916.000000007 14759.000000000002 94.500000000000014 39655.125000000007 7677308.2500000009 113.50000000000001 41502.125000000007 32378.625000000004 38100.500000000007 43144.000000000007 45076.500000000007 44806.500000000007 48063.000000000007 27575722.000000004 47930.625000000007 20670963.000000004 49250.500000000007 51366.000000000007 9472633.5000000019 126.50000000000001
decision_type=2 2 2 2 2 2 2 2 2 2 2 2 2 2 2 2 2 2 2 2 2 2 2 2 2 2 2 2 2 2
left_child=-1 2 -2 -4 -3 -6 -7 -8 -9 10 -10 -11 -13 14 -14 -16 -15 -18 -19 -20 -21 -22 23 25 -24 -23 -26 28 -28 -30
right_child=1 4 3 -5 5 6 7 8 9 11 -12 12 13 16 15 -17 17 18 19 20 21 22 24 -25 26 -27 27 -29 29 -31
leaf_value=0.0017319448880799529 -0.0036373127333769978 0.0020170006525909736 0.0026145740350087487 -0.0015100770196769127 -0.0020805880588963383 0.0038759942420504311 0.0028166085328187119 -0.0028504371357661105 0.0038616963483106628 0.0029626192391983101 -0.00032764136452566496 -0.0023521137324028782 -0.0042198211380413608 0.00228602034796495 0.0041541709564626222 -0.0016516477593945132 -0.0026976723528106608 0.0038365554995834828 -0.0027363797500729562 0.003355252285975786 -0.0034528541971336709 0.0012489605200550471 -0.0044125033309683204 0.0047740674129238833 0.0026238984847441315 -0.00334751523565501 0.00089101809044850289 6.7095014615439688e-06 -0.00087564525892958045 -0.0062676802131617863
leaf_weight=36 35 36 30 43 38 22 22 31 26 21 22 28 35 40 24 45 31 24 25 21 22 95 20 27 40 20 29 3546 32 34
leaf_count=36 35 36 30 43 38 22 22 31 26 21 22 28 35 40 24 45 31 24 25 21 22 95 20 27 40 20 29 3546 32 34
internal_value=-2.47205e-12 -1.39673e-05 -0.00105372 0.000184985 1.18118e-05 -4.89815e-06 1.35223e-05 -6.42477e-06 -2.10795e-05 -2.30896e-07 0.00194158 -2.26418e-05 -3.77918e-05 -2.20251e-05 -0.00117613 0.000367767 7.93674e-06 -1.50394e-05 6.09444e-06 -1.74113e-05 8.07474e-08 -1.81492e-05 1.51347e-06 0.00127184 -4.72263e-05 0.000449573 -2.35084e-05 -5.25928e-05 -0.00226613 -0.00365336
internal_weight=4500 4464 108 73 4356 4320 4282 4260 4238 4207 48 4159 4138 4110 104 69 4006 3966 3935 3911 3886 3865 3843 142 3701 115 3681 3641 95 66
internal_count=4500 4464 108 73 4356 4320 4282 4260 4238 4207 48 4159 4138 4110 104 69 4006 3966 3935 3911 3886 3865 3843 142 3701 115 3681 3641 95 66
is_linear=0
shrinkage=0.1


Tree=59
num_leaves=31
num_cat=0
split_feature=7 7 4 8 3 5 5 3 10 10 3 8 10 1 1 7 5 3 1 5 1 6 1 9 6 3 8 7 7 1
split_gain=0.00933279 0.0187398 0.0125432 0.0189392 0.0113999 0.0399058 0.0316198 0.0393144 0.0357226 0.0355441 0.0358216 0.0234016 0.0409711 0.0225577 0.0315874 0.0247956 0.0227276 0.0495839 0.0863439 0.0466611 0.0485209 0.0246861 0.0224057 0.0386365 0.043331 0.0288427 0.0576046 0.0271976 0.0491171 0.0502926
threshold=602494848.00000012 339543776.00000006 64844.500000000007 60491.125000000007 89303.500000000015 90081.000000000015 87390.500000000015 86846.500000000015 85032.250000000015 86807.625000000015 87891.000000000015 62011.875000000007 87922.750000000015 151.50000000000003 148.50000000000003 26318653.000000004 86509.000000000015 84662.000000000015 136.50000000000003 83856.000000000015 138.50000000000003 74157.750000000015 134.50000000000003 35799.750000000007 39460.166015625007 49393.500000000007 44331.875000000007 45505130.000000007 50119108.000000007 136.50000000000003
decision_type=2 2 2 2 2 2 2 2 2 2 2 2 2 2 2 2 2 2 2 2 2 2 2 2 2 2 2 2 2 2
left_child=1 4 3 -3 6 -6 7 13 -8 -10 -11 -7 -13 14 16 -15 17 19 21 22 -21 -19 -1 -24 -25 26 -26 -27 -29 -30
right_child=-2 2 -4 -5 5 11 8 -9 9 10 -12 12 -14 15 -16 -17 -18 18 -20 20 -22 -23 23 24 25 27 -28 28 29 -31
leaf_value=0.00015557808161423151 -0.001650514439953601 0.0022011963616629755 0.0029925742579507645 -0.0010898908244117219 -0.0038803507138283986 0.0023845928871058719 0.0040446705638598176 -0.0044300962239503866 -0.0014660589999574074 0.003731403271566429 -0.00054914368152180133 -0.0038950391369120731 -0.00017870841063451765 -0.0044066777025970321 0.0020252096861648034 -9.4288077283029764e-05 0.0026962596863027541 -0.0026911671236157422 0.0015252516495392603 0.0043169462677965665 -0.001428260155496121 -0.0070520652871992858 0.0039070033142343166 -0.0050257985214037558 -0.0010054730414412916 -0.0010850827016784296 0.0047376341997615755 0.0037670659042443287 0.0024317706909237641 -0.00096366316958849572
leaf_weight=2175 34 36 32 34 31 33 39 20 51 46 34 31 689 24 79 30 31 25 34 49 21 27 20 21 40 469 31 33 54 227
leaf_count=2175 34 36 32 34 31 33 39 20 51 46 34 31 689 24 79 30 31 25 34 49 21 27 20 21 40 469 31 33 54 227
internal_value=-1.90238e-12 1.25655e-05 0.00135244 0.000602668 -1.87515e-05 -0.000364127 5.68838e-05 -9.47298e-06 0.00138792 0.000596982 0.00191217 -0.000219369 -0.000338717 1.66074e-05 4.94268e-05 -0.00201091 1.50335e-06 -2.43917e-05 -0.00239333 4.049e-05 0.00259338 -0.00495548 -1.77193e-05 -0.000438861 -0.000538195 -0.000427844 0.00150208 -0.000602844 0.000117443 -0.00031116
internal_weight=4500 4466 102 70 4364 784 3580 3410 170 131 80 753 720 3390 3336 54 3257 3226 86 3140 70 52 3070 895 875 854 71 783 314 281
internal_count=4500 4466 102 70 4364 784 3580 3410 170 131 80 753 720 3390 3336 54 3257 3226 86 3140 70 52 3070 895 875 854 71 783 314 281
is_linear=0
shrinkage=0.1


Tree=60
num_leaves=31
num_cat=0
split_feature=9 3 7 7 7 7 4 9 5 7 7 5 10 4 5 1 4 1 7 4 4 7 5 5 10 10 6 6 7 7
split_gain=0.00927464 0.013045 0.0112657 0.0187502 0.00880022 0.00957135 0.0310204 0.0487396 0.046916 0.0417327 0.0118631 0.0137346 0.0296385 0.0165156 0.0205193 0.0240895 0.0249604 0.0149949 0.0910934 0.0299033 0.0496503 0.0362736 0.0307789 0.0430385 0.10481 0.0734869 0.0346183 0.0428332 0.0289629 0.0651437
threshold=106226.00000000001 118138.50000000001 229637968.00000003 146526328.00000003 1133249.8125000002 2508322.7500000005 38675.500000000007 47293.000000000007 66901.000000000015 1829220.6875000002 2966941.1250000005 32132.500000000004 33563.375000000007 14759.000000000002 40142.500000000007 120.50000000000001 28320.000000000004 118.50000000000001 3759388.3750000005 71855.500000000015 70353.500000000015 40690770.000000007 45076.500000000007 59704.000000000007 57673.125000000007 60877.000000000007 51322.000000000007 55538.832031250007 16288147.000000002 26318653.000000004
decision_type=2 2 2 2 2 2 2 2 2 2 2 2 2 2 2 2 2 2 2 2 2 2 2 2 2 2 2 2 2 2
left_child=1 4 3 -2 -1 6 -6 -8 9 -9 -7 -12 -13 -14 15 16 -15 18 -16 20 22 -21 -20 24 28 26 -25 -28 -24 -30
right_child=2 -3 -4 -5 5 10 7 8 -10 -11 11 12 13 14 17 -17 -18 -19 19 21 -22 -23 23 25 -26 -27 27 -29 29 -31
leaf_value=0.0015612708721568602 -0.0015773296261810373 0.0019156064113809005 -0.0027235748418779288 0.0022230244311504067 0.00207145088710464 0.00182258624311847 -0.0060478019395044874 0.0047439924255013467 -0.0044329053023830058 -0.0016387224067113408 -0.0018930070643699238 0.0031486193967672688 0.0026096921530552211 -0.00077170570595906337 0.007020620451658033 0.00041070352308452134 -0.0051971215084195138 -0.00010313418418991696 0.0025344286305720317 -1.6219334258716936e-05 -0.0046601344831287859 0.0038722961814083318 -0.0021988209389298616 0.00024711449877941051 -0.0080624734424054635 7.0699027628261951e-05 0.0079237004136666657 0.0017148476361762734 0.003620232843899257 -0.0010151614224615105
leaf_weight=36 37 36 27 20 26 36 21 20 20 21 38 30 24 26 20 37 25 2968 51 49 22 47 69 21 20 557 25 20 42 109
leaf_count=36 37 36 27 20 26 36 21 20 20 21 38 30 24 26 20 37 25 2968 51 49 22 47 69 21 20 557 25 20 42 109
internal_value=9.07514e-13 1.98001e-05 -0.00104092 -0.000243872 4.21813e-06 -8.68562e-06 -0.000938311 -0.00189263 -0.000462155 0.0014748 1.50159e-05 -4.77597e-07 1.68016e-05 -5.93665e-06 -2.12178e-05 -0.00153178 -0.00294103 1.18491e-05 0.000336251 0.000206709 3.43165e-05 0.00188753 0.000147312 6.24252e-06 -0.00113155 0.000444556 0.00359968 0.00516421 -0.000501461 0.000274154
internal_weight=4500 4416 84 57 4380 4344 108 82 61 41 4236 4200 4162 4132 4108 88 51 4020 1052 1032 936 96 914 863 240 623 66 45 220 151
internal_count=4500 4416 84 57 4380 4344 108 82 61 41 4236 4200 4162 4132 4108 88 51 4020 1052 1032 936 96 914 863 240 623 66 45 220 151
is_linear=0
shrinkage=0.1


Tree=61
num_leaves=31
num_cat=0
split_feature=7 7 9 10 9 7 8 4 9 8 10 4 6 6 4 6 8 7 3 5 10 3 3 10 8 10 10 10 1 10
split_gain=0.00808917 0.0152375 0.0131392 0.00821866 0.0351616 0.0162064 0.0128804 0.0812269 0.0570383 0.0717691 0.0488381 0.0419678 0.0469775 0.0477011 0.0472601 0.0428649 0.0516959 0.0512703 0.0866954 0.0369695 0.0353648 0.0538952 0.0439879 0.107974 0.080386 0.0589451 0.1167 0.0691128 0.0670909 0.0403361
threshold=602494848.00000012 429009072.00000006 84843.750000000015 36737.875000000007 31218.750000000004 15447408.500000002 45129.250000000007 42472.000000000007 48982.250000000007 43857.500000000007 48704.500000000007 35286.000000000007 48127.000000000007 52399.083984375007 39455.000000000007 52045.916015625007 48128.500000000007 3398868.0000000005 53032.500000000007 56692.000000000007 56218.500000000007 51594.500000000007 58022.500000000007 59166.750000000007 52854.750000000007 62548.000000000007 59374.750000000007 57044.375000000007 136.50000000000003 60040.625000000007
decision_type=2 2 2 2 2 2 2 2 2 2 2 2 2 2 2 2 2 2 2 2 2 2 2 2 2 2 2 2 2 2
left_child=1 3 -3 4 5 -1 7 8 9 -5 -8 -12 -13 15 -15 16 -14 -18 -19 -16 -21 -22 25 24 -24 26 27 -23 -29 -25
right_child=-2 2 -4 6 -6 -7 10 -9 -10 -11 11 12 13 14 19 -17 17 18 -20 20 21 22 23 29 -26 -27 -28 28 -30 -31
leaf_value=0.00072998330364690018 -0.0015366167590186439 0.0030732254990531753 -0.00018814352474042349 -0.00011037025896170335 0.0029797617861248081 -0.0018958169213510699 0.0044517532251775269 -0.0044793270601708769 -0.0025596123363357038 0.0040342174403162467 0.0045837153587490317 -0.0048428137786686422 0.0023309522581825017 -0.0034973995643667877 -0.0030984190955328254 0.0048699061769331177 0.0035407559759914873 -0.00541108328187348 0.0017149856036168436 0.0034754410707231228 -0.00465726955793798 -0.0014475311385467649 -0.001098325339191389 0.0030308700431222945 -0.0079776905838335899 0.0066060965415090326 -0.005886324588209391 0.0094712928589433445 0.0014687087132849476 -2.0078645646259814e-05
leaf_weight=57 34 30 21 584 47 40 25 46 86 45 20 20 109 40 39 31 20 38 31 29 25 24 41 44 29 22 20 20 22 2861
leaf_count=57 34 30 21 584 47 40 25 46 86 45 20 20 109 40 39 31 20 38 31 29 25 24 41 44 29 22 20 20 22 2861
internal_value=7.15025e-12 1.16984e-05 0.00173031 -8.15419e-06 0.000734897 -0.000352821 -3.32067e-05 -0.000406166 -0.000144116 0.000186142 4.76542e-05 1.60609e-05 -1.03036e-05 1.77516e-05 -8.15439e-05 0.00141222 0.00087087 -0.00091732 -0.00220952 -3.8523e-05 -4.81576e-07 -3.29146e-05 4.58425e-06 -6.73852e-05 -0.00394835 0.00198708 0.000805468 0.00283328 0.00527946 2.61319e-05
internal_weight=4500 4466 51 4415 144 97 4271 761 715 629 3510 3485 3465 3445 3216 229 198 89 69 3176 3137 3108 3083 2975 70 108 86 66 42 2905
internal_count=4500 4466 51 4415 144 97 4271 761 715 629 3510 3485 3465 3445 3216 229 198 89 69 3176 3137 3108 3083 2975 70 108 86 66 42 2905
is_linear=0
shrinkage=0.1


Tree=62
num_leaves=31
num_cat=0
split_feature=9 6 4 8 8 6 9 9 3 4 4 9 3 7 6 1 9 6 4 4 4 6 8 4 4 4 6 6 5 3
split_gain=0.00770521 0.0270306 0.0433586 0.0221377 0.0354937 0.0198206 0.0227612 0.0465248 0.0207591 0.0192789 0.0159337 0.0239889 0.0233038 0.0217989 0.01424 0.0266318 0.0231065 0.0212031 0.0156277 0.0876255 0.0479765 0.0397554 0.0300342 0.0290219 0.022655 0.0276804 0.0290957 0.0528802 0.036457 0.0215381
threshold=95539.500000000015 90716.250000000015 85402.000000000015 88553.125000000015 85397.125000000015 87185.582031250015 89019.750000000015 90811.750000000015 102694.50000000001 78401.000000000015 82130.000000000015 99009.000000000015 106959.50000000001 153846480.00000003 85813.750000000015 130.50000000000003 84843.750000000015 84479.750000000015 73004.000000000015 74269.000000000015 75080.000000000015 83432.500000000015 77214.750000000015 72370.000000000015 71855.500000000015 69918.000000000015 82096.500000000015 77827.750000000015 80778.500000000015 82998.000000000015
decision_type=2 2 2 2 2 2 2 2 2 2 2 2 2 2 2 2 2 2 2 2 2 2 2 2 2 2 2 2 2 2
left_child=1 5 9 4 -2 14 8 -8 -7 -3 -5 -12 -13 -14 16 -16 18 -18 23 22 -21 29 -20 24 25 -1 27 28 -27 -22
right_child=3 2 -4 10 -6 6 7 -9 -10 -11 11 12 13 -15 15 -17 17 -19 19 20 21 -23 -24 -25 -26 26 -28 -29 -30 -31
leaf_value=4.19760922330372e-05 -6.5139408980030575e-05 0.0012588534428662546 -0.0017278871598786544 0.0020582615133995811 -0.0054326193999837749 -0.0041380583567337858 0.0039036951604343598 -0.0022333184586993109 -0.00057629886005694671 0.0044657040308888297 -0.0028860931255621836 0.0032211015488775004 -0.0016978561954403466 0.001584761381673161 0.0032259626068959109 -0.00072363201348531637 -0.00022950768312015994 -0.0035275276096737281 0.0072380488475217762 -0.0050390272308140993 0.0009270979135544621 0.0036900455653667455 0.0020073334826433676 -0.0037994011864066128 0.0030203360356390475 9.0575011979256365e-05 -0.0048134391783210247 0.0031712455351067628 -0.0058750746771693233 -0.0037138146895449608
leaf_weight=3651 28 37 28 30 22 36 21 30 30 38 32 21 55 32 38 31 44 35 23 20 20 25 21 20 25 21 23 23 20 20
leaf_count=3651 28 37 28 30 22 36 21 30 30 38 32 21 55 32 38 31 44 35 23 20 20 25 21 20 25 21 23 23 20 20
internal_value=-1.14099e-12 2.96671e-05 0.00163003 -0.00057716 -0.00242683 -9.79608e-06 -0.001293 0.000293687 -0.00251908 0.00288366 -3.31396e-05 -0.000481297 0.000231235 -0.000490457 2.7183e-05 0.00145151 2.55796e-06 -0.00169066 3.67512e-05 0.00111911 -0.000756044 0.000561797 0.00474157 -1.57225e-07 2.00354e-05 -3.08077e-08 -0.00176287 -0.000666575 -0.0028195 -0.00139336
internal_weight=4500 4280 103 220 50 4177 117 51 66 75 170 140 108 87 4060 69 3991 79 3912 129 85 65 44 3783 3763 3738 87 64 41 40
internal_count=4500 4280 103 220 50 4177 117 51 66 75 170 140 108 87 4060 69 3991 79 3912 129 85 65 44 3783 3763 3738 87 64 41 40
is_linear=0
shrinkage=0.1


Tree=63
num_leaves=31
num_cat=0
split_feature=8 4 6 5 8 6 8 8 7 4 4 8 4 1 7 10 8 4 8 8 4 9 9 1 5 3 4 1 8 6
split_gain=0.00749474 0.0126965 0.0156111 0.025823 0.0389065 0.0213601 0.0329769 0.0161562 0.0265632 0.00951874 0.0788109 0.0446635 0.0261737 0.0862338 0.0267379 0.0527664 0.0428607 0.0178725 0.0602269 0.063498 0.0473478 0.0463266 0.0575802 0.0421842 0.0365345 0.0251046 0.0331677 0.0239247 0.0356229 0.0178651
threshold=99764.375000000015 90916.000000000015 97792.000000000015 111056.00000000001 79024.375000000015 94993.082031250015 88553.125000000015 88553.125000000015 153846480.00000003 74269.000000000015 73305.500000000015 77214.750000000015 69918.000000000015 144.50000000000003 19374091.000000004 78849.875000000015 73973.000000000015 66052.000000000015 71950.250000000015 73291.875000000015 65234.500000000007 72601.250000000015 75424.000000000015 127.50000000000001 85507.000000000015 72381.500000000015 67152.500000000015 132.50000000000003 75879.000000000015 82638.417968750015
decision_type=2 2 2 2 2 2 2 2 2 2 2 2 2 2 2 2 2 2 2 2 2 2 2 2 2 2 2 2 2 2
left_child=1 2 3 5 -5 6 9 -4 -9 10 12 -12 17 14 15 -14 -16 20 21 -20 -1 25 23 -23 -22 -19 -27 28 -21 -11
right_child=-2 -3 7 4 -6 -7 -8 8 -10 29 11 -13 13 -15 16 -17 -18 18 19 27 24 22 -24 -25 -26 26 -28 -29 -30 -31
leaf_value=3.1836221959620928e-05 -0.0010418795326532907 0.0019409832268994414 -0.0035717906944531331 2.4639212642796338e-05 0.0055640567981061484 -0.00266042505701383 0.0036385238375514746 -0.0026298623460416612 0.0019836659892462196 -0.0023856406704947843 0.0076698512490838769 0.0014825246745853553 -0.0031955213130762184 0.0047564158808778637 -0.0060265927896674338 0.0034356179569537439 -0.0016450187149061582 -0.00079707090220780996 0.0061617843258906816 0.0025344601789997383 -0.0046266244628872626 -0.00092463342938572165 0.00099690473802825988 -0.0069839963689446449 0.00027047874219715594 0.0055971951223909855 0.00010606843967583371 0.0029315244087851364 -0.0029330189402501745 -0.00019794868974419631
leaf_weight=3386 68 34 24 32 21 30 25 26 24 46 20 28 24 22 29 24 97 33 34 22 39 20 34 27 25 22 22 38 26 198
leaf_count=3386 68 34 24 32 21 30 25 26 24 46 20 28 24 22 29 24 97 33 34 22 39 20 34 27 25 22 22 38 26 198
internal_value=8.24204e-13 1.59855e-05 1.10377e-06 2.57506e-05 0.0022195 -1.47222e-06 1.73367e-05 -0.00143907 -0.000415369 -4.13619e-06 3.31055e-05 0.00406058 -1.61602e-05 -0.00114252 -0.00188837 0.000120048 -0.00265348 4.30585e-05 0.000814392 0.00250332 -1.90953e-05 -0.000468338 -0.00213785 -0.00440554 -0.00271369 0.0012879 0.00285163 0.00105695 -0.000427091 -0.000610382
internal_weight=4500 4432 4398 4324 53 4271 4241 74 50 4216 3972 48 3924 196 174 48 126 3728 278 120 3450 158 81 47 64 77 44 86 48 244
internal_count=4500 4432 4398 4324 53 4271 4241 74 50 4216 3972 48 3924 196 174 48 126 3728 278 120 3450 158 81 47 64 77 44 86 48 244
is_linear=0
shrinkage=0.1


Tree=64
num_leaves=31
num_cat=0
split_feature=7 7 1 4 3 7 5 3 1 1 1 7 4 10 7 1 3 4 10 1 7 1 3 7 7 6 9 10 1 1
split_gain=0.00713166 0.00867219 0.030972 0.0460882 0.0406945 0.00973996 0.0108762 0.0236739 0.0145011 0.020217 0.0128706 0.0158664 0.0131385 0.0128804 0.0285916 0.0308377 0.0177584 0.0368155 0.015867 0.0131099 0.013822 0.0612276 0.0461733 0.0213035 0.0196693 0.0155223 0.0573347 0.0564396 0.051343 0.056486
threshold=1133249.8125000002 2508322.7500000005 110.50000000000001 43523.000000000007 52232.500000000007 2966941.1250000005 32132.500000000004 31189.000000000004 79.500000000000014 86.500000000000014 92.500000000000014 60318916.000000007 14759.000000000002 39655.125000000007 7677308.2500000009 113.50000000000001 41226.000000000007 35518.000000000007 37469.500000000007 94.500000000000014 3949482.5000000005 118.50000000000001 64980.000000000007 4315418.2500000009 4650546.7500000009 44092.582031250007 43369.750000000007 48295.625000000007 123.50000000000001 115.50000000000001
decision_type=2 2 2 2 2 2 2 2 2 2 2 2 2 2 2 2 2 2 2 2 2 2 2 2 2 2 2 2 2 2
left_child=-1 2 -2 -4 -5 -3 -7 -8 -9 -10 11 -11 -12 14 -14 -16 17 -15 -17 -18 21 -21 -23 -22 -25 26 28 -27 29 -26
right_child=1 5 3 4 -6 6 7 8 9 10 12 -13 13 16 15 18 19 -19 -20 20 23 22 -24 24 25 27 -28 -29 -30 -31
leaf_value=0.0014018443206118213 -0.0041519968122567825 0.0016486846951819544 0.0036967259521285692 -0.004915104933421721 0.0004637389216954127 -0.0016873460174170567 0.0032838794741440907 0.0025557761239311237 -0.0025626387210532786 0.0033010318982773105 0.002476668581810026 -0.00034786213020032101 -0.0034097144807068015 0.0039641664072405545 0.0027136001528965102 0.0001182900182902813 -0.0024070788923974918 -0.00134988352233036 -0.003660633210092783 0.0059078290082869083 -0.0029480598866939546 0.001865908359468449 -0.0042591077880933881 0.0027763723097741604 0.00014664928804167772 0.0045673512051709825 -0.0043299274985493423 -2.1901713820039447e-05 0.0015640727565725051 -0.0049403750396985356
leaf_weight=36 23 36 24 22 39 38 22 22 31 26 21 22 36 32 27 25 23 22 20 21 25 32 20 25 58 27 39 3579 92 35
leaf_count=36 23 36 24 22 39 38 22 22 31 26 21 22 36 32 27 25 23 22 20 21 25 32 20 25 58 27 39 3579 92 35
internal_value=6.31573e-13 -1.13052e-05 -0.000896491 -1.5589e-05 -0.00147617 1.06416e-05 -3.00881e-06 1.19386e-05 -4.95874e-06 -1.82518e-05 4.96905e-07 0.00162862 -1.82937e-05 -3.09554e-05 -0.00110868 4.18304e-05 -2.07332e-06 0.00179918 -0.00156123 -2.65371e-05 -1.26862e-05 0.00135057 -0.000489867 -3.8335e-05 -1.94652e-05 -3.77148e-05 -0.000845446 1.24604e-05 -0.00011088 -0.00176782
internal_weight=4500 4464 108 85 61 4356 4320 4282 4260 4238 4207 48 4159 4138 108 72 4030 54 45 3976 3953 73 52 3880 3855 3830 224 3606 185 93
internal_count=4500 4464 108 85 61 4356 4320 4282 4260 4238 4207 48 4159 4138 108 72 4030 54 45 3976 3953 73 52 3880 3855 3830 224 3606 185 93
is_linear=0
shrinkage=0.1


Tree=65
num_leaves=31
num_cat=0
split_feature=5 7 7 8 10 5 9 8 9 6 1 4 4 8 5 3 5 3 7 10 1 9 4 4 8 4 3 9 9 7
split_gain=0.00699825 0.0324227 0.033117 0.0460641 0.0265588 0.018618 0.0127375 0.023313 0.0298496 0.0219663 0.0379032 0.0171301 0.0259123 0.0157686 0.0133608 0.0791522 0.0166597 0.040542 0.0393701 0.0332252 0.035592 0.0357659 0.0255837 0.0184521 0.0722616 0.0546177 0.0552892 0.0544993 0.0531079 0.043209
threshold=38655.500000000007 5912687.5000000009 9842289.0000000019 25561.000000000004 32587.625000000004 40142.500000000007 32930.500000000007 32378.625000000004 37106.250000000007 38958.250000000007 121.50000000000001 28906.500000000004 31180.000000000004 45129.250000000007 45076.500000000007 41934.500000000007 48503.000000000007 43684.500000000007 3398868.0000000005 49250.500000000007 124.50000000000001 44300.750000000007 37247.000000000007 43523.000000000007 57192.250000000007 45379.000000000007 61376.000000000007 52563.500000000007 48982.250000000007 75801432.000000015
decision_type=2 2 2 2 2 2 2 2 2 2 2 2 2 2 2 2 2 2 2 2 2 2 2 2 2 2 2 2 2 2
left_child=1 4 -3 -4 -1 -2 -7 -8 -9 10 -10 13 -13 -11 15 -14 17 -16 -19 20 21 -18 -20 24 -21 26 27 28 -25 -28
right_child=5 2 3 -5 -6 6 7 8 9 11 -12 12 14 -15 16 -17 19 18 22 23 -22 -23 -24 25 -26 -27 29 -29 -30 -31
leaf_value=0.00023858702854450905 -0.0022887725874574647 -0.0037729022908024492 -0.0019341119949886989 0.0032383524276541941 0.0041661291066298475 0.0025126197515055538 -0.0023336278079727365 0.0033209523806969326 0.00092058155220001939 0.00017043127445504069 -0.0050318372152421791 -0.0028921906423244265 -0.0026225876761600377 0.0040501057589426639 0.0026960424657556277 0.0047549895631770296 -0.0034054981591179964 -0.0060917601455003027 -0.0027701933784850851 -0.00033836378443424597 0.0035631762688151667 0.0021738942557324964 0.0011967269816146842 -0.0016167692141607405 -0.0064607824222184728 -2.760856516152614e-05 0.0074836056881948656 -0.0030358246569945056 0.0048075241757737051 0.0022464029919356111
leaf_weight=33 36 24 36 33 36 20 43 27 20 22 23 31 26 20 21 33 20 20 37 534 54 27 29 22 20 3116 23 33 31 50
leaf_count=33 36 24 36 33 36 20 43 27 20 22 23 31 26 20 21 33 20 20 37 534 54 27 29 22 20 3116 23 33 31 50
internal_value=4.35409e-12 0.000645321 -0.000573248 0.000539675 0.00228774 -2.40991e-05 -5.14787e-06 -1.69076e-05 6.59294e-06 -1.4653e-05 -0.00226327 8.53979e-06 -1.19092e-05 0.0020179 9.88982e-06 0.00150385 -1.19442e-05 -0.00124309 -0.00220497 2.15755e-05 0.00181185 -0.000200315 -0.00102715 -2.56477e-05 -0.00055939 6.46403e-05 0.00187249 0.000154443 0.00214084 0.00389648
internal_weight=4500 162 93 69 69 4338 4302 4282 4239 4212 43 4169 4127 42 4096 59 4037 107 86 3930 101 47 66 3829 554 3275 159 86 53 73
internal_count=4500 162 93 69 69 4338 4302 4282 4239 4212 43 4169 4127 42 4096 59 4037 107 86 3930 101 47 66 3829 554 3275 159 86 53 73
is_linear=0
shrinkage=0.1


Tree=66
num_leaves=31
num_cat=0
split_feature=7 7 7 4 9 3 4 8 10 10 3 5 5 1 3 4 9 6 9 6 4 5 8 8 7 6 5 5 4 10
split_gain=0.00715342 0.0133985 0.0111947 0.0102464 0.01626 0.0082893 0.0426084 0.0570975 0.0568522 0.0417652 0.0367822 0.0550937 0.0285724 0.0438549 0.0430498 0.0467313 0.0408652 0.0888381 0.0266933 0.0308667 0.0265473 0.0239787 0.0688458 0.0553629 0.0923565 0.0342376 0.0540028 0.0561314 0.0495525 0.0325734
threshold=602494848.00000012 339543776.00000006 309638128.00000006 64844.500000000007 69067.250000000015 89303.500000000015 58309.000000000007 65946.000000000015 89958.750000000015 91188.250000000015 91406.500000000015 90328.000000000015 85749.500000000015 125.50000000000001 84662.000000000015 60826.500000000007 77518.250000000015 81074.082031250015 77518.250000000015 82927.164062500015 54632.500000000007 82507.000000000015 75620.375000000015 68347.875000000015 21174450.000000004 75108.582031250015 82018.500000000015 81515.000000000015 70866.500000000015 74426.500000000015
decision_type=2 2 2 2 2 2 2 2 2 2 2 2 2 2 2 2 2 2 2 2 2 2 2 2 2 2 2 2 2 2
left_child=1 2 5 4 -3 12 20 -8 10 -10 11 -9 14 16 21 -16 -14 -18 -11 -20 -7 22 25 -23 -25 26 27 29 -27 -1
right_child=-2 3 -4 -5 -6 6 7 8 9 18 -12 -13 13 -15 15 -17 17 -19 19 -21 -22 23 -24 24 -26 28 -28 -29 -30 -31
leaf_value=8.2724384648184035e-05 -0.0014450083322384778 0.0025110746035352351 -0.0018229408603955936 0.0026263307663612068 -0.00066969714935920721 -0.0010713415832740154 0.0038598402772497919 -0.0042960239332859159 0.0035084452480077747 0.0027451170375570656 -0.0058126464934536715 0.0023642178908314395 -0.0032199111993816733 0.0019891695310361684 0.0004702889603019382 -0.0054498861706815662 0.0063724733660274063 -0.0019399433403224167 -0.0033312395615212155 -0.00012464312919338724 -0.0052409264527691103 0.0034754107330137725 -0.0052612209320068368 0.0037109671627813196 -0.0025653319926277618 0.0064458466507494455 -0.0050849724915765582 0.0046300195623189214 -0.00043165807358243248 -0.00095472010058893447
leaf_weight=2630 34 25 34 32 45 37 35 27 33 30 27 23 38 175 24 30 20 36 32 485 26 65 25 37 64 20 21 26 22 342
leaf_count=2630 34 25 34 32 45 37 35 27 33 30 27 23 38 175 24 30 20 36 32 485 26 65 25 37 64 20 21 26 22 342
internal_value=6.54448e-12 1.1001e-05 -1.54796e-05 0.00114395 0.000466293 -1.28702e-06 -0.000302365 -7.56966e-05 -0.000285352 5.35873e-05 -0.0028384 -0.00123231 6.22973e-05 0.00105338 -1.83444e-05 -0.0028187 -0.000688778 0.00102878 -0.000154841 -0.000323117 -0.00279212 2.81559e-05 -3.48228e-05 0.00119895 -0.000266094 7.86259e-06 -3.15843e-05 3.813e-06 0.00284334 -3.66585e-05
internal_weight=4500 4466 4364 102 70 4330 755 692 657 580 77 50 3575 269 3306 54 94 56 547 517 63 3252 3086 166 101 3061 3019 2998 42 2972
internal_count=4500 4466 4364 102 70 4330 755 692 657 580 77 50 3575 269 3306 54 94 56 547 517 63 3252 3086 166 101 3061 3019 2998 42 2972
is_linear=0
shrinkage=0.1


Tree=67
num_leaves=31
num_cat=0
split_feature=1 9 5 5 10 4 3 6 4 7 7 4 3 7 8 7 7 1 5 10 10 5 6 7 4 5 3 3 1 5
split_gain=0.00696265 0.0254192 0.0443794 0.0269788 0.0627586 0.0546159 0.0366306 0.0330725 0.0888576 0.0243074 0.0676119 0.0458141 0.0320943 0.0346521 0.0216491 0.021339 0.0469085 0.0184802 0.0646025 0.0768638 0.121526 0.072125 0.0457289 0.0877887 0.044478 0.0411274 0.0418507 0.0382149 0.0419707 0.0529773
threshold=131.50000000000003 35018.000000000007 47095.000000000007 52885.000000000007 52152.500000000007 44570.500000000007 51366.000000000007 45801.500000000007 37647.500000000007 3398868.0000000005 5221033.7500000009 59280.500000000007 53839.500000000007 6702991.5000000009 35875.625000000007 8059303.7500000009 8741834.5000000019 138.50000000000003 62992.000000000007 67623.000000000015 69467.125000000015 61107.000000000007 67127.082031250015 51346910.000000007 44967.000000000007 76304.500000000015 76980.000000000015 66919.500000000015 149.50000000000003 65850.500000000015
decision_type=2 2 2 2 2 2 2 2 2 2 2 2 2 2 2 2 2 2 2 2 2 2 2 2 2 2 2 2 2 2
left_child=-1 -2 14 5 -5 6 7 8 -4 11 -11 -6 -12 -14 -3 -15 -17 18 21 -20 -21 24 23 -22 -18 -24 -27 28 29 -19
right_child=1 2 3 4 9 -7 -8 -9 -10 10 12 -13 13 15 -16 16 17 27 19 20 22 -23 25 -25 -26 26 -28 -29 -30 -31
leaf_value=0.00010474368990720711 0.0033981865807436412 -0.00089908747002482409 -0.0035464506991126619 -0.0051735174804925926 -0.005459583570094159 0.0060050900670744131 0.0040913700463715936 -0.0038618772047693318 0.0053430695171383302 0.0039519852436170344 0.0025009105659343982 0.00049452594830654559 -0.0034945508028613407 0.0026710334413040143 -0.0049477271569360586 -0.0050289010396227241 -0.0036141016759857953 0.00099892522108749001 0.0026258265678604535 -0.0069303135227026611 0.0069652322873783607 -0.0077551045455038553 -0.0044959185369036819 -0.00020819691688580031 0.0017550998677810033 0.0034137096614218678 -0.00077431671213005386 -0.00019726430077562373 -0.0027296456466761551 0.0053357196971774105
leaf_weight=2633 20 25 23 25 24 21 20 23 22 41 44 28 32 26 28 20 36 118 84 29 24 24 27 59 27 26 290 643 21 37
leaf_count=2633 20 25 23 25 24 21 20 23 22 41 44 28 32 26 28 20 36 118 84 29 24 24 27 59 27 26 290 643 21 37
internal_value=-1.09115e-12 -0.000147718 -0.000186115 -0.000101862 -0.000200493 0.00142285 0.000329357 -0.000777118 0.000799537 -0.000125598 -5.67844e-05 -0.00225352 -0.000161672 -0.000238595 -0.00303799 -0.000168716 -0.000219114 -0.000152543 -0.00056159 -0.000153456 -0.000666555 -0.00309014 -0.000240148 0.00186605 -0.00131302 -0.000749811 -0.000429732 0.000160111 0.00146575 0.00203416
internal_weight=4500 1867 1847 1794 1685 109 88 68 45 1660 1608 52 1567 1523 53 1491 1465 1445 626 539 455 87 426 83 63 343 316 819 176 155
internal_count=4500 1867 1847 1794 1685 109 88 68 45 1660 1608 52 1567 1523 53 1491 1465 1445 626 539 455 87 426 83 63 343 316 819 176 155
is_linear=0
shrinkage=0.1


Tree=68
num_leaves=31
num_cat=0
split_feature=7 7 3 8 6 4 9 4 3 7 5 3 1 1 1 1 8 7 1 7 3 7 8 3 10 9 1 10 7 7
split_gain=0.00751294 0.0638545 0.0620279 0.0457444 0.0392798 0.0365859 0.0862814 0.0675406 0.0415692 0.0349759 0.0416483 0.0906889 0.033982 0.0590882 0.0316531 0.0546825 0.030527 0.03029 0.0705222 0.054624 0.0487289 0.0412366 0.0291177 0.0342879 0.0370167 0.0298513 0.0438591 0.0293658 0.0285321 0.049266
threshold=62922720.000000007 50119108.000000007 66562.000000000015 43857.500000000007 92333.414062500015 55191.000000000007 69727.250000000015 50392.000000000007 94147.500000000015 44711666.000000007 60103.500000000007 65179.000000000007 122.50000000000001 139.50000000000003 134.50000000000003 132.50000000000003 57346.500000000007 22403071.000000004 136.50000000000003 21174450.000000004 70506.500000000015 24327926.000000004 77939.875000000015 60805.000000000007 65166.500000000007 69906.000000000015 142.50000000000003 78131.125000000015 34959680.000000007 40690770.000000007
decision_type=2 2 2 2 2 2 2 2 2 2 2 2 2 2 2 2 2 2 2 2 2 2 2 2 2 2 2 2 2 2
left_child=1 9 3 -3 5 7 -7 -4 12 14 -11 -12 -8 -14 15 28 -9 19 20 -16 -19 -20 23 -23 -25 26 -26 -27 -1 -30
right_child=-2 2 4 -5 -6 6 8 16 -10 10 11 -13 13 -15 17 -17 -18 18 21 -21 -22 22 -24 24 25 27 -28 -29 29 -31
leaf_value=-9.6443492198180526e-05 0.0001678831182765223 -0.0020384233875665814 -0.0049247744825801684 0.0022855924860027336 0.0018614414124749604 -0.0089583982247859236 0.0011607990348561398 -0.0016817341829300858 -0.006331109890544956 -0.0022182086230410885 0.0073282631080863738 0.00082854019761409458 -0.0068841491841753442 0.00022173035144805908 -0.00033671730925881685 0.0023229675857221774 0.0034728591071648733 -0.0082456711436743324 -0.0038162880033875504 0.0042140090318363429 -0.0014965300913900139 -0.0015704465320422537 -0.0034845489684654321 0.0051293550214419762 -0.0047092030467909014 0.0050055694450358195 0.0016117514192086201 1.9591280983553993e-05 0.0024406012683762471 -0.0010000103095080704
leaf_weight=1298 1674 40 28 63 20 26 31 20 22 24 28 92 22 25 455 116 27 23 36 28 20 63 23 21 21 21 23 27 119 64
leaf_count=1298 1674 40 28 63 20 26 31 20 22 24 28 92 22 25 455 116 27 23 36 28 20 63 23 21 21 21 23 27 119 64
internal_value=1.797e-12 -9.94467e-05 -0.00142038 0.000606363 -0.00236497 -0.00278551 -0.0038264 -0.00103682 -0.00249208 7.16094e-05 0.00158458 0.00234514 -0.00140927 -0.00310443 -2.0786e-05 0.00023213 0.00127942 -0.000551544 -0.00138313 -7.29071e-05 -0.00510654 -0.000701829 -0.000138409 0.000298871 0.00134106 0.000476336 -0.00140507 0.00220096 6.83641e-05 0.00123733
internal_weight=4500 2826 324 103 221 201 126 75 100 2502 144 120 78 47 2358 1597 47 761 278 483 43 235 199 176 113 92 44 48 1481 183
internal_count=4500 2826 324 103 221 201 126 75 100 2502 144 120 78 47 2358 1597 47 761 278 483 43 235 199 176 113 92 44 48 1481 183
is_linear=0
shrinkage=0.1


Tree=69
num_leaves=31
num_cat=0
split_feature=7 7 7 3 8 6 4 9 10 4 6 7 5 3 8 10 1 1 1 7 7 1 5 10 5 7 7 7 7 3
split_gain=0.00650545 0.00701985 0.0502147 0.0502426 0.037053 0.0318167 0.0296346 0.069888 0.0576629 0.0365341 0.0322503 0.0291359 0.0337352 0.073458 0.0271796 0.0340556 0.0250189 0.0453717 0.0273596 0.0813467 0.0336883 0.0304593 0.0267799 0.0625984 0.0317258 0.0308882 0.024924 0.0439861 0.0243288 0.0406357
threshold=1133249.8125000002 62922720.000000007 50119108.000000007 66562.000000000015 43857.500000000007 92333.414062500015 55191.000000000007 69727.250000000015 68946.750000000015 65234.500000000007 73163.664062500015 44711666.000000007 60103.500000000007 65179.000000000007 76464.500000000015 76210.875000000015 134.50000000000003 132.50000000000003 137.50000000000003 32725960.000000004 4315418.2500000009 135.50000000000003 49980.000000000007 51201.625000000007 54560.500000000007 8510843.5000000019 10564117.000000002 24327926.000000004 34959680.000000007 64288.000000000007
decision_type=2 2 2 2 2 2 2 2 2 2 2 2 2 2 2 2 2 2 2 2 2 2 2 2 2 2 2 2 2 2
left_child=-1 2 11 4 -4 6 8 -8 -5 10 -9 16 -13 -14 15 -15 17 28 19 20 -18 -22 25 -24 -25 -20 -23 -28 -2 -30
right_child=1 -3 3 5 -6 -7 7 9 -10 -11 -12 12 13 14 -16 -17 18 -19 22 -21 21 26 23 24 -26 -27 27 -29 29 -31
leaf_value=0.001338885426391951 -0.00011963465944411466 0.00015109481676712548 -0.0018345811561448499 -0.0038973755974854745 0.0020570331999647715 0.0016752973943948747 -0.0080625585504234404 -0.0025959934958297275 0.0016605773731134831 -0.0039030142120298067 0.0028946379327680918 -0.0019963878400934237 0.0065954368046992132 0.0018651601613020978 0.0038116357162256138 -0.0025534478333694016 -0.004373979697092658 0.0020906708209277613 -0.0046853563166223472 -0.0064401996875952557 0.0022808423552375576 0.0017862312860139039 0.0044102161874874464 -0.003694343430455774 -3.6063369751936355e-05 -5.890901703687926e-05 -0.0036636111452632274 0.0019182163930963727 -0.00054020279757224213 0.0024562815181210194
leaf_weight=36 1271 1674 40 35 63 20 26 23 40 57 20 24 28 37 22 33 21 116 27 29 39 23 31 25 458 31 48 20 82 101
leaf_count=36 1271 1674 40 35 63 20 26 23 40 57 20 24 28 37 22 33 21 116 27 29 39 23 31 25 458 31 48 20 82 101
internal_value=7.04268e-12 -1.07975e-05 -0.000107933 -0.00127834 0.000545727 -0.00212847 -0.00250696 -0.00344376 -0.000933134 -0.00224287 -4.22114e-05 4.58435e-05 0.00142613 0.00211063 0.000745686 -0.000217898 -3.97554e-05 0.00018742 -0.000514045 -0.00158929 -0.000657658 -5.73295e-05 -0.000175681 5.41656e-05 -0.000225415 -0.0022126 -0.0010594 -0.0020219 3.55792e-05 0.00111359
internal_weight=4500 4464 2790 324 103 221 201 126 75 100 43 2466 144 120 92 70 2322 1570 752 180 151 130 572 514 483 58 91 68 1454 183
internal_count=4500 4464 2790 324 103 221 201 126 75 100 43 2466 144 120 92 70 2322 1570 752 180 151 130 572 514 483 58 91 68 1454 183
is_linear=0
shrinkage=0.1


Tree=70
num_leaves=31
num_cat=0
split_feature=8 4 8 8 8 4 1 7 9 6 8 6 8 9 8 7 4 6 1 10 9 8 7 7 8 3 1 9 3 7
split_gain=0.00672265 0.0133295 0.00895184 0.0309227 0.0421566 0.0414975 0.0113587 0.0141786 0.0106242 0.0254753 0.0126829 0.0105246 0.0262172 0.0251502 0.0246917 0.0536556 0.0198991 0.0215165 0.0239687 0.0142468 0.0119013 0.0474222 0.0361717 0.0566524 0.0355088 0.0225973 0.0320787 0.0375216 0.0271098 0.0146534
threshold=105723.62500000001 95736.500000000015 92084.375000000015 88553.125000000015 86979.375000000015 85402.000000000015 137.50000000000003 79834208.000000015 97222.750000000015 90716.250000000015 83398.625000000015 86855.250000000015 83745.750000000015 89019.750000000015 82881.250000000015 146526328.00000003 78401.000000000015 85111.667968750015 126.50000000000001 97237.625000000015 79784.000000000015 76904.375000000015 158041216.00000003 114546304.00000001 69832.375000000015 83462.000000000015 124.50000000000001 83090.500000000015 82092.500000000015 136546480.00000003
decision_type=2 2 2 2 2 2 2 2 2 2 2 2 2 2 2 2 2 2 2 2 2 2 2 2 2 2 2 2 2 2
left_child=1 2 3 4 8 -5 7 -4 9 11 -11 12 16 14 15 -13 17 20 -19 -15 21 29 23 25 -24 28 27 -27 -22 -1
right_child=-2 -3 6 5 -6 -7 -8 -9 -10 10 -12 13 -14 19 -16 -17 -18 18 -20 -21 22 -23 24 -25 -26 26 -28 -29 -30 -31
leaf_value=-5.7588392494955318e-05 -0.0014008252169279492 0.0024660690613514322 -7.2776613524183628e-05 0.004854170094088962 -0.0035166107409168035 -0.00094179860537960429 0.00079078410786611068 -0.0029296973998976972 -0.0018565942090936005 0.00075807332294061788 0.0034780633635818959 0.0032460561249172317 0.0033227974611994195 0.002673249410303391 -0.0044742746037189605 -0.0035877009603643311 -0.0025580117572098974 -0.00066492541116617979 0.0036319662936661837 -0.00084648540144806491 -0.0012861316896636379 0.0047853814465703354 -0.000409940788672576 0.0038566409886698241 -0.0052359841158613569 -0.0064932023259726447 -0.00025835885899141433 -0.00071661097361989641 0.0036240070121889207 0.00054073054050256383
leaf_weight=3171 34 22 32 30 34 21 27 38 30 40 30 20 24 23 27 27 30 21 34 23 22 21 31 32 30 22 88 23 23 470
leaf_count=3171 34 22 32 30 34 21 27 38 30 40 30 20 24 23 27 27 30 21 34 23 22 21 31 32 30 22 88 23 23 470
internal_value=-1.73774e-12 1.06646e-05 -1.49088e-06 1.97103e-05 -9.34977e-06 0.00246759 -0.00095161 -0.00162368 1.86293e-05 3.19225e-05 0.00192378 1.03589e-07 2.75032e-05 -0.000922805 -0.00206422 -0.000679719 7.81997e-06 2.71216e-05 0.00199133 0.000913382 -3.46408e-07 4.69753e-05 -0.000639801 -1.71348e-05 -0.0027834 -0.000713544 -0.00136893 -0.00354072 0.00122349 1.96459e-05
internal_weight=4500 4466 4444 4347 4296 51 97 70 4262 4232 70 4162 4042 120 74 47 4018 3988 55 46 3933 3662 271 210 61 178 133 45 45 3641
internal_count=4500 4466 4444 4347 4296 51 97 70 4262 4232 70 4162 4042 120 74 47 4018 3988 55 46 3933 3662 271 210 61 178 133 45 45 3641
is_linear=0
shrinkage=0.1


Tree=71
num_leaves=31
num_cat=0
split_feature=6 6 7 7 1 10 9 8 8 4 6 3 4 8 7 7 7 8 5 9 4 8 5 5 8 10 5 6 5 3
split_gain=0.00588431 0.0387502 0.0245098 0.0263153 0.0356839 0.0255434 0.0189328 0.0280384 0.0280146 0.0229005 0.0289979 0.031233 0.0252915 0.0174404 0.0110712 0.0178244 0.0367453 0.033988 0.10487 0.0354826 0.030496 0.0292591 0.0199893 0.0166419 0.0566985 0.0422018 0.0699621 0.067453 0.0523133 0.0473324
threshold=36786.416015625007 38006.082031250007 5433551.7500000009 9472633.5000000019 95.500000000000014 32587.625000000004 39000.250000000007 35875.625000000007 33054.000000000007 28320.000000000004 39970.833984375007 39997.000000000007 31180.000000000004 30918.125000000004 1133249.8125000002 3398868.0000000005 3759388.3750000005 45129.250000000007 51865.000000000007 54301.250000000007 56085.000000000007 70202.125000000015 45076.500000000007 64334.500000000007 58143.750000000007 67623.000000000015 69147.500000000015 63827.583984375007 69398.000000000015 66289.500000000015
decision_type=2 2 2 2 2 2 2 2 2 2 2 2 2 2 2 2 2 2 2 2 2 2 2 2 2 2 2 2 2 2
left_child=2 -2 5 -4 -5 -1 8 -8 -3 -9 -11 -12 -13 -6 -14 17 -17 -16 -19 -20 -21 -22 -18 24 -24 26 27 29 -27 -25
right_child=1 6 3 4 13 -7 7 9 -10 10 11 12 14 -15 15 16 22 18 19 20 21 -23 23 25 -26 28 -28 -29 -30 -31
leaf_value=0.00018640669057442045 -0.0032937544423879851 -0.0013447443570476026 -0.002832468094614645 -0.0032617106864398179 0.00031409351554710744 0.0041515945893479513 -0.0027287133352441937 0.0026238526499858411 0.0032025014405094444 -0.0038194761006161574 0.00384418914715449 -0.0031931574884802106 0.0020155107274789502 0.0029594072334778805 -0.0046405542854462628 0.0037704494996712761 0.0027617313460303614 0.0061549015913624321 -0.0052299974433085679 0.0026014401484280823 -0.0041188178760609749 0.00060141696449136364 -0.00022326179393114271 0.0010457095036205527 -0.0042123331669466314 -0.004139428536197351 0.0037745024962197548 0.0059137719727697831 -4.6095089352165444e-06 -0.0014291943587522839
leaf_weight=33 36 20 30 22 81 32 38 33 42 20 21 25 27 36 23 26 26 20 23 20 29 24 963 195 37 31 76 21 2362 128
leaf_count=33 36 20 30 22 81 32 38 33 42 20 21 25 27 36 23 26 26 20 23 20 29 24 963 195 37 31 76 21 2362 128
internal_value=-3.49854e-12 -2.67818e-05 0.000488252 -0.000146458 0.000433256 0.0021385 1.02226e-06 -2.47807e-05 0.00173565 9.80806e-08 -2.10354e-05 -2.4019e-06 -2.23177e-05 0.00112804 -2.65234e-06 -1.62613e-05 2.37509e-05 -0.00112883 -0.000432542 -0.00180493 -0.000725793 -0.00198135 -1.62399e-06 -2.04667e-05 -0.000370857 0.000104095 0.00102864 0.000421993 -5.81738e-05 6.49426e-05
internal_weight=4500 4266 234 169 139 65 4230 4168 62 4130 4097 4077 4056 117 4031 4004 3865 139 116 96 73 53 3839 3813 1000 2813 420 344 2393 323
internal_count=4500 4266 234 169 139 65 4230 4168 62 4130 4097 4077 4056 117 4031 4004 3865 139 116 96 73 53 3839 3813 1000 2813 420 344 2393 323
is_linear=0
shrinkage=0.1


Tree=72
num_leaves=31
num_cat=0
split_feature=7 7 9 3 5 9 7 4 9 4 9 5 4 1 10 5 9 8 7 7 8 7 7 7 10 5 1 9 7 1
split_gain=0.00592547 0.0109882 0.0103324 0.00761281 0.0594899 0.0349617 0.0240697 0.0215282 0.0245836 0.0212122 0.0585836 0.0317889 0.0252886 0.0379166 0.0226674 0.0205819 0.0200474 0.0213243 0.0233615 0.015691 0.0147827 0.0142621 0.0252911 0.0387387 0.0234588 0.0698767 0.0372969 0.0231948 0.0360332 0.0342648
threshold=602494848.00000012 429009072.00000006 84843.750000000015 98178.000000000015 97959.500000000015 91363.500000000015 60318916.000000007 78401.000000000015 77518.250000000015 69315.500000000015 82255.250000000015 104204.00000000001 62652.500000000007 134.50000000000003 104790.37500000001 101690.50000000001 93048.500000000015 88553.125000000015 181323032.00000003 236770120.00000003 95939.500000000015 224477296.00000003 136546480.00000003 146526328.00000003 86619.500000000015 86203.000000000015 109.50000000000001 66302.000000000015 254990824.00000003 122.50000000000001
decision_type=2 2 2 2 2 2 2 2 2 2 2 2 2 2 2 2 2 2 2 2 2 2 2 2 2 2 2 2 2 2
left_child=1 3 -3 4 21 -6 20 8 15 12 -11 -12 -10 -14 -13 -8 -9 -18 -19 -16 -5 22 -1 -24 25 26 -25 29 -29 -23
right_child=-2 2 -4 6 5 -7 7 16 9 10 11 14 13 -15 19 -17 17 18 -20 -21 -22 27 23 24 -26 -27 -28 28 -30 -31
leaf_value=-4.7150243960674803e-05 -0.0013151492135982743 0.0026603180449455976 -0.0002317994079064755 -0.003853952457550271 0.0064358399863439532 0.0011493075229548689 -0.0010070936870761216 0.0035463023241997385 -0.0022986959096872144 -0.0068034620866889058 0.0020117680112329817 -0.0044898386374115943 -0.0010111874746843777 0.0047018504878949558 0.0013351777649950238 0.0032598803360507685 -0.0022777134518643534 7.8165440316327285e-05 0.0038180735043209534 -0.0025785682545531366 -0.00083852113551787432 -0.0046486631450534336 0.0034264447920791365 0.0040577763264688354 -0.0011968350366083514 0.0057851876436661072 -0.00049680026281166646 -0.0025450461438768324 0.0028940636423769699 -0.00032705111120459303
leaf_weight=3518 34 30 21 29 22 29 20 24 27 21 26 25 26 21 20 26 24 61 23 21 37 32 51 21 67 26 125 21 29 43
leaf_count=3518 34 30 21 29 22 29 20 24 27 21 26 25 26 21 20 26 24 61 23 21 37 32 51 21 67 26 125 21 29 43
internal_value=1.76423e-12 1.00123e-05 0.00146945 -6.84636e-06 3.63439e-05 0.00342977 -0.000406081 -8.8304e-05 -0.000666356 -0.00117581 -0.00203769 -0.000949852 0.000140313 0.00154145 -0.00211655 0.00140467 0.000932045 0.000351099 0.00110219 -0.000669424 -0.00216348 -7.65935e-06 2.6842e-05 0.000924444 0.000390545 0.00100888 0.00015831 -0.00105871 0.000609638 -0.00217094
internal_weight=4500 4466 51 4415 3984 51 431 365 233 187 113 92 74 47 66 46 132 108 84 41 66 3933 3808 290 239 172 146 125 50 75
internal_count=4500 4466 51 4415 3984 51 431 365 233 187 113 92 74 47 66 46 132 108 84 41 66 3933 3808 290 239 172 146 125 50 75
is_linear=0
shrinkage=0.1


Tree=73
num_leaves=31
num_cat=0
split_feature=8 4 6 3 4 6 7 8 8 3 5 5 4 1 10 5 3 8 1 8 8 8 6 7 7 8 9 9 8 1
split_gain=0.00623647 0.00925756 0.0116409 0.0217162 0.0638235 0.0319714 0.0308937 0.0231956 0.0107668 0.0209923 0.0106028 0.0429988 0.0417611 0.0310413 0.020914 0.028299 0.0307551 0.0275311 0.0366976 0.0276348 0.021743 0.0214463 0.0199606 0.013827 0.0239627 0.0224173 0.0389388 0.0236352 0.0139345 0.013366
threshold=99764.375000000015 90916.000000000015 97792.000000000015 108951.00000000001 74269.000000000015 94993.082031250015 389417504.00000006 88553.125000000015 88553.125000000015 115078.50000000001 104204.00000000001 102365.00000000001 74702.000000000015 137.50000000000003 95105.375000000015 94592.000000000015 94147.500000000015 71950.250000000015 131.50000000000003 78301.000000000015 80010.375000000015 65378.500000000007 85111.667968750015 224477296.00000003 205750384.00000003 57192.250000000007 62897.250000000007 58094.500000000007 40525.000000000007 151.50000000000003
decision_type=2 2 2 2 2 2 2 2 2 2 2 2 2 2 2 2 2 2 2 2 2 2 2 2 2 2 2 2 2 2
left_child=1 2 3 5 6 7 -5 10 -4 -10 11 14 13 -12 15 16 23 21 19 -19 22 -17 -16 24 29 26 27 28 -25 -1
right_child=-2 -3 8 4 -6 -7 -8 -9 9 -11 12 -13 -14 -15 20 17 -18 18 -20 -21 -22 -23 -24 25 -26 -27 -28 -29 -30 -31
leaf_value=3.2509842871025576e-05 -0.0009504045233103064 0.0016583347903660443 -0.0029827944138863436 -0.0035043320173281248 0.0055019569961586969 -0.003646935382857919 0.0015367584483277413 0.0030502660889178516 -0.0023746913316874552 0.0017266204270223779 -0.0017199269010840608 0.0032400281959292822 -0.0049780090910471267 0.0028145578403312426 -0.0017176964380688825 0.0016078309197088377 -0.0035259762927889824 0.0023246818902687388 0.00021157242978612581 0.0072689868509769441 -0.0032028729942195663 -0.0019990698820038233 0.0018193815860690341 -0.002098156111314893 0.0032458908096684711 -0.0031065382642319075 0.0030754072916282056 -0.004364509559236467 0.0015489180381833153 -0.0014849588318364853
leaf_weight=3585 68 34 24 20 28 24 31 25 26 24 36 41 21 26 39 34 25 26 36 20 41 32 27 20 23 37 26 20 22 59
leaf_count=3585 68 34 24 20 28 24 31 25 26 24 36 41 21 26 39 34 25 26 36 20 41 32 27 20 23 37 26 20 22 59
internal_value=-2.711e-12 1.4582e-05 1.87451e-06 2.31578e-05 0.00166592 -7.41423e-06 -0.00044014 1.32796e-05 -0.00124176 -0.000406062 -4.81497e-06 1.77665e-05 -0.00112382 0.000181631 -1.46777e-05 2.25516e-05 -3.00543e-05 0.00137928 0.0026029 0.00447438 -0.00139425 -0.000140969 -0.00027071 -7.00626e-06 2.82494e-05 -0.00104127 -0.000172915 -0.00153511 -0.000187784 7.94051e-06
internal_weight=4500 4432 4398 4324 79 4245 51 4221 74 50 4196 4113 83 62 4072 3965 3817 148 82 46 107 66 66 3792 3667 125 88 62 42 3644
internal_count=4500 4432 4398 4324 79 4245 51 4221 74 50 4196 4113 83 62 4072 3965 3817 148 82 46 107 66 66 3792 3667 125 88 62 42 3644
is_linear=0
shrinkage=0.1


Tree=74
num_leaves=31
num_cat=0
split_feature=8 4 8 8 8 4 1 7 6 9 9 9 1 1 4 9 6 10 8 1 3 7 6 1 7 1 8 3 8 3
split_gain=0.00523775 0.0111154 0.00678283 0.0223446 0.0327954 0.0271554 0.00948868 0.0126271 0.0094604 0.0126338 0.0106193 0.00802969 0.0257578 0.0194494 0.018495 0.0305983 0.0112341 0.0107624 0.0378688 0.0246529 0.0190393 0.0384521 0.0138765 0.0115114 0.0273283 0.0207514 0.0278304 0.0497597 0.0273133 0.00935966
threshold=105723.62500000001 95736.500000000015 92084.375000000015 88553.125000000015 86979.375000000015 85402.000000000015 137.50000000000003 79834208.000000015 94386.414062500015 95539.500000000015 91363.500000000015 87563.250000000015 125.50000000000001 137.50000000000003 81309.500000000015 86907.750000000015 88498.417968750015 95473.250000000015 73678.750000000015 127.50000000000001 97041.000000000015 198476168.00000003 82638.417968750015 151.50000000000003 55898732.000000007 148.50000000000003 62169.500000000007 59381.500000000007 68559.250000000015 31189.000000000004
decision_type=2 2 2 2 2 2 2 2 2 2 2 2 2 2 2 2 2 2 2 2 2 2 2 2 2 2 2 2 2 2
left_child=1 2 3 4 8 -5 7 -4 9 10 11 14 -13 -14 15 16 17 20 19 -19 23 -22 -21 25 -25 29 27 -27 -28 -1
right_child=-2 -3 6 5 -6 -7 -8 -9 -10 -11 -12 12 13 -15 -16 -17 -18 18 -20 22 21 -23 -24 24 -26 26 28 -29 -30 -31
leaf_value=0.0011291653915707553 -0.0012364765026551836 0.0022516399579630658 2.0604288874892521e-05 0.0040282057256748284 -0.0031013761017033284 -0.00066038750145318249 0.00076378907456442166 -0.0026754807852404686 0.0015670806647111208 -0.0025049643218517307 0.0016568056394298297 -0.0030072657449636609 0.0026492749776124308 -0.0011887256431603625 -0.0029404089741763614 0.0033901257509434666 0.002169523104870071 -0.0015712600062928489 -0.0036398225056473166 0.00014754596631973984 0.0039763720892369752 -0.00090252849894265335 0.0038726645987480881 -0.002801666892178002 0.0016895380779169502 -5.1905199749550469e-05 -0.0030377902579493822 0.0063875358648753421 0.0020151264317657637 -3.8347158506220157e-05
leaf_weight=70 34 22 32 30 34 21 27 38 39 20 39 36 23 31 21 27 24 37 36 20 35 30 20 42 20 24 20 24 23 3601
leaf_count=70 34 22 32 30 34 21 27 38 39 20 39 36 23 31 21 27 24 37 36 20 35 30 20 42 20 24 20 24 23 3601
internal_value=3.18121e-14 9.41339e-06 -1.68674e-06 1.67681e-05 -7.93466e-06 0.00209761 -0.000828728 -0.00144298 1.67432e-05 2.42561e-06 1.4357e-05 -1.02612e-06 -0.000935319 0.000445978 1.96136e-05 3.49505e-05 1.24494e-05 -4.86607e-07 -0.000962531 0.000289189 2.74669e-05 0.00172457 0.00201011 -1.38037e-06 -0.00135289 2.08933e-05 0.00151261 0.00316782 -0.000335067 -1.60846e-05
internal_weight=4500 4466 4444 4347 4296 51 97 70 4262 4223 4203 4164 90 54 4074 4053 4026 4002 113 77 3889 65 40 3824 62 3762 91 48 43 3671
internal_count=4500 4466 4444 4347 4296 51 97 70 4262 4223 4203 4164 90 54 4074 4053 4026 4002 113 77 3889 65 40 3824 62 3762 91 48 43 3671
is_linear=0
shrinkage=0.1


Tree=75
num_leaves=31
num_cat=0
split_feature=5 5 8 5 10 10 1 1 1 1 7 10 5 7 4 4 10 8 6 3 6 6 6 4 4 6 9 7 3 9
split_gain=0.00519162 0.0781388 0.0674801 0.0519297 0.0816089 0.055951 0.0689624 0.0535718 0.0457031 0.0425716 0.0323186 0.0312471 0.0307976 0.0260695 0.0241979 0.0448733 0.0238967 0.0237518 0.0980797 0.0491294 0.102851 0.0593176 0.0343543 0.0456883 0.032029 0.0232835 0.0482237 0.0569605 0.0638937 0.0477191
threshold=65850.500000000015 66481.000000000015 59868.000000000007 67096.500000000015 64126.875000000007 67623.000000000015 140.50000000000003 128.50000000000003 124.50000000000001 117.50000000000001 28330832.000000004 66139.250000000015 69398.000000000015 31439057.000000004 42814.000000000007 45921.500000000007 66139.250000000015 56353.125000000007 57752.750000000007 60032.000000000007 59845.250000000007 58677.500000000007 56601.750000000007 52528.500000000007 52843.000000000007 64242.666015625007 63360.000000000007 198476168.00000003 80560.000000000015 56866.750000000007
decision_type=2 2 2 2 2 2 2 2 2 2 2 2 2 2 2 2 2 2 2 2 2 2 2 2 2 2 2 2 2 2
left_child=2 13 17 4 -3 6 7 8 9 16 -9 -8 -7 -2 -14 -16 -5 18 22 21 -21 -19 23 -1 -20 29 27 28 -27 -17
right_child=1 3 -4 5 -6 12 11 10 -10 -11 -12 -13 14 -15 15 25 -18 19 24 20 -22 -23 -24 -25 -26 26 -28 -29 -30 -31
leaf_value=-1.9809395971308669e-05 0.0015989720911925868 0.001812070664579681 -0.004249020037838282 0.0021313076283061695 -0.0061623472720384598 -0.0030082691480804767 -0.0047047945670783521 0.0080194216343529891 -0.0030354591507819437 0.0050456965257126285 0.0032513020083900883 0.00068804888075894941 -0.0014562397905007987 0.0059539565238602727 0.003140886354420851 0.0030848868828995723 -0.0023023092746734621 -0.0035879053237537549 -0.002381862132372617 0.008588479066510564 -0.00059171352298178072 0.0032484001649374311 0.00231762409976293 -0.0048325098492205147 -0.0073776234684157227 0.0013903045396813575 -1.6716746502952339e-05 -0.0020586846303194762 0.0082146806318474843 -0.0018180098697735834
leaf_weight=1437 27 21 39 31 33 35 21 21 21 32 44 22 112 28 46 23 20 30 33 23 26 22 62 20 21 34 2028 20 23 145
leaf_count=1437 27 21 39 31 33 35 21 21 21 32 44 22 112 28 46 23 20 30 33 23 26 22 62 20 21 34 2028 20 23 145
internal_value=-4.13175e-12 8.42084e-05 -0.000137005 9.07971e-06 -0.00306118 7.09894e-05 0.00162992 0.00253969 0.00113213 0.00218659 0.00479177 -0.00194567 -6.30307e-05 0.00381606 -2.06271e-05 4.87083e-05 0.000392634 -4.12049e-05 -0.000136653 0.00144533 0.00371736 -0.000695622 1.22294e-05 -8.58725e-05 -0.00432466 -1.38699e-05 7.65476e-05 0.00253291 0.004144 -0.00114678
internal_weight=4500 2787 1713 2732 54 2678 212 169 104 83 65 43 2466 55 2431 2319 51 1674 1573 101 49 52 1519 1457 54 2273 2105 77 57 168
internal_count=4500 2787 1713 2732 54 2678 212 169 104 83 65 43 2466 55 2431 2319 51 1674 1573 101 49 52 1519 1457 54 2273 2105 77 57 168
is_linear=0
shrinkage=0.1


Tree=76
num_leaves=31
num_cat=0
split_feature=4 4 1 9 9 10 7 9 8 3 4 4 1 4 1 8 9 5 6 6 10 4 4 1 10 6 9 8 10 9
split_gain=0.00579379 0.0425692 0.0742697 0.0690437 0.0789701 0.0443656 0.0821446 0.0459769 0.0615525 0.0584229 0.0381871 0.0355769 0.0313769 0.0302285 0.0237808 0.0205121 0.0491947 0.0394108 0.0223817 0.03712 0.0428354 0.0291288 0.0374159 0.0280844 0.0279694 0.0598523 0.116463 0.0846146 0.0508501 0.0384794
threshold=51761.000000000007 52528.500000000007 115.50000000000001 57062.000000000007 57889.000000000007 62392.625000000007 7076636.5000000009 59122.500000000007 56232.125000000007 60032.000000000007 50975.000000000007 52149.000000000007 119.50000000000001 53797.500000000007 129.50000000000003 57991.875000000007 63049.500000000007 65850.500000000015 62806.333984375007 64242.666015625007 67204.875000000015 53271.500000000007 54278.000000000007 153.50000000000003 70102.750000000015 67268.500000000015 66302.000000000015 62802.250000000007 71150.000000000015 63360.000000000007
decision_type=2 2 2 2 2 2 2 2 2 2 2 2 2 2 2 2 2 2 2 2 2 2 2 2 2 2 2 2 2 2
left_child=10 2 -2 13 -5 6 -6 -7 -9 -10 -1 -4 -12 -3 -14 16 -11 -17 -19 -20 -21 -22 -23 24 25 26 27 -24 -26 -30
right_child=1 3 11 4 5 7 -8 8 9 15 12 -13 14 -15 -16 17 -18 18 19 20 21 22 23 -25 28 -27 -28 -29 29 -31
leaf_value=-3.1309333439569908e-05 -0.0025049639455530619 -0.0014285259880125523 0.0018676049597561358 0.005201948089525104 0.00059523734229582339 0.003806602522893103 -0.007860309117240831 -0.0046991552704841733 0.0045634186023782043 0.0039688391300539173 0.00037643201067112387 0.0071509958034417093 -0.0063153243658598509 -0.0068001664802432062 -0.0020552222328995796 -0.0032422984481436782 -0.002034501097209397 0.0028090894141973091 -0.0024389477432123388 0.0043763189657550798 -0.0036689151444339327 0.0034138849192073177 -8.6903348565101619e-06 0.0036537691302198382 0.0039020612945451457 -0.006523692198097706 0.0033438382526150066 -0.0086190630249413005 0.0039727584924548866 -5.9638934599614592e-05
leaf_weight=1986 21 22 25 30 27 33 20 27 29 39 32 26 20 20 38 37 21 29 60 23 21 33 25 21 34 20 42 21 24 1694
leaf_count=1986 21 22 25 30 27 33 20 27 29 39 32 26 20 20 38 37 21 29 60 23 21 33 25 21 34 20 42 21 24 1694
internal_value=3.18929e-14 0.000105008 0.00250016 3.16869e-05 0.000104744 3.76755e-05 -0.00300287 0.000101673 4.60986e-05 0.000105059 -0.000122611 0.0045611 -0.00213732 -0.00398645 -0.00352422 4.47552e-05 0.00186767 -7.72799e-06 5.07376e-05 1.10983e-05 8.61763e-05 3.51824e-05 7.58229e-05 1.72604e-05 -2.37969e-05 -0.00158565 -0.000463368 -0.00393951 7.24817e-05 -3.30742e-06
internal_weight=4500 2424 72 2352 2310 2280 47 2233 2200 2173 2076 51 90 42 58 2144 60 2084 2047 2018 1958 1935 1914 1881 1860 108 88 46 1752 1718
internal_count=4500 2424 72 2352 2310 2280 47 2233 2200 2173 2076 51 90 42 58 2144 60 2084 2047 2018 1958 1935 1914 1881 1860 108 88 46 1752 1718
is_linear=0
shrinkage=0.1


Tree=77
num_leaves=31
num_cat=0
split_feature=3 5 3 1 1 8 9 7 3 3 7 8 1 8 4 3 7 5 4 4 4 4 6 1 4 1 7 4 6 1
split_gain=0.005647 0.0279063 0.0265669 0.0361345 0.0412971 0.0231214 0.0637303 0.0397943 0.0414451 0.050387 0.0466849 0.0392808 0.0350264 0.0305793 0.0300058 0.0240578 0.0208753 0.0522466 0.0483659 0.0236397 0.0474614 0.059739 0.0652784 0.0402631 0.0405939 0.031411 0.0300776 0.0227657 0.0413306 0.0427209
threshold=56449.500000000007 61885.500000000007 55504.500000000007 127.50000000000001 137.50000000000003 46296.500000000007 48800.750000000007 47512762.000000007 58022.500000000007 58952.000000000007 11024018.500000002 43195.875000000007 122.50000000000001 39163.000000000007 46737.500000000007 60232.500000000007 41921622.000000007 61885.500000000007 37647.500000000007 46389.500000000007 43233.500000000007 44433.500000000007 49702.583984375007 125.50000000000001 48874.500000000007 132.50000000000003 4449182.5000000009 42260.000000000007 47102.250000000007 129.50000000000003
decision_type=2 2 2 2 2 2 2 2 2 2 2 2 2 2 2 2 2 2 2 2 2 2 2 2 2 2 2 2 2 2
left_child=2 5 16 -4 -5 6 11 8 10 -10 -7 13 -11 -2 -14 -16 17 19 -18 20 27 -22 -23 24 -21 -25 -27 28 -1 -30
right_child=1 -3 3 4 -6 7 -8 -9 9 12 -12 -13 14 -15 15 -17 18 -19 -20 23 21 22 -24 25 -26 26 -28 -29 29 -31
leaf_value=0.00022119105579964955 0.00052648065400055864 2.8148335755205023e-05 0.0045585779118368919 -0.0031629595719277859 0.0032633207214530558 -0.0012607373682589369 -0.0055093857384211319 0.0032929729061344499 -0.0046861259089339344 0.0022996861860156057 0.0046360575743019583 0.0032507168339742792 -0.0049412098530627283 -0.0048762305267155172 0.0019914393694224685 -0.0026851717657832941 0.00029248753203622375 -0.0051705989520996814 0.0049081152704145226 0.006092604839553436 -0.0052334471885114907 0.002945936680020344 -0.0036546191072155693 -0.0031936165910641046 0.00044026705436408522 -0.0011638464708812535 0.0038469689533762309 0.0025107397358059081 -0.005940325490360999 -0.0003260525465576035
leaf_weight=544 22 3083 32 20 20 29 37 26 42 30 25 21 21 20 22 22 120 20 28 27 40 31 29 24 24 25 23 37 23 33
leaf_count=544 22 3083 32 20 20 29 37 26 42 30 25 21 21 20 22 22 120 20 28 27 40 31 29 24 24 25 23 37 23 33
internal_value=1.63766e-12 -6.37176e-05 0.000196945 0.00205391 5.01806e-05 -0.000957164 -0.00221524 -0.000377405 -0.000877038 -0.00180186 0.00146926 -0.000280587 -0.000526705 -0.00204624 -0.00183119 -0.000346866 6.68853e-05 -0.000117918 0.00116571 -4.13552e-07 -0.000214599 -0.00223998 -0.000244332 0.00128296 0.00343268 -0.000239759 0.00123717 0.000103356 -4.50988e-05 -0.00263191
internal_weight=4500 3400 1100 72 40 317 100 217 191 137 54 63 95 42 65 44 1028 880 148 860 737 100 60 123 51 72 48 637 600 56
internal_count=4500 3400 1100 72 40 317 100 217 191 137 54 63 95 42 65 44 1028 880 148 860 737 100 60 123 51 72 48 637 600 56
is_linear=0
shrinkage=0.1


Tree=78
num_leaves=31
num_cat=0
split_feature=1 9 6 1 4 3 9 9 1 9 3 4 5 9 6 3 6 9 8 8 5 8 3 5 5 10 7 6 5 8
split_gain=0.00497051 0.0201677 0.0347199 0.0144689 0.0287722 0.0605319 0.0285501 0.0356511 0.0244226 0.0343829 0.146642 0.0455409 0.0323258 0.0242056 0.0717141 0.0216265 0.0409087 0.0375197 0.0297294 0.0296518 0.0159859 0.0141466 0.0132286 0.0423533 0.0508567 0.0461105 0.0416556 0.0338791 0.0230144 0.0235672
threshold=131.50000000000003 35018.000000000007 38551.250000000007 128.50000000000003 47994.000000000007 49628.000000000007 64556.000000000007 61604.000000000007 127.50000000000001 57202.750000000007 52020.500000000007 65234.500000000007 72757.000000000015 53403.250000000007 49888.583984375007 79061.000000000015 76907.750000000015 80505.750000000015 86979.375000000015 79700.250000000015 75419.500000000015 37808.125000000007 46127.000000000007 49980.000000000007 52885.000000000007 52152.500000000007 26318653.000000004 47956.083984375007 54797.500000000007 42679.250000000007
decision_type=2 2 2 2 2 2 2 2 2 2 2 2 2 2 2 2 2 2 2 2 2 2 2 2 2 2 2 2 2 2
left_child=3 -2 -3 8 5 21 7 -6 -1 10 -10 12 -11 14 -7 20 -17 -18 19 -19 -8 -5 -4 -24 26 -26 -25 -27 -29 -30
right_child=1 2 22 4 6 13 15 -9 9 11 -12 -13 -14 -15 -16 16 17 18 -20 -21 -22 -23 23 24 25 27 -28 28 29 -31
leaf_value=7.6245562849334048e-05 0.0030336432950571184 -0.0037874851628797706 0.0014806275310761789 0.00055137492483481765 0.0014359330874867738 -0.004382759063608117 0.0003448474912367987 0.0064051784955981104 0.0019702345448119256 -0.00075874883890113178 -0.0092037451554737668 -0.0031303357053548103 0.0044314490283189423 -0.0046583948117956799 0.0033086714657573875 0.0050053819734603173 -0.0031493027059530674 0.00054478680598549548 -0.0013789602954472815 0.0059901354322209957 -0.0032380510921939279 0.0042260905960574751 -0.0037019052034751934 0.0047029231895859809 -0.0044495503287762406 0.0037755052569660949 -0.00091033699922263625 -0.0033875764051282948 -0.0032413576283336931 -8.4086397135033864e-05
leaf_weight=2165 20 26 51 20 42 27 33 22 24 24 23 30 24 27 22 25 22 20 21 20 20 22 33 39 25 22 20 22 24 1585
leaf_count=2165 20 26 51 20 42 27 33 22 24 24 23 30 24 27 22 25 22 20 21 20 20 22 33 39 25 22 20 22 24 1585
internal_value=2.0916e-12 -0.000124809 -0.00015901 8.84995e-05 0.000694208 -0.000570499 0.00135748 0.00314411 -2.22451e-06 -0.00136133 -0.00349788 -7.39137e-05 0.00183635 -0.00225422 -0.000929464 0.000647262 0.00145917 0.000391032 0.00166787 0.00326746 -0.00100719 0.00247623 -0.000107203 -0.000152954 -8.55306e-05 -0.000186993 0.00280012 -0.000122526 -0.000175105 -0.000131181
internal_weight=4500 1867 1847 2633 343 118 225 64 2290 125 47 78 48 76 49 161 108 83 61 40 53 42 1821 1770 1737 1678 59 1653 1631 1609
internal_count=4500 1867 1847 2633 343 118 225 64 2290 125 47 78 48 76 49 161 108 83 61 40 53 42 1821 1770 1737 1678 59 1653 1631 1609
is_linear=0
shrinkage=0.1


Tree=79
num_leaves=31
num_cat=0
split_feature=5 3 5 3 10 10 10 3 5 1 1 5 10 3 5 9 4 9 7 7 4 10 1 1 7 5 3 1 9 7
split_gain=0.00472835 0.0199444 0.0206389 0.0184991 0.0159679 0.0165085 0.0141815 0.00866397 0.0110676 0.0368167 0.0501042 0.0281434 0.0230769 0.00975556 0.0188986 0.0306517 0.0532134 0.0518031 0.0288401 0.0225704 0.025914 0.0142556 0.0252973 0.0132781 0.0258584 0.0248114 0.0783157 0.0560152 0.0556548 0.0538131
threshold=32132.500000000004 33370.000000000007 36097.000000000007 26631.000000000004 34774.500000000007 36737.875000000007 38295.500000000007 38839.000000000007 44292.500000000007 103.50000000000001 115.50000000000001 45076.500000000007 40392.375000000007 41934.500000000007 48503.000000000007 42546.500000000007 34077.500000000007 45422.750000000007 8510843.5000000019 1600809.9375000002 56593.500000000007 48295.625000000007 124.50000000000001 145.50000000000003 2508322.7500000005 62581.000000000007 70275.000000000015 148.50000000000003 71955.500000000015 37047620.000000007
decision_type=2 2 2 2 2 2 2 2 2 2 2 2 2 2 2 2 2 2 2 2 2 2 2 2 2 2 2 2 2 2
left_child=3 2 -2 -1 -3 -6 -7 -8 9 -9 -11 -10 -12 -13 15 16 -15 18 -17 20 -16 22 -21 24 -23 -25 27 -27 29 -28
right_child=1 4 -4 -5 5 6 7 8 11 10 12 13 -14 14 19 17 -18 -19 -20 21 -22 23 -24 25 -26 26 28 -29 -30 -31
leaf_value=0.0008534374588634819 0.0034208305323879945 -0.0028313385462388398 -0.00062758781714364895 -0.0028508632864731437 0.0023384602526978901 -0.0021128393585968298 0.0015670735681695598 -0.0046644573353908283 0.0030144246039731852 0.0041525631655184997 0.0012506913905963304 0.0020902968435124918 -0.0029095624294131995 -0.0022775620118611387 0.0049231942743062978 -0.0021632605542739234 0.0045279802952427417 0.0012992454337931816 -0.0074041320454506648 -0.00015628239747861195 -0.00016738041071221235 -0.0027218620477691044 0.0040350837594208622 0.0023640238026517535 -6.4329082174096195e-05 -0.0057173478297259219 0.0075904051028192051 0.00021112726147597038 -0.00013334746511279631 0.0016586718376716957
leaf_weight=28 34 20 20 26 30 32 35 22 31 21 20 22 40 27 20 21 20 21 21 36 20 37 24 62 3507 34 20 30 154 65
leaf_count=28 34 20 20 26 30 32 35 22 31 21 20 22 40 27 20 21 20 21 21 36 20 37 24 62 3507 34 20 30 154 65
internal_value=6.85573e-12 1.12969e-05 0.00192142 -0.000930115 -1.21881e-05 7.08261e-07 -1.54439e-05 1.28438e-07 -1.27004e-05 -0.00103673 -5.14178e-05 1.25812e-05 -0.00152281 -9.89091e-06 -2.11082e-05 -0.00131423 0.000618413 -0.00275605 -0.0047837 1.43729e-05 0.00237791 -9.44707e-06 0.00152026 -3.29269e-05 -9.20742e-05 0.000541369 0.000168417 -0.00293838 0.00100036 0.00305437
internal_weight=4500 4446 54 54 4392 4372 4342 4310 4275 103 81 4172 60 4141 4119 110 47 63 42 4009 40 3969 60 3909 3544 365 303 64 239 85
internal_count=4500 4446 54 54 4392 4372 4342 4310 4275 103 81 4172 60 4141 4119 110 47 63 42 4009 40 3969 60 3909 3544 365 303 64 239 85
is_linear=0
shrinkage=0.1


Tree=80
num_leaves=31
num_cat=0
split_feature=1 1 4 8 4 9 1 8 9 8 8 8 4 8 9 4 10 7 8 5 4 1 1 6 9 8 1 7 8 4
split_gain=0.00507503 0.0211993 0.0254775 0.0886703 0.0472385 0.0471715 0.0254274 0.0189327 0.040504 0.0259665 0.064923 0.0450922 0.0464514 0.0711266 0.0489884 0.036376 0.0409842 0.0342053 0.0325517 0.0306283 0.0262214 0.0303669 0.0367893 0.0366474 0.0233797 0.0247761 0.0136813 0.0422129 0.0298728 0.0354566
threshold=140.50000000000003 142.50000000000003 55825.000000000007 55009.125000000007 67998.500000000015 70420.500000000015 141.50000000000003 43857.500000000007 43123.750000000007 62011.875000000007 65194.500000000007 60684.625000000007 55191.000000000007 54528.750000000007 60856.000000000007 46205.500000000007 63094.250000000007 37782622.000000007 66580.000000000015 74250.000000000015 62775.500000000007 143.50000000000003 144.50000000000003 73731.917968750015 77087.250000000015 78301.000000000015 138.50000000000003 40690770.000000007 58863.250000000007 59789.500000000007
decision_type=2 2 2 2 2 2 2 2 2 2 2 2 2 2 2 2 2 2 2 2 2 2 2 2 2 2 2 2 2 2
left_child=26 2 3 6 5 -4 -2 8 -3 11 19 12 13 15 -15 17 -17 -9 -12 -11 -20 -22 -23 -24 -25 -26 -1 -28 -29 -30
right_child=1 7 4 -5 -6 -7 -8 9 -10 10 18 -13 -14 14 -16 16 -18 -19 20 -21 21 22 23 24 25 -27 27 28 29 -31
leaf_value=1.3004585813806313e-06 -0.001909373838200488 0.0013016730977056055 -0.0011672996519689238 -0.0072832325930134029 -0.0030576045875381117 0.0043060652107669737 0.0020350802631583067 -0.00091075590797558878 -0.004528368088918237 -0.0066091471910476682 0.0036994478702545167 0.0051042354151528951 -0.0029217749498925655 0.0063107399696794644 0.00067587058680752918 2.4348533210846097e-05 -0.0052980552569193689 0.0035768013208040171 -0.0024690589652611658 -0.0017283705968616739 0.0030006867073502186 -0.0033790824655443434 0.0040391076239757245 -0.0030322381508691861 0.0026999285628059597 -0.00059491766984826207 -0.00073471136115999393 0.0037180119563760073 -0.0022880709300247526 0.0024107794833461023
leaf_weight=3445 44 22 31 26 33 32 26 33 26 20 25 24 33 36 27 39 23 35 39 36 36 30 24 24 33 74 99 57 26 42
leaf_count=3445 44 22 31 26 33 32 26 33 26 20 25 24 33 36 27 39 23 35 39 36 36 30 24 24 33 74 99 57 26 42
internal_value=2.53268e-12 -0.000223145 -0.00114457 -0.0022965 7.36298e-06 0.00161282 -0.000444291 5.37157e-05 -0.00185627 0.000208841 -0.000358711 0.000982983 0.000545327 0.00113815 0.0038958 -0.000198251 -0.00195009 0.00139902 0.000252925 -0.00347151 -7.8471e-05 0.000343398 -0.000173697 0.000446701 -0.00021145 0.00042125 5.05405e-05 0.000807827 0.00202952 0.00061416
internal_weight=4500 831 192 96 96 63 70 639 48 591 341 250 226 193 63 130 62 68 285 56 260 221 185 155 131 107 3669 224 125 68
internal_count=4500 831 192 96 96 63 70 639 48 591 341 250 226 193 63 130 62 68 285 56 260 221 185 155 131 107 3669 224 125 68
is_linear=0
shrinkage=0.1


Tree=81
num_leaves=31
num_cat=0
split_feature=1 1 7 9 1 1 4 4 5 3 1 4 10 3 1 4 3 3 5 1 5 7 7 3 7 8 3 3 1 1
split_gain=0.00471645 0.0370037 0.0551683 0.0456848 0.0590042 0.0291536 0.0226678 0.0249321 0.0196686 0.0361286 0.0224534 0.0354228 0.0331501 0.0317481 0.0173262 0.0480158 0.0481906 0.0651995 0.0623958 0.0184448 0.0604183 0.0170573 0.0406538 0.039664 0.0338036 0.0393372 0.016417 0.0229605 0.0320037 0.024019
threshold=100.50000000000001 105.50000000000001 35543246.000000007 73732.000000000015 103.50000000000001 97.500000000000014 56085.000000000007 34077.500000000007 38655.500000000007 52552.500000000007 95.500000000000014 65234.500000000007 70958.125000000015 62510.500000000007 108.50000000000001 67823.500000000015 69147.500000000015 56449.500000000007 47553.000000000007 109.50000000000001 69147.500000000015 1371899.0000000002 2794787.3750000005 49849.000000000007 3398868.0000000005 56232.125000000007 31189.000000000004 37431.500000000007 121.50000000000001 115.50000000000001
decision_type=2 2 2 2 2 2 2 2 2 2 2 2 2 2 2 2 2 2 2 2 2 2 2 2 2 2 2 2 2 2
left_child=5 2 -2 4 -4 8 7 -7 -1 -10 11 12 13 -11 15 16 17 18 -3 20 -16 23 -23 -21 25 -24 -26 28 -28 -29
right_child=1 14 3 -5 -6 6 -8 -9 9 10 -12 -13 -14 -15 19 -17 -18 -19 -20 21 -22 22 24 -25 26 -27 27 29 -30 -31
leaf_value=0.001815573960591696 -0.0035417007720129796 0.0028887541606449165 0.0051184698028789305 -0.0030880342502819583 -0.0015654344111680986 0.003729263655397864 0.0045468095040026432 -0.00050788235555334791 -0.0036196513909517846 0.0021591773663257141 -0.0025763568625229204 -0.0030723486406107744 0.0041421495558273411 -0.0024338894782380926 0.0012925693730789203 0.005423172637396916 -0.0026315410026802205 0.0059349674908444287 -0.0044400008594883342 -0.0050825709654461777 -0.0056820976750358299 0.0022154345962224482 8.7890325283462357e-05 0.00092848504326589743 0.0025768642904004085 -0.0060398488398641353 -0.0050916211746100878 0.00086499892834276211 -0.00012647016110884794 -4.3711297921874489e-05
leaf_weight=38 73 26 28 27 25 21 24 41 34 34 27 21 31 27 27 22 37 25 21 21 23 84 22 23 25 20 21 319 34 3299
leaf_count=38 73 26 28 27 25 21 24 41 34 34 27 21 31 27 27 22 37 25 21 21 23 84 22 23 25 20 21 319 34 3299
internal_value=-2.43211e-12 -2.72635e-05 -0.00155385 0.000260055 0.00196568 0.000384433 0.00193738 0.00092728 -0.000245536 -0.000695664 1.44478e-05 0.00063349 0.00147939 0.000126181 3.0422e-05 0.00116171 0.000301603 0.00180891 -0.000385796 -7.40325e-06 -0.00191578 1.72655e-05 3.97913e-05 -0.00194043 -9.07346e-06 -0.00283008 2.29661e-05 5.58319e-06 -0.00202226 3.64099e-05
internal_weight=4500 4202 153 80 53 298 86 62 212 174 140 113 92 61 4049 131 109 72 47 3918 50 3868 3824 44 3740 42 3698 3673 55 3618
internal_count=4500 4202 153 80 53 298 86 62 212 174 140 113 92 61 4049 131 109 72 47 3918 50 3868 3824 44 3740 42 3698 3673 55 3618
is_linear=0
shrinkage=0.1


Tree=82
num_leaves=31
num_cat=0
split_feature=7 5 1 1 4 1 3 3 1 10 1 1 7 5 6 4 8 8 4 4 7 7 4 4 7 10 7 7 3 10
split_gain=0.00493709 0.00596705 0.016572 0.0155601 0.0257098 0.0176483 0.0166811 0.0151507 0.0100815 0.0274077 0.015434 0.0159571 0.0389971 0.0346468 0.0627754 0.0498762 0.0444097 0.0158495 0.0383916 0.0401654 0.0116217 0.0215199 0.0345103 0.0272355 0.0102095 0.0450773 0.0144497 0.0238697 0.0803696 0.0114078
threshold=1133249.8125000002 32132.500000000004 77.500000000000014 90.500000000000014 50975.000000000007 93.500000000000014 52552.500000000007 31189.000000000004 96.500000000000014 67204.875000000015 100.50000000000001 105.50000000000001 166136888.00000003 83655.000000000015 61164.167968750007 46205.500000000007 39163.000000000007 42977.250000000007 45921.500000000007 56085.000000000007 1600809.9375000002 2794787.3750000005 48399.500000000007 59280.500000000007 3398868.0000000005 58189.625000000007 3759388.3750000005 4315418.2500000009 56242.500000000007 56779.375000000007
decision_type=2 2 2 2 2 2 2 2 2 2 2 2 2 2 2 2 2 2 2 2 2 2 2 2 2 2 2 2 2 2
left_child=-1 -2 -3 4 6 -5 -4 -7 9 -9 17 12 13 14 15 16 -12 -10 -19 -20 -13 22 -22 -24 25 -23 -26 28 -28 -29
right_child=1 2 3 5 -6 7 -8 8 10 -11 11 20 -14 -15 -16 -17 -18 18 19 -21 21 24 23 -25 26 -27 27 29 -30 -31
leaf_value=0.0011663800079582465 -0.0011068569198108222 0.0028747833927627656 -0.0022151136327357517 0.0025162455060386232 -0.0041416361345909536 0.0025571954983246072 0.0015742335326369636 0.0010839621271006763 -0.00070930992349468435 -0.0033992252483343085 -0.0038090216267543534 -0.0019851973794143777 0.0027123309489663528 -0.0053692705278411855 0.003871059905560244 -0.0060816479322966192 0.0019622269887865211 0.0057638769270852213 -0.0028736188821494582 0.0029938724490680864 0.0045638171266074541 0.0016790296459062535 -0.0026893608039245012 0.0024094142443077133 0.0021604898885162847 -0.0047224817543544554 -0.0070216555858496586 0.00036878403459416779 0.0014832064323127272 -6.6907258370674941e-05
leaf_weight=36 49 20 21 28 24 23 26 25 29 30 24 29 23 22 21 24 30 20 20 28 27 22 20 22 31 22 20 751 25 3008
leaf_count=36 49 20 21 28 24 23 26 25 29 30 24 29 23 22 21 24 30 20 20 28 27 22 20 22 31 22 20 751 25 3008
internal_value=1.26444e-12 -9.40629e-06 2.7738e-06 -1.02956e-05 -0.00147868 1.38153e-05 -0.000118879 -2.4948e-06 -1.62727e-05 -0.00136141 1.26708e-06 -2.80803e-05 -0.0010622 -0.00177968 -0.00098199 -0.00228858 -0.000602772 0.00124808 0.00208285 0.000549084 9.36342e-06 2.40144e-05 0.00177454 -1.85739e-05 -7.12398e-06 -0.00152173 1.02535e-05 -7.2695e-06 -0.00229673 2.01383e-05
internal_weight=4500 4464 4415 4395 71 4324 47 4296 4273 55 4218 4121 144 121 99 78 54 97 68 48 3977 3948 69 42 3879 44 3835 3804 45 3759
internal_count=4500 4464 4415 4395 71 4324 47 4296 4273 55 4218 4121 144 121 99 78 54 97 68 48 3977 3948 69 42 3879 44 3835 3804 45 3759
is_linear=0
shrinkage=0.1


Tree=83
num_leaves=31
num_cat=0
split_feature=4 4 5 9 9 10 7 9 8 10 5 10 7 5 3 9 4 3 1 8 5 3 3 7 3 7 7 6 6 6
split_gain=0.00524149 0.0330283 0.0627297 0.0533376 0.0617712 0.0340753 0.0612107 0.0381856 0.0423185 0.0514633 0.0366501 0.0491561 0.0711623 0.0586121 0.033286 0.0330351 0.029335 0.0284344 0.026172 0.025768 0.0239871 0.0328654 0.0540917 0.0420403 0.0247727 0.0548275 0.0639733 0.0362817 0.0813222 0.0768194
threshold=51761.000000000007 52528.500000000007 64199.000000000007 57062.000000000007 57889.000000000007 62392.625000000007 7076636.5000000009 58898.000000000007 56232.125000000007 63226.250000000007 66901.000000000015 67781.250000000015 7076636.5000000009 68582.500000000015 64616.000000000007 63771.000000000007 50975.000000000007 73177.000000000015 119.50000000000001 55009.125000000007 69398.000000000015 68740.000000000015 67559.000000000015 25803129.000000004 71166.500000000015 17380433.000000004 24165171.000000004 67456.164062500015 69114.417968750015 66788.167968750015
decision_type=2 2 2 2 2 2 2 2 2 2 2 2 2 2 2 2 2 2 2 2 2 2 2 2 2 2 2 2 2 2
left_child=16 2 -2 19 -5 6 -6 -7 -9 -10 14 12 -12 -14 -11 -15 -1 -4 -18 -3 -13 22 23 -22 25 -23 -27 29 -29 -26
right_child=1 3 17 4 5 7 -8 8 9 10 11 20 13 15 -16 -17 18 -19 -20 -21 21 24 -24 -25 27 26 -28 28 -30 -31
leaf_value=-3.6597963288770604e-05 0.0069690725672990096 -0.0011346996761858463 -0.0024620721926025694 0.0046076073497533804 0.00048146388596958584 0.0040635989571455866 -0.0068175747711211451 -0.0036155552246547756 0.0049174720040437853 -0.00019335164971906989 -0.0028427394758909941 -0.0028775789392446833 0.0075726412631209111 0.0042126556898912657 -0.004570716528905905 -0.0013443754799664022 0.00041336689282616139 0.0023036991644109928 -0.0031490986120028038 -0.0060942082968540494 -0.0019124639530976612 -0.0041290876234415927 0.0061488164992466489 0.0035881036349261798 0.00041029397217394079 0.0049060621165803505 -0.0021971140924506474 -0.0032733637616038321 9.6556021207786654e-05 0.0063173811150980851
leaf_weight=1986 20 22 21 30 27 24 20 31 22 38 20 28 27 23 32 20 32 31 58 20 33 45 23 24 103 21 32 75 1584 28
leaf_count=1986 20 22 21 30 27 24 20 31 22 38 20 28 27 23 32 20 32 31 58 20 33 45 23 24 103 21 32 75 1584 28
internal_value=-4.41562e-12 9.98777e-05 0.00220962 3.52938e-05 9.95058e-05 4.01887e-05 -0.00262451 9.62751e-05 5.31715e-05 0.000105389 5.62865e-05 0.000131814 0.00241789 0.00392093 -0.00219443 0.00162799 -0.00011662 0.000379061 -0.00188244 -0.00349637 2.87344e-05 7.00844e-05 0.00205532 0.000403565 -1.4036e-05 -0.00156214 0.000617352 7.07203e-05 -5.57912e-05 0.00167288
internal_weight=4500 2424 72 2352 2310 2280 47 2233 2209 2178 2156 2086 90 70 70 43 2076 52 90 42 1996 1968 80 57 1888 98 53 1790 1659 131
internal_count=4500 2424 72 2352 2310 2280 47 2233 2209 2178 2156 2086 90 70 70 43 2076 52 90 42 1996 1968 80 57 1888 98 53 1790 1659 131
is_linear=0
shrinkage=0.1


Tree=84
num_leaves=31
num_cat=0
split_feature=7 7 7 3 9 1 7 8 3 8 1 9 8 8 9 7 4 9 9 3 1 7 7 5 5 9 9 8 9 7
split_gain=0.00457279 0.0523338 0.0380163 0.0401385 0.0306236 0.0219041 0.0190972 0.0223777 0.051887 0.0426256 0.0424932 0.0155952 0.0351107 0.0345332 0.0265625 0.0459529 0.0358652 0.030073 0.0470749 0.0526867 0.0493747 0.0367275 0.0432795 0.0396648 0.0324599 0.0293508 0.036532 0.0468253 0.0411428 0.0302101
threshold=50119108.000000007 53738270.000000007 52349870.000000007 67169.500000000015 68120.750000000015 151.50000000000003 43456230.000000007 76464.500000000015 79061.000000000015 60807.250000000007 118.50000000000001 41972.250000000007 42679.250000000007 32378.625000000004 61370.500000000007 59586174.000000007 52686.000000000007 60384.000000000007 57062.000000000007 66704.500000000015 121.50000000000001 83904444.000000015 71010324.000000015 60863.500000000007 66226.000000000015 65406.500000000007 68313.250000000015 60684.625000000007 66876.000000000015 254990824.00000003
decision_type=2 2 2 2 2 2 2 2 2 2 2 2 2 2 2 2 2 2 2 2 2 2 2 2 2 2 2 2 2 2
left_child=5 2 3 -2 -5 6 -1 8 9 10 -8 13 -13 -3 16 -16 17 18 21 -20 -21 22 23 -14 -23 29 27 28 -27 -17
right_child=1 11 -4 4 -6 -7 7 -9 -10 -11 -12 12 14 -15 15 25 -18 -19 19 20 -22 24 -24 -25 -26 26 -28 -29 -30 -31
leaf_value=5.1974169173542837e-05 0.0026323643386025322 -0.00070157192692041717 -0.0049070950455239251 -0.0051747046836206449 -0.00020915266876626347 -0.0020962455406940235 0.0033862632513046264 0.0038997428771108387 -0.0032196204994501647 0.0043384633443661431 -0.0012495573357165118 -0.0017798631058204583 -0.0020432374657779607 0.003073889873689041 -0.0023498117688318925 -0.00073463537901604801 0.0034829056578103545 0.0034169058449004942 0.0028111429885029795 -0.0065898900963366038 -0.0011285409749466546 0.0053293671638433206 -0.0026460112193599345 0.0031452005160844706 0.0012768187416700781 0.0020614026263884671 -2.9764766449986982e-05 0.0042840370536841301 -0.0033725936389104889 -0.0048067203320732175
leaf_weight=2278 22 47 36 23 27 45 30 25 28 38 58 111 23 50 90 106 43 31 20 25 49 24 50 41 112 38 939 47 22 22
leaf_count=2278 22 47 36 23 27 45 30 25 28 38 58 111 23 50 90 106 43 31 20 25 49 24 50 41 112 38 939 47 22 22
internal_value=-2.58701e-15 -0.000112806 -0.00225378 -0.000927129 -0.00249331 9.00821e-05 0.000130125 0.00112469 0.000674194 0.00153949 0.000330836 9.53611e-06 -5.72768e-05 0.00124454 5.64016e-05 -0.000172125 0.000747447 0.000433781 0.000164953 -0.0017428 -0.00297359 0.000882267 -0.000441595 0.00128061 0.00199197 -5.18086e-06 0.000169729 0.00192043 6.89373e-05 -0.00143452
internal_weight=4500 1998 108 72 50 2502 2457 179 154 126 88 1890 1793 97 1682 1264 418 375 344 94 74 250 114 64 136 1174 1046 107 60 128
internal_count=4500 1998 108 72 50 2502 2457 179 154 126 88 1890 1793 97 1682 1264 418 375 344 94 74 250 114 64 136 1174 1046 107 60 128
is_linear=0
shrinkage=0.1


Tree=85
num_leaves=31
num_cat=0
split_feature=8 4 6 3 6 9 6 8 4 7 5 5 4 10 9 1 5 7 8 1 7 3 5 10 10 3 7 10 7 9
split_gain=0.00440253 0.00802693 0.00835596 0.0170789 0.0515019 0.0286084 0.0229327 0.0168073 0.0110085 0.0125107 0.00862379 0.036479 0.0326143 0.0252102 0.0310374 0.0240171 0.0216468 0.046847 0.0183175 0.0148202 0.0145678 0.008921 0.0248332 0.031469 0.0330624 0.0312556 0.0373579 0.0282524 0.0261144 0.0233657
threshold=99764.375000000015 90916.000000000015 97792.000000000015 108951.00000000001 94993.082031250015 83295.250000000015 94993.082031250015 88553.125000000015 78401.000000000015 153846480.00000003 104204.00000000001 101690.50000000001 74702.000000000015 95473.250000000015 84843.750000000015 137.50000000000003 97151.500000000015 198476168.00000003 80010.375000000015 129.50000000000003 177957968.00000003 89303.500000000015 93167.000000000015 86619.500000000015 87922.750000000015 90288.500000000015 56597424.000000007 91790.250000000015 129094764.00000001 72962.500000000015
decision_type=2 2 2 2 2 2 2 2 2 2 2 2 2 2 2 2 2 2 2 2 2 2 2 2 2 2 2 2 2 2
left_child=1 2 3 6 5 -5 7 10 -4 -10 11 13 15 16 -15 -12 21 19 -16 -18 -13 -1 23 -23 -25 -26 -27 28 -24 -30
right_child=-2 -3 8 4 -6 -7 -8 -9 9 -11 12 20 -14 14 18 -17 17 -19 -20 -21 -22 22 27 24 25 26 -28 -29 29 -31
leaf_value=2.9057407030936384e-05 -0.00079852858907543129 0.0015428562569842839 -0.0029283982108939781 0.0023859686390669261 0.0058606890006922194 -0.0020339669019449505 -0.0030910733250493652 0.0025940346755087378 -0.0018718440905213355 0.0012326507346221696 -0.0015346918766024628 0.0046427616317357336 -0.0044217769389173819 -0.0049657422583550218 0.0013601603225753126 0.0024538886742308166 0.0058622086886316541 -0.0014503796822046516 -0.0021286454144180482 0.0020586123556963036 0.0012928765767034802 0.0013040341719081907 0.0047348388513042171 -0.0048791040317155421 -0.0046425594761967661 0.0033610946676206027 -0.0017121664250883809 -0.00078217209234172783 0.0025689814975485207 -0.0020167721644975246
leaf_weight=3593 68 34 22 27 20 32 24 25 25 27 36 21 21 22 27 26 20 27 34 21 34 33 22 33 20 21 47 93 25 20
leaf_count=3593 68 34 22 27 20 32 24 25 25 27 36 21 21 22 27 26 20 27 34 21 34 33 22 33 20 21 47 93 25 20
internal_value=-6.4693e-12 1.22518e-05 4.19009e-07 1.8451e-05 0.00147529 -1.12845e-05 -8.66099e-06 8.86517e-06 -0.00105323 -0.000259895 -6.53742e-06 1.38279e-05 -0.00101572 -2.08432e-05 -0.00174573 0.000137939 1.51734e-05 0.00178404 -0.00058442 0.00391403 0.00257192 -1.56131e-05 -0.000526764 -0.00143323 -0.00217976 -0.0011675 -0.000145424 0.00034571 0.00191128 0.000530869
internal_weight=4500 4432 4398 4324 79 59 4245 4221 74 52 4196 4113 83 4058 83 62 3975 68 61 41 55 3907 314 154 121 88 68 160 67 45
internal_count=4500 4432 4398 4324 79 59 4245 4221 74 52 4196 4113 83 4058 83 62 3975 68 61 41 55 3907 314 154 121 88 68 160 67 45
is_linear=0
shrinkage=0.1


Tree=86
num_leaves=31
num_cat=0
split_feature=4 4 1 9 9 4 8 8 3 3 4 10 5 10 9 9 4 9 8 10 10 10 4 4 4 4 8 4 1 4
split_gain=0.00450825 0.0275064 0.0559059 0.0440237 0.0514666 0.148008 0.047943 0.0382111 0.0335028 0.0491649 0.0286943 0.0284567 0.0241418 0.0353663 0.0889343 0.05136 0.0336046 0.0229812 0.0607817 0.0535905 0.039723 0.0245994 0.0228805 0.0226117 0.0686792 0.0683956 0.0517613 0.0362265 0.0538063 0.0328173
threshold=51761.000000000007 52528.500000000007 115.50000000000001 57062.000000000007 59122.500000000007 53120.500000000007 56353.125000000007 56502.500000000007 59099.000000000007 60543.000000000007 52149.000000000007 63226.250000000007 66901.000000000015 68173.500000000015 65751.500000000015 64374.500000000007 58905.000000000007 68313.250000000015 61460.875000000007 76797.125000000015 85506.625000000015 92124.250000000015 53797.500000000007 49067.000000000007 48508.000000000007 49479.500000000007 57346.500000000007 50035.500000000007 130.50000000000003 48273.500000000007
decision_type=2 2 2 2 2 2 2 2 2 2 2 2 2 2 2 2 2 2 2 2 2 2 2 2 2 2 2 2 2 2
left_child=17 2 -2 22 5 -5 -6 -7 -8 -10 -4 -11 16 14 15 -14 -13 18 23 -19 -21 -22 -3 24 26 -25 29 28 -27 -1
right_child=1 3 10 4 6 7 8 -9 9 11 -12 12 13 -15 -16 -17 -18 19 -20 20 21 -23 -24 25 -26 27 -28 -29 -30 -31
leaf_value=7.4098445295143702e-05 -0.0023245314818008673 -0.00094941829500550575 0.001387066202238202 -0.0046117121882906014 -0.0037276382982621304 0.0073397870073677041 0.0040315327811099233 0.0024900325235318057 -0.0043043389844779787 0.0036484755067662761 0.006131955328321336 -0.0035279981026958142 0.0022286407934615808 1.1741511258117775e-06 0.0077203151415146526 -0.0033414255231618882 0.0013713140621326777 -0.0060661672592340482 0.004970740385761019 0.002502181849364812 -0.0044250312300088508 -0.0001606410480998156 -0.0056227986561134466 -0.0047721545421518389 0.0039366232104260821 -0.0010588311403989792 -0.0039871384816554693 -0.00098204201115910318 0.0056431538222924526 -0.0033203554114904898
leaf_weight=1593 21 22 25 22 34 32 21 33 26 22 26 42 49 1962 21 25 21 21 24 30 24 31 20 40 44 25 33 159 23 29
leaf_count=1593 21 22 25 22 34 32 21 33 26 22 26 42 49 1962 21 25 21 21 24 30 24 31 20 40 44 25 33 159 23 29
internal_value=-5.70399e-12 9.26286e-05 0.00201795 3.36902e-05 9.2027e-05 0.00247801 -1.35138e-06 0.0048776 5.65261e-05 1.80228e-05 0.00380603 7.04884e-05 3.33584e-05 9.24152e-05 0.00197678 0.000346862 -0.00189489 -0.000108156 -3.09782e-05 -0.0015425 -0.000424884 -0.00202147 -0.00317484 -9.26643e-05 3.73069e-05 -0.000986677 -6.63608e-05 -0.000255183 0.00215254 1.34085e-05
internal_weight=4500 2424 72 2352 2310 87 2223 65 2189 2168 51 2142 2120 2057 95 74 63 2076 1970 106 85 55 42 1946 1699 247 1655 207 48 1622
internal_count=4500 2424 72 2352 2310 87 2223 65 2189 2168 51 2142 2120 2057 95 74 63 2076 1970 106 85 55 42 1946 1699 247 1655 207 48 1622
is_linear=0
shrinkage=0.1


Tree=87
num_leaves=31
num_cat=0
split_feature=1 9 6 3 5 10 7 10 6 5 10 5 10 10 4 4 5 4 7 7 7 7 7 10 1 5 7 3 7 5
split_gain=0.00424647 0.0156361 0.029767 0.0203275 0.0309948 0.0412798 0.0505356 0.0246626 0.0268232 0.0314872 0.0265292 0.029009 0.0343823 0.0396924 0.0222783 0.0368403 0.0217126 0.0321759 0.0204822 0.072453 0.0222604 0.0179161 0.0200672 0.0282455 0.0520598 0.0562125 0.0234189 0.031259 0.0293623 0.0327691
threshold=131.50000000000003 35018.000000000007 39970.833984375007 44932.500000000007 49980.000000000007 51201.625000000007 26685896.000000004 52152.500000000007 48127.000000000007 54797.500000000007 54490.250000000007 56692.000000000007 56779.375000000007 57484.500000000007 42814.000000000007 45921.500000000007 64540.500000000007 39857.500000000007 5221033.7500000009 3759388.3750000005 6702991.5000000009 8059303.7500000009 9472633.5000000019 63094.250000000007 141.50000000000003 62992.000000000007 14017820.000000002 81880.500000000015 18593529.000000004 67281.000000000015
decision_type=2 2 2 2 2 2 2 2 2 2 2 2 2 2 2 2 2 2 2 2 2 2 2 2 2 2 2 2 2 2
left_child=-1 -2 -3 -4 -5 6 -6 -7 -9 -10 -11 -12 -13 -14 16 -16 -15 -18 19 -17 -20 -22 -23 24 25 -24 27 -25 -28 -30
right_child=1 2 3 4 5 7 -8 8 9 10 11 12 13 14 15 18 17 -19 20 -21 21 22 23 26 -26 -27 28 -29 29 -31
leaf_value=8.1800220695428833e-05 0.0026657000414707002 -0.0029928332605373325 0.0024925211848070227 -0.0029204283769314106 0.004997989468221717 -0.0029515674493591033 -0.0013369305827654898 0.0030819273428418317 -0.0039130865426903428 0.0035152119980193675 -0.0032834720221781655 0.0035872117094695568 -0.0041861944346843908 0.00042366730209323581 0.0026868467779713684 -0.00073550460255486245 -0.00042610724985196784 -0.0046556812218789545 -0.0029604015572528754 0.005795411867662692 0.0026558078299074072 -0.0023641908133868132 -0.0027953310253317743 -0.0038381612823846253 0.0046304684957223282 0.0038859359500929714 0.0019278847294944255 0.00081006078980863096 -0.0035054837377659475 -0.00014793322672813569
leaf_weight=2633 20 36 30 39 34 31 20 26 22 20 29 25 24 40 50 49 37 35 28 26 23 40 34 39 35 20 66 23 30 936
leaf_count=2633 20 36 30 39 34 31 20 26 22 20 29 25 24 40 50 49 37 35 28 26 23 40 34 39 35 20 66 23 30 936
internal_value=-1.39771e-12 -0.000115362 -0.000145476 -8.88746e-05 -0.000132357 -6.99374e-05 0.00265172 -0.000157005 -0.000104723 -0.000155521 -0.000104144 -0.000149699 -9.1443e-05 -0.000151356 -8.72685e-05 2.13763e-05 -0.00144436 -0.00248215 -7.74181e-05 0.00152855 -0.000171961 -0.000109299 -0.0001613 -8.68154e-05 0.00162634 -0.000320788 -0.000226185 -0.00211382 -0.000112781 -0.000252205
internal_weight=4500 1867 1847 1811 1781 1742 54 1688 1657 1631 1609 1589 1560 1535 1511 1399 112 72 1349 75 1274 1246 1223 1183 89 54 1094 62 1032 966
internal_count=4500 1867 1847 1811 1781 1742 54 1688 1657 1631 1609 1589 1560 1535 1511 1399 112 72 1349 75 1274 1246 1223 1183 89 54 1094 62 1032 966
is_linear=0
shrinkage=0.1


Tree=88
num_leaves=31
num_cat=0
split_feature=7 7 7 1 4 9 1 1 4 4 4 3 3 8 7 4 6 8 8 4 4 3 8 4 1 4 1 4 4 9
split_gain=0.00442278 0.00991339 0.00877785 0.00783731 0.0259526 0.0122487 0.00473859 0.0351814 0.0247869 0.0305315 0.0685458 0.0460403 0.0311544 0.0213263 0.0416156 0.0352116 0.0213621 0.0361318 0.0382488 0.0394948 0.0188167 0.0155009 0.0146364 0.0215722 0.0567257 0.0285342 0.0553921 0.0243246 0.0195474 0.050926
threshold=339543776.00000006 602494848.00000012 309638128.00000006 125.50000000000001 61917.500000000007 78902.750000000015 105.50000000000001 104.50000000000001 70353.500000000015 56704.500000000007 52149.000000000007 80278.500000000015 73027.000000000015 47665.750000000007 6083946.0000000009 45379.000000000007 49329.833984375007 40328.000000000007 35404.125000000007 28320.000000000004 23130.000000000004 61885.500000000007 33054.000000000007 34953.000000000007 111.50000000000001 33138.500000000007 123.50000000000001 29739.500000000004 41310.500000000007 50074.250000000007
decision_type=2 2 2 2 2 2 2 2 2 2 2 2 2 2 2 2 2 2 2 2 2 2 2 2 2 2 2 2 2 2
left_child=2 3 6 5 -5 -2 7 8 9 10 13 12 -11 14 -1 -15 17 18 19 -16 -8 -17 -22 24 -24 26 -26 -28 29 -25
right_child=1 -3 -4 4 -6 -7 20 -9 -10 11 -12 -13 -14 15 16 21 -18 -19 -20 -21 22 -23 23 28 25 -27 27 -29 -30 -31
leaf_value=0.0026474170386791233 0.001790217506451249 -0.00091719228178536625 -0.0016180033495081317 0.00013211717913773929 0.0046290911046699404 -0.0014074373468756676 0.0019012669079392305 -0.003814277956607165 -0.0027127893825033399 0.0013702921464573592 -0.0044562646646850879 -0.00091203330985961434 0.006885056383907795 0.0048139065116023028 -0.0019118513977363447 -0.0017571469930850942 -0.0037059567617968876 0.0026761807665159859 -0.0046499332471285019 0.0032773962244391445 -0.0011275063691501346 0.0015847562785659521 0.0057235133591229505 4.3204469255006219e-05 -0.0039275783031959745 0.0019816526988173616 -0.0019349637889536097 0.0022034568560062623 6.5429073916594714e-05 -0.0024320872357258432
leaf_weight=37 23 34 34 33 21 25 53 27 33 20 35 31 21 24 44 23 26 27 27 22 111 35 23 287 34 71 20 49 3133 117
leaf_count=37 23 34 34 33 21 25 53 27 33 20 35 31 21 24 44 23 26 27 27 22 111 35 23 287 34 71 20 49 3133 117
internal_value=2.91548e-12 0.000561583 -1.75012e-05 0.00105451 0.00188094 0.000124772 -4.93376e-06 -0.000319172 -8.61654e-05 0.000146842 -0.00029698 0.0019961 0.00419493 0.00025236 -0.000348145 0.00159251 -0.00110729 -0.000544251 -0.00147921 -0.000182102 2.98921e-05 0.000259519 4.09679e-06 3.77358e-05 0.0010562 0.000439252 -0.000623957 0.00100391 -1.89893e-05 -0.00067365
internal_weight=4500 136 4364 102 54 48 4330 432 405 372 300 72 41 265 183 82 146 120 93 66 3898 58 3845 3734 197 174 103 69 3537 404
internal_count=4500 136 4364 102 54 48 4330 432 405 372 300 72 41 265 183 82 146 120 93 66 3898 58 3845 3734 197 174 103 69 3537 404
is_linear=0
shrinkage=0.1


Tree=89
num_leaves=31
num_cat=0
split_feature=7 1 7 1 1 4 10 10 7 7 9 7 9 7 7 6 8 3 1 1 1 1 1 8 3 9 10 5 10 5
split_gain=0.00434784 0.0360342 0.0344813 0.0426966 0.0282031 0.0377613 0.030527 0.0502145 0.0234395 0.0366362 0.0272265 0.022529 0.0221138 0.0211493 0.0414486 0.0282047 0.0427044 0.0321217 0.0207915 0.0182121 0.0208628 0.0394509 0.0231072 0.019455 0.0166311 0.0217291 0.0225309 0.0332098 0.0179474 0.0317085
threshold=136546480.00000003 108.50000000000001 146526328.00000003 131.50000000000003 122.50000000000001 45163.500000000007 85032.250000000015 81540.750000000015 175716608.00000003 296628528.00000006 79784.000000000015 169788712.00000003 84169.500000000015 122915312.00000001 119131652.00000001 67456.164062500015 48469.625000000007 95046.500000000015 136.50000000000003 128.50000000000003 136.50000000000003 141.50000000000003 147.50000000000003 72765.375000000015 113775.00000000001 99009.000000000015 101937.00000000001 101690.50000000001 95105.375000000015 95960.000000000015
decision_type=2 2 2 2 2 2 2 2 2 2 2 2 2 2 2 2 2 2 2 2 2 2 2 2 2 2 2 2 2 2
left_child=13 12 3 -3 8 -6 7 -7 -4 -10 -11 18 -2 14 24 16 -15 -17 -8 -13 23 -22 -23 -21 25 26 27 28 29 -1
right_child=1 2 4 -5 5 6 11 -9 9 10 -12 19 -14 15 -16 17 -18 -19 -20 20 21 22 -24 -25 -26 -27 -28 -29 -30 -31
leaf_value=-3.9184523017091438e-05 0.0012319971274152616 0.0044487620645668356 0.00073354124993784363 -0.00081182020302448014 -0.0015939310284873911 0.00034115731250494719 -0.0038933086936594921 0.0057828038950641977 -0.0034052355296595341 0.0025988107693948499 -0.0021244683159658546 0.0022551129641942679 0.0049381116965031696 -0.0027589516225270932 0.0034737551269833655 -0.0040429021069680214 0.0034976995821731785 0.00030565642787573432 0.0003627229344353757 0.00058907472430291818 0.0033730028609473572 -0.0019814893481365984 0.0017681677640346742 -0.0027378098249662285 -0.0024619032262957526 0.0023322529426644534 -0.002817040185668859 0.0040450745215639475 -0.0015822072274278146 0.0029863760513918741
leaf_weight=3357 69 36 40 27 97 43 24 28 77 23 26 50 21 20 34 49 24 26 22 32 42 42 27 39 28 39 29 20 74 35
leaf_count=3357 69 36 40 27 97 43 24 28 77 23 26 50 21 20 34 49 24 26 22 32 42 42 27 39 28 39 29 20 74 35
internal_value=2.97332e-12 0.000217193 -3.34159e-05 0.00219423 -0.000262732 0.000151419 0.000636517 0.00248716 -0.00137545 -0.00204497 9.25811e-05 0.000163871 0.00209676 -4.44853e-05 -1.31721e-06 -0.00135621 0.000653767 -0.0025354 -0.00185782 0.000564722 0.000100329 0.000956613 -0.000514232 -0.00123837 -3.43023e-05 -1.51765e-05 -4.1222e-05 -1.813e-05 -4.15761e-05 -7.96559e-06
internal_weight=4500 765 675 63 612 446 349 71 166 126 49 278 90 3735 3616 119 44 75 46 232 182 111 69 71 3582 3554 3515 3486 3466 3392
internal_count=4500 765 675 63 612 446 349 71 166 126 49 278 90 3735 3616 119 44 75 46 232 182 111 69 71 3582 3554 3515 3486 3466 3392
is_linear=0
shrinkage=0.1


Tree=90
num_leaves=31
num_cat=0
split_feature=5 3 3 5 8 8 8 3 5 4 4 7 10 8 10 4 4 10 9 8 1 4 1 6 5 1 10 5 5 5
split_gain=0.00430458 0.0137275 0.013247 0.0163801 0.0131035 0.0596878 0.0491342 0.0192069 0.0376732 0.0218553 0.0185533 0.0164164 0.0160275 0.0140071 0.0358371 0.0308922 0.0314854 0.0289804 0.0492993 0.0292397 0.0417523 0.0741394 0.071586 0.028537 0.0347538 0.162511 0.025329 0.0209744 0.0502367 0.0496795
threshold=32132.500000000004 26631.000000000004 33370.000000000007 36097.000000000007 33988.000000000007 35404.125000000007 36364.500000000007 38839.000000000007 42392.500000000007 28320.000000000004 31180.000000000004 1133249.8125000002 40392.375000000007 41050.625000000007 46636.875000000007 34309.500000000007 34953.000000000007 48704.500000000007 46502.500000000007 42977.250000000007 126.50000000000001 38487.000000000007 117.50000000000001 46630.666015625007 52471.000000000007 130.50000000000003 45669.250000000007 53928.500000000007 54797.500000000007 53349.000000000007
decision_type=2 2 2 2 2 2 2 2 2 2 2 2 2 2 2 2 2 2 2 2 2 2 2 2 2 2 2 2 2 2
left_child=1 -1 3 -2 -4 12 -7 -8 -9 -10 -11 -12 -6 15 26 -13 -17 18 -16 20 22 -22 -19 -21 25 -25 -15 29 -29 -26
right_child=2 -3 4 -5 5 6 7 8 9 10 11 13 -14 14 17 16 -18 19 -20 23 21 -23 -24 24 27 -27 -28 28 -30 -31
leaf_value=0.0006489500436665757 0.002903278868796085 -0.0025420468654304457 -0.00088816857344129526 -0.00070334587246179581 0.0055940857413224881 -0.0036951896492003777 0.0031066599348559976 -0.0043293630273547028 0.0026244945620419458 -0.0027713197555082544 0.002521977383786669 -0.0016658195079519199 0.0020065247772656607 -0.00053981100209057333 -0.00028828676340395004 0.0049880249568642204 0.00089273911944474102 -0.0039325063870637679 0.00607375606694924 0.0032411231590365923 -1.3876228504592466e-05 -0.0085211784299463033 0.0044270124416687486 -0.0077315044651428862 -0.00058456134490458475 0.0022340650450334782 -0.0053951810247131757 -0.003953762091987301 2.6624770039333561e-05 0.0056289133467626847
leaf_weight=28 34 26 163 20 20 36 20 20 32 24 26 39 33 22 29 22 128 20 21 27 21 20 21 30 31 36 21 32 3476 22
leaf_count=28 34 26 163 20 20 36 20 20 32 24 26 39 33 22 29 22 128 20 21 27 21 20 21 30 31 36 21 32 3476 22
internal_value=-1.68754e-12 -0.000887456 1.07788e-05 0.00156749 -8.3611e-06 2.55497e-05 -1.67738e-05 1.52124e-05 2.05369e-07 2.13252e-05 8.47973e-07 1.73e-05 0.00336032 1.09254e-06 -4.03892e-05 0.000841483 0.00149338 -7.78546e-06 0.00238377 -3.97924e-05 -0.00190729 -0.00416378 0.000349198 2.11646e-06 -2.19953e-05 -0.00229574 -0.00291104 2.01466e-05 -9.68435e-06 0.00199462
internal_weight=4500 54 4446 54 4392 4229 4176 4140 4120 4100 4068 4044 53 4018 3829 189 150 3786 50 3736 82 41 41 3654 3627 66 43 3561 3508 53
internal_count=4500 54 4446 54 4392 4229 4176 4140 4120 4100 4068 4044 53 4018 3829 189 150 3786 50 3736 82 41 41 3654 3627 66 43 3561 3508 53
is_linear=0
shrinkage=0.1


Tree=91
num_leaves=31
num_cat=0
split_feature=1 7 7 1 7 4 3 8 5 4 4 10 6 9 8 7 4 9 3 6 8 8 3 8 3 9 9 7 1 1
split_gain=0.00415901 0.0204096 0.036822 0.0156947 0.0193451 0.0310639 0.0293246 0.0236874 0.044289 0.0571134 0.0315527 0.0326874 0.0324462 0.0679253 0.0291227 0.0186996 0.0140528 0.0128048 0.0493224 0.0371148 0.0265962 0.0388152 0.0296013 0.0262166 0.0198151 0.018855 0.0186034 0.0171754 0.0162786 0.0118209
threshold=140.50000000000003 5912687.5000000009 3949482.5000000005 145.50000000000003 14710730.500000002 57800.500000000007 78890.500000000015 51065.375000000007 75607.500000000015 54744.000000000007 69590.000000000015 87922.750000000015 69990.082031250015 72085.250000000015 45525.000000000007 236770120.00000003 57673.500000000007 71120.750000000015 73559.500000000015 68444.832031250015 62011.875000000007 59011.000000000007 62775.000000000007 71950.250000000015 53560.000000000007 54465.500000000007 79206.250000000015 155898192.00000003 147.50000000000003 138.50000000000003
decision_type=2 2 2 2 2 2 2 2 2 2 2 2 2 2 2 2 2 2 2 2 2 2 2 2 2 2 2 2 2 2
left_child=29 2 16 4 5 -3 -7 14 9 -9 11 12 -10 -14 -6 -13 -2 18 20 -20 21 22 24 -19 -5 -26 -25 28 -28 -1
right_child=1 3 -4 17 7 6 -8 8 10 -11 -12 15 13 -15 -16 -17 -18 23 19 -21 -22 -23 -24 26 25 -27 27 -29 -30 -31
leaf_value=-1.7495984796175115e-08 0.0010778935750325521 -0.0014034402101383275 -0.0052145708225328821 -0.0015798618837090381 -0.00099871612503193334 0.0054122571766908678 0.00012754380725146761 -0.0012488271107800896 0.0017437048675492406 -0.0075318471791789594 -0.0024385105043065627 0.0048938895878382037 -0.0065095087068832731 0.00047262704833165599 0.0030486920790281148 0.00056958055705763394 -0.0022075541727447317 -0.0019028173889067042 0.0014578787218355999 0.0068356710608072947 -0.0031091955733364048 0.0042035942159903547 -0.0028400182145677747 0.0034893257537623869 0.0038447127946150991 -0.00023933473275974395 0.001321712677322683 0.0024944369592482135 -0.002219405132071937 0.00074967150378922403
leaf_weight=3445 30 31 22 22 40 21 21 39 35 23 59 20 22 38 32 20 23 59 33 21 23 24 31 20 26 20 21 21 34 224
leaf_count=3445 30 31 22 22 40 21 21 39 35 23 59 20 22 38 32 20 23 59 33 21 23 24 31 20 26 20 21 21 34 224
internal_value=-1.9101e-12 -0.000202005 -0.00177543 -4.59109e-05 -0.000474615 0.00099766 0.0027699 -0.000802286 -0.00125297 -0.00357962 -0.000509394 0.000333702 -0.000675997 -0.00208749 0.000800132 0.00273174 -0.000347867 0.000438343 0.000967061 0.00354924 1.20074e-05 0.000595647 -0.000279007 -0.000243873 0.000888513 0.00206904 0.000775686 6.15706e-05 -0.000867342 4.57526e-05
internal_weight=4500 831 75 756 401 73 42 328 256 62 194 135 95 60 72 40 53 355 200 54 146 123 99 155 68 46 96 76 55 3669
internal_count=4500 831 75 756 401 73 42 328 256 62 194 135 95 60 72 40 53 355 200 54 146 123 99 155 68 46 96 76 55 3669
is_linear=0
shrinkage=0.1


Tree=92
num_leaves=31
num_cat=0
split_feature=10 4 10 3 9 10 7 3 4 10 3 10 6 1 9 10 9 10 6 1 4 8 1 1 9 10 8 10 10 9
split_gain=0.00383856 0.0575773 0.0463819 0.0382043 0.0334204 0.0541294 0.0540823 0.0773833 0.068287 0.0596746 0.0451663 0.0252435 0.0381583 0.0711104 0.0514801 0.0376304 0.0215236 0.021109 0.0213126 0.0395397 0.0417685 0.035297 0.0427249 0.0473605 0.0568467 0.0860267 0.0874664 0.0397737 0.0400388 0.0409848
threshold=74426.500000000015 67565.500000000015 77424.250000000015 76505.500000000015 67826.500000000015 75450.000000000015 25803129.000000004 76746.000000000015 61760.500000000007 75659.750000000015 79739.000000000015 79258.375000000015 72040.414062500015 134.50000000000003 67826.500000000015 79874.250000000015 70925.250000000015 73891.625000000015 67456.164062500015 130.50000000000003 62652.500000000007 61851.875000000007 112.50000000000001 126.50000000000001 65751.500000000015 68946.750000000015 64316.625000000007 71974.000000000015 71297.875000000015 66302.000000000015
decision_type=2 2 2 2 2 2 2 2 2 2 2 2 2 2 2 2 2 2 2 2 2 2 2 2 2 2 2 2 2 2
left_child=1 3 4 17 5 -2 7 9 16 -6 -7 12 14 -14 -4 -13 -8 18 21 20 -20 27 -23 -24 -25 -26 -27 28 29 -1
right_child=2 -3 11 -5 6 10 8 -9 -10 -11 -12 15 13 -15 -16 -17 -18 -19 19 -21 -22 22 23 24 25 26 -28 -29 -30 -31
leaf_value=-2.9659057937409338e-05 -0.00015315447954991317 0.0049530330132862826 0.0020910900740071813 0.0031803769469996427 -0.003391473817949494 -0.0088975910609588021 -0.0024509427397895384 -0.0070944658517837532 0.0051926588307001764 0.0032237654030323028 -0.0025218818690627815 -0.0032371271065332824 0.0058833336230749503 -0.00027997148119741016 -0.0027898164637736047 3.7213044543048934e-05 0.0012239744087370736 0.0031439610446492832 0.003466343993321061 -0.0034860005271621052 -0.0016962423643452071 -0.0029005639122000764 0.0050396025973699389 -0.0013014484042795924 0.0082645791050578871 0.0041985171797153144 -0.0044600729923695327 -0.0028744164998643104 0.0033828570781385195 -0.0041850594949210066
leaf_weight=2153 36 24 47 38 30 20 34 25 28 25 25 36 39 36 40 1402 30 21 25 50 42 21 37 59 21 28 20 50 34 24
leaf_count=2153 36 24 47 38 30 20 34 25 28 25 25 36 39 36 40 1402 30 21 25 50 42 21 37 59 21 28 20 50 34 24
internal_value=1.30363e-12 7.7275e-05 -0.000110387 3.26626e-05 -0.00136855 -0.00304336 -0.000579826 -0.0024814 0.00107371 -0.000384547 -0.00535553 8.85598e-05 0.00127197 0.00292495 -0.000153005 -4.47593e-05 -0.000728325 -1.36094e-05 -3.94709e-05 -0.00135798 0.000230096 2.35718e-05 0.00134775 0.00188844 0.00097756 0.00292628 0.000590771 -8.53609e-05 -2.22887e-05 -7.54696e-05
internal_weight=4500 2647 1853 2623 253 81 172 80 92 55 45 1600 162 75 87 1438 64 2585 2564 117 67 2447 186 165 128 69 48 2261 2211 2177
internal_count=4500 2647 1853 2623 253 81 172 80 92 55 45 1600 162 75 87 1438 64 2585 2564 117 67 2447 186 165 128 69 48 2261 2211 2177
is_linear=0
shrinkage=0.1


Tree=93
num_leaves=31
num_cat=0
split_feature=8 8 8 9 7 1 4 5 9 6 8 8 7 6 1 1 6 8 4 6 1 8 4 7 10 3 4 8 1 8
split_gain=0.00359455 0.00727711 0.0269895 0.0152522 0.0272504 0.0324058 0.0263694 0.00678346 0.00633859 0.0176408 0.00892474 0.00675488 0.00589343 0.00583782 0.0208962 0.0436287 0.0250132 0.01897 0.0145381 0.0122793 0.0215781 0.0102909 0.0115219 0.0294071 0.0480147 0.0365925 0.0161928 0.0171308 0.0313404 0.02018
threshold=99764.375000000015 88553.125000000015 86979.375000000015 99009.000000000015 81158456.000000015 130.50000000000003 85402.000000000015 102934.00000000001 97222.750000000015 90716.250000000015 83398.625000000015 80010.375000000015 73251020.000000015 86855.250000000015 130.50000000000003 121.50000000000001 88156.332031250015 83745.750000000015 78401.000000000015 85111.667968750015 131.50000000000003 80323.375000000015 73004.000000000015 6702991.5000000009 82914.250000000015 87179.000000000015 72370.000000000015 75620.375000000015 128.50000000000003 73973.000000000015
decision_type=2 2 2 2 2 2 2 2 2 2 2 2 2 2 2 2 2 2 2 2 2 2 2 2 2 2 2 2 2 2
left_child=1 2 8 6 -5 -6 -3 -8 9 13 11 -11 -2 17 15 -15 -16 18 19 21 -21 22 26 -24 -25 -26 27 29 -29 -1
right_child=12 3 -4 4 5 -7 7 -9 -10 10 -12 -13 -14 14 16 -17 -18 -19 -20 20 -22 -23 23 24 25 -27 -28 28 -30 -31
leaf_value=-2.0592678869592209e-06 -0.0018687428544378944 0.0021133924095795074 -0.0028180177898748833 0.0049262968357652428 -0.0023362075821274802 0.0032192061078690349 -0.00065533099789172409 -0.003126183632994071 -0.00143778532743454 0.0019168727425858381 0.0028990521879556277 -0.00068214246304705746 3.3932370588001685e-05 -0.0017484797520170873 -0.0047553862910717729 0.0034018246621567885 -0.00034648756977290879 0.0028179331789336477 -0.002195025229205688 0.0030551250818568994 -0.0010218567259254912 -0.0017132104883369591 -0.0022671011165671406 0.0061808602605015047 -0.0025014473474584522 0.0025395320469720501 -0.0028567704837769272 -0.0034837011420630658 0.00045304874434978477 0.001862298602719744
leaf_weight=3637 27 29 34 20 21 21 25 20 30 20 30 20 41 38 22 29 31 24 30 34 21 35 21 20 24 36 20 39 42 59
leaf_count=3637 27 29 34 20 21 21 25 20 30 20 30 20 41 38 22 29 31 24 30 34 21 35 21 20 24 36 20 39 42 59
internal_value=-6.1017e-12 1.10706e-05 -1.17285e-05 0.000731252 0.00188821 0.000441499 -0.000238089 -0.00175349 1.06586e-05 2.09264e-05 0.00159523 0.000617365 -0.000721542 -5.55155e-06 -0.000692908 0.000480756 -0.0021766 1.48549e-05 -1.88826e-06 1.46098e-05 0.00149846 -6.14074e-06 9.18698e-06 0.00106333 0.00193757 0.00052314 -1.88532e-05 -3.82585e-06 -0.00144242 2.77019e-05
internal_weight=4500 4432 4296 136 62 42 74 45 4262 4232 70 40 68 4162 120 67 53 4042 4018 3988 55 3933 3898 101 80 60 3797 3777 81 3696
internal_count=4500 4432 4296 136 62 42 74 45 4262 4232 70 40 68 4162 120 67 53 4042 4018 3988 55 3933 3898 101 80 60 3797 3777 81 3696
is_linear=0
shrinkage=0.1


Tree=94
num_leaves=31
num_cat=0
split_feature=3 10 8 3 6 6 8 9 9 8 1 3 1 7 9 4 10 3 4 1 8 9 9 8 10 1 6 9 1 8
split_gain=0.00358179 0.0247778 0.0282658 0.0818288 0.0468464 0.04171 0.0318043 0.0657044 0.0376717 0.0280764 0.0246453 0.0211295 0.0307249 0.0179862 0.0286407 0.0343998 0.0586965 0.0510553 0.0531197 0.0451471 0.0250776 0.0248645 0.0255219 0.0239677 0.0265082 0.0185189 0.0305901 0.0466376 0.0544194 0.0319701
threshold=56449.500000000007 59166.750000000007 52700.250000000007 58022.500000000007 54085.000000000007 53305.250000000007 46296.500000000007 48800.750000000007 46723.250000000007 39163.000000000007 123.50000000000001 55504.500000000007 130.50000000000003 36009466.000000007 55001.750000000007 46389.500000000007 54186.500000000007 52232.500000000007 48273.500000000007 144.50000000000003 43857.500000000007 43709.000000000007 46213.250000000007 32378.625000000004 48704.500000000007 121.50000000000001 47102.250000000007 43123.750000000007 115.50000000000001 33054.000000000007
decision_type=2 2 2 2 2 2 2 2 2 2 2 2 2 2 2 2 2 2 2 2 2 2 2 2 2 2 2 2 2 2
left_child=11 2 4 -4 5 6 7 8 9 -2 -8 13 -13 14 15 16 19 18 -17 25 21 23 -23 -15 -25 26 27 28 -1 -30
right_child=1 -3 3 -5 -6 -7 10 -9 -10 -11 -12 12 -14 20 -16 17 -18 -19 -20 -21 -22 22 -24 24 -26 -27 -28 -29 29 -31
leaf_value=-2.5648387621485574e-05 0.00089772948650298297 2.628607512980743e-05 0.0018250198103487492 -0.0064327434450387952 0.0038820469434457747 -0.005311955767683685 0.0040222586386583067 -0.005389623223022829 0.0036801149982715118 -0.0037529943650588394 -0.00018344947158383502 0.0037669266757898428 -0.00037097272682277597 -0.00028609977297102367 -0.0029608144384941884 0.0024454101387943543 -0.0056322212226223205 0.004349344332946376 -0.0033982494829355608 -0.0043050435804761955 0.003211761140387113 -0.0038604893915665651 0.00085490961474451164 0.0049658411755584761 0.000531583384041109 0.00056391099426929367 -0.0031717858845551842 0.002093187965718763 -0.00085865803107264499 -0.0060202257874022638
leaf_weight=170 27 3144 20 30 22 20 22 31 21 25 38 38 34 56 35 35 20 42 28 25 38 24 22 26 28 322 38 70 21 28
leaf_count=170 27 3144 20 30 22 20 22 31 21 25 38 38 34 56 35 35 20 42 28 25 38 24 22 26 28 322 38 70 21 28
internal_value=1.48995e-13 -5.07459e-05 -0.000996795 -0.00312964 -0.000479114 -0.00100056 -0.000474777 -0.00153252 0.000105428 -0.0013382 0.00135864 0.000156851 0.00181292 4.08618e-05 -0.000160878 -3.82271e-05 -0.00029345 0.00164867 -0.000151772 -0.000135029 0.000908133 0.000346993 -0.0016053 0.00116341 0.0026666 2.56029e-05 -0.000504474 -0.000153755 -0.000871956 -0.00380813
internal_weight=4500 3400 256 50 206 184 164 104 73 52 60 1100 72 1028 834 799 694 105 63 674 194 156 46 110 54 649 327 289 219 49
internal_count=4500 3400 256 50 206 184 164 104 73 52 60 1100 72 1028 834 799 694 105 63 674 194 156 46 110 54 649 327 289 219 49
is_linear=0
shrinkage=0.1


Tree=95
num_leaves=31
num_cat=0
split_feature=1 1 3 7 8 4 7 7 1 7 7 10 5 5 10 10 10 10 1 1 3 5 3 5 4 8 3 7 8 9
split_gain=0.00338981 0.0145179 0.0245482 0.0236202 0.0165301 0.0254703 0.0217644 0.0246329 0.00724072 0.0188974 0.0447833 0.0200156 0.0438785 0.0495382 0.0312354 0.0591508 0.0544084 0.0469651 0.0405055 0.0201776 0.019966 0.0274097 0.0274195 0.0218121 0.0185506 0.0183383 0.0180649 0.022834 0.0125798 0.0115231
threshold=148.50000000000003 149.50000000000003 59550.500000000007 67022398.000000007 63499.125000000007 53271.500000000007 120895356.00000001 14017820.000000002 140.50000000000003 6083946.0000000009 3624368.2500000005 48295.625000000007 58317.500000000007 62581.000000000007 70958.125000000015 69467.125000000015 75450.000000000015 77211.375000000015 145.50000000000003 145.50000000000003 82092.500000000015 85244.000000000015 88153.500000000015 91012.000000000015 63214.500000000007 81892.750000000015 97041.000000000015 229637968.00000003 86979.375000000015 49877.500000000007
decision_type=2 2 2 2 2 2 2 2 2 2 2 2 2 2 2 2 2 2 2 2 2 2 2 2 2 2 2 2 2 2
left_child=8 3 -3 -2 5 -4 7 -6 -1 10 -10 -11 29 -14 15 18 19 -18 -15 -16 24 -22 -23 -24 -19 26 -25 -28 -27 -13
right_child=1 2 4 -5 6 -7 -8 -9 9 11 -12 12 13 14 16 -17 17 20 -20 -21 21 22 23 25 -26 28 27 -29 -30 -31
leaf_value=3.5781135147474688e-05 0.0039477170382339792 -0.0033316208794713018 -0.00025917767826467753 -0.000623363649356179 0.0014431002162746155 0.0044061758407306943 0.0024070010520517828 -0.0028734456473149552 9.0007699327543378e-05 0.0026794146494163824 -0.0053740162053145472 -0.0018318040948361158 0.0032841783260837906 0.00058463462094853944 0.0014336978885224991 -0.0065084295768645557 -0.0050345457298681144 -0.00025245028175413606 -0.0038977774824681026 0.0053428865068227702 -0.0035521757565438747 0.0024134403786848528 -0.0035334275442768233 0.0026801356798387133 0.0034952735894226601 -0.0033108992056678174 -0.002946361399954185 0.0015869172634556891 -0.00024484538953402081 -0.0050521738379029554
leaf_weight=3669 26 20 25 20 20 22 20 39 40 24 24 25 42 72 31 21 20 25 28 23 25 37 22 32 28 23 20 25 32 20
leaf_count=3669 26 20 25 20 20 22 20 39 40 24 24 25 42 72 31 21 20 25 28 23 25 37 22 32 28 23 20 25 32 20
internal_value=2.34479e-12 0.00041112 -7.6975e-05 0.00196029 0.000439635 0.0019246 -0.000443827 -0.00141021 -1.83229e-05 -0.000328977 -0.001959 -0.000147548 -0.000270682 -4.55986e-06 -0.000302247 -0.00168365 0.000185068 -0.000359352 -0.000670441 0.00309872 -1.17539e-05 -0.00043851 -3.09623e-05 -0.000618254 0.00172748 -0.000132392 0.000863767 -0.000427873 -0.00152701 -0.00326308
internal_weight=4500 192 146 46 126 47 79 59 4308 639 64 575 551 506 464 121 343 289 100 54 269 216 191 154 53 132 77 45 55 45
internal_count=4500 192 146 46 126 47 79 59 4308 639 64 575 551 506 464 121 343 289 100 54 269 216 191 154 53 132 77 45 55 45
is_linear=0
shrinkage=0.1


Tree=96
num_leaves=31
num_cat=0
split_feature=6 6 9 6 4 9 8 8 9 7 8 6 6 6 10 7 10 3 1 6 8 8 8 4 9 10 4 8 8 3
split_gain=0.00340631 0.0473624 0.0923162 0.0451328 0.0262758 0.0463889 0.0324523 0.0309036 0.0682418 0.0423201 0.0235104 0.0220066 0.0385647 0.0311768 0.0363749 0.062544 0.0579454 0.0225258 0.0399208 0.0272762 0.0265808 0.0216026 0.0257908 0.0403847 0.0481179 0.021542 0.0758809 0.0218055 0.042968 0.0317345
threshold=73977.164062500015 74630.082031250015 74231.000000000015 72040.414062500015 58110.500000000007 70761.750000000015 66158.875000000015 71320.250000000015 73214.250000000015 23035277.000000004 62998.625000000007 75472.250000000015 75108.582031250015 77629.500000000015 82914.250000000015 10843239.500000002 83613.500000000015 87891.000000000015 125.50000000000001 82638.417968750015 77447.375000000015 69832.375000000015 68844.125000000015 64644.500000000007 68888.000000000015 79628.750000000015 68702.500000000015 72234.750000000015 68844.125000000015 92386.500000000015
decision_type=2 2 2 2 2 2 2 2 2 2 2 2 2 2 2 2 2 2 2 2 2 2 2 2 2 2 2 2 2 2
left_child=3 2 -2 21 10 -6 -7 8 9 -8 -5 12 -3 25 15 -15 -16 18 19 -18 -20 22 23 -1 -25 -13 27 28 29 -27
right_child=1 11 -4 4 5 6 7 -9 -10 -11 -12 13 -14 14 16 -17 17 -19 20 -21 -22 -23 -24 24 -26 26 -28 -29 -30 -31
leaf_value=1.390132790485324e-05 -0.0070084862993098802 -0.00060678852855094848 0.0013519304767251016 0.0016779952399108723 0.0061722138300538062 0.0048432180446318605 -0.0012693968927487732 0.0036206291823570307 -0.0046768203163519506 0.0052359914174303418 -0.0029498881749099211 0.0011186031866128798 0.0041219594320008419 -0.0012310870110725418 -0.0051254397501576355 0.0057517420500516891 0.0014321643193917616 -0.00012087187994584833 5.4227139800786976e-05 -0.0036646303587726187 0.0040347071474089342 -0.0029637105558067561 0.0032530777403735559 0.0013593711331486703 -0.0046736131022230556 -0.0048021302373275508 -0.0069265387728810321 -0.0036409176383001198 0.0025418935214272806 0.00056904713538560002
leaf_weight=2935 28 35 25 23 25 22 20 24 25 20 21 27 34 23 22 29 21 810 25 21 51 25 24 20 39 22 25 21 36 22
leaf_count=2935 28 35 25 23 25 22 20 24 25 20 21 27 34 23 22 29 21 810 25 21 51 25 24 20 39 22 25 21 36 22
internal_value=1.15122e-12 -0.00013822 -0.00306489 5.47648e-05 0.00159338 0.00228061 0.00140412 0.000554005 -0.000578286 0.0019833 -0.000530767 -1.14931e-05 0.00172332 -0.000115131 8.78878e-05 0.00266318 -5.30757e-05 6.71743e-05 0.001358 -0.00111623 0.00272534 -3.62478e-05 -1.19978e-05 -3.81707e-05 -0.00262853 -0.00144471 -0.00199399 -0.000773059 -2.02458e-05 -0.00211654
internal_weight=4500 1277 53 3223 180 136 111 89 65 40 44 1224 69 1155 1002 52 950 928 118 42 76 3043 3018 2994 59 153 126 101 80 44
internal_count=4500 1277 53 3223 180 136 111 89 65 40 44 1224 69 1155 1002 52 950 928 118 42 76 3043 3018 2994 59 153 126 101 80 44
is_linear=0
shrinkage=0.1


Tree=97
num_leaves=31
num_cat=0
split_feature=7 7 7 9 9 7 4 3 8 1 7 8 1 1 7 7 3 7 1 3 6 9 1 8 4 3 3 3 9 4
split_gain=0.0035682 0.0428021 0.028217 0.0329153 0.0269595 0.0154744 0.0214564 0.0417719 0.0349845 0.0405684 0.0346395 0.031407 0.0138156 0.0239494 0.0402591 0.0276147 0.0531169 0.0522303 0.0308665 0.0232568 0.0543887 0.0300748 0.0284702 0.0397037 0.080289 0.0539547 0.0346153 0.0307378 0.0286937 0.0256356
threshold=50119108.000000007 53738270.000000007 52349870.000000007 59908.250000000007 68120.750000000015 43456230.000000007 39455.000000000007 70742.500000000015 75879.000000000015 127.50000000000001 46055290.000000007 52490.875000000007 135.50000000000003 132.50000000000003 32725960.000000004 40690770.000000007 72169.500000000015 36009466.000000007 127.50000000000001 89303.500000000015 82340.000000000015 79500.750000000015 142.50000000000003 54528.750000000007 53626.500000000007 66289.500000000015 58022.500000000007 76117.000000000015 74048.750000000015 62775.500000000007
decision_type=2 2 2 2 2 2 2 2 2 2 2 2 2 2 2 2 2 2 2 2 2 2 2 2 2 2 2 2 2 2
left_child=5 2 3 -2 -5 12 -7 11 9 -9 -11 -8 13 15 -15 17 -17 -1 -19 20 21 22 27 26 -25 -26 -24 29 -29 -14
right_child=1 -3 -4 4 -6 6 7 8 -10 10 -12 -13 19 14 -16 16 -18 18 -20 -21 -22 -23 23 24 25 -27 -28 28 -30 -31
leaf_value=-4.775221139029142e-05 0.0021308538445737215 1.0993893208381322e-05 -0.0043217686690493595 -0.005092039349533263 -0.00031470944975606273 -0.0016843520749646884 0.00144272616107628 -0.0041881176446063014 0.0031161924641180255 -0.002173968690331094 0.0035762498102320192 0.0061218606666303601 -0.00083134647045062936 0.0019611526001204081 -0.002249085454429776 -0.0056005590828135613 0.0013772975374013185 0.0035156182968100491 -0.00048078130413260723 -0.0026449374696572445 0.0040943736135627016 -0.0038820780265571863 -8.0886294269060465e-05 0.0069735844417110745 -0.0027965082926259908 0.0017713809899769424 -0.0046368675095783103 -0.0061574103432940324 -0.0008007627539336681 0.0022980101310230536
leaf_weight=1322 24 1890 36 21 27 26 32 26 28 20 22 26 269 143 27 24 20 68 27 42 28 24 81 23 35 99 21 20 20 29
leaf_count=1322 24 1890 36 21 27 26 32 26 28 20 22 26 269 143 27 24 20 68 27 42 28 24 81 23 35 99 21 20 20 29
internal_value=-2.00299e-12 -9.9647e-05 -0.00203586 -0.00089291 -0.00240479 7.95742e-05 0.000972794 0.0014214 0.000141255 -0.00108372 0.000838051 0.00354027 1.03324e-05 0.000169102 0.00129247 3.83881e-05 -0.00242881 0.000114998 0.0023798 -0.000364418 -0.000216834 -0.00041122 -0.000271688 0.000517202 0.00151517 0.000578276 -0.00101888 -0.000876193 -0.00347909 -0.000526812
internal_weight=4500 1998 108 72 48 2502 180 154 96 68 42 58 2322 1631 170 1461 44 1417 95 691 649 621 597 259 157 134 102 338 40 298
internal_count=4500 1998 108 72 48 2502 180 154 96 68 42 58 2322 1631 170 1461 44 1417 95 691 649 621 597 259 157 134 102 338 40 298
is_linear=0
shrinkage=0.1


Tree=98
num_leaves=31
num_cat=0
split_feature=5 1 3 3 1 4 1 1 7 3 7 3 1 7 1 1 10 7 5 7 5 10 5 6 10 5 10 9 6 8
split_gain=0.00339204 0.0124538 0.0114061 0.0108361 0.0104515 0.0240696 0.0167067 0.013984 0.0133271 0.015385 0.0131839 0.0212393 0.0339111 0.009112 0.00754456 0.00753812 0.00985803 0.0338347 0.0204337 0.0158921 0.0159127 0.00926985 0.00747042 0.0416933 0.0294496 0.024746 0.0232134 0.0285023 0.0194352 0.0221075
threshold=32132.500000000004 77.500000000000014 31189.000000000004 26631.000000000004 90.500000000000014 50975.000000000007 86.500000000000014 93.500000000000014 1371899.0000000002 51146.000000000007 2794787.3750000005 45317.000000000007 131.50000000000003 3262389.6250000005 95.500000000000014 97.500000000000014 38295.500000000007 8059303.7500000009 41031.000000000007 3624368.2500000005 42392.500000000007 42103.000000000007 51594.500000000007 46313.333984375007 50838.375000000007 52471.000000000007 52607.000000000007 46723.250000000007 45107.750000000007 41742.125000000007
decision_type=2 2 2 2 2 2 2 2 2 2 2 2 2 2 2 2 2 2 2 2 2 2 2 2 2 2 2 2 2 2
left_child=3 -2 -3 -1 5 6 -4 -6 9 -9 11 -10 -13 -12 -15 -16 17 -17 -18 -20 -21 -22 23 28 -24 -26 27 -27 29 -23
right_child=1 2 4 -5 7 -7 -8 8 10 -11 13 12 -14 14 15 16 18 -19 19 20 21 22 24 -25 25 26 -28 -29 -30 -31
leaf_value=0.00057725318308387489 0.0024993275408633055 0.0022194427903741601 -0.0017047983463853598 -0.0022578422060737817 0.0022341335275476533 -0.0037939479838920913 0.0020297017798799537 -0.0037870907224714758 -0.001002231768021981 -6.5999653190374378e-05 -0.0016712100833749654 0.0048244997206243825 0.00015545388816722803 0.0014805878209539088 -0.0015440186309206184 -0.0038238269044086337 0.0026186026489206904 0.00048571637188968227 0.0025121961608529091 -0.0025841454897696774 0.0018451809098392173 -3.8158731416710687e-06 0.002341824614537742 -0.0038511202056807554 -0.0032806310154821564 -0.00021860018232240319 -2.8642108499870304e-05 0.0035805891820928082 0.0021934658715811869 -0.002980108827087579
leaf_weight=28 20 23 25 26 28 24 23 20 30 25 33 28 35 34 32 29 30 49 25 24 27 179 54 33 23 39 3452 40 33 29
leaf_count=28 20 23 25 26 28 24 23 20 30 25 33 28 35 34 32 29 30 49 25 24 27 179 54 33 23 39 3452 40 33 29
internal_value=-4.29524e-13 9.56833e-06 -1.68227e-06 -0.000787793 -1.32848e-05 -0.00120822 8.46496e-05 6.58015e-06 -7.91473e-06 -0.00171982 1.01772e-05 0.00118774 0.00223059 -1.61165e-05 -2.89818e-06 -1.52063e-05 -3.17429e-06 -0.00111655 1.86019e-05 -1.10507e-06 -1.70808e-05 -1.31985e-06 -1.41626e-05 -0.00051755 2.40659e-05 -1.11505e-05 1.0146e-05 0.00170504 -6.10864e-05 -0.00041878
internal_weight=4500 4446 4426 54 4403 72 48 4331 4303 45 4258 93 63 4165 4132 4098 4066 78 3988 3958 3933 3909 3882 274 3608 3554 3531 79 241 208
internal_count=4500 4446 4426 54 4403 72 48 4331 4303 45 4258 93 63 4165 4132 4098 4066 78 3988 3958 3933 3909 3882 274 3608 3554 3531 79 241 208
is_linear=0
shrinkage=0.1


Tree=99
num_leaves=31
num_cat=0
split_feature=7 7 1 4 3 7 1 4 4 8 6 1 9 8 4 8 8 3 7 9 4 6 1 6 6 9 9 6 7 5
split_gain=0.00341007 0.00649707 0.0284127 0.0312599 0.0353597 0.0107827 0.00575399 0.025044 0.0108604 0.0254704 0.0213568 0.0128628 0.0102089 0.0199237 0.0276647 0.0246145 0.0327151 0.0139339 0.0122921 0.0114764 0.0690628 0.0212149 0.0362616 0.0266596 0.0222828 0.0281803 0.028189 0.0164115 0.0513098 0.0249786
threshold=1133249.8125000002 2508322.7500000005 110.50000000000001 43523.000000000007 52232.500000000007 2966941.1250000005 86.500000000000014 40323.500000000007 23130.000000000004 27958.375000000004 34294.500000000007 92.500000000000014 32930.500000000007 33988.000000000007 29337.000000000004 35404.125000000007 36364.500000000007 39997.000000000007 25803129.000000004 40956.750000000007 34309.500000000007 43150.832031250007 123.50000000000001 44092.582031250007 44850.417968750007 43709.000000000007 44648.000000000007 46630.666015625007 19374091.000000004 52471.000000000007
decision_type=2 2 2 2 2 2 2 2 2 2 2 2 2 2 2 2 2 2 2 2 2 2 2 2 2 2 2 2 2 2
left_child=-1 2 -2 -4 -5 -3 7 -7 10 -10 -8 -11 -13 14 -14 -15 -17 -18 -16 20 -19 22 -21 -23 -25 -26 -27 28 -28 -29
right_child=1 5 3 4 -6 6 8 -9 9 11 -12 12 13 15 18 16 17 19 -20 21 -22 23 -24 24 25 26 27 29 -30 -31
leaf_value=0.00096936307123137843 -0.0038920927995248983 0.0017346789106442075 0.0031270666707617547 -0.004338767616586252 0.00067513075728829102 -0.0030186804512050006 0.0022360770348941201 0.0010673931473866105 -0.0031951192251872271 0.0017269367482080017 -0.0010153090528723214 0.0016889206506311893 -0.0034585017731274094 0.0023598272274036637 -0.001389569856611819 -0.0031070834058696435 0.0023616240960545841 -0.0061287416052073244 0.0016362321843625977 -0.00041853880340402775 0.001237643439339341 -0.0027634560449847152 0.00442835307712185 0.0025577010449898598 -0.0035035059746840731 0.0034237073649516486 -0.0013203778111472214 -0.0020649657124886291 0.0046282433776249146 -7.283769643890992e-06
leaf_weight=36 23 36 24 22 39 30 58 30 25 43 31 35 40 44 29 34 25 20 25 33 35 35 29 34 23 24 29 60 29 3520
leaf_count=36 23 36 24 22 39 30 58 30 25 43 31 35 40 44 29 34 25 20 25 33 35 35 29 34 23 24 29 60 29 3520
internal_value=4.19277e-13 -7.81744e-06 -0.000773994 6.97272e-05 -0.00113316 1.11787e-05 -3.18384e-06 -0.000975644 1.05128e-05 -1.28107e-05 0.00110357 6.37832e-06 -1.16534e-05 -2.62847e-05 -0.00146523 7.75184e-06 -1.85818e-05 8.37121e-06 1.12644e-05 -6.82675e-06 -0.00144104 1.38446e-05 0.00184856 -1.6457e-05 9.39539e-06 -1.41168e-05 7.79909e-06 -1.47358e-05 0.00165393 -4.17701e-05
internal_weight=4500 4464 108 85 61 4356 4320 60 4260 4171 89 4146 4103 4068 94 3974 3930 3896 54 3871 55 3816 62 3754 3719 3685 3662 3638 58 3580
internal_count=4500 4464 108 85 61 4356 4320 60 4260 4171 89 4146 4103 4068 94 3974 3930 3896 54 3871 55 3816 62 3754 3719 3685 3662 3638 58 3580
is_linear=0
shrinkage=0.1


end of trees

feature_importances:
Column_7=467
Column_1=427
Column_4=393
Column_9=357
Column_3=327
Column_8=322
Column_5=279
Column_10=241
Column_6=187

parameters:
[boosting: gbdt]
[objective: regression]
[metric: l2]
[tree_learner: serial]
[device_type: cpu]
[data_sample_strategy: bagging]
[data: ]
[valid: ]
[num_iterations: 100]
[learning_rate: 0.1]
[num_leaves: 31]
[num_threads: 2]
[seed: 42]
[deterministic: 0]
[force_col_wise: 0]
[force_row_wise: 0]
[histogram_pool_size: -1]
[max_depth: -1]
[min_data_in_leaf: 20]
[min_sum_hessian_in_leaf: 0.001]
[bagging_fraction: 1]
[pos_bagging_fraction: 1]
[neg_bagging_fraction: 1]
[bagging_freq: 0]
[bagging_seed: 400]
[bagging_by_query: 0]
[feature_fraction: 1]
[feature_fraction_bynode: 1]
[feature_fraction_seed: 30056]
[extra_trees: 0]
[extra_seed: 12879]
[early_stopping_round: 0]
[early_stopping_min_delta: 0]
[first_metric_only: 0]
[max_delta_step: 0]
[lambda_l1: 0]
[lambda_l2: 0]
[linear_lambda: 0]
[min_gain_to_split: 0]
[drop_rate: 0.1]
[max_drop: 50]
[skip_drop: 0.5]
[xgboost_dart_mode: 0]
[uniform_drop: 0]
[drop_seed: 17869]
[top_rate: 0.2]
[other_rate: 0.1]
[min_data_per_group: 100]
[max_cat_threshold: 32]
[cat_l2: 10]
[cat_smooth: 10]
[max_cat_to_onehot: 4]
[top_k: 20]
[monotone_constraints: ]
[monotone_constraints_method: basic]
[monotone_penalty: 0]
[feature_contri: ]
[forcedsplits_filename: ]
[refit_decay_rate: 0.9]
[cegb_tradeoff: 1]
[cegb_penalty_split: 0]
[cegb_penalty_feature_lazy: ]
[cegb_penalty_feature_coupled: ]
[path_smooth: 0]
[interaction_constraints: ]
[verbosity: -1]
[saved_feature_importance_type: 0]
[use_quantized_grad: 0]
[num_grad_quant_bins: 4]
[quant_train_renew_leaf: 0]
[stochastic_rounding: 1]
[linear_tree: 0]
[max_bin: 255]
[max_bin_by_feature: ]
[min_data_in_bin: 3]
[bin_construct_sample_cnt: 200000]
[data_random_seed: 175]
[is_enable_sparse: 1]
[enable_bundle: 1]
[use_missing: 1]
[zero_as_missing: 0]
[feature_pre_filter: 1]
[pre_partition: 0]
[two_round: 0]
[header: 0]
[label_column: ]
[weight_column: ]
[group_column: ]
[ignore_column: ]
[categorical_feature: ]
[forcedbins_filename: ]
[precise_float_parser: 0]
[parser_config_file: ]
[objective_seed: 16083]
[num_class: 1]
[is_unbalance: 0]
[scale_pos_weight: 1]
[sigmoid: 1]
[boost_from_average: 1]
[reg_sqrt: 0]
[alpha: 0.9]
[fair_c: 1]
[poisson_max_delta_step: 0.7]
[tweedie_variance_power: 1.5]
[lambdarank_truncation_level: 30]
[lambdarank_norm: 1]
[label_gain: ]
[lambdarank_position_bias_regularization: 0]
[eval_at: ]
[multi_error_top_k: 1]
[auc_mu_weights: ]
[num_machines: 1]
[local_listen_port: 12400]
[time_out: 120]
[machine_list_filename: ]
[machines: ]
[gpu_platform_id: -1]
[gpu_device_id: -1]
[gpu_use_dp: 0]
[num_gpu: 1]

end of parameters

pandas_categorical:null
