tree
version=v4
num_class=1
num_tree_per_iteration=1
label_index=0
max_feature_idx=10
objective=regression
feature_names=Column_0 Column_1 Column_2 Column_3 Column_4 Column_5 Column_6 Column_7 Column_8 Column_9 Column_10
feature_infos=[19:39] [187:1032] [20:41] [18398:203057] [3578:117118] [20925:203057] [14832.200000000001:147688.45000000001] [1827362.6274999999:1087698047.0599999] [12779.75:136309] [15711:143134.5] [16686:166041.5]
tree_sizes=2708 2856 2872 2863 2873 2869 2881 2879 2875 2875 2869 2895 2890 2892 2881 2895 2890 2888 2887 2913 2901 2916 2909 2900 2900 2908 2929 2900 2883 2874 2883 2866 2922 2880 2899 2896 2931 2892 2887 2915 2872 2910 2895 2869 2890 2900 2869 2892 2908 2888 2889 2879 2883 2873 2863 2920 2886 2885 2900 2891 2895 2913 2890 2902 2910 2865 2899 2897 2894 2893 2867 2892 2888 2900 2881 2865 2884 2882 2896 2900 2905 2900 2886 2910 2873 2913 2895 2909 2864 2879 2897 2903 2892 2875 2886 2932 2903 2885 2901 2870

Tree=0
num_leaves=31
num_cat=0
split_feature=4 4 1 1 0 1 9 1 0 1 1 4 6 4 1 0 10 1 6 7 1 7 1 1 7 4 1 7 6 4
split_gain=12.4228 4.02015 1.67398 1.57559 1.42558 0.885819 0.638138 0.633026 0.617396 0.735381 0.586337 0.497238 0.392985 0.384409 0.376947 0.262876 0.428728 0.262867 0.248666 0.21706 0.214235 0.212966 0.200963 0.200582 0.181717 0.176813 0.175323 0.159303 0.176995 0.158209
threshold=56322.000000000007 40827.500000000007 454.50000000000006 483.50000000000006 21.500000000000004 428.50000000000006 76826.500000000015 511.50000000000006 21.500000000000004 517.50000000000011 620.50000000000011 68342.500000000015 49753.55000000001 68575.000000000015 587.50000000000011 26.500000000000004 77027.875000000015 443.50000000000006 88151.200000000012 33979099.635000013 400.50000000000006 25364232.668750007 747.50000000000011 373.50000000000006 31911107.608750004 76639.500000000015 486.50000000000006 27690563.180000003 70886.800000000003 35839.000000000007
decision_type=2 2 2 2 2 2 2 2 2 2 2 2 2 2 2 2 2 2 2 2 2 2 2 2 2 2 2 2 2 2
left_child=1 5 20 11 6 29 19 21 9 26 13 23 -7 -6 -10 16 -12 -13 -9 -5 -3 -8 -17 -2 -25 -19 27 -4 -29 -1
right_child=3 2 8 4 10 12 7 18 14 -11 15 17 -14 -15 -16 22 -18 25 -20 -21 -22 -23 -24 24 -26 -27 -28 28 -30 -31
leaf_value=0.75909196963224723 0.75306826467839372 0.75479445588254035 0.74335022052006572 0.73307729288659718 0.74713969415744053 0.75303425187651818 0.72417302725207588 0.72565484583002782 0.753025658839513 0.73733888131618752 0.73979758896660719 0.74239238208702418 0.74823638630263234 0.73716600946289601 0.74549338957002909 0.74851469402736581 0.7281158848223569 0.7369983445807774 0.71478071994808667 0.73841840608997311 0.74967599782860195 0.73415670094819696 0.73604445625964277 0.74008666412685031 0.74480870844770641 0.72862167623951446 0.74251289100930329 0.74792456943056318 0.73962820020100051 0.75374015039990072
leaf_weight=227 21 112 228 211 120 490 25 110 95 205 57 62 262 57 221 24 70 79 26 119 303 147 28 132 213 37 439 227 29 73
leaf_count=227 21 112 228 211 120 490 25 110 95 205 57 62 262 57 221 24 70 79 26 119 303 147 28 132 213 37 439 227 29 73
internal_value=0.744414 0.748255 0.74546 0.737145 0.734777 0.753195 0.731948 0.728674 0.743851 0.742757 0.739847 0.741471 0.751363 0.743928 0.747758 0.735811 0.733359 0.737136 0.723576 0.735003 0.751057 0.732706 0.7418 0.74358 0.743002 0.734326 0.74396 0.745273 0.746985 0.75779
internal_weight=4449 2911 1859 1538 994 1052 638 308 1444 1128 356 544 752 177 316 179 127 178 136 330 415 172 52 366 345 116 923 484 256 300
internal_count=4449 2911 1859 1538 994 1052 638 308 1444 1128 356 544 752 177 316 179 127 178 136 330 415 172 52 366 345 116 923 484 256 300
is_linear=0
shrinkage=1


Tree=1
num_leaves=31
num_cat=0
split_feature=4 4 1 1 0 1 4 0 1 1 4 10 4 1 1 1 7 1 8 9 1 1 3 7 7 1 7 7 10 1
split_gain=10.0625 3.25632 1.35593 1.27623 1.15472 0.725284 0.536881 0.500091 0.595659 0.483405 0.402763 0.318493 0.308049 0.306042 0.277341 0.232751 0.23677 0.217482 0.216155 0.18098 0.177574 0.162472 0.15076 0.149742 0.14719 0.142012 0.140024 0.177846 0.1327 0.131982
threshold=56322.000000000007 40827.500000000007 454.50000000000006 483.50000000000006 21.500000000000004 419.50000000000006 68575.000000000015 21.500000000000004 517.50000000000011 611.50000000000011 68342.500000000015 51137.875000000007 68575.000000000015 532.50000000000011 511.50000000000006 534.50000000000011 22981299.528750006 454.50000000000006 78074.000000000015 76826.500000000015 391.50000000000006 373.50000000000006 97805.000000000015 33979099.635000013 31911107.608750004 486.50000000000006 66770547.583750002 43556769.468750007 77027.875000000015 619.50000000000011
decision_type=2 2 2 2 2 2 2 2 2 2 2 2 2 2 2 2 2 2 2 2 2 2 2 2 2 2 2 2 2 2
left_child=1 5 20 10 6 -1 14 8 25 12 21 -7 -6 -9 -5 16 -8 -12 22 23 -3 -2 28 -16 -23 -4 27 -19 -11 -15
right_child=3 2 7 4 9 11 15 13 -10 18 17 -13 -14 29 19 -17 -18 26 -20 -21 -22 24 -24 -25 -26 -27 -28 -29 -30 -31
leaf_value=0.01248559502311624 0.0077884104812429066 0.0099094432095686597 0.00077232546731059953 -0.0070627358145855957 0.003116219272872187 0.0081647358712585716 -0.022770484575423702 0.013864100008504465 -0.006368034321178751 -0.0041868472329547836 -0.0029353541809372433 0.0041217064016600908 -0.006471703353585029 0.0041293681698984334 -0.01243616961489577 -0.026076148254796861 -0.012756077901232898 -0.011040278537464995 -0.012434469139345497 -0.01677087374545377 0.004890059842119137 -0.0038950298306052438 0.0014914166768667874 -0.0060739828473223116 0.00035481012334496206 -0.0017114256667758176 -0.015680351079409495 0.00023059475102594923 -0.011207607726371567 -0.00012904896900273752
leaf_weight=260 21 90 484 239 106 446 29 24 205 72 86 346 49 154 109 20 127 42 59 58 325 132 27 56 213 439 29 21 43 138
leaf_count=260 21 90 484 239 106 446 29 24 205 72 86 346 49 154 109 20 127 42 59 58 325 132 27 56 213 439 29 21 43 138
internal_value=5.62975e-11 0.00345684 0.000940836 -0.00654282 -0.00867386 0.00790289 -0.0112199 -0.000506998 -0.00149198 -0.00411107 -0.00264896 0.00639846 8.51986e-05 0.00300903 -0.00942942 -0.0159198 -0.0146177 -0.00655067 -0.00734699 -0.0119659 0.0059786 -0.000751401 -0.00523318 -0.0102769 -0.00127122 -0.000409004 -0.00993021 -0.00728332 -0.006812 0.00211683
internal_weight=4449 2911 1859 1538 994 1052 638 1444 1128 356 544 792 155 316 462 176 156 178 201 223 415 366 142 165 345 923 92 63 115 292
internal_count=4449 2911 1859 1538 994 1052 638 1444 1128 356 544 792 155 316 462 176 156 178 201 223 415 366 142 165 345 923 92 63 115 292
is_linear=0
shrinkage=0.1


Tree=2
num_leaves=31
num_cat=0
split_feature=4 4 1 1 0 1 4 1 1 0 1 8 6 1 4 6 0 10 7 6 7 1 1 1 10 4 1 1 7 3
split_gain=8.15063 2.63762 1.10195 1.03375 0.935325 0.590702 0.449531 0.396027 0.381622 0.349659 0.555287 0.347318 0.269708 0.269429 0.249638 0.230238 0.214356 0.304318 0.20437 0.224366 0.187582 0.247848 0.156895 0.133148 0.15243 0.126455 0.123272 0.12258 0.135051 0.122058
threshold=56322.000000000007 40827.500000000007 440.50000000000006 483.50000000000006 21.500000000000004 428.50000000000006 64506.500000000007 620.50000000000011 511.50000000000006 21.500000000000004 517.50000000000011 85631.875000000015 49753.55000000001 587.50000000000011 68575.000000000015 88151.200000000012 26.500000000000004 77027.875000000015 25880015.518750008 66783.750000000015 27690563.180000003 479.50000000000006 747.50000000000011 457.50000000000006 81740.250000000015 32450.000000000004 656.50000000000011 476.50000000000006 35028670.49000001 96396.500000000015
decision_type=2 2 2 2 2 2 2 2 2 2 2 2 2 2 2 2 2 2 2 2 2 2 2 2 2 2 2 2 2 2
left_child=1 5 -3 11 6 25 -5 14 -8 10 20 18 27 -11 29 -10 17 -9 19 -2 -4 -22 -18 24 -20 -1 -19 -7 -29 -6
right_child=3 2 9 4 7 12 8 16 15 13 -12 -13 -14 -15 -16 -17 22 26 23 -21 21 -23 -24 -25 -26 -27 -28 28 -30 -31
leaf_value=0.012746505064466979 0.0038808365710652792 0.0064079386745906596 -0.0014685806488702574 -0.0074600566715303795 -0.00045297500361422344 0.008537824813365227 -0.0095425791868611297 -0.0038062457599791519 -0.014708720211733563 0.0071688254092199108 -0.0057312308433579238 -0.0088022611269803902 0.0030260062962237265 0.00082399650479243367 -0.0057949132138961244 -0.025242826145142318 0.0043244935960198442 -0.010807135755506654 0.0051069148444818175 -0.0063811612694319028 0.003438657795248384 -0.00080327940425680344 -0.0066939904354512691 -0.0022399054878220266 -0.00075712021587803812 0.008624819095117333 -0.019846719105473976 0.006362340860344067 -0.00036364562676421237 0.0060160546959377829
leaf_weight=163 26 299 486 321 70 252 170 57 122 96 205 73 262 221 57 25 24 48 79 118 264 288 28 147 101 137 22 203 35 50
leaf_count=163 26 299 486 321 70 252 170 57 122 96 205 73 262 221 57 25 24 48 79 118 264 288 28 147 101 137 22 203 35 50
internal_value=3.47081e-11 0.00311115 0.000846752 -0.00588853 -0.00780648 0.0071126 -0.0100979 -0.00369996 -0.012769 -0.000219142 -0.000975198 -0.00238406 0.00561592 0.00274546 -0.000345851 -0.0165002 -0.00701659 -0.00923092 -0.00138931 -0.0045283 -3.59046e-05 0.00122547 -0.00160854 -6.99993e-06 0.00181654 0.0108643 -0.0136481 0.00700073 0.00537323 0.00224245
internal_weight=4449 2911 1859 1538 994 1052 638 356 317 1560 1243 544 752 317 177 147 179 127 471 144 1038 552 52 327 180 300 70 490 238 120
internal_count=4449 2911 1859 1538 994 1052 638 356 317 1560 1243 544 752 317 177 147 179 127 471 144 1038 552 52 327 180 300 70 490 238 120
is_linear=0
shrinkage=0.1


Tree=3
num_leaves=31
num_cat=0
split_feature=4 4 1 1 0 1 8 1 0 1 1 8 1 1 1 7 6 5 7 10 8 4 3 1 7 1 7 3 10 4
split_gain=6.60201 2.13647 0.901293 0.837335 0.757613 0.493064 0.38658 0.330795 0.32934 0.389001 0.306595 0.281328 0.244392 0.225887 0.195938 0.183299 0.179081 0.193766 0.175408 0.217757 0.171548 0.174343 0.161138 0.144353 0.143386 0.137473 0.125277 0.120768 0.157438 0.120169
threshold=56322.000000000007 40827.500000000007 454.50000000000006 483.50000000000006 21.500000000000004 477.50000000000006 72124.750000000015 581.50000000000011 21.500000000000004 517.50000000000011 504.50000000000006 85631.875000000015 369.50000000000006 532.50000000000011 373.50000000000006 27118603.658750001 88151.200000000012 87695.500000000015 25880015.518750008 71033.125000000015 78382.000000000015 76639.500000000015 76030.000000000015 515.50000000000011 22981299.528750006 351.50000000000006 35028670.49000001 103746.50000000001 73218.125000000015 48743.000000000007
decision_type=2 2 2 2 2 2 2 2 2 2 2 2 2 2 2 2 2 2 2 2 2 2 2 2 2 2 2 2 2 2
left_child=1 5 25 11 6 12 26 -6 9 -4 24 14 -1 -10 -2 -7 17 -12 19 -16 22 -22 -9 -19 -8 -3 -5 28 -24 -11
right_child=3 2 8 4 7 15 10 20 13 29 16 -13 -14 -15 18 -17 -18 23 -20 -21 21 -23 27 -25 -26 -27 -28 -29 -30 -31
leaf_value=0.012360044572226427 0.0079638945023444568 0.011509505813491756 -0.00034248849012781003 -0.0079019126728108735 0.0022421870732725396 0.0053206443511069233 -0.015824774829670787 -0.011645964941098578 0.011760808061808348 -0.0022227569606648868 -0.017684550517622164 -0.0079220350694600237 0.007174820138891114 0.0016684709796670042 0.0014901430550508382 0.00079655357189231408 -0.020609042889466793 -0.0044474470590601762 -0.00037144365995288997 -0.007176296460922018 -0.012512961393687875 -0.0029679020446154378 0.0029657867444198458 -0.012419163041118095 -0.0067432706643428125 0.004370471396136044 -0.0035187465240164558 0.0045521362155506555 -0.0050352492608411728 -0.0071551090320114228
leaf_weight=108 22 29 923 184 82 218 20 21 24 83 51 73 574 292 41 152 33 31 309 99 50 31 31 85 133 386 101 22 119 122
leaf_count=108 22 29 923 184 82 218 20 21 24 83 51 73 574 292 41 152 33 31 309 99 50 31 31 85 133 386 101 22 119 122
internal_value=4.26516e-13 0.00280004 0.000762077 -0.00529968 -0.00702583 0.00640134 -0.0090881 -0.00332996 -0.000418335 -0.00121767 -0.0112999 -0.00214566 0.00799594 0.00243498 -0.00125038 0.0034621 -0.0138776 -0.0125474 -0.00170186 -0.00463827 -0.00499754 -0.00885991 -0.00337655 -0.0102888 -0.0079304 0.00486934 -0.00634858 -0.00236691 -0.0033817 -0.00515811
internal_weight=4449 2911 1859 1538 994 1052 638 356 1444 1128 353 544 682 316 471 370 200 167 449 140 274 81 193 116 153 415 285 172 150 205
internal_count=4449 2911 1859 1538 994 1052 638 356 1444 1128 353 544 682 316 471 370 200 167 449 140 274 81 193 116 153 415 285 172 150 205
is_linear=0
shrinkage=0.1


Tree=4
num_leaves=31
num_cat=0
split_feature=4 4 1 1 4 1 3 1 0 0 1 1 1 6 7 5 1 9 10 0 1 5 7 6 10 7 8 3 10 4
split_gain=5.34763 1.73054 0.745771 0.694746 0.68138 0.411204 0.34119 0.252588 0.268575 0.232571 0.376813 0.212877 0.199172 0.197494 0.190844 0.169596 0.156308 0.175763 0.202121 0.154548 0.184307 0.182097 0.148932 0.193118 0.154374 0.139666 0.136828 0.13614 0.13613 0.133074
threshold=56322.000000000007 40827.500000000007 440.50000000000006 456.50000000000006 68575.000000000015 419.50000000000006 101480.50000000001 484.50000000000006 21.500000000000004 21.500000000000004 493.50000000000006 611.50000000000011 587.50000000000011 49753.55000000001 73436002.000000015 97584.500000000015 504.50000000000006 76625.750000000015 80930.000000000015 21.500000000000004 534.50000000000011 91158.000000000015 26311899.123750005 73437.375000000015 81740.250000000015 9063844.4375000019 94179.750000000015 95654.500000000015 77027.875000000015 49900.000000000007
decision_type=2 2 2 2 2 2 2 2 2 2 2 2 2 2 2 2 2 2 2 2 2 2 2 2 2 2 2 2 2 2
left_child=1 5 -3 22 6 -1 7 27 15 10 25 -10 -11 -7 -8 16 -9 -18 -19 20 21 -6 23 -2 -24 -4 -23 -5 -13 -27
right_child=3 2 9 4 19 13 14 8 11 12 -12 28 -14 -15 -16 -17 17 18 -20 -21 -22 26 24 -25 -26 29 -28 -29 -30 -31
leaf_value=0.0092118223468199961 0.00033513833010612534 0.0052608560867308573 -0.0053677502566845054 -0.0028151524140529577 -0.016178971912282018 0.0057801151956202793 0.0052043605712242431 -0.004219182059984573 0.0013995707833803156 0.0060299728511987874 -0.0028171357078439299 -0.0030374379240368544 0.00057474974389040505 0.0024632512510500172 -0.0027007228921394092 -0.01542332299426198 -0.0068861356779682239 -0.02133034748956561 -0.0090682678844598002 -0.006327605309454188 -0.019913165662437678 -0.0076283600083877183 0.0045537334175978919 -0.0097500210901831884 -0.0010419781736807148 0.0022351385855888441 -0.014947122323016327 0.0050207347919543587 -0.010244681184412912 -0.00060657879276012922
leaf_weight=260 43 299 36 124 39 517 52 137 72 96 533 76 221 275 74 25 182 20 41 118 20 172 78 34 134 387 30 27 40 287
leaf_count=260 43 299 36 124 39 517 52 137 72 96 533 76 221 275 74 25 182 20 41 118 20 172 78 34 134 387 30 27 40 287
internal_value=-1.32766e-11 0.00252003 0.000685869 -0.00476971 -0.00579207 0.0057612 -0.00425046 -0.00506542 -0.00599521 -0.000191003 -0.000807612 -0.00287161 0.0022268 0.00462843 0.000561693 -0.00744517 -0.00692029 -0.00844314 -0.0130886 -0.00933085 -0.0106886 -0.00992312 -0.000351293 -0.00411805 0.00101682 0.000700946 -0.0087153 -0.00141403 -0.00552269 0.00102509
internal_weight=4449 2911 1859 1538 1249 1052 870 744 593 1560 1243 188 317 792 126 405 380 243 61 379 261 241 289 77 212 710 202 151 116 674
internal_count=4449 2911 1859 1538 1249 1052 870 744 593 1560 1243 188 317 792 126 405 380 243 61 379 261 241 289 77 212 710 202 151 116 674
is_linear=0
shrinkage=0.1


Tree=5
num_leaves=31
num_cat=0
split_feature=4 4 1 1 4 1 3 3 6 3 7 1 4 5 10 1 5 1 7 7 3 8 4 6 10 7 0 1 6 5
split_gain=4.3948 1.30801 0.742285 0.573765 0.422941 0.366803 0.293062 0.29209 0.262177 0.226926 0.187401 0.181794 0.16819 0.236003 0.166861 0.160321 0.155236 0.155063 0.146563 0.146178 0.143794 0.139068 0.136201 0.135369 0.128692 0.126444 0.125184 0.168514 0.123813 0.113684
threshold=46847.500000000007 58108.500000000007 437.50000000000006 456.50000000000006 68575.000000000015 469.50000000000006 86193.500000000015 87902.000000000015 50917.325000000004 68648.000000000015 116786446.22750002 504.50000000000006 58734.000000000007 78594.500000000015 73218.125000000015 369.50000000000006 72154.500000000015 513.50000000000011 36546257.24750001 25086528.473750006 113185.00000000001 68948.375000000015 31919.000000000004 73437.375000000015 73218.125000000015 46056397.087500013 21.500000000000004 511.50000000000006 88151.200000000012 89301.500000000015
decision_type=2 2 2 2 2 2 2 2 2 2 2 2 2 2 2 2 2 2 2 2 2 2 2 2 2 2 2 2 2 2
left_child=2 5 15 19 7 21 14 11 -4 18 -8 -5 -13 -14 -7 -1 -11 25 -10 23 24 -2 -17 -3 -9 -18 27 -6 -29 -26
right_child=1 3 8 4 26 6 10 20 9 16 -12 12 13 -15 -16 22 17 -19 -20 -21 -22 -23 -24 -25 29 -27 -28 28 -30 -31
leaf_value=0.010283458094680542 0.0026814066102853066 0.00066247510258108386 0.0041688585751329414 -0.003492831993510559 -0.007930485722936885 -0.0019629199941862772 0.0027166895124610901 0.0033262237921978036 -0.001487179130798314 0.0060825747630462567 -0.0072182506810696354 -0.015244952954318642 -0.0030197979736163519 -0.0099715848362683206 -0.0075562959617196494 0.0092096542272698673 -0.0028582296740804689 -0.0051314423916240534 0.004396936481818557 0.00095732785146976015 0.0036192018694955076 -0.0033124004333648228 0.004851366956797192 -0.009413565487290422 -0.00084077762063555046 0.0039130226690808553 -0.0056948447189593722 -0.010789471175521613 -0.019276899937540296 -0.00505553410052147
leaf_weight=132 388 24 607 149 181 663 198 30 276 116 21 28 86 113 58 103 34 30 50 191 38 43 236 30 99 146 118 55 25 181
leaf_count=132 388 24 607 149 181 663 198 30 276 116 21 28 86 113 58 103 34 30 50 191 38 43 236 30 99 146 118 55 25 181
internal_value=-5.36416e-13 -0.00250701 0.00394022 -0.00471897 -0.0056913 -0.000332172 -0.00143974 -0.00427452 0.00267326 0.00128089 0.00176402 -0.00620687 -0.00798833 -0.0069673 -0.00241287 0.00732682 0.00314649 0.00152466 -0.000584707 -0.000341461 -0.0021867 0.00208342 0.00617557 -0.00493533 -0.00289839 0.00263401 -0.00839777 -0.00961978 -0.0134418 -0.00356532
internal_weight=4449 2719 1730 1348 1103 1371 940 724 1259 652 219 376 227 199 721 471 326 210 326 245 348 431 339 54 310 180 379 261 80 280
internal_count=4449 2719 1730 1348 1103 1371 940 724 1259 652 219 376 227 199 721 471 326 210 326 245 348 431 339 54 310 180 379 261 80 280
is_linear=0
shrinkage=0.1


Tree=6
num_leaves=31
num_cat=0
split_feature=4 4 1 1 0 1 1 6 1 9 0 1 10 0 4 3 3 10 7 1 7 7 9 4 1 0 4 1 1 3
split_gain=3.55979 1.05949 0.601251 0.466595 0.342838 0.300579 0.252853 0.22839 0.227129 0.179817 0.178091 0.226754 0.169326 0.1669 0.157267 0.263332 0.155174 0.152527 0.139711 0.12986 0.127114 0.135674 0.126951 0.117356 0.109539 0.230957 0.106181 0.0942604 0.0914434 0.0912558
threshold=46847.500000000007 58108.500000000007 437.50000000000006 483.50000000000006 21.500000000000004 441.50000000000006 515.50000000000011 46761.700000000004 620.50000000000011 89260.250000000015 21.500000000000004 517.50000000000011 93786.250000000015 26.500000000000004 67000.500000000015 89668.000000000015 86193.500000000015 86428.875000000015 23576690.657500003 369.50000000000006 19228973.808750007 11963616.007500002 77903.750000000015 35839.000000000007 485.50000000000006 21.500000000000004 68575.000000000015 454.50000000000006 747.50000000000011 55340.000000000007
decision_type=2 2 2 2 2 2 2 2 2 2 2 2 2 2 2 2 2 2 2 2 2 2 2 2 2 2 2 2 2 2
left_child=2 5 19 9 6 -2 14 -4 26 18 11 22 -8 17 -5 -16 -12 -10 20 -1 21 -3 29 -21 -9 -26 -6 -11 -15 -7
right_child=1 3 7 4 8 10 12 24 13 27 16 -13 -14 28 15 -17 -18 -19 -20 23 -22 -23 -24 -25 25 -27 -28 -29 -30 -31
leaf_value=0.0092551123894130186 0.0032022624302324126 -0.0075016574790844545 0.0046382619187213666 -0.0036747782812542929 0.0017881666086302093 -0.006160836429002562 -0.0088237795957354873 0.0027880971589548569 -0.0058537137654599966 -0.0027402468946177601 -0.00028838241190886439 -0.0048498761688554014 -0.018260694703175911 0.0045983609184622768 -0.01598008156870492 -0.0055450218784942702 0.0049930282100387737 -0.015112833179194818 0.00033133382108389289 0.0074241049850177713 -0.0093114789132209084 0.0014676176370509589 -0.0076800910720171839 0.0037028913846349019 -0.00079344661911623284 0.0038885790783291063 -0.0036501039423073008 -0.0095292357202523808 -0.0044735233411192891 -0.0003359395415550366
leaf_weight=132 208 26 336 209 97 28 201 419 93 43 173 172 21 20 32 99 82 22 285 169 31 48 26 170 354 150 57 39 25 682
leaf_count=132 208 26 336 209 97 28 201 419 93 43 173 172 21 20 32 99 82 22 285 169 31 48 26 170 354 150 57 39 25 682
internal_value=9.69989e-12 -0.00225631 0.00354619 -0.00424707 -0.00561273 -0.000298954 -0.00709146 0.00240594 -0.00296609 -0.00171249 -0.000925139 -0.00158092 -0.00971646 -0.00560468 -0.0053775 -0.00809404 0.00140995 -0.00762502 -0.000817495 0.00659414 -0.00393575 -0.00168375 -0.000816979 0.00555801 0.0015933 0.000600013 -0.0002247 -0.00596916 -0.000441575 -0.000565654
internal_weight=4449 2719 1730 1348 876 1371 562 1259 314 472 1163 908 222 160 340 131 255 115 390 471 105 74 736 339 923 504 154 82 45 710
internal_count=4449 2719 1730 1348 876 1371 562 1259 314 472 1163 908 222 160 340 131 255 115 390 471 105 74 736 339 923 504 154 82 45 710
is_linear=0
shrinkage=0.1


Tree=7
num_leaves=31
num_cat=0
split_feature=4 4 1 1 0 6 1 1 1 3 5 1 1 4 10 5 3 8 7 9 1 10 10 10 1 3 8 7 7 7
split_gain=2.89297 0.682003 0.666779 0.508292 0.412147 0.277223 0.251335 0.24637 0.231261 0.215083 0.228757 0.190471 0.127302 0.126665 0.124122 0.154536 0.119745 0.116242 0.106573 0.146156 0.102789 0.100919 0.174188 0.0960592 0.173384 0.121955 0.108125 0.116192 0.0944229 0.0936497
threshold=49413.500000000007 68575.000000000015 467.50000000000006 483.50000000000006 21.500000000000004 50917.325000000004 517.50000000000011 611.50000000000011 454.50000000000006 68970.500000000015 71152.000000000015 369.50000000000006 354.50000000000006 32450.000000000004 75131.625000000015 87695.500000000015 86193.500000000015 66572.125000000015 11521519.743750002 71969.500000000015 508.50000000000006 75930.250000000015 77308.625000000015 83494.125000000015 465.50000000000006 97450.500000000015 68727.250000000015 24261045.108750004 78849222.853750005 14829948.274999999
decision_type=2 2 2 2 2 2 2 2 2 2 2 2 2 2 2 2 2 2 2 2 2 2 2 2 2 2 2 2 2 2
left_child=2 3 11 12 6 -4 14 16 -3 -7 -11 -1 -2 -13 -5 -16 17 -6 -8 -20 -12 -21 -23 25 -25 26 -14 -28 -27 -15
right_child=1 8 5 4 7 9 18 -9 -10 10 20 13 23 29 15 -17 -18 -19 19 21 -22 22 -24 24 -26 28 27 -29 -30 -31
leaf_value=0.0080749863379714192 0.0080293264811519879 -0.00099888555194455682 0.0031546628218790868 -0.0015492260385384423 0.0020187738895541632 -0.0018591708241400208 -0.012629713992086742 -0.0024121574897773912 -0.0068517968687975498 0.0052680248762922493 0.0012547861724372276 0.006268396515825495 0.00097347528295577471 0.00088284660461705093 -0.0080507365230005241 -0.0024934319595356809 0.0048533388785561363 -0.0069520107726566503 -0.0037942844919267704 -0.014872560731046612 -0.0032100656864931807 0.0010565455444157125 -0.0095254353038035349 -0.005488741212983185 0.0033667008815841241 0.0091336850270939372 -0.0071174167751057726 -0.00034046646003844223 0.0020484224542029082 0.0039913245845391004
leaf_weight=141 22 82 409 311 52 354 26 215 382 116 165 201 399 121 83 126 102 20 143 21 75 20 70 67 33 27 37 80 62 487
leaf_count=141 22 82 409 311 52 354 26 215 382 116 165 201 399 121 83 126 102 20 143 21 75 20 70 67 33 27 37 80 62 487
internal_value=2.21865e-11 -0.00237757 0.00273495 -0.00154453 -0.00281813 0.00108086 -0.0041164 -0.000148168 -0.00581745 -0.000113762 0.00162184 0.00468328 0.000538442 0.00409215 -0.00281576 -0.0047004 0.00264929 -0.000473111 -0.00653189 -0.0059077 -0.00014048 -0.00863039 -0.00717388 0.000304684 -0.00256645 0.000779251 0.000189603 -0.0024836 0.00419788 0.0033727
internal_weight=4449 2380 2069 1916 1189 1119 800 389 464 710 356 950 727 809 520 209 174 72 280 254 240 111 90 705 100 605 516 117 89 608
internal_count=4449 2380 2069 1916 1189 1119 800 389 464 710 356 950 727 809 520 209 174 72 280 254 240 111 90 705 100 605 516 117 89 608
is_linear=0
shrinkage=0.1


Tree=8
num_leaves=31
num_cat=0
split_feature=4 4 1 1 4 3 0 1 3 1 6 1 6 7 1 5 3 3 1 1 4 1 3 10 7 1 10 4 0 1
split_gain=2.3687 0.821811 0.415005 0.326172 0.288055 0.216062 0.198972 0.205836 0.166178 0.194489 0.162023 0.148801 0.138457 0.196317 0.132205 0.138454 0.127263 0.13924 0.120733 0.116763 0.115418 0.114205 0.109726 0.109068 0.106307 0.152059 0.117901 0.0992752 0.0961844 0.132575
threshold=56322.000000000007 36283.000000000007 470.50000000000006 456.50000000000006 69241.500000000015 101480.50000000001 21.500000000000004 516.50000000000011 68793.000000000015 515.50000000000011 71292.800000000003 437.50000000000006 50917.325000000004 8730243.9875000026 484.50000000000006 97584.500000000015 79392.500000000015 80915.000000000015 589.50000000000011 351.50000000000006 54656.500000000007 373.50000000000006 93740.000000000015 82726.375000000015 26311899.123750005 424.50000000000006 81238.875000000015 70493.000000000015 21.500000000000004 514.50000000000011
decision_type=2 2 2 2 2 2 2 2 2 2 2 2 2 2 2 2 2 2 2 2 2 2 2 2 2 2 2 2 2 2
left_child=1 11 19 21 5 8 7 12 9 -5 16 -1 13 -4 -12 22 -10 -18 -8 -3 -20 -2 -16 -7 25 -23 -26 -28 29 -6
right_child=3 2 6 4 28 23 18 -9 10 -11 14 -13 -14 -15 15 -17 17 -19 20 -21 -22 24 -24 -25 26 -27 27 -29 -30 -31
leaf_value=0.0065995042987116101 0.0063129022419452681 0.0081220845940859158 -0.0064218990504741674 -0.0039676808334630108 -0.0059050646802746645 0.0036066679249736758 0.0043368831007802467 -0.0034937138949615353 -0.003495269143832443 -0.016786008905619383 -0.0010063459550873073 0.0035341663305239156 -0.0007624647729691825 0.004305737456186386 -0.0054546634214057126 -0.012013167925868873 0.008533163069348251 -0.00037288205854803605 -0.00032210687785877283 0.0022993034348693813 0.0067428762952868766 -0.010525962423222762 -0.00097637739570071824 -0.0021684336117542692 0.003901063276906357 -0.00081048361097025331 -0.003400540276269578 0.00250019968317991 -0.0038794300412908866 -0.01105455085815547
leaf_weight=270 25 36 20 29 169 68 122 244 115 20 99 383 691 116 280 27 21 107 209 794 26 24 68 63 66 49 81 44 112 71
leaf_count=270 25 36 20 29 169 68 122 244 115 20 99 383 691 116 280 27 21 107 209 794 26 24 68 63 66 49 81 44 112 71
internal_value=1.33729e-11 0.00167719 0.00077362 -0.00317444 -0.00387495 -0.00292361 -0.000259949 -0.000941458 -0.00356544 -0.00919965 -0.00318039 0.00480161 -0.000188435 0.00272814 -0.00425672 -0.00511481 -0.0010809 0.00108827 0.00178458 0.00255186 0.000459551 -0.000146986 -0.0045796 0.000829329 -0.000758718 -0.00400461 0.00048186 -0.00132348 -0.00629922 -0.00742845
internal_weight=4449 2911 2258 1538 1249 897 1428 1071 766 49 717 653 827 136 474 375 243 128 357 830 235 289 348 131 264 73 191 125 352 240
internal_count=4449 2911 2258 1538 1249 897 1428 1071 766 49 717 653 827 136 474 375 243 128 357 830 235 289 348 131 264 73 191 125 352 240
is_linear=0
shrinkage=0.1


Tree=9
num_leaves=31
num_cat=0
split_feature=4 4 1 1 7 1 4 7 3 4 3 0 7 3 5 1 8 1 7 9 10 4 3 6 3 6 1 1 3 9
split_gain=1.96307 0.560367 0.338841 0.27933 0.209544 0.177906 0.17346 0.204162 0.175268 0.142193 0.132447 0.132188 0.122305 0.220173 0.115077 0.112019 0.11112 0.0941938 0.1084 0.106449 0.0991232 0.0933152 0.0903039 0.134121 0.0995876 0.157193 0.0862473 0.0861741 0.139017 0.13112
threshold=46847.500000000007 58108.500000000007 477.50000000000006 456.50000000000006 6341711.5687500015 441.50000000000006 69241.500000000015 11963616.007500002 68970.500000000015 38285.000000000007 113185.00000000001 21.500000000000004 116786446.22750002 99360.500000000015 46009.000000000007 493.50000000000006 51002.000000000007 377.50000000000006 26311899.123750005 75480.750000000015 83494.125000000015 72486.000000000015 96708.000000000015 85285.250000000015 92642.000000000015 83045.35000000002 351.50000000000006 516.50000000000011 121995.50000000001 101024.75000000001
decision_type=2 2 2 2 2 2 2 2 2 2 2 2 2 2 2 2 2 2 2 2 2 2 2 2 2 2 2 2 2 2
left_child=2 5 9 17 -5 -2 7 -6 -9 -1 -10 14 13 16 -4 -16 -7 -3 19 -19 -20 -22 24 -24 25 -8 -11 29 -29 -25
right_child=1 3 11 4 6 12 22 8 10 26 -12 -13 -14 -15 15 -17 -18 18 20 -21 21 -23 23 27 -26 -27 -28 28 -30 -31
leaf_value=0.0049331151113905219 0.0024415689058234699 0.0056216931955602309 0.007510500897963842 0.0058598943070550871 -0.0087237487575233304 -0.0070574361431811538 -0.010024242423648059 -0.010688681882591202 -0.0026710560329681566 0.0089247091580182316 0.0034129484924242687 0.0032865849616720193 -0.0067346625284037806 0.0063762258071537042 0.0016888177280980098 -0.0012499237935812138 -0.00067494752987160087 -0.00026629270453538213 0.0035019320646879079 -0.0090664649546077416 -0.0038821479366695291 0.0025380137686928112 6.7561123757920374e-05 -0.0022059160169719916 -0.012157190148718655 -0.00092535143160014694 0.0022018466518672472 -0.011259661701128439 -0.0022402056853752582 -0.011247354168444872
leaf_weight=545 208 26 21 22 60 28 43 26 613 20 38 193 33 44 221 314 1058 28 67 27 61 36 47 81 40 34 416 54 25 20
leaf_count=545 208 26 21 22 60 28 43 26 613 20 38 193 33 44 221 314 1058 28 67 27 61 36 47 81 40 34 416 54 25 20
internal_value=9.5877e-12 -0.00167554 0.00263341 -0.00312333 -0.00380177 -0.00025204 -0.0039984 -0.00313297 -0.00263748 0.00385628 -0.00231592 0.00103175 -0.000733786 -0.000558539 0.000249052 -3.59764e-05 -0.000839505 -6.89788e-05 -0.000744584 -0.00458638 0.000543823 -0.00149941 -0.00585253 -0.00468933 -0.00810933 -0.00600655 0.00251023 -0.00593141 -0.0084054 -0.0039963
internal_weight=4449 2719 1730 1348 1103 1371 1081 737 677 981 651 749 1163 1130 556 535 1086 245 219 55 164 97 344 227 117 77 436 180 79 101
internal_count=4449 2719 1730 1348 1103 1371 1081 737 677 981 651 749 1163 1130 556 535 1086 245 219 55 164 97 344 227 117 77 436 180 79 101
is_linear=0
shrinkage=0.1


Tree=10
num_leaves=31
num_cat=0
split_feature=4 1 4 0 6 9 1 1 7 1 9 3 8 10 4 10 1 1 7 1 9 1 7 1 10 5 3 6 4 3
split_gain=1.59768 0.387344 0.366937 0.352498 0.249286 0.247379 0.24587 0.237871 0.224921 0.163725 0.162042 0.150229 0.134069 0.124364 0.124106 0.123977 0.113 0.112724 0.102824 0.0981655 0.083316 0.0815479 0.0811896 0.109115 0.0766778 0.0785721 0.0766263 0.132955 0.146764 0.075413
threshold=49413.500000000007 483.50000000000006 32450.000000000004 21.500000000000004 69474.950000000012 76625.750000000015 528.50000000000011 467.50000000000006 25364232.668750007 535.50000000000011 89260.250000000015 81671.000000000015 49552.125000000007 66824.625000000015 67250.000000000015 63124.875000000007 517.50000000000011 613.50000000000011 11521519.743750002 400.50000000000006 61708.500000000007 351.50000000000006 47170225.93500001 454.50000000000006 100633.12500000001 87695.500000000015 97450.500000000015 85285.250000000015 77231.500000000015 69343.000000000015
decision_type=2 2 2 2 2 2 2 2 2 2 2 2 2 2 2 2 2 2 2 2 2 2 2 2 2 2 2 2 2 2
left_child=2 10 -1 5 7 16 -5 13 -7 24 19 12 -9 21 17 -13 -3 -8 -18 -2 -20 -4 -12 -24 25 -10 -16 -28 -29 -14
right_child=1 3 4 6 -6 8 14 11 9 -11 22 15 29 -15 26 -17 18 -19 20 -21 -22 -23 23 -25 -26 -27 27 28 -30 -31
leaf_value=0.0047612022526033375 0.0036368451159796682 -0.0017604639821097647 0.0070899257662932619 0.0099739833690580884 -0.0073587522871093828 -0.011706005999797727 0.0018714593242745521 0.00161222045627624 -0.0093703017525729685 -0.01294905224248119 -0.0096596119038405877 0.0090051308300139171 -0.0018543516562157386 0.0070258500432406647 -0.006837022066477458 0.0013710223792049174 -0.010438392588044874 -0.001711945757489623 0.0019080886597056753 -5.2813950995102441e-05 -0.0044776072810897658 0.0022431726614572604 0.0014047324992990232 -0.0067983738372042295 -0.0096183097232942997 -0.0029403816337580796 0.0033260017055116841 -0.011389850767418034 -0.0004898992242912451 0.00063161162333562977
leaf_weight=398 80 418 37 21 32 59 159 370 21 23 21 36 313 69 49 52 26 196 23 731 183 562 34 31 23 200 31 21 30 200
leaf_count=398 80 418 37 21 32 59 159 370 21 23 21 36 313 69 49 52 26 196 23 731 183 562 34 31 23 200 31 21 30 200
internal_value=-6.65941e-13 -0.00176687 0.00203246 -0.00275904 0.00138253 -0.00387023 -0.000619956 0.00155319 -0.00611827 -0.00488353 -0.000126533 0.000553975 0.000161304 0.00300565 -0.00107772 0.00449407 -0.00274275 -0.000106984 -0.00451256 0.000311147 -0.00376464 0.00254255 -0.00425396 -0.00250752 -0.00412325 -0.00355137 -0.00370833 -0.00183875 -0.00497811 -0.000885165
internal_weight=4449 2380 2069 1483 1671 976 507 1639 326 267 897 971 883 668 486 88 650 355 232 811 206 599 86 65 244 221 131 82 51 513
internal_count=4449 2380 2069 1483 1671 976 507 1639 326 267 897 971 883 668 486 88 650 355 232 811 206 599 86 65 244 221 131 82 51 513
is_linear=0
shrinkage=0.1


Tree=11
num_leaves=31
num_cat=0
split_feature=4 1 8 1 0 1 7 8 1 7 7 5 9 0 1 7 9 9 3 10 1 0 7 4 8 7 10 8 1 4
split_gain=1.30408 0.467413 0.269317 0.176394 0.22763 0.171927 0.131196 0.114195 0.142923 0.142802 0.138376 0.124516 0.115285 0.105183 0.153111 0.101886 0.0975094 0.0969871 0.092118 0.112557 0.108821 0.155591 0.0919149 0.0899394 0.0884377 0.128436 0.125055 0.107424 0.0842391 0.0961041
threshold=56322.000000000007 437.50000000000006 49552.125000000007 483.50000000000006 21.500000000000004 534.50000000000011 15676644.487500004 76233.125000000015 535.50000000000011 33979099.635000013 29896754.873750005 83715.500000000015 82434.750000000015 21.500000000000004 487.50000000000006 11791825.608750002 89260.250000000015 86948.000000000015 76421.000000000015 74384.000000000015 620.50000000000011 26.500000000000004 27690563.180000003 35839.000000000007 53019.875000000007 22016063.037500005 72083.125000000015 65349.875000000007 373.50000000000006 71272.000000000015
decision_type=2 2 2 2 2 2 2 2 2 2 2 2 2 2 2 2 2 2 2 2 2 2 2 2 2 2 2 2 2 2
left_child=1 23 -3 16 7 -6 -4 9 12 10 11 15 -9 14 22 -5 17 28 -7 -20 -21 -22 -8 -1 25 -16 -26 -28 -2 -30
right_child=3 2 6 4 5 18 13 8 -10 -11 -12 -13 -14 -15 24 -17 -18 -19 19 20 21 -23 -24 -25 26 -27 27 -29 29 -31
leaf_value=0.0050727228629805794 0.0054478266653383064 0.0021989634130496851 -0.0019189488075009803 -0.0074896457641826647 0.0072400852592419025 -0.0068906183324513905 -0.0011729596995043239 -0.0091003692609124952 -0.013551187435286525 -0.0010644283901680919 -0.011739884539453599 -0.0092098960064743701 -0.0037734526662609063 0.0025117566686383981 0.001881834144958041 -0.0016465353032426655 -0.0040630263526059964 0.0050623837197499889 0.0026708292165106987 1.3814835726995678e-05 -0.0066383612566694094 0.0010731690673549709 0.0018225814373490504 0.0026524763707983464 9.6658817533634413e-05 -0.0072329541211589611 -0.010178151910870591 -0.0021244232925072093 -0.00055570225357649112 -0.0058359434141924509
leaf_weight=260 21 705 332 38 23 31 136 56 23 170 26 38 148 186 22 139 83 31 61 119 84 38 415 375 339 52 22 67 371 38
leaf_count=260 21 705 332 38 23 31 136 56 23 170 26 38 148 186 22 139 83 31 61 119 84 38 415 375 339 52 22 67 371 38
internal_value=-5.58314e-12 0.00124445 0.000575137 -0.0023554 -0.00314766 -0.00112181 -0.000153569 -0.00427807 -0.00607828 -0.0032838 -0.00484933 -0.00401605 -0.00523574 0.000319479 -6.77615e-05 -0.00290099 -0.000907765 -0.000339681 -0.00169936 -0.00116648 -0.00213775 -0.00423641 0.00108321 0.00364344 -0.00133108 -0.00452315 -0.000779178 -0.00411523 -0.000729133 -0.00104629
internal_weight=4449 2911 2276 1538 994 356 1571 638 227 411 241 215 204 1239 1053 177 544 461 333 302 241 122 551 635 502 74 428 89 430 409
internal_count=4449 2911 2276 1538 994 356 1571 638 227 411 241 215 204 1239 1053 177 544 461 333 302 241 122 551 635 502 74 428 89 430 409
is_linear=0
shrinkage=0.1


Tree=12
num_leaves=31
num_cat=0
split_feature=4 9 4 1 0 1 1 3 1 3 8 10 1 0 8 3 10 10 10 3 7 4 4 7 10 7 7 3 1 1
split_gain=1.06918 0.314814 0.208303 0.176951 0.172368 0.208514 0.15503 0.149823 0.133444 0.136941 0.123464 0.120596 0.109312 0.143588 0.100365 0.123338 0.0986386 0.0998074 0.218123 0.0966994 0.101449 0.0965057 0.132858 0.146491 0.0912804 0.0887394 0.0871825 0.0819813 0.079989 0.101557
threshold=46847.500000000007 71716.750000000015 32450.000000000004 456.50000000000006 21.500000000000004 530.50000000000011 511.50000000000006 78314.500000000015 489.50000000000006 75473.500000000015 65995.375000000015 56285.000000000007 493.50000000000006 21.500000000000004 58531.375000000007 68793.000000000015 92420.625000000015 75791.000000000015 77308.625000000015 76228.500000000015 22741145.555000003 42087.500000000007 41260.000000000007 19567559.128750004 79015.250000000015 14829948.274999999 26311899.123750005 77777.500000000015 507.50000000000006 504.50000000000006
decision_type=2 2 2 2 2 2 2 2 2 2 2 2 2 2 2 2 2 2 2 2 2 2 2 2 2 2 2 2 2 2
left_child=2 7 -1 26 6 -6 28 8 11 14 12 -2 25 21 15 -10 17 -8 -19 -11 -21 22 23 -14 -20 -4 -3 -15 29 -5
right_child=1 3 10 4 5 -7 16 -9 9 19 -12 -13 13 27 -16 -17 -18 18 24 20 -22 -23 -24 -25 -26 -27 -28 -29 -30 -31
leaf_value=0.0039508694805887564 -0.0068498735559511595 -0.0041860805651129677 0.00025075688307594525 -0.0026822164435923862 0.0086830566016336281 -0.0016433468909461124 -0.01007563056807746 0.0011163738460077033 -0.0012276613956235718 -0.010915093373758003 -0.0062632740124605518 0.00076915134879293543 0.0027385350181396272 0.0015735829737884386 -0.0027453488603506621 0.0048373109740304189 -0.011430154155407634 0.0033125592846772636 -0.011176934231144305 0.0010216397985529442 -0.0075807420697448589 0.00056915244689056033 -0.010684143141843379 -0.0047187109039548564 -0.0046364083780492307 0.0026583381976104446 0.00072641670872587141 0.0077971814125776294 0.0021599687207790631 -0.0084339926245086128
leaf_weight=398 22 43 198 440 21 284 34 538 117 26 21 373 43 138 224 47 28 32 26 26 29 144 20 68 119 675 226 25 31 33
leaf_count=398 22 43 198 440 21 284 34 538 117 26 21 373 43 138 224 47 28 32 26 26 29 144 20 68 119 675 226 25 31 33
internal_value=1.50458e-14 -0.00123655 0.00194346 -0.00234676 -0.00293402 -0.000932349 -0.0037557 -0.000193657 -0.00100939 -0.00214992 0.00134365 0.000344801 0.0014655 0.000176356 -0.00136918 0.000510471 -0.00585333 -0.00511328 -0.00416006 -0.00588977 -0.00351416 -0.0012176 -0.00318167 -0.00182987 -0.00580919 0.00211229 -5.88524e-05 0.00252812 -0.00276099 -0.0030835
internal_weight=4449 2719 1730 1317 1048 305 743 1402 864 469 1332 395 1311 438 388 164 239 211 177 81 55 275 131 111 145 873 269 163 504 473
internal_count=4449 2719 1730 1317 1048 305 743 1402 864 469 1332 395 1311 438 388 164 239 211 177 81 55 275 131 111 145 873 269 163 504 473
is_linear=0
shrinkage=0.1


Tree=13
num_leaves=31
num_cat=0
split_feature=4 1 4 3 4 3 10 1 0 1 1 4 3 10 3 7 3 7 10 1 4 3 7 1 3 1 3 8 4 10
split_gain=0.87484 0.337208 0.194152 0.12732 0.157242 0.100773 0.0954171 0.0908307 0.0940273 0.0943589 0.0808894 0.105077 0.07874 0.131308 0.0969228 0.0905811 0.0899929 0.0765203 0.0760906 0.0759906 0.098743 0.125142 0.0826295 0.0717571 0.120718 0.0758021 0.0717152 0.0715135 0.107108 0.135322
threshold=56322.000000000007 432.50000000000006 40827.500000000007 67711.500000000015 69241.500000000015 113185.00000000001 71033.125000000015 483.50000000000006 21.500000000000004 590.50000000000011 443.50000000000006 72486.000000000015 69343.000000000015 66415.875000000015 67486.500000000015 35884790.963750005 86193.500000000015 27904433.547500003 88149.750000000015 479.50000000000006 53536.500000000007 72995.000000000015 52989257.688750006 486.50000000000006 70870.500000000015 462.50000000000006 66737.000000000015 65349.875000000007 65562.500000000015 84777.625000000015
decision_type=2 2 2 2 2 2 2 2 2 2 2 2 2 2 2 2 2 2 2 2 2 2 2 2 2 2 2 2 2 2
left_child=1 -1 17 6 5 7 -2 27 -9 -10 11 -6 14 16 15 26 23 -3 -7 22 -21 -22 -15 25 -25 -14 -4 -5 -29 -30
right_child=3 2 12 4 10 18 -8 8 9 -11 -12 -13 13 19 -16 -17 -18 -19 -20 20 21 -23 -24 24 -26 -27 -28 28 29 -31
leaf_value=0.0032124196378198926 -0.0020696522042904374 0.0027152589527875224 -0.00097827986458196058 0.0033328349629575212 -0.0052069900218736044 0.0046868102187290787 -0.010762361732278285 -0.0029338056553770602 0.0027423066266033967 -0.0017622727438911649 -0.0038957698852290709 0.00366245501619928 0.00038994847644313146 0.0034124511851710672 -0.0035386189777587155 0.0053817003141515534 0.0055428895849867592 0.00064707386356237673 -0.0019828027329192714 -0.0029200130249433316 -0.0061658422653139994 0.0021427402032643231 -0.0010137083450734447 0.005447317336478995 -0.00087359394064480248 0.0052327976774979284 0.0032243754173660738 -0.0018606648354779747 -0.0005082773603498936 0.0083861713369305316
leaf_weight=565 23 423 526 53 22 50 28 426 67 152 376 34 58 81 117 26 56 310 26 195 22 103 88 36 188 73 44 205 50 26
leaf_count=565 23 423 526 53 22 50 28 426 67 152 376 34 58 81 117 26 56 310 26 195 22 103 88 36 188 73 44 205 50 26
internal_value=-3.91453e-12 0.00101927 0.000491085 -0.00192919 -0.0017607 -0.00110267 -0.00684212 -0.00137498 -0.00206811 -0.000384159 -0.00336768 0.00017803 -0.000122172 0.000499705 -0.000907149 -0.000390568 0.00181723 0.00184058 0.0024051 -0.000607662 -0.00151359 0.00068043 0.00110771 0.00122952 0.000142267 0.00308864 -0.000653864 -3.64355e-05 -0.000671921 0.00253456
internal_weight=4449 2911 2346 1538 1487 1055 51 979 645 219 432 56 1613 900 713 596 411 733 76 489 320 125 169 355 224 131 570 334 281 76
internal_count=4449 2911 2346 1538 1487 1055 51 979 645 219 432 56 1613 900 713 596 411 733 76 489 320 125 169 355 224 131 570 334 281 76
is_linear=0
shrinkage=0.1


Tree=14
num_leaves=31
num_cat=0
split_feature=4 4 4 6 1 0 1 1 10 3 3 10 1 3 10 3 3 4 8 7 7 7 5 6 7 8 10 3 3 4
split_gain=0.728234 0.187672 0.183982 0.173382 0.131464 0.157707 0.15073 0.122846 0.102676 0.100357 0.158429 0.135743 0.0957168 0.0919296 0.1184 0.118582 0.112583 0.0930426 0.0924746 0.102504 0.0918159 0.0910374 0.196892 0.0805313 0.0738928 0.0721023 0.0719775 0.114498 0.13585 0.0778524
threshold=49413.500000000007 32450.000000000004 67250.000000000015 69654.400000000009 483.50000000000006 21.500000000000004 517.50000000000011 467.50000000000006 66824.625000000015 77777.500000000015 76628.500000000015 62616.375000000007 611.50000000000011 96708.000000000015 84528.250000000015 89213.500000000015 99663.500000000015 73595.500000000015 75774.000000000015 19433532.347500004 13646654.497500001 66770547.583750002 105216.50000000001 77439.10000000002 87445503.07750003 81695.125000000015 53513.625000000007 69343.000000000015 71071.000000000015 38056.000000000007
decision_type=2 2 2 2 2 2 2 2 2 2 2 2 2 2 2 2 2 2 2 2 2 2 2 2 2 2 2 2 2 2
left_child=1 -1 4 7 -2 6 -6 8 -3 10 26 -11 -7 14 18 -16 -15 25 20 -20 -4 22 -19 -8 -23 -18 29 -28 -29 -9
right_child=2 3 13 -5 5 12 23 9 -10 11 -12 -13 -14 16 15 -17 17 21 19 -21 -22 24 -24 -25 -26 -27 27 28 -30 -31
leaf_value=0.0033236746475025637 0.00036726115326492388 0.001668548067170312 -0.0096854700706899173 -0.0066262982599437237 -0.0011630762608620725 0.0021021969850120383 -0.003539254221428294 -0.00048714965056261109 0.0057422149497880666 0.0066804397402500564 -0.0084565805826886473 0.00025903492393653568 -0.0011388715872965238 0.0033342147257943186 0.0010682422924658348 -0.0051078512451486358 -0.0022358027642121079 -0.0077048448750223876 -0.0058316876876633623 -0.015308655798435211 -0.0013517740098998334 -0.011263406028971077 0.0014220621529966594 -0.0093959883213616344 -0.0040558470765862499 0.0027345961853960888 -0.001520604646348495 0.0071365303557185044 9.2223561995734388e-06 0.0027255337616555733
leaf_weight=398 699 599 20 30 495 166 242 132 69 55 22 82 202 39 58 67 77 39 25 21 39 25 60 26 33 47 366 36 104 176
leaf_count=398 699 599 20 30 495 166 242 132 69 55 22 82 202 39 58 67 77 39 25 21 39 25 60 26 33 47 366 36 104 176
internal_value=2.3599e-12 0.00137218 -0.00119288 0.000907377 -0.000710869 -0.00137719 -0.00219727 0.0010451 0.00208933 0.000328205 -8.29207e-05 0.00283697 0.000323132 -0.00279666 -0.00432161 -0.00224214 -0.00170059 -0.00239937 -0.00679717 -0.0101581 -0.00417676 -0.00401652 -0.00217339 -0.00410744 -0.00716255 -0.000351861 0.000143394 -0.000590251 0.00184196 0.00134867
internal_weight=4449 2069 2380 1671 1830 1131 763 1641 668 973 836 137 368 550 230 125 320 281 105 46 59 157 99 268 58 124 814 506 140 308
internal_count=4449 2069 2380 1671 1830 1131 763 1641 668 973 836 137 368 550 230 125 320 281 105 46 59 157 99 268 58 124 814 506 140 308
is_linear=0
shrinkage=0.1


Tree=15
num_leaves=31
num_cat=0
split_feature=6 1 4 1 3 10 8 7 1 10 4 3 9 5 7 3 4 4 7 6 3 3 5 5 8 9 9 4 1 1
split_gain=0.602252 0.264896 0.145586 0.112659 0.109109 0.135446 0.144664 0.107744 0.122334 0.0922394 0.09108 0.123926 0.169512 0.123803 0.0910596 0.0896017 0.0765801 0.128694 0.081234 0.0750246 0.074372 0.0880405 0.0843391 0.0797418 0.0719696 0.0690874 0.110026 0.0898945 0.084856 0.0978006
threshold=70886.800000000003 430.50000000000006 40827.500000000007 454.50000000000006 78314.500000000015 63827.625000000007 67443.875000000015 27904433.547500003 474.50000000000006 69715.375000000015 72023.500000000015 93740.000000000015 83505.750000000015 95108.000000000015 26586670.018750001 92642.000000000015 42087.500000000007 46361.000000000007 41271815.565000005 48085.92500000001 89668.000000000015 89213.500000000015 87695.500000000015 78888.500000000015 70468.500000000015 77903.750000000015 74176.250000000015 59816.000000000007 511.50000000000006 472.50000000000006
decision_type=2 2 2 2 2 2 2 2 2 2 2 2 2 2 2 2 2 2 2 2 2 2 2 2 2 2 2 2 2 2
left_child=1 -1 -3 -2 7 -6 -7 9 -9 14 11 12 15 -13 19 20 -10 -18 -19 -4 21 22 23 24 -5 26 -15 -27 29 -29
right_child=3 2 4 10 5 6 -8 8 16 -11 -12 13 -14 25 -16 -17 17 18 -20 -21 -22 -23 -24 -25 -26 27 -28 28 -30 -31
leaf_value=0.0027907486224137412 7.9480755219900768e-05 0.0015336291193149088 -0.0066797451302409178 0.0031016592849607998 0.004494587213113463 -0.00022931366548440584 0.006307756229039483 0.0035561679676111846 -0.0054598808943949369 -0.0038149921448825024 -0.0038725725133045919 0.0022551930245012044 0.0039727622589894708 -0.0034698538227530664 -0.007011150159751592 -0.0090693568475544457 0.003974012578715525 -6.8504855919041135e-05 -0.0057644063072717364 -0.00047836035788551879 7.1091001986392917e-05 -0.0096211978234350681 0.0010445919191074927 -0.0045743918854717312 -0.0035922669003614124 -0.0091221607911090071 0.0035358814922088356 -0.0060979984556546532 -0.0062640836282463926 0.0018485807529571704
leaf_weight=537 269 736 20 29 95 398 37 115 27 116 252 125 35 40 23 25 62 95 34 794 70 22 43 229 36 21 51 21 33 59
leaf_count=537 269 736 20 29 95 398 37 115 27 116 252 125 35 40 23 25 62 95 34 794 70 22 43 229 36 21 51 21 33 59
internal_value=1.68523e-11 0.000772002 0.000347211 -0.00175347 -0.000133628 0.00107378 0.000326713 -0.00063124 0.000917218 -0.00117231 -0.0022054 -0.00170466 -0.00273286 -0.000268105 -0.000806057 -0.00324981 -0.000474889 0.000229796 -0.00156975 -0.000630729 -0.00291068 -0.00349208 -0.00309196 -0.00369697 -0.000605746 -0.00166994 0.000456437 -0.00311397 -0.0019974 -0.000237396
internal_weight=4449 3089 2552 1360 1816 530 435 1286 333 953 1091 839 489 350 837 454 218 191 129 814 429 359 337 294 65 225 91 134 113 80
internal_count=4449 3089 2552 1360 1816 530 435 1286 333 953 1091 839 489 350 837 454 218 191 129 814 429 359 337 294 65 225 91 134 113 80
is_linear=0
shrinkage=0.1


Tree=16
num_leaves=31
num_cat=0
split_feature=4 10 1 3 1 3 7 0 1 0 1 1 9 4 3 7 3 3 3 8 3 10 7 7 6 4 6 10 4 8
split_gain=0.489954 0.16693 0.126785 0.121294 0.150524 0.149227 0.103896 0.0914468 0.197048 0.130921 0.167388 0.102587 0.0853166 0.106791 0.0971715 0.119003 0.0864475 0.122689 0.0836162 0.0835366 0.0830178 0.130086 0.077739 0.0841826 0.0987078 0.087585 0.0774204 0.0748812 0.0712637 0.0698602
threshold=46847.500000000007 77308.625000000015 398.50000000000006 86030.000000000015 469.50000000000006 83980.500000000015 25880015.518750008 26.500000000000004 641.50000000000011 21.500000000000004 504.50000000000006 530.50000000000011 71134.250000000015 59639.000000000007 78314.500000000015 29539112.957500003 75473.500000000015 75763.500000000015 68793.000000000015 58220.500000000007 67486.500000000015 63319.000000000007 25880015.518750008 66770547.583750002 75279.125000000015 73595.500000000015 76276.97500000002 63124.875000000007 50617.000000000007 80930.625000000015
decision_type=2 2 2 2 2 2 2 2 2 2 2 2 2 2 2 2 2 2 2 2 2 2 2 2 2 2 2 2 2 2
left_child=2 3 -1 4 6 12 -2 8 9 10 22 -11 14 -14 16 -16 18 -18 20 27 -6 -22 29 24 -24 -25 -26 -20 -19 -3
right_child=1 7 -4 -5 5 -7 -8 -9 -10 11 -12 -13 13 -15 15 -17 17 28 19 -21 21 -23 23 25 26 -27 -28 -29 -30 -31
leaf_value=0.003558399695162238 -0.00054106512351246271 -0.0059984872593001155 0.00098884926705574165 0.001274236080850043 -0.001105304951383237 -0.0061217747256910853 0.0028765261187359242 0.0033455877473126307 -0.0088818793812242818 0.0075399236567318438 -0.0045646475319647125 -9.0628381538506898e-05 -0.0073836859745076968 -0.0010464282600710598 0.00476098469729577 -0.001056490842578618 -0.010730291408531014 -0.0069733511678697103 0.0014642604659976704 -0.00044296453855085101 -0.011275567880577663 -0.0004008468219333075 -0.0057605600062136855 -0.0013553779228791102 0.006765673770791009 -0.0065259863063693059 0.00040941534076974683 0.0088986037240829322 -7.1200414990576418e-05 0.00012666712066641562
leaf_weight=220 193 60 1510 410 235 62 165 33 40 20 225 148 45 65 67 74 21 21 42 165 22 22 24 181 21 40 219 20 52 27
leaf_count=220 193 60 1510 410 235 62 165 33 40 20 225 148 45 65 67 74 21 21 42 165 22 22 24 181 21 40 219 20 52 27
internal_value=5.31477e-12 -0.000837076 0.00131561 -0.000221365 -0.000703817 -0.00138527 0.00103408 -0.0018342 -0.00200428 -0.0017192 -0.00225397 0.000817771 -0.00104019 -0.00363894 -0.000654412 0.00170784 -0.00120954 -0.00399446 -0.000692186 0.00073296 -0.00185171 -0.00583821 -0.00134504 -0.000851289 0.00035412 -0.00229123 0.000965588 0.00386244 -0.00205675 -0.00409758
internal_weight=4449 2719 1730 1681 1271 913 358 1038 1005 965 797 168 851 110 741 141 600 94 506 227 279 44 572 485 264 221 240 62 73 87
internal_count=4449 2719 1730 1681 1271 913 358 1038 1005 965 797 168 851 110 741 141 600 94 506 227 279 44 572 485 264 221 240 62 73 87
is_linear=0
shrinkage=0.1


Tree=17
num_leaves=31
num_cat=0
split_feature=4 7 4 3 8 6 4 8 3 10 9 5 3 3 1 7 3 1 9 4 4 1 7 7 8 6 9 9 8 1
split_gain=0.40291 0.160341 0.145442 0.141836 0.0935304 0.148195 0.0900352 0.0836807 0.151809 0.0872653 0.130401 0.0997623 0.0879978 0.106617 0.0849694 0.0782759 0.0774074 0.0697209 0.0678553 0.0812587 0.138416 0.103413 0.068138 0.0847538 0.0689767 0.0600103 0.0721509 0.115433 0.154788 0.0713205
threshold=44827.500000000007 4757175.2775000008 57947.500000000007 67711.500000000015 65230.750000000007 69474.950000000012 32450.000000000004 76233.125000000015 103746.50000000001 84528.250000000015 81707.750000000015 92460.500000000015 99663.500000000015 90755.000000000015 487.50000000000006 15676644.487500004 87662.500000000015 470.50000000000006 82212.500000000015 73595.500000000015 75785.000000000015 490.50000000000006 86282987.850000009 48688927.017500006 81695.125000000015 71110.450000000012 77903.750000000015 76826.500000000015 72648.000000000015 486.50000000000006
decision_type=2 2 2 2 2 2 2 2 2 2 2 2 2 2 2 2 2 2 2 2 2 2 2 2 2 2 2 2 2 2
left_child=6 -2 15 -4 -5 -6 -1 8 17 10 12 14 13 -9 -11 -3 -16 -7 -13 22 21 -21 23 -20 -24 -19 27 28 29 -27
right_child=1 2 3 4 5 7 -8 9 -10 11 -12 18 -14 -15 16 -17 -18 25 19 20 -22 -23 24 -25 -26 26 -28 -29 -30 -31
leaf_value=0.0026276396539520906 0.0074644553863133 -0.0014070257641308542 -0.0077838233765214681 0.0021965115936657476 -0.006814093673693053 0.00085614582440549775 0.00087117106974636972 -0.0017686219447675872 0.0038158440352870256 0.0064856535677487656 -0.011236670310609043 -0.0076888547151942148 0.0015787911039359611 -0.010831068486108313 -0.0056621653586626059 0.00028884132178396625 0.0017425775256318351 0.0013736436203880995 -0.0024290248155704745 -0.0029307104308496823 -0.0018404685192375154 -0.012246314330527988 -0.0070294740339741108 0.0032844027068623452 0.00074463417265741602 -0.0089884300050990917 0.00027504950941709632 -0.0087638933481949 0.0031504575531323292 -0.0028112551942810087
leaf_weight=398 24 350 35 71 51 140 1094 34 72 24 24 22 29 21 20 1224 48 54 42 22 157 26 25 68 21 21 88 31 43 170
leaf_count=398 24 350 35 71 51 140 1094 34 72 24 24 22 29 21 20 1224 48 54 42 22 157 26 25 68 21 21 88 31 43 170
internal_value=7.01184e-12 -0.000675976 -0.000742587 -0.00150044 -0.00133433 -0.00153441 0.00133972 -0.00131039 -0.000500645 -0.00217014 -0.00473593 -0.00158676 -0.00287858 -0.00522883 0.00137017 -8.82575e-05 -0.000435288 -0.00106881 -0.00229704 -0.00196846 -0.00327724 -0.00797666 -0.000248585 0.00110291 -0.00348042 -0.00173096 -0.00220588 -0.00302974 -0.00227009 -0.00349042
internal_weight=4449 2957 2933 1359 1324 1253 1492 1202 619 583 108 475 84 55 92 1574 68 547 383 361 205 48 156 110 46 407 353 265 234 191
internal_count=4449 2957 2933 1359 1324 1253 1492 1202 619 583 108 475 84 55 92 1574 68 547 383 361 205 48 156 110 46 407 353 265 234 191
is_linear=0
shrinkage=0.1


Tree=18
num_leaves=31
num_cat=0
split_feature=6 1 8 3 7 8 9 10 7 8 4 3 5 1 1 1 7 5 5 9 3 10 1 8 7 6 4 4 7 4
split_gain=0.336135 0.17062 0.0938338 0.087992 0.0793733 0.103688 0.0770975 0.105929 0.0930126 0.115247 0.0742015 0.0712581 0.138337 0.0934006 0.182503 0.0988919 0.100097 0.0674445 0.066327 0.0773448 0.0706755 0.0897064 0.0640459 0.0585714 0.0859116 0.0567414 0.0659808 0.112107 0.109024 0.10334
threshold=70886.800000000003 437.50000000000006 49552.125000000007 69214.000000000015 36546257.24750001 55360.875000000007 54420.250000000007 66415.875000000015 13099392.387500001 67443.875000000015 53644.000000000007 97152.500000000015 97584.500000000015 458.50000000000006 468.50000000000006 485.50000000000006 113337639.38875002 71980.500000000015 105216.50000000001 77615.000000000015 103086.00000000001 87358.750000000015 529.50000000000011 66792.500000000015 16385932.113750001 71450.000000000015 67250.000000000015 67680.000000000015 13646654.497500001 68575.000000000015
decision_type=2 2 2 2 2 2 2 2 2 2 2 2 2 2 2 2 2 2 2 2 2 2 2 2 2 2 2 2 2 2
left_child=1 -1 -3 4 -4 -6 -5 -8 17 23 -11 25 22 -14 -15 16 -16 -9 19 -17 21 -21 -13 24 -10 -2 28 -28 -27 -29
right_child=11 2 3 6 5 -7 7 8 9 10 -12 12 13 14 15 18 -18 -19 -20 20 -22 -23 -24 -25 -26 26 27 29 -30 -31
leaf_value=0.0020377685168508704 -0.0055748281932276929 0.0011726561499014829 -0.0014707299722676987 -0.0045711486525232756 -0.0015357013194200893 0.0070923049110346113 0.0016622473287887778 -0.0087199411754097268 0.0058016801175140055 -0.00067398761399090296 0.0068511346538894279 0.0068690561438695744 0.00081015001428691121 -0.0091520962606677237 0.0038848089993864833 0.00032374009429274694 -0.0040759326805445278 -0.0015515182247119292 -0.0010881165074511567 -0.0085775867549025206 -0.011192623153328897 0.00055986099954073623 0.0012979126094141975 -0.0044568221714785866 -0.00046159877421743113 0.0049709135999104811 -0.0096098028162183869 0.0026501052848556463 -0.0014577838166779226 -0.003380435260771128
leaf_weight=635 41 705 585 31 30 26 448 21 23 20 38 26 148 34 56 23 22 35 131 22 21 21 100 34 458 28 24 34 456 173
leaf_count=635 41 705 585 31 30 26 448 21 23 20 38 26 148 34 56 23 22 35 131 22 21 21 100 34 458 28 24 34 456 173
internal_value=1.18708e-11 0.000576748 0.000198693 -0.0001939 -0.00112644 0.00247016 0.000345593 0.000487115 -0.000349863 3.02929e-05 0.00425626 -0.00130998 -0.000500158 -0.00127716 -0.00221329 -0.00141626 0.00163947 -0.00423968 -0.0025096 -0.00464999 -0.00643742 -0.00411511 0.00244751 -0.000445642 -0.000162107 -0.00195698 -0.00174953 -0.00314003 -0.00108588 -0.00238991
internal_weight=4449 3089 2454 1749 641 56 1108 1077 629 573 58 1360 604 478 330 296 78 56 218 87 64 43 126 515 481 756 715 231 484 207
internal_count=4449 3089 2454 1749 641 56 1108 1077 629 573 58 1360 604 478 330 296 78 56 218 87 64 43 126 515 481 756 715 231 484 207
is_linear=0
shrinkage=0.1


Tree=19
num_leaves=31
num_cat=0
split_feature=9 1 1 0 5 5 1 6 10 0 1 1 7 0 1 1 10 10 8 6 6 4 1 8 8 4 7 4 7 6
split_gain=0.274873 0.146412 0.102209 0.100525 0.20153 0.10208 0.102093 0.0889307 0.0837025 0.0757841 0.14726 0.133552 0.0852999 0.070935 0.107515 0.0947573 0.087413 0.188652 0.0856086 0.0701355 0.0727007 0.0958352 0.0953336 0.0761501 0.0996446 0.0741152 0.0693132 0.0934533 0.0677589 0.0646852
threshold=71134.250000000015 430.50000000000006 359.50000000000006 26.500000000000004 75345.000000000015 77193.000000000015 635.50000000000011 46761.700000000004 49299.000000000007 21.500000000000004 512.50000000000011 535.50000000000011 46368186.368749999 21.500000000000004 511.50000000000006 529.50000000000011 75791.000000000015 77308.625000000015 73139.750000000015 69353.200000000012 50917.325000000004 43047.000000000007 455.50000000000006 62037.625000000007 61062.000000000007 40827.500000000007 49118457.843750007 51509.000000000007 14829948.274999999 73073.275000000009
decision_type=2 2 2 2 2 2 2 2 2 2 2 2 2 2 2 2 2 2 2 2 2 2 2 2 2 2 2 2 2 2
left_child=1 -1 -2 4 -4 -6 13 -3 -9 10 12 -11 19 14 -7 -15 -16 -18 29 20 22 25 -10 24 -23 -22 -12 -28 -13 -17
right_child=2 7 3 -5 5 6 -8 8 9 11 26 28 -14 15 16 18 17 -19 -20 -21 21 23 -24 -25 -26 -27 27 -29 -30 -31
leaf_value=0.0020471089570615829 0.0059432539856061339 0.0016712818736495036 -0.01138073786511086 0.0032397917243846075 0.0040616283326276714 -0.00099160586866136875 -0.005627167488194325 -0.0063093278645759534 -0.00285373668705758 0.0073642382012842457 -0.0014396819219756355 -0.00068913768617815145 0.0015368581951361068 0.0068614475429058077 -0.0081011445015011473 0.00017481167988780028 0.0041809932972468877 -0.0039631961862424169 0.0012529437273559412 0.004351534547367919 -0.0011958198361237771 -0.00012297624387579118 0.0027834499181391532 -0.0021518109283809152 0.0052608416016949842 -0.006200416101568889 -0.0078841416957069806 0.00045373265631496905 0.002016580333848023 -0.0066399243520572776
leaf_weight=529 20 360 20 48 35 791 55 21 39 33 288 177 359 21 34 26 34 174 121 32 67 485 130 175 37 53 41 20 194 30
leaf_count=529 20 360 20 48 35 791 55 21 39 33 288 177 359 21 34 26 34 174 121 32 67 485 130 175 37 53 41 20 194 30
internal_value=5.15924e-12 0.000535123 -0.00115456 -0.00125676 -0.00141771 -0.00126687 -0.00141189 0.000216589 -2.68748e-05 3.50649e-05 -0.000253517 0.00126797 0.000211498 -0.00122356 -0.0015559 0.000510323 -0.00340034 -0.00263193 -0.0002432 -0.000255893 -0.000405424 -0.000795962 0.00148256 -0.00034657 0.000258635 -0.00340618 -0.00208826 -0.00515041 0.000725712 -0.00347594
internal_weight=4449 3040 1409 1389 1341 1321 1286 2511 2151 2130 1726 404 1377 1231 1033 198 242 208 177 1018 986 817 169 697 522 120 349 61 371 56
internal_count=4449 3040 1409 1389 1341 1321 1286 2511 2151 2130 1726 404 1377 1231 1033 198 242 208 177 1018 986 817 169 697 522 120 349 61 371 56
is_linear=0
shrinkage=0.1


Tree=20
num_leaves=31
num_cat=0
split_feature=4 7 7 4 6 1 0 1 0 1 1 7 8 4 8 7 7 8 6 10 10 3 1 6 3 7 7 10 8 7
split_gain=0.231704 0.0981837 0.173344 0.0862042 0.106379 0.0847969 0.0837034 0.102284 0.0786363 0.134197 0.0756561 0.110334 0.0924312 0.0688918 0.0678277 0.0671265 0.100478 0.0674175 0.076592 0.0650864 0.0602199 0.0751234 0.0569344 0.0772728 0.0983088 0.0770756 0.0619571 0.060089 0.0632477 0.0597484
threshold=49413.500000000007 6341711.5687500015 7625399.4437500006 22333.000000000004 69654.400000000009 483.50000000000006 21.500000000000004 619.50000000000011 26.500000000000004 747.50000000000011 539.50000000000011 11791825.608750002 75999.375000000015 72023.500000000015 62265.250000000007 10177194.268750003 11642369.493750002 85631.875000000015 92375.150000000009 103210.62500000001 73218.125000000015 88941.500000000015 467.50000000000006 63758.025000000009 81671.000000000015 80198822.455000013 89069095.518750027 66941.875000000015 58531.375000000007 14829948.274999999
decision_type=2 2 2 2 2 2 2 2 2 2 2 2 2 2 2 2 2 2 2 2 2 2 2 2 2 2 2 2 2 2
left_child=3 -2 -3 -1 14 15 10 -8 13 -10 11 -7 -12 -9 22 -4 -17 -18 -19 -20 21 -13 26 24 -24 -26 27 28 29 -5
right_child=1 2 5 4 -6 6 7 8 9 -11 12 20 -14 -15 -16 16 17 18 19 -21 -22 -23 23 -25 25 -27 -28 -29 -30 -31
leaf_value=0.00380081818633092 0.004062205374641561 -0.0095946465756490146 0.0055479797746308826 7.3364245489027839e-05 -0.0049937954031382551 -0.0059520699531205147 0.0013726890921096746 -0.0018868417367339135 0.0059750688724307111 -0.0035046115039481917 -0.0025859249769172705 -0.00059893800448849544 -0.010585350916953758 -0.0078791062538088718 0.0037437987913209432 -0.0068782078417522529 0.00040034412770693754 -0.0075554451725506431 0.0033264196052661408 -0.0039126753117199303 -0.0018389179477191848 0.0045048629603115847 -7.177507319051693e-06 -0.0051587069458845589 0.0063506813960460332 -0.00057450281339697538 -0.0018946283683378123 0.006289756495505572 -0.0032728346558448316 0.0020724558093547121
leaf_weight=90 43 22 22 211 33 51 242 150 32 28 52 292 20 22 72 21 769 23 23 27 509 32 940 27 45 25 59 25 29 513
leaf_count=90 43 22 22 211 33 51 242 150 32 28 52 292 20 22 72 21 769 23 23 27 509 32 940 27 45 25 59 25 29 513
internal_value=4.49142e-12 -0.000672864 -0.000759988 0.000774005 0.000636353 -0.00067603 -0.00115215 -6.56176e-05 -0.00156592 0.00155122 -0.00169087 -0.00143699 -0.00480799 -0.00265329 0.000731828 9.32972e-05 -4.57561e-05 0.000124649 -0.00277959 -0.000582692 -0.00116056 -9.48589e-05 0.000616107 0.000120912 0.000262051 0.0038774 0.00122963 0.00146656 0.00130642 0.00148985
internal_weight=4449 2380 2337 2069 1979 2315 1430 474 232 60 956 884 72 172 1946 885 863 842 73 50 833 324 1874 1037 1010 70 837 778 753 724
internal_count=4449 2380 2337 2069 1979 2315 1430 474 232 60 956 884 72 172 1946 885 863 842 73 50 833 324 1874 1037 1010 70 837 778 753 724
is_linear=0
shrinkage=0.1


Tree=21
num_leaves=31
num_cat=0
split_feature=4 7 1 10 9 4 9 5 3 0 1 5 7 0 1 10 7 3 9 10 8 1 3 8 8 7 6 4 9 4
split_gain=0.195212 0.117875 0.0845226 0.0727374 0.0832537 0.0783723 0.0732279 0.0796239 0.110722 0.0704276 0.074792 0.0637794 0.0947797 0.0634973 0.107219 0.0712517 0.059342 0.0915629 0.0577242 0.0997403 0.0869727 0.0720842 0.0956093 0.0830022 0.0760669 0.0716741 0.0805073 0.11089 0.0693248 0.0692732
threshold=44827.500000000007 4757175.2775000008 354.50000000000006 77308.625000000015 74923.500000000015 63848.500000000007 74176.250000000015 82070.500000000015 78008.500000000015 26.500000000000004 641.50000000000011 46009.000000000007 7962613.7937500002 21.500000000000004 518.50000000000011 80161.250000000015 25880015.518750008 89213.500000000015 55028.750000000007 54293.625000000007 51891.000000000007 469.50000000000006 86193.500000000015 54450.500000000007 55610.000000000007 24031404.770000007 53808.55000000001 46847.500000000007 56596.000000000007 51799.000000000007
decision_type=2 2 2 2 2 2 2 2 2 2 2 2 2 2 2 2 2 2 2 2 2 2 2 2 2 2 2 2 2 2
left_child=11 -2 -3 4 5 18 -5 8 -8 10 13 -1 -13 14 15 -9 -16 -18 19 -4 -20 -22 23 28 -25 26 27 -21 -23 -24
right_child=1 2 3 6 -6 -7 7 9 -10 -11 -12 12 -14 -15 16 -17 17 -19 20 25 21 22 29 24 -26 -27 -28 -29 -30 -31
leaf_value=0.0026039703279931211 0.0065091625485365519 0.0043571504654495849 0.0024627302776622987 -0.0061298465480407079 0.004547517049488508 -0.0034524068847531456 -0.0095351092284545313 0.0020264826271505581 -0.0013708354156140401 0.0044796751327036569 -0.0055411300542099135 -0.0036371925456107272 0.00084656542110846881 0.0010996572532889701 -0.0088128610203663509 -0.0011099069076391051 0.0028858453096334072 -0.0046070990347214149 0.0063878935872621473 7.043367717415095e-05 0.00095247373939665557 -0.0011015372299071815 -0.0017819101521439973 0.0027550479576906616 -0.0010329064535828923 -0.0089301199607905897 0.0018473355388589974 -0.0091722057890836848 -0.0081429134084891278 0.0020722951523805592
leaf_weight=198 24 35 35 30 36 76 26 84 46 24 35 49 1245 143 21 526 21 73 21 25 469 27 61 57 758 21 29 27 29 198
leaf_count=198 24 35 35 30 36 76 26 84 46 24 35 49 1245 143 21 526 21 73 21 25 469 27 61 57 758 21 29 27 29 198
internal_value=-1.61693e-12 -0.000470523 -0.000527636 -0.000586631 -0.000214897 -0.000308431 -0.00126182 -0.00111564 -0.00431905 -0.000866827 -0.00100893 0.000932532 0.000676779 -0.000826176 -0.00120603 -0.000678011 -0.00400683 -0.00293314 -0.000172436 -0.00214345 -5.75153e-06 -8.97206e-05 -0.000522277 -0.00102387 -0.000767982 -0.003724 -0.00237427 -0.00472863 -0.00474796 0.00116455
internal_weight=4449 2957 2933 2898 1869 1833 1029 999 72 927 903 1492 1294 868 725 610 115 94 1757 137 1620 1599 1130 871 815 102 81 52 56 259
internal_count=4449 2957 2933 2898 1869 1833 1029 999 72 927 903 1492 1294 868 725 610 115 94 1757 137 1620 1599 1130 871 815 102 81 52 56 259
is_linear=0
shrinkage=0.1


Tree=22
num_leaves=31
num_cat=0
split_feature=8 10 7 7 4 1 7 3 1 8 9 7 5 7 1 5 3 3 1 3 7 7 10 10 3 7 7 10 7 9
split_gain=0.162412 0.0892963 0.104193 0.10225 0.0873088 0.0834376 0.0784061 0.0754901 0.0690689 0.0786807 0.072369 0.0650242 0.168477 0.0780674 0.0727406 0.0643551 0.0632327 0.0641118 0.0526667 0.0510056 0.0854149 0.0599936 0.0532674 0.0866518 0.0738408 0.105311 0.0984155 0.0879504 0.0861225 0.0724005
threshold=59281.750000000007 63458.000000000007 6341711.5687500015 11791825.608750002 73595.500000000015 445.50000000000006 12568189.923750004 87215.000000000015 483.50000000000006 60578.125000000007 64517.000000000007 66770547.583750002 105216.50000000001 43826701.703750007 482.50000000000006 46009.000000000007 100935.50000000001 97152.500000000015 351.50000000000006 101480.50000000001 68121188.333750024 89069095.518750027 67429.125000000015 73218.125000000015 78468.000000000015 26586670.018750001 26077272.783750001 70864.750000000015 16824614.368750002 69486.250000000015
decision_type=2 2 2 2 2 2 2 2 2 2 2 2 2 2 2 2 2 2 2 2 2 2 2 2 2 2 2 2 2 2
left_child=15 -2 -3 7 6 -6 -5 -4 -8 -10 -11 12 16 -14 -13 -1 17 -7 -17 20 22 -22 -12 24 25 27 -26 28 -24 -28
right_child=1 2 3 4 5 11 8 -9 9 10 19 14 13 -15 -16 18 -18 -19 -20 -21 21 -23 23 -25 26 -27 29 -29 -30 -31
leaf_value=0.0023435733212873039 -0.0070743339978868065 0.0058968137335032233 -0.0045003104805765512 0.0054675325295344621 0.0028187233888145005 -0.0051615282439161098 0.00044048024671589471 0.0020782011472398327 -0.0043123699311157304 0.0036952291321205467 -0.0053932948193202417 -0.010791864283382894 0.0064950223700143408 -0.00096306118939537555 -0.0030565563381852344 0.0033934609376493905 -0.0084844192931557011 0.0016617707883207395 0.00035942623808753443 0.00080781008632741218 -0.0067336862711885647 -0.0010152951479540206 0.0048917055455967792 -0.0013677145407531837 0.0070127076913391847 0.0032906728002058648 -0.0012525518530641091 -0.0069192200528050314 -0.0034733738473732957 0.0052377415914088496
leaf_weight=198 21 25 103 24 28 40 774 21 60 38 24 20 25 32 31 59 29 21 1889 174 43 32 20 494 37 43 55 32 32 25
leaf_count=198 21 25 103 24 28 40 774 21 60 38 24 20 25 32 31 59 29 21 1889 174 43 32 20 494 37 43 55 32 32 25
internal_value=5.72967e-12 -0.000583238 -0.000523504 -0.00059462 -0.000432334 -0.0022908 -0.000212085 -0.00338621 -0.000284476 -0.000790441 -0.000588996 -0.00301336 -0.00194595 0.00230803 -0.00609001 0.000625908 -0.00464013 -0.00281252 0.000451319 -0.000750025 -0.00107388 -0.00429384 -0.000756951 -0.000606176 0.000935629 -0.000734094 0.00274806 -0.00279439 -0.000256036 0.000775665
internal_weight=4449 2303 2282 2257 2133 226 1907 124 1883 1109 1049 198 147 57 51 2146 90 61 1948 1011 837 75 762 738 244 127 117 84 52 80
internal_count=4449 2303 2282 2257 2133 226 1907 124 1883 1109 1049 198 147 57 51 2146 90 61 1948 1011 837 75 762 738 244 127 117 84 52 80
is_linear=0
shrinkage=0.1


Tree=23
num_leaves=31
num_cat=0
split_feature=6 1 7 5 7 6 8 6 9 7 4 4 7 1 0 3 1 7 4 8 5 9 8 10 7 7 10 9 6 3
split_gain=0.136219 0.0804339 0.0774247 0.109436 0.0926866 0.0673666 0.101983 0.117791 0.0643741 0.0625091 0.0669554 0.12325 0.0582664 0.0572488 0.0969418 0.0776985 0.0757794 0.133253 0.0883863 0.128573 0.0700232 0.0567118 0.0533071 0.0825426 0.0557389 0.0628788 0.0600302 0.0533544 0.0647241 0.0523975
threshold=55661.475000000006 454.50000000000006 6341711.5687500015 61675.500000000007 7962613.7937500002 63913.900000000001 53327.250000000007 56338.850000000013 65427.500000000007 47653735.007500015 51411.000000000007 50873.000000000007 14658055.71875 626.50000000000011 21.500000000000004 65791.000000000015 493.50000000000006 22016063.037500005 42836.500000000007 51002.000000000007 63714.000000000007 54518.500000000007 59007.500000000007 65114.625000000007 34441350.040000007 19095846.028750006 62330.125000000007 60102.500000000007 57704.900000000009 86193.500000000015
decision_type=2 2 2 2 2 2 2 2 2 2 2 2 2 2 2 2 2 2 2 2 2 2 2 2 2 2 2 2 2 2
left_child=13 -2 -3 -4 -5 6 7 -6 29 10 11 12 -8 14 16 -16 18 -18 -1 20 -20 -21 23 24 25 -14 -26 28 -27 -7
right_child=1 2 3 4 5 8 9 -9 -10 -11 -12 -13 22 -15 15 -17 17 -19 19 21 -22 -23 -24 -25 26 27 -28 -29 -30 -31
leaf_value=0.0014424170776381777 0.00061372911384011803 0.004095352388685569 -0.0067121565528213984 -0.0069504585279070823 0.00098729723249562089 -0.0057336070251039935 0.0042401895582399986 -0.0087278202402768131 -0.00078221389260895379 0.0028160638556410387 0.0016445245809550764 -0.0079466293101590549 -0.0032296298524817908 -0.0029628653494187464 0.0014224356192383259 0.0061225140644819475 0.00096953898059870417 -0.0039508739365334373 -0.0053718297501291097 -0.0015179138647875301 0.00024388013989664616 0.0042555634985151497 -0.0034407530125463385 0.0057349595322233188 0.00031828420702368021 0.0030558166969003099 -0.0070997791520009445 0.0044472325139213358 -0.0030754367757860265 0.00015987915156239814
leaf_weight=820 647 34 30 23 24 48 27 26 1576 108 191 22 37 39 85 60 137 92 64 27 34 46 54 23 20 33 24 40 36 22
leaf_count=820 647 34 30 23 24 48 27 26 1576 108 191 22 37 39 85 60 137 92 64 27 34 46 54 23 20 33 24 40 36 22
internal_value=5.99379e-13 -0.000375731 -0.000642696 -0.00071084 -0.000633703 -0.000570836 0.000278592 -0.00406456 -0.000914013 0.000631694 0.000166385 -0.000727048 -0.000186807 0.000814887 0.000922823 0.0033673 0.000632291 -0.00100722 0.00101115 -0.00105692 -0.00342352 0.00212017 -0.000634481 7.69684e-05 -0.000607946 0.000332323 -0.00372793 0.00154143 -0.000143098 -0.00388137
internal_weight=4449 3045 2398 2364 2334 2311 665 50 1646 615 507 316 294 1404 1365 145 1220 229 991 171 98 73 267 213 190 146 44 109 69 70
internal_count=4449 3045 2398 2364 2334 2311 665 50 1646 615 507 316 294 1404 1365 145 1220 229 991 171 98 73 267 213 190 146 44 109 69 70
is_linear=0
shrinkage=0.1


Tree=24
num_leaves=31
num_cat=0
split_feature=6 1 7 7 3 0 1 1 7 1 3 1 3 10 3 6 9 5 10 10 1 4 6 4 9 10 7 1 7 1
split_gain=0.114065 0.0774896 0.0623564 0.0707731 0.0887757 0.0570574 0.12394 0.0812014 0.0811319 0.0868446 0.059687 0.0665385 0.0537786 0.0545448 0.0792174 0.082359 0.0644246 0.0617392 0.0781259 0.0945247 0.0620078 0.0580033 0.0582339 0.0544135 0.0503965 0.0683298 0.0480766 0.0599714 0.135185 0.0623369
threshold=70886.800000000003 400.50000000000006 71118650.437500015 15878431.137500001 45183.000000000007 21.500000000000004 512.50000000000011 535.50000000000011 49118457.843750007 521.50000000000011 93740.000000000015 465.50000000000006 69561.500000000015 100633.12500000001 97805.000000000015 88823.10000000002 86948.000000000015 95541.500000000015 95365.375000000015 92420.625000000015 493.50000000000006 71272.000000000015 71450.000000000015 77719.500000000015 83049.000000000015 87715.500000000015 15676644.487500004 619.50000000000011 6341711.5687500015 645.50000000000011
decision_type=2 2 2 2 2 2 2 2 2 2 2 2 2 2 2 2 2 2 2 2 2 2 2 2 2 2 2 2 2 2
left_child=1 2 3 4 -1 6 10 -7 -8 -10 -3 -12 -2 14 15 16 21 -16 19 -19 -21 22 -14 -15 -23 -26 27 -9 -29 -30
right_child=12 5 -4 -5 -6 7 8 26 9 -11 11 -13 13 23 17 -17 -18 18 -20 20 -22 24 -24 -25 25 -27 -28 28 29 -31
leaf_value=0.0025569388933945449 -0.0059103235416114331 0.00019262872220431304 -0.0012782200390253874 0.0037332784983602056 -0.0046983669261233168 0.0051193329223253314 -0.0010455961629101758 0.0012271548007709622 -0.0089946179747067648 -0.0014391342512681149 6.6192150115966809e-05 0.0067264472724248977 -0.0046333209468195071 -0.0074260000562803314 0.0026545193689468997 -0.0070556223215332827 0.0031467569267584223 -1.0783265059781742e-05 0.0033180589036068374 -0.001580796051152552 -0.0088867329222488307 -0.007419360894709826 -0.0006441119856203174 -0.0016372353176496203 0.0018749312740629137 -0.0061171568138524892 0.0018203559812779227 0.0052520770812407138 -0.006529172593836001 -0.00093053410418105084
leaf_weight=48 20 1890 51 164 26 47 314 118 29 32 30 30 39 22 102 23 36 290 57 26 21 26 593 62 23 20 210 20 43 37
leaf_count=48 20 1890 51 164 26 47 314 118 29 32 30 30 39 22 102 23 36 290 57 26 21 26 593 62 23 20 210 20 43 37
internal_value=2.02561e-12 0.000335974 0.00189496 0.00257493 7.77739e-06 0.000175064 -2.89746e-05 0.00117378 -0.0016939 -0.00503109 0.000291204 0.00339632 -0.000763105 -0.000686281 -0.000521287 -0.00116286 -0.000978966 0.000461776 -0.000105888 -0.000685013 -0.00484515 -0.00119084 -0.000890282 -0.00315334 -0.00394381 -0.00184232 0.000740506 -0.000299717 -0.00210143 -0.0039398
internal_weight=4449 3089 289 238 74 2800 2325 475 375 61 1950 60 1360 1340 1256 760 737 496 394 337 47 701 632 84 69 43 428 218 100 80
internal_count=4449 3089 289 238 74 2800 2325 475 375 61 1950 60 1360 1340 1256 760 737 496 394 337 47 701 632 84 69 43 428 218 100 80
is_linear=0
shrinkage=0.1


Tree=25
num_leaves=31
num_cat=0
split_feature=1 6 10 10 9 1 9 5 0 1 6 7 3 6 1 7 4 3 5 3 3 5 7 1 8 10 4 8 3 10
split_gain=0.0978415 0.0895934 0.0738561 0.0613365 0.0762271 0.067704 0.0613244 0.0763973 0.0594325 0.0674488 0.0537649 0.052387 0.0520043 0.0516384 0.0514189 0.0497626 0.0884515 0.0797105 0.0769203 0.135007 0.0868352 0.0942036 0.0718082 0.0824999 0.0576439 0.0774927 0.061399 0.0493299 0.0464514 0.0805155
threshold=385.50000000000006 65296.650000000009 68314.250000000015 69605.875000000015 66888.750000000015 503.50000000000006 65427.500000000007 76470.500000000015 26.500000000000004 660.50000000000011 66465.575000000012 71118650.437500015 67711.500000000015 66979.35000000002 504.50000000000006 20417209.068750005 59241.000000000007 80915.000000000015 79465.500000000015 76421.000000000015 78698.500000000015 76470.500000000015 24261045.108750004 459.50000000000006 83064.000000000015 79015.250000000015 69994.000000000015 62578.375000000007 76881.000000000015 65400.625000000007
decision_type=2 2 2 2 2 2 2 2 2 2 2 2 2 2 2 2 2 2 2 2 2 2 2 2 2 2 2 2 2 2
left_child=11 6 -3 5 -5 10 28 -8 9 12 -4 -1 14 -14 -6 16 -15 22 20 -20 21 -18 -17 -24 25 -21 -27 -13 -2 -30
right_child=1 2 3 4 8 -7 7 -9 -10 -11 -12 27 13 15 -16 17 18 -19 19 24 -22 -23 23 -25 -26 26 -28 -29 29 -31
leaf_value=0.0026882355738127115 4.5558569884285022e-06 -0.0050473417109822404 -0.0026848518462370963 -0.0053495536928119909 -0.00039246478758286685 0.0061201638816523237 0.0044918100837522245 -0.0025390906853317574 0.0026971002135218847 -0.005372348517800371 0.0035480819474905732 -0.0031900561921408069 0.0034171990242391603 -0.0064846636142049515 -0.0073982994918796148 0.0055004732683300974 -0.0003430795217198985 -0.00062987145639994144 -0.0097546984499786056 -0.0038060900112170549 -0.0032505283387558115 0.0072934444403896723 0.0048121022369845643 -0.00078739957279363158 -0.0062385330256074668 0.0045888690637158501 -0.0013344003366572517 0.002661501720082015 0.002255762235089991 -0.0011035862273887022
leaf_weight=196 1861 37 31 34 20 28 68 20 54 30 25 34 33 35 22 38 35 1123 22 42 31 30 35 106 20 35 35 25 243 101
leaf_count=196 1861 37 31 34 20 28 68 20 54 30 25 34 33 35 22 38 35 1123 22 42 31 30 35 106 20 35 35 25 243 101
internal_value=1.06085e-11 -0.000115634 -0.00062325 -0.000535432 -0.000660046 0.00210519 0.000305202 0.00289388 -0.000568727 -0.000672955 9.77079e-05 0.00190184 -0.000588129 -0.000498061 -0.00406219 -0.000579474 -0.00177634 -0.000317487 -0.00111718 -0.0025021 0.00110447 0.00318147 0.00164233 0.000602548 -0.00129333 -0.000410262 0.00162723 -0.000710583 0.00020189 0.00126944
internal_weight=4449 4194 1901 1864 1780 84 2293 88 1746 1692 56 255 1662 1620 42 1587 285 1302 250 154 96 65 179 141 132 112 70 59 2205 344
internal_count=4449 4194 1901 1864 1780 84 2293 88 1746 1692 56 255 1662 1620 42 1587 285 1302 250 154 96 65 179 141 132 112 70 59 2205 344
is_linear=0
shrinkage=0.1


Tree=26
num_leaves=31
num_cat=0
split_feature=8 1 7 4 10 3 3 8 4 8 10 5 3 9 8 3 4 7 10 10 3 5 10 4 6 7 8 7 6 6
split_gain=0.0891389 0.0713952 0.0678998 0.0540699 0.0498518 0.0616643 0.0754193 0.0650824 0.103587 0.0737834 0.0759167 0.0600283 0.0583158 0.0566815 0.134997 0.0839708 0.0617179 0.0619599 0.0548546 0.0983925 0.0498814 0.0487653 0.0465696 0.0891296 0.0500182 0.0803534 0.0760003 0.0706482 0.0629232 0.0605478
threshold=49552.125000000007 351.50000000000006 4757175.2775000008 22333.000000000004 100633.12500000001 113185.00000000001 111916.50000000001 85631.875000000015 75785.000000000015 82476.625000000015 90556.250000000015 96749.000000000015 103746.50000000001 83949.000000000015 78074.000000000015 92642.000000000015 71613.000000000015 40112821.587500013 95365.375000000015 84205.125000000015 130052.00000000001 95901.500000000015 55780.500000000007 47164.500000000007 55661.475000000006 11521519.743750002 53176.500000000007 10363323.250000004 54625.950000000004 56338.850000000013
decision_type=2 2 2 2 2 2 2 2 2 2 2 2 2 2 2 2 2 2 2 2 2 2 2 2 2 2 2 2 2 2
left_child=-1 -2 -3 -4 5 6 7 9 -9 10 12 -7 13 14 22 -15 17 -16 19 -13 -6 -11 23 -5 28 27 29 -26 -24 -27
right_child=1 2 3 4 20 11 -8 8 -10 21 -12 18 -14 15 16 -17 -18 -19 -20 -21 -22 -23 24 -25 25 26 -28 -29 -30 -31
leaf_value=0.00080685639644721924 0.003708415034796215 0.005507913159672171 0.0048477339465171103 -0.00088080844786115144 -0.0053283132985234259 0.0054185452856913667 -0.0054791860097762324 -0.0075668328528990976 6.649102433584631e-05 0.00058511246324462055 -0.0060785254402815 0.0027700340957380835 0.001926665217414276 0.0066443149530511754 -9.4651519744233666e-06 -0.00075074269021998218 -0.0089188551388518968 -0.0068606934834282256 0.0047028448307313599 -0.0035684925561072309 -0.00044907037676735357 0.0062206152477301659 -0.00027809051459279751 -0.0077394245240914941 -0.0011321620349015137 -0.00021741126870943441 -0.00011864715078978015 -0.0053932676371186974 0.0031030734560317796 -0.006602778718242365
leaf_weight=1047 45 20 20 90 40 33 29 32 40 34 23 48 112 28 33 34 23 22 26 50 44 28 129 24 133 27 2051 55 96 33
leaf_count=1047 45 20 20 90 40 33 29 32 40 34 23 48 112 28 33 34 23 22 26 50 44 28 129 24 133 27 2051 55 96 33
internal_value=2.55116e-12 -0.000248318 -0.000301358 -0.000336175 -0.000367431 -0.000304942 -0.000403609 -0.000355302 -0.0033261 -0.000283404 -0.000356058 0.00162817 -0.000310516 -0.000400712 -0.000468959 0.00258896 -0.00456899 -0.00274996 0.000619443 -0.000463908 -0.00277252 0.00313018 -0.00034773 -0.00232473 -0.000258436 -0.000397701 -0.000221273 -0.00237876 0.00116454 -0.00372936
internal_weight=4449 3402 3357 3337 3317 3233 3076 3047 72 2975 2913 157 2890 2778 2716 62 78 55 124 98 84 62 2638 114 2524 2299 2111 188 225 60
internal_count=4449 3402 3357 3337 3317 3233 3076 3047 72 2975 2913 157 2890 2778 2716 62 78 55 124 98 84 62 2638 114 2524 2299 2111 188 225 60
is_linear=0
shrinkage=0.1


Tree=27
num_leaves=31
num_cat=0
split_feature=10 9 9 1 4 5 4 10 3 8 0 1 1 0 5 1 10 3 5 5 1 7 1 3 5 1 7 7 10 10
split_gain=0.07425 0.078483 0.0620738 0.059215 0.0576754 0.0580654 0.07599 0.0518149 0.0884086 0.0557585 0.0500705 0.0492739 0.0737418 0.0489071 0.0598009 0.0709802 0.0760523 0.0609868 0.0550507 0.0881702 0.0534684 0.0667891 0.0521642 0.0495807 0.0688592 0.0486 0.0562061 0.0736133 0.0598719 0.0479739
threshold=77308.625000000015 74923.500000000015 74176.250000000015 467.50000000000006 53288.500000000007 82070.500000000015 67000.500000000015 73218.125000000015 95239.000000000015 64954.625000000007 26.500000000000004 385.50000000000006 411.50000000000006 21.500000000000004 73623.000000000015 619.50000000000011 66824.625000000015 69214.000000000015 60788.000000000007 56859.500000000007 645.50000000000011 15878431.137500001 512.50000000000011 82705.500000000015 79273.000000000015 635.50000000000011 66770547.583750002 61124082.258750007 82957.875000000015 71033.125000000015
decision_type=2 2 2 2 2 2 2 2 2 2 2 2 2 2 2 2 2 2 2 2 2 2 2 2 2 2 2 2 2 2
left_child=1 3 -2 -1 -4 6 -6 8 13 -9 11 -7 -13 22 15 16 17 18 19 -15 21 -17 -5 24 29 26 27 -14 -28 -24
right_child=2 -3 4 7 5 10 -8 9 -10 -11 -12 12 25 14 -16 20 -18 -19 -20 -21 -22 -23 23 -25 -26 -27 28 -29 -30 -31
leaf_value=0.00071313991303543459 -0.005070531938326895 0.0048079315547806187 0.0035147599198601465 -1.8007343778589258e-06 -0.0013543394517761714 0.0038254666016049065 -0.0085441844787315611 -0.0063732010844562738 0.003885714061997815 -0.0010155413956039775 0.0039840811009829247 -0.0067696396773681044 -0.00022318156570311242 0.00056779147065305093 0.005614015046507121 -0.005381621795949405 -0.0027741643488160194 0.0046347279641945774 -0.003158328847959638 0.0080200236034579566 0.0007146511272413847 0.00081294142281486924 -0.00096475747460234842 -0.004782481099932622 0.0046757752087432892 -0.0040746322746436376 0.0010189800630905665 0.0042792657652917579 -0.0026162599865347147 -0.005249606593008202
leaf_weight=1277 32 37 33 984 49 24 21 21 58 259 24 20 527 77 25 46 33 76 25 20 78 28 264 39 20 39 60 39 185 29
leaf_count=1277 32 37 33 984 49 24 21 21 58 259 24 20 527 77 25 46 33 76 25 20 78 28 264 39 20 39 60 39 185 29
internal_value=1.33106e-12 0.000227482 -0.000733646 0.000177028 -0.00059772 -0.00073508 -0.00351129 -0.000151798 4.48494e-05 -0.00141737 -0.000523387 -0.000644392 -0.000767699 -8.28857e-05 0.00087538 0.00056607 0.00167036 0.00241112 0.00102592 0.00210433 -0.00111217 -0.00303773 -0.00037553 -0.00142027 -0.00100134 -0.000626477 -0.000460659 8.70577e-05 -0.001726 -0.00138886
internal_weight=4449 3396 1053 3359 1021 988 70 2082 1802 280 918 894 870 1744 408 383 231 198 122 97 152 74 1336 352 313 850 811 566 245 293
internal_count=4449 3396 1053 3359 1021 988 70 2082 1802 280 918 894 870 1744 408 383 231 198 122 97 152 74 1336 352 313 850 811 566 245 293
is_linear=0
shrinkage=0.1


Tree=28
num_leaves=31
num_cat=0
split_feature=4 9 6 1 10 9 7 7 5 3 8 4 4 8 9 1 6 8 8 3 7 3 8 9 10 4 4 4 5 7
split_gain=0.0651414 0.0680751 0.0654895 0.045587 0.0474925 0.0693165 0.062915 0.0895869 0.0793143 0.0451854 0.0705814 0.103327 0.0747754 0.0598607 0.0965121 0.0747547 0.0719417 0.0776567 0.0693661 0.0705725 0.0793903 0.101828 0.100804 0.101735 0.0507863 0.0637126 0.120152 0.0911189 0.0623302 0.0487499
threshold=33689.500000000007 40962.500000000007 43323.600000000006 351.50000000000006 77308.625000000015 74923.500000000015 116786446.22750002 106347077.19375001 110510.00000000001 118625.00000000001 89692.625000000015 79939.500000000015 79939.500000000015 84935.500000000015 83049.000000000015 477.50000000000006 84220.275000000009 82476.625000000015 79119.625000000015 94493.000000000015 74694391.638750017 103086.00000000001 76233.125000000015 79621.750000000015 79015.250000000015 57367.000000000007 62521.500000000007 67250.000000000015 89054.000000000015 38389434.978750013
decision_type=2 2 2 2 2 2 2 2 2 2 2 2 2 2 2 2 2 2 2 2 2 2 2 2 2 2 2 2 2 2
left_child=-1 -2 -3 -4 5 -5 7 9 -8 10 11 13 -12 14 18 -16 -17 -18 19 24 22 -22 23 -21 -6 -26 -27 -28 -29 -15
right_child=1 2 3 4 6 -7 8 -9 -10 -11 12 -13 -14 29 15 16 17 -19 -20 20 21 -23 -24 -25 25 26 27 28 -30 -31
leaf_value=0.0011120372486985788 -0.0056789254092357378 0.0038269300701185352 0.0026156819054572768 -2.9830847914965865e-05 -0.0037420143586738655 0.0043271383918771474 -0.008593555409017772 0.005399810653179884 -0.0017057991138355604 0.0018509988807085338 8.021082961931825e-05 0.0064556636777706447 -0.0079256140693489997 -0.0065165292602614505 0.003922632385769652 0.0030030977757929196 -0.0052382173206608155 0.0015061524906946769 -0.0055536776288811658 0.0019522184608536969 -0.00822476833476685 0.0016342189307165843 -0.0025244481117826785 0.010026652431115508 0.0037647972293198108 -0.0061386386794038119 0.0024734336656846985 -0.00056867127196263457 -0.006298003571906261 -0.00095234943963136648
leaf_weight=471 22 42 59 2784 96 37 21 25 82 66 20 20 28 32 72 43 38 31 35 71 20 22 36 20 25 45 68 59 28 31
leaf_count=471 22 42 59 2784 96 37 21 25 82 66 20 20 28 32 72 43 38 31 35 71 20 22 36 20 25 45 68 59 28 31
internal_value=2.33091e-12 -0.000131667 -0.000100817 -0.000142965 -0.000185185 2.73148e-05 -0.000764937 -0.000505483 -0.0031101 -0.000668432 -0.000866388 -0.000640723 -0.00458985 -0.000824567 -0.000562079 0.0014087 -0.000207396 -0.00220814 -0.00125279 -0.000945585 0.00070839 -0.00306054 0.00195481 0.00372682 -0.00181637 -0.00099476 -0.0015897 -0.000269047 -0.00241259 -0.0037786
internal_weight=4449 3978 3956 3914 3855 2821 1034 931 103 906 840 792 48 772 709 184 112 69 525 490 169 42 127 91 321 225 200 155 87 63
internal_count=4449 3978 3956 3914 3855 2821 1034 931 103 906 840 792 48 772 709 184 112 69 525 490 169 42 127 91 321 225 200 155 87 63
is_linear=0
shrinkage=0.1


Tree=29
num_leaves=31
num_cat=0
split_feature=4 8 8 3 4 4 4 3 10 10 9 8 7 3 8 1 1 1 1 4 1 3 3 3 1 4 1 1 6 1
split_gain=0.0578019 0.04869 0.136614 0.120653 0.0515385 0.0508802 0.0697749 0.0700922 0.0761239 0.0478453 0.0424089 0.0376534 0.0381556 0.0524676 0.0540121 0.0470502 0.067707 0.0622694 0.0646098 0.10361 0.0757086 0.0472785 0.156998 0.103038 0.0604513 0.0512495 0.0476281 0.0543811 0.0783459 0.0434192
threshold=22333.000000000004 73832.375000000015 73139.750000000015 89668.000000000015 67000.500000000015 65740.000000000015 63488.000000000007 77010.000000000015 77852.000000000015 79015.250000000015 74493.750000000015 74258.000000000015 116786446.22750002 121995.50000000001 87206.625000000015 436.50000000000006 415.50000000000006 465.50000000000006 486.50000000000006 70493.000000000015 474.50000000000006 92642.000000000015 86030.000000000015 96708.000000000015 516.50000000000011 69241.500000000015 602.50000000000011 630.50000000000011 84220.275000000009 520.50000000000011
decision_type=2 2 2 2 2 2 2 2 2 2 2 2 2 2 2 2 2 2 2 2 2 2 2 2 2 2 2 2 2 2
left_child=-1 2 4 -4 5 6 -2 -8 -9 -3 -7 -11 15 -14 -15 16 -13 -17 19 -19 -21 22 24 25 -20 -23 29 -28 -29 -25
right_child=1 9 3 -5 -6 10 7 8 -10 11 -12 12 13 14 -16 17 -18 18 21 20 -22 23 -24 26 -26 -27 27 28 -30 -31
leaf_value=0.0025084883166063164 0.00010395619820154486 -0.0048996320235784414 -0.00012275270267349223 0.0096521409926936044 -0.0035841873560387358 0.00036122627556324006 0.0014351204736158252 -0.0073776899934991412 -0.00018387937840695184 -0.0044328330419957642 0.0068734376272186638 -0.0013057465633998316 -0.0058651139831636103 0.0030619608460586856 -0.0039453169639190573 -0.0030542559361839226 0.0050493027729987122 0.0054511680685896055 -0.0071529434022048243 -0.0055933567384878792 0.002087378734987314 -0.0020253925891925715 0.0037760639523893788 0.00053716973339054577 -0.00033871991249422235 -0.0079275540391644164 0.0057604689596463809 0.0038293566597117621 -0.0048184616374783223 -0.0028497447597052592
leaf_weight=90 3350 27 23 28 39 20 28 38 24 25 20 30 30 22 22 84 38 49 23 21 33 28 77 67 30 31 23 22 20 87
leaf_count=90 3350 27 23 28 39 20 28 38 24 25 20 30 30 22 22 84 38 49 23 21 33 28 77 67 30 31 23 22 20 87
internal_value=3.08865e-12 -5.17926e-05 0.000105327 0.00524386 3.08557e-05 7.13691e-05 3.0137e-05 -0.00271758 -0.00459299 -0.000762715 0.00361733 -0.000616131 -0.000486663 -0.00264037 -0.000441678 -0.00024628 0.0022456 -0.000531067 -0.000116296 0.00212165 -0.000899574 -0.000681269 0.000892905 -0.00141739 -0.00329584 -0.00512653 -0.000418128 0.00185181 -0.000288652 -0.00137622
internal_weight=4449 4359 3570 51 3519 3480 3440 90 62 789 40 762 737 74 44 663 68 595 511 103 54 408 130 278 53 59 219 65 42 154
internal_count=4449 4359 3570 51 3519 3480 3440 90 62 789 40 762 737 74 44 663 68 595 511 103 54 408 130 278 53 59 219 65 42 154
is_linear=0
shrinkage=0.1


Tree=30
num_leaves=31
num_cat=0
split_feature=1 0 1 1 6 10 8 1 6 10 9 8 8 1 7 8 3 0 1 4 4 7 10 3 4 4 8 3 4 4
split_gain=0.0523723 0.0494129 0.111468 0.104915 0.0457829 0.0743316 0.0922542 0.0434495 0.0687252 0.046554 0.14089 0.150475 0.105637 0.0430271 0.100373 0.0569073 0.0854324 0.0569038 0.111311 0.0471109 0.0519203 0.0460821 0.0638634 0.0615228 0.0450928 0.0517611 0.0445134 0.0514051 0.0425395 0.0828305
threshold=385.50000000000006 21.500000000000004 511.50000000000006 530.50000000000011 88151.200000000012 88667.750000000015 80064.625000000015 509.50000000000006 64464.850000000006 83494.125000000015 82755.750000000015 77777.125000000015 75193.625000000015 619.50000000000011 6042423.1687500002 55610.000000000007 65791.000000000015 26.500000000000004 747.50000000000011 53905.000000000007 61933.500000000007 13466705.418749999 74384.000000000015 72696.000000000015 52316.000000000007 49279.500000000007 64404.750000000007 71071.000000000015 67000.500000000015 63336.500000000007
decision_type=2 2 2 2 2 2 2 2 2 2 2 2 2 2 2 2 2 2 2 2 2 2 2 2 2 2 2 2 2 2
left_child=-1 2 7 -3 5 6 -4 9 -9 28 11 12 -11 15 -15 16 -5 21 -19 24 -21 23 26 -16 25 -17 27 -23 29 -2
right_child=1 3 4 13 -6 -7 -8 8 -10 10 -12 -13 -14 14 17 19 -18 18 -20 20 -22 22 -24 -25 -26 -27 -28 -29 -30 -31
leaf_value=0.0013914378394039495 7.0471452739248906e-05 0.0044817461062652561 -0.0012354694806865456 0.00026353385730354644 -0.005551033590633709 0.0047293751989491289 -0.0081450841948390012 -0.00082792537286877641 0.0072623481663564851 -0.0058568791501344211 3.8990981896252685e-05 -0.010787995294150379 0.0025397147565823178 0.0061449500909518638 -0.0080590767630686361 -0.0036654991451650861 0.0054361954697820011 0.0046441178689499134 -0.0031071927835000681 0.0032072596165087469 -0.00031790896451262222 0.003418573396768244 -0.0029006169309435661 -0.0016547671565786005 -0.0059224832492570084 0.0027073004614346879 0.0042584202773858649 -0.0027181556896837909 -0.0024709423028741826 0.0028699073249889486
leaf_weight=255 2211 65 571 67 26 20 20 21 21 31 270 27 29 21 24 25 61 44 32 67 111 21 83 40 21 26 28 39 61 111
leaf_count=255 2211 65 571 67 26 20 20 21 21 31 270 27 29 21 24 25 61 44 32 67 111 21 83 40 21 26 28 39 61 111
internal_value=6.25685e-12 -8.4601e-05 -0.000248022 0.000636348 -0.00144128 -0.00126639 -0.0014693 2.52005e-05 0.00321721 -2.37282e-05 -0.00108868 -0.00458836 -0.00179853 0.000284305 -0.000546346 0.00101387 0.00272863 -0.00099817 0.00138041 0.000135915 0.00100898 -0.00176741 -0.000910722 -0.00405638 -0.0020225 -0.000416621 0.000966111 -0.000570301 0.000135814 0.000204295
internal_weight=4449 4194 3419 775 637 611 591 2782 42 2740 357 87 60 710 332 378 128 311 76 250 178 235 171 64 72 51 88 60 2383 2322
internal_count=4449 4194 3419 775 637 611 591 2782 42 2740 357 87 60 710 332 378 128 311 76 250 178 235 171 64 72 51 88 60 2383 2322
is_linear=0
shrinkage=0.1


Tree=31
num_leaves=31
num_cat=0
split_feature=8 7 1 10 7 7 9 8 4 7 9 5 4 6 4 4 4 1 1 9 6 4 6 3 3 9 3 3 4 7
split_gain=0.0457245 0.0480919 0.0429639 0.0400997 0.045821 0.0570763 0.113746 0.0397254 0.0661852 0.114164 0.0570076 0.0556419 0.0500032 0.0728183 0.0557557 0.0736337 0.145944 0.0466684 0.0516443 0.0458793 0.0437528 0.0391429 0.0472984 0.0442173 0.0622656 0.0569409 0.0512864 0.0677981 0.0435846 0.0654836
threshold=49552.125000000007 4757175.2775000008 454.50000000000006 56285.000000000007 10892410.173750002 20991586.835000005 69786.000000000015 48163.375000000007 41462.500000000007 6990227.6250000009 50689.750000000007 59442.500000000007 40376.500000000007 49061.625000000007 38484.500000000007 36872.500000000007 37587.000000000007 518.50000000000011 499.50000000000006 49760.500000000007 50917.325000000004 75096.000000000015 81333.10000000002 66737.000000000015 73649.000000000015 61099.250000000007 71907.000000000015 69761.500000000015 62114.500000000007 29896754.873750005
decision_type=2 2 2 2 2 2 2 2 2 2 2 2 2 2 2 2 2 2 2 2 2 2 2 2 2 2 2 2 2 2
left_child=7 -2 3 -3 -5 6 -6 8 12 -10 11 -11 13 14 15 -1 -17 18 20 -15 -9 22 23 25 26 -7 27 -25 29 -26
right_child=1 2 -4 4 5 21 -8 17 9 10 -12 -13 -14 19 -16 16 -18 -19 -20 -21 -22 -23 -24 24 28 -27 -28 -29 -30 -31
leaf_value=0.00088593541337523651 0.0047113813320174818 -0.0038290979739810738 -0.00039261670115859119 0.0048996787521142929 0.00059403639583921952 0.00088545690911511583 -0.0071892314390944586 0.0057010941529789805 -0.008862166153267027 0.00053529840455774009 0.0040604632087273612 -0.0058331728234644175 0.0039082946255803112 -0.0064950867434076607 0.0036743671119620555 -0.0080131971823244261 0.0010077425162307919 0.0054883108122339768 -0.0030659879820988233 -0.00097206491133514442 0.00082534782510871685 0.0047568821052360972 -0.0016365756996895506 0.0052920828559709825 -0.0049112586151088848 -0.0053053130837118568 0.0078202299773693085 -0.0013527829366336978 0.0037801362973238738 0.00075626134966238795
leaf_weight=551 20 21 2659 24 57 39 28 26 20 34 21 23 44 21 60 29 47 32 23 53 63 24 79 34 22 24 23 28 42 278
leaf_count=551 20 21 2659 24 57 39 28 26 20 34 21 23 44 21 60 29 47 32 23 53 63 24 79 34 22 24 23 28 42 278
internal_value=-1.14373e-12 -0.000177848 -0.000206761 0.000476764 0.000605572 0.000453569 -0.00196986 0.000577879 0.0003319 -0.0021218 -0.000393501 -0.00203444 0.000630612 0.0004411 0.000762145 0.000483463 -0.00243446 0.00212037 0.0011581 -0.00253941 0.00224972 0.000800941 0.000634082 0.00100017 0.00136505 -0.00147293 0.00378727 0.00229118 0.000763037 0.000340643
internal_weight=4449 3402 3382 723 702 678 85 1047 903 98 78 57 805 761 687 627 76 144 112 74 89 593 569 490 427 63 85 62 342 300
internal_count=4449 3402 3382 723 702 678 85 1047 903 98 78 57 805 761 687 627 76 144 112 74 89 593 569 490 427 63 85 62 342 300
is_linear=0
shrinkage=0.1


Tree=32
num_leaves=31
num_cat=0
split_feature=4 7 5 8 4 8 4 10 7 6 3 1 7 5 5 3 9 3 9 5 1 8 8 6 9 8 5 4 6 7
split_gain=0.0423009 0.039024 0.0619736 0.11183 0.0692635 0.112335 0.0616885 0.0577516 0.048157 0.0712673 0.0438325 0.0458762 0.0579215 0.0498904 0.0999671 0.0470074 0.0536327 0.0524286 0.046451 0.0653185 0.0560853 0.0459706 0.0519353 0.0404118 0.0401508 0.0684457 0.0579504 0.0369816 0.0471844 0.0371592
threshold=22333.000000000004 67525075.728750005 105216.50000000001 89692.625000000015 77719.500000000015 84935.500000000015 29468.000000000004 100633.12500000001 40551678.558750011 89720.925000000003 113185.00000000001 469.50000000000006 32499499.825000007 99856.500000000015 97245.500000000015 84405.000000000015 57273.250000000007 97450.500000000015 71416.750000000015 89301.500000000015 476.50000000000006 68204.500000000015 67172.125000000015 84925.175000000017 44965.250000000007 41153.625000000007 52340.500000000007 39760.500000000007 49348.150000000001 27118603.658750001
decision_type=2 2 2 2 2 2 2 2 2 2 2 2 2 2 2 2 2 2 2 2 2 2 2 2 2 2 2 2 2 2
left_child=-1 2 3 4 5 10 -3 -8 -4 -10 11 12 24 14 18 16 -14 -17 19 -13 -20 22 -22 -23 25 -2 -26 29 -29 -28
right_child=1 6 8 -5 -6 -7 7 -9 9 -11 -12 13 15 -15 -16 17 -18 -19 20 -21 21 23 -24 -25 26 -27 27 28 -30 -31
leaf_value=0.0021459306491952803 0.00040261191763700201 -0.0058485310484209796 0.0069543599759483536 -0.0074369880324229604 0.0051072599211086835 -0.00545824887419774 -0.00029547491393290358 -0.0039064934452956853 0.0060184298615370488 -0.0012752835692309247 0.0037647730907337975 -3.2576061679276813e-05 0.00071550312681959165 -0.0044886470618183483 0.0065436035352335739 -0.0012820806711801866 0.0033752066518390189 0.0037115971419822286 -0.0056325028762221341 0.0055798811128451717 -0.00028442643582820892 -0.00035443419372078951 -0.0073253501375967816 -0.0049392645066836851 -0.0041253905922461016 0.0051747670552382864 0.0031773054952470279 -0.0052311196271330115 -0.00026277431152939919 -0.0016494215783578428
leaf_weight=90 182 23 21 20 27 37 573 48 21 37 32 1651 141 27 22 95 164 27 25 21 20 496 22 20 39 36 58 20 432 22
leaf_count=90 182 23 21 20 27 37 573 48 21 37 32 1651 141 27 22 95 164 27 25 21 20 496 22 20 39 36 58 20 432 22
internal_value=-3.60331e-12 -4.43069e-05 8.02695e-05 2.00655e-05 6.13103e-05 2.33497e-05 -0.000762943 -0.000574587 0.00285118 0.00136554 8.04496e-05 4.69558e-05 0.000543888 -0.000215314 -0.000164642 0.00148205 0.00214564 -0.000176922 -0.000230088 3.79153e-05 -0.000998702 -0.000791095 -0.00397253 -0.000532141 3.61626e-05 0.00119067 -0.000404614 -0.00013185 -0.000482613 0.00184996
internal_weight=4449 4359 3715 3636 3616 3589 644 621 79 58 3552 3520 1216 2304 2277 427 305 122 2255 1672 583 558 42 516 789 218 571 532 452 80
internal_count=4449 4359 3715 3636 3616 3589 644 621 79 58 3552 3520 1216 2304 2277 427 305 122 2255 1672 583 558 42 516 789 218 571 532 452 80
is_linear=0
shrinkage=0.1


Tree=33
num_leaves=31
num_cat=0
split_feature=1 0 1 1 1 3 4 5 5 3 1 3 5 7 3 7 7 5 5 1 5 3 5 9 8 10 10 1 6 10
split_gain=0.0391068 0.0390533 0.0869361 0.0837865 0.0422328 0.055147 0.0800586 0.036853 0.142593 0.107009 0.0628439 0.108356 0.0607522 0.0534885 0.0533246 0.0538449 0.0504569 0.0918165 0.0775788 0.0558295 0.0632356 0.0773921 0.0563957 0.0679663 0.051539 0.0510663 0.0463882 0.0350899 0.0550382 0.0334983
threshold=354.50000000000006 21.500000000000004 511.50000000000006 530.50000000000011 540.50000000000011 83715.500000000015 55409.000000000007 91403.500000000015 89301.500000000015 94493.000000000015 523.50000000000011 104710.00000000001 87695.500000000015 68121188.333750024 80915.000000000015 35649282.447500013 11226131.750000002 65935.500000000015 79465.500000000015 520.50000000000011 67545.500000000015 74697.500000000015 63517.500000000007 55978.250000000007 56800.875000000007 66192.875000000015 70864.750000000015 509.50000000000006 64464.850000000006 76294.500000000015
decision_type=2 2 2 2 2 2 2 2 2 2 2 2 2 2 2 2 2 2 2 2 2 2 2 2 2 2 2 2 2 2
left_child=-1 2 27 -3 7 6 -6 8 12 -9 11 -11 14 -12 16 -16 17 -4 19 20 -18 -22 -21 -24 -25 -26 -27 29 -29 -2
right_child=1 3 4 -5 5 -7 -8 9 -10 10 13 -13 -14 -15 15 -17 18 -19 -20 22 21 -23 23 24 25 26 -28 28 -30 -31
leaf_value=0.0017509645043079923 0.00018747515453419923 0.0040293691995052193 -0.00017326000980251739 0.00027832540030046829 -0.004998565415618942 -0.0065322443581835345 0.0033767882934106251 0.0054561387112533506 -0.0096237591296085157 -0.0088720733172852877 0.0052459450857713823 0.0011703888491389253 0.0043982090894132851 -0.0015251151119757976 -0.0062974027578571916 -0.00086104860263211392 -0.0056514715922898369 -0.0088638567947782586 0.0058412853960180663 0.0043396653687523216 0.0021432358385404435 -0.0049160102438181646 -0.0055495727774021886 0.0052466059365542609 -0.004645067519907441 0.0039628949290740172 -0.0020284020574763417 -0.00070963782213983087 0.0065303441004029338 -0.00061967711035471388
leaf_weight=124 2200 65 31 710 25 33 21 33 20 22 20 21 20 28 38 35 38 20 20 32 41 25 21 20 21 28 24 21 21 671
leaf_count=124 2200 65 31 710 25 33 21 33 20 22 20 21 20 28 38 35 38 20 20 32 41 25 21 20 21 28 24 21 21 671
internal_value=-8.84105e-13 -5.02011e-05 -0.000190603 0.000592929 -0.00124885 -0.00341286 -0.00117503 -0.000942475 -0.00137687 0.00057791 -0.00119112 -0.00396762 -0.00097847 0.00129616 -0.0012514 -0.00369093 -0.000696613 -0.00358134 -0.00015172 -0.000631161 -0.00240176 -0.000530721 0.000630092 -0.000411192 0.000749087 -0.00048311 0.00119768 4.08091e-05 0.00291035 -1.16963e-06
internal_weight=4449 4325 3550 775 637 79 46 558 434 124 91 43 414 48 394 73 321 51 270 250 104 66 146 114 93 73 52 2913 42 2871
internal_count=4449 4325 3550 775 637 79 46 558 434 124 91 43 414 48 394 73 321 51 270 250 104 66 146 114 93 73 52 2913 42 2871
is_linear=0
shrinkage=0.1


Tree=34
num_leaves=31
num_cat=0
split_feature=4 7 3 8 4 4 5 1 10 3 7 5 4 1 9 6 3 5 10 10 7 7 7 9 1 1 1 5 3 3
split_gain=0.0320929 0.0347862 0.0370031 0.0611577 0.0684825 0.0374834 0.0654917 0.0375215 0.106915 0.0728803 0.0890128 0.0699366 0.0675465 0.0418548 0.0383664 0.0949029 0.0454353 0.0416553 0.048208 0.0533398 0.0378315 0.0375924 0.0720848 0.0362551 0.0361665 0.0361424 0.0425433 0.0353454 0.0341515 0.0311322
threshold=22333.000000000004 153087740.13875005 120457.00000000001 89692.625000000015 79939.500000000015 76639.500000000015 97584.500000000015 483.50000000000006 92420.625000000015 101480.50000000001 75666185.603750005 92460.500000000015 73595.500000000015 537.50000000000011 83949.000000000015 82357.700000000026 95654.500000000015 104421.00000000001 83494.125000000015 84777.625000000015 66770547.583750002 8152216.0687500006 6707567.7687500007 42848.250000000007 495.50000000000006 458.50000000000006 501.50000000000006 50028.500000000007 106925.50000000001 86030.000000000015
decision_type=2 2 2 2 2 2 2 2 2 2 2 2 2 2 2 2 2 2 2 2 2 2 2 2 2 2 2 2 2 2
left_child=-1 2 3 5 -5 7 -7 14 9 10 12 29 -9 24 15 17 -16 18 21 -20 -18 22 27 -24 -11 -3 -27 -2 -15 -12
right_child=1 25 -4 4 -6 6 -8 8 -10 13 11 -13 -14 28 16 -17 20 -19 19 -21 -22 -23 23 -25 -26 26 -28 -29 -30 -31
leaf_value=0.0018691553752627342 0.002438970448640295 -0.00030152109739483917 0.0021002043668371458 0.00056933692666580489 -0.006794973881915212 0.0069906737034519514 0.00015110030861771001 -0.00018736665292647952 -0.0064555559506905939 0.00060592261288547897 -0.0094068100489676006 -0.000626295445928056 -0.0058906969747373038 0.0029532844970862455 -0.00062841815652063819 -0.0066545140917878597 0.0070861123909708116 0.0038478422211483121 -0.0066983736774307639 2.1404310784958031e-05 0.0017594254513581594 0.00041249479262206684 -0.0017662138491868974 -0.0077153189107775693 0.0054128308645966985 -0.0064627547506932864 -0.00053868260583840317 -0.002377777537330985 -0.0017759156593505445 -0.0038271842442918571
leaf_weight=90 39 74 83 23 28 21 42 1861 28 24 20 38 21 26 32 20 24 32 21 27 30 1628 20 21 45 27 22 25 37 20
leaf_count=90 39 74 83 23 28 21 42 1861 28 24 20 38 21 26 32 20 24 32 21 27 30 1628 20 21 45 27 22 25 37 20
internal_value=-3.18349e-13 -3.85923e-05 9.54532e-06 -3.22377e-05 -0.00347381 1.05513e-05 0.00243096 -2.7202e-05 -0.000317185 -0.000235027 -0.000388201 -0.00369845 -0.000251006 0.00203936 0.000293155 0.000196303 0.00235744 0.000271878 0.000207627 -0.0029185 0.00412684 0.000294213 -0.00153972 -0.00481332 0.00374086 -0.00169641 -0.00380297 0.000557428 0.000175818 -0.006617
internal_weight=4449 4359 4236 4153 51 4102 63 4039 2120 2092 1960 78 1882 132 1919 1833 86 1813 1781 48 54 1733 105 41 69 123 49 64 63 40
internal_count=4449 4359 4236 4153 51 4102 63 4039 2120 2092 1960 78 1882 132 1919 1833 86 1813 1781 48 54 1733 105 41 69 123 49 64 63 40
is_linear=0
shrinkage=0.1


Tree=35
num_leaves=31
num_cat=0
split_feature=10 1 0 1 1 9 1 1 5 9 8 7 5 4 5 9 9 8 1 3 7 6 7 1 5 5 1 7 1 7
split_gain=0.0307358 0.0285224 0.0302277 0.0689839 0.0687731 0.0605626 0.0331119 0.051341 0.0644368 0.0390434 0.0594386 0.0332465 0.0743714 0.0456481 0.0433465 0.0428231 0.0609469 0.0905599 0.0628526 0.0534623 0.0691608 0.0675953 0.0694759 0.0500265 0.0433656 0.0416292 0.0466497 0.0323403 0.0319947 0.0755808
threshold=108464.00000000001 354.50000000000006 21.500000000000004 511.50000000000006 530.50000000000011 95617.500000000015 540.50000000000011 551.50000000000011 83715.500000000015 86948.000000000015 80634.500000000015 11226131.750000002 65935.500000000015 37885.500000000007 61675.500000000007 54867.500000000007 61708.500000000007 61718.500000000007 525.50000000000011 75631.000000000015 33203723.613750007 77710.125000000015 24940151.483750004 531.50000000000011 68745.000000000015 89301.500000000015 518.50000000000011 22016063.037500005 619.50000000000011 6042423.1687500002
decision_type=2 2 2 2 2 2 2 2 2 2 2 2 2 2 2 2 2 2 2 2 2 2 2 2 2 2 2 2 2 2
left_child=1 -1 3 5 -4 -3 9 8 -8 10 11 12 -5 -13 -15 -16 24 18 -18 27 21 22 -21 25 -17 -22 -27 -19 -6 -30
right_child=-2 2 4 6 28 -7 7 -9 -10 -11 -12 13 -14 14 15 16 17 19 -20 20 23 -23 -24 -25 -26 26 -28 -29 29 -31
leaf_value=0.0015179156455433845 -0.0030405231123564369 1.6246497718603585e-05 0.0036859873500361576 -0.00013719742231431506 0.00089681518535426365 0.0045328359119594097 -0.0020135778312881788 0.00034413662425981001 -0.0093414250714704394 0.0032185785492639184 -0.0063378144777379939 -0.0041583513811929151 -0.0079587343800812966 0.0035608806389583539 -0.0046044702410047954 -0.00037400223809527235 -0.0081958885627010699 0.00069242132012732333 -0.00073932304308982572 -0.0022513523785951169 0.0022583985550178065 0.0018297215504571797 -0.0093476357361809773 0.0044823150723599476 0.0045649409340694546 0.0010710941129845792 -0.0042855973945414598 0.0057428176273658336 0.0053544551322591456 -0.00084402281360497098
leaf_weight=124 33 2856 64 31 374 30 30 29 20 23 20 32 20 28 24 32 26 32 20 37 37 20 22 26 40 29 37 21 21 311
leaf_count=124 33 2856 64 31 374 30 30 29 20 23 20 32 20 28 24 32 26 32 20 37 37 20 22 26 40 29 37 21 21 311
internal_value=-6.0117e-12 2.27213e-05 -2.04763e-05 -0.000144562 0.000547097 6.31965e-05 -0.00108732 -0.00300324 -0.00494472 -0.00081558 -0.000989336 -0.000781224 -0.00320447 -0.000514301 -0.000243745 -0.000508086 -0.000248684 -0.000862804 -0.0049539 -0.000141768 -0.000864221 -0.00319435 -0.00489742 0.000562756 0.00236986 -0.000426647 -0.0019319 0.00269352 0.000262551 -0.00045195
internal_weight=4449 4416 4292 3522 770 2886 636 79 50 557 534 514 51 463 431 403 379 307 46 261 208 79 59 129 72 103 66 53 706 332
internal_count=4449 4416 4292 3522 770 2886 636 79 50 557 534 514 51 463 431 403 379 307 46 261 208 79 59 129 72 103 66 53 706 332
is_linear=0
shrinkage=0.1


Tree=36
num_leaves=31
num_cat=0
split_feature=4 9 5 5 6 0 1 1 1 5 7 7 7 8 3 7 10 10 1 1 10 7 6 4 4 10 8 10 1 9
split_gain=0.0272397 0.0501452 0.0371661 0.0700749 0.0317451 0.0253 0.0559899 0.0514256 0.0415862 0.0521938 0.0349245 0.0423321 0.0334662 0.104927 0.0441209 0.0403594 0.03413 0.0643435 0.0514784 0.0501876 0.0427166 0.0386204 0.0734086 0.0701873 0.0567167 0.0572055 0.0617263 0.0547296 0.071297 0.048995
threshold=32450.000000000004 40962.500000000007 46783.500000000007 47851.500000000007 43650.42500000001 21.500000000000004 530.50000000000011 540.50000000000011 551.50000000000011 83715.500000000015 9063844.4375000019 9668585.6075000018 11521519.743750002 61543.375000000007 61825.500000000007 12342530.778750002 47439.375000000007 50456.000000000007 438.50000000000006 446.50000000000006 50912.750000000007 34772217.018750004 50917.325000000004 42478.000000000007 39264.500000000007 55125.250000000007 53176.500000000007 100633.12500000001 531.50000000000011 92390.500000000015
decision_type=2 2 2 2 2 2 2 2 2 2 2 2 2 2 2 2 2 2 2 2 2 2 2 2 2 2 2 2 2 2
left_child=-1 -2 -3 -4 -5 7 -7 10 9 -9 -6 -12 13 14 -13 -14 18 19 -17 -18 -19 22 -22 24 -24 -26 -27 28 29 -23
right_child=1 2 3 4 5 6 -8 8 -10 -11 11 12 15 -15 -16 16 17 20 -20 -21 21 27 23 -25 25 26 -28 -29 -30 -31
leaf_value=0.00078942251431781459 -0.0036931254386313654 0.0040555912476603149 -0.0058272912477453555 0.0030070626575787389 -0.0017503787793906496 0.0034775217651928725 0.00021430360714188613 -0.0018122200361297778 0.0003097229002942813 -0.0084072826895862825 0.0036253099044364309 -0.0014613501655899369 0.0025857825725387525 -0.0070844511127298969 0.003851417782293125 0.00080472235456996032 -0.00094249492976814517 -0.0046162525457995275 -0.0059748682930755121 0.0041457670932960895 0.0020727823463056495 0.00017101254410094541 0.00072641200330018864 -0.00049301699505508237 -0.0091176975851080238 0.0001346012063581368 -0.0068024341097992396 -0.0028049944380264999 0.004598813613791628 0.0042579250445123765
leaf_weight=398 38 22 21 34 126 57 678 30 29 20 31 54 58 28 22 21 28 21 24 63 101 1320 26 1001 21 29 23 56 39 30
leaf_count=398 38 22 21 34 126 57 678 30 29 20 31 54 58 28 22 21 28 21 24 63 101 1320 26 1001 21 29 23 56 39 30
internal_value=-4.0129e-13 -7.75587e-05 -4.33221e-05 -6.59169e-05 -3.54411e-05 -6.17229e-05 0.00046737 -0.000183211 -0.00270292 -0.00445025 -0.000119452 -5.08611e-05 -8.92967e-05 -0.00185141 7.65563e-05 -2.52423e-05 -7.92699e-05 -3.46976e-05 -0.00281106 0.00258015 -0.000123918 -8.82646e-05 -0.000507324 -0.000744225 -0.00328422 -0.00471266 -0.0029337 0.000260033 0.000383606 0.000261833
internal_weight=4449 4051 4013 3991 3970 3936 735 3201 79 50 3122 2996 2965 104 76 2861 2803 2758 45 91 2667 2646 1201 1100 99 73 52 1445 1389 1350
internal_count=4449 4051 4013 3991 3970 3936 735 3201 79 50 3122 2996 2965 104 76 2861 2803 2758 45 91 2667 2646 1201 1100 99 73 52 1445 1389 1350
is_linear=0
shrinkage=0.1


Tree=37
num_leaves=31
num_cat=0
split_feature=7 3 8 4 8 4 3 8 3 7 1 1 4 7 7 8 5 6 7 4 3 3 6 4 9 8 9 8 4 4
split_gain=0.0252625 0.0263028 0.0426944 0.070972 0.032331 0.0313339 0.0314497 0.0821305 0.056711 0.0287182 0.027351 0.0459555 0.138472 0.034455 0.0562432 0.0608659 0.0265667 0.0270469 0.0249364 0.024201 0.0230072 0.164467 0.0810102 0.0857663 0.0792084 0.0910316 0.0779697 0.0606881 0.0599944 0.112289
threshold=295057980.56875008 121995.50000000001 89692.625000000015 79939.500000000015 92813.250000000015 79939.500000000015 113185.00000000001 87206.625000000015 111916.50000000001 74694391.638750017 400.50000000000006 407.50000000000006 39760.500000000007 71118650.437500015 15878431.137500001 39607.250000000007 80594.500000000015 59621.275000000001 103109237.48750001 65091.000000000007 93740.000000000015 93104.500000000015 69079.200000000012 52472.500000000007 74176.250000000015 73832.375000000015 86948.000000000015 73139.750000000015 67000.500000000015 68046.000000000015
decision_type=2 2 2 2 2 2 2 2 2 2 2 2 2 2 2 2 2 2 2 2 2 2 2 2 2 2 2 2 2 2
left_child=1 2 5 -4 -3 6 7 8 10 -8 13 12 -12 14 15 -1 17 -16 -15 -11 21 26 23 -22 -24 27 28 -26 -13 -30
right_child=-2 4 3 -5 -6 -7 9 -9 -10 19 11 20 -14 18 16 -17 -18 -19 -20 -21 22 -23 24 -25 25 -27 -28 -29 29 -31
leaf_value=0.00091855162291512203 -0.0027153922803015177 0.0031899870783825852 0.0010937980527523906 -0.0061768228942849519 -0.0003956490496380462 0.003699815863839594 0.0047684602050576362 -0.0058721842050241928 -0.0046609416496581754 0.0027710949370105351 0.0024458371631970459 2.1447483436479541e-05 -0.0086513326746290153 -0.0035412751897065729 0.0024005480993148543 -0.0053561019076203767 0.0048859655447868692 -0.00099175234750748203 0.0010533080879776252 -0.0013865981346628229 0.0011824853942989438 -0.0068302357718089809 -0.0023825610697991691 0.0086444961974242087 0.0021422344367709703 -0.00022497169694257608 0.0057680893881732363 0.0082933655800297851 -0.0066419664722604634 -0.00041157063535917715
leaf_weight=52 34 57 25 29 45 23 25 24 26 28 22 3039 23 27 124 22 33 29 21 28 43 36 98 24 81 237 23 20 39 112
leaf_count=52 34 57 25 29 45 23 25 24 26 28 22 3039 23 27 124 22 33 29 21 28 43 36 98 24 81 237 23 20 39 112
internal_value=2.59835e-12 2.09113e-05 -1.66246e-05 -0.00281079 0.00160809 1.88028e-05 -1.1838e-06 -3.92279e-05 -5.34e-06 0.00195034 2.41474e-05 -4.93691e-05 -0.00322605 0.000930453 0.0013849 -0.000946886 0.0023126 0.00175756 -0.00153115 0.000692248 -1.12693e-05 -0.000108703 0.000618079 0.00385544 0.000120594 0.000846361 -3.33917e-05 0.00336028 -7.52206e-05 -0.00202075
internal_weight=4449 4415 4313 54 102 4259 4236 4155 4131 81 4105 3797 45 308 260 74 186 153 48 56 3752 3249 503 67 436 338 3213 101 3190 151
internal_count=4449 4415 4313 54 102 4259 4236 4155 4131 81 4105 3797 45 308 260 74 186 153 48 56 3752 3249 503 67 436 338 3213 101 3190 151
is_linear=0
shrinkage=0.1


Tree=38
num_leaves=31
num_cat=0
split_feature=4 7 1 4 3 8 1 1 1 9 10 6 9 8 10 3 7 7 10 4 6 10 1 4 4 10 7 1 3 4
split_gain=0.0220951 0.0296524 0.030418 0.0388473 0.026156 0.0288538 0.0738806 0.148622 0.0409534 0.0377403 0.0392715 0.0367159 0.1077 0.0561409 0.0547399 0.0612565 0.0457437 0.0636507 0.0402762 0.0353309 0.0347847 0.031271 0.0828108 0.060145 0.0832846 0.0586761 0.113239 0.0517165 0.0493517 0.0381061
threshold=22333.000000000004 153087740.13875005 450.50000000000006 55295.500000000007 130052.00000000001 85631.875000000015 474.50000000000006 500.50000000000006 599.50000000000011 86948.000000000015 90556.250000000015 84220.275000000009 83949.000000000015 78382.000000000015 86428.875000000015 114089.00000000001 38389434.978750013 22106422.743750002 88667.750000000015 69241.500000000015 92375.150000000009 84205.125000000015 476.50000000000006 67250.000000000015 65975.500000000015 78647.750000000015 21449011.477500003 532.50000000000011 87902.000000000015 63488.000000000007
decision_type=2 2 2 2 2 2 2 2 2 2 2 2 2 2 2 2 2 2 2 2 2 2 2 2 2 2 2 2 2 2
left_child=-1 4 -3 -4 5 9 20 -8 -9 11 -11 12 13 14 15 21 17 -15 -13 -14 -7 23 -23 24 29 -25 27 -27 -26 -2
right_child=1 2 3 -5 -6 6 7 8 -10 10 -12 18 19 16 -16 -17 -18 -19 -20 -21 -22 22 -24 25 28 26 -28 -29 -30 -31
leaf_value=0.0015509199723601342 6.0711300410541836e-05 -7.7132585530097667e-05 -0.0066626403431222399 -0.0012776639365993843 0.0023839904118769639 -0.0079793707653880129 0.0049623561054958328 -0.0048144790982804836 0.00070506190881133076 0.0050398804617968083 0.00049645684865446619 -0.0047467237494214828 0.0076825703251297067 -0.004020249079621863 -0.0051847012760117654 0.0046390257310122253 -0.0052846689398090042 0.0035183864867403395 -9.1126573112744258e-06 0.0019356825295835734 -0.0021521542620446003 -0.0024101238782432946 0.0054637168085558676 0.0012318726360910771 0.0010141370654408192 0.0026845878364680255 -0.0084899389981141979 -0.0039512237582433355 0.0063770364911761137 -0.0016175162009993927
leaf_weight=90 3346 65 21 37 46 20 38 41 20 30 52 34 23 24 20 29 36 21 38 20 21 22 34 33 37 23 31 24 32 141
leaf_count=90 3346 65 21 37 46 20 38 41 20 30 52 34 23 24 20 29 36 21 38 20 21 22 34 33 37 23 31 24 32 141
internal_value=-5.64888e-12 -3.20218e-05 -0.00156262 -0.0032274 1.24221e-05 -1.36143e-05 -0.00142504 5.33043e-05 -0.00300479 3.51757e-05 0.00215868 -8.70726e-06 3.26449e-05 -2.28986e-05 3.30381e-05 6.08512e-05 -0.00262775 -0.000502219 -0.00224632 0.0050096 -0.0049947 2.51899e-05 0.00237042 -1.0625e-05 6.09276e-05 -0.00230288 -0.00379836 -0.000703912 0.00350128 -7.14935e-06
internal_weight=4449 4359 123 58 4236 4190 140 99 61 4050 82 3968 3896 3853 3772 3752 81 45 72 43 41 3723 56 3667 3556 111 78 47 69 3487
internal_count=4449 4359 123 58 4236 4190 140 99 61 4050 82 3968 3896 3853 3772 3752 81 45 72 43 41 3723 56 3667 3556 111 78 47 69 3487
is_linear=0
shrinkage=0.1


Tree=39
num_leaves=31
num_cat=0
split_feature=1 7 5 5 1 10 1 10 6 5 5 10 0 1 1 1 7 7 6 8 3 7 1 4 10 7 7 7 7 7
split_gain=0.0207059 0.0253128 0.0219246 0.0283179 0.0278773 0.023632 0.0580399 0.0637036 0.0407752 0.0430002 0.023491 0.0226263 0.0215482 0.0492749 0.0400753 0.0443402 0.0305921 0.0299606 0.0323475 0.0355616 0.0310427 0.0473158 0.0307814 0.0414901 0.0296974 0.0475754 0.0315525 0.0377377 0.0456841 0.0280434
threshold=354.50000000000006 15878431.137500001 46009.000000000007 43362.000000000007 411.50000000000006 44259.375000000007 476.50000000000006 41805.125000000007 43323.600000000006 51317.500000000007 49047.500000000007 37519.500000000007 21.500000000000004 530.50000000000011 517.50000000000011 519.50000000000011 31911107.608750004 5010813.0837500012 48512.875000000007 45669.125000000007 57803.000000000007 35028670.49000001 420.50000000000006 35839.000000000007 51894.875000000007 14360294.045000002 6990227.6250000009 9063844.4375000019 10363323.250000004 34772217.018750004
decision_type=2 2 2 2 2 2 2 2 2 2 2 2 2 2 2 2 2 2 2 2 2 2 2 2 2 2 2 2 2 2
left_child=1 -1 3 4 -2 6 7 -4 9 -7 -10 -6 14 -14 17 16 -16 -12 19 20 22 -22 -19 -24 25 -20 -26 -28 -29 -30
right_child=2 -3 5 -5 11 8 -8 -9 10 -11 12 -13 13 -15 15 -17 -18 18 24 -21 21 -23 23 -25 26 -27 27 28 29 -31
leaf_value=-0.0010985060192813929 0.0023252031280814362 0.0021344736810763377 0.0027614431352251108 0.0027380227293178905 0.00057649563595249846 0.005193888631959756 -0.0058914841870622093 -0.0031875826314919525 -0.0027380497816590255 -0.00070608133627545269 -0.0038813035748898983 -0.0030547526141162964 0.0032795013448256739 0.00019430533826459936 -0.006434053260212143 -0.00069962606466073994 -0.0013303641796759938 -0.0037936787608833541 -0.0059971436583013699 0.0040069717060153684 0.0054989475507422223 0.0001661312977198466 -0.0018058373755775394 0.0020131165768499629 0.0035602033756731545 -0.0002567040016098569 -0.0034948970176628793 0.0031545164074156095 -0.00048108481112858737 0.00021525813558193765
leaf_weight=33 36 91 36 64 37 30 24 36 33 21 20 32 56 685 24 425 23 21 22 36 28 41 50 66 24 42 32 44 1051 1286
leaf_count=33 36 91 36 64 37 30 24 36 33 21 20 32 56 685 24 425 23 21 22 36 28 41 50 66 24 42 32 44 1051 1286
internal_value=-3.15406e-12 0.00127408 -3.65287e-05 0.00107999 6.93864e-05 -8.1931e-05 -0.00163267 -0.00021307 -4.52633e-05 0.00276449 -8.10072e-05 -0.00110756 -5.89543e-05 0.000427465 -0.000170372 -0.00102194 -0.0039365 -2.48992e-05 3.21891e-06 0.00110719 0.00060043 0.00233017 -0.000270755 0.000367016 -0.000103603 -0.00222998 -4.77601e-05 -8.36453e-05 -3.7799e-05 -9.79025e-05
internal_weight=4449 124 4325 169 105 4156 96 72 4060 51 4009 69 3976 741 3235 472 47 2763 2743 242 206 69 137 116 2501 64 2437 2413 2381 2337
internal_count=4449 124 4325 169 105 4156 96 72 4060 51 4009 69 3976 741 3235 472 47 2763 2743 242 206 69 137 116 2501 64 2437 2413 2381 2337
is_linear=0
shrinkage=0.1


Tree=40
num_leaves=31
num_cat=0
split_feature=7 1 0 1 7 7 7 7 7 4 5 8 6 6 4 1 1 4 3 3 3 1 3 8 3 7 3 3 3 9
split_gain=0.0209979 0.0212726 0.0286682 0.0332502 0.0619228 0.0471001 0.06221 0.0416299 0.0509149 0.0415918 0.0425792 0.040551 0.0297296 0.0765064 0.0639782 0.0276697 0.0273744 0.0365428 0.0604527 0.0259111 0.0523855 0.025268 0.0243632 0.0348972 0.0338861 0.0341131 0.0308027 0.0258784 0.0261542 0.0255139
threshold=295057980.56875008 483.50000000000006 21.500000000000004 619.50000000000011 6042423.1687500002 13466705.418749999 11963616.007500002 7962613.7937500002 10177194.268750003 58435.000000000007 59692.500000000007 45376.750000000007 74331.275000000009 78024.650000000009 71613.000000000015 482.50000000000006 540.50000000000011 55409.000000000007 88941.500000000015 78008.500000000015 72995.000000000015 586.50000000000011 63777.500000000007 55486.625000000007 78314.500000000015 47653735.007500015 91257.000000000015 99360.500000000015 110579.00000000001 84971.000000000015
decision_type=2 2 2 2 2 2 2 2 2 2 2 2 2 2 2 2 2 2 2 2 2 2 2 2 2 2 2 2 2 2
left_child=1 15 16 7 -5 6 9 21 -9 10 -6 -10 19 -14 -15 -1 -3 -18 -19 20 -7 -4 -13 -24 -25 26 -26 -28 -29 -27
right_child=-2 2 3 4 5 12 -8 8 11 -11 -12 22 13 14 -16 -17 17 18 -20 -21 -22 -23 23 24 25 29 27 28 -30 -31
leaf_value=0.00020402037803150537 -0.0024756141862941582 -0.00033982996572661184 -0.0039839054350383008 0.0048222737298125318 2.8887105872854591e-05 0.0013381018315274747 -0.0076869263406842943 0.005359054328541139 0.0050801585343751045 0.0021030456678051016 -0.0064963830710075866 -0.0024223309980394942 -0.0067717456746669048 0.0037517167195411667 -0.0027032388168770601 0.0032137701459672126 -0.0049269294140920523 0.0027422003448009493 -0.0043802681125023153 0.0019254069025411683 -0.0049567317042965445 0.00067987743144234025 0.0033911145688529983 -0.0023289041535463186 0.0031480239199238344 -0.003972450504608622 -0.0019208526122383774 0.0035414111398329793 -0.0004105408987550832 0.00079097850804986521
leaf_weight=2082 34 1470 26 21 20 39 20 28 22 23 20 24 21 28 34 31 31 26 22 86 20 21 47 38 71 22 32 33 34 23
leaf_count=2082 34 1470 26 21 20 39 20 28 22 23 20 24 21 28 34 31 31 26 22 86 20 21 47 38 71 22 32 33 34 23
internal_value=9.08227e-13 1.90648e-05 -0.000191236 0.00031491 -0.000433383 -0.000788266 -0.00282793 0.000905012 0.00125752 -0.00128539 -0.00323375 0.000925609 -4.57561e-05 -0.00155504 0.000211902 0.000248177 -0.000437284 -0.00225068 -0.000522264 0.000818182 -0.00079574 -0.00190009 0.00064351 0.000888777 0.000423916 0.000910461 0.00155853 0.000418595 0.00153594 -0.00153781
internal_weight=4449 4415 2302 753 332 311 83 421 374 63 40 346 228 83 62 2113 1549 79 48 145 59 47 324 300 253 215 170 99 67 45
internal_count=4449 4415 2302 753 332 311 83 421 374 63 40 346 228 83 62 2113 1549 79 48 145 59 47 324 300 253 215 170 99 67 45
is_linear=0
shrinkage=0.1


Tree=41
num_leaves=31
num_cat=0
split_feature=10 3 7 4 7 10 1 8 7 8 6 7 10 4 7 7 7 4 4 6 8 4 9 10 5 7 7 7 8 5
split_gain=0.0197382 0.0180669 0.0249809 0.0340951 0.0230501 0.052021 0.0521317 0.0520655 0.0289884 0.0217615 0.0712981 0.0373462 0.0325282 0.0767992 0.0416009 0.035984 0.0425711 0.0337144 0.0459387 0.0558685 0.0476191 0.0471566 0.058782 0.0745342 0.0472738 0.0465957 0.0438907 0.0394879 0.134416 0.147863
threshold=108464.00000000001 121995.50000000001 52989257.688750006 72861.000000000015 116786446.22750002 79015.250000000015 458.50000000000006 56311.375000000007 106347077.19375001 49552.125000000007 52960.350000000013 4757175.2775000008 55780.500000000007 47164.500000000007 22106422.743750002 15676644.487500004 8908875.6437500026 36083.500000000007 41768.500000000007 55661.475000000006 54271.125000000007 43938.000000000007 54420.250000000007 58608.625000000007 61675.500000000007 6707567.7687500007 36343554.65375001 9668585.6075000018 69638.375000000015 66139.500000000015
decision_type=2 2 2 2 2 2 2 2 2 2 2 2 2 2 2 2 2 2 2 2 2 2 2 2 2 2 2 2 2 2
left_child=1 4 -3 -4 8 7 -7 -6 9 10 -1 -11 13 14 15 16 -13 -14 19 26 -21 -20 -23 -24 -25 -26 -19 28 29 -27
right_child=-2 2 3 -5 5 6 -8 -9 -10 11 -12 12 17 -15 -16 -17 -18 18 21 20 -22 22 23 24 25 27 -28 -29 -30 -31
leaf_value=0.00028188812223548643 -0.0024365771189684784 0.0040890745054930448 0.0018922693682834506 -0.0027599293839834309 -0.0025069949392440491 -0.00036866410542279484 -0.0065999666002833947 0.0020848508330126264 0.0026153123429245428 0.004180808174423874 0.0060371145394376739 0.0027041525358245488 0.0028693221509456636 -0.0068349254288477823 -0.0042760705998675392 0.0042940420634113253 -0.0032078373639298414 -0.0015902099265738137 0.0020738112012052214 -0.0076977568057676159 -0.0021766881898835637 -0.0043113661252639516 0.0025462342171175853 -0.0040537949486245074 -0.0038574455235379211 0.0058854653522194857 0.0037260803122383859 -0.00014303067038204544 0.0091950558871030808 -0.0051326026024039965
leaf_weight=998 33 25 50 23 43 25 29 58 43 20 22 21 38 24 22 20 29 44 102 21 61 33 105 31 33 21 24 2402 20 29
leaf_count=998 33 25 50 23 43 25 29 58 43 20 22 21 38 24 22 20 29 44 102 21 61 33 105 31 33 21 24 2402 20 29
internal_value=2.61127e-12 1.82081e-05 0.00136084 0.000426508 -1.22638e-05 -0.00120965 -0.0037151 0.000129907 3.23181e-05 5.35965e-06 0.00040602 -0.000126471 -0.00015444 -0.00179716 -0.000482965 0.000709154 -0.000724802 -9.01499e-05 -0.000128585 -0.00183316 -0.00359062 -3.64785e-05 -0.000116976 -6.45657e-05 -0.000172663 -0.000124633 0.000286128 -7.48015e-05 0.00226643 -0.000505014
internal_weight=4449 4416 98 73 4318 155 54 101 4163 4120 1020 3100 3080 116 92 70 50 2964 2926 150 82 2776 2674 2641 2536 2505 68 2472 70 50
internal_count=4449 4416 98 73 4318 155 54 101 4163 4120 1020 3100 3080 116 92 70 50 2964 2926 150 82 2776 2674 2641 2536 2505 68 2472 70 50
is_linear=0
shrinkage=0.1


Tree=42
num_leaves=31
num_cat=0
split_feature=7 3 9 1 1 0 4 8 8 8 9 7 7 6 9 9 9 10 8 9 1 1 4 7 4 7 5 3 3 10
split_gain=0.0169894 0.0169424 0.0417719 0.0811382 0.0556292 0.0398896 0.0387519 0.0319496 0.050889 0.0353546 0.0818178 0.0603091 0.0641048 0.0328558 0.0395124 0.0644823 0.0268719 0.0642789 0.0828113 0.0226436 0.019806 0.0362877 0.111758 0.0300717 0.0492369 0.0304921 0.033026 0.0242302 0.0627116 0.0472676
threshold=295057980.56875008 117664.00000000001 91283.500000000015 499.50000000000006 475.50000000000006 21.500000000000004 77719.500000000015 84935.500000000015 82476.625000000015 80634.500000000015 84971.000000000015 27346423.493750002 46744969.255000003 83045.35000000002 82755.750000000015 81972.250000000015 80502.000000000015 93161.875000000015 92813.250000000015 86948.000000000015 400.50000000000006 407.50000000000006 39760.500000000007 15878431.137500001 26031.000000000004 71118650.437500015 81618.000000000015 93740.000000000015 93104.500000000015 71901.125000000015
decision_type=2 2 2 2 2 2 2 2 2 2 2 2 2 2 2 2 2 2 2 2 2 2 2 2 2 2 2 2 2 2
left_child=1 2 6 4 -4 -5 7 8 9 10 13 -11 -13 14 15 20 -3 -18 -19 -10 23 22 -22 24 -1 26 -25 28 -23 -29
right_child=-2 16 3 5 -6 -7 -8 -9 19 11 -12 12 -14 -15 -16 -17 17 18 -20 -21 21 27 -24 25 -26 -27 -28 29 -30 -31
leaf_value=0.0030163776859725745 -0.0022268096080926415 0.0035399211762363425 -0.0028075025106469795 -0.0086593154631555078 0.0040011461276056558 -0.0023434924590401353 0.0042123307643288912 -0.0033033309745249049 0.00036481686634942889 0.002511796758044511 0.0062522457735169502 -0.0072366308653727179 -0.00034095977540486136 -0.0031974380512110657 0.0031467900966526945 -0.0042248906073736074 -0.00307643734094863 0.0065736691682384569 -0.00043367413794233772 0.0045827990836863012 0.0021468467248434374 -5.4694943341515981e-05 -0.0079327671322971579 0.0014578061942861847 -0.0026271166753408931 -0.000813822789117694 0.0055168935867107435 0.0030181381469151962 -0.0050831842944025997 0.00020350268135768026
leaf_weight=22 34 34 24 20 24 20 22 29 20 20 21 28 26 32 40 36 37 26 48 35 22 3119 22 156 52 50 23 74 25 308
leaf_count=22 34 34 24 20 24 20 22 29 20 20 21 28 26 32 40 36 37 26 48 35 22 3119 22 156 52 50 23 74 25 308
internal_value=2.57316e-12 1.71487e-05 -1.895e-05 -0.0021751 0.000596822 -0.0055014 2.64209e-05 4.28384e-06 2.75036e-05 -1.32672e-05 2.67811e-05 -0.00217912 -0.00391649 -6.05863e-06 1.98021e-05 -1.21957e-05 0.00108019 0.000326764 0.00202837 0.00304899 2.69618e-05 -3.89194e-05 -0.00289296 0.000803186 -0.000949321 0.0013695 0.00197936 -3.30462e-06 -9.46798e-05 0.000748746
internal_weight=4449 4415 4270 88 48 40 4182 4160 4131 4076 4002 74 54 3981 3949 3909 145 111 74 55 3873 3570 44 303 74 229 179 3526 3144 382
internal_count=4449 4415 4270 88 48 40 4182 4160 4131 4076 4002 74 54 3981 3949 3909 145 111 74 55 3873 3570 44 303 74 229 179 3526 3144 382
is_linear=0
shrinkage=0.1


Tree=43
num_leaves=31
num_cat=0
split_feature=7 5 5 7 1 10 4 3 4 4 3 6 9 3 1 1 7 10 6 6 7 1 4 5 9 1 4 6 10 7
split_gain=0.0174411 0.0625919 0.071008 0.0342289 0.0512419 0.0322939 0.0261913 0.0499806 0.0241337 0.0580468 0.0270952 0.0398565 0.0729768 0.0266422 0.0498794 0.0546043 0.0472412 0.0418353 0.0360454 0.0603269 0.0347953 0.0336876 0.0696427 0.067987 0.0493711 0.042489 0.0402547 0.0320384 0.0273398 0.0217136
threshold=66770547.583750002 105216.50000000001 102421.00000000001 40551678.558750011 486.50000000000006 100633.12500000001 18749.500000000004 69214.000000000015 73595.500000000015 71272.000000000015 121995.50000000001 83045.35000000002 86617.500000000015 102090.50000000001 484.50000000000006 495.50000000000006 84632901.85375002 73218.125000000015 64313.700000000004 70708.625000000015 144002387.55750003 473.50000000000006 48743.000000000007 89054.000000000015 69316.500000000015 458.50000000000006 53536.500000000007 66637.500000000015 80406.500000000015 38847922.813750006
decision_type=2 2 2 2 2 2 2 2 2 2 2 2 2 2 2 2 2 2 2 2 2 2 2 2 2 2 2 2 2 2
left_child=1 2 29 -3 -5 6 -2 -8 9 10 11 13 -13 14 21 -16 -15 -18 -17 -20 28 23 -23 24 -9 26 27 -25 -19 -1
right_child=5 3 -4 4 -6 -7 7 8 -10 -11 -12 12 -14 16 15 18 17 20 19 -21 -22 22 -24 25 -26 -27 -28 -29 -30 -31
leaf_value=-6.6874099758652074e-05 0.0028353984413955076 0.0063500246964395051 -0.0051812369251050634 0.0045346980625442391 -0.0015190700586471294 -0.0029622906469739976 -0.0050855155018242927 0.00026202675377508293 -0.0034093628688108019 0.0051870479620993136 0.0022817513611363741 -0.0076580298765163346 8.2466716011022709e-05 0.0055063552316278221 -0.006116120457841919 0.0020990308858454226 0.0036829440693299364 0.003404642878809855 -0.006578556820750237 3.3997038278628043e-05 -0.0036972743362702169 -0.0016022340487688782 0.0064662728357412248 -0.00045075227870889332 0.0057245971978686395 -0.0061967802995985212 0.00204999992903322 -0.0059233165415935223 -0.0013331233828874499 0.00052037038583851254
leaf_weight=2840 26 21 26 29 27 48 22 78 23 20 38 21 29 20 29 25 26 21 22 37 29 20 23 23 21 22 25 20 29 809
leaf_count=2840 26 21 26 29 27 48 22 78 23 20 38 21 29 20 29 25 26 21 22 37 29 20 23 23 21 22 25 20 29 809
internal_value=1.39468e-12 8.53377e-05 2.62163e-05 0.00290704 0.00161592 -0.000459379 -0.000274263 -0.000404041 -0.000232672 -0.000106264 -0.000295989 -0.000484362 -0.00316854 -0.000198811 -0.000652002 -0.00237489 0.001052 0.000203548 -0.00108327 -0.0024317 -0.00094157 0.000187161 0.00271348 -0.000387609 0.00142075 -0.00237681 -0.00114094 -0.00299613 0.000656738 6.33207e-05
internal_weight=4449 3752 3675 77 56 697 649 623 601 578 558 520 50 470 345 113 125 105 84 59 79 232 43 189 99 90 68 43 50 3649
internal_count=4449 3752 3675 77 56 697 649 623 601 578 558 520 50 470 345 113 125 105 84 59 79 232 43 189 99 90 68 43 50 3649
is_linear=0
shrinkage=0.1


Tree=44
num_leaves=31
num_cat=0
split_feature=7 3 3 10 1 1 9 10 10 10 9 4 8 8 4 7 9 9 9 5 1 1 1 10 3 4 4 10 4 5
split_gain=0.0149826 0.014842 0.0410083 0.0356839 0.0311138 0.0438401 0.0414791 0.0637262 0.0372504 0.0285679 0.0529339 0.0717597 0.0499353 0.0440681 0.0593675 0.0382254 0.0349641 0.0340126 0.0349066 0.0288298 0.0344483 0.0289256 0.0508073 0.0264777 0.0229411 0.0341234 0.0321196 0.0228287 0.0218542 0.021216
threshold=295057980.56875008 113185.00000000001 111916.50000000001 77949.250000000015 608.50000000000011 461.50000000000006 101024.75000000001 97712.000000000015 93161.875000000015 90556.250000000015 83049.000000000015 71613.000000000015 82476.625000000015 84935.500000000015 77719.500000000015 39517712.718750007 93142.500000000015 81972.250000000015 81119.250000000015 89979.500000000015 546.50000000000011 498.50000000000006 477.50000000000006 84528.250000000015 99360.500000000015 60334.000000000007 62752.500000000007 84777.625000000015 66381.500000000015 97584.500000000015
decision_type=2 2 2 2 2 2 2 2 2 2 2 2 2 2 2 2 2 2 2 2 2 2 2 2 2 2 2 2 2 2
left_child=1 2 9 -3 5 8 7 -7 -5 10 11 17 -11 -14 15 -15 -16 18 23 -12 21 22 -21 24 29 -26 -27 -19 -28 -1
right_child=-2 3 -4 4 -6 6 -8 -9 -10 12 19 -13 13 14 16 -17 -18 27 -20 20 -22 -23 -24 -25 25 26 28 -29 -30 -31
leaf_value=1.5268502249615815e-05 -0.0020911646849366234 0.0043052017348460285 -0.0035909396974602714 2.6881631843193816e-05 0.003967683707984785 -0.0019613788188629164 -0.0046037006916271319 0.0038161990540434738 0.0057208832114702089 -0.00555592997019024 0.0053825339790256254 -0.0051547422746403351 0.002992951681113078 -0.0072245740265186355 0.0040053904943522954 -0.0014883160465755142 -0.0018368374370038511 -0.0052071960642933847 0.0030282159729932367 0.0028759684784083884 -0.0023110089710306576 0.0046172724163625395 -0.0031024136347696189 -0.0031590998316040407 0.0024745098762808913 -0.0031587575458818015 0.0035549319038788475 -0.00078368745661074567 -0.00090697646532055887 -0.0023917437817372786
leaf_weight=3556 34 26 32 27 21 60 27 28 20 24 21 27 27 21 21 26 20 20 39 44 21 32 21 26 92 27 21 28 23 37
leaf_count=3556 34 26 32 27 21 60 27 28 20 24 21 27 27 21 21 26 20 20 39 44 21 32 21 26 92 27 21 28 23 37
internal_value=1.93893e-12 1.61041e-05 -2.47673e-05 0.000838617 0.000346097 -0.000123368 -0.00117504 -0.000123059 0.00244986 2.57276e-06 5.11294e-05 -1.72843e-05 -0.00140697 -0.000541097 -0.00162541 -0.00405132 0.00115552 1.85677e-05 5.17994e-05 0.00196868 0.00136113 0.00215613 0.000944491 2.11066e-05 4.31208e-05 0.00120345 -0.000443568 -0.00262682 0.00122257 -9.51843e-06
internal_weight=4449 4415 4206 209 183 162 115 88 47 4174 4035 3896 139 115 88 47 41 3869 3821 139 118 97 65 3782 3756 163 71 48 44 3593
internal_count=4449 4415 4206 209 183 162 115 88 47 4174 4035 3896 139 115 88 47 41 3869 3821 139 118 97 65 3782 3756 163 71 48 44 3593
is_linear=0
shrinkage=0.1


Tree=45
num_leaves=31
num_cat=0
split_feature=7 7 10 10 8 6 7 9 1 4 4 9 3 6 5 1 9 8 6 1 1 3 6 1 10 7 3 4 5 8
split_gain=0.0155894 0.0416081 0.0281896 0.0279474 0.0246926 0.0348422 0.0584322 0.0335121 0.026426 0.0190312 0.0176493 0.0350996 0.0294606 0.028061 0.0254713 0.0608133 0.0328963 0.0211173 0.0531188 0.0424678 0.0596298 0.0462867 0.043252 0.0555837 0.0467903 0.0493723 0.0577265 0.0396818 0.0388063 0.03158
threshold=116786446.22750002 106347077.19375001 100633.12500000001 76497.250000000015 56152.875000000007 70412.000000000015 137209863.91375002 78995.750000000015 461.50000000000006 35102.000000000007 32182.500000000004 40962.500000000007 46293.500000000007 43323.600000000006 50297.500000000007 501.50000000000006 45215.750000000007 49552.125000000007 52960.350000000013 521.50000000000011 508.50000000000006 67141.500000000015 50917.325000000004 459.50000000000006 47439.375000000007 10743778.403750002 61361.500000000007 39661.000000000007 52340.500000000007 51002.000000000007
decision_type=2 2 2 2 2 2 2 2 2 2 2 2 2 2 2 2 2 2 2 2 2 2 2 2 2 2 2 2 2 2
left_child=1 10 4 -3 9 -6 -7 -8 -9 -2 -1 12 -12 -13 15 16 -15 18 19 20 21 22 23 28 -25 -26 27 -27 -16 -19
right_child=2 3 -4 -5 5 6 7 8 -10 -11 11 13 -14 14 17 -17 -18 29 -20 -21 -22 -23 -24 24 25 26 -28 -29 -30 -31
leaf_value=0.00070200980564431522 -0.0045919847113757651 0.00039890003015822617 -0.0040545125259086488 0.0050888525908467947 0.0028478260941778286 -0.0053157097167885782 -0.0012875665480700823 0.0051410853525158022 0.00011865668930113316 -0.00043253036565147344 -2.6370825944468384e-05 0.0021624879070541599 -0.0052230554334528282 -0.0025713041424751284 -0.0050278248052801136 -0.0066025937860831625 0.0030323578882962467 -0.0015928575259854469 0.0053713428671471782 0.0023961891313357391 -0.0052469617742601608 0.0027825250554208958 -0.0029465846128296108 -0.0021976900158514239 -0.0020025515169634122 0.0027224071631208064 -0.00052565817022696135 0.00723205337417312 -0.00051117325390805492 -5.1037957516685616e-05
leaf_weight=337 22 24 24 27 37 22 52 20 22 22 20 58 24 22 23 20 20 139 22 85 21 60 50 29 23 50 32 32 110 3000
leaf_count=337 22 24 24 27 37 22 52 20 22 22 20 58 24 22 23 20 20 139 22 85 21 60 50 29 23 50 32 32 110 3000
internal_value=-2.74797e-12 4.27968e-05 -0.000818756 0.00288182 -0.000424552 0.000175834 -0.000676439 0.000409348 0.00251029 -0.00251226 8.13319e-06 -5.27617e-05 -0.00286093 -2.02119e-05 -5.40793e-05 -0.00206409 9.71063e-05 -2.01782e-05 0.000559303 0.000353741 -4.99992e-05 0.000216838 -0.000224255 0.000230984 0.00145141 0.00222384 0.00307654 0.00448227 -0.00129225 -0.000119312
internal_weight=4449 4228 221 51 197 153 116 94 42 44 4177 3840 44 3796 3738 62 42 3676 537 515 430 409 349 299 166 137 114 82 133 3139
internal_count=4449 4228 221 51 197 153 116 94 42 44 4177 3840 44 3796 3738 62 42 3676 537 515 430 409 349 299 166 137 114 82 133 3139
is_linear=0
shrinkage=0.1


Tree=46
num_leaves=31
num_cat=0
split_feature=0 1 1 7 6 3 4 3 0 1 1 6 1 1 4 4 5 10 4 4 5 1 3 9 5 4 4 4 9 8
split_gain=0.0148082 0.0413448 0.0341112 0.0315031 0.0506664 0.0545814 0.0352006 0.0287217 0.0276666 0.0330422 0.0299799 0.0420982 0.0252062 0.0333241 0.0247386 0.0774625 0.0424251 0.0427845 0.0401291 0.0748012 0.053952 0.0447338 0.0406699 0.0311215 0.0280017 0.0363379 0.03434 0.0328515 0.0299803 0.0263084
threshold=26.500000000000004 733.00000000000011 635.50000000000011 29539112.957500003 61977.92500000001 82705.500000000015 66238.500000000015 88556.000000000015 21.500000000000004 511.50000000000006 509.50000000000006 64464.850000000006 508.50000000000006 507.50000000000006 35331.000000000007 38285.000000000007 60788.000000000007 56928.000000000007 54320.500000000007 56322.000000000007 71578.000000000015 587.50000000000011 78314.500000000015 53264.000000000007 73386.000000000015 60861.500000000007 64506.500000000007 57947.500000000007 73835.250000000015 75583.875000000015
decision_type=2 2 2 2 2 2 2 2 2 2 2 2 2 2 2 2 2 2 2 2 2 2 2 2 2 2 2 2 2 2
left_child=2 -2 8 4 -4 -6 -7 -3 9 10 12 -12 13 -1 -10 -16 17 23 20 -20 21 -18 -23 -17 -21 27 28 -26 -27 -28
right_child=1 7 3 -5 5 6 -8 -9 14 -11 11 -13 -14 -15 15 16 18 -19 19 24 -22 22 -24 -25 25 26 29 -29 -30 -31
leaf_value=2.7486219816592792e-05 0.0036982523802763382 -0.0030098896268755202 -0.0037617957405745987 -0.0046778891618417294 0.0038043020802433604 -0.0042463092797940284 0.0010645846048226723 0.0020743574923835699 0.0030868700426071884 -0.00072622175646062763 -0.00044685908415842624 0.0058850890779424282 -0.002639156574815778 0.0034937672882473896 -0.005595479244366288 0.0028438210461007537 0.0023539141053333882 0.0067658036830835046 0.0057007398462155835 -0.0028399203889421191 -0.0047911049249852386 -0.0044690289863802751 0.0011618382135487122 -0.0017049979241121384 0.00020096218911930922 0.00072029577844659801 0.00337820261766231 0.0055917838525671795 -0.0043879294940442955 3.4464612211350626e-05
leaf_weight=2932 39 25 40 26 32 24 26 20 40 637 21 21 35 28 20 53 44 20 30 24 31 29 23 21 20 20 33 26 27 82
leaf_count=2932 39 25 40 26 32 24 26 20 40 637 21 21 35 28 20 53 44 20 30 24 31 29 23 21 20 20 33 26 27 82
internal_value=1.98016e-12 0.00131514 -2.53085e-05 -0.00151751 -0.000843987 0.000579335 -0.00148464 -0.000750224 2.70618e-05 -7.14088e-05 6.59359e-05 0.00271911 2.87294e-05 6.02754e-05 0.000693325 0.000502984 0.000755508 0.00266206 0.000294799 0.00100194 -0.00116403 7.2152e-06 -0.00197845 0.00155294 0.000394337 0.00076752 6.32013e-05 0.00324795 -0.00221422 0.000993972
internal_weight=4449 84 4365 148 122 82 50 45 4217 3674 3037 42 2995 2960 543 503 483 94 389 262 127 96 52 74 232 208 162 46 47 115
internal_count=4449 84 4365 148 122 82 50 45 4217 3674 3037 42 2995 2960 543 503 483 94 389 262 127 96 52 74 232 208 162 46 47 115
is_linear=0
shrinkage=0.1


Tree=47
num_leaves=31
num_cat=0
split_feature=7 5 8 4 6 7 6 4 3 7 7 5 5 9 8 4 9 8 6 10 1 1 1 10 9 4 4 5 6 9
split_gain=0.0137286 0.0476889 0.0613782 0.036791 0.0539731 0.0265742 0.0445482 0.0245389 0.0367932 0.023696 0.0430627 0.034207 0.0337632 0.0283156 0.0727109 0.0580299 0.0427041 0.0602526 0.049076 0.0452143 0.0355452 0.0481214 0.0236748 0.0220839 0.0217078 0.0192368 0.0495755 0.0221941 0.0304423 0.0652768
threshold=66770547.583750002 105216.50000000001 89692.625000000015 77719.500000000015 88823.10000000002 40551678.558750011 89720.925000000003 18749.500000000004 69214.000000000015 50116660.768750004 52422280.148750007 99856.500000000015 97245.500000000015 55978.250000000007 57738.875000000007 35331.000000000007 76195.250000000015 73832.375000000015 81597.450000000026 77027.875000000015 473.50000000000006 513.50000000000011 375.50000000000006 100633.12500000001 68559.500000000015 73595.500000000015 71272.000000000015 124988.00000000001 83045.35000000002 86617.500000000015
decision_type=2 2 2 2 2 2 2 2 2 2 2 2 2 2 2 2 2 2 2 2 2 2 2 2 2 2 2 2 2 2
left_child=1 2 3 4 9 -3 -7 -2 -9 11 -11 12 22 15 -15 -12 19 -18 -19 20 24 -22 -1 25 -16 26 27 28 -10 -30
right_child=7 5 -4 -5 -6 6 -8 8 23 10 13 -13 -14 14 16 -17 17 18 -20 -21 21 -23 -24 -25 -26 -27 -28 -29 29 -31
leaf_value=0.0013038124724971567 0.0026067273762936777 0.0055723667588262332 -0.0055005727778188887 0.0037320603306094805 -0.0050279988641185429 0.005042268530953499 -0.00078366464962268127 -0.0045462829230183905 -0.00015849333172270324 0.0033135988636347289 0.00087932609586101589 -0.0037922947377107144 0.0040930014895275242 0.0042537845343313353 -0.0045210685216538283 -0.0058451122282782483 0.0062872684179720558 -0.0025475112195577354 0.0034074330129660667 -0.005472173260059208 0.0032370299427947474 -0.0027226828038692478 -8.4346645146094325e-05 -0.002452133519788428 -0.00049343327837050313 -0.0030593231816411666 0.0047815161012113097 0.0027560385498319471 -0.006564914375000324 0.00033419311075704177
leaf_weight=128 26 21 20 27 21 21 35 22 479 58 33 24 20 49 23 21 22 31 25 20 42 20 3059 48 32 23 20 23 24 32
leaf_count=128 26 21 20 27 21 21 35 22 479 58 33 24 20 49 23 21 22 31 25 20 42 20 3059 48 32 23 20 23 24 32
internal_value=-4.02939e-12 7.57124e-05 2.41072e-05 5.4338e-05 2.6968e-05 0.00253869 0.00140106 -0.000407565 -0.000524364 5.6398e-05 0.000807742 -3.10379e-05 -2.89004e-06 0.000350699 0.00077747 -0.00173573 -1.48066e-05 0.00185299 0.000110946 -0.00107822 -0.000327118 0.00131454 -2.85938e-05 -0.000388027 -0.00217772 -0.000223174 -0.000110316 -0.000285651 -0.000416415 -0.00262257
internal_weight=4449 3752 3675 3655 3628 77 56 697 671 3607 376 3231 3207 318 264 54 215 78 56 137 117 62 3187 649 55 601 578 558 535 56
internal_count=4449 3752 3675 3655 3628 77 56 697 671 3607 376 3231 3207 318 264 54 215 78 56 137 117 62 3187 649 55 601 578 558 535 56
is_linear=0
shrinkage=0.1


Tree=48
num_leaves=31
num_cat=0
split_feature=7 7 10 10 8 6 7 9 1 4 7 8 5 7 10 3 3 4 7 3 9 9 8 1 9 9 10 10 6 10
split_gain=0.0123233 0.0361746 0.0227373 0.0195388 0.0201647 0.0281215 0.045105 0.0268174 0.0227235 0.0159476 0.0155191 0.0146979 0.0603768 0.0614939 0.0597826 0.0450026 0.0460614 0.0680986 0.0528974 0.0386724 0.0370704 0.0586962 0.0337776 0.0658856 0.0590499 0.0693939 0.0554638 0.040608 0.0364731 0.0754654
threshold=116786446.22750002 106347077.19375001 76497.250000000015 100633.12500000001 56152.875000000007 70412.000000000015 137209863.91375002 78995.750000000015 461.50000000000006 35102.000000000007 173124201.69374999 57738.875000000007 66711.500000000015 14658055.71875 65705.875000000015 58719.500000000007 65399.500000000007 53383.000000000007 15676644.487500004 86436.500000000015 61708.500000000007 60964.250000000007 60129.625000000007 506.50000000000006 62944.750000000007 65010.750000000007 65400.625000000007 66192.875000000015 65988.450000000012 68590.000000000015
decision_type=2 2 2 2 2 2 2 2 2 2 2 2 2 2 2 2 2 2 2 2 2 2 2 2 2 2 2 2 2 2
left_child=1 11 -3 4 9 -6 -7 10 -9 -2 -8 14 13 -13 19 -14 17 -17 -19 -1 21 -18 23 24 -22 -26 -24 -28 -29 -30
right_child=3 2 -4 -5 5 6 7 8 -10 -11 -12 12 15 -15 -16 16 20 18 -20 -21 22 -23 26 -25 25 -27 27 28 29 -31
leaf_value=7.6149292544869249e-05 -0.0041901720052754344 0.00044567333231195036 0.0046759289534141621 -0.0034218493553150133 0.002543291300409348 -0.0046989010202444417 -0.0030528824999540424 0.0046500325258239175 -7.2886701673269277e-06 -0.00038257255364442249 0.00041249717552480959 -0.0004580677653263722 0.0046514788194690479 -0.0062768496141870859 0.0041925628669559961 0.0021191888186149299 -0.00046435126635645116 -0.001060585955347051 -0.0079604147020727392 0.0038210208876989782 0.0026064840799552343 0.0055635600754370294 0.0043415519216194239 -0.005098465291592174 -0.0051393487803371891 0.0018421245957142675 -0.0039154527286343558 0.001274006939116828 -0.0059794652889567342 -8.3765273717613972e-05
leaf_weight=1820 22 24 27 24 37 22 24 20 22 22 28 42 20 32 37 20 35 20 25 28 42 30 29 39 35 24 27 198 22 1652
leaf_count=1820 22 24 27 24 37 22 24 20 22 22 28 42 20 32 37 20 35 20 25 28 42 30 29 39 35 24 27 198 22 1652
internal_value=-1.73196e-12 3.80506e-05 0.00268522 -0.000727954 -0.000399763 0.000142791 -0.000622886 0.000331075 0.00221048 -0.00228637 -0.00118691 5.72936e-06 -0.000164386 -0.0029743 0.000212576 -7.06382e-05 -0.000113606 -0.00273597 -0.00489382 0.00013289 -3.36928e-05 0.00231776 -0.000107602 -0.00160739 -0.000259345 -0.00229943 1.30326e-06 -6.49775e-05 -9.44182e-06 -0.000161248
internal_weight=4449 4228 51 221 197 153 116 94 42 44 52 4177 2292 74 1885 2218 2198 65 45 1848 2133 65 2068 140 101 59 1928 1899 1872 1674
internal_count=4449 4228 51 221 197 153 116 94 42 44 52 4177 2292 74 1885 2218 2198 65 45 1848 2133 65 2068 140 101 59 1928 1899 1872 1674
is_linear=0
shrinkage=0.1


Tree=49
num_leaves=31
num_cat=0
split_feature=0 1 1 3 7 7 7 9 4 7 3 1 1 1 5 10 6 3 3 7 5 6 9 3 1 5 9 10 9 1
split_gain=0.0124784 0.0350186 0.0285458 0.0251317 0.0154297 0.0631615 0.05694 0.0565579 0.0558291 0.0311256 0.0495325 0.0441308 0.0364085 0.0511522 0.0174347 0.0461562 0.0435509 0.0418991 0.109496 0.0539499 0.0433543 0.0423359 0.0429399 0.0451634 0.0368734 0.0319714 0.0518702 0.0440934 0.0458039 0.0426446
threshold=26.500000000000004 747.50000000000011 660.50000000000011 89460.000000000015 7962613.7937500002 6341711.5687500015 8564092.2700000014 53778.250000000007 38838.000000000007 5010813.0837500012 55340.000000000007 450.50000000000006 519.50000000000011 450.50000000000006 59161.000000000007 45076.000000000007 46970.950000000004 60274.500000000007 59175.000000000007 20991586.835000005 60788.000000000007 61648.825000000004 59663.000000000007 57803.000000000007 472.50000000000006 58709.500000000007 54420.250000000007 54740.125000000007 52210.000000000007 451.50000000000006
decision_type=2 2 2 2 2 2 2 2 2 2 2 2 2 2 2 2 2 2 2 2 2 2 2 2 2 2 2 2 2 2
left_child=2 -2 4 -4 5 9 -6 8 -7 10 11 -1 13 -11 25 -16 -17 18 21 -20 -19 22 23 24 -18 26 27 28 29 -8
right_child=1 -3 3 -5 6 7 14 -9 -10 12 -12 -13 -14 -15 15 16 17 20 19 -21 -22 -23 -24 -25 -26 -27 -28 -29 -30 -31
leaf_value=0.00048582534072920684 0.0030188597718927455 -0.0010939570231916936 -0.00051457604879812742 -0.0051558562181890019 0.0034356675028197506 -0.0033671083460961072 -0.00061290870945392975 -0.0062461959358188325 0.0032560118031688037 0.00018873633927710002 0.0027997083152117939 -0.0059370042027338697 -0.0013887368849827908 0.0070150304909633561 -0.0042837043167450106 0.0034549779245363816 0.0019386121982031249 0.0033478472391020898 -0.0084043660267655342 -0.0020131378376390787 -5.0450508634870875e-05 0.0042933049937710173 -0.0047569435245047014 0.0044207016169093552 -0.0034513547271490101 0.0036610526607425229 -0.0043420334741392222 0.0035835001490425408 -0.0040126063899757957 0.0011713760264683516
leaf_weight=20 47 37 28 20 49 35 225 32 20 21 23 23 20 23 26 35 22 38 28 25 3110 20 21 20 30 30 23 43 24 331
leaf_count=20 47 37 28 20 49 35 225 32 20 21 23 23 20 23 26 35 22 38 28 25 3110 20 21 20 30 30 23 43 24 331
internal_value=4.40867e-13 0.00120726 -2.32325e-05 -0.00244844 3.73298e-06 -0.000818035 4.72266e-05 -0.00290353 -0.000958701 0.000577639 -0.00094608 -0.00294964 0.00214898 0.00375703 6.24074e-06 -8.66052e-05 -5.4021e-05 -9.10804e-05 -0.0016395 -0.00538964 -9.42913e-06 0.000119408 -0.000778204 0.000382262 -0.00117098 0.000469784 0.000321582 0.000493754 0.000264687 0.000449318
internal_weight=4449 84 4365 48 4317 217 4100 87 55 130 66 43 64 44 4051 3375 3349 3314 166 53 3148 113 93 72 52 676 646 623 580 556
internal_count=4449 84 4365 48 4317 217 4100 87 55 130 66 43 64 44 4051 3375 3349 3314 166 53 3148 113 93 72 52 676 646 623 580 556
is_linear=0
shrinkage=0.1


Tree=50
num_leaves=31
num_cat=0
split_feature=5 3 1 8 10 1 6 9 3 7 7 3 3 3 3 5 1 6 4 3 1 1 7 7 7 4 8 9 7 1
split_gain=0.0124268 0.0221426 0.0134606 0.0211746 0.0150147 0.0725688 0.0588654 0.0198172 0.0186716 0.0367696 0.0361081 0.0330244 0.0242065 0.0240956 0.0914579 0.137633 0.0497886 0.0462127 0.0491836 0.0344787 0.0332946 0.0366549 0.0247299 0.0218515 0.0277092 0.051198 0.0747702 0.0377126 0.0232439 0.0379762
threshold=38309.000000000007 37845.000000000007 354.50000000000006 62265.250000000007 39845.375000000007 446.50000000000006 39616.875000000007 40962.500000000007 49558.000000000007 9668585.6075000018 7296357.4900000012 44819.500000000007 47614.000000000007 55132.500000000007 53447.000000000007 54997.500000000007 471.50000000000006 46196.200000000004 43206.500000000007 55595.500000000007 483.50000000000006 496.50000000000006 5010813.0837500012 6707567.7687500007 9454169.4137500022 47301.000000000007 68204.500000000015 63691.500000000007 15122491.243750002 619.50000000000011
decision_type=2 2 2 2 2 2 2 2 2 2 2 2 2 2 2 2 2 2 2 2 2 2 2 2 2 2 2 2 2 2
left_child=-1 -2 3 -3 5 -4 -6 -8 9 10 -9 -11 -13 14 16 -16 17 -10 -19 -15 -18 -22 -21 -24 25 -25 27 -27 29 -26
right_child=1 2 4 -5 6 -7 7 8 13 11 -12 12 -14 19 15 -17 20 18 -20 22 21 -23 23 24 28 26 -28 -29 -30 -31
leaf_value=0.0015077552521014933 -0.0030476658255793156 0.00033215855483908254 0.0014489098282700237 0.0036519458927214143 0.003914693586136166 -0.0044362485263263812 -0.0024434854351805852 0.0015848310700116251 0.0010226165591046919 -0.0004214408323018541 -0.0036854146487222844 0.0057603304939610623 0.0018399685543651384 0.0031254693280373304 2.7386977204254698e-05 -0.0092030811527123065 0.0048330949646277497 -0.006840551423374564 -0.00021379148626389602 0.0031715286357211882 -0.0028276504726991768 0.002309952426145262 -0.0022640596687613815 0.0052327662897628871 -0.0003359379387130865 0.00044279598912812376 0.0054266351962550773 -0.0046876192928048911 2.122581608089085e-05 -0.0028860454360665885
leaf_weight=54 24 83 44 25 38 40 34 26 37 31 26 28 36 35 35 30 26 24 21 24 21 41 44 28 329 38 21 23 3112 71
leaf_count=54 24 83 44 25 38 40 34 26 37 31 26 28 36 35 35 30 26 24 21 24 21 41 44 28 329 38 21 23 3112 71
internal_value=-4.09426e-12 -1.85253e-05 -1.89312e-06 0.00110063 -2.98247e-05 -0.00135355 -3.21721e-06 -3.917e-05 -1.92658e-05 0.0010874 -0.00105029 0.00225751 0.00355513 -6.03467e-05 -0.00104243 -0.00423283 0.000177422 -0.00159544 -0.00374806 1.61053e-06 0.00182941 0.000569797 -2.80196e-05 -4.89659e-05 -2.20569e-05 0.0015408 0.000280126 -0.00149162 -7.10074e-05 -0.000788582
internal_weight=4449 4395 4371 108 4263 84 4179 4141 4107 147 52 95 64 3960 235 65 170 82 45 3725 88 62 3690 3666 3622 110 82 61 3512 400
internal_count=4449 4395 4371 108 4263 84 4179 4141 4107 147 52 95 64 3960 235 65 170 82 45 3725 88 62 3690 3666 3622 110 82 61 3512 400
is_linear=0
shrinkage=0.1


Tree=51
num_leaves=31
num_cat=0
split_feature=7 6 4 4 9 4 4 8 4 8 7 8 8 9 7 10 8 8 6 1 4 9 3 4 4 1 1 8 8 9
split_gain=0.0119579 0.0219764 0.0368139 0.0208422 0.0190519 0.0530257 0.0312871 0.024947 0.013333 0.0311313 0.070633 0.0285782 0.0296391 0.0478872 0.0456389 0.0397127 0.024007 0.027759 0.0364817 0.0512136 0.0257169 0.022703 0.0218534 0.0241342 0.0893668 0.0392784 0.0413078 0.0582244 0.0638337 0.032313
threshold=153087740.13875005 88151.200000000012 57243.000000000007 49900.000000000007 95617.500000000015 78898.000000000015 88831.500000000015 88843.750000000015 77719.500000000015 84935.500000000015 38389434.978750013 82476.625000000015 80634.500000000015 84971.000000000015 36546257.24750001 89698.750000000015 78074.000000000015 78659.375000000015 83045.35000000002 530.50000000000011 70800.000000000015 86948.000000000015 112515.00000000001 67000.500000000015 65975.500000000015 626.50000000000011 530.50000000000011 73832.375000000015 76450.250000000015 74923.500000000015
decision_type=2 2 2 2 2 2 2 2 2 2 2 2 2 2 2 2 2 2 2 2 2 2 2 2 2 2 2 2 2 2
left_child=4 2 3 -2 7 -6 -7 8 9 11 -11 12 13 16 -14 -16 20 -18 19 -19 22 -13 23 24 -1 26 27 -25 -29 -26
right_child=1 -3 -4 -5 5 6 -8 -9 -10 10 -12 21 14 -15 15 -17 17 18 -20 -21 -22 -23 -24 25 29 -27 -28 28 -30 -31
leaf_value=-8.3881635469756601e-06 -0.00048479071414488464 -0.0035379259985907439 0.0025509284881991335 -0.0041700843059169577 0.0058725287250819659 -0.0016666117792901319 0.0029837045170690701 -0.0027818680822747411 0.0019644981968615738 -0.0067072354257106783 0.00092599753342154957 -0.00032453208378600807 0.00082383461139055305 0.0044938295419948799 -0.007198319832483928 -0.0011835689028806013 -0.0039882951408564569 0.0035083417198620739 -0.0038540144699668005 -0.0028471007693691981 0.0029707266793896755 0.0037320019343767214 0.0024498826175978461 0.0021591101403293368 0.0008331192107024518 0.0026371671862545471 -0.0057507312138720106 -0.0061630827204013873 0.00092869045435112316 0.0056488358660748139
leaf_weight=3589 57 26 32 21 21 39 23 32 35 22 27 22 34 24 21 23 31 32 22 21 30 37 37 34 22 21 24 30 22 38
leaf_count=3589 57 26 32 21 21 39 23 32 35 22 27 22 34 24 21 23 31 32 22 21 30 37 37 34 22 21 24 30 22 38
internal_value=-1.18222e-12 -0.000923244 -0.000305228 -0.00147699 2.91123e-05 0.00152952 5.85056e-05 -3.28427e-07 2.08744e-05 4.53353e-06 -0.00250117 3.43778e-05 2.58594e-06 4.04482e-05 -0.0019279 -0.00405425 1.34102e-05 -0.0014712 -0.000430807 0.000990148 5.43172e-05 0.0022194 3.13954e-05 7.7224e-06 5.55986e-05 -0.00132587 -0.00208245 -0.00105874 -0.00316272 0.00388307
internal_weight=4449 136 110 78 4313 83 62 4230 4198 4163 49 4114 4055 3977 78 44 3953 106 75 53 3847 59 3817 3780 3649 131 110 86 52 60
internal_count=4449 136 110 78 4313 83 62 4230 4198 4163 49 4114 4055 3977 78 44 3953 106 75 53 3847 59 3817 3780 3649 131 110 86 52 60
is_linear=0
shrinkage=0.1


Tree=52
num_leaves=31
num_cat=0
split_feature=7 5 5 5 1 4 3 1 1 3 3 9 8 8 5 7 7 4 4 7 7 6 1 4 10 3 5 4 4 9
split_gain=0.0112794 0.0311102 0.0557555 0.0253322 0.0345518 0.0237883 0.0341753 0.0221694 0.0363942 0.0178826 0.0319439 0.035401 0.0287925 0.0596688 0.0589383 0.04009 0.0664861 0.0448055 0.0661743 0.0505985 0.108545 0.0591638 0.0949243 0.108338 0.0468643 0.104351 0.102488 0.0776046 0.0815656 0.0541991
threshold=67525075.728750005 105216.50000000001 102421.00000000001 112916.00000000001 486.50000000000006 22333.000000000004 71766.500000000015 516.50000000000011 532.50000000000011 97805.000000000015 100183.00000000001 78143.750000000015 68727.250000000015 68487.125000000015 76470.500000000015 9668585.6075000018 11963616.007500002 65740.000000000015 64890.500000000007 24827484.743750002 21449011.477500003 80717.125000000015 527.50000000000011 67532.000000000015 77152.250000000015 89213.500000000015 83072.000000000015 63336.500000000007 61041.500000000007 74050.750000000015
decision_type=2 2 2 2 2 2 2 2 2 2 2 2 2 2 2 2 2 2 2 2 2 2 2 2 2 2 2 2 2 2
left_child=1 2 9 4 -3 -2 -7 -8 -9 12 11 -11 13 -1 -14 -16 -17 18 24 20 21 22 23 -19 26 27 29 28 -26 -18
right_child=5 3 -4 -5 -6 6 7 8 -10 10 -12 -13 14 -15 15 16 17 19 -20 -21 -22 -23 -24 -25 25 -27 -28 -29 -30 -31
leaf_value=0.00010497176897588414 0.0021267434911957633 0.0065985297644510863 -0.0045019957668921929 -0.00038556910585612063 0.0012673361369618967 -0.0044824820699258935 -0.00014708672713216705 -0.0040219074183302679 0.00016640257034894256 -0.00028240613949795569 0.00017810060040497315 0.0048839506591320976 -0.0056733832165429543 0.0052194825920235857 0.0035161655135452748 -0.006098938366076688 -0.0036751533362390054 0.00068680143837506575 -0.0053526740808806875 0.001932988826164921 -0.0056017706523250263 -0.0025885384100339643 -0.0020601355117456669 0.010521957091987133 0.00090069546235359418 -0.0050170168091661317 0.0045970616287862266 0.0051450486294925216 -0.0057095878125567531 0.0019528822923478271
leaf_weight=2772 36 20 27 28 31 21 540 41 42 21 142 36 22 23 25 21 44 24 34 136 35 35 29 21 56 62 45 24 28 28
leaf_count=2772 36 20 27 28 31 21 540 41 42 21 142 36 22 23 25 21 44 24 34 136 35 35 29 21 56 62 45 24 28 28
internal_value=5.32638e-12 6.76321e-05 2.55944e-05 0.00203117 0.003358 -0.000374861 -0.000514702 -0.000380957 -0.00190252 5.89673e-05 0.000980814 0.00298056 6.00905e-06 0.000147059 -0.00058328 -0.000410201 -0.000568013 -0.000374753 -0.00118116 0.000549736 -0.00075667 0.000799097 0.00240136 0.00527654 -0.000686974 -0.00174708 0.000853348 0.000130108 -0.00130273 -0.00148647
internal_weight=4449 3769 3690 79 51 680 644 623 83 3663 199 57 3464 2795 669 647 622 601 321 280 144 109 74 45 287 170 117 108 84 72
internal_count=4449 3769 3690 79 51 680 644 623 83 3663 199 57 3464 2795 669 647 622 601 321 280 144 109 74 45 287 170 117 108 84 72
is_linear=0
shrinkage=0.1


Tree=53
num_leaves=31
num_cat=0
split_feature=0 1 1 7 7 1 7 5 8 6 5 7 4 4 1 4 3 4 4 6 4 1 3 8 7 7 7 7 5 4
split_gain=0.010968 0.0250575 0.0565924 0.0347657 0.0547015 0.0262997 0.0261435 0.0239467 0.0341894 0.0228323 0.0450579 0.0306904 0.0554252 0.0227344 0.0215446 0.0298586 0.0419759 0.0200283 0.0474976 0.0316838 0.067135 0.0308231 0.0245535 0.0219195 0.0418731 0.0197662 0.0549959 0.0308697 0.0367403 0.0302962
threshold=21.500000000000004 581.50000000000011 575.50000000000011 25591506.063750003 7625399.4437500006 523.50000000000011 5413198.2875000015 53279.500000000007 49391.375000000007 53668.125000000007 60788.000000000007 11226131.750000002 58435.000000000007 56642.500000000007 539.50000000000011 55409.000000000007 83715.500000000015 76639.500000000015 72023.500000000015 77284.47500000002 63488.000000000007 634.50000000000011 94771.500000000015 59423.625000000007 16221477.307500001 8152216.0687500006 6707567.7687500007 5010813.0837500012 56082.000000000007 36083.500000000007
decision_type=2 2 2 2 2 2 2 2 2 2 2 2 2 2 2 2 2 2 2 2 2 2 2 2 2 2 2 2 2 2
left_child=14 2 3 4 -2 -5 -3 -8 -9 -10 -11 12 -12 -7 25 -16 -17 18 19 20 21 -13 -21 -23 -25 26 27 -1 -29 -28
right_child=1 6 -4 5 -6 13 7 8 9 10 11 17 -14 -15 15 16 -18 -19 -20 22 -22 23 -24 24 -26 -27 29 28 -30 -31
leaf_value=-0.001721236781558282 -0.0028750740202321185 0.0031427131034433842 0.0051311489223735407 0.0017201106529682875 0.0027929308808072369 -0.0048305247400310782 -0.0031875378303229812 0.0035884257308207456 -0.003351613942703063 0.0035652088954520877 -0.0058866127089668924 -0.00078562785107642418 0.00042151041328907012 -0.00062159050368901453 -0.0038317766958951126 0.0032324792880734261 -0.0025183387834113095 0.0026810325471720159 -0.0039309331005619418 0.0049055812203071337 -0.0049311142633087007 -0.0012179079211571001 0.00068696144334279708 0.0061733378141763662 0.00094976246422320094 1.5554254778371425e-05 -0.00085633764772311504 0.0038865440025213451 -0.0014333585515573977 -0.0055842281019343352
leaf_weight=43 21 25 32 24 90 21 25 25 22 32 26 125 30 33 36 22 30 26 31 22 28 22 37 21 57 3432 23 34 21 33
leaf_count=43 21 25 32 24 90 21 25 25 22 32 26 125 30 33 36 22 30 26 31 22 28 22 37 21 57 3432 23 34 21 33
internal_value=4.1726e-12 0.000341863 0.00124214 0.000583685 0.00172061 -0.00103424 -1.7273e-05 -0.000166611 -1.67631e-05 -0.000204925 -5.34437e-05 -0.000325907 -0.00250726 -0.0022584 -7.21132e-05 -0.00161795 -8.53004e-05 5.1387e-06 -0.000197699 0.000173232 -0.000313408 0.00026124 0.00226001 0.00156983 0.00235611 -3.41786e-05 -0.00114251 0.000286008 0.00185531 -0.00364242
internal_weight=4449 775 221 189 111 78 554 529 504 479 457 425 56 54 3674 88 52 369 343 312 253 225 59 100 78 3586 154 98 55 56
internal_count=4449 775 221 189 111 78 554 529 504 479 457 425 56 54 3674 88 52 369 343 312 253 225 59 100 78 3586 154 98 55 56
is_linear=0
shrinkage=0.1


Tree=54
num_leaves=31
num_cat=0
split_feature=1 1 1 7 0 1 1 6 4 1 8 7 5 1 1 9 4 3 5 3 9 9 4 4 4 10 4 3 6 9
split_gain=0.0103033 0.0454781 0.0195809 0.0276869 0.0118735 0.0186856 0.0241427 0.0341742 0.021614 0.0473133 0.0308856 0.0277664 0.036772 0.0500915 0.137306 0.0780417 0.129463 0.0267319 0.0579384 0.0410397 0.0265914 0.0816954 0.0730195 0.0521086 0.0426485 0.117225 0.0684051 0.0356552 0.0335821 0.033036
threshold=671.50000000000011 660.50000000000011 747.50000000000011 20565129.333750006 21.500000000000004 511.50000000000006 509.50000000000006 64464.850000000006 38664.500000000007 521.50000000000011 50205.125000000007 19095846.028750006 80942.500000000015 528.50000000000011 534.50000000000011 61589.000000000007 60334.000000000007 68970.500000000015 74660.000000000015 64309.000000000007 74493.750000000015 72517.500000000015 53383.000000000007 48743.000000000007 63488.000000000007 80406.500000000015 67680.000000000015 94167.500000000015 69474.950000000012 66739.500000000015
decision_type=2 2 2 2 2 2 2 2 2 2 2 2 2 2 2 2 2 2 2 2 2 2 2 2 2 2 2 2 2 2
left_child=1 4 3 -2 5 6 -1 -8 9 -7 -10 12 13 15 -15 -12 -17 19 -19 -13 21 22 23 -20 25 -22 -26 -28 29 -24
right_child=2 -3 -4 -5 -6 8 7 -9 10 -11 11 17 -14 14 -16 16 -18 18 20 -21 24 -23 28 -25 26 -27 27 -29 -30 -31
leaf_value=4.9931697573017015e-06 0.004356025957406081 -0.0038392433100530223 -0.00078994763379513816 5.7363712168749299e-05 0.00039967711730633915 -0.0062794995680451396 -0.00043319406520043102 0.0052717944695836027 0.0025724997405301444 0.0003708854813695602 0.0042131912160777683 0.00068250715064451743 -0.0055135451172563165 -0.0099880451196804644 0.00051245457901986262 -0.0076128640635447073 0.0033642177270459279 0.0039525234761337439 0.0011231483102006757 -0.0051706320438534023 0.0077252286199766861 -0.005976233477222509 0.0029800503603404482 -0.0048503795807482673 -0.0043354145280318336 -0.0019665357035895188 0.0039330834217754934 -0.00054419520007365429 0.0043324606069786989 -0.0025058354463671217
leaf_weight=2995 29 31 37 31 647 20 21 21 33 23 33 23 22 20 33 22 21 36 23 25 26 29 21 40 32 24 29 46 33 23
leaf_count=2995 29 31 37 31 647 20 21 21 33 23 33 23 22 20 33 22 21 36 23 25 26 29 21 40 32 24 29 46 33 23
internal_value=-3.3389e-12 -2.27194e-05 0.00101933 0.00213505 4.66132e-06 -6.49019e-05 3.83817e-05 0.0024193 -0.000557323 -0.00272232 -0.000400598 -0.000575486 -0.00173475 -0.0010903 -0.00345 0.000555275 -0.00225196 -0.000148538 0.000145491 -0.002366 -0.000274918 -0.00114542 -0.000144748 -0.00266957 0.000662116 0.00307318 -0.00046455 0.00118702 0.00192101 0.000112428
internal_weight=4449 4352 97 60 4321 3674 3037 42 637 43 594 561 151 129 53 76 43 410 362 48 326 169 140 63 157 50 107 75 77 44
internal_count=4449 4352 97 60 4321 3674 3037 42 637 43 594 561 151 129 53 76 43 410 362 48 326 169 140 63 157 50 107 75 77 44
is_linear=0
shrinkage=0.1


Tree=55
num_leaves=31
num_cat=0
split_feature=5 3 1 8 1 10 1 6 9 5 5 5 3 6 9 10 3 7 10 9 9 3 8 9 9 4 3 1 8 4
split_gain=0.00983425 0.017531 0.0104939 0.0165568 0.0143772 0.0137633 0.0575413 0.0516869 0.0165172 0.0176088 0.0304715 0.0254594 0.0144545 0.0933324 0.0494856 0.0797297 0.0603852 0.0517972 0.0634 0.0852393 0.0683642 0.0456166 0.0437116 0.0561785 0.0955303 0.0436741 0.0412446 0.0984035 0.0582931 0.0401246
threshold=38309.000000000007 37845.000000000007 354.50000000000006 62265.250000000007 363.50000000000006 39845.375000000007 446.50000000000006 39616.875000000007 40962.500000000007 46783.500000000007 47851.500000000007 49576.000000000007 68970.500000000015 69206.425000000003 67196.500000000015 70864.750000000015 67486.500000000015 38389434.978750013 63319.000000000007 57892.750000000007 54709.250000000007 66517.500000000015 62037.625000000007 62761.750000000007 61856.500000000007 52167.500000000007 70870.500000000015 512.50000000000011 59423.625000000007 50873.000000000007
decision_type=2 2 2 2 2 2 2 2 2 2 2 2 2 2 2 2 2 2 2 2 2 2 2 2 2 2 2 2 2 2
left_child=-1 -2 3 -3 -4 6 -6 -7 -9 -10 -11 -12 13 14 16 -16 21 18 19 20 -18 22 23 24 25 29 27 28 -14 -13
right_child=1 2 4 -5 5 7 -8 8 9 10 11 12 26 -15 15 -17 17 -19 -20 -21 -22 -23 -24 -25 -26 -27 -28 -29 -30 -31
leaf_value=0.0013412880801802708 -0.0027117912191897634 0.00029226548795122656 -0.0023265998403076082 0.0032278280183672906 0.0013299191370606423 0.003734377704283877 -0.0040011001704260713 -0.0022481935197543918 0.0022986833267196112 -0.0036501813133287689 0.0026474613327688232 -0.00011895194964918667 0.0016214615958806589 -0.0064766878417382642 0.0077440681541338574 -0.0011850784480338917 -0.0066633443441241978 0.0017833184481234007 0.00026697421756883465 -0.010169263485738118 0.0016049193777143958 0.0022637509221497638 -0.0039424460050800159 0.0038655929267406466 -0.0066377868713892027 0.00384890142897213 8.7652052439208053e-06 0.0052395834345728733 -0.003208202283406679 -0.0041040932902922994
leaf_weight=54 24 83 27 25 41 37 40 33 33 23 36 894 73 24 20 20 20 23 30 23 20 78 31 34 23 27 2537 52 38 26
leaf_count=54 24 83 27 25 41 37 40 33 33 23 36 894 73 24 20 20 20 23 30 23 20 78 31 34 23 27 2537 52 38 26
internal_value=-2.20834e-12 -1.648e-05 -1.68075e-06 0.000971794 -2.6343e-05 -1.16813e-05 -0.00130268 1.34862e-05 -1.99458e-05 -1.94526e-06 -2.06819e-05 3.7537e-08 -2.3831e-05 -0.000298769 -0.000181929 0.00327949 -0.000294587 -0.00246583 -0.00351669 -0.00531844 -0.00252921 -6.82941e-05 -0.000244042 -0.000129849 -0.000269895 -0.000115237 0.000107834 0.00164978 -3.19368e-05 -0.000231576
internal_weight=4449 4395 4371 108 4263 4236 81 4155 4118 4085 4052 4029 3993 1293 1269 40 1229 116 93 63 40 1113 1035 1004 970 947 2700 163 111 920
internal_count=4449 4395 4371 108 4263 4236 81 4155 4118 4085 4052 4029 3993 1293 1269 40 1229 116 93 63 40 1113 1035 1004 970 947 2700 163 111 920
is_linear=0
shrinkage=0.1


Tree=56
num_leaves=31
num_cat=0
split_feature=7 3 1 10 10 9 1 3 9 7 6 1 7 1 10 7 8 1 5 10 4 4 4 7 7 7 3 3 4 3
split_gain=0.00978439 0.0113824 0.0385473 0.0196233 0.0450075 0.0312391 0.0534711 0.0355478 0.0163563 0.0673034 0.0530297 0.0469855 0.0580217 0.0681067 0.039192 0.0378906 0.0284397 0.0407903 0.0677819 0.0243918 0.0204901 0.0715864 0.0501111 0.0301185 0.0663091 0.0632751 0.0284097 0.0454845 0.0189343 0.0762591
threshold=295057980.56875008 130052.00000000001 502.50000000000006 100633.12500000001 97712.000000000015 89845.000000000015 472.50000000000006 106925.50000000001 83949.000000000015 17738326.188750003 83504.025000000009 448.50000000000006 47653735.007500015 502.50000000000006 86428.875000000015 65056195.368750013 78382.000000000015 497.50000000000006 87695.500000000015 85001.250000000015 67250.000000000015 68046.000000000015 65975.500000000015 13646654.497500001 18017019.415000003 24940151.483750004 86630.000000000015 96708.000000000015 64700.000000000007 77010.000000000015
decision_type=2 2 2 2 2 2 2 2 2 2 2 2 2 2 2 2 2 2 2 2 2 2 2 2 2 2 2 2 2 2
left_child=1 3 -3 4 5 8 -7 -8 14 -10 -11 -12 13 -13 16 -14 19 -18 -19 20 22 -22 28 -23 -25 -26 -24 -28 -1 -30
right_child=-2 2 -4 -5 -6 6 7 -9 9 10 11 12 15 -15 -16 -17 17 18 -20 -21 21 23 26 24 25 -27 27 -29 29 -31
leaf_value=5.2241206470777667e-05 -0.0016899018950746669 0.0043665646873414518 -0.00083919363819542491 -0.0022385757464246873 0.0038112758613762358 -0.0055925345104360195 0.0019729015533812345 -0.003322019574642625 0.0062664894475823359 0.0047465006011011808 0.0035521773975342517 -0.0076755981872101203 0.0040784595359582452 -0.00084637711261166266 -0.0030218290376238699 -0.00097161937051285549 -0.0055555221492382279 -0.0046969372266903522 0.0030465055543642781 0.0027983624699118082 -0.0053154386017922666 -0.0028321708910740342 0.00046203656079755594 0.0058910551070723502 -0.0052013731002807616 0.0018495968616999954 0.0078168749262113122 0.0011534245030599692 0.0034201876148986427 -0.003352255722663055
leaf_weight=3578 34 25 33 39 31 27 32 21 21 23 25 23 24 40 43 39 22 20 26 32 32 26 33 21 20 35 20 21 23 60
leaf_count=3578 34 25 33 39 31 27 32 21 21 23 25 23 24 40 43 39 22 20 26 32 32 26 33 21 20 35 20 21 23 60
internal_value=5.17649e-12 1.3014e-05 0.00140467 -5.5116e-06 1.46573e-05 -1.27966e-05 -0.00197035 -0.000125086 2.44281e-05 0.000918801 0.000273391 -0.000407944 -0.00119368 -0.00333958 -1.90422e-05 0.00095222 1.34899e-05 -0.00201399 -0.000320209 4.88317e-05 2.60907e-05 -0.00118888 6.968e-05 0.000105727 0.0011108 -0.000714392 0.00264604 0.00440389 1.76039e-05 -0.00147555
internal_weight=4449 4415 58 4357 4318 4287 80 53 4207 195 174 151 126 63 4012 63 3969 68 46 3901 3869 134 3735 102 76 55 74 41 3661 83
internal_count=4449 4415 58 4357 4318 4287 80 53 4207 195 174 151 126 63 4012 63 3969 68 46 3901 3869 134 3735 102 76 55 74 41 3661 83
is_linear=0
shrinkage=0.1


Tree=57
num_leaves=31
num_cat=0
split_feature=10 9 8 1 4 6 1 1 8 8 9 9 4 4 4 8 4 9 3 4 4 4 9 4 5 1 7 8 7 9
split_gain=0.0101019 0.019931 0.0620842 0.0576805 0.0143817 0.0206373 0.041344 0.0276123 0.0248511 0.0296619 0.0270935 0.0256141 0.0224087 0.0417429 0.019951 0.0355998 0.0349938 0.0567405 0.0423715 0.0218856 0.0162774 0.0549242 0.0360906 0.0359017 0.0398282 0.0311146 0.0439547 0.0466772 0.0457333 0.0276005
threshold=108464.00000000001 95617.500000000015 89692.625000000015 503.50000000000006 78898.000000000015 88151.200000000012 465.50000000000006 502.50000000000006 82476.625000000015 81695.125000000015 84971.000000000015 86617.500000000015 74384.500000000015 68899.500000000015 73980.500000000015 78074.000000000015 69241.500000000015 82755.750000000015 97152.500000000015 70800.000000000015 67000.500000000015 65562.500000000015 74923.500000000015 64700.000000000007 89301.500000000015 626.50000000000011 26931519.307500001 74077.250000000015 19433532.347500004 78593.250000000015
decision_type=2 2 2 2 2 2 2 2 2 2 2 2 2 2 2 2 2 2 2 2 2 2 2 2 2 2 2 2 2 2
left_child=1 2 4 -3 5 8 -7 -8 9 10 14 -12 13 -10 15 19 17 -17 -18 20 21 23 -23 -1 -25 26 28 -28 -22 -24
right_child=-2 3 -4 -5 -6 6 7 -9 12 -11 11 -13 -14 -15 -16 16 18 -19 -20 -21 25 22 29 24 -26 -27 27 -29 -30 -31
leaf_value=2.2758998584225859e-05 -0.0017431228679814729 0.005175542192799705 -0.005571666010073386 -0.00084023151634814771 0.0020316061037426282 -0.0050705715703467527 0.0024306342956454804 -0.0022311123480364954 0.00018757167825242505 -0.0031369336030911653 0.005012108154949688 0.00018160951971683814 -0.00061596807402869067 0.0066484454058809211 0.0030666447998512359 -0.0027592134184056994 -0.0065287474354800701 0.0031142374548804148 -0.00081968166990778772 0.002632373723827186 -0.0013138856645673515 -0.00052116300372792221 0.0055216942838317642 -0.00030228490094569597 -0.0057231515767457693 0.0024712489119597843 0.004165442119701766 -0.0018598754684919388 -0.0069815313230113434 0.0014013757575945607
leaf_weight=3627 33 28 20 37 35 24 24 27 20 30 21 23 21 20 21 38 26 29 26 32 35 29 37 33 23 21 20 36 24 29
leaf_count=3627 33 28 20 37 35 24 24 27 20 30 21 23 21 20 21 38 26 29 26 32 35 29 37 33 23 21 20 36 24 29
internal_value=1.67196e-13 1.30261e-05 -1.29404e-05 0.00175118 1.27291e-05 -3.71891e-06 -0.00164798 -3.73492e-05 2.54968e-05 -3.88532e-06 1.88729e-05 0.00248707 0.00202926 0.00341801 -7.70588e-06 -2.35881e-05 -0.0017277 -0.000216973 -0.00367421 2.7803e-05 6.5086e-06 4.52006e-05 0.00241925 -1.60361e-05 -0.00252871 -0.00106833 -0.00171469 0.000292024 -0.00361937 0.00371125
internal_weight=4449 4416 4351 65 4331 4296 75 51 4221 4160 4130 44 61 40 4086 4065 119 67 52 3946 3914 3778 95 3683 56 136 115 56 59 66
internal_count=4449 4416 4351 65 4331 4296 75 51 4221 4160 4130 44 61 40 4086 4065 119 67 52 3946 3914 3778 95 3683 56 136 115 56 59 66
is_linear=0
shrinkage=0.1


Tree=58
num_leaves=31
num_cat=0
split_feature=4 8 7 7 1 1 8 3 4 6 10 10 10 6 9 4 3 3 3 4 7 4 8 3 7 9 8 10 9 1
split_gain=0.00879155 0.0184025 0.0159155 0.01422 0.0184156 0.0262827 0.0145062 0.0138623 0.0166032 0.015961 0.0325779 0.0233397 0.0402521 0.0569771 0.072469 0.0338836 0.0253831 0.0527366 0.0313851 0.0294117 0.0244855 0.02598 0.0209191 0.0480333 0.0209162 0.0479087 0.0427764 0.0709818 0.0327485 0.0297475
threshold=22333.000000000004 48665.000000000007 28838030.035000008 153087740.13875005 458.50000000000006 501.50000000000006 63264.250000000007 130052.00000000001 83238.000000000015 95772.925000000017 97712.000000000015 90556.250000000015 88667.750000000015 84220.275000000009 84216.500000000015 69721.500000000015 114089.00000000001 111916.50000000001 104314.50000000001 72023.500000000015 29085551.178750005 68046.000000000015 83854.625000000015 109019.50000000001 75666185.603750005 75601.250000000015 57850.625000000007 62780.625000000007 67634.750000000015 476.50000000000006
decision_type=2 2 2 2 2 2 2 2 2 2 2 2 2 2 2 2 2 2 2 2 2 2 2 2 2 2 2 2 2 2
left_child=1 2 -1 7 6 -6 -5 9 -9 10 11 12 13 14 16 -14 17 18 19 24 -13 -22 -23 -24 -2 26 27 29 -28 -26
right_child=3 -3 -4 4 5 -7 -8 8 -10 -11 -12 20 15 -15 -16 -17 -18 -19 -20 -21 21 22 23 -25 25 -27 28 -29 -30 -31
leaf_value=0.0016948364806868247 4.0678746773857825e-05 0.003492274395698174 -0.0013649161788634957 -0.0016450691114490231 -0.0046744095385764482 -1.8118309195746075e-05 0.0011716555463286435 0.003556038225118149 -0.00024723636452108624 -0.0020219465672898177 0.0034100239967561462 -0.0036227841512300077 -0.00015386960093075267 -0.0039136935428187658 0.005191864832131951 0.0046119688557726994 0.002673789823893458 -0.0051530757732689385 0.0020071578419638652 -0.0033341074552111051 -0.0034897929692701644 -0.0021463467079835636 0.0040124379413863341 -0.0018789052180945875 0.0011444441974163056 -0.0041333337911428547 0.0034028475961767491 -0.0070507667736992956 -0.00020955788010420899 -0.0035237184446305042
leaf_weight=34 3465 22 34 33 27 22 41 24 22 39 28 34 26 37 27 35 35 20 76 27 23 24 31 25 43 39 37 21 78 20
leaf_count=34 3465 22 34 33 27 22 41 24 22 39 28 34 26 37 27 35 35 20 76 27 23 24 31 25 43 39 37 21 78 20
internal_value=-2.23111e-12 0.000978304 0.00016496 -2.0199e-05 -0.00108014 -0.00258383 -8.44514e-05 1.05783e-05 0.00173708 -8.37613e-06 1.0542e-05 -1.25444e-05 3.15651e-05 -8.0509e-06 2.9117e-05 0.00258063 -6.98613e-06 -3.15097e-05 -4.59658e-06 -4.55868e-05 -0.00129591 -0.000527812 0.000323758 0.00138237 -2.16089e-05 -0.000928443 -0.000300349 -0.00201583 0.000952694 -0.000337512
internal_weight=4449 90 68 4359 123 49 74 4236 46 4190 4151 4123 3986 3925 3888 61 3861 3826 3806 3730 137 103 80 56 3703 238 199 84 115 63
internal_count=4449 90 68 4359 123 49 74 4236 46 4190 4151 4123 3986 3925 3888 61 3861 3826 3806 3730 137 103 80 56 3703 238 199 84 115 63
is_linear=0
shrinkage=0.1


Tree=59
num_leaves=31
num_cat=0
split_feature=0 3 1 8 3 7 7 7 7 1 4 9 8 5 1 7 4 7 8 5 3 4 5 1 7 7 1 8 8 4
split_gain=0.0085516 0.0331177 0.0186166 0.0232532 0.0584755 0.0235602 0.0152251 0.0451184 0.0269028 0.0542998 0.044707 0.0630784 0.0519127 0.0379221 0.0353443 0.0159305 0.033827 0.0221137 0.0410686 0.0201961 0.022375 0.0317886 0.022827 0.0493708 0.0168458 0.0526365 0.0762567 0.0552051 0.0485004 0.0456148
threshold=26.500000000000004 78468.000000000015 635.50000000000011 59423.625000000007 82705.500000000015 20417209.068750005 7962613.7937500002 8564092.2700000014 6707567.7687500007 533.50000000000011 40827.500000000007 50903.500000000007 52710.500000000007 40099.000000000007 460.50000000000006 9063844.4375000019 43047.000000000007 9668585.6075000018 50379.125000000007 42629.500000000007 43818.000000000007 31246.500000000004 48519.500000000007 458.50000000000006 15396976.467500003 17126019.723750003 532.50000000000011 65230.750000000007 58220.500000000007 67000.500000000015
decision_type=2 2 2 2 2 2 2 2 2 2 2 2 2 2 2 2 2 2 2 2 2 2 2 2 2 2 2 2 2 2
left_child=2 -2 6 -4 -5 -6 8 -8 10 14 13 -12 -13 -1 -10 16 -9 18 -17 -19 21 -21 23 -22 29 26 27 28 -26 -24
right_child=1 -3 3 4 5 -7 7 15 9 -11 11 12 -14 -15 -16 17 -18 19 -20 20 22 -23 24 -25 25 -27 -28 -29 -30 -31
leaf_value=-0.00033166999097115229 -0.002050914314808324 0.0022919244693308059 -0.0030486916265958413 0.0030230591136829132 -0.00012028803672258031 -0.0038163645309396092 0.0031425367713846424 -0.0049364418443292382 -0.0018482084311544898 0.001748169551137835 -0.0057988636431067185 0.0044269199809059507 -0.0018128331465413795 0.0049720105115109341 -0.0074131293976235956 -0.00067674365174025296 0.00033853790993171356 0.0022029161686077715 0.0051145754482907558 -0.0050484770620685257 -0.00060332782587566827 0.00045378624151150391 -0.00028060401906326572 0.0042577901532730228 0.0030391243462473518 -2.4499629101422855e-05 -0.0022987925048385347 0.0072927252214867629 -0.0024531348049640655 -0.0038941018124061979
leaf_weight=28 25 59 44 35 34 35 47 20 25 21 24 20 40 26 21 25 31 42 24 21 45 21 433 39 82 3065 35 24 20 38
leaf_count=28 25 59 44 35 34 35 47 20 25 21 24 20 40 26 21 25 31 42 24 21 45 21 433 39 82 3065 35 24 20 38
internal_value=-4.26185e-12 0.000999413 -1.92327e-05 -0.00112161 -0.000306303 -0.00199511 1.94563e-05 6.24075e-05 -0.000821129 -0.00246521 -2.29141e-05 -0.00146604 0.000267085 0.00222195 -0.00438872 2.58965e-05 -0.00173008 4.87771e-05 0.00215982 2.20136e-05 -1.94613e-06 -0.00229735 2.35516e-05 0.00165362 -1.34854e-05 6.80787e-05 0.00183052 0.00297755 0.00196221 -0.000572139
internal_weight=4449 84 4365 148 104 69 4217 4012 205 67 138 84 60 54 46 3965 51 3914 49 3865 3823 42 3781 84 3697 3226 161 126 102 471
internal_count=4449 84 4365 148 104 69 4217 4012 205 67 138 84 60 54 46 3965 51 3914 49 3865 3823 42 3781 84 3697 3226 161 126 102 471
is_linear=0
shrinkage=0.1


Tree=60
num_leaves=31
num_cat=0
split_feature=10 9 8 1 4 6 1 1 8 8 9 9 4 8 9 9 4 4 10 4 4 3 7 3 4 1 7 4 5 4
split_gain=0.00774159 0.0167118 0.050256 0.0469118 0.0118706 0.0164588 0.0347592 0.0229449 0.0198833 0.0224579 0.0214211 0.0194769 0.0170882 0.0215921 0.0268832 0.0450894 0.0415914 0.0191645 0.0149709 0.0154417 0.0409166 0.0648541 0.0737325 0.040191 0.034241 0.0539742 0.0493469 0.0269454 0.0315634 0.0239836
threshold=108464.00000000001 95617.500000000015 89692.625000000015 503.50000000000006 78898.000000000015 88151.200000000012 465.50000000000006 502.50000000000006 82476.625000000015 81695.125000000015 85383.500000000015 86948.000000000015 73980.500000000015 78074.000000000015 82755.750000000015 81707.750000000015 66616.500000000015 70800.000000000015 86724.250000000015 67250.000000000015 65562.500000000015 88295.000000000015 13809542.043750003 96708.000000000015 68046.000000000015 460.50000000000006 24940151.483750004 64700.000000000007 89301.500000000015 64307.500000000007
decision_type=2 2 2 2 2 2 2 2 2 2 2 2 2 2 2 2 2 2 2 2 2 2 2 2 2 2 2 2 2 2
left_child=1 2 4 -3 5 8 -7 -8 9 10 12 -10 13 17 15 -15 -16 18 19 20 27 22 -22 -23 -21 -26 -27 29 -29 -1
right_child=-2 3 -4 -5 -6 6 7 -9 11 -11 -12 -13 -14 14 16 -17 -18 -19 -20 24 21 23 -24 -25 25 26 -28 28 -30 -31
leaf_value=4.6780070672181612e-06 -0.0015259542086189896 0.0046912111175645681 -0.0050136232934892182 -0.00073401469900902065 0.0018448911588971639 -0.0046108407133336497 0.0022539403376867994 -0.0019955858329517976 -0.00056492043129930444 -0.0027305789377229908 0.0024788099514054403 0.0031562656879078792 0.0028395929418149452 0.00024987180485964175 0.0036862470558844508 -0.0050164723768830301 -0.001751548807638196 0.0024582500340329717 -0.002542743451245453 -0.0036811625080493595 0.0043318351630053566 0.0079842698139448963 -0.0032045241746613213 0.0021512501717855532 -0.0043700312777045407 -0.00052331128816415632 0.0054377585427746889 -0.00029240472058793813 -0.0052517264150083072 0.0027129409566634534
leaf_weight=3583 33 28 20 37 35 24 24 27 22 30 35 39 21 29 22 37 39 32 23 36 21 21 34 27 21 41 21 33 21 33
leaf_count=3583 33 28 20 37 35 24 24 27 22 30 35 39 21 29 22 37 39 32 23 36 21 21 34 27 21 41 21 33 21 33
internal_value=-9.15055e-13 1.14032e-05 -1.23739e-05 0.00160301 1.07212e-05 -4.22198e-06 -0.00147262 4.19119e-06 2.18689e-05 -4.41281e-06 1.53898e-05 0.0018142 -5.66502e-06 -2.03313e-05 -0.00130375 -0.00270247 0.000209623 2.09644e-05 1.04277e-06 1.60754e-05 5.145e-05 0.00201717 -0.000327005 0.0047032 -0.00110551 1.16447e-05 0.00149576 -3.7186e-06 -0.00222103 2.93939e-05
internal_weight=4449 4416 4351 65 4331 4296 75 51 4221 4160 4130 61 4095 4074 127 66 61 3947 3915 3892 3773 103 55 48 119 83 62 3670 54 3616
internal_count=4449 4416 4351 65 4331 4296 75 51 4221 4160 4130 61 4095 4074 127 66 61 3947 3915 3892 3773 103 55 48 119 83 62 3670 54 3616
is_linear=0
shrinkage=0.1


Tree=61
num_leaves=31
num_cat=0
split_feature=1 1 10 10 8 10 7 5 9 4 7 4 3 7 8 9 1 8 10 7 8 9 8 1 1 8 9 4 8 5
split_gain=0.00750841 0.0207498 0.0170594 0.0317629 0.035321 0.0202007 0.095123 0.0500275 0.0456367 0.0823212 0.0472865 0.045136 0.0314396 0.0372097 0.0301424 0.0669343 0.0955856 0.046599 0.0639574 0.0480334 0.129486 0.0660405 0.0411972 0.0388719 0.0615719 0.0580393 0.0534243 0.0437942 0.0553044 0.0372395
threshold=483.50000000000006 482.50000000000006 43473.250000000007 45856.250000000007 43110.250000000007 54293.625000000007 34441350.040000007 56859.500000000007 50903.500000000007 41363.500000000007 23576690.657500003 42248.000000000007 55132.500000000007 6341711.5687500015 58761.625000000007 61428.000000000007 503.50000000000006 60578.125000000007 64004.875000000007 10743778.403750002 69638.375000000015 64517.000000000007 61718.500000000007 504.50000000000006 492.50000000000006 55251.375000000007 55186.250000000007 51411.000000000007 56022.500000000007 69538.500000000015
decision_type=2 2 2 2 2 2 2 2 2 2 2 2 2 2 2 2 2 2 2 2 2 2 2 2 2 2 2 2 2 2
left_child=1 -1 -2 -4 -5 6 8 -7 9 10 -6 -11 -9 -14 15 23 -17 18 -16 20 -19 -21 -23 24 -15 26 -26 28 -25 -18
right_child=2 -3 3 4 5 7 -8 12 -10 11 -12 -13 13 14 17 16 29 19 -20 21 -22 22 -24 27 25 -27 -28 -29 -30 -31
leaf_value=9.7104070682896585e-05 -0.0021723504592955577 0.0027032061020896263 0.0031432074649880327 -0.0035405979057759399 0.0011451137195054198 -0.0042389270771915717 -0.0049761762889102105 -0.0034510266244719141 0.0038969929072556041 -0.0062271659635007382 0.0066706965987881027 -0.00024023919968920598 0.0031549572202909208 0.00090687682484866879 0.0013717246957479375 0.0085332071059383459 0.0033998314245684961 -0.0066612092128611709 -0.0037777139684634221 0.0037505505987527697 0.0021272490484019121 -0.0040564440190792089 -0.00010475449000150799 0.0011360238312045111 -0.0021245763603863969 0.00069445206497151116 -0.0085542144098629553 0.0042004812805151405 -0.0025014183067940867 -0.0025002412404865025
leaf_weight=2111 40 31 30 30 59 30 25 28 59 20 21 34 35 71 34 24 23 38 83 44 30 27 1152 185 28 26 24 33 54 20
leaf_count=2111 40 31 30 30 59 30 25 28 59 20 21 34 35 71 34 24 23 38 83 44 30 27 1152 185 28 26 24 33 54 20
internal_value=4.09816e-12 0.000134821 -0.000125178 -8.90569e-05 -0.000132404 -8.60763e-05 0.000827766 -0.000186236 0.00157957 0.000559216 0.00259558 -0.00245762 -0.000124173 -7.59331e-05 -0.000135575 0.000541694 0.00347744 -0.00037031 -0.0022813 -0.000197123 -0.00278395 -5.32927e-05 -0.000195251 7.44856e-05 -0.00122379 -0.00316325 -0.0050921 0.000785675 0.000314175 0.000655612
internal_weight=4449 2142 2307 2267 2237 2207 218 1989 193 134 80 54 1959 1931 1896 488 67 1408 117 1291 68 1223 1179 421 149 78 52 272 239 43
internal_count=4449 2142 2307 2267 2237 2207 218 1989 193 134 80 54 1959 1931 1896 488 67 1408 117 1291 68 1223 1179 421 149 78 52 272 239 43
is_linear=0
shrinkage=0.1


Tree=62
num_leaves=31
num_cat=0
split_feature=7 3 3 10 1 1 10 9 10 10 9 4 8 6 4 6 6 7 7 8 3 3 7 10 10 7 8 6 4 10
split_gain=0.00744075 0.0116626 0.0294388 0.0247305 0.0195182 0.027668 0.0388226 0.0344999 0.0499484 0.019327 0.0319712 0.0430749 0.0305361 0.0242565 0.0334399 0.0281974 0.0457134 0.0220635 0.033645 0.0337319 0.0193919 0.0484788 0.041043 0.0527671 0.127981 0.0465484 0.0350576 0.0455232 0.0336947 0.0374408
threshold=295057980.56875008 113185.00000000001 111916.50000000001 77949.250000000015 608.50000000000011 461.50000000000006 93161.875000000015 101024.75000000001 97712.000000000015 90556.250000000015 83049.000000000015 71613.000000000015 82476.625000000015 82739.950000000026 67680.000000000015 83774.150000000009 84925.175000000017 29271079.888750006 44710808.77875001 85631.875000000015 93740.000000000015 93104.500000000015 47170225.93500001 73489.500000000015 74978.375000000015 41645032.54375001 73139.750000000015 69763.875000000015 53777.500000000007 77630.125000000015
decision_type=2 2 2 2 2 2 2 2 2 2 2 2 2 2 2 2 2 2 2 2 2 2 2 2 2 2 2 2 2 2
left_child=1 2 9 -3 5 6 -5 8 -7 10 11 20 -11 -12 -15 -16 -17 -14 -19 -20 21 -1 25 -24 -25 26 27 -22 -26 -30
right_child=-2 3 -4 4 -6 7 -8 -9 -10 12 13 -13 17 14 15 16 -18 18 19 -21 22 -23 23 24 28 -27 -28 -29 29 -31
leaf_value=-2.9502499293876795e-05 -0.0014736793517573354 0.0036263681733264374 -0.0030464077978649587 -0.00047073603038572608 0.0031988549143231165 -0.0015449662378523498 0.0053421811433508994 -0.0040037983476563744 0.0035700558684766295 -0.0044055441530266156 0.004574882683598183 -0.0039952850900590422 -0.0025780859908887321 -0.0019893311630484875 -0.0012712056925963788 0.0061076111926619582 0.00078227383579360327 0.0029438582663715352 0.0017636412654870324 -0.0035801531486665938 0.0029055995135422565 -0.0042834087128371555 0.0021513449141777876 -0.0082206773261229212 0.0033585614524781707 0.0064375556920739738 0.0033667341955671351 -0.0034952525359112775 0.0022895303832936205 -0.0013946495655052446
leaf_weight=3448 34 26 32 27 21 60 20 27 28 24 22 27 35 29 21 27 40 32 21 27 20 27 84 21 26 22 42 25 36 118
leaf_count=3448 34 26 32 27 21 60 20 27 28 24 22 27 35 29 21 27 40 32 21 27 20 27 84 21 26 22 42 25 36 118
internal_value=4.69722e-12 1.13488e-05 -2.48814e-05 0.000740461 0.000330441 -4.13902e-05 0.00200285 -0.000876861 8.25408e-05 -1.71685e-06 3.82216e-05 -1.49471e-05 -0.00116108 0.00152847 0.000955646 0.00192615 0.00292831 -0.000483976 0.000432197 -0.00124224 1.28299e-05 -6.25544e-05 0.000677704 4.65116e-05 -0.00083312 0.00232807 0.00128889 -0.000650429 2.87613e-05 -0.000533413
internal_weight=4449 4415 4206 209 183 162 47 115 88 4174 4035 3896 139 139 117 88 67 115 80 48 3869 3475 394 285 201 109 87 45 180 154
internal_count=4449 4415 4206 209 183 162 47 115 88 4174 4035 3896 139 139 117 88 67 115 80 48 3869 3475 394 285 201 109 87 45 180 154
is_linear=0
shrinkage=0.1


Tree=63
num_leaves=31
num_cat=0
split_feature=1 1 3 10 7 7 7 9 5 4 4 5 3 6 10 9 5 7 7 7 8 8 3 3 8 9 7 7 7 3
split_gain=0.00766589 0.031781 0.0161282 0.0299875 0.0110167 0.0381989 0.0343166 0.0390593 0.0384421 0.0267923 0.0533408 0.0352373 0.0137403 0.0104508 0.0471599 0.0469458 0.062101 0.0509633 0.0354653 0.0333495 0.0391767 0.0366679 0.0324238 0.0298632 0.0278134 0.0495846 0.0275692 0.0739101 0.032318 0.0273048
threshold=671.50000000000011 660.50000000000011 78314.500000000015 79429.875000000015 7962613.7937500002 8564092.2700000014 6341711.5687500015 53778.250000000007 47851.500000000007 48188.000000000007 40827.500000000007 40099.000000000007 61825.500000000007 63913.900000000001 68165.750000000015 65427.500000000007 70557.000000000015 11963616.007500002 13646654.497500001 74694391.638750017 60578.125000000007 62138.375000000007 66026.000000000015 77224.000000000015 61062.000000000007 64209.250000000007 15396976.467500003 16033799.345000001 14497707.575000001 76228.500000000015
decision_type=2 2 2 2 2 2 2 2 2 2 2 2 2 2 2 2 2 2 2 2 2 2 2 2 2 2 2 2 2 2
left_child=1 4 -2 -4 6 12 9 8 -8 10 11 -1 -6 14 24 19 -17 23 -19 20 -15 -22 -20 -18 29 -26 28 -28 -24 -7
right_child=2 -3 3 -5 5 13 7 -9 -10 -11 -12 -13 -14 15 -16 16 17 18 22 -21 21 -23 26 -25 25 -27 27 -29 -30 -31
leaf_value=-0.00098172140112313044 -0.0010477692152683934 -0.0032100357633504657 0.0037052718204601356 -0.00053774876099440356 0.0012403787460733349 -0.00010616106276892762 -0.0028534704950288871 -0.0050061680638464169 0.0025062954756836205 0.0024527757607468565 -0.0035389939511849267 0.0042400554443399107 0.0045957860061088983 -0.0069715701886230996 0.0048792644603444001 0.0042532407745690731 -0.0052438978540400669 0.0030762681530581582 -0.0029089386021951217 0.0011212038193744694 0.001143930008655171 -0.004125883564472221 2.6743527015914088e-05 -0.00061353701525009594 0.0053783307714318791 -0.00074013660420090542 0.005929968785494566 -3.9755296663513255e-05 -0.0054696451233758126 0.00090633321038229931
leaf_weight=28 30 31 36 31 26 1667 32 32 23 41 37 24 23 21 21 33 30 36 40 22 23 31 23 26 27 26 21 1671 20 317
leaf_count=28 30 31 36 31 26 1667 32 32 23 41 37 24 23 21 21 33 30 36 40 22 23 31 23 26 27 26 21 1671 20 317
internal_value=3.56169e-12 -1.95971e-05 0.000879242 0.00174208 3.29198e-06 4.00083e-05 -0.000691104 -0.00222832 -0.000612114 0.000337647 -0.000636738 0.00142833 0.00281537 6.47131e-06 0.000164613 -0.000156501 -4.69492e-05 -0.000122957 -3.10831e-05 -0.00230236 -0.0033066 -0.00188133 -9.41054e-05 -0.00309409 0.000116008 0.00237682 -2.92101e-05 3.4337e-05 -0.00252972 5.56135e-05
internal_weight=4449 4352 97 67 4321 4104 217 87 55 130 89 52 49 4055 2058 1997 1900 1867 1811 97 75 54 1775 56 2037 53 1735 1692 43 1984
internal_count=4449 4352 97 67 4321 4104 217 87 55 130 89 52 49 4055 2058 1997 1900 1867 1811 97 75 54 1775 56 2037 53 1735 1692 43 1984
is_linear=0
shrinkage=0.1


Tree=64
num_leaves=31
num_cat=0
split_feature=7 7 10 10 8 10 7 1 10 4 9 8 5 5 3 5 5 7 7 7 3 7 5 7 7 7 1 6 1 6
split_gain=0.00814817 0.0288783 0.0205509 0.0126509 0.0318881 0.0265633 0.0258746 0.0180352 0.0160719 0.0108113 0.025011 0.020161 0.0157686 0.0398622 0.0200617 0.0444662 0.0226072 0.0207686 0.0128399 0.0137393 0.0253672 0.0480984 0.0354968 0.021715 0.0169471 0.0508337 0.042957 0.0355352 0.0310135 0.0942859
threshold=116786446.22750002 106347077.19375001 76497.250000000015 83196.375000000015 69638.375000000015 93161.875000000015 162941101.08000001 450.50000000000006 73218.125000000015 32182.500000000004 40962.500000000007 37221.375000000007 46783.500000000007 47851.500000000007 48580.000000000007 49576.000000000007 50297.500000000007 15122491.243750002 4757175.2775000008 7962613.7937500002 61525.500000000007 6042423.1687500002 66139.500000000015 9454169.4137500022 15396976.467500003 16648954.098750001 518.50000000000011 45885.30000000001 449.50000000000006 53808.55000000001
decision_type=2 2 2 2 2 2 2 2 2 2 2 2 2 2 2 2 2 2 2 2 2 2 2 2 2 2 2 2 2 2
left_child=1 9 -3 4 7 6 -5 -2 -9 -1 11 -11 -12 -14 15 -15 -16 -17 -18 20 21 -20 -22 -21 27 26 -26 -25 29 -29
right_child=3 2 -4 5 -6 -7 -8 8 -10 10 12 -13 13 14 16 17 18 -19 19 23 22 -23 -24 24 25 -27 -28 28 -30 -31
leaf_value=0.00054513325028930507 0.00059388014006203627 0.00026697460756016278 0.0042887078589518316 -0.0059477631747722626 0.0034755476750433448 0.00027195601604687863 -0.00092197785686169351 -0.00056177124167112883 -0.0038844815271052847 -0.00017589632466080644 0.0026513359594074162 -0.0044614692643770706 -0.004378377167241914 0.0052711265839879284 -0.0029802396356199798 -0.0017058003453227382 0.0021121732524729203 0.0024543893919326369 0.00050092912481530859 0.0014566444393219146 0.0031086777411401274 -0.0057769500395247284 -0.0018550896537764109 0.0033492047974670474 0.0036025520905645357 -3.8108346466825683e-05 -0.00036345619062723764 -0.0077358399023069076 -0.00046091603232717172 0.00040200985302882536
leaf_weight=337 58 24 27 20 22 39 21 37 24 21 22 23 21 23 26 30 28 20 23 99 25 26 34 22 72 2799 44 24 423 35
leaf_count=337 58 24 27 20 22 39 21 37 24 21 22 23 21 23 26 30 28 20 23 99 25 26 34 22 72 2799 44 24 423 35
internal_value=1.2108e-11 3.09405e-05 0.00239613 -0.00059193 -2.20283e-05 -0.00159638 -0.00337358 -0.000668639 -0.00186907 2.06226e-06 -4.55979e-05 -0.00241608 -1.81212e-05 -3.36825e-05 -9.37162e-06 0.00163219 -4.19352e-05 -4.17245e-05 -2.10277e-05 -3.75003e-05 -0.00114848 -0.00283019 0.000248202 -3.39414e-06 -4.56708e-05 4.69044e-05 0.0020982 -0.000581101 -0.000760492 -0.0029083
internal_weight=4449 4228 51 221 141 80 41 119 61 4177 3840 44 3796 3774 3753 73 3680 50 3654 3626 108 49 59 3518 3419 2915 116 504 482 59
internal_count=4449 4228 51 221 141 80 41 119 61 4177 3840 44 3796 3774 3753 73 3680 50 3654 3626 108 49 59 3518 3419 2915 116 504 482 59
is_linear=0
shrinkage=0.1


Tree=65
num_leaves=31
num_cat=0
split_feature=7 4 9 1 10 3 3 6 6 9 6 4 5 4 1 8 6 9 8 4 7 4 8 10 4 3 1 5 3 7
split_gain=0.00792217 0.0148737 0.0312273 0.0183197 0.0129091 0.0114679 0.072466 0.0324018 0.0490913 0.0605972 0.0517226 0.044803 0.030181 0.0220997 0.0297581 0.0657487 0.0302713 0.0281756 0.052044 0.0255861 0.0286141 0.024716 0.0322239 0.0249872 0.0245173 0.0325327 0.0219931 0.0430234 0.0213424 0.0200166
threshold=153087740.13875005 66814.000000000015 72354.750000000015 450.50000000000006 83196.375000000015 93740.000000000015 93104.500000000015 69079.200000000012 72892.275000000009 70971.500000000015 74739.925000000003 52472.500000000007 96396.500000000015 63158.000000000007 434.50000000000006 80064.625000000015 84220.275000000009 95617.500000000015 94179.750000000015 61723.500000000007 68121188.333750024 72486.000000000015 76450.250000000015 83968.125000000015 73595.500000000015 107469.50000000001 484.50000000000006 103633.00000000001 103086.00000000001 67525075.728750005
decision_type=2 2 2 2 2 2 2 2 2 2 2 2 2 2 2 2 2 2 2 2 2 2 2 2 2 2 2 2 2 2
left_child=5 2 3 -2 -4 6 -1 11 9 -9 12 -7 -10 19 15 -15 21 24 -19 20 -12 22 29 -24 25 -18 -26 -28 -22 -16
right_child=1 -3 4 -5 -6 7 -8 8 10 -11 13 -13 -14 14 16 -17 17 18 -20 -21 28 -23 23 -25 26 -27 27 -29 -30 -31
leaf_value=-5.0303014172561583e-06 -0.00042386513102698971 -0.0029550598030909899 0.0032515807116093734 -0.0040178024170808907 6.4120041551413368e-05 0.00014411655659052103 -0.0045143835235244801 0.00094641973992111168 0.0064956014560136419 -0.0048918952260282832 0.0029840207158651376 0.0052668928942312641 0.0013045232795169191 -0.00092438795021735135 0.0029652785564277082 0.0071841696047067671 -0.0022496102079458068 0.0049572560247421885 -0.00068984200208397663 -0.0034790794624225993 -0.0028146837527553243 0.0043422085556970988 -0.0039191776036750529 0.00053534281631822099 -0.0049228012717018529 0.0021817391738295556 -0.0034489929001444044 0.0018652359424158932 0.0008305718733905012 -0.00034035081222939952
leaf_weight=3538 37 25 24 23 27 38 36 32 21 40 22 31 24 20 62 20 30 24 51 31 36 23 20 34 24 37 39 25 29 26
leaf_count=3538 37 25 24 23 27 38 36 32 21 40 22 31 24 20 62 20 30 24 51 31 36 23 20 34 24 37 39 25 29 26
internal_value=-8.89988e-12 -0.000751469 -0.000255165 -0.00180154 0.0015641 2.36957e-05 -5.04519e-05 0.000382293 0.000169798 -0.00229709 0.000466814 0.00244565 0.00372703 0.000201517 0.000530768 0.00312989 0.000267565 -0.000473908 0.00111723 -0.00101225 -0.000133259 0.00130113 0.000808565 -0.00111448 -0.00124381 0.000197553 -0.00234122 -0.00137312 -0.00118834 0.00198862
internal_weight=4449 136 111 60 51 4313 3574 739 670 72 598 69 45 553 435 40 395 230 75 118 87 165 142 54 155 67 88 64 65 88
internal_count=4449 136 111 60 51 4313 3574 739 670 72 598 69 45 553 435 40 395 230 75 118 87 165 142 54 155 67 88 64 65 88
is_linear=0
shrinkage=0.1


Tree=66
num_leaves=31
num_cat=0
split_feature=4 7 4 9 4 9 8 4 5 6 4 5 3 10 10 1 1 4 4 4 1 5 9 4 4 6 8 8 3 4
split_gain=0.00721692 0.00985287 0.0112469 0.0217456 0.0231139 0.0242574 0.0375134 0.0731712 0.0108882 0.0449819 0.10287 0.0227893 0.02563 0.0227498 0.0252292 0.0183606 0.015514 0.0393316 0.0521059 0.0442295 0.0298807 0.0474257 0.0811062 0.0320672 0.029138 0.0430577 0.0858908 0.0418093 0.0549392 0.029195
threshold=14744.500000000002 153087740.13875005 88831.500000000015 101024.75000000001 83238.000000000015 95617.500000000015 87206.625000000015 73980.500000000015 103633.00000000001 82357.700000000026 72023.500000000015 100690.00000000001 101480.50000000001 83743.125000000015 79015.250000000015 467.50000000000006 469.50000000000006 65562.500000000015 64057.500000000007 61933.500000000007 463.50000000000006 66711.500000000015 53524.000000000007 55409.000000000007 54908.000000000007 64313.700000000004 64657.500000000007 65105.875000000007 85804.500000000015 59241.000000000007
decision_type=2 2 2 2 2 2 2 2 2 2 2 2 2 2 2 2 2 2 2 2 2 2 2 2 2 2 2 2 2 2
left_child=-1 2 3 4 5 6 8 -8 11 13 15 16 -13 14 -10 -11 17 18 19 20 24 22 -22 -23 27 -26 -27 28 -2 -28
right_child=1 -3 -4 -5 -6 -7 7 -9 9 10 -12 12 -14 -15 -16 -17 -18 -19 -20 -21 21 23 -24 -25 25 26 29 -29 -30 -31
leaf_value=0.0014101343294088211 0.00022115297041356552 -0.00089028635618066591 0.002172607187336932 -0.0032082384518746822 0.0034091726850601842 0.0028350208854923645 0.0020570210483856501 -0.0056534675532020628 0.0039373470227355547 -0.0062810257465268186 0.0029420995332587224 -0.0045539561173190239 -0.0004182643634585263 0.0054587574262681994 -0.00060938455191297597 -0.0020993706637195179 -0.00013508303030698165 0.0024185385347349729 -0.0042837854403142746 0.0045836757969759077 0.0017569723422639072 0.0043293629398064339 -0.0056941449376089236 0.00026823328005085733 -0.0056489672302268449 0.0045934586878865957 -0.0033017587798249517 0.0030537968221324265 -0.0030092644980218861 0.00019034072234390832
leaf_weight=36 879 124 24 21 20 30 20 32 23 21 39 23 43 21 26 21 2509 81 26 23 48 59 21 29 20 25 62 48 56 39
leaf_count=36 879 124 24 21 20 30 20 32 23 21 39 23 43 21 26 21 2509 81 26 23 48 59 21 29 20 25 62 48 56 39
internal_value=2.39515e-12 -1.15035e-05 1.39032e-05 1.75571e-06 1.76393e-05 1.58089e-06 -1.86869e-05 -0.0026879 1.48232e-05 0.000848361 -0.000756129 -1.67138e-05 -0.00185949 0.00270498 0.0015248 -0.0041902 1.4273e-05 0.000278916 0.000149096 0.000237144 0.000159407 0.00145203 -0.000510759 0.00299104 -2.0347e-05 -0.00133855 -0.000654359 0.000175439 2.76734e-05 -0.00195332
internal_weight=4449 4413 4289 4265 4244 4224 4194 52 4142 151 81 3991 66 70 49 42 3925 1416 1335 1309 1286 157 69 88 1129 146 126 983 935 101
internal_count=4449 4413 4289 4265 4244 4224 4194 52 4142 151 81 3991 66 70 49 42 3925 1416 1335 1309 1286 157 69 88 1129 146 126 983 935 101
is_linear=0
shrinkage=0.1


Tree=67
num_leaves=31
num_cat=0
split_feature=8 10 3 9 4 7 4 10 10 1 6 9 8 3 1 4 3 1 3 7 3 6 9 4 9 6 7 10 3 10
split_gain=0.00747583 0.0207933 0.0327841 0.0266826 0.0178115 0.0287809 0.021597 0.016478 0.0256376 0.0425103 0.0279785 0.0138914 0.0513003 0.013257 0.0126095 0.0210416 0.0693013 0.0263284 0.0281951 0.0257368 0.019947 0.0189616 0.0295283 0.0146854 0.0148308 0.0139928 0.0454919 0.0283597 0.0279723 0.0227878
threshold=91002.125000000015 95365.375000000015 114089.00000000001 91283.500000000015 88831.500000000015 80198822.455000013 81094.500000000015 93161.875000000015 90556.250000000015 498.50000000000006 85693.35000000002 85383.500000000015 81353.375000000015 103746.50000000001 668.50000000000011 69994.000000000015 91490.000000000015 648.50000000000011 82165.000000000015 36343554.65375001 78314.500000000015 83045.35000000002 83505.750000000015 69546.000000000015 82212.500000000015 80372.750000000015 75666185.603750005 83743.125000000015 93740.000000000015 81936.375000000015
decision_type=2 2 2 2 2 2 2 2 2 2 2 2 2 2 2 2 2 2 2 2 2 2 2 2 2 2 2 2 2 2
left_child=1 3 -3 7 5 6 -2 8 10 -10 11 12 14 -12 15 17 -17 21 -19 -18 -16 22 23 24 25 27 -27 29 -29 -1
right_child=4 2 -4 -5 -6 -7 -8 -9 9 -11 13 -13 -14 -15 20 16 19 18 -20 -21 -22 -23 -24 -25 -26 26 -28 28 -30 -31
leaf_value=-3.0467363548516712e-06 -0.0010023064708904079 0.0001303136193503936 0.0051799453259445726 -0.0035615301114462674 0.0013046107125572034 0.0011633533518761398 -0.0053358934359098581 0.0022724814258253899 -0.0041393294042025358 0.00099575990129129174 0.0044246077327989046 -0.0020143772256286706 0.0046250707295257603 0.00097043718281202029 -0.00077147400006651881 -0.0059006313703810938 0.0021600933350396879 -0.0003147895617514913 -0.0051953609631164004 -0.0019232582612011325 0.0023383950696072796 -0.0029015488536308777 0.0037821878457353231 0.0024377426002174618 -0.0021722081260034634 0.0047510151285678152 -0.0016221942579639809 -0.0049287672033128532 0.00018474558601155877 0.0017697819193189562
leaf_weight=3589 23 36 20 21 27 23 23 32 38 28 20 34 24 25 33 26 33 29 20 29 55 22 21 25 31 24 21 23 20 74
leaf_count=3589 23 36 20 21 27 23 23 32 38 28 20 34 24 25 33 26 33 29 20 29 55 22 21 25 31 24 21 23 20 74
internal_value=1.72765e-12 1.92504e-05 0.00193375 -5.70007e-06 -0.000872885 -0.00172495 -0.0031691 1.17631e-05 -5.28287e-06 -0.00196081 2.56086e-05 -1.39374e-06 1.53034e-05 0.00250562 -1.18462e-05 -3.798e-05 -0.00156713 -3.46716e-06 -0.00230686 0.000250139 0.00117219 2.58487e-05 4.26729e-05 2.20451e-05 6.07674e-06 2.40791e-05 0.00177685 2.79611e-06 -0.00255039 3.2768e-05
internal_weight=4449 4353 56 4297 96 69 46 4276 4244 66 4178 4133 4099 45 4075 3987 88 3899 49 62 88 3850 3828 3807 3782 3751 45 3706 43 3663
internal_count=4449 4353 56 4297 96 69 46 4276 4244 66 4178 4133 4099 45 4075 3987 88 3899 49 62 88 3850 3828 3807 3782 3751 45 3706 43 3663
is_linear=0
shrinkage=0.1


Tree=68
num_leaves=31
num_cat=0
split_feature=10 4 9 6 5 3 4 1 9 3 7 1 1 4 8 9 3 6 6 9 7 7 7 6 4 4 3 10 10 10
split_gain=0.00726913 0.00953019 0.0135323 0.0266347 0.066591 0.0290755 0.0410958 0.0130005 0.0121899 0.0532126 0.0287448 0.0116992 0.0294427 0.0954472 0.0191447 0.0447665 0.0423657 0.0235522 0.0296444 0.025119 0.0185669 0.0276899 0.0267526 0.0198595 0.033041 0.0232263 0.01929 0.0136958 0.0520246 0.0305455
threshold=108464.00000000001 83238.000000000015 95617.500000000015 88823.10000000002 101139.00000000001 109019.50000000001 74384.500000000015 503.50000000000006 86948.000000000015 92242.500000000015 45887031.74750001 400.50000000000006 407.50000000000006 41363.500000000007 80634.500000000015 84971.000000000015 95654.500000000015 83774.150000000009 83045.35000000002 82755.750000000015 15878431.137500001 27118603.658750001 10892410.173750002 66979.35000000002 44827.500000000007 39264.500000000007 90755.000000000015 83494.125000000015 83968.125000000015 81936.375000000015
decision_type=2 2 2 2 2 2 2 2 2 2 2 2 2 2 2 2 2 2 2 2 2 2 2 2 2 2 2 2 2 2
left_child=1 2 3 8 -5 -6 -7 -4 11 -10 -11 20 13 -13 17 -16 -17 18 19 27 22 -22 -1 24 25 -23 -25 29 -29 -14
right_child=-2 -3 7 4 5 6 -8 -9 9 10 -12 12 14 -15 15 16 -18 -19 -20 -21 21 23 -24 26 -26 -27 -28 28 -30 -31
leaf_value=0.00085437203580070111 -0.0014786572985802636 0.0016314493511648228 0.0035437268160638359 -0.0058770686060328177 0.0030884590354703723 0.0017196405964734205 -0.0042639343611275164 -1.8708556890487674e-05 0.0054336968933057506 -0.0029984225198859352 0.0014452087974515619 0.0013353387687217307 -3.7634980751713138e-05 -0.007779175977775595 0.00099482528764653871 -0.0066766440200254976 -0.00038357124576577918 0.0025535817280696294 -0.00359556176699698 0.0023807133389213545 0.0027707153400115207 -0.00058350328699540994 -0.0029504267383758404 0.0042200030216794073 -0.0033086625345308211 0.0026032226692352979 0.00053344807354733354 -0.0047619130454379429 0.00010188202057699009 0.0017444217446499159
leaf_weight=42 33 36 21 27 21 22 24 20 22 24 37 27 3382 20 37 23 20 36 23 44 64 66 33 22 29 35 40 29 91 99
leaf_count=42 33 36 21 27 21 22 24 20 22 24 37 27 3382 20 37 23 20 36 23 44 64 66 33 22 29 35 40 29 91 99
internal_value=-1.14054e-12 1.10497e-05 -2.26861e-06 -1.93548e-05 -0.00168431 5.30311e-06 -0.00140222 0.00180595 1.75135e-05 0.00121749 -0.000303105 -6.41686e-06 -5.56984e-05 -0.00254318 -2.48021e-05 -0.00155532 -0.00374963 8.25444e-06 -1.6727e-05 5.85553e-06 0.000563969 0.000969352 -0.000819739 0.000368898 -0.000333459 0.000520808 0.00184158 -2.31624e-05 -0.00107354 1.30469e-05
internal_weight=4449 4416 4380 4339 94 67 46 41 4245 83 61 4162 3831 47 3784 80 43 3704 3668 3645 331 256 75 192 130 101 62 3601 120 3481
internal_count=4449 4416 4380 4339 94 67 46 41 4245 83 61 4162 3831 47 3784 80 43 3704 3668 3645 331 256 75 192 130 101 62 3601 120 3481
is_linear=0
shrinkage=0.1


Tree=69
num_leaves=31
num_cat=0
split_feature=10 4 1 10 6 10 8 6 5 10 7 5 7 1 1 4 10 8 10 6 8 7 4 10 4 4 1 6 4 1
split_gain=0.007513 0.0251514 0.0230813 0.0214664 0.0111917 0.01386 0.031911 0.0211043 0.0148093 0.0117078 0.00857557 0.0256951 0.0213509 0.0392936 0.0673721 0.0667936 0.0318027 0.0286127 0.0768524 0.0391926 0.0582297 0.0204053 0.0170388 0.0168195 0.0234843 0.0526817 0.0150124 0.0257243 0.0363367 0.0331334
threshold=100633.12500000001 77719.500000000015 497.50000000000006 97712.000000000015 91201.775000000009 93161.875000000015 85631.875000000015 87173.525000000009 102902.00000000001 90556.250000000015 75666185.603750005 105216.50000000001 86282987.850000009 484.50000000000006 431.50000000000006 54656.500000000007 85636.250000000015 56311.375000000007 62458.125000000007 69353.200000000012 65349.875000000007 116786446.22750002 42087.500000000007 77949.250000000015 53905.000000000007 63336.500000000007 400.50000000000006 49753.55000000001 35504.000000000007 380.50000000000006
decision_type=2 2 2 2 2 2 2 2 2 2 2 2 2 2 2 2 2 2 2 2 2 2 2 2 2 2 2 2 2 2
left_child=3 -2 -3 4 5 6 7 9 -7 10 11 26 13 14 -12 -15 17 18 21 22 -21 -14 -19 -22 -25 -26 27 28 -1 -29
right_child=1 2 -4 -5 -6 8 -8 -9 -10 -11 12 -13 16 15 -16 -17 -18 19 -20 20 23 -23 -24 24 25 -27 -28 29 -30 -31
leaf_value=0.00049582788241095844 -0.0038416262483224276 0.0019621836196165531 -0.0018987296397487323 0.0025209187324542331 -0.0017102290030666873 0.00021873105199899458 -0.0034982116534732857 0.0024612784392333458 0.0037815569317899648 -0.0023597739681246736 -0.0043503016000613574 0.0035451304286349718 0.0019729596991582138 -0.0076552871037679528 0.0022104386588196376 -3.4170741539286531e-05 -0.0030484534634817994 0.0011270393975652182 -0.006629850496537984 -0.0044259605376282705 0.002676045899398816 -0.0013493837478260199 0.0044865588010806175 0.0030265064023080328 -0.0036307666136053741 0.0023087550669775476 -1.8882658474923537e-05 0.00049563807263700867 -0.0040949538559652866 0.0038781827141065152
leaf_weight=125 22 32 30 34 38 28 26 35 20 21 24 21 38 23 45 23 31 26 20 24 39 36 36 21 32 28 3430 73 20 48
leaf_count=125 22 32 30 34 38 28 26 35 20 21 24 21 38 23 45 23 31 26 20 24 39 36 36 21 32 28 3430 73 20 48
internal_value=-1.15624e-13 -0.000936759 9.39998e-05 1.8027e-05 -1.62167e-06 1.35023e-05 -5.60432e-06 1.59192e-05 0.00170324 -4.53671e-06 7.34414e-06 5.70605e-05 -0.000406996 -0.00158083 -7.1558e-05 -0.00384473 8.29938e-07 0.000315923 -0.00112981 0.000975627 7.05554e-05 0.000356685 0.00307773 0.000969859 0.000148361 -0.00085899 3.72419e-05 0.000760954 -0.000137383 0.00183747
internal_weight=4449 84 62 4365 4331 4293 4245 4219 48 4184 4163 3717 446 115 69 46 331 300 94 206 144 74 62 120 81 60 3696 266 145 121
internal_count=4449 84 62 4365 4331 4293 4245 4219 48 4184 4163 3717 446 115 69 46 331 300 94 206 144 74 62 120 81 60 3696 266 145 121
is_linear=0
shrinkage=0.1


Tree=70
num_leaves=31
num_cat=0
split_feature=0 1 1 7 7 4 4 4 9 4 6 7 8 6 10 8 8 4 10 4 10 1 3 4 1 1 3 7 7 3
split_gain=0.00743402 0.0168744 0.0441177 0.0223368 0.0392505 0.0210129 0.0231616 0.0196795 0.0294968 0.0308992 0.0410723 0.0251344 0.0240832 0.0305687 0.0239788 0.0499354 0.0450072 0.032116 0.0180002 0.0410805 0.0198967 0.0208228 0.0167981 0.0266786 0.0149435 0.0250002 0.0402098 0.0136909 0.025253 0.0256148
threshold=21.500000000000004 581.50000000000011 575.50000000000011 7625399.4437500006 25591506.063750003 56642.500000000007 64890.500000000007 77719.500000000015 84971.000000000015 64506.500000000007 74331.275000000009 15676644.487500004 46565.375000000007 51451.750000000007 56114.875000000007 55877.000000000007 59661.250000000007 56512.500000000007 66415.875000000015 53026.500000000007 75791.000000000015 637.50000000000011 100183.00000000001 67532.000000000015 539.50000000000011 551.50000000000011 83980.500000000015 20417209.068750005 12939494.853750004 76881.000000000015
decision_type=2 2 2 2 2 2 2 2 2 2 2 2 2 2 2 2 2 2 2 2 2 2 2 2 2 2 2 2 2 2
left_child=24 2 3 -2 27 -6 -7 8 9 10 11 12 -3 -14 -15 -16 -17 -18 -13 -20 21 -21 23 -11 -1 26 -26 28 -5 -30
right_child=1 7 -4 4 5 6 -8 -9 -10 22 -12 18 13 14 15 16 17 -19 19 20 -22 -23 -24 -25 25 -27 -28 -29 29 -31
leaf_value=-2.7776158338016296e-05 -0.0026359902827867441 -0.0041771317226812245 0.0044539700611494482 0.0043343770406430683 -0.0027353180403059179 0.0028057320038383099 -0.001732797370376912 0.0028504864181108452 -0.0032962787027437505 0.0047583316001691862 -0.00366733799524167 0.0019161756469820363 0.0031586386579147072 -0.004135672956527699 0.0032094716173430371 -0.0054388303666517302 0.0027071009552025278 -0.0019825119269080461 -0.0028632712951447404 0.0040176530058185257 -0.0012030651876702905 0.00029181203688494862 -0.00068991702029724486 0.00083356199306869056 -0.00051544774449556268 0.001057336309218201 -0.0059140330730852765 0.0042349469275213781 -0.0022932122461497783 0.0025323660684410821
leaf_weight=3586 21 20 32 21 33 23 22 23 28 29 34 78 20 21 28 23 23 40 36 30 25 30 23 43 37 29 22 25 22 22
leaf_count=3586 21 20 32 21 33 23 22 23 28 29 34 78 20 21 28 23 23 40 36 30 25 30 23 43 37 29 22 25 22 22
internal_value=-6.44934e-12 0.000281449 0.00102024 0.000438868 0.000823225 -0.000818656 0.000586895 -1.32675e-05 -0.00013731 3.85376e-05 -0.000339662 -3.71465e-05 -0.000911337 -0.000489945 -0.00103048 -0.000458465 -0.00165268 -0.000270431 0.000731614 -3.19871e-05 0.00116714 0.00215473 0.00166281 0.00241437 -5.93693e-05 -0.00134679 -0.00252848 0.00224619 0.00148128 0.000119577
internal_weight=4449 775 221 189 168 78 45 554 531 503 408 374 175 155 135 114 86 63 199 121 85 60 95 72 3674 88 59 90 65 44
internal_count=4449 775 221 189 168 78 45 554 531 503 408 374 175 155 135 114 86 63 199 121 85 60 95 72 3674 88 59 90 65 44
is_linear=0
shrinkage=0.1


Tree=71
num_leaves=31
num_cat=0
split_feature=8 10 3 9 4 7 4 10 10 1 10 6 6 4 9 8 1 6 7 4 4 4 3 3 7 5 5 7 3 6
split_gain=0.00659531 0.0167969 0.0259712 0.0182023 0.0146221 0.0249994 0.0173557 0.0121713 0.0164958 0.037324 0.0229412 0.0288015 0.0260585 0.0217689 0.0140901 0.0472606 0.0259801 0.0236215 0.0156527 0.0114138 0.0323411 0.0321125 0.0327758 0.0467942 0.0286641 0.0774812 0.0732269 0.0392093 0.0154299 0.0358228
threshold=91002.125000000015 95365.375000000015 114089.00000000001 91283.500000000015 88831.500000000015 80198822.455000013 81094.500000000015 93161.875000000015 90556.250000000015 498.50000000000006 88667.750000000015 85285.250000000015 84925.175000000017 73980.500000000015 83049.000000000015 78846.250000000015 481.50000000000006 82038.700000000026 34265225.510000013 67250.000000000015 68046.000000000015 65975.500000000015 86030.000000000015 96396.500000000015 30894421.687500004 99856.500000000015 87478.500000000015 13646654.497500001 99360.500000000015 73253.300000000003
decision_type=2 2 2 2 2 2 2 2 2 2 2 2 2 2 2 2 2 2 2 2 2 2 2 2 2 2 2 2 2 2
left_child=1 3 -3 7 5 6 -2 8 10 -10 12 -12 13 14 15 19 -16 -17 -18 21 -21 28 -23 -24 26 -26 27 -22 29 -1
right_child=4 2 -4 -5 -6 -7 -8 -9 9 -11 11 -13 -14 -15 16 17 18 -19 -20 20 24 22 23 -25 25 -27 -28 -29 -30 -31
leaf_value=3.6945122325168393e-05 -0.00099540881245680488 0.00013364720830900801 0.0046280654496513307 -0.0029412479017905538 0.0011530582931030678 0.0010999889082639763 -0.0048802375315141911 0.00195302915526554 -0.0036144798869683749 0.0011971867085906395 -0.00047427774717410405 0.0036705812809247475 -0.0033664741758358385 0.0030767712863567082 0.0038276358059159028 -0.00099796459821629383 0.0018349339836277068 -0.0057410329935096566 -0.0020740357360669545 -0.0034638021348251239 -0.0023852868077273554 -0.0002754115027242473 0.0074101156648248429 0.0009205241883173586 0.0065429693988698998 -0.0022593700722791255 -0.0063849161192774777 0.0027109827985340317 0.00078078527275792094 -0.0011406559954286351
leaf_weight=3201 23 36 20 21 27 23 23 32 38 28 30 38 23 23 27 21 20 21 21 36 26 35 20 25 20 20 20 36 234 281
leaf_count=3201 23 36 20 21 27 23 23 32 38 28 30 38 23 23 27 21 20 21 21 36 26 35 20 25 20 20 20 36 234 281
internal_value=-2.19697e-13 1.80812e-05 0.0017388 -4.34374e-06 -0.00081987 -0.00159189 -0.00293782 1.00798e-05 -4.57017e-06 -0.00157317 2.0209e-05 0.00184197 -9.932e-06 8.95727e-06 -8.40486e-06 -3.26946e-05 0.00141897 -0.0033695 -0.000167221 2.74949e-06 -0.000830033 3.74122e-05 0.0020197 0.00380479 -5.28558e-05 0.0021418 -0.00112342 0.000573837 -5.26352e-06 -5.80882e-05
internal_weight=4449 4353 56 4297 96 69 46 4276 4244 66 4178 68 4110 4087 4064 3996 68 42 41 3954 158 3796 80 45 122 40 82 62 3716 3482
internal_count=4449 4353 56 4297 96 69 46 4276 4244 66 4178 68 4110 4087 4064 3996 68 42 41 3954 158 3796 80 45 122 40 82 62 3716 3482
is_linear=0
shrinkage=0.1


Tree=72
num_leaves=31
num_cat=0
split_feature=1 1 1 7 1 1 7 3 7 6 7 7 3 4 7 3 7 4 7 8 5 3 4 5 1 3 1 10 3 1
split_gain=0.0067652 0.0198374 0.0149533 0.0194197 0.00758905 0.0245883 0.0516873 0.0195008 0.0128648 0.0180844 0.0146746 0.0240334 0.0326327 0.0482466 0.027512 0.0234783 0.0123328 0.0271958 0.0190336 0.0353956 0.014477 0.0174745 0.025365 0.0182668 0.0125491 0.0117684 0.0101537 0.0134308 0.0479671 0.0360774
threshold=671.50000000000011 660.50000000000011 747.50000000000011 20565129.333750006 645.50000000000011 635.50000000000011 17738326.188750003 82705.500000000015 5010813.0837500012 48839.30000000001 6341711.5687500015 7962613.7937500002 62133.500000000007 36083.500000000007 8564092.2700000014 49086.000000000007 9063844.4375000019 43047.000000000007 9668585.6075000018 50379.125000000007 42629.500000000007 43818.000000000007 31246.500000000004 46009.000000000007 449.50000000000006 61825.500000000007 351.50000000000006 44259.375000000007 49558.000000000007 476.50000000000006
decision_type=2 2 2 2 2 2 2 2 2 2 2 2 2 2 2 2 2 2 2 2 2 2 2 2 2 2 2 2 2 2
left_child=1 4 3 -2 5 8 -7 -6 9 -1 15 12 13 -12 25 -10 17 -16 19 -18 -20 22 -22 24 -23 -13 -25 29 -29 -28
right_child=2 -3 -4 -5 7 6 -8 -9 10 -11 11 14 -14 -15 16 -17 18 -19 20 -21 21 23 -24 26 -26 -27 27 28 -30 -31
leaf_value=-0.0029174028486678646 0.0036610468816622322 -0.0025390416579020602 -0.00075511426218105734 6.0922705433181227e-05 0.0029750658057829636 -0.004507850854904117 0.0018988459394313395 -0.0010034490461376582 0.0039276506868191063 0.00052714139757746906 0.00015705441765021533 0.0010286227122728283 0.0010129859943970524 -0.0059042578097432859 -0.0044029697403311736 -6.1466478412815681e-05 -0.00063771338528022172 0.00032680120559469344 0.0018587840693293231 0.0047387520181170354 -0.0044939852630098663 0.00036897755984682595 0.00042100220563865846 0.0010855395346879959 0.0039114474147208967 0.0042114419818279295 -6.5730384210058092e-05 0.00266893044622107 -5.225809209103811e-05 -0.0045586334192194043
leaf_weight=35 29 31 37 31 28 34 20 22 25 27 24 26 29 29 20 36 25 31 42 24 21 20 21 83 20 21 70 66 3498 24
leaf_count=35 29 31 37 31 28 34 20 22 25 27 24 26 29 29 20 36 25 31 42 24 21 20 21 83 20 21 70 66 3498 24
internal_value=-3.7285e-12 -1.84099e-05 0.000825977 0.00180098 -3.26189e-07 -1.46653e-05 -0.002135 0.00122452 1.24863e-05 -0.00141736 3.38221e-05 1.08824e-05 -0.00168387 -0.00315951 4.55209e-05 0.00157342 1.70102e-05 -0.00152801 3.71421e-05 0.00199566 1.23122e-05 -7.97334e-06 -0.00203649 1.45598e-05 0.00214021 0.00245073 -8.16839e-06 -3.29846e-05 -1.86571e-06 -0.00121285
internal_weight=4449 4352 97 60 4321 4271 54 50 4217 62 4155 4094 82 53 4012 61 3965 51 3914 49 3865 3823 42 3781 40 47 3741 3658 3564 94
internal_count=4449 4352 97 60 4321 4271 54 50 4217 62 4155 4094 82 53 4012 61 3965 51 3914 49 3865 3823 42 3781 40 47 3741 3658 3564 94
is_linear=0
shrinkage=0.1


Tree=73
num_leaves=31
num_cat=0
split_feature=10 4 9 6 5 3 4 10 6 1 1 1 4 6 4 4 4 7 7 9 8 9 5 8 7 7 1 1 8 10
split_gain=0.00653253 0.00923215 0.0123283 0.0202296 0.0488146 0.0250404 0.0294077 0.0118345 0.0224581 0.0101192 0.00715457 0.0247135 0.0792709 0.0145027 0.0286858 0.0241953 0.0360756 0.0188472 0.0187752 0.0114661 0.0254267 0.0189885 0.0123253 0.0440544 0.016251 0.0241761 0.0147146 0.0489763 0.0640997 0.0411746
threshold=108464.00000000001 83238.000000000015 95617.500000000015 88823.10000000002 101139.00000000001 109019.50000000001 74384.500000000015 92420.625000000015 87173.525000000009 503.50000000000006 400.50000000000006 407.50000000000006 41363.500000000007 66979.35000000002 48743.000000000007 39264.500000000007 35839.000000000007 46368186.368749999 28285684.858750008 37287.250000000007 36742.250000000007 35785.250000000007 48519.500000000007 39168.625000000007 8152216.0687500006 15396976.467500003 430.50000000000006 425.50000000000006 68204.500000000015 69715.375000000015
decision_type=2 2 2 2 2 2 2 2 2 2 2 2 2 2 2 2 2 2 2 2 2 2 2 2 2 2 2 2 2 2
left_child=1 2 3 7 -5 -6 -7 8 10 -4 13 12 -12 14 15 16 -1 -15 -17 21 -21 -13 24 -24 -22 -26 27 28 29 -25
right_child=-2 -3 9 4 5 6 -8 -9 -10 -11 11 19 -14 17 -16 18 -18 -19 -20 20 22 -23 23 26 25 -27 -28 -29 -30 -31
leaf_value=0.00040502136703445349 -0.0014017388464487865 0.0016053355066105723 0.0032564348496851472 -0.0050597293768078096 0.0028378871602139305 0.0013113140911710534 -0.0037503425594574459 -0.0021561257559806111 0.0025486168323550374 0.000113457553088665 0.0012221229952518588 -0.00013364977703016816 -0.0070842046313919138 0.0042237429569164913 -0.0031936696575333677 0.0045118044318986084 -0.0037145374119281769 0.00067419217633029737 0.00091524175516864725 0.0027024555326040302 -0.00073808382963761691 -0.0034770251885056498 -0.0036169098110643547 3.259890504661157e-05 0.0037384904125550146 -0.0004120451256470836 -5.3476088439425211e-05 0.0029351376268272767 -0.0038540424744447545 0.0048153546088459814
leaf_weight=142 33 36 21 27 21 22 24 25 35 20 27 53 20 21 24 21 25 52 47 35 30 25 34 99 36 23 3340 72 37 22
leaf_count=142 33 36 21 27 21 22 24 25 35 20 27 53 20 21 24 21 25 52 47 35 30 25 34 99 36 23 3340 72 37 22
internal_value=-9.55245e-13 1.04749e-05 -2.63349e-06 -1.89419e-05 -0.00146996 -2.33385e-05 -0.00132955 1.3189e-05 2.60404e-05 0.00172328 4.9436e-06 -3.34372e-05 -0.00231248 0.000450369 9.94818e-05 0.000435804 -0.000211679 0.0016953 0.00202594 -5.29339e-06 1.98129e-05 -0.00120524 -5.61157e-06 -3.43201e-05 0.00115692 0.00212049 -2.00197e-07 0.000773458 -0.000211611 0.000902191
internal_weight=4449 4416 4380 4339 94 67 46 4245 4220 41 4185 3853 47 332 259 235 167 73 68 3806 3728 78 3693 3604 89 59 3570 230 158 121
internal_count=4449 4416 4380 4339 94 67 46 4245 4220 41 4185 3853 47 332 259 235 167 73 68 3806 3728 78 3693 3604 89 59 3570 230 158 121
is_linear=0
shrinkage=0.1


Tree=74
num_leaves=31
num_cat=0
split_feature=10 4 1 9 1 1 1 7 4 1 1 7 3 0 4 5 8 4 4 5 8 4 8 3 8 9 7 7 6 7
split_gain=0.00661018 0.0218175 0.0196458 0.0172986 0.00636668 0.0217338 0.0128589 0.0248287 0.0126161 0.00647611 0.0197518 0.0417913 0.015679 0.0101382 0.0141981 0.0383061 0.0295533 0.0157673 0.0524276 0.0506019 0.0190675 0.0514548 0.0256713 0.0181716 0.0517168 0.0312561 0.0152378 0.0151317 0.0268495 0.0139213
threshold=100633.12500000001 77719.500000000015 497.50000000000006 95617.500000000015 666.50000000000011 660.50000000000011 702.50000000000011 22016063.037500005 61041.500000000007 645.50000000000011 635.50000000000011 17738326.188750003 82705.500000000015 21.500000000000004 34309.500000000007 53028.500000000007 49000.000000000007 54320.500000000007 56322.000000000007 71578.000000000015 67804.750000000015 60861.500000000007 65715.125000000015 85190.000000000015 73139.750000000015 78995.750000000015 29271079.888750006 14360294.045000002 56338.850000000013 20565129.333750006
decision_type=2 2 2 2 2 2 2 2 2 2 2 2 2 2 2 2 2 2 2 2 2 2 2 2 2 2 2 2 2 2
left_child=3 -2 -3 4 5 9 -6 8 -8 10 13 -12 -11 -1 -15 -16 -17 19 -19 27 22 -22 -20 -23 -25 -26 -27 28 -18 -29
right_child=1 2 -4 -5 6 -7 7 -9 -10 12 11 -13 -14 14 15 16 17 18 20 -21 21 23 -24 24 25 26 -28 29 -30 -31
leaf_value=-4.756756022226572e-05 -0.0035841718485409564 0.0018048933663521894 -0.0017571154283359649 0.0029511354956775907 0.0022115700573732077 -0.0032245391935464885 -0.0033936146902851759 0.0024508130135169875 0.00015829784795641901 0.00268290673681934 -0.004046527736628538 0.0017143089766614142 -0.00098303994862362735 0.0024650969658978287 -0.0030538705919752832 0.0035061262728225805 0.00072755374627687594 0.0047541489126160744 0.00059677561931312088 -0.0040012863570154881 0.0046888999426820581 0.0026175179793922741 -0.004209904833696783 -0.0048794607483697216 0.0039066206885590444 -0.001816202750286231 0.0011034936164364671 0.0027639141886694626 -0.0035412101654599057 0.00021270262162116443
leaf_weight=3598 22 32 30 20 39 21 20 24 20 28 34 20 20 32 32 31 41 30 25 32 28 22 20 22 21 39 33 35 23 55
leaf_count=3598 22 32 30 20 39 21 20 24 20 28 34 20 20 32 32 31 41 30 25 32 28 22 20 22 21 39 33 35 23 55
internal_value=5.40014e-12 -0.000878674 8.13407e-05 1.69092e-05 3.40299e-06 -1.54593e-05 0.000780237 -9.19816e-05 -0.00161766 5.06251e-07 -1.27783e-05 -0.00191288 0.00115543 1.21321e-05 0.000424415 0.000290873 0.000525079 0.000308148 0.000843728 -0.000382923 0.000285096 0.00078272 -0.00153953 -1.56228e-05 -0.000519354 0.000512069 -0.000478009 0.000368945 -0.000806533 0.00120484
internal_weight=4449 84 62 4365 4345 4242 103 64 40 4221 4173 54 48 4119 521 489 457 426 240 186 210 165 45 137 115 93 72 154 64 90
internal_count=4449 84 62 4365 4345 4242 103 64 40 4221 4173 54 48 4119 521 489 457 426 240 186 210 165 45 137 115 93 72 154 64 90
is_linear=0
shrinkage=0.1


Tree=75
num_leaves=31
num_cat=0
split_feature=8 9 7 7 3 7 7 7 4 7 7 4 9 3 5 3 5 7 4 9 8 1 8 10 1 9 7 10 4 1
split_gain=0.00581037 0.0136878 0.0128574 0.0264975 0.00996077 0.00788591 0.00687987 0.0166773 0.0312284 0.0134694 0.013589 0.0267811 0.0631503 0.037459 0.0318614 0.0491048 0.0304218 0.0278239 0.0385182 0.0248553 0.0339771 0.0361326 0.0290339 0.0281544 0.0235544 0.0231616 0.0230991 0.0225432 0.0223987 0.01907
threshold=91002.125000000015 92390.500000000015 83741063.950000018 60010817.443750001 115425.50000000001 62416639.133750007 75666185.603750005 70065965.447500005 59996.000000000007 68121188.333750024 46368186.368749999 49279.500000000007 55978.250000000007 71071.000000000015 82070.500000000015 83185.000000000015 76104.500000000015 53390567.34375 35331.000000000007 83505.750000000015 76233.125000000015 480.50000000000006 81353.375000000015 71138.875000000015 483.50000000000006 74695.250000000015 56766810.707500011 55313.250000000007 55950.000000000007 513.50000000000011
decision_type=2 2 2 2 2 2 2 2 2 2 2 2 2 2 2 2 2 2 2 2 2 2 2 2 2 2 2 2 2 2
left_child=1 6 3 4 -2 -3 7 9 -9 10 -1 12 17 -14 -13 -16 -15 27 -19 20 21 25 -21 -23 -18 28 29 -12 -17 -25
right_child=2 5 -4 -5 -6 -7 -8 8 -10 -11 11 14 13 16 15 19 24 18 -20 22 -22 23 -24 26 -26 -27 -28 -29 -30 -31
leaf_value=-4.9099652227805163e-05 -0.0015772624090313913 0.0005487968114071659 0.00094699852944662175 -0.0045885238237679008 0.0013769771615486769 0.0030787966732697732 -0.00035487149438936006 0.00020681666127139969 0.0045833557732808203 -0.0019985947779125788 -0.00098353532985562373 -0.0028845907512327867 0.006115235156741821 -0.00062175924122129808 0.0050507805123925211 -0.0008873278027749621 0.0015137595675983712 1.3355255660210406e-05 -0.0056155289892922157 0.0044329614465823397 -0.0042820091491607443 0.0039651970758482263 -0.0002334530333367487 -0.0035887456932687206 0.0053361727723053526 0.00094524869304482963 0.0022385389652974422 0.0037075657537207008 -0.0044685340193550919 0.00072587932504358755
leaf_weight=3154 25 28 30 20 21 22 490 56 23 33 21 36 27 32 20 40 38 31 20 24 22 27 30 20 28 28 31 20 31 21
leaf_count=3154 25 28 30 20 21 22 490 56 23 33 21 36 27 32 20 40 38 31 20 24 22 27 30 20 28 28 31 20 31 21
internal_value=-1.31841e-12 1.69712e-05 -0.000769537 -0.00154978 -0.000228588 0.001662 -2.14369e-06 4.31846e-05 0.001481 1.27648e-05 3.06991e-05 0.000490819 0.00135369 0.00281721 -7.65864e-05 0.000267251 0.00190857 -0.000634777 -0.00219405 -8.19118e-05 -0.000553779 -0.000139531 0.00184051 0.00121135 0.00313539 -0.00149041 0.000178656 0.00130481 -0.00245095 -0.00137882
internal_weight=4449 4353 96 66 46 50 4303 3813 79 3734 3701 547 217 125 330 294 98 92 51 274 220 198 54 99 66 99 72 41 71 41
internal_count=4449 4353 96 66 46 50 4303 3813 79 3734 3701 547 217 125 330 294 98 92 51 274 220 198 54 99 66 99 72 41 71 41
is_linear=0
shrinkage=0.1


Tree=76
num_leaves=31
num_cat=0
split_feature=3 9 6 9 6 10 6 9 6 4 6 3 4 10 3 5 6 7 10 3 3 10 7 7 1 10 6 3 10 7
split_gain=0.00588157 0.0644147 0.0437699 0.0402635 0.0566924 0.043746 0.0379422 0.0360518 0.0608172 0.0417629 0.0349422 0.0511535 0.0573185 0.0620832 0.0651355 0.0439386 0.0312568 0.0462649 0.0268628 0.106516 0.077531 0.0662687 0.0639394 0.0550642 0.0332287 0.0315805 0.0685642 0.0800557 0.0314354 0.0751964
threshold=68970.500000000015 47116.000000000007 69206.425000000003 66888.750000000015 64882.900000000009 70864.750000000015 57919.250000000007 55816.500000000007 53668.125000000007 41768.500000000007 63758.025000000009 67486.500000000015 43824.000000000007 63319.000000000007 68221.500000000015 68112.500000000015 54625.950000000004 53390567.34375 63124.875000000007 76421.000000000015 73649.000000000015 64004.875000000007 29539112.957500003 26767610.505000006 461.50000000000006 64602.250000000007 62113.000000000007 77224.000000000015 68454.750000000015 22981299.528750006
decision_type=2 2 2 2 2 2 2 2 2 2 2 2 2 2 2 2 2 2 2 2 2 2 2 2 2 2 2 2 2 2
left_child=2 -2 3 4 10 -5 7 8 9 -3 11 -1 15 14 -14 -13 -10 -18 19 20 23 22 -20 -8 -21 -23 27 -27 29 -28
right_child=1 6 -4 5 -6 -7 18 -9 16 -11 -12 12 13 -15 -16 -17 17 -19 21 24 -22 25 -24 -25 -26 26 28 -29 -30 -31
leaf_value=1.373849333857212e-06 -0.0054274799169174263 0.0032569467322092456 -0.0041411199408617838 0.0055447930004447702 -0.0054572931723669178 -0.00059171931241594608 -0.0049956552984835789 0.0028296328835973618 -0.0048671239379631439 -0.00135479486607774 0.0036869498910770439 0.0034390582361083946 -0.0099542713886045901 0.00033074597872438888 -0.002251242389458986 -0.0026120193991422034 0.0022402385848441296 -0.0040570331830531358 0.006828137413997736 -0.0019106791180092842 -0.0085891079828143129 -0.0029818951165569681 0.00062890404199318194 0.0020868599370476746 0.0027389870390442071 0.0058256037464246247 0.0012298197532840238 -0.00090513425413519155 8.4707531458996305e-05 -0.0023356864665746522
leaf_weight=1455 21 72 27 26 20 21 23 95 23 27 24 24 23 21 21 24 28 20 28 22 25 35 41 21 51 43 91 30 1898 169
leaf_count=1455 21 72 27 26 20 21 23 95 23 27 24 24 23 21 21 24 28 20 28 22 25 35 41 21 51 43 91 30 1898 169
internal_value=4.99088e-12 8.9816e-05 -0.00014719 -8.21889e-05 -0.000166309 0.00280295 0.000132071 0.00126935 0.000397429 0.0019992 -9.98392e-05 -0.0001578 -0.00220734 -0.00414275 -0.00627783 0.000413519 -0.00183603 -0.000383625 1.04e-05 -0.001325 -0.00414208 9.16107e-05 0.00314453 -0.00161536 0.00133772 -1.35124e-06 4.54076e-05 0.00305955 -5.65535e-05 -0.00108776
internal_weight=4449 2763 1686 1659 1612 47 2742 265 170 99 1592 1568 113 65 44 48 71 48 2477 142 69 2335 69 44 73 2266 2231 73 2158 260
internal_count=4449 2763 1686 1659 1612 47 2742 265 170 99 1592 1568 113 65 44 48 71 48 2477 142 69 2335 69 44 73 2266 2231 73 2158 260
is_linear=0
shrinkage=0.1


Tree=77
num_leaves=31
num_cat=0
split_feature=0 3 4 1 5 10 4 10 8 6 4 1 7 7 3 6 1 1 1 7 6 1 9 3 9 5 4 4 4 7
split_gain=0.00556839 0.0197611 0.022028 0.00824417 0.0363016 0.0239507 0.0282625 0.0227776 0.0197275 0.0230253 0.0340749 0.018996 0.042812 0.0388878 0.0262716 0.0247243 0.0221508 0.0189279 0.0301816 0.0183046 0.0103836 0.0100079 0.0378652 0.0700414 0.0338249 0.0269554 0.0375077 0.052348 0.0334024 0.0199298
threshold=26.500000000000004 95901.500000000015 57536.500000000007 628.50000000000011 58200.500000000007 76867.875000000015 66381.500000000015 86428.875000000015 59423.625000000007 67645.750000000015 60127.500000000007 604.50000000000011 12119971.300000003 15676644.487500004 82165.000000000015 78024.650000000009 594.50000000000011 575.50000000000011 581.50000000000011 22493284.525000002 63371.500000000007 529.50000000000011 48541.750000000007 63610.500000000007 54709.250000000007 66139.500000000015 54769.000000000007 52316.000000000007 57947.500000000007 20565129.333750006
decision_type=2 2 2 2 2 2 2 2 2 2 2 2 2 2 2 2 2 2 2 2 2 2 2 2 2 2 2 2 2 2
left_child=3 2 -2 11 -5 8 -7 -8 -6 -10 -11 16 -13 -14 -15 -16 17 21 -19 -20 -18 -1 -23 24 -24 -25 27 -27 -28 -30
right_child=1 -3 -4 4 5 6 7 -9 9 10 -12 12 13 14 15 -17 20 18 19 -21 -22 22 23 25 -26 26 28 -29 29 -31
leaf_value=1.6995181132148647e-05 0.0014649385466541658 0.0031627179868519307 -0.0024453084599226713 -0.0046880741929635414 -0.0013428144011413679 -0.0044238101380566757 0.0020983614112165842 -0.0025644931476563218 0.0034959850007934231 -0.0029348221793770793 0.0029025471932254735 0.0041290902348312866 -0.0038332524709403515 0.0034541731172551709 -0.0016887882341459198 0.002655006016138941 -0.0033455714683181476 0.0038866179180331532 -0.0012000324256826768 0.0019640435213328935 -0.00068888321909452643 0.0032908217755903027 -0.0018867448701158814 0.0026979127483043289 -0.0074377452954649927 -0.00082273054502758332 0.0030647651202426376 -0.006859145544003695 -0.0022679289965348882 0.0002776947079433335
leaf_weight=3512 34 25 25 20 32 24 22 20 35 20 20 36 20 30 38 20 28 32 41 33 31 24 23 28 21 51 33 20 43 108
leaf_count=3512 34 25 25 20 32 24 22 20 35 20 20 36 20 30 38 20 28 32 41 33 31 24 23 28 21 51 33 20 43 108
internal_value=3.98599e-12 0.000806466 -0.000191946 -1.55196e-05 -0.000654481 -0.00018817 -0.00168632 -0.000122046 0.000735924 0.00162285 -1.61375e-05 1.40393e-05 0.00114259 0.000147095 0.00105172 -0.000190928 -2.63063e-05 2.28511e-06 0.0013206 0.000210974 -0.00194968 -3.38893e-05 -0.000543024 -0.000824407 -0.00453609 -0.000247326 -0.000570725 -0.00252313 0.000182649 -0.000447218
internal_weight=4449 84 59 4365 193 173 66 42 107 75 40 4172 144 108 88 58 4028 3969 106 74 59 3863 351 327 44 283 255 71 184 151
internal_count=4449 84 59 4365 193 173 66 42 107 75 40 4172 144 108 88 58 4028 3969 106 74 59 3863 351 327 44 283 255 71 184 151
is_linear=0
shrinkage=0.1


Tree=78
num_leaves=31
num_cat=0
split_feature=10 4 4 1 9 8 9 1 1 7 3 4 10 8 8 9 1 8 9 9 8 8 4 10 6 5 7 5 1 3
split_gain=0.00539699 0.0194076 0.0173831 0.0204055 0.0146815 0.00613421 0.0149711 0.00564131 0.0164358 0.0127129 0.0117516 0.0134067 0.00651289 0.0298853 0.0191478 0.0148137 0.0249471 0.0159973 0.0138782 0.00862441 0.00849401 0.0562804 0.0660744 0.038268 0.033291 0.0439932 0.0991056 0.0645982 0.0532371 0.0439605
threshold=100633.12500000001 77719.500000000015 83238.000000000015 497.50000000000006 95617.500000000015 88843.750000000015 92390.500000000015 666.50000000000011 660.50000000000011 11963616.007500002 94493.000000000015 59996.000000000007 93161.875000000015 85631.875000000015 84935.500000000015 86948.000000000015 502.50000000000006 82476.625000000015 85852.000000000015 87998.250000000015 73832.375000000015 73139.750000000015 66238.500000000015 79015.250000000015 76701.425000000003 84400.000000000015 19433532.347500004 88827.000000000015 488.50000000000006 87662.500000000015
decision_type=2 2 2 2 2 2 2 2 2 2 2 2 2 2 2 2 2 2 2 2 2 2 2 2 2 2 2 2 2 2
left_child=4 -2 -3 -4 5 6 7 8 12 -9 11 -11 13 15 -14 17 19 18 20 -17 21 -1 -23 -22 -25 26 -26 28 -27 -30
right_child=1 2 3 -5 -6 -7 -8 9 -10 10 -12 -13 14 -15 -16 16 -18 -19 -20 -21 23 22 -24 24 25 27 -28 -29 29 -31
leaf_value=-1.4671666632172128e-05 -0.003345664196901701 0.0024511347170032209 0.0011991339875385167 -0.0032640149373383749 0.0027184430696070194 -0.001398826931648317 0.0027425286849029362 0.0027507523734432958 -0.0028078254046184675 0.00056670164659378987 0.002029517413624986 -0.00275415820768103 -0.00072611287981271748 -0.0035350170025291541 0.0033189625817943709 0.0015538579935673626 0.0043418227173831498 -0.0027085090415890924 0.0025594415764013927 -0.0013828763196943328 -0.0041560511427143447 0.00039593892642490877 0.0078163138171657917 0.0036785797681659462 0.0010519667326108269 0.0062655470722044514 -0.0085731128801126034 -0.00087722152474006799 -0.0014919104437515337 0.0035386174102313818
leaf_weight=3519 22 21 20 21 20 31 20 24 21 31 22 20 25 24 22 20 21 22 21 20 26 30 20 21 23 24 20 248 38 32
leaf_count=3519 22 21 20 21 20 31 20 24 21 31 22 20 25 24 22 20 21 22 21 20 26 30 20 21 23 24 20 248 38 32
internal_value=7.12992e-12 -0.000793957 0.000111487 -0.00108687 1.52789e-05 2.83627e-06 1.29085e-05 1.94841e-07 -1.72303e-05 0.000754145 9.77256e-05 -0.000735596 -3.19709e-06 -1.6521e-05 0.00116733 4.04994e-06 0.00155079 -1.92811e-05 -4.57128e-06 8.54908e-05 -1.8029e-05 3.26632e-05 0.00336409 -0.000436826 -0.000198649 -0.000410134 -0.00342481 -3.10955e-05 0.00220124 0.000807759
internal_weight=4449 84 62 41 4365 4345 4314 4294 4197 97 73 51 4176 4129 47 4105 61 4044 4022 40 4001 3569 50 432 406 385 43 342 94 70
internal_count=4449 84 62 41 4365 4345 4314 4294 4197 97 73 51 4176 4129 47 4105 61 4044 4022 40 4001 3569 50 432 406 385 43 342 94 70
is_linear=0
shrinkage=0.1


Tree=79
num_leaves=31
num_cat=0
split_feature=3 10 3 3 5 1 1 7 4 1 1 1 10 10 9 9 5 9 1 10 5 10 4 6 10 10 1 9 8 3
split_gain=0.00544803 0.016691 0.0198458 0.0168985 0.0143909 0.0253432 0.0426943 0.0262495 0.0253385 0.0162477 0.0281719 0.0373383 0.0101243 0.0320456 0.0238729 0.0229582 0.0227107 0.0351604 0.0198295 0.0236531 0.0390823 0.0188405 0.0102043 0.0390945 0.0276136 0.03104 0.0350636 0.0337926 0.0423425 0.0562867
threshold=121995.50000000001 98942.250000000015 114089.00000000001 118625.00000000001 103633.00000000001 435.50000000000006 469.50000000000006 109455991.81375001 59816.000000000007 521.50000000000011 495.50000000000006 483.50000000000006 90556.250000000015 91793.500000000015 83049.000000000015 81972.250000000015 97584.500000000015 92390.500000000015 477.50000000000006 88667.750000000015 90840.500000000015 84777.625000000015 69994.000000000015 80372.750000000015 83494.125000000015 81936.375000000015 508.50000000000006 77073.750000000015 72648.000000000015 85549.500000000015
decision_type=2 2 2 2 2 2 2 2 2 2 2 2 2 2 2 2 2 2 2 2 2 2 2 2 2 2 2 2 2 2
left_child=1 3 -3 4 12 -6 7 -7 -8 10 11 -10 14 -14 15 22 -15 -18 -16 20 -20 -17 23 24 25 27 -27 28 -1 -30
right_child=-2 2 -4 -5 5 6 8 -9 9 -11 -12 -13 13 16 18 21 17 -19 19 -21 -22 -23 -24 -25 -26 26 -28 -29 29 -31
leaf_value=-3.2677607623249275e-05 0.00065084303831681621 -0.0038952798505003253 0.00036992606706917288 -0.0024475049422887554 0.0032530880656041622 -0.0039736743540076235 -0.0013593806177377701 0.00070334968317183662 0.0045059278296927614 -0.00013186568442809707 0.0060649337557454911 -0.0015313979552593084 -0.0044923500512682258 0.0026192778573286804 0.003242208148227432 -0.0041706054975899553 -0.0044393920013681056 0.0011376541613851889 0.0024790523912418972 0.0028486971119751356 -0.0030320164227422568 -0.00046414631106017623 -0.0015820329787391352 0.0042072729567404496 -0.0026339224570256191 0.0043315171136055139 -0.00014467880795044559 -0.0017504731536531393 -0.00028781916991520547 0.0048908297790259854
leaf_weight=3425 125 24 20 28 36 30 25 20 21 21 21 20 21 22 39 24 20 26 22 28 31 32 41 22 40 35 35 111 43 41
leaf_count=3425 125 24 20 28 36 30 25 20 21 21 21 20 21 22 39 24 20 26 22 28 31 32 41 22 40 35 35 111 43 41
internal_value=-4.18216e-12 -1.88148e-05 -0.00195655 1.10579e-06 1.72302e-05 0.000858631 0.000313058 -0.00210286 0.00143154 0.00227218 0.00308645 0.00156089 -2.29944e-05 -0.0010778 6.5826e-07 -4.26458e-05 -2.33047e-05 -0.00128715 0.00138964 0.000497656 -0.000744403 -0.00205263 -1.29703e-05 4.17562e-06 -2.06148e-05 7.71377e-06 0.00209342 -3.26175e-05 2.17233e-05 0.00223985
internal_weight=4449 4324 44 4280 4252 194 158 50 108 83 62 41 4058 89 3969 3849 68 46 120 81 53 56 3793 3752 3730 3690 70 3620 3509 84
internal_count=4449 4324 44 4280 4252 194 158 50 108 83 62 41 4058 89 3969 3849 68 46 120 81 53 56 3793 3752 3730 3690 70 3620 3509 84
is_linear=0
shrinkage=0.1


Tree=80
num_leaves=31
num_cat=0
split_feature=5 5 4 8 3 8 4 9 3 3 1 3 4 1 4 9 10 10 7 4 10 1 1 3 10 4 3 9 10 4
split_gain=0.00516592 0.0552665 0.0496317 0.0874232 0.0549813 0.0466061 0.0525619 0.0740416 0.0319196 0.0732898 0.0469348 0.0282265 0.0840966 0.036254 0.0776725 0.0268664 0.0651888 0.0440291 0.0523079 0.0529671 0.0467535 0.0321287 0.0625732 0.0310367 0.0307474 0.059691 0.0293731 0.0289385 0.0705334 0.0827942
threshold=79273.000000000015 79649.000000000015 59426.000000000007 68948.375000000015 84194.000000000015 67443.875000000015 58108.500000000007 67458.750000000015 76228.500000000015 74428.500000000015 476.50000000000006 80915.000000000015 56512.500000000007 483.50000000000006 61933.500000000007 65010.750000000007 66824.625000000015 72083.125000000015 29539112.957500003 57243.000000000007 73489.500000000015 537.50000000000011 498.50000000000006 76421.000000000015 65705.875000000015 53536.500000000007 77777.500000000015 58317.750000000007 63319.000000000007 44233.500000000007
decision_type=2 2 2 2 2 2 2 2 2 2 2 2 2 2 2 2 2 2 2 2 2 2 2 2 2 2 2 2 2 2
left_child=2 -2 3 5 -4 6 15 -8 9 10 -3 12 -10 -14 -15 16 24 18 19 21 -19 22 -17 -20 26 -26 27 -1 -29 -30
right_child=1 8 4 -5 -6 -7 7 -9 11 -11 -12 -13 13 14 -16 17 -18 20 23 -21 -22 -23 -24 -25 25 -27 -28 28 29 -31
leaf_value=5.8323508076169506e-05 -0.0041261558147037735 -0.0030013005416840315 0.0028298619534532594 -0.0064476532105583739 -0.0013986236921216294 0.0038233472325373444 0.00063301809326124687 -0.0072220009150138756 -0.0022443853186713469 -0.0072644985653460038 0.003331779447299513 -7.3986960370825324e-05 0.0066711421393287869 0.0062811466527637099 -0.0025320527609437706 0.00049955931560058777 -0.0031245986196582263 -0.0040995677816681566 0.0048140925004036498 0.0046216488592326641 0.0012259817134369824 0.0019086439069360495 -0.0051965255492056415 0.00081874669874729274 0.0042314831821972298 -0.0020308841971437568 0.0016391302337774969 -0.0021868557080120684 -0.0054960997775197031 0.0013430037507757111
leaf_weight=1519 34 25 123 21 41 32 24 24 36 20 22 1548 26 20 20 54 68 32 59 25 34 40 30 29 45 23 98 203 20 154
leaf_count=1519 34 25 123 21 41 32 24 24 36 20 22 1548 26 20 20 54 68 32 59 25 34 40 30 29 45 23 98 203 20 154
internal_value=-2.53465e-12 -0.000133758 8.6809e-05 -2.23041e-05 0.00177274 3.13896e-05 -1.75192e-05 -0.00329449 -5.47009e-05 -0.00219438 -3.68801e-05 3.2183e-05 0.00164347 0.00376411 0.00187455 4.71313e-05 -7.82015e-05 0.000928184 0.00156431 0.0004226 -0.0013561 -0.000423982 -0.00153476 0.00349744 2.22616e-05 0.00211333 -4.90486e-05 -0.000136307 -0.000920507 0.0005569
internal_weight=4449 1751 2698 2534 164 2513 2481 48 1717 67 47 1650 102 66 40 2433 2130 303 237 149 66 124 84 88 2062 68 1994 1896 377 174
internal_count=4449 1751 2698 2534 164 2513 2481 48 1717 67 47 1650 102 66 40 2433 2130 303 237 149 66 124 84 88 2062 68 1994 1896 377 174
is_linear=0
shrinkage=0.1


Tree=81
num_leaves=31
num_cat=0
split_feature=10 4 9 9 4 4 6 10 6 1 7 7 9 1 5 6 10 10 9 7 7 9 7 6 8 1 1 8 5 9
split_gain=0.00492205 0.00799024 0.00983025 0.0221967 0.0510882 0.00942731 0.012098 0.0117694 0.0198486 0.0081284 0.00726216 0.0252678 0.0124909 0.0113798 0.00742378 0.0330449 0.029779 0.049323 0.0253882 0.0340312 0.0347493 0.0327154 0.0243887 0.0182149 0.0524809 0.0171419 0.0482871 0.0267339 0.0132523 0.0466898
threshold=108464.00000000001 83238.000000000015 95617.500000000015 91283.500000000015 73307.000000000015 77719.500000000015 88823.10000000002 92420.625000000015 87173.525000000009 503.50000000000006 188972652.33000001 144002387.55750003 72517.500000000015 450.50000000000006 93628.500000000015 69079.200000000012 75131.625000000015 73489.500000000015 76625.750000000015 35649282.447500013 43556769.468750007 75164.750000000015 66770547.583750002 83504.025000000009 76233.125000000015 439.50000000000006 468.50000000000006 74480.000000000015 79273.000000000015 72889.500000000015
decision_type=2 2 2 2 2 2 2 2 2 2 2 2 2 2 2 2 2 2 2 2 2 2 2 2 2 2 2 2 2 2
left_child=1 2 3 5 -5 6 7 8 10 -4 11 14 -12 -13 28 -16 17 -17 21 -20 -21 -18 23 24 -22 -24 -27 -28 29 -1
right_child=-2 -3 9 4 -6 -7 -8 -9 -10 -11 12 13 -14 -15 15 16 18 -19 19 20 22 -23 25 -25 -26 26 27 -29 -30 -31
leaf_value=2.1660750943855069e-05 -0.0012167448177933693 0.0014928100236122393 0.0029121512635832745 0.0016619532368602687 -0.0044403559658402472 0.0020275420858524742 -0.0022413198440820754 -0.0021979767153728364 0.0025858210388105367 9.5262429676949982e-05 -0.00011041635093656747 -0.00050775872988869319 0.0027496745809912682 -0.0034642728751835723 0.0032329866196960213 0.00082491225562989715 0.00013392578490311279 -0.0056672973134978257 0.0034500398428062907 -0.0035421997924605687 0.0034687461934043784 0.0043203444624668923 0.0017278111423365773 0.0039880896075850441 -0.0030316508516831245 -0.0055448627109978008 -0.0025655324850231412 0.001716032000258565 -0.00034183675592854273 0.0027347232695095814
leaf_weight=2628 33 36 21 23 34 23 24 24 30 20 37 23 26 30 38 25 40 22 25 31 27 35 20 21 23 22 25 35 983 65
leaf_count=2628 33 36 21 23 34 23 24 24 30 20 37 23 26 30 38 25 40 22 25 31 27 35 20 21 23 22 25 35 983 65
internal_value=-1.77136e-14 9.09252e-06 -3.10242e-06 -1.76651e-05 -0.00197802 8.43021e-06 -2.47366e-06 1.0214e-05 2.27993e-05 0.00153806 4.4088e-06 -1.18924e-05 0.00106994 -0.00218126 1.63921e-05 0.000431819 0.000128559 -0.00221399 0.00049073 -3.2258e-05 -0.00045901 0.00208759 9.34688e-05 0.00151659 0.000478564 -0.000897137 -0.00153737 -6.79532e-05 -2.75691e-05 8.7145e-05
internal_weight=4449 4416 4380 4339 57 4282 4259 4235 4211 41 4181 4118 63 53 4065 389 351 47 304 229 204 75 173 71 50 102 82 60 3676 2693
internal_count=4449 4416 4380 4339 57 4282 4259 4235 4211 41 4181 4118 63 53 4065 389 351 47 304 229 204 75 173 71 50 102 82 60 3676 2693
is_linear=0
shrinkage=0.1


Tree=82
num_leaves=31
num_cat=0
split_feature=8 1 1 7 10 3 3 3 6 8 4 4 8 9 4 10 10 8 3 5 4 10 7 1 7 6 7 6 10 5
split_gain=0.0052012 0.0132073 0.0141885 0.0200894 0.0131536 0.0256585 0.0360769 0.039269 0.0193769 0.00689305 0.0227781 0.0281047 0.0166016 0.0151505 0.00925416 0.0338285 0.0676164 0.0481453 0.0457379 0.0394427 0.0332038 0.0298237 0.0550648 0.0333094 0.0534556 0.0268121 0.0195777 0.0114708 0.0210517 0.0617043
threshold=91002.125000000015 462.50000000000006 551.50000000000011 83741063.950000018 93161.875000000015 117664.00000000001 109019.50000000001 98587.000000000015 88151.200000000012 82476.625000000015 75096.000000000015 70493.000000000015 81695.125000000015 85383.500000000015 66616.500000000015 80699.375000000015 78647.750000000015 76233.125000000015 89213.500000000015 102902.00000000001 65975.500000000015 84528.250000000015 19095846.028750006 480.50000000000006 31911107.608750004 79751.275000000009 19709667.668750007 80372.750000000015 80161.250000000015 84206.000000000015
decision_type=2 2 2 2 2 2 2 2 2 2 2 2 2 2 2 2 2 2 2 2 2 2 2 2 2 2 2 2 2 2
left_child=4 -2 3 -3 8 6 7 -6 9 12 11 -11 13 14 20 16 18 25 -16 21 27 22 -19 -23 -25 -17 -22 28 -1 -30
right_child=1 2 -4 -5 5 -7 -8 -9 -10 10 -12 -13 -14 -15 15 17 -18 19 -20 -21 26 23 -24 24 -26 -27 -28 -29 29 -31
leaf_value=2.8385028348080512e-05 0.0015583808487281204 -0.0036812187460086802 0.00081087657017633321 0.00031294101616367702 -0.0017333850464118377 0.0039156230315566063 -0.0028222803850300039 0.0037364646027396829 -0.0025439967284910381 -0.00026194603429065044 -0.0016631818487353269 0.0048525464213029909 -0.0023148987119296386 0.0022470133441189924 -0.0026555969113750116 0.0046024470635118988 -0.0058613831264665356 0.0016901582310145551 0.0034374244495252657 -0.0049372713896445935 0.0048164528847502719 0.0043708695670251147 -0.0049953104811720555 0.002264575691272815 -0.0041893936338878819 0.00015039403369883076 0.00086045932177261544 0.0013361216404490055 -0.0053985318389355337 -0.00027373254712597685
leaf_weight=3520 20 34 22 20 21 25 26 35 30 21 21 22 31 30 28 31 32 22 22 20 22 22 28 33 21 24 29 63 28 146
leaf_count=3520 20 34 22 20 21 25 26 35 30 21 21 22 31 30 28 31 32 22 22 20 22 22 28 33 21 24 29 63 28 146
internal_value=5.60869e-12 -0.00072808 -0.00132978 -0.0022019 1.60569e-05 0.00111109 0.000256047 0.00168527 -1.15381e-05 6.48225e-06 0.00103638 0.00235477 -9.39286e-06 7.95018e-06 -8.46925e-06 -0.000560177 -0.00227192 0.000138147 2.53325e-05 -0.000811766 3.25321e-05 -0.000156923 -0.0020537 0.00109096 -0.000245301 0.00265973 0.00256697 -1.87194e-06 -2.4691e-05 -0.00109841
internal_weight=4449 96 76 54 4353 107 82 56 4246 4216 64 43 4152 4121 4091 283 82 201 50 146 3808 126 50 76 54 55 51 3757 3694 174
internal_count=4449 96 76 54 4353 107 82 56 4246 4216 64 43 4152 4121 4091 283 82 201 50 146 3808 126 50 76 54 55 51 3757 3694 174
is_linear=0
shrinkage=0.1


Tree=83
num_leaves=31
num_cat=0
split_feature=7 7 7 3 8 10 1 9 1 5 7 5 6 9 8 10 5 1 4 5 1 5 5 5 6 5 4 10 9 9
split_gain=0.00470514 0.00764603 0.0111911 0.00944109 0.010992 0.0142016 0.0201059 0.0170323 0.033953 0.0112304 0.00990314 0.00805888 0.0337078 0.0581388 0.0172102 0.020725 0.00953066 0.0299534 0.0183697 0.0133081 0.0866231 0.0166443 0.0267503 0.0239286 0.0231107 0.0379973 0.0380028 0.0224281 0.0143709 0.0287846
threshold=295057980.56875008 213908905.50750002 153087740.13875005 130052.00000000001 91002.125000000015 95365.375000000015 499.50000000000006 89845.000000000015 483.50000000000006 115267.00000000001 65056195.368750013 104421.00000000001 82357.700000000026 85852.000000000015 74480.000000000015 79015.250000000015 100690.00000000001 462.50000000000006 76639.500000000015 98413.500000000015 483.50000000000006 97584.500000000015 96749.000000000015 95901.500000000015 84220.275000000009 93943.500000000015 59426.000000000007 89265.875000000015 83505.750000000015 82212.500000000015
decision_type=2 2 2 2 2 2 2 2 2 2 2 2 2 2 2 2 2 2 2 2 2 2 2 2 2 2 2 2 2 2
left_child=1 2 3 4 5 7 -7 11 -9 -6 -5 16 14 -14 15 -13 18 -18 19 21 -21 22 23 24 25 28 -27 -26 29 -1
right_child=-2 -3 -4 10 9 6 -8 8 -10 -11 -12 12 13 -15 -16 -17 17 -19 -20 20 -22 -23 -24 -25 27 26 -28 -29 -30 -31
leaf_value=-8.5666708860632955e-06 -0.0011718737344969721 0.0015028504216495684 -0.0012754428666085006 -2.4798170805139389e-05 -0.00019651752463060209 0.0036007040502646797 -0.00061663988977670673 -0.0050154496426694098 0.00042069750079126272 -0.0032330166193700973 0.0029097255218126206 0.0034283657136949756 -0.004115559418428818 0.0019793150734211153 0.0047012980477037754 -0.0010695825004950167 -0.0038533387598223413 0.00041009321187933286 0.0030407870086128241 0.0045028361812787686 -0.0032110866743702594 -0.0025927148815244436 0.0030215653173368555 -0.00279408237866817 -0.0046211868485746292 -0.00010592878606985323 0.0046620720910972779 -0.00038858797899240838 0.0020278563948950786 -0.0027754263891103239
leaf_weight=3570 34 34 68 23 29 26 20 20 27 21 23 21 29 34 22 20 26 45 20 37 24 25 29 31 21 32 35 31 34 38
leaf_count=3570 34 34 68 23 29 26 20 20 27 21 23 21 29 34 22 20 26 45 20 37 24 25 29 31 21 32 35 31 34 38
internal_value=-1.754e-12 9.02462e-06 -2.56864e-06 1.74999e-05 2.13817e-06 1.96149e-05 0.00176708 3.42944e-07 -0.00189256 -0.00147185 0.00144246 2.19158e-05 0.00080935 -0.000826262 0.00244496 0.00123424 -2.90082e-06 -0.00115116 1.78597e-05 2.3853e-06 0.00146785 -2.08579e-05 -4.03078e-06 -2.71696e-05 -4.36332e-06 2.49881e-05 0.00238482 -0.00209791 -1.84245e-05 -3.77077e-05
internal_weight=4449 4415 4381 4313 4267 4217 46 4171 47 50 46 4124 126 63 63 41 3998 71 3927 3907 61 3846 3821 3792 3761 3709 67 52 3642 3608
internal_count=4449 4415 4381 4313 4267 4217 46 4171 47 50 46 4124 126 63 63 41 3998 71 3927 3907 61 3846 3821 3792 3761 3709 67 52 3642 3608
is_linear=0
shrinkage=0.1


Tree=84
num_leaves=31
num_cat=0
split_feature=4 7 7 10 10 8 6 7 9 1 10 7 6 7 5 4 9 4 5 4 7 1 1 4 9 8 4 4 9 7
split_gain=0.00471921 0.00623594 0.0177476 0.0146069 0.0119846 0.0133198 0.0193912 0.0223928 0.0187507 0.0159134 0.0135991 0.00755957 0.0292402 0.0243739 0.0400151 0.0237014 0.0179602 0.0388722 0.0458457 0.0336723 0.051227 0.0270785 0.0409703 0.0362079 0.0328342 0.0240121 0.0205398 0.0175082 0.0168731 0.0168361
threshold=14744.500000000002 116786446.22750002 106347077.19375001 76497.250000000015 100633.12500000001 55610.000000000007 69763.875000000015 137209863.91375002 78995.750000000015 461.50000000000006 77949.250000000015 66770547.583750002 93097.175000000017 62416639.133750007 96396.500000000015 71272.000000000015 58875.000000000007 48743.000000000007 80402.500000000015 60127.500000000007 77142280.710000023 487.50000000000006 473.50000000000006 55950.000000000007 69486.250000000015 48825.000000000007 63158.000000000007 42836.500000000007 63691.500000000007 60609220.583750017
decision_type=2 2 2 2 2 2 2 2 2 2 2 2 2 2 2 2 2 2 2 2 2 2 2 2 2 2 2 2 2 2
left_child=-1 2 11 -4 5 -3 -7 -8 10 -10 -9 13 15 29 27 16 25 18 -18 21 -21 22 24 -23 -19 -13 -22 -15 -20 -2
right_child=1 4 3 -5 -6 6 7 8 9 -11 -12 12 -14 14 -16 -17 17 19 28 20 26 23 -24 -25 -26 -27 -28 -29 -30 -31
leaf_value=0.0011403005175654672 2.1598412036342371e-05 -0.0020215273927897217 7.6029167394153782e-05 0.003466629863854636 -0.0026476286662121614 0.0023702608860818853 -0.0032386334106812016 0.0003921542702050045 0.0038609188760165129 -8.047093592938924e-05 -0.0029049292206764221 -0.00064087778178823971 -0.0038751939210392864 -0.002132926075719297 0.0049848560445333043 0.0030616891814307088 0.00038736426785331349 -0.0019532057180724764 -0.0025463973963633182 0.0017709730618536987 -0.005973494340432808 0.0010484662284520833 0.0058033473967086706 -0.0041503588646827714 0.0025600355065398617 0.0031321272111287518 -0.0019959059564358984 0.0015394089595616065 -0.0064432918485254056 -0.0022140821613207021
leaf_weight=36 3622 35 24 27 24 31 23 29 20 21 22 37 23 20 26 21 29 27 20 29 20 37 21 21 40 31 37 37 25 34
leaf_count=36 3622 35 24 27 24 31 23 29 20 21 22 37 23 20 26 21 29 27 20 29 20 37 21 21 40 31 37 37 25 34
internal_value=5.19962e-12 -9.30224e-06 1.69353e-05 0.00187105 -0.000547876 -0.000269455 0.000150562 -0.000447792 0.000249919 0.00184216 -0.00103012 -5.81188e-06 -0.00040913 3.9277e-05 0.00173381 -0.000207309 -0.000390862 -0.000717536 -0.0027132 -8.09884e-05 -0.0016507 0.000843636 0.00194926 -0.000833867 0.000741267 0.00107917 -0.00339155 0.00025087 -0.00471134 8.07072e-07
internal_weight=4449 4413 4208 51 205 181 146 115 92 41 51 4157 418 3739 83 395 374 306 74 232 86 146 88 58 67 68 57 57 45 3656
internal_count=4449 4413 4208 51 205 181 146 115 92 41 51 4157 418 3739 83 395 374 306 74 232 86 146 88 58 67 68 57 57 45 3656
is_linear=0
shrinkage=0.1


Tree=85
num_leaves=31
num_cat=0
split_feature=1 7 7 5 1 1 4 7 5 7 7 3 1 6 8 5 10 3 7 10 5 1 5 5 8 5 4 5 9 1
split_gain=0.0046215 0.0141812 0.0145816 0.00638391 0.0214203 0.023274 0.0311685 0.0235253 0.0204105 0.0568715 0.0155357 0.0138642 0.0110818 0.00814587 0.0415986 0.0209564 0.0184194 0.0140052 0.0123234 0.0103212 0.0782196 0.0351887 0.0275004 0.0452802 0.0450886 0.0369452 0.0335606 0.0264492 0.0257514 0.0228622
threshold=354.50000000000006 15878431.137500001 41271815.565000005 46009.000000000007 470.50000000000006 453.50000000000006 31246.500000000004 9063844.4375000019 47851.500000000007 11386984.048750002 10516491.738750001 41703.500000000007 367.50000000000006 40630.80000000001 39168.625000000007 49576.000000000007 39845.375000000007 45183.000000000007 4757175.2775000008 50456.000000000007 53028.500000000007 420.50000000000006 54997.500000000007 55887.000000000007 48825.000000000007 56272.000000000007 41260.000000000007 56859.500000000007 47116.000000000007 493.50000000000006
decision_type=2 2 2 2 2 2 2 2 2 2 2 2 2 2 2 2 2 2 2 2 2 2 2 2 2 2 2 2 2 2
left_child=1 -1 -3 4 5 6 7 -2 9 -5 -6 -9 -10 16 -15 -16 -14 -17 -19 21 -21 -20 26 24 -24 -25 -22 -27 29 -23
right_child=3 2 -4 8 10 -7 -8 11 12 -11 -12 -13 13 14 15 17 -18 18 19 20 22 28 23 25 -26 27 -28 -29 -30 -31
leaf_value=-0.0011739392701367087 -0.002673662717071628 0.0026752651386777872 0.00012486434961650887 -0.0061874202528269962 0.00046097542243925011 -0.0029045682400465015 0.0039848853390486464 0.0025419974827225536 -0.0018149348638390247 0.00065227253437643087 0.0041045928932726388 -0.0008285009914644711 -0.00066809889283918204 -0.0040827828170731661 0.0025186749079942027 -0.0023711830340325834 0.0035722866305150092 0.0020569981400983344 -0.002044312609714547 -0.0057437313235520074 -0.00031246220589511926 0.0010840821924317755 0.00012215358205139637 0.0036735556347088682 -0.0064382698150108235 -0.0036659213574603204 0.0046287693332747694 -1.9012372215644567e-05 0.0029043997723298769 -0.0020721646330238057
leaf_weight=33 28 40 51 20 22 24 21 26 34 31 25 23 21 25 33 25 20 29 41 24 27 110 20 27 22 20 28 3510 60 29
leaf_count=33 28 40 51 20 22 24 21 26 34 31 25 23 21 25 33 25 20 29 41 24 27 110 20 27 22 20 28 3510 60 29
internal_value=-1.69654e-13 0.000601925 0.00124592 -1.72575e-05 0.000585225 -0.000113551 0.000569964 -0.000361378 -4.17569e-05 -0.00202996 0.00239907 0.000959927 -1.70557e-05 -2.0403e-06 -1.63081e-05 9.07562e-06 0.00140038 -1.17745e-05 3.16979e-06 -1.20321e-05 -5.34924e-05 0.000623348 -1.61181e-05 -5.00319e-05 -0.00331426 -1.14889e-05 0.00220307 -3.96747e-05 0.00117297 0.000425585
internal_weight=4449 124 91 4325 169 122 98 77 4156 51 47 49 4105 4071 4030 4005 41 3972 3947 3918 3678 240 3654 3599 42 3557 55 3530 199 139
internal_count=4449 124 91 4325 169 122 98 77 4156 51 47 49 4105 4071 4030 4005 41 3972 3947 3918 3678 240 3654 3599 42 3557 55 3530 199 139
is_linear=0
shrinkage=0.1


Tree=86
num_leaves=31
num_cat=0
split_feature=5 3 9 4 9 4 7 9 5 6 5 9 5 1 9 4 7 9 4 1 9 1 1 6 1 6 7 1 7 7
split_gain=0.00459843 0.0132794 0.00846728 0.00777586 0.0240958 0.0195616 0.0223462 0.017256 0.0231376 0.0194165 0.017022 0.0160688 0.0128517 0.0317914 0.0152484 0.012386 0.0100699 0.00994522 0.0229554 0.0204783 0.0159971 0.0792082 0.0226618 0.0220564 0.0296942 0.0291258 0.025763 0.0223233 0.014941 0.0362851
threshold=38309.000000000007 37845.000000000007 34087.250000000007 32182.500000000004 40962.500000000007 28677.500000000004 30635194.293749999 42848.250000000007 47851.500000000007 43923.325000000004 58550.000000000007 44649.250000000007 51317.500000000007 447.50000000000006 38827.750000000007 21020.500000000004 18017019.415000003 46156.500000000007 35839.000000000007 481.50000000000006 47658.250000000007 494.50000000000006 461.50000000000006 48512.875000000007 461.50000000000006 48839.30000000001 4757175.2775000008 492.50000000000006 15396976.467500003 14658055.71875
decision_type=2 2 2 2 2 2 2 2 2 2 2 2 2 2 2 2 2 2 2 2 2 2 2 2 2 2 2 2 2 2
left_child=-1 -2 -3 5 -5 6 16 -6 -9 -10 -8 -11 14 -14 -7 -12 -4 18 -13 -20 21 22 -19 24 -22 -25 -27 -26 29 -28
right_child=1 2 3 4 7 12 10 8 9 11 15 17 13 -15 -16 -17 -18 20 19 -21 23 -23 -24 25 27 26 28 -29 -30 -31
leaf_value=0.00091718317724169345 -0.0023570902184777273 -0.0017976311910807945 -0.00078210646472871316 -0.002496610630231981 0.0021805986969007387 0.00056712282821536064 0.0023362185251351226 -0.0031142122442057978 0.0025781683298630705 -0.0027139169994784013 0.0012169333652612599 -0.0013165980233284444 0.0024583289316162851 -0.0015794019871510755 0.0035787941730814053 -0.0017883093896671198 -0.0037524795159697534 -0.0010418458421510167 0.00050820510262962091 0.0049294623103924096 -0.00083146665034995932 -0.0067102064522692852 0.0028799172207389194 -0.0029011515479734438 0.005316625318179528 0.0032629582106286159 -0.00020512737034822064 0.0011604317588665123 6.9630073565525073e-05 -0.0026652634449636763
leaf_weight=54 24 26 25 39 36 29 34 24 29 22 24 23 39 39 40 32 21 41 22 20 31 21 23 35 24 24 570 28 2983 67
leaf_count=54 24 26 25 39 36 29 34 24 29 22 24 23 39 39 40 32 21 41 22 20 31 21 23 35 24 24 570 28 2983 67
internal_value=2.73633e-12 -1.12691e-05 1.61114e-06 1.23776e-05 -2.29328e-05 0.0005192 -0.000345168 1.04768e-06 -1.86322e-05 1.14654e-07 0.000571244 -1.88898e-05 0.00131889 0.000439463 0.00231302 -0.000500348 -0.00213815 -3.73373e-06 0.00122289 0.00261357 -2.44591e-05 -0.00138108 0.000367538 6.19287e-06 0.00161826 -3.01761e-05 -2.60092e-06 0.00307867 -2.4251e-05 -0.000463886
internal_weight=4449 4395 4371 4345 4062 283 136 4023 3987 3963 90 3934 147 78 69 56 46 3912 65 42 3847 85 64 3762 83 3679 3644 52 3620 637
internal_count=4449 4395 4371 4345 4062 283 136 4023 3987 3963 90 3934 147 78 69 56 46 3912 65 42 3847 85 64 3762 83 3679 3644 52 3620 637
is_linear=0
shrinkage=0.1


Tree=87
num_leaves=31
num_cat=0
split_feature=10 9 8 1 10 3 5 10 1 5 6 9 8 3 10 10 10 8 9 9 8 3 8 7 6 4 4 4 9 8
split_gain=0.00431902 0.00755949 0.0300449 0.0264746 0.0104593 0.0277404 0.0330374 0.0168064 0.0194544 0.0134154 0.0111175 0.0143345 0.0401765 0.0111531 0.009381 0.0315639 0.0129229 0.0233269 0.0341545 0.0172813 0.0147142 0.0285777 0.0171248 0.0328056 0.0186447 0.0363674 0.0228454 0.0377173 0.063364 0.024205
threshold=108464.00000000001 95617.500000000015 89692.625000000015 503.50000000000006 93161.875000000015 107995.00000000001 113994.50000000001 90556.250000000015 498.50000000000006 101139.00000000001 85693.35000000002 85383.500000000015 81353.375000000015 103746.50000000001 87078.125000000015 87715.500000000015 85910.125000000015 79119.625000000015 82434.750000000015 81405.750000000015 77077.875000000015 92642.000000000015 75999.375000000015 28285684.858750008 79074.550000000017 65975.500000000015 63488.000000000007 62521.500000000007 72698.000000000015 75020.750000000015
decision_type=2 2 2 2 2 2 2 2 2 2 2 2 2 2 2 2 2 2 2 2 2 2 2 2 2 2 2 2 2 2
left_child=1 2 4 -3 7 9 -7 10 -9 -6 11 12 14 -12 16 -16 17 18 19 20 22 -22 24 -24 26 -26 27 -1 -29 -28
right_child=-2 3 -4 -5 5 6 -8 8 -10 -11 13 -13 -14 -15 15 -17 -18 -19 -20 -21 21 -23 23 -25 25 -27 29 28 -30 -31
leaf_value=9.6292253646525806e-06 -0.0011397742687470536 0.003398930660582015 -0.0038744342245627195 -0.00067666622470258871 0.0012470375270704215 -0.0033933209043673497 0.0022223485819995404 -0.0030739505272848831 0.00033256915591967605 0.0047882945986930285 0.0033372311932180309 -0.0020480757757254382 0.0040932010936861243 0.0001689791181124747 -0.004102935662250156 0.00089668674959934185 0.0018670297750095662 -0.0025807668348508221 0.0040344102507723235 -0.0021314190406548352 0.0045182372254896023 -0.00040037429598332558 0.0005175747048969452 -0.0047292533796280626 -0.00056010478606017741 0.0049642179171893409 -0.00054379834697292648 -0.00072942652914207437 0.0055157707693676153 -0.0034116165472797173
leaf_weight=3431 33 28 20 37 23 22 20 38 30 20 20 34 24 25 23 28 37 35 21 38 21 27 26 22 26 22 219 32 33 34
leaf_count=3431 33 28 20 37 23 22 20 38 30 20 20 34 24 25 23 28 37 35 21 38 21 27 26 22 26 22 219 32 33 34
internal_value=-4.38831e-12 8.51733e-06 -7.47435e-06 0.00107898 1.03828e-05 0.00110873 -0.000719193 -1.16048e-05 -0.00157107 0.00289413 1.37767e-05 -3.2446e-06 1.37167e-05 0.00157709 -1.03097e-05 -0.00135804 6.7714e-06 -1.04921e-05 1.2271e-05 -9.21591e-06 1.14991e-05 0.00175152 -1.02228e-05 -0.00188722 1.35054e-05 0.00197188 -1.15685e-05 5.48389e-05 0.00244121 -0.000929197
internal_weight=4449 4416 4351 65 4331 85 42 4246 68 43 4178 4133 4099 45 4075 51 4024 3987 3952 3931 3893 48 3845 48 3797 48 3749 3496 65 253
internal_count=4449 4416 4351 65 4331 85 42 4246 68 43 4178 4133 4099 45 4075 51 4024 3987 3952 3931 3893 48 3845 48 3797 48 3749 3496 65 253
is_linear=0
shrinkage=0.1


Tree=88
num_leaves=31
num_cat=0
split_feature=0 3 3 3 7 3 8 4 3 5 10 4 5 6 1 9 8 4 4 6 10 9 10 4 5 4 6 1 9 5
split_gain=0.00460314 0.0125079 0.0589987 0.0525299 0.0326617 0.0249037 0.0408083 0.0350979 0.0238632 0.0212416 0.0441916 0.0300718 0.0191662 0.01912 0.0129802 0.0236785 0.032233 0.0205551 0.0338979 0.0337091 0.0361614 0.0253043 0.0236977 0.0388104 0.0170605 0.015196 0.0125024 0.0102088 0.02435 0.025448
threshold=21.500000000000004 78008.500000000015 74576.500000000015 82447.500000000015 16221477.307500001 69214.000000000015 60935.625000000007 53383.000000000007 71302.000000000015 56859.500000000007 52660.375000000007 38664.500000000007 47246.500000000007 55261.80000000001 581.50000000000011 81707.750000000015 72506.875000000015 75096.000000000015 71613.000000000015 77284.47500000002 78367.000000000015 72889.500000000015 73218.125000000015 54007.500000000007 73772.000000000015 66381.500000000015 65988.450000000012 539.50000000000011 74923.500000000015 78397.000000000015
decision_type=2 2 2 2 2 2 2 2 2 2 2 2 2 2 2 2 2 2 2 2 2 2 2 2 2 2 2 2 2 2
left_child=27 2 5 26 -4 7 8 9 -7 10 11 12 -2 -11 15 16 24 18 19 20 21 22 23 -16 -5 -21 -3 -1 29 -29
right_child=1 3 4 14 -6 6 -8 -9 -10 13 -12 -13 -14 -15 17 -17 -18 -19 -20 25 -22 -23 -24 -25 -26 -27 -28 28 -30 -31
leaf_value=-2.0604446569302768e-05 0.0011639987827157196 0.0021254323694544536 -0.0055360321469348052 0.0023682957266767824 -0.00070285697864299571 0.0028074703327464791 0.0055470583981580357 -0.0040806566365063192 -0.0016293193295563537 0.0036348069169824682 -0.0036023901391993556 0.0034090793616121159 -0.0030145046123791312 0.00020973368850835149 -0.0019433722452193156 -0.0011814801900816912 0.0051620309565054336 0.0021561287715678302 -0.0034357064959990302 6.4642153059442842e-05 -0.003821899403720313 0.0024733242661421819 -0.0029505738920039114 0.0027072300381191516 -0.0010966097455282042 0.0035265682454337366 0.0051875829508693039 -0.00076577553169473133 0.00098554373355856282 -0.0052611829084344211
leaf_weight=3586 23 30 29 30 27 22 22 21 27 28 34 27 21 39 38 33 23 33 34 21 31 31 34 34 27 32 24 34 34 20
leaf_count=3586 23 30 29 30 27 22 22 21 27 28 34 27 21 39 38 33 23 33 34 21 31 31 34 34 27 32 24 34 34 20
internal_value=-1.24038e-12 0.00022147 -0.00025757 0.000558377 -0.00320575 0.000367802 0.00196913 -0.000221287 0.000362709 0.000249915 -0.000637798 0.000781866 -0.000830287 0.00164111 0.000164081 0.00107237 0.00200209 -0.000192298 -0.000496212 -4.39819e-05 -0.000737665 -3.97721e-05 -0.000774734 0.000252745 0.000727025 0.00215486 0.00348639 -4.67172e-05 -0.00111081 -0.00243074
internal_weight=4449 775 320 455 56 264 71 193 49 172 105 71 44 67 401 113 80 288 255 221 168 137 106 72 57 53 54 3674 88 54
internal_count=4449 775 320 455 56 264 71 193 49 172 105 71 44 67 401 113 80 288 255 221 168 137 106 72 57 53 54 3674 88 54
is_linear=0
shrinkage=0.1


Tree=89
num_leaves=31
num_cat=0
split_feature=1 7 1 1 1 3 7 3 8 1 7 6 1 4 5 10 9 4 4 8 7 7 8 6 3 3 5 7 9 7
split_gain=0.00396406 0.0189465 0.0384421 0.0641403 0.0585611 0.0957758 0.0453948 0.0435062 0.0345046 0.0300863 0.0322259 0.057741 0.0303139 0.0297333 0.0295452 0.0270384 0.0335554 0.0258582 0.0237279 0.036632 0.0559627 0.0195037 0.0179262 0.021503 0.0167322 0.0970933 0.0827673 0.0313145 0.0576109 0.0346287
threshold=454.50000000000006 30635194.293749999 437.50000000000006 449.50000000000006 424.50000000000006 74177.500000000015 17126019.723750003 65081.000000000007 63691.625000000007 438.50000000000006 52422280.148750007 55261.80000000001 434.50000000000006 39076.500000000007 62726.000000000007 59372.875000000007 49141.750000000007 46972.000000000007 38664.500000000007 37221.375000000007 13946049.603750002 37076529.24000001 81353.375000000015 81597.450000000026 53447.000000000007 55132.500000000007 54997.500000000007 9063844.4375000019 37287.250000000007 24633536.518750004
decision_type=2 2 2 2 2 2 2 2 2 2 2 2 2 2 2 2 2 2 2 2 2 2 2 2 2 2 2 2 2 2
left_child=1 2 4 15 5 7 -5 14 13 12 11 -11 22 -6 18 16 -4 -13 19 -1 -21 -19 23 -3 27 26 -26 -2 -29 -30
right_child=24 9 3 6 8 -7 -8 -9 -10 10 -12 17 -14 -15 -16 -17 -18 21 -20 20 -22 -23 -24 -25 25 -27 -28 28 29 -31
leaf_value=0.00067650972656209515 -0.00090793615921264451 0.00028257930162825772 -0.0026442719945120384 0.0037811885564588013 0.0036220931793962208 -0.0058236695267260075 -0.0019276733044534923 0.0036622682169470339 0.0060326227490440946 -0.0015581342258623669 0.00045983518838580161 0.0074651680886745455 -0.0033274826313136143 -0.00021061665368809677 -0.0040041432902216912 -0.0011354738364129193 -0.0075516982850703327 0.00081607250031083827 0.0022396122344220297 -0.0067755685001611712 -0.00032337327294687675 0.0050057436879724264 0.0028546096850186591 -0.002873370850094311 -0.00092281907200231217 -4.8658200490349014e-05 -0.0086914192691134925 -0.00338347454595825 0.0024304847294798148 -0.0017977431712841445
leaf_weight=99 89 352 38 30 35 30 26 31 20 21 119 20 25 48 20 42 22 20 39 20 41 25 25 23 32 2926 24 23 162 22
leaf_count=99 89 352 38 30 35 30 26 31 20 21 119 20 25 48 20 42 22 20 39 20 41 25 25 23 32 2926 24 23 162 22
internal_value=1.65564e-12 0.00015793 -0.000276137 -0.00158857 0.000265282 -0.000484689 0.00113065 0.000155988 0.00230404 0.000530677 0.0015257 0.00300055 5.0726e-05 0.00140559 -0.000340334 -0.00308147 -0.00444366 0.00447336 2.78878e-05 -0.00051122 -0.00243885 0.00314367 0.000261864 8.90144e-05 -5.64174e-05 -0.000127598 -0.00425222 0.000660682 0.00133511 0.00192494
internal_weight=4449 1171 541 158 383 280 56 250 103 630 205 86 425 83 219 102 60 65 199 160 61 45 400 375 3278 2982 56 296 207 184
internal_count=4449 1171 541 158 383 280 56 250 103 630 205 86 425 83 219 102 60 65 199 160 61 45 400 375 3278 2982 56 296 207 184
is_linear=0
shrinkage=0.1


Tree=90
num_leaves=31
num_cat=0
split_feature=10 4 9 9 4 10 10 1 6 9 8 4 4 8 8 8 10 10 8 8 5 7 6 5 6 1 6 4 4 3
split_gain=0.0040468 0.00629627 0.00840271 0.0202893 0.0391033 0.00880888 0.00957316 0.022996 0.00913799 0.0103311 0.0320881 0.00921193 0.0260575 0.023962 0.101572 0.0833103 0.0462817 0.0411246 0.022116 0.0482804 0.0396201 0.0173893 0.0166084 0.0157492 0.0104437 0.03302 0.0199191 0.0311068 0.0277887 0.0619384
threshold=108464.00000000001 83238.000000000015 95617.500000000015 91283.500000000015 73307.000000000015 93161.875000000015 90556.250000000015 498.50000000000006 85693.35000000002 85383.500000000015 81353.375000000015 66616.500000000015 65975.500000000015 73139.750000000015 71673.375000000015 74077.250000000015 80930.000000000015 82464.000000000015 78074.000000000015 79314.250000000015 89054.000000000015 19709667.668750007 81333.10000000002 91403.500000000015 80372.750000000015 492.50000000000006 78677.72500000002 62521.500000000007 64700.000000000007 77010.000000000015
decision_type=2 2 2 2 2 2 2 2 2 2 2 2 2 2 2 2 2 2 2 2 2 2 2 2 2 2 2 2 2 2
left_child=1 2 3 5 -5 6 8 -8 9 10 11 12 24 14 -13 -15 -17 -18 20 -20 -19 -14 -22 -21 26 -26 28 -28 -1 -30
right_child=-2 -3 -4 4 -6 -7 7 -9 -10 -11 -12 13 21 15 -16 16 17 18 19 23 22 -23 -24 -25 25 -27 27 -29 29 -31
leaf_value=4.6325283110226127e-05 -0.0011032710529186509 0.0013253273704322056 0.0014222904625235172 0.0012942457936056283 -0.0040445210302577301 0.001504937474591992 -0.0027945778602244038 0.0010223086350716014 0.0014312076735465478 -0.001737504148417536 0.0036586409434676173 0.0021236801742697538 0.0043966548940674822 0.005559097496671197 -0.0071759559640971323 -0.0047313097264402764 0.0033025588989923044 0.0037240280536934736 -0.0047804159863985007 -0.0020015249704010787 -0.0034530396899208429 0.00066830787631072877 0.00062230543480836788 0.0017008617934253481 -0.00047530162172686121 0.0043928131080147896 -0.0047155328520128263 4.6161292394732728e-05 0.0023078665116124534 -0.0041906496488743209
leaf_weight=3571 33 36 41 23 34 39 38 27 45 34 24 23 22 23 24 26 28 24 35 20 20 29 20 27 38 22 23 34 22 44
leaf_count=3571 33 36 41 23 34 39 38 27 45 34 24 23 22 23 24 26 28 24 35 20 20 29 20 27 38 22 23 34 22 44
internal_value=8.48616e-13 8.24455e-06 -2.58078e-06 -1.60447e-05 -0.00189028 8.90432e-06 -4.84663e-06 -0.0012091 1.38888e-05 -1.54294e-06 1.28563e-05 -8.61576e-06 3.14355e-05 -0.000573042 -0.00262507 -0.000140551 -0.000796011 -0.000207978 -0.000881232 -0.00196856 0.000511906 0.00227661 -0.00141537 0.000125378 9.33596e-07 0.00130967 -2.03237e-05 -0.00187522 8.74679e-06 -0.00202448
internal_weight=4449 4416 4380 4339 57 4282 4243 65 4178 4133 4099 4075 3805 270 47 223 200 174 146 82 64 51 40 47 3754 60 3694 57 3637 66
internal_count=4449 4416 4380 4339 57 4282 4243 65 4178 4133 4099 4075 3805 270 47 223 200 174 146 82 64 51 40 47 3754 60 3694 57 3637 66
is_linear=0
shrinkage=0.1


Tree=91
num_leaves=31
num_cat=0
split_feature=8 4 7 4 10 3 3 3 8 5 3 6 3 6 3 3 5 10 9 10 8 6 5 1 5 5 5 3 3 8
split_gain=0.00437024 0.0124698 0.0190035 0.0120102 0.00944583 0.0201609 0.0249173 0.0280197 0.0139704 0.0089266 0.0110903 0.0335184 0.0193988 0.0250382 0.0168778 0.00994805 0.0423331 0.0182679 0.043921 0.0426728 0.0273462 0.020991 0.0131085 0.0614251 0.0203156 0.016036 0.0229646 0.0138566 0.0328463 0.0451347
threshold=91002.125000000015 88831.500000000015 80198822.455000013 81094.500000000015 93161.875000000015 117664.00000000001 109019.50000000001 98587.000000000015 85631.875000000015 124988.00000000001 118625.00000000001 79949.525000000009 112515.00000000001 79508.025000000009 110579.00000000001 101480.50000000001 100690.00000000001 80406.500000000015 80310.500000000015 77949.250000000015 80634.500000000015 69353.200000000012 98413.500000000015 483.50000000000006 97584.500000000015 96749.000000000015 95901.500000000015 93740.000000000015 91935.000000000015 70468.500000000015
decision_type=2 2 2 2 2 2 2 2 2 2 2 2 2 2 2 2 2 2 2 2 2 2 2 2 2 2 2 2 2 2
left_child=4 2 3 -2 8 6 7 -6 9 10 12 -12 14 -14 15 16 22 19 -19 21 -20 -17 24 -24 25 26 27 28 -1 -30
right_child=1 -3 -4 -5 5 -7 -8 -9 -10 -11 11 -13 13 -15 -16 17 -18 18 20 -21 -22 -23 23 -25 -26 -27 -28 -29 29 -31
leaf_value=3.135978852494171e-06 -0.00093798000041557398 0.0011545640278469635 0.00096663880242925631 -0.004169648512565207 -0.0015152464332502513 0.0034286627499386674 -0.0023735533378875027 0.0031051818633984242 -0.0023195773354158381 0.0020621732919521274 0.0011660416765759388 -0.0036906032997649166 -0.00054502370379244289 0.0037572369753052629 -0.0026548285696965952 0.0028620306997750467 -0.0045065044819022574 -0.0037869003089144831 0.0024308451274409892 0.0057410534981283401 -0.001472449999917964 -0.0011022034864735734 0.0036784864673834478 -0.0027504758970083101 -0.0028698418620042507 0.0023327169426042458 -0.0027383581554937747 0.00093624566662280518 0.00094955448964328482 -0.0037446412572602708
leaf_weight=3475 23 27 23 23 21 25 26 35 26 21 27 30 24 31 24 22 21 25 50 21 28 34 42 23 25 29 31 150 33 54
leaf_count=3475 23 27 23 23 21 25 26 35 26 21 27 30 24 31 24 22 21 25 50 21 28 34 42 23 25 29 31 150 33 54
internal_value=-1.47629e-12 -0.000667391 -0.00138033 -0.00255381 1.47185e-05 0.000942667 0.000184742 0.00137252 -8.666e-06 5.57184e-06 -4.71362e-06 -0.00139009 1.43512e-05 0.00187989 -1.07539e-05 4.86454e-06 -2.88252e-05 0.000731628 -0.000139406 0.00189678 0.00102966 0.000455174 -4.47743e-06 0.00140362 -2.85824e-05 -9.75113e-06 -2.79001e-05 -5.26427e-06 -4.49124e-05 -0.00196408
internal_weight=4449 96 69 46 4353 107 82 56 4246 4220 4199 57 4142 55 4087 4063 3883 180 103 77 78 56 3862 65 3797 3772 3743 3712 3562 87
internal_count=4449 96 69 46 4353 107 82 56 4246 4220 4199 57 4142 55 4087 4063 3883 180 103 77 78 56 3862 65 3797 3772 3743 3712 3562 87
is_linear=0
shrinkage=0.1


Tree=92
num_leaves=31
num_cat=0
split_feature=7 10 4 1 4 3 4 8 10 1 9 1 5 6 1 1 4 3 3 1 4 1 7 7 3 10 4 7 9 4
split_gain=0.0046186 0.0115739 0.0230266 0.0135074 0.0179854 0.00694539 0.00954965 0.00824464 0.00930324 0.0151851 0.0114778 0.0254486 0.00834159 0.00748272 0.00620335 0.0166976 0.050583 0.01234 0.0748557 0.0652789 0.0989889 0.0487 0.0334045 0.0566127 0.0329901 0.0329554 0.0320413 0.0379084 0.0316616 0.0310682
threshold=153087740.13875005 89698.750000000015 57243.000000000007 440.50000000000006 35331.000000000007 130052.00000000001 83238.000000000015 91002.125000000015 95365.375000000015 499.50000000000006 89845.000000000015 483.50000000000006 115267.00000000001 87770.075000000026 400.50000000000006 407.50000000000006 39760.500000000007 86030.000000000015 83980.500000000015 484.50000000000006 63488.000000000007 522.50000000000011 20000784.103750002 21898055.450000007 88556.000000000015 65565.000000000015 48501.500000000007 84632901.85375002 70971.500000000015 55524.500000000007
decision_type=2 2 2 2 2 2 2 2 2 2 2 2 2 2 2 2 2 2 2 2 2 2 2 2 2 2 2 2 2 2
left_child=5 2 3 -2 -5 7 -7 8 10 -10 13 -12 -9 14 -1 16 -16 18 -17 28 21 -21 24 -24 -19 -25 27 -27 -20 -28
right_child=1 -3 -4 4 -6 6 -8 12 9 -11 11 -13 -14 -15 15 17 -18 22 19 20 -22 -23 23 25 -26 26 29 -29 -30 -31
leaf_value=0.000444685385915172 0.00053102865349501376 -0.0021716108162175207 0.0024630024166846717 -0.00012079319068496781 -0.0043109235633164641 0.0026197859284972464 -0.00026461569042029705 -0.00017251088283956053 0.0030279220619167276 -0.00063717476034071303 -0.0042530799517408015 0.00045326360376310291 -0.0027894937167210238 0.0015219461864255596 0.0014884346884421328 1.2247193827465657e-05 -0.0052186449078600048 0.0051528211291879417 -0.0019903750923861352 0.0013461673986166717 -0.01001672415683667 -0.00422834870904418 -0.0042442315330343513 0.0026879098445463639 0.0010032166381900357 -0.0057473870902322241 0.0015893944582996379 0.00040959568228572614 0.0028090234932110266 -7.5980940297590348e-05
leaf_weight=304 34 34 27 21 20 24 22 29 26 20 20 27 21 33 22 2638 23 25 28 25 21 42 29 52 82 20 138 20 27 595
leaf_count=304 34 34 27 21 20 24 22 29 26 20 20 27 21 33 22 2638 23 25 28 25 21 42 29 52 82 20 138 20 27 595
internal_value=-3.62751e-12 -0.000573778 -4.11675e-05 -0.000942669 -0.00216476 1.80927e-05 0.00124029 4.91693e-06 2.00528e-05 0.0014344 4.45462e-06 -0.00154944 -0.00127164 2.21638e-05 1.00659e-05 -2.4823e-05 -0.00193963 -1.79626e-06 -0.000108546 -0.00233688 -0.004026 -0.00214831 0.000307123 9.84316e-05 0.00197275 0.000251083 8.71565e-05 -0.0026689 0.000365693 0.000237555
internal_weight=4449 136 102 75 41 4313 46 4267 4217 46 4171 47 50 4124 4091 3787 45 3742 2781 143 88 67 961 854 107 825 773 40 55 733
internal_count=4449 136 102 75 41 4313 46 4267 4217 46 4171 47 50 4124 4091 3787 45 3742 2781 143 88 67 961 854 107 825 773 40 55 733
is_linear=0
shrinkage=0.1


Tree=93
num_leaves=31
num_cat=0
split_feature=1 1 7 1 7 3 7 9 7 7 1 1 0 8 7 7 6 8 6 4 7 5 4 10 9 1 9 5 4 7
split_gain=0.0045259 0.0095562 0.0212236 0.00873334 0.0193648 0.0118143 0.00658654 0.0237117 0.0153284 0.02502 0.0166663 0.0361154 0.0064823 0.0182959 0.0183299 0.0218119 0.0390017 0.0414788 0.065475 0.031123 0.0292538 0.0146906 0.0229419 0.0254378 0.0251994 0.0175915 0.042155 0.0379415 0.0174419 0.0173754
threshold=671.50000000000011 749.50000000000011 20565129.333750006 648.50000000000011 14360294.045000002 84194.000000000015 5010813.0837500012 48791.250000000007 6341711.5687500015 6990227.6250000009 510.50000000000006 450.50000000000006 21.500000000000004 43652.500000000007 9255632.3275000006 17608615.533750009 67645.750000000015 59281.750000000007 56338.850000000013 66238.500000000015 19567559.128750004 61409.000000000007 54656.500000000007 66415.875000000015 71416.750000000015 581.50000000000011 81707.750000000015 80765.500000000015 45257.500000000007 29539112.957500003
decision_type=2 2 2 2 2 2 2 2 2 2 2 2 2 2 2 2 2 2 2 2 2 2 2 2 2 2 2 2 2 2
left_child=3 2 -2 6 -5 -6 7 -1 10 -10 11 -8 -11 -14 -15 16 17 18 -16 -18 -17 -22 23 28 -24 26 -26 -27 -23 -25
right_child=1 -3 -4 4 5 -7 8 -9 9 12 -12 -13 13 14 15 20 19 -19 -20 -21 21 22 24 29 25 27 -28 -29 -30 -31
leaf_value=-0.0027729935105890039 0.0032671799864469756 -0.00070667538869505133 -0.0003766835356752078 -0.0037546159356134016 0.0017083593400283939 -0.0016076603015376765 -0.00029128006648360973 0.0010248615586709593 -0.0027074475022827223 -3.340506038359968e-05 -0.00081913525355048478 0.0055064680943773554 -0.0024304591068674045 0.0024819431678823581 0.0011759117514722878 0.0036023679946538324 -0.0055794583255192268 0.0032785550804713725 -0.0054807669049213555 -0.00067199035131904701 0.0024951482311852519 -0.0012567829239465622 0.004225772663776297 -0.0047187216660642579 0.0045510635576772925 -0.004232122803805396 -0.00084082314218715613 0.00061988836211848068 0.0025969005480874332 -0.0010602523839813383
leaf_weight=35 31 33 33 20 21 22 21 31 34 3563 20 22 23 41 45 32 24 34 22 28 31 23 20 21 29 20 29 83 24 34
leaf_count=35 31 33 33 20 21 22 21 31 34 3563 20 22 23 41 45 32 24 34 22 28 31 23 20 21 29 20 29 83 24 34
internal_value=-1.7344e-12 0.000675585 0.00138831 -1.50578e-05 -0.00118389 1.17912e-05 2.11088e-06 -0.000989152 1.7603e-05 -5.84257e-06 0.00156576 0.00267501 1.64198e-05 0.000331741 0.000449391 0.000282387 -0.000711848 0.000433763 -0.00100986 -0.00293698 0.000722035 0.000428497 0.000202115 -0.000997276 0.000878015 0.000462144 0.00185512 -0.00032225 0.000711055 -0.00245712
internal_weight=4449 97 64 4352 63 43 4289 66 4223 4160 63 43 4126 563 540 499 153 101 67 52 346 314 283 102 181 161 58 103 47 55
internal_count=4449 97 64 4352 63 43 4289 66 4223 4160 63 43 4126 563 540 499 153 101 67 52 346 314 283 102 181 161 58 103 47 55
is_linear=0
shrinkage=0.1


Tree=94
num_leaves=31
num_cat=0
split_feature=7 7 10 10 9 6 10 1 9 10 10 7 9 7 1 4 4 7 1 1 5 6 6 10 7 8 4 1 9 10
split_gain=0.00412645 0.0121812 0.0118865 0.0111344 0.0197256 0.0149373 0.00941319 0.0231447 0.00848517 0.0053901 0.0615204 0.0202253 0.0222733 0.0149923 0.0168629 0.0336742 0.0308109 0.0444011 0.0408778 0.038001 0.0339095 0.0360302 0.0306642 0.0486059 0.0170495 0.0168602 0.0163365 0.0125866 0.0115719 0.00879786
threshold=116786446.22750002 106347077.19375001 76497.250000000015 86428.875000000015 86617.500000000015 59751.075000000004 72083.125000000015 489.50000000000006 73046.250000000015 83968.125000000015 83494.125000000015 18919444.480000004 85383.500000000015 23378443.387500007 465.50000000000006 65740.000000000015 72023.500000000015 34265225.510000013 483.50000000000006 507.50000000000006 101139.00000000001 89720.925000000003 81597.450000000026 88149.750000000015 47170225.93500001 79314.250000000015 81094.500000000015 446.50000000000006 89260.250000000015 81936.375000000015
decision_type=2 2 2 2 2 2 2 2 2 2 2 2 2 2 2 2 2 2 2 2 2 2 2 2 2 2 2 2 2 2
left_child=1 9 -3 5 -5 -2 -7 8 -8 10 29 12 -11 -13 15 -15 18 28 -16 25 -19 -22 -21 -24 -17 -20 -23 -26 -18 -1
right_child=3 2 -4 4 -6 6 7 -9 -10 11 -12 13 -14 14 16 24 17 20 19 22 21 26 23 -25 27 -27 -28 -29 -30 -31
leaf_value=-2.7369474135141977e-05 -0.0018654013054787578 -6.1129712654898558e-05 0.0029974891021589027 -0.0038788300432750717 -0.00020354565582238139 0.0016836052517303164 -0.00055797684139439043 -0.0026471372321248058 0.0019986211623558227 0.00052227590543528393 -0.0047074842882076544 0.0026363195175485264 -0.0040834439818614298 -0.0037798341398161874 0.0047189722396433357 -0.0013362067571974228 0.00064310275716707123 -0.0045452384312878935 -0.0035581991386910285 0.0049702970593128934 0.0031673770553121965 -0.00040243817206214158 -0.0029607845559006651 0.0032307396115356826 0.003165147372055799 0.00036087835045612378 -0.0038945097454069627 -0.00023156829876825214 0.0039320609309589083 0.00095272577520053676
leaf_weight=3570 33 24 27 23 40 45 21 25 34 21 28 31 21 27 35 35 20 26 21 26 21 37 21 32 24 23 21 20 23 94
leaf_count=3570 33 24 27 23 40 45 21 25 34 21 28 31 21 27 35 35 20 26 21 26 21 37 21 32 24 23 21 20 23 94
internal_value=-1.25191e-12 2.20184e-05 0.00155814 -0.000421239 -0.00154532 2.69694e-05 0.000526555 -0.000124285 0.00102247 3.26278e-06 -3.79096e-05 0.000316682 -0.00178058 0.00051552 0.000355946 -0.000731043 0.000732484 -0.000304302 0.00170365 0.000845634 -0.00141273 -0.000381772 0.0021574 0.000777494 0.000310949 -0.00150959 -0.00166681 0.00162119 0.00240231 -2.22511e-06
internal_weight=4449 4228 51 221 63 158 125 80 55 4177 3692 485 42 443 412 106 306 148 158 123 105 79 79 53 79 44 58 44 43 3664
internal_count=4449 4228 51 221 63 158 125 80 55 4177 3692 485 42 443 412 106 306 148 158 123 105 79 79 53 79 44 58 44 43 3664
is_linear=0
shrinkage=0.1


Tree=95
num_leaves=31
num_cat=0
split_feature=7 7 7 4 9 4 4 9 8 10 1 8 8 1 6 3 9 5 8 5 7 5 5 5 1 3 3 4 10 10
split_gain=0.00389222 0.0058358 0.00801331 0.00724794 0.0102012 0.0146067 0.0122536 0.0123875 0.00661866 0.00948164 0.00600844 0.0198664 0.00907114 0.0194415 0.00763454 0.0150459 0.00652768 0.0668239 0.0485728 0.0315538 0.0406623 0.0412834 0.0401501 0.0339307 0.0345539 0.0433533 0.0513698 0.0309971 0.0307585 0.0558467
threshold=295057980.56875008 213908905.50750002 153087740.13875005 88831.500000000015 101024.75000000001 83238.000000000015 79939.500000000015 95617.500000000015 74793.500000000015 74978.375000000015 354.50000000000006 62265.250000000007 87206.625000000015 491.50000000000006 87770.075000000026 106925.50000000001 71134.250000000015 75345.000000000015 67443.875000000015 76855.500000000015 9668585.6075000018 84096.500000000015 83489.000000000015 89301.500000000015 485.50000000000006 85549.500000000015 83455.000000000015 61723.500000000007 74978.375000000015 76867.875000000015
decision_type=2 2 2 2 2 2 2 2 2 2 2 2 2 2 2 2 2 2 2 2 2 2 2 2 2 2 2 2 2 2
left_child=1 2 3 4 5 6 7 10 9 -4 11 -1 14 -14 16 -16 18 -18 -12 -19 -21 22 -22 24 -23 26 -26 -20 -25 -30
right_child=-2 -3 8 -5 -6 -7 -8 -9 -10 -11 12 -13 13 -15 15 -17 17 19 27 20 21 23 -24 28 25 -27 -28 -29 29 -31
leaf_value=0.00010856793497398656 -0.0010658439865116687 0.0013132724962334206 -0.0016559250025938337 0.0017480274235519271 -0.002193250894613032 0.0027123142522759735 -0.0021607823208726657 0.0023312302387279017 -0.0025056034220721237 0.0012402104865759612 -1.3708012690635449e-07 0.003582667345181108 -0.0037270582633209415 0.00062938219833077785 0.0027978816601846902 -0.00048038937217955081 -0.0054426727806761244 0.003205443611035922 0.0045478704379489409 0.0040582487444308672 -0.00089404781312170444 0.0029963575499267251 -0.0048075560106020749 -0.0038363558550675715 0.0010508152958936989 0.0012608410709453594 -0.0061164571894914846 9.0300689379756269e-05 0.0036774572769978221 -0.00047289737232693535
leaf_weight=93 34 34 26 24 21 20 26 23 22 20 2818 20 20 21 28 28 24 28 39 22 273 69 29 24 20 122 20 26 35 440
leaf_count=93 34 34 26 24 21 20 26 23 22 20 2818 20 20 21 28 28 24 28 39 22 273 69 29 24 20 122 20 26 35 440
internal_value=-3.49614e-14 8.20809e-06 -1.92024e-06 1.50616e-05 5.36439e-06 1.61823e-05 3.48867e-06 1.68167e-05 -0.00107902 -0.000396736 4.13954e-06 0.000723453 -1.57534e-05 -0.00149571 -7.52561e-07 0.00115875 -1.70303e-05 -0.000223565 6.2202e-05 -0.000107799 -0.000195817 -0.000286504 -0.00126985 0.000120304 0.00112233 0.000324134 -0.00253282 0.00276484 -0.00034356 -0.000167082
internal_weight=4449 4415 4381 4313 4289 4268 4248 4222 68 46 4199 113 4086 41 4045 56 3989 1106 2883 1082 1054 1032 302 730 231 162 40 65 499 475
internal_count=4449 4415 4381 4313 4289 4268 4248 4222 68 46 4199 113 4086 41 4045 56 3989 1106 2883 1082 1054 1032 302 730 231 162 40 65 499 475
is_linear=0
shrinkage=0.1


Tree=96
num_leaves=31
num_cat=0
split_feature=3 9 6 9 6 10 10 4 5 3 4 7 9 3 6 8 9 7 1 7 7 7 1 7 7 3 1 8 9 7
split_gain=0.00384841 0.0423324 0.0332272 0.0316271 0.0475733 0.0427207 0.0400569 0.0680562 0.0523212 0.0404533 0.0569248 0.034009 0.0325029 0.06054 0.028797 0.0313929 0.02853 0.0238926 0.0489994 0.0355976 0.0312813 0.0259777 0.0370353 0.026169 0.0305649 0.0256804 0.0231995 0.0216566 0.0626896 0.0318889
threshold=68970.500000000015 47116.000000000007 69206.425000000003 67196.500000000015 65022.275000000001 70864.750000000015 66192.875000000015 54769.000000000007 69177.000000000015 67711.500000000015 53536.500000000007 28838030.035000008 61244.750000000007 63777.500000000007 57919.250000000007 54789.500000000007 60571.250000000007 27118603.658750001 490.50000000000006 48227991.348750003 26311899.123750005 5010813.0837500012 472.50000000000006 6707567.7687500007 8152216.0687500006 63201.000000000007 521.50000000000011 49391.375000000007 54420.250000000007 49118457.843750007
decision_type=2 2 2 2 2 2 2 2 2 2 2 2 2 2 2 2 2 2 2 2 2 2 2 2 2 2 2 2 2 2
left_child=2 -2 3 4 6 -5 7 9 -8 10 12 -11 16 -14 15 27 17 20 19 -19 21 22 -1 -23 26 -20 -25 29 -29 -3
right_child=1 14 -4 5 -6 -7 8 -9 -10 11 -12 -13 13 -15 -16 -17 -18 18 25 -21 -22 23 -24 24 -26 -27 -28 28 -30 -31
leaf_value=0.0003998930010223581 -0.0044000516423866867 0.0047781144983933439 -0.0035989000004957674 0.0059834181587211793 -0.0045501472263519338 -0.000552689447067678 0.0054738920768080609 -0.00595019796397537 -0.0010802375691820914 -0.0041228898647452964 0.0049851739009761295 -0.00023411538081152526 -0.0061692233585442105 0.00067521923753832073 9.0839299151613195e-07 0.0042026106381572075 0.0036355982788584453 -0.00078805280236771244 -0.001557584311813116 0.002351616723804593 0.003951460345838727 0.0023605855370988139 -0.0047178417247218584 -0.0032160399109125142 0.00029209902581238373 -0.0057065976353792049 0.00087726756930351269 -0.0034995074371660228 0.0011658229287948554 0.00057792265853255664
leaf_weight=31 21 28 27 20 24 20 29 20 21 44 23 46 24 28 2477 29 22 168 35 46 22 56 26 45 863 26 20 38 119 51
leaf_count=31 21 28 27 20 24 20 29 20 21 44 23 46 24 28 2477 29 22 168 35 46 22 56 26 45 863 26 20 38 119 51
internal_value=3.68704e-13 7.26521e-05 -0.000119061 -6.24276e-05 -0.000131057 0.00271536 -6.45632e-05 -0.000154716 0.00272116 -7.87097e-05 5.02747e-05 -0.00213529 -3.01096e-05 -0.00248375 0.000106907 0.00109769 6.37062e-05 4.97552e-06 -0.000825838 -0.000113171 0.000219908 0.000141048 -0.00193451 0.000261278 0.000134596 -0.00332602 -0.00195656 0.000716156 3.66347e-05 0.0020666
internal_weight=4449 2763 1686 1659 1619 40 1595 1545 50 1525 1435 90 1412 52 2742 265 1360 1338 275 214 1063 1041 57 984 928 61 65 236 157 79
internal_count=4449 2763 1686 1659 1619 40 1595 1545 50 1525 1435 90 1412 52 2742 265 1360 1338 275 214 1063 1041 57 984 928 61 65 236 157 79
is_linear=0
shrinkage=0.1


Tree=97
num_leaves=31
num_cat=0
split_feature=1 5 10 1 1 1 7 7 7 1 7 3 7 0 8 10 7 7 3 3 3 3 5 4 9 1 10 4 4 1
split_gain=0.00380437 0.00998951 0.0203268 0.00730793 0.00488469 0.015319 0.030903 0.0139832 0.0096724 0.0157258 0.00933258 0.0155037 0.0119171 0.00734888 0.0151435 0.0225279 0.01352 0.017963 0.0510542 0.0346599 0.0201655 0.0285034 0.0254935 0.0257193 0.0217876 0.0155915 0.0186949 0.0148768 0.0304027 0.019424
threshold=671.50000000000011 71716.000000000015 79429.875000000015 660.50000000000011 645.50000000000011 635.50000000000011 17738326.188750003 17429347.663750004 5010813.0837500012 472.50000000000006 6341711.5687500015 49086.000000000007 6990227.6250000009 21.500000000000004 43652.500000000007 51711.000000000007 9871329.1250000019 14360294.045000002 82165.000000000015 71302.000000000015 91257.000000000015 64588.500000000007 61409.000000000007 45924.000000000007 72354.750000000015 608.50000000000011 82726.375000000015 49752.500000000007 53536.500000000007 620.50000000000011
decision_type=2 2 2 2 2 2 2 2 2 2 2 2 2 2 2 2 2 2 2 2 2 2 2 2 2 2 2 2 2 2
left_child=3 -2 -3 4 5 8 -7 -6 9 -1 11 -10 -12 -14 -15 -16 -17 18 19 -18 21 -19 -23 -24 -22 26 -26 -25 -29 -30
right_child=1 2 -4 -5 7 6 -8 -9 10 -11 12 -13 13 14 15 16 17 20 -20 -21 24 22 23 27 25 -27 -28 28 29 -31
leaf_value=0.0003599037213491336 -0.00076199527829885489 0.0031328604705777256 -0.00046007124286505483 -0.0015437086368159901 0.0029450400857188343 -0.0035227075000019634 0.0014311400672886521 -0.00044324131489827719 0.0031664733598008757 -0.0028253270204239077 -0.0019459255328852561 -7.51420790846977e-05 -2.8173974489114165e-05 -0.0021250231758407926 0.0037044556900149303 0.0022430717945098877 -0.00071719560585916048 -0.0023701805598102515 0.0028727862611413004 -0.0063023502519354221 -0.0024946945318434803 0.0047964403117393061 -0.0019237995208443506 0.0042159638235170866 0.001393754647027603 0.0021261548534419169 -0.0014231625229923896 -0.0014383150714760025 0.0033943505912069601 -0.00028268862981349228
leaf_weight=31 34 32 31 31 21 34 20 29 25 31 31 36 3563 23 21 35 25 20 20 20 36 22 23 20 38 34 62 30 51 20
leaf_count=31 34 32 31 31 21 34 20 29 25 31 31 36 3563 23 21 35 25 20 20 20 36 22 23 20 38 34 62 30 51 20
internal_value=7.82219e-13 0.000619397 0.00136491 -1.38055e-05 -2.82956e-06 -1.43335e-05 -0.00168795 0.000979837 7.09767e-06 -0.00123271 2.55978e-05 0.00125339 7.30393e-06 2.22067e-05 0.00038122 0.000502066 0.000354587 0.000197587 -0.00133109 -0.00319949 0.000476701 0.00119623 0.00162592 0.00114153 -0.000310548 0.000276238 -0.000352734 0.0017242 0.00123078 0.00235856
internal_weight=4449 97 63 4352 4321 4271 54 50 4217 62 4155 61 4094 4063 500 477 456 421 65 45 356 186 166 144 170 134 100 121 101 71
internal_count=4449 97 63 4352 4321 4271 54 50 4217 62 4155 61 4094 4063 500 477 456 421 65 45 356 186 166 144 170 134 100 121 101 71
is_linear=0
shrinkage=0.1


Tree=98
num_leaves=31
num_cat=0
split_feature=7 5 6 6 6 8 4 8 9 5 7 7 7 4 3 4 5 5 8 4 1 10 1 9 1 1 7 5 3 7
split_gain=0.00366126 0.0295467 0.0217619 0.0453812 0.0658354 0.0323062 0.0940313 0.0790666 0.0638785 0.0476694 0.0319649 0.0589029 0.0547469 0.0506763 0.0429795 0.0339043 0.0315248 0.0342093 0.0343173 0.0788918 0.128772 0.0588615 0.0370188 0.063153 0.0394336 0.04063 0.0360572 0.0162025 0.0153345 0.014396
threshold=21898055.450000007 93225.500000000015 83504.025000000009 80717.125000000015 79074.550000000017 68948.375000000015 61933.500000000007 67804.750000000015 69316.500000000015 73623.000000000015 9668585.6075000018 11963616.007500002 13809542.043750003 67680.000000000015 85190.000000000015 65091.000000000007 72562.000000000015 71829.000000000015 57738.875000000007 51411.000000000007 518.50000000000011 62780.625000000007 503.50000000000006 64011.000000000007 520.50000000000011 563.50000000000011 10516491.738750001 75509.000000000015 72086.500000000015 22741145.555000003
decision_type=2 2 2 2 2 2 2 2 2 2 2 2 2 2 2 2 2 2 2 2 2 2 2 2 2 2 2 2 2 2
left_child=1 2 3 4 5 7 -7 8 9 16 -8 -12 -13 14 15 -14 17 18 21 20 -20 28 23 -21 -24 -26 -27 -11 -1 -2
right_child=29 -3 -4 -5 -6 6 10 -9 -10 27 11 12 13 -15 -16 -17 -18 -19 19 22 -22 -23 24 -25 25 26 -28 -29 -30 -31
leaf_value=0.0001071357333927529 0.0013149880934118603 -0.0039366242205142047 0.0028004144175121422 -0.0045262466043071905 0.0051457030749588739 -0.007678830415187847 0.0026464831119833087 0.0046566801275023158 -0.0041894856717664044 0.0044723275932483375 -0.0060494185891002417 0.0041952649766409935 -0.0015291850505904719 0.0029577425548008513 0.00080892945600984003 -0.0069118210701271891 -0.0040399163146503268 0.0038704122078012334 -0.01094284703489393 0.0044688046702908149 -0.00043686757770566533 0.0053831029306387621 -0.0051150681066286308 -0.001339427481005446 0.0033719814493365233 -0.0050996691681488996 -8.1421084857235366e-05 0.0010253290403634311 -0.0020538950763533221 2.9089528458372743e-05
leaf_weight=959 90 20 26 23 24 21 26 36 37 30 21 22 22 21 24 25 20 22 20 36 28 21 23 39 21 21 45 25 34 2667
leaf_count=959 90 20 26 23 24 21 26 36 37 30 21 22 22 21 24 25 20 22 20 36 28 21 23 39 21 21 45 25 34 2667
internal_value=-6.42628e-12 -0.000115798 -7.00946e-05 -0.000115437 -5.293e-05 -0.000130958 -0.00138516 3.01322e-05 -9.0473e-05 2.23719e-05 -0.000564249 -0.00118261 -0.000286095 -0.00135772 -0.00263413 -0.00439229 -0.000100648 -3.85634e-05 -0.000107527 -0.0012019 -0.00481436 0.000143941 -0.000264609 0.00144852 -0.00143265 -0.000459142 -0.00167814 0.00290551 3.31427e-05 7.10666e-05
internal_weight=4449 1692 1672 1646 1623 1599 182 1417 1381 1344 161 135 114 92 71 47 1289 1269 1247 233 48 1014 185 75 110 87 66 55 993 2757
internal_count=4449 1692 1672 1646 1623 1599 182 1417 1381 1344 161 135 114 92 71 47 1289 1269 1247 233 48 1014 185 75 110 87 66 55 993 2757
is_linear=0
shrinkage=0.1


Tree=99
num_leaves=31
num_cat=0
split_feature=3 3 4 3 1 7 7 6 6 3 6 4 9 6 9 4 10 7 6 8 7 3 3 3 8 9 5 4 3 1
split_gain=0.00378599 0.0735362 0.0748713 0.0191736 0.0158938 0.0281438 0.0252461 0.0325651 0.0288749 0.0262319 0.0426166 0.0293393 0.0189577 0.0353824 0.0195326 0.0184776 0.0232244 0.0245371 0.0179449 0.0168762 0.0155061 0.0135275 0.0192732 0.0657333 0.0451425 0.0344556 0.0472285 0.0397176 0.02986 0.0266449
threshold=55132.500000000007 53447.000000000007 36872.500000000007 55595.500000000007 458.50000000000006 24261045.108750004 15878431.137500001 51266.775000000009 46761.700000000004 45183.000000000007 42045.500000000007 39661.000000000007 44965.250000000007 50593.05000000001 48256.750000000007 35331.000000000007 41805.125000000007 16824614.368750002 43650.42500000001 35416.625000000007 13201326.698750002 56111.500000000007 59175.000000000007 60274.500000000007 46944.875000000007 54420.250000000007 60395.500000000007 38838.000000000007 57803.000000000007 476.50000000000006
decision_type=2 2 2 2 2 2 2 2 2 2 2 2 2 2 2 2 2 2 2 2 2 2 2 2 2 2 2 2 2 2
left_child=1 4 -3 -2 12 6 7 9 -8 10 -6 18 15 14 -14 16 19 -18 -11 -1 -4 -5 25 24 -24 27 -27 28 -23 -29
right_child=3 2 20 21 5 -7 8 -9 -10 11 -12 -13 13 -15 -16 -17 17 -19 -20 -21 -22 22 23 -25 -26 26 -28 29 -30 -31
leaf_value=-0.00013341352176946512 0.0023344382423804038 0.00092809349643411469 -0.0039173638913780453 -0.0018870407665098035 0.0017243644470969835 -0.0023047832555935853 0.0012867878480791683 -0.0027488935930671653 0.0059214486228302129 0.0019963329692986101 -0.0039291709583873548 0.004056580592878163 -0.0016141730852218138 0.0018937422079034151 -0.005511865298030898 0.0027384739660192281 -0.0046775179072504952 -4.0800241287797694e-05 -0.0013573952989342313 0.0025809283384346758 -0.0076308593259785664 -0.0014748676566384911 0.00082880455989983281 4.3588881701912121e-05 -0.0045749527473862356 -0.0044368096472074594 0.0012295027447276211 0.0010328708086162805 0.0027410345696677854 0.0051562166478972705
leaf_weight=109 36 27 23 37 30 28 41 27 20 39 24 40 36 20 20 24 21 25 27 29 22 42 22 3471 52 24 38 25 28 42
leaf_count=109 36 27 23 37 30 28 41 27 20 39 24 40 36 20 20 24 21 25 27 29 22 42 22 3471 52 24 38 25 28 42
internal_value=-3.68851e-12 -0.000226705 -0.003235 3.75367e-05 0.000160075 0.000700488 0.00103979 0.000463536 0.00280635 0.00100563 -0.000788318 0.00191953 -0.000365114 -0.00171675 -0.00300621 0.000128752 -0.000211647 -0.00215756 0.000624353 0.000436992 -0.00573285 1.56672e-05 3.44707e-05 -1.92854e-05 -0.00296843 0.000992086 -0.000963909 0.00187728 0.000211493 0.00361765
internal_weight=4449 632 72 3817 560 276 248 187 61 160 54 106 284 76 56 208 184 46 66 138 45 3781 3744 3545 74 199 62 137 70 67
internal_count=4449 632 72 3817 560 276 248 187 61 160 54 106 284 76 56 208 184 46 66 138 45 3781 3744 3545 74 199 62 137 70 67
is_linear=0
shrinkage=0.1


end of trees

feature_importances:
Column_1=515
Column_7=447
Column_4=431
Column_3=336
Column_10=287
Column_8=252
Column_9=249
Column_5=213
Column_6=206
Column_0=64

parameters:
[boosting: gbdt]
[objective: regression]
[metric: l2]
[tree_learner: serial]
[device_type: cpu]
[data_sample_strategy: bagging]
[data: ]
[valid: ]
[num_iterations: 100]
[learning_rate: 0.1]
[num_leaves: 31]
[num_threads: 2]
[seed: 42]
[deterministic: 0]
[force_col_wise: 0]
[force_row_wise: 0]
[histogram_pool_size: -1]
[max_depth: -1]
[min_data_in_leaf: 20]
[min_sum_hessian_in_leaf: 0.001]
[bagging_fraction: 1]
[pos_bagging_fraction: 1]
[neg_bagging_fraction: 1]
[bagging_freq: 0]
[bagging_seed: 400]
[bagging_by_query: 0]
[feature_fraction: 1]
[feature_fraction_bynode: 1]
[feature_fraction_seed: 30056]
[extra_trees: 0]
[extra_seed: 12879]
[early_stopping_round: 0]
[early_stopping_min_delta: 0]
[first_metric_only: 0]
[max_delta_step: 0]
[lambda_l1: 0]
[lambda_l2: 0]
[linear_lambda: 0]
[min_gain_to_split: 0]
[drop_rate: 0.1]
[max_drop: 50]
[skip_drop: 0.5]
[xgboost_dart_mode: 0]
[uniform_drop: 0]
[drop_seed: 17869]
[top_rate: 0.2]
[other_rate: 0.1]
[min_data_per_group: 100]
[max_cat_threshold: 32]
[cat_l2: 10]
[cat_smooth: 10]
[max_cat_to_onehot: 4]
[top_k: 20]
[monotone_constraints: ]
[monotone_constraints_method: basic]
[monotone_penalty: 0]
[feature_contri: ]
[forcedsplits_filename: ]
[refit_decay_rate: 0.9]
[cegb_tradeoff: 1]
[cegb_penalty_split: 0]
[cegb_penalty_feature_lazy: ]
[cegb_penalty_feature_coupled: ]
[path_smooth: 0]
[interaction_constraints: ]
[verbosity: -1]
[saved_feature_importance_type: 0]
[use_quantized_grad: 0]
[num_grad_quant_bins: 4]
[quant_train_renew_leaf: 0]
[stochastic_rounding: 1]
[linear_tree: 0]
[max_bin: 255]
[max_bin_by_feature: ]
[min_data_in_bin: 3]
[bin_construct_sample_cnt: 200000]
[data_random_seed: 175]
[is_enable_sparse: 1]
[enable_bundle: 1]
[use_missing: 1]
[zero_as_missing: 0]
[feature_pre_filter: 1]
[pre_partition: 0]
[two_round: 0]
[header: 0]
[label_column: ]
[weight_column: ]
[group_column: ]
[ignore_column: ]
[categorical_feature: ]
[forcedbins_filename: ]
[precise_float_parser: 0]
[parser_config_file: ]
[objective_seed: 16083]
[num_class: 1]
[is_unbalance: 0]
[scale_pos_weight: 1]
[sigmoid: 1]
[boost_from_average: 1]
[reg_sqrt: 0]
[alpha: 0.9]
[fair_c: 1]
[poisson_max_delta_step: 0.7]
[tweedie_variance_power: 1.5]
[lambdarank_truncation_level: 30]
[lambdarank_norm: 1]
[label_gain: ]
[lambdarank_position_bias_regularization: 0]
[eval_at: ]
[multi_error_top_k: 1]
[auc_mu_weights: ]
[num_machines: 1]
[local_listen_port: 12400]
[time_out: 120]
[machine_list_filename: ]
[machines: ]
[gpu_platform_id: -1]
[gpu_device_id: -1]
[gpu_use_dp: 0]
[num_gpu: 1]

end of parameters

pandas_categorical:null
