tree
version=v4
num_class=1
num_tree_per_iteration=1
label_index=0
max_feature_idx=10
objective=regression
feature_names=Column_0 Column_1 Column_2 Column_3 Column_4 Column_5 Column_6 Column_7 Column_8 Column_9 Column_10
feature_infos=[9:24] [95:663] [11:26] [14844:203057] [3729:127557] [14844:203057] [13180.700000000001:151790.20000000001] [329623.44:2012968948.01] [11099.5:136911.25] [12695.5:144297] [13432.5:153009]
tree_sizes=2717 2857 2854 2854 2861 2857 2870 2868 2870 2873 2875 2879 2884 2883 2867 2896 2880 2857 2875 2849 2884 2873 2854 2874 2877 2866 2870 2883 2857 2886 2874 2874 2854 2858 2857 2905 2878 2876 2868 2896 2896 2867 2848 2874 2853 2877 2884 2864 2856 2874 2883 2872 2884 2911 2851 2867 2872 2861 2876 2865 2903 2870 2858 2894 2889 2863 2908 2877 2890 2895 2861 2858 2863 2874 2877 2893 2867 2860 2882 2865 2888 2861 2882 2879 2868 2888 2862 2870 2885 2871 2890 2902 2853 2900 2857 2851 2898 2874 2881 2883

Tree=0
num_leaves=31
num_cat=0
split_feature=8 10 0 0 8 1 7 1 1 1 4 4 9 7 1 4 9 3 3 3 8 0 1 10 7 7 3 10 7 7
split_gain=29.8237 8.68692 5.16434 4.64124 2.80641 2.7859 1.7858 1.43856 1.29837 1.16937 1.07342 0.967388 0.827751 0.982403 0.815176 0.721202 0.685138 0.738741 0.624878 0.566334 0.563479 0.558376 0.64221 0.495387 0.493775 0.468258 0.423034 0.400894 0.400714 0.350365
threshold=63912.500000000007 49979.375000000007 11.500000000000002 11.500000000000002 78299.500000000015 242.50000000000003 15904644.425000003 254.50000000000003 359.50000000000006 206.50000000000003 31682.500000000004 46023.500000000007 60782.250000000007 18034854.765000004 246.50000000000003 55943.500000000007 78021.750000000015 91428.500000000015 107609.50000000001 102314.50000000001 71033.000000000015 11.500000000000002 203.50000000000003 81951.875000000015 13843691.345000004 11017293.225000001 83181.000000000015 65346.375000000007 32317457.965000004 155188663.95000002
decision_type=2 2 2 2 2 2 2 2 2 2 2 2 2 2 2 2 2 2 2 2 2 2 2 2 2 2 2 2 2 2
left_child=1 10 5 4 6 9 -2 15 25 -3 -1 -11 13 -7 -6 -8 17 -10 -16 -17 -9 22 -12 -21 -18 -5 -4 -14 -13 -20
right_child=3 2 26 8 14 12 7 20 16 11 21 28 27 -15 18 19 24 -19 29 23 -22 -23 -24 -25 -26 -27 -28 -29 -30 -31
leaf_value=0.58694148930239509 0.54784361703778017 0.5826074298021453 0.57837331647137624 0.56326896866956855 0.55408447295747953 0.56250375153216703 0.57333657484669709 0.55864154987889492 0.56206896903152348 0.5770471345128575 0.58936063442490494 0.56486117665493019 0.55805381760535777 0.57021965386848483 0.54031221245291838 0.56022395055748087 0.54706896884788569 0.57471957061734291 0.5574178062220827 0.58129973762111287 0.55086091542404803 0.58597140758243027 0.57715210397809558 0.56356896893853448 0.56152842847011686 0.57851127627751275 0.58470410339788181 0.56462487960052954 0.57189353014050726 0.54383367531240656
leaf_weight=353 142 130 368 25 129 230 71 248 104 229 48 154 132 584 148 271 30 83 43 26 149 123 421 40 111 104 148 313 171 34
leaf_count=353 142 130 368 25 129 230 71 248 104 229 48 154 132 584 148 271 30 83 43 26 149 123 421 40 111 104 148 313 171 34
internal_value=0.568966 0.574428 0.571296 0.558389 0.555343 0.568935 0.558183 0.560007 0.567058 0.574072 0.582577 0.572069 0.566144 0.568039 0.547747 0.564177 0.563715 0.567684 0.544113 0.562247 0.555721 0.579974 0.578402 0.570554 0.558452 0.575557 0.580189 0.562676 0.568561 0.55142
internal_weight=5162 3404 2459 1758 1301 1943 947 805 457 684 945 554 1259 814 354 408 328 187 225 337 397 592 469 66 141 129 516 445 325 77
internal_count=5162 3404 2459 1758 1301 1943 947 805 457 684 945 554 1259 814 354 408 328 187 225 337 397 592 469 66 141 129 516 445 325 77
is_linear=0
shrinkage=1


Tree=1
num_leaves=31
num_cat=0
split_feature=8 6 0 0 8 1 1 1 4 4 1 4 0 1 4 8 10 4 3 7 7 10 1 8 3 3 1 5 10 10
split_gain=24.2185 6.62795 4.10882 3.5621 2.62126 2.18764 1.48823 1.08794 1.03701 1.03089 0.91922 0.774072 0.627595 0.617204 0.61077 0.552387 0.722024 0.537691 0.529926 0.527015 0.515949 0.515926 0.509831 0.486348 0.438201 0.434778 0.417257 0.442022 0.426069 0.611474
threshold=62863.000000000007 47041.000000000007 11.500000000000002 11.500000000000002 71277.125000000015 243.50000000000003 258.50000000000006 240.50000000000003 67745.000000000015 45365.000000000007 371.50000000000006 31682.500000000004 11.500000000000002 204.50000000000003 46139.500000000007 80322.500000000015 79199.750000000015 57633.000000000007 101862.00000000001 15904644.425000003 41399279.180000007 71253.375000000015 202.50000000000003 69346.250000000015 86336.500000000015 99168.000000000015 275.50000000000006 57894.500000000007 62632.500000000007 65346.375000000007
decision_type=2 2 2 2 2 2 2 2 2 2 2 2 2 2 2 2 2 2 2 2 2 2 2 2 2 2 2 2 2 2
left_child=1 11 4 5 7 9 15 19 10 -3 -4 -1 22 -11 -7 16 -6 -9 23 -2 -8 -19 -13 -12 -5 -10 27 -16 -29 -30
right_child=2 3 8 24 6 14 20 17 25 13 18 12 -14 -15 26 -17 -18 21 -20 -21 -22 -23 -24 -25 -26 -27 -28 28 29 -31
leaf_value=0.016187603772202522 -0.015316259742460467 0.0092986670214422924 0.0086159884628346749 0.0085031733057666127 -0.019524685451044486 0.00057024599855425972 -0.026129174092068122 -0.0046840228661894799 -0.013474735506434941 0.010268668983789052 0.00016693553501149504 0.018609980724497953 0.01711246565055962 -0.00017287248646366527 -0.014375374803785236 -0.016459013293416515 -0.0062410046850952007 -0.018567554925590059 0.01018082821475608 0.0011726643981560608 -0.017705519165505064 -0.0097121965446110292 0.0072284553102629602 -0.01162458509206772 0.016008756474669403 -0.0032736822962760926 -0.009441751738389334 0.00087309897132997229 -0.01043444635012211 -0.0011880912676291624
leaf_weight=361 22 301 136 410 52 477 130 150 67 68 82 44 104 338 32 173 192 86 28 163 165 280 373 61 96 111 120 239 117 184
leaf_count=361 22 301 136 410 52 477 130 150 67 68 82 44 104 338 32 173 192 86 28 163 165 280 373 61 96 111 120 239 117 184
internal_value=1.54439e-11 0.00522321 -0.00898239 0.00248115 -0.0117083 0.00047279 -0.015982 -0.00736753 -0.00104074 0.00486384 0.00248022 0.0126287 0.0101627 0.00157596 -0.00218288 -0.0121366 -0.00907195 -0.00972641 -0.00239969 -0.000788181 -0.0214176 -0.011793 0.00842938 -0.00486301 0.00992716 -0.0071134 -0.00408062 -0.00295591 -0.0022792 -0.00478219
internal_weight=5162 3264 1898 2382 1413 1876 712 701 485 707 307 882 521 406 1169 417 244 516 171 185 295 366 417 143 506 178 692 572 540 301
internal_count=5162 3264 1898 2382 1413 1876 712 701 485 707 307 882 521 406 1169 417 244 516 171 185 295 366 417 143 506 178 692 572 540 301
is_linear=0
shrinkage=0.1


Tree=2
num_leaves=31
num_cat=0
split_feature=8 10 0 0 8 1 1 4 7 7 1 8 7 1 1 10 3 1 9 3 0 0 1 7 3 8 1 5 1 3
split_gain=19.6518 5.7996 3.49205 3.0163 1.87908 1.84564 1.30019 1.16989 0.971685 0.778189 0.759986 0.737696 0.654894 0.648882 0.558363 0.547138 0.519852 0.513911 0.512175 0.725549 0.51353 0.497894 0.503647 0.451312 0.489649 0.425078 0.421809 0.417027 0.413032 0.400124
threshold=64092.500000000007 49979.375000000007 11.500000000000002 11.500000000000002 77911.750000000015 206.50000000000003 260.50000000000006 46139.500000000007 10203022.225000001 66969582.445000008 359.50000000000006 34706.500000000007 15904644.425000003 246.50000000000003 242.50000000000003 85105.625000000015 107609.50000000001 271.50000000000006 73233.500000000015 87813.500000000015 16.500000000000004 11.500000000000002 203.50000000000003 9301964.1300000008 93645.500000000015 71033.000000000015 207.50000000000003 57894.500000000007 388.50000000000006 88494.000000000015
decision_type=2 2 2 2 2 2 2 2 2 2 2 2 2 2 2 2 2 2 2 2 2 2 2 2 2 2 2 2 2 2
left_child=1 11 5 4 6 -3 9 14 29 23 -10 -1 -8 -6 -7 -11 -15 27 19 -12 28 22 -13 -2 26 -14 -25 -9 -20 -5
right_child=3 2 -4 8 13 7 12 17 10 15 18 21 25 16 -16 -17 -18 -19 20 -21 -22 -23 -24 24 -26 -27 -28 -29 -30 -31
leaf_value=0.015468000827659596 -0.019814946728222302 0.011345614907755094 0.0091574713898576361 -0.0033703900075384551 -0.011675053661068281 0.006287852970835491 -0.022962375382582348 -0.011181275611338408 0.0078215097200195743 0.002117342007561372 -0.0078234069546063746 0.01717919807195804 -0.0086274982707456073 -0.023828971207043845 0.00031152615825904661 -0.0089244111041937562 -0.013869936103001239 -0.0074694950908127406 -0.0033055113107767157 0.011923007366760654 0.0083116092719137669 0.014695917234605397 0.0069121521041181286 0.0075537106767296792 -0.022636566236615183 -0.016476611372664436 -0.0075029435801260485 -0.0014130326336649456 -0.014058393529006119 -0.016438005014129408
leaf_weight=271 33 132 518 42 135 234 60 46 106 156 30 53 188 152 471 63 80 202 93 49 24 136 485 20 20 109 267 876 58 53
leaf_count=271 33 132 518 42 135 234 60 46 106 156 30 53 188 152 471 63 80 202 93 49 24 136 485 20 20 109 267 876 58 53
internal_value=1.55048e-11 0.00439593 0.00185489 -0.00866033 -0.0111412 -7.40876e-05 -0.00871881 -0.000898254 -0.0016648 -0.00570799 0.000709123 0.0110618 -0.0134332 -0.0171873 0.00229516 -0.00105905 -0.0203948 -0.00290124 -0.00225904 0.00442437 -0.00527612 0.00929011 0.00792359 -0.00870246 -0.00750796 -0.0115081 -0.0064537 -0.00190039 -0.00743576 -0.0106607
internal_weight=5162 3424 2479 1738 1283 1961 916 1829 455 559 360 945 357 367 705 219 232 1124 254 79 175 674 538 340 307 297 287 922 151 95
internal_count=5162 3424 2479 1738 1283 1961 916 1829 455 559 360 945 357 367 705 219 232 1124 254 79 175 674 538 340 307 297 287 922 151 95
is_linear=0
shrinkage=0.1


Tree=3
num_leaves=31
num_cat=0
split_feature=8 4 0 0 8 1 7 1 1 4 4 3 1 0 8 7 1 9 8 7 3 1 7 10 1 6 5 9 8 3
split_gain=15.969 4.54935 2.71593 2.60823 1.76015 1.4237 1.14858 1.03907 0.733194 0.688745 0.619207 0.535431 0.53125 0.688696 0.530807 0.654349 0.525594 0.507018 0.429116 0.428267 0.42108 0.419362 0.364476 0.33615 0.335323 0.320715 0.307302 0.403292 0.302548 0.300594
threshold=62863.000000000007 36865.500000000007 11.500000000000002 11.500000000000002 77911.750000000015 229.50000000000003 9153088.9000000004 254.50000000000003 356.50000000000006 74084.500000000015 41449.000000000007 101862.00000000001 203.50000000000003 11.500000000000002 47209.750000000007 71849090.305000022 246.50000000000003 73673.000000000015 69346.250000000015 15904644.425000003 107609.50000000001 205.50000000000003 17334190.040000003 77666.125000000015 207.50000000000003 35137.500000000007 78443.000000000015 77750.750000000015 71033.000000000015 78386.500000000015
decision_type=2 2 2 2 2 2 2 2 2 2 2 2 2 2 2 2 2 2 2 2 2 2 2 2 2 2 2 2 2 2
left_child=1 12 4 5 6 10 -2 17 -4 11 -3 18 -1 25 -7 -16 -6 21 -10 -12 -18 -8 -11 -19 -21 -14 -20 -28 -9 -5
right_child=2 3 8 29 16 14 7 28 9 22 19 -13 13 -15 15 -17 20 23 26 24 -22 -23 -24 -25 -26 -27 27 -29 -30 -31
leaf_value=0.016573615439164524 -0.020735278300803586 0.012527156648650249 0.0059816358340982383 0.006635890845622135 -0.010507548401753108 0.0028927276368465342 0.013152260617131279 -0.0081657547007191449 0.0012728700599258889 -0.020358326742725988 -0.003937516435079517 0.0065627675081071056 0.013068662003274554 0.016480966677966839 -0.0030764391896857795 0.0025393275968985415 -0.02144607401597377 -0.015841501323240147 -0.014445355416434567 0.010396919076824013 -0.012482942412607372 -0.0015699416611010466 -0.00489660772184531 -0.0051981254342274791 0.0024015515012816139 0.0069878814662537262 0.0054406294723351803 -0.0088836071980104118 -0.01350494672302515 0.011715563868177882
leaf_weight=130 61 101 119 361 135 285 21 332 107 31 62 70 107 120 983 263 152 35 41 85 80 246 30 195 137 458 30 57 156 172
leaf_count=130 61 101 119 361 135 285 21 332 107 31 62 70 107 120 983 263 152 35 41 85 80 246 30 195 137 458 30 57 156 172
internal_value=3.25382e-11 0.00424133 -0.00729384 0.00208764 -0.00951005 0.000366387 -0.00741945 -0.00659482 -0.000837128 -0.00305416 0.00580225 -0.00111415 0.010713 0.00960075 -0.00100057 -0.00189109 -0.0154685 -0.00337645 -0.00340089 0.00341065 -0.0183553 -0.000412016 -0.0127542 -0.00681777 0.00546284 0.00813946 -0.00730786 -0.00394422 -0.00987255 0.00827511
internal_weight=5162 3264 1898 2449 1413 1916 1046 985 485 366 385 305 815 685 1531 1246 367 497 235 284 232 267 61 230 222 565 128 87 488 533
internal_count=5162 3264 1898 2449 1413 1916 1046 985 485 366 385 305 815 685 1531 1246 367 497 235 284 232 267 61 230 222 565 128 87 488 533
is_linear=0
shrinkage=0.1


Tree=4
num_leaves=31
num_cat=0
split_feature=4 4 0 0 9 1 7 7 4 3 9 3 1 9 1 0 1 4 1 10 9 5 8 4 1 4 1 7 1 6
split_gain=13.1076 3.79086 2.52844 2.01786 1.37219 1.30529 0.791435 0.726269 0.665172 0.589008 0.572528 0.572227 0.505512 0.455585 0.448133 0.580471 0.415191 0.371211 0.340828 0.639766 0.471172 0.334357 0.492113 0.412219 0.315434 0.309043 0.307537 0.339621 0.289269 0.364818
threshold=56340.500000000007 36865.500000000007 11.500000000000002 11.500000000000002 73673.000000000015 242.50000000000003 67334137.070000008 8550662.6050000023 67745.000000000015 102819.00000000001 94344.750000000015 107609.50000000001 206.50000000000003 60782.250000000007 203.50000000000003 11.500000000000002 268.50000000000006 45365.000000000007 239.50000000000003 72226.750000000015 66849.000000000015 70634.500000000015 47018.875000000007 50355.000000000007 250.50000000000003 71901.500000000015 237.50000000000003 155188663.95000002 371.50000000000006 67064.85000000002
decision_type=2 2 2 2 2 2 2 2 2 2 2 2 2 2 2 2 2 2 2 2 2 2 2 2 2 2 2 2 2 2
left_child=1 14 4 5 6 12 18 -6 9 28 11 16 -3 21 -1 -16 -9 -14 19 20 -2 22 24 -23 -7 -18 -13 -28 -4 -30
right_child=2 3 8 -5 7 13 -8 10 -10 -11 -12 26 17 -15 15 -17 25 -19 -20 -21 -22 23 -24 -25 -26 -27 27 -29 29 -31
leaf_value=0.015039199428590201 -0.0010582605480319925 0.0094326387003121036 0.0044287180792624975 0.0073668803278966362 -0.027761033936231222 0.010124379748271572 0.0014822584882712188 -0.010098863788143961 -0.0054267715393262134 0.011319915355978019 -0.019478535447795941 0.0036854696060929985 0.0054515946711584627 -0.0044494684301097888 0.0073360599136508961 0.014957449214209703 -0.013269502814475668 0.00026160623286924667 -0.0087106569568157072 0.0064947947423825876 -0.018027007877826691 0.00057295081263873725 -0.0032353146311453656 0.010677432054998699 0.00056354106164763912 -0.023928712853230536 -0.0012527229189872742 -0.012742004149378157 0.0045504546162727123 -0.0056817630881612954
leaf_weight=131 36 131 99 521 27 45 134 411 178 58 73 35 245 383 574 121 85 315 363 47 30 160 454 54 148 40 50 53 51 110
leaf_count=131 36 131 99 521 27 45 134 411 178 58 73 35 245 383 574 121 85 315 363 47 30 160 454 54 148 40 50 53 51 110
internal_value=2.25298e-12 0.00381384 -0.00665799 0.00184289 -0.00885342 0.000355554 -0.00530655 -0.0116488 -0.000532032 0.00220779 -0.0110664 -0.0101553 0.00384041 -0.00158016 0.00967419 0.00866295 -0.0116337 0.00253223 -0.00721769 -0.0024217 -0.00877133 -0.000303807 -0.00143714 0.00312268 0.00279275 -0.0166805 -0.00441283 -0.00716468 0.000175086 -0.0024405
internal_weight=5162 3282 1880 2456 1384 1935 610 774 496 318 747 674 691 1244 826 695 536 560 476 113 66 861 647 214 193 125 138 103 260 161
internal_count=5162 3282 1880 2456 1384 1935 610 774 496 318 747 674 691 1244 826 695 536 560 476 113 66 861 647 214 193 125 138 103 260 161
is_linear=0
shrinkage=0.1


Tree=5
num_leaves=31
num_cat=0
split_feature=4 4 0 0 9 1 7 1 8 1 7 1 0 10 8 1 5 3 8 3 10 9 7 1 10 6 7 1 10 10
split_gain=10.6193 3.02566 2.10722 1.54411 1.16208 0.993442 0.628614 0.598226 0.590931 0.496188 0.492404 0.463962 0.626655 0.384321 0.390804 0.367652 0.630425 0.361245 0.35149 0.385188 0.347175 0.335144 0.333293 0.296328 0.285609 0.436212 0.407178 0.283641 0.275689 0.268514
threshold=55943.500000000007 38394.000000000007 11.500000000000002 11.500000000000002 73673.000000000015 252.50000000000003 71041605.000000015 258.50000000000006 69346.250000000015 206.50000000000003 20466003.050000004 219.50000000000003 11.500000000000002 76797.625000000015 96994.750000000015 240.50000000000003 75321.500000000015 112476.50000000001 42879.375000000007 49559.000000000007 45025.625000000007 79514.750000000015 41399279.180000007 356.50000000000006 62632.500000000007 58700.950000000004 21464499.525000002 319.50000000000006 95182.625000000015 49979.375000000007
decision_type=2 2 2 2 2 2 2 2 2 2 2 2 2 2 2 2 2 2 2 2 2 2 2 2 2 2 2 2 2 2
left_child=1 11 4 5 6 9 15 13 -4 -3 23 -1 20 -6 -15 16 -2 21 -7 -20 -13 -12 -9 -10 25 -21 -27 -14 -19 -11
right_child=2 3 8 -5 7 18 -8 22 10 29 17 12 27 14 -16 -17 -18 28 19 24 -22 -23 -24 -25 -26 26 -28 -29 -30 -31
leaf_value=0.01223175296903932 -0.011463847982866522 0.0084002458867301257 0.0038726650109220371 0.0064402286871289745 -0.021017534624446523 0.0092747954949736599 0.0014071297796821236 -0.017569702210377403 0.0018444037031648413 0.0073218447230626931 0.0023545356001704932 0.0080102784159099497 0.024112095870077611 -0.0067713656692436289 -0.020452381865206093 -0.0078931252211554056 0.0032529314089198274 0.013808583803474904 -0.014080423908308149 -0.0020727721484527185 0.0031709778185941722 -0.0088815110359103128 -0.01104994607040974 -0.0096272685049790096 -0.0046739275902673866 -0.0029304151090660266 0.012565178900610569 0.01122553426708676 -0.0013486189162358643 0.0009383245750418487
leaf_weight=222 44 118 201 499 22 25 133 134 28 72 61 298 20 410 22 378 86 30 29 387 295 47 189 115 312 28 43 117 20 777
leaf_count=222 44 118 201 499 22 25 133 134 28 72 61 298 20 410 22 378 86 30 29 387 295 47 189 115 312 28 43 117 20 777
internal_value=3.80763e-11 0.00349047 -0.0058938 0.00152075 -0.00786494 0.000150106 -0.00471312 -0.0104651 -0.000325909 0.00232418 -0.00312961 0.00822855 0.00701114 -0.00812467 -0.00746808 -0.00631547 -0.00172813 0.000718233 -0.00240126 -0.0027666 0.00560287 -0.00253523 -0.0137547 -0.00738107 -0.00234049 -0.000750899 0.00645424 0.0131068 0.0077457 0.00147968
internal_weight=5162 3242 1920 2290 1418 1791 641 777 502 967 301 952 730 454 432 508 130 158 824 799 593 108 323 143 770 458 71 137 50 849
internal_count=5162 3242 1920 2290 1418 1791 641 777 502 967 301 952 730 454 432 508 130 158 824 799 593 108 323 143 770 458 71 137 50 849
is_linear=0
shrinkage=0.1


Tree=6
num_leaves=31
num_cat=0
split_feature=6 10 4 0 1 0 7 7 8 1 1 1 1 7 3 9 3 4 3 8 1 0 7 6 7 3 10 8 6 10
split_gain=8.75159 2.29831 1.49669 1.34091 0.985526 0.74138 0.652229 0.613088 0.680411 0.597569 0.50122 0.479674 0.444852 0.398365 0.385291 0.343376 0.460476 0.343096 0.333895 0.386181 0.326627 0.321459 0.320212 0.312393 0.295654 0.295183 0.286954 0.285058 0.337117 0.408098
threshold=65504.850000000013 48822.000000000007 69249.500000000015 11.500000000000002 243.50000000000003 11.500000000000002 15904644.425000003 15904644.425000003 78299.500000000015 236.50000000000003 294.50000000000006 371.50000000000006 246.50000000000003 75012505.250000015 92459.000000000015 61602.750000000007 70379.000000000015 32431.000000000004 97843.500000000015 77025.500000000015 206.50000000000003 16.500000000000004 71041605.000000015 74978.35000000002 3226549.3250000007 101172.00000000001 65346.375000000007 72235.375000000015 70789.60000000002 69677.500000000015
decision_type=2 2 2 2 2 2 2 2 2 2 2 2 2 2 2 2 2 2 2 2 2 2 2 2 2 2 2 2 2 2
left_child=1 17 5 4 6 7 -3 -2 9 -9 12 27 -4 -14 21 16 -6 -1 -12 -20 -8 -5 -11 -24 -19 -13 -17 28 29 -7
right_child=2 3 10 14 15 11 20 8 -10 22 18 25 13 -15 -16 26 -18 24 19 -21 -22 -23 23 -25 -26 -27 -28 -29 -30 -31
leaf_value=0.0099240592085665328 -0.011757744999205764 -0.003083309854567051 -0.0068798565648858839 0.0045050829999580709 -0.0020205335369706152 -0.0045145912761134768 0.0099391319405376204 0.0011103109531643346 -0.014161399292643182 -0.0064933802854122208 -0.011255046122652643 -0.0046901612577332549 -0.016202835884398303 -0.0079978167031217236 0.014708256100614867 -0.0096967744583516952 0.0030218362989013689 -0.0035393998807957093 0.0094588029310107239 -0.0046991057361343083 0.0037221665982389283 0.013989478688782607 0.00045480672424422447 -0.0060149058912272067 0.0065889474618384932 0.0057954637107975561 -0.0022660099833818345 0.011497462724345616 -0.0046235066499899736 0.012627997811565676
leaf_weight=399 108 125 156 427 625 21 105 242 60 404 51 144 185 87 48 81 255 31 25 84 433 39 181 127 410 33 145 46 44 41
leaf_count=399 108 125 156 427 625 21 105 242 60 404 51 144 185 87 48 81 255 31 25 84 433 39 181 127 410 33 145 46 44 41
internal_value=4.32808e-11 0.00332703 -0.00509579 0.0016815 0.000375137 -0.0033711 0.00342367 -0.00459512 -0.00383224 -0.0031826 -0.00935179 0.000803214 -0.0111369 -0.0135784 0.00617754 -0.00145233 -0.000559392 0.00779934 -0.00457664 -0.00145188 0.00493551 0.00529884 -0.00464171 -0.0022129 0.00587698 -0.00273521 -0.00492925 0.00492362 0.00207082 0.00682164
internal_weight=5162 3123 2039 2283 1769 1451 663 1122 1014 954 588 329 428 272 514 1106 880 840 160 109 538 466 712 308 441 177 226 152 106 62
internal_count=5162 3123 2039 2283 1769 1451 663 1122 1014 954 588 329 428 272 514 1106 880 840 160 109 538 466 712 308 441 177 226 152 106 62
is_linear=0
shrinkage=0.1


Tree=7
num_leaves=31
num_cat=0
split_feature=8 6 0 0 1 8 1 7 7 4 7 0 1 7 10 4 7 3 5 1 8 1 0 9 3 3 9 1 6 5
split_gain=7.09418 2.14718 1.06576 1.02863 0.836558 0.777067 0.720645 0.594708 0.554624 0.468073 0.436662 0.427128 0.644332 0.411139 0.394195 0.411356 0.385124 0.351222 0.348567 0.344079 0.330905 0.330649 0.383604 0.339897 0.428144 0.309276 0.308848 0.303281 0.280723 0.273747
threshold=63912.500000000007 49875.80000000001 11.500000000000002 11.500000000000002 199.50000000000003 77911.750000000015 243.50000000000003 15904644.425000003 10203022.225000001 41449.000000000007 262661044.84500003 11.500000000000002 229.50000000000003 71849090.305000022 85105.625000000015 74084.500000000015 31369047.050000008 50193.500000000007 81817.000000000015 267.50000000000006 96994.750000000015 359.50000000000006 16.500000000000004 72988.750000000015 87813.500000000015 83502.500000000015 68879.250000000015 377.50000000000006 55535.450000000004 83964.500000000015
decision_type=2 2 2 2 2 2 2 2 2 2 2 2 2 2 2 2 2 2 2 2 2 2 2 2 2 2 2 2 2 2
left_child=1 9 6 4 -2 7 16 -6 25 11 19 12 -1 18 15 -7 28 -11 -8 -9 -16 -10 23 24 -23 -5 -21 -25 -3 -18
right_child=3 2 -4 8 5 14 13 10 21 17 -12 -13 -14 -15 20 -17 29 -19 -20 26 -22 22 -24 27 -26 -27 -28 -29 -30 -31
leaf_value=0.0093853987271294882 0.009913038699499643 0.0031597958638969353 0.0051272558865046291 0.00019422911864239723 -0.011445164398069113 -0.0090390341705642637 -0.0025538454246724234 -0.00357906317736475 0.0054133050077823262 -0.0099294717088341724 0.0064142513166492183 0.011576231211378164 0.0037954671275517585 0.0015746900472855298 -0.0086133302138121873 -0.027856510028672905 0.0057504765267319454 0.0030633387610226152 -0.014779695247610412 0.00081580699421465405 -0.020004134265972036 -0.0058011070173233752 0.008656450894469505 0.00025194602055569827 0.010179629576343455 -0.011846240122758901 -0.010230182243272502 -0.0088950525112871208 -0.0040252973159500792 0.00017276452366082418
leaf_weight=340 30 94 460 32 139 21 823 543 106 25 36 163 524 271 286 26 303 124 24 30 28 30 34 59 38 64 162 94 129 124
leaf_count=340 30 94 460 32 139 21 823 543 106 25 36 163 524 271 286 26 303 124 24 30 28 30 34 59 38 64 162 94 129 124
internal_value=-1.8162e-11 0.00266414 0.000839464 -0.00515855 -0.00659219 -0.00698177 -0.000276138 -0.00542441 -0.00107722 0.00612109 -0.00433895 0.006881 0.00599521 -0.00181555 -0.0109075 -0.0194487 0.00237165 0.000883337 -0.00290027 -0.00486564 -0.00962907 0.000719258 -0.00123199 -0.00275329 0.0031293 -0.00783275 -0.00850425 -0.00536778 -0.000996603 0.00413072
internal_weight=5162 3404 2228 1758 1301 1271 1768 910 457 1176 771 1027 864 1118 361 47 650 149 847 735 314 361 255 221 68 96 192 153 223 427
internal_count=5162 3404 2228 1758 1301 1271 1768 910 457 1176 771 1027 864 1118 361 47 650 149 847 735 314 361 255 221 68 96 192 153 223 427
is_linear=0
shrinkage=0.1


Tree=8
num_leaves=31
num_cat=0
split_feature=6 4 0 9 3 1 4 3 9 7 10 7 9 8 4 4 8 3 7 10 10 4 1 7 1 3 1 1 5 7
split_gain=5.79771 1.55881 1.02562 1.02216 0.739805 0.570643 0.537443 0.432544 0.72733 0.474034 0.407578 0.346551 0.3312 0.326617 0.318835 0.315675 0.310066 0.305889 0.288611 0.318909 0.274677 0.2824 0.279093 0.265172 0.259845 0.25406 0.247103 0.430294 0.387236 0.246675
threshold=65504.850000000013 36865.500000000007 11.500000000000002 80313.000000000015 99168.000000000015 229.50000000000003 68590.500000000015 107609.50000000001 98780.500000000015 155188663.95000002 78237.000000000015 9301964.1300000008 78995.750000000015 74623.250000000015 41449.000000000007 24301.500000000004 89687.750000000015 78386.500000000015 22819294.030000005 54374.875000000007 84410.625000000015 72844.500000000015 237.50000000000003 7366379.950000002 277.50000000000006 55184.000000000007 248.50000000000003 283.50000000000006 85571.500000000015 15904644.425000003
decision_type=2 2 2 2 2 2 2 2 2 2 2 2 2 2 2 2 2 2 2 2 2 2 2 2 2 2 2 2 2 2
left_child=1 15 5 4 6 14 11 16 9 -9 -6 23 13 -8 -3 -1 20 -4 19 -7 21 -5 -22 -2 25 -20 -13 28 -28 -16
right_child=3 2 17 7 10 18 12 8 -10 -11 -12 26 -14 -15 29 -17 -18 -19 24 -21 22 -23 -24 -25 -26 -27 27 -29 -30 -31
leaf_value=0.010670300631796661 -0.0058125962731692031 0.0086016768663383959 0.0036207146345548433 -0.0089175017088350354 0.006441814990349762 0.00046882541300576237 -0.0082957423351127917 0.0024052387839419991 -0.014730264009067826 -0.0089795184605052022 -0.0012942939721714303 -0.00026840496799335455 0.001242265846072273 -0.019988882498970878 -0.0035270885564386845 0.005540762040598033 -0.020389667819612302 0.0088090894165251295 0.010401952515322981 -0.0042166106022173194 -0.0017746107371133424 -0.022479074764331537 -0.0094315860649888845 -0.01887266008522023 -0.0057814876548945909 0.00069765173947550923 -0.0078350980135319 -1.4197743547373211e-05 -0.0018270300305579278 0.0037814517589723332
leaf_weight=146 53 101 365 34 115 244 71 118 51 53 167 312 22 36 62 673 26 165 28 359 62 28 205 22 60 739 270 216 178 181
leaf_count=146 53 101 365 34 115 244 71 118 51 53 167 312 22 36 62 673 26 165 28 359 62 28 205 22 60 739 270 216 178 181
internal_value=-1.15083e-11 0.00270796 0.00137593 -0.0041476 -0.00274102 0.000222713 -0.0038407 -0.00771158 -0.00424928 -0.00112337 0.0018605 -0.00309302 -0.00993231 -0.0122299 0.00387946 0.00645519 -0.00987674 0.00523596 -0.000656951 -0.00232068 -0.00904593 -0.0150421 -0.00765356 -0.00964355 0.000556143 0.00105192 -0.00258965 -0.00368035 -0.00544796 0.00191672
internal_weight=5162 3123 2304 2039 1462 1774 1180 577 222 171 282 1051 129 107 344 819 355 530 1430 603 329 62 267 75 827 767 976 664 448 243
internal_count=5162 3123 2304 2039 1462 1774 1180 577 222 171 282 1051 129 107 344 819 355 530 1430 603 329 62 267 75 827 767 976 664 448 243
is_linear=0
shrinkage=0.1


Tree=9
num_leaves=31
num_cat=0
split_feature=4 8 0 1 0 10 0 1 7 9 1 1 0 1 8 10 7 10 10 8 3 7 4 1 1 7 10 5 7 3
split_gain=4.72242 1.86063 0.986853 0.693751 0.78819 0.610536 0.658104 0.428872 0.403195 0.391356 0.362668 0.35524 0.6923 0.337816 0.509699 0.321861 0.317193 0.307267 0.273194 0.297631 0.241653 0.246328 0.241533 0.234885 0.2598 0.246857 0.224784 0.515348 0.215281 0.207492
threshold=46139.500000000007 69182.000000000015 11.500000000000002 229.50000000000003 11.500000000000002 73417.750000000015 11.500000000000002 268.50000000000006 15904644.425000003 73233.500000000015 205.50000000000003 377.50000000000006 16.500000000000004 384.50000000000006 53144.125000000007 62204.750000000007 53041522.500000007 45025.625000000007 84862.375000000015 71033.000000000015 93355.500000000015 33820299.030000009 53644.000000000007 305.50000000000006 416.50000000000006 6615925.7400000012 57498.875000000007 57894.500000000007 9640663.0250000004 51106.000000000007
decision_type=2 2 2 2 2 2 2 2 2 2 2 2 2 2 2 2 2 2 2 2 2 2 2 2 2 2 2 2 2 2
left_child=3 2 8 -1 17 -3 7 9 15 -7 -10 -8 -13 14 -6 22 20 -5 19 -18 28 -22 26 -4 25 -25 27 -2 -11 -19
right_child=1 5 23 4 13 6 11 -9 10 16 -12 12 -14 -15 -16 -17 18 29 -20 -21 21 -23 -24 24 -26 -27 -28 -29 -30 -31
leaf_value=0.0072146847819526821 -0.0075765378878645184 -0.018702408901470551 0.013728344467069423 0.0046768814716258173 0.011134614509414553 0.0042407200910383842 0.0022282153642592746 -0.010750824156413347 0.0059631024225780815 -0.015052943633593344 -0.0012997325646626316 -0.0078913698391057559 0.0085927951215126093 0.0025206844823864793 -0.004613962534653104 -0.0080363392938988636 -0.008454068277093869 -0.0032887370060679724 -0.0057438042229838535 0.0041001588099406688 -0.021496219417080284 -0.0091159679881012475 0.0059570372686721385 -0.0033125715537203684 0.0089018625946390255 0.0031330684569034293 -0.0082405393263177262 0.0065047947507278596 -0.0054702363421700977 0.001270786697660423
leaf_weight=492 53 34 21 243 193 40 154 190 73 27 1182 125 32 104 23 159 26 116 222 69 25 45 32 72 63 340 63 51 178 715
leaf_count=492 53 34 21 243 193 40 154 190 73 27 1182 125 32 104 23 159 26 116 222 69 25 45 32 72 63 340 63 51 178 715
internal_value=1.49143e-11 -0.00229494 -0.000522165 0.00398634 0.00284692 -0.00549871 -0.00510248 -0.00658492 -0.0017217 -0.00533251 -0.000877273 -0.00118427 -0.00453154 0.00720316 0.00945768 -0.0046819 -0.00597935 0.00154898 -0.0038234 0.000664265 -0.00846457 -0.0135375 -0.00200171 0.00337873 0.00292117 0.00200665 -0.00352674 -0.000671269 -0.00673235 0.000634319
internal_weight=5162 3276 2109 1886 1394 1167 1133 822 1613 632 1255 311 157 320 216 358 592 1074 317 95 275 70 199 496 475 412 167 104 205 831
internal_count=5162 3276 2109 1886 1394 1167 1133 822 1613 632 1255 311 157 320 216 358 592 1074 317 95 275 70 199 496 475 412 167 104 205 831
is_linear=0
shrinkage=0.1


Tree=10
num_leaves=31
num_cat=0
split_feature=6 6 9 0 1 3 7 4 1 3 9 7 6 3 3 5 7 8 3 5 3 6 5 9 10 10 0 1 4 3
split_gain=3.90004 1.07762 0.681597 0.62613 0.549305 0.542812 0.387032 0.369625 0.348376 0.313658 0.567809 0.365722 0.311052 0.307502 0.30493 0.335627 0.376524 0.296009 0.331944 0.328236 0.344008 0.301364 0.281137 0.42132 0.261574 0.26989 0.25801 0.254616 0.245388 0.343193
threshold=65504.850000000013 45448.000000000007 80313.000000000015 11.500000000000002 229.50000000000003 99168.000000000015 9301964.1300000008 41449.000000000007 331.50000000000006 107609.50000000001 98780.500000000015 155188663.95000002 74577.200000000012 70379.000000000015 56130.000000000007 37339.500000000007 3226549.3250000007 52210.000000000007 51106.000000000007 58826.500000000007 62228.500000000007 48679.500000000007 68475.000000000015 62664.500000000007 60389.875000000007 65548.750000000015 16.500000000000004 247.50000000000003 68590.500000000015 84666.500000000015
decision_type=2 2 2 2 2 2 2 2 2 2 2 2 2 2 2 2 2 2 2 2 2 2 2 2 2 2 2 2 2 2
left_child=1 14 5 4 7 6 -2 -3 -5 27 11 -11 -7 17 15 -1 -17 18 21 -19 -21 -6 23 26 -22 -26 -10 -4 -8 -30
right_child=2 3 9 8 13 12 28 -9 22 10 -12 -13 -14 -15 -16 16 -18 19 -20 20 24 -23 -24 -25 25 -27 -28 -29 29 -31
leaf_value=0.009730180996481241 -0.008706470303409531 0.0082036197178005695 -0.0042619242332014107 0.011663877275506301 -0.014602833949694678 0.0058105989237659961 -0.0021416158184425125 0.0014939675571822367 0.0024082675864748613 0.0024975697080786264 -0.012624295563528351 -0.0075023057501552234 -0.00098741070708812761 0.0014458512699912171 0.0098348374042395905 -0.0087023174865559372 0.0041243029589260382 -0.013828034303953934 0.00085880679282371525 0.0011914116711289223 0.00024136935924770126 -0.00059331826153485217 0.0089817222560176976 -0.0080479282445998657 -0.0093902349200410146 -0.0013014884851872922 0.011329252034839657 -0.0099977537934065521 -0.00026503335118193078 -0.012864769798202011
leaf_weight=105 115 124 114 56 28 111 976 243 326 118 51 53 171 502 134 24 493 29 476 140 71 34 74 36 132 60 36 241 37 52
leaf_count=105 115 124 114 56 28 111 976 243 326 118 51 53 171 502 134 24 493 29 476 140 71 34 74 36 132 60 36 241 37 52
internal_value=-1.77238e-11 0.002221 -0.00340175 0.00117119 0.000299707 -0.00225315 -0.00319511 0.00376099 0.00420653 -0.00631207 -0.00336373 -0.000601807 0.0016884 -0.000563262 0.00550789 0.00457572 0.00352887 -0.00160303 -3.76582e-05 -0.0035525 -0.00281307 -0.0069202 0.00332176 0.0022694 -0.00494473 -0.0068625 0.00329544 -0.00815583 -0.00259999 -0.00762668
internal_weight=5162 3123 2039 2367 1839 1462 1180 367 528 577 222 171 282 1472 756 622 517 970 538 432 403 62 472 398 263 192 362 355 1065 89
internal_count=5162 3123 2039 2367 1839 1462 1180 367 528 577 222 171 282 1472 756 622 517 970 538 432 403 62 472 398 263 192 362 355 1065 89
is_linear=0
shrinkage=0.1


Tree=11
num_leaves=31
num_cat=0
split_feature=8 8 4 10 0 0 7 1 0 1 9 1 1 0 1 7 10 8 3 3 7 4 9 1 4 9 7 3 10 1
split_gain=3.18672 0.85365 0.651114 0.509979 0.502723 0.464846 0.422092 0.511215 0.372151 0.337324 0.347911 0.28832 0.269024 0.332639 0.319007 0.255215 0.253128 0.271906 0.245658 0.229966 0.222883 0.222763 0.21529 0.22135 0.250391 0.325665 0.208538 0.188697 0.359219 0.281304
threshold=57141.500000000007 69182.000000000015 36865.500000000007 73573.250000000015 11.500000000000002 11.500000000000002 15904644.425000003 240.50000000000003 11.500000000000002 268.50000000000006 73233.500000000015 203.50000000000003 337.50000000000006 16.500000000000004 381.50000000000006 53041522.500000007 84862.375000000015 71033.000000000015 78386.500000000015 101172.00000000001 3984047.6250000005 24301.500000000004 61602.750000000007 267.50000000000006 49127.500000000007 50688.750000000007 103684044.43000002 88494.000000000015 85105.625000000015 226.50000000000003
decision_type=2 2 2 2 2 2 2 2 2 2 2 2 2 2 2 2 2 2 2 2 2 2 2 2 2 2 2 2 2 2
left_child=2 5 21 -3 9 6 -2 -8 11 10 -5 -4 -6 14 -14 27 17 -17 -10 -7 -13 -1 23 -22 25 -25 -11 29 -29 -12
right_child=1 3 8 4 12 19 7 -9 18 26 15 20 13 -15 -16 16 -18 -19 -20 -21 22 -23 -24 24 -26 -27 -28 28 -30 -31
leaf_value=0.0085596212418749939 -0.0062150843867994155 -0.015668842263328722 0.0062175947315567595 0.00519573118952984 0.008400356130053601 0.0013569311873348425 0.00254096958390756 -0.0024716222158062333 0.0030577493754440342 -0.010874593209195281 0.0055101073225555216 -0.007245602046972827 0.00060108787510006765 0.008027631169534288 -0.0065964530588278926 -0.0074129799645071704 -0.0047409202137828291 0.0045178147850997953 0.0097761092401707356 0.0087583105212875791 0.0014603877728574337 0.0041463434768216423 -0.006417308249619118 0.0019831447905072799 0.0046518388804462222 -0.0068586174173858663 -0.0032096174046021956 -0.017731020969804376 -0.0061948143256791727 -0.0064945783967859765
leaf_weight=138 181 39 88 37 30 293 292 671 290 145 23 38 130 32 117 26 224 72 67 49 944 668 43 65 45 116 47 40 83 129
leaf_count=138 181 39 88 37 30 293 292 671 290 145 23 38 130 32 117 26 224 72 67 49 944 668 43 65 45 116 47 40 83 129
internal_value=-7.83089e-12 -0.00240972 0.00256189 -0.00442518 -0.00403883 -0.000817421 -0.00178446 -0.000951709 0.0014498 -0.00532606 -0.00421397 0.000684925 -0.000597892 -0.00156545 -0.00280827 -0.00479715 -0.0028864 0.0013525 0.00431862 0.00241736 0.000295737 0.00490197 0.000531986 0.000787388 -0.00202373 -0.0036834 -0.00899827 -0.00703447 -0.00994643 -0.00467808
internal_weight=5162 2660 2502 1174 1135 1486 1144 963 1696 826 634 1339 309 279 247 597 322 98 357 342 1251 806 1213 1170 226 181 192 275 123 152
internal_count=5162 2660 2502 1174 1135 1486 1144 963 1696 826 634 1339 309 279 247 597 322 98 357 342 1251 806 1213 1170 226 181 192 275 123 152
is_linear=0
shrinkage=0.1


Tree=12
num_leaves=31
num_cat=0
split_feature=4 8 0 1 0 10 0 1 7 1 8 9 10 7 1 1 0 1 3 7 10 10 1 8 10 10 8 8 1 10
split_gain=2.65267 0.968663 0.552682 0.423747 0.497766 0.409323 0.411022 0.298218 0.365659 0.267455 0.403584 0.255162 0.346138 0.250319 0.252239 0.227891 0.336131 0.22645 0.204543 0.282607 0.204267 0.406656 0.435254 0.204037 0.200003 0.254855 0.228933 0.217894 0.197475 0.190777
threshold=46139.500000000007 69182.000000000015 11.500000000000002 229.50000000000003 11.500000000000002 73417.750000000015 11.500000000000002 246.50000000000003 8550662.6050000023 384.50000000000006 53144.125000000007 73673.000000000015 79199.750000000015 15904644.425000003 243.50000000000003 359.50000000000006 16.500000000000004 260.50000000000006 88283.500000000015 28815428.605000004 62632.500000000007 58164.250000000007 261.50000000000006 76753.750000000015 65346.375000000007 67892.375000000015 61991.750000000007 57817.125000000007 260.50000000000006 57682.000000000007
decision_type=2 2 2 2 2 2 2 2 2 2 2 2 2 2 2 2 2 2 2 2 2 2 2 2 2 2 2 2 2 2
left_child=3 2 13 -1 17 -3 7 11 -9 10 -6 -7 -13 29 -15 -8 -17 -5 -14 -20 21 22 -16 -10 27 26 28 -22 -26 -2
right_child=1 5 -4 4 9 6 15 8 23 -11 -12 12 18 14 20 16 -18 -19 19 -21 24 -23 -24 -25 25 -27 -28 -29 -30 -31
leaf_value=0.0055107585995527167 -0.00027190428095832632 -0.014842810481786728 0.0024783885880248317 0.0020433657347948193 0.0090572680612070588 0.0070709692529187761 0.0038032639216330345 -0.017902007326483727 -0.0037329815671313556 0.0013926299819454122 -0.0049563811848992896 -0.012742736730176738 0.0037309273616410797 0.0012295261260338263 0.0018013243402900368 -0.0038371020365976279 0.0072248682103236211 -0.0010909597510332938 -0.013599923731332335 -0.0020161548356639309 -0.0017987923211969282 0.004061593152841346 -0.016619543099532959 -0.0078150136780459432 0.011613159395302788 -0.0028346037665820298 -0.0047694791108369829 -0.011008514362577073 0.00058811747003346688 -0.0052387641162174392
leaf_weight=492 113 34 496 739 193 26 85 26 250 104 23 34 50 448 29 194 32 335 24 172 49 135 23 240 33 425 27 54 32 245
leaf_count=492 113 34 496 739 193 26 85 26 250 104 23 34 50 448 29 194 32 335 24 172 49 135 23 240 33 425 27 54 32 245
internal_value=2.36932e-11 -0.00172001 -0.000440891 0.00298768 0.00209718 -0.00403164 -0.00370721 -0.00487876 -0.00634554 0.00555903 0.00756507 -0.00240535 -0.0032853 -0.00133857 -0.000673225 -0.00061069 -0.00227081 0.00106571 -0.00197817 -0.00343458 -0.00172952 0.0011674 -0.00634637 -0.00573234 -0.00260327 -0.0018016 0.00297041 -0.00662719 0.00618545 -0.00367101
internal_weight=5162 3276 2109 1886 1394 1167 1133 822 516 320 216 306 280 1613 1255 311 226 1074 246 196 807 187 52 490 620 517 92 103 65 358
internal_count=5162 3276 2109 1886 1394 1167 1133 822 516 320 216 306 280 1613 1255 311 226 1074 246 196 807 187 52 490 620 517 92 103 65 358
is_linear=0
shrinkage=0.1


Tree=13
num_leaves=31
num_cat=0
split_feature=4 9 3 1 0 1 8 3 5 8 10 7 7 7 1 7 8 1 4 10 10 4 7 8 1 10 3 10 4 4
split_gain=2.14866 0.794293 0.515312 0.343235 0.403191 0.328419 0.306591 0.370255 0.261278 0.251956 0.233104 0.232933 0.297881 0.224608 0.218493 0.209812 0.265314 0.207468 0.227847 0.335138 0.227937 0.24562 0.246818 0.207615 0.223596 0.266142 0.213098 0.206987 0.356902 0.330412
threshold=46139.500000000007 73673.000000000015 87813.500000000015 229.50000000000003 11.500000000000002 418.50000000000006 96994.750000000015 112476.50000000001 83747.500000000015 89687.750000000015 81951.875000000015 58483447.020000003 79367461.190000013 155188663.95000002 313.50000000000006 3984047.6250000005 52514.000000000007 203.50000000000003 48068.500000000007 57498.875000000007 58164.250000000007 53956.000000000007 12748918.225000003 55199.375000000007 359.50000000000006 57361.750000000007 63007.000000000007 71094.125000000015 64085.500000000007 60041.000000000007
decision_type=2 2 2 2 2 2 2 2 2 2 2 2 2 2 2 2 2 2 2 2 2 2 2 2 2 2 2 2 2 2
left_child=3 2 5 -1 -5 8 7 9 15 -3 -9 -10 -13 -12 -6 16 -2 -17 23 -20 -21 22 -22 24 25 26 -19 29 -29 -4
right_child=1 6 27 4 14 -7 -8 10 11 -11 13 12 -14 -15 -16 17 -18 18 19 20 21 -23 -24 -25 -26 -27 -28 28 -30 -31
leaf_value=0.0049596827290526299 0.0024619322270154954 -0.0040065466292596406 0.0074243500463859139 0.00095914168737731625 0.014392968380580779 0.0078646432512845758 -0.012582950767031626 0.0097762238234281543 -0.011733860719602468 -0.013651040036763465 0.0026379400401198294 0.0042491555349746099 -0.0075384871120441638 -0.0047641224506629731 0.004275967170802252 0.0054438522231637261 -0.011304334807209672 -0.0026760528760080759 0.005077196893339255 -0.010092253741566783 -0.0049118771095804517 -0.0020472087304100098 0.0018024534430426131 -0.0091918180616379821 0.0069259553337874622 0.0018913520835340024 -0.013241214943783625 -0.0010366158799465315 0.0074034584248720697 -0.0057985429736700927
leaf_weight=492 21 831 134 1074 23 39 38 24 43 28 89 36 53 76 297 51 42 42 98 27 63 661 418 58 23 50 35 208 66 22
leaf_count=492 21 831 134 1074 23 39 38 24 43 28 89 36 53 76 297 51 42 42 98 27 63 661 418 58 23 50 35 208 66 22
internal_value=-1.58645e-11 -0.00154801 -0.000451504 0.00268891 0.00188746 -0.00120972 -0.0037592 -0.00343925 -0.00141535 -0.00432092 0.000567898 -0.00569035 -0.00277045 -0.000771495 0.00500313 -0.00106022 -0.00671558 -0.000826746 -0.00104356 -0.000539979 -0.00101088 -0.000796171 0.00092303 -0.00411105 -0.00214648 -0.00378952 -0.0074784 0.00265188 0.000996395 0.00555958
internal_weight=5162 3276 2190 1886 1394 1760 1086 1048 1721 859 189 132 89 165 320 1589 63 1526 1475 1267 1169 1142 481 208 150 127 77 430 274 156
internal_count=5162 3276 2190 1886 1394 1760 1086 1048 1721 859 189 132 89 165 320 1589 63 1526 1475 1267 1169 1142 481 208 150 127 77 430 274 156
is_linear=0
shrinkage=0.1


Tree=14
num_leaves=31
num_cat=0
split_feature=10 6 3 4 7 3 8 9 3 9 3 3 10 1 5 7 9 10 8 5 3 5 7 10 8 4 7 3 7 1
split_gain=1.79069 0.507397 0.503747 0.423793 0.415992 0.399127 0.3146 0.381793 0.285432 0.268961 0.26744 0.234667 0.255959 0.233591 0.239288 0.424671 0.266342 0.28323 0.256868 0.242531 0.22073 0.216047 0.21385 0.186 0.181206 0.229889 0.181337 0.179182 0.176878 0.167617
threshold=62632.500000000007 74577.200000000012 99168.000000000015 30999.000000000004 7366379.950000002 76993.000000000015 52210.000000000007 54087.500000000007 61450.500000000007 94344.750000000015 112476.50000000001 71616.000000000015 69502.000000000015 243.50000000000003 76570.000000000015 69966805.085000023 66541.500000000015 66098.125000000015 60138.875000000007 80260.000000000015 126425.50000000001 60463.500000000007 14539135.925000003 89153.000000000015 51182.000000000007 43174.500000000007 3226549.3250000007 72923.500000000015 9999395.9250000026 236.50000000000003
decision_type=2 2 2 2 2 2 2 2 2 2 2 2 2 2 2 2 2 2 2 2 2 2 2 2 2 2 2 2 2 2
left_child=3 2 8 -1 -3 6 24 -8 -2 10 22 -10 13 -13 16 19 17 -15 -17 -16 -11 -7 28 -12 25 26 -5 -14 -6 -26
right_child=1 4 -4 5 9 21 7 -9 11 20 23 12 27 14 15 18 -18 -19 -20 -21 -22 -23 -24 -25 29 -27 -28 -29 -30 -31
leaf_value=0.0052127785901998139 0.0062781216953881093 -0.014689059462398291 0.0052400549009785453 -0.0052669129154134181 -0.0047328565858501511 0.012800187943503261 -0.013308466233313086 -0.00059314787851322986 -0.0037678257729787607 -0.012370550830814023 0.0046083732981246732 0.0042700330033062063 -0.0085219934109773028 -0.00015507376823229951 -0.0051085004371336923 -0.0024633189077459035 -0.0064623536488839567 0.0074290324479252814 0.0092228607585032787 -0.017780081568913454 -0.0027045965460794318 0.0041725316894350249 -0.0039368430328931463 -0.0020985302492838608 0.013210188217150668 -0.00080645859171983917 0.0025131128979752871 -0.0016315793722144205 0.0056274512383000311 0.0035079917492533939
leaf_weight=355 50 32 133 31 26 35 25 426 330 54 78 147 40 119 44 62 35 84 27 23 42 170 673 88 24 335 892 668 45 69
leaf_count=355 50 32 133 31 26 35 25 426 330 54 78 147 40 119 44 62 35 84 27 23 42 170 673 88 24 335 892 668 45 69
internal_value=-3.6143e-12 -0.00171066 -0.000677441 0.00202787 -0.00346453 0.00146452 0.00098888 -0.00129799 -0.00116058 -0.00310749 -0.00257641 -0.00139613 -0.000769497 0.000868157 -0.000401071 -0.00344503 0.00159413 0.00298318 0.00108193 -0.00945845 -0.0081417 0.00564555 -0.00338618 0.00105291 0.0017523 0.00143741 0.00225181 -0.00202087 0.00183354 0.00601178
internal_weight=5162 2800 1762 2362 1038 2007 1802 451 1629 1006 910 1579 1249 541 394 156 238 203 89 67 96 205 744 166 1351 1258 923 708 71 93
internal_count=5162 2800 1762 2362 1038 2007 1802 451 1629 1006 910 1579 1249 541 394 156 238 203 89 67 96 205 744 166 1351 1258 923 708 71 93
is_linear=0
shrinkage=0.1


Tree=15
num_leaves=31
num_cat=0
split_feature=10 9 4 3 7 0 1 3 8 9 3 1 1 10 7 8 1 1 3 7 7 1 7 7 5 7 1 7 1 10
split_gain=1.45046 0.425063 0.343273 0.357107 0.331455 0.378844 0.492104 0.340223 0.300565 0.39941 0.262314 0.257481 0.263495 0.249472 0.235068 0.230332 0.229394 0.227624 0.225846 0.216798 0.215231 0.21169 0.194498 0.189401 0.181512 0.180902 0.179353 0.175398 0.266344 0.207079
threshold=62632.500000000007 80313.000000000015 30999.000000000004 68817.500000000015 3984047.6250000005 11.500000000000002 266.50000000000006 62729.000000000007 52210.000000000007 54087.500000000007 71616.000000000015 371.50000000000006 416.50000000000006 84410.625000000015 11017293.225000001 96994.750000000015 237.50000000000003 502.50000000000006 107609.50000000001 155188663.95000002 15904644.425000003 213.50000000000003 12113023.685000002 32039493.850000005 73911.000000000015 16069890.925000001 331.50000000000006 69287857.025000021 204.50000000000003 81645.625000000015
decision_type=2 2 2 2 2 2 2 2 2 2 2 2 2 2 2 2 2 2 2 2 2 2 2 2 2 2 2 2 2 2
left_child=2 4 -1 8 -2 6 7 -6 21 -10 -9 -7 14 -3 -13 16 -15 -14 -18 -20 -8 22 -4 -22 -12 -16 -23 28 -26 -30
right_child=1 13 3 -5 5 11 20 10 9 -11 24 12 17 15 25 -17 18 -19 19 -21 23 26 -24 -25 27 -27 -28 -29 29 -31
leaf_value=0.0046915007067818044 -0.012600119303291045 -0.0095089702348841332 -0.00093880101303511765 0.0036525049169168684 0.0080130985586179624 0.0041795284577264367 -0.0098176848800449086 -0.0040661045080680252 -0.014884391510049286 -0.0011956444647022333 0.0044921332843263044 -0.0081275833647089964 0.010099588486795817 0.0018745672268172106 0.0055212693317316297 -0.010666543897241355 -0.0056886004163451236 -0.0014865910417089861 0.0018232900764615764 -0.0064094173438523127 0.00059922971762716771 0.00023750139999555639 0.0076879334915952576 -0.0048134746352917757 0.0076817026775744231 -0.0020631018501740916 0.0036824234053850751 0.00078592037957185145 -0.0031752872799515903 0.0051846946473233409
leaf_weight=355 24 71 37 494 45 220 64 209 23 291 77 49 39 93 41 38 224 30 105 46 85 891 89 270 27 135 182 476 400 32
leaf_count=355 24 71 37 494 45 220 64 209 23 291 77 49 39 93 41 38 224 30 105 46 85 891 89 270 27 135 182 476 400 32
internal_value=-7.08447e-12 -0.00153959 0.00182509 0.00131807 -0.00091187 -0.000784304 -0.00150924 -0.000526092 0.00055587 -0.00219832 -0.000840804 0.00159219 -0.000343919 -0.003958 -0.00200177 -0.00317911 -0.00257115 0.00506212 -0.00367369 -0.000684687 -0.0044798 0.00127715 0.00515469 -0.00351748 -0.00017471 -0.000296288 0.000821822 -0.000559038 -0.00195381 -0.00255603
internal_weight=5162 2800 2362 2007 2223 2199 1685 1266 1513 314 1221 514 294 577 225 506 468 69 375 151 419 1199 126 355 1012 176 1073 935 459 432
internal_count=5162 2800 2362 2007 2223 2199 1685 1266 1513 314 1221 514 294 577 225 506 468 69 375 151 419 1199 126 355 1012 176 1073 935 459 432
is_linear=0
shrinkage=0.1


Tree=16
num_leaves=31
num_cat=0
split_feature=10 1 0 1 5 8 7 0 1 9 1 10 5 10 4 3 7 1 10 5 7 1 1 10 8 10 10 9 6 8
split_gain=1.1925 0.384203 0.365553 0.386768 0.319568 0.289787 0.28857 0.374699 0.299106 0.253928 0.218167 0.179963 0.174258 0.167874 0.309605 0.261434 0.199328 0.180721 0.166654 0.16654 0.164269 0.204878 0.159204 0.1627 0.238527 0.198419 0.155208 0.171823 0.210094 0.256702
threshold=68027.250000000015 203.50000000000003 11.500000000000002 294.50000000000006 68810.000000000015 55069.875000000007 10203022.225000001 11.500000000000002 238.50000000000003 103283.75000000001 272.50000000000006 45025.625000000007 70395.500000000015 60977.500000000007 53103.500000000007 68224.000000000015 4941064.2250000006 229.50000000000003 65692.750000000015 53427.500000000007 53722894.88000001 225.50000000000003 359.50000000000006 72226.750000000015 71725.375000000015 88714.125000000015 68249.000000000015 80313.000000000015 83608.750000000015 79125.750000000015
decision_type=2 2 2 2 2 2 2 2 2 2 2 2 2 2 2 2 2 2 2 2 2 2 2 2 2 2 2 2 2 2
left_child=1 -1 10 -4 5 -5 -2 8 -8 26 11 19 13 14 16 18 -13 20 -15 -3 21 -18 23 -9 -25 -26 -10 -28 29 -29
right_child=6 2 3 4 -6 -7 7 22 9 -11 -12 12 -14 15 -16 -17 17 -19 -20 -21 -22 -23 -24 24 25 -27 27 28 -30 -31
leaf_value=0.0053732424004175076 -0.0057101543238065365 0.0018479981829697637 0.016432835620694929 0.003503006924339391 0.010739441311193837 -0.0013968685239087791 5.7571043475103652e-05 0.011052124354022521 -0.010965639075426303 -0.014207549225538969 -0.0023997354001268805 -0.0069285190755092518 0.0018075569672294227 -0.0023415678133513187 0.011631479486823082 -0.0087369251530617486 0.0026936391202362201 -0.00051338029903108637 0.0059976821893761899 0.0079332385442817122 -0.0046529850605028598 0.012627948276125468 -8.6107592435617905e-05 -0.0035434915865885049 0.010993914846848283 -0.0010604086691852321 -0.0018905035961527127 -0.004663710542680586 -0.0030571657322746304 -0.016202379198324297
leaf_weight=213 174 297 21 389 45 175 432 27 23 20 254 41 499 138 23 57 103 638 29 53 22 26 290 41 36 22 782 51 210 31
leaf_count=213 174 297 21 389 45 175 432 27 23 20 254 41 499 138 23 57 103 638 29 53 22 26 290 41 36 22 782 51 210 31
internal_value=1.73108e-11 0.00127852 0.000968133 0.00308981 0.00262971 0.00198266 -0.0018069 -0.00146127 -0.00217688 -0.00304106 0.000354987 0.000718278 0.000262745 -0.000453003 0.000186781 -0.00288932 -0.000130362 0.000222901 -0.000893435 0.00276948 0.00333381 0.0046959 0.00120338 0.00417124 0.00229463 0.00642159 -0.00283748 -0.00266341 -0.00473331 -0.00902589
internal_weight=5162 3023 2810 630 609 564 2139 1965 1549 1117 2180 1926 1576 1077 853 224 830 789 167 350 151 129 416 126 99 58 1097 1074 292 82
internal_count=5162 3023 2810 630 609 564 2139 1965 1549 1117 2180 1926 1576 1077 853 224 830 789 167 350 151 129 416 126 99 58 1097 1074 292 82
is_linear=0
shrinkage=0.1


Tree=17
num_leaves=31
num_cat=0
split_feature=4 9 3 4 1 5 7 0 1 0 9 5 7 3 7 1 1 3 10 3 10 4 7 10 10 1 6 8 7 7
split_gain=0.990732 0.38926 0.346567 0.254144 0.226104 0.201505 0.196341 0.210592 0.214126 0.213556 0.197882 0.174479 0.166281 0.324869 0.202116 0.235127 0.203837 0.203371 0.192108 0.221875 0.21743 0.164944 0.183275 0.217485 0.208453 0.231627 0.16777 0.19816 0.160354 0.253925
threshold=46139.500000000007 73673.000000000015 87813.500000000015 24301.500000000004 418.50000000000006 83747.500000000015 9640663.0250000004 11.500000000000002 377.50000000000006 16.500000000000004 83789.500000000015 82881.500000000015 115696470.425 69709.500000000015 48481403.82500001 279.50000000000006 374.50000000000006 73252.500000000015 49979.375000000007 56983.500000000007 50851.125000000007 66725.500000000015 11017293.225000001 71770.375000000015 73573.250000000015 357.50000000000006 69332.60000000002 64369.250000000007 58483447.020000003 76771013.685000017
decision_type=2 2 2 2 2 2 2 2 2 2 2 2 2 2 2 2 2 2 2 2 2 2 2 2 2 2 2 2 2 2
left_child=3 2 4 -1 5 -2 -3 -8 10 11 -9 -10 13 18 16 17 -15 -16 19 -5 -20 22 -4 26 -25 -26 27 -24 -7 -30
right_child=1 6 21 12 -6 28 7 8 9 -11 -12 -13 -14 14 15 -17 -18 -19 20 -21 -22 -23 23 24 25 -27 -28 -29 29 -31
leaf_value=0.0058038561225387374 -0.00076409668554946065 -0.007645054753973252 -0.0061549367113642537 0.0013374419940962853 0.0066239724962566145 -0.0098445960645412306 -0.0030520535439413302 0.0060229259829250089 -0.012200851872563362 0.0056929616379025189 -0.0019911443472516782 -0.0023492573323892433 -0.0017795736627316207 0.013593259162229041 -0.00018979345819072638 -0.0043421104972367177 0.0017030315274106608 0.0080151794351298704 -0.0055676098270063751 0.0054560824224873534 0.00049948132100453477 0.010695853541520509 0.0049683167717599298 -0.0049130484644722729 0.00047136650154633178 0.010434727417305112 -0.0026656298159176244 0.015760107012465597 0.0048985859942472267 -0.0063126359102797921
leaf_weight=148 1589 72 27 631 39 43 770 83 25 23 49 64 143 46 46 32 21 88 67 165 499 22 114 56 140 28 23 20 31 58
leaf_count=148 1589 72 27 631 39 43 770 83 25 23 49 64 143 46 46 32 21 88 67 165 499 22 114 56 140 28 23 20 31 58
internal_value=-8.26777e-12 -0.00105116 -0.000283548 0.00182587 -0.000905346 -0.00107597 -0.0025991 -0.00224081 0.000319267 -0.00289675 0.00304801 -0.00511656 0.00148712 0.00178 0.00523052 0.00335938 0.00986647 0.00519855 0.00118971 0.00219118 -0.000218708 0.00226149 0.00180669 0.0023709 0.000370683 0.00213193 0.00522472 0.00657903 -0.00483026 -0.0024076
internal_weight=5162 3276 2190 1886 1760 1721 1086 1014 244 112 132 89 1738 1595 233 166 67 134 1362 796 566 430 408 381 224 168 157 134 132 89
internal_count=5162 3276 2190 1886 1760 1721 1086 1014 244 112 132 89 1738 1595 233 166 67 134 1362 796 566 430 408 381 224 168 157 134 132 89
is_linear=0
shrinkage=0.1


Tree=18
num_leaves=31
num_cat=0
split_feature=10 1 0 1 3 3 10 1 7 7 3 8 8 4 7 9 10 4 7 3 10 5 10 4 7 8 9 10 10 3
split_gain=0.819814 0.310425 0.286707 0.306424 0.282189 0.264139 0.306339 0.224871 0.218221 0.254707 0.238931 0.228064 0.25619 0.221551 0.20024 0.283774 0.190523 0.22483 0.18956 0.251065 0.189711 0.199245 0.182946 0.227103 0.180935 0.169774 0.165905 0.20724 0.16975 0.216122
threshold=62632.500000000007 187.50000000000003 11.500000000000002 268.50000000000006 62729.000000000007 77601.500000000015 48822.000000000007 337.50000000000006 22537698.550000004 20255443.905000005 51106.000000000007 56058.125000000007 55347.875000000007 52419.000000000007 17803666.100000005 56757.500000000007 64165.375000000007 71901.500000000015 54964207.445000008 93355.500000000015 86595.000000000015 99810.000000000015 84862.375000000015 77563.000000000015 4736023.6250000009 74157.375000000015 55976.750000000007 55361.500000000007 56522.500000000007 66834.000000000015
decision_type=2 2 2 2 2 2 2 2 2 2 2 2 2 2 2 2 2 2 2 2 2 2 2 2 2 2 2 2 2 2
left_child=5 -2 3 4 -3 6 -1 -4 9 10 -8 12 14 -13 15 -12 -5 -18 19 -6 -21 -22 25 -24 -9 -20 27 -10 29 -29
right_child=1 2 7 16 18 -7 8 24 26 -11 11 13 -14 -15 -16 -17 17 -19 22 20 21 -23 23 -25 -26 -27 -28 28 -30 -31
leaf_value=0.002551868279921789 0.0078192911306886308 0.0066123528944121469 0.0053670038136520559 -0.011788691332330929 -0.0019609662131340319 0.0047932166931557345 -0.0060038184181654027 -0.0095153393317013984 0.0021371495962603632 -0.0069671100159586566 0.00038382076629376888 -0.011609791183908438 0.010212245410115554 -0.00090487700854909839 0.0061137590980665252 -0.010869403028239806 -0.0025907248543524108 -0.0087224742095969934 0.00029433393868517682 -0.016454184809699655 0.0022134999744594097 -0.010406762978126264 -0.004125811993487198 0.0034206294678151613 0.00016475406809408411 0.0087286226823925974 0.0039565456736673187 -0.01275168176226575 -0.00028445363986184417 7.7021366450935602e-05
leaf_weight=830 38 45 84 30 705 206 70 20 281 68 338 29 29 58 55 24 379 71 526 20 22 29 197 50 559 25 183 29 138 24
leaf_count=830 38 45 84 30 705 206 70 20 281 68 338 29 29 58 55 24 379 71 526 20 22 29 197 50 559 25 183 29 138 24
internal_value=-4.60745e-12 -0.00115747 -0.00128097 -0.00185358 -0.00119569 0.00137211 0.00104523 0.000531854 0.000102158 -0.00116531 -0.000511039 0.000210339 0.00112394 -0.00447318 0.0004919 -0.000362249 -0.00407259 -0.00355818 -0.00141892 -0.00253178 -0.00819976 -0.00496273 -0.00033674 -0.00259819 -0.000169619 0.000677015 0.00140058 0.000409606 -0.00213196 -0.00694246
internal_weight=5162 2800 2762 2099 1619 2362 2156 663 1326 671 603 533 446 87 417 362 480 450 1574 776 71 51 798 247 579 551 655 472 191 53
internal_count=5162 2800 2762 2099 1619 2362 2156 663 1326 671 603 533 446 87 417 362 480 450 1574 776 71 51 798 247 579 551 655 472 191 53
is_linear=0
shrinkage=0.1


Tree=19
num_leaves=31
num_cat=0
split_feature=10 1 0 1 5 5 7 9 3 7 10 8 5 3 9 4 1 1 7 10 4 8 8 1 1 7 10 1 7 3
split_gain=0.678491 0.285789 0.277376 0.289341 0.3124 0.232336 0.218306 0.211935 0.216735 0.17825 0.177529 0.168226 0.291182 0.348407 0.264437 0.246834 0.237254 0.279041 0.193439 0.19082 0.301769 0.15975 0.257064 0.164988 0.159727 0.154042 0.217012 0.309868 0.174925 0.152849
threshold=68123.875000000015 203.50000000000003 11.500000000000002 294.50000000000006 68810.000000000015 48468.000000000007 12961898.325000001 94344.750000000015 101172.00000000001 44324735.940000005 78718.000000000015 71277.125000000015 82153.500000000015 88494.000000000015 76683.750000000015 65472.500000000007 249.50000000000003 274.50000000000006 9301964.1300000008 88358.750000000015 74084.500000000015 74623.250000000015 72235.375000000015 329.50000000000006 267.50000000000006 54964207.445000008 82582.250000000015 274.50000000000006 41084429.145000011 51386.000000000007
decision_type=2 2 2 2 2 2 2 2 2 2 2 2 2 2 2 2 2 2 2 2 2 2 2 2 2 2 2 2 2 2
left_child=1 -1 24 -4 5 6 -5 8 11 -9 -10 14 21 -14 15 18 -17 -18 -2 20 25 22 -13 -24 -3 26 27 -15 -28 -26
right_child=7 2 3 4 -6 -7 -8 9 10 -11 -12 12 13 19 -16 16 17 -19 -20 -21 -22 -23 23 -25 29 -27 28 -29 -30 -31
leaf_value=0.0044714383340202449 -0.0082414108127154204 0.00055170272149661652 0.014075395482636633 0.0028662454021664771 0.0098822641945692652 0.00057666561070230499 0.013428069298554744 -0.012504167739173462 0.0046455827554033949 -0.0031404791016350778 -0.00024040464169262086 -0.01218815336626879 0.0017417067148791697 -0.013683773299679161 -0.010695555421989411 0.013963206354528666 -0.0052214769792044537 0.0076125372847956098 -0.00085589593945428809 -0.00036216590184873589 -0.013554770614700829 -0.015586885207864857 -0.0067121802094893962 0.0047857387942106776 -0.0073092361132419395 -0.0075949678455407808 -0.0020713101568010945 0.0020608893623575569 0.010426005213854037 -0.00098447816014702585
leaf_weight=215 37 1809 21 65 48 471 28 29 94 68 356 37 162 25 27 20 32 36 854 96 40 21 26 24 43 65 24 25 21 343
leaf_count=215 37 1809 21 65 48 471 28 29 94 68 356 37 162 25 27 20 32 36 854 96 40 21 26 24 43 65 24 25 21 343
internal_value=3.86731e-12 0.000956704 0.000689494 0.0025337 0.00213766 0.00147855 0.00604615 -0.00137388 -0.00115483 -0.00593993 0.000780224 -0.00170876 -0.00308791 -0.00198649 -0.000932822 -0.000663574 0.00438896 0.001573 -0.00116259 -0.00402692 -0.00578601 -0.00775875 -0.0058692 -0.00119318 0.000157657 -0.00384381 -0.00127724 -0.00581144 0.00376077 -0.00168905
internal_weight=5162 3043 2828 633 612 564 93 2119 2022 97 450 1572 566 458 1006 979 88 68 891 296 200 108 87 50 2195 160 95 50 45 386
internal_count=5162 3043 2828 633 612 564 93 2119 2022 97 450 1572 566 458 1006 979 88 68 891 296 200 108 87 50 2195 160 95 50 45 386
is_linear=0
shrinkage=0.1


Tree=20
num_leaves=31
num_cat=0
split_feature=4 0 8 10 4 10 7 4 4 8 8 10 4 3 8 7 1 0 1 10 10 10 8 7 3 7 3 1 7 7
split_gain=0.57333 0.295389 0.236594 0.28704 0.203787 0.238419 0.247251 0.202139 0.18788 0.178678 0.164371 0.224741 0.16155 0.154866 0.1574 0.145979 0.139618 0.135134 0.196294 0.231131 0.151808 0.204392 0.17742 0.151544 0.278018 0.146201 0.139084 0.280845 0.149803 0.131461
threshold=46139.500000000007 16.500000000000004 69182.000000000015 73417.750000000015 48068.500000000007 54212.875000000007 3984047.6250000005 47451.000000000007 24301.500000000004 96994.750000000015 55199.375000000007 54982.500000000007 65472.500000000007 122086.00000000001 89687.750000000015 241085511.02500004 504.00000000000006 11.500000000000002 365.50000000000006 73216.875000000015 57498.875000000007 58164.250000000007 52365.125000000007 15904644.425000003 61450.500000000007 11769225.805000002 64894.000000000007 249.50000000000003 13646267.050000003 115696470.425
decision_type=2 2 2 2 2 2 2 2 2 2 2 2 2 2 2 2 2 2 2 2 2 2 2 2 2 2 2 2 2 2
left_child=8 2 4 -4 7 -6 -7 -2 -1 13 11 -9 17 14 -5 -15 -3 20 19 -19 22 -22 -8 24 -23 -20 27 -26 -28 -10
right_child=1 16 3 9 5 6 12 10 29 -11 -12 -13 -14 15 -16 -17 -18 18 25 -21 21 23 -24 -25 26 -27 28 -29 -30 -31
leaf_value=0.0048092701678428603 -0.00074043269238733005 0.0087502043461427093 -0.011304024372701393 -0.0016797342146805203 0.0099547249924701944 -0.0077549824718295083 -0.0014120854654659828 -0.012346682325005532 0.0013581303075258112 -0.0086703079022668519 -0.012731777315493673 0.00018176832132869297 0.0069269971702905263 0.0070178302160153793 -0.0084152407426801006 -0.0020952869213942903 0.00061686600622637444 0.0063255873853595105 -0.0036128085330600227 -0.0050535591673992932 -0.0093309245727680352 0.0039012245722519962 0.009067975032542433 -4.8334050802623096e-05 -0.016824379716068507 0.0018418019146730124 -0.00062210855539888152 -0.0030276120090598452 -0.009617213532328606 -0.0018068789517493933
leaf_weight=148 153 46 33 957 24 41 30 21 1595 37 30 45 34 39 36 32 39 119 79 21 27 46 35 1056 25 130 81 36 24 143
leaf_count=148 153 46 33 957 24 41 30 21 1595 37 30 45 34 39 36 32 39 119 79 21 27 46 35 1056 25 130 81 36 24 143
internal_value=1.068e-12 -0.000799636 -0.000954614 -0.00211432 -0.00031528 5.40981e-05 -7.90942e-05 -0.00299735 0.00138897 -0.00183888 -0.00659431 -0.00380456 0.000101463 -0.00160132 -0.00192392 0.00291051 0.00501844 -3.43287e-05 0.00172104 0.00461872 -0.000484787 -0.000721488 0.00423102 -0.000538164 -0.00297807 -0.000219989 -0.00488438 -0.00868203 -0.00267813 0.00109772
internal_weight=5162 3276 3191 1134 2057 1808 1784 249 1886 1101 96 66 1743 1064 993 71 85 1709 349 140 1360 1295 65 1268 212 209 166 61 105 1738
internal_count=5162 3276 3191 1134 2057 1808 1784 249 1886 1101 96 66 1743 1064 993 71 85 1709 349 140 1360 1295 65 1268 212 209 166 61 105 1738
is_linear=0
shrinkage=0.1


Tree=21
num_leaves=31
num_cat=0
split_feature=10 1 3 10 4 8 8 5 7 3 10 5 3 7 3 8 9 4 1 1 8 10 1 5 8 4 9 7 3 4
split_gain=0.483355 0.233998 0.215393 0.19577 0.179346 0.355085 0.259519 0.240481 0.314299 0.213997 0.187702 0.165874 0.161444 0.179274 0.154028 0.143 0.426315 0.146016 0.126989 0.208995 0.137771 0.377761 0.217064 0.181797 0.17911 0.406285 0.162264 0.174956 0.126431 0.145877
threshold=62632.500000000007 187.50000000000003 77601.500000000015 48822.000000000007 74084.500000000015 80962.750000000015 87301.750000000015 90340.000000000015 37802841.225000009 112476.50000000001 80303.250000000015 50823.000000000007 61450.500000000007 3984047.6250000005 94887.000000000015 57141.500000000007 59603.750000000007 53496.000000000007 229.50000000000003 225.50000000000003 52514.000000000007 58553.875000000007 245.50000000000003 65672.500000000015 53687.000000000007 48958.500000000007 55752.500000000007 56732091.580000006 50193.500000000007 49127.500000000007
decision_type=2 2 2 2 2 2 2 2 2 2 2 2 2 2 2 2 2 2 2 2 2 2 2 2 2 2 2 2 2 2
left_child=2 -2 3 -1 6 -6 9 -7 14 12 -11 -5 -3 -14 -9 17 -17 18 19 -13 26 24 -23 -24 -22 -26 28 -28 -20 -30
right_child=1 4 -4 11 5 7 -8 8 -10 10 -12 15 13 -15 -16 16 -18 -19 20 -21 21 22 23 -25 25 -27 27 -29 29 -31
leaf_value=0.0019628210426101333 0.006904995583586003 0.0048319998867239582 0.0041429188045971456 -0.0071077997199608944 -0.0095219750755599561 0.0085269088518213146 -0.01205088703893125 -0.0013159011594123312 0.00096473810944433611 0.0087697189899959751 0.00079157879350311839 0.0010896157986257568 -0.010166589454525993 -0.00088338181272713226 -0.0094695583748846106 -0.012563297207199151 0.0026251863355615311 0.0064612642408181462 -0.0058529882445274035 0.0098442532297640089 -0.0029641619629273922 -0.0065021778486909409 -0.00019457958744768103 0.0074643296317434792 -0.021155573702840644 -0.0031341054251995577 0.010520949854981155 -0.00091328678738690277 0.00010338133875475872 0.0080538076581433415
leaf_weight=830 38 49 206 32 70 22 20 36 123 42 99 157 21 2215 65 33 42 39 34 33 64 31 79 51 22 29 32 23 601 24
leaf_count=830 38 49 206 32 70 22 20 36 123 42 99 157 21 2215 65 33 42 39 34 33 64 31 79 51 22 29 32 23 601 24
internal_value=4.48401e-12 -0.000888761 0.00105357 0.000758391 -0.000995989 -0.0032379 -0.000706355 -0.00144975 -0.0024296 -0.00061283 0.00316805 4.48643e-06 -0.000846136 -0.000970568 -0.0065633 0.00018037 -0.00405775 0.000441124 0.000242153 0.00261016 -0.000212313 -0.0021097 0.00101703 0.00281007 -0.00648711 -0.0109081 0.00052113 0.00573936 8.56176e-05 0.000408678
internal_weight=5162 2800 2362 2156 2762 316 2446 246 224 2426 141 1326 2285 2236 101 1294 75 1219 1180 190 990 276 161 130 115 51 714 55 659 625
internal_count=5162 2800 2362 2156 2762 316 2446 246 224 2426 141 1326 2285 2236 101 1294 75 1219 1180 190 990 276 161 130 115 51 714 55 659 625
is_linear=0
shrinkage=0.1


Tree=22
num_leaves=31
num_cat=0
split_feature=10 4 3 9 0 1 1 8 0 1 10 1 6 6 10 7 7 1 3 9 10 9 7 9 9 4 9 5 4 5
split_gain=0.393475 0.310835 0.238585 0.236611 0.210804 0.202316 0.176773 0.182879 0.1544 0.194993 0.182162 0.196754 0.219188 0.224924 0.182037 0.191562 0.191179 0.185593 0.265572 0.181636 0.180936 0.177131 0.223658 0.170563 0.210603 0.159988 0.15379 0.150716 0.146452 0.241995
threshold=69896.375000000015 61819.500000000007 91035.000000000015 64497.750000000007 16.500000000000004 203.50000000000003 200.50000000000003 64545.750000000007 11.500000000000002 377.50000000000006 71437.500000000015 268.50000000000006 74577.200000000012 75584.300000000017 72513.250000000015 99240552.39000003 130654572.245 274.50000000000006 95339.500000000015 66849.000000000015 71437.500000000015 67949.500000000015 20780497.590000004 69754.500000000015 70544.000000000015 65042.500000000007 75102.500000000015 37339.500000000007 54316.500000000007 78984.000000000015
decision_type=2 2 2 2 2 2 2 2 2 2 2 2 2 2 2 2 2 2 2 2 2 2 2 2 2 2 2 2 2 2
left_child=1 2 4 -4 5 -1 7 -2 10 20 21 12 19 26 -13 17 -17 25 -19 -12 -10 -8 -23 -21 -25 -16 -14 -7 -26 -30
right_child=6 -3 3 -5 -6 27 8 -9 9 -11 11 14 13 -15 15 16 -18 18 -20 23 -22 22 -24 24 28 -27 -28 -29 29 -31
leaf_value=0.0034184305595422008 -0.002053427663834199 -0.0098248941075455929 0.0024309346263351687 0.012519410646928009 0.0068433523957691991 0.0047114994647484776 -0.0018198025742402445 0.0098870283506553754 0.011231934101808639 -0.0017677826358288588 -0.0039935227435339117 0.0048384094286871996 -0.0036835833103396002 -0.0013446375676443485 -0.015862679808272113 0.006637533802401137 -0.0039210316452613853 -0.0014811451117006632 -0.012453064475474614 0.0056067784047627361 0.0014814039056872941 -0.0006526890303939581 -0.013551507735761201 -0.006217478368259771 0.010046702800318601 -0.0061575499880014038 -0.014544699553252114 0.00013868867704074469 0.0065396241288488881 -0.0018021097969973374
leaf_weight=218 23 28 85 32 53 74 65 29 21 226 58 23 32 549 29 27 47 104 28 96 203 20 41 38 20 41 22 2773 52 105
leaf_count=218 23 28 85 32 53 74 65 29 21 226 58 23 32 549 29 27 47 104 28 96 203 20 41 38 20 41 22 2773 52 105
internal_value=3.12801e-12 0.000666045 0.000756847 0.00519018 0.000590491 0.000482366 -0.00114445 0.00460567 -0.00130633 0.000304615 -0.00182525 -0.00146571 -0.000775647 -0.00195036 -0.00370901 -0.00442129 -6.85821e-05 -0.00601585 -0.00380852 0.001144 0.00239552 -0.00545201 -0.00932239 0.00210212 0.00053725 -0.0101782 -0.00810848 0.000257546 0.00198742 0.000960757
internal_weight=5162 3263 3235 117 3118 3065 1899 52 1847 450 1397 1271 972 603 299 276 74 202 132 369 224 126 61 311 215 70 54 2847 177 157
internal_count=5162 3263 3235 117 3118 3065 1899 52 1847 450 1397 1271 972 603 299 276 74 202 132 369 224 126 61 311 215 70 54 2847 177 157
is_linear=0
shrinkage=0.1


Tree=23
num_leaves=31
num_cat=0
split_feature=4 0 9 4 3 8 10 4 4 10 7 4 1 4 1 9 3 1 7 5 10 1 4 4 7 10 1 10 8 9
split_gain=0.340866 0.219315 0.160007 0.131489 0.129261 0.200394 0.125086 0.122343 0.248211 0.214131 0.174506 0.184659 0.18048 0.159564 0.154 0.119124 0.165363 0.302262 0.155449 0.304173 0.148516 0.11683 0.138749 0.322639 0.14214 0.152812 0.160003 0.124121 0.125076 0.11013
threshold=46139.500000000007 16.500000000000004 103283.75000000001 24301.500000000004 113185.00000000001 89687.750000000015 80303.250000000015 47960.500000000007 47451.000000000007 54212.875000000007 3984047.6250000005 54809.000000000007 199.50000000000003 52984.500000000007 211.50000000000003 58555.000000000007 84454.000000000015 237.50000000000003 47918390.925000004 67962.500000000015 74125.500000000015 219.50000000000003 49127.500000000007 48687.500000000007 11769225.805000002 57982.625000000007 237.50000000000003 57498.875000000007 55347.875000000007 61872.500000000007
decision_type=2 2 2 2 2 2 2 2 2 2 2 2 2 2 2 2 2 2 2 2 2 2 2 2 2 2 2 2 2 2
left_child=3 2 4 -1 5 7 -6 8 -2 -9 -11 13 -13 14 -12 -15 17 -17 19 -19 -18 -16 23 -23 27 -26 -27 -24 -29 -3
right_child=1 29 -4 -5 6 -7 -8 9 -10 10 11 12 -14 15 21 16 20 18 -20 -21 -22 22 24 -25 25 26 -28 28 -30 -31
leaf_value=0.0039323213306881764 -0.00060092110070399942 0.010885738838696854 -0.0072879722571579392 0.00082732866653562401 0.0066341610633701619 -0.0088382180705065694 0.00049824311138780891 0.0082946983187597387 -0.0075109754252848746 -0.0062826016607383899 -0.0063173022080981788 0.0060839508714921331 -0.0012737677563037231 0.0088281126661847037 0.0075739898142360516 0.0093862244536812162 0.011266425503192531 -0.0067942211655183486 -0.009397246198647697 0.0049882902321405709 0.00021353716030716896 0.0012175772247285071 0.0015942354686558247 -0.0093965028189510746 0.0098146581634258236 -0.0044059742237144012 0.0018387722750172746 -0.012551014281416429 -0.0016244111688468944 0.0023999980066526823
leaf_weight=148 152 20 37 1738 42 31 159 27 79 54 38 34 1713 30 21 29 31 39 23 50 20 71 30 48 21 47 323 20 22 65
leaf_count=148 152 20 37 1738 42 31 159 27 79 54 38 34 1713 30 21 29 31 39 23 50 20 71 30 48 21 47 323 20 22 65
internal_value=-3.64284e-12 -0.000616569 -0.000750108 0.00107099 -0.000673412 -0.000840432 0.00178038 -0.000755582 -0.0029641 -0.000565999 -0.000655804 -0.000539387 -0.00113057 0.000657369 -0.000142851 0.00296791 0.00205226 0.000287261 -0.00206872 -0.000174833 0.00693196 0.000246252 -1.81511e-05 -0.00306373 0.000764622 0.0015165 0.00104552 -0.00331848 -0.00682756 0.00439664
internal_weight=5162 3276 3191 1886 3154 2953 201 2922 231 2691 2664 2610 1747 863 641 222 192 141 112 89 51 603 582 119 463 391 370 72 42 85
internal_count=5162 3276 3191 1886 3154 2953 201 2922 231 2691 2664 2610 1747 863 641 222 192 141 112 89 51 603 582 119 463 391 370 72 42 85
is_linear=0
shrinkage=0.1


Tree=24
num_leaves=31
num_cat=0
split_feature=10 3 10 3 3 1 3 1 0 1 3 10 1 5 5 7 6 9 5 7 7 3 8 1 1 5 3 8 8 8
split_gain=0.291115 0.174815 0.156133 0.310244 0.217037 0.151999 0.147127 0.210247 0.134631 0.19433 0.179929 0.174425 0.154428 0.14905 0.156412 0.149397 0.145379 0.139263 0.129838 0.129686 0.150797 0.402295 0.154512 0.146982 0.129136 0.139364 0.129586 0.123886 0.145328 0.123246
threshold=62632.500000000007 76993.000000000015 45025.625000000007 54194.500000000007 43716.500000000007 187.50000000000003 51106.000000000007 229.50000000000003 11.500000000000002 268.50000000000006 62729.000000000007 64165.375000000007 305.50000000000006 71884.500000000015 73911.000000000015 9640663.0250000004 68490.150000000009 62177.000000000007 57036.500000000007 14539135.925000003 28019849.045000006 80465.000000000015 82650.375000000015 239.50000000000003 273.50000000000006 73036.500000000015 82913.500000000015 63336.625000000007 60665.625000000007 48282.500000000007
decision_type=2 2 2 2 2 2 2 2 2 2 2 2 2 2 2 2 2 2 2 2 2 2 2 2 2 2 2 2 2 2
left_child=1 2 3 -1 -4 -2 7 -6 9 10 17 -11 -10 -12 -15 -16 24 -7 -3 -17 21 23 -23 -21 25 -13 27 28 -26 -20
right_child=5 18 4 -5 6 8 -8 -9 12 11 13 16 -14 14 15 19 -18 -19 29 20 -22 22 -24 -25 26 -27 -28 -29 -30 -31
leaf_value=0.0010289909347193317 0.0055917430987679649 0.011189316529780627 0.0089344563790493547 0.0078431254037870813 0.0032071966384094029 0.00014944146184817607 0.00022560563764959126 -0.0049707254946231849 0.0083411144480730112 -0.010318610486574472 -0.0035742796687741902 -0.0012757885724898766 0.0001703196641380468 0.0037588132363630504 -0.0067604372755158699 0.0052798701248861655 -0.0037527525908358042 0.011278238509442998 -0.0018017627602524085 0.0066183680488217274 -0.00030062777290560468 -0.011568426592774425 -0.001328935855999589 -0.0019919546596197922 0.0017543118819594384 0.0097431040921946988 -0.0091174845513887701 0.0056023858201045265 -0.0078183416100540051 0.0041014432344810879
leaf_weight=466 38 20 27 78 42 23 1405 125 24 30 175 22 639 82 40 37 294 22 46 31 1078 56 20 55 35 24 20 26 29 153
leaf_count=466 38 20 27 78 42 23 1405 125 24 30 175 22 639 82 40 37 294 22 46 31 1078 56 20 55 35 24 20 26 29 153
internal_value=1.71891e-12 0.000817641 0.000542623 0.00200602 4.47579e-05 -0.000689738 -0.000107928 -0.002914 -0.00077616 -0.00116854 -0.00064463 -0.00293566 0.000466095 -0.000822881 -0.00047871 -0.00074255 -0.00244347 0.00559019 0.00350879 -0.000554049 -0.000728125 -0.00357283 -0.00887382 0.00111177 2.40288e-05 0.0044732 -0.00183653 -0.000218544 -0.0025833 0.00273688
internal_weight=5162 2362 2143 544 1599 2800 1572 167 2762 2099 1619 480 663 1574 1399 1317 450 45 219 1277 1240 162 76 86 156 46 110 90 64 199
internal_count=5162 2362 2143 544 1599 2800 1572 167 2762 2099 1619 480 663 1574 1399 1317 450 45 219 1277 1240 162 76 86 156 46 110 90 64 199
is_linear=0
shrinkage=0.1


Tree=25
num_leaves=31
num_cat=0
split_feature=10 6 8 3 0 6 7 3 9 6 4 1 3 3 3 5 4 3 1 4 3 1 5 7 5 8 1 9 3 7
split_gain=0.239022 0.303751 0.244392 0.233206 0.186762 0.145907 0.214446 0.162111 0.147645 0.140001 0.131946 0.129502 0.217763 0.127095 0.21081 0.172021 0.165301 0.157239 0.156485 0.173163 0.153782 0.223436 0.209948 0.126069 0.121989 0.117855 0.140566 0.115416 0.11668 0.325804
threshold=55794.125000000007 51118.700000000004 52514.000000000007 78651.000000000015 16.500000000000004 74577.200000000012 7501405.8250000002 99168.000000000015 53252.500000000007 54169.900000000001 39934.500000000007 245.50000000000003 61701.500000000007 88494.000000000015 96730.500000000015 83964.500000000015 63294.000000000007 97843.500000000015 219.50000000000003 66238.000000000015 95339.500000000015 263.50000000000006 92757.000000000015 27263944.800000008 90778.000000000015 59540.125000000007 504.00000000000006 103283.75000000001 107609.50000000001 22537698.550000004
decision_type=2 2 2 2 2 2 2 2 2 2 2 2 2 2 2 2 2 2 2 2 2 2 2 2 2 2 2 2 2 2
left_child=2 -2 3 -1 5 7 -7 8 10 11 -3 -10 -13 15 20 -8 -16 -18 -19 -20 21 23 -23 -15 -17 -6 -27 28 29 -21
right_child=1 4 -4 -5 25 6 13 -9 9 -11 -12 12 -14 14 16 24 17 18 19 27 -22 22 -24 -25 -26 26 -28 -29 -30 -31
leaf_value=0.00095251799092773998 -0.012160968860949983 0.00022081039989223849 -0.0096778376737520818 0.0077658901004514728 0.010985524496063589 -0.0095535797969205308 -0.003343370939028781 0.0033088184964750571 0.010468649843030356 -0.00026368338048160587 -0.0074425985136086937 -0.00707706073182635 0.0055075659406032757 -0.012128508646317104 -0.0042892801468925818 0.0047255926003095276 0.0078239273093640808 0.007339821862056852 0.0040444312039800293 0.0075775808128325838 -0.0098386980706780432 -0.0023373103169861305 0.0085417111084098007 -0.004225934865535237 -0.0030689769499003886 0.0067333473414747103 -0.0026442736295247153 -0.0074185494237099196 0.0006424313386463944 -0.0054697726148572809
leaf_weight=1481 22 39 21 52 20 32 59 134 22 2176 53 20 44 27 105 102 25 25 62 23 41 68 24 80 25 33 31 32 170 114
leaf_count=1481 22 39 21 52 20 32 59 134 22 2176 53 20 44 27 105 102 25 25 62 23 41 68 24 80 25 33 31 32 170 114
internal_value=-3.33204e-12 -0.000446583 0.00103685 0.00118363 -0.000374715 -0.000486484 -0.00149756 -7.44122e-05 -0.000267 -0.000107283 -0.00419398 0.00385002 0.00157487 -0.00123505 -0.00178498 0.00111843 -0.000715784 0.000116183 -0.00033615 -0.000814701 -0.00426195 -0.00311297 0.000500695 -0.00622004 0.00319123 0.00428498 0.00219106 -0.00170339 -0.00110768 -0.00327934
internal_weight=5162 3608 1554 1533 3586 3502 1014 2488 2354 2262 92 86 64 982 796 186 556 451 426 401 240 199 92 107 127 84 64 339 307 137
internal_count=5162 3608 1554 1533 3586 3502 1014 2488 2354 2262 92 86 64 982 796 186 556 451 426 401 240 199 92 107 127 84 64 339 307 137
is_linear=0
shrinkage=0.1


Tree=26
num_leaves=31
num_cat=0
split_feature=4 0 4 4 10 7 7 4 10 4 9 4 10 9 8 8 1 5 4 7 3 7 1 3 3 1 5 8 8 8
split_gain=0.200771 0.137859 0.109709 0.207301 0.158002 0.17361 0.129312 0.11364 0.211466 0.152147 0.315298 0.157449 0.120778 0.11288 0.28546 0.115698 0.105119 0.157449 0.10176 0.103954 0.219701 0.117953 0.24268 0.156156 0.140498 0.105448 0.103649 0.112502 0.103212 0.0996494
threshold=46139.500000000007 16.500000000000004 47960.500000000007 47451.000000000007 54212.875000000007 3984047.6250000005 4611249.0249999994 60981.500000000007 69677.500000000015 62282.000000000007 69060.000000000015 61819.500000000007 73054.250000000015 76683.750000000015 71725.375000000015 74771.875000000015 249.50000000000003 69362.000000000015 24301.500000000004 115696470.425 69709.500000000015 49898302.250000007 279.50000000000006 72084.500000000015 73252.500000000015 372.50000000000006 78248.000000000015 51823.375000000007 56294.750000000007 55199.375000000007
decision_type=2 2 2 2 2 2 2 2 2 2 2 2 2 2 2 2 2 2 2 2 2 2 2 2 2 2 2 2 2 2
left_child=18 2 3 16 -4 -6 -7 13 -9 11 -11 12 -10 14 -8 -15 -2 -18 -1 20 28 23 24 -22 -23 -25 27 -26 -20 -5
right_child=1 -3 4 29 5 6 7 8 9 10 -12 -13 -14 15 -16 -17 17 -19 19 -21 21 22 -24 25 26 -27 -28 -29 -30 -31
leaf_value=0.0033391152300503782 0.0030234526842832566 0.003501465894822853 0.0072002807377699631 -0.0043452754968179843 -0.005999127504349288 0.0069323502869034813 0.00011604130329253014 -0.0095950677059590816 0.0046672390820458529 0.0088690385058083961 -0.00091153319046231331 -0.010195133561158882 -0.0045275889219483362 -0.0090056067289508608 0.011854831240184251 0.00016890438564587384 -9.9777197465300571e-05 -0.0091459936050411594 0.00046000711361519528 -0.0019753020721197884 0.014324833354857264 -0.00054167217432140289 -0.005759852244368484 0.0082055443035507648 0.012978689820175211 -0.0011210517788475211 0.0017253859193935512 0.0040589797902682153 -0.0067770595196634531 -0.011903614715601391
leaf_weight=148 54 85 27 53 56 24 1530 29 20 34 1078 34 50 27 21 28 74 26 1342 143 21 44 31 27 31 22 31 26 20 26
leaf_count=148 54 85 27 53 56 24 1530 29 20 34 1078 34 50 27 21 28 74 26 1342 143 21 44 31 27 31 22 31 26 20 26
internal_value=2.5019e-12 -0.000473195 -0.00057907 -0.00266827 -0.000414505 -0.000484652 -0.000377239 -0.000438772 -0.00115583 -0.000954568 -0.000612487 -0.0046122 -0.0019005 0.000117106 0.00027498 -0.00433495 -0.000531902 -0.00245179 0.000821945 0.000607594 0.000839164 0.00367673 0.00220228 0.00711012 0.00407217 0.00401809 0.00637909 0.00891005 0.000353736 -0.00683283
internal_weight=5162 3276 3191 233 2958 2931 2875 2851 1245 1216 1112 104 70 1606 1551 55 154 100 1886 1738 1595 233 163 70 132 49 88 57 1362 79
internal_count=5162 3276 3191 233 2958 2931 2875 2851 1245 1216 1112 104 70 1606 1551 55 154 100 1886 1738 1595 233 163 70 132 49 88 57 1362 79
is_linear=0
shrinkage=0.1


Tree=27
num_leaves=31
num_cat=0
split_feature=1 0 1 1 1 3 5 3 7 3 6 4 7 10 3 7 9 7 9 1 4 4 8 9 10 10 10 7 10 8
split_gain=0.175741 0.190143 0.367815 0.202445 0.136399 0.195561 0.134924 0.174237 0.114277 0.142439 0.166862 0.182452 0.141542 0.12052 0.103648 0.173938 0.14507 0.102647 0.0984689 0.0969076 0.120204 0.17276 0.101456 0.201741 0.108998 0.175453 0.121007 0.110895 0.20627 0.216843
threshold=206.50000000000003 11.500000000000002 294.50000000000006 267.50000000000006 209.50000000000003 71489.000000000015 48468.000000000007 55461.000000000007 3984047.6250000005 46175.000000000007 41033.950000000004 31935.500000000004 17334190.040000003 37485.125000000007 51386.000000000007 11017293.225000001 50688.750000000007 6925675.7500000009 47306.250000000007 243.50000000000003 33960.500000000007 35573.000000000007 76753.750000000015 83789.500000000015 47368.125000000007 49024.125000000007 45301.500000000007 71849090.305000022 78983.000000000015 74157.375000000015
decision_type=2 2 2 2 2 2 2 2 2 2 2 2 2 2 2 2 2 2 2 2 2 2 2 2 2 2 2 2 2 2
left_child=17 3 -3 4 5 -2 7 -4 -6 10 11 12 13 -10 15 -5 18 -1 -16 -11 -21 -22 24 -24 26 -26 -23 -27 -29 -30
right_child=1 2 6 14 8 -7 -8 -9 9 19 -12 -13 -14 -15 16 -17 -18 -19 -20 20 21 22 23 -25 25 27 -28 28 29 -31
leaf_value=-0.0029528462766286209 0.00045584365725517275 0.011904640166709821 0.00088872950556769708 0.00011470509693026544 -0.0043497027363628149 -0.012634185218207895 0.00034899296064108725 0.0097750730178732849 0.0027070182020990895 0.00057950244346482624 0.0073547055703346385 -0.0056976905374815975 -0.0025116604727667734 0.011269940723749726 -0.0015312913027892431 -0.012636547693577799 -0.0021108352088882077 0.0028528009873535006 0.006019375720419563 -0.0043114514517433511 0.0073368121005062542 0.00019934524528004909 -0.0080675438637487027 -0.00066433421572640781 0.0075937989199983671 -0.00087113051701443215 -0.01017442728676226 0.0029339341675933672 -0.0060703488501409695 0.0053498210304457209
leaf_weight=34 25 30 57 20 60 21 1015 36 65 1086 54 33 37 22 31 23 664 292 39 85 28 22 52 126 29 847 23 223 60 23
leaf_count=34 25 30 57 20 60 21 1015 36 65 1086 54 33 37 22 31 23 664 292 39 85 28 22 52 126 29 847 23 223 60 23
internal_value=2.76267e-12 -0.000151493 0.000978846 -0.000499337 -0.000117731 -0.00552004 0.000683022 0.0043286 -3.12943e-05 6.07499e-05 0.00255969 0.000910444 0.00266906 0.00487235 -0.00193392 -0.00670573 -0.00165437 0.0022473 0.00267551 -0.000141737 -0.000657722 -0.000440997 -0.000596 -0.00282707 -0.00027234 -8.84392e-05 -0.00510281 -0.000281661 0.00134997 -0.00290572
internal_weight=5162 4836 1138 3698 2921 46 1108 93 2875 2815 211 157 124 87 777 43 734 326 70 2604 1518 1433 1405 178 1227 1182 45 1153 306 83
internal_count=5162 4836 1138 3698 2921 46 1108 93 2875 2815 211 157 124 87 777 43 734 326 70 2604 1518 1433 1405 178 1227 1182 45 1153 306 83
is_linear=0
shrinkage=0.1


Tree=28
num_leaves=31
num_cat=0
split_feature=10 3 6 5 1 3 6 3 7 7 9 8 4 5 1 10 9 10 5 9 9 10 3 3 9 5 8 6 5 4
split_gain=0.144766 0.136543 0.136772 0.188033 0.161272 0.272852 0.149703 0.117063 0.124325 0.11589 0.113898 0.196791 0.153066 0.148006 0.131792 0.202731 0.132356 0.152875 0.113557 0.111808 0.182081 0.169057 0.153009 0.125003 0.209846 0.206429 0.197788 0.138464 0.126687 0.136764
threshold=62632.500000000007 68817.500000000015 49514.500000000007 54031.500000000007 238.50000000000003 56130.000000000007 49066.80000000001 61450.500000000007 4170940.2900000005 5205512.9300000006 59150.750000000007 54592.500000000007 52419.000000000007 69362.000000000015 250.50000000000003 60195.125000000007 51389.000000000007 52429.125000000007 74493.500000000015 51836.250000000007 51039.250000000007 54374.875000000007 61701.500000000007 58626.500000000007 55498.250000000007 63195.500000000007 53820.875000000007 53233.900000000009 64481.000000000007 49127.500000000007
decision_type=2 2 2 2 2 2 2 2 2 2 2 2 2 2 2 2 2 2 2 2 2 2 2 2 2 2 2 2 2 2
left_child=1 2 6 -4 5 -5 -1 -2 -9 -6 11 13 18 -3 15 16 17 -15 -13 20 -11 -21 -22 24 27 26 -25 -23 -27 -30
right_child=7 10 3 4 9 -7 -8 8 -10 19 -12 12 -14 14 -16 -17 -18 -19 -20 21 22 23 -24 25 -26 28 -28 -29 29 -31
leaf_value=0.00067450686253465921 0.0043088682871311899 0.0051859536910459645 -0.0088913965621031828 0.0092841623436159849 -0.006093461769930226 -0.00012612304342309795 0.0070646131882983222 -0.0070865228996965391 -0.00050416336761633848 -0.00068585275827596592 0.0053590445149251653 -0.0090678711188957092 0.0031453673761071901 0.0064131051301956178 -0.0019185317927622237 -0.0062348905298858885 0.0076045113991767728 -0.0056531732724536031 0.00024134690815117213 0.0063606052458084917 -0.00274527067642497 -0.0036614376794675304 -0.014280057560814463 0.0058556135707231389 0.0014090033691013006 -0.0075421657452049359 -0.0021086370135890323 -0.014182105931368741 -0.0040683364787814673 0.0035881613013009693
leaf_weight=1041 50 124 28 41 47 124 38 29 2721 84 85 38 28 21 96 20 64 21 20 37 23 29 23 89 41 36 48 22 51 43
leaf_count=1041 50 124 28 41 47 124 38 29 2721 84 85 38 28 21 96 20 64 21 20 37 23 29 23 89 41 36 48 22 51 43
internal_value=6.01303e-12 0.000576585 0.000174108 -0.000847765 -0.000542587 0.00221219 0.000899552 -0.000486391 -0.000573577 -0.00133585 0.00201289 0.00135451 -0.00292653 0.00241858 0.00087284 0.0029996 0.00474196 0.000379966 -0.0058578 -0.000910737 -0.00345534 -7.5388e-05 -0.00851266 -0.000738708 -0.0039176 0.00035664 0.00306522 -0.00819977 -0.00249779 -0.000565896
internal_weight=5162 2362 1845 766 738 165 1079 2800 2750 573 517 432 86 346 222 126 106 42 58 526 130 396 46 359 92 267 137 51 130 94
internal_count=5162 2362 1845 766 738 165 1079 2800 2750 573 517 432 86 346 222 126 106 42 58 526 130 396 46 359 92 267 137 51 130 94
is_linear=0
shrinkage=0.1


Tree=29
num_leaves=31
num_cat=0
split_feature=1 0 1 1 1 3 1 0 4 9 5 1 4 3 7 4 1 7 3 7 3 3 7 5 8 1 1 10 10 10
split_gain=0.132243 0.145045 0.290858 0.153485 0.111167 0.154994 0.10996 0.16146 0.132529 0.126359 0.236022 0.102882 0.0981034 0.0851612 0.141947 0.116076 0.084683 0.0843014 0.105889 0.137943 0.097176 0.159034 0.138669 0.146695 0.356788 0.138536 0.251287 0.133113 0.221131 0.140216
threshold=206.50000000000003 11.500000000000002 294.50000000000006 267.50000000000006 209.50000000000003 71489.000000000015 376.50000000000006 16.500000000000004 31682.500000000004 74016.000000000015 83033.000000000015 397.50000000000006 65472.500000000007 51386.000000000007 11017293.225000001 35336.000000000007 499.50000000000006 3984047.6250000005 46175.000000000007 9514295.5500000026 50193.500000000007 53161.000000000007 28442074.050000004 89208.500000000015 83802.875000000015 222.50000000000003 215.50000000000003 71607.000000000015 70245.250000000015 66664.250000000015
decision_type=2 2 2 2 2 2 2 2 2 2 2 2 2 2 2 2 2 2 2 2 2 2 2 2 2 2 2 2 2 2
left_child=-1 3 -3 4 5 -2 8 9 -4 12 -11 -12 -8 14 -5 -15 -9 -6 19 -19 -20 -22 23 25 -25 26 -23 28 29 -27
right_child=1 2 6 13 17 -7 7 16 -10 10 11 -13 -14 15 -16 -17 -18 18 20 -21 21 22 -24 24 -26 27 -28 -29 -30 -31
leaf_value=0.0019494462281035583 0.00034003862366080288 0.010571624855510891 0.0074431404005736116 0.00015165108605287971 -0.0037339585652807726 -0.011313474887893313 -0.00076962351164359965 0.0057845184240828858 0.0011719042090515728 -0.012165228696539999 0.0021641952976679956 -0.0051470467869780571 0.0062929928347113589 0.0051313100102841139 -0.011367435779665477 -0.0016719357022426308 0.00020966780979910662 -0.0011300317805785782 -0.0028877338452249273 0.0041668170955403245 0.0035350803205682364 0.0025216133422440012 0.00033961664593978348 -0.016312486126220653 0.0019104466117410498 -0.001545854899668484 -0.011645987149818064 0.0022949852359194596 -0.010664171616857251 0.0033055566477456265
leaf_weight=326 25 30 36 20 60 21 310 55 527 28 39 38 21 26 23 708 54 78 121 133 122 21 1642 21 22 400 31 130 24 70
leaf_count=326 25 30 36 20 60 21 310 55 527 28 39 38 21 26 23 708 54 78 121 133 122 21 1642 21 22 400 31 130 24 70
internal_value=2.84216e-12 -0.000131414 0.000855822 -0.00043522 -0.000102948 -0.00498004 0.000592758 -0.000419762 0.00157291 -0.00128037 -0.00430296 -0.00144395 -0.000321542 -0.00168434 -0.00600972 -0.00143095 0.00302267 -2.49141e-05 5.4142e-05 0.00220874 -0.000120443 1.44105e-05 -0.000167513 -0.00132566 -0.00698913 -0.000965409 -0.00592446 -0.000552156 -0.0013014 -0.000823304
internal_weight=5162 4836 1138 3698 2921 46 1108 545 563 436 105 77 331 777 43 734 109 2875 2815 211 2604 2483 2361 719 43 676 52 624 494 470
internal_count=5162 4836 1138 3698 2921 46 1108 545 563 436 105 77 331 777 43 734 109 2875 2815 211 2604 2483 2361 719 43 676 52 624 494 470
is_linear=0
shrinkage=0.1


Tree=30
num_leaves=31
num_cat=0
split_feature=9 9 9 4 0 1 1 7 7 7 10 5 3 1 7 3 3 7 7 8 10 4 3 4 10 5 3 1 1 1
split_gain=0.115205 0.164913 0.183093 0.105247 0.0880224 0.219236 0.164851 0.120211 0.228394 0.184216 0.18192 0.181664 0.160652 0.125254 0.116218 0.23144 0.189232 0.179561 0.123072 0.156684 0.176288 0.108026 0.0945045 0.259866 0.153048 0.143665 0.119083 0.102654 0.143275 0.0943983
threshold=94344.750000000015 95651.750000000015 98780.500000000015 24301.500000000004 11.500000000000002 301.00000000000006 267.50000000000006 9301964.1300000008 8971981.9250000026 11269444.625000002 56754.000000000007 44583.500000000007 40734.500000000007 187.50000000000003 28442074.050000004 80465.000000000015 72084.500000000015 19804766.150000002 12113023.685000002 62679.250000000007 65548.750000000015 57537.500000000007 63201.000000000007 41292.000000000007 44204.875000000007 55999.000000000007 53343.000000000007 236.50000000000003 248.50000000000003 249.50000000000003
decision_type=2 2 2 2 2 2 2 2 2 2 2 2 2 2 2 2 2 2 2 2 2 2 2 2 2 2 2 2 2 2
left_child=3 -2 -3 -1 6 -6 7 8 -5 10 11 -9 -11 -14 15 16 18 29 -15 20 -20 -12 23 24 26 -26 -16 -27 -29 -18
right_child=1 2 -4 4 5 -7 -8 9 -10 12 21 -13 13 14 22 -17 17 -19 19 -21 -22 -23 -24 -25 25 27 -28 28 -30 -31
leaf_value=0.0026928281568846593 -0.011504179915646092 0.0069198138290084898 -0.0042007897253426019 -0.00099398720654156488 0.0085616499371826658 0.00051829161158862039 -0.0015698892557974129 0.00053635889664292334 -0.011318655255372109 0.0075470679792864568 -0.0057790090469643472 0.012365579318154504 0.0035886486728205201 -0.0069706733245402585 -0.00017301723280030749 -0.0062253642921583571 0.012044582143425943 -0.00020326132123686799 -0.00081095225074115395 -0.0065060267814745516 0.0072217181967250237 0.0044900462519200076 8.4333666856400673e-05 0.0088030725164571777 -0.0069208662674734092 0.0044015878069669353 0.0094622287168649247 -0.0086803834220128395 0.0014359006297863311 0.0029064083751291041
leaf_weight=148 20 20 57 313 35 1066 750 20 23 29 20 37 97 35 23 79 26 61 472 45 29 21 1500 48 33 43 29 21 42 20
leaf_count=148 20 20 57 313 35 1066 750 20 23 29 20 37 97 35 23 79 26 61 472 45 29 21 1500 48 33 43 29 21 42 20
internal_value=-3.37031e-12 -0.00341374 -0.00131232 6.53766e-05 -1.37088e-05 0.000773984 -0.000240976 8.41011e-05 -0.00170074 0.000303773 0.00456086 0.00821498 0.000145265 6.28013e-05 -7.3674e-05 -0.00109909 -0.000510459 0.0033541 -0.00122218 -0.000853683 -0.000345987 -0.000519249 0.000378593 0.00222541 0.000572381 -0.001159 0.00520049 0.000634793 -0.00193619 0.00807146
internal_weight=5162 97 77 5065 4917 1101 3816 3066 336 2730 98 57 2632 2603 2506 767 688 107 581 546 501 41 1739 239 191 139 52 106 63 46
internal_count=5162 97 77 5065 4917 1101 3816 3066 336 2730 98 57 2632 2603 2506 767 688 107 581 546 501 41 1739 239 191 139 52 106 63 46
is_linear=0
shrinkage=0.1


Tree=31
num_leaves=31
num_cat=0
split_feature=10 9 8 6 4 8 7 6 5 8 1 5 1 4 9 8 1 3 3 3 10 8 6 10 4 1 7 4 10 3
split_gain=0.0984886 0.187104 0.217784 0.250514 0.155297 0.128486 0.139299 0.150283 0.143294 0.125293 0.11461 0.114531 0.114174 0.109616 0.162163 0.27086 0.138122 0.151212 0.106496 0.103725 0.098399 0.0977792 0.102703 0.0954787 0.0914153 0.0928627 0.0887819 0.154222 0.137265 0.0928047
threshold=62204.750000000007 60322.000000000007 57141.500000000007 58882.700000000004 52678.000000000007 54010.625000000007 9640663.0250000004 62187.350000000013 76570.000000000015 53144.125000000007 259.50000000000006 83747.500000000015 181.50000000000003 50928.000000000007 55976.750000000007 53687.000000000007 258.50000000000006 65562.000000000015 84010.500000000015 59704.500000000007 60556.625000000007 55199.375000000007 55920.55000000001 60881.500000000007 45365.000000000007 246.50000000000003 11941043.340000002 64280.500000000007 68027.250000000015 70379.000000000015
decision_type=2 2 2 2 2 2 2 2 2 2 2 2 2 2 2 2 2 2 2 2 2 2 2 2 2 2 2 2 2 2
left_child=1 2 4 -4 13 9 7 -7 10 -2 -9 -10 -8 14 15 20 23 -18 -12 -14 -1 22 -19 24 -16 -26 27 28 -21 -28
right_child=5 -3 3 -5 -6 6 12 8 11 -11 18 -13 19 -15 16 -17 17 21 -20 26 -22 -23 -24 -25 25 -27 29 -29 -30 -31
leaf_value=0.0004451446943289663 -0.0020363735129372983 0.0082032972030461806 -0.014726392333395781 -0.00089954682656465796 0.0053556791564019829 -0.0099323288318701099 0.0065441872494725085 -0.0045447192613406713 -0.0087949698546719631 -0.010569324422712354 0.0047833677055518428 -0.0007401594471546912 0.0054524332136762421 -0.0034694035704785457 0.0080224773344317723 -0.010335968659880262 -0.004413402215906013 -0.00021761419761571148 -0.0018993125933154328 0.0041084738384033074 -0.0057509680851720851 -0.0027866305783391001 0.0085821093241166737 0.011340469895335645 -0.0027982922915655833 0.0057376006394624715 -0.0022639550497247415 0.0079604414045914181 -0.006115357655410966 -0.00010797596164448082
leaf_weight=1802 79 31 20 38 65 25 26 37 41 22 57 31 33 71 35 24 39 21 41 29 26 20 36 23 26 25 220 36 24 2159
leaf_count=1802 79 31 20 38 65 25 26 37 41 22 57 31 33 71 35 24 39 21 41 29 26 20 36 23 26 25 220 36 24 2159
internal_value=5.52096e-12 0.000486871 0.000381539 -0.00566742 0.000540075 -0.00039188 -0.000263639 -0.00260871 -0.00172422 -0.00389504 0.000197226 -0.00532693 -4.83411e-05 0.000394352 0.00052643 0.000218446 0.00306148 0.000659748 0.00198755 -0.000116876 0.000357016 0.00322927 0.00534011 0.00561745 0.00408687 0.00138597 -0.000191344 0.00290958 -0.000521186 -0.000307352
internal_weight=5162 2302 2271 58 2213 2860 2759 232 207 101 135 72 2527 2148 2077 1852 225 116 98 2501 1828 77 57 109 86 51 2468 89 53 2379
internal_count=5162 2302 2271 58 2213 2860 2759 232 207 101 135 72 2527 2148 2077 1852 225 116 98 2501 1828 77 57 109 86 51 2468 89 53 2379
is_linear=0
shrinkage=0.1


Tree=32
num_leaves=31
num_cat=0
split_feature=9 10 1 1 7 5 4 1 1 6 8 10 7 3 8 3 3 5 1 4 1 1 1 1 9 3 4 8 5 6
split_gain=0.0961371 0.173676 0.117946 0.185647 0.146868 0.19461 0.164404 0.137723 0.137109 0.119608 0.218897 0.187609 0.143278 0.10488 0.0987686 0.093733 0.170956 0.0991962 0.0952597 0.103716 0.0938952 0.147265 0.128879 0.117865 0.112322 0.322498 0.125596 0.230787 0.173962 0.169296
threshold=80313.000000000015 84410.625000000015 237.50000000000003 230.50000000000003 17334190.040000003 91486.500000000015 70597.000000000015 215.50000000000003 250.50000000000003 92027.250000000015 83802.875000000015 89960.625000000015 36065581.965000011 119758.00000000001 85765.750000000015 112476.50000000001 110393.00000000001 82614.500000000015 275.50000000000006 59420.000000000007 417.50000000000006 406.50000000000006 400.50000000000006 388.50000000000006 78995.750000000015 91428.500000000015 56834.500000000007 69775.875000000015 67315.500000000015 64096.350000000006
decision_type=2 2 2 2 2 2 2 2 2 2 2 2 2 2 2 2 2 2 2 2 2 2 2 2 2 2 2 2 2 2
left_child=15 -2 3 7 5 -4 8 -3 -6 10 11 12 -8 -11 -12 16 20 -17 19 -19 21 22 23 24 26 -26 27 -1 -28 -30
right_child=1 2 4 -5 6 -7 9 -9 -10 13 14 -13 -14 -15 -16 17 -18 18 -20 -21 -22 -23 -24 -25 25 -27 28 -29 29 -31
leaf_value=0.00032859606469056352 -0.0058480850262870743 0.0045689871193220219 -0.00089899911395003728 0.0086449545337183575 -0.010631361103150994 -0.01289335732193043 -0.0023215013890407021 -0.0044947233859841769 -0.0019186912453733385 -0.0054003044368421786 0.011262991713980834 -0.0066052884949992108 0.0070141917227634371 0.0012802538382721709 0.0031484545177469653 0.0083657934813311813 -0.0091388618620112539 -0.00062064321952805463 -0.0046068053980707199 0.0083379608734200413 0.0030538389417908603 -0.0051343400798806995 0.005167916645295919 -0.0030688172486873395 0.012725763587961689 -0.0026118915222970579 -0.009894560743123294 0.010383171146816535 0.0064576622491586029 -0.00093881407857797415
leaf_weight=3068 71 30 31 33 24 24 31 38 73 47 30 33 35 47 30 27 20 28 20 24 107 54 50 117 26 29 21 23 32 939
leaf_count=3068 71 30 31 33 24 24 31 38 73 47 30 33 35 47 30 27 20 28 20 24 107 54 50 117 26 29 21 23 32 939
internal_value=-5.31982e-12 -0.00121652 -0.000566633 0.00249063 -0.00132906 -0.0061329 -0.000574173 -0.000496028 -0.0040744 0.000767813 0.00243962 -0.000448933 0.00262924 -0.00206003 0.00720572 0.000153093 8.59244e-05 0.0031967 0.00125829 0.0035141 0.000127236 5.53965e-05 0.000120494 6.11826e-05 0.000149682 0.00463864 8.92135e-05 0.000403412 -0.000889805 -0.000695058
internal_weight=5162 577 506 101 405 55 350 68 97 253 159 99 66 94 60 4585 4486 99 72 52 4466 4359 4305 4255 4138 55 4083 3091 992 971
internal_count=5162 577 506 101 405 55 350 68 97 253 159 99 66 94 60 4585 4486 99 72 52 4466 4359 4305 4255 4138 55 4083 3091 992 971
is_linear=0
shrinkage=0.1


Tree=33
num_leaves=31
num_cat=0
split_feature=4 7 7 5 10 10 4 7 6 7 8 9 9 6 5 9 5 7 4 8 3 8 10 8 10 4 4 4 10 7
split_gain=0.0856804 0.0864786 0.20542 0.141697 0.184572 0.160492 0.182477 0.156013 0.154238 0.120464 0.161665 0.117927 0.191122 0.115801 0.116587 0.11159 0.107562 0.0988693 0.0920607 0.175179 0.0903823 0.18408 0.0865612 0.1844 0.0869909 0.245001 0.10118 0.0832377 0.0741911 0.0727207
threshold=22022.500000000004 115696470.425 103684044.43000002 90340.000000000015 84410.625000000015 87872.500000000015 74084.500000000015 78083716.465000018 92027.250000000015 45317952.920000009 67143.250000000015 91107.750000000015 89186.250000000015 80718.10000000002 87947.500000000015 81001.250000000015 103828.00000000001 121096119.98000002 63765.500000000007 72235.375000000015 88494.000000000015 54312.750000000007 56522.500000000007 47336.500000000007 82582.250000000015 63765.500000000007 77244.000000000015 72205.000000000015 81951.875000000015 3984047.6250000005
decision_type=2 2 2 2 2 2 2 2 2 2 2 2 2 2 2 2 2 2 2 2 2 2 2 2 2 2 2 2 2 2
left_child=-1 2 3 4 15 6 9 8 11 -5 -11 12 -7 -6 -15 29 -9 -3 -12 -20 21 -4 -19 -24 25 -25 27 -26 -21 -2
right_child=1 17 20 5 13 7 -8 16 -10 10 18 -13 -14 14 -16 -17 -18 22 19 28 -22 -23 23 24 26 -27 -28 -29 -30 -31
leaf_value=0.0028137294988516931 -0.0020054764232228105 -0.006140090737682887 0.0063657344372656487 0.004511882875919004 0.010697701027917599 0.0013517006594698164 -0.010228700470179319 -0.00064002525593553276 -0.0056522442779520102 0.00429429439422877 -0.0088598861478460158 0.0070715339834113494 -0.0087035770838459325 -0.0035127776541880201 0.0058160849557434384 -0.0059140194327600547 0.0086291311286209576 0.0038117221058605031 0.0033330258816994468 -0.010761010020293973 0.0065400450665881668 -0.0063951398059725762 -0.0091390002175882872 -0.00048030832902518441 -0.002310187803943538 0.010908239086469014 0.0030368250546356046 -0.0085919748395681377 -0.003389993703199758 0.00019842347628088372
leaf_weight=106 156 39 26 22 24 89 36 21 57 23 39 23 24 21 37 31 31 36 29 22 69 20 28 188 135 21 30 25 36 3718
leaf_count=106 156 39 26 22 24 89 36 21 57 23 39 23 24 21 37 31 31 36 29 22 69 20 28 188 135 21 30 25 36 3718
internal_value=8.12424e-12 -5.89904e-05 7.83209e-05 -2.97806e-05 0.000160452 -0.00170778 -0.00375779 2.42669e-05 -0.00128558 -0.00239549 -0.00341538 0.000544565 -0.000783934 0.00485575 0.00243839 6.18565e-05 0.00488582 -0.00130464 -0.0048227 -0.00301292 0.00425104 0.000817528 -0.000897332 -0.00129435 -0.000743847 0.000663995 -0.00229247 -0.00329172 -0.0061859 0.000109676
internal_weight=5162 5056 4554 4439 3987 452 207 245 193 171 149 136 113 82 58 3905 52 502 126 87 115 46 463 427 399 209 190 160 58 3874
internal_count=5162 5056 4554 4439 3987 452 207 245 193 171 149 136 113 82 58 3905 52 502 126 87 115 46 463 427 399 209 190 160 58 3874
is_linear=0
shrinkage=0.1


Tree=34
num_leaves=31
num_cat=0
split_feature=0 1 1 7 10 10 1 6 8 4 1 1 7 10 5 7 8 8 9 8 7 6 9 6 9 8 8 8 9 8
split_gain=0.0799948 0.190845 0.153205 0.192925 0.092651 0.282465 0.166119 0.107592 0.1021 0.124549 0.101535 0.20468 0.130249 0.126183 0.136219 0.26723 0.144246 0.134707 0.11067 0.0914297 0.1496 0.0903451 0.133268 0.0919616 0.0913818 0.0889008 0.213553 0.195555 0.124546 0.20953
threshold=11.500000000000002 283.50000000000006 246.50000000000003 3226549.3250000007 60724.750000000007 62996.125000000007 232.50000000000003 58534.600000000006 50372.250000000007 46717.000000000007 228.50000000000003 225.50000000000003 18798751.780000005 69677.500000000015 103828.00000000001 38246011.385000013 68959.375000000015 63472.250000000007 64091.750000000007 76753.750000000015 262661044.84500003 85504.35000000002 81742.000000000015 92027.250000000015 83341.750000000015 51182.000000000007 50020.750000000007 51962.625000000007 55216.000000000007 55199.375000000007
decision_type=2 2 2 2 2 2 2 2 2 2 2 2 2 2 2 2 2 2 2 2 2 2 2 2 2 2 2 2 2 2
left_child=2 -2 3 -1 25 6 -6 -8 -7 -10 11 12 -11 18 15 -15 17 -17 -14 20 -4 22 -21 -23 -24 26 -5 -27 -29 -30
right_child=1 -3 19 4 5 8 7 -9 9 10 -12 -13 13 14 -16 16 -18 -19 -20 21 -22 23 24 -25 -26 27 -28 28 29 -31
leaf_value=-0.0063141980231171714 0.0097568610764068101 0.00055425918904916736 -0.00064192791463243536 0.0013194231293030385 -0.00059587762409232955 -0.006570895649492741 -0.0040775932105524201 -0.01362132408173272 0.0050062816815983242 -0.005886208745792057 0.0013043483487211254 -0.0072235559156346753 0.00062635795123154115 0.0048925909786843337 0.0045098728572711263 -0.0060324391591604111 -0.0090459108311269024 0.0043819686924309832 0.0092206587147866861 0.00034800356802260204 0.0069946074088175717 0.00090792393662355924 -0.011784764751791955 -0.0040172499480831906 -0.0041435619610745242 0.011147012388599772 -0.0063790526584182917 0.0074277114283678863 -0.0043452858449701147 0.0059627334404274632
leaf_weight=41 23 1115 1922 696 38 20 21 27 61 33 430 46 31 39 41 27 45 23 29 31 26 93 29 64 34 28 38 29 49 33
leaf_count=41 23 1115 1922 696 38 20 21 27 61 33 430 46 31 39 41 27 45 23 29 31 26 93 29 64 34 28 38 29 49 33
internal_value=-7.4587e-12 0.000740252 -0.000209346 0.000467966 0.000623834 -8.16317e-05 -0.00553545 -0.00944594 0.000486887 0.000662236 0.000306071 -0.001061 -3.2441e-06 0.000822874 -0.000533947 -0.00207721 -0.00493849 -0.00124181 0.00478027 -0.000771462 -0.000540003 -0.0025678 -0.00501969 -0.00109979 -0.00766094 0.00136001 0.000920864 0.00367893 0.00179509 -0.000196937
internal_weight=5162 1138 4024 1825 1784 911 86 48 825 805 744 314 268 235 175 134 95 50 60 2199 1948 251 94 157 63 873 734 139 111 82
internal_count=5162 1138 4024 1825 1784 911 86 48 825 805 744 314 268 235 175 134 95 50 60 2199 1948 251 94 157 63 873 734 139 111 82
is_linear=0
shrinkage=0.1


Tree=35
num_leaves=31
num_cat=0
split_feature=5 5 3 7 5 10 3 7 9 10 7 7 7 0 1 7 1 1 9 3 7 7 1 1 8 0 7 8 4 7
split_gain=0.0790811 0.292446 0.104172 0.0992238 0.0918018 0.0870363 0.16566 0.122286 0.0893857 0.101079 0.0767407 0.127464 0.133426 0.0934531 0.124276 0.113477 0.109362 0.0939194 0.0888838 0.0869502 0.0920559 0.0868754 0.0824804 0.174545 0.157944 0.0970003 0.205437 0.181726 0.184772 0.148641
threshold=37339.500000000007 38781.000000000007 40734.500000000007 7719943.3450000016 41501.500000000007 44666.375000000007 54194.500000000007 58483447.020000003 43652.000000000007 45547.500000000007 3984047.6250000005 4611249.0249999994 4941064.2250000006 16.500000000000004 406.50000000000006 20255443.905000005 401.50000000000006 499.50000000000006 103283.75000000001 126425.50000000001 220632520.08500007 2853318.6050000004 388.50000000000006 391.50000000000006 71553.125000000015 11.500000000000002 11017293.225000001 53144.125000000007 48958.500000000007 8550662.6050000023
decision_type=2 2 2 2 2 2 2 2 2 2 2 2 2 2 2 2 2 2 2 2 2 2 2 2 2 2 2 2 2 2
left_child=-1 -2 3 -3 -4 6 -6 -8 9 -7 21 -12 -13 14 16 -16 18 -15 19 22 -21 -10 25 -24 -25 -14 29 -28 -29 -27
right_child=1 2 4 -5 5 8 7 -9 10 -11 11 12 13 17 15 -17 -18 -19 -20 20 -22 -23 23 24 -26 26 27 28 -30 -31
leaf_value=0.0027163083163932677 -0.011832709681420099 -0.0017311835661530496 -0.0066620627329463059 0.0059965586565710882 0.0002920616012360298 0.0011807576927822085 0.0087021339578010771 0.00028979019951765186 0.00026007648557424545 -0.005864611462623414 0.0053965934100127675 -0.0066118697065018842 -0.00020844440761363754 0.0061834474501665689 -0.00097364958581657932 -0.0084709435383873901 0.0053182819579409343 4.9282214828193761e-05 -0.0049502865391676445 0.0078018109326280713 -9.9373598738263056e-05 -0.0054993171693587849 -0.0081571303164729696 0.002287370160646627 -0.0071485718430873632 0.00048172490086215429 0.0058475211962303597 -0.0049563515335400805 0.0019799189401916938 -0.0063813671768414536
leaf_weight=105 21 24 21 54 241 32 48 27 50 56 43 31 3322 48 52 33 38 52 37 29 30 55 39 68 24 78 105 44 302 53
leaf_count=105 21 24 21 54 241 32 48 27 50 56 43 31 3322 48 52 33 38 52 37 29 30 55 39 68 24 78 105 44 302 53
internal_value=5.21183e-12 -5.63995e-05 -7.29258e-06 0.00361879 -6.43387e-05 -3.62746e-05 0.00156935 0.00567369 -0.000146073 -0.00330266 -8.47932e-05 -2.14338e-05 -7.45638e-05 -2.80189e-05 -9.90509e-05 -0.00388436 -2.18738e-05 0.00299368 -7.09965e-05 -2.68993e-05 0.00378426 -0.00275675 -8.26263e-05 -0.00255078 -0.00017418 1.93529e-07 0.00119108 0.00220365 0.00109785 -0.00229495
internal_weight=5162 5057 5036 78 4958 4937 316 75 4621 88 4533 4428 4385 4354 4254 85 4169 100 4131 4094 59 105 4035 131 92 3904 582 451 346 131
internal_count=5162 5057 5036 78 4958 4937 316 75 4621 88 4533 4428 4385 4354 4254 85 4169 100 4131 4094 59 105 4035 131 92 3904 582 451 346 131
is_linear=0
shrinkage=0.1


Tree=36
num_leaves=31
num_cat=0
split_feature=1 1 3 7 10 0 1 1 4 5 3 6 8 1 7 5 7 8 3 9 9 6 8 8 10 9 4 1 7 7
split_gain=0.0654479 0.0840731 0.112582 0.0677147 0.103141 0.0644545 0.154443 0.0985563 0.100142 0.106816 0.152739 0.0865564 0.0818004 0.0806452 0.0789418 0.0757961 0.132497 0.103845 0.0965109 0.0800816 0.141817 0.0868674 0.16752 0.154465 0.118329 0.0951936 0.0915591 0.082724 0.12607 0.126974
threshold=206.50000000000003 209.50000000000003 71489.000000000015 19446091.845000003 76797.625000000015 11.500000000000002 283.50000000000006 254.50000000000003 28144.000000000004 42770.500000000007 44704.000000000007 41033.950000000004 29156.000000000004 232.50000000000003 7501405.8250000002 48468.000000000007 12961898.325000001 44040.750000000007 55461.000000000007 48017.250000000007 49463.000000000007 49514.500000000007 48758.875000000007 52210.000000000007 58553.875000000007 57541.500000000007 46717.000000000007 370.50000000000006 7719943.3450000016 10203022.225000001
decision_type=2 2 2 2 2 2 2 2 2 2 2 2 2 2 2 2 2 2 2 2 2 2 2 2 2 2 2 2 2 2
left_child=3 2 -2 -1 -5 7 -7 8 12 14 11 -11 -3 -14 -10 16 18 -17 -8 -19 -21 -22 -23 26 -25 -26 -24 28 -27 -30
right_child=1 5 -4 4 -6 6 15 -9 9 10 -12 -13 13 -15 -16 17 -18 19 -20 20 21 22 23 24 25 27 -28 -29 29 -31
leaf_value=-0.0008109401608111732 0.00018694181367754937 -0.00039307938388281568 -0.0097449901646801413 0.0032023506951050296 -0.0028450682279512738 0.0087167662365928954 -0.0018113316897221882 -0.00082668985594925865 -0.0076374369973857565 0.00038609973465402922 6.0637542076515622e-06 0.0085986865684390072 0.0086390008502348799 0.0020519898346875137 0.0003033705210934083 -0.0057103851308307517 0.0089196215612381436 0.005538045393367266 0.0065094890445470815 -0.0064493522979319103 0.0061248818152727421 -0.0068440547678619628 0.0073686651519632761 -0.0050890253080675997 0.0063108556581517837 0.0071758422288386269 0.00092077253735624266 -0.00073393582868328715 -0.0065685098990798003 0.0013776728108278516
leaf_weight=99 25 44 21 194 33 23 46 1656 31 21 1771 33 34 41 21 29 28 29 20 31 26 32 49 42 26 34 40 427 22 234
leaf_count=99 25 44 21 194 33 23 46 1656 31 21 1771 33 34 41 21 29 28 29 20 31 26 32 49 42 26 34 40 427 22 234
internal_value=-8.26925e-12 -9.24495e-05 -0.0043472 0.00137143 0.00232321 -5.15897e-05 0.000605543 -0.000256359 0.000216822 3.8473e-05 0.00016581 0.0054049 0.00302993 0.0050381 -0.00443057 0.000438226 0.00315551 0.000188055 0.000710129 0.000360489 0.000204571 0.000425893 0.000262346 0.000522534 7.49037e-05 0.000366808 0.00447074 0.000151264 0.00145464 0.000694798
internal_weight=5162 4836 46 326 227 4790 1138 3652 1996 1877 1825 54 119 75 52 1115 94 1021 66 992 963 932 906 874 785 743 89 717 290 256
internal_count=5162 4836 46 326 227 4790 1138 3652 1996 1877 1825 54 119 75 52 1115 94 1021 66 992 963 932 906 874 785 743 89 717 290 256
is_linear=0
shrinkage=0.1


Tree=37
num_leaves=31
num_cat=0
split_feature=5 5 3 5 7 10 3 7 3 5 10 1 7 3 4 8 3 8 8 6 4 7 3 1 9 10 3 7 3 6
split_gain=0.0660164 0.22711 0.0818217 0.0770336 0.0661511 0.0587596 0.124087 0.0977772 0.0845005 0.158439 0.151208 0.208742 0.187516 0.124412 0.145255 0.209585 0.119372 0.258653 0.269208 0.155852 0.189611 0.186059 0.102021 0.150548 0.124207 0.101937 0.100336 0.282449 0.13877 0.102873
threshold=37339.500000000007 38781.000000000007 40734.500000000007 41501.500000000007 7719943.3450000016 44666.375000000007 54194.500000000007 58483447.020000003 51106.000000000007 56726.500000000007 48822.000000000007 223.50000000000003 11425218.250000002 53343.000000000007 47451.000000000007 43769.250000000007 57257.500000000007 54869.875000000007 50184.625000000007 50934.600000000013 42235.500000000007 17547637.100000005 61857.000000000007 375.50000000000006 61254.500000000007 50851.125000000007 64894.000000000007 28815428.605000004 63201.000000000007 56890.55000000001
decision_type=2 2 2 2 2 2 2 2 2 2 2 2 2 2 2 2 2 2 2 2 2 2 2 2 2 2 2 2 2 2
left_child=-1 -2 4 -4 -3 6 -5 -8 9 10 11 -7 -12 14 15 -10 17 18 19 20 21 -15 23 24 -18 -23 27 29 -29 -24
right_child=1 2 3 5 -6 8 7 -9 13 -11 12 -13 -14 16 -16 -17 22 -19 -20 -21 -22 25 26 -25 -26 -27 -28 28 -30 -31
leaf_value=0.0024818103064206385 -0.01042933127166526 -0.0011629138917972645 -0.0061025952388133325 0.00018070517755132865 0.005146851164668247 0.0069375736936926839 0.0075463609716583356 2.4126808124559897e-05 -0.0020484377520487589 0.0042899100357317371 -0.0035522282822057607 -0.0035963091383516589 -0.015230199405923487 0.007860287465155125 -0.0048069133888930084 0.0074166244290148221 0.00040190647997489712 0.0070749253321152469 -0.0098973474372178322 0.0067742704227566723 -0.0091508481856983383 -0.0049571569856448937 -0.0021819150392362414 0.0085334856962335521 0.007373195645465915 0.0027919942823549111 -2.1132391186362646e-06 0.0064479856953555507 -0.00081008604508550739 -0.0070285103272464946
leaf_weight=105 21 24 21 241 54 25 48 27 34 32 44 76 20 21 20 75 293 26 50 20 34 58 94 29 28 24 3425 43 68 82
leaf_count=105 21 24 21 241 54 25 48 27 34 32 44 76 20 21 20 75 293 26 50 20 34 58 94 29 28 24 3425 43 68 82
internal_value=2.51376e-12 -5.15306e-05 -8.25538e-06 -5.88129e-05 0.00320538 -3.31051e-05 0.00128616 0.00483836 -0.000123321 -0.00214977 -0.00339868 -0.000988912 -0.00720159 -3.30835e-05 0.00302683 0.00446422 -0.000124988 -0.0023262 -0.00350701 -0.00147188 -0.00267569 -0.000538264 1.27548e-06 0.00163337 0.00100999 -0.00268911 -0.000152613 -0.00194864 0.0020016 -0.00443999
internal_weight=5162 5057 5036 4958 78 4937 316 75 4621 197 165 101 64 4424 129 109 4295 233 207 157 137 103 4062 350 321 82 3712 287 111 176
internal_count=5162 5057 5036 4958 78 4937 316 75 4621 197 165 101 64 4424 129 109 4295 233 207 157 137 103 4062 350 321 82 3712 287 111 176
is_linear=0
shrinkage=0.1


Tree=38
num_leaves=31
num_cat=0
split_feature=9 9 9 3 5 7 4 1 5 10 4 7 7 7 9 8 10 9 1 4 6 6 10 5 6 8 4 8 7 10
split_gain=0.0586941 0.126666 0.131324 0.0638325 0.0963626 0.131504 0.11042 0.0851984 0.110958 0.0765931 0.0612506 0.15234 0.202631 0.149753 0.103841 0.158178 0.167095 0.115876 0.146084 0.125766 0.109061 0.12652 0.119842 0.092982 0.158196 0.0897181 0.0890101 0.0983128 0.173408 0.0856183
threshold=94344.750000000015 95651.750000000015 98780.500000000015 112476.50000000001 116258.50000000001 20921889.345000003 73334.000000000015 237.50000000000003 120563.50000000001 80303.250000000015 56834.500000000007 155188663.95000002 103684044.43000002 125478759.82500003 76683.750000000015 64743.375000000007 70245.250000000015 72425.250000000015 254.50000000000003 53369.500000000007 68917.200000000012 67064.85000000002 69376.125000000015 67315.500000000015 64096.350000000006 62120.500000000007 54670.500000000007 61390.000000000007 80597163.320000008 66471.625000000015
decision_type=2 2 2 2 2 2 2 2 2 2 2 2 2 2 2 2 2 2 2 2 2 2 2 2 2 2 2 2 2 2
left_child=3 -2 -3 10 5 -5 9 -6 -9 -7 14 12 23 -14 15 20 -17 18 -18 -20 21 22 -1 -12 -25 -23 27 28 -24 -26
right_child=1 2 -4 4 7 6 -8 8 -10 -11 11 -13 13 -15 -16 16 17 -19 19 -21 -22 25 26 24 29 -27 -28 -29 -30 -31
leaf_value=0.00022791846606786347 -0.0095270963944494719 0.0063769116904586563 -0.00304124110394664 -0.0021024646109034277 0.0033103199018275037 0.0075026124888272197 0.011613689243550534 -0.0083790111881883247 0.0006141564055510304 0.00041377741061816257 -0.005875919512404567 -0.007372163268155419 0.0075891670191063076 -8.0057584243465452e-05 -0.0066301011717376408 0.011617630313743245 0.005243290560664954 0.0062624578574308892 -0.0096345795429356035 0.0014456721802707762 -0.0052755835755551993 0.00076033531129360201 -0.011775799621827902 0.0058682610554545121 -0.0068085786623313374 0.0090739482392867398 -0.0089249160997236943 0.002589368524358553 -0.00050497823936301606 -0.00065467487839561455
leaf_weight=2945 20 20 57 29 34 27 23 23 34 35 34 32 53 49 22 22 27 41 21 20 37 25 20 37 23 27 21 34 43 1327
leaf_count=2945 20 20 57 29 34 27 23 23 34 35 34 32 53 49 22 22 27 41 21 20 37 25 20 37 23 27 21 34 43 1327
internal_value=-7.19658e-13 -0.00243664 -0.000594968 4.66643e-05 0.00177518 0.00371225 0.00569609 -0.000651484 -0.00301467 0.00350085 -2.62462e-05 -0.000543802 -0.000400331 0.00390493 0.000217264 0.000263149 0.00366798 0.00206346 -0.000468292 -0.00422958 0.000121641 0.00018575 0.000102711 -0.000709364 -0.000582715 0.00507702 -0.00302216 -0.00174424 -0.00408302 -0.000759519
internal_weight=5162 97 77 5065 205 114 85 91 57 62 4860 1555 1523 102 3305 3283 131 109 68 41 3152 3115 3063 1421 1387 52 118 97 63 1350
internal_count=5162 97 77 5065 205 114 85 91 57 62 4860 1555 1523 102 3305 3283 131 109 68 41 3152 3115 3063 1421 1387 52 118 97 63 1350
is_linear=0
shrinkage=0.1


Tree=39
num_leaves=31
num_cat=0
split_feature=0 1 7 1 1 3 10 5 3 1 5 4 5 6 10 10 10 1 10 10 1 10 7 1 7 5 5 10 4 10
split_gain=0.0555798 0.0952743 0.0997238 0.0905038 0.0869762 0.0664663 0.0659926 0.078926 0.0597289 0.122556 0.142851 0.0735873 0.125112 0.116845 0.11135 0.163999 0.308124 0.0868715 0.23715 0.22202 0.155102 0.147108 0.103644 0.1733 0.100451 0.0940575 0.0885191 0.0842206 0.0820955 0.115086
threshold=16.500000000000004 406.50000000000006 13453767.610000001 403.50000000000006 416.50000000000006 95673.500000000015 106777.50000000001 122664.50000000001 113185.00000000001 223.50000000000003 83524.000000000015 56834.500000000007 67315.500000000015 64096.350000000006 66664.250000000015 68027.250000000015 68360.750000000015 228.50000000000003 72226.750000000015 75373.125000000015 237.50000000000003 79974.750000000015 42859998.030000009 219.50000000000003 155188663.95000002 98199.500000000015 82881.500000000015 67625.875000000015 52678.000000000007 58869.375000000007
decision_type=2 2 2 2 2 2 2 2 2 2 2 2 2 2 2 2 2 2 2 2 2 2 2 2 2 2 2 2 2 2
left_child=1 3 4 6 -3 -4 8 -8 11 -10 -11 28 -13 -14 -15 27 -17 18 -18 -20 21 26 -21 25 -22 -24 -19 -16 -1 -30
right_child=-2 2 5 -5 -6 -7 7 -9 9 10 -12 12 13 14 15 16 17 20 19 22 24 -23 23 -25 -26 -27 -28 -29 29 -31
leaf_value=2.9166720038965879e-06 0.0022237438352947884 -0.0040824857347285031 -0.0092332094100614406 0.0064107051288539718 0.0049148426590753455 -0.0017908591873856496 -0.0073227556146405366 0.00012979495649536452 0.0086130207202032866 0.0083098922263492234 -0.00035404165358784621 -0.0075011214579437649 0.0052055923773774082 -0.0075442604558623354 0.001773635589427525 -0.011968600843101741 -0.011454487692725918 0.004250295868736099 0.0081671610643917879 0.00064430460939183837 -0.00041468697532799658 0.0081895117798433982 -0.0060052551815043334 -0.012398052086000859 -0.0070937952097586314 0.0033714899327605963 -0.0048264816225994205 0.01009698827052489 0.0084620667854323987 0.0010681331455342561
leaf_weight=2681 110 22 30 22 21 20 27 30 23 22 141 26 35 23 31 24 26 22 22 50 1073 41 23 23 23 20 21 20 22 488
leaf_count=2681 110 22 30 22 21 20 27 30 23 22 141 26 35 23 31 24 26 22 22 50 1073 41 23 23 23 20 21 20 22 488
internal_value=4.27699e-12 -4.84188e-05 -0.00321953 1.10516e-05 0.000311558 -0.00625627 -1.74662e-05 -0.00340036 2.20471e-05 0.00177956 0.000815324 -4.75943e-05 -0.000624512 -0.000503461 -0.000642031 -0.000530155 -0.000737729 -0.000537177 -0.00269372 -0.00104314 -0.000237454 0.00390381 -0.00278992 -0.00539161 -0.000554851 -0.00164398 -0.000182549 0.0050377 0.000224141 0.00138709
internal_weight=5162 5052 93 4959 43 50 4937 57 4880 186 163 4694 1503 1477 1442 1419 1368 1344 164 138 1180 84 116 66 1096 43 43 51 3191 510
internal_count=5162 5052 93 4959 43 50 4937 57 4880 186 163 4694 1503 1477 1442 1419 1368 1344 164 138 1180 84 116 66 1096 43 43 51 3191 510
is_linear=0
shrinkage=0.1


Tree=40
num_leaves=31
num_cat=0
split_feature=5 5 3 5 7 0 5 1 8 1 1 1 9 9 8 7 8 7 8 1 7 10 8 3 1 6 4 4 10 3
split_gain=0.0523737 0.185307 0.0654319 0.062949 0.0537252 0.0520462 0.113365 0.120061 0.0849926 0.081562 0.0787567 0.108806 0.0775124 0.119111 0.0782045 0.0633444 0.0597999 0.115976 0.0834982 0.120815 0.13828 0.135468 0.170125 0.101241 0.101828 0.0931799 0.0698519 0.26795 0.159886 0.238075
threshold=37339.500000000007 38781.000000000007 40734.500000000007 41501.500000000007 7719943.3450000016 11.500000000000002 48468.000000000007 294.50000000000006 44040.750000000007 246.50000000000003 313.50000000000006 329.50000000000006 47775.500000000007 48860.500000000007 47209.750000000007 3533705.2850000001 76753.750000000015 262661044.84500003 82650.375000000015 275.50000000000006 23678517.030000005 89153.000000000015 79569.125000000015 94241.000000000015 275.50000000000006 92027.250000000015 49127.500000000007 48687.500000000007 62632.500000000007 63781.500000000007
decision_type=2 2 2 2 2 2 2 2 2 2 2 2 2 2 2 2 2 2 2 2 2 2 2 2 2 2 2 2 2 2
left_child=-1 -2 4 -4 -3 9 -7 -8 -9 15 -10 -12 -13 -14 -15 -5 17 26 19 20 -18 22 -22 -20 25 -25 27 -11 29 -28
right_child=1 2 3 5 -6 6 7 8 10 16 11 12 13 14 -16 -17 18 -19 23 -21 21 -23 -24 24 -26 -27 28 -29 -30 -31
leaf_value=0.0022105457423077456 -0.0094200565036208859 -0.0010697059954206149 -0.005515419062049616 -0.0050098313759504402 0.004616648176064094 0.0046613505219283979 0.0073156493560721479 -0.0051761163888370681 -0.0049110963408436096 -0.00088551996775096333 0.0052697178121242257 0.0062379174183921091 -0.0073506392139409266 0.0062992962609444347 0.00012189280896392814 0.00039165899055423019 -0.012388701728828576 0.0062148099402503038 0.0054539378210902217 0.0016409185078615945 -0.0058912621587156678 -0.0096164402144495401 0.0060570476576685909 0.0037159878488940501 -0.0080438473355025058 -0.0031096949379166797 -0.0015271324751255904 -0.011401444174349309 -0.0005049057626516114 0.006110344722886415
leaf_weight=105 21 24 21 22 54 64 24 29 28 787 45 21 21 21 850 1653 23 26 25 30 26 24 22 36 20 45 71 25 903 96
leaf_count=105 21 24 21 22 54 64 24 29 28 787 45 21 21 21 850 1653 23 26 25 30 26 24 22 36 20 45 71 25 903 96
internal_value=-2.29386e-12 -4.58982e-05 -6.80821e-06 -5.20194e-05 0.002867 -2.87803e-05 0.000576562 0.000324949 0.000159651 -0.000202931 0.000316586 0.000469378 0.000232779 9.14021e-05 0.000270831 0.000320714 -0.000609186 -0.000418301 -0.00206022 -0.0038914 -0.00563845 -0.00348212 -0.000414953 -0.000243565 -0.00165384 -7.60581e-05 -0.000509938 -0.00120929 2.0782e-05 0.00286327
internal_weight=5162 5057 5036 4958 78 4937 1103 1039 1015 3834 986 958 913 892 871 1675 2159 1908 251 125 95 72 48 126 101 81 1882 812 1070 167
internal_count=5162 5057 5036 4958 78 4937 1103 1039 1015 3834 986 958 913 892 871 1675 2159 1908 251 125 95 72 48 126 101 81 1882 812 1070 167
is_linear=0
shrinkage=0.1


Tree=41
num_leaves=31
num_cat=0
split_feature=10 10 4 7 7 1 1 7 6 0 7 1 1 7 1 1 1 8 5 0 7 8 9 7 1 5 5 7 4 3
split_gain=0.0437122 0.07758 0.0572501 0.0465295 0.144555 0.23647 0.142691 0.0904297 0.144266 0.0651853 0.0818413 0.109525 0.0729007 0.0892687 0.0767038 0.0770551 0.120854 0.110569 0.0819302 0.0768249 0.105087 0.148742 0.159362 0.103206 0.102498 0.0926989 0.110624 0.0884963 0.0882095 0.0837355
threshold=34512.625000000007 32311.000000000004 24301.500000000004 3984047.6250000005 3722246.7250000001 237.50000000000003 258.50000000000006 4611249.0249999994 49373.850000000006 16.500000000000004 15325213.720000001 504.00000000000006 406.50000000000006 20255443.905000005 401.50000000000006 388.50000000000006 391.50000000000006 71553.125000000015 67820.000000000015 11.500000000000002 12961898.325000001 53144.125000000007 58719.000000000007 4941064.2250000006 370.50000000000006 59033.500000000007 71884.500000000015 5635951.96 42949.500000000007 61701.500000000007
decision_type=2 2 2 2 2 2 2 2 2 2 2 2 2 2 2 2 2 2 2 2 2 2 2 2 2 2 2 2 2 2
left_child=1 2 -1 4 5 -2 -7 8 -5 12 -11 -12 14 -14 15 19 18 -18 -17 23 24 28 -23 -9 -21 -26 -27 -25 29 -22
right_child=3 -3 -4 7 -6 6 -8 9 -10 10 11 -13 13 -15 -16 16 17 -19 -20 20 21 22 -24 27 25 26 -28 -29 -30 -31
leaf_value=0.0017362464067991823 -0.0090234491038315278 0.005348883254364843 -0.0040426730255906781 -0.0011319925623207256 -0.0097068726026918739 0.0092396485945209859 -0.0002281374423406445 -0.0065852266566071198 0.0087591874711991612 0.0062162186777395372 0.0038418577077823715 -0.0045346758121417629 -0.00045893033147203154 -0.0070606255067766398 0.0044330592498514117 -0.011570609827249428 0.0015261669071125134 -0.0063393332064151766 -0.0025190808810293674 0.00062834946446180826 0.0073014231394946342 -0.0076016068791172333 0.0013936015809423434 0.0047955105676212246 0.00066419631968109077 -0.0118267951766029 -0.0015508174803107978 -0.0001863316374437864 0.0096018422875673547 0.00057722652665055966
leaf_weight=60 26 42 24 29 20 20 78 25 30 37 37 27 54 33 38 20 70 24 20 155 31 21 317 36 26 22 20 3743 31 46
leaf_count=60 26 42 24 29 20 20 78 25 30 37 37 27 54 33 38 20 70 24 20 155 31 21 317 36 26 22 20 3743 31 46
internal_value=-1.11261e-11 0.00183971 8.51266e-05 -4.60293e-05 -0.0018177 -0.000545253 0.00170406 6.12124e-06 0.00389742 -4.13827e-05 0.0024724 0.000308008 -9.50371e-05 -0.00296302 -4.13202e-05 -7.82263e-05 -0.00244109 -0.000482046 -0.00704485 -7.44077e-06 0.000980791 0.00186702 0.000834728 -0.000181239 -0.000791671 -0.00402848 -0.00693347 -0.000138873 0.00509772 0.00328437
internal_weight=5162 126 84 5036 144 124 98 4892 59 4833 101 64 4732 87 4645 4607 134 94 40 4473 669 446 338 3804 223 68 42 3779 108 77
internal_count=5162 126 84 5036 144 124 98 4892 59 4833 101 64 4732 87 4645 4607 134 94 40 4473 669 446 338 3804 223 68 42 3779 108 77
is_linear=0
shrinkage=0.1


Tree=42
num_leaves=31
num_cat=0
split_feature=1 1 3 3 3 5 7 4 9 4 9 10 7 7 5 10 7 10 4 7 6 10 5 7 3 1 10 6 6 8
split_gain=0.0426623 0.0697636 0.092856 0.0597981 0.202239 0.151969 0.0659141 0.0768835 0.0722468 0.127816 0.0712772 0.0583029 0.0396531 0.150131 0.103905 0.174548 0.114578 0.140591 0.141968 0.0997776 0.112475 0.101049 0.0935157 0.0846827 0.0708721 0.129199 0.109033 0.148788 0.157182 0.166936
threshold=206.50000000000003 209.50000000000003 71489.000000000015 86956.500000000015 98317.000000000015 82356.000000000015 19446091.845000003 47301.000000000007 40103.000000000007 29131.000000000004 54403.500000000007 52663.000000000007 115696470.425 76771013.685000017 90340.000000000015 84862.375000000015 14022121.59 87872.500000000015 74933.000000000015 20780497.590000004 85504.35000000002 92044.125000000015 87947.500000000015 45317952.920000009 103414.50000000001 279.50000000000006 80303.250000000015 72812.900000000009 68917.200000000012 61991.750000000007
decision_type=2 2 2 2 2 2 2 2 2 2 2 2 2 2 2 2 2 2 2 2 2 2 2 2 2 2 2 2 2 2
left_child=3 2 -2 5 -5 6 8 10 9 -1 11 -8 13 14 15 -3 -16 18 23 -19 -21 -22 -17 -18 25 26 27 28 29 -15
right_child=1 12 -4 4 -6 -7 7 -9 -10 -11 -12 -13 -14 24 16 22 17 19 -20 20 21 -23 -24 -25 -26 -27 -28 -29 -30 -31
leaf_value=-0.002236622557617151 0.00016737351566553117 -7.4772596124648934e-05 -0.0088525800123101187 -0.0083032686908084616 0.0038425963821596115 0.01010647587478161 0.003694003610694498 -0.0017102007676536839 -0.0044682646182843963 0.0074400499995265689 0.0090096196113154305 -0.0023579531523864718 -0.00088685543159954254 0.0020562936306369544 -0.0090161797723599859 0.00019744626867274442 0.0028114570198037353 0.0068015235354488895 -0.011412222488295466 0.0058277866318045806 -0.0059371237152893303 0.00028913201194772698 0.0080570633500450985 -0.0039711535035903698 0.0049913427739914874 -0.0041821902372727272 -0.0018375006735247249 0.009393633223108707 -0.0046066478375465644 0.011714842810761184
leaf_weight=39 25 3508 21 26 29 20 78 36 37 21 20 20 493 170 21 24 24 22 21 24 38 83 41 79 62 38 60 31 31 20
leaf_count=39 25 3508 21 26 29 20 78 36 37 21 20 20 493 170 21 24 24 22 21 24 38 83 41 79 62 38 60 31 31 20
internal_value=1.84376e-12 -7.46413e-05 -0.00395043 0.00110726 -0.00189909 0.0017174 0.00104895 0.00233505 -0.000992918 0.00115021 0.0035692 0.00245891 -3.74207e-05 6.00359e-05 -0.000132453 2.03683e-05 -0.00188255 -0.00136775 -0.00391857 0.000526273 -0.000425834 -0.00166622 0.00515505 -0.00239074 0.00187513 0.00132311 0.00199363 0.00290581 0.00199575 0.00307298
internal_weight=5162 4836 46 326 55 271 251 154 97 60 118 98 4790 4297 3885 3573 312 291 124 167 145 121 65 103 412 350 312 252 221 190
internal_count=5162 4836 46 326 55 271 251 154 97 60 118 98 4790 4297 3885 3573 312 291 124 167 145 121 65 103 412 350 312 252 221 190
is_linear=0
shrinkage=0.1


Tree=43
num_leaves=31
num_cat=0
split_feature=5 5 3 6 3 3 3 3 7 7 7 8 5 10 10 1 8 4 8 10 8 1 10 10 3 5 3 7 9 9
split_gain=0.0414524 0.148177 0.0564624 0.0377241 0.0837389 0.0501899 0.0672738 0.0579884 0.0474866 0.0416806 0.142398 0.184349 0.0925309 0.179067 0.114454 0.115651 0.108516 0.104016 0.16846 0.108357 0.136641 0.120421 0.0995291 0.097621 0.106647 0.0975133 0.093563 0.145396 0.123081 0.103836
threshold=37339.500000000007 38781.000000000007 39091.500000000007 98697.85000000002 126425.50000000001 113185.00000000001 116680.50000000001 111847.50000000001 143444316.14500001 115696470.425 103684044.43000002 72483.500000000015 90340.000000000015 84862.375000000015 92044.125000000015 279.50000000000006 67143.250000000015 63765.500000000007 72235.375000000015 81645.625000000015 80322.500000000015 246.50000000000003 87494.375000000015 86595.000000000015 88494.000000000015 89931.500000000015 99168.000000000015 12417693.220000001 81001.250000000015 78995.750000000015
decision_type=2 2 2 2 2 2 2 2 2 2 2 2 2 2 2 2 2 2 2 2 2 2 2 2 2 2 2 2 2 2
left_child=-1 -2 -3 5 -5 7 8 9 -7 10 12 -12 13 25 16 -16 -14 -18 -19 -20 21 -21 -22 24 -15 26 28 -28 29 -4
right_child=1 2 3 4 -6 6 -8 -9 -10 -11 11 -13 14 23 15 -17 17 18 19 20 22 -23 -24 -25 -26 -27 27 -29 -30 -31
leaf_value=0.0019666066249122934 -0.0084233953750559275 0.0038861644285183555 -0.00010901501072116606 -0.0074270454240666535 0.00044623553752899171 0.0075783267548238794 0.00052331581081932368 -0.0040146757571681126 0.0012379553123277479 -0.0010414978030932511 0.0016038888051099647 0.012042989830176036 0.004161783340184585 0.0032977672936838304 0.003912712134526021 -0.0048324940120801334 -0.0077029579808004208 0.0048127868740508962 -0.008873940410959567 0.0059581336161876426 -0.010677621031010692 -0.0021720785835320703 -0.003050935521416439 1.7695264382795857e-05 0.01350111051928252 0.0069797844532877218 0.010467003237101294 0.00091369720246417064 -0.0068252236340884814 0.0046724580134690297
leaf_weight=105 21 37 3587 22 35 27 156 37 21 382 87 21 23 21 62 20 40 30 29 29 22 49 77 22 20 20 21 66 27 46
leaf_count=105 21 37 3587 22 35 27 156 37 21 382 87 21 23 21 62 20 40 30 29 29 22 49 77 22 20 20 21 66 27 46
internal_value=5.70448e-12 -4.08332e-05 -5.87815e-06 -3.4685e-05 -0.00259257 -5.18286e-06 0.00153063 -7.13092e-05 0.00480441 -4.02722e-05 4.82825e-05 0.00363371 -4.36734e-05 0.000104174 -0.00152991 0.00177974 -0.00243757 -0.00298752 -0.00218829 -0.00320786 -0.00227952 0.000850693 -0.00474575 0.0053915 0.00827501 1.57478e-05 -2.14235e-05 0.00321967 -9.84658e-05 -4.84734e-05
internal_weight=5162 5057 5036 4999 57 4942 204 4738 48 4701 4319 108 4211 3830 381 82 299 276 236 206 177 78 99 63 41 3767 3747 87 3660 3633
internal_count=5162 5057 5036 4999 57 4942 204 4738 48 4701 4319 108 4211 3830 381 82 299 276 236 206 177 78 99 63 41 3767 3747 87 3660 3633
is_linear=0
shrinkage=0.1


Tree=44
num_leaves=31
num_cat=0
split_feature=4 7 7 5 8 4 10 6 9 1 1 7 7 10 5 7 3 5 7 3 1 3 8 1 5 5 5 3 3 9
split_gain=0.0384511 0.0406286 0.10612 0.117816 0.128062 0.106638 0.116017 0.119969 0.119246 0.105292 0.169316 0.100304 0.097446 0.130316 0.159022 0.131228 0.135586 0.104161 0.101252 0.0874287 0.104218 0.0869137 0.120625 0.113568 0.114134 0.140583 0.123449 0.143685 0.0932874 0.145693
threshold=10053.000000000002 115696470.425 76771013.685000017 90340.000000000015 80962.750000000015 74503.500000000015 83632.250000000015 78675.450000000026 80313.000000000015 227.50000000000003 246.50000000000003 50505469.765000008 17334190.040000003 90534.125000000015 104391.50000000001 35607752.220000006 93645.500000000015 97667.000000000015 49248138.380000003 103414.50000000001 279.50000000000006 63007.000000000007 55681.375000000007 261.50000000000006 80852.000000000015 83964.500000000015 88324.500000000015 92864.500000000015 96730.500000000015 77463.250000000015
decision_type=2 2 2 2 2 2 2 2 2 2 2 2 2 2 2 2 2 2 2 2 2 2 2 2 2 2 2 2 2 2
left_child=-1 2 3 4 5 6 7 -2 -8 11 -11 -5 -12 15 18 -14 -17 -18 -15 20 21 -4 -23 24 -24 -26 -27 -28 -29 -30
right_child=1 -3 19 9 -6 -7 8 -9 -10 10 12 -13 13 14 -16 16 17 -19 -20 -21 -22 22 23 -25 25 26 27 28 29 -31
leaf_value=0.004270312170098935 4.6424711881568262e-05 -0.0008527930338751707 -0.0049224315863102682 -0.0016933151786880836 0.0064745612667813411 -0.0062410872705556735 0.010743386038229802 -0.0064106694631406976 0.001246079388790979 0.0037664391151206061 -0.0080547516354946072 -0.011467162297949904 -0.0091141889633780167 0.0074199231089772406 -0.005382254552872231 -0.0070423014191610192 0.0049534469042555431 -0.0036613526716828349 -0.0014113702840404586 0.0048890595857025779 -0.0040956201359025534 0.0046336295111453008 -0.0076595462346449499 0.0051277123730291028 0.0074134639231488112 -0.0065562390039364503 0.0054617375525413091 -0.0066583867529752087 0.0065283174203200778 -0.0051164814404078898
leaf_weight=21 3688 523 20 21 31 27 20 29 39 55 27 21 33 37 24 31 32 25 20 66 37 107 20 44 24 30 40 27 22 21
leaf_count=21 3688 523 20 21 31 27 20 29 39 55 27 21 33 37 24 31 32 25 20 66 37 107 20 44 24 30 40 27 22 21
internal_value=-2.62242e-12 -1.74434e-05 7.7162e-05 -8.18966e-05 7.32842e-05 2.11045e-05 6.58818e-05 -3.95348e-06 0.00446551 -0.00190694 -0.00121582 -0.00658024 -0.00241243 -0.00165825 0.00144612 -0.00373639 -0.00171971 0.00117503 0.00432122 0.00152189 0.000954965 0.00148136 0.00186368 0.000563747 -0.000527636 0.000342109 -0.000870123 0.000680636 -0.00205142 0.000841323
internal_weight=5162 5141 4618 4160 3834 3803 3776 3717 59 326 284 42 229 202 81 121 88 57 57 458 392 355 335 228 184 164 140 110 70 43
internal_count=5162 5141 4618 4160 3834 3803 3776 3717 59 326 284 42 229 202 81 121 88 57 57 458 392 355 335 228 184 164 140 110 70 43
is_linear=0
shrinkage=0.1


Tree=45
num_leaves=31
num_cat=0
split_feature=1 0 1 7 1 10 6 1 7 9 8 9 7 7 5 1 9 4 10 8 10 3 8 4 8 7 1 3 3 1
split_gain=0.0348332 0.0352925 0.064413 0.0776234 0.0603091 0.0553117 0.110354 0.0531943 0.0467652 0.044531 0.058238 0.0634524 0.0496888 0.081561 0.131519 0.142488 0.0921161 0.108024 0.079743 0.0784995 0.0647361 0.0627609 0.073841 0.0557439 0.235563 0.162409 0.109 0.101169 0.082714 0.0811077
threshold=156.50000000000003 16.500000000000004 406.50000000000006 20255443.905000005 403.50000000000006 77666.125000000015 66772.35000000002 416.50000000000006 15651612.450000001 103283.75000000001 92509.875000000015 94344.750000000015 287106057.9600001 155188663.95000002 108579.50000000001 254.50000000000003 73856.250000000015 52984.500000000007 93615.500000000015 63472.250000000007 84862.375000000015 93952.000000000015 47018.875000000007 74503.500000000015 82650.375000000015 16069890.925000001 280.50000000000006 101172.00000000001 100411.00000000001 252.50000000000003
decision_type=2 2 2 2 2 2 2 2 2 2 2 2 2 2 2 2 2 2 2 2 2 2 2 2 2 2 2 2 2 2
left_child=-1 2 4 7 9 6 8 -4 -3 10 11 12 13 14 23 -16 17 21 20 -14 -18 22 -15 27 25 -25 -26 28 -2 -29
right_child=1 5 3 -5 -6 -7 -8 -9 -10 -11 -12 -13 19 16 15 -17 18 -19 -20 -21 -22 -23 -24 24 26 -27 -28 29 -30 -31
leaf_value=0.0032890590613533278 -8.4558038564637455e-06 0.0051752776810617164 -0.0032173115061596039 -0.0065621979224185154 0.0052139347080479969 0.0058861500155180692 -0.0059604428708553321 0.0027677595477413248 -0.00018992262776009741 -0.0034896598222690662 0.0050127934704980127 -0.0044011373083445837 -0.00053832987746731803 -0.0048328349142908482 0.00018036942326881249 0.010482262007892132 -0.0033340639850697098 0.0039003907027654349 0.00026390888683852697 0.0055433665317051661 -0.010536276489997713 -0.0063746818720742506 0.001979679559789053 -0.00074199458223677458 0.0036940527765898772 -0.010385253597050906 -0.0035756518046643274 0.0065047771106229021 -0.0055615193055321777 0.0012748540820622888
leaf_weight=32 4101 33 33 33 22 25 20 27 32 37 23 33 44 26 29 25 24 40 21 41 26 27 41 31 66 40 30 38 27 135
leaf_count=32 4101 33 33 33 22 25 20 27 32 37 23 33 44 26 29 25 24 40 21 41 26 27 41 31 66 40 30 38 27 135
internal_value=1.94049e-12 -2.05165e-05 -5.93429e-05 -0.00266661 -1.01293e-05 0.00175138 0.000535268 -0.00052403 0.00253395 -3.35604e-05 -7.29175e-06 -3.11229e-05 -1.15399e-06 -4.42447e-05 4.41977e-05 0.00494976 -0.00199515 -0.000452146 -0.0049073 0.00239519 -0.00707921 -0.00230429 -0.000663983 -1.50908e-05 -0.00180763 -0.00617482 0.00142227 5.45102e-05 -4.47767e-05 0.00242362
internal_weight=5162 5130 5020 93 4927 110 85 60 65 4905 4868 4845 4812 4727 4522 54 205 134 71 85 50 94 67 4468 167 71 96 4301 4128 173
internal_count=5162 5130 5020 93 4927 110 85 60 65 4905 4868 4845 4812 4727 4522 54 205 134 71 85 50 94 67 4468 167 71 96 4301 4128 173
is_linear=0
shrinkage=0.1


Tree=46
num_leaves=31
num_cat=0
split_feature=5 5 3 3 5 10 7 4 7 8 8 7 5 10 3 4 9 7 9 6 4 4 7 10 8 1 5 10 10 9
split_gain=0.0324223 0.120951 0.0453122 0.0358575 0.174586 0.252412 0.129574 0.0993588 0.13698 0.125224 0.0700467 0.115554 0.0937875 0.0712438 0.0651696 0.145983 0.137752 0.136368 0.16897 0.110499 0.067944 0.0827484 0.0731229 0.0593935 0.159737 0.0783745 0.097276 0.056452 0.120038 0.0740349
threshold=37339.500000000007 38781.000000000007 39091.500000000007 50193.500000000007 56726.500000000007 49979.375000000007 38246011.385000013 29553.500000000004 93939498.200000003 50519.750000000007 35213.000000000007 15325213.720000001 43328.000000000007 42102.000000000007 53161.000000000007 47451.000000000007 50557.500000000007 11769225.805000002 46415.750000000007 47684.750000000007 32827.000000000007 33448.000000000007 45792142.625000007 46145.625000000007 42423.125000000007 236.50000000000003 46670.000000000007 43405.375000000007 45301.500000000007 43652.000000000007
decision_type=2 2 2 2 2 2 2 2 2 2 2 2 2 2 2 2 2 2 2 2 2 2 2 2 2 2 2 2 2 2
left_child=-1 -2 -3 4 5 6 10 8 -5 -10 11 -4 -12 -14 15 16 17 19 -19 -9 22 -22 -16 25 -25 -15 -27 -23 -29 -30
right_child=1 2 3 7 -6 -7 -8 14 9 -11 12 -13 13 23 20 -17 -18 18 -20 -21 21 27 -24 24 -26 26 -28 28 29 -31
leaf_value=0.0017392606318684383 -0.0076095373059312512 0.0034820954850245571 0.0068002686390708049 0.0072564214404620651 0.0073474415854434486 -0.009540401223514761 -0.0082494457651461888 0.011246769635805063 -0.0031667730608565172 0.0055223538747264283 -0.0056439555274616733 -0.00039445141903482949 0.0038033821309606235 -0.0068839143721326698 0.0014676734233153579 -0.0049913940807947751 0.0093081968483226061 0.0019519089201751811 -0.0088637862540781511 0.00098826097590582721 0.0062125321876789841 -0.0052521895850077271 -0.0053899123212128568 0.0086021250672638407 -0.0020681739834315601 0.0043965918781316794 -0.0039752102909343589 0.0069974699833740793 -0.0056331196799874307 -6.2976482416976309e-05
leaf_weight=105 21 37 34 45 24 35 21 21 43 27 38 65 36 31 23 26 29 52 20 21 21 21 48 20 47 23 35 24 24 4145
leaf_count=105 21 37 34 45 24 35 21 21 43 27 38 65 36 31 23 26 29 52 20 21 21 21 48 20 47 23 35 24 24 4145
internal_value=-3.61018e-12 -3.61128e-05 -4.53179e-06 -3.0338e-05 -0.000927546 -0.00144339 -0.000633688 4.96093e-05 0.00295192 0.000184747 -0.000147576 0.00207646 -0.00110488 -0.000206521 -2.49753e-05 0.00190131 0.00315452 0.00158912 -0.00105245 0.00611752 -0.000100577 -4.91443e-05 -0.00316844 -0.00113188 0.00111699 -0.00282485 -0.000655358 -8.03486e-05 -5.44462e-05 -9.50426e-05
internal_weight=5162 5057 5036 4999 409 385 350 4590 115 70 329 99 230 192 4475 169 143 114 72 42 4306 4235 71 156 67 89 58 4214 4193 4169
internal_count=5162 5057 5036 4999 409 385 350 4590 115 70 329 99 230 192 4475 169 143 114 72 42 4306 4235 71 156 67 89 58 4214 4193 4169
is_linear=0
shrinkage=0.1


Tree=47
num_leaves=31
num_cat=0
split_feature=1 1 3 3 3 5 7 4 9 1 10 10 7 1 8 0 1 1 4 3 8 6 7 10 3 1 10 10 3 6
split_gain=0.0304659 0.0524724 0.0708898 0.0473288 0.153257 0.121396 0.0554423 0.0594173 0.0538064 0.0534205 0.123624 0.0486592 0.0477954 0.0332702 0.0524098 0.0345862 0.096255 0.0546868 0.0741537 0.116055 0.0753586 0.220367 0.132522 0.0893966 0.152104 0.141401 0.173538 0.173701 0.132556 0.0960538
threshold=206.50000000000003 209.50000000000003 71489.000000000015 86956.500000000015 98317.000000000015 82356.000000000015 19446091.845000003 47301.000000000007 54403.500000000007 193.50000000000003 39886.125000000007 52663.000000000007 8802466.1000000034 213.50000000000003 45479.125000000007 11.500000000000002 283.50000000000006 376.50000000000006 34253.500000000007 54194.500000000007 72235.375000000015 76165.500000000015 54964207.445000008 72226.750000000015 71489.000000000015 371.50000000000006 69677.500000000015 68249.000000000015 93355.500000000015 54169.900000000001
decision_type=2 2 2 2 2 2 2 2 2 2 2 2 2 2 2 2 2 2 2 2 2 2 2 2 2 2 2 2 2 2
left_child=3 2 -2 5 -5 6 9 8 11 10 12 -8 -1 14 -3 -15 -17 18 19 -18 22 -22 23 24 29 26 27 -26 -25 -20
right_child=1 13 -4 4 -6 -7 7 -9 -10 -11 -12 -13 -14 15 -16 16 17 -19 20 -21 21 -23 -24 28 25 -27 -28 -29 -30 -31
leaf_value=0.0036817807282897687 0.00017352344095706941 -0.0018327616248279813 -0.0077076551260515345 -0.0073138470931623416 0.0032593274585388863 0.0089763996642432172 0.0033091991662214967 -0.0014956056994075576 0.0078724084328860057 0.0020631976183115813 -0.0092400206119054931 -0.0022196285345125947 -0.0031488459225511179 -0.00021239309310962435 0.0044635302315537747 0.0068236562099469739 0.00011360805781025971 -0.00042809797792669834 0.00054947666903899523 0.0094875212740153092 0.012126451030018784 0.00079595798334265331 -0.0074083322497165722 0.001568256181975206 0.0045030501760602755 -0.0040421299733376754 0.012896022113272921 -0.0054366732881005325 -0.0078322988810638587 -0.0048557407390326266
leaf_weight=21 25 20 21 26 29 20 78 36 20 36 20 20 20 3593 39 23 28 545 96 25 21 94 23 30 108 24 20 21 30 50
leaf_count=21 25 20 21 26 29 20 78 36 20 36 20 20 20 3593 39 23 28 545 96 25 21 94 23 30 108 24 20 21 30 50
internal_value=7.93658e-12 -6.30759e-05 -0.00342441 0.00093569 -0.0017389 0.0014785 0.000881062 0.00206059 0.00314554 -0.000991596 -0.00279443 0.00218087 0.000349768 -3.07959e-05 0.00232919 -6.02272e-05 0.000420205 0.000288116 0.000972918 0.00453527 0.000607725 0.002865 -3.80139e-05 0.000409261 0.00107533 0.00308132 0.00422872 0.00288496 -0.00313202 -0.00130163
internal_weight=5162 4836 46 326 55 271 251 154 118 97 61 98 41 4790 59 4731 1138 1115 570 53 517 115 402 379 319 173 149 129 60 146
internal_count=5162 4836 46 326 55 271 251 154 118 97 61 98 41 4790 59 4731 1138 1115 570 53 517 115 402 379 319 173 149 129 60 146
is_linear=0
shrinkage=0.1


Tree=48
num_leaves=31
num_cat=0
split_feature=0 1 7 1 1 1 1 10 5 10 7 6 4 7 4 1 1 3 6 1 6 4 10 6 10 1 4 1 3 4
split_gain=0.0293505 0.0507412 0.0623485 0.0495115 0.0480599 0.0583848 0.043498 0.0388359 0.0562449 0.0429103 0.062555 0.0554674 0.0694049 0.159153 0.110296 0.109746 0.0843716 0.0600016 0.0575631 0.0990996 0.0854469 0.1401 0.152226 0.144405 0.0829796 0.0912201 0.0776083 0.179179 0.180231 0.129109
threshold=16.500000000000004 406.50000000000006 20255443.905000005 403.50000000000006 499.50000000000006 527.50000000000011 416.50000000000006 106777.50000000001 122664.50000000001 99193.500000000015 146006058.32500002 92027.250000000015 78529.000000000015 35607752.220000006 74503.500000000015 242.50000000000003 261.50000000000006 93645.500000000015 86357.200000000012 257.50000000000006 81129.60000000002 67113.500000000015 89503.625000000015 83999.150000000009 87083.375000000015 265.50000000000006 69695.000000000015 267.50000000000006 94241.000000000015 71469.500000000015
decision_type=2 2 2 2 2 2 2 2 2 2 2 2 2 2 2 2 2 2 2 2 2 2 2 2 2 2 2 2 2 2
left_child=1 3 6 7 -2 -6 -3 9 -9 11 -11 12 14 17 18 -16 -17 -14 20 -20 26 -22 23 24 25 -23 -1 29 -29 -28
right_child=4 2 -4 -5 5 -7 -8 8 -10 10 -12 -13 13 -15 15 16 -18 -19 19 -21 21 22 -24 -25 -26 -27 27 28 -30 -31
leaf_value=5.7488026735114823e-05 0.0036685442055126522 -0.0028646530724610346 -0.0058407285166057676 0.0047416488640010359 -0.0031356627432008589 0.0036093080505019146 0.0025475179017693909 -0.0059191799067236763 0.0003720652374128501 -0.00013723783053909289 0.0064943565521389246 -0.003981546081070389 0.0033211707109499175 0.010678873779252172 -0.0090135484915226712 0.0035396381455939266 -0.0035283805745278014 -0.0036294018809238209 -0.0066407681047690641 0.0020238400669768454 -0.002481365722778719 0.0025339235421935366 -0.003295833874321745 0.012679795087720065 -0.0017108171557386716 0.010870653364275184 -0.0031536269655379544 -0.013007040163036436 -0.00074107539283273672 0.0073885554780385321
leaf_weight=4293 56 33 33 22 33 21 27 27 30 33 25 35 27 20 25 24 57 23 33 22 45 35 23 23 21 21 26 25 23 21
leaf_count=4293 56 33 33 22 33 21 27 27 30 33 25 35 27 20 25 24 57 23 33 22 45 35 23 23 21 21 26 25 23 21
internal_value=-1.21097e-11 -3.51855e-05 -0.0023494 8.21486e-06 0.00161597 -0.000512619 -0.000429176 -1.2878e-05 -0.002608 1.74338e-05 0.00272121 -1.50877e-05 1.39129e-05 0.00313961 -3.24723e-05 -0.00322175 -0.00143415 0.000123907 4.08444e-05 -0.00317492 7.96651e-05 0.00229294 0.00403963 0.00572679 0.00364992 0.0056602 -5.07276e-06 -0.00283216 -0.0071296 0.00155671
internal_weight=5162 5052 93 4959 110 54 60 4937 57 4880 58 4822 4787 70 4717 106 81 50 4611 55 4556 168 123 100 77 56 4388 95 48 47
internal_count=5162 5052 93 4959 110 54 60 4937 57 4880 58 4822 4787 70 4717 106 81 50 4611 55 4556 168 123 100 77 56 4388 95 48 47
is_linear=0
shrinkage=0.1


Tree=49
num_leaves=31
num_cat=0
split_feature=1 7 7 7 0 1 1 1 4 3 10 6 1 1 7 1 4 4 4 4 1 9 3 9 8 7 7 8 4 1
split_gain=0.0287164 0.117642 0.0723523 0.0646036 0.0477055 0.080892 0.0520964 0.0519011 0.0659554 0.164956 0.164054 0.261897 0.101184 0.0919299 0.154399 0.0908408 0.0727163 0.223151 0.0788179 0.0776534 0.0778992 0.0836296 0.0938591 0.163544 0.100888 0.0691335 0.0623145 0.102165 0.245255 0.154341
threshold=246.50000000000003 3226549.3250000007 2548221.8050000002 4170940.2900000005 11.500000000000002 301.00000000000006 310.50000000000006 377.50000000000006 35158.000000000007 61857.000000000007 58553.875000000007 56890.55000000001 392.50000000000006 384.50000000000006 16446372.029999999 389.50000000000006 53369.500000000007 51410.500000000007 74084.500000000015 71469.500000000015 388.50000000000006 74458.000000000015 92197.500000000015 67949.500000000015 62493.250000000007 26453512.370000005 9834123.9500000048 53144.125000000007 50928.000000000007 364.50000000000006
decision_type=2 2 2 2 2 2 2 2 2 2 2 2 2 2 2 2 2 2 2 2 2 2 2 2 2 2 2 2 2 2
left_child=1 -1 -2 -3 -4 -6 -7 26 -9 15 12 -12 -11 14 -13 -10 17 -15 19 20 -18 22 23 24 -22 -23 -8 -28 29 -29
right_child=2 3 4 -5 5 6 7 8 9 10 11 13 -14 16 -16 -17 18 -19 -20 -21 21 25 -24 -25 -26 -27 27 28 -30 -31
leaf_value=-0.0049774990144481022 0.0041073569251845283 0.0058257405902788217 -0.00049578549437469276 0.0003730799138376779 0.0051864228324230884 -0.0046562312086197459 -0.00082804511783162631 -0.005000316531707843 0.009848554440490577 -0.01082862215521543 0.010834750346839429 -0.010906575112180277 -0.0024657369734576115 0.001546051747802841 -2.3979716934263708e-05 0.0014330658451493445 0.0062005754676647488 -0.011109246406175027 -0.0038284062656202878 0.0074262059573084113 -0.00044960258528590206 -0.0080063907080329955 0.0054733975074039059 -0.0056946028359899569 0.0087195502151735139 0.00011710058474405247 0.0044054242554809704 -0.001112872654468649 0.0021247755842993903 -0.011744313836838542
leaf_weight=41 39 22 2189 1764 33 22 143 30 23 23 21 22 39 38 32 29 24 22 32 20 30 20 39 35 20 22 98 36 232 22
leaf_count=41 39 22 2189 1764 33 22 143 30 23 23 21 22 39 38 32 29 24 22 32 20 30 20 39 35 20 22 98 36 232 22
internal_value=-8.85121e-12 0.000318665 -0.000174573 0.000440246 -0.000225239 0.000309743 0.000159901 0.000260619 -0.000448484 -0.000170367 -0.000801198 -1.72521e-05 -0.0055681 -0.000657398 -0.00445763 0.0051553 2.21133e-05 -0.00309422 0.000794759 0.00149924 0.00087535 0.000105438 0.00141173 -0.000451861 0.00321806 -0.00375123 0.000956367 0.00161402 0.000670723 -0.00514549
internal_weight=5162 1827 3335 1786 3296 1107 1074 1052 521 491 439 377 62 356 54 52 302 60 242 210 190 166 124 85 50 42 531 388 290 58
internal_count=5162 1827 3335 1786 3296 1107 1074 1052 521 491 439 377 62 356 54 52 302 60 242 210 190 166 124 85 50 42 531 388 290 58
is_linear=0
shrinkage=0.1


Tree=50
num_leaves=31
num_cat=0
split_feature=4 10 10 4 4 3 8 4 8 9 6 1 4 5 1 5 3 3 3 3 4 8 5 8 5 1 7 1 6 9
split_gain=0.027562 0.0297979 0.0599901 0.04589 0.0397915 0.182337 0.164498 0.074636 0.0545669 0.104643 0.0862703 0.0522931 0.0444457 0.0574365 0.145223 0.0548219 0.120504 0.0578515 0.125085 0.115338 0.102378 0.129649 0.11683 0.093348 0.118557 0.119431 0.200327 0.0847243 0.0801393 0.068274
threshold=10053.000000000002 34512.625000000007 32311.000000000004 24301.500000000004 29131.000000000004 45740.500000000007 33307.375000000007 30146.500000000004 34706.500000000007 37800.500000000007 36201.500000000007 256.50000000000006 31329.500000000004 45091.500000000007 238.50000000000003 46238.000000000007 41496.500000000007 51106.000000000007 53343.000000000007 54194.500000000007 47451.000000000007 48111.625000000007 51959.500000000007 39232.875000000007 56726.500000000007 222.50000000000003 11425218.250000002 243.50000000000003 44364.750000000007 40878.000000000007
decision_type=2 2 2 2 2 2 2 2 2 2 2 2 2 2 2 2 2 2 2 2 2 2 2 2 2 2 2 2 2 2
left_child=-1 2 3 -2 5 6 -3 -6 10 -10 -9 -7 -11 14 -14 -15 -17 23 20 -20 21 22 -19 -18 25 -25 -27 -24 29 -21
right_child=1 4 -4 -5 7 11 -8 8 9 12 -12 -13 13 15 -16 16 17 18 19 28 -22 -23 27 24 -26 26 -28 -29 -30 -31
leaf_value=0.0036154321882696377 0.0014642023073473207 -0.0017709760429958502 0.0045899464172266778 -0.0037351140597214304 0.0042991375777637585 0.0025452415513427698 -0.013310682880026953 -0.00088959468546538395 -0.0056013837648446075 -0.0035340969408732947 0.007256679207785055 -0.0021379368159135707 -0.0022703638207167386 -0.0046279823550811183 0.0070921641217569845 0.0077221874025417501 0.0042198041221126912 0.0066701455094984596 -0.0061523774645343846 -0.0013175081707413484 -0.0036463760444894432 0.0097713595970223346 -0.0053456665705079627 0.001995988911949098 0.0033746202460800609 -0.0015381623427138517 -0.0095479238198472663 0.0026647707417366967 -8.4129064053894411e-05 0.0057545950398022357
leaf_weight=21 58 30 42 24 40 64 21 26 34 36 26 38 30 26 37 20 24 35 31 20 20 30 23 32 30 76 53 31 4141 43
leaf_count=21 58 30 42 24 40 64 21 26 34 36 26 38 30 26 37 20 24 35 31 20 20 30 23 32 30 76 53 31 4141 43
internal_value=5.47645e-12 -1.47683e-05 0.0015166 -5.75488e-05 -5.26177e-05 -0.00164052 -0.00652262 -2.66921e-06 -3.83392e-05 -7.34478e-05 0.00318354 0.000800528 -3.37792e-05 -6.97962e-06 0.00289999 -4.90005e-05 -2.31698e-05 -5.6926e-05 2.17927e-05 -7.50897e-05 0.00297357 0.00408616 0.00216981 -0.00165839 -0.00239702 -0.00347248 -0.00482899 -0.000747082 -3.02762e-05 0.00350948
internal_weight=5162 5141 124 82 5017 153 51 4864 4824 4772 52 102 4738 4702 67 4635 4609 4589 4374 4235 139 119 89 215 191 161 129 54 4204 63
internal_count=5162 5141 124 82 5017 153 51 4864 4824 4772 52 102 4738 4702 67 4635 4609 4589 4374 4235 139 119 89 215 191 161 129 54 4204 63
is_linear=0
shrinkage=0.1


Tree=51
num_leaves=31
num_cat=0
split_feature=0 10 6 1 3 3 1 1 3 9 9 9 8 9 10 6 6 6 4 4 7 10 7 9 9 4 7 7 8 6
split_gain=0.0247746 0.0457172 0.0863718 0.0385342 0.0593001 0.0794073 0.0398725 0.089016 0.0580184 0.0365882 0.0610429 0.0320238 0.048571 0.0503406 0.0390705 0.0616863 0.0626428 0.0676783 0.183514 0.0896604 0.13712 0.0925414 0.198144 0.169322 0.0787035 0.101324 0.073451 0.122247 0.073047 0.0728286
threshold=16.500000000000004 77666.125000000015 66772.35000000002 406.50000000000006 72084.500000000015 97437.000000000015 400.50000000000006 397.50000000000006 79206.000000000015 52619.500000000007 61872.500000000007 103283.75000000001 92509.875000000015 94344.750000000015 95182.625000000015 89796.400000000009 87818.300000000003 86357.200000000012 76116.500000000015 76116.500000000015 12748918.225000003 83951.000000000015 54270147.425000012 81001.250000000015 82217.000000000015 72205.000000000015 75012505.250000015 130654572.245 70474.750000000015 81129.60000000002
decision_type=2 2 2 2 2 2 2 2 2 2 2 2 2 2 2 2 2 2 2 2 2 2 2 2 2 2 2 2 2 2
left_child=3 2 9 6 -5 -6 7 11 -8 -2 -11 12 13 14 15 16 17 19 -19 21 -21 23 24 29 -23 -26 -24 -28 -29 -1
right_child=1 -3 -4 4 5 -7 8 -9 -10 10 -12 -13 -14 -15 -16 -17 -18 18 -20 20 -22 22 26 -25 25 -27 27 28 -30 -31
leaf_value=-1.8546752639080916e-05 -0.00095372421298331271 0.0052437614435330042 -0.0053676447039470079 0.0018989395453698106 -0.0063726877521087487 0.00077787394821643831 -0.00087486620247364047 -0.0060997707172646192 0.0056479270569980145 0.0077280536138763026 8.6281076073646551e-06 -0.0029254359973443522 0.0046122213218199168 -0.003886479280437484 0.0022240811304072849 -0.004524625032984962 0.003581165023414152 -0.0099559078924357901 0.0022862105211243033 0.0020511345379054546 -0.0087900613434612751 0.01030065380036831 -0.0042537765474716096 -0.0084118494172192495 -2.4312394089065492e-05 0.008293828530306066 0.0037505763503057617 0.0018536966950209303 -0.0056316471884201753 0.0057499576084823773
leaf_weight=4241 24 25 20 27 41 25 25 24 30 21 20 37 23 33 80 30 49 24 25 20 28 27 34 24 32 27 70 22 32 22
leaf_count=4241 24 25 20 27 41 25 25 24 30 21 20 37 23 33 80 30 49 24 25 20 28 27 34 24 32 27 70 22 32 22
internal_value=5.90326e-12 0.00148467 0.000379052 -3.23265e-05 -0.00204905 -0.00366414 5.49477e-06 -2.45346e-05 0.00268302 0.00214727 0.00396248 5.34363e-06 2.77345e-05 5.85829e-06 3.26908e-05 -4.55401e-06 2.44394e-05 -1.32183e-05 -0.00370993 2.63403e-05 -0.0042729 7.18851e-05 0.0019662 -3.59324e-05 0.00582876 0.00378229 -0.000136199 0.000992814 -0.00258206 1.12227e-05
internal_weight=5162 110 85 5052 93 66 4959 4904 55 65 41 4880 4843 4820 4787 4707 4677 4628 49 4579 48 4531 244 4287 86 59 158 124 54 4263
internal_count=5162 110 85 5052 93 66 4959 4904 55 65 41 4880 4843 4820 4787 4707 4677 4628 49 4579 48 4531 244 4287 86 59 158 124 54 4263
is_linear=0
shrinkage=0.1


Tree=52
num_leaves=31
num_cat=0
split_feature=1 3 8 7 7 7 9 5 3 10 6 6 9 6 6 4 3 3 3 7 1 7 4 4 1 10 10 10 3 9
split_gain=0.0244339 0.0261907 0.0854771 0.0711879 0.131521 0.0468638 0.0329352 0.0322656 0.0725437 0.0622999 0.0554734 0.0407263 0.120751 0.173589 0.114686 0.12979 0.0571906 0.114492 0.0567178 0.0844455 0.0900857 0.125346 0.0723532 0.0750212 0.0936451 0.0627225 0.109857 0.101378 0.0541495 0.158555
threshold=156.50000000000003 122086.00000000001 89687.750000000015 241085511.02500004 37802841.225000009 451566504.90500003 95651.750000000015 118220.50000000001 114089.00000000001 80303.250000000015 87390.250000000015 91046.10000000002 89186.250000000015 87818.300000000003 86357.200000000012 76116.500000000015 112476.50000000001 110393.00000000001 101172.00000000001 13843691.345000004 252.50000000000003 128325940.325 71469.500000000015 65293.500000000007 353.50000000000006 88358.750000000015 89960.625000000015 87083.375000000015 95921.000000000015 68108.500000000015
decision_type=2 2 2 2 2 2 2 2 2 2 2 2 2 2 2 2 2 2 2 2 2 2 2 2 2 2 2 2 2 2
left_child=-1 2 7 4 -3 -5 -4 8 11 -10 -11 12 13 14 16 -16 17 18 25 -20 21 -21 23 24 -22 27 -27 28 -2 -30
right_child=1 3 6 5 -6 -7 -8 -9 9 10 -12 -13 -14 -15 15 -17 -18 -19 19 20 22 -23 -24 -25 -26 26 -28 -29 29 -31
leaf_value=0.0027546817167603877 1.4913553009825655e-05 -0.0031192086404189471 -0.0068939475383123635 -0.0036038356409831482 0.0065942942195207537 0.0023545909461311319 -0.0018642280078590074 -0.0032256588651498243 0.0075046078504427613 -0.0022926221885111019 0.004908461580052972 0.0040751256653720706 -0.0055260334996273738 0.0084744928506552252 -0.010567161051387136 0.00017647748590325532 0.0053324742661789064 -0.0069155692433317505 0.0078477193228900424 0.010585027774795891 -0.0038641672245123323 0.00080450197228377595 -0.0061296344129368671 0.0049374171411963527 0.0043597340397536757 0.0072100547405200138 -0.0019114426397920951 -0.0053889086657565918 0.0031662546724910501 -0.003364129799191342
leaf_weight=32 4207 20 23 33 46 22 30 31 23 23 20 24 40 24 22 23 20 24 20 20 45 38 20 27 20 31 23 36 50 145
leaf_count=32 4207 20 23 33 46 22 30 31 23 23 20 24 40 24 22 23 20 24 20 20 45 38 20 27 20 31 23 36 50 145
internal_value=-1.37939e-12 -1.71832e-05 -5.23014e-05 0.00143659 0.00365081 -0.00122047 -0.00404694 -9.58232e-06 1.0661e-05 0.00330371 0.00105672 -3.40686e-05 -5.44659e-05 -8.82192e-06 -5.14963e-05 -0.00507597 -3.65434e-06 -2.63323e-05 8.98201e-06 0.00170132 0.000978214 0.0041771 -0.000678351 0.000506711 -0.00133374 -6.25995e-05 0.00332497 -0.000103818 -6.05963e-05 -0.00168967
internal_weight=5162 5130 5009 121 66 55 53 4956 4925 66 43 4859 4835 4795 4771 45 4726 4706 4682 190 170 58 112 92 65 4492 54 4438 4402 195
internal_count=5162 5130 5009 121 66 55 53 4956 4925 66 43 4859 4835 4795 4771 45 4726 4706 4682 190 170 58 112 92 65 4492 54 4438 4402 195
is_linear=0
shrinkage=0.1


Tree=53
num_leaves=31
num_cat=0
split_feature=5 5 3 8 10 5 9 10 3 4 9 10 1 5 3 9 7 6 9 7 7 7 1 0 7 1 6 7 4 3
split_gain=0.0232798 0.0917153 0.0347438 0.0355053 0.0466096 0.0987132 0.0397283 0.040589 0.0942966 0.0806591 0.0612441 0.0708216 0.0766082 0.0586188 0.0997502 0.0552106 0.0557273 0.0491133 0.0875722 0.0419582 0.0893143 0.102217 0.113819 0.0900925 0.0662509 0.111327 0.0853493 0.0634905 0.0835813 0.0630916
threshold=37339.500000000007 38781.000000000007 39091.500000000007 29156.000000000004 38966.500000000007 42232.000000000007 37111.250000000007 45025.625000000007 43716.500000000007 31682.500000000004 43652.000000000007 45547.500000000007 244.50000000000003 45091.500000000007 46735.000000000007 40446.000000000007 26710897.720000003 43360.400000000009 44208.250000000007 3984047.6250000005 4611249.0249999994 5205512.9300000006 277.50000000000006 11.500000000000002 6018822.1300000008 256.50000000000006 44123.55000000001 2853318.6050000004 53644.000000000007 51106.000000000007
decision_type=2 2 2 2 2 2 2 2 2 2 2 2 2 2 2 2 2 2 2 2 2 2 2 2 2 2 2 2 2 2
left_child=-1 -2 -3 -4 -5 -6 -7 8 -8 -10 11 -9 -13 -11 -15 -16 -17 -12 -19 27 23 22 -22 -21 25 -23 -26 -20 -29 -28
right_child=1 2 3 4 5 6 7 10 9 13 17 12 -14 14 15 16 -18 18 19 20 21 24 -24 -25 26 -27 29 28 -30 -31
leaf_value=0.0014737797302326987 -0.0066254905824150367 0.0030499704414978625 -0.0035145641775419915 0.0022370136708819441 -0.0064446771051734691 -0.0040740609789888067 -0.0041140478021199148 0.0021375496732071045 0.0055573875845875594 0.0048513757243442042 -0.004837991155329205 -0.00097192861139774325 -0.0085770627613075915 -0.0065337486471980823 -0.002430810403191196 0.00093258004053495833 0.0072153718024492268 0.0064518792421690051 0.00058269392838701604 0.0094701734464615588 -0.010378869744017721 0.0089877855837006467 -0.00034461421175644948 0.00029319636321262178 0.0059299480325231951 0.00020656269265427476 -0.0023920776127072585 -0.0076458337774965917 0.00025725957897046339 1.3576741900059548e-05
leaf_weight=105 21 37 29 91 24 24 28 20 50 30 21 26 27 20 29 48 20 21 50 20 20 22 26 23 24 42 112 32 23 4097
leaf_count=105 21 37 29 91 24 24 28 20 50 30 21 26 27 20 29 48 20 21 50 20 20 22 26 23 24 42 112 32 23 4097
internal_value=1.15775e-11 -3.06005e-05 -3.09998e-06 -2.56972e-05 -5.33965e-06 -4.71626e-05 -1.55374e-05 4.62501e-06 0.00131609 0.00208789 -5.94391e-05 -0.00293287 -0.00484624 0.000907783 -0.000103395 0.00122245 0.00278046 -1.3165e-05 9.29099e-06 -2.08347e-05 2.64584e-05 -1.84436e-05 -0.00470733 0.00456156 3.17517e-05 0.00322511 -1.65297e-05 -0.00199633 -0.0043409 -5.04369e-05
internal_weight=5162 5057 5036 4999 4970 4879 4855 4831 225 197 4606 73 53 147 117 97 68 4533 4512 4491 4386 4343 46 43 4297 64 4233 105 55 4209
internal_count=5162 5057 5036 4999 4970 4879 4855 4831 225 197 4606 73 53 147 117 97 68 4533 4512 4491 4386 4343 46 43 4297 64 4233 105 55 4209
is_linear=0
shrinkage=0.1


Tree=54
num_leaves=31
num_cat=0
split_feature=7 0 7 7 1 7 7 7 1 1 1 7 1 4 1 8 3 6 10 8 6 1 9 8 6 5 3 9 1 4
split_gain=0.022225 0.0757844 0.0594711 0.0743106 0.0356835 0.0654486 0.0660191 0.151231 0.0663929 0.0723192 0.142692 0.115737 0.106248 0.0899141 0.13187 0.0828389 0.112879 0.102351 0.159403 0.119286 0.115115 0.0819872 0.195512 0.305364 0.104304 0.0757135 0.0624697 0.109082 0.0511124 0.0817662
threshold=2248139.7300000004 11.500000000000002 2853318.6050000004 3226549.3250000007 243.50000000000003 4170940.2900000005 9514295.5500000026 8971981.9250000026 156.50000000000003 234.50000000000003 236.50000000000003 16639258.389999999 240.50000000000003 62760.000000000007 237.50000000000003 58340.250000000007 81464.000000000015 55535.450000000004 63112.750000000007 47018.875000000007 44962.05000000001 232.50000000000003 59603.750000000007 47662.500000000007 70789.60000000002 96571.500000000015 65735.000000000015 67346.250000000015 210.50000000000003 36668.500000000007
decision_type=2 2 2 2 2 2 2 2 2 2 2 2 2 2 2 2 2 2 2 2 2 2 2 2 2 2 2 2 2 2
left_child=1 -1 -2 -4 5 -5 7 28 -8 21 26 12 -12 14 -13 17 -17 19 -19 20 -16 -10 23 -23 -24 -15 -11 -28 -7 -30
right_child=2 -3 3 4 -6 6 8 -9 9 10 11 13 -14 25 15 16 -18 18 -20 -21 -22 22 24 -25 -26 -27 27 -29 29 -31
leaf_value=-0.0063411123309792443 0.0037662771242182886 0.0021641604776959865 -0.005948500869618286 0.0060911789257079366 -0.00016636963704022285 0.0034148626140709636 0.005868457188404611 -0.0093463115732778206 0.00028718198850604727 0.0010481646905342737 0.0098039324432611478 -0.0048095118986176593 0.00038617141848511027 -0.0074832375208363656 0.0042160544477935344 0.0087664366809322557 0.00067628228205389212 -0.0097811404407756146 0.0012392888179913696 0.0073285311855601542 -0.0049353223983888278 -0.00052597870857551182 0.0060603800167043052 -0.016359790325874375 -0.0028969379947878997 -0.00048001218881261977 0.012816871537572959 0.0034072906444115301 -0.0053521369186723062 0.00084413958656225823
leaf_weight=22 42 20 21 20 3480 28 23 22 860 21 25 35 23 26 28 34 35 21 35 33 27 29 26 21 26 38 22 28 34 57
leaf_count=22 42 20 21 20 3480 28 23 22 860 21 25 35 23 26 28 34 35 21 35 33 27 29 26 21 26 38 22 28 34 57
internal_value=-1.09529e-11 -0.00229098 1.87932e-05 -1.22021e-05 1.24493e-05 0.000407053 0.000334039 -0.0017295 0.000539519 0.000451532 0.001528 0.000719944 0.00529126 1.66656e-05 0.00087905 0.00181379 0.00466274 0.00044867 -0.00289337 0.00257542 -0.00027644 -3.07515e-05 -0.00271137 -0.00717618 0.00158172 -0.00332507 0.00562517 0.00754751 -0.000321349 -0.00147095
internal_weight=5162 42 5120 5078 5057 1577 1557 141 1416 1393 431 360 48 312 248 213 69 144 56 88 55 962 102 50 52 64 71 50 119 91
internal_count=5162 42 5120 5078 5057 1577 1557 141 1416 1393 431 360 48 312 248 213 69 144 56 88 55 962 102 50 52 64 71 50 119 91
is_linear=0
shrinkage=0.1


Tree=55
num_leaves=31
num_cat=0
split_feature=8 3 7 1 1 3 4 6 3 1 8 4 7 6 10 4 1 10 9 7 9 3 7 7 7 8 6 9 6 9
split_gain=0.0219394 0.0292794 0.0593628 0.0834037 0.161566 0.0501354 0.0472365 0.0791427 0.0527346 0.0394425 0.0354186 0.0355713 0.0736915 0.0575458 0.144137 0.0812022 0.0767452 0.0736575 0.175177 0.150616 0.157542 0.102822 0.07589 0.0555247 0.0562484 0.0454968 0.109417 0.157732 0.0832222 0.103983
threshold=96994.750000000015 113185.00000000001 155188663.95000002 364.50000000000006 383.50000000000006 111847.50000000001 67499.000000000015 82226.250000000015 123759.50000000001 231.50000000000003 89687.750000000015 78529.000000000015 20466003.050000004 86357.200000000012 93615.500000000015 76116.500000000015 259.50000000000006 83951.000000000015 81001.250000000015 54270147.425000012 81742.000000000015 91922.000000000015 75012505.250000015 130654572.245 101560054.86500002 77475.375000000015 78675.450000000026 78995.750000000015 78142.10000000002 77750.750000000015
decision_type=2 2 2 2 2 2 2 2 2 2 2 2 2 2 2 2 2 2 2 2 2 2 2 2 2 2 2 2 2 2
left_child=1 5 3 -3 -5 10 7 9 -8 -4 11 13 -13 15 16 17 -15 18 25 20 -19 -22 -21 24 -24 26 28 -28 29 -1
right_child=-2 2 6 4 -6 -7 8 -9 -10 -11 -12 12 -14 14 -16 -17 -18 19 -20 22 21 -23 23 -25 -26 -27 27 -29 -30 -31
leaf_value=7.0478901264737156e-05 -0.0023939551025825116 0.0051229043820057996 0.0014969968481454998 -0.0068456308206632024 0.0054171340540051464 -0.0036510673106500977 -0.0064656252671160142 0.0052887085076820644 0.00038261546388916351 -0.004783332329243422 -0.0035509891500363927 0.0057510733269737109 -0.0010354698068113066 -0.011111238906159997 0.0025339145197308269 -0.0052483782589692503 -0.0024557226448364204 0.012712403330286698 -0.0085504589524740982 -0.0041761704913473559 0.0064519736175002026 -0.0017869625506656513 0.00033949506210370194 -0.0015816065615085377 0.0062024321725281583 0.0046596615530905272 -0.010980615580708467 0.00062926526507362727 0.0056864710797806493 -0.0040876376444519665
leaf_weight=4269 38 64 20 21 22 38 22 28 23 20 28 32 32 20 29 29 21 21 24 35 33 28 36 44 30 21 22 25 26 61
leaf_count=4269 38 64 20 21 22 38 22 28 23 20 28 32 32 20 29 29 21 21 24 35 33 28 36 44 30 21 22 25 26 61
internal_value=1.35385e-13 1.77538e-05 0.00114636 0.00283444 -0.000571658 -3.28768e-05 -0.000452093 0.00121113 -0.00296541 -0.00164317 -4.6213e-06 1.59034e-05 0.0023578 -1.5492e-05 -0.00286159 2.68607e-05 -0.00667793 5.95841e-05 -3.00862e-05 0.00181665 0.00524196 0.00267017 -0.000120427 0.00117004 0.00300447 1.61365e-05 -6.0107e-06 -0.00480515 4.57706e-05 1.19004e-05
internal_weight=5162 5124 220 107 43 4904 113 68 45 40 4866 4838 64 4774 70 4704 41 4675 4448 227 82 61 145 110 66 4424 4403 47 4356 4330
internal_count=5162 5124 220 107 43 4904 113 68 45 40 4866 4838 64 4774 70 4704 41 4675 4448 227 82 61 145 110 66 4424 4403 47 4356 4330
is_linear=0
shrinkage=0.1


Tree=56
num_leaves=31
num_cat=0
split_feature=4 7 7 3 4 10 7 6 10 10 8 8 9 1 7 7 3 5 4 4 5 7 7 1 9 8 9 6 4 5
split_gain=0.0217487 0.0278645 0.102041 0.0649236 0.0631759 0.185823 0.181639 0.153416 0.0985127 0.101558 0.0994128 0.138505 0.0712448 0.0517255 0.0396627 0.105773 0.0861536 0.101095 0.106787 0.0725695 0.0695221 0.0651809 0.0750933 0.146287 0.173684 0.14354 0.113466 0.14381 0.123577 0.142916
threshold=10053.000000000002 110988510.48999999 103684044.43000002 88958.500000000015 52984.500000000007 70563.500000000015 125478759.82500003 62854.850000000006 56035.000000000007 73798.500000000015 57461.500000000007 53820.875000000007 51697.250000000007 255.50000000000003 71041605.000000015 64245437.559999995 69124.000000000015 83964.500000000015 47301.000000000007 88369.500000000015 104391.50000000001 63593784.825000018 49898302.250000007 237.50000000000003 69754.500000000015 47853.875000000007 65784.500000000015 62001.30000000001 53231.000000000007 86105.000000000015
decision_type=2 2 2 2 2 2 2 2 2 2 2 2 2 2 2 2 2 2 2 2 2 2 2 2 2 2 2 2 2 2
left_child=-1 2 14 -4 6 -6 7 -3 -8 10 11 12 -10 -11 15 19 -17 18 -18 20 21 22 -2 24 25 -24 27 -25 -28 -30
right_child=1 4 3 -5 5 -7 8 -9 9 13 -12 -13 -14 -15 -16 16 17 -19 -20 -21 -22 -23 23 26 -26 -27 28 -29 29 -31
leaf_value=0.003211603615255583 0.00012112552072297279 -0.0026534019351198246 0.00049819706926225785 0.0062543111918277527 0.0096278341114521028 -0.00035074449199173387 0.0039242926210863519 -0.014038058044388891 0.00036780926060270183 -0.00037222240789560603 -0.0078445003240961916 0.0042559616058936408 -0.006782897177043579 0.0061106009327340878 0.00088572097274110381 0.0025361581602030333 -0.0022058363485319369 -0.00079684048632771014 -0.010081273770063287 -0.0059985154226887974 0.005921311406418682 0.0057040430472079613 -0.0010826553888618948 -0.0030703354523806598 -0.0051428889079640312 0.008624090566090906 0.0067270830378402023 -0.011494352153502405 -0.0070946858703557943 0.00064409723567465942
leaf_weight=21 3470 29 36 43 20 279 40 20 22 32 33 29 38 20 460 27 33 64 36 20 20 20 25 107 24 39 20 25 35 75
leaf_count=21 3470 29 36 43 20 279 40 20 22 32 33 29 38 20 460 27 33 64 36 20 20 20 25 107 24 39 20 25 35 75
internal_value=1.36001e-11 -1.31188e-05 6.84426e-05 0.00363127 -0.000677655 0.000316719 -0.00180814 -0.0073002 -0.000550614 -0.00157933 -0.00315659 -0.00141838 -0.00416097 0.00212117 5.89513e-06 -9.42831e-05 -0.002614 -0.00365952 -0.00631476 9.62278e-06 4.0753e-05 1.01251e-05 -1.9686e-05 -0.00141573 0.00211186 0.00483239 -0.00260057 -0.00466579 -0.000503577 -0.00181824
internal_weight=5162 5141 4579 79 562 299 263 49 214 174 122 89 60 52 4500 4040 160 133 69 3880 3860 3840 3820 350 88 64 262 132 130 110
internal_count=5162 5141 4579 79 562 299 263 49 214 174 122 89 60 52 4500 4040 160 133 69 3880 3860 3840 3820 350 88 64 262 132 130 110
is_linear=0
shrinkage=0.1


Tree=57
num_leaves=31
num_cat=0
split_feature=0 1 4 1 7 1 1 3 1 10 5 3 7 7 10 10 1 4 9 4 4 4 4 6 9 10 6 4 3 5
split_gain=0.0216873 0.0399179 0.0491584 0.0337729 0.0523215 0.0339763 0.0692388 0.048444 0.033479 0.0253031 0.0355442 0.0351925 0.0742563 0.116088 0.0666525 0.134463 0.103712 0.0582788 0.0683006 0.0670605 0.0611309 0.0309677 0.275394 0.136965 0.0792565 0.205028 0.171457 0.112798 0.103721 0.1187
threshold=16.500000000000004 499.50000000000006 55210.500000000007 406.50000000000006 20255443.905000005 400.50000000000006 397.50000000000006 79206.000000000015 416.50000000000006 106777.50000000001 122664.50000000001 108365.50000000001 17334190.040000003 155188663.95000002 97908.750000000015 82582.250000000015 243.50000000000003 76116.500000000015 84462.000000000015 64798.500000000007 81017.000000000015 61612.000000000007 62489.500000000007 74315.050000000003 73233.500000000015 76797.625000000015 72812.900000000009 66238.000000000015 83000.500000000015 74493.500000000015
decision_type=2 2 2 2 2 2 2 2 2 2 2 2 2 2 2 2 2 2 2 2 2 2 2 2 2 2 2 2 2 2
left_child=3 -2 -3 5 8 6 9 -7 -5 11 -11 21 -13 17 15 -15 -17 18 19 -14 -19 -1 23 -23 26 -26 28 -28 29 -24
right_child=1 2 -4 4 -6 7 -8 -9 -10 10 -12 12 13 14 -16 16 -18 20 -20 -21 -22 22 24 -25 25 -27 27 -29 -30 -31
leaf_value=9.3625923584818391e-05 0.0032597267954510506 -0.0036819163530778425 0.0023565960449299646 -0.0022958740874221835 -0.0051165556930231329 -0.00077429249137640007 -0.005380573742634928 0.0051860447321087121 0.0024522580465094913 -0.0047230375033837785 0.00027822343943019706 -0.0045475444978191745 0.00054805000761040939 0.002350441788943359 0.0037593289708288818 -5.4748666007071729e-05 -0.0094832092440421036 0.0097392170690000068 -0.0023022588267922403 0.0076635064772115312 0.0027404275101919969 -0.0095786758562705181 0.0064858831403802877 0.00010407692531035061 -0.0065192245153917212 -7.1639621598905482e-05 0.0024630576786067752 0.012109261082315987 -0.0036915596793679634 -0.00044214640260685847
leaf_weight=3654 56 26 28 33 33 25 24 30 27 27 30 21 27 39 26 20 28 26 25 26 24 48 36 21 54 569 27 22 51 79
leaf_count=3654 56 26 28 33 33 25 24 30 27 27 30 21 27 39 26 20 28 26 25 26 24 48 36 21 54 569 27 22 51 79
internal_value=-3.23945e-12 0.00138909 -0.000550836 -3.02454e-05 -0.00191827 5.16226e-06 -2.2558e-05 0.0024768 -0.000159215 3.7929e-06 -0.00209079 2.85475e-05 0.0011556 0.00165256 -0.000683319 -0.00201101 -0.00555468 0.0037147 0.00200631 0.00403865 0.0063798 -3.61946e-05 -0.000559198 -0.00663175 -5.9191e-05 -0.000630499 0.00159627 0.00679401 6.20041e-05 0.00172663
internal_weight=5162 110 54 5052 93 4959 4904 55 60 4880 57 4823 262 241 113 87 48 128 78 53 50 4561 907 69 838 623 215 49 166 115
internal_count=5162 110 54 5052 93 4959 4904 55 60 4880 57 4823 262 241 113 87 48 128 78 53 50 4561 907 69 838 623 215 49 166 115
is_linear=0
shrinkage=0.1


Tree=58
num_leaves=31
num_cat=0
split_feature=1 1 0 3 1 1 7 3 7 3 5 8 3 4 8 0 7 7 1 7 7 7 8 3 8 7 7 1 7 7
split_gain=0.0200424 0.0341102 0.0446459 0.0522127 0.0284526 0.0703439 0.0693777 0.0975383 0.0669719 0.118596 0.0672869 0.076397 0.06409 0.0527647 0.0484029 0.0413059 0.0710277 0.071358 0.056489 0.0515887 0.0652995 0.0512309 0.0852689 0.133252 0.0961544 0.115744 0.0751441 0.11135 0.144767 0.0935475
threshold=527.50000000000011 504.00000000000006 16.500000000000004 93355.500000000015 388.50000000000006 391.50000000000006 32605791.100000005 104521.00000000001 6615925.7400000012 92864.500000000015 75975.500000000015 62493.250000000007 67820.500000000015 58986.000000000007 60485.750000000007 11.500000000000002 2248139.7300000004 2853318.6050000004 283.50000000000006 3984047.6250000005 4611249.0249999994 12961898.325000001 53144.125000000007 69516.000000000015 43193.000000000007 23447163.085000005 8550662.6050000023 379.50000000000006 9514295.5500000026 11769225.805000002
decision_type=2 2 2 2 2 2 2 2 2 2 2 2 2 2 2 2 2 2 2 2 2 2 2 2 2 2 2 2 2 2
left_child=1 2 4 -4 15 14 7 8 13 10 11 12 -10 -7 -6 16 -1 -18 -17 -19 -21 26 24 -24 -23 -26 -20 28 -28 -30
right_child=-2 -3 3 -5 5 6 -8 -9 9 -11 -12 -13 -14 -15 -16 18 17 19 21 20 -22 22 23 -25 25 -27 27 -29 29 -31
leaf_value=-0.0057621442913924435 0.0030830424012882368 -0.0036254828294309291 0.00031635315819202286 0.0062006741850636898 -0.0081588617126856534 0.00098426079615213297 -0.0041984935506032064 -0.0062239713221788409 0.0034321097081855818 0.008778775754668143 -0.0042050210470777191 0.0067921220175921927 -0.0026639097237161229 -0.0058795103271092686 -0.0014469081281938336 0.005594391108531019 0.0051572585191864244 -0.0034281192863683989 0.00088234355853919694 0.004439173272112385 -9.6640740689581009e-05 -0.0010064760005722444 -0.0074478455213829869 0.00097465830923639798 0.0096460528835352211 0.0016815483253190503 -0.0075747905143847064 -0.0084840057844606537 0.0044252567591943912 -0.0029592540757409462
leaf_weight=22 21 26 38 25 21 24 39 20 34 23 21 25 35 21 22 23 26 46 169 32 3898 30 20 309 37 36 24 24 42 29
leaf_count=22 21 26 38 25 21 24 39 20 34 23 21 25 35 21 22 23 26 46 169 32 3898 30 20 309 37 36 24 24 42 29
internal_value=5.21585e-12 -1.25936e-05 5.771e-06 0.0026514 -2.72208e-05 -0.000997796 -0.000335553 0.000406588 0.00113124 0.00222365 0.00091263 0.00205594 0.000339926 -0.00221883 -0.00472484 3.0806e-05 -9.56819e-05 -6.45319e-05 0.00071585 -9.86785e-05 -5.97079e-05 0.000560007 0.00124875 0.000462652 0.00375966 0.00571835 -0.000473099 -0.00239806 -0.000860553 0.00140905
internal_weight=5162 5141 5115 63 5052 285 242 203 183 138 115 94 69 45 43 4767 4024 4002 743 3976 3930 720 432 329 103 73 288 119 95 71
internal_count=5162 5141 5115 63 5052 285 242 203 183 138 115 94 69 45 43 4767 4024 4002 743 3976 3930 720 432 329 103 73 288 119 95 71
is_linear=0
shrinkage=0.1


Tree=59
num_leaves=31
num_cat=0
split_feature=4 7 7 7 5 9 9 4 10 8 3 9 7 6 7 5 8 3 5 7 7 8 4 3 6 10 8 4 5 7
split_gain=0.0180916 0.0230239 0.0820057 0.0650414 0.119825 0.0926695 0.132952 0.112586 0.152334 0.150394 0.2773 0.0963387 0.0932498 0.0963357 0.0860555 0.0810461 0.0791933 0.0698797 0.0836339 0.0697766 0.0996778 0.0672112 0.0710847 0.0798094 0.0634136 0.0553083 0.114959 0.0549587 0.0541921 0.0537976
threshold=10053.000000000002 115696470.425 121096119.98000002 71041605.000000015 63014.500000000007 58007.250000000007 56597.000000000007 50355.000000000007 75249.375000000015 62120.500000000007 94537.000000000015 65527.500000000007 75012505.250000015 72812.900000000009 64245437.559999995 86792.000000000015 56833.500000000007 69124.000000000015 76765.500000000015 81773108.825000018 86270606.63000001 80562.125000000015 67499.000000000015 96730.500000000015 55360.450000000004 55615.625000000007 47336.500000000007 88369.500000000015 104391.50000000001 63593784.825000018
decision_type=2 2 2 2 2 2 2 2 2 2 2 2 2 2 2 2 2 2 2 2 2 2 2 2 2 2 2 2 2 2
left_child=-1 3 -3 14 -5 6 24 11 9 15 -11 16 -10 -14 27 -9 -7 -16 -19 -15 -21 22 23 -22 -6 -4 -27 28 29 -2
right_child=1 2 25 4 5 7 -8 8 12 10 -12 -13 13 19 17 -17 -18 18 -20 20 21 -23 -24 -25 -26 26 -28 -29 -30 -31
leaf_value=0.0029291657376147454 -1.6010047328854283e-05 -0.0050520556281881939 0.0032761517619655936 -0.0045353036787774831 0.0036621123110541168 -0.001788618732825853 0.010880285907875408 0.0047968939259382237 -0.0056790464129298926 0.017061496572569012 0.00079202292487025273 0.0023814884587549249 -0.0041709779987506796 0.0053293911740183832 0.0022828437189606056 -0.0024212149795078274 -0.0094814604128022565 -0.0071901880007667037 -0.0016818486021119051 -0.0055388571419329805 -0.0011363586597144604 0.0063935884572565551 -0.003638737352905862 0.0062205155990247077 -0.0023129233219863279 -0.0064793925431947553 -0.00016536782924285107 -0.0052175258658826353 0.0052299999073147779 0.0051839547394774855
leaf_weight=21 3820 39 40 36 78 32 22 35 25 22 20 26 33 41 27 28 23 39 94 22 30 25 28 29 23 31 413 20 20 20
leaf_count=21 3820 39 40 36 78 32 22 35 25 22 20 26 33 41 27 28 23 39 94 22 30 25 28 29 23 31 413 20 20 20
internal_value=4.27566e-12 -1.19651e-05 -0.000640807 5.92529e-05 0.00105144 0.00142252 0.00383588 0.00071406 0.00151651 0.00467896 0.00931413 -0.00263445 9.13777e-05 0.000784938 -8.2699e-05 0.00158885 -0.00500563 -0.00235546 -0.00329708 0.00171948 0.000614958 0.00182374 0.00051057 0.00247973 0.00230146 -0.000285355 -0.000606212 1.10232e-05 3.81142e-05 1.10731e-05
internal_weight=5162 5141 523 4618 578 542 123 419 338 105 42 81 233 208 4040 63 55 160 133 175 134 112 87 59 101 484 444 3880 3860 3840
internal_count=5162 5141 523 4618 578 542 123 419 338 105 42 81 233 208 4040 63 55 160 133 175 134 112 87 59 101 484 444 3880 3860 3840
is_linear=0
shrinkage=0.1


Tree=60
num_leaves=31
num_cat=0
split_feature=5 5 3 5 7 9 8 10 5 5 4 7 8 4 7 1 1 8 10 3 3 4 5 7 10 3 8 8 3 3
split_gain=0.0178576 0.068496 0.0286679 0.0490693 0.0434871 0.0300129 0.0636736 0.05627 0.0340148 0.0931686 0.0425 0.0673042 0.10941 0.047947 0.148034 0.0588688 0.0898938 0.056997 0.118395 0.0585095 0.11119 0.101064 0.0976322 0.09404 0.082078 0.0652147 0.203501 0.226833 0.105942 0.107289
threshold=37339.500000000007 38781.000000000007 40734.500000000007 41501.500000000007 7719943.3450000016 35004.250000000007 33745.500000000007 34512.625000000007 43328.000000000007 45091.500000000007 29553.500000000004 93939498.200000003 50519.750000000007 32827.000000000007 22537698.550000004 258.50000000000006 223.50000000000003 39232.875000000007 43779.625000000007 51106.000000000007 53343.000000000007 47451.000000000007 56726.500000000007 13646267.050000003 48205.500000000007 57257.500000000007 54869.875000000007 52514.000000000007 61857.000000000007 64894.000000000007
decision_type=2 2 2 2 2 2 2 2 2 2 2 2 2 2 2 2 2 2 2 2 2 2 2 2 2 2 2 2 2 2
left_child=-1 -2 4 -4 -3 7 -7 -5 -8 -10 11 -11 -13 14 -12 16 -16 -15 -19 22 21 -21 23 -20 -25 26 27 -22 -27 -30
right_child=1 2 3 5 -6 6 8 -9 9 10 13 12 -14 17 15 -17 -18 18 19 20 25 -23 -24 24 -26 28 -28 -29 29 -31
leaf_value=0.0012907877818465101 -0.0057260714693083657 -0.0016426149057224395 -0.0048565846734813286 0.00099287259464080524 0.0034733204369398734 0.0042634318731091169 -0.0030796136293146348 -0.005467680370410173 0.0048735442810142653 0.0053199340191081562 0.0053001565903070431 -0.0039212109150618991 0.0046622915344347281 0.0026167799325048694 -0.00054596115258477985 7.7510939445346597e-05 -0.0086984375206827138 -0.0077529304567724479 -0.0013102502300681776 0.0044350987128079092 -0.0015645688882800477 -0.0033789617102593186 0.0032631809110171164 -0.0026306039823049852 -0.011481999717652798 0.0017769853215219148 0.0065545709669375084 -0.011965459012814489 -0.0020118404470108957 4.2759920691950253e-05
leaf_weight=105 21 24 21 26 54 35 36 28 39 38 21 33 27 80 21 24 38 20 114 96 166 20 32 22 20 323 26 24 275 3353
leaf_count=105 21 24 21 26 54 35 36 28 39 38 21 33 27 80 21 24 38 20 114 96 166 20 32 22 20 323 26 24 275 3353
internal_value=1.35314e-11 -2.6801e-05 -3.03518e-06 -3.29612e-05 0.00189919 -1.24435e-05 1.34849e-05 -0.00235704 -1.71974e-05 5.71341e-06 -3.40615e-05 0.00202693 -5.86348e-05 -7.72652e-05 -0.00220041 -0.00409814 -0.00579671 -2.89592e-05 -7.60888e-05 -4.17482e-05 3.40424e-05 0.00308785 -0.0017684 -0.00280052 -0.00684555 -5.09687e-05 -0.00174292 -0.00287837 4.15298e-05 -0.000112977
internal_weight=5162 5057 5036 4958 78 4937 4883 54 4848 4812 4773 98 60 4675 104 83 59 4571 4491 4471 4283 116 188 156 42 4167 216 190 3951 3628
internal_count=5162 5057 5036 4958 78 4937 4883 54 4848 4812 4773 98 60 4675 104 83 59 4571 4491 4471 4283 116 188 156 42 4167 216 190 3951 3628
is_linear=0
shrinkage=0.1


Tree=61
num_leaves=31
num_cat=0
split_feature=9 10 3 3 3 6 4 3 7 4 5 5 6 3 8 10 3 5 10 1 5 9 10 6 1 3 8 4 4 8
split_gain=0.017978 0.143927 0.242904 0.188368 0.143997 0.154942 0.117487 0.0971076 0.116106 0.151122 0.112208 0.110519 0.102547 0.114254 0.103864 0.113631 0.107305 0.109573 0.0901798 0.0762274 0.137137 0.130839 0.0983471 0.22027 0.0648711 0.0634504 0.0612934 0.084178 0.0706891 0.0828353
threshold=61737.250000000007 65548.750000000015 78386.500000000015 86336.500000000015 70949.500000000015 61010.750000000007 52678.000000000007 67820.500000000015 20780497.590000004 52130.500000000007 70811.500000000015 68475.000000000015 62854.850000000006 69805.500000000015 58039.250000000007 67223.875000000015 80147.000000000015 74306.000000000015 64621.125000000007 259.50000000000006 62714.500000000007 59768.750000000007 60724.750000000007 61277.05000000001 310.50000000000006 74688.500000000015 59067.000000000007 45740.500000000007 48227.500000000007 60485.750000000007
decision_type=2 2 2 2 2 2 2 2 2 2 2 2 2 2 2 2 2 2 2 2 2 2 2 2 2 2 2 2 2 2
left_child=6 2 4 -4 5 -2 -1 8 10 -10 -3 -9 -13 -14 -15 16 17 -16 -7 22 -21 -22 -8 -24 -23 -6 -17 -28 -29 -30
right_child=1 7 3 -5 25 18 19 11 9 -11 -12 12 13 14 15 26 -18 -19 -20 20 21 24 23 -25 -26 -27 27 28 29 -31
leaf_value=-1.7720556180954339e-05 0.0043423151131719356 0.003875796205053727 -0.014266448090451637 -0.0020527952087476204 0.0071557794660329814 -0.0024901808001552982 0.0054400200136005879 -0.0060449245145484326 0.00064019195824151958 0.012256160545318077 -0.0055266830223527829 0.0053375213666419898 -0.0048437085449695586 -0.0059512457457082026 0.0053996414962140006 -0.0049936493467539547 0.0077161242163227249 -0.0045809525234455414 -0.010401905402075501 -0.0021169054755491431 0.010319118736017693 0.00062045490180718762 -0.0088005050370055776 0.0031480279026759998 0.0074275487856495948 3.1152985291555527e-05 0.0055344961687094638 -0.0057240131565115676 0.0041694580273621759 -0.00012522857230853866
leaf_weight=2424 20 30 28 23 25 34 25 31 21 24 22 35 50 29 22 25 37 22 25 29 38 42 27 36 21 25 27 22 46 1897
leaf_count=2424 20 30 28 23 25 34 25 31 21 24 22 35 50 29 22 25 37 22 25 29 38 42 27 36 21 25 27 22 46 1897
internal_value=-1.65097e-12 -0.000191085 -0.00291594 -0.00875833 -0.000606156 -0.00326415 0.000182262 1.85187e-05 0.00311628 0.00683538 -0.000102176 -0.000115446 -3.23473e-05 -0.00011868 -7.60697e-06 7.45501e-05 0.00374701 0.000409344 -0.00584261 0.00240592 0.00394441 0.00568479 0.000133135 -0.00197277 0.00288949 0.00359347 -7.29309e-05 -1.11749e-05 -8.7375e-05 -2.3553e-05
internal_weight=5162 2520 180 51 129 79 2642 2340 97 45 52 2243 2212 2177 2127 2098 81 44 59 218 130 101 88 63 63 50 2017 1992 1965 1943
internal_count=5162 2520 180 51 129 79 2642 2340 97 45 52 2243 2212 2177 2127 2098 81 44 59 218 130 101 88 63 63 50 2017 1992 1965 1943
is_linear=0
shrinkage=0.1


Tree=62
num_leaves=31
num_cat=0
split_feature=9 6 8 6 4 3 7 1 3 3 4 7 4 7 10 9 7 9 4 5 6 9 3 9 3 10 6 6 10 3
split_gain=0.0170625 0.11498 0.146827 0.100282 0.100105 0.0708706 0.197952 0.126886 0.0703347 0.105402 0.0613826 0.0553303 0.0493764 0.19636 0.0775542 0.129566 0.113177 0.0833201 0.0727231 0.0539093 0.0521822 0.0524555 0.16954 0.152994 0.119481 0.0933612 0.132363 0.0947377 0.0843226 0.0763981
threshold=89186.250000000015 87818.300000000003 83802.875000000015 86357.200000000012 76116.500000000015 117866.00000000001 241085511.02500004 283.50000000000006 102314.50000000001 95673.500000000015 85388.500000000015 99240552.39000003 76116.500000000015 12286247.580000002 83951.000000000015 81439.500000000015 54270147.425000012 81439.500000000015 73334.000000000015 91486.500000000015 81129.60000000002 77215.250000000015 88494.000000000015 78995.750000000015 100786.50000000001 82582.250000000015 76629.60000000002 75887.950000000012 79199.750000000015 95673.500000000015
decision_type=2 2 2 2 2 2 2 2 2 2 2 2 2 2 2 2 2 2 2 2 2 2 2 2 2 2 2 2 2 2
left_child=1 3 -3 12 -5 7 10 8 9 -2 -7 -10 14 -14 15 20 17 -16 -19 -18 21 25 23 -23 29 26 27 -1 -29 -24
right_child=5 2 -4 4 -6 6 -8 -9 11 -11 -12 -13 13 -15 16 -17 19 18 -20 -21 -22 22 24 -25 -26 -27 -28 28 -30 -31
leaf_value=6.8547593573503764e-05 -0.0020756066733156331 -0.00010305105575493404 0.010680074977648 -0.0086038829103388167 8.9667811586808128e-05 0.0083959784807154433 -0.0062128365664234899 -0.0080045601725578317 -0.00050116298494465425 0.0077538692322559654 0.0011873626017144749 -0.0071668919851435933 0.0042999857782640245 -0.0079726121562998745 0.010010043261129233 -0.0080610502976924178 -0.0044513800488361578 0.00058079494011341315 0.0069693776279953976 0.000847144874771872 0.0046560140069535315 -0.0018259091099771937 -0.0042468527072659608 0.0078627413259320222 0.00022074303542001127 -0.0067672010173555472 0.0051961411759257319 -0.0089757117950780823 -0.00011670187204366638 -0.011260820041934495
leaf_weight=4205 24 28 23 27 26 27 22 30 33 20 21 20 22 32 21 20 22 49 28 151 24 39 44 28 39 20 50 22 21 24
leaf_count=4205 24 28 23 27 26 27 22 30 33 20 21 20 22 32 21 20 22 49 28 151 24 39 44 28 39 20 50 22 21 24
internal_value=-4.28137e-12 3.62148e-05 0.00475993 -1.28103e-05 -0.00433912 -0.000912724 0.00164205 -0.00232087 -0.000563025 0.00239234 0.00524221 -0.00301653 3.436e-05 -0.00297266 6.81397e-05 -3.00382e-05 0.00171144 0.00442666 0.00290392 0.000173344 5.52872e-06 -1.9318e-05 -0.00172164 0.00222308 -0.0041917 4.92796e-05 8.09989e-05 2.07924e-05 -0.00464922 -0.00672237
internal_weight=5162 4965 51 4914 53 197 70 127 97 44 48 53 4861 54 4807 4536 271 98 77 173 4516 4492 174 67 107 4318 4298 4248 43 68
internal_count=5162 4965 51 4914 53 197 70 127 97 44 48 53 4861 54 4807 4536 271 98 77 173 4516 4492 174 67 107 4318 4298 4248 43 68
is_linear=0
shrinkage=0.1


Tree=63
num_leaves=31
num_cat=0
split_feature=1 7 7 4 1 8 1 1 3 4 10 6 3 1 8 8 6 10 8 1 1 9 3 5 9 8 5 9 9 8
split_gain=0.0172053 0.0460662 0.0697984 0.051229 0.0449873 0.041909 0.0356473 0.0549292 0.0370136 0.0212132 0.0195012 0.291034 0.0908452 0.0718666 0.06913 0.179597 0.148129 0.124032 0.062694 0.20238 0.102792 0.0887551 0.0724542 0.0725017 0.16096 0.0905681 0.0839146 0.0718323 0.0812225 0.108035
threshold=416.50000000000006 12286247.580000002 20466003.050000004 62760.000000000007 406.50000000000006 57141.500000000007 400.50000000000006 397.50000000000006 79206.000000000015 57633.000000000007 56035.000000000007 52003.600000000006 78651.000000000015 257.50000000000006 52210.000000000007 51182.000000000007 53439.400000000009 55174.125000000007 49284.375000000007 248.50000000000003 264.50000000000006 50831.000000000007 71616.000000000015 57036.500000000007 50055.750000000007 47336.500000000007 55999.000000000007 48860.500000000007 48017.250000000007 45479.125000000007
decision_type=2 2 2 2 2 2 2 2 2 2 2 2 2 2 2 2 2 2 2 2 2 2 2 2 2 2 2 2 2 2
left_child=4 9 -3 -4 6 -6 7 10 -8 -2 12 13 14 -12 15 16 17 18 21 -20 -21 22 23 24 26 -25 27 28 29 -1
right_child=1 2 3 -5 5 -7 8 -9 -10 -11 11 -13 -14 -15 -16 -17 -18 -19 19 20 -22 -23 -24 25 -26 -27 -28 -29 -30 -31
leaf_value=-8.7076904666838191e-05 0.0015260410678040769 -0.0039420473925543559 -0.00050402175155327177 0.0059099022159352903 0.00055894026451784628 -0.004905737199199697 -0.00029387450776994232 -0.0047989633506707232 0.0048223618177636977 0.005533707831054926 -0.011316886582170373 -2.6770283566797742e-05 0.0044859075536951426 -0.0034079930617008356 -0.0040582256054652764 0.0075549347509601813 -0.0075371992628788581 0.0068174618795248014 -0.0091627932510649178 0.0067500837426632647 -0.0020302289654500782 0.0034564205454577258 -0.0043013801861151646 0.00088160382327512267 -0.0075540781727638749 0.0061309852852271156 -0.0049244363058471323 0.0038532796808901956 -0.0044684768785746435 0.0050783023736331355
leaf_weight=694 28 33 33 20 23 36 26 24 31 25 27 3316 50 20 38 33 25 28 30 20 40 82 37 209 29 39 33 51 39 43
leaf_count=694 28 33 33 20 23 36 26 24 31 25 27 3316 50 20 38 33 25 28 30 20 40 82 37 209 29 39 33 51 39 43
internal_value=-2.04282e-12 0.00109748 -0.000331654 0.00191633 -3.03702e-05 -0.00277544 2.25651e-06 -2.66255e-05 0.00248864 0.00341645 -3.16938e-06 -0.000137522 0.000294086 -0.0079514 0.000151507 0.000263217 9.12183e-05 0.000230018 9.29832e-05 -0.00245657 0.000896542 0.000275674 5.35095e-05 0.000195225 -0.000226538 0.00170711 2.05534e-05 0.000217875 -2.10502e-05 0.000214295
internal_weight=5162 139 86 53 5023 59 4964 4907 57 53 4883 3363 1520 47 1470 1432 1399 1374 1346 90 60 1256 1174 1137 889 248 860 827 776 737
internal_count=5162 139 86 53 5023 59 4964 4907 57 53 4883 3363 1520 47 1470 1432 1399 1374 1346 90 60 1256 1174 1137 889 248 860 827 776 737
is_linear=0
shrinkage=0.1


Tree=64
num_leaves=31
num_cat=0
split_feature=3 8 10 9 4 3 1 10 3 7 7 1 6 8 10 3 5 5 9 10 10 9 9 1 4 5 1 10 1 7
split_gain=0.0174409 0.107737 0.120737 0.0860653 0.147285 0.126443 0.0964562 0.0950562 0.122906 0.150184 0.250232 0.102771 0.0803675 0.101042 0.0922777 0.0795519 0.0777093 0.14404 0.0829017 0.12849 0.147408 0.0772276 0.103697 0.0735017 0.0728831 0.0711513 0.0871716 0.064946 0.0653627 0.0940059
threshold=70379.000000000015 68340.875000000015 70715.500000000015 61602.750000000007 51552.000000000007 71293.500000000015 241.50000000000003 66098.125000000015 75845.500000000015 75012505.250000015 32317457.965000004 264.50000000000006 62854.850000000006 58926.125000000007 67892.375000000015 71758.500000000015 69211.500000000015 68810.000000000015 55019.000000000007 64621.125000000007 62204.750000000007 65386.750000000007 64288.500000000007 238.50000000000003 56691.000000000007 70030.000000000015 249.50000000000003 67625.875000000015 366.50000000000006 28815428.605000004
decision_type=2 2 2 2 2 2 2 2 2 2 2 2 2 2 2 2 2 2 2 2 2 2 2 2 2 2 2 2 2 2
left_child=1 2 16 4 5 -2 -6 8 11 10 -10 -5 -9 23 21 -7 17 24 -18 20 -20 22 -15 -14 -1 -21 -27 28 29 -17
right_child=3 -3 -4 7 6 15 -8 12 9 -11 -12 -13 13 14 -16 27 18 -19 19 25 -22 -23 -24 -25 -26 26 -28 -29 -30 -31
leaf_value=-7.9535675878136122e-05 0.0078561791642145686 -0.0071724406697533348 0.0062702619819901889 -0.0029273535071600541 -0.00097843301741199363 -0.0051698876751793757 0.0057870703639006631 0.0050203980470541866 -0.0012534797090936352 0.0015360668397926052 -0.013048612084406028 0.0064270062857995861 0.00032605913112915703 0.0012908573352521466 -6.7053574756899365e-05 0.0060235822818389068 0.0034586044294493538 0.0069364553767031645 -0.0017911389368869689 0.0036104713590854468 -0.012994291338448725 -0.00044966815208011355 0.0096100144345184855 -0.0072419025822345051 -0.0045590071687223134 -0.0072254109590385975 0.00033020935952663425 -0.0037217826303094629 -0.0019808300733630958 0.00075377632434068696
leaf_weight=1983 22 22 29 24 27 27 96 32 37 29 35 23 21 31 1948 38 21 29 23 24 24 38 29 33 37 26 37 35 72 310
leaf_count=1983 22 22 29 24 27 27 96 32 37 29 35 23 21 31 1948 38 21 29 23 24 24 38 29 33 37 26 37 35 72 310
internal_value=1.63695e-12 -0.000208701 -0.000140093 0.000161893 0.00119948 0.000442329 0.00430196 -0.000123444 -0.00257412 -0.00453994 -0.00698722 0.00165031 4.66775e-05 -2.91125e-05 8.35773e-05 0.000103937 -0.00022444 -6.11251e-05 -0.00238336 -0.00329889 -0.0075119 0.00307775 0.00531178 -0.00429881 -0.000161585 -0.00102289 -0.00278798 0.000416889 0.000761779 0.00132921
internal_weight=5162 2255 2233 2907 627 504 123 2280 148 101 72 47 2132 2100 2046 482 2204 2049 155 134 47 98 60 54 2020 87 63 455 420 348
internal_count=5162 2255 2233 2907 627 504 123 2280 148 101 72 47 2132 2100 2046 482 2204 2049 155 134 47 98 60 54 2020 87 63 455 420 348
is_linear=0
shrinkage=0.1


Tree=65
num_leaves=31
num_cat=0
split_feature=1 1 4 7 3 4 3 4 9 10 5 7 1 8 10 3 9 9 9 7 5 10 5 5 7 1 4 4 5 7
split_gain=0.0165697 0.0450911 0.0610299 0.0376907 0.0461662 0.104486 0.103956 0.093366 0.169883 0.0535539 0.069714 0.0450094 0.0274942 0.0356498 0.0272266 0.025799 0.0963744 0.09773 0.115539 0.106753 0.0907703 0.101347 0.0794067 0.0787139 0.0939837 0.0900527 0.120756 0.152906 0.105136 0.100047
threshold=206.50000000000003 209.50000000000003 46559.000000000007 6925675.7500000009 86956.500000000015 55099.000000000007 98317.000000000015 48842.000000000007 56757.500000000007 53005.750000000007 44583.500000000007 22353432.525000002 213.50000000000003 45479.125000000007 34512.625000000007 70379.000000000015 61602.750000000007 59150.750000000007 58363.250000000007 54270147.425000012 68475.000000000015 65038.625000000007 71260.000000000015 80643.500000000015 177452770.52500001 250.50000000000003 49232.500000000007 46717.000000000007 63195.500000000007 87307126.960000023
decision_type=2 2 2 2 2 2 2 2 2 2 2 2 2 2 2 2 2 2 2 2 2 2 2 2 2 2 2 2 2 2
left_child=3 2 -2 -1 5 7 -6 8 9 10 14 -12 13 -3 -5 -14 17 18 23 -19 21 -18 -20 25 -25 -17 27 29 -29 -27
right_child=1 12 -4 4 6 -7 -8 -9 -10 -11 11 -13 15 -15 -16 16 20 19 22 -21 -22 -23 -24 24 -26 26 -28 28 -30 -31
leaf_value=-0.002461033517166096 0.00047996768363468031 -0.0013037947472184898 -0.006804912683108579 0.00082365350478895655 -0.0061446940347265741 0.007399223048456147 0.0025633544853792111 -0.00471322275698185 0.010153307739113059 -0.0030009601363968669 0.0073771105473861096 0.0019320144785322354 -0.00031670127979316776 0.0038890746087791063 -0.0040420772872217332 0.0029654668204070781 0.00097081071251760352 0.0053621811226156413 0.00084386752772843462 0.0002241674555989448 -4.5520311171674709e-05 -0.0076764311782564184 -0.0072907638673981034 0.0081037189484050032 0.00055307726245647411 0.0016140772152365126 0.0050539054667266712 -0.001760602082041177 -0.011331179113282512 -0.0049370030181542521
leaf_weight=34 23 20 23 23 26 28 29 26 21 33 20 63 1996 39 23 93 23 102 20 67 2100 33 30 32 34 94 30 22 24 31
leaf_count=34 23 20 23 23 26 28 29 26 21 33 20 63 1996 39 23 93 23 102 20 67 2100 33 30 32 34 94 30 22 24 31
internal_value=-9.09442e-12 -4.65173e-05 -0.00316247 0.000690054 0.00105696 0.00166269 -0.00155318 0.00089416 0.00169084 0.00059385 0.00151345 0.00324409 -1.65937e-05 0.00212878 -0.00160921 -4.33486e-05 0.000156144 0.00130162 0.000467508 0.00332522 -0.000151478 -0.00412489 -0.00403691 0.00109312 0.00421399 0.000392518 -0.000797951 -0.00182459 -0.00675395 -1.05907e-05
internal_weight=5162 4836 46 326 292 237 55 209 183 162 129 83 4790 59 46 4731 2735 579 410 169 2156 56 50 360 66 294 201 171 46 125
internal_count=5162 4836 46 326 292 237 55 209 183 162 129 83 4790 59 46 4731 2735 579 410 169 2156 56 50 360 66 294 201 171 46 125
is_linear=0
shrinkage=0.1


Tree=66
num_leaves=31
num_cat=0
split_feature=8 8 10 9 10 10 7 1 7 7 7 7 6 10 10 9 8 3 6 3 5 4 10 7 7 10 7 3 7 7
split_gain=0.0165691 0.107107 0.0576393 0.0363585 0.0532743 0.0349136 0.021855 0.0307139 0.0295596 0.0446958 0.087322 0.0506828 0.10555 0.0417029 0.069268 0.110621 0.0511637 0.0447053 0.0771303 0.0416809 0.142366 0.254237 0.0793384 0.149179 0.144783 0.144084 0.0891113 0.22579 0.0877835 0.0836018
threshold=27949.000000000004 29156.000000000004 34512.625000000007 29091.250000000004 29081.500000000004 25505.500000000004 2248139.7300000004 156.50000000000003 2853318.6050000004 3984047.6250000005 3722246.7250000001 4611249.0249999994 49373.850000000006 37092.500000000007 38966.500000000007 37800.500000000007 34204.875000000007 41496.500000000007 41033.950000000004 50193.500000000007 56726.500000000007 41449.000000000007 50156.875000000007 5205512.9300000006 8550662.6050000023 50851.125000000007 6789847.0249999994 82710.500000000015 23170128.825000003 9514295.5500000026
decision_type=2 2 2 2 2 2 2 2 2 2 2 2 2 2 2 2 2 2 2 2 2 2 2 2 2 2 2 2 2 2
left_child=3 -2 -3 4 5 -1 -4 -8 -9 10 -10 12 -11 -13 16 -16 -15 18 -17 20 21 -19 24 -24 -21 28 27 -27 -25 -28
right_child=1 2 6 -5 -6 -7 7 8 9 11 -12 13 -14 14 15 17 -18 19 -20 22 -22 -23 23 25 -26 26 29 -29 -30 -31
leaf_value=-0.00059624594869092109 -0.0071499335856753448 0.00423719163518399 -0.0025853898221005998 0.0048855758425567983 -0.0039421832322009973 0.0052417582040652638 0.0037247506181963467 0.0028759433754852841 -0.00042110683820543017 -0.0013917035391104633 -0.0081187828816473486 -0.0036365951818879694 0.0070687805661388374 0.0066143828353637628 -0.005292510653380305 -0.0009395801441066644 0.00056523719585725458 -0.00075192249315822945 0.0075331952688949448 0.0074338130717579694 0.0062723774166608404 -0.010865250833589456 -0.0068007857454094019 -0.010476035880856216 0.00077481206220924919 0.0051054532921244941 -0.0020876620786832744 -0.0066907064570114021 -0.0020306787679146509 4.8178366330128651e-05
leaf_weight=21 21 32 33 22 21 20 22 35 56 29 20 32 30 27 40 22 29 174 21 36 22 29 33 20 351 86 193 20 32 3633
leaf_count=21 21 32 33 22 21 20 22 35 56 29 20 32 30 27 40 22 29 174 21 36 22 29 33 20 351 86 193 20 32 3633
internal_value=-2.94802e-13 -2.30427e-05 6.55285e-06 0.00139299 0.00015368 0.00225156 -2.03885e-05 -3.43239e-06 -1.99354e-05 -4.04736e-05 -0.00244681 -2.83585e-06 0.00291024 -3.86424e-05 -1.4495e-05 -5.60468e-05 0.00348179 -1.12141e-05 0.00319829 -4.1028e-05 -0.0013686 -0.00219668 2.67975e-05 -0.000104944 0.00139425 -4.94815e-05 1.96765e-05 0.00287976 -0.00527889 -5.95627e-05
internal_weight=5162 5078 5057 84 62 41 5025 4992 4970 4935 76 4859 59 4800 4768 4712 56 4672 43 4629 225 203 4404 4017 387 3984 3932 106 52 3826
internal_count=5162 5078 5057 84 62 41 5025 4992 4970 4935 76 4859 59 4800 4768 4712 56 4672 43 4629 225 203 4404 4017 387 3984 3932 106 52 3826
is_linear=0
shrinkage=0.1


Tree=67
num_leaves=31
num_cat=0
split_feature=0 1 7 1 1 7 3 5 8 6 4 9 5 8 0 7 7 1 7 3 7 4 7 10 7 3 7 9 10 6
split_gain=0.0160149 0.0262196 0.0444989 0.0193889 0.0550913 0.0544223 0.0764142 0.0598629 0.0810232 0.0637454 0.0547983 0.0635569 0.0670517 0.0414844 0.0323243 0.0513173 0.0553585 0.0454148 0.0668576 0.152439 0.154168 0.213225 0.0992974 0.0682419 0.0555428 0.052389 0.238705 0.103384 0.118263 0.152853
threshold=16.500000000000004 499.50000000000006 15325213.720000001 388.50000000000006 391.50000000000006 32605791.100000005 104521.00000000001 83747.500000000015 69346.250000000015 67555.050000000003 53956.000000000007 53685.250000000007 52564.500000000007 60485.750000000007 11.500000000000002 2248139.7300000004 2853318.6050000004 267.50000000000006 14022121.59 72494.000000000015 10610830.805000002 53496.000000000007 15325213.720000001 53379.250000000007 3533705.2850000001 72923.500000000015 21917128.240000002 50688.750000000007 58333.625000000007 53233.900000000009
decision_type=2 2 2 2 2 2 2 2 2 2 2 2 2 2 2 2 2 2 2 2 2 2 2 2 2 2 2 2 2 2
left_child=3 -2 -3 14 13 6 7 8 9 10 11 12 -6 -5 15 -1 -17 24 19 20 21 23 -20 -19 -18 27 -27 -24 29 -29
right_child=1 2 -4 4 5 -7 -8 -9 -10 -11 -12 -13 -14 -15 -16 16 17 18 22 -21 -22 -23 25 -25 -26 26 -28 28 -30 -31
leaf_value=-0.0049064682373269044 0.002709751285146922 0.0030835743358528073 -0.002758742985315621 -0.0073046586187999881 0.0034489230208453684 -0.0036624746289677344 -0.0054526327550411223 0.0058279079820393875 -0.0051203001776467206 0.0065111231477931152 -0.0026006267912453041 0.0051928087411557931 -0.0044509140562943436 -0.0010908802346834407 0.00062791588409698209 0.0045357772578986794 -0.0048241812077796332 0.0012886750681156463 0.0065792559133842597 -0.0096868787157850782 -0.0059876258033554914 0.0091097661182284358 0.0014302406372735277 -0.0067822586861439049 0.00010771830427547365 0.0086833785916678608 -0.00059415702040441882 -0.0018923989009289517 -0.001573841847805722 -0.014107687463983894
leaf_weight=22 56 22 32 21 21 39 20 23 23 20 40 34 22 22 743 26 23 22 20 26 41 25 68 20 3181 30 367 21 112 20
leaf_count=22 56 22 32 21 21 39 20 23 23 20 40 34 22 22 743 26 23 22 20 26 41 25 68 20 3181 30 367 21 112 20
internal_value=1.0902e-12 0.00119368 -0.00037854 -2.59907e-05 -0.000827197 -0.000241132 0.00041617 0.00105757 0.000371833 0.00129387 0.000402032 0.00196185 -0.000592854 -0.00412552 2.19103e-05 -8.99839e-05 -6.35065e-05 -9.35823e-05 -0.000782097 -0.0028127 -0.0011578 0.00179776 -0.000355607 -0.00255463 7.23145e-05 -0.000580036 0.000106916 -0.00181406 -0.00325598 -0.00785108
internal_weight=5162 110 54 5052 285 242 203 183 160 137 117 77 43 43 4767 4024 4002 3976 772 134 108 67 638 42 3204 618 397 221 153 41
internal_count=5162 110 54 5052 285 242 203 183 160 137 117 77 43 43 4767 4024 4002 3976 772 134 108 67 638 42 3204 618 397 221 153 41
is_linear=0
shrinkage=0.1


Tree=68
num_leaves=31
num_cat=0
split_feature=1 1 1 4 5 6 1 9 8 4 3 8 9 1 9 3 3 1 9 4 7 7 3 5 6 9 5 10 7 9
split_gain=0.0163208 0.0250398 0.0337231 0.0164319 0.0888942 0.163328 0.15341 0.106892 0.155734 0.0859098 0.139877 0.148064 0.113093 0.0988828 0.0743062 0.0665473 0.110776 0.0911605 0.137183 0.190249 0.0891819 0.142229 0.0990981 0.145637 0.0895042 0.104045 0.0888508 0.167204 0.132982 0.0925967
threshold=527.50000000000011 504.00000000000006 467.00000000000006 54809.000000000007 64185.000000000007 62187.350000000013 256.50000000000006 63073.000000000007 59672.625000000007 53496.000000000007 84010.500000000015 56677.375000000007 68879.250000000015 252.50000000000003 62526.500000000007 73096.000000000015 73901.500000000015 238.50000000000003 66063.750000000015 64280.500000000007 11017293.225000001 12286247.580000002 76993.000000000015 75975.500000000015 65945.200000000012 64946.250000000007 83747.500000000015 76963.000000000015 7719943.3450000016 72425.250000000015
decision_type=2 2 2 2 2 2 2 2 2 2 2 2 2 2 2 2 2 2 2 2 2 2 2 2 2 2 2 2 2 2
left_child=1 2 3 9 -5 6 -6 14 -9 -1 11 -11 -12 -13 -7 17 -17 -10 -19 -20 26 -22 23 -23 -24 -26 27 28 29 -18
right_child=-2 -3 -4 4 5 7 -8 8 15 10 12 13 -14 -15 -16 16 20 18 19 -21 21 22 24 -25 25 -27 -28 -29 -30 -31
leaf_value=4.7462212136293685e-06 0.0027821162183369911 -0.0031068417315299694 0.0030977912825931398 0.0049930661323742244 -0.012623648989247158 0.0012945990882786539 -0.0018514087340101985 -0.0090662590134888889 -0.0062441375488654161 0.0082122760580941329 0.012271822250278836 0.003722476436523721 0.0020121955711926735 -0.0031854578690019564 0.0088602226005778436 0.0066204332336783417 -0.0021034844351831726 0.0034480300841524324 -0.0054369917156657684 0.003385949829327209 0.0067432323790853847 -0.0010819505700575454 -0.0062600589704137136 0.0069813282854738652 0.0070598713564686477 -0.00020687603095193878 0.0017211775361106565 -0.012109529580920935 -0.0068986001344663768 0.0062103487551212313
leaf_weight=2875 21 26 35 32 20 34 39 20 39 21 22 30 21 67 21 25 37 51 81 35 32 42 24 48 20 1329 39 20 35 21
leaf_count=2875 21 26 35 32 20 34 39 20 39 21 22 30 21 67 21 25 37 51 81 35 32 42 24 48 20 1329 39 20 35 21
internal_value=-2.91986e-12 -1.13644e-05 4.37017e-06 -1.69428e-05 -0.000236134 -0.000319302 -0.00550302 -0.000162702 -0.00028864 0.000130628 0.00237853 0.000599207 0.00726131 -0.00104898 0.00418329 -0.000195162 1.37838e-05 -0.00189107 -0.000874482 -0.0027749 -8.64992e-05 0.000148136 3.88216e-06 0.00321846 -0.000206833 -9.91407e-05 -0.00239426 -0.00381463 -0.00203078 0.000906697
internal_weight=5162 5141 5115 5080 2044 2012 59 1953 1898 3036 161 118 43 97 55 1878 1672 206 167 116 1647 1495 1463 90 1373 1349 152 113 93 58
internal_count=5162 5141 5115 5080 2044 2012 59 1953 1898 3036 161 118 43 97 55 1878 1672 206 167 116 1647 1495 1463 90 1373 1349 152 113 93 58
is_linear=0
shrinkage=0.1


Tree=69
num_leaves=31
num_cat=0
split_feature=5 5 3 1 5 3 1 7 5 9 8 1 5 5 7 5 8 5 7 3 7 3 3 5 7 3 1 7 7 3
split_gain=0.0150963 0.0536476 0.0291224 0.0522321 0.0245846 0.0221973 0.0416122 0.0538 0.0369558 0.0238081 0.0520622 0.0495788 0.0244855 0.0781218 0.0329193 0.0521844 0.118454 0.0770922 0.0427841 0.0811142 0.0489219 0.0331015 0.0423615 0.12687 0.0779946 0.0408007 0.0809486 0.0939173 0.038131 0.158959
threshold=37339.500000000007 38781.000000000007 31709.500000000004 231.50000000000003 29044.000000000004 40734.500000000007 221.50000000000003 8078436.1000000006 41501.500000000007 35004.250000000007 33745.500000000007 217.50000000000003 43328.000000000007 45091.500000000007 3984047.6250000005 51228.000000000007 52514.000000000007 61921.000000000007 4611249.0249999994 61857.000000000007 4941064.2250000006 45125.000000000007 47908.500000000007 48468.000000000007 12113023.685000002 50193.500000000007 229.50000000000003 12555476.100000001 6789847.0249999994 82710.500000000015
decision_type=2 2 2 2 2 2 2 2 2 2 2 2 2 2 2 2 2 2 2 2 2 2 2 2 2 2 2 2 2 2
left_child=2 -2 4 -4 -1 6 -3 -8 -7 11 -11 -10 -12 -14 15 -15 -17 -18 19 -16 -20 -22 24 -24 -23 26 -25 -28 29 -27
right_child=1 5 3 -5 -6 8 7 -9 9 10 12 -13 13 14 18 16 17 -19 20 -21 21 22 23 25 -26 28 27 -29 -30 -31
leaf_value=0.0015429681169916876 -0.0050684883015318996 0.0054755456124742832 0.0056516291734216547 -5.0998634348313016e-05 -0.0034153159987181424 -0.0042160434958835443 -0.0039104160200804467 0.002527016018693512 0.0011631147395819426 0.0038539113277303323 -0.002615058025306401 -0.0049137014610895965 0.0044601030958195528 -0.0058721544841925308 0.0078131335135549311 0.0047258669435645325 -0.0075244680435086302 -2.6931219326797873e-05 -0.0038598914821208878 -0.00080978254360767699 0.003260882243874573 -0.0058133542537689214 0.0056276309728855271 0.0030463574750518255 0.00072950869063405626 0.0032386864220130852 0.00022319341399546327 -0.0074721817140068333 -3.919706057457396e-05 -0.0060728465016423308
leaf_weight=20 21 21 29 36 20 21 20 37 25 35 36 29 39 24 20 28 24 32 33 24 31 35 40 22 38 110 29 35 4226 22
leaf_count=20 21 21 29 36 20 21 20 37 25 35 36 29 39 24 20 28 24 32 33 24 31 35 40 22 38 110 29 35 4226 22
internal_value=-3.61957e-13 -2.46419e-05 0.0011868 0.00249325 -0.000936174 -3.60923e-06 0.00167023 0.000268268 -2.99423e-05 -1.21363e-05 1.09569e-05 -0.00210036 -1.67872e-05 2.65124e-06 -3.37704e-05 -0.00175978 -0.000584819 -0.00324016 6.18868e-06 0.00310972 -2.33624e-05 4.23251e-06 -1.79216e-05 2.09807e-05 -0.00240748 -2.94842e-05 -0.00218644 -0.00398521 1.30808e-05 0.00168676
internal_weight=5162 5057 105 65 40 5036 78 57 4958 4937 4883 54 4848 4812 4773 108 84 56 4665 44 4621 4588 4557 4484 73 4444 86 64 4358 132
internal_count=5162 5057 105 65 40 5036 78 57 4958 4937 4883 54 4848 4812 4773 108 84 56 4665 44 4621 4588 4557 4484 73 4444 86 64 4358 132
is_linear=0
shrinkage=0.1


Tree=70
num_leaves=31
num_cat=0
split_feature=4 4 3 9 6 8 8 10 4 3 3 10 8 10 1 8 1 8 7 9 10 6 8 4 1 5 6 1 8 8
split_gain=0.0137118 0.137153 0.138092 0.0923607 0.251203 0.0885156 0.0706516 0.0692053 0.0688154 0.245792 0.160521 0.105029 0.140856 0.100132 0.0615893 0.0953797 0.0905666 0.0708401 0.0584776 0.058024 0.0996983 0.126972 0.0884443 0.0852548 0.0835425 0.0480878 0.0427424 0.114524 0.0902896 0.0772786
threshold=65472.500000000007 66020.000000000015 92459.000000000015 73233.500000000015 72144.550000000017 77911.750000000015 75334.125000000015 89503.625000000015 63926.500000000007 95339.500000000015 74034.500000000015 73935.375000000015 70747.375000000015 78453.250000000015 218.50000000000003 77025.500000000015 229.50000000000003 71961.375000000015 34546350.305000007 75349.000000000015 80541.500000000015 78375.150000000009 72659.125000000015 69963.000000000015 237.50000000000003 81087.500000000015 75887.950000000012 263.50000000000006 71961.375000000015 71033.000000000015
decision_type=2 2 2 2 2 2 2 2 2 2 2 2 2 2 2 2 2 2 2 2 2 2 2 2 2 2 2 2 2 2
left_child=5 2 -2 4 -3 6 8 -7 26 10 -10 -12 -13 -11 15 -5 18 -18 -16 22 23 -22 -19 -21 -23 -6 28 29 -1 -28
right_child=1 3 -4 14 25 7 -8 -9 9 13 11 12 -14 -15 16 -17 17 19 -20 20 21 24 -24 -25 -26 -27 27 -29 -30 -31
leaf_value=1.6592689545471371e-05 0.011954874249640854 -0.0036023435943449544 0.00034434415089587371 -0.0015831230984379848 0.0046432327060028913 -0.008898906768299639 0.0045809056048958822 -0.00077120177871124317 0.0025204506342891946 0.0092418108135461814 -0.012334498734428333 0.00060083072345990408 -0.010022978115982066 -0.00043298397415682033 -0.0011499441894037383 0.0076451191057761506 -0.0045679808491175733 -0.00096226606518030162 -0.0085274233609776619 -0.00090335056700400628 0.0072129617333412171 0.0048543120217800608 0.0084422150696627802 -0.0083347558017032083 -0.00042662863393248655 0.011282545661864181 -0.0028058055788278582 -0.0068377090378128232 0.005269105756429561 0.0044585786345932221
leaf_weight=3953 20 30 21 21 20 20 33 22 22 20 26 26 24 23 21 24 35 20 22 38 25 32 20 26 469 24 32 33 33 27
leaf_count=3953 20 30 21 21 20 20 33 22 22 20 26 26 24 23 21 24 35 20 22 38 25 32 20 26 469 24 32 33 33 27
internal_value=-6.41248e-12 0.000362501 0.00600802 8.26148e-05 0.00345372 -7.32769e-05 -2.8153e-05 -0.00464154 -6.4204e-05 -0.00223617 -0.00500181 -0.0071793 -0.0044986 0.00406692 -0.000248676 0.00333861 -0.000476681 -0.00018908 -0.00492447 5.41924e-05 -0.000195691 0.000257744 0.00373997 -0.00392236 -8.9323e-05 0.00826468 1.08933e-05 -0.00212009 6.00781e-05 0.000518574
internal_weight=5162 868 41 827 74 4294 4252 42 4219 141 98 76 50 43 753 45 708 665 43 630 590 526 40 64 501 44 4078 92 3986 59
internal_count=5162 868 41 827 74 4294 4252 42 4219 141 98 76 50 43 753 45 708 665 43 630 590 526 40 64 501 44 4078 92 3986 59
is_linear=0
shrinkage=0.1


Tree=71
num_leaves=31
num_cat=0
split_feature=9 6 8 6 4 4 3 1 5 4 5 4 7 10 9 3 4 9 10 6 7 7 8 6 6 5 3 4 6 8
split_gain=0.0134805 0.0931907 0.119752 0.0815863 0.0777146 0.0608406 0.09169 0.120122 0.0707546 0.0617703 0.0610879 0.0367935 0.163688 0.0677759 0.100107 0.0928546 0.091087 0.122761 0.103386 0.0755654 0.045258 0.0767894 0.0447471 0.0438664 0.0427724 0.114344 0.208317 0.0448287 0.101848 0.167631
threshold=89186.250000000015 87818.300000000003 83802.875000000015 86357.200000000012 76116.500000000015 72565.500000000015 119758.00000000001 273.50000000000006 108579.50000000001 79939.500000000015 131336.50000000003 76116.500000000015 12286247.580000002 83951.000000000015 81439.500000000015 88753.000000000015 67113.500000000015 80313.000000000015 89503.625000000015 84385.250000000015 26152240.780000005 58483447.020000003 72483.500000000015 81129.60000000002 78675.450000000026 85902.000000000015 100786.50000000001 65472.500000000007 75887.950000000012 71033.000000000015
decision_type=2 2 2 2 2 2 2 2 2 2 2 2 2 2 2 2 2 2 2 2 2 2 2 2 2 2 2 2 2 2
left_child=1 3 -3 11 -5 -2 7 8 9 -7 -8 13 -13 14 23 -15 17 22 19 20 -18 -22 -17 24 27 -26 -27 28 -1 -30
right_child=5 2 -4 4 -6 6 10 -9 -10 -11 -12 12 -14 15 -16 16 18 -19 -20 -21 21 -23 -24 -25 25 26 -28 -29 29 -31
leaf_value=1.3776414865777236e-06 -0.0049575828388333321 -0.00010694573034665414 0.0096313528878533335 -0.0076718691589862664 -1.2013880321039604e-05 0.0071067531593143945 0.0064818319414967091 -0.006617575609946952 -0.0032197957305470483 -6.7872363918771355e-05 -0.00050615876574407919 0.0040749500717290428 -0.0071302169875707483 0.0061106752329625385 -0.0070912400609813636 -0.00023647114391100001 -0.0011168037456544962 -0.0052700432307190362 -0.0030377948209643364 0.0094838568796625448 0.008054912718081916 0.00058060109149664645 0.0054682079621125017 0.0042631068868407363 0.003500943557758417 -0.011748940119287 0.0020697999745607379 0.0012503286744891245 -0.009839694704195219 -0.00024256173369044867
leaf_weight=4072 30 28 23 27 26 20 29 34 32 30 22 22 32 39 20 44 22 45 25 21 27 28 20 24 21 24 20 275 28 52
leaf_count=4072 30 28 23 27 26 20 29 34 32 30 22 22 32 39 20 44 22 45 25 21 27 28 20 24 21 24 20 275 28 52
internal_value=9.1619e-14 3.21897e-05 0.00428484 -1.19464e-05 -0.0039142 -0.000811279 -6.64342e-05 -0.0016201 0.000452017 0.00280198 0.0034674 3.06003e-05 -0.00256515 5.976e-05 -3.20202e-05 0.00159598 0.000837041 -0.00126782 0.00270232 0.00416664 0.00271649 0.00424981 0.00154624 -7.5702e-07 -2.35381e-05 -0.00257013 -0.00546769 1.38526e-05 -6.80431e-05 -0.00360156
internal_weight=5162 4965 51 4914 53 197 167 116 82 50 51 4861 54 4807 4536 271 232 109 123 98 77 55 64 4516 4492 65 44 4427 4152 80
internal_count=5162 4965 51 4914 53 197 167 116 82 50 51 4861 54 4807 4536 271 232 109 123 98 77 55 64 4516 4492 65 44 4427 4152 80
is_linear=0
shrinkage=0.1


Tree=72
num_leaves=31
num_cat=0
split_feature=1 1 1 7 8 10 3 7 10 6 8 7 7 5 7 8 3 5 4 8 4 4 4 7 6 7 7 10 6 1
split_gain=0.0136789 0.0202348 0.0271437 0.0159936 0.0721206 0.11166 0.138527 0.0925568 0.0893919 0.123289 0.0978173 0.082877 0.0689074 0.0629192 0.0860336 0.0732752 0.0596492 0.0753615 0.102888 0.0577069 0.1123 0.0553831 0.0934402 0.15311 0.0761958 0.0672696 0.0861362 0.0518401 0.076113 0.0659915
threshold=527.50000000000011 504.00000000000006 467.00000000000006 71041605.000000015 43560.750000000007 56035.000000000007 73252.500000000015 81773108.825000018 75249.375000000015 66110.300000000003 57709.375000000007 75012505.250000015 64245437.559999995 76570.000000000015 87307126.960000023 75905.375000000015 69124.000000000015 83524.000000000015 47301.000000000007 66947.000000000015 65696.000000000015 50355.000000000007 48687.500000000007 130654572.245 73387.250000000015 95406613.065000013 103684044.43000002 65346.375000000007 67714.500000000015 248.50000000000003
decision_type=2 2 2 2 2 2 2 2 2 2 2 2 2 2 2 2 2 2 2 2 2 2 2 2 2 2 2 2 2 2
left_child=1 2 3 12 -5 -6 -7 8 9 10 -8 -10 -1 -9 15 -15 -14 18 -18 -19 -21 22 -16 -24 27 -26 -27 -23 -29 -30
right_child=-2 -3 -4 4 5 6 7 13 11 -11 -12 -13 16 14 21 -17 17 19 -20 20 -22 24 23 -25 25 26 -28 28 29 -31
leaf_value=-2.4362872156974596e-05 0.0025470132296461436 -0.0027930750511586666 0.002779038940955486 -0.0022725261925132848 0.0047161269104718925 -0.0052434519634495472 0.0066648059258503575 0.0043475345100673357 -0.0041920445710420615 0.012112380582839252 -0.0023637297496731796 0.0030181211758066309 0.0021333996988283214 -0.0060704192016046588 8.1082438602559756e-05 0.0013126417389139533 -0.0014662879124058017 -0.004817548868331043 -0.0093629058055353896 0.0069892430992331365 -0.0031567561556585136 -0.0019332902412861584 -0.0099529685521567313 0.0014319616053918643 0.0043236652840719083 -0.0057149738081664382 0.00010503760405769067 0.0078416018003237345 -0.00080997556270588015 0.0045668777581304313
leaf_weight=3803 21 26 35 98 61 43 28 34 25 20 21 44 27 41 154 20 33 22 33 20 24 20 27 21 33 28 277 31 42 50
leaf_count=3803 21 26 35 98 61 43 28 34 25 20 21 44 27 41 154 20 33 22 33 20 24 20 27 21 33 28 277 31 42 50
internal_value=-6.97263e-12 -1.04041e-05 3.7405e-06 -1.53807e-05 0.000318643 0.000567599 0.00030372 0.000564122 0.00295087 0.005496 0.00279543 0.000405742 -0.000109636 0.000140765 -5.14795e-05 -0.00364974 -0.00214921 -0.0030252 -0.0054146 -0.000635808 0.00145506 0.000269888 -0.00111966 -0.00497206 0.000853443 3.47843e-05 -0.000429259 0.00278845 0.00355622 0.00211223
internal_weight=5162 5141 5115 5080 1118 1020 959 916 138 69 49 69 3962 778 744 61 159 132 66 66 44 683 202 48 481 338 305 143 123 92
internal_count=5162 5141 5115 5080 1118 1020 959 916 138 69 49 69 3962 778 744 61 159 132 66 66 44 683 202 48 481 338 305 143 123 92
is_linear=0
shrinkage=0.1


Tree=73
num_leaves=31
num_cat=0
split_feature=4 1 7 5 8 8 5 9 1 7 10 5 4 9 8 4 9 1 9 10 7 9 3 3 3 4 8 7 10 1
split_gain=0.0135632 0.060724 0.0521983 0.0523089 0.0451702 0.0419825 0.0884522 0.113576 0.0619821 0.0485025 0.0561683 0.0462223 0.098984 0.0405866 0.0356773 0.0276595 0.0263163 0.177544 0.075491 0.032754 0.170227 0.0437999 0.0477731 0.0362652 0.0806301 0.0781096 0.0891589 0.0801407 0.0816388 0.0728689
threshold=24301.500000000004 271.50000000000006 38246011.385000013 52877.500000000007 29156.000000000004 34204.875000000007 42770.500000000007 39102.000000000007 229.50000000000003 19804766.150000002 35424.250000000007 45091.500000000007 36309.500000000007 35004.250000000007 21950.125000000004 31682.500000000004 40878.000000000007 240.50000000000003 39619.000000000007 45025.625000000007 15325213.720000001 42634.000000000007 43716.500000000007 51106.000000000007 53343.000000000007 47451.000000000007 48111.625000000007 8550662.6050000023 48379.625000000007 229.50000000000003
decision_type=2 2 2 2 2 2 2 2 2 2 2 2 2 2 2 2 2 2 2 2 2 2 2 2 2 2 2 2 2 2
left_child=1 2 14 -4 -2 8 7 15 13 10 -10 12 -8 -6 -1 -7 17 18 -13 20 -18 -21 -23 29 25 26 27 -25 -29 -24
right_child=4 -3 3 -5 5 6 11 -9 9 -11 -12 16 -14 -15 -16 -17 19 -19 -20 21 -22 22 23 24 -26 -27 -28 28 -30 -31
leaf_value=-0.0012340523858438248 -0.0041070161249350621 0.0059247691272979698 -0.005108885668284659 0.00058736212131885917 0.0022219064016826451 -0.0043160175642697144 -0.00023878427675446949 0.0022837854223325851 -0.0026234741695225238 -0.0042906766868240779 0.0042651077443412663 -0.0025508548379601804 0.008493021028116346 0.0076508658272879462 0.0039176915851762383 -0.0095752498321235186 -0.0039137369894888252 0.0034360220309537955 -0.010293512062344235 -0.0043040171576042971 0.0052292261547076391 0.0043386157304048543 0.0021463351312843038 0.0070461047720164066 -6.1462463519843292e-05 -0.0030904615204781294 0.0083037989881510534 0.0041256418717758999 -0.0042573844208023872 -0.0027216422825869992
leaf_weight=20 27 21 28 38 40 20 37 20 20 21 29 34 20 21 41 20 32 39 20 24 56 25 41 20 4228 20 30 21 26 123
leaf_count=20 27 21 28 38 40 20 37 20 20 21 29 34 20 21 41 20 32 39 20 24 56 25 41 20 4228 20 30 21 26 123
internal_value=-7.0152e-13 0.000943483 0.000119805 -0.00182923 -2.78491e-05 -5.76418e-06 -5.34195e-05 -0.00386916 0.00176075 -0.000269794 0.00145344 -5.68291e-06 0.00282501 0.00409089 0.0022286 -0.00694563 -3.973e-05 -0.00170532 -0.00541851 -6.38962e-06 0.00190451 -4.32829e-05 -2.07293e-05 -4.48996e-05 1.01979e-05 0.00259977 0.00377302 0.00174431 -0.000511777 -0.00150465
internal_weight=5162 148 127 66 5014 4987 4856 60 131 70 49 4796 57 61 61 40 4739 93 54 4646 88 4558 4534 4509 4345 117 97 67 47 164
internal_count=5162 148 127 66 5014 4987 4856 60 131 70 49 4796 57 61 61 40 4739 93 54 4646 88 4558 4534 4509 4345 117 97 67 47 164
is_linear=0
shrinkage=0.1


Tree=74
num_leaves=31
num_cat=0
split_feature=10 10 1 9 1 1 9 8 10 8 10 9 8 5 9 10 6 1 3 8 9 3 3 3 8 8 6 4 7 7
split_gain=0.0128473 0.053354 0.0326392 0.0279932 0.0296394 0.0260109 0.0251393 0.0800388 0.0492391 0.0836413 0.048847 0.0567707 0.0549495 0.0361331 0.0814408 0.0630789 0.0550011 0.0993568 0.0964593 0.101748 0.0526092 0.0356017 0.0526732 0.0594659 0.160601 0.170586 0.109659 0.170662 0.118492 0.117286
threshold=34512.625000000007 32311.000000000004 227.50000000000003 27372.250000000004 195.50000000000003 223.50000000000003 36567.250000000007 34706.500000000007 38966.500000000007 34204.875000000007 35424.250000000007 34389.000000000007 33307.375000000007 42770.500000000007 39102.000000000007 40307.875000000007 41033.950000000004 252.50000000000003 44704.000000000007 42646.375000000007 40103.000000000007 51106.000000000007 53343.000000000007 57257.500000000007 54869.875000000007 50184.625000000007 50934.600000000013 42235.500000000007 16639258.389999999 22133320.070000004
decision_type=2 2 2 2 2 2 2 2 2 2 2 2 2 2 2 2 2 2 2 2 2 2 2 2 2 2 2 2 2 2
left_child=1 3 -3 4 -1 -5 8 -8 9 10 -2 -12 -13 14 -9 -15 17 20 19 -18 -17 -20 -23 24 25 26 27 28 -24 -30
right_child=6 2 -4 5 -6 -7 7 13 -10 -11 11 12 -14 15 -16 16 18 -19 21 -21 -22 22 23 -25 -26 -27 -28 -29 29 -31
leaf_value=-0.0012651805553468877 -0.0033034463923069693 0.0066951988664056584 0.0011198070166366441 0.00012499020718362023 0.0041790238162502649 -0.0047427830508067498 0.0049957249342696746 -0.0063638360179201874 -0.0057177651001521475 -0.0063223726162686946 -0.0019797168627736115 0.0080052865669131279 0.00077113893903082336 0.0045013641277628557 0.0020554070500656964 -0.0019528406336903573 0.0084096683921026337 0.0018237273754493799 -0.0013695615950947333 -4.159708523416314e-05 -0.0083190429438319471 0.0019301512693088 0.0069889359129592784 5.7122962944775851e-05 0.0058886145425136559 -0.0075567130146082491 0.0060434551641810686 -0.0080697916228981582 -0.0073625221960246573 0.00060200150744517302
leaf_weight=20 21 21 21 23 20 21 32 27 22 20 21 21 21 31 20 25 28 32 190 29 27 141 20 4082 26 50 20 34 25 71
leaf_count=20 21 21 21 23 20 21 32 27 22 20 21 21 21 31 20 25 28 32 190 29 27 141 20 4082 26 50 20 34 25 71
internal_value=-1.09875e-11 0.000997368 0.0039075 -0.0004577 0.00145692 -0.00219827 -2.4954e-05 1.08374e-05 -0.00141968 -0.000510471 0.000873316 0.00226557 0.00438821 -2.18638e-05 -0.00278118 4.98109e-06 -2.40581e-05 -0.00256043 2.1119e-05 0.0041099 -0.00525837 -2.89047e-05 2.80934e-05 -3.38729e-05 -0.00154381 -0.00242219 -0.000912036 -0.00183943 -1.32951e-05 -0.00147209
internal_weight=5162 126 42 84 40 44 5036 4910 126 104 84 63 42 4878 47 4831 4800 84 4716 57 52 4659 4469 4328 246 220 170 150 116 96
internal_count=5162 126 42 84 40 44 5036 4910 126 104 84 63 42 4878 47 4831 4800 84 4716 57 52 4659 4469 4328 246 220 170 150 116 96
is_linear=0
shrinkage=0.1


Tree=75
num_leaves=31
num_cat=0
split_feature=8 8 10 9 10 10 10 1 6 5 10 5 7 8 9 10 5 3 4 4 7 9 8 7 3 10 5 3 1 3
split_gain=0.0123761 0.0820142 0.0414366 0.0360507 0.0367718 0.0223931 0.0179979 0.0377664 0.0364211 0.035714 0.0957577 0.056723 0.0779445 0.107257 0.0674552 0.0487041 0.0655519 0.0500092 0.0349214 0.0496657 0.118501 0.0556998 0.068449 0.0489225 0.0626993 0.0731562 0.0467344 0.0458992 0.0653844 0.175896
threshold=27949.000000000004 29156.000000000004 34512.625000000007 29091.250000000004 29081.500000000004 25505.500000000004 37092.500000000007 229.50000000000003 36201.500000000007 42770.500000000007 40307.875000000007 45091.500000000007 7366379.950000002 36517.000000000007 37111.250000000007 40307.875000000007 46238.000000000007 41496.500000000007 30146.500000000004 31935.500000000004 45792142.625000007 40446.000000000007 39232.875000000007 73803871.984999999 61305.000000000007 60389.875000000007 53165.500000000007 51106.000000000007 250.50000000000003 49559.000000000007
decision_type=2 2 2 2 2 2 2 2 2 2 2 2 2 2 2 2 2 2 2 2 2 2 2 2 2 2 2 2 2 2
left_child=3 -2 -3 4 5 -1 7 -4 -8 10 -10 12 -11 -14 -13 -16 -17 -18 23 20 -20 -21 26 -19 -25 -26 -23 28 29 -24
right_child=1 2 6 -5 -6 -7 8 -9 9 11 -12 14 13 -15 15 16 17 18 19 21 -22 22 27 24 25 -27 -28 -29 -30 -31
leaf_value=-0.00056793675674790783 -0.0062563291304589558 0.0035930409518186938 0.00085260957755424352 0.0046816772019321268 -0.0034330112881781091 0.004107523987768218 0.0028350606778015696 -0.0043891007596227735 -0.0060221987252589322 0.0076247557592780697 0.0027984076319262385 -0.004928021655151887 0.0054971766076050699 -0.0048593072779476651 0.0045852255560179323 -0.00461103999686818 0.0049923376832157378 0.0057660466341379413 0.0020890762028284372 -0.0047345876805484294 -0.0085464610886199152 0.0071564411448145461 0.0026362759003726146 -0.0039128813553940163 0.006535549103864469 -0.00087168816865111393 0.0008368928451091052 2.5991508360154979e-05 -0.0035383892026330933 -0.0069086268042715705
leaf_weight=21 21 32 27 22 21 20 45 28 32 23 20 28 20 20 23 31 20 24 20 25 22 22 75 22 24 30 25 4304 89 26
leaf_count=21 21 32 27 22 21 20 45 28 32 23 20 28 20 20 23 31 20 24 20 25 22 22 75 22 24 30 25 4304 89 26
internal_value=1.53615e-11 -1.99148e-05 5.9829e-06 0.0012039 -3.01521e-05 0.00171278 -1.68601e-05 -0.0018159 3.04881e-06 -2.28274e-05 -0.00262966 4.99016e-06 0.00298614 0.000318935 -3.40561e-05 -5.40048e-06 -2.75867e-05 2.46551e-06 -1.87319e-05 -5.88529e-05 -0.00348192 -2.73661e-05 -1.45095e-06 0.00183004 0.000587094 0.00242042 0.00379498 -4.11555e-05 -0.00156221 0.000179172
internal_weight=5162 5078 5057 84 62 41 5025 55 4970 4925 52 4873 63 40 4810 4782 4759 4728 4708 4608 42 4566 4541 100 76 54 47 4494 190 101
internal_count=5162 5078 5057 84 62 41 5025 55 4970 4925 52 4873 63 40 4810 4782 4759 4728 4708 4608 42 4566 4541 100 76 54 47 4494 190 101
is_linear=0
shrinkage=0.1


Tree=76
num_leaves=31
num_cat=0
split_feature=4 7 7 7 5 9 5 1 1 1 1 1 10 4 10 3 3 5 3 7 6 10 7 9 8 8 6 5 5 3
split_gain=0.0133523 0.0159299 0.0650856 0.0508554 0.0441636 0.106435 0.0749035 0.0536473 0.0599823 0.052072 0.118497 0.0657125 0.0725749 0.100219 0.0931195 0.0786832 0.0872344 0.0604887 0.0415934 0.0548203 0.073209 0.111143 0.053217 0.0663823 0.144497 0.179534 0.0868061 0.0577263 0.0477169 0.110365
threshold=10053.000000000002 115696470.425 121096119.98000002 76771013.685000017 90340.000000000015 73233.500000000015 89931.500000000015 397.50000000000006 366.50000000000006 280.50000000000006 335.50000000000006 224.50000000000003 92044.125000000015 76116.500000000015 94462.375000000015 97843.500000000015 94241.000000000015 92366.000000000015 63007.000000000007 81773108.825000018 72931.60000000002 64768.375000000007 103684044.43000002 87132.250000000015 67143.250000000015 63472.250000000007 75584.300000000017 98721.500000000015 76570.000000000015 80702.500000000015
decision_type=2 2 2 2 2 2 2 2 2 2 2 2 2 2 2 2 2 2 2 2 2 2 2 2 2 2 2 2 2 2
left_child=-1 3 -3 4 6 -6 -2 8 9 11 -11 -7 13 15 -14 16 17 -13 -5 20 21 -20 23 24 25 28 -26 -28 -21 -30
right_child=1 2 -4 18 5 7 -8 -9 -10 10 -12 12 14 -15 -16 -17 -18 -19 19 22 -22 -23 -24 -25 26 -27 27 -29 29 -31
leaf_value=0.0025164241414694561 -3.3640852758675838e-06 -0.0044632543129130052 -0.00021668258736520156 -0.0034105712978634985 -0.0080646317186100144 -0.0041115017820681846 0.0052823514280909744 -0.0057108772126957773 0.0049276872491464023 -0.0095661865686997791 0.00095847511826002089 0.0045102993678301576 0.0090590005461126579 -0.0050341200377596058 0.00066635340201453522 -0.0034262439805186461 0.0084822225850075487 -0.0030092620452784975 0.0058500579274866895 0.0022387564647942783 0.0075456834584474572 -0.0043427909817546611 0.0025789662113262189 0.0052039727864956319 -0.0096531393893417861 0.008261930826922944 0.0011706562781775441 -0.0054979765489697463 -0.006704502841457724 0.00081190152434698713
leaf_weight=21 3807 39 484 20 21 35 27 20 20 20 23 20 20 38 39 27 20 23 23 44 30 20 111 22 21 29 27 25 30 56
leaf_count=21 3807 39 484 20 21 35 27 20 20 20 23 20 20 38 39 27 20 23 23 44 30 20 111 22 21 29 27 25 30 56
internal_value=-8.49865e-12 -1.02791e-05 -0.000533349 4.89598e-05 -6.11505e-05 -0.00117853 3.38593e-05 -0.00070441 -0.000353079 -0.000751628 -0.00393672 -0.000134696 0.000609626 -0.000727873 0.00351132 0.00109032 0.00302599 0.000488208 0.00104909 0.00125273 0.00375433 0.0011092 0.000752405 -4.58171e-05 -0.000543642 0.00114738 -0.00422682 -0.00203542 -0.000439718 -0.0018101
internal_weight=5162 5141 523 4618 4160 326 3834 305 285 265 43 222 187 128 59 90 63 43 458 438 73 43 365 254 232 159 73 52 130 86
internal_count=5162 5141 523 4618 4160 326 3834 305 285 265 43 222 187 128 59 90 63 43 458 438 73 43 365 254 232 159 73 52 130 86
is_linear=0
shrinkage=0.1


Tree=77
num_leaves=31
num_cat=0
split_feature=9 6 4 4 7 7 7 8 5 4 7 8 8 9 4 9 8 9 7 7 3 1 10 6 5 7 4 1 7 5
split_gain=0.014272 0.0961662 0.0655976 0.0706201 0.0658072 0.0727989 0.0876917 0.0543426 0.0671501 0.0437385 0.15352 0.173505 0.0673739 0.0948333 0.0532862 0.0896093 0.0802709 0.0766918 0.0640125 0.158867 0.0906644 0.16296 0.0668628 0.124371 0.100488 0.107411 0.0969836 0.0870533 0.0781033 0.0772945
threshold=87799.500000000015 87818.300000000003 72565.500000000015 67745.000000000015 17124582.900000002 27569305.425000001 42416088.650000006 91164.125000000015 106382.00000000001 74084.500000000015 12417693.220000001 80962.750000000015 81516.000000000015 82505.500000000015 65472.500000000007 79280.250000000015 69182.000000000015 78702.250000000015 11017293.225000001 12748918.225000003 75697.500000000015 362.50000000000006 81645.625000000015 79023.950000000012 87947.500000000015 34963223.600000009 68590.500000000015 250.50000000000003 23170128.825000003 84495.000000000015
decision_type=2 2 2 2 2 2 2 2 2 2 2 2 2 2 2 2 2 2 2 2 2 2 2 2 2 2 2 2 2 2
left_child=1 9 3 -2 -4 -6 -7 8 -8 14 11 -11 13 -12 15 17 -16 -1 20 -20 -18 -22 26 -24 -25 -26 29 -27 -28 -21
right_child=2 -3 4 -5 5 6 7 -9 -10 10 12 -13 -14 -15 16 -17 18 -19 19 22 21 -23 23 24 25 27 28 -29 -30 -31
leaf_value=-3.5730837105937233e-05 -0.00023609306239946325 0.005680953500171503 -0.0052482363729116823 -0.0082485918463631111 0.0059179205296854692 -0.0045049975759216716 0.0041858854318928464 0.0043051875735584059 -0.0022844732914752554 -0.0030932507821403092 -0.0056735426021207666 0.0099211046169511985 -0.0073277349657330073 0.0029925365466624502 0.0053870794148399284 -0.0037764269181934651 0.0033495473125102846 0.0061714554182253781 0.00963687010641609 -0.0023079934752207589 -0.009906626324384259 0.001289511242738137 0.0071378715232034056 -0.0037973332869557621 0.0087229039985686537 -0.0021709122048394584 -0.00061474484391510487 0.0030669295471161609 -0.0077799019604471737 0.0041261361890234226
leaf_weight=4185 22 30 21 22 23 35 23 38 53 21 28 20 38 23 39 64 22 20 21 33 26 26 36 39 20 55 32 75 29 43
leaf_count=4185 22 30 21 22 23 35 23 38 53 21 28 20 38 23 39 64 22 20 21 33 26 26 36 39 20 55 32 75 29 43
internal_value=2.8798e-12 3.64758e-05 -0.000757989 -0.00424234 3.63715e-05 0.000681585 -0.000126708 0.0012175 -0.000326338 1.88249e-06 -0.00180785 0.00325522 -0.00414028 -0.00176531 5.12562e-05 -6.27303e-05 0.00103232 -6.20795e-06 0.00066069 0.00118091 -0.00203182 -0.00430856 0.000690376 0.00175087 0.000724771 0.00190052 -0.00105131 0.00085092 -0.00402113 0.00133237
internal_weight=5162 4925 237 44 193 172 149 114 76 4895 130 41 89 51 4765 4269 496 4205 457 383 74 52 362 225 189 150 137 130 61 76
internal_count=5162 4925 237 44 193 172 149 114 76 4895 130 41 89 51 4765 4269 496 4205 457 383 74 52 362 225 189 150 137 130 61 76
is_linear=0
shrinkage=0.1


Tree=78
num_leaves=31
num_cat=0
split_feature=9 9 9 1 10 10 10 10 4 4 1 6 1 10 10 10 7 1 9 1 4 8 3 6 1 7 1 3 3 3
split_gain=0.0123273 0.0924376 0.0550677 0.04711 0.0326089 0.0925446 0.051152 0.0491983 0.0502881 0.0805911 0.0736373 0.0390452 0.0381549 0.0523073 0.0344717 0.0581931 0.126223 0.081948 0.0780489 0.0708369 0.0525727 0.107801 0.0475233 0.0404106 0.0371617 0.0355389 0.0346048 0.0332597 0.029144 0.253032
threshold=94344.750000000015 95651.750000000015 98780.500000000015 249.50000000000003 95182.625000000015 94462.375000000015 93615.500000000015 92651.875000000015 78529.000000000015 76116.500000000015 263.50000000000006 86761.900000000009 261.50000000000006 99193.500000000015 89960.625000000015 83951.000000000015 54270147.425000012 227.50000000000003 81001.250000000015 370.50000000000006 67113.500000000015 76753.750000000015 95921.000000000015 81129.60000000002 258.50000000000006 103684044.43000002 257.50000000000006 95339.500000000015 82710.500000000015 82913.500000000015
decision_type=2 2 2 2 2 2 2 2 2 2 2 2 2 2 2 2 2 2 2 2 2 2 2 2 2 2 2 2 2 2
left_child=4 -2 -3 -4 5 6 7 8 9 14 -11 -10 13 -6 15 18 19 -18 23 22 21 27 26 28 -16 -22 -17 -19 -1 -30
right_child=1 2 3 -5 12 -7 -8 -9 11 10 -12 -13 -14 -15 24 16 17 20 -20 -21 25 -23 -24 -25 -26 -27 -28 -29 29 -31
leaf_value=0.00013046759403628579 -0.0071738372137770054 0.0049712742585688828 0.001902898494154215 -0.0038548312212030099 0.0060853847113321539 -0.0067996749328449379 0.0050634629325941212 -0.0049537375941872599 0.00030551799032504543 -0.0083537678005417212 -0.00049288115473105926 0.0055408349726349115 -0.0014348204541222557 4.6820735308126767e-05 -0.0056675881867042999 0.0067172430364215484 -0.0059990763113918627 -0.0014010546462876457 -0.0051138406493312994 0.00011108508012418089 0.00072435871325433258 -0.0072612575069069861 0.010107909590005876 0.0042790939322334123 -0.00013086649209812838 0.0063045769314547737 0.0014823194593191148 0.003997261092066765 -0.011604943294078112 -0.00025584787016411846
leaf_weight=3357 20 20 27 30 32 20 20 20 28 22 26 29 23 26 22 28 22 21 30 29 25 20 20 22 27 21 23 25 20 1107
leaf_count=3357 20 20 27 30 32 20 20 20 28 22 26 29 23 26 22 28 22 21 30 29 25 20 20 22 27 21 23 25 20 1107
internal_value=-3.8838e-12 -0.00111668 0.000456608 -0.00112749 2.13856e-05 -1.09612e-05 1.63905e-05 -4.02642e-06 1.6078e-05 -1.85064e-05 -0.00409579 0.0029691 0.00201171 0.00337844 2.21057e-05 4.92133e-05 0.00158703 -0.000419331 -3.01186e-05 0.00427556 0.00067669 -0.00113206 0.00597654 3.72777e-06 -0.00261674 0.00327185 0.0043564 0.00153281 -1.72486e-05 -0.000457252
internal_weight=5162 97 77 57 5065 4984 4964 4944 4924 4867 48 57 81 58 4819 4770 234 134 4536 100 112 66 71 4506 49 46 51 46 4484 1127
internal_count=5162 97 77 57 5065 4984 4964 4944 4924 4867 48 57 81 58 4819 4770 234 134 4536 100 112 66 71 4506 49 46 51 46 4484 1127
is_linear=0
shrinkage=0.1


Tree=79
num_leaves=31
num_cat=0
split_feature=1 7 7 4 1 5 1 1 7 4 10 6 10 9 10 3 8 1 8 4 6 1 3 10 4 8 3 3 3 1
split_gain=0.0134958 0.0342927 0.0530894 0.0438168 0.0288183 0.0374776 0.0268541 0.0404305 0.0313136 0.0234384 0.0150241 0.236766 0.0774154 0.0678828 0.216269 0.156672 0.158383 0.15609 0.128709 0.185548 0.0934735 0.0968937 0.102101 0.0683193 0.0859237 0.214511 0.121784 0.203002 0.264962 0.127682
threshold=416.50000000000006 12286247.580000002 20466003.050000004 62049.000000000007 406.50000000000006 75153.500000000015 400.50000000000006 397.50000000000006 25044716.965000007 57633.000000000007 56035.000000000007 52003.600000000006 57192.000000000007 52052.500000000007 53529.250000000007 58380.000000000007 50372.250000000007 257.50000000000006 49284.375000000007 46318.000000000007 52487.100000000006 245.50000000000003 68335.000000000015 53683.375000000007 41873.500000000007 46854.625000000007 54194.500000000007 56983.500000000007 59129.500000000007 243.50000000000003
decision_type=2 2 2 2 2 2 2 2 2 2 2 2 2 2 2 2 2 2 2 2 2 2 2 2 2 2 2 2 2 2
left_child=4 9 -3 -4 6 -6 7 10 -8 -2 13 12 -12 18 -15 16 -16 -18 23 -20 -17 -22 -23 24 25 -1 29 -28 -29 -26
right_child=1 2 3 -5 5 -7 8 -9 -10 -11 11 -13 -14 14 15 20 17 -19 19 -21 21 22 -24 -25 26 -27 27 28 -30 -31
leaf_value=7.8197876879577261e-05 0.00098571335131834663 -0.0034097887236963619 -0.00062978143105283388 0.0052488167748032588 -0.0040288156901414586 0.0012955082242842764 0.00043403144195877218 -0.0041201973287873749 0.0053452333249151707 0.0051983394511044036 -0.011317247721245108 -2.3760820396427444e-05 -0.0031984238487590723 0.011359162939003331 0.0037389926654710012 -0.0017444513225065615 -0.00045620050514116883 -0.012800163296716556 -0.010256256701039343 0.0010558811305411931 0.00012507325783371926 0.01184190682101029 0.0024150304635986684 0.0033004873748776684 -0.0040430061480340859 0.0067950326520949608 -0.012183927825611571 0.0079460776231082327 -0.0043973521393981868 0.0052273669369662041
leaf_weight=969 28 33 32 21 39 20 37 24 20 25 23 3316 24 22 22 27 20 21 29 29 25 27 20 68 24 50 23 22 83 39
leaf_count=969 28 33 32 21 39 20 37 24 20 25 23 3316 24 22 22 27 20 21 29 29 25 27 20 68 24 50 23 22 83 39
internal_value=-1.42629e-11 0.000971997 -0.000261057 0.00169947 -2.68978e-05 -0.00222396 -7.84449e-07 -2.58524e-05 0.00215726 0.0029728 -5.72867e-06 -0.000123654 -0.00717147 0.000255182 0.00205593 0.000792526 -0.00310587 -0.00677872 7.1751e-06 -0.00460019 0.00327332 0.00515499 0.00783047 0.000216273 4.29452e-05 0.000407778 -0.00190346 -0.00367498 -0.00181111 0.0016958
internal_weight=5162 139 86 53 5023 59 4964 4907 57 53 4883 3363 47 1520 184 162 63 41 1336 58 99 72 47 1278 1210 1019 191 128 105 63
internal_count=5162 139 86 53 5023 59 4964 4907 57 53 4883 3363 47 1520 184 162 63 41 1336 58 99 72 47 1278 1210 1019 191 128 105 63
is_linear=0
shrinkage=0.1


Tree=80
num_leaves=31
num_cat=0
split_feature=4 9 4 1 7 7 6 6 6 4 3 3 3 5 6 10 6 8 3 3 7 1 10 10 4 1 3 10 6 7
split_gain=0.0127617 0.0668597 0.0594372 0.0443661 0.0353681 0.0340756 0.0260951 0.065592 0.0493342 0.0809372 0.0382786 0.107233 0.0700624 0.0281431 0.0567118 0.025252 0.0480952 0.0292831 0.0236876 0.0676514 0.109123 0.0917002 0.070177 0.0739542 0.0668124 0.0567661 0.0379095 0.0664622 0.0700133 0.145693
threshold=81017.000000000015 95651.750000000015 78529.000000000015 252.50000000000003 58483447.020000003 36947306.730000004 86357.200000000012 87390.250000000015 85504.35000000002 76116.500000000015 112476.50000000001 110393.00000000001 116680.50000000001 83524.000000000015 78675.450000000026 93615.500000000015 94799.60000000002 80962.750000000015 106756.50000000001 101172.00000000001 24261439.790000003 252.50000000000003 88358.750000000015 87083.375000000015 65696.000000000015 272.50000000000006 99904.000000000015 83632.250000000015 78675.450000000026 21319414.825000003
decision_type=2 2 2 2 2 2 2 2 2 2 2 2 2 2 2 2 2 2 2 2 2 2 2 2 2 2 2 2 2 2
left_child=2 3 6 -2 -3 -4 8 -8 9 10 11 18 -12 -14 -15 -9 17 -17 19 22 -21 -22 23 26 -20 -23 27 28 -1 -30
right_child=1 4 5 -5 -6 -7 7 15 -10 -11 12 -13 13 14 -16 16 -18 -19 24 20 21 25 -24 -25 -26 -27 -28 -29 29 -31
leaf_value=-6.2036639558988741e-06 0.00016055094560475224 -0.0012038539536297322 0.0014473263392574154 -0.0056534608653081323 0.0040159666716742017 0.0065468457710812812 -0.0054063685704022653 -0.0024438489014534533 0.0038800879677926958 -0.0056747316950932145 0.0055658600865198041 -0.0068252599696912199 0.0033101163183649387 -0.0051021871733523553 0.0014368394661384324 -0.00077366658020764593 -0.0027231473276125538 0.0039536580700721396 0.0011568434153949576 0.0083992452671130501 0.0050354885250063885 -0.004412698122342267 0.0041491690062684938 -0.0050916226612853603 -0.0061171136958443608 0.0014635684647198235 -0.0028808379350938715 0.0027412268392013753 0.0021635635229556457 -0.0085778380112190335
leaf_weight=4219 21 25 38 35 27 20 31 37 33 25 35 23 21 21 36 20 28 38 28 24 35 31 40 29 23 35 46 87 23 28
leaf_count=4219 21 25 38 35 27 20 31 37 33 25 35 23 21 21 36 20 28 38 28 24 35 31 40 29 23 35 46 87 23 28
internal_value=1.17356e-11 -0.0010756 2.29847e-05 -0.00347321 0.00150644 0.00320578 -1.39653e-05 -0.00129547 2.6793e-05 3.51203e-07 3.00078e-05 -1.39886e-05 0.00184865 0.000180676 -0.000972276 -0.000259389 0.000680437 0.00232355 1.97161e-05 4.34941e-05 0.00233804 0.000897756 -2.06424e-05 -5.82761e-05 -0.00212357 -0.0012965 -2.51244e-05 5.02547e-06 -5.07238e-05 -0.00373368
internal_weight=5162 108 5054 56 52 58 4996 154 4842 4809 4784 4671 113 78 57 123 86 58 4648 4597 125 101 4472 4432 51 66 4403 4357 4270 51
internal_count=5162 108 5054 56 52 58 4996 154 4842 4809 4784 4671 113 78 57 123 86 58 4648 4597 125 101 4472 4432 51 66 4403 4357 4270 51
is_linear=0
shrinkage=0.1


Tree=81
num_leaves=31
num_cat=0
split_feature=1 1 4 7 10 4 4 9 8 5 7 10 1 7 1 1 7 8 4 7 1 6 8 3 5 10 10 1 9 7
split_gain=0.0113766 0.0323576 0.0504653 0.0297755 0.0366133 0.0788312 0.0437792 0.0786862 0.0473514 0.0505601 0.0454381 0.0301933 0.0229113 0.0309653 0.0231394 0.178021 0.0850983 0.156333 0.162896 0.11989 0.102921 0.0902195 0.0994348 0.103655 0.188157 0.0790178 0.0783645 0.0735653 0.0764734 0.128129
threshold=206.50000000000003 209.50000000000003 46559.000000000007 6925675.7500000009 76797.625000000015 55099.000000000007 48842.000000000007 57815.500000000007 49729.500000000007 45091.500000000007 23956841.025000002 34512.625000000007 213.50000000000003 34546350.305000007 234.50000000000003 236.50000000000003 23956841.025000002 33745.500000000007 35158.000000000007 16904821.470000003 229.50000000000003 86357.200000000012 35213.000000000007 65190.000000000007 68475.000000000015 63286.875000000007 75373.125000000015 220.50000000000003 59150.750000000007 11597285.9
decision_type=2 2 2 2 2 2 2 2 2 2 2 2 2 2 2 2 2 2 2 2 2 2 2 2 2 2 2 2 2 2
left_child=3 2 -2 -1 5 6 7 8 9 11 -11 -5 13 -3 16 25 17 -14 -19 27 -21 22 -18 -24 -25 -16 -27 -20 29 -29
right_child=1 12 -4 4 -6 -7 -8 -9 -10 10 -12 -13 14 -15 15 -17 21 18 19 20 -22 -23 23 24 -26 26 -28 28 -30 -31
leaf_value=-0.0022289576849503006 0.00063408846642984005 0.0043557678848238929 -0.0059903268256913068 0.00098994023589208768 -0.0021364165576440949 0.0056505075096437291 -0.0028801828664126658 0.0069458400797364969 -0.0036589336600930744 0.0064461512406441303 0.0012777794514161845 -0.0040261447390851877 0.003714502192078493 -0.00023202735389913281 0.0080172750951820314 -4.0998228396190967e-05 -0.0058990422466939155 -0.010000806131089729 -0.0054948840947789991 -0.0025491914147454681 -0.011640323502942921 -0.0047129853998365652 0.0039073476565387498 -0.0092683334357570851 0.00077031084338256524 -0.0024121912767771972 0.0061281038082337813 0.0026249370203377345 0.0049157768276927531 -0.006336579706381869
leaf_weight=34 23 28 23 24 35 36 31 21 24 22 75 24 39 31 38 3957 22 30 22 33 20 34 94 20 281 22 21 39 32 27
leaf_count=34 23 28 23 24 35 36 31 21 24 22 75 24 39 31 38 3957 22 30 22 33 20 34 94 20 281 22 21 39 32 27
internal_value=3.63615e-12 -3.85446e-05 -0.00267812 0.000571784 0.000897898 0.00131113 0.000604264 0.00117278 0.000455417 0.00113641 0.00244999 -0.0015181 -1.31958e-05 0.00194523 -3.76193e-05 5.39991e-05 -0.000571465 -0.00208424 -0.00319828 -0.00201866 -0.00597981 0.000240268 0.000644131 0.00100856 0.000103291 0.0046948 0.00175865 -0.000269147 0.000903977 -0.00104114
internal_weight=5162 4836 46 326 292 257 221 190 169 145 97 48 4790 59 4731 4038 693 242 203 173 53 451 417 395 301 81 43 120 98 66
internal_count=5162 4836 46 326 292 257 221 190 169 145 97 48 4790 59 4731 4038 693 242 203 173 53 451 417 395 301 81 43 120 98 66
is_linear=0
shrinkage=0.1


Tree=82
num_leaves=31
num_cat=0
split_feature=1 6 10 4 7 1 4 1 10 1 8 8 9 3 1 5 4 5 10 4 4 3 1 1 3 8 1 4 3 8
split_gain=0.0112156 0.0381294 0.0620502 0.0573103 0.0273931 0.0234033 0.0363979 0.022111 0.0593199 0.0255001 0.060443 0.070163 0.106429 0.0528292 0.03339 0.0309265 0.0205409 0.11369 0.130905 0.0930474 0.0862838 0.068771 0.0629216 0.120729 0.0599908 0.0857017 0.172271 0.14144 0.0794386 0.0630541
threshold=416.50000000000006 66772.35000000002 77666.125000000015 52984.500000000007 14957506.164999999 406.50000000000006 52984.500000000007 401.50000000000006 69376.125000000015 388.50000000000006 71277.125000000015 55535.125000000007 51389.000000000007 90619.500000000015 386.50000000000006 67820.000000000015 54970.000000000007 64185.000000000007 64023.500000000007 52678.000000000007 55210.500000000007 70949.500000000015 377.50000000000006 383.50000000000006 73096.000000000015 63912.500000000007 242.50000000000003 64280.500000000007 73901.500000000015 65508.625000000007
decision_type=2 2 2 2 2 2 2 2 2 2 2 2 2 2 2 2 2 2 2 2 2 2 2 2 2 2 2 2 2 2
left_child=5 3 -3 4 -2 7 -7 9 -9 14 11 12 -11 15 16 -13 19 -18 21 -1 -20 -19 24 -24 25 -22 -27 29 -26 -28
right_child=1 2 -4 -5 -6 6 -8 8 -10 10 -12 13 -14 -15 -16 -17 17 18 20 -21 22 -23 23 -25 28 26 27 -29 -30 -31
leaf_value=-1.8176203627600479e-05 0.0028935570787224506 -0.0048022383265197283 0.0016125152020800958 0.006696279662322592 -0.0016110194036392151 0.00089211693406105049 -0.0041342554312637624 -0.0015448205705199923 0.0058855979449369692 0.0010878981224744133 -0.0050107411334893723 0.00057210247730836276 -0.0082819919652220887 -0.0025015783199341967 0.0035937569704121695 0.0056836121185714836 0.0061812941933533658 -0.0098812350559802295 -0.005729504111306077 0.0019060319914695476 0.0004929485767134603 -0.0019661523523214069 -0.0083355427092800926 0.0016105601726018864 0.0057808380044298245 -0.011936355307698251 -0.009063638553489 0.0039304366335272791 9.5940810508400717e-05 -0.0021868217573501169
leaf_weight=2617 27 25 38 22 27 25 34 21 22 27 34 20 22 20 26 29 27 21 28 278 101 23 26 23 25 20 20 30 1464 40
leaf_count=2617 27 25 38 22 27 25 34 21 22 27 34 20 22 20 26 29 27 21 28 278 101 23 26 23 25 20 20 30 1464 40
internal_value=-4.13008e-12 0.000886088 -0.000933022 0.00239404 0.000641269 -2.45205e-05 -0.00200444 -9.88024e-07 0.00225679 -2.07166e-05 -0.00129579 -0.000225384 -0.00311899 0.0018295 1.99233e-05 0.00359728 3.3236e-07 -0.000260137 -0.000355644 0.000166601 -0.000222229 -0.00574381 -0.000134062 -0.00366696 -3.22315e-05 -0.00161029 -0.00354145 -0.00167592 0.000191389 -0.00447909
internal_weight=5162 139 63 76 54 5023 59 4964 43 4921 152 118 49 69 4769 49 4743 1848 1821 2895 1777 44 1749 49 1700 211 110 90 1489 60
internal_count=5162 139 63 76 54 5023 59 4964 43 4921 152 118 49 69 4769 49 4743 1848 1821 2895 1777 44 1749 49 1700 211 110 90 1489 60
is_linear=0
shrinkage=0.1


Tree=83
num_leaves=31
num_cat=0
split_feature=1 7 1 1 0 7 7 1 7 10 4 4 10 1 10 6 6 10 10 3 1 8 10 4 1 7 10 6 9 10
split_gain=0.0115716 0.0655343 0.110981 0.0505693 0.0466677 0.0454588 0.0451782 0.0341695 0.0675303 0.0842759 0.153984 0.129171 0.175796 0.158025 0.156131 0.10409 0.130397 0.123676 0.189038 0.0815836 0.0702794 0.0686842 0.0620788 0.158959 0.0697049 0.177601 0.062015 0.0597994 0.0562888 0.143879
threshold=287.50000000000006 130654572.245 290.50000000000006 286.50000000000006 11.500000000000002 2248139.7300000004 2853318.6050000004 267.50000000000006 90256326.010000005 89153.000000000015 71901.500000000015 67113.500000000015 72513.250000000015 274.50000000000006 71253.375000000015 66617.800000000003 58700.950000000004 62632.500000000007 64165.375000000007 66261.000000000015 273.50000000000006 60665.625000000007 58869.375000000007 47673.000000000007 277.50000000000006 14288915.065000001 58164.250000000007 72812.900000000009 60598.750000000007 75498.500000000015
decision_type=2 2 2 2 2 2 2 2 2 2 2 2 2 2 2 2 2 2 2 2 2 2 2 2 2 2 2 2 2 2
left_child=3 2 -2 4 5 -1 -7 -8 9 10 11 12 14 -14 15 16 19 -18 -19 22 -20 -22 23 24 25 -9 -21 -15 -10 -30
right_child=1 -3 -4 -5 -6 6 7 8 28 -11 -12 -13 13 27 -16 -17 17 18 20 26 21 -23 -24 -25 -26 -27 -28 -29 29 -31
leaf_value=-0.0046147209507497872 0.0056237054618600854 -0.004899977194145322 0.0001981123827113192 -0.0047575555255879526 0.0043412889518852664 0.0040983123955531759 5.1502493336966272e-05 -0.011204024856644018 0.006194106653510105 0.0042715742658064873 -0.0096466845917430807 0.0045882119284313475 -0.0099742081947624683 -0.0053167962059378626 0.0072247768985107541 -0.0076148739165585975 0.0075479166132622752 -0.0078347565039344463 0.0063826978302978232 -0.0096506562736897693 0.0039595857760868968 -0.0033814409496979074 -0.006232532103812056 0.0078355368785560132 0.0027068235839788732 -0.00064556761468393797 -0.0022242376793160062 0.0014120017178356648 -0.0063654104733596676 0.0028373840397510394
leaf_weight=22 39 24 1132 23 24 26 3204 21 21 27 22 37 42 25 24 23 29 23 29 23 25 26 21 20 26 66 22 28 23 65
leaf_count=22 39 24 1132 23 24 26 3204 21 21 27 22 37 42 25 24 23 29 23 29 23 25 26 21 20 26 66 22 28 23 65
internal_value=-1.07899e-11 0.000272794 0.000378811 -8.2175e-05 -5.49099e-05 -8.18254e-05 -5.62421e-05 -8.41394e-05 -0.000734733 -0.00117872 -0.00145533 -0.00110198 -0.00154709 -0.00539264 -0.000580614 -0.00110979 -0.000657779 0.00177925 0.000155058 -0.0022743 0.00245213 0.000217102 -0.00117979 -0.000381984 -0.00183641 -0.00319416 -0.00601996 -0.00176196 0.00154222 0.000432108
internal_weight=5162 1195 1171 3967 3944 3920 3898 3872 668 559 532 510 473 95 378 354 331 132 103 199 80 51 154 133 113 87 45 53 109 88
internal_count=5162 1195 1171 3967 3944 3920 3898 3872 668 559 532 510 473 95 378 354 331 132 103 199 80 51 154 133 113 87 45 53 109 88
is_linear=0
shrinkage=0.1


Tree=84
num_leaves=31
num_cat=0
split_feature=3 8 8 4 1 3 5 7 4 1 5 3 4 7 5 7 9 4 4 4 1 10 4 9 7 4 3 10 1 7
split_gain=0.0111959 0.0647625 0.205346 0.172914 0.114989 0.0549729 0.0732048 0.0933459 0.0762588 0.0723963 0.0636697 0.0486206 0.0591128 0.0683462 0.0466421 0.0778952 0.0823438 0.0454665 0.115718 0.109649 0.0968898 0.095245 0.0348528 0.0253965 0.0249279 0.0783329 0.144391 0.090565 0.0657307 0.0600862
threshold=46175.000000000007 40095.500000000007 38912.750000000007 37724.500000000007 251.50000000000003 47908.500000000007 48468.000000000007 12748918.225000003 36164.500000000007 255.50000000000003 49120.000000000007 50193.500000000007 36164.500000000007 8550662.6050000023 51413.000000000007 15473782.805000002 48017.250000000007 29131.000000000004 32827.000000000007 34890.500000000007 251.50000000000003 35424.250000000007 31329.500000000004 30282.500000000004 5205512.9300000006 53496.000000000007 63007.000000000007 73573.250000000015 362.50000000000006 6789847.0249999994
decision_type=2 2 2 2 2 2 2 2 2 2 2 2 2 2 2 2 2 2 2 2 2 2 2 2 2 2 2 2 2 2
left_child=1 2 17 -3 -5 9 7 8 -7 -2 -8 12 -12 -14 15 16 -13 21 20 -20 22 23 -19 -1 25 28 -27 -28 -16 -26
right_child=5 3 -4 4 -6 6 10 -9 -10 -11 11 14 13 -15 24 -17 -18 18 19 -21 -22 -23 -24 -25 29 26 27 -29 -30 -31
leaf_value=-0.00015250868615485395 -0.00031668699141450003 0.011114935819059611 -0.0099240871617803355 0.0040658777198669593 -0.0051449906931299236 -0.0042557647473932736 -0.0043649197107537051 0.0072953650938166721 0.0038463360916536587 -0.0072972502811656645 -0.0067541049833854915 0.0089527845084667219 -0.0053801236329309183 0.0019479462264903953 -0.0067911503008670276 -0.0011903064196101495 0.0007523316414638733 0.0047490249487704469 -0.0072618813386985245 0.0029570957601425195 0.010362716731615366 -0.0044959783083124254 -0.00024045050543333802 0.0028521385255523704 0.0022951539511590438 0.0077772151678800585 -0.0045229320924374322 0.0032834241085726284 0.00035894772037863731 -4.1682070919554759e-05
leaf_weight=78 39 20 20 33 23 21 34 31 26 24 23 25 20 35 36 36 24 28 21 21 20 44 28 44 113 21 42 23 20 4189
leaf_count=78 39 20 20 33 23 21 34 31 26 24 23 25 20 35 36 36 24 28 21 21 20 44 28 44 113 21 42 23 20 4189
internal_value=2.8435e-12 0.000522435 -0.000130304 0.00313339 0.000282842 -4.15151e-05 -2.33961e-06 0.00303577 0.000226248 -0.00297595 -5.34003e-05 -2.15809e-05 -0.00249704 -0.000716806 2.10522e-05 0.00234147 0.00493624 0.000559399 0.00206012 -0.00215239 0.00438808 -0.000507377 0.00225429 0.000931135 -2.33301e-05 -0.00132694 0.000568339 -0.00176068 -0.00423754 1.96993e-05
internal_weight=5162 380 304 76 56 4782 4719 78 47 63 4641 4607 78 55 4529 85 49 284 118 42 76 166 56 122 4444 142 86 65 56 4302
internal_count=5162 380 304 76 56 4782 4719 78 47 63 4641 4607 78 55 4529 85 49 284 118 42 76 166 56 122 4444 142 86 65 56 4302
is_linear=0
shrinkage=0.1


Tree=85
num_leaves=31
num_cat=0
split_feature=4 9 4 6 7 7 6 6 6 4 3 3 3 5 6 10 4 9 3 3 7 1 10 10 4 1 3 3 5 1
split_gain=0.0112271 0.0560934 0.0496701 0.0381997 0.0324088 0.0293479 0.0196536 0.0538864 0.039703 0.0639653 0.0319999 0.0854742 0.0547937 0.023803 0.046404 0.0206144 0.044613 0.0676116 0.0191823 0.0536757 0.0874605 0.0729185 0.0571584 0.0590754 0.0528905 0.0508344 0.033285 0.100928 0.0806387 0.0803351
threshold=81017.000000000015 95651.750000000015 78529.000000000015 92027.250000000015 19640554.740000006 58483447.020000003 86357.200000000012 87390.250000000015 85504.35000000002 76116.500000000015 112476.50000000001 110393.00000000001 116680.50000000001 83524.000000000015 78675.450000000026 93615.500000000015 76504.000000000015 91107.750000000015 106756.50000000001 101172.00000000001 24261439.790000003 252.50000000000003 88358.750000000015 87083.375000000015 66238.000000000015 333.50000000000006 95921.000000000015 96730.500000000015 83033.000000000015 248.50000000000003
decision_type=2 2 2 2 2 2 2 2 2 2 2 2 2 2 2 2 2 2 2 2 2 2 2 2 2 2 2 2 2 2
left_child=2 3 6 -2 -4 -3 8 -8 9 10 11 18 -12 -14 -15 -9 17 -17 19 22 -21 -22 23 26 -20 -23 -1 -28 -29 -30
right_child=1 5 4 -5 -6 -7 7 15 -10 -11 12 -13 13 14 -16 16 -18 -19 24 20 21 25 -24 -25 -26 -27 27 28 29 -31
leaf_value=3.4144980420666389e-05 -0.00039946099456686238 -0.0011127060987055303 0.0057446434317777557 -0.0056363900792590974 0.00094509855296243638 0.0036421603298987509 -0.0048504352674729398 -0.0021589755923864811 0.0034799173297924979 -0.0050456765149720015 0.0049759153808866235 -0.006095525357143387 0.0030915781766885802 -0.0045825727372652012 0.0013324233955548457 0.0027469125478678654 0.0046709574049427398 -0.0037103305255775064 0.00078128459475313632 0.0075072296274205051 0.0044812213486459642 -0.0029951693782293109 0.0037431443005334591 -0.0045526477444017754 -0.005762120983785108 0.0030437161918962377 -0.0064395988010801375 -0.0038687277336915335 -0.0019268454708234997 0.0034354449317862213
leaf_weight=4212 26 25 24 30 34 27 31 37 33 25 35 23 21 21 36 31 21 34 30 24 35 46 40 29 21 20 32 45 49 65
leaf_count=4212 26 25 24 30 34 27 31 37 33 25 35 23 21 21 36 31 21 34 30 24 35 46 40 29 21 20 32 45 49 65
internal_value=6.59858e-12 -0.00100886 2.15586e-05 -0.00320496 0.00293112 0.00135617 -1.22193e-05 -0.00112437 2.31526e-05 -5.68223e-07 2.57963e-05 -1.44303e-05 0.00168861 0.000213543 -0.000846786 -0.000185276 0.000663874 -0.000630722 1.56611e-05 3.70587e-05 0.0020809 0.000791478 -2.00702e-05 -5.40342e-05 -0.00191306 -0.0011652 -2.44044e-05 -0.00131556 -0.000284303 0.0011306
internal_weight=5162 108 5054 56 58 52 4996 154 4842 4809 4784 4671 113 78 57 123 86 65 4648 4597 125 101 4472 4432 51 66 4403 191 159 114
internal_count=5162 108 5054 56 58 52 4996 154 4842 4809 4784 4671 113 78 57 123 86 65 4648 4597 125 101 4472 4432 51 66 4403 191 159 114
is_linear=0
shrinkage=0.1


Tree=86
num_leaves=31
num_cat=0
split_feature=6 1 7 8 10 7 7 5 1 3 10 7 3 9 1 8 9 1 1 7 5 7 7 4 1 7 5 6 10 9
split_gain=0.0114557 0.0352663 0.0271194 0.0667421 0.0418593 0.0384771 0.0711829 0.0677914 0.0984639 0.0359708 0.0765438 0.0473932 0.0312675 0.029853 0.0288215 0.0384597 0.0321364 0.0202413 0.0660885 0.199351 0.173572 0.266394 0.0797192 0.0791224 0.0772165 0.111589 0.128432 0.113055 0.136314 0.060655
threshold=98697.85000000002 259.50000000000006 287106057.9600001 63472.250000000007 70871.875000000015 155188663.95000002 158871839.60500005 108579.50000000001 254.50000000000003 102314.50000000001 76601.125000000015 172089014.69000003 88753.000000000015 77750.750000000015 256.50000000000006 74157.375000000015 76390.750000000015 254.50000000000003 258.50000000000006 12748918.225000003 79350.500000000015 40143748.230000012 130654572.245 65293.500000000007 260.50000000000006 9301964.1300000008 84167.500000000015 68175.150000000009 59336.625000000007 63829.250000000007
decision_type=2 2 2 2 2 2 2 2 2 2 2 2 2 2 2 2 2 2 2 2 2 2 2 2 2 2 2 2 2 2
left_child=2 -2 5 4 -4 7 -7 17 -9 10 11 -8 -13 -5 16 -16 -11 -1 19 -19 21 29 24 -22 25 -20 27 28 -27 -21
right_child=1 -3 3 13 -6 6 9 8 -10 14 -12 12 -14 -15 15 -17 -18 18 22 20 23 -23 -24 -25 -26 26 -28 -29 -30 -31
leaf_value=0.00022933475151070771 0.00056224421631278739 -0.0045471797485581852 0.0025639788666740062 0.007434345274232328 -0.0035212000811812826 -0.0070144175396126239 0.0033651748974807567 -0.00058925559860654184 0.0073184932612123032 0.002402157256645816 0.0059156721768279874 -0.00054384380077513361 -0.0052586912838953805 0.0020961734550920398 -0.0068639388156082962 -0.00086798827629536396 -0.0029544504951142399 0.0044705543947029152 -0.0045549129978531885 -0.00090963107709219498 0.0033912624636044104 -0.012316901845808484 -0.0046978543289393805 -0.0038187163608634604 -0.00010755554485504843 0.0069726975191522142 -0.0024584877553085489 0.011333361208777537 -0.001324630699430903 -0.0071640749648213395
leaf_weight=2123 35 22 20 20 26 20 20 32 31 21 21 39 22 22 23 20 24 42 21 69 45 38 36 23 2195 44 30 22 36 20
leaf_count=2123 35 22 20 20 26 20 20 32 31 21 21 39 22 22 23 20 24 42 21 69 45 38 36 23 2195 44 30 22 36 20
internal_value=2.53101e-12 -0.00140981 1.57413e-05 0.00175604 -0.00087547 -1.47841e-05 -0.00133976 4.3099e-05 0.00330186 -0.000742423 0.000535603 -0.00085923 -0.00224428 0.00463816 -0.00222377 -0.00407512 -0.0004547 -1.7708e-07 -0.000186081 -0.00177869 -0.00312468 -0.00530778 -2.77555e-05 0.000952593 4.38474e-05 0.00221594 0.00329312 0.00498476 0.0032389 -0.00231512
internal_weight=5162 57 5105 88 46 5017 210 4807 63 190 102 81 61 42 88 43 45 4744 2621 237 195 127 2384 68 2348 153 132 102 80 89
internal_count=5162 57 5105 88 46 5017 210 4807 63 190 102 81 61 42 88 43 45 4744 2621 237 195 127 2384 68 2348 153 132 102 80 89
is_linear=0
shrinkage=0.1


Tree=87
num_leaves=31
num_cat=0
split_feature=7 7 5 9 3 9 10 10 10 5 3 5 7 10 6 8 8 6 3 3 3 9 6 3 7 8 10 10 3 10
split_gain=0.0114114 0.0519022 0.0546734 0.0634196 0.116112 0.0961667 0.0695267 0.111197 0.0744773 0.0553051 0.0513771 0.0496094 0.0477721 0.0480651 0.116983 0.0577046 0.051391 0.149109 0.0882461 0.045599 0.0716918 0.0686722 0.0621453 0.042544 0.0405651 0.0399634 0.0646973 0.0942798 0.0590496 0.0421766
threshold=71041605.000000015 110988510.48999999 63014.500000000007 58007.250000000007 77807.000000000015 56597.000000000007 65346.375000000007 75249.375000000015 72513.250000000015 86579.500000000015 83000.500000000015 89931.500000000015 64245437.559999995 61281.625000000007 62666.950000000004 47853.875000000007 62493.250000000007 72447.700000000012 95921.000000000015 101862.00000000001 89982.000000000015 73673.000000000015 86357.200000000012 94887.000000000015 63593784.825000018 44040.750000000007 58164.250000000007 61469.625000000007 72694.500000000015 70438.875000000015
decision_type=2 2 2 2 2 2 2 2 2 2 2 2 2 2 2 2 2 2 2 2 2 2 2 2 2 2 2 2 2 2
left_child=12 2 -2 5 -5 -4 -6 8 9 10 -8 -11 24 15 -15 -14 -16 -18 -19 20 21 -9 -21 -22 -1 28 -27 -28 -3 -29
right_child=1 25 3 4 6 -7 7 19 -10 11 -12 -13 13 14 16 -17 17 18 -20 22 23 -23 -24 -25 -26 26 27 29 -30 -31
leaf_value=-3.1733692503574473e-05 -0.0027769542609651886 0.00022317329788132121 0.00192365596227282 -0.0054569587464733376 -0.0034808670450001953 0.009232961293309928 0.0018502754497934472 -0.0014487859482566515 0.0092194083754135216 -0.0034017495217267425 0.0086844854056835185 0.0035572899682890808 -0.0027389619499444962 -0.0098378904513083398 0.002173773674959583 0.0042015576930716633 -0.0098696950113489525 0.0048364280146250341 -0.0042263403889678773 0.0050697896004605449 -0.0052014832001398593 0.0066383731640165759 -0.00057736497372388844 -0.00079979432353396876 0.0044835280731786043 0.0040405704586633619 -0.0065220138619527766 0.001725625277380459 -0.0065214586029760553 -0.00058968283855488786
leaf_weight=3862 36 27 99 29 30 22 22 21 23 20 22 21 23 20 28 25 21 22 21 38 34 21 40 62 20 35 24 100 25 369
leaf_count=3862 36 27 99 29 30 22 22 21 23 20 22 21 23 20 28 25 21 22 21 38 34 21 40 62 20 35 24 100 25 369
internal_value=8.02441e-13 0.000282455 0.000987962 0.00125688 0.000626377 0.00325262 0.00112473 0.00155117 0.0041711 0.00280509 0.00526738 0.000162637 -7.82656e-05 -0.00177165 -0.00290632 0.000875892 -0.00139945 -0.00296274 0.000410425 0.000241209 -0.000851133 0.00259479 0.00217381 -0.00235873 -8.47114e-06 -0.000374396 -0.000113899 -0.000408841 -0.00301944 -9.60137e-05
internal_weight=5162 1120 540 504 383 121 354 324 108 85 44 41 4042 160 112 48 92 64 43 216 138 42 78 96 3882 580 528 493 52 469
internal_count=5162 1120 540 504 383 121 354 324 108 85 44 41 4042 160 112 48 92 64 43 216 138 42 78 96 3882 580 528 493 52 469
is_linear=0
shrinkage=0.1


Tree=88
num_leaves=31
num_cat=0
split_feature=7 7 3 3 6 7 7 10 3 5 1 3 5 5 4 5 8 10 10 3 3 10 1 6 7 7 7 10 4 6
split_gain=0.0117903 0.0274132 0.0266979 0.0590066 0.0360635 0.0358904 0.044612 0.0664599 0.0892215 0.0218611 0.0801856 0.0403332 0.0279116 0.0488649 0.0564207 0.042124 0.0999836 0.0830512 0.0806045 0.0369924 0.058478 0.10644 0.106628 0.0412963 0.0359861 0.046704 0.0681153 0.0609084 0.110261 0.0547501
threshold=451566504.90500003 373184935.56500012 126425.50000000001 132766.00000000003 98697.85000000002 287106057.9600001 194435279.92500004 82582.250000000015 98317.000000000015 108579.50000000001 254.50000000000003 114089.00000000001 99322.500000000015 101028.00000000001 68280.500000000015 97107.000000000015 85765.750000000015 84410.625000000015 90534.125000000015 107609.50000000001 102314.50000000001 88358.750000000015 252.50000000000003 83999.150000000009 158871839.60500005 110988510.48999999 125478759.82500003 57192.000000000007 43673.000000000007 62854.850000000006
decision_type=2 2 2 2 2 2 2 2 2 2 2 2 2 2 2 2 2 2 2 2 2 2 2 2 2 2 2 2 2 2
left_child=1 2 4 -4 5 6 9 8 -8 12 -11 -12 15 14 -14 16 18 -17 24 20 23 22 -22 -15 25 -1 29 -28 -29 -27
right_child=-2 -3 3 -5 -6 -7 7 -9 -10 10 11 -13 13 19 -16 17 -18 -19 -20 -21 21 -23 -24 -25 -26 26 27 28 -30 -31
leaf_value=3.3239901693168087e-05 0.0017101848093443552 -0.0037083628098480408 0.0055520911075830183 -0.00084233386141638594 -0.0040633275639265776 0.0032322812483043355 -0.0037273246349234668 -0.0063900714776806396 0.0040062287249244179 -0.0011813738810208937 0.0080563704157248141 0.0017055262019857764 -0.00052322682738304143 -0.00094141297449823469 -0.0072416040152311336 -0.0007245731782792818 -0.0061892921678148791 0.0058576864733671154 0.005809616792248562 0.0037340398039668802 0.0059286855118857191 -0.006228398457647135 -0.0035305803928237693 0.0054848049674183132 0.0027514021724779555 -0.0010579817778160496 0.0045021486086467199 -0.0061980324281491984 0.0017091547639211059 -0.0067911922187906598
leaf_weight=4277 40 20 27 31 22 34 35 27 26 48 20 20 25 20 25 41 26 36 24 20 22 39 26 20 47 31 23 29 45 36
leaf_count=4277 40 20 27 31 22 34 35 27 26 48 20 20 25 20 25 41 26 36 24 20 22 39 26 20 47 31 23 29 45 36
internal_value=5.28483e-12 -1.33556e-05 1.12895e-06 0.00213438 -2.34009e-05 -5.70311e-06 -2.77744e-05 -0.00225939 -0.000431056 1.23036e-05 0.00157423 0.00488095 -1.62602e-05 -0.00118195 -0.00388242 3.34993e-05 -5.85495e-06 0.00235285 2.97766e-05 -0.000263421 -0.000892943 -0.00234795 0.000804916 0.0022717 -1.13167e-06 -3.02623e-05 -0.00168635 7.40662e-06 -0.00138961 -0.00413851
internal_weight=5162 5122 5102 58 5044 5022 4988 88 61 4900 88 40 4812 197 50 4615 4538 77 4512 147 127 87 48 40 4488 4441 164 97 74 67
internal_count=5162 5122 5102 58 5044 5022 4988 88 61 4900 88 40 4812 197 50 4615 4538 77 4512 147 127 87 48 40 4488 4441 164 97 74 67
is_linear=0
shrinkage=0.1


Tree=89
num_leaves=31
num_cat=0
split_feature=1 1 1 10 3 3 6 10 7 7 1 3 10 4 1 8 1 1 7 4 1 1 1 7 4 1 6 8 3 5
split_gain=0.0110568 0.0276104 0.021764 0.0373217 0.0632809 0.0656347 0.0612944 0.042962 0.0310227 0.065643 0.0277644 0.0457677 0.0232131 0.0184975 0.0175121 0.0289556 0.0181686 0.140164 0.069708 0.126332 0.144127 0.195595 0.152869 0.282355 0.187235 0.0774108 0.0707731 0.0758574 0.0855119 0.156261
threshold=156.50000000000003 174.50000000000003 206.50000000000003 76121.625000000015 73096.000000000015 86956.500000000015 58534.600000000006 56170.750000000007 9999395.9250000026 19446091.845000003 209.50000000000003 71489.000000000015 46776.375000000007 39439.000000000007 213.50000000000003 45479.125000000007 234.50000000000003 236.50000000000003 23956841.025000002 28741.000000000004 220.50000000000003 216.50000000000003 229.50000000000003 18798751.780000005 50010.500000000007 225.50000000000003 86357.200000000012 35213.000000000007 65190.000000000007 68475.000000000015
decision_type=2 2 2 2 2 2 2 2 2 2 2 2 2 2 2 2 2 2 2 2 2 2 2 2 2 2 2 2 2 2
left_child=-1 13 3 4 6 -6 7 8 -3 -10 11 -4 -11 -2 15 -12 18 -18 19 -16 21 -21 25 24 -24 -22 27 -20 -29 -30
right_child=1 2 10 -5 5 -7 -8 -9 9 12 14 -13 -14 -15 16 -17 17 -19 26 20 22 -23 23 -25 -26 -27 -28 28 29 -31
leaf_value=0.0018530588575231379 -0.00056316905259154741 0.00342873154530445 0.0004098692927509546 -0.0023183818065351056 0.0069410728646575343 -2.9344691640951419e-05 -0.0044071824411335203 0.0052205248651179398 -0.0047203885964476151 0.0029653274145195092 -0.0013938965159468353 -0.0059226822684563347 -0.00093720256074987084 -0.0045389631890099154 0.0044404141920884807 0.0032860946411696762 0.0041652011966051101 -3.6997172722783977e-05 -0.0051295841345563534 -0.0014189169528738908 -0.00082838284395014253 -0.014472834310303865 -0.0056824492572835001 -0.014894315620185809 0.0063963460126182153 0.0051440272726775973 -0.004159324259757448 0.0035366447912430037 -0.0084589183703064931 0.00068937294770138238
leaf_weight=32 25 26 25 31 35 22 23 22 26 35 20 21 27 22 28 39 81 3957 22 24 60 22 33 20 21 34 34 94 20 281
leaf_count=32 25 26 25 31 35 22 23 22 26 35 20 21 27 22 28 39 81 3957 22 24 60 22 33 20 21 34 34 94 20 281
internal_value=-1.56215e-12 -1.1559e-05 1.07493e-05 0.000926346 0.00139202 0.00425074 0.000367203 0.00117464 0.00039385 -0.000502819 -3.60151e-05 -0.00248108 0.00126584 -0.00242418 -1.25343e-05 0.00169966 -3.38869e-05 4.72966e-05 -0.00050693 -0.00187609 -0.00270255 -0.00766209 -0.00134458 -0.00474438 -0.00098514 0.00133185 0.000227743 0.000585442 0.000903747 8.15131e-05
internal_weight=5162 5130 5083 247 216 57 159 136 114 88 4836 46 62 47 4790 59 4731 4038 693 242 214 46 168 74 54 94 451 417 395 301
internal_count=5162 5130 5083 247 216 57 159 136 114 88 4836 46 62 47 4790 59 4731 4038 693 242 214 46 168 74 54 94 451 417 395 301
is_linear=0
shrinkage=0.1


Tree=90
num_leaves=31
num_cat=0
split_feature=1 1 1 1 7 5 10 4 4 9 10 1 3 3 9 9 10 6 3 9 7 6 4 8 8 7 3 9 6 6
split_gain=0.0105272 0.0235267 0.0153462 0.0176289 0.0313844 0.0659518 0.0279551 0.0522951 0.0654407 0.042402 0.0343877 0.0224892 0.0370718 0.0148442 0.07428 0.0958063 0.0900483 0.139605 0.160438 0.0826823 0.0789983 0.0767729 0.0753478 0.0734478 0.132969 0.0715135 0.0687444 0.167921 0.242027 0.247206
threshold=150.50000000000003 164.50000000000003 174.50000000000003 206.50000000000003 9999395.9250000026 43328.000000000007 76352.000000000015 55210.500000000007 47960.500000000007 55019.000000000007 50432.125000000007 209.50000000000003 71489.000000000015 70379.000000000015 61602.750000000007 59150.750000000007 66098.125000000015 64096.350000000006 77807.000000000015 58363.250000000007 60102460.905000009 62318.05000000001 50355.000000000007 49173.375000000007 48634.125000000007 25044716.965000007 68224.000000000015 58719.000000000007 64961.400000000009 69124.900000000009
decision_type=2 2 2 2 2 2 2 2 2 2 2 2 2 2 2 2 2 2 2 2 2 2 2 2 2 2 2 2 2 2
left_child=-1 -2 -3 4 -4 -6 7 8 9 10 -7 12 -5 26 15 19 17 18 21 23 -17 -16 -22 24 -15 -20 -13 -28 -29 -30
right_child=1 2 3 11 5 6 -8 -9 -10 -11 -12 13 -14 14 16 20 -18 -19 25 -21 22 -23 -24 -25 -26 -27 27 28 29 -31
leaf_value=-0.0022344056314544843 0.003272282179254531 -0.0020622881240948726 0.003755526829900191 0.00036888232268393042 -0.0049245165505756939 0.0024364441564942423 -0.001831591905405124 0.0055109079151103892 -0.0031841744894556927 0.0058251511707732625 -0.0018150925566442313 -1.6210013684440427e-05 -0.0053304140311887585 0.00030135940954399611 -0.00045659074619893109 0.0048353001728121724 3.9522717879694334e-05 -0.0090424180772431476 -0.0010733054135926069 -0.0034983052765601313 -0.0026714332246532044 0.0070769443768464654 0.0040543137159528998 0.0019319476003211253 -0.0085387895238818595 -0.0081002821571504093 0.0011461546540032237 -0.0079322012877595192 0.0096323409792967146 -0.0055691018376661386
leaf_weight=21 22 36 32 25 21 52 30 27 33 22 30 1812 21 114 31 105 2039 27 28 50 36 24 31 228 20 30 98 74 20 23
leaf_count=21 22 36 32 25 21 52 30 27 33 22 30 1812 21 114 31 105 2039 27 28 50 36 24 31 228 20 30 98 74 20 23
internal_value=3.16336e-12 9.12712e-06 -4.89699e-06 9.67435e-06 0.000833711 0.000398836 0.000975075 0.00148849 0.000695751 0.00192688 0.000881004 -3.24136e-05 -0.00223297 -1.12809e-05 0.0001395 0.00114104 -0.000128925 -0.00258224 -0.00103866 0.000313466 0.00312336 0.00283077 0.00044048 0.000839954 -0.00101807 -0.00470795 -0.00021681 -0.00190745 -0.00446517 0.00150134
internal_weight=5162 5141 5119 5083 247 215 194 164 137 104 82 4836 46 4790 2763 584 2179 140 113 412 172 55 67 362 134 58 2027 215 117 43
internal_count=5162 5141 5119 5083 247 215 194 164 137 104 82 4836 46 4790 2763 584 2179 140 113 412 172 55 67 362 134 58 2027 215 117 43
is_linear=0
shrinkage=0.1


Tree=91
num_leaves=31
num_cat=0
split_feature=7 7 3 3 6 10 8 10 7 10 6 8 3 7 5 4 8 4 3 10 10 10 10 7 6 9 9 5 6 9
split_gain=0.0112322 0.0213679 0.0224573 0.0485934 0.029455 0.0564322 0.0393437 0.138651 0.0388379 0.0580551 0.10859 0.0583602 0.0371618 0.0369219 0.147424 0.073667 0.065449 0.0637714 0.0496164 0.0460862 0.0431747 0.0406262 0.0404152 0.104238 0.0745289 0.143958 0.0998435 0.0695992 0.0548015 0.0835675
threshold=451566504.90500003 373184935.56500012 126425.50000000001 132766.00000000003 89796.400000000009 95182.625000000015 83802.875000000015 90534.125000000015 287106057.9600001 89960.625000000015 84997.900000000009 82650.375000000015 108365.50000000001 155188663.95000002 103828.00000000001 76116.500000000015 67879.375000000015 52984.500000000007 112476.50000000001 87872.500000000015 85369.250000000015 86595.000000000015 83951.000000000015 58483447.020000003 78675.450000000026 79280.250000000015 81001.250000000015 87947.500000000015 78142.10000000002 77750.750000000015
decision_type=2 2 2 2 2 2 2 2 2 2 2 2 2 2 2 2 2 2 2 2 2 2 2 2 2 2 2 2 2 2
left_child=1 2 4 -4 6 -6 8 -8 9 11 -11 13 -12 14 15 19 17 -15 -18 21 -16 22 24 27 28 -26 -27 -24 29 -1
right_child=-2 -3 3 -5 5 -7 7 -9 -10 10 12 -13 -14 16 20 -17 18 -19 -20 -21 -22 -23 23 -25 25 26 -28 -29 -30 -31
leaf_value=4.3295358497415196e-05 0.0016692180692916736 -0.0032752757484558973 0.0050577735621050966 -0.00074505531980145366 -0.0054091207586742683 -0.00035666006117162887 -0.0023897991134700452 0.0064703832601050023 0.0035093074912325509 0.002876992309889333 -0.0080556555935699086 0.0047249931009271402 -0.0023684289352968336 -0.0015815730410242011 0.0024417677204697751 -0.0046691288955865761 -0.0074314138376697274 0.0035211180195663921 -0.00095041853076379226 0.0037846815830562264 0.0082046903902664777 -0.0036314102561934101 0.0012363132679214081 -0.0027598447070039554 -0.0099559996594590222 0.0031363881916287497 -0.0053404666143857561 0.0081686013710818121 0.0043473329844659772 -0.0034409990381183372
leaf_weight=4135 40 20 27 31 29 93 33 38 31 22 27 26 20 95 26 34 27 33 21 32 26 31 30 29 22 33 24 28 29 70
leaf_count=4135 40 20 27 31 29 93 33 38 31 22 27 26 20 95 26 34 27 33 21 32 26 31 30 29 22 33 24 28 29 70
internal_value=1.79864e-11 -1.30357e-05 -2.47573e-07 0.00195626 -2.27451e-05 -0.00155765 1.53002e-05 0.00235227 -1.89041e-05 -4.15959e-05 -0.00292141 2.28441e-07 -0.00563556 -2.57703e-05 2.92141e-05 -3.2002e-05 -0.00144693 -0.000266036 -0.00459598 3.32455e-06 0.00532323 -2.39838e-05 1.43213e-06 0.00213534 -4.16122e-05 -0.00308484 -0.000432814 0.00458294 1.51698e-05 -1.47072e-05
internal_weight=5162 5122 5102 58 5044 122 4922 71 4851 4820 69 4751 47 4725 4549 4497 176 128 48 4463 52 4431 4400 87 4313 79 57 58 4234 4205
internal_count=5162 5122 5102 58 5044 122 4922 71 4851 4820 69 4751 47 4725 4549 4497 176 128 48 4463 52 4431 4400 87 4313 79 57 58 4234 4205
is_linear=0
shrinkage=0.1


Tree=92
num_leaves=31
num_cat=0
split_feature=7 7 9 7 1 1 8 6 4 5 5 7 3 3 4 8 10 7 8 1 4 7 6 5 4 6 1 9 7 3
split_gain=0.0103225 0.0474704 0.11813 0.0443769 0.082409 0.144175 0.0770822 0.0941356 0.0653953 0.120779 0.0946025 0.071262 0.0708904 0.0697286 0.0595551 0.206126 0.116767 0.134741 0.0850852 0.0812984 0.0490216 0.0464959 0.242038 0.127838 0.155437 0.157076 0.0705295 0.0655899 0.0509031 0.156642
threshold=71041605.000000015 73803871.984999999 71672.000000000015 49898302.250000007 255.50000000000003 258.50000000000006 46854.625000000007 56231.200000000004 52260.500000000007 86105.000000000015 96571.500000000015 64245437.559999995 82066.500000000015 92197.500000000015 46559.000000000007 53687.000000000007 72856.875000000015 53722894.88000001 73154.750000000015 235.50000000000003 40662.000000000007 44324735.940000005 54169.900000000001 76186.000000000015 58897.000000000007 75887.950000000012 246.50000000000003 61410.250000000007 40143748.230000012 66261.000000000015
decision_type=2 2 2 2 2 2 2 2 2 2 2 2 2 2 2 2 2 2 2 2 2 2 2 2 2 2 2 2 2 2
left_child=3 2 -2 21 14 -6 -7 -8 11 12 13 -9 -10 -11 15 20 19 -18 -19 -16 -5 28 26 27 -25 -26 -23 -24 -1 -30
right_child=1 -3 -4 4 5 6 7 8 9 10 -12 -13 -14 -15 16 -17 17 18 -20 -21 -22 22 23 24 25 -27 -28 -29 29 -31
leaf_value=6.0275291119923884e-05 0.006261016686375325 0.00011375015858508084 -0.0030417681649504676 0.0015777039115450213 -0.0095779182622209198 0.0043392425935183257 -0.0075308011085898786 0.0045098549094023726 -0.0022746866081087363 -0.0004179586271427318 -0.0053457031563224379 -0.0030128075368702416 -0.010155896611511707 0.0067032589728478337 0.00023063761803011104 0.011223380895098672 -0.0054851457197219143 0.0080276517567524162 0.00053292334037409591 -0.0064606293382973457 -0.0031989598706845313 -0.0010022946275197544 0.0099928467703813868 -0.0049719383392145796 0.010893955463100048 1.1376309622493056e-05 -0.0086043834078895019 0.0036389062763191762 0.0026642738890491034 -0.003677357742903618
leaf_weight=3122 39 1060 21 70 24 21 27 34 21 44 26 20 25 20 30 20 20 28 33 46 31 26 33 29 21 36 23 32 57 123
leaf_count=3122 39 1060 21 70 24 21 27 34 21 44 26 20 25 20 30 20 20 28 33 46 31 26 33 29 21 36 23 32 57 123
internal_value=-6.37964e-12 0.000268641 0.00300504 -7.44378e-05 -0.000918242 -0.00219075 -0.00144583 -0.00200568 -0.00122053 -0.00238955 -0.000259036 0.00172368 -0.00655795 0.00180742 0.000281033 0.00194826 -0.0010039 0.00163775 0.00397313 -0.00381934 0.000111599 5.56747e-05 0.00153622 0.00351792 0.00098833 0.00402075 -0.00457062 0.00686475 -3.40012e-05 -0.00166917
internal_weight=5162 1120 60 4042 540 262 238 217 190 136 90 54 46 64 278 121 157 81 61 76 101 3502 200 151 86 57 49 65 3302 180
internal_count=5162 1120 60 4042 540 262 238 217 190 136 90 54 46 64 278 121 157 81 61 76 101 3502 200 151 86 57 49 65 3302 180
is_linear=0
shrinkage=0.1


Tree=93
num_leaves=31
num_cat=0
split_feature=1 1 1 4 4 8 4 4 9 8 9 10 9 10 4 10 6 5 3 3 3 10 1 1 10 10 8 3 9 10
split_gain=0.0101609 0.0159506 0.0214873 0.0121403 0.209636 0.150464 0.102686 0.0851808 0.188125 0.113713 0.0914576 0.199014 0.0807561 0.168489 0.0749553 0.0599495 0.172273 0.112489 0.0527504 0.124884 0.102391 0.0969719 0.147015 0.0594836 0.0601855 0.0970722 0.0539648 0.0534739 0.0672491 0.133732
threshold=527.50000000000011 504.00000000000006 476.50000000000006 49127.500000000007 48687.500000000007 52514.000000000007 48509.000000000007 47451.000000000007 51836.250000000007 55199.375000000007 56366.250000000007 56754.000000000007 55622.000000000007 64621.125000000007 47960.500000000007 57682.000000000007 55360.450000000004 60987.500000000007 62228.500000000007 64894.000000000007 67414.000000000015 63845.000000000007 255.50000000000003 273.50000000000006 65850.375000000015 62632.500000000007 58340.250000000007 71489.000000000015 61602.750000000007 64165.375000000007
decision_type=2 2 2 2 2 2 2 2 2 2 2 2 2 2 2 2 2 2 2 2 2 2 2 2 2 2 2 2 2 2
left_child=1 2 3 4 6 -5 7 -1 -9 10 11 -10 -6 -14 -11 16 -7 -17 26 21 23 22 -20 24 25 -21 -19 -22 -29 -30
right_child=-2 -3 -4 5 12 15 -8 8 9 14 -12 -13 13 -15 -16 17 -18 18 19 20 27 -23 -24 -25 -26 -27 -28 28 29 -31
leaf_value=8.4365836714758686e-05 0.0021951886426125255 -0.0024795547879945777 0.002817173264230843 0.0062954036911634891 -0.00082750225206837066 -0.0027967235437877801 0.0071077864756807696 -0.010902866799469023 0.0034287840992328713 -0.0085165389025440592 0.0061425685757198019 -0.008089719208267827 -0.015100156338885427 -0.0021198219247162346 -0.00048398146671908241 -0.0054243203004405499 0.0090843769466468632 0.00039258464789864697 -0.013379721896490082 0.004730502799862907 -0.0016031048177558946 0.00014756888796744702 -0.0018769451528787614 0.0073994111484633049 0.0060776098461991016 -0.0044919542223215104 0.0052928952834152276 0.0020441056555978595 -0.0074691822403110571 3.9292369596046682e-05
leaf_weight=2029 21 26 27 39 20 23 20 22 40 26 26 24 20 20 21 38 26 55 20 21 199 33 25 26 22 25 38 166 24 2040
leaf_count=2029 21 26 27 39 20 23 20 22 40 26 26 24 20 20 21 38 26 55 20 21 199 33 25 26 22 25 38 166 24 2040
internal_value=-4.69988e-12 -8.96693e-06 3.59129e-06 -1.13393e-05 -0.000183584 0.000127189 -2.50986e-05 -9.02987e-05 -0.00231919 -0.000940794 0.00114117 -0.000890655 -0.00601583 -0.00860999 -0.00492752 4.06877e-05 0.00350753 -2.14922e-05 5.47169e-05 -2.89561e-05 9.28789e-05 -0.00396985 -0.00698929 0.00333121 0.00177572 -0.000281702 0.00239486 -3.24414e-05 0.000107721 -4.80155e-05
internal_weight=5162 5141 5115 5088 2268 2820 2208 2188 159 137 90 64 60 40 47 2781 49 2732 2694 2601 2523 78 45 94 68 46 93 2429 2230 2064
internal_count=5162 5141 5115 5088 2268 2820 2208 2188 159 137 90 64 60 40 47 2781 49 2732 2694 2601 2523 78 45 94 68 46 93 2429 2230 2064
is_linear=0
shrinkage=0.1


Tree=94
num_leaves=31
num_cat=0
split_feature=1 1 7 5 1 7 1 3 10 4 4 8 1 9 1 7 4 4 4 3 3 9 1 7 9 10 6 9 7 4
split_gain=0.00968541 0.0498957 0.0376612 0.0356195 0.0355447 0.053514 0.0658218 0.0588257 0.090572 0.080986 0.242358 0.114124 0.190676 0.160909 0.165378 0.0999683 0.0865899 0.0853673 0.0664282 0.06426 0.0727732 0.0701755 0.0886951 0.174207 0.152331 0.133091 0.0655253 0.0907349 0.0392057 0.0383231
threshold=287.50000000000006 290.50000000000006 2248139.7300000004 81817.000000000015 267.50000000000006 101560054.86500002 276.50000000000006 97843.500000000015 88358.750000000015 69512.500000000015 67113.500000000015 64369.250000000007 272.50000000000006 64091.750000000007 272.50000000000006 7965356.2000000011 56340.500000000007 61204.500000000007 61204.500000000007 52250.500000000007 56130.000000000007 50688.750000000007 275.50000000000006 17547637.100000005 56366.250000000007 62996.125000000007 60782.950000000004 56757.500000000007 117915997.08500001 63294.000000000007
decision_type=2 2 2 2 2 2 2 2 2 2 2 2 2 2 2 2 2 2 2 2 2 2 2 2 2 2 2 2 2 2
left_child=2 3 -1 -2 -4 7 28 8 9 10 11 13 18 15 -15 -6 -16 -14 -13 -17 -21 -22 23 -23 -25 -26 27 -24 -7 -19
right_child=1 -3 4 -5 5 6 -8 -9 -10 -11 -12 12 17 14 16 19 -18 29 -20 20 21 22 26 24 25 -27 -28 -29 -30 -31
leaf_value=-0.0042011674535884103 0.0066895147622562951 0.00012624594750336565 8.82104861696838e-05 0.0008585247565695847 0.0040629566821735351 0.0026431465563787658 0.0046667032224388836 -0.0053565910365432502 0.0057971088431077082 -0.0061974467219913319 0.010028552827425301 -0.012133767745959071 0.0035688824492008907 0.011802585929399357 0.0054781873311315274 -0.0054435367754194887 -0.003403313964372501 -0.0063691328527056617 -0.004756021159498588 0.0041448556423268239 0.0020186162507161497 0.0070338016902299037 -0.0039741372349797873 -0.0099056997892065825 0.0050799133327717972 -0.005038286356228547 -0.00076698181917890908 -0.012334186555817724 -0.0027440997592592404 -0.00098093390097898068
leaf_weight=22 20 1153 3237 22 32 22 39 30 20 29 20 26 29 20 21 42 23 22 23 23 40 23 37 22 26 26 25 20 35 33
leaf_count=22 20 1153 3237 22 32 22 39 30 20 29 20 26 29 20 21 42 23 22 23 23 40 23 37 22 26 26 25 20 35 33
internal_value=1.03468e-12 0.000249573 -7.51801e-05 0.00363519 -5.21708e-05 -0.000693999 0.00150112 -0.00103833 -0.00081574 -0.00105107 -0.000771063 -0.0011921 -0.00371324 -0.000309703 0.00426277 -0.00123577 0.000835584 -0.000821359 -0.00867074 -0.00183281 -0.00120616 -0.00176814 -0.00261434 -0.000567687 -0.00293031 2.08135e-05 -0.00503538 -0.00690749 -0.000664812 -0.00313621
internal_weight=5162 1195 3967 42 3945 708 96 612 582 562 533 513 133 380 64 316 44 84 49 284 242 219 179 97 74 52 82 57 57 55
internal_count=5162 1195 3967 42 3945 708 96 612 582 562 533 513 133 380 64 316 44 84 49 284 242 219 179 97 74 52 82 57 57 55
is_linear=0
shrinkage=0.1


Tree=95
num_leaves=31
num_cat=0
split_feature=7 7 4 4 5 9 4 8 7 5 5 5 9 1 4 9 5 7 7 8 1 1 5 3 7 3 1 1 5 8
split_gain=0.00972936 0.204901 0.0775184 0.169909 0.124508 0.0875408 0.128832 0.159874 0.105836 0.115442 0.103241 0.0828102 0.0989044 0.0729463 0.125847 0.063446 0.152342 0.0626068 0.0986842 0.22227 0.0976184 0.112648 0.086939 0.0811792 0.0577537 0.0570819 0.0938936 0.115754 0.0887296 0.062476
threshold=9301964.1300000008 8971981.9250000026 60756.500000000007 64486.500000000007 66728.000000000015 61737.250000000007 54970.000000000007 55816.500000000007 7501405.8250000002 57894.500000000007 55999.000000000007 73624.500000000015 72425.250000000015 377.50000000000006 43560.000000000007 75102.500000000015 83747.500000000015 11425218.250000002 11769225.805000002 56401.625000000007 269.50000000000006 251.50000000000003 56726.500000000007 44704.000000000007 8550662.6050000023 53161.000000000007 237.50000000000003 229.50000000000003 54541.500000000007 34204.875000000007
decision_type=2 2 2 2 2 2 2 2 2 2 2 2 2 2 2 2 2 2 2 2 2 2 2 2 2 2 2 2 2 2
left_child=1 2 4 -4 5 6 7 8 9 10 13 -5 -13 25 -15 -14 -17 20 19 -19 21 22 23 -2 -10 26 27 29 -27 -1
right_child=17 -3 3 11 -6 -7 -8 -9 24 -11 -12 12 15 14 -16 16 -18 18 -20 -21 -22 -23 -24 -25 -26 28 -28 -29 -30 -31
leaf_value=0.0025834883554842129 0.00051318379025906333 -0.0071191272033112388 -0.0089793945305115946 0.0055515649635344746 0.0078196744444658569 -0.0061860274500213572 0.0060054316208697856 -0.006729563683620654 0.005392069604293611 0.0061090421207525116 -0.0068701505810022353 -0.0072430339479899923 0.0040178520180883691 -0.0020178196796526511 0.0086893266603431628 -0.0082986891092289069 0.003254675978794694 -0.012129975917438668 1.646808820860744e-05 0.0024194425526296811 -0.00047871886830156047 0.0078887829534346008 -0.0023878942024620139 0.0090607725875452155 -0.0004882478995410645 -0.0074438107183909634 0.0018323285344460632 -0.0092062005656771365 0.0010913269904752573 -0.0034012853086145749
leaf_weight=33 25 42 28 20 23 20 40 32 61 27 25 23 28 21 23 21 25 21 4154 21 111 41 34 20 23 29 113 20 21 37
leaf_count=33 25 42 28 20 23 20 40 32 61 27 25 23 28 21 23 21 25 21 4154 21 111 41 34 20 23 29 113 20 21 37
internal_value=7.20816e-12 -0.000336934 7.41085e-05 -0.00198198 0.000618147 0.000302651 0.000559629 9.11725e-05 0.000595245 -0.000171763 -0.000698414 -0.000307386 -0.00151542 -0.000178908 0.0035791 0.000264788 -0.00201969 5.594e-05 -3.22957e-05 -0.00485527 0.0016587 0.00363581 0.00142857 0.00431211 0.00378198 -0.000832474 -8.70115e-05 -0.00249685 -0.00385905 -0.000579892
internal_weight=5162 735 693 145 548 525 505 465 433 349 322 117 97 297 44 74 46 4427 4196 42 231 120 79 45 84 253 203 90 50 70
internal_count=5162 735 693 145 548 525 505 465 433 349 322 117 97 297 44 74 46 4427 4196 42 231 120 79 45 84 253 203 90 50 70
is_linear=0
shrinkage=0.1


Tree=96
num_leaves=31
num_cat=0
split_feature=3 3 4 6 1 8 6 8 8 6 6 8 8 4 7 9 10 4 3 5 6 4 1 8 9 9 9 10 9 7
split_gain=0.0103882 0.143067 0.0540042 0.15211 0.0979013 0.0504623 0.0916047 0.049352 0.099465 0.0932468 0.0763751 0.0592824 0.0730772 0.0487515 0.0733304 0.0815016 0.0702367 0.114581 0.0699064 0.0566501 0.0465205 0.0463606 0.0377933 0.0695011 0.0374763 0.111829 0.0826554 0.0905984 0.192102 0.171596
threshold=74985.500000000015 74688.500000000015 56340.500000000007 65794.60000000002 223.50000000000003 44040.750000000007 54837.450000000004 62995.250000000007 60838.500000000007 63419.750000000007 63116.400000000001 59067.000000000007 59540.125000000007 57237.000000000007 11425218.250000002 65914.000000000015 71607.000000000015 63294.000000000007 65735.000000000015 72199.000000000015 52857.900000000001 55345.500000000007 199.50000000000003 64545.750000000007 58007.250000000007 58880.750000000007 60598.750000000007 65548.750000000015 62664.500000000007 65170455.800000004
decision_type=2 2 2 2 2 2 2 2 2 2 2 2 2 2 2 2 2 2 2 2 2 2 2 2 2 2 2 2 2 2
left_child=1 2 3 7 -4 -2 20 8 10 -10 11 21 -13 -6 18 -16 -17 -18 -15 -20 -7 -1 23 -8 -24 -26 -27 28 29 -28
right_child=5 -3 4 -5 13 6 22 -9 9 -11 -12 12 -14 14 15 16 17 -19 19 -21 -22 -23 24 -25 25 26 27 -29 -30 -31
leaf_value=-5.0546555300477672e-05 -0.0036771919311243389 -0.0085617813840508459 -0.0078002489193088626 0.0076862299886460489 -0.0040947849553329158 0.0011631633537555379 -0.00032193144854520349 -0.0049507838394492873 0.00010912571287349238 0.0077432087447959937 -0.0055676832478493456 0.0076780315086414867 0.00043594928636019563 -0.002888583055358719 0.0025680890925286804 -0.007079685867211083 0.0028514005040960913 -0.0057509410117442409 0.0071352570800593609 0.0011444788861186489 0.0059282887063454841 -0.0048870543134398765 0.0017884406287250164 0.0064631307640900986 -0.0056784548743494924 0.0030211312536266633 0.0033088226578771498 5.3564706338028259e-05 -0.0086535665269414155 -0.0067727152630686765
leaf_weight=2192 34 20 22 26 39 42 36 20 32 32 25 22 38 22 32 32 32 30 27 38 40 20 114 26 35 88 52 1931 38 25
leaf_count=2192 34 20 22 26 39 42 36 20 32 32 25 22 38 22 32 32 32 30 27 38 40 20 114 26 35 88 52 1931 38 25
internal_value=1.30767e-11 -0.000135411 -7.25516e-05 7.88752e-05 -0.00140279 0.000148617 0.000202213 -4.19547e-06 3.7707e-05 0.00392617 -7.06349e-05 -1.0148e-05 0.00309138 -0.000844277 -0.000249114 -0.00179091 -0.00327482 -0.00131102 0.00198383 0.00363296 0.00348761 -9.42763e-05 8.7329e-05 0.00252342 2.11716e-05 -7.17139e-05 2.02429e-05 -0.000108828 -0.00283561 3.55961e-05
internal_weight=5162 2701 2681 2407 274 2461 2427 2381 2361 64 2297 2272 60 252 213 126 94 62 87 65 82 2212 2345 62 2283 2169 2134 2046 115 77
internal_count=5162 2701 2681 2407 274 2461 2427 2381 2361 64 2297 2272 60 252 213 126 94 62 87 65 82 2212 2345 62 2283 2169 2134 2046 115 77
is_linear=0
shrinkage=0.1


Tree=97
num_leaves=31
num_cat=0
split_feature=1 1 4 1 7 7 7 3 4 7 7 5 1 1 4 5 4 8 5 5 5 10 4 7 7 7 7 4 4 10
split_gain=0.00959086 0.0456592 0.0536318 0.041993 0.0341367 0.0299866 0.0283609 0.107442 0.066261 0.0528809 0.0699797 0.0982444 0.0801561 0.0689859 0.0622896 0.160099 0.110911 0.0446135 0.0657585 0.0931057 0.0614995 0.113454 0.105417 0.0922896 0.0686435 0.0755336 0.0637314 0.0548014 0.0950354 0.154104
threshold=313.50000000000006 329.50000000000006 46023.500000000007 297.50000000000006 2248139.7300000004 2853318.6050000004 4736023.6250000009 61701.500000000007 43943.500000000007 8263203.1250000009 11017293.225000001 69362.000000000015 391.50000000000006 371.50000000000006 57633.000000000007 77601.500000000015 47195.000000000007 43452.875000000007 53682.000000000007 55479.500000000007 62281.500000000007 61156.750000000007 41449.000000000007 12286247.580000002 13843691.345000004 16069890.925000001 14732207.725000003 79486.500000000015 67499.000000000015 84410.625000000015
decision_type=2 2 2 2 2 2 2 2 2 2 2 2 2 2 2 2 2 2 2 2 2 2 2 2 2 2 2 2 2 2
left_child=3 2 -2 4 -1 -6 7 8 -3 14 11 12 13 -11 16 -16 -8 -12 -19 -20 22 -22 -21 -23 -25 -26 -24 28 -27 -30
right_child=1 6 -4 -5 5 -7 9 -9 -10 10 17 -13 -14 -15 15 -17 -18 18 19 20 21 23 26 24 25 27 -28 -29 29 -31
leaf_value=-0.0038799284795380156 -0.00080112212295220661 -0.0012613749631715044 0.005535452721147415 -0.0033354779562124841 0.0033049892457980875 -3.8822564519089422e-05 0.003988701102530791 -0.0046269072030554531 0.0063328086026012897 0.00064568797091918971 -0.0029252447480431353 -0.0065583600370037187 0.0043566883262246853 -0.0071030734851956368 0.0084077240445798156 -0.0026458049914799631 -0.0040373717230977489 0.0056938513880595565 -0.00588419111850469 -0.0029544526383026761 -0.0070198676637595603 0.0060607514976124682 0.00078972462822845125 -0.004246707328693998 0.0049380120262503624 0.00061411940467886355 0.0073112686997520481 0.0048236343847668688 -0.0099852866881216581 -0.00029791902320889331
leaf_weight=23 22 27 34 39 27 4001 36 52 20 27 39 37 25 20 38 20 33 24 23 22 21 28 23 33 35 291 43 23 24 52
leaf_count=23 22 27 34 39 27 4001 36 52 20 27 39 37 25 20 38 20 33 24 23 22 21 28 23 33 35 291 43 23 24 52
internal_value=-1.64991e-11 0.000266247 0.00304608 -6.9784e-05 -3.83443e-05 -1.64087e-05 0.000113027 -0.00149495 0.00197019 0.000286626 -1.78502e-05 -0.00237037 -0.000218204 -0.00265166 0.00218061 0.00459616 0.000150145 0.000358691 0.000558182 0.000358739 0.000600062 0.000176502 0.00304034 0.000487456 0.000146731 0.000487868 0.00503861 8.84966e-05 -0.000208256 -0.00335709
internal_weight=5162 1072 56 4090 4051 4028 1016 99 47 917 790 109 72 47 127 58 69 681 642 618 595 507 88 486 458 425 66 390 367 76
internal_count=5162 1072 56 4090 4051 4028 1016 99 47 917 790 109 72 47 127 58 69 681 642 618 595 507 88 486 458 425 66 390 367 76
is_linear=0
shrinkage=0.1


Tree=98
num_leaves=31
num_cat=0
split_feature=5 5 4 5 5 4 7 5 8 9 1 3 4 10 10 10 6 6 1 10 3 1 5 9 6 4 4 3 8 4
split_gain=0.00980037 0.10367 0.07696 0.0723806 0.131396 0.0708625 0.162013 0.124444 0.0592412 0.112924 0.125278 0.155406 0.106312 0.154592 0.098033 0.140206 0.11163 0.196247 0.0942756 0.0904787 0.0738812 0.110069 0.0613535 0.0579826 0.0605633 0.188463 0.139923 0.115904 0.115296 0.0786287
threshold=68810.000000000015 69211.500000000015 52678.000000000007 66081.500000000015 65824.000000000015 39629.000000000007 41399279.180000007 67425.500000000015 53687.000000000007 54262.500000000007 245.50000000000003 58380.000000000007 49344.500000000007 58553.875000000007 56035.000000000007 57361.750000000007 52487.100000000006 52151.450000000004 325.50000000000006 57682.000000000007 63422.000000000007 325.50000000000006 60463.500000000007 52243.500000000007 49875.80000000001 40982.000000000007 43174.500000000007 59129.500000000007 47853.875000000007 41449.000000000007
decision_type=2 2 2 2 2 2 2 2 2 2 2 2 2 2 2 2 2 2 2 2 2 2 2 2 2 2 2 2 2 2
left_child=3 2 -2 4 8 -5 -7 -8 9 14 -11 -12 13 -10 16 -16 17 23 -15 -14 22 -22 -13 24 28 -26 -27 -28 29 -1
right_child=1 -3 -4 5 -6 6 7 -9 12 10 11 20 19 18 15 -17 -18 -19 -20 -21 21 -23 -24 -25 25 26 27 -29 -30 -31
leaf_value=0.00038214112108810061 0.00079104475211352106 5.098231475207209e-05 0.0095637269876897336 0.0032844221633341582 0.0081291901879012585 -0.00084843282447805981 -0.012741725337797438 -0.0030894448761554327 -0.011143009430573633 0.0079673876027975769 -0.0051013490930199622 0.0023871498803297682 0.006080166516559465 -0.0053001436329777208 -0.0071737426713419459 0.0011990171002253193 0.0043827553050813537 -0.0083456844922953424 0.0028651059488765899 -0.00083699539928746073 -0.0043113195337355142 0.0040692707945016171 0.0099438598210161381 0.003726569299050065 -0.0094641068527750952 0.0069898765491829681 0.00096099145465798814 -0.0060649319504125004 0.0060665303502570496 -0.002230760746614169
leaf_weight=953 20 2860 20 27 20 217 22 34 24 35 30 21 21 31 45 36 59 28 26 190 25 42 22 43 27 22 59 39 33 131
leaf_count=953 20 2860 20 27 20 217 22 34 24 35 30 21 21 31 45 36 59 28 26 190 25 42 22 43 27 22 59 39 33 131
internal_value=-1.34835e-12 0.000121691 0.00517739 -0.000156015 6.51808e-05 -0.00160263 -0.00208597 -0.00688141 -1.78677e-05 0.000214479 0.00261623 0.00127844 -0.00133079 -0.00441042 -7.04739e-05 -0.00345252 0.000126044 -6.20808e-05 -0.00157564 -0.000148557 0.00301838 0.000942185 0.00625337 0.00011538 -7.46924e-06 -0.00191556 -0.000217138 -0.00183504 0.00024364 6.63753e-05
internal_weight=5162 2900 40 2262 1962 300 273 56 1942 1650 175 140 292 81 1475 81 1394 1335 57 211 110 67 43 1307 1264 147 120 98 1117 1084
internal_count=5162 2900 40 2262 1962 300 273 56 1942 1650 175 140 292 81 1475 81 1394 1335 57 211 110 67 43 1307 1264 147 120 98 1117 1084
is_linear=0
shrinkage=0.1


Tree=99
num_leaves=31
num_cat=0
split_feature=9 9 9 1 10 10 10 9 6 10 1 10 3 8 4 7 7 8 8 10 9 4 5 6 1 9 4 7 10 6
split_gain=0.00942923 0.0583786 0.0318341 0.0417308 0.0264987 0.0649312 0.0348259 0.0363517 0.043983 0.0302501 0.036202 0.0184312 0.0812757 0.0489215 0.0411867 0.0714324 0.0611382 0.0348121 0.0946396 0.137241 0.114766 0.114433 0.0597924 0.121835 0.0890923 0.107671 0.0881357 0.0915089 0.0788484 0.165351
threshold=94344.750000000015 95651.750000000015 98780.500000000015 249.50000000000003 95182.625000000015 94462.375000000015 93615.500000000015 89186.250000000015 87818.300000000003 103489.87500000001 254.50000000000003 89503.625000000015 92864.500000000015 82650.375000000015 74503.500000000015 14732207.725000003 23447163.085000005 72483.500000000015 71277.125000000015 77921.250000000015 77215.250000000015 68280.500000000015 83747.500000000015 76884.85000000002 254.50000000000003 78021.750000000015 63294.000000000007 101560054.86500002 81645.625000000015 79023.950000000012
decision_type=2 2 2 2 2 2 2 2 2 2 2 2 2 2 2 2 2 2 2 2 2 2 2 2 2 2 2 2 2 2
left_child=4 -2 -3 -4 5 6 7 8 11 10 -6 13 -13 14 17 -16 -17 18 20 21 -1 -20 24 -24 -19 -26 -25 28 -28 -30
right_child=1 2 3 -5 9 -7 -8 -9 -10 -11 -12 12 -14 -15 15 16 -18 22 19 -21 -22 -23 23 26 25 -27 27 -29 29 -31
leaf_value=4.9805311685597255e-05 -0.0057902503572404389 0.0037062552198767664 0.0019213624354624363 -0.0034976877023776376 0.0048344030777929892 -0.0056968699663411827 0.0041769229667261249 -0.0034180166199803356 0.004042127912139727 -0.001351822847077115 -0.00033917119615666923 0.0037441434455104173 -0.0038205573145224125 0.0035007948661223056 0.0013073354899402589 -0.0088493128041071557 -0.0013058715923265978 -0.0071472717216238381 -0.010495912932956051 0.00092800722767909368 -0.0070336430465154677 -0.0010656900619241325 0.0074279353357269429 -0.003196376060474326 0.0025574858634172417 -0.0045468077129044108 -0.0028349299459381307 0.0057399144478970108 0.0094726337507988027 0.00044917126951710975
leaf_weight=4142 20 20 27 30 38 20 20 31 27 22 21 20 49 40 31 21 22 20 31 45 23 22 32 44 64 32 47 45 24 132
leaf_count=4142 20 20 27 30 38 20 20 31 27 22 21 20 49 40 31 21 22 20 31 45 23 22 32 44 64 32 47 45 24 132
internal_value=-1.3074e-12 -0.000976637 0.000273653 -0.000930769 1.87036e-05 -1.04556e-05 1.2455e-05 -4.39157e-06 1.71477e-05 0.0018129 0.00299296 -5.09433e-06 -0.00162789 1.8151e-05 -1.10107e-05 -0.00235186 -0.00498988 2.58216e-05 -6.15853e-05 -0.00313325 1.0689e-05 -0.00658148 0.000872676 0.00157019 -0.00107555 0.000189388 0.000928246 0.00166003 0.000755626 0.0018374
internal_weight=5162 97 77 57 5065 4984 4964 4944 4913 81 59 4886 69 4817 4777 74 43 4703 4263 98 4165 53 440 324 116 96 292 248 203 156
internal_count=5162 97 77 57 5065 4984 4964 4944 4913 81 59 4886 69 4817 4777 74 43 4703 4263 98 4165 53 440 324 116 96 292 248 203 156
is_linear=0
shrinkage=0.1


end of trees

feature_importances:
Column_1=477
Column_7=457
Column_3=366
Column_10=354
Column_4=326
Column_8=283
Column_9=245
Column_5=233
Column_6=177
Column_0=82

parameters:
[boosting: gbdt]
[objective: regression]
[metric: l2]
[tree_learner: serial]
[device_type: cpu]
[data_sample_strategy: bagging]
[data: ]
[valid: ]
[num_iterations: 100]
[learning_rate: 0.1]
[num_leaves: 31]
[num_threads: 2]
[seed: 42]
[deterministic: 0]
[force_col_wise: 0]
[force_row_wise: 0]
[histogram_pool_size: -1]
[max_depth: -1]
[min_data_in_leaf: 20]
[min_sum_hessian_in_leaf: 0.001]
[bagging_fraction: 1]
[pos_bagging_fraction: 1]
[neg_bagging_fraction: 1]
[bagging_freq: 0]
[bagging_seed: 400]
[bagging_by_query: 0]
[feature_fraction: 1]
[feature_fraction_bynode: 1]
[feature_fraction_seed: 30056]
[extra_trees: 0]
[extra_seed: 12879]
[early_stopping_round: 0]
[early_stopping_min_delta: 0]
[first_metric_only: 0]
[max_delta_step: 0]
[lambda_l1: 0]
[lambda_l2: 0]
[linear_lambda: 0]
[min_gain_to_split: 0]
[drop_rate: 0.1]
[max_drop: 50]
[skip_drop: 0.5]
[xgboost_dart_mode: 0]
[uniform_drop: 0]
[drop_seed: 17869]
[top_rate: 0.2]
[other_rate: 0.1]
[min_data_per_group: 100]
[max_cat_threshold: 32]
[cat_l2: 10]
[cat_smooth: 10]
[max_cat_to_onehot: 4]
[top_k: 20]
[monotone_constraints: ]
[monotone_constraints_method: basic]
[monotone_penalty: 0]
[feature_contri: ]
[forcedsplits_filename: ]
[refit_decay_rate: 0.9]
[cegb_tradeoff: 1]
[cegb_penalty_split: 0]
[cegb_penalty_feature_lazy: ]
[cegb_penalty_feature_coupled: ]
[path_smooth: 0]
[interaction_constraints: ]
[verbosity: -1]
[saved_feature_importance_type: 0]
[use_quantized_grad: 0]
[num_grad_quant_bins: 4]
[quant_train_renew_leaf: 0]
[stochastic_rounding: 1]
[linear_tree: 0]
[max_bin: 255]
[max_bin_by_feature: ]
[min_data_in_bin: 3]
[bin_construct_sample_cnt: 200000]
[data_random_seed: 175]
[is_enable_sparse: 1]
[enable_bundle: 1]
[use_missing: 1]
[zero_as_missing: 0]
[feature_pre_filter: 1]
[pre_partition: 0]
[two_round: 0]
[header: 0]
[label_column: ]
[weight_column: ]
[group_column: ]
[ignore_column: ]
[categorical_feature: ]
[forcedbins_filename: ]
[precise_float_parser: 0]
[parser_config_file: ]
[objective_seed: 16083]
[num_class: 1]
[is_unbalance: 0]
[scale_pos_weight: 1]
[sigmoid: 1]
[boost_from_average: 1]
[reg_sqrt: 0]
[alpha: 0.9]
[fair_c: 1]
[poisson_max_delta_step: 0.7]
[tweedie_variance_power: 1.5]
[lambdarank_truncation_level: 30]
[lambdarank_norm: 1]
[label_gain: ]
[lambdarank_position_bias_regularization: 0]
[eval_at: ]
[multi_error_top_k: 1]
[auc_mu_weights: ]
[num_machines: 1]
[local_listen_port: 12400]
[time_out: 120]
[machine_list_filename: ]
[machines: ]
[gpu_platform_id: -1]
[gpu_device_id: -1]
[gpu_use_dp: 0]
[num_gpu: 1]

end of parameters

pandas_categorical:null
