tree
version=v4
num_class=1
num_tree_per_iteration=1
label_index=0
max_feature_idx=10
objective=regression
feature_names=Column_0 Column_1 Column_2 Column_3 Column_4 Column_5 Column_6 Column_7 Column_8 Column_9 Column_10
feature_infos=none [36:80] none [9150:204031] [3002:148747] [13457:204031] [12167.6669921875:170023] [74825.46875:3715653888] [9804:154251.5] [12594:176885.5] [13290.5:198745.25]
tree_sizes=2717 2887 2893 2904 2886 2893 2902 2882 2904 2902 2910 2911 2890 2911 2904 2917 2913 2934 2933 2907 2918 2926 2926 2924 2918 2917 2905 2910 2912 2930 2882 2909 2909 2891 2928 2917 2913 2934 2905 2924 2922 2896 2904 2920 2899 2905 2904 2928 2941 2905 2917 2908 2946 2934 2899 2924 2934 2892 2900 2933 2917 2913 2933 2921 2909 2898 2930 2919 2893 2903 2890 2919 2920 2908 2925 2931 2902 2946 2934 2916 2922 2917 2941 2909 2930 2919 2917 2950 2929 2901 2915 2933 2926 2910 2925 2913 2908 2904 2947 2905

Tree=0
num_leaves=31
num_cat=0
split_feature=9 3 4 9 3 8 8 7 8 7 3 9 8 9 1 5 7 9 7 5 3 10 3 6 5 4 9 3 6 10
split_gain=8.25409 1.69354 1.25933 0.301243 0.200287 0.182911 0.115159 0.0850657 0.067111 0.0668585 0.0668221 0.065744 0.0560797 0.0677227 0.0552838 0.0537202 0.0527786 0.0523385 0.0518619 0.0456953 0.054736 0.0505139 0.04524 0.0415875 0.062477 0.0856545 0.0504808 0.0427111 0.0390434 0.037232
threshold=69442.000000000015 51843.000000000007 74112.500000000015 57169.750000000007 36808.500000000007 94405.875000000015 78854.625000000015 35008504.000000007 65490.000000000007 4356968.0000000009 47573.000000000007 77341.750000000015 55001.750000000007 56319.250000000007 59.500000000000007 71260.000000000015 165787248.00000003 49124.750000000007 105097148.00000001 60602.000000000007 59547.000000000007 63743.500000000007 85099.000000000015 74123.250000000015 74043.000000000015 68126.500000000015 71779.250000000015 71230.500000000015 76529.082031250015 91015.625000000015
decision_type=2 2 2 2 2 2 2 2 2 2 2 2 2 2 2 2 2 2 2 2 2 2 2 2 2 2 2 2 2 2
left_child=1 4 6 12 -1 9 7 23 14 -4 -6 18 13 -3 -5 -10 29 -12 -9 -16 21 -21 -22 24 27 26 -26 -2 -25 -11
right_child=2 3 5 8 10 -7 -8 11 15 16 17 -13 -14 -15 19 -17 -18 -19 -20 20 22 -23 -24 28 25 -27 -28 -29 -30 -31
leaf_value=0.1341322920251381 0.11392000161980589 0.12718465848963464 0.11201375147032862 0.12918923240594374 0.13118154010902613 0.11315790478829094 0.11795225987719592 0.1213330453534921 0.11717000170548757 0.11754162330143489 0.12735518698242526 0.1204811721372134 0.13106706043259769 0.12320261064247376 0.12001091085396932 0.12310750176369523 0.11901523993377175 0.13046128607839802 0.12362115142237523 0.12551677591465815 0.12416482053031833 0.1309200016433994 0.12695174803880471 0.11675333500920962 0.12274692485405084 0.12722434947650502 0.11842000178531521 0.12012000169356664 0.11990734353516927 0.11556684181513323
leaf_weight=179 20 597 32 26 325 248 155 230 20 148 108 376 34 46 22 64 84 109 174 62 772 24 63 78 52 23 56 25 79 269
leaf_count=179 20 597 32 26 325 248 155 230 20 148 108 376 34 46 22 64 84 109 174 62 772 24 63 78 52 23 56 25 79 269
internal_value=0.123244 0.12716 0.11856 0.125463 0.131232 0.115401 0.120506 0.120862 0.124405 0.116445 0.130274 0.121433 0.127109 0.1269 0.12464 0.121694 0.116728 0.128915 0.122319 0.124515 0.124622 0.127025 0.124375 0.119524 0.120579 0.121683 0.120503 0.117364 0.11834 0.116268
internal_weight=4500 2451 2049 1730 721 781 1268 1113 1053 533 542 780 677 643 969 84 501 217 404 943 921 86 835 333 176 131 108 45 157 417
internal_count=4500 2451 2049 1730 721 781 1268 1113 1053 533 542 780 677 643 969 84 501 217 404 943 921 86 835 333 176 131 108 45 157 417
is_linear=0
shrinkage=1


Tree=1
num_leaves=31
num_cat=0
split_feature=9 3 4 9 3 4 9 7 8 3 7 8 8 1 7 5 3 9 5 5 3 5 3 9 8 1 4 10 5 5
split_gain=6.68582 1.37177 1.02006 0.244007 0.162232 0.15459 0.0934771 0.0882411 0.0543599 0.0541259 0.0484139 0.0454246 0.0570047 0.0447799 0.0437576 0.0435134 0.0424829 0.0423942 0.0409531 0.0370132 0.0443362 0.0428795 0.0366444 0.0357618 0.0826937 0.0342207 0.0554766 0.0429247 0.0337688 0.0760115
threshold=69442.000000000015 51843.000000000007 74112.500000000015 57169.750000000007 36808.500000000007 89659.000000000015 85576.000000000015 35008504.000000007 65490.000000000007 47573.000000000007 4356968.0000000009 55001.750000000007 52270.875000000007 59.500000000000007 192512208.00000003 71260.000000000015 71478.000000000015 49124.750000000007 53167.000000000007 60602.000000000007 59547.000000000007 64503.000000000007 85099.000000000015 51872.250000000007 50426.875000000007 69.500000000000014 82625.500000000015 95428.250000000015 76838.500000000015 74043.000000000015
decision_type=2 2 2 2 2 2 2 2 2 2 2 2 2 2 2 2 2 2 2 2 2 2 2 2 2 2 2 2 2 2
left_child=1 4 6 11 -1 10 7 28 13 -6 -4 12 18 -5 16 -10 -9 -11 -3 -15 21 -21 -22 -20 -25 26 27 -12 29 -2
right_child=2 3 5 8 9 -7 -8 14 15 17 25 -13 -14 19 -16 -17 -18 -19 23 20 22 -23 -24 24 -26 -27 -28 -29 -30 -31
leaf_value=0.0097990617072782043 -0.0052920001372694968 0.00047597883062230222 -0.010072342720964264 0.0053503077763777515 0.0071433847506458944 -0.009440640791660489 -0.0043033112464103407 0.0015604636977825847 -0.005467000044882298 0.0036996666911161612 -0.0011634609945442365 0.0070403529221520714 0.0012829025725609271 -0.0029101818715306848 0.00016433656585554705 -0.00012325002462603153 -0.0020401594855963953 0.0064951561288822679 0.0048013756820370285 0.0011692530020724896 0.0008283368750943422 0.0056351194114879124 0.0033365716389010822 0.0017744919976348398 0.0057162650674581527 -0.006544690527408286 -0.0072340042555644624 -0.0051682638935744768 -0.0040749843983927314 -0.00013094397548299569
leaf_weight=179 45 36 31 26 325 202 227 35 20 108 46 34 116 22 141 64 514 109 252 43 772 43 63 159 80 376 62 64 228 78
leaf_count=179 45 36 31 26 325 202 227 35 20 108 46 34 116 22 141 64 514 109 252 43 772 43 63 159 80 376 62 64 228 78
internal_value=3.55972e-11 0.00352428 -0.00421572 0.00199702 0.00718886 -0.00705871 -0.00246463 -0.00206369 0.00104475 0.00632682 -0.00622771 0.00347816 0.0032898 0.0012563 -0.00140704 -0.00139557 -0.00181061 0.00510385 0.00373155 0.00114342 0.00124025 0.00340219 0.00101758 0.00397025 0.00309391 -0.00601022 -0.00484184 -0.00349353 -0.00335456 -0.00201914
internal_weight=4500 2451 2049 1730 721 781 1268 1041 1053 542 579 677 643 969 690 84 549 217 527 943 921 86 835 491 239 548 172 110 351 123
internal_count=4500 2451 2049 1730 721 781 1268 1041 1053 542 579 677 643 969 690 84 549 217 527 943 921 86 835 491 239 548 172 110 351 123
is_linear=0
shrinkage=0.1


Tree=2
num_leaves=31
num_cat=0
split_feature=9 3 4 9 3 8 8 7 7 7 4 9 9 4 1 5 10 7 3 7 5 5 3 1 4 5 8 1 9 5
split_gain=5.41909 1.14072 0.794778 0.195646 0.139938 0.125891 0.0782628 0.0723158 0.0655221 0.0592508 0.0518741 0.0460184 0.0454082 0.0457638 0.0476218 0.0463261 0.0451914 0.0406023 0.0356354 0.035536 0.0353006 0.0346241 0.0354771 0.0334842 0.0315909 0.0377316 0.031523 0.0441191 0.031497 0.049401
threshold=69831.250000000015 52183.500000000007 74112.500000000015 60466.250000000007 42473.000000000007 94405.875000000015 78854.625000000015 3274066.7500000005 35008504.000000007 33019186.000000004 65308.500000000007 77341.750000000015 51447.750000000007 48240.500000000007 69.500000000000014 57734.000000000007 91445.375000000015 105097148.00000001 59750.000000000007 165787248.00000003 53167.000000000007 61271.000000000007 56562.500000000007 72.500000000000014 80298.500000000015 86914.500000000015 69784.625000000015 68.500000000000014 70154.750000000015 76838.500000000015
decision_type=2 2 2 2 2 2 2 2 2 2 2 2 2 2 2 2 2 2 2 2 2 2 2 2 2 2 2 2 2 2
left_child=1 4 6 7 -1 9 8 -3 28 24 18 17 20 14 -14 -15 -11 26 -5 -18 -9 22 -17 -6 25 -4 -10 -28 -2 -30
right_child=2 3 5 10 23 -7 -8 12 11 16 -12 -13 13 15 -16 21 19 -19 -20 -21 -22 -23 -24 -25 -26 -27 27 -29 29 -31
leaf_value=0.007977553927296363 -0.0067443112721261777 -0.0016287787842589455 -0.0072420524643911494 0.0045072871648396051 0.0058911596719914954 -0.0082141128417495043 -0.0043760952593818788 0.0003589365398511291 -0.0024729591177802693 -6.2966262478204e-05 -0.0043228429520413992 -0.002255421605436726 0.003118926094745407 0.0075275643185401964 0.00068028218031508257 0.0043142137710343708 -0.0056416797560659496 0.00049827326934761792 0.00059343909262372365 -0.0031676758989869131 0.0043876036327203799 0.0035646357170834734 -0.00055141020566225058 0.004033117712318123 -0.0078281132903340097 -0.0037380908600365124 -0.0036684188829815903 0.0015335654440735069 -0.0010255861439202962 -0.0037973295036123028
leaf_weight=323 23 37 63 24 262 248 155 24 142 21 21 376 131 24 206 22 188 163 758 84 232 222 47 154 117 60 23 56 95 199
leaf_count=323 23 37 63 24 262 248 155 24 142 21 21 376 131 24 206 22 188 163 758 84 232 222 47 154 117 60 23 56 95 199
internal_value=-6.92024e-12 0.00312206 -0.00385721 0.00172953 0.00641588 -0.00635284 -0.00227515 0.00270476 -0.00197279 -0.0054868 0.000581846 -0.00146904 0.00288135 0.00243823 0.00162824 0.00330478 -0.00453257 -0.000699051 0.000713557 -0.00487765 0.00400992 0.00295651 0.000999948 0.00520333 -0.00665177 -0.0055328 -0.00158215 1.90637e-05 -0.0031805 -0.0029017
internal_weight=4500 2487 2013 1748 739 781 1232 945 1077 533 803 760 908 652 337 315 293 384 782 272 256 291 69 416 240 123 221 79 317 294
internal_count=4500 2487 2013 1748 739 781 1232 945 1077 533 803 760 908 652 337 315 293 384 782 272 256 291 69 416 240 123 221 79 317 294
is_linear=0
shrinkage=0.1


Tree=3
num_leaves=31
num_cat=0
split_feature=9 3 4 9 4 3 8 7 3 7 4 10 9 3 7 3 7 4 7 3 9 5 4 4 9 1 4 7 5 5
split_gain=4.38946 0.936241 0.64377 0.220436 0.106327 0.0730802 0.0633929 0.0530729 0.0510654 0.0564504 0.0760774 0.0502004 0.0450585 0.0418755 0.0406817 0.0371702 0.0359962 0.0402475 0.0353274 0.0348121 0.0282944 0.0474788 0.0316435 0.0279885 0.027682 0.0267732 0.0420909 0.0267064 0.0258576 0.0593885
threshold=69831.250000000015 49217.500000000007 74112.500000000015 56319.250000000007 89659.000000000015 36808.500000000007 78854.625000000015 35008504.000000007 57192.500000000007 4036626.8750000005 59285.000000000007 62359.750000000007 58435.000000000007 71478.000000000015 2744852.0000000005 59750.000000000007 187459968.00000003 43192.000000000007 4356968.0000000009 56562.500000000007 70976.500000000015 83087.500000000015 60758.500000000007 53646.000000000007 77931.250000000015 69.500000000000014 83661.500000000015 6040313.7500000009 76838.500000000015 74043.000000000015
decision_type=2 2 2 2 2 2 2 2 2 2 2 2 2 2 2 2 2 2 2 2 2 2 2 2 2 2 2 2 2 2
left_child=1 5 6 14 18 -1 7 28 19 10 -10 12 -11 -9 -3 -13 17 -17 -4 23 22 -22 -15 -5 -23 26 -20 -19 29 -2
right_child=2 3 4 8 -6 -7 -8 13 9 11 -12 15 -14 20 -16 16 -18 27 25 -21 21 24 -24 -25 -26 -27 -28 -29 -30 -31
leaf_value=0.0080214000741467301 -0.0048696502035263144 -0.0010551005358929221 -0.0083125455380086942 0.0042535641444070883 -0.0076929762601301473 0.0055875754607864836 -0.0039384856964311292 0.002107922305517337 -0.0067604946458469269 0.00070356985955846078 0.00036478038270806157 0.0045378906109059848 0.0047311802348885381 0.0027149845845997334 0.0032168544918936754 -0.0027424486493691802 0.0025737276836298407 -0.0023176603455794978 -0.0029480033772856448 0.0065900873315210152 -0.0034595465660095213 -0.00038465311158499964 -0.0023555535078048709 -0.00068444731560620396 -0.0018327869806516067 -0.0053153396914762631 -0.0066508971506846135 0.00063304437437673678 -0.0035346349696720059 -1.7124486466248832e-05
leaf_weight=179 38 23 31 24 202 397 155 34 23 51 43 24 61 32 724 40 80 32 132 24 120 217 20 22 337 376 40 740 204 75
leaf_count=179 38 23 31 24 202 397 155 34 23 51 43 24 61 32 724 40 80 32 132 24 120 217 20 22 337 376 40 740 204 75
internal_value=6.20235e-12 0.00280985 -0.00347148 0.00174464 -0.00571755 0.00634392 -0.00204764 -0.00177551 0.000884249 0.000716705 -0.00211827 0.000898717 0.00289718 -0.00132214 0.00308532 0.000654364 0.000549874 0.00035048 -0.00502837 0.00350271 -0.00148278 -0.00165618 0.000764778 0.00189191 -0.00126556 -0.00484259 -0.00380914 0.000510735 -0.00286245 -0.00164895
internal_weight=4500 2487 2013 1911 781 576 1232 1077 1164 1094 66 1028 112 760 747 916 892 812 579 70 726 674 52 46 554 548 172 772 317 113
internal_count=4500 2487 2013 1911 781 576 1232 1077 1164 1094 66 1028 112 760 747 916 892 812 579 70 726 674 52 46 554 548 172 772 317 113
is_linear=0
shrinkage=0.1


Tree=4
num_leaves=31
num_cat=0
split_feature=9 3 4 9 8 8 3 3 9 7 7 1 7 3 3 9 3 8 7 5 10 1 9 7 7 1 4 10 5 9
split_gain=3.56524 0.656744 0.638569 0.13572 0.0886726 0.0817257 0.0552709 0.0534045 0.0478349 0.0444811 0.0388342 0.0344639 0.0317085 0.0297193 0.044168 0.0332063 0.027803 0.0369825 0.0352694 0.027589 0.0350246 0.039335 0.0262133 0.024772 0.0243256 0.0334297 0.0333276 0.0316562 0.0239456 0.0231503
threshold=67354.500000000015 48802.000000000007 74112.500000000015 56319.250000000007 90390.000000000015 65719.500000000015 36808.500000000007 106653.50000000001 85576.000000000015 2893177.0000000005 2744852.0000000005 58.500000000000007 199233408.00000003 63089.500000000007 79500.500000000015 73687.500000000015 57192.500000000007 56426.375000000007 16628965.500000002 61271.000000000007 62093.500000000007 73.500000000000014 93203.500000000015 370877168.00000006 4356968.0000000009 69.500000000000014 80788.000000000015 95428.250000000015 95773.500000000015 71625.500000000015
decision_type=2 2 2 2 2 2 2 2 2 2 2 2 2 2 2 2 2 2 2 2 2 2 2 2 2 2 2 2 2 2
left_child=1 6 5 10 7 13 -1 24 9 -7 -3 -5 -11 -2 29 -16 17 18 -13 -18 21 -21 -9 -6 -4 26 27 -26 -10 -15
right_child=2 3 4 11 23 8 -8 22 28 12 -12 16 -14 14 15 -17 19 -19 -20 20 -22 -23 -24 -25 25 -27 -28 -29 -30 -31
leaf_value=0.0072192595553631222 0.0035209032986313104 -0.00091343422730763763 -0.0074446648297210542 0.0049330352466892113 -0.0066120808847031356 -0.0059267085666457817 0.0050861970395239065 0.00055043123148638626 -0.0052441797852516179 -0.0017340548133140167 0.0029479059525304241 -0.0013329196348786355 0.00056195126989713078 -0.0011454625564374936 0.0015870466714967852 -0.0013150013564154506 -0.001557316262430201 0.0061305002997750829 0.004157004783734341 0.0046609149198047822 0.00070631141504663491 -0.00036869453995124157 -0.0032428189484896711 -0.0035570021116592253 -0.00016642929313497414 -0.0051273597723499329 -0.0057830310185793153 -0.0046045791157521302 -0.0027595755466491502 -0.0043752495532057116
leaf_weight=179 20 27 30 22 313 24 378 29 50 806 737 25 65 107 115 60 48 23 22 48 739 23 49 29 45 232 29 25 173 28
leaf_count=179 20 27 30 22 313 24 378 29 50 806 737 25 65 107 115 60 48 23 22 48 739 23 49 29 45 232 29 25 173 28
internal_value=1.07826e-11 0.00278859 -0.00284114 0.00181917 -0.0051458 -0.00159808 0.00577169 -0.00420532 -0.00200624 -0.00167973 0.00281144 0.00102118 -0.00156271 -0.000215282 -0.000456326 0.000592059 0.000928437 0.00284475 0.00123683 0.000772094 0.000910133 0.0030316 -0.00183251 -0.00635302 -0.004718 -0.00447087 -0.00293244 -0.00175148 -0.00331666 -0.00181534
internal_weight=4500 2271 2229 1714 781 1448 557 439 1118 895 764 950 871 330 310 175 928 70 47 858 810 71 78 342 361 331 99 70 223 135
internal_count=4500 2271 2229 1714 781 1448 557 439 1118 895 764 950 871 330 310 175 928 70 47 858 810 71 78 342 361 331 99 70 223 135
is_linear=0
shrinkage=0.1


Tree=5
num_leaves=31
num_cat=0
split_feature=9 3 8 9 4 3 7 5 1 7 5 3 10 7 9 5 10 9 1 9 5 1 9 4 4 1 5 8 4 3
split_gain=2.8935 0.606548 0.435933 0.0993957 0.0839789 0.0754203 0.0633878 0.0657022 0.0425416 0.0423335 0.0409485 0.0367283 0.035871 0.0308403 0.0305307 0.0304709 0.032117 0.0298426 0.0293238 0.0290661 0.0288919 0.0269796 0.026051 0.0377055 0.0355082 0.027661 0.0266058 0.0265278 0.0339874 0.040376
threshold=69442.000000000015 52183.500000000007 79250.000000000015 60960.000000000007 83661.500000000015 42473.000000000007 16128368.000000002 76838.500000000015 68.500000000000014 3466173.1250000005 74043.000000000015 69562.000000000015 74450.625000000015 199233408.00000003 82385.750000000015 83087.500000000015 80761.375000000015 72855.000000000015 59.500000000000007 90535.250000000015 78128.000000000015 72.500000000000014 51447.750000000007 48240.500000000007 53841.500000000007 69.500000000000014 53167.000000000007 49009.125000000007 46910.500000000007 63089.500000000007
decision_type=2 2 2 2 2 2 2 2 2 2 2 2 2 2 2 2 2 2 2 2 2 2 2 2 2 2 2 2 2 2
left_child=1 5 6 9 8 -1 7 10 19 -3 -2 -8 -12 14 15 -13 -17 -15 -11 -4 -9 -7 26 25 -25 27 -20 -24 29 -29
right_child=2 3 4 -5 -6 21 11 20 -10 18 12 13 -14 17 -16 16 -18 -19 22 -21 -22 -23 23 24 -26 -27 -28 28 -30 -31
leaf_value=0.0058593336292383936 -0.003741424768231809 -0.0010879151417281141 -0.00066728029394028847 0.00040330075050699096 -0.0056794398034345625 0.0044400945967880889 0.0017018474002436894 -0.0077959842669467136 -0.0042258846867625028 0.0052733612130396075 0.0040379492743384277 -0.0021371001864493224 -0.001678478681360898 0.0027707935510469335 -0.0031473041891687268 0.0026967003066092729 -0.0010200408306632034 -0.00074398436779368 -0.00029343302982548871 -0.0036239956092851407 -0.0038999948746767706 0.0027722589939215836 0.00042047017677263781 0.0031531580111054201 0.00089590278426733094 0.00022668874787412725 0.0032122238528623976 0.0075905943217758958 0.00057323496522647995 0.0016142074204981327
leaf_weight=323 30 44 67 732 355 262 41 24 362 28 21 292 23 28 115 25 332 176 24 66 92 154 55 220 102 212 221 26 28 20
leaf_count=323 30 44 67 732 355 262 41 24 362 28 21 292 23 28 115 25 332 176 24 66 92 154 55 220 102 212 221 26 28 20
internal_value=-1.71713e-12 0.00231849 -0.00277336 0.00128494 -0.00450572 0.00471285 -0.00154524 -0.00322081 -0.00366396 0.00194347 -0.000892579 -0.00122973 0.00104982 -0.00135389 -0.00164556 -0.00137946 -0.000759765 -0.000261564 0.00208597 -0.00213452 -0.00470606 0.00382267 0.00198768 0.00166207 0.00243813 0.000929249 0.00286881 0.00208385 0.00332014 0.00499217
internal_weight=4500 2451 2049 1712 850 739 1199 190 495 980 74 1009 44 968 764 649 357 204 936 133 116 416 908 663 322 341 245 129 74 46
internal_count=4500 2451 2049 1712 850 739 1199 190 495 980 74 1009 44 968 764 649 357 204 936 133 116 416 908 663 322 341 245 129 74 46
is_linear=0
shrinkage=0.1


Tree=6
num_leaves=31
num_cat=0
split_feature=8 3 4 9 3 8 7 9 7 7 10 3 3 10 8 3 9 7 5 4 4 9 4 4 5 7 7 1 5 5
split_gain=2.34834 0.53926 0.309253 0.101215 0.0681352 0.0644559 0.0403152 0.0357344 0.0362388 0.0349189 0.0325757 0.0289644 0.0348371 0.0360696 0.0444636 0.0334528 0.0318555 0.0267118 0.0253628 0.0268969 0.0259185 0.024518 0.032548 0.0409377 0.0320389 0.0242468 0.0299267 0.030372 0.0241022 0.0313217
threshold=65490.000000000007 52183.500000000007 74112.500000000015 60960.000000000007 36808.500000000007 94405.875000000015 33019186.000000004 86581.250000000015 2893177.0000000005 3138584.8750000005 91445.375000000015 59750.000000000007 61185.000000000007 68698.625000000015 63757.625000000007 80290.500000000015 73687.500000000015 285317904.00000006 96283.500000000015 70311.500000000015 70651.000000000015 51872.250000000007 48240.500000000007 53841.500000000007 53167.000000000007 1433297.8750000002 18187401.000000004 73.500000000000014 57734.000000000007 59707.000000000007
decision_type=2 2 2 2 2 2 2 2 2 2 2 2 2 2 2 2 2 2 2 2 2 2 2 2 2 2 2 2 2 2
left_child=1 4 7 9 -1 6 -4 8 -2 -3 -8 -5 -13 14 -14 -15 -17 -12 20 -20 -10 24 -23 28 -11 -6 -27 -28 -24 -30
right_child=2 3 5 11 25 -7 10 -9 18 21 17 12 13 15 -16 16 -18 -19 19 -21 -22 22 23 -25 -26 26 27 -29 29 -31
leaf_value=0.0059443289186391565 -0.0050979692041873935 -0.0014485645361922005 -0.0045201495434351582 0.0036867255228571595 0.00052833193913102148 -0.0055106985915993013 0.001022709010811966 -0.0028250553557882087 -0.0011862741186764666 -0.00062066171732213767 -0.0034204778932440737 -0.003858250166688647 0.00077803565980866555 -0.00076548359732193851 0.0048482037660095003 0.0014450368141489369 -0.0013139878010207957 -0.00030197159747683239 -0.00068801606196518012 0.0028887267707398646 -0.0027019557496447202 0.00082167367817885138 0.0059022275230381643 0.00062705253716558221 0.0030053280123509469 0.0044779470906318097 0.0035699489594852858 0.00073385299474466599 -0.0011462505208328366 0.0030173759141135063
leaf_weight=180 25 33 240 24 23 248 21 196 662 27 241 21 200 352 31 175 55 31 95 27 136 328 25 110 250 312 177 48 20 187
leaf_count=180 25 33 240 24 23 248 21 196 662 27 241 21 200 352 31 175 55 31 95 27 136 328 25 110 250 312 177 48 20 187
internal_value=-2.72363e-12 0.00197246 -0.00264569 0.00105476 0.00425183 -0.00417888 -0.0035592 -0.00159624 -0.00134137 0.00174912 -0.00277208 0.00026168 0.000163118 0.000266991 0.00132425 -0.000152643 0.00078527 -0.00306506 -0.00123929 0.000103558 -0.00144459 0.00186055 0.00153338 0.00221595 0.00265189 0.00370782 0.003844 0.00296492 0.00296931 0.00261509
internal_weight=4500 2578 1922 1838 740 781 533 1141 945 980 293 858 834 813 231 582 230 272 920 122 798 947 670 342 277 560 537 225 232 207
internal_count=4500 2578 1922 1838 740 781 533 1141 945 980 293 858 834 813 231 582 230 272 920 122 798 947 670 342 277 560 537 225 232 207
is_linear=0
shrinkage=0.1


Tree=7
num_leaves=31
num_cat=0
split_feature=9 3 8 9 4 7 5 8 8 4 5 3 5 4 3 5 3 8 3 5 5 7 1 6 5 3 5 4 5 3
split_gain=1.91066 0.414666 0.276499 0.0997405 0.0628296 0.043024 0.0500363 0.0426741 0.0509076 0.0492982 0.0426036 0.0401363 0.0358601 0.0345105 0.0320266 0.0280376 0.0315032 0.0301809 0.0291441 0.0273171 0.0257319 0.0239946 0.0255902 0.0277454 0.0553203 0.0481737 0.0342855 0.0262766 0.0269395 0.0418614
threshold=69831.250000000015 48802.000000000007 78854.625000000015 57169.750000000007 89659.000000000015 16128368.000000002 76346.500000000015 55001.750000000007 52408.875000000007 49928.500000000007 74043.000000000015 69562.000000000015 59889.000000000007 65308.500000000007 34275.000000000007 83087.500000000015 80790.000000000015 77054.125000000015 76395.500000000015 99162.000000000015 57734.000000000007 208157968.00000003 66.500000000000014 58771.583984375007 66808.500000000015 71478.000000000015 74960.500000000015 42006.000000000007 61271.000000000007 60278.000000000007
decision_type=2 2 2 2 2 2 2 2 2 2 2 2 2 2 2 2 2 2 2 2 2 2 2 2 2 2 2 2 2 2
left_child=1 14 5 7 -4 6 10 8 9 -3 -2 -7 20 21 -1 -13 18 -18 -17 -19 -10 22 23 -5 -25 -26 -27 -24 -29 -30
right_child=2 3 4 13 -6 11 -8 -9 12 -11 -12 15 -14 -15 -16 16 17 19 -20 -21 -22 -23 27 24 25 26 -28 28 29 -31
leaf_value=0.0056646770298480996 -0.0036272043963739031 0.0019726953593821729 -0.0031686042743497376 0.0044331690681905581 -0.0051823524951861051 0.0021805332238344771 -0.0038583814214230975 0.0054530821535188484 0.00020826722925099041 0.0061173944283897681 0.0017826010724781333 -0.001975529845519219 0.001591873376829816 -0.0034829770525296533 0.0038475979863199262 -0.0006842456604053658 -0.00069970978232087656 -0.0042033246637312883 0.0037665889465383125 -0.00057549206606511555 -0.0041993627031506218 0.002414199300920186 -0.0025476452690782027 -0.0032235641479492188 0.0045540677298876375 -0.0026369433924555777 0.0020403865503058546 -0.0022997958223438925 0.0025922707798342933 0.0002397824888791363
leaf_weight=125 24 661 665 29 202 38 121 34 26 30 37 278 56 21 433 31 503 51 28 35 27 69 32 25 44 25 42 36 85 687
leaf_count=125 24 661 665 29 202 38 121 34 26 30 37 278 56 21 433 31 503 51 28 35 27 69 32 25 44 25 42 36 85 687
internal_value=1.40297e-12 0.00185383 -0.00229035 0.00115934 -0.00363778 -0.00127095 -0.0026811 0.00198328 0.00183581 0.00215264 -0.000345847 -0.00100472 -0.000172687 0.000531797 0.00425465 -0.00113543 -0.00077502 -0.000995697 0.00142801 -0.00272688 -0.00203713 0.000610298 0.000486448 0.001625 0.0010262 0.00198335 0.000295114 0.000262805 0.00037411 0.0004988
internal_weight=4500 2487 2013 1929 867 1146 182 834 800 691 61 964 109 1095 558 926 648 589 59 86 53 1074 1005 165 136 111 67 840 808 772
internal_count=4500 2487 2013 1929 867 1146 182 834 800 691 61 964 109 1095 558 926 648 589 59 86 53 1074 1005 165 136 111 67 840 808 772
is_linear=0
shrinkage=0.1


Tree=8
num_leaves=31
num_cat=0
split_feature=8 3 4 9 8 7 9 1 7 9 3 8 3 1 7 10 4 4 9 6 5 8 8 3 10 5 10 7 10 8
split_gain=1.55487 0.300554 0.272886 0.0630703 0.0441424 0.0383055 0.0354509 0.0325088 0.0319383 0.0316579 0.0293122 0.0455824 0.027812 0.0273965 0.0264343 0.0255881 0.0253775 0.0431182 0.0282898 0.0244822 0.0384611 0.03688 0.0400472 0.0308227 0.030669 0.0275212 0.040427 0.0386056 0.0346874 0.0239835
threshold=62565.000000000007 48802.000000000007 74112.500000000015 56319.250000000007 94405.875000000015 4036626.8750000005 85576.000000000015 77.500000000000014 33019186.000000004 58915.500000000007 60125.000000000007 55001.750000000007 33210.500000000007 74.500000000000014 2744852.0000000005 91445.375000000015 60111.000000000007 66112.500000000015 77341.750000000015 67626.167968750015 73406.500000000015 63757.625000000007 65128.750000000007 71010.500000000015 72611.500000000015 82816.000000000015 75703.500000000015 10073146.000000002 80479.500000000015 71323.125000000015
decision_type=2 2 2 2 2 2 2 2 2 2 2 2 2 2 2 2 2 2 2 2 2 2 2 2 2 2 2 2 2 2
left_child=1 12 6 14 8 9 13 10 -4 -5 11 -7 -1 19 -3 -10 -15 18 -18 21 23 -2 -23 -21 -22 26 27 -26 -27 -19
right_child=2 3 4 5 -6 7 -8 -9 15 -11 -12 -13 -14 16 -16 -17 17 29 -20 20 24 22 -24 -25 25 28 -28 -29 -30 -31
leaf_value=0.0052834673543219217 -0.0017446130593972546 -0.0012190425354573463 -0.0037377577867300713 0.00075506161898374567 -0.0044974211682265088 -0.00049898621592936779 -0.0022259134239512998 -0.0032101459056138996 0.00118139316702062 -0.0045827367901802064 0.00062786136545144684 0.0034768863120521218 0.0034968884612233304 -0.0035000587263399915 0.0019667301716633947 -0.0024415257110376844 0.00096116566176028247 -0.0053265984640456744 -0.0030391245254908095 -0.0064166278356597543 0.0029896747928274715 0.0041944833585947031 -0.0008835578840225935 -0.0011177023948656152 0.0034044675242442357 0.0032070906716398897 -0.0023312280232754357 -0.00092090671783444118 -0.00043283706145573676 -0.0018167825014229909
leaf_weight=108 35 27 240 20 248 42 224 20 21 25 768 92 451 62 737 272 90 25 22 21 23 41 25 23 26 28 193 100 403 88
leaf_count=108 35 27 240 20 248 42 224 20 21 25 768 92 451 62 737 272 90 25 22 21 23 41 25 23 26 28 193 100 403 88
internal_value=4.11567e-12 0.00182608 -0.00189218 0.00117505 -0.00339527 0.000638515 -0.00107069 0.00077756 -0.00288245 -0.00221038 0.00086598 0.00223072 0.00384206 -0.00085594 0.00185414 -0.00218186 -0.00170872 -0.0012151 0.000175394 -0.000589332 -0.000770906 0.00087944 0.00227098 -0.00364673 -0.000607211 -0.000717515 -0.00142163 -2.83692e-05 -0.000196368 -0.00259329
internal_weight=4500 2290 2210 1731 781 967 1429 922 533 45 902 134 559 1205 764 293 287 225 112 918 817 101 66 44 773 750 319 126 431 113
internal_count=4500 2290 2210 1731 781 967 1429 922 533 45 902 134 559 1205 764 293 287 225 112 918 817 101 66 44 773 750 319 126 431 113
is_linear=0
shrinkage=0.1


Tree=9
num_leaves=31
num_cat=0
split_feature=9 3 8 9 8 5 7 10 3 7 3 1 5 3 5 8 5 4 7 9 1 1 9 7 1 5 9 7 7 3
split_gain=1.26058 0.272762 0.183645 0.0582291 0.0439188 0.0333522 0.0325848 0.0359591 0.0613821 0.0316664 0.0304233 0.0299618 0.0242709 0.0263143 0.025358 0.0233022 0.0719362 0.0214434 0.0213362 0.0238097 0.0210684 0.0291646 0.0197912 0.0196422 0.0194935 0.0290983 0.0202257 0.0333591 0.0192893 0.0185855
threshold=69831.250000000015 49560.500000000007 78854.625000000015 56319.250000000007 90390.000000000015 114858.50000000001 16128368.000000002 74842.500000000015 71841.500000000015 12939016.500000002 69562.000000000015 76.500000000000014 53167.000000000007 51558.000000000007 52193.500000000007 42445.250000000007 49311.000000000007 65308.500000000007 192512208.00000003 72855.000000000015 70.500000000000014 72.500000000000014 47230.500000000007 4356968.0000000009 68.500000000000014 103990.50000000001 90262.750000000015 29083189.000000004 370877168.00000006 57192.500000000007
decision_type=2 2 2 2 2 2 2 2 2 2 2 2 2 2 2 2 2 2 2 2 2 2 2 2 2 2 2 2 2 2
left_child=1 9 6 12 5 23 7 8 -2 15 -8 17 14 -14 22 -1 -17 29 -12 -20 -21 -22 -3 -4 25 26 27 -25 -6 -5
right_child=2 3 4 11 28 -7 10 -9 -10 -11 18 -13 13 -15 -16 16 -18 -19 19 20 21 -23 -24 24 -26 -27 -28 -29 -30 -31
leaf_value=0.0045303199995968329 -0.0035795257495785204 0.0029069717937650588 -0.0057346954755485057 0.0022946873058875402 -0.0040553150994476874 -0.00024706992768467619 0.0019753038000903632 -0.0031938588852801967 0.0030462096665046534 0.0025420953526861909 -0.0011668312657065626 -0.0015254790821511831 0.004343817193293944 0.0016918287416537042 -0.0017184689277555884 -0.00060363819536108244 0.0050325561125107391 -0.0026357664866372942 0.0030986806801096959 0.00087215526440700931 -0.0040036088259135984 -0.00027611589248408567 -0.00050941891502588989 -0.0021412547778648637 -0.0029281518137311592 -0.0044606713616910081 -0.0033085335791110991 0.0023738429037621247 -0.0016141993485184179 0.00056253237259322009
leaf_weight=243 27 39 20 66 321 65 38 126 29 258 722 70 40 579 41 39 54 20 22 77 29 76 30 30 315 24 20 36 36 1008
leaf_count=243 27 39 20 66 321 65 38 126 29 258 722 70 40 579 41 39 54 20 22 77 29 76 30 30 315 24 20 36 36 1008
internal_value=1.89398e-11 0.00150578 -0.00186035 0.000919143 -0.00295847 -0.00236299 -0.00102957 -0.00225678 -0.000148341 0.00337533 -0.000797877 0.000480226 0.00161996 0.0018632 0.000251201 0.00401513 0.00266899 0.000608562 -0.000911679 -8.63987e-06 -0.00038425 -0.00130561 0.00142158 -0.00267206 -0.00252794 -0.00138187 -0.000522674 0.000321526 -0.00380915 0.000668978
internal_weight=4500 2487 2013 1893 867 510 1146 182 56 594 964 1164 729 619 110 336 93 1094 926 204 182 105 69 445 425 110 86 66 357 1074
internal_count=4500 2487 2013 1893 867 510 1146 182 56 594 964 1164 729 619 110 336 93 1094 926 204 182 105 69 445 425 110 86 66 357 1074
is_linear=0
shrinkage=0.1


Tree=10
num_leaves=31
num_cat=0
split_feature=8 3 8 9 8 7 3 4 1 1 9 3 8 6 6 6 7 7 5 10 7 1 7 3 5 4 7 8 9 9
split_gain=1.02588 0.198439 0.181232 0.0436772 0.0435653 0.0319363 0.0301612 0.0266236 0.0487099 0.0443117 0.0249493 0.0245033 0.0319321 0.0233724 0.0337076 0.0248248 0.0225661 0.0214448 0.052993 0.0441052 0.0201912 0.0201159 0.0269622 0.0287387 0.0197985 0.0193516 0.0183313 0.0180624 0.0287463 0.0202695
threshold=62565.000000000007 47573.000000000007 77054.125000000015 56319.250000000007 90390.000000000015 4036626.8750000005 107621.50000000001 67383.000000000015 73.500000000000014 72.500000000000014 58915.500000000007 60125.000000000007 55001.750000000007 77993.335937500015 74123.250000000015 76529.082031250015 2744852.0000000005 3649232.1250000005 68579.500000000015 68698.625000000015 11356806.500000002 74.500000000000014 12939016.500000002 82151.500000000015 61995.500000000007 69608.000000000015 43090314.000000007 71323.125000000015 75622.500000000015 72018.750000000015
decision_type=2 2 2 2 2 2 2 2 2 2 2 2 2 2 2 2 2 2 2 2 2 2 2 2 2 2 2 2 2 2
left_child=1 20 7 16 6 10 21 17 9 13 -5 12 24 14 -9 -16 -3 -2 -19 -20 -1 22 -4 -24 -7 -15 -6 29 -29 -21
right_child=2 3 4 5 26 11 -8 8 -10 -11 -12 -13 -14 25 15 -17 -18 18 19 27 -22 -23 23 -25 -26 -27 -28 28 -30 -31
leaf_value=0.0038070708923445282 0.0024014609830024149 -0.0011177571370236336 -0.0038634878624953443 0.00056623531505465511 -0.0045383518641548505 -0.0021067977847101598 -0.00064065118057168727 0.00067626324578605847 -0.0030631107614636876 0.0027348500224487747 -0.0041723643243312836 0.00044364165781647164 0.0029225920206916176 0.0021162822770340174 -0.0050810912791161966 -0.0014125602326488921 0.001633166183816857 -0.0054749335827572014 0.0037481406219303606 -0.00022269341580913928 0.0025364396554466927 -0.0035298842226916733 0.001344429993006433 -0.0019561921674335595 0.0020781835779780525 -0.000997665326394781 -0.0029656891627902436 0.0032976160018608489 -0.00020506573882961618 -0.0013436221595304724
leaf_weight=277 26 31 67 20 105 26 123 29 123 34 25 785 95 29 39 35 783 21 25 345 228 118 29 292 20 64 252 29 122 303
leaf_count=277 26 31 67 20 105 26 123 29 123 34 25 785 95 29 39 35 783 21 25 345 228 118 29 292 20 64 252 29 122 303
internal_value=-7.28521e-12 0.00148327 -0.00153697 0.000988138 -0.00254592 0.000535229 -0.00204515 -0.000724193 -0.00145679 -0.000597757 -0.00206632 0.000661654 0.00187541 -0.00117586 -0.0022135 -0.00334598 0.0015284 -0.000427286 -0.000514324 -0.000387901 0.0032334 -0.00238656 -0.00203885 -0.00165801 -0.000287241 -2.66494e-05 -0.00342824 -0.000517314 0.000467635 -0.000746831
internal_weight=4500 2290 2210 1785 986 971 629 1224 353 230 45 926 141 196 103 74 814 871 845 824 505 506 388 321 46 93 357 799 151 648
internal_count=4500 2290 2210 1785 986 971 629 1224 353 230 45 926 141 196 103 74 814 871 845 824 505 506 388 321 46 93 357 799 151 648
is_linear=0
shrinkage=0.1


Tree=11
num_leaves=31
num_cat=0
split_feature=8 3 8 1 9 4 5 7 3 4 8 3 5 9 4 9 9 10 5 3 6 4 5 10 6 9 5 1 1 1
split_gain=0.830964 0.162718 0.146945 0.0358065 0.0336003 0.0324414 0.0277554 0.0218801 0.0492112 0.0304853 0.0384581 0.026284 0.0262548 0.0246394 0.0209971 0.0472458 0.0316503 0.0285296 0.0334167 0.0303837 0.0303041 0.0275823 0.0299626 0.0417609 0.0245067 0.0244272 0.031129 0.0270997 0.0220789 0.0277154
threshold=62565.000000000007 49560.500000000007 78854.625000000015 59.500000000000007 64917.250000000007 98622.500000000015 73049.500000000015 3466173.1250000005 57535.000000000007 60298.500000000007 59005.250000000007 65765.000000000015 66067.500000000015 60283.000000000007 65685.000000000015 71145.750000000015 75953.750000000015 75129.250000000015 86914.500000000015 82815.500000000015 79042.832031250015 65181.500000000007 67451.000000000015 68319.375000000015 76529.082031250015 77638.000000000015 82816.000000000015 69.500000000000014 68.500000000000014 73.500000000000014
decision_type=2 2 2 2 2 2 2 2 2 2 2 2 2 2 2 2 2 2 2 2 2 2 2 2 2 2 2 2 2 2
left_child=1 -1 14 -3 7 -4 -6 8 -5 10 13 12 -12 -9 16 -16 21 -17 20 -20 25 22 -2 -24 -18 26 -19 -27 -21 -30
right_child=2 3 5 4 6 -7 -8 9 -10 -11 11 -13 -14 -15 15 17 24 18 19 28 -22 -23 23 -25 -26 27 -28 -29 29 -31
leaf_value=0.0027576874471230417 -0.0038470707301582609 0.0035571249687370468 -0.0021991046337406055 0.0011486237026041462 -0.0024743801138053341 -0.0042781410693942786 0.00020333369134459647 0.0011142623832502516 -0.0046896708790551533 -0.0025747261536510097 0.0031635458605029643 0.0040912944392593048 -0.00058145280668718948 -0.00011700110247310921 -0.004299664856452081 0.0017936528039475281 -0.0031989555889627552 -0.0030693718430324737 0.0028116640487236772 -0.0024608542641321694 -0.0050398363232878711 0.0030220017832671775 0.0033397678378969432 -0.00024236942497674166 -0.00078869967471892626 0.003141697505488992 0.00020361079305308895 -0.0012823249886019363 0.0010081556451354196 -0.0016712961157970838
leaf_weight=595 21 47 784 42 48 83 200 976 22 23 39 67 36 195 45 36 56 114 28 53 28 29 35 464 171 20 39 45 93 66
leaf_count=595 21 47 784 42 48 83 200 976 22 23 39 67 36 195 45 36 56 114 28 53 28 29 35 464 171 20 39 45 93 66
internal_value=3.79866e-12 0.00133494 -0.00138327 0.000835516 0.000757897 -0.00239814 -0.000314933 0.000947942 -0.00085829 0.00103447 0.00109769 0.00265185 0.00136595 0.000909227 -0.000728101 -0.00119068 -0.000390112 -0.000922659 -0.00112387 -0.000284357 -0.0019429 2.05501e-05 -0.000146839 8.88269e-06 -0.0013833 -0.00154513 -0.00223508 7.89127e-05 -0.000693266 -0.00010407
internal_weight=4500 2290 2210 1695 1648 867 248 1400 64 1336 1313 142 75 1171 1343 567 776 522 486 240 246 549 520 499 227 218 153 65 212 159
internal_count=4500 2290 2210 1695 1648 867 248 1400 64 1336 1313 142 75 1171 1343 567 776 522 486 240 246 549 520 499 227 218 153 65 212 159
is_linear=0
shrinkage=0.1


Tree=12
num_leaves=31
num_cat=0
split_feature=9 9 4 7 6 3 10 9 8 9 5 4 6 7 4 4 3 7 3 10 6 1 7 9 8 9 6 8 9 9
split_gain=0.673931 0.152829 0.0990813 0.0388369 0.0252714 0.0439255 0.0435869 0.0352973 0.0340652 0.044956 0.028792 0.0291198 0.0340864 0.0272408 0.065336 0.0240405 0.0221879 0.0269538 0.0212822 0.0200365 0.0572478 0.0365641 0.0298339 0.0305568 0.0190722 0.0197474 0.020459 0.0174207 0.0181642 0.0178512
threshold=69831.250000000015 51447.750000000007 74112.500000000015 15228613.500000002 51296.666015625007 57809.000000000007 62838.500000000007 57421.250000000007 55001.750000000007 56117.500000000007 55563.000000000007 49205.500000000007 53688.666015625007 4356968.0000000009 60504.500000000007 98622.500000000015 34275.000000000007 1433297.8750000002 52183.500000000007 61138.875000000007 57382.333984375007 76.500000000000014 13211835.500000002 54971.750000000007 45720.000000000007 47230.500000000007 47219.250000000007 63947.000000000007 70365.000000000015 70976.500000000015
decision_type=2 2 2 2 2 2 2 2 2 2 2 2 2 2 2 2 2 2 2 2 2 2 2 2 2 2 2 2 2 2
left_child=1 3 27 16 -3 6 7 8 9 10 -6 12 18 14 -7 -4 -1 -18 -12 20 22 -21 -15 -24 25 -5 -27 -2 -29 -30
right_child=2 4 15 24 5 13 -8 -9 -10 -11 11 -13 -14 19 -16 -17 17 -19 -20 21 -22 -23 23 -25 -26 26 -28 28 29 -31
leaf_value=0.0041612675396512115 0.00027475144869192682 -0.0017111816238611938 -0.0020500849008114534 0.0016382469578237755 -0.00099362847935740976 -0.0051999640490474376 0.0058055555758376922 -0.0015994363577504244 0.0052189611077595221 -0.0030021218050803461 0.0051763682094003475 0.0045016595060587859 -0.0020750277897431738 -0.0029756401851773265 0.0011780107471471033 -0.0038503268763075125 -0.00059342231187555535 0.0027034755099999818 0.0012774481997309653 0.00043920477751844991 0.0055211890633378568 -0.0020269854770958774 0.0034148385416636687 -0.00043635027069184519 0.0029759942290471181 -0.0028367489739321173 0.0007436486314746399 -0.0031421305146068336 0.0012701516975587432 -0.00093711308550297194
leaf_weight=96 134 50 698 317 28 29 24 35 26 21 21 48 21 20 36 83 27 304 42 991 29 64 38 45 76 20 79 36 38 1024
leaf_count=96 134 50 698 317 28 29 24 35 26 21 21 48 21 20 36 83 27 304 42 991 29 64 38 45 76 20 79 36 38 1024
internal_value=7.33125e-12 0.00110099 -0.00136025 0.00212495 0.000500858 0.000573718 0.00174075 0.00133763 0.00183424 0.00134804 0.00191899 0.00253682 0.00141406 0.00032577 -0.00166755 -0.0022414 0.00282275 0.00243454 0.00257709 0.000434924 0.00159644 0.000289597 0.000491411 0.00132684 0.00151934 0.00125322 2.0336e-05 -0.000801654 -0.000933019 -0.000858134
internal_weight=4500 2487 2013 919 1568 1518 266 242 207 181 160 132 84 1252 65 781 427 331 63 1187 132 1055 103 83 492 416 99 1232 1098 1062
internal_count=4500 2487 2013 919 1568 1518 266 242 207 181 160 132 84 1252 65 781 427 331 63 1187 132 1055 103 83 492 416 99 1232 1098 1062
is_linear=0
shrinkage=0.1


Tree=13
num_leaves=31
num_cat=0
split_feature=8 3 8 1 9 8 3 5 7 3 4 8 4 9 3 5 4 9 6 8 4 4 1 8 1 7 5 10 7 7
split_gain=0.54967 0.112136 0.0991322 0.0283615 0.0277181 0.0277145 0.0243304 0.0223974 0.0192152 0.0303389 0.0251035 0.0315961 0.0229552 0.0302333 0.0218326 0.0402784 0.0213183 0.020368 0.0185436 0.017525 0.0174976 0.0167723 0.0334851 0.0248146 0.0237795 0.021353 0.0440892 0.029492 0.0193428 0.0350691
threshold=62565.000000000007 46484.000000000007 77054.125000000015 59.500000000000007 64917.250000000007 90390.000000000015 107621.50000000001 73049.500000000015 3466173.1250000005 57535.000000000007 60298.500000000007 59005.250000000007 51456.000000000007 64012.250000000007 67125.000000000015 66067.500000000015 55924.500000000007 63433.750000000007 64313.666015625007 49819.500000000007 58587.500000000007 67061.500000000015 75.500000000000014 73480.500000000015 63.500000000000007 3649232.1250000005 68579.500000000015 68698.625000000015 3649232.1250000005 6271720.5000000009
decision_type=2 2 2 2 2 2 2 2 2 2 2 2 2 2 2 2 2 2 2 2 2 2 2 2 2 2 2 2 2 2
left_child=1 -1 21 -3 8 6 -4 18 9 19 11 16 -13 14 15 -14 17 -10 -6 -5 -9 25 24 -24 -23 -2 -27 -28 -26 -30
right_child=2 3 5 4 7 -7 -8 20 10 -11 -12 12 13 -15 -16 -17 -18 -19 -20 -21 -22 22 23 -25 28 26 27 -29 29 -31
leaf_value=0.002498785776974819 0.0025974944811314347 0.0029970475182549477 -0.0017784736757711949 -0.0017416043291715059 -0.0042154840814570584 -0.0025749801427382892 -0.00021037954271097131 -0.0001817316636390521 0.00096052634007832679 -0.0038367780264128345 -0.0023643861646237582 0.0049470258843419814 0.0021736593832346529 0.005081637341275134 0.0030644618731457741 -0.0030343665879357749 -0.0014924699118217598 -0.0011835023295134308 -0.000284452666528523 0.0018049123427389486 0.0027502003328307816 -0.0034822990427966476 -0.0052647112713505827 -0.0013188373982248938 -0.0030244478732347493 -0.0048924632813958898 0.0031297871856950225 -0.00035898892845815874 0.0038040002807974817 -0.00046577194864659853
leaf_weight=451 25 54 506 22 24 357 123 177 1205 22 23 28 33 22 32 27 39 46 24 38 23 27 30 34 25 21 25 787 21 229
leaf_count=451 25 54 506 22 24 357 123 177 1205 22 23 28 33 22 32 27 39 46 24 38 23 27 30 34 25 21 25 787 21 229
internal_value=9.4484e-12 0.00108573 -0.00112504 0.000739193 0.000670889 -0.00187125 -0.00147184 -0.000310122 0.000829178 -0.000660216 0.000913116 0.000965758 0.00238154 0.00175142 0.000955061 -0.000169952 0.000809912 0.000881689 -0.00224997 0.000504523 0.000155441 -0.000523919 -0.00109069 -0.00316847 -0.000650368 -0.000282149 -0.000368573 -0.000251576 -0.000372324 -0.000107111
internal_weight=4500 2290 2210 1839 1785 986 629 248 1537 82 1455 1432 142 114 92 60 1290 1251 48 60 200 1224 366 64 302 858 833 812 275 250
internal_count=4500 2290 2210 1839 1785 986 629 248 1537 82 1455 1432 142 114 92 60 1290 1251 48 60 200 1224 366 64 302 858 833 812 275 250
is_linear=0
shrinkage=0.1


Tree=14
num_leaves=31
num_cat=0
split_feature=8 3 8 9 4 4 9 9 7 4 7 4 9 1 6 9 5 3 7 7 8 5 5 3 9 5 7 4 7 7
split_gain=0.445233 0.0908305 0.0807691 0.0263297 0.0228646 0.0241392 0.021051 0.0267715 0.0211636 0.0195599 0.0167708 0.0255381 0.0286294 0.0180136 0.0164415 0.018513 0.0160947 0.0286435 0.0470421 0.0289153 0.0280401 0.032752 0.0370873 0.0358014 0.0253517 0.0180254 0.0449358 0.0256517 0.0308401 0.0227974
threshold=62565.000000000007 46484.000000000007 79250.000000000015 51872.250000000007 29485.000000000004 42727.000000000007 49124.750000000007 48180.750000000007 11644666.000000002 89659.000000000015 162934312.00000003 70311.500000000015 72162.500000000015 70.500000000000014 46089.082031250007 45994.750000000007 55563.000000000007 57809.000000000007 4036626.8750000005 26115314.000000004 50649.250000000007 57468.500000000007 59069.500000000007 55255.000000000007 57682.750000000007 68201.500000000015 17821447.000000004 57030.500000000007 49085520.000000007 52194180.000000007
decision_type=2 2 2 2 2 2 2 2 2 2 2 2 2 2 2 2 2 2 2 2 2 2 2 2 2 2 2 2 2 2
left_child=1 -1 10 6 -5 -6 7 14 -9 -4 -2 12 -12 -14 15 -3 -7 19 -19 20 -18 23 -23 -22 -24 29 -27 28 -28 -20
right_child=2 3 9 4 5 16 -8 8 -10 -11 11 -13 13 -15 -16 -17 17 18 25 -21 21 22 24 -25 -26 26 27 -29 -30 -31
leaf_value=0.0022489072160109098 -0.00069674505559092978 0.00096207189063231161 -0.001509392173762468 0.0037848203722387549 -0.00082924569217285434 -0.0016802631715108875 0.0021151662336048138 -0.0038454273855313657 0.00030131412695482145 -0.0026364071903828678 0.0027461311065902316 0.0033198409152343324 0.00063812072099384226 -0.0013807815607703691 0.0020792021479807857 -0.002107205407936936 -0.0020691662910394372 -0.0036115280191960004 0.0012927994034380445 0.004182890452746604 0.0011800976632081945 -0.0032185567577835174 0.0028512572145766835 0.0068909736461050452 -0.00072468688200798736 -0.0044322254357948192 -0.0021320076535145441 0.0018714212797760197 0.00032282850988849535 -0.0011812427438729043
leaf_weight=451 1121 135 648 20 147 32 188 20 32 202 30 24 73 112 117 23 24 29 329 37 23 20 55 21 31 21 60 85 348 42
leaf_count=451 1121 135 648 20 147 32 188 20 32 202 30 24 73 112 117 23 24 29 329 37 23 20 55 21 31 21 60 85 348 42
internal_value=3.6366e-12 0.00097716 -0.00101253 0.000665274 0.000429285 0.00037782 0.00127197 0.000787199 -0.00129359 -0.00177722 -0.0005346 0.000225922 -0.000119446 -0.000584134 0.00118066 0.000515278 0.000531181 0.000594084 0.000351644 0.00164428 0.00110446 0.00161224 0.000660214 0.00390574 0.00156225 0.00048151 9.80894e-05 0.000291064 -3.81768e-05 0.00101272
internal_weight=4500 2290 2210 1839 1324 1304 515 327 52 850 1360 239 215 185 275 158 1157 1125 914 211 174 150 106 44 86 885 514 493 408 371
internal_count=4500 2290 2210 1839 1324 1304 515 327 52 850 1360 239 215 185 275 158 1157 1125 914 211 174 150 106 44 86 885 514 493 408 371
is_linear=0
shrinkage=0.1


Tree=15
num_leaves=31
num_cat=0
split_feature=6 3 4 6 9 6 9 8 1 1 4 9 3 4 9 10 6 9 5 10 7 8 9 3 7 4 8 1 4 6
split_gain=0.36619 0.0768994 0.0644754 0.0273964 0.0303812 0.0232869 0.0438548 0.0272757 0.0210951 0.0208755 0.0198936 0.0189424 0.0294952 0.0235066 0.029178 0.019609 0.0191095 0.0257844 0.0180924 0.0238099 0.019748 0.0431403 0.0199637 0.0180182 0.0205854 0.0218329 0.0215312 0.0204393 0.0175944 0.0234688
threshold=68284.332031250015 52183.500000000007 80298.500000000015 87213.082031250015 89226.500000000015 69030.832031250015 68980.000000000015 63068.750000000007 59.500000000000007 58.500000000000007 60758.500000000007 76777.750000000015 95518.000000000015 66112.500000000015 71145.750000000015 75129.250000000015 76529.082031250015 78219.500000000015 79769.000000000015 68058.250000000015 9519850.5000000019 63757.625000000007 59149.750000000007 35136.000000000007 1433297.8750000002 35014.000000000007 40057.375000000007 72.500000000000014 72247.000000000015 75207.085937500015
decision_type=2 2 2 2 2 2 2 2 2 2 2 2 2 2 2 2 2 2 2 2 2 2 2 2 2 2 2 2 2 2
left_child=1 23 5 -4 -5 7 -7 -2 -8 -3 -9 12 13 -10 -15 -16 17 -13 19 -11 -21 22 -22 -1 -25 26 -26 -27 29 -17
right_child=2 9 3 4 -6 6 8 10 11 18 -12 16 -14 14 15 28 -18 -19 -20 20 21 -23 -24 24 25 27 -28 -29 -30 -31
leaf_value=0.0027135167454818859 0.00011095384963684613 0.002824501948733185 -0.00524124006042257 0.0008584105107001961 -0.0020237430696966197 0.0016067262732328592 -0.0031903480736990321 -0.0061571591844161357 0.0001044613245842164 0.00059372917524934377 -0.0019426439161179588 -0.0045925493830509369 0.0020001546562915403 -0.0043473755164692802 0.0015111002884805203 -0.0022062819341267898 -0.00078647878672307532 -0.00066513297813279289 0.0019261928785693416 -0.0032858705547239098 0.001063411572719023 0.0024595219269394879 -0.00092104352782848933 -0.0011799007055482693 0.001179179333121283 0.0026235840441219413 -0.001806300539257271 0.0010623443392745241 -0.0035976880436970129 0.00079868357792934957
leaf_weight=144 27 37 24 40 427 88 33 21 319 1071 24 32 56 27 30 53 846 35 76 21 62 55 278 28 176 233 28 131 27 51
leaf_count=144 27 37 24 40 427 88 33 21 319 1071 24 32 56 27 30 53 846 35 76 21 62 55 278 28 176 233 28 131 27 51
internal_value=1.04803e-11 0.000866694 -0.000938918 -0.00194622 -0.00177688 -0.000642584 -0.000563271 -0.00240178 -0.000689818 0.000476833 -0.00390942 -0.000633912 -0.000177712 -0.000418266 -0.00130523 -0.00079506 -0.000915227 -0.00254091 0.000421258 0.000344341 -0.000297712 -0.000138848 -0.000559172 0.00170964 0.00146709 0.00159757 0.000769408 0.00206171 -0.00132319 -0.000732693
internal_weight=4500 2340 2160 491 467 1669 1597 72 1509 1600 45 1476 563 507 188 161 913 67 1563 1487 416 395 340 740 596 568 204 364 131 104
internal_count=4500 2340 2160 491 467 1669 1597 72 1509 1600 45 1476 563 507 188 161 913 67 1563 1487 416 395 340 740 596 568 204 364 131 104
is_linear=0
shrinkage=0.1


Tree=16
num_leaves=31
num_cat=0
split_feature=6 9 8 5 7 6 3 10 9 8 9 9 8 6 9 9 5 1 8 1 4 3 8 7 10 8 7 4 1 5
split_gain=0.296614 0.0647298 0.0536721 0.0257037 0.0240227 0.0234248 0.0231217 0.0367837 0.0239487 0.0263885 0.0361504 0.0234966 0.0298966 0.0219815 0.0278065 0.0192944 0.0182336 0.0184547 0.0199076 0.0292239 0.0346357 0.0186521 0.0183514 0.0258891 0.018193 0.0199883 0.0180485 0.0176958 0.0164483 0.0164154
threshold=68284.332031250015 51447.750000000007 77054.125000000015 85245.000000000015 15228613.500000002 51296.666015625007 57809.000000000007 62838.500000000007 57421.250000000007 55001.750000000007 56117.500000000007 55310.000000000007 52621.000000000007 69030.832031250015 68980.000000000015 78219.500000000015 79769.000000000015 76.500000000000014 63757.625000000007 68.500000000000014 60298.500000000007 67420.500000000015 62565.000000000007 4036626.8750000005 107096.87500000001 76086.250000000015 12134729.000000002 72501.500000000015 69.500000000000014 73810.500000000015
decision_type=2 2 2 2 2 2 2 2 2 2 2 2 2 2 2 2 2 2 2 2 2 2 2 2 2 2 2 2 2 2
left_child=1 4 3 13 -1 -3 7 8 9 10 11 12 -7 -2 -15 -5 17 18 22 -20 -21 -19 23 -8 25 -17 -4 29 -29 -16
right_child=2 5 26 15 -6 6 16 -9 -10 -11 -12 -13 -14 14 27 24 -18 21 19 20 -22 -23 -24 -25 -26 -27 -28 28 -30 -31
leaf_value=0.0019828428867637274 -0.0025341195151654641 -0.0017689990478102118 -0.0025437856680506198 0.00070497125948101955 0.0009577291006458038 0.001644275332695212 -0.0028382351570245294 0.0049214835129678253 -0.0015268654416182212 0.0042804927842763178 -0.0030273915046737307 0.0044206148256886414 -0.0020156769231627031 0.0018571420284431606 -0.0030179565175246724 -0.0012414253162005577 0.0017488309236108075 -0.00013866534866792789 0.0041852029754469791 0.0029783785933007799 -0.0015669394247724039 -0.0035791454657625693 -0.0016209066671840217 0.00031144137533817393 0.0015379396949834988 0.0012698681895639502 -0.0012304505450223254 -0.00040697708637231874 -0.0040316736348153604 -0.00047837463065956694
leaf_weight=427 67 50 119 275 492 110 27 25 35 26 21 22 28 42 27 191 74 40 30 30 38 26 59 780 38 38 867 21 31 444
leaf_count=427 67 50 119 275 492 110 27 25 35 26 21 22 28 42 27 191 74 40 30 30 38 26 59 780 38 38 867 21 31 444
internal_value=7.54751e-12 0.000780024 -0.000845026 -0.000388199 0.00143403 0.000357059 0.000434596 0.00126966 0.000892406 0.00130146 0.000873534 0.00138553 0.000901676 -0.000821515 -0.000618428 0.000117069 0.000232637 0.000123707 0.000234463 0.00158534 0.000438348 -0.00149401 8.15917e-05 0.000206062 -0.000488448 -0.000824704 -0.00138896 -0.000817231 -0.00256785 -0.000623956
internal_weight=4500 2340 2160 1174 919 1421 1371 267 242 207 181 160 138 632 565 542 1104 1030 964 98 68 66 866 807 267 229 986 523 52 471
internal_count=4500 2340 2160 1174 919 1421 1371 267 242 207 181 160 138 632 565 542 1104 1030 964 98 68 66 866 807 267 229 986 523 52 471
is_linear=0
shrinkage=0.1


Tree=17
num_leaves=31
num_cat=0
split_feature=10 8 3 5 5 7 1 7 7 7 7 3 3 8 10 9 8 8 5 1 7 3 3 8 7 8 6 6 8 8
split_gain=0.242598 0.0619076 0.0368882 0.0316577 0.0301272 0.0248146 0.024501 0.0201269 0.01687 0.0252667 0.0184905 0.0205371 0.0246336 0.0235913 0.0215392 0.0193624 0.0166352 0.0165057 0.0173063 0.0171065 0.0178287 0.0214737 0.0169972 0.0194723 0.014441 0.0148908 0.0530387 0.0146526 0.0159652 0.0158516
threshold=68698.625000000015 77054.125000000015 44637.500000000007 70843.500000000015 70372.000000000015 192512208.00000003 59.500000000000007 3836282.8750000005 2893177.0000000005 5321112.5000000009 6474817.0000000009 71621.000000000015 73049.500000000015 59539.125000000007 69130.375000000015 69442.000000000015 69594.500000000015 94405.875000000015 113210.50000000001 74.500000000000014 12939016.500000002 82151.500000000015 86970.500000000015 80363.250000000015 1433297.8750000002 62185.875000000007 64451.083984375007 63192.750000000007 60933.250000000007 60189.500000000007
decision_type=2 2 2 2 2 2 2 2 2 2 2 2 2 2 2 2 2 2 2 2 2 2 2 2 2 2 2 2 2 2
left_child=2 5 7 4 6 8 -4 -1 -2 -10 -11 14 13 -13 -12 -15 -16 18 19 20 -3 -22 23 -23 -8 27 -27 28 29 -26
right_child=1 17 3 -5 -6 -7 24 -9 9 10 11 12 -14 15 16 -17 -18 -19 -20 -21 21 22 -24 -25 25 26 -28 -29 -30 -31
leaf_value=0.0029722784638654479 -0.0029427449827870498 -0.0023721227434483202 0.0028176772873848678 0.0028290445373083156 -0.0030514349611779758 0.00062988997541213866 -0.0018152244102496368 0.0013145439442789127 0.0023617630157704381 -0.0032504138577243557 -0.0022233443155598182 -0.0048042888790369035 -0.00043460513881228059 0.0012907405783023154 0.001173050615176473 -0.0025501280437622755 -0.0016885480600530686 -0.0019427950683908136 0.00010059495753474471 -0.0021624435450514259 0.0019583259484377401 -0.0049107745422848634 -0.00060973362573845823 -0.00078022322803735736 0.00057980506919697201 -0.0048576161667535254 0.0014438221724156072 0.0028564173150165328 -0.0021513178767192933 0.0032299843900229623
leaf_weight=97 26 72 48 63 23 270 26 299 33 23 26 25 967 21 174 35 23 255 118 147 29 21 319 25 1206 22 34 29 21 23
leaf_count=97 26 72 48 63 23 270 26 299 33 23 26 25 967 21 174 35 23 255 118 147 29 21 319 25 1206 22 34 29 21 23
internal_value=5.26917e-12 -0.000625096 0.00086244 0.000635127 0.000538607 -0.000245419 0.000597209 0.00172061 -0.000420092 -0.000370666 -0.000440349 -0.000389498 -0.000574923 -0.00225008 0.000481916 -0.0011098 0.000838955 -0.00125006 -0.00100841 -0.00122189 -0.000925189 -0.000660775 -0.000868868 -0.00266591 0.000518898 0.000564356 -0.00103174 0.00063424 0.000582686 0.000629402
internal_weight=4500 2609 1891 1495 1432 1623 1409 396 1353 1327 1294 1271 1048 81 223 56 197 986 731 613 466 394 365 46 1361 1335 56 1279 1250 1229
internal_count=4500 2609 1891 1495 1432 1623 1409 396 1353 1327 1294 1271 1048 81 223 56 197 986 731 613 466 394 365 46 1361 1335 56 1279 1250 1229
is_linear=0
shrinkage=0.1


Tree=18
num_leaves=31
num_cat=0
split_feature=9 9 8 1 8 7 7 7 3 5 7 4 9 4 8 4 5 7 1 10 4 5 9 6 4 7 8 9 1 5
split_gain=0.199928 0.0423185 0.0406681 0.02091 0.0238739 0.0194194 0.0200815 0.0246825 0.0257967 0.024228 0.0199419 0.0203491 0.0189822 0.0189561 0.0163705 0.0264233 0.0393721 0.0159104 0.0153085 0.0145555 0.0237075 0.0139846 0.0213183 0.0303059 0.0156529 0.0139689 0.0138903 0.0131745 0.0166018 0.0154724
threshold=67354.500000000015 47479.500000000007 85816.250000000015 59.500000000000007 42445.250000000007 2893177.0000000005 5321112.5000000009 15792271.000000002 71478.000000000015 77464.500000000015 13211835.500000002 66112.500000000015 77341.750000000015 33889.000000000007 67016.875000000015 60298.500000000007 74960.500000000015 78206080.000000015 74.500000000000014 75961.125000000015 72247.000000000015 50836.000000000007 51447.750000000007 51296.666015625007 39058.000000000007 16900436.000000004 87762.875000000015 85011.750000000015 64.500000000000014 101321.50000000001
decision_type=2 2 2 2 2 2 2 2 2 2 2 2 2 2 2 2 2 2 2 2 2 2 2 2 2 2 2 2 2 2
left_child=1 25 5 -3 -5 -2 -7 10 18 14 11 -8 -12 -6 15 16 -10 26 -9 -13 -21 -15 -23 -24 -25 -1 -4 -11 -29 -30
right_child=2 3 17 4 13 6 7 8 9 27 12 19 -14 21 -16 -17 -18 -19 -20 20 -22 22 23 24 -26 -27 -28 28 29 -31
leaf_value=0.0017656458931575927 -0.0026177226938307284 0.0025074606730292239 -0.0038488453745635018 -0.0018746286263497799 0.0030675178751922573 0.001884404302109033 0.0011594700406783738 0.0017870421392907358 0.0010751006734226981 -5.9908799069810953e-05 -0.0051356079131364826 -0.0036682068197987972 -0.0012763700770357482 -0.0021586557839658451 -0.00012931469516063641 -0.0050528082173384196 -0.0043198722555340885 -0.00091570843731100977 -0.0011139001940255579 0.0016981289051473142 -0.001851854703732227 0.0013879258524747973 -0.0025835168610855537 -0.001828081862803436 0.00037932643409619257 0.00084849496657924761 -0.0017235877281452103 0.0015465672260948592 -0.0016817504186977283 -0.00029751698322730107
leaf_weight=350 40 45 36 48 26 38 37 87 31 841 25 25 26 22 42 28 24 263 23 25 76 184 37 33 1210 316 211 28 162 161
leaf_count=350 40 45 36 48 26 38 37 87 31 841 25 25 26 22 42 28 24 263 23 25 76 184 37 33 1210 316 211 28 162 161
internal_value=5.0597e-12 0.000660355 -0.000672797 0.000382284 0.00032098 -0.000440139 -0.000388261 -0.000440888 -0.0002907 -0.000413578 -0.00144238 -0.000902408 -0.00316815 0.000390682 -0.00173807 -0.00255214 -0.00127907 -0.00145699 0.00118048 -0.00150788 -0.000973146 0.000343847 0.000381453 0.000236772 0.000320723 0.00133048 -0.00203334 -0.000274684 -0.000789288 -0.000991776
internal_weight=4500 2271 2229 1605 1560 1719 1679 1641 1427 1317 214 163 51 1512 125 83 55 510 110 126 101 1486 1464 1280 1243 666 247 1192 351 323
internal_count=4500 2271 2229 1605 1560 1719 1679 1641 1427 1317 214 163 51 1512 125 83 55 510 110 126 101 1486 1464 1280 1243 666 247 1192 351 323
is_linear=0
shrinkage=0.1


Tree=19
num_leaves=31
num_cat=0
split_feature=10 9 7 9 10 7 1 5 10 5 3 3 5 4 7 4 7 1 9 10 3 1 4 7 7 3 6 5 8 10
split_gain=0.163251 0.0424775 0.0257004 0.0236358 0.0260817 0.0228472 0.0221824 0.0275306 0.0230899 0.0356888 0.03505 0.0254975 0.0472906 0.0216803 0.018037 0.017928 0.0283254 0.0177375 0.0159903 0.0508016 0.0158902 0.0208196 0.0151395 0.0235472 0.0147131 0.0196231 0.0559833 0.0281984 0.0268913 0.0227472
threshold=68058.250000000015 86581.250000000015 2893177.0000000005 42735.250000000007 45291.000000000007 192512208.00000003 72.500000000000014 70843.500000000015 47195.750000000007 50836.000000000007 50961.000000000007 53985.500000000007 55324.000000000007 37933.000000000007 59860288.000000007 52723.500000000007 2893177.0000000005 77.500000000000014 87426.000000000015 91015.625000000015 62586.000000000007 69.500000000000014 54959.500000000007 11192891.000000002 46107422.000000007 63704.000000000007 62124.083984375007 65121.000000000007 58033.500000000007 61138.875000000007
decision_type=2 2 2 2 2 2 2 2 2 2 2 2 2 2 2 2 2 2 2 2 2 2 2 2 2 2 2 2 2 2
left_child=3 2 -2 13 -5 17 7 15 -8 -10 -11 12 -12 -1 18 -6 -17 -4 -3 -20 21 -18 -22 -24 25 26 27 28 29 -13
right_child=1 14 5 4 6 -7 8 -9 9 10 11 24 -14 -15 -16 16 20 -19 19 -21 22 -23 23 -25 -26 -27 -28 -29 -30 -31
leaf_value=0.0011688309062644372 -0.0027788428428511206 -0.0041314483691866589 -0.00026874167956860497 -0.0030588408745825294 0.0010388659371893714 0.00072697054657590223 0.0033481060305521602 0.0040495950176760009 -0.0037215492229443047 0.0025579949547709143 0.00035162857448620561 0.0012368283673067247 -0.0053777056629769511 0.003836137286359162 -0.00076988324292070695 0.0032689110508986883 -0.00128752771078756 -0.0024280773323530763 0.0030613161422396928 -0.0019755210914083176 -0.003950480831024999 0.0020929005901728359 -0.0029698436571793125 0.001771131348796189 -0.00078450050938702316 0.001903162835250524 -0.0042132048074294019 0.004023668915033341 -0.0032246063102502375 -0.0023352488479022647
leaf_weight=398 39 26 1547 20 638 239 21 27 25 54 34 118 25 33 528 21 38 39 22 223 22 35 22 20 119 77 27 22 20 21
leaf_count=398 39 26 1547 20 638 239 21 27 25 54 34 118 25 33 528 21 38 39 22 223 22 35 22 20 119 77 27 22 20 21
internal_value=-3.2581e-12 -0.000500254 -0.00023877 0.000725191 0.000526592 -0.000184489 0.00057833 0.000909215 9.46386e-05 -3.14183e-05 0.000147021 -0.000134172 -0.00207606 0.00137306 -0.00111027 0.000802694 -0.000150961 -0.00032184 -0.00177347 -0.00152323 -0.000675176 0.000333226 -0.00182538 -0.000712237 0.00014942 0.000539372 3.45076e-05 0.000668144 0.000203858 0.000697162
internal_weight=4500 2663 1864 1837 1406 1825 1386 823 563 542 517 463 59 431 799 796 158 1586 271 245 137 73 64 42 404 285 208 181 159 139
internal_count=4500 2663 1864 1837 1406 1825 1386 823 563 542 517 463 59 431 799 796 158 1586 271 245 137 73 64 42 404 285 208 181 159 139
is_linear=0
shrinkage=0.1


Tree=20
num_leaves=31
num_cat=0
split_feature=9 9 4 8 7 6 6 5 7 7 7 3 10 9 8 9 9 8 8 4 8 1 9 6 9 9 6 9 4 6
split_gain=0.135075 0.0363382 0.027463 0.0223935 0.0200613 0.0222908 0.0180526 0.026835 0.0257529 0.022796 0.0213237 0.0155431 0.0217224 0.0186299 0.0203902 0.0291886 0.0184426 0.0231617 0.0170084 0.0171347 0.01549 0.0152382 0.0287482 0.0209527 0.0380352 0.0304453 0.0390087 0.0320274 0.0166155 0.015531
threshold=71779.250000000015 51447.750000000007 66112.500000000015 90390.000000000015 202001016.00000003 51296.666015625007 72412.917968750015 77103.500000000015 4356968.0000000009 6271720.5000000009 12939016.500000002 57809.000000000007 62838.500000000007 57421.250000000007 55001.750000000007 56117.500000000007 55310.000000000007 52621.000000000007 67962.750000000015 63285.500000000007 49534.875000000007 66.500000000000014 69192.500000000015 55733.166015625007 57421.250000000007 59559.500000000007 63397.833984375007 66402.250000000015 51456.000000000007 72170.167968750015
decision_type=2 2 2 2 2 2 2 2 2 2 2 2 2 2 2 2 2 2 2 2 2 2 2 2 2 2 2 2 2 2
left_child=1 -1 4 6 5 -3 -2 -8 -9 -10 -11 12 13 14 15 16 17 20 21 -20 -7 22 23 -13 -25 -26 28 -28 -27 -23
right_child=3 2 -4 -5 -6 11 7 8 9 10 -12 18 -14 -15 -16 -17 -18 -19 19 -21 -22 29 -24 24 25 26 27 -29 -30 -31
leaf_value=0.00096328085701662385 -0.0016920788564121999 -0.0019813774213036325 -0.0022244770486039393 -0.001371567738855503 0.0015974942516829918 -0.0007137100754854536 0.0030768767337907444 -0.0030102993802804696 0.0026212429479928689 -0.0018774713780929115 -0.0003125819557761121 0.003357507361908488 0.0038633238058537246 -0.0014863764813968115 0.0036268425102417286 -0.0028732134029269222 0.0037810147041454911 -0.0019043941466536905 4.3617245619711669e-05 0.0039036393347803666 0.002010469813192286 -8.5514518709787235e-05 0.0041279736339398061 -0.0040848380728857594 0.0035296479639198098 -0.00028083409263109348 0.0034950827887015681 -0.00075311847548517922 -0.004062731073981223 -0.0027713327647440815
leaf_weight=919 115 47 46 357 104 28 22 38 25 94 1182 21 23 35 26 21 22 28 23 23 82 1008 23 20 28 21 35 36 26 22
leaf_count=919 115 47 46 357 104 28 22 38 25 94 1182 21 23 35 26 21 22 28 23 23 82 1008 23 20 28 21 35 36 26 22
internal_value=-2.65734e-12 0.000454204 0.00018656 -0.000660863 0.000251723 0.000164139 -0.000488965 -0.000387306 -0.000444223 -0.000369272 -0.000427864 0.000229154 0.000926519 0.000647402 0.00100819 0.000632025 0.00109209 0.000663417 8.54514e-05 0.00197363 0.00131704 1.54061e-05 0.000791769 0.000381434 4.94271e-06 0.000565187 -0.000138245 0.00134107 -0.00237295 -0.000142882
internal_weight=4500 2667 1748 1833 1702 1598 1476 1361 1339 1301 1276 1551 265 242 207 181 160 138 1286 46 110 1240 210 187 166 146 118 71 47 1030
internal_count=4500 2667 1748 1833 1702 1598 1476 1361 1339 1301 1276 1551 265 242 207 181 160 138 1286 46 110 1240 210 187 166 146 118 71 47 1030
is_linear=0
shrinkage=0.1


Tree=21
num_leaves=31
num_cat=0
split_feature=10 9 5 5 9 8 7 5 1 3 8 3 3 5 9 8 3 7 9 3 9 10 10 10 5 1 4 8 9 7
split_gain=0.11052 0.0290913 0.0192367 0.0258031 0.0203486 0.0193007 0.0171737 0.0171313 0.0233605 0.0222017 0.0135309 0.0145094 0.0204111 0.0156484 0.0208089 0.0138954 0.0135083 0.011469 0.0175802 0.0306067 0.016422 0.0127709 0.0336776 0.0482269 0.0301477 0.0118925 0.0211547 0.0114473 0.015551 0.0138939
threshold=68698.625000000015 82385.750000000015 70843.500000000015 70372.000000000015 47479.500000000007 44976.750000000007 370877168.00000006 87593.500000000015 63.500000000000007 78816.000000000015 100040.00000000001 85913.500000000015 88023.000000000015 102205.00000000001 90262.750000000015 81202.750000000015 61436.000000000007 16628965.500000002 49124.750000000007 50961.000000000007 50352.000000000007 67260.375000000015 65071.875000000007 66383.750000000015 66067.500000000015 68.500000000000014 39650.500000000007 50854.375000000007 57169.750000000007 27011655.000000004
decision_type=2 2 2 2 2 2 2 2 2 2 2 2 2 2 2 2 2 2 2 2 2 2 2 2 2 2 2 2 2 2
left_child=2 7 3 4 -1 -6 10 16 -9 -10 11 -3 -13 -14 15 -15 -2 18 -7 -20 -19 22 24 -24 -21 -22 -27 29 -29 -28
right_child=1 6 -4 -5 5 17 -8 8 9 -11 -12 12 13 14 -16 -17 -18 20 19 21 25 -23 23 -25 -26 26 27 28 -30 -31
leaf_value=0.0010091411969058331 0.0022381539968773724 -0.0021058586160460769 0.0023001686900868895 -0.0028054037090876828 -0.0010616981820389133 -0.0021067067597280529 0.00034756257215839465 -0.0028130249597043511 0.0036241998754279769 0.00041331499269075102 -0.0019127398150748946 0.0013139530099579135 -0.0013138659116297136 7.0794996860389469e-05 -0.00070107492565140166 0.0032331536135946715 -0.00038252026932160063 0.0027841781706524058 0.0025610400053362055 1.7854780233006532e-05 0.0013413396295125055 -0.0024369754041323349 0.0057246986480701404 -0.00092420705710537742 -0.0036529903067275883 -0.0020847832427962737 -0.0021163839505364498 0.0023358473845291883 0.00043276950315300944 0.00038679277385680883
leaf_weight=657 20 79 63 23 94 34 109 21 23 338 133 48 325 33 269 24 1187 37 51 330 153 21 24 20 24 34 30 60 151 85
leaf_count=657 20 79 63 23 94 34 109 21 23 338 133 48 325 33 269 24 1187 37 51 330 153 21 24 20 24 34 30 60 151 85
internal_value=4.1032e-12 -0.000421913 0.000582111 0.0005229 0.00056531 0.000311306 -0.000838693 -0.000154377 0.000429276 0.000617887 -0.000980627 -0.000821281 -0.0006761 -0.000822832 -0.000333304 0.00140231 -0.000339096 0.000433756 8.91616e-05 0.000248012 0.000749531 -3.35264e-05 9.32888e-05 0.00270247 -0.000231016 0.000602782 0.000288895 0.000536457 0.000973929 -0.00026621
internal_weight=4500 2609 1891 1828 1805 1148 1020 1589 382 361 911 778 699 651 326 57 1207 1054 504 470 550 419 398 44 354 513 360 326 211 115
internal_count=4500 2609 1891 1828 1805 1148 1020 1589 382 361 911 778 699 651 326 57 1207 1054 504 470 550 419 398 44 354 513 360 326 211 115
is_linear=0
shrinkage=0.1


Tree=22
num_leaves=31
num_cat=0
split_feature=9 4 3 8 5 5 10 5 10 6 6 1 5 3 3 5 5 9 5 10 5 4 3 1 8 9 9 1 6 5
split_gain=0.0920811 0.0257551 0.0215705 0.0147632 0.015887 0.0130612 0.0151191 0.0263231 0.0185209 0.0168363 0.0204971 0.0158185 0.0155958 0.0267463 0.016326 0.0420726 0.0133397 0.0128138 0.0125444 0.0151878 0.0247005 0.0349217 0.0232221 0.0198857 0.0218888 0.0144899 0.0192139 0.0154103 0.0125106 0.0231209
threshold=71779.250000000015 66112.500000000015 46484.000000000007 90390.000000000015 114122.00000000001 86049.500000000015 79080.250000000015 80073.500000000015 75961.125000000015 69195.500000000015 68618.500000000015 72.500000000000014 50384.500000000007 50961.000000000007 53985.500000000007 55324.000000000007 52825.500000000007 91241.250000000015 77291.500000000015 68058.250000000015 66808.500000000015 55924.500000000007 64426.500000000007 69.500000000000014 57030.750000000007 62312.250000000007 60112.500000000007 66.500000000000014 72412.917968750015 77103.500000000015
decision_type=2 2 2 2 2 2 2 2 2 2 2 2 2 2 2 2 2 2 2 2 2 2 2 2 2 2 2 2 2 2
left_child=1 2 -1 4 28 6 7 8 9 10 11 18 -13 -14 15 16 -15 -6 19 20 21 -4 -22 24 -24 26 -21 -27 -2 -30
right_child=3 -3 5 -5 17 -7 -8 -9 -10 -11 -12 12 13 14 -16 -17 -18 -19 -20 25 22 -23 23 -25 -26 27 -28 -29 29 -31
leaf_value=0.0010462990901562283 -0.0014956076730168603 -0.0019706977090960288 0.00059502300388389025 -0.0011226998436811226 0.0024453592894133182 0.0014017986216349528 -0.0012460163380922889 0.0024186478919675991 -0.0015100313579508415 0.00199853930961002 -0.0022468278974746214 -0.0019845311691780096 0.0023258445318788293 -0.0015119722345843913 2.479953813728857e-05 -0.0048685279767960313 0.0020966381189369021 5.0382049114371004e-05 0.0028239481778734405 -1.5574359713355081e-05 0.003924258673214354 -0.0025247552187034963 0.00077856340008234054 -0.00075781187797720369 0.0048846896551549435 0.0019788038120359965 -0.0037155580841936177 -0.00030272154922861218 0.0028074411659459162 -0.00046318713638152396
leaf_weight=450 115 46 643 357 32 100 67 56 60 55 33 41 47 20 579 25 21 74 23 32 40 38 37 37 20 38 25 134 22 1233
leaf_count=450 115 46 643 357 32 100 67 56 60 55 33 41 47 20 579 25 21 74 23 32 40 38 37 37 20 38 25 134 22 1233
internal_value=-1.90064e-12 0.000375015 0.000416184 -0.000545644 -0.000406071 0.000285575 0.000231677 0.000281081 0.000219631 0.000274599 0.000222872 0.000268149 -8.95162e-05 2.27607e-05 -0.000145061 -0.0016352 0.00033634 0.000773394 0.000513856 0.000462963 0.000665142 0.000420938 0.00190621 0.00104746 0.00221931 -0.000256583 -0.00163837 0.000201336 -0.000497329 -0.000405853
internal_weight=4500 2667 2621 1833 1476 2171 2071 2004 1948 1888 1833 1800 733 692 645 66 41 106 1067 1044 815 681 134 94 57 229 57 172 1370 1255
internal_count=4500 2667 2621 1833 1476 2171 2071 2004 1948 1888 1833 1800 733 692 645 66 41 106 1067 1044 815 681 134 94 57 229 57 172 1370 1255
is_linear=0
shrinkage=0.1


Tree=23
num_leaves=31
num_cat=0
split_feature=3 3 9 6 4 5 7 9 4 6 4 9 10 7 4 7 3 1 5 10 7 1 5 5 8 6 6 6 4 4
split_gain=0.0756961 0.0182996 0.0165037 0.0169567 0.0208608 0.0163092 0.0338638 0.0187376 0.0151761 0.027743 0.0255432 0.020277 0.0147918 0.0166583 0.0137329 0.0171047 0.0192074 0.0249828 0.013037 0.0165017 0.0194125 0.0122023 0.0126947 0.0318335 0.0264063 0.0155382 0.0210985 0.0155855 0.0243653 0.0155625
threshold=72268.000000000015 36808.500000000007 86581.250000000015 89882.835937500015 80298.500000000015 87593.500000000015 31486666.000000004 77931.250000000015 65685.000000000015 71053.667968750015 64569.000000000007 72855.000000000015 36716.250000000007 9768637.5000000019 72004.000000000015 8554530.5000000019 73577.000000000015 70.500000000000014 91531.500000000015 91015.625000000015 59860288.000000007 72.500000000000014 72162.000000000015 74208.500000000015 64920.625000000007 65524.750000000007 64313.666015625007 63397.833984375007 56101.500000000007 54959.500000000007
decision_type=2 2 2 2 2 2 2 2 2 2 2 2 2 2 2 2 2 2 2 2 2 2 2 2 2 2 2 2 2 2
left_child=1 12 3 4 5 14 -7 -8 10 -10 21 -11 13 -1 15 -2 17 -17 -4 -20 -21 22 24 -24 25 26 27 28 29 -3
right_child=2 8 18 -5 -6 6 7 -9 9 11 -12 -13 -14 -15 -16 16 -18 -19 19 20 -22 -23 23 -25 -26 -27 -28 -29 -30 -31
leaf_value=0.0016397817248597424 0.0025261155640085541 0.00053662873447852773 -0.0030618237137484058 0.0026877817511558534 -0.0031678568349889249 0.0030888582627551682 0.00072512907825110864 -0.00053139841659672205 -0.0037818631595000624 0.002636379739713101 0.0036296326094695055 -0.0016615003752319711 0.0030313888520357157 -0.00071778916542164311 -0.0014008002272669891 -0.0036468061296126017 -0.00019134225972864685 -0.00028460137934113543 0.001943171523389933 -0.0015365175037506309 -0.00043616236389513091 2.686091935268944e-05 0.0039017891347710347 -0.00016785701038315895 -0.0027533512115478515 0.0031054469716289769 -0.0022302404777812109 0.0033162178099155428 -0.001804060988466848 0.0030647560069337488
leaf_weight=94 21 935 24 20 24 39 213 268 25 21 24 23 42 44 129 39 714 51 23 232 519 734 37 40 25 23 28 20 44 25
leaf_count=94 21 935 24 20 24 39 213 268 25 21 24 23 42 44 129 39 714 51 23 232 519 734 37 40 25 23 28 20 44 25
internal_value=5.10368e-12 0.000422351 -0.000398279 -0.000204732 -0.00024335 -0.000195733 0.000254814 2.50264e-05 0.000335598 -0.0011217 0.000387564 0.000389761 0.00138819 0.000888092 -0.000441314 -0.000291285 -0.000364874 -0.00174156 -0.000766455 -0.000695281 -0.000776086 0.000346847 0.000546397 0.00178769 0.000459507 0.000534224 0.000478009 0.000552063 0.000497 0.000602465
internal_weight=4500 2184 2316 1518 1498 1474 520 481 2004 69 1935 44 180 138 954 825 804 90 798 774 751 1911 1177 77 1100 1075 1052 1024 1004 960
internal_count=4500 2184 2316 1518 1498 1474 520 481 2004 69 1935 44 180 138 954 825 804 90 798 774 751 1911 1177 77 1100 1075 1052 1024 1004 960
is_linear=0
shrinkage=0.1


Tree=24
num_leaves=31
num_cat=0
split_feature=9 4 1 4 8 7 7 9 9 6 4 7 1 7 9 7 4 3 7 4 5 9 1 10 9 9 6 9 1 6
split_gain=0.0629106 0.0165163 0.0243651 0.021053 0.0174203 0.0163718 0.0555172 0.0280236 0.0246884 0.0149155 0.0149164 0.0299398 0.0171181 0.0174339 0.0146161 0.027518 0.0140725 0.0126048 0.0138692 0.0135567 0.0125109 0.0368708 0.0297441 0.0190449 0.0185702 0.0240298 0.018212 0.0183619 0.0151943 0.0144161
threshold=63433.750000000007 67383.000000000015 76.500000000000014 66834.500000000015 77210.750000000015 4356968.0000000009 5744744.5000000009 74490.250000000015 72642.500000000015 66072.000000000015 55924.500000000007 10464234.500000002 72.500000000000014 4534712.5000000009 117377.25000000001 285317904.00000006 55510.000000000007 33210.500000000007 1433297.8750000002 21696.000000000004 86914.500000000015 80397.000000000015 69.500000000000014 82646.250000000015 81443.750000000015 86581.250000000015 87715.750000000015 90535.250000000015 73.500000000000014 76529.082031250015
decision_type=2 2 2 2 2 2 2 2 2 2 2 2 2 2 2 2 2 2 2 2 2 2 2 2 2 2 2 2 2 2
left_child=9 3 5 -2 -4 7 -7 -3 -8 10 16 12 -12 -14 15 20 17 19 -19 -1 23 22 -22 29 -23 -26 -27 -28 -24 -10
right_child=1 2 4 -5 -6 6 8 -9 14 -11 11 -13 13 -15 -16 -17 -18 18 -20 -21 21 24 28 -25 25 26 27 -29 -30 -31
leaf_value=-0.00011817870129431998 -0.00014115316456004399 0.0011338071594946088 -0.0047764628543518484 0.0023800409522236271 -0.0014246245832654878 0.0044917402343581554 -0.0037145673613691622 -0.0033499280557684275 -0.0016708930349794396 0.0031485440803226089 -0.0012567781435791404 -0.0029100348078645766 -0.00022411956867602256 0.0038506481796503067 -0.0019185741105563162 0.0017645896056395335 0.0031116284942254427 -0.0016530891979169666 0.00041758098584804482 0.0022810362357025345 -0.0011121393314776167 -0.0033585181346014988 0.0045575168374325003 -0.0027035593465705842 0.00076757054313033668 -0.0022558824642241668 0.00092833448679333465 -0.00077665621262413501 0.0011212585441006178 0.00048529421465526171
leaf_weight=35 1281 20 20 34 69 23 23 46 57 20 32 40 21 21 60 60 20 33 1634 72 24 22 31 57 138 67 76 374 22 68
leaf_count=35 1281 20 20 34 69 23 23 46 57 20 32 40 21 21 60 60 20 33 1634 72 24 22 31 57 138 67 76 374 22 68
internal_value=-2.2182e-12 -0.000323723 -0.000582912 -7.59664e-05 -0.00217785 -0.00046138 -0.000369756 -0.00199122 -0.000473384 0.000431855 0.000403378 -0.0007058 0.000485678 0.00181326 -0.00040279 -0.000311478 0.000473861 0.000444123 0.00037659 0.00149625 -0.000444559 -0.000264938 0.00180856 -0.0011887 -0.000500772 -0.000404787 -0.000717718 -0.000488702 0.00313115 -0.000497927
internal_weight=4500 2572 1257 1315 89 1168 1102 66 1079 1928 1908 114 74 42 1056 996 1794 1774 1667 107 936 754 77 182 677 655 517 450 53 125
internal_count=4500 2572 1257 1315 89 1168 1102 66 1079 1928 1908 114 74 42 1056 996 1794 1774 1667 107 936 754 77 182 677 655 517 450 53 125
is_linear=0
shrinkage=0.1


Tree=25
num_leaves=31
num_cat=0
split_feature=9 4 8 4 9 5 4 4 4 4 4 1 4 3 5 3 4 6 6 9 7 4 4 3 10 10 3 4 9 6
split_gain=0.0518179 0.0173545 0.0147913 0.0206554 0.0150842 0.0143238 0.013482 0.0123563 0.0114935 0.0153142 0.0113352 0.0117312 0.0128679 0.0142979 0.0183814 0.0165315 0.0132015 0.0324718 0.0181711 0.0187966 0.0182642 0.0336935 0.0256849 0.0367628 0.0162441 0.0232221 0.0182113 0.0286432 0.0175497 0.0146161
threshold=72018.750000000015 67061.500000000015 67962.750000000015 65308.500000000007 47479.500000000007 50384.500000000007 27624.000000000004 63285.500000000007 64344.500000000007 63285.500000000007 62374.500000000007 59.500000000000007 40718.500000000007 51843.000000000007 55127.500000000007 53312.500000000007 61267.500000000007 68458.000000000015 70542.414062500015 63433.750000000007 33943786.000000007 60298.500000000007 57940.000000000007 66645.500000000015 72301.375000000015 70729.750000000015 75033.000000000015 55924.500000000007 66402.250000000015 66574.582031250015
decision_type=2 2 2 2 2 2 2 2 2 2 2 2 2 2 2 2 2 2 2 2 2 2 2 2 2 2 2 2 2 2
left_child=1 2 3 4 -1 -6 -7 -4 9 10 11 -8 -13 -14 15 -15 18 -18 19 -16 21 22 23 -21 25 -22 29 -28 -29 -26
right_child=-2 -3 7 -5 5 6 8 -9 -10 -11 -12 12 13 14 16 -17 17 -19 -20 20 24 -23 -24 -25 26 -27 27 28 -30 -31
leaf_value=0.00070396614470952853 -0.00041273143566465447 -0.0021540424521562869 9.2930082231760036e-05 -0.0028547195257574674 -0.0025109651725506409 0.002640395773116986 0.0017018091664953239 0.0029554759054199646 0.0022381173863183132 -0.0018930869158105676 0.0018943877563484619 -0.00075042502136427351 0.0011648091063939763 5.4286303514215566e-05 0.0003937325861320686 -0.0033522695797728375 0.00062756238861338184 -0.0042374901979675755 0.0017748580429609536 -0.0032320290719243614 -0.00087526394661677914 -0.0021064564524725005 0.0030637016367851475 0.0021498480408142012 -0.00054034118851025901 -0.0046142328996211296 -1.3497117574193648e-05 -0.0053118574433028698 -0.0012615270143293816 0.00314797740588388
leaf_weight=666 1815 29 25 21 20 22 46 38 26 37 37 167 133 28 846 29 34 23 71 22 46 37 49 30 21 26 91 20 23 22
leaf_count=666 1815 29 25 21 20 22 46 38 26 37 37 167 133 28 846 29 34 23 71 22 46 37 49 30 21 26 91 20 23 22
internal_value=-1.46588e-12 0.000278997 0.000305563 0.000268779 0.000294282 0.000151129 0.000179359 0.00181955 0.000150312 0.000120778 0.000162152 0.000125818 8.36201e-05 0.000173424 8.04377e-05 -0.00167887 0.000154119 -0.00133553 0.000219234 0.000129657 -0.000447626 0.000475169 0.00142091 -0.0001271 -0.000959054 -0.00222545 -0.000443911 -0.00101851 -0.0031454 0.00134671
internal_weight=4500 2685 2656 2593 2572 1906 1886 63 1864 1838 1801 1764 1718 1551 1418 57 1361 57 1304 1233 387 138 101 52 249 72 177 134 43 43
internal_count=4500 2685 2656 2593 2572 1906 1886 63 1864 1838 1801 1764 1718 1551 1418 57 1361 57 1304 1233 387 138 101 52 249 72 177 134 43 43
is_linear=0
shrinkage=0.1


Tree=26
num_leaves=31
num_cat=0
split_feature=9 9 6 1 10 9 7 4 6 7 9 4 4 5 3 10 4 4 9 10 10 5 5 7 10 7 9 1 10 4
split_gain=0.0435495 0.0168983 0.0151346 0.0148246 0.0217451 0.0492504 0.0153291 0.0146054 0.015526 0.0121125 0.0113732 0.0222493 0.0216688 0.0237888 0.0108797 0.0154946 0.016497 0.0267862 0.0205203 0.0141578 0.0174658 0.0200783 0.0135292 0.0341095 0.0268846 0.0168485 0.0175099 0.0140888 0.0309213 0.0130453
threshold=76777.750000000015 51447.750000000007 75588.332031250015 74.500000000000014 81305.625000000015 77931.250000000015 208157968.00000003 29485.000000000004 51296.666015625007 12134729.000000002 94733.250000000015 79916.000000000015 83661.500000000015 100084.00000000001 57809.000000000007 62838.500000000007 45926.500000000007 47514.500000000007 57421.250000000007 57742.250000000007 56653.625000000007 56283.000000000007 61271.000000000007 10240661.500000002 60925.500000000007 18803392.000000004 55310.000000000007 76.500000000000014 77683.375000000015 44472.000000000007
decision_type=2 2 2 2 2 2 2 2 2 2 2 2 2 2 2 2 2 2 2 2 2 2 2 2 2 2 2 2 2 2
left_child=1 -1 -2 4 5 -4 -5 -3 -9 -6 11 -11 13 -13 15 16 29 -18 19 20 21 -19 23 -16 -24 -25 -27 -26 -29 -10
right_child=2 7 3 6 9 -7 -8 8 14 10 -12 12 -14 -15 22 -17 17 18 -20 -21 -22 -23 24 25 27 26 -28 28 -30 -31
leaf_value=0.00057032845586320313 -0.0023058310444168963 0.0026828205695242757 -0.0021587487775832415 -0.001308577661027095 -0.0014783967858606794 0.0041300986681810838 0.0004591043739734838 -0.0017846418886303739 0.00068359554107128473 -0.00019145993892362122 -0.00069211992712676701 0.00088470720551538703 -0.00084308242270102109 0.0051912134705597301 -0.0044392133830115201 0.0031517855904024585 -0.0027737352491260091 -0.0010321543222138038 -0.0016704748959883173 0.0030804568569042855 -0.0015369099420334759 0.0024753917629520101 0.0024320439497545442 0.0023036980247568518 5.4444768312421452e-05 0.00097608052470604895 -0.0031121962804304946 -0.0023823300456997996 0.0013482639989392325 0.0040532039338722825
leaf_weight=919 43 21 20 269 83 33 60 46 27 511 324 29 24 23 24 23 29 24 34 28 29 51 46 21 1596 20 22 68 33 20
leaf_count=919 43 21 20 269 83 33 60 46 27 511 324 29 24 23 24 23 29 24 34 28 29 51 46 21 1596 20 22 68 33 20
internal_value=8.7077e-13 0.000211121 -0.000458395 -0.000400663 -0.000216668 0.00175695 -0.000986204 5.84325e-05 3.26912e-05 -0.000321901 -0.000216534 4.597e-05 0.00164237 0.00278951 7.25945e-05 0.000671447 0.000435712 3.03652e-05 0.000520238 0.00108451 0.000547143 0.00135298 -1.41246e-05 -0.00123115 4.6622e-05 -9.03253e-06 -0.0011654 -1.80388e-05 -0.00116342 0.00211747
internal_weight=4500 3081 1419 1376 1047 53 329 2162 2141 994 911 587 76 52 2095 265 242 195 166 132 104 75 1830 87 1743 63 42 1697 101 47
internal_count=4500 3081 1419 1376 1047 53 329 2162 2141 994 911 587 76 52 2095 265 242 195 166 132 104 75 1830 87 1743 63 42 1697 101 47
is_linear=0
shrinkage=0.1


Tree=27
num_leaves=31
num_cat=0
split_feature=3 3 7 4 1 9 7 1 4 9 9 1 4 6 8 9 9 1 7 8 5 5 5 10 8 9 6 3 3 4
split_gain=0.0359369 0.0111095 0.0119225 0.0118634 0.0106011 0.0121952 0.0114021 0.0143447 0.01341 0.0229525 0.0150044 0.0131512 0.0111152 0.0195367 0.0120209 0.0094945 0.0177817 0.0163504 0.0154267 0.0127328 0.0120323 0.0109976 0.0247058 0.0200871 0.01204 0.0289455 0.0202599 0.0157153 0.0202765 0.0170387
threshold=72268.000000000015 33210.500000000007 1433297.8750000002 21696.000000000004 76.500000000000014 117377.25000000001 199233408.00000003 70.500000000000014 70651.000000000015 73044.750000000015 97828.750000000015 72.500000000000014 67383.000000000015 71566.750000000015 77728.500000000015 82385.750000000015 81443.750000000015 58.500000000000007 28527948.000000004 78854.625000000015 86914.500000000015 80073.500000000015 80669.500000000015 78414.250000000015 67016.875000000015 71625.500000000015 71253.585937500015 77369.000000000015 75871.000000000015 68126.500000000015
decision_type=2 2 2 2 2 2 2 2 2 2 2 2 2 2 2 2 2 2 2 2 2 2 2 2 2 2 2 2 2 2
left_child=1 3 -3 -1 5 6 15 -8 9 -9 -10 -11 13 -6 -14 16 17 -2 -18 21 -17 23 -23 24 25 -19 -26 28 29 -28
right_child=4 2 -4 -5 12 -7 7 8 10 11 -12 -13 14 -15 -16 20 18 19 -20 -21 -22 22 -24 -25 26 -27 27 -29 -30 -31
leaf_value=-0.00023379032899226461 -0.0030241367081180214 -0.0012705034338960461 0.00027759856064340843 0.00200555883603145 -0.0023030530956860344 -0.0015989316002120294 0.0010024572781591869 0.00080018838274381349 0.0029988550969089075 -0.0033107398747233676 -0.00038134771848803966 -0.00083424989205713456 -0.003906422078199241 0.0011544409017501906 -0.0011594985723301459 -0.0026447133575048711 -0.00050475662463300285 -0.00038835673247718727 0.0029236075411868765 -0.0025131179866465657 -0.00049055545966052638 0.003232690527175482 6.9721666576645557e-05 -0.0035536972526460891 0.0024460165503409669 -0.0041823067831335886 -0.0015178669002265312 0.0016519982903264463 -0.0032453009203352312 0.0023118852238569942
leaf_weight=35 20 51 2025 73 26 62 170 63 24 32 29 65 21 44 66 27 21 234 35 22 654 26 492 20 37 22 26 30 27 21
leaf_count=35 20 51 2025 73 26 62 170 63 24 32 29 65 21 44 66 27 21 234 35 22 654 26 492 20 37 22 26 30 27 21
internal_value=7.44179e-13 0.000291009 0.000239567 0.00127984 -0.000274423 -0.000216729 -0.000175863 0.000317423 -0.000229317 -0.000685988 0.00114931 -0.00165124 -0.00106781 -0.000129771 -0.00182255 -0.00028609 -9.49929e-05 -0.000194323 0.00163797 -0.000135184 -0.000575963 -7.92328e-05 0.000228481 -0.000461476 -0.000305697 -0.000714399 0.000436344 -0.000278636 -0.00106133 0.000193299
internal_weight=4500 2184 2076 108 2316 2159 2097 383 213 160 53 97 157 70 87 1714 1033 977 56 957 681 935 518 417 397 256 141 104 74 47
internal_count=4500 2184 2076 108 2316 2159 2097 383 213 160 53 97 157 70 87 1714 1033 977 56 957 681 935 518 417 397 256 141 104 74 47
is_linear=0
shrinkage=0.1


Tree=28
num_leaves=31
num_cat=0
split_feature=8 4 3 7 1 5 10 8 4 8 1 3 3 8 9 9 10 3 1 10 8 1 7 5 5 7 6 6 7 7
split_gain=0.0301059 0.0112354 0.0111815 0.0139554 0.0134479 0.0170775 0.0138833 0.0105399 0.020243 0.018582 0.0165304 0.0139245 0.010959 0.0247983 0.0160217 0.0162965 0.0272205 0.0137576 0.0195154 0.0171642 0.0214133 0.0273369 0.0141036 0.0154247 0.0218525 0.0157092 0.019161 0.0210913 0.0190691 0.0115016
threshold=65719.500000000015 63688.500000000007 44637.500000000007 3836282.8750000005 59.500000000000007 46305.500000000007 60485.875000000007 67016.875000000015 63688.500000000007 67756.875000000015 71.500000000000014 75871.000000000015 81629.000000000015 68341.250000000015 73687.500000000015 76965.500000000015 88125.375000000015 78075.500000000015 63.500000000000007 81305.625000000015 71323.125000000015 74.500000000000014 56336952.000000007 74043.000000000015 75843.000000000015 10240661.500000002 72412.917968750015 73694.250000000015 17527795.000000004 38833456.000000007
decision_type=2 2 2 2 2 2 2 2 2 2 2 2 2 2 2 2 2 2 2 2 2 2 2 2 2 2 2 2 2 2
left_child=1 2 3 -1 6 -6 -4 8 10 -9 -2 -10 17 -14 -15 16 -16 18 -11 20 -19 -22 23 -20 -25 -26 -27 -28 -29 -17
right_child=7 -3 4 -5 5 -7 -8 9 11 12 -12 -13 13 14 15 29 -18 19 22 -21 21 -23 -24 24 25 26 27 28 -30 -31
leaf_value=0.0017325740273965084 0.0012517035888457621 0.0024218942099453315 0.0029684647183978196 0.00035276137524245619 -0.0027033946053548297 9.7383228756611621e-05 0.00010949466244450637 0.0015828650768121913 -0.0012892119930863069 -0.0032788691250607372 -0.0019687598870534984 -0.0048619020239857496 -0.0038519388541490549 -0.0026338590429194515 -0.0001403580983885779 -0.00093385398563257263 0.0040557911852374673 -0.00032627569040701737 -0.0023412365413781619 -0.00089408344478885597 0.0039916137817930034 -0.00027948090044612237 0.0023852486332709144 0.0022525526186753368 -0.0019838958978652954 -0.0017691410453860752 0.0037338573219520711 0.0019969116213956273 -0.0014487414666089335 -0.00023349086858270941
leaf_weight=97 37 23 33 300 22 2086 35 54 24 20 28 20 21 31 52 321 22 38 31 38 47 22 22 37 47 36 21 29 36 870
leaf_count=97 37 23 33 300 22 2086 35 54 24 20 28 20 21 31 52 321 22 38 31 38 47 22 22 37 47 36 21 29 36 870
internal_value=5.27252e-12 0.000221514 0.000201845 0.000689894 0.000112803 6.81531e-05 0.00149694 -0.000302022 -0.0012568 -0.000244044 -0.000135573 -0.00291316 -0.000300708 -0.000443064 -0.000387828 -0.000332787 0.00110715 0.000141468 -0.00026918 0.000931611 0.00157999 0.00262982 -3.67716e-05 -0.000261601 5.13544e-05 -0.000430565 0.00016785 0.000978683 8.85499e-05 -0.000422254
internal_weight=4500 2596 2573 397 2176 2108 68 1904 109 1795 65 44 1741 1317 1296 1265 74 424 279 145 107 69 259 237 206 169 122 86 65 1191
internal_count=4500 2596 2573 397 2176 2108 68 1904 109 1795 65 44 1741 1317 1296 1265 74 424 279 145 107 69 259 237 206 169 122 86 65 1191
is_linear=0
shrinkage=0.1


Tree=29
num_leaves=31
num_cat=0
split_feature=3 1 9 6 9 6 3 4 4 5 1 1 9 4 5 8 4 6 4 9 6 5 9 10 4 3 6 6 1 10
split_gain=0.0246702 0.00865498 0.00998029 0.0135347 0.0355389 0.0134183 0.0155448 0.0135099 0.0140114 0.0262952 0.0114819 0.0220528 0.00992664 0.00857137 0.0169159 0.010105 0.00847863 0.0219759 0.0196168 0.0154182 0.00823318 0.0226118 0.00731527 0.022906 0.0211781 0.0117785 0.0214288 0.0180788 0.013805 0.013474
threshold=72268.000000000015 76.500000000000014 94733.250000000015 90094.335937500015 89226.500000000015 88999.000000000015 98753.000000000015 81750.500000000015 78256.000000000015 90878.000000000015 70.500000000000014 67.500000000000014 96011.250000000015 67383.000000000015 80073.500000000015 77728.500000000015 65685.000000000015 71053.667968750015 64569.000000000007 72855.000000000015 69384.417968750015 75399.000000000015 42735.250000000007 45291.000000000007 37933.000000000007 46484.000000000007 47427.000000000007 46089.082031250007 69.500000000000014 49399.750000000007
decision_type=2 2 2 2 2 2 2 2 2 2 2 2 2 2 2 2 2 2 2 2 2 2 2 2 2 2 2 2 2 2
left_child=16 2 3 5 -5 7 -7 8 -2 -10 11 -6 -4 14 -3 -15 18 -18 20 -19 21 22 24 -24 -1 26 28 -27 -25 -29
right_child=1 13 12 4 10 6 -8 -9 9 -11 -12 -13 -14 15 -16 -17 17 19 -20 -21 -22 -23 23 25 -26 27 -28 29 -30 -31
leaf_value=0.00039910583219359579 -0.00013190077404668621 -0.0024950927112340222 -0.0022829181486458488 0.0034753888061172088 -0.00059786431716176975 -0.00016595850902376697 -0.0039407954671332847 -0.0023280372023927391 -0.00053418098438170656 0.0037344584293249579 -0.00080962643553141034 0.0037184780440293256 -0.00047402899864848339 -0.0035176234633018753 0.00089716848309094816 -0.00099909333476909628 -0.0032173219504766171 0.0024545226512210712 0.0031193984090350569 -0.0012932204155494337 -0.0014291417206926593 0.0033191498757029572 -0.0032292867824435232 0.00054520552678565893 0.0030733532075828407 -0.0013058791912215599 -0.0013902237998660316 -0.0023185608656300853 0.0034882392940375757 0.00023344043235808717
leaf_weight=397 1460 21 33 38 29 24 20 27 31 27 74 20 376 21 49 66 25 21 24 23 29 24 20 28 32 85 22 21 37 1396
leaf_count=397 1460 21 33 38 29 24 20 27 31 27 74 20 376 21 49 66 25 21 24 23 29 24 20 28 32 85 22 21 37 1396
internal_value=-1.24872e-12 -0.000227372 -0.000175242 -7.13008e-05 0.000802385 -0.000159824 -0.00188179 -0.000110784 -7.13467e-05 0.00145294 -2.34216e-05 0.00116391 -0.000619978 -0.000944242 -0.00012051 -0.00160701 0.000241114 -0.000849741 0.000276702 0.000495475 0.000244075 0.000267607 0.000231671 0.000133843 0.000598583 0.000176173 0.00130742 0.000110648 0.00222047 0.00019562
internal_weight=4500 2316 2159 1750 161 1589 44 1545 1518 58 123 49 409 157 70 87 2184 69 2115 44 2091 2062 2038 1609 429 1589 87 1502 65 1417
internal_count=4500 2316 2159 1750 161 1589 44 1545 1518 58 123 49 409 157 70 87 2184 69 2115 44 2091 2062 2038 1609 429 1589 87 1502 65 1417
is_linear=0
shrinkage=0.1


Tree=30
num_leaves=31
num_cat=0
split_feature=3 5 1 9 4 8 6 8 3 4 9 5 7 9 7 8 4 8 8 1 10 6 8 9 7 1 8 5 4 7
split_gain=0.0212029 0.0179232 0.0124129 0.0163219 0.0153203 0.012166 0.0575625 0.0149585 0.017339 0.0283207 0.015262 0.0207058 0.0188734 0.0164884 0.013765 0.0143562 0.0120487 0.0119277 0.0245656 0.0169877 0.012953 0.0116687 0.0143423 0.0108008 0.0106801 0.0160446 0.0106335 0.0103121 0.0145273 0.00910646
threshold=59209.500000000007 64853.000000000007 76.500000000000014 61347.500000000007 67383.000000000015 52621.000000000007 54430.832031250007 50649.250000000007 51558.000000000007 46630.500000000007 52310.750000000007 57468.500000000007 33943786.000000007 51447.750000000007 26115314.000000004 47808.875000000007 49205.500000000007 57138.500000000007 56426.375000000007 73.500000000000014 57447.625000000007 71566.750000000015 62185.875000000007 94733.250000000015 47767596.000000007 66.500000000000014 77210.750000000015 114122.00000000001 70311.500000000015 1180103.8750000002
decision_type=2 2 2 2 2 2 2 2 2 2 2 2 2 2 2 2 2 2 2 2 2 2 2 2 2 2 2 2 2 2
left_child=1 5 23 -4 21 7 -7 10 -9 -10 11 12 13 29 -12 -16 -11 18 19 20 -8 22 -5 27 25 -14 -6 -2 -29 -1
right_child=2 -3 3 4 26 6 17 8 9 16 14 -13 24 -15 15 -17 -18 -19 -20 -21 -22 -23 -24 -25 -26 -27 -28 28 -30 -31
leaf_value=-0.0011782017036306637 -3.5198111099685133e-05 0.0020917699186707309 -0.002987818942769551 0.00072270385310824583 -0.0034804664528928701 -0.0054276571209941598 0.0026276116583334366 -0.00094837143085896964 0.0054542319538692634 -0.00040191883722750046 -0.0029780282388226346 0.0023430615846140711 -0.0038696953590260821 -0.0021704276192890991 -0.001862810966780498 0.0018807648529764265 0.0028185751466524036 -0.0018828548712744601 0.0038608346506953241 -0.0025782138999784366 -0.00052665557557096091 0.0015195892435377059 -0.0027582170511595908 -0.00055798063413533183 -3.8316552225016776e-05 -0.00056220859445271678 -0.00086171580006139017 -0.00030034055214075907 0.0028930475258926768 0.00070085660031509183
leaf_weight=27 2626 57 31 29 20 21 23 20 21 26 26 51 22 22 21 20 21 21 20 20 30 46 20 409 104 44 69 28 29 576
leaf_count=27 2626 57 31 29 20 21 23 20 21 26 26 51 22 22 21 20 21 21 20 20 30 46 20 409 104 44 69 28 29 576
internal_value=-6.01964e-13 0.0003614 -0.000130375 -0.000865093 -0.000507459 0.000274577 -0.00061654 0.000394758 0.0016399 0.00240116 0.000274744 0.000389803 0.0002645 0.000518612 -0.0011781 -3.66764e-05 0.00103703 0.000269718 0.000755783 -9.49161e-05 0.000842177 0.000375739 -0.00069808 -7.9287e-05 -0.000669738 -0.0016647 -0.0014502 -6.31435e-06 0.00132437 0.00061672
internal_weight=4500 1193 3307 215 184 1136 135 1001 88 68 913 846 795 625 67 41 47 114 93 73 53 95 49 3092 170 66 89 2683 57 603
internal_count=4500 1193 3307 215 184 1136 135 1001 88 68 913 846 795 625 67 41 47 114 93 73 53 95 49 3092 170 66 89 2683 57 603
is_linear=0
shrinkage=0.1


Tree=31
num_leaves=31
num_cat=0
split_feature=9 6 8 4 4 1 1 7 5 10 1 4 5 3 10 7 1 1 8 6 10 3 9 8 6 7 8 7 8 1
split_gain=0.0184562 0.0202321 0.0160732 0.0370389 0.0186334 0.0263972 0.0143547 0.013249 0.028774 0.0131543 0.0123516 0.0119006 0.0106479 0.0105089 0.0209723 0.00866847 0.0079822 0.00962805 0.0130142 0.0125975 0.0151058 0.0111165 0.010919 0.0269701 0.0245027 0.0156781 0.00994116 0.0214487 0.00902411 0.0144804
threshold=75444.000000000015 75588.332031250015 71908.750000000015 69156.000000000015 65685.000000000015 68.500000000000014 75.500000000000014 4534712.5000000009 81328.500000000015 80479.500000000015 73.500000000000014 65181.500000000007 81730.500000000015 78075.500000000015 74216.250000000015 370877168.00000006 52.500000000000007 59.500000000000007 69784.625000000015 32144.666992187504 59684.750000000007 33210.500000000007 72018.750000000015 67756.875000000015 71566.750000000015 157009888.00000003 67317.750000000015 27473810.000000004 66213.250000000015 71.500000000000014
decision_type=2 2 2 2 2 2 2 2 2 2 2 2 2 2 2 2 2 2 2 2 2 2 2 2 2 2 2 2 2 2
left_child=2 10 4 -4 11 -6 13 -3 -9 -10 12 16 -2 14 -7 -11 -1 19 21 -18 -21 -19 26 24 -24 -26 28 -28 -23 -30
right_child=1 7 3 -5 5 6 -8 8 9 15 -12 -13 -14 -15 -16 -17 17 18 -20 20 -22 22 23 -25 25 -27 27 -29 29 -31
leaf_value=-0.0015950564259233383 -0.0043495255891922054 -0.0018478863753695438 0.0052693912270478909 -0.0001540091511903002 -0.0037728222120287161 -0.00043294209390296604 -0.002581840853037482 0.0032917623834994936 0.0016854798427731214 -0.00032994162760221764 -0.00016696578461741066 0.0023404886350035666 -0.0014683471326234526 -0.0011955638897294802 0.0036950083822011948 0.00057458048853857634 -0.001100523051822425 0.001279429186326571 0.0021984553431199554 0.0028964979641346467 0.00024297799313122907 0.00010901488795932817 -0.0018331272380861007 -0.0030244089966007057 0.0033750623948872096 -0.00028521322052587163 -0.00064265558567757795 0.0033127990920610467 0.00044631285681611017 -0.0033134226733818649
leaf_weight=26 23 47 20 34 28 32 22 24 36 1223 29 25 29 30 20 116 21 78 30 45 41 2304 35 39 25 22 26 29 21 20
leaf_count=26 23 47 20 34 28 32 22 24 36 1223 29 25 29 30 20 116 21 78 30 45 41 2304 35 39 25 22 26 29 21 20
internal_value=-2.04499e-12 -0.000282581 0.00014514 0.00185466 0.000113515 -0.00104743 -0.000313667 -0.00019643 -0.000140949 -0.000200865 -0.00182053 0.0001685 -0.00274271 0.000294867 0.00115473 -0.000251581 0.000148841 0.000165413 0.000127568 0.00109527 0.00163145 0.000103664 6.72856e-05 -0.000859583 0.000170029 0.00166174 0.000114015 0.00144295 8.28462e-05 -0.0013877
internal_weight=4500 1527 2973 54 2919 132 104 1446 1399 1375 81 2787 52 82 52 1339 2762 2736 2629 107 86 2599 2521 121 82 47 2400 55 2345 41
internal_count=4500 1527 2973 54 2919 132 104 1446 1399 1375 81 2787 52 82 52 1339 2762 2736 2629 107 86 2599 2521 121 82 47 2400 55 2345 41
is_linear=0
shrinkage=0.1


Tree=32
num_leaves=31
num_cat=0
split_feature=9 6 9 5 3 6 5 10 6 8 8 1 5 7 3 4 9 5 3 6 6 7 4 4 9 9 9 4 5 3
split_gain=0.0152505 0.0133519 0.018578 0.0113769 0.0127571 0.0121316 0.0148727 0.0196446 0.0135097 0.0257575 0.0112296 0.0111076 0.0142677 0.0103173 0.013035 0.00791345 0.0074708 0.00886008 0.00742084 0.0149485 0.0207464 0.0138924 0.0113971 0.0219949 0.019794 0.0121741 0.0114631 0.0104132 0.00915341 0.0168602
threshold=76777.750000000015 76529.082031250015 78219.500000000015 82498.500000000015 79746.500000000015 77380.085937500015 86914.500000000015 88125.375000000015 79776.750000000015 79250.000000000015 80363.250000000015 76.500000000000014 101321.50000000001 23452409.000000004 82462.000000000015 73478.000000000015 117377.25000000001 128630.50000000001 95518.000000000015 77611.250000000015 76791.582031250015 339777328.00000006 65685.000000000015 70067.000000000015 73306.250000000015 74490.250000000015 71145.750000000015 67567.500000000015 92406.500000000015 85099.000000000015
decision_type=2 2 2 2 2 2 2 2 2 2 2 2 2 2 2 2 2 2 2 2 2 2 2 2 2 2 2 2 2 2
left_child=18 2 -2 4 -3 -5 10 8 -8 15 13 16 -13 14 -7 -10 17 -9 19 20 22 -20 28 24 26 -25 -24 -26 29 -1
right_child=1 3 -4 5 -6 6 7 11 9 -11 -12 12 -14 -15 -16 -17 -18 -19 21 -21 -22 -23 23 25 27 -27 -28 -29 -30 -31
leaf_value=0.00011968931711821529 -0.0033916884349309839 -0.00041026720311492681 -8.0163556332182563e-05 0.0018433120468182972 0.0030793221498077567 -0.0014591043638386605 -0.00063649220841138494 -0.00023951140181870659 0.0021377093275077642 5.6664799857470728e-05 0.00053868217839171055 -0.0031469739552947781 -0.00038325097263255654 -0.00060267700601423927 -0.0046870851047887381 0.0049507942842319614 -0.001303823085524322 0.0012149625478989701 0.0021134169678144318 -0.0023334940578788521 0.0033319437480531637 -0.00098033241319215106 -0.0016443118128145852 0.0029407643325005967 -0.0014429095145632427 -0.00013922421318111997 0.0006150651029608352 -0.0044549101497977977 -0.0018350432981210558 0.0014298476191755734
leaf_weight=2653 32 20 36 27 22 29 35 870 20 45 23 31 47 34 22 20 62 44 47 25 20 21 43 21 22 33 47 24 23 102
leaf_count=2653 32 20 36 27 22 29 35 870 20 45 23 31 47 34 22 20 62 44 47 25 20 21 43 21 22 33 47 24 23 102
internal_value=1.84017e-12 -0.000271263 -0.00163853 -0.000202444 0.00141761 -0.000254424 -0.000298605 -0.000195298 0.00101702 0.00169788 -0.00142159 -0.000333323 -0.00148165 -0.00195201 -0.00285157 0.00354425 -0.000241551 -0.000169493 0.000124934 0.000101619 0.000121993 0.00115799 0.000100363 -0.000648934 -0.00132691 0.00105855 -0.000464415 -0.00301439 0.000151611 0.000168196
internal_weight=4500 1419 68 1351 42 1309 1282 1174 120 85 108 1054 78 85 51 40 976 914 3081 3013 2988 68 2968 190 136 54 90 46 2778 2755
internal_count=4500 1419 68 1351 42 1309 1282 1174 120 85 108 1054 78 85 51 40 976 914 3081 3013 2988 68 2968 190 136 54 90 46 2778 2755
is_linear=0
shrinkage=0.1


Tree=33
num_leaves=31
num_cat=0
split_feature=9 8 9 4 6 8 1 8 4 9 3 10 5 10 1 8 5 9 8 8 7 6 10 5 8 4 8 8 4 3
split_gain=0.0140803 0.0172954 0.0142009 0.0120029 0.0119858 0.0137991 0.0154041 0.0140455 0.0178745 0.0167247 0.0100249 0.0141055 0.00988568 0.0298046 0.0256881 0.0179014 0.0194218 0.0179382 0.0171104 0.00978062 0.00964243 0.00947746 0.0115095 0.0142116 0.0137971 0.016969 0.00918434 0.012628 0.0194994 0.00926892
threshold=53374.000000000007 50426.875000000007 52122.000000000007 29485.000000000004 51806.750000000007 47984.875000000007 68.500000000000014 45720.000000000007 41758.500000000007 47230.500000000007 50590.500000000007 57124.500000000007 59889.000000000007 59398.375000000007 70.500000000000014 52621.000000000007 57468.500000000007 56319.250000000007 50649.250000000007 47532.250000000007 9768637.5000000019 45257.083984375007 48542.125000000007 54142.500000000007 42202.250000000007 37933.000000000007 39212.375000000007 36426.125000000007 36192.000000000007 36034.500000000007
decision_type=2 2 2 2 2 2 2 2 2 2 2 2 2 2 2 2 2 2 2 2 2 2 2 2 2 2 2 2 2 2
left_child=1 2 4 -2 5 7 -7 9 -9 21 -11 -12 15 14 -14 18 -17 -18 -5 -4 -8 22 24 -24 25 26 27 29 -29 -1
right_child=3 -3 19 12 -6 6 20 8 -10 10 11 -13 13 -15 -16 16 17 -19 -20 -21 -22 -23 23 -25 -26 -27 -28 28 -30 -31
leaf_value=0.00066622972851560554 0.0022839252939558636 0.0019224735250371319 -0.002762379961437546 -0.0016062512169950284 0.0015446764625902352 -0.0034088122059724164 0.0013757797762412917 0.0039258173950340444 0.00065445826669437363 -0.0029239134238609535 0.00048409618736643882 -0.0024749507526090992 0.0049034187189218679 -0.00011806231136888731 0.00030010087950224125 0.00017853875178843739 -0.0054629276129638873 -0.0013768842951817947 0.001847429235931486 -0.00025284538874629792 -0.001494742451235652 0.0012583145440964139 -0.0022319571017214916 0.00057150856027323187 -0.0014640294770533974 0.0023198760609375313 -0.0014194669950354313 0.0028889070751352444 -0.00074379794797013428 -0.00050075423623486073
leaf_weight=159 21 63 25 26 73 21 22 23 61 22 49 24 22 3224 27 24 21 22 32 41 25 101 40 33 37 48 28 45 22 119
leaf_count=159 21 63 25 26 73 21 22 23 61 22 49 24 22 3224 27 24 21 22 32 41 25 101 40 33 37 48 28 45 22 119
internal_value=1.77608e-12 0.000314584 0.000215078 -9.94634e-05 0.00031342 0.000211165 -0.00115715 0.000325895 0.00155019 0.000184436 -0.00105268 -0.000488741 -0.000114193 -8.08601e-05 0.0023669 -0.000986982 -0.00210042 -0.00337239 0.000299228 -0.00120343 -0.000151094 0.000370394 0.000201505 -0.000964637 0.000387375 0.000550088 0.00032234 0.000463704 0.00169608 0.000166693
internal_weight=4500 1081 1018 3419 952 879 68 811 84 727 95 73 3398 3273 49 125 67 43 58 66 47 632 531 73 458 421 373 345 67 278
internal_count=4500 1081 1018 3419 952 879 68 811 84 727 95 73 3398 3273 49 125 67 43 58 66 47 632 531 73 458 421 373 345 67 278
is_linear=0
shrinkage=0.1


Tree=34
num_leaves=31
num_cat=0
split_feature=3 3 1 9 9 6 9 8 8 7 7 4 3 7 7 7 7 10 6 10 5 1 3 9 4 3 9 4 6 1
split_gain=0.0117691 0.00843535 0.0173803 0.00680703 0.0207064 0.0127501 0.0118258 0.00959649 0.0221672 0.0112936 0.0138599 0.0345095 0.0190431 0.0148063 0.00692105 0.0132565 0.0111837 0.00972489 0.0166367 0.0151908 0.0147655 0.0102564 0.0184698 0.0132283 0.0124303 0.0102591 0.00953552 0.0142327 0.0211568 0.0357784
threshold=72268.000000000015 73049.500000000015 70.500000000000014 70976.500000000015 71339.250000000015 70542.414062500015 72018.750000000015 67016.875000000015 65719.500000000015 36353042.000000007 72315192.000000015 60298.500000000007 76092.500000000015 91774956.000000015 4534712.5000000009 3138584.8750000005 6271720.5000000009 76427.500000000015 71907.417968750015 78656.625000000015 79547.500000000015 74.500000000000014 81424.000000000015 76449.000000000015 62853.000000000007 111874.50000000001 72855.000000000015 59084.500000000007 81035.500000000015 66.500000000000014
decision_type=2 2 2 2 2 2 2 2 2 2 2 2 2 2 2 2 2 2 2 2 2 2 2 2 2 2 2 2 2 2
left_child=-1 2 -2 7 -5 -6 -7 8 9 -3 11 12 -11 -12 15 -8 -16 18 -18 20 -19 26 -23 24 -24 -25 -21 -28 29 -29
right_child=1 3 -4 4 5 6 14 -9 -10 10 13 -13 -14 -15 16 -17 17 19 -20 21 -22 22 23 25 -26 -27 27 28 -30 -31
leaf_value=0.00016653578510456864 -0.0031210041671459166 -0.001907595962455327 0.00046953114036184094 -0.0033359580839584981 -0.001878648225033959 0.0018669129156603896 0.00014238633554090156 0.0018617823211984201 -0.0025284689662900444 0.0017822429511163919 -0.0018838498938941594 0.0051929686032235623 -0.0020268295159829512 0.00036623704125194652 0.0018506598060152363 -0.0028159248476315821 0.00042049912619404497 5.3751121408173019e-05 -0.0035645323622950607 -0.0021042125130241568 0.0031662080919852963 -0.0028003997599524966 -0.0005182530404999853 -0.0010368645311031929 0.0029651797487444823 0.00027623145447467409 -0.0010779940101332745 -0.0014168768140594833 -0.00014278908436136334 0.0015321285149322908
leaf_weight=2184 28 22 26 21 43 29 33 33 30 35 33 20 21 257 28 28 20 35 22 22 27 36 20 204 21 84 111 52 778 197
leaf_count=2184 28 22 26 21 43 29 33 33 30 35 33 20 21 257 28 28 20 35 22 22 27 36 20 204 21 84 111 52 778 197
internal_value=1.21253e-12 -0.000157044 -0.00139223 -0.000127557 -0.000214126 -0.000177501 -0.00013563 0.000220062 9.04525e-05 0.000292946 0.000425219 0.0016273 0.000353841 0.000110193 -0.000169433 -0.00121553 -0.000130922 -0.000164983 -0.0016669 -0.000125234 0.00140918 -0.000187617 -0.000649939 -0.00041463 0.00126594 -0.000653878 -4.2145e-05 -2.28077e-06 0.000113984 0.000916272
internal_weight=4500 2316 54 2262 1811 1790 1747 451 418 388 366 76 56 290 1718 61 1657 1629 42 1587 62 1525 365 329 41 288 1160 1138 1027 249
internal_count=4500 2316 54 2262 1811 1790 1747 451 418 388 366 76 56 290 1718 61 1657 1629 42 1587 62 1525 365 329 41 288 1160 1138 1027 249
is_linear=0
shrinkage=0.1


Tree=35
num_leaves=31
num_cat=0
split_feature=9 4 6 8 4 9 6 9 9 5 6 1 3 6 6 1 3 7 10 3 1 4 4 7 3 6 5 10 6 10
split_gain=0.0102357 0.0127623 0.0109804 0.00975696 0.0183995 0.0129694 0.0139952 0.0115148 0.0326461 0.0172079 0.00850326 0.0150132 0.0140394 0.0121938 0.0331147 0.0146616 0.0121105 0.0131887 0.0130624 0.0163244 0.0115177 0.0112036 0.0154901 0.0158856 0.0108556 0.00994115 0.0144858 0.0122033 0.00770315 0.0189808
threshold=51447.750000000007 28121.500000000004 51296.666015625007 45720.000000000007 40030.000000000007 47230.500000000007 47219.250000000007 49124.750000000007 48180.750000000007 52825.500000000007 53550.667968750007 69.500000000000014 55255.000000000007 56470.582031250007 55920.666015625007 66.500000000000014 59750.000000000007 24072926.000000004 60925.500000000007 61185.000000000007 65.500000000000014 48728.000000000007 46910.500000000007 52194180.000000007 61870.500000000007 58929.582031250007 61537.500000000007 62093.500000000007 57522.833984375007 62838.500000000007
decision_type=2 2 2 2 2 2 2 2 2 2 2 2 2 2 2 2 2 2 2 2 2 2 2 2 2 2 2 2 2 2
left_child=3 -2 -3 5 -5 -1 -7 8 -6 -9 11 20 -13 14 15 -12 17 25 -18 -20 -4 22 23 -17 -21 26 -15 -27 -26 -30
right_child=1 2 10 4 7 6 -8 9 -10 -11 13 12 -14 16 -16 21 18 -19 19 24 -22 -23 -24 -25 28 27 -28 -29 29 -31
leaf_value=0.00030861915805655151 0.0024426284225773998 -0.0016089095444259969 0.00036842941266039146 0.0036043013891448143 0.0019412981908923637 -0.0031331859042190695 -0.00029635605842705416 0.0033384927031066686 -0.0032221280001103881 0.00040454009890650072 0.0017591879235937836 0.0012582476202058733 -0.0014285111021841081 -0.00041874871559200751 -0.0037481269658063403 0.0012915252011562526 0.0023340772339989517 0.0025738346506841482 -0.0021990347739562358 0.0020326405724820991 0.0033649808309715369 0.00037651192356735985 -0.0033558304296872976 -0.0019791573183752147 0.0011672435593394999 -0.0025873528909869494 0.0026383228021703902 0.0008217792558882918 -0.002545315614406718 -9.6333951927355261e-05
leaf_weight=638 20 47 23 23 24 22 83 27 25 77 29 37 41 31 33 27 22 34 37 24 29 58 28 33 47 21 31 21 32 2876
leaf_count=638 20 47 23 23 24 22 83 27 25 77 29 37 41 31 33 27 22 34 37 24 29 58 28 33 47 21 31 21 32 2876
internal_value=2.53705e-12 -7.64024e-05 -9.05503e-05 0.000297712 0.000967192 0.000139127 -0.000890739 0.000570764 -0.000693103 0.00116624 -7.02422e-05 0.000723419 -0.000154023 -0.000100732 -0.000842492 -0.000294572 -5.21528e-05 0.000864059 -9.37713e-05 -0.000111481 0.00203958 -0.000702511 -0.00141368 -0.00050735 -8.55531e-05 0.000305094 0.00110979 -0.000882787 -0.000102757 -0.000123283
internal_weight=4500 3581 3561 919 176 743 105 153 49 104 3514 130 78 3384 208 175 3176 138 3038 3016 52 146 88 60 2979 104 62 42 2955 2908
internal_count=4500 3581 3561 919 176 743 105 153 49 104 3514 130 78 3384 208 175 3176 138 3038 3016 52 146 88 60 2979 104 62 42 2955 2908
is_linear=0
shrinkage=0.1


Tree=36
num_leaves=31
num_cat=0
split_feature=9 6 10 10 8 8 10 3 9 10 1 3 6 4 8 3 9 8 7 10 5 3 8 9 3 5 10 3 4 7
split_gain=0.00867055 0.0102491 0.0188344 0.0157079 0.014447 0.00900172 0.00899804 0.0117393 0.0167727 0.0113212 0.0118721 0.0083588 0.00835862 0.0126694 0.0152592 0.00798248 0.00702778 0.00677529 0.0143149 0.0122633 0.00993374 0.0171892 0.00886637 0.00742921 0.00607987 0.0133389 0.00624245 0.00577299 0.00892399 0.00749372
threshold=86581.250000000015 86277.667968750015 91769.125000000015 95130.750000000015 84546.000000000015 74369.750000000015 96768.625000000015 100280.00000000001 91736.500000000015 102361.87500000001 73.500000000000014 92325.000000000015 89882.835937500015 80298.500000000015 80704.750000000015 86774.000000000015 95422.250000000015 77054.125000000015 53645724.000000007 94275.500000000015 87593.500000000015 82462.000000000015 76523.875000000015 82385.750000000015 106653.50000000001 108934.50000000001 107673.00000000001 33210.500000000007 22953.000000000004 9905199.0000000019
decision_type=2 2 2 2 2 2 2 2 2 2 2 2 2 2 2 2 2 2 2 2 2 2 2 2 2 2 2 2 2 2
left_child=12 11 -3 4 -4 -5 -7 8 -8 10 -9 -2 13 14 17 -16 -10 22 20 -20 21 -19 27 -22 -11 -26 -27 28 29 -1
right_child=1 2 3 5 -6 6 7 9 16 24 -12 -13 -14 -15 15 -17 -18 18 19 -21 23 -23 -24 -25 25 26 -28 -29 -30 -31
leaf_value=0.00090837217020717535 -0.0028058642887377316 0.0020383445106239781 4.5909971508774019e-05 0.0018638490200308816 -0.0033511248972987935 0.0012502462437719499 -0.0037833889808759772 0.0020883300768521924 0.00076924196703960967 -0.0013460159950997109 -0.00069974600725496812 -0.00051579441044580297 0.0021033005136996507 -0.0022366682416759434 0.0026129299442150763 0.00038997340273150868 -0.001341686148763351 0.00070688748188937715 -0.0033919828378462368 -0.00014985619578510522 0.0023032055608928205 -0.0029267519064571546 0.0018415763608313034 -0.00024814830560769351 0.001794666609531569 -0.0020854776632040738 -0.00026539228336310282 3.1334490537211913e-05 0.0014994275685625547 -0.0017661545239388945
leaf_weight=22 28 36 21 21 31 38 22 42 24 52 24 37 20 24 35 30 46 30 28 20 25 23 28 21 31 20 326 3309 66 20
leaf_count=22 28 36 21 21 31 38 22 42 24 52 24 37 20 24 35 30 46 30 28 20 25 23 28 21 31 20 326 3309 66 20
internal_value=-1.49929e-12 -0.000298747 -0.000192166 -0.000307207 -0.00197925 -0.000172616 -0.000241041 -0.000337581 -0.00137489 -0.000144787 0.00107448 -0.00150229 6.44957e-05 5.34183e-05 6.84476e-05 0.00158695 -0.000617939 4.09691e-05 -0.000623893 -0.0020411 6.32359e-05 -0.000869975 6.93391e-05 0.00113846 -0.000332367 -0.000192554 -0.0003706 5.48168e-05 0.00077429 -0.000365212
internal_weight=4500 799 734 698 52 646 625 587 92 495 66 65 3701 3681 3657 65 70 3592 147 48 99 53 3445 46 429 377 346 3417 108 42
internal_count=4500 799 734 698 52 646 625 587 92 495 66 65 3701 3681 3657 65 70 3592 147 48 99 53 3445 46 429 377 346 3417 108 42
is_linear=0
shrinkage=0.1


Tree=37
num_leaves=31
num_cat=0
split_feature=4 4 10 9 6 9 6 6 5 5 3 9 9 7 1 6 8 4 7 8 3 7 9 1 8 4 10 9 7 10
split_gain=0.00774428 0.0138305 0.00890863 0.0197777 0.0102707 0.0168335 0.0143659 0.00723562 0.0157186 0.0161374 0.0125166 0.0101846 0.0101042 0.0073618 0.00781578 0.00704479 0.00687395 0.0191209 0.00981481 0.00699216 0.0280024 0.0260583 0.0147287 0.0174329 0.0155213 0.0121274 0.0114934 0.0105691 0.0319271 0.0361462
threshold=67383.000000000015 66834.500000000015 74842.500000000015 72642.500000000015 76529.082031250015 74490.250000000015 77214.832031250015 77993.335937500015 82498.500000000015 84376.000000000015 80290.500000000015 76965.500000000015 79744.000000000015 7959424.5000000009 71.500000000000014 75588.332031250015 77054.125000000015 64951.500000000007 556565216.00000012 71323.125000000015 78396.500000000015 119285648.00000001 72356.000000000015 63.500000000000007 67962.750000000015 65308.500000000007 98899.250000000015 72855.000000000015 54496628.000000007 77944.750000000015
decision_type=2 2 2 2 2 2 2 2 2 2 2 2 2 2 2 2 2 2 2 2 2 2 2 2 2 2 2 2 2 2
left_child=1 16 -2 -4 5 -5 -6 -8 -9 -10 -11 -12 -13 14 -14 -7 18 -18 19 22 -21 -22 24 -24 25 -1 -23 -25 29 -29
right_child=2 -3 3 4 6 15 7 8 9 10 11 12 13 -15 -16 -17 17 -19 -20 20 21 26 23 27 -26 -27 -28 28 -30 -31
leaf_value=9.0335238421495608e-05 0.0016210965740566072 0.0020879534723730209 -0.0032919794010619324 0.00078516900181197207 0.0022038307152867603 -0.0034962424865135782 -0.0015686880040448161 0.0024586460330402078 -0.0028037076795716653 0.0015652278851207701 0.0018369882716797294 -0.0019956693566200558 -0.0025242045487242717 -0.00011868794555051229 -9.5047970087482389e-05 -0.0011900083386097793 -0.0020752593899184529 0.0012918886952460386 0.0020177458762191238 -0.0024226915101399245 0.002999504800040827 -0.0010476438579364465 -0.0034049990897377334 -0.0021008547169692588 0.0016123745649524812 -0.002322538456480418 0.0018108984995210036 -0.00029862748194689091 -0.00074764958203063947 0.0052330987555684431
leaf_weight=2579 26 34 21 26 26 26 36 23 23 42 24 32 27 872 26 27 48 26 26 23 54 39 21 33 67 21 22 27 202 21
leaf_count=2579 26 34 21 26 26 26 36 23 23 42 24 32 27 872 26 27 48 26 26 23 54 39 21 33 67 21 22 27 202 21
internal_value=1.59152e-12 8.1673e-05 -0.000210712 -0.000249402 -0.000196597 -0.00129896 -0.000119597 -0.000174266 -0.000127307 -0.000184168 -0.000125273 -0.00019765 -0.000248675 -0.000188239 -0.00133254 -0.00232137 6.04161e-05 -0.000892207 8.29022e-05 6.67215e-05 0.000762558 0.00139961 3.44006e-05 -0.000625086 0.000109573 7.08466e-05 -1.66942e-05 -0.000418803 -0.000196772 0.0021215
internal_weight=4500 3243 1257 1231 1210 79 1131 1105 1069 1046 1023 981 957 925 53 53 3209 74 3135 3109 138 115 2971 304 2667 2600 61 283 250 48
internal_count=4500 3243 1257 1231 1210 79 1131 1105 1069 1046 1023 981 957 925 53 53 3209 74 3135 3109 138 115 2971 304 2667 2600 61 283 250 48
is_linear=0
shrinkage=0.1


Tree=38
num_leaves=31
num_cat=0
split_feature=9 4 6 9 7 7 4 3 4 8 8 8 8 10 1 9 10 6 7 7 8 7 8 9 6 9 6 6 1 5
split_gain=0.00704517 0.00957319 0.00913025 0.0082988 0.00746849 0.00917935 0.00807541 0.0113749 0.00945821 0.00910655 0.0134368 0.00762591 0.0187479 0.0116376 0.00817754 0.0101367 0.0103962 0.00886969 0.00760978 0.0220266 0.00711588 0.0112511 0.00672262 0.0167872 0.0163371 0.00930667 0.00761008 0.00653993 0.0121607 0.0120051
threshold=51447.750000000007 28121.500000000004 51296.666015625007 51053.000000000007 1433297.8750000002 1979100.7500000002 28792.500000000004 39006.000000000007 27624.000000000004 36426.125000000007 34163.875000000007 47984.875000000007 45720.000000000007 52705.375000000007 72.500000000000014 46877.500000000007 45291.000000000007 48462.666015625007 33483563.000000004 47767596.000000007 32553.500000000004 6474817.0000000009 43218.500000000007 44053.250000000007 46947.083984375007 42525.500000000007 39326.083984375007 53550.667968750007 69.500000000000014 59889.000000000007
decision_type=2 2 2 2 2 2 2 2 2 2 2 2 2 2 2 2 2 2 2 2 2 2 2 2 2 2 2 2 2 2
left_child=3 -2 -3 4 -1 -6 8 9 20 10 -8 12 14 -13 18 16 -16 -17 22 -20 21 -7 23 25 -24 26 -9 28 -4 -29
right_child=1 2 27 -5 5 6 7 11 -10 -11 -12 13 -14 -15 15 17 -18 -19 19 -21 -22 -23 24 -25 -26 -27 -28 29 -30 -31
leaf_value=-0.0012043424605115041 0.0021183243556879461 -0.0014601855563245061 0.0018234578391107229 0.0017352528585534957 0.0023640144243836404 0.001285650478354816 0.0019266257307639246 -0.00033790194848552346 -0.0019734657718800011 0.0028030936534438906 -0.00096038675733975008 -0.0024738795732936036 0.0017619268457250048 0.00043970503491060488 -0.001428419999565984 -0.0029980082834999149 0.00070298125135845367 -0.00023484364861533756 -0.0023902743407662082 0.00059733454549536376 0.0015002525627399641 -0.0010134926901378095 -0.0022305170173889826 0.0030423369923872606 0.0017629964760271833 -0.0014472698222380131 0.0018971226982569371 -0.0012299020897618004 -0.00015078767225928366 -5.2904702451707032e-05
leaf_weight=37 20 47 52 36 20 29 38 25 32 30 28 26 75 29 34 26 70 21 34 90 24 80 21 35 20 20 39 89 78 3295
leaf_count=37 20 47 52 36 20 29 38 25 32 30 28 26 75 29 34 26 70 21 34 90 24 80 21 35 20 20 39 89 78 3295
internal_value=-1.50802e-12 -6.33862e-05 -7.56396e-05 0.000246993 0.000186316 0.000247137 0.000195881 0.0003521 -0.000429942 0.00135848 0.000701833 0.000181105 0.000301752 -0.000937626 4.99976e-05 -0.000544619 6.177e-06 -0.0017634 0.00036615 -0.000221849 -5.85676e-05 -0.000401794 0.000821848 0.00120232 -0.000282462 0.000435653 0.00102407 -5.71212e-05 0.000638911 -8.386e-05
internal_weight=4500 3581 3561 919 883 846 826 661 165 96 66 565 510 55 435 151 104 47 284 124 133 109 160 119 41 84 64 3514 130 3384
internal_count=4500 3581 3561 919 883 846 826 661 165 96 66 565 510 55 435 151 104 47 284 124 133 109 160 119 41 84 64 3514 130 3384
is_linear=0
shrinkage=0.1


Tree=39
num_leaves=31
num_cat=0
split_feature=4 9 5 7 1 3 5 3 5 10 3 4 4 4 7 7 10 7 7 4 4 10 7 7 3 9 5 10 3 5
split_gain=0.00637864 0.00593913 0.00972533 0.00944188 0.00592603 0.0111281 0.016264 0.0151439 0.0125516 0.023534 0.0220729 0.0121141 0.0121033 0.00955053 0.0164115 0.0173249 0.0121815 0.0157597 0.0148829 0.0108779 0.00933478 0.00923166 0.00801915 0.0231936 0.0276588 0.0289138 0.0207814 0.0254186 0.0199519 0.0473965
threshold=98622.500000000015 117377.25000000001 128630.50000000001 413810864.00000006 73.500000000000014 42473.000000000007 48720.000000000007 49560.500000000007 53167.000000000007 53015.000000000007 54288.000000000007 67383.000000000015 66449.000000000015 70067.000000000015 119285648.00000001 182102712.00000003 91015.625000000015 18187401.000000004 37034290.000000007 78256.000000000015 68659.500000000015 78870.625000000015 19048018.000000004 43646186.000000007 76697.500000000015 57682.750000000007 71695.000000000015 65071.875000000007 59547.000000000007 60602.000000000007
decision_type=2 2 2 2 2 2 2 2 2 2 2 2 2 2 2 2 2 2 2 2 2 2 2 2 2 2 2 2 2 2
left_child=1 2 4 -4 -1 -6 -7 -8 -9 -10 -11 12 22 20 16 -16 17 19 -19 21 -13 -15 26 24 25 -24 27 28 29 -12
right_child=-2 -3 3 -5 5 6 7 8 9 10 11 13 -14 14 15 -17 -18 18 -20 -21 -22 -23 23 -25 -26 -27 -28 -29 -30 -31
leaf_value=8.9144944333004614e-05 -0.00086852494032537374 -0.0014354621309653991 0.0030393342021852732 4.0623525689755175e-05 0.0013826494280429972 -0.0024799284855684927 0.0018317869650451718 -0.0021454317594003496 0.0029994369524976483 -0.0028634555026186602 -0.0021371584405348964 -0.00040392901635531226 0.0023813840456899595 -7.9783371516636443e-05 0.002865545142538332 -0.00056215043179690843 -0.0014338312384244356 0.0030844455893384295 -0.00052668456697747823 0.00082157443789765243 -0.0026760244660545144 -0.0027781020606198583 0.0028160559800529551 -0.00020664490350892097 0.0046961516025476159 -0.00030622636933892884 -0.0033959938010767752 0.001917000153168504 -0.0023618480524505089 0.0039318684657866304
leaf_weight=3001 83 28 21 21 45 31 37 33 23 31 31 33 22 21 29 30 124 25 21 25 40 32 44 418 20 91 23 42 53 22
leaf_count=3001 83 28 21 21 45 31 37 33 23 31 31 33 22 21 29 30 124 25 21 25 40 32 44 418 20 91 23 42 53 22
internal_value=-2.91475e-12 1.63205e-05 2.55823e-05 0.00153998 1.09504e-05 -0.00016339 -0.000216865 -0.000161625 -0.000221444 -0.000168534 -0.00023044 -0.000159215 6.97822e-05 -0.000620826 -0.000376363 0.00112265 -0.000732983 -3.21338e-05 0.00143589 -0.000897889 -0.00164891 -0.00170896 1.42839e-06 0.000180777 0.00122557 0.000711406 -0.000599547 -0.000164964 -0.000989894 0.00038206
internal_weight=4500 4417 4389 42 4347 1346 1301 1270 1233 1200 1177 1146 766 380 307 59 248 124 46 78 73 53 744 573 155 135 171 148 106 53
internal_count=4500 4417 4389 42 4347 1346 1301 1270 1233 1200 1177 1146 766 380 307 59 248 124 46 78 73 53 744 573 155 135 171 148 106 53
is_linear=0
shrinkage=0.1


Tree=40
num_leaves=31
num_cat=0
split_feature=9 9 4 8 4 4 4 4 10 5 1 10 5 5 4 5 1 10 3 9 3 1 4 9 8 8 3 3 8 7
split_gain=0.00585295 0.0166811 0.0256531 0.018359 0.0168228 0.0319593 0.00764721 0.0143458 0.0125893 0.0101292 0.0225107 0.0180467 0.0141571 0.0245028 0.0133227 0.0124659 0.019228 0.0140598 0.0109293 0.01295 0.0108069 0.00980557 0.00809065 0.0106606 0.00934171 0.0139436 0.0132001 0.0160549 0.00966024 0.00784178
threshold=63433.750000000007 62948.500000000007 58100.500000000007 60189.500000000007 56682.500000000007 55924.500000000007 52537.500000000007 51456.000000000007 65937.625000000015 70148.500000000015 68.500000000000014 70729.750000000015 73810.500000000015 72380.500000000015 60298.500000000007 76122.500000000015 69.500000000000014 73933.250000000015 66485.000000000015 66860.250000000015 73400.500000000015 67.500000000000014 55284.500000000007 66680.250000000015 65968.250000000015 66550.000000000015 92325.000000000015 80290.500000000015 62893.750000000007 28527948.000000004
decision_type=2 2 2 2 2 2 2 2 2 2 2 2 2 2 2 2 2 2 2 2 2 2 2 2 2 2 2 2 2 2
left_child=1 2 3 4 5 -1 7 -2 -8 10 -10 18 13 -13 -12 16 21 -17 -11 -20 -18 -14 -19 -24 26 -26 27 -25 -29 -22
right_child=6 -3 -4 -5 -6 -7 8 -9 9 11 14 12 15 -15 -16 17 20 22 19 -21 29 -23 23 24 25 -27 -28 28 -30 -31
leaf_value=0.00011443601344356825 -0.00034850268366797688 0.0022641238025648313 -0.0025527642709979167 0.0026387826093986376 0.0023754842768539675 -0.0033521946830054128 0.0019900300291677319 -0.0027315144298662403 0.0016732575127943643 -0.00020661068691489555 -0.00049956791190197691 0.0013923813042271398 0.001144326553153603 -0.0024555321199764197 -0.003445169657318141 -0.0026097878813743595 0.0016055573467165232 0.00093698203881186512 0.0041035560721700845 0.00098984999143901997 -0.0024634647369384767 0.004097353980283846 -0.0018635536496089224 -0.00037833978959287589 -0.0022788033859493834 -0.00010337858094585963 -0.0010159300251175677 0.00072824967459642466 0.0031378635659632158 0.0001931495163589716
leaf_weight=1768 196 36 36 29 32 27 30 29 21 28 28 23 23 59 34 22 25 77 22 34 20 22 34 39 30 1648 34 28 41 25
leaf_count=1768 196 36 36 29 32 27 30 29 21 28 28 23 23 59 34 22 25 77 22 34 20 22 34 39 30 1648 34 28 41 25
internal_value=2.30665e-12 0.000131723 9.11492e-05 0.000142432 0.000102807 6.22917e-05 -9.87413e-05 -0.000655646 -4.53525e-05 -7.17062e-05 -0.00115645 -3.14046e-05 -8.75842e-05 -0.00137624 -0.0021149 -3.64866e-05 0.000975302 -9.60645e-05 0.00140652 0.00221309 -6.14518e-05 0.00258803 -6.74255e-05 -0.00010914 -7.63656e-05 -0.000142272 0.00070244 0.00124341 0.00216005 -0.000987568
internal_weight=4500 1928 1892 1856 1827 1795 2572 225 2347 2317 83 2234 2150 82 62 2068 115 1953 84 56 70 45 1931 1854 1820 1678 142 108 69 45
internal_count=4500 1928 1892 1856 1827 1795 2572 225 2347 2317 83 2234 2150 82 62 2068 115 1953 84 56 70 45 1931 1854 1820 1678 142 108 69 45
is_linear=0
shrinkage=0.1


Tree=41
num_leaves=31
num_cat=0
split_feature=3 9 6 5 8 8 10 5 1 6 8 8 6 1 5 3 8 9 9 3 4 7 7 7 7 7 7 4 1 6
split_gain=0.00513065 0.021085 0.0109342 0.021987 0.0253936 0.0141371 0.00884005 0.0188157 0.015093 0.0168294 0.0133797 0.0246635 0.0244374 0.0135189 0.0165837 0.024658 0.0109956 0.0091771 0.014494 0.00853181 0.0235903 0.00837975 0.00970227 0.0137991 0.0107209 0.015948 0.00981695 0.00918472 0.0140544 0.0165483
threshold=62586.000000000007 66045.000000000015 61932.666015625007 64853.000000000007 57138.500000000007 54366.000000000007 60925.500000000007 62789.500000000007 73.500000000000014 57666.583984375007 52270.875000000007 50426.875000000007 54430.832031250007 67.500000000000014 61271.000000000007 57192.500000000007 49976.625000000007 52310.750000000007 53374.000000000007 63477.000000000007 46910.500000000007 1433297.8750000002 34396964.000000007 36353042.000000007 29083189.000000004 25670336.000000004 31486666.000000004 29988.500000000004 72.500000000000014 50559.333984375007
decision_type=2 2 2 2 2 2 2 2 2 2 2 2 2 2 2 2 2 2 2 2 2 2 2 2 2 2 2 2 2 2
left_child=1 2 3 6 5 -5 7 10 9 -8 11 16 -12 -14 15 -15 21 -13 -19 20 -2 -1 24 -24 25 27 -26 -23 -29 -30
right_child=19 -3 -4 4 -6 -7 8 -9 -10 -11 12 17 13 14 -16 -17 -18 18 -20 -21 -22 22 23 -25 26 -27 -28 28 29 -31
leaf_value=-0.0013955962921803197 0.0016716959797555492 0.0032273574266582731 -0.0013921651934729294 0.0023414035234600307 0.0046314624279899441 -0.0014185240046936088 -0.0019365367680438794 0.0026475721351995039 -0.0030574200078262951 0.0021658314418164081 -0.0033067068685927702 0.00015308235213160515 -0.0023080227159274123 0.0013426713797366021 0.0026929765777743385 -0.0021932981258846428 -0.0022123096754685756 0.00442546107420521 0.0013025306896971805 -4.7501675984039867e-05 -0.0023106468019678315 -0.00043042015265755819 -0.0027917879988395033 -0.00012838495578045806 0.0032910031590448773 -0.0020331844631261355 0.00056428391746463134 0.00099660533158410698 0.0002569850901636528 -0.0026044759123275679
leaf_weight=36 21 22 47 20 23 20 20 29 24 20 31 25 24 41 23 38 21 23 42 2982 51 113 21 264 23 29 31 284 128 24
leaf_count=36 21 22 47 20 23 20 20 29 24 20 31 25 24 41 23 38 21 23 42 2982 51 113 21 264 23 29 31 284 128 24
internal_value=6.2745e-14 0.000155178 0.000107715 0.000158909 0.00198383 0.00046144 7.14125e-05 0.000130103 -0.00107488 0.000114647 7.03101e-05 0.000197468 -0.000791451 -0.000172618 0.00032983 -0.000358175 5.11165e-05 0.00178132 0.00240757 -7.34733e-05 -0.00114913 0.000100993 0.000159746 -0.000324636 0.000378178 0.000252289 0.00172566 0.000373015 0.000581244 -0.000194825
internal_weight=4500 1446 1424 1377 63 40 1314 1250 64 40 1221 1064 157 126 102 79 974 90 65 3054 72 953 917 285 632 578 54 549 436 152
internal_count=4500 1446 1424 1377 63 40 1314 1250 64 40 1221 1064 157 126 102 79 974 90 65 3054 72 953 917 285 632 578 54 549 436 152
is_linear=0
shrinkage=0.1


Tree=42
num_leaves=31
num_cat=0
split_feature=4 9 5 7 7 7 7 5 9 4 3 6 3 8 5 3 9 8 3 7 4 3 5 3 1 7 8 9 1 9
split_gain=0.00496916 0.00472525 0.00805708 0.00764792 0.00608157 0.00522169 0.0183766 0.0288407 0.0208159 0.0165208 0.0368313 0.0197635 0.0177151 0.0156683 0.0289724 0.0292204 0.0124077 0.0111343 0.00880339 0.0084128 0.0283788 0.0108832 0.00666237 0.0107774 0.00836668 0.0144797 0.0115737 0.0132429 0.0103752 0.00993021
threshold=98622.500000000015 117377.25000000001 128630.50000000001 413810864.00000006 450195744.00000006 5321112.5000000009 4356968.0000000009 60397.500000000007 74490.250000000015 61660.500000000007 57535.000000000007 67443.085937500015 55451.000000000007 42445.250000000007 49311.000000000007 51281.500000000007 38569.500000000007 34547.250000000007 48802.000000000007 6040313.7500000009 54369.000000000007 71230.500000000015 34794.500000000007 35136.000000000007 62.500000000000007 35293144.000000007 34547.250000000007 40234.250000000007 58.500000000000007 39028.000000000007
decision_type=2 2 2 2 2 2 2 2 2 2 2 2 2 2 2 2 2 2 2 2 2 2 2 2 2 2 2 2 2 2
left_child=1 2 4 -4 5 6 8 18 9 10 12 -11 13 16 -15 -16 17 -1 -8 20 -7 -22 -21 -24 25 28 29 -28 -25 -26
right_child=-2 -3 3 -5 -6 19 7 -9 -10 11 -12 -13 -14 14 15 -17 -18 -19 -20 22 21 -23 23 24 26 -27 27 -29 -30 -31
leaf_value=0.0010964594591977232 -0.00076658442442541024 -0.0012805434966659439 0.0027504887819911044 5.1649172036420733e-05 0.00096936669290209056 0.0013048982151366514 0.0011333615117674245 0.0036911394287783062 -0.0020086334050736492 0.0042898329939427124 -0.0029010776111758072 0.00028995252835253875 0.0031710954383015635 -0.0038781022086091669 0.0026216646041055877 -0.0019468887941911817 0.0030904844149269844 -0.0016337976581417024 -0.0015937878069235013 -0.0013216983956786303 -0.0042973306622694834 -0.001114666038414552 0.0017386680229433947 0.00012439772701607302 -0.00062144930437342202 -0.00012344174880434393 0.0017514222071551514 -5.6805754041755118e-05 0.002175948342895691 -0.0031521147722378372
leaf_weight=59 83 28 21 21 65 29 29 38 45 21 38 30 22 23 28 28 22 20 20 39 22 21 35 39 69 142 41 3335 67 20
leaf_count=59 83 28 21 21 65 29 29 38 45 21 38 30 22 23 28 28 22 20 20 39 22 21 35 39 69 142 41 3335 67 20
internal_value=1.8523e-12 1.44049e-05 2.26662e-05 0.00140107 9.34825e-06 -5.22466e-06 0.000328317 0.00162362 -7.0747e-06 0.000302445 -4.48903e-05 0.00193696 0.000492412 0.000165018 -0.000889907 0.000337388 0.000990157 0.000405255 2.02393e-05 -4.17854e-05 -0.0011126 -0.00274301 -2.14266e-05 -7.8966e-06 -2.43603e-05 0.000536739 -6.45198e-05 -3.48456e-05 0.00142113 -0.00119014
internal_weight=4500 4417 4389 42 4347 4282 423 87 336 291 240 51 202 180 79 56 101 79 49 3859 72 43 3787 3748 3713 248 3465 3376 106 89
internal_count=4500 4417 4389 42 4347 4282 423 87 336 291 240 51 202 180 79 56 101 79 49 3859 72 43 3787 3748 3713 248 3465 3376 106 89
is_linear=0
shrinkage=0.1


Tree=43
num_leaves=31
num_cat=0
split_feature=9 6 10 10 8 3 6 4 8 4 10 3 9 10 4 7 5 3 3 9 10 5 4 8 7 8 8 5 5 1
split_gain=0.00437786 0.00851938 0.0151423 0.0119486 0.0114178 0.0069729 0.00681636 0.00912778 0.0131258 0.00668733 0.0072921 0.00937337 0.0131072 0.0106899 0.00762034 0.00808855 0.00756987 0.00732558 0.00664316 0.00586386 0.0052084 0.00964844 0.00608309 0.00602072 0.0214781 0.0128593 0.00779803 0.0134604 0.0155067 0.00583262
threshold=86581.250000000015 86277.667968750015 91769.125000000015 95130.750000000015 84546.000000000015 92325.000000000015 89882.835937500015 80298.500000000015 80704.750000000015 60908.500000000007 96768.625000000015 100280.00000000001 91736.500000000015 102361.87500000001 71711.000000000015 285317904.00000006 101646.00000000001 125764.50000000001 86774.000000000015 95422.250000000015 98487.500000000015 98843.000000000015 66643.500000000015 77054.125000000015 53645724.000000007 76523.875000000015 77728.500000000015 87593.500000000015 85245.000000000015 67.500000000000014
decision_type=2 2 2 2 2 2 2 2 2 2 2 2 2 2 2 2 2 2 2 2 2 2 2 2 2 2 2 2 2 2
left_child=6 5 -3 4 -4 -2 7 8 20 -5 -11 12 -12 16 -15 17 -13 -16 -10 -14 21 23 -23 25 26 29 -25 28 -28 -1
right_child=1 2 3 9 -6 -7 -8 -9 18 10 11 13 19 14 15 -17 -18 -19 -20 -21 -22 22 -24 24 -26 -27 27 -29 -30 -31
leaf_value=-0.00020429784969649411 -0.0025001890574848015 0.0018848652653913533 0.00012380510105729279 0.001502688826119993 -0.0028961581778862784 -0.00040856531783434988 0.0018869593273848297 -0.001907996304604846 0.0023928941067840374 0.0011767885096273141 -0.0033130385664249351 -0.00029720597085542978 0.00083782532509014181 -0.0014502948877634482 -0.00012374102403782674 0.00082509032697605615 0.0019389564407103492 -0.0014470974011346698 0.00036498116950194043 -0.0011471537062037818 -0.00097043984894228824 0.00033421488679495864 0.0024200265959802049 -0.0016731210681609811 -0.0028550700228096859 0.0022581377657703481 0.0011785834451161681 0.001893194843279688 -0.002712115811882541 0.00010183261534730804
leaf_weight=829 28 36 21 25 31 37 20 24 35 38 22 24 22 48 256 74 41 50 30 46 52 29 27 20 33 26 21 38 20 2497
leaf_count=829 28 36 21 25 31 37 20 24 35 38 22 24 22 48 256 74 41 50 30 46 52 29 27 20 33 26 21 38 20 2497
internal_value=-2.67694e-12 -0.000212281 -0.000115109 -0.00021826 -0.00167656 -0.00130957 4.58288e-05 3.58254e-05 4.85822e-05 -0.000100874 -0.000165429 -0.000252915 -0.00119138 -8.15939e-05 -0.000263061 -0.000113094 0.0011133 -0.000339976 0.00145693 -0.000504955 2.3097e-05 3.76913e-05 0.00133987 1.67607e-05 -0.000645685 4.28475e-05 9.0777e-05 0.000537333 -0.000719319 2.55301e-05
internal_weight=4500 799 734 698 52 65 3701 3681 3657 646 621 583 90 493 428 380 65 306 65 68 3592 3540 56 3484 132 3352 99 79 41 3326
internal_count=4500 799 734 698 52 65 3701 3681 3657 646 621 583 90 493 428 380 65 306 65 68 3592 3540 56 3484 132 3352 99 79 41 3326
is_linear=0
shrinkage=0.1


Tree=44
num_leaves=31
num_cat=0
split_feature=9 9 4 8 4 4 7 3 7 1 1 3 4 1 8 8 8 4 4 5 4 1 5 8 6 1 1 3 4 1
split_gain=0.00415007 0.0145754 0.0168713 0.0156005 0.00823984 0.011726 0.00704398 0.0102512 0.00863298 0.0117529 0.0136553 0.0121515 0.00844315 0.00769582 0.0170789 0.0130894 0.033141 0.0194077 0.0159538 0.00943451 0.00805398 0.0145143 0.0153157 0.00899197 0.0199202 0.00757991 0.0152785 0.00716014 0.00690611 0.0144939
threshold=63433.750000000007 62948.500000000007 58100.500000000007 59005.250000000007 53043.500000000007 56845.500000000007 1433297.8750000002 43151.000000000007 4712620.0000000009 75.500000000000014 71.500000000000014 48802.000000000007 55924.500000000007 76.500000000000014 53369.000000000007 56766.625000000007 57291.375000000007 52537.500000000007 53841.500000000007 54142.500000000007 49706.000000000007 69.500000000000014 61995.500000000007 53582.250000000007 58271.833984375007 57.500000000000007 59.500000000000007 64610.000000000007 43709.500000000007 67.500000000000014
decision_type=2 2 2 2 2 2 2 2 2 2 2 2 2 2 2 2 2 2 2 2 2 2 2 2 2 2 2 2 2 2
left_child=1 2 3 6 -5 -6 7 -1 9 10 28 -12 13 15 19 18 -17 -18 20 -15 25 22 -22 -23 -25 -10 -27 -24 -8 -30
right_child=-2 -3 -4 4 5 -7 8 -9 12 -11 11 -13 -14 14 -16 16 17 -19 -20 -21 21 23 27 24 -26 26 -28 -29 29 -31
leaf_value=0.00017106026411056521 -8.3145684913312214e-05 0.0021041858191084531 -0.0020711375083515629 0.0030706234935981534 -0.00057713527801550102 0.0025735377555801756 0.00047377815470099453 -0.0028663832694292069 -0.0013678080223214169 0.0029047757577659056 0.00089127197438343018 -0.0022028999791170161 -0.0015958827905706132 -0.0017209042106633603 -0.0034345740731805564 0.0046464507087049167 -0.0014704301775268773 0.0021206937072781365 -0.0018475855811795391 0.00079867404367957675 -0.0025269054674676491 0.00044344772368276608 0.0021481920685619115 0.0049885271181119607 0.00075435714615741754 0.0022767513974880182 -1.0459871794006779e-05 -0.0004956053345397648 0.00021738734096288681 0.0040244754776358601
leaf_weight=25 2572 36 36 24 27 21 70 20 39 22 22 30 32 23 20 22 34 27 44 42 21 32 20 20 25 30 1103 21 20 20
leaf_count=25 2572 36 36 24 27 21 70 20 39 22 22 30 32 23 20 22 34 27 44 42 21 32 20 20 25 30 1103 21 20 20
internal_value=9.38599e-14 0.000110918 7.29915e-05 0.00011458 0.00155773 0.000801284 5.63365e-05 -0.00117891 8.8301e-05 0.000736021 0.000441498 -0.000893827 1.16577e-05 4.5434e-05 -0.000879153 0.000100086 0.00131911 0.000119084 2.54155e-05 -9.2869e-05 8.82774e-05 0.000807992 -0.000330788 0.00172493 0.00263621 2.91876e-06 5.01018e-05 0.000794052 0.00107274 0.00212093
internal_weight=4500 1928 1892 1856 72 48 1784 45 1739 184 162 52 1555 1523 85 1438 83 61 1355 65 1311 139 62 77 45 1172 1133 41 110 40
internal_count=4500 1928 1892 1856 72 48 1784 45 1739 184 162 52 1555 1523 85 1438 83 61 1355 65 1311 139 62 77 45 1172 1133 41 110 40
is_linear=0
shrinkage=0.1


Tree=45
num_leaves=31
num_cat=0
split_feature=3 1 1 9 1 7 1 7 7 8 5 10 10 7 7 8 9 4 8 4 4 5 4 8 4 4 4 5 5 3
split_gain=0.00395773 0.00731085 0.00571611 0.0254214 0.00579848 0.0207157 0.0117843 0.0176504 0.0137405 0.0228035 0.00756712 0.0269554 0.0200353 0.0125131 0.0173352 0.00983463 0.00998535 0.0163656 0.00939246 0.0070989 0.0170471 0.0207883 0.0182474 0.0220444 0.0260221 0.0200847 0.0103738 0.00943535 0.0249373 0.0221552
threshold=33210.500000000007 52.500000000000007 59.500000000000007 68980.000000000015 67.500000000000014 1720895.8125000002 69.500000000000014 4712620.0000000009 9307766.5000000019 51488.500000000007 66808.500000000015 62607.875000000007 67533.750000000015 16462329.000000002 24424575.000000004 49009.125000000007 47230.500000000007 31944.500000000004 53152.875000000007 82625.500000000015 75695.500000000015 101321.50000000001 70651.000000000015 71908.750000000015 66288.500000000015 73175.000000000015 63534.500000000007 56562.500000000007 52600.500000000007 53985.500000000007
decision_type=2 2 2 2 2 2 2 2 2 2 2 2 2 2 2 2 2 2 2 2 2 2 2 2 2 2 2 2 2 2
left_child=-1 -2 3 -3 5 -4 7 -6 9 -9 11 15 -12 -14 -15 16 17 -10 -17 20 22 -22 23 24 27 -24 -25 28 -7 -30
right_child=1 2 4 -5 6 19 -8 8 10 -11 12 -13 13 14 -16 18 -18 -19 -20 -21 21 -23 25 26 -26 -27 -28 -29 29 -31
leaf_value=0.00059804814453754166 -0.001922264591557905 0.0017341793264003846 -0.0032847116156269544 -0.0014267267849247317 0.002244140718597919 8.7201417337619074e-05 -4.9366453221545215e-05 0.0013165377988480032 -0.0012799693271517754 -0.003042698162607849 0.0037021769072106553 -0.0033779832351931629 0.0028035507201407614 -0.00190309360773573 0.00060509071763333619 0.0028862231336534028 -0.0017820200999267401 0.0023758827044512145 5.3154167041859843e-05 -0.0011053506750613451 0.0039074060628595557 -0.00011835482216375914 -0.0037102371593937277 -1.1056022485718132e-05 -0.0036920574848495779 -0.00016028670087347136 0.002815713721163873 0.00016868152148769394 -0.0038878412925122258 0.00017884940441165653
leaf_weight=108 20 77 22 38 50 127 2820 20 24 30 21 22 22 31 248 25 28 25 22 75 23 29 30 20 21 34 37 393 37 21
leaf_count=108 20 77 22 38 50 127 2820 20 24 30 21 22 22 31 248 25 28 25 22 75 23 29 30 20 21 34 37 393 37 21
internal_value=-1.70094e-12 -1.47061e-05 -5.97985e-06 0.000689706 -2.47733e-05 -0.000255218 3.43343e-05 0.000449891 0.0002767 -0.001299 0.000445045 -0.000152119 0.000715809 0.000507458 0.000326404 0.000420211 -0.000275568 0.000585261 0.00156011 -0.00017653 -8.62948e-05 0.00166227 -0.00021258 -5.53366e-05 -0.000234159 -0.00182433 0.00182386 -0.000108526 -0.000697404 -0.00241542
internal_weight=4500 4392 4372 115 4257 869 3388 568 518 50 468 146 322 301 279 124 77 49 47 847 772 52 720 656 599 64 57 578 185 58
internal_count=4500 4392 4372 115 4257 869 3388 568 518 50 468 146 322 301 279 124 77 49 47 847 772 52 720 656 599 64 57 578 185 58
is_linear=0
shrinkage=0.1


Tree=46
num_leaves=31
num_cat=0
split_feature=1 7 3 9 9 6 6 9 4 4 8 9 4 6 6 1 8 6 6 9 4 3 7 6 10 4 5 4 8 9
split_gain=0.00349835 0.00672081 0.00615317 0.00571841 0.00461249 0.0208446 0.0148122 0.00896859 0.00632336 0.0112788 0.0126138 0.00649285 0.0221992 0.00950887 0.00734733 0.0102411 0.00972819 0.00677337 0.0122227 0.0165446 0.0115818 0.0184986 0.0134968 0.00979071 0.00902033 0.0169142 0.0150295 0.00901908 0.0062311 0.0187561
threshold=77.500000000000014 120604564.00000001 70510.500000000015 79117.000000000015 90535.250000000015 90094.335937500015 88999.000000000015 88135.500000000015 82140.000000000015 79204.000000000015 83112.750000000015 85849.000000000015 75695.500000000015 84337.582031250015 83568.582031250015 68.500000000000014 77487.000000000015 81627.082031250015 79776.750000000015 78517.000000000015 70651.000000000015 83078.500000000015 108209692.00000001 79042.832031250015 89316.750000000015 68659.500000000015 88062.500000000015 69379.500000000015 71323.125000000015 74490.250000000015
decision_type=2 2 2 2 2 2 2 2 2 2 2 2 2 2 2 2 2 2 2 2 2 2 2 2 2 2 2 2 2 2
left_child=4 2 -2 -4 5 6 8 -7 9 11 -11 14 13 -13 17 -16 -17 18 23 -20 22 -22 -21 28 26 -26 -19 -25 -1 -30
right_child=1 -3 3 -5 -6 7 -8 -9 -10 10 -12 12 -14 -15 15 16 -18 24 19 20 21 -23 -24 27 25 -27 -28 -29 29 -31
leaf_value=1.1428860217276514e-06 0.00011075937699598189 0.00098710929742082962 -0.0030135443378683357 -0.00067985457578851357 -0.00025114725078792917 0.0032597899687691377 -0.0020263620845175213 0.00087408156599849468 -0.0015775066960486584 0.00020380390674940181 0.003491942560649477 -0.0015161955628233653 -0.0034852858379726178 0.00062108928789658593 0.0029489961103536192 0.001708607402785371 -0.00071460697925775443 -0.0017174523658468389 0.0031897371501794884 0.00333133856322439 0.0013044001860544087 -0.0029966033322853039 -0.00021294995895004831 -0.00014873317756739976 -0.00021960614637161295 -0.0039739581689354963 0.0020702022000808609 -0.0028212667954073331 0.0022106483310031203 8.6259178379730544e-05
leaf_weight=2941 26 20 21 21 577 26 35 40 24 28 20 30 23 68 20 30 37 20 28 21 20 20 22 28 30 20 22 23 52 207
leaf_count=2941 26 20 21 21 577 26 35 40 24 28 20 30 23 68 20 30 37 20 28 21 20 20 22 28 30 20 22 23 52 207
internal_value=2.42027e-13 -0.000624312 -0.00109826 -0.0018467 1.24523e-05 5.21125e-05 2.12612e-05 0.00181391 4.04543e-05 5.09209e-05 0.00157386 3.09588e-05 -0.000689367 -3.31816e-05 5.55731e-05 0.000963192 0.000370414 3.27119e-05 5.58771e-05 0.00108776 0.000378664 -0.000846102 0.00151798 2.0645e-05 -0.000813826 -0.00172135 0.000266557 -0.00135399 4.25533e-05 0.000512777
internal_weight=4500 88 68 42 4412 3835 3769 66 3734 3710 48 3662 121 98 3541 87 67 3454 3362 111 83 40 43 3251 92 50 42 51 3200 259
internal_count=4500 88 68 42 4412 3835 3769 66 3734 3710 48 3662 121 98 3541 87 67 3454 3362 111 83 40 43 3251 92 50 42 51 3200 259
is_linear=0
shrinkage=0.1


Tree=47
num_leaves=31
num_cat=0
split_feature=3 9 10 6 7 3 3 4 10 9 4 10 7 9 10 7 3 5 4 1 5 1 5 1 4 4 9 9 9 9
split_gain=0.0034666 0.0173812 0.00901572 0.0131194 0.00807006 0.0104919 0.00775589 0.0224111 0.00923074 0.00531302 0.0107875 0.0151906 0.0186841 0.0168434 0.0143066 0.0179179 0.0175394 0.0122108 0.0112909 0.0139563 0.00876949 0.0313809 0.0131212 0.0179623 0.041341 0.0126064 0.0106232 0.0079598 0.0106535 0.00798165
threshold=62586.000000000007 66045.000000000015 67040.250000000015 61520.416015625007 1433297.8750000002 43151.000000000007 63704.000000000007 47705.000000000007 62838.500000000007 52481.500000000007 46715.000000000007 68319.375000000015 4203014.7500000009 65384.250000000007 65071.875000000007 20112381.000000004 66244.500000000015 70148.500000000015 52723.500000000007 73.500000000000014 71544.500000000015 71.500000000000014 73406.500000000015 67.500000000000014 54959.500000000007 59701.500000000007 60960.000000000007 62312.250000000007 63433.750000000007 64518.000000000007
decision_type=2 2 2 2 2 2 2 2 2 2 2 2 2 2 2 2 2 2 2 2 2 2 2 2 2 2 2 2 2 2
left_child=1 2 3 4 5 -1 7 -2 -9 -8 -11 12 -12 14 15 -14 -16 -13 -18 -20 21 -19 23 -22 -25 -26 -24 -28 -29 -30
right_child=6 -3 -4 -5 -6 -7 9 8 -10 10 11 17 13 -15 16 -17 18 20 19 -21 22 -23 26 24 25 -27 27 28 29 -31
leaf_value=0.00018030915409326554 0.0013732324472844736 0.0029168810526078396 -0.0018373186684281489 0.0019500973242286006 0.00011229235660790479 -0.002813986053859646 0.00085454942084128784 -0.0036806698428170589 -0.0011304788282723167 -0.00074487382959787245 0.0037037027033511548 -0.0019255530142358373 -0.0024896546249510722 -0.0022552553449713742 0.0038722772655698161 0.00089166105996506912 0.0021250262830290012 -0.00070724102075804367 -0.0013349593807052932 0.0019438546026885025 -0.0036165385790493179 0.0042377184899080366 0.0018814577945861324 0.0024766033823271434 -0.0037960038927849385 -0.00083720797168401393 -0.0020308914920315149 0.002214709549610104 -0.0019435616506432944 -2.9184522630562089e-05
leaf_weight=25 28 22 24 38 1315 22 66 22 40 209 20 35 25 20 24 42 40 33 34 21 23 21 29 31 24 36 20 21 22 2168
leaf_count=25 28 22 24 38 1315 22 66 22 40 209 20 35 25 20 24 42 40 33 34 21 23 21 29 31 24 36 20 21 22 2168
internal_value=2.07805e-12 0.000127555 8.4461e-05 0.000117406 6.62735e-05 -0.00122128 -6.03942e-05 -0.000974926 -0.00203539 -3.2625e-05 -5.28298e-05 9.58662e-07 0.000785599 0.000502288 0.000798798 -0.000370024 0.00145687 -7.10384e-05 0.000846667 -8.30486e-05 -4.43053e-05 0.0012158 -7.29681e-05 -0.00111973 -0.000488669 -0.00202073 -2.01668e-05 -4.48854e-05 -2.69206e-05 -4.84157e-05
internal_weight=4500 1446 1424 1400 1362 47 3054 90 62 2964 2898 2689 226 206 186 67 119 2463 95 55 2428 54 2374 114 91 60 2260 2231 2211 2190
internal_count=4500 1446 1424 1400 1362 47 3054 90 62 2964 2898 2689 226 206 186 67 119 2463 95 55 2428 54 2374 114 91 60 2260 2231 2211 2190
is_linear=0
shrinkage=0.1


Tree=48
num_leaves=31
num_cat=0
split_feature=7 3 5 7 1 7 1 7 9 3 7 1 7 7 4 4 7 10 3 7 1 10 1 8 4 3 3 3 7 7
split_gain=0.003297 0.00543823 0.00347949 0.00421862 0.00527388 0.00426135 0.00772583 0.00857059 0.0133205 0.0102527 0.00691267 0.0205174 0.0055094 0.0193438 0.0161963 0.0140955 0.00804207 0.00744673 0.0180172 0.00614143 0.00597768 0.0134313 0.0105085 0.00992331 0.0136077 0.00883303 0.017546 0.0165775 0.0118198 0.0114878
threshold=392399136.00000006 125764.50000000001 123927.50000000001 310655600.00000006 71.500000000000014 199233408.00000003 70.500000000000014 213034840.00000003 85576.000000000015 97817.000000000015 182102712.00000003 70.500000000000014 162934312.00000003 142053408.00000003 68659.500000000015 71418.500000000015 154583608.00000003 90770.125000000015 85913.500000000015 136405064.00000003 73.500000000000014 92025.125000000015 67.500000000000014 83303.500000000015 75195.000000000015 100280.00000000001 98753.000000000015 97111.500000000015 47261950.000000007 5186817.2500000009
decision_type=2 2 2 2 2 2 2 2 2 2 2 2 2 2 2 2 2 2 2 2 2 2 2 2 2 2 2 2 2 2
left_child=1 2 3 5 -5 10 -7 -8 9 -9 12 -12 13 19 16 17 -15 18 -14 20 22 23 -1 24 -22 26 27 29 -27 -24
right_child=-2 -3 -4 4 -6 6 7 8 -10 -11 11 -13 15 14 -16 -17 -18 -19 -20 -21 21 -23 25 -25 -26 28 -28 -29 -30 -31
leaf_value=-0.00018683694728133967 0.00048487079710706469 -0.00092295936461036599 0.0011519464019399423 0.00029547277070512929 -0.0015044169816353201 0.0011130983678403457 0.0014091267910165094 -0.0005083991576167238 -0.0020908601315958158 0.0022127655381336811 -0.0033593473063471416 0.00035680063197222086 -0.00071745335788852204 -0.0015210140359533185 -0.0036870909206893135 0.0026304482362320414 0.0004155836338680741 -0.0015893014103528999 0.002688614218030125 0.0013735891383310612 -4.0008039669854519e-05 -0.0010936428149234034 0.00098840447930537124 0.0018340047537262932 -0.0021373587929701897 -0.00042809661710634827 -0.0026876394592580343 0.0030828244754229676 0.001996276803891037 8.9459590899003175e-05
leaf_weight=894 136 65 26 27 41 95 30 45 35 20 24 39 41 51 23 28 37 21 25 33 929 143 159 27 32 30 21 20 61 1342
leaf_count=894 136 65 26 27 41 95 30 45 35 20 24 39 41 51 23 28 37 21 25 33 929 143 159 27 32 30 21 20 61 1342
internal_value=-3.5733e-14 -1.51105e-05 -1.38406e-06 -8.40175e-06 -0.000789755 4.23369e-06 0.000427624 -7.32996e-05 -0.000518028 0.000328882 -1.97017e-05 -0.00105887 -2.98791e-06 -2.3614e-05 -0.00132431 0.00067893 -0.000706763 5.08556e-05 0.000572724 1.55019e-05 3.25018e-06 -0.00018783 8.87712e-05 -5.67255e-05 -0.000109847 0.000239655 0.000183156 0.000222793 0.00119703 0.000184684
internal_weight=4500 4364 4299 4273 68 4205 225 130 100 65 3980 63 3917 3802 111 115 88 87 66 3691 3658 1131 2527 988 961 1633 1542 1521 91 1501
internal_count=4500 4364 4299 4273 68 4205 225 130 100 65 3980 63 3917 3802 111 115 88 87 66 3691 3658 1131 2527 988 961 1633 1542 1521 91 1501
is_linear=0
shrinkage=0.1


Tree=49
num_leaves=31
num_cat=0
split_feature=3 1 1 8 8 3 9 9 7 9 8 10 3 9 4 8 9 5 9 10 3 5 7 10 10 7 4 7 3 1
split_gain=0.00298403 0.005655 0.0056921 0.0109312 0.0150959 0.0109231 0.0193488 0.0210597 0.0112096 0.0110135 0.0100903 0.00785289 0.0120686 0.00871896 0.015829 0.00741093 0.0153601 0.0146068 0.0120332 0.0115348 0.0110135 0.010481 0.0142121 0.0131101 0.0235319 0.0183819 0.0103512 0.016181 0.0102039 0.00872961
threshold=33210.500000000007 52.500000000000007 61.500000000000007 41451.750000000007 46406.375000000007 60125.000000000007 62948.500000000007 68980.000000000015 18803392.000000004 81626.000000000015 35429.375000000007 39043.000000000007 39505.000000000007 35794.000000000007 28792.500000000004 40592.875000000007 44706.750000000007 49311.000000000007 40234.250000000007 50403.625000000007 49560.500000000007 53167.000000000007 6271720.5000000009 54099.125000000007 54813.625000000007 17527795.000000004 48240.500000000007 11356806.500000002 43151.000000000007 67.500000000000014
decision_type=2 2 2 2 2 2 2 2 2 2 2 2 2 2 2 2 2 2 2 2 2 2 2 2 2 2 2 2 2 2
left_child=-1 -2 3 10 -5 -6 -7 -8 -9 -10 -3 13 -13 14 -4 18 28 -18 29 20 -19 22 -21 26 25 -25 27 -23 -17 -14
right_child=1 2 11 4 5 6 7 8 9 -11 -12 12 15 -15 -16 16 17 19 -20 21 -22 23 -24 24 -26 -27 -28 -29 -30 -31
leaf_value=0.00051929563439140727 -0.0016904542018892244 0.00013092600175613453 -0.002041515063215879 -0.002281664935467036 0.0026458178507164122 -0.0027219136635540054 0.0034225832480429251 0.0017647678925034899 -0.0022361440360327833 0.00049993156280834226 0.0029504818220933279 0.0015977589067401627 -0.0011014627317698408 -0.0028358889266382904 0.0013850434611623105 -0.00034995118520506053 -0.0022247376603384814 0.0024639638173135207 -0.0011680318529386938 0.000644080988353207 -0.00041767786301317674 -0.0012653867923654617 -0.0026646474848830088 -0.0045806522667407997 -1.4277542857887375e-05 -0.00047576744497443245 0.0031343977246433494 0.0016126602118934638 0.0021722929892657359 0.0010547444327242198
leaf_weight=108 20 22 28 23 20 20 22 24 28 31 30 46 28 20 26 23 30 36 138 21 21 30 34 20 3441 24 20 56 53 57
leaf_count=108 20 22 28 23 20 20 22 24 28 31 30 46 28 20 26 23 30 36 138 21 21 30 34 20 3441 24 20 56 53 57
internal_value=-1.97364e-12 -1.27696e-05 -5.09489e-06 0.000490599 9.84339e-05 0.000475967 0.000128791 0.000671782 -5.73461e-05 -0.000798545 0.00175759 -3.136e-05 -1.28341e-05 -0.00105228 -0.000391691 -3.12089e-05 1.59478e-06 -2.70582e-05 -0.00059152 -9.25358e-06 0.00140231 -3.13213e-05 -0.00140131 -1.03384e-05 -4.36615e-05 -0.00234162 0.00108524 0.00060869 0.00140898 0.000344464
internal_weight=4500 4392 4372 220 168 145 125 105 83 59 52 4152 4078 74 54 4032 3809 3733 223 3703 57 3646 55 3591 3485 44 106 86 76 85
internal_count=4500 4392 4372 220 168 145 125 105 83 59 52 4152 4078 74 54 4032 3809 3733 223 3703 57 3646 55 3591 3485 44 106 86 76 85
is_linear=0
shrinkage=0.1


Tree=50
num_leaves=31
num_cat=0
split_feature=1 3 3 10 7 10 7 3 5 9 5 6 5 9 9 8 8 7 6 9 6 3 4 4 5 1 1 4 6 8
split_gain=0.00285541 0.0071091 0.0167642 0.0146485 0.0156399 0.0110227 0.0154746 0.0110183 0.0105942 0.0037527 0.0038834 0.00551009 0.0102215 0.00625009 0.00590863 0.010492 0.00596881 0.00517752 0.00470885 0.0151307 0.00785141 0.0151839 0.00711947 0.00871593 0.020083 0.00679903 0.0168675 0.00674427 0.0107279 0.00502994
threshold=76.500000000000014 67420.500000000015 75714.500000000015 64166.375000000007 10240661.500000002 87413.000000000015 58278066.000000007 53985.500000000007 98485.500000000015 117377.25000000001 128630.50000000001 104106.75000000001 121147.00000000001 103601.00000000001 94733.250000000015 85447.125000000015 89317.750000000015 174359536.00000003 90094.335937500015 89226.500000000015 88999.000000000015 98135.500000000015 81750.500000000015 78256.000000000015 90878.000000000015 70.500000000000014 66.500000000000014 76052.000000000015 84622.250000000015 87259.875000000015
decision_type=2 2 2 2 2 2 2 2 2 2 2 2 2 2 2 2 2 2 2 2 2 2 2 2 2 2 2 2 2 2
left_child=9 3 -3 4 -2 6 -4 -6 -7 10 11 12 13 14 18 -16 -17 -13 20 -20 22 -22 23 27 -25 26 -21 -1 -29 -27
right_child=1 2 5 -5 7 8 -8 -9 -10 -11 -12 17 -14 -15 15 16 -18 -19 19 25 21 -23 -24 24 -26 29 -28 28 -30 -31
leaf_value=4.2153397510695714e-05 0.0016468456319541605 -0.0027303258041766558 0.0024091917152206104 0.0026349366885948591 -0.0031279868190176789 -0.0024672991848395517 -0.0008595759414934687 -0.00016997612735448296 -0.0001156426570817547 -0.00075181956128818133 0.00096643145132640552 -0.00031660959697686711 0.0018190923106885749 0.0014626700982140999 -0.0022579482453875246 0.0011695144447283104 -0.00050555275371059398 -0.0020914224061098965 0.00255768756586833 -0.00074718471441883596 0.00042671539021008043 -0.0033407351444475356 -0.0015840367129486468 -0.00047480359583372067 0.0032556862018450548 -0.0015541158006365959 0.0031849696417339149 0.00011213195892716094 -0.0029202499671373517 0.0001667194943321392
leaf_weight=3473 28 33 30 22 20 30 28 34 53 62 44 65 32 30 30 26 117 22 31 24 23 20 27 31 27 29 20 28 20 41
leaf_count=3473 28 33 30 22 20 30 28 34 53 62 44 65 32 30 30 26 117 22 31 24 23 20 27 31 27 29 20 28 20 41
internal_value=1.56191e-13 -0.000310431 -0.000701386 0.000343667 -0.000271064 -0.000226528 0.000831166 -0.00126554 -0.000965639 2.04405e-05 3.19501e-05 2.19606e-05 3.89627e-05 2.47109e-05 1.38365e-05 -0.000557692 -0.000200995 -0.000765413 3.98973e-05 0.000598768 1.76895e-05 -0.00132559 3.37075e-05 4.59117e-05 0.0012618 6.60798e-05 0.00104016 2.58828e-05 -0.00115136 -0.000546198
internal_weight=4500 278 174 104 82 141 58 54 83 4222 4160 4116 4029 3997 3967 173 143 87 3794 145 3649 43 3606 3579 58 114 44 3521 48 70
internal_count=4500 278 174 104 82 141 58 54 83 4222 4160 4116 4029 3997 3967 173 143 87 3794 145 3649 43 3606 3579 58 114 44 3521 48 70
is_linear=0
shrinkage=0.1


Tree=51
num_leaves=31
num_cat=0
split_feature=9 6 6 1 6 5 3 1 7 5 10 5 6 5 8 9 5 6 1 10 8 3 8 3 4 3 1 8 10 6
split_gain=0.00259748 0.00968791 0.0338851 0.0133526 0.0110301 0.00742009 0.00707295 0.0198216 0.0147745 0.0195099 0.0142548 0.0250467 0.0138722 0.0208818 0.0169976 0.0132664 0.00944917 0.0167935 0.0113527 0.0111043 0.0117322 0.00966393 0.02592 0.0118854 0.00947161 0.016527 0.0167467 0.0164269 0.0150507 0.0088725
threshold=54971.750000000007 56470.582031250007 55920.666015625007 71.500000000000014 56936.333984375007 59889.000000000007 62586.000000000007 71.500000000000014 20112381.000000004 63712.500000000007 62838.500000000007 64503.000000000007 62288.416015625007 65274.000000000007 58216.250000000007 58736.250000000007 66448.000000000015 59631.416015625007 72.500000000000014 66158.000000000015 57822.875000000007 66645.500000000015 64116.375000000007 65487.500000000007 45926.500000000007 68179.000000000015 69.500000000000014 62893.750000000007 74450.625000000015 68458.000000000015
decision_type=2 2 2 2 2 2 2 2 2 2 2 2 2 2 2 2 2 2 2 2 2 2 2 2 2 2 2 2 2 2
left_child=-1 2 3 5 -3 -2 7 8 9 -6 -8 -12 13 14 15 -9 17 -13 -19 20 -18 22 -21 -24 28 26 -26 -28 -23 -30
right_child=1 4 -4 -5 6 -7 10 12 -10 -11 11 16 -14 -15 -16 -17 19 18 -20 21 -22 24 23 -25 25 -27 27 -29 29 -31
leaf_value=0.00012549087973657798 -0.00036739618497386834 0.0019320613182760007 -0.0040409887341040845 -0.0013123778081745305 0.0018610423053196897 0.001768974548306417 -0.0026065380566499454 -0.00084184502672043535 0.0029219814798456026 -0.0018632923713250257 0.0031000671186484398 0.00081734286062419429 -0.0020530114066787063 0.0026640841927103426 -0.0027736366241394236 0.00246159203350544 -0.00032213828859052493 -0.0039571195437810795 -0.00069946977077051998 -0.0035377495055054797 0.0023755400913375384 -0.0022403898988850412 0.0018134133504645435 -0.0014873338758479805 0.0036643949747182584 -5.1761379660707489e-05 0.0023495736077893525 -0.0017034371773479507 0.00094233322491097012 -0.0016267667047350186
leaf_weight=1207 29 29 27 52 39 37 22 31 44 22 25 25 34 27 24 20 28 23 20 29 38 50 24 20 24 2449 20 20 41 20
leaf_count=1207 29 29 27 52 39 37 22 31 44 22 25 25 34 27 24 20 28 23 20 29 38 50 24 20 24 2449 20 20 41 20
internal_value=-9.49613e-14 -4.59968e-05 -0.000845192 -0.00011395 -9.18511e-06 0.000830266 -2.72345e-05 0.000493156 0.00152529 0.00051784 -7.08114e-05 -5.12785e-05 -0.000303711 0.000279389 -0.000579102 0.00045362 -7.91074e-05 -0.00124367 -0.00244193 -5.04464e-05 0.00123107 -8.18072e-05 -0.00121671 0.000313074 -5.02342e-05 -1.03046e-05 0.00157607 0.000323068 -0.000954227 0.000100005
internal_weight=4500 3293 145 118 3148 66 3119 241 105 61 2878 2856 136 102 75 51 2831 68 43 2763 66 2697 73 44 2624 2513 64 40 111 61
internal_count=4500 3293 145 118 3148 66 3119 241 105 61 2878 2856 136 102 75 51 2831 68 43 2763 66 2697 73 44 2624 2513 64 40 111 61
is_linear=0
shrinkage=0.1


Tree=52
num_leaves=31
num_cat=0
split_feature=7 3 8 10 5 3 3 5 7 3 7 9 7 7 1 9 7 7 3 7 1 9 5 3 3 10 5 10 9 4
split_gain=0.00258869 0.00557446 0.00500781 0.00829129 0.00810273 0.00427349 0.00312759 0.00249103 0.00313226 0.00652691 0.00409285 0.00372711 0.00370935 0.00541091 0.0135831 0.014268 0.00742414 0.00864109 0.0073193 0.00540324 0.0169063 0.00507446 0.00975975 0.00434782 0.0070561 0.00664587 0.0239017 0.0156586 0.013836 0.00914516
threshold=370877168.00000006 125764.50000000001 100040.00000000001 126188.62500000001 123927.50000000001 116437.00000000001 107621.50000000001 123927.50000000001 310655600.00000006 100280.00000000001 273975328.00000006 80628.500000000015 260751416.00000003 223422432.00000003 68.500000000000014 81626.000000000015 213034840.00000003 199233408.00000003 98967.000000000015 182102712.00000003 70.500000000000014 110395.00000000001 115655.00000000001 111874.50000000001 106653.50000000001 92025.125000000015 94193.500000000015 92929.875000000015 83844.750000000015 70067.000000000015
decision_type=2 2 2 2 2 2 2 2 2 2 2 2 2 2 2 2 2 2 2 2 2 2 2 2 2 2 2 2 2 2
left_child=1 7 3 4 5 6 -2 8 10 -10 12 -12 13 16 -15 -16 17 19 -19 21 -21 22 23 24 25 26 -1 -27 -29 -30
right_child=2 -3 -4 -5 -6 -7 -8 -9 9 -11 11 -13 -14 14 15 -17 -18 18 -20 20 -22 -23 -24 -25 -26 27 -28 28 29 -31
leaf_value=-5.0093775681295594e-06 -1.874953233756316e-05 -0.00094804497627866641 0.001879610694013536 -0.0015442770571731355 0.0023103350440838509 -0.0010138112712108219 0.0013971828971989454 0.00099479041621088993 0.00025766525113481452 -0.001947198103007395 0.0017659521875903013 -6.5549909486435347e-05 -0.0011339001530171213 0.0030746493046171965 0.0013206134552919222 -0.0020137404315478525 -0.0016087128100354738 0.00014633202226832509 0.0026181790410824447 -0.0030260130569028359 0.00034729926324545004 -0.0015187258324162527 0.0015990694647801942 -0.0013531738581756751 0.0010065669094568449 -0.0022910559276351707 0.0025506083010318312 0.0017798631262849085 -0.0020638661288345855 -0.00022413672971678726
leaf_weight=3354 39 63 20 23 21 24 26 25 29 25 25 20 29 20 33 21 29 25 23 24 39 22 38 24 68 40 37 32 30 272
leaf_count=3354 39 63 20 23 21 24 26 25 29 25 25 20 29 20 33 21 29 25 23 24 39 22 38 24 68 40 37 32 30 272
internal_value=-6.35191e-13 -1.42293e-05 0.000404281 0.000182426 0.000543464 0.000126562 0.000547623 -4.96755e-07 -6.33901e-06 -0.000763105 3.37926e-06 0.000951951 -6.88173e-06 1.03004e-06 0.000848442 2.39203e-05 -1.44268e-05 -2.94859e-06 0.00133076 -1.90335e-05 -0.000937772 -4.25675e-06 4.29738e-06 -1.14147e-05 -3.01335e-06 -2.12475e-05 2.28756e-05 -0.000421304 -0.000197382 -0.000406891
internal_weight=4500 4347 153 133 110 89 65 4284 4259 54 4205 45 4160 4131 74 54 4057 4028 48 3980 63 3917 3895 3857 3833 3765 3391 374 334 302
internal_count=4500 4347 153 133 110 89 65 4284 4259 54 4205 45 4160 4131 74 54 4057 4028 48 3980 63 3917 3895 3857 3833 3765 3391 374 334 302
is_linear=0
shrinkage=0.1


Tree=53
num_leaves=31
num_cat=0
split_feature=3 8 4 4 9 1 3 3 1 10 3 5 3 5 9 7 9 3 9 6 6 5 5 1 7 7 9 1 6 9
split_gain=0.00236674 0.0056557 0.011717 0.00880085 0.00830752 0.00500301 0.00535938 0.00800082 0.00730562 0.010257 0.00707036 0.00974139 0.0140632 0.00955199 0.0108353 0.00631125 0.00839711 0.0108673 0.00522463 0.0160519 0.0218531 0.0195429 0.0224614 0.0160684 0.0127772 0.0182793 0.00994585 0.00917135 0.00927701 0.00913618
threshold=26665.000000000004 29202.500000000004 26721.500000000004 28792.500000000004 34352.250000000007 53.500000000000007 42473.000000000007 43590.000000000007 62.500000000000007 39043.000000000007 44637.500000000007 46305.500000000007 46484.000000000007 49656.000000000007 44364.250000000007 21957249.000000004 41707.500000000007 39505.000000000007 54971.750000000007 56470.582031250007 55920.666015625007 58421.500000000007 59889.000000000007 70.500000000000014 2744852.0000000005 5186817.2500000009 54468.500000000007 62.500000000000007 55365.917968750007 57169.750000000007
decision_type=2 2 2 2 2 2 2 2 2 2 2 2 2 2 2 2 2 2 2 2 2 2 2 2 2 2 2 2 2 2
left_child=-1 -2 -3 -4 -5 -6 8 -8 -7 -10 -9 -12 -13 14 -14 16 17 -11 24 20 21 -20 -23 -24 -15 -26 27 -27 -29 -21
right_child=1 2 3 4 5 6 7 10 9 15 11 12 13 18 -16 -17 -18 -19 19 29 -22 22 23 -25 25 26 -28 28 -30 -31
leaf_value=0.00080756897546557923 -0.00088562850651214837 0.0016315624358288585 -0.0013843903139826106 0.0014981467471885924 -0.0015846645028796049 0.0021798542780743445 -0.0015963674736667599 0.0014716360979946331 -0.0011042719976486345 0.0021808061239426027 -0.0021191948495635935 0.0023089834309827826 7.7412500312285765e-06 -0.0021139650351621889 -0.0025382001767866313 -0.00056224533576217561 0.003050171993672848 -0.00074373786984425453 0.0017649575402694092 0.001144922417744911 -0.0037356783206073138 -0.003783340262598358 0.0019168746705293994 -0.0016412108189736805 0.0024344741426503814 0.0014675088736435607 0.0018857212123376402 -0.00015079063497325525 0.0013840292114764452 -3.5525095974567021e-05
leaf_weight=36 72 44 46 37 20 24 32 32 38 24 22 26 35 22 32 24 20 27 28 67 26 25 22 30 39 45 33 468 43 3061
leaf_count=36 72 44 46 37 20 24 32 32 38 24 22 26 35 22 32 24 20 27 28 67 26 25 22 30 39 45 33 468 43 3061
internal_value=-1.93753e-12 -6.51265e-06 7.89908e-06 -8.53174e-06 6.17991e-06 -6.7633e-06 6.70867e-07 -2.13489e-05 0.000574026 0.000284253 -8.92272e-06 -2.06965e-05 -9.16058e-06 -2.43195e-05 -0.00120823 0.000839663 0.00131355 0.000632518 -4.0273e-06 -5.56582e-05 -0.00114013 -0.000497426 -0.00132011 -0.000135867 0.000254842 0.000337826 0.000198998 9.88869e-05 -2.16375e-05 -1.02406e-05
internal_weight=4500 4464 4392 4348 4302 4265 4245 4088 157 133 4056 4024 4002 3976 67 95 71 51 3909 3259 131 105 77 52 650 628 589 556 511 3128
internal_count=4500 4464 4392 4348 4302 4265 4245 4088 157 133 4056 4024 4002 3976 67 95 71 51 3909 3259 131 105 77 52 650 628 589 556 511 3128
is_linear=0
shrinkage=0.1


Tree=54
num_leaves=31
num_cat=0
split_feature=1 7 1 7 7 8 3 5 10 10 7 7 8 9 4 8 7 9 10 1 7 8 3 6 4 4 8 4 9 9
split_gain=0.00239913 0.00863997 0.00808936 0.0116047 0.00941624 0.0191878 0.00719963 0.00582644 0.020014 0.0147257 0.0106734 0.0129089 0.00743773 0.00910831 0.0133064 0.00778534 0.00683793 0.0122311 0.0138506 0.00944844 0.0189181 0.00828123 0.00573422 0.0161286 0.0127222 0.0114995 0.0166939 0.0136711 0.0220185 0.0163084
threshold=67.500000000000014 1433297.8750000002 69.500000000000014 4712620.0000000009 9307766.5000000019 51488.500000000007 49767.000000000007 66808.500000000015 62607.875000000007 67533.750000000015 16462329.000000002 24424575.000000004 49009.125000000007 47230.500000000007 29988.500000000004 53152.875000000007 93962792.000000015 80397.000000000015 75703.500000000015 68.500000000000014 213034840.00000003 69183.750000000015 59750.000000000007 58418.250000000007 53646.000000000007 49092.000000000007 52621.000000000007 47871.000000000007 54076.750000000007 50352.000000000007
decision_type=2 2 2 2 2 2 2 2 2 2 2 2 2 2 2 2 2 2 2 2 2 2 2 2 2 2 2 2 2 2
left_child=1 -1 3 6 5 -5 -2 8 12 -9 -11 -12 13 14 -6 -14 17 18 -13 20 -18 -21 23 24 25 26 27 28 29 -4
right_child=2 -3 22 4 7 -7 -8 9 -10 10 11 16 15 -15 -16 -17 19 -19 -20 21 -22 -23 -24 -25 -26 -27 -28 -29 -30 -31
leaf_value=-0.0018644453645850134 0.0002949685999192298 -8.4293477299623979e-05 0.00036324066984999765 0.0011487035971620809 -0.0013452732681550764 -0.0026903672547390067 0.0026994476680446307 0.0031814533973201402 -0.0029195874770679936 0.0025631740175991913 -0.001648562210011146 0.0016661138629148666 0.0025535669066011906 -0.0016940819866639294 0.0018704277162830676 -2.5760477662763812e-05 -0.0022783135693508053 0.0025228929586517505 -0.0010710858456958604 0.0022370892249185732 0.0010505054919649997 -4.1181519806671608e-05 -0.00010642819861239424 0.0018220254163867956 -0.0022841639054769821 0.0013778246100654529 -0.0026920435167002411 -0.0023133900672705336 0.0030656711431220176 -0.0011833614658306553
leaf_weight=28 20 1038 362 23 22 30 33 21 22 22 31 38 25 28 31 22 38 39 36 27 31 39 2191 58 22 69 22 22 26 84
leaf_count=28 20 1038 362 23 22 30 33 21 22 22 31 38 25 28 31 22 38 39 36 27 31 39 2191 58 22 69 22 22 26 84
internal_value=1.3218e-13 -0.000131052 4.06817e-05 0.000381853 0.000239485 -0.00102436 0.0017921 0.000381399 -0.00013337 0.000621199 0.000442577 0.000275361 0.000345511 -0.000235149 0.000535608 0.00134622 0.000515851 0.00108979 0.000334503 3.54451e-05 -0.000782757 0.000890838 -2.83648e-05 0.000228834 7.66013e-05 0.000165382 3.25324e-06 0.000123287 0.000236861 7.19524e-05
internal_weight=4500 1066 3434 578 525 53 53 472 150 322 301 279 128 81 53 47 248 113 74 135 69 66 2856 665 607 585 516 494 472 446
internal_count=4500 1066 3434 578 525 53 53 472 150 322 301 279 128 81 53 47 248 113 74 135 69 66 2856 665 607 585 516 494 472 446
is_linear=0
shrinkage=0.1


Tree=55
num_leaves=31
num_cat=0
split_feature=3 4 5 4 4 8 7 9 10 3 10 10 7 8 7 4 3 3 9 7 10 10 5 5 3 1 7 7 7 7
split_gain=0.00214419 0.00537836 0.00454803 0.00466984 0.00950993 0.00716049 0.00381038 0.00357382 0.00604724 0.00781839 0.0046935 0.00357816 0.0200575 0.00658094 0.0044281 0.0120673 0.0391854 0.0194657 0.010322 0.00899827 0.0156003 0.0359966 0.0179468 0.0153854 0.00999701 0.00488964 0.00800932 0.0127691 0.0127829 0.00973244
threshold=33210.500000000007 22953.000000000004 36175.500000000007 26721.500000000004 28792.500000000004 33071.500000000007 9905199.0000000019 35137.750000000007 39043.000000000007 38330.000000000007 40719.875000000007 44170.500000000007 5531487.2500000009 37405.375000000007 3466173.1250000005 60504.500000000007 68179.000000000015 57535.000000000007 48818.500000000007 5186817.2500000009 71757.250000000015 64166.375000000007 60602.000000000007 46797.500000000007 52183.500000000007 76.500000000000014 16628965.500000002 56336952.000000007 109645528.00000001 44614082.000000007
decision_type=2 2 2 2 2 2 2 2 2 2 2 2 2 2 2 2 2 2 2 2 2 2 2 2 2 2 2 2 2 2
left_child=1 6 -2 5 -5 -4 -1 -6 -9 -10 -11 12 -12 -14 15 17 -17 18 -13 20 21 22 24 -21 -16 -25 -27 29 -29 -28
right_child=2 -3 3 4 7 -7 -8 8 9 10 11 14 13 -15 19 16 -18 -19 -20 23 -22 -23 -24 25 -26 26 27 28 -30 -31
leaf_value=0.00046372908717868004 -0.0014133402389352736 0.0010031388476349865 -0.00028905729395187191 -0.0016126341271415557 0.0012406684923917056 0.0017843127373554227 -0.0014434110140427948 -0.0013375214360969361 0.0018012416304069728 0.0014824090608661728 0.0018520402186550202 -0.0020757579693087827 -0.0008275255980982406 -0.0033077971264719968 0.0015197487210790658 0.0038862272520023195 -0.0010162754063328197 -0.0040336785186082125 0.00037762925321077731 0.0025131836630559218 0.0028378902321370939 -0.0030405894536525012 0.0037438744594427672 3.6063837168196629e-06 -0.0013451644906862861 -0.0015073116864576671 0.00017800787973101253 -0.0021300860994454963 4.8328395557221555e-05 0.0027052427745366003
leaf_weight=22 23 66 31 37 23 36 20 34 24 21 20 27 23 20 29 23 56 20 47 24 30 25 22 3525 21 56 64 46 65 20
leaf_count=22 23 66 31 37 23 36 20 34 24 21 20 27 23 20 29 23 56 20 47 24 30 25 22 3525 21 56 64 46 65 20
internal_value=-3.22982e-13 0.000440194 -1.08245e-05 -3.4411e-06 -1.63432e-05 0.000824992 -0.000444433 -2.495e-06 -9.2354e-06 1.49695e-06 -8.82663e-06 -1.63491e-05 -0.000764258 -0.00198114 -4.85683e-06 -0.000499992 0.000411035 -0.00126564 -0.000517526 1.69559e-05 0.000844972 0.000228606 0.00136374 -1.07173e-05 0.000316485 -2.67591e-05 -0.000453206 -0.000150488 -0.000854438 0.00077973
internal_weight=4500 108 4392 4369 4302 67 42 4265 4242 4208 4184 4163 63 43 4100 173 79 94 74 3927 127 97 72 3800 50 3776 251 195 111 84
internal_count=4500 108 4392 4369 4302 67 42 4265 4242 4208 4184 4163 63 43 4100 173 79 94 74 3927 127 97 72 3800 50 3776 251 195 111 84
is_linear=0
shrinkage=0.1


Tree=56
num_leaves=31
num_cat=0
split_feature=4 9 5 7 6 9 5 9 9 8 6 5 5 3 6 8 10 8 6 4 4 9 4 8 10 9 8 9 6 1
split_gain=0.00210579 0.00309529 0.00586754 0.00739826 0.00291237 0.00563476 0.00535896 0.00560341 0.00678683 0.00519334 0.00566653 0.00500431 0.0173512 0.00564532 0.00726741 0.0100192 0.0184751 0.016172 0.00909486 0.00444682 0.00687705 0.0119831 0.00764052 0.0043536 0.00375698 0.00516074 0.011516 0.00776133 0.00867846 0.0112502
threshold=98622.500000000015 117377.25000000001 128630.50000000001 413810864.00000006 104106.75000000001 101588.50000000001 121147.00000000001 94733.250000000015 98600.250000000015 84929.000000000015 95222.167968750015 117520.50000000001 114122.00000000001 111211.00000000001 91756.335937500015 85816.250000000015 91445.375000000015 84929.000000000015 92978.664062500015 81750.500000000015 79566.500000000015 85849.000000000015 78530.000000000015 95025.625000000015 103076.12500000001 85011.750000000015 80704.750000000015 89226.500000000015 86580.750000000015 70.500000000000014
decision_type=2 2 2 2 2 2 2 2 2 2 2 2 2 2 2 2 2 2 2 2 2 2 2 2 2 2 2 2 2 2
left_child=1 2 4 -4 5 6 7 11 9 -9 -11 12 13 14 15 17 -17 19 -16 20 22 -22 24 -7 25 26 -1 28 29 -27
right_child=-2 -3 3 -5 -6 23 -8 8 -10 10 -12 -13 -14 -15 18 16 -18 -19 -20 -21 21 -23 -24 -25 -26 27 -28 -29 -30 -31
leaf_value=1.3292537693240588e-05 -0.00049902929599026605 -0.0010386929897192333 0.0025195674039423469 -0.0001348549189666907 -0.00068717953671390813 0.0017739475790222059 0.0014051628074850198 -0.0024559329666258042 0.00014241083950360513 0.00037344689305557821 -0.0014813836407847703 -0.0015628804615698756 0.0028235388587662868 -0.0014612713499585742 0.0022153192838287039 0.00097310853064603491 -0.0025203257693380983 0.0028577283257618549 -0.0003431059817861145 -0.0013795638534129073 -0.00036516788282564712 0.0030550281563773755 -0.0019482806324958803 4.9725606071728254e-05 0.0012586273835040629 0.00082953361408343832 0.0020864230856575349 0.0005210774062125355 -0.002413127817694218 -0.0014531436449615285
leaf_weight=3525 83 28 21 21 60 32 27 23 72 28 40 20 22 26 33 24 41 20 24 23 21 20 20 27 24 38 27 49 31 50
leaf_count=3525 83 28 21 21 60 32 27 23 72 28 40 20 22 26 33 24 41 20 24 23 21 20 20 27 24 38 27 49 31 50
internal_value=2.19896e-12 9.37728e-06 1.60635e-05 0.00119236 4.69839e-06 1.43818e-05 8.38633e-07 -8.18702e-06 -0.000583017 -0.00115698 -0.00071763 1.50169e-05 2.2871e-05 7.4519e-06 1.70707e-05 7.41087e-07 -0.00123044 2.15381e-05 0.00113809 6.71997e-06 1.50996e-05 0.00130322 1.06854e-06 0.000984897 1.14817e-05 3.43563e-06 2.90511e-05 -0.000538149 -0.000974301 -0.000467442
internal_weight=4500 4417 4389 42 4347 4287 4228 4201 163 91 68 4038 4018 3996 3970 3913 65 3848 57 3828 3805 41 3764 59 3744 3720 3552 168 119 88
internal_count=4500 4417 4389 42 4347 4287 4228 4201 163 91 68 4038 4018 3996 3970 3913 65 3848 57 3828 3805 41 3764 59 3744 3720 3552 168 119 88
is_linear=0
shrinkage=0.1


Tree=57
num_leaves=31
num_cat=0
split_feature=1 7 1 7 5 4 10 5 9 9 8 1 8 4 8 8 8 8 4 3 7 4 5 7 7 4 4 6 7 9
split_gain=0.00218198 0.00660696 0.00629176 0.00950381 0.00855704 0.0330929 0.015043 0.0149941 0.0097477 0.0186957 0.011368 0.00963435 0.0188481 0.0211959 0.01383 0.012772 0.00844651 0.0111343 0.00610791 0.00564559 0.00561248 0.00877038 0.0256001 0.0160373 0.0167535 0.019506 0.0211133 0.0149359 0.0149027 0.0267958
threshold=67.500000000000014 1433297.8750000002 69.500000000000014 4712620.0000000009 71023.500000000015 53841.500000000007 75129.250000000015 73810.500000000015 58435.000000000007 54076.750000000007 49009.125000000007 68.500000000000014 73230.875000000015 60298.500000000007 88631.250000000015 79799.250000000015 69183.750000000015 74144.500000000015 76556.000000000015 49767.000000000007 160902248.00000003 51072.500000000007 65121.000000000007 43090314.000000007 55442506.000000007 64951.500000000007 60298.500000000007 84052.582031250015 12939016.500000002 80121.000000000015
decision_type=2 2 2 2 2 2 2 2 2 2 2 2 2 2 2 2 2 2 2 2 2 2 2 2 2 2 2 2 2 2
left_child=1 -1 3 19 5 8 7 -6 9 10 -5 12 13 -8 15 -14 -13 -18 -19 -2 21 -3 -23 28 -25 26 -26 -27 -24 -30
right_child=2 20 -4 4 6 -7 11 -9 -10 -11 -12 16 14 -15 -16 -17 17 18 -20 -21 -22 22 23 24 25 27 -28 -29 29 -31
leaf_value=-0.0016407802360065814 0.00029016461223363877 0.00013220409919503727 -2.2096555325083945e-05 6.0094539472141984e-05 0.00038889303250471134 -0.0031304507160230598 3.6911486226710539e-05 0.003450152229925152 0.0019111637522776924 -0.0019899959853654238 0.0024515729211270812 0.0021028692179243082 4.4416708486347365e-05 -0.0045118526380974805 -0.0014484407022828237 0.0032396575766886768 -0.0014474845567467409 0.0023088283414203349 0.00021103705944759506 0.0024193849725027881 0.00050973652132729448 -0.0030876734530154086 -0.00079989518939207007 -0.0027765932863052841 -0.00084691020957608195 -0.0038412954774685207 0.0026833442758288587 -0.00073765729447705262 7.7252770387666659e-06 0.0030213961932066356
leaf_weight=28 20 457 2856 97 32 34 21 32 30 38 25 36 29 20 25 22 26 23 35 33 138 35 75 39 36 20 32 69 94 43
leaf_count=28 20 457 2856 97 32 34 21 32 30 38 25 36 29 20 25 22 26 23 35 33 138 35 75 39 36 20 32 69 94 43
internal_value=-3.3429e-13 -0.00012498 3.87969e-05 0.000339682 0.000210844 -0.000257151 0.00055912 0.00191952 0.000257019 -5.31335e-05 0.000550152 0.000191754 -0.000453952 -0.002182 0.000478283 0.00142276 0.000821317 0.00027208 0.00104292 0.00161591 -8.40913e-05 -0.000175145 -0.000492207 -0.000269557 -0.000921598 -0.000460803 0.000814386 -0.0014351 0.000333274 0.000953622
internal_weight=4500 1066 3434 578 525 224 301 64 190 160 122 237 117 41 76 51 120 84 58 53 1038 900 443 408 196 157 68 89 212 137
internal_count=4500 1066 3434 578 525 224 301 64 190 160 122 237 117 41 76 51 120 84 58 53 1038 900 443 408 196 157 68 89 212 137
is_linear=0
shrinkage=0.1


Tree=58
num_leaves=31
num_cat=0
split_feature=3 6 3 1 1 8 8 7 7 9 4 9 1 5 6 8 7 9 6 6 10 10 8 3 8 10 6 7 4 7
split_gain=0.00186895 0.00449326 0.00299445 0.00363538 0.00511876 0.00989187 0.0132347 0.00990116 0.0125205 0.0068964 0.0204825 0.0148058 0.00511929 0.0110314 0.02212 0.0211956 0.0193429 0.0184604 0.0164083 0.0109026 0.0184019 0.0151564 0.00939562 0.010587 0.00881083 0.00865738 0.0139242 0.0172323 0.011701 0.00930915
threshold=26665.000000000004 28097.250000000004 33210.500000000007 52.500000000000007 61.500000000000007 41451.750000000007 46406.375000000007 69357608.000000015 97455556.000000015 80397.000000000015 63044.500000000007 62312.250000000007 67.500000000000014 56562.500000000007 55733.166015625007 47282.250000000007 25283831.000000004 38569.500000000007 57127.250000000007 58771.583984375007 64166.375000000007 68563.500000000015 44606.375000000007 57535.000000000007 39703.875000000007 71757.250000000015 68458.000000000015 130280256.00000001 54215.000000000007 160902248.00000003
decision_type=2 2 2 2 2 2 2 2 2 2 2 2 2 2 2 2 2 2 2 2 2 2 2 2 2 2 2 2 2 2
left_child=-1 -2 -3 -4 5 -5 -7 9 -9 10 11 -8 13 15 22 16 17 -6 -16 -20 -21 -22 -15 -24 -18 -23 27 -27 -28 -30
right_child=1 2 3 4 12 6 7 8 -10 -11 -12 -13 -14 14 18 -17 24 -19 19 20 21 25 23 -25 -26 26 28 -29 29 -31
leaf_value=0.00071763449555469882 -0.0014650959233265548 0.00073439441578970711 -0.0013532231131102891 0.001705152709619142 -0.0017068857551905616 -0.0021256361216175088 0.0003673976267843197 -0.0025381860095963237 0.0006454618104423087 0.0027126599196344615 -0.0017815662431530654 0.0038799682538956403 2.6024513794828484e-05 -0.00020087574730100839 -0.0030339512064875593 -0.0033352638144166242 -0.00090701587838478966 0.0013345082734304015 0.0018548846254125241 -0.003256282266811468 0.0017825983011642019 -0.00188375526023182 0.00066861655190587042 0.0034344729141242078 -0.0036988251142611264 0.0032914346860100831 -0.0026540788731918754 -0.00049806066478292157 -0.0005751847262504174 0.00071094435273128496
leaf_weight=36 21 55 20 50 29 23 30 21 30 20 24 20 3386 23 21 31 26 64 25 20 37 33 25 31 20 24 22 24 235 74
leaf_count=36 21 55 20 50 29 23 30 21 30 20 24 20 3386 23 21 31 26 64 25 20 37 33 25 31 20 24 22 24 235 74
internal_value=4.31707e-12 -5.78737e-06 1.1101e-06 -8.08102e-06 -1.92194e-06 0.000470398 0.000102912 0.000456406 -0.000665452 0.00106507 0.00061978 0.00177243 -2.6733e-05 -0.000260551 -5.72688e-05 -0.000970843 -0.000443526 0.000386117 -0.000296275 -0.000179896 -0.00028836 -0.000156158 0.00150081 0.00219972 -0.00212085 -0.00033027 -0.000195006 0.00139669 -0.000425826 -0.00026718
internal_weight=4500 4464 4443 4388 4368 218 168 145 51 94 74 50 4150 764 594 170 139 93 515 494 469 449 79 56 46 412 379 48 331 309
internal_count=4500 4464 4443 4388 4368 218 168 145 51 94 74 50 4150 764 594 170 139 93 515 494 469 449 79 56 46 412 379 48 331 309
is_linear=0
shrinkage=0.1


Tree=59
num_leaves=31
num_cat=0
split_feature=4 9 9 3 5 4 4 5 1 1 3 9 8 8 10 6 9 4 8 5 8 8 7 6 3 5 1 5 9 6
split_gain=0.00188719 0.00272602 0.00514621 0.00432436 0.00475488 0.00296305 0.0106945 0.00866834 0.0077087 0.01186 0.00616199 0.00404096 0.00659165 0.0121864 0.00716776 0.0122566 0.00679273 0.00581312 0.00498396 0.0113028 0.0165719 0.00515004 0.0103025 0.00697017 0.00908137 0.00751499 0.00681907 0.00745716 0.00580556 0.0181383
threshold=98622.500000000015 117377.25000000001 110395.00000000001 129711.50000000001 123927.50000000001 87083.500000000015 89659.000000000015 119877.00000000001 72.500000000000014 68.500000000000014 94795.500000000015 101588.50000000001 85816.250000000015 84929.000000000015 91445.375000000015 91330.582031250015 94733.250000000015 85297.500000000015 83112.750000000015 97441.000000000015 83935.625000000015 78854.625000000015 144940616.00000003 86844.582031250015 105836.00000000001 101646.00000000001 68.500000000000014 89487.000000000015 85849.000000000015 87466.417968750015
decision_type=2 2 2 2 2 2 2 2 2 2 2 2 2 2 2 2 2 2 2 2 2 2 2 2 2 2 2 2 2 2
left_child=1 2 3 4 5 7 10 11 9 -8 -7 12 13 16 -14 -16 18 -17 21 20 -20 23 26 24 25 -1 27 -23 -28 -30
right_child=-2 -3 -4 -5 -6 6 8 -9 -10 -11 -12 -13 14 -15 15 17 -18 -19 19 -21 -22 22 -24 -25 -26 -27 28 -29 29 -31
leaf_value=8.2755857718914227e-06 -0.00047241771167301272 -0.00097469130331384298 0.0012786646904714872 -0.001361691556951922 0.0011910618409541819 0.00058695429470390081 -0.0011728090490214528 -0.0017330787257002348 -0.0013449767378695084 0.0020662516624165273 0.0030692890693899246 0.0011040250858059153 0.0010826822465539656 0.0020985356166160533 -0.002588880595430965 -5.7346264568905374e-05 -0.0015471001804274109 -0.0018221767710359848 0.0017312242625683377 0.0021145299740763022 -0.0020684623091559236 -0.00062867905537132172 -0.0023927925042808058 0.0012238920209256322 -0.0020626373622300372 0.0014605063825405928 -7.3875092475870514e-05 0.0019397288945933377 -0.0030506178780844244 0.00086393677396699785
leaf_weight=3499 83 28 32 23 34 20 20 29 33 26 20 33 22 28 32 99 28 23 22 36 24 20 25 48 21 36 81 26 29 20
leaf_count=3499 83 28 32 23 34 20 20 29 33 26 20 33 22 28 32 99 28 23 22 36 24 20 25 48 21 36 81 26 29 20
internal_value=1.15825e-12 8.87722e-06 1.5152e-05 5.87211e-06 1.31296e-05 3.81571e-06 0.000495857 -1.01888e-05 -0.000178707 0.000657964 0.00182812 1.84486e-06 -6.98543e-06 1.97412e-05 -0.000605753 -0.000846958 4.8737e-06 -0.00039006 1.60533e-05 0.000787401 -0.000251221 -5.69664e-07 -0.000493202 2.69051e-05 1.07478e-05 2.30649e-05 -0.000223373 0.00082303 -0.000593639 -0.00145284
internal_weight=4500 4417 4389 4357 4334 4300 119 4181 79 46 40 4152 4119 3943 176 154 3915 122 3887 82 46 3805 201 3604 3556 3535 176 46 130 49
internal_count=4500 4417 4389 4357 4334 4300 119 4181 79 46 40 4152 4119 3943 176 154 3915 122 3887 82 46 3805 201 3604 3556 3535 176 46 130 49
is_linear=0
shrinkage=0.1


Tree=60
num_leaves=31
num_cat=0
split_feature=7 8 10 4 3 7 5 5 4 8 4 4 3 3 9 1 1 9 7 3 8 10 5 1 7 7 7 3 8 5
split_gain=0.00192806 0.00487104 0.00601388 0.00655886 0.0044805 0.00430431 0.00342055 0.0022385 0.00199089 0.00743932 0.00383606 0.00404713 0.00702143 0.0116495 0.00632819 0.00335502 0.00328003 0.0134507 0.00391273 0.00540329 0.00538383 0.00605534 0.0029679 0.00260236 0.0219811 0.0293147 0.0108572 0.00900894 0.00857926 0.0179321
threshold=370877168.00000006 100040.00000000001 126188.62500000001 65181.500000000007 125764.50000000001 556565216.00000012 109649.50000000001 130574.50000000001 21696.000000000004 23092.125000000004 25626.000000000004 28792.500000000004 33210.500000000007 41870.000000000007 34352.250000000007 53.500000000000007 59.500000000000007 68980.000000000015 1009896.2187500001 38330.000000000007 36426.125000000007 37586.625000000007 34794.500000000007 63.500000000000007 6600012.5000000009 35293144.000000007 47767596.000000007 71478.000000000015 46406.375000000007 76122.500000000015
decision_type=2 2 2 2 2 2 2 2 2 2 2 2 2 2 2 2 2 2 2 2 2 2 2 2 2 2 2 2 2 2
left_child=4 2 3 5 8 6 -2 -6 9 -1 22 12 -12 -14 -13 -16 17 -17 -18 20 21 -20 -10 24 -21 28 -27 -28 -26 -30
right_child=1 -3 -4 -5 7 -7 -8 -9 10 -11 11 14 13 -15 15 16 18 -19 19 23 -22 -23 -24 -25 25 26 27 -29 29 -31
leaf_value=0.00053287530618329208 6.0287166026330766e-05 0.0018039444414898753 -0.0013404664482273487 0.0016431433336038027 -0.0016632137991440356 0.000963948029675521 -0.0016171142538951246 -0.00041282319849947607 -1.4959917525234431e-05 -0.0016579146053822291 0.00067517526812203551 0.0013121972313603842 -0.0032863688201177871 -0.00010213556751194927 -0.0012935341894626618 0.0013789117042628577 -0.001232113390086362 -0.0011132608684420121 0.0015009343111887575 -0.0032064601546153426 0.0022800000547431409 -0.00095982657279819255 0.001484299365303389 3.9066575124132558e-06 -0.00023586950542050459 -0.0030269049277359792 0.0012644684019808968 -0.0011050912266963517 0.0040652989687469717 0.00050418714151507431
leaf_weight=31 31 20 23 32 22 27 20 41 23 31 23 37 20 27 20 67 26 32 20 24 20 20 31 3643 21 22 21 68 26 31
leaf_count=31 31 20 23 32 22 27 20 41 23 31 23 37 20 27 20 67 26 32 20 24 20 20 31 3643 21 22 21 68 26 31
internal_value=-1.82117e-12 0.000348902 0.000130098 0.00043758 -1.22802e-05 -5.70101e-05 -0.000597517 -0.000849468 3.13925e-08 -0.00056252 8.29245e-06 -2.55722e-06 -0.000756514 -0.00145713 1.03215e-05 -1.53996e-06 4.85447e-06 0.000573361 -9.4231e-06 -1.30513e-06 0.000940369 0.000270554 0.000845726 -1.59577e-05 -0.000355704 6.29651e-06 -0.0010377 -0.000545982 0.00149198 0.00212855
internal_weight=4500 153 133 110 4347 78 51 63 4284 62 4222 4168 70 47 4098 4061 4041 99 3942 3916 60 40 54 3856 213 189 111 89 78 57
internal_count=4500 153 133 110 4347 78 51 63 4284 62 4222 4168 70 47 4098 4061 4041 99 3942 3916 60 40 54 3856 213 189 111 89 78 57
is_linear=0
shrinkage=0.1


Tree=61
num_leaves=31
num_cat=0
split_feature=1 7 3 5 9 6 6 4 6 4 4 4 7 8 9 5 8 4 4 3 9 1 7 7 6 4 10 3 10 7
split_gain=0.00163746 0.00511717 0.00431573 0.00513644 0.00233103 0.0130142 0.0094426 0.00739278 0.00473601 0.00824621 0.0170596 0.00845464 0.0113297 0.00530391 0.0166483 0.0220229 0.0105862 0.0146463 0.0271462 0.0212922 0.0101822 0.013472 0.012714 0.0186752 0.0174011 0.00961525 0.00921048 0.00920201 0.0159082 0.0101625
threshold=77.500000000000014 120604564.00000001 70510.500000000015 86914.500000000015 90535.250000000015 90094.335937500015 88999.000000000015 80788.000000000015 87715.750000000015 80298.500000000015 78256.000000000015 76052.000000000015 26115314.000000004 71323.125000000015 74490.250000000015 78383.500000000015 71908.750000000015 65474.000000000007 67567.500000000015 85099.000000000015 71779.250000000015 65.500000000000014 35008504.000000007 46768026.000000007 72412.917968750015 61660.500000000007 75509.250000000015 73049.500000000015 83444.875000000015 151063952.00000003
decision_type=2 2 2 2 2 2 2 2 2 2 2 2 2 2 2 2 2 2 2 2 2 2 2 2 2 2 2 2 2 2
left_child=4 2 -2 -4 5 6 8 -7 9 10 11 13 -13 20 26 -16 -17 19 -19 -18 -1 25 24 -24 -23 -22 -15 -25 -29 -30
right_child=1 -3 3 -5 -6 7 -8 -9 -10 -11 -12 12 -14 14 15 16 17 18 -20 -21 21 22 23 27 -26 -27 -28 28 29 -31
leaf_value=4.4785370975985112e-05 0.00017185426888597879 0.0009789640596136451 -0.0025733664243792493 -0.00036161416986336313 -0.00017887279633148147 0.00057552672245947173 -0.0016225434665102512 0.0027415310462506918 0.0011854441357510431 -0.0016074172378848157 0.0021382413953113812 4.4928930475618004e-05 -0.0030520530927571517 0.00045906408605250444 -0.0031179039308335634 0.0022311492443035466 -0.0033456109312181878 0.0026748719813421053 0.00010466675316973302 4.4790308841630441e-05 -0.0006062538851983846 -0.0032747244919113247 0.0025457091378764465 0.0017956781433895231 -2.1267375642699856e-05 -0.0036358079111034219 0.0031528986059129239 -0.0016683109667971858 0.0012145664697163739 -0.00044528131669981775
leaf_weight=2630 26 20 21 21 577 40 35 26 35 31 38 27 21 22 20 26 27 47 327 59 20 31 26 20 35 22 30 73 55 112
leaf_count=2630 26 20 21 21 577 40 35 26 35 31 38 27 21 22 20 26 27 47 327 59 20 31 26 20 35 22 30 73 55 112
internal_value=4.36089e-12 -0.000427126 -0.000840682 -0.00146749 8.51929e-06 3.67136e-05 1.23364e-05 0.0014288 2.76607e-05 1.67057e-05 3.04319e-05 8.36669e-06 -0.00131 2.60333e-05 0.000309309 0.000134205 0.000268037 0.000157079 0.00042766 -0.00101964 -2.62378e-05 -0.000500327 -0.000298341 -9.63305e-06 -0.00154941 -0.00219316 0.0020132 -0.000265167 -0.000436904 0.000101375
internal_weight=4500 88 68 42 4412 3835 3769 66 3734 3699 3668 3630 48 3582 558 506 486 460 374 86 3024 394 352 286 66 42 52 260 240 167
internal_count=4500 88 68 42 4412 3835 3769 66 3734 3699 3668 3630 48 3582 558 506 486 460 374 86 3024 394 352 286 66 42 52 260 240 167
is_linear=0
shrinkage=0.1


Tree=62
num_leaves=31
num_cat=0
split_feature=7 4 10 4 3 7 5 7 7 1 7 1 9 8 7 1 7 7 7 4 1 4 4 3 4 3 7 7 7 9
split_gain=0.00171474 0.00429884 0.00748249 0.00647957 0.00348585 0.00346281 0.00273338 0.00197277 0.00223324 0.00964413 0.00750819 0.00974634 0.00626263 0.00672192 0.00524736 0.0120082 0.00473912 0.0045351 0.0111158 0.00947016 0.00656736 0.012032 0.00809668 0.00576805 0.00503375 0.0137932 0.00468994 0.00496847 0.00670925 0.0144684
threshold=370877168.00000006 84144.000000000015 124712.25000000001 65181.500000000007 125764.50000000001 556565216.00000012 109649.50000000001 339777328.00000006 199233408.00000003 70.500000000000014 213034840.00000003 74.500000000000014 75622.500000000015 77210.750000000015 182102712.00000003 70.500000000000014 223422432.00000003 162934312.00000003 142053408.00000003 71418.500000000015 74.500000000000014 68659.500000000015 53043.500000000007 75033.000000000015 61660.500000000007 85913.500000000015 136405064.00000003 130280256.00000001 108209692.00000001 91736.500000000015
decision_type=2 2 2 2 2 2 2 2 2 2 2 2 2 2 2 2 2 2 2 2 2 2 2 2 2 2 2 2 2 2
left_child=4 2 3 5 7 6 -2 8 14 16 -11 12 -12 -14 17 -16 -10 18 26 24 21 22 23 -20 25 -19 27 28 -1 -30
right_child=1 -3 -4 -5 -6 -7 -8 -9 9 10 11 -13 13 -15 15 -17 -18 19 20 -21 -22 -23 -24 -25 -26 -27 -28 -29 29 -31
leaf_value=-1.6060918660847712e-05 7.447373317254167e-05 0.001557941579570373 -0.0015792100923135877 0.0017219729221763153 -0.00075001910436041071 0.00088698063024181739 -0.0014250024373177439 -0.00083735558437183502 -8.6126947176775768e-05 0.0012018956379809729 -0.00026261444490436198 0.00058917077827652035 -0.0034006480965763329 -0.00086759019918231811 -0.0026801987589957815 0.00014919829845894128 0.0014330875906751602 -0.00060448118701304614 -0.00041326799953822052 0.0021819566569194712 0.00047947703703054385 -0.0035453951545059686 0.00055296026070469201 -0.0027597262418236246 -0.0012531832570121402 0.0023757005105726424 0.0011990288949825546 -0.00097859633199678833 0.00092548348018030042 -0.0018642874445677514
leaf_weight=3437 31 24 22 29 63 27 20 28 28 30 35 46 20 22 24 40 77 41 20 29 24 20 28 22 21 25 33 51 162 21
leaf_count=3437 31 24 22 29 63 27 20 28 28 30 35 46 20 22 24 40 77 41 20 29 24 20 28 22 21 25 33 51 162 21
internal_value=-1.2049e-12 0.000329035 0.000100401 0.000445741 -1.15809e-05 -2.87549e-05 -0.000513556 -7.21547e-07 4.78262e-06 0.000289936 -0.000216554 -0.000562517 -0.00125054 -0.00207381 -1.3619e-05 -0.000911826 0.00102796 9.93448e-07 -1.77214e-05 0.000616971 -0.000990324 -0.00138227 -0.000764235 -0.00164237 9.53096e-05 0.000524376 1.22129e-05 1.54413e-06 1.53527e-05 0.000605346
internal_weight=4500 153 129 107 4347 78 51 4284 4256 258 153 123 77 42 3998 64 105 3934 3818 116 114 90 70 42 87 66 3704 3671 3620 183
internal_count=4500 153 129 107 4347 78 51 4284 4256 258 153 123 77 42 3998 64 105 3934 3818 116 114 90 70 42 87 66 3704 3671 3620 183
is_linear=0
shrinkage=0.1


Tree=63
num_leaves=31
num_cat=0
split_feature=1 5 9 7 10 10 8 9 9 3 7 4 9 5 10 3 7 1 10 4 5 4 6 6 4 6 1 4 8 1
split_gain=0.00160988 0.00549083 0.0205119 0.0187022 0.00781213 0.012706 0.00886104 0.0184014 0.00820577 0.00764044 0.00344319 0.00178287 0.00299906 0.00539074 0.00300568 0.00650254 0.0020569 0.00191095 0.00545489 0.0235179 0.0150547 0.00664543 0.0158631 0.0373456 0.0195725 0.0195654 0.0166049 0.0156768 0.0176049 0.0158962
threshold=76.500000000000014 61995.500000000007 61347.500000000007 10240661.500000002 87413.000000000015 81789.125000000015 62565.000000000007 73687.500000000015 90262.750000000015 54288.000000000007 119285648.00000001 98622.500000000015 117377.25000000001 128630.50000000001 121142.87500000001 123093.50000000001 556565216.00000012 67.500000000000014 53554.750000000007 47091.000000000007 55563.000000000007 49092.000000000007 62288.416015625007 61520.416015625007 53841.500000000007 61932.666015625007 73.500000000000014 54959.500000000007 57030.750000000007 73.500000000000014
decision_type=2 2 2 2 2 2 2 2 2 2 2 2 2 2 2 2 2 2 2 2 2 2 2 2 2 2 2 2 2 2
left_child=11 3 -3 -2 5 6 -4 -8 -6 -5 -10 12 13 14 15 16 17 -1 19 -19 -20 -22 23 24 26 -25 -23 -26 -29 -30
right_child=1 2 4 9 8 -7 7 -9 10 -11 -12 -13 -14 -15 -16 -17 -18 18 20 -21 21 22 -24 25 27 -27 -28 28 29 -31
leaf_value=-0.00010677917763153912 0.0028636054054874439 -0.00305425213408415 0.0010703563097525727 -0.0020984230819158256 -0.0019086844119316851 0.002388423359773767 -0.0030514630033513131 0.0010428273745457688 -0.00084808514276075932 0.0006021596829999577 0.00090527591722396527 -0.00046786321513354775 -0.0010465450011766873 0.0012009529510321909 -0.0011736156685011729 0.0018245152360759677 0.0010040408601829163 0.00020168707444809562 -0.0021256416457507647 0.0034223565516488942 -0.00030462150130952442 0.0018014420623505356 -1.0749281597923185e-05 0.0057018844510561655 -0.0024794144369661812 0.0013852109483975387 -0.00035318547410757416 0.0026113067404367031 0.0010819926625117661 -0.0027728104356514374
leaf_weight=1016 23 27 33 20 38 26 23 21 21 22 24 75 26 39 21 20 21 410 33 24 495 99 1747 21 35 21 56 20 20 23
leaf_count=1016 23 27 33 20 38 26 23 21 21 22 24 75 26 39 21 20 21 410 33 24 495 99 1747 21 35 21 56 20 20 23
internal_value=-4.16023e-13 -0.000233092 -0.000478599 0.000571415 -0.000104713 0.000477053 -0.000168344 -0.00109737 -0.000826665 -0.000683832 8.70408e-05 1.53481e-05 2.40871e-05 3.08419e-05 1.96625e-05 2.58331e-05 1.69309e-05 1.17744e-05 5.18711e-05 0.000379789 -3.5049e-06 2.40988e-05 0.000103784 0.000782052 0.000323621 0.00354355 0.001023 -0.000782532 0.00016018 -0.000979879
internal_weight=4500 278 213 65 186 103 77 44 83 42 45 4222 4147 4121 4082 4061 4041 4020 3004 434 2570 2537 2042 295 253 42 155 98 63 43
internal_count=4500 278 213 65 186 103 77 44 83 42 45 4222 4147 4121 4082 4061 4041 4020 3004 434 2570 2537 2042 295 253 42 155 98 63 43
is_linear=0
shrinkage=0.1


Tree=64
num_leaves=31
num_cat=0
split_feature=1 7 3 5 9 6 6 4 5 5 5 1 10 8 5 10 9 9 1 10 4 7 9 9 5 9 3 5 6 10
split_gain=0.00146714 0.00381239 0.00311617 0.00460579 0.00161163 0.0102968 0.0072426 0.00612896 0.00439603 0.00520921 0.00561514 0.00661235 0.00562861 0.00403707 0.00394792 0.00927133 0.00928287 0.0119827 0.00805726 0.0073019 0.0149992 0.00928846 0.00563891 0.0127144 0.00805053 0.00735687 0.00453933 0.0214313 0.0134481 0.00740427
threshold=77.500000000000014 120604564.00000001 70510.500000000015 86914.500000000015 90535.250000000015 90094.335937500015 88999.000000000015 80788.000000000015 96652.000000000015 98485.500000000015 104645.50000000001 70.500000000000014 102361.87500000001 91845.875000000015 95773.500000000015 95428.250000000015 79744.000000000015 74691.000000000015 70.500000000000014 91015.625000000015 66112.500000000015 64079080.000000007 82119.750000000015 79117.000000000015 101321.50000000001 86959.000000000015 90428.000000000015 92130.000000000015 78590.664062500015 88654.250000000015
decision_type=2 2 2 2 2 2 2 2 2 2 2 2 2 2 2 2 2 2 2 2 2 2 2 2 2 2 2 2 2 2
left_child=4 2 -2 -4 5 6 14 -7 -6 -10 11 -11 -12 -13 19 16 17 -16 -18 26 -21 -22 23 -17 25 -24 29 28 -28 -1
right_child=1 -3 3 -5 8 7 -8 -9 9 10 12 13 -14 -15 15 22 18 -19 -20 20 21 -23 24 -25 -26 -27 27 -29 -30 -31
leaf_value=1.5503292590612272e-05 9.9126591633718741e-05 0.00080935715697705757 -0.0023410750963237313 -0.00024668615078553556 -0.0016043999837711453 0.00049283989734249199 -0.0014219922026885408 0.0024650294441156666 0.001186301138950512 -0.0018412734000594355 0.0016247328906320035 0.00047873843658534403 -9.3286303297911838e-05 -0.0012659166429546617 0.0015897831576044805 0.00023645532625802868 0.0037208362855017186 -0.0015702184622309039 0.0010279684700071812 -0.0033242151373997332 -0.0011873633410273629 0.0014653168174184183 0.00089373827941017234 -0.0028930030763149265 0.0017659934068997873 -0.0015822912527558705 0.00081670012337521517 -0.0006035761264198906 0.0042118355381535371 -0.0012486081688040671
leaf_weight=3276 26 20 21 21 20 40 35 26 30 40 20 36 410 21 28 37 20 21 25 20 33 22 24 20 29 24 28 60 20 47
leaf_count=3276 26 20 21 21 20 40 35 26 30 40 20 36 410 21 28 37 20 21 25 20 33 22 24 20 29 24 28 60 20 47
internal_value=3.60081e-12 -0.000404302 -0.00076126 -0.00129388 8.06405e-06 3.15074e-05 9.82396e-06 0.00126976 -0.000147751 -9.54476e-05 -0.000168412 -0.000855676 -1.33784e-05 -0.000164029 2.32448e-05 0.000426459 0.00118782 0.000235497 0.0022248 -2.97672e-06 -0.000979071 -0.000126291 -0.000107632 -0.0008616 0.0004505 -0.000344276 1.83602e-05 0.000656387 0.00223134 -2.37611e-06
internal_weight=4500 88 68 42 4412 3835 3769 66 577 557 527 97 430 57 3734 228 94 49 45 3506 75 55 134 57 77 48 3431 108 48 3323
internal_count=4500 88 68 42 4412 3835 3769 66 577 557 527 97 430 57 3734 228 94 49 45 3506 75 55 134 57 77 48 3431 108 48 3323
is_linear=0
shrinkage=0.1


Tree=65
num_leaves=31
num_cat=0
split_feature=1 3 4 6 4 9 6 5 10 7 3 4 4 1 7 7 7 7 7 6 6 5 8 6 4 8 5 7 7 1
split_gain=0.00143993 0.00742638 0.00969719 0.00863685 0.00824845 0.00551958 0.0170187 0.0131451 0.0133713 0.0076484 0.00727234 0.00388827 0.00429804 0.00312711 0.00862644 0.00634475 0.00937514 0.0067515 0.00869425 0.0065459 0.0253241 0.0193836 0.0147226 0.0154128 0.0143263 0.015651 0.0165393 0.0146255 0.0154975 0.0116614
threshold=61.500000000000007 78396.500000000015 69824.000000000015 69030.832031250015 78256.000000000015 62312.250000000007 55920.666015625007 49656.000000000007 43092.000000000007 6474817.0000000009 56771.000000000007 17352.500000000004 21696.000000000004 67.500000000000014 1720895.8125000002 3138584.8750000005 4356968.0000000009 5321112.5000000009 7338287.7500000009 68458.000000000015 66072.000000000015 86914.500000000015 66213.250000000015 72170.167968750015 51456.000000000007 48809.625000000007 71260.000000000015 36353042.000000007 23452409.000000004 65.500000000000014
decision_type=2 2 2 2 2 2 2 2 2 2 2 2 2 2 2 2 2 2 2 2 2 2 2 2 2 2 2 2 2 2
left_child=1 3 -3 5 -4 6 7 8 9 -1 -9 -2 -13 14 -14 -16 -17 -18 -19 20 24 22 -21 -24 25 -20 27 28 -27 -26
right_child=11 2 4 -5 -6 -7 -8 10 -10 -11 -12 12 13 -15 15 16 17 18 19 21 -22 -23 23 -25 29 26 -28 -29 -30 -31
leaf_value=0.0014227318968551119 0.0012822074587861805 0.0025059794983023718 -0.001349249043269083 -0.0020628262328682471 0.0014004919037688525 0.0016937249014154076 -0.0027235793044036701 0.0026107282672698301 -0.0025405778401446613 -0.0006884909755663594 0.00018438717596880105 -0.0013559577768319287 -0.0022444895235821604 2.7569306323776999e-05 0.0013946780173752745 -0.0021819548630763008 0.0016806841781362891 -0.0020530059099352609 -0.00039657009297089114 -0.0039655706294896929 0.0030086790115155023 3.4085991646861661e-05 0.0013327106926590204 -0.0020274586834116339 -0.0002789181553193235 0.0023626315476441826 -0.00090562932450195853 0.0035379312944314734 -0.0012594682438897768 -0.0033555171886374331
leaf_weight=32 23 29 20 20 24 20 21 30 22 37 21 24 20 3397 26 23 20 24 169 22 29 225 20 43 28 27 29 32 21 22
leaf_count=32 23 29 20 20 24 20 21 30 22 37 21 24 20 3397 26 23 20 24 169 22 29 225 20 43 28 27 29 32 21 22
internal_value=1.99305e-12 0.000221296 0.0010863 -8.97669e-05 0.00015061 0.000125868 -6.6507e-05 0.00032644 -0.00039384 0.000290627 0.00161165 -1.44596e-05 -2.15588e-05 -1.38916e-05 -0.000194459 -0.000140511 -0.000194891 -0.000130612 -0.000183037 -0.000115752 0.000176171 -0.000451935 -0.00173846 -0.000960738 -7.42642e-05 0.000206016 0.0011403 0.00188195 0.000777963 -0.00163262
internal_weight=4500 276 73 203 44 183 163 142 91 69 51 4224 4201 4177 780 760 734 711 691 667 357 310 85 63 328 278 109 80 48 50
internal_count=4500 276 73 203 44 183 163 142 91 69 51 4224 4201 4177 780 760 734 711 691 667 357 310 85 63 328 278 109 80 48 50
is_linear=0
shrinkage=0.1


Tree=66
num_leaves=31
num_cat=0
split_feature=9 5 10 9 8 6 1 6 5 5 7 10 1 8 6 10 8 10 3 10 6 5 10 5 6 8 10 4 5 8
split_gain=0.00125894 0.007013 0.0099617 0.00701262 0.00665096 0.00591881 0.0121964 0.0076937 0.00560762 0.0186926 0.0287712 0.00930879 0.013751 0.00800748 0.0122052 0.0169779 0.0140656 0.0136134 0.0128876 0.012699 0.0170686 0.0139565 0.0105748 0.0229865 0.0111081 0.0103383 0.00946243 0.0200288 0.0068639 0.00635285
threshold=51447.750000000007 55127.500000000007 54410.875000000007 51053.000000000007 50426.875000000007 52503.750000000007 69.500000000000014 53061.083984375007 57468.500000000007 59707.000000000007 9307766.5000000019 59398.375000000007 70.500000000000014 52621.000000000007 58105.667968750007 60485.875000000007 54728.750000000007 61386.125000000007 61185.000000000007 62838.500000000007 59631.416015625007 63972.500000000007 63966.625000000007 66448.000000000015 60437.583984375007 52270.875000000007 65937.625000000015 57461.500000000007 65121.000000000007 45495.375000000007
decision_type=2 2 2 2 2 2 2 2 2 2 2 2 2 2 2 2 2 2 2 2 2 2 2 2 2 2 2 2 2 2
left_child=3 4 -3 -1 -2 6 -4 -7 -9 10 -10 12 -11 25 16 -16 18 -17 -15 21 -21 -19 28 -24 -25 29 27 -26 -22 -13
right_child=1 2 5 -5 -6 7 -8 8 9 11 -12 13 -14 14 15 17 -18 19 -20 20 22 -23 23 24 26 -27 -28 -29 -30 -31
leaf_value=4.8632705410468337e-05 -0.0026312053995206953 0.0021599749474608826 0.00048309046030044558 0.0014724891988508817 -0.00011155314965766264 0.0017049656665991419 -0.0026103620578606544 0.0011553894635289907 -0.0045628465289432232 0.0026229256030284999 1.6600831633481637e-05 0.00095849144310059572 -0.0001347363361855969 -0.001651714877447202 -0.0028494447868849552 0.0022821234843622032 0.002952833853972455 -0.0031978581709643968 0.0017404512468298589 0.0021744984473722677 0.0027768661797215994 0.00022438563279468906 -0.0023348198911218448 -0.0020227925724746591 -0.00051984735861575855 -0.0026911425249030192 -8.749811871439306e-06 0.0037089698681873938 0.00021719703217968345 -0.00057698787737906756
leaf_weight=883 20 21 25 36 22 26 26 40 23 33 34 31 40 21 21 26 30 26 24 36 22 22 43 27 24 21 2650 21 20 206
leaf_count=883 20 21 25 36 22 26 26 40 23 33 34 31 40 21 21 26 30 26 24 36 22 22 43 27 24 21 2650 21 20 206
internal_value=-2.6294e-13 -2.67948e-05 -1.15496e-05 0.000104409 -0.00131139 -2.45121e-05 -0.00109396 -8.78031e-06 -2.17293e-05 -3.55737e-05 -0.00183125 -4.9656e-06 0.00111188 -2.98906e-05 1.58939e-05 -1.62633e-05 0.0012756 4.13325e-06 0.00015744 -1.63537e-05 1.08791e-05 -0.00162933 -1.68695e-05 -4.07912e-05 -4.55194e-06 -0.000564575 1.56679e-05 0.0014536 0.00155798 -0.000376145
internal_weight=4500 3581 3539 919 42 3518 51 3467 3441 3401 57 3344 73 3271 3013 2938 75 2917 45 2891 2843 48 2807 2765 2722 258 2695 45 42 237
internal_count=4500 3581 3539 919 42 3518 51 3467 3441 3401 57 3344 73 3271 3013 2938 75 2917 45 2891 2843 48 2807 2765 2722 258 2695 45 42 237
is_linear=0
shrinkage=0.1


Tree=67
num_leaves=31
num_cat=0
split_feature=1 10 4 3 9 6 6 4 6 4 4 4 7 8 9 5 4 8 1 7 7 8 4 4 3 5 5 10 3 3
split_gain=0.0012552 0.00331931 0.00566369 0.00556196 0.00143109 0.00826236 0.00582073 0.00488693 0.00418565 0.00650906 0.0131897 0.00632257 0.00914209 0.00434705 0.0136713 0.0175532 0.00934302 0.0184651 0.00968748 0.00875393 0.00867334 0.00843231 0.0118064 0.0212111 0.0163708 0.00827152 0.0085925 0.0233105 0.0151787 0.0129898
threshold=77.500000000000014 82015.000000000015 74112.500000000015 62586.000000000007 90535.250000000015 90094.335937500015 88999.000000000015 80788.000000000015 87715.750000000015 80298.500000000015 78256.000000000015 76052.000000000015 26115314.000000004 71323.125000000015 74490.250000000015 78383.500000000015 66112.500000000015 69784.625000000015 71.500000000000014 10700045.000000002 44162748.000000007 71908.750000000015 65474.000000000007 67567.500000000015 85099.000000000015 81520.500000000015 88962.000000000015 88654.250000000015 90428.000000000015 82462.000000000015
decision_type=2 2 2 2 2 2 2 2 2 2 2 2 2 2 2 2 2 2 2 2 2 2 2 2 2 2 2 2 2 2
left_child=4 3 -3 -2 5 6 8 -7 9 10 11 13 -13 16 19 -16 -1 18 -18 -15 -19 -17 24 -24 -23 -25 29 -28 -29 -27
right_child=1 2 -4 -5 -6 7 -8 -9 -10 -11 -12 12 -14 14 15 21 17 20 -20 -21 -22 22 23 25 -26 26 27 28 -30 -31
leaf_value=9.2596590195657445e-06 0.00021419230449412554 0.0013756004760084168 -0.00092035287192889631 -0.0020142672128713457 -0.0001393696640775291 0.00044500196017907003 -0.0012734704754049225 0.0022060584491835193 0.0011105930459286487 -0.0014310886370367372 0.0018774366143732455 8.1681508648519726e-05 -0.0027002840347233274 0.0034616270475089552 -0.0027856916771270336 0.0019892407583448897 -0.00092766229627710408 -0.0030222868081182241 0.0014953940761078038 0.00079468769836239523 -0.00050155443494163813 -0.0029578667004696198 0.0023675127135728427 0.0015036323699294716 1.5010230807524365e-05 0.00028568180677081859 0.0027388235482195505 -0.0026693523528852634 0.00029056930086678929 -0.0016697796257424424
leaf_weight=2898 21 22 21 24 577 40 35 26 35 31 38 27 21 20 20 26 33 39 33 32 21 27 47 37 59 70 34 21 99 66
leaf_count=2898 21 22 21 24 577 40 35 26 35 31 38 27 21 20 20 26 33 39 33 32 21 27 47 37 59 70 34 21 99 66
internal_value=2.98798e-12 -0.000373961 0.000254321 -0.000974319 7.45888e-06 2.95502e-05 1.01266e-05 0.00113875 2.21582e-05 1.18594e-05 2.40545e-05 4.65266e-06 -0.00113543 1.99301e-05 0.000276383 0.000117706 -2.73916e-05 -0.00087037 0.000283866 0.00182043 -0.00214003 0.000237188 0.000138159 0.000381096 -0.000918335 9.5586e-05 -8.40613e-05 0.000427467 -0.000227417 -0.000663292
internal_weight=4500 88 43 45 4412 3835 3769 66 3734 3699 3668 3630 48 3582 558 506 3024 126 66 52 60 486 460 374 86 327 290 154 120 136
internal_count=4500 88 43 45 4412 3835 3769 66 3734 3699 3668 3630 48 3582 558 506 3024 126 66 52 60 486 460 374 86 327 290 154 120 136
is_linear=0
shrinkage=0.1


Tree=68
num_leaves=31
num_cat=0
split_feature=1 3 3 4 8 5 3 10 8 4 1 7 7 7 6 7 3 10 5 3 7 7 3 9 9 4 9 1 5 1
split_gain=0.00120708 0.00604449 0.00897057 0.0072605 0.00455055 0.00452788 0.0129232 0.0108307 0.00767739 0.00678163 0.00332815 0.0133624 0.0274514 0.0118829 0.0055802 0.00437479 0.00416757 0.00438974 0.00827545 0.00747066 0.00412938 0.0174112 0.0124086 0.0215593 0.022375 0.0126599 0.0108038 0.0108287 0.0173834 0.0105216
threshold=61.500000000000007 78396.500000000015 87427.000000000015 59285.000000000007 85816.250000000015 49656.000000000007 56771.000000000007 43092.000000000007 55667.250000000007 22953.000000000004 63.500000000000007 6773672.2500000009 35293144.000000007 78946652.000000015 78834.417968750015 17821447.000000004 33210.500000000007 39043.000000000007 38796.000000000007 39006.000000000007 5321112.5000000009 4356968.0000000009 44637.500000000007 48818.500000000007 53210.500000000007 54959.500000000007 74490.250000000015 69.500000000000014 69849.500000000015 73.500000000000014
decision_type=2 2 2 2 2 2 2 2 2 2 2 2 2 2 2 2 2 2 2 2 2 2 2 2 2 2 2 2 2 2
left_child=1 3 -3 5 -4 7 -7 9 -8 -1 11 -2 15 -14 -15 -13 -12 18 -18 -19 21 22 -21 -24 -25 -26 27 -27 -29 -23
right_child=10 2 4 -5 -6 6 8 -9 -10 -11 16 12 13 14 -16 -17 17 19 -20 20 -22 29 23 24 25 26 -28 28 -30 -31
leaf_value=-0.0010594465446156392 -0.0024458857527601403 0.0022733088815584781 0.001023091679301367 -0.0017510634583785484 -0.001061064483365044 0.0022511547122121556 -0.0011463613729978939 -0.0022923092188482934 0.001259570551060495 0.001003059883474965 0.00080444613031431804 0.00088736247493042836 -0.0027645355821105428 -0.0010968187077227852 0.0010744265047833324 0.0028637376492649008 -7.9386013195566522e-05 0.0016037161439930185 -0.0025159272807650269 0.002098389076612269 -3.7151665684331989e-05 0.0026459500868804757 -0.0032647186551581727 0.0024097997695207598 -0.0027390162903992905 0.0024959414044306394 -0.0014186581659000801 -0.0010097304479805408 0.0024414756195619705 1.6743940321485633e-05
leaf_weight=25 28 31 22 23 20 32 36 22 21 44 64 21 29 29 20 24 46 29 20 24 3608 45 22 33 21 21 43 54 20 23
leaf_count=25 28 31 22 23 20 32 36 22 21 44 64 21 29 29 20 24 46 29 20 24 3608 45 22 33 21 21 43 54 20 23
internal_value=-1.79284e-12 0.000202614 0.000983004 -7.80191e-05 3.06364e-05 0.000135759 0.000642909 -0.000360245 -0.000259965 0.000255775 -1.3239e-05 -0.000474247 -2.54181e-05 -0.00116014 -0.000210596 0.00194143 3.85215e-06 -8.9286e-06 -0.000817732 4.60957e-06 -7.23869e-06 0.000345461 -5.7739e-05 -0.000299548 4.02114e-05 -0.00045159 -0.000103503 0.000491777 -7.69721e-05 0.00175666
internal_weight=4500 276 73 203 42 180 89 91 57 69 4224 151 123 78 49 45 4073 4009 66 3943 3914 306 238 214 192 159 138 95 74 68
internal_count=4500 276 73 203 42 180 89 91 57 69 4224 151 123 78 49 45 4073 4009 66 3943 3914 306 238 214 192 159 138 95 74 68
is_linear=0
shrinkage=0.1


Tree=69
num_leaves=31
num_cat=0
split_feature=3 6 1 9 10 1 9 8 3 4 3 8 1 3 10 5 5 9 6 7 7 7 4 8 8 4 3 6 6 10
split_gain=0.00114198 0.0033639 0.00189518 0.00480054 0.0101206 0.0088066 0.0102292 0.0124737 0.00819771 0.00656689 0.0132644 0.00646697 0.00244177 0.00735193 0.0201322 0.0122094 0.0157992 0.00891238 0.0108735 0.00544873 0.0129673 0.0119607 0.00486881 0.0164074 0.0135748 0.00637807 0.00974731 0.0121409 0.0251175 0.0106259
threshold=26665.000000000004 28097.250000000004 61.500000000000007 80397.000000000015 79080.250000000015 52.500000000000007 64728.000000000007 41451.750000000007 93775.000000000015 42727.000000000007 59750.000000000007 35429.375000000007 67.500000000000014 56562.500000000007 59080.125000000007 52193.500000000007 55127.500000000007 54076.750000000007 51035.582031250007 3836282.8750000005 9768637.5000000019 13211835.500000002 80788.000000000015 89828.500000000015 82414.875000000015 64804.000000000007 90125.000000000015 68458.000000000015 66072.000000000015 68698.625000000015
decision_type=2 2 2 2 2 2 2 2 2 2 2 2 2 2 2 2 2 2 2 2 2 2 2 2 2 2 2 2 2 2
left_child=-1 -2 3 4 5 -3 7 11 -5 -9 -11 -7 13 15 -15 19 -17 18 -18 -4 -21 -22 24 -24 25 26 27 28 29 -16
right_child=1 2 12 8 -6 6 -8 9 -10 10 -12 -13 -14 14 22 16 17 -19 -20 20 21 -23 23 -25 -26 -27 -28 -29 -30 -31
leaf_value=0.00056096280718015304 -0.0012671891976857471 -0.0015795701733705672 0.0010516537264372934 0.002713945034083736 -0.0020249020862614826 0.0001223790469575087 0.0021525597828258472 -0.0022808805576642046 8.2282461868277926e-05 0.001850588870001957 -0.001496967548255584 0.0022556458522255225 2.1949009636550255e-05 0.0027361293323338032 0.00034456095561146306 -0.0034264543571043762 -0.0013905666523714899 -0.0022476459006694231 0.0019069314841181038 -0.002277625688455171 0.0023672929103486242 -0.00054341018015596396 -0.0031580872274802954 4.9211892323440006e-05 0.0019989592576166617 -0.00076856024649620447 0.0015790463140150771 -0.0012550060594693987 0.0030039520709422129 -0.0013873587946827506
leaf_weight=36 21 22 34 20 21 27 32 20 29 20 29 30 3414 26 116 30 20 22 20 27 20 48 22 58 32 116 39 69 29 51
leaf_count=36 21 22 34 20 21 27 32 20 29 20 29 30 3414 26 116 30 20 22 20 27 20 48 22 58 32 116 39 69 29 51
internal_value=2.62882e-12 -4.52389e-06 1.44414e-06 0.000268917 5.25579e-05 0.000294928 0.000555934 0.000150442 0.00115643 -0.000753883 -0.000130618 0.00124515 -1.45034e-05 -0.000174258 1.90774e-05 -0.000662407 -0.00154255 -0.000630982 0.000258182 -3.47093e-05 -0.000423513 0.000312679 -0.000113711 -0.000832795 1.35608e-05 -0.000137708 0.000103012 -0.000114215 0.00028739 -0.000184349
internal_weight=4500 4464 4443 250 201 180 158 126 49 69 49 57 4193 779 558 221 92 62 40 129 95 68 532 80 452 420 304 265 196 167
internal_count=4500 4464 4443 250 201 180 158 126 49 69 49 57 4193 779 558 221 92 62 40 129 95 68 532 80 452 420 304 265 196 167
is_linear=0
shrinkage=0.1


Tree=70
num_leaves=31
num_cat=0
split_feature=7 7 5 7 1 8 5 3 7 7 10 4 3 3 10 7 1 4 8 6 7 7 1 1 3 7 1 1 7 3
split_gain=0.00106744 0.0121738 0.0142959 0.00962543 0.0106387 0.00679234 0.0250832 0.013134 0.0120969 0.00697818 0.00732934 0.0180923 0.0113883 0.0102786 0.00676343 0.00563945 0.0118364 0.00745139 0.0194842 0.0109782 0.00979878 0.00571097 0.0160891 0.00883957 0.00761763 0.00691426 0.0166412 0.00942273 0.00785753 0.00550143
threshold=5186817.2500000009 4356968.0000000009 51294.000000000007 3836282.8750000005 73.500000000000014 42445.250000000007 49311.000000000007 38330.000000000007 3466173.1250000005 3138584.8750000005 68319.375000000015 58587.500000000007 74202.500000000015 52464.000000000007 35977.750000000007 7061542.5000000009 65.500000000000014 60627.000000000007 53976.500000000007 71566.750000000015 6474817.0000000009 8554530.5000000019 74.500000000000014 70.500000000000014 56966.500000000007 9768637.5000000019 68.500000000000014 73.500000000000014 10073146.000000002 66485.000000000015
decision_type=2 2 2 2 2 2 2 2 2 2 2 2 2 2 2 2 2 2 2 2 2 2 2 2 2 2 2 2 2 2
left_child=1 3 -3 5 -5 7 -7 14 9 10 11 13 -12 -8 -1 16 -2 18 20 -19 -18 22 23 24 -17 26 -23 -28 -27 -4
right_child=15 2 29 4 -6 6 8 -9 -10 -11 12 -13 -14 -15 -16 21 17 19 -20 -21 -22 25 -24 -25 -26 28 27 -29 -30 -31
leaf_value=0.00082877445335422331 -0.0023067025329510217 -0.00078943659424443146 0.0014130787722145518 -0.0024406686001880607 0.0004385532844545586 -0.0033753465776416389 0.0015419533836062661 0.0030460884218059836 0.0022922803541102136 -0.001435703576407832 -0.0024815141766642533 0.0034186959639191626 0.00062346317162909721 -0.0012843082388562541 -0.0013600070727989078 0.0018146774560833972 0.00030084332656337039 -0.0029736619700997838 0.0025680650507898203 -5.1567011461075818e-05 -0.0023043504196473144 -0.0029001531274324018 0.0028408235772345775 -0.0014972927263722971 -0.00054885025322437282 0.0014805361486247017 0.0011198603840810912 -0.0013665238386709935 -4.0665856515304704e-06 0.0035542295651976017
leaf_weight=48 32 22 30 33 21 22 22 21 24 32 21 20 27 31 20 30 42 20 28 36 22 28 27 26 25 36 35 27 3672 20
leaf_count=48 32 22 30 33 21 22 22 21 24 32 21 20 27 31 20 30 42 20 28 36 22 28 27 26 25 36 35 27 3672 20
internal_value=5.48163e-13 0.000153008 0.00133485 -9.58009e-05 -0.00132097 0.000133918 -0.000190856 0.0008601 0.000204956 -0.000122467 0.000224835 0.000855936 -0.000734964 -0.000111143 0.000185015 -1.5503e-05 -0.00056277 -0.000185704 0.000367886 -0.00109517 -0.000594692 9.71663e-06 0.000726775 2.20921e-05 0.000740347 -1.06736e-05 -0.000876726 3.70802e-05 1.0347e-05 0.00226954
internal_weight=4500 414 72 342 54 288 199 89 177 153 121 73 48 53 68 4086 180 148 92 56 64 3906 108 81 55 3798 90 62 3708 50
internal_count=4500 414 72 342 54 288 199 89 177 153 121 73 48 53 68 4086 180 148 92 56 64 3906 108 81 55 3798 90 62 3708 50
is_linear=0
shrinkage=0.1


Tree=71
num_leaves=31
num_cat=0
split_feature=1 7 9 9 8 5 10 9 9 6 3 8 6 1 4 4 7 7 7 1 1 4 3 4 9 1 8 9 10 3
split_gain=0.00108984 0.00293116 0.00293405 0.00119831 0.0070189 0.0183123 0.0201517 0.018567 0.00691413 0.00740782 0.00548057 0.00488003 0.00759326 0.007208 0.00386895 0.00698646 0.00599844 0.00671223 0.00557928 0.0052204 0.00859086 0.0071728 0.00732599 0.00523117 0.00505645 0.0046118 0.00436669 0.00384659 0.0037604 0.00573099
threshold=77.500000000000014 29465962.000000004 81626.000000000015 90535.250000000015 83112.750000000015 97441.000000000015 91445.375000000015 87770.250000000015 85011.750000000015 84909.914062500015 102468.00000000001 76349.125000000015 86032.835937500015 72.500000000000014 87083.500000000015 89659.000000000015 55442506.000000007 103469816.00000001 310655600.00000006 64.500000000000014 67.500000000000014 80298.500000000015 117510.50000000001 64951.500000000007 97174.500000000015 72.500000000000014 88631.250000000015 87426.000000000015 98487.500000000015 87770.500000000015
decision_type=2 2 2 2 2 2 2 2 2 2 2 2 2 2 2 2 2 2 2 2 2 2 2 2 2 2 2 2 2 2
left_child=3 -2 -3 4 8 6 7 -6 9 28 -11 12 -10 -13 16 25 26 24 -17 -19 -21 23 -23 -22 -18 -16 -5 -15 29 -1
right_child=1 2 -4 14 5 -7 -8 -9 11 10 -12 13 -14 27 15 18 17 19 -20 20 21 22 -24 -25 -26 -27 -28 -29 -30 -31
leaf_value=-1.6813617316282886e-05 -0.0011310498746517565 -0.00051293333953628248 0.00094947240963254287 -0.0024273187168794477 -0.00021206060866974533 0.002744133515721735 -0.0020002611578092909 0.0034211669985035604 -0.00074037420131000027 0.0025405792210949586 0.00031965266540646552 -0.00025006808748003097 0.0017021918296813968 -0.0011045452407658256 0.0022932263435390984 -0.00026167642911253817 -0.00019748867242455937 0.00095078620652202519 0.0015019246563315392 -0.0024744413168677551 -0.0010098470161513738 -0.0028196652497475346 -0.00036716316063920484 0.00040986894301929945 0.0015278976723285659 0.0002680352825502103 -0.00045667901817385276 -0.0028234483955716511 -0.0011826826308746466 0.00042489325175137997
leaf_weight=3145 31 34 23 22 39 34 32 22 35 20 25 60 20 30 23 174 33 24 20 22 36 21 29 93 35 22 23 23 26 324
leaf_count=3145 31 34 23 22 39 34 32 22 35 20 25 60 20 30 23 174 33 24 20 22 36 21 29 93 35 22 23 23 26 324
internal_value=4.2553e-12 -0.000348459 7.71602e-05 6.95023e-06 2.71651e-05 0.000758169 3.21178e-05 0.00109828 2.12803e-06 3.18756e-05 0.00130673 -0.000624697 0.000147832 -0.00100071 -0.000127407 0.000180535 -0.000345153 -0.000180058 -7.98619e-05 -0.000443183 -0.000609627 -0.000380432 -0.00139721 1.36691e-05 0.000690578 0.00130313 -0.0014201 -0.00185048 1.54612e-05 2.44412e-05
internal_weight=4500 88 57 4412 3835 127 93 61 3708 3540 45 168 55 113 577 239 338 293 194 225 201 179 50 129 68 45 45 53 3495 3469
internal_count=4500 88 57 4412 3835 127 93 61 3708 3540 45 168 55 113 577 239 338 293 194 225 201 179 50 129 68 45 45 53 3495 3469
is_linear=0
shrinkage=0.1


Tree=72
num_leaves=31
num_cat=0
split_feature=4 4 3 10 9 8 1 1 1 7 7 9 6 8 4 8 7 3 7 3 9 5 9 6 5 10 5 8 4 1
split_gain=0.00108689 0.00372644 0.00314745 0.00360034 0.00756982 0.0108958 0.00457898 0.00428729 0.00649121 0.00367673 0.00304452 0.00265538 0.00936715 0.0212998 0.0115808 0.0178495 0.00795083 0.0111809 0.00989525 0.0119642 0.00667912 0.0115983 0.0106512 0.0265498 0.00793677 0.00807104 0.0130655 0.00810501 0.00582085 0.00564359
threshold=17352.500000000004 21696.000000000004 33210.500000000007 39043.000000000007 39028.000000000007 35429.375000000007 67.500000000000014 62.500000000000007 70.500000000000014 32524786.000000004 9519850.5000000019 47479.500000000007 44552.666015625007 42445.250000000007 39364.000000000007 40057.375000000007 19048018.000000004 53114.000000000007 10700045.000000002 46484.000000000007 49124.750000000007 51294.000000000007 50064.500000000007 50348.916015625007 53167.000000000007 53297.875000000007 55127.500000000007 49534.875000000007 37711.500000000007 71.500000000000014
decision_type=2 2 2 2 2 2 2 2 2 2 2 2 2 2 2 2 2 2 2 2 2 2 2 2 2 2 2 2 2 2
left_child=-1 -2 10 7 6 -6 -5 -4 -9 -8 -3 12 13 14 15 29 18 -18 19 -14 21 -13 23 -22 -24 27 -27 -26 -23 -7
right_child=1 2 3 4 5 11 9 8 -10 -11 -12 20 16 -15 -16 -17 17 -19 -20 -21 22 28 24 -25 25 26 -28 -29 -30 -31
leaf_value=0.00054726349529422196 -0.0010177121791962742 0.00024461730371023386 0.00056270682491065763 0.00010143325994639392 -0.0018804522681861156 0.0011298061583301653 0.0025530156052396211 -0.0018946887294173634 0.0001332084389610423 0.00076326282578520477 0.0016712407077041766 -0.0026099067112361945 0.0026119909493718296 -0.0032171884374249549 0.0020583604186497355 -0.0020117174541482178 -0.0013802635278713344 0.00096488600829616191 0.0035443517041858288 -0.00076741253512657508 0.0030398108487549639 -0.0015071084897499533 -0.0017002180218696596 -0.0015275273285806181 -7.6759647092093587e-05 -0.0022188556932464794 -1.0765205855118959e-05 0.0025243786117061973 0.00058230227441526952 -0.00047300175006057546
leaf_weight=36 36 52 22 35 31 59 22 38 27 24 21 27 20 21 27 39 29 68 20 22 35 20 28 20 23 27 3571 25 40 35
leaf_count=36 36 52 22 35 31 59 22 38 27 24 21 27 20 21 27 39 29 68 20 22 35 20 28 20 23 27 3571 25 40 35
internal_value=-2.14039e-12 -4.41342e-06 3.82478e-06 -7.0907e-06 5.89081e-06 -1.26326e-05 0.000963393 -0.000643931 -0.00105233 0.00161923 0.000655016 1.29961e-06 0.000269087 -0.000222866 0.000170139 -0.000213184 0.000829109 0.000263759 0.00171361 0.000841827 -2.25599e-05 -0.000888708 -2.35209e-06 0.00137896 -2.30304e-05 -1.01502e-05 -2.73351e-05 0.001278 -0.000114168 0.000533016
internal_weight=4500 4464 4428 4355 4268 4187 81 87 65 46 73 4156 340 181 160 133 159 97 62 42 3816 87 3729 55 3674 3646 3598 48 60 94
internal_count=4500 4464 4428 4355 4268 4187 81 87 65 46 73 4156 340 181 160 133 159 97 62 42 3816 87 3729 55 3674 3646 3598 48 60 94
is_linear=0
shrinkage=0.1


Tree=73
num_leaves=31
num_cat=0
split_feature=10 5 4 6 9 10 1 9 4 7 5 3 9 8 4 8 5 8 4 5 9 3 7 4 1 10 9 8 10 10
split_gain=0.00100467 0.0119791 0.00879388 0.0084954 0.00788375 0.00606844 0.00666685 0.011203 0.00886568 0.00556569 0.00342552 0.00874 0.00602894 0.00537326 0.00763829 0.00631873 0.00505596 0.0052999 0.00476934 0.00472156 0.00342308 0.00596922 0.011424 0.0106448 0.0196838 0.0099155 0.00846922 0.00845183 0.00733671 0.0150248
threshold=90770.125000000015 95773.500000000015 66112.500000000015 86277.667968750015 89226.500000000015 95744.625000000015 71.500000000000014 79744.000000000015 74112.500000000015 76941744.000000015 101646.00000000001 97332.000000000015 92696.250000000015 75071.750000000015 74112.500000000015 87259.875000000015 103990.50000000001 74553.375000000015 79566.500000000015 105189.50000000001 86581.250000000015 88709.000000000015 43090314.000000007 65474.000000000007 72.500000000000014 87413.000000000015 84285.000000000015 81202.750000000015 89606.375000000015 87700.250000000015
decision_type=2 2 2 2 2 2 2 2 2 2 2 2 2 2 2 2 2 2 2 2 2 2 2 2 2 2 2 2 2 2
left_child=3 2 -2 20 9 6 7 -3 -8 -4 11 12 -7 -13 -15 -16 17 -12 -19 -18 21 25 -23 28 -25 26 27 -1 29 -24
right_child=1 5 4 -5 -6 10 8 -9 -10 -11 16 13 -14 14 15 -17 19 18 -20 -21 -22 22 23 24 -26 -27 -28 -29 -30 -31
leaf_value=2.3136531861780444e-06 -0.0025848966532586413 -0.00018964193930680101 -0.00060248088169222083 0.001826184655342681 -0.0018090933750499973 -0.00044547917469489303 0.0010247118624810798 0.0027609783650991778 -0.0012840502927529401 0.0014460190781392158 0.0022205470161861742 -0.0022277477714750505 0.0019534575066063554 0.00092982463538646707 -0.002486577097569471 -0.0002111533092549787 -0.0012242739449544442 -0.00074759075524406923 0.0012888893143415613 8.8962711767332319e-06 -0.0012926685879938306 0.0028350441090879033 0.0015095165033926607 -0.0031446341806176032 0.00095667404308915141 -0.0020364280751285452 0.0017673761519189511 -0.0019644479791168126 0.0023803172468584918 -0.001158744705511102
leaf_weight=3200 28 22 36 26 32 22 39 31 29 21 20 27 20 23 23 26 33 23 23 525 20 20 51 22 25 24 27 22 24 36
leaf_count=3200 28 22 36 26 32 22 39 31 29 21 20 27 20 23 23 26 33 23 23 525 20 20 51 22 25 24 27 22 24 36
internal_value=3.17343e-12 -8.82274e-05 -0.00103924 2.53051e-05 -0.000552965 3.73577e-05 0.000695409 0.00153619 4.00927e-05 0.00015223 -6.67262e-05 -0.000511886 0.000696872 -0.00102469 -0.000573546 -0.00127921 3.38627e-05 0.000861527 0.000270649 -6.40332e-05 1.18154e-05 1.93754e-05 0.000583337 0.00029831 -0.000963087 -1.12952e-05 3.6642e-06 -1.11155e-05 0.000832416 0.000405408
internal_weight=4500 1003 117 3497 89 886 121 53 68 57 765 141 42 99 72 49 624 66 46 558 3471 3451 178 158 47 3273 3249 3222 111 87
internal_count=4500 1003 117 3497 89 886 121 53 68 57 765 141 42 99 72 49 624 66 46 558 3471 3451 178 158 47 3273 3249 3222 111 87
is_linear=0
shrinkage=0.1


Tree=74
num_leaves=31
num_cat=0
split_feature=8 8 5 8 9 9 9 5 8 9 7 7 1 4 9 6 5 4 1 9 9 9 4 8 8 5 7 8 8 5
split_gain=0.000975284 0.0137824 0.013751 0.0115187 0.0115784 0.0121435 0.0087573 0.00611684 0.0052533 0.00491007 0.00450285 0.00523301 0.0044356 0.00413037 0.00462377 0.0180746 0.0112859 0.0063083 0.0110402 0.0122808 0.015262 0.00745836 0.00679436 0.0109829 0.0134915 0.00654075 0.00548341 0.00818751 0.00527119 0.00448682
threshold=40592.875000000007 41451.750000000007 47196.500000000007 40057.375000000007 46877.500000000007 45164.250000000007 47479.500000000007 49988.500000000007 42999.625000000007 42735.250000000007 103469816.00000001 66854888.000000007 70.500000000000014 30593.500000000004 49124.750000000007 49435.166015625007 51294.000000000007 42727.000000000007 68.500000000000014 60728.750000000007 56319.250000000007 55310.000000000007 44321.000000000007 47532.250000000007 48127.500000000007 61537.500000000007 112850800.00000001 50649.250000000007 48809.625000000007 55563.000000000007
decision_type=2 2 2 2 2 2 2 2 2 2 2 2 2 2 2 2 2 2 2 2 2 2 2 2 2 2 2 2 2 2
left_child=3 12 -3 4 5 9 7 -4 -8 10 11 -1 -2 -10 16 -16 -15 18 21 20 25 -17 26 -24 -25 -20 27 -19 -26 -30
right_child=1 2 6 -5 -6 -7 8 -9 13 -11 -12 -13 -14 14 15 17 -18 22 19 -21 -22 -23 23 24 28 -27 -28 -29 29 -31
leaf_value=0.00010779493486568956 0.0022984062872744879 -0.002069737928104587 0.0019500809036091798 -0.0018547704294582621 -0.0020086911489704141 0.002532142312265933 -0.0013791480735692728 0.00038045495020924138 0.0014289260245277547 -0.0012943704431462621 0.001345974331100782 -0.0014196175150573255 0.00042160257682553491 -0.0025660740910097958 0.0022974264123203124 0.0014510018846896641 0.00020384181192830989 0.00053977820983467002 -0.0018118357429436098 0.00056125790679602532 -0.0037253699265420437 -0.00088060717528645445 -0.0020213413371325093 0.0024718740991044219 -0.0014309600040388224 0.00042960450923799172 -0.00044186290191567464 0.0029211650163316252 -0.000905627273324946 1.3408342400659113e-05
leaf_weight=343 34 32 36 36 27 20 28 80 20 27 27 24 20 24 34 34 38 42 30 29 28 23 27 22 26 23 23 22 54 3267
leaf_count=343 34 32 36 36 27 20 28 80 20 27 27 24 20 24 34 34 38 42 30 29 28 23 27 22 26 23 23 22 54 3267
internal_value=-8.01111e-13 1.65334e-05 -5.20306e-06 -0.000131086 1.50498e-06 0.000124578 1.16934e-05 0.00086758 -1.4475e-05 1.02046e-05 9.96044e-05 7.90965e-06 0.00160329 -4.32873e-06 -1.19809e-05 2.43194e-06 -0.000868384 -1.89461e-05 -0.000619329 -0.00120462 -0.00183685 0.000510177 9.84057e-06 -1.25144e-05 3.58488e-06 -0.000839135 0.000882454 0.00135838 -1.26393e-05 -1.53533e-06
internal_weight=4500 3996 3942 504 468 441 3910 116 3794 421 394 367 54 3766 3746 3684 62 3650 167 110 81 57 3483 3396 3369 53 87 64 3347 3321
internal_count=4500 3996 3942 504 468 441 3910 116 3794 421 394 367 54 3766 3746 3684 62 3650 167 110 81 57 3483 3396 3369 53 87 64 3347 3321
is_linear=0
shrinkage=0.1


Tree=75
num_leaves=31
num_cat=0
split_feature=9 6 6 5 10 10 5 7 10 9 6 1 6 3 8 8 6 4 3 5 9 6 4 9 9 9 9 9 9 9
split_gain=0.00100332 0.0100288 0.0121547 0.00986526 0.0138705 0.010624 0.0106722 0.0214018 0.0123139 0.00867742 0.00820933 0.0189314 0.0319473 0.0283215 0.0180767 0.0115447 0.00941705 0.00850922 0.00786873 0.0164947 0.00660193 0.00593215 0.00568509 0.0250826 0.0173634 0.00808103 0.00509972 0.0113106 0.0130563 0.0217952
threshold=63433.750000000007 66072.000000000015 64713.417968750007 67661.500000000015 65687.000000000015 66829.875000000015 70148.500000000015 18187401.000000004 68698.625000000015 64518.000000000007 61520.416015625007 67.500000000000014 61932.666015625007 63281.500000000007 59005.250000000007 56543.750000000007 60674.333984375007 56249.000000000007 66025.500000000015 77103.500000000015 60960.000000000007 65777.917968750015 53841.500000000007 57421.250000000007 58435.000000000007 61669.000000000007 65091.750000000007 66402.250000000015 67354.500000000015 68045.000000000015
decision_type=2 2 2 2 2 2 2 2 2 2 2 2 2 2 2 2 2 2 2 2 2 2 2 2 2 2 2 2 2 2
left_child=1 2 10 4 -2 -5 7 -7 -8 21 16 -12 -13 -14 15 -15 17 22 19 -11 -18 -10 25 -24 -25 -1 -20 -28 -29 -30
right_child=3 -3 -4 5 -6 6 8 -9 9 18 11 12 13 14 -16 -17 20 -19 26 -21 -22 -23 23 24 -26 -27 27 28 29 -31
leaf_value=2.6299349201274342e-05 -0.0034665637183934452 0.0022821787314023824 -0.0023613524889307368 0.0022279016584867521 -0.00016531623700367554 -0.0028608270379639157 0.0021261975195051895 0.00088293624755281675 -0.0025766937210309239 0.0029688890396545715 -0.0015817664422294393 0.0046597361627905426 -0.0023127903266308403 0.0022085909638553856 0.0036475185286970096 -0.00093711707408406907 -0.0021202550296272548 0.0019513118121287098 0.0013445843873476542 -0.00079923422474946308 -3.9047130418044556e-05 -0.00022695646510415132 0.002068624095547767 -0.0040780827241099398 -0.00039886258751282408 0.0018753797186946031 -0.0014044456797310595 0.0015643039145148718 -0.0022950006050190758 5.2999263888683378e-06
leaf_weight=1554 20 20 21 21 35 37 27 26 22 26 28 23 26 20 26 28 35 23 27 21 27 21 21 23 29 24 59 52 42 2136
leaf_count=1554 20 20 21 21 35 37 27 26 22 26 28 23 26 20 26 28 35 23 27 21 27 21 21 23 29 24 59 52 42 2136
internal_value=3.75743e-13 5.45376e-05 3.11871e-05 -4.0882e-05 -0.00136577 -1.19314e-05 -3.07761e-05 -0.00131578 2.49777e-06 -2.13343e-05 5.78131e-05 0.000765033 0.00129926 0.000526355 0.00152389 0.000373595 -3.70192e-06 4.11211e-05 4.284e-06 0.00128526 -0.00121392 -0.00142915 1.45103e-05 -0.000848244 -0.00202621 5.44222e-05 -2.17116e-05 -3.78278e-05 -1.67066e-06 -3.90585e-05
internal_weight=4500 1928 1908 2572 55 2517 2496 63 2433 2406 1887 151 123 100 74 48 1736 1674 2363 47 62 43 1651 73 52 1578 2316 2289 2230 2178
internal_count=4500 1928 1908 2572 55 2517 2496 63 2433 2406 1887 151 123 100 74 48 1736 1674 2363 47 62 43 1651 73 52 1578 2316 2289 2230 2178
is_linear=0
shrinkage=0.1


Tree=76
num_leaves=31
num_cat=0
split_feature=7 7 4 9 4 3 4 6 6 9 3 6 7 1 8 8 3 1 5 9 7 1 3 5 8 7 1 5 6 7
split_gain=0.00107263 0.0103009 0.0113923 0.00908851 0.00973097 0.0210556 0.0154266 0.010119 0.0095253 0.00579754 0.00866851 0.00501585 0.00452263 0.00921809 0.00556114 0.0180139 0.0104602 0.00819807 0.00494196 0.00641796 0.00536798 0.0163124 0.0113602 0.00422329 0.00539924 0.00352736 0.015701 0.0105335 0.00929493 0.00668656
threshold=5186817.2500000009 4356968.0000000009 55128.500000000007 74490.250000000015 61660.500000000007 57809.000000000007 53043.500000000007 67443.085937500015 52768.000000000007 50352.000000000007 44637.500000000007 78237.917968750015 7061542.5000000009 65.500000000000014 62185.875000000007 53976.500000000007 71841.500000000015 72.500000000000014 34794.500000000007 32102.250000000004 8204142.2500000009 74.500000000000014 56966.500000000007 40557.500000000007 34547.250000000007 9768637.5000000019 68.500000000000014 60863.000000000007 76529.082031250015 10073146.000000002
decision_type=2 2 2 2 2 2 2 2 2 2 2 2 2 2 2 2 2 2 2 2 2 2 2 2 2 2 2 2 2 2
left_child=1 3 -3 4 5 6 8 -6 9 10 23 -5 13 -2 15 17 -16 -15 -14 -20 21 22 -21 24 -1 26 -22 -28 -29 -27
right_child=12 2 -4 11 7 -7 -8 -9 -10 -11 -12 -13 18 14 16 -17 -18 -19 19 20 25 -23 -24 -25 -26 29 27 28 -30 -31
leaf_value=0.00053854430402294632 -0.0020446366354008208 -1.7365193667097225e-05 0.0024983935782478916 -0.002541554399795132 0.0030783464555584252 -0.0023930899133639679 0.0028990980237722399 0.00021625889775653682 -0.0020854658610187471 0.0017366168935867875 -0.0013748069381940046 -0.00051031315665421703 -0.001175890770474715 0.00038430171615972715 -0.0027190343432483221 0.002538876167426889 7.5271417311317221e-05 -0.0019074263947981376 0.0016148012762423605 0.0013214969864836145 -0.0023891252493768028 0.0031373819899851115 -0.0013857492380925725 0.0014682076807165968 -0.0013627048872876914 0.0014232113724574448 0.0021295599273539016 -0.0015810178418178113 0.0011670961871277541 -6.7140217668010255e-06
leaf_weight=59 32 36 36 20 21 35 20 30 20 22 35 31 35 37 21 26 37 27 25 31 33 22 31 29 20 33 21 32 20 3623
leaf_count=59 32 36 36 20 21 35 20 30 20 22 35 31 35 37 21 26 37 27 25 31 33 22 31 29 20 33 21 32 20 3623
internal_value=8.94114e-13 0.00015338 0.00124051 -7.54909e-05 0.000140319 -0.000126251 0.000260771 0.00139477 -2.44538e-05 0.000225366 -7.13429e-06 -0.00130688 -1.55407e-05 -0.000505631 -0.000172873 0.000319216 -0.00093646 -0.000582521 7.04416e-06 1.77398e-05 7.35846e-06 0.000797983 -3.21261e-05 0.000436093 5.72154e-05 -1.0295e-05 -0.000578972 0.000239317 -0.000524051 6.19285e-06
internal_weight=4500 414 72 342 291 240 205 51 185 165 143 51 4086 180 148 90 58 64 3906 3871 3846 84 62 108 79 3762 106 73 52 3656
internal_count=4500 414 72 342 291 240 205 51 185 165 143 51 4086 180 148 90 58 64 3906 3871 3846 84 62 108 79 3762 106 73 52 3656
is_linear=0
shrinkage=0.1


Tree=77
num_leaves=31
num_cat=0
split_feature=1 9 4 9 10 3 5 10 7 3 4 4 8 10 3 9 6 5 10 10 10 10 5 4 10 3 3 1 10 10
split_gain=0.000952608 0.00448731 0.00827765 0.013272 0.0135337 0.00710616 0.00686051 0.00793465 0.00575846 0.00525842 0.0024239 0.00287668 0.0026024 0.00261177 0.00817646 0.00487409 0.00594653 0.00551475 0.00525201 0.00518961 0.0123492 0.00704069 0.0088685 0.0256409 0.0165646 0.00699764 0.0108801 0.013339 0.00585337 0.0166687
threshold=61.500000000000007 80397.000000000015 63044.500000000007 64728.000000000007 64330.625000000007 93775.000000000015 49656.000000000007 43092.000000000007 6474817.0000000009 56771.000000000007 17352.500000000004 21696.000000000004 26367.750000000004 39043.000000000007 35136.000000000007 39028.000000000007 40117.167968750007 45258.000000000007 45291.000000000007 48542.125000000007 49399.750000000007 50016.875000000007 53167.000000000007 40553.000000000007 51562.250000000007 47928.000000000007 46484.000000000007 69.500000000000014 54099.125000000007 54813.625000000007
decision_type=2 2 2 2 2 2 2 2 2 2 2 2 2 2 2 2 2 2 2 2 2 2 2 2 2 2 2 2 2 2
left_child=1 2 3 4 6 -3 7 8 -1 -8 -2 -12 -13 14 -14 -15 -17 -18 -19 25 -21 -22 23 -23 -25 26 27 -20 -24 -30
right_child=10 5 -4 -5 -6 -7 9 -9 -10 -11 11 12 13 15 -16 16 17 18 19 20 21 22 28 24 -26 -27 -28 -29 29 -31
leaf_value=0.0012201333618577339 0.0010120211685400295 0.0024979793671809601 -0.0015547797964730612 0.0023812331194058064 -0.0024008325068280104 4.7780061140656475e-05 0.0020231895855007073 -0.0019431547346440228 -0.00061176755808520363 0.00013478952459990978 -0.0011090478328696918 0.0010993152892860097 0.00022476355807157236 0.00083530570657732069 -0.0016074481766625512 -0.0015559428194537759 0.0013418681283170978 -0.0013598912136613167 -0.00065923906778070059 -0.0020492781795716534 0.001488506766749666 -0.0037186613511294127 0.00064130844380355591 0.0019632249819831206 -0.0016063661045896318 0.0022244530679334119 -0.0011560275277588516 0.0026312162135062474 -0.0018780466518364847 -1.7146387600935426e-06
leaf_weight=32 23 20 30 25 22 29 30 22 37 29 24 21 60 68 41 25 30 29 22 30 31 25 136 26 26 23 33 28 48 3475
leaf_count=32 23 20 30 25 22 29 30 22 37 29 24 21 60 68 41 25 30 29 22 30 31 25 136 26 26 23 33 28 48 3475
internal_value=-5.66838e-13 0.000179994 -7.34288e-06 0.000228307 -8.46178e-05 0.00104786 0.000255094 -0.000289456 0.00023781 0.00109499 -1.1761e-05 -1.73661e-05 -1.10935e-05 -1.67044e-05 -0.000519006 -4.19329e-06 -1.85113e-05 -8.8102e-06 -1.91155e-05 -9.15326e-06 -2.84197e-05 -1.23258e-05 -2.47791e-05 -0.00108686 0.000178429 0.000680984 0.000253276 0.00118342 -2.42871e-06 -2.72792e-05
internal_weight=4500 276 227 197 172 49 150 91 69 59 4224 4201 4177 4156 101 4055 3987 3962 3932 3903 3797 3767 3736 77 52 106 83 50 3659 3523
internal_count=4500 276 227 197 172 49 150 91 69 59 4224 4201 4177 4156 101 4055 3987 3962 3932 3903 3797 3767 3736 77 52 106 83 50 3659 3523
is_linear=0
shrinkage=0.1


Tree=78
num_leaves=31
num_cat=0
split_feature=6 6 8 8 8 6 10 5 9 6 1 10 5 7 10 10 6 7 8 8 8 4 5 9 9 7 9 6 6 6
split_gain=0.00092844 0.00501419 0.00734794 0.00571144 0.00492602 0.00454762 0.00548708 0.00901661 0.00839446 0.00362638 0.00373189 0.00312873 0.00323306 0.00872519 0.00345854 0.00545986 0.002964 0.00252283 0.00224803 0.00953606 0.00882324 0.00875253 0.00573898 0.00294634 0.0140852 0.0167141 0.00777282 0.00845581 0.0165691 0.0106578
threshold=104106.75000000001 99592.917968750015 94405.875000000015 89317.750000000015 97684.875000000015 95222.167968750015 113779.37500000001 112457.00000000001 98600.250000000015 108422.16796875001 65.500000000000014 107096.87500000001 105744.00000000001 179062728.00000003 100448.00000000001 101838.62500000001 111771.58203125001 260751416.00000003 88631.250000000015 85816.250000000015 84929.000000000015 85297.500000000015 93552.500000000015 82385.750000000015 81626.000000000015 81700292.000000015 81167.500000000015 79776.750000000015 81627.082031250015 83144.914062500015
decision_type=2 2 2 2 2 2 2 2 2 2 2 2 2 2 2 2 2 2 2 2 2 2 2 2 2 2 2 2 2 2
left_child=1 5 3 -3 -4 11 7 8 -7 -2 -11 12 14 -14 18 -16 -12 -18 19 20 23 -20 -21 24 26 -26 27 -1 -29 -30
right_child=9 2 4 -5 -6 6 -8 -9 -10 10 16 -13 13 -15 15 -17 17 -19 21 22 -22 -23 -24 -25 25 -27 -28 28 29 -31
leaf_value=-1.0057772268031461e-05 -0.00080470466808251612 0.00042335807922340581 -0.0010386040192787295 0.0026603897520981264 0.00083838281671291804 -0.0019168656645649066 -0.0021270767122041436 0.0012473384142611867 0.00024600922205375835 -0.0011027512161738493 0.0012134352748814439 0.00077415909837790821 0.00091246457507266959 -0.0014729794884181541 0.0018731763837859035 -0.00031403171929663852 -0.00040909982053563001 0.00069867721382145054 -0.00083481983443641156 4.1312229725354842e-05 0.002057037615062048 0.0017398345918815221 -0.0020284509096126311 -0.00028970547425429325 0.0035192971788346769 -0.00021602903687617864 -0.0015467730525415392 0.0019052601068800029 -0.0020970133497663166 0.00094726875869800223
leaf_weight=3265 68 21 27 25 29 38 20 27 34 22 28 53 23 46 25 21 52 34 23 21 21 31 37 318 25 23 32 65 23 23
leaf_count=3265 68 21 27 25 29 38 20 27 34 22 28 53 23 46 25 21 52 34 23 21 21 31 37 318 25 23 32 65 23 23
internal_value=-4.95311e-12 9.89814e-06 0.000702657 0.00163914 -6.6593e-05 -6.95009e-06 -0.000616302 -0.000311095 -0.000895508 -0.000208443 8.96875e-05 1.08445e-05 7.859e-07 -0.000677831 1.26312e-05 0.000874668 0.000319807 2.88585e-05 2.48183e-06 -6.49818e-06 1.29506e-05 0.000643223 -0.00127905 1.57653e-06 2.83785e-05 0.00172945 4.41972e-06 1.9123e-05 0.000877457 -0.000574872
internal_weight=4500 4296 102 46 56 4194 119 99 72 204 136 4075 4022 69 3953 46 114 86 3907 3853 3795 54 58 3774 3456 48 3408 3376 111 46
internal_count=4500 4296 102 46 56 4194 119 99 72 204 136 4075 4022 69 3953 46 114 86 3907 3853 3795 54 58 3774 3456 48 3408 3376 111 46
is_linear=0
shrinkage=0.1


Tree=79
num_leaves=31
num_cat=0
split_feature=4 4 8 8 9 9 8 7 5 1 7 7 3 1 3 6 5 10 9 6 5 8 9 9 10 7 7 7 4 4
split_gain=0.000900758 0.0132465 0.0210547 0.00806843 0.0215341 0.0107709 0.00803543 0.00859938 0.0126554 0.00750363 0.00749372 0.00547564 0.00530837 0.0142551 0.0111046 0.00964119 0.0107605 0.0152778 0.00891135 0.00798377 0.00780516 0.00760165 0.00962011 0.00938815 0.0168085 0.00854473 0.0173128 0.00672036 0.00650267 0.00633249
threshold=67061.500000000015 66288.500000000015 71323.125000000015 71734.750000000015 74490.250000000015 72642.500000000015 73230.875000000015 4534712.5000000009 81328.500000000015 69.500000000000014 59027172.000000007 3138584.8750000005 80290.500000000015 74.500000000000014 81882.000000000015 78834.417968750015 88750.500000000015 88654.250000000015 81626.000000000015 83144.914062500015 85780.000000000015 78134.500000000015 84749.000000000015 87426.000000000015 91015.625000000015 76308756.000000015 38833456.000000007 10464234.500000002 74612.000000000015 71711.000000000015
decision_type=2 2 2 2 2 2 2 2 2 2 2 2 2 2 2 2 2 2 2 2 2 2 2 2 2 2 2 2 2 2
left_child=1 -1 -3 5 -5 -2 9 11 -9 -6 -7 -8 13 20 -14 -16 18 28 -17 -19 -10 22 -21 25 -25 26 -23 -26 -18 -29
right_child=3 2 -4 4 6 10 7 8 12 -11 -12 -13 14 -15 15 16 17 19 -20 21 -22 23 -24 24 27 -27 -28 29 -30 -31
leaf_value=-1.8416723051198544e-06 -0.0022336774971336128 -0.00022573676086156755 0.0032771236786174997 0.0027918253059464474 1.0173260816372931e-05 -0.0011079819945734926 -0.00029571411640582875 0.0023192769925420484 0.00046910050968151722 -0.0026382715760163316 0.0012189936183858664 -0.0023318476574495438 -0.0020627881337767812 -0.0012289946687153797 0.0021662545541767035 -0.0026077342111550804 0.0032145069469697776 -0.0020200485235545786 -0.00037138231849411922 0.0024819899436638315 0.0031089663777189953 -0.0016902453634106826 1.3262863074870487e-05 0.0027633848959918729 -0.0018082480212407454 -0.0021325153787620367 0.0020284912427000349 -0.0014274185796364629 0.00072310335553166542 8.8745813234709207e-05
leaf_weight=3157 39 37 32 27 20 31 28 24 21 23 25 25 27 22 20 28 20 20 49 27 24 31 38 22 21 40 21 29 22 550
leaf_count=3157 39 37 32 27 20 31 28 24 21 23 25 25 27 22 20 28 20 20 49 27 24 31 38 22 21 40 21 29 22 550
internal_value=-2.07074e-12 2.81158e-05 0.00139878 -7.11943e-05 2.41286e-07 -0.000957748 -6.51865e-05 -1.31813e-05 4.92028e-05 -0.00140644 -6.91536e-05 -0.00125615 -3.58962e-06 0.000857141 -6.33502e-05 -5.79705e-06 -5.31184e-05 5.04775e-05 -0.0011846 -4.72426e-05 0.00187703 3.4071e-06 0.00103873 -9.08454e-05 4.86114e-05 -0.00103369 -0.000188448 -5.09302e-05 0.00190949 1.28067e-05
internal_weight=4500 3226 69 1274 1179 95 1152 1109 1056 43 56 53 1032 67 965 938 918 841 77 799 45 779 65 714 622 92 52 600 42 579
internal_count=4500 3226 69 1274 1179 95 1152 1109 1056 43 56 53 1032 67 965 938 918 841 77 799 45 779 65 714 622 92 52 600 42 579
is_linear=0
shrinkage=0.1


Tree=80
num_leaves=31
num_cat=0
split_feature=7 7 5 7 1 7 3 9 1 8 4 3 3 3 7 4 4 3 5 9 3 8 9 10 6 1 1 3 8 9
split_gain=0.000966951 0.00821359 0.00967586 0.00662401 0.00884106 0.00469971 0.0066246 0.0137179 0.00749651 0.0122805 0.0174527 0.0181372 0.00617026 0.00392868 0.00372714 0.016551 0.016627 0.0153145 0.00359941 0.00529103 0.00413307 0.00859458 0.00771988 0.0118143 0.00934976 0.00539745 0.00962332 0.00511465 0.0050597 0.00777089
threshold=5186817.2500000009 4356968.0000000009 51294.000000000007 3836282.8750000005 73.500000000000014 3466173.1250000005 45297.000000000007 50352.000000000007 67.500000000000014 57030.750000000007 60504.500000000007 68179.000000000015 38330.000000000007 66485.000000000015 6040313.7500000009 54369.000000000007 44813.000000000007 71230.500000000015 34794.500000000007 32102.250000000004 35136.000000000007 35429.375000000007 40234.250000000007 44170.500000000007 42374.166015625007 70.500000000000014 65.500000000000014 42473.000000000007 40592.875000000007 44706.750000000007
decision_type=2 2 2 2 2 2 2 2 2 2 2 2 2 2 2 2 2 2 2 2 2 2 2 2 2 2 2 2 2 2
left_child=1 3 -3 5 -5 6 12 -8 -9 -10 -11 -12 -1 -4 15 16 -2 -17 -16 -20 -21 25 -23 -24 -25 26 -22 -26 -29 -30
right_child=14 2 13 4 -6 -7 7 8 9 10 11 -13 -14 -15 18 17 -18 -19 19 20 21 22 23 24 27 -27 -28 28 29 -31
leaf_value=0.00013682777897620031 -0.0012460640653790464 -0.00063124987169761552 0.0011615953439225754 -0.002095824471590194 0.00052889169116194059 0.0012006038904979102 -0.0026609123097327742 -0.0014599997347525869 0.0020366015693833754 -0.002867347309365869 0.0029164832151894059 -0.00071270778862526647 0.0019721432338253814 0.0029709883051691581 -0.00095641230388234053 -0.0037153633777052167 0.0026878056941892613 -0.00010433023537347174 0.0014591862845700235 0.0011690433776432958 -6.462823312176624e-05 0.0014951539299051678 -0.0022085048743368438 0.0020273121109272798 0.0012839384557258699 3.7672421603929253e-05 -0.0023664864628309655 -0.00076849943961646852 0.0012895057272621767 -4.8410116194434851e-06
leaf_weight=62 21 22 30 33 21 36 23 29 31 20 21 40 26 20 39 24 22 23 25 30 32 35 24 23 31 43 42 85 47 3540
leaf_count=62 21 22 30 33 21 36 23 29 31 20 21 40 26 20 39 24 22 23 25 30 32 35 24 23 31 43 42 85 47 3540
internal_value=-1.15535e-12 0.000145628 0.00111639 -5.87431e-05 -0.0010751 0.000131824 -2.08587e-05 -0.000396436 -2.70529e-05 0.000343978 -0.000303816 0.000536686 0.00067908 0.00188535 -1.47553e-05 -0.000651155 0.000766613 -0.00194826 -4.21938e-07 9.00026e-06 -2.20153e-07 -9.20988e-06 1.68834e-05 3.08621e-06 1.73316e-05 -0.000853339 -0.00137109 4.84721e-06 -5.95122e-06 1.21186e-05
internal_weight=4500 414 72 342 54 288 252 164 141 112 81 61 88 50 4086 90 43 47 3996 3957 3932 3902 3785 3750 3726 117 74 3703 3672 3587
internal_count=4500 414 72 342 54 288 252 164 141 112 81 61 88 50 4086 90 43 47 3996 3957 3932 3902 3785 3750 3726 117 74 3703 3672 3587
is_linear=0
shrinkage=0.1


Tree=81
num_leaves=31
num_cat=0
split_feature=7 7 8 1 3 4 5 10 9 6 9 10 1 7 1 7 7 7 7 6 4 7 9 8 4 8 3 8 9 5
split_gain=0.000882338 0.00373061 0.00381431 0.00127486 0.00609124 0.00838838 0.00588221 0.00477331 0.0042573 0.0103467 0.00671967 0.00681271 0.0057469 0.00471607 0.00368974 0.00913766 0.025737 0.0063429 0.00322563 0.00272132 0.00363268 0.00661806 0.00492087 0.00512675 0.00789464 0.00637561 0.00358429 0.00394284 0.00336864 0.00989887
threshold=450195744.00000006 516071232.00000006 76523.875000000015 61.500000000000007 78396.500000000015 69824.000000000015 74208.500000000015 96105.125000000015 62312.250000000007 55920.666015625007 44053.250000000007 43092.000000000007 59.500000000000007 6474817.0000000009 63.500000000000007 35293144.000000007 6773672.2500000009 78946652.000000015 17821447.000000004 29777.333007812504 28792.500000000004 30948749.000000004 37338.750000000007 36426.125000000007 31633.000000000004 37405.375000000007 55451.000000000007 31835.250000000004 40788.000000000007 45258.000000000007
decision_type=2 2 2 2 2 2 2 2 2 2 2 2 2 2 2 2 2 2 2 2 2 2 2 2 2 2 2 2 2 2
left_child=3 -2 -3 4 6 -6 8 -7 9 10 11 13 -12 -1 15 16 -5 -17 -18 -16 21 -21 -22 24 -24 -25 27 -23 -27 -30
right_child=1 2 -4 14 5 7 -8 -9 -10 -11 12 -13 -14 -15 19 17 18 -19 -20 20 22 26 23 25 -26 28 -28 -29 29 -31
leaf_value=0.0011094746483649943 0.0011460356736172209 0.00056924404586122064 -0.00093125619650891167 -0.0020991042811406911 0.0024324989035868876 -0.00092121594186340061 -0.0017015792784513908 0.0011865533229535109 0.0014816518779844046 -0.0021356062187502783 0.0021252726088277995 -0.0018004041122780604 -3.451796708924865e-05 -0.00054835050879675589 0.00083983132958804314 -0.0024488960766105047 0.00085728372935028299 -0.00055238917133667404 0.0025543489231495188 -0.0018812430492634404 0.00086714668485980771 -0.0004727812981317667 0.00051595711106942465 0.0017012039913838221 -0.0019151800508980694 -0.0011630711912875996 -0.0011310786025465599 0.0014428762120327779 0.0021165134131231091 -1.1052794120958332e-05
leaf_weight=32 34 36 32 28 26 21 20 22 20 21 28 22 22 37 38 29 21 45 24 29 65 22 22 22 34 25 21 21 22 3659
leaf_count=32 34 36 32 28 26 21 20 22 20 21 28 22 22 37 38 29 21 45 24 29 65 22 22 22 34 25 21 21 22 3659
internal_value=3.19254e-12 0.000290763 -0.000136874 -6.74347e-06 0.000203361 0.00101455 -7.37263e-05 0.000157178 0.000105159 -6.47788e-05 0.000243642 -0.000268073 0.00117496 0.000220496 -2.054e-05 -0.000512538 0.000281266 -0.00129561 0.00176239 -2.36824e-06 -1.04869e-05 -0.000628059 4.435e-06 -1.03843e-05 -0.00096009 3.88166e-06 -6.021e-05 0.000462772 -6.19419e-06 1.6629e-06
internal_weight=4500 102 68 4398 271 69 202 43 182 162 141 91 50 69 4127 147 73 74 45 3980 3942 93 3849 3784 56 3728 64 43 3706 3681
internal_count=4500 102 68 4398 271 69 202 43 182 162 141 91 50 69 4127 147 73 74 45 3980 3942 93 3849 3784 56 3728 64 43 3706 3681
is_linear=0
shrinkage=0.1


Tree=82
num_leaves=31
num_cat=0
split_feature=9 5 10 10 5 7 10 6 6 8 4 3 6 8 6 9 5 7 7 9 7 1 10 7 5 5 3 1 4 10
split_gain=0.000908413 0.00951216 0.0115979 0.00818204 0.00955875 0.0178005 0.00991384 0.00810641 0.00979866 0.00749438 0.0186702 0.0132482 0.0139611 0.0113917 0.00777316 0.00692983 0.00661565 0.00600913 0.0246065 0.00956897 0.00807642 0.00898134 0.00685999 0.00594522 0.00997533 0.00734057 0.0257612 0.0132317 0.016279 0.0119209
threshold=63433.750000000007 67661.500000000015 65687.000000000015 66829.875000000015 70148.500000000015 18187401.000000004 68698.625000000015 66072.000000000015 64713.417968750007 59005.250000000007 51456.000000000007 63281.500000000007 61932.666015625007 58405.875000000007 63192.750000000007 64518.000000000007 71544.500000000015 5531487.2500000009 4203014.7500000009 74490.250000000015 8806225.0000000019 70.500000000000014 81521.500000000015 10464234.500000002 81871.000000000015 77464.500000000015 66025.500000000015 68.500000000000014 60758.500000000007 78656.625000000015
decision_type=2 2 2 2 2 2 2 2 2 2 2 2 2 2 2 2 2 2 2 2 2 2 2 2 2 2 2 2 2 2
left_child=7 2 -2 -3 5 -5 -6 8 9 13 -11 12 -12 14 -1 -8 -17 18 19 -18 21 -19 -23 24 -22 26 -25 28 -28 -27
right_child=1 3 -4 4 6 -7 15 -9 -10 10 11 -13 -14 -15 -16 16 17 20 -20 -21 23 22 -24 25 -26 29 27 -29 -30 -31
leaf_value=1.1844932069292062e-05 -0.003260863274335861 0.0019551575959970554 -0.00024214603405978 -0.0026522032010394174 0.0019100101344520226 0.00076207133869712169 -0.0012749918755468762 0.0020546815183479341 -0.0021172788260238515 0.0035388212673188677 0.00080021583785613382 0.0018841301192174622 -0.0023341908697383823 -0.0022056068739165434 0.0019946163054555656 0.0013512344177191457 0.0015044118704584739 0.00026146719202158915 0.0036953574599465355 -0.00094111646637126494 0.0025404461872919155 -0.0030117834380899485 -0.00054836012888699766 0.0025298224966973067 -0.0002378641752459641 0.00081596325542870386 0.0017460668484705526 -0.0012638475941214203 -0.0016417839503644603 -4.9564484958086345e-05
leaf_weight=1735 20 21 35 37 27 26 43 20 21 21 30 31 27 23 20 36 24 31 22 48 24 26 20 25 28 176 37 183 23 1660
leaf_count=1735 20 21 35 37 27 26 43 20 21 21 30 31 27 23 20 36 24 31 22 48 24 26 20 25 28 176 37 183 23 1660
internal_value=-5.09721e-13 -3.89004e-05 -0.00133986 -1.04725e-05 -2.70103e-05 -0.00124314 4.48008e-06 5.1894e-05 3.09005e-05 5.48071e-05 0.000859694 0.000220356 -0.000684503 5.46362e-06 3.44406e-05 -1.69037e-05 5.99001e-06 -1.48217e-05 0.000768406 -0.00012594 -4.77923e-05 -0.00105413 -0.00194073 -1.18516e-05 0.00104443 -3.79575e-05 -0.000526847 -0.00084132 0.000447391 3.34055e-05
internal_weight=4500 2572 55 2517 2496 63 2433 1928 1908 1887 109 88 57 1778 1755 2406 2363 2327 94 72 2233 77 46 2156 52 2104 268 243 60 1836
internal_count=4500 2572 55 2517 2496 63 2433 1928 1908 1887 109 88 57 1778 1755 2406 2363 2327 94 72 2233 77 46 2156 52 2104 268 243 60 1836
is_linear=0
shrinkage=0.1


Tree=83
num_leaves=31
num_cat=0
split_feature=4 4 5 9 7 7 9 4 1 4 5 8 3 5 7 5 10 7 9 6 4 8 7 10 8 8 8 4 1 9
split_gain=0.000880151 0.0202326 0.0094967 0.00856037 0.016051 0.00831715 0.0170907 0.00914899 0.0190423 0.011157 0.0207155 0.0172842 0.0102268 0.00854797 0.0162763 0.0139376 0.0117899 0.0140643 0.0135332 0.012298 0.0121312 0.00859115 0.0291812 0.00852625 0.0122678 0.00806333 0.00706254 0.009577 0.0142822 0.0110794
threshold=59084.500000000007 59886.000000000007 75399.000000000015 75622.500000000015 134188016.00000001 1180103.8750000002 64199.000000000007 60758.500000000007 68.500000000000014 61884.500000000007 81520.500000000015 65128.750000000007 80563.000000000015 72380.500000000015 6040313.7500000009 74043.000000000015 74842.500000000015 10073146.000000002 73494.000000000015 73881.250000000015 64344.500000000007 69018.625000000015 31486666.000000004 83980.625000000015 66381.625000000015 67962.750000000015 69183.750000000015 57754.500000000007 69.500000000000014 66045.000000000015
decision_type=2 2 2 2 2 2 2 2 2 2 2 2 2 2 2 2 2 2 2 2 2 2 2 2 2 2 2 2 2 2
left_child=3 2 -2 26 -5 -3 -7 8 -8 10 11 -9 -10 14 -11 -15 17 -17 21 -20 -19 22 -18 24 -24 -12 27 -1 -29 -30
right_child=1 5 -4 4 -6 6 7 9 12 13 25 -13 -14 15 -16 16 18 20 19 -21 -22 -23 23 -25 -26 -27 -28 28 29 -31
leaf_value=2.7373121202011549e-05 0.0028437334888925156 0.0020167645282344895 0.00054679157578397684 -0.0031720352436726295 -0.00029227406992140463 -0.002401171500484149 0.0037313620024360715 -0.00083826225134544076 -0.00097137420212454876 -0.00012680190319026057 0.0019254337796675309 -0.0044819205756420682 0.0018943596805911511 -0.0020870791864581405 0.0034344997467650549 0.00352496043080464 0.0026532051841849868 0.0017648099359638732 0.0021282993892132902 1.1612934494780918e-05 -0.001310512196758519 -0.0020683706534327939 -0.00065611964938315482 0.00015188121469691398 -0.0040351917523713341 -0.00073257596697658307 0.0017465110544277276 -0.0032975942960807255 -0.0014244718831919489 0.0010240671041449815
leaf_weight=2248 36 20 36 24 100 30 20 30 33 33 21 23 20 32 21 20 23 29 28 1394 23 48 22 21 21 25 23 21 42 33
leaf_count=2248 36 20 36 24 100 30 20 30 33 33 21 23 20 32 21 20 23 29 28 1394 23 48 22 21 21 25 23 21 42 33
internal_value=-5.98346e-13 4.92458e-05 0.00169526 -3.97169e-05 -0.000849647 -1.19381e-05 -3.31035e-05 4.54465e-06 0.00110218 -3.9627e-05 -0.00107184 -0.00241947 0.000110035 1.99586e-05 0.00125815 -2.02956e-05 2.03042e-05 0.00127135 -3.75475e-05 5.32917e-05 0.000404571 -0.000994387 -0.000401844 -0.00149975 -0.00230636 0.000480863 2.7129e-06 -1.43977e-05 -0.000992532 -0.000347115
internal_weight=4500 2009 72 2491 124 1937 1917 1887 73 1814 99 53 53 1715 54 1661 1629 72 1557 1422 52 135 87 64 43 46 2367 2344 96 75
internal_count=4500 2009 72 2491 124 1937 1917 1887 73 1814 99 53 53 1715 54 1661 1629 72 1557 1422 52 135 87 64 43 46 2367 2344 96 75
is_linear=0
shrinkage=0.1


Tree=84
num_leaves=31
num_cat=0
split_feature=7 7 3 4 6 3 7 5 3 3 7 10 8 7 1 5 8 9 9 9 5 1 8 1 4 5 4 10 7 7
split_gain=0.00110872 0.00218775 0.00588212 0.0100608 0.0131929 0.00548746 0.00290591 0.00135892 0.00592855 0.00353705 0.00356803 0.00262202 0.0137871 0.00859196 0.00636434 0.00562599 0.00296454 0.00874599 0.00499871 0.00498477 0.00483225 0.0151709 0.00905369 0.0114584 0.00458979 0.0036084 0.00722257 0.00407219 0.00323491 0.00438009
threshold=1009896.2187500001 2579147.2500000005 45297.000000000007 53281.500000000007 67443.085937500015 34275.000000000007 2893177.0000000005 36175.500000000007 36034.500000000007 26665.000000000004 7563460.7500000009 44170.500000000007 39212.375000000007 7338287.7500000009 65.500000000000014 46305.500000000007 35429.375000000007 39028.000000000007 42525.500000000007 43640.000000000007 51702.500000000007 66.500000000000014 45720.000000000007 72.500000000000014 35014.000000000007 53404.500000000007 41016.500000000007 51906.875000000007 3274066.7500000005 3836282.8750000005
decision_type=2 2 2 2 2 2 2 2 2 2 2 2 2 2 2 2 2 2 2 2 2 2 2 2 2 2 2 2 2 2
left_child=-1 2 5 -4 -5 -2 -3 9 -9 -8 -11 12 13 -10 -15 -13 17 -17 24 -20 21 -21 23 -23 -18 26 -22 -28 -27 -30
right_child=1 6 3 4 -6 -7 7 8 11 10 -12 15 -14 14 -16 16 18 -19 19 20 25 22 -24 -25 -26 28 27 -29 29 -31
leaf_value=-0.00055273348504366975 0.00012253763321179735 -0.00090217916222172794 -0.0016454003618231842 0.0024682350659176061 -0.00085038435319438577 0.0022244990492860479 0.00064397761968641807 0.0011491787869534974 -0.0018041948957199403 0.00018957451742608101 -0.0015031268524718614 0.0016048465432091194 -0.0027923713759740905 0.0014891994733796524 -0.00019928947126922702 0.00080025505105202853 0.0020768770514140752 -0.0017898354934004603 -0.0013314491385244766 -0.0017510007601231337 -0.0021738290766497022 0.0020817609286055932 0.0030521044330227946 -0.00054105317649373326 0.00021217554793552019 -0.0011558150290511549 0.0010590898827649653 -0.0009588773903669791 0.0011065765193456578 -1.8883402342907587e-06
leaf_weight=36 23 36 28 23 25 27 22 45 22 20 33 22 21 34 65 22 22 32 28 21 23 31 21 36 33 24 20 20 36 3649
leaf_count=36 23 36 28 23 25 27 22 45 22 20 33 22 21 34 65 22 22 32 28 21 23 31 21 36 33 24 20 20 36 3649
internal_value=-1.32784e-12 4.45753e-06 0.000415226 -0.000138966 0.000739787 0.0012576 -7.4735e-06 1.35802e-08 7.50003e-06 -0.000421923 -0.000864372 -4.7849e-06 -0.000427135 -1.6639e-05 0.000380596 1.00601e-05 1.32804e-06 -0.000734613 1.13535e-05 -1.96672e-06 7.62501e-06 0.000664035 0.00124035 0.000672488 0.000958056 -1.13434e-05 -0.000761807 5.01062e-05 1.40379e-06 8.94062e-06
internal_weight=4500 4464 126 76 48 50 4338 4302 4227 75 53 4182 142 121 99 4040 4018 54 3964 3909 3881 109 88 67 55 3772 63 40 3709 3685
internal_count=4500 4464 126 76 48 50 4338 4302 4227 75 53 4182 142 121 99 4040 4018 54 3964 3909 3881 109 88 67 55 3772 63 40 3709 3685
is_linear=0
shrinkage=0.1


Tree=85
num_leaves=31
num_cat=0
split_feature=7 7 3 7 3 3 7 7 6 10 4 6 8 8 7 1 4 8 7 6 8 7 1 1 7 7 1 4 7 5
split_gain=0.000898064 0.00177208 0.00476452 0.00941552 0.00444484 0.00434208 0.00235379 0.00115546 0.0100108 0.0233807 0.0109458 0.00931961 0.0194587 0.00960106 0.00301412 0.00862183 0.00376041 0.0159271 0.00767258 0.00616572 0.00466146 0.00356176 0.0147954 0.0124704 0.00497786 0.00385385 0.0111564 0.00738471 0.0052266 0.00286752
threshold=1009896.2187500001 2579147.2500000005 45297.000000000007 2187624.7500000005 34275.000000000007 55963.000000000007 2893177.0000000005 5186817.2500000009 69030.832031250015 64166.375000000007 73896.000000000015 58418.250000000007 52621.000000000007 44298.000000000007 7061542.5000000009 65.500000000000014 60627.000000000007 56229.375000000007 6474817.0000000009 71566.750000000015 50426.875000000007 8204142.2500000009 74.500000000000014 70.500000000000014 7563460.7500000009 9768637.5000000019 68.500000000000014 60504.500000000007 10073146.000000002 34794.500000000007
decision_type=2 2 2 2 2 2 2 2 2 2 2 2 2 2 2 2 2 2 2 2 2 2 2 2 2 2 2 2 2 2
left_child=-1 2 4 5 -2 -4 -3 8 9 11 -10 12 13 -8 15 -9 17 18 20 -18 -17 22 23 24 -16 26 -23 -28 -27 -30
right_child=1 6 3 -5 -6 -7 7 14 10 -11 -12 -13 -14 -15 21 16 19 -19 -20 -21 -22 25 -24 -25 -26 28 27 -29 29 -31
leaf_value=-0.00049746012082323436 0.00011028385918546954 -0.00081196118909348212 -0.0019756174158482328 0.0015645518954640822 0.0020020491857495573 -0.00012506235108276088 -0.00020608141489059629 -0.0019003951660124586 0.0032858057064004244 -0.0029599204733967779 0.00022278436808846893 0.0020281008548206753 -0.0025057268954114991 0.001885056448785739 -0.00038152687761577826 -0.00052727808662015815 -0.0021440389938652514 0.0027995525259757416 -0.0019466231598264793 4.5837698012797371e-05 0.0014290294588222641 -0.0020964103384518667 0.002882491824725135 -0.0021988877188414339 0.0016712911431332707 0.0012080771736590478 0.0011464588789801512 -0.00085439845868863929 -0.0010491985375455652 4.7267080649116764e-06
leaf_weight=36 23 36 21 23 27 32 54 32 20 25 28 27 25 37 21 29 20 20 22 36 21 34 22 20 27 36 35 39 26 3646
leaf_count=36 23 36 21 23 27 32 54 32 20 25 28 27 25 37 21 29 20 20 22 36 21 34 22 20 27 36 35 39 26 3646
internal_value=-3.94254e-12 4.01177e-06 0.000373703 -0.000125069 0.00113184 -0.000858301 -6.72615e-06 1.22176e-08 0.000225418 -0.000138475 0.00149904 0.000354785 -3.46938e-05 0.000644161 -1.19035e-05 -0.000411997 -9.01806e-05 0.000303086 -0.000390377 -0.000736261 0.000294371 6.53395e-06 0.000628332 -0.000100955 0.000773183 -8.13109e-06 -0.000596976 9.1953e-05 9.01974e-06 -2.73573e-06
internal_weight=4500 4464 126 76 50 53 4338 4302 216 168 48 143 116 91 4086 180 148 92 72 56 50 3906 90 68 48 3816 108 74 3708 3672
internal_count=4500 4464 126 76 50 53 4338 4302 216 168 48 143 116 91 4086 180 148 92 72 56 50 3906 90 68 48 3816 108 74 3708 3672
is_linear=0
shrinkage=0.1


Tree=86
num_leaves=31
num_cat=0
split_feature=1 7 7 7 6 3 5 7 8 7 4 6 4 4 9 5 9 5 9 7 7 1 1 5 9 7 7 10 9 9
split_gain=0.000885512 0.00547609 0.00717638 0.0117509 0.0110699 0.0131186 0.00898675 0.0073631 0.00363778 0.00363689 0.00268255 0.0036561 0.00125226 0.00303175 0.00208672 0.00264148 0.00555375 0.00443316 0.00367848 0.00203189 0.0025041 0.0124503 0.00472587 0.00344124 0.00245119 0.00911564 0.00758396 0.00786243 0.00738328 0.00668191
threshold=76.500000000000014 5888574.2500000009 16628965.500000002 56336952.000000007 53170.000000000007 83612.500000000015 74450.500000000015 109645528.00000001 67317.750000000015 10464234.500000002 69608.000000000015 72412.917968750015 98622.500000000015 94826.000000000015 117377.25000000001 121147.00000000001 98600.250000000015 117520.50000000001 106449.25000000001 450195744.00000006 310655600.00000006 70.500000000000014 72.500000000000014 115655.00000000001 94733.250000000015 103469816.00000001 43090314.000000007 103076.12500000001 101037.50000000001 93203.500000000015
decision_type=2 2 2 2 2 2 2 2 2 2 2 2 2 2 2 2 2 2 2 2 2 2 2 2 2 2 2 2 2 2
left_child=12 -2 9 4 -4 6 -6 8 -5 -3 11 -9 13 14 15 17 -17 19 -18 20 23 -22 -23 24 29 26 -26 -28 -29 -1
right_child=1 2 3 7 5 -7 -8 10 -10 -11 -12 -13 -14 -15 -16 16 18 -19 -20 -21 21 22 -24 -25 25 -27 27 28 -30 -31
leaf_value=1.6797914578381715e-05 0.0012709828957061596 -0.00052184798026116497 -0.0012100237180129626 -0.00085939901124220351 0.001124117959290743 -0.00066260469913686398 0.0039302017606262655 -0.00052787145278194829 -0.0026447253656529247 -0.0021484665990876106 -0.0009065632222463255 0.0012971232391820473 -0.00039358911477029327 0.0010375895617722437 -0.00089930281322449452 0.0016638194350525736 -0.00078740313105906063 -0.0010997165262880218 0.00076590554127770093 0.00071533712623754475 0.0013627398737960242 -0.002685299394361209 -0.00064065326855947775 0.0013266171701252461 -0.0010005901431073792 -0.001447410055739313 0.0020861041568288651 -0.0011990637265486071 0.0012332371474864583 0.0015675246856907115
leaf_weight=3640 24 28 20 25 25 20 21 21 21 27 23 23 75 29 25 30 30 36 31 41 22 20 26 20 39 53 27 26 24 28
leaf_count=3640 24 28 20 25 25 20 21 21 21 27 23 23 75 29 25 30 30 36 31 41 22 20 26 20 39 53 27 26 24 28
internal_value=3.39092e-12 -0.000172873 -0.000309301 -2.98593e-05 0.000850984 0.00147553 0.00240516 -0.000700236 -0.00167444 -0.00132037 -3.13794e-05 0.000426103 1.13829e-05 1.8707e-05 1.15318e-05 1.70951e-05 0.000549841 4.98123e-06 1.98324e-06 1.50087e-05 7.69321e-06 -0.000593863 -0.00152963 1.82988e-05 1.14793e-05 -0.000360881 0.00013555 0.000710998 -3.15593e-05 2.86355e-05
internal_weight=4500 278 254 199 86 66 46 113 46 55 67 44 4222 4147 4118 4093 91 4002 61 3966 3925 68 46 3857 3837 169 116 77 50 3668
internal_count=4500 278 254 199 86 66 46 113 46 55 67 44 4222 4147 4118 4093 91 4002 61 3966 3925 68 46 3857 3837 169 116 77 50 3668
is_linear=0
shrinkage=0.1


Tree=87
num_leaves=31
num_cat=0
split_feature=8 8 9 6 6 5 10 5 9 9 7 7 7 1 8 8 8 8 8 3 9 4 4 9 4 4 4 3 9 4
split_gain=0.000923004 0.00248535 0.00178057 0.00379801 0.00504862 0.0044892 0.00387933 0.00264179 0.00284526 0.00619394 0.00366492 0.00618118 0.0103471 0.00905715 0.00340663 0.00255701 0.00621221 0.00603297 0.0120334 0.008401 0.00967904 0.0158545 0.00488796 0.00330256 0.00294574 0.00439047 0.00356985 0.00288921 0.00641055 0.00212362
threshold=115625.75000000001 108934.75000000001 117377.25000000001 108422.16796875001 106342.58593750001 123927.50000000001 124712.25000000001 119877.00000000001 98600.250000000015 94733.250000000015 43090314.000000007 99502068.000000015 165787248.00000003 71.500000000000014 88056.375000000015 90390.000000000015 88631.250000000015 85816.250000000015 83112.750000000015 86176.000000000015 90887.250000000015 79566.500000000015 78530.000000000015 84285.000000000015 77750.500000000015 76556.000000000015 75695.500000000015 89647.000000000015 91736.500000000015 74112.500000000015
decision_type=2 2 2 2 2 2 2 2 2 2 2 2 2 2 2 2 2 2 2 2 2 2 2 2 2 2 2 2 2 2
left_child=1 2 3 4 5 7 -5 8 9 15 -10 13 -13 -12 -11 16 17 18 22 -20 21 -21 24 -24 25 26 29 -19 -29 -1
right_child=-2 -3 -4 6 -6 -7 -8 -9 10 14 11 12 -14 -15 -16 -17 -18 27 19 20 -22 -23 23 -25 -26 -27 -28 28 -30 -31
leaf_value=9.7975729273861883e-06 0.00051905757281929261 -0.00085566736182526642 -0.00091604215295297943 0.0017201340005088312 -0.0012746958400032694 0.0012460382189601661 -2.4508982896804813e-05 -0.00088031971142353387 -0.00036648125562351199 -0.0016375034761784428 0.0028481284769860888 -0.0012561559018775309 0.0016198080943220041 0.00018234892748296262 -0.00036484342809076071 -0.0010672298482280564 0.0014981162206303064 9.2628569247955015e-05 -0.00061268285555896636 0.00075078181544085965 -0.00030169190306748666 0.0039965722675400755 -0.0017432144981015614 -7.1144727657416047e-05 0.0011849190640662397 -0.0012502829061954148 0.0013067600073381549 -0.0023250823158637753 -9.7854245298852521e-05 -0.00054630093442808308
leaf_weight=3617 34 34 21 26 31 29 25 34 40 33 26 29 22 25 58 22 28 21 23 34 21 27 27 21 21 28 21 28 24 70
leaf_count=3617 34 34 21 26 31 29 25 34 40 33 26 29 22 25 58 22 28 21 23 34 21 27 27 21 21 28 21 28 24 70
internal_value=-5.38704e-13 -3.95163e-06 2.58229e-06 6.95571e-06 -3.08008e-06 6.02597e-06 0.000864917 -2.3369e-06 4.66062e-06 -1.04937e-05 0.000444775 0.000762915 -1.5544e-05 0.00154137 -0.000826358 7.91536e-06 1.38124e-05 3.37797e-06 2.01944e-05 0.00107626 0.00154998 0.00218744 -8.94789e-06 -0.00101168 3.86321e-06 -2.77548e-06 6.64475e-06 -0.000897337 -0.00129713 -7.60305e-07
internal_weight=4500 4466 4432 4411 4360 4329 51 4300 4266 4124 142 102 51 51 91 4033 4011 3983 3910 105 82 61 3805 48 3757 3736 3708 73 52 3687
internal_count=4500 4466 4432 4411 4360 4329 51 4300 4266 4124 142 102 51 51 91 4033 4011 3983 3910 105 82 61 3805 48 3757 3736 3708 73 52 3687
is_linear=0
shrinkage=0.1


Tree=88
num_leaves=31
num_cat=0
split_feature=8 9 5 8 10 4 8 7 9 3 6 5 10 7 8 5 8 10 9 4 9 6 5 5 10 6 6 8 9 10
split_gain=0.000844623 0.00929686 0.0129372 0.0113343 0.00849504 0.00694656 0.0168763 0.00714055 0.00710145 0.0195702 0.00600215 0.0191323 0.0119051 0.0173797 0.00552365 0.0218024 0.00702681 0.00474624 0.00748574 0.0179834 0.00667154 0.0114584 0.00626303 0.00478177 0.00468874 0.00881645 0.0157031 0.00769388 0.00654979 0.0081138
threshold=71323.125000000015 74490.250000000015 78128.000000000015 71734.750000000015 75509.250000000015 66112.500000000015 69784.625000000015 44162748.000000007 70154.750000000015 80993.500000000015 76529.082031250015 80852.500000000015 80993.500000000015 8806225.0000000019 69784.625000000015 81730.500000000015 69417.750000000015 81789.125000000015 77341.750000000015 69156.000000000015 79923.250000000015 79220.917968750015 85245.000000000015 86914.500000000015 87700.250000000015 83144.914062500015 81307.917968750015 79250.000000000015 84749.000000000015 95428.250000000015
decision_type=2 2 2 2 2 2 2 2 2 2 2 2 2 2 2 2 2 2 2 2 2 2 2 2 2 2 2 2 2 2
left_child=5 4 -3 -4 -2 14 8 -8 -7 -10 11 -5 13 -12 16 -16 -1 -14 19 -19 21 -20 -22 -24 27 26 -26 -25 29 -27
right_child=1 2 3 10 -6 6 7 -9 9 -11 12 -13 17 -15 15 -17 -18 18 20 -21 22 -23 23 24 25 28 -28 -29 -30 -31
leaf_value=-5.2939338326237408e-06 -0.0001395127439702099 -0.0025112124602310361 0.0024137843662174422 0.00099897904969427896 0.0024298681960170793 -0.0011786947891648328 -0.0027379245741758497 -0.00046077801019973349 0.003392383598547895 -0.00076839806726918772 -0.00072039070461566259 -0.0029974364414811134 -0.0014053158418391833 0.0026998218948928975 0.0028315419766811595 -0.00083527238046586082 -0.0018412113367092043 0.0034802126596332529 -0.0026926455022767189 -0.0007604659406933934 0.0014026322722202169 0.00012754003755299651 -0.0011188020395102762 0.0020249834111503639 0.00089641265571117402 0.0020373947316381551 -0.0026755310708722392 -6.1617170049007552e-05 -3.7386229355056307e-05 -0.00022448248647410297
leaf_weight=2869 22 20 20 23 31 21 40 21 20 26 24 25 24 39 31 34 21 20 25 20 32 34 38 30 20 35 32 43 831 29
leaf_count=2869 22 20 20 23 31 21 40 21 20 26 24 25 24 39 31 34 21 20 25 20 32 34 38 30 20 35 32 43 831 29
internal_value=-1.02751e-12 6.39039e-05 1.34129e-05 5.09817e-05 0.00136333 -2.93713e-05 -0.000750598 -0.00195399 0.000345026 0.00104064 1.52898e-05 -0.00108249 5.65855e-05 0.00139688 1.86965e-06 0.000913516 -1.86345e-05 -1.3026e-05 1.50774e-05 0.00135987 -3.17388e-05 -0.00106745 2.43228e-05 -1.73652e-05 2.36687e-05 -3.58584e-05 -0.00130171 0.00079589 3.76881e-05 0.00101248
internal_weight=4500 1417 1364 1344 53 3083 128 61 67 46 1324 48 1276 63 2955 65 2890 1213 1189 40 1149 59 1090 1058 1020 947 52 73 895 64
internal_count=4500 1417 1364 1344 53 3083 128 61 67 46 1324 48 1276 63 2955 65 2890 1213 1189 40 1149 59 1090 1058 1020 947 52 73 895 64
is_linear=0
shrinkage=0.1


Tree=89
num_leaves=31
num_cat=0
split_feature=1 10 9 7 3 10 5 7 7 9 6 7 3 8 7 1 1 5 7 10 10 8 1 9 4 7 9 7 8 8
split_gain=0.000848681 0.00452264 0.0180589 0.0124592 0.0136445 0.00575918 0.00941196 0.00725245 0.0129434 0.00671188 0.00146999 0.00120842 0.0112766 0.0161567 0.00509701 0.0109641 0.0100616 0.00586681 0.0242778 0.0118949 0.0120135 0.0109818 0.00761705 0.00831114 0.0104916 0.00739228 0.00729084 0.00527851 0.0059753 0.00726006
threshold=76.500000000000014 60692.000000000007 61347.500000000007 10240661.500000002 53985.500000000007 87413.000000000015 70148.500000000015 56336952.000000007 29465962.000000004 91241.250000000015 84909.914062500015 78206080.000000015 60898.500000000007 40592.875000000007 84596904.000000015 67.500000000000014 72.500000000000014 79055.000000000015 91774956.000000015 79080.250000000015 80290.500000000015 54366.000000000007 66.500000000000014 58915.500000000007 42006.000000000007 120604564.00000001 54468.500000000007 94960540.000000015 59539.125000000007 55310.000000000007
decision_type=2 2 2 2 2 2 2 2 2 2 2 2 2 2 2 2 2 2 2 2 2 2 2 2 2 2 2 2 2 2
left_child=11 3 -3 -2 -5 6 -4 8 -8 10 -7 -1 13 -13 15 -14 -17 18 -16 21 -21 -19 26 24 -24 -25 -20 -22 29 -29
right_child=1 2 5 4 -6 9 7 -9 -10 -11 -12 12 14 -15 17 16 -18 19 22 20 27 -23 23 25 -26 -27 -28 28 -30 -31
leaf_value=-2.5535948984338762e-05 0.0024326632771155109 -0.0029199542514979841 -0.0015052001638105139 -0.0023684413699083962 0.0011681480299860899 -0.00097381888946983979 0.00035711698991387194 -0.00023921990103906756 0.003641342245755368 0.00021125747700266188 -0.00217173017893921 0.00020182360943484434 -0.0012062335666269066 0.003296995593924434 -0.0034258182160556319 0.0028205818400300784 0.00016295968936382062 -0.00025344664058850515 -0.00040476260085900624 -0.0018020802426488244 0.00088213211092806891 0.0025439041863945834 -0.00067455973834372484 -0.0024066874131676744 0.0016496580473387675 -0.00035594539001930318 0.0019336401301552543 -0.0001839931122019827 -9.2538876642039858e-05 0.0019471976544468131
leaf_weight=2872 23 25 20 20 24 20 30 33 20 42 21 48 20 26 25 29 28 23 24 36 72 36 52 32 31 39 30 31 735 33
leaf_count=2872 23 25 20 20 24 20 30 33 20 42 21 48 20 26 25 29 28 23 24 36 72 36 52 32 31 39 30 31 735 33
internal_value=6.17335e-13 -0.00016924 -0.000396524 0.000546537 -0.000439393 -5.73538e-05 0.000442156 0.000911399 0.00167081 -0.000677228 -0.00158738 1.11437e-05 8.91762e-05 0.00128932 1.95756e-05 0.000808248 0.00151508 -3.1073e-05 -0.000481477 7.75648e-05 -1.19335e-05 0.00145341 -0.00012759 -0.000485932 0.000193522 -0.00128022 0.00089435 6.20565e-05 -1.18427e-05 0.000914902
internal_weight=4500 278 211 67 44 186 103 83 50 83 41 4222 1350 74 1276 77 57 1199 233 966 907 59 208 154 83 71 54 871 799 64
internal_count=4500 278 211 67 44 186 103 83 50 83 41 4222 1350 74 1276 77 57 1199 233 966 907 59 208 154 83 71 54 871 799 64
is_linear=0
shrinkage=0.1


Tree=90
num_leaves=31
num_cat=0
split_feature=7 7 4 7 7 1 9 8 4 4 5 8 5 7 9 3 7 7 3 7 4 4 8 8 4 7 4 7 7 7
split_gain=0.000846729 0.00544433 0.0116466 0.0039486 0.00377721 0.00530854 0.00798073 0.00865073 0.00847043 0.00714272 0.006574 0.00676578 0.00475298 0.00389816 0.00367917 0.00355774 0.00351036 0.00264738 0.00657268 0.00647986 0.00547128 0.00972158 0.00482913 0.00681093 0.006519 0.00376144 0.00365078 0.00340707 0.00322596 0.00486516
threshold=199233408.00000003 182102712.00000003 61660.500000000007 213034840.00000003 223422432.00000003 70.500000000000014 110395.00000000001 86870.500000000015 65181.500000000007 58928.000000000007 115655.00000000001 51809.250000000007 128630.50000000001 260751416.00000003 87426.000000000015 98967.000000000015 356099712.00000006 162934312.00000003 85913.500000000015 142053408.00000003 62193.500000000007 71711.000000000015 83303.500000000015 68804.125000000015 43924.000000000007 136405064.00000003 44472.000000000007 151063952.00000003 130280256.00000001 108209692.00000001
decision_type=2 2 2 2 2 2 2 2 2 2 2 2 2 2 2 2 2 2 2 2 2 2 2 2 2 2 2 2 2 2
left_child=1 17 -3 15 -5 10 7 8 9 16 11 -6 -12 -13 -10 -2 -7 19 26 25 -20 -22 23 24 -21 28 -19 -26 29 -1
right_child=3 2 -4 4 5 6 -8 -9 14 -11 12 13 -14 -15 -16 -17 -18 18 20 22 21 -23 -24 -25 27 -27 -28 -29 -30 -31
leaf_value=-1.6359474852457858e-05 0.00010579199064522983 0.00052765807242042596 -0.0021000235089780515 -0.00098462377722813364 -0.00037354493330591748 -0.00075629555256932323 0.0013117982373417666 -0.0024104599724523723 0.0019513053260743617 -0.0021980999624550651 -0.00095207641930564451 0.0027516607195138933 0.00067541189354789616 0.0011088805017957033 0.00017547417831208028 0.0017765582718241675 0.0004491331009921851 0.00036066699069037684 0.0021547337774083845 -0.001674834344469543 -0.0013246153527870777 0.0015032429218051896 0.00067684289708267896 -0.0023154384320087989 -0.00060564236316297743 0.001056163600536392 -0.0015271515445783735 0.0011956983266004717 -0.00079028904512205031 0.00050736503460180554
leaf_weight=3446 25 31 37 34 24 61 30 20 20 24 38 20 34 52 28 26 40 21 27 28 20 31 20 29 21 34 20 21 51 187
leaf_count=3446 25 31 37 34 24 61 30 20 20 24 38 20 34 52 28 26 40 21 27 28 20 31 20 29 21 34 20 21 51 187
internal_value=-2.79088e-12 -1.4919e-05 -0.00090211 0.000126122 2.63502e-05 0.000114261 -0.000205556 -0.000441414 -0.000213779 -0.000647385 0.00053878 0.00108052 -0.00018354 0.00156521 0.000915404 0.000957555 -0.000278898 3.30966e-07 0.000464849 -1.40755e-05 0.00100367 0.000394279 -0.000740463 -0.00102679 -0.000492917 9.17357e-06 -0.00056022 0.000295028 -4.89205e-07 1.0598e-05
internal_weight=4500 4024 68 476 425 391 223 193 173 125 168 96 72 72 48 51 101 3956 119 3837 78 51 119 99 70 3718 41 42 3684 3633
internal_count=4500 4024 68 476 425 391 223 193 173 125 168 96 72 72 48 51 101 3956 119 3837 78 51 119 99 70 3718 41 42 3684 3633
is_linear=0
shrinkage=0.1


Tree=91
num_leaves=31
num_cat=0
split_feature=3 5 5 4 4 9 4 7 4 5 4 3 9 9 5 10 10 4 4 6 7 8 8 6 10 8 3 10 6 9
split_gain=0.000787741 0.0062856 0.00502617 0.00229386 0.00313952 0.00170444 0.0020039 0.00960729 0.00881776 0.00570712 0.00481032 0.00438119 0.00305593 0.00313545 0.00419118 0.00483318 0.00663179 0.00402162 0.00576075 0.00401406 0.00406857 0.00466474 0.00350073 0.0124004 0.00958542 0.00539344 0.00758162 0.00874499 0.00684061 0.0171632
threshold=125764.50000000001 123927.50000000001 128630.50000000001 83439.500000000015 92620.000000000015 110395.00000000001 87083.500000000015 8204142.2500000009 89659.000000000015 119877.00000000001 96699.500000000015 107621.50000000001 101588.50000000001 92189.250000000015 114122.00000000001 105805.62500000001 103076.12500000001 80298.500000000015 83661.500000000015 95818.750000000015 106292372.00000001 79799.250000000015 85816.250000000015 90094.335937500015 91769.125000000015 83112.750000000015 86176.000000000015 91769.125000000015 87213.082031250015 88503.250000000015
decision_type=2 2 2 2 2 2 2 2 2 2 2 2 2 2 2 2 2 2 2 2 2 2 2 2 2 2 2 2 2 2
left_child=1 5 -2 -4 -5 6 9 -8 -9 12 11 -10 13 14 15 16 22 19 -19 20 -15 -22 23 25 -24 28 -27 -28 -1 -30
right_child=2 -3 3 4 -6 -7 7 8 10 -11 -12 -13 -14 17 -16 -17 -18 18 -20 -21 21 -23 24 -25 -26 26 27 -29 29 -31
leaf_value=-2.1180109910669804e-06 -0.0014826437458395959 0.0013612515416325016 -0.00079870378725569358 0.0012990820677562928 -0.00011181799674649601 -0.00081096336944028744 -0.0014977634347894269 0.0021237137321749645 0.00051145936595275998 -0.001409344181643221 0.0013631461653858424 -0.0012013832971985853 0.000956868666407624 0.00075110083077258125 0.0013549483381211759 -0.0013322328734729025 0.0018266084929928186 -0.001863667433546554 -0.00013243994209915402 0.00126634516636841 8.8425453200384428e-05 -0.0018072474366053939 0.00079106629546004119 0.0024361847744633755 -0.0017889606649987401 -0.00065662009662694561 0.0031775536440545693 0.00041868070860531315 -0.0031337565104679571 0.00087171989260241382
leaf_weight=3683 26 34 22 24 46 26 23 33 32 29 25 28 33 24 23 27 20 37 40 20 27 25 24 21 36 22 20 27 23 20
leaf_count=3683 26 34 22 24 46 26 23 33 32 29 25 28 33 24 23 27 20 37 40 20 27 25 24 21 36 22 20 27 23 20
internal_value=2.9182e-12 6.86579e-06 -0.000254965 9.19876e-05 0.000371919 -3.72508e-06 1.13105e-06 0.000371919 0.000736349 -1.13734e-05 0.000197725 -0.000287867 -1.60916e-06 -9.28816e-06 8.98017e-06 1.08895e-06 1.03291e-05 -0.000425975 -0.000964328 5.82942e-06 -0.000325885 -0.000822956 9.57188e-07 1.2874e-05 -0.00075695 -5.35659e-07 0.000875504 0.00159267 -1.67586e-05 -0.00127074
internal_weight=4500 4382 118 92 70 4348 4322 141 118 4181 85 60 4152 4119 3946 3923 3896 173 77 96 76 52 3876 3816 60 3795 69 47 3726 43
internal_count=4500 4382 118 92 70 4348 4322 141 118 4181 85 60 4152 4119 3946 3923 3896 173 77 96 76 52 3876 3816 60 3795 69 47 3726 43
is_linear=0
shrinkage=0.1


Tree=92
num_leaves=31
num_cat=0
split_feature=9 6 9 4 8 4 4 10 5 10 4 7 5 3 8 8 7 4 6 10 3 9 3 6 6 9 6 6 3 4
split_gain=0.000772292 0.00743638 0.00674244 0.00960345 0.0109184 0.00937118 0.0195215 0.00648712 0.0106999 0.0128361 0.011846 0.00737682 0.00615833 0.0117407 0.02152 0.00718149 0.0060165 0.00593946 0.00588042 0.0104132 0.00511229 0.00455904 0.00405999 0.00969059 0.00777108 0.00497484 0.00391151 0.0182828 0.0104502 0.00917389
threshold=63433.750000000007 63397.833984375007 62948.500000000007 58100.500000000007 60189.500000000007 56682.500000000007 55924.500000000007 66383.750000000015 70148.500000000015 70729.750000000015 60298.500000000007 16462329.000000002 73810.500000000015 71010.500000000015 63757.625000000007 67317.750000000015 2432519.1250000005 55128.500000000007 62476.750000000007 67040.250000000015 69026.000000000015 59336.250000000007 71478.000000000015 69682.250000000015 71390.500000000015 73949.000000000015 76529.082031250015 77380.085937500015 81424.000000000015 67567.500000000015
decision_type=2 2 2 2 2 2 2 2 2 2 2 2 2 2 2 2 2 2 2 2 2 2 2 2 2 2 2 2 2 2
left_child=2 18 3 4 5 6 17 -3 10 11 -9 -10 13 -11 -15 -16 -14 -1 19 -2 -13 -19 23 -18 -25 -26 29 28 -28 -24
right_child=1 7 -4 -5 -6 -7 -8 8 9 12 -12 20 16 14 15 -17 22 21 -20 -21 -22 -23 26 24 25 -27 27 -29 -30 -31
leaf_value=4.1053431777771025e-06 -0.002126557151363655 0.0015350433851212817 0.0014035510688295795 -0.0015956202153271687 0.0019785648191765208 0.0017191034647112248 -0.0026759707851818316 0.00030462536559408082 0.0023343586157459546 -0.0028502427105029874 -0.0023362270222761009 -0.00037276067687344041 0.0016834826417921466 -0.0022415957786142827 0.0026390596944838762 -8.6755979628789996e-06 0.0025207636988766138 6.5613370388746255e-05 -0.0024399707359927044 0.00071815124359883131 0.0014774850203788706 0.0021099025305981439 -0.00010969957634537982 -0.0013872056032217493 0.0019187374887141317 -0.00016312277390776825 0.0034401914125985721 -3.2287903001955136e-05 0.00079030705696229986 -0.0012577718580981624
leaf_weight=1724 22 27 36 36 29 32 27 29 34 22 41 32 21 30 20 21 21 20 21 31 28 24 585 24 22 24 22 1370 46 79
leaf_count=1724 22 27 36 36 29 32 27 29 34 22 41 32 21 30 20 21 21 20 21 31 28 24 585 24 22 24 22 1370 46 79
internal_value=-7.85965e-13 -3.58676e-05 4.78483e-05 2.20527e-05 5.343e-05 2.28723e-05 -7.36695e-06 -6.60151e-06 -2.34467e-05 1.20843e-05 -0.00124216 0.00115755 -3.45882e-05 -0.000831766 -0.000206322 0.0012829 -1.10244e-06 3.33866e-05 -0.0010238 -0.000462671 0.000490687 0.00118068 -1.72339e-05 0.000636707 7.14906e-05 0.00083255 -4.55444e-05 4.71515e-05 0.00164762 -0.000246293
internal_weight=4500 2572 1928 1892 1856 1827 1795 2498 2471 2401 70 94 2307 93 71 41 2214 1768 74 53 60 44 2193 91 70 46 2102 1438 68 664
internal_count=4500 2572 1928 1892 1856 1827 1795 2498 2471 2401 70 94 2307 93 71 41 2214 1768 74 53 60 44 2193 91 70 46 2102 1438 68 664
is_linear=0
shrinkage=0.1


Tree=93
num_leaves=31
num_cat=0
split_feature=4 4 5 5 5 9 9 4 1 1 9 6 9 5 8 4 7 10 6 4 6 5 5 3 3 8 8 7 9 7
split_gain=0.000792306 0.0156864 0.00922987 0.0152021 0.019749 0.00892506 0.0181523 0.00888804 0.019163 0.0157716 0.0226486 0.00901564 0.01894 0.0086829 0.00809202 0.0073562 0.0145698 0.0244642 0.0161395 0.00751311 0.00726713 0.00708853 0.0132842 0.0124699 0.0208431 0.00967916 0.00883058 0.027504 0.0197417 0.00783352
threshold=59084.500000000007 60627.000000000007 67661.500000000015 74960.500000000015 80434.000000000015 64518.000000000007 65804.750000000015 62374.500000000007 73.500000000000014 66.500000000000014 73044.750000000015 68813.832031250015 68980.000000000015 85780.000000000015 63068.750000000007 57461.500000000007 21549226.000000004 64330.625000000007 69030.832031250015 57030.500000000007 73543.750000000015 76838.500000000015 77872.500000000015 73577.000000000015 71478.000000000015 67016.875000000015 69594.500000000015 63320476.000000007 72642.500000000015 109645528.00000001
decision_type=2 2 2 2 2 2 2 2 2 2 2 2 2 2 2 2 2 2 2 2 2 2 2 2 2 2 2 2 2 2
left_child=15 2 -2 14 -5 -3 -7 8 9 -8 -11 -9 -13 -6 -4 19 17 -17 -18 -1 -20 23 -23 24 -14 -24 27 -27 -28 -29
right_child=1 5 3 4 13 6 7 11 -10 10 -12 12 21 -15 -16 16 18 -19 20 -21 -22 22 25 -25 -26 26 28 29 -30 -31
leaf_value=-1.4725525550104074e-05 -0.00083298493515361442 -0.0016865856916410849 0.0043887152522802354 -0.0016808291422561385 0.0031458702343313593 0.0028531534925357186 0.00070523321406827091 -0.001455543852353003 0.00072604082116203459 -0.0040515647450535507 -0.00037600857360909387 0.0026905897133811204 0.00016987526436306298 0.00058147723395978249 0.0016094701512801377 -0.001945315033133904 -0.0029878225998403746 0.0023597404523047084 0.00069347956788636022 0.0014412117630450262 -0.0013696823189476212 -0.0021170533601495359 -0.0016110405458473706 -0.00040574993895874789 0.0041430140724000725 0.003604285515029915 -0.0031315113231539723 -0.0018175062374211849 3.3742335033404045e-05 0.00063889891513296089
leaf_weight=2292 22 32 20 26 23 22 21 40 52 38 30 27 31 31 22 22 39 33 31 36 38 30 36 44 23 28 20 20 1334 37
leaf_count=2292 22 32 20 26 23 22 21 40 52 38 30 27 31 31 22 22 39 33 31 36 38 30 36 44 23 28 20 20 1334 37
internal_value=-1.20405e-12 4.67237e-05 0.00105233 0.00139231 0.000583491 -3.09213e-05 -2.01723e-06 -3.67018e-05 -0.000799118 -0.00169022 -0.00243 2.76699e-05 6.40678e-05 0.00167372 0.00293292 -3.76828e-05 -0.00068712 0.000637718 -0.00136181 7.78897e-06 -0.000442755 1.98282e-05 -3.38325e-05 0.000843903 0.00186214 8.53811e-06 4.90557e-05 0.00103775 -1.30118e-05 -0.000222998
internal_weight=4500 2009 144 122 80 1865 1833 1811 141 89 68 1670 1630 54 42 2491 163 55 108 2328 69 1603 1505 98 54 1475 1439 85 1354 57
internal_count=4500 2009 144 122 80 1865 1833 1811 141 89 68 1670 1630 54 42 2491 163 55 108 2328 69 1603 1505 98 54 1475 1439 85 1354 57
is_linear=0
shrinkage=0.1


Tree=94
num_leaves=31
num_cat=0
split_feature=1 7 7 7 6 3 7 5 4 8 4 6 7 9 8 8 10 5 9 8 7 7 3 7 4 10 1 6 8 10
split_gain=0.000822749 0.00409593 0.00583723 0.00774604 0.00730065 0.00867083 0.00607889 0.00469004 0.00307943 0.00288296 0.00264822 0.00256557 0.00116879 0.00161907 0.00788776 0.00683214 0.00486734 0.0115709 0.00779272 0.00950644 0.00955597 0.00444655 0.00409412 0.0108154 0.00659452 0.00323262 0.00683204 0.0024799 0.0104163 0.00486539
threshold=76.500000000000014 5888574.2500000009 16628965.500000002 56336952.000000007 53170.000000000007 83612.500000000015 109645528.00000001 74450.500000000015 57271.500000000007 67317.750000000015 69608.000000000015 72412.917968750015 1009896.2187500001 40234.250000000007 35429.375000000007 36426.125000000007 45291.000000000007 45258.000000000007 44706.750000000007 40592.875000000007 52194180.000000007 99502068.000000015 36034.500000000007 10073146.000000002 32388.500000000004 40719.875000000007 67.500000000000014 45257.083984375007 40333.875000000007 50403.625000000007
decision_type=2 2 2 2 2 2 2 2 2 2 2 2 2 2 2 2 2 2 2 2 2 2 2 2 2 2 2 2 2 2
left_child=12 -2 8 4 -4 7 9 -6 -3 -5 11 -8 -1 15 -15 21 17 -16 19 20 -18 22 24 -24 -14 -25 -27 28 -20 -29
right_child=1 2 3 6 5 -7 10 -9 -10 -11 -12 -13 13 14 16 -17 18 -19 27 -21 -22 -23 23 25 -26 26 -28 29 -30 -31
leaf_value=-0.00057297348941895453 0.001082086098419192 -0.0019049942092006578 -0.00099118135345634085 -0.00073648932995274666 0.0010200920440256596 -0.00054853522466146397 -0.00031373497996745368 0.0030472494994423223 -0.0004062375183611249 -0.00232583574307639 -0.00083871023000582417 0.0012150427868144343 -1.8671679085366862e-05 -0.0017377267708070577 0.00026021991760875933 0.0015309983851491578 -0.0012586616443325607 -0.0024328080124514937 0.00088878895854577428 0.0018514742211931769 0.001582667271140963 0.0015002518339315429 -0.0025555856270892993 0.00068085742162578321 0.0017367078909256426 -0.0019102704942703158 0.00051481912736422736 0.00083558077549761431 -0.002264434141530232 -6.2396077971489556e-06
leaf_weight=34 24 29 20 25 25 20 21 21 26 21 23 23 121 26 39 36 29 27 20 51 20 20 21 37 26 21 26 70 22 3576
leaf_count=34 24 29 20 25 25 20 21 21 26 21 23 23 121 26 39 36 29 27 20 51 20 20 21 37 26 21 26 70 22 3576
internal_value=1.28154e-12 -0.000166634 -0.000284623 -3.25998e-05 0.000682561 0.00118976 -0.000576881 0.00194553 -0.00119649 -0.00146206 3.08539e-05 0.000485399 1.09721e-05 1.57128e-05 -1.80535e-06 0.000236397 9.90559e-06 -0.000841473 2.47395e-05 0.000895773 -9.89356e-05 6.50523e-05 -4.88525e-05 -0.000525771 0.000291804 -1.83174e-05 -0.000568732 1.12149e-06 -0.000762899 9.9226e-06
internal_weight=4500 278 254 199 86 66 113 46 55 46 67 44 4222 4188 3880 308 3854 66 3788 100 49 272 252 105 147 84 47 3688 42 3646
internal_count=4500 278 254 199 86 66 113 46 55 46 67 44 4222 4188 3880 308 3854 66 3788 100 49 272 252 105 147 84 47 3688 42 3646
is_linear=0
shrinkage=0.1


Tree=95
num_leaves=31
num_cat=0
split_feature=7 7 8 7 7 1 9 8 4 4 10 5 8 7 3 7 9 7 7 3 7 4 4 1 4 4 8 3 3 1
split_gain=0.000725155 0.00444552 0.00927822 0.00336173 0.00301131 0.00445185 0.00607874 0.00682054 0.0068887 0.00614567 0.00520661 0.00696684 0.00606862 0.00532909 0.00297167 0.00296756 0.00269099 0.00221932 0.00203224 0.005377 0.00507574 0.00443174 0.00771838 0.00408524 0.00411988 0.0057083 0.00566306 0.00341893 0.00793071 0.00474655
threshold=199233408.00000003 182102712.00000003 70162.125000000015 213034840.00000003 223422432.00000003 70.500000000000014 110395.00000000001 86870.500000000015 65181.500000000007 58928.000000000007 118187.12500000001 128630.50000000001 51809.250000000007 260751416.00000003 98967.000000000015 356099712.00000006 87426.000000000015 260751416.00000003 162934312.00000003 85913.500000000015 142053408.00000003 62193.500000000007 71711.000000000015 74.500000000000014 68659.500000000015 53043.500000000007 52408.875000000007 111211.00000000001 106653.50000000001 72.500000000000014
decision_type=2 2 2 2 2 2 2 2 2 2 2 2 2 2 2 2 2 2 2 2 2 2 2 2 2 2 2 2 2 2
left_child=1 18 -3 14 -5 10 7 8 9 15 12 -12 -6 -14 -2 17 -10 -7 20 -20 27 -21 -23 24 25 26 -22 28 -1 -30
right_child=3 2 -4 4 5 6 -8 -9 16 -11 11 -13 13 -15 -16 -17 -18 -19 19 21 23 22 -24 -25 -26 -27 -28 -29 29 -31
leaf_value=3.7777619330340041e-06 0.00010542671848088503 0.00028579422893623512 -0.0020544471377434092 -0.00087801881647251053 -0.00050847066089045251 0.00012148342912868512 0.0011345326566758256 -0.0021439598774304616 0.001710797194391489 -0.0020228891575243325 -0.0018008544109761717 0.00056443354255999588 0.002605550609190356 0.00081501865643076601 0.0016323910972390037 0.00042671051603974778 0.00019206084128070092 -0.0011346365090549883 -0.00052019176769024897 0.00193027324168253 -0.0002002330306409435 -0.0011857316456735136 0.0013339884729394991 0.0004805969001026824 -0.0020883318871104469 0.00053593282209476458 -0.0025252375571290031 -0.00061157575605073206 0.0022948526939296204 0.00045577670745034182
leaf_weight=3572 25 36 32 34 25 22 30 20 20 24 20 33 22 68 26 40 28 39 41 27 22 20 31 25 24 28 20 87 23 36
leaf_count=3572 25 36 32 34 25 22 30 20 20 24 20 33 22 68 26 40 28 39 41 27 22 20 31 25 24 28 20 87 23 36
internal_value=1.84421e-12 -1.38065e-05 -0.000815496 0.000116717 2.46577e-05 0.000103151 -0.000189725 -0.000395568 -0.000193442 -0.000584473 0.00049191 -0.000328128 0.00086984 0.0012527 0.000883879 -0.000242671 0.000824868 -0.00068161 -2.61953e-08 0.000406962 -1.26485e-05 0.000894313 0.000345863 -0.000655536 -0.000957699 -0.000570054 -0.00130738 7.92809e-06 2.27716e-05 0.0011727
internal_weight=4500 4024 68 476 425 391 223 193 173 125 168 53 115 90 51 101 48 61 3956 119 3837 78 51 119 94 70 42 3718 3631 59
internal_count=4500 4024 68 476 425 391 223 193 173 125 168 53 115 90 51 101 48 61 3956 119 3837 78 51 119 94 70 42 3718 3631 59
is_linear=0
shrinkage=0.1


Tree=96
num_leaves=31
num_cat=0
split_feature=9 6 6 6 6 9 1 5 9 9 6 4 4 9 9 9 9 6 10 10 5 10 3 8 9 3 5 1 3 7
split_gain=0.000720758 0.0059204 0.0057933 0.00770661 0.0060925 0.0157993 0.0147742 0.0194954 0.0170669 0.0164339 0.00761422 0.00772917 0.00516381 0.0189429 0.0129645 0.0066847 0.00495598 0.00484234 0.00848588 0.00478098 0.00887132 0.0104324 0.00917574 0.00683058 0.0143347 0.00979415 0.0054297 0.0100056 0.00937953 0.019388
threshold=63433.750000000007 63397.833984375007 66072.000000000015 64713.417968750007 61520.416015625007 60466.250000000007 67.500000000000014 68941.000000000015 62605.250000000007 62106.250000000007 60674.333984375007 56249.000000000007 53841.500000000007 57421.250000000007 58435.000000000007 61669.000000000007 60960.000000000007 62476.750000000007 67040.250000000015 66383.750000000015 70148.500000000015 70729.750000000015 66899.500000000015 65968.250000000015 67090.500000000015 66485.000000000015 74208.500000000015 66.500000000000014 71478.000000000015 20855414.000000004
decision_type=2 2 2 2 2 2 2 2 2 2 2 2 2 2 2 2 2 2 2 2 2 2 2 2 2 2 2 2 2 2
left_child=2 17 3 4 10 -6 -7 9 -9 -8 11 12 15 -14 -15 -1 -12 18 -2 -3 22 23 -21 24 25 -22 27 -23 -29 -30
right_child=1 19 -4 -5 5 6 7 8 -10 -11 16 -13 13 14 -16 -17 -18 -19 -20 20 21 26 -24 -25 -26 -27 -28 28 29 -31
leaf_value=2.4087648381239325e-05 -0.0019089867403222758 0.0013149408808978344 0.0017393283161800353 -0.0018766274431809074 0.0028510302943349991 -0.002105754822411615 0.0043889481667429208 -0.001844125724811521 0.0017992558889091015 0.00054310973268002273 -0.001876809083457504 0.0018575208484316649 0.0017242384675358023 -0.0036073273047804834 -0.00042813501575688739 0.001705844856769545 -7.3606410512217779e-05 -0.0022012559320068077 0.00065900886754295044 -0.0025775503897522058 5.092390347272158e-06 0.0013204040960408748 -0.00022546252192452896 0.0024978305465386558 -0.001502777459403581 0.0028981087580323222 2.0947328383943522e-06 -0.0026369877408483422 0.0017779178995018204 -0.001817260452080518
leaf_weight=1554 22 27 20 21 27 23 20 36 20 25 35 23 21 23 29 24 27 21 31 27 22 20 43 24 23 25 2194 29 24 40
leaf_count=1554 22 27 20 21 27 23 20 36 20 25 35 23 21 23 29 24 27 21 31 27 22 20 43 24 23 25 2194 29 24 40
internal_value=5.13842e-12 -3.46503e-05 4.62243e-05 2.84769e-05 4.96784e-05 0.000658932 0.00018162 0.000702508 -0.000542918 0.00225237 -3.31548e-06 3.69893e-05 1.16275e-05 -0.000810622 -0.00183432 4.96657e-05 -0.00109154 -0.000916146 -0.000406952 -8.53709e-06 -2.29984e-05 9.35431e-06 -0.0011327 0.00104201 0.00054287 0.00154393 -3.27218e-05 -0.000708716 -0.00114509 -0.000469069
internal_weight=4500 2572 1928 1908 1887 151 124 101 56 45 1736 1674 1651 73 52 1578 62 74 53 2498 2471 2401 70 94 70 47 2307 113 93 64
internal_count=4500 2572 1928 1908 1887 151 124 101 56 45 1736 1674 1651 73 52 1578 62 74 53 2498 2471 2401 70 94 70 47 2307 113 93 64
is_linear=0
shrinkage=0.1


Tree=97
num_leaves=31
num_cat=0
split_feature=1 7 1 7 5 4 7 7 10 9 8 4 10 9 6 4 5 8 9 9 6 3 4 7 9 6 9 1 6 6
split_gain=0.000699532 0.00445954 0.00371101 0.00562732 0.00742829 0.0225418 0.0122766 0.0110936 0.0100318 0.011066 0.00778235 0.0104507 0.0113025 0.00594088 0.0145375 0.0189817 0.017811 0.00563934 0.00436113 0.00421046 0.0102039 0.00366817 0.00326876 0.00323711 0.00325432 0.0153412 0.0126041 0.0121621 0.0176873 0.00885521
threshold=67.500000000000014 1433297.8750000002 69.500000000000014 4712620.0000000009 71023.500000000015 53841.500000000007 17209066.000000004 25283831.000000004 73933.250000000015 68646.250000000015 66381.625000000015 66834.500000000015 95744.625000000015 58435.000000000007 53170.000000000007 43709.500000000007 62789.500000000007 83602.625000000015 104737.75000000001 45164.250000000007 39326.083984375007 49767.000000000007 61267.500000000007 2579147.2500000005 80121.000000000015 81035.500000000015 71779.250000000015 65.500000000000014 76791.582031250015 83144.914062500015
decision_type=2 2 2 2 2 2 2 2 2 2 2 2 2 2 2 2 2 2 2 2 2 2 2 2 2 2 2 2 2 2
left_child=1 -1 3 21 5 13 -6 -8 -9 -10 -11 22 -13 14 15 19 -16 -14 -19 20 -5 -2 -12 -3 26 -26 -25 -28 -29 -27
right_child=2 23 -4 4 6 -7 7 8 9 10 11 12 17 -15 16 -17 -18 18 -20 -21 -22 -23 -24 24 25 29 27 28 -30 -31
leaf_value=-0.0013160991216344493 0.00016645160969346764 0.0009224659646861256 -2.4798763248271255e-05 -0.00084151137255910984 0.0021336933905378177 -0.0026535436017986608 -0.0017284451240602021 0.0020103984203056566 -0.0020562192922807302 0.0020996712225799757 -6.7312356656078594e-05 0.0022396299286115478 -0.0013527979830368646 0.0014335891282341133 -0.0034781772837353254 0.0031699945134195415 0.00029960312083578459 0.0014619389893832033 -0.00041192784581495375 -0.00098579281098757168 0.0019153222152963282 0.0018827423001780655 -0.001672112667001784 -1.2445945318477494e-06 0.0026510566665820081 -0.0019654775936422601 -0.0021028418889802165 -0.0018656285551305 0.0018229532951059249 0.00019738495528448161
leaf_weight=28 20 34 2856 29 39 34 26 35 20 24 22 34 21 30 24 22 26 27 23 34 25 33 30 654 24 21 61 26 26 192
leaf_count=28 20 34 2856 29 39 34 26 35 20 24 22 34 21 30 24 22 26 27 23 34 25 33 30 654 24 21 61 26 26 192
internal_value=3.8561e-12 -7.07651e-05 2.19673e-05 0.000253046 0.000153907 -0.000282131 0.000478401 0.000232002 0.000447983 0.000175921 0.000422566 0.000166194 0.000740349 0.000142228 -9.99027e-05 0.000542747 -0.00151373 2.23839e-05 0.00059996 -0.000114065 0.0004348 0.00123509 -0.000993159 -3.71722e-05 -6.967e-05 0.000254212 -0.000169748 -0.00114498 -2.13376e-05 -1.5855e-05
internal_weight=4500 1066 3434 578 525 224 301 262 236 201 181 157 105 190 160 110 50 71 50 88 54 53 52 1038 1004 237 767 113 52 213
internal_count=4500 1066 3434 578 525 224 301 262 236 201 181 157 105 190 160 110 50 71 50 88 54 53 52 1038 1004 237 767 113 52 213
is_linear=0
shrinkage=0.1


Tree=98
num_leaves=31
num_cat=0
split_feature=3 1 4 5 4 4 4 3 9 10 9 9 5 10 3 6 5 1 9 3 10 7 5 5 7 10 1 5 8 8
split_gain=0.000703961 0.00249898 0.0033411 0.00197502 0.0022436 0.00462257 0.00444129 0.00321125 0.00212725 0.00396621 0.00303603 0.00414054 0.00593198 0.00531002 0.00287214 0.00947017 0.0072241 0.00614042 0.00333196 0.00329636 0.00488462 0.00557536 0.00455407 0.0134587 0.0102675 0.00762539 0.00848073 0.00930849 0.00969398 0.00664514
threshold=33210.500000000007 63.500000000000007 22953.000000000004 36175.500000000007 26721.500000000004 28792.500000000004 22953.000000000004 53114.000000000007 35137.750000000007 39043.000000000007 39028.000000000007 40788.000000000007 45258.000000000007 45291.000000000007 46484.000000000007 47427.000000000007 49311.000000000007 69.500000000000014 44364.250000000007 47928.000000000007 49399.750000000007 1009896.2187500001 53167.000000000007 52600.500000000007 20112381.000000004 54099.125000000007 74.500000000000014 54750.500000000007 47984.875000000007 47532.250000000007
decision_type=2 2 2 2 2 2 2 2 2 2 2 2 2 2 2 2 2 2 2 2 2 2 2 2 2 2 2 2 2 2
left_child=1 2 -1 -2 6 -6 7 -5 -7 -10 -11 -12 -13 -14 15 17 18 -15 -16 -18 -21 -22 23 24 29 26 27 28 -24 -23
right_child=3 -3 -4 4 5 8 -8 -9 9 10 11 12 13 14 16 -17 19 -19 -20 20 21 22 25 -25 -26 -27 -28 -29 -30 -31
leaf_value=-0.00112339319603052 -0.00093043486729426229 0.00065107104337585047 0.00062665679099154663 0.00084913992877340037 -0.001123203177908058 0.00095849082319308899 0.0016626827087748099 -0.00087968215117474428 -0.0010815495816881167 0.00077745754830539236 -0.00092025865011905535 0.0013825291149025304 -0.0014305601003937998 9.0155617574289932e-05 -0.00028514572069980202 -0.0012480681682725183 0.00097111684927118154 0.0019866477026784868 -0.0020019752582391866 -0.001524716508131297 0.0016698557972267736 0.002177523553837091 0.00086422402178868655 -0.0025758512490601454 -0.0017389278858900071 -1.3003731164108087e-05 0.0022864080636344594 0.0012799179050489329 -0.0021460520245296802 -0.00028032772666351362
leaf_weight=24 23 64 20 21 37 23 24 22 34 50 49 31 26 31 20 22 35 38 26 21 20 22 20 27 21 3627 29 48 23 22
leaf_count=24 23 64 20 21 37 23 24 22 34 50 49 31 26 31 20 22 35 38 26 21 20 22 20 27 21 3627 29 48 23 22
internal_value=-5.93718e-13 0.000252224 -0.000327916 -6.20224e-06 -1.33675e-06 -1.02798e-05 0.000572885 -3.53737e-05 -6.24864e-07 -5.82516e-06 2.86653e-06 -6.44794e-06 4.44929e-06 -6.02655e-06 3.11409e-06 0.000558571 -9.64697e-06 0.0011346 -0.00125553 4.99173e-06 -3.72331e-06 4.55367e-06 -4.12204e-06 -0.000699208 8.03203e-05 1.29444e-05 0.000797226 0.000322652 -0.000745924 0.000948598
internal_weight=4500 108 44 4392 4369 4302 67 43 4265 4242 4208 4158 4109 4078 4052 91 3961 69 46 3915 3880 3859 3839 92 65 3747 120 91 43 44
internal_count=4500 108 44 4392 4369 4302 67 43 4265 4242 4208 4158 4109 4078 4052 91 3961 69 46 3915 3880 3859 3839 92 65 3747 120 91 43 44
is_linear=0
shrinkage=0.1


Tree=99
num_leaves=31
num_cat=0
split_feature=1 8 9 9 6 6 9 10 1 6 4 1 7 7 9 9 1 3 7 1 7 7 3 9 9 10 9 9 5 4
split_gain=0.000801817 0.00307523 0.00859203 0.00844159 0.00949526 0.00828208 0.00595589 0.00574008 0.00439611 0.00378594 0.00343191 0.00219989 0.00781533 0.0152291 0.00831765 0.0123521 0.00616662 0.00224901 0.00137354 0.00523665 0.00932064 0.0138436 0.0106634 0.0090697 0.0095408 0.00991276 0.0187225 0.00499375 0.0114152 0.00931859
threshold=61.500000000000007 70339.375000000015 68980.000000000015 62948.500000000007 55920.666015625007 81035.500000000015 44053.250000000007 43092.000000000007 59.500000000000007 30968.750000000004 80788.000000000015 63.500000000000007 4534712.5000000009 35293144.000000007 82805.250000000015 66402.250000000015 62.500000000000007 29639.000000000004 5321112.5000000009 73.500000000000014 4356968.0000000009 3836282.8750000005 59209.500000000007 74490.250000000015 64518.000000000007 57447.625000000007 48818.500000000007 59336.250000000007 70372.000000000015 49324.500000000007
decision_type=2 2 2 2 2 2 2 2 2 2 2 2 2 2 2 2 2 2 2 2 2 2 2 2 2 2 2 2 2 2
left_child=1 2 3 4 6 -3 7 9 -8 -1 -7 12 -2 16 15 -15 -14 -13 19 20 21 23 -22 24 25 26 -19 29 -29 -21
right_child=11 5 -4 -5 -6 10 8 -9 -10 -11 -12 17 13 14 -16 -17 -18 18 -20 27 22 -23 -24 -25 -26 -27 -28 28 -30 -31
leaf_value=-0.00051345062062918101 -0.0020827702003652633 0.0022914829259009467 -0.0017593968040309849 0.002054520230740309 -0.0019157470649351247 -0.00097222229898242011 0.0019810282321746594 -0.0016169023234397174 0.00011518019170540832 0.00096817222340697695 0.00085813198646064845 0.00091274436134780351 0.0024849845157207356 -0.00047469971786168489 0.00054961205366998913 -0.0036241593887098135 0.00025674088306173131 -9.6528013611012811e-05 -2.1006718683955563e-05 -0.00085308301570168824 0.00030816365796109216 -0.0019726807510273324 0.0031263884207000958 -0.0013471018290147187 0.002705309104534205 -0.001325091265141964 0.0031093344678757369 -0.0024661090191719789 0.00044375677825883033 0.0015332730622806899
leaf_weight=34 23 23 25 22 23 21 28 22 23 35 20 27 23 33 25 20 27 56 3692 36 29 27 25 23 22 25 27 28 26 30
leaf_count=34 23 23 25 22 23 21 28 22 23 35 20 27 23 33 25 20 27 56 3692 36 29 27 25 23 22 25 27 28 26 30
internal_value=4.19065e-13 0.000165135 -1.82682e-05 0.000214503 -3.08327e-05 0.000772657 0.00027447 -0.000210364 0.00113957 0.000238097 -7.93665e-05 -1.07901e-05 -0.000385596 -8.06354e-05 -0.000953948 -0.00166318 0.00128173 3.10529e-06 -2.96497e-06 0.000185199 0.000460627 0.000114946 0.0016129 0.000483351 0.0008072 0.000420548 0.000946343 -0.000351885 -0.00106506 0.000231624
internal_weight=4500 276 212 187 165 64 142 91 51 69 41 4224 151 128 78 53 50 4073 4046 354 234 180 54 153 130 108 83 120 54 66
internal_count=4500 276 212 187 165 64 142 91 51 69 41 4224 151 128 78 53 50 4073 4046 354 234 180 54 153 130 108 83 120 54 66
is_linear=0
shrinkage=0.1


end of trees

feature_importances:
Column_7=444
Column_9=431
Column_4=386
Column_8=339
Column_3=335
Column_5=320
Column_1=265
Column_6=242
Column_10=238

parameters:
[boosting: gbdt]
[objective: regression]
[metric: l2]
[tree_learner: serial]
[device_type: cpu]
[data_sample_strategy: bagging]
[data: ]
[valid: ]
[num_iterations: 100]
[learning_rate: 0.1]
[num_leaves: 31]
[num_threads: 2]
[seed: 42]
[deterministic: 0]
[force_col_wise: 0]
[force_row_wise: 0]
[histogram_pool_size: -1]
[max_depth: -1]
[min_data_in_leaf: 20]
[min_sum_hessian_in_leaf: 0.001]
[bagging_fraction: 1]
[pos_bagging_fraction: 1]
[neg_bagging_fraction: 1]
[bagging_freq: 0]
[bagging_seed: 400]
[bagging_by_query: 0]
[feature_fraction: 1]
[feature_fraction_bynode: 1]
[feature_fraction_seed: 30056]
[extra_trees: 0]
[extra_seed: 12879]
[early_stopping_round: 0]
[early_stopping_min_delta: 0]
[first_metric_only: 0]
[max_delta_step: 0]
[lambda_l1: 0]
[lambda_l2: 0]
[linear_lambda: 0]
[min_gain_to_split: 0]
[drop_rate: 0.1]
[max_drop: 50]
[skip_drop: 0.5]
[xgboost_dart_mode: 0]
[uniform_drop: 0]
[drop_seed: 17869]
[top_rate: 0.2]
[other_rate: 0.1]
[min_data_per_group: 100]
[max_cat_threshold: 32]
[cat_l2: 10]
[cat_smooth: 10]
[max_cat_to_onehot: 4]
[top_k: 20]
[monotone_constraints: ]
[monotone_constraints_method: basic]
[monotone_penalty: 0]
[feature_contri: ]
[forcedsplits_filename: ]
[refit_decay_rate: 0.9]
[cegb_tradeoff: 1]
[cegb_penalty_split: 0]
[cegb_penalty_feature_lazy: ]
[cegb_penalty_feature_coupled: ]
[path_smooth: 0]
[interaction_constraints: ]
[verbosity: -1]
[saved_feature_importance_type: 0]
[use_quantized_grad: 0]
[num_grad_quant_bins: 4]
[quant_train_renew_leaf: 0]
[stochastic_rounding: 1]
[linear_tree: 0]
[max_bin: 255]
[max_bin_by_feature: ]
[min_data_in_bin: 3]
[bin_construct_sample_cnt: 200000]
[data_random_seed: 175]
[is_enable_sparse: 1]
[enable_bundle: 1]
[use_missing: 1]
[zero_as_missing: 0]
[feature_pre_filter: 1]
[pre_partition: 0]
[two_round: 0]
[header: 0]
[label_column: ]
[weight_column: ]
[group_column: ]
[ignore_column: ]
[categorical_feature: ]
[forcedbins_filename: ]
[precise_float_parser: 0]
[parser_config_file: ]
[objective_seed: 16083]
[num_class: 1]
[is_unbalance: 0]
[scale_pos_weight: 1]
[sigmoid: 1]
[boost_from_average: 1]
[reg_sqrt: 0]
[alpha: 0.9]
[fair_c: 1]
[poisson_max_delta_step: 0.7]
[tweedie_variance_power: 1.5]
[lambdarank_truncation_level: 30]
[lambdarank_norm: 1]
[label_gain: ]
[lambdarank_position_bias_regularization: 0]
[eval_at: ]
[multi_error_top_k: 1]
[auc_mu_weights: ]
[num_machines: 1]
[local_listen_port: 12400]
[time_out: 120]
[machine_list_filename: ]
[machines: ]
[gpu_platform_id: -1]
[gpu_device_id: -1]
[gpu_use_dp: 0]
[num_gpu: 1]

end of parameters

pandas_categorical:null
