tree
version=v4
num_class=1
num_tree_per_iteration=1
label_index=0
max_feature_idx=10
objective=regression
feature_names=Column_0 Column_1 Column_2 Column_3 Column_4 Column_5 Column_6 Column_7 Column_8 Column_9 Column_10
feature_infos=none [36:80] none [2187:209167] [1353:172413] [4250:209167] [2589.5:193609] [15079.6669921875:1470616704] [1749.25:189504] [1991.5:190941] [3709.75:204610.5]
tree_sizes=2686 2830 2831 2836 2855 2838 2837 2848 2849 2841 2870 2852 2859 2873 2875 2877 2877 2869 2878 2892 2885 2896 2868 2909 2889 2886 2891 2879 2894 2913 2911 2881 2892 2896 2894 2935 2890 2894 2928 2893 2887 2887 2893 2915 2934 2923 2887 2919 2923 2887 2885 2923 2936 2865 2909 2913 2902 2927 2915 2875 2899 2868 2913 2887 2904 2921 2877 2928 2906 2899 2903 2905 2911 2916 2898 2904 2892 2901 2922 2925 2915 2896 2912 2926 2903 2911 2905 2935 2916 2902 2928 2928 2922 2899 2894 2879 2910 2907 2934 2935

Tree=0
num_leaves=31
num_cat=0
split_feature=4 8 4 3 7 4 4 7 4 5 3 3 4 8 5 3 7 7 7 7 10 3 7 1 7 5 9 6 7 1
split_gain=29.8571 6.22273 2.83715 1.73891 0.631449 0.576301 0.558965 0.507173 0.384775 0.288902 0.577542 0.270145 0.253137 0.315272 0.238088 0.245822 0.199258 0.198882 0.197329 0.197117 0.192045 0.173171 0.141869 0.136566 0.134178 0.133632 0.109767 0.158232 0.14273 0.121875
threshold=47947.000000000007 34864.000000000007 62316.500000000007 21708.000000000004 4926272.7500000009 40004.500000000007 74433.500000000015 9383862.0000000019 53542.000000000007 47900.000000000007 49025.500000000007 34965.000000000007 30999.500000000004 36863.250000000007 40490.500000000007 40909.500000000007 167798272.00000003 13767984.000000002 22354443.000000004 15689061.000000002 55522.875000000007 13512.500000000002 1715620.3750000002 69.500000000000014 2589336.2500000005 35903.500000000007 58590.000000000007 56010.417968750007 101270224.00000001 72.500000000000014
decision_type=2 2 2 2 2 2 2 2 2 2 2 2 2 2 2 2 2 2 2 2 2 2 2 2 2 2 2 2 2 2
left_child=1 3 7 17 22 12 18 20 26 -7 -11 25 13 -3 -14 -16 -10 21 -4 -13 24 -1 -5 -23 -2 -6 27 -9 -28 -29
right_child=2 5 6 4 11 9 -8 8 16 10 -12 19 14 -15 15 -17 -18 -19 -20 -21 -22 23 -24 -25 -26 -27 28 29 -30 -31
leaf_value=0.15582975866066084 0.12130695878847497 0.15172000260816679 0.11817203174581557 0.13006848722320011 0.14609248595755325 0.12209500230176167 0.11649397479979777 0.12618154082956731 0.12357700030239001 0.13940604902207079 0.13050302136853431 0.1341485741261452 0.1259342880233649 0.1375487697341081 0.14182377622765438 0.13453694244619382 0.12874272974339698 0.1621430791965407 0.1215170320067698 0.143154785476337 0.11919727497103839 0.14622000266777144 0.13809879037316397 0.15567454799633434 0.13236285950338084 0.15373852104776434 0.12522000236945216 0.13614592856555072 0.13016737090608876 0.12880974614021615
leaf_weight=82 23 20 271 33 149 32 730 52 493 86 477 28 28 73 53 366 88 26 505 184 176 50 66 22 21 27 151 54 95 39
leaf_count=82 23 20 271 33 149 32 730 52 493 86 477 28 28 73 53 366 88 26 505 184 176 50 66 22 21 27 151 54 95 39
internal_value=0.128022 0.137989 0.121365 0.145655 0.142551 0.133484 0.11848 0.12501 0.125992 0.131338 0.131863 0.144369 0.13585 0.140596 0.134862 0.135459 0.124359 0.154053 0.120349 0.141965 0.120675 0.152688 0.135422 0.149109 0.126584 0.147265 0.128417 0.130599 0.127131 0.133069
internal_weight=4500 1802 2698 667 487 1135 1506 1192 972 595 563 388 540 93 447 419 581 180 776 212 220 154 99 72 44 176 391 145 246 93
internal_count=4500 1802 2698 667 487 1135 1506 1192 972 595 563 388 540 93 447 419 581 180 776 212 220 154 99 72 44 176 391 145 246 93
is_linear=0
shrinkage=1


Tree=1
num_leaves=31
num_cat=0
split_feature=4 4 4 4 4 3 7 7 7 9 8 7 3 5 9 4 7 9 3 3 5 10 7 7 7 8 8 7 3 7
split_gain=24.1873 4.95634 2.44716 1.21108 0.690879 0.654158 0.331182 0.326079 0.265178 0.231487 0.204079 0.187596 0.327353 0.321232 0.240997 0.243555 0.175872 0.270349 0.200554 0.168772 0.165136 0.167745 0.161094 0.141939 0.141349 0.1391 0.116307 0.114418 0.111016 0.297289
threshold=47433.000000000007 22503.000000000004 58055.500000000007 34476.000000000007 73992.500000000015 21708.000000000004 9383862.0000000019 1715620.3750000002 149083416.00000003 50284.750000000007 52620.125000000007 1839884.4375000002 49284.500000000007 49158.000000000007 46855.250000000007 45565.500000000007 54535002.000000007 50997.750000000007 55562.500000000007 52124.500000000007 52074.500000000007 52314.250000000007 13767984.000000002 88163296.000000015 2589336.2500000005 74896.875000000015 55357.875000000007 16118664.500000002 34965.000000000007 5122361.5000000009
decision_type=2 2 2 2 2 2 2 2 2 2 2 2 2 2 2 2 2 2 2 2 2 2 2 2 2 2 2 2 2 2
left_child=1 5 6 7 8 22 19 -3 27 28 -8 -5 13 -13 -15 -16 18 -18 20 -2 -14 -22 24 26 -1 -10 -12 -4 29 -9
right_child=2 3 4 11 -6 -7 10 9 25 -11 23 12 16 14 15 -17 17 -19 -20 -21 21 -23 -24 -25 -26 -27 -28 -29 -30 -31
leaf_value=0.024753570589754317 0.0027841292853866308 0.00067962697058012995 -0.0086543828568825826 -0.0032178290407447255 -0.010333288863420966 0.015265450321344866 0.0036143142886851964 0.0082952798870594615 0.00017000902444124223 0.0044078063763057194 0.00059712750818392249 0.0046766489731851005 -0.00061251482025521703 0.020576657652854921 0.0048393725163557314 0.018148425295948983 0.011201776868917726 0.0034288217515374229 -0.0014899531068901222 -0.0067915908167226202 0.010694150228730659 0.0029540557414293291 0.030708768892173582 0.00076069579248861329 0.018606104649370538 -0.0056752507374445097 -0.0033150294579178188 -0.0062698311638087036 0.010737050982602574 0.018800744494566552
leaf_weight=90 21 33 297 34 747 216 95 46 84 48 99 151 61 25 44 20 55 240 132 149 44 77 26 212 64 79 327 624 295 65
leaf_count=90 21 33 297 34 747 216 95 46 84 48 99 151 61 25 44 20 55 240 132 149 44 77 26 212 64 79 327 624 295 65
internal_value=-7.79414e-11 0.00912203 -0.00589229 0.00627382 -0.00799331 0.0189757 -0.00163206 0.0102773 -0.0063808 0.010975 -0.000709784 0.00406576 0.00435745 0.00748538 0.0122508 0.00899845 0.00312477 0.00487802 0.0014776 -0.00560871 0.0036299 0.00576864 0.023428 -0.00135365 0.0221988 -0.00266297 -0.00240587 -0.00703879 0.0117514 0.0144471
internal_weight=4500 1766 2734 1370 1831 396 903 487 1084 454 733 883 849 240 89 64 609 295 314 170 182 121 180 638 154 163 426 921 406 111
internal_count=4500 1766 2734 1370 1831 396 903 487 1084 454 733 883 849 240 89 64 609 295 314 170 182 121 180 638 154 163 426 921 406 111
is_linear=0
shrinkage=0.1


Tree=2
num_leaves=31
num_cat=0
split_feature=4 8 4 3 7 4 4 7 4 4 8 5 3 5 3 3 7 10 7 7 3 1 7 3 9 6 10 1 8 7
split_gain=19.6011 4.11731 1.88734 1.1313 0.463325 0.391102 0.362109 0.336679 0.251503 0.176849 0.252115 0.187497 0.178271 0.174354 0.433614 0.172662 0.145415 0.136932 0.135543 0.130486 0.129995 0.119636 0.126692 0.133887 0.132101 0.112989 0.205299 0.112252 0.110282 0.109901
threshold=47947.000000000007 34864.000000000007 62316.500000000007 21708.000000000004 6398082.2500000009 40334.000000000007 75119.500000000015 9383862.0000000019 53542.000000000007 30999.500000000004 36863.250000000007 40490.500000000007 40909.500000000007 47900.000000000007 49025.500000000007 34965.000000000007 22354443.000000004 55522.875000000007 167798272.00000003 13767984.000000002 13512.500000000002 63.500000000000007 63098544.000000007 55562.500000000007 53041.750000000007 43633.500000000007 49027.625000000007 69.500000000000014 39159.000000000007 2589336.2500000005
decision_type=2 2 2 2 2 2 2 2 2 2 2 2 2 2 2 2 2 2 2 2 2 2 2 2 2 2 2 2 2 2
left_child=1 3 7 19 -5 9 16 17 -9 10 -3 -11 -13 -7 -15 -6 -4 29 -10 20 -1 -16 23 -23 -24 28 -27 -22 -14 -2
right_child=2 5 6 4 15 13 -8 8 18 11 -12 12 25 14 21 -17 -18 -19 -20 -21 27 22 24 -25 -26 26 -28 -29 -30 -31
leaf_value=0.022701361823100143 -0.0057392824603163684 0.020227019805461169 -0.0081453213035558355 0.0065011376348452846 0.016129285962350907 -0.0051113895805818699 -0.0094218239233085366 0.00033952088412040336 -0.0035862000256731475 -0.0024301104713231325 0.0075544576173367578 0.011334000263701786 0.0057566588744521145 0.0095907144425880358 -0.0035172892352327324 0.011724650079125994 -0.0053336645177229254 -0.0072008499917997557 0.00067431386136873204 0.027637892818221679 0.014259196236729622 0.0033125841574481694 0.011282170253495377 -0.0012444914899010591 0.0032646947312396724 0.01495848702123532 0.0055481375882697999 0.02283087939193303 0.00018246387264558248 0.0042665398014443265
leaf_weight=82 23 20 282 123 155 28 695 391 493 28 73 55 72 84 39 209 529 176 88 26 50 121 24 138 143 26 214 22 70 21
leaf_count=82 23 20 282 123 155 28 695 391 493 28 73 55 72 84 39 209 529 176 88 26 50 121 24 138 143 26 214 22 70 21
internal_value=3.67045e-11 0.00807565 -0.00539374 0.014311 0.0118073 0.00441132 -0.00774678 -0.00242086 -0.0016213 0.00629895 0.0102797 0.0055028 0.00601108 0.00258585 0.00297842 0.0136003 -0.00631133 -0.00595344 -0.00294089 0.0210852 0.0199789 0.00178394 0.00226926 0.00088449 0.00441691 0.0052447 0.00656759 0.0168783 0.00300882 -0.000963776
internal_weight=4500 1802 2698 667 487 1135 1506 1192 972 558 93 465 437 577 549 364 811 220 581 180 154 465 426 259 167 382 240 72 142 44
internal_count=4500 1802 2698 667 487 1135 1506 1192 972 558 93 465 437 577 549 364 811 220 581 180 154 465 426 259 167 382 240 72 142 44
is_linear=0
shrinkage=0.1


Tree=3
num_leaves=31
num_cat=0
split_feature=8 4 4 4 4 3 7 7 7 3 7 5 7 9 4 3 5 10 9 9 7 9 5 3 7 5 7 7 5 10
split_gain=15.8989 3.29167 1.68679 0.816321 0.452791 0.394021 0.300335 0.293657 0.251105 0.219257 0.244865 0.236723 0.184783 0.18475 0.170652 0.168895 0.1451 0.128286 0.124314 0.114971 0.119987 0.11166 0.13183 0.109564 0.135097 0.100807 0.117258 0.0944359 0.0888714 0.158507
threshold=52154.875000000007 22503.000000000004 58055.500000000007 34476.000000000007 72434.500000000015 20340.500000000004 1839884.4375000002 22354443.000000004 1715620.3750000002 49284.500000000007 51667220.000000007 49158.000000000007 39539898.000000007 46855.250000000007 45565.500000000007 54956.500000000007 52074.500000000007 52314.250000000007 50284.750000000007 62226.000000000007 162259192.00000003 50997.750000000007 61292.000000000007 56842.500000000007 12101332.500000002 21490.000000000004 2589336.2500000005 88163296.000000015 55742.500000000007 43021.250000000007
decision_type=2 2 2 2 2 2 2 2 2 2 2 2 2 2 2 2 2 2 2 2 2 2 2 2 2 2 2 2 2 2
left_child=1 5 7 8 12 25 -5 23 -3 11 15 -8 -4 -13 -15 16 -11 -18 28 20 -9 22 -12 24 -2 26 -1 -21 29 -10
right_child=2 3 4 6 -6 -7 9 19 18 10 21 13 -14 14 -16 -17 17 -19 -20 27 -22 -23 -24 -25 -26 -27 -28 -29 -30 -31
leaf_value=0.020724439553996943 -0.0035104956021349805 6.9807763352538601e-05 -0.0063486904499919289 -0.0042736694748912547 -0.0082146720552163273 0.012875208522978049 0.0037250710552595313 0.0010919154799782513 0.010500123228375166 -0.001001399883725604 0.002670513652265072 0.017429950416088105 -0.0036250801859148449 0.0034588399173861202 0.012971843654910723 -0.001459467250478829 0.009374716245504313 0.0026586124651311414 0.0033056923571754904 -0.0026986794894213206 0.0090727401808613824 0.0039025089358178419 0.012351683508127164 -0.0050406916286778927 0.0055878580004597705 0.025301137814919158 0.014804321208053776 0.00030333680903863331 0.014014940163711223 0.0059926745654866765
leaf_weight=81 51 33 525 49 832 229 151 183 252 61 22 25 474 44 33 154 43 84 34 182 21 178 39 214 24 24 57 247 41 113
leaf_count=81 51 33 525 49 832 229 151 183 252 61 22 25 474 44 33 154 43 84 34 182 21 178 39 214 24 24 57 247 41 113
internal_value=4.12757e-11 0.00746164 -0.00473501 0.00513076 -0.00649151 0.0155452 0.00333498 -0.00124677 0.00848311 0.00378202 0.00271206 0.00623911 -0.00505641 0.00996087 0.00753584 0.000995886 0.00300719 0.00493257 0.00911411 -4.08964e-05 0.00191347 0.00516784 0.00886011 -0.00388801 -0.000599022 0.0193195 0.0182792 -0.000970246 0.00960053 0.00910467
internal_weight=4500 1747 2753 1356 1831 391 883 922 473 834 581 253 999 102 77 342 188 127 440 633 204 239 61 289 75 162 138 429 406 365
internal_count=4500 1747 2753 1356 1831 391 883 922 473 834 581 253 999 102 77 342 188 127 440 633 204 239 61 289 75 162 138 429 406 365
is_linear=0
shrinkage=0.1


Tree=4
num_leaves=31
num_cat=0
split_feature=8 4 4 4 4 7 7 3 9 3 7 10 7 4 3 5 5 9 9 5 4 8 3 9 1 7 3 10 7 8
split_gain=12.8869 2.15978 2.09886 0.495432 0.372408 0.265172 0.264871 0.263333 0.231136 0.230439 0.191474 0.17519 0.168017 0.167148 0.120721 0.195708 0.136823 0.150898 0.136657 0.10919 0.106028 0.102538 0.0990581 0.112713 0.0847805 0.0836894 0.113909 0.0833204 0.0780529 0.0971691
threshold=48293.750000000007 20436.000000000004 58055.500000000007 34476.000000000007 74433.500000000015 5122361.5000000009 47637234.000000007 34965.000000000007 62931.500000000007 16333.500000000002 149083416.00000003 75892.875000000015 3043348.5000000005 51245.500000000007 49025.500000000007 49158.000000000007 64890.500000000007 51522.500000000007 48701.250000000007 51477.000000000007 44523.500000000007 71925.250000000015 56254.500000000007 53739.750000000007 69.500000000000014 10963882.000000002 67563.000000000015 53540.750000000007 88163296.000000015 62076.875000000007
decision_type=2 2 2 2 2 2 2 2 2 2 2 2 2 2 2 2 2 2 2 2 2 2 2 2 2 2 2 2 2 2
left_child=1 9 6 5 10 -3 13 -7 11 -1 -4 -8 -5 22 15 -14 20 -18 19 -17 -16 -12 24 -24 27 -15 -27 -2 -10 -30
right_child=2 3 4 12 -6 7 8 -9 28 -11 21 -13 14 25 16 18 17 -19 -20 -21 -22 -23 23 -25 -26 26 -28 -29 29 -31
leaf_value=0.018140724122465129 -0.0052503844499588014 0.00345179345110588 -0.005240686562227731 -0.0017033486012017953 -0.007593810620960104 0.01385542004005565 0.0027587069237294298 0.0077120758114446065 -0.0029705859639722366 0.012731277145212517 0.0017412103619426488 0.012378911372451555 0.0037687340709898209 -0.0054183227767240286 0.0026915834497573763 0.0093666152593990162 0.012648610894878707 0.0036465006135404116 0.0043535512906533701 0.018905582944862546 -0.0031039054430014382 -0.0034147459418616363 -0.006186522303947381 -0.0001926638475960053 0.0041915034205099013 -0.00057855478549997019 -0.0052899917587637905 0.0026273913789893791 0.0022059929131397183 -0.0016806667326253002
leaf_weight=126 25 107 933 53 730 89 192 323 92 210 60 21 135 124 215 30 27 60 27 20 37 108 42 124 74 150 78 29 140 119
leaf_count=126 25 107 933 53 730 89 192 323 92 210 60 21 135 124 215 30 27 60 27 20 37 108 42 124 74 150 78 29 140 119
internal_value=-4.10361e-11 0.00772589 -0.0037067 0.00562135 -0.00584236 0.00788723 -0.000474974 0.00903916 0.00110847 0.0147598 -0.00468109 0.00370718 0.00367435 -0.00185742 0.00419162 0.00606337 0.00302109 0.00644026 0.0100864 0.0131822 0.00184066 -0.00157333 -9.7341e-05 -0.00170918 0.00199302 -0.00332748 -0.00219036 -0.00101973 -0.000468531 0.00042023
internal_weight=4500 1459 3041 1123 1831 519 1210 412 564 336 1101 213 604 646 551 212 339 87 77 50 252 168 294 166 128 352 228 54 351 259
internal_count=4500 1459 3041 1123 1831 519 1210 412 564 336 1101 213 604 646 551 212 339 87 77 50 252 168 294 166 128 352 228 54 351 259
is_linear=0
shrinkage=0.1


Tree=5
num_leaves=31
num_cat=0
split_feature=8 4 4 4 3 7 7 4 7 9 3 7 7 3 4 5 10 5 3 4 7 3 9 7 8 7 3 4 7 5
split_gain=10.474 2.15307 1.11567 0.52762 0.274236 0.270601 0.211067 0.19328 0.181288 0.177023 0.144608 0.173807 0.163656 0.143192 0.139406 0.122087 0.109826 0.109655 0.138126 0.100088 0.0983045 0.103423 0.0973264 0.0961689 0.0924967 0.0886627 0.0859514 0.0971352 0.0762323 0.0743174
threshold=52154.875000000007 22503.000000000004 62316.500000000007 34476.000000000007 21708.000000000004 61219978.000000007 1839884.4375000002 75119.500000000015 1715620.3750000002 61739.000000000007 49284.500000000007 15689061.000000002 47141086.000000007 54956.500000000007 45565.500000000007 52074.500000000007 52314.250000000007 21490.000000000004 13512.500000000002 57845.000000000007 22354443.000000004 74866.500000000015 50284.750000000007 10963882.000000002 7364.5000000000009 19707979.000000004 44239.500000000007 36881.500000000007 1209247.4375000002 57709.000000000007
decision_type=2 2 2 2 2 2 2 2 2 2 2 2 2 2 2 2 2 2 2 2 2 2 2 2 2 2 2 2 2 2
left_child=1 4 5 8 17 19 28 20 -3 -7 11 14 13 15 26 -12 -17 18 24 23 -4 -22 -10 -2 -1 -13 27 -8 -5 -18
right_child=2 3 7 6 -6 9 10 -9 22 -11 12 25 -14 -15 -16 16 29 -19 -20 -21 21 -23 -24 -25 -26 -27 -28 -29 -30 -31
leaf_value=0.012952466894473351 -0.004411400220026414 -0.00028235241770744327 -0.0061342199157976302 -9.0598428828848735e-05 0.010147890264071278 0.0047660404947442066 0.0011074033327573953 -0.006898793563407531 0.0078328273182831192 -0.0006133564690979223 -0.0011232531797446188 0.015322317875688897 0.0040787610342237438 -0.0017636634700897117 0.010823731477527569 0.0086517814360558987 0.00055054030831783055 0.020485033249216422 0.01062683955934204 -0.0047070023725557675 0.00081977019726764411 -0.0042435991464749214 0.0022630332969129086 -0.0013211218083334954 0.019683327791946276 0.0070582852409397439 0.00014571847735593717 0.0074774570288826479 -0.0080206172075122598 0.007560916263610125
leaf_weight=35 136 33 282 27 211 71 43 695 406 442 61 20 263 135 24 40 62 35 61 210 44 485 34 388 49 37 75 54 22 20
leaf_count=35 136 33 282 27 211 71 43 695 406 442 61 20 263 135 24 40 62 35 61 210 44 485 34 388 49 37 75 54 22 20
internal_value=-5.20366e-11 0.00605628 -0.0038432 0.00417115 0.012594 -0.0016309 0.00272744 -0.00567502 0.00686629 0.00013116 0.00310219 0.00509764 0.00223326 0.00070695 0.00368418 0.00252953 0.00435593 0.0154613 0.0142487 -0.00286242 -0.0046263 -0.00382245 0.00740243 -0.00212318 0.0168788 0.00995795 0.00268796 0.00465362 -0.00365102 0.00226039
internal_weight=4500 1747 2753 1356 391 1247 883 1506 473 513 834 253 581 318 196 183 122 180 145 734 811 529 440 524 84 57 172 97 49 82
internal_count=4500 1747 2753 1356 391 1247 883 1506 473 513 834 253 581 318 196 183 122 180 145 734 811 529 440 524 84 57 172 97 49 82
is_linear=0
shrinkage=0.1


Tree=6
num_leaves=31
num_cat=0
split_feature=4 8 4 4 3 7 5 8 4 5 3 5 10 6 3 10 8 7 9 5 1 4 4 3 5 8 5 3 3 10
split_gain=8.49649 1.75367 0.899503 0.40589 0.226056 0.175927 0.16413 0.1613 0.156557 0.140463 0.234204 0.117527 0.112758 0.111718 0.119999 0.179999 0.103054 0.0959987 0.0977494 0.239644 0.177625 0.145297 0.0950533 0.0928816 0.199395 0.119894 0.0888202 0.118652 0.0885465 0.0883302
threshold=47168.000000000007 26755.625000000004 62316.500000000007 33424.000000000007 21708.000000000004 9383862.0000000019 31157.500000000004 55357.875000000007 75119.500000000015 40490.500000000007 41239.500000000007 76542.500000000015 31409.375000000004 29690.583007812504 34965.000000000007 33765.000000000007 61888.125000000007 1839884.4375000002 50003.250000000007 61292.000000000007 63.500000000000007 45279.500000000007 20436.000000000004 45091.500000000007 47478.500000000007 39159.000000000007 21490.000000000004 16333.500000000002 25850.500000000004 55522.875000000007
decision_type=2 2 2 2 2 2 2 2 2 2 2 2 2 2 2 2 2 2 2 2 2 2 2 2 2 2 2 2 2 2
left_child=1 4 5 13 26 29 22 -7 -4 -5 -11 -9 -8 -3 15 -15 -13 -12 19 21 -20 23 -6 24 25 -19 27 -1 -24 -2
right_child=2 3 8 9 6 7 12 11 -10 10 17 16 -14 14 -16 -17 -18 18 20 -21 -22 -23 28 -25 -26 -27 -28 -29 -30 -31
leaf_value=0.014284849639820017 -0.00050045014026441753 -0.00067902148743583402 -0.0041636661129300836 -0.0051696151616456715 0.0090966578717277934 0.0013455953947143352 0.018021708495914938 -0.002800023846082654 -0.0062089137998309072 0.0085741046830662537 -0.0045479612611234194 0.0023399753809476699 0.010183039453957042 0.0048717178020845449 0.0058262627498149432 0.014712616993773093 -0.0013706489760875146 0.0075598185571531459 -0.00531145470837752 0.011497297377458641 0.0020346877635650648 0.010024672080404484 -0.0013494494455781852 0.0012608323092610559 0.012605606997385622 -0.0014682990547857787 0.018436529907797063 0.007223109814027945 0.0070030315189311895 -0.0050602764980877436
leaf_weight=115 56 22 811 23 71 242 25 401 695 64 20 104 69 34 335 41 267 24 36 35 384 26 22 244 25 38 35 30 30 176
leaf_count=115 56 22 811 23 71 242 25 401 695 64 20 104 69 34 335 41 267 24 36 35 384 26 22 244 25 38 35 30 30 176
internal_value=-2.80917e-12 0.00545214 -0.00346306 0.00373514 0.0112951 -0.00147545 0.00912184 -0.000907082 -0.00510752 0.00254675 0.00274482 -0.00161323 0.0122678 0.00626323 0.00663574 0.0102514 -0.000330474 0.00229642 0.002465 0.00360069 0.00140502 0.00282651 0.00671761 0.0022611 0.00506644 0.00202646 0.0139152 0.0128238 0.00346929 -0.00395963
internal_weight=4500 1748 2752 1351 397 1246 217 1014 1506 919 896 772 94 432 410 75 371 832 812 392 420 357 123 331 87 62 180 145 52 232
internal_count=4500 1748 2752 1351 397 1246 217 1014 1506 919 896 772 94 432 410 75 371 832 812 392 420 357 123 331 87 62 180 145 52 232
is_linear=0
shrinkage=0.1


Tree=7
num_leaves=31
num_cat=0
split_feature=8 8 4 3 7 4 4 7 7 3 4 3 7 7 9 7 3 5 7 9 7 3 7 4 1 1 7 7 4 3
split_gain=6.90489 1.42756 0.729238 0.300618 0.240357 0.233455 0.202019 0.147169 0.133949 0.124699 0.149402 0.129628 0.12047 0.145455 0.115318 0.112725 0.101569 0.128277 0.098273 0.114591 0.105471 0.0820731 0.0832457 0.0816657 0.108134 0.103714 0.0815384 0.0789705 0.0783558 0.0857885
threshold=52154.875000000007 31265.125000000004 58055.500000000007 21708.000000000004 5122361.5000000009 40334.000000000007 72434.500000000015 22354443.000000004 1839884.4375000002 50266.000000000007 45565.500000000007 62172.500000000007 3272892.2500000005 1839884.4375000002 50284.750000000007 25104060.000000004 54956.500000000007 52442.000000000007 7652410.0000000009 39991.000000000007 6035154.2500000009 56842.500000000007 12101332.500000002 37435.500000000007 69.500000000000014 71.500000000000014 3652723.2500000005 13515669.500000002 28109.500000000004 26676.000000000004
decision_type=2 2 2 2 2 2 2 2 2 2 2 2 2 2 2 2 2 2 2 2 2 2 2 2 2 2 2 2 2 2
left_child=1 3 7 27 12 18 15 21 -7 10 -10 16 13 -5 -12 -4 17 -11 20 -20 26 22 -2 24 -21 -25 -3 -1 29 -6
right_child=2 5 6 4 28 8 -8 -9 9 11 14 -13 -14 -15 -16 -17 -18 -19 19 23 -22 -23 -24 25 -26 -27 -28 -29 -30 -31
leaf_value=0.011643749490088109 -0.0021355143273431884 0.00068114290969740413 -0.0046639318755455801 -0.00046299968186455474 0.012809686098868648 -0.0046699748459187425 -0.0054263530691969208 2.6792352415891998e-05 0.0022072458090750795 -0.0047464170857616098 0.01415298985236365 0.0032515990866446181 -0.0035939996292733631 0.010332873184233905 0.0040260297981810503 -0.0024791778093045157 -0.002334270481316542 0.0037158059163226024 0.0074807372905726314 0.00053294321645379946 -0.0038343033036933498 -0.0036943198155032944 0.0050065038880954191 0.0097641387255862355 0.0046796139191961055 0.0036912301329500748 0.0062140148468315601 0.017509737559939148 0.013846191958457764 0.0075504093273463836
leaf_weight=153 51 57 383 24 36 33 832 633 95 23 23 152 23 26 22 616 132 81 131 102 26 214 24 49 164 66 50 27 28 224
leaf_count=153 51 57 383 24 36 33 832 633 95 23 23 152 23 26 22 616 132 81 131 102 26 214 24 49 164 66 50 27 28 224
internal_value=-6.65896e-12 0.00491732 -0.00312044 0.00918534 0.00752082 0.00300273 -0.00427536 -0.000826876 0.00151088 0.00189718 0.00445557 0.000974052 0.00239563 0.00515085 0.00920203 -0.00331678 -0.000492843 0.00184435 0.0043003 0.00492941 0.00187845 -0.00269668 0.000149932 0.00405218 0.00308954 0.00627882 0.0032666 0.0125236 0.00881991 0.00827862
internal_weight=4500 1747 2753 541 361 1206 1831 922 561 528 140 388 73 50 45 999 236 104 645 512 133 289 75 381 266 115 107 180 288 260
internal_count=4500 1747 2753 541 361 1206 1831 922 561 528 140 388 73 50 45 999 236 104 645 512 133 289 75 381 266 115 107 180 288 260
is_linear=0
shrinkage=0.1


Tree=8
num_leaves=31
num_cat=0
split_feature=8 4 4 4 4 7 3 7 3 8 8 3 7 4 7 7 8 4 3 7 7 9 4 4 6 4 9 9 10 6
split_gain=5.60765 0.957034 0.905398 0.215448 0.163635 0.152101 0.154379 0.133066 0.120373 0.128208 0.114635 0.109353 0.0989777 0.0830396 0.0826061 0.0815408 0.0800698 0.0742643 0.078388 0.185072 0.100302 0.0975047 0.0848223 0.0834683 0.11599 0.110117 0.0915888 0.0734667 0.071097 0.073073
threshold=48293.750000000007 20436.000000000004 58055.500000000007 34476.000000000007 72434.500000000015 5275317.7500000009 34965.000000000007 30281231.000000004 11942.500000000002 7364.5000000000009 55357.875000000007 56254.500000000007 149083416.00000003 49001.500000000007 2364777.5000000005 3043348.5000000005 71925.250000000015 35798.500000000007 48388.000000000007 15689061.000000002 68585296.000000015 51522.500000000007 44523.500000000007 41681.000000000007 48687.916015625007 40543.000000000007 46203.750000000007 63572.750000000007 68551.625000000015 60506.083984375007
decision_type=2 2 2 2 2 2 2 2 2 2 2 2 2 2 2 2 2 2 2 2 2 2 2 2 2 2 2 2 2 2
left_child=1 8 7 5 12 -3 -7 11 9 -1 27 14 -4 -13 -2 -5 -14 -17 19 -19 22 -22 23 25 -25 26 -20 28 -9 -30
right_child=2 3 4 15 -6 6 -8 10 -10 -11 -12 13 16 -15 -16 17 -18 18 20 -21 21 -23 -24 24 -26 -27 -28 -29 29 -31
leaf_value=0.0090643605057682316 -0.0044759241947239002 0.0018886956843462859 -0.0034001978846015437 -0.001334795544477496 -0.0048837176555445276 0.0098151910504133549 0.0050676481406067382 0.001743338618176115 0.0087902242063798691 0.017507200788807225 -0.00046486985111250407 -0.0063014581432351132 0.0022186086819662404 -0.001947587795062292 0.0014670988466118423 -0.00043059969029854986 -0.0025188815539215949 0.003300009644072917 -0.001595257250044276 0.011654140932880568 0.0087540613845563855 0.0024818902999600946 -0.0033378517154503511 0.0093136846025784811 0.0010429880462395839 -0.0048432846223154385 0.0054244735210043638 -0.0014230580845226845 0.0097590630587476961 0.0030134463283632484
leaf_weight=35 28 110 851 53 832 87 322 163 264 37 431 52 60 278 142 64 88 135 34 33 39 68 37 30 39 31 41 48 26 42
leaf_count=35 28 110 851 53 832 87 322 163 264 37 431 52 60 278 142 64 88 135 34 33 39 68 37 30 39 31 41 48 26 42
internal_value=2.2407e-11 0.00509642 -0.00244514 0.00369549 -0.00384782 0.00518971 0.00607752 -0.000322565 0.00977869 0.013403 0.000557463 -0.00157221 -0.0029851 -0.00263365 0.000488248 0.00241154 -0.000598277 0.0027719 0.00319276 0.004941 0.00227206 0.00476801 0.00101231 0.00193206 0.00463894 0.000170027 0.0022422 0.00213677 0.00287647 0.00559265
internal_weight=4500 1459 3041 1123 1831 519 409 1210 336 72 710 500 999 330 170 604 148 551 487 168 319 107 212 175 69 106 75 279 231 68
internal_count=4500 1459 3041 1123 1831 519 409 1210 336 72 710 500 999 330 170 604 148 551 487 168 319 107 212 175 69 106 75 279 231 68
is_linear=0
shrinkage=0.1


Tree=9
num_leaves=31
num_cat=0
split_feature=8 8 4 4 7 9 3 7 5 3 7 4 4 4 4 10 4 3 4 5 10 5 4 9 7 7 9 3 8 4
split_gain=4.54454 0.963737 0.48594 0.220668 0.142101 0.127285 0.124693 0.101903 0.0993098 0.134345 0.0927606 0.0828313 0.070145 0.0731538 0.126702 0.0727294 0.0699084 0.0690952 0.129221 0.0940146 0.0935942 0.0924351 0.0873796 0.0821502 0.0819169 0.0728942 0.0677018 0.126051 0.0889111 0.0675793
threshold=52154.875000000007 26755.625000000004 62743.000000000007 34476.000000000007 167798272.00000003 73766.000000000015 16333.500000000002 1839884.4375000002 31157.500000000004 32053.500000000004 1715620.3750000002 78782.500000000015 20436.000000000004 14545.500000000002 11909.500000000002 26139.500000000004 51245.500000000007 49996.500000000007 45565.500000000007 66179.500000000015 65128.000000000007 71501.500000000015 44523.500000000007 50284.750000000007 14500571.000000002 19707979.000000004 13115.750000000002 11942.500000000002 7364.5000000000009 36665.000000000007
decision_type=2 2 2 2 2 2 2 2 2 2 2 2 2 2 2 2 2 2 2 2 2 2 2 2 2 2 2 2 2 2
left_child=1 6 4 10 16 -6 26 -5 12 -10 -3 -4 13 14 -8 -15 -2 18 24 22 -21 -22 29 -20 -9 -26 27 28 -1 -19
right_child=2 3 11 7 5 -7 8 17 9 -11 -12 -13 -14 15 -16 -17 -18 19 23 20 21 -23 -24 -25 25 -27 -28 -29 -30 -31
leaf_value=0.0081579244562557766 -0.0001430053023104432 -0.0018649514256553216 -0.0032132232437038391 -0.0026461534537089875 0.004244092721925225 -0.00085157774544010554 0.0094059038399295376 0.0012744008951061378 0.016547278534959665 0.0076602952356139816 0.0047869962637228994 -0.0047798314044872926 0.0027293506950478667 0.011578388140663844 -0.0011004937191804252 0.0051279233704353208 -0.0020166791997290579 -0.0022556065426518521 0.012444053898039072 0.0095984167842702445 -0.0011526798215610061 0.0045795646770737872 -0.0012571301111685379 0.0036809155764058231 0.0089453566458917427 0.0022406044402433671 0.014381676129041574 0.0028248352855867287 0.015576832952598733 0.002419631141578124
leaf_weight=35 263 22 945 49 86 114 22 173 22 75 445 525 55 44 24 29 820 36 23 22 44 78 154 20 31 34 39 22 30 219
leaf_count=35 263 22 945 49 86 114 22 173 22 75 445 525 55 44 24 29 820 36 23 22 44 78 154 20 31 34 39 22 30 219
internal_value=-2.02446e-11 0.00398929 -0.00253152 0.0027156 -0.00110941 0.00133956 0.00832045 0.00178582 0.00711201 0.0096759 0.00447363 -0.00377273 0.00568271 0.0070477 0.00392431 0.00901587 -0.00156167 0.00204621 0.00332309 0.00139738 0.00359481 0.0025122 0.000623715 0.00836818 0.00241159 0.00543826 0.0109196 0.00936757 0.011582 0.0017596
internal_weight=4500 1747 2753 1350 1283 200 397 883 271 97 467 1470 174 119 46 73 1083 834 281 553 144 122 409 43 238 65 126 87 65 255
internal_count=4500 1747 2753 1350 1283 200 397 883 271 97 467 1470 174 119 46 73 1083 834 281 553 144 122 409 43 238 65 126 87 65 255
is_linear=0
shrinkage=0.1


Tree=10
num_leaves=31
num_cat=0
split_feature=8 4 4 4 5 3 4 7 9 10 7 3 3 5 8 3 3 6 5 9 10 5 7 3 5 3 10 3 1 10
split_gain=3.68944 0.635058 0.602061 0.149749 0.116562 0.141889 0.110452 0.0960882 0.103744 0.128415 0.0922407 0.0819323 0.0808932 0.0799365 0.126893 0.0898901 0.0728526 0.0812092 0.0715484 0.106544 0.0932016 0.10769 0.0695825 0.135549 0.0726069 0.0645022 0.183729 0.0618026 0.0608233 0.0975157
threshold=48293.750000000007 19946.500000000004 58055.500000000007 33424.000000000007 40490.500000000007 41239.500000000007 73992.500000000015 47637234.000000007 62931.500000000007 75892.875000000015 149083416.00000003 69706.000000000015 40076.000000000007 47478.500000000007 37247.000000000007 45091.500000000007 20340.500000000004 18026.000000000004 64890.500000000007 51522.500000000007 60019.625000000007 61103.500000000007 5122361.5000000009 34965.000000000007 36721.500000000007 41755.500000000007 43021.250000000007 13512.500000000002 63.500000000000007 52079.750000000007
decision_type=2 2 2 2 2 2 2 2 2 2 2 2 2 2 2 2 2 2 2 2 2 2 2 2 2 2 2 2 2 2
left_child=1 16 7 22 -5 12 10 11 9 -9 -4 28 -6 14 -7 -15 17 27 20 -20 21 -17 -3 24 -24 -25 -27 -1 -2 -30
right_child=2 3 6 4 5 13 -8 8 -10 -11 -12 -13 -14 15 -16 18 -18 -19 19 -21 -22 -23 23 25 -26 26 -28 -29 29 -31
leaf_value=0.010294767553153049 -0.0033545741863632338 0.0020661615999415517 -0.0028704762186280712 -0.0049487886019051082 0.0040992881489417907 0.0065372096933424472 -0.0040627661164864956 0.0016302464020554908 -0.00035526259945562258 0.0098666549438521985 -0.00028968793718555681 -0.0048914116305800587 0.011508810414892177 0.0077595961087479669 -0.0022869737421966751 0.001275899361815893 0.0065530201479507867 0.014818731248378753 0.0093763408833183355 0.0020975440465768832 -0.0051131812057324819 0.0086858105615690538 0.0067407782865713728 0.0017524854185002698 0.013294348730282349 0.011503379420776453 0.0035003068006111298 0.0059081320364314785 0.0063158194401434489 -0.00064162713554311512
leaf_weight=84 78 104 921 23 41 20 747 192 351 21 163 52 23 29 88 297 157 25 30 61 21 21 73 94 22 35 159 52 21 495
leaf_count=84 78 104 921 23 41 20 747 192 351 21 163 52 23 29 88 297 157 25 30 61 21 21 73 94 22 35 159 52 21 495
internal_value=1.59159e-11 0.00413385 -0.00198332 0.00303244 0.00204385 0.00229873 -0.00312715 -0.000252457 0.000701259 0.00244229 -0.00248241 -0.00108511 0.00676209 0.00179493 -0.000652866 0.00237088 0.00808577 0.00958044 0.00200746 0.00449715 0.00133914 0.00176523 0.00436003 0.00498291 0.00825845 0.00390243 0.00494416 0.00861752 -0.000751902 -0.000358475
internal_weight=4500 1459 3041 1141 654 631 1831 1210 564 213 1084 646 64 567 108 459 318 161 430 91 339 318 487 383 95 288 194 136 594 516
internal_count=4500 1459 3041 1141 654 631 1831 1210 564 213 1084 646 64 567 108 459 318 161 430 91 339 318 487 383 95 288 194 136 594 516
is_linear=0
shrinkage=0.1


Tree=11
num_leaves=31
num_cat=0
split_feature=4 4 3 1 1 7 8 8 5 10 10 3 8 4 7 5 9 7 1 5 8 7 5 10 1 8 4 8 1 1
split_gain=3.01143 0.630622 0.421674 0.136111 0.100045 0.128969 0.101482 0.0974014 0.106848 0.140498 0.118527 0.106441 0.105343 0.0929886 0.0894427 0.0891284 0.149193 0.136432 0.0888325 0.127182 0.0811559 0.0775713 0.0767579 0.12644 0.101914 0.0846134 0.117904 0.0827745 0.0781073 0.0760972
threshold=40334.000000000007 58055.500000000007 26676.000000000004 54.500000000000007 60.500000000000007 1715620.3750000002 35370.750000000007 55357.875000000007 62169.000000000007 60611.000000000007 54636.750000000007 74866.500000000015 62076.875000000007 69353.500000000015 13515669.500000002 52074.500000000007 48382.750000000007 14264800.000000002 68.500000000000014 53601.500000000007 60085.500000000007 16118664.500000002 40490.500000000007 43021.250000000007 69.500000000000014 30631.625000000004 30449.000000000004 29277.625000000004 72.500000000000014 65.500000000000014
decision_type=2 2 2 2 2 2 2 2 2 2 2 2 2 2 2 2 2 2 2 2 2 2 2 2 2 2 2 2 2 2
left_child=2 7 14 -4 -5 -6 22 8 10 -10 15 -9 20 21 -1 -2 -17 18 -18 -20 -13 -3 25 24 -24 27 -27 28 -7 -8
right_child=1 13 3 4 5 6 29 11 9 -11 -12 12 -14 -15 -16 16 17 -19 19 -21 -22 -23 23 -25 -26 26 -28 -29 -30 -31
leaf_value=0.0069851793527368061 -0.00083105893429826242 -0.0035851642620721054 0.010722907060214009 -0.00059822766890968481 -0.0028493496807641353 0.002333592785710588 0.005737141672122692 -0.0020110407156862203 0.0094702618429437294 0.00151987994720918 -0.0018526874843766876 0.0011487993815666941 -0.0012941228979416477 -0.0034505891504901312 0.011862261609538743 0.0093215315699063505 -0.0012432674012546028 -0.0045004639588296412 0.0012186612188816071 0.010774278898651783 0.0069494205444832063 -0.001407265006325757 0.016109712067991496 0.00437174713068832 0.0072065376780099336 -0.0042517635838261675 0.0050097902771085506 0.010008192259388475 0.0079266277032301723 0.0021764454184069063
leaf_weight=206 114 227 24 68 32 94 70 379 24 301 235 83 131 1019 46 29 28 30 30 26 34 585 20 93 36 28 27 26 34 421
leaf_count=206 114 227 24 68 32 94 70 379 24 301 235 83 131 1019 46 29 28 30 30 26 34 585 20 93 36 28 27 26 34 421
internal_value=9.30454e-12 -0.00158213 0.00422978 0.00328558 0.00309749 0.00338274 0.00361764 -1.95609e-05 0.000699924 0.00210699 -0.000229537 -0.000957072 0.000653631 -0.00281444 0.00787544 0.00125467 0.00291741 0.0012883 0.00335571 0.0056552 0.00283445 -0.00201611 0.00489803 0.00663223 0.0103862 0.00366168 0.000294817 0.00486413 0.00381924 0.00268408
internal_weight=4500 3275 1225 973 949 881 849 1444 817 325 492 627 248 1831 252 257 143 114 84 56 117 812 358 149 56 209 55 154 128 491
internal_count=4500 3275 1225 973 949 881 849 1444 817 325 492 627 248 1831 252 257 143 114 84 56 117 812 358 149 56 209 55 154 128 491
is_linear=0
shrinkage=0.1


Tree=12
num_leaves=31
num_cat=0
split_feature=9 4 4 7 7 7 3 4 3 8 7 4 7 8 8 7 7 3 3 7 5 7 4 3 9 10 10 5 8 9
split_gain=2.46337 0.475519 0.367968 0.146356 0.124275 0.100488 0.125753 0.178641 0.102815 0.0983201 0.0864368 0.0777338 0.0803264 0.0773703 0.0754036 0.0745642 0.0894645 0.0741904 0.0711123 0.0770161 0.0766526 0.0691954 0.0963351 0.0920088 0.0939703 0.142015 0.133671 0.0868005 0.0845053 0.0762535
threshold=50003.250000000007 58055.500000000007 19946.500000000004 10499338.500000002 79926748.000000015 1839884.4375000002 50266.000000000007 45279.500000000007 45091.500000000007 40669.750000000007 6274752.2500000009 75119.500000000015 273583328.00000006 43365.125000000007 55357.875000000007 14026285.000000002 30281231.000000004 40909.500000000007 56466.000000000007 20080501.000000004 62744.000000000007 14264800.000000002 24188.000000000004 35735.000000000007 38438.500000000007 38182.250000000007 41665.875000000007 35903.500000000007 26180.250000000004 27698.750000000004
decision_type=2 2 2 2 2 2 2 2 2 2 2 2 2 2 2 2 2 2 2 2 2 2 2 2 2 2 2 2 2 2
left_child=2 3 -1 -2 5 17 7 8 13 -6 -10 12 -3 21 15 -5 18 -4 19 -17 -20 23 28 27 25 -25 -26 29 -23 -7
right_child=1 11 4 14 9 6 -8 -9 10 -11 -12 -13 -14 -15 -16 16 -18 -19 20 -21 -22 22 -24 24 26 -27 -28 -29 -30 -31
leaf_value=0.006724596346952264 -0.0026200024177057621 -0.002240469075264978 0.0011388051149749249 0.005281916046515108 0.0041933508677961867 0.0063160063460513593 7.2563637394062569e-05 0.011788943017988156 -0.0049766189757395884 0.011243270725632708 0.001756433519564074 -0.00336601666998949 0.0012334062448132153 0.009702348540581409 -0.00048191385121660213 0.0041568519096031337 0.0014684640436935055 -0.0052429060072258669 -0.0057592117823660376 -0.0037073885090649129 0.0015658693667501213 0.0057903479962121878 0.0067262607436402643 0.0034589146934449672 0.0094474117934663336 -0.0064696006641230168 0.00057707642706540912 0.0093037079923368737 -0.0029835928555416026 0.00070054347283746068
leaf_weight=308 195 1065 56 40 74 42 146 24 22 27 143 695 71 21 581 33 451 27 50 20 20 21 112 25 23 34 65 29 23 57
leaf_count=308 195 1065 56 40 74 42 146 24 22 27 143 695 71 21 581 33 451 27 50 20 20 21 112 25 23 34 65 29 23 57
internal_value=1.49642e-11 -0.00147434 0.00371295 -7.98226e-05 0.00275766 0.0023722 0.00272121 0.0033245 0.00299525 0.00607798 0.000858693 -0.00253299 -0.00202335 0.00377518 0.000334684 0.00110739 0.000816485 -0.000937173 -0.0015741 0.00118921 -0.00366633 0.00348639 0.00516869 0.00253206 0.000825217 -0.0022626 0.00289546 0.00449227 0.00120397 0.00308286
internal_weight=4500 3221 1279 1390 971 870 787 641 617 101 165 1831 1136 452 1195 614 574 83 123 53 70 431 156 275 147 59 88 128 44 99
internal_count=4500 3221 1279 1390 971 870 787 641 617 101 165 1831 1136 452 1195 614 574 83 123 53 70 431 156 275 147 59 88 128 44 99
is_linear=0
shrinkage=0.1


Tree=13
num_leaves=31
num_cat=0
split_feature=9 4 3 7 4 8 5 9 1 6 7 4 8 7 3 5 3 9 1 9 7 7 1 7 1 4 5 3 6 5
split_gain=1.99533 0.385542 0.307692 0.138888 0.114634 0.0960441 0.0845322 0.107817 0.0841941 0.102935 0.0801278 0.0749204 0.122018 0.0746572 0.0755306 0.0738074 0.328291 0.0894035 0.0870534 0.14218 0.0732271 0.0951371 0.0710231 0.0680543 0.064836 0.0986807 0.0642904 0.101464 0.0966476 0.0634563
threshold=50003.250000000007 53187.000000000007 26676.000000000004 5122361.5000000009 67160.500000000015 35990.250000000007 27046.500000000004 22126.250000000004 63.500000000000007 54352.417968750007 67008310.000000007 27305.500000000004 32736.250000000004 10499338.500000002 52124.500000000007 52074.500000000007 49025.500000000007 47156.250000000007 73.500000000000014 47156.250000000007 19345472.000000004 15362628.000000002 57.500000000000007 1995172.1250000002 70.500000000000014 37839.000000000007 76542.500000000015 72798.500000000015 70395.335937500015 54980.500000000007
decision_type=2 2 2 2 2 2 2 2 2 2 2 2 2 2 2 2 2 2 2 2 2 2 2 2 2 2 2 2 2 2
left_child=2 8 6 11 26 -5 7 -1 9 -2 -6 -4 -13 14 -10 17 -17 20 -18 -20 21 24 -11 -14 25 -7 -3 -28 -29 -15
right_child=1 4 3 5 10 15 -8 -9 13 22 -12 12 23 29 -16 16 18 -19 19 -21 -22 -23 -24 -25 -26 -27 27 28 -30 -31
leaf_value=0.0066735282480790796 -0.0073947711173316527 -0.0020533521851912075 -0.0048546770041307009 0.004302140077496389 -0.0033764355646499857 -0.0043870411257469853 0.01062772726958118 0.0005964450059192522 0.0034221065363713673 0.0041102031226425122 -0.0016484462418857049 0.0072072828457189295 -0.0031611929613384695 0.0059519649222493174 -0.0033253237952867265 0.013442601159150745 0.0035298888991184708 -0.0039847257006312576 0.005126779291424014 -0.0053385089069385742 -0.00066977975217103055 0.0085465438824030571 -0.0024094791447913104 0.0014394932825268171 0.0041435091730414172 0.0036582087632268667 0.0048511421512530163 0.0025370804481470669 -0.0014507211780096117 0.00082968880323256366
leaf_weight=176 29 565 26 380 731 31 41 35 21 24 424 26 51 25 79 29 110 31 21 34 82 26 55 87 63 30 33 71 422 742
leaf_count=176 29 565 26 380 731 31 41 35 21 24 424 26 51 25 79 29 110 31 21 34 82 26 55 87 63 30 33 71 422 742
internal_value=-5.58729e-12 -0.00132691 0.00334165 0.00257334 -0.00204775 0.00312741 0.00647283 0.00566548 0.000333607 -0.0022993 -0.00274209 0.000132541 0.000923198 0.000661582 -0.00190836 0.00215061 0.00363029 0.00105913 0.0019057 -0.00134267 0.00173309 0.00304666 -0.000428816 -0.00026076 0.00189346 -0.000430361 -0.00131267 -0.00051708 -0.000876413 0.000996647
internal_weight=4500 3221 1279 1027 2246 837 252 211 975 108 1155 190 164 867 100 457 194 263 165 55 232 150 79 138 124 61 1091 526 493 767
internal_count=4500 3221 1279 1027 2246 837 252 211 975 108 1155 190 164 867 100 457 194 263 165 55 232 150 79 138 124 61 1091 526 493 767
is_linear=0
shrinkage=0.1


Tree=14
num_leaves=31
num_cat=0
split_feature=4 4 3 1 1 7 5 9 9 9 9 5 4 8 7 8 3 4 7 9 10 10 3 10 4 7 9 1 4 9
split_gain=1.62937 0.333384 0.233735 0.103806 0.0749209 0.081384 0.0684711 0.087332 0.0634941 0.14649 0.107745 0.102272 0.095768 0.087432 0.0861612 0.0787212 0.062353 0.0617596 0.0686884 0.0689521 0.0562431 0.0825952 0.100793 0.120627 0.0605507 0.056623 0.0805302 0.0528876 0.112915 0.0768988
threshold=40334.000000000007 57845.000000000007 26676.000000000004 54.500000000000007 60.500000000000007 1715620.3750000002 27046.500000000004 22126.250000000004 48701.250000000007 49270.500000000007 50003.250000000007 47900.000000000007 41681.000000000007 44298.625000000007 10499338.500000002 46360.375000000007 50266.000000000007 85550.000000000015 61219978.000000007 67846.000000000015 54223.000000000007 55860.250000000007 57693.000000000007 57310.625000000007 50552.500000000007 273583328.00000006 74084.000000000015 65.500000000000014 37435.500000000007 36794.750000000007
decision_type=2 2 2 2 2 2 2 2 2 2 2 2 2 2 2 2 2 2 2 2 2 2 2 2 2 2 2 2 2 2
left_child=2 8 6 -4 -5 -6 7 -1 11 -10 16 -2 -13 -14 -12 -15 -11 18 -3 -20 -16 -22 23 -23 -25 -24 -27 28 -7 -29
right_child=1 17 3 4 5 27 -8 -9 9 10 14 12 13 15 20 -17 -18 -19 19 -21 21 22 25 24 -26 26 -28 29 -30 -31
leaf_value=0.0060061753820760226 -0.0034843048679509335 -0.0023334763714562535 0.0089033686749947563 -0.00095410495243199601 -0.0024597113340860234 0.0032638765779162242 0.0095649545632512881 0.00053680047925029476 -0.0075287926476448781 0.0089706807211041451 -0.0022018713847348831 -0.0010746598083642312 0.010044707714579999 -0.0001249699476722847 0.00523388238535041 0.0073552589165046811 0.0010742916353046895 -0.0033527169633950841 0.0045266502367501916 -0.0011751495492624878 -0.0051631148004283511 0.0097725613677704885 -0.00039444472914945287 -0.0024280487421762063 0.0036141130098596565 0.0079488056711852547 0.00034803710472972499 0.0039067447894888226 0.011207475495480356 0.0016366753679970336
leaf_weight=176 28 933 24 68 32 121 41 35 27 20 191 36 25 34 21 24 20 304 22 590 30 22 812 27 43 20 46 214 21 493
leaf_count=176 28 933 24 68 32 121 41 35 27 20 191 36 25 34 21 24 20 304 22 590 30 22 812 27 43 20 46 214 21 493
internal_value=-1.05809e-11 -0.00116377 0.0031113 0.00240833 0.00224407 0.00249092 0.00582555 0.00509893 -1.48864e-05 -0.000241106 -8.39435e-05 0.00195338 0.00323283 0.00510114 -0.000252473 0.0029703 0.00502249 -0.00204982 -0.00179345 -0.000970183 0.000112204 4.64915e-06 0.000164477 0.00331354 0.00128356 -0.000165494 0.0026513 0.00267752 0.00443863 0.0023238
internal_weight=4500 3275 1225 973 949 881 252 211 1426 1279 1252 147 119 83 1212 58 40 1849 1545 612 1021 1000 970 92 70 878 66 849 142 707
internal_count=4500 3275 1225 973 949 881 252 211 1426 1279 1252 147 119 83 1212 58 40 1849 1545 612 1021 1000 970 92 70 878 66 849 142 707
is_linear=0
shrinkage=0.1


Tree=15
num_leaves=31
num_cat=0
split_feature=8 4 8 7 7 3 4 4 4 7 3 5 1 1 7 7 4 3 6 4 9 9 10 9 1 9 1 9 4 7
split_gain=1.32244 0.292154 0.153773 0.141455 0.0847576 0.0799543 0.075415 0.0787734 0.126869 0.0845728 0.0779327 0.106707 0.0725513 0.0696167 0.0663705 0.0648344 0.0901443 0.064483 0.0596167 0.11228 0.0805656 0.0709449 0.0563638 0.0688128 0.0554553 0.0548526 0.0542948 0.0529469 0.0566837 0.0467987
threshold=52154.875000000007 19946.500000000004 71925.250000000015 223406576.00000003 16118664.500000002 67563.000000000015 40334.000000000007 41681.000000000007 42461.000000000007 93547628.000000015 51784.000000000007 52074.500000000007 65.500000000000014 56.500000000000007 14881149.000000002 7867650.0000000009 49248.000000000007 54956.500000000007 64660.000000000007 50167.000000000007 63572.750000000007 60686.750000000007 62742.500000000007 57173.250000000007 75.500000000000014 58590.000000000007 59.500000000000007 74084.000000000015 55838.500000000007 2589336.2500000005
decision_type=2 2 2 2 2 2 2 2 2 2 2 2 2 2 2 2 2 2 2 2 2 2 2 2 2 2 2 2 2 2
left_child=1 29 3 4 13 22 -3 12 -9 10 11 -10 -8 -2 -14 -12 17 -17 19 21 -20 -7 23 -6 -19 -24 -22 -5 -29 -1
right_child=2 6 -4 27 5 18 7 8 9 -11 15 -13 14 -15 -16 16 -18 24 20 -21 26 -23 25 -25 -26 -27 -28 28 -30 -31
leaf_value=0.0068463808243078269 0.0031231605603049203 0.0021247073518188323 -0.0022114434558483474 0.0052805757787807482 0.0028338384876648586 0.0053145721377361385 -0.0072873944305770462 0.0060063018706083922 -0.0010419810301839159 0.0042864895839658055 -0.005765021008511003 0.0044937188176748652 -0.0047471500082832321 -0.0024126302675508402 0.0020259442789933814 0.0026460042119854027 0.0057442847639322288 -0.0030947348623836446 0.0052886468143222617 -0.0048570442412407527 -0.005305549427866936 -0.0017764128354746244 0.0070579743897542365 -0.003120068349367516 0.0014378117716738158 0.0014760610560386057 -0.00053458848659759567 -0.0014915494157410249 0.0042285790536940723 0.0041380191793874031
leaf_weight=88 24 866 1207 46 30 21 21 48 65 54 26 75 23 425 39 36 21 118 23 96 25 43 20 55 35 147 520 41 30 232
leaf_count=88 24 866 1207 46 30 21 21 48 65 54 26 75 23 425 39 36 21 118 23 96 25 43 20 55 35 147 520 41 30 232
internal_value=1.11207e-11 0.00215198 -0.0013656 -0.000705234 -0.000978938 -0.000457643 0.00153959 0.000636373 0.00113015 0.000585839 5.43628e-05 0.00192357 -0.00220732 -0.00211673 -0.000486655 -0.00105449 -0.000471282 -0.0011619 -0.000989068 -0.0026941 -0.000508778 0.000550317 0.00107759 -0.00101869 -0.00205788 0.00214455 -0.00075344 0.0026377 0.000925406 0.00488282
internal_weight=4500 1747 2753 1546 1429 980 1427 561 478 430 376 140 83 449 62 236 210 189 728 160 568 64 252 85 153 167 545 117 71 320
internal_count=4500 1747 2753 1546 1429 980 1427 561 478 430 376 140 83 449 62 236 210 189 728 160 568 64 252 85 153 167 545 117 71 320
is_linear=0
shrinkage=0.1


Tree=16
num_leaves=31
num_cat=0
split_feature=6 4 3 5 7 3 4 8 1 9 4 4 4 5 9 8 4 7 7 7 1 7 9 5 7 4 9 10 9 3
split_gain=1.09331 0.226499 0.153866 0.113151 0.0670645 0.0797929 0.0672881 0.08914 0.0741175 0.0716507 0.0755285 0.0663213 0.089469 0.0658293 0.0920582 0.0656929 0.063808 0.0617085 0.064996 0.0583892 0.0554437 0.0886663 0.054271 0.0541015 0.0537026 0.142368 0.0468999 0.0846374 0.0552542 0.0580218
threshold=49011.083984375007 53187.000000000007 26676.000000000004 57452.000000000007 5122361.5000000009 45091.500000000007 27305.500000000004 32736.250000000004 64.500000000000014 39991.000000000007 41121.000000000007 41681.000000000007 40334.000000000007 62169.000000000007 58590.000000000007 33233.375000000007 67160.500000000015 13515669.500000002 2589336.2500000005 67008310.000000007 62.500000000000007 4487547.0000000009 47516.500000000007 101156.50000000001 1051882.5000000002 10944.500000000002 49270.500000000007 52079.750000000007 50997.750000000007 52124.500000000007
decision_type=2 2 2 2 2 2 2 2 2 2 2 2 2 2 2 2 2 2 2 2 2 2 2 2 2 2 2 2 2 2
left_child=2 13 17 4 6 -6 -4 -8 -9 -10 -11 12 22 26 -15 -5 -3 18 24 -18 -20 -22 -7 -21 25 -1 -2 -28 -29 -30
right_child=1 16 3 15 5 11 7 8 9 10 -12 -13 -14 14 -16 -17 19 -19 20 23 21 -23 -24 -25 -26 -27 27 28 29 -31
leaf_value=0.0077910782002350871 -0.0041875935785355978 -0.00096115556860175736 -0.0047561410760793557 0.0020474737441098247 0.0030304229125471382 0.00023199484191233446 0.0060770865493955523 -0.0059381498364382427 -0.0028083289822412507 0.0078194117173552517 0.0004584661553330396 0.0045192289994596393 -0.005169578876208376 0.0024149790162275495 -3.6479265074528931e-05 0.0083698039530732109 -0.0025691029920195587 0.0080852773501132822 -0.0014215125391880672 0.0011291701903288391 -0.0011181992905524871 0.0064689194131058812 0.0043682300400130197 -0.0016679632817381215 0.0080770246648028798 -0.0022683855146169662 0.004683385112633308 -0.004505656845867634 0.0040124183261973992 -0.0008528474033516972
leaf_weight=34 36 1091 26 27 410 192 26 20 37 20 46 43 27 246 406 42 731 46 30 87 24 43 38 337 51 24 30 37 27 266
leaf_count=34 36 1091 26 27 410 192 26 20 37 20 46 43 27 246 406 42 731 46 30 87 24 43 38 337 51 24 30 37 27 266
internal_value=-4.34941e-14 -0.000943142 0.00257604 0.00199552 0.00169142 0.0021236 -6.19938e-05 0.000757119 -0.000367427 0.000714267 0.00268906 0.00088428 0.000276098 0.000270793 0.000888457 0.00589585 -0.00150957 0.00477376 0.0040343 -0.0020276 0.00215135 0.00375115 0.000915373 -0.00109402 0.00570994 0.00362854 -0.00074617 -0.000402027 -0.000864338 -0.000404512
internal_weight=4500 3294 1206 954 885 710 175 149 123 103 66 300 257 1048 652 69 2246 252 206 1155 97 67 230 424 109 58 396 360 330 293
internal_count=4500 3294 1206 954 885 710 175 149 123 103 66 300 257 1048 652 69 2246 252 206 1155 97 67 230 424 109 58 396 360 330 293
is_linear=0
shrinkage=0.1


Tree=17
num_leaves=31
num_cat=0
split_feature=9 4 4 7 8 7 1 8 10 1 3 5 7 3 6 9 9 1 5 10 5 9 4 10 9 10 7 6 7 1
split_gain=0.891457 0.167455 0.136397 0.0815199 0.0801894 0.0620725 0.0600422 0.0569297 0.0773459 0.0559903 0.0615665 0.114459 0.0824366 0.0746375 0.0700726 0.137447 0.102905 0.0618355 0.0561916 0.0557876 0.0783521 0.0772851 0.14964 0.0664549 0.0728826 0.0556372 0.076444 0.062996 0.0849738 0.057871
threshold=50003.250000000007 58055.500000000007 19946.500000000004 79926748.000000015 40921.250000000007 10499338.500000002 60.500000000000007 49836.875000000007 55522.875000000007 54.500000000000007 50266.000000000007 53301.500000000007 5122361.5000000009 35735.000000000007 44227.000000000007 46203.750000000007 43995.500000000007 60.500000000000007 35903.500000000007 58322.750000000007 58509.000000000007 53739.750000000007 43333.000000000007 59540.375000000007 54398.750000000007 40313.500000000007 15689061.000000002 39263.666015625007 33839878.000000007 69.500000000000014
decision_type=2 2 2 2 2 2 2 2 2 2 2 2 2 2 2 2 2 2 2 2 2 2 2 2 2 2 2 2 2 2
left_child=2 5 -1 9 -5 7 -7 -2 -9 -4 11 12 -11 18 16 -16 17 -15 -14 20 21 22 -8 24 -21 26 -19 28 -27 -29
right_child=1 -3 3 4 -6 6 19 8 -10 10 -12 -13 13 14 15 -17 -18 25 -20 23 -22 -23 -24 -25 -26 27 -28 29 -30 -31
leaf_value=0.0040671766393926825 -0.0067678992822766309 -0.0015151463714321431 0.006102743764980309 0.0027680625461719253 0.0093882193323224783 -0.0026528771836783036 0.0035157191754680954 0.0024372362520241747 -0.0023729264915276034 -0.00028004654120864734 -0.00070286412861244425 0.0086857120501173841 0.0030118158063536663 -0.004059470728971064 0.0088569921441376213 0.00025763166500482619 -0.0055437176876390977 -0.0042770639585796742 0.0082050689592443656 -0.0075698218894261959 0.0058091596440347131 0.0054542939290404321 -0.0056669384706765418 0.00030331149749093745 0.00039109230337603751 0.0081514299430541295 0.0026905841644733184 -0.0016100555395759228 0.00089131133364779612 0.0029260603180155161
leaf_weight=308 20 1831 24 77 24 69 36 45 130 212 141 22 74 20 34 41 24 32 29 23 43 25 35 941 23 38 31 45 28 75
leaf_count=308 20 1831 24 77 24 69 36 45 130 212 141 22 74 20 34 41 24 32 29 23 43 25 35 941 23 38 31 45 28 75
internal_value=1.35006e-11 -0.000886919 0.00223359 0.00165198 0.00434117 -5.93753e-05 0.00021057 -0.00171366 -0.00113603 0.00133979 0.00120467 0.00158618 0.00135749 0.00209456 0.00142858 0.00415601 0.000730432 0.00129021 0.00447399 0.000386039 0.00226169 0.000672712 -0.00101094 0.00012189 -0.00358936 0.0017199 -0.000848539 0.00258986 0.00507138 0.00122502
internal_weight=4500 3221 1279 971 101 1390 1195 195 175 870 846 705 683 471 368 75 293 269 103 1126 139 96 71 987 46 249 63 186 66 120
internal_count=4500 3221 1279 971 101 1390 1195 195 175 870 846 705 683 471 368 75 293 269 103 1126 139 96 71 987 46 249 63 186 66 120
is_linear=0
shrinkage=0.1


Tree=18
num_leaves=31
num_cat=0
split_feature=6 8 3 10 9 5 8 3 7 3 6 6 7 6 9 1 1 1 8 6 6 5 9 9 5 3 5 1 5 1
split_gain=0.728111 0.151323 0.108094 0.0964588 0.10404 0.085024 0.0684705 0.0683792 0.061239 0.0605908 0.0543899 0.111231 0.0620137 0.0559739 0.0774691 0.0538854 0.0543952 0.0954861 0.0528405 0.0520404 0.0649657 0.088451 0.0508198 0.0508036 0.0748803 0.116979 0.0962745 0.0815971 0.0641197 0.0603963
threshold=49011.083984375007 62507.125000000007 26676.000000000004 76506.250000000015 62931.500000000007 57452.000000000007 22686.875000000004 21708.000000000004 273583328.00000006 80950.000000000015 48350.666015625007 47713.416015625007 6398082.2500000009 46926.500000000007 39991.000000000007 69.500000000000014 65.500000000000014 62.500000000000007 33233.375000000007 98479.335937500015 91880.082031250015 109919.50000000001 44906.750000000007 64161.750000000007 65551.000000000015 67761.000000000015 71501.500000000015 72.500000000000014 70459.000000000015 69.500000000000014
decision_type=2 2 2 2 2 2 2 2 2 2 2 2 2 2 2 2 2 2 2 2 2 2 2 2 2 2 2 2 2 2
left_child=2 3 6 23 -5 10 7 -1 -3 -6 11 12 -4 14 -14 16 17 -16 -7 20 21 -10 -18 24 -2 27 28 -26 -27 -28
right_child=1 8 5 4 9 18 -8 -9 19 -11 -12 -13 13 -15 15 -17 22 -19 -20 -21 -22 -23 -24 -25 25 26 29 -29 -30 -31
leaf_value=0.0040802731632236461 -0.00070262078312688283 -0.0015139476525506657 -4.6489708599956518e-05 0.0081258249146720554 0.0050980870311539027 0.0015451909629283127 0.0079819211115439732 -0.00064211391743171863 0.0031709906192762512 6.1079757646299325e-05 0.0056891446367704447 -0.0049886465105893358 0.0026888628032096604 0.0062184134851498854 -0.0030418266231815021 0.0015533182941490434 -0.0067387030796251359 0.0059489896232705749 0.0072154295342486538 -0.001352102677278881 0.0058639247965578357 -0.0051655059680342681 -0.00017958244730141901 -0.0020708280087661387 0.0049623840847440688 -0.0013851567523906361 -0.0011995751777144729 0.00047279430318407584 -0.0074302344522236483 0.0028854120962238045
leaf_weight=179 656 1760 214 26 31 27 36 37 35 104 28 28 342 29 27 148 27 21 42 79 31 20 21 139 96 74 61 70 23 89
leaf_count=179 656 1760 214 26 31 27 36 37 35 104 28 28 342 29 27 148 27 21 42 79 31 20 21 139 96 74 61 70 23 89
internal_value=8.94398e-12 -0.00076967 0.00210223 3.40505e-05 0.00233332 0.00161565 0.00394429 0.00327135 -0.00134125 0.00121773 0.00135205 0.00121035 0.00141972 0.00192992 0.00171769 0.000356452 -0.00148872 0.000891655 0.00499664 0.000500849 0.00220298 0.000139537 -0.00386909 -0.000272392 -3.85446e-05 0.00101626 -0.000363439 0.00306918 -0.00281853 0.00122418
internal_weight=4500 3294 1206 1369 161 954 252 216 1925 135 885 857 829 615 586 244 96 48 69 165 86 55 48 1208 1069 413 247 166 97 150
internal_count=4500 3294 1206 1369 161 954 252 216 1925 135 885 857 829 615 586 244 96 48 69 165 86 55 48 1208 1069 413 247 166 97 150
is_linear=0
shrinkage=0.1


Tree=19
num_leaves=31
num_cat=0
split_feature=8 8 8 7 1 9 1 1 1 1 7 3 9 5 3 3 8 4 6 8 1 10 3 5 9 4 3 3 9 5
split_gain=0.593261 0.132461 0.078397 0.0968058 0.069981 0.0592667 0.0586807 0.0505316 0.120945 0.072992 0.0621376 0.0712086 0.0705593 0.0471855 0.0889393 0.0650297 0.0681724 0.22506 0.150971 0.056217 0.0444973 0.0430369 0.130693 0.0574699 0.116248 0.0802871 0.0575071 0.116593 0.0432305 0.0419009
threshold=52154.875000000007 26755.625000000004 71925.250000000015 223406576.00000003 54.500000000000007 54127.250000000007 60.500000000000007 52.500000000000007 56.500000000000007 61.500000000000007 9383862.0000000019 71920.000000000015 56467.250000000007 31157.500000000004 31586.500000000004 13512.500000000002 22686.875000000004 22503.000000000004 22736.083984375004 7364.5000000000009 57.500000000000007 33765.000000000007 34965.000000000007 41094.500000000007 36392.500000000007 31305.500000000004 40909.500000000007 39571.500000000007 34485.000000000007 23560.500000000004
decision_type=2 2 2 2 2 2 2 2 2 2 2 2 2 2 2 2 2 2 2 2 2 2 2 2 2 2 2 2 2 2
left_child=1 13 3 5 -3 -2 20 -7 -9 -10 11 -11 -12 15 -15 19 18 -18 29 -1 -6 -8 -23 25 -25 28 27 -26 -24 -17
right_child=2 4 -4 -5 6 7 21 8 9 10 12 -13 -14 14 -16 16 17 -19 -20 -21 -22 22 23 24 26 -27 -28 -29 -30 -31
leaf_value=0.0016225861119372503 -0.0054957426041364679 0.0059163679863559089 -0.0015186061983835106 0.0023223251652601373 0.0017910168024245653 -0.0051328002591617405 -0.0017801839822473434 0.0065323519675681996 -0.0036612208150327203 -0.0024154476775067155 0.0036282491734406599 0.0038156363926827907 -0.00029745345227501089 0.010364903090521694 0.0033186703356971716 0.00062695468976339212 0.011724346068998179 -0.0011743064496606108 -0.0057572907360736282 0.0068269038645952353 -0.0032691696127713252 0.0064450495493494804 -0.0015647611447743009 0.0066557760526602342 -0.00046520584191267304 -0.0053169012014918473 0.00077836795452763735 0.0090993379577994343 0.0044373560430748128 0.0045669580957420717
leaf_weight=35 25 28 1207 117 25 24 52 24 75 221 48 20 992 23 81 79 24 31 32 51 57 45 28 37 26 34 972 25 21 41
leaf_count=35 25 28 1207 117 25 24 52 24 75 221 48 20 992 23 81 79 24 31 32 51 57 45 28 37 26 34 972 25 21 41
internal_value=-1.44131e-12 0.00144136 -0.000914661 -0.000443145 0.000969163 -0.00066957 0.000864382 -0.000583633 -0.000504518 -0.000629064 -0.000451537 -0.00189835 -0.000116267 0.00304708 0.00487697 0.00239756 0.00143731 0.0044542 0.000345667 0.00470887 -0.00172643 0.00103571 0.00115896 0.00095085 0.00114927 -0.00158317 0.000950109 0.0042233 0.00100757 0.00197312
internal_weight=4500 1747 2753 1546 1350 1429 1322 1404 1380 1356 1281 241 1040 397 104 293 207 55 152 86 82 1240 1188 1143 1060 83 1023 51 49 120
internal_count=4500 1747 2753 1546 1350 1429 1322 1404 1380 1356 1281 241 1040 397 104 293 207 55 152 86 82 1240 1188 1143 1060 83 1023 51 49 120
is_linear=0
shrinkage=0.1


Tree=20
num_leaves=31
num_cat=0
split_feature=9 1 8 7 1 3 7 9 5 3 9 7 4 8 7 3 9 3 9 7 1 4 7 4 3 8 1 3 5 1
split_gain=0.486635 0.14314 0.103691 0.0767103 0.0701831 0.0686879 0.068534 0.0674214 0.0817433 0.116067 0.0764046 0.0544194 0.0538805 0.0533597 0.071973 0.0532238 0.0525608 0.0661814 0.0517142 0.0506214 0.0450589 0.0604347 0.0502154 0.0447189 0.0439338 0.0509268 0.0426676 0.0569193 0.0914251 0.0643198
threshold=58590.000000000007 54.500000000000007 30631.625000000004 22354443.000000004 52.500000000000007 69948.500000000015 107620412.00000001 60454.750000000007 76542.500000000015 78603.500000000015 69340.750000000015 142233512.00000003 28109.500000000004 53687.000000000007 54535002.000000007 11942.500000000002 13115.750000000002 16333.500000000002 60454.750000000007 31802155.000000004 72.500000000000014 16741.000000000004 1340704.5625000002 38155.000000000007 89787.000000000015 57609.750000000007 60.500000000000007 53952.000000000007 58238.000000000007 76.500000000000014
decision_type=2 2 2 2 2 2 2 2 2 2 2 2 2 2 2 2 2 2 2 2 2 2 2 2 2 2 2 2 2 2
left_child=1 4 12 -2 -1 13 26 -7 -9 -10 24 -8 15 18 19 -3 -17 -18 -5 -15 22 -22 -19 -13 25 -11 -4 28 29 -28
right_child=3 2 6 5 -6 7 11 8 9 10 -12 23 -14 14 -16 16 17 20 -20 -21 21 -23 -24 -25 -26 -27 27 -29 -30 -31
leaf_value=0.0031078797888618951 -0.0017322192050158313 0.0049693145856938578 -0.0020748760093988825 -0.0046412457612210085 0.0093146608403787533 0.0040952521891865342 0.0051856103511351464 -0.002806915512934288 0.0022914153050748618 -0.0032060267766937617 -0.0011159721885358152 0.002865361226722598 0.006738981439803656 0.0028838737831952481 0.005800972043193485 -0.0031012859216637233 0.0066039371038121844 0.0055127792769954324 0.0012876129619056179 -0.0009916314035321454 0.0082821841085387853 0.0020954793157676858 0.00040063665704842891 -0.0015927860332239007 0.0054310246487148106 0.0021659853556290423 0.0010729966455606463 -0.00036919581552806121 0.0061300305183976892 -0.0030233139240341943
leaf_weight=49 759 55 69 28 29 28 53 189 127 25 1164 60 26 65 38 22 28 21 31 70 20 75 226 36 24 60 589 459 34 41
leaf_count=49 759 55 69 28 29 28 53 189 127 25 1164 60 26 65 38 22 28 21 31 70 20 75 226 36 24 60 589 459 34 41
internal_value=-3.81907e-12 0.00122092 0.00104056 -0.000885731 0.00541553 -0.000538255 0.000591537 -0.000769121 -0.000854837 -0.000591306 -0.000878899 0.00261355 0.00231358 0.00107084 0.0019565 0.00205618 0.00164745 0.0019298 -0.00152608 0.000874353 0.00154713 0.00339794 0.000835272 0.00119356 0.00165278 0.000585982 0.000338786 0.000487088 0.00107901 0.000806411
internal_weight=4500 1892 1814 2608 78 1849 1341 1617 1589 1400 1273 149 473 232 173 447 392 370 59 135 342 95 247 96 109 85 1192 1123 664 630
internal_count=4500 1892 1814 2608 78 1849 1341 1617 1589 1400 1273 149 473 232 173 447 392 370 59 135 342 95 247 96 109 85 1192 1123 664 630
is_linear=0
shrinkage=0.1


Tree=21
num_leaves=31
num_cat=0
split_feature=6 8 7 3 5 8 9 1 1 5 9 8 8 7 8 3 7 9 9 9 3 1 6 7 7 1 5 3 7 1
split_gain=0.400223 0.0875155 0.0665569 0.0590034 0.0635262 0.0537039 0.0562042 0.0529629 0.0593304 0.0590053 0.075586 0.0554498 0.0578035 0.0831239 0.0525927 0.0520902 0.0667063 0.0640629 0.0749443 0.0580339 0.0660323 0.0529992 0.0509729 0.0488441 0.0600164 0.0955186 0.0555249 0.0770797 0.0731035 0.0622052
threshold=49011.083984375007 71925.250000000015 93547628.000000015 26676.000000000004 57452.000000000007 22686.875000000004 22126.250000000004 61.500000000000007 76.500000000000014 65551.000000000015 60292.750000000007 56347.375000000007 61201.375000000007 122174276.00000001 70101.375000000015 67761.000000000015 29804623.000000004 49270.500000000007 50003.250000000007 50997.750000000007 52124.500000000007 56.500000000000007 64660.000000000007 10499338.500000002 13177941.500000002 74.500000000000014 62744.000000000007 56254.500000000007 22354443.000000004 72.500000000000014
decision_type=2 2 2 2 2 2 2 2 2 2 2 2 2 2 2 2 2 2 2 2 2 2 2 2 2 2 2 2 2 2
left_child=3 2 15 5 -5 6 -1 -4 9 -9 -11 -12 13 -13 -14 16 17 -2 -19 -20 -21 -22 -17 -23 25 -25 27 -26 -28 -30
right_child=1 -3 7 4 -6 -7 -8 8 -10 10 11 12 14 -15 -16 22 -18 18 19 20 21 23 -24 24 26 -27 28 -29 29 -31
leaf_value=0.0030569431010383967 -0.0060362005628468024 -0.0012484116576638616 -0.0031923821159580259 0.00097124684784537718 0.0041215661400254219 0.0064953746765645014 -0.0012244370338079093 -0.0032645389563045824 -0.0020784105390443336 0.0039376612506910333 -0.0013463009244212545 0.009498603846877814 -8.706091499576966e-05 0.0019325157030011125 0.0045649931573405354 -0.0031611581700771588 0.0012485959580158042 0.005312198836525733 -0.0050756226227219618 0.0041543660809596379 0.004147622615776279 -0.0019185825195745566 -0.00080233697149535059 0.0055088051140219684 0.0019604492789277667 -0.0026250797408548269 -0.001424904890882317 -0.0044679843578981525 0.0067437840798110875 0.00012758825284739337
leaf_weight=179 21 1207 32 885 69 36 37 26 56 108 83 20 150 53 29 113 277 22 28 30 22 240 484 42 26 22 80 66 27 30
leaf_count=179 21 1207 32 885 69 36 37 26 56 108 83 20 150 53 29 113 277 22 28 30 22 240 484 42 26 22 80 66 27 30
internal_value=-3.23182e-12 -0.000570633 -0.000178644 0.00155859 0.0011991 0.00291953 0.00232356 0.000757308 0.00099805 0.00136539 0.00163712 0.000895457 0.00163381 0.00400542 0.000666624 -0.00051938 -5.26357e-05 -0.000602089 -0.000422378 -0.000628187 -0.000415318 -0.000662328 -0.00124881 -0.000860862 5.52969e-06 0.00271278 -0.000751082 -0.00265125 0.000524945 0.00326158
internal_weight=4500 3294 2087 1206 954 252 216 557 525 469 443 335 252 73 179 1530 933 656 635 613 585 555 597 533 293 64 229 92 137 57
internal_count=4500 3294 2087 1206 954 252 216 557 525 469 443 335 252 73 179 1530 933 656 635 613 585 555 597 533 293 64 229 92 137 57
is_linear=0
shrinkage=0.1


Tree=22
num_leaves=31
num_cat=0
split_feature=6 9 5 7 5 3 1 5 3 9 1 1 5 9 5 3 5 7 7 7 7 5 3 8 5 7 4 6 4 4
split_gain=0.324181 0.0728136 0.11553 0.061354 0.0598561 0.0945628 0.0719518 0.0679595 0.0601405 0.0658635 0.088725 0.0561579 0.050001 0.0721522 0.0912068 0.075326 0.0983962 0.0633285 0.0963992 0.113043 0.0874935 0.0869122 0.0632691 0.0621775 0.0549851 0.054336 0.051084 0.0553232 0.0828689 0.0807255
threshold=49011.083984375007 64161.750000000007 84560.500000000015 273583328.00000006 65551.000000000015 67761.000000000015 71.500000000000014 71501.500000000015 79140.000000000015 60454.750000000007 71.500000000000014 77.500000000000014 57452.000000000007 41459.000000000007 47067.000000000007 51416.500000000007 42142.500000000007 32716277.000000004 15362628.000000002 20080501.000000004 7180242.0000000009 51730.500000000007 35735.000000000007 33233.375000000007 37409.000000000007 3652723.2500000005 36189.000000000007 35931.166015625007 30449.000000000004 33424.000000000007
decision_type=2 2 2 2 2 2 2 2 2 2 2 2 2 2 2 2 2 2 2 2 2 2 2 2 2 2 2 2 2 2
left_child=11 2 4 -3 -2 6 -6 -7 9 -9 -11 12 13 15 25 16 22 18 20 -20 -16 -21 24 -14 -1 -15 27 -18 -29 -30
right_child=1 3 -4 -5 5 7 -8 8 -10 10 -12 -13 23 14 17 -17 26 -19 19 21 -22 -23 -24 -25 -26 -27 -28 28 29 -31
leaf_value=0.0017837665675584002 -0.00060688309276828926 -0.0010254867445215817 0.007005611564576005 0.00076141550452688911 0.0046557693261202876 -0.0023921394210006351 0.00055824092612314377 0.0038289371616372914 -0.0035684073418378831 -0.0046716134782463052 0.0027158464657495154 -0.0034912236844715869 0.0004835547189469691 -0.0071035663198147497 0.0034504898311570292 -0.003742346983483952 0.0071090072786319071 -0.0010611338822561647 0.011209161078468675 -0.0013402094374652263 -0.0021718354130444502 0.0072374612314715274 -0.00039830133661299068 0.0067262811872821592 0.0064373241099356512 -0.0012414620214258321 0.0085084334723651411 -0.0023631138934029476 0.007882872746596414 0.00066615739807246194
leaf_weight=426 661 1963 24 213 91 97 81 73 25 29 37 23 27 21 50 23 32 93 21 27 62 21 136 39 27 64 25 27 31 31
leaf_count=426 661 1963 24 213 91 97 81 73 25 29 37 23 27 21 50 23 32 93 21 27 62 21 136 39 27 64 25 27 31 31
internal_value=1.02001e-12 -0.000513569 0.000142354 -0.000850574 -8.21112e-06 0.000905697 0.00272612 -0.000293968 0.000947023 0.00175915 -0.000530159 0.00140273 0.00149788 0.00133985 0.000172006 0.00189296 0.0020693 0.00105978 0.00214953 0.00508976 0.000338131 0.00241252 0.00149325 0.00417244 0.00206113 -0.00268975 0.00439325 0.00354301 0.00226085 0.00427452
internal_weight=4500 3294 1118 2176 1094 433 172 261 164 139 66 1206 1183 1117 359 758 735 274 181 69 112 48 589 66 453 85 146 121 89 62
internal_count=4500 3294 1118 2176 1094 433 172 261 164 139 66 1206 1183 1117 359 758 735 274 181 69 112 48 589 66 453 85 146 121 89 62
is_linear=0
shrinkage=0.1


Tree=23
num_leaves=31
num_cat=0
split_feature=9 1 4 1 1 7 4 1 9 8 8 3 3 10 9 4 8 1 8 7 1 7 1 4 5 8 6 5 3 5
split_gain=0.266823 0.10788 0.0620121 0.0616389 0.060317 0.0559168 0.0493096 0.0524923 0.0491292 0.0489956 0.0448818 0.0818705 0.0437636 0.0749743 0.0970326 0.072015 0.0427737 0.0419541 0.0371439 0.0357607 0.0383469 0.0366072 0.0354474 0.0429784 0.034992 0.0305572 0.0391286 0.0304055 0.0498484 0.0532855
threshold=58590.000000000007 54.500000000000007 19946.500000000004 60.500000000000007 52.500000000000007 22354443.000000004 85550.000000000015 62.500000000000007 58069.500000000007 54828.625000000007 22686.875000000004 27513.000000000004 69948.500000000015 71021.625000000015 62931.500000000007 51076.000000000007 50623.375000000007 57.500000000000007 56971.750000000007 273583328.00000006 70.500000000000014 334210032.00000006 69.500000000000014 52297.500000000007 122133.00000000001 59627.125000000007 71951.250000000015 76542.500000000015 78603.500000000015 82666.000000000015
decision_type=2 2 2 2 2 2 2 2 2 2 2 2 2 2 2 2 2 2 2 2 2 2 2 2 2 2 2 2 2 2
left_child=1 4 -3 17 -1 18 7 25 9 10 -5 -12 16 -14 15 -15 -9 -4 -2 27 -21 -22 -11 -24 -23 -7 -27 -16 29 -29
right_child=5 2 3 8 -6 6 -8 12 -10 22 11 -13 13 14 19 -17 -18 -19 -20 20 21 24 23 -25 -26 26 -28 28 -30 -31
leaf_value=0.0024062554218939377 -0.0055256410812338196 0.0021336145321949026 0.0010090742688325623 -0.0039937191025819626 0.0081602603020467634 -0.004480871095115112 -0.0017942001384173363 -0.0027903774583881553 0.0045993449913258972 0.0015237644687294961 0.0054169411947195597 0.00064600522416601383 -0.0037201673510496441 0.0011750338963853817 -0.0021085411188832954 0.0089218091964721677 0.0018792882486994543 -0.0034965190615865492 -0.001260567057264469 0.0030949484778478023 0.0030438915922723969 -0.002828396276405935 -0.00019108654841230337 -0.0061453775468247908 0.0013646658133331907 0.0018980430882243862 -0.0022395499061322074 0.00040515136458231385 -0.00053678738840698197 0.0055268014248992716
leaf_weight=49 21 274 31 20 29 36 212 22 31 20 37 1290 58 30 100 20 181 62 738 62 29 48 22 27 34 31 87 74 797 28
leaf_count=49 21 274 31 20 29 36 212 22 31 20 37 1290 58 30 100 20 181 62 738 62 29 48 22 27 34 31 87 74 797 28
internal_value=2.34318e-12 0.000904063 0.000747482 0.000500859 0.00454556 -0.000655861 -0.000359194 -0.000173353 0.000661247 0.000575032 0.000708166 0.000779031 9.12584e-06 -0.00020721 -4.04743e-05 0.00427374 0.00137322 -0.00199465 -0.00137857 -0.000224528 0.00110286 -9.83358e-06 -0.00202397 -0.00347202 -0.00108981 -0.0019306 -0.00115256 -0.000454396 -0.000270398 0.00181109
internal_weight=4500 1892 1814 1540 78 2608 1849 1637 1447 1416 1347 1327 1483 1280 1222 50 203 93 759 1172 173 111 69 49 82 154 118 999 899 102
internal_count=4500 1892 1814 1540 78 2608 1849 1637 1447 1416 1347 1327 1483 1280 1222 50 203 93 759 1172 173 111 69 49 82 154 118 999 899 102
is_linear=0
shrinkage=0.1


Tree=24
num_leaves=31
num_cat=0
split_feature=4 9 5 4 6 4 5 1 10 1 1 9 6 6 6 9 9 1 8 7 5 10 8 7 1 1 4 4 8 4
split_gain=0.218899 0.0751268 0.0801993 0.0661461 0.0436971 0.0426912 0.0691891 0.049361 0.0604186 0.0589085 0.106997 0.0679701 0.0634988 0.0630211 0.055763 0.045549 0.110868 0.0780043 0.0895564 0.0487902 0.0473991 0.130984 0.046008 0.044599 0.0367601 0.0511261 0.0395269 0.0808262 0.0592102 0.0353014
threshold=34476.000000000007 64161.750000000007 84560.500000000015 35798.500000000007 64924.332031250007 40004.500000000007 47067.000000000007 76.500000000000014 41665.875000000007 62.500000000000007 65.500000000000014 51969.500000000007 42764.500000000007 45627.333984375007 48687.916015625007 48701.250000000007 49270.500000000007 72.500000000000014 46360.375000000007 14500571.000000002 52442.000000000007 52314.250000000007 62076.875000000007 4487547.0000000009 56.500000000000007 62.500000000000007 55672.500000000007 54394.500000000007 58104.750000000007 85550.000000000015
decision_type=2 2 2 2 2 2 2 2 2 2 2 2 2 2 2 2 2 2 2 2 2 2 2 2 2 2 2 2 2 2
left_child=-1 2 3 -2 -3 7 -7 8 -5 -10 -11 12 -12 -14 -15 17 -17 18 19 -8 -18 -22 23 -23 -25 -26 27 -27 -28 -6
right_child=1 4 -4 5 29 6 15 -9 9 10 11 -13 13 14 -16 16 20 -19 -20 -21 21 22 -24 24 25 26 28 -29 -30 -31
leaf_value=0.0014115922293999673 -0.0028766586937542474 -0.0027718844903501299 0.0064979642698745014 0.0067827281218184078 -0.00044849244664273488 -0.0055348031222820287 -0.00043099409992670702 -0.0031410578549617811 -0.0036395044819939703 0.0081668084797759857 0.0038377250566554721 0.0056242402454909799 -0.0043849600813327698 0.0039762384058641539 -0.0025214950311928989 -0.0063104570489875712 -0.0046236768630998478 -0.00153577653202875 0.0092811095395258485 0.0050116704061760435 0.0071782770978573432 -0.0023328689105775475 0.0042087640110403304 0.0040298123236583629 -0.00302429252121826 0.00019464696083491503 0.0066938272762027658 -0.0048175155231386761 0.00064235670715341445 -0.0016157996405749338
leaf_weight=883 70 99 20 23 1753 22 40 21 21 24 32 26 39 28 25 28 21 45 21 28 26 84 25 23 53 599 22 34 61 304
leaf_count=883 70 99 20 23 1753 22 40 21 21 24 32 26 39 28 25 28 21 45 21 28 26 84 25 23 53 599 22 34 61 304
internal_value=-2.73457e-12 -0.000344605 0.000209029 0.000121743 -0.000719771 0.000274834 1.84295e-05 0.00148927 0.00193531 0.00136356 0.00196738 0.000975475 7.34341e-07 -0.00133387 0.00091127 0.000128494 -0.000108865 0.00185732 0.00357292 0.0018101 7.43041e-05 0.000180731 -2.11962e-05 -0.000141914 9.04598e-05 -2.73622e-05 0.000194478 -7.45687e-05 0.00224636 -0.000621006
internal_weight=4500 3617 1461 1441 2156 1371 1132 239 218 195 174 150 124 92 53 1110 976 134 89 68 948 927 901 876 792 769 716 633 83 2057
internal_count=4500 3617 1461 1441 2156 1371 1132 239 218 195 174 150 124 92 53 1110 976 134 89 68 948 927 901 876 792 769 716 633 83 2057
is_linear=0
shrinkage=0.1


Tree=25
num_leaves=31
num_cat=0
split_feature=6 7 9 10 9 9 4 1 9 5 4 3 5 8 8 7 7 7 4 4 9 5 4 9 6 9 7 5 8 7
split_gain=0.182572 0.048476 0.0565586 0.0557219 0.0462435 0.0534208 0.0444949 0.0420203 0.0413724 0.0392548 0.0575725 0.0477446 0.0740742 0.0527591 0.0805795 0.0713107 0.0767997 0.0602134 0.0572292 0.0471128 0.0447937 0.0985738 0.0491541 0.0527738 0.0434832 0.0421085 0.0381818 0.0354084 0.0351985 0.0858163
threshold=49011.083984375007 40233746.000000007 49270.500000000007 52079.750000000007 50997.750000000007 49408.250000000007 67431.000000000015 77.500000000000014 50997.750000000007 57452.000000000007 24188.000000000004 45091.500000000007 50254.500000000007 45164.375000000007 45993.750000000007 16501118.500000002 32332503.000000004 26211347.000000004 33424.000000000007 36665.000000000007 41459.000000000007 42142.500000000007 31305.500000000004 37623.750000000007 43633.500000000007 45248.000000000007 20442965.000000004 49158.000000000007 50461.750000000007 17313075.000000004
decision_type=2 2 2 2 2 2 2 2 2 2 2 2 2 2 2 2 2 2 2 2 2 2 2 2 2 2 2 2 2 2
left_child=7 2 -2 -4 5 -3 8 9 -5 11 -11 12 20 15 -15 27 17 26 25 -20 21 22 -1 -24 -22 -18 -17 -13 29 -10
right_child=1 4 3 6 -6 -7 -8 -9 28 10 -12 13 -14 14 -16 16 18 -19 19 -21 24 -23 23 -25 -26 -27 -28 -29 -30 -31
leaf_value=0.0014205103223244274 -0.0052406585085139215 0.00044931478983284358 0.0035619786166353157 -0.0039234730981661413 -0.0001117827802659258 0.0069625634490512317 -0.0015185482113587636 -0.0031806645186051082 0.0070621355161578818 -0.00097441407036967574 0.0054522482921247895 -0.0063744782004505401 0.0074206323549151423 0.0078102570073679094 0.00012721028178930283 0.0041500355768948798 0.0015577711201538997 0.0074313789473048272 -0.0068935781233012685 -0.00086909981392737897 -0.0024732062946362741 0.0045218015718388703 -0.0033582517178729178 0.0017478967591055803 0.0021186979978665478 -0.0036450907180551441 -0.0017660406801345138 -0.0011967131029814483 -0.00044017222249120939 -0.00048013093667880944
leaf_weight=506 28 34 30 32 1666 20 540 23 22 20 46 28 20 20 43 20 70 21 25 27 58 95 48 35 32 20 24 25 874 48
leaf_count=506 28 34 30 32 1666 20 540 23 22 20 46 28 20 20 43 20 70 21 25 27 58 95 48 35 32 20 24 25 874 48
internal_value=1.24156e-12 -0.000385409 -0.000786427 -0.000705755 -1.84315e-05 0.00286163 -0.000790209 0.00105269 -0.000387235 0.00113499 0.00350477 0.000994967 0.00141196 -3.00815e-05 0.00256627 -0.000659198 0.000178801 0.00302576 -0.00112439 -0.00376548 0.0012567 0.00153265 0.00105052 -0.00120506 -0.000840529 0.00040158 0.000923085 -0.00393214 -0.000267362 0.0018903
internal_weight=4500 3294 1574 1546 1720 54 1516 1206 976 1183 66 1117 794 323 63 260 207 65 142 52 774 684 589 83 90 90 44 53 944 70
internal_count=4500 3294 1574 1546 1720 54 1516 1206 976 1183 66 1117 794 323 63 260 207 65 142 52 774 684 589 83 90 90 44 53 944 70
is_linear=0
shrinkage=0.1


Tree=26
num_leaves=31
num_cat=0
split_feature=9 1 1 3 9 1 7 3 3 5 6 7 7 7 7 1 5 7 9 7 6 8 4 4 10 7 8 8 3 1
split_gain=0.150103 0.0834782 0.0496815 0.0491408 0.0467302 0.0490677 0.0447186 0.0840152 0.0405826 0.089267 0.12487 0.0485124 0.0959849 0.0407585 0.0610213 0.0617645 0.0546804 0.0396656 0.0622311 0.039155 0.0391158 0.0354786 0.0353182 0.105559 0.14298 0.0789863 0.0587441 0.0999486 0.0484726 0.0492481
threshold=58590.000000000007 54.500000000000007 52.500000000000007 11942.500000000002 58069.500000000007 60.500000000000007 21860247.000000004 40076.000000000007 53952.000000000007 57709.000000000007 53234.000000000007 10499338.500000002 13767984.000000002 63098544.000000007 56826076.000000007 75.500000000000014 65315.500000000007 45761428.000000007 55367.000000000007 38948208.000000007 58936.833984375007 50164.125000000007 44259.000000000007 45279.500000000007 52079.750000000007 779163.71875000012 45164.375000000007 46211.750000000007 45584.000000000007 65.500000000000014
decision_type=2 2 2 2 2 2 2 2 2 2 2 2 2 2 2 2 2 2 2 2 2 2 2 2 2 2 2 2 2 2
left_child=1 2 -1 -3 5 6 7 -5 9 22 -11 -10 -13 14 15 16 17 18 -14 20 -2 -17 25 -24 -25 -7 28 -28 -27 -30
right_child=19 3 -4 4 -6 8 -8 -9 11 10 -12 12 13 -15 -16 21 -18 -19 -20 -21 -22 -23 23 24 -26 26 27 -29 29 -31
leaf_value=0.0019398176181367696 -0.0043272707441991028 0.0034837749642743308 0.0071619461900715164 -0.00038459220098608987 0.0040657399195645543 -0.0042389802634716037 0.00091706523266823397 -0.00715811567788478 -0.0024477909967491902 0.011146734473295511 0.0005456666350364685 0.0070063959900289775 -0.0038455034889207751 0.00090302867076754193 -0.0062392247281968594 0.0057454202324151993 0.0035545803517812776 0.0010887325948311223 0.0012707078049237269 -0.0001531218288625283 -0.00083301284631889122 -9.8927467617960215e-07 -0.0068648698080020654 0.0059782664151862269 -0.0033692700241873459 0.0012888057780560229 0.0090769011216859027 0.00053997167124180128 0.0029918870662875249 -0.0012486981114442706
leaf_weight=49 33 55 29 47 35 29 46 30 79 20 25 20 102 229 20 22 21 36 31 1478 1097 21 24 30 36 606 24 32 33 161
leaf_count=49 33 55 29 47 35 29 46 30 79 20 25 20 102 229 20 22 21 36 31 1478 1097 21 24 30 36 606 24 32 33 161
internal_value=-6.15989e-12 0.000678081 0.00388138 0.000540343 0.000448308 0.000374868 -0.00154987 -0.00302363 0.00052274 0.000902722 0.00525725 -0.000144353 0.000218141 -6.35297e-05 -0.000938399 -0.000483392 -0.00125794 -0.00185595 -0.002653 -0.000491921 -0.000935058 0.00293903 0.000701743 -0.00118558 0.00087961 0.000893675 0.00106756 0.00419866 0.000848385 -0.000527361
internal_weight=4500 1892 78 1814 1759 1724 123 77 1601 1020 45 581 502 482 253 233 190 169 133 2608 1130 43 975 90 66 885 856 56 800 194
internal_count=4500 1892 78 1814 1759 1724 123 77 1601 1020 45 581 502 482 253 233 190 169 133 2608 1130 43 975 90 66 885 856 56 800 194
is_linear=0
shrinkage=0.1


Tree=27
num_leaves=31
num_cat=0
split_feature=4 1 3 1 8 7 6 6 5 7 7 3 7 10 1 1 8 9 7 9 9 3 5 4 1 3 4 7 5 10
split_gain=0.122636 0.0457322 0.0406121 0.0460137 0.034986 0.0304859 0.0377008 0.0435706 0.0562553 0.0266996 0.0644537 0.0644768 0.0349353 0.0314662 0.0245076 0.0243694 0.0309067 0.0253663 0.0749618 0.048713 0.0626046 0.0520639 0.0857469 0.0443182 0.0568738 0.0927964 0.084492 0.0658975 0.0574885 0.16855
threshold=52065.500000000007 54.500000000000007 11942.500000000002 60.500000000000007 9117.6250000000018 283986496.00000006 98479.335937500015 92696.585937500015 109919.50000000001 124429928.00000001 21860247.000000004 40076.000000000007 3652723.2500000005 52915.250000000007 52.500000000000007 77.500000000000014 45381.750000000007 47156.250000000007 779163.71875000012 49270.500000000007 48701.250000000007 53952.000000000007 51730.500000000007 37435.500000000007 69.500000000000014 30661.500000000004 35519.500000000007 3272892.2500000005 40490.500000000007 43021.250000000007
decision_type=2 2 2 2 2 2 2 2 2 2 2 2 2 2 2 2 2 2 2 2 2 2 2 2 2 2 2 2 2 2
left_child=1 14 4 9 -3 -2 7 8 -7 10 11 12 -4 -12 -1 17 -17 18 -5 20 21 22 -19 24 26 27 28 -26 -20 -30
right_child=5 2 3 15 -6 6 -8 -9 -10 -11 13 -13 -14 -15 -16 16 -18 19 23 -21 -22 -23 -24 -25 25 -27 -28 -29 29 -31
leaf_value=0.0016246975376270714 -0.00059538566191148974 0.0011532492839786061 0.0026874830103701072 -0.0039490236341953276 0.0063445894934591801 0.0039171710532779494 -0.00065597629329810538 0.0058164245037075415 -0.0032638713181950153 -0.0047458736505359414 -0.00035877740398670239 -0.0064079713032177618 -0.0027963612210721925 0.0048770337661897603 0.0053634649819556488 -0.0041545355916023262 0.00039693060224070347 -0.001627807435579598 -0.00081778652837768333 0.00048091388150330239 -0.0054781254904810346 -0.0040284856683574614 0.006499401354674428 0.0026908204240095341 0.0094251304212957625 0.00072986938852854838 -0.0056633318201280564 0.0029648630438993376 0.0081979653459711699 -0.00045359203022120429
leaf_weight=50 2191 34 21 30 21 24 75 26 20 20 24 28 26 22 27 25 37 34 177 836 32 25 21 151 20 294 26 75 32 76
leaf_count=50 2191 34 21 30 21 24 75 26 20 20 24 28 26 22 27 25 37 34 177 836 32 25 21 151 20 294 26 75 32 76
internal_value=-1.36788e-12 0.000542387 0.000454086 0.000381511 0.0031354 -0.000502451 0.000901817 0.00257088 0.000653061 -0.00136117 -0.000801714 -0.00260922 -0.000346133 0.00214531 0.00293569 0.000511452 -0.00143834 0.000577547 0.000963858 0.000218538 -0.00173991 -0.000244627 0.00147531 0.00113705 0.00080188 0.00160784 -0.000206215 0.00432492 0.000291627 0.00210983
internal_weight=4500 2164 2087 2032 55 2336 145 70 44 141 121 75 47 46 77 1891 62 1829 881 948 112 80 55 851 700 389 311 95 285 108
internal_count=4500 2164 2087 2032 55 2336 145 70 44 141 121 75 47 46 77 1891 62 1829 881 948 112 80 55 851 700 389 311 95 285 108
is_linear=0
shrinkage=0.1


Tree=28
num_leaves=31
num_cat=0
split_feature=9 1 1 9 8 7 3 1 10 9 3 3 3 7 1 3 8 10 5 1 7 5 10 8 10 9 3 4 3 1
split_gain=0.103148 0.0430443 0.0443908 0.0336106 0.0481609 0.0311163 0.0399537 0.0348627 0.0328091 0.0432012 0.0372794 0.0313179 0.030538 0.037624 0.0609008 0.0515704 0.0534007 0.0699774 0.0622468 0.0534847 0.0418578 0.0366777 0.0547158 0.0525053 0.0473931 0.0394075 0.0845993 0.0685729 0.0598266 0.0423876
threshold=58304.000000000007 54.500000000000007 52.500000000000007 57825.000000000007 54828.625000000007 22354443.000000004 66581.500000000015 62.500000000000007 62742.500000000007 61492.000000000007 65135.500000000007 62747.000000000007 11942.500000000002 6398082.2500000009 58.500000000000007 36615.500000000007 22686.875000000004 30672.750000000004 34312.000000000007 65.500000000000014 6035154.2500000009 41094.500000000007 42120.625000000007 31265.125000000004 41095.125000000007 54645.250000000007 57452.000000000007 49617.000000000007 62747.000000000007 74.500000000000014
decision_type=2 2 2 2 2 2 2 2 2 2 2 2 2 2 2 2 2 2 2 2 2 2 2 2 2 2 2 2 2 2
left_child=1 2 -1 4 12 -2 8 -8 -7 -10 11 -11 -3 20 -15 16 19 -18 -19 -16 -14 23 24 -17 -23 27 -27 -24 -28 -30
right_child=5 3 -4 -5 -6 6 7 -9 9 10 -12 -13 13 14 15 21 17 18 -20 -21 -22 22 25 -25 -26 26 28 -29 29 -31
leaf_value=0.0010157227855719007 -0.00094183804729026368 0.0028218576015735216 0.005971048325139644 0.0034923081473809564 -0.0023787790668817858 -0.0012386719044297934 -0.0016769428827854644 -0.0001683634706990006 0.0061292524206573553 0.0015042918884907576 0.0040080258709138204 -0.0034827035036869348 -0.00018663880416812997 -0.0031944546394814285 -0.0034976273949723692 0.0008408174625244635 0.0091939086257480079 -0.0013355903913853345 0.0045271708249029789 0.0020379174427944237 -0.0048818585905246441 0.0011847583390772343 0.00039173473958290032 -0.0054823559398452446 0.007218279900110286 0.0071738080121576788 -0.0020031861063196429 -0.0047387170087960038 0.0041532893480627602 -0.00098743339919525651
leaf_weight=48 764 55 29 36 60 35 170 1549 23 34 31 20 375 39 24 29 20 27 55 64 20 30 742 24 23 26 45 27 53 23
leaf_count=48 764 55 29 36 60 35 170 1549 23 34 31 20 375 39 24 29 20 27 55 64 20 30 742 24 23 26 45 27 53 23
internal_value=-3.27135e-12 0.000566745 0.00288201 0.000467537 0.000405702 -0.000404448 -0.00018395 -0.000317554 0.0014221 0.00228438 0.00124401 -0.000342743 0.00050392 0.000426468 0.000695118 0.000820278 0.00233313 0.00389031 0.00259675 0.000528223 -0.000424371 0.000539023 0.000679127 -0.00202251 0.00380308 0.000498374 0.00199856 0.000211602 0.000886529 0.00259754
internal_weight=4500 1874 77 1797 1761 2626 1862 1719 143 108 85 54 1701 1646 1251 1212 190 102 82 88 395 1022 969 53 53 916 147 769 121 76
internal_count=4500 1874 77 1797 1761 2626 1862 1719 143 108 85 54 1701 1646 1251 1212 190 102 82 88 395 1022 969 53 53 916 147 769 121 76
is_linear=0
shrinkage=0.1


Tree=29
num_leaves=31
num_cat=0
split_feature=9 7 8 8 3 5 1 9 8 8 9 8 6 6 7 5 10 10 3 9 9 10 5 4 7 7 4 8 6 10
split_gain=0.0860139 0.0478938 0.0808628 0.0475513 0.0415647 0.107872 0.0408994 0.0407291 0.0400063 0.0472583 0.0337864 0.0312638 0.0333296 0.0365574 0.0363915 0.0313314 0.0649147 0.0331469 0.0856609 0.043472 0.0430952 0.0324642 0.0625539 0.0323767 0.0294496 0.033187 0.0272446 0.0761136 0.0243646 0.0254747
threshold=50284.750000000007 79926748.000000015 41930.500000000007 36556.625000000007 49284.500000000007 53301.500000000007 76.500000000000014 43244.750000000007 44298.625000000007 47397.375000000007 48701.250000000007 71925.250000000015 77706.917968750015 76909.332031250015 111531388.00000001 89606.500000000015 89652.875000000015 82741.875000000015 84623.500000000015 70980.500000000015 75351.500000000015 81446.500000000015 83022.000000000015 57076.500000000007 51667220.000000007 33276452.000000004 67431.000000000015 69802.375000000015 49849.083984375007 55233.875000000007
decision_type=2 2 2 2 2 2 2 2 2 2 2 2 2 2 2 2 2 2 2 2 2 2 2 2 2 2 2 2 2 2
left_child=1 4 3 -3 5 6 -1 -6 24 10 -10 12 13 15 -14 17 23 18 21 -19 -21 22 26 -17 25 -9 27 28 -2 -30
right_child=11 2 -4 -5 7 -7 -8 8 9 -11 -12 -13 14 -15 -16 16 -18 19 -20 20 -22 -23 -24 -25 -26 -27 -28 -29 29 -31
leaf_value=0.00070633225503912659 -0.0028453280334360901 0.0025152984145769062 0.0077737161403764856 -0.0015418014815077187 -0.0048351192441971405 0.0079932320304214963 -0.0026875067049184362 0.0020790224360000041 -0.0014559420756995679 0.0021369514817541294 -0.006201912765391171 -0.0006799701689181167 0.0052826450375670735 -0.0040977322941888935 0.00075046499106255207 0.0016778888010706467 -0.0023943301968519458 -0.0060649141314483828 0.005986572028664143 0.0018016527617169967 -0.00361063039412589 -0.0038092920440249145 0.0051919497549533849 0.0068903042977167808 0.0045595175656490032 -0.0025829172332753215 -0.0022675781138241295 0.0046555698990370289 0.0015756796606782278 -0.00023669181406138539
leaf_weight=881 34 104 23 40 23 20 37 37 40 22 24 1207 22 23 91 26 23 21 23 31 28 24 22 22 20 26 60 33 82 1431
leaf_count=881 34 104 23 40 23 20 37 37 40 22 24 1207 22 23 91 26 23 21 23 31 28 24 22 22 20 26 60 33 82 1431
internal_value=2.32491e-12 0.000687047 0.00226775 0.00138833 0.000453439 0.000727831 0.000569544 -0.000887084 -0.000349777 -0.00186129 -0.00323568 -0.000278208 -3.52585e-05 -0.000135362 0.00163284 -8.63649e-05 0.00197383 -0.000168128 -7.49978e-05 -0.00215762 -0.000766888 -0.000157688 -0.000104958 0.00406691 0.00121637 0.000155047 -0.000176014 -9.65871e-05 -0.000197958 -0.000138467
internal_weight=4500 1297 167 144 1130 938 918 192 169 86 64 3203 1996 1883 113 1860 71 1789 1709 80 59 1686 1662 48 83 63 1640 1580 1547 1513
internal_count=4500 1297 167 144 1130 938 918 192 169 86 64 3203 1996 1883 113 1860 71 1789 1709 80 59 1686 1662 48 83 63 1640 1580 1547 1513
is_linear=0
shrinkage=0.1


Tree=30
num_leaves=31
num_cat=0
split_feature=4 4 4 8 1 4 8 7 7 9 9 4 4 7 9 1 1 4 4 1 4 9 9 7 7 10 5 6 10 5
split_gain=0.0720864 0.0518445 0.0699026 0.0893364 0.0624371 0.0554445 0.0515611 0.0430997 0.0490831 0.0625328 0.142047 0.0598034 0.0417555 0.0388436 0.0515851 0.0372979 0.0338192 0.0331592 0.0631986 0.0630502 0.0728885 0.0324988 0.0337729 0.0559018 0.0518267 0.0280981 0.066588 0.0349916 0.0656757 0.0327628
threshold=40334.000000000007 41681.000000000007 42461.000000000007 47121.000000000007 65.500000000000014 43148.000000000007 46211.750000000007 649555.71875000012 3043348.5000000005 50003.250000000007 49270.500000000007 44259.000000000007 40869.500000000007 273583328.00000006 74084.000000000015 68.500000000000014 72.500000000000014 37435.500000000007 34476.000000000007 70.500000000000014 39067.000000000007 53041.750000000007 47156.250000000007 31351041.000000004 14500571.000000002 82741.875000000015 83022.000000000015 73336.582031250015 81691.750000000015 80834.000000000015
decision_type=2 2 2 2 2 2 2 2 2 2 2 2 2 2 2 2 2 2 2 2 2 2 2 2 2 2 2 2 2 2
left_child=17 4 3 -3 -2 6 -4 -7 15 10 11 -10 -6 25 -15 -9 -14 18 -1 20 -19 22 23 24 -20 26 29 -28 -29 -11
right_child=1 2 5 -5 12 7 -8 8 9 13 -12 -13 16 14 -16 -17 -18 19 21 -21 -22 -23 -24 -25 -26 -27 27 28 -30 -31
leaf_value=0.00079944660879508367 -0.0071071366050645055 0.0066340386472416649 0.00031076423104175116 -0.0017093880811617488 0.0021672801468521356 0.0044433927163481718 -0.0059780942392535508 -0.0040420395521713155 0.0035525347301736477 -7.3981173963715322e-05 0.0088805021811276669 -0.0029315679017489667 -0.00015686492080844584 0.005842946877791768 0.0005928525598286544 -0.00071028757347015763 -0.0058321413317961356 0.0076077146825435414 -0.0018796700424751015 0.00049404030455529543 0.00049482407979667181 -0.0049537756840609725 0.0021352989337174223 -0.0052722731108466791 0.0031214191174755495 -0.00069732070338494358 0.0046866131621573007 -0.00094030032313300997 0.0057043746097146407 -0.0018126138476102409
leaf_weight=883 23 33 22 21 25 20 32 56 25 1330 25 33 21 21 172 84 21 34 67 103 25 21 32 30 30 1081 40 51 21 118
leaf_count=883 23 33 22 21 25 20 32 56 25 1330 25 33 21 21 172 84 21 34 67 103 25 21 32 30 30 1081 40 51 21 118
internal_value=3.6843e-12 -0.000244784 -0.000177901 0.00338937 -0.00261168 -0.000239426 -0.00341597 -0.000183679 -0.000213951 -0.000126167 0.00257933 -0.000136696 -0.00106846 -0.000205403 0.00116411 -0.00204299 -0.0029945 0.000654422 0.000451315 0.00198715 0.00459378 -0.00125646 -0.000768138 -0.00149971 -0.000332941 -0.000305485 -3.3963e-05 0.00231519 0.00099773 -0.000215665
internal_weight=4500 3275 3185 54 90 3131 54 3077 3057 2917 83 58 67 2834 193 140 42 1225 1063 162 59 180 159 127 97 2641 1560 112 72 1448
internal_count=4500 3275 3185 54 90 3131 54 3077 3057 2917 83 58 67 2834 193 140 42 1225 1063 162 59 180 159 127 97 2641 1560 112 72 1448
is_linear=0
shrinkage=0.1


Tree=31
num_leaves=31
num_cat=0
split_feature=9 6 4 8 7 8 3 6 3 5 8 8 6 10 4 9 5 4 7 3 7 9 4 3 9 3 6 7 7 9
split_gain=0.0598887 0.0408449 0.0452537 0.0400208 0.0484745 0.0317703 0.0444908 0.113195 0.0733472 0.0342499 0.0995265 0.0674616 0.0355193 0.0384238 0.0292334 0.0917421 0.0501534 0.0593303 0.0536652 0.0472479 0.0642786 0.0462737 0.0356244 0.0611329 0.0506888 0.0502329 0.055828 0.0286642 0.0422455 0.0305865
threshold=42527.750000000007 42119.000000000007 26026.500000000004 38711.125000000007 9383862.0000000019 35370.750000000007 38536.500000000007 38725.833984375007 46097.000000000007 39350.000000000007 33233.375000000007 33233.375000000007 35931.166015625007 39777.375000000007 30449.000000000004 32143.250000000004 31157.500000000004 20436.000000000004 29062575.000000004 25850.500000000004 3652723.2500000005 28410.000000000004 14545.500000000002 16333.500000000002 13115.750000000002 11942.500000000002 8416.1665039062518 649555.71875000012 3043348.5000000005 47156.250000000007
decision_type=2 2 2 2 2 2 2 2 2 2 2 2 2 2 2 2 2 2 2 2 2 2 2 2 2 2 2 2 2 2
left_child=3 -2 -3 5 -5 9 -7 -8 -9 11 12 14 13 -11 15 16 17 18 22 -19 -21 -18 23 24 25 26 -1 -4 -29 -30
right_child=1 2 27 4 -6 6 7 8 -10 10 -12 -13 -14 -15 -16 -17 21 19 -20 20 -22 -23 -24 -25 -26 -27 -28 28 29 -31
leaf_value=-0.00085215260817979787 -0.0035273793489775727 0.0031210652910452896 0.0035030310618735499 0.00077663305864641161 0.0066143607534468176 0.0023474058223655449 -0.0073034371415685341 0.0034313689717756848 -0.0031926279567414898 -0.001099267601966858 0.0061679939294911248 -0.0047430842629789067 -0.0010077928613100085 0.0041830642030981835 0.0044334425404667852 -0.0052395616496841504 0.0052067670490280517 -0.0058423101138323549 -0.0032381338274313346 0.0030908309369503213 -0.0045852411049418151 0.0010905009923185894 0.0033409121539443734 -0.0037979076913381088 0.0052720497279161857 -0.003750004843724045 0.0050435062786885381 -0.0018505602545298688 0.0011095161521881621 -0.00020274144960585134
leaf_weight=36 36 42 21 33 25 32 28 35 32 21 44 24 64 40 20 26 44 25 27 24 20 72 70 26 28 22 29 149 188 3217
leaf_count=36 36 42 21 33 25 32 28 35 32 21 44 24 64 40 20 26 44 25 27 24 20 72 70 26 28 22 29 149 188 3217
internal_value=-1.49759e-12 -0.000175664 -0.000142304 0.000757616 0.00329289 0.000571246 -0.000877523 -0.00196381 0.000267669 0.000849182 0.0020777 0.000428048 0.000637914 0.00236456 0.000692669 0.000526042 0.000880429 0.000211099 0.000959622 -0.00237076 -0.000398293 0.00265184 0.00149678 0.000581247 0.00157132 0.000380277 0.00177822 -0.000180643 -0.00020241 -0.000130288
internal_weight=4500 3653 3617 847 58 789 127 95 67 662 169 493 125 61 469 449 423 307 238 69 44 116 211 141 115 87 65 3575 3554 3405
internal_count=4500 3653 3617 847 58 789 127 95 67 662 169 493 125 61 469 449 423 307 238 69 44 116 211 141 115 87 65 3575 3554 3405
is_linear=0
shrinkage=0.1


Tree=32
num_leaves=31
num_cat=0
split_feature=9 6 6 5 3 3 9 3 5 10 5 1 10 6 9 9 9 6 6 5 10 10 5 1 9 3 4 9 10 8
split_gain=0.0528221 0.0563439 0.0329894 0.0298479 0.0827179 0.0658443 0.050636 0.045663 0.038013 0.0537808 0.116769 0.057815 0.0588776 0.0467894 0.0433569 0.068274 0.0567327 0.0397212 0.0506957 0.0378873 0.0630884 0.0538568 0.051498 0.0348089 0.0344548 0.0323093 0.0300312 0.0290546 0.0891089 0.0513298
threshold=64161.750000000007 64924.332031250007 64173.166015625007 71501.500000000015 69164.000000000015 71920.000000000015 60454.750000000007 75674.000000000015 65821.000000000015 58322.750000000007 61103.500000000007 67.500000000000014 59540.375000000007 57831.000000000007 58590.000000000007 56963.500000000007 60686.750000000007 54894.166015625007 54168.250000000007 58509.000000000007 54636.750000000007 55860.250000000007 57709.000000000007 72.500000000000014 54398.750000000007 74666.500000000015 42205.500000000007 55892.750000000007 61756.625000000007 51902.250000000007
decision_type=2 2 2 2 2 2 2 2 2 2 2 2 2 2 2 2 2 2 2 2 2 2 2 2 2 2 2 2 2 2
left_child=1 2 3 4 8 -5 7 -7 9 10 17 13 24 26 15 -10 -16 18 19 20 -1 -22 -23 -21 -13 -8 -11 28 -14 -29
right_child=-2 -3 -4 5 -6 6 25 -9 14 11 -12 12 27 -15 16 -17 -18 -19 -20 23 21 22 -24 -25 -26 -27 -28 29 -30 -31
leaf_value=0.00042135731527409418 -0.00035407099362467256 0.0041004376868024849 -0.0036780382861338911 0.006355257045477629 -0.0035500287240179127 0.0046997658356926165 -0.0050201359111815697 -3.2519877210936761e-05 0.0016037314514396714 -0.0037303329026326538 0.0075131963472813371 -0.0055682029719625057 0.0046993811726165208 -0.0058279203594123067 -0.0025241162264492455 0.0083983058996853384 0.0020506871599718581 -0.0027364476027376041 0.0046336370786385873 0.0053802414730723417 -0.0044625365850972194 0.003723255976695906 -0.0031999659447354226 0.00019030694384127857 -0.00060412870737275597 0.00059591625772771389 0.0016841066779480095 -0.0047816248695281421 -0.0029239058373091015 0.00039299375216645386
leaf_weight=1254 2176 39 21 25 57 38 20 44 50 20 23 29 46 38 41 21 80 41 28 28 51 22 21 24 27 21 21 22 23 149
leaf_count=1254 2176 39 21 25 57 38 20 44 50 20 23 29 46 38 41 21 80 41 28 28 51 22 21 24 27 21 21 22 23 149
internal_value=-4.38967e-12 0.000331523 0.000267195 0.00030379 0.000207763 0.00167671 0.000725787 0.00216049 0.000311791 0.000174002 0.000443077 -0.000896557 -0.000255092 -0.00330002 0.00165165 0.00361339 0.000500547 0.00033238 0.000420491 0.000336228 0.000234054 -0.00226465 0.000342148 0.00298489 -0.00317481 -0.00214362 -0.000957083 0.000426175 0.00215829 -0.000272747
internal_weight=4500 2324 2285 2264 2116 148 123 82 2059 1867 1492 375 296 79 192 71 121 1469 1428 1400 1348 94 43 52 56 41 41 240 69 171
internal_count=4500 2324 2285 2264 2116 148 123 82 2059 1867 1492 375 296 79 192 71 121 1469 1428 1400 1348 94 43 52 56 41 41 240 69 171
is_linear=0
shrinkage=0.1


Tree=33
num_leaves=31
num_cat=0
split_feature=1 8 3 5 8 9 5 7 7 3 9 3 8 7 8 3 6 9 7 9 3 1 9 10 3 9 9 7 7 3
split_gain=0.0442175 0.0446188 0.0282462 0.0529234 0.042576 0.0435258 0.0510183 0.0385791 0.0431744 0.0378206 0.039489 0.0406886 0.045638 0.0241253 0.0364805 0.0338944 0.040062 0.0665188 0.0396757 0.0493278 0.0814451 0.0409279 0.0451731 0.0309884 0.0435777 0.0302643 0.0365281 0.0297798 0.108742 0.0370183
threshold=78.500000000000014 71925.250000000015 26676.000000000004 28824.000000000004 22686.875000000004 22126.250000000004 21490.000000000004 649555.71875000012 2589336.2500000005 16333.500000000002 13115.750000000002 11942.500000000002 7364.5000000000009 98730704.000000015 70101.375000000015 69552.000000000015 64660.000000000007 64161.750000000007 67833336.000000015 72315.750000000015 74281.500000000015 73.500000000000014 69516.750000000015 76506.250000000015 78603.500000000015 62028.750000000007 59874.250000000007 29804623.000000004 31351041.000000004 67265.000000000015
decision_type=2 2 2 2 2 2 2 2 2 2 2 2 2 2 2 2 2 2 2 2 2 2 2 2 2 2 2 2 2 2
left_child=1 2 4 -4 5 6 9 -5 -9 10 11 12 -1 15 -15 27 25 -18 19 21 -21 -19 -23 -22 -25 26 -17 -10 -29 -30
right_child=-2 -3 3 7 -6 -7 -8 8 13 -11 -12 -13 -14 14 -16 16 17 18 -20 20 23 22 -24 24 -26 -27 -28 28 29 -31
leaf_value=-0.00089494161706949989 -0.0046915345871821048 -0.00050021724747540363 -0.0039832812670107572 0.0042496768352778061 0.0044131417965723408 -0.0024236729142029546 0.0048304259215536365 -0.0015695365887227739 -3.7418345971339027e-06 -0.0026355603298482797 0.0046177727802257451 -0.0034171400972726669 0.0044203300649921099 0.00058957272603173431 0.0040047933258447856 -0.0032686497750026842 0.0053877767547965052 -0.0016522004546508373 -0.0024034235760237526 0.0071989268487827347 -0.0029683798640256841 0.0037403091522199769 -0.0015966897734023375 0.0046836768426001072 -0.00078275224992207116 -0.0047146639664884119 0.0023268690146505833 0.0072085840770831485 0.00030665760093133258 0.0032235461330856197
leaf_weight=35 20 1202 31 23 36 37 34 141 1132 30 28 22 30 599 33 28 20 167 88 22 21 35 29 25 35 38 20 26 465 48
leaf_count=35 20 1202 31 23 36 37 34 141 1132 30 28 22 30 599 33 28 20 167 88 22 21 35 29 25 35 38 20 26 465 48
internal_value=-4.69768e-12 2.09443e-05 0.000212048 0.000127336 0.00122926 0.000698608 0.001344 0.000169884 0.00013831 0.000526488 0.00135137 0.000300113 0.00155826 0.000223371 0.000767899 6.68718e-05 -0.000631558 -0.000247331 -0.000514398 -1.66906e-05 0.00180326 -0.000828185 0.00132198 0.000337773 0.00149493 -0.0026063 -0.000937184 0.00028756 0.000899349 0.000579583
internal_weight=4500 4480 3278 3026 252 216 179 2995 2972 145 115 87 65 2831 632 2199 528 442 422 334 103 231 64 81 60 86 48 1671 539 513
internal_count=4500 4480 3278 3026 252 216 179 2995 2972 145 115 87 65 2831 632 2199 528 442 422 334 103 231 64 81 60 86 48 1671 539 513
is_linear=0
shrinkage=0.1


Tree=34
num_leaves=31
num_cat=0
split_feature=9 5 10 7 4 8 7 5 10 4 3 3 4 6 9 9 9 9 6 6 4 1 1 6 4 4 4 9 7 9
split_gain=0.0379844 0.0372031 0.0510808 0.050988 0.06112 0.0334552 0.0386634 0.0275371 0.106774 0.067594 0.0512522 0.0664781 0.050522 0.0310725 0.0769517 0.0293918 0.0681849 0.0297084 0.0336022 0.0264559 0.0247304 0.041906 0.0297064 0.040153 0.023955 0.0335856 0.0388458 0.031506 0.0268355 0.0388535
threshold=42527.750000000007 47900.000000000007 48031.750000000007 13177941.500000002 39391.000000000007 38711.125000000007 9383862.0000000019 52074.500000000007 50875.000000000007 35798.500000000007 50266.000000000007 47911.500000000007 41681.000000000007 47713.416015625007 45860.750000000007 47156.250000000007 49270.500000000007 50003.250000000007 49849.083984375007 50106.750000000007 33424.000000000007 65.500000000000014 69.500000000000014 38725.833984375007 28109.500000000004 36425.000000000007 40334.000000000007 58304.000000000007 273583328.00000006 71217.000000000015
decision_type=2 2 2 2 2 2 2 2 2 2 2 2 2 2 2 2 2 2 2 2 2 2 2 2 2 2 2 2 2 2
left_child=5 3 -3 4 -2 20 -7 9 -9 -4 11 -11 -13 14 -10 -15 19 -18 -19 -17 -1 -22 -23 -24 -20 -26 27 -27 -28 -30
right_child=1 2 7 -5 -6 6 -8 8 13 10 -12 12 -14 15 -16 16 17 18 24 -21 21 22 23 -25 25 26 28 -29 29 -31
leaf_value=0.00064990243583409532 0.0033849624431003694 0.0034613369975704704 0.0032064158449192411 -0.0059109365245184073 -0.0034187137419658324 0.00067413336117610795 0.0058877269849181178 0.0065656226152592968 -0.0015394591094393816 -0.0059458477062765856 -0.0067197537384927272 -0.0027237848421050748 0.0039106205445326248 0.0030527709451104914 0.0048811412810209733 -0.0058931436560149975 0.0026735884892578063 -0.0037567005000220472 0.0027650040358171931 -0.0013159092404353232 0.002647670457372442 -0.005244951864535159 -0.0043939865770794102 0.00110820243264445 -0.0030163299110604496 0.0041910593303524568 -0.00026305004657657709 -0.00052204910844802336 0.0051216109283268455 0.00047167687187508003
leaf_weight=686 23 40 23 26 31 33 25 24 35 22 25 22 24 28 40 28 37 26 28 23 24 22 21 36 41 37 2850 23 20 177
leaf_count=686 23 40 23 26 31 33 25 24 35 22 25 22 24 28 40 28 37 26 28 23 24 22 21 36 41 37 2850 23 20 177
internal_value=-2.94773e-12 -0.000139899 -9.21464e-05 -0.00227263 -0.000520852 0.000603364 0.00292137 -0.000132378 -8.09392e-05 -0.00164761 -0.00284807 -0.00142466 0.000737644 -0.000127953 0.00188486 -0.00017345 -0.000200908 -0.000143783 -0.000176338 -0.0038289 0.000432966 -0.00101188 -0.00212364 -0.00091892 -0.000147028 -0.000172929 -0.000135408 0.00238437 -0.000185026 0.000943751
internal_weight=4500 3653 3573 80 54 847 58 3533 3417 116 93 68 46 3393 75 3318 3290 3239 3202 51 789 103 79 57 3176 3148 3107 60 3047 197
internal_count=4500 3653 3573 80 54 847 58 3533 3417 116 93 68 46 3393 75 3318 3290 3239 3202 51 789 103 79 57 3176 3148 3107 60 3047 197
is_linear=0
shrinkage=0.1


Tree=35
num_leaves=31
num_cat=0
split_feature=1 8 3 6 8 4 1 1 6 4 5 4 6 4 4 8 8 6 1 9 3 4 4 10 10 3 9 6 1 3
split_gain=0.0351996 0.0332868 0.0231279 0.0373968 0.0272773 0.0210446 0.0286332 0.0735524 0.0345564 0.0323816 0.0360128 0.103235 0.0373397 0.0444777 0.0372062 0.0509838 0.0621914 0.038556 0.0285923 0.033819 0.119667 0.0627808 0.0469663 0.0385537 0.0546928 0.0385517 0.0347728 0.0322829 0.0338617 0.02774
threshold=78.500000000000014 71925.250000000015 76088.500000000015 75568.167968750015 73108.125000000015 19946.500000000004 52.500000000000007 54.500000000000007 58288.083984375007 21230.000000000004 29704.500000000004 22503.000000000004 28968.333007812504 24188.000000000004 25161.500000000004 28782.250000000004 30631.625000000004 34284.250000000007 61.500000000000007 72315.750000000015 74281.500000000015 62743.000000000007 51436.500000000007 85488.875000000015 82741.875000000015 84623.500000000015 80256.750000000015 72473.582031250015 57.500000000000007 35735.000000000007
decision_type=2 2 2 2 2 2 2 2 2 2 2 2 2 2 2 2 2 2 2 2 2 2 2 2 2 2 2 2 2 2
left_child=1 5 3 -3 -4 -1 8 -8 -7 -9 -11 -12 -13 -14 -15 -16 -17 -18 27 21 -21 23 -22 24 25 29 -24 28 -19 -20
right_child=-2 2 4 -5 -6 6 7 9 -10 10 11 12 13 14 15 16 17 18 19 20 22 -23 26 -25 -26 -27 -28 -29 -30 -31
leaf_value=0.00095012637183946734 -0.0041858792724087839 -0.0016408734741465499 -0.0028418919214104514 0.0034012740747512956 -0.00043008546914741409 0.00063798547489568591 0.0054332191984240823 -0.0030240115194553226 -0.0049902219354407869 -0.0028913440182805061 0.0073273511091247207 0.0037505878039935069 -0.0038153219044786586 0.0042174867185002024 -0.0045997365053905099 0.0036957829977230482 -0.0036273606055017026 0.0019263817976491575 0.003127237325233798 0.006860724849993307 -0.0031123386055696757 -0.0019144338056050392 0.00032227870253041503 0.0035905403367271931 -0.0042440598431442468 0.0044688448176852299 0.003175855517726053 -0.0048985075787641112 -0.0014585878526349172 0.00011101582060052799
leaf_weight=323 20 24 49 38 1091 20 26 33 24 39 20 28 29 22 23 48 28 39 31 33 32 151 191 33 28 21 55 20 122 1859
leaf_count=323 20 24 49 38 1091 20 26 33 24 39 20 28 29 22 23 48 28 39 31 33 32 151 191 33 28 21 55 20 122 1859
internal_value=-6.77499e-12 1.8687e-05 -0.000431455 0.00144948 -0.000533751 0.000183748 9.99781e-05 0.000138248 -0.00243195 9.05293e-05 0.000126567 0.000168408 0.000117145 8.03503e-05 0.000121642 8.84407e-05 0.000128511 6.37247e-05 0.000103247 0.000193418 0.00116732 5.07504e-05 0.000491484 0.000201229 0.000143546 0.000207833 0.000960274 -0.00110933 -0.000638626 0.000160488
internal_weight=4500 4480 1202 62 1140 3278 2955 2911 44 2885 2852 2813 2793 2765 2736 2714 2691 2643 2615 2434 311 2123 278 1972 1939 1911 246 181 161 1890
internal_count=4500 4480 1202 62 1140 3278 2955 2911 44 2885 2852 2813 2793 2765 2736 2714 2691 2643 2615 2434 311 2123 278 1972 1939 1911 246 181 161 1890
is_linear=0
shrinkage=0.1


Tree=36
num_leaves=31
num_cat=0
split_feature=1 4 3 5 7 7 7 10 7 4 7 7 7 7 4 9 4 8 8 6 3 5 6 1 7 10 6 10 6 9
split_gain=0.0285117 0.0302295 0.0219329 0.0396204 0.0390323 0.0529558 0.041264 0.0666369 0.0397094 0.038642 0.0358597 0.024496 0.0281048 0.0386764 0.0349075 0.024088 0.0212072 0.0263383 0.0327758 0.0397535 0.0337284 0.0415583 0.0238708 0.0225863 0.0196332 0.048439 0.0455374 0.114394 0.0547298 0.0544025
threshold=78.500000000000014 85550.000000000015 26676.000000000004 28824.000000000004 8511709.5000000019 2589336.2500000005 1051882.5000000002 13043.500000000002 4168317.6250000005 14545.500000000002 6274752.2500000009 649555.71875000012 1715620.3750000002 1452000.5000000002 38762.500000000007 18174.750000000004 15697.500000000002 23570.000000000004 26180.250000000004 29690.583007812504 35735.000000000007 36721.500000000007 31173.083007812504 71.500000000000014 26975478.000000004 43021.250000000007 38725.833984375007 41665.875000000007 36828.832031250007 34485.000000000007
decision_type=2 2 2 2 2 2 2 2 2 2 2 2 2 2 2 2 2 2 2 2 2 2 2 2 2 2 2 2 2 2
left_child=1 2 4 -4 5 6 7 -1 -7 15 -10 -5 13 14 -13 -6 23 -18 -19 -20 21 22 -21 -14 26 -26 28 -28 29 -22
right_child=-2 -3 3 11 9 8 -8 -9 10 -11 -12 12 16 -15 -16 -17 17 18 19 20 24 -23 -24 -25 25 -27 27 -29 -30 -31
leaf_value=0.0024484511288638054 -0.0037672913353890185 -0.00094764887189289723 -0.0035321549542488592 0.0031162531473315682 0.0039587690075859423 -0.0039541708451743497 0.0037942714550915886 -0.0046043384820222853 0.0035417457972653208 0.0067875979747623206 -0.0023088686517439782 0.003008910918142647 0.00055883746314239462 -0.005244907639596774 -0.0019636300023800385 -0.0008363385896452448 -0.0030644296840937053 0.0031607446014223733 -0.0041965290332551704 0.002200454493196538 -0.0036606199461324466 0.0046803192953978265 -0.0022751930085095494 0.0045754403031120694 0.0037059876888703839 0.00014876826420979287 0.0073913213051855567 -0.00022861884924030605 -0.0055231730267405509 0.0023650461387249733
leaf_weight=37 20 303 31 26 20 39 51 21 20 20 22 20 42 23 48 22 27 34 22 26 29 35 22 21 39 2074 20 1320 35 31
leaf_count=37 20 303 31 26 20 39 51 21 20 20 22 20 42 23 48 22 27 34 22 26 29 35 22 21 39 2074 20 1320 35 31
internal_value=-2.22685e-12 1.68183e-05 8.67808e-05 2.87182e-05 0.000991129 0.000280192 0.00171935 -0.000105145 -0.00165646 0.0031698 0.000477138 5.70662e-05 3.65029e-05 -0.0017001 -0.000501118 0.00144705 7.83432e-05 4.74816e-05 7.02702e-05 4.15059e-05 6.71839e-05 0.00205986 0.000149116 0.00189771 2.05682e-05 0.000214424 -0.00026488 -0.000114888 -0.00238055 -0.000547359
internal_weight=4500 4480 4177 3925 252 190 109 58 81 62 42 3894 3868 91 68 42 3777 3714 3687 3653 3631 83 48 63 3548 2113 1435 1340 95 60
internal_count=4500 4480 4177 3925 252 190 109 58 81 62 42 3894 3868 91 68 42 3777 3714 3687 3653 3631 83 48 63 3548 2113 1435 1340 95 60
is_linear=0
shrinkage=0.1


Tree=37
num_leaves=31
num_cat=0
split_feature=9 6 9 3 4 1 8 5 7 1 7 7 7 1 10 10 4 10 1 5 9 3 3 1 6 4 9 8 9 9
split_gain=0.0237216 0.0525205 0.0350938 0.0516489 0.0905147 0.0428647 0.0365804 0.0263156 0.0191816 0.0367243 0.0310293 0.0365951 0.0596903 0.0340488 0.0193381 0.0583859 0.0729084 0.0466614 0.0561982 0.0312484 0.0402728 0.0795506 0.0303578 0.0458743 0.0411882 0.047823 0.036002 0.0263233 0.0237159 0.0471653
threshold=69516.750000000015 69875.250000000015 71538.000000000015 74018.500000000015 67160.500000000015 72.500000000000014 62650.375000000007 86530.500000000015 649555.71875000012 69.500000000000014 913616.12500000012 1340704.5625000002 1715620.3750000002 68.500000000000014 81446.500000000015 76506.250000000015 52765.500000000007 72953.125000000015 69.500000000000014 73536.500000000015 61492.000000000007 75674.000000000015 69164.000000000015 64.500000000000014 64924.332031250007 49909.000000000007 55367.000000000007 60379.000000000007 66936.000000000015 65480.000000000007
decision_type=2 2 2 2 2 2 2 2 2 2 2 2 2 2 2 2 2 2 2 2 2 2 2 2 2 2 2 2 2 2
left_child=1 8 6 4 -4 -6 -2 -3 9 -1 -10 -12 13 -13 15 17 -17 19 -19 22 21 -21 28 -24 25 26 -25 -22 29 -14
right_child=2 7 3 -5 5 -7 -8 -9 10 -11 11 12 14 -15 -16 16 -18 18 -20 20 27 -23 23 24 -26 -27 -28 -29 -30 -31
leaf_value=0.0035407312008617232 0.0012268826351774969 0.0053829322652226052 0.006251788196181331 -0.00027961124737410685 -0.0026534252625424418 0.0032480650453362613 -0.0024632090377963325 0.0010473946442029305 -0.0030167433054884897 -0.0013421266339719296 0.002851810892449673 -0.0012025755717708121 0.00023576414331938911 -0.0065659138839691883 -0.002480413116115545 0.007678591856813949 0.00029731824179179966 -0.004984056066053036 -0.00018242413330321703 0.0086092025706810613 -0.0022378464229404929 -0.00020309241022914648 0.0025699744533215253 -0.0046406402514548974 0.00086818766076026885 -0.0053512907359335163 0.00045852117887180716 0.001842716581534681 0.0025917759906250713 -0.0030754693484843967
leaf_weight=43 34 28 34 1514 32 20 128 28 32 24 48 29 1926 20 28 23 32 39 65 21 25 20 28 20 41 45 45 43 41 44
leaf_count=43 34 28 34 1514 32 20 128 28 32 24 48 29 1926 20 28 23 32 39 65 21 25 20 28 20 41 45 45 43 41 44
internal_value=4.28069e-12 0.000184184 -0.000286206 -0.000144199 0.00223968 -0.000383621 -0.00168875 0.00321516 0.000120897 0.00179165 7.80903e-05 0.000116431 6.46371e-05 -0.00339169 0.000132763 0.00016253 0.00338403 8.87964e-05 -0.00198304 0.00018252 0.00183506 0.00431052 0.00010027 -0.00114767 -0.00183703 -0.00284534 -0.00111045 0.00034251 0.00021135 0.000161808
internal_weight=4500 2738 1762 1600 86 52 162 56 2682 67 2615 2583 2535 49 2486 2458 55 2403 104 2299 109 41 2190 179 151 110 65 68 2011 1970
internal_count=4500 2738 1762 1600 86 52 162 56 2682 67 2615 2583 2535 49 2486 2458 55 2403 104 2299 109 41 2190 179 151 110 65 68 2011 1970
is_linear=0
shrinkage=0.1


Tree=38
num_leaves=31
num_cat=0
split_feature=1 4 1 7 7 9 4 5 6 3 1 9 4 3 1 8 10 1 1 7 7 7 7 3 8 9 1 1 7 1
split_gain=0.0231526 0.0229348 0.0164577 0.0164968 0.0499462 0.0280527 0.0262681 0.110063 0.0228805 0.0467082 0.0214393 0.0213228 0.0212846 0.0203234 0.0385666 0.0230029 0.0281158 0.0198484 0.0303342 0.0456091 0.01901 0.1024 0.0329527 0.0432603 0.0308866 0.0610957 0.0307886 0.0304909 0.0290671 0.085384
threshold=78.500000000000014 85550.000000000015 45.500000000000007 61219978.000000007 56826076.000000007 32143.250000000004 67431.000000000015 82392.000000000015 40043.166015625007 52124.500000000007 69.500000000000014 72920.750000000015 49909.000000000007 76088.500000000015 72.500000000000014 77874.625000000015 82741.875000000015 51.500000000000007 56.500000000000007 5536096.5000000009 5122361.5000000009 5412682.7500000009 6398082.2500000009 24477.500000000004 23570.000000000004 28410.000000000004 58.500000000000007 68.500000000000014 2911899.1250000005 62.500000000000007
decision_type=2 2 2 2 2 2 2 2 2 2 2 2 2 2 2 2 2 2 2 2 2 2 2 2 2 2 2 2 2 2
left_child=1 2 -1 4 6 -5 7 17 10 -10 -7 -8 -6 14 -13 -15 -17 -4 19 -19 28 -22 -23 -24 27 -26 -27 -25 -20 -30
right_child=-2 -3 3 5 12 8 11 -9 9 -11 -12 13 -14 15 -16 16 -18 18 20 -21 21 22 23 24 25 26 -28 -29 29 -31
leaf_value=0.0028039794478734786 -0.0033948255423456434 -0.0008249228724920908 -0.0024990717112086717 0.0031368950276269708 -0.0010680649198736224 0.00022849330824101347 -0.0029669438488781454 0.0071638607674024317 0.0045375530751278767 0.00025680362543556299 -0.0044017624598927793 -0.00082953417975757573 -0.0048993905966073789 -0.0019206491385062201 0.0043175821891054513 0.0031807528004388916 -0.00055980770527545756 0.0054343319963663823 0.00013020071529833076 0.00039393316095309526 0.0061704041977853723 -0.0019480196160397362 0.0031923169877542106 -0.0052781878881866025 0.0051641395160307493 -0.003333348880271213 0.0001399175058694282 -0.00015502721250343783 -0.0072053927826978593 -0.00071339253459454461
leaf_weight=22 20 303 30 35 29 20 38 22 26 1297 20 37 29 119 24 22 232 26 262 58 28 77 46 21 24 26 1388 26 23 170
leaf_count=22 20 303 30 35 29 20 38 22 26 1297 20 37 29 119 24 22 232 26 262 58 28 77 46 21 24 26 1388 26 23 170
internal_value=-7.95699e-12 1.51555e-05 7.60948e-05 6.16512e-05 -8.0238e-05 0.000341471 -1.78436e-05 0.000125779 0.000269688 0.00034093 -0.00208663 -0.000695489 -0.00298373 -0.000496606 0.00119556 -0.000773341 -0.000235822 5.55582e-05 9.07945e-05 0.00195406 1.59432e-05 0.000174954 7.05561e-05 0.000172078 7.8522e-05 0.000160972 7.60526e-05 -0.0024441 -0.000555798 -0.00148705
internal_weight=4500 4480 4177 4155 2757 1398 2699 2227 1363 1323 40 472 58 434 61 373 254 2205 2175 84 2091 1636 1608 1531 1485 1438 1414 47 455 193
internal_count=4500 4480 4177 4155 2757 1398 2699 2227 1363 1323 40 472 58 434 61 373 254 2205 2175 84 2091 1636 1608 1531 1485 1438 1414 47 455 193
is_linear=0
shrinkage=0.1


Tree=39
num_leaves=31
num_cat=0
split_feature=1 4 10 8 10 5 10 9 6 5 3 8 9 5 10 10 6 3 5 4 4 4 8 8 4 4 4 9 6 9
split_gain=0.0187536 0.0185772 0.0139246 0.0341392 0.0153811 0.110652 0.0469479 0.0347333 0.0276654 0.0444209 0.0996257 0.0341225 0.0701155 0.0226793 0.0341348 0.0474555 0.0562789 0.0320875 0.0258056 0.0697687 0.0396519 0.0559249 0.04953 0.0522132 0.0454026 0.036419 0.0753124 0.0400326 0.0585991 0.0456817
threshold=78.500000000000014 85550.000000000015 117251.25000000001 87256.500000000015 58322.750000000007 61103.500000000007 59540.375000000007 54398.750000000007 54894.166015625007 57452.000000000007 53952.000000000007 44006.250000000007 52835.750000000007 54980.500000000007 55860.250000000007 54223.000000000007 48350.666015625007 55223.500000000007 53601.500000000007 41952.500000000007 44259.000000000007 45279.500000000007 45164.375000000007 46211.750000000007 47433.000000000007 39391.000000000007 37839.000000000007 40541.500000000007 43633.500000000007 43604.250000000007
decision_type=2 2 2 2 2 2 2 2 2 2 2 2 2 2 2 2 2 2 2 2 2 2 2 2 2 2 2 2 2 2
left_child=1 2 4 -4 5 8 7 -6 9 13 -11 -12 -13 18 15 16 -15 -17 20 -20 22 -22 25 -24 -23 26 27 -1 29 -29
right_child=-2 -3 3 -5 6 -7 -8 -9 -10 10 11 12 -14 14 -16 17 -18 -19 19 -21 21 24 23 -25 -26 -27 -28 28 -30 -31
leaf_value=0.00041240341678025694 -0.0030553429946303372 -0.00074243059431021365 0.0038735659996746111 -0.00055954819054980021 -0.0048156612898714634 0.00703665814702011 -2.9936944042968807e-05 -0.00042290765591638369 -0.0023698433653008555 0.007727146904915572 0.0038642657532667124 -0.0038427718181275961 0.0025387346563446856 -0.0032369237581622748 0.0022215223344771761 -0.0072379049495793881 0.0040842092152507531 -0.0021319160441635177 -0.0008449417967839461 0.0054401353664809103 -0.0059931664559990175 0.0032684354621562218 0.0071479688018804338 0.00032016094191931191 -0.0033073183404104343 -0.0016955122549552469 0.0043999334515785115 -0.0012926327519380721 0.0026560763928240964 -0.0059566637509435956
leaf_weight=720 20 303 32 38 36 24 2549 36 41 25 24 33 36 21 23 20 21 32 38 33 25 21 21 24 21 100 43 84 28 28
leaf_count=720 20 303 32 38 36 24 2549 36 41 25 24 33 36 21 23 20 21 32 38 33 25 21 21 24 21 100 43 84 28 28
internal_value=8.18141e-14 1.36399e-05 6.84854e-05 0.00146702 4.46487e-05 0.000301662 -0.000101067 -0.00261928 0.000191101 0.000264992 0.00212292 0.000616402 -0.00051329 9.6738e-05 -0.00123155 -0.00207645 0.000423643 -0.00409576 0.000227775 0.00207629 0.000110067 -0.00224844 0.000260849 0.00350647 -1.94414e-05 0.000115233 0.000315759 0.00011155 -0.0014357 -0.00245864
internal_weight=4500 4480 4177 70 4107 1486 2621 72 1462 1421 118 93 69 1303 117 94 42 52 1186 71 1115 67 1048 45 42 1003 903 860 140 112
internal_count=4500 4480 4177 70 4107 1486 2621 72 1462 1421 118 93 69 1303 117 94 42 52 1186 71 1115 67 1048 45 42 1003 903 860 140 112
is_linear=0
shrinkage=0.1


Tree=40
num_leaves=31
num_cat=0
split_feature=9 6 7 8 8 4 5 1 7 4 6 5 3 3 9 5 3 1 1 7 6 6 5 1 3 1 10 4 7 7
split_gain=0.0156794 0.0389279 0.0425718 0.0291876 0.0518695 0.0706241 0.091539 0.0318024 0.0224372 0.0222495 0.0211531 0.0248272 0.056042 0.0543757 0.0305808 0.0289693 0.0582701 0.0186065 0.0223213 0.0170091 0.0231658 0.0408108 0.0460405 0.0175644 0.0614934 0.0463857 0.0410422 0.041661 0.0465539 0.0356107
threshold=64161.750000000007 64660.000000000007 105849396.00000001 59083.250000000007 61502.375000000007 58234.500000000007 75156.500000000015 72.500000000000014 101270224.00000001 48751.500000000007 63979.000000000007 71501.500000000015 72236.500000000015 70167.000000000015 60454.750000000007 76024.000000000015 73536.500000000015 46.500000000000007 51.500000000000007 273583328.00000006 98479.335937500015 90975.167968750015 109919.50000000001 67.500000000000014 65826.500000000015 65.500000000000014 85215.625000000015 66956.500000000015 32716277.000000004 151275592.00000003
decision_type=2 2 2 2 2 2 2 2 2 2 2 2 2 2 2 2 2 2 2 2 2 2 2 2 2 2 2 2 2 2
left_child=1 10 -3 7 5 6 -5 9 -9 -2 11 13 -13 17 15 16 -14 -1 -19 23 21 22 -21 24 -6 29 27 28 -27 -26
right_child=3 2 -4 4 19 -7 -8 8 -10 -11 -12 12 14 -15 -16 -17 -18 18 -20 20 -22 -23 -24 -25 25 26 -28 -29 -30 -31
leaf_value=0.0031662393733859063 -0.0013251271881163122 0.0061029013286790119 1.8582517362159233e-05 -0.00025839514128165323 0.005618752274895087 -0.0030219040950760245 0.0069580770981235388 -0.00287600880721584 0.0012436649690453824 -0.0053960057168171323 -0.0028948438758759397 0.005353435016526231 -0.00031539782981521321 -0.0039605107440641432 -0.0020307187150631636 -0.00046898580989555313 0.0072266665601637223 -0.002868526797741652 0.00013784359062733034 0.0021571197663433849 -0.00053613856523238783 0.0044951118715107442 -0.0037191387056373058 -0.00050698577177930447 -0.00096434118365581491 -0.0020631953515112401 5.2471554185124653e-06 0.0066356298280879859 0.004678131234166878 0.0026933416599761052
leaf_weight=20 25 23 23 32 20 20 39 20 39 29 23 29 21 33 35 38 20 25 2034 40 79 35 20 1273 324 20 87 24 21 29
leaf_count=20 25 23 23 32 20 20 39 20 39 29 23 29 21 33 35 38 20 25 2034 40 79 35 20 1273 324 20 87 24 21 29
internal_value=-2.22975e-12 0.000180621 0.00306074 -0.000192906 -0.000107191 0.00222701 0.00370558 -0.00175778 -0.000152835 -0.00351134 0.000122463 0.000153238 0.00142841 6.6898e-05 0.000429942 0.00152011 0.00336366 0.000130825 0.000101341 -0.000214905 0.000729172 0.00178138 0.000198367 -0.000306268 0.000180426 -3.49528e-05 0.00142558 0.00332665 0.00138968 -0.000663852
internal_weight=4500 2324 46 2176 2063 91 71 113 59 54 2278 2255 143 2112 114 79 41 2079 2059 1972 174 95 60 1798 525 505 152 65 41 353
internal_count=4500 2324 46 2176 2063 91 71 113 59 54 2278 2255 143 2112 114 79 41 2079 2059 1972 174 95 60 1798 525 505 152 65 41 353
is_linear=0
shrinkage=0.1


Tree=41
num_leaves=31
num_cat=0
split_feature=1 4 3 8 9 4 7 3 5 6 7 7 3 4 5 3 4 7 4 10 9 5 1 3 5 5 1 1 10 3
split_gain=0.0149706 0.0142874 0.0122496 0.0410004 0.0319465 0.0431305 0.0311556 0.0570258 0.0297437 0.023116 0.0170475 0.0200355 0.0167198 0.0160806 0.0232555 0.0903461 0.0371388 0.0610508 0.0255482 0.0204013 0.0155115 0.063939 0.0571744 0.0485564 0.0150768 0.0337254 0.0312128 0.0309008 0.028103 0.0362497
threshold=78.500000000000014 99679.500000000015 26676.000000000004 22686.875000000004 22126.250000000004 14545.500000000002 13515669.500000002 15024.000000000002 28824.000000000004 8416.1665039062518 649555.71875000012 2589336.2500000005 11942.500000000002 15697.500000000002 35903.500000000007 35735.000000000007 25161.500000000004 11618520.500000002 21230.000000000004 33132.375000000007 40541.500000000007 35903.500000000007 68.500000000000014 52523.000000000007 38783.000000000007 42142.500000000007 68.500000000000014 67.500000000000014 42120.625000000007 41239.500000000007
decision_type=2 2 2 2 2 2 2 2 2 2 2 2 2 2 2 2 2 2 2 2 2 2 2 2 2 2 2 2 2 2
left_child=1 2 3 4 5 6 7 9 -4 -1 -10 20 -11 19 16 -16 17 -15 -19 -13 21 -12 -22 -24 27 26 -26 -17 29 -27
right_child=-2 -3 8 -5 -6 -7 -8 -9 10 12 11 13 -14 14 15 24 -18 18 -20 -21 22 -23 23 -25 25 28 -28 -29 -30 -31
leaf_value=-0.0013165171051190961 -0.0027298407815396788 -0.0010783414609141203 -0.0030858899166266766 0.0038426216303681336 -0.002477451208727183 0.0042097612534416837 0.0036238761441338627 -0.0041877219555317424 0.0024823754427156283 0.0035033345868390416 0.0010807813278266363 0.003929676878033206 0.00016283217640914794 0.004177204191329934 0.0048513303869045701 -0.00089316917583346376 -0.0046648133718581114 -0.0048956315498799091 -1.9295711403670298e-05 0.00022405307883253468 -0.0031062662131058016 -0.0068196362664457418 0.0055152258183807134 -0.00036774421348533735 0.00033934211358428007 -0.00045723773627763704 -0.0038634004287941511 0.004599106225318143 3.7248284958996341e-06 0.0052892832895335947
leaf_weight=36 20 117 31 36 37 30 21 32 28 31 21 24 29 21 39 20 27 21 22 39 49 20 20 47 30 21 43 21 3544 23
leaf_count=36 20 117 31 36 37 30 21 32 28 31 21 24 29 21 39 20 27 21 22 39 49 20 20 47 30 21 43 21 3544 23
internal_value=2.00092e-12 1.21868e-05 4.14308e-05 0.000718201 0.000197464 0.00075038 5.38603e-05 -0.000531845 -5.44714e-08 0.00068678 2.33918e-05 6.39984e-06 0.00188876 5.10436e-05 2.49908e-05 6.34125e-05 -0.00155452 -0.000242367 -0.00240076 0.00163572 -0.00110116 -0.00277308 -0.000510229 0.00138837 1.29725e-05 -8.38395e-06 -0.00213625 0.00191995 3.49087e-05 0.00254663
internal_weight=4500 4480 4363 252 216 179 149 128 4111 96 4080 4052 60 3895 3832 3741 91 64 43 63 157 41 116 67 3702 3661 73 41 3588 44
internal_count=4500 4480 4363 252 216 179 149 128 4111 96 4080 4052 60 3895 3832 3741 91 64 43 63 157 41 116 67 3702 3661 73 41 3588 44
is_linear=0
shrinkage=0.1


Tree=42
num_leaves=31
num_cat=0
split_feature=1 3 9 4 7 5 3 8 5 1 10 10 3 7 5 3 4 1 1 9 10 10 1 5 9 7 1 1 4 9
split_gain=0.0124973 0.0142136 0.0404703 0.028428 0.0184078 0.0170751 0.0350747 0.0194933 0.0177807 0.0545423 0.0959488 0.0433731 0.0265739 0.0144746 0.0176228 0.0505214 0.0810556 0.0376751 0.0246426 0.0273049 0.0175054 0.0609638 0.0343513 0.027075 0.0207395 0.0199317 0.0180302 0.0209919 0.0410552 0.0307301
threshold=45.500000000000007 15024.000000000002 13115.750000000002 5335.0000000000009 779163.71875000012 23560.500000000004 23260.000000000004 17209.500000000004 31157.500000000004 63.500000000000007 28429.875000000004 31409.375000000004 27513.000000000004 649555.71875000012 37409.000000000007 37956.500000000007 33424.000000000007 64.500000000000014 69.500000000000014 30684.000000000004 40742.875000000007 42120.625000000007 62.500000000000007 42730.500000000007 34044.250000000007 6274752.2500000009 59.500000000000007 57.500000000000007 45876.000000000007 50003.250000000007
decision_type=2 2 2 2 2 2 2 2 2 2 2 2 2 2 2 2 2 2 2 2 2 2 2 2 2 2 2 2 2 2
left_child=-1 2 3 -2 -5 7 -7 -3 9 -8 12 -10 -11 -13 17 16 -16 -15 -19 -20 22 23 -17 -22 -24 -26 27 29 -29 -23
right_child=1 5 -4 4 -6 6 8 -9 11 10 -12 13 -14 14 15 20 -18 18 19 -21 21 26 24 -25 25 -27 -28 28 -30 -31
leaf_value=0.0023775652431967586 0.0025783697309504664 -0.00048378551463511862 0.0046507279146462679 0.00044208075851202014 -0.0033984733056665085 0.0035128472638981684 -0.0049306487373542048 -0.004249017480760813 0.0037226918874488724 0.0039151766509013738 -0.0046824634179537155 0.0022341377900115082 -0.00058816207572817811 0.0014467081570094735 0.0056918531460197347 0.0022312725288793447 -0.0017313248419668526 -0.005249502489944765 0.001481200076523237 -0.0034335072707528109 0.0014626843870842253 0.0030374892715675137 9.0062220856039368e-05 0.0061774587685552744 -0.00137151058932597 -0.0054263839567149129 -1.6796334138171796e-05 -0.0061715549929067491 -0.00091740757805006264 -0.00086675050884618297
leaf_weight=22 28 44 25 26 24 28 30 20 31 38 29 28 20 33 38 20 24 24 20 26 29 24 22 21 22 27 3573 20 58 126
leaf_count=22 28 44 25 26 24 28 30 20 31 38 29 28 20 33 38 20 24 24 20 26 29 24 22 21 22 27 3573 20 58 126
internal_value=-6.19901e-13 -1.16808e-05 0.00114945 2.72448e-05 -0.00140139 -3.90171e-05 -1.49461e-05 -0.00166042 -3.8009e-05 -0.00125382 1.40463e-05 -3.86344e-06 0.0023623 -3.18013e-05 -4.72497e-05 -1.40261e-05 0.00281836 -0.00133878 -0.00265193 -0.00129668 -5.85741e-05 -2.61803e-05 -0.00142944 0.00344289 -0.00246062 -0.00360583 -7.1814e-05 -0.000933998 -0.00226462 -0.000242072
internal_weight=4500 4478 103 78 50 4375 4311 64 4283 117 87 4166 58 4135 4107 4004 62 103 70 46 3942 3851 91 50 71 49 3801 228 78 150
internal_count=4500 4478 103 78 50 4375 4311 64 4283 117 87 4166 58 4135 4107 4004 62 103 70 46 3942 3851 91 50 71 49 3801 228 78 150
is_linear=0
shrinkage=0.1


Tree=43
num_leaves=31
num_cat=0
split_feature=1 9 6 9 10 8 4 8 6 8 3 5 4 4 4 4 5 5 3 4 9 10 10 4 10 1 5 3 6 4
split_gain=0.0120429 0.0122696 0.0450137 0.0269782 0.0433019 0.0317424 0.0211471 0.0274835 0.0241682 0.0272876 0.0394382 0.0752026 0.0642047 0.0271706 0.0916926 0.0357576 0.0185986 0.0175266 0.0236937 0.025339 0.0159227 0.0142181 0.0465441 0.0582613 0.0349826 0.0451588 0.0224562 0.0266629 0.0242027 0.0425956
threshold=78.500000000000014 69516.750000000015 69875.250000000015 71538.000000000015 74102.375000000015 62650.375000000007 51436.500000000007 62300.500000000007 71398.832031250015 70972.375000000015 78603.500000000015 86530.500000000015 66398.500000000015 64793.000000000007 66398.500000000015 59768.000000000007 86530.500000000015 80275.500000000015 76088.500000000015 71594.500000000015 76716.000000000015 81446.500000000015 76506.250000000015 52765.500000000007 72953.125000000015 69.500000000000014 73071.500000000015 69164.000000000015 60296.500000000007 55672.500000000007
decision_type=2 2 2 2 2 2 2 2 2 2 2 2 2 2 2 2 2 2 2 2 2 2 2 2 2 2 2 2 2 2
left_child=1 2 21 5 -5 -3 -6 -8 -9 10 12 -12 -10 15 -15 -13 -4 -11 19 -19 -20 22 24 -24 26 -26 27 -1 -28 -30
right_child=-2 3 16 4 6 -7 7 8 9 17 11 13 -14 14 -16 -17 -18 18 20 -21 -22 -23 23 -25 25 -27 28 -29 29 -31
leaf_value=0.00014254721420959885 -0.0024484035465866328 0.0013364842754196038 0.0047813629531966786 0.003976946216649734 -0.002120650892119067 -0.002141844350626343 0.0031535012647509577 -0.0034158701627430596 0.0062725714452925227 -0.0018323237142428312 -0.0028514623489569535 0.0010082785532259469 -0.00061677930813554369 -0.0052253790141548965 0.0043502469919621941 0.0055312145597718916 0.0011029536939329572 -0.00044473447328941397 -0.0021259426932374484 0.0042085834071040155 -0.00018554640618651105 -0.0021561205453638518 0.0068268274564457975 0.00022852120164316148 -0.0044389585671850886 -0.00013469581082552816 0.0036426739940153699 -0.0011947238166192167 -0.001833149184849823 0.0023638396801655753
leaf_weight=2188 20 33 28 26 52 128 26 22 31 67 55 44 24 20 20 29 27 22 44 25 1088 28 23 32 39 65 35 160 42 57
leaf_count=2188 20 33 28 26 52 128 26 22 31 67 55 44 24 20 20 29 27 22 44 25 1088 28 23 32 39 65 35 160 42 57
internal_value=-3.83148e-12 1.09304e-05 0.000143803 -0.000195189 -7.06578e-05 -0.0014289 -0.000137731 -6.976e-05 -0.000125967 -7.66969e-05 0.000942078 0.000181169 0.00326631 0.00165723 -0.000437566 0.00280506 0.0029756 -0.00025903 -0.000169623 0.00203043 -0.000260968 8.54483e-05 0.000109213 0.00298781 4.79904e-05 -0.00174879 0.000123279 5.14214e-05 0.00138239 0.000583299
internal_weight=4500 4480 2724 1756 1595 161 1569 1517 1491 1469 223 168 55 113 40 73 55 1246 1179 47 1132 2669 2641 55 2586 104 2482 2348 134 99
internal_count=4500 4480 2724 1756 1595 161 1569 1517 1491 1469 223 168 55 113 40 73 55 1246 1179 47 1132 2669 2641 55 2586 104 2482 2348 134 99
is_linear=0
shrinkage=0.1


Tree=44
num_leaves=31
num_cat=0
split_feature=4 7 3 7 1 7 7 4 4 4 7 7 1 7 9 8 10 3 8 1 1 3 10 4 8 8 4 4 4 3
split_gain=0.0107141 0.0111908 0.0376831 0.0196959 0.040895 0.0431979 0.0405019 0.020022 0.0677204 0.0343561 0.0244529 0.0265258 0.0199373 0.0513435 0.0377209 0.0240563 0.0196774 0.0846323 0.0633009 0.019673 0.0419623 0.0226946 0.0201863 0.0311661 0.0404116 0.0723658 0.050683 0.0462662 0.0295948 0.0360557
threshold=99679.500000000015 44843088.000000007 37956.500000000007 33276452.000000004 75.500000000000014 37613220.000000007 29062575.000000004 20436.000000000004 21903.500000000004 19033.000000000004 13515669.500000002 443636.73437500006 69.500000000000014 31802155.000000004 58304.000000000007 65845.125000000015 50515.750000000007 52124.500000000007 33614.125000000007 52.500000000000007 54.500000000000007 26676.000000000004 28953.750000000004 25161.500000000004 29277.625000000004 30631.625000000004 30449.000000000004 31305.500000000004 32810.500000000007 41239.500000000007
decision_type=2 2 2 2 2 2 2 2 2 2 2 2 2 2 2 2 2 2 2 2 2 2 2 2 2 2 2 2 2 2
left_child=1 3 -3 6 -5 -6 7 9 -9 10 11 -1 14 15 -8 -14 18 -18 -4 -10 -21 -22 -23 -24 -25 -26 -27 -28 -29 -30
right_child=-2 2 16 4 5 -7 12 8 19 -11 -12 -13 13 -15 -16 -17 17 -19 -20 20 21 22 23 24 25 26 27 28 29 -31
leaf_value=0.002737571678503796 -0.00094441808680565959 0.003289634895582612 0.00048743237957751264 -0.0013091947639797474 -0.001454727901145816 0.0048379694858643541 0.0056954284797289543 -0.0058669658289069223 -0.0023502603435190395 0.0043635706000107657 0.0030260694289483644 -0.00069387382707859888 0.00092103803022341296 -0.0024930899788159879 0.00050471290014684198 0.0053162522427737712 0.0060004520402289936 0.00013860892422691998 -0.0051445020190118975 0.0040454667837669456 0.0026611103451744255 -0.0032902354906712266 0.0029712776075147334 -0.0040661795875402513 0.0051736306101083755 -0.0038569542432301922 0.0045008552925927302 -0.0030995149694250101 0.0016980116355365942 -0.00028258630016549628
leaf_weight=27 117 39 64 271 20 24 28 21 40 24 29 136 33 32 28 20 25 1665 29 24 28 21 31 27 25 38 21 35 98 1480
leaf_count=27 117 39 64 271 20 24 28 21 40 24 29 136 33 32 28 20 25 1665 29 24 28 21 31 27 25 38 21 35 98 1480
internal_value=-1.32115e-12 2.52103e-05 0.000214652 -0.000109566 -0.00085008 0.00197765 -5.70973e-06 -0.000115614 -0.000219904 0.000796432 0.00035054 -0.000125475 0.00163507 0.000669887 0.00310007 0.00257961 0.000147392 0.000225323 -0.00126876 -0.000156419 -0.000108414 -0.000163676 -0.000208211 -0.000171332 -0.000227841 -0.000166771 -0.000246622 -0.000162661 -0.000223376 -0.000159583
internal_weight=4500 4383 1822 2561 315 44 2246 2105 1889 216 192 163 141 85 56 53 1783 1690 93 1868 1828 1804 1776 1755 1724 1697 1672 1634 1613 1578
internal_count=4500 4383 1822 2561 315 44 2246 2105 1889 216 192 163 141 85 56 53 1783 1690 93 1868 1828 1804 1776 1755 1724 1697 1672 1634 1613 1578
is_linear=0
shrinkage=0.1


Tree=45
num_leaves=31
num_cat=0
split_feature=1 3 9 10 6 9 5 3 6 7 5 5 3 1 7 7 1 3 5 9 1 10 9 9 3 1 10 5 9 6
split_gain=0.0111182 0.0103503 0.0272693 0.0285281 0.0303552 0.0348151 0.0206586 0.0264597 0.0186226 0.0137889 0.013185 0.0416596 0.036012 0.0547581 0.0542607 0.0484942 0.0498839 0.0245664 0.0357178 0.0213189 0.0164701 0.0518293 0.0579899 0.0545476 0.0283593 0.0488613 0.0377148 0.0287872 0.0360143 0.0658455
threshold=45.500000000000007 11942.500000000002 13115.750000000002 20449.125000000004 21193.916992187504 22126.250000000004 27046.500000000004 26676.000000000004 8416.1665039062518 3865456.1250000005 37409.000000000007 38783.000000000007 34965.000000000007 64.500000000000014 5122361.5000000009 9643574.0000000019 72.500000000000014 35735.000000000007 40490.500000000007 36392.500000000007 60.500000000000007 48739.125000000007 50003.250000000007 53943.500000000007 45584.000000000007 67.500000000000014 46058.250000000007 47900.000000000007 41811.000000000007 38725.833984375007
decision_type=2 2 2 2 2 2 2 2 2 2 2 2 2 2 2 2 2 2 2 2 2 2 2 2 2 2 2 2 2 2
left_child=-1 8 -3 9 -5 -6 -7 -8 -2 -4 12 -12 13 -9 -15 -16 -17 -13 19 -19 21 -20 -23 -24 25 -22 -26 28 29 -27
right_child=1 2 3 4 5 6 7 10 -10 -11 11 17 -14 14 15 16 -18 18 20 -21 24 22 23 -25 26 27 -28 -29 -30 -31
leaf_value=0.0022425502496348187 -0.00046969439100587009 -0.0033230676874518397 0.0037724952245580742 -0.0030148826895610376 0.003865094997150743 -0.0025283479877874597 0.0027618707625900723 0.0031522246807612281 0.0028650408665485245 0.00045248897830871021 0.0034846905677113683 0.0033018208701502193 -0.0037518215152834143 -0.0043028365290807323 0.0041200021995514962 -0.0041695021141063549 0.0019938025706020806 -0.00052770824870094655 -0.0052958090263216396 -0.0049918517156544587 0.003559236118453555 0.0038740715011954308 -0.0057285411056086782 -0.00039426764702511725 -0.003398770283710099 -0.0017023605865619656 -1.5391185966383212e-06 0.0027287005667427657 -0.0026421269579007828 0.0034389765705279216
leaf_weight=22 33 25 29 34 23 33 34 37 34 22 34 22 35 39 23 29 24 20 23 23 60 29 21 220 33 53 3354 38 47 47
leaf_count=22 33 25 29 34 23 33 34 37 34 22 34 22 35 39 23 29 24 20 23 23 60 29 21 220 33 53 3354 38 47 47
internal_value=-4.48763e-12 -1.10174e-05 -2.97546e-05 -1.09829e-05 -3.86455e-05 -1.51179e-05 -3.59792e-05 -1.66039e-05 0.00122256 0.00234034 -3.90376e-05 -8.92398e-07 -0.000859873 -0.000193964 -0.00127056 0.00028547 -0.00137857 -3.05941e-05 -4.90702e-05 -0.00291551 -1.76672e-05 -0.000738887 -0.000350704 -0.00085908 4.05149e-05 0.00107948 -3.46388e-05 0.000275229 -0.000359001 0.000714068
internal_weight=4500 4478 4411 4386 4335 4301 4278 4245 67 51 4211 4024 187 152 115 76 53 3990 3968 43 3925 293 270 241 3632 245 3387 185 147 100
internal_count=4500 4478 4411 4386 4335 4301 4278 4245 67 51 4211 4024 187 152 115 76 53 3990 3968 43 3925 293 270 241 3632 245 3387 185 147 100
is_linear=0
shrinkage=0.1


Tree=46
num_leaves=31
num_cat=0
split_feature=1 3 9 7 7 3 10 8 10 10 1 3 9 9 3 7 3 5 5 9 9 10 1 7 7 8 4 7 3 9
split_gain=0.0100296 0.00955067 0.0260771 0.0531188 0.0504736 0.0353278 0.0278331 0.0237886 0.0255638 0.0365686 0.0369102 0.0234641 0.0227406 0.0319836 0.0448257 0.0359705 0.0223722 0.0319926 0.0388858 0.0215202 0.0212627 0.0183155 0.0174863 0.0158275 0.0173516 0.0198509 0.015486 0.0175769 0.0214203 0.0191496
threshold=78.500000000000014 78603.500000000015 72315.750000000015 5275317.7500000009 25388779.000000004 74018.500000000015 77362.875000000015 68246.250000000015 75447.750000000015 73403.500000000015 72.500000000000014 79692.000000000015 69340.750000000015 65149.750000000007 84623.500000000015 130618772.00000001 73536.500000000015 75363.500000000015 74410.000000000015 67399.250000000015 69516.750000000015 78386.500000000015 73.500000000000014 8698608.0000000019 12629598.000000002 71689.125000000015 51245.500000000007 151275592.00000003 96451.000000000015 77750.000000000015
decision_type=2 2 2 2 2 2 2 2 2 2 2 2 2 2 2 2 2 2 2 2 2 2 2 2 2 2 2 2 2 2
left_child=1 2 7 -4 23 -6 -7 8 9 16 -11 19 13 14 -13 -15 -1 18 -18 -3 -10 -21 26 -5 -25 -26 -14 29 -29 -28
right_child=-2 11 3 4 5 6 -8 -9 20 10 -12 12 22 15 -16 -17 17 -19 -20 21 -22 -23 -24 24 25 -27 27 28 -30 -31
leaf_value=5.5991580048056265e-05 -0.0022343889577314258 0.0008344534598290921 0.005845160034104166 -0.0029687985849495119 0.0055393640193730021 -0.0016926498533311218 0.0028721747276208858 -0.0017988206649981978 0.0047819983397078304 -0.0037763855401046426 0.00054999663593524454 -0.0037719951952264333 -0.0020598901541876223 0.00578326752583962 0.0022211716689455969 0.00090874427384356183 0.00098887592604434186 -0.0014283641332598486 0.0062978345387488272 -0.0053993463609367616 0.00022607620339840651 -0.0015417110829730519 -0.00072467035014607062 0.0022568025668575006 0.0014249557692801319 -0.0025454266763785308 -0.0013750581769821815 0.0030472512651038798 0.00043814761037403935 9.2416635416684334e-05
leaf_weight=2445 20 20 22 26 26 22 34 69 21 49 33 24 34 24 26 41 37 23 22 20 20 32 455 22 20 34 106 38 183 552
leaf_count=2445 20 20 22 26 26 22 34 69 21 49 33 24 34 24 26 41 37 23 22 20 20 32 455 22 20 34 106 38 183 552
internal_value=5.31188e-12 9.97496e-06 0.000116433 0.0012012 0.000645949 0.00249316 0.00107885 3.42478e-05 8.19767e-05 4.30413e-05 -0.00203528 -0.000190277 -0.000104685 0.00124591 -0.000655548 0.00270857 0.000110482 0.00173522 0.00296849 -0.00195323 0.0025596 -0.00302542 -0.000218221 -0.000839064 -0.00011047 -0.00107491 3.4171e-05 0.00011517 0.000886772 -0.000143985
internal_weight=4500 4480 2925 206 184 82 56 2719 2650 2609 82 1555 1483 115 50 65 2527 82 59 72 41 52 1368 102 76 54 913 879 221 658
internal_count=4500 4480 2925 206 184 82 56 2719 2650 2609 82 1555 1483 115 50 65 2527 82 59 72 41 52 1368 102 76 54 913 879 221 658
is_linear=0
shrinkage=0.1


Tree=47
num_leaves=31
num_cat=0
split_feature=8 6 1 4 9 3 3 1 1 5 1 8 4 7 10 1 1 4 1 10 5 8 8 10 1 5 4 10 8 5
split_gain=0.00893939 0.0102089 0.00848582 0.00956398 0.017368 0.0488146 0.0299961 0.0173541 0.0227874 0.0396689 0.0177568 0.0195143 0.0289934 0.0227948 0.0220937 0.0166127 0.015104 0.0469551 0.0349947 0.0339138 0.0242364 0.0408166 0.0133515 0.0542285 0.0366391 0.0299764 0.0321853 0.0439661 0.0169333 0.0444906
threshold=108721.37500000001 114285.75000000001 45.500000000000007 7466.5000000000009 13115.750000000002 11942.500000000002 15024.000000000002 52.500000000000007 54.500000000000007 67207.500000000015 55.500000000000007 17209.500000000004 16741.000000000004 197071184.00000003 20449.125000000004 60.500000000000007 57.500000000000007 50552.500000000007 60.500000000000007 52079.750000000007 63714.500000000007 59891.375000000007 22686.875000000004 27718.000000000004 68.500000000000014 31157.500000000004 21230.000000000004 32171.750000000004 30631.625000000004 40490.500000000007
decision_type=2 2 2 2 2 2 2 2 2 2 2 2 2 2 2 2 2 2 2 2 2 2 2 2 2 2 2 2 2 2
left_child=1 2 -1 15 5 -5 -6 -8 9 -9 -10 14 13 -13 -12 -4 17 -14 19 -18 -21 -22 24 -24 -20 -25 -27 -28 -29 -30
right_child=-2 -3 3 4 6 -7 7 8 10 -11 11 12 16 -15 -16 -17 18 -19 22 20 21 -23 23 25 -26 26 27 28 29 -31
leaf_value=0.0019694472536106 -0.00092549732584944547 0.0021227560775435492 0.003227052420377732 0.0014012205973267557 0.0036029288504758612 -0.0055855229962617162 -0.0017994196904409265 0.0050298267810527861 -0.0027319779600171994 -0.00084895072498263546 -0.00011634544158975284 0.0039039671979159774 0.0053665429076534656 -0.00017220193985849621 -0.0044411172713374808 -1.4633310655521793e-05 -0.0040595270382861297 -0.00055377451904319432 -0.0049427309655584398 0.0024235841285969533 -0.0052214130604018773 -0.00022618938498969844 0.004689586937427521 -0.003030920359378797 0.00036970573552959677 -0.0032751525049740126 0.0040898302587232104 0.0014096134617416697 -0.0022968126676704099 6.0095068578405961e-05
leaf_weight=22 102 23 25 20 23 20 54 24 24 22 27 34 21 23 21 43 39 37 20 21 21 74 25 32 37 29 27 88 82 3440
leaf_count=22 102 23 25 20 23 20 54 24 24 22 27 34 21 23 21 43 39 37 20 21 21 74 25 32 37 29 27 88 82 3440
internal_value=-6.43841e-13 2.14645e-05 1.04177e-05 5.16769e-07 -1.81558e-05 -0.00209215 1.38715e-06 -1.82328e-05 4.84399e-06 0.00221824 -1.98567e-05 -3.97308e-06 1.97835e-05 0.0022592 -0.00200843 0.00117716 -1.21841e-05 0.00158979 -3.57964e-05 -0.00150848 -0.000650797 -0.0013304 2.45913e-05 4.7846e-05 -0.00149431 1.64659e-05 4.30661e-05 6.95243e-05 3.94555e-05 5.22101e-06
internal_weight=4500 4398 4375 4353 4285 40 4245 4222 4168 46 4122 4098 4050 57 48 68 3993 58 3935 155 116 95 3780 3723 57 3698 3666 3637 3610 3522
internal_count=4500 4398 4375 4353 4285 40 4245 4222 4168 46 4122 4098 4050 57 48 68 3993 58 3935 155 116 95 3780 3723 57 3698 3666 3637 3610 3522
is_linear=0
shrinkage=0.1


Tree=48
num_leaves=31
num_cat=0
split_feature=6 4 1 9 3 10 8 1 4 3 3 1 8 8 6 3 9 1 1 4 9 5 9 6 6 3 10 10 3 9
split_gain=0.00838728 0.0313484 0.0170213 0.0139132 0.0395398 0.0247802 0.0429979 0.0567505 0.0263965 0.0355007 0.0485938 0.0286558 0.0252583 0.0334178 0.0423429 0.0370822 0.0331088 0.0356265 0.0364389 0.031386 0.0225664 0.0716672 0.0446353 0.0327829 0.0670167 0.0305967 0.0668488 0.0448831 0.0388255 0.0363817
threshold=8416.1665039062518 7466.5000000000009 46.500000000000007 13115.750000000002 11942.500000000002 20449.125000000004 18810.250000000004 67.500000000000014 19946.500000000004 25850.500000000004 27513.000000000004 64.500000000000014 29277.625000000004 30631.625000000004 33636.166015625007 33569.000000000007 30172.750000000004 64.500000000000014 71.500000000000014 28109.500000000004 35844.750000000007 39350.000000000007 36794.750000000007 38725.833984375007 39615.000000000007 40909.500000000007 46058.250000000007 48031.750000000007 47117.000000000007 41150.250000000007
decision_type=2 2 2 2 2 2 2 2 2 2 2 2 2 2 2 2 2 2 2 2 2 2 2 2 2 2 2 2 2 2
left_child=-1 -2 -3 4 -4 -5 7 -7 11 -10 -11 -8 16 19 -15 -16 17 -12 -19 -14 21 -17 -22 -24 -25 29 -27 28 -28 -26
right_child=1 2 3 5 -6 6 8 -9 9 10 12 -13 13 14 15 20 -18 18 -20 -21 22 -23 23 24 25 26 27 -29 -30 -31
leaf_value=-0.0015202503496160112 0.0029512521765557016 0.0025903043523430825 0.0012610983476042748 0.002204036220908165 -0.0050269706069957475 -0.0070772705911076629 0.0042736568271980755 0.00020622737989153554 -0.003262792524936445 0.0043772306498140101 0.0028824085641341907 0.00059561554032067467 0.00052049672308688373 -0.0045138179768054263 0.0041794420175609139 -0.00662983188405633 -0.0039213968259374319 -0.0038856745275552386 0.0014752023986407689 0.0056346900900825858 0.0041198479925067385 0.0018358191219158472 -0.0023765243645126033 0.0046294457609615015 0.0057273524242918948 -0.0025685123585460065 0.0047347723657416331 -4.6613477088630953e-05 1.6864087206847741e-05 -0.00030437487177550795
leaf_weight=36 36 25 20 50 20 20 28 23 34 25 24 87 30 21 21 20 38 32 21 20 26 20 59 31 20 104 37 3519 33 20
leaf_count=36 36 25 20 50 20 20 28 23 34 25 24 87 30 21 21 20 38 32 21 20 26 20 59 31 20 104 37 3519 33 20
internal_value=6.1899e-12 1.22601e-05 -1.16342e-05 -2.64078e-05 -0.00188294 -9.38717e-06 -3.50471e-05 -0.00318145 -3.36202e-06 -4.47261e-05 -1.81756e-05 0.00149114 -4.50031e-05 -2.79703e-06 -3.54728e-05 -1.14203e-05 -0.00150607 -0.000314085 -0.00176155 0.00256617 -3.40503e-05 -0.00239701 -9.49377e-06 -3.75772e-05 -9.14625e-07 -3.93666e-05 -6.91619e-05 3.26282e-06 0.00251062 0.00271149
internal_weight=4500 4464 4428 4403 40 4363 4313 43 4270 4155 4121 115 4096 3981 3931 3910 115 77 53 50 3889 40 3849 3823 3764 3733 3693 3589 70 40
internal_count=4500 4464 4428 4403 40 4363 4313 43 4270 4155 4121 115 4096 3981 3931 3910 115 77 53 50 3889 40 3849 3823 3764 3733 3693 3589 70 40
is_linear=0
shrinkage=0.1


Tree=49
num_leaves=31
num_cat=0
split_feature=1 9 10 1 9 7 3 3 5 7 3 6 10 5 3 1 8 6 6 4 10 9 9 8 9 8 1 7 4 7
split_gain=0.00792814 0.0080881 0.0172602 0.0209661 0.0173524 0.0308156 0.021402 0.0143915 0.0343252 0.0484514 0.0501553 0.0229278 0.021389 0.0604288 0.0410598 0.0190144 0.0187583 0.017634 0.0218268 0.0214666 0.015316 0.0389218 0.0286948 0.02922 0.0210275 0.0153344 0.0208569 0.0216386 0.0136086 0.0331054
threshold=78.500000000000014 106504.50000000001 107768.62500000001 73.500000000000014 98885.750000000015 322717264.00000006 114769.00000000001 95273.000000000015 93194.000000000015 65288176.000000007 92699.000000000015 78387.582031250015 82741.875000000015 85971.500000000015 81249.500000000015 72.500000000000014 68455.750000000015 84702.250000000015 87254.582031250015 71594.500000000015 86093.250000000015 74617.250000000015 76716.000000000015 70972.375000000015 70980.500000000015 79767.750000000015 73.500000000000014 67008310.000000007 70107.000000000015 63098544.000000007
decision_type=2 2 2 2 2 2 2 2 2 2 2 2 2 2 2 2 2 2 2 2 2 2 2 2 2 2 2 2 2 2
left_child=1 2 7 4 5 -4 -6 8 12 -10 -11 -9 13 -1 -15 -12 -13 -18 -19 -20 24 -22 -23 -24 -14 26 27 -25 29 -26
right_child=-2 -3 3 -5 6 -7 -8 11 9 10 15 16 20 14 -16 -17 17 18 19 -21 21 22 23 25 28 -27 -28 -29 -30 -31
leaf_value=3.9844644500641637e-05 -0.0019865680241491646 -0.00061108255978970243 -0.0020615060517395088 -0.00058421435607399082 0.0056452851996503101 0.0030700960145331919 0.0012825598373361257 -0.0034561175458992909 -0.00024394864402711394 0.0074985744143348373 0.0033823791301498814 0.0025957188196480277 -0.0037670702673494819 0.00066127355094067761 0.006992322108930066 -0.00043930704604186444 -0.002584110178347481 0.0021277700607298003 -0.003118094916765889 -0.00027035592636093496 0.003516395053324791 -0.0040886080247305688 0.0027967218675517612 -0.0023410429214609082 0.0035618704743683341 0.00010329332758879497 -0.0039841673888817977 0.001817965592173013 -0.0018222559630483776 -0.0011459745650211255
leaf_weight=3131 20 201 22 47 22 25 23 26 75 21 30 20 30 20 21 23 38 33 30 225 26 21 28 29 20 108 27 22 77 59
leaf_count=3131 20 201 22 47 22 25 23 26 75 21 30 20 30 20 21 23 38 33 30 225 26 21 28 29 20 108 27 22 77 59
internal_value=2.76317e-12 8.86861e-06 3.79899e-05 0.00113407 0.0020119 0.00066807 0.00341545 1.18904e-06 5.97718e-05 0.00154726 0.00336267 -0.000592197 -1.47036e-06 8.97912e-05 0.00390401 0.00172391 -0.000376989 -0.000559364 -0.00029221 -0.000605384 -0.000649081 -0.000154935 -0.000561125 -0.00021497 -0.00134248 -0.000668343 -0.00173676 -0.000546961 -0.00087621 4.58849e-05
internal_weight=4500 4480 4279 139 92 47 45 4140 3768 149 74 372 3619 3172 41 53 346 326 288 255 447 261 235 214 186 186 78 51 156 79
internal_count=4500 4480 4279 139 92 47 45 4140 3768 149 74 372 3619 3172 41 53 346 326 288 255 447 261 235 214 186 186 78 51 156 79
is_linear=0
shrinkage=0.1


Tree=50
num_leaves=31
num_cat=0
split_feature=7 9 7 7 1 3 7 7 7 3 4 10 3 9 1 5 3 7 4 7 4 8 1 3 10 6 4 6 3 6
split_gain=0.00715548 0.0254719 0.0234793 0.0580419 0.033771 0.0311349 0.0300953 0.0526933 0.0225669 0.0627012 0.0348634 0.0217733 0.0556134 0.0234251 0.0214532 0.0186521 0.0336367 0.0153221 0.0789785 0.0254164 0.0320913 0.0272234 0.0171906 0.0157831 0.068407 0.0567483 0.0305535 0.0255727 0.0404344 0.0373772
threshold=8698608.0000000019 18174.750000000004 5536096.5000000009 5122361.5000000009 56.500000000000007 45091.500000000007 2911899.1250000005 779163.71875000012 6398082.2500000009 39042.000000000007 31645.500000000004 44621.500000000007 52999.000000000007 58069.500000000007 67.500000000000014 28078.500000000004 26676.000000000004 3272892.2500000005 30999.500000000004 3652723.2500000005 42932.000000000007 63714.500000000007 70.500000000000014 40909.500000000007 46678.750000000007 36483.000000000007 51643.000000000007 31833.833007812504 25850.500000000004 19938.500000000004
decision_type=2 2 2 2 2 2 2 2 2 2 2 2 2 2 2 2 2 2 2 2 2 2 2 2 2 2 2 2 2 2
left_child=2 -2 3 4 6 -5 7 -1 9 -4 -10 -12 -13 -14 -11 -3 -17 23 -19 -20 -21 22 -22 25 -25 27 -26 28 29 -6
right_child=1 15 8 5 17 -7 -8 -9 10 14 11 12 13 -15 -16 16 -18 18 19 20 21 -23 -24 24 26 -27 -28 -29 -30 -31
leaf_value=0.0038680355466732923 0.0033114371588453652 -0.0026259478181600571 -0.0066873565568433451 0.0059113671089410982 0.00052812955562128792 0.0010790596328054867 0.0052039281150791797 -0.0032240820891456679 0.002278747925988566 0.0019205611393166085 -0.0039032846567747387 0.0033950071615566103 -0.0046037599067425446 -0.00088255648881239805 -0.0019502523541450501 0.0038740389251514622 3.7241796102010165e-05 -0.0055457114239449287 -0.0032507905210165874 0.0032162963598966602 -0.0037256367849531 0.0016199037406800525 -0.00027422226154275481 -0.0058114635231702226 0.0025856616570510797 0.0054929450021258429 -0.00072358032447218364 -0.0030502494890242817 0.0036417325748310937 -0.0043585765617899603
leaf_weight=22 24 26 24 24 72 30 20 20 39 21 23 28 21 87 45 23 3491 34 23 30 27 36 31 23 36 21 124 24 31 20
leaf_count=22 24 26 24 24 72 30 20 20 39 21 23 28 21 87 45 23 3491 34 23 30 27 36 31 23 36 21 124 24 31 20
internal_value=2.39741e-12 6.46223e-05 -0.000246062 8.78362e-05 -0.00019752 0.00322675 0.00201119 0.000490837 -0.000997332 -0.00231029 -0.000400533 -0.00105772 -0.000576479 -0.00160612 -0.00071863 4.261e-05 6.23546e-05 -0.000454926 -0.00120227 -0.000197659 0.000368648 -0.000540176 -0.00188092 -6.95454e-05 -0.000712043 0.000630318 2.09991e-05 -6.43434e-05 0.000518272 -0.000534198
internal_weight=4500 3564 936 648 594 54 62 42 288 90 198 159 136 108 66 3540 3514 532 181 147 124 94 58 351 183 168 160 147 123 92
internal_count=4500 3564 936 648 594 54 62 42 288 90 198 159 136 108 66 3540 3514 532 181 147 124 94 58 351 183 168 160 147 123 92
is_linear=0
shrinkage=0.1


Tree=51
num_leaves=31
num_cat=0
split_feature=6 4 1 9 3 3 4 9 1 8 4 4 4 5 5 4 7 4 8 4 1 1 4 8 8 8 3 4 9 6
split_gain=0.00763649 0.0233655 0.0123986 0.0123531 0.031644 0.0208471 0.0147633 0.0454035 0.0400437 0.0258758 0.0308937 0.0417997 0.0705892 0.026246 0.041319 0.0342881 0.0225528 0.0225266 0.0191717 0.0126074 0.0257924 0.0287548 0.0256005 0.0887458 0.0268549 0.0196302 0.0508521 0.0485808 0.0300228 0.0425956
threshold=8416.1665039062518 7466.5000000000009 46.500000000000007 13115.750000000002 11942.500000000002 15024.000000000002 14545.500000000002 22126.250000000004 67.500000000000014 22686.875000000004 19946.500000000004 21230.000000000004 22503.000000000004 31157.500000000004 33935.500000000007 24188.000000000004 11618520.500000002 26026.500000000004 17209.500000000004 28981.000000000004 68.500000000000014 72.500000000000014 30999.500000000004 34864.000000000007 31860.000000000004 34864.000000000007 40909.500000000007 32134.000000000004 38099.250000000007 39263.666015625007
decision_type=2 2 2 2 2 2 2 2 2 2 2 2 2 2 2 2 2 2 2 2 2 2 2 2 2 2 2 2 2 2
left_child=-1 -2 -3 4 -4 -5 8 -8 -7 16 -11 -12 -13 -14 -15 -16 -9 -17 -10 20 -19 -22 23 24 -21 26 -24 -27 -29 -30
right_child=1 2 3 5 -6 6 7 9 18 10 11 12 13 14 15 17 -18 19 -20 22 21 -23 25 -25 -26 27 -28 28 29 -31
leaf_value=-0.0014506130091225108 0.0025490338639226847 0.0022117542307823895 0.001041762251406908 0.0029971915560410077 -0.0045835361559875311 -0.0040340707383372566 0.0034000745798365619 -0.0041710117873403115 -0.0017967117484658957 0.0029592517424108728 -0.0045848482113797218 0.0050017654272128962 -0.0024939492994616201 0.0036871316563338048 -0.0032000824648147339 0.0022392343944044445 -0.00012039763128591909 0.00063993473391747106 0.0023214941665243645 0.0017341741005934422 -0.0055671143910980651 -0.00059194781172734051 -0.00046740696585662332 0.0065177238546311857 -0.0032119447243926322 -0.0045565596917488925 0.0058536104881204663 -0.0028027490647032096 0.0042764710586356081 -4.0586862892825695e-05
leaf_weight=36 36 25 20 23 20 33 39 28 20 35 20 28 43 30 34 44 27 40 26 21 21 26 35 26 23 24 20 39 23 3635
leaf_count=36 36 25 20 23 20 33 39 28 20 35 20 28 43 30 34 44 27 40 26 21 21 26 35 26 23 24 20 39 23 3635
internal_value=-5.97421e-12 1.16985e-05 -8.93026e-06 -2.15392e-05 -0.00177089 -5.50116e-06 -2.1414e-05 3.69931e-06 -0.00137595 -2.76741e-05 7.67679e-07 -2.42921e-05 -2.11039e-06 -3.64171e-05 -1.02667e-05 -3.79211e-05 -0.00218253 -1.08873e-05 0.00053097 -3.60603e-05 -0.00122647 -0.00281489 -9.13217e-06 0.00188577 -0.000851297 -4.42601e-05 0.00183114 -7.19804e-05 -4.28676e-05 -1.3443e-05
internal_weight=4500 4464 4428 4403 40 4363 4340 4261 79 4222 4167 4132 4112 4084 4041 4011 55 3977 46 3933 87 47 3846 70 44 3776 55 3721 3697 3658
internal_count=4500 4464 4428 4403 40 4363 4340 4261 79 4222 4167 4132 4112 4084 4041 4011 55 3977 46 3933 87 47 3846 70 44 3776 55 3721 3697 3658
is_linear=0
shrinkage=0.1


Tree=52
num_leaves=31
num_cat=0
split_feature=7 1 6 4 9 10 6 10 8 4 3 3 3 3 5 5 7 6 5 3 3 5 9 8 8 6 10 9 5 10
split_gain=0.00654219 0.0344102 0.0223881 0.0168857 0.0123219 0.0130406 0.0337887 0.0356121 0.0179116 0.0215452 0.0205752 0.0343948 0.0171578 0.0469393 0.0246466 0.0524215 0.019997 0.0196819 0.0452744 0.0216394 0.0169602 0.0326963 0.0118505 0.0275952 0.0645816 0.0656627 0.0775655 0.0219174 0.017127 0.0639886
threshold=443636.73437500006 68.500000000000014 8416.1665039062518 7466.5000000000009 13115.750000000002 20449.125000000004 21193.916992187504 24989.500000000004 18810.250000000004 15697.500000000002 25850.500000000004 27513.000000000004 32826.500000000007 34965.000000000007 37409.000000000007 38783.000000000007 7867650.0000000009 28968.333007812504 34965.000000000007 29063.500000000004 39042.000000000007 42730.500000000007 34044.250000000007 33233.375000000007 35370.750000000007 38725.833984375007 41665.875000000007 37623.750000000007 52074.500000000007 50875.000000000007
decision_type=2 2 2 2 2 2 2 2 2 2 2 2 2 2 2 2 2 2 2 2 2 2 2 2 2 2 2 2 2 2
left_child=1 -1 -2 -4 -5 -6 -7 -8 -9 -10 -11 -12 17 16 -15 -16 -14 19 -19 -13 21 -17 -22 27 -25 -26 -27 -24 -28 -30
right_child=2 -3 3 4 5 6 7 8 9 10 11 12 13 14 15 20 -18 18 -20 -21 22 -23 23 24 25 26 28 -29 29 -31
leaf_value=0.0031077866837608097 -0.0028840932960587521 -0.0020703552379494625 0.0021920080931990276 -0.0021042867436075799 0.0016569296155679735 -0.0032552094715356363 0.003769563789479435 -0.0028617143218236216 0.0023385988015853891 -0.0029422880848869685 0.0035516629482757441 -0.0022670962805436414 0.0055413529602810745 -0.0027556221297180112 0.0044640860779998964 -0.0045874588414216823 0.0013694452311567686 -0.0052866468808196228 0.00081016443048914286 0.001923898535980178 0.0016932319022816954 0.00094100716989487421 -0.0038802477799243099 0.0039960742139555803 -0.0052573046035831799 0.0059103467163037172 -0.00076932895297162913 -0.00031235936459981736 0.0046961637422570897 -2.13666641340542e-05
leaf_weight=33 27 21 35 28 47 32 25 22 39 24 27 22 20 33 26 23 27 29 21 28 40 20 33 40 24 22 300 36 29 3367
leaf_count=33 27 21 35 28 47 32 25 22 39 24 27 22 20 33 26 23 27 29 21 28 40 20 33 40 24 22 300 36 29 3367
internal_value=1.88155e-12 0.00109406 -1.32882e-05 4.25233e-06 -1.32138e-05 2.2745e-07 -1.78429e-05 6.37872e-06 -1.57473e-05 -9.45531e-07 -2.27165e-05 -5.90114e-06 -2.91026e-05 2.92607e-06 -3.40548e-05 -1.13751e-05 0.00314473 -0.00132306 -0.00272599 7.98608e-05 -4.09536e-05 -0.00201608 -1.91262e-05 -3.69123e-05 -7.55211e-07 -4.34792e-05 -9.82353e-06 -0.00201874 -4.50626e-05 1.89185e-05
internal_weight=4500 54 4446 4419 4384 4356 4309 4277 4252 4230 4191 4167 4140 4040 3993 3960 47 100 50 50 3934 43 3891 3851 3782 3742 3718 69 3696 3396
internal_count=4500 54 4446 4419 4384 4356 4309 4277 4252 4230 4191 4167 4140 4040 3993 3960 47 100 50 50 3934 43 3891 3851 3782 3742 3718 69 3696 3396
is_linear=0
shrinkage=0.1


Tree=53
num_leaves=31
num_cat=0
split_feature=3 10 8 3 1 10 9 6 6 8 9 6 6 3 3 10 9 10 6 1 7 9 8 8 7 7 4 3 1 1
split_gain=0.00623308 0.0277564 0.0544006 0.0270519 0.0502637 0.0286213 0.0260425 0.0533155 0.0248434 0.0486978 0.0364023 0.0542057 0.0204836 0.0167225 0.0376174 0.0225849 0.0404152 0.0214063 0.0465822 0.0290169 0.0446047 0.0429936 0.0361543 0.0336297 0.0273273 0.0543581 0.0200515 0.0193401 0.0178953 0.0171225
threshold=45091.500000000007 46058.250000000007 37247.000000000007 42705.000000000007 67.500000000000014 43021.250000000007 41811.000000000007 40345.666015625007 36828.832031250007 34864.000000000007 38438.500000000007 39263.666015625007 43633.500000000007 35735.000000000007 32826.500000000007 38182.250000000007 32143.250000000004 34725.750000000007 28968.333007812504 69.500000000000014 29062575.000000004 26234.750000000004 21400.125000000004 17209.500000000004 6587910.0000000009 2589336.2500000005 28109.500000000004 11942.500000000002 59.500000000000007 61.500000000000007
decision_type=2 2 2 2 2 2 2 2 2 2 2 2 2 2 2 2 2 2 2 2 2 2 2 2 2 2 2 2 2 2
left_child=3 2 -2 6 -5 -6 7 8 9 13 -10 -12 -7 14 17 16 -15 18 19 20 24 22 23 -21 25 27 -16 28 -1 -29
right_child=1 -3 -4 4 5 12 -8 -9 10 -11 11 -13 -14 15 26 -17 -18 -19 -20 21 -22 -23 -24 -25 -26 -27 -28 29 -30 -31
leaf_value=0.00047799125671959836 0.0007145491231662723 -2.332423205455145e-05 -0.0059619547829598838 0.0049072436289861803 0.0030155846648849548 -0.0029131508515482501 -0.0023899359088058454 0.0052624565706355505 -0.0041748452888427752 0.0049791604568738311 0.0034828467139353357 -0.0033107817901865295 0.0012183919859429203 -2.3442058375588174e-05 0.0013041502127471643 0.00065724709451928532 -0.0057974479309367867 0.0029174752411958967 -0.0035432197024898703 -0.00038773959502577784 -0.0048663745190770857 0.0050628585248397523 -0.0028603728860616684 0.0046947294274223561 0.0019295814605254048 -0.0031907921376322134 0.0051368665304921922 0.0015390942931513896 0.004456741521134973 -0.0021086956314261881
leaf_weight=26 26 3641 23 34 25 28 42 20 33 21 24 23 21 27 39 37 22 23 38 30 21 26 24 23 53 56 21 22 20 31
leaf_count=26 26 3641 23 34 25 28 42 20 33 21 24 23 21 27 39 37 22 23 38 30 21 26 24 23 53 56 21 22 20 31
internal_value=-1.93739e-12 -5.5141e-05 -0.00241932 0.000251198 0.00172457 0.000262265 2.45246e-05 0.000178172 1.92882e-05 0.000254775 -0.00162912 0.000158305 -0.00114249 7.07081e-05 0.0003134 -0.00120766 -0.00261585 -4.26609e-05 -0.000226669 0.000152936 -0.000474049 0.00154691 0.00035971 0.00181786 -3.05934e-05 -0.000700847 0.0026456 0.000707607 0.00220788 -0.000594519
internal_weight=4500 3690 49 810 108 74 702 660 640 560 80 47 49 539 453 86 49 393 370 332 229 103 77 53 208 155 60 99 46 53
internal_count=4500 3690 49 810 108 74 702 660 640 560 80 47 49 539 453 86 49 393 370 332 229 103 77 53 208 155 60 99 46 53
is_linear=0
shrinkage=0.1


Tree=54
num_leaves=31
num_cat=0
split_feature=4 8 1 6 3 4 10 8 1 3 5 6 9 7 3 5 5 10 6 10 5 3 5 6 8 4 7 7 6 9
split_gain=0.00613418 0.0074445 0.00978329 0.00961655 0.00922936 0.00912228 0.0132031 0.029541 0.0293595 0.0249903 0.0163592 0.00988352 0.0362498 0.0419957 0.0138381 0.0562948 0.0525001 0.0219797 0.0228135 0.0151984 0.0488283 0.0326444 0.0155823 0.0217434 0.0242705 0.0148268 0.0144901 0.0139939 0.0122952 0.0338417
threshold=99679.500000000015 97004.750000000015 66.500000000000014 105518.66796875001 105822.00000000001 83008.000000000015 110417.00000000001 87256.500000000015 73.500000000000014 110269.00000000001 108583.50000000001 89397.250000000015 88560.750000000015 114187692.00000001 94002.500000000015 93658.500000000015 98313.500000000015 96249.500000000015 84702.250000000015 82741.875000000015 85971.500000000015 81249.500000000015 92445.000000000015 71951.250000000015 62507.125000000007 57537.000000000007 322717264.00000006 235810192.00000003 78149.750000000015 76716.000000000015
decision_type=2 2 2 2 2 2 2 2 2 2 2 2 2 2 2 2 2 2 2 2 2 2 2 2 2 2 2 2 2 2
left_child=1 5 -3 4 -4 6 9 8 -8 10 11 12 14 -14 15 19 -16 -18 -19 20 26 -22 23 -21 -25 -26 27 -1 29 -27
right_child=-2 2 3 -5 -6 -7 7 -9 -10 -11 -12 -13 13 -15 16 -17 17 18 -20 22 21 -23 -24 24 25 28 -28 -29 -30 -31
leaf_value=2.4275549139248861e-05 -0.00071460301060608639 0.0028132200613617897 7.8415134921669961e-05 -0.0003977406472273049 0.0031164019834250215 -0.00073888615797055354 0.0043666487732636075 -0.0013850858900696041 -0.00036295436300514712 -0.0028280315650326595 0.0025722679905593395 -0.00096545653947282075 0.0045565048031307558 -0.000884929408683725 -0.0027013851716765204 0.0039129260348508485 0.0035762902794648772 -0.0023635249230816655 0.001996660566267868 -0.0036147935576736931 0.00060454871505498896 0.00624964666065006 0.0013346402499920284 0.0027339850064544455 -0.0031131368037313222 -0.0010696699994863297 -0.001918376309454049 0.0020945661383765667 -0.00093941510820030416 0.0032884033130747936
leaf_weight=3074 117 20 20 61 20 162 35 28 21 31 25 102 37 23 80 37 23 24 24 25 20 21 39 21 25 49 38 33 237 28
leaf_count=3074 117 20 20 61 20 162 35 28 21 31 25 102 37 23 80 37 23 24 24 25 20 21 39 21 25 49 38 33 237 28
internal_value=1.0648e-12 1.90756e-05 0.00079255 0.000392417 0.00159741 -2.88362e-06 2.61975e-05 0.001267 0.00259305 2.44345e-07 2.2246e-05 6.14737e-06 3.18352e-05 0.00247062 -6.69225e-06 3.2148e-05 -0.000944774 0.00103451 -0.000183432 -7.6273e-06 6.7225e-05 0.00349594 -0.000570079 -0.000763025 -0.000564985 -0.000769346 2.25264e-05 4.62645e-05 -0.000582739 0.000515084
internal_weight=4500 4383 121 101 40 4262 4100 84 56 4016 3985 3960 3858 60 3798 3647 151 71 48 3610 3186 41 424 385 360 339 3145 3107 314 77
internal_count=4500 4383 121 101 40 4262 4100 84 56 4016 3985 3960 3858 60 3798 3647 151 71 48 3610 3186 41 424 385 360 339 3145 3107 314 77
is_linear=0
shrinkage=0.1


Tree=55
num_leaves=31
num_cat=0
split_feature=8 10 1 1 1 9 1 10 3 10 5 7 4 9 5 10 7 8 4 4 4 3 4 5 8 8 5 5 4 10
split_gain=0.0058438 0.0208922 0.0125875 0.0102241 0.00965425 0.0521862 0.0161067 0.01671 0.0445887 0.0330407 0.0287656 0.0154567 0.0411449 0.0232254 0.0232343 0.030988 0.0142214 0.0164459 0.0110146 0.0384563 0.0250644 0.0214477 0.0187345 0.0177038 0.0444568 0.0290592 0.0225391 0.0510148 0.0310661 0.0740013
threshold=7364.5000000000009 13043.500000000002 46.500000000000007 51.500000000000007 54.500000000000007 66010.250000000015 60.500000000000007 52915.250000000007 40076.000000000007 28429.875000000004 63714.500000000007 779163.71875000012 43333.000000000007 16587.000000000004 23560.500000000004 24989.500000000004 124429928.00000001 66986.750000000015 21230.000000000004 22503.000000000004 19946.500000000004 27513.000000000004 24188.000000000004 32701.500000000004 30631.625000000004 29277.625000000004 40490.500000000007 41709.500000000007 30449.000000000004 38182.250000000007
decision_type=2 2 2 2 2 2 2 2 2 2 2 2 2 2 2 2 2 2 2 2 2 2 2 2 2 2 2 2 2 2
left_child=-1 -2 -3 -4 5 -5 7 8 9 -6 -9 12 -8 -13 -15 -16 17 -12 20 -20 -17 -21 -23 -24 25 -25 28 -28 -26 -30
right_child=1 2 3 4 6 -7 11 10 -10 -11 16 13 -14 14 15 18 -18 -19 19 21 -22 22 23 24 26 -27 27 -29 29 -31
leaf_value=-0.0012689730773369472 0.002376612959857527 0.0022743877023458483 -0.0017755557059761927 0.003648685074509367 -0.0027966717623972466 -0.0018801027007641332 -0.0044232343825010151 0.0031719007698649709 -0.0049586321152145828 0.0019071028946200386 0.0014749786497141497 0.002966404182047376 0.0016097926441580057 -0.0028999515326210749 0.0035530545730143785 -0.00020158011754794079 -0.0026887166842212099 -0.0009919491078604055 0.0038142898930581637 0.0032926325779408221 -0.003584452004051181 -0.0020909361210041904 -0.0029340011230669918 0.00017670630809984037 -0.0044253911697995606 0.00442234270066317 0.0045400999151170253 6.6482992192525617e-06 0.0034541585769217748 -0.0043327893758111679
leaf_weight=36 37 24 33 38 28 31 26 22 31 32 39 27 20 27 25 116 29 88 27 20 27 42 20 28 27 38 25 3488 26 23
leaf_count=36 37 24 33 38 28 31 26 22 31 32 39 27 20 27 25 116 29 88 27 20 27 42 20 28 27 38 25 3488 26 23
internal_value=-2.70945e-12 1.02337e-05 -9.54408e-06 -2.19934e-05 -8.7514e-06 0.00116474 -2.75774e-05 -0.000776786 -0.00187909 -0.000287992 -0.000213249 2.2407e-05 -0.00180018 4.34403e-05 2.3506e-05 4.35806e-05 -0.000690642 -0.000234389 2.11243e-05 5.38513e-05 -0.000840304 2.66819e-05 9.10886e-06 3.31094e-05 4.93453e-05 0.00262116 2.05076e-06 3.89103e-05 -0.00170173 -0.000200939
internal_weight=4500 4464 4427 4403 4370 69 4301 269 91 60 178 4032 46 3986 3959 3932 156 127 3907 3764 143 3737 3717 3675 3655 66 3589 3513 76 49
internal_count=4500 4464 4427 4403 4370 69 4301 269 91 60 178 4032 46 3986 3959 3932 156 127 3907 3764 143 3737 3717 3675 3655 66 3589 3513 76 49
is_linear=0
shrinkage=0.1


Tree=56
num_leaves=31
num_cat=0
split_feature=1 9 9 10 1 3 3 5 8 1 6 8 9 4 7 4 9 1 9 5 5 5 6 8 5 5 4 5 6 4
split_gain=0.0055184 0.00541709 0.0128674 0.0137776 0.0123713 0.0148417 0.0117502 0.0258401 0.0377846 0.0370824 0.0174487 0.0118276 0.0180837 0.0447495 0.0155346 0.0169428 0.0142888 0.0145957 0.0107085 0.0221126 0.0404293 0.0230403 0.0541082 0.0473488 0.0244287 0.0344238 0.0219857 0.0208654 0.0202793 0.0244039
threshold=78.500000000000014 106504.50000000001 101113.25000000001 117251.25000000001 74.500000000000014 109742.00000000001 95273.000000000015 94926.000000000015 85054.000000000015 70.500000000000014 78387.582031250015 74896.875000000015 80607.000000000015 61387.500000000007 109744816.00000001 78380.000000000015 90836.250000000015 71.500000000000014 76084.750000000015 87097.000000000015 86530.500000000015 83022.000000000015 73336.582031250015 60939.750000000007 80834.000000000015 80275.500000000015 65980.500000000015 82062.500000000015 76686.585937500015 69353.500000000015
decision_type=2 2 2 2 2 2 2 2 2 2 2 2 2 2 2 2 2 2 2 2 2 2 2 2 2 2 2 2 2 2
left_child=1 2 3 6 5 -4 7 18 9 -9 -8 12 -12 -14 15 -13 -16 -18 19 20 21 24 23 -23 25 -1 -21 -26 -20 -30
right_child=-2 -3 4 -5 -6 -7 10 8 -10 -11 11 14 13 -15 16 -17 17 -19 28 26 -22 22 -24 -25 27 -27 -28 -29 29 -31
leaf_value=3.9865317714863003e-05 -0.0016573880845680835 -0.00049996211558964979 0.00045153992396080868 0.0022582020334623479 -0.00079221272290768959 0.0035216696350084198 -0.0030293207687254135 0.0064472845309258746 -0.00050758090311367259 0.00061699786689132455 -0.0013057365215250426 0.001946017507995878 -0.0010474241370012842 0.004878043627599255 -0.0025800916076195047 -0.00052872230047465896 0.00093813890857355952 -0.0020677594933658839 -0.0019207544022049805 0.0024641691523433571 -0.0043420905191894803 0.00098346775242437933 -0.0018477982729673385 0.0075715709350879486 -0.0028182030900974165 0.0041034261174943479 -0.0010368716126928728 0.00030514051272932972 0.0010532173392034641 -0.00060202545014555772
leaf_weight=2863 20 201 32 27 22 31 26 24 38 20 28 35 26 25 61 132 35 30 76 71 21 24 25 20 55 21 24 35 122 330
leaf_count=2863 20 201 32 27 22 31 26 24 38 20 28 35 26 25 61 132 35 30 76 71 21 24 25 20 55 21 24 35 122 330
internal_value=-8.52176e-13 7.39905e-06 3.12316e-05 6.54454e-06 0.00124932 0.00196224 -8.04504e-06 4.65231e-05 0.00180228 0.00379715 -0.000524797 -0.000349749 0.00073617 0.00185722 -0.00064254 -1.00643e-05 -0.00148082 -0.000449199 7.47458e-06 7.71485e-05 3.05616e-05 6.07377e-05 0.00186724 0.00397806 1.88248e-05 6.94544e-05 0.0015797 -0.00160357 -0.000409381 -0.000155256
internal_weight=4500 4480 4279 4194 85 63 4167 3769 82 44 398 372 79 51 293 167 126 65 3687 3159 3064 3043 69 44 2974 2884 95 90 528 452
internal_count=4500 4480 4279 4194 85 63 4167 3769 82 44 398 372 79 51 293 167 126 65 3687 3159 3064 3043 69 44 2974 2884 95 90 528 452
is_linear=0
shrinkage=0.1


Tree=57
num_leaves=31
num_cat=0
split_feature=7 1 6 4 9 10 6 10 8 4 3 3 3 10 5 5 6 5 3 9 9 8 6 10 1 6 8 9 4 4
split_gain=0.00519517 0.0270544 0.0180242 0.0141641 0.0119707 0.012527 0.0281997 0.0265936 0.0145444 0.0167366 0.0194633 0.0266509 0.012701 0.0313766 0.0172677 0.0312374 0.0142125 0.0279501 0.0144325 0.00981437 0.0446239 0.0380578 0.0338869 0.0578915 0.0304841 0.0294879 0.0196266 0.0437573 0.0306344 0.0337944
threshold=443636.73437500006 68.500000000000014 8416.1665039062518 7466.5000000000009 13115.750000000002 20449.125000000004 21193.916992187504 24989.500000000004 18810.250000000004 15697.500000000002 25850.500000000004 27513.000000000004 32826.500000000007 34725.750000000007 37409.000000000007 38783.000000000007 28968.333007812504 34965.000000000007 29063.500000000004 36392.500000000007 37623.750000000007 28782.250000000004 39263.666015625007 40742.875000000007 71.500000000000014 37275.416015625007 39854.625000000007 42527.750000000007 37435.500000000007 33745.000000000007
decision_type=2 2 2 2 2 2 2 2 2 2 2 2 2 2 2 2 2 2 2 2 2 2 2 2 2 2 2 2 2 2
left_child=1 -1 -2 -4 -5 -6 -7 -8 -9 -10 -11 -12 16 -14 -15 -16 18 -18 -13 21 25 -17 23 -22 -23 -21 28 -28 29 -24
right_child=2 -3 3 4 5 6 7 8 9 10 11 12 13 14 15 19 17 -19 -20 20 22 24 26 -25 -26 -27 27 -29 -30 -31
leaf_value=0.0027605113883813221 -0.0025877099242751249 -0.0018309360724829494 0.0020076009444892407 -0.0020731508706895905 0.0016248958670791796 -0.0029740873942500912 0.0032575297607108952 -0.0025780987483978446 0.0020617877166025727 -0.0028589919054259859 0.0031285206959755334 -0.0018612975254654884 0.0029852048487269455 -0.0022659867193878572 0.0033255378532755587 -0.0019024245340135946 -0.0043408812368930924 0.00044948046783074033 0.0015613707697152027 -0.006078661736100912 -0.00077448200297959406 0.005389173497425636 -0.0002387640035856154 0.0055441555406512888 0.00051416643204745547 -0.00071342347101086662 0.0036267673900125157 -3.1575486732135054e-05 0.0026723030279390513 -0.0030591072489429888
leaf_weight=33 27 21 35 28 47 32 25 22 39 24 27 22 35 34 28 28 29 21 28 20 29 23 98 29 29 21 33 3538 20 75
leaf_count=33 27 21 35 28 47 32 25 22 39 24 27 22 35 34 28 28 29 21 28 20 29 23 98 29 29 21 33 3538 20 75
internal_value=-8.56603e-13 0.000974948 -1.18415e-05 3.89702e-06 -1.20997e-05 1.14856e-06 -1.65623e-05 5.56554e-06 -1.35547e-05 -2.16606e-07 -1.94049e-05 -3.05019e-06 -2.34735e-05 4.08327e-06 -2.1969e-05 -2.75553e-06 -0.00113677 -0.00232893 5.53967e-05 -2.63904e-05 -4.90943e-05 0.00106992 -1.38922e-05 0.00238484 0.00267042 -0.00333061 -5.08546e-05 2.23166e-06 -0.00103309 -0.00146146
internal_weight=4500 54 4446 4419 4384 4356 4309 4277 4252 4230 4191 4167 4140 4040 4005 3971 100 50 50 3943 3863 80 3822 58 52 41 3764 3571 193 173
internal_count=4500 54 4446 4419 4384 4356 4309 4277 4252 4230 4191 4167 4140 4040 4005 3971 100 50 50 3943 3863 80 3822 58 52 41 3764 3571 193 173
is_linear=0
shrinkage=0.1


Tree=58
num_leaves=31
num_cat=0
split_feature=9 4 4 3 8 5 6 6 8 4 7 5 5 10 3 6 5 5 3 5 10 6 3 8 10 3 8 10 9 5
split_gain=0.00475615 0.0328471 0.0329809 0.024613 0.0196377 0.0548096 0.0494272 0.0308843 0.0183659 0.0244127 0.0177337 0.0167102 0.0159705 0.0188289 0.0245325 0.0337023 0.0214684 0.028641 0.0163863 0.0267234 0.011299 0.0159825 0.0592252 0.0483442 0.0343714 0.0304748 0.0630363 0.0225054 0.025458 0.0189064
threshold=22126.250000000004 14545.500000000002 10944.500000000002 16333.500000000002 22686.875000000004 31157.500000000004 22736.083984375004 26729.250000000004 7364.5000000000009 7466.5000000000009 4926272.7500000009 31157.500000000004 33935.500000000007 33765.000000000007 34965.000000000007 34284.250000000007 37409.000000000007 38783.000000000007 39042.000000000007 42730.500000000007 39200.000000000007 38725.833984375007 40909.500000000007 35370.750000000007 42608.500000000007 43893.000000000007 42218.625000000007 46058.250000000007 42074.500000000007 48357.000000000007
decision_type=2 2 2 2 2 2 2 2 2 2 2 2 2 2 2 2 2 2 2 2 2 2 2 2 2 2 2 2 2 2
left_child=1 2 8 -4 5 6 -2 10 -1 -10 -6 -9 -13 -14 15 -15 -16 -18 19 -19 -20 23 -23 -22 -24 26 -26 28 -27 -29
right_child=4 -3 3 -5 7 -7 -8 11 9 -11 -12 12 13 14 16 -17 17 18 20 -21 21 22 24 -25 25 27 -28 29 -30 -31
leaf_value=-0.0010316701528305808 7.1998773187044132e-05 0.0030798587876443681 -0.00015351471419517812 -0.0045944514558262503 0.00074830906973643739 0.0012957205317434273 -0.0062535466207191345 -0.0024099092673638776 0.0046059693512558756 0.00056618706260521258 0.0048626333475112922 0.0020959869256734639 -0.0026515376978312379 0.0046981771888497939 -0.0026510876272955249 -0.00044413147121667869 0.0034348275667677322 -0.0041989292833022772 0.0023621853999793532 0.00075046363053843379 -7.4302094416895845e-05 0.0043652699689470959 -0.0037958691595122219 -0.0052913126884959645 0.0048826919642225332 0.00010501248601438671 -0.0017335922248700325 0.0021575121907517316 -0.0040851242639574001 -2.8629166334401476e-05
leaf_weight=36 21 39 26 24 22 40 30 29 21 52 20 36 27 26 31 25 24 24 20 20 78 31 24 23 36 29 24 40 29 3593
leaf_count=36 21 39 26 24 22 40 30 29 21 52 20 36 27 26 31 25 24 24 20 20 78 31 24 23 36 29 24 40 29 3593
internal_value=-3.26901e-12 0.000479208 -0.000158687 -0.00228516 -2.20556e-05 -0.00147545 -0.00364891 9.35226e-06 0.000816761 0.00172832 0.00270751 -1.783e-05 -1.07385e-06 -1.94691e-05 -2.0382e-06 0.00217744 -2.96471e-05 -9.30547e-06 -3.01212e-05 -0.00194921 -8.61884e-06 -2.0755e-05 1.21928e-05 -0.00126233 -2.35543e-05 5.82071e-07 0.00223618 -3.57592e-05 -0.00199006 -4.55935e-06
internal_weight=4500 198 159 50 4302 91 51 4211 109 73 42 4169 4140 4104 4077 51 4026 3995 3971 44 3927 3907 3806 101 3775 3751 60 3691 58 3633
internal_count=4500 198 159 50 4302 91 51 4211 109 73 42 4169 4140 4104 4077 51 4026 3995 3971 44 3927 3907 3806 101 3775 3751 60 3691 58 3633
is_linear=0
shrinkage=0.1


Tree=59
num_leaves=31
num_cat=0
split_feature=7 7 1 7 3 7 3 6 1 1 4 9 7 7 7 7 7 7 1 8 8 6 4 3 4 3 3 1 8 4
split_gain=0.00467499 0.0425856 0.0317307 0.0228712 0.0393525 0.0207488 0.011888 0.0361946 0.00953928 0.00953584 0.0170397 0.0151444 0.0273441 0.0395204 0.030878 0.0264282 0.0242928 0.0241198 0.0355982 0.0127221 0.0112848 0.0106492 0.0180741 0.0105827 0.0287018 0.0160512 0.00969135 0.00866905 0.0632296 0.062561
threshold=1340704.5625000002 1715620.3750000002 68.500000000000014 913616.12500000012 40909.500000000007 649555.71875000012 31586.500000000004 11799.166503906252 46.500000000000007 61.500000000000007 77985.500000000015 72920.750000000015 40893082.000000007 33276452.000000004 14500571.000000002 19345472.000000004 26975478.000000004 10207399.000000002 58.500000000000007 72724.250000000015 87256.500000000015 49257.500000000007 47042.500000000007 24477.500000000004 14545.500000000002 16333.500000000002 41755.500000000007 66.500000000000014 24856.750000000004 27305.500000000004
decision_type=2 2 2 2 2 2 2 2 2 2 2 2 2 2 2 2 2 2 2 2 2 2 2 2 2 2 2 2 2 2
left_child=3 2 -2 5 -5 6 7 -1 -3 10 11 12 13 14 17 -16 -17 18 26 -13 -12 -14 -23 24 25 -11 -10 28 -25 -30
right_child=1 8 -4 4 -6 -7 -8 -9 9 23 20 19 21 -15 15 16 -18 -19 -20 -21 -22 22 -24 27 -26 -27 -28 -29 29 -31
leaf_value=0.0022605304800284404 -0.00095123533871682264 0.0021415676433770431 -0.0059709898754954343 0.0047142532172388049 -0.00069969402113929393 -0.0022729390119719836 0.0022781344729342632 -0.0034995393455028536 0.0024074500497511548 0.0010292378600334398 0.0026760846637189392 -0.0037616644529267574 0.0025528707016774484 -0.0052245798287913203 0.0041872066096402703 -0.0020547300543902174 0.0024446057554866588 -0.0043754009956804415 -0.0032162385539979571 -0.0010524865546568227 5.5981178600935288e-05 -0.0019810098467306012 0.0019306211042459363 -0.0044397863702705272 0.0033719676293964898 -0.0023816523300907153 -0.0003412724625126555 -3.6906349218449828e-05 0.0049710984792440171 0.00034950518687501227
leaf_weight=24 34 21 20 29 25 36 28 20 23 37 25 26 33 20 20 28 21 24 36 52 48 21 27 26 35 22 29 3148 31 531
leaf_count=24 34 21 20 29 25 36 28 20 23 37 25 26 33 20 20 28 21 24 36 52 48 21 27 26 35 22 29 3148 31 531
internal_value=-8.94862e-13 -1.96968e-05 -0.0028104 0.000527438 0.0022078 -0.000312742 0.000667357 -0.000357683 1.54801e-05 5.0068e-06 -0.000439806 -0.000722292 -0.00038118 -0.00100628 -0.000540173 0.00112389 -0.000126443 -0.00156536 -0.000798979 -0.00195555 0.000953277 0.00117 0.000219283 5.5295e-05 0.00110324 -0.000242619 0.000874509 2.89282e-05 0.000381389 0.000604433
internal_weight=4500 4338 54 162 54 108 72 44 4284 4263 433 360 282 201 181 69 49 112 88 78 73 81 48 3830 94 59 52 3736 588 562
internal_count=4500 4338 54 162 54 108 72 44 4284 4263 433 360 282 201 181 69 49 112 88 78 73 81 48 3830 94 59 52 3736 588 562
is_linear=0
shrinkage=0.1


Tree=60
num_leaves=31
num_cat=0
split_feature=3 9 7 7 3 10 10 6 10 5 9 6 6 9 9 9 3 9 10 3 3 3 6 7 7 8 9 1 8 8
split_gain=0.00460402 0.0242282 0.0422119 0.0351926 0.0265036 0.0213875 0.0192841 0.0295307 0.0447292 0.0419385 0.0229869 0.0298494 0.026798 0.0213319 0.0192971 0.0252575 0.0181789 0.0174972 0.0392593 0.0200867 0.024988 0.0197209 0.0151091 0.0118428 0.0135015 0.0146202 0.0118249 0.0112207 0.0200672 0.0245577
threshold=78603.500000000015 72315.750000000015 5275317.7500000009 25388779.000000004 74018.500000000015 77362.875000000015 76506.250000000015 69008.250000000015 82302.375000000015 79590.000000000015 69340.750000000015 74069.667968750015 73336.582031250015 66936.000000000015 73466.500000000015 76716.000000000015 80950.000000000015 70092.000000000015 75156.000000000015 75899.000000000015 76953.000000000015 75079.000000000015 72473.582031250015 8698608.0000000019 12629598.000000002 71689.125000000015 76084.750000000015 73.500000000000014 74233.375000000015 65716.000000000015
decision_type=2 2 2 2 2 2 2 2 2 2 2 2 2 2 2 2 2 2 2 2 2 2 2 2 2 2 2 2 2 2
left_child=1 17 -3 23 -5 -6 -2 8 16 -9 13 12 22 -11 -13 26 -8 18 19 21 -21 -1 -12 -4 -25 -26 -16 28 29 -17
right_child=6 2 3 4 5 -7 7 9 -10 10 11 14 -14 -15 15 27 -18 -19 -20 20 -22 -23 -24 24 25 -27 -28 -29 -30 -31
leaf_value=1.7558039118456813e-05 -0.002839373823595592 0.0052593568996102975 -0.002457691041322855 0.0048054765281939091 -0.0014874872370538388 0.0025140167453654989 0.0058210408594459298 -0.0046262519212350956 -0.0021093570813536643 -0.00012543519170811544 -0.0021712397502380468 0.0022706636515281656 -0.0049928602635521784 0.003887705018536912 -0.0011600501133037396 -0.0017620403598994018 0.0019540535173408926 -0.0012709428281301545 0.00383904242405185 -0.0038917774719924763 0.0005219424664771751 0.0027858019002731174 0.00086081543661378063 0.002102980534122749 0.0013094287004787476 -0.002097936595023117 -0.0039620105503126984 -0.00045696025802968699 -1.531061538493043e-05 0.0020968904588718287
leaf_weight=2522 26 22 26 26 22 34 20 21 20 26 42 34 22 27 61 20 31 105 27 29 23 26 27 22 20 34 20 401 670 94
leaf_count=2522 26 22 26 26 22 34 20 21 20 26 42 34 22 27 61 20 31 105 27 29 23 26 27 22 20 34 20 401 670 94
internal_value=2.65254e-12 7.37525e-05 0.00111954 0.000624557 0.002167 0.000941997 -0.000138723 -9.30086e-05 0.00189872 -0.000189536 -0.000125013 -0.000202894 -0.00195377 0.00191899 -8.03331e-05 -0.000143472 0.00347052 -5.10231e-06 4.54928e-05 6.09821e-06 -0.00193956 4.58054e-05 -0.000984783 -0.000615448 1.47934e-05 -0.000835949 -0.00185189 -2.66939e-05 0.000193379 0.00141989
internal_weight=4500 2938 206 184 82 56 1562 1536 71 1465 1444 1391 91 53 1300 1266 51 2732 2627 2600 52 2548 69 102 76 54 81 1185 784 114
internal_count=4500 2938 206 184 82 56 1562 1536 71 1465 1444 1391 91 53 1300 1266 51 2732 2627 2600 52 2548 69 102 76 54 81 1185 784 114
is_linear=0
shrinkage=0.1


Tree=61
num_leaves=31
num_cat=0
split_feature=7 7 7 8 7 9 7 3 3 4 3 7 1 1 4 1 4 1 7 7 5 3 7 7 5 8 4 3 1 8
split_gain=0.00458476 0.0305197 0.0353606 0.0380199 0.0273897 0.0248713 0.0241185 0.0497031 0.0415546 0.0243514 0.0236084 0.0180133 0.0178903 0.0277518 0.0194 0.0176398 0.0139001 0.0111692 0.0253207 0.0318565 0.0257567 0.0229919 0.0229796 0.0241506 0.0102352 0.00948758 0.0359063 0.0180766 0.0451389 0.0379421
threshold=4325935.2500000009 5412682.7500000009 5122361.5000000009 48053.625000000007 6398082.2500000009 18174.750000000004 3272892.2500000005 31586.500000000004 47528.500000000007 61606.500000000007 39042.000000000007 3043348.5000000005 51.500000000000007 56.500000000000007 62143.000000000007 69.500000000000014 59768.000000000007 74.500000000000014 1340704.5625000002 1715620.3750000002 35903.500000000007 23260.000000000004 913616.12500000012 443636.73437500006 52074.500000000007 18810.250000000004 11909.500000000002 31586.500000000004 72.500000000000014 22686.875000000004
decision_type=2 2 2 2 2 2 2 2 2 2 2 2 2 2 2 2 2 2 2 2 2 2 2 2 2 2 2 2 2 2
left_child=6 2 3 -2 10 -6 11 -8 -9 -10 -3 12 -1 -14 17 -5 24 18 22 -20 21 -21 23 -15 -12 26 -7 28 29 -27
right_child=1 4 -4 15 5 25 7 8 9 -11 16 -13 13 14 -16 -17 -18 -19 19 20 -22 -23 -24 -25 -26 27 -28 -29 -30 -31
leaf_value=-0.0028346474950566242 -0.0019519748933915352 -0.0040244058320491483 0.0042162264778097674 0.004390849317000671 0.0028518508931982423 0.0010688223488007984 -0.0053245499747356885 0.0032265231458713179 -0.0036435719826840799 0.00047658768912347464 -0.0011291457409970463 0.0022098418612990322 0.0036607443378306927 0.0019201166555285456 -0.0017354041052385584 0.00068837053052360009 -0.0021380569688012152 0.001929012979521896 -0.0032808002379791043 -0.00041368484131193585 -0.0016924407285375473 0.0043238787027075889 0.0030318834317418246 -0.0020924117043614392 0.0019640289986020197 -0.0028535781562957843 -0.004373573093272915 -7.6334554393966669e-06 0.0047534852445876045 0.00240031646764172
leaf_weight=23 37 29 36 22 31 27 27 23 32 26 20 36 20 30 64 31 36 33 41 21 39 20 39 30 23 27 22 3599 28 28
leaf_count=23 37 29 36 22 31 27 27 23 32 26 20 36 20 30 64 31 36 33 41 21 39 20 39 30 23 27 22 3599 28 28
internal_value=2.98274e-12 3.58471e-05 0.00156745 0.000507946 -1.40191e-05 3.10564e-05 -0.000284217 -0.00160885 -0.000370284 -0.0017966 -0.00158415 7.70471e-05 -0.000136232 4.79325e-05 -0.000180005 0.00222525 -0.000688358 0.000213455 -4.38782e-05 -0.00101428 0.000147313 0.00189732 0.00114217 -8.61475e-05 0.000525343 7.61904e-06 -0.0013747 2.60149e-05 0.00148506 -0.000178868
internal_weight=4500 3996 126 90 3870 3762 504 108 81 58 108 396 360 337 317 53 79 253 220 121 80 41 99 60 43 3731 49 3682 83 55
internal_count=4500 3996 126 90 3870 3762 504 108 81 58 108 396 360 337 317 53 79 253 220 121 80 41 99 60 43 3731 49 3682 83 55
is_linear=0
shrinkage=0.1


Tree=62
num_leaves=31
num_cat=0
split_feature=9 4 4 3 9 7 5 3 3 10 4 7 4 8 8 8 10 7 10 6 6 7 8 4 3 10 4 10 1 7
split_gain=0.00445657 0.0278827 0.0213986 0.0184348 0.0161337 0.0207388 0.0157667 0.0134798 0.0106394 0.0186626 0.0180471 0.0151703 0.0129642 0.029621 0.0135079 0.0133971 0.0186257 0.0392178 0.0327378 0.0832707 0.0236056 0.0333254 0.0175844 0.0163755 0.0164718 0.0348305 0.0402117 0.0360184 0.0320541 0.0287206
threshold=22126.250000000004 14545.500000000002 10944.500000000002 16333.500000000002 13115.750000000002 2589336.2500000005 27046.500000000004 26676.000000000004 32826.500000000007 34725.750000000007 12716.500000000002 14026285.000000002 19946.500000000004 29277.625000000004 30086.875000000004 32415.500000000004 39200.000000000007 4595946.2500000009 40742.875000000007 39263.666015625007 40345.666015625007 13177941.500000002 31265.125000000004 26026.500000000004 40909.500000000007 46058.250000000007 37110.000000000007 48031.750000000007 66.500000000000014 3990932.6250000005
decision_type=2 2 2 2 2 2 2 2 2 2 2 2 2 2 2 2 2 2 2 2 2 2 2 2 2 2 2 2 2 2
left_child=1 2 4 -4 5 -1 -2 -8 -9 11 -11 -10 -12 -14 -15 22 17 -17 -18 -20 21 -21 -16 -22 -25 26 -26 28 -27 -28
right_child=6 -3 3 -5 -6 -7 7 8 9 10 12 -13 13 14 15 16 18 -19 19 20 23 -23 -24 24 25 27 29 -29 -30 -31
leaf_value=0.0011716877786406817 -0.0020492729790643547 0.0028599491910053752 8.1068836152553565e-06 -0.0038352626851216581 0.0027820815487454337 -0.0021300042051977169 0.0018717424576415829 -0.00092524439373630146 0.0041045774545636965 -0.0026396668050438169 0.0018178188436043759 0.00020967324962839484 -0.0027218878657731694 0.0025425592614781289 9.4965064898133277e-05 -0.0006743906376262506 -0.002927603952488617 0.0045789607869530166 0.0048087961462442768 -0.0053410125686787074 0.0026636671608961798 0.00018604055900747578 -0.0038302431282188211 0.0024032954608888498 -0.004692569694153088 0.0055442800956024309 -0.0032766320463269954 -2.7490182761131796e-05 0.00084492930798157255 0.0015258181677905449
leaf_weight=52 38 39 26 24 27 30 38 126 20 26 39 20 40 21 25 30 38 27 36 20 23 24 21 28 34 21 20 3507 47 33
leaf_count=52 38 39 26 24 27 30 38 126 20 26 39 20 40 21 25 30 38 27 36 20 23 24 21 28 34 21 20 3507 47 33
internal_value=-1.57015e-12 0.00046387 -0.000123847 -0.00183671 0.00066187 -3.62483e-05 -2.13497e-05 -3.2772e-06 -2.01373e-05 7.6782e-06 -1.34986e-05 0.00215713 3.4276e-06 -1.42849e-05 1.30992e-05 -4.0321e-07 1.96694e-05 0.00181404 -7.02831e-06 2.22313e-05 -2.36341e-05 -0.00232626 -0.00169698 3.6526e-06 -1.29274e-05 -3.14021e-05 -0.00200837 1.67087e-05 0.0022962 -0.000286427
internal_weight=4500 198 159 50 109 82 4302 4264 4226 4100 4060 40 4034 3995 3955 3934 3888 57 3831 3793 3757 44 46 3713 3690 3662 87 3575 68 53
internal_count=4500 198 159 50 109 82 4302 4264 4226 4100 4060 40 4034 3995 3955 3934 3888 57 3831 3793 3757 44 46 3713 3690 3662 87 3575 68 53
is_linear=0
shrinkage=0.1


Tree=63
num_leaves=31
num_cat=0
split_feature=7 7 3 6 6 1 1 8 5 7 7 3 8 6 8 7 1 7 7 8 7 3 7 7 7 1 7 1 8 3
split_gain=0.00448018 0.0309795 0.0236494 0.0212428 0.0506426 0.0187977 0.0199212 0.0161866 0.0157443 0.011781 0.00889998 0.0273068 0.0278105 0.0213583 0.0145071 0.0102334 0.0285337 0.0178445 0.015117 0.0470854 0.0458563 0.0403004 0.0188702 0.0142396 0.0278864 0.0163414 0.0159033 0.0402645 0.0352528 0.0890459
threshold=273583328.00000006 334210032.00000006 110269.00000000001 91880.082031250015 98479.335937500015 66.500000000000014 74.500000000000014 57163.375000000007 132818.00000000003 312453600.00000006 201949632.00000003 79423.500000000015 65845.125000000015 87672.914062500015 85054.000000000015 167798272.00000003 71.500000000000014 191321320.00000003 156487704.00000003 64778.625000000007 151275592.00000003 74666.500000000015 142233512.00000003 136571672.00000003 126611896.00000001 68.500000000000014 101270224.00000001 74.500000000000014 61888.125000000007 65652.000000000015
decision_type=2 2 2 2 2 2 2 2 2 2 2 2 2 2 2 2 2 2 2 2 2 2 2 2 2 2 2 2 2 2
left_child=10 2 9 5 -5 -3 7 -7 -6 -2 15 -12 -13 -14 -15 18 -17 -18 20 21 22 -20 23 24 26 -26 -1 28 29 -28
right_child=1 3 -4 4 8 6 -8 -9 -10 -11 11 12 13 14 -16 16 17 -19 19 -21 -22 -23 -24 -25 25 -27 27 -29 -30 -31
leaf_value=-3.7034903725605965e-05 0.0044802063297538558 0.0012447018591363146 -0.00017033147159963848 0.0048565444536507133 -0.0027169957999949872 -0.0049842086038552232 -0.00010330237335327901 -0.0012986770788715645 0.00061475230582259803 0.0014320060978033804 0.0015499841045024561 -0.0037128709820815581 0.0021983763229482894 -0.0035527159504237628 -0.00019053694030100648 0.0027045291994570522 0.00073360089833537749 -0.0026904170725332655 -0.00053027703368570657 0.0016423268002524441 0.0036575650358024766 -0.0068785341642796996 -0.0019418642262690794 0.0020318586831254994 -0.0040008493394662554 -0.00081086735174592064 -0.00059260845882818107 -0.00127975757875037 0.00041519631401716194 0.0070226427677827072
leaf_weight=3497 32 23 32 23 23 26 33 22 37 21 38 39 22 21 33 51 45 23 20 28 34 20 51 34 26 42 28 61 81 34
leaf_count=3497 32 23 32 23 23 26 33 22 37 21 38 39 22 21 33 51 45 23 20 28 34 20 51 34 26 42 28 61 81 34
internal_value=1.42138e-12 0.000393391 0.00197633 -0.000326127 0.000866933 -0.00127828 -0.00199468 -0.00329501 -0.000662418 0.00327243 -2.5308e-05 -0.000774072 -0.00154202 -0.000428033 -0.00149805 2.80506e-06 0.000916499 -0.000424523 -2.46797e-05 -0.00150281 1.17239e-06 -0.00370441 -3.10843e-05 -5.45987e-06 -2.38384e-05 -0.00203057 1.3032e-05 0.000871287 0.00178887 0.0035835
internal_weight=4500 272 85 187 83 104 81 48 60 53 4228 153 115 76 54 4075 119 68 3956 68 3888 40 3854 3803 3769 68 3701 204 143 62
internal_count=4500 272 85 187 83 104 81 48 60 53 4228 153 115 76 54 4075 119 68 3956 68 3888 40 3854 3803 3769 68 3701 204 143 62
is_linear=0
shrinkage=0.1


Tree=64
num_leaves=31
num_cat=0
split_feature=6 3 7 7 1 8 1 7 9 3 3 6 4 10 6 8 5 8 9 3 4 9 4 3 8 9 6 4 10 4
split_gain=0.00417914 0.0135757 0.00486259 0.0299484 0.0164566 0.0158533 0.01978 0.0102225 0.00941755 0.00518915 0.0211807 0.030097 0.0565097 0.0207355 0.0297661 0.036258 0.0330571 0.0137791 0.017989 0.0139917 0.0437682 0.055684 0.0264166 0.017467 0.0126184 0.0261859 0.0122204 0.08367 0.0250577 0.051547
threshold=119614.25000000001 135023.00000000003 334210032.00000006 283986496.00000006 66.500000000000014 55858.625000000007 70.500000000000014 312453600.00000006 90368.000000000015 78603.500000000015 77444.500000000015 74759.000000000015 58496.000000000007 76506.250000000015 69008.250000000015 57609.750000000007 79590.000000000015 73700.750000000015 76716.000000000015 75323.500000000015 50376.500000000007 68525.750000000015 62743.000000000007 74866.500000000015 60085.500000000007 68065.500000000015 71398.832031250015 67431.000000000015 72031.625000000015 64303.500000000007
decision_type=2 2 2 2 2 2 2 2 2 2 2 2 2 2 2 2 2 2 2 2 2 2 2 2 2 2 2 2 2 2
left_child=1 2 3 9 -4 -6 -7 -5 -8 10 17 12 -12 -11 15 -15 -16 19 -19 23 -21 -22 -23 26 -18 -26 28 -28 -1 -30
right_child=-2 -3 4 7 5 6 8 -9 -10 13 11 -13 -14 14 16 -17 24 18 -20 20 21 22 -24 -25 25 -27 27 -29 29 -31
leaf_value=3.7980190836978943e-05 -0.00069873442255248813 0.0025498034809494302 0.0015953619404422957 0.0034533395592006855 -0.002690394606906921 0.0023052666209299457 0.00018931753833645158 0.00086112846479879631 -0.0022711991046422296 -0.0033730925549753012 0.00012335107126273216 -0.0012918552583349604 0.0072548787668347357 -0.00061931377488442445 -0.0041564108814955468 0.0049470212645828723 -0.0025837437560160955 0.0038808987031058806 0.00025064531379403212 0.0021623749063141517 -0.0066447293131866245 0.0019912593998014927 -0.0025101582141360268 0.0025646401491637035 0.0033068976470861928 -0.00017594595805717168 0.0060384058984927838 -0.00088213343386024505 -0.0024702312081660099 0.0029015890576622703
leaf_weight=2440 84 21 29 32 40 22 28 29 35 20 25 21 20 22 21 25 21 21 39 29 22 22 32 27 22 1151 25 58 95 22
leaf_count=2440 84 21 29 32 40 22 28 29 35 20 25 21 20 22 21 25 21 21 39 29 22 22 32 27 22 1151 25 58 95 22
internal_value=2.02947e-12 1.32911e-05 1.17129e-06 2.12151e-05 -0.000550815 -0.00104873 -0.000276179 0.00222098 -0.00117764 -1.08867e-05 6.32195e-05 0.00183413 0.00329292 -0.000178406 -0.000127777 0.0023415 -0.000223297 2.19484e-05 0.00152123 -1.05037e-05 -0.00114279 -0.00240397 -0.000676247 3.40744e-05 -0.000154121 -0.000110624 8.19359e-06 0.00120237 -3.05692e-05 -0.00146015
internal_weight=4500 4416 4395 4241 154 125 85 61 63 4180 2898 66 45 1282 1262 47 1215 2832 60 2772 105 76 54 2667 1194 1173 2640 83 2557 117
internal_count=4500 4416 4395 4241 154 125 85 61 63 4180 2898 66 45 1282 1262 47 1215 2832 60 2772 105 76 54 2667 1194 1173 2640 83 2557 117
is_linear=0
shrinkage=0.1


Tree=65
num_leaves=31
num_cat=0
split_feature=9 1 10 1 1 9 1 7 7 8 4 1 7 4 4 7 4 9 5 10 4 4 4 3 4 5 9 5 3 7
split_gain=0.00420126 0.0121898 0.00927564 0.00818759 0.00597961 0.0388533 0.0106199 0.0145905 0.0246638 0.0200105 0.0454723 0.0188071 0.0149523 0.0426099 0.0203828 0.011937 0.0294885 0.0192508 0.0186067 0.0211719 0.00823764 0.0301822 0.0194986 0.0127097 0.017171 0.0125742 0.0351638 0.00926248 0.0168852 0.0348664
threshold=8499.7500000000018 46.500000000000007 13043.500000000002 51.500000000000007 54.500000000000007 66010.250000000015 60.500000000000007 124429928.00000001 25104060.000000004 67686.875000000015 41293.000000000007 59.500000000000007 2911899.1250000005 33071.500000000007 56276.000000000007 779163.71875000012 43333.000000000007 16587.000000000004 23560.500000000004 24989.500000000004 21230.000000000004 22503.000000000004 19946.500000000004 27513.000000000004 24188.000000000004 32701.500000000004 30684.000000000004 37409.000000000007 45091.500000000007 5536096.5000000009
decision_type=2 2 2 2 2 2 2 2 2 2 2 2 2 2 2 2 2 2 2 2 2 2 2 2 2 2 2 2 2 2
left_child=-1 -2 -3 -4 5 -5 7 8 11 10 -10 12 -6 -14 -15 16 -8 -17 -19 -20 22 -22 -21 -23 -25 -26 -27 -28 29 -29
right_child=1 2 3 4 6 -7 15 -9 9 -11 -12 -13 13 14 -16 17 -18 18 19 20 21 23 -24 24 25 26 27 28 -30 -31
leaf_value=-0.0010759560792292986 0.0021676299018928641 0.0016413945081534193 -0.00158590856660863 0.003061993225587924 0.0017974188720638103 -0.001708527773265697 -0.0038013753409569077 -0.0025975076534616001 -0.00055725310141077405 -0.0006479727044744894 0.0055468355224508308 -0.0032253179274608981 -0.0049286170269955297 0.0026384100317955019 -0.001089507101807447 0.0026522704059191581 0.0013060707226395607 -0.0025952342621706152 0.0029397500036284327 -0.00016126369933019684 0.0033800717408734339 0.0025386973097920422 -0.0031449908149187213 -0.0019994631772750015 -0.0024665492959320546 0.0038628581348651402 -0.0014539400669967846 0.0026336566439519329 -2.1476410951098077e-05 8.7300692501134786e-05
leaf_weight=36 26 34 33 38 22 31 26 33 26 43 23 34 22 22 44 28 20 27 25 116 27 20 27 42 20 24 42 75 3324 190
leaf_count=36 26 34 33 38 22 31 26 33 26 43 23 34 22 22 44 28 20 27 25 116 27 20 27 42 20 24 42 75 3324 190
internal_value=5.45489e-12 8.67707e-06 -3.97114e-06 -1.66738e-05 -4.82644e-06 0.000918716 -1.96392e-05 -0.000628001 -0.000352604 0.000926368 0.00230793 -0.00116973 -0.00053436 -0.00111731 0.000153132 2.09384e-05 -0.00158075 3.94179e-05 2.09385e-05 3.8903e-05 2.03412e-05 4.86436e-05 -0.000724625 2.45738e-05 1.10461e-05 3.40234e-05 4.77064e-05 2.24892e-05 3.9767e-05 0.000807967
internal_weight=4500 4464 4438 4404 4371 69 4302 269 236 92 49 144 110 88 66 4033 46 3987 3959 3932 3907 3764 143 3737 3717 3675 3655 3631 3589 265
internal_count=4500 4464 4438 4404 4371 69 4302 269 236 92 49 144 110 88 66 4033 46 3987 3959 3932 3907 3764 143 3737 3717 3675 3655 3631 3589 265
is_linear=0
shrinkage=0.1


Tree=66
num_leaves=31
num_cat=0
split_feature=7 1 7 7 1 1 7 7 1 4 7 5 7 5 9 3 1 7 10 3 7 3 4 7 4 3 9 4 3 3
split_gain=0.0042609 0.0252401 0.0165915 0.039175 0.0173602 0.0169739 0.0242652 0.0372365 0.0166415 0.0257304 0.0691597 0.0256756 0.025215 0.0138778 0.0294756 0.0263874 0.0203779 0.0326882 0.0265464 0.0658636 0.0375334 0.0149573 0.0131809 0.0493965 0.0389965 0.0478747 0.0236881 0.0140507 0.0141475 0.0120779
threshold=8155958.0000000009 76.500000000000014 5536096.5000000009 5122361.5000000009 70.500000000000014 56.500000000000007 2911899.1250000005 779163.71875000012 73.500000000000014 51643.000000000007 2911899.1250000005 72550.000000000015 4762996.2500000009 9531.5000000000018 13115.750000000002 19238.000000000004 62.500000000000007 1839884.4375000002 27718.000000000004 32053.500000000004 4168317.6250000005 40909.500000000007 30999.500000000004 6587910.0000000009 40543.000000000007 49534.500000000007 56703.500000000007 59768.000000000007 70167.000000000015 47911.500000000007
decision_type=2 2 2 2 2 2 2 2 2 2 2 2 2 2 2 2 2 2 2 2 2 2 2 2 2 2 2 2 2 2
left_child=1 2 3 5 -5 6 7 -1 12 10 -10 -11 13 -7 -15 -16 17 -17 -18 -20 21 -21 23 -4 -24 -26 -27 -28 -29 -23
right_child=-2 -3 22 4 -6 8 -8 -9 9 11 -12 -13 -14 14 15 16 18 -19 19 20 -22 29 24 -25 25 26 27 28 -30 -31
leaf_value=0.0029826983174478464 4.804460104690388e-05 -0.002684175648774283 -0.0026179403625428681 0.0047231303025037051 0.001032454839262825 0.0021602948196232318 0.0043757374025881297 -0.0029791748024581466 0.0070724999532103539 -0.0024005399480687851 -0.000519143578906854 0.0018981421293574386 -0.0036176909282803539 -0.0035984454745110793 0.0029740850984429322 0.00024252164922654629 0.002586614264146192 -0.0048712390493601569 -0.0058207292553214803 0.0014096919987951555 0.0030924521167488661 -0.0028336060634846318 -0.0041614652313809427 0.0035508224576780642 0.0039307134159441504 -0.004211135414317886 0.0017851634509861471 -0.0032649100434197034 -0.00029499082653651476 -0.0005183011901133814
leaf_weight=22 3618 39 25 25 26 21 20 20 20 33 30 24 25 28 24 25 32 25 21 31 34 29 36 27 21 22 20 23 53 101
leaf_count=22 3618 39 25 25 26 21 20 20 20 33 30 24 25 28 24 25 32 25 21 31 34 29 36 27 21 22 20 23 53 101
internal_value=-6.60495e-13 -0.000197081 -8.20196e-05 0.00018729 0.00284161 -5.23033e-05 0.00150888 0.000143711 -0.000244736 0.000861806 0.00251751 -0.000590569 -0.000543725 -0.000336585 -0.000486398 -0.000215785 -0.000472687 -0.00231436 -0.000101382 -0.000499604 7.34401e-05 -0.000564115 -0.000812834 0.000585071 -0.00122821 -0.000468519 -0.00125143 -0.000573168 -0.00119378 -0.00103479
internal_weight=4500 882 843 616 51 565 62 42 503 107 50 57 396 371 350 322 298 50 248 216 195 161 227 52 175 139 118 96 76 130
internal_count=4500 882 843 616 51 565 62 42 503 107 50 57 396 371 350 322 298 50 248 216 195 161 227 52 175 139 118 96 76 130
is_linear=0
shrinkage=0.1


Tree=67
num_leaves=31
num_cat=0
split_feature=6 10 7 5 10 5 7 10 5 4 10 4 10 3 7 8 7 4 4 7 6 8 6 10 10 8 9 4 4 8
split_gain=0.00441645 0.0108807 0.00812747 0.00894768 0.0363868 0.0218738 0.0131428 0.0171051 0.016754 0.0410747 0.021912 0.0101374 0.0118453 0.0166386 0.0121307 0.0212751 0.0183138 0.010853 0.0127966 0.0287071 0.0116267 0.0479024 0.0422897 0.0416895 0.035869 0.0243702 0.0191437 0.00960027 0.0088729 0.0315903
threshold=8416.1665039062518 13043.500000000002 329651.06250000006 23560.500000000004 24989.500000000004 27046.500000000004 779163.71875000012 27718.000000000004 31157.500000000004 23596.500000000004 31409.375000000004 13410.000000000002 33132.375000000007 33569.000000000007 1839884.4375000002 58368.625000000007 1209247.4375000002 19946.500000000004 24188.000000000004 74405044.000000015 36828.832031250007 33614.125000000007 38725.833984375007 40742.875000000007 41665.875000000007 31265.125000000004 38438.500000000007 27665.500000000004 37435.500000000007 40391.750000000007
decision_type=2 2 2 2 2 2 2 2 2 2 2 2 2 2 2 2 2 2 2 2 2 2 2 2 2 2 2 2 2 2
left_child=-1 -2 -3 -4 -5 -6 -7 -8 9 -9 -10 -12 -13 -14 15 16 -15 -16 19 -19 21 25 23 -22 -24 27 -26 -20 -28 -30
right_child=1 2 3 4 5 6 7 8 10 -11 11 12 13 14 17 -17 -18 18 20 -21 22 -23 24 -25 26 -27 28 -29 29 -31
leaf_value=-0.0011031666874057719 0.0017403793902809009 -0.0020164939761161804 -0.0010121107449316805 0.0032824237173532736 -0.003301286543719471 0.0021351527840155981 0.0023394289276292249 0.0003469899789813687 0.0025327789970427095 -0.0053642420936375855 -0.0016641115162496431 -0.0019178037844540087 0.0020180293398613974 -0.00018649006766888003 0.0017480616123874725 0.0008789443375655649 -0.0037944210597368726 -0.0039040375868073449 -0.00010026067805786927 0.00079515602511282153 -0.005769128181040287 0.0049830309270570677 0.0041590912578006586 -0.00028059277983923114 0.0027721209609881045 -0.0026244627920767438 -0.00052267496935906436 0.0027138848619704895 0.0035839220108464364 1.5760876749716174e-05
leaf_weight=36 36 20 85 34 20 29 31 34 34 20 37 32 41 24 36 33 34 26 27 26 25 24 21 31 25 26 303 22 25 3303
leaf_count=36 36 20 85 34 20 29 31 34 34 20 37 32 41 24 36 33 34 26 27 26 25 24 21 31 25 26 303 22 25 3303
internal_value=3.98844e-12 8.89651e-06 -5.18059e-06 3.94515e-06 2.39231e-05 -1.90785e-06 1.35495e-05 -9.61428e-07 -1.81988e-05 -0.00176828 4.54595e-06 -1.6313e-05 -1.38441e-06 1.37502e-05 -6.73732e-06 -0.00114814 -0.00230148 1.97596e-05 3.74029e-06 -0.00155444 2.48847e-05 0.0010945 -3.48163e-06 -0.00273083 3.80554e-05 -0.000149835 1.43842e-05 0.00116323 -4.60322e-06 4.2565e-05
internal_weight=4500 4464 4428 4408 4323 4289 4269 4240 4209 54 4155 4121 4084 4052 4011 91 58 3920 3884 52 3832 99 3733 56 3677 75 3656 49 3631 3328
internal_count=4500 4464 4428 4408 4323 4289 4269 4240 4209 54 4155 4121 4084 4052 4011 91 58 3920 3884 52 3832 99 3733 56 3677 75 3656 49 3631 3328
is_linear=0
shrinkage=0.1


Tree=68
num_leaves=31
num_cat=0
split_feature=1 6 4 9 3 10 6 9 8 10 1 6 7 1 5 5 10 3 6 5 5 3 5 10 5 3 4 8 1 1
split_gain=0.00369471 0.00362121 0.009565 0.00880631 0.0167056 0.01639 0.0243217 0.0203311 0.0170947 0.0375949 0.039869 0.0193734 0.0123252 0.0102425 0.00747916 0.0102916 0.0160304 0.0154671 0.0279946 0.015568 0.0305761 0.0121329 0.0172412 0.00932757 0.0354493 0.014693 0.020158 0.0102817 0.0429769 0.0926074
threshold=78.500000000000014 8416.1665039062518 7466.5000000000009 13115.750000000002 11942.500000000002 20449.125000000004 21193.916992187504 22126.250000000004 22686.875000000004 29978.625000000004 67.500000000000014 26729.250000000004 4926272.7500000009 65.500000000000014 31157.500000000004 33935.500000000007 33765.000000000007 34965.000000000007 34284.250000000007 37409.000000000007 38783.000000000007 39042.000000000007 42730.500000000007 42120.625000000007 42142.500000000007 40909.500000000007 30449.000000000004 41267.875000000007 65.500000000000014 69.500000000000014
decision_type=2 2 2 2 2 2 2 2 2 2 2 2 2 2 2 2 2 2 2 2 2 2 2 2 2 2 2 2 2 2
left_child=1 -1 -3 4 -4 13 -7 -8 9 10 -9 12 -10 -5 -13 -16 -17 18 -18 -19 -21 22 -22 24 25 26 -23 28 -25 -30
right_child=-2 2 3 5 -6 6 7 8 11 -11 -12 14 -14 -15 15 16 17 19 -20 20 21 23 -24 27 -26 -27 -28 -29 29 -31
leaf_value=-0.00099285012111067768 -0.0013561515323817731 0.00163754397071898 0.00046134922992099419 0.0031358711300762719 -0.0035319249756867069 -0.0027527676524186973 0.0030465694684111938 -0.0065498324885265901 0.00052933366969227797 0.0015967205032491342 -0.00078578862749661017 -0.0015962146736424546 0.0039593408000655472 0.000264151096748917 0.0016987440758384764 -0.0024280452669632659 0.0041308215260505675 -0.002237416710704565 -0.00060158748924732212 0.0036477971133654532 -0.003546730445131012 -0.0014210776891559363 0.00046783760655671357 0.0016916272868966742 0.0034864560248226758 -0.0021485136422727791 0.0029104099847080019 3.2434724264000649e-05 -0.0042230588879147678 7.3327090743008727e-05
leaf_weight=36 20 36 22 27 20 32 22 20 22 26 30 29 20 23 36 27 25 31 25 23 23 21 20 66 36 28 22 3490 71 171
leaf_count=36 20 36 22 27 20 32 22 20 22 26 30 29 20 23 36 27 25 31 25 23 23 21 20 66 36 28 22 3490 71 171
internal_value=-1.6801e-12 6.05425e-06 1.41462e-05 8.87941e-07 -0.00144021 1.4751e-05 -6.10314e-06 1.44135e-05 -1.23817e-06 -0.00148757 -0.00309141 2.57474e-05 0.00216267 0.00181488 4.08936e-06 1.53673e-05 5.1036e-07 1.66927e-05 0.00176462 -5.14539e-06 1.2281e-05 -8.8985e-06 -0.00167949 9.49725e-06 0.000930284 -0.000365803 0.000795032 -1.64438e-05 -0.000570295 -0.00118718
internal_weight=4500 4480 4444 4408 42 4366 4316 4284 4262 76 50 4186 42 50 4144 4115 4079 4052 50 4002 3971 3948 43 3905 107 71 43 3798 308 242
internal_count=4500 4480 4444 4408 42 4366 4316 4284 4262 76 50 4186 42 50 4144 4115 4079 4052 50 4002 3971 3948 43 3905 107 71 43 3798 308 242
is_linear=0
shrinkage=0.1


Tree=69
num_leaves=31
num_cat=0
split_feature=6 3 7 7 1 8 1 5 3 7 3 9 7 8 9 7 1 7 9 7 8 7 3 7 7 7 9 1 7 1
split_gain=0.00328525 0.011133 0.00392119 0.0244638 0.0133533 0.0126887 0.0159694 0.00976121 0.0087409 0.00475333 0.0191848 0.0285638 0.0167354 0.0276977 0.00964359 0.00906854 0.0238417 0.0148759 0.0121617 0.0119001 0.0394135 0.0390011 0.0326189 0.0159083 0.0123665 0.0219725 0.0148011 0.0233064 0.0132641 0.0344657
threshold=119614.25000000001 135023.00000000003 334210032.00000006 283986496.00000006 66.500000000000014 55858.625000000007 70.500000000000014 122133.00000000001 94002.500000000015 201949632.00000003 78603.500000000015 68525.750000000015 223406576.00000003 73108.125000000015 49637.500000000007 167798272.00000003 71.500000000000014 191321320.00000003 70980.500000000015 156487704.00000003 64778.625000000007 151275592.00000003 74666.500000000015 142233512.00000003 136571672.00000003 126611896.00000001 78757.500000000015 71.500000000000014 101270224.00000001 74.500000000000014
decision_type=2 2 2 2 2 2 2 2 2 2 2 2 2 2 2 2 2 2 2 2 2 2 2 2 2 2 2 2 2 2
left_child=1 2 3 9 -4 -6 -7 -8 -5 15 14 -12 -13 -14 -11 19 18 -18 -17 21 22 23 -21 24 25 28 27 -27 -1 -30
right_child=-2 -3 4 8 5 6 7 -9 -10 10 11 12 13 -15 -16 16 17 -19 -20 20 -22 -23 -24 -25 -26 26 -28 -29 29 -31
leaf_value=-2.7847567426484901e-05 -0.00061951653756079316 0.0023087898380167427 0.001438385748770088 0.0034434308476047589 -0.0024120911580394026 0.0020672636318274521 -0.0020718444995413607 0.00047240841388702394 0.0010094237921293824 -0.00020455195917747917 -0.0045301835695725117 -0.0026407591497095732 0.0023357601696625354 -0.0015884604732933885 0.0029008603878901344 0.00096985786035656938 0.0006960938494144516 -0.0024886602112515407 0.0040890522785484796 -0.00046079627529252323 0.0016847931826934935 0.0034310045359289333 -0.0061720963008701805 -0.0018118664850385821 0.001928983030445648 -0.0030976675845026461 -0.0039356857241893356 0.0014550246278066999 0.0016985567105995657 -0.0011786864822109541
leaf_weight=3461 84 21 29 25 40 22 38 25 36 20 21 26 35 37 20 25 44 22 25 20 26 33 20 49 33 22 22 23 136 60
leaf_count=3461 84 21 29 25 40 22 38 25 36 20 21 26 35 37 20 25 44 22 25 20 26 33 20 49 33 22 22 23 136 60
internal_value=-5.15591e-12 1.17843e-05 8.08824e-07 1.88081e-05 -0.000494874 -0.00094339 -0.000252236 -0.00106222 0.00200697 -1.02057e-05 -0.000546471 -0.00118332 -0.000466134 0.000319147 0.00134815 1.09995e-05 0.000882331 -0.000365491 0.00252946 -1.48838e-05 -0.00134626 8.00521e-06 -0.00331645 -2.1674e-05 1.6743e-06 -1.54044e-05 -0.00180997 -0.000770736 1.74739e-05 0.000817768
internal_weight=4500 4416 4395 4241 154 125 85 63 61 4180 159 119 98 72 40 4021 116 66 50 3905 66 3839 40 3806 3757 3724 67 45 3657 196
internal_count=4500 4416 4395 4241 154 125 85 63 61 4180 159 119 98 72 40 4021 116 66 50 3905 66 3839 40 3806 3757 3724 67 45 3657 196
is_linear=0
shrinkage=0.1


Tree=70
num_leaves=31
num_cat=0
split_feature=1 9 9 4 4 4 5 3 6 8 7 3 9 3 5 5 1 3 1 1 9 6 8 5 4 4 6 4 3 9
split_gain=0.00310888 0.00322103 0.0108492 0.0100645 0.00899983 0.0289073 0.01688 0.00964235 0.0114864 0.0212467 0.0220127 0.0205469 0.0139079 0.0130801 0.0330913 0.029059 0.0122512 0.0190009 0.0115084 0.0115028 0.0110159 0.0220622 0.0372402 0.0192616 0.0694911 0.0170254 0.0165635 0.016132 0.0134835 0.0122094
threshold=78.500000000000014 106504.50000000001 101113.25000000001 83008.000000000015 78782.500000000015 77985.500000000015 122133.00000000001 110269.00000000001 85495.914062500015 81376.125000000015 111531388.00000001 98298.000000000015 89416.500000000015 94002.500000000015 97349.000000000015 93194.000000000015 68.500000000000014 100645.00000000001 71.500000000000014 73.500000000000014 76417.250000000015 76686.585937500015 70972.375000000015 87409.500000000015 69353.500000000015 71594.500000000015 81372.835937500015 70780.500000000015 81893.000000000015 83895.250000000015
decision_type=2 2 2 2 2 2 2 2 2 2 2 2 2 2 2 2 2 2 2 2 2 2 2 2 2 2 2 2 2 2
left_child=1 2 4 -4 5 6 7 8 13 10 -10 12 -11 15 18 20 -16 -18 -15 -12 25 28 -23 24 -24 27 -25 -1 -22 -28
right_child=-2 -3 3 -5 -6 -7 -8 -9 9 11 19 -13 -14 14 16 -17 17 -19 -20 -21 21 22 23 26 -26 -27 29 -29 -30 -31
leaf_value=4.6128003402069834e-05 -0.0012439983617514372 -0.00038567603441518245 0.0027815967941513427 0.00042007095592345067 -0.00054125457079447973 0.003301563465760814 0.0027802495370534332 -0.001542146063875407 0.0048214472165065154 -0.00055606806164850363 -0.00019763529708143325 -0.0022255384363234045 0.0030496079288423062 -0.0013798820165296397 -0.0015443841185928747 0.0027328127254851353 0.0034475342031906951 -0.0006211076901915173 -0.0043894552405820122 0.002814371753040524 -0.00087300730043683543 0.0035123122095246798 0.0042126408120726835 -0.0026829968156546289 -0.00099508363301328471 0.0028191347733478658 0.0011821179763124934 -0.0027348085040492672 -0.0038285766824566088 -0.0015272625945866682
leaf_weight=3120 20 201 26 59 285 27 22 40 21 23 32 32 20 24 22 39 22 24 27 21 33 25 34 57 104 22 29 21 29 39
leaf_count=3120 20 201 26 59 285 27 22 40 21 23 32 32 20 24 22 39 22 24 27 21 33 25 34 57 104 22 29 21 29 39
internal_value=-9.36173e-13 5.55356e-06 2.3931e-05 0.00114242 1.26255e-06 4.08168e-05 1.81377e-05 2.39508e-06 1.85683e-05 0.000879283 0.00208146 -0.000306862 0.00112099 -1.63668e-05 -0.00104764 1.81834e-05 0.000396511 0.00132476 -0.00297319 0.000995801 -1.19534e-05 -0.000544291 -0.000175916 -0.000526508 0.000287979 4.69521e-05 -0.0014257 2.75353e-05 -0.00225545 -0.000371791
internal_weight=4500 4480 4279 85 4194 3909 3882 3860 3820 149 74 75 43 3671 119 3552 68 46 51 53 3513 350 288 263 138 3163 125 3141 62 68
internal_count=4500 4480 4279 85 4194 3909 3882 3860 3820 149 74 75 43 3671 119 3552 68 46 51 53 3513 350 288 263 138 3163 125 3141 62 68
is_linear=0
shrinkage=0.1


Tree=71
num_leaves=31
num_cat=0
split_feature=6 8 7 7 4 10 3 7 1 1 3 10 5 1 7 8 5 9 5 5 5 3 4 4 7 1 8 4 10 9
split_gain=0.0029095 0.00909271 0.00822985 0.00768712 0.0244842 0.0256359 0.0281444 0.0225339 0.0164829 0.0108136 0.0576949 0.0354272 0.0292123 0.0259748 0.0205541 0.017166 0.0424713 0.0312165 0.0280197 0.0268442 0.0257431 0.0256662 0.0128736 0.0166968 0.0246128 0.0120744 0.0100049 0.0099714 0.0586856 0.019056
threshold=8416.1665039062518 10312.875000000002 329651.06250000006 1340704.5625000002 56897.000000000007 26139.500000000004 40909.500000000007 1715620.3750000002 46.500000000000007 62.500000000000007 30661.500000000004 36011.750000000007 28078.500000000004 58.500000000000007 4595946.2500000009 39159.000000000007 52987.500000000007 51181.250000000007 66436.000000000015 43261.500000000007 63400.500000000007 67090.000000000015 77985.500000000015 57537.000000000007 111531388.00000001 72.500000000000014 87256.500000000015 30449.000000000004 38182.250000000007 46855.250000000007
decision_type=2 2 2 2 2 2 2 2 2 2 2 2 2 2 2 2 2 2 2 2 2 2 2 2 2 2 2 2 2 2
left_child=-1 -2 -3 4 5 -4 -7 -5 -9 10 13 -12 25 -10 -13 19 -17 -18 20 -16 -19 -20 23 24 -23 -11 -24 29 -29 -14
right_child=1 2 3 7 -6 6 -8 8 9 12 11 14 27 -15 15 16 17 18 21 -21 -22 22 26 -25 -26 -27 -28 28 -30 -31
leaf_value=-0.00089539310429245236 0.0015900613340717328 -0.0018148888573050498 -0.00096606534595290814 -0.0021262628640979528 -0.001856420757248998 0.0057087409251835204 0.001032015837488636 0.0028731350228190424 -0.0015237637097015979 0.0027733993709129707 0.0038374920259229839 -0.0028963486314751209 -0.0007659985185329059 -0.0060070127403984465 -0.0011589890368105401 -0.0043178132977336643 0.0037863146024756135 -0.00027969730574460257 0.0033542680120180277 0.0034716001997191098 -0.0052927001612260941 0.0034529324620962143 0.0025615570979425684 -0.0013267135584326692 -0.0010423449976048594 -9.5845181494951258e-05 9.3217231145759948e-05 0.0052172785370864653 3.5058953699123352e-05 0.0013345570607052651
leaf_weight=36 36 25 24 50 25 22 31 20 28 55 22 28 317 24 21 25 20 21 22 31 20 21 24 121 29 20 52 22 3258 50
leaf_count=36 36 25 24 50 25 22 31 20 28 55 22 28 317 24 21 25 20 21 22 31 20 21 24 121 29 20 52 22 3258 50
internal_value=2.30244e-13 7.22091e-06 -5.64771e-06 4.62507e-06 0.000862634 0.00174544 0.0029733 -1.5723e-05 9.10106e-06 -4.43727e-06 -0.000436744 -7.76127e-05 5.46826e-05 -0.00359296 -0.000275618 -9.5322e-05 -0.000343879 -4.28229e-05 -0.000289864 0.00160155 -0.00272506 8.13004e-05 -0.000210219 -0.000691513 0.000845672 0.00200827 0.000872693 1.45074e-05 6.98177e-05 -0.000479819
internal_weight=4500 4464 4428 4403 102 77 53 4301 4251 4231 509 457 3722 52 435 407 355 330 310 52 41 269 247 171 50 75 76 3647 3280 367
internal_count=4500 4464 4428 4403 102 77 53 4301 4251 4231 509 457 3722 52 435 407 355 330 310 52 41 269 247 171 50 75 76 3647 3280 367
is_linear=0
shrinkage=0.1


Tree=72
num_leaves=31
num_cat=0
split_feature=7 1 3 3 5 10 5 3 8 7 3 10 1 8 9 4 6 7 4 1 3 5 6 6 1 10 4 4 3 1
split_gain=0.00264202 0.0209254 0.0127877 0.0141872 0.0105708 0.0325878 0.017388 0.0155781 0.00864801 0.00869752 0.00772126 0.0230166 0.0150785 0.0233375 0.0281957 0.0109905 0.0102003 0.00760699 0.0271627 0.0262441 0.0254261 0.0170252 0.0186664 0.0212165 0.0512728 0.0352921 0.0259369 0.0166249 0.00854219 0.00779255
threshold=443636.73437500006 68.500000000000014 10201.500000000002 13512.500000000002 23560.500000000004 24989.500000000004 27046.500000000004 26676.000000000004 16067.000000000002 6587910.0000000009 32826.500000000007 34725.750000000007 72.500000000000014 23570.000000000004 28410.000000000004 24188.000000000004 32382.916015625004 1839884.4375000002 50376.500000000007 73.500000000000014 36615.500000000007 39350.000000000007 35931.166015625007 38725.833984375007 68.500000000000014 41665.875000000007 30449.000000000004 38762.500000000007 43122.000000000007 59.500000000000007
decision_type=2 2 2 2 2 2 2 2 2 2 2 2 2 2 2 2 2 2 2 2 2 2 2 2 2 2 2 2 2 2
left_child=1 -1 -2 -4 8 -6 -7 -8 9 -5 12 15 13 -9 -15 -12 -13 18 27 -20 -19 -22 28 24 -24 -25 -26 -18 -23 -27
right_child=2 -3 3 4 5 6 7 10 -10 -11 11 16 -14 14 -16 -17 17 20 19 -21 21 22 23 25 26 29 -28 -29 -30 -31
leaf_value=0.0022656014894671512 -0.0018112596375151322 -0.0017724110434452695 0.0023365451452823783 -0.0015392768274371824 0.0030978481702999597 -0.0029520059959031644 0.0021677365314892749 -0.0034380864361689117 -0.0027486365288496017 0.0011141831030337405 0.00064345015329308813 -0.0016658069918284548 0.0009310036033735071 0.0023525199741125107 -0.0020190292658905191 0.0038824184310876511 -0.00071409982629120359 0.002747201583320823 -0.00096383306743518915 0.0034727315115742384 -0.0025497500963795644 0.0007546785224059766 0.0021383718457072972 0.0042187176668085158 -0.0059830893212082714 -0.00055834286891560199 -0.0015503511552444915 -0.0046977246248967605 0.0036101829486869979 4.392777423592952e-05
leaf_weight=33 39 21 26 30 34 20 33 36 24 21 20 37 38 25 36 22 20 34 40 20 26 22 25 20 22 229 33 22 20 3472
leaf_count=33 39 21 26 30 34 20 33 36 24 21 20 37 38 25 36 22 20 34 40 20 26 22 25 20 22 229 33 22 20 3472
internal_value=-1.87073e-12 0.000695263 -8.4445e-06 7.50962e-06 -6.31255e-06 1.41878e-05 -1.03545e-05 3.48207e-06 -0.0011833 -0.000446676 -1.34462e-05 1.11497e-05 -0.000757519 -0.001419 -0.000227411 0.00234005 -1.30497e-05 2.21926e-06 -0.0008503 0.000515022 2.44988e-05 5.72214e-07 1.78265e-05 -5.34049e-06 -0.00161663 2.93016e-05 -0.00332345 -0.00280076 0.00211444 6.66218e-06
internal_weight=4500 54 4446 4407 4381 4306 4272 4252 75 51 4219 4084 135 97 61 42 4042 4005 102 60 3903 3869 3843 3801 80 3721 55 42 42 3701
internal_count=4500 54 4446 4407 4381 4306 4272 4252 75 51 4219 4084 135 97 61 42 4042 4005 102 60 3903 3869 3843 3801 80 3721 55 42 42 3701
is_linear=0
shrinkage=0.1


Tree=73
num_leaves=31
num_cat=0
split_feature=9 4 4 3 5 9 7 5 3 9 1 9 3 7 3 5 5 3 6 5 9 8 8 6 10 6 10 3 3 4
split_gain=0.00284827 0.0217864 0.0170934 0.0133993 0.0120015 0.0104849 0.0166084 0.00898513 0.00728777 0.00834464 0.0176527 0.0122088 0.0105195 0.0232856 0.0100691 0.0161775 0.0114001 0.0147675 0.0156962 0.0151214 0.00793167 0.0196784 0.0454593 0.0360356 0.0419542 0.0218929 0.0126786 0.0102315 0.0316304 0.0353608
threshold=22126.250000000004 14545.500000000002 10944.500000000002 16333.500000000002 27046.500000000004 13115.750000000002 2589336.2500000005 9531.5000000000018 26676.000000000004 26936.250000000004 66.500000000000014 28410.000000000004 32826.500000000007 4168317.6250000005 34965.000000000007 37409.000000000007 38783.000000000007 39042.000000000007 33636.166015625007 42730.500000000007 34044.250000000007 33233.375000000007 35370.750000000007 38725.833984375007 41665.875000000007 39615.000000000007 44261.250000000007 42705.000000000007 43893.000000000007 37839.000000000007
decision_type=2 2 2 2 2 2 2 2 2 2 2 2 2 2 2 2 2 2 2 2 2 2 2 2 2 2 2 2 2 2
left_child=1 2 5 -4 -2 6 7 -1 -6 10 -10 -11 13 -13 -14 -16 -17 19 -19 -18 -20 25 26 -24 -25 -22 -23 -26 29 -29
right_child=4 -3 3 -5 8 -7 -8 -9 9 11 -12 12 14 -15 15 16 17 18 20 -21 21 22 23 24 27 -27 -28 28 -30 -31
leaf_value=0.0021974345824370784 -0.0017863609209215565 0.0024888425134122374 -0.00010675606317818166 -0.0033834298771883674 0.0013773739901616388 0.0022627765545621516 -0.0018829057925419572 -0.00046324136571704669 -0.0032702882560746126 0.0020833969016426377 0.00036833253068228563 0.0011786190249646704 0.0015674163803185632 -0.0027613960526650773 -0.0022832780100044705 0.0021387077309191226 -0.003517571334183837 0.0026805457414328972 0.0018535521843106202 0.00020549953449517492 -0.0029871803536282286 0.0051578158419579266 -0.0037955483160912991 0.004367796155962755 -0.0014328638799488546 0.00030533906214663556 0.0015971076861023904 -0.00023996500298380854 -2.3841082044202393e-05 0.0056353122712434495
leaf_weight=30 38 39 26 24 38 27 30 22 24 28 30 24 41 40 31 25 24 22 23 20 46 20 25 22 50 36 20 20 3634 21
leaf_count=30 38 39 26 24 38 27 30 22 24 28 30 24 41 40 31 25 24 22 23 20 46 20 25 22 50 36 20 20 3634 21
internal_value=-5.01702e-12 0.00037084 -0.00014867 -0.00167956 -1.7068e-05 0.000553574 -9.21276e-06 0.00107176 -1.30035e-06 -1.36973e-05 -0.00124883 2.28955e-06 -1.1772e-05 -0.00128389 8.18282e-06 -7.64501e-06 9.95595e-06 -3.40554e-06 1.69453e-05 -0.00182527 1.98505e-06 -8.95127e-06 2.40194e-05 -1.15421e-05 1.37049e-05 -0.00154168 0.00337746 -1.20106e-05 7.32075e-06 0.00276932
internal_weight=4500 198 159 50 4302 109 82 52 4264 4226 54 4172 4144 64 4080 4039 4008 3983 3939 44 3917 3894 3812 3772 3747 82 40 3725 3675 41
internal_count=4500 198 159 50 4302 109 82 52 4264 4226 54 4172 4144 64 4080 4039 4008 3983 3939 44 3917 3894 3812 3772 3747 82 40 3725 3675 41
is_linear=0
shrinkage=0.1


Tree=74
num_leaves=31
num_cat=0
split_feature=5 10 10 9 5 9 9 3 5 5 10 10 6 9 3 10 5 4 4 8 8 8 9 3 5 9 5 8 5 1
split_gain=0.00275372 0.0852161 0.0335677 0.0329878 0.0279497 0.029082 0.0385074 0.026168 0.0318095 0.0256818 0.0282958 0.0270924 0.0374573 0.0276153 0.0259898 0.0225242 0.0227251 0.0183694 0.0153251 0.0719004 0.0449683 0.0364949 0.0324337 0.0290915 0.0327199 0.0423206 0.0297364 0.0293568 0.0454402 0.0274128
threshold=61292.000000000007 58322.750000000007 58322.750000000007 54127.250000000007 58509.000000000007 53739.750000000007 51181.250000000007 57693.000000000007 57452.000000000007 54980.500000000007 56167.500000000007 54223.000000000007 48350.666015625007 51522.500000000007 54327.500000000007 52915.250000000007 53601.500000000007 51076.000000000007 44259.000000000007 47855.250000000007 45164.375000000007 46211.750000000007 47156.250000000007 51416.500000000007 48845.000000000007 43995.500000000007 47067.000000000007 43138.125000000007 50634.000000000007 70.500000000000014
decision_type=2 2 2 2 2 2 2 2 2 2 2 2 2 2 2 2 2 2 2 2 2 2 2 2 2 2 2 2 2 2
left_child=2 -2 4 -4 7 6 -6 8 9 14 11 12 -11 -13 15 16 18 -5 20 -20 22 -22 23 24 25 26 -1 28 29 -26
right_child=1 -3 3 17 5 -7 -8 -9 -10 10 -12 13 -14 -15 -16 -17 -18 -19 19 -21 21 -23 -24 -25 27 -27 -28 -29 -30 -31
leaf_value=-5.5134455954137488e-05 0.0062575034077533278 1.0319214426317169e-05 -0.0048114220495335761 -0.0023555336773450324 0.00087208275593096218 -0.00067052276008912641 0.0062724587710007371 -0.002879586309956556 0.0027849876715127044 -0.0033284911032145227 0.0017876986075531353 -0.006361471583791585 0.0025129657157737274 -0.0019095487408585063 0.0031577864769273081 -0.0030707496548226729 0.002838503659170653 0.00095644968872269005 -0.0050908348635615164 0.0017235361417988317 0.0061812904779799289 0.00047298887317689763 -0.0030849732029517851 -0.0034245501422750148 0.0012425963078504024 -0.0030769742797646261 0.0029249307431902186 0.0052820042148232459 0.0040102828567012633 -0.0038195171114057307
leaf_weight=773 22 2911 28 34 31 31 23 33 39 21 22 22 23 38 26 24 28 33 30 32 21 24 35 24 23 45 35 20 29 20
leaf_count=773 22 2911 28 34 31 31 23 33 39 21 22 22 23 38 26 24 28 33 30 32 21 24 35 24 23 45 35 20 29 20
internal_value=1.09277e-12 5.71784e-05 -0.000107023 -0.0019289 1.05576e-05 0.00177076 0.00317224 -9.73137e-05 -2.95035e-05 -0.000112975 -0.00147052 -0.00215976 -0.000275002 -0.00354192 3.08862e-05 -3.90187e-05 2.48632e-05 -0.000724258 -4.60476e-05 -0.00157374 4.4245e-05 0.00313686 -9.43683e-05 1.36515e-05 0.000100971 -9.22746e-05 7.39525e-05 0.00189269 0.000951216 -0.00111188
internal_weight=4500 2933 1567 95 1472 85 54 1387 1354 1315 126 104 44 60 1189 1163 1139 67 1111 62 1049 45 1004 969 945 853 808 92 72 43
internal_count=4500 2933 1567 95 1472 85 54 1387 1354 1315 126 104 44 60 1189 1163 1139 67 1111 62 1049 45 1004 969 945 853 808 92 72 43
is_linear=0
shrinkage=0.1


Tree=75
num_leaves=31
num_cat=0
split_feature=7 7 1 7 7 1 1 9 5 9 3 8 5 10 7 10 8 10 3 8 6 6 10 10 3 10 5 1 1 10
split_gain=0.0028066 0.0152697 0.0301757 0.032138 0.0244647 0.0186312 0.0342799 0.0270996 0.0550652 0.0184032 0.0448291 0.0232258 0.0177079 0.0290239 0.0199306 0.0148774 0.0142839 0.0129726 0.0566727 0.0404404 0.0137462 0.0345279 0.0135716 0.0219445 0.0196315 0.0515805 0.0250666 0.0177135 0.0117458 0.0116546
threshold=44843088.000000007 33276452.000000004 75.500000000000014 37613220.000000007 29062575.000000004 75.500000000000014 73.500000000000014 58590.000000000007 48845.000000000007 51522.500000000007 53539.500000000007 37561.750000000007 68818.000000000015 71021.625000000015 40233746.000000007 36011.750000000007 51902.250000000007 50515.750000000007 52124.500000000007 36556.625000000007 32382.916015625004 35931.166015625007 53291.125000000007 54927.125000000007 59434.000000000007 58322.750000000007 61564.000000000007 54.500000000000007 67.500000000000014 61756.625000000007
decision_type=2 2 2 2 2 2 2 2 2 2 2 2 2 2 2 2 2 2 2 2 2 2 2 2 2 2 2 2 2 2
left_child=1 4 9 -4 -1 6 7 8 -6 10 11 -3 16 -14 28 -2 -11 19 -19 20 -17 -22 -20 -24 -25 -26 -27 -28 -15 -29
right_child=15 2 3 -5 5 -7 -8 -9 -10 12 -12 -13 13 14 -16 17 -18 18 22 -21 21 -23 23 24 25 26 27 29 -30 -31
leaf_value=-6.096453726094917e-05 0.0024683836140096762 -0.0024813887383788825 -0.0013509358384180816 0.0039810177843229702 3.4805315618331617e-05 0.0041178409289568665 -0.0025651807741572459 -3.6161880802401171e-05 0.0066078570205718281 -0.00096723918803036206 -0.0063591824079464593 0.0017904732422903181 -0.0042443822002969679 5.4904090904983609e-05 0.0011480969738761856 -0.0021221429803003761 0.0025318055513447952 0.0047582370417120941 -0.0022128936874930964 -0.0049451240934320689 0.0036016415115445854 -0.0012359472030463317 0.0033821147447451946 -0.002138856442179531 0.004912886353717609 -0.0029833906485388678 0.0029743529274128379 0.001694247641578494 -0.0023892079822390396 5.8082008168574558e-06
leaf_weight=2142 26 35 20 26 26 20 24 49 25 20 21 20 25 32 46 23 28 26 26 21 25 36 20 40 22 27 21 42 51 1535
leaf_count=2142 26 35 20 26 26 20 24 49 25 20 21 20 25 32 46 23 28 26 26 21 25 36 20 40 22 27 21 42 51 1535
internal_value=-3.69143e-12 -6.7204e-05 -0.000709686 0.00166278 2.38565e-05 0.00128557 0.000828751 0.00164329 0.00325689 -0.00110225 -0.00242871 -0.000927984 -0.000603188 -0.00112591 -0.000521552 9.28055e-05 0.00107387 5.96697e-05 0.000124124 -0.00102009 -3.88375e-05 0.000746671 5.45991e-05 8.91361e-05 5.00967e-05 0.000103259 3.81439e-05 8.91961e-05 -0.0014469 5.07762e-05
internal_weight=4500 2610 324 46 2286 144 124 100 51 278 76 55 202 154 129 1890 48 1864 1759 105 84 61 1733 1707 1687 1647 1625 1598 83 1577
internal_count=4500 2610 324 46 2286 144 124 100 51 278 76 55 202 154 129 1890 48 1864 1759 105 84 61 1733 1707 1687 1647 1625 1598 83 1577
is_linear=0
shrinkage=0.1


Tree=76
num_leaves=31
num_cat=0
split_feature=1 5 10 7 7 6 6 3 10 9 7 1 7 3 8 6 8 7 1 7 7 7 8 3 7 1 7 7 4 9
split_gain=0.00311782 0.00302037 0.00383428 0.00377445 0.0159717 0.0182909 0.0324462 0.0165836 0.0129978 0.0129536 0.00735801 0.0131004 0.00616907 0.015241 0.0199325 0.0143125 0.0116443 0.00808688 0.0167093 0.0133563 0.0122676 0.0300253 0.0281968 0.0247535 0.0124045 0.0276465 0.0153649 0.0215191 0.0328894 0.00958235
threshold=78.500000000000014 140042.50000000003 146032.25000000003 273583328.00000006 334210032.00000006 91880.082031250015 98479.335937500015 110269.00000000001 103694.25000000001 65480.000000000007 396007248.00000006 73.500000000000014 201949632.00000003 79423.500000000015 65845.125000000015 87672.914062500015 85054.000000000015 167798272.00000003 71.500000000000014 191321320.00000003 156487704.00000003 151275592.00000003 64778.625000000007 74666.500000000015 126611896.00000001 66.500000000000014 130618772.00000001 142233512.00000003 60600.500000000007 70980.500000000015
decision_type=2 2 2 2 2 2 2 2 2 2 2 2 2 2 2 2 2 2 2 2 2 2 2 2 2 2 2 2 2 2
left_child=1 3 -3 12 7 8 -7 9 10 -5 -6 -12 17 -14 -15 -16 -17 20 29 -20 21 24 23 -22 -1 -26 -27 28 -28 -19
right_child=-2 2 -4 4 5 6 -8 -9 -10 -11 11 -13 13 14 15 16 -18 18 19 -21 22 -23 -24 -25 25 26 27 -29 -30 -31
leaf_value=2.5552774387807214e-05 -0.0012457846850156785 -0.0014510942870401779 8.5171505766497424e-05 0.00089734640787355604 -0.0018642205550956231 0.0041777917487627785 -0.00065722214058041575 -0.00057576998466781035 -0.0031799161762353922 0.0040633503987919537 0.0013080289918243103 -0.0018538786523276942 0.0010859732303958338 -0.0030533040205064496 0.0018795697886327453 -0.0029707398442994984 0.00014431196032091976 0.00079761617630720149 0.00082590077884581907 -0.0021595968783873578 -0.00052898256282787773 0.0030187289456300665 0.001264482860453427 -0.0055042740236967806 -0.0033189645722611913 -0.0022635556112688324 0.0045494102756492797 -0.0011465651993980495 -0.00086958669126033792 0.003539596920689711
leaf_weight=3667 20 32 33 24 24 23 35 24 21 28 38 20 38 39 22 21 28 25 43 23 20 33 25 20 36 26 24 41 21 26
leaf_count=3667 20 32 33 24 24 23 35 24 21 28 38 20 38 39 22 21 28 25 43 23 20 33 25 20 36 26 24 41 21 26
internal_value=3.38704e-12 5.56154e-06 -0.000671144 1.55244e-05 0.000403739 -0.000160283 0.00126011 0.00159857 -0.000960117 0.00260212 -0.000391631 0.000217716 -6.49737e-06 -0.000640582 -0.00123703 -0.000239356 -0.00119071 1.67891e-05 0.000836008 -0.0002145 -7.7058e-06 1.53067e-05 -0.00137005 -0.00301663 -1.06731e-05 -0.000908242 -0.000133367 0.000510644 0.00202055 0.00219549
internal_weight=4500 4480 65 4415 237 161 58 76 103 52 82 58 4178 148 110 71 49 4030 117 66 3913 3848 65 40 3815 148 112 86 45 51
internal_count=4500 4480 65 4415 237 161 58 76 103 52 82 58 4178 148 110 71 49 4030 117 66 3913 3848 65 40 3815 148 112 86 45 51
is_linear=0
shrinkage=0.1


Tree=77
num_leaves=31
num_cat=0
split_feature=9 8 7 7 4 1 7 7 1 7 5 7 1 7 7 3 7 5 4 3 1 7 9 4 8 6 3 8 5 3
split_gain=0.00257864 0.00783874 0.00706031 0.00701978 0.0217775 0.0259786 0.0397349 0.0174729 0.0134032 0.00850933 0.0297373 0.0205125 0.0204249 0.0194156 0.0370575 0.0155384 0.0117303 0.0319623 0.0477168 0.0309589 0.0547325 0.0183314 0.0134299 0.0109973 0.0280489 0.0242692 0.0395991 0.0302507 0.0136764 0.0119075
threshold=8499.7500000000018 10312.875000000002 329651.06250000006 1340704.5625000002 56897.000000000007 72.500000000000014 913616.12500000012 1715620.3750000002 46.500000000000007 2911899.1250000005 35903.500000000007 3167806.7500000005 74.500000000000014 3388222.0000000005 3990932.6250000005 48388.000000000007 5412682.7500000009 39350.000000000007 41121.000000000007 60979.500000000007 69.500000000000014 7652410.0000000009 51778.250000000007 30999.500000000004 21937.125000000004 43348.500000000007 49996.500000000007 53920.125000000007 65315.500000000007 73300.500000000015
decision_type=2 2 2 2 2 2 2 2 2 2 2 2 2 2 2 2 2 2 2 2 2 2 2 2 2 2 2 2 2 2
left_child=-1 -2 -3 4 5 6 -4 -5 -9 10 -10 -11 15 -13 -15 -12 17 -16 -19 22 -21 23 -20 24 -18 -25 -27 -28 -29 -30
right_child=1 2 3 7 -6 -7 -8 8 9 11 12 13 -14 14 16 -17 21 18 19 20 -22 -23 -24 25 -26 26 27 28 29 -31
leaf_value=-0.00084294574205867135 0.0014764464515287224 -0.0016809129640460016 0.00027353971682745839 -0.0018735607727430759 -0.0017400781339965761 -0.0012473703700710426 0.0056572518239800746 0.0025894284201785924 0.0034316279983613641 -0.0025508924381938414 -0.0034047961980104447 0.0023359926345957712 0.0024315207318233497 -0.0027349859178066255 -0.0020790178741784382 2.3523573942769035e-05 -0.0022338086585725913 0.0059043612419849359 0.0004562801788919247 0.0061833585570143026 -0.00025589990740021071 2.2503306913924852e-05 -0.0028241319969917341 -0.0037498866645337054 0.0026177449904095668 0.003263009104522921 -0.0049935810407623652 0.0016129084490239622 -0.002769564517075196 -0.00013530067053334031
leaf_weight=36 36 25 29 50 25 22 26 20 32 32 20 35 22 50 30 39 22 21 26 22 33 3634 24 33 26 21 20 20 32 37
leaf_count=36 36 25 29 50 25 22 26 20 32 32 20 35 22 50 30 39 22 21 26 22 33 3634 24 33 26 21 20 20 32 37
internal_value=2.05495e-12 6.79795e-06 -5.15041e-06 4.36448e-06 0.000824285 0.00165687 0.00281857 -1.50803e-05 6.77905e-06 -5.42917e-06 0.000850682 -2.89213e-05 -0.000168951 -9.17017e-06 -2.9432e-05 -0.00113862 4.37897e-06 0.000854451 0.0015529 0.000682603 0.0023198 -3.01103e-05 -0.00111832 -0.000936261 0.000394116 -0.00132803 -0.00071325 -0.00147932 -0.000689596 -0.00135699
internal_weight=4500 4464 4428 4403 102 77 55 4301 4251 4231 113 4118 81 4086 4051 59 4001 156 126 105 55 3845 50 211 48 163 130 109 89 69
internal_count=4500 4464 4428 4403 102 77 55 4301 4251 4231 113 4118 81 4086 4051 59 4001 156 126 105 55 3845 50 211 48 163 130 109 89 69
is_linear=0
shrinkage=0.1


Tree=78
num_leaves=31
num_cat=0
split_feature=1 10 10 5 10 7 3 7 8 1 3 5 5 10 7 3 7 4 3 1 4 3 4 7 3 10 5 3 5 3
split_gain=0.00255516 0.00280525 0.013065 0.0083895 0.0232814 0.00763094 0.00735541 0.00699346 0.0160429 0.00635741 0.0238201 0.00917464 0.010724 0.00701551 0.0119965 0.0134979 0.0307547 0.0204688 0.0100011 0.00700632 0.023633 0.00601832 0.0182998 0.0186665 0.0146519 0.0122457 0.011983 0.00956648 0.00860179 0.024511
threshold=78.500000000000014 119060.12500000001 115810.00000000001 114613.50000000001 110417.00000000001 241515968.00000003 110959.50000000001 685135424.00000012 99380.625000000015 51.500000000000007 48664.000000000007 9531.5000000000018 13538.000000000002 20449.125000000004 649555.71875000012 25850.500000000004 4487547.0000000009 15697.500000000002 27513.000000000004 67.500000000000014 11909.500000000002 32826.500000000007 15697.500000000002 13515669.500000002 30062.000000000004 34725.750000000007 37409.000000000007 36615.500000000007 38783.000000000007 39042.000000000007
decision_type=2 2 2 2 2 2 2 2 2 2 2 2 2 2 2 2 2 2 2 2 2 2 2 2 2 2 2 2 2 2
left_child=1 2 3 4 6 -5 9 8 -3 10 -1 -11 -13 19 -15 16 -16 -18 -17 20 -14 22 -20 24 -24 -23 -27 -28 -29 -30
right_child=-2 7 -4 5 -6 -7 -8 -9 -10 11 -12 12 13 14 15 18 17 -19 21 -21 -22 25 23 -25 -26 26 27 28 29 -31
leaf_value=0.0010779552972845494 -0.001127785462886095 -0.0023051202456216987 0.0019739507587955281 -0.00023056672853899413 0.0030043059937620107 -0.0027335924218364416 -0.0018210405399176209 0.0013897416414692999 -2.3306768778110707e-05 0.0019005913251581099 -0.0027036569307609983 -0.0017792555517878623 -0.00014567218102707431 0.001941666056518443 -0.0038908529898215986 0.0017581843197783172 -0.0019503827076405287 0.0019541947002490534 0.0020149710444023923 -0.00050503339707141839 0.0043226432264782495 0.0017729967724153539 0.00096180317684625965 -0.0033239672922839719 -0.001878313660991433 -0.0018831943154730129 0.0021099814224395563 0.001946033496895562 -0.0025902279031773407 3.2336451019603355e-05
leaf_weight=31 20 41 34 29 26 21 22 20 124 26 36 33 29 32 29 33 25 29 21 21 20 40 39 30 34 33 22 23 36 3541
leaf_count=31 20 41 34 29 26 21 22 20 124 26 36 33 29 32 29 33 25 29 21 21 20 40 39 30 34 33 22 23 36 3541
internal_value=7.67593e-13 5.03476e-06 2.14577e-05 5.87809e-06 2.1168e-05 -0.00128184 2.63475e-06 -0.000376244 -0.000590303 1.22722e-05 -0.000953956 2.80772e-05 1.61152e-05 3.07913e-05 1.328e-05 -2.40192e-06 -0.00126413 0.00014652 2.47848e-05 0.00102318 0.00167813 9.8065e-06 -0.000675459 -0.00122399 -0.000360991 3.28032e-05 1.37587e-05 3.10418e-05 1.83372e-05 5.94218e-06
internal_weight=4500 4480 4295 4261 4211 50 4185 185 165 4163 67 4096 4070 4037 3967 3935 83 54 3852 70 49 3819 124 103 73 3695 3655 3622 3600 3577
internal_count=4500 4480 4295 4261 4211 50 4185 185 165 4163 67 4096 4070 4037 3967 3935 83 54 3852 70 49 3819 124 103 73 3695 3655 3622 3600 3577
is_linear=0
shrinkage=0.1


Tree=79
num_leaves=31
num_cat=0
split_feature=8 10 7 5 10 5 7 10 5 4 10 6 9 5 3 7 9 6 9 6 6 10 10 6 9 7 3 3 10 10
split_gain=0.00295591 0.00845493 0.00566184 0.00666469 0.0288207 0.0129885 0.00919734 0.0114494 0.0119605 0.036202 0.0144732 0.00779046 0.0259106 0.0104183 0.0100256 0.00939358 0.00741506 0.0315012 0.0362874 0.0312329 0.0250289 0.04836 0.023167 0.0201848 0.0181588 0.0130513 0.012564 0.0466356 0.0273366 0.0416158
threshold=7364.5000000000009 13043.500000000002 329651.06250000006 23560.500000000004 24989.500000000004 27046.500000000004 779163.71875000012 27718.000000000004 31157.500000000004 23062.500000000004 31409.375000000004 32382.916015625004 30684.000000000004 35903.500000000007 33569.000000000007 15931445.500000002 35215.000000000007 35931.166015625007 36392.500000000007 37910.582031250007 39263.666015625007 41095.125000000007 38182.250000000007 40043.166015625007 37623.750000000007 67833336.000000015 41239.500000000007 40076.000000000007 46058.250000000007 48031.750000000007
decision_type=2 2 2 2 2 2 2 2 2 2 2 2 2 2 2 2 2 2 2 2 2 2 2 2 2 2 2 2 2 2
left_child=-1 -2 -3 -4 -5 -6 -7 -8 9 -9 -10 12 15 -14 -13 -12 22 -18 -19 24 21 -21 -16 -22 -20 -24 27 -25 -28 -30
right_child=1 2 3 4 5 6 7 8 10 -11 11 14 13 -15 16 -17 17 18 19 20 23 -23 25 26 -26 -27 28 -29 29 -31
leaf_value=-0.00090250611279366749 0.0015126603539101779 -0.0016840328415855766 -0.00087989359391420815 0.0029194572591222825 -0.0025459673668956385 0.0017831899675315823 0.001911011153471566 0.00065032669954234734 0.0020561028085306614 -0.0046192638597197157 0.002078688243107701 0.001859343573772188 -0.0042934460765205913 -0.0011399115039967 -0.0032580608901168619 -0.00047207169700413942 0.0036234254544713928 0.0041350083043133574 -0.0045367328993355235 -0.0010706922378052365 -0.0024564451542734306 0.005420212701816733 0.0020626926389725312 -0.0015269052639434284 -0.00045683563745114959 -0.001430175253917696 -0.0017906686977407528 0.0050613739306018465 0.0024456133393645019 -3.4018318677081914e-05
leaf_weight=36 37 20 84 34 20 29 31 32 34 22 22 29 22 20 28 42 24 21 24 22 34 24 23 22 20 20 86 21 69 3548
leaf_count=36 37 20 84 34 20 29 31 32 34 22 22 29 22 20 28 42 24 21 24 22 34 24 23 22 20 20 86 21 69 3548
internal_value=9.33774e-12 7.27828e-06 -5.3034e-06 2.31506e-06 1.94572e-05 -3.53183e-06 8.37933e-06 -3.75971e-06 -1.78623e-05 -0.00149654 1.3552e-06 -1.55973e-05 -0.000861792 -0.00279176 6.74303e-06 0.000404752 -6.7355e-06 1.16321e-05 -1.06458e-05 -3.31416e-05 -2.6763e-06 0.00231587 -0.00101954 -3.08914e-05 -0.00268223 0.000438103 -8.8762e-06 0.00169063 -2.86112e-05 1.32846e-05
internal_weight=4500 4464 4427 4407 4323 4289 4269 4240 4209 54 4155 4121 106 42 4015 64 3986 3915 3891 3870 3826 46 71 3780 44 43 3746 43 3703 3617
internal_count=4500 4464 4427 4407 4323 4289 4269 4240 4209 54 4155 4121 106 42 4015 64 3986 3915 3891 3870 3826 46 71 3780 44 43 3746 43 3703 3617
is_linear=0
shrinkage=0.1


Tree=80
num_leaves=31
num_cat=0
split_feature=6 10 9 7 5 3 6 9 9 10 9 4 1 10 4 9 9 1 1 3 5 9 8 9 10 6 6 8 6 1
split_gain=0.00280724 0.0763718 0.0720539 0.0206293 0.0206219 0.0316395 0.0704865 0.0328692 0.0295231 0.0277649 0.0686182 0.0217168 0.023644 0.024253 0.0212014 0.0192968 0.0549852 0.0180704 0.0240262 0.0199339 0.0170566 0.0221262 0.0246162 0.0215573 0.0260288 0.0209498 0.0305345 0.0399063 0.0243706 0.02369
threshold=56010.417968750007 58722.000000000007 55892.750000000007 67833336.000000015 62744.000000000007 64219.500000000007 57559.083984375007 55367.000000000007 56467.250000000007 61944.000000000007 59874.250000000007 61078.000000000007 74.500000000000014 63697.625000000007 56702.000000000007 57173.250000000007 58304.000000000007 69.500000000000014 72.500000000000014 60292.500000000007 70459.000000000015 60102.000000000007 58104.750000000007 60454.750000000007 68844.375000000015 64924.332031250007 66286.250000000015 59891.375000000007 66782.414062500015 72.500000000000014
decision_type=2 2 2 2 2 2 2 2 2 2 2 2 2 2 2 2 2 2 2 2 2 2 2 2 2 2 2 2 2 2
left_child=2 -2 -1 -4 17 6 -6 -7 -9 -8 -11 12 13 -12 -15 -10 -17 -3 -19 -20 21 -18 -23 -22 -25 29 27 -27 -28 -26
right_child=1 4 3 -5 5 7 9 8 15 10 11 -13 -14 14 -16 16 20 18 19 -21 23 22 -24 24 25 26 28 -29 -30 -31
leaf_value=1.5598906111696653e-05 0.0059300808405334301 0.0011237867013551295 -0.0055949072827518528 -0.0016427734419703485 0.0066025929229164672 -0.0032194203347899021 -0.0019209846235545619 0.0037397356792574841 -0.0028474127815570683 0.0065079403109848501 -0.0030370348550872329 0.0033729789312928918 0.0027170223691924053 0.0023475264595752515 -0.0016533217801434849 0.0038811117540010149 -0.0033440755112678746 -0.0052009861334227029 -0.0033206549739199023 0.00085856795730069279 0.0027824917043160115 0.0018453390699707799 -0.0010931349201399806 0.0034117366748184644 -0.0028568020314824853 -0.00034527589342798348 -0.0030784716220715875 0.0050916548283701695 3.605259785743795e-06 9.1810762576103491e-05
leaf_weight=1639 22 20 28 25 22 32 35 21 24 21 34 20 22 27 26 36 32 20 21 25 28 36 137 22 55 27 26 27 1936 54
leaf_count=1639 22 20 28 25 22 32 35 21 24 21 34 20 22 27 26 36 32 20 21 25 28 36 137 22 55 27 26 27 1936 54
internal_value=-4.14269e-12 6.13106e-05 -0.000101749 -0.00373069 1.49671e-05 6.35229e-05 0.0012515 -3.5118e-05 6.28698e-06 0.000615157 0.00120692 0.000343967 -0.000211815 -0.000952441 0.000384846 -2.58452e-05 2.18366e-06 -0.00150946 -0.00230741 -0.00104934 -5.64892e-05 -0.000928477 -0.000481661 2.56981e-05 -1.02545e-05 -4.56822e-05 2.73273e-05 0.00237319 -3.72378e-05 -0.00139602
internal_weight=4500 2808 1692 53 2786 2700 207 2493 2461 185 150 129 109 87 53 2440 2416 86 66 46 2380 205 173 2175 2147 2125 2016 54 1962 109
internal_count=4500 2808 1692 53 2786 2700 207 2493 2461 185 150 129 109 87 53 2440 2416 86 66 46 2380 205 173 2175 2147 2125 2016 54 1962 109
is_linear=0
shrinkage=0.1


Tree=81
num_leaves=31
num_cat=0
split_feature=7 7 1 8 1 7 8 3 9 1 7 9 4 3 10 5 7 1 7 4 7 8 7 3 7 7 7 9 1 7
split_gain=0.00255416 0.0151861 0.0192932 0.0249265 0.0108137 0.0216332 0.0103893 0.0128553 0.012546 0.0104213 0.00775879 0.013644 0.0224479 0.0067349 0.0111648 0.00539053 0.00529211 0.0156191 0.00863042 0.00953641 0.0082099 0.0263154 0.0231416 0.0200401 0.00969416 0.0100266 0.0140505 0.00936349 0.0169499 0.00907267
threshold=230014000.00000003 201949632.00000003 68.500000000000014 60704.625000000007 76.500000000000014 241515968.00000003 50623.375000000007 87283.000000000015 51778.250000000007 64.500000000000014 273583328.00000006 89416.500000000015 51643.000000000007 135023.00000000003 120322.62500000001 104196.50000000001 167798272.00000003 71.500000000000014 191321320.00000003 54920.500000000007 156487704.00000003 64778.625000000007 151275592.00000003 74666.500000000015 142233512.00000003 136571672.00000003 126611896.00000001 78757.500000000015 72.500000000000014 101270224.00000001
decision_type=2 2 2 2 2 2 2 2 2 2 2 2 2 2 2 2 2 2 2 2 2 2 2 2 2 2 2 2 2 2
left_child=1 16 -3 -4 5 -2 8 -8 -7 -9 -11 12 -12 14 -13 -6 20 -18 19 -19 22 23 24 -22 25 26 29 28 -28 -1
right_child=4 2 3 -5 15 6 7 9 -10 10 11 13 -14 -15 -16 -17 17 18 -20 -21 21 -23 -24 -25 -26 -27 27 -29 -30 -31
leaf_value=-2.97120032975026e-05 0.0031107983277511918 -0.0041136808483861389 0.002167014695615286 -0.0024266563976804417 -0.0024387865979224443 0.00067221020883018222 0.0029345806682249532 -0.0017778529679741374 -0.00219680528630436 -0.00091610693132444733 -0.00046040501523142061 0.0006517634113234553 0.0034266492089208888 0.0012739106402571861 -0.0020902069419174007 -0.00017041543654737655 0.0019825673643864838 0.0021004981396254155 -0.0019083010680649593 -0.00082913814857602127 -0.00051402734243310988 0.0012448103869766264 0.0025993694715640125 -0.0049906479474157092 -0.0013905595819118854 0.0017069249300916186 -0.0023394542410969735 -0.0030838563648538423 0.001566301640123129 0.00065635126233888413
leaf_weight=3497 28 20 21 27 20 27 20 22 35 31 24 33 39 29 27 22 51 20 23 25 20 28 34 20 51 34 25 23 20 204
leaf_count=3497 28 20 21 27 20 27 20 22 35 31 24 33 39 29 27 22 51 20 23 25 20 28 34 20 51 34 25 23 20 204
internal_value=5.62389e-12 -2.21154e-05 -0.00150421 -0.000416925 0.00025665 0.000457616 0.000198769 0.000514601 -0.000947395 0.000278505 0.000525717 0.000819774 0.00194587 2.26518e-05 -0.000582123 -0.00125059 2.61643e-06 0.000659677 -0.000332491 0.000472922 -1.71485e-05 -0.00110645 1.90309e-06 -0.00275234 -2.10118e-05 -2.64549e-06 -1.80675e-05 -0.00144249 -0.000603563 8.10397e-06
internal_weight=4500 4143 68 48 357 315 287 225 62 205 183 152 63 89 60 42 4075 119 68 45 3956 68 3888 40 3854 3803 3769 68 45 3701
internal_count=4500 4143 68 48 357 315 287 225 62 205 183 152 63 89 60 42 4075 119 68 45 3956 68 3888 40 3854 3803 3769 68 45 3701
is_linear=0
shrinkage=0.1


Tree=82
num_leaves=31
num_cat=0
split_feature=4 8 1 9 5 1 8 10 5 7 3 5 3 8 8 4 9 6 1 1 4 8 10 5 3 10 9 9 9 6
split_gain=0.0023972 0.00613014 0.00762674 0.00632128 0.00723264 0.00691293 0.00464891 0.0155775 0.0119011 0.0101083 0.00556883 0.0382988 0.0143257 0.0136698 0.0118118 0.0257287 0.0325632 0.0205545 0.0123968 0.0120962 0.0117028 0.0113765 0.00482292 0.0377114 0.0250633 0.0120529 0.0226715 0.0160625 0.0143726 0.014823
threshold=99679.500000000015 97004.750000000015 66.500000000000014 106504.50000000001 108583.50000000001 73.500000000000014 88029.625000000015 117251.25000000001 113719.50000000001 74405044.000000015 95273.000000000015 95341.000000000015 97040.500000000015 77874.625000000015 80721.500000000015 69841.000000000015 88990.000000000015 87254.582031250015 68.500000000000014 71.500000000000014 59768.000000000007 84772.500000000015 82741.875000000015 85971.500000000015 81249.500000000015 86093.250000000015 74314.000000000015 70980.500000000015 75351.500000000015 77296.667968750015
decision_type=2 2 2 2 2 2 2 2 2 2 2 2 2 2 2 2 2 2 2 2 2 2 2 2 2 2 2 2 2 2
left_child=1 6 -3 4 -4 -5 7 10 9 -8 11 22 13 -12 15 17 -17 18 -14 -16 -20 -21 23 -1 -25 27 -27 -24 -29 -30
right_child=-2 2 3 5 -6 -7 8 -9 -10 -11 12 -13 14 -15 19 16 -18 -19 20 21 -22 -23 25 24 -26 26 -28 28 29 -31
leaf_value=3.785638067210967e-06 -0.00044672376851903964 0.0024979196721687915 -4.8125642795293106e-05 -0.0011126916929099122 0.0025464217009192164 0.0011841877421829849 -0.00043059990662683246 0.0021782179348960973 -0.0019337269308214837 0.0018191145965829492 -0.0040285625727847219 0.0031472327904059337 -0.0016235622693784536 -0.00033129048999398948 0.00014816643242553183 6.5750058274716147e-05 0.0052749755402536338 -0.0029782024547457698 -0.00031262805064519248 -0.0032183615519898014 0.0025045260819124768 -0.00022293902224018462 -0.0029612463666126134 0.00052279008174082274 0.0054691597730630922 0.002527053377878688 -0.0002009217465946903 0.0015507884972196604 -0.0030829158611595632 -0.000415921178493937
leaf_weight=3145 117 20 21 38 22 20 119 33 44 24 20 39 24 20 49 28 21 25 30 32 29 21 32 20 21 34 293 28 26 105
leaf_count=3145 117 20 21 38 22 20 119 33 44 24 20 39 24 20 49 28 21 25 30 32 29 21 32 20 21 34 293 28 26 105
internal_value=2.36857e-12 1.19249e-05 0.000713806 0.000360516 0.00127932 -0.000320664 -8.00183e-06 1.43712e-05 -0.000495543 -5.30254e-05 -3.295e-06 2.98799e-05 -0.000418591 -0.00217993 -0.000146571 0.000397754 0.00229828 -0.00046452 0.000292613 -0.000984403 0.00107207 -0.0020315 -2.9432e-06 4.30678e-05 0.0030563 -0.000285937 8.27209e-05 -0.000917096 -0.000505695 -0.000945248
internal_weight=4500 4383 121 101 43 58 4262 4075 187 143 4042 3743 299 40 259 157 49 108 83 102 59 53 3704 3186 41 518 327 191 159 131
internal_count=4500 4383 121 101 43 58 4262 4075 187 143 4042 3743 299 40 259 157 49 108 83 102 59 53 3704 3186 41 518 327 191 159 131
is_linear=0
shrinkage=0.1


Tree=83
num_leaves=31
num_cat=0
split_feature=8 4 9 10 8 1 3 4 1 4 8 6 3 8 7 10 10 9 4 4 9 9 3 3 3 3 10 4 7 6
split_gain=0.0023882 0.0077436 0.00767418 0.014661 0.0215196 0.0160133 0.010651 0.00968643 0.00798684 0.00676479 0.022085 0.0254602 0.00910042 0.0117553 0.0214885 0.0185674 0.0281815 0.0155801 0.014407 0.00990842 0.00936157 0.0249296 0.0224214 0.0375954 0.0251598 0.0260282 0.0324551 0.0272182 0.0176305 0.0319359
threshold=7364.5000000000009 7466.5000000000009 13115.750000000002 20449.125000000004 18810.250000000004 67.500000000000014 11942.500000000002 15697.500000000002 65.500000000000014 19033.000000000004 21937.125000000004 25075.333984375004 26676.000000000004 27320.125000000004 6587910.0000000009 32171.750000000004 33765.000000000007 28410.000000000004 23062.500000000004 24816.500000000004 38775.750000000007 38099.250000000007 40076.000000000007 41239.500000000007 42705.000000000007 43893.000000000007 46058.250000000007 37839.000000000007 15689061.000000002 36828.832031250007
decision_type=2 2 2 2 2 2 2 2 2 2 2 2 2 2 2 2 2 2 2 2 2 2 2 2 2 2 2 2 2 2
left_child=-1 -2 6 8 5 -5 -3 -6 -4 -9 -11 -12 -13 14 -14 -15 -17 -16 -18 -20 21 28 -22 -24 -25 27 -27 -26 29 -21
right_child=1 2 3 4 7 -7 -8 9 -10 10 11 12 13 15 17 16 18 -19 19 20 22 -23 23 24 25 26 -28 -29 -30 -31
leaf_value=-0.00081122270785272121 0.0014672451846611998 0.00016771451654759323 0.002876629138848296 -0.0042088523845277021 0.0015216721393655809 -0.00038946851981682301 -0.0030208331221365371 -0.0010962862864419419 0.00034076166541680046 0.003170178534293717 -0.0035659124236553912 0.0019942274590468278 -0.0039538869989060223 0.0026863893977581311 0.001650100972503424 -0.0036482783655325569 0.0026369834429628793 -0.0017300443021425358 -0.0022093707532621922 0.00030927669772889792 -0.0025704509729300353 0.0032425660407170657 0.0035957262433808424 -0.0027677528045111986 -0.00012887502496596425 -0.0025786595868079795 1.2552184403161511e-05 0.0050257454809200554 0.001411162328764072 -0.0039130294128604561
leaf_weight=36 36 22 27 21 42 23 20 56 23 22 20 23 21 26 25 21 21 30 20 81 34 32 29 33 20 49 3571 21 72 23
leaf_count=36 36 22 27 21 42 23 20 56 23 22 20 23 21 26 25 21 21 30 20 81 34 32 29 33 20 49 3571 21 72 23
internal_value=-9.53615e-13 6.54212e-06 -5.33352e-06 7.54905e-06 -1.2084e-05 -0.00221236 -0.00135064 1.04723e-05 0.00171013 -4.46187e-06 1.01166e-05 -6.54718e-06 1.05981e-05 -4.51395e-07 -0.00123264 2.2654e-05 5.4558e-06 -0.000193615 2.46092e-05 1.08426e-05 2.20416e-05 0.000675084 -1.4113e-05 9.23258e-06 -1.89234e-05 5.85433e-06 -2.25222e-05 0.0025113 0.000208269 -0.000624503
internal_weight=4500 4464 4428 4386 4336 44 42 4292 50 4250 4194 4172 4152 4129 76 4053 4027 55 4006 3985 3965 208 3757 3723 3694 3661 3620 41 176 104
internal_count=4500 4464 4428 4386 4336 44 42 4292 50 4250 4194 4172 4152 4129 76 4053 4027 55 4006 3985 3965 208 3757 3723 3694 3661 3620 41 176 104
is_linear=0
shrinkage=0.1


Tree=84
num_leaves=31
num_cat=0
split_feature=6 10 9 6 5 3 6 9 9 5 1 3 1 4 6 7 1 8 10 4 6 1 9 6 6 8 8 8 3 7
split_gain=0.00220682 0.0619117 0.0582349 0.0175249 0.0166509 0.0257357 0.0570941 0.0273212 0.0242073 0.0234243 0.0589573 0.0439821 0.061487 0.0161691 0.0705897 0.0685002 0.0645275 0.0333501 0.0328114 0.0291237 0.0594213 0.0565742 0.0401797 0.0289473 0.0457136 0.0281287 0.091093 0.047415 0.0269343 0.045289
threshold=56010.417968750007 58722.000000000007 55892.750000000007 55094.250000000007 62744.000000000007 64219.500000000007 57559.083984375007 55367.000000000007 56467.250000000007 64890.500000000007 70.500000000000014 61168.500000000007 71.500000000000014 47947.000000000007 53931.500000000007 15056294.000000002 68.500000000000014 52435.750000000007 61756.625000000007 45279.500000000007 52421.583984375007 72.500000000000014 50003.250000000007 50969.500000000007 48687.916015625007 45164.375000000007 45993.750000000007 44668.375000000007 51069.500000000007 20080501.000000004
decision_type=2 2 2 2 2 2 2 2 2 2 2 2 2 2 2 2 2 2 2 2 2 2 2 2 2 2 2 2 2 2
left_child=2 -2 13 -4 -3 6 -6 -7 -9 10 -8 -11 -13 14 19 16 -15 -18 -16 20 23 22 -21 24 25 27 -27 -1 -26 -30
right_child=1 4 3 -5 5 7 9 8 -10 11 -12 12 -14 15 18 -17 17 -19 -20 21 -22 -23 -24 -25 28 26 -28 -29 29 -31
leaf_value=5.1470588331036429e-05 0.005338410110297529 -0.0013571764599006667 -0.0016344312495285914 -0.0052770744264125828 0.0059436710466715427 -0.0029358469590079041 -0.0046624955094347782 0.0033857217147236782 -2.4045089983554239e-05 -0.00029101440159138295 0.0014851169851727976 0.0067559958360756608 -0.00014177277917042376 -0.0035362225069132235 0.0067946907620699635 -0.0062868103118879463 0.0037255557106905864 -0.00065602779650362217 0.0016408955771476032 0.0069497900238881518 -0.0037933516454189847 -0.0010355724103283139 0.0011633331771008671 0.0022964539637681672 -0.0054597777337767189 0.0072112790711054758 -0.0013220235801719386 -0.0045358540004362229 0.0026235254880573071 -0.0028089355632434031
leaf_weight=1107 22 86 28 25 22 32 26 21 2440 68 39 28 24 35 21 21 38 32 30 24 43 40 24 52 20 22 29 23 21 57
leaf_count=1107 22 86 28 25 22 32 26 21 2440 68 39 28 24 35 21 21 38 32 30 24 43 40 24 52 20 22 29 23 21 57
internal_value=-1.02387e-12 5.43599e-05 -9.02144e-05 -0.00335266 1.26338e-05 5.62648e-05 0.00112769 -3.26983e-05 5.05085e-06 0.000554979 -0.000973928 0.00138314 0.00357241 1.52826e-05 0.000105923 -0.00107312 -3.03768e-05 0.00172255 0.00376305 -2.16515e-05 -0.000134605 0.00174196 0.00405656 -1.64031e-05 -0.000110436 6.17805e-05 0.00235901 -4.18997e-05 -0.00218582 -0.00134635
internal_weight=4500 2808 1692 53 2786 2700 207 2493 2461 185 65 120 52 1639 1513 126 105 70 51 1462 1374 88 48 1331 1279 1181 51 1130 98 78
internal_count=4500 2808 1692 53 2786 2700 207 2493 2461 185 65 120 52 1639 1513 126 105 70 51 1462 1374 88 48 1331 1279 1181 51 1130 98 78
is_linear=0
shrinkage=0.1


Tree=85
num_leaves=31
num_cat=0
split_feature=5 10 10 10 5 3 10 10 6 3 9 6 8 9 3 5 4 4 9 5 3 5 10 10 8 5 8 1 4 10
split_gain=0.00253366 0.0533004 0.0287499 0.0421758 0.0247782 0.0241891 0.019454 0.0169099 0.0440366 0.0417995 0.0365451 0.0313351 0.0248988 0.026751 0.0303484 0.0233092 0.037326 0.0397798 0.0325103 0.037411 0.0303072 0.0164523 0.0509893 0.0327738 0.0211096 0.0380666 0.0425761 0.0344048 0.0201715 0.0189093
threshold=57241.000000000007 55233.875000000007 56167.500000000007 57060.000000000007 54980.500000000007 54327.500000000007 52915.250000000007 51178.125000000007 47713.416015625007 51416.500000000007 48701.250000000007 49550.666015625007 45164.375000000007 45566.000000000007 47911.500000000007 48845.000000000007 40004.500000000007 37839.000000000007 42527.750000000007 47067.000000000007 49284.500000000007 61292.000000000007 60282.250000000007 60823.125000000007 55858.625000000007 60938.500000000007 47619.250000000007 74.500000000000014 45035.000000000007 57829.125000000007
decision_type=2 2 2 2 2 2 2 2 2 2 2 2 2 2 2 2 2 2 2 2 2 2 2 2 2 2 2 2 2 2
left_child=4 -2 -3 -4 5 6 7 9 -9 10 12 -10 13 15 -15 16 17 18 19 -1 -17 24 28 -24 25 26 -5 29 -23 -28
right_child=1 2 3 21 -6 -7 -8 8 11 -11 -12 -13 -14 14 -16 20 -18 -19 -20 -21 -22 22 23 -25 -26 -27 27 -29 -30 -31
leaf_value=-1.1718834731046981e-05 0.0037220323303093516 -0.0032467355986160263 0.0032166978117169408 0.0028785692801018463 -0.00156817146926187 0.0030304443341894792 -0.002871174233344694 0.0047913132884647124 -0.0031371019949967211 -0.0044168188786980781 -0.0035751154611456774 0.001628630029389987 0.0025648050559445835 -0.0043823696399942552 8.4039206558372836e-05 0.0039413410265530862 -0.0034785136518379052 0.0033629830341346356 -0.0028138372904504654 0.0041751281167803841 -0.0004726357017976365 0.0011099373999362192 -0.0033015930386803422 2.1063887759736913e-05 0.0013549643179430861 -0.0047897905601205701 -0.0048611716034689121 0.0016719993188003589 0.0049407389430728352 -0.0013962216882242098
leaf_weight=713 39 27 41 26 108 26 24 26 22 22 28 37 39 29 32 35 30 36 40 22 28 27 30 2839 32 28 28 22 28 36
leaf_count=713 39 27 41 26 108 26 24 26 22 22 28 37 39 29 32 35 30 36 40 22 28 27 30 2839 32 28 28 22 28 36
internal_value=-3.92388e-12 4.77485e-05 2.45862e-06 3.04243e-05 -0.000117917 1.38134e-05 -5.36263e-05 5.74259e-06 0.00136256 -0.000103678 -1.1731e-05 -0.000148423 8.76463e-05 -1.24669e-05 -0.00203934 0.000124302 -1.4678e-05 0.000113454 -3.74919e-05 0.000113602 0.00197957 -1.17712e-05 4.41387e-05 -1.36798e-05 -0.00096224 -0.00149189 -0.000667411 -0.00173945 0.00306016 -0.00291214
internal_weight=4500 3203 3164 3137 1297 1189 1163 1139 85 1054 1032 59 1004 965 61 904 841 811 775 735 63 3096 2924 2869 172 140 112 86 55 64
internal_count=4500 3203 3164 3137 1297 1189 1163 1139 85 1054 1032 59 1004 965 61 904 841 811 775 735 63 3096 2924 2869 172 140 112 86 55 64
is_linear=0
shrinkage=0.1


Tree=86
num_leaves=31
num_cat=0
split_feature=5 3 10 10 4 4 8 3 1 4 4 8 8 9 8 6 3 8 1 8 8 3 3 8 4 5 10 10 4 6
split_gain=0.00211442 0.0796973 0.0380849 0.037216 0.0192465 0.045444 0.0372359 0.0199292 0.0263582 0.0200148 0.0299241 0.0289857 0.0582645 0.0579753 0.0241335 0.0280138 0.022379 0.040863 0.0366927 0.03348 0.0230679 0.0186248 0.0325818 0.0438796 0.0217592 0.0207594 0.033408 0.0292634 0.0215541 0.0184409
threshold=57452.000000000007 49534.500000000007 55233.875000000007 56167.500000000007 47433.000000000007 50376.500000000007 49836.875000000007 54956.500000000007 71.500000000000014 46006.500000000007 44836.000000000007 46891.000000000007 45164.375000000007 47754.500000000007 44668.375000000007 46926.500000000007 50266.000000000007 43365.125000000007 72.500000000000014 42218.625000000007 38711.125000000007 53539.500000000007 57693.000000000007 54593.125000000007 54920.500000000007 58509.000000000007 58322.750000000007 59301.250000000007 43148.000000000007 51915.083984375007
decision_type=2 2 2 2 2 2 2 2 2 2 2 2 2 2 2 2 2 2 2 2 2 2 2 2 2 2 2 2 2 2
left_child=4 -2 -3 -4 6 29 7 9 -9 10 11 12 14 -14 15 16 17 19 20 -1 -18 -5 23 -23 -25 -24 28 -28 -27 -6
right_child=1 2 3 21 5 -7 -8 8 -10 -11 -12 -13 13 -15 -16 -17 18 -19 -20 -21 -22 22 25 24 -26 26 27 -29 -30 -31
leaf_value=6.3541252608953564e-05 0.005909261771518251 0.0039697910542599857 -0.0039517331907215217 -0.002292543941709612 -0.0018024765187874437 0.0012495462782680989 0.0036578286939335093 -0.0038718826347781767 0.00065400767224756161 0.0030488098616756145 -0.003420352378788476 -0.003054901141052445 0.0076446423307061197 0.00020555480891330677 -0.0031203132510709114 0.0032648725157531987 -0.0012870967249563408 0.0038293887341361759 0.0012080654725432397 -0.0033342899413158497 -0.0059742548868858391 0.0059845805611638799 -0.002835708371276269 -0.0015436531146988273 0.0026717961770676389 0.0047264018193042528 -0.0026943067135573253 -3.840016660103739e-06 0.0005705696996301413 -0.0060453274776227778
leaf_weight=869 23 24 24 35 21 30 27 31 22 21 26 30 20 22 25 26 21 28 25 30 21 21 26 25 24 24 41 2892 26 20
leaf_count=869 23 24 24 35 21 30 27 31 22 21 26 30 20 22 25 26 21 28 25 30 21 21 26 25 24 24 41 2892 26 20
internal_value=-5.45475e-13 4.4045e-05 1.38218e-06 -2.89689e-05 -0.000106679 -0.00170806 -1.52824e-05 -9.6773e-05 -0.00199321 -1.04231e-05 -6.66295e-05 1.14339e-05 9.60614e-05 0.00374798 -5.07142e-05 2.45211e-05 -6.02366e-05 6.73264e-05 -0.00182518 -4.98458e-05 -0.00363068 1.26431e-06 2.73388e-05 0.00216011 0.000521057 -2.22771e-05 2.24491e-06 -4.14497e-05 0.00256537 -0.00387216
internal_weight=4500 3185 3162 3138 1315 71 1244 1217 53 1164 1143 1117 1087 42 1045 1020 994 927 67 899 42 3114 3079 70 49 3009 2983 2933 50 41
internal_count=4500 3185 3162 3138 1315 71 1244 1217 53 1164 1143 1117 1087 42 1045 1020 994 927 67 899 42 3114 3079 70 49 3009 2983 2933 50 41
is_linear=0
shrinkage=0.1


Tree=87
num_leaves=31
num_cat=0
split_feature=1 4 9 10 6 9 3 7 4 4 6 1 8 8 6 3 9 10 10 6 6 7 5 5 4 9 10 3 3 5
split_gain=0.00208801 0.00610142 0.0118197 0.017207 0.00942791 0.0158448 0.0115197 0.0413553 0.00760733 0.0207699 0.017029 0.029371 0.0175015 0.0182015 0.0266824 0.0127895 0.0267406 0.0311249 0.0214754 0.0484172 0.0210892 0.0134571 0.0132346 0.0145448 0.02906 0.0299766 0.0221514 0.0134628 0.0164278 0.0118371
threshold=45.500000000000007 5335.0000000000009 13115.750000000002 20449.125000000004 21193.916992187504 22126.250000000004 25850.500000000004 4762996.2500000009 21230.000000000004 19946.500000000004 28968.333007812504 65.500000000000014 28782.250000000004 30631.625000000004 33636.166015625007 34371.000000000007 35844.750000000007 39200.000000000007 40742.875000000007 39263.666015625007 40345.666015625007 13767984.000000002 44669.000000000007 47067.000000000007 37110.000000000007 43604.250000000007 46347.375000000007 42705.000000000007 46097.000000000007 52074.500000000007
decision_type=2 2 2 2 2 2 2 2 2 2 2 2 2 2 2 2 2 2 2 2 2 2 2 2 2 2 2 2 2 2
left_child=-1 -2 -3 -4 -5 -6 7 -7 9 -8 11 -10 -12 -14 -15 -16 -17 -18 -19 -20 21 -21 -22 24 -24 -26 -25 -28 -29 -30
right_child=1 2 3 4 5 6 8 -9 10 -11 12 -13 13 14 15 16 17 18 19 20 22 -23 23 26 25 -27 27 28 29 -31
leaf_value=0.00097183210627091194 0.0013499546302200268 -0.0014584642635392291 0.0017945105842543099 -0.001652912442971553 0.0026126714534652623 -0.0045444516232237223 -0.00015495049998874198 0.0011125008218056923 0.0045992561764168468 -0.003484640994271183 -0.0018418492831508903 -0.000147201243089512 0.0017224668130849401 -0.0035593898434724126 0.0023658587556818259 -0.0026045469602999781 0.0032356318893531962 -0.0025000264194900146 0.0035760067672909873 -0.0041105087986215948 0.0022199011821713711 -0.00056375296907904362 -0.003855852074800702 0.0029922387204132975 0.002819960420443253 -0.0024621158749574706 -0.0025193330432687487 0.0026839963934870196 -0.00088204283459947035 4.0577577393117308e-05
leaf_weight=22 33 56 53 35 23 24 101 28 22 23 51 32 62 21 23 39 30 34 38 20 27 23 29 25 22 21 21 23 145 3394
leaf_count=22 33 56 53 35 23 24 101 28 22 23 51 32 62 21 23 39 30 34 38 20 27 23 29 25 22 21 21 23 145 3394
internal_value=-1.1135e-12 -4.77452e-06 -1.48321e-05 3.58742e-06 -1.83035e-05 -5.00161e-06 -1.90751e-05 -0.0014984 -8.72354e-07 -0.000772554 2.24549e-05 0.00178654 -1.07782e-06 2.24096e-05 -4.37653e-06 1.46974e-05 7.99482e-07 2.71776e-05 1.9935e-06 2.44509e-05 -1.15382e-05 -0.00221341 1.40028e-05 -2.1818e-06 -0.00140951 0.000240342 2.59024e-05 5.20514e-06 2.00887e-05 2.77595e-06
internal_weight=4500 4478 4445 4389 4336 4301 4278 52 4226 124 4102 54 4048 3997 3935 3914 3891 3852 3822 3788 3750 43 3707 3680 72 43 3608 3583 3562 3539
internal_count=4500 4478 4445 4389 4336 4301 4278 52 4226 124 4102 54 4048 3997 3935 3914 3891 3852 3822 3788 3750 43 3707 3680 72 43 3608 3583 3562 3539
is_linear=0
shrinkage=0.1


Tree=88
num_leaves=31
num_cat=0
split_feature=8 10 5 9 3 8 10 1 6 4 4 1 6 8 6 6 4 4 8 8 1 8 1 3 6 5 5 5 8 9
split_gain=0.00247281 0.00829548 0.00593103 0.0164849 0.0194645 0.0104167 0.0297191 0.058076 0.0162854 0.0140195 0.0326303 0.0250653 0.0191386 0.00899832 0.00678196 0.0173754 0.023599 0.0102984 0.0147194 0.0131967 0.0161198 0.0100469 0.0273036 0.0224169 0.0161965 0.0132804 0.0329002 0.0293881 0.00671877 0.0146437
threshold=7364.5000000000009 13043.500000000002 21490.000000000004 22126.250000000004 23260.000000000004 22686.875000000004 29978.625000000004 71.500000000000014 25799.916992187504 21230.000000000004 22503.000000000004 67.500000000000014 40345.666015625007 13782.625000000002 27654.750000000004 28968.333007812504 24188.000000000004 25161.500000000004 28782.250000000004 30631.625000000004 69.500000000000014 33614.125000000007 68.500000000000014 43893.000000000007 36828.832031250007 42730.500000000007 44200.500000000007 41709.500000000007 35990.250000000007 40541.500000000007
decision_type=2 2 2 2 2 2 2 2 2 2 2 2 2 2 2 2 2 2 2 2 2 2 2 2 2 2 2 2 2 2
left_child=-1 -2 13 4 -4 6 7 -5 -7 11 -11 -10 -13 -3 -12 -16 -17 -18 -19 20 -20 22 -21 -24 -23 27 -27 -26 -28 -30
right_child=1 2 3 5 -6 8 -8 -9 9 10 14 12 -14 -15 15 16 17 18 19 21 -22 24 23 -25 25 26 28 -29 29 -31
leaf_value=-0.00082546726593540779 0.0014977770058337498 0.00021192547347810534 0.0037148320877279806 -0.004989506271002548 -0.00011863163327453314 0.0025550556769594552 0.0011626643652562052 0.0017655775113962593 0.0012769625410842507 0.0040482311882078644 -0.0018377795925334794 -0.0046356322064530107 -0.00054062769326957924 -0.0020239332458004355 0.0025365757514481196 -0.0028029550055362054 0.002169844787567854 -0.0024185582543723287 -0.00028195188826192979 0.0011619509534082481 0.0033524050019108336 0.0021933823245276203 -0.0036883443035185337 0.00041198139311745771 0.00030521041008870343 0.002992076991201454 0.0015113776363030976 -0.0041878684734304754 -0.0020236643600381084 3.1598262832966152e-06
leaf_weight=36 37 36 26 35 27 25 36 20 23 20 20 25 21 36 27 30 22 25 23 36 26 34 40 20 37 37 29 24 36 3631
leaf_count=36 37 36 26 35 27 25 36 20 23 20 20 25 21 36 27 30 22 25 23 36 26 34 40 20 37 37 29 24 36 3631
internal_value=-9.89441e-12 6.65698e-06 -5.80551e-06 9.07722e-06 0.00176194 -1.25177e-05 -0.00107105 -0.00253311 1.03572e-05 -4.84052e-06 1.88515e-05 -0.00141846 -0.00276617 -0.000906004 -8.1845e-07 8.19289e-06 -8.663e-06 1.21899e-05 3.16889e-07 1.55376e-05 0.00164648 -4.82843e-06 -0.00101525 -0.00232157 2.05113e-05 1.03905e-06 2.49553e-05 -0.00146256 -4.74801e-06 -1.67381e-05
internal_weight=4500 4464 4427 4355 53 4302 91 55 4211 4186 4117 69 46 72 4097 4077 4050 4020 3998 3973 49 3924 96 60 3828 3794 3733 61 3696 3667
internal_count=4500 4464 4427 4355 53 4302 91 55 4211 4186 4117 69 46 72 4097 4077 4050 4020 3998 3973 49 3924 96 60 3828 3794 3733 61 3696 3667
is_linear=0
shrinkage=0.1


Tree=89
num_leaves=31
num_cat=0
split_feature=3 3 8 6 3 3 5 6 5 10 10 5 9 6 6 8 4 8 3 4 7 4 6 8 1 1 5 6 8 7
split_gain=0.0022201 0.0162821 0.0212879 0.0410125 0.0137234 0.0180374 0.0122278 0.0106875 0.0170948 0.00756147 0.0278085 0.010743 0.0200491 0.0193076 0.01446 0.0144022 0.0196794 0.030271 0.0132149 0.0148316 0.0118259 0.0111576 0.018175 0.0144573 0.0313591 0.0320747 0.0317706 0.022713 0.0118241 0.0105685
threshold=78603.500000000015 77444.500000000015 71208.750000000015 69416.585937500015 80263.500000000015 80950.000000000015 86683.500000000015 68585.332031250015 79590.000000000015 78663.375000000015 80358.250000000015 89606.500000000015 67846.000000000015 71398.832031250015 72931.582031250015 67976.250000000015 61387.500000000007 71925.250000000015 87899.000000000015 73992.500000000015 116967704.00000001 55838.500000000007 78387.582031250015 74233.375000000015 74.500000000000014 68.500000000000014 98921.000000000015 79638.917968750015 76138.875000000015 153693904.00000003
decision_type=2 2 2 2 2 2 2 2 2 2 2 2 2 2 2 2 2 2 2 2 2 2 2 2 2 2 2 2 2 2
left_child=1 6 3 -3 7 -6 -1 -2 -9 -7 -11 12 -12 -14 -13 20 -17 -18 19 -16 -15 22 -20 24 25 29 -26 -27 -25 -23
right_child=4 2 -4 -5 5 9 -8 8 -10 10 11 14 13 15 18 16 17 -19 21 -21 -22 23 -24 28 26 27 -28 -29 -30 -31
leaf_value=-3.4135350099655471e-06 0.00054710286117538257 0.00013573317063184312 -0.00082117732241749762 0.0060774346613990411 0.0021953407584482595 -0.0018312061059987173 0.0024778912407055036 -0.0039913048851303755 -0.00081794423289277898 0.0031370336672774065 -0.0036786020081490279 0.0025301054605971211 0.0022519254963845013 -0.0032879036138624405 0.0036547854822129009 -0.0029565128949495074 0.0024861321318894627 -0.00058901639943679304 -0.0031466373940929773 0.0003331501880183634 -0.00049377155456958074 -0.0015903318381827814 0.00042964617756229858 -0.0020396577786992898 -0.0034945268321920327 0.0060891458853369676 0.0016248545821078799 0.0019292005045073374 -0.00010409928296634542 0.0014411708502017934
leaf_weight=2846 27 26 25 21 36 24 20 24 58 27 20 23 25 33 20 24 41 146 30 41 28 23 27 33 27 21 22 35 724 23
leaf_count=2846 27 26 25 21 36 24 20 24 58 27 20 23 25 33 20 24 41 146 30 41 28 23 27 33 27 21 22 35 724 23
internal_value=-9.10942e-12 5.12147e-05 0.00153647 0.00279054 -9.63308e-05 -1.51469e-05 1.39019e-05 -0.00117853 -0.00174673 -7.1306e-05 -4.09847e-05 -0.000103801 -0.000613948 -0.000407574 5.03622e-05 -0.000652014 -0.000260764 8.5214e-05 -5.22655e-06 0.00142221 -0.00200535 -9.54583e-05 -0.00145261 -1.02628e-05 0.000883165 0.00188199 -0.00119603 0.00348918 -0.000188476 -7.45805e-05
internal_weight=4500 2938 72 47 1562 1453 2866 109 82 1417 1393 1366 317 297 1049 272 211 187 1026 61 61 965 57 908 151 102 49 56 757 46
internal_count=4500 2938 72 47 1562 1453 2866 109 82 1417 1393 1366 317 297 1049 272 211 187 1026 61 61 965 57 908 151 102 49 56 757 46
is_linear=0
shrinkage=0.1


Tree=90
num_leaves=31
num_cat=0
split_feature=7 1 3 3 5 10 5 3 8 7 3 10 1 8 1 4 4 4 8 8 9 10 7 10 6 7 5 5 5 8
split_gain=0.00222151 0.016723 0.0114592 0.00993722 0.00781164 0.0244682 0.00815125 0.00827846 0.00726508 0.00945029 0.00628015 0.0153295 0.0128209 0.0187778 0.0269277 0.0106815 0.00788201 0.00754401 0.0164829 0.00869604 0.0126079 0.0187772 0.0601161 0.0415344 0.0256895 0.0198953 0.0145205 0.00984299 0.0122661 0.0386943
threshold=443636.73437500006 68.500000000000014 10201.500000000002 13512.500000000002 23560.500000000004 24989.500000000004 27046.500000000004 26676.000000000004 16067.000000000002 6587910.0000000009 32826.500000000007 34725.750000000007 72.500000000000014 24150.375000000004 68.500000000000014 24188.000000000004 12716.500000000002 19946.500000000004 29277.625000000004 30086.875000000004 34485.000000000007 39777.375000000007 4595946.2500000009 40742.875000000007 39263.666015625007 23558618.000000004 43759.000000000007 44979.500000000007 47067.000000000007 41577.375000000007
decision_type=2 2 2 2 2 2 2 2 2 2 2 2 2 2 2 2 2 2 2 2 2 2 2 2 2 2 2 2 2 2
left_child=1 -1 -2 -4 8 -6 -7 -8 9 -5 12 15 13 -9 -15 -12 -13 -18 -19 -20 -21 22 -22 -23 25 -25 -26 -28 29 -29
right_child=2 -3 3 4 5 6 7 10 -10 -11 11 16 -14 14 -16 -17 17 18 19 20 21 23 -24 24 26 -27 27 28 -30 -31
leaf_value=0.0020413615091732056 -0.0017143464706933652 -0.0015684708686811582 0.0019565797124344569 -0.0014797371563812097 0.0026854366187334939 -0.0020219389375415631 0.0015793269514247324 -0.0030254138046936869 -0.0024507256923243406 0.001286169132661252 0.00023949967289809139 -0.0017438093809267648 0.00087522125472069574 0.0015939572666372572 -0.0027550109351674717 0.0034326114236715843 0.0013869936810806394 -0.0020303458120906727 0.0020394011045850461 -0.001947359804233367 -0.0018735130903897463 -0.0041598648371291352 0.0043323583636634255 0.0047449403804785111 -0.002243843496423857 0.00047442355037977297 0.0017769644096974407 0.00021563657673493941 1.2945854207352764e-05 -0.0049149267347751279
leaf_weight=33 39 21 26 30 34 20 33 38 24 21 20 26 38 35 24 22 39 40 21 33 27 24 37 20 29 24 31 49 3621 21
leaf_count=33 39 21 26 30 34 20 33 38 24 21 20 26 38 35 24 22 39 40 21 33 27 24 37 20 29 24 31 49 3621 21
internal_value=3.22002e-13 0.000637538 -7.74337e-06 7.35931e-06 -4.20877e-06 1.34142e-05 -7.85193e-06 1.62166e-06 -0.001016 -0.000340835 -1.07188e-05 1.14634e-05 -0.000681771 -0.00129173 -0.000175115 0.00191208 -8.28571e-06 2.95025e-06 -1.06222e-05 9.89822e-06 -9.85226e-07 1.55562e-05 0.00171426 -1.29111e-05 1.33146e-05 0.00241557 -1.48643e-05 2.50284e-06 -1.24005e-05 -0.00132353
internal_weight=4500 54 4446 4407 4381 4306 4272 4252 75 51 4219 4084 135 97 59 42 4042 4016 3977 3937 3916 3883 64 3819 3795 44 3751 3722 3691 70
internal_count=4500 54 4446 4407 4381 4306 4272 4252 75 51 4219 4084 135 97 59 42 4042 4016 3977 3937 3916 3883 64 3819 3795 44 3751 3722 3691 70
is_linear=0
shrinkage=0.1


Tree=91
num_leaves=31
num_cat=0
split_feature=6 3 10 10 4 5 10 3 7 10 4 4 6 6 7 4 10 7 9 5 3 6 10 5 3 7 4 7 8 9
split_gain=0.00192869 0.00804559 0.00278874 0.0102277 0.00991153 0.00667909 0.0185271 0.00652795 0.00572392 0.00480044 0.00491515 0.0277718 0.00755951 0.0204766 0.0274476 0.0255239 0.0130231 0.0162173 0.00819759 0.0196316 0.0421274 0.0157461 0.0106254 0.0156599 0.0127157 0.0141109 0.0142643 0.0128895 0.0182082 0.011789
threshold=119614.25000000001 135023.00000000003 119060.12500000001 115810.00000000001 80270.500000000015 114613.50000000001 110417.00000000001 110959.50000000001 241515968.00000003 107768.62500000001 78782.500000000015 77985.500000000015 85495.914062500015 88000.000000000015 71841764.000000015 68485.500000000015 93903.750000000015 273583328.00000006 83539.000000000015 92445.000000000015 94002.500000000015 78699.750000000015 84387.250000000015 86913.000000000015 88205.500000000015 88163296.000000015 70107.000000000015 98730704.000000015 66709.375000000015 76716.000000000015
decision_type=2 2 2 2 2 2 2 2 2 2 2 2 2 2 2 2 2 2 2 2 2 2 2 2 2 2 2 2 2 2
left_child=1 2 3 5 -4 6 7 9 -7 10 11 12 16 14 -14 -16 18 -18 19 22 -21 -22 23 -1 25 26 -24 29 -29 -26
right_child=-2 -3 4 -5 -6 8 -8 -9 -10 -11 -12 -13 13 -15 15 -17 17 -19 -20 20 21 -23 24 -25 27 -27 -28 28 -30 -31
leaf_value=5.9621032234183568e-06 -0.00047467858548770896 0.0019617232959717513 -0.0019157399874970768 0.0017381696571486399 0.00033556961440505502 -0.00024162978280118893 0.002671674798386028 -0.0016860783727758605 -0.0024094503106815474 0.0012430337134461415 -0.00040602317887176824 0.0033457781262695788 -0.00067989714443683624 -0.00036517246345798659 0.00083106926176697022 0.0056681070864821473 -0.0030362240911927076 1.2353707391482135e-06 -0.00096483224391027587 0.0041146624044308229 -0.0025621305167442192 0.0011700599490163418 0.0013229611063642161 0.0020479513013637383 -0.0029278022237122061 -0.0034091573208570483 -0.0020751661170894903 -0.00035301671208192906 0.0033521653108653572 4.3053620987955267e-05
leaf_weight=3216 84 21 33 34 48 29 26 23 21 31 286 25 25 83 20 24 32 39 86 36 20 26 21 38 22 30 30 36 21 34
leaf_count=3216 84 21 33 34 48 29 26 23 21 31 286 25 25 83 20 24 32 39 86 36 20 26 21 38 22 30 30 36 21 34
internal_value=2.14479e-12 9.02921e-06 -3.01064e-07 1.0614e-05 -0.000581631 -3.10955e-06 1.04721e-05 -5.98637e-06 -0.00115211 3.25595e-06 -6.00504e-06 2.36029e-05 1.96854e-06 0.000693087 0.00196607 0.00346945 -2.65235e-05 -0.00136776 -1.88324e-07 2.33129e-05 0.00155252 -0.000452632 -1.30546e-05 2.98083e-05 -0.000732002 -0.00168824 -0.000675937 -4.65571e-05 0.00101205 -0.00112407
internal_weight=4500 4416 4395 4314 81 4280 4230 4204 50 4181 4150 3864 3839 152 69 44 3687 71 3616 3530 82 46 3448 3254 194 81 51 113 57 56
internal_count=4500 4416 4395 4314 81 4280 4230 4204 50 4181 4150 3864 3839 152 69 44 3687 71 3616 3530 82 46 3448 3254 194 81 51 113 57 56
is_linear=0
shrinkage=0.1


Tree=92
num_leaves=31
num_cat=0
split_feature=4 8 1 1 3 4 6 3 9 9 3 10 10 9 8 1 9 9 6 1 6 6 9 8 4 9 3 5 1 5
split_gain=0.0019762 0.00461601 0.00657911 0.0051865 0.00401744 0.00361021 0.00598907 0.0228737 0.0138584 0.0197271 0.0316964 0.0140719 0.0199006 0.0126149 0.0287282 0.0129222 0.0125563 0.0117394 0.010261 0.0255824 0.0101167 0.011068 0.0103818 0.0113873 0.014392 0.0103698 0.0470088 0.0224167 0.024011 0.0325736
threshold=99679.500000000015 97004.750000000015 67.500000000000014 71.500000000000014 113833.50000000001 83587.000000000015 85495.914062500015 86700.500000000015 81514.500000000015 80607.000000000015 83997.500000000015 93903.750000000015 91600.750000000015 79059.000000000015 74896.875000000015 70.500000000000014 82666.750000000015 78362.500000000015 87254.582031250015 71.500000000000014 78699.750000000015 78005.917968750015 77173.500000000015 74233.375000000015 70337.500000000015 72315.750000000015 74281.500000000015 87097.000000000015 70.500000000000014 79226.500000000015
decision_type=2 2 2 2 2 2 2 2 2 2 2 2 2 2 2 2 2 2 2 2 2 2 2 2 2 2 2 2 2 2
left_child=1 5 -3 4 -4 6 8 -8 9 11 -11 12 13 17 -15 -16 -10 20 19 -9 21 22 23 24 25 -1 -27 28 -28 -30
right_child=-2 2 3 -5 -6 -7 7 18 16 10 -12 -13 -14 14 15 -17 -18 -19 -20 -21 -22 -23 -24 -25 -26 26 27 -29 29 -31
leaf_value=-1.9882687907895317e-05 -0.00040560348412234306 0.0020293923238149055 0.00035218583597313791 0.00087796004286415331 -0.001628165296278894 -0.00049688174772670435 0.0036803747783415021 -0.00043675675212095184 -0.0022174940250503524 0.004946243558965978 -0.00027720627482407371 -0.0021622969101493558 0.002882422079953055 -0.0044296879421121312 -0.0016110503045969051 0.0018569705511687234 -0.00040034209001145221 0.0019563086855698439 -4.3716402040051952e-05 0.0035541991349951974 -0.0019265640509763251 0.0023623429425060748 -0.0014889704747474753 0.0019313630708042654 -0.0019552817945746154 0.0039426720487205566 -0.0023421013210900127 0.002087388419895433 0.0029946620846467635 -0.0011156401514787885
leaf_weight=2939 117 26 21 54 20 145 20 36 48 21 26 30 24 21 22 21 183 31 296 29 27 20 46 31 37 37 50 40 31 51
leaf_count=2939 117 26 21 54 20 145 20 36 48 21 26 30 24 21 22 21 183 31 296 29 27 20 46 31 37 37 50 40 31 51
internal_value=3.70874e-12 1.08272e-05 0.00061989 0.000234131 -0.000613839 -6.46434e-06 1.08081e-05 0.000388493 -2.77085e-05 2.17356e-05 0.00205668 -5.92266e-06 1.29488e-05 -7.28255e-06 -0.00139797 8.26343e-05 -0.000777932 1.93654e-05 0.000206118 0.00134382 1.21934e-06 1.70786e-05 2.69932e-06 2.40354e-05 5.47114e-06 2.85168e-05 0.000709121 1.35311e-05 -0.000614911 0.000438255
internal_weight=4500 4383 121 95 41 4262 4117 381 3736 3505 47 3458 3428 3404 64 43 231 3340 361 65 3309 3282 3262 3216 3185 3148 209 172 132 82
internal_count=4500 4383 121 95 41 4262 4117 381 3736 3505 47 3458 3428 3404 64 43 231 3340 361 65 3309 3282 3262 3216 3185 3148 209 172 132 82
is_linear=0
shrinkage=0.1


Tree=93
num_leaves=31
num_cat=0
split_feature=7 7 7 1 3 9 3 9 4 8 7 3 8 6 8 7 4 8 1 8 4 7 7 7 7 7 7 1 9 8
split_gain=0.00206909 0.0120497 0.0104411 0.0101404 0.00981192 0.00896499 0.00890298 0.0183789 0.0223633 0.0068563 0.00472421 0.0109587 0.0177078 0.00905235 0.00766743 0.00446484 0.0105742 0.013692 0.0175681 0.0123408 0.0110748 0.00758119 0.00656866 0.0112478 0.0079288 0.0106149 0.00628178 0.020926 0.0298076 0.0246056
threshold=273583328.00000006 334210032.00000006 374349968.00000006 73.500000000000014 110269.00000000001 63124.750000000007 79423.500000000015 81514.500000000015 65053.500000000007 63451.750000000007 201949632.00000003 79423.500000000015 65845.125000000015 87672.914062500015 85054.000000000015 159808368.00000003 44105.500000000007 67333.375000000015 73.500000000000014 39854.625000000007 69841.000000000015 153693904.00000003 149083416.00000003 142233512.00000003 136571672.00000003 126611896.00000001 101270224.00000001 74.500000000000014 63358.000000000007 61888.125000000007
decision_type=2 2 2 2 2 2 2 2 2 2 2 2 2 2 2 2 2 2 2 2 2 2 2 2 2 2 2 2 2 2
left_child=10 4 -3 6 5 -2 -4 -8 -9 -5 15 -12 -13 -14 -15 21 19 18 -18 -17 -19 22 23 24 25 26 -1 29 -29 -28
right_child=1 2 3 9 -6 -7 7 8 -10 -11 11 12 13 14 -16 16 17 20 -20 -21 -22 -23 -24 -25 -26 -27 27 28 -30 -31
leaf_value=-2.4004670727834458e-05 0.00041878259042277938 -0.0017665058682563113 -0.0010883384384214878 0.00040536191802294485 -0.0001281434131669812 0.0031019071102932547 0.0038528900779783732 -0.0021896200381558051 0.0017977701864229181 -0.0019505528399410346 0.00090955479670236329 -0.0027814562265307476 0.001549550965005024 -0.0023506534380084349 9.3650867612185803e-05 0.00099719370537925344 0.0035668884404003623 -0.0013555087930252475 -0.00011181045168389877 -0.0022911069989204405 0.001191437641452802 -0.0015052803983802306 0.0013783331570105957 -0.0018285195425371912 0.0015186754356631461 -0.0012533683258773047 0.0027076813349154807 -0.0041688556317240003 0.00054006484655163634 6.0728304163570069e-05
leaf_weight=3497 20 34 21 21 32 33 20 22 39 30 38 39 22 21 33 21 34 31 21 25 38 34 34 34 34 68 62 20 41 81
leaf_count=3497 20 34 21 21 32 33 20 22 39 30 38 39 22 21 33 21 34 31 21 25 38 34 34 34 34 68 62 20 41 81
internal_value=1.05196e-12 0.000267342 -0.000181396 0.00017085 0.00125456 0.00208941 0.000746511 0.00122221 0.000359695 -0.00098047 -1.71989e-05 -0.000562724 -0.00104922 -0.000160304 -0.000856912 3.28342e-06 0.000504961 0.000985323 0.00216229 -0.000789926 4.71574e-05 -1.85566e-05 -5.49831e-06 -1.77606e-05 -1.57182e-06 -1.52859e-05 7.46189e-06 0.000546867 -0.00100384 0.00120836
internal_weight=4500 272 187 153 85 53 102 81 61 51 4228 153 115 76 54 4075 170 124 55 46 69 3905 3871 3837 3803 3769 3701 204 61 143
internal_count=4500 272 187 153 85 53 102 81 61 51 4228 153 115 76 54 4075 170 124 55 46 69 3905 3871 3837 3803 3769 3701 204 61 143
is_linear=0
shrinkage=0.1


Tree=94
num_leaves=31
num_cat=0
split_feature=9 4 7 4 9 1 6 6 4 6 6 6 6 8 1 3 9 9 7 3 6 9 9 1 1 4 4 4 6 6
split_gain=0.00194909 0.0332897 0.0502243 0.0437126 0.0331353 0.0262896 0.0303336 0.0210813 0.0227948 0.0152235 0.0361314 0.033475 0.0293606 0.0236394 0.043897 0.0179352 0.0160889 0.0312995 0.0225066 0.0222998 0.0141018 0.0557549 0.0214159 0.0138632 0.0132618 0.0121058 0.0113082 0.011119 0.0251583 0.0464776
threshold=64161.750000000007 55672.500000000007 36613816.000000007 54639.000000000007 63358.000000000007 68.500000000000014 60941.500000000007 64924.332031250007 49617.000000000007 59062.333984375007 59984.500000000007 58675.332031250007 59543.833984375007 55357.875000000007 69.500000000000014 75323.500000000015 58590.000000000007 58069.500000000007 32332503.000000004 66148.500000000015 66286.250000000015 66498.750000000015 65638.500000000015 71.500000000000014 67.500000000000014 43599.500000000007 57076.500000000007 52765.500000000007 57831.000000000007 57139.417968750007
decision_type=2 2 2 2 2 2 2 2 2 2 2 2 2 2 2 2 2 2 2 2 2 2 2 2 2 2 2 2 2 2
left_child=1 3 4 9 5 -3 -7 8 -2 11 12 16 -11 14 -12 -16 17 27 -18 -20 21 22 -9 24 -15 -22 -10 28 29 -1
right_child=7 2 -4 -5 -6 6 -8 20 26 10 13 -13 -14 23 15 -17 18 -19 19 -21 25 -23 -24 -25 -26 -27 -28 -29 -30 -31
leaf_value=3.5900036262555755e-05 0.00060506313142517736 -0.0018646872076842132 0.0059182611251757909 -0.0034435390243055045 0.0044847764773294331 0.003805829577946237 -0.00055670201986071633 0.0010688752038404345 -0.0033674980023321007 0.00070893196243559942 -0.0022536146412180228 -0.0036315550830645056 0.0050270720805612309 -0.001458225459188085 0.00092603749595582491 0.0049092270075701758 -0.004234635528354418 0.0034848677943675565 0.0015719100874516051 -0.0025371173592284323 -0.0023318060734511719 0.0041245270949347244 -0.0031131854911412423 -0.0024076127134854113 0.001772487127648977 -2.4151799182131266e-05 -0.00076840044214175304 -0.0018010059426374295 0.0031123645630521841 -0.0046974379677392009
leaf_weight=1707 37 43 22 37 20 28 37 25 47 32 22 26 31 27 20 26 21 26 28 25 23 38 24 41 24 1956 26 34 26 21
leaf_count=1707 37 43 22 37 20 28 37 25 47 32 22 26 31 27 20 26 21 26 28 25 23 38 24 41 24 1956 26 34 26 21
internal_value=-1.12153e-12 6.36826e-05 0.00150454 -3.57325e-05 0.000745932 5.35528e-05 0.00132254 -6.8014e-05 -0.00141694 2.32702e-05 0.000805209 -6.78335e-05 0.00283373 6.47883e-06 0.00142031 0.00317741 -1.87568e-05 4.02034e-05 -0.00146408 -0.00036631 3.80687e-06 0.00124986 -0.000979481 -0.00103853 6.21099e-05 -5.09714e-05 -0.00244179 -9.88678e-06 2.48327e-05 -2.16232e-05
internal_weight=4500 2324 150 2174 128 108 65 2176 110 2137 223 1914 63 160 68 46 1888 1814 74 53 2066 87 49 92 51 1979 73 1788 1754 1728
internal_count=4500 2324 150 2174 128 108 65 2176 110 2137 223 1914 63 160 68 46 1888 1814 74 53 2066 87 49 92 51 1979 73 1788 1754 1728
is_linear=0
shrinkage=0.1


Tree=95
num_leaves=31
num_cat=0
split_feature=4 4 3 7 8 3 5 6 6 1 1 7 7 1 4 7 10 5 5 9 9 10 10 8 9 8 8 9 4 4
split_gain=0.00194632 0.0253511 0.0266022 0.0375765 0.0175813 0.0174223 0.0316261 0.0222546 0.0395049 0.0148761 0.034307 0.0358824 0.0506494 0.0197708 0.0171466 0.0165522 0.0152325 0.025363 0.0343712 0.0327964 0.0271599 0.0248384 0.0238916 0.026926 0.0454739 0.0366706 0.028238 0.0246517 0.0199438 0.0112001
threshold=36425.000000000007 34476.000000000007 49996.500000000007 15056294.000000002 39159.000000000007 75899.000000000015 69369.500000000015 48019.833984375007 44227.000000000007 75.500000000000014 73.500000000000014 6805831.7500000009 32716277.000000004 72.500000000000014 28981.000000000004 10963882.000000002 51480.500000000007 47900.000000000007 44979.500000000007 37623.750000000007 36392.500000000007 38182.250000000007 36011.750000000007 29277.625000000004 27698.750000000004 27320.125000000004 22686.875000000004 22126.250000000004 22503.000000000004 28981.000000000004
decision_type=2 2 2 2 2 2 2 2 2 2 2 2 2 2 2 2 2 2 2 2 2 2 2 2 2 2 2 2 2 2
left_child=1 5 3 -3 -2 6 7 8 9 10 13 -12 14 16 -13 -15 17 18 19 20 21 22 23 24 26 -26 27 -1 -28 -11
right_child=4 2 -4 -5 -6 -7 -8 -9 -10 29 11 12 -14 15 -16 -17 -18 -19 -20 -21 -22 -23 -24 -25 25 -27 28 -29 -30 -31
leaf_value=0.00034732879051217264 0.0020935971880467925 -0.002123259254241068 -0.0033579395111604407 0.002997889584335296 1.0611843860753217e-05 -0.0023154375981539487 0.0038787227684885942 -0.0030299028665151284 0.0033165508225981803 0.00049553486342365685 0.0019472689362009987 -0.0030205447248937119 -0.00010250436852833158 -0.00012152190875812348 -0.0069727662717923525 0.003465004532688087 -0.0027545760980865457 0.0026200344600511016 -0.0031977539614993426 0.0035467396604452425 -0.003532866405492479 0.0030055568484520473 -0.0027052585077895364 0.0027415072971156665 -0.0056751120528206233 -7.7195057052780288e-05 0.0047050753174434331 -0.0022651887936000199 0.00071226908536306749 0.0034327322011813524
leaf_weight=183 41 38 47 23 3468 30 22 23 37 37 20 21 38 22 23 31 20 36 34 26 22 27 33 35 25 22 22 45 29 20
leaf_count=183 41 38 47 23 3468 30 22 23 37 37 20 21 38 22 23 31 20 36 34 26 22 27 33 35 25 22 22 45 29 20
internal_value=-1.1725e-12 -0.000123753 -0.00156996 -0.000192334 3.49499e-05 5.31327e-05 0.000136435 3.73615e-05 0.000124672 -2.85048e-05 -0.000152614 -0.00185054 -0.00277683 0.000130373 -0.00508648 0.00197626 -4.46394e-05 5.59148e-05 -0.000127601 9.4969e-05 -0.000107618 7.13736e-05 -0.0001297 0.000105739 -0.000177242 -0.00305481 0.000307509 -0.0001683 0.00243466 0.00152613
internal_weight=4500 991 108 61 3509 883 853 831 808 771 714 102 82 612 44 53 559 539 503 469 443 421 394 361 326 47 279 228 51 57
internal_count=4500 991 108 61 3509 883 853 831 808 771 714 102 82 612 44 53 559 539 503 469 443 421 394 361 326 47 279 228 51 57
is_linear=0
shrinkage=0.1


Tree=96
num_leaves=31
num_cat=0
split_feature=7 7 6 10 5 5 10 4 4 4 7 7 3 5 10 4 5 7 1 4 8 7 1 7 7 7 7 1 3 1
split_gain=0.00205156 0.0132752 0.0137259 0.0253929 0.0126736 0.00904098 0.00730575 0.0116578 0.0162895 0.0105411 0.00398041 0.0104608 0.00735423 0.00764846 0.0107567 0.00402656 0.00605527 0.00341879 0.0136357 0.020717 0.0179884 0.0104213 0.0239133 0.0183087 0.00704481 0.0233847 0.0230136 0.0167353 0.0281364 0.0135152
threshold=283986496.00000006 312453600.00000006 89397.250000000015 119060.12500000001 130434.50000000001 140042.50000000003 102973.87500000001 35519.500000000007 46548.000000000007 16741.000000000004 201949632.00000003 217236368.00000003 78603.500000000015 90586.000000000015 94220.000000000015 79858.500000000015 106566.50000000001 164973408.00000003 73.500000000000014 44105.500000000007 66461.500000000015 156487704.00000003 72.500000000000014 151275592.00000003 111531388.00000001 116967704.00000001 104140996.00000001 65.500000000000014 77738.500000000015 75.500000000000014
decision_type=2 2 2 2 2 2 2 2 2 2 2 2 2 2 2 2 2 2 2 2 2 2 2 2 2 2 2 2 2 2
left_child=10 -2 6 -4 -5 -6 7 9 -9 -3 17 -12 -13 -14 -15 16 -16 21 19 -19 -21 23 -23 24 26 -26 -1 28 -27 -29
right_child=1 2 3 4 5 -7 -8 8 -10 -11 11 12 13 14 15 -17 -18 18 -20 20 -22 22 -24 -25 25 27 -28 29 -30 -31
leaf_value=-1.4647247926015881e-05 0.0021150173235903766 0.00011891624538596564 0.0036161046067718417 -0.0019587146739164988 0.0023000096699789816 -0.00035487945705395323 -0.0024752500839531422 0.0029219202341482743 -0.00081471204092460029 -0.0027370898053050044 -0.0020595176159130301 0.0013457914024391877 -0.0022380804480053485 0.0019031471173678125 -2.3413436221224921e-05 0.00038160943051638164 -0.0023720696882304293 -0.0013090765366897635 -0.00081703757238574335 0.0040866726876369547 0.00068608994595706471 -0.0031732570304865803 0.0012618993571959438 0.0023152123095796389 -0.0029649442078901783 0.00065322916139848536 0.0018426441597779665 0.00070667310712095414 -0.0046511479772743764 -0.0014150578715519883
leaf_weight=3531 34 24 25 24 23 29 20 20 28 28 34 28 20 21 21 23 23 23 50 28 35 31 20 34 34 20 68 143 20 38
leaf_count=3531 34 24 25 24 23 29 20 20 28 28 34 28 20 21 21 23 23 23 50 28 35 31 20 34 34 20 68 143 20 38
internal_value=2.77117e-12 0.000275489 -7.51528e-06 0.000851507 -5.79004e-05 0.000819398 -0.000730525 -0.000381581 0.000742218 -0.00141893 -1.65488e-05 -0.000490643 -9.84237e-05 -0.00047285 -7.16611e-05 -0.000690631 -0.00125112 3.22933e-06 0.000496172 0.00125967 0.00219746 -1.37903e-05 -0.00143398 4.83878e-06 -1.55433e-05 -0.000523468 2.04447e-05 -0.000147857 -0.00199896 0.000261227
internal_weight=4500 255 221 101 76 52 120 100 48 52 4245 170 136 108 88 67 44 4075 136 86 63 3939 51 3888 3854 255 3599 221 40 181
internal_count=4500 255 221 101 76 52 120 100 48 52 4245 170 136 108 88 67 44 4075 136 86 63 3939 51 3888 3854 255 3599 221 40 181
is_linear=0
shrinkage=0.1


Tree=97
num_leaves=31
num_cat=0
split_feature=7 7 7 3 7 1 3 5 7 4 3 1 9 3 3 3 1 5 1 6 10 1 6 3 7 3 10 5 8 9
split_gain=0.00194968 0.0146652 0.0140343 0.0256926 0.0135556 0.0212784 0.0100575 0.0181512 0.00718854 0.0215872 0.0100913 0.0113132 0.00815953 0.0181215 0.00784507 0.0111048 0.00437512 0.0211674 0.00641906 0.0357186 0.00513415 0.045658 0.0359744 0.0277502 0.0176237 0.0106911 0.0251138 0.0127737 0.0263284 0.0123726
threshold=913616.12500000012 649555.71875000012 1340704.5625000002 40909.500000000007 1715620.3750000002 68.500000000000014 31586.500000000004 11495.500000000002 2201230.5000000005 43148.000000000007 11942.500000000002 46.500000000000007 14426.000000000002 19238.000000000004 23260.000000000004 25850.500000000004 52.500000000000007 72550.000000000015 54.500000000000007 65169.416015625007 30672.750000000004 71.500000000000014 25075.333984375004 32826.500000000007 8698608.0000000019 36615.500000000007 36011.750000000007 39350.000000000007 31265.125000000004 30684.000000000004
decision_type=2 2 2 2 2 2 2 2 2 2 2 2 2 2 2 2 2 2 2 2 2 2 2 2 2 2 2 2 2 2
left_child=1 6 3 -2 5 -4 7 -1 9 -6 -10 -12 -13 -14 -15 -16 17 -17 19 -18 21 22 -20 24 -22 26 29 28 -27 -25
right_child=2 -3 4 -5 8 -7 -8 -9 10 -11 11 12 13 14 15 16 18 -19 20 -21 23 -23 -24 25 -26 27 -28 -29 -30 -31
leaf_value=0.0014924759563820606 0.0036377515788350643 -0.0020677173432583611 -6.1654621351729417e-05 -0.00073678028583526619 0.0032315949640738281 -0.0041723209055635384 0.0018858127429017 -0.0025696730156513779 -0.0021910864172414654 -0.00076996736908248363 0.0023792024422436952 0.0016965335478224524 -0.0029464239576121884 0.001410181471743645 -0.0021595796002657152 -0.0029962289171332184 0.0042779517642338762 0.0014087028519134039 -0.0034499047311126359 -0.0016269720930029595 -0.0044576613952151756 0.004231752697020196 0.0017122379952558765 0.0016627251147292557 -0.00075687267817556867 0.00070536727518109345 0.0042294054641388362 7.0792032312049806e-06 -0.0043642966868355877 -0.0014245882673464992
leaf_weight=22 29 36 34 25 26 20 28 22 21 28 20 28 21 39 24 24 20 20 27 21 22 26 27 25 31 21 20 3746 20 27
leaf_count=22 29 36 34 25 26 20 28 22 21 28 20 28 21 39 24 24 20 20 27 21 22 26 27 25 31 21 20 3746 20 27
internal_value=1.72268e-12 -0.000419754 1.03218e-05 0.00161251 -9.62238e-06 -0.00158412 0.000404228 -0.000538599 1.02243e-05 0.00115671 -4.41172e-06 6.49827e-06 -4.82999e-06 -1.62787e-05 -1.41567e-06 -1.48398e-05 -2.21438e-06 -0.000993987 8.60586e-06 0.00125348 -4.17966e-06 0.000788857 -0.000868833 -2.03972e-05 -0.00229305 1.08157e-05 0.00121795 -1.21348e-05 -0.00176764 5.9697e-05
internal_weight=4500 108 4392 54 4338 54 72 44 4284 54 4230 4209 4189 4161 4140 4101 4077 44 4033 41 3992 80 54 3912 53 3859 72 3787 41 52
internal_count=4500 108 4392 54 4338 54 72 44 4284 54 4230 4209 4189 4161 4140 4101 4077 44 4033 41 3992 80 54 3912 53 3859 72 3787 41 52
is_linear=0
shrinkage=0.1


Tree=98
num_leaves=31
num_cat=0
split_feature=9 10 5 8 5 9 3 8 4 4 1 3 4 6 1 8 8 6 5 8 6 8 6 5 5 5 9 9 1 9
split_gain=0.00220115 0.00522783 0.00506518 0.00399369 0.0108569 0.0232321 0.0169157 0.0120034 0.00979319 0.0144548 0.0241097 0.0240883 0.0200677 0.0099474 0.0243424 0.0106699 0.017913 0.0127358 0.0142237 0.0125775 0.0353799 0.0200317 0.0188152 0.0222277 0.0313935 0.0200158 0.0236979 0.0202178 0.0307223 0.0108971
threshold=8499.7500000000018 13043.500000000002 15566.500000000002 13782.625000000002 21490.000000000004 22126.250000000004 23260.000000000004 19580.250000000004 12716.500000000002 19946.500000000004 68.500000000000014 25850.500000000004 21230.000000000004 28968.333007812504 65.500000000000014 29277.625000000004 30086.875000000004 33636.166015625007 38087.000000000007 33233.375000000007 36828.832031250007 31860.000000000004 37910.582031250007 41709.500000000007 42730.500000000007 44200.500000000007 38438.500000000007 41150.250000000007 71.500000000000014 42527.750000000007
decision_type=2 2 2 2 2 2 2 2 2 2 2 2 2 2 2 2 2 2 2 2 2 2 2 2 2 2 2 2 2 2
left_child=-1 -2 -3 -4 -5 6 -6 -7 -9 10 -10 -11 -13 14 -14 -15 -17 -18 -19 21 -21 -20 -22 -24 -25 -26 -27 28 -28 -29
right_child=1 2 3 4 5 7 -8 8 9 11 -12 12 13 15 -16 16 17 18 19 20 22 -23 23 24 25 26 27 29 -30 -31
leaf_value=-0.0007788053843089276 0.0012064744563152394 -0.0015912908874452115 0.0010833361020024098 -0.0017341085942462087 0.0041626992422844405 -0.0022443949928856455 0.00032743048732695378 -0.0021559072475481247 0.0032018876911417862 -0.0027489193548831284 -0.00038430724602413218 -0.0029402944583283817 0.0039307204815982417 -0.0012670793226705148 -0.00039035848749335855 0.0024190017623045754 -0.0021586530186511852 0.0023983128704130651 0.00036869112136108539 0.0037059946128955253 -0.0029114002023230903 -0.0030146013135423089 0.0032658934282759826 -0.0037630592938512567 0.0024408288526020071 0.003436417365446687 -0.0044670782014727597 0.0015753453212462112 0.00072123705675559383 -7.9407361638831014e-06
leaf_weight=36 36 20 34 36 23 24 23 21 37 32 38 23 22 65 32 31 27 25 35 26 22 35 21 22 34 20 25 44 21 3610
leaf_count=36 36 20 34 36 23 24 23 21 37 32 38 23 22 65 32 31 27 25 35 26 22 35 21 22 34 20 25 44 21 3610
internal_value=6.27331e-12 6.28069e-06 -3.47698e-06 3.72726e-06 -4.66476e-06 9.68747e-06 0.00224506 -1.42704e-05 -1.72991e-06 8.92178e-06 0.00138488 -1.58138e-05 5.3116e-06 2.17675e-05 0.00137008 3.84751e-06 2.45104e-05 5.79872e-06 2.06313e-05 5.44811e-06 2.96323e-05 -0.00132296 4.60339e-06 2.14989e-05 3.45535e-06 2.55287e-05 3.45336e-06 -1.51032e-05 -0.0020985 1.11246e-05
internal_weight=4500 4464 4428 4408 4374 4338 46 4292 4268 4247 75 4172 4140 4117 54 4063 3998 3967 3940 3915 3845 70 3819 3797 3776 3754 3720 3700 46 3654
internal_count=4500 4464 4428 4408 4374 4338 46 4292 4268 4247 75 4172 4140 4117 54 4063 3998 3967 3940 3915 3845 70 3819 3797 3776 3754 3720 3700 46 3654
is_linear=0
shrinkage=0.1


Tree=99
num_leaves=31
num_cat=0
split_feature=9 4 8 5 9 3 8 4 4 1 3 4 3 4 7 4 6 8 9 6 7 9 9 10 7 10 10 10 10 3
split_gain=0.00188685 0.0134266 0.00969127 0.00879407 0.018818 0.0137017 0.00972276 0.00793249 0.0117084 0.0195289 0.0195115 0.0162548 0.00897514 0.0100873 0.00819521 0.00784384 0.0135673 0.00979877 0.0189823 0.0144812 0.0168251 0.0152435 0.00723785 0.0174706 0.0321195 0.0298464 0.0202989 0.0364708 0.0188085 0.0399092
threshold=13115.750000000002 5335.0000000000009 13782.625000000002 21490.000000000004 22126.250000000004 23260.000000000004 19580.250000000004 12716.500000000002 19946.500000000004 68.500000000000014 25850.500000000004 21230.000000000004 27513.000000000004 22503.000000000004 649555.71875000012 24188.000000000004 30316.000000000004 27320.125000000004 30684.000000000004 33636.166015625007 7867650.0000000009 34044.250000000007 35215.000000000007 39777.375000000007 5122361.5000000009 40742.875000000007 41665.875000000007 42608.500000000007 44261.250000000007 43122.000000000007
decision_type=2 2 2 2 2 2 2 2 2 2 2 2 2 2 2 2 2 2 2 2 2 2 2 2 2 2 2 2 2 2
left_child=1 -1 -2 -4 5 -5 -6 -8 9 -9 -10 -12 -13 -14 -15 16 -16 -17 -19 20 -20 -21 -23 24 -24 -25 -27 -28 29 -29
right_child=2 -3 3 4 6 -7 7 8 10 -11 11 12 13 14 15 17 -18 18 19 21 -22 22 23 25 -26 26 27 28 -30 -31
leaf_value=0.001191099811330787 0.0016432771092594421 -0.0013605146757166449 -0.001560697778283308 0.0037464292193560497 -0.0020199554517603248 0.00029468739648228111 -0.0019403164785000541 0.0028816989169934311 -0.0024740273662246185 -0.00034587652354323503 -0.0026462649157189804 0.0021328278910368683 0.0021448068278418345 0.0017026650785867657 0.00052930588967033804 -0.0022072053304873405 -0.0029511658620322125 0.002517750520880024 -0.0039525929931551219 0.0024737669741734863 0.00010012587133262839 -0.0016663345248581702 -0.00067034265458849928 -0.0036097098769539079 0.00407801999806844 0.0025944170324752728 -0.0037494665752791875 0.0054126444007852118 -2.0119513174221021e-05 -3.6074463902722769e-05
leaf_weight=32 36 58 36 23 24 23 21 37 32 38 23 20 22 28 21 20 24 30 20 25 21 26 28 23 29 30 26 20 3663 41
leaf_count=32 36 58 36 23 24 23 21 37 32 38 23 20 22 28 21 20 24 30 20 25 21 26 28 23 29 30 26 20 3663 41
internal_value=5.84483e-12 -0.000453274 9.2505e-06 -4.19828e-06 8.71872e-06 0.00202056 -1.28434e-05 -1.55692e-06 8.0296e-06 0.00124639 -1.42325e-05 4.78045e-06 1.95908e-05 9.27473e-06 -2.25452e-06 -1.40504e-05 -0.00132695 7.12335e-07 1.18018e-05 -7.22106e-06 -0.00187681 1.23783e-05 -3.45667e-06 7.74407e-06 0.00174549 -1.83016e-05 3.55091e-06 -1.7176e-05 8.88186e-06 0.00175039
internal_weight=4500 90 4410 4374 4338 46 4292 4268 4247 75 4172 4140 4117 4097 4075 4047 45 4002 3982 3952 41 3911 3886 3860 57 3803 3780 3750 3724 61
internal_count=4500 90 4410 4374 4338 46 4292 4268 4247 75 4172 4140 4117 4097 4075 4047 45 4002 3982 3952 41 3911 3886 3860 57 3803 3780 3750 3724 61
is_linear=0
shrinkage=0.1


end of trees

feature_importances:
Column_7=456
Column_3=402
Column_4=398
Column_9=343
Column_1=321
Column_8=301
Column_5=299
Column_10=252
Column_6=228

parameters:
[boosting: gbdt]
[objective: regression]
[metric: l2]
[tree_learner: serial]
[device_type: cpu]
[data_sample_strategy: bagging]
[data: ]
[valid: ]
[num_iterations: 100]
[learning_rate: 0.1]
[num_leaves: 31]
[num_threads: 2]
[seed: 42]
[deterministic: 0]
[force_col_wise: 0]
[force_row_wise: 0]
[histogram_pool_size: -1]
[max_depth: -1]
[min_data_in_leaf: 20]
[min_sum_hessian_in_leaf: 0.001]
[bagging_fraction: 1]
[pos_bagging_fraction: 1]
[neg_bagging_fraction: 1]
[bagging_freq: 0]
[bagging_seed: 400]
[bagging_by_query: 0]
[feature_fraction: 1]
[feature_fraction_bynode: 1]
[feature_fraction_seed: 30056]
[extra_trees: 0]
[extra_seed: 12879]
[early_stopping_round: 0]
[early_stopping_min_delta: 0]
[first_metric_only: 0]
[max_delta_step: 0]
[lambda_l1: 0]
[lambda_l2: 0]
[linear_lambda: 0]
[min_gain_to_split: 0]
[drop_rate: 0.1]
[max_drop: 50]
[skip_drop: 0.5]
[xgboost_dart_mode: 0]
[uniform_drop: 0]
[drop_seed: 17869]
[top_rate: 0.2]
[other_rate: 0.1]
[min_data_per_group: 100]
[max_cat_threshold: 32]
[cat_l2: 10]
[cat_smooth: 10]
[max_cat_to_onehot: 4]
[top_k: 20]
[monotone_constraints: ]
[monotone_constraints_method: basic]
[monotone_penalty: 0]
[feature_contri: ]
[forcedsplits_filename: ]
[refit_decay_rate: 0.9]
[cegb_tradeoff: 1]
[cegb_penalty_split: 0]
[cegb_penalty_feature_lazy: ]
[cegb_penalty_feature_coupled: ]
[path_smooth: 0]
[interaction_constraints: ]
[verbosity: -1]
[saved_feature_importance_type: 0]
[use_quantized_grad: 0]
[num_grad_quant_bins: 4]
[quant_train_renew_leaf: 0]
[stochastic_rounding: 1]
[linear_tree: 0]
[max_bin: 255]
[max_bin_by_feature: ]
[min_data_in_bin: 3]
[bin_construct_sample_cnt: 200000]
[data_random_seed: 175]
[is_enable_sparse: 1]
[enable_bundle: 1]
[use_missing: 1]
[zero_as_missing: 0]
[feature_pre_filter: 1]
[pre_partition: 0]
[two_round: 0]
[header: 0]
[label_column: ]
[weight_column: ]
[group_column: ]
[ignore_column: ]
[categorical_feature: ]
[forcedbins_filename: ]
[precise_float_parser: 0]
[parser_config_file: ]
[objective_seed: 16083]
[num_class: 1]
[is_unbalance: 0]
[scale_pos_weight: 1]
[sigmoid: 1]
[boost_from_average: 1]
[reg_sqrt: 0]
[alpha: 0.9]
[fair_c: 1]
[poisson_max_delta_step: 0.7]
[tweedie_variance_power: 1.5]
[lambdarank_truncation_level: 30]
[lambdarank_norm: 1]
[label_gain: ]
[lambdarank_position_bias_regularization: 0]
[eval_at: ]
[multi_error_top_k: 1]
[auc_mu_weights: ]
[num_machines: 1]
[local_listen_port: 12400]
[time_out: 120]
[machine_list_filename: ]
[machines: ]
[gpu_platform_id: -1]
[gpu_device_id: -1]
[gpu_use_dp: 0]
[num_gpu: 1]

end of parameters

pandas_categorical:null
