tree
version=v4
num_class=1
num_tree_per_iteration=1
label_index=0
max_feature_idx=10
objective=regression
feature_names=Column_0 Column_1 Column_2 Column_3 Column_4 Column_5 Column_6 Column_7 Column_8 Column_9 Column_10
feature_infos=none [53:159] none [2187:200259] [1353:148830] [3283:200259] [2589.5:179335.828125] [32008.888671875:1610196352] [1749.25:170367.25] [1991.5:179315.5] [3134.25:195511.75]
tree_sizes=2701 2847 2845 2856 2872 2856 2860 2873 2860 2864 2868 2871 2893 2888 2883 2882 2891 2865 2903 2903 2911 2881 2897 2903 2900 2880 2881 2911 2886 2913 2906 2894 2869 2897 2908 2886 2867 2885 2925 2909 2892 2891 2898 2897 2891 2883 2887 2885 2897 2921 2887 2907 2892 2892 2890 2906 2881 2894 2863 2905 2886 2892 2899 2899 2882 2898 2892 2903 2886 2880 2915 2890 2886 2869 2919 2895 2892 2900 2903 2875 2918 2900 2887 2881 2898 2906 2902 2895 2938 2891 2901 2938 2885 2895 2895 2890 2933 2874 2929 2875

Tree=0
num_leaves=31
num_cat=0
split_feature=4 4 8 4 4 4 4 1 3 7 5 1 1 8 5 8 7 9 8 7 3 9 7 8 4 7 5 10 3 5
split_gain=26.8625 5.3923 4.28405 0.748823 0.737054 0.607102 0.393322 0.3748 0.291178 0.258907 0.244924 0.277073 0.225073 0.362092 0.210227 0.204864 0.201333 0.193199 0.189028 0.174393 0.16829 0.195235 0.165264 0.15421 0.149102 0.144815 0.128584 0.182717 0.122619 0.223725
threshold=45178.000000000007 60745.500000000007 28215.500000000004 35601.500000000007 78278.000000000015 52345.000000000007 20064.000000000004 116.50000000000001 51193.500000000007 4082483.5000000005 60698.000000000007 115.50000000000001 133.50000000000003 45020.625000000007 57130.000000000007 43768.125000000007 51157014.000000007 57839.750000000007 53109.875000000007 136943544.00000003 48743.000000000007 48378.500000000007 13011771.000000002 41511.250000000007 69569.500000000015 191133320.00000003 44412.500000000007 46522.750000000007 28726.500000000004 29099.000000000004
decision_type=2 2 2 2 2 2 2 2 2 2 2 2 2 2 2 2 2 2 2 2 2 2 2 2 2 2 2 2 2 2
left_child=2 5 6 7 9 8 -1 -4 14 -3 11 -10 13 15 -2 22 -7 18 -12 24 -15 -22 -5 -9 -11 -6 -14 -28 29 -8
right_child=1 4 3 12 25 16 28 23 10 19 17 -13 26 20 -16 -17 -18 -19 -20 -21 21 -23 -24 -25 -26 -27 27 -29 -30 -31
leaf_value=0.21688454680445501 0.20076526676680437 0.18209750382030812 0.21126869939641707 0.20170348187530604 0.18138340805333558 0.19269587816730399 0.20926606421471772 0.20661337170179689 0.20426000376356146 0.18912667040837308 0.19910444831165175 0.19296303399471623 0.19320545819559784 0.20866000363525625 0.21246952738568542 0.21341000360630763 0.19609860023892109 0.19726215424076204 0.20682326924385264 0.19187678696663665 0.19093273104775246 0.20108647436515301 0.20813368828003215 0.20222436015223685 0.18606891061738637 0.18836588611013677 0.20782667024164567 0.20028162547194206 0.20830706302167887 0.22246952655680835
leaf_weight=383 57 64 161 69 235 446 33 386 25 450 90 165 22 24 21 40 285 279 49 143 22 136 95 101 247 34 36 296 85 21
leaf_count=383 57 64 161 69 235 446 33 386 25 450 90 165 22 24 21 40 285 279 49 143 22 136 95 101 247 34 36 296 85 21
internal_value=0.198511 0.191876 0.207508 0.204604 0.186861 0.196028 0.215231 0.207086 0.198164 0.188229 0.197426 0.194449 0.20243 0.2041 0.203916 0.206993 0.194023 0.19878 0.201825 0.188696 0.200858 0.199673 0.205428 0.205703 0.188043 0.182266 0.200609 0.2011 0.210674 0.214401
internal_weight=4500 2590 1910 1388 1173 1417 522 648 686 904 608 190 740 386 78 204 731 418 139 840 182 158 164 487 697 269 354 332 139 54
internal_count=4500 2590 1910 1388 1173 1417 522 648 686 904 608 190 740 386 78 204 731 418 139 840 182 158 164 487 697 269 354 332 139 54
is_linear=0
shrinkage=1


Tree=1
num_leaves=31
num_cat=0
split_feature=4 4 4 9 4 4 8 8 1 1 7 7 3 5 5 8 4 5 4 9 1 7 3 9 1 3 4 1 8 3
split_gain=21.7587 4.37044 3.54227 0.66275 0.62795 0.471427 0.334918 0.260417 0.316059 0.246519 0.229938 0.168828 0.167483 0.251265 0.210119 0.180171 0.161991 0.160744 0.150649 0.129155 0.123497 0.118121 0.139285 0.110246 0.110165 0.109747 0.106288 0.105995 0.172282 0.15819
threshold=45178.000000000007 60527.500000000007 22453.000000000004 36792.750000000007 71280.500000000015 52345.000000000007 23226.250000000004 45020.625000000007 133.50000000000003 113.50000000000001 99683392.000000015 39386050.000000007 51193.500000000007 60698.000000000007 56269.000000000007 54991.125000000007 80576.500000000015 74670.000000000015 40406.500000000007 37819.500000000007 102.50000000000001 4082483.5000000005 67420.500000000015 85617.500000000015 143.50000000000003 74692.500000000015 44781.000000000007 116.50000000000001 32389.625000000004 28726.500000000004
decision_type=2 2 2 2 2 2 2 2 2 2 2 2 2 2 2 2 2 2 2 2 2 2 2 2 2 2 2 2 2 2
left_child=2 5 6 27 10 9 -1 8 19 11 21 -2 14 -14 -11 -15 23 -7 -9 -5 -21 -3 -23 -6 -8 -19 -20 28 -4 -29
right_child=1 4 3 7 16 17 24 18 -10 12 -12 -13 13 15 -16 -17 -18 25 26 20 -22 22 -24 -25 -26 -27 -28 29 -30 -31
leaf_value=0.016826513248513916 0.0085571602965724119 -0.014030947443097831 0.0098701786182388892 0.00072834898466960743 -0.013031262986850542 -0.0052129743216162332 0.012332835303573916 0.0052342014249908732 0.0032120137901142272 -0.00054164251074368178 -0.0049262160275845906 -0.0012908709951228014 -0.0047668285359292349 0.0018707882685632241 0.010987133198417723 -0.0025465986222982231 -0.015148223054791811 0.004992222265573219 0.00026831276737372109 0.01325925200013444 0.0073392371109818949 -0.003626922749810749 -0.0094673431918231993 -0.0089905033018614095 0.0044090546516235918 -0.0026878876319462053 0.0060874817558215005 0.016807712542358785 0.019706464225115877 0.0074554469175242555
leaf_weight=359 49 50 69 26 183 427 143 121 322 43 146 27 169 205 25 168 218 20 245 40 296 45 441 107 20 267 36 20 24 189
leaf_count=359 49 50 69 26 183 427 143 121 322 43 146 27 169 205 25 168 218 20 245 40 296 45 441 107 20 267 36 20 24 189
internal_value=3.7998e-11 -0.00597141 0.00809735 0.00545637 -0.010427 -0.00218417 0.0151197 0.00430406 0.00549121 -0.000312064 -0.00844441 0.00505852 -0.000981186 -0.0015681 0.00369688 -0.000118812 -0.0130886 -0.00398286 0.00228414 0.00751857 0.008044 -0.00940272 -0.00892656 -0.0115404 0.0113606 -0.00215269 0.00101383 0.0096001 0.0124086 0.0083504
internal_weight=4500 2590 1910 1388 1190 1400 522 1086 684 686 682 76 610 542 68 373 508 714 402 362 336 536 486 290 163 287 281 302 93 209
internal_count=4500 2590 1910 1388 1190 1400 522 1086 684 686 682 76 610 542 68 373 508 714 402 362 336 536 486 290 163 287 281 302 93 209
is_linear=0
shrinkage=0.1


Tree=2
num_leaves=31
num_cat=0
split_feature=4 4 4 6 4 4 3 1 8 1 7 7 7 3 5 5 8 4 7 7 7 3 1 6 3 8 4 1 7 7
split_gain=17.6245 3.54006 2.86924 0.555937 0.509195 0.381856 0.287659 0.240025 0.253283 0.19968 0.16732 0.152893 0.136751 0.135662 0.203524 0.170197 0.145939 0.135092 0.132157 0.130432 0.130391 0.120662 0.1158 0.131471 0.165405 0.113335 0.113064 0.111186 0.0972695 0.0971702
threshold=45178.000000000007 60527.500000000007 22453.000000000004 38255.250000000007 71696.000000000015 52345.000000000007 37078.500000000007 133.50000000000003 45020.625000000007 113.50000000000001 99683392.000000015 154096640.00000003 39386050.000000007 51193.500000000007 60698.000000000007 56269.000000000007 54991.125000000007 40406.500000000007 79871048.000000015 1971850.1875000002 1971850.1875000002 49595.000000000007 100.50000000000001 43701.333984375007 41469.000000000007 46505.625000000007 81390.000000000015 150.50000000000003 4082483.5000000005 8330899.0000000009
decision_type=2 2 2 2 2 2 2 2 2 2 2 2 2 2 2 2 2 2 2 2 2 2 2 2 2 2 2 2 2 2
left_child=2 5 6 -4 10 9 18 8 22 12 27 26 -2 15 -15 -11 -16 -10 20 -7 -1 -19 -5 24 -24 -23 -6 28 -3 -26
right_child=1 4 3 7 11 19 -8 -9 17 13 -12 -13 -14 14 16 -17 -18 21 -20 -21 -22 25 23 -25 29 -27 -28 -29 -30 -31
leaf_value=0.018529571076588973 0.0077014442590274375 -0.012365374515982385 0.0083053861089784388 0.01244276158292504 -0.011322735914069675 -0.01083162381546572 0.010229820803300862 0.0021031382396098429 0.0058667697997477194 -0.00048747848276709492 -0.0047441994691181264 -0.0079998095701562192 -0.0011617838077385117 -0.004290145946413102 0.0016837092907531414 0.0098884197995066647 -0.0022919387007797405 0.006981563158333301 0.022246868699789049 -0.0033325022025762693 0.013661222564281192 -0.005742128506972222 0.010152064996861644 0.0080898614660562841 -0.0042657957190559027 0.0012513857592629004 -0.014771666106434517 -0.012763230609284207 -0.0075908083364077828 0.0034531759385223668
leaf_weight=70 49 47 358 34 230 24 170 482 78 43 151 82 27 169 205 25 168 25 25 690 257 32 31 170 21 84 162 55 463 73
leaf_count=70 49 47 358 34 230 24 170 482 78 43 151 82 27 169 205 25 168 25 25 690 257 32 31 170 21 84 162 55 463 73
internal_value=1.02905e-11 -0.00537426 0.00728762 0.00491074 -0.00938428 -0.00196575 0.0136077 0.00373085 0.00516252 -0.000280858 -0.00770121 -0.0119266 0.00455267 -0.000883067 -0.00141129 0.00332719 -0.000106931 0.00252747 0.0152391 -0.00358457 0.0147034 0.000680194 0.00691655 0.00627963 0.00381771 -0.00067786 -0.0127481 -0.00849149 -0.00803082 0.00172872
internal_weight=4500 2590 1910 1388 1190 1400 522 1030 548 686 716 474 76 610 542 68 373 219 352 714 327 141 329 295 125 116 392 565 510 94
internal_count=4500 2590 1910 1388 1190 1400 522 1030 548 686 716 474 76 610 542 68 373 219 352 714 327 141 329 295 125 116 392 565 510 94
is_linear=0
shrinkage=0.1


Tree=3
num_leaves=31
num_cat=0
split_feature=4 4 4 3 4 4 9 1 1 7 7 4 1 1 3 5 9 3 7 5 9 7 4 8 8 8 5 10 5 10
split_gain=14.2759 2.87336 2.35308 0.553367 0.406149 0.323692 0.261428 0.209876 0.208311 0.175202 0.154018 0.141542 0.14879 0.132221 0.124724 0.124367 0.12226 0.11975 0.150629 0.137859 0.112682 0.0957447 0.0935338 0.0931113 0.107762 0.0924056 0.0879725 0.146256 0.105257 0.20633
threshold=45178.000000000007 60745.500000000007 20064.000000000004 37569.000000000007 78278.000000000015 53015.000000000007 57393.000000000007 122.50000000000001 113.50000000000001 1971850.1875000002 3752307.5000000005 42573.500000000007 115.50000000000001 135.50000000000003 56247.500000000007 88254.500000000015 75412.750000000015 51193.500000000007 25980920.000000004 56269.000000000007 59675.000000000007 191133320.00000003 47781.500000000007 68672.250000000015 66552.000000000015 46505.625000000007 39603.500000000007 40528.500000000007 44412.500000000007 44365.375000000007
decision_type=2 2 2 2 2 2 2 2 2 2 2 2 2 2 2 2 2 2 2 2 2 2 2 2 2 2 2 2 2 2
left_child=2 5 6 -4 10 8 -1 11 14 -7 -3 -5 -13 23 -2 -11 -17 19 -19 -10 22 -6 -20 24 -12 26 -9 -28 -29 -30
right_child=1 4 3 7 21 9 -8 25 17 15 13 12 -14 -15 -16 16 -18 18 20 -21 -22 -23 -24 -25 -26 -27 27 28 29 -31
leaf_value=0.013490053621202215 0.009864876722847974 -0.012334970616903461 0.008988698047471785 0.0066052756816281383 -0.012626445172949042 -0.012377738970376197 0.003340899240639475 -0.0020943418007206035 -0.00043873077970496273 -0.0036227496330306116 -0.0058339405263405902 -0.002804146268236865 0.0070161208907073298 -0.0084063878089441473 0.0017015027241079044 0.0046956005065064681 -0.003007820910877652 -0.0034978530222204481 -0.0014601774841974506 0.0088995773568749433 -0.0018491855349566323 -0.0069489053505308492 0.0034220856330780822 -0.0068941460493004928 8.0534656687329215e-05 0.0011007894627288531 0.0090356900240294632 -0.00046651719797713063 0.011186000840472325 0.0032169194317424863
leaf_weight=423 27 61 241 309 235 21 27 27 43 573 86 36 27 414 61 38 45 221 61 25 192 34 110 295 48 218 48 66 35 453
leaf_count=423 27 61 241 309 235 21 27 27 43 573 86 36 27 414 61 38 45 221 61 25 192 34 110 295 48 218 48 66 35 453
internal_value=-1.70238e-11 -0.00483684 0.00655885 0.00461022 -0.00849768 -0.00180637 0.0128811 0.00374458 -0.000360734 -0.00338654 -0.00748264 0.00572451 0.00140454 -0.00713152 0.00420617 -0.00309871 0.000519047 -0.000977127 -0.00143957 0.00299447 -0.00018646 -0.0119088 0.00168046 -0.00590123 -0.00371532 0.002875 0.00348991 0.00374036 0.00328156 0.00378847
internal_weight=4500 2590 1910 1460 1173 1417 450 1219 740 677 904 372 63 843 88 656 83 652 584 68 363 269 171 429 134 847 629 602 554 488
internal_count=4500 2590 1910 1460 1173 1417 450 1219 740 677 904 372 63 843 88 656 83 652 584 68 363 269 171 429 134 847 629 602 554 488
is_linear=0
shrinkage=0.1


Tree=4
num_leaves=31
num_cat=0
split_feature=4 4 4 3 4 4 9 1 3 10 9 5 5 9 3 8 10 4 5 6 6 1 3 7 1 10 7 3 8 3
split_gain=11.5671 2.54921 1.74204 0.400544 0.357286 0.304454 0.211756 0.209391 0.201485 0.160657 0.191645 0.113623 0.10978 0.152524 0.130992 0.126775 0.125294 0.102841 0.102086 0.113808 0.309337 0.106013 0.136577 0.101747 0.12618 0.0995829 0.0951861 0.0920443 0.0967461 0.0915988
threshold=44062.500000000007 60527.500000000007 20064.000000000004 37078.500000000007 70144.500000000015 52345.000000000007 57393.000000000007 116.50000000000001 48442.500000000007 96410.625000000015 84011.750000000015 74670.000000000015 60698.000000000007 57839.750000000007 57224.500000000007 53109.875000000007 57385.750000000007 39292.000000000007 57130.000000000007 50052.917968750007 48890.332031250007 136.50000000000003 52700.500000000007 8884092.5000000019 125.50000000000001 86287.125000000015 45618436.000000007 74692.500000000015 68410.000000000015 68261.000000000015
decision_type=2 2 2 2 2 2 2 2 2 2 2 2 2 2 2 2 2 2 2 2 2 2 2 2 2 2 2 2 2 2
left_child=2 5 6 -4 9 8 -1 17 -2 -3 -11 -7 14 15 18 -14 -16 -5 19 20 -10 22 -21 -6 25 -25 -15 -13 -29 -28
right_child=1 4 3 7 23 11 -8 -9 12 10 -12 27 13 26 16 -17 -18 -19 -20 21 -22 -23 -24 24 -26 -27 29 28 -30 -31
leaf_value=0.012141048149965333 0.0064335281681269412 -0.0064804732656499695 0.0082315508223122415 0.0075829011541517352 -0.012565880903804845 -0.0039454596983028939 0.003006809273803676 0.0029329301369705428 -0.0046275296274365654 0.0066725357479992366 -0.005288058750935503 0.0051707893516868353 0.0010746839305234921 -0.003624033150343417 -0.011068943078414752 0.0070978816909094654 -0.0027366890055048518 0.0029062452113542418 0.0037167506514463665 -0.0072266860171856188 0.011780929677188398 -0.0070608449010857548 0.0024994994291947003 0.00012347808196431115 -0.0098560159560292966 -0.0074140986216799272 0.0062617898179704078 -0.00087094908757578764 -0.0055163714054383729 -0.00042001638947495896
leaf_weight=423 45 573 228 170 88 427 27 889 27 21 37 20 111 87 26 51 59 65 43 22 20 48 42 21 344 106 23 210 57 190
leaf_count=423 45 573 228 170 88 427 27 889 27 21 37 20 111 87 26 51 59 65 43 22 20 48 42 21 344 106 23 210 57 190
internal_value=-2.91168e-11 -0.00414345 0.00620367 0.00440989 -0.00760371 -0.00141287 0.011593 0.00363467 -6.54565e-05 -0.00597281 -0.000957499 -0.00291124 -0.000455916 0.000498288 -0.00199195 0.00297088 -0.00528538 0.00628936 -0.000606104 -0.00177518 0.00235479 -0.00350829 -0.000843877 -0.00944467 -0.00886151 -0.00616773 -0.000836909 -0.00137253 -0.00186267 0.000301493
internal_weight=4500 2698 1802 1352 1190 1508 450 1124 794 631 58 714 749 462 287 162 85 235 202 159 47 112 64 559 471 127 300 287 267 213
internal_count=4500 2698 1802 1352 1190 1508 450 1124 794 631 58 714 749 462 287 162 85 235 202 159 47 112 64 559 471 127 300 287 267 213
is_linear=0
shrinkage=0.1


Tree=5
num_leaves=31
num_cat=0
split_feature=4 4 8 3 4 1 4 10 9 6 5 3 3 6 7 7 5 3 5 8 7 8 3 4 5 10 1 8 8 1
split_gain=9.37317 2.28003 1.26019 0.340658 0.305149 0.286851 0.191315 0.138234 0.182005 0.133832 0.14224 0.130575 0.126396 0.132607 0.116141 0.0960128 0.0939479 0.0933732 0.153568 0.12005 0.093037 0.128862 0.0923512 0.103666 0.0823005 0.121421 0.0988857 0.0952689 0.104003 0.0950779
threshold=42573.500000000007 60375.500000000007 26288.000000000004 48442.500000000007 71280.500000000015 116.50000000000001 53193.000000000007 96410.625000000015 84011.750000000015 38255.250000000007 44105.000000000007 33273.500000000007 17301.000000000004 12959.416503906252 4909130.2500000009 154096640.00000003 88254.500000000015 81716.500000000015 79236.000000000015 63929.375000000007 3752307.5000000005 62541.875000000007 12603.500000000002 6391.0000000000009 63461.000000000007 61785.875000000007 150.50000000000003 54688.625000000007 53465.500000000007 132.50000000000003
decision_type=2 2 2 2 2 2 2 2 2 2 2 2 2 2 2 2 2 2 2 2 2 2 2 2 2 2 2 2 2 2
left_child=2 3 12 14 7 11 24 20 -9 10 -7 -4 13 22 -2 -6 17 18 -8 -20 -3 -22 23 -1 25 29 27 28 -26 -5
right_child=1 4 5 6 15 9 16 8 -10 -11 -12 -13 -14 -15 -16 -17 -18 -19 19 -21 21 -23 -24 -25 26 -27 -28 -29 -30 -31
leaf_value=0.0094109043982383376 0.00070044849666633783 -0.010038351655006409 0.013455239876077094 0.00057555401240809944 -0.0092849221080541621 0.0045547353309801728 -0.0032730455010092177 0.0060945658316916744 -0.0049719293557462241 0.0027223405625048033 0.011993965339557879 0.0063606046641820936 0.0094074831413174121 0.017896946989931169 0.0089762112190730353 -0.0056017947635229898 0.00064932757554805442 -0.0070386303322655819 0.008388379967627339 -0.0021820724880936642 0.0023444005474448203 -0.0058235812672176104 0.0053384194319898437 0.017560290641806746 0.0010484634082231366 -0.0082011574078351256 -0.0049997567792513208 -0.00057736850795071717 0.0060597485530057126 -0.0024330955248636505
leaf_weight=37 28 50 29 197 423 226 453 23 42 695 29 246 324 40 43 85 73 56 21 22 20 564 22 27 159 25 31 229 56 225
leaf_count=37 28 50 29 197 423 226 453 23 42 695 29 246 324 40 43 85 73 56 21 22 20 564 22 27 159 25 31 229 56 225
internal_value=-2.3739e-12 -0.00351427 0.00592705 -0.00106054 -0.00680352 0.0042646 -0.0013714 -0.00544803 -0.00105609 0.00344129 0.00540077 0.00710877 0.0104526 0.0131401 0.00571253 -0.00866865 -0.00272208 -0.00316794 -0.00273093 0.00298024 -0.00589831 -0.00554386 0.0109276 0.0128489 -0.000455802 -0.00142973 0.000460719 0.000841969 0.00235373 -0.00102858
internal_weight=4500 2825 1675 1618 1207 1225 1547 699 65 950 255 275 450 126 71 508 625 552 496 43 634 584 86 64 922 447 475 444 215 422
internal_count=4500 2825 1675 1618 1207 1225 1547 699 65 950 255 275 450 126 71 508 625 552 496 43 634 584 86 64 922 447 475 444 215 422
is_linear=0
shrinkage=0.1


Tree=6
num_leaves=31
num_cat=0
split_feature=4 4 4 3 4 4 1 9 8 7 7 1 7 7 3 10 1 7 3 1 7 5 3 6 4 7 5 4 6 9
split_gain=7.61247 1.52251 1.28951 0.304046 0.257839 0.172174 0.149222 0.145937 0.134713 0.157058 0.165586 0.159434 0.1331 0.108386 0.103925 0.103216 0.115777 0.0983836 0.0894243 0.08745 0.0953888 0.0801735 0.177274 0.0969404 0.130822 0.0781051 0.0889218 0.0728271 0.0793066 0.110992
threshold=45178.000000000007 60745.500000000007 20064.000000000004 37569.000000000007 79733.000000000015 53193.000000000007 98.500000000000014 57393.000000000007 46034.375000000007 1667087.8750000002 3393214.2500000005 133.50000000000003 1971850.1875000002 136943544.00000003 64149.000000000007 38604.625000000007 101.50000000000001 7143385.0000000009 52700.500000000007 125.50000000000001 7490022.7500000009 35230.000000000007 33945.000000000007 30542.666992187504 26339.500000000004 16340428.000000002 55199.000000000007 44781.000000000007 52270.917968750007 55299.750000000007
decision_type=2 2 2 2 2 2 2 2 2 2 2 2 2 2 2 2 2 2 2 2 2 2 2 2 2 2 2 2 2 2
left_child=2 5 7 21 13 6 -2 -1 9 -5 -11 15 -7 14 -3 -12 18 -13 -17 -16 -21 23 -23 24 -4 -10 -27 28 -28 -30
right_child=1 4 3 8 -6 12 -8 -9 25 10 11 17 -14 -15 19 16 -18 -19 -20 20 -22 22 -24 -25 -26 26 27 -29 29 -31
leaf_value=0.0099246825015031469 0.0078171087854901674 0.00085070705549283475 0.0048227469747265184 -0.0052082298146117305 -0.0091588822165702254 -0.010341611398117883 -0.00054086363499303172 0.0023417593428382167 -0.0035033983810405646 0.010843899853837987 -0.001083708530472171 -0.0037646550654123231 -0.0022504432506803285 -0.0030006870874111228 -0.0042604919719068631 0.012596639187540859 0.0042964151412888899 0.0022100153146311641 0.0040727160125970845 -0.0100106111981652 -0.0062286021442238583 0.015189769839247066 0.0060019418677049029 0.00011725795845831595 0.013764053061604501 0.0076092563654211439 -0.0029544379157980661 0.0061333284955471757 0.0054632591055706146 -3.0695396247688385e-05
leaf_weight=423 22 22 90 21 235 21 736 27 35 30 31 30 638 151 190 32 392 339 20 77 498 30 70 31 20 22 53 25 50 139
leaf_count=423 22 22 90 21 235 21 736 27 35 30 31 30 638 151 190 32 392 339 20 77 498 30 70 31 20 22 53 25 50 139
internal_value=-7.74497e-12 -0.00353202 0.0047895 0.00334696 -0.00619683 -0.00132608 -0.000298284 0.00946971 0.00270531 0.00333782 0.00354316 0.00328365 -0.00250828 -0.00545474 -0.00592559 0.00449505 0.00488455 0.00172427 0.00931821 -0.00612046 -0.00673506 0.0065925 0.00875829 0.00505648 0.00644844 0.000958114 0.00149844 0.000994922 0.000464095 0.00142273
internal_weight=4500 2590 1910 1460 1173 1417 758 450 1219 895 874 844 659 938 787 475 444 369 52 765 575 241 100 141 110 324 289 267 242 189
internal_count=4500 2590 1910 1460 1173 1417 758 450 1219 895 874 844 659 938 787 475 444 369 52 765 575 241 100 141 110 324 289 267 242 189
is_linear=0
shrinkage=0.1


Tree=7
num_leaves=31
num_cat=0
split_feature=4 4 4 3 7 4 9 1 7 9 7 9 7 4 8 9 6 3 8 3 5 1 8 4 10 7 7 7 7 8
split_gain=6.17295 1.49261 0.848179 0.252707 0.27281 0.219829 0.196098 0.133465 0.126279 0.118209 0.113735 0.121242 0.110319 0.154801 0.109411 0.108159 0.0983858 0.124054 0.0923147 0.091307 0.120319 0.118977 0.117308 0.0908884 0.0901687 0.103896 0.100612 0.0884611 0.0812495 0.0811233
threshold=42573.500000000007 60375.500000000007 20064.000000000004 50234.000000000007 2345991.8750000005 76238.000000000015 33997.500000000007 116.50000000000001 3752307.5000000005 57393.000000000007 18395507.000000004 63881.000000000007 54085308.000000007 58513.500000000007 62541.875000000007 36327.000000000007 35050.000000000007 37078.500000000007 59822.875000000007 57653.000000000007 59865.000000000007 121.50000000000001 53465.500000000007 27195.000000000004 42926.125000000007 18395507.000000004 56678104.000000007 17167843.000000004 4684563.5000000009 61464.875000000007
decision_type=2 2 2 2 2 2 2 2 2 2 2 2 2 2 2 2 2 2 2 2 2 2 2 2 2 2 2 2 2 2
left_child=2 3 9 4 -2 8 -4 15 -3 -1 19 18 29 -14 -10 -8 -9 -18 -12 20 21 -5 -21 -17 -25 -26 -27 28 -24 -13
right_child=1 5 6 10 -6 -7 7 16 14 -11 11 12 13 -15 -16 23 17 -19 -20 22 -22 -23 27 24 25 26 -28 -29 -30 -31
leaf_value=0.008932214292166998 -0.0064549877054312019 -0.0090159264348802122 0.0059701079608705963 0.0030024324837875996 0.0058909547646180732 -0.0077553517977210972 0.011562255697081919 -0.0033968271315097812 0.0027547332857336317 0.0021075834830602009 -3.6732857463724707e-06 -0.0080441816346492716 -0.0017910007156823554 0.0043491001580453796 -0.0045572139082088641 0.010626367498189212 0.0096739637382004581 0.0022142216930996854 0.0050357660254797881 -0.01046012561613073 0.0045451639841000242 -0.0032576834321922515 -0.0068426033960921426 -0.0012691540410742165 0.0099267869834499117 -0.00073956526815891269 0.0058029167060005037 -0.0091315213082866237 -0.0015490395022479035 -0.0025851178615365501
leaf_weight=423 22 63 246 38 96 321 23 30 21 27 535 41 284 48 802 20 23 725 39 24 33 151 35 32 29 40 57 22 169 81
leaf_count=423 22 63 246 38 96 321 23 30 21 27 535 41 284 48 802 20 23 725 39 24 33 151 35 32 29 40 57 22 169 81
internal_value=-1.55068e-11 -0.00285193 0.00480997 -0.000866616 0.00358917 -0.00551326 0.00344609 0.00281186 -0.00470095 0.00852274 -0.00121714 -0.000627105 -0.00184822 -0.000903275 -0.00437064 0.00510899 0.00221839 0.0024436 0.000338728 -0.00250221 -0.00102625 -0.00199904 -0.00381286 0.00427514 0.00347119 0.00467508 0.00310499 -0.00310696 -0.00245725 -0.00441972
internal_weight=4500 2825 1675 1618 118 1207 1225 979 886 450 1500 1028 454 332 823 201 778 748 574 472 222 189 250 178 158 126 97 226 204 122
internal_count=4500 2825 1675 1618 118 1207 1225 979 886 450 1500 1028 454 332 823 201 778 748 574 472 222 189 250 178 158 126 97 226 204 122
is_linear=0
shrinkage=0.1


Tree=8
num_leaves=31
num_cat=0
split_feature=4 4 8 8 5 8 1 1 4 5 10 4 4 5 5 10 3 6 6 5 3 8 7 10 5 1 3 1 4 9
split_gain=5.01481 1.2886 0.562714 0.338451 0.255747 0.179643 0.167923 0.146848 0.128007 0.12146 0.126957 0.112624 0.104112 0.154545 0.171176 0.159594 0.1031 0.120966 0.15388 0.130373 0.125864 0.109335 0.0992652 0.0986632 0.0866634 0.0840656 0.0913273 0.0838168 0.138205 0.0829452
threshold=51265.500000000007 33381.500000000007 68672.250000000015 23226.250000000004 87665.000000000015 46034.375000000007 120.50000000000001 133.50000000000003 81390.000000000015 44412.500000000007 45083.500000000007 61688.000000000007 52546.500000000007 66112.000000000015 69362.500000000015 72484.875000000015 48442.500000000007 48890.332031250007 49765.166015625007 58722.500000000007 58530.500000000007 47190.000000000007 1971850.1875000002 85447.125000000015 60378.500000000007 116.50000000000001 28726.500000000004 129.50000000000003 37432.500000000007 77864.250000000015
decision_type=2 2 2 2 2 2 2 2 2 2 2 2 2 2 2 2 2 2 2 2 2 2 2 2 2 2 2 2 2 2
left_child=1 3 4 -1 6 7 12 22 29 -9 -11 -8 -2 -14 -15 -16 21 -18 -19 -20 24 -7 -3 -6 -21 -5 -27 -24 -29 -4
right_child=2 5 8 25 23 16 11 9 -10 10 -12 -13 13 14 15 -17 17 18 19 20 -22 -23 27 -25 -26 26 -28 28 -30 -31
leaf_value=0.0081603403648801351 0.0068486883374862381 -0.0021499363929033278 -0.0063158849864427382 0.0061663881648903488 0.00846292400012978 -0.00012734683230519294 -0.0026894557074266523 -0.0044441317184231227 -0.0077153966938196435 0.0088140699673782703 0.00083483421727971224 -0.0056952907947028517 -0.0062998335330914229 0.0068537377619317594 -0.0062320011357466379 0.0021309296236458153 -0.0068104199462910549 0.0075410902327685452 -0.0023952157032908874 0.001554707353087989 0.00019876475453064866 0.010328975822776558 0.0035440017899402349 0.00095829883574096624 0.010649990306119435 0.0094561906361307676 0.0033674180729072419 0.014532038941979408 0.0043509905540850017 -0.0041104693643415607
leaf_weight=360 20 25 261 189 22 20 605 39 201 22 213 157 39 35 39 55 26 27 192 22 530 20 228 86 20 26 469 20 40 492
leaf_count=360 20 25 261 189 22 20 605 39 201 22 213 157 39 35 39 55 26 27 192 22 530 20 228 86 20 26 469 20 40 492
internal_value=-4.68701e-12 0.00300199 -0.00371221 0.0056785 -0.00212417 0.00106691 -0.00264839 0.0024146 -0.00547337 0.000724117 0.00158183 -0.00330877 2.82668e-05 -0.000783688 0.000883984 -0.0013388 0.000143802 -9.88913e-05 0.000121715 -0.000140488 0.000616344 0.00510081 0.00389445 0.00248702 0.00588579 0.00437226 0.00368723 0.00441914 0.00774467 -0.0048749
internal_weight=4500 2488 2012 1044 1058 1444 950 587 954 274 235 762 188 168 129 94 857 817 791 764 572 40 313 108 42 684 495 288 60 753
internal_count=4500 2488 2012 1044 1058 1444 950 587 954 274 235 762 188 168 129 94 857 817 791 764 572 40 313 108 42 684 495 288 60 753
is_linear=0
shrinkage=0.1


Tree=9
num_leaves=31
num_cat=0
split_feature=4 3 8 4 7 9 7 7 1 7 3 8 8 3 4 5 9 8 9 10 7 7 7 5 1 5 1 3 7 7
split_gain=4.06563 0.808477 0.734007 0.185488 0.182391 0.165196 0.145809 0.167854 0.144308 0.113944 0.136446 0.166493 0.107633 0.107302 0.105872 0.105832 0.10173 0.131828 0.130319 0.1755 0.12578 0.349155 0.132508 0.113187 0.107442 0.0985812 0.0931397 0.0901333 0.0938991 0.0878848
threshold=46704.500000000007 37078.500000000007 68672.250000000015 34318.000000000007 51157014.000000007 63174.250000000007 16340428.000000002 6346154.0000000009 98.500000000000014 4684563.5000000009 57653.000000000007 60984.500000000007 53688.125000000007 54735.500000000007 80576.500000000015 38494.000000000007 51169.250000000007 49416.125000000007 57572.000000000007 57385.750000000007 1971850.1875000002 3393214.2500000005 5154165.2500000009 63913.000000000007 98.500000000000014 46942.500000000007 136.50000000000003 69273.500000000015 246979176.00000003 613337.40625000012
decision_type=2 2 2 2 2 2 2 2 2 2 2 2 2 2 2 2 2 2 2 2 2 2 2 2 2 2 2 2 2 2
left_child=1 6 4 -3 5 8 7 26 -2 -10 12 -12 13 -11 -4 -8 20 23 19 -19 -5 -22 -23 -18 -24 -26 29 -6 -29 -1
right_child=2 3 14 16 27 -7 15 -9 9 10 11 -13 -14 -15 -16 -17 17 18 -20 -21 21 22 24 -25 25 -27 -28 28 -30 -31
leaf_value=0.011787841944833814 0.0066492884622319885 0.0035156663593517005 -0.0043381005133000224 -0.0041116531414445495 0.0057284890983802534 -0.0037732703958361794 0.0081889782673596808 0.0028006651087014154 -0.0044113877464440612 0.0032009311295969757 -0.0022811073249102806 0.0068922462385325213 0.0066171536697200621 -0.0039896517992019653 -0.0068440012140370439 0.015852505128298486 -0.0053275355121488099 -0.00091999979032313128 -0.00073269071880283521 0.0085117697497790173 0.012482249247841538 -0.0036611187748522276 0.0090187409977343959 0.00042497920239287798 -0.0015412294862067535 0.002467888543135678 0.0024155111000355748 -0.00063864964047470878 0.0037635848417200825 0.0068639370272404439
leaf_weight=46 23 572 744 32 28 381 127 139 105 49 342 21 37 36 218 21 71 34 110 47 32 42 22 66 72 414 36 407 55 171
leaf_count=46 23 572 744 32 28 381 127 139 105 49 342 21 37 36 218 21 71 34 110 47 32 42 22 66 72 414 36 407 55 171
internal_value=-5.66716e-12 0.00328009 -0.00275442 0.00209523 -0.00135968 -0.00213806 0.00660209 0.00559241 -0.00112171 -0.00142465 -0.000778039 -0.00175042 0.00211519 0.000155508 -0.00490597 0.00927637 0.00123271 -0.000189113 0.00150878 0.00455276 0.00199225 0.00232786 0.00173706 -0.00255625 0.00218337 0.00187395 0.00712621 0.000219315 -0.000114574 0.00790771
internal_weight=4500 2054 2446 1514 1484 994 540 392 613 590 485 363 122 85 962 148 942 328 191 81 614 582 550 137 508 486 253 490 462 217
internal_count=4500 2054 2446 1514 1484 994 540 392 613 590 485 363 122 85 962 148 942 328 191 81 614 582 550 137 508 486 253 490 462 217
is_linear=0
shrinkage=0.1


Tree=10
num_leaves=31
num_cat=0
split_feature=8 4 4 4 4 1 3 1 9 4 9 3 8 4 4 1 7 6 3 10 6 6 5 9 9 3 9 4 5 1
split_gain=3.32835 0.865498 0.476101 0.143231 0.131786 0.0927373 0.0897704 0.0895847 0.0877278 0.104017 0.0845238 0.112165 0.0745635 0.0841601 0.0745244 0.0798297 0.0736909 0.0721698 0.0971904 0.074676 0.0942447 0.15314 0.0914245 0.101847 0.0971206 0.164139 0.0823152 0.0814194 0.0797674 0.0707631
threshold=46034.375000000007 60375.500000000007 20064.000000000004 69150.000000000015 51265.500000000007 99.500000000000014 101472.00000000001 153.50000000000003 33997.500000000007 43749.500000000007 48968.000000000007 48442.500000000007 45020.625000000007 40406.500000000007 26339.500000000004 117.50000000000001 142955720.00000003 34623.333984375007 36210.500000000007 38932.750000000007 38255.250000000007 37429.417968750007 49232.000000000007 44960.750000000007 39932.000000000007 41116.500000000007 46828.000000000007 41083.000000000007 44412.500000000007 125.50000000000001
decision_type=2 2 2 2 2 2 2 2 2 2 2 2 2 2 2 2 2 2 2 2 2 2 2 2 2 2 2 2 2 2
left_child=2 4 -1 6 7 -4 -3 10 14 12 -2 -12 17 -14 -7 -16 -5 -10 -19 -20 21 -21 23 24 28 -26 27 -24 -22 -17
right_child=1 3 5 16 -6 8 -8 -9 9 -11 11 -13 13 -15 15 29 -18 18 19 20 22 -23 26 -25 25 -27 -28 -29 -30 -31
leaf_value=0.0065703136008256682 -0.0034664357981035628 -0.003286093662519877 0.0058946063094658828 -0.0056288180675680387 -0.0014859146431019032 0.0024986260631753104 0.0014070598355663772 -0.0051097274509569017 -0.0031012773600027519 0.0073586178642204587 0.0072859661206603052 0.00048579123480555435 0.0033932387083768847 -0.0046973621783157199 0.010977455933327572 -0.00037469578286012018 -0.0027493774142823423 0.0087091468189927669 -0.0031977509872780905 0.0015111114948670916 -0.0067069741114974026 0.010111817138621935 0.0033188646114090596 -0.0054300776682794094 0.0092628277372568853 0.00079830418717825695 0.0010437603212065168 0.0092450726501367708 0.00052905549796727989 0.0065031662332610445
leaf_weight=427 52 553 82 502 805 118 44 30 27 34 25 815 20 36 26 21 108 22 27 47 25 37 164 28 28 126 153 27 39 52
leaf_count=427 52 553 82 502 805 118 44 30 27 34 25 815 20 36 26 21 108 22 27 47 25 37 164 28 28 126 153 27 39 52
internal_value=-1.31101e-11 -0.00198689 0.00372257 -0.00404134 -0.000551036 0.00265497 -0.0029402 0.000265209 0.00240365 0.0019406 0.00044598 0.000688177 0.00171205 -0.00180786 0.00419607 0.00621929 -0.00511902 0.00197487 0.00216444 0.00195904 0.00216562 0.00529952 0.00171944 0.000247407 0.000976625 0.00233731 0.00277211 0.0041566 -0.00229752 0.0045246
internal_weight=4500 2934 1566 1207 1727 1139 597 922 1057 840 892 840 806 56 217 99 610 750 723 701 674 84 590 246 218 154 344 191 64 73
internal_count=4500 2934 1566 1207 1727 1139 597 922 1057 840 892 840 806 56 217 99 610 750 723 701 674 84 590 246 218 154 344 191 64 73
is_linear=0
shrinkage=0.1


Tree=11
num_leaves=31
num_cat=0
split_feature=8 4 4 6 5 3 7 1 10 9 1 1 7 3 5 1 7 6 5 7 6 7 4 7 3 5 1 1 3 7
split_gain=2.69884 0.668429 0.347468 0.191048 0.159319 0.132042 0.127749 0.120143 0.108308 0.114628 0.0995241 0.128936 0.0938928 0.0866558 0.112415 0.0830945 0.0828389 0.0812613 0.0764031 0.112685 0.107029 0.0890836 0.11364 0.0747081 0.11864 0.082511 0.0663899 0.131442 0.128191 0.0771627
threshold=54991.125000000007 22453.000000000004 69150.000000000015 48228.000000000007 66434.500000000015 67714.500000000015 285938368.00000006 98.500000000000014 66004.375000000015 54058.250000000007 126.50000000000001 129.50000000000003 1971850.1875000002 57653.000000000007 63913.000000000007 125.50000000000001 1971850.1875000002 47719.000000000007 52780.000000000007 3393214.2500000005 50633.833984375007 20252793.000000004 41754.500000000007 49917454.000000007 73116.500000000015 72568.000000000015 133.50000000000003 145.50000000000003 35581.000000000007 71406408.000000015
decision_type=2 2 2 2 2 2 2 2 2 2 2 2 2 2 2 2 2 2 2 2 2 2 2 2 2 2 2 2 2 2
left_child=1 16 6 17 7 -6 12 -5 -7 -10 -11 -12 -2 14 -14 -15 -1 26 19 -9 21 -20 -23 -17 25 -25 -3 28 -28 -30
right_child=2 3 -4 4 5 8 -8 18 9 10 11 -13 13 15 -16 23 -18 -19 20 -21 -22 22 -24 24 -26 -27 27 -29 29 -31
leaf_value=0.0087279016491291772 -0.0069890003450013491 0.002967816853003266 -0.0046071139047185695 0.0065559291125585634 0.0071766751295677866 -0.0055768473446369173 0.0017702804277819511 0.00044878402259200816 0.0075303699362627933 0.0048460048639681194 -0.0077934446081053465 0.00099484886055452629 0.0080142746586352592 -0.00069562124514760957 -0.0023445658698619809 -0.003317910601080467 0.005022534030300882 0.0071172687664834994 0.0058647474821720445 -0.0091442297846078876 -0.0010409941740953921 0.0026817940726565816 -0.0053429338857531551 -0.0004304194822907448 -0.0021264890958887657 0.0078001946393799568 0.0059499993454664949 0.0043810704855346367 -0.0013928284139440555 0.0051145051047205925
leaf_weight=70 37 540 610 24 49 20 95 24 33 50 20 101 20 348 22 520 437 36 44 25 468 60 25 29 420 21 32 95 205 20
leaf_count=70 37 540 610 24 49 20 95 24 33 50 20 101 20 348 22 520 437 36 44 25 468 60 25 29 420 21 32 95 205 20
internal_value=-1.92165e-11 0.00231339 -0.00259248 0.00144064 0.000438217 0.00247448 -0.0017797 -0.000391485 0.00144588 0.00213438 0.00109305 -0.000457762 -0.0020177 -0.00188441 0.00258822 -0.00202481 0.00553412 0.00245927 -0.000649593 -0.00444561 -0.000338027 0.00221227 0.00032158 -0.00249204 -0.00157831 0.00302644 0.00227128 0.00120273 2.78609e-05 -0.000814399
internal_weight=4500 2378 2122 1871 943 273 1512 670 224 204 171 121 1417 1380 42 1338 507 928 646 49 597 129 85 990 470 50 892 352 257 225
internal_count=4500 2378 2122 1871 943 273 1512 670 224 204 171 121 1417 1380 42 1338 507 928 646 49 597 129 85 990 470 50 892 352 257 225
is_linear=0
shrinkage=0.1


Tree=12
num_leaves=31
num_cat=0
split_feature=8 8 4 7 3 3 1 7 7 8 1 3 10 1 7 9 10 4 10 7 4 4 5 9 7 6 8 1 8 1
split_gain=2.19145 0.585464 0.319582 0.155929 0.151908 0.132137 0.0942936 0.0931691 0.0823781 0.0765787 0.0912009 0.075735 0.0995864 0.0744565 0.0737271 0.0826594 0.0813951 0.152905 0.0724083 0.0712104 0.070872 0.0734928 0.105501 0.122019 0.106777 0.0997173 0.100349 0.100454 0.100689 0.0791126
threshold=46034.375000000007 68672.250000000015 20064.000000000004 51157014.000000007 69759.000000000015 56692.000000000007 101.50000000000001 26806416.000000004 3575605.7500000005 64573.250000000007 120.50000000000001 57653.000000000007 57930.000000000007 92.500000000000014 180914424.00000003 66158.500000000015 78099.750000000015 58121.500000000007 87305.875000000015 4684563.5000000009 43749.500000000007 35601.500000000007 44871.000000000007 43180.500000000007 21013896.000000004 43701.333984375007 45020.625000000007 133.50000000000003 43768.125000000007 124.50000000000001
decision_type=2 2 2 2 2 2 2 2 2 2 2 2 2 2 2 2 2 2 2 2 2 2 2 2 2 2 2 2 2 2
left_child=2 3 -1 4 6 -5 -2 11 -3 -6 -11 -8 -13 -4 16 -16 17 -7 -17 -14 21 -15 -23 24 -24 -25 27 28 29 -27
right_child=1 8 13 5 9 14 7 -9 -10 10 -12 12 19 20 15 18 -18 -19 -20 -21 -22 22 23 25 -26 26 -28 -29 -30 -31
leaf_value=0.0053537562367368917 0.0038421984384989457 -0.0076190265836384224 0.0063299927502734263 0.0085348712000995874 -0.0055821367462567236 -0.00014848477964000671 -0.00035945425873885824 0.00079081015170770052 -0.0034110256301937629 0.0037579595961648483 -0.0033226793139487852 -0.0089664392681284392 -0.0048797854591138695 0.0025345373954438525 0.0047672596576911232 -0.0027247662610455376 -0.0023877600161774483 0.007282244091232618 0.0022109173270153061 -0.0014254348702153437 0.0064840484643355015 -0.0032072599216397589 0.0083086150243531828 -0.0062486053165048371 0.00037346892058849336 -0.00082908083515411074 -0.0030643783481221418 -0.00010889381832204575 0.0083145950706927357 0.0055414557563407086
leaf_weight=427 42 49 41 20 109 360 311 223 920 23 87 22 73 631 68 46 140 30 84 327 34 56 43 20 28 44 49 121 37 35
leaf_count=427 42 49 41 20 109 360 311 223 920 23 87 22 73 631 68 46 140 30 84 327 34 56 43 20 28 44 49 121 37 35
internal_value=-3.38201e-12 -0.00161222 0.0030206 -0.000620248 -0.00131862 0.00051601 -0.000795261 -0.000998999 -0.00362381 -0.00370362 -0.00184218 -0.00154351 -0.00241612 0.00214593 0.000295711 0.00194218 -0.000319384 0.00042311 0.000464445 -0.00205585 0.00198969 0.00184607 0.000842794 0.00144439 0.00517926 0.000577806 0.00105518 0.0019069 0.00400958 0.00199331
internal_weight=4500 2934 1566 1965 1217 748 998 956 969 219 110 733 422 1139 728 198 530 390 130 400 1098 1064 433 377 71 306 286 237 116 79
internal_count=4500 2934 1566 1965 1217 748 998 956 969 219 110 733 422 1139 728 198 530 390 130 400 1098 1064 433 377 71 306 286 237 116 79
is_linear=0
shrinkage=0.1


Tree=13
num_leaves=31
num_cat=0
split_feature=8 4 4 1 4 4 3 1 9 6 5 9 7 9 9 10 9 1 1 4 1 10 6 4 6 10 6 9 9 3
split_gain=1.77507 0.474736 0.258862 0.0919249 0.111847 0.0916055 0.0833895 0.0698882 0.07761 0.0773906 0.0957732 0.0751678 0.100947 0.0651634 0.0845643 0.130574 0.0665922 0.066131 0.0607039 0.078105 0.0713189 0.0984544 0.0788841 0.108153 0.0977082 0.130312 0.0740934 0.0620247 0.111999 0.060865
threshold=46034.375000000007 60375.500000000007 20064.000000000004 118.50000000000001 41280.000000000007 81390.000000000015 54735.500000000007 135.50000000000003 78457.750000000015 73984.000000000015 79807.500000000015 92162.250000000015 160502208.00000003 54385.750000000007 57275.250000000007 63048.125000000007 61044.750000000007 107.50000000000001 133.50000000000003 25033.000000000004 137.50000000000003 43190.750000000007 38255.250000000007 30595.000000000004 41516.500000000007 46522.750000000007 43902.000000000007 43180.500000000007 46637.500000000007 48442.500000000007
decision_type=2 2 2 2 2 2 2 2 2 2 2 2 2 2 2 2 2 2 2 2 2 2 2 2 2 2 2 2 2 2
left_child=2 3 -1 4 -2 7 -6 -3 9 10 -9 12 -10 -8 -15 -16 -17 -18 -4 -20 21 -21 23 -22 -24 -26 -27 -23 -29 -28
right_child=1 5 18 -5 6 -7 13 8 11 -11 -12 -13 -14 14 15 16 17 -19 19 20 22 27 24 -25 25 26 29 28 -30 -31
leaf_value=0.0048183805169646722 0.0070004926001032202 -0.0017789667362978258 0.0025322173102978285 -0.00072075197173102588 0.0047732629301026471 -0.0049215426585701907 -0.0038420506520196796 -0.0044102781650236277 -0.0021947680861291708 -0.0066377085664548795 0.0017110230459365995 -0.0063591157195760917 0.0045324639990352673 0.0064286583441902287 -0.0065328252281890153 0.0056298919774305364 -0.0037497022108061977 0.0015706440907524667 0.0053256137875649029 -0.0068262612861063748 0.00090813382098881099 0.0049839055561460557 -0.003118061587364147 0.0088945375507076593 0.0078057322330002121 0.0062371915299445392 -0.0053775114705786114 -0.0056669416961570582 0.003300180429449448 0.00056731741304599478
leaf_weight=427 30 521 679 1429 40 201 40 127 157 109 32 34 26 22 27 26 33 80 39 27 39 20 56 30 29 20 20 30 26 124
leaf_count=427 30 521 679 1429 40 201 40 127 157 109 32 34 26 22 27 26 33 80 39 27 39 20 56 30 29 20 20 30 26 124
internal_value=-3.76401e-12 -0.001451 0.00271854 -0.000387585 0.00121005 -0.00297256 0.00056187 -0.00258315 -0.00344703 -0.00458531 -0.00317832 -0.00204122 -0.00123899 -0.000176971 0.000602834 -0.000169263 0.00106682 1.69146e-05 0.00193133 0.00104438 0.000647778 -0.00163917 0.00138852 0.00438048 0.000559421 0.00162646 0.000533786 0.000203613 -0.00150363 -0.000258353
internal_weight=4500 2934 1566 1727 298 1207 268 1006 485 268 159 217 183 228 188 166 139 113 1139 460 421 103 318 69 249 193 164 76 56 144
internal_count=4500 2934 1566 1727 298 1207 268 1006 485 268 159 217 183 228 188 166 139 113 1139 460 421 103 318 69 249 193 164 76 56 144
is_linear=0
shrinkage=0.1


Tree=14
num_leaves=31
num_cat=0
split_feature=4 3 8 7 7 5 7 9 9 5 7 5 1 4 3 1 3 5 5 10 6 9 7 8 9 1 8 3 3 10
split_gain=1.46856 0.418435 0.185379 0.138699 0.139965 0.123989 0.109145 0.10359 0.0966626 0.111276 0.110753 0.0844957 0.0782951 0.0772124 0.0715709 0.0689592 0.0787866 0.131657 0.173703 0.101759 0.0870158 0.0738739 0.066126 0.0635044 0.062647 0.0625284 0.0814648 0.0852084 0.155609 0.0769513
threshold=51265.500000000007 37078.500000000007 69659.875000000015 1971850.1875000002 3234705.2500000005 87665.000000000015 79871048.000000015 69901.500000000015 43804.000000000007 48236.500000000007 7698955.7500000009 39603.500000000007 153.50000000000003 43071.500000000007 44261.500000000007 120.50000000000001 59789.500000000007 66112.000000000015 69362.500000000015 72484.875000000015 69467.835937500015 55081.000000000007 4684563.5000000009 40528.125000000007 41763.500000000007 152.50000000000003 54023.250000000007 62412.500000000007 61420.000000000007 63671.500000000007
decision_type=2 2 2 2 2 2 2 2 2 2 2 2 2 2 2 2 2 2 2 2 2 2 2 2 2 2 2 2 2 2
left_child=1 6 5 13 -5 15 -1 -7 10 -10 -6 -12 14 -3 -11 16 -2 -18 -19 -20 -21 -17 -16 24 -13 26 -23 28 -28 -29
right_child=2 3 -4 4 8 7 -8 -9 9 12 11 23 -14 -15 22 21 17 18 19 20 -22 25 -24 -25 -26 -27 27 29 -30 -31
leaf_value=0.0037679077245558685 0.0051630157705706862 -0.00013043206185102464 -0.0030887876332124035 0.0064578635439752263 -0.0021683346717195078 0.0066949693289643621 0.010408875045294946 0.00013361266866979219 -0.0050056478435484076 0.0055843564619620645 -0.0014032507810043172 0.0031540040427800991 -0.0041045632405097001 -0.0086261232120349359 -0.0043487416007197818 -0.0070877957537218376 -0.0066623238458608583 0.0067359536620123055 -0.0053651286591775722 0.0063408078049265217 -0.001512366806178592 0.0047513386653736242 0.00074849732484522612 0.0067143439448305552 -0.00044019910702972043 -0.0053837179454664392 -0.0011751385337750739 -0.0070703046816971999 0.0075460423213931233 -0.0019505363893241282
leaf_weight=514 27 20 888 47 55 32 26 97 36 30 48 325 34 23 26 27 30 35 40 21 43 20 1205 42 57 45 96 31 26 554
leaf_count=514 27 20 888 47 55 32 26 97 36 30 48 325 34 23 26 27 30 35 40 21 43 20 1205 42 57 45 96 31 26 554
internal_value=-1.01086e-11 0.00162453 -0.00200887 0.000941736 0.00106851 -0.00115569 0.00408766 0.00176124 0.000932181 0.00047832 0.00207846 0.00257332 0.00063077 -0.00467464 0.000758448 -0.00153386 0.00014699 -0.000654386 0.000642291 -0.00140846 0.00106446 -0.00194619 0.000640838 0.0030235 0.0026177 -0.00176636 -0.00154246 -0.0017205 0.000683474 -0.00222184
internal_weight=4500 2488 2012 1948 1905 1124 540 129 1858 1331 527 472 1295 43 1261 995 196 169 139 104 64 799 1231 424 382 772 727 707 122 585
internal_count=4500 2488 2012 1948 1905 1124 540 129 1858 1331 527 472 1295 43 1261 995 196 169 139 104 64 799 1231 424 382 772 727 707 122 585
is_linear=0
shrinkage=0.1


Tree=15
num_leaves=31
num_cat=0
split_feature=8 3 4 7 7 7 3 7 5 6 5 3 4 5 1 1 1 7 4 4 7 10 5 3 10 5 5 9 8 8
split_gain=1.20279 0.318314 0.167538 0.101054 0.130498 0.0961561 0.105834 0.085619 0.0793201 0.0788154 0.0977784 0.12024 0.0950679 0.0709123 0.0717901 0.0693107 0.090726 0.0768594 0.0851619 0.21299 0.0654791 0.0679085 0.0973453 0.0738251 0.140338 0.0898662 0.0838857 0.111941 0.0715631 0.0637023
threshold=54991.125000000007 37078.500000000007 69150.000000000015 15857270.500000002 6178492.2500000009 173164416.00000003 54484.000000000007 346919152.00000006 38494.000000000007 50633.833984375007 58224.500000000007 54735.500000000007 38323.000000000007 39603.500000000007 97.500000000000014 136.50000000000003 127.50000000000001 2345991.8750000005 22453.000000000004 10281.000000000002 1971850.1875000002 59134.750000000007 61665.000000000007 63970.000000000007 64290.125000000007 65936.000000000015 67602.000000000015 61226.500000000007 60082.875000000007 49039.250000000007
decision_type=2 2 2 2 2 2 2 2 2 2 2 2 2 2 2 2 2 2 2 2 2 2 2 2 2 2 2 2 2 2
left_child=1 3 7 4 15 9 -7 20 -5 13 -11 -12 -13 -3 -15 16 17 -1 19 -19 -2 -22 -23 26 -25 -26 27 -24 -29 -16
right_child=2 5 -4 8 -6 6 -8 -9 -10 10 11 12 -14 14 29 -17 -18 18 -20 -21 21 22 23 24 25 -27 -28 28 -30 -31
leaf_value=0.0060886044504827467 -0.0054746919336753925 -0.0020376416989752364 -0.003129627099467039 0.0049498812476784452 0.00042217136324070709 0.0090770580153912307 0.0021188987491266996 0.002472809307994706 0.011570035706695524 -0.0022050996782657295 0.0055368744556538087 -0.005379629895711939 0.00045104481282357738 0.0055997910031874197 0.0011276679586606582 0.0001038231807095664 0.0095581726277513164 -0.0032903403930720832 -0.0018416635226458312 0.0097530545306301897 0.0042992503466931257 -0.0077520499937236316 0.0019293807130972191 -0.0090444940918435659 0.0053261032421141868 -0.001435300329482506 0.0040435835262233356 -0.0070344590158625091 0.00043303365153925759 0.0064609073871827643
leaf_weight=87 37 62 610 131 143 25 174 62 21 175 44 30 412 40 853 35 35 21 36 31 22 23 70 24 20 1147 53 33 21 23
leaf_count=87 37 62 610 131 143 25 174 62 21 175 44 30 412 40 853 35 35 21 36 31 22 23 70 24 20 1147 53 33 21 23
internal_value=-3.11953e-12 0.00154439 -0.0017307 0.00367889 0.00282267 0.000917272 0.00299304 -0.00116632 0.00586451 0.000665242 -0.000178258 0.000551572 5.52977e-05 0.00123534 0.00145687 0.00422378 0.00491044 0.00398089 0.00189713 0.00448553 -0.00132192 -0.00121318 -0.00130037 -0.00119189 -0.00147509 -0.00131942 0.00071369 -0.000709571 -0.00413043 0.0012677
internal_weight=4500 2378 2122 540 388 1838 199 1512 152 1639 661 486 442 978 916 245 210 175 88 52 1450 1413 1391 1368 1191 1167 177 124 54 876
internal_count=4500 2378 2122 540 388 1838 199 1512 152 1639 661 486 442 978 916 245 210 175 88 52 1450 1413 1391 1368 1191 1167 177 124 54 876
is_linear=0
shrinkage=0.1


Tree=16
num_leaves=31
num_cat=0
split_feature=8 3 5 8 5 6 7 6 6 8 9 3 6 10 7 3 9 9 6 8 4 1 5 6 3 3 9 1 3 7
split_gain=0.974528 0.256572 0.188773 0.144819 0.102252 0.0881827 0.0785499 0.0846113 0.107569 0.119363 0.0809335 0.0738081 0.0953003 0.0681693 0.0625693 0.0764409 0.0736682 0.0656871 0.091775 0.0635202 0.0612912 0.0576121 0.089559 0.121474 0.0781082 0.162448 0.0682149 0.0649358 0.113755 0.0818486
threshold=54688.625000000007 33945.000000000007 35230.000000000007 68672.250000000015 87665.000000000015 30542.666992187504 112392684.00000001 49765.166015625007 48890.332031250007 46505.625000000007 42729.250000000007 48743.000000000007 50253.916015625007 85447.125000000015 8884092.5000000019 75340.000000000015 77864.250000000015 81939.750000000015 81124.500000000015 71887.750000000015 44062.500000000007 123.50000000000001 66112.000000000015 61590.750000000007 62412.500000000007 61420.000000000007 58470.750000000007 107.50000000000001 69513.500000000015 32695049.000000004
decision_type=2 2 2 2 2 2 2 2 2 2 2 2 2 2 2 2 2 2 2 2 2 2 2 2 2 2 2 2 2 2
left_child=1 2 5 4 21 -1 7 8 9 -3 -8 -9 -13 -6 -5 -16 -17 18 -18 -19 -10 22 -2 -24 25 -23 -26 -25 -29 -30
right_child=3 6 -4 14 13 -7 10 11 20 -11 -12 12 -14 -15 15 16 17 19 -20 -21 -22 24 23 27 26 -27 -28 28 29 -31
leaf_value=0.0032696146545724471 -0.003503880679244713 0.0011272781369146233 0.009860040122632285 -0.0046745837296921387 0.0063525667861820418 -0.0028607618976384404 0.0050340800787563684 0.0048937819038446136 0.0028738705154794913 -0.0053968141082240718 0.0014173335858859756 -0.0064694534470058551 -0.0002755127726024505 0.00068726808430851795 0.0022331779209994957 -0.0041612166387823514 -0.0015675108581220871 0.0029665022822363035 0.0039414718801188955 -0.0026543042650130598 0.0094750294292514983 -0.0011784084141254426 0.0079916352854090059 -0.003523682843660936 -0.007774530488532036 0.0069560415201610137 -0.001842106862787445 0.0055892395986510178 -0.0058510705018820974 0.00097878631959493097
leaf_weight=382 52 850 43 111 26 25 81 26 39 29 262 26 557 116 38 177 108 21 42 472 22 118 23 36 20 31 628 42 23 74
leaf_count=382 52 850 43 111 26 25 81 26 39 29 262 26 557 116 38 177 108 21 42 472 22 118 23 36 20 31 628 42 23 74
internal_value=-7.29989e-12 0.00141261 0.00355879 -0.00153306 -0.000793526 0.00289306 0.000902159 0.000598956 0.00119384 0.000912035 0.00227143 -0.000319258 -0.000551743 0.00172458 -0.00244049 -0.00215147 -0.00235466 -0.00185736 -2.49957e-05 -0.00241488 0.00525462 -0.00113504 0.000189427 0.00115939 -0.0015505 0.000513994 -0.00202521 0.000261435 0.00124175 -0.000640664
internal_weight=4500 2342 450 2158 1189 407 1892 1549 940 879 343 609 583 142 969 858 820 643 150 493 61 1047 250 198 797 149 648 175 139 97
internal_count=4500 2342 450 2158 1189 407 1892 1549 940 879 343 609 583 142 969 858 820 643 150 493 61 1047 250 198 797 149 648 175 139 97
is_linear=0
shrinkage=0.1


Tree=17
num_leaves=31
num_cat=0
split_feature=9 8 4 7 9 5 1 3 7 7 9 3 5 10 5 1 9 1 8 3 1 5 9 1 3 9 1 9 8 8
split_gain=0.792333 0.184638 0.162581 0.139201 0.0996459 0.0803915 0.0799947 0.0737828 0.0785593 0.0741322 0.0699045 0.0907211 0.0810018 0.115097 0.0951047 0.0888558 0.106595 0.0883514 0.0758542 0.0741598 0.072179 0.0951101 0.0870636 0.0712995 0.100765 0.0732387 0.103229 0.0753096 0.0654045 0.0909951
threshold=53133.250000000007 68672.250000000015 20064.000000000004 60912508.000000007 53731.250000000007 71728.500000000015 92.500000000000014 57653.000000000007 11000444.000000002 5931501.5000000009 68838.000000000015 69759.000000000015 64603.500000000007 65019.375000000007 66912.500000000015 129.50000000000003 63174.250000000007 145.50000000000003 56093.250000000007 62412.500000000007 132.50000000000003 61004.000000000007 57275.250000000007 147.50000000000003 71114.000000000015 72388.000000000015 137.50000000000003 70139.000000000015 60742.625000000007 56778.000000000007
decision_type=2 2 2 2 2 2 2 2 2 2 2 2 2 2 2 2 2 2 2 2 2 2 2 2 2 2 2 2 2 2
left_child=2 3 -1 4 -2 6 -4 8 9 -6 11 12 17 14 28 16 -15 19 -19 20 22 -22 -9 24 -12 26 27 -26 29 -14
right_child=1 -3 5 -5 7 -7 -8 10 -10 -11 23 -13 13 15 -16 -17 -18 18 -20 -21 21 -23 -24 -25 25 -27 -28 -29 -30 -31
leaf_value=0.0033465452049523054 -0.0064425638969987627 -0.002196443774882787 0.0053513516444803743 0.00064722114588942447 0.001151770871223473 0.0070931417153836012 0.00086722032742561443 0.003512418725861337 -0.0011302430796745221 0.0082448936027029289 0.008214634107425808 -0.0038794354727912333 0.0028544682511610206 0.0058166702067659753 0.0084053846541792161 -0.0030005332038690134 -0.0013096673428439178 0.0053763493944037092 -0.0028532897853957759 -0.0059224483746818379 -0.0083180971720139499 -8.6089908145368105e-05 -0.0030692150482950226 -0.0046947109699249272 -0.0052178767288015007 -0.0044999837551427928 0.0071175161786377443 0.0033563013095408677 0.0057413960851374129 -0.0055681636192552418
leaf_weight=416 35 969 41 676 41 22 1341 37 71 23 20 155 29 31 23 133 65 24 21 73 32 25 44 20 21 23 25 20 21 23
leaf_count=416 35 969 41 676 41 22 1341 37 71 23 20 155 29 31 23 133 65 24 21 73 32 25 44 20 21 23 25 20 21 23
internal_value=7.26868e-13 -0.00109349 0.0016102 -0.000468852 -0.0011978 0.00109572 0.00100025 -0.00101424 0.00116006 0.00370086 -0.00135358 -0.00172994 -0.00115649 -0.000108546 0.00279797 -0.001327 0.000991546 -0.00248689 0.00153585 -0.00334482 -0.00198128 -0.00470757 -6.27897e-05 0.0007937 0.00180075 0.000359426 0.00205286 -0.00103535 0.00103125 -0.000870927
internal_weight=4500 2680 1820 1711 1035 1404 1382 1000 135 64 865 736 581 325 96 229 96 256 45 211 138 57 81 129 109 89 66 41 73 52
internal_count=4500 2680 1820 1711 1035 1404 1382 1000 135 64 865 736 581 325 96 229 96 256 45 211 138 57 81 129 109 89 66 41 73 52
is_linear=0
shrinkage=0.1


Tree=18
num_leaves=31
num_cat=0
split_feature=9 4 3 9 10 10 3 5 10 7 9 8 6 7 10 5 1 3 7 10 3 7 4 7 6 3 8 1 1 8
split_gain=0.648022 0.17156 0.113995 0.205675 0.0858476 0.0767886 0.0738626 0.0726101 0.178273 0.10671 0.0916484 0.0749639 0.104305 0.0671232 0.0762471 0.0800254 0.0691699 0.0633626 0.0660027 0.092989 0.0593379 0.0587956 0.0650039 0.0567421 0.0553716 0.0615988 0.081085 0.0543582 0.0453778 0.0653687
threshold=50682.500000000007 60745.500000000007 23935.500000000004 21004.250000000004 52711.250000000007 53532.750000000007 17301.000000000004 66434.500000000015 64821.000000000007 41605290.000000007 59675.000000000007 61636.375000000007 59327.333984375007 134501024.00000003 59134.750000000007 60190.500000000007 92.500000000000014 60308.000000000007 12488190.000000002 66584.250000000015 20020.500000000004 136943544.00000003 81390.000000000015 24504563.000000004 12959.416503906252 12603.500000000002 7155.8750000000009 118.50000000000001 125.50000000000001 64420.125000000007
decision_type=2 2 2 2 2 2 2 2 2 2 2 2 2 2 2 2 2 2 2 2 2 2 2 2 2 2 2 2 2 2
left_child=2 4 3 6 -2 -6 24 11 9 -9 -10 12 -7 14 15 16 23 -12 -19 -20 -8 22 28 -4 25 26 -1 -21 29 -3
right_child=1 21 13 -5 5 7 20 8 10 -11 17 -13 -14 -15 -16 -17 -18 18 19 27 -22 -23 -24 -25 -26 -27 -28 -29 -30 -31
leaf_value=0.00093987815082073221 -0.0055625969788525263 -0.0055592355277875203 0.0074729169936229786 0.010524529973800118 0.0058434346779471357 -0.00068379393688721302 -0.0035199934196087621 0.01173879805774916 0.002053953534168108 0.0015324825514107944 0.0050997765015927147 0.0049854112381581221 -0.0041665233498183541 0.0035421633594004175 -0.003543729215328183 0.0069072917569428689 0.00092049272716889169 0.0047915465367788616 -0.0056516008807119692 0.0014993369262521279 0.0025292680105742289 -0.00027014140051323922 -0.0040232249702780677 0.00069544668353739244 0.0077307277092976238 -0.0019539807330478322 0.0080902275854143595 -0.00090117199465590851 -0.0022339004685550307 9.0264065351765505e-05
leaf_weight=35 30 23 30 37 21 548 31 21 180 20 20 20 102 119 35 24 1177 22 37 113 34 200 156 21 28 22 29 571 607 187
leaf_count=35 30 23 30 37 21 548 31 21 180 20 20 20 102 119 35 24 1177 22 37 113 34 200 156 21 28 22 29 571 607 187
internal_value=6.42582e-12 -0.000900883 0.00159848 0.00373735 -0.000260487 -0.000165524 0.00233442 -0.000241816 0.000304911 0.00676011 2.42501e-05 -0.00104477 -0.00123031 0.0012699 0.0010598 0.00118849 0.00107672 -0.000454579 -0.000604091 -0.000768729 -0.000355764 -0.00183172 -0.00215271 0.00468219 0.00386829 0.00261075 0.00417988 -0.000504597 -0.00179555 -0.000528491
internal_weight=4500 2878 1622 216 1705 1675 179 1654 984 41 943 670 650 1406 1287 1252 1228 763 743 721 65 1173 973 51 114 86 64 684 817 210
internal_count=4500 2878 1622 216 1705 1675 179 1654 984 41 943 670 650 1406 1287 1252 1228 763 743 721 65 1173 973 51 114 86 64 684 817 210
is_linear=0
shrinkage=0.1


Tree=19
num_leaves=31
num_cat=0
split_feature=4 3 7 7 4 7 7 8 7 1 5 6 10 5 9 8 4 6 5 4 8 7 9 5 3 7 1 10 10 3
split_gain=0.531827 0.165473 0.106577 0.114041 0.0819448 0.0711619 0.102195 0.0703496 0.0691794 0.0617318 0.106212 0.232006 0.0626116 0.130549 0.0916186 0.103333 0.105179 0.0872729 0.087341 0.112542 0.0823702 0.0738105 0.0580969 0.0768433 0.101485 0.0754771 0.068589 0.0648538 0.0909888 0.0595082
threshold=51265.500000000007 37078.500000000007 1971850.1875000002 3234705.2500000005 71696.000000000015 15857270.500000002 6178492.2500000009 52977.375000000007 5154165.2500000009 135.50000000000003 61665.000000000007 59327.333984375007 60491.500000000007 64603.500000000007 63174.250000000007 59113.625000000007 54299.500000000007 66698.332031250015 68582.500000000015 57793.000000000007 54991.125000000007 9061067.5000000019 57839.750000000007 66434.500000000015 67185.000000000015 45618436.000000007 140.50000000000003 61096.125000000007 60491.500000000007 62166.500000000007
decision_type=2 2 2 2 2 2 2 2 2 2 2 2 2 2 2 2 2 2 2 2 2 2 2 2 2 2 2 2 2 2
left_child=1 5 -3 -4 7 6 -1 -2 -5 12 -11 -12 20 -14 15 16 -15 18 21 -20 -9 -16 23 27 -25 -24 -26 28 29 -10
right_child=4 2 3 8 -6 -7 -8 9 22 10 11 -13 13 14 17 -17 -18 -19 19 -21 -22 -23 25 24 26 -27 -28 -29 -30 -31
leaf_value=0.0030479387307957729 -0.0063436329931668622 -0.0043749987812398737 0.0055240819567537059 -0.0025943654000430425 -0.0023584703866683168 0.0043606495977943074 -0.00031623949306541603 0.0082304975343868141 0.00084276187032517828 -0.0075938664618189688 0.0067328575865498608 -0.0016219480521469836 -0.0053297509122639895 0.0043644150918615721 0.0044481763292265981 0.0063830742908811029 -0.004157533763597409 8.4638853573617588e-05 -0.0011670181656275721 -0.00907419848566254 -9.1158905096592447e-07 -0.0037517832248427328 -0.0034922299597328951 0.009729706337675453 0.0034064738001082641 0.00021018307018591073 -0.0019394369126530366 -0.0020773978816209762 0.0063187989522702995 -0.0042951249497254259
leaf_weight=245 23 43 47 68 474 152 143 20 1134 27 35 660 50 28 23 44 30 474 36 36 31 21 67 20 96 309 32 79 30 23
leaf_count=245 23 43 47 68 474 152 143 20 1134 27 35 660 50 28 23 44 30 474 36 36 31 21 67 20 96 309 32 79 30 23
internal_value=-3.0808e-12 0.000977615 0.000548236 0.000659365 -0.0012089 0.00252656 0.00180805 -0.000854611 0.000536307 -0.000771279 -0.00144026 -0.0012012 -0.000162191 -0.000395147 -3.86004e-05 0.00272875 -4.34895e-05 -0.000517024 -0.00297554 -0.00512061 0.00322709 0.000534559 0.000655237 0.000949015 0.00310509 -0.000449555 0.00207 0.000696962 0.000881607 0.000740626
internal_weight=4500 2488 1948 1905 2012 540 388 1538 1858 1515 722 695 793 742 692 102 58 590 116 72 51 44 1790 1414 148 376 128 1266 1187 1157
internal_count=4500 2488 1948 1905 2012 540 388 1538 1858 1515 722 695 793 742 692 102 58 590 116 72 51 44 1790 1414 148 376 128 1266 1187 1157
is_linear=0
shrinkage=0.1


Tree=20
num_leaves=31
num_cat=0
split_feature=6 8 7 3 6 6 6 4 7 7 3 5 8 3 9 5 6 7 8 6 3 5 7 5 3 7 1 1 3 5
split_gain=0.443326 0.137129 0.0820811 0.0688025 0.0706353 0.0631924 0.0843549 0.0817114 0.0780527 0.152939 0.0832647 0.0771633 0.0768275 0.0640401 0.108027 0.0883855 0.0614169 0.0604909 0.083276 0.120048 0.0780507 0.0840932 0.0687897 0.0669638 0.0831859 0.0580531 0.0621526 0.0968548 0.180811 0.103033
threshold=48228.000000000007 68672.250000000015 176285016.00000003 17301.000000000004 12959.416503906252 48890.332031250007 49765.166015625007 44062.500000000007 4684563.5000000009 5308571.5000000009 52700.500000000007 57496.000000000007 46034.375000000007 53251.500000000007 52534.500000000007 59865.000000000007 47719.000000000007 21013896.000000004 53274.000000000007 57586.250000000007 56966.000000000007 56063.000000000007 165453440.00000003 87665.000000000015 81716.500000000015 76903616.000000015 135.50000000000003 145.50000000000003 50954.000000000007 49587.000000000007
decision_type=2 2 2 2 2 2 2 2 2 2 2 2 2 2 2 2 2 2 2 2 2 2 2 2 2 2 2 2 2 2
left_child=3 2 5 4 -1 12 7 -7 10 -10 -8 -12 -2 14 -11 -16 25 18 20 -20 21 -15 23 24 -19 26 -5 28 29 -28
right_child=1 -3 -4 16 -6 6 8 -9 9 13 11 -13 -14 17 15 -17 -18 22 19 -21 -22 -23 -24 -25 -26 -27 27 -29 -30 -31
leaf_value=0.0020872466179520585 -0.00019097577228590295 -0.0016549708496253473 0.0014377521200795154 0.0013598278778174061 0.0071737238299101587 0.00068631383693880518 -0.0083705636334012855 0.0081226844954389067 0.0070401028197790904 0.0059426773328152376 0.0030331788584589958 -0.0030111545159183829 -0.0078841933984076604 -0.0045396261950727641 -0.0058720368004980539 0.0031978911466219208 0.0053248212284718955 0.00011487150176657678 0.0038495342635239162 -0.0015495024669953325 -0.0074132482566666314 0.0030150291550418607 -0.0051339380312667889 0.0049898444388348333 -0.0033077726503471273 0.0027592006192062014 -0.0012262684293091299 0.0024277533139152232 -0.0096100660118584834 0.0058685324519224796
leaf_weight=86 27 969 262 731 40 45 22 22 28 41 27 97 25 41 21 22 36 913 48 290 41 23 27 26 77 187 186 93 24 23
leaf_count=86 27 969 262 731 40 45 22 22 28 41 27 97 25 41 21 22 36 913 48 290 41 23 27 26 77 187 186 93 24 23
internal_value=5.55156e-13 -0.000669095 -0.000219536 0.00147239 0.003702 -0.000452606 -0.000353917 0.00312811 -0.000487687 -0.000285474 -0.00270095 -0.00169505 -0.00388964 -0.000416122 0.00227013 -0.00123161 0.00125291 -0.000567969 -0.00154695 -0.000782775 -0.00400688 -0.00182467 -0.000152158 -1.97686e-05 -0.000151334 0.00113508 0.000847743 -0.000300522 -0.00138949 -0.000445501
internal_weight=4500 3094 2125 1406 126 1863 1811 67 1744 1598 146 124 52 1570 84 43 1280 1486 443 338 105 64 1043 1016 990 1244 1057 326 233 209
internal_count=4500 3094 2125 1406 126 1863 1811 67 1744 1598 146 124 52 1570 84 43 1280 1486 443 338 105 64 1043 1016 990 1244 1057 326 233 209
is_linear=0
shrinkage=0.1


Tree=21
num_leaves=31
num_cat=0
split_feature=6 8 1 7 3 9 5 9 9 7 5 10 3 3 8 3 9 8 8 3 1 3 1 7 4 3 6 9 7 1
split_gain=0.359094 0.111075 0.0670751 0.0747859 0.111737 0.0992322 0.0722232 0.0717591 0.0856933 0.0757197 0.0641616 0.102567 0.0623959 0.0867699 0.0785256 0.0592468 0.111643 0.0576039 0.103114 0.0676441 0.0685852 0.0547111 0.0545832 0.0612577 0.0608525 0.054205 0.052829 0.0518052 0.049477 0.0488399
threshold=48228.000000000007 68672.250000000015 118.50000000000001 51157014.000000007 61135.000000000007 48594.750000000007 60698.000000000007 53133.250000000007 52693.750000000007 30293424.000000004 59865.000000000007 59134.750000000007 55503.500000000007 63107.500000000007 49416.125000000007 25762.000000000004 21004.250000000004 48703.000000000007 47190.000000000007 54484.000000000007 130.50000000000003 23935.500000000004 115.50000000000001 329905712.00000006 63148.500000000007 17301.000000000004 47719.000000000007 68643.250000000015 3575605.7500000005 141.50000000000003
decision_type=2 2 2 2 2 2 2 2 2 2 2 2 2 2 2 2 2 2 2 2 2 2 2 2 2 2 2 2 2 2
left_child=15 2 12 5 6 -4 -5 8 9 17 -9 -12 14 -14 -2 16 25 18 -7 20 -19 -18 23 24 -15 -1 -17 -24 -3 -22
right_child=1 28 3 4 -6 7 -8 10 -10 -11 11 -13 13 22 -16 26 21 19 -20 -21 29 -23 27 -25 -26 -27 -28 -29 -30 -31
leaf_value=0.0028910210870794562 0.0010863246591350832 -0.0045857219291584829 -0.0072286313697695727 0.0011801393968718394 1.3038642667553917e-05 -0.0031524963444098833 0.0094737531617283821 -0.0033995962246573062 0.0064039973619704448 0.0044167318903474201 0.0061477932985872031 -0.0011234511320166371 -0.0021088324949074459 -0.00089343587465045291 0.0087537367182614467 0.00090039322684672693 0.0088407445447267717 0.004097904489511469 0.0048908197962855169 -0.0062665681001700226 -0.0064537071902304888 0.0027850655391812324 0.0067809944069295225 0.0057025413450208454 0.0049176648347860298 -0.00055674016965847272 0.0047923392286368964 0.00051630062516778714 -0.0013245648882479067 0.00053484993055462847
leaf_weight=114 34 49 25 21 684 28 21 122 24 33 20 646 92 127 22 1118 37 21 37 31 20 25 33 21 21 76 36 22 920 20
leaf_count=114 34 49 25 21 684 28 21 122 24 33 20 646 92 127 22 1118 37 21 37 31 20 25 33 21 21 76 36 22 920 20
internal_value=3.01673e-12 -0.000602186 -0.000197582 -0.000456393 0.000320455 -0.00100556 0.00532695 -0.00085029 0.000773616 6.24096e-05 -0.0012913 -0.000905095 0.00102203 0.000476825 0.00409852 0.00132515 0.00271428 -0.00085283 0.00142601 -0.00246288 -0.000529855 0.00639894 0.00153879 0.000648272 -6.88878e-05 0.00151192 0.00102181 0.00427512 -0.00148947 -0.00295943
internal_weight=4500 3094 2125 1753 726 1027 42 1002 214 190 788 666 372 316 56 1406 252 157 65 92 61 62 224 169 148 190 1154 55 969 40
internal_count=4500 3094 2125 1753 726 1027 42 1002 214 190 788 666 372 316 56 1406 252 157 65 92 61 62 224 169 148 190 1154 55 969 40
is_linear=0
shrinkage=0.1


Tree=22
num_leaves=31
num_cat=0
split_feature=9 4 7 7 5 7 3 8 6 10 8 10 7 7 3 7 10 6 3 6 7 3 1 10 5 5 1 1 3 5
split_gain=0.294409 0.108626 0.0629458 0.198901 0.120594 0.0717516 0.0644464 0.105255 0.118045 0.0706882 0.0690333 0.0608531 0.0599141 0.0539194 0.0493433 0.0479497 0.0467247 0.0846021 0.0655476 0.151644 0.0432252 0.0476285 0.0422927 0.0422069 0.11564 0.051977 0.0672095 0.0620928 0.0623798 0.0733652
threshold=44031.250000000007 60375.500000000007 1971850.1875000002 3125519.3750000005 48236.500000000007 4684563.5000000009 50234.000000000007 43540.875000000007 46964.000000000007 51121.500000000007 46797.875000000007 48935.875000000007 134501024.00000003 3575605.7500000005 53251.500000000007 6178492.2500000009 67335.500000000015 66438.250000000015 70633.000000000015 69284.835937500015 136943544.00000003 96665.500000000015 133.50000000000003 34524.625000000007 35230.000000000007 38858.500000000007 116.50000000000001 147.50000000000003 52113.500000000007 49959.500000000007
decision_type=2 2 2 2 2 2 2 2 2 2 2 2 2 2 2 2 2 2 2 2 2 2 2 2 2 2 2 2 2 2
left_child=12 2 14 -4 -5 -6 7 11 -9 -8 -10 -7 23 -3 -2 -11 -15 -18 19 -19 21 -20 -14 24 -1 26 -25 28 29 -27
right_child=1 13 3 4 5 6 9 8 10 15 -12 -13 22 16 -16 -17 17 18 20 -21 -22 -23 -24 25 -26 27 -28 -29 -30 -31
leaf_value=0.0015605359449447024 -0.006825180361435439 -0.0036854217844420529 0.007208664493488246 -0.0062822947579045454 -0.0033486128195128854 -0.0052371878875419504 -0.00438150923598457 0.0093839628429248419 -0.0021623662138288771 0.0032211661176837006 0.0043495649699030851 0.001745684244311773 0.0024019129678671219 0.0036284992338291239 -0.00047718528192490343 -4.9235729963427003e-05 -0.0075778601132333286 -0.0020234997011721136 -0.0011727065494252882 0.0074739863120565388 7.5973825400934829e-05 -0.0031226261374690842 0.0071343925848071062 0.0023539825999999747 0.0089954666137187327 0.00077375439878213349 -0.0030059390493358176 0.0049645224010179704 -0.0029629720326672061 0.0062692273587275013
leaf_weight=426 24 83 38 31 62 24 37 29 27 46 41 26 58 21 25 1765 20 40 653 29 206 155 28 34 22 370 75 38 41 26
leaf_count=426 24 83 38 31 62 24 37 29 27 46 41 26 58 21 25 1765 20 40 653 29 206 155 28 34 22 370 75 38 41 26
internal_value=-4.21448e-12 -0.000465054 -4.28665e-05 3.8805e-05 -9.1681e-05 1.61459e-06 0.000105732 0.00212094 0.00404209 -5.45689e-05 0.00176395 -0.00160609 0.00140681 -0.00122583 -0.00358641 3.38336e-05 -0.00104421 -0.00113317 -0.00101415 0.0019682 -0.00121709 -0.00154676 0.00394272 0.00119548 0.00192564 0.000635358 -0.00133404 0.00108728 0.000750131 0.00113457
internal_weight=4500 3382 2175 2126 2088 2057 1995 147 97 1848 68 50 1118 1207 49 1811 1124 1103 1083 69 1014 808 86 1032 448 584 109 475 437 396
internal_count=4500 3382 2175 2126 2088 2057 1995 147 97 1848 68 50 1118 1207 49 1811 1124 1103 1083 69 1014 808 86 1032 448 584 109 475 437 396
is_linear=0
shrinkage=0.1


Tree=23
num_leaves=31
num_cat=0
split_feature=6 8 9 3 5 10 1 8 5 10 5 3 3 5 3 6 1 10 7 5 5 5 1 8 6 8 3 1 4 3
split_gain=0.244749 0.0774854 0.112379 0.086701 0.0812635 0.0679246 0.0562703 0.0803034 0.0714753 0.120087 0.104894 0.0632031 0.0655509 0.0631963 0.0888354 0.0727768 0.0549272 0.0534844 0.0739396 0.0504286 0.0794417 0.0459963 0.0548367 0.0621679 0.0579849 0.0447528 0.0965077 0.0428124 0.0584816 0.0427187
threshold=48228.000000000007 66069.750000000015 68157.750000000015 70633.000000000015 74418.000000000015 72734.750000000015 118.50000000000001 64420.125000000007 52780.000000000007 50587.375000000007 53708.500000000007 55503.500000000007 52113.500000000007 56063.000000000007 51193.500000000007 50052.917968750007 132.50000000000003 75765.875000000015 18395507.000000004 57268.000000000007 58722.500000000007 65431.000000000007 100.50000000000001 52643.125000000007 53073.750000000007 76742.000000000015 82675.000000000015 115.50000000000001 41280.000000000007 33945.000000000007
decision_type=2 2 2 2 2 2 2 2 2 2 2 2 2 2 2 2 2 2 2 2 2 2 2 2 2 2 2 2 2 2
left_child=29 6 -3 4 -4 -5 7 11 9 -8 -10 12 -2 15 -15 -12 -17 -7 25 -16 -21 22 -13 24 -24 -19 -27 28 -23 -1
right_child=1 2 3 5 -6 17 8 -9 10 -11 13 21 -14 14 19 16 -18 18 -20 20 -22 27 23 -25 -26 26 -28 -29 -30 -31
leaf_value=0.0018974254784407095 -0.00042646267405792098 -0.0079165632875325791 -0.00050116911390796302 -0.0060410812330831381 0.008050855635665358 0.001798746732792126 0.0010638379381271079 0.0065084436617325993 0.006451276313189579 -0.009763356901350476 0.0015381799240668235 0.002608249566274817 0.0065279824856781608 0.0048589696998105336 0.0029424451180207339 -0.00054370342709478877 -0.0067830592047336494 -0.0056672342969104651 -0.00084757673638851587 -0.0038355113064440396 -0.00025294555994038586 0.0046176056853374061 -0.004022690959114005 -0.0059288040558631364 0.0034085755577377441 0.0026789509413403371 -0.0038709160054057113 0.0038616984756663442 -0.00099094484443056226 0.00071583588285925939
leaf_weight=450 23 24 25 28 20 62 20 25 23 21 26 23 33 34 46 21 43 50 834 65 1296 23 21 37 21 31 82 40 97 956
leaf_count=450 23 24 25 28 20 62 20 25 23 21 26 23 33 34 46 21 43 50 834 65 1296 23 21 37 21 31 82 40 97 956
internal_value=3.18117e-12 -0.00049715 -0.00114511 -0.00100154 0.00329973 -0.00117961 -0.000110647 0.00105133 -0.000360526 -0.0044818 -0.000251792 0.000622307 0.00367169 -0.000352492 -0.000191928 -0.0029233 -0.00473577 -0.00105107 -0.00122829 -0.000313982 -0.000424045 -2.94703e-05 -0.00168895 -0.00294003 -0.000307058 -0.00317625 -0.00207405 0.00102845 8.40273e-05 0.00109401
internal_weight=4500 3094 1156 1132 45 1087 1938 343 1595 41 1554 318 56 1531 1441 90 64 1059 997 1407 1361 262 102 79 42 163 113 160 120 1406
internal_count=4500 3094 1156 1132 45 1087 1938 343 1595 41 1554 318 56 1531 1441 90 64 1059 997 1407 1361 262 102 79 42 163 113 160 120 1406
is_linear=0
shrinkage=0.1


Tree=24
num_leaves=31
num_cat=0
split_feature=9 4 10 9 1 1 7 4 8 4 10 5 3 9 1 1 3 4 8 7 7 3 3 7 7 1 10 5 7 5
split_gain=0.20289 0.0605361 0.0671818 0.0658792 0.0656959 0.0590587 0.047412 0.0448297 0.050483 0.0430202 0.0398392 0.0788949 0.150088 0.0787669 0.0627508 0.105682 0.0814984 0.0750194 0.155596 0.110667 0.132588 0.0637446 0.0611695 0.109163 0.0569858 0.0763545 0.0731641 0.0983454 0.0882839 0.0485457
threshold=57839.750000000007 33381.500000000007 66004.375000000015 54058.250000000007 97.500000000000014 152.50000000000003 97875540.000000015 71696.000000000015 76393.000000000015 76238.000000000015 61362.750000000007 60378.500000000007 56247.500000000007 56955.500000000007 144.50000000000003 141.50000000000003 50652.500000000007 39292.000000000007 43768.125000000007 1481926.0625000002 3125519.3750000005 57466.500000000007 40427.000000000007 8884092.5000000019 4684563.5000000009 127.50000000000001 48935.875000000007 51892.000000000007 7308108.0000000009 64854.000000000007
decision_type=2 2 2 2 2 2 2 2 2 2 2 2 2 2 2 2 2 2 2 2 2 2 2 2 2 2 2 2 2 2
left_child=1 -1 4 -4 -3 7 -7 -2 -9 -10 11 14 -13 29 15 17 -17 18 22 -19 -21 -16 -6 -24 25 -22 -26 -28 -29 -12
right_child=5 2 3 -5 10 6 -8 8 9 -11 13 12 -14 -15 21 16 -18 19 -20 20 24 -23 23 -25 26 -27 27 28 -30 -31
leaf_value=0.001266520291886163 -0.00031642697309651219 0.0044187978548562218 0.0072798232361674306 0.0010708341909641469 0.0035760723436916511 -0.0043218093382505086 0.00038197753727824119 -0.0042725220051678748 0.00085644651695949276 -0.001606954264401422 -0.0067838076881512445 0.0094901096735460072 0.00080246415727742721 0.0034363744335926395 0.0007246068997054006 -0.0011743395429636753 -0.0082152941361850803 -0.0069366592417160677 0.0080126482186485739 0.0048959802692899344 -0.00043575571849942214 0.006517773087729108 -0.0057402813348316536 0.00064488201899202697 0.0035818908911417514 -0.0091738645469013145 -0.0079121735390453116 0.0039485058343202315 -0.0015370462894348305 -0.0016908532127150678
leaf_weight=984 1723 33 25 54 42 75 30 55 92 309 27 24 116 22 139 35 31 30 29 39 20 22 34 126 34 20 21 34 214 61
leaf_count=984 1723 33 25 54 42 75 30 55 92 309 27 24 116 22 139 35 31 30 29 39 20 22 34 126 34 20 21 34 214 61
internal_value=-1.86376e-12 0.00068169 0.000214585 0.0030357 2.12905e-05 -0.000661394 -0.00297787 -0.00054977 -0.00143146 -0.00104179 -0.000108279 8.85468e-05 0.00229177 -0.0019155 -0.000265996 -0.000670702 -0.00448145 -0.000279551 0.00116298 -0.00108835 -0.000629056 0.00151622 0.000179607 -0.000711965 -0.00125727 -0.00480481 -0.000788944 -0.00134139 -0.000784995 -0.00325346
internal_weight=4500 2216 1232 79 1153 2284 105 2179 456 401 1120 1010 140 110 870 709 66 643 231 412 382 161 202 160 343 40 303 269 248 88
internal_count=4500 2216 1232 79 1153 2284 105 2179 456 401 1120 1010 140 110 870 709 66 643 231 412 382 161 202 160 343 40 303 269 248 88
is_linear=0
shrinkage=0.1


Tree=25
num_leaves=31
num_cat=0
split_feature=9 1 3 5 4 5 4 7 10 1 8 7 3 3 7 10 5 3 9 6 8 1 7 1 8 3 4 8 7 10
split_gain=0.16701 0.061377 0.0590208 0.129823 0.0623177 0.0576091 0.103153 0.0717381 0.0655396 0.154766 0.0820204 0.0805602 0.0603896 0.081627 0.0705987 0.0607325 0.059826 0.092998 0.064358 0.0643915 0.0736478 0.0614003 0.0554319 0.0547858 0.0510856 0.0760253 0.0683719 0.0505946 0.0490477 0.059004
threshold=61044.750000000007 135.50000000000003 33945.000000000007 33793.000000000007 22453.000000000004 66434.500000000015 54586.500000000007 56678104.000000007 60867.625000000007 132.50000000000003 56574.000000000007 59250220.000000007 67185.000000000015 71733.000000000015 116330824.00000001 69600.875000000015 61281.500000000007 59185.500000000007 55299.750000000007 55938.582031250007 56354.500000000007 136.50000000000003 225058464.00000003 139.50000000000003 16700.250000000004 17301.000000000004 9073.0000000000018 49039.250000000007 73782332.000000015 56075.625000000007
decision_type=2 2 2 2 2 2 2 2 2 2 2 2 2 2 2 2 2 2 2 2 2 2 2 2 2 2 2 2 2 2
left_child=2 22 3 4 24 8 7 -7 16 -10 11 23 -9 14 -14 -15 18 -18 28 21 -21 -20 -2 -11 25 -1 -27 -17 -4 -30
right_child=1 -3 5 -5 -6 6 -8 12 9 10 -12 -13 13 15 -16 27 17 -19 19 20 -22 -23 -24 -25 -26 26 -28 -29 29 -31
leaf_value=0.0020837264426518233 -0.00046749486902586396 -0.0012730521031012287 0.00010054481560045002 0.0062297958885055953 -0.0014950561046223412 0.0058599428718702669 -0.0040606296396461022 0.0065866834350994654 -0.0046654534088012732 0.00067767145810648799 -0.0037411994735399886 -0.0012256931176556178 -0.0036474610107208442 0.0065338612316797181 0.0023603914974017013 -0.0014267321038795146 0.0074008994771906271 0.00089799137159179043 -0.0013662768586073072 0.0038997131614730909 -0.0036270477737371737 -0.0085193822160363197 0.0015471734098586839 0.007310515238593023 0.0030607909715720727 0.0022435909623037213 -0.0044844095087186861 0.0034140601153485476 0.0027713370445754679 -0.00242187874391675
leaf_weight=112 900 935 1161 53 82 45 29 21 91 20 30 38 53 30 31 38 29 91 24 26 26 24 161 33 136 23 44 50 138 26
leaf_count=112 900 935 1161 53 82 45 29 21 91 20 30 38 53 30 31 38 29 91 24 26 26 24 161 33 136 23 44 50 138 26
internal_value=-3.62181e-12 -0.000682342 0.000543911 0.00158115 0.000960551 0.000316668 0.00160478 0.00221783 9.89282e-05 -0.00154985 0.00079329 0.00228818 0.00148287 0.000952276 -0.00143028 0.00264833 0.000325168 0.00246953 0.000144591 -0.00230167 0.000136333 -0.00494283 -0.000161782 0.00480756 0.00159979 0.000489754 -0.0021748 0.00132372 0.000329214 0.00194802
internal_weight=4500 1996 2504 450 397 2054 297 268 1757 212 121 91 223 202 84 118 1545 120 1425 100 52 48 1061 53 315 179 67 88 1325 164
internal_count=4500 1996 2504 450 397 2054 297 268 1757 212 121 91 223 202 84 118 1545 120 1425 100 52 48 1061 53 315 179 67 88 1325 164
is_linear=0
shrinkage=0.1


Tree=26
num_leaves=31
num_cat=0
split_feature=4 9 8 9 7 7 5 7 7 7 7 4 3 9 3 9 1 3 4 4 9 1 5 3 1 1 6 8 7 7
split_gain=0.136543 0.0540873 0.0663225 0.048143 0.056236 0.0750181 0.0604808 0.0528317 0.0477699 0.0425632 0.0856077 0.0491514 0.0623047 0.0622644 0.0682522 0.0608938 0.0458487 0.105668 0.0684103 0.0751065 0.0510476 0.0499729 0.0443466 0.061326 0.0462813 0.0461498 0.0402949 0.0710602 0.0503794 0.0497039
threshold=51265.500000000007 55081.000000000007 53837.625000000007 33997.500000000007 1971850.1875000002 2685832.7500000005 38858.500000000007 1290866.5625000002 1971850.1875000002 17827592.000000004 4082483.5000000005 26653.500000000004 37078.500000000007 29774.500000000004 21797.500000000004 28904.500000000004 125.50000000000001 29593.000000000004 14559.000000000002 9073.0000000000018 27513.250000000004 116.50000000000001 29099.000000000004 22800.500000000004 128.50000000000003 92.500000000000014 37981.333984375007 35524.500000000007 3234705.2500000005 4082483.5000000005
decision_type=2 2 2 2 2 2 2 2 2 2 2 2 2 2 2 2 2 2 2 2 2 2 2 2 2 2 2 2 2 2
left_child=3 -2 -3 9 7 -6 -7 -5 -4 10 22 12 13 14 -11 -14 17 18 19 -12 -18 -19 23 25 -24 -1 27 -8 -28 -30
right_child=1 2 8 4 5 6 26 -9 -10 11 16 -13 15 -15 -16 -17 20 21 -20 -21 -22 -23 24 -25 -26 -27 28 -29 29 -31
leaf_value=-6.6696679315123806e-05 -0.0044538283254951239 0.0046822538541164251 -0.0033611490101110742 -0.00037063028242799548 0.0055728873427681354 -0.0035343991433520144 0.0010191079966057467 -0.0068668139943232134 -0.00051795522501491378 0.0068957672842467829 0.0014618433842604811 0.0071259198336520065 0.0037889850528343865 0.0080980897119099452 0.00079751430118146045 -0.0024689533262668801 -0.0012463846414063414 -0.002776241284580185 0.0027625258745891707 -0.0068012444979765208 0.0039036372323416322 -0.0094250584975816322 0.0084974597718211874 -0.0028909808705345945 0.0017759004959953019 0.0043975765596290959 0.004969705502563474 0.007371859713679269 -0.004185105172487406 0.00022264986239138595
leaf_weight=39 36 24 61 31 27 41 109 21 1891 24 22 20 23 22 78 48 39 26 49 22 38 20 21 26 20 57 22 21 26 1596
leaf_count=39 36 24 61 31 27 41 109 21 1891 24 22 20 23 22 78 48 39 26 49 22 38 20 21 26 20 57 22 21 26 1596
internal_value=-6.02494e-12 -0.000612548 -0.000542565 0.000495357 0.000249011 0.000340564 0.000262728 -0.00299409 -0.000606805 0.00128084 0.000643279 0.00240473 0.00192051 0.00327308 0.0022324 -0.000441734 -0.000662302 -0.00174667 0.00019244 -0.0026697 0.00129518 -0.00566703 0.00237337 0.00141717 0.00521865 0.00258397 0.000350486 0.00204532 0.000216466 0.000151995
internal_weight=4500 2012 1976 2488 1894 1842 1815 52 1952 594 379 215 195 124 102 71 216 139 93 44 77 46 163 122 41 96 1774 130 1644 1622
internal_count=4500 2012 1976 2488 1894 1842 1815 52 1952 594 379 215 195 124 102 71 216 139 93 44 77 46 163 122 41 96 1774 130 1644 1622
is_linear=0
shrinkage=0.1


Tree=27
num_leaves=31
num_cat=0
split_feature=9 7 9 3 1 1 7 1 3 1 1 8 3 3 5 10 1 1 5 3 5 1 4 9 5 8 3 4 8 4
split_gain=0.116423 0.0563619 0.085934 0.102144 0.0690958 0.0472943 0.0456331 0.0666909 0.0825793 0.05787 0.0491321 0.084924 0.0551463 0.0853131 0.0772432 0.0664734 0.0633557 0.146079 0.115426 0.108445 0.0917125 0.0844743 0.0845888 0.0680205 0.0590008 0.112246 0.0587454 0.0546163 0.0987297 0.0512932
threshold=64041.250000000007 134501024.00000003 65102.000000000007 65210.500000000007 152.50000000000003 125.50000000000001 173164416.00000003 137.50000000000003 54484.000000000007 142.50000000000003 117.50000000000001 61636.375000000007 42640.500000000007 43878.500000000007 45722.000000000007 45416.125000000007 143.50000000000003 141.50000000000003 66434.500000000015 66637.000000000015 64049.500000000007 132.50000000000003 51099.000000000007 62784.000000000007 54481.000000000007 40350.875000000007 55826.000000000007 36163.500000000007 36117.375000000007 56552.500000000007
decision_type=2 2 2 2 2 2 2 2 2 2 2 2 2 2 2 2 2 2 2 2 2 2 2 2 2 2 2 2 2 2
left_child=6 2 -2 -4 -5 -3 10 8 -8 -9 -1 12 14 -14 27 -16 17 18 20 -20 -15 -22 -23 -21 25 -18 -26 28 -12 -28
right_child=1 5 3 4 -6 -7 7 9 -10 -11 11 -13 13 16 15 -17 24 -19 19 23 21 22 -24 -25 26 -27 29 -29 -30 -31
leaf_value=0.0010252589543846564 -0.0043619751474413444 0.0018242194369790254 0.0050808442595960766 -0.00076572045364413756 -0.0045642726356163619 -0.00038570630799707336 0.0059368441735083858 0.0083960693329572685 -0.00058881185918880426 0.0018816242700753112 0.00036526415676948326 0.0052266986034209695 -0.0047865914527348997 -0.0003838306170086468 0.0089947047332922629 0.0010380739434843972 -0.0015991418211556533 -0.0043496597334007295 0.0073734520694180841 0.0017345091203595443 -0.0067821978856796783 0.0033673300242905192 -0.0053232240357569292 -0.0042527634481137454 -0.0033297656240259734 0.0055303979905263062 0.0012524134166562112 -0.0042242620099821821 0.0069997043814510112 -0.0039321368028010636
leaf_weight=679 71 143 29 1133 50 300 24 25 101 30 343 31 42 665 21 21 34 95 31 138 46 24 21 22 41 63 209 23 24 21
leaf_count=679 71 143 29 1133 50 300 24 25 101 30 343 31 42 665 21 21 34 95 31 138 46 24 21 22 41 63 209 23 24 21
internal_value=-3.78654e-12 -0.000644832 -0.000980616 -0.000782533 -0.000926268 0.000327656 0.000401218 0.00194092 0.000664114 0.00484274 0.000294377 3.5229e-05 -5.01932e-05 -0.000345298 0.000941687 0.00501639 -0.000213004 -0.000611362 -0.000236348 0.0019601 -0.00079127 -0.00376871 -0.000688262 0.000911259 0.000914955 0.00303138 0.000157414 0.000502873 0.000799124 0.000779041
internal_weight=4500 1726 1283 1212 1183 443 2774 180 125 55 2594 1915 1884 1452 432 42 1410 1042 947 191 756 91 45 160 368 97 271 390 367 230
internal_count=4500 1726 1283 1212 1183 443 2774 180 125 55 2594 1915 1884 1452 432 42 1410 1042 947 191 756 91 45 160 368 97 271 390 367 230
is_linear=0
shrinkage=0.1


Tree=28
num_leaves=31
num_cat=0
split_feature=6 6 7 7 5 5 3 5 3 9 5 7 3 8 6 3 7 7 6 8 7 4 6 5 6 6 1 1 8 6
split_gain=0.0947621 0.0448061 0.0422701 0.101004 0.0811914 0.0608017 0.146966 0.0574591 0.0545219 0.0985456 0.0538326 0.0451633 0.0454194 0.0422515 0.0954429 0.0569658 0.0510573 0.0449547 0.0538229 0.167333 0.120935 0.08776 0.125974 0.0504534 0.0500258 0.0386215 0.0356072 0.0333386 0.0332131 0.0506673
threshold=48228.000000000007 47719.000000000007 4684563.5000000009 5308571.5000000009 52780.000000000007 52135.000000000007 52700.500000000007 57496.000000000007 53251.500000000007 52534.500000000007 59865.000000000007 18395507.000000004 55245.500000000007 53274.000000000007 57586.250000000007 56966.000000000007 11150694.500000002 15427829.500000002 64563.167968750007 61183.875000000007 13011771.000000002 66036.500000000015 74145.250000000015 64251.000000000007 59073.583984375007 50253.916015625007 130.50000000000003 133.50000000000003 45527.125000000007 46964.000000000007
decision_type=2 2 2 2 2 2 2 2 2 2 2 2 2 2 2 2 2 2 2 2 2 2 2 2 2 2 2 2 2 2
left_child=1 28 5 -4 -5 -2 -7 -8 9 25 -11 13 -13 15 16 27 -15 18 19 20 23 -20 -23 24 -16 -6 -19 -10 29 -1
right_child=2 -3 3 4 8 6 7 -9 11 10 -12 12 -14 14 17 -17 -18 26 21 -21 -22 22 -24 -25 -26 -27 -28 -29 -30 -31
leaf_value=0.00062955345602311785 0.0033899070811457934 0.0041631850905509459 0.0051347082959754126 -0.0064652267355649251 0.0015940038915723564 -0.010071201686791723 0.0030183585912541108 -0.0019666218699927887 0.0019189050336453049 -0.0052561143324488689 0.0017467433586716653 0.0039682307142626357 -0.00015903640055502804 0.0067757934797555213 -0.004350153367877716 -0.0062565794547221488 0.00010632763362743638 -0.0057937268647506382 -0.0045027748852901695 0.0088895570994778125 0.0059655427311857551 0.0059633306607052138 -0.0018451384030578829 -0.0059818931389600044 0.002106486979339804 0.0067103300967978107 -0.0016918765659191472 -0.0030222129697601002 0.0042007113639265297 -0.0029836281226016583
leaf_weight=1305 22 36 35 21 25 21 27 161 22 21 23 27 2139 24 21 35 22 33 70 22 21 27 88 28 28 36 59 36 25 40
leaf_count=1305 22 36 35 21 25 21 27 161 22 21 23 27 2139 24 21 35 22 33 70 22 21 27 88 28 28 36 59 36 25 40
internal_value=3.43637e-12 0.000680736 -0.000309345 -0.000204354 -0.000270432 -0.0016106 -0.00213696 -0.00125069 -0.000224087 0.00201161 -0.00159553 -0.000310966 -0.000107588 -0.00113282 -0.000726027 -0.00307058 0.00358605 -0.00122566 -0.000641228 0.00100818 -0.000761104 -0.00171112 -1.18457e-05 -0.00259564 -0.000660645 0.00461348 -0.00316319 -0.001148 0.000589226 0.000522098
internal_weight=4500 1406 3094 2863 2828 231 209 188 2807 105 44 2702 2166 536 443 93 46 397 305 120 98 185 115 77 49 61 92 58 1370 1345
internal_count=4500 1406 3094 2863 2828 231 209 188 2807 105 44 2702 2166 536 443 93 46 397 305 120 98 185 115 77 49 61 92 58 1370 1345
is_linear=0
shrinkage=0.1


Tree=29
num_leaves=31
num_cat=0
split_feature=9 1 7 1 1 4 1 4 8 1 5 7 3 5 9 10 7 8 4 6 6 3 9 9 4 10 6 9 9 8
split_gain=0.081622 0.0453538 0.0398941 0.0461066 0.0447704 0.0476579 0.0423292 0.0558391 0.141493 0.0560444 0.0992437 0.0453475 0.0671231 0.0738971 0.0727751 0.0585338 0.0539396 0.0466446 0.0431345 0.0565449 0.165163 0.0599402 0.0958954 0.0505752 0.0482361 0.0481705 0.0785023 0.0473918 0.0718521 0.0707978
threshold=61044.750000000007 135.50000000000003 173164416.00000003 129.50000000000003 120.50000000000001 11883.500000000002 144.50000000000003 54463.000000000007 57124.875000000007 140.50000000000003 71728.500000000015 52863412.000000007 49018.000000000007 47861.500000000007 49996.500000000007 62396.000000000007 69409816.000000015 34285.375000000007 38813.500000000007 45888.750000000007 46964.000000000007 48442.500000000007 49594.250000000007 50682.500000000007 32531.000000000004 57385.750000000007 46547.083984375007 55698.500000000007 57839.750000000007 49949.250000000007
decision_type=2 2 2 2 2 2 2 2 2 2 2 2 2 2 2 2 2 2 2 2 2 2 2 2 2 2 2 2 2 2
left_child=2 -2 4 -4 -1 -6 7 9 -9 10 18 12 13 17 -14 -16 -13 -8 24 -20 -21 -22 -23 -24 -7 26 -26 29 -29 -25
right_child=1 -3 3 -5 5 6 11 8 -10 -11 -12 16 14 -15 15 -17 -18 -19 19 20 21 22 23 27 25 -27 -28 28 -30 -31
leaf_value=0.00091225748041160511 -2.9536370151734611e-05 -0.00098480107970132648 0.00020961515226353632 0.0036479593511336509 0.0043995297125851117 -0.00025569567575769352 -0.0019714807130156026 -0.0094487963892195548 0.00090309320498378049 -0.0017524012206874863 0.0056599217436967362 -0.0055630953084411369 0.0059685325366444887 -0.0060853837849572309 0.00046961463859444049 0.0063634556345641613 0.00040970565621844596 0.0033552112822820036 -0.0042178924542007057 0.0082352211787587119 0.0039960394911759071 -0.0046277630921174552 0.0040734672513992893 0.00065293391919968768 0.0015657847181320289 -0.0026070462582124909 0.0080911887277449884 0.0036778300639470013 -0.0011964790714805934 -0.0034811286611552794
leaf_weight=754 1061 935 78 78 24 278 31 23 31 198 31 21 48 20 107 20 54 35 43 21 24 66 23 68 151 22 21 49 79 106
leaf_count=754 1061 935 78 78 24 278 31 23 31 198 31 21 48 20 107 20 54 35 43 21 24 66 23 68 151 22 21 49 79 106
internal_value=-7.17223e-12 -0.000477018 0.000380242 0.00192879 0.000277358 -2.29648e-05 -9.05698e-05 -0.000361515 -0.00350604 -0.000217613 9.18451e-05 0.00090451 0.00152727 -0.000760363 0.00265147 0.00139778 -0.00126268 0.00085328 -8.9659e-05 -0.000758196 -0.000416987 -0.00085481 -0.00115256 -0.000446826 0.000588792 0.00179894 0.00236249 -0.000791087 0.000669467 -0.00186552
internal_weight=4500 1996 2504 156 2348 1594 1570 1234 54 1180 982 336 261 86 175 127 75 66 951 479 436 415 391 325 472 194 172 302 128 174
internal_count=4500 1996 2504 156 2348 1594 1570 1234 54 1180 982 336 261 86 175 127 75 66 951 479 436 415 391 325 472 194 172 302 128 174
is_linear=0
shrinkage=0.1


Tree=30
num_leaves=31
num_cat=0
split_feature=8 1 4 4 5 9 3 4 7 9 7 1 9 6 9 7 10 10 3 4 9 4 1 9 6 3 3 1 4 3
split_gain=0.0683956 0.0434281 0.0536288 0.0522128 0.048532 0.0679134 0.057845 0.0490967 0.0480038 0.0470017 0.0458968 0.0409376 0.0434629 0.0896013 0.0552067 0.0451149 0.0818818 0.0451954 0.0494302 0.0412935 0.0399809 0.0395715 0.0711018 0.0969301 0.0756214 0.0707602 0.085884 0.0820356 0.04961 0.0410158
threshold=68672.250000000015 117.50000000000001 7219.0000000000009 62551.000000000007 88254.500000000015 66158.500000000015 81716.500000000015 56869.000000000007 49917454.000000007 73707.750000000015 390324832.00000006 118.50000000000001 53133.250000000007 52810.083984375007 53731.250000000007 39003554.000000007 66400.625000000015 73908.625000000015 76351.000000000015 62134.000000000007 67244.000000000015 56869.000000000007 142.50000000000003 64188.500000000007 63875.832031250007 62412.500000000007 61420.000000000007 146.50000000000003 56105.500000000007 57653.000000000007
decision_type=2 2 2 2 2 2 2 2 2 2 2 2 2 2 2 2 2 2 2 2 2 2 2 2 2 2 2 2 2 2
left_child=1 3 -3 -1 6 -6 8 -7 11 -9 -10 -4 13 -13 -14 17 -17 19 -19 21 -18 25 23 -23 -24 26 29 28 -27 -16
right_child=-2 2 4 -5 5 7 -8 9 10 -11 -12 12 14 -15 15 16 20 18 -20 -21 -22 22 24 -25 -26 27 -28 -29 -30 -31
leaf_value=0.00067191063022794726 -0.00074420891037217185 0.0049250283193859185 -0.0035520064154345742 0.0047299242324449799 0.0072358864871785045 -0.0014738775925555577 -0.0022985345741702071 0.0054862024345164817 0.00084496003136178997 -0.00034153231326490644 -0.0031526522027949494 3.7267086350558595e-05 -0.0054061147347092631 0.0051971495151519782 0.00087121771696042644 0.0012342692346538646 -0.0073403781776626908 0.0064516735915094619 -0.00034586325308065053 -0.0028609182074433195 -0.0024569115209344189 0.0050585871089308988 -0.0068507907190360129 -0.00080585149196707006 0.00098772923229262233 -0.0028776681390747932 0.0048259951294000666 0.001869681474636309 -0.0083893955871462821 -0.0020525915350051637
leaf_weight=809 969 22 38 33 20 48 117 31 673 25 30 875 25 35 98 37 30 20 23 68 38 63 20 51 32 89 35 32 20 94
leaf_count=809 969 22 38 33 20 48 117 31 673 25 30 875 25 35 98 37 30 20 23 68 38 63 20 51 32 89 35 32 20 94
internal_value=1.21581e-12 0.000204231 7.98633e-06 0.000830954 -3.25742e-05 0.00189924 -0.000126772 0.00087296 -2.20331e-05 0.00288454 0.000674365 -0.00030617 -0.00023297 0.000235724 -0.000783308 -0.000629214 -0.00255149 -0.000316286 0.00281578 -0.000540006 -0.00461138 -0.000244459 0.00103725 0.00243502 -0.00202709 -0.000822622 0.000270245 -0.00258206 -0.00388899 -0.000560231
internal_weight=4500 3531 2689 842 2667 124 2543 104 2426 56 703 1723 1685 910 775 750 105 645 43 602 68 534 166 114 52 368 227 141 109 192
internal_count=4500 3531 2689 842 2667 124 2543 104 2426 56 703 1723 1685 910 775 750 105 645 43 602 68 534 166 114 52 368 227 141 109 192
is_linear=0
shrinkage=0.1


Tree=31
num_leaves=31
num_cat=0
split_feature=9 6 6 3 7 6 9 8 5 3 7 4 1 10 1 8 7 1 4 4 7 7 6 7 1 7 6 5 4 4
split_gain=0.0610148 0.0602167 0.0682361 0.064653 0.0710442 0.05377 0.0512889 0.047156 0.0466775 0.0470155 0.0867297 0.057868 0.0556909 0.0439812 0.0426705 0.0422764 0.0628347 0.050227 0.0421197 0.0707657 0.0387595 0.0696745 0.0780557 0.0431315 0.0426986 0.103545 0.0586729 0.122472 0.0576323 0.0512777
threshold=41763.500000000007 41091.500000000007 38548.333984375007 45732.500000000007 10757611.500000002 42137.000000000007 39932.000000000007 36117.375000000007 44105.000000000007 37569.000000000007 11000444.000000002 28653.500000000004 129.50000000000003 38932.750000000007 114.50000000000001 38703.125000000007 71406408.000000015 131.50000000000003 27492.500000000004 17315.000000000004 1971850.1875000002 2994539.0000000005 58947.500000000007 4082483.5000000005 125.50000000000001 4909130.2500000009 43082.250000000007 48236.500000000007 71280.500000000015 33667.500000000007
decision_type=2 2 2 2 2 2 2 2 2 2 2 2 2 2 2 2 2 2 2 2 2 2 2 2 2 2 2 2 2 2
left_child=1 2 7 4 6 -3 -4 8 9 -1 -11 12 13 -12 -10 16 -2 -18 19 -17 -20 22 -22 -23 25 -25 -26 -28 29 -29
right_child=15 5 3 -5 -6 -7 -8 -9 14 10 11 -13 -14 -15 -16 18 17 -19 20 -21 21 23 -24 24 26 -27 27 28 -30 -31
leaf_value=0.00085676944027904376 -0.0062238863586182042 0.0068458789766862472 -0.006002486390726907 -0.0052056697883496161 0.0043123717419803146 0.0010599069995805622 0.00098654703081895909 0.0049916841591206886 -0.0010498667182400824 -0.0061462904858802054 0.0034616383859732503 0.0029494907812808047 -0.004396136390584472 -0.0021949400239723868 0.004283706458906333 -0.0016921975040951602 -0.0030508568244321005 0.002039403111363451 -0.0021208551079034805 0.0050092211263836365 0.0060977868568246581 -0.0024930286392145142 -0.0013206648680826893 0.0075757658551447093 0.0046652735109724433 0.00029737301556578475 -0.0078356336736099107 -0.0040245625754874769 -0.0015378835450543763 -4.7050092718659978e-05
leaf_weight=533 28 29 21 38 24 36 21 26 20 28 27 44 38 28 60 26 42 36 100 40 37 79 23 20 23 861 22 33 338 1819
leaf_count=533 28 29 21 38 24 36 21 26 20 28 27 44 38 28 60 26 42 36 100 40 37 79 23 20 23 861 22 33 338 1819
internal_value=2.12401e-12 0.000701064 0.000490581 -0.00191974 -2.78455e-05 0.00364134 -0.00250797 0.000802365 0.000662362 0.000400132 -0.00107494 -3.84648e-05 -0.00145212 0.000581926 0.00295031 -0.000193404 -0.00216025 -0.000701506 -0.000132461 0.00236927 -0.000181675 -0.0001221 0.00325405 -0.000185502 -0.000126999 0.000462603 -0.00035941 -0.000411656 -0.000337077 -0.000117924
internal_weight=4500 973 908 104 66 65 42 804 778 698 165 137 93 55 80 3527 106 78 3421 66 3355 3255 60 3195 3116 881 2235 2212 2190 1852
internal_count=4500 973 908 104 66 65 42 804 778 698 165 137 93 55 80 3527 106 78 3421 66 3355 3255 60 3195 3116 881 2235 2212 2190 1852
is_linear=0
shrinkage=0.1


Tree=32
num_leaves=31
num_cat=0
split_feature=9 5 8 4 3 5 9 7 8 5 7 7 4 8 5 1 9 1 6 1 6 9 1 7 9 9 6 3 9 6
split_gain=0.0511678 0.0400603 0.0828701 0.0483407 0.0440175 0.0686779 0.0540642 0.0516312 0.039844 0.0893214 0.0918301 0.0360062 0.0333016 0.0320819 0.0525784 0.0371307 0.0355589 0.0902854 0.0424011 0.0660247 0.0554453 0.0566812 0.0553633 0.120722 0.0385164 0.054461 0.0607961 0.0456633 0.0374724 0.0599552
threshold=44031.250000000007 49232.000000000007 43058.875000000007 41506.500000000007 50652.500000000007 52592.500000000007 47084.250000000007 16881166.000000004 47190.000000000007 52336.000000000007 10047062.000000002 19981762.000000004 82600.000000000015 40735.875000000007 49587.000000000007 126.50000000000001 41763.500000000007 123.50000000000001 41091.500000000007 125.50000000000001 38548.333984375007 38492.500000000007 137.50000000000003 8581434.5000000019 38163.750000000007 36792.750000000007 35867.750000000007 40782.000000000007 33997.500000000007 34131.583984375007
decision_type=2 2 2 2 2 2 2 2 2 2 2 2 2 2 2 2 2 2 2 2 2 2 2 2 2 2 2 2 2 2
left_child=13 2 -2 -4 6 11 7 -3 -8 -10 -11 -6 -7 16 15 -15 18 -18 20 -20 24 -22 23 -23 25 26 28 -27 -1 -30
right_child=1 4 3 -5 5 12 8 -9 9 10 -12 -13 -14 14 -16 -17 17 -19 19 -21 21 22 -24 -25 -26 27 -28 -29 29 -31
leaf_value=0.00079549426471945913 -0.0067858856603769321 0.0072968966399247831 -0.0034820816701366789 0.0029686490138724018 -0.0059099410995258955 -8.6533676324289331e-05 -0.0015933412576519083 0.00063023110408158534 0.0075627352483570581 -0.0054382117337081586 0.0040298247399429476 -0.00050114831887185577 -0.0015384420016390122 0.0042535016778856519 0.006839533145761207 -0.0012730681163027899 -0.0061564367464078326 0.00091093994823156622 0.007707802073231765 0.00075296368927527699 -0.0058857515156269073 -0.0042907273308152244 -0.0040756374770016587 0.0055949981448551022 0.0035986996996639807 -0.0057744435966014867 0.0041087845705595673 0.00022044551119001379 -0.005460629508329126 0.00048036891171157511
leaf_weight=583 28 26 21 26 32 2923 57 21 20 20 21 20 167 20 21 31 28 51 21 39 25 21 27 30 44 24 51 27 26 49
leaf_count=583 28 26 21 26 32 2923 57 21 20 20 21 20 167 20 21 31 28 51 21 39 25 21 27 30 44 24 51 27 26 49
internal_value=1.26957e-12 -0.000193877 -0.00247925 8.64076e-05 -0.000142047 -0.000225652 0.00145 0.00431817 0.000307596 0.00208388 -0.00058873 -0.00382964 -0.000165003 0.000586487 0.00262827 0.000894214 0.000445943 -0.00159395 0.000612595 0.00318716 0.000442282 -0.00174215 -0.000414071 0.00152441 0.000722128 0.00055559 0.000782627 -0.00260068 0.000524825 -0.00157918
internal_weight=4500 3382 75 47 3307 3142 165 47 118 61 41 52 3090 1118 72 51 1046 79 967 60 907 103 78 51 804 760 709 51 658 75
internal_count=4500 3382 75 47 3307 3142 165 47 118 61 41 52 3090 1118 72 51 1046 79 967 60 907 103 78 51 804 760 709 51 658 75
is_linear=0
shrinkage=0.1


Tree=33
num_leaves=31
num_cat=0
split_feature=9 9 3 6 5 5 4 8 9 6 9 8 1 3 8 6 6 4 9 7 3 10 9 5 5 10 7 8 10 7
split_gain=0.0428512 0.0481203 0.0779665 0.0621728 0.0390654 0.0742161 0.0538895 0.0468011 0.0452756 0.0551887 0.0486747 0.0377731 0.0374703 0.0689915 0.0435667 0.0428356 0.0392192 0.0647873 0.0489336 0.0429109 0.0655827 0.0838299 0.0777826 0.0689346 0.0455796 0.0414964 0.049854 0.0954449 0.0375202 0.0363065
threshold=64041.250000000007 65102.000000000007 65210.500000000007 65375.250000000007 78812.000000000015 81971.000000000015 40617.500000000007 61183.875000000007 61044.750000000007 62361.582031250007 61599.750000000007 62541.875000000007 152.50000000000003 81716.500000000015 78051.250000000015 65375.250000000007 66438.250000000015 56712.500000000007 66609.000000000015 3393214.2500000005 76090.500000000015 73908.625000000015 72006.500000000015 77296.000000000015 78117.500000000015 72963.500000000015 8094369.2500000009 65588.375000000015 76804.500000000015 35271800.000000007
decision_type=2 2 2 2 2 2 2 2 2 2 2 2 2 2 2 2 2 2 2 2 2 2 2 2 2 2 2 2 2 2
left_child=4 3 -3 11 7 -6 -7 8 -1 10 -10 -2 15 -14 -15 -4 17 -17 -18 -20 21 25 -23 -22 -24 26 -21 -28 -25 -12
right_child=1 2 12 -5 5 6 -8 -9 9 -11 29 -13 13 14 -16 16 18 -19 19 20 23 22 24 28 -26 -27 27 -29 -30 -31
leaf_value=0.00023819195058060729 -0.0065172674342033436 0.0047836013759175941 0.0020245705832703377 0.00089608101880003235 0.0064535754042324327 0.0036000326785835483 -0.0034065243464125243 0.0031822855821719356 -0.005423543217503244 0.00085269928884892064 -0.0031481648240948008 -0.0012072654174906869 -0.0067083912471739143 0.0026614217624834663 -0.0036580822034738962 0.0011551044309661459 0.00316554891935084 -0.0060869139557083451 -0.0030688290533266572 0.0041993346205412381 -0.0055456376324097313 0.00803999010601948 0.0053211906662909321 0.0033225298644258428 -0.00076432104979176076 -0.0040434285314404411 0.0042067680374852255 -0.0044171908542259856 -0.00052210005546521516 0.0012476065740509726
leaf_weight=2462 37 30 78 32 29 21 23 51 42 70 42 21 26 24 20 21 40 30 57 27 27 29 20 26 32 24 21 33 1071 34
leaf_count=2462 37 30 78 32 29 21 23 51 42 70 42 21 26 24 20 21 40 30 57 27 27 29 20 26 32 24 21 33 1071 34
internal_value=-4.0276e-12 -0.000391208 -0.000267365 -0.00264241 0.000243412 0.00252609 -6.24858e-05 0.000181718 0.000123971 -0.00137183 -0.00269147 -0.00459468 -0.000361716 -0.00262437 -0.00021108 -0.000258601 -0.000380746 -0.00310491 -0.000282002 -0.000382882 -0.000266012 0.00147333 0.00389044 -0.00055384 0.00157626 -0.00039129 0.000690825 -0.00106343 -0.000430978 -0.00118164
internal_weight=4500 1726 1636 90 2774 73 44 2701 2650 188 118 58 1606 70 44 1536 1458 51 1407 1367 1310 186 81 1124 52 105 81 54 1097 76
internal_count=4500 1726 1636 90 2774 73 44 2701 2650 188 118 58 1606 70 44 1536 1458 51 1407 1367 1310 186 81 1124 52 105 81 54 1097 76
is_linear=0
shrinkage=0.1


Tree=34
num_leaves=31
num_cat=0
split_feature=3 5 6 4 4 7 3 7 7 4 8 3 7 3 1 7 7 7 3 10 5 6 9 3 8 1 5 6 6 7
split_gain=0.038378 0.0569491 0.0779298 0.0702697 0.0520941 0.0792262 0.0449309 0.0373782 0.0390248 0.0499523 0.0366564 0.0557925 0.0482057 0.0431819 0.0752712 0.0406277 0.0706774 0.030169 0.0444736 0.0752917 0.0511224 0.0446466 0.0468409 0.0676651 0.0648794 0.0629141 0.059004 0.0602637 0.0862384 0.0441212
threshold=37078.500000000007 35230.000000000007 30542.666992187504 26339.500000000004 22453.000000000004 8581434.5000000019 33945.000000000007 1971850.1875000002 2817872.8750000005 46947.000000000007 16700.250000000004 17301.000000000004 11656402.500000002 23935.500000000004 122.50000000000001 7308108.0000000009 2994539.0000000005 134501024.00000003 83019.000000000015 82656.500000000015 84584.500000000015 74873.164062500015 68838.000000000015 70633.000000000015 66069.750000000015 145.50000000000003 79236.000000000015 64563.167968750007 63875.832031250007 33163514.000000004
decision_type=2 2 2 2 2 2 2 2 2 2 2 2 2 2 2 2 2 2 2 2 2 2 2 2 2 2 2 2 2 2
left_child=1 2 3 4 10 -6 -3 -2 9 -9 11 15 -13 14 -12 16 -1 18 20 -20 21 22 24 -24 26 -25 27 28 -10 -30
right_child=7 6 -4 -5 5 -7 -8 8 17 -11 13 12 -14 -15 -16 -17 -18 -19 19 -21 -22 -23 23 25 -26 -27 -28 -29 29 -31
leaf_value=0.0021798030132231363 -0.001916989210892368 0.0053566618302707068 -0.0045506960824094412 0.0064310120570007711 -0.0062240531168104747 0.0013679215822506835 0.0011770099012210268 0.006582601425226927 -0.00013016969195981979 0.00024910324206411423 0.0082614822424948216 -0.0064935744646936666 -0.00066770835427985506 0.00082037686512862547 0.0002413424398665401 0.0052211811499936244 -0.0038439241869907292 0.00049959079840475957 -0.0047862968986084192 -0.00067769840040658291 0.0038584289518467183 -0.0024128955432478295 0.0053718624047606311 0.0014706035510558242 -0.0047262564369086775 -0.0023677359518478624 0.0039537282248160669 -0.0018416814933982608 0.0060277361555823262 0.00022979302420502619
leaf_weight=64 111 43 31 20 28 27 64 20 1835 33 25 20 49 98 22 21 28 700 49 497 33 81 34 191 31 55 35 199 35 21
leaf_count=64 111 43 31 20 28 27 64 20 1835 33 25 20 49 98 22 21 28 700 49 497 33 81 34 191 31 55 35 199 35 21
internal_value=6.0872e-12 0.000790835 0.000280336 0.000652879 0.000350359 -0.00249708 0.00285668 -0.000107841 -5.56677e-05 0.0026391 0.000829286 -0.000115752 -0.00235637 0.00201547 0.00450737 0.00125241 0.000346495 -9.32923e-05 -0.000227342 -0.00104642 -5.19633e-05 -0.000103232 -2.64326e-05 0.00119037 -0.000184459 0.000612438 -0.000118202 -0.000186392 -1.21972e-05 0.00385351
internal_weight=4500 540 433 402 382 55 107 3960 3849 53 327 182 69 145 47 113 92 3796 3096 546 2550 2517 2436 280 2156 246 2125 2090 1891 56
internal_count=4500 540 433 402 382 55 107 3960 3849 53 327 182 69 145 47 113 92 3796 3096 546 2550 2517 2436 280 2156 246 2125 2090 1891 56
is_linear=0
shrinkage=0.1


Tree=35
num_leaves=31
num_cat=0
split_feature=9 10 9 3 10 1 7 1 9 4 1 4 9 6 9 4 7 4 10 10 8 7 6 6 1 9 1 7 6 1
split_gain=0.0325629 0.0482375 0.0404299 0.0336748 0.0441375 0.0507479 0.0314708 0.0428697 0.0411125 0.0550469 0.0401781 0.036695 0.0822551 0.0663763 0.03068 0.0427338 0.0309666 0.0297084 0.0295038 0.0840115 0.0279529 0.083264 0.0624255 0.125481 0.0557234 0.0498642 0.0778931 0.0449791 0.038605 0.0482881
threshold=45451.250000000007 47565.625000000007 45999.500000000007 48442.500000000007 49793.375000000007 122.50000000000001 173164416.00000003 113.50000000000001 66158.500000000015 13075.500000000002 136.50000000000003 56869.000000000007 82139.750000000015 81888.167968750015 47672.500000000007 39990.000000000007 165453440.00000003 92398.000000000015 81567.000000000015 71634.500000000015 40528.125000000007 33163514.000000004 44489.166015625007 43701.333984375007 134.50000000000003 41763.500000000007 123.50000000000001 21013896.000000004 41091.500000000007 125.50000000000001
decision_type=2 2 2 2 2 2 2 2 2 2 2 2 2 2 2 2 2 2 2 2 2 2 2 2 2 2 2 2 2 2
left_child=20 -2 -3 4 -4 -6 14 -8 9 -9 18 -10 13 -13 15 -5 17 -16 19 -11 25 22 23 24 -22 28 -27 -28 -1 -30
right_child=1 2 3 6 5 -7 7 8 11 10 -12 12 -14 -15 16 -17 -18 -19 -20 -21 21 -23 -24 -25 -26 26 27 -29 29 -31
leaf_value=0.00033676424585105482 -0.0042233800515532492 0.0040509709825172378 0.0050825144214156487 -0.00026092941512946376 0.0035159512676975948 -0.0031332726357504725 0.0033012742281654014 -0.0029247147785056208 -0.0018538006422334418 0.0039519380639484597 0.005118371764618177 0.00086102309869602329 -0.0010895237149143044 0.0080963795672037778 -0.00019049530424695372 -0.0050213776754610469 -0.0034706828900380061 -0.0025606544360656431 0.0042192411853466186 -0.0051040661364095286 -0.0036605398528850998 0.0065465708295332978 -0.0027515093526361807 0.0087503312066906976 0.0030966542519467034 -0.0055667810258455581 0.0041652410558890556 -0.0014459430109709502 0.0068250759194294621 0.00084998527247654777
leaf_weight=906 29 23 28 44 22 24 51 21 112 21 41 32 107 21 2559 33 30 54 20 20 26 29 38 21 23 36 20 50 21 38
leaf_count=906 29 23 28 44 22 24 51 21 112 21 41 32 107 21 2559 33 30 54 20 20 26 29 38 21 23 36 20 50 21 38
internal_value=2.53827e-12 -0.000162952 -0.000126865 -0.000156522 0.0019522 4.6791e-05 -0.00020581 0.000572792 0.000220507 0.00173763 0.00269752 -0.000465544 0.000506235 0.00372786 -0.000333478 -0.00230112 -0.000276153 -0.000239477 0.0010704 -0.000465625 0.00044407 0.00178905 0.000511561 0.00228294 -0.000488796 0.000272024 -0.00178676 0.000157252 0.00049817 0.00297671
internal_weight=4500 3292 3263 3240 74 46 3166 446 395 123 102 272 160 53 2720 77 2643 2613 61 41 1208 137 108 70 49 1071 106 70 965 59
internal_count=4500 3292 3263 3240 74 46 3166 446 395 123 102 272 160 53 2720 77 2643 2613 61 41 1208 137 108 70 49 1071 106 70 965 59
is_linear=0
shrinkage=0.1


Tree=36
num_leaves=31
num_cat=0
split_feature=3 5 6 4 10 4 7 5 8 6 1 8 3 4 6 3 8 3 1 6 1 7 8 9 7 3 5 3 5 9
split_gain=0.0281691 0.0460201 0.0631231 0.0569184 0.0438584 0.0421962 0.0641732 0.0368224 0.0487537 0.034591 0.0580511 0.0296917 0.0451919 0.0435649 0.0377249 0.0471612 0.0620604 0.0349773 0.0609697 0.0275724 0.046208 0.0301587 0.0511493 0.0598069 0.03137 0.0299898 0.0248934 0.0471827 0.150363 0.0676653
threshold=37078.500000000007 35230.000000000007 30542.666992187504 26339.500000000004 34524.625000000007 22453.000000000004 8581434.5000000019 39603.500000000007 30328.875000000004 34131.583984375007 120.50000000000001 16700.250000000004 17301.000000000004 9073.0000000000018 12959.416503906252 12603.500000000002 7155.8750000000009 23935.500000000004 122.50000000000001 37981.333984375007 141.50000000000003 16527668.500000002 28740.500000000004 36327.000000000007 32371016.000000004 43200.000000000007 43707.000000000007 45451.000000000007 46942.500000000007 46828.000000000007
decision_type=2 2 2 2 2 2 2 2 2 2 2 2 2 2 2 2 2 2 2 2 2 2 2 2 2 2 2 2 2 2
left_child=1 2 3 5 -3 11 -7 8 -2 10 -6 12 14 -14 15 16 -1 18 -13 20 21 -9 25 24 -24 -23 -21 29 -29 -28
right_child=7 4 -4 -5 9 6 -8 19 -10 -11 -12 17 13 -15 -16 -17 -18 -19 -20 26 -22 22 23 -25 -26 -27 27 28 -30 -31
leaf_value=-0.0013918463273772173 0.00072151428192026093 0.0066316842046078477 -0.0041293029215246921 0.0057542346138507137 0.0035536843910813336 -0.0056353240290523644 0.0011974529978437609 -0.0029079514272532174 -0.0048998415896979479 0.0035868971891302084 -0.0037410762471457326 0.0074016575685236612 0.0011790937837213278 -0.0040484385691921818 0.0043544273047397535 -0.0039244174110618507 0.0048636869142024688 0.00070466267928595149 0.00018353185468268667 -0.0022438978276181003 0.0052364633069373672 -0.0040381112643940887 0.0077496345559863941 -0.0004834951098018792 0.0024038635903880709 0.0006012632572827371 0.0025636947046281892 -0.0055984341818839309 -7.517521114379449e-05 -0.0037044427334330977
leaf_weight=35 27 21 31 20 20 28 27 22 36 42 24 25 25 44 27 22 29 98 22 54 24 22 23 32 21 38 124 50 3467 20
leaf_count=35 27 21 31 20 20 28 27 22 36 42 24 25 25 44 27 22 29 98 22 54 24 22 23 32 21 38 124 50 3467 20
internal_value=2.26832e-12 0.000677534 0.000218626 0.000553915 0.00253461 0.000281646 -0.00228105 -9.23909e-05 -0.00249069 0.00153416 -0.000425276 0.000712681 -0.000137853 -0.00215441 0.00109349 6.97107e-05 0.00144269 0.00178025 0.00402296 -5.36194e-05 0.00114814 0.000527123 0.0010828 0.00280593 0.00519824 -0.00109984 -0.000112494 -8.10557e-05 -0.000153698 0.00169312
internal_weight=4500 540 433 402 107 382 55 3960 63 86 44 327 182 69 113 86 64 145 47 3897 182 158 136 76 44 60 3715 3661 3517 144
internal_count=4500 540 433 402 107 382 55 3960 63 86 44 327 182 69 113 86 64 145 47 3897 182 158 136 76 44 60 3715 3661 3517 144
is_linear=0
shrinkage=0.1


Tree=37
num_leaves=31
num_cat=0
split_feature=1 7 1 9 3 1 4 5 6 3 8 1 7 3 6 9 7 7 7 3 4 3 8 4 9 9 6 7 4 3
split_gain=0.0270155 0.039225 0.0501551 0.0364032 0.049805 0.0327479 0.0463172 0.0568792 0.123229 0.0701561 0.0526633 0.0560442 0.0650408 0.0449843 0.106138 0.081618 0.044106 0.106156 0.0825638 0.053744 0.0802436 0.070804 0.0434251 0.0464914 0.0456424 0.0467459 0.0567337 0.0589799 0.0404039 0.0357106
threshold=135.50000000000003 485540.96875000006 104.50000000000001 95220.500000000015 107349.50000000001 144.50000000000003 25033.000000000004 61665.000000000007 60746.750000000007 59789.500000000007 49416.125000000007 142.50000000000003 45618436.000000007 61964.500000000007 56396.750000000007 58262.250000000007 30293424.000000004 38414770.000000007 15427829.500000002 54065.000000000007 37850.000000000007 42217.000000000007 72775.000000000015 70144.500000000015 73707.750000000015 68838.000000000015 72707.000000000015 36881610.000000007 61256.000000000007 52700.500000000007
decision_type=2 2 2 2 2 2 2 2 2 2 2 2 2 2 2 2 2 2 2 2 2 2 2 2 2 2 2 2 2 2
left_child=1 2 -1 4 5 6 -2 9 10 16 -9 12 -12 29 -15 -16 18 -18 -8 20 21 -20 24 -24 25 28 27 -27 -10 -7
right_child=3 -3 -4 -5 -6 13 7 8 22 -11 11 -13 -14 14 15 -17 17 -19 19 -21 -22 -23 23 -25 -26 26 -28 -29 -30 -31
leaf_value=-0.00020513429873339511 0.0017044322108607981 0.00015135755676582764 0.0063988919167414964 -0.0025009533125234561 0.0043175055235527308 0.00015620049750771241 -0.0022525586554390455 -0.00045256989833433183 -0.0013847419812881439 -0.006705073163279199 0.0030936234028691931 -0.0005179247685841152 0.0098336264702745466 -0.0060180819863753935 0.0048990535804477988 -0.00034557048995481512 -0.0098284086654894052 -0.00090558417141437539 -0.0014164956153503486 0.0060600776003584978 -0.0050065675284713508 0.0067952280420632595 0.0035265575654685149 -0.00066442224547587424 -0.0038960012444294993 -0.00055672202008561443 -0.0022520914004417135 0.0060575647678758416 -0.0058941002813694271 0.0024416414695571514
leaf_weight=23 77 2634 23 72 24 143 148 40 146 28 41 21 22 31 32 408 20 40 21 21 20 21 37 93 70 26 36 28 23 131
leaf_count=23 77 2634 23 72 24 143 148 40 146 28 41 21 22 31 32 408 20 40 21 21 20 21 37 93 70 26 36 28 23 131
internal_value=5.69728e-12 0.000201915 0.00309688 -0.000297325 -0.000206558 -0.000269538 -0.000649736 -0.000850702 -0.000263301 -0.00192423 0.00253386 0.00395598 0.00544728 0.000230078 -0.000362598 3.58567e-05 -0.00146421 -0.00387986 -0.000836775 0.00168775 0.000206807 0.00268937 -0.00101896 0.000528395 -0.00163038 -0.00101805 0.000822908 0.00287291 -0.00199844 0.00124887
internal_weight=4500 2680 46 1820 1748 1724 979 902 583 319 124 84 63 745 471 440 291 60 231 83 62 42 459 130 329 259 90 54 169 274
internal_count=4500 2680 46 1820 1748 1724 979 902 583 319 124 84 63 745 471 440 291 60 231 83 62 42 459 130 329 259 90 54 169 274
is_linear=0
shrinkage=0.1


Tree=38
num_leaves=31
num_cat=0
split_feature=3 5 5 3 9 9 8 4 4 10 7 4 5 9 10 1 3 3 4 10 5 1 9 8 7 8 9 9 9 7
split_gain=0.0236418 0.0844292 0.0680844 0.0507996 0.0475082 0.0409029 0.0464596 0.0379033 0.0859676 0.0328698 0.0382213 0.0839306 0.0324157 0.0629106 0.0499889 0.0440244 0.040591 0.0888621 0.0581245 0.0500809 0.087073 0.0522422 0.0604883 0.0485803 0.0466519 0.0440396 0.0398745 0.0671888 0.0349731 0.0311158
threshold=57653.000000000007 60378.500000000007 63704.500000000007 58272.500000000007 55299.750000000007 54058.250000000007 51180.500000000007 48354.500000000007 47349.000000000007 59134.750000000007 134501024.00000003 38323.000000000007 61665.000000000007 58262.250000000007 59839.625000000007 106.50000000000001 62412.500000000007 59789.500000000007 49054.500000000007 63486.250000000007 65936.000000000015 152.50000000000003 57393.000000000007 60523.500000000007 17638316.000000004 55602.500000000007 58592.250000000007 59675.000000000007 55299.750000000007 122161016.00000001
decision_type=2 2 2 2 2 2 2 2 2 2 2 2 2 2 2 2 2 2 2 2 2 2 2 2 2 2 2 2 2 2
left_child=1 4 -3 -2 5 6 7 8 -1 -5 11 -11 13 14 -13 -14 17 -17 -19 -18 23 22 28 25 -20 -21 -24 -28 -22 -29
right_child=3 2 -4 9 -6 -7 -8 -9 -10 10 -12 12 15 -15 -16 16 19 18 24 20 21 -23 26 -25 -26 -27 27 29 -30 -31
leaf_value=0.00020169447887120664 -0.0039144858666178258 0.0066234123169419332 0.00059695903849052759 0.0013998869792523241 -0.0038031655301650363 0.003455136626297118 -0.0031070130216607522 -0.0030773756233804096 0.0061143098920583734 -0.0058641123302680051 0.0004723196320945487 -0.00366927933646366 -0.0024070436824568668 -0.0066102804305652784 0.0034010021085850899 -0.003425036072731018 -0.0023248041553805316 -0.00079527970950078709 0.002989760179604803 0.0047808122732454824 0.00071341082558877046 -0.0029560871972768967 -0.004026845758718472 0.0074333532269866692 0.0090440999064594508 -0.0016954887070737426 0.0040478678478393709 -0.00024033976352569767 0.0056362802128273031 -0.0029454722196202389
leaf_weight=1503 36 37 38 133 30 38 43 34 25 28 620 20 92 24 20 25 112 23 35 21 31 70 28 21 20 21 36 1265 27 44
leaf_count=1503 36 37 38 133 30 38 43 34 25 28 620 20 92 24 20 25 112 23 35 21 31 70 28 21 20 21 36 1265 27 44
internal_value=-1.11476e-11 0.000287599 0.00357001 -0.000182676 0.00014045 0.000212457 0.000135684 0.000224951 0.000298432 -0.000133211 -0.000212151 -0.000428337 -0.000349679 -0.00256269 -0.000134139 -0.00027398 -0.00016367 0.00176317 0.00342605 -0.000282086 -0.000135804 -0.000288667 -0.000158186 0.00350623 0.00519134 0.00154266 -0.000291813 -0.000214057 0.00300509 -0.000331269
internal_weight=4500 1748 75 2752 1673 1643 1605 1562 1528 2716 2583 1963 1935 64 40 1871 1779 103 78 1676 1564 1501 1431 63 55 42 1373 1345 58 1309
internal_count=4500 1748 75 2752 1673 1643 1605 1562 1528 2716 2583 1963 1935 64 40 1871 1779 103 78 1676 1564 1501 1431 63 55 42 1373 1345 58 1309
is_linear=0
shrinkage=0.1


Tree=39
num_leaves=31
num_cat=0
split_feature=3 8 6 3 10 3 7 1 1 8 3 10 4 4 9 9 10 7 5 10 3 8 4 9 6 9 4 7 8 8
split_gain=0.0212265 0.0621073 0.0302976 0.04866 0.0382675 0.0614656 0.0305702 0.0465797 0.0382094 0.0196271 0.0342921 0.0380084 0.0382558 0.0215934 0.0231355 0.0388012 0.0274857 0.0487044 0.0429869 0.0697452 0.0690262 0.0506958 0.0558943 0.0506692 0.0363455 0.0334121 0.0562999 0.0324362 0.0597266 0.0480841
threshold=12603.500000000002 7155.8750000000009 12959.416503906252 15558.000000000002 20101.000000000004 22800.500000000004 993954.50000000012 76.500000000000014 131.50000000000003 86155.375000000015 107349.50000000001 105792.37500000001 67408.500000000015 81390.000000000015 87063.500000000015 91347.500000000015 93129.125000000015 157067968.00000003 90132.500000000015 85718.000000000015 88215.000000000015 77641.500000000015 72174.500000000015 81939.750000000015 84448.835937500015 83310.250000000015 69150.000000000015 145323904.00000003 59822.875000000007 64774.125000000007
decision_type=2 2 2 2 2 2 2 2 2 2 2 2 2 2 2 2 2 2 2 2 2 2 2 2 2 2 2 2 2 2
left_child=1 -1 -2 -4 -5 -6 8 -8 -7 10 13 -12 -13 14 16 -16 18 -18 19 20 21 22 -9 -23 -19 26 27 -20 -29 -30
right_child=2 -3 3 4 5 6 7 9 -10 -11 11 12 -14 -15 15 -17 17 24 25 -21 -22 23 -24 -25 -26 -27 -28 28 29 -31
leaf_value=-0.0013165373434977873 -0.0034312953097889059 0.0045597454759518843 0.0049137365119531753 -0.0031089416198665279 0.0039002115977928042 -0.00016180610503343975 0.0048077671020291743 -2.3223946286138387e-05 -0.0053732037583055598 -0.00099397179151106802 0.005741731044171112 0.0038515881837710092 -0.0014951738630770706 -0.0023335648933425547 0.003253838413421853 -0.0016788925732607427 -0.0044790954580285437 -0.0013195169193204494 0.00471211025707758 -0.0028560367009091334 0.0057265689474574871 0.0070733206517616058 -0.0038801810508103749 4.0340685241279148e-05 0.0035553519893437623 0.0042563188184026836 -0.0026344730758241248 0.0045227208607164877 -0.0045788817836538605 0.0018196441465988757
leaf_weight=35 26 37 20 40 40 34 20 3345 24 201 21 23 32 40 52 23 38 65 31 87 21 20 38 21 20 36 35 28 23 24
leaf_count=35 26 37 20 40 40 34 20 3345 24 201 21 23 32 40 52 23 38 65 31 87 21 20 38 21 20 36 35 28 23 24
internal_value=-3.27463e-12 0.00170322 -2.76946e-05 -7.59157e-06 -3.00531e-05 -1.68935e-06 -3.79692e-05 -6.80616e-06 -0.00231825 -2.96024e-05 1.85801e-05 0.0021226 0.000740745 -2.1933e-05 1.73354e-06 0.00174113 -3.23101e-05 -0.00150299 1.64613e-05 -5.97493e-05 1.08681e-05 -2.41873e-05 -6.65477e-05 0.00347106 -0.000172489 0.00153723 0.000842994 0.00199121 0.000866578 -0.00131155
internal_weight=4500 72 4428 4402 4382 4342 4302 4244 58 4224 4023 76 55 3947 3907 75 3832 123 3709 3532 3445 3424 3383 41 85 177 141 106 75 47
internal_count=4500 72 4428 4402 4382 4342 4302 4244 58 4224 4023 76 55 3947 3907 75 3832 123 3709 3532 3445 3424 3383 41 85 177 141 106 75 47
is_linear=0
shrinkage=0.1


Tree=40
num_leaves=31
num_cat=0
split_feature=3 3 5 3 4 8 4 8 10 5 10 8 5 1 6 5 4 9 5 9 5 5 6 8 1 5 3 9 8 10
split_gain=0.0201944 0.0778606 0.0723554 0.0364655 0.0465565 0.0517727 0.0511839 0.0501922 0.0643454 0.0345529 0.0691983 0.0672519 0.0544793 0.0405357 0.029177 0.0288661 0.0275732 0.026848 0.0891712 0.0818712 0.0537947 0.0713456 0.0320793 0.0842153 0.0270046 0.0431464 0.0361058 0.031092 0.0647486 0.0613612
threshold=69759.000000000015 68951.000000000015 71338.500000000015 73116.500000000015 50950.500000000007 52643.125000000007 57586.500000000007 65400.750000000007 72734.750000000015 74670.000000000015 71421.625000000015 62180.875000000007 75695.000000000015 136.50000000000003 69284.835937500015 69567.500000000015 46192.500000000007 67901.250000000015 78812.000000000015 68838.000000000015 81719.500000000015 83175.500000000015 66076.414062500015 53109.875000000007 141.50000000000003 77778.500000000015 79015.000000000015 77231.250000000015 69441.125000000015 104236.00000000001
decision_type=2 2 2 2 2 2 2 2 2 2 2 2 2 2 2 2 2 2 2 2 2 2 2 2 2 2 2 2 2 2
left_child=1 14 16 4 5 -4 -6 -8 -9 10 -5 -12 13 -11 -1 -3 -2 18 22 -19 -20 -22 23 -14 25 -21 -27 28 -26 -29
right_child=2 15 3 9 6 -7 7 8 -10 12 11 -13 17 -15 -16 -17 -18 19 20 24 21 -23 -24 -25 27 26 -28 29 -30 -31
leaf_value=6.8561082765140129e-05 -0.00032845232053659858 0.0019426046510136897 0.00091364474501460797 0.0015405622690364167 -0.0029585085170609612 0.0075049768032675436 0.0054476329668735474 -0.0027770585197052274 0.0044112199777737266 0.0055105955950145065 -0.0089664722659758157 -0.0010548488160235469 -0.0041798571745554607 -4.5273929814963297e-05 0.0039027457032352686 0.0066182990204137959 -0.0040734916498574121 -0.0053683125576230164 0.0048230825494244402 0.0033748043545832242 -0.0043477394396350495 0.0022467143352162869 -0.004820177514249316 0.0035958896337363586 -0.00059486744207012032 -0.0026612925731266542 1.5598373667471198e-05 0.0004579862877047466 -0.0052502388094967985 -0.0038286320660717607
leaf_weight=2594 28 31 26 27 35 22 24 33 20 29 21 22 30 24 20 23 66 33 51 36 21 75 26 26 82 54 753 180 47 41
leaf_count=2594 28 31 26 27 35 22 24 33 20 29 21 22 30 24 20 23 66 33 51 36 21 75 26 26 82 54 753 180 47 41
internal_value=2.47366e-12 0.000175541 -0.000255646 -0.000109492 0.00132901 0.00393467 0.000212293 0.00165357 -6.45006e-05 -0.000255347 -0.00242725 -0.00491866 -0.00015453 0.00299473 9.78968e-05 0.0039341 -0.00295795 -0.000269245 0.000724677 -0.000454896 0.00219849 0.000804178 -0.0019174 -0.000569689 -0.000318984 -1.24214e-05 -0.000163524 -0.00105736 -0.00229101 -0.000337269
internal_weight=4500 2668 1832 1738 160 48 112 77 53 1578 70 43 1508 53 2614 54 94 1455 229 1226 147 96 82 56 1193 843 807 350 129 221
internal_count=4500 2668 1832 1738 160 48 112 77 53 1578 70 43 1508 53 2614 54 94 1455 229 1226 147 96 82 56 1193 843 807 350 129 221
is_linear=0
shrinkage=0.1


Tree=41
num_leaves=31
num_cat=0
split_feature=9 10 9 3 3 6 3 6 6 5 8 9 9 7 7 7 9 9 7 7 5 10 7 7 1 8 9 5 7 1
split_gain=0.0176115 0.0398631 0.0307772 0.0254856 0.0507557 0.040268 0.0307901 0.023739 0.0649528 0.0888329 0.0690538 0.0627955 0.0405153 0.0314595 0.018276 0.0730369 0.0625077 0.0466599 0.0900498 0.0427489 0.0338162 0.0585207 0.0303469 0.0574449 0.0439846 0.0377275 0.0340398 0.0285555 0.0388368 0.0312717
threshold=45451.250000000007 47565.625000000007 45999.500000000007 48743.000000000007 47793.500000000007 48228.000000000007 49249.000000000007 43701.333984375007 44489.166015625007 51182.000000000007 41012.750000000007 44663.250000000007 43804.000000000007 82605716.000000015 17167843.000000004 21525333.000000004 35214.000000000007 33589.500000000007 25055644.000000004 26806416.000000004 46271.000000000007 43977.625000000007 5931501.5000000009 8581434.5000000019 126.50000000000001 23843.375000000004 38163.750000000007 41244.000000000007 30765592.000000004 122.50000000000001
decision_type=2 2 2 2 2 2 2 2 2 2 2 2 2 2 2 2 2 2 2 2 2 2 2 2 2 2 2 2 2 2
left_child=7 -2 -3 4 5 -4 -5 12 10 -10 -9 13 14 -11 20 16 -16 19 -19 -17 21 22 -1 24 25 -24 -25 -20 -29 -30
right_child=1 2 3 6 -6 -7 -8 8 9 11 -12 -13 -14 -15 15 17 -18 18 27 -21 -22 -23 23 26 -26 -27 -28 28 29 -31
leaf_value=0.00063198496536890269 -0.0038110199544964169 0.0035581084332712322 0.003166324346834286 -0.0040695892088115212 0.0050826200117756216 -0.0023569073556273276 -0.00013344829675419672 0.00058727887059961052 -0.0050381212681531911 -0.0024412413645121789 0.0085186166648307578 0.0061944307010296899 -0.004082695216956464 0.0025346822241165985 0.0012497028319871633 0.0055929243225942959 0.008318432346674275 -0.0066306314147684883 -0.0035856655519455674 0.00088974259158233239 0.0036508977413177491 -0.0054409951681182499 -0.0024427409453148196 -0.0004659939751073667 -0.00066695534565951685 -0.008443790990859271 0.0032323983156432711 0.0038888146203977093 0.0016367404929108242 -0.0013898765901103616
leaf_weight=294 29 23 22 20 28 33 3137 21 25 27 23 23 22 24 29 22 22 23 20 159 23 21 22 146 40 20 30 27 55 90
leaf_count=294 29 23 22 20 28 33 3137 21 25 27 23 23 22 24 29 22 22 23 20 159 23 21 22 146 40 20 30 27 55 90
internal_value=-5.94236e-12 -0.000119838 -8.70328e-05 -0.000112909 0.0016168 -0.000147615 -0.000158384 0.000326579 0.00153636 0.000115533 0.00473321 0.00185663 0.00016414 -9.96303e-05 0.000253718 0.000737074 0.00429896 0.000278347 -0.000717619 0.0014614 -0.000108799 -0.000259712 -6.25977e-05 -0.000854099 -0.00304017 -0.00530038 0.000164414 -9.28897e-06 0.000406569 -0.000241849
internal_weight=4500 3292 3263 3240 83 55 3157 1208 143 99 44 74 1065 51 1043 447 51 396 215 181 596 573 552 258 82 42 176 192 172 145
internal_count=4500 3292 3263 3240 83 55 3157 1208 143 99 44 74 1065 51 1043 447 51 396 215 181 596 573 552 258 82 42 176 192 172 145
is_linear=0
shrinkage=0.1


Tree=42
num_leaves=31
num_cat=0
split_feature=1 1 7 3 8 9 1 8 3 10 9 8 5 10 9 9 4 5 7 6 8 9 1 1 1 6 9 9 8 9
split_gain=0.0163926 0.0258323 0.0167522 0.0412449 0.0385741 0.0423231 0.0327681 0.0301712 0.0263103 0.0725476 0.0735717 0.0873724 0.0529598 0.0351534 0.0594862 0.0486883 0.0479071 0.0453464 0.0477242 0.0406684 0.0390899 0.0319663 0.0292291 0.0812983 0.0452008 0.0267412 0.027475 0.0257625 0.0543903 0.0489342
threshold=155.50000000000003 156.50000000000003 173164416.00000003 54484.000000000007 35342.750000000007 56411.000000000007 113.50000000000001 41752.625000000007 82675.000000000015 80818.750000000015 69549.750000000015 65822.875000000015 84584.500000000015 82656.500000000015 73707.750000000015 76207.750000000015 76238.000000000015 99117.500000000015 77872912.000000015 84700.082031250015 72129.250000000015 86386.500000000015 131.50000000000003 137.50000000000003 122.50000000000001 74873.164062500015 77864.250000000015 68838.000000000015 66069.750000000015 69549.750000000015
decision_type=2 2 2 2 2 2 2 2 2 2 2 2 2 2 2 2 2 2 2 2 2 2 2 2 2 2 2 2 2 2
left_child=2 -2 8 -4 -5 7 -7 -6 12 -10 -11 -12 25 -13 -15 -16 17 18 22 -18 -20 -22 24 -24 -17 27 -27 28 -1 -29
right_child=1 -3 3 4 5 6 -8 -9 9 10 11 13 -14 14 15 16 19 -19 20 -21 21 -23 23 -25 -26 26 -28 29 -30 -31
leaf_value=3.4877377916576768e-05 -0.0044463876657010546 0.00051367040945305721 0.0038726072984614545 -0.0022824326964944381 0.0010143034265969288 0.0029230232980937999 -4.0590476820142217e-05 0.0063134934087949145 -0.0065563137084245693 0.0055294756032526499 -0.0065485874210329106 -0.004066324317827821 0.0043196815274784278 0.0051222106441855438 -0.0043470912814761202 0.0028230199813842772 -0.0050302293486893176 0.0040709912011932048 0.0015150784718571233 -0.00077971721210195566 -0.0042222307513200465 0.00020358790946193043 0.0074056259300559757 0.00052806679392233499 -0.0029343474213965239 -0.0034174434157709281 0.00020890537715063264 0.0044253803220474057 -0.0037250516542161891 0.0004829945201582955
leaf_weight=2850 21 21 35 51 22 42 334 21 20 20 24 25 29 20 30 25 25 35 32 226 47 25 25 55 30 45 39 36 39 251
leaf_count=2850 21 21 35 51 22 42 334 21 20 20 24 25 29 20 30 25 25 35 32 226 47 25 25 55 30 45 39 36 39 251
internal_value=1.72925e-12 -0.00196636 1.85256e-05 0.000560881 0.000314263 0.000630329 0.000290451 0.00360228 -5.07609e-05 -0.00062494 -0.000440735 -0.000632088 6.51572e-05 -0.000395428 -0.000235824 -0.000428907 -0.00020501 0.000709275 0.000216974 -0.00120307 -0.00139301 -0.00268549 0.00145725 0.0026773 -0.000317362 2.73102e-05 -0.00173378 7.38882e-05 -1.58797e-05 0.00097751
internal_weight=4500 42 4458 505 470 419 376 43 3953 664 644 624 3289 600 575 555 525 274 239 251 104 72 135 80 55 3260 84 3176 2889 287
internal_count=4500 42 4458 505 470 419 376 43 3953 664 644 624 3289 600 575 555 525 274 239 251 104 72 135 80 55 3260 84 3176 2889 287
is_linear=0
shrinkage=0.1


Tree=43
num_leaves=31
num_cat=0
split_feature=1 1 8 3 10 3 8 7 9 1 9 7 7 1 1 7 9 5 9 7 7 4 3 10 1 8 4 3 5 9
split_gain=0.0160168 0.0297816 0.0513176 0.0368231 0.0450141 0.0476078 0.0379867 0.0354564 0.0372944 0.0356879 0.0368301 0.0312224 0.0597043 0.0921881 0.146953 0.0452203 0.0473687 0.0671799 0.0708766 0.0304119 0.0611374 0.0428155 0.0231246 0.0168158 0.0153666 0.0159302 0.0889421 0.0524317 0.065896 0.0520016
threshold=77.500000000000014 87.500000000000014 17504.000000000004 25762.000000000004 27027.250000000004 28726.500000000004 21972.500000000004 2209962.3750000005 13799.000000000002 113.50000000000001 21004.250000000004 1971850.1875000002 2994539.0000000005 138.50000000000003 129.50000000000003 4392085.0000000009 39585.500000000007 53112.500000000007 56955.500000000007 613337.40625000012 993954.50000000012 43071.500000000007 31420.000000000004 24753.000000000004 155.50000000000003 29179.625000000004 25492.500000000004 37569.000000000007 39603.500000000007 36327.000000000007
decision_type=2 2 2 2 2 2 2 2 2 2 2 2 2 2 2 2 2 2 2 2 2 2 2 2 2 2 2 2 2 2
left_child=23 2 -2 6 -5 -6 7 -3 -9 -10 -11 19 13 14 -13 16 -14 -18 -19 -7 -21 -22 -17 -1 25 26 -24 -27 -29 -30
right_child=1 3 -4 4 5 11 -8 8 9 10 -12 12 15 -15 -16 22 17 18 -20 20 21 -23 24 -25 -26 27 -28 28 29 -31
leaf_value=0.00020840698335733681 -0.0058035260464142395 0.00326742932362401 0.00035572460732392728 -0.0034346779187520351 0.0041640310341285337 0.0011393693392165005 0.0054767455905675895 -0.0027541145083627531 0.0031551109187685973 -0.0028184805050841533 0.0026518483599647881 0.0011006973264738918 -0.0062374516212869262 -0.0028938859246078544 0.011431022192395869 0.0025306277255165498 0.0027168139420223961 -0.0074710403315045625 -0.00073739676348244152 -0.0073513813875615598 0.0021685352674327219 -0.0027419747851256814 2.2626334727491913e-05 0.004034111315850168 -0.0020166874091189944 0.003301289048502032 -0.0059851159710950889 -0.0046592785045504572 0.0028065079378325549 -6.9442110277628275e-06
leaf_weight=27 24 46 31 39 27 32 20 35 44 32 20 40 21 22 21 36 33 22 54 20 26 56 164 20 38 49 29 30 67 3375
leaf_count=27 24 46 31 39 27 32 20 35 44 32 20 40 21 22 21 36 33 22 54 20 26 56 164 20 38 49 29 30 67 3375
internal_value=-2.5407e-12 -1.93823e-05 -0.00233195 9.53796e-06 -5.31219e-05 -2.14351e-05 0.00134575 0.000878973 4.02783e-05 0.00105907 -0.000714508 -4.87646e-05 1.52334e-06 0.00265559 0.00465704 -5.47011e-05 -0.00188857 -0.00105071 -0.00268661 -0.00155027 -0.00239408 -0.00118498 8.23521e-06 0.00183637 -1.59669e-05 4.50363e-06 -0.000880091 5.29918e-05 7.1489e-06 4.78208e-05
internal_weight=4500 4453 55 4398 4201 4162 197 177 131 96 52 4135 4001 83 61 3918 130 109 76 134 102 82 3788 47 3752 3714 193 3521 3472 3442
internal_count=4500 4453 55 4398 4201 4162 197 177 131 96 52 4135 4001 83 61 3918 130 109 76 134 102 82 3788 47 3752 3714 193 3521 3472 3442
is_linear=0
shrinkage=0.1


Tree=44
num_leaves=31
num_cat=0
split_feature=3 8 6 3 10 3 9 1 7 3 1 7 7 3 7 1 6 8 3 5 4 9 8 7 9 3 4 8 8 8
split_gain=0.015593 0.0466664 0.0218895 0.0338342 0.0315886 0.0231204 0.0540407 0.0221353 0.0203439 0.0366565 0.019491 0.0136889 0.0298024 0.0442537 0.0267238 0.0267107 0.0224717 0.0244263 0.0223393 0.038884 0.022305 0.0647514 0.0638379 0.0470712 0.0444996 0.0324557 0.0311378 0.0404367 0.0438589 0.0257708
threshold=12603.500000000002 7155.8750000000009 12959.416503906252 15558.000000000002 18683.625000000004 23935.500000000004 21004.250000000004 115.50000000000001 993954.50000000012 53251.500000000007 81.500000000000014 134501024.00000003 147974816.00000003 93051.000000000015 122161016.00000001 128.50000000000003 75447.582031250015 54023.250000000007 96665.500000000015 96393.000000000015 65589.000000000015 93951.500000000015 73405.000000000015 173164416.00000003 101576.50000000001 54484.000000000007 54145.000000000007 52977.375000000007 42260.500000000007 35342.750000000007
decision_type=2 2 2 2 2 2 2 2 2 2 2 2 2 2 2 2 2 2 2 2 2 2 2 2 2 2 2 2 2 2
left_child=1 -1 -2 -4 -5 6 7 -6 9 -7 -10 14 13 15 18 -13 17 -16 19 -12 23 22 -22 26 -23 -25 27 28 -14 -27
right_child=2 -3 3 4 5 8 -8 -9 10 -11 11 12 20 -15 16 -17 -18 -19 -20 -21 21 24 -24 25 -26 29 -28 -29 -30 -31
leaf_value=-0.0011577860944505249 -0.0029167656070337848 0.0039359140713271261 0.0040970392717281359 -0.0037216070452300107 0.0016200659526345721 -0.0040846137456934557 0.0054197508698472611 -0.0026748274100966574 0.0027731108679436151 0.00099186417460441607 -4.4904055355672129e-05 0.0064503041317775138 0.00016498780890327434 -0.0015066016950489333 -0.0012164951674640181 0.0020460912957787516 0.00055733736477453608 -0.0058427363634109501 -0.0013064903340169363 0.0041733309287916532 -0.00084760039113461981 -0.0040305345381896661 0.0061013303940760525 0.0037732353052124384 0.0011660050010929505 -0.0020373652273716005 -0.0052563841268420224 0.0026294739007425962 -0.0062380243535153576 0.00038150963299694895
leaf_weight=35 26 37 20 23 28 33 26 21 25 25 3269 21 23 24 25 40 22 21 140 22 20 26 39 25 45 51 25 20 20 323
leaf_count=35 26 37 20 23 28 33 26 21 25 25 3269 21 23 24 25 40 22 21 140 22 20 26 39 25 45 51 25 20 20 323
internal_value=-5.69134e-12 0.00145981 -2.37368e-05 -6.64935e-06 -2.53791e-05 -5.87618e-06 0.00173472 -0.000220603 -3.63488e-05 -0.00189648 -1.08194e-05 -2.73864e-05 0.000375619 0.00213108 -0.000108241 0.0035623 -0.0020713 -0.00332847 -6.93345e-05 -1.67056e-05 0.000133781 0.00129751 0.00374576 -0.000176865 -0.000736953 0.000284844 -0.00227029 -0.00108534 -0.00281316 5.16631e-05
internal_weight=4500 72 4428 4402 4382 4359 75 49 4284 58 4226 4201 702 85 3499 61 68 46 3431 3291 617 130 59 487 71 399 88 63 43 374
internal_count=4500 72 4428 4402 4382 4359 75 49 4284 58 4226 4201 702 85 3499 61 68 46 3431 3291 617 130 59 487 71 399 88 63 43 374
is_linear=0
shrinkage=0.1


Tree=45
num_leaves=31
num_cat=0
split_feature=1 1 8 1 4 7 7 5 4 5 6 9 6 6 8 7 5 4 3 9 4 6 6 10 4 8 8 4 4 9
split_gain=0.0138403 0.0255257 0.0403784 0.0398546 0.0488115 0.0613828 0.0523081 0.0329663 0.0494992 0.0478899 0.0325181 0.0733285 0.0575061 0.0558567 0.0312801 0.0307624 0.0400304 0.0632088 0.0360183 0.0293015 0.0289616 0.0266906 0.0611964 0.0494648 0.0302456 0.0448043 0.059704 0.0539497 0.0447258 0.0368892
threshold=135.50000000000003 144.50000000000003 71887.750000000015 142.50000000000003 25033.000000000004 5028081.7500000009 3575605.7500000005 78117.500000000015 56869.000000000007 86912.000000000015 71827.500000000015 69333.250000000015 73984.000000000015 77315.332031250015 75306.750000000015 9061067.5000000019 59572.500000000007 37850.000000000007 64149.000000000007 89522.000000000015 19125.000000000004 40797.916015625007 38548.333984375007 46888.125000000007 46389.500000000007 58933.750000000007 57124.875000000007 53015.000000000007 44239.500000000007 68643.250000000015
decision_type=2 2 2 2 2 2 2 2 2 2 2 2 2 2 2 2 2 2 2 2 2 2 2 2 2 2 2 2 2 2
left_child=-1 3 10 4 20 6 -6 8 15 -9 11 -3 -12 -14 -4 -5 17 -17 -18 -16 -2 22 -7 -23 28 26 27 -26 -25 -27
right_child=1 2 14 7 5 21 -8 9 -10 -11 12 -13 13 -15 19 16 18 -19 -20 -21 -22 23 -24 24 25 29 -28 -29 -30 -31
leaf_value=0.00014452241808028893 0.00084144159641471651 0.00065459117349494882 -0.0036993763152215831 0.0017066828889905343 -0.0013141343479647358 0.00020907344419117039 -0.0077591915987432012 0.0035301424693316222 -0.006661417128518224 -0.0020491424735519107 0.0062287349426360045 -0.0036468395605943234 -0.0027960376162081959 0.0041128067723052069 0.00072001143427769421 -0.0014085522315536556 0.0027190767030697317 -0.0088862199705909001 -0.0026906274397333618 -0.0024927939796312291 0.0052559204865247015 0.0047577334457032739 -0.0064182061448015961 -0.00044184512915447933 0.0018064640157501258 -0.0024862346197686981 0.0057050077679256603 -0.0037563724443316461 -0.004341896767360404 0.00015052061815581778
leaf_weight=2680 42 506 38 21 34 38 20 25 25 40 27 43 25 22 80 26 20 20 32 44 23 21 22 130 84 67 30 22 38 255
leaf_count=2680 42 506 38 21 34 38 20 25 25 40 27 43 25 22 80 26 20 20 32 44 23 21 22 130 84 67 30 22 38 255
internal_value=1.30393e-12 -0.000212813 0.000217207 -0.000538964 -0.000226822 -0.000451487 -0.00370119 -0.0017726 -0.00261639 9.67364e-05 0.00058293 0.000317685 0.00255077 0.00043789 -0.00118925 -0.0017666 -0.00251087 -0.00465971 -0.000609972 -0.000420016 0.00240349 -0.000203278 -0.00222093 -1.61692e-05 -0.000176316 0.000244668 0.00176657 0.000651913 -0.001324 -0.000398121
internal_weight=4500 1820 785 1035 826 761 54 209 144 65 623 549 74 47 162 119 98 46 52 124 65 707 60 647 626 458 136 106 168 322
internal_count=4500 1820 785 1035 826 761 54 209 144 65 623 549 74 47 162 119 98 46 52 124 65 707 60 647 626 458 136 106 168 322
is_linear=0
shrinkage=0.1


Tree=46
num_leaves=31
num_cat=0
split_feature=3 8 6 3 10 3 9 5 3 10 7 1 7 7 1 1 7 9 5 9 7 4 9 3 3 7 1 7 8 4
split_gain=0.0123221 0.037746 0.0179315 0.0270084 0.026086 0.0181832 0.0437866 0.0191915 0.0721935 0.0289639 0.0289648 0.0181057 0.0156105 0.0449694 0.0737356 0.124772 0.0341119 0.0378079 0.0549646 0.0577332 0.0222604 0.0260862 0.0330778 0.0147742 0.0152366 0.0201067 0.038807 0.0477273 0.0437401 0.0137784
threshold=12603.500000000002 7155.8750000000009 12959.416503906252 15558.000000000002 18683.625000000004 23935.500000000004 21004.250000000004 29099.000000000004 28726.500000000004 26381.125000000004 10047062.000000002 115.50000000000001 1971850.1875000002 2994539.0000000005 138.50000000000003 129.50000000000003 4392085.0000000009 39585.500000000007 53112.500000000007 56955.500000000007 613337.40625000012 43071.500000000007 54385.750000000007 31420.000000000004 32893.000000000007 5308571.5000000009 133.50000000000003 4909130.2500000009 48703.000000000007 45981.500000000007
decision_type=2 2 2 2 2 2 2 2 2 2 2 2 2 2 2 2 2 2 2 2 2 2 2 2 2 2 2 2 2 2
left_child=1 -1 -2 -4 -5 6 11 9 -9 10 -7 -6 20 14 15 29 17 -15 -19 -20 -10 -22 -23 -18 -25 26 28 -28 -26 -14
right_child=2 -3 3 4 5 7 -8 8 12 -11 -12 -13 13 16 -16 -17 23 18 19 -21 21 22 -24 24 25 -27 27 -29 -30 -31
leaf_value=-0.0010564597150576967 -0.0026395414096231644 0.0035246082392798085 0.003660813270835206 -0.0033812665674106583 0.0014436071075449167 0.0021955705314342464 0.0048560007761877313 0.005586494276624011 0.0011683210229614016 -0.0037788174854701054 -0.0023529590573161843 -0.0024407310444595561 0.0027262446843087673 -0.0055230548472276764 -0.0026802779693918476 0.01032658014446497 0.0020545534882694485 0.0025186080386805716 -0.0066870300945910538 -0.00060971887777904398 0.00071762718485090247 -0.0058691866560063016 -0.0013378560804400822 -0.0023335689163234618 0.00047891651513054967 -2.6700438491271185e-05 -0.0039374537278144134 0.002804546900803135 0.0070925446180626758 -0.00094122235175399564
leaf_weight=35 26 37 20 23 28 28 26 23 33 34 28 21 20 21 22 21 35 33 22 54 29 24 49 28 20 3677 21 21 20 21
leaf_count=35 26 37 20 23 28 28 26 23 33 34 28 21 20 21 22 21 35 33 22 54 29 24 49 28 20 3677 21 21 20 21
internal_value=5.06043e-12 0.0012977 -2.11008e-05 -5.63524e-06 -2.23694e-05 -4.64635e-06 0.00153896 -3.16702e-05 -6.64865e-07 -0.00147652 -7.86943e-05 -0.000221109 -3.14739e-05 3.90779e-06 0.00229347 0.00405835 -4.47569e-05 -0.00163777 -0.000889224 -0.00236894 -0.00108926 -0.00181965 -0.00282761 9.42703e-06 -9.47432e-06 7.83737e-06 0.00155656 -0.000566453 0.00378573 0.000847786
internal_weight=4500 72 4428 4402 4382 4359 75 4284 4194 90 56 49 4171 4036 84 62 3952 130 109 76 135 102 73 3822 3787 3759 82 42 40 41
internal_count=4500 72 4428 4402 4382 4359 75 4284 4194 90 56 49 4171 4036 84 62 3952 130 109 76 135 102 73 3822 3787 3759 82 42 40 41
is_linear=0
shrinkage=0.1


Tree=47
num_leaves=31
num_cat=0
split_feature=3 3 5 10 3 7 9 10 6 9 1 9 9 5 1 10 1 1 1 5 10 10 1 5 1 4 1 8 9 4
split_gain=0.011741 0.0640263 0.0593124 0.0612571 0.0385107 0.0312296 0.030385 0.0228205 0.0220421 0.0198977 0.0358598 0.0338286 0.0410324 0.0423963 0.063833 0.0769555 0.0704229 0.065571 0.0743283 0.0610067 0.0326429 0.0432724 0.0928553 0.044239 0.0695284 0.104704 0.0641561 0.0353557 0.0834196 0.0690968
threshold=69759.000000000015 68951.000000000015 71728.500000000015 69600.875000000015 71733.000000000015 112392684.00000001 59551.500000000007 67846.625000000015 69284.835937500015 66158.500000000015 128.50000000000003 65102.000000000007 64041.250000000007 66434.500000000015 141.50000000000003 65819.875000000015 116.50000000000001 125.50000000000001 132.50000000000003 65936.000000000015 64290.125000000007 60867.625000000007 131.50000000000003 61281.500000000007 131.50000000000003 42573.500000000007 139.50000000000003 56574.000000000007 60498.000000000007 48516.500000000007
decision_type=2 2 2 2 2 2 2 2 2 2 2 2 2 2 2 2 2 2 2 2 2 2 2 2 2 2 2 2 2 2
left_child=1 8 5 -4 -5 6 -2 -3 9 11 -11 12 13 19 16 -16 -15 -18 -19 20 21 23 -23 -1 25 -25 -26 29 -29 -24
right_child=2 7 3 4 -6 -7 -8 -9 -10 10 -12 -13 -14 14 15 -17 17 18 -20 -21 -22 22 27 24 26 -27 -28 28 -30 -31
leaf_value=4.7051900880689973e-05 -0.0064989802691949698 0.0013280948426108807 0.0042930938769131901 0.0030233832204861468 -0.00019680919369618522 0.00071373500481799806 -0.0022076934352275226 0.005450879949434051 0.0033705100370571024 -0.0045681423955382062 0.00017933383379585858 0.0033137611429992831 -0.0031354456616099926 -0.0011460022607934662 0.0028087224997580054 -0.00576201493174515 0.0092070323902936207 -0.00136199992042608 0.00554063129835786 -0.0035820726275523291 0.0035143092852430767 -0.0035931536446871105 -0.00077978264930289847 -0.0011937763863464907 -0.0046590655518230053 0.007604681826686781 0.0021265834373863121 -0.0064118912731785148 0.0016505079823687222 0.0053035936281517169
leaf_weight=1873 21 25 32 38 1637 27 77 29 20 26 41 32 40 32 20 22 21 26 39 47 27 99 43 21 22 38 38 21 33 33
leaf_count=1873 21 25 32 38 1637 27 77 29 20 26 41 32 40 32 20 22 21 26 39 47 27 99 43 21 22 38 38 21 33 33
internal_value=-1.8371e-12 0.000133849 -0.000194929 -4.09544e-05 -0.000123754 -0.0022976 -0.00312725 0.00354218 6.34397e-05 3.79418e-05 -0.00166297 8.30392e-05 4.16031e-05 9.33677e-05 0.00166724 -0.00168071 0.00285888 0.00434907 0.00277958 -1.63576e-05 5.81925e-05 1.61775e-05 -0.00128566 0.000165837 0.00203546 0.00447303 -0.000361488 0.000471577 -0.00148487 0.00186168
internal_weight=4500 2668 1832 1707 1675 125 98 54 2614 2594 67 2527 2495 2455 160 42 118 86 65 2295 2248 2221 229 1992 119 59 60 130 54 76
internal_count=4500 2668 1832 1707 1675 125 98 54 2614 2594 67 2527 2495 2455 160 42 118 86 65 2295 2248 2221 229 1992 119 59 60 130 54 76
is_linear=0
shrinkage=0.1


Tree=48
num_leaves=31
num_cat=0
split_feature=8 9 9 6 6 9 1 9 3 7 10 1 1 8 7 5 10 3 5 9 4 4 5 3 3 6 10 6 9 4
split_gain=0.0110467 0.032953 0.0468497 0.0684263 0.041089 0.0427981 0.100469 0.0294254 0.031751 0.0708896 0.0279537 0.0322692 0.0253821 0.0281154 0.0246008 0.0232888 0.0361506 0.0277582 0.0567309 0.0626109 0.043624 0.0266296 0.0356127 0.0258269 0.0954521 0.0463516 0.0524152 0.0393237 0.0390576 0.0435616
threshold=68672.250000000015 77864.250000000015 81939.750000000015 81124.500000000015 74873.164062500015 70812.000000000015 125.50000000000001 85617.500000000015 92149.000000000015 19227031.000000004 93129.125000000015 141.50000000000003 125.50000000000001 76742.000000000015 40657724.000000007 88254.500000000015 85718.000000000015 81716.500000000015 79236.000000000015 71322.500000000015 54586.500000000007 62276.000000000007 83175.500000000015 75562.500000000015 74989.000000000015 69284.835937500015 72283.500000000015 67407.332031250015 70139.000000000015 56869.000000000007
decision_type=2 2 2 2 2 2 2 2 2 2 2 2 2 2 2 2 2 2 2 2 2 2 2 2 2 2 2 2 2 2
left_child=15 4 3 -3 5 -2 -7 10 9 -9 11 14 -10 -14 -4 17 -17 18 23 20 -20 22 -19 24 25 26 -1 -28 29 -25
right_child=1 2 7 -5 -6 6 -8 8 12 -11 -12 -13 13 -15 -16 16 -18 21 19 -21 -22 -23 -24 28 -26 -27 27 -29 -30 -31
leaf_value=4.4108334048190678e-05 -0.004277846273034811 0.00032351046617402408 -0.003228043299579598 0.0049626718402493658 -0.0025091010933201621 0.0061951986236426122 -0.00088929308979135099 -0.0016997789829754487 0.0010444937533094097 0.0052821223370053553 -0.0036308346037833908 0.0020981913222931324 0.0027022668998688461 -0.0012199653838011592 0.00045275568603149924 0.0045262522887372014 0.00056765127368537955 -0.0051843486829764316 0.0017182518737778691 -0.0016642098970435287 0.0066583969319860149 0.0015907021332532169 -0.0010213072649961296 -0.00057068862832891632 0.0063593347678155016 0.0043148219017311931 -0.0061576882086228583 -0.00030454794283617628 0.0016929844400793729 -0.0043752818140296301
leaf_weight=2877 20 122 46 43 131 26 87 26 97 33 46 30 20 212 30 28 131 27 39 27 33 25 86 78 24 25 24 22 36 49
leaf_count=2877 20 122 46 43 131 26 87 26 97 33 46 30 20 212 30 28 131 27 39 27 33 25 86 78 24 25 24 22 36 49
internal_value=-3.20466e-13 -0.000299087 5.77696e-05 0.0015325 -0.00125205 -1.39117e-05 0.000740767 -0.000392844 6.91865e-05 0.00220535 -0.00157224 -0.000678883 -0.000313895 -0.000881842 -0.0017751 8.20773e-05 0.00126476 2.63101e-05 8.55782e-05 0.00244248 0.00398249 -0.00136263 -0.00201602 1.11498e-05 7.8368e-05 2.72339e-05 -9.43719e-06 -0.00335836 -0.00121445 -0.0020386
internal_weight=4500 969 705 165 264 133 113 540 388 59 152 106 329 232 76 3531 159 3372 3234 99 72 138 113 3135 2972 2948 2923 46 163 127
internal_count=4500 969 705 165 264 133 113 540 388 59 152 106 329 232 76 3531 159 3372 3234 99 72 138 113 3135 2972 2948 2923 46 163 127
is_linear=0
shrinkage=0.1


Tree=49
num_leaves=31
num_cat=0
split_feature=1 1 10 3 5 8 7 3 4 3 7 4 4 8 1 1 10 10 3 1 6 8 8 10 5 3 8 4 8 8
split_gain=0.0106591 0.0213176 0.00988985 0.0420347 0.0235125 0.0193444 0.021703 0.0189819 0.0467575 0.0155291 0.0196817 0.0145028 0.037708 0.0225752 0.0302248 0.0205671 0.017795 0.0370612 0.0420236 0.0307975 0.0234905 0.0244224 0.0207213 0.0308013 0.0520648 0.0616778 0.0305135 0.0721121 0.0358994 0.0358201
threshold=155.50000000000003 156.50000000000003 118219.00000000001 116334.50000000001 112423.00000000001 95528.500000000015 157067968.00000003 107349.50000000001 76238.000000000015 105154.50000000001 607810112.00000012 9073.0000000000018 11114.000000000002 7155.8750000000009 89.500000000000014 128.50000000000003 16933.750000000004 20101.000000000004 22800.500000000004 115.50000000000001 21310.583984375004 19970.875000000004 21294.375000000004 26381.125000000004 29099.000000000004 28726.500000000004 28740.500000000004 25492.500000000004 30328.875000000004 31241.250000000004
decision_type=2 2 2 2 2 2 2 2 2 2 2 2 2 2 2 2 2 2 2 2 2 2 2 2 2 2 2 2 2 2
left_child=2 -2 3 4 7 -4 -7 9 -9 10 11 13 -13 -1 -15 -16 -14 -18 19 -19 -20 -22 -23 -24 -25 -26 27 -27 -28 -30
right_child=1 -3 5 -5 -6 6 -8 8 -10 -11 -12 12 16 14 15 -17 17 18 20 -21 21 22 23 24 25 26 28 -29 29 -31
leaf_value=-0.0011335167438826629 -0.0038385344081602636 0.00066729501538377795 -0.0037056785254251396 0.0035889047832990233 -0.0026130308063918219 -0.0024127308057532424 0.0019480014164000752 0.0049139240783495977 -0.0011430250629782678 -0.002124503139159916 0.0028187370749656114 -0.0027050488574716907 0.0029085375121905514 0.0051594199704205887 -0.0002477329925036515 0.0031431419524812591 -0.0040126935219513661 0.0057369957614520732 -0.0033565076600228041 0.00038308523861425267 0.0030516356659623291 -0.0029526960725585623 0.0037258322266015137 -0.0048774059650234201 0.0050548087735175313 -0.00038547513110831651 0.0023177018575022807 -0.0062362893009916525 -0.0032020315907097287 1.2768186901196848e-05
leaf_weight=36 21 21 21 33 34 21 25 26 25 34 25 52 21 21 53 27 23 22 21 21 26 24 22 22 24 111 67 26 35 3560
leaf_count=36 21 21 21 33 34 21 25 26 25 34 25 52 21 21 53 27 23 22 21 21 26 24 22 22 24 111 67 26 35 3560
internal_value=-2.7373e-12 -0.00158562 1.49385e-05 3.3337e-05 6.4132e-06 -0.00119084 -4.27676e-05 2.70101e-05 0.00194483 4.12014e-06 2.11933e-05 4.59659e-06 -2.94104e-05 0.00101661 0.001783 0.000896687 5.15687e-06 -1.00707e-05 1.30543e-05 0.0031223 -2.08963e-05 -3.01327e-06 -2.34247e-05 -5.24458e-06 -2.65927e-05 1.32195e-06 -3.06032e-05 -0.00149585 2.42135e-05 -1.85303e-05
internal_weight=4500 42 4458 4391 4358 67 46 4324 51 4273 4239 4214 4077 137 101 80 4025 4004 3981 43 3938 3917 3891 3867 3845 3823 3799 137 3662 3595
internal_count=4500 42 4458 4391 4358 67 46 4324 51 4273 4239 4214 4077 137 101 80 4025 4004 3981 43 3938 3917 3891 3867 3845 3823 3799 137 3662 3595
is_linear=0
shrinkage=0.1


Tree=50
num_leaves=31
num_cat=0
split_feature=3 4 6 3 3 3 9 7 3 7 1 1 9 8 9 9 1 1 5 10 3 4 9 4 9 9 6 8 4 7
split_gain=0.0104867 0.0287868 0.0165215 0.0190725 0.0200148 0.0166596 0.0190728 0.0152744 0.0305736 0.0151368 0.0140947 0.0115325 0.0167955 0.0486097 0.0163595 0.0154545 0.0143454 0.0498113 0.041458 0.0613341 0.0383528 0.0499017 0.0878227 0.0714971 0.0611499 0.0688667 0.0688558 0.0385941 0.0365113 0.0595494
threshold=12603.500000000002 6391.0000000000009 12959.416503906252 15558.000000000002 18829.000000000004 23935.500000000004 21004.250000000004 993954.50000000012 53251.500000000007 6960094.2500000009 81.500000000000014 153.50000000000003 53564.500000000007 55966.125000000007 67244.000000000015 77066.000000000015 144.50000000000003 141.50000000000003 45364.500000000007 49235.500000000007 70633.000000000015 41506.500000000007 49996.500000000007 46947.000000000007 55081.000000000007 58470.750000000007 63875.832031250007 47190.000000000007 32531.000000000004 25055644.000000004
decision_type=2 2 2 2 2 2 2 2 2 2 2 2 2 2 2 2 2 2 2 2 2 2 2 2 2 2 2 2 2 2
left_child=1 -1 -2 -4 -5 6 9 8 -7 -6 -9 16 -13 -14 -15 -16 17 -12 -19 -20 21 22 28 27 -25 -26 -27 -23 -18 -30
right_child=2 -3 3 4 5 7 -8 10 -10 -11 11 12 13 14 15 -17 20 18 19 -21 -22 23 -24 24 25 26 -28 -29 29 -31
leaf_value=-0.0007475935841432294 -0.0025328561448707031 0.0032530303914765166 0.0030764354241546244 -0.0026837305797796167 -0.0016228484400060206 -0.0036366932517425581 0.0038883381806637933 0.0023629648238420488 0.0009994901609607042 0.0019868344856569403 4.8374773536204344e-05 0.0015295305422374182 -0.0057010167385173685 0.0020250874970640458 -0.0033559283640767846 0.00026114230557275868 0.002906808758679619 0.0021454379165334104 -0.006009277194770503 -0.0011569012204972751 -0.00035231115808673962 0.0019886691315934577 -0.0061217727308923546 -0.0038791795463665674 0.0059893635125702312 -0.0017569816371958173 0.00400158361828124 0.0067799969157204031 -0.0034225385843051808 0.0028579957353381015
leaf_weight=37 26 35 20 28 21 33 23 25 25 26 3112 21 22 21 21 27 47 32 29 256 319 29 22 23 29 56 33 40 36 26
leaf_count=37 26 35 20 28 21 33 23 25 25 26 3112 21 22 21 21 27 47 32 29 256 319 29 22 23 29 56 33 40 36 26
internal_value=-7.14984e-13 0.00119715 -1.94659e-05 -4.62082e-06 -1.86831e-05 -1.54458e-06 0.00152871 -2.65487e-05 -0.00163834 0.000373997 -4.42762e-06 -1.85159e-05 -0.00101963 -0.0016079 -0.000302852 -0.00132133 8.9053e-06 -7.3269e-05 -0.00126745 -0.00165065 0.000435838 0.00117314 -0.000358492 0.00212859 0.000837813 0.00175723 0.000378217 0.00476625 0.000804739 -0.000788766
internal_weight=4500 72 4428 4402 4382 4354 70 4284 58 47 4226 4201 112 91 69 48 4089 3429 317 285 660 341 131 210 141 118 89 69 109 62
internal_count=4500 72 4428 4402 4382 4354 70 4284 58 47 4226 4201 112 91 69 48 4089 3429 317 285 660 341 131 210 141 118 89 69 109 62
is_linear=0
shrinkage=0.1


Tree=51
num_leaves=31
num_cat=0
split_feature=3 5 5 3 9 8 1 4 1 4 4 4 1 4 1 10 5 9 10 5 10 9 5 1 8 10 1 6 7 4
split_gain=0.00947181 0.0596324 0.059268 0.0430438 0.0344032 0.0478864 0.0272058 0.0285373 0.0528492 0.042997 0.0334942 0.0406434 0.0506694 0.0339119 0.027148 0.0222117 0.0273749 0.030831 0.0420229 0.0267867 0.03112 0.0482584 0.0365376 0.0423457 0.0532792 0.0325098 0.057014 0.0266633 0.0259346 0.0301011
threshold=57653.000000000007 60378.500000000007 63704.500000000007 58272.500000000007 55299.750000000007 52824.875000000007 152.50000000000003 48354.500000000007 135.50000000000003 47349.000000000007 45981.500000000007 44621.000000000007 126.50000000000001 44239.500000000007 130.50000000000003 59134.750000000007 60698.000000000007 46425.750000000007 57930.000000000007 64603.500000000007 65215.250000000007 61599.750000000007 66434.500000000015 132.50000000000003 53274.000000000007 66004.375000000015 135.50000000000003 54101.500000000007 136943544.00000003 46192.500000000007
decision_type=2 2 2 2 2 2 2 2 2 2 2 2 2 2 2 2 2 2 2 2 2 2 2 2 2 2 2 2 2 2
left_child=1 4 -3 -2 5 6 7 9 -9 10 11 13 -13 -1 -12 16 17 -5 -19 28 21 22 23 -21 -25 26 -22 -20 29 -17
right_child=3 2 -4 15 -6 -7 -8 8 -10 -11 14 12 -14 -15 -16 19 -18 18 27 20 25 -23 -24 24 -26 -27 -28 -29 -30 -31
leaf_value=3.7880744342066583e-05 -0.0035507691186568188 0.0057894868565396083 0.00016674679507942575 0.0040647872118279339 -0.0032975335170825322 0.0041471886721536006 0.0029811366761644045 -0.0045326785456078749 0.0017797411818589485 0.0039544506963076339 -0.00022797544395713055 -0.0011121788583252402 0.0051353041082620628 -0.0041096778307110077 -0.0050866768409437296 -0.0032399103089812255 0.0042476149120678512 -0.0031803704856429253 0.0035489282703825408 -0.0043345928314482548 -0.0050160135420608438 0.0039974374708996964 0.0022473410349684183 0.0034531929480311066 -0.0032100864065190159 -5.7145812881552607e-05 0.00073848002463240518 -0.00077736531384289267 0.0022372406505217607 -0.00072563022437791989
leaf_weight=1377 36 37 38 20 30 29 31 36 21 28 23 21 34 20 23 63 24 32 28 27 36 47 54 28 21 2057 33 29 22 195
leaf_count=1377 36 37 38 20 30 29 31 36 21 28 23 21 34 20 23 63 24 32 28 27 36 47 54 28 21 2057 33 29 22 195
internal_value=9.47199e-12 0.000182039 0.00294063 -0.000115626 5.83719e-05 0.000119648 4.72824e-05 -1.01715e-05 -0.00220705 7.18876e-05 -6.83705e-07 8.34799e-05 0.0027499 -2.14973e-05 -0.00265733 -7.00942e-05 0.00119017 0.000516975 -0.000280286 -0.000134986 -2.26991e-05 0.0012513 0.000258462 -0.00115469 0.000597502 -0.000128766 -0.00226386 0.00134783 -0.00105855 -0.00133958
internal_weight=4500 1748 75 2752 1673 1643 1614 1583 57 1526 1498 1452 55 1397 46 2716 133 109 89 2583 2303 177 130 76 49 2126 69 57 280 258
internal_count=4500 1748 75 2752 1673 1643 1614 1583 57 1526 1498 1452 55 1397 46 2716 133 109 89 2583 2303 177 130 76 49 2126 69 57 280 258
is_linear=0
shrinkage=0.1


Tree=52
num_leaves=31
num_cat=0
split_feature=1 7 7 3 5 5 5 5 3 3 3 3 3 7 1 6 5 9 7 7 5 3 8 6 7 3 1 9 4 9
split_gain=0.00982161 0.0222474 0.0345469 0.0312076 0.0716729 0.0580674 0.0608031 0.0582769 0.0459488 0.0339197 0.0380225 0.058382 0.0380517 0.0370199 0.0616969 0.0619804 0.0470783 0.0554318 0.0367079 0.0457248 0.0342828 0.0715706 0.0850282 0.0705566 0.050986 0.0506959 0.0728207 0.0255013 0.0246759 0.0906263
threshold=135.50000000000003 9628520.5000000019 11359453.500000002 52700.500000000007 53377.000000000007 52135.000000000007 49232.000000000007 47861.500000000007 50954.000000000007 54065.000000000007 69759.000000000015 68642.500000000015 67420.500000000015 28399609.000000004 147.50000000000003 52810.083984375007 61884.000000000007 61044.750000000007 17402131.000000004 19981762.000000004 63704.500000000007 64273.000000000007 53837.625000000007 56126.250000000007 80946536.000000015 60165.500000000007 145.50000000000003 55461.500000000007 27924.000000000004 35896.750000000007
decision_type=2 2 2 2 2 2 2 2 2 2 2 2 2 2 2 2 2 2 2 2 2 2 2 2 2 2 2 2 2 2
left_child=-1 28 27 5 -5 6 7 -4 -7 -6 11 12 13 14 15 -11 -17 -18 -12 -20 24 -22 23 -23 25 26 -15 -3 -2 -30
right_child=1 2 3 4 9 8 -8 -9 -10 10 18 -13 -14 20 -16 16 17 -19 19 -21 21 22 -24 -25 -26 -27 -28 -29 29 -31
leaf_value=0.00012174563333165176 0.001860118968861884 0.0042023868497573971 -0.00052559658838044693 0.0060228170013579075 -0.0040970501210540536 -0.001456976196040278 0.0031965121821928271 -0.0063596040639095006 -0.0080107631860300895 0.0056655049277469522 -0.0029653871182526927 0.0054433580715200292 -0.0035939254132764682 -0.0047428690163152558 0.0055761433521134629 -0.004750402490608395 0.0046247714948233062 -0.0019490546454547038 0.0044338212902879431 -0.00030034360705986072 0.0050554023370804162 -0.0018996039754711092 -0.0060320475976914168 0.0060374572651372069 0.0017148555159413566 -0.0058358264334064224 0.0034898004240610384 -3.1778406817466019e-05 -0.0075294587605943281 -0.0007165794644907633
leaf_weight=2680 29 33 119 20 20 23 37 20 20 20 50 26 21 21 37 20 23 29 21 716 34 24 20 21 39 31 22 25 21 278
leaf_count=2680 29 33 119 20 20 23 37 20 20 20 50 26 21 21 37 20 23 29 21 716 34 24 20 21 39 31 22 25 21 278
internal_value=4.99955e-12 -0.000179274 -1.53445e-05 -0.000112119 8.59379e-05 -0.00121093 -0.000406063 -0.00136502 -0.00450525 -1.34241e-05 5.60844e-05 0.000866248 0.000537506 0.000791934 0.00212765 0.000740752 -0.000627235 0.000958599 -0.000343336 -0.000165449 -2.08352e-05 0.00133777 -0.000606844 0.00180436 -0.00121111 -0.00275318 -0.000530806 0.00237732 -0.000924952 -0.00119508
internal_weight=4500 1820 1492 1434 1215 219 176 139 43 1195 1175 388 362 341 129 92 72 52 787 737 212 99 65 45 113 74 43 58 328 299
internal_count=4500 1820 1492 1434 1215 219 176 139 43 1195 1175 388 362 341 129 92 72 52 787 737 212 99 65 45 113 74 43 58 328 299
is_linear=0
shrinkage=0.1


Tree=53
num_leaves=31
num_cat=0
split_feature=1 1 5 4 9 1 1 7 7 8 1 6 6 9 9 8 6 4 3 8 1 7 6 6 7 6 4 4 6 9
split_gain=0.00851483 0.0253363 0.0420122 0.0303157 0.0275077 0.0202742 0.0257924 0.0593411 0.0847007 0.0655337 0.0480788 0.0403933 0.0963689 0.0933724 0.0671636 0.0526176 0.0668286 0.0502368 0.0464679 0.0339991 0.0316448 0.125353 0.0456687 0.0855584 0.0609329 0.045855 0.0360293 0.0811274 0.0884607 0.0420643
threshold=120.50000000000001 121.50000000000001 66434.500000000015 7988.0000000000009 73969.750000000015 122.50000000000001 127.50000000000001 10047062.000000002 15857270.500000002 51594.875000000007 125.50000000000001 60973.333984375007 55600.832031250007 63881.000000000007 69549.750000000015 38703.125000000007 39353.750000000007 65119.000000000007 67714.500000000015 45020.625000000007 131.50000000000003 3752307.5000000005 59232.250000000007 63198.250000000007 274899552.00000006 57143.332031250007 25033.000000000004 38323.000000000007 49578.333984375007 53133.250000000007
decision_type=2 2 2 2 2 2 2 2 2 2 2 2 2 2 2 2 2 2 2 2 2 2 2 2 2 2 2 2 2 2
left_child=-1 2 -2 -3 -4 -5 7 9 -9 10 -7 12 15 -13 -15 16 -10 -16 -14 -17 21 -8 25 -24 -25 26 -23 -28 -29 -30
right_child=1 3 4 5 -6 6 20 8 11 -11 -12 13 18 14 17 19 -18 -19 -20 -21 -22 22 23 24 -26 -27 27 28 29 -31
leaf_value=0.00023073296051796021 -0.0044999989704913737 0.0036597926370714878 0.0027877705393447765 0.0014147994902062541 -0.0023306105463277728 -0.0070281497528776526 0.0068267458207628808 0.0047290661328588616 0.00058558817742572684 0.00013048974736214636 -0.0012902476379404899 0.0064866918731819505 -0.0087488031713292003 -0.0040298043200984977 0.0049702362623065717 0.0047267298288643364 -0.0066209537125277249 -0.00043622931729902018 -0.0022222753008827568 -0.00043817314849897791 -0.00013700649327509163 -0.0019952945123590969 -0.0059468075173855252 -0.00060051192700391262 0.0050211166200990025 0.0056625797175397369 0.0046403210735521637 -0.0058142134750431241 0.0053325607161968953 -0.0010040252278982239
leaf_weight=1180 34 22 21 90 21 40 32 32 31 43 23 22 24 39 23 25 22 68 20 26 2284 34 27 156 22 23 52 22 20 22
leaf_count=1180 34 22 21 90 21 40 32 32 31 43 23 22 24 39 23 25 22 68 20 26 2284 34 27 156 22 23 52 22 20 22
internal_value=-1.51283e-12 -8.20075e-05 -0.00188684 -3.97242e-05 0.00022858 -6.49847e-05 -0.000107507 -0.000819207 -0.000161512 -0.00287916 -0.00493336 -0.000683174 -0.00185911 0.00046182 -0.000557773 -0.000199346 -0.00240581 0.00093024 -0.0057822 0.00209364 8.20338e-06 0.000817129 0.000308378 -0.000701361 9.42961e-05 0.00150489 0.000867378 0.00170644 -0.000677344 0.0020134
internal_weight=4500 3320 76 3244 42 3222 3132 438 332 106 63 300 148 152 130 104 53 91 44 51 2694 410 378 205 178 173 150 116 64 42
internal_count=4500 3320 76 3244 42 3222 3132 438 332 106 63 300 148 152 130 104 53 91 44 51 2694 410 378 205 178 173 150 116 64 42
is_linear=0
shrinkage=0.1


Tree=54
num_leaves=31
num_cat=0
split_feature=8 3 8 4 4 9 4 10 5 10 3 8 4 9 10 8 7 4 8 8 8 6 3 10 4 9 6 7 7 10
split_gain=0.00796572 0.0211496 0.0375077 0.0382541 0.0124343 0.0174934 0.0331668 0.0217887 0.0531864 0.0524154 0.0403665 0.0388354 0.0403124 0.0341478 0.0288489 0.0204791 0.0423147 0.0511235 0.0310236 0.0204013 0.0572303 0.052897 0.0240745 0.0200492 0.0181015 0.0169499 0.0398064 0.0227511 0.0334209 0.0178659
threshold=86155.375000000015 107349.50000000001 80824.250000000015 67408.500000000015 81390.000000000015 87063.500000000015 69150.000000000015 91122.500000000015 90132.500000000015 85718.000000000015 88215.000000000015 77641.500000000015 72174.500000000015 81939.750000000015 87305.875000000015 80824.250000000015 168507920.00000003 63015.500000000007 67390.500000000015 59822.875000000007 64573.250000000007 78273.750000000015 90796.500000000015 97706.375000000015 72174.500000000015 77530.750000000015 75168.832031250015 59250220.000000007 36146088.000000007 79920.500000000015
decision_type=2 2 2 2 2 2 2 2 2 2 2 2 2 2 2 2 2 2 2 2 2 2 2 2 2 2 2 2 2 2
left_child=1 4 3 -3 5 7 -7 8 9 10 11 12 25 -13 -11 16 24 18 -18 -10 -21 -22 -23 -8 -9 26 29 28 -27 -1
right_child=-2 2 -4 -5 -6 6 23 15 19 14 -12 13 -14 -15 -16 -17 17 -19 -20 20 21 22 -24 -25 -26 27 -28 -29 -30 -31
leaf_value=5.2805719988456496e-05 -0.00061212624635391421 0.002326725302414308 0.004855273788794876 -0.0032828304357826708 -0.0017338509222765159 -0.0013572822078668442 0.0048132345213421756 -0.0021498629237612478 0.0047158523085628354 -0.0036802350745711015 0.0043963090827067695 0.0060173497576033706 -0.0031149993104571923 0.00024372032799181484 0.00025587004945716926 0.0017943276469373987 -9.5515807403162838e-05 0.0035345032023122677 -0.0046644393921546311 -0.0029924497818169388 0.0064973833858966825 0.0035023151586453119 -0.00056433669327619809 0.00072573265282525911 -0.0057829091868673767 0.00045630669876657153 -0.0028036312423829063 -0.00093683659844100489 0.005775405493165766 -0.0011990094764091045
leaf_weight=3372 203 31 25 20 41 26 28 32 23 60 21 20 42 21 27 21 42 26 23 23 25 24 37 21 24 27 51 25 21 118
leaf_count=3372 203 31 25 20 41 26 28 32 23 60 21 20 42 21 27 21 42 26 23 23 25 24 37 21 24 27 51 25 21 118
internal_value=3.18473e-12 2.89182e-05 0.00168229 0.0001269 -8.51002e-07 1.61473e-05 0.00152962 -1.15045e-05 3.60872e-05 -3.23712e-05 2.44037e-05 -4.29914e-07 -3.47523e-05 0.00306012 -0.00245869 -0.00112679 -0.0015441 -0.00021315 -0.00171221 0.00200945 0.00143838 0.00262337 0.00103566 0.00306145 -0.00370688 1.04468e-06 -3.00501e-05 0.00150935 0.00278341 1.04807e-05
internal_weight=4500 4297 76 51 4221 4180 75 4105 3937 3805 3718 3697 3656 41 87 168 147 91 65 132 109 86 61 49 56 3614 3541 73 48 3490
internal_count=4500 4297 76 51 4221 4180 75 4105 3937 3805 3718 3697 3656 41 87 168 147 91 65 132 109 86 61 49 56 3614 3541 73 48 3490
is_linear=0
shrinkage=0.1


Tree=55
num_leaves=31
num_cat=0
split_feature=10 3 5 8 7 9 3 7 5 10 1 7 7 7 3 4 3 5 8 10 4 5 10 8 4 9 7 7 4 5
split_gain=0.00752069 0.0339497 0.0189884 0.0184789 0.0167429 0.00849156 0.0323579 0.0195725 0.0146907 0.0164496 0.0145564 0.014116 0.02202 0.0241046 0.0156907 0.0194186 0.0233419 0.0193464 0.0144491 0.0113346 0.0280351 0.020553 0.0468524 0.0291142 0.0332017 0.0294487 0.0198561 0.0187093 0.0236049 0.018648
threshold=118219.00000000001 116334.50000000001 112423.00000000001 95528.500000000015 157067968.00000003 96606.500000000015 107349.50000000001 75984728.000000015 103952.00000000001 99039.625000000015 134.50000000000003 483648496.00000006 390324832.00000006 346919152.00000006 97353.000000000015 65804.000000000015 99160.500000000015 96393.000000000015 42260.500000000007 92159.125000000015 68115.000000000015 90132.500000000015 85718.000000000015 77641.500000000015 72174.500000000015 81939.750000000015 106627416.00000001 58483190.000000007 73476.500000000015 86912.000000000015
decision_type=2 2 2 2 2 2 2 2 2 2 2 2 2 2 2 2 2 2 2 2 2 2 2 2 2 2 2 2 2 2
left_child=1 2 5 -2 -5 6 8 -7 9 11 -10 12 13 14 17 -16 -17 19 -13 21 -21 22 23 24 29 -25 27 28 -24 -1
right_child=3 -3 -4 4 -6 7 -8 -9 10 -11 -12 18 -14 -15 15 16 -18 -19 -20 20 -22 -23 26 25 -26 -27 -28 -29 -30 -31
leaf_value=-2.660629054871254e-06 -0.0035098505206406119 0.0032115064857696947 -0.0023620314868714881 -0.0019537625495683066 0.0018287714477628469 0.00050309594215442691 0.0028929266971177781 -0.0034339060956288291 0.00017403681995347144 0.0022769647097447888 -0.0034788147817986707 -6.9488110867413607e-05 -0.0025524623089415188 0.0032311815849464876 -0.0034047234617173672 -0.0021525122908254467 0.0019411749206483366 0.0022016746816643719 0.0035151946763305564 -0.0044323816231917595 9.9433587625796013e-05 0.0011085853578928126 -0.0048253860051298281 0.0054156146739842374 -0.0028034993760576027 0.00016888624016681442 -0.0048459306062961166 0.0011898156197275968 -0.00062544420579797595 0.0019422533910401401
leaf_weight=3512 21 33 34 22 25 28 39 23 20 32 24 22 34 23 30 30 26 40 23 20 43 164 23 20 42 23 22 20 32 50
leaf_count=3512 21 33 34 22 25 28 39 23 20 32 24 22 34 23 30 30 26 40 23 20 43 164 23 20 42 23 22 20 32 50
internal_value=-1.68269e-12 1.60132e-05 -7.95848e-06 -0.00104368 5.82236e-05 1.03779e-05 2.55431e-05 -0.00127241 -6.15506e-07 1.82887e-05 -0.00181843 1.07565e-06 -1.80077e-05 2.90768e-06 -1.52154e-05 -0.0013517 -0.000251872 1.34403e-05 0.00176268 -8.60186e-06 -0.00133924 1.2849e-05 -3.5148e-05 2.25441e-05 -8.3181e-06 0.00260923 -0.00220425 -0.00142936 -0.00238178 2.46402e-05
internal_weight=4500 4432 4399 68 47 4365 4314 51 4275 4231 44 4199 4154 4120 4097 86 56 4011 45 3971 63 3908 3744 3647 3604 43 97 75 55 3562
internal_count=4500 4432 4399 68 47 4365 4314 51 4275 4231 44 4199 4154 4120 4097 86 56 4011 45 3971 63 3908 3744 3647 3604 43 97 75 55 3562
is_linear=0
shrinkage=0.1


Tree=56
num_leaves=31
num_cat=0
split_feature=3 8 6 3 9 3 1 5 3 6 3 8 4 9 1 7 4 1 1 1 9 5 4 1 5 9 7 8 4 10
split_gain=0.00736555 0.0227831 0.0139233 0.0146105 0.0196833 0.0236936 0.0473481 0.0177321 0.048231 0.0216149 0.0202484 0.012019 0.0688505 0.0235348 0.0546708 0.0601714 0.0486311 0.066988 0.0458861 0.0731367 0.0417232 0.0445944 0.0391817 0.0344266 0.0316057 0.0536706 0.046154 0.056232 0.0403542 0.0294413
threshold=12603.500000000002 7155.8750000000009 12959.416503906252 15558.000000000002 17362.000000000004 23935.500000000004 122.50000000000001 29099.000000000004 29593.000000000004 21879.750000000004 26479.500000000004 28740.500000000004 25492.500000000004 36792.750000000007 116.50000000000001 16527668.500000002 29014.500000000004 127.50000000000001 124.50000000000001 135.50000000000003 37819.500000000007 41675.000000000007 30056.000000000004 137.50000000000003 44871.000000000007 39242.500000000007 8884092.5000000019 37663.875000000007 37687.000000000007 45746.000000000007
decision_type=2 2 2 2 2 2 2 2 2 2 2 2 2 2 2 2 2 2 2 2 2 2 2 2 2 2 2 2 2 2
left_child=1 -1 -2 -4 -5 6 -6 9 -9 -7 -11 12 -10 14 22 18 17 -17 -16 -20 23 -22 -13 -15 26 -26 28 -28 -23 -27
right_child=2 -3 3 4 5 7 -8 8 11 10 -12 13 -14 20 15 16 -18 -19 19 -21 21 24 -24 -25 25 29 27 -29 -30 -31
leaf_value=-0.00082566657236644208 -0.0023236209669938454 0.0027334170250027014 0.0026939904247410599 -0.0022231391593231821 0.0043989751687539477 0.00065129826506299361 -0.0010149620225032171 0.0036500549823459657 -7.5873252579994094e-05 -0.00065209221524687919 -0.0045275791016008175 0.0016371806127801502 -0.005580961212623292 -0.0049753495942681074 -0.0048535671245692113 0.0043122250220871397 0.0061125577113631631 -0.0037743743951432411 0.00316762618780503 -0.0037809646522094101 0.0036544932405266797 -0.0074728545988909907 0.0071626817364068259 0.00026859985220999946 0.0046249042786657814 0.002035925366148791 -0.0030957828852392379 0.0043132094084285203 -0.0014980814186856151 -6.5091616231986978e-05
leaf_weight=35 26 37 20 40 35 31 30 36 180 26 28 33 26 31 29 21 23 20 33 28 33 20 21 21 25 68 21 20 26 3477
leaf_count=35 26 37 20 40 35 31 30 36 180 26 28 33 26 31 29 21 23 20 33 28 33 20 21 21 25 68 21 20 26 3477
internal_value=2.119e-12 0.00100331 -1.63139e-05 -2.68604e-06 -1.4994e-05 5.34818e-06 0.00190023 -2.34495e-05 5.54459e-06 -0.00145337 -0.0026616 -2.60248e-05 -0.00077069 1.28109e-05 0.00104814 8.81122e-05 0.00243216 0.000367542 -0.00157876 -2.18909e-05 -4.4738e-05 -5.0987e-06 0.00378599 -0.0028576 -3.81221e-05 7.77086e-06 -0.00192132 0.00051836 -0.00409581 -2.479e-05
internal_weight=4500 72 4428 4402 4382 4342 65 4277 4192 85 54 4156 206 3950 208 154 64 41 90 61 3742 3690 54 52 3657 3570 87 41 46 3545
internal_count=4500 72 4428 4402 4382 4342 65 4277 4192 85 54 4156 206 3950 208 154 64 41 90 61 3742 3690 54 52 3657 3570 87 41 46 3545
is_linear=0
shrinkage=0.1


Tree=57
num_leaves=31
num_cat=0
split_feature=7 7 7 1 7 9 8 4 9 8 7 1 1 9 6 9 3 6 1 6 7 7 7 4 1 3 4 9 6 3
split_gain=0.00758802 0.0920468 0.0995669 0.056227 0.0407514 0.0357223 0.0851223 0.0680765 0.0536679 0.0383955 0.0497465 0.0320986 0.0273833 0.0514449 0.0383656 0.0385637 0.0400495 0.0338204 0.0267719 0.025242 0.0219985 0.0599882 0.0218882 0.0211163 0.0209558 0.0163087 0.0524035 0.0348502 0.0884395 0.0332583
threshold=60309418.000000007 57399144.000000007 55829264.000000007 133.50000000000003 70404140.000000015 64887.500000000007 66379.875000000015 49221.500000000007 77530.750000000015 49416.125000000007 64785130.000000007 91.500000000000014 141.50000000000003 45999.500000000007 56126.250000000007 66158.500000000015 74989.000000000015 71827.500000000015 149.50000000000003 51567.250000000007 75984728.000000015 73782332.000000015 150323632.00000003 66345.500000000015 73.500000000000014 69759.000000000015 55700.500000000007 63174.250000000007 66438.250000000015 69273.500000000015
decision_type=2 2 2 2 2 2 2 2 2 2 2 2 2 2 2 2 2 2 2 2 2 2 2 2 2 2 2 2 2 2
left_child=1 2 24 -3 5 7 -7 9 -8 10 -2 -6 20 -14 19 16 -16 -17 -19 -15 21 -13 -18 -20 -1 29 -27 -28 -29 -26
right_child=4 3 -4 -5 11 6 8 -9 -10 -11 -12 12 13 14 15 17 22 18 23 -21 -22 -23 -24 -25 25 26 27 28 -30 -31
leaf_value=0.0028007549345493319 -0.0031597781101784985 -0.0076589057147502908 0.0052096293475996291 -0.0011874730554248753 -0.0036323264537107512 0.0071567667997442189 -0.0034623441821895543 -0.0049215705180540685 0.0031024820241851337 0.0052728892769664526 0.0029484030573318403 -0.00034156991634517911 0.0031570151902645103 -0.0017516133685906727 -0.0013881442354871862 -0.0046057302014170477 0.0011201299239820357 -0.0017442461164180367 0.0032066848274553196 -0.0064388220157707114 0.00019811581501663693 0.0058284726091817271 0.0057425793050788349 -0.0008699975983256958 -1.1238434676687359e-05 -0.0044121231206438764 0.0034943703562021256 -0.0053573487499462705 -0.00019218060484603851 0.0037322369481747352
leaf_weight=25 24 25 36 29 24 32 20 20 33 21 30 40 31 27 31 28 21 105 24 20 907 26 20 27 2132 33 23 35 627 24
leaf_count=25 24 25 36 29 24 32 20 20 33 21 30 40 31 27 31 28 21 105 24 20 907 26 20 27 2132 33 23 35 627 24
internal_value=-2.08422e-12 -9.23267e-05 -1.70546e-05 -0.00418351 0.000182637 0.00159482 0.00308414 0.000262281 0.000625189 0.00164464 0.000233656 -8.34243e-06 5.82036e-05 -0.000723043 -0.00112001 -0.000637867 0.00132419 -0.00140563 -0.000831252 -0.00374617 0.000326381 0.00208905 0.00337498 0.00104844 -8.19599e-05 -0.000107036 -0.000519824 -0.000332312 -0.000465264 3.04329e-05
internal_weight=4500 2989 2935 54 1511 180 85 95 53 75 54 1331 1307 334 303 256 72 184 156 47 973 66 41 51 2899 2874 718 685 662 2156
internal_count=4500 2989 2935 54 1511 180 85 95 53 75 54 1331 1307 334 303 256 72 184 156 47 973 66 41 51 2899 2874 718 685 662 2156
is_linear=0
shrinkage=0.1


Tree=58
num_leaves=31
num_cat=0
split_feature=1 1 1 1 9 9 6 3 7 8 5 4 8 8 1 6 9 6 7 4 6 9 3 8 8 8 7 1 9 5
split_gain=0.00647375 0.014473 0.00836088 0.0393476 0.0325812 0.0375881 0.0376462 0.0234958 0.0420594 0.0328526 0.0261531 0.0212741 0.0385891 0.0278252 0.04295 0.0246403 0.0582353 0.0427433 0.0550578 0.0226428 0.059961 0.0620263 0.0543809 0.0437862 0.0755528 0.0622297 0.0534475 0.0376023 0.0384486 0.0478503
threshold=155.50000000000003 156.50000000000003 144.50000000000003 142.50000000000003 78181.750000000015 71495.500000000015 66266.582031250015 50954.000000000007 35627180.000000007 38018.000000000007 62357.500000000007 80576.500000000015 80824.250000000015 71887.750000000015 149.50000000000003 71827.500000000015 69333.250000000015 73984.000000000015 160502208.00000003 41506.500000000007 53522.832031250007 54857.250000000007 52113.500000000007 42054.375000000007 39880.750000000007 36429.875000000007 106627416.00000001 150.50000000000003 58470.750000000007 67363.500000000015
decision_type=2 2 2 2 2 2 2 2 2 2 2 2 2 2 2 2 2 2 2 2 2 2 2 2 2 2 2 2 2 2
left_child=2 -2 3 -1 5 6 7 9 10 -5 -9 12 13 15 -15 16 19 -17 -19 23 22 -22 -21 24 25 -4 -25 28 -23 -30
right_child=1 -3 11 4 -6 -7 -8 8 -10 -11 -12 -13 -14 14 -16 17 -18 18 -20 20 21 27 -24 26 -26 -27 -28 -29 29 -31
leaf_value=2.9856566536973889e-05 -0.0030920425729293911 0.00062061881069980923 0.0013367216282021551 -0.0028475038453259251 0.0012660515353720833 -0.0059335672917465374 0.0025100678244295224 -0.0075739846121342415 -0.00040362371574802734 0.002682154354364944 -0.0029401756517974469 -0.0018682102359543068 0.00447716841185668 -0.003022203653277497 0.0015258523794314401 0.0058651482504185129 -0.0032815509680204275 -0.0032550634164363146 0.0041650306480005379 0.0010557481087744237 -0.0049268621881492433 0.0043547913806921829 0.0066757919661926506 -0.0052498222590656955 0.0063815043214708574 -0.0043291976970587188 0.0012427511935432754 -0.0010795763976352317 -0.0023710087900433471 0.0020461336558748209
leaf_weight=3506 21 21 63 22 38 21 21 21 36 21 29 42 23 56 33 23 41 20 20 36 20 41 33 32 20 28 21 69 34 88
leaf_count=3506 21 21 63 22 38 21 21 21 36 21 29 42 23 56 33 23 41 20 20 36 20 41 33 32 20 28 21 69 34 88
internal_value=-1.18835e-12 -0.00123571 1.1642e-05 -4.96031e-05 -0.00138255 -0.00197113 -0.00141638 -0.00205557 -0.00300987 -0.000146973 -0.00488638 0.000317867 0.000448845 0.000312191 -0.00133585 0.000561215 0.000337372 0.00243012 0.000454984 0.000643302 0.00113169 0.000416523 0.0037436 -0.000312625 0.000816451 -0.000406638 -0.00267729 0.00087716 0.00170547 0.000815127
internal_weight=4500 42 4458 3715 209 171 150 129 86 43 50 743 701 678 89 589 526 63 40 485 321 252 69 164 111 91 53 232 163 122
internal_count=4500 42 4458 3715 209 171 150 129 86 43 50 743 701 678 89 589 526 63 40 485 321 252 69 164 111 91 53 232 163 122
is_linear=0
shrinkage=0.1


Tree=59
num_leaves=31
num_cat=0
split_feature=8 3 3 4 10 3 4 6 10 5 7 9 1 3 8 8 9 6 6 9 5 4 9 9 10 4 5 4 6 6
split_gain=0.00599036 0.0162686 0.0106814 0.0106504 0.00938552 0.0380722 0.0112624 0.0333348 0.0320696 0.0319855 0.0374789 0.0293602 0.027036 0.0181107 0.0179508 0.034567 0.0178543 0.0166182 0.0324526 0.0312516 0.019007 0.0349227 0.0310818 0.0432068 0.0296033 0.0233394 0.0356776 0.0159873 0.036595 0.0346901
threshold=86155.375000000015 116334.50000000001 92149.000000000015 80576.500000000015 105792.37500000001 107349.50000000001 75101.500000000015 85203.667968750015 98527.750000000015 93243.500000000015 10047062.000000002 84354.500000000015 136.50000000000003 95584.000000000015 77641.500000000015 78993.000000000015 87063.500000000015 82337.835937500015 80017.750000000015 79195.750000000015 88557.500000000015 65399.500000000007 66158.500000000015 70372.250000000015 85718.000000000015 60375.500000000007 96011.000000000015 72174.500000000015 77315.332031250015 75168.832031250015
decision_type=2 2 2 2 2 2 2 2 2 2 2 2 2 2 2 2 2 2 2 2 2 2 2 2 2 2 2 2 2 2
left_child=1 4 -2 -4 5 6 7 11 -9 10 -8 14 -13 -11 17 -16 -15 18 20 -20 24 22 -22 -24 27 26 -25 28 29 -1
right_child=2 -3 3 -5 -6 -7 9 8 -10 13 -12 12 -14 16 15 -17 -18 -19 19 -21 21 -23 23 25 -26 -27 -28 -29 -30 -31
leaf_value=3.1479272545924246e-05 0.001321168745548844 0.002568615752272308 -0.0025310414817795394 -0.00046231950579804357 -0.0017234793202313145 0.0042701972249363151 -0.0018554716340716097 0.0047639365127342273 0.00010042691448082528 -0.0049795195180922756 0.0024627904788675635 -0.0043121242181708421 0.00036615160227354083 -0.0031719330877352223 0.0051015469152480364 -0.00058287382404238958 0.00069881184449927382 0.0023916308194045621 -0.0051351462980771126 -0.00029379226383753122 0.0036700174991542906 0.004987004187423736 -0.003843883148743771 0.0040081951130155682 -0.0033866526594815345 -0.0013816910912282767 -0.00075126541612137649 -0.0022615904348992533 0.0031914522923115226 -0.0022012179277994684
leaf_weight=3504 27 25 30 146 31 21 37 29 30 20 44 30 21 26 20 23 22 29 24 30 26 20 25 36 26 32 28 31 36 71
leaf_count=3504 27 25 30 146 31 21 37 29 30 20 44 30 21 26 20 23 22 29 24 30 26 20 25 36 26 32 28 31 36 71
internal_value=1.1019e-12 2.50776e-05 -0.000530829 -0.000814943 1.01926e-05 2.28651e-05 1.72907e-06 3.29828e-05 0.00239266 -0.000852191 0.000490251 -1.71831e-06 -0.00238578 -0.00245128 2.89777e-05 0.00206104 -0.00139784 6.67582e-06 -1.11086e-05 -0.00244551 2.31697e-05 0.00106652 0.000533121 -0.000140922 -2.43329e-05 0.00082339 0.00192593 -3.29523e-07 1.90831e-05 -1.28624e-05
internal_weight=4500 4297 203 176 4272 4241 4220 4071 59 149 81 4012 51 68 3961 43 48 3918 3889 54 3835 167 147 121 3668 96 64 3642 3611 3575
internal_count=4500 4297 203 176 4272 4241 4220 4071 59 149 81 4012 51 68 3961 43 48 3918 3889 54 3835 167 147 121 3668 96 64 3642 3611 3575
is_linear=0
shrinkage=0.1


Tree=60
num_leaves=31
num_cat=0
split_feature=10 5 5 8 1 9 10 4 8 8 8 5 10 3 1 5 3 8 9 9 7 7 1 6 4 3 9 8 8 9
split_gain=0.00585263 0.0628841 0.0234322 0.0274601 0.0620878 0.0285884 0.0216119 0.0427708 0.125352 0.051994 0.0364936 0.0357952 0.0340185 0.0435614 0.0738374 0.0336349 0.164975 0.0305903 0.0660097 0.025928 0.0961958 0.0537806 0.0423112 0.0330828 0.0594032 0.0567835 0.0467472 0.0839527 0.0319664 0.0205078
threshold=34524.625000000007 35230.000000000007 38858.500000000007 29179.625000000004 119.50000000000001 34841.500000000007 40528.500000000007 33198.500000000007 34285.375000000007 31962.250000000004 28740.500000000004 43707.000000000007 43977.625000000007 44261.500000000007 135.50000000000003 46942.500000000007 45451.000000000007 38703.125000000007 38163.750000000007 43564.000000000007 23421511.000000004 36146088.000000007 130.50000000000003 45557.166015625007 39059.000000000007 48442.500000000007 47672.500000000007 47190.000000000007 35524.500000000007 45999.500000000007
decision_type=2 2 2 2 2 2 2 2 2 2 2 2 2 2 2 2 2 2 2 2 2 2 2 2 2 2 2 2 2 2
left_child=1 -1 3 -2 -5 -6 7 8 9 10 -4 17 13 14 -13 16 -14 18 -8 20 -17 -22 -23 24 -21 26 -25 -28 -27 -30
right_child=2 -3 6 4 5 -7 11 -9 -10 -11 -12 12 15 -15 -16 19 -18 -19 -20 23 21 22 -24 25 -26 28 27 -29 29 -31
leaf_value=6.7773574594608943e-05 -0.003837881490642972 0.0054356049298329044 6.7468459361835447e-05 0.0032275152489029133 -0.0050733797795449696 -0.00019243142257134121 -0.0040795718359145066 -0.0022185887141084231 0.0091201967958893099 -0.0037060404873707079 0.0054507979180198167 0.0035014477937861731 0.0037115933756614408 0.0048302558610554443 -0.004515152525855228 0.0069300773739814766 -0.0055385962037333087 -0.0052000896337077674 0.0026188101769158887 -0.00047387319047831832 -0.004332894353534688 -0.00057092221992972652 0.0029814205811514211 0.0050896042241499982 -0.0058219159573868473 -0.0040516801213379954 -0.0028751748319094383 0.0054890681244432931 0.0021538262127987332 -7.0705842229542139e-05
leaf_weight=427 34 23 34 29 24 24 31 27 21 22 20 27 31 33 20 25 51 23 28 90 22 76 60 39 27 20 30 20 42 3120
leaf_count=427 34 23 34 29 24 24 31 27 21 22 20 27 31 33 20 25 51 23 28 90 22 76 60 39 27 20 30 20 42 3120
internal_value=-6.01673e-12 0.000342129 -3.80144e-05 -0.0014709 -0.000425734 -0.00263291 2.36386e-06 0.00130161 0.00228145 0.000391803 0.00206129 -3.98658e-05 5.53285e-06 0.00204543 9.01285e-05 -3.91405e-05 -0.00204157 -0.00210661 -0.000900679 6.84084e-06 0.00116625 0.00025425 0.000996288 -5.57836e-05 -0.00170804 3.31567e-06 0.00249461 0.000470522 -6.63655e-05 -4.1158e-05
internal_weight=4500 450 4050 111 77 48 3939 124 97 76 54 3815 3733 80 47 3653 82 82 59 3571 183 158 136 3388 117 3271 89 50 3182 3162
internal_count=4500 450 4050 111 77 48 3939 124 97 76 54 3815 3733 80 47 3653 82 82 59 3571 183 158 136 3388 117 3271 89 50 3182 3162
is_linear=0
shrinkage=0.1


Tree=61
num_leaves=31
num_cat=0
split_feature=7 9 8 8 9 4 6 1 3 3 8 4 1 1 5 3 10 9 9 9 5 7 7 3 8 3 4 4 9 1
split_gain=0.00590708 0.0229736 0.075541 0.0360462 0.0470568 0.0319328 0.0554265 0.0543781 0.0380103 0.0348888 0.0245754 0.040288 0.0245235 0.0482349 0.0230597 0.0524312 0.0859307 0.0782841 0.0483725 0.0505778 0.0359641 0.0332947 0.0237709 0.039878 0.0270891 0.061526 0.0489803 0.0968871 0.137803 0.0473524
threshold=17402131.000000004 33589.500000000007 28740.500000000004 32389.625000000004 36327.000000000007 27195.000000000004 38925.000000000007 117.50000000000001 44261.500000000007 46905.000000000007 25544.750000000004 27492.500000000004 129.50000000000003 140.50000000000003 52135.000000000007 52700.500000000007 53532.750000000007 42729.250000000007 44323.500000000007 45999.500000000007 50266.000000000007 30765592.000000004 18395507.000000004 66270.500000000015 49039.250000000007 62412.500000000007 48354.500000000007 46704.500000000007 56213.250000000007 132.50000000000003
decision_type=2 2 2 2 2 2 2 2 2 2 2 2 2 2 2 2 2 2 2 2 2 2 2 2 2 2 2 2 2 2
left_child=-1 2 -2 10 -5 7 -7 -6 -8 -10 -3 -12 -9 -14 20 16 -16 -17 -19 -20 21 -11 23 -21 -24 26 27 28 -26 -28
right_child=1 3 -4 4 5 6 8 12 9 14 11 -13 13 -15 15 17 -18 18 19 22 -22 -23 24 -25 25 -27 29 -29 -30 -31
leaf_value=-0.0001568246930242406 0.00045548309053579356 0.00087917889950090442 0.0067879246625428399 0.0048007462378813048 0.0056322547503643572 -0.0049092392032237158 0.0040688670604773196 -0.0018153477235076329 -0.003244945596000462 0.0020876885805692939 -0.0036290971916431271 0.0011865967520229195 0.0052034520459446039 -0.0014184750182638791 -0.0061695079045260663 0.0061201442498713737 0.0020911852899007499 -0.004302205696988564 0.0041851390273599277 -0.0046554911050147247 0.003934138540276572 -0.0032954996451735499 -0.00085397035085858677 0.0011909745400771499 0.0074379502671945378 1.458651117139439e-05 0.0080826414222626587 -0.0041200418292579276 -0.00270985145926597 0.0017954351995140316
leaf_weight=1566 183 29 21 21 27 23 23 30 33 27 71 23 22 22 34 21 20 26 29 28 38 20 298 20 32 1715 23 27 23 25
leaf_count=1566 183 29 21 21 27 23 23 30 33 27 71 23 22 22 34 21 20 26 29 28 38 20 298 20 32 1715 23 27 23 25
internal_value=-2.8542e-13 8.3704e-05 0.00110735 7.21159e-06 8.61395e-05 4.78538e-05 -2.29899e-05 0.00179089 2.26574e-05 -1.54987e-05 -0.00166567 -0.00245079 0.000389312 0.00189249 2.87954e-05 -3.04494e-05 -0.00310999 4.29054e-05 -1.39165e-05 3.63067e-05 0.00164653 -0.00020303 -1.86071e-05 -0.00221946 3.06888e-05 0.000173577 0.00227103 0.000785935 0.00319432 0.00480805
internal_weight=4500 2934 204 2730 2607 2586 2485 101 2462 2439 123 94 74 44 2406 2321 54 2267 2246 2220 85 47 2191 48 2143 1845 130 82 55 48
internal_count=4500 2934 204 2730 2607 2586 2485 101 2462 2439 123 94 74 44 2406 2321 54 2267 2246 2220 85 47 2191 48 2143 1845 130 82 55 48
is_linear=0
shrinkage=0.1


Tree=62
num_leaves=31
num_cat=0
split_feature=7 1 7 3 1 1 10 4 4 7 10 9 4 7 1 7 1 3 1 4 9 1 1 1 10 1 4 8 9 7
split_gain=0.00567454 0.0306619 0.0193759 0.0150717 0.0108287 0.0202192 0.0221493 0.0194498 0.02011 0.014149 0.0631563 0.0441518 0.0442589 0.042459 0.0563598 0.0211244 0.0248788 0.0205378 0.0415228 0.0170054 0.0312806 0.0281757 0.0170991 0.0386826 0.0175077 0.0165312 0.0165808 0.0357849 0.0459715 0.0319475
threshold=613337.40625000012 114.50000000000001 993954.50000000012 12603.500000000002 76.500000000000014 85.500000000000014 27027.250000000004 5642.0000000000009 7219.0000000000009 3234705.2500000005 59134.750000000007 54385.750000000007 45981.500000000007 2507498.3750000005 127.50000000000001 3752307.5000000005 126.50000000000001 42885.500000000007 115.50000000000001 11114.000000000002 42729.250000000007 119.50000000000001 92.500000000000014 94.500000000000014 49793.375000000007 97.500000000000014 19125.000000000004 27230.125000000004 30383.000000000004 11359453.500000002
decision_type=2 2 2 2 2 2 2 2 2 2 2 2 2 2 2 2 2 2 2 2 2 2 2 2 2 2 2 2 2 2
left_child=1 3 -2 -1 -4 6 -6 -7 -9 10 11 12 13 17 -15 16 -11 18 -10 20 21 -17 24 -24 -21 -25 -27 29 -29 -28
right_child=2 -3 4 -5 5 7 -8 8 9 15 -12 -13 -14 14 -16 19 -18 -19 -20 22 -22 -23 23 25 -26 26 27 28 -30 -31
leaf_value=0.00097598023479804395 -0.0023248256404056317 0.003187852600240149 0.0018670068648193154 -0.0029062536312267186 0.00010430914394202688 -0.0027685552127659323 -0.0044885710771528208 0.0026532377247349363 0.0050989361215172157 -0.0048051632335409525 -0.001918271496253965 0.0060576509750847312 -0.0025899606434485085 0.00086636422836983747 0.0080243075033649813 -0.0020803149603307249 -0.00028135830446356731 -0.0021945209428668021 -0.00039228309877216818 0.0039769376247105279 -0.0047648583139692042 0.0023682849750912283 -0.0041809180878441439 0.0022876822564285248 -5.9769995000568174e-05 0.0010182200772537581 -0.0046639135635147501 0.0042021029588515659 -1.8283916657297957e-05 -0.00068874341968987738
leaf_weight=20 36 32 31 20 21 25 21 29 21 20 64 21 26 22 22 35 31 20 40 22 21 24 22 32 21 155 30 26 3528 62
leaf_count=20 36 32 31 20 21 25 21 29 21 20 64 21 26 22 22 35 31 20 40 22 21 24 22 32 21 155 30 26 3528 62
internal_value=-5.95901e-12 0.000880636 -1.43193e-05 -0.000965137 4.61928e-06 -8.61943e-06 -0.00219213 1.26141e-05 2.88063e-05 1.09613e-05 0.00076353 0.00176141 0.00116392 0.00194473 0.00444534 -3.31206e-05 -0.0020554 0.000586369 0.00149814 -7.19394e-06 -0.00145043 -0.000270715 2.2426e-05 3.05906e-07 0.00200552 2.43046e-05 5.24957e-06 -3.78142e-05 1.25912e-05 -0.00198499
internal_weight=4500 72 4428 40 4392 4361 42 4319 4294 4265 236 172 151 125 44 4029 51 81 61 3978 80 59 3898 3855 43 3833 3801 3646 3554 92
internal_count=4500 72 4428 40 4392 4361 42 4319 4294 4265 236 172 151 125 44 4029 51 81 61 3978 80 59 3898 3855 43 3833 3801 3646 3554 92
is_linear=0
shrinkage=0.1


Tree=63
num_leaves=31
num_cat=0
split_feature=4 4 8 1 1 4 9 10 8 4 6 8 7 9 6 9 4 9 5 8 1 5 1 5 9 4 9 8 6 6
split_gain=0.00547905 0.0349452 0.0166329 0.0313264 0.0278337 0.0205049 0.0148907 0.0119413 0.0362863 0.0367421 0.0244793 0.0343776 0.029249 0.0398576 0.0292287 0.0281676 0.0483777 0.0309734 0.0277499 0.0331157 0.0526848 0.0480501 0.047062 0.0319214 0.0234193 0.0347261 0.0289225 0.0451205 0.0402098 0.0376445
threshold=9073.0000000000018 11114.000000000002 21972.500000000004 107.50000000000001 81.500000000000014 6391.0000000000009 13799.000000000002 16933.750000000004 16700.250000000004 15186.000000000002 22619.833984375004 24572.125000000004 11359453.500000002 26355.000000000004 21310.583984375004 30383.000000000004 26339.500000000004 28904.500000000004 33793.000000000007 29179.625000000004 123.50000000000001 37430.500000000007 124.50000000000001 38858.500000000007 36327.000000000007 28653.500000000004 37819.500000000007 34285.375000000007 38255.250000000007 39353.750000000007
decision_type=2 2 2 2 2 2 2 2 2 2 2 2 2 2 2 2 2 2 2 2 2 2 2 2 2 2 2 2 2 2
left_child=2 6 3 4 -1 -6 -2 -3 -9 -10 14 12 -12 -14 -11 16 17 -13 -17 20 -20 22 -21 -23 25 -25 27 -26 -28 -30
right_child=1 7 -4 -5 5 -7 -8 8 9 10 11 15 13 -15 -16 18 -18 -19 19 21 -22 23 -24 24 26 -27 28 -29 29 -31
leaf_value=0.002738757701202606 -0.0044759982984270098 0.0023904498311735339 -0.0014881644343646865 0.0034129178429429885 -0.0031992476549930872 0.00088040484750474043 -0.0011177729169327406 -0.0030764021224489336 0.0026954610932472291 -4.965268428726443e-05 -0.0044101315608713774 0.0020290928716814624 0.0023207686990499498 -0.0031726749347788952 0.0046162153929471973 -0.0032878244163629675 0.005486922390758992 -0.0022923337312898153 -0.0053093461583678921 -9.3927185820496601e-05 0.00056915042462811298 -0.0028232596744783224 0.006173969572409988 -0.00077560851350426678 -0.0060864786908496173 0.0035335462985353339 0.0032942254297636652 -6.7082572389732704e-05 -0.0035468009300529957 1.0322976230068237e-05
leaf_weight=24 23 21 30 40 28 22 31 38 51 29 32 43 25 28 25 26 25 27 30 23 31 40 25 32 20 45 37 33 30 3586
leaf_count=24 23 21 30 40 28 22 31 38 51 29 32 43 25 28 25 26 25 27 30 23 31 40 25 32 20 45 37 33 30 3586
internal_value=-9.70936e-13 -2.00624e-05 0.000606888 0.00115822 -6.05384e-05 -0.0014042 -0.00254813 1.16706e-05 1.75955e-09 2.75538e-05 -4.90403e-06 -3.25092e-05 -0.00202282 -0.000581428 0.00211047 9.23186e-06 0.00171085 0.000362257 -3.16105e-05 -1.00791e-05 -0.00232191 2.63513e-05 0.0031706 -1.31266e-05 1.65867e-05 0.00174273 -1.92776e-05 -0.00233855 1.43719e-05 -1.91886e-05
internal_weight=4500 4356 144 114 74 50 54 4302 4281 4243 4192 4138 85 53 54 4053 95 70 3958 3932 61 3871 48 3823 3783 77 3706 53 3653 3616
internal_count=4500 4356 144 114 74 50 54 4302 4281 4243 4192 4138 85 53 54 4053 95 70 3958 3932 61 3871 48 3823 3783 77 3706 53 3653 3616
is_linear=0
shrinkage=0.1


Tree=64
num_leaves=31
num_cat=0
split_feature=10 3 4 7 5 4 3 3 6 7 7 3 9 5 10 10 4 4 9 6 6 1 8 1 8 3 3 9 6 7
split_gain=0.00540787 0.0253596 0.016457 0.0157186 0.0130069 0.00618858 0.0238691 0.0188563 0.0346785 0.017866 0.0153651 0.0260567 0.0198763 0.00894744 0.0461365 0.0329282 0.0376364 0.0418146 0.059033 0.0295986 0.0470618 0.0235805 0.0665751 0.0329031 0.0244255 0.0225858 0.0459078 0.0183105 0.0181481 0.0177688
threshold=118219.00000000001 116334.50000000001 89820.500000000015 154096640.00000003 112423.00000000001 76238.000000000015 107349.50000000001 83019.000000000015 84700.082031250015 79871048.000000015 19227031.000000004 93563.500000000015 93951.500000000015 88943.000000000015 85977.125000000015 91122.500000000015 67794.000000000015 71280.500000000015 84354.500000000015 81554.164062500015 79623.250000000015 132.50000000000003 65822.875000000015 139.50000000000003 59113.625000000007 86053.500000000015 85462.000000000015 76207.750000000015 72498.500000000015 165453440.00000003
decision_type=2 2 2 2 2 2 2 2 2 2 2 2 2 2 2 2 2 2 2 2 2 2 2 2 2 2 2 2 2 2
left_child=1 4 -2 -4 5 6 13 -7 -9 10 -10 -12 -13 14 25 19 29 -18 -19 20 21 22 24 -23 -15 26 -1 28 -27 -17
right_child=2 -3 3 -5 -6 7 -8 8 9 -11 11 12 -14 15 -16 16 17 18 -20 -21 -22 23 -24 -25 -26 27 -28 -29 -30 -31
leaf_value=4.5588551292004637e-06 -0.0028020594044829961 0.0027753746323993037 -0.001533399467423026 0.0023837869800627234 -0.0019554727245122195 0.0024281684588640931 0.0029456073717613307 -0.0042786097191274165 -0.0010223438284533511 -0.0022298272797151618 0.0041328943600612029 -0.001224135153177308 0.0025590846226328894 0.0032318530022166672 -0.0033266038849389932 -0.0039176064019557089 0.0037403766274158113 -0.0045856171372261915 0.0021018317847681994 0.0046487685364599417 -0.0035136929160216827 -0.0026405442364351907 0.0078269563242793078 0.0022865584726925151 -0.0017103601252892989 0.0024836053785223227 -0.0040603194003259501 0.0043658694159239529 -0.0015231517655774952 -0.00088470319763409217
leaf_weight=3598 27 33 21 20 34 20 28 25 59 38 21 41 21 20 42 24 38 22 33 26 20 23 20 33 20 26 28 20 20 99
leaf_count=3598 27 33 21 20 34 20 28 25 59 38 21 41 21 20 42 24 38 22 33 26 20 23 20 33 20 26 28 20 20 99
internal_value=1.0023e-11 1.35788e-05 -0.000885018 0.000377423 -7.13936e-06 8.03666e-06 3.57951e-05 -0.000502718 -0.000788658 -0.000303943 0.000211435 0.00108846 5.7278e-05 1.59812e-05 -3.09522e-05 0.000479603 -0.00032869 0.00118937 -0.000573148 0.00155733 0.000966316 0.00173873 0.00311615 0.000262927 0.000760746 6.53898e-06 -2.68302e-05 0.00183982 0.000741537 -0.00147649
internal_weight=4500 4432 68 41 4399 4365 4140 225 205 180 142 83 62 4112 3734 378 216 93 55 162 136 116 60 56 40 3692 3626 66 46 123
internal_count=4500 4432 68 41 4399 4365 4140 225 205 180 142 83 62 4112 3734 378 216 93 55 162 136 116 60 56 40 3692 3626 66 46 123
is_linear=0
shrinkage=0.1


Tree=65
num_leaves=31
num_cat=0
split_feature=1 1 7 4 7 7 4 4 7 10 9 4 5 3 9 7 1 4 4 9 1 1 1 1 3 9 7 10 7 7
split_gain=0.00511498 0.0269882 0.0320727 0.0218877 0.0147488 0.015974 0.0157085 0.0156995 0.0119343 0.0512735 0.0354535 0.0362561 0.0401368 0.0318485 0.0253752 0.0171315 0.0199941 0.0143612 0.0123078 0.0251018 0.020047 0.0139841 0.0293619 0.0148851 0.0321553 0.0468414 0.0377515 0.0563796 0.0448834 0.0769991
threshold=87.500000000000014 81.500000000000014 6960094.2500000009 18480.500000000004 613337.40625000012 993954.50000000012 5642.0000000000009 7219.0000000000009 3234705.2500000005 59134.750000000007 54385.750000000007 45981.500000000007 44871.000000000007 33945.000000000007 26891.250000000004 3752307.5000000005 126.50000000000001 63560.000000000007 11114.000000000002 42729.250000000007 119.50000000000001 92.500000000000014 94.500000000000014 122.50000000000001 22800.500000000004 24314.750000000004 7308108.0000000009 52711.250000000007 30293424.000000004 34143218.000000007
decision_type=2 2 2 2 2 2 2 2 2 2 2 2 2 2 2 2 2 2 2 2 2 2 2 2 2 2 2 2 2 2
left_child=1 2 -1 -3 -2 -6 -7 -8 9 10 11 12 13 14 -9 16 -10 -11 19 20 -17 -20 -23 24 -24 -26 27 -27 -28 -30
right_child=4 3 -4 -5 5 6 7 8 15 17 -12 -13 -14 -15 -16 18 -18 -19 21 -21 -22 22 23 -25 25 26 28 -29 29 -31
leaf_value=-0.0017295593837404562 0.0016143501360426872 -0.0050385200325399641 0.0028970540012984028 -0.00046765788627619096 -0.0022666292235014904 -0.0024878709390759469 0.0023449357227695272 0.00061061275254532289 -0.0043164800782687961 -0.0038584812233845391 0.0054503974856786614 -0.0023324528458313304 0.0051070423264588626 -0.001498368410141887 0.0048403737540154354 -0.0017319610643693629 -0.00026102385168234188 -0.00066811038820116335 0.0020080783354491619 -0.0042049602294961614 0.0020428377039934278 -0.0036426646550270642 0.0043310413090512159 -9.2291496820501434e-05 -0.0037496815768203566 0.00017877413435295848 -0.00072145154824928778 0.0054139206160066858 0.0051812294688126127 0.00043983272080604644
leaf_weight=29 57 20 31 22 31 25 29 37 20 21 21 26 28 37 23 34 31 43 35 21 24 22 20 2880 28 48 323 36 37 461
leaf_count=29 57 20 31 22 31 25 29 37 20 21 21 26 28 37 23 34 31 43 35 21 24 22 20 2880 28 48 323 36 37 461
internal_value=7.4809e-12 -0.000700073 0.000660858 -0.00264426 1.62363e-05 -4.74787e-06 1.15209e-05 2.61031e-05 1.03028e-05 0.000701426 0.00160054 0.00106513 0.00177183 0.000809089 0.00223202 -3.02706e-05 -0.0018514 -0.00171495 -6.86988e-06 -0.00124257 -0.000169975 1.82252e-05 1.59127e-07 2.10676e-05 0.000363643 0.000278597 0.000403229 0.00242241 0.000196638 0.000792105
internal_weight=4500 102 60 42 4398 4341 4310 4285 4256 236 172 151 125 97 60 4020 51 64 3969 79 58 3890 3855 3833 953 933 905 84 821 498
internal_count=4500 102 60 42 4398 4341 4310 4285 4256 236 172 151 125 97 60 4020 51 64 3969 79 58 3890 3855 3833 953 933 905 84 821 498
is_linear=0
shrinkage=0.1


Tree=66
num_leaves=31
num_cat=0
split_feature=3 4 6 3 3 10 5 3 9 1 4 7 7 1 1 7 9 5 9 7 1 1 3 7 7 6 10 5 7 4
split_gain=0.00559532 0.0149059 0.00936461 0.00952378 0.0151919 0.0104603 0.0171026 0.0467075 0.0384311 0.0231431 0.0138994 0.0102235 0.0290964 0.0444498 0.0868635 0.0215761 0.0306739 0.0419196 0.0492099 0.0172755 0.0307085 0.0232268 0.0245315 0.0121386 0.0703483 0.0201898 0.0666049 0.0486236 0.0506832 0.0374179
threshold=12603.500000000002 6391.0000000000009 12959.416503906252 15558.000000000002 18829.000000000004 23793.500000000004 29099.000000000004 28726.500000000004 25212.250000000004 117.50000000000001 14559.000000000002 1971850.1875000002 2994539.0000000005 138.50000000000003 129.50000000000003 4392085.0000000009 39585.500000000007 53112.500000000007 56955.500000000007 485540.96875000006 138.50000000000003 119.50000000000001 54735.500000000007 6178492.2500000009 6582235.5000000009 51386.083984375007 49235.500000000007 65627.500000000015 5308571.5000000009 55004.500000000007
decision_type=2 2 2 2 2 2 2 2 2 2 2 2 2 2 2 2 2 2 2 2 2 2 2 2 2 2 2 2 2 2
left_child=1 -1 -2 -4 -5 10 8 -8 9 -7 -6 19 13 14 -13 16 -14 -18 -19 -9 21 -21 -23 25 -25 26 -17 29 -29 -27
right_child=2 -3 3 4 5 6 7 11 -10 -11 -12 12 15 -15 -16 23 17 18 -20 20 -22 22 -24 24 -26 27 -28 28 -30 -31
leaf_value=-0.00052494615996004769 -0.0019064730391479456 0.0023538472400312978 0.0021741700152051635 -0.0023348347450207387 -0.00028391671457939083 -0.0017731352954318649 0.0040818116228495327 0.0015606186692214883 -0.0050180039114572786 0.002055941425539829 0.0025804319561252165 0.00054564757056806872 -0.0047931694780432047 -0.0020075464642352681 0.0084544882843536999 0.0016142943192300246 0.0023567318535325202 -0.0058982216329737146 -0.0002874196318400748 -0.00045163414701271588 0.0012737897324240617 -0.0059238840467654742 -0.0012654525064863264 -0.0053081344345118856 1.4751397975788295e-05 0.0013279276444915344 -0.0048484662036492451 0.0023881450571934695 -0.0042029691115021712 0.0071602736430411984
leaf_weight=37 26 35 20 28 32 38 28 24 22 27 36 41 21 22 21 52 33 22 54 34 31 26 20 25 3630 22 23 28 20 22
leaf_count=37 26 35 20 28 32 38 28 24 22 27 36 41 21 22 21 52 33 22 54 34 31 26 20 25 3630 22 23 28 20 22
internal_value=-4.18392e-12 0.000874467 -1.4219e-05 -3.04256e-06 -1.29796e-05 1.95191e-06 -1.75715e-05 1.1182e-05 -0.00140534 -0.000182596 0.0012325 -1.61442e-05 1.2489e-05 0.00185416 0.00322445 -2.66559e-05 -0.00129358 -0.000619352 -0.0019116 -0.000872172 -0.00139818 -0.00243357 -0.00389848 1.64369e-05 -2.16568e-05 0.000850166 -0.000367619 0.00184293 -0.000358153 0.0042441
internal_weight=4500 72 4428 4402 4382 4354 4286 4199 87 65 68 4171 4036 84 62 3952 130 109 76 135 111 80 46 3822 3655 167 75 92 48 44
internal_count=4500 72 4428 4402 4382 4354 4286 4199 87 65 68 4171 4036 84 62 3952 130 109 76 135 111 80 46 3822 3655 167 75 92 48 44
is_linear=0
shrinkage=0.1


Tree=67
num_leaves=31
num_cat=0
split_feature=4 4 8 1 1 4 9 10 8 4 10 8 8 5 9 9 4 9 5 8 1 5 1 5 9 6 6 1 10 6
split_gain=0.00580389 0.0254707 0.012741 0.0228061 0.0216336 0.0171072 0.0125689 0.00881174 0.0288503 0.0297496 0.0119771 0.0123689 0.0342298 0.023074 0.0414413 0.0227062 0.0348815 0.0265688 0.0259371 0.0269757 0.0424042 0.038438 0.0378542 0.0232691 0.0183122 0.0333409 0.0609143 0.0284695 0.0363948 0.0195316
threshold=9073.0000000000018 11114.000000000002 21972.500000000004 107.50000000000001 85.500000000000014 6391.0000000000009 13799.000000000002 16933.750000000004 16700.250000000004 14559.000000000002 23793.500000000004 24572.125000000004 19970.875000000004 27557.000000000004 26355.000000000004 30383.000000000004 26339.500000000004 28904.500000000004 33793.000000000007 29179.625000000004 123.50000000000001 37430.500000000007 124.50000000000001 38858.500000000007 36792.750000000007 37429.417968750007 37981.333984375007 128.50000000000003 40169.125000000007 39353.750000000007
decision_type=2 2 2 2 2 2 2 2 2 2 2 2 2 2 2 2 2 2 2 2 2 2 2 2 2 2 2 2 2 2
left_child=2 6 3 4 -1 -6 -2 -3 -9 -10 -11 12 -12 -14 -15 16 17 -13 -17 20 -20 22 -21 -23 27 -26 -27 28 -25 -28
right_child=1 7 -4 -5 5 -7 -8 8 9 10 11 15 13 14 -16 18 -18 -19 19 21 -22 23 -24 24 25 26 29 -29 -30 -31
leaf_value=0.0019730923977587019 -0.0039501674541616407 0.0020498679431122063 -0.0012090151648347577 0.0030309497562120667 -0.0034601267338508651 0.00062641864875331529 -0.00086484448308305406 -0.0027467150510729929 0.0027016373050240119 0.0018369797643806253 0.0021037754426987913 0.001934165784785914 -0.0044564809167274731 0.0023706690084351147 -0.0031253811300677413 -0.0031769777804863857 0.0047419028133153917 -0.0020682193054300216 -0.0047748193175842363 -9.0826711738887039e-05 0.00049903150633796151 -0.0024098010943271221 0.0055305643705651168 0.0061472711951604912 -0.0033390856161713599 0.0051383800675545866 -0.0019298164911989897 -0.00075608902178438651 0.00075551070678498474 3.9753812954169432e-06
leaf_weight=33 23 21 30 40 21 20 31 38 41 35 26 43 27 23 34 26 25 27 30 23 31 40 25 21 30 23 53 35 31 3594
leaf_count=33 23 21 30 40 21 20 31 38 41 35 26 43 27 23 34 26 25 27 30 23 31 40 25 21 30 23 53 35 31 3594
internal_value=-4.06378e-12 -2.06486e-05 0.00062462 0.00110716 6.7267e-05 -0.00146669 -0.00217896 6.44322e-06 -3.58059e-06 2.09867e-05 -5.16908e-06 -2.06419e-05 -0.00106695 -0.00204836 -0.000907677 7.72729e-06 0.00153552 0.000390389 -2.89059e-05 -8.1107e-06 -0.00209467 2.47357e-05 0.00283698 -1.05368e-05 1.48053e-05 -1.89142e-05 8.22615e-06 0.00144886 0.00293295 -2.41274e-05
internal_weight=4500 4356 144 114 74 41 54 4302 4281 4243 4202 4167 110 84 57 4057 95 70 3962 3936 61 3875 48 3827 3787 3700 3670 87 52 3647
internal_count=4500 4356 144 114 74 41 54 4302 4281 4243 4202 4167 110 84 57 4057 95 70 3962 3936 61 3875 48 3827 3787 3700 3670 87 52 3647
is_linear=0
shrinkage=0.1


Tree=68
num_leaves=31
num_cat=0
split_feature=1 1 10 10 3 3 5 7 4 10 5 10 3 3 6 10 8 4 4 1 1 8 7 7 7 7 7 7 7 8
split_gain=0.00535465 0.0328982 0.0343446 0.0885956 0.0241433 0.0216851 0.0467922 0.0203884 0.0325113 0.0546084 0.0201021 0.0547173 0.0383122 0.032453 0.0727085 0.0384882 0.0276576 0.0674624 0.048671 0.0236231 0.0197183 0.0178967 0.0175803 0.0532497 0.048687 0.0417387 0.0379042 0.0293749 0.0234422 0.0215311
threshold=144.50000000000003 141.50000000000003 45083.500000000007 49235.500000000007 38048.500000000007 53021.500000000007 60190.500000000007 94714144.000000015 52345.000000000007 69405.875000000015 54481.000000000007 50331.375000000007 55826.000000000007 61964.500000000007 56396.750000000007 65215.250000000007 52643.125000000007 54586.500000000007 42179.500000000007 148.50000000000003 143.50000000000003 56093.250000000007 62310446.000000007 57399144.000000007 54085308.000000007 75984728.000000015 73782332.000000015 60309418.000000007 70404140.000000015 52029.000000000007
decision_type=2 2 2 2 2 2 2 2 2 2 2 2 2 2 2 2 2 2 2 2 2 2 2 2 2 2 2 2 2 2
left_child=1 22 4 -4 -3 -5 -7 8 -8 -10 11 -2 -12 16 -15 21 18 -18 -14 -13 -11 -16 23 24 -1 26 28 -25 -24 -26
right_child=10 2 3 5 -6 6 7 -9 9 20 12 19 13 14 15 -17 17 -19 -20 -21 -22 -23 25 27 29 -27 -28 -29 -30 -31
leaf_value=-9.9635317679986881e-05 9.605288768608052e-05 -0.0009242246515350416 -0.0076655250973999504 0.001887347973883152 0.0038264358780630264 -0.0054942389646464073 0.0034543505255979576 -0.002217512147483201 -0.0040633634278284658 0.0014777410895366111 -0.0030399705453489265 0.0020179530931636693 -5.0337866414338348e-05 -0.0048093825864094879 0.0051434892717571491 -8.9758490127043284e-05 -0.0036153093911707405 0.004130410566523841 0.0065113030194949642 0.0068783138971775766 -0.001922371940789795 0.0010149971803738958 0.0019721720457614752 -0.004453417219134957 0.0051516562011092899 0.00010428614932587581 0.005315603859176358 -0.00029139930681724638 -0.00082319214301865686 0.00091210981911939127
leaf_weight=2171 104 20 21 25 23 23 22 65 35 66 39 20 20 31 21 438 23 22 26 20 23 21 105 43 25 929 26 28 42 23
leaf_count=2171 104 20 21 25 23 23 22 65 35 66 39 20 20 31 21 438 23 22 26 20 23 21 105 43 25 929 26 28 42 23
internal_value=-1.39383e-12 -5.01435e-05 -0.00101449 -0.00141858 0.00161683 -0.000912076 -0.00121116 -0.000744284 -8.83949e-05 -0.000716946 0.000237303 0.00130496 -2.54552e-06 0.000194231 -0.00011561 0.000187529 0.00193411 0.000171487 0.00365842 0.00444813 0.00059906 0.00307924 4.16855e-05 -0.000116242 -2.99857e-05 0.000369865 0.00179601 -0.00281206 0.0011735 0.00312021
internal_weight=4500 3715 323 280 43 259 234 211 146 124 785 144 641 602 511 480 91 45 46 40 89 42 3392 2290 2219 1102 173 71 147 48
internal_count=4500 3715 323 280 43 259 234 211 146 124 785 144 641 602 511 480 91 45 46 40 89 42 3392 2290 2219 1102 173 71 147 48
is_linear=0
shrinkage=0.1


Tree=69
num_leaves=31
num_cat=0
split_feature=4 9 1 1 1 5 5 9 4 5 6 6 5 1 7 7 1 1 3 1 10 5 9 9 4 7 1 7 10 10
split_gain=0.00496638 0.0218186 0.0178747 0.0179358 0.015571 0.024536 0.0555409 0.043619 0.0865133 0.0361288 0.0630302 0.027861 0.0231066 0.0228922 0.024047 0.0363514 0.0172703 0.024533 0.0252078 0.0239464 0.0427955 0.104382 0.0284896 0.0416486 0.0395128 0.0141959 0.0650358 0.0604897 0.0143311 0.0413024
threshold=9073.0000000000018 12819.750000000002 85.500000000000014 77.500000000000014 101.50000000000001 67824.000000000015 75483.000000000015 38163.750000000007 25900.500000000004 53112.500000000007 50996.583984375007 25147.333007812504 22776.500000000004 104.50000000000001 27194107.000000004 11000444.000000002 105.50000000000001 107.50000000000001 63970.000000000007 112.50000000000001 43977.625000000007 53377.000000000007 56690.250000000007 77864.250000000015 60745.500000000007 1138432.2500000002 131.50000000000003 1481926.0625000002 27027.250000000004 31951.250000000004
decision_type=2 2 2 2 2 2 2 2 2 2 2 2 2 2 2 2 2 2 2 2 2 2 2 2 2 2 2 2 2 2
left_child=-1 -2 3 -3 5 7 -7 8 11 -9 -11 12 -4 14 15 -6 -15 18 -18 20 -19 -22 -23 24 -24 26 -21 -27 -29 -30
right_child=1 2 4 -5 13 6 -8 9 -10 10 -12 -13 -14 16 -16 -17 17 19 -20 25 21 22 23 -25 -26 27 -28 28 29 -31
leaf_value=0.00057779841533071408 -0.0031603544262576509 8.0119325474907574e-05 0.0028214275208301842 -0.0035673480148294143 -0.00057008188838760063 -0.005084065403789282 0.0019253803488726799 0.0070274451654404411 -0.0053547121870162135 -0.0020358077405641479 0.0056234628829935733 0.004800111631100828 -0.0019279374430576962 0.0023258058303326835 0.00021264869971452535 -0.0062671495756755277 -0.0048605853691697128 0.0040264157229103151 3.9147525759679936e-05 0.0046126003842800857 -0.0061868836216273761 0.0036750462476331266 0.0011741003692697953 0.0038251863755285743 -0.0040629343782202345 -0.0055472952022682879 -0.0014555538745633769 -0.0014602384563751412 0.002689217248033466 -4.8014041926633909e-05
leaf_weight=144 22 26 20 28 24 20 26 20 22 21 22 22 21 32 37 21 21 40 21 33 21 39 34 25 25 20 38 69 56 3530
leaf_count=144 22 26 20 28 24 20 26 20 22 21 22 22 21 32 37 21 21 40 21 33 21 39 34 25 25 20 38 69 56 3530
internal_value=-6.29238e-12 -1.91008e-05 -3.15533e-06 -0.00181116 1.96559e-05 0.000895012 -0.0011222 0.00152198 4.40077e-05 0.00351608 0.00188289 0.00192927 0.000388826 -2.19053e-05 -0.0016759 -0.00322871 1.19678e-05 -6.67336e-06 -0.00241072 1.90187e-05 0.0011328 0.000329014 0.00144148 0.000404473 -0.00104498 -3.5689e-05 0.00136486 -6.27471e-05 -3.27359e-05 -5.26866e-06
internal_weight=4500 4356 4334 54 4280 194 46 148 85 63 43 63 41 4086 82 45 4004 3972 42 3930 184 144 123 84 59 3746 71 3675 3655 3586
internal_count=4500 4356 4334 54 4280 194 46 148 85 63 43 63 41 4086 82 45 4004 3972 42 3930 184 144 123 84 59 3746 71 3675 3655 3586
is_linear=0
shrinkage=0.1


Tree=70
num_leaves=31
num_cat=0
split_feature=10 3 8 3 5 9 3 7 5 10 7 7 7 8 3 10 4 3 4 1 1 10 4 9 5 3 9 8 1 8
split_gain=0.00481013 0.0205296 0.0140406 0.0118616 0.0108949 0.00610406 0.0207991 0.0149773 0.0113616 0.0131138 0.0139743 0.0138551 0.017954 0.0115341 0.0111172 0.0148663 0.0139402 0.0191689 0.00941484 0.00810134 0.0199798 0.0469972 0.0463391 0.0388283 0.0454947 0.0291448 0.0202138 0.0234537 0.019778 0.0174286
threshold=118219.00000000001 116334.50000000001 95528.500000000015 131260.50000000003 112423.00000000001 96606.500000000015 107349.50000000001 75984728.000000015 103952.00000000001 99039.625000000015 483648496.00000006 390324832.00000006 346919152.00000006 40528.125000000007 97353.000000000015 94547.750000000015 65804.000000000015 99160.500000000015 65119.000000000007 144.50000000000003 142.50000000000003 78617.125000000015 56869.000000000007 48594.750000000007 45364.500000000007 57224.500000000007 81939.750000000015 77641.500000000015 143.50000000000003 81369.250000000015
decision_type=2 2 2 2 2 2 2 2 2 2 2 2 2 2 2 2 2 2 2 2 2 2 2 2 2 2 2 2 2 2
left_child=1 4 -2 -4 5 6 8 -7 9 10 11 12 14 -12 15 19 -16 -18 -10 20 26 22 23 24 -22 -25 27 -1 -27 -28
right_child=2 -3 3 -5 -6 7 -8 -9 18 -11 13 -13 -14 -15 16 -17 17 -19 -20 -21 21 -23 -24 25 -26 28 29 -29 -30 -31
leaf_value=2.0540759907115599e-05 -0.0029843750073701987 0.0024977128017891312 -0.0014969660590370792 0.0016810068977065385 -0.0017889798829641866 0.00047360915507722114 0.0023198016178913607 -0.0029703591590868714 -0.0031295411820922584 0.0020332639564003331 -3.6003914428874852e-05 -0.0020281868069158757 0.0027849300233039843 0.0031858989205211402 -0.002881289812115332 0.0024382193405181173 -0.001932340649267038 0.0017774181189731911 -0.00020094723734908495 0.00030416576216741177 0.00033404217323377021 0.0021548182399581291 -0.0055370099825917613 0.0037105726171284916 -0.0058232504292391246 -0.0025783494809210033 -0.002151677861402277 0.0031594005471561105 0.0013792618425846424 -6.4301542865905501e-05
leaf_weight=2930 21 33 23 24 34 28 39 23 21 32 20 34 23 25 30 25 30 26 23 688 21 36 28 20 28 28 80 24 23 80
leaf_count=2930 21 33 23 24 34 28 39 23 21 32 20 34 23 25 30 25 30 26 23 688 21 36 28 20 28 28 80 24 23 80
internal_value=-4.9213e-12 1.28064e-05 -0.000834675 0.000125829 -5.83465e-06 8.05469e-06 2.09124e-05 -0.00107955 -5.99669e-08 1.65648e-05 1.19584e-06 -1.77915e-05 -1.2009e-06 0.00175394 -1.68419e-05 7.27872e-06 -0.00114181 -0.000209953 -0.00159869 -7.96802e-06 -7.30826e-05 -0.00108564 -0.00187386 -0.00101913 -0.00318441 0.000475221 -1.32525e-05 4.60427e-05 -0.000793544 -0.00110799
internal_weight=4500 4432 68 47 4399 4365 4314 51 4275 4231 4199 4154 4120 45 4097 4011 86 56 44 3986 3298 184 148 120 49 71 3114 2954 51 160
internal_count=4500 4432 68 47 4399 4365 4314 51 4275 4231 4199 4154 4120 45 4097 4011 86 56 44 3986 3298 184 148 120 49 71 3114 2954 51 160
is_linear=0
shrinkage=0.1


Tree=71
num_leaves=31
num_cat=0
split_feature=1 9 8 7 10 1 1 10 10 3 7 3 4 1 4 6 9 5 5 10 5 5 1 1 8 8 8 4 7 7
split_gain=0.00486923 0.0278111 0.0346341 0.0114839 0.0108778 0.00807069 0.0232084 0.0265618 0.0652734 0.0201882 0.0201084 0.0225516 0.0705342 0.0706208 0.0569007 0.0508911 0.037477 0.0298865 0.0455793 0.0282323 0.0356383 0.0318113 0.0241825 0.0254481 0.0241193 0.0409757 0.0198551 0.0346257 0.0319292 0.0174684
threshold=153.50000000000003 53344.250000000007 55966.125000000007 20252793.000000004 86548.125000000015 144.50000000000003 141.50000000000003 45083.500000000007 49235.500000000007 38048.500000000007 2345991.8750000005 60308.000000000007 40617.500000000007 146.50000000000003 47146.000000000007 55938.582031250007 58262.250000000007 66261.500000000015 70653.500000000015 71421.625000000015 78117.500000000015 74869.000000000015 149.50000000000003 147.50000000000003 36429.875000000007 40350.875000000007 43241.000000000007 44239.500000000007 142955720.00000003 11150694.500000002
decision_type=2 2 2 2 2 2 2 2 2 2 2 2 2 2 2 2 2 2 2 2 2 2 2 2 2 2 2 2 2 2
left_child=5 -2 -3 -4 -5 6 -1 9 -9 -8 -7 12 24 -14 -15 -13 -17 -18 -19 -20 21 -21 23 -22 -12 -26 -10 -28 29 -29
right_child=1 2 3 4 -6 10 7 8 26 -11 11 15 13 14 -16 16 17 18 19 20 22 -23 -24 -25 25 -27 27 28 -30 -31
leaf_value=3.6248687079044961e-05 0.0026417004144085304 -0.0046595471018614871 -0.0018583167447812029 0.0023195132084021515 -0.00090280232485383759 -0.0026373436102982272 -0.0008604173175990582 -0.0065682544816462775 0.0020331848453244441 0.0034837246265100397 0.0012246993463011268 -0.0036246747290715575 0.0078526951372623454 0.0041646773973479864 -0.0015432322608126749 0.0036339614031021487 -0.0034236519880916764 0.0034752885898342357 -0.0028301378989400456 -0.00024216993630904219 -0.00012016569244817379 0.0047009861981496225 0.0010324424186003316 -0.0029051100223453021 -0.0046630190788871711 0.00055501100449713281 -0.0048225965477864847 -0.0021954139345325531 -0.0038046426472387145 0.00028406740710739086
leaf_weight=3392 21 24 27 22 20 22 20 21 23 23 49 35 25 40 31 32 23 40 34 23 92 30 83 51 27 34 22 35 28 151
leaf_count=3392 21 24 27 22 20 22 20 21 23 23 49 35 25 40 31 32 23 40 34 23 92 30 83 51 27 34 22 35 28 151
internal_value=2.35195e-12 -0.000645217 -0.00138742 -0.000249294 0.000785077 1.67703e-05 -4.08801e-05 -0.000850852 -0.00120622 0.00146319 0.000335953 0.000436743 0.00130118 0.00328192 0.00167249 3.47687e-05 0.000348692 6.90942e-05 0.000296667 -0.000109547 0.000221995 0.00255584 -0.000325324 -0.0011134 -0.000427462 -0.00175461 -0.000771464 -0.0010448 -0.000656427 -0.000182502
internal_weight=4500 114 93 69 42 4386 3715 323 280 43 671 649 206 96 71 443 408 376 353 313 279 53 226 143 110 61 259 236 214 186
internal_count=4500 114 93 69 42 4386 3715 323 280 43 671 649 206 96 71 443 408 376 353 313 279 53 226 143 110 61 259 236 214 186
is_linear=0
shrinkage=0.1


Tree=72
num_leaves=31
num_cat=0
split_feature=3 1 7 7 9 7 1 10 9 1 1 5 9 8 3 6 6 4 10 1 1 7 6 9 9 1 8 5 8 10
split_gain=0.00472455 0.0146178 0.0215734 0.00970398 0.00941812 0.0234311 0.0219074 0.0183316 0.0202777 0.0318903 0.0112965 0.0127658 0.0425889 0.016639 0.0153337 0.0214513 0.0160792 0.0944374 0.0393698 0.0294484 0.0409917 0.0258959 0.0215332 0.0135755 0.0186781 0.0678812 0.0978546 0.0216419 0.04183 0.046972
threshold=12603.500000000002 91.500000000000014 2345991.8750000005 365577.29687500006 17362.000000000004 15857270.500000002 99.500000000000014 24753.000000000004 21004.250000000004 120.50000000000001 81.500000000000014 30335.500000000004 26355.000000000004 21972.500000000004 30484.500000000004 30198.000000000004 31222.416992187504 25033.000000000004 34524.625000000007 94.500000000000014 97.500000000000014 27553697.000000004 27705.166992187504 32351.750000000004 35214.000000000007 120.50000000000001 30328.875000000004 41675.000000000007 36117.375000000007 38932.750000000007
decision_type=2 2 2 2 2 2 2 2 2 2 2 2 2 2 2 2 2 2 2 2 2 2 2 2 2 2 2 2 2 2
left_child=1 -1 -3 -2 5 6 -5 8 9 -6 -9 12 13 -12 15 -13 17 21 -18 -20 -21 -16 -23 -22 25 -25 -27 28 29 -26
right_child=3 2 -4 4 7 -7 -8 10 -10 -11 11 14 -14 -15 16 -17 18 -19 19 20 23 22 -24 24 27 26 -28 -29 -30 -31
leaf_value=-0.0008350990262002714 -0.0022108086140360684 0.0042811060900844284 -0.0003079877141863108 -0.0044402565406635409 0.0026439956596328155 0.0014624660854072621 -0.0002943056035571947 0.00210904335975647 0.0039747117164855208 -0.0026244326448068025 -0.0012344745061311285 0.0040727401575581593 -0.0051430892731462209 0.0021287968149408701 0.0023814518057874274 -0.00025029299722518773 0.0043340319080189581 -0.0069203075274582139 -0.0021019254894009934 0.0035925701216910967 0.0019050034832813452 0.00051105180912575608 -0.0032880330411717302 0.0023829949944610559 0.0025338352524808478 0.0017844164410274498 -0.0064797632138882027 -2.219772798765072e-05 0.0049323122017085556 -0.0030774702980684546
leaf_weight=31 20 21 20 25 27 24 26 25 24 20 38 22 21 24 35 24 21 23 66 32 37 37 25 31 35 23 38 3653 26 26
leaf_count=31 20 21 20 25 27 24 26 25 24 20 38 22 21 24 35 24 21 23 66 32 37 37 25 31 35 23 38 3653 26 26
internal_value=-9.34637e-12 0.000803547 0.00204252 -1.30658e-05 -3.09421e-06 -0.00111412 -0.00232663 1.61366e-05 0.00160975 0.000402111 -1.04112e-05 -2.29168e-05 -0.00125089 6.7437e-05 1.61899e-06 0.00181724 -1.87118e-05 -0.00115923 1.56069e-05 -7.25346e-06 2.81858e-05 0.000206793 -0.00102084 -1.29481e-06 -1.97011e-05 -0.00142735 -0.00336376 1.49256e-05 0.00157368 0.000142131
internal_weight=4500 72 41 4428 4408 75 51 4333 71 47 4262 4237 83 62 4154 46 4108 120 3988 3967 3901 97 62 3869 3832 92 61 3740 87 61
internal_count=4500 72 41 4428 4408 75 51 4333 71 47 4262 4237 83 62 4154 46 4108 120 3988 3967 3901 97 62 3869 3832 92 61 3740 87 61
is_linear=0
shrinkage=0.1


Tree=73
num_leaves=31
num_cat=0
split_feature=7 7 3 4 7 7 8 9 7 4 7 1 1 4 8 8 1 8 1 3 3 8 6 4 5 7 6 1 1 8
split_gain=0.0044013 0.0204342 0.0277299 0.0232378 0.0174047 0.0205771 0.0196736 0.0171227 0.0155062 0.0605058 0.0193167 0.0552288 0.032519 0.0187379 0.0377027 0.0369241 0.0142216 0.0223592 0.0189631 0.0181204 0.016879 0.0226661 0.0206846 0.0194552 0.0189151 0.0174665 0.0392532 0.0497889 0.0289122 0.0185825
threshold=134501024.00000003 147974816.00000003 93051.000000000015 49221.500000000007 122161016.00000001 119038272.00000001 67390.500000000015 61226.500000000007 173164416.00000003 69878.500000000015 204051832.00000003 133.50000000000003 123.50000000000001 54145.000000000007 52977.375000000007 42260.500000000007 111.50000000000001 47190.000000000007 117.50000000000001 57466.500000000007 116334.50000000001 87118.125000000015 88808.332031250015 62134.000000000007 103017.00000000001 274899552.00000006 61975.583984375007 135.50000000000003 129.50000000000003 59822.875000000007
decision_type=2 2 2 2 2 2 2 2 2 2 2 2 2 2 2 2 2 2 2 2 2 2 2 2 2 2 2 2 2 2
left_child=4 2 3 -2 5 -1 7 -6 9 13 11 12 -10 14 15 -3 17 -12 -18 -20 22 -22 23 24 25 29 28 -28 -27 -21
right_child=1 8 -4 -5 6 -7 -8 -9 10 -11 16 -13 -14 -15 -16 -17 18 -19 19 20 21 -23 -24 -25 -26 26 27 -29 -30 -31
leaf_value=-3.6552098143060402e-05 0.0014527581291409529 5.9030026845310048e-05 -0.001196535488512988 0.0056104766158387069 -0.00097569731826131995 0.0024348729968016202 0.00060239148093387495 -0.0049677744751707434 0.0012484690346927555 0.0037379797823219141 -0.00078610386588566375 0.0036528265874155546 -0.0040716437867376956 -0.0040062286129051985 0.0025274016452021897 -0.0057407023132933924 -0.0024252642495816365 0.0036400624671950941 0.002699275190294113 1.6097955937896456e-05 0.0039730675081955267 -0.00061998986321586103 -0.0036054692463949323 0.0021703858410233056 -0.0034399281255900862 -0.0036887660519116456 0.005379587166992549 -0.00076022564247250554 0.00048639661101840953 -0.0033180203638039532
leaf_weight=3684 41 23 24 20 22 34 25 21 27 22 21 55 20 33 20 21 36 25 23 35 21 22 20 29 21 27 28 25 43 32
leaf_count=3684 41 23 24 20 22 34 25 21 27 22 21 55 20 33 20 21 36 25 23 35 21 22 20 29 21 27 28 25 43 32
internal_value=7.42132e-12 0.000227733 0.00168301 0.00281594 -4.2948e-05 -1.39517e-05 -0.00162836 -0.00292532 3.10737e-05 -0.000996798 0.00027091 0.00150178 -0.00101541 -0.00207067 -0.00107264 -0.00270902 -3.68061e-05 0.00161942 -0.000247266 -6.75082e-06 -0.000212159 0.00162313 -0.000515687 -0.000258206 -0.000591993 -0.000277221 0.000430416 0.00248345 -0.00112402 -0.00157632
internal_weight=4500 714 85 61 3786 3718 68 43 629 119 510 102 47 97 64 44 408 46 362 326 303 43 260 240 211 190 123 53 70 67
internal_count=4500 714 85 61 3786 3718 68 43 629 119 510 102 47 97 64 44 408 46 362 326 303 43 260 240 211 190 123 53 70 67
is_linear=0
shrinkage=0.1


Tree=74
num_leaves=31
num_cat=0
split_feature=6 10 10 3 8 7 5 7 7 7 3 3 7 4 3 5 7 1 8 9 10 3 4 8 3 7 1 4 10 7
split_gain=0.00469268 0.0212467 0.0133014 0.0137795 0.0116555 0.00955269 0.00866531 0.00922856 0.0131359 0.0178544 0.00825006 0.00791732 0.00751511 0.00668523 0.00617483 0.0519218 0.0338407 0.0386178 0.0243935 0.0327796 0.0514508 0.0420808 0.0439092 0.0361528 0.0316932 0.0350304 0.0512135 0.0316924 0.0303952 0.118436
threshold=100712.00000000001 110887.25000000001 105792.37500000001 107349.50000000001 95528.500000000015 180914424.00000003 105696.50000000001 483648496.00000006 390324832.00000006 346919152.00000006 104376.00000000001 89724.500000000015 217393920.00000003 99759.000000000015 75562.500000000015 74869.000000000015 42505472.000000007 125.50000000000001 67656.000000000015 67901.250000000015 71421.625000000015 72052.500000000015 51789.000000000007 63710.625000000007 69759.000000000015 112392684.00000001 127.50000000000001 62134.000000000007 67846.625000000015 16340428.000000002
decision_type=2 2 2 2 2 2 2 2 2 2 2 2 2 2 2 2 2 2 2 2 2 2 2 2 2 2 2 2 2 2
left_child=1 2 3 6 -2 13 7 8 9 10 14 -9 -4 -6 15 18 17 -17 19 20 21 24 -23 -21 28 26 -26 -25 -1 -30
right_child=4 -3 12 -5 5 -7 -8 11 -10 -11 -12 -13 -14 -15 -16 16 -18 -19 -20 23 -22 22 -24 27 25 -27 -28 -29 29 -31
leaf_value=-2.1658685446391031e-05 -0.0024521697028022675 0.0026242795970662681 -0.00046146433808396314 0.0023553637601435185 0.00037290224052932382 0.0018423691205680373 -0.002025548138079189 0.0023486917891028906 -0.0018813049873790226 0.0027308917837217451 0.0020216719896416178 -0.00020329386461526155 -0.0031061910358922825 -0.0018324540893512745 -0.00021446732093260472 0.0044100858445744965 0.0041646377199261531 -0.00080432710427866911 -0.002307526565551677 0.0054124541560430887 -0.0035123146953992546 0.0055255846473820777 0.00010308401833754034 -0.0024198691640049223 -0.0069375897713360342 0.0015492268623067784 -0.0012779784325202719 0.0029700656425120544 -0.0026046683639287952 0.0068649138440378017
leaf_weight=2524 27 31 22 25 28 20 21 31 37 24 20 20 21 27 1123 20 48 49 46 23 42 28 32 20 21 26 67 24 25 28
leaf_count=2524 27 31 22 25 28 20 21 31 37 24 20 20 21 27 1123 20 48 49 46 23 42 28 32 20 21 26 67 24 25 28
internal_value=4.95137e-12 1.55517e-05 -2.9669e-06 1.4437e-05 -0.000670551 -2.91682e-05 8.23839e-07 1.0771e-05 -5.36205e-06 1.12036e-05 -4.46435e-06 0.00134791 -0.00175308 -0.000709727 -1.42383e-05 6.01439e-05 0.00212558 0.000707097 -2.30136e-05 1.37303e-05 -3.87046e-05 1.43277e-05 0.00263358 0.00219956 -4.40727e-05 -0.00167574 -0.00262857 0.000520095 2.8108e-05 0.00239813
internal_weight=4500 4398 4367 4324 102 75 4299 4278 4227 4190 4166 51 43 55 4146 3023 117 69 2906 2860 2793 2751 60 67 2691 114 88 44 2577 53
internal_count=4500 4398 4367 4324 102 75 4299 4278 4227 4190 4166 51 43 55 4146 3023 117 69 2906 2860 2793 2751 60 67 2691 114 88 44 2577 53
is_linear=0
shrinkage=0.1


Tree=75
num_leaves=31
num_cat=0
split_feature=10 3 8 7 5 4 4 8 1 1 7 6 8 4 1 4 8 3 7 7 1 7 9 4 8 3 1 6 8 9
split_gain=0.00424792 0.013378 0.0111292 0.00948368 0.0080485 0.00538355 0.018988 0.01006 0.0307471 0.0138755 0.00900283 0.00828999 0.0299276 0.0218281 0.0219973 0.0184947 0.00965817 0.0500761 0.0197618 0.0179817 0.0155913 0.0147719 0.00982113 0.0285922 0.0273899 0.0227498 0.0163526 0.024568 0.0200355 0.0235478
threshold=118219.00000000001 116334.50000000001 95528.500000000015 157067968.00000003 112423.00000000001 9073.0000000000018 11114.000000000002 7155.8750000000009 89.500000000000014 128.50000000000003 75984728.000000015 15717.416992187502 16700.250000000004 16676.000000000004 122.50000000000001 13701.500000000002 24572.125000000004 26479.500000000004 3393214.2500000005 54991212.000000007 82.500000000000014 6834521.5000000009 30383.000000000004 26339.500000000004 26288.000000000004 31420.000000000004 93.500000000000014 50633.833984375007 28740.500000000004 33589.500000000007
decision_type=2 2 2 2 2 2 2 2 2 2 2 2 2 2 2 2 2 2 2 2 2 2 2 2 2 2 2 2 2 2
left_child=1 4 -2 -4 5 7 -7 -1 -9 10 -10 -8 -13 14 -14 -16 17 18 -15 -19 -18 -20 23 24 -22 -24 27 -27 -28 -30
right_child=2 -3 3 -5 -6 6 11 8 9 -11 -12 12 13 16 15 -17 20 19 21 -21 22 -23 25 -25 -26 26 28 -29 29 -31
leaf_value=-0.00082974195118165693 -0.0026982696571697792 0.0020179670480446831 -0.0014434914738310246 0.0014033020902425052 -0.0015356285333195153 -0.0018745933386661044 0.0018282129410654307 0.0045315568213395423 0.00071643562614917761 0.0019884858489967886 -0.0018530144400817031 -0.0029529197278487331 0.0035347936561863341 -0.001597774066030979 0.0021139057111353257 -0.0017357047957678635 0.0027368250438788285 -0.0047234960351019142 0.0041041224574049316 -0.00098530799150466932 0.0018544468569702335 0.00039619734426113695 -0.003383404617197812 0.0039927933015860622 -0.0022632784458498159 0.00020888748653565665 -0.002149268057352553 -0.0042020102142882737 0.0019796489572693264 1.4193022723995724e-05
leaf_weight=36 21 33 22 25 34 54 25 21 25 30 30 34 35 20 26 24 21 31 21 22 35 22 20 24 30 28 42 23 62 3624
leaf_count=36 21 33 22 25 34 54 25 21 25 30 30 34 35 20 26 24 21 31 21 22 35 22 20 24 30 28 42 23 62 3624
internal_value=8.08763e-13 1.20347e-05 -0.000784381 7.07604e-05 -3.01318e-06 8.92472e-06 -1.14399e-05 0.000614556 0.00110507 0.00025853 -0.000685083 1.26931e-05 1.74037e-06 2.61828e-05 0.00161203 0.000266093 -7.30709e-06 -0.000906532 0.000999166 -0.0031718 1.93775e-05 0.00220704 4.69993e-06 0.00104308 -4.60417e-05 -1.96265e-05 -1.824e-06 -0.00178034 2.25066e-05 4.72528e-05
internal_weight=4500 4432 68 47 4399 4365 4223 142 106 85 55 4169 4144 4110 85 50 4025 116 63 53 3909 43 3888 89 65 3799 3779 51 3728 3686
internal_count=4500 4432 68 47 4399 4365 4223 142 106 85 55 4169 4144 4110 85 50 4025 116 63 53 3909 43 3888 89 65 3799 3779 51 3728 3686
is_linear=0
shrinkage=0.1


Tree=76
num_leaves=31
num_cat=0
split_feature=8 9 7 7 3 4 3 4 8 9 9 6 6 4 8 9 7 6 3 10 7 1 9 9 10 9 3 5 5 8
split_gain=0.00402754 0.0112664 0.0166798 0.0310768 0.0213492 0.0130365 0.0361871 0.0262561 0.0200928 0.0272954 0.0238073 0.0293249 0.024805 0.0230423 0.0207264 0.0206473 0.0132604 0.0127429 0.0105552 0.0308941 0.0305304 0.0460132 0.0249499 0.0650177 0.0193833 0.0173448 0.0167631 0.0145742 0.0133755 0.0199677
threshold=86155.375000000015 87063.500000000015 168507920.00000003 109363188.00000001 111210.50000000001 76238.000000000015 83598.000000000015 79733.000000000015 77641.500000000015 81939.750000000015 84011.750000000015 81554.164062500015 80017.750000000015 65804.000000000015 73053.750000000015 83756.250000000015 168507920.00000003 88808.332031250015 88532.000000000015 85977.125000000015 160502208.00000003 133.50000000000003 66158.500000000015 70372.250000000015 85075.625000000015 74502.000000000015 85154.000000000015 85847.500000000015 84202.000000000015 67176.375000000015
decision_type=2 2 2 2 2 2 2 2 2 2 2 2 2 2 2 2 2 2 2 2 2 2 2 2 2 2 2 2 2 2
left_child=1 5 3 17 -4 8 -7 -8 10 -10 11 12 18 -13 -14 -11 -12 -3 19 24 21 -20 -22 -24 26 -25 28 -28 -1 -30
right_child=-2 2 4 -5 -6 6 7 -9 9 15 16 13 14 -15 -16 -17 -18 -19 20 -21 22 -23 23 25 -26 -27 27 -29 29 -31
leaf_value=-2.2240922034617728e-05 -0.00043525982617596717 0.0016600014309265784 -0.0023048658489956166 0.0046750817944904649 0.0016026795585208607 0.0021122401851850253 -0.0044105993499132723 -0.00039047385871526785 0.0044005225866082277 -0.0019398231929896967 -0.0042629158031195404 -0.00037185125984251499 -0.00036525580748591736 0.0036947878347219605 -0.0047669258841779088 0.0018958603963255883 -0.00062143492512404923 -0.0014559030222396057 0.0064246835098380143 -0.0038567154934363705 0.0027425985783338549 1.506199490298362e-05 -0.0057080873155168129 0.0023513017113145906 0.0029491572122258896 -0.00078997879695051761 -0.0034344400655334957 -0.00046052043326199059 0.0038829653672027317 1.6557207495412407e-05
leaf_weight=3512 203 35 29 26 27 24 33 32 24 23 20 22 23 38 20 36 20 21 21 21 25 24 21 32 22 39 26 45 22 34
leaf_count=3512 203 35 29 26 27 24 33 32 24 23 20 22 23 38 20 36 20 21 21 21 25 24 21 32 22 39 26 45 22 34
internal_value=-5.16108e-13 2.05627e-05 0.000909489 0.00181803 -0.000420871 -8.93285e-06 -0.00120619 -0.00243146 1.7248e-05 0.0015572 -1.48102e-05 9.78943e-06 -2.40757e-05 0.00220369 -0.00241254 0.000400594 -0.00244218 0.000491537 2.64232e-06 -3.21158e-05 0.000792639 0.00300622 -5.87384e-05 -0.000819971 -1.01774e-05 0.00062581 -2.80684e-05 -0.00154956 2.20798e-06 0.0015355
internal_weight=4500 4297 138 82 56 4159 89 65 4070 83 3987 3947 3887 60 43 59 40 56 3844 3682 162 45 117 92 3661 71 3639 71 3568 56
internal_count=4500 4297 138 82 56 4159 89 65 4070 83 3987 3947 3887 60 43 59 40 56 3844 3682 162 45 117 92 3661 71 3639 71 3568 56
is_linear=0
shrinkage=0.1


Tree=77
num_leaves=31
num_cat=0
split_feature=3 4 7 6 1 1 5 7 1 3 5 10 1 3 8 5 9 6 6 9 4 7 9 8 1 5 4 1 3 7
split_gain=0.00403855 0.0127241 0.00761601 0.00838232 0.0148425 0.0331622 0.0171891 0.0311161 0.0117993 0.0138605 0.0117227 0.0476274 0.0571611 0.0356139 0.0436778 0.0282276 0.0266672 0.0520081 0.027448 0.0257943 0.0236945 0.0230418 0.0358333 0.047852 0.0314238 0.0213735 0.0307632 0.0311922 0.026582 0.0689426
threshold=12603.500000000002 6391.0000000000009 365577.29687500006 12959.416503906252 77.500000000000014 85.500000000000014 21590.500000000004 5443095.0000000009 92.500000000000014 48442.500000000007 40949.000000000007 40528.500000000007 125.50000000000001 39221.500000000007 32389.625000000004 38858.500000000007 33997.500000000007 32348.416992187504 30542.666992187504 35214.000000000007 26339.500000000004 14471929.000000002 25212.250000000004 21294.375000000004 117.50000000000001 43707.000000000007 34913.500000000007 121.50000000000001 42640.500000000007 10218758.000000002
decision_type=2 2 2 2 2 2 2 2 2 2 2 2 2 2 2 2 2 2 2 2 2 2 2 2 2 2 2 2 2 2
left_child=1 -1 -2 -4 -5 -6 7 -7 9 -8 13 12 -12 15 -15 16 17 18 20 -18 21 22 23 -10 -24 26 27 -13 29 -27
right_child=2 -3 3 4 5 6 8 -9 10 -11 11 25 -14 14 -16 -17 19 -19 -20 -21 -22 -23 24 -25 -26 28 -28 -29 -30 -31
leaf_value=-0.0005500205490436103 -0.0019590795261319729 0.0021097499863909825 -0.001829146866220981 0.0023893482750281694 -0.0033773761925062745 0.0046484556673517963 0.0035661431215703492 -0.00061200001712321595 -0.0017295138238994188 9.2846277187129964e-05 -0.00058716949371790349 4.2882164125330751e-05 0.0063386751887334796 -5.5377051189896602e-05 -0.0065050234308555019 0.0029032365462087371 -0.0050586430841813926 0.0038499422138556839 -0.0027359955889628609 -0.00046127102194497223 0.0032004792988300323 0.00069335827854783501 -0.0063783438503742214 0.0039214675841124161 -0.0014094262962628689 0.0065843218387189239 0.0011053893991090633 -0.0049913639297301422 -6.5853008292690361e-06 -0.00032599408489962425
leaf_weight=37 20 35 25 26 29 22 20 23 43 27 22 20 26 21 21 27 23 30 47 26 20 105 20 23 35 22 27 32 3604 42
leaf_count=37 20 35 25 26 29 22 20 23 43 27 22 20 26 21 21 27 23 30 47 26 20 105 20 23 35 22 27 32 3604 42
internal_value=7.01305e-12 0.000742923 -1.208e-05 -3.24611e-06 7.16856e-06 -7.04688e-06 1.55362e-05 0.00195978 -4.89128e-06 0.00157084 -2.23747e-05 3.43339e-05 0.00316433 -0.000510377 -0.0032802 -0.000218817 -0.000445417 -0.000115645 -0.000521678 -0.00261922 -9.86176e-05 -0.000390573 -0.00133117 0.000239768 -0.00321631 -5.7621e-06 -0.00163317 -0.00305512 2.92884e-05 0.00204943
internal_weight=4500 72 4428 4408 4383 4357 4328 45 4283 47 4236 3795 48 441 42 399 372 323 293 49 246 226 121 66 55 3747 79 52 3668 64
internal_count=4500 72 4428 4408 4383 4357 4328 45 4283 47 4236 3795 48 441 42 399 372 323 293 49 246 226 121 66 55 3747 79 52 3668 64
is_linear=0
shrinkage=0.1


Tree=78
num_leaves=31
num_cat=0
split_feature=4 4 7 9 5 10 3 1 1 1 1 8 1 6 6 4 1 8 3 4 3 9 3 3 7 7 7 9 4 6
split_gain=0.00372943 0.0417354 0.0422652 0.0270939 0.0599233 0.0417513 0.0393569 0.0368031 0.0289041 0.024112 0.0379312 0.0315088 0.030727 0.0205309 0.0556636 0.0544846 0.0577389 0.0458722 0.0267858 0.0234563 0.0194576 0.115969 0.0485759 0.0439115 0.0393092 0.0896507 0.0397313 0.0337142 0.05267 0.0326943
threshold=48860.500000000007 49472.000000000007 45618436.000000007 55299.750000000007 63913.000000000007 60867.625000000007 64713.500000000007 131.50000000000003 111.50000000000001 129.50000000000003 135.50000000000003 54807.750000000007 139.50000000000003 53073.750000000007 52012.082031250007 43749.500000000007 132.50000000000003 47399.875000000007 57224.500000000007 47349.000000000007 52700.500000000007 50682.500000000007 53021.500000000007 52113.500000000007 16340428.000000002 20252793.000000004 26806416.000000004 49178.750000000007 44781.000000000007 45888.750000000007
decision_type=2 2 2 2 2 2 2 2 2 2 2 2 2 2 2 2 2 2 2 2 2 2 2 2 2 2 2 2 2 2
left_child=3 2 -2 13 5 7 -6 -5 -8 -10 11 -11 -12 14 19 17 -17 -15 -16 20 21 23 -22 27 -24 -26 -27 28 29 -1
right_child=1 -3 -4 4 6 -7 8 -9 9 10 12 -13 -14 15 18 16 -18 -19 -20 -21 22 -23 24 -25 25 26 -28 -29 -30 -31
leaf_value=-6.0523018009755169e-05 0.00051792246813420206 2.3529511213901056e-05 0.0062117215732789858 0.00079085426591336729 0.0033936342258972154 -0.0073501863516867161 0.002687286575868105 -0.0045338082256623441 -0.0023930684645445304 -0.00028152245491086932 -0.0042827765792608262 0.0052026920625939969 -0.00031983673760098305 0.0013406326040445319 -0.00050591263517906718 -0.0028798236240914397 0.0024336025142707887 0.007393847672002656 -0.0050386756309308113 0.0027946587261413378 0.0046685874453812302 -0.0066462862605004809 -0.0039662119001150136 -0.0037422111077654746 0.006616428941893189 -0.0036803442463278768 0.00048933205285802816 0.0034376332552397051 -0.0047523852862903608 0.0020317617820546732
leaf_weight=1124 32 2193 22 25 27 20 24 27 78 22 25 20 90 31 22 43 39 21 32 31 28 27 20 31 23 25 266 29 23 80
leaf_count=1124 32 2193 22 25 27 20 24 27 78 22 25 20 90 31 22 43 39 21 32 31 28 27 20 31 23 25 266 29 23 80
internal_value=4.32726e-12 9.11578e-05 0.00283762 -9.0915e-05 -0.00088876 -0.00346729 -0.000239618 -0.00197387 -0.000618374 -0.000955973 -0.000242002 0.00233001 -0.00118135 5.98123e-05 -3.09848e-05 0.00125305 -0.000352706 0.0037852 -0.00319199 6.9012e-05 1.85973e-05 -0.000160243 0.000667756 -2.41717e-05 0.000332357 0.000606152 0.000131112 6.75952e-05 -1.20552e-05 7.84992e-05
internal_weight=4500 2247 54 2253 358 72 286 52 259 235 157 42 115 1895 1761 134 82 52 54 1707 1676 1314 362 1287 334 314 291 1256 1227 1204
internal_count=4500 2247 54 2253 358 72 286 52 259 235 157 42 115 1895 1761 134 82 52 54 1707 1676 1314 362 1287 334 314 291 1256 1227 1204
is_linear=0
shrinkage=0.1


Tree=79
num_leaves=31
num_cat=0
split_feature=1 1 9 1 9 6 7 7 4 8 6 8 4 5 3 1 7 6 9 6 4 4 10 4 4 4 8 9 6 3
split_gain=0.0040139 0.0241662 0.0425967 0.0451186 0.0430544 0.111766 0.0437443 0.101897 0.0736594 0.0452249 0.0419182 0.0403361 0.0279558 0.0255974 0.0341787 0.0215311 0.0871315 0.0371055 0.0769784 0.0376299 0.0801753 0.0738836 0.0354315 0.0338503 0.0541482 0.0496279 0.0332526 0.0320078 0.0312999 0.0254664
threshold=122.50000000000001 127.50000000000001 69549.750000000015 125.50000000000001 63881.000000000007 61192.000000000007 10495307.500000002 16003361.500000002 45382.000000000007 38703.125000000007 39353.750000000007 74153.875000000015 56247.500000000007 51892.000000000007 35118.000000000007 131.50000000000003 3752307.5000000005 59232.250000000007 61226.500000000007 49578.333984375007 38323.000000000007 32531.000000000004 95563.000000000015 67794.000000000015 54463.000000000007 59936.500000000007 66994.250000000015 52258.250000000007 57143.332031250007 38048.500000000007
decision_type=2 2 2 2 2 2 2 2 2 2 2 2 2 2 2 2 2 2 2 2 2 2 2 2 2 2 2 2 2 2
left_child=-1 2 4 11 5 6 13 -8 9 10 -9 -4 -6 14 -2 16 -3 19 -19 20 21 29 23 24 -20 -26 -27 -21 -29 -18
right_child=1 15 3 -5 12 -7 7 8 -10 -11 -12 -13 -14 -15 -16 -17 17 18 22 27 -22 -23 -24 -25 25 26 -28 28 -30 -31
leaf_value=0.00014441935586897449 -0.0018637981634431829 0.0056425635279579601 0.0059282172199649121 -0.0014705650476654147 -0.0013936196267604829 0.0053122845581836178 0.0059906079334073837 0.00029338870813409168 -0.0051157943881116816 0.0020253585133244859 -0.0053410830570931505 0.00071772023354871924 -0.0059214149909288007 -0.0010376818418022125 -0.0069654515783848436 -6.9998480322134012e-05 0.0016634578499943019 -0.0062178535005924379 -0.0034547735253969828 0.0064964914019219585 -0.0052345673892308375 0.0056219638281116459 0.0029557532170335493 -0.0033938438761277425 0.0038749176813939281 -0.0037718153004312801 0.0018557223557893719 -0.00024573336085004195 0.004686198450773108 -0.0027276347979620502
leaf_weight=1348 24 33 24 44 25 27 21 31 40 52 23 39 30 31 29 2297 25 22 30 20 22 29 34 34 43 21 21 31 22 28
leaf_count=1348 24 33 24 44 25 27 21 31 40 52 23 39 30 31 29 2297 25 22 30 20 22 29 34 34 43 21 21 31 22 28
internal_value=-2.26173e-12 -6.17631e-05 -0.000749194 0.000986574 -0.00130693 -0.000801172 -0.0014588 -0.000522516 -0.00145934 -7.95398e-05 -0.00210648 0.00270267 -0.00386333 -0.00332021 -0.00465527 4.9767e-05 0.000712662 0.00028678 -0.000629012 0.00134744 0.000125857 0.00156402 4.28701e-05 -0.000621815 0.000197742 0.00148686 -0.000958046 0.00308779 0.00180148 -0.000656365
internal_weight=4500 3152 440 107 333 278 251 167 146 106 54 63 55 84 53 2712 415 382 205 177 104 82 183 149 115 85 42 73 53 53
internal_count=4500 3152 440 107 333 278 251 167 146 106 54 63 55 84 53 2712 415 382 205 177 104 82 183 149 115 85 42 73 53 53
is_linear=0
shrinkage=0.1


Tree=80
num_leaves=31
num_cat=0
split_feature=10 3 10 5 4 3 1 7 5 3 5 9 9 10 10 5 4 4 10 8 3 10 4 1 10 1 3 9 8 4
split_gain=0.00378872 0.0107817 0.0103561 0.00672043 0.00433314 0.0138977 0.0106841 0.0110181 0.00810705 0.020555 0.0075324 0.00724776 0.027627 0.0144714 0.0131501 0.0299395 0.0188876 0.0373919 0.0185981 0.0286266 0.0261206 0.0223083 0.0184625 0.0149569 0.0154144 0.0137718 0.0126024 0.0220545 0.0529884 0.0484512
threshold=118219.00000000001 116334.50000000001 126564.50000000001 112423.00000000001 78278.000000000015 107349.50000000001 113.50000000000001 75984728.000000015 96011.000000000015 98594.500000000015 93243.500000000015 91347.500000000015 87063.500000000015 95117.500000000015 91122.500000000015 90132.500000000015 71280.500000000015 67794.000000000015 85718.000000000015 77641.500000000015 88215.000000000015 87305.875000000015 73476.500000000015 126.50000000000001 97317.875000000015 138.50000000000003 82312.000000000015 75174.000000000015 66069.750000000015 59825.000000000007
decision_type=2 2 2 2 2 2 2 2 2 2 2 2 2 2 2 2 2 2 2 2 2 2 2 2 2 2 2 2 2 2
left_child=1 3 -2 4 5 11 -6 8 10 -10 -8 12 14 -14 15 18 17 23 19 20 22 -20 26 -16 25 -25 -1 28 29 -28
right_child=2 -3 -4 -5 6 -7 7 -9 9 -11 -12 -13 13 -15 16 -17 -18 -19 21 -21 -22 -23 -24 24 -26 -27 27 -29 -30 -31
leaf_value=3.2693765671455973e-05 -0.001974856388508616 0.0018121604638343506 0.00049330944602843374 -0.0014026148576864643 -0.0025369169106521771 0.0021388533780531539 0.00016025290419550045 -0.0019819742384632783 0.003245642267167568 -0.00046615167406884755 -0.0021254274805652955 -0.0015350717750455564 0.00076888453219838156 0.004212400888133308 -0.0031864803528016505 0.0015682895826857265 -0.0029085392079044444 0.0031489512920379638 -0.0025989510191720914 0.0029042768661918885 0.0035059641115367415 0.00098393584974110129 -0.0026862281320903167 0.00023262415391703449 0.0016426472497793538 -0.0031550731458992233 -0.0015214172537636125 0.00063541591458488261 -0.0045877265627495946 0.00399338724978623
leaf_weight=3433 34 33 34 34 22 31 46 28 25 37 21 30 26 23 27 123 36 25 57 34 21 25 26 24 24 24 66 70 40 21
leaf_count=3433 34 33 34 34 22 31 46 28 25 37 21 30 26 23 27 123 36 25 57 34 21 25 26 24 24 24 66 70 40 21
internal_value=3.50529e-13 1.13657e-05 -0.000740773 -2.14337e-06 8.76523e-06 2.93685e-05 -0.000473052 -0.000183848 0.000206443 0.00103054 -0.000556154 1.36299e-05 2.48932e-05 0.00238523 -3.48184e-06 3.28248e-05 -0.000892087 -0.000306665 -1.69675e-05 1.59483e-05 -1.07591e-05 -0.00150661 -3.09591e-05 -0.0011793 -0.000426601 -0.00146122 -1.19407e-05 -0.000789758 -0.00157529 -0.000190258
internal_weight=4500 4432 68 4399 4365 4186 179 157 129 62 67 4155 4125 49 4076 3916 160 124 3793 3711 3677 82 3656 99 72 48 3630 197 127 87
internal_count=4500 4432 68 4399 4365 4186 179 157 129 62 67 4155 4125 49 4076 3916 160 124 3793 3711 3677 82 3656 99 72 48 3630 197 127 87
is_linear=0
shrinkage=0.1


Tree=81
num_leaves=31
num_cat=0
split_feature=1 1 9 1 9 6 9 7 7 5 1 8 4 1 9 10 4 4 5 3 6 3 4 5 10 5 5 4 10 3
split_gain=0.00371398 0.0195656 0.0349278 0.0356612 0.035215 0.0897638 0.0395907 0.0429157 0.055402 0.0380679 0.0443237 0.0328754 0.0230571 0.0205056 0.0407738 0.0319832 0.0195053 0.0173374 0.0186553 0.0258538 0.0279821 0.0307143 0.0299404 0.0195923 0.0279316 0.0400711 0.049168 0.0380418 0.0272023 0.0216533
threshold=122.50000000000001 127.50000000000001 69549.750000000015 125.50000000000001 63881.000000000007 61192.000000000007 56411.000000000007 10495307.500000002 23421511.000000004 50266.000000000007 124.50000000000001 74153.875000000015 56247.500000000007 126.50000000000001 52258.250000000007 50882.000000000007 51789.000000000007 11883.500000000002 27557.000000000004 28726.500000000004 31222.416992187504 35581.000000000007 24027.000000000004 38858.500000000007 40528.500000000007 44412.500000000007 45722.000000000007 30595.000000000004 41701.000000000007 47191.500000000007
decision_type=2 2 2 2 2 2 2 2 2 2 2 2 2 2 2 2 2 2 2 2 2 2 2 2 2 2 2 2 2 2
left_child=-1 2 4 11 5 6 7 9 -9 10 -2 -4 -6 14 15 -10 -8 -3 -19 -20 22 -22 -21 -23 27 28 -27 -25 -26 -28
right_child=1 17 3 -5 12 -7 16 8 13 -11 -12 -13 -14 -15 -16 -17 -18 18 19 20 21 23 -24 24 25 26 29 -29 -30 -31
leaf_value=0.00013891899808005461 -0.0076455519830977373 0.0018858133839821677 0.0053314932166055465 -0.0012906744683277795 -0.0012520639821887018 0.0047531765506223398 -0.0063611329952254899 0.0038600965374798487 0.00039943228926389454 0.00060587618499994287 -0.0015468036630549111 0.00062748859039483929 -0.0053640661970712246 -0.0031560085713863376 0.0033179271956905727 -0.0047297707479447134 -0.0020910957149918312 -0.0022546696243807675 0.0031750119595716783 -0.0001835536470429765 0.0032317421305924653 -0.00266624985055791 -0.0052180706745102298 -0.00055644527766043732 -0.00016643669611463946 0.0048768172351022565 -0.0013665949465508608 0.0050266845438342832 -0.0044179797179394352 8.2857326979718254e-05
leaf_weight=1348 22 50 24 44 25 27 20 33 31 23 26 39 30 28 25 20 23 36 26 27 30 27 21 23 27 21 108 26 34 2256
leaf_count=1348 22 50 24 44 25 27 20 33 31 23 26 39 30 28 25 20 23 36 26 27 30 27 21 23 27 21 108 26 34 2256
internal_value=4.893e-12 -5.94108e-05 -0.000677957 0.000893815 -0.001183 -0.000725597 -0.00131495 -0.000743912 0.000290147 -0.00273921 -0.00434206 0.00241949 -0.00349497 -0.000842626 9.67324e-06 -0.00161202 -0.00407716 4.09434e-05 6.29143e-06 3.72871e-05 5.90984e-06 5.09017e-05 -0.00238615 1.30645e-05 4.20591e-05 -5.29765e-06 5.94327e-05 0.00240603 -0.00253615 1.66387e-05
internal_weight=4500 3152 440 107 333 278 251 208 137 71 48 63 55 104 76 51 43 2712 2662 2626 2600 2552 48 2522 2495 2446 2385 49 61 2364
internal_count=4500 3152 440 107 333 278 251 208 137 71 48 63 55 104 76 51 43 2712 2662 2626 2600 2552 48 2522 2495 2446 2385 49 61 2364
is_linear=0
shrinkage=0.1


Tree=82
num_leaves=31
num_cat=0
split_feature=3 5 7 1 5 4 4 9 4 8 9 6 3 9 6 9 8 1 9 3 3 1 10 10 6 3 3 10 3 9
split_gain=0.00382905 0.0535428 0.0313772 0.0301975 0.0271376 0.0286135 0.0415637 0.0197047 0.0555927 0.047472 0.0380191 0.035793 0.0336263 0.0269415 0.0308374 0.0279925 0.0438285 0.0198191 0.0196647 0.0194129 0.0295126 0.054181 0.0445899 0.0230178 0.0629439 0.0224991 0.0297022 0.0206293 0.0241452 0.021211
threshold=75562.500000000015 74869.000000000015 42505472.000000007 125.50000000000001 77296.000000000015 52181.000000000007 58752.500000000007 67901.250000000015 59825.000000000007 59262.625000000007 68838.000000000015 66698.332031250015 81716.500000000015 69901.500000000015 73241.582031250015 73398.750000000015 63162.875000000007 140.50000000000003 66609.000000000015 73116.500000000015 71733.000000000015 124.50000000000001 71239.500000000015 71421.625000000015 66698.332031250015 69759.000000000015 68951.000000000015 68977.625000000015 70633.000000000015 64887.500000000007
decision_type=2 2 2 2 2 2 2 2 2 2 2 2 2 2 2 2 2 2 2 2 2 2 2 2 2 2 2 2 2 2
left_child=1 19 3 -3 5 -2 -7 8 9 11 -9 12 -6 -12 15 16 -15 -18 -4 20 25 -22 -23 -21 -25 26 -1 28 -27 -29
right_child=4 2 18 -5 7 6 -8 10 -10 -11 13 -13 -14 14 -16 -17 17 -19 -20 23 21 22 -24 24 -26 27 -28 29 -30 -31
leaf_value=-1.2364091160766553e-05 -0.0043316682614386081 0.0039372557820752264 0.0016849355151255926 -0.00067376573368127708 0.001971588262363095 0.0024770407937467101 -0.0027700084888945438 -0.0037476168969517638 0.0059218730754218999 -0.0027052988507187906 0.0023169516699595586 0.0041751615394787223 -0.0019291189469349307 -0.0043645884464716634 -5.7290849379663983e-06 -0.0039769117279272329 -0.00075349575188010936 0.0034136726080240421 0.0054716008842660814 0.0007520795051017818 -0.0025270529720000925 0.0013049316166767052 0.0070501999506218868 -0.006562135909916833 0.00041687668251272824 -0.00073280863619099067 0.0024728819366772563 0.0021230858130505885 -0.0048159085596645515 -0.0012639956366911065
leaf_weight=2588 30 20 24 49 51 26 36 29 20 39 45 32 39 21 981 38 25 21 32 28 20 35 22 24 28 30 49 26 28 64
leaf_count=2588 30 20 24 49 51 26 36 29 20 39 45 32 39 21 981 38 25 21 32 28 20 35 22 24 28 30 49 26 28 64
internal_value=-7.24095e-12 6.3053e-05 0.00209008 0.000662762 -0.00013495 -0.00179638 -0.000569633 -2.09666e-05 0.000949455 0.000331763 -0.000172386 0.00130263 0.000281282 -8.07132e-05 -0.000180064 -0.00180885 -0.000579203 0.00114891 0.00384874 -2.30716e-05 1.98755e-05 0.00195112 0.0035224 -0.00155951 -0.00280421 -3.35197e-05 3.38161e-05 -0.00123328 -0.00270396 -0.000285505
internal_weight=4500 3067 125 69 1433 92 62 1341 181 161 1160 122 90 1131 1086 105 67 46 56 2942 2862 77 57 80 52 2785 2637 148 58 90
internal_count=4500 3067 125 69 1433 92 62 1341 181 161 1160 122 90 1131 1086 105 67 46 56 2942 2862 77 57 80 52 2785 2637 148 58 90
is_linear=0
shrinkage=0.1


Tree=83
num_leaves=31
num_cat=0
split_feature=1 5 3 8 3 3 1 3 5 6 8 9 10 10 6 6 6 8 4 4 10 1 10 10 4 3 5 5 9 9
split_gain=0.00381497 0.0699122 0.0233192 0.0280154 0.0274146 0.0555766 0.00889574 0.0242434 0.0643726 0.0261131 0.0249636 0.0410358 0.0427057 0.0393965 0.0704913 0.0264275 0.0383852 0.0403045 0.0352595 0.0372991 0.0260145 0.02059 0.022464 0.052765 0.0198713 0.0193273 0.0347486 0.0189166 0.0308839 0.0420093
threshold=152.50000000000003 54731.500000000007 81716.500000000015 78051.250000000015 65920.000000000015 60308.000000000007 144.50000000000003 47191.500000000007 52135.000000000007 38548.333984375007 43058.875000000007 50216.250000000007 55528.625000000007 58642.750000000007 55938.582031250007 67132.667968750015 63875.832031250007 56574.000000000007 58121.500000000007 59936.500000000007 64560.000000000007 141.50000000000003 45083.500000000007 49235.500000000007 50950.500000000007 53021.500000000007 60190.500000000007 65936.000000000015 64887.500000000007 71495.500000000015
decision_type=2 2 2 2 2 2 2 2 2 2 2 2 2 2 2 2 2 2 2 2 2 2 2 2 2 2 2 2 2 2
left_child=6 -2 4 -4 5 -3 21 9 -9 -8 -10 -12 -13 -14 -15 16 17 24 -17 -20 -19 -1 -23 -24 -16 -25 -27 -28 -29 -30
right_child=1 2 3 -5 -6 -7 7 8 10 -11 11 12 13 14 15 18 -18 20 19 -21 -22 22 23 25 -26 26 27 28 29 -31
leaf_value=3.1408664491844424e-05 0.0047473765201919548 -0.0038607369807626434 0.002765085731545696 -0.0022562521928921344 -0.0040043924525121439 0.0030976420437747784 0.00021946626005782968 0.0056541595452775564 -0.0025466190376651609 -0.0036820594695043461 0.0041077947213004036 -0.0042282829852774741 0.0042728317901492121 -0.0055327154370024799 0.0010636201775115397 -0.0029413817872016414 0.004330055097019986 0.00073962682789122623 0.0044043049482362607 -3.4631179869393239e-05 -0.0037370646297931673 0.0013239208684671065 -0.005951930866354988 0.001902778893709183 0.0046768686005278772 -0.0047133821994066244 0.001800523393155475 -0.0030804508079217714 0.0024747765946724429 -0.0013804266316103646
leaf_weight=3392 22 24 25 20 45 22 42 24 28 29 30 20 26 20 45 37 38 27 21 192 25 43 21 25 23 23 28 51 41 91
leaf_count=3392 22 24 25 20 45 22 42 24 28 29 30 20 26 20 45 37 38 27 21 192 25 43 21 25 23 23 28 51 41 91
internal_value=-1.12616e-12 -0.000482676 -0.00132871 0.00053338 -0.00224953 -0.000532817 1.7564e-05 0.000365975 0.000588181 -0.00137411 0.00035964 0.000521099 0.000294093 0.000493317 0.00026372 0.000547859 0.00156023 0.000683118 -9.19596e-05 0.00040301 -0.00141263 -4.12391e-05 -0.000804154 -0.00113096 0.00228575 -0.000740076 -0.00102243 -0.000620101 -0.00099047 -0.000182977
internal_weight=4500 158 136 45 91 46 4342 627 556 71 532 504 474 454 428 408 158 120 250 213 52 3715 323 280 68 259 234 211 183 132
internal_count=4500 158 136 45 91 46 4342 627 556 71 532 504 474 454 428 408 158 120 250 213 52 3715 323 280 68 259 234 211 183 132
is_linear=0
shrinkage=0.1


Tree=84
num_leaves=31
num_cat=0
split_feature=1 10 4 4 10 9 1 8 3 5 9 1 10 5 10 4 8 1 6 6 9 6 3 5 10 3 8 8 5 5
split_gain=0.00352179 0.0140193 0.0568953 0.0517331 0.0103356 0.0188889 0.0254299 0.0210358 0.0205349 0.011747 0.0310488 0.0180167 0.00949017 0.0104241 0.0373715 0.0326548 0.0351423 0.0255981 0.0160051 0.0286045 0.0211891 0.015099 0.022108 0.0182069 0.0393877 0.0378545 0.0185793 0.0148341 0.0128083 0.0438838
threshold=87.500000000000014 24753.000000000004 9073.0000000000018 32172.000000000004 24753.000000000004 21004.250000000004 122.50000000000001 12949.750000000002 12603.500000000002 30335.500000000004 26355.000000000004 117.50000000000001 30833.250000000004 35230.000000000007 34524.625000000007 25492.500000000004 25146.000000000004 127.50000000000001 31222.416992187504 31963.166992187504 28904.500000000004 33368.750000000007 35118.000000000007 40949.000000000007 40528.500000000007 38827.500000000007 35342.750000000007 29179.625000000004 44871.000000000007 45722.000000000007
decision_type=2 2 2 2 2 2 2 2 2 2 2 2 2 2 2 2 2 2 2 2 2 2 2 2 2 2 2 2 2 2
left_child=1 2 -1 -3 5 6 7 8 -2 10 11 -6 -11 15 -15 16 -14 -17 20 -20 -16 27 -23 25 -25 26 -24 -21 -26 -30
right_child=4 3 -4 -5 9 -7 -8 -9 -10 12 -12 -13 13 14 18 17 -18 -19 19 21 -22 22 23 24 28 -27 -28 -29 29 -31
leaf_value=0.00084253407337448816 0.001588918241288732 0.0042379954342984345 -0.0059168018167838456 -0.0022946496856295399 -0.0017194597632624209 0.0035201272122900593 -0.0019238857578279243 0.0028225795895030553 -0.0021050237602105847 0.0017224106151843444 -0.0045178483861188093 0.0016916637712468706 -0.0023746360714236897 0.0040366826945936072 0.00045580025063827632 -0.005587897365469309 0.0030797315183682026 -0.00058903594734147199 0.0037872820429038258 -0.003767799064960508 -0.0039947242994853504 0.0029229261375104008 -0.0012570660890497524 0.0037014311018945842 -0.0010017469639859609 -0.0038038984945926225 0.0026485666543954894 -9.1732341958128896e-05 0.0039794339515667942 5.2129079943974919e-06
leaf_weight=33 34 22 20 27 32 22 36 44 27 32 21 30 21 23 20 21 27 20 20 21 23 26 29 29 123 38 21 23 28 3607
leaf_count=33 34 22 20 27 32 22 36 44 27 32 21 30 21 23 20 21 27 20 20 21 23 26 29 29 123 38 21 23 28 3607
internal_value=2.69598e-12 -0.000580902 -0.00170816 0.000638375 1.34725e-05 0.000794871 0.000369654 0.00115601 -4.61053e-05 -1.66026e-05 -0.00119455 -6.89161e-05 6.94501e-06 -6.37899e-06 1.72562e-05 -0.00107687 0.000693446 -0.00314943 -5.80938e-06 1.50009e-05 -0.00192471 -4.12344e-06 1.66538e-05 -2.8463e-06 3.01964e-05 -0.00142481 0.0003833 -0.00184622 1.86595e-06 3.58259e-05
internal_weight=4500 102 53 49 4398 163 141 105 61 4235 83 62 4152 4120 4031 89 48 41 4008 3965 43 3945 3901 3875 3787 88 50 44 3758 3635
internal_count=4500 102 53 49 4398 163 141 105 61 4235 83 62 4152 4120 4031 89 48 41 4008 3965 43 3945 3901 3875 3787 88 50 44 3758 3635
is_linear=0
shrinkage=0.1


Tree=85
num_leaves=31
num_cat=0
split_feature=1 7 1 7 4 7 3 10 7 10 1 7 3 3 5 9 7 9 7 10 7 5 7 7 10 8 3 8 4 8
split_gain=0.0035438 0.01406 0.032204 0.0230912 0.0441591 0.021193 0.0134708 0.0733303 0.0625972 0.0399235 0.0379371 0.0571599 0.0365925 0.0321041 0.0305712 0.0347541 0.0304634 0.0579199 0.0354131 0.0361261 0.0313108 0.0299697 0.0284803 0.0228584 0.0233321 0.0550848 0.0600126 0.0350534 0.0243458 0.090694
threshold=135.50000000000003 485540.96875000006 104.50000000000001 993954.50000000012 26653.500000000004 1290866.5625000002 56041.000000000007 56681.000000000007 32695049.000000004 57385.750000000007 138.50000000000003 38414770.000000007 36210.500000000007 58704.000000000007 55026.000000000007 50466.000000000007 10757611.500000002 59675.000000000007 12701116.500000002 58642.750000000007 9061067.5000000019 56514.500000000007 8451698.5000000019 2345991.8750000005 51311.000000000007 40528.125000000007 49249.000000000007 39072.875000000007 30325.500000000004 31962.250000000004
decision_type=2 2 2 2 2 2 2 2 2 2 2 2 2 2 2 2 2 2 2 2 2 2 2 2 2 2 2 2 2 2
left_child=1 2 -1 4 -3 -5 10 8 -8 -9 11 12 -2 -11 15 23 17 -15 -18 -20 -19 -16 -14 -12 25 27 -27 28 29 -25
right_child=6 3 -4 5 -6 -7 7 9 -10 13 14 -13 22 16 21 -17 18 20 19 -21 -22 -23 -24 24 -26 26 -28 -29 -30 -31
leaf_value=-0.00083956267360759816 0.00025150856069688286 0.00089097334338085997 0.0044522686051609722 0.0029207652936188077 -0.0056746716005727652 5.1320529850046532e-05 0.0080362478492870225 -0.0042020448847957283 0.00021916199242696168 0.0037039440975564978 -0.003246361054480076 0.0025711269024759533 -0.0076880760444328197 -0.0064121797867119322 -0.0043251894913884188 0.0041369055990468371 0.0032945976007099755 0.00010688335399740849 0.0041211210013855073 -6.8747389194005051e-05 -0.0038931189027304452 -0.00011003400494873121 -0.0031369315576739612 0.00083533581455412791 -0.0020235203367729602 0.00052140650148384076 0.0065894323334630056 -0.0039464938454329967 0.0016974893706377993 -0.0067767193820327523
leaf_weight=23 21 21 23 26 20 2567 21 23 20 23 20 20 20 20 31 22 34 106 21 1026 24 37 44 72 39 39 28 23 66 20
leaf_count=23 21 21 23 26 20 2567 21 23 20 23 20 20 20 20 31 22 34 106 21 1026 24 37 44 72 39 39 28 23 66 20
internal_value=-7.09293e-12 7.31302e-05 0.00180635 4.28613e-05 -0.00231178 8.00924e-05 -0.000107686 6.02157e-05 0.00422304 -7.34378e-05 -0.000548513 -0.00223888 -0.00337065 2.28623e-06 -0.000101438 0.000297511 -6.68755e-05 -0.00140233 0.000118432 1.52901e-05 -0.000631579 -0.00203165 -0.00455916 2.23752e-05 0.000250162 0.000607716 0.0030573 -0.000299035 0.000231925 -0.000819459
internal_weight=4500 2680 46 2634 41 2593 1820 1318 41 1277 502 105 85 1254 397 329 1231 150 1081 1047 130 68 64 307 287 248 67 181 158 92
internal_count=4500 2680 46 2634 41 2593 1820 1318 41 1277 502 105 85 1254 397 329 1231 150 1081 1047 130 68 64 307 287 248 67 181 158 92
is_linear=0
shrinkage=0.1


Tree=86
num_leaves=31
num_cat=0
split_feature=1 5 3 8 3 3 1 1 9 1 7 7 1 7 1 4 7 7 7 1 1 1 1 7 7 1 1 1 1 1
split_gain=0.00352884 0.0528269 0.0192849 0.0225272 0.0223006 0.0457088 0.00698981 0.00659055 0.0227339 0.00685232 0.0448701 0.00902233 0.0244356 0.0223121 0.0296698 0.016056 0.0160544 0.0789599 0.0613869 0.0415117 0.017758 0.0166166 0.0173111 0.0419129 0.0287124 0.0282974 0.0417953 0.103516 0.062429 0.046561
threshold=152.50000000000003 54731.500000000007 81716.500000000015 78051.250000000015 65920.000000000015 60308.000000000007 154.50000000000003 151.50000000000003 63400.250000000007 150.50000000000003 38414770.000000007 1481926.0625000002 136.50000000000003 485540.96875000006 109.50000000000001 40406.500000000007 10218758.000000002 10757611.500000002 9814994.0000000019 148.50000000000003 81.500000000000014 89.500000000000014 101.50000000000001 25980920.000000004 16340428.000000002 106.50000000000001 116.50000000000001 121.50000000000001 127.50000000000001 134.50000000000003
decision_type=2 2 2 2 2 2 2 2 2 2 2 2 2 2 2 2 2 2 2 2 2 2 2 2 2 2 2 2 2 2
left_child=7 -2 4 -4 5 -3 -6 9 -9 11 -11 12 13 14 -1 -15 18 -18 19 -13 -19 -22 23 -23 25 -24 -27 -28 -29 -30
right_child=1 2 3 -5 6 -7 -8 8 -10 10 -12 16 -14 15 -16 -17 17 20 -20 -21 21 22 24 -25 -26 26 27 28 29 -31
leaf_value=-0.00056481100273904979 0.004082068788226356 -0.0035067529310860361 0.0024949306256603454 -0.0020077861251775178 -0.0048940996242560104 0.0028037209995090961 -0.0024008619072644608 -0.0013607454509474339 0.0030875008622253384 -0.0034124197294552101 0.0022349684023841593 0.00013374974761677666 -0.003401684759592172 4.5151122826702743e-05 0.0045168924494646493 -0.0027591611325208632 -0.0047779288568667007 0.0026524786148220303 0.0045980785774779234 0.0042727706171572207 -0.0024484938111397373 0.0034708191519409108 -0.004563063422683626 -0.00029416382826816343 6.0739752061017631e-05 0.0024751487321761512 -0.0061089891655784524 0.0034795629442669453 -0.0032046203383369679 -1.7066815494688165e-05
leaf_weight=27 22 24 25 20 22 22 23 20 27 34 24 788 28 49 20 35 35 25 34 25 28 48 20 77 2677 37 36 36 67 145
leaf_count=27 22 24 25 20 22 22 23 20 27 34 24 788 28 49 20 35 35 25 34 25 28 48 20 77 2677 37 36 36 67 145
internal_value=-2.43179e-12 -0.000464223 -0.00119965 0.000493723 -0.00203704 -0.0004887 -0.00361978 1.68925e-05 0.00119463 4.00455e-06 -0.00107557 1.87828e-05 -0.000720236 -0.000147101 0.00159762 -0.00112331 4.75969e-05 -5.39922e-05 0.000435122 0.000261026 -2.25945e-06 -2.31893e-05 -1.58299e-06 0.00115159 -4.93453e-05 -0.000913561 -0.000686178 -0.00109804 -0.000370645 -0.00102445
internal_weight=4500 158 136 45 91 46 45 4342 47 4295 58 4237 159 131 47 84 4078 3231 847 813 3196 3171 3143 125 3018 341 321 284 248 212
internal_count=4500 158 136 45 91 46 45 4342 47 4295 58 4237 159 131 47 84 4078 3231 847 813 3196 3171 3143 125 3018 341 321 284 248 212
is_linear=0
shrinkage=0.1


Tree=87
num_leaves=31
num_cat=0
split_feature=5 7 10 9 4 10 1 7 3 7 7 1 7 10 5 4 1 7 3 1 8 6 8 1 4 5 10 5 5 5
split_gain=0.00326215 0.0204194 0.0132801 0.00882507 0.00774396 0.00647152 0.0180896 0.00850819 0.024023 0.0110903 0.00931997 0.0448471 0.0187154 0.0377662 0.0390562 0.050546 0.0397656 0.014872 0.0156673 0.0073848 0.0121242 0.0140515 0.0108384 0.00840298 0.0164681 0.0371751 0.057648 0.0469343 0.0323714 0.0174566
threshold=14242.000000000002 1971850.1875000002 16933.750000000004 17362.000000000004 5642.0000000000009 23793.500000000004 120.50000000000001 993954.50000000012 53251.500000000007 1290866.5625000002 1971850.1875000002 121.50000000000001 3234705.2500000005 59313.750000000007 45722.000000000007 46947.000000000007 127.50000000000001 3752307.5000000005 55245.500000000007 153.50000000000003 55966.125000000007 53764.083984375007 64999.625000000007 148.50000000000003 37687.000000000007 60190.500000000007 62396.000000000007 67824.000000000015 56514.500000000007 76199.000000000015
decision_type=2 2 2 2 2 2 2 2 2 2 2 2 2 2 2 2 2 2 2 2 2 2 2 2 2 2 2 2 2 2
left_child=1 4 -2 -4 -1 6 -5 8 -7 -9 11 -11 13 14 16 -16 -12 18 -14 23 21 -21 -22 -19 -25 28 -27 -28 -26 -29
right_child=2 -3 3 5 -6 7 -8 9 -10 10 12 -13 17 -15 15 -17 -18 19 -20 20 22 -23 -24 24 25 26 27 29 -30 -31
leaf_value=0.0020519349584355953 0.0019236904374944669 -0.0029767568632960324 -0.0015640894629036159 0.0027054804362236493 -0.00054423723507810524 -0.0029804486294531009 -0.00083502682305320545 0.0018364307908059069 0.0011291655842214823 0.0023986067661705118 -0.0030542925372719766 -0.0034163131960667672 -0.0034332231815474542 -0.0014621025870075904 0.0081651672371663153 0.0013582720673487834 0.0029832391145949563 -2.1595362190536229e-05 0.00023917610801401593 -0.00032609975431114441 0.0015922231120594707 -0.0040746379480697216 -0.0010574656528708722 -0.0012486874873121811 0.00079919707384847472 -0.0046535742757398456 0.0054504353972151878 -0.0018201353391275683 0.0063516675184170411 0.00084179222772945656
leaf_weight=20 36 25 36 31 27 33 27 33 25 21 20 36 26 37 20 24 24 3597 21 20 26 20 38 43 21 21 20 31 21 120
leaf_count=20 36 25 36 31 27 33 27 33 25 21 20 36 26 37 20 24 24 3597 21 20 26 20 38 43 21 21 20 31 21 120
internal_value=1.21969e-12 -0.000667703 1.0857e-05 -4.822e-06 0.000560517 8.06451e-06 0.00105731 -6.09474e-06 -0.00120906 1.0361e-05 -3.96285e-06 -0.00127397 1.34807e-05 0.00121853 0.00234561 0.00445232 0.000238907 -2.39431e-05 -0.00179236 -3.04928e-06 -0.000834622 -0.00220037 1.89704e-05 1.92748e-05 0.000549997 0.000880524 0.000291013 0.000898243 0.00357543 0.000295304
internal_weight=4500 72 4428 4392 47 4356 58 4298 58 4240 4207 57 4150 125 88 44 44 4025 47 3978 104 40 64 3874 277 234 192 171 42 151
internal_count=4500 72 4428 4392 47 4356 58 4298 58 4240 4207 57 4150 125 88 44 44 4025 47 3978 104 40 64 3874 277 234 192 171 42 151
is_linear=0
shrinkage=0.1


Tree=88
num_leaves=31
num_cat=0
split_feature=9 9 6 1 8 8 8 10 5 1 8 6 10 10 10 10 3 7 4 8 3 4 3 1 3 3 1 10 8 3
split_gain=0.00326542 0.007582 0.0205198 0.0155872 0.00459218 0.0345726 0.0203479 0.0558784 0.0192603 0.0170582 0.0134213 0.0119888 0.0190216 0.0299681 0.0129028 0.0312422 0.0142606 0.0253271 0.0149 0.0232402 0.016858 0.0302853 0.0270656 0.0476508 0.0296307 0.0662435 0.0287961 0.0283496 0.0505082 0.0325407
threshold=113249.00000000001 101576.50000000001 99416.835937500015 124.50000000000001 80824.250000000015 79307.875000000015 77641.500000000015 86287.125000000015 107020.00000000001 134.50000000000003 76742.000000000015 84448.835937500015 91122.500000000015 87736.000000000015 85977.125000000015 86548.125000000015 87044.500000000015 160502208.00000003 67408.500000000015 71277.250000000015 82075.000000000015 66036.500000000015 79197.000000000015 141.50000000000003 75562.500000000015 74989.000000000015 147.50000000000003 73908.625000000015 66994.250000000015 73866.500000000015
decision_type=2 2 2 2 2 2 2 2 2 2 2 2 2 2 2 2 2 2 2 2 2 2 2 2 2 2 2 2 2 2
left_child=1 2 4 -3 5 6 10 -8 -6 -7 11 12 13 14 16 -16 18 -18 19 20 21 22 24 -24 25 27 -26 28 29 -1
right_child=-2 3 -4 -5 8 9 7 -9 -10 -11 -12 -13 -14 -15 15 -17 17 -19 -20 -21 -22 -23 23 -25 26 -27 -28 -29 -30 -31
leaf_value=3.9079121534999237e-05 -0.00097630042514270732 0.0033203047655877616 -0.0028097665024128782 4.3274634554883112e-05 6.4801862041349522e-05 -0.0044771613527555014 0.0061717953855986709 -0.00011951118164385359 0.0026392570717315026 -0.00078303270251490185 -0.00165842077014754 0.0016482674860691824 -0.0012787564303321035 0.0019793760708976212 -0.0044624583711001002 0.00032078313589509991 0.0033971428744156255 -0.00073266086961936078 -0.0010160631929822203 0.0021658597405767067 -0.0011271783391233938 0.0028830214265129859 0.0030627224956905202 -0.0016466826192035732 -0.001893837620696888 0.0051544403107836841 0.0015097812613627563 0.0033383661657571794 -0.0040584868969275592 -0.002833011808834272
leaf_weight=2861 34 21 26 47 200 25 20 48 34 25 49 44 115 77 22 36 33 27 143 50 129 37 70 31 145 25 30 25 31 40
leaf_count=2861 34 21 26 47 200 25 20 48 34 25 49 44 115 77 22 36 33 27 143 50 129 37 70 31 145 25 30 25 31 40
internal_value=-1.59036e-12 7.43265e-06 -8.76901e-06 0.0010553 7.88834e-06 -1.64832e-05 1.54837e-05 0.00173087 0.000438868 -0.0026301 -1.35328e-05 6.76424e-06 -1.16279e-05 2.65986e-05 -1.36594e-05 -0.00149355 9.68397e-06 0.00153873 -1.56804e-05 2.54983e-05 -5.75697e-06 3.81469e-05 5.83866e-06 0.00161726 -4.57146e-05 2.85017e-05 -0.00131036 -1.48357e-05 -4.34271e-05 -5.2227e-07
internal_weight=4500 4466 4398 68 4372 4138 4088 68 234 50 4020 3971 3927 3812 3735 58 3677 60 3617 3474 3424 3295 3258 101 3157 2982 175 2957 2932 2901
internal_count=4500 4466 4398 68 4372 4138 4088 68 234 50 4020 3971 3927 3812 3735 58 3677 60 3617 3474 3424 3295 3258 101 3157 2982 175 2957 2932 2901
is_linear=0
shrinkage=0.1


Tree=89
num_leaves=31
num_cat=0
split_feature=10 9 3 9 10 5 9 7 3 9 9 4 8 9 7 4 1 4 9 4 10 10 1 10 10 9 3 9 7 1
split_gain=0.00315895 0.041654 0.0333467 0.0225115 0.0178603 0.0258221 0.0249036 0.0369121 0.0248677 0.0193248 0.0327129 0.0201223 0.0737088 0.0466683 0.0424016 0.0423562 0.0361918 0.0347764 0.0333295 0.0278668 0.0230108 0.0293277 0.023897 0.0214528 0.0166635 0.031436 0.0264937 0.0261769 0.0216927 0.0349131
threshold=76804.500000000015 73146.000000000015 79197.000000000015 74318.500000000015 78927.000000000015 80787.000000000015 70573.750000000015 67778968.000000015 79197.000000000015 66158.500000000015 64404.250000000007 62134.000000000007 66777.000000000015 76207.750000000015 102925012.00000001 60745.500000000007 135.50000000000003 56869.000000000007 68643.250000000015 63723.500000000007 85718.000000000015 88084.625000000015 134.50000000000003 92159.125000000015 81306.750000000015 81939.750000000015 99160.500000000015 83310.250000000015 24256957.000000004 133.50000000000003
decision_type=2 2 2 2 2 2 2 2 2 2 2 2 2 2 2 2 2 2 2 2 2 2 2 2 2 2 2 2 2 2
left_child=1 2 -1 -3 6 -6 7 -2 -8 10 -7 14 -13 16 -11 17 -14 18 -16 -15 -20 -22 -23 -19 -21 26 28 -27 -26 -30
right_child=4 3 -4 -5 5 9 8 -9 -10 11 -12 12 13 19 15 -17 -18 23 20 24 21 22 -24 -25 25 27 -28 -29 29 -31
leaf_value=-1.8022682091620847e-05 0.0033588435811301078 0.0055065109117311386 0.0035113220210877005 0.00081870721071027226 0.0034706977462129933 -0.00015758728704360478 -0.0013360188406860006 -0.0017329498560034802 -0.0054251993796788156 -0.0041085798875428736 0.0048622770650711446 0.005933474640672406 -0.00030127296960689938 0.0034179096947459936 -0.0046030088455881928 -0.0044868740025381356 -0.0043614326699060344 0.0035986615991633803 0.001968429116927187 -0.0024009732475790842 -0.0042260095582936303 0.0014860197492852444 -0.0023895063894227722 -0.00017098315024318604 0.0031846637939452194 -0.0024752224248874447 0.0048434962169267241 3.1076308272034769e-05 -0.0020305193642654071 0.0018247636183249681
leaf_weight=3156 24 21 27 20 21 34 58 35 20 36 21 21 46 26 20 23 42 36 35 26 22 41 26 26 32 46 20 443 41 55
leaf_count=3156 24 21 27 20 21 34 58 35 20 36 21 21 46 26 20 23 42 36 35 26 22 41 26 26 32 46 20 443 41 55
internal_value=-2.11391e-12 5.271e-05 1.19152e-05 0.00321978 -0.000133179 -3.42661e-06 -0.00121193 0.000338288 -0.00238453 -6.8683e-05 0.00175909 -0.000163253 8.747e-05 -7.05302e-05 -0.000918258 -0.000416723 -0.00223908 3.77113e-05 -0.000814845 0.000206439 -0.000203851 -0.00105812 -1.79158e-05 0.00201784 8.04995e-05 0.000181784 0.00145872 -0.00020469 0.000929843 0.000178237
internal_weight=4500 3224 3183 41 1276 1139 137 59 78 1118 55 1063 798 777 265 229 88 206 144 689 124 89 67 62 663 637 148 489 128 96
internal_count=4500 3224 3183 41 1276 1139 137 59 78 1118 55 1063 798 777 265 229 88 206 144 689 124 89 67 62 663 637 148 489 128 96
is_linear=0
shrinkage=0.1


Tree=90
num_leaves=31
num_cat=0
split_feature=1 4 4 4 3 7 8 5 4 8 7 7 1 4 9 5 7 5 1 7 5 1 10 3 6 6 6 9 5 6
split_gain=0.00314139 0.0123561 0.0448282 0.0396942 0.00654817 0.01465 0.0101761 0.0147437 0.00865759 0.0135161 0.00851423 0.0152175 0.00720484 0.0260283 0.0601535 0.0479658 0.0206808 0.0200466 0.0144258 0.0411131 0.0298916 0.0183573 0.015472 0.0259962 0.0254603 0.049427 0.0324179 0.024801 0.0221448 0.0184433
threshold=87.500000000000014 16676.000000000004 32172.000000000004 8469.0000000000018 12603.500000000002 2345991.8750000005 12949.750000000002 21590.500000000004 6391.0000000000009 16700.250000000004 485540.96875000006 993954.50000000012 100.50000000000001 25033.000000000004 38925.250000000007 64049.500000000007 17167843.000000004 75483.000000000015 104.50000000000001 23421511.000000004 61004.000000000007 105.50000000000001 27027.250000000004 31420.000000000004 31222.416992187504 31963.166992187504 30198.000000000004 30383.000000000004 25784.000000000004 33368.750000000007
decision_type=2 2 2 2 2 2 2 2 2 2 2 2 2 2 2 2 2 2 2 2 2 2 2 2 2 2 2 2 2 2
left_child=1 3 -3 -1 5 -2 -6 -8 -9 -10 -11 -12 13 -13 -15 16 -16 -17 19 -14 -21 -20 28 27 26 -26 -25 -24 -23 -27
right_child=4 2 -4 -5 6 -7 7 8 9 10 11 12 18 14 15 17 -18 -19 21 20 -22 22 23 24 25 29 -28 -29 -30 -31
leaf_value=0.00057650212106774709 0.0029082018183544281 0.0040839496467794693 -0.002076392744978269 -0.004985023897496008 -0.0015305534654925035 -0.00066437240351330154 0.0020595379419890898 0.0020241550369454282 -0.0022415757744090148 0.0018070023162111354 -0.0021471606969664047 0.0029100801813631105 -0.003336195468387388 -0.0050512436463031919 0.0057819318166002637 -0.0033095500189001151 0.0013388719663701275 0.00096384436668207256 0.0025645811543134707 0.0037773503456264737 -0.0012844083564622062 0.00013511990873666947 0.0035221922297932907 -0.00058367411373183131 0.0048626759552419007 -0.0021381897106766703 -0.0051487659569829708 -0.00079066846054047339 -0.003793935633103292 2.0864446499736322e-05
leaf_weight=33 24 21 27 21 43 22 35 21 27 26 33 39 47 20 20 23 22 21 28 20 28 32 40 60 21 40 21 20 26 3639
leaf_count=33 24 21 27 21 43 22 35 21 27 26 33 39 47 20 20 23 22 21 28 20 28 32 40 60 21 40 21 20 26 3639
internal_value=-1.60252e-12 -0.000548633 0.000618757 -0.00158631 1.27241e-05 0.00119958 1.79213e-07 1.54546e-05 -1.28453e-06 -1.12855e-05 2.96384e-06 -8.20402e-06 8.73517e-06 0.000701263 -0.000111415 0.00103738 0.00345461 -0.00126998 -1.62317e-05 -0.00123387 0.000824658 1.32248e-05 -5.0973e-06 1.93814e-05 -1.33907e-05 2.50039e-05 -0.00176722 0.00208457 -0.00162618 -2.60991e-06
internal_weight=4500 102 48 54 4398 46 4352 4309 4274 4253 4226 4200 4167 145 106 86 42 44 4022 95 48 3927 3899 3841 3781 3700 81 60 58 3679
internal_count=4500 102 48 54 4398 46 4352 4309 4274 4253 4226 4200 4167 145 106 86 42 44 4022 95 48 3927 3899 3841 3781 3700 81 60 58 3679
is_linear=0
shrinkage=0.1


Tree=91
num_leaves=31
num_cat=0
split_feature=8 8 5 10 10 3 6 7 10 5 8 3 1 1 3 1 5 7 3 1 9 7 7 3 3 7 5 4 8 8
split_gain=0.00371127 0.0145282 0.0138166 0.00836559 0.0129756 0.00677405 0.0065246 0.013026 0.00964857 0.0249214 0.0226346 0.0217228 0.00967858 0.0194037 0.0232096 0.0214977 0.0199036 0.0393708 0.0326039 0.0225595 0.0158565 0.00698491 0.0297449 0.0260168 0.0158824 0.0157283 0.00955945 0.0634236 0.0542605 0.0426638
threshold=7155.8750000000009 9963.5000000000018 14242.000000000002 16933.750000000004 20101.000000000004 21797.500000000004 21310.583984375004 30765592.000000004 26381.125000000004 29099.000000000004 21294.375000000004 28726.500000000004 85.500000000000014 92.500000000000014 53251.500000000007 94.500000000000014 33793.000000000007 5308571.5000000009 33945.000000000007 97.500000000000014 27513.250000000004 1138432.2500000002 1971850.1875000002 50652.500000000007 62166.500000000007 2507498.3750000005 66572.500000000015 58121.500000000007 60523.500000000007 58376.125000000007
decision_type=2 2 2 2 2 2 2 2 2 2 2 2 2 2 2 2 2 2 2 2 2 2 2 2 2 2 2 2 2 2
left_child=-1 -2 -3 -4 -5 -6 7 -7 10 -10 -8 -11 -13 14 -14 -15 17 -17 -18 -20 -19 23 24 -21 -23 -24 27 28 29 -27
right_child=1 2 3 4 5 6 8 -9 9 11 -12 12 13 15 -16 16 18 20 19 21 -22 22 25 -25 -26 26 -28 -29 -30 -31
leaf_value=-0.0010112669810445772 0.0020089210049870116 -0.0026305302325636149 0.0018656909708321717 -0.0020450549132581199 0.0013554294837081831 -0.00237613023891754 -0.00086615572641180318 0.00082909925175564641 -0.0030338175491326385 0.002895580869741165 0.0035745172683770456 -0.0017363480830681511 0.0046121459850110109 -0.003129746824164282 -0.00014778509891281527 -0.0048495066426694393 0.0031651988794857804 -0.0019982427496209065 0.002612591371342371 0.0038734545419824178 0.0015893130463414959 -0.0033466130767653627 0.0021798646811282997 -0.00060325780856039599 9.0675594547064977e-05 -0.00011687434461462527 0.00013032998769049441 -0.005523749491707846 0.0044133614748716353 -0.0036964461525819978
leaf_weight=36 36 20 24 31 37 32 22 21 27 26 24 32 20 22 21 25 33 22 33 21 28 41 33 34 20 1609 2088 22 26 34
leaf_count=36 36 20 24 31 37 32 22 21 27 26 24 32 20 22 21 25 33 22 33 21 28 41 33 34 20 1609 2088 22 26 34
internal_value=-6.42216e-12 8.15537e-06 -8.11101e-06 3.78744e-06 -6.40546e-06 8.11283e-06 -3.43738e-06 -0.00110613 1.0272e-05 -5.44075e-06 0.00145072 1.40738e-05 -3.91827e-06 9.49842e-06 0.00217413 -1.21955e-05 4.66023e-06 -0.00160931 3.49676e-05 8.88895e-06 1.07885e-05 -1.29853e-05 -2.88764e-05 0.00110603 -0.00221963 6.18034e-06 -1.28013e-05 -0.000189536 -0.000119223 -0.000190949
internal_weight=4500 4464 4428 4408 4384 4353 4316 53 4263 4217 46 4190 4164 4132 41 4091 4069 75 3994 3961 50 3928 3873 55 61 3812 3779 1691 1669 1643
internal_count=4500 4464 4428 4408 4384 4353 4316 53 4263 4217 46 4190 4164 4132 41 4091 4069 75 3994 3961 50 3928 3873 55 61 3812 3779 1691 1669 1643
is_linear=0
shrinkage=0.1


Tree=92
num_leaves=31
num_cat=0
split_feature=3 3 9 3 9 6 5 4 9 9 8 8 8 6 6 9 8 6 1 1 4 4 9 9 8 5 10 4 3 8
split_gain=0.00345396 0.0365407 0.0324637 0.0204682 0.0231862 0.0483395 0.0231525 0.0482162 0.0364736 0.0507109 0.0316627 0.036696 0.042994 0.0359276 0.0734984 0.0405324 0.0463248 0.0424476 0.0911432 0.0364491 0.0359274 0.0455187 0.0314809 0.026755 0.0235398 0.0181183 0.0269311 0.0307504 0.0174664 0.0145784
threshold=75562.500000000015 74989.000000000015 73398.750000000015 73116.500000000015 58965.000000000007 66698.332031250015 72568.000000000015 50950.500000000007 67680.750000000015 70372.250000000015 66994.250000000015 64573.250000000007 65400.750000000007 64563.167968750007 63875.832031250007 61044.750000000007 59822.875000000007 60180.500000000007 125.50000000000001 137.50000000000003 56869.000000000007 53193.000000000007 65586.500000000015 64887.500000000007 54023.250000000007 77296.000000000015 75480.875000000015 52181.000000000007 68951.000000000015 57911.125000000007
decision_type=2 2 2 2 2 2 2 2 2 2 2 2 2 2 2 2 2 2 2 2 2 2 2 2 2 2 2 2 2 2
left_child=1 2 3 6 -5 -6 10 -8 -9 -10 11 13 -13 14 15 17 24 29 -19 -20 21 -18 -15 -16 -17 26 27 -2 -24 -1
right_child=25 -3 -4 4 5 -7 7 8 9 -11 -12 12 -14 22 23 16 20 18 19 -21 -22 -23 28 -25 -26 -27 -28 -29 -30 -31
leaf_value=2.352504647193213e-05 -0.0029200299996537745 0.0032270693550041567 0.0032417490192118191 0.0015196850307984278 -0.0049813202662127368 0.00023777409223839642 0.0051025241759985141 -0.0025793435672918958 0.0045379449758911504 -0.00080292493606975773 -0.0037205031404838615 0.0061199416245688648 0.00036506089107955206 -0.0050601865200755689 0.0067047658864231342 0.00060128637240268294 0.0019015756213948841 0.0082008802838390692 -0.0029469989994097326 0.0029448116996458602 0.0027331151180030582 -0.0045378582268629387 0.0014991599437780678 0.0015941957011818887 -0.0031283057530791581 -3.503444580810761e-05 -0.0040724063408561053 0.0015184314329982612 -0.0026801258139312269 -0.0020934128456495025
leaf_weight=2288 27 36 31 20 35 36 27 30 32 40 23 21 34 26 21 20 21 20 21 21 38 23 20 20 110 1341 28 37 20 33
leaf_count=2288 27 36 31 20 35 36 27 30 32 40 23 21 34 26 21 20 21 20 21 21 38 23 20 20 110 1341 28 37 20 33
internal_value=4.8432e-12 5.9885e-05 2.22675e-05 -1.10004e-05 -0.00148783 -0.00233502 3.51981e-05 0.00134485 0.000350166 0.0015708 -2.55733e-05 5.2513e-06 0.00256238 -4.67998e-05 1.08995e-05 -5.54732e-05 -0.00138051 6.24064e-05 0.0026447 -1.09365e-06 0.000480741 -0.00146449 -0.00235128 0.0042118 -0.00255452 -0.00012817 -0.00148572 -0.000354044 -0.000590483 -6.5736e-06
internal_weight=4500 3067 3031 3000 91 71 2909 129 102 72 2780 2757 55 2702 2636 2595 212 2383 62 42 82 44 66 41 130 1433 92 64 40 2321
internal_count=4500 3067 3031 3000 91 71 2909 129 102 72 2780 2757 55 2702 2636 2595 212 2383 62 42 82 44 66 41 130 1433 92 64 40 2321
is_linear=0
shrinkage=0.1


Tree=93
num_leaves=31
num_cat=0
split_feature=3 10 10 5 7 7 4 5 9 1 7 8 4 8 6 9 4 7 7 9 10 10 1 1 9 7 1 7 7 1
split_gain=0.00320057 0.0328749 0.0149009 0.0126277 0.0113717 0.0123472 0.0105418 0.0113749 0.018432 0.0187728 0.0133068 0.0189813 0.0107696 0.0201423 0.0114875 0.00785953 0.00681992 0.00674725 0.0315055 0.0203207 0.0340014 0.0413197 0.0277571 0.0613818 0.0228022 0.0179303 0.0127144 0.00653069 0.0249619 0.0143592
threshold=97353.000000000015 95117.500000000015 94053.875000000015 96393.000000000015 483648496.00000006 390324832.00000006 49054.500000000007 100705.50000000001 82139.750000000015 131.50000000000003 204051832.00000003 87118.125000000015 82600.000000000015 82544.875000000015 105651.08203125001 101576.50000000001 68768.500000000015 176285016.00000003 165453440.00000003 37819.500000000007 74687.250000000015 87305.875000000015 125.50000000000001 138.50000000000003 73969.750000000015 246979176.00000003 134.50000000000003 147974816.00000003 142955720.00000003 121.50000000000001
decision_type=2 2 2 2 2 2 2 2 2 2 2 2 2 2 2 2 2 2 2 2 2 2 2 2 2 2 2 2 2 2
left_child=1 2 3 4 5 17 -2 -8 -9 12 11 -11 13 -10 -14 -13 -12 18 27 -19 25 22 -22 -24 -23 -21 -27 28 -1 -29
right_child=6 -3 -4 -5 -6 -7 7 8 9 10 16 15 14 -15 -16 -17 -18 19 -20 20 21 24 23 -25 -26 26 -28 29 -30 -31
leaf_value=-4.5434674214471793e-06 -0.0022601260505616667 0.0037162523095806443 -0.0026525748361434258 0.0024073667612604121 0.0017501353084839679 -0.0019990601505043976 -0.0012740444414921 0.0021609842060850218 -7.011386220373454e-05 0.0017666156951998994 -0.00097958638354958528 -0.0025047248063076819 -0.0018777624471113087 0.0035963747437625865 0.0010363602920645668 -0.00025693624155662418 -0.003402524210440998 -0.0020783407801690584 -0.0030131956422701483 0.0040890795515371942 0.0013672413881674098 0.0046049410028250089 -0.0060708462273136587 0.00098768716297027736 -0.00011303903640509817 -0.00051705152170894593 0.0029304465511813763 -0.0027409446063554953 0.0030473127310095289 0.00039042355110723297
leaf_weight=3635 25 24 21 22 37 31 71 39 31 31 21 28 24 29 31 35 26 26 35 37 21 21 28 22 20 23 20 27 27 32
leaf_count=3635 25 24 21 22 37 31 71 39 31 31 21 28 24 29 31 35 26 26 35 37 21 21 28 22 20 23 20 27 27 32
internal_value=7.21613e-13 2.60152e-05 4.33454e-06 1.80636e-05 5.05903e-06 -1.10628e-05 -0.000273393 -0.000137687 0.000135809 -0.000172714 -0.000946077 -0.000259149 0.000775497 0.00170202 -0.000235257 -0.00125595 -0.00231993 4.445e-06 -2.69467e-05 0.000545304 0.000900589 -0.000224103 -0.0016837 -0.00296509 0.00230349 0.00247516 0.00108644 1.14216e-06 1.79579e-05 -0.00104258
internal_weight=4500 4109 4085 4064 4042 4005 391 366 295 256 141 94 115 60 55 63 47 3974 3756 218 192 112 71 50 41 80 43 3721 3662 59
internal_count=4500 4109 4085 4064 4042 4005 391 366 295 256 141 94 115 60 55 63 47 3974 3756 218 192 112 71 50 41 80 43 3721 3662 59
is_linear=0
shrinkage=0.1


Tree=94
num_leaves=31
num_cat=0
split_feature=10 4 3 7 5 3 9 3 5 7 8 7 7 7 7 9 7 3 7 7 4 1 4 7 7 4 1 1 1 8
split_gain=0.00311547 0.00959732 0.00835916 0.00696599 0.00634675 0.016197 0.0131338 0.016919 0.00797746 0.00721044 0.00889623 0.00762543 0.0119714 0.00512298 0.0550424 0.0374772 0.0339927 0.0555736 0.0451617 0.0297465 0.0449859 0.0278452 0.0237972 0.0222369 0.0286339 0.0377437 0.0367664 0.0221306 0.0346859 0.018558
threshold=118219.00000000001 89820.500000000015 116334.50000000001 154096640.00000003 109279.50000000001 107349.50000000001 90248.500000000015 111210.50000000001 105696.50000000001 483648496.00000006 40528.125000000007 390324832.00000006 346919152.00000006 89242412.000000015 83709472.000000015 68643.250000000015 77872912.000000015 62412.500000000007 80946536.000000015 97875540.000000015 46192.500000000007 142.50000000000003 66821.000000000015 65492522.000000007 70404140.000000015 42408.500000000007 126.50000000000001 133.50000000000003 142.50000000000003 72129.250000000015
decision_type=2 2 2 2 2 2 2 2 2 2 2 2 2 2 2 2 2 2 2 2 2 2 2 2 2 2 2 2 2 2
left_child=2 -2 4 -3 5 8 -6 -8 9 11 -11 12 13 14 16 -16 23 -18 -19 20 -15 -22 29 -1 -25 -26 -27 -28 -29 -21
right_child=1 3 -4 -5 6 -7 7 -9 -10 10 -12 -13 -14 19 15 -17 17 18 -20 22 21 -23 -24 24 25 26 27 28 -30 -31
leaf_value=-2.2819290820148223e-05 -0.0021357044944091252 -0.00097971695525172586 0.0015959349771340688 0.0016279886849224568 -0.0030393158174341637 0.0026601197339756336 -0.0018885811655006063 0.0019068959110882134 -0.0016830990706304357 -0.00032410070548807694 0.0023426220085921473 -0.0014332137396244485 0.0022356985330892107 0.0010837136133541835 0.005673676567023684 4.6800741693004972e-05 0.0020891941199079156 -0.0077777923725079745 -0.001343646244883227 -4.8443423504820992e-05 -0.0058041191753000028 -0.0010563430315371426 0.0018959283343342654 0.0024159758826334094 -0.0029001760281971659 0.0048794980882667007 -0.0026076043236323379 0.0037837186348624527 -0.0016606081356506119 -0.0020523941922001541
leaf_weight=3047 27 21 33 20 21 23 24 23 28 22 29 37 24 29 29 20 20 20 24 610 30 21 59 88 32 20 22 25 22 50
leaf_count=3047 27 21 33 20 21 23 24 23 28 22 29 37 24 29 29 20 20 20 24 610 30 21 59 88 32 20 22 25 22 50
internal_value=1.01709e-12 -0.00067174 1.03065e-05 0.000292335 -1.58844e-06 1.34623e-05 -0.000960191 -3.122e-05 -6.67903e-07 1.03387e-05 0.00119227 -3.91496e-06 8.70051e-06 -4.1229e-06 4.9868e-05 0.00337699 7.62845e-07 -0.00228155 -0.00426826 -0.000231777 -0.00206099 -0.00384915 -2.82482e-05 4.56241e-05 0.00104346 4.52613e-05 0.00110429 1.00332e-05 0.00123531 -0.000200258
internal_weight=4500 68 4432 41 4399 4331 68 47 4308 4280 51 4229 4192 4168 3369 49 3320 64 44 799 80 51 719 3256 209 121 89 69 47 660
internal_count=4500 68 4432 41 4399 4331 68 47 4308 4280 51 4229 4192 4168 3369 49 3320 64 44 799 80 51 719 3256 209 121 89 69 47 660
is_linear=0
shrinkage=0.1


Tree=95
num_leaves=31
num_cat=0
split_feature=4 4 9 8 8 7 4 4 9 10 6 5 3 3 7 7 1 6 4 1 5 8 8 4 6 8 4 9 4 4
split_gain=0.0030705 0.0504833 0.0189884 0.0369526 0.0997925 0.0497121 0.0612451 0.037707 0.0444531 0.104514 0.0475955 0.0388862 0.0448782 0.0441647 0.032725 0.0337903 0.0303461 0.0300178 0.023968 0.0179116 0.0232259 0.0173941 0.0717511 0.0540415 0.0380491 0.0304177 0.0493438 0.0407191 0.0307962 0.02615
threshold=49054.500000000007 49472.000000000007 51169.250000000007 49416.125000000007 49949.250000000007 54085308.000000007 45772.000000000007 46704.500000000007 57275.250000000007 57385.750000000007 57586.250000000007 64251.000000000007 59789.500000000007 68261.000000000015 102044000.00000001 145323904.00000003 145.50000000000003 53073.750000000007 43353.500000000007 134.50000000000003 64603.500000000007 48703.000000000007 47190.000000000007 46192.500000000007 49578.333984375007 46034.375000000007 43749.500000000007 49178.750000000007 43071.500000000007 41083.000000000007
decision_type=2 2 2 2 2 2 2 2 2 2 2 2 2 2 2 2 2 2 2 2 2 2 2 2 2 2 2 2 2 2
left_child=2 -2 17 5 -5 6 -4 8 9 -6 -10 12 -9 -13 -12 -16 18 21 19 20 -7 22 25 -23 -24 26 28 -27 29 -1
right_child=1 -3 3 4 7 16 -8 11 10 -11 14 13 -14 -15 15 -17 -18 -19 -20 -21 -22 23 24 -25 -26 27 -28 -29 -30 -31
leaf_value=-8.1422161410316639e-05 0.003797764638956222 2.2403209693535921e-05 -0.0064315258162633455 0.0056670402000048043 -0.001345061615575105 0.0025988999503351808 -0.00036334113442692265 -0.0014104724222750858 -0.0044985047675884116 0.0060716246153644628 0.0033606970691695236 0.0029621118984731109 -0.0066733256645070821 -0.0019255214522654928 -0.0041819302963891202 0.00037698333337377542 -0.0042155661341526061 0.0035337943993508816 -0.002818759053014219 0.0024748211726546288 -0.001421928752725031 0.0014536576620726423 0.00076279659289866684 -0.0057286192383617165 0.0060450951739524804 -0.0045628351356947058 0.0040014487773840949 0.000991247454922731 -0.0037436115206219258 0.0017274194276508165
leaf_weight=1338 36 2193 39 29 38 20 29 43 26 38 26 29 26 51 21 72 20 25 25 35 51 22 25 20 30 33 31 22 22 85
leaf_count=1338 36 2193 39 29 38 20 29 43 26 38 26 29 26 51 21 72 20 25 25 35 51 22 25 20 30 33 31 22 22 85
internal_value=-2.19352e-12 8.33781e-05 -8.18361e-05 -0.000554745 1.81346e-05 -0.00159849 -0.00384362 -0.000424617 0.000404293 0.00236328 -0.000622488 -0.00165407 -0.00339358 -0.000153754 0.000224373 -0.000652449 -0.00058743 9.49685e-05 -3.35161e-05 0.000623381 -0.000289301 4.21609e-05 9.5353e-05 -0.00196647 0.00364405 -3.21312e-05 5.39114e-05 -0.0023412 -3.07762e-05 2.66253e-05
internal_weight=4500 2229 2271 618 399 219 68 370 221 76 145 149 69 80 119 93 151 1653 131 106 71 1628 1586 42 55 1531 1476 55 1445 1423
internal_count=4500 2229 2271 618 399 219 68 370 221 76 145 149 69 80 119 93 151 1653 131 106 71 1628 1586 42 55 1531 1476 55 1445 1423
is_linear=0
shrinkage=0.1


Tree=96
num_leaves=31
num_cat=0
split_feature=8 8 9 10 10 6 3 10 6 7 3 3 5 1 1 1 1 5 4 3 8 6 5 5 3 8 9 5 10 9
split_gain=0.00295007 0.0118467 0.011637 0.00797293 0.0104105 0.00662131 0.0258782 0.0169665 0.0146428 0.010396 0.00686037 0.0263455 0.0114602 0.0080558 0.01384 0.0174472 0.0176081 0.00799204 0.0292253 0.0262738 0.00673001 0.0327064 0.0166975 0.0387872 0.0384655 0.0325766 0.0307832 0.0220301 0.0555989 0.0404118
threshold=7155.8750000000009 9963.5000000000018 12819.750000000002 16933.750000000004 20101.000000000004 22619.833984375004 21797.500000000004 27027.250000000004 21310.583984375004 30765592.000000004 24712.000000000004 28726.500000000004 31452.000000000004 85.500000000000014 92.500000000000014 94.500000000000014 97.500000000000014 33793.000000000007 25492.500000000004 33945.000000000007 28740.500000000004 33735.666015625007 40949.000000000007 41675.000000000007 38827.500000000007 34649.000000000007 35450.000000000007 46942.500000000007 45746.000000000007 38492.500000000007
decision_type=2 2 2 2 2 2 2 2 2 2 2 2 2 2 2 2 2 2 2 2 2 2 2 2 2 2 2 2 2 2
left_child=-1 -2 -3 -4 -5 6 -6 -7 9 -8 -9 -12 -13 -14 -15 -16 -17 18 -18 -19 -21 -22 24 -24 25 -23 -25 28 29 -28
right_child=1 2 3 4 5 7 8 10 -10 -11 11 12 13 14 15 16 17 19 -20 20 21 22 23 26 -26 -27 27 -29 -30 -31
leaf_value=-0.0009016143494389125 0.0018139803575144874 -0.0023558545303309247 0.0018607593789372757 -0.0018320233872791214 0.004027727739885449 -0.002237355079063598 -0.0021299912761605813 -0.0018421686001238412 0.0016878555317155341 0.00073344407913585508 0.0028286868000798153 -0.0023381778737530112 -0.0015766821306897327 0.0018671600606103311 -0.0028105723925612191 0.0022793248956612146 0.00091038329671297609 0.00286412630812265 -0.0038071270838069418 -0.00072326193164985329 0.0028555691172368826 -0.002400302385445684 0.0037890400427083174 0.003481808893848211 -0.0042111628448530556 0.0025660978480508286 -0.0032397082290844996 1.8570040257486919e-05 -0.0058159109374338932 0.00040514656694561952
leaf_weight=36 36 21 23 31 20 34 32 20 33 21 33 21 32 40 22 34 29 32 24 129 40 25 27 25 31 28 40 3432 22 127
leaf_count=36 36 21 23 31 20 34 32 20 33 21 33 21 32 40 22 34 29 32 24 129 40 25 27 25 31 28 40 3432 22 127
internal_value=3.82473e-12 7.27109e-06 -7.41761e-06 3.77304e-06 -5.96936e-06 7.03493e-06 0.000787702 -1.24496e-05 3.42074e-05 -0.000995423 5.50599e-06 1.43191e-05 -8.00639e-06 3.81618e-06 1.61308e-05 -2.0746e-06 1.32003e-05 -6.00894e-06 -0.00122585 1.03254e-05 -1.29353e-05 1.11975e-05 -1.9086e-05 1.27952e-05 -0.00141313 0.000223456 -1.51693e-05 -3.9313e-05 -0.0010904 -0.000467873
internal_weight=4500 4464 4428 4407 4384 4353 106 4247 86 53 4213 4193 4160 4139 4107 4067 4045 4011 53 3958 3926 3797 3757 3673 84 53 3646 3621 189 167
internal_count=4500 4464 4428 4407 4384 4353 106 4247 86 53 4213 4193 4160 4139 4107 4067 4045 4011 53 3958 3926 3797 3757 3673 84 53 3646 3621 189 167
is_linear=0
shrinkage=0.1


Tree=97
num_leaves=31
num_cat=0
split_feature=1 1 4 9 7 8 3 7 4 9 4 4 8 8 3 9 8 9 9 5 6 4 6 5 6 8 10 4 3 5
split_gain=0.00320644 0.0156073 0.0211477 0.0341874 0.0558054 0.0284844 0.0205023 0.0264808 0.0140204 0.012541 0.0250064 0.0102779 0.0324997 0.0268143 0.0232823 0.0437754 0.0379521 0.0367343 0.0432121 0.0216055 0.0215876 0.0393872 0.0209687 0.0185747 0.0271204 0.0430441 0.0380168 0.0204181 0.0165684 0.0157491
threshold=144.50000000000003 141.50000000000003 31346.000000000004 48594.750000000007 20252793.000000004 50407.500000000007 60165.500000000007 72868200.000000015 25033.000000000004 78181.750000000015 58121.500000000007 30325.500000000004 30328.875000000004 36429.875000000007 49018.000000000007 49996.500000000007 49416.125000000007 53133.250000000007 55081.000000000007 47241.500000000007 59327.333984375007 50950.500000000007 48890.332031250007 67602.000000000015 66076.414062500015 58933.750000000007 71239.500000000015 53524.500000000007 61964.500000000007 73544.500000000015
decision_type=2 2 2 2 2 2 2 2 2 2 2 2 2 2 2 2 2 2 2 2 2 2 2 2 2 2 2 2 2 2
left_child=1 -1 8 4 -4 -5 -7 9 -3 10 -8 12 -2 -13 19 22 28 -18 -19 -15 21 -20 -16 -22 25 26 -25 -26 -17 -29
right_child=11 2 3 5 -6 6 7 -9 -10 -11 -12 13 -14 14 15 16 17 18 20 -21 23 -23 -24 24 27 -27 -28 29 -30 -31
leaf_value=2.4446944063635422e-05 0.0010362910201365595 -0.0005336207509528669 -0.0005504316000010947 0.0023115221658841739 -0.0073192736045235686 -0.003826556708240374 0.0015127746481448413 -0.0022113003343292802 0.0030402073758127898 0.0021287827868945899 -0.0019609907590567546 0.0037237817352764654 -0.0037235466440996299 0.00011373591524633495 0.001534084901213646 -0.00090911814809909895 0.0042861427201635457 -0.0042231673073150561 -0.00024049895740038641 -0.0043705670562173638 -0.002064814655061223 0.0045917620319091993 0.0054363015196507887 -0.0019430501584429293 -0.0030111268770111645 0.0054604494284528002 0.0036855096337967555 -0.0021871691569685936 -0.0049307953007519251 0.00029824319093900718
leaf_weight=3392 32 21 29 31 21 22 40 64 23 29 43 22 26 22 40 21 22 22 37 21 38 31 21 30 23 24 20 28 20 285
leaf_count=3392 32 21 29 31 21 22 40 64 23 29 43 22 26 22 40 21 22 22 37 21 38 31 21 30 23 24 20 28 20 285
internal_value=4.88669e-12 -3.88026e-05 -0.000703021 -0.00102435 -0.00339335 -0.000507106 -0.000948406 -0.000588637 0.00133452 0.000338599 -0.000286887 0.000183633 -0.00109743 0.000285836 0.000178552 0.000325014 6.59458e-05 0.000280966 0.000117185 -0.00207627 0.000302239 0.00196244 0.00287747 5.02437e-05 0.000246273 0.00197932 0.000308374 -0.000135409 -0.00287091 7.5906e-05
internal_weight=4500 3715 323 279 50 229 198 176 44 112 83 785 58 727 705 662 601 560 538 43 516 68 61 448 410 74 50 336 41 313
internal_count=4500 3715 323 279 50 229 198 176 44 112 83 785 58 727 705 662 601 560 538 43 516 68 61 448 410 74 50 336 41 313
is_linear=0
shrinkage=0.1


Tree=98
num_leaves=31
num_cat=0
split_feature=8 8 7 6 6 5 10 10 4 10 6 4 7 5 3 10 5 10 6 3 8 10 9 3 9 9 9 7 1 1
split_gain=0.00290685 0.00734119 0.0242911 0.0114763 0.0167601 0.00907144 0.00880614 0.00786591 0.022257 0.0170821 0.0327411 0.0194706 0.0120671 0.00862052 0.024016 0.0153648 0.0141643 0.0199104 0.0293167 0.0212009 0.0150848 0.0149924 0.0288528 0.0233041 0.0195939 0.0356153 0.0237493 0.0335376 0.0374325 0.021812
threshold=86155.375000000015 83148.500000000015 64785130.000000007 90749.585937500015 88287.585937500015 93243.500000000015 100587.62500000001 96410.625000000015 65804.000000000015 93558.750000000015 80347.835937500015 69150.000000000015 607810112.00000012 94233.500000000015 93051.000000000015 89651.375000000015 91599.500000000015 85718.000000000015 75168.832031250015 88215.000000000015 77641.500000000015 76804.500000000015 73146.000000000015 79197.000000000015 64647.250000000007 67680.750000000015 75174.000000000015 16881166.000000004 123.50000000000001 141.50000000000003
decision_type=2 2 2 2 2 2 2 2 2 2 2 2 2 2 2 2 2 2 2 2 2 2 2 2 2 2 2 2 2 2
left_child=1 3 5 4 6 -3 7 9 -9 12 -11 -12 13 14 15 16 17 19 -19 20 21 22 23 -1 -23 -26 -27 -28 -29 -30
right_child=-2 2 -4 -5 -6 -7 -8 8 -10 10 11 -13 -14 -15 -16 -17 -18 18 -20 -21 -22 24 -24 -25 25 26 27 28 29 -31
leaf_value=-9.1806482990522897e-06 -0.00036977675599028848 0.00065600570330085861 0.002692810066680356 -0.0019181847099154709 0.0021921136190316509 -0.002189956232905388 -0.001562603865750134 -0.00043553800712670056 0.0038432720350101593 0.0016490414622239769 -0.0055191748554352677 -0.0011594713183252939 0.0024682580912485722 0.0011479355436033354 -0.0032350711109440616 0.0023830545885074471 0.002579243623075031 -0.0042546700225032583 -0.00048148612182521538 0.0028623676321540888 0.0019042133978318153 -0.0030894071225012684 0.0026852543648934312 0.0029969862299577266 0.0025582183850732495 -0.0014669348852689433 -0.0023477247972949981 -0.0023943470264957464 0.0028436074041939506 -0.00017347497636659978
leaf_weight=3152 203 24 41 31 35 21 36 31 20 20 20 21 20 65 23 27 21 26 99 26 41 29 41 26 37 191 41 27 68 37
leaf_count=3152 203 24 41 31 35 21 36 31 20 20 20 21 20 65 23 27 21 26 99 26 41 29 41 26 37 191 41 27 68 37
internal_value=9.83548e-13 1.74691e-05 0.000932096 -1.21006e-06 1.30067e-05 -0.00067211 -5.39345e-06 8.24967e-06 0.00124243 -7.26118e-06 -0.00166806 -0.00328616 1.8085e-05 5.76328e-06 -1.32145e-05 5.8399e-06 -1.07797e-05 -2.49402e-05 -0.00126631 1.68174e-05 -3.23258e-06 -2.46646e-05 4.9419e-05 1.54135e-05 -0.000579257 -0.000397725 -0.000698192 0.000150536 0.00092651 0.00178045
internal_weight=4500 4297 86 4211 4180 45 4145 4109 51 4058 61 41 3997 3977 3912 3889 3862 3841 125 3716 3690 3649 3219 3178 430 401 364 173 132 105
internal_count=4500 4297 86 4211 4180 45 4145 4109 51 4058 61 41 3997 3977 3912 3889 3862 3841 125 3716 3690 3649 3219 3178 430 401 364 173 132 105
is_linear=0
shrinkage=0.1


Tree=99
num_leaves=31
num_cat=0
split_feature=1 6 8 10 5 10 6 5 10 8 9 7 7 3 3 1 7 7 7 7 8 7 1 1 9 7 7 7 4 3
split_gain=0.00276175 0.0182833 0.0835567 0.050752 0.0383854 0.0657001 0.111279 0.0337555 0.0347995 0.0310522 0.015754 0.0111777 0.0219031 0.0195745 0.044985 0.0101361 0.0219995 0.0367212 0.0401431 0.0277425 0.0287706 0.0285142 0.0126631 0.0107399 0.00985758 0.00958419 0.0307945 0.0252589 0.019591 0.0140561
threshold=107.50000000000001 61590.750000000007 52977.375000000007 74687.250000000015 52780.000000000007 45746.000000000007 36663.332031250007 55746.500000000007 61096.125000000007 29522.750000000004 78890.250000000015 1290866.5625000002 1667087.8750000002 31854.500000000004 48442.500000000007 112.50000000000001 8094369.2500000009 13910058.000000002 30293424.000000004 110939792.00000001 40350.875000000007 225058464.00000003 110.50000000000001 113.50000000000001 61902.000000000007 11359453.500000002 44100782.000000007 6834521.5000000009 6391.0000000000009 13808.500000000002
decision_type=2 2 2 2 2 2 2 2 2 2 2 2 2 2 2 2 2 2 2 2 2 2 2 2 2 2 2 2 2 2
left_child=1 2 4 -3 5 6 9 -6 -9 25 -5 13 -13 -2 -15 16 -14 -18 -19 20 -20 -21 -22 24 -17 27 -27 28 -1 -30
right_child=11 3 -4 10 7 -7 -8 8 -10 -11 -12 12 15 14 -16 23 17 18 19 21 22 -23 -24 -25 -26 26 -28 -29 29 -31
leaf_value=-0.0020929037220776083 -0.0012816730365157129 -0.0043703095786072118 0.0047473722084292354 0.0021217764976123972 -0.0057454034347929773 0.0044457860029069709 -0.0075207662209868442 0.00072856308022317923 -0.0043438109109133838 0.0035120440279850021 -0.0010736761119915174 -0.0030751111588197882 -0.0017901717460361022 0.0054732676299560504 9.1108132619410756e-05 -0.002935379097471014 0.0052104106883052743 -0.0024773691948212218 -0.00012662781380294333 -0.0030280189915737584 0.0026702456974557471 0.0021831607446074486 0.0061430112458765512 3.2890322233352801e-06 -6.925788863251606e-05 0.0023356101617379036 -0.0018706371578446125 -0.003401746600003982 0.0026463525209190521 -0.00023031889619987185
leaf_weight=30 25 37 35 27 21 32 20 38 21 26 36 23 29 24 44 24 20 32 21 21 21 21 21 3656 24 46 28 27 29 41
leaf_count=30 25 37 35 27 21 32 20 38 21 26 36 23 29 24 44 24 20 32 21 21 21 21 21 3656 24 46 28 27 29 41
internal_value=-1.78637e-12 -0.000223089 8.3401e-05 -0.00143066 -0.000371304 0.000182402 -0.00036994 -0.00230235 -0.00107686 0.000260089 0.000295804 2.75102e-05 1.75836e-06 0.00111103 0.00199069 1.99506e-05 0.000740294 0.0012077 0.000623368 0.00156835 0.00289554 -0.000422429 0.00440663 -1.62221e-05 -0.00150232 -0.000160562 0.000744057 -0.000687662 4.51404e-05 0.000961445
internal_weight=4500 494 394 100 359 279 247 80 59 227 63 4006 3913 93 68 3890 186 157 137 105 63 42 42 3704 48 201 74 127 100 70
internal_count=4500 494 394 100 359 279 247 80 59 227 63 4006 3913 93 68 3890 186 157 137 105 63 42 42 3704 48 201 74 127 100 70
is_linear=0
shrinkage=0.1


end of trees

feature_importances:
Column_7=430
Column_1=406
Column_3=384
Column_4=367
Column_9=353
Column_8=316
Column_5=290
Column_10=230
Column_6=224

parameters:
[boosting: gbdt]
[objective: regression]
[metric: l2]
[tree_learner: serial]
[device_type: cpu]
[data_sample_strategy: bagging]
[data: ]
[valid: ]
[num_iterations: 100]
[learning_rate: 0.1]
[num_leaves: 31]
[num_threads: 2]
[seed: 42]
[deterministic: 0]
[force_col_wise: 0]
[force_row_wise: 0]
[histogram_pool_size: -1]
[max_depth: -1]
[min_data_in_leaf: 20]
[min_sum_hessian_in_leaf: 0.001]
[bagging_fraction: 1]
[pos_bagging_fraction: 1]
[neg_bagging_fraction: 1]
[bagging_freq: 0]
[bagging_seed: 400]
[bagging_by_query: 0]
[feature_fraction: 1]
[feature_fraction_bynode: 1]
[feature_fraction_seed: 30056]
[extra_trees: 0]
[extra_seed: 12879]
[early_stopping_round: 0]
[early_stopping_min_delta: 0]
[first_metric_only: 0]
[max_delta_step: 0]
[lambda_l1: 0]
[lambda_l2: 0]
[linear_lambda: 0]
[min_gain_to_split: 0]
[drop_rate: 0.1]
[max_drop: 50]
[skip_drop: 0.5]
[xgboost_dart_mode: 0]
[uniform_drop: 0]
[drop_seed: 17869]
[top_rate: 0.2]
[other_rate: 0.1]
[min_data_per_group: 100]
[max_cat_threshold: 32]
[cat_l2: 10]
[cat_smooth: 10]
[max_cat_to_onehot: 4]
[top_k: 20]
[monotone_constraints: ]
[monotone_constraints_method: basic]
[monotone_penalty: 0]
[feature_contri: ]
[forcedsplits_filename: ]
[refit_decay_rate: 0.9]
[cegb_tradeoff: 1]
[cegb_penalty_split: 0]
[cegb_penalty_feature_lazy: ]
[cegb_penalty_feature_coupled: ]
[path_smooth: 0]
[interaction_constraints: ]
[verbosity: -1]
[saved_feature_importance_type: 0]
[use_quantized_grad: 0]
[num_grad_quant_bins: 4]
[quant_train_renew_leaf: 0]
[stochastic_rounding: 1]
[linear_tree: 0]
[max_bin: 255]
[max_bin_by_feature: ]
[min_data_in_bin: 3]
[bin_construct_sample_cnt: 200000]
[data_random_seed: 175]
[is_enable_sparse: 1]
[enable_bundle: 1]
[use_missing: 1]
[zero_as_missing: 0]
[feature_pre_filter: 1]
[pre_partition: 0]
[two_round: 0]
[header: 0]
[label_column: ]
[weight_column: ]
[group_column: ]
[ignore_column: ]
[categorical_feature: ]
[forcedbins_filename: ]
[precise_float_parser: 0]
[parser_config_file: ]
[objective_seed: 16083]
[num_class: 1]
[is_unbalance: 0]
[scale_pos_weight: 1]
[sigmoid: 1]
[boost_from_average: 1]
[reg_sqrt: 0]
[alpha: 0.9]
[fair_c: 1]
[poisson_max_delta_step: 0.7]
[tweedie_variance_power: 1.5]
[lambdarank_truncation_level: 30]
[lambdarank_norm: 1]
[label_gain: ]
[lambdarank_position_bias_regularization: 0]
[eval_at: ]
[multi_error_top_k: 1]
[auc_mu_weights: ]
[num_machines: 1]
[local_listen_port: 12400]
[time_out: 120]
[machine_list_filename: ]
[machines: ]
[gpu_platform_id: -1]
[gpu_device_id: -1]
[gpu_use_dp: 0]
[num_gpu: 1]

end of parameters

pandas_categorical:null
