tree
version=v4
num_class=1
num_tree_per_iteration=1
label_index=0
max_feature_idx=10
objective=regression
feature_names=Column_0 Column_1 Column_2 Column_3 Column_4 Column_5 Column_6 Column_7 Column_8 Column_9 Column_10
feature_infos=none [40:157] none [7904:181894] [3002:146560] [14038:181894] [12167.6669921875:162283.5] [49877.66796875:2354171904] [9804:154166] [12669.5:158406] [13290.5:175523]
tree_sizes=2745 2901 2902 2907 2916 2897 2904 2910 2931 2907 2911 2919 2902 2910 2917 2922 2929 2925 2903 2907 2922 2919 2915 2926 2918 2935 2908 2938 2914 2938 2920 2902 2937 2905 2929 2947 2899 2956 2934 2917 2968 2929 2931 2912 2927 2916 2878 2891 2921 2935 2923 2924 2932 2909 2924 2927 2924 2928 2892 2932 2909 2941 2939 2922 2944 2922 2953 2958 2930 2918 2915 2920 2918 2920 2921 2947 2934 2889 2933 2947 2934 2953 2941 2900 2938 2927 2920 2925 2916 2917 2947 2946 2934 2946 2944 2953 2924 2929 2943 2942

Tree=0
num_leaves=31
num_cat=0
split_feature=9 3 8 9 3 9 3 1 4 9 7 1 4 7 6 8 8 1 7 3 6 9 9 4 7 9 9 6 4 10
split_gain=4.39013 1.08364 0.596803 0.200975 0.181195 0.17238 0.0699045 0.0554195 0.0640596 0.0580613 0.0501943 0.0521146 0.0512821 0.0489268 0.0488369 0.0479385 0.0466765 0.0462716 0.0521903 0.0880786 0.0405672 0.0390536 0.0389624 0.0479225 0.0344386 0.0406363 0.0336106 0.037907 0.0329559 0.0341642
threshold=71955.500000000015 56449.500000000007 91090.750000000015 79784.000000000015 46622.000000000007 64122.750000000007 72770.000000000015 129.50000000000003 50532.500000000007 58094.500000000007 51346910.000000007 130.50000000000003 63838.500000000007 5912687.5000000009 70070.582031250015 45743.125000000007 99764.375000000015 130.50000000000003 69709028.000000015 83462.000000000015 79187.750000000015 76844.000000000015 52725.000000000007 46057.000000000007 5912687.5000000009 40956.750000000007 90811.750000000015 89068.750000000015 76843.000000000015 89009.500000000015
decision_type=2 2 2 2 2 2 2 2 2 2 2 2 2 2 2 2 2 2 2 2 2 2 2 2 2 2 2 2 2 2
left_child=1 4 3 6 24 7 -2 8 9 -3 11 12 -7 -13 -12 -6 -4 18 19 -5 -8 -22 -17 -24 -1 -26 27 28 -19 -30
right_child=2 5 16 17 15 10 20 -9 -10 -11 14 13 -14 -15 -16 22 -18 26 -20 -21 21 -23 23 -25 25 -27 -28 -29 29 -31
leaf_value=0.16899739954463819 0.16347000233054396 0.16358912476035531 0.15282294323720233 0.16082714520351932 0.16419414038963301 0.16411963739932875 0.15842662338699573 0.16234390789958772 0.16492525539009267 0.16085835203329882 0.15918052879010725 0.16472926155229409 0.16063393666530756 0.16015750233934617 0.16163197434980695 0.16695044927422273 0.14944059006940402 0.15655024924915698 0.15838866275628352 0.15450846367285975 0.16297000258342023 0.15911285954950347 0.16158111352970203 0.16579407641919397 0.16644046655843237 0.1688195168496448 0.15391156065434453 0.15963666918977268 0.1559872434972375 0.15088666861157657
leaf_weight=146 35 319 102 28 290 137 438 571 257 103 190 27 61 176 142 179 68 162 209 104 42 70 36 108 237 103 77 30 29 24
leaf_count=146 35 319 102 28 290 137 438 571 257 103 190 27 61 176 142 179 68 162 209 104 42 70 36 108 237 103 77 30 29 24
internal_value=0.161633 0.163752 0.157029 0.157786 0.166271 0.162356 0.159137 0.16307 0.163681 0.162923 0.161138 0.161891 0.163046 0.160766 0.160229 0.165127 0.15147 0.156594 0.157405 0.155849 0.158861 0.160559 0.165965 0.164741 0.167713 0.167161 0.155734 0.156307 0.155842 0.153678
internal_weight=4500 3082 1418 1248 1099 1983 585 1250 679 422 733 401 198 203 332 613 170 663 341 132 550 112 323 144 486 340 322 245 215 53
internal_count=4500 3082 1418 1248 1099 1983 585 1250 679 422 733 401 198 203 332 613 170 663 341 132 550 112 323 144 486 340 322 245 215 53
is_linear=0
shrinkage=1


Tree=1
num_leaves=31
num_cat=0
split_feature=9 3 8 10 9 3 3 1 9 4 1 8 5 8 4 7 1 9 8 8 4 1 7 9 8 9 3 7 5 9
split_gain=3.55601 0.878494 0.48341 0.175873 0.16279 0.0931245 0.0566227 0.0469803 0.0425119 0.0408133 0.0387239 0.0378079 0.0365685 0.0360016 0.0552698 0.0357901 0.0355683 0.0383806 0.0357701 0.0330826 0.0317875 0.0315115 0.0288291 0.0277723 0.0277942 0.027497 0.0271797 0.0261912 0.0237327 0.0620875
threshold=71955.500000000015 53839.500000000007 91090.750000000015 67623.000000000015 79784.000000000015 46622.000000000007 72770.000000000015 127.50000000000001 47293.000000000007 50532.500000000007 139.50000000000003 99764.375000000015 82291.000000000015 75620.375000000015 66379.000000000015 12620226.500000002 116.50000000000001 63771.000000000007 60684.625000000007 81892.750000000015 48874.500000000007 122.50000000000001 13650876.000000002 54033.000000000007 45953.875000000007 40956.750000000007 48063.000000000007 33101333.000000004 101085.50000000001 90811.750000000015
decision_type=2 2 2 2 2 2 2 2 2 2 2 2 2 2 2 2 2 2 2 2 2 2 2 2 2 2 2 2 2 2
left_child=1 5 4 7 6 22 -2 9 -7 20 15 -4 13 14 27 -6 -5 -18 -19 -12 23 -14 -1 24 -3 -24 -10 -8 -17 -30
right_child=2 3 11 16 10 8 12 -9 26 -11 19 -13 21 -15 -16 28 17 18 -20 -21 -22 -23 25 -25 -26 -27 -28 -29 29 -31
leaf_value=0.0061807240625071438 0.0016530000365206174 0.0017750430690205616 -0.0079293529619462785 0.0010530098251855145 -0.0072435433880480779 0.0023306879989410702 -0.0072712337332112454 0.001051106259451601 0.0075416514339546369 0.0035656945431952951 -0.0047193174721039044 -0.010973470525213462 -0.00046487967697305419 -0.007592662386596203 -0.0011551621416583658 -0.0044285675211298446 0.00059413796624893916 -0.0022832296788692476 -0.00042616327674697144 -0.0076808427634190712 -0.0011751146411851925 -0.0025165704971327444 0.0039460156969031938 0.00074944759809733499 0.0040338733130031159 0.0064244999760581598 0.0039820984374768663 -0.0036804999451379517 -0.0010443503616464347 -0.0048120546834857277
leaf_weight=263 35 138 102 208 34 190 28 580 24 182 94 68 109 20 80 297 262 136 437 63 34 239 161 113 90 62 202 74 86 89
leaf_count=263 35 138 102 208 34 190 28 580 24 182 94 68 109 20 80 297 262 136 437 63 34 239 161 113 90 62 202 74 86 89
internal_value=2.26725e-11 0.00190676 -0.00414432 0.000820768 -0.00346287 0.00453145 -0.002247 0.00168103 0.00343321 0.00233697 -0.00453569 -0.009147 -0.00249518 -0.00356543 -0.00312288 -0.00410998 -0.00011703 -0.000408489 -0.000866933 -0.0059077 0.00174064 -0.00187394 0.00547152 0.00203136 0.00266669 0.0046351 0.0043601 -0.00466619 -0.00388426 -0.0029605
internal_weight=4500 3082 1418 2180 1248 902 585 1137 416 557 663 170 550 202 182 506 1043 835 573 157 375 348 486 341 228 223 226 102 472 175
internal_count=4500 3082 1418 2180 1248 902 585 1137 416 557 663 170 550 202 182 506 1043 835 573 157 375 348 486 341 228 223 226 102 472 175
is_linear=0
shrinkage=0.1


Tree=2
num_leaves=31
num_cat=0
split_feature=9 3 8 9 3 9 3 1 4 7 1 1 9 7 1 3 8 9 3 8 7 1 3 9 6 9 4 9 10 7
split_gain=2.88037 0.72297 0.391562 0.135631 0.115419 0.113598 0.0531409 0.0413915 0.0507455 0.0413281 0.0386613 0.0382448 0.0420665 0.0368909 0.0410567 0.0394006 0.0344767 0.0343115 0.0335068 0.0316726 0.0299324 0.0279326 0.0276013 0.0272911 0.0376458 0.0358335 0.0272566 0.02585 0.0336022 0.0270927
threshold=71955.500000000015 56449.500000000007 91090.750000000015 83295.250000000015 46622.000000000007 64122.750000000007 72770.000000000015 135.50000000000003 50532.500000000007 87917672.000000015 127.50000000000001 127.50000000000001 97222.750000000015 51346910.000000007 135.50000000000003 82528.500000000015 45743.125000000007 58094.500000000007 87891.000000000015 102661.00000000001 21571876.000000004 133.50000000000003 66289.500000000015 52725.000000000007 53509.416015625007 53403.250000000007 63838.500000000007 70420.500000000015 68633.625000000015 26685896.000000004
decision_type=2 2 2 2 2 2 2 2 2 2 2 2 2 2 2 2 2 2 2 2 2 2 2 2 2 2 2 2 2 2
left_child=1 4 3 6 -1 7 -2 8 17 18 -8 -11 -13 14 26 -15 -6 -3 21 -4 -20 -5 -10 -18 25 -25 -7 28 -16 -30
right_child=2 5 19 9 16 13 10 -9 22 11 -12 12 -14 15 27 -17 23 -19 20 -21 -22 -23 -24 24 -26 -27 -28 -29 29 -31
leaf_value=0.0049243664418810928 0.0014877000078558922 0.001407345566013367 -0.0073387285397082825 -0.0056444859592540359 0.0020694687442275985 0.001643960452689738 -0.001643640569570681 0.00029937275601574882 0.0034100395561579393 -0.002281244516842322 -0.0030982356943041888 -0.0039408171809627674 -0.008770702943597412 -0.0022116131017689655 0.0016663404829476193 -2.8037414435417424e-05 0.0043959975325861458 -0.00043923276851871125 -0.0090024829041794874 -0.010317300099368189 -0.0055662978751600152 -0.0015300176646137103 0.0015586567671324303 0.0032319887762977968 0.003654462643613925 -0.0023713123723864554 -0.00055185162303287812 0.0020567935536659901 -0.0040211902948265729 -0.00054907465941811861
leaf_weight=486 35 404 119 33 290 182 311 389 170 117 443 100 22 177 23 155 179 134 32 51 122 33 153 21 98 25 82 21 55 38
leaf_count=486 35 404 119 33 290 182 311 389 170 117 443 100 22 177 23 155 179 134 32 51 122 33 153 21 98 25 82 21 55 38
internal_value=3.74211e-12 0.00171609 -0.00372989 -0.00311658 0.00377343 0.000575887 -0.00232145 0.00115548 0.00154227 -0.00448338 -0.00249826 -0.00357298 -0.00481178 -0.000412502 0.00023301 -0.00119217 0.00286094 0.000947417 -0.00547239 -0.0082323 -0.00628031 -0.00358725 0.00253307 0.00357155 0.00254671 0.000186716 0.000961928 -0.00117162 -0.00175607 -0.00260248
internal_weight=4500 3082 1418 1248 1099 1983 789 1250 861 459 754 239 122 733 401 332 613 538 220 170 154 66 323 323 144 46 264 137 116 93
internal_count=4500 3082 1418 1248 1099 1983 789 1250 861 459 754 239 122 733 401 332 613 538 220 170 154 66 323 323 144 46 264 137 116 93
is_linear=0
shrinkage=0.1


Tree=3
num_leaves=31
num_cat=0
split_feature=9 3 8 9 3 9 3 1 7 1 4 6 9 1 5 9 9 6 8 9 7 7 7 8 3 8 1 4 8 7
split_gain=2.3331 0.585606 0.317166 0.112122 0.0934894 0.0920148 0.0365829 0.0343255 0.0432054 0.0335271 0.0411038 0.0304441 0.0305671 0.0300706 0.0279289 0.0397821 0.0385844 0.0317537 0.0279261 0.0277923 0.0267472 0.0441549 0.0374364 0.0258831 0.0300965 0.0258339 0.0252618 0.025094 0.047712 0.0245779
threshold=71955.500000000015 56449.500000000007 91090.750000000015 79784.000000000015 46622.000000000007 64122.750000000007 72770.000000000015 117.50000000000001 9285190.0000000019 135.50000000000003 50532.500000000007 79187.750000000015 76844.000000000015 148.50000000000003 98595.000000000015 84053.750000000015 93048.500000000015 90716.250000000015 45743.125000000007 58094.500000000007 39815848.000000007 50119108.000000007 81158456.000000015 60807.250000000007 60232.500000000007 99764.375000000015 127.50000000000001 72370.000000000015 71950.250000000015 5912687.5000000009
decision_type=2 2 2 2 2 2 2 2 2 2 2 2 2 2 2 2 2 2 2 2 2 2 2 2 2 2 2 2 2 2
left_child=1 4 3 6 29 9 -2 -7 -9 10 19 27 -13 14 15 -5 17 -16 -6 -3 -17 -22 -23 24 -12 -4 -14 28 -8 -1
right_child=2 5 25 13 18 7 11 8 -10 -11 23 12 26 -15 16 20 -18 -19 -20 -21 21 22 -24 -25 -26 -27 -28 -29 -30 -31
leaf_value=0.0055171483183560311 0.0013389298745564054 0.0012666110168349479 -0.0064025451520494381 -0.0029963484466585134 0.0018625217984462609 0.0010067855961749265 -0.0028402525892250812 0.0014647598001115685 -0.0010487774432287322 0.00026943557165505651 0.0039739897376612618 0.0016087063909730034 0.00082628943103676055 -0.0067888078142035145 -0.0027895438304604923 -0.0063778315802086247 -0.0044627533367510601 0.00013840304372419237 0.0032143927231177275 -0.00039530949069381652 0.00021172287757508456 -0.0072581197903491563 -0.003135113301924525 0.0045339096252891148 0.0013979893890922672 -0.0089188579606878423 -0.0031758919429114977 -0.0049399867108357804 -0.00043701686412658033 0.0039659244002883927
leaf_weight=146 35 404 102 171 290 145 287 79 509 389 57 42 24 30 123 88 89 53 323 134 20 40 49 44 222 68 46 35 116 340
leaf_count=146 35 404 102 171 290 145 287 79 509 389 57 42 24 30 123 88 89 53 323 134 20 40 49 44 222 68 46 35 116 340
internal_value=-4.99438e-12 0.00154448 -0.0033569 -0.00280492 0.00339609 0.000518298 -0.00179586 -0.000371252 -0.000711074 0.00103993 0.00138804 -0.00199535 -0.000524057 -0.00369527 -0.00354866 -0.00411233 -0.0027659 -0.00190783 0.00257485 0.000852675 -0.00508102 -0.00403404 -0.00498815 0.00227976 0.00192427 -0.00740907 -0.00180372 -0.00237157 -0.0021485 0.00443193
internal_weight=4500 3082 1418 1248 1099 1983 585 733 588 1250 861 550 112 663 633 368 265 176 613 538 197 109 89 323 279 170 70 438 403 486
internal_count=4500 3082 1418 1248 1099 1983 585 733 588 1250 861 550 112 663 633 368 265 176 613 538 197 109 89 323 279 170 70 438 403 486
is_linear=0
shrinkage=0.1


Tree=4
num_leaves=31
num_cat=0
split_feature=9 3 8 9 3 9 8 3 8 9 3 3 5 7 1 1 5 3 7 9 1 6 7 1 8 4 6 3 8 9
split_gain=1.88981 0.474341 0.256904 0.0908191 0.0757264 0.075531 0.0392174 0.0296321 0.0296177 0.0501235 0.035255 0.0287353 0.0273051 0.0354643 0.0294033 0.0259443 0.0299913 0.0431358 0.040785 0.0309145 0.0250871 0.0359609 0.0315893 0.0408963 0.0249019 0.0263135 0.0229831 0.0257176 0.0226202 0.0221058
threshold=71955.500000000015 56449.500000000007 91090.750000000015 79784.000000000015 46622.000000000007 63771.000000000007 60684.625000000007 72770.000000000015 55009.125000000007 57062.000000000007 66289.500000000015 64806.000000000007 82291.000000000015 5221033.7500000009 110.50000000000001 130.50000000000003 101085.50000000001 83462.000000000015 20670963.000000004 93048.500000000015 138.50000000000003 72040.414062500015 10564117.000000002 143.50000000000003 71950.250000000015 67377.500000000015 67268.500000000015 67792.000000000015 45743.125000000007 52725.000000000007
decision_type=2 2 2 2 2 2 2 2 2 2 2 2 2 2 2 2 2 2 2 2 2 2 2 2 2 2 2 2 2 2
left_child=1 4 3 7 -1 8 -7 -2 9 -3 -10 -11 13 -9 -15 16 17 -5 -19 -18 26 22 -22 -24 -14 -26 -8 -28 -6 -30
right_child=2 5 -4 15 28 6 20 12 10 11 -12 -13 24 14 -16 -17 19 18 -20 -21 21 -23 23 -25 25 -27 27 -29 29 -31
leaf_value=0.0039887369884400335 0.0012050369169030871 0.001057658010810719 -0.0066681630109601169 0.00019153163543549079 0.0016762696360719616 -0.0016246510459376235 0.0014430900530439188 0.0012764345423784107 0.0024292092898394913 -0.0028361334593272679 0.00065501355299992219 -8.129227057504816e-05 -0.0019082249002823539 0.00045760863824398259 -0.0036064651592262378 -0.0039694865285850962 -0.00020240728200102847 -0.0073333000360677643 -0.0033211764513316391 -0.003541263371748342 0.0014612091278346877 0.0023853170424699786 -0.0051449217711036152 -0.00092434466109964347 0.0022305421467000786 -0.0010112319881476364 0.0031449241583923933 -0.00033697122537391092 0.0036349585716867585 0.0019705999733155804
leaf_weight=486 35 566 170 29 290 175 153 20 240 51 210 147 219 20 162 322 75 30 163 44 24 25 38 58 34 95 23 273 179 144
leaf_count=486 35 566 170 29 290 175 153 20 240 51 210 147 219 20 162 322 75 30 163 44 24 25 38 58 34 95 23 273 179 144
internal_value=1.37076e-11 0.00139003 -0.00302121 -0.00252443 0.00305648 0.000466468 -0.00030897 -0.00161627 0.000957665 0.000578589 0.00160125 -0.000790873 -0.00179581 -0.00272063 -0.00315986 -0.00332574 -0.00271787 -0.00340449 -0.00394482 -0.00143694 7.86462e-05 -0.00106495 -0.00178375 -0.00259499 -0.00125899 -0.000156811 0.000447957 -6.64185e-05 0.00231736 0.00289295
internal_weight=4500 3082 1418 1248 1099 1983 769 585 1214 764 450 198 550 202 182 663 341 222 193 119 594 145 120 96 348 129 449 296 613 323
internal_count=4500 3082 1418 1248 1099 1983 769 585 1214 764 450 198 550 202 182 663 341 222 193 119 594 145 120 96 348 129 449 296 613 323
is_linear=0
shrinkage=0.1


Tree=5
num_leaves=31
num_cat=0
split_feature=9 3 9 10 4 9 6 3 4 7 5 3 6 1 4 1 3 10 8 9 8 5 5 1 4 7 7 7 9 8
split_gain=1.53074 0.386464 0.210827 0.0763336 0.054834 0.0486637 0.0581122 0.0416547 0.0375302 0.0374629 0.05779 0.0522185 0.0478125 0.0308678 0.0319414 0.0291416 0.0242335 0.0272993 0.0257368 0.0284206 0.0275717 0.0292992 0.0227128 0.052659 0.032771 0.0355467 0.0306194 0.032058 0.0295173 0.022803
threshold=71955.500000000015 53839.500000000007 90811.750000000015 67623.000000000015 85402.000000000015 77518.250000000015 90716.250000000015 33370.000000000007 77790.500000000015 6490238.0000000009 76621.500000000015 75857.500000000015 77979.082031250015 142.50000000000003 70353.500000000015 127.50000000000001 66919.500000000015 70680.250000000015 69679.000000000015 67826.500000000015 64045.750000000007 69398.000000000015 67540.500000000015 140.50000000000003 58110.500000000007 7450288.0000000009 9285190.0000000019 15447408.500000002 50766.250000000007 55009.125000000007
decision_type=2 2 2 2 2 2 2 2 2 2 2 2 2 2 2 2 2 2 2 2 2 2 2 2 2 2 2 2 2 2
left_child=1 7 5 15 -4 9 8 -1 -7 -2 -11 -12 13 14 -13 -3 17 -5 19 20 21 -18 24 -24 25 -17 -27 -28 -29 -30
right_child=2 3 4 16 -6 6 -8 -9 -10 10 11 12 -14 -15 -16 22 18 -19 -20 -21 -22 -23 23 -25 -26 26 27 28 29 -31
leaf_value=0.0048344691947999376 0.0026728520635515454 0.0016140873753758317 -0.0037875533382155761 -0.00047067436187163642 -0.0064104572548691566 -0.0025151966673584809 0.0011287100177306013 0.0027412569342692497 -0.0046790206895552964 -0.0055574388918103075 0.0021942119524326355 -0.0011932724872687167 0.00070353243150748316 -0.0041291472563123113 -0.0053885511553380637 0.0029520427316146076 -0.0034416810497641566 0.0042176180070749034 0.0026407602723808061 -0.001018485182124239 0.0022128522412426638 6.0357218223094222e-05 0.0036932439469392338 -0.001288171546184458 -0.0032016098126769069 -0.0035198397136160307 0.0025683094249588662 0.001429962044508726 -0.001147920083212482 0.0012896948817129039
leaf_weight=108 23 557 177 23 145 513 39 794 95 32 42 196 75 61 20 53 25 27 31 342 57 538 63 32 25 21 58 102 177 49
leaf_count=108 23 557 177 23 145 513 39 794 95 32 42 196 75 61 20 53 25 27 31 342 57 538 63 32 25 21 58 102 177 49
internal_value=-1.28122e-12 0.00125103 -0.00271909 0.000530728 -0.00496867 -0.00205817 -0.00261327 0.00299189 -0.00285329 -0.00125829 -0.00147053 -0.0011386 -0.00153627 -0.00214271 -0.00158172 0.00109748 -8.71001e-05 0.002061 -0.000195262 -0.000286652 0.000117037 -9.51507e-05 0.000601354 0.00201529 0.000324397 0.000516028 0.000198807 0.000401117 1.78943e-05 -0.000619411
internal_weight=4500 3082 1418 2180 322 1096 647 902 608 449 426 394 352 277 216 1137 1043 50 993 962 620 563 580 95 485 460 407 386 328 226
internal_count=4500 3082 1418 2180 322 1096 647 902 608 449 426 394 352 277 216 1137 1043 50 993 962 620 563 580 95 485 460 407 386 328 226
is_linear=0
shrinkage=0.1


Tree=6
num_leaves=31
num_cat=0
split_feature=9 3 8 9 3 9 10 8 4 1 4 6 1 7 6 1 4 7 1 7 4 9 5 10 8 7 4 9 1 9
split_gain=1.2399 0.313204 0.17147 0.0650166 0.0542642 0.0530571 0.0418445 0.0309589 0.0309057 0.0293991 0.0272934 0.0370098 0.0258094 0.0306961 0.025792 0.0245089 0.0224312 0.027598 0.0251549 0.0227559 0.021422 0.0325423 0.0211678 0.025575 0.0206831 0.0202954 0.0199679 0.0261908 0.019812 0.021523
threshold=71955.500000000015 56449.500000000007 91090.750000000015 84053.750000000015 46622.000000000007 63771.000000000007 86807.625000000015 59166.875000000007 48629.000000000007 126.50000000000001 74269.000000000015 82638.417968750015 135.50000000000003 109356888.00000001 64771.750000000007 127.50000000000001 66052.000000000015 35543246.000000007 133.50000000000003 34610442.000000007 50532.500000000007 58094.500000000007 60265.500000000007 57673.125000000007 102661.00000000001 215129768.00000003 39095.000000000007 49389.250000000007 131.50000000000003 79784.000000000015
decision_type=2 2 2 2 2 2 2 2 2 2 2 2 2 2 2 2 2 2 2 2 2 2 2 2 2 2 2 2 2 2
left_child=1 4 3 9 -1 15 -5 -7 -9 -2 16 -12 14 -14 -10 20 17 -11 19 -18 21 22 23 -3 25 -4 27 -17 -19 -30
right_child=2 5 24 6 -6 7 -8 8 12 10 11 -13 13 -15 -16 26 18 28 -20 -21 -22 -23 -24 -25 -26 -27 -28 -29 29 -31
leaf_value=0.0032692216758313493 -0.00076752906689627474 0.0011523179035039916 -0.0052915274814674352 -0.0075108937360346328 0.0018543819937897545 -0.0017953515611384718 -0.002825229290749211 -0.0032011987777940672 0.0029835655774194296 -0.0056918141513091075 -0.0063975354190915828 -0.0013819194085954224 -0.0011971249471932266 0.0024074614410185152 0.0003397619298111577 0.001748395562171936 -0.00059522061047199027 2.383853402295101e-05 -0.00019365468456827796 -0.0041346750386695094 0.0020409860906915531 -0.00090426605505247921 0.0019112536538159475 -0.0023868164432973697 -0.0071115369981556544 -0.0017990024993196131 0.00054526539689219063 -0.0025722407854776434 -0.001968569216524615 -0.0048393974662758413
leaf_weight=486 317 69 99 20 613 114 405 29 41 23 31 28 189 27 369 20 34 38 139 39 216 87 192 29 51 20 554 47 142 32
leaf_count=486 317 69 99 20 613 114 405 29 41 23 31 28 189 27 369 20 34 38 139 39 216 87 192 29 51 20 554 47 142 32
internal_value=-3.58608e-12 0.00112592 -0.00244718 -0.00204132 0.00248005 0.000375453 -0.00304573 -0.000274462 -9.75814e-06 -0.00152264 -0.00199571 -0.00401724 0.000138088 -0.000746552 0.000604142 0.000787137 -0.00172888 -0.00240172 -0.000983056 -0.00248616 0.00124694 0.000791994 0.00130087 0.000105023 -0.00542665 -0.00470455 0.000348067 -0.0012825 -0.00204477 -0.00249654
internal_weight=4500 3082 1418 1248 1099 1983 425 769 655 823 506 59 626 216 410 1214 447 235 212 73 593 377 290 98 170 119 621 67 212 174
internal_count=4500 3082 1418 1248 1099 1983 425 769 655 823 506 59 626 216 410 1214 447 235 212 73 593 377 290 98 170 119 621 67 212 174
is_linear=0
shrinkage=0.1


Tree=7
num_leaves=31
num_cat=0
split_feature=9 9 3 8 3 7 3 1 7 1 5 10 7 9 8 3 7 9 8 7 3 7 4 8 4 9 3 6 5 7
split_gain=1.01069 0.207205 0.193912 0.0579595 0.0513866 0.0334394 0.0312791 0.029925 0.032784 0.0295046 0.031069 0.0294053 0.0267538 0.0266928 0.0327615 0.0248948 0.0338232 0.025944 0.0342929 0.0257156 0.0224083 0.0217786 0.0216756 0.0476573 0.0243366 0.0267637 0.04072 0.0201039 0.0204577 0.0220832
threshold=67826.500000000015 84053.750000000015 53839.500000000007 99764.375000000015 67169.500000000015 5221033.7500000009 33370.000000000007 120.50000000000001 4650546.7500000009 128.50000000000003 73526.500000000015 86807.625000000015 12620226.500000002 51772.500000000007 45743.125000000007 87891.000000000015 30236016.000000004 91941.000000000015 85774.125000000015 78648400.000000015 93797.500000000015 50119108.000000007 56704.500000000007 68154.875000000015 62652.500000000007 74231.000000000015 75395.500000000015 84660.917968750015 101085.50000000001 49142566.000000007
decision_type=2 2 2 2 2 2 2 2 2 2 2 2 2 2 2 2 2 2 2 2 2 2 2 2 2 2 2 2 2 2
left_child=2 4 6 11 -2 -6 -1 -4 -9 10 -7 -3 -11 -10 -15 -13 -17 18 19 21 22 -18 -12 -24 -25 26 -26 28 29 -14
right_child=1 3 7 -5 5 9 -8 8 13 12 20 15 27 14 -16 16 17 -19 -20 -21 -22 -23 23 24 25 -27 -28 -29 -30 -31
leaf_value=0.0040241000363258296 0.0029423592161507378 -0.0067598043475300077 0.0012431006867567717 -0.0061010014128816481 0.0012261668186296117 0.0031450792355462911 0.002210084069990007 0.0025965533159192531 0.0012678508709774213 -0.0037742307727319842 -0.0030146900414898675 -0.00027722056555960859 -0.00074919992309376189 -0.0028612723047109815 0.00013434444007749159 -0.004988923463970423 -0.0014850105412981729 -0.0035475695480292288 0.0020167568093165758 -0.0015432282290985865 0.00044106947392684014 -0.0054021562659181659 0.00098708471638821464 0.00093105574002644667 -0.00027095699682831768 -0.0013430534374992585 -0.0058455207781853945 -0.0041540372542970419 0.0012770998612891332 -0.0020705715897032712
leaf_weight=108 31 20 548 68 55 20 793 62 207 59 58 35 210 38 930 75 22 183 20 132 101 40 93 30 20 131 38 28 27 318
leaf_count=108 31 20 548 68 55 20 793 62 207 59 58 35 210 38 930 75 22 183 20 132 101 40 93 30 20 131 38 28 27 318
internal_value=4.22531e-13 -0.00182363 0.00123159 -0.00335339 -0.00107694 -0.00118182 0.00242752 0.000627934 0.000355411 -0.00129872 -0.000715195 -0.00299886 -0.00174499 0.000237155 1.67479e-05 -0.0028505 -0.00304132 -0.00267338 -0.00192583 -0.00233228 -0.000879113 -0.0040122 -0.00123949 -0.000909482 -0.00171487 -0.00213486 -0.00392326 -0.00153963 -0.00140773 -0.00154503
internal_weight=4500 1814 2686 595 1219 1188 901 1785 1237 1133 491 527 642 1175 968 507 472 397 214 194 471 62 370 312 219 189 58 583 555 528
internal_count=4500 1814 2686 595 1219 1188 901 1785 1237 1133 491 527 642 1175 968 507 472 397 214 194 471 62 370 312 219 189 58 583 555 528
is_linear=0
shrinkage=0.1


Tree=8
num_leaves=31
num_cat=0
split_feature=10 9 3 1 8 9 9 5 1 8 3 4 3 7 3 9 8 7 5 6 4 4 1 9 6 7 7 10 3 4
split_gain=0.820947 0.172695 0.153194 0.0500707 0.0469472 0.0318232 0.0287385 0.0453881 0.0317071 0.0348695 0.0269331 0.0248752 0.0269184 0.0244015 0.0238238 0.0248368 0.0317592 0.0351559 0.0265911 0.0225931 0.0225215 0.0361993 0.0215768 0.0211523 0.0273384 0.0291472 0.0327597 0.0210562 0.0210623 0.0210355
threshold=74426.500000000015 84053.750000000015 53839.500000000007 135.50000000000003 99764.375000000015 60244.250000000007 77518.250000000015 95482.000000000015 147.50000000000003 75879.000000000015 38839.000000000007 34309.500000000007 46127.000000000007 32725960.000000004 69147.500000000015 70420.500000000015 71950.250000000015 18976614.000000004 82507.000000000015 76907.750000000015 53271.500000000007 52030.000000000007 133.50000000000003 91941.000000000015 90716.250000000015 47512762.000000007 73251020.000000015 47038.250000000007 47709.500000000007 58110.500000000007
decision_type=2 2 2 2 2 2 2 2 2 2 2 2 2 2 2 2 2 2 2 2 2 2 2 2 2 2 2 2 2 2
left_child=2 6 10 -4 13 20 7 14 9 22 -1 -12 -13 -3 -2 18 17 -17 -16 29 21 -5 -8 24 25 -15 -27 -14 -29 -19
right_child=1 4 3 5 -6 -7 8 -9 -10 -11 11 12 27 23 15 16 -18 19 -20 -21 -22 -23 -24 -25 -26 26 -28 28 -30 -31
leaf_value=0.0031620296436476233 0.0025315271411091092 -0.0039869372263226822 0.00094750504497481995 0.00042954778499386419 -0.0054909011766379572 -0.0010764799671609075 -0.0031892594719639699 0.0015292638052644976 -0.0048031115780274077 -0.00032730639569714679 0.00086815285251876497 0.0034076126505502725 -0.00070816340195315505 0.00083065366510439809 -0.0010818158672305656 -0.0050733116629999133 -2.1413582946494726e-05 -0.0026954280037632377 0.00077536147907855647 -0.0044761816509999337 0.0024503554042894396 -0.0039943850412964823 -0.00096245752531103805 -0.0031370790811943946 0.0006427668007523697 -0.0051591456118153366 -0.001881483058492113 0.0043751601129770282 0.001748969349699716 -0.00080032216322540152
leaf_weight=216 20 115 1193 246 68 238 115 87 30 159 179 142 31 27 178 32 119 82 136 25 48 20 70 184 41 41 119 34 300 205
leaf_count=216 20 115 1193 246 68 238 115 87 30 159 179 142 31 27 178 32 119 82 136 25 48 20 70 184 41 41 119 34 300 205
internal_value=-1.12131e-12 -0.00161432 0.00113009 0.000583134 -0.00301805 -0.000204355 -0.000950397 -0.000639511 -0.00168522 -0.00141331 0.00218822 0.00188159 0.0022394 -0.00269898 -0.000876253 -0.000963969 -0.00142957 -0.00191669 -0.000277433 -0.00159293 0.000456682 9.69213e-05 -0.00234669 -0.00233947 -0.00169579 -0.00220852 -0.00272138 0.00178491 0.00201631 -0.00134178
internal_weight=4500 1853 2647 1745 595 552 1258 884 374 344 902 686 507 527 797 777 463 344 314 312 314 266 185 412 228 187 160 365 334 287
internal_count=4500 1853 2647 1745 595 552 1258 884 374 344 902 686 507 527 797 777 463 344 314 312 314 266 185 412 228 187 160 365 334 287
is_linear=0
shrinkage=0.1


Tree=9
num_leaves=31
num_cat=0
split_feature=9 3 4 3 9 9 7 5 3 6 8 1 4 1 8 8 9 3 3 6 8 4 5 1 5 7 1 3 7 5
split_gain=0.665049 0.16865 0.095696 0.0311373 0.0309417 0.0307804 0.0270565 0.0434178 0.037954 0.0326507 0.0261487 0.0231334 0.0258655 0.0225437 0.0224423 0.0223868 0.0315327 0.0231595 0.0228224 0.0196492 0.0195488 0.0261352 0.0236961 0.0221005 0.0211245 0.0193205 0.0488274 0.0545326 0.0188058 0.0352403
threshold=71955.500000000015 56449.500000000007 82840.000000000015 46622.000000000007 77518.250000000015 63771.000000000007 6490238.0000000009 76621.500000000015 75857.500000000015 77979.082031250015 60684.625000000007 142.50000000000003 70353.500000000015 110.50000000000001 105723.62500000001 55009.125000000007 57062.000000000007 66289.500000000015 64806.000000000007 58261.250000000007 69679.000000000015 63838.500000000007 71478.500000000015 120.50000000000001 76304.500000000015 9842289.0000000019 129.50000000000003 59785.500000000007 9472633.5000000019 78498.000000000015
decision_type=2 2 2 2 2 2 2 2 2 2 2 2 2 2 2 2 2 2 2 2 2 2 2 2 2 2 2 2 2 2
left_child=1 3 4 -1 6 15 -2 -8 -9 11 -7 12 -10 -4 -15 16 19 25 -18 -3 21 23 -23 24 -12 26 -17 -28 -24 -30
right_child=2 5 13 -5 -6 10 7 8 9 -11 20 -13 -14 14 -16 17 18 -19 -20 -21 -22 22 28 -25 -26 -27 27 -29 29 -31
leaf_value=0.0024160576085720514 0.0025434988591334098 0.00046471364942742179 -0.0066799952221723901 0.0013443137029851341 -0.0018428197981287496 -0.0012954462467958886 -0.0045201335044112055 0.002151380849370201 -0.00069495829130221181 0.00082189341172731172 0.0030299536803235806 -0.0032498177786006548 -0.0044701935397461054 -0.0029137313029191287 -0.0059115568362176421 0.0030056924149394035 -0.002651029474595014 0.00038007288727731934 -0.00019592706012685286 0.002642701951165994 0.0025401727322699325 -0.004461095086298883 0.0016899164611240847 -5.9912673038655025e-05 0.00012077144783688709 0.0025894340843070247 0.0027252571750432256 -0.0039311477798037236 -0.0035161571774529523 0.00062997516119716376
leaf_weight=486 23 521 24 613 766 175 32 42 196 75 52 61 20 149 30 50 51 210 147 45 31 20 25 336 48 138 20 32 41 41
leaf_count=486 23 521 24 613 766 175 32 42 196 75 52 61 20 149 30 50 51 210 147 45 31 20 25 336 48 138 20 32 41 41
internal_value=7.84655e-12 0.000824598 -0.00179225 0.00181826 -0.00145646 0.000273899 -0.000797324 -0.000977697 -0.000689986 -0.00102901 -0.00022112 -0.00153016 -0.00104452 -0.00380203 -0.00341616 0.000587466 0.000257897 0.001147 -0.000828302 0.000637875 9.53903e-05 -3.92247e-05 -0.00130163 0.000328495 0.00163355 0.00181806 0.000774442 -0.00137099 -0.00071108 -0.00144309
internal_weight=4500 3082 1418 1099 1215 1983 449 426 394 352 769 277 216 203 179 1214 764 450 198 566 594 563 127 436 100 240 102 52 107 82
internal_count=4500 3082 1418 1099 1215 1983 449 426 394 352 769 277 216 203 179 1214 764 450 198 566 594 563 127 436 100 240 102 52 107 82
is_linear=0
shrinkage=0.1


Tree=10
num_leaves=31
num_cat=0
split_feature=9 9 3 3 8 5 1 4 7 5 6 9 7 1 9 8 4 9 4 4 8 9 8 1 3 9 4 7 1 6
split_gain=0.543092 0.112725 0.102892 0.0369602 0.0311777 0.0270464 0.0222213 0.0269082 0.0403468 0.0269634 0.0234277 0.0330718 0.0214571 0.0277403 0.0227862 0.0381229 0.0216597 0.0268366 0.0238187 0.0257116 0.0318873 0.032481 0.0211715 0.0208089 0.0220636 0.0207452 0.0206442 0.0238734 0.0206147 0.0193778
threshold=67826.500000000015 84053.750000000015 53839.500000000007 64980.000000000007 91090.750000000015 92862.000000000015 128.50000000000003 74269.000000000015 5912687.5000000009 85749.500000000015 72040.414062500015 72601.250000000015 4449182.5000000009 102.50000000000001 51301.500000000007 45743.125000000007 61760.500000000007 66302.000000000015 57673.500000000007 56593.500000000007 61460.875000000007 62897.250000000007 59166.875000000007 146.50000000000003 31189.000000000004 73547.750000000015 59280.500000000007 51346910.000000007 136.50000000000003 52188.250000000007
decision_type=2 2 2 2 2 2 2 2 2 2 2 2 2 2 2 2 2 2 2 2 2 2 2 2 2 2 2 2 2 2
left_child=2 3 23 -2 5 -3 -5 8 -8 -9 26 -12 -4 -14 -15 -16 18 -18 19 20 21 29 -21 24 -1 -13 27 -10 -22 -17
right_child=1 4 12 6 -6 -7 7 9 10 -11 11 25 13 14 15 16 17 -19 -20 22 28 -23 -24 -25 -26 -27 -28 -29 -30 -31
leaf_value=0.0035596816108695098 0.0034773835167288786 -0.0035463856010594305 0.0020136173551573472 -0.00036606787710187819 -0.0036096691678497287 -0.0015938194608489582 0.002808846490314374 -0.0059664763712688638 0.0013015114739703547 -0.001477681618416682 0.0010950433442638698 -0.0037731566418219235 0.001744596856524763 0.0010972632872461177 -0.0023712530930060892 0.0028404819561789435 -0.0043341776963485325 0.00049657140372563963 0.0014795633594543245 0.00036836266315177731 0.0034976901337900692 -0.0012648662141170322 -0.0035839308704591088 -0.0010139490334460368 0.0017087277165911978 -0.00097266705166215879 -0.0033020007304176468 -0.0020967465162990448 -0.00021127951966429302 0.00024741436354815962
leaf_weight=70 20 90 85 521 170 335 26 23 28 32 76 29 138 272 60 30 23 23 148 23 47 149 33 26 805 301 84 79 22 732
leaf_count=70 20 90 85 521 170 335 26 23 28 32 76 29 138 272 60 30 23 23 148 23 47 149 33 26 805 301 84 79 22 732
internal_value=-2.81404e-12 -0.0013368 0.000902809 -0.000786053 -0.00246512 -0.0020073 -0.000857169 -0.00123455 -0.00104737 -0.00335481 -0.00121531 -0.000785643 0.000463084 0.000385558 0.000265489 9.01069e-05 0.000210173 -0.0019188 0.000292887 0.000123362 0.000242449 8.54629e-05 -0.00196067 0.00177396 0.0018568 -0.00121877 -0.00212863 -0.00120748 0.00231512 0.000349504
internal_weight=4500 1814 2686 1219 595 425 1199 678 623 55 597 406 1785 1700 1562 1290 1230 46 1184 1036 980 911 56 901 875 330 191 107 69 762
internal_count=4500 1814 2686 1219 595 425 1199 678 623 55 597 406 1785 1700 1562 1290 1230 46 1184 1036 980 911 56 901 875 330 191 107 69 762
is_linear=0
shrinkage=0.1


Tree=11
num_leaves=31
num_cat=0
split_feature=10 9 3 8 1 5 1 10 3 5 9 8 5 8 9 10 3 4 8 5 10 3 3 3 8 4 1 4 4 4
split_gain=0.442102 0.0936937 0.084072 0.0277328 0.0276886 0.0257485 0.0436439 0.0221339 0.0224819 0.0235861 0.0194171 0.0275455 0.0189224 0.0399093 0.0296779 0.0271571 0.0187909 0.0182788 0.0390501 0.0178948 0.0213082 0.0185725 0.0174822 0.0219021 0.0269509 0.0253048 0.0290086 0.0171997 0.0166124 0.026087
threshold=74426.500000000015 84053.750000000015 48452.000000000007 99764.375000000015 120.50000000000001 48503.000000000007 138.50000000000003 86807.625000000015 87891.000000000015 92862.000000000015 90811.750000000015 85397.125000000015 82291.000000000015 75620.375000000015 69067.250000000015 80431.250000000015 43684.500000000007 67377.500000000015 68154.875000000015 101690.50000000001 94343.500000000015 97041.000000000015 74437.000000000015 67792.000000000015 65053.375000000007 59084.000000000007 130.50000000000003 42260.000000000007 62504.500000000007 58110.500000000007
decision_type=2 2 2 2 2 2 2 2 2 2 2 2 2 2 2 2 2 2 2 2 2 2 2 2 2 2 2 2 2 2
left_child=2 12 5 7 28 6 16 -3 -9 -10 11 -11 13 27 -14 -16 -1 18 22 20 21 -17 23 24 -6 -25 -27 -2 29 -4
right_child=1 3 4 -5 17 -7 -8 8 9 10 -12 -13 14 -15 15 19 -18 -19 -20 -21 -22 -23 -24 25 -26 26 -28 -29 -30 -31
leaf_value=0.0022966868408462581 -0.0038562229060335089 -0.0052363406163931361 0.0010254595426232678 -0.004119204716784332 0.0003797181175422526 0.0032654893421987493 -0.0013893571534814935 0.00060074119961687502 -0.0041269578151210832 -0.0014802663608764609 -0.0023527077592414574 0.002168518905818928 0.00092107761796168548 -0.005187532957643271 0.0020291326960016577 -0.0010052517607358686 0.00079732739422267883 0.0030825459783005976 -0.0040394044581002425 0.00054810132487767896 -0.0032577294140355667 0.0016426348160686239 0.0017035834166953074 -3.4728115657123978e-05 0.004089249218814075 0.0010454333666712046 -0.0034607897559180856 -0.00085107365655007509 -0.00098045128523497975 0.0036378159028727835
leaf_weight=306 20 20 565 68 945 111 45 35 48 150 250 24 139 24 35 491 115 23 21 82 40 28 84 264 20 20 50 399 37 41
leaf_count=306 20 20 565 68 945 111 45 35 48 150 250 24 139 24 35 491 115 23 21 82 40 28 84 264 20 20 50 399 37 41
internal_value=-4.60336e-12 -0.00118466 0.000829308 -0.00221861 0.000531763 0.00189675 0.00157072 -0.00197337 -0.00184466 -0.00202599 -0.00178814 -0.000976986 -0.000695631 -0.00122168 -0.000409694 -0.000683328 0.00188712 0.000286259 0.000240451 -0.000831435 -0.0010338 -0.000862399 0.000305438 0.000215027 0.0004566 -0.000482931 -0.0021733 -0.000994518 0.00107661 0.0012022
internal_weight=4500 1853 2647 595 2070 577 466 527 507 472 424 174 1258 443 815 676 421 1427 1404 641 559 519 1383 1299 965 334 70 419 643 606
internal_count=4500 1853 2647 595 2070 577 466 527 507 472 424 174 1258 443 815 676 421 1427 1404 641 559 519 1383 1299 965 334 70 419 643 606
is_linear=0
shrinkage=0.1


Tree=12
num_leaves=31
num_cat=0
split_feature=10 9 3 1 4 7 1 10 3 5 9 1 3 10 1 3 1 4 3 7 10 9 5 9 8 8 7 5 9 5
split_gain=0.358102 0.0758919 0.0690446 0.0306483 0.0227115 0.0231156 0.0209542 0.0245553 0.0258607 0.0235304 0.0261313 0.0216555 0.0184123 0.019479 0.0177146 0.0170271 0.0166469 0.0163636 0.0307552 0.0231996 0.0201057 0.024248 0.0267301 0.0289314 0.0224564 0.0270532 0.0191174 0.0174714 0.0170295 0.025935
threshold=74426.500000000015 84053.750000000015 53839.500000000007 135.50000000000003 86455.000000000015 13650876.000000002 146.50000000000003 68381.875000000015 70135.000000000015 66901.000000000015 50766.250000000007 141.50000000000003 62129.000000000007 65166.500000000007 143.50000000000003 98178.000000000015 137.50000000000003 50392.000000000007 60032.000000000007 11885731.000000002 72342.875000000015 64374.500000000007 73526.500000000015 68552.250000000015 60807.250000000007 59868.000000000007 16005833.000000002 68366.000000000015 54033.000000000007 60103.500000000007
decision_type=2 2 2 2 2 2 2 2 2 2 2 2 2 2 2 2 2 2 2 2 2 2 2 2 2 2 2 2 2 2
left_child=2 -2 -1 17 5 -3 7 9 -9 10 -5 -11 -8 -14 16 -6 -10 19 -19 -4 21 24 23 27 25 -20 -21 -23 -28 -30
right_child=1 4 3 6 15 -7 12 8 14 11 -12 -13 13 -15 -16 -17 -18 18 20 26 -22 22 -24 -25 -26 -27 28 -29 29 -31
leaf_value=0.001456743202396726 -0.00062606798009357304 -0.004345833522578081 -0.0026686315461993218 0.0016815777118431359 -0.00072196712620401133 -0.0014748115818690359 0.0027516933746243779 -0.0041958329776178053 0.00051733177097048613 0.0026292479686582321 -0.0011294057216952769 -0.00086146659924890155 -0.0026248216557723937 0.00096422782610921609 0.0014764186615745228 -0.0036594115103267739 -0.0025120445254772981 0.0028480442837107837 0.0011161096111339118 0.0033336344048042195 0.0021451138783081928 -0.003313003072426433 -0.003498357490170747 0.0027436676885812515 0.0033281322274553147 -0.0024731088934155806 0.00080865015556022394 -8.8151818185689911e-05 -0.002940589556237683 0.00010032996218364342
leaf_weight=902 1258 30 25 41 24 430 38 31 26 52 171 27 20 62 24 111 60 82 168 22 85 21 25 31 38 24 329 84 32 227
leaf_count=902 1258 30 25 41 24 430 38 31 26 52 171 27 20 62 24 111 60 82 168 22 85 21 25 31 38 24 329 84 32 227
internal_value=-3.306e-12 -0.0010662 0.000746377 0.000379185 -0.00199675 -0.00166205 -0.000236922 -0.000561646 -0.00164474 -3.68467e-05 -0.000585772 0.00143622 0.000932084 8.88499e-05 -0.0009258 -0.0031372 -0.00159619 0.000664257 0.00105934 0.00031708 0.000751203 0.000448178 -0.000493062 5.93815e-05 0.00110705 0.000667457 0.000439446 -0.000733122 0.00033116 -0.000275382
internal_weight=4500 1853 2647 1745 595 460 552 432 141 291 212 79 120 82 110 135 86 1193 558 635 476 391 161 136 230 192 610 105 588 259
internal_count=4500 1853 2647 1745 595 460 552 432 141 291 212 79 120 82 110 135 86 1193 558 635 476 391 161 136 230 192 610 105 588 259
is_linear=0
shrinkage=0.1


Tree=13
num_leaves=31
num_cat=0
split_feature=9 3 9 6 4 7 3 1 5 3 9 6 8 7 5 3 7 7 7 7 7 7 10 9 8 7 3 5 1 6
split_gain=0.296165 0.0747517 0.0451556 0.0297338 0.023149 0.021115 0.0202732 0.0171853 0.0175833 0.0286245 0.0161831 0.0205687 0.025118 0.0155302 0.0284453 0.0387258 0.0233163 0.0187873 0.0184519 0.0199743 0.0214598 0.0294473 0.0196672 0.0164071 0.0210127 0.0154563 0.0250405 0.0344594 0.0153193 0.0135985
threshold=71955.500000000015 56449.500000000007 90811.750000000015 90716.250000000015 77790.500000000015 15749119.500000002 87891.000000000015 120.50000000000001 59473.500000000007 66562.000000000015 56368.250000000007 52399.083984375007 45743.125000000007 5221033.7500000009 76621.500000000015 75857.500000000015 10021449.500000002 16547563.000000002 24327926.000000004 46055290.000000007 35543246.000000007 31121724.000000004 83613.500000000015 78902.750000000015 71715.625000000015 146526328.00000003 101929.00000000001 102365.00000000001 138.50000000000003 79548.167968750015
decision_type=2 2 2 2 2 2 2 2 2 2 2 2 2 2 2 2 2 2 2 2 2 2 2 2 2 2 2 2 2 2
left_child=1 5 3 4 13 -1 -6 8 -3 -10 11 12 -7 -2 -15 -16 -17 -18 29 20 21 -20 -22 24 -21 26 27 28 -4 -19
right_child=2 7 25 -5 6 10 -8 -9 9 -11 -12 -13 -14 14 15 16 17 18 19 23 22 -23 -24 -25 -26 -27 -28 -29 -30 -31
leaf_value=0.0016497455394710416 0.0015676146014951744 -0.00087583384832696013 -0.001405024253882659 0.0018214479178333513 -0.00080289799810909647 0.00056177117722793759 -0.0037523045260631654 -7.7113992825783186e-06 0.0018412801784417423 0.00028852179468080361 0.0032587496507912872 -0.0015549080109056564 0.0027474846192247545 -0.0038401626690756532 0.0018162830511052029 -0.0035356007105506516 0.0012788612443285113 -0.0039260222842650754 0.0007795106509308282 -0.00093379360600165818 -0.00022885965028825894 -0.0036395616009831429 0.0033666660543531183 -0.0015591306308926495 0.0012813684057207111 -0.0013616457881946717 -0.003730918168329136 0.0021614851872436705 -0.0046590393692578962 -0.00070720473969621326
leaf_weight=550 26 68 39 39 41 425 54 1394 183 338 25 39 60 32 53 34 39 35 38 223 29 25 32 322 53 124 116 20 23 21
leaf_count=550 26 68 39 39 41 425 54 1394 183 338 25 39 60 32 53 34 39 35 38 223 29 25 32 322 53 124 116 20 23 21
internal_value=4.70819e-12 0.000550278 -0.00119602 -0.000890148 -0.000990198 0.00121182 -0.0024794 0.000183645 0.000636533 0.000833924 0.000773095 0.000654505 0.000832169 -0.000843135 -0.0009101 -0.000806381 -0.00096972 -0.000862939 -0.000970304 -0.000834674 0.000320393 -0.000974089 0.00165732 -0.00107419 -0.000508418 -0.00223713 -0.00278541 -0.00144786 -0.00261216 -0.00271897
internal_weight=4500 3082 1418 1096 1057 1099 95 1983 589 521 549 524 485 962 936 904 851 817 778 722 124 63 61 598 276 322 198 82 62 56
internal_count=4500 3082 1418 1096 1057 1099 95 1983 589 521 549 524 485 962 936 904 851 817 778 722 124 63 61 598 276 322 198 82 62 56
is_linear=0
shrinkage=0.1


Tree=14
num_leaves=31
num_cat=0
split_feature=9 3 9 3 5 6 5 1 8 4 7 3 4 1 7 8 7 5 1 7 6 6 4 9 8 10 3 4 1 8
split_gain=0.242274 0.0507329 0.0491578 0.0254932 0.0229865 0.0223349 0.0207543 0.0351984 0.0163571 0.0171792 0.0244385 0.0706294 0.0153077 0.0179774 0.0329383 0.0332405 0.0278331 0.032664 0.0253207 0.0305081 0.029611 0.0236239 0.0209421 0.0158681 0.0233902 0.0175249 0.0149059 0.0163035 0.0148712 0.0164243
threshold=67826.500000000015 48452.000000000007 90811.750000000015 64980.000000000007 101085.50000000001 80834.082031250015 48503.000000000007 138.50000000000003 77939.875000000015 74269.000000000015 5912687.5000000009 71166.500000000015 55622.500000000007 114.50000000000001 16547563.000000002 68347.875000000015 24327926.000000004 75419.500000000015 121.50000000000001 22403071.000000004 74630.082031250015 70497.750000000015 64644.500000000007 79206.250000000015 71950.250000000015 77734.000000000015 43089.500000000007 30758.500000000004 102.50000000000001 42977.250000000007
decision_type=2 2 2 2 2 2 2 2 2 2 2 2 2 2 2 2 2 2 2 2 2 2 2 2 2 2 2 2 2 2
left_child=1 6 3 -2 5 8 7 26 9 10 11 -5 -12 14 -14 -16 18 -18 -15 20 22 -19 -20 24 25 -23 -1 -28 29 -3
right_child=2 28 -4 4 -6 -7 -8 -9 -10 -11 12 -13 13 16 15 -17 17 21 19 -21 -22 23 -24 -25 -26 -27 27 -29 -30 -31
leaf_value=0.0018183815793916709 0.0028952105715870859 -0.00047630042769014841 -0.0020134138845876929 -0.0030013455473817886 0.00044445209798349699 -0.0015477630772599668 0.0026702895805647132 -0.0015151336484511074 0.0018301666524537183 -0.0035656629898585383 -0.0016161679644914951 0.0047232686831005692 0.0039168072980828583 -0.0047456244789063941 0.0017413167697160918 -0.002126052314744574 0.0036339322396088392 -0.0029153555217891229 0.00052697233622893695 -0.0047621697991747751 0.0018028902766459129 0.0016749331004070377 -0.0026164644724453122 -0.001840520521456545 0.001896972719340637 -0.00069307833233355051 -0.0020235860321138588 0.0010262725051088295 0.00029859910070470291 0.0018517960997298359
leaf_weight=294 20 40 322 20 157 330 110 45 27 20 158 29 24 25 43 46 20 37 31 22 34 36 67 55 54 237 21 106 1945 125
leaf_count=294 20 40 322 20 157 330 110 45 27 20 158 29 24 25 43 46 20 37 31 22 34 36 67 55 54 237 21 106 1945 125
internal_value=-3.15793e-12 0.000602994 -0.000892857 -0.000651021 -0.000699203 -0.000835746 0.0014348 0.00114316 -0.000597203 -0.000665615 -0.00060378 0.00157036 -0.000723615 -0.000530696 0.000629041 -0.000257548 -0.000742752 -0.000314222 -0.00179373 -0.00131452 -0.000739914 -0.000502678 -0.00162211 -0.00026899 -4.66497e-06 -0.000380813 0.0014273 0.000521965 0.000375923 0.00128741
internal_weight=4500 2686 1814 1492 1472 1315 576 466 985 958 938 49 889 731 113 89 618 439 179 154 132 419 98 382 327 273 421 127 2110 165
internal_count=4500 2686 1814 1492 1472 1315 576 466 985 958 938 49 889 731 113 89 618 439 179 154 132 419 98 382 327 273 421 127 2110 165
is_linear=0
shrinkage=0.1


Tree=15
num_leaves=31
num_cat=0
split_feature=9 3 4 9 6 3 1 1 9 4 9 7 1 8 4 7 7 7 1 5 1 7 9 5 1 3 8 9 8 7
split_gain=0.198585 0.0521035 0.0322176 0.0197273 0.0208072 0.0207485 0.0196795 0.0192137 0.0168729 0.0211377 0.0156205 0.0233483 0.0187333 0.0144757 0.0173252 0.0268158 0.0177949 0.0174111 0.0164229 0.0160013 0.0225639 0.0143696 0.0219585 0.0233398 0.0143564 0.0209653 0.0141904 0.0140391 0.0293061 0.0139492
threshold=71955.500000000015 58022.500000000007 82840.000000000015 56866.750000000007 58492.166015625007 46622.000000000007 126.50000000000001 111.50000000000001 97222.750000000015 80671.500000000015 40956.750000000007 4163127.7500000005 139.50000000000003 69679.000000000015 63983.500000000007 4650546.7500000009 5433551.7500000009 3398868.0000000005 124.50000000000001 59473.500000000007 112.50000000000001 37782622.000000007 58094.500000000007 69750.500000000015 139.50000000000003 101929.00000000001 64316.625000000007 48982.250000000007 45743.125000000007 39815848.000000007
decision_type=2 2 2 2 2 2 2 2 2 2 2 2 2 2 2 2 2 2 2 2 2 2 2 2 2 2 2 2 2 2
left_child=1 3 6 5 -5 10 -2 -4 9 -8 11 -1 -13 14 15 17 -16 -3 19 20 -17 -21 -23 -24 25 -9 -25 -20 -29 -7
right_child=2 13 7 4 -6 29 8 24 -10 -11 -12 12 -14 -15 16 18 -18 -19 27 21 -22 22 23 26 -26 -27 -28 28 -30 -31
leaf_value=0.0026305677632002963 -0.00028822858259890956 0.00076953765970689278 -0.0046838843478606302 0.0047229916140037985 0.00093262844563772292 0.00074621049795089121 -0.0011042026121203634 0.00081122279322395723 -0.003286303496604566 0.0020454412643713029 0.002247608751970363 0.00082287174481898554 -0.0022867816311883788 0.0022636904666620875 -0.003724003798283991 0.00081684812903404236 -0.00051627239338312373 0.0045593485712412405 0.0015982520978220485 0.0013132092990165596 -0.0038240897376090287 0.0011491906795916813 -0.0031752541553802215 -0.00031799703224122465 -0.0033151028946869902 -0.0020185459172353151 0.0021413648276831262 -0.0026642934874968327 -0.00010562603983320018 -0.00037721031349584728
leaf_weight=70 482 27 26 28 30 525 677 36 34 22 143 250 21 31 21 22 98 22 44 202 20 168 26 179 45 96 27 47 941 140
leaf_count=70 482 27 26 28 30 525 677 36 34 22 143 250 21 31 21 22 98 22 44 202 20 168 26 179 45 96 27 47 941 140
internal_value=-7.67528e-13 0.000450598 -0.000979367 0.000963063 0.00276246 0.000872232 -0.000784532 -0.0021455 -0.00111089 -0.00100507 0.00137034 0.00100245 0.000581902 0.000120707 8.46809e-05 0.000165189 -0.00108234 0.00247109 9.77728e-05 0.000494037 -0.00139312 0.000625699 0.000278507 -0.000351988 -0.00177263 -0.00124679 4.34651e-06 -0.000149509 -0.000227344 0.000509701
internal_weight=4500 3082 1418 1207 58 1149 1215 203 733 699 484 341 271 1875 1844 1725 119 49 1676 644 42 602 400 232 177 132 206 1032 988 665
internal_count=4500 3082 1418 1207 58 1149 1215 203 733 699 484 341 271 1875 1844 1725 119 49 1676 644 42 602 400 232 177 132 206 1032 988 665
is_linear=0
shrinkage=0.1


Tree=16
num_leaves=31
num_cat=0
split_feature=10 9 3 5 4 4 1 7 1 8 5 1 8 7 4 7 9 10 1 1 7 1 6 9 7 1 10 10 3 10
split_gain=0.16156 0.0351731 0.0327672 0.0251522 0.02425 0.0278344 0.0194995 0.0420972 0.0193614 0.0165392 0.0162469 0.0253773 0.0156245 0.0167281 0.0141016 0.0139451 0.0225718 0.0206829 0.0234776 0.0226799 0.0185383 0.014577 0.0162976 0.0279138 0.0208227 0.0185058 0.0138083 0.0246747 0.0149549 0.0202969
threshold=74426.500000000015 79784.000000000015 48452.000000000007 82507.000000000015 67377.500000000015 63983.500000000007 126.50000000000001 3949482.5000000005 126.50000000000001 75620.375000000015 48503.000000000007 138.50000000000003 99764.375000000015 224477296.00000003 75765.500000000015 158041216.00000003 83090.500000000015 106399.87500000001 109.50000000000001 143.50000000000003 17380433.000000004 115.50000000000001 97218.082031250015 93048.500000000015 92012912.000000015 120.50000000000001 72931.625000000015 71974.000000000015 73027.000000000015 67623.000000000015
decision_type=2 2 2 2 2 2 2 2 2 2 2 2 2 2 2 2 2 2 2 2 2 2 2 2 2 2 2 2 2 2
left_child=2 3 10 9 5 6 7 -4 -7 -2 11 -1 13 15 -15 17 -17 18 -3 21 -21 -20 23 24 25 -23 27 28 29 -8
right_child=1 12 4 -5 -6 8 26 -9 -10 -11 -12 -13 -14 14 -16 16 -18 -19 19 20 -22 22 -24 -25 -26 -27 -28 -29 -30 -31
leaf_value=0.0011500206167755467 -0.00074315823180454014 -0.00308250704496775 0.0039461204578401521 0.00012320378266889972 0.0032385074466999087 -0.0038277025610484461 0.00020637473528115392 0.00054371119486154248 -0.00024086443522451995 -0.0036166360867874964 0.0022549834236112501 -0.0013484154666204833 -0.0026508894954424575 -0.00056970180496442892 0.0019877809367177114 -0.0051447493672046977 -0.0014997001361245147 -0.0033777106226094674 0.0014383548488601662 -0.0045740786318977681 -0.0012431817746255548 -0.0037547796887035171 0.0021676648792345078 -0.0032464143406832589 0.0010039745029062034 -0.00062313207043932569 0.0017175335548472504 -0.0024217278918069675 0.0016689976544252466 -0.00098555899316644566
leaf_weight=421 434 46 38 565 28 27 778 845 34 21 111 45 68 107 27 23 65 37 39 24 55 21 20 40 75 186 48 41 56 175
leaf_count=421 434 46 38 565 28 27 778 845 34 21 111 45 68 107 27 23 65 37 39 24 55 21 20 40 75 186 48 41 56 175
internal_value=-7.87469e-12 -0.000716144 0.000501327 -0.000322421 0.00031557 0.000275491 0.000340278 0.000690134 -0.00182848 -0.00087578 0.00116774 0.000908755 -0.00119825 -0.00106913 -5.43881e-05 -0.00128462 -0.00245238 -0.00109537 -0.000928479 -0.000713076 -0.0022551 -0.000393339 -0.000602217 -0.000774259 -0.000423599 -0.000940835 5.89266e-05 -1.68955e-05 8.08232e-05 -1.25008e-05
internal_weight=4500 1853 2647 1020 2070 2042 1981 883 61 455 577 466 833 765 134 631 88 543 506 460 79 381 342 322 282 207 1098 1050 1009 953
internal_count=4500 1853 2647 1020 2070 2042 1981 883 61 455 577 466 833 765 134 631 88 543 506 460 79 381 342 322 282 207 1098 1050 1009 953
is_linear=0
shrinkage=0.1


Tree=17
num_leaves=31
num_cat=0
split_feature=9 9 8 4 1 3 1 7 5 3 1 7 7 7 10 7 5 3 5 3 7 6 1 1 3 1 1 8 9 3
split_gain=0.132356 0.0367969 0.0270022 0.0210066 0.0180506 0.022629 0.0205459 0.0170619 0.0203493 0.0299649 0.0178882 0.0224825 0.0326462 0.0254602 0.0206512 0.016718 0.0288311 0.018552 0.0425971 0.0178191 0.0159962 0.0154379 0.0147188 0.014465 0.0171263 0.0142914 0.0142266 0.0140386 0.0170985 0.0140709
threshold=71955.500000000015 52725.000000000007 45743.125000000007 82840.000000000015 102.50000000000001 63006.500000000007 105.50000000000001 5221033.7500000009 76621.500000000015 75857.500000000015 131.50000000000003 24165171.000000004 16547563.000000002 9285190.0000000019 78849.875000000015 4650546.7500000009 56692.000000000007 58022.500000000007 59473.500000000007 55900.000000000007 22026720.000000004 52788.167968750007 111.50000000000001 120.50000000000001 66164.500000000015 133.50000000000003 135.50000000000003 43857.500000000007 50074.250000000007 53560.000000000007
decision_type=2 2 2 2 2 2 2 2 2 2 2 2 2 2 2 2 2 2 2 2 2 2 2 2 2 2 2 2 2 2
left_child=1 20 21 7 5 -4 -6 -2 -9 -10 11 12 13 -11 -13 26 -17 19 -19 -18 -1 -3 -5 24 -20 -12 -8 28 -22 -29
right_child=3 2 4 22 6 -7 15 8 9 10 25 14 -14 -15 -16 16 17 18 23 -21 27 -23 -24 -25 -26 -27 -28 29 -30 -31
leaf_value=0.0011554964779876603 0.001533648009811129 -0.0040519815545691099 0.0038572731619102084 -0.003962891792448668 -0.0023974646715390867 0.0005432236312816923 0.0022939155536097666 -0.003194067571894266 0.0016847993181315513 -0.0030581969679111527 -0.0025223932939458312 0.0030375917075434701 -0.0046712410935599892 0.001513814174666487 -0.00024341117452500029 -0.0029794320163707578 0.00037003734292198175 -0.0037276474076012771 0.0019647711137703128 0.0029297185845153281 0.00026483320631447773 -0.0007168697658926249 -0.0014148212598023759 -8.7563739475860321e-05 0.00023751046120499571 -0.00096899872425840129 -8.2103281498088372e-05 0.0030520417159653249 -0.002295055545151367 0.00075681355535752413
leaf_weight=607 35 23 28 26 33 78 63 32 53 21 68 20 28 29 470 31 74 30 79 43 383 35 177 1071 210 459 42 31 28 193
leaf_count=607 35 23 28 26 33 78 63 32 53 21 68 20 28 29 470 31 74 30 79 43 383 35 177 1071 210 459 42 31 28 193
internal_value=-1.29992e-12 0.000367864 8.398e-05 -0.000799547 0.000153092 0.00141863 7.30514e-05 -0.000642221 -0.00070676 -0.000637427 -0.000749827 -0.000360507 -0.00193739 -0.000406431 -0.000109493 0.000122672 3.93252e-05 0.000101423 -3.71275e-07 0.00131077 0.000788433 -0.00203941 -0.00174118 8.18481e-05 0.000709668 -0.00116944 0.00134351 0.000437556 9.04369e-05 0.00107446
internal_weight=4500 3082 1840 1418 1782 106 1676 1215 1180 1148 1095 568 78 50 490 1643 1538 1507 1390 117 1242 58 203 1360 289 527 105 635 411 224
internal_count=4500 3082 1840 1418 1782 106 1676 1215 1180 1148 1095 568 78 50 490 1643 1538 1507 1390 117 1242 58 203 1360 289 527 105 635 411 224
is_linear=0
shrinkage=0.1


Tree=18
num_leaves=31
num_cat=0
split_feature=9 3 9 9 10 7 3 7 5 7 4 6 1 5 5 1 7 1 4 5 7 7 3 8 1 4 1 4 4 7
split_gain=0.10847 0.0244077 0.0230441 0.019929 0.0219087 0.0191457 0.0178498 0.0143808 0.0135304 0.0131499 0.01315 0.0130206 0.0409479 0.0154452 0.0287846 0.025437 0.0197536 0.0144539 0.0161566 0.0209896 0.0200611 0.0127402 0.012711 0.0121203 0.0153945 0.0149301 0.0297653 0.02746 0.0126811 0.0218223
threshold=67826.500000000015 45721.000000000007 84843.750000000015 40956.750000000007 41502.125000000007 1371899.0000000002 67169.500000000015 4315418.2500000009 111056.00000000001 3759388.3750000005 55622.500000000007 84660.917968750015 131.50000000000003 93442.500000000015 91890.000000000015 96.500000000000014 5221033.7500000009 116.50000000000001 75765.500000000015 83301.500000000015 21571876.000000004 48721032.000000007 72169.500000000015 69832.375000000015 128.50000000000003 66379.000000000015 129.50000000000003 71508.000000000015 63983.500000000007 43456230.000000007
decision_type=2 2 2 2 2 2 2 2 2 2 2 2 2 2 2 2 2 2 2 2 2 2 2 2 2 2 2 2 2 2
left_child=1 3 6 4 7 -3 -2 -1 11 10 -7 13 -13 14 15 -8 22 21 19 23 -21 -18 -17 24 28 -25 -27 -28 29 -19
right_child=2 5 -4 -5 -6 9 8 -9 -10 -11 -12 12 -14 -15 -16 16 17 18 -20 20 -22 -23 -24 25 -26 26 27 -29 -30 -31
leaf_value=0.0023053265254323681 0.0020056781929827508 -0.0023300686990426456 -0.001142723370167859 0.0022251422319198608 -0.00091309882905882083 0.0022221311623897319 -0.0037311346310636272 0.00065273797638151256 0.002156220643228153 0.00025049618051968975 -0.00043307847629946015 0.00072120017558336259 -0.0051253846077167478 0.00041518816422129816 -0.0031226642917664277 -0.0005091365319094621 0.0013917225349077984 0.0037430056735225353 -0.003057834082843598 0.0031413541035726668 -0.00014095546112878732 -0.00055379544010065735 0.0026679791647064334 -0.0032126539120023757 -0.001129312244677536 -0.0033206262226615638 0.0020473631318762074 -0.0025740850693546239 -0.0012370246893691796 -0.00035114287010704483
leaf_weight=72 31 28 543 113 68 66 23 196 20 2117 26 25 23 194 42 20 71 23 27 20 270 64 34 48 188 35 36 20 27 30
leaf_count=72 31 28 543 113 68 66 23 196 20 2117 26 25 23 194 42 20 71 23 27 20 270 64 34 48 188 35 36 20 27 30
internal_value=1.32721e-12 0.000403473 -0.000597425 0.00107633 0.000689969 0.000268422 -0.000364462 0.00109672 -0.000423715 0.000301359 0.00147175 -0.000466009 -0.00208029 -0.000399895 -0.000561579 -0.000446658 -0.000363917 -0.000480541 -0.000657671 -0.000564695 8.54107e-05 0.000469403 0.00149127 -0.00102792 -0.000634909 -0.00178565 -0.00103295 0.000396846 0.00052694 0.00142556
internal_weight=4500 2686 1814 449 336 2237 1271 268 1240 2209 92 1220 48 1172 978 936 913 859 724 697 290 135 54 407 268 139 91 56 80 53
internal_count=4500 2686 1814 449 336 2237 1271 268 1240 2209 92 1220 48 1172 978 936 913 859 724 697 290 135 54 407 268 139 91 56 80 53
is_linear=0
shrinkage=0.1


Tree=19
num_leaves=31
num_cat=0
split_feature=3 9 3 9 3 4 7 3 7 4 8 6 1 1 4 9 7 1 4 6 9 1 8 9 3 7 9 7 9 5
split_gain=0.0899452 0.0299712 0.0230966 0.0174207 0.016543 0.0149257 0.0148459 0.0311096 0.0186136 0.031177 0.0216982 0.027611 0.0245212 0.0204388 0.0178604 0.0136672 0.0148247 0.0139258 0.0132503 0.0143685 0.0143492 0.0136758 0.0132968 0.0152376 0.0143692 0.0126416 0.0195636 0.0159475 0.0126328 0.0209969
threshold=68740.000000000015 77518.250000000015 95046.500000000015 70420.500000000015 38839.000000000007 64844.500000000007 5912687.5000000009 71409.500000000015 12620226.500000002 70866.500000000015 71950.250000000015 76907.750000000015 134.50000000000003 127.50000000000001 67998.500000000015 72601.250000000015 26685896.000000004 137.50000000000003 43680.500000000007 57306.416015625007 57062.000000000007 128.50000000000003 64045.750000000007 67101.750000000015 88153.500000000015 48721032.000000007 69906.000000000015 18266954.000000004 106226.00000000001 118138.50000000001
decision_type=2 2 2 2 2 2 2 2 2 2 2 2 2 2 2 2 2 2 2 2 2 2 2 2 2 2 2 2 2 2
left_child=3 2 6 4 -1 -4 7 -2 13 10 11 15 -12 -8 -15 18 -17 -18 19 -10 -20 -21 -22 -24 25 27 -27 -25 29 -3
right_child=1 28 5 -5 -6 -7 8 -9 9 -11 12 -13 -14 14 -16 16 17 -19 20 21 22 -23 23 24 -26 26 -28 -29 -30 -31
leaf_value=0.0012790270600547687 -0.001286760058701475 -0.00083557189410611078 0.00071346597702569747 0.0033455763219708821 0.00035430567199767741 0.003758239311476549 9.7761907215629309e-05 0.0041058900077705794 0.00012059877846249431 -0.0041083065932616594 0.0035602887963636243 -0.003583153642466641 -0.00038995464579784313 -0.0048543206022049375 -0.0009829214435409417 -0.0034502981075396144 1.051279197130865e-05 -0.0020051184967160227 0.0015251334852484219 -0.00082636961165154655 -0.00026731834153838032 -0.0040446801490717282 0.0032093268597409839 -0.001316317827501013 0.0024944664377211929 0.00097121091455156959 -0.0024400921762571673 0.001399438614573549 -0.0020184912635678692 0.0016301514600248386
leaf_weight=216 20 849 69 21 1854 21 35 23 53 20 33 24 30 26 22 21 109 50 68 31 530 23 21 29 28 29 40 85 84 36
leaf_count=216 20 849 69 21 1854 21 35 23 53 20 33 24 30 26 22 21 109 50 68 31 530 23 21 29 28 29 40 85 84 36
internal_value=1.77024e-12 -0.000416525 -0.000127181 0.000479871 0.000450798 0.00142391 -0.000230588 0.00159768 -0.000290737 -0.000192466 -0.000127419 -0.000227172 0.00167922 -0.00173994 -0.00307993 -0.000155065 -0.000953146 -0.000623334 -1.75196e-06 -0.0010491 0.000133267 -0.00219713 9.05866e-06 0.000640437 0.000384766 6.19699e-05 -0.00100636 0.000708588 -0.00084651 -0.000735271
internal_weight=4500 2409 1440 2091 2070 90 1350 43 1307 1224 1204 1141 63 83 48 1117 180 159 937 107 830 54 762 232 211 183 69 114 969 885
internal_count=4500 2409 1440 2091 2070 90 1350 43 1307 1224 1204 1141 63 83 48 1117 180 159 937 107 830 54 762 232 211 183 69 114 969 885
is_linear=0
shrinkage=0.1


Tree=20
num_leaves=31
num_cat=0
split_feature=9 10 3 9 6 8 9 1 4 3 4 8 7 4 8 9 9 6 6 3 8 8 3 4 9 5 7 10 7 6
split_gain=0.0745532 0.0271987 0.0688993 0.0200535 0.0188258 0.0184734 0.0222292 0.0166513 0.0151508 0.0146766 0.0140673 0.0137633 0.0139095 0.0195837 0.0178353 0.0197636 0.0166427 0.0137867 0.0143434 0.0131359 0.0198381 0.012058 0.0130453 0.0126411 0.0125694 0.0109447 0.0283746 0.0203264 0.0177765 0.0114165
threshold=60244.250000000007 62918.250000000007 63467.000000000007 90811.750000000015 90716.250000000015 55502.375000000007 52725.000000000007 105.50000000000001 77790.500000000015 87891.000000000015 48629.000000000007 45525.000000000007 42594804.000000007 49479.500000000007 52317.000000000007 55156.500000000007 59122.500000000007 53153.250000000007 54511.750000000007 58022.500000000007 52317.000000000007 48903.250000000007 31189.000000000004 49067.000000000007 51508.750000000007 67096.500000000015 8059303.7500000009 66713.000000000015 21813958.000000004 63827.583984375007
decision_type=2 2 2 2 2 2 2 2 2 2 2 2 2 2 2 2 2 2 2 2 2 2 2 2 2 2 2 2 2 2
left_child=5 -2 -3 4 8 6 21 -8 25 -10 -7 -9 13 14 17 -16 -14 -13 -19 20 -15 22 -1 24 -23 26 -4 -27 -28 -29
right_child=1 2 3 -5 -6 10 7 11 9 -11 -12 12 16 19 15 -17 -18 18 -20 -21 -22 23 -24 -25 -26 27 28 29 -30 -31
leaf_value=0.0018140979593252423 -0.0030900722621784857 0.0025654717821817032 -0.0045889624793614657 -0.0011520573679438301 0.0018723721994786339 -0.0010640705842524768 0.0016033256616519423 -0.0022702613184639418 -0.00015226438209959647 -0.0026617563786270762 0.0017518984006864619 0.0012024159991630803 0.00072749183752149815 -0.0013903775275684895 -0.0051131676028793064 -0.0011336890622400321 -0.0019692472791155943 -0.0031561832435222136 0.00028359519995071672 -0.00075316496910779061 0.0024217802660301503 0.00096630353615513413 0.00041394073419621051 -0.00043776888693779865 0.003370425383408749 0.0021143333481935165 0.0014706620946526529 -0.001207607608754188 -0.0022813611299447394 -0.00021767680386283996
leaf_weight=71 36 80 21 322 39 20 49 34 41 54 157 27 191 20 24 26 26 27 22 74 43 44 1060 24 43 36 28 125 23 1713
leaf_count=71 36 80 21 322 39 20 49 34 41 54 157 27 191 20 24 26 26 27 22 74 43 44 1060 24 43 36 28 125 23 1713
internal_value=-2.68693e-12 -0.000361119 -0.000321538 -0.000417691 -0.000304006 0.000458778 0.000363176 -0.000158055 -0.000345592 -0.00157871 0.00143371 -0.000325969 -0.000188248 -0.000677223 -0.00157702 -0.00304384 0.00040438 -0.000612008 -0.00161179 0.000150327 0.00121157 0.00059945 0.000501837 0.00159405 0.00215455 -0.000285394 -0.00149529 -0.000238909 -0.000221427 -0.000285001
internal_weight=4500 2518 2482 2402 2080 1982 1805 563 2041 95 177 514 480 263 126 50 217 76 49 137 63 1242 1131 111 87 1946 72 1874 51 1838
internal_count=4500 2518 2482 2402 2080 1982 1805 563 2041 95 177 514 480 263 126 50 217 76 49 137 63 1242 1131 111 87 1946 72 1874 51 1838
is_linear=0
shrinkage=0.1


Tree=21
num_leaves=31
num_cat=0
split_feature=9 9 3 3 8 3 1 7 8 8 3 7 4 10 7 6 6 5 3 3 9 8 4 9 8 6 5 10 7 8
split_gain=0.0619608 0.0181713 0.017732 0.0150085 0.0179173 0.0166063 0.0126728 0.0278664 0.0202864 0.0251547 0.0150695 0.0134436 0.0124889 0.0122392 0.0334878 0.0229896 0.0181359 0.012162 0.0157752 0.0121303 0.0181233 0.0171974 0.0282808 0.0238571 0.0235484 0.0209298 0.020258 0.0160011 0.0154907 0.0236442
threshold=63771.000000000007 77518.250000000015 95046.500000000015 63467.000000000007 59011.000000000007 73177.000000000015 138.50000000000003 6490238.0000000009 68154.875000000015 71950.250000000015 73368.000000000015 22403071.000000004 64844.500000000007 74426.500000000015 20389499.000000004 70688.250000000015 76494.585937500015 81358.000000000015 79374.000000000015 45721.000000000007 40956.750000000007 45743.125000000007 42472.000000000007 50766.250000000007 44331.875000000007 52399.083984375007 59234.500000000007 41502.125000000007 9472633.5000000019 51065.375000000007
decision_type=2 2 2 2 2 2 2 2 2 2 2 2 2 2 2 2 2 2 2 2 2 2 2 2 2 2 2 2 2 2
left_child=19 2 3 -2 5 -5 8 -8 -6 13 -9 -12 -4 15 -15 -10 -16 -3 -19 20 27 22 23 24 -21 -23 28 -1 -27 -30
right_child=1 17 12 4 6 -7 7 10 9 -11 11 -13 -14 14 16 -17 -18 18 -20 21 -22 25 -24 -25 -26 26 -28 -29 29 -31
leaf_value=0.00080741041855983886 0.0018758089394506181 -0.0030284752137959003 0.00057070576973880331 -0.00411665320629254 0.00044090130932393859 -0.00092104354909428488 0.0028609893692191691 -0.0022066921289078893 -0.0021587982615032656 0.00073134954519835972 0.0017959706188941547 -0.00084149421378677282 0.0034041830737675939 -0.0050893808446394713 -0.00032558351522311569 0.0025257148221135141 -0.0037146898759237955 0.001996388544582508 -0.00071305624642912808 4.3935867819507247e-05 0.0019237731781219488 0.0012720158200368393 -0.0024999971099896358 -0.0016734994019013056 0.0025743759623387966 4.7776961862557354e-05 0.00041481748764989881 -0.00091019189010908396 0.00051950030875476925 -0.0035999059456547629
leaf_weight=268 33 22 60 20 480 87 20 75 22 84 22 159 21 26 75 20 20 22 925 357 113 246 50 72 41 78 954 68 22 38
leaf_count=268 33 22 60 20 480 87 20 75 22 84 22 159 21 26 75 20 20 22 925 357 113 246 50 72 41 78 954 68 22 38
internal_value=-2.2701e-12 -0.00038059 -0.000124469 -0.000225792 -0.000288272 -0.00151835 -0.000157047 -0.000733943 6.19673e-05 -0.000674423 -0.0010148 -0.000520918 0.00130531 -0.00139887 -0.00190939 7.19223e-05 -0.00103908 -0.00070411 -0.000650112 0.000361783 0.000828239 0.00024906 -0.000238956 1.57992e-06 0.000304609 0.000438723 0.000251003 0.0004598 -0.000881455 -0.00208946
internal_weight=4500 2193 1224 1143 1110 107 1003 276 727 247 256 181 81 163 121 42 95 969 947 2307 449 1858 520 470 398 1338 1092 336 138 60
internal_count=4500 2193 1224 1143 1110 107 1003 276 727 247 256 181 81 163 121 42 95 969 947 2307 449 1858 520 470 398 1338 1092 336 138 60
is_linear=0
shrinkage=0.1


Tree=22
num_leaves=31
num_cat=0
split_feature=9 9 7 8 1 1 10 3 4 8 9 3 1 7 7 5 3 7 1 3 7 5 1 4 9 3 7 8 5 5
split_gain=0.0508919 0.0131293 0.0152208 0.0180394 0.0167562 0.0167258 0.0204222 0.0167036 0.0230659 0.0274456 0.0132458 0.0131134 0.0149463 0.0139019 0.0268324 0.0130826 0.0118811 0.0128731 0.01175 0.0188398 0.0237158 0.0183644 0.0123235 0.0121218 0.0112559 0.0145997 0.0106434 0.0101848 0.0236021 0.0152492
threshold=67826.500000000015 106226.00000000001 254990824.00000003 62998.625000000007 96.500000000000014 100.50000000000001 70102.750000000015 76746.000000000015 67377.500000000015 69832.375000000015 73732.000000000015 70742.500000000015 131.50000000000003 51346910.000000007 24327926.000000004 75213.000000000015 46127.000000000007 1371899.0000000002 118.50000000000001 84124.500000000015 26685896.000000004 82291.000000000015 106.50000000000001 65377.500000000007 40611.500000000007 39454.000000000007 2508322.7500000005 44331.875000000007 54220.000000000007 54797.500000000007
decision_type=2 2 2 2 2 2 2 2 2 2 2 2 2 2 2 2 2 2 2 2 2 2 2 2 2 2 2 2 2 2
left_child=16 2 4 -4 -2 -6 -7 8 9 11 -10 12 -8 14 -13 -16 24 -18 19 21 -21 23 -22 -9 25 -1 -26 -19 -29 -30
right_child=1 -3 3 -5 5 6 7 18 10 -11 -12 13 -14 -15 15 -17 17 27 -20 20 22 -23 -24 -25 26 -27 -28 28 29 -31
leaf_value=0.00089238472341898886 -0.002547782156113032 -0.0016301307308215958 -0.0012057205123017498 0.00120488282536673 0.00234325628050349 -0.0031595810213022762 0.0036141658246162389 0.0019253296716487966 0.0030902407824611056 -0.0032728881459031705 0.00043021706320966286 -0.0012597924233049009 8.4965103971106678e-05 -0.0020941397503272375 0.0040020904352422804 0.00050503237795530137 -0.0020321729868345967 -0.00024669869659169589 -0.00069679243081393867 -0.0035501195054331962 -0.0019761322370658702 0.0034497750798306824 0.0004405032926310274 -0.0014762635141695765 -0.00064549723407253629 -0.000517608844539437 0.001847708527343113 0.0015851309568162509 -0.00247229760172472 0.00023969230101210465
leaf_weight=217 37 84 42 119 22 27 21 20 39 26 36 51 28 33 20 23 26 405 976 22 26 28 112 22 20 111 119 134 21 1633
leaf_count=217 37 84 42 119 22 27 21 20 39 26 36 51 28 33 20 23 26 405 976 22 26 28 112 22 20 111 119 134 21 1633
internal_value=-2.79025e-12 -0.000409216 -0.000349934 0.00057603 -0.000444951 -0.000394164 -0.000434047 -0.000384425 0.000315849 -0.000240183 0.00181343 0.00020783 0.00159748 -0.000328334 0.000291576 0.00213157 0.000276365 0.000179882 -0.000545268 9.77252e-05 -0.000500911 0.00146604 -1.48049e-05 0.000143543 0.000734819 0.000415222 0.00148897 0.000206108 0.000308673 0.00020526
internal_weight=4500 1814 1730 161 1569 1532 1510 1483 277 202 75 176 49 127 94 43 2686 2219 1206 230 160 70 138 42 467 328 139 2193 1788 1654
internal_count=4500 1814 1730 161 1569 1532 1510 1483 277 202 75 176 49 127 94 43 2686 2219 1206 230 160 70 138 42 467 328 139 2193 1788 1654
is_linear=0
shrinkage=0.1


Tree=23
num_leaves=31
num_cat=0
split_feature=9 10 3 8 9 9 3 7 5 6 7 9 6 6 5 7 3 4 6 4 4 4 1 8 1 7 1 5 7 10
split_gain=0.0425669 0.0239763 0.0479384 0.0155545 0.0172186 0.0152428 0.0173199 0.0211468 0.0148229 0.0159883 0.0137999 0.012411 0.0141032 0.0168415 0.0120165 0.0163581 0.0115401 0.0109544 0.0102398 0.0106164 0.0203569 0.0303054 0.018327 0.0158125 0.0110642 0.012548 0.0296059 0.0104832 0.022884 0.014977
threshold=60244.250000000007 62918.250000000007 63467.000000000007 55502.375000000007 54869.000000000007 55156.500000000007 60805.000000000007 24327926.000000004 60103.500000000007 55055.750000000007 1133249.8125000002 93819.500000000015 90716.250000000015 86855.250000000015 94592.000000000015 53738270.000000007 101179.50000000001 48629.000000000007 86269.832031250015 74269.000000000015 73004.000000000015 72370.000000000015 143.50000000000003 77214.750000000015 137.50000000000003 20670963.000000004 126.50000000000001 67096.500000000015 8059303.7500000009 66713.000000000015
decision_type=2 2 2 2 2 2 2 2 2 2 2 2 2 2 2 2 2 2 2 2 2 2 2 2 2 2 2 2 2 2
left_child=3 -2 -3 4 10 -6 8 -8 9 -7 -1 12 13 18 -15 -16 -17 -5 19 20 21 27 24 -22 25 26 -21 28 -4 -29
right_child=1 2 11 17 5 6 7 -9 -10 -11 -12 -13 -14 14 15 16 -18 -19 -20 22 23 -23 -24 -25 -26 -27 -28 29 -30 -31
leaf_value=0.0029545534756921588 -0.0028350694090477193 0.0021724373920005749 -0.0041540672913903285 -0.00096289365086704498 -0.0023221989543849813 0.0012793290759286575 -0.0035996714564548297 -0.00032293387426142678 0.0022259365854377859 -0.0022004660927569092 0.00037242212550527151 -0.0009769328026097326 0.0010822740765433993 -0.0032778647702394262 0.001656872199091595 -0.0030485857398279254 -0.00057335074476820114 0.0015220439341067558 0.0015053159344996163 0.00014789111539721491 0.0036608547379728407 -0.0039296856933188715 -0.0037017267298601244 3.0824177277584873e-05 0.0015350114111788572 0.00058058412223881866 -0.0050140170124359437 0.0018741958202655143 -0.00023179968417275185 -0.00018806140090401485
leaf_weight=21 36 80 21 20 36 31 22 188 47 23 1437 254 78 27 20 31 48 157 34 25 24 22 23 24 20 27 20 36 51 1617
leaf_count=21 36 80 21 20 36 31 22 188 47 23 1437 254 78 27 20 31 48 157 34 25 24 22 23 24 20 27 20 36 51 1617
internal_value=4.51374e-12 -0.000272869 -0.000235705 0.000346662 0.000258936 -0.000374167 -0.000148672 -0.000666211 0.000927401 -0.000202806 0.000409613 -0.00031591 -0.000237744 -0.000287484 -0.00140787 -0.000897874 -0.00154465 0.00124126 -0.000214866 -0.000245487 -0.000185813 -0.000241634 -0.00117693 0.00184584 -0.000545729 -0.00112371 -0.00214629 -0.000194598 -0.00137579 -0.000143148
internal_weight=4500 2518 2482 1982 1805 347 311 210 101 54 1458 2402 2148 2070 126 99 79 177 1944 1910 1795 1747 115 48 92 72 45 1725 72 1653
internal_count=4500 2518 2482 1982 1805 347 311 210 101 54 1458 2402 2148 2070 126 99 79 177 1944 1910 1795 1747 115 48 92 72 45 1725 72 1653
is_linear=0
shrinkage=0.1


Tree=24
num_leaves=31
num_cat=0
split_feature=9 7 9 10 3 6 4 4 7 7 5 4 3 1 5 9 1 7 9 6 3 6 3 3 1 7 10 7 9 9
split_gain=0.035023 0.0166936 0.0128629 0.0223051 0.0333926 0.0167543 0.0148675 0.0108425 0.0101827 0.015606 0.0113667 0.0141699 0.0118857 0.0215551 0.0124778 0.00984796 0.00964086 0.012461 0.00958398 0.0165741 0.00938652 0.0265662 0.0251318 0.0163411 0.0169814 0.0119479 0.0116304 0.0113862 0.0230134 0.0184638
threshold=77518.250000000015 1133249.8125000002 60244.250000000007 62918.250000000007 63467.000000000007 77979.082031250015 53271.500000000007 53936.000000000007 3262389.6250000005 4650546.7500000009 66901.000000000015 55622.500000000007 67792.000000000015 142.50000000000003 69750.500000000015 65751.500000000015 147.50000000000003 44082580.000000007 57358.000000000007 60585.500000000007 84124.500000000015 79383.082031250015 85500.500000000015 87891.000000000015 125.50000000000001 210172080.00000003 86380.750000000015 158041216.00000003 83090.500000000015 83295.250000000015
decision_type=2 2 2 2 2 2 2 2 2 2 2 2 2 2 2 2 2 2 2 2 2 2 2 2 2 2 2 2 2 2
left_child=1 -1 6 -4 -5 8 -3 -8 -6 -10 11 -11 13 15 -14 -12 20 -18 -9 -20 21 -2 -22 24 -24 27 -26 29 -29 -25
right_child=16 2 3 4 5 -7 7 18 9 10 12 -13 14 -15 -16 -17 17 -19 19 -21 22 -23 23 25 26 -27 -28 28 -30 -31
leaf_value=0.0023192337793963296 -0.00083402901179563827 0.00022139040945317091 -0.0025515624988151509 0.0019551936436982944 -0.0021531264884052455 0.0012170116562286721 0.0028646937242763886 -0.0011612761998549103 0.0022343256100542091 -0.00031719338730908932 0.00050944744680936523 -0.003613998021253131 -0.001713094965701825 -0.0018383713945260517 -0.00019478662408895875 0.0027426312468014657 -0.0037009831673155227 -0.00078948216069708302 0.0030256609785283221 2.0027655003549056e-05 -0.0034083436445022626 0.0022309522710473057 -0.0010509152358863503 0.00065104432572196756 0.00046289123478345569 0.00015534408864237181 0.0037601530794864114 -0.0042391780464510831 -0.00076719552588959536 -0.00095680366290263523
leaf_weight=35 71 1826 36 80 27 85 34 20 26 32 39 22 57 23 1074 40 21 49 32 43 30 47 25 90 20 159 23 28 60 346
leaf_count=35 71 1826 36 80 27 85 34 20 26 32 39 22 57 23 1074 40 21 49 32 43 30 47 25 90 20 159 23 28 60 346
internal_value=3.79579e-12 0.000146145 0.000124389 -9.16619e-05 -3.28204e-05 -0.000144428 0.000294688 0.00133222 -0.000230788 -0.000191258 -0.00024026 -0.00166034 -0.000178067 0.000855796 -0.000271306 0.00164017 -0.000532546 -0.00166293 0.000783756 0.00130243 -0.00044453 0.000386769 -0.000570129 -0.000456752 0.0010216 -0.000603937 0.00222654 -0.00083433 -0.00187192 -0.000624908
internal_weight=4500 3531 3496 1541 1505 1425 1955 129 1340 1313 1287 54 1233 102 1131 79 969 70 95 75 899 118 781 751 68 683 43 524 88 436
internal_count=4500 3531 3496 1541 1505 1425 1955 129 1340 1313 1287 54 1233 102 1131 79 969 70 95 75 899 118 781 751 68 683 43 524 88 436
is_linear=0
shrinkage=0.1


Tree=25
num_leaves=31
num_cat=0
split_feature=9 7 1 8 7 1 8 7 7 5 3 4 1 5 7 3 10 3 10 10 6 10 7 4 8 10 10 3 10 1
split_gain=0.0290931 0.0112202 0.0100667 0.0103872 0.0100251 0.0121886 0.0117733 0.0104845 0.0205466 0.0179344 0.022833 0.0378352 0.0150672 0.0108142 0.0168631 0.015379 0.017079 0.0093318 0.0122608 0.0180454 0.019159 0.0274396 0.0391864 0.0119018 0.0134778 0.011759 0.0143996 0.0114743 0.0102617 0.0102575
threshold=71955.500000000015 1133249.8125000002 143.50000000000003 99764.375000000015 264475728.00000003 95.500000000000014 62998.625000000007 3949482.5000000005 7076636.5000000009 76621.500000000015 82998.000000000015 73004.000000000015 110.50000000000001 78779.500000000015 21571876.000000004 78666.000000000015 79874.250000000015 88153.500000000015 74426.500000000015 72779.250000000015 67010.164062500015 69952.625000000015 10564117.000000002 65377.500000000007 67312.000000000015 71974.000000000015 71297.875000000015 74437.000000000015 71605.625000000015 140.50000000000003
decision_type=2 2 2 2 2 2 2 2 2 2 2 2 2 2 2 2 2 2 2 2 2 2 2 2 2 2 2 2 2 2
left_child=1 -1 3 4 5 -2 -6 -7 -9 -10 11 12 -11 -14 -15 -16 -17 18 19 20 25 -22 -23 24 -20 26 29 -27 -24 -3
right_child=2 17 -4 -5 6 7 -8 8 9 10 -12 -13 13 14 15 16 -18 -19 23 -21 21 22 28 -25 -26 27 -28 -29 -30 -31
leaf_value=0.0019790305554017646 -0.0025717545219737549 0.00027749444749771037 -0.00099495186152282226 -0.0015207570979386689 -0.001337625607266091 0.0017787297889590263 0.0011263589063223616 -0.002747662365436554 -0.0027978494029062299 0.0026329560051672161 -0.00041503019648760444 0.0049077960499562326 -0.0015351065369840298 0.0025057456952830158 0.0016806291442574752 -0.003233106098006196 5.9526760771404958e-05 0.0010280871001653311 -0.00047226942873184125 0.0014565036952532227 -0.0043310516201679342 0.0021105512271686975 -0.00083896682152281637 -0.0026988064616241241 0.0020940991361964156 -0.0030405700873498889 0.0019562657422013334 0.00026892938651144503 -0.0038599022484215144 -0.00031196939745658993
leaf_weight=34 23 1946 221 62 24 25 101 33 26 25 688 20 36 30 31 23 50 117 293 108 22 36 23 22 22 22 47 20 22 348
leaf_count=34 23 1946 221 62 24 25 101 33 26 25 688 20 36 30 31 23 50 117 293 108 22 36 23 22 22 22 47 20 22 348
internal_value=-1.84409e-12 0.000172469 -0.000374858 -0.000260372 -0.000191522 -0.000296076 0.000653274 -0.000243046 -0.000295587 -0.000208485 -0.000133929 0.000765594 0.000340753 3.66433e-06 0.000417065 -0.000185438 -0.000977878 0.000152317 0.000117358 0.000191077 0.000136103 -0.0011992 -0.000348571 -0.000450085 -0.000293031 0.000193818 0.000223573 -0.00146462 -0.00231587 0.000188073
internal_weight=4500 3082 1418 1197 1135 1010 125 987 962 929 903 215 195 170 134 104 73 3048 2931 2594 2486 103 81 337 315 2383 2341 42 45 2294
internal_count=4500 3082 1418 1197 1135 1010 125 987 962 929 903 215 195 170 134 104 73 3048 2931 2594 2486 103 81 337 315 2383 2341 42 45 2294
is_linear=0
shrinkage=0.1


Tree=26
num_leaves=31
num_cat=0
split_feature=9 10 5 8 8 7 1 3 5 10 6 1 5 3 9 9 8 9 9 8 4 3 7 6 10 6 5 8 6 9
split_gain=0.0244443 0.0115998 0.0121182 0.0159639 0.0184263 0.0118835 0.0116332 0.011411 0.00979852 0.0109234 0.0228413 0.0161667 0.0146587 0.0146007 0.0101609 0.0221877 0.00962484 0.0134111 0.0125776 0.0104433 0.00917449 0.00890281 0.00886598 0.00885185 0.0233553 0.0112301 0.0111113 0.0180957 0.0113991 0.0305798
threshold=77518.250000000015 55613.500000000007 56047.000000000007 51935.250000000007 50091.125000000007 14445489.500000002 147.50000000000003 95046.500000000015 81358.000000000015 83202.500000000015 77458.500000000015 129.50000000000003 85932.500000000015 87891.000000000015 85657.250000000015 84053.750000000015 44121.250000000007 45747.750000000007 51772.500000000007 42408.875000000007 64844.500000000007 31189.000000000004 1371899.0000000002 55871.916015625007 60220.250000000007 52399.083984375007 60103.500000000007 50879.750000000007 54883.500000000007 55156.500000000007
decision_type=2 2 2 2 2 2 2 2 2 2 2 2 2 2 2 2 2 2 2 2 2 2 2 2 2 2 2 2 2 2
left_child=1 2 3 4 6 -4 21 16 -2 10 -10 -12 -11 14 15 -14 17 -3 -18 -19 -9 -1 -23 25 -25 -20 28 -28 29 -27
right_child=8 7 5 -5 -6 -7 -8 20 9 12 11 -13 13 -15 -16 -17 18 19 23 -21 -22 22 -24 24 -26 26 27 -29 -30 -31
leaf_value=0.0014288649691835695 -0.0025312327864495192 0.00053534238514575097 0.0032676869342909555 -0.0024385743286638034 0.0032090040140742948 0.00081772724173876125 -0.0018924483893594396 0.00055468990965206453 -0.0018982802739455587 -0.0023364246690861612 0.0040400165641172369 0.00028706867791091406 0.0013024699262471177 -0.0005551223368518406 0.0023848826031166097 -0.0023847225495652919 0.0010130964767406968 -0.00072286615476888777 0.0013080415199510755 -0.0030059195619259933 0.0029418310505293665 -0.001648404806231459 0.00030384456655093626 0.0018251312953153891 -3.6000930296103906e-05 -0.0021978330264251019 -0.001025851490550939 0.0015319901296780222 -0.0034103749673813585 0.0018879608716815711
leaf_weight=69 22 44 26 21 22 83 24 69 21 41 22 24 51 737 27 24 119 51 28 33 21 24 757 70 1834 62 81 42 25 26
leaf_count=69 22 44 26 21 22 83 24 69 21 41 22 24 51 737 27 24 119 51 28 33 21 24 757 70 1834 62 81 42 25 26
internal_value=-3.60491e-12 0.000122094 0.000405303 0.000286815 0.000350692 0.00140212 0.000278743 6.09753e-06 -0.000444907 -0.000396439 0.00083442 0.00208196 -0.000490152 -0.000399929 0.000721416 0.000122568 -3.51047e-05 -0.000878957 1.21245e-05 -0.00161978 0.00111169 0.000340047 0.000243852 -4.28182e-05 3.2423e-05 -0.000585467 -0.00081012 -0.000152442 -0.001526 -0.000990667
internal_weight=4500 3531 1026 917 896 109 874 2505 969 947 67 46 880 839 102 75 2415 128 2287 84 90 850 781 2168 1904 264 236 123 113 88
internal_count=4500 3531 1026 917 896 109 874 2505 969 947 67 46 880 839 102 75 2415 128 2287 84 90 850 781 2168 1904 264 236 123 113 88
is_linear=0
shrinkage=0.1


Tree=27
num_leaves=31
num_cat=0
split_feature=3 9 8 4 4 4 4 9 7 4 10 1 10 4 1 1 4 3 4 8 9 10 6 10 1 10 8 9 8 9
split_gain=0.0206064 0.0111895 0.00808873 0.00966926 0.011759 0.00806595 0.0125424 0.0115104 0.0113976 0.00734318 0.00823711 0.0188997 0.00905047 0.0248512 0.0158696 0.0328467 0.0248276 0.0169281 0.0148377 0.0177411 0.0174677 0.0105278 0.0169812 0.00888813 0.0139985 0.00984867 0.0109703 0.0102037 0.0192262 0.0128106
threshold=68740.000000000015 70420.500000000015 105723.62500000001 95736.500000000015 89458.000000000015 43680.500000000007 40558.500000000007 57062.000000000007 296628528.00000006 45921.500000000007 69705.875000000015 130.50000000000003 74426.500000000015 67565.500000000015 136.50000000000003 142.50000000000003 58000.500000000007 73559.500000000015 63838.500000000007 63191.375000000007 64556.000000000007 72582.250000000015 67268.500000000015 75659.750000000015 131.50000000000003 76210.875000000015 68559.250000000015 70761.750000000015 66158.875000000015 71548.000000000015
decision_type=2 2 2 2 2 2 2 2 2 2 2 2 2 2 2 2 2 2 2 2 2 2 2 2 2 2 2 2 2 2
left_child=1 -1 3 4 5 6 -2 -7 9 -9 11 -11 13 14 18 16 -16 -17 19 20 -12 22 -21 24 -14 26 -25 28 -27 -29
right_child=2 -3 -4 -5 -6 7 -8 8 -10 10 12 -13 23 -15 15 17 -18 -19 -20 21 -22 -23 -24 25 -26 27 -28 29 -30 -31
leaf_value=0.00020638690453392774 -0.00023749351630306519 0.0025263841164165309 -0.0017308568807225932 0.0019092783129797846 -0.0017298671464454766 0.0011624616139349253 -0.0023014238540781662 0.00168845847947523 0.00076662877090275287 -2.0037488679268531e-05 0.0010578019009699346 -0.002629365994811372 -0.0024369205521578168 0.0036238011194481739 -0.0054096999112516649 -0.00092919737144256951 -0.00054153008561115708 0.002543738778680563 -0.0016454309153442202 0.0031769299081393651 -0.0016421536965346016 0.0037631840194360571 -0.00089453713037073628 -7.7399955901863248e-05 0.00012584084358352882 -5.3486581920559146e-05 0.0029669476684648544 -0.0021085443827489922 0.0025371026650057448 -0.00032994319190553028
leaf_weight=2070 89 21 34 22 49 68 44 20 125 70 68 46 47 21 22 32 20 25 26 21 37 26 20 29 39 182 20 42 34 1131
leaf_count=2070 89 21 34 22 49 68 44 20 125 70 68 46 47 21 22 32 20 25 26 21 37 26 20 29 39 182 20 42 34 1131
internal_value=-7.34092e-12 0.000229687 -0.000199367 -0.000177442 -0.000196953 -0.000164352 -0.000920298 -0.000118041 -0.000159446 -0.000217969 -0.000237442 -0.00105477 -0.000185971 0.000299284 6.42167e-05 -0.000969544 -0.00309152 0.00059402 0.000581097 0.000917665 0.000106389 0.00218907 0.00119085 -0.000287225 -0.00127474 -0.000228166 0.00116519 -0.00027732 0.000354291 -0.000393627
internal_weight=4500 2091 2409 2375 2353 2304 133 2171 2103 1978 1958 116 1842 318 297 99 42 57 198 172 105 67 41 1524 86 1438 49 1389 216 1173
internal_count=4500 2091 2409 2375 2353 2304 133 2171 2103 1978 1958 116 1842 318 297 99 42 57 198 172 105 67 41 1524 86 1438 49 1389 216 1173
is_linear=0
shrinkage=0.1


Tree=28
num_leaves=31
num_cat=0
split_feature=9 8 4 8 8 8 6 3 10 5 10 1 9 5 8 3 8 7 4 7 9 8 6 9 9 5 9 3 1 7
split_gain=0.0176421 0.00928988 0.0128296 0.0151566 0.0214437 0.0176761 0.0150614 0.0108003 0.0117724 0.0135513 0.0178927 0.0191047 0.0162074 0.0143926 0.0238819 0.012016 0.011779 0.0105655 0.0204899 0.0134883 0.0119529 0.0197881 0.0193146 0.0181899 0.0142666 0.0106985 0.0100782 0.0180688 0.0270546 0.0178599
threshold=67826.500000000015 65378.500000000007 61917.500000000007 64045.750000000007 63339.625000000007 62631.750000000007 66788.167968750015 86846.500000000015 67623.000000000015 67096.500000000015 64938.000000000007 129.50000000000003 54465.500000000007 65850.500000000015 59868.000000000007 72169.500000000015 52490.875000000007 22403071.000000004 48399.500000000007 29884270.000000004 54658.500000000007 45953.875000000007 56291.083984375007 50416.250000000007 53241.500000000007 59234.500000000007 56866.750000000007 56449.500000000007 117.50000000000001 7450288.0000000009
decision_type=2 2 2 2 2 2 2 2 2 2 2 2 2 2 2 2 2 2 2 2 2 2 2 2 2 2 2 2 2 2
left_child=1 2 3 4 5 7 -4 8 9 10 13 -12 -11 14 17 -10 -15 26 20 -20 21 23 -22 -19 -23 -25 27 -1 -29 -28
right_child=-2 -3 6 -5 -6 -7 -8 -9 15 12 11 -13 -14 16 -16 -17 -18 18 19 -21 22 24 -24 25 -26 -27 29 28 -30 -31
leaf_value=0.00044192994735135901 -0.00024093665515636012 0.0020437929886751452 -0.0033992142088457265 0.0022398172245760048 -0.0025131859812730305 0.002407863697569285 0.00030108463569459594 0.0015573910404851152 -0.0011153691484808098 -0.00033577959116358881 9.5670173565546671e-05 -0.0040344365562001864 0.0016700073422618415 0.00016080451163428804 -0.0027111917702031547 -8.4338801218666613e-06 0.0029771831013600935 0.00012493698558037583 -0.00063687610637509469 -0.0037915350363144414 -0.0018394127627187928 0.00067068262916231136 0.0011460671021092323 -0.003561560847711834 0.003001717434057759 -0.00050858194978597266 0.0028633507857607171 -0.0042202245233403076 -7.564877085979023e-05 0.0004222360226815502
leaf_weight=687 1814 26 22 35 30 35 22 53 139 59 24 21 127 27 29 333 33 424 33 23 72 97 31 22 36 24 44 21 63 94
leaf_count=687 1814 26 22 35 30 35 22 53 139 59 24 21 127 27 29 333 33 424 33 23 72 97 31 22 36 24 44 21 63 94
internal_value=-3.38114e-12 0.000162717 0.000144331 0.000172813 0.000144783 0.000176041 -0.00154906 0.000144994 0.000114602 0.000221049 0.000137301 -0.00183171 0.00103376 0.000187646 0.000133922 -0.000334417 0.00170981 0.000183299 -9.13397e-05 -0.00193254 5.47045e-05 0.000224761 -0.00094087 -7.99724e-05 0.00130164 -0.0019687 0.000413524 0.000272653 -0.00111179 0.00120056
internal_weight=4500 2686 2660 2616 2581 2551 44 2516 2463 1991 1805 45 186 1760 1700 472 60 1671 762 56 706 603 103 470 133 46 909 771 84 138
internal_count=4500 2686 2660 2616 2581 2551 44 2516 2463 1991 1805 45 186 1760 1700 472 60 1671 762 56 706 603 103 470 133 46 909 771 84 138
is_linear=0
shrinkage=0.1


Tree=29
num_leaves=31
num_cat=0
split_feature=9 6 5 3 10 6 8 4 4 5 7 9 6 6 6 8 8 3 5 7 1 10 5 7 6 7 7 1 1 9
split_gain=0.0147923 0.00998116 0.00956954 0.0107329 0.0094786 0.00899667 0.00895494 0.0107286 0.0102808 0.0113453 0.00937755 0.00901011 0.00925171 0.0135377 0.0123065 0.00974815 0.0155969 0.00910567 0.0199893 0.0108815 0.0110252 0.00813096 0.00797754 0.0077908 0.00774018 0.00760936 0.0114504 0.00724994 0.0167453 0.00689724
threshold=63771.000000000007 64242.666015625007 67096.500000000015 64980.000000000007 70958.125000000015 63499.166015625007 57842.000000000007 48629.000000000007 47152.000000000007 68582.500000000015 339543776.00000006 93819.500000000015 90716.250000000015 86855.250000000015 88156.332031250015 83745.750000000015 82268.875000000015 101179.50000000001 102365.00000000001 146526328.00000003 133.50000000000003 101937.00000000001 101085.50000000001 519223712.00000006 106601.33593750001 215129768.00000003 254990824.00000003 140.50000000000003 122.50000000000001 63204.000000000007
decision_type=2 2 2 2 2 2 2 2 2 2 2 2 2 2 2 2 2 2 2 2 2 2 2 2 2 2 2 2 2 2
left_child=1 5 -2 4 -4 29 7 -5 -8 -10 11 12 13 15 -15 16 22 18 -13 24 -21 -14 25 -12 -19 -11 -27 28 -16 -1
right_child=2 -3 3 6 -6 -7 8 -9 9 10 23 17 21 14 27 -17 -18 19 -20 20 -22 -23 -24 -25 -26 26 -28 -29 -30 -31
leaf_value=0.00014395975845890948 -0.0021718261142571766 0.0011749872782578072 0.00017128013723501654 -0.00013475134409693352 0.0028889855902109827 -0.0013340940131101667 -0.0017256648163311184 -0.0024251567156543621 0.0021861021539994648 -7.3594299890444604e-05 0.001584850264609688 -0.0012201399356854383 0.0024200586190160651 -0.0024943765837492217 -0.0018540791532194072 0.0019181705021765084 -0.002589981246739626 -0.0023347605702567944 0.002750425722583064 0.00093157985441697151 -0.0016971746966225544 0.00015942743064043476 0.0011968673216567064 -0.0006476400832814927 -0.00043054652012263742 -0.0031689055520109834 0.00017441832903949988 -0.0019600396842828819 0.0017781784436859502 0.0020096227253088728
leaf_weight=2150 24 96 33 43 21 41 41 39 21 1349 54 32 26 45 22 24 25 74 21 39 27 41 48 22 30 20 21 21 30 20
leaf_count=2150 24 96 33 43 21 41 41 39 21 1349 54 32 26 45 22 24 25 74 21 39 27 41 48 22 30 20 21 21 30 20
internal_value=-1.40021e-12 0.000176769 -0.000185958 -0.000163985 0.00122817 0.000133427 -0.000199529 -0.00122409 -0.000158204 -0.000125942 -0.000150576 -0.000194258 -0.000114624 -0.000162685 -0.00119366 -8.08728e-05 -0.000113666 -0.000791329 0.000353103 -0.00114812 -0.00014382 0.00103669 -7.0615e-05 0.000938603 -0.00178547 -0.000114384 -0.00145647 -0.000391852 0.000241454 0.000161155
internal_weight=4500 2307 2193 2169 54 2211 2115 82 2033 1992 1971 1895 1672 1605 118 1487 1463 223 53 170 66 67 1438 76 104 1390 41 73 52 2170
internal_count=4500 2307 2193 2169 54 2211 2115 82 2033 1992 1971 1895 1672 1605 118 1487 1463 223 53 170 66 67 1438 76 104 1390 41 73 52 2170
is_linear=0
shrinkage=0.1


Tree=30
num_leaves=31
num_cat=0
split_feature=9 8 6 1 1 1 7 1 5 6 5 7 1 10 8 1 9 4 4 3 4 3 3 7 3 4 4 5 8 8
split_gain=0.0127483 0.0118486 0.0122472 0.0108698 0.0128184 0.0183244 0.0125113 0.0285645 0.024388 0.015113 0.0167519 0.0371364 0.0206428 0.01855 0.0177149 0.012965 0.0107577 0.0118584 0.0150476 0.0100286 0.00955206 0.00906091 0.0172541 0.0152596 0.0125779 0.0173909 0.0102251 0.00871852 0.00847218 0.0083362
threshold=52725.000000000007 45743.125000000007 52788.167968750007 92.500000000000014 96.500000000000014 99.500000000000014 3949482.5000000005 129.50000000000003 56692.000000000007 53153.250000000007 60103.500000000007 7677308.2500000009 123.50000000000001 60220.250000000007 51935.250000000007 142.50000000000003 54176.750000000007 43680.500000000007 38487.000000000007 58022.500000000007 53936.000000000007 60232.500000000007 62359.500000000007 4926581.7500000009 63467.000000000007 55825.000000000007 52843.000000000007 64540.500000000007 52700.250000000007 48903.250000000007
decision_type=2 2 2 2 2 2 2 2 2 2 2 2 2 2 2 2 2 2 2 2 2 2 2 2 2 2 2 2 2 2
left_child=29 2 -2 20 -5 -6 7 -7 -8 -10 11 -11 -13 14 -12 -9 -15 18 -18 -14 -3 27 26 -24 25 -25 -23 -19 -20 -1
right_child=1 3 -4 4 5 6 8 15 9 10 13 12 19 16 -16 -17 17 21 28 -21 -22 22 23 24 -26 -27 -28 -29 -30 -31
leaf_value=0.00019144349226935594 -0.0033106724043255268 0.0029327695878071775 -0.0003565460923709907 -0.0019276916119882739 0.0021953536849468945 0.0026594809408729469 -0.0027704630419611931 -0.0014411762253277831 0.0022852105876574151 0.0022927780589088796 -0.00059593402995513039 -0.0051286060680550615 -5.1020192913711077e-05 0.0014719356169424407 0.0026697194634597628 0.0014774020518297736 0.00061559519032016406 -0.0006723802007565444 -0.00090313835553388353 -0.003015295461574126 0.00022595111731789076 -0.00033889465100531071 -0.0027930365476225103 -0.00015532855515278156 -0.00012033950167279963 0.0034302238670837447 -0.0028868623181349702 0.0017164824679493905 -0.0031543996477765702 0.0010995821850080681
leaf_weight=1131 23 22 36 38 35 52 35 45 26 20 26 22 25 41 46 23 30 22 32 21 32 28 21 31 2381 24 36 50 35 111
leaf_count=1131 23 22 36 38 35 52 35 45 26 20 26 22 25 41 46 23 30 22 32 21 32 28 21 31 2381 24 36 50 35 111
internal_value=1.87485e-12 -0.000103921 -0.00150815 -7.80228e-05 -0.000102177 -7.98501e-05 -0.000105772 0.000895169 -0.000146461 -0.000114976 -0.000136562 -0.00149512 -0.00260921 -9.39103e-05 0.00149046 -0.00045401 -0.000135681 -0.000160183 -0.00124574 -0.00140428 0.00132873 -0.000119574 -0.000151165 -0.000108943 -8.58038e-05 0.00140928 -0.00177213 0.000986552 -0.00207917 0.000272606
internal_weight=4500 3258 59 3199 3145 3107 3072 120 2952 2917 2891 88 68 2803 72 68 2731 2690 97 46 54 2593 2521 2457 2436 55 64 72 67 1242
internal_count=4500 3258 59 3199 3145 3107 3072 120 2952 2917 2891 88 68 2803 72 68 2731 2690 97 46 54 2593 2521 2457 2436 55 64 72 67 1242
is_linear=0
shrinkage=0.1


Tree=31
num_leaves=31
num_cat=0
split_feature=9 7 5 10 6 5 5 9 9 10 1 6 10 5 5 3 7 7 6 9 6 9 8 1 7 6 6 4 4 6
split_gain=0.0116617 0.00995561 0.00840054 0.00880149 0.0186321 0.00954896 0.0119431 0.0122186 0.0171348 0.0120481 0.0169184 0.0102951 0.0088717 0.0168747 0.00921236 0.0139967 0.014024 0.0106076 0.017958 0.0144811 0.0168366 0.0166825 0.0129545 0.0104197 0.00842737 0.00808841 0.00976435 0.0121813 0.0176229 0.0100175
threshold=77518.250000000015 1133249.8125000002 81358.000000000015 82914.250000000015 77458.500000000015 85932.500000000015 89157.000000000015 84053.750000000015 82019.000000000015 88515.625000000015 128.50000000000003 79383.082031250015 91790.250000000015 93787.500000000015 101085.50000000001 101929.00000000001 99039564.000000015 158041216.00000003 84660.917968750015 89019.750000000015 87185.582031250015 90811.750000000015 69832.375000000015 140.50000000000003 47512762.000000007 77979.082031250015 75978.667968750015 67377.500000000015 70353.500000000015 75108.582031250015
decision_type=2 2 2 2 2 2 2 2 2 2 2 2 2 2 2 2 2 2 2 2 2 2 2 2 2 2 2 2 2 2
left_child=1 -1 -2 4 -4 11 7 8 -7 10 -8 -5 13 24 17 -16 -17 18 -14 20 -20 -21 -19 -18 -11 26 29 -28 -29 -3
right_child=2 25 3 5 -6 6 9 -9 -10 12 -12 -13 14 -15 15 16 23 22 19 21 -22 -23 -24 -25 -26 -27 27 28 -30 -31
leaf_value=0.0017625037542477783 -0.0022390689616176218 5.002500452983279e-05 -0.0015823839930817485 -0.0033740769694781021 0.0021558100893162191 0.00038698021158137746 -0.0040471089959499386 -0.00092078165709972388 0.0040757479332387452 0.0012277213744176874 -0.00026261259176357679 -0.00042187973374017968 0.0012790251044817724 0.0029685955555380688 0.0014914152700394553 -0.0015069167714682409 0.00033763106988315066 -0.00031127479689365084 -0.00099255586422881807 0.0022087103604072973 -0.0044687140404924075 -0.0011217088726588596 -0.0034841744709880121 -0.0012253374283857368 -0.00093137408621259967 0.0010310864334186431 0.00026972935174449553 -0.0040500886986315583 -0.00037090121147533256 0.0014109503452412108
leaf_weight=35 22 3258 20 21 40 34 21 25 20 29 27 27 41 23 47 80 203 22 38 21 22 53 31 54 48 85 45 23 30 55
leaf_count=35 22 3258 20 21 40 34 21 25 20 29 27 27 41 23 47 80 203 22 38 21 22 53 31 54 48 85 45 23 30 55
internal_value=5.24178e-12 8.43309e-05 -0.000307299 -0.000262421 0.000909745 -0.000341711 -0.000263232 0.000906997 0.00175319 -0.000384874 -0.00191833 -0.00171347 -0.000281495 0.000591757 -0.000424183 -0.000125224 -0.00035069 -0.000927693 -0.000552323 -0.00111266 -0.00226715 -0.00017659 -0.00216712 9.22524e-06 -0.000118208 6.753e-05 4.35188e-05 -0.000940217 -0.00196753 7.26181e-05
internal_weight=4500 3531 969 947 60 887 839 79 54 760 48 48 712 100 612 384 337 228 175 134 60 74 53 257 77 3496 3411 98 53 3313
internal_count=4500 3531 969 947 60 887 839 79 54 760 48 48 712 100 612 384 337 228 175 134 60 74 53 257 77 3496 3411 98 53 3313
is_linear=0
shrinkage=0.1


Tree=32
num_leaves=31
num_cat=0
split_feature=10 6 8 8 5 9 1 1 9 10 5 3 8 4 4 9 6 6 9 9 9 10 5 3 9 10 1 7 10 4
split_gain=0.00981701 0.0115847 0.0243165 0.02319 0.00763623 0.0123242 0.0207145 0.00741262 0.00724394 0.00900432 0.00721133 0.00631278 0.00711727 0.00958155 0.00614739 0.00688455 0.00941194 0.00714768 0.00643118 0.00568704 0.00752239 0.0148697 0.00652378 0.00860525 0.0141877 0.0133103 0.00926813 0.0169819 0.0183876 0.0110586
threshold=55796.750000000007 53509.416015625007 51935.250000000007 50091.125000000007 58317.500000000007 53403.250000000007 126.50000000000001 146.50000000000003 106226.00000000001 116813.00000000001 119810.00000000001 31189.000000000004 27958.375000000004 25629.500000000004 30168.500000000004 49389.250000000007 50102.332031250007 49329.833984375007 34009.000000000007 79784.000000000015 80275.750000000015 83202.500000000015 85932.500000000015 87891.000000000015 83295.250000000015 89009.500000000015 129.50000000000003 21571876.000000004 92124.250000000015 63413.500000000007
decision_type=2 2 2 2 2 2 2 2 2 2 2 2 2 2 2 2 2 2 2 2 2 2 2 2 2 2 2 2 2 2
left_child=1 2 3 7 5 -2 -7 11 9 19 -10 -1 -13 -14 18 -16 17 -17 -15 -6 -21 -22 -23 24 -24 -25 27 -27 -29 -28
right_child=4 -3 -4 -5 8 6 -8 -9 10 -11 -12 12 13 14 15 16 -18 -19 -20 20 21 22 23 25 -26 26 29 28 -30 -31
leaf_value=0.0011743294615028561 -0.0026493764435872435 0.002652303117210977 -0.0029926201207158363 0.0027528538972743464 2.1015937360733644e-05 0.0023923348658718168 -0.0018213694682344796 -0.0012711242278755615 -0.0023594848329174475 0.0018946806298724068 -0.0003552584598796314 -0.00095379826559040422 0.0022649524449978187 0.00049338026186199614 0.00043970535477152838 -9.5824035815894612e-05 0.00050677605179641559 -0.0023441152054733869 -0.0011776823187141954 -0.0017485953278510886 0.0020754507087447026 -0.0017852879205622293 -0.0015597446954676085 -0.0025605108425090159 0.0014415992964853697 -0.0024625526265362684 -0.0023889449561144884 0.0023693166526918036 -2.4006060785083749e-06 -0.00045455513838887223
leaf_weight=69 30 20 23 37 2545 20 28 33 26 24 58 52 23 37 576 26 56 31 61 34 27 29 21 27 63 23 34 39 202 226
leaf_count=69 30 20 23 37 2545 20 28 33 26 24 58 52 23 37 576 26 56 31 61 34 27 29 21 27 63 23 34 39 202 226
internal_value=1.42948e-12 0.000268732 0.000222178 0.000296045 -8.11796e-05 -0.0010594 -6.56593e-05 0.000201748 -5.8592e-05 -3.52071e-05 -0.000975614 0.000253955 0.000180283 0.000253088 0.000194291 0.000299696 -0.000413978 -0.00131858 -0.000546771 -4.93714e-05 -0.000296455 -0.000225004 -0.000318547 -0.000251561 0.000691263 -0.000395295 -0.000283729 0.000133635 0.000381404 -0.000707514
internal_weight=4500 1044 1024 1001 3456 78 48 964 3378 3294 84 931 862 810 787 689 113 57 98 3270 725 691 664 635 84 551 524 264 241 260
internal_count=4500 1044 1024 1001 3456 78 48 964 3378 3294 84 931 862 810 787 689 113 57 98 3270 725 691 664 635 84 551 524 264 241 260
is_linear=0
shrinkage=0.1


Tree=33
num_leaves=31
num_cat=0
split_feature=9 10 3 1 3 8 4 9 8 4 4 7 5 6 8 10 9 6 6 6 3 8 5 4 9 6 6 9 6 4
split_gain=0.00845466 0.0111633 0.0135257 0.0178576 0.0110843 0.00827984 0.0262694 0.0113758 0.0131818 0.0102172 0.0214518 0.0087999 0.00759176 0.00751173 0.0196212 0.0153799 0.0103823 0.00758106 0.0184102 0.0115348 0.0110268 0.0139091 0.0207495 0.0103077 0.00986086 0.00892956 0.00846027 0.0125359 0.00840079 0.00892682
threshold=54033.000000000007 57044.375000000007 57375.500000000007 121.50000000000001 55288.500000000007 45129.250000000007 42472.000000000007 50416.250000000007 44331.875000000007 49067.000000000007 50532.500000000007 5756961.5000000009 52885.000000000007 55871.916015625007 52700.250000000007 59863.750000000007 54658.500000000007 57108.916015625007 58677.500000000007 57752.750000000007 64616.000000000007 59868.000000000007 65324.000000000007 46057.000000000007 56567.000000000007 58116.166015625007 63011.000000000007 64556.000000000007 60761.000000000007 54075.500000000007
decision_type=2 2 2 2 2 2 2 2 2 2 2 2 2 2 2 2 2 2 2 2 2 2 2 2 2 2 2 2 2 2
left_child=5 4 3 -3 -2 6 7 8 11 -7 -11 -1 -8 14 16 -15 -4 23 19 -19 21 28 -23 -17 -22 -21 -24 -28 29 -20
right_child=1 2 13 -5 -6 9 12 -9 -10 10 -12 -13 -14 15 -16 17 -18 18 20 25 24 22 26 -25 -26 -27 27 -29 -30 -31
leaf_value=0.00092003496252000328 -0.0031771869540376512 -0.00065787403582362458 0.0016697768931803498 0.0023557619440515397 -0.00029915463601355442 0.00071272144939699372 -0.0036431417842818937 -0.0014925838686758652 0.0022240663716729613 -0.0024502169311745093 0.0013399045998085059 2.8241131672281164e-06 -0.0010713655695629618 0.0019582863418838464 -0.0031915013711633425 0.002744335171089254 -0.00076666817113706098 -0.00011989055145975379 0.0026400521458570091 -0.003727984527125955 0.0019911241886967964 -0.0022812853021354509 0.0025731505338279976 -0.00022355610504746438 -0.00013533837203695543 -0.0013069399498188152 -0.0014891254540998489 0.0016005415264677644 0.0035535758268088104 -0.00013199713116941543
leaf_weight=125 23 32 23 51 32 424 22 40 32 32 28 641 24 37 28 22 73 42 21 25 22 29 21 25 2488 39 24 29 20 26
leaf_count=125 23 32 23 51 32 424 22 40 32 32 28 641 24 37 28 22 73 42 21 25 22 29 21 25 2488 39 24 29 20 26
internal_value=2.03727e-13 -9.05887e-05 -6.53479e-05 0.00119388 -0.0015027 0.0002074 2.53614e-05 0.00015308 0.00023557 0.000539885 -0.000681494 0.0001525 -0.00230135 -0.000100256 -0.00086229 -6.73322e-05 -0.000182937 -9.37875e-05 -0.000115035 -0.0014076 -6.39108e-05 0.000715507 -1.40235e-05 0.00116567 -0.0001167 -0.00225266 0.000874498 0.000201447 0.00183703 0.00110658
internal_weight=4500 3132 3077 83 55 1368 884 838 798 484 60 766 46 2994 124 2870 96 2833 2786 106 2680 170 103 47 2510 64 74 53 67 47
internal_count=4500 3132 3077 83 55 1368 884 838 798 484 60 766 46 2994 124 2870 96 2833 2786 106 2680 170 103 47 2510 64 74 53 67 47
is_linear=0
shrinkage=0.1


Tree=34
num_leaves=31
num_cat=0
split_feature=3 9 5 6 3 9 4 1 4 4 9 4 8 1 10 1 4 1 8 9 3 7 7 1 7 7 1 6 5 8
split_gain=0.00764891 0.0147213 0.0108519 0.0161842 0.00863372 0.00862619 0.00845735 0.00831071 0.00724239 0.011033 0.0147178 0.00692525 0.00779004 0.00657037 0.00622822 0.00596503 0.0170978 0.00989513 0.0140592 0.0278402 0.00831998 0.00947324 0.00898861 0.0098336 0.0135365 0.0123239 0.0109082 0.00798674 0.0234506 0.0124215
threshold=45721.000000000007 41972.250000000007 47553.000000000007 43150.832031250007 48452.000000000007 47293.000000000007 40012.500000000007 129.50000000000003 27679.000000000004 35518.000000000007 43369.750000000007 37247.000000000007 41235.625000000007 95.500000000000014 49599.375000000007 102.50000000000001 67998.500000000015 105.50000000000001 52161.625000000007 67826.500000000015 50175.500000000007 10843239.500000002 4650546.7500000009 127.50000000000001 3759388.3750000005 3949482.5000000005 141.50000000000003 52188.250000000007 56692.000000000007 45743.125000000007
decision_type=2 2 2 2 2 2 2 2 2 2 2 2 2 2 2 2 2 2 2 2 2 2 2 2 2 2 2 2 2 2
left_child=1 7 3 -2 5 6 -4 13 -6 10 -10 12 -11 -1 -3 16 -13 18 -17 -20 21 -19 23 24 -22 26 -25 29 -29 -24
right_child=2 14 4 -5 8 -7 -8 -9 9 11 -12 15 -14 -15 -16 17 -18 20 19 -21 22 -23 27 25 -26 -27 -28 28 -30 -31
leaf_value=-0.00068923333287239071 0.00027181843761354686 0.0019537098447067872 0.0013162532479989088 -0.0036093124011087985 0.0011859049584637298 0.0019900065735869465 -0.001525036818929948 -0.00082855361269091536 0.00022717088933533699 -0.00045048826917385061 -0.0017398467348936142 0.00089154944693270064 0.0018079666806096657 0.00057508675260590266 -3.5455893902551562e-06 0.00095508217578753839 -0.001506211368703387 -0.0027626305275286239 -0.0050502153101842848 -0.00016523785057610699 0.0027740322897443549 -0.00016774508335134564 -0.00016502053712847065 -0.001133835875248957 -0.00031418623402714731 0.0023438572231680157 0.0012743671433310267 -0.0034498466444866996 -9.5902974001885877e-05 0.0012009455061379112
leaf_weight=50 22 72 22 21 47 42 20 76 67 24 88 171 42 231 21 20 36 24 20 28 40 34 148 62 22 20 27 21 2861 121
leaf_count=50 22 72 22 21 47 42 20 76 67 24 88 171 42 231 21 20 36 24 20 28 40 34 148 62 22 20 27 21 2861 121
internal_value=5.0672e-12 0.000391124 -4.34583e-05 -0.00162362 -2.65012e-05 0.000976632 -3.6742e-05 9.91969e-05 -4.79805e-05 -6.29425e-05 -0.000889588 -2.85082e-05 0.00098671 0.000350119 0.00151175 -4.68404e-05 0.000474548 -7.81419e-05 -0.00127249 -0.00220065 -5.41136e-05 -0.00124149 -3.33827e-05 0.000672728 0.00167821 0.0001008 -0.000403257 -7.17023e-05 -0.000120342 0.00044941
internal_weight=4500 450 4050 43 4007 84 42 357 3923 3876 155 3721 66 281 93 3655 207 3448 68 48 3380 58 3322 171 62 109 89 3151 2882 269
internal_count=4500 450 4050 43 4007 84 42 357 3923 3876 155 3721 66 281 93 3655 207 3448 68 48 3380 58 3322 171 62 109 89 3151 2882 269
is_linear=0
shrinkage=0.1


Tree=35
num_leaves=31
num_cat=0
split_feature=1 7 4 7 8 5 10 4 1 4 4 7 9 10 3 4 9 1 7 1 3 1 6 10 3 10 8 9 4 7
split_gain=0.00682987 0.0107111 0.0175527 0.00902906 0.00671722 0.00738631 0.0115954 0.00839954 0.00669243 0.0110719 0.00831037 0.00730049 0.00562146 0.0143545 0.00999449 0.00987304 0.0111872 0.0108657 0.0154255 0.0148876 0.0114222 0.00826523 0.00774832 0.00759586 0.0110628 0.00707631 0.00681312 0.0147395 0.0124731 0.0112978
threshold=115.50000000000001 2508322.7500000005 40695.000000000007 1133249.8125000002 105723.62500000001 118138.50000000001 111464.50000000001 78401.000000000015 113.50000000000001 64644.500000000007 82840.000000000015 62922720.000000007 62368.750000000007 64267.875000000007 83462.000000000015 52149.000000000007 63360.000000000007 137.50000000000003 98145308.000000015 129.50000000000003 85732.000000000015 122.50000000000001 67268.500000000015 74426.500000000015 76505.500000000015 71605.625000000015 55162.000000000007 57358.000000000007 51583.500000000007 9842289.0000000019
decision_type=2 2 2 2 2 2 2 2 2 2 2 2 2 2 2 2 2 2 2 2 2 2 2 2 2 2 2 2 2 2
left_child=1 2 -1 -2 5 6 12 -7 10 11 -3 -10 14 -14 23 17 -17 19 -19 21 -20 -15 -21 24 25 26 27 -5 -29 -28
right_child=3 8 -4 4 -6 7 -8 -9 9 -11 -12 -13 13 15 -16 16 -18 18 20 22 -22 -23 -24 -25 -26 -27 29 28 -30 -31
leaf_value=0.00066342398270287297 0.0018678104735348217 0.00026381855981654926 -0.0033784772624217332 7.4945949847137353e-05 -0.001621109269243399 -0.00046817640170708974 -0.0021114971063590413 0.0020253840232700377 0.0011014147463532526 0.0027848382652909671 -0.0014317791369588425 -0.00079884683247655641 -0.0026701539555569584 -5.0667022174644859e-05 0.0021400494298533254 0.0014788449959208568 -0.00012046488288052518 -0.0041089255939282124 0.00054403235083625009 0.0022127098734647287 -0.0026346844411455094 -0.0022642723372759853 -0.00020594078103183873 -0.0015631323858668049 0.0020767586133270352 -0.0017458719476549465 -0.00055597655546779819 -0.00062008759504633736 -0.0033354647197051065 0.001000570375825081
leaf_weight=22 24 792 21 1125 28 22 28 35 62 27 30 30 23 31 23 45 1559 21 26 26 20 37 27 29 27 22 65 87 21 165
leaf_count=22 24 792 21 1125 28 22 28 35 62 27 30 30 23 31 23 45 1559 21 26 26 20 37 27 29 27 22 65 87 21 165
internal_value=8.45628e-14 0.000232877 -0.00131053 -6.51738e-05 -7.84589e-05 -6.59895e-05 -8.48771e-05 0.00106296 0.000303405 0.00100431 0.000201935 0.000481764 -6.80835e-05 -0.000187816 7.08638e-05 -0.000155955 -7.55965e-05 -0.000841569 -0.00186323 -0.000275857 -0.000838018 -0.00125513 0.000980567 3.99805e-05 7.0728e-05 3.42547e-05 6.10235e-05 -3.21802e-05 -0.00114808 0.000560677
internal_weight=4500 984 43 3516 3492 3464 3407 57 941 119 822 92 3379 1815 1564 1792 1604 188 67 121 46 68 53 1541 1512 1485 1463 1233 108 230
internal_count=4500 984 43 3516 3492 3464 3407 57 941 119 822 92 3379 1815 1564 1792 1604 188 67 121 46 68 53 1541 1512 1485 1463 1233 108 230
is_linear=0
shrinkage=0.1


Tree=36
num_leaves=31
num_cat=0
split_feature=4 5 6 10 5 4 1 1 4 5 4 8 8 5 1 8 8 9 9 4 7 9 9 4 8 5 1 7 9 1
split_gain=0.00621751 0.0104335 0.0204513 0.013063 0.0153254 0.00973775 0.0190114 0.0148942 0.0136677 0.0199091 0.0121509 0.0132861 0.0126382 0.010751 0.00922648 0.0205213 0.0191291 0.00874914 0.00986702 0.00871844 0.0155432 0.0130104 0.0151674 0.0107944 0.01504 0.0178726 0.0155007 0.0135391 0.0107553 0.0111245
threshold=68357.500000000015 77074.000000000015 75108.582031250015 79258.375000000015 82018.500000000015 66052.000000000015 137.50000000000003 142.50000000000003 65377.500000000007 84782.500000000015 67152.500000000015 71950.250000000015 69032.625000000015 86203.000000000015 131.50000000000003 76181.875000000015 76181.875000000015 78902.750000000015 80801.000000000015 58110.500000000007 5912687.5000000009 69210.000000000015 70925.250000000015 59280.500000000007 64177.875000000007 73685.500000000015 123.50000000000001 23851047.000000004 75252.250000000015 125.50000000000001
decision_type=2 2 2 2 2 2 2 2 2 2 2 2 2 2 2 2 2 2 2 2 2 2 2 2 2 2 2 2 2 2
left_child=5 -2 -3 -4 -5 8 10 -8 14 -10 11 12 -7 -12 15 17 -16 19 -19 21 -21 -1 -23 -22 26 -26 -25 -27 29 -29
right_child=1 2 3 4 -6 6 7 -9 9 -11 13 -13 -14 -15 16 -17 -18 18 -20 20 23 22 -24 24 25 27 -28 28 -30 -31
leaf_value=0.00015125751342452034 0.001950350386046228 -0.0033143289810554548 0.001859881182939842 -0.002844579461405216 -0.00022240581664759065 0.0015923661682754756 0.0040865756683051589 0.00089077035630387923 -0.0033299463544169379 0.00065938687555237938 0.00038556671028749814 0.0028789329659193756 -0.0016557315283495446 -0.0020757604097681385 -0.00010950123526898162 0.0029122563859750195 -0.0028481689422803287 -0.0025595686659216884 -5.0366445932359925e-05 -0.0015202990379826777 0.0025542839436924884 -0.002796150311460775 -4.4757671946404028e-05 0.00056785935502765429 0.0036064360141754154 -0.0016364518907808123 -0.0028195527234030041 0.0023435523912088353 -0.00062582020514777726 9.4861226248075124e-05
leaf_weight=1593 21 22 29 23 721 25 25 35 29 22 36 25 23 35 1338 27 26 25 42 29 35 33 51 35 25 21 22 66 28 33
leaf_count=1593 21 22 29 23 721 25 25 35 29 22 36 25 23 35 1338 27 26 25 42 29 35 33 51 35 25 21 22 66 28 33
internal_value=1.93973e-12 -0.000249756 -0.000307872 -0.000222307 -0.000303468 5.53206e-05 0.000726818 0.00222236 1.5957e-05 -0.00160906 0.000103677 0.0010096 3.5986e-05 -0.000827764 4.01261e-05 0.000173442 -0.000161705 0.000137157 -0.000986636 0.000175358 0.000677665 8.72973e-05 -0.00112566 0.000918197 0.000669227 0.00113339 -0.000739563 0.000715652 0.00110458 0.00159399
internal_weight=4500 816 795 773 744 3684 204 60 3480 51 144 73 48 71 3429 2065 1364 2038 67 1971 294 1677 84 265 230 173 57 148 127 99
internal_count=4500 816 795 773 744 3684 204 60 3480 51 144 73 48 71 3429 2065 1364 2038 67 1971 294 1677 84 265 230 173 57 148 127 99
is_linear=0
shrinkage=0.1


Tree=37
num_leaves=31
num_cat=0
split_feature=3 4 8 7 7 1 1 9 8 4 8 9 5 8 5 3 3 5 9 3 5 7 6 7 6 5 10 1 4 8
split_gain=0.00558939 0.00815439 0.0056872 0.00553038 0.00672982 0.0140839 0.00776997 0.00764328 0.0235231 0.00911862 0.00793696 0.00892649 0.00887182 0.00881208 0.00736005 0.0184874 0.00713852 0.0151644 0.0118802 0.0115542 0.0107135 0.0091717 0.00807556 0.00712653 0.00995949 0.0174431 0.00842841 0.00644238 0.00857043 0.00736231
threshold=33370.000000000007 14759.000000000002 27958.375000000004 1133249.8125000002 2508322.7500000005 115.50000000000001 115.50000000000001 90811.750000000015 85397.125000000015 79452.000000000015 36364.500000000007 37106.250000000007 45376.500000000007 37808.125000000007 102365.00000000001 101929.00000000001 46127.000000000007 48503.000000000007 40956.750000000007 48063.000000000007 51028.000000000007 3759388.3750000005 44092.582031250007 146526328.00000003 106601.33593750001 112249.00000000001 105435.87500000001 113.50000000000001 64644.500000000007 52161.625000000007
decision_type=2 2 2 2 2 2 2 2 2 2 2 2 2 2 2 2 2 2 2 2 2 2 2 2 2 2 2 2 2 2
left_child=-1 -2 -3 -4 5 -5 27 8 9 10 11 -8 -13 -12 -9 -16 18 -18 -15 -19 -20 -21 -23 24 25 26 -17 29 -29 -6
right_child=1 2 3 4 6 -7 7 14 -10 -11 13 12 -14 16 15 23 17 19 20 21 -22 22 -24 -25 -26 -27 -28 28 -30 -31
leaf_value=0.0007107147360565486 0.0019029336007819935 -0.0013154345598784002 0.0013592831268585447 -0.0031453311886815803 0.00050519907700475751 -0.00020664088772482251 6.3940339575726859e-05 -0.0016483810515019973 0.0026227479737082667 -0.0016900369377039811 0.001755819736198256 -0.0029366352059476981 -0.00058639191621397103 -0.001299781093839556 0.0024129377021877606 -0.0019872919311402022 -0.0022913756904502712 0.0019901587328474439 0.0022462108619511127 0.0013040803135277667 -0.00049230732023715969 -0.0020298158284276723 -6.105909207358488e-05 -2.0117986279509063e-05 0.00050270348425935187 -0.0041928856781768527 0.00064951060343115721 0.00047670569579951979 0.0025161512993724534 -0.00012458923920953641
leaf_weight=108 22 34 29 21 332 73 59 53 33 34 28 29 36 20 22 27 30 28 50 49 20 21 2648 91 24 22 22 87 27 421
leaf_count=108 22 34 29 21 332 73 59 53 33 34 28 29 36 20 22 27 30 28 50 49 20 21 2648 91 24 22 22 87 27 421
internal_value=-3.64705e-12 -1.74766e-05 -2.71446e-05 -1.70427e-05 -2.63098e-05 -0.000863157 -7.63813e-06 -7.67672e-05 -3.2806e-05 -6.15194e-05 -4.31729e-05 -0.000826613 -0.00163496 -9.60462e-06 -0.000596385 -0.000328329 -2.68523e-05 -5.52693e-05 0.000849653 -3.08399e-05 0.00146378 -5.16596e-05 -7.65495e-05 -0.000652564 -0.00125838 -0.00185368 -0.000803421 0.000259151 0.000959732 0.000153086
internal_weight=4500 4392 4370 4336 4307 94 4213 3346 3085 3052 3018 124 65 2894 261 208 2866 2776 90 2746 70 2718 2669 186 95 71 49 867 114 753
internal_count=4500 4392 4370 4336 4307 94 4213 3346 3085 3052 3018 124 65 2894 261 208 2866 2776 90 2746 70 2718 2669 186 95 71 49 867 114 753
is_linear=0
shrinkage=0.1


Tree=38
num_leaves=31
num_cat=0
split_feature=9 10 5 7 3 7 7 9 7 3 1 3 4 7 7 1 5 5 7 7 7 1 3 1 7 4 7 9 5 8
split_gain=0.00521972 0.00716166 0.00504396 0.00513813 0.00477222 0.00823415 0.0088097 0.00489794 0.00467854 0.0077243 0.00526271 0.0185333 0.0155999 0.0111089 0.00979162 0.00826216 0.00908285 0.0193085 0.00862481 0.0156303 0.00789524 0.00703475 0.0142545 0.00702046 0.00631856 0.0164721 0.00728786 0.00647144 0.0173766 0.0145835
threshold=106226.00000000001 116813.00000000001 119810.00000000001 229637968.00000003 38839.000000000007 5433551.7500000009 8988964.5000000019 31218.750000000004 1371899.0000000002 55504.500000000007 96.500000000000014 49849.000000000007 62504.500000000007 2794787.3750000005 58265834.000000007 102.50000000000001 83655.000000000015 72244.000000000015 3262389.6250000005 3759388.3750000005 132054092.00000001 127.50000000000001 58022.500000000007 133.50000000000003 4315418.2500000009 55360.000000000007 4650546.7500000009 52725.000000000007 60103.500000000007 50879.750000000007
decision_type=2 2 2 2 2 2 2 2 2 2 2 2 2 2 2 2 2 2 2 2 2 2 2 2 2 2 2 2 2 2
left_child=1 4 -2 -4 5 -1 -7 -8 9 -6 11 -10 14 21 -13 16 17 -15 -17 23 -16 -12 -23 -20 25 -21 -26 -28 29 -29
right_child=2 -3 3 -5 8 6 7 -9 10 -11 13 12 -14 15 20 18 -18 -19 19 24 -22 22 -24 -25 26 -27 27 28 -30 -31
leaf_value=0.0013190593224371204 -0.0019382679156198998 0.0017375863147511457 0.00050091743593968987 -0.0014231429425189679 -0.0022535052422123654 -0.0013335057792978155 -0.00021562058156212937 0.0011441357392834983 -0.0034221788728609685 0.00040743565536104141 0.0024368523844871029 0.0015306335462567707 -0.0022005036633847091 0.00049840746940412546 -0.0015204561919334436 -0.0016971060450399113 -0.00076527535886270924 0.0038391158958389002 0.0031889182781534536 -0.0032439490070655234 0.00084248385033928444 0.0019551733267252095 -0.001567145292647183 0.00060315930417605818 0.0016715410985052585 0.00071682372529591838 0.00020804295927879621 0.00023650930354748159 -5.6415074314697097e-05 -0.0019247385988672896
leaf_weight=74 26 24 35 23 24 36 52 54 20 20 29 45 29 81 31 31 30 22 21 21 26 27 20 21 25 21 807 47 2685 93
leaf_count=74 26 24 35 23 24 36 52 54 20 20 29 45 29 81 31 31 30 22 21 21 26 27 20 21 25 21 807 47 2685 93
internal_value=-2.71354e-12 1.4854e-05 -0.000780895 -0.000262072 5.44013e-06 0.000463774 1.80623e-05 0.000477085 -1.82668e-05 -0.00104399 -7.34433e-06 -0.000586816 -0.000153936 1.46351e-05 0.000427931 -8.66915e-06 0.000765965 0.00121196 -3.59826e-05 -2.22176e-05 -0.000442624 0.00121205 0.000456314 0.00189604 -4.39983e-05 -0.00126356 -2.99918e-05 -4.17039e-05 -0.000113048 -0.00119918
internal_weight=4500 4416 84 58 4392 216 142 106 4176 44 4132 151 131 3981 102 3905 133 103 3772 3741 57 76 47 42 3699 42 3657 3632 2825 140
internal_count=4500 4416 84 58 4392 216 142 106 4176 44 4132 151 131 3981 102 3905 133 103 3772 3741 57 76 47 42 3699 42 3657 3632 2825 140
is_linear=0
shrinkage=0.1


Tree=39
num_leaves=31
num_cat=0
split_feature=7 8 4 7 1 4 10 1 6 6 8 8 9 9 9 4 8 8 4 4 10 9 9 5 6 4 4 4 5 10
split_gain=0.00490729 0.00431756 0.00924128 0.00542408 0.0129386 0.00641034 0.00518769 0.00513053 0.00930354 0.0106269 0.00867754 0.014124 0.0123197 0.014311 0.0130987 0.0140056 0.0125687 0.021349 0.0128998 0.0125928 0.0100358 0.00985756 0.00783891 0.0154488 0.00739669 0.00837044 0.016894 0.0193044 0.0155801 0.0179181
threshold=1133249.8125000002 105723.62500000001 95736.500000000015 1829220.6875000002 131.50000000000003 89458.000000000015 105435.87500000001 115.50000000000001 90128.335937500015 94993.082031250015 76464.500000000015 74734.875000000015 74048.750000000015 75662.250000000015 70420.500000000015 63657.000000000007 64045.750000000007 62276.375000000007 55507.000000000007 53797.500000000007 76210.875000000015 84843.750000000015 96171.500000000015 109318.50000000001 90716.250000000015 74269.000000000015 73004.000000000015 72370.000000000015 94977.000000000015 95105.375000000015
decision_type=2 2 2 2 2 2 2 2 2 2 2 2 2 2 2 2 2 2 2 2 2 2 2 2 2 2 2 2 2 2
left_child=-1 2 3 4 -2 7 -7 8 10 -10 11 12 14 -14 15 16 17 18 19 -5 -16 -12 24 -24 25 26 27 -9 -27 -30
right_child=1 -3 -4 5 -6 6 -8 22 9 -11 21 -13 13 -15 20 -17 -18 -19 -20 -21 -22 -23 23 -25 -26 28 -28 -29 29 -31
leaf_value=0.0011628548782836232 -0.0022328663673816308 -0.0011319640332230312 0.0020436745200475507 0.0002403946726293248 0.00099049460142850896 -0.0023292730340645426 -0.00021607885070037671 -9.4788565510832604e-06 0.0032660383021547684 0.0001210691769797863 0.00046604516915977007 0.002793665763012888 -0.0030030195950530472 -9.1573575739927886e-05 0.0035745287907775498 -0.0024319974542595449 0.0026612898490081232 -0.0030409059440717101 0.0018900702424023464 -0.002253568358719349 0.00073567747851043495 -0.0021664749845072178 -0.0030236673457413698 -8.2207480527199162e-05 0.00085950317784457887 -0.0012843627172514972 0.0019387085096571933 -0.0025590772375774884 0.0031098122952971608 -0.00090594469010829917
leaf_weight=36 33 34 22 564 20 21 26 2941 21 22 25 21 25 52 20 20 21 20 46 21 33 33 26 57 93 128 44 30 20 25
leaf_count=36 33 34 22 564 20 21 26 2941 21 22 25 21 25 52 20 20 21 20 46 21 33 33 26 57 93 128 44 30 20 25
internal_value=8.49781e-13 -9.37786e-06 -7.62076e-07 -1.09657e-05 -0.0010165 1.27161e-06 -0.00116027 1.3944e-05 0.000219953 0.00165698 0.000151371 0.000232773 0.000167349 -0.00103685 0.000291809 0.000175766 0.000253378 0.000175703 0.000277656 0.000150868 0.00180694 -0.00103177 -4.38658e-05 -0.00100363 -1.95865e-05 -4.52313e-05 -6.41674e-06 -3.52237e-05 -0.000721681 0.000878836
internal_weight=4500 4464 4430 4408 53 4355 47 4308 944 43 901 843 822 77 745 692 672 651 631 585 53 58 3364 83 3281 3188 3015 2971 173 45
internal_count=4500 4464 4430 4408 53 4355 47 4308 944 43 901 843 822 77 745 692 672 651 631 585 53 58 3364 83 3281 3188 3015 2971 173 45
is_linear=0
shrinkage=0.1


Tree=40
num_leaves=31
num_cat=0
split_feature=7 3 1 1 1 1 1 7 7 1 8 10 10 1 10 3 8 9 8 4 3 6 3 1 5 5 9 4 4 7
split_gain=0.00397491 0.00391441 0.00496337 0.00515169 0.0127273 0.0118968 0.0102164 0.00946395 0.00895433 0.0104466 0.00731584 0.00956132 0.0103146 0.0117194 0.00959478 0.00870448 0.00801894 0.00714106 0.0128329 0.0110296 0.0103765 0.00895764 0.00904173 0.0197657 0.0126762 0.00961392 0.00823869 0.00748527 0.0128763 0.011102
threshold=1133249.8125000002 31189.000000000004 77.500000000000014 96.500000000000014 92.500000000000014 102.50000000000001 87.500000000000014 1600809.9375000002 2794787.3750000005 127.50000000000001 34418.625000000007 49250.500000000007 47930.625000000007 140.50000000000003 49848.625000000007 47709.500000000007 40525.000000000007 45249.250000000007 44121.250000000007 40323.500000000007 48063.000000000007 48844.667968750007 51366.000000000007 132.50000000000003 53928.500000000007 55498.500000000007 51301.500000000007 43523.000000000007 42472.000000000007 71010324.000000015
decision_type=2 2 2 2 2 2 2 2 2 2 2 2 2 2 2 2 2 2 2 2 2 2 2 2 2 2 2 2 2 2
left_child=-1 -2 -3 4 6 -5 -4 -7 9 -9 -10 12 13 15 -13 16 -12 -16 19 -19 -20 -22 23 -23 -24 -26 -27 28 29 -28
right_child=1 2 3 5 -6 7 -8 8 10 -11 11 14 -14 -15 17 -17 -18 18 20 -21 21 22 24 -25 25 26 27 -29 -30 -31
leaf_value=0.0010465694103105408 0.0007501578750783828 0.0015517506795004012 -0.00087070070876507091 0.00087735401401153705 -0.0016733477378238605 -0.0018383974851719266 0.0012606985247905621 0.0024655560662429181 -0.00070561981150411911 1.9835428101941946e-05 0.00025591011978506753 -0.0018406377670665585 0.0017729821521373066 -0.0019975389741982027 0.00087190450488937559 -0.0013618704672394828 0.0017768160287792293 -0.00052037450072329756 0.0018895517916202413 -0.002638690570893232 0.0013901182277084785 -0.0028721034117607461 0.0021580177789124158 0.001052415076022347 -0.0016839316672606704 0.00081780827022157618 0.0011693102244690462 -3.234136512714655e-05 -0.0026330255293126764 -0.00084263326151006563
leaf_weight=36 67 20 46 147 64 29 44 31 161 40 104 30 56 21 83 22 52 106 28 32 43 33 26 21 36 108 37 2842 29 106
leaf_count=36 67 20 46 147 64 29 44 31 161 40 104 30 56 21 83 22 52 106 28 32 43 33 26 21 36 108 37 2842 29 106
internal_value=-3.33738e-12 -8.44008e-06 -1.99993e-05 -2.71812e-05 -0.000595297 -6.46373e-06 0.000171317 -3.83384e-05 -2.54396e-05 0.00108769 -4.53168e-05 -1.74508e-05 0.000574065 0.000236681 -5.98206e-05 0.000500269 0.000762879 -4.46862e-05 -6.67567e-05 -0.00101158 -2.73534e-05 -4.37123e-05 -6.27533e-05 -0.0013459 -4.09913e-05 -5.90959e-05 -4.03598e-05 -7.11103e-05 -0.0007117 -0.00032206
internal_weight=4500 4464 4397 4377 154 4223 90 4076 4047 71 3976 3815 255 199 3560 178 156 3530 3447 138 3309 3281 3238 54 3184 3158 3122 3014 172 143
internal_count=4500 4464 4397 4377 154 4223 90 4076 4047 71 3976 3815 255 199 3560 178 156 3530 3447 138 3309 3281 3238 54 3184 3158 3122 3014 172 143
is_linear=0
shrinkage=0.1


Tree=41
num_leaves=31
num_cat=0
split_feature=9 10 5 7 10 5 8 6 1 6 10 6 5 7 7 4 8 8 1 7 5 1 1 8 7 7 9 3 8 8
split_gain=0.00381596 0.00555266 0.00415884 0.00430009 0.00385521 0.00406151 0.00412739 0.0125779 0.00983035 0.00562764 0.0130698 0.00808778 0.0097897 0.0167806 0.00686046 0.0151502 0.00638825 0.012316 0.00547143 0.0154533 0.00603289 0.00553688 0.00924457 0.00534877 0.00444266 0.00489617 0.00623294 0.00503538 0.0141829 0.019362
threshold=106226.00000000001 114727.37500000001 119810.00000000001 229637968.00000003 111464.50000000001 111056.00000000001 95939.500000000015 94993.082031250015 129.50000000000003 92333.414062500015 101937.00000000001 86855.250000000015 94592.000000000015 48217390.000000007 89035864.000000015 73004.000000000015 83745.750000000015 82268.875000000015 151.50000000000003 96794476.000000015 77074.000000000015 148.50000000000003 149.50000000000003 78301.000000000015 1133249.8125000002 1829220.6875000002 49690.750000000007 49849.000000000007 44331.875000000007 43372.125000000007
decision_type=2 2 2 2 2 2 2 2 2 2 2 2 2 2 2 2 2 2 2 2 2 2 2 2 2 2 2 2 2 2
left_child=1 4 -2 -4 5 6 7 9 -9 11 -11 16 -13 -14 -15 23 17 18 21 20 -20 24 -23 -16 -1 26 -26 28 29 -27
right_child=2 -3 3 -5 -6 -7 -8 8 -10 10 -12 12 13 14 15 -17 -18 -19 19 -21 -22 22 -24 -25 25 27 -28 -29 -30 -31
leaf_value=0.0011454201759105284 -0.001718612719112291 0.0013050046516582372 0.0005014218873111531 -0.0012587491357091652 -0.0012352900784462692 0.00090616712288465366 0.0013356887391241998 -0.00016160788280623301 -0.0031864158428189433 0.0024796638728103379 -0.00057769925559922645 -0.0024073269725444595 0.0022397993620307671 -0.0022660392175356931 -0.0025801930624187331 0.0015250662100259906 0.0016170722618699075 -0.0021990563385188579 -0.00085044729307160848 0.0014871594130818266 -0.0030926352765943323 0.0020056341088523989 1.225883617735235e-05 -0.00051242595795413545 -0.0019161615761575002 0.00020592861043181845 0.00037856321781873706 -2.3875645467249973e-05 0.0013605385703414463 -0.0028296355750750415
leaf_weight=35 26 33 35 23 25 50 23 21 22 29 27 28 21 26 22 27 25 25 28 20 21 38 60 29 29 468 20 3139 103 22
leaf_count=35 26 33 35 23 25 50 23 21 22 29 27 28 21 26 22 27 25 25 28 20 21 38 60 29 29 468 20 3139 103 22
internal_value=5.01856e-12 1.27005e-05 -0.000667683 -0.000196577 2.97063e-06 1.0074e-05 -3.26332e-07 -7.49748e-06 -0.00170918 9.75206e-06 0.00100558 -3.57003e-06 -0.000717217 -0.000338632 -0.000859277 -0.000390357 2.35036e-05 1.35637e-05 2.74516e-05 -0.000855285 -0.00181139 4.30134e-05 0.0007852 -0.0014044 2.3953e-05 1.35718e-05 -0.000979539 2.6611e-05 0.000293858 6.9638e-05
internal_weight=4500 4416 84 58 4383 4358 4308 4285 43 4242 56 4186 153 125 104 78 4033 4008 3983 69 49 3914 98 51 3816 3781 49 3732 593 490
internal_count=4500 4416 84 58 4383 4358 4308 4285 43 4242 56 4186 153 125 104 78 4033 4008 3983 69 49 3914 98 51 3816 3781 49 3732 593 490
is_linear=0
shrinkage=0.1


Tree=42
num_leaves=31
num_cat=0
split_feature=4 9 7 7 5 7 5 3 6 10 5 5 1 9 5 5 4 1 7 5 3 1 4 3 4 4 9 8 7 3
split_gain=0.00339898 0.00517618 0.0046719 0.0076065 0.00472239 0.010224 0.0097663 0.00532228 0.00444307 0.00934277 0.00408474 0.0109962 0.00929199 0.0142821 0.00589321 0.00557356 0.00886397 0.0112682 0.00993019 0.00850994 0.016316 0.0310587 0.0137205 0.00847129 0.0078347 0.0168488 0.0147732 0.00637126 0.0125465 0.0225787
threshold=23130.000000000004 24651.250000000004 602494848.00000012 339543776.00000006 113794.00000000001 120895356.00000001 111056.00000000001 106959.50000000001 101194.00000000001 118915.00000000001 101085.50000000001 99870.000000000015 118.50000000000001 93048.500000000015 104786.50000000001 98595.000000000015 74269.000000000015 146.50000000000003 51346910.000000007 90651.000000000015 84124.500000000015 133.50000000000003 79452.000000000015 93797.500000000015 73004.000000000015 72370.000000000015 82255.250000000015 71950.250000000015 46055290.000000007 83662.000000000015
decision_type=2 2 2 2 2 2 2 2 2 2 2 2 2 2 2 2 2 2 2 2 2 2 2 2 2 2 2 2 2 2
left_child=1 -1 3 4 6 -6 7 10 -7 -10 11 15 -12 -14 -15 16 24 18 19 20 -18 -22 -21 -24 25 27 -26 -2 29 -29
right_child=2 -3 -4 -5 5 8 -8 -9 9 -11 12 -13 13 14 -16 -17 17 -19 -20 22 21 -23 23 -25 26 -27 -28 28 -30 -31
leaf_value=-0.00042482986981566589 -2.9441985998758516e-05 0.0010437544593716868 -0.001405025803251192 0.00087431722748381932 -0.0023252564083252633 -0.0011121560366720788 0.0018520871439250187 -0.0010174917964866595 0.0021420961094554512 -0.00068776110513551559 0.0018778851092163776 -0.0019045853852144173 0.0010407572294263026 -0.00025850896290021726 -0.0024289631745143033 0.0010460729230841509 0.00091465099831111729 -0.002875595402327322 -0.002514951527118683 0.0026020691050992659 -0.0046653483589382278 0.00037939376264918025 0.00089632405294105409 -0.0018280962570792155 0.0026541994021196543 -0.0024983953650074978 -0.00085450845304876574 0.00042883819757359265 -0.00015636980736146783 0.0034960474178660664
leaf_weight=36 3310 72 24 96 28 27 28 53 20 28 37 31 65 29 22 49 32 21 20 24 23 26 25 21 30 27 20 96 148 32
leaf_count=36 3310 72 24 96 28 27 28 53 20 28 37 31 65 29 22 49 32 21 20 24 23 26 25 21 30 27 20 96 148 32
internal_value=-2.76486e-13 0.000554226 -1.36285e-05 -5.98348e-06 -2.57655e-05 -0.000694668 -9.23951e-06 -2.18251e-05 -8.59147e-05 0.000491346 -8.91655e-06 -2.86272e-05 0.00049802 5.78903e-05 -0.00119478 -1.3731e-05 -2.72019e-05 -0.000689525 -0.00042106 -0.000143723 -0.000841604 -0.00198855 0.000663825 -0.000347433 7.51445e-06 -9.69012e-06 0.00125072 9.04804e-06 0.000470649 0.00119564
internal_weight=4500 108 4392 4368 4272 103 4169 4141 75 48 4088 3935 153 116 51 3904 3855 192 171 151 81 49 70 46 3663 3613 50 3586 276 128
internal_count=4500 108 4392 4368 4272 103 4169 4141 75 48 4088 3935 153 116 51 3904 3855 192 171 151 81 49 70 46 3663 3613 50 3586 276 128
is_linear=0
shrinkage=0.1


Tree=43
num_leaves=31
num_cat=0
split_feature=3 7 7 1 1 1 7 3 6 10 10 10 3 7 6 4 4 9 4 8 5 1 3 10 9 1 7 7 7 8
split_gain=0.00314984 0.00688773 0.00659417 0.00616032 0.0170763 0.0122484 0.00441632 0.0057706 0.00434261 0.00573701 0.00801891 0.00685693 0.00899791 0.0113098 0.00606409 0.0058918 0.0121226 0.01088 0.0058669 0.00699134 0.00559874 0.00471723 0.0048951 0.00640105 0.00465731 0.00455864 0.00722087 0.00409303 0.00741875 0.00466851
threshold=38839.000000000007 4315418.2500000009 32138289.000000004 108.50000000000001 120.50000000000001 129.50000000000003 1371899.0000000002 55504.500000000007 38958.250000000007 49250.500000000007 49848.625000000007 47930.625000000007 46127.000000000007 18266954.000000004 41682.000000000007 28320.000000000004 35518.000000000007 42546.500000000007 37247.000000000007 41370.000000000007 49726.000000000007 134.50000000000003 42460.000000000007 39655.125000000007 41972.250000000007 127.50000000000001 129094764.00000001 339543776.00000006 519223712.00000006 76904.375000000015
decision_type=2 2 2 2 2 2 2 2 2 2 2 2 2 2 2 2 2 2 2 2 2 2 2 2 2 2 2 2 2 2
left_child=1 -1 3 -3 -5 -6 7 -2 21 11 -11 12 24 -14 -15 -12 17 -17 19 -18 -13 22 23 -8 -10 26 -19 -20 29 -29
right_child=6 2 -4 4 5 -7 8 -9 9 10 15 20 13 14 -16 16 18 25 27 -21 -22 -23 -24 -25 -26 -27 -28 28 -30 -31
leaf_value=0.0013046152829513727 -0.0020609081916821499 0.00053958698907600978 0.0014860929598888527 -0.0029213505904548444 0.0018033932819962505 -0.0013268943931907416 -0.0007424405188826116 0.00023903101682662964 8.3497530237461133e-05 -0.0016246719255803095 0.0012129980217044554 0.0024087908977110471 -0.0019768440268105934 -0.00073468028789474855 0.001698364318581298 0.00065249075580920497 -0.00047472698148339995 0.00023225123926143474 -2.5128551711354696e-05 0.0018571618925003958 0.00056508950714487585 -0.0019396834022534842 -0.0010770877411622288 0.0016434833851896903 0.0013347334354737049 -0.0024949949440945477 -0.0022207856577248701 0.00060650960810663599 -0.0006157699051651766 0.0023335474038807054
leaf_weight=58 24 56 26 26 25 25 23 20 60 31 39 28 36 21 20 28 20 24 3528 36 40 22 42 22 59 35 24 45 33 24
leaf_count=58 24 56 26 26 25 25 23 20 60 31 39 28 36 21 20 28 20 24 3528 36 40 22 42 22 59 35 24 45 33 24
internal_value=2.15376e-12 0.000372594 3.04598e-05 -0.000256256 -0.000842666 0.000238249 -1.87863e-05 -0.00101548 -8.44319e-06 7.9959e-06 -2.27956e-05 0.000459021 0.000158835 -0.000683473 0.000452171 -9.85025e-06 -2.24105e-05 -0.00105207 8.5967e-06 0.00102434 0.00132426 -0.00063147 -0.000300657 0.000424011 0.000703858 -0.0016271 -0.000994267 -7.07324e-06 0.000617428 0.00120722
internal_weight=4500 216 158 132 76 50 4284 44 4240 4131 3867 264 196 77 41 3836 3797 111 3686 56 68 109 87 45 119 83 48 3630 102 69
internal_count=4500 216 158 132 76 50 4284 44 4240 4131 3867 264 196 77 41 3836 3797 111 3686 56 68 109 87 45 119 83 48 3630 102 69
is_linear=0
shrinkage=0.1


Tree=44
num_leaves=31
num_cat=0
split_feature=8 3 3 3 5 5 10 4 4 8 9 9 4 10 7 6 6 6 8 9 10 1 7 8 4 7 8 10 6 4
split_gain=0.00298164 0.00738794 0.0113916 0.00893334 0.0222222 0.0200964 0.0266585 0.0353864 0.018802 0.0052286 0.00763622 0.0160559 0.0130495 0.0199409 0.0189811 0.0211647 0.0120707 0.00878847 0.00848739 0.0134896 0.00985883 0.00750982 0.0119659 0.00884031 0.0153643 0.0162747 0.00992851 0.0142286 0.0215277 0.00831434
threshold=68701.875000000015 71004.000000000015 73177.000000000015 79061.000000000015 80549.000000000015 83009.500000000015 76210.875000000015 66956.500000000015 67377.500000000015 64045.750000000007 64122.750000000007 64556.000000000007 60412.000000000007 72342.875000000015 34610442.000000007 65130.166015625007 64242.666015625007 63499.166015625007 60953.125000000007 62368.750000000007 66563.625000000015 138.50000000000003 93545096.000000015 65194.500000000007 61917.500000000007 68866480.000000015 65758.250000000015 70102.750000000015 69990.082031250015 60001.000000000007
decision_type=2 2 2 2 2 2 2 2 2 2 2 2 2 2 2 2 2 2 2 2 2 2 2 2 2 2 2 2 2 2
left_child=9 -2 -3 5 -5 6 8 -8 -4 10 16 -12 14 -14 15 -13 17 18 19 -1 -21 23 -23 24 25 -11 -25 -28 -29 -30
right_child=1 2 3 4 -6 -7 7 -9 -10 21 11 12 13 -15 -16 -17 -18 -19 -20 20 -22 22 -24 26 -26 -27 27 28 29 -31
leaf_value=6.675998973509087e-05 -0.0019916239859802381 0.0016043392593641523 -0.0017789708169099567 0.0030149721135587799 -0.00012782008351671037 0.001593849252909422 -7.2373729199171064e-05 -0.0052147116199193991 0.0022221469360849135 0.0037050347976587913 -0.0024621334894190487 0.0037101340301214135 -0.0040697237410183464 -0.00010396980469522532 -0.0003033175467908081 -9.154343770205742e-05 0.0010910023288562189 -0.0013159113448637074 0.001553671169991454 -0.00042662336491048339 -0.0031595352544999595 -0.00095269611753922483 0.001319718986269436 -0.0011813996885067378 -0.00013371069843952471 0.00027048325705849988 -0.0017152327656125028 0.0032240002528851619 -0.0011585965199628846 0.00074299583426542452
leaf_weight=2092 21 38 24 23 1032 25 23 32 23 37 34 27 21 32 321 32 111 48 37 33 22 84 32 39 39 22 24 32 29 111
leaf_count=2092 21 38 24 23 1032 25 23 32 23 37 34 27 21 32 321 32 111 48 37 33 22 84 32 39 39 22 24 32 29 111
internal_value=-7.38429e-13 -0.00013191 -9.98985e-05 -0.000154688 -5.93042e-05 -0.000947048 -0.00156982 -0.00306428 0.000179023 5.02302e-05 -4.01272e-07 -0.000369646 -0.000205339 -0.00167531 -3.17641e-07 0.00164821 7.31954e-05 2.25787e-05 5.19961e-05 2.61172e-05 -0.00151979 0.0003671 -0.000325823 0.000608478 0.00140635 0.00242435 0.000275749 0.000565692 0.000883961 0.000349095
internal_weight=4500 1241 1220 1182 1055 127 102 55 47 3259 2810 467 433 53 380 59 2343 2232 2184 2147 55 449 116 333 98 59 235 196 172 140
internal_count=4500 1241 1220 1182 1055 127 102 55 47 3259 2810 467 433 53 380 59 2343 2232 2184 2147 55 449 116 333 98 59 235 196 172 140
is_linear=0
shrinkage=0.1


Tree=45
num_leaves=31
num_cat=0
split_feature=7 3 7 1 7 7 3 7 1 6 4 1 7 7 7 7 6 1 1 7 7 7 7 7 7 3 4 1 1 3
split_gain=0.002815 0.00270513 0.00605384 0.0138825 0.00659265 0.0046365 0.00460518 0.00496025 0.00770081 0.00785692 0.0121855 0.00761152 0.00685892 0.00456403 0.00437479 0.0067923 0.00360652 0.00288906 0.0027312 0.0147029 0.00433375 0.0032133 0.0190642 0.0117757 0.00829928 0.0175892 0.023223 0.0209067 0.00975832 0.00806785
threshold=1133249.8125000002 39454.000000000007 2508322.7500000005 131.50000000000003 1829220.6875000002 42594804.000000007 40621.000000000007 4650546.7500000009 110.50000000000001 55538.832031250007 46057.000000000007 123.50000000000001 3759388.3750000005 5912687.5000000009 8988964.5000000019 13650876.000000002 51763.833984375007 111.50000000000001 151.50000000000003 26318653.000000004 99039564.000000015 48217390.000000007 44711666.000000007 46055290.000000007 59586174.000000007 65701.000000000015 37834.500000000007 130.50000000000003 123.50000000000001 98972.500000000015
decision_type=2 2 2 2 2 2 2 2 2 2 2 2 2 2 2 2 2 2 2 2 2 2 2 2 2 2 2 2 2 2
left_child=-1 5 3 16 -5 13 -4 8 -8 10 -10 -11 -13 -2 -15 -16 -3 -17 21 -20 -21 22 29 -24 25 26 -23 28 -27 -9
right_child=1 2 6 4 -6 -7 7 18 9 11 -12 12 -14 14 15 17 -18 -19 19 20 -22 24 23 -25 -26 27 -28 -29 -30 -31
leaf_value=0.00088073166371032134 0.00080372766763167961 -0.0030802251549348946 -0.0011845581402832811 0.0016699219322098152 -0.00080717583186924464 0.0017841195268556477 0.0022032067257290087 4.568228524863425e-05 0.00091354755891693965 -0.00073205327615141877 -0.0020147583587095141 0.00065259994854303927 0.0029644418596511801 -0.0011664296105278261 0.0015484393001175844 0.00035570088657550515 -0.0012269093788095885 -0.00093391473821707459 -0.0027253020230842678 -0.00055209418725488449 0.0012593327863141895 -0.0015642031909759253 0.002948734612603273 0.00057617428644264764 -1.1218200066354913e-05 -0.0014306327219819649 0.0016878655385939526 -3.850382210245145e-05 -0.0034941678316417063 -0.0014463405168105572
leaf_weight=36 76 21 33 21 22 20 24 1768 27 20 30 33 21 33 26 32 21 38 23 28 25 34 35 52 1697 75 62 97 33 37
leaf_count=36 76 21 33 21 22 20 24 1768 27 20 30 33 21 33 26 32 21 38 23 28 25 34 35 52 1697 75 62 97 33 37
internal_value=-3.04863e-13 -7.10268e-06 -2.50373e-05 -0.000860463 0.00040257 0.000330785 -7.94261e-06 1.47945e-06 0.000556439 0.000254741 -0.000627666 0.000934433 0.00155165 0.000188996 -0.000173171 0.000168261 -0.00215357 -0.000344376 -2.02096e-05 -0.000613911 0.000302352 -8.61027e-06 8.47878e-05 0.00153065 -9.70533e-05 -0.00058098 0.000536091 -0.0011041 -0.00206116 1.50979e-05
internal_weight=4500 4464 4239 85 43 225 4154 4121 155 131 57 74 54 205 129 96 42 70 3966 76 53 3890 1892 87 1998 301 96 205 108 1805
internal_count=4500 4464 4239 85 43 225 4154 4121 155 131 57 74 54 205 129 96 42 70 3966 76 53 3890 1892 87 1998 301 96 205 108 1805
is_linear=0
shrinkage=0.1


Tree=46
num_leaves=31
num_cat=0
split_feature=1 6 8 4 4 4 3 7 10 1 4 6 3 9 4 7 8 4 9 1 4 6 5 4 4 8 8 5 1 1
split_gain=0.00273395 0.0103701 0.0091221 0.00809897 0.0162969 0.00757513 0.00718012 0.0132216 0.00858746 0.018211 0.0228331 0.0152866 0.02807 0.0137269 0.0149418 0.0109579 0.00940072 0.00890918 0.00764226 0.00721024 0.00698859 0.0112524 0.0103142 0.00604397 0.00831301 0.00592227 0.00660028 0.00502367 0.00442406 0.0040729
threshold=140.50000000000003 44606.083984375007 81892.750000000015 73962.000000000015 70654.000000000015 78401.000000000015 53839.500000000007 8510843.5000000019 70958.125000000015 146.50000000000003 50205.500000000007 60761.000000000007 68958.000000000015 69067.250000000015 54458.500000000007 37393236.000000007 59166.875000000007 41310.500000000007 55598.000000000007 149.50000000000003 68357.500000000015 72040.414062500015 76807.000000000015 65234.500000000007 63657.000000000007 87685.000000000015 92923.750000000015 79715.000000000015 146.50000000000003 144.50000000000003
decision_type=2 2 2 2 2 2 2 2 2 2 2 2 2 2 2 2 2 2 2 2 2 2 2 2 2 2 2 2 2 2
left_child=-1 -2 3 4 6 -4 7 -3 9 10 17 -12 -13 16 -15 19 -10 -8 -19 -11 21 22 -16 24 28 -7 -27 -18 -23 -25
right_child=1 2 5 -5 -6 25 8 -9 13 15 11 12 -14 14 20 -17 27 18 -20 -21 -22 23 -24 29 -26 26 -28 -29 -30 -31
leaf_value=3.7095021091825453e-05 -0.0017346796431957044 -0.00067957374870915104 -0.0026480887169865047 -0.0013832626827551347 0.0021870060409936642 0.00070916985068470242 -0.0016195066341121373 0.0022308037943533951 0.00010859231813810766 0.0023668106363126727 -0.0042308021385969339 0.00075536631130879487 -0.0040179061534052546 -0.0023966011867203093 0.0004986958144581877 -0.00088992707191430263 0.0013387323702655494 0.0016230346278890092 -0.00076892633753066712 0.00014013387800122684 -0.0013784802518785001 0.0015350707282777876 -0.0027128716802690181 0.0026325470428370562 -0.0013626729479504073 -0.0025495682191103699 -3.9534016766331411e-05 0.0033419201106187849 -0.0002942477189935744 0.00074883727528768677
leaf_weight=3669 40 27 22 38 36 25 24 37 40 33 29 28 22 27 20 33 31 34 22 26 27 39 20 24 22 20 22 21 20 22
leaf_count=3669 40 27 22 38 36 25 24 37 40 33 29 28 22 27 20 33 31 34 22 26 27 39 20 24 22 20 22 21 20 22
internal_value=4.61619e-14 -0.000163781 -8.43419e-05 3.65746e-05 0.00011783 -0.00103809 -7.84815e-07 0.00100299 -0.000114688 -0.000550429 -0.00119835 -0.00240427 -0.00134487 0.00023474 -0.000192539 0.000569355 0.00126114 -7.51702e-06 0.000683336 0.00138556 0.000114212 0.000355545 -0.00110709 0.000816217 0.000296346 -0.000509431 -0.00123479 0.00214771 0.000914963 0.00173164
internal_weight=4500 831 791 702 664 89 628 64 564 251 159 79 50 313 221 92 92 80 56 59 194 167 40 127 81 67 42 52 59 46
internal_count=4500 831 791 702 664 89 628 64 564 251 159 79 50 313 221 92 92 80 56 59 194 167 40 127 81 67 42 52 59 46
is_linear=0
shrinkage=0.1


Tree=47
num_leaves=31
num_cat=0
split_feature=7 7 7 7 9 1 3 4 3 6 1 5 9 5 6 5 10 9 9 7 9 6 5 10 5 5 7 7 7 5
split_gain=0.00262545 0.0268266 0.0211568 0.0185425 0.0220243 0.0119617 0.00964248 0.0139097 0.0152263 0.0128995 0.00841152 0.00563972 0.0171545 0.0155816 0.0123817 0.0145399 0.0114192 0.021718 0.0255075 0.0105041 0.0104616 0.0159389 0.0102828 0.0237904 0.0225831 0.0143655 0.0140497 0.0097607 0.0207847 0.00911695
threshold=15749119.500000002 14259629.500000002 18266954.000000004 19374091.000000004 65028.750000000007 122.50000000000001 66289.500000000015 47152.000000000007 46127.000000000007 74157.750000000015 134.50000000000003 68756.500000000015 65935.250000000015 67540.500000000015 63499.166015625007 65324.000000000007 69146.250000000015 70420.500000000015 71955.500000000015 9472633.5000000019 60244.250000000007 61164.167968750007 58844.500000000007 55796.750000000007 55674.500000000007 54220.000000000007 6702991.5000000009 9285190.0000000019 6702991.5000000009 53349.000000000007
decision_type=2 2 2 2 2 2 2 2 2 2 2 2 2 2 2 2 2 2 2 2 2 2 2 2 2 2 2 2 2 2
left_child=1 11 6 4 -4 -3 7 8 -2 -8 -7 13 -13 14 15 20 -14 19 -19 -18 22 -22 23 24 25 29 -25 28 -24 -1
right_child=2 5 3 -5 -6 10 9 -9 -10 -11 -12 12 16 -15 -16 -17 17 18 -20 -21 21 -23 27 26 -26 -27 -28 -29 -30 -31
leaf_value=8.6396819119906334e-05 0.00021393108354122553 0.00019769723444516141 0.00017488516714365688 -1.9458540880170028e-05 0.004285071282224222 0.0038801697165971359 -0.0036288139557776353 0.00086298471986793156 -0.0030105988436844202 -0.00074248493183404207 0.0014890393324857277 -0.0031289516903814821 0.0020767900859937072 0.0027606657325205479 -0.0023943810979835689 0.0024494175906651298 -0.0010493439407302785 0.0033595116020561284 -0.00024230726538351864 -0.003823380999355799 -0.0035391134512610736 0.00018550242627194774 0.0015858502049619955 -0.00053879938423051499 0.0030582341902817673 -0.0018332342258777078 -0.0038360390909171352 0.0022363332206926617 -0.0023792219746974299 0.0021800437227780509
leaf_weight=381 27 31 32 3150 22 28 30 41 32 32 31 21 21 22 20 26 39 22 185 21 20 27 39 28 26 38 24 42 20 22
leaf_count=381 27 31 32 3150 22 28 30 41 32 32 31 21 21 22 20 26 39 22 185 21 20 27 39 28 26 38 24 42 20 22
internal_value=1.47156e-13 0.000131597 -4.43348e-05 1.20392e-05 0.00184941 0.00178815 -0.00115929 -0.000551807 -0.00153497 -0.0021391 0.00262381 -1.12093e-05 -0.000369671 0.000139491 5.86133e-05 0.000129407 -0.000168474 -0.000345067 0.000140495 -0.00202026 3.89716e-05 -0.00139944 0.000148012 -3.16416e-05 0.000194281 2.54314e-05 -0.0020606 0.00107119 0.000241758 0.00020069
internal_weight=4500 1134 3366 3204 54 90 162 100 59 62 59 1044 309 735 713 693 288 267 207 60 667 47 620 519 467 441 52 101 59 403
internal_count=4500 1134 3366 3204 54 90 162 100 59 62 59 1044 309 735 713 693 288 267 207 60 667 47 620 519 467 441 52 101 59 403
is_linear=0
shrinkage=0.1


Tree=48
num_leaves=31
num_cat=0
split_feature=7 3 7 1 5 5 6 8 5 7 7 7 7 7 7 1 7 7 7 9 7 7 4 7 1 1 6 7 1 3
split_gain=0.00252476 0.00662272 0.00462696 0.0034266 0.00725373 0.0103089 0.0107083 0.00832869 0.00827068 0.00996731 0.0096733 0.0335589 0.0109148 0.0157238 0.00724671 0.011137 0.00972482 0.0252035 0.0157601 0.0187506 0.0121808 0.0121271 0.0115773 0.0107192 0.0105796 0.0185435 0.00841793 0.029129 0.00798735 0.0121951
threshold=1371899.0000000002 47003.000000000007 1829220.6875000002 131.50000000000003 47095.000000000007 52885.000000000007 48127.000000000007 35875.625000000007 55498.500000000007 18593529.000000004 5221033.7500000009 3949482.5000000005 6235447.0000000009 7677308.2500000009 11885731.000000002 145.50000000000003 20389499.000000004 17893195.000000004 16288147.000000002 60598.500000000007 25803129.000000004 22403071.000000004 64844.500000000007 27853169.000000004 138.50000000000003 143.50000000000003 63011.000000000007 9285190.0000000019 133.50000000000003 100776.50000000001
decision_type=2 2 2 2 2 2 2 2 2 2 2 2 2 2 2 2 2 2 2 2 2 2 2 2 2 2 2 2 2 2
left_child=1 -1 -2 -4 7 6 -6 -5 9 -7 11 -10 -12 -14 15 26 17 18 19 -16 21 22 -18 -22 -23 -26 -15 -28 29 -25
right_child=2 -3 3 4 5 8 -8 -9 10 -11 12 -13 13 14 16 -17 20 -19 -20 -21 23 24 -24 28 25 -27 27 -29 -30 -31
leaf_value=0.00060603633199049088 0.0011373517232843571 -0.001633563373358019 7.3519187628361373e-05 -0.00026644295416883241 0.00034226725891798362 -0.0027479268464958295 0.0027541660432082913 -0.0025717618642374877 -0.00057723190321392096 -0.00023289012926397846 -0.0021255888389768423 0.0040904527297243474 0.0024420868213686237 -0.0029547808916066537 0.0031791517433399953 0.0010646919897269636 0.0018487219366111925 0.0032676310573394106 -0.001598479089443572 -9.8425163741922006e-05 0.0017902337356160087 -0.00042619198336199462 -0.0015130720101296903 -0.00043954628143426562 -0.0048743522361568781 -0.00076429232555840702 0.0021801909175701443 -0.0027805530498253889 -1.8142472491726347e-05 -0.0030409705121114496
leaf_weight=23 36 31 2573 42 79 26 24 25 43 40 27 24 24 27 24 21 21 30 40 64 30 28 20 127 23 21 20 29 937 21
leaf_count=23 36 31 2573 42 79 26 24 25 43 40 27 24 24 27 24 21 21 30 40 64 30 28 20 127 23 21 20 29 937 21
internal_value=3.30353e-12 -0.00067966 8.25498e-06 -9.62136e-07 -0.000105285 -6.66233e-05 0.000904263 -0.00112664 -0.000126612 -0.00122366 -8.1387e-05 0.00109477 -0.000132758 -9.70535e-05 -0.000138145 -0.00097374 -7.96659e-05 0.000658799 4.73537e-05 0.000795459 -0.00017468 -0.001164 0.000208822 -7.44173e-05 -0.00194574 -0.00291273 -0.00153699 -0.00075576 -0.000125974 -0.000808667
internal_weight=4500 54 4446 4410 1837 1770 103 67 1667 66 1601 67 1534 1507 1483 97 1386 158 128 88 1228 113 41 1115 72 44 76 49 1085 148
internal_count=4500 54 4446 4410 1837 1770 103 67 1667 66 1601 67 1534 1507 1483 97 1386 158 128 88 1228 113 41 1115 72 44 76 49 1085 148
is_linear=0
shrinkage=0.1


Tree=49
num_leaves=31
num_cat=0
split_feature=7 8 4 7 4 3 8 7 1 7 1 4 4 8 1 9 4 7 6 1 7 7 4 1 9 4 4 4 1 9
split_gain=0.00242946 0.00222154 0.00802224 0.0033069 0.0134232 0.00887848 0.0178614 0.00474668 0.0116546 0.00807097 0.0041049 0.00301993 0.00365783 0.0114861 0.00634913 0.00642101 0.00538477 0.00465098 0.0107394 0.00421049 0.0100343 0.00400473 0.00511068 0.00487272 0.0119999 0.00509053 0.00455812 0.0141951 0.0185536 0.0183384
threshold=1133249.8125000002 105723.62500000001 95736.500000000015 2508322.7500000005 62652.500000000007 52232.500000000007 41370.000000000007 3759388.3750000005 129.50000000000003 3262389.6250000005 113.50000000000001 89458.000000000015 80671.500000000015 84210.250000000015 112.50000000000001 95539.500000000015 79452.000000000015 4315418.2500000009 49329.833984375007 151.50000000000003 26318653.000000004 4650546.7500000009 78401.000000000015 148.50000000000003 68736.500000000015 45690.500000000007 69918.000000000015 73004.000000000015 132.50000000000003 81739.750000000015
decision_type=2 2 2 2 2 2 2 2 2 2 2 2 2 2 2 2 2 2 2 2 2 2 2 2 2 2 2 2 2 2
left_child=-1 2 3 4 5 6 -2 8 10 -10 -5 12 16 -14 -15 -16 17 18 -9 21 -21 -19 23 26 25 -25 -23 -28 29 -29
right_child=1 -3 -4 7 -6 -7 -8 11 9 -11 -12 -13 13 14 15 -17 -18 19 -20 20 -22 22 -24 24 -26 -27 27 28 -30 -31
leaf_value=0.00081820041038251166 0.0011223202976848811 -0.0008118425769840969 0.0019044085456037217 0.0007084468572304167 -0.0028256666624829883 0.0017274081971581012 -0.0022204799704592338 0.00064050584181171407 -0.0019220688634298067 0.00070414760801941164 0.002351086357521126 -0.00083722704121927654 0.0027146167866885663 -0.0014996171755137767 0.0011456663636008984 -0.00043640228535008174 -0.0013142005275767589 0.0010641986297236549 -0.0022757880090336718 -0.0025968823792590274 2.3934908191828679e-05 1.2425910586447489e-05 0.0013045867439359427 0.00066455158521421258 -0.00047148247738616506 0.0026492688322572837 -0.0010461228973211044 0.0029765508939245985 -0.00084359161696488877 0.00019237116257873787
leaf_weight=36 31 34 22 29 21 22 33 23 22 25 32 44 20 20 58 46 32 36 28 21 48 3324 30 24 47 28 165 35 91 73
leaf_count=36 31 34 22 29 21 22 33 23 22 25 32 44 20 20 58 46 32 36 28 21 48 3324 30 24 47 28 165 35 91 73
internal_value=-4.08105e-13 -6.59839e-06 -4.18187e-07 -9.92504e-06 -0.000559065 -5.5922e-06 -0.000601311 3.73643e-06 0.000658314 -0.000525145 0.00157016 -1.31237e-05 -4.38408e-06 0.000490793 0.000132111 0.000445905 -2.21882e-05 -1.17818e-05 -0.000960597 5.56139e-07 -0.000773705 1.44217e-05 4.52074e-06 -5.77817e-06 0.000686556 0.00173325 -2.43631e-05 -0.000360315 0.000208319 0.00109465
internal_weight=4500 4464 4430 4408 107 86 64 4301 108 47 61 4193 4149 144 124 104 4005 3973 51 3922 69 3853 3817 3787 99 52 3688 364 199 108
internal_count=4500 4464 4430 4408 107 86 64 4301 108 47 61 4193 4149 144 124 104 4005 3973 51 3922 69 3853 3817 3787 99 52 3688 364 199 108
is_linear=0
shrinkage=0.1


Tree=50
num_leaves=31
num_cat=0
split_feature=7 3 7 1 7 7 3 1 3 1 7 1 4 1 8 5 8 4 4 10 8 7 5 7 4 8 1 3 8 4
split_gain=0.00215723 0.00509346 0.00403175 0.0186665 0.00787392 0.00890264 0.00724356 0.00511839 0.0112306 0.00268931 0.0105495 0.00829684 0.00562181 0.00452208 0.0117752 0.0177819 0.0041683 0.0104341 0.0137282 0.00949119 0.0080201 0.0036765 0.00870813 0.00514343 0.00345668 0.00400569 0.0116549 0.0112237 0.0066977 0.00927152
threshold=1371899.0000000002 47003.000000000007 2794787.3750000005 110.50000000000001 3262389.6250000005 3759388.3750000005 54102.000000000007 127.50000000000001 58022.500000000007 102.50000000000001 10843239.500000002 86.500000000000014 37834.500000000007 105.50000000000001 52161.625000000007 79554.000000000015 77214.750000000015 56593.500000000007 52149.000000000007 78983.125000000015 47801.375000000007 34610442.000000007 43833.000000000007 69709028.000000015 14759.000000000002 36364.500000000007 139.50000000000003 48063.000000000007 38177.125000000007 35518.000000000007
decision_type=2 2 2 2 2 2 2 2 2 2 2 2 2 2 2 2 2 2 2 2 2 2 2 2 2 2 2 2 2 2
left_child=1 -1 3 -2 -4 6 -6 -5 -9 10 -7 12 -12 14 -11 -16 17 18 20 -19 21 22 -13 -23 -15 26 -26 -27 -29 -30
right_child=2 -3 4 7 5 9 -8 8 -10 13 11 16 -14 24 15 -17 -18 19 -20 -21 -22 23 -24 -25 25 27 -28 28 29 -31
leaf_value=0.00049928082558123961 -0.0018483850251262387 -0.0014647972229267321 -0.0014801636617954098 0.0022604944239206174 0.00028322517210918087 0.0016871837890034336 0.0026254471553408582 0.0018938720653144021 -0.0011653482727706434 0.00041948854405846861 -0.0023574150204446844 0.00058950203515234457 -6.9967496563636119e-05 0.0011546631939709188 -0.0040009247549321683 -5.3727398626506338e-05 -0.0010351056240985848 0.0033737328415736553 -0.0022328306162861461 0.00049956345319515096 0.001501405969158643 0.0016394047909194514 -0.0023261097585782413 -0.00040111703953395292 -0.00016703556619629498 0.00077445576153172381 -0.0023852619420116146 0.0016991641113153575 -0.0010703140839963788 -2.4503688516597542e-05
leaf_weight=23 24 31 36 34 31 45 23 30 20 45 22 21 21 25 21 25 22 20 23 27 45 21 20 30 193 178 27 22 87 3308
leaf_count=23 24 31 36 34 31 45 23 30 20 45 22 21 21 25 21 25 22 20 23 27 45 21 20 30 193 178 27 22 87 3308
internal_value=-2.94409e-12 -0.000628245 7.63051e-06 0.000611155 -7.395e-06 4.92942e-06 0.00128084 0.00131388 0.000670184 -1.12898e-05 0.000268899 3.42559e-05 -0.00124029 -3.38844e-05 -0.000730611 -0.00185571 0.000273581 0.000412668 2.78719e-05 0.00172261 0.000407406 -0.000127703 -0.000832748 0.000439098 -1.73735e-05 -2.50539e-05 -0.000439272 2.94634e-07 -4.00333e-05 -5.13035e-05
internal_weight=4500 54 4446 108 4338 4302 54 84 50 4248 317 272 43 3931 91 46 229 207 160 47 137 92 41 51 3840 3815 220 3595 3417 3395
internal_count=4500 54 4446 108 4338 4302 54 84 50 4248 317 272 43 3931 91 46 229 207 160 47 137 92 41 51 3840 3815 220 3595 3417 3395
is_linear=0
shrinkage=0.1


Tree=51
num_leaves=31
num_cat=0
split_feature=7 1 1 1 1 5 10 7 6 5 9 4 7 7 1 7 7 3 8 3 8 3 1 7 9 6 4 8 1 3
split_gain=0.00226552 0.00222525 0.0116094 0.00793197 0.00784843 0.00636641 0.0071386 0.0063452 0.00786687 0.00571151 0.0124619 0.00558329 0.00441554 0.00612346 0.00550271 0.00549962 0.00733757 0.00585366 0.00490023 0.00367032 0.00388745 0.00633628 0.00366288 0.00978242 0.0100524 0.00436915 0.00279991 0.00324461 0.0094405 0.00909121
threshold=1133249.8125000002 96.500000000000014 92.500000000000014 90.500000000000014 102.50000000000001 82291.000000000015 63638.375000000007 9472633.5000000019 53305.250000000007 83655.000000000015 64122.750000000007 53120.500000000007 1600809.9375000002 2794787.3750000005 126.50000000000001 3262389.6250000005 3759388.3750000005 54102.000000000007 55364.000000000007 43089.500000000007 42101.625000000007 63006.500000000007 105.50000000000001 20389499.000000004 61032.250000000007 52045.916015625007 14759.000000000002 36364.500000000007 139.50000000000003 48063.000000000007
decision_type=2 2 2 2 2 2 2 2 2 2 2 2 2 2 2 2 2 2 2 2 2 2 2 2 2 2 2 2 2 2
left_child=-1 2 3 7 9 6 -4 -2 -9 10 19 -10 -6 14 -14 -15 17 -17 -16 -3 -21 -22 23 -18 25 -25 -24 28 -28 -29
right_child=1 4 5 -5 12 -7 -8 8 11 -11 -12 -13 13 15 18 16 22 -19 -20 20 21 -23 26 24 -26 -27 27 29 -30 -31
leaf_value=0.00079011200189900909 0.0013193515670971703 0.0016014601229331815 -0.00096769346586930065 0.0019511866298588842 -0.0012266307417303326 7.6821668117190724e-05 -0.0034806429943273543 -0.0015785814621127568 0.001598829638096504 -0.00048635412676958369 0.0032981688505969945 -0.00076406829990446575 0.0018259745200767238 -0.001331561617917032 0.0011445366100154141 0.00017281572083727671 -0.0024937320246615196 0.0023629024690624491 -0.0010182137740775944 -0.00082943013015513627 0.0015642852106159837 -0.0006577317032635966 0.001039196896541398 -8.949370356276632e-05 -0.0014896623862521918 0.0020007565570995213 -0.00015033200359662003 0.00069701019412932109 -0.0021467357528982341 -3.6030001903991463e-05
leaf_weight=36 23 26 26 22 30 20 20 39 20 32 20 20 34 32 22 26 22 23 20 24 33 21 25 20 29 20 193 178 27 3417
leaf_count=36 23 26 26 22 30 20 20 39 20 32 20 20 34 32 22 26 22 23 20 24 33 21 25 20 29 20 193 178 27 3417
internal_value=1.15027e-12 -6.37187e-06 -0.000341235 0.000229046 8.51443e-06 -0.00141267 -0.00206028 -0.000142396 -0.000567968 0.000704748 0.00101213 0.000417381 -1.78606e-05 -8.99e-06 0.000880246 -2.58349e-05 -1.53366e-05 0.00120082 0.000114655 0.000572507 0.000229522 0.000700168 -3.0496e-05 -0.00065755 -7.21008e-05 0.000955631 -1.56361e-05 -2.25485e-05 -0.000395345 2.65173e-07
internal_weight=4500 4464 190 124 4274 66 46 102 79 156 124 40 4118 4088 76 4012 3980 49 42 104 78 54 3931 91 69 40 3840 3815 220 3595
internal_count=4500 4464 190 124 4274 66 46 102 79 156 124 40 4118 4088 76 4012 3980 49 42 104 78 54 3931 91 69 40 3840 3815 220 3595
is_linear=0
shrinkage=0.1


Tree=52
num_leaves=31
num_cat=0
split_feature=7 7 8 7 4 4 5 6 5 10 10 7 1 7 6 8 4 8 8 8 4 1 10 5 1 5 7 9 3 1
split_gain=0.00209976 0.00594184 0.00405531 0.00281123 0.00255194 0.00798179 0.00384799 0.00616408 0.00467214 0.00610085 0.0128359 0.00371304 0.00327459 0.00756769 0.00358172 0.0221878 0.0101159 0.011776 0.0151515 0.0150579 0.0145332 0.0142495 0.0114995 0.00985177 0.00932272 0.00886658 0.0114511 0.00855949 0.00790322 0.00787674
threshold=339543776.00000006 519223712.00000006 70334.000000000015 309638128.00000006 95736.500000000015 90916.000000000015 118138.50000000001 98820.082031250015 109318.50000000001 101937.00000000001 100134.87500000001 48721032.000000007 151.50000000000003 69709028.000000015 80834.082031250015 77774.750000000015 72370.000000000015 71950.250000000015 75620.375000000015 69832.375000000015 66052.000000000015 129.50000000000003 87417.375000000015 84160.000000000015 121.50000000000001 83301.500000000015 11024018.500000002 75252.250000000015 79560.500000000015 132.50000000000003
decision_type=2 2 2 2 2 2 2 2 2 2 2 2 2 2 2 2 2 2 2 2 2 2 2 2 2 2 2 2 2 2
left_child=3 2 -2 4 5 6 7 8 9 10 12 -6 14 -14 15 16 17 19 20 -1 23 27 24 -19 -21 26 -26 -22 -28 -18
right_child=1 -3 -4 -5 11 -7 -8 -9 -10 -11 -12 -13 13 -15 -16 -17 29 18 -20 22 21 -23 -24 -25 25 -27 28 -29 -30 -31
leaf_value=3.6422076107363431e-05 0.00032104503721348013 -0.0004663793778722631 0.0017245128391576666 -0.00091781333849212394 0.0017606259800959378 -0.0016117805855408792 0.0011670986747568739 -0.0013501114609158215 0.0012249110686224736 -0.00096109553017992191 0.0019149095598342163 -3.7073454371205085e-05 -0.0013840950734447688 0.00089192468052109097 -0.00027501729526781986 0.0027437937267435096 -0.00033037396216834035 -0.0018135186162821595 -0.0016171701828993504 -0.0024703642565079712 -0.00076395507591466114 0.0032132169491176131 -0.0030760978222014786 0.0012876431643962861 0.00105361999788632 0.001625731930211519 -0.002951705518796149 0.0019279082081522102 -0.00033018659476352776 -0.002948708748444915
leaf_weight=3206 50 51 35 34 20 31 28 34 31 66 35 27 48 21 414 30 27 21 21 22 21 46 23 20 24 21 23 27 23 20
leaf_count=3206 50 51 35 34 20 31 28 34 31 66 35 27 48 21 414 30 27 21 21 22 21 46 23 20 24 21 23 27 23 20
internal_value=1.21623e-12 0.000386947 0.000898944 -1.20589e-05 -4.9467e-06 -1.29887e-05 -1.33244e-06 -9.07772e-06 1.80418e-06 -7.31251e-06 8.06732e-06 0.000727905 -8.37907e-06 -0.000691393 3.43541e-06 3.56814e-05 1.27637e-05 3.23446e-05 0.000881582 -7.29664e-06 0.00127028 0.00195552 -0.0010379 -0.000300757 -0.000623047 -0.000176443 -0.000717095 0.000750218 -0.00164095 -0.00144456
internal_weight=4500 136 85 4364 4330 4283 4252 4224 4190 4159 4093 47 4058 69 3989 3575 3545 3498 156 3342 135 94 136 41 113 91 70 48 46 47
internal_count=4500 136 85 4364 4330 4283 4252 4224 4190 4159 4093 47 4058 69 3989 3575 3545 3498 156 3342 135 94 136 41 113 91 70 48 46 47
is_linear=0
shrinkage=0.1


Tree=53
num_leaves=31
num_cat=0
split_feature=8 4 5 4 1 7 7 8 9 5 7 1 1 7 7 7 7 1 4 1 1 1 5 5 9 8 4 8 9 1
split_gain=0.00194728 0.0058033 0.00253982 0.00452854 0.00302329 0.00286298 0.0043916 0.00984055 0.013775 0.0162734 0.00344583 0.00809308 0.00325591 0.00294097 0.0023307 0.0115979 0.0171959 0.0142648 0.0162477 0.0134179 0.0182799 0.023919 0.0123553 0.0117385 0.0242311 0.0113747 0.0112021 0.00670251 0.0147429 0.0186298
threshold=105723.62500000001 95736.500000000015 125586.00000000001 89458.000000000015 135.50000000000003 1133249.8125000002 2508322.7500000005 41370.000000000007 49690.750000000007 57148.000000000007 3759388.3750000005 127.50000000000001 113.50000000000001 3262389.6250000005 11709704.000000002 15749119.500000002 17380433.000000004 116.50000000000001 55825.000000000007 128.50000000000003 116.50000000000001 123.50000000000001 82291.000000000015 70927.000000000015 60598.500000000007 56675.250000000007 47152.000000000007 44121.250000000007 53630.500000000007 116.50000000000001
decision_type=2 2 2 2 2 2 2 2 2 2 2 2 2 2 2 2 2 2 2 2 2 2 2 2 2 2 2 2 2 2
left_child=1 2 3 5 -5 -1 7 -7 -9 -10 11 12 -8 -13 27 19 17 -17 26 20 25 -22 23 24 -21 -16 -19 -12 29 -29
right_child=-2 -3 -4 4 -6 6 10 8 9 -11 14 13 -14 -15 15 16 -18 18 -20 22 21 -23 -24 -25 -26 -27 -28 28 -30 -31
leaf_value=0.00090322008422975039 -0.00075392399243462622 0.0016258839311955276 0.0010236542691321423 -0.0017390234122285622 -8.9490379905328156e-05 0.0008458638218261542 0.0006000589466942796 -0.0033722285265949644 0.0018454129807651044 -0.0018133009160538355 0.00040489616835719512 -0.0012439653081607752 0.0020860035247945541 0.00032700477526164973 0.00031956250652086081 0.00092699056713963337 1.8158387367505505e-05 -0.0020124860595387875 -0.0037470568049078191 0.0023536043415256476 -0.0030318171012314616 0.00057577934911250855 -0.00079565535166433886 0.003857307480243237 -0.0015349817589264026 0.0032061938305560037 0.00095988761611460235 -0.0039163988448031577 -5.6117069305643308e-05 -0.00071231679000003745
leaf_weight=35 34 22 24 25 20 31 29 22 20 31 146 22 30 26 43 23 3157 32 30 59 34 40 21 23 22 20 21 23 349 86
leaf_count=35 34 22 24 25 20 31 29 22 20 31 146 22 30 26 43 23 3157 32 30 59 34 40 21 23 22 20 21 23 349 86
internal_value=2.62913e-12 5.73968e-06 -2.28083e-06 -7.85152e-06 -0.0010059 2.4141e-06 -4.85047e-06 -0.00064684 -0.00128073 -0.000378511 1.09113e-05 0.000571184 0.00135562 -0.000393023 -3.60775e-06 2.74922e-05 -2.39065e-05 -0.00127672 -0.00188739 0.000667621 -1.59529e-05 -0.00108176 0.00141682 0.00186357 0.00129745 0.00123595 -0.000834753 -0.00018511 -0.000373191 -0.00138841
internal_weight=4500 4466 4444 4420 45 4375 4340 104 73 51 4236 107 59 48 4129 3525 3263 106 83 262 137 74 125 104 81 63 53 604 458 109
internal_count=4500 4466 4444 4420 45 4375 4340 104 73 51 4236 107 59 48 4129 3525 3263 106 83 262 137 74 125 104 81 63 53 604 458 109
is_linear=0
shrinkage=0.1


Tree=54
num_leaves=31
num_cat=0
split_feature=8 7 8 6 4 9 6 10 5 7 6 5 8 6 4 4 4 8 1 1 7 10 9 9 9 7 8 9 7 7
split_gain=0.00191686 0.00672063 0.00562585 0.00465194 0.0090156 0.00352512 0.00559088 0.00745719 0.00963889 0.00760426 0.00586104 0.0073857 0.0110628 0.00727238 0.00411237 0.00958892 0.0153702 0.00919559 0.00836185 0.0091217 0.00909261 0.0212967 0.00361194 0.00361014 0.00520226 0.00648208 0.00559522 0.00526955 0.0109042 0.0123744
threshold=99764.375000000015 73251020.000000015 95939.500000000015 101194.00000000001 89458.000000000015 97996.250000000015 90716.250000000015 101937.00000000001 109318.50000000001 54317096.000000007 86855.250000000015 94592.000000000015 84210.250000000015 86269.832031250015 74269.000000000015 73004.000000000015 72370.000000000015 77214.750000000015 143.50000000000003 137.50000000000003 20670963.000000004 84163.875000000015 91941.000000000015 87563.250000000015 83295.250000000015 74309528.000000015 75329.125000000015 79784.000000000015 158041216.00000003 116678448.00000001
decision_type=2 2 2 2 2 2 2 2 2 2 2 2 2 2 2 2 2 2 2 2 2 2 2 2 2 2 2 2 2 2
left_child=2 -2 3 4 5 6 10 9 -9 -8 13 -12 -13 14 15 16 23 -17 19 20 21 -16 -10 24 27 -26 -27 -1 29 -29
right_child=1 -3 -4 -5 -6 -7 7 8 22 -11 11 12 -14 -15 18 17 -18 -19 -20 -21 -22 -23 -24 -25 25 26 -28 28 -30 -31
leaf_value=2.4951298002835962e-05 -0.0017519759397988243 0.00027984573148054684 0.0012894772041095971 0.0011633563595002188 -0.0021291869727429005 -0.00094759417638087123 0.00044180610280558798 -0.0011459799859273648 0.0017419907556955128 0.0031663624916291157 -0.0021065229217388801 -0.00079954017189961364 0.0017164148538458077 0.0014444135698223753 0.00056603930931052441 0.0028028398116778895 -0.0026390744965862148 3.4628924913704397e-05 -0.0022981080560661531 0.0017229456827044486 0.00075965548878432153 -0.003785945444410159 4.2788381688296798e-05 -0.0012656043304807762 -0.00046093964949250221 0.00059244955357696334 0.0027517738530323621 -0.00066824263767413213 -0.0019255514792708116 0.002134746215527966
leaf_weight=3600 27 41 34 34 20 39 21 35 29 20 28 85 22 35 23 24 22 24 23 20 27 22 22 22 25 28 21 63 43 21
leaf_count=3600 27 41 34 34 20 39 21 35 29 20 28 85 22 35 23 24 22 24 23 20 27 22 22 22 25 28 21 63 43 21
internal_value=-2.0751e-12 -0.000526907 8.08431e-06 -1.82186e-06 -1.08998e-05 -1.14708e-06 7.427e-06 0.000661063 0.000131974 0.00177086 -1.24418e-05 -0.000660611 -0.000282241 9.20126e-06 -3.33178e-06 1.40778e-05 -3.45754e-06 0.00141873 -0.000592685 -0.000166329 -0.000691128 -0.0015616 0.001009 1.17095e-05 1.91025e-05 0.000849356 0.00151787 2.61775e-06 -0.000630459 3.25046e-05
internal_weight=4500 68 4432 4398 4364 4344 4305 127 86 41 4178 135 107 4043 4008 3893 3845 48 115 92 72 45 51 3823 3801 74 49 3727 127 84
internal_count=4500 68 4432 4398 4364 4344 4305 127 86 41 4178 135 107 4043 4008 3893 3845 48 115 92 72 45 51 3823 3801 74 49 3727 127 84
is_linear=0
shrinkage=0.1


Tree=55
num_leaves=31
num_cat=0
split_feature=7 3 7 1 5 8 3 5 10 10 3 4 8 6 7 8 5 1 10 8 5 10 3 8 1 5 7 4 7 7
split_gain=0.00190271 0.00557303 0.00418528 0.00205767 0.00532795 0.00824834 0.00741741 0.0051521 0.0219193 0.0153292 0.0145542 0.0106586 0.0143713 0.0143463 0.0231101 0.0194392 0.0143008 0.0113145 0.00956362 0.00902529 0.00809345 0.0117789 0.00745633 0.0138198 0.00710995 0.00689014 0.00702963 0.0119478 0.00678514 0.0169607
threshold=1371899.0000000002 49849.000000000007 1829220.6875000002 131.50000000000003 47095.000000000007 35875.625000000007 49628.000000000007 93167.000000000015 87145.000000000015 89009.500000000015 89303.500000000015 66956.500000000015 71478.000000000015 75108.582031250015 16547563.000000002 77447.375000000015 77231.000000000015 125.50000000000001 92124.250000000015 77774.750000000015 95482.000000000015 93498.500000000015 88153.500000000015 69832.375000000015 120.50000000000001 101085.50000000001 143905016.00000003 79452.000000000015 39815848.000000007 34610442.000000007
decision_type=2 2 2 2 2 2 2 2 2 2 2 2 2 2 2 2 2 2 2 2 2 2 2 2 2 2 2 2 2 2
left_child=1 -1 -2 7 5 -5 -6 8 11 10 -10 12 22 16 15 -15 -13 -16 19 24 -20 -22 23 28 -9 26 27 -23 29 -4
right_child=2 -3 3 4 6 -7 -8 18 9 -11 -12 13 -14 14 17 -17 -18 -19 20 -21 21 25 -24 -25 -26 -27 -28 -29 -30 -31
leaf_value=-0.0015689622330163338 0.0010810210033216411 0.00046422209304112654 0.00012224640419816819 -0.00010174276226496744 0.0009041305526923866 -0.0023959145825356246 -9.3259921724106568e-05 0.001853721528944637 -0.0010414404065712639 -6.5099099366408257e-05 -0.0045989458084754317 -0.00043509027222171426 0.0021580169840222773 0.003178385126271418 -0.0024513769743498416 -0.00079383701721036978 -0.0041714458149813474 0.0004616795456968248 -0.0016476813582298551 0.0031260165089572016 0.0025845880884887828 0.0012314794476454456 0.0013851838764398858 -0.0025612912920769306 -0.00063510857607153336 0.00039564546184055129 -0.0021127281378236756 -0.0019239095722150526 -0.00014794786149046956 0.0015500632215772274
leaf_weight=28 36 26 970 42 78 25 1692 24 23 36 23 20 34 28 40 22 21 20 23 22 21 30 43 20 22 244 24 20 752 91
leaf_count=28 36 26 970 42 78 25 1692 24 23 36 23 20 34 28 40 22 21 20 23 22 21 30 43 20 22 244 24 20 752 91
internal_value=-6.88073e-13 -0.000590022 7.16625e-06 -1.59991e-06 -8.24413e-05 -0.000957777 -4.93071e-05 5.6117e-05 -7.2693e-06 -0.00161064 -0.00282019 5.65232e-05 0.000120465 -0.000752273 -0.000157192 0.00143061 -0.00234883 -0.00148036 0.000372017 0.00146014 0.000167618 0.00029078 8.35368e-05 5.30017e-05 0.000663411 0.000139303 -0.000705936 -3.06762e-05 8.18411e-05 0.000244708
internal_weight=4500 54 4446 4410 1837 67 1770 2573 2143 82 46 2061 1910 151 110 50 41 60 430 68 362 339 1876 1833 46 318 74 50 1813 1061
internal_count=4500 54 4446 4410 1837 67 1770 2573 2143 82 46 2061 1910 151 110 50 41 60 430 68 362 339 1876 1833 46 318 74 50 1813 1061
is_linear=0
shrinkage=0.1


Tree=56
num_leaves=31
num_cat=0
split_feature=9 6 5 1 5 3 10 10 6 6 10 6 8 8 5 7 7 3 7 6 1 1 4 4 6 8 8 1 1 8
split_gain=0.0020392 0.00484348 0.00745815 0.00367934 0.0044127 0.00282797 0.00219888 0.00268007 0.00284156 0.00683038 0.00732074 0.00535747 0.00612945 0.00826291 0.00579556 0.00881691 0.00425598 0.00400628 0.00716128 0.00380178 0.00943191 0.00876435 0.0107623 0.010039 0.00789496 0.0113755 0.00969511 0.0116514 0.0171668 0.00802867
threshold=106226.00000000001 100267.66406250001 113794.00000000001 139.50000000000003 119810.00000000001 132282.00000000003 111464.50000000001 109338.25000000001 94993.082031250015 90716.250000000015 101937.00000000001 86855.250000000015 83745.750000000015 82268.875000000015 94592.000000000015 53738270.000000007 54317096.000000007 101179.50000000001 177957968.00000003 82927.164062500015 121.50000000000001 141.50000000000003 75535.500000000015 69918.000000000015 80834.082031250015 77939.875000000015 77447.375000000015 123.50000000000001 138.50000000000003 75620.375000000015
decision_type=2 2 2 2 2 2 2 2 2 2 2 2 2 2 2 2 2 2 2 2 2 2 2 2 2 2 2 2 2 2
left_child=1 6 -3 4 -2 -6 7 8 9 11 16 12 13 19 -13 -16 -11 -17 -19 24 -21 22 23 -22 25 29 27 -26 -29 -1
right_child=3 2 -4 -5 5 -7 -8 -9 -10 10 -12 14 -14 -15 15 17 -18 18 -20 20 21 -23 -24 -25 26 -27 -28 28 -30 -31
leaf_value=2.0709073430887518e-05 -0.0013497259422729259 0.0024835606834676584 2.1905747053097004e-05 -0.0016720020538195969 0.0011735557656114301 -0.00043650799430906779 -0.00091903548992167301 0.0011303105943148868 -0.00067981267576945614 0.00071348326280713087 -6.6391434896703267e-05 -0.0019132980407448486 0.0015710232183337213 -0.001812001720070839 0.0015950128436088562 -0.0014842009458404322 0.002688658825354651 0.001316161195281893 -0.0012007777332865564 -0.00089278451318072305 0.0019754240391193891 -0.00053492682520300155 0.0034829169535078109 -0.00047957309429729053 0.0018135756561109288 0.0021019599382550674 -0.0019892055471493887 -0.0027387791716207109 0.0009312767069786787 -0.0012190139149579238
leaf_weight=3638 20 20 32 20 24 20 26 21 61 20 41 28 25 25 20 39 24 20 26 37 36 30 20 31 22 26 44 26 25 53
leaf_count=3638 20 20 32 20 24 20 26 21 61 20 41 28 25 25 20 39 24 20 26 37 36 30 20 31 22 26 44 26 25 53
internal_value=5.47486e-13 9.28428e-06 0.000968696 -0.000488088 -0.000118115 0.000441709 -2.14776e-06 3.34765e-06 -2.13445e-06 7.57851e-06 0.000895005 -1.05062e-05 1.00623e-05 3.3792e-07 -0.000634984 -0.000294101 0.00179085 -0.000738598 -0.000106456 1.16991e-05 0.00049887 0.000938966 0.00144721 0.00083953 -7.86904e-06 1.75902e-05 -0.00081669 -0.000109968 -0.000939732 2.90758e-06
internal_weight=4500 4416 52 84 64 44 4364 4338 4317 4256 85 4171 4038 4013 133 105 44 85 46 3988 154 117 87 67 3834 3717 117 73 51 3691
internal_count=4500 4416 52 84 64 44 4364 4338 4317 4256 85 4171 4038 4013 133 105 44 85 46 3988 154 117 87 67 3834 3717 117 73 51 3691
is_linear=0
shrinkage=0.1


Tree=57
num_leaves=31
num_cat=0
split_feature=1 1 1 1 5 10 7 8 7 7 3 1 1 7 7 3 4 3 8 8 3 1 3 1 1 5 8 7 5 3
split_gain=0.00200064 0.00956517 0.00650294 0.006086 0.00569794 0.00600814 0.00499158 0.00513132 0.00396953 0.0095297 0.00584449 0.00477583 0.00663083 0.00437555 0.00468584 0.00483659 0.00326681 0.00321053 0.0030695 0.00298104 0.00853542 0.00760083 0.00611212 0.00584645 0.00673266 0.00572575 0.00552423 0.00478071 0.0125245 0.00494829
threshold=96.500000000000014 92.500000000000014 100.50000000000001 90.500000000000014 82291.000000000015 63638.375000000007 10843239.500000002 48273.750000000007 1371899.0000000002 2794787.3750000005 49849.000000000007 140.50000000000003 127.50000000000001 3262389.6250000005 3759388.3750000005 54102.000000000007 14759.000000000002 45317.000000000007 64894.750000000007 36364.500000000007 39997.000000000007 139.50000000000003 31189.000000000004 123.50000000000001 111.50000000000001 39493.500000000007 33054.000000000007 4315418.2500000009 58061.500000000007 48063.000000000007
decision_type=2 2 2 2 2 2 2 2 2 2 2 2 2 2 2 2 2 2 2 2 2 2 2 2 2 2 2 2 2 2
left_child=1 3 18 6 5 -3 -1 -8 10 11 -4 12 17 -11 15 -15 -16 -10 -2 21 -21 22 -18 24 -24 -25 -26 28 -22 -29
right_child=2 4 8 -5 -6 -7 7 -9 9 13 -12 -13 -14 14 16 -17 19 -19 -20 20 27 -23 23 25 26 -27 -28 29 -30 -31
leaf_value=0.00087454285856117221 0.00051389478612691171 -0.0009023128901250087 -0.0021077668548307635 0.0017036473420871932 0.0001171311317011714 -0.0032077182107605041 -0.0014636133005842568 0.00022545067036549584 0.00056872503734087915 -0.0011823593311419247 0.00012704522907733918 0.0022967792497101155 -0.00058434235106687995 8.9248684234917162e-05 0.0010753978112781491 0.0020166976114168117 0.0012984641753137113 0.0023193234531208875 0.0018441421699456194 0.0020039693186325687 -0.0028962533315643672 -0.0019515497911790456 0.0001541820517741144 0.0016046851367244254 -0.00077999459132115599 -0.00025989409579841747 -0.0026990623387973759 0.0005437379662513994 0.00052539281466084981 -3.0147255640428952e-05
leaf_weight=34 82 26 22 22 20 20 35 37 22 32 25 22 28 30 27 23 25 20 22 21 20 27 40 23 40 58 24 157 23 3493
leaf_count=34 82 26 22 22 20 20 35 37 22 32 25 22 28 30 27 23 25 20 22 21 20 27 40 23 40 58 24 157 23 3493
internal_value=6.35029e-14 -0.000314134 1.41528e-05 0.000190077 -0.001292 -0.00190466 -0.00012406 -0.000595622 -5.18052e-06 5.15673e-06 -0.000919037 0.00101159 0.000607669 -1.76322e-05 -8.38608e-06 0.000925689 -2.0831e-05 0.00140234 0.000795293 -2.83223e-05 -6.37996e-06 -0.000372179 -0.000169117 -0.000367438 -0.000863558 0.000269554 -0.00149964 -1.78117e-05 -0.00106607 -5.46233e-06
internal_weight=4500 194 4306 128 66 46 106 72 4202 4155 47 92 70 4063 4031 53 3978 42 104 3951 3714 237 210 185 104 81 64 3693 43 3650
internal_count=4500 194 4306 128 66 46 106 72 4202 4155 47 92 70 4063 4031 53 3978 42 104 3951 3714 237 210 185 104 81 64 3693 43 3650
is_linear=0
shrinkage=0.1


Tree=58
num_leaves=31
num_cat=0
split_feature=7 7 1 4 3 1 1 8 7 6 6 4 4 5 4 7 7 8 8 10 8 1 9 8 7 8 7 1 3 7
split_gain=0.00206944 0.00237871 0.00854646 0.00638072 0.015793 0.00222005 0.00507486 0.00711272 0.00440536 0.0124167 0.0145455 0.0119628 0.0143851 0.0116706 0.0103301 0.0100051 0.0129824 0.00834726 0.00710381 0.00662573 0.00823434 0.0208059 0.0159701 0.00811876 0.00678775 0.00648812 0.0050071 0.00563894 0.00586453 0.010678
threshold=1133249.8125000002 2508322.7500000005 110.50000000000001 43523.000000000007 52232.500000000007 115.50000000000001 114.50000000000001 56502.500000000007 132054092.00000001 76494.585937500015 79548.167968750015 58110.500000000007 62504.500000000007 70349.000000000015 66379.000000000015 32725960.000000004 77755572.000000015 60684.625000000007 64177.875000000007 64734.000000000007 52161.625000000007 101.50000000000001 57062.000000000007 48903.250000000007 24718775.000000004 76181.875000000015 6083946.0000000009 93.500000000000014 48978.500000000007 33101333.000000004
decision_type=2 2 2 2 2 2 2 2 2 2 2 2 2 2 2 2 2 2 2 2 2 2 2 2 2 2 2 2 2 2
left_child=-1 2 -2 -4 -5 6 8 -8 9 11 -11 13 18 19 -14 -12 -17 -15 -13 20 23 -22 -23 26 -25 -10 -3 -28 -29 -30
right_child=1 5 3 4 -6 -7 7 -9 25 10 15 12 14 17 -16 16 -18 -19 -20 -21 21 22 -24 24 -26 -27 27 28 29 -31
leaf_value=0.00075514564006071952 -0.0021798071269269869 0.0010494547779671848 0.0013743413364863954 -0.0026927449740469459 0.00065809220183067607 -3.2070372807396177e-05 -1.903796445630077e-05 0.001997823370552129 0.00024342327703570209 -0.0031995941846010589 -0.0020043375901877881 0.0012987523117945308 -0.0010157712841067802 -0.00035615085580502641 0.0017449669266605507 0.0018229490941880141 -0.0012866519670933487 -0.0028232428241608434 0.0039321280980948361 0.0013290097748899937 0.0017170931794680657 -0.0042842221143655481 -0.00061107379021042765 0.00024712963394172812 0.0027040655954889106 0.0018761083603991817 -0.0011310804050784404 0.00057094353198719851 -0.002063944493420422 0.00018622911220390193
leaf_weight=36 23 40 24 22 39 3415 36 34 129 24 26 21 33 32 23 29 25 24 20 41 20 20 29 23 22 30 48 111 30 71
leaf_count=36 23 40 24 22 39 3415 36 34 129 24 26 21 33 32 23 29 25 24 20 41 20 20 29 23 22 30 48 111 30 71
internal_value=3.93761e-12 -6.08988e-06 -0.000469687 -6.94825e-06 -0.000550406 5.40426e-06 0.000141404 0.00096058 7.5569e-05 -3.07082e-05 -0.00104042 0.000142006 0.0011601 -5.12535e-05 0.000118103 -0.000392669 0.000383319 -0.00141348 0.00258333 0.000116405 -3.68429e-06 -0.00100092 -0.00211032 0.000195764 0.0014483 0.000551477 7.88332e-06 -0.000152358 6.9239e-05 -0.000482139
internal_weight=4500 4464 108 85 61 4356 941 70 871 712 104 608 97 511 56 80 54 56 41 455 414 69 49 345 45 159 300 260 212 101
internal_count=4500 4464 108 85 61 4356 941 70 871 712 104 608 97 511 56 80 54 56 41 455 414 69 49 345 45 159 300 260 212 101
is_linear=0
shrinkage=0.1


Tree=59
num_leaves=31
num_cat=0
split_feature=9 6 5 1 5 3 10 5 7 7 1 4 3 6 1 6 3 6 6 9 9 3 6 3 6 3 5 5 7 7
split_gain=0.00170074 0.00379926 0.00635549 0.00290971 0.00342224 0.00236383 0.00187009 0.0023459 0.00169505 0.00189255 0.00692263 0.00516838 0.0127923 0.0022095 0.00447365 0.00326142 0.00583676 0.00344644 0.00750818 0.00834216 0.0131866 0.00540288 0.00343837 0.00901027 0.00595534 0.0057009 0.00415159 0.0226884 0.00922551 0.0119438
threshold=106226.00000000001 100267.66406250001 113794.00000000001 139.50000000000003 119810.00000000001 132282.00000000003 111464.50000000001 111056.00000000001 1133249.8125000002 2508322.7500000005 110.50000000000001 43523.000000000007 52232.500000000007 94993.082031250015 132.50000000000003 92333.414062500015 101929.00000000001 87185.582031250015 88156.332031250015 90811.750000000015 89019.750000000015 102694.50000000001 85813.750000000015 93442.500000000015 84660.917968750015 94147.500000000015 93442.500000000015 91890.000000000015 151604064.00000003 175716608.00000003
decision_type=2 2 2 2 2 2 2 2 2 2 2 2 2 2 2 2 2 2 2 2 2 2 2 2 2 2 2 2 2 2
left_child=1 6 -3 4 -2 -6 7 8 -1 10 -10 -12 -13 15 -15 17 -17 22 -19 20 21 -20 24 -24 26 -26 27 -11 -28 -30
right_child=3 2 -4 -5 5 -7 -8 -9 9 13 11 12 -14 14 -16 16 -18 18 19 -21 -22 -23 23 -25 25 -27 28 -29 29 -31
leaf_value=0.00067963107463179368 -0.0012013520492473618 0.0022566030018788298 -1.5804504437255675e-05 -0.0014985800907015802 0.0010453726057373083 -0.00042664702283218509 -0.00084721044762633166 0.00076569905755604858 -0.0019618263630115469 2.2521288759064047e-05 0.0012369072222403097 -0.0024234704779122363 0.00059228298069240572 0.00021227519386489543 -0.0016483028609703373 0.0019894982154769619 -9.8972628529736545e-05 -0.00183487595677434 -0.0015699894400313498 -0.0011768656816067442 0.0026886069075858577 0.00070097876543348493 0.0021777832988076487 -0.00023812475678584491 8.7951811119204475e-05 -0.0021470139902085065 0.0014169052698468762 -0.0020243991634131156 -0.0019869891055859629 0.00037733275734551798
leaf_weight=36 20 20 32 20 24 20 26 40 23 3506 24 22 39 28 24 23 32 32 20 42 21 22 26 38 21 25 67 55 25 147
leaf_count=36 20 20 32 20 24 20 26 40 23 3506 24 22 39 28 24 23 32 32 20 42 21 22 26 38 21 25 67 55 25 147
internal_value=-6.29209e-13 8.47886e-06 0.000858198 -0.000445746 -0.000116735 0.000376273 -1.64612e-06 3.42181e-06 -3.67245e-06 -9.44413e-06 -0.000422718 -6.25342e-06 -0.000495366 1.30059e-06 -0.000646453 9.512e-06 0.000774388 -8.82904e-07 -0.000493882 -8.51988e-05 0.000642579 -0.000380435 1.6391e-05 0.000743338 4.29411e-06 -0.0011267 1.79851e-05 -9.0936e-06 0.000421447 3.36813e-05
internal_weight=4500 4416 52 84 64 44 4364 4338 4298 4262 108 85 61 4154 52 4102 55 4047 137 105 63 42 3910 64 3846 46 3800 3561 239 172
internal_count=4500 4416 52 84 64 44 4364 4338 4298 4262 108 85 61 4154 52 4102 55 4047 137 105 63 42 3910 64 3846 46 3800 3561 239 172
is_linear=0
shrinkage=0.1


Tree=60
num_leaves=31
num_cat=0
split_feature=8 9 1 7 6 9 1 8 1 4 8 5 1 1 4 4 4 4 9 3 9 5 10 4 1 1 10 6 9 8
split_gain=0.0017343 0.0146288 0.0112979 0.00891313 0.00731158 0.00959085 0.0121547 0.0144818 0.0102542 0.0072459 0.00705755 0.00615583 0.0118361 0.0130513 0.0193792 0.0189267 0.00678705 0.011134 0.0115686 0.00954514 0.00824051 0.00750532 0.013862 0.00923525 0.00879984 0.0132069 0.00856461 0.00829651 0.013538 0.00788461
threshold=45743.125000000007 49389.250000000007 124.50000000000001 78648400.000000015 52399.083984375007 51164.500000000007 132.50000000000003 48469.625000000007 129.50000000000003 43879.000000000007 44331.875000000007 59020.500000000007 117.50000000000001 127.50000000000001 48179.500000000007 50975.000000000007 43680.500000000007 34309.500000000007 56567.000000000007 66562.000000000015 59767.250000000007 62581.000000000007 61317.125000000007 46737.500000000007 144.50000000000003 135.50000000000003 63928.875000000007 58261.250000000007 56866.750000000007 51065.375000000007
decision_type=2 2 2 2 2 2 2 2 2 2 2 2 2 2 2 2 2 2 2 2 2 2 2 2 2 2 2 2 2 2
left_child=1 9 -3 -4 5 6 7 -2 -7 10 -1 12 -6 -14 -15 -16 17 -13 19 -19 -20 24 -23 26 25 -18 -24 29 -29 -25
right_child=4 2 3 -5 11 8 -8 -9 -10 -11 -12 16 13 14 15 -17 21 18 20 -21 -22 22 23 27 -26 -27 -28 28 -30 -31
leaf_value=-2.9742355186120526e-06 2.6965781202684945e-05 -0.00017127912166169616 -0.0038256581779569387 -0.0012607531959518037 -0.0023876416466889847 0.0025630835068934576 0.0011332467675674706 -0.0029932408308377492 0.00028284740217618252 -0.0017214515934819759 0.0011319663667640949 0.0015292654046788813 0.0015494873559462928 -0.0034463653895294385 0.0023295084353197703 -0.0017731751639233984 0.00097570794492235621 -0.0011427009773969249 -0.0033150003105401993 0.0011965800948074146 -0.0010318876304027495 -0.0017663556053628062 0.0023941252958671801 0.00024336696785342483 0.0024292413815855981 -0.001151401167153381 0.0004258161789352094 0.0021816406938937848 8.7991235570188744e-06 -0.0019129174290398181
leaf_weight=768 77 61 20 42 31 41 70 20 38 23 59 21 31 21 22 23 108 37 25 33 43 43 29 28 25 40 93 29 2556 43
leaf_count=768 77 61 20 42 31 41 70 20 38 23 59 21 31 21 22 23 108 37 25 33 43 43 29 28 25 40 93 29 2556 43
internal_value=6.93035e-13 -0.000118196 -0.0011375 -0.00208814 3.26069e-05 0.000558429 0.000128975 -0.000595757 0.00146626 2.9304e-05 7.79949e-05 -6.81775e-06 -0.000686643 -0.000143025 -0.000937993 0.000232581 2.07806e-05 -0.000615877 -0.000942311 -3.9897e-05 -0.00187127 5.45911e-05 1.53826e-05 4.29617e-05 0.000693939 0.000400814 0.000893693 3.8844e-06 3.31753e-05 -0.00106255
internal_weight=4500 973 123 62 3527 246 167 97 79 850 827 3281 128 97 66 45 3153 159 138 70 68 2994 2821 2778 173 148 122 2656 2585 71
internal_count=4500 973 123 62 3527 246 167 97 79 850 827 3281 128 97 66 45 3153 159 138 70 68 2994 2821 2778 173 148 122 2656 2585 71
is_linear=0
shrinkage=0.1


Tree=61
num_leaves=31
num_cat=0
split_feature=9 4 8 7 7 5 5 10 5 1 10 9 9 6 10 7 7 3 9 8 7 7 1 8 7 3 1 4 1 7
split_gain=0.00157547 0.0044826 0.00365745 0.00286942 0.00407375 0.00298684 0.00703283 0.00907137 0.00639791 0.00442841 0.00304556 0.00522837 0.00348113 0.00837193 0.0041439 0.00294921 0.0038296 0.00872252 0.00688739 0.0150239 0.0031805 0.0135908 0.0101563 0.0091471 0.00612125 0.0165078 0.0259165 0.0130057 0.0122042 0.00736797
threshold=24651.250000000004 23130.000000000004 27958.375000000004 602494848.00000012 339543776.00000006 113794.00000000001 118138.50000000001 118915.00000000001 111056.00000000001 132.50000000000003 106399.87500000001 99009.000000000015 93819.500000000015 92333.414062500015 99258.250000000015 1133249.8125000002 2508322.7500000005 63467.000000000007 49690.750000000007 41370.000000000007 48217390.000000007 44711666.000000007 136.50000000000003 60807.250000000007 59586174.000000007 67413.000000000015 130.50000000000003 37834.500000000007 124.50000000000001 52848176.000000007
decision_type=2 2 2 2 2 2 2 2 2 2 2 2 2 2 2 2 2 2 2 2 2 2 2 2 2 2 2 2 2 2
left_child=-1 -2 -3 4 5 8 -7 -8 10 -9 11 12 13 15 -14 -4 17 18 19 -17 21 -18 23 -23 25 27 28 -22 -27 -28
right_child=1 2 3 -5 -6 6 7 9 -10 -11 -12 -13 14 -15 -16 16 20 -19 -20 -21 24 22 -24 -25 -26 26 29 -29 -30 -31
leaf_value=-0.00065888482505316564 0.00078796368699032534 -0.0010898728289776632 0.0009648293767484927 -0.0010902412226035572 0.00065038237294932823 -0.0016439077601692565 0.0015797659782692793 0.00022787725640228019 0.0015113585919607432 -0.0018512979105469727 -0.0011285912169114454 0.0014728334150277079 0.00015640680494177488 0.0018289940980139364 -0.0013925549180175249 0.00087075056660029554 2.9944884272284763e-05 -0.0024396135516109923 0.0010398186378491421 -0.0027845421636646444 -0.0011759200164199095 0.00076626460688809556 -0.00034928660159214186 0.0032156953978682724 -1.5316269749129152e-05 -0.0015871985659312209 0.0010190777612892404 0.001181892735340322 -0.0041870567128062244 -0.00081097091685726562
leaf_weight=36 72 31 31 24 96 37 25 20 28 21 24 24 31 25 39 23 2081 21 30 22 34 30 26 31 1385 65 44 75 25 44
leaf_count=36 72 31 31 24 96 37 25 20 28 21 24 24 31 25 39 23 2081 21 30 22 34 30 26 31 1385 65 44 75 25 44
internal_value=1.12492e-12 5.31359e-06 -7.51674e-06 1.77145e-07 6.21128e-06 -8.37029e-06 -0.000540293 7.84006e-05 4.86993e-06 -0.000837066 -5.39326e-06 1.20409e-06 -7.49091e-06 4.76777e-06 -0.000706586 -6.72849e-06 -1.43805e-05 -0.000638229 -0.000133841 -0.000916281 1.21572e-06 8.11385e-05 0.00130567 0.00201106 -0.000102416 -0.000522742 -0.00111622 0.000446428 -0.00230938 0.000104053
internal_weight=4500 4464 4392 4361 4337 4241 103 66 4138 41 4110 4086 4062 3992 70 3967 3936 96 75 45 3840 2168 87 61 1672 287 178 109 90 88
internal_count=4500 4464 4392 4361 4337 4241 103 66 4138 41 4110 4086 4062 3992 70 3967 3936 96 75 45 3840 2168 87 61 1672 287 178 109 90 88
is_linear=0
shrinkage=0.1


Tree=62
num_leaves=31
num_cat=0
split_feature=4 8 9 6 7 6 6 1 9 8 1 3 4 4 4 5 3 5 5 8 4 10 3 7 4 6 4 4 6 6
split_gain=0.00162018 0.0036504 0.003155 0.0123229 0.00306779 0.00258188 0.00211625 0.00609344 0.00786743 0.00673027 0.00512015 0.00732156 0.0045224 0.00806367 0.00712747 0.00312759 0.00281891 0.00997926 0.00483223 0.00829522 0.00630494 0.00840174 0.0145701 0.00959956 0.00410165 0.0105913 0.0088247 0.00527425 0.0141991 0.0247446
threshold=95736.500000000015 97136.750000000015 106226.00000000001 101194.00000000001 48721032.000000007 97792.000000000015 90716.250000000015 116.50000000000001 93048.500000000015 82268.875000000015 142.50000000000003 106959.50000000001 82840.000000000015 80671.500000000015 79452.000000000015 109318.50000000001 101179.50000000001 100496.00000000001 98595.000000000015 75329.125000000015 74702.000000000015 87145.000000000015 84124.500000000015 51346910.000000007 73004.000000000015 80572.335937500015 72370.000000000015 69315.500000000015 77629.500000000015 80834.082031250015
decision_type=2 2 2 2 2 2 2 2 2 2 2 2 2 2 2 2 2 2 2 2 2 2 2 2 2 2 2 2 2 2
left_child=1 2 3 5 -2 6 12 -8 9 -9 11 -10 13 14 15 16 17 18 20 -20 24 22 -22 -23 26 -26 27 -1 -29 -30
right_child=4 -3 -4 -5 -6 -7 7 8 10 -11 -12 -13 -14 -15 -16 -17 -18 -19 19 -21 21 23 -24 -25 25 -27 -28 28 29 -31
leaf_value=-1.1104026866381272e-05 0.0015254124155035242 -0.00099549691886578165 -0.001096389952670926 0.0023692078846083448 -7.3491224708656486e-05 -0.00087147792630061938 0.0016207798586917984 -0.00014508948550515232 -0.001903374403850143 0.0023577304197136655 0.00083043000777252021 0.00041217024210544133 -0.0013787365052849055 0.001952525956689247 -0.0018952096381690355 -0.0010376722847938473 0.00053160815003487952 -0.002085548201980798 -0.00032043968499435681 0.0023653073722253674 -0.00014543380910673966 0.00092134561273269364 -0.0036420930372762748 -0.0017618750338442624 0.0022567697185357765 -0.00038748161799351998 -0.0018017233556343452 -0.00059808075251378899 0.0034706573527572416 3.8394380826503035e-06
leaf_weight=3578 20 37 26 22 30 34 31 21 36 22 20 22 24 21 20 29 99 23 23 23 26 40 22 20 28 33 27 58 35 50
leaf_count=3578 20 37 26 22 30 34 31 21 36 22 20 22 24 21 20 29 99 23 23 23 26 40 22 20 28 33 27 58 35 50
internal_value=-1.79995e-12 -6.36034e-06 1.9329e-06 8.44222e-06 0.00056607 -3.45626e-06 3.35804e-06 0.000369883 4.94054e-05 0.00113542 -0.000549297 -0.00102506 -9.97333e-06 -2.06712e-06 -1.19961e-05 -2.84096e-06 4.50545e-06 -8.58616e-06 3.46787e-06 0.00102243 -8.49854e-06 -0.000761954 -0.00174807 2.69387e-05 1.28649e-05 0.000826273 -3.73651e-07 1.26971e-05 0.000608226 0.00143135
internal_weight=4500 4450 4413 4387 50 4365 4331 152 121 43 78 58 4179 4155 4134 4114 4085 3986 3963 46 3917 108 48 60 3809 61 3748 3721 143 85
internal_count=4500 4450 4413 4387 50 4365 4331 152 121 43 78 58 4179 4155 4134 4114 4085 3986 3963 46 3917 108 48 60 3809 61 3748 3721 143 85
is_linear=0
shrinkage=0.1


Tree=63
num_leaves=31
num_cat=0
split_feature=1 7 7 1 9 7 7 7 3 7 8 7 6 6 8 8 9 6 4 4 4 5 6 9 4 1 4 4 1 9
split_gain=0.00148643 0.00646935 0.0188474 0.00587123 0.0125935 0.00476172 0.00843258 0.00189103 0.00573849 0.0044655 0.00170693 0.0071142 0.00305163 0.00831435 0.00437227 0.0053767 0.00381443 0.00557845 0.00364695 0.004682 0.00403801 0.0112916 0.014652 0.037066 0.0110504 0.0127887 0.0155 0.0102476 0.00922418 0.0133763
threshold=149.50000000000003 25489351.000000004 14445489.500000002 148.50000000000003 71955.500000000015 38990010.000000007 68866480.000000015 1371899.0000000002 47003.000000000007 1829220.6875000002 99764.375000000015 99039564.000000015 101194.00000000001 104381.08203125001 94518.750000000015 91090.750000000015 97222.750000000015 90716.250000000015 82840.000000000015 80671.500000000015 69918.000000000015 81358.000000000015 81074.082031250015 78902.750000000015 70866.500000000015 121.50000000000001 74269.000000000015 69315.500000000015 136.50000000000003 83295.250000000015
decision_type=2 2 2 2 2 2 2 2 2 2 2 2 2 2 2 2 2 2 2 2 2 2 2 2 2 2 2 2 2 2
left_child=3 2 -2 7 -5 -3 -7 8 -1 -9 12 -12 14 -14 15 16 17 18 19 20 27 -22 23 -23 -24 26 -26 -11 29 -27
right_child=1 5 -4 4 -6 6 -8 9 -10 10 11 -13 13 -15 -16 -17 -18 -19 -20 -21 21 22 24 -25 25 28 -28 -29 -30 -31
leaf_value=0.00059327205602565541 0.00029625063325511292 0.001508236536756158 -0.0036169957742094995 0.0026507682744413615 -0.00067102116133485525 -0.0018369106159132735 0.00050540477146997166 0.0011473605518831926 -0.0015062109536180895 5.9991677857653887e-06 -0.0015150619848795675 0.00056234076009786804 0.0020598368315258996 -0.00057467919187215361 0.0013703719287624827 -0.0013242342108447528 -0.001056975081412341 0.00075190720715315315 -0.0012408628555325171 0.0015217339666560295 -0.0019364561861715257 -0.00071329085582519998 -0.0026062566398953398 0.0032299139701353857 -0.00016769594140350819 0.0025182695352825627 -0.0039026682055555285 0.0019986805631420934 -0.00078042919315131657 -9.0442411792388219e-05
leaf_weight=23 32 21 20 25 21 22 51 34 30 3484 34 32 25 23 23 31 34 98 24 20 39 59 24 40 25 29 20 26 70 61
leaf_count=23 32 21 20 25 21 22 51 34 30 3484 34 32 25 23 23 31 34 98 24 20 39 59 24 40 25 29 20 26 70 61
internal_value=2.72727e-12 -0.000313858 -0.00120884 1.05244e-05 0.0011343 0.00018124 -0.000200498 -1.47503e-06 -0.000595115 5.9193e-06 -3.27496e-06 -0.000507836 4.73973e-06 0.000797465 -4.52513e-06 -1.22682e-05 -2.23341e-06 6.68951e-06 -1.19362e-05 -4.36773e-06 -1.22403e-05 -0.000327854 -0.000136588 0.000879923 -0.00057604 -0.000338356 -0.00182768 2.07598e-05 8.05174e-05 0.000750143
internal_weight=4500 146 52 4354 46 94 73 4308 53 4255 4221 66 4155 48 4107 4084 4053 4019 3921 3897 3877 367 328 99 229 205 45 3510 160 90
internal_count=4500 146 52 4354 46 94 73 4308 53 4255 4221 66 4155 48 4107 4084 4053 4019 3921 3897 3877 367 328 99 229 205 45 3510 160 90
is_linear=0
shrinkage=0.1


Tree=64
num_leaves=31
num_cat=0
split_feature=4 8 1 9 6 6 6 4 4 1 4 4 8 4 5 4 4 1 4 4 6 10 8 8 8 8 7 4 3 10
split_gain=0.0016008 0.00305658 0.00302792 0.00252197 0.00851326 0.00199821 0.00183881 0.00242754 0.00468246 0.0116563 0.00445492 0.00306966 0.00234345 0.00489523 0.00872803 0.00276925 0.00338592 0.00907765 0.0062311 0.0110479 0.00566196 0.0090836 0.00477679 0.0100722 0.0107167 0.00695296 0.0118458 0.00906879 0.0132851 0.0160318
threshold=95736.500000000015 97136.750000000015 126.50000000000001 106226.00000000001 101194.00000000001 97792.000000000015 95802.500000000015 83564.000000000015 80671.500000000015 129.50000000000003 85402.000000000015 79452.000000000015 84741.750000000015 76843.000000000015 92862.000000000015 75765.500000000015 74702.000000000015 131.50000000000003 73004.000000000015 72370.000000000015 80572.335937500015 91513.875000000015 81262.375000000015 78301.000000000015 76904.375000000015 73973.000000000015 22403071.000000004 68357.500000000015 75395.500000000015 82262.875000000015
decision_type=2 2 2 2 2 2 2 2 2 2 2 2 2 2 2 2 2 2 2 2 2 2 2 2 2 2 2 2 2 2
left_child=1 3 -2 4 5 6 7 8 11 -10 -9 12 13 15 -15 16 18 -18 19 22 -20 -22 23 24 25 27 -27 -1 -29 -30
right_child=2 -3 -4 -5 -6 -7 -8 10 9 -11 -12 -13 -14 14 -16 -17 17 -19 20 -21 21 -23 -24 -25 -26 26 -28 28 29 -31
leaf_value=1.8616659869943402e-05 -0.00018498990147446212 -0.00091143757108020024 0.0013726425861629347 -0.00098070800752164092 0.0019692942669445822 -0.0007664341008742615 0.0007468108609883172 -0.0018455573846586047 -0.00023531400511274115 0.0028421494993381203 0.00015679877460934223 -0.0010896651293688384 0.0007718223421715009 -0.0019185216917789408 0.00055744250421412293 0.0010154811441208478 0.00049939891223798238 -0.0023762742789196121 0.0020308153703808784 -0.0018307469538271879 -0.0011545533268266202 0.0015192323036629844 -0.0012719315251913566 0.0013724517350999156 -0.0016311296698404477 0.0028172329230153042 0.00026228197147734031 0.00077538663577852833 -0.0035315830227253698 -0.00053201320448092049
leaf_weight=3552 26 37 24 26 22 34 33 20 32 20 25 26 39 35 24 27 23 21 28 33 24 27 29 54 40 23 86 33 28 49
leaf_count=3552 26 37 24 26 22 34 33 20 32 20 25 26 39 35 24 27 23 21 28 33 24 27 29 54 40 23 86 33 28 49
internal_value=7.60055e-13 -6.32218e-06 0.000562674 1.2666e-06 7.08637e-06 -2.80333e-06 3.19146e-06 -2.51804e-06 5.21247e-06 0.000948326 -0.000733137 -6.46139e-06 2.84305e-07 -6.99084e-06 -0.00091135 6.09653e-06 -6.32703e-07 -0.000873081 8.94986e-06 -8.73942e-06 0.000888264 0.00026098 6.70133e-06 1.62952e-05 -2.92087e-06 1.435e-05 0.0008014 -9.07669e-06 -0.00090332 -0.00162277
internal_weight=4500 4450 50 4413 4387 4365 4331 4298 4253 52 45 4201 4175 4136 59 4077 4050 44 4006 3927 79 51 3894 3865 3811 3771 109 3662 110 77
internal_count=4500 4450 50 4413 4387 4365 4331 4298 4253 52 45 4201 4175 4136 59 4077 4050 44 4006 3927 79 51 3894 3865 3811 3771 109 3662 110 77
is_linear=0
shrinkage=0.1


Tree=65
num_leaves=31
num_cat=0
split_feature=8 4 5 3 3 4 5 4 4 8 5 10 7 6 6 8 4 4 9 4 4 8 5 1 4 4 9 10 8 3
split_gain=0.0015541 0.01361 0.00866631 0.0103966 0.0106203 0.0111287 0.0083095 0.00724634 0.0122696 0.00712016 0.00673711 0.0041975 0.00934657 0.00441839 0.00775188 0.00578118 0.0053074 0.00855564 0.0103252 0.00987618 0.00805219 0.00495713 0.00462793 0.00915466 0.00750124 0.0187901 0.00544878 0.0159826 0.0124658 0.0118231
threshold=45352.875000000007 42472.000000000007 53928.500000000007 52552.500000000007 48452.000000000007 45690.500000000007 54797.500000000007 41454.500000000007 40558.500000000007 44494.250000000007 52885.000000000007 54908.375000000007 16547563.000000002 51763.833984375007 52399.083984375007 46915.125000000007 43680.500000000007 34309.500000000007 56567.000000000007 39654.000000000007 41627.500000000007 48699.625000000007 59020.500000000007 117.50000000000001 48508.000000000007 51249.500000000007 60244.250000000007 62918.250000000007 55162.000000000007 63467.000000000007
decision_type=2 2 2 2 2 2 2 2 2 2 2 2 2 2 2 2 2 2 2 2 2 2 2 2 2 2 2 2 2 2
left_child=1 7 3 4 -2 -6 -4 8 -1 -3 -9 12 -8 15 -15 -13 17 -16 19 -19 -20 -21 23 -18 -25 -26 28 -28 -24 -29
right_child=2 9 6 -5 5 -7 11 10 -10 -11 -12 13 -14 14 16 -17 22 18 20 21 -22 -23 26 24 25 -27 27 29 -30 -31
leaf_value=2.8472339637349371e-06 0.0018105550022381877 -0.00058911332895082453 -0.0016556222372067473 0.0029525184095837175 0.00084830437348607705 -0.0018710491506175862 -0.00020822634899311449 0.002410321215005673 -0.0016943076361591617 -0.0029563536460045729 -9.9206462800793821e-05 0.0001531516733978476 0.0020180971788552899 0.0015609567213687116 0.0013498873854543838 -0.0021933109033852815 -0.0022153787090684529 -0.0018401233108968221 -0.00089871097519315544 -0.00011659768543073109 -0.0031283638747991063 0.0017493595049018042 -5.1231024088979426e-06 -0.0012738352175801994 0.0030281845852732658 -0.0011628343764206639 -0.0022345657322148326 0.0012104218308013515 0.0010052726767911658 -2.5930712340404081e-05
leaf_weight=798 36 27 30 20 34 27 44 23 45 24 20 21 33 32 21 21 27 22 46 35 25 24 363 30 20 23 32 80 184 2333
leaf_count=798 36 27 30 20 34 27 44 23 45 24 20 21 33 32 21 21 27 22 46 35 25 24 363 30 20 23 32 80 184 2333
internal_value=1.88777e-12 -0.000114597 3.01367e-05 0.000876533 0.000448495 -0.000355344 1.3995e-06 -2.31586e-05 -8.77482e-05 -0.00170311 0.0012431 1.59518e-05 0.000745912 -8.81672e-07 1.21017e-05 -0.00102008 -3.07846e-06 -0.000542088 -0.000803479 -3.18396e-05 -0.0016838 0.000642436 2.70796e-05 -0.000642118 -6.02268e-05 0.000786477 4.94458e-05 -1.43839e-05 0.000334754 1.5059e-05
internal_weight=4500 937 3563 117 97 61 3446 886 843 51 43 3416 77 3339 3297 42 3265 173 152 81 71 59 3092 100 73 43 2992 2445 547 2413
internal_count=4500 937 3563 117 97 61 3446 886 843 51 43 3416 77 3339 3297 42 3265 173 152 81 71 59 3092 100 73 43 2992 2445 547 2413
is_linear=0
shrinkage=0.1


Tree=66
num_leaves=31
num_cat=0
split_feature=9 3 4 8 4 7 4 9 6 3 4 10 6 3 10 10 5 1 3 5 9 3 7 10 4 6 5 9 6 8
split_gain=0.00131822 0.00361052 0.00291453 0.00391258 0.00392497 0.00342613 0.00332093 0.00290857 0.00617372 0.00528177 0.00535868 0.00473677 0.00851014 0.00534008 0.00729391 0.0074236 0.0078973 0.00470221 0.00400886 0.00351753 0.00901118 0.00602688 0.0119969 0.00989718 0.00400563 0.0111955 0.0124468 0.00344849 0.00844461 0.00802374
threshold=24651.250000000004 33370.000000000007 14759.000000000002 28924.500000000004 25629.500000000004 40690770.000000007 29739.500000000004 37106.250000000007 39970.833984375007 45317.000000000007 39857.500000000007 47038.250000000007 43150.832031250007 47709.500000000007 47930.625000000007 49250.500000000007 50543.000000000007 114.50000000000001 43089.500000000007 51865.000000000007 47420.750000000007 51810.500000000007 11709704.000000002 54908.375000000007 35518.000000000007 46050.416015625007 62780.000000000007 45422.750000000007 47956.083984375007 41235.625000000007
decision_type=2 2 2 2 2 2 2 2 2 2 2 2 2 2 2 2 2 2 2 2 2 2 2 2 2 2 2 2 2 2
left_child=-1 -2 -3 5 -5 -4 -6 -8 17 10 -10 12 -11 -13 -15 -16 -17 -9 -12 20 -18 22 -21 -24 25 -23 -27 29 -29 -26
right_child=1 2 3 4 6 -7 7 8 9 11 18 13 -14 14 15 16 19 -19 -20 21 -22 24 23 -25 27 26 -28 28 -30 -31
leaf_value=-0.00060269664374775151 0.00070235843969347937 0.0011413708844470833 -0.0017562790540978314 0.0012219890710324624 -0.00061837158044165171 1.5900989819783717e-05 0.00073151495577163865 0.00022228693427598997 0.0011707733869307528 0.00034566347021609546 -0.0011280129845861507 0.0010733139073557181 -0.0020783921719218293 -0.0019152770319487901 0.0012908457296858119 -0.0019974541245028378 -0.00068385995749849823 -0.0015289010045703238 0.00078299925884320635 -0.00226140641341252 0.0021902051172219216 0.00075808160609620466 0.0018623069999739528 -0.0011497387235673766 -0.00044501541492839659 -0.0035378945420961832 -0.0003939778297482168 -0.0019035688277495946 1.8882958094529711e-05 0.0017987551119671586
leaf_weight=36 73 22 24 26 88 20 54 23 76 28 23 46 30 20 44 20 20 46 21 35 24 34 20 24 30 20 34 23 3482 34
leaf_count=36 73 22 24 26 88 20 54 23 76 28 23 46 30 20 44 20 20 46 21 35 24 34 20 24 30 20 34 23 3482 34
internal_value=-3.0567e-12 4.86045e-06 -6.73539e-06 -1.25167e-05 -2.9717e-06 -0.000950743 -1.03802e-05 2.32543e-06 -7.14684e-06 8.68577e-06 0.000662312 -1.10812e-05 -0.000908158 2.22587e-06 -1.05252e-05 -6.14915e-07 -1.55687e-05 -0.000945172 -0.000215939 -5.0825e-06 0.000883812 -1.55513e-05 -0.000879707 0.000219373 3.11655e-06 -0.00066339 -0.00155839 1.95505e-05 6.26773e-06 0.000746988
internal_weight=4500 4464 4391 4369 4325 44 4299 4211 4157 4088 120 3968 58 3910 3864 3844 3800 69 44 3780 44 3736 79 44 3657 88 54 3569 3505 64
internal_count=4500 4464 4391 4369 4325 44 4299 4211 4157 4088 120 3968 58 3910 3864 3844 3800 69 44 3780 44 3736 79 44 3657 88 54 3569 3505 64
is_linear=0
shrinkage=0.1


Tree=67
num_leaves=31
num_cat=0
split_feature=7 4 7 8 9 6 3 10 3 5 10 10 10 10 4 4 5 9 6 5 6 9 1 3 7 6 4 9 3 10
split_gain=0.00133767 0.0013256 0.00283307 0.00239105 0.00201629 0.00694113 0.00193682 0.00272078 0.00301536 0.00341091 0.00263161 0.00539724 0.00360461 0.00164154 0.00677454 0.0105535 0.00560673 0.0030356 0.00665066 0.00523966 0.00312505 0.00625231 0.00915881 0.0153767 0.0129317 0.00515758 0.00706471 0.00641903 0.00478783 0.00425737
threshold=1133249.8125000002 95736.500000000015 48721032.000000007 97136.750000000015 106226.00000000001 101194.00000000001 116759.50000000001 109338.25000000001 109762.00000000001 108413.00000000001 101937.00000000001 100740.37500000001 104260.62500000001 97237.625000000015 76171.500000000015 69918.000000000015 101690.50000000001 89019.750000000015 86855.250000000015 96417.000000000015 82927.164062500015 83090.500000000015 133.50000000000003 88976.000000000015 78648400.000000015 81074.082031250015 73592.000000000015 82582.250000000015 89303.500000000015 89009.500000000015
decision_type=2 2 2 2 2 2 2 2 2 2 2 2 2 2 2 2 2 2 2 2 2 2 2 2 2 2 2 2 2 2
left_child=-1 3 -3 4 5 6 7 8 9 10 11 13 -12 16 15 -15 17 18 20 -19 25 -22 24 -24 29 27 28 -2 -27 -23
right_child=1 2 -4 -5 -6 -7 -8 -9 -10 -11 12 -13 -14 14 -16 -17 -18 19 -20 -21 21 22 23 -25 -26 26 -28 -29 -30 -31
leaf_value=0.00060712703707395128 -1.3651373366163286e-05 0.0014290230348706246 -0.00010749690389881531 -0.0008112040602124605 -0.00088193246942514989 0.0017730696126818657 -0.00074856689201884116 0.0010830699396572763 -0.00099015748879361536 0.0011200770076053837 -0.0012601381676320576 0.0013616281473238408 0.00030527091197048628 2.8813099011014672e-05 0.00071405855431554046 -0.0025721629969596579 0.0016322635502244037 -0.00049074999141422184 -0.001350860348021662 0.0014786939085128584 0.0017349966118733089 -0.0024364999856334182 0.0032951491791754963 -0.00023947973568283487 0.0014933715667575598 0.00098307763797823682 -0.0021957768136635423 0.0016622083387514781 -0.0008169922659484049 -0.00055129980762063974
leaf_weight=36 3642 20 30 37 26 22 35 23 31 27 38 29 24 39 35 26 21 22 37 35 30 25 20 32 20 22 25 23 45 23
leaf_count=36 3642 20 30 37 26 22 35 23 31 27 38 29 24 39 35 26 21 22 37 35 30 25 20 32 20 22 25 23 45 23
internal_value=-1.25288e-13 -4.89619e-06 0.000507111 -1.0696e-05 -3.92908e-06 1.31755e-06 -7.6865e-06 -1.64765e-06 -7.48903e-06 -3.04422e-07 -7.48465e-06 2.1744e-06 -0.000654173 -7.38993e-06 -0.000407605 -0.00101158 2.56071e-06 -5.99309e-06 -1.64645e-05 0.000718558 -3.82757e-06 0.000443764 0.000120956 0.00111999 -0.000643014 -2.16979e-05 -0.00076121 -3.13438e-06 -0.000225925 -0.00153317
internal_weight=4500 4464 50 4414 4377 4351 4329 4294 4271 4240 4213 4151 62 4122 100 65 4022 4001 3944 57 3907 150 120 52 68 3757 92 3665 67 48
internal_count=4500 4464 50 4414 4377 4351 4329 4294 4271 4240 4213 4151 62 4122 100 65 4022 4001 3944 57 3907 150 120 52 68 3757 92 3665 67 48
is_linear=0
shrinkage=0.1


Tree=68
num_leaves=31
num_cat=0
split_feature=4 8 8 4 3 7 6 5 7 8 8 3 8 4 4 8 4 8 4 4 8 4 4 8 7 8 9 8 6 6
split_gain=0.00132314 0.00166639 0.00836273 0.00442759 0.00425054 0.00624222 0.00703317 0.00486111 0.00496737 0.00274208 0.0106367 0.0103281 0.00279792 0.0174545 0.0140648 0.00442877 0.00690756 0.00587566 0.0037831 0.00243298 0.007738 0.00468635 0.00356185 0.00470243 0.00631309 0.00494191 0.00460019 0.0138506 0.011859 0.0119204
threshold=100017.50000000001 88553.125000000015 86979.375000000015 82130.000000000015 98178.000000000015 141901184.00000003 104381.08203125001 112249.00000000001 32725960.000000004 82881.250000000015 83745.750000000015 93442.500000000015 81262.375000000015 77790.500000000015 75765.500000000015 78686.250000000015 69114.500000000015 80323.375000000015 73592.000000000015 74269.000000000015 77214.750000000015 73004.000000000015 72370.000000000015 76904.375000000015 116678448.00000001 75879.000000000015 79206.250000000015 71950.250000000015 77827.750000000015 75978.667968750015
decision_type=2 2 2 2 2 2 2 2 2 2 2 2 2 2 2 2 2 2 2 2 2 2 2 2 2 2 2 2 2 2
left_child=1 2 3 9 -3 7 -7 8 -6 12 -11 -12 13 15 -14 19 -17 18 -18 21 -21 22 23 25 -25 26 27 -1 29 -29
right_child=-2 4 -4 -5 5 6 -8 -9 -10 10 11 -13 14 -15 -16 16 17 -19 -20 20 -22 -23 -24 24 -26 -27 -28 28 -30 -31
leaf_value=-1.0973989794070251e-05 -0.00063088174881131365 0.0013303412521384996 -0.0015696259827510566 0.0011092448387191526 -0.0012002046286943369 0.0024118087859824298 -9.136871667578817e-06 -0.0015000838610737038 0.00073818844856503307 -0.0021356307540153123 0.0018250596379706014 -0.00072461384375817448 -0.00094938861019909385 -0.0029480780474841596 0.0023725756006360127 0.0019581766008270967 -0.00016671136406290791 -0.00087629301917993216 0.0015146701011190091 -0.0021596467432876427 0.00036087738077059903 0.0010548840809081281 -0.0012759450399740177 -0.0022294388819401236 9.3235949054360393e-05 0.0013360757921223663 -0.00049064685100650731 0.0013470386316297217 0.0025532123267751287 -0.00095796524798749281
leaf_weight=3438 33 33 34 36 20 20 30 29 39 29 24 47 25 20 26 29 23 33 32 21 29 42 22 22 25 28 180 57 37 37
leaf_count=3438 33 33 34 36 20 20 30 29 39 29 24 47 25 20 26 29 23 33 32 21 29 42 22 22 25 28 180 57 37 37
internal_value=6.76058e-13 4.66064e-06 -7.52492e-06 4.9367e-06 0.000310796 6.6992e-05 0.000959241 -0.000439968 8.1106e-05 -4.47056e-06 -0.000521887 0.000137248 8.06983e-06 -1.14261e-06 0.000744162 1.33922e-05 0.000619697 0.000178607 0.000811547 -4.62141e-06 -0.000697743 4.29219e-06 -7.18073e-06 1.18645e-07 -0.000993974 1.24889e-05 2.60345e-06 2.74802e-05 0.00103668 0.00043975
internal_weight=4500 4467 4296 4262 171 138 50 88 59 4226 100 71 4126 4075 51 4055 117 88 55 3938 50 3888 3846 3824 47 3777 3749 3569 131 94
internal_count=4500 4467 4296 4262 171 138 50 88 59 4226 100 71 4126 4075 51 4055 117 88 55 3938 50 3888 3846 3824 47 3777 3749 3569 131 94
is_linear=0
shrinkage=0.1


Tree=69
num_leaves=31
num_cat=0
split_feature=4 4 1 7 7 10 9 5 7 1 8 9 8 3 3 6 10 4 8 8 4 4 6 9 8 8 8 9 7 9
split_gain=0.00135843 0.00264651 0.00258018 0.00182054 0.00187253 0.00508611 0.00809329 0.0119586 0.0032397 0.00247182 0.00550891 0.0039371 0.0160221 0.0158292 0.0156853 0.0112225 0.00837969 0.00627029 0.0147497 0.00979224 0.00708624 0.00646722 0.00871294 0.0100476 0.0100577 0.00492376 0.00950556 0.00484261 0.00622018 0.00445187
threshold=95736.500000000015 90916.000000000015 126.50000000000001 1133249.8125000002 2508322.7500000005 42637.125000000007 49690.750000000007 57148.000000000007 2966941.1250000005 115.50000000000001 88553.125000000015 74048.750000000015 66709.875000000015 79061.000000000015 82998.000000000015 78860.000000000015 76538.875000000015 61917.500000000007 64045.750000000007 62276.375000000007 55507.000000000007 49067.000000000007 56768.500000000007 58616.000000000007 57842.000000000007 47801.375000000007 52317.000000000007 52066.750000000007 47512762.000000007 50972.250000000007
decision_type=2 2 2 2 2 2 2 2 2 2 2 2 2 2 2 2 2 2 2 2 2 2 2 2 2 2 2 2 2 2
left_child=1 3 -2 -1 5 -5 -7 -8 -6 10 11 12 17 -13 -15 -16 -14 18 19 20 21 25 -23 -24 -25 29 27 -27 -29 -10
right_child=2 -3 -4 4 8 6 7 -9 9 -11 -12 13 16 14 15 -17 -18 -19 -20 -21 -22 22 23 24 -26 26 -28 28 -30 -31
leaf_value=0.00071929620129854556 -0.00017184325529692265 -0.00088470864335677638 0.0012660211320811264 0.00070469052558925398 0.00096359909079702852 -0.0023709056006434065 0.0017673624609597029 -0.0013497469408321194 0.00013441780380668472 -4.2668790325610259e-05 0.0017435749285920924 -0.0027035828912630681 0.003452081245433709 0.0024068716523155827 -0.0023795608067935657 4.9342352457725538e-05 0.00062386651115957652 -0.0015680824787440628 0.0028221529410802759 -0.0019616050921562734 0.0013480419256827899 -0.0024840126113433924 0.0011554347495830648 -0.0023140201798704423 0.00048617759881460155 0.00021298486223643592 -0.0005421413559442721 0.0032828453835099937 0.0011040882076486015 -0.0010420355780903872
leaf_weight=35 26 34 24 29 35 24 20 32 302 3320 21 24 22 24 23 110 20 22 20 23 45 21 33 29 23 26 39 20 38 36
leaf_count=35 26 34 24 29 35 24 20 32 302 3320 21 24 22 24 23 110 20 22 20 23 45 21 33 29 23 26 39 20 38 36
internal_value=8.57239e-13 -5.82395e-06 0.000518332 9.42825e-07 -4.79613e-06 -0.000422003 -0.000851926 -0.000150859 5.44867e-06 -2.45873e-06 0.00014249 0.000105131 0.000210071 -0.000311731 5.39024e-05 -0.000370694 0.00210531 9.24934e-05 0.000148268 6.40517e-05 0.000140179 4.43172e-05 -0.000659995 -0.000209355 -0.00107547 0.000206263 0.000748019 0.00134702 0.00185538 9.11508e-06
internal_weight=4500 4450 50 4416 4381 105 76 52 4276 4241 921 900 719 181 157 133 42 677 655 635 612 567 106 85 52 461 123 84 58 338
internal_count=4500 4450 50 4416 4381 105 76 52 4276 4241 921 900 719 181 157 133 42 677 655 635 612 567 106 85 52 461 123 84 58 338
is_linear=0
shrinkage=0.1


Tree=70
num_leaves=31
num_cat=0
split_feature=7 3 7 1 4 4 8 3 7 4 4 5 9 5 1 10 3 7 6 3 4 1 5 5 10 10 8 6 3 3
split_gain=0.00127125 0.00340281 0.00292084 0.00138314 0.00424894 0.0262573 0.0148675 0.0141624 0.00975556 0.0112313 0.00714076 0.0104927 0.0156629 0.0140322 0.0163755 0.0112113 0.0181483 0.00773313 0.00571784 0.0203905 0.00570091 0.00530174 0.0115129 0.00524876 0.00998731 0.00980987 0.00648075 0.00957165 0.0151288 0.0127333
threshold=1371899.0000000002 47003.000000000007 1829220.6875000002 131.50000000000003 66379.000000000015 68357.500000000015 69832.375000000015 81422.000000000015 158041216.00000003 63657.000000000007 69315.500000000015 89737.000000000015 87295.750000000015 104786.50000000001 137.50000000000003 83848.000000000015 81422.000000000015 210172080.00000003 87185.582031250015 94147.500000000015 75535.500000000015 142.50000000000003 83009.500000000015 85244.000000000015 83202.500000000015 80871.875000000015 67177.625000000015 67127.082031250015 74437.000000000015 70005.500000000015
decision_type=2 2 2 2 2 2 2 2 2 2 2 2 2 2 2 2 2 2 2 2 2 2 2 2 2 2 2 2 2 2
left_child=1 -1 -2 -4 6 21 23 -8 9 -9 -7 15 18 14 -14 16 -12 -15 19 -13 -17 22 -6 25 -25 26 27 -5 29 -29
right_child=2 -3 3 4 5 10 7 8 -10 -11 11 12 13 17 -16 20 -18 -19 -20 -21 -22 -23 -24 24 -26 -27 -28 28 -30 -31
leaf_value=0.00043931456887588396 0.00090294959178815288 -0.0011660411413158141 4.5854899712969706e-05 -2.3690698893373572e-05 0.0043075358739034049 -0.0018454787766803869 -0.00333151460238766 0.0021227796887978915 -0.0018219666946808705 -0.0012285342032555492 0.0016695053695002572 -0.00053166926435723502 0.0034725019433112306 -0.0012477961804534339 0.00024437676945870577 0.0032543911881345723 -0.0016983897832687945 0.00071135744099216219 -5.5762925185263157e-05 -0.0042742638693501556 0.00089532910249545238 0.0008361158011082029 0.0011314523802138867 0.0023278404781594871 0.00012080554509323026 -0.0021334667399059981 0.00114383889055561 -0.00082085685736155546 -0.00019185610056055062 -0.0042266833462885449
leaf_weight=23 36 31 2573 940 21 23 26 20 36 20 32 37 22 66 55 21 32 29 20 24 20 28 25 25 114 24 41 23 92 21
leaf_count=23 36 31 2573 940 21 23 26 20 36 20 32 37 22 66 55 21 32 29 20 24 20 28 25 25 114 24 41 23 92 21
internal_value=2.14307e-12 -0.000482279 5.85764e-06 -1.46556e-06 -6.77451e-05 0.000197309 -0.00015501 -0.00131691 -0.000627709 0.000447123 -0.000137481 -2.77494e-05 -0.000376517 0.000163434 0.0011667 0.000812614 -1.44422e-05 -0.000649739 -0.00152308 -0.00200417 0.00210363 0.00192102 0.0025814 -6.24203e-05 0.000517754 -0.000133099 -9.01188e-05 -0.000137138 -0.000921256 -0.00244636
internal_weight=4500 54 4446 4410 1837 455 1382 102 76 40 381 358 253 172 77 105 64 95 81 61 41 74 46 1280 139 1141 1117 1076 136 44
internal_count=4500 54 4446 4410 1837 455 1382 102 76 40 381 358 253 172 77 105 64 95 81 61 41 74 46 1280 139 1141 1117 1076 136 44
is_linear=0
shrinkage=0.1


Tree=71
num_leaves=31
num_cat=0
split_feature=1 1 4 6 8 1 7 6 9 4 7 7 1 1 3 6 7 7 3 7 1 6 7 7 1 7 8 9 7 9
split_gain=0.00134019 0.00792534 0.00495626 0.0048373 0.0111964 0.00455718 0.00569307 0.00370812 0.00615386 0.00319723 0.0028138 0.00755576 0.00466022 0.00581687 0.00448047 0.0044427 0.00275948 0.00363429 0.00383077 0.00232402 0.00944444 0.00907788 0.00265154 0.00297294 0.00638667 0.00306582 0.0080886 0.00729957 0.00251345 0.0109132
threshold=96.500000000000014 92.500000000000014 27679.000000000004 67010.164062500015 43195.875000000007 98.500000000000014 41200182.000000007 43838.416015625007 52563.500000000007 53120.500000000007 1371899.0000000002 2794787.3750000005 140.50000000000003 131.50000000000003 49849.000000000007 51763.833984375007 3262389.6250000005 3759388.3750000005 54102.000000000007 4926581.7500000009 132.50000000000003 49329.833984375007 5433551.7500000009 6083946.0000000009 132.50000000000003 6948155.7500000009 51065.375000000007 63513.250000000007 11709704.000000002 47014.750000000007
decision_type=2 2 2 2 2 2 2 2 2 2 2 2 2 2 2 2 2 2 2 2 2 2 2 2 2 2 2 2 2 2
left_child=1 2 -1 4 -3 6 -2 -4 -9 -10 14 12 13 15 -7 -12 -13 18 -18 20 21 -19 -21 24 -24 26 -25 -28 29 -27
right_child=5 3 7 -5 -6 10 -8 8 9 -11 11 16 -14 -15 -16 -17 17 19 -20 22 -22 -23 23 25 -26 28 27 -29 -30 -31
leaf_value=-0.00097410869659922492 0.0019842652469658508 -0.0021726963376360281 0.0016453105551393135 -0.0023177877463319381 0.0010554447735723277 -0.0018097253630085933 -0.00017556945569357715 -0.0013109008591709428 0.0016384558752179147 0.00011187169618685457 0.00031244107843216126 -0.00092165890135661218 0.0021749665029346943 -0.000886038737371564 0.00014699729532003403 0.0022497895173728467 7.4756564572453499e-05 0.00018345777624441932 0.0017901211045682432 0.00087709801754339001 0.00096511371253478907 -0.0021177221625111996 0.00018813815705167751 -0.0009112602586603979 -0.0020550562894310464 0.00075370616690775794 0.0028563415212556724 0.00031521691439243465 1.2979389223813614e-05 -0.00061520582330939219
leaf_weight=28 26 21 23 23 22 22 23 20 23 34 29 33 22 21 25 20 30 30 23 34 31 40 30 22 22 77 20 26 3461 239
leaf_count=28 26 21 23 23 22 22 23 20 23 34 29 33 22 21 25 20 30 30 23 34 31 40 30 22 22 77 20 26 3461 239
internal_value=-8.2477e-13 -0.000257107 0.000201853 -0.00114721 -0.000521089 1.15835e-05 0.000970465 0.000531122 0.000198313 0.000727862 5.46382e-07 9.13657e-06 0.000905424 0.000506425 -0.000768915 0.0011032 -1.08873e-05 -3.52982e-06 0.00081916 -1.43439e-05 -0.000487986 -0.0011315 -2.17455e-06 -9.84591e-06 -0.000760906 3.11468e-07 0.000665805 0.00142005 -1.16699e-05 -0.000281642
internal_weight=4500 194 128 66 43 4306 49 100 77 57 4257 4210 92 70 47 49 4118 4085 53 4032 101 70 3931 3897 52 3845 68 46 3777 316
internal_count=4500 194 128 66 43 4306 49 100 77 57 4257 4210 92 70 47 49 4118 4085 53 4032 101 70 3931 3897 52 3845 68 46 3777 316
is_linear=0
shrinkage=0.1


Tree=72
num_leaves=31
num_cat=0
split_feature=8 4 10 3 9 4 5 4 1 4 4 9 9 4 10 5 5 3 1 3 10 7 4 1 5 5 3 3 7 7
split_gain=0.00133045 0.0106097 0.00759981 0.00656324 0.00600442 0.00976397 0.00930708 0.00536733 0.00505241 0.004346 0.00498333 0.00677592 0.00418158 0.00416834 0.00405726 0.00771314 0.00813329 0.00565004 0.00729603 0.00398344 0.00361506 0.00834219 0.00494024 0.0147449 0.00436994 0.00316812 0.00723931 0.011778 0.0143065 0.00882002
threshold=45352.875000000007 42472.000000000007 48704.500000000007 47003.000000000007 50416.250000000007 41454.500000000007 62377.000000000007 40558.500000000007 126.50000000000001 39654.000000000007 38892.500000000007 46723.250000000007 47566.250000000007 30758.500000000004 50193.000000000007 53928.500000000007 54797.500000000007 52020.500000000007 136.50000000000003 54811.000000000007 54908.375000000007 16547563.000000002 39455.000000000007 127.50000000000001 55674.500000000007 58646.500000000007 55288.500000000007 56242.500000000007 15089842.000000002 6702991.5000000009
decision_type=2 2 2 2 2 2 2 2 2 2 2 2 2 2 2 2 2 2 2 2 2 2 2 2 2 2 2 2 2 2
left_child=1 4 -2 -3 5 7 -6 9 -8 10 11 -1 -13 -4 -15 17 -17 18 -16 -9 21 24 23 -22 -18 26 -24 -28 29 -29
right_child=2 3 13 -5 6 -7 8 19 -10 -11 -12 12 -14 14 15 16 20 -19 -20 -21 22 -23 25 -25 -26 -27 27 28 -30 -31
leaf_value=-4.6553256699970931e-05 0.0018807545050301335 -0.00015267187596431801 0.0014210613765975549 -0.0024576874496415259 -0.0021724168022046798 0.0017157326123731977 0.0010151848457753659 -0.002043648110702634 -0.0010161044113980702 0.0010476674566545139 -0.0012950775727372747 0.0021578964640629359 0.00030684828794059848 -0.001261408869177103 -0.00064270228654744906 -0.0017333716378305801 -0.0012812632112763822 0.0022532202340662479 0.0018580449139699341 -9.3679378187516712e-05 0.00067323617484613227 0.0019521567314739281 -0.0020864350478286327 -0.0025156373216304929 0.00072018032175644002 2.9551555428638862e-05 0.0017634198851883413 -0.00050907712633488703 0.00071992546953778306 -0.0034433607045294985
leaf_weight=610 22 21 21 30 32 34 25 22 24 41 29 23 26 25 28 27 20 25 20 20 29 31 23 29 24 3137 25 20 36 21
leaf_count=610 22 21 21 30 32 34 25 22 24 41 29 23 26 25 28 27 20 25 20 20 29 31 23 29 24 3137 25 20 36 21
internal_value=-1.70975e-12 -0.000106031 2.7884e-05 -0.00150856 -2.52978e-05 5.728e-05 -0.000845978 -1.58554e-05 2.02677e-05 4.7475e-05 -1.21295e-05 4.43281e-05 0.00117571 1.63722e-05 7.99196e-06 1.70721e-05 -4.62561e-06 0.00103419 0.000399276 -0.00111509 9.12289e-06 0.000695679 -6.38666e-06 -0.000921201 -0.000189567 9.87919e-06 -0.000483818 -0.000122444 -0.000734738 -0.002012
internal_weight=4500 937 3563 51 886 805 81 771 49 729 688 659 49 3541 3520 3495 3422 73 48 42 3395 75 3320 58 44 3262 125 102 77 41
internal_count=4500 937 3563 51 886 805 81 771 49 729 688 659 49 3541 3520 3495 3422 73 48 42 3395 75 3320 58 44 3262 125 102 77 41
is_linear=0
shrinkage=0.1


Tree=73
num_leaves=31
num_cat=0
split_feature=4 1 4 1 3 7 7 3 1 3 7 4 3 7 9 1 7 1 9 1 4 7 9 6 8 3 7 4 9 7
split_gain=0.00125386 0.00225533 0.00217902 0.00465139 0.00212369 0.00196059 0.00279852 0.00704329 0.00522613 0.00643729 0.00250118 0.00189807 0.0081039 0.00838726 0.0063604 0.00187932 0.00608219 0.00423776 0.00711164 0.00547136 0.00214424 0.0111507 0.00848195 0.0237222 0.0111353 0.0107599 0.0111242 0.0111081 0.00773548 0.00765316
threshold=95736.500000000015 126.50000000000001 86455.000000000015 125.50000000000001 112128.00000000001 1133249.8125000002 2508322.7500000005 63467.000000000007 131.50000000000003 38839.000000000007 2966941.1250000005 80671.500000000015 89645.500000000015 55898732.000000007 95539.500000000015 151.50000000000003 26318653.000000004 148.50000000000003 76452.000000000015 149.50000000000003 69918.000000000015 6083946.0000000009 78494.500000000015 81074.082031250015 76181.875000000015 86655.500000000015 47512762.000000007 70866.500000000015 77518.250000000015 19374091.000000004
decision_type=2 2 2 2 2 2 2 2 2 2 2 2 2 2 2 2 2 2 2 2 2 2 2 2 2 2 2 2 2 2
left_child=2 -2 5 -4 -5 -1 7 8 9 -7 -8 15 -13 -14 -15 17 -17 20 19 -19 -12 -22 28 24 -24 -25 -27 -28 29 -23
right_child=1 -3 3 4 -6 6 10 -9 -10 -11 11 12 13 14 -16 16 -18 18 -20 -21 21 22 23 25 -26 26 27 -29 -30 -31
leaf_value=0.00074960662950096383 -0.00014728474108358992 0.0011970195977482946 -0.001508671243985494 0.00056609536040923563 -0.00069366606741981659 0.00078708054497838025 0.00085260163460459037 -0.002150390377002103 0.0010423995588940604 -0.0014505028207268981 1.0885919612425218e-05 0.0021803435426028003 -0.0012489392018109999 0.0017837503808550538 -0.00026096686779055747 -0.0019445161634523954 9.5926052017603078e-05 0.0022360728039140152 -0.00076518827980315242 0.00048374325483657271 -0.0023194546036393151 0.00065231891814619301 0.00045125508215278389 -0.0019485358803649434 0.0035898042502454843 0.0011758830722757296 -0.002543131239889633 -0.00011061741755078257 -0.0027380966406144579 -0.0016464466619904021
leaf_weight=35 26 24 30 32 23 20 35 21 27 36 3463 21 34 29 32 21 48 28 27 49 24 30 20 32 26 61 21 177 20 28
leaf_count=35 26 24 30 32 23 20 35 21 27 36 3463 21 34 29 32 21 48 28 27 49 24 30 20 32 26 61 21 177 20 28
internal_value=-2.53446e-12 0.000497981 -5.5953e-06 -0.000507052 3.9286e-05 4.16961e-06 -1.85587e-06 -0.000514326 -0.000100382 -0.000651366 1.07558e-05 3.72535e-06 0.000402596 9.61988e-06 0.000711112 -7.629e-06 -0.000525078 1.28363e-06 0.000631282 0.00112095 -1.55077e-05 -0.000223711 -0.000102511 0.000114987 0.00222522 -0.000218589 -4.85008e-06 -0.000368611 -0.00104222 -0.00045743
internal_weight=4500 50 4450 85 55 4365 4330 104 83 56 4226 4191 116 95 61 4075 69 4006 104 77 3902 439 415 337 46 291 259 198 78 58
internal_count=4500 50 4450 85 55 4365 4330 104 83 56 4226 4191 116 95 61 4075 69 4006 104 77 3902 439 415 337 46 291 259 198 78 58
is_linear=0
shrinkage=0.1


Tree=74
num_leaves=31
num_cat=0
split_feature=4 8 8 1 7 5 3 10 4 8 8 3 8 4 4 8 4 8 5 6 9 9 9 6 10 6 5 4 4 3
split_gain=0.0012668 0.00161327 0.00697431 0.0040849 0.00718429 0.0105515 0.00925158 0.0108855 0.00299502 0.00243395 0.00815706 0.00802728 0.00244407 0.0131804 0.0105505 0.00373719 0.00700526 0.00533777 0.00245806 0.00220245 0.00523249 0.00903158 0.00765939 0.0053363 0.00441977 0.00229599 0.00660421 0.0170229 0.011797 0.00967875
threshold=100017.50000000001 88553.125000000015 86979.375000000015 111.50000000000001 17099640.000000004 109318.50000000001 112128.00000000001 114727.37500000001 82130.000000000015 82881.250000000015 83745.750000000015 92768.000000000015 81262.375000000015 77790.500000000015 75765.500000000015 79024.375000000015 69114.500000000015 80323.375000000015 95960.000000000015 89068.750000000015 83673.000000000015 82019.000000000015 85657.250000000015 85813.750000000015 87702.125000000015 79812.582031250015 90651.000000000015 69590.000000000015 64844.500000000007 98178.000000000015
decision_type=2 2 2 2 2 2 2 2 2 2 2 2 2 2 2 2 2 2 2 2 2 2 2 2 2 2 2 2 2 2
left_child=1 2 8 -3 -5 -6 -7 -8 9 12 -11 -12 13 15 -14 19 -17 18 -18 20 21 25 -22 -24 -23 -1 -27 28 -28 -29
right_child=-2 3 -4 4 5 6 7 -9 -10 10 11 -13 14 -15 -16 16 17 -19 -20 -21 22 24 23 -25 -26 26 27 29 -30 -31
leaf_value=-1.3761520623345795e-05 -0.00061730285259810368 -0.001000480616598257 -0.0014339748384800796 0.0021148912679485004 -0.0011025646069486225 0.0026561502589001543 -0.0015647156714377079 0.0011811380429814259 0.00091220366674759951 -0.0019044431002714253 0.0017838998651131988 -0.00057991435523053591 -0.00077079264074563988 -0.0025614086072891953 0.0021063793903102544 0.0020654707597568631 0.0001509390731701966 -0.000819174601047328 0.0016827127907890827 -0.00081675169322724384 0.0017244785904970972 -0.00026562468614429237 -0.0010198874922934919 0.00099017298826947829 -0.002226960865125336 0.0018000023974174704 -4.6904900145304022e-05 -0.0001473829362784391 0.0023396346135996283 -0.0031552937161177397
leaf_weight=3622 33 21 34 23 42 21 22 42 36 29 20 51 25 20 26 25 22 33 20 33 43 20 28 25 27 27 53 23 34 20
leaf_count=3622 33 21 34 23 42 21 22 42 36 29 20 51 25 20 26 25 22 33 20 33 43 20 28 25 27 27 53 23 34 20
internal_value=-1.759e-12 4.56033e-06 -7.42945e-06 0.000305777 0.000488653 0.000194138 0.000834861 0.000237251 3.95078e-06 -3.78635e-06 -0.000491265 8.59488e-05 8.02845e-06 -5.81758e-07 0.000696001 1.20487e-05 0.000615789 0.000132562 0.000880355 -3.21654e-06 3.62861e-06 -1.46677e-05 0.000732813 -7.17458e-05 -0.00139235 2.46673e-06 0.000376854 8.12764e-05 0.000885766 -0.00154641
internal_weight=4500 4467 4296 171 150 127 85 64 4262 4226 100 71 4126 4075 51 4055 100 75 42 3955 3922 3826 96 53 47 3779 157 130 87 43
internal_count=4500 4467 4296 171 150 127 85 64 4262 4226 100 71 4126 4075 51 4055 100 75 42 3955 3922 3826 96 53 47 3779 157 130 87 43
is_linear=0
shrinkage=0.1


Tree=75
num_leaves=31
num_cat=0
split_feature=9 1 1 4 8 1 6 1 3 1 6 1 7 9 7 7 3 1 1 7 7 6 7 8 7 9 3 7 7 6
split_gain=0.00122458 0.00312374 0.00376392 0.00265958 0.00289059 0.00217807 0.00259432 0.00214077 0.0109076 0.00536136 0.00536812 0.00396121 0.00551159 0.00276286 0.0025615 0.00744157 0.00435686 0.0031332 0.00638225 0.00250826 0.00320591 0.0102077 0.00362519 0.00212547 0.00708258 0.007184 0.00604177 0.0050447 0.00486405 0.0046967
threshold=24651.250000000004 77.500000000000014 83.500000000000014 23130.000000000004 27958.375000000004 129.50000000000003 30512.166992187504 92.500000000000014 71636.000000000015 96.500000000000014 67010.164062500015 98.500000000000014 41200182.000000007 51508.750000000007 1371899.0000000002 2794787.3750000005 49849.000000000007 140.50000000000003 127.50000000000001 3262389.6250000005 3949482.5000000005 55871.916015625007 4315418.2500000009 36364.500000000007 8059303.7500000009 40393.750000000007 39997.000000000007 4650546.7500000009 15447408.500000002 40683.667968750007
decision_type=2 2 2 2 2 2 2 2 2 2 2 2 2 2 2 2 2 2 2 2 2 2 2 2 2 2 2 2 2 2
left_child=-1 -2 -3 5 -5 6 -4 8 13 10 -9 12 -11 -6 16 17 -13 18 -16 -17 21 -21 -22 24 -24 28 -25 -28 -26 -29
right_child=1 2 3 4 7 -7 -8 9 -10 11 -12 14 -14 -15 15 19 -18 -19 -20 20 22 -23 23 26 25 -27 27 29 -30 -31
leaf_value=-0.00058089544860801358 0.0012516300706192853 -0.001369681857759133 0.0017670896795132886 -0.00098284863866865651 0.00043394760097093562 -0.00016271947824861855 0.00028084200845531393 -0.00023273941545854683 0.0024468099875819115 0.0020244643314863029 -0.0021863251626200509 -0.0018537227540218739 -0.00016475723646378713 -0.0011525223033025951 0.0014255845582259721 -0.00089664122088066738 0.00012647172436118127 0.0019838702643201465 -0.00056411735464020495 -0.00058879320523842716 -0.001079575134258448 0.0018626794165798597 -0.0017214531724851941 0.0017388773709535602 0.0015682809743220391 -0.0015724068364271753 0.0014117940887808801 -0.0013037489735454853 -4.3051739890816493e-05 -3.6250082257701174e-06
leaf_weight=36 20 20 23 30 23 24 24 39 21 23 22 20 23 21 38 32 25 21 28 33 32 35 31 20 23 26 25 28 101 3633
leaf_count=36 20 20 23 30 23 24 24 39 21 23 22 20 23 21 38 32 25 21 28 33 32 35 31 20 23 26 25 28 101 3633
internal_value=-3.04788e-12 4.68464e-06 -9.27178e-07 5.26068e-06 -4.64157e-06 0.000612366 0.00100815 2.14682e-06 0.000571705 -6.5477e-06 -0.000937311 6.98019e-06 0.000929854 -0.000323231 -3.24678e-06 4.97693e-06 -0.000753615 0.000919979 0.000581469 -1.48303e-05 -7.7528e-06 0.000672994 -1.95647e-05 -1.08381e-05 -0.000345444 -6.10689e-05 5.50399e-06 -3.90119e-06 0.000255824 -1.35686e-05
internal_weight=4500 4464 4444 4424 4353 71 47 4323 65 4258 61 4197 46 44 4151 4106 45 87 66 4019 3987 68 3919 3887 181 150 3706 3686 124 3661
internal_count=4500 4464 4444 4424 4353 71 47 4323 65 4258 61 4197 46 44 4151 4106 45 87 66 4019 3987 68 3919 3887 181 150 3706 3686 124 3661
is_linear=0
shrinkage=0.1


Tree=76
num_leaves=31
num_cat=0
split_feature=7 5 8 7 3 6 10 1 9 9 7 9 6 8 10 10 3 5 7 9 5 5 5 10 7 10 7 1 1 4
split_gain=0.00118664 0.00131632 0.0221883 0.00877509 0.0128207 0.00749787 0.00864154 0.0103796 0.00905728 0.0121297 0.00863845 0.00608885 0.00731722 0.00648007 0.00646949 0.0148868 0.0224244 0.00833805 0.00817432 0.00690486 0.0060028 0.00729069 0.0164142 0.0159457 0.0139636 0.01238 0.0174019 0.0115038 0.00792473 0.00828477
threshold=1133249.8125000002 82291.000000000015 75620.375000000015 9472633.5000000019 86655.500000000015 75108.582031250015 78849.875000000015 132.50000000000003 73880.250000000015 73356.000000000015 25159347.000000004 63360.000000000007 68265.750000000015 54078.625000000007 82524.875000000015 81540.750000000015 82998.000000000015 83301.500000000015 13378472.500000002 71120.750000000015 81065.000000000015 77074.000000000015 76621.500000000015 74426.500000000015 21813958.000000004 76027.000000000015 43456230.000000007 129.50000000000003 122.50000000000001 53271.500000000007
decision_type=2 2 2 2 2 2 2 2 2 2 2 2 2 2 2 2 2 2 2 2 2 2 2 2 2 2 2 2 2 2
left_child=-1 2 5 4 -3 6 8 -8 9 20 -10 13 -13 -5 15 17 -17 -14 -16 -19 21 22 -2 -23 -25 27 -27 -26 -28 -30
right_child=1 3 -4 11 -6 -7 7 -9 10 -11 -12 12 14 -15 18 16 -18 19 -20 -21 -22 23 -24 24 25 26 28 -29 29 -31
leaf_value=0.00057182728455195005 -3.3436905505684045e-06 0.0028071593395647405 -0.0030701776974941218 -9.3458740739151846e-05 -0.00030846144631505013 0.0013972404488437886 -0.0026759281383689354 7.2038732469081879e-05 -0.0025597185741558122 0.0022995457032266133 -3.0123115586185896e-05 -0.0018249279983468692 -0.0011446512492301944 0.0021215676030676279 -0.0016145086482124912 0.0045411093193771582 -0.00013761276495642962 0.0020449289411772044 -1.7518253399621938e-05 -0.00017044204141711817 0.0014778448837912746 0.0012516804351961534 0.0022754057888960235 -0.0034972105210181329 -0.0036546751941469585 0.0023288519053797549 0.00089080604491755368 -0.00064409164789443218 0.00011205838061869145 -0.0025154829766446105
leaf_weight=36 2594 28 24 25 25 37 27 28 27 23 27 22 39 28 33 21 20 24 1115 34 27 38 32 20 22 24 20 30 20 30
leaf_count=36 2594 28 24 25 25 37 27 28 27 23 27 22 39 28 33 21 20 24 1115 34 27 38 32 20 22 24 20 30 20 30
internal_value=4.06533e-12 -4.61151e-06 -4.15852e-05 7.51409e-05 0.00133753 -1.75647e-05 -3.50782e-05 -0.00127696 -1.17981e-05 1.22605e-05 -0.00129492 2.59811e-05 -1.65957e-05 0.00107674 1.434e-05 0.000661253 0.00225881 -1.40014e-05 -6.34248e-05 0.000746263 -6.15311e-06 -2.03114e-05 2.44248e-05 -0.00059618 -0.00101918 -0.000679728 5.16218e-06 -0.0019178 -0.000791531 -0.00146447
internal_weight=4500 4464 3050 1414 53 3026 2989 55 2934 2880 54 1361 1308 53 1286 138 41 97 1148 58 2857 2830 2626 204 166 146 94 52 70 50
internal_count=4500 4464 3050 1414 53 3026 2989 55 2934 2880 54 1361 1308 53 1286 138 41 97 1148 58 2857 2830 2626 204 166 146 94 52 70 50
is_linear=0
shrinkage=0.1


Tree=77
num_leaves=31
num_cat=0
split_feature=1 6 9 1 8 4 4 7 3 3 7 8 7 4 9 4 7 10 1 10 10 7 7 4 10 6 4 4 9 5
split_gain=0.00128157 0.0063678 0.00686965 0.0065667 0.0135379 0.018233 0.0151715 0.00891745 0.00657974 0.0151061 0.0187575 0.0149157 0.00911131 0.00879447 0.00671175 0.0111829 0.00785596 0.00721801 0.0107118 0.0093013 0.00830001 0.0048184 0.00607241 0.00631635 0.00584906 0.00453458 0.00667703 0.00581556 0.00396986 0.00327178
threshold=140.50000000000003 44606.083984375007 46723.250000000007 142.50000000000003 62386.250000000007 68357.500000000015 53936.000000000007 75801432.000000015 61155.500000000007 65179.000000000007 22403071.000000004 53858.000000000007 7076636.5000000009 42260.000000000007 69067.250000000015 54744.000000000007 12407886.000000002 70958.125000000015 146.50000000000003 73186.875000000015 77211.375000000015 20389499.000000004 29884270.000000004 71254.000000000015 97237.625000000015 83432.500000000015 65377.500000000007 62974.500000000007 55878.500000000007 85244.000000000015
decision_type=2 2 2 2 2 2 2 2 2 2 2 2 2 2 2 2 2 2 2 2 2 2 2 2 2 2 2 2 2 2
left_child=-1 -2 -3 4 6 7 28 -6 11 10 -10 13 -11 -5 17 -16 -17 18 -14 -19 -21 -18 -23 25 -25 26 27 29 -4 -24
right_child=1 2 3 8 5 -7 -8 -9 9 12 -12 -13 14 -15 15 16 21 19 -20 20 -22 22 23 24 -26 -27 -28 -29 -30 -31
leaf_value=2.5397529556799996e-05 -0.0013431181144551376 0.0016530410589083383 3.1998220091576089e-05 0.0015515194153008253 0.0025021580715353289 -0.0016899446438577389 -0.0036114088991307659 -8.397624381662658e-05 -0.0039254590741951362 0.001986496080644429 8.1614539441135189e-06 0.0026623828367640578 -0.0013263146414446009 -0.0008710634396519772 -0.0024638148109343921 -0.0019715034386276137 0.0013039868212891398 0.0030148045492491555 0.0011169266373412135 -0.0010137688013769333 0.0015610724297021666 -0.0014590986354019622 -0.00071586012199986726 0.0021233253714550908 0.00017464452607253957 -0.0016753659117966892 0.001316411580102375 -0.0020019203089759684 -0.0016094867337065246 0.00089379953500136496
leaf_weight=3669 40 23 34 23 30 31 25 24 22 24 27 30 38 43 22 21 27 21 34 21 31 29 28 24 43 21 26 20 26 23
leaf_count=3669 40 23 34 23 30 31 25 24 22 24 27 30 38 43 22 21 27 21 34 21 31 29 28 24 43 21 26 20 26 23
internal_value=-3.00198e-12 -0.000112134 -4.98847e-05 -0.000100884 -0.000649311 0.000243071 -0.00154169 0.00135277 5.50236e-05 -9.0033e-05 -0.00175795 0.000813549 9.03823e-05 -2.683e-05 -1.5694e-05 -0.000298321 -0.000116486 0.000537866 -0.000172562 0.00123856 0.000521233 4.51545e-05 -0.00011367 9.72348e-05 0.000872679 -0.00034306 -5.46227e-05 -0.000556692 -0.000679312 1.00648e-05
internal_weight=4500 831 791 768 170 85 85 54 598 502 49 96 453 66 429 284 262 145 72 73 52 241 214 185 67 118 97 71 60 51
internal_count=4500 831 791 768 170 85 85 54 598 502 49 96 453 66 429 284 262 145 72 73 52 241 214 185 67 118 97 71 60 51
is_linear=0
shrinkage=0.1


Tree=78
num_leaves=31
num_cat=0
split_feature=7 7 8 7 8 10 7 7 6 5 5 5 1 5 4 9 6 6 1 4 8 8 8 4 9 7 9 5 9 4
split_gain=0.00121416 0.00297641 0.00267105 0.00242188 0.00718921 0.00937044 0.00222303 0.00169213 0.00408661 0.00188796 0.0076859 0.00737672 0.00822037 0.00690017 0.00283167 0.00216974 0.00339664 0.00374947 0.00759007 0.00369468 0.00378191 0.00735378 0.00309845 0.00786591 0.00368927 0.00854265 0.00781791 0.00644172 0.00606946 0.0152002
threshold=339543776.00000006 519223712.00000006 70334.000000000015 287250832.00000006 71478.000000000015 90256.500000000015 429009072.00000006 264475728.00000003 76907.750000000015 113794.00000000001 109318.50000000001 118138.50000000001 131.50000000000003 107402.00000000001 85402.000000000015 99009.000000000015 94386.414062500015 89593.582031250015 124.50000000000001 81309.500000000015 83745.750000000015 82268.875000000015 81262.375000000015 76843.000000000015 83090.500000000015 48721032.000000007 88010.250000000015 97959.500000000015 81739.750000000015 68702.500000000015
decision_type=2 2 2 2 2 2 2 2 2 2 2 2 2 2 2 2 2 2 2 2 2 2 2 2 2 2 2 2 2 2
left_child=3 2 6 7 5 -5 -2 9 -9 10 13 -11 -13 15 -12 16 17 19 -19 20 21 22 23 24 28 -26 27 -27 -1 -30
right_child=1 -3 -4 4 -6 -7 -8 8 -10 11 14 12 -14 -15 -16 -17 -18 18 -20 -21 -22 -23 -24 -25 25 26 -28 -29 29 -31
leaf_value=2.6481733462489176e-06 -0.00037980840736116962 -0.00030970938778231285 0.0013266234469067838 -0.0011568779703229665 -0.0020395230830890006 0.0017471533702337182 0.00097117337753020597 -0.00030498242122121159 0.0014856636617332697 -0.0017027493401039996 0.002107780255292627 0.001295369423760642 -0.0011997874643977571 -0.0018195601435200799 0.00053711506188847125 0.001036782809533179 -0.0009361010940315633 0.0021686918005192029 5.2349949255585674e-06 -0.0011170867846036952 0.0010469935587881245 -0.0015987448876017129 0.0011093007922172548 -0.001439198012782359 0.0024261262989602982 0.00010119716929953679 -0.0010874487324412363 0.0019816565189372608 0.00091592300616736937 -0.0026431213033252529
leaf_weight=3618 29 51 35 25 23 20 21 26 25 31 22 31 23 21 24 20 39 24 50 30 34 29 25 38 20 56 34 27 21 28
leaf_count=3618 29 51 35 25 23 20 21 26 25 31 22 31 23 21 24 20 39 24 50 30 34 29 25 38 20 56 34 27 21 28
internal_value=3.77824e-13 0.000294241 0.000656612 -9.16976e-06 -0.000601293 0.000133803 0.000187604 2.02764e-07 0.000572785 -6.67632e-06 2.85647e-06 -0.000473222 0.000232617 -1.15165e-05 0.0012883 -2.23998e-06 -7.34198e-06 1.63709e-06 0.000706897 -1.1542e-05 -3.10273e-06 -1.22668e-05 -3.6925e-07 -7.5899e-06 6.71112e-06 0.000516212 0.000189731 0.000712913 -1.23239e-05 -0.00111782
internal_weight=4500 136 85 4364 68 45 50 4296 51 4245 4160 85 54 4114 46 4093 4073 4034 74 3960 3930 3896 3867 3842 3804 137 117 83 3667 49
internal_count=4500 136 85 4364 68 45 50 4296 51 4245 4160 85 54 4114 46 4093 4073 4034 74 3960 3930 3896 3867 3842 3804 137 117 83 3667 49
is_linear=0
shrinkage=0.1


Tree=79
num_leaves=31
num_cat=0
split_feature=4 7 8 9 6 9 6 6 6 6 10 9 1 6 3 4 9 9 8 4 6 10 7 8 9 8 9 9 10 9
split_gain=0.00112612 0.00229727 0.00182861 0.00193392 0.00557009 0.00117149 0.00409743 0.00238152 0.00329667 0.00259574 0.00889651 0.00223459 0.0057881 0.00348568 0.0113982 0.00708987 0.00201078 0.00750361 0.00667602 0.00469296 0.00275722 0.00930581 0.00720672 0.0105539 0.00662207 0.00465095 0.00417825 0.0111384 0.00526142 0.0036625
threshold=95736.500000000015 48721032.000000007 97136.750000000015 106226.00000000001 101194.00000000001 99009.000000000015 97792.000000000015 95802.500000000015 94386.414062500015 92333.414062500015 101465.50000000001 90811.750000000015 124.50000000000001 89068.750000000015 106260.50000000001 81309.500000000015 86568.000000000015 87563.250000000015 82268.875000000015 68357.500000000015 82927.164062500015 93498.500000000015 116678448.00000001 75329.125000000015 84169.500000000015 72599.375000000015 79784.000000000015 80275.750000000015 83202.500000000015 78902.750000000015
decision_type=2 2 2 2 2 2 2 2 2 2 2 2 2 2 2 2 2 2 2 2 2 2 2 2 2 2 2 2 2 2
left_child=2 -2 3 4 5 6 7 8 9 11 -11 13 -13 15 -15 16 18 -18 20 -19 26 24 -23 25 -22 -24 29 -28 -29 -1
right_child=1 -3 -4 -5 -6 -7 -8 -9 -10 10 -12 12 -14 14 -16 -17 17 19 -20 -21 21 22 23 -25 -26 -27 27 28 -30 -31
leaf_value=-7.107539078485085e-07 0.0013021031371317805 -8.1512698282798135e-05 -0.00070538082897680422 -0.0008593357291549463 0.0015928501030430199 0.00065432322659978164 -0.0013376047308354276 0.00093690101229758176 -0.0010498282313346865 0.0023397391923936084 -0.00044293169695366587 0.00073039905168116094 -0.0013913592621166673 0.0024494284531101588 -0.00066586049191149266 -0.0016535428513844428 0.0015872511207514135 -0.0014451928093053756 -0.0016046242125762199 0.00047868220644886605 0.002549258454902364 -0.001796291781855481 0.0004504254282674874 0.0020684454812789741 0.00025923909497973716 -0.0015606209568669212 -0.0023152488021878528 0.0011498979364450161 -0.00041044551686013624 0.00091719932388514282
leaf_weight=3600 20 30 37 26 22 27 23 27 30 20 27 20 36 23 24 26 36 21 26 32 28 21 23 23 23 23 28 26 128 44
leaf_count=3600 20 30 37 26 22 27 23 27 30 20 27 20 36 23 24 26 36 21 26 32 28 21 23 23 23 23 28 26 128 44
internal_value=-2.88989e-12 0.000471934 -5.30263e-06 5.67051e-07 5.66335e-06 -2.33621e-06 -6.42331e-06 6.72214e-07 -5.22288e-06 2.13695e-06 0.000741184 -6.11173e-06 -0.000633588 2.34523e-06 0.000858643 -7.45174e-06 3.03292e-06 0.000473144 -7.44539e-06 -0.000283608 3.02263e-06 0.0004373 -0.000174249 0.000319417 0.0015165 -0.000555098 -1.29819e-05 -0.000480586 -0.000147011 1.03727e-05
internal_weight=4500 50 4450 4413 4387 4365 4338 4315 4288 4258 47 4211 56 4155 47 4108 4082 89 3993 53 3967 141 90 69 51 46 3826 182 154 3644
internal_count=4500 50 4450 4413 4387 4365 4338 4315 4288 4258 47 4211 56 4155 47 4108 4082 89 3993 53 3967 141 90 69 51 46 3826 182 154 3644
is_linear=0
shrinkage=0.1


Tree=80
num_leaves=31
num_cat=0
split_feature=4 8 8 3 1 3 8 1 4 8 1 7 7 9 5 3 5 10 7 6 8 6 9 6 7 3 8 9 8 3
split_gain=0.0011312 0.0015238 0.00604632 0.00330769 0.0060273 0.00660183 0.0053981 0.00795823 0.00241692 0.00274718 0.0021644 0.0015882 0.00210252 0.00222006 0.00151132 0.008097 0.00578091 0.00381631 0.0113353 0.00481103 0.00668784 0.00753282 0.0118455 0.00531367 0.00427642 0.00378298 0.00295634 0.00555946 0.00705668 0.00372842
threshold=100017.50000000001 88553.125000000015 86979.375000000015 98178.000000000015 134.50000000000003 113775.00000000001 94518.750000000015 123.50000000000001 82130.000000000015 85774.125000000015 121.50000000000001 1133249.8125000002 1829220.6875000002 49690.750000000007 101085.50000000001 99512.000000000015 98595.000000000015 93498.500000000015 94457764.000000015 85511.414062500015 82268.875000000015 82927.164062500015 84843.750000000015 82340.000000000015 161963136.00000003 103345.00000000001 65194.500000000007 83295.250000000015 74338.750000000015 106260.50000000001
decision_type=2 2 2 2 2 2 2 2 2 2 2 2 2 2 2 2 2 2 2 2 2 2 2 2 2 2 2 2 2 2
left_child=1 2 8 -3 6 -6 7 -5 9 11 -8 -1 13 -13 15 16 17 19 -19 20 21 23 -23 -14 -20 -16 -27 28 -28 -29
right_child=-2 3 -4 4 5 -7 10 -9 -10 -11 -12 12 14 -15 25 -17 -18 18 24 -21 -22 22 -24 -25 -26 26 27 29 -30 -31
leaf_value=0.00067267854032771932 -0.00058332899811141419 0.001196442454150229 -0.0013355959672480822 0.001850005998276174 -5.9804410141493601e-05 0.0022550675256008453 -0.0018710842800580643 -0.00093724198218080262 0.00081915468779496031 -0.001172923390986398 -0.00051109385024756193 -0.0012165605588334389 -1.1838685556577181e-06 0.00011560057543895462 0.00099590316674021888 -0.0015464146776995383 0.0013420545761618997 -0.0024996587288721155 0.0011448527281375034 0.0011728470518054175 -0.0017434544960534286 0.0024363214480540448 -0.00068519184831529857 -0.0014092417226897348 -0.00080531253790302971 -0.0010852553754202314 -2.0271798304747793e-05 0.0007855821112170815 0.0024998497182969004 -0.00064544884221708239
leaf_weight=35 33 33 34 20 28 22 22 21 36 20 25 29 3639 22 53 34 32 24 23 35 22 31 20 27 22 21 25 25 20 67
leaf_count=35 33 33 34 20 28 22 22 21 36 20 25 29 3639 22 53 34 32 24 23 35 22 31 20 27 22 21 25 25 20 67
internal_value=-3.03044e-13 4.30935e-06 -7.34324e-06 0.000297055 8.19841e-05 0.000958739 -0.000416172 0.000422391 3.25287e-06 -3.69755e-06 -0.00114769 1.86225e-06 -3.76675e-06 -0.000641903 4.1325e-06 -9.93893e-06 3.54241e-06 -7.60315e-06 -0.000744595 5.87126e-06 -5.05255e-06 5.23662e-06 0.0012122 -1.15542e-05 0.000191439 0.000264821 1.95843e-05 0.000188939 0.00109978 -0.000256582
internal_weight=4500 4467 4296 171 138 50 88 41 4262 4226 47 4206 4171 51 4120 3909 3875 3843 69 3774 3739 3717 51 3666 45 211 158 137 45 92
internal_count=4500 4467 4296 171 138 50 88 41 4262 4226 47 4206 4171 51 4120 3909 3875 3843 69 3774 3739 3717 51 3666 45 211 158 137 45 92
is_linear=0
shrinkage=0.1


Tree=81
num_leaves=31
num_cat=0
split_feature=7 8 1 9 7 4 4 10 6 5 5 4 9 4 1 5 3 5 9 4 7 6 1 7 4 8 4 6 6 6
split_gain=0.00123026 0.00254263 0.00732939 0.00282161 0.00189574 0.00157913 0.00345282 0.00194448 0.00367823 0.00159497 0.00208323 0.00143546 0.0059854 0.0025134 0.00979751 0.0018895 0.00732491 0.00655464 0.00424623 0.003504 0.00557132 0.00969979 0.00703982 0.00707832 0.00377156 0.00638649 0.00529922 0.00506613 0.0108872 0.0063983
threshold=339543776.00000006 63499.125000000007 125.50000000000001 70607.000000000015 309638128.00000006 95736.500000000015 90916.000000000015 114727.37500000001 98820.082031250015 109318.50000000001 107402.00000000001 83564.000000000015 91941.000000000015 80671.500000000015 126.50000000000001 101085.50000000001 99512.000000000015 98595.000000000015 93819.500000000015 74269.000000000015 52349870.000000007 85511.414062500015 126.50000000000001 15749119.500000002 73004.000000000015 77214.750000000015 72370.000000000015 83432.500000000015 82096.500000000015 84210.750000000015
decision_type=2 2 2 2 2 2 2 2 2 2 2 2 2 2 2 2 2 2 2 2 2 2 2 2 2 2 2 2 2 2
left_child=4 3 -3 -2 5 6 7 8 9 10 11 13 -13 15 -15 16 17 19 -17 24 21 22 -21 -24 26 -26 27 28 -1 -29
right_child=1 2 -4 -5 -6 -7 -8 -9 -10 -11 -12 12 -14 14 -16 18 -18 -19 -20 20 -22 -23 23 -25 25 -27 -28 29 -30 -31
leaf_value=4.6579962387956335e-06 0.00034586374592771268 -0.00034279314127666618 0.001635911537950727 -0.0010574582812335829 -0.00075302192879676388 0.0005730978787896481 -0.0010612635542788813 0.00082854350288731182 -0.0010756099043646827 0.00069307046307420187 -0.00095397205694335626 -0.0016848565098674347 0.00045005429118614776 -0.00066648496128618722 0.0021621715995327881 0.00080040047101404834 -0.0015958293477587146 0.0014971575297812675 -0.00072780930883406363 0.00047262231301930212 -0.0020518939162138851 0.0011464067402162724 -0.0023831055746139848 -1.2235993053764105e-05 0.0021439673125066539 -0.00013283721803288376 -0.0014012387591517636 0.0023879894113633783 -0.0021779789908222208 0.000107942219801771
leaf_weight=3589 38 36 39 23 34 47 31 28 32 33 23 24 29 25 24 75 29 29 24 27 20 35 34 20 22 28 27 20 23 32
leaf_count=3589 38 36 39 23 34 47 31 28 32 33 23 24 29 25 24 75 29 29 24 27 20 35 34 20 22 28 27 20 23 32
internal_value=-2.65217e-12 0.000296186 0.000686133 -0.000183258 -9.23036e-06 -3.38996e-06 -9.71612e-06 -2.04962e-06 -7.55544e-06 5.97644e-07 -4.89685e-06 3.80889e-07 -0.000516698 7.09291e-06 0.000718979 -1.5542e-06 -1.24097e-05 -6.53666e-07 0.000429925 -1.18573e-05 -0.000510464 -0.000244701 -0.000845796 -0.00150501 6.26901e-06 0.000868957 -5.41736e-06 4.86844e-06 -9.2403e-06 0.000984883
internal_weight=4500 136 75 61 4364 4330 4283 4252 4224 4192 4159 4136 53 4083 49 4034 3935 3906 99 3877 136 116 81 54 3741 50 3691 3664 3612 52
internal_count=4500 136 75 61 4364 4330 4283 4252 4224 4192 4159 4136 53 4083 49 4034 3935 3906 99 3877 136 116 81 54 3741 50 3691 3664 3612 52
is_linear=0
shrinkage=0.1


Tree=82
num_leaves=31
num_cat=0
split_feature=4 8 9 4 4 1 7 5 5 10 8 8 10 5 8 4 4 5 3 10 7 5 1 10 4 3 7 6 6 6
split_gain=0.00111173 0.00125236 0.00557994 0.00344222 0.00388454 0.00302399 0.00625128 0.00831107 0.00792689 0.00673706 0.00223817 0.0067293 0.00593426 0.00609871 0.00178414 0.0107046 0.00817912 0.00200788 0.0144446 0.0102294 0.00711685 0.00732315 0.0108268 0.00688691 0.00602231 0.00540474 0.00658555 0.00528686 0.0104476 0.0126641
threshold=100017.50000000001 88553.125000000015 97222.750000000015 83564.000000000015 82130.000000000015 111.50000000000001 17099640.000000004 107402.00000000001 112249.00000000001 114727.37500000001 83745.750000000015 82881.250000000015 91790.250000000015 102365.00000000001 81262.375000000015 77790.500000000015 75765.500000000015 87390.500000000015 86846.500000000015 85797.000000000015 47512762.000000007 93442.500000000015 138.50000000000003 87145.000000000015 64434.000000000007 94147.500000000015 87917672.000000015 79383.082031250015 78232.500000000015 77629.500000000015
decision_type=2 2 2 2 2 2 2 2 2 2 2 2 2 2 2 2 2 2 2 2 2 2 2 2 2 2 2 2 2 2
left_child=1 2 3 4 10 -3 -7 -8 -9 -10 11 14 -12 -14 15 17 -16 18 27 -19 -21 22 23 -22 -24 -23 -27 28 29 -1
right_child=-2 5 -4 -5 -6 6 7 8 9 -11 12 -13 13 -15 16 -17 -18 19 -20 20 21 25 24 -25 -26 26 -28 -29 -30 -31
leaf_value=-1.8669947633191647e-05 -0.00057828733979752576 -0.00085423594074589867 -0.0012460478379782418 -0.0011009324907458255 0.0013681840572860979 0.0019439812901470323 -0.0010628802952571557 0.0024408706172835085 -0.0010889766200517235 0.00095925157123322917 0.001971651857630128 -0.0015496946198514448 -0.0012190029581846751 0.0010373425753787159 -0.00076800850422486025 -0.0023092000512406233 0.0018208044976255715 0.0012536776965701736 -0.0026999814069131392 0.001472462022502441 -8.9112559860376155e-05 0.0013191605507509431 -0.00051122624892741442 -0.0017571446480488563 0.0019134228090046065 -0.001668806043675258 0.00015924625538900729 0.0011529590624074141 -0.0018758829093227785 0.002197014738339931
leaf_weight=3293 33 21 36 28 21 23 39 20 26 42 21 28 23 25 23 20 26 77 20 32 38 37 20 71 21 21 320 39 30 26
leaf_count=3293 33 21 36 28 21 23 39 20 26 42 21 28 23 25 23 20 26 77 20 32 38 37 20 71 21 21 320 39 30 26
internal_value=-1.34605e-14 4.2721e-06 -6.29176e-06 4.18506e-06 1.14968e-05 0.000269666 0.000427012 0.000152285 0.000690825 0.000176105 4.73108e-06 -4.67856e-06 0.000569582 -4.3823e-05 5.83686e-06 -1.39333e-06 0.000605647 1.00173e-05 -2.04426e-05 0.000172981 2.43847e-05 -6.33776e-05 -0.000654575 -0.00117563 0.000730667 0.000171224 4.66683e-05 -4.6248e-06 -1.81052e-05 -1.31297e-06
internal_weight=4500 4467 4296 4260 4232 171 150 127 88 68 4211 4142 69 48 4114 4065 49 4045 3408 637 560 528 150 109 41 378 341 3388 3349 3319
internal_count=4500 4467 4296 4260 4232 171 150 127 88 68 4211 4142 69 48 4114 4065 49 4045 3408 637 560 528 150 109 41 378 341 3388 3349 3319
is_linear=0
shrinkage=0.1


Tree=83
num_leaves=31
num_cat=0
split_feature=1 5 7 7 1 5 4 9 7 9 3 5 5 8 8 8 5 3 10 5 6 6 7 7 7 7 4 9 6 8
split_gain=0.00119799 0.00508868 0.00686757 0.00559744 0.00546126 0.00759701 0.0116967 0.0108733 0.0107763 0.00849672 0.00756434 0.00683103 0.0114882 0.0096048 0.00742045 0.00675591 0.00497514 0.00986164 0.0104961 0.00961688 0.00590492 0.0095339 0.00540075 0.00489656 0.00504767 0.0061886 0.00473586 0.00590804 0.00593901 0.00649618
threshold=140.50000000000003 50286.000000000007 8510843.5000000019 2966941.1250000005 142.50000000000003 77231.000000000015 68357.500000000015 57717.000000000007 86128648.000000015 61786.000000000007 57593.500000000007 62581.000000000007 65324.000000000007 54078.625000000007 50491.250000000007 47460.125000000007 68366.000000000015 71166.500000000015 75867.000000000015 73526.500000000015 66642.250000000015 63827.583984375007 50800088.000000007 11885731.000000002 20903563.000000004 29884270.000000004 71254.000000000015 69067.250000000015 71889.167968750015 72765.375000000015
decision_type=2 2 2 2 2 2 2 2 2 2 2 2 2 2 2 2 2 2 2 2 2 2 2 2 2 2 2 2 2 2
left_child=-1 2 -2 -3 5 7 8 10 -7 -9 -5 13 -13 14 15 -6 -14 20 19 -19 21 -18 -21 -20 -25 -26 27 -27 -29 -30
right_child=1 3 -4 4 11 6 -8 9 -10 -11 -12 12 16 -15 -16 -17 17 18 23 22 -22 -23 -24 24 25 26 -28 28 29 -31
leaf_value=2.4555350491129027e-05 -0.0025238020950928333 0.0014544738340191545 -3.7678349297493701e-05 -0.0014767109216856106 0.00010112076139193959 0.0028066102461889388 -0.0014704416693759061 -0.0039019085082691164 -0.00013510220530654559 -0.0010540132596030493 0.0012073406062665442 -0.0020040930590281883 0.0014828354374251584 0.0026983841987592832 -0.0013727292476687582 0.0023521054652519526 -0.0018806507747891983 -0.00066724995267577472 -0.0015958850824972616 0.003060761489905417 -0.0025750122044146772 0.0010755982165574097 0.0010383052428463294 0.001343391942791641 -0.0017102262946655572 0.00087691111224038264 0.00071880376290481317 -0.002044670158268317 0.00026211864717642789 -0.0013949693223860647
leaf_weight=3669 20 24 25 21 40 20 31 20 33 22 21 30 22 21 20 20 24 20 21 23 21 20 31 25 23 35 67 23 73 35
leaf_count=3669 20 24 25 21 40 20 31 20 33 22 21 30 22 21 20 20 24 20 21 23 21 20 31 25 23 35 67 23 73 35
internal_value=3.72175e-13 -0.000108416 -0.00114262 -4.92056e-05 -9.65656e-05 -0.000599959 7.25017e-05 -0.00127242 0.000974978 -0.00241015 -0.000134685 4.58083e-05 -0.000107684 0.000795034 0.000295404 0.000851449 1.51933e-05 -5.80224e-05 0.000138593 0.00120595 -0.00119537 -0.000536901 0.00189972 -0.000122943 -1.2866e-05 -0.000145313 9.16336e-06 -0.000277258 -0.000585624 -0.000274901
internal_weight=4500 831 45 786 762 168 84 84 53 42 42 594 493 101 80 60 463 441 376 74 65 44 54 302 281 256 233 166 131 108
internal_count=4500 831 45 786 762 168 84 84 53 42 42 594 493 101 80 60 463 441 376 74 65 44 54 302 281 256 233 166 131 108
is_linear=0
shrinkage=0.1


Tree=84
num_leaves=31
num_cat=0
split_feature=9 3 4 8 4 8 1 8 7 8 5 6 9 9 6 4 6 1 1 10 8 8 10 5 5 5 8 5 5 5
split_gain=0.000989965 0.00272502 0.00235768 0.00296814 0.00345892 0.00289242 0.00693852 0.00354946 0.0026344 0.00245238 0.00241287 0.0054137 0.00502946 0.015417 0.0072873 0.00301458 0.00241842 0.00837 0.00596312 0.00470465 0.00683009 0.00555315 0.00494098 0.0043712 0.00733301 0.00422628 0.0138725 0.00637896 0.00504605 0.00415546
threshold=24651.250000000004 33370.000000000007 14759.000000000002 28924.500000000004 25629.500000000004 34418.625000000007 103.50000000000001 33054.000000000007 40690770.000000007 31864.250000000004 41031.000000000007 38958.250000000007 40393.750000000007 40956.750000000007 42126.082031250007 34309.500000000007 44092.582031250007 123.50000000000001 136.50000000000003 49250.500000000007 43693.125000000007 45129.250000000007 49848.625000000007 51865.000000000007 52471.000000000007 54220.000000000007 43857.500000000007 54797.500000000007 53349.000000000007 55287.500000000007
decision_type=2 2 2 2 2 2 2 2 2 2 2 2 2 2 2 2 2 2 2 2 2 2 2 2 2 2 2 2 2 2
left_child=-1 -2 -3 8 -5 6 -6 9 -4 -8 -7 -12 15 -14 -15 -13 17 -16 -19 20 -18 -22 -21 -24 -25 26 -26 -27 -28 -29
right_child=1 2 3 4 5 10 7 -9 -10 -11 11 12 13 14 16 -17 19 18 -20 22 21 -23 23 24 25 27 28 29 -30 -31
leaf_value=-0.0005222933279583231 0.00061017065165462365 0.0010267573001328857 -0.0015345977832718443 0.0011471895536837669 0.0011846497049555183 0.00088279945475439872 -0.00091282166187849024 -0.001612512130706914 1.9386241037864239e-05 0.00043231787580937282 -0.0014411824365827041 0.00019500223473490526 -0.0022274645631231607 0.0013541939808055759 -0.0017160464363821252 0.0017491988712348618 0.0021592377734729481 0.001191918704037865 -0.0010372661869041623 -0.0013563613907468541 -0.00067212532998787034 0.0010610507654124186 0.0010281659520753638 -0.0015671786312789968 -0.0014535398815165867 -0.0013769569032935098 0.00053758826106786728 0.001152015729026208 0.0023428323418556831 -1.0777741864921543e-05
leaf_weight=36 73 22 24 26 20 31 33 38 20 23 26 24 31 40 35 26 24 30 20 27 36 38 41 30 22 34 30 31 32 3577
leaf_count=36 73 22 24 26 20 31 33 38 20 23 26 24 31 40 35 26 24 30 20 27 36 38 41 30 22 34 30 31 32 3577
internal_value=3.34827e-12 4.21205e-06 -5.86196e-06 -1.10617e-05 -2.74819e-06 -9.70292e-06 -0.000506687 -0.000866545 -0.000828241 -0.000360354 3.83499e-06 -2.72445e-06 6.33561e-06 -5.88667e-06 1.11306e-05 0.00100318 -2.27657e-06 -0.000529993 0.000300245 9.16043e-06 0.000693318 0.000217884 -8.37289e-06 1.21249e-06 -9.9976e-06 2.54009e-06 0.000703814 -1.36343e-05 0.00146933 -7.87e-07
internal_weight=4500 4464 4391 4369 4325 4299 114 94 44 56 4185 4154 4128 4078 4047 50 4007 85 50 3922 98 74 3824 3797 3756 3726 84 3642 62 3608
internal_count=4500 4464 4391 4369 4325 4299 114 94 44 56 4185 4154 4128 4078 4047 50 4007 85 50 3922 98 74 3824 3797 3756 3726 84 3642 62 3608
is_linear=0
shrinkage=0.1


Tree=85
num_leaves=31
num_cat=0
split_feature=1 8 10 7 1 7 8 9 8 8 4 4 4 9 1 3 6 7 4 4 8 1 3 5 10 7 8 6 4 3
split_gain=0.00096962 0.00554768 0.00539107 0.00634033 0.00416128 0.0091154 0.00175615 0.00146156 0.00985362 0.0104295 0.00807107 0.00496724 0.00471323 0.0042728 0.00483181 0.00409576 0.00377513 0.00759756 0.0204423 0.00682076 0.00819576 0.00642856 0.0106589 0.0044921 0.00453803 0.00422779 0.00903878 0.00489443 0.00437471 0.00362327
threshold=149.50000000000003 51277.875000000007 72582.250000000015 34218554.000000007 148.50000000000003 67022398.000000007 71092.625000000015 48982.250000000007 44121.250000000007 42408.875000000007 44570.500000000007 28906.500000000004 43879.000000000007 49877.500000000007 125.50000000000001 62359.500000000007 52399.083984375007 11885731.000000002 46389.500000000007 43680.500000000007 57192.250000000007 113.50000000000001 57375.500000000007 56692.000000000007 56218.500000000007 100497628.00000001 47665.750000000007 55224.166015625007 40911.000000000007 51810.500000000007
decision_type=2 2 2 2 2 2 2 2 2 2 2 2 2 2 2 2 2 2 2 2 2 2 2 2 2 2 2 2 2 2
left_child=4 -2 -3 -4 7 -6 -5 10 9 15 12 -10 -1 14 -13 -9 17 18 -15 20 25 -19 -23 -21 -25 27 -27 28 -18 -26
right_child=1 2 3 6 5 -7 -8 8 11 -11 -12 13 -14 16 -16 -17 19 21 -20 23 -22 22 -24 24 29 26 -28 -29 -30 -31
leaf_value=8.7360948767887704e-05 -0.0016789934840863168 0.0010032206055352857 -0.0016297571762497057 0.00075192222887250995 0.0021892117416987627 -0.00065043975642765884 -0.00036807359730508843 -0.0011893946945201607 0.0015650653885677457 -0.0025718528675966927 0.0015794985039974563 0.00014780406158284418 -0.0014661734458059072 -0.0030178288789466027 -0.0016146277183932919 0.00078787302098300485 -0.0014835094855654809 0.0022979502324373103 0.001200273016433197 -0.0010700924098369126 -0.0025549883424537258 0.001228537077664352 -0.0011895124442302266 0.0013146520334649486 -0.0011630014337312717 -0.0012163894242365604 0.0011638058150240866 -0.0021610249306170527 0.00039836077009870985 2.2851527244416395e-05
leaf_weight=829 23 38 29 28 26 20 28 20 20 31 36 28 20 20 35 22 21 26 27 38 20 61 26 27 26 27 39 22 30 2857
leaf_count=829 23 38 29 28 26 20 28 20 20 31 36 28 20 20 35 22 21 26 27 38 20 61 26 27 26 27 39 22 30 2857
internal_value=8.42071e-13 -0.000253491 1.30666e-05 -0.000429591 8.50015e-06 0.000954581 0.000191924 -1.60191e-06 -3.12187e-05 -0.00118058 0.00011295 -6.17302e-06 5.07641e-05 -1.56099e-05 -0.000831325 -0.000153683 1.20149e-07 0.000473818 -0.000594664 -2.42737e-05 -0.00066226 0.000918231 0.000505902 1.0136e-05 2.42421e-05 -0.000389925 0.00019009 -0.000914321 -0.000376527 1.21571e-05
internal_weight=4500 146 123 85 4354 46 56 4308 3423 73 885 3350 849 3330 63 42 3267 160 47 3107 159 113 87 2948 2910 139 66 73 51 2883
internal_count=4500 146 123 85 4354 46 56 4308 3423 73 885 3350 849 3330 63 42 3267 160 47 3107 159 113 87 2948 2910 139 66 73 51 2883
is_linear=0
shrinkage=0.1


Tree=86
num_leaves=31
num_cat=0
split_feature=1 5 6 9 6 6 10 5 3 4 10 3 6 6 1 8 4 8 1 3 7 7 6 8 5 10 5 9 3 7
split_gain=0.000952445 0.00443235 0.00463675 0.0053106 0.00532384 0.00927394 0.00656402 0.00937563 0.00942478 0.00860049 0.00776833 0.0076983 0.00601499 0.00990765 0.00735471 0.00825009 0.0101828 0.0149947 0.00920767 0.0045893 0.00430878 0.00602611 0.00473404 0.0108252 0.00417691 0.00877929 0.0117764 0.00411734 0.00403041 0.00778561
threshold=140.50000000000003 116906.50000000001 44850.417968750007 48450.000000000007 50102.332031250007 52045.916015625007 70958.125000000015 77074.000000000015 77162.500000000015 62118.500000000007 69303.875000000015 78437.500000000015 63827.583984375007 61539.750000000007 141.50000000000003 55502.375000000007 50205.500000000007 52161.625000000007 145.50000000000003 46127.000000000007 11885731.000000002 20903563.000000004 90716.250000000015 81262.375000000015 79715.000000000015 80655.125000000015 85244.000000000015 65935.250000000015 98519.500000000015 245076816.00000003
decision_type=2 2 2 2 2 2 2 2 2 2 2 2 2 2 2 2 2 2 2 2 2 2 2 2 2 2 2 2 2 2
left_child=-1 2 19 -4 -5 -6 10 9 -9 27 12 -10 13 14 -7 16 17 18 -16 -2 -13 -22 23 24 -23 -26 -27 -8 -28 -30
right_child=1 -3 3 4 5 6 7 8 11 -11 -12 20 -14 -15 15 -17 -18 -19 -20 -21 21 22 -24 -25 25 26 28 -29 29 -31
leaf_value=2.1894765260736077e-05 -0.00012641489217154838 -0.0015673276269808412 0.0011656532060933878 -0.0014964579888619484 0.0020093445809007708 -0.0017581092258915306 0.0013394694798626006 -0.0018498608066389961 0.0019938819692470132 0.0026110970376908814 -0.001909761065754163 -0.0012885442702099681 0.0011767217996530236 -0.0025176090232673148 0.00078623411245644099 0.0015647028613602742 -0.0018207411773713126 0.0025688759428227231 -0.0022481799591332675 -0.0021774785825982692 0.001503928503263052 -0.0013203769371929494 0.0011536142018077702 -0.0024286504276096821 0.0015065405572960643 -0.0021802314389497042 0.00047968904705936307 -0.00066535213547814197 -0.0021084563425392846 0.00056302355114894458
leaf_weight=3669 24 20 37 25 22 25 20 27 20 27 34 25 25 21 20 30 31 21 20 20 27 22 29 20 38 25 111 21 20 24
leaf_count=3669 24 20 37 25 22 25 20 27 20 27 34 25 25 21 20 30 31 21 20 20 27 22 29 20 38 25 111 21 20 24
internal_value=2.52084e-12 -9.66689e-05 -6.04011e-05 -3.13142e-06 -6.23712e-05 -1.1517e-05 -7.66107e-05 0.000142118 -4.77086e-05 0.00122524 -0.000515995 8.70784e-05 -0.000270461 -0.000485815 -0.000195559 0.000124636 -0.000344951 0.000405041 -0.000730973 -0.00105872 -2.47576e-05 7.52255e-05 -5.82519e-05 -0.000193422 -7.15256e-06 0.000125375 -0.000166205 0.00031261 0.000158638 -0.000651285
internal_weight=4500 831 811 767 730 705 683 456 388 68 227 361 193 168 147 122 92 61 40 44 341 316 289 260 240 218 180 41 155 44
internal_count=4500 831 811 767 730 705 683 456 388 68 227 361 193 168 147 122 92 61 40 44 341 316 289 260 240 218 180 41 155 44
is_linear=0
shrinkage=0.1


Tree=87
num_leaves=31
num_cat=0
split_feature=7 3 7 7 3 7 1 9 4 1 4 4 9 3 7 7 1 10 7 7 7 10 1 3 4 1 3 3 3 9
split_gain=0.000939123 0.00332873 0.0018619 0.00131402 0.00331993 0.00186133 0.00476054 0.00527929 0.00837881 0.00537854 0.00417328 0.00626857 0.00198737 0.00233433 0.00182684 0.0153319 0.0189286 0.0275249 0.0152755 0.0126534 0.00967864 0.0120174 0.00862504 0.00725267 0.00600944 0.00571708 0.0118088 0.0253366 0.0235285 0.0164491
threshold=1371899.0000000002 47003.000000000007 1829220.6875000002 2508322.7500000005 51810.500000000007 4650546.7500000009 110.50000000000001 53241.500000000007 46057.000000000007 131.50000000000003 55622.500000000007 66773.500000000015 24651.250000000004 31189.000000000004 18266954.000000004 16547563.000000002 132.50000000000003 66563.625000000015 17380433.000000004 18976614.000000004 14259629.500000002 56007.875000000007 129.50000000000003 48978.500000000007 58309.000000000007 123.50000000000001 59550.500000000007 65701.000000000015 67792.000000000015 55156.500000000007
decision_type=2 2 2 2 2 2 2 2 2 2 2 2 2 2 2 2 2 2 2 2 2 2 2 2 2 2 2 2 2 2
left_child=1 -1 -2 4 -4 6 -5 8 9 -8 -9 -12 -7 -14 15 20 17 -17 -18 -16 25 23 -23 -22 -24 -15 29 -28 -29 -27
right_child=2 -3 3 5 -6 12 7 10 -10 -11 11 -13 13 14 19 16 18 -19 -20 -21 21 22 24 -25 -26 26 27 28 -30 -31
leaf_value=0.00049698872400926039 0.00072127851114297918 -0.0010907961356063044 0.00018430954341085691 0.0012643395082616226 -0.001401373464614153 -0.00095692813100123949 0.00091313426030065984 0.0018648895109072328 -0.0021926323692737656 -0.0011651175003498794 -0.00083485151020189132 0.0011772249825298788 0.00095941614138428128 -0.00050290883822728775 0.0018903327795366449 -0.00056012335462582994 -0.0014828739929944278 -0.0049886114695109427 0.0021301047897643666 4.8537157887626048e-06 0.00048079090951377466 0.0025616958602040544 -0.0006960703348297449 -0.0019325288361869753 0.0015417565336714948 0.00022732082898205527 -0.0021251759194142994 0.0028424187723932598 -0.00027083816872472134 0.0026546017725818925
leaf_weight=23 36 31 31 41 23 22 33 20 22 20 30 32 25 270 36 32 25 25 22 3147 33 40 21 20 28 138 61 29 149 35
leaf_count=23 36 31 31 41 23 22 33 20 22 20 30 32 25 270 36 32 25 25 22 3147 33 40 21 20 28 138 61 29 149 35
internal_value=-1.03765e-12 -0.000414517 5.03462e-06 -8.12266e-07 -0.000491074 5.26536e-06 0.000304821 5.42459e-05 -0.000552091 0.000128888 0.000608822 0.00020364 -8.99919e-06 -3.95701e-06 -9.81552e-06 -0.000133274 -0.00127739 -0.00250244 0.000208308 2.61786e-05 1.11293e-05 0.000762219 0.00147213 -0.000429896 0.000582688 -0.000145256 8.91283e-05 -0.000366362 0.000236378 0.000718389
internal_weight=4500 54 4446 4410 54 4356 198 157 75 53 82 62 4158 4136 4111 928 104 57 47 3183 824 142 89 53 49 682 412 239 178 173
internal_count=4500 54 4446 4410 54 4356 198 157 75 53 82 62 4158 4136 4111 928 104 57 47 3183 824 142 89 53 49 682 412 239 178 173
is_linear=0
shrinkage=0.1


Tree=88
num_leaves=31
num_cat=0
split_feature=1 7 7 5 10 7 7 1 4 4 8 7 7 3 1 1 6 7 7 6 7 1 8 7 10 7 5 1 8 9
split_gain=0.000928818 0.00749796 0.00777416 0.00595594 0.00552074 0.0170375 0.0107173 0.00284859 0.00221514 0.00365388 0.00258462 0.0020849 0.00468579 0.00299244 0.0028251 0.00398504 0.0042406 0.00238749 0.00290275 0.00872278 0.00290112 0.0132669 0.0220417 0.00206089 0.00209043 0.00617046 0.00306374 0.00792701 0.00741524 0.0042599
threshold=96.500000000000014 3398868.0000000005 10843239.500000002 48503.000000000007 75245.125000000015 132054092.00000001 71010324.000000015 100.50000000000001 56085.000000000007 45921.500000000007 42977.250000000007 1371899.0000000002 2794787.3750000005 49849.000000000007 140.50000000000003 131.50000000000003 51763.833984375007 3262389.6250000005 3949482.5000000005 55871.916015625007 4926581.7500000009 132.50000000000003 52317.000000000007 5433551.7500000009 38295.500000000007 9842289.0000000019 44732.500000000007 114.50000000000001 35404.125000000007 36571.500000000007
decision_type=2 2 2 2 2 2 2 2 2 2 2 2 2 2 2 2 2 2 2 2 2 2 2 2 2 2 2 2 2 2
left_child=1 -1 -3 -4 6 -6 -5 8 9 10 -2 13 14 -9 15 16 -13 -14 19 -19 21 22 -20 -22 25 -25 27 -26 29 -29
right_child=7 2 3 4 5 -7 -8 11 -10 -11 -12 12 17 -15 -16 -17 -18 18 20 -21 23 -23 -24 24 26 -27 -28 28 -30 -31
leaf_value=-0.0019523358332331885 0.0001423614498760019 0.0014145141300105025 -0.0016176111051338792 0.0017272902072511137 -0.0025158932137016496 0.0013663255260325969 -0.0008402328980396149 -0.0015160410789328374 0.0012688326280050238 -0.00091781728900969034 0.0015674123895587401 0.00012079076235561937 -0.00087199712434085088 8.3075154572725306e-05 0.0016985268713059752 -0.0007531353505328298 0.0020135595218744129 -0.00046396399702643978 9.2739092037340417e-05 0.0017530655847596271 0.00077148075448242115 0.0013245461191982032 -0.0039249235044487496 -0.0018588006244196248 0.0019057066265183191 4.3005876191812802e-05 -1.4083012860190467e-05 0.00014900101417548615 0.0014337783200475812 -0.0018421897409661187
leaf_weight=22 35 32 28 37 26 20 29 22 29 20 20 29 32 25 22 21 20 36 36 35 34 25 22 24 30 59 3665 22 22 21
leaf_count=22 35 32 28 37 26 20 29 22 29 20 20 29 32 25 22 21 20 36 36 35 34 25 22 24 30 59 3665 22 22 21
internal_value=-2.10393e-12 -0.00021404 8.30007e-06 -0.00031312 1.30024e-05 -0.000827972 0.000599136 9.64323e-06 0.000526641 0.000239661 0.000660562 -3.15253e-06 4.33913e-06 -0.000665447 0.000710064 0.000399404 0.000893349 -1.16409e-05 -4.81093e-06 0.000628938 -1.61736e-05 -0.000601157 -0.0014312 -3.65009e-06 -1.05079e-05 -0.000506914 4.50031e-07 0.00056112 -5.94591e-05 -0.000823441
internal_weight=4500 194 172 140 112 46 66 4306 104 75 55 4202 4155 47 92 70 49 4063 4031 71 3960 83 58 3877 3843 83 3760 95 65 43
internal_count=4500 194 172 140 112 46 66 4306 104 75 55 4202 4155 47 92 70 49 4063 4031 71 3960 83 58 3877 3843 83 3760 95 65 43
is_linear=0
shrinkage=0.1


Tree=89
num_leaves=31
num_cat=0
split_feature=1 5 7 3 5 3 10 1 8 7 7 3 7 3 9 4 4 9 4 8 6 5 4 10 10 9 5 8 10 1
split_gain=0.000941998 0.00378506 0.00618565 0.00474822 0.0065805 0.00907597 0.00538194 0.0159113 0.0130754 0.00907533 0.00904359 0.00689898 0.0190187 0.016008 0.00689172 0.00751786 0.00578193 0.0163346 0.0101934 0.00574962 0.00504982 0.0102813 0.00768705 0.00618735 0.00613854 0.00397761 0.00370127 0.00365905 0.00283977 0.00205759
threshold=140.50000000000003 50286.000000000007 8510843.5000000019 53839.500000000007 58490.500000000007 59099.000000000007 70958.125000000015 147.50000000000003 51065.375000000007 33101333.000000004 8741834.5000000019 65179.000000000007 14445489.500000002 68740.000000000015 69067.250000000015 54458.500000000007 73962.000000000015 84843.750000000015 72118.000000000015 59166.875000000007 72040.414062500015 81834.000000000015 68357.500000000015 87922.750000000015 82914.250000000015 91363.500000000015 79715.000000000015 92084.375000000015 52152.500000000007 138.50000000000003
decision_type=2 2 2 2 2 2 2 2 2 2 2 2 2 2 2 2 2 2 2 2 2 2 2 2 2 2 2 2 2 2
left_child=29 2 -2 28 -5 -6 7 8 -7 -9 -8 12 -10 -13 19 -16 18 -18 20 -12 -17 -22 23 24 -23 -19 -21 -27 -3 -1
right_child=1 3 -4 4 5 6 10 9 11 -11 14 13 -14 -15 15 16 17 25 -20 26 21 22 -24 -25 -26 27 -28 -29 -30 -31
leaf_value=2.6786995607550583e-06 -0.0022989029157906775 0.00017939402838237583 6.0563785489648581e-05 -0.0014929823706166425 0.001716043763527913 0.00048553719457949658 0.0017396019094303484 0.0022119014791247469 -0.0046258255237025085 -0.00049125037216783869 -0.00016589500883128496 0.0010944790287834147 -0.00051318298263305971 -0.0022650540485424368 -0.0018245540343091956 -0.0011476987507194282 -0.0030227870175925393 0.00094083252888931728 0.0022111902182752438 0.00071047067256837062 0.0019603831835815475 0.00067171673695354359 -0.0014546086695710464 0.00099033238035520894 -0.0015331119398719498 -0.0013623817358165979 0.0024536894678714731 0.00031655388139188289 0.0016072615372160308 0.00031545541489452138
leaf_weight=3445 20 30 25 33 28 38 30 27 23 23 40 23 22 37 28 35 24 27 22 29 27 23 35 55 28 27 21 25 26 224
leaf_count=3445 20 30 25 33 28 38 30 27 23 23 40 23 22 37 28 35 24 27 22 29 27 23 35 55 28 27 21 25 26 224
internal_value=4.69218e-13 -9.61373e-05 -0.000988088 -4.50715e-05 -0.000113146 -4.78169e-05 -0.000121641 -0.000567073 -0.00110397 0.000968452 5.89651e-05 -0.00167922 -0.0026152 -0.000977233 -5.40822e-05 -0.00025173 -0.000117465 -0.000738008 0.000166606 0.000727726 -5.49743e-05 0.000172677 -0.00016965 0.000254629 -0.000538777 -4.38985e-05 0.00144262 -0.000555201 0.000842333 2.17744e-05
internal_weight=4500 831 45 786 730 697 669 193 143 50 476 105 45 60 446 356 328 103 225 90 203 168 141 106 51 79 50 52 56 3669
internal_count=4500 831 45 786 730 697 669 193 143 50 476 105 45 60 446 356 328 103 225 90 203 168 141 106 51 79 50 52 56 3669
is_linear=0
shrinkage=0.1


Tree=90
num_leaves=31
num_cat=0
split_feature=7 7 1 4 1 7 1 9 4 6 7 1 1 3 5 1 9 4 3 6 1 3 7 3 8 7 9 7 1 7
split_gain=0.0010291 0.00126633 0.00473276 0.00778079 0.00564925 0.00157754 0.00386757 0.00406833 0.00714408 0.00452129 0.00923294 0.00415857 0.00173685 0.00224181 0.00349138 0.00220583 0.00917522 0.0021425 0.00173085 0.0027958 0.00489611 0.00303373 0.00276758 0.00449624 0.00882106 0.00343137 0.00580376 0.00225388 0.0125775 0.0126069
threshold=1133249.8125000002 2508322.7500000005 131.50000000000003 40695.000000000007 138.50000000000003 4650546.7500000009 110.50000000000001 53241.500000000007 46057.000000000007 67669.832031250015 3624368.2500000005 131.50000000000003 83.500000000000014 31189.000000000004 36923.000000000007 92.500000000000014 64556.000000000007 14759.000000000002 36776.000000000007 37383.917968750007 124.50000000000001 41226.000000000007 6083946.0000000009 67559.000000000015 51277.875000000007 6948155.7500000009 63204.000000000007 18266954.000000004 121.50000000000001 16547563.000000002
decision_type=2 2 2 2 2 2 2 2 2 2 2 2 2 2 2 2 2 2 2 2 2 2 2 2 2 2 2 2 2 2
left_child=-1 2 3 -2 -4 6 -3 8 11 10 -9 -8 -7 -14 -15 16 -16 -17 -19 20 -20 -21 23 24 -23 26 -24 28 29 -27
right_child=1 5 4 -5 -6 12 7 9 -10 -11 -12 -13 13 14 15 17 -18 18 19 21 -22 22 25 -25 -26 27 -28 -29 -30 -31
leaf_value=0.00053251727691127195 0.00044155636569485072 0.0011447244937987375 0.0016970812529325486 -0.0018034803019346375 -0.00057854646584019063 -0.00067324511488923468 0.0008401370854258087 -0.00025042698676274583 -0.0019931086296723645 -0.00027805006483922135 0.0026150766800603145 -0.00098728207871317869 0.00075182257912670956 -0.00091700512289424386 -0.00035516115366025021 0.0010228783295315226 0.0022236647655848752 0.00086977701337838723 -0.0013650622398439206 0.0008934397709782463 0.00022158374965845331 0.00037562045361846691 0.0016980245258779295 0.00047561867873550261 -0.0020837955203439509 -0.00050867344561768811 -0.0002700900534521146 2.1135223797106173e-05 9.6573377690064986e-05 -0.0027097965605677138
leaf_weight=36 26 41 20 38 24 39 33 22 22 37 23 20 39 42 37 20 22 22 41 37 37 25 31 28 35 162 29 3011 470 31
leaf_count=36 26 41 20 38 24 39 33 22 22 37 23 20 39 42 37 20 22 22 41 37 37 25 31 28 35 162 29 3011 470 31
internal_value=4.78682e-13 -4.29449e-06 -0.000342549 -0.000891434 0.00045583 4.09198e-06 0.000279867 5.40128e-05 -0.00047826 0.000540848 0.00121416 0.000150545 -9.04018e-06 -2.75127e-06 -9.96411e-06 -5.29808e-07 0.000606435 -9.52979e-06 -1.47453e-05 -1.9688e-05 -0.000612422 -7.70737e-06 -1.64312e-05 -0.000570739 -0.00105904 -3.3677e-06 0.000746769 -1.56182e-05 -0.000182533 -0.000862222
internal_weight=4500 4464 108 64 44 4356 198 157 75 82 45 53 4158 4119 4080 4038 59 3979 3959 3937 78 3859 3822 88 60 3734 60 3674 663 193
internal_count=4500 4464 108 64 44 4356 198 157 75 82 45 53 4158 4119 4080 4038 59 3979 3959 3937 78 3859 3822 88 60 3734 60 3674 663 193
is_linear=0
shrinkage=0.1


Tree=91
num_leaves=31
num_cat=0
split_feature=1 7 8 10 1 7 9 8 4 5 4 4 1 6 10 5 9 10 10 10 10 1 3 1 1 4 3 1 5 4
split_gain=0.000898507 0.00459289 0.00790288 0.00974938 0.00316759 0.00732594 0.00116193 0.00817313 0.00703936 0.00658416 0.00577382 0.0114816 0.00473504 0.0043354 0.00403392 0.00641135 0.00431691 0.00368679 0.00506313 0.00792974 0.00799454 0.00975006 0.0040665 0.00803359 0.00696083 0.00684422 0.00566848 0.00385506 0.00798754 0.0101028
threshold=149.50000000000003 55898732.000000007 55364.000000000007 72582.250000000015 148.50000000000003 67022398.000000007 48982.250000000007 45525.000000000007 44570.500000000007 62377.000000000007 40323.500000000007 35286.000000000007 124.50000000000001 49329.833984375007 52152.500000000007 55287.500000000007 49877.500000000007 54490.250000000007 55164.500000000007 55796.750000000007 57044.375000000007 129.50000000000003 58399.000000000007 121.50000000000001 114.50000000000001 48629.000000000007 58952.000000000007 139.50000000000003 61885.500000000007 43233.500000000007
decision_type=2 2 2 2 2 2 2 2 2 2 2 2 2 2 2 2 2 2 2 2 2 2 2 2 2 2 2 2 2 2
left_child=4 2 -2 -4 6 -6 8 9 -1 12 11 -11 -8 -9 -15 -16 -17 -18 -19 -20 21 -21 23 24 -22 -25 -24 -28 -29 -30
right_child=1 -3 3 -5 5 -7 7 13 -10 10 -12 -13 -14 14 15 16 17 18 19 20 22 -23 26 25 -26 -27 27 28 29 -31
leaf_value=4.34306924213799e-05 -0.0024609945644624535 0.00040882696597574036 0.0013084629514756112 -0.0012045809456858001 0.0019404403614596681 -0.00060526971821673215 -0.00079462275801536948 0.001241709674442453 0.00147111800518663 -0.0010258501836797223 -0.0015882862091530115 0.0021064947556376202 -0.0026580500137060883 -0.0010461635434546987 0.001202818936541338 -0.0014416235454735302 0.0012583552151108567 -0.0014020429046538016 0.0015906419777762023 -0.00018982891955314892 0.00059790525022738929 -0.0028351365097147542 -0.0013218581775259791 -0.0002507736694846804 -0.0019281114172190429 0.0016868526852674417 5.3793066663604702e-05 -0.0021055628164586694 -0.0022611403425054797 -7.3505618716299625e-05
leaf_weight=849 20 62 26 38 26 20 30 28 36 25 20 22 25 37 44 21 23 26 31 38 24 22 33 26 20 61 2301 22 22 522
leaf_count=849 20 62 26 38 26 20 30 28 36 25 20 22 25 37 44 21 23 26 31 38 24 22 33 26 20 61 2301 22 22 522
internal_value=1.66424e-12 -0.000244018 -0.00072588 -0.000183657 8.18251e-06 0.00083361 -6.31242e-07 -2.70384e-05 0.000101506 -0.000830812 -0.00016521 0.000440354 -0.00164164 2.6679e-06 -7.93191e-06 3.9391e-06 -1.25868e-05 -3.123e-06 -1.23396e-05 -7.66201e-07 -1.67266e-05 -0.00115978 5.90053e-06 0.000550881 -0.000550284 0.00110779 -1.87175e-05 -3.71802e-06 -0.000237522 -0.000161976
internal_weight=4500 146 84 64 4354 46 4308 3423 885 122 67 47 55 3301 3273 3236 3192 3171 3148 3122 3091 60 3031 131 44 87 2900 2867 566 544
internal_count=4500 146 84 64 4354 46 4308 3423 885 122 67 47 55 3301 3273 3236 3192 3171 3148 3122 3091 60 3031 131 44 87 2900 2867 566 544
is_linear=0
shrinkage=0.1


Tree=92
num_leaves=31
num_cat=0
split_feature=8 7 8 5 9 6 4 4 4 7 4 1 7 7 8 8 7 10 7 10 3 7 1 1 7 7 5 5 4 4
split_gain=0.000900178 0.00619027 0.00273566 0.00213413 0.00188717 0.0040035 0.00161947 0.00193867 0.00342094 0.00133696 0.00134791 0.00610023 0.006609 0.00506266 0.00474447 0.0020037 0.00212226 0.0106101 0.00778745 0.00704546 0.00845101 0.0139066 0.0103932 0.0126455 0.00919686 0.00918609 0.00554724 0.0111731 0.0112243 0.00958299
threshold=99764.375000000015 73251020.000000015 95939.500000000015 132417.50000000003 106226.00000000001 100267.66406250001 86455.000000000015 84414.500000000015 82840.000000000015 1133249.8125000002 78401.000000000015 133.50000000000003 69709028.000000015 25489351.000000004 83398.625000000015 84741.750000000015 11709704.000000002 79258.375000000015 12188422.000000002 75659.750000000015 68297.500000000015 8741834.5000000019 144.50000000000003 141.50000000000003 5912687.5000000009 4449182.5000000009 65850.500000000015 64334.500000000007 56085.000000000007 60412.000000000007
decision_type=2 2 2 2 2 2 2 2 2 2 2 2 2 2 2 2 2 2 2 2 2 2 2 2 2 2 2 2 2 2
left_child=2 -2 4 -3 5 6 7 8 9 -1 15 12 14 -13 -12 16 17 19 -18 20 22 25 23 26 -24 -22 27 28 -11 -28
right_child=1 3 -4 -5 -6 -7 -8 -9 -10 10 11 13 -14 -15 -16 -17 18 -19 -20 -21 21 -23 24 -25 -26 -27 29 -29 -30 -31
leaf_value=0.00061918342926739055 -0.0015368172536707589 0.0011172685403878513 0.00089909061412874836 -0.0003261005692183972 -0.00092522637569345543 0.0012404744320799813 -0.00065408308490939252 0.00091725312396074123 -0.0011468785913446202 -0.00014310041725703549 1.6116688493639233e-05 0.0024146214022766799 0.001183621573727578 0.00029837316878211616 -0.0021359766379464417 -0.00075329898520269331 0.00160854630052082 -0.0018539368977404332 1.6106152244866194e-05 0.0013126686694366592 -0.0018476927342514198 -0.0032425143057480455 -0.0030901920562610031 0.0021280183768951624 -5.756001803092659e-05 0.00065129321117542291 0.0026096349360332604 -0.0023871908407835738 0.0020770378488426406 3.1537257714460246e-05
leaf_weight=35 27 21 34 20 22 26 38 23 26 445 21 20 20 26 20 36 31 35 3274 35 24 22 20 29 20 38 21 21 24 46
leaf_count=35 27 21 34 20 22 26 38 23 26 445 21 20 20 26 20 36 31 35 3274 35 24 22 20 29 20 38 21 21 24 46
internal_value=1.82627e-13 -0.00036108 5.54004e-06 0.000413186 -1.36781e-06 3.27681e-06 -4.11793e-06 1.60996e-06 -3.30022e-06 3.67445e-06 -1.42082e-06 0.000348986 -0.000306699 0.00121848 -0.00103368 -1.0519e-05 -3.97306e-06 -0.000152342 3.10428e-05 -7.24009e-05 -0.000140679 -0.00108251 -1.42991e-05 9.21566e-05 -0.00157388 -0.000316056 -1.38397e-05 -0.000130534 -2.94899e-05 0.000839598
internal_weight=4500 68 4432 41 4398 4376 4350 4312 4289 4263 4228 107 61 46 41 4121 4085 780 3305 745 710 84 626 586 40 62 557 490 469 67
internal_count=4500 68 4432 41 4398 4376 4350 4312 4289 4263 4228 107 61 46 41 4121 4085 780 3305 745 710 84 626 586 40 62 557 490 469 67
is_linear=0
shrinkage=0.1


Tree=93
num_leaves=31
num_cat=0
split_feature=4 7 8 9 6 9 6 6 6 6 10 1 7 5 7 1 1 7 4 7 1 10 1 4 9 7 7 4 3 3
split_gain=0.00101917 0.00199458 0.00170109 0.00140774 0.00375679 0.0011169 0.00313216 0.00175098 0.00252456 0.00224785 0.00724654 0.00147281 0.00636063 0.00247872 0.00139627 0.00468996 0.00486766 0.00834855 0.00442878 0.00336975 0.00362785 0.0106315 0.0068584 0.00312792 0.00573246 0.00285442 0.00663328 0.00652179 0.00732446 0.0116033
threshold=95736.500000000015 48721032.000000007 97136.750000000015 106226.00000000001 101194.00000000001 99009.000000000015 97792.000000000015 95802.500000000015 94386.414062500015 92333.414062500015 101465.50000000001 151.50000000000003 99039564.000000015 77074.000000000015 177957968.00000003 107.50000000000001 134.50000000000003 296628528.00000006 37647.500000000007 193491000.00000003 130.50000000000003 91188.250000000015 122.50000000000001 63413.500000000007 78902.750000000015 92012912.000000015 90215320.000000015 70866.500000000015 91897.000000000015 93442.500000000015
decision_type=2 2 2 2 2 2 2 2 2 2 2 2 2 2 2 2 2 2 2 2 2 2 2 2 2 2 2 2 2 2
left_child=2 -2 3 4 5 6 7 8 9 11 -11 14 13 -13 25 -16 17 19 -19 -17 21 22 -21 24 -18 26 -1 28 -27 -30
right_child=1 -3 -4 -5 -6 -7 -8 -9 -10 10 -12 12 -14 -15 15 16 23 18 -20 20 -22 -23 -24 -25 -26 27 -28 -29 29 -31
leaf_value=-2.7811506782330617e-06 0.0012225101166404785 -6.673336184273164e-05 -0.00068027214398859318 -0.00073303672420129611 0.0013084479607641697 0.00063957332555825521 -0.0011694628441625316 0.00080338667806548387 -0.0009185762928488354 0.0021324585046386345 -0.00037895084134544489 -0.000425355633030579 0.0010106579090158145 -0.0018264129013835413 0.00068460592195730317 -0.0020650856571072444 0.00028900225386571356 -0.0011167079894221388 0.00058810534636677403 -0.0022872394876630453 -0.002008629002340881 0.00093519922360898024 2.4514483811799437e-05 0.0011291189319712835 -0.0015560322718340019 0.00030288402086673738 -0.0014728897898044859 0.0013777368404488599 -0.0027216541378514932 -0.00010556378219296841
leaf_weight=3092 20 30 37 26 22 27 23 27 30 20 27 28 21 23 55 28 85 20 64 33 21 31 21 27 21 456 31 45 21 88
leaf_count=3092 20 30 37 26 22 27 23 27 30 20 27 28 21 23 55 28 85 20 64 33 21 31 21 27 21 456 31 45 21 88
internal_value=5.79247e-14 0.000448964 -5.04454e-06 6.16784e-07 4.96486e-06 -1.60482e-06 -5.59555e-06 6.08142e-07 -4.44667e-06 1.99389e-06 0.000689734 -5.68215e-06 -0.000454078 -0.0010572 2.11793e-06 -0.000174 -0.000308539 -0.000599413 0.000182197 -0.00108938 -0.000831643 -0.000540858 -0.00138822 0.000168231 -7.65235e-05 2.12724e-05 -1.7374e-05 0.000219129 0.000126851 -0.000609581
internal_weight=4500 50 4450 4413 4387 4365 4338 4315 4288 4258 47 4211 72 51 4139 406 351 218 84 134 106 85 54 133 106 3733 3123 610 565 109
internal_count=4500 50 4450 4413 4387 4365 4338 4315 4288 4258 47 4211 72 51 4139 406 351 218 84 134 106 85 54 133 106 3733 3123 610 565 109
is_linear=0
shrinkage=0.1


Tree=94
num_leaves=31
num_cat=0
split_feature=1 7 7 3 10 4 9 3 1 4 7 7 1 1 6 3 4 8 5 8 8 5 10 3 5 7 7 10 10 10
split_gain=0.000953123 0.00600916 0.00642537 0.00466369 0.0111985 0.00825398 0.0026309 0.00245661 0.00222729 0.00443967 0.0018911 0.00401035 0.00257784 0.00425902 0.00403102 0.00239452 0.0014111 0.00243194 0.00669651 0.00230776 0.00468763 0.00299037 0.00496165 0.00462179 0.00496471 0.00359702 0.00356076 0.00292021 0.0062008 0.00559753
threshold=96.500000000000014 3398868.0000000005 10843239.500000002 90288.500000000015 75245.125000000015 37834.500000000007 36571.500000000007 67559.000000000015 98.500000000000014 41310.500000000007 1371899.0000000002 2794787.3750000005 140.50000000000003 131.50000000000003 51763.833984375007 49849.000000000007 25629.500000000004 28924.500000000004 58490.500000000007 34418.625000000007 33054.000000000007 41031.000000000007 42637.125000000007 46127.000000000007 48503.000000000007 13378472.500000002 10564117.000000002 49250.500000000007 49848.625000000007 50838.375000000007
decision_type=2 2 2 2 2 2 2 2 2 2 2 2 2 2 2 2 2 2 2 2 2 2 2 2 2 2 2 2 2 2
left_child=1 -1 -3 4 5 6 -4 -7 9 -2 15 12 13 14 -12 -10 17 -13 -19 20 -18 -21 -23 26 25 -25 -24 -26 -29 -30
right_child=8 2 3 -5 -6 7 -8 -9 10 -11 11 16 -14 -15 -16 -17 19 18 -20 21 -22 22 23 24 27 -27 -28 28 29 -31
leaf_value=-0.0017729998058216138 -0.0002913732018593388 0.0012606438707734925 -0.00020230863204536342 0.0010639425577773224 -0.0024334929212927823 0.00026479931190260685 -0.0016681083692237737 0.0017517242894973606 -0.0013896419610814933 0.0016127619091421367 0.00012273624346687876 -1.5455635534703677e-05 0.0016062914520840754 -0.00082618048458936672 0.0019681413576472552 4.0822774171829226e-05 -4.7349916898615738e-05 0.0022637984977336603 -0.00032396366295870397 0.0011890113664170107 -0.0013635069180868175 -0.0011297502823603841 0.0014316766554288366 -0.0020721426489762962 0.00064550340911784373 -0.00017556116450577973 0.00024989598754384534 -0.0014983214554376901 0.0011573566050018843 -1.786262991214131e-05
leaf_weight=22 24 32 24 21 25 25 25 20 22 25 29 67 22 21 20 25 94 20 20 21 38 39 37 20 68 20 82 28 41 3523
leaf_count=22 24 32 24 21 25 25 25 20 22 25 29 67 22 21 20 25 94 20 20 21 38 39 37 20 68 20 82 28 41 3523
internal_value=-5.6518e-13 -0.000216823 -1.77766e-05 -0.000309987 -0.000552445 -5.21665e-05 -0.000950166 0.000925655 9.76859e-06 0.000680124 2.0525e-06 9.09478e-06 0.000662074 0.00036532 0.000875963 -0.000628756 -5.49339e-06 0.000352908 0.000969917 -1.50543e-05 -0.000426244 -1.06182e-06 -7.53966e-06 3.92046e-06 -1.58085e-05 -0.00112385 0.00061734 -3.69869e-06 -1.59887e-05 -4.34299e-06
internal_weight=4500 194 172 140 119 94 49 45 4306 49 4257 4210 92 70 49 47 4118 107 40 4011 132 3879 3858 3819 3700 40 119 3660 3592 3564
internal_count=4500 194 172 140 119 94 49 45 4306 49 4257 4210 92 70 49 47 4118 107 40 4011 132 3879 3858 3819 3700 40 119 3660 3592 3564
is_linear=0
shrinkage=0.1


Tree=95
num_leaves=31
num_cat=0
split_feature=5 6 1 1 8 4 8 9 4 1 8 4 8 8 10 8 8 4 4 4 4 9 8 8 8 4 4 9 8 3
split_gain=0.000862155 0.00291066 0.00655932 0.00187002 0.00145988 0.00157973 0.00204717 0.0043106 0.00396803 0.00356012 0.00482673 0.00355464 0.00202416 0.00509024 0.00486127 0.00485286 0.00162235 0.00891066 0.00606656 0.00204741 0.00192905 0.00319709 0.00306318 0.0104071 0.00882239 0.00572021 0.0053034 0.00463107 0.00969901 0.00940826
threshold=125586.00000000001 104381.08203125001 126.50000000000001 119.50000000000001 95939.500000000015 89458.000000000015 88553.125000000015 97222.750000000015 83564.000000000015 124.50000000000001 91090.750000000015 82130.000000000015 83745.750000000015 82881.250000000015 91790.250000000015 85397.125000000015 81262.375000000015 77790.500000000015 75765.500000000015 76171.500000000015 74702.000000000015 81739.750000000015 77939.875000000015 77214.750000000015 75879.000000000015 72704.000000000015 71855.500000000015 77518.250000000015 71950.250000000015 88428.500000000015
decision_type=2 2 2 2 2 2 2 2 2 2 2 2 2 2 2 2 2 2 2 2 2 2 2 2 2 2 2 2 2 2
left_child=1 4 -3 -2 5 6 7 8 11 -8 -11 12 13 16 -14 -16 17 19 -18 20 22 -22 23 24 27 -24 -26 28 -1 -30
right_child=3 2 -4 -5 -6 -7 9 -9 -10 10 -12 -13 14 -15 15 -17 18 -19 -20 -21 21 -23 25 -25 26 -27 -28 -29 29 -31
leaf_value=-9.4208696390363483e-06 0.0011627036798745394 -0.002147915158420801 0.00032827946175213745 -7.7556011702625035e-05 0.00066593004616372509 -0.00082827103729157358 0.0015593899727758508 -0.001200394326200088 -0.0012059134741624197 -0.0011231974825204817 0.00098025162005797037 0.0013080362108580414 0.0018096964850666979 -0.0013488114208614985 -0.0011976121633779258 0.00087432210835126738 -0.00060697934063880341 -0.0021083776582963769 0.0016225783116309547 0.00080431664900970645 -0.0014781427782271867 0.00017175526008941235 0.0010714220835257378 -0.0017468210241264282 0.00040385557879363336 -0.00063054635871334804 0.002383886673487723 -0.00041849747606619307 0.00049763605976016218 0.0028239274974025431
leaf_weight=3400 20 20 23 31 33 23 23 30 27 20 24 21 21 28 20 26 23 20 26 32 23 24 67 34 31 28 24 256 101 21
leaf_count=3400 20 20 23 31 33 23 23 30 27 20 24 21 21 28 20 26 23 20 26 32 23 24 67 34 31 28 24 256 101 21
internal_value=-1.19213e-12 -4.68641e-06 -0.000823439 0.00040882 3.30414e-06 -1.69624e-06 2.67416e-06 -5.90602e-06 2.51971e-06 0.000551165 2.41384e-05 1.02404e-05 3.75916e-06 -5.06924e-06 0.000549011 -2.65189e-05 4.08521e-06 -2.81613e-06 0.000576051 7.60486e-06 1.24548e-06 -0.000635642 8.80068e-06 -4.98105e-06 1.04697e-05 0.000569789 0.00126787 -7.83552e-06 2.20138e-05 0.000898063
internal_weight=4500 4449 43 51 4406 4373 4350 4283 4253 67 44 4226 4205 4138 67 46 4110 4061 49 4041 4009 47 3962 3867 3833 95 55 3778 3522 122
internal_count=4500 4449 43 51 4406 4373 4350 4283 4253 67 44 4226 4205 4138 67 46 4110 4061 49 4041 4009 47 3962 3867 3833 95 55 3778 3522 122
is_linear=0
shrinkage=0.1


Tree=96
num_leaves=31
num_cat=0
split_feature=4 7 4 7 7 3 1 3 7 1 8 9 8 3 10 6 10 4 8 8 7 7 8 3 4 8 4 9 8 9
split_gain=0.000909251 0.00186507 0.0016407 0.00138185 0.00163591 0.00386737 0.00320581 0.00491278 0.00185093 0.00112666 0.00505105 0.00283388 0.0123874 0.0120314 0.0127147 0.0112268 0.00533534 0.00415745 0.0117716 0.00825853 0.0052204 0.00741538 0.00704446 0.0137105 0.00442354 0.00648226 0.00490714 0.00650896 0.00738774 0.00499858
threshold=95736.500000000015 48721032.000000007 90916.000000000015 1133249.8125000002 2508322.7500000005 63467.000000000007 131.50000000000003 38839.000000000007 2966941.1250000005 115.50000000000001 88553.125000000015 74048.750000000015 66709.875000000015 79061.000000000015 82524.875000000015 79548.167968750015 76538.875000000015 61917.500000000007 63847.000000000007 62276.375000000007 6083946.0000000009 11885731.000000002 52317.000000000007 41226.000000000007 46906.000000000007 47801.375000000007 55507.000000000007 58733.250000000007 57842.000000000007 55745.500000000007
decision_type=2 2 2 2 2 2 2 2 2 2 2 2 2 2 2 2 2 2 2 2 2 2 2 2 2 2 2 2 2 2
left_child=2 -2 3 -1 5 6 7 -5 -6 10 11 12 17 -13 -15 -16 -14 18 19 20 -10 22 23 -22 25 -23 27 29 -29 -26
right_child=1 -3 -4 4 8 -7 -8 -9 9 -11 -12 13 16 14 15 -17 -18 -19 -20 -21 21 24 -24 -25 26 -27 -28 28 -30 -31
leaf_value=0.00062641097864668289 0.0011720743926707656 -7.4610958496729542e-05 -0.00069676974706132629 0.00074314760975539688 0.00072936851265175003 -0.001573196468366818 0.0008130979612124738 -0.0012116031604819 0.00099493610726775639 -2.7985009282929244e-05 0.0016301291473653345 -0.0023776913605009515 0.0028913768410513351 0.0022555991208223118 -0.002160791007271554 0.00011902811896073185 0.00063464855076745153 -0.0013052663236687129 0.0024216485062857999 -0.0018884230606173249 -6.027383278706111e-05 9.1311907604066955e-05 0.00067218586115077846 -0.0031200943100783561 -0.00073155061275299112 0.0011245177178352606 0.00076603277320828065 -0.0023179526112097151 -5.3452042862772938e-05 0.0012351587531005256
leaf_weight=35 20 30 34 20 35 22 27 36 57 3320 21 24 22 22 27 108 20 22 21 22 32 252 21 27 28 80 32 34 25 24
leaf_count=35 20 30 34 20 35 22 27 36 57 3320 21 24 22 22 27 108 20 22 21 22 32 252 21 27 28 80 32 34 25 24
internal_value=3.49262e-12 0.000424063 -4.76475e-06 5.63186e-07 -4.43674e-06 -0.000394395 -8.19412e-05 -0.000513478 5.13893e-06 -8.37966e-07 9.70211e-05 6.12486e-05 0.00015028 -0.000292418 2.63494e-05 -0.000336936 0.00181674 4.68954e-05 9.23115e-05 1.51568e-05 8.35861e-05 -1.0012e-05 -0.000900693 -0.00146053 0.000139997 0.000340277 -0.000324988 -0.000639516 -0.00135842 0.000176161
internal_weight=4500 50 4450 4416 4381 105 83 56 4276 4241 921 900 719 181 157 135 42 677 655 634 612 555 80 59 475 332 143 111 59 52
internal_count=4500 50 4450 4416 4381 105 83 56 4276 4241 921 900 719 181 157 135 42 677 655 634 612 555 80 59 475 332 143 111 59 52
is_linear=0
shrinkage=0.1


Tree=97
num_leaves=31
num_cat=0
split_feature=5 8 7 3 3 9 3 10 9 9 7 7 1 7 6 9 5 8 7 4 7 9 4 6 10 4 4 3 4 8
split_gain=0.000920768 0.00886648 0.00800788 0.0147597 0.00517827 0.0068568 0.0126911 0.0104126 0.0144334 0.00497115 0.00875901 0.0110225 0.00516983 0.0170429 0.00495536 0.0104496 0.0100727 0.00484345 0.00509669 0.0071827 0.00481885 0.0042753 0.00514845 0.00420027 0.0141888 0.0126498 0.00989254 0.00934599 0.00911803 0.00915711
threshold=83301.500000000015 76464.500000000015 9472633.5000000019 86655.500000000015 82781.000000000015 76612.250000000015 80560.000000000015 79258.375000000015 73547.750000000015 75080.750000000015 86128648.000000015 98145308.000000015 105.50000000000001 132054092.00000001 74630.082031250015 73732.000000000015 77505.500000000015 63847.000000000007 143905016.00000003 62775.500000000007 13378472.500000002 63921.500000000007 58000.500000000007 71440.414062500015 76210.875000000015 63838.500000000007 62775.500000000007 79374.000000000015 62118.500000000007 62631.750000000007
decision_type=2 2 2 2 2 2 2 2 2 2 2 2 2 2 2 2 2 2 2 2 2 2 2 2 2 2 2 2 2 2
left_child=1 4 3 -2 5 7 -7 14 -9 10 -4 -12 13 -11 15 23 -17 21 19 -19 -14 -13 -23 25 -25 26 28 -26 29 -1
right_child=2 -3 9 -5 -6 6 -8 8 -10 12 11 17 20 -15 -16 16 -18 18 -20 -21 -22 22 -24 24 27 -27 -28 -29 -30 -31
leaf_value=-2.0285998207651563e-05 0.0030332814827561381 -0.0021283489424968141 0.0018100400858030127 -0.00036976221375740494 -0.0014793734803485374 -0.00022042153610123529 0.0031031246160273442 -0.0028803165276379637 0.00019653851106282203 -0.002438646934793464 -0.0020892155666660983 0.0007650536142237898 -0.0012561881051008259 0.00087136054831457197 0.0014983476054939357 -0.0028545692786574365 -0.00015672729425733129 0.0012824610368205379 0.0016751125738348649 -0.0012382387381512673 1.2389378783354522e-05 -0.0006879021500108965 0.0008689480048360565 0.0019647969321919269 -0.0019642713439205419 -0.0011437576234110314 0.0016600610115691215 0.0009914808999747038 -0.0017198911691472555 0.00067211248004215131
leaf_weight=2472 25 20 37 26 24 27 20 30 31 35 20 54 31 28 22 25 31 26 46 20 879 88 28 44 23 94 37 20 30 207
leaf_count=2472 25 20 37 26 24 27 20 30 31 35 20 54 31 28 22 25 31 26 46 20 879 88 28 44 23 94 37 20 30 207
internal_value=-7.23271e-13 -2.95032e-05 6.93535e-05 0.0012984 -1.6122e-05 -4.84092e-06 0.00119385 -2.32162e-05 -0.00131667 2.08386e-05 0.000363416 0.00017361 -9.1476e-05 -0.000967532 3.04024e-06 -7.98784e-06 -0.00136112 0.000346345 0.000930809 0.000186505 -3.08259e-05 3.00474e-05 -0.000312111 1.79006e-05 0.000702327 -3.06599e-06 3.59817e-05 -0.000589503 1.37998e-05 3.3214e-05
internal_weight=4500 3157 1343 51 3137 3113 47 3066 61 1292 319 282 973 63 3005 2983 56 262 92 46 910 170 116 2927 87 2840 2746 43 2709 2679
internal_count=4500 3157 1343 51 3137 3113 47 3066 61 1292 319 282 973 63 3005 2983 56 262 92 46 910 170 116 2927 87 2840 2746 43 2709 2679
is_linear=0
shrinkage=0.1


Tree=98
num_leaves=31
num_cat=0
split_feature=4 6 6 8 8 7 10 7 7 6 5 4 8 9 8 10 4 8 4 9 9 9 1 1 7 9 8 4 4 9
split_gain=0.000832856 0.000997623 0.00190133 0.00164001 0.00487091 0.00483112 0.00686698 0.00301104 0.006411 0.00221201 0.00254967 0.00247761 0.00174899 0.00137859 0.00524605 0.0109208 0.00427647 0.00257234 0.00319062 0.00355441 0.00781957 0.00459235 0.0038945 0.00503328 0.00674835 0.00275331 0.00219861 0.00439784 0.00727106 0.0036011
threshold=100017.50000000001 109155.58593750001 104381.08203125001 88553.125000000015 86979.375000000015 141901184.00000003 106399.87500000001 51346910.000000007 19747990.000000004 90716.250000000015 109318.50000000001 78401.000000000015 80537.750000000015 89019.750000000015 82881.250000000015 91790.250000000015 71508.000000000015 81262.375000000015 76843.000000000015 83090.500000000015 87563.250000000015 82255.250000000015 115.50000000000001 133.50000000000003 114546304.00000001 84630.000000000015 79024.375000000015 74269.000000000015 73004.000000000015 77518.250000000015
decision_type=2 2 2 2 2 2 2 2 2 2 2 2 2 2 2 2 2 2 2 2 2 2 2 2 2 2 2 2 2 2
left_child=1 2 3 4 9 6 7 8 -5 10 13 12 -11 14 17 -16 -15 18 19 21 22 26 -21 24 -24 -25 27 28 29 -1
right_child=-2 -3 -4 5 -6 -7 -8 -9 -10 11 -12 -13 -14 16 15 -17 -18 -19 -20 20 -22 -23 23 25 -26 -27 -28 -29 -30 -31
leaf_value=1.4930903286057391e-05 -0.00050052950215159048 0.00064669309067539877 -0.00085242013357436435 0.0011230388046081724 -0.0011973264723030084 0.0017867523618042469 -0.0013186886942443939 0.0014363600422467036 -0.0010864727548323572 0.0006136443892178397 -0.00094090718525092544 0.0011501345701981336 -0.0004667676704261324 -0.0003571044894245764 -4.3028748958655025e-05 -0.0028420446033123881 0.0013458733014352943 0.00087375416119089909 -0.00089981290511786938 0.0020266822215331639 -0.001236812271443861 -0.0014170362350895355 -0.0013660144283557717 0.0021904931613244117 0.00114560688380152 0.00055105528195521661 0.0010206552452429953 -0.0011915638201659728 0.0015295768291839669 -0.00042658928047435788
leaf_weight=3507 33 24 26 29 34 20 26 26 24 31 29 35 29 30 46 20 29 34 39 23 21 23 23 20 20 21 21 31 31 195
leaf_count=3507 33 24 26 29 34 20 26 26 24 31 29 35 29 30 46 20 29 34 39 23 21 23 23 20 20 21 21 31 31 195
internal_value=2.22798e-12 3.69767e-06 2.24364e-07 5.24333e-06 -5.15552e-06 0.000362298 9.09737e-05 0.000554913 0.000122505 4.36392e-06 -6.5241e-06 0.000481489 9.14452e-05 3.05942e-08 -6.91797e-06 -0.000891215 0.000479952 7.64018e-06 2.31914e-07 9.15004e-06 0.000527472 -8.27256e-06 0.000873734 0.000558046 -0.000197818 0.00135078 2.87961e-07 -5.40484e-06 4.44539e-06 -8.32583e-06
internal_weight=4500 4467 4443 4417 4292 125 105 79 53 4258 4163 95 60 4134 4075 66 59 4009 3975 3936 128 3808 107 84 43 41 3785 3764 3733 3702
internal_count=4500 4467 4443 4417 4292 125 105 79 53 4258 4163 95 60 4134 4075 66 59 4009 3975 3936 128 3808 107 84 43 41 3785 3764 3733 3702
is_linear=0
shrinkage=0.1


Tree=99
num_leaves=31
num_cat=0
split_feature=7 1 8 8 7 4 7 4 4 5 5 6 3 8 4 4 10 5 7 7 1 1 4 1 1 6 8 5 10 10
split_gain=0.00087072 0.00215406 0.00477198 0.0020759 0.00193051 0.00519957 0.00152291 0.00129193 0.00240906 0.0015135 0.00478738 0.00449093 0.00380387 0.00282068 0.0035386 0.00264921 0.00144367 0.007375 0.00701763 0.00470386 0.00422075 0.00568806 0.00585988 0.00503299 0.00208069 0.0038252 0.00245019 0.00240725 0.0107005 0.00574885
threshold=339543776.00000006 121.50000000000001 63499.125000000007 68844.125000000015 287250832.00000006 56704.500000000007 429009072.00000006 95736.500000000015 90916.000000000015 109318.50000000001 112249.00000000001 94993.082031250015 115078.50000000001 88553.125000000015 83564.000000000015 82130.000000000015 95473.250000000015 97151.500000000015 151604064.00000003 87917672.000000015 121.50000000000001 139.50000000000003 70866.500000000015 113.50000000000001 151.50000000000003 64097.917968750007 67312.000000000015 89157.000000000015 86807.625000000015 86041.000000000015
decision_type=2 2 2 2 2 2 2 2 2 2 2 2 2 2 2 2 2 2 2 2 2 2 2 2 2 2 2 2 2 2
left_child=4 3 -3 -2 7 -6 -4 8 9 11 -11 13 -12 14 15 16 17 24 -19 -18 23 22 -22 -21 27 -26 -27 28 29 -1
right_child=1 2 6 -5 5 -7 -8 -9 -10 10 12 -13 -14 -15 -16 -17 19 18 -20 20 21 -23 -24 -25 25 26 -28 -29 -30 -31
leaf_value=2.1010527236883008e-05 0.00023061651574347969 -0.00028102835591804857 0.0018325911399543933 -0.0010465134476544337 0.00031266802984256564 -0.001436965797929037 0.00066881932017911995 0.00052201473748588812 -0.00088348550827152322 0.0016137625486104907 -0.0011800677236169577 -0.0011515954975038767 0.00053997985260139107 0.0010614050519652666 -0.0012409168619500555 0.0011510412953794004 -0.0016539517821828752 0.0021913011223477952 -3.0935229086834525e-05 0.00017333828251470221 -0.00011879925750690745 -0.00076246381333262175 0.0017949466786376434 -0.001965690648648888 -0.0017197590244177265 0.00072683368676475116 -0.00078329089605672802 -0.00026229735668970364 0.001973446339668174 -0.0016007432978684931
leaf_weight=3387 35 36 23 20 35 33 22 47 31 24 20 34 36 25 23 20 22 30 27 22 32 34 32 22 20 21 22 315 28 22
leaf_count=3387 35 36 23 20 35 33 22 47 31 24 20 34 36 25 23 20 22 30 27 22 32 34 32 22 20 21 22 315 28 22
internal_value=-8.04802e-14 0.000249176 0.000577119 -0.000233794 -7.76533e-06 -0.000536419 0.00126364 6.02556e-07 -5.16501e-06 1.29017e-06 0.000432103 -7.03873e-06 -7.43229e-05 2.44346e-06 -4.04686e-06 2.96694e-06 -2.72223e-06 9.58648e-06 0.00113866 -0.000293328 -8.25268e-05 0.000282785 0.000838074 -0.000896176 -7.28308e-06 -0.000577208 -4.57882e-05 2.28655e-06 2.65356e-05 1.05445e-05
internal_weight=4500 136 81 55 4364 68 45 4296 4249 4218 80 4138 56 4104 4079 4056 4036 3872 57 164 142 98 64 44 3815 63 43 3752 3437 3409
internal_count=4500 136 81 55 4364 68 45 4296 4249 4218 80 4138 56 4104 4079 4056 4036 3872 57 164 142 98 64 44 3815 63 43 3752 3437 3409
is_linear=0
shrinkage=0.1


end of trees

feature_importances:
Column_7=489
Column_4=404
Column_1=383
Column_8=358
Column_9=351
Column_3=313
Column_5=260
Column_6=240
Column_10=202

parameters:
[boosting: gbdt]
[objective: regression]
[metric: l2]
[tree_learner: serial]
[device_type: cpu]
[data_sample_strategy: bagging]
[data: ]
[valid: ]
[num_iterations: 100]
[learning_rate: 0.1]
[num_leaves: 31]
[num_threads: 2]
[seed: 42]
[deterministic: 0]
[force_col_wise: 0]
[force_row_wise: 0]
[histogram_pool_size: -1]
[max_depth: -1]
[min_data_in_leaf: 20]
[min_sum_hessian_in_leaf: 0.001]
[bagging_fraction: 1]
[pos_bagging_fraction: 1]
[neg_bagging_fraction: 1]
[bagging_freq: 0]
[bagging_seed: 400]
[bagging_by_query: 0]
[feature_fraction: 1]
[feature_fraction_bynode: 1]
[feature_fraction_seed: 30056]
[extra_trees: 0]
[extra_seed: 12879]
[early_stopping_round: 0]
[early_stopping_min_delta: 0]
[first_metric_only: 0]
[max_delta_step: 0]
[lambda_l1: 0]
[lambda_l2: 0]
[linear_lambda: 0]
[min_gain_to_split: 0]
[drop_rate: 0.1]
[max_drop: 50]
[skip_drop: 0.5]
[xgboost_dart_mode: 0]
[uniform_drop: 0]
[drop_seed: 17869]
[top_rate: 0.2]
[other_rate: 0.1]
[min_data_per_group: 100]
[max_cat_threshold: 32]
[cat_l2: 10]
[cat_smooth: 10]
[max_cat_to_onehot: 4]
[top_k: 20]
[monotone_constraints: ]
[monotone_constraints_method: basic]
[monotone_penalty: 0]
[feature_contri: ]
[forcedsplits_filename: ]
[refit_decay_rate: 0.9]
[cegb_tradeoff: 1]
[cegb_penalty_split: 0]
[cegb_penalty_feature_lazy: ]
[cegb_penalty_feature_coupled: ]
[path_smooth: 0]
[interaction_constraints: ]
[verbosity: -1]
[saved_feature_importance_type: 0]
[use_quantized_grad: 0]
[num_grad_quant_bins: 4]
[quant_train_renew_leaf: 0]
[stochastic_rounding: 1]
[linear_tree: 0]
[max_bin: 255]
[max_bin_by_feature: ]
[min_data_in_bin: 3]
[bin_construct_sample_cnt: 200000]
[data_random_seed: 175]
[is_enable_sparse: 1]
[enable_bundle: 1]
[use_missing: 1]
[zero_as_missing: 0]
[feature_pre_filter: 1]
[pre_partition: 0]
[two_round: 0]
[header: 0]
[label_column: ]
[weight_column: ]
[group_column: ]
[ignore_column: ]
[categorical_feature: ]
[forcedbins_filename: ]
[precise_float_parser: 0]
[parser_config_file: ]
[objective_seed: 16083]
[num_class: 1]
[is_unbalance: 0]
[scale_pos_weight: 1]
[sigmoid: 1]
[boost_from_average: 1]
[reg_sqrt: 0]
[alpha: 0.9]
[fair_c: 1]
[poisson_max_delta_step: 0.7]
[tweedie_variance_power: 1.5]
[lambdarank_truncation_level: 30]
[lambdarank_norm: 1]
[label_gain: ]
[lambdarank_position_bias_regularization: 0]
[eval_at: ]
[multi_error_top_k: 1]
[auc_mu_weights: ]
[num_machines: 1]
[local_listen_port: 12400]
[time_out: 120]
[machine_list_filename: ]
[machines: ]
[gpu_platform_id: -1]
[gpu_device_id: -1]
[gpu_use_dp: 0]
[num_gpu: 1]

end of parameters

pandas_categorical:null
