qid,nstep,ndis,ninserts,firstNN,closestNN,furthestNN,meanNN,varNN,p25NN,p50NN,p75NN,r
0,4,71,6,1.718782901763916,1.5432416200637817,1.718782901763916,1.6270211935043335,0.005872758571058512,1.5513055324554443,1.6183173656463623,1.7054542303085327,0.0
1,4,63,6,1.4338290691375732,1.4338290691375732,1.5128118991851807,1.4664908647537231,0.0008004972478374839,1.4414045810699463,1.4646304845809937,1.4831929206848145,0.0
2,4,69,6,1.6423426866531372,1.4959516525268555,1.6423426866531372,1.5891234874725342,0.002834028098732233,1.5632898807525635,1.595710277557373,1.6383346319198608,0.0
3,4,52,6,1.6066370010375977,1.4029669761657715,1.6185312271118164,1.549880027770996,0.00735371932387352,1.4955767393112183,1.6061229705810547,1.6066370010375977,0.0
4,4,70,6,1.4910094738006592,1.3274461030960083,1.5099880695343018,1.4669095277786255,0.004007411655038595,1.4801851511001587,1.4910094738006592,1.5018224716186523,0.0
5,4,74,6,1.6181002855300903,1.5561199188232422,1.6212459802627563,1.594923973083496,0.0006412102957256138,1.577681064605713,1.5983517169952393,1.6181002855300903,0.0
6,4,74,6,1.3807889223098755,1.3807889223098755,1.4631080627441406,1.4199557304382324,0.000979550532065332,1.3888614177703857,1.4256465435028076,1.4423701763153076,0.2
7,4,69,6,1.528598427772522,1.2040166854858398,1.528598427772522,1.3630870580673218,0.019167684018611908,1.2334567308425903,1.3461378812789917,1.5048359632492065,0.3
8,4,74,6,1.6602387428283691,1.5575008392333984,1.6602387428283691,1.6194093227386475,0.0013975967885926366,1.5957058668136597,1.6262786388397217,1.652052879333496,0.0
9,4,74,6,1.204344630241394,0.8844902515411377,1.204344630241394,1.0939666032791138,0.01705086976289749,0.9915268421173096,1.1640448570251465,1.2006518840789795,0.5
10,4,75,6,1.6064188480377197,0.51275634765625,1.6064188480377197,1.3641291856765747,0.1590077430009842,1.351346731185913,1.5917472839355469,1.606105923652649,0.0
11,4,73,6,1.6360054016113281,1.3554131984710693,1.6360054016113281,1.4990085363388062,0.012053865939378738,1.4150419235229492,1.4773056507110596,1.6096270084381104,0.0
12,4,74,6,1.300562858581543,1.1482638120651245,1.3316404819488525,1.266171932220459,0.0034717002417892218,1.2537767887115479,1.2835057973861694,1.300562858581543,0.0
13,4,69,6,1.0723931789398193,0.586320698261261,1.0723931789398193,0.9537633061408997,0.029993470758199692,0.9407904148101807,1.0352733135223389,1.0718356370925903,0.5
14,4,58,6,1.1309094429016113,0.0,1.1309094429016113,0.594720184803009,0.2080678790807724,0.17112025618553162,0.632814347743988,1.024124264717102,0.4
15,4,64,6,0.7359005808830261,0.0,0.7359005808830261,0.4909946620464325,0.06195032596588135,0.4376786947250366,0.5334787964820862,0.6863930225372314,0.5
16,4,54,6,0.8756756782531738,1.2096562900659746e-13,0.8756756782531738,0.4291074573993683,0.17779022455215454,0.012203563936054707,0.405639111995697,0.8563841581344604,0.3
17,4,67,6,1.5140650272369385,1.1587226390838623,1.5140650272369385,1.3814222812652588,0.0222175233066082,1.2524126768112183,1.456207513809204,1.5031893253326416,0.2
18,4,66,6,1.306899070739746,1.0725222826004028,1.3524730205535889,1.2282636165618896,0.011335917748510838,1.1336530447006226,1.2678875923156738,1.306899070739746,0.2
19,4,54,6,0.8916805982589722,0.0,0.8916805982589722,0.43765559792518616,0.18405839800834656,0.013087715953588486,0.4152786135673523,0.8723233938217163,0.3
20,4,56,6,1.5085229873657227,1.1182341575622559,1.5085229873657227,1.385164499282837,0.023313971236348152,1.287097454071045,1.4694406986236572,1.506633996963501,0.1
21,4,78,6,1.510676383972168,1.3039286136627197,1.510676383972168,1.4267908334732056,0.006173348519951105,1.3740167617797852,1.4324170351028442,1.5031713247299194,0.1
22,4,72,6,1.2145633697509766,1.053741216659546,1.2145633697509766,1.1505825519561768,0.003712828503921628,1.1048648357391357,1.1640806198120117,1.2074475288391113,0.3
23,4,78,6,1.4058830738067627,1.3490331172943115,1.4058830738067627,1.3752611875534058,0.0005565346218645573,1.3541100025177002,1.3693325519561768,1.399045467376709,0.0
24,4,72,6,1.7974720001220703,1.275333285331726,1.7974720001220703,1.5252220630645752,0.04277328774333,1.3616864681243896,1.4671521186828613,1.7300570011138916,0.0
25,4,73,6,1.1761913299560547,0.9738542437553406,1.1761913299560547,1.1107767820358276,0.004866225644946098,1.0900890827178955,1.1276376247406006,1.1682344675064087,0.4
26,4,73,6,1.6377449035644531,0.781076967716217,1.6377449035644531,1.2146718502044678,0.13683417439460754,0.8827189803123474,1.176246166229248,1.5929418802261353,0.3
27,4,64,6,1.5235638618469238,1.4391649961471558,1.5616375207901,1.511042594909668,0.0013597268844023347,1.5054295063018799,1.5200965404510498,1.5235638618469238,0.0
28,4,75,6,1.3253976106643677,0.7070409059524536,1.3253976106643677,1.0364524126052856,0.06252583116292953,0.808698832988739,1.0459091663360596,1.285098910331726,0.3
29,4,75,6,1.5371357202529907,1.393401861190796,1.5371357202529907,1.4666191339492798,0.0032125948928296566,1.4174538850784302,1.4635521173477173,1.5208768844604492,0.0
30,4,58,6,1.0191593170166016,0.7615689635276794,1.0597960948944092,0.9913817644119263,0.01079784706234932,1.0191593170166016,1.027429223060608,1.0486054420471191,0.1
31,4,72,6,1.1513726711273193,0.5782121419906616,1.1513726711273193,0.8842398524284363,0.048970796167850494,0.7006519436836243,0.8878183364868164,1.0934205055236816,0.4
32,4,73,6,1.1792817115783691,0.4381871819496155,1.1792817115783691,0.8171200156211853,0.08393969386816025,0.5721174478530884,0.7962901592254639,1.0955307483673096,0.4
33,4,73,6,1.4938979148864746,0.9215824604034424,1.4938979148864746,1.192903995513916,0.04870329424738884,1.0660210847854614,1.0941338539123535,1.3963028192520142,0.0
34,4,69,6,1.3842684030532837,1.026308536529541,1.3842684030532837,1.2626118659973145,0.014605344273149967,1.235414743423462,1.279039740562439,1.3593662977218628,0.1
35,4,67,6,1.1739277839660645,0.22757720947265625,1.1739277839660645,0.8182642459869385,0.11812002211809158,0.6142541170120239,0.9083970189094543,1.1084092855453491,0.4
36,4,68,6,1.0956681966781616,0.9554691910743713,1.0956681966781616,1.0479003190994263,0.0025212441105395555,1.0226094722747803,1.064185380935669,1.0904033184051514,0.4
37,4,75,6,1.1219971179962158,0.310147762298584,1.1219971179962158,0.7247586846351624,0.127318874001503,0.3857709765434265,0.7135515213012695,1.0879828929901123,0.3
38,4,71,6,1.4036915302276611,1.2319865226745605,1.4036915302276611,1.328926920890808,0.005334184970706701,1.2568023204803467,1.3481292724609375,1.398480772972107,0.0
39,4,53,6,1.277113676071167,1.2576320171356201,1.4169867038726807,1.3148605823516846,0.003017549170181155,1.277113676071167,1.2920026779174805,1.341792345046997,0.0
40,4,70,6,1.0158355236053467,0.7668671607971191,1.0941625833511353,0.9809448719024658,0.01047456543892622,0.9823318719863892,1.0158355236053467,1.0203120708465576,0.4
41,4,64,6,0.9368120431900024,0.9368120431900024,1.157875895500183,1.0552558898925781,0.007587072439491749,0.9715555906295776,1.091607928276062,1.1144721508026123,0.4
42,4,68,6,1.2039028406143188,0.7480258941650391,1.2051783800125122,0.9971522092819214,0.044634249061346054,0.7800611853599548,1.0383177995681763,1.2039028406143188,0.3
43,4,70,6,1.0183614492416382,0.7751561999320984,1.0876262187957764,0.978203296661377,0.009927256032824516,0.9639537334442139,1.0183614492416382,1.022512674331665,0.3
44,4,52,6,1.578031063079834,1.3436682224273682,1.578031063079834,1.4602413177490234,0.009152241982519627,1.3755706548690796,1.446874976158142,1.557365894317627,0.0
45,4,71,6,0.9870002269744873,0.8348506689071655,1.0380635261535645,0.9778191447257996,0.00449517322704196,0.9870002269744873,0.9894044399261475,1.019095778465271,0.5
46,4,62,6,0.9958497881889343,0.925936758518219,1.044620394706726,1.002209186553955,0.0015169737162068486,0.9958497881889343,1.0043507814407349,1.031822919845581,0.5
47,4,64,6,1.670565128326416,1.454115629196167,1.670565128326416,1.5455409288406372,0.008008652366697788,1.4890873432159424,1.4952843189239502,1.627051830291748,0.0
48,4,71,6,1.4843922853469849,0.9071014523506165,1.4843922853469849,1.1133296489715576,0.06899590790271759,0.9262763261795044,0.9393848776817322,1.3507018089294434,0.4
49,4,67,6,1.745211124420166,1.3300296068191528,1.745211124420166,1.5543487071990967,0.022053774446249008,1.4863572120666504,1.511918544769287,1.6898629665374756,0.0
50,4,70,6,1.0214786529541016,0.9857929944992065,1.0930949449539185,1.0476919412612915,0.0016403564950451255,1.0214786529541016,1.046818733215332,1.0871505737304688,0.5
51,4,72,6,1.103819489479065,0.699264407157898,1.103819489479065,0.9051886796951294,0.026727449148893356,0.7530120015144348,0.9035428166389465,1.064481258392334,0.3
52,4,77,6,1.3134534358978271,1.093151330947876,1.3431391716003418,1.2461028099060059,0.009846342727541924,1.1647394895553589,1.3020517826080322,1.3134534358978271,0.1
53,4,68,6,1.5396279096603394,1.3656630516052246,1.6183240413665771,1.4948440790176392,0.006997907999902964,1.4351469278335571,1.5140330791473389,1.5396279096603394,0.0
54,4,78,6,1.4074678421020508,1.0671011209487915,1.4074678421020508,1.2317689657211304,0.017647529020905495,1.138929843902588,1.1851156949996948,1.3629878759384155,0.3
55,4,76,6,1.3892041444778442,1.1677294969558716,1.4044784307479858,1.3181343078613281,0.010645322501659393,1.228294849395752,1.3849492073059082,1.3892041444778442,0.2
56,4,78,6,1.6407861709594727,1.1155627965927124,1.6407861709594727,1.3156518936157227,0.05330318212509155,1.1515569686889648,1.174095630645752,1.5275193452835083,0.1
57,4,74,6,1.5827854871749878,1.2480454444885254,1.5827854871749878,1.4078303575515747,0.019999457523226738,1.2831032276153564,1.3761093616485596,1.552900791168213,0.0
58,4,75,6,1.133095145225525,0.9103251695632935,1.133095145225525,1.0069334506988525,0.008482552133500576,0.9333868622779846,0.9696371555328369,1.0956110954284668,0.4
59,4,72,6,1.2371976375579834,1.1698943376541138,1.367600679397583,1.2316768169403076,0.004354044795036316,1.1848597526550293,1.2173668146133423,1.2371976375579834,0.3
60,4,69,6,1.1654818058013916,1.0247308015823364,1.1654818058013916,1.1080148220062256,0.0029199530836194754,1.0664218664169312,1.1171720027923584,1.159813404083252,0.3
61,4,72,6,1.435743808746338,1.0920939445495605,1.435743808746338,1.2667325735092163,0.016763851046562195,1.1835750341415405,1.2280755043029785,1.3927676677703857,0.3
62,4,69,6,1.2967300415039062,0.9280358552932739,1.3220393657684326,1.1702786684036255,0.026632975786924362,1.0249251127243042,1.257042407989502,1.2967300415039062,0.2
63,4,62,6,1.2771587371826172,0.9215114116668701,1.2771587371826172,1.1109092235565186,0.019965671002864838,0.98529052734375,1.1230967044830322,1.241701602935791,0.1
64,4,66,6,1.6982643604278564,1.232206106185913,1.6982643604278564,1.5244781970977783,0.034210704267024994,1.3804525136947632,1.604555368423462,1.6772912740707397,0.0
65,4,67,6,1.1394782066345215,0.9017825126647949,1.1394782066345215,1.0820109844207764,0.006911529693752527,1.0870685577392578,1.1154484748840332,1.1355867385864258,0.1
66,4,72,6,1.3100600242614746,0.7995113134384155,1.3100600242614746,1.063073754310608,0.04214593768119812,0.8741834163665771,1.0629650354385376,1.2645046710968018,0.2
67,4,73,6,1.252052664756775,0.8262448310852051,1.252052664756775,1.039435863494873,0.026948384940624237,0.920785129070282,0.9957597255706787,1.2021934986114502,0.3
68,4,62,6,1.3866627216339111,0.9687103629112244,1.3866627216339111,1.1914838552474976,0.028141474351286888,1.044208288192749,1.1914516687393188,1.359487771987915,0.2
69,4,70,6,1.4859247207641602,0.6466178894042969,1.4859247207641602,1.2350883483886719,0.07976266741752625,1.2311094999313354,1.2855658531188965,1.4418151378631592,0.1
70,4,64,6,1.6217775344848633,0.9993754625320435,1.6217775344848633,1.3603503704071045,0.06719015538692474,1.1253739595413208,1.419283390045166,1.6110546588897705,0.2
71,4,74,6,1.0928581953048706,0.7322394847869873,1.3289153575897217,1.0703507661819458,0.03860369324684143,0.971727728843689,1.0928581953048706,1.2061262130737305,0.2
72,4,69,6,0.7715411186218262,0.6051161289215088,0.8043675422668457,0.726836621761322,0.006210360210388899,0.664392352104187,0.7715411186218262,0.7777185440063477,0.5
73,4,68,6,1.0765249729156494,0.7602717876434326,1.0765249729156494,0.932004988193512,0.014689617790281773,0.8364286422729492,0.9283285140991211,1.0516676902770996,0.4
74,4,65,6,0.9847741723060608,0.5483577251434326,0.9847741723060608,0.7888778448104858,0.028650665655732155,0.6503227949142456,0.8087791204452515,0.9409996271133423,0.4
75,4,72,6,1.5349998474121094,1.2708830833435059,1.5349998474121094,1.4073193073272705,0.014637081883847713,1.2931909561157227,1.4057247638702393,1.5296087265014648,0.0
76,4,74,6,1.7018465995788574,0.8494279384613037,1.7018465995788574,1.2136613130569458,0.12319023162126541,0.9774525761604309,1.0276340246200562,1.5429333448410034,0.4
77,4,68,6,1.6777188777923584,0.6787211894989014,1.6777188777923584,1.368384838104248,0.12174165993928909,1.2621171474456787,1.4931786060333252,1.6351062059402466,0.1
78,4,66,6,1.00907301902771,0.8387644290924072,1.0702579021453857,1.0011283159255981,0.005709788296371698,1.00907301902771,1.0242058038711548,1.0400320291519165,0.1
79,4,71,6,1.2412784099578857,0.7543114423751831,1.2412784099578857,1.0683220624923706,0.02699602209031582,1.030512809753418,1.073628544807434,1.2066155672073364,0.4
80,4,71,6,1.398929476737976,1.0025714635849,1.4004899263381958,1.3107194900512695,0.020711185410618782,1.3071755170822144,1.3898367881774902,1.398929476737976,0.1
81,4,76,6,1.098020315170288,1.0582408905029297,1.180625557899475,1.1065423488616943,0.0018758793594315648,1.0708993673324585,1.098020315170288,1.1313709020614624,0.3
82,4,67,6,1.6428987979888916,1.1586592197418213,1.6428987979888916,1.454903244972229,0.032236918807029724,1.3322808742523193,1.5016121864318848,1.6120030879974365,0.0
83,4,74,6,1.6367359161376953,0.7846664190292358,1.6367359161376953,1.1787407398223877,0.11225316673517227,0.9568155407905579,1.038388729095459,1.493077039718628,0.4
84,4,75,6,1.1219937801361084,0.8205978274345398,1.1219937801361084,1.000365138053894,0.013360666111111641,0.9093559980392456,1.0272451639175415,1.1080982685089111,0.5
85,4,73,6,1.6109927892684937,1.1263270378112793,1.6109927892684937,1.3522369861602783,0.04161345213651657,1.1720629930496216,1.2991914749145508,1.5608218908309937,0.1
86,4,72,6,1.3028361797332764,1.1740847826004028,1.3028361797332764,1.2506211996078491,0.002385162515565753,1.2195814847946167,1.2523804903030396,1.298142671585083,0.0
87,4,75,6,1.09645414352417,0.9440399408340454,1.104791283607483,1.0357346534729004,0.0046748993918299675,0.9682435989379883,1.0594844818115234,1.09645414352417,0.5
88,4,63,6,1.1393680572509766,0.5456839799880981,1.1393680572509766,0.8828135132789612,0.046135783195495605,0.7553885579109192,0.8638390302658081,1.089644193649292,0.4
89,4,65,6,1.8231327533721924,1.5565346479415894,1.8231327533721924,1.6591397523880005,0.013570026494562626,1.5774986743927002,1.5879676342010498,1.7659120559692383,0.0
90,4,71,6,1.41532301902771,1.4082547426223755,1.4828615188598633,1.435441255569458,0.0008003278053365648,1.41532301902771,1.4203540086746216,1.4554717540740967,0.0
91,4,71,6,1.468946933746338,1.3144925832748413,1.5608806610107422,1.48544180393219,0.007305166218429804,1.468946933746338,1.5055114030838013,1.5535000562667847,0.0
92,4,76,6,1.436172604560852,1.2512238025665283,1.436172604560852,1.3758703470230103,0.004683209583163261,1.3379851579666138,1.4048843383789062,1.432999610900879,0.0
93,4,61,6,1.140465259552002,1.0979785919189453,1.1900837421417236,1.1393955945968628,0.0007363006006926298,1.1308233737945557,1.1399449110031128,1.140465259552002,0.3
94,4,75,6,1.539052963256836,1.0572510957717896,1.539052963256836,1.2698071002960205,0.03775487840175629,1.1468145847320557,1.169316291809082,1.4507732391357422,0.3
95,4,72,6,1.1654536724090576,1.0978237390518188,1.1851646900177002,1.1530636548995972,0.0007333742687478662,1.1511279344558716,1.159963607788086,1.1654536724090576,0.5
96,4,75,6,1.311828374862671,1.311828374862671,1.4320173263549805,1.3499655723571777,0.001904851756989956,1.3123730421066284,1.3373162746429443,1.3672714233398438,0.0
97,4,73,6,1.2931926250457764,1.0160584449768066,1.2931926250457764,1.1683790683746338,0.013504046946763992,1.063938021659851,1.177258014678955,1.284571647644043,0.3
98,4,71,6,1.4636220932006836,0.9469038248062134,1.4636220932006836,1.205954909324646,0.046465031802654266,1.018312692642212,1.1740883588790894,1.426501750946045,0.3
99,4,72,6,1.0284206867218018,0.8460454940795898,1.0284206867218018,0.9432581067085266,0.005507914815098047,0.8728514313697815,0.9508846998214722,1.01507568359375,0.5
100,4,75,6,1.323366403579712,1.201248288154602,1.323366403579712,1.286787748336792,0.0017182898009195924,1.2824965715408325,1.2975642681121826,1.3170229196548462,0.0
101,4,72,6,1.145491600036621,1.1228840351104736,1.1664447784423828,1.1433970928192139,0.0001653615472605452,1.1389858722686768,1.1438130140304565,1.145491600036621,0.5
102,4,67,6,1.3153579235076904,1.0849521160125732,1.3153579235076904,1.2648983001708984,0.006943885702639818,1.2670023441314697,1.3098514080047607,1.3149563074111938,0.2
103,4,69,6,1.7586297988891602,1.6794301271438599,1.7685564756393433,1.7293837070465088,0.0011791912838816643,1.7005728483200073,1.7370340824127197,1.7586297988891602,0.0
104,4,70,6,0.8870797157287598,0.8021420240402222,0.9795974493026733,0.911943793296814,0.0037825140170753,0.8870797157287598,0.913787841796875,0.9665750861167908,0.5
105,4,74,6,1.5970311164855957,1.133128046989441,1.5970311164855957,1.3843791484832764,0.03681764751672745,1.1983404159545898,1.422128438949585,1.5616178512573242,0.2
106,4,67,6,1.8126946687698364,1.6083122491836548,1.8126946687698364,1.710436463356018,0.006526704411953688,1.6464650630950928,1.6928586959838867,1.7918848991394043,0.0
107,4,69,6,1.5740519762039185,1.411171317100525,1.630164623260498,1.5214238166809082,0.005830219015479088,1.466384768486023,1.5249686241149902,1.5740519762039185,0.0
108,4,75,6,1.6378169059753418,1.0685582160949707,1.6378169059753418,1.3561280965805054,0.046246208250522614,1.209222674369812,1.3008956909179688,1.5626765489578247,0.3
109,4,76,6,1.6547863483428955,1.4304311275482178,1.6884002685546875,1.5868594646453857,0.010133257135748863,1.5052769184112549,1.6416807174682617,1.6547863483428955,0.0
110,4,71,6,1.3567419052124023,0.46054500341415405,1.3567419052124023,1.064761996269226,0.10894764214754105,0.8916447758674622,1.2112061977386475,1.3256129026412964,0.1
111,4,56,6,1.3328360319137573,0.0,1.3328360319137573,0.8686715364456177,0.3779048025608063,0.3165353536605835,1.2731785774230957,1.31968092918396,0.4
112,4,62,6,1.3514224290847778,1.1141260862350464,1.3514224290847778,1.294771432876587,0.007098647300153971,1.2931307554244995,1.3335875272750854,1.3505918979644775,0.1
113,4,70,6,0.6831775903701782,0.6831775903701782,0.8660758137702942,0.7491963505744934,0.004391608294099569,0.6893321871757507,0.7335633635520935,0.7865479588508606,0.4
114,4,56,6,0.9969291687011719,0.5799117088317871,0.9969291687011719,0.7636784315109253,0.028475996106863022,0.6484710574150085,0.6858766674995422,0.9195744395256042,0.4
115,4,76,6,1.3787927627563477,0.999115526676178,1.3787927627563477,1.2225900888442993,0.024826740846037865,1.0757853984832764,1.273580551147461,1.3688582181930542,0.2
116,4,66,6,1.6291371583938599,1.6291371583938599,1.815483808517456,1.7200543880462646,0.006060302723199129,1.6437013149261475,1.7155735492706299,1.797504186630249,0.0
117,4,55,6,1.1623775959014893,0.7376450896263123,1.1623775959014893,0.9349123239517212,0.031185738742351532,0.7682586908340454,0.9047143459320068,1.109115481376648,0.2
118,4,57,6,0.8134409189224243,0.7750837206840515,1.0462528467178345,0.8612686395645142,0.008574815467000008,0.8098094463348389,0.8134409189224243,0.8864561915397644,0.5
119,4,71,6,1.3567419052124023,0.46054500341415405,1.3567419052124023,1.064761996269226,0.10894764214754105,0.8916447758674622,1.2112061977386475,1.3256129026412964,0.1
120,4,77,6,1.7942614555358887,1.4023385047912598,1.7942614555358887,1.6499826908111572,0.017902934923768044,1.6030786037445068,1.6587369441986084,1.7656567096710205,0.0
121,4,76,6,1.7122771739959717,1.5205323696136475,1.7122771739959717,1.6134706735610962,0.006292480044066906,1.5381675958633423,1.6049787998199463,1.6928645372390747,0.0
122,4,76,6,1.0321201086044312,1.0321201086044312,1.1664053201675415,1.0787657499313354,0.0021090267691761255,1.0411999225616455,1.0706369876861572,1.093714952468872,0.3
123,4,76,6,1.6849852800369263,1.607656717300415,1.6883807182312012,1.658590316772461,0.0008962404099293053,1.642320156097412,1.664322853088379,1.6849852800369263,0.0
124,4,76,6,1.717907190322876,1.1196401119232178,1.717907190322876,1.4632781744003296,0.05534747987985611,1.262261152267456,1.5058282613754272,1.6885015964508057,0.1
125,4,71,6,0.9250518083572388,0.6714634299278259,0.9884166121482849,0.8446869254112244,0.013265888206660748,0.7486504912376404,0.8824788331985474,0.9250518083572388,0.5
126,4,70,6,1.7460263967514038,0.9393529295921326,1.7460263967514038,1.4892154932022095,0.09151928871870041,1.3190839290618896,1.6347010135650635,1.7336502075195312,0.1
127,4,75,6,1.7047483921051025,0.0,1.7047483921051025,1.1323670148849487,0.5235205292701721,0.5473996996879578,1.572050929069519,1.6976398229599,0.2
128,4,77,6,1.6124399900436401,0.6220555305480957,1.6124399900436401,1.2137037515640259,0.12703581154346466,0.9987176656723022,1.260509729385376,1.5265679359436035,0.2
129,4,74,6,1.1268584728240967,0.760337233543396,1.1268584728240967,0.9361793994903564,0.02384861372411251,0.7900594472885132,0.9139310717582703,1.093420147895813,0.3
130,4,57,6,1.085292100906372,0.6847183108329773,1.142914056777954,0.9267565011978149,0.033554479479789734,0.7606756687164307,0.9537122249603271,1.085292100906372,0.3
131,4,65,6,1.0749647617340088,0.7922587394714355,1.0749647617340088,0.9100075364112854,0.013902784325182438,0.8337292671203613,0.8426635265350342,1.018223524093628,0.4
132,4,68,6,1.562251329421997,0.7803195118904114,1.562251329421997,1.089358925819397,0.1133456900715828,0.8541412353515625,0.8909913301467896,1.4000544548034668,0.4
133,4,69,6,1.410839319229126,0.9420938491821289,1.4672787189483643,1.2778656482696533,0.03543611988425255,1.1662518978118896,1.3662747144699097,1.410839319229126,0.0
134,4,66,6,1.3859258890151978,1.1476390361785889,1.418409824371338,1.3544504642486572,0.008801506832242012,1.3775306940078735,1.3859258890151978,1.407034158706665,0.0
135,4,64,6,1.2083353996276855,0.9534107446670532,1.2083353996276855,1.0922566652297974,0.012540150433778763,0.9892046451568604,1.1003234386444092,1.204317331314087,0.1
136,4,56,6,1.1426202058792114,1.0389127731323242,1.1957249641418457,1.1229240894317627,0.0032400740310549736,1.0765113830566406,1.1426202058792114,1.1580485105514526,0.0
137,4,57,6,1.0504345893859863,0.6745725274085999,1.0797430276870728,0.8908131122589111,0.029533255845308304,0.7327290773391724,0.9097585678100586,1.0504345893859863,0.3
138,4,74,6,1.5902220010757446,1.489841341972351,1.5902220010757446,1.5327478647232056,0.0017901542596518993,1.4959198236465454,1.5179743766784668,1.5734237432479858,0.0
139,4,69,6,1.6976125240325928,0.686314582824707,1.6976125240325928,1.1365305185317993,0.16657191514968872,0.8434054255485535,0.9599736928939819,1.5230629444122314,0.2
140,4,68,6,1.4490082263946533,1.3873414993286133,1.4490082263946533,1.416587471961975,0.0006362957647070289,1.396144151687622,1.4090288877487183,1.4422080516815186,0.0
141,4,65,6,0.6693487167358398,0.47692054510116577,0.7395813465118408,0.6320653557777405,0.009742291644215584,0.5568845868110657,0.6693487167358398,0.7056843638420105,0.5
142,4,65,6,0.5435530543327332,0.4067930579185486,0.6383389830589294,0.5278782844543457,0.006105782929807901,0.4735313057899475,0.5435530543327332,0.5745189785957336,0.5
143,4,61,6,1.2633082866668701,0.7061792612075806,1.2633082866668701,1.0319249629974365,0.0410415381193161,0.9104146361351013,1.0291717052459717,1.226960301399231,0.3
144,4,66,6,1.1572179794311523,0.9357280731201172,1.1572179794311523,1.0827888250350952,0.005602810997515917,1.067403793334961,1.0910606384277344,1.1443755626678467,0.0
145,4,66,6,1.3155934810638428,0.90211421251297,1.370142936706543,1.2198982238769531,0.024678366258740425,1.1807916164398193,1.288964033126831,1.3155934810638428,0.1
146,4,65,6,1.4231239557266235,0.4926608204841614,1.4231239557266235,0.9513980746269226,0.14714361727237701,0.5921148061752319,0.9146651029586792,1.3376727104187012,0.3
147,4,62,6,1.2866358757019043,0.7831467986106873,1.2866358757019043,1.044904112815857,0.045817822217941284,0.8464054465293884,1.0411434173583984,1.2621824741363525,0.2
148,4,71,6,1.0971746444702148,1.0971746444702148,1.1742955446243286,1.1399686336517334,0.0009597706375643611,1.1108263731002808,1.1556968688964844,1.1597329378128052,0.0
149,4,63,6,1.5871853828430176,0.8405362367630005,1.5871853828430176,1.2946826219558716,0.07527124136686325,1.1353334188461304,1.3136224746704102,1.5563249588012695,0.1
150,4,73,6,1.154205560684204,1.154205560684204,1.229042887687683,1.184781789779663,0.0007284099701792002,1.1591349840164185,1.184091567993164,1.2008551359176636,0.1
151,4,73,6,1.3745815753936768,1.281761646270752,1.496824860572815,1.3751111030578613,0.005273892544209957,1.3180773258209229,1.3745815753936768,1.4114011526107788,0.0
152,4,74,6,1.3123224973678589,1.1499669551849365,1.4147800207138062,1.2718303203582764,0.007327334955334663,1.2159183025360107,1.271435260772705,1.3123224973678589,0.0
153,4,69,6,1.3491382598876953,1.028206706047058,1.3491382598876953,1.2151823043823242,0.016156690195202827,1.1206228733062744,1.224338412284851,1.34035062789917,0.1
154,4,75,6,1.5185273885726929,1.2887208461761475,1.5185273885726929,1.4174282550811768,0.008447081781923771,1.33436918258667,1.4333215951919556,1.5053004026412964,0.0
155,4,61,6,0.8563237190246582,0.6769548654556274,0.9829561710357666,0.8404062986373901,0.008655665442347527,0.8053858876228333,0.8563237190246582,0.8751855492591858,0.4
156,4,76,6,1.4549146890640259,0.7842496633529663,1.4549146890640259,1.2084720134735107,0.08734814822673798,0.9386656284332275,1.3766231536865234,1.4434622526168823,0.2
157,4,75,6,1.2823292016983032,1.1547160148620605,1.4344947338104248,1.2674360275268555,0.007443244569003582,1.2225686311721802,1.256656289100647,1.2823292016983032,0.2
158,4,73,6,1.1664645671844482,0.9953079223632812,1.1799709796905518,1.1099923849105835,0.0052386000752449036,1.0516977310180664,1.1453443765640259,1.1664645671844482,0.1
159,4,74,6,0.81976318359375,0.81976318359375,1.1012277603149414,0.9630654454231262,0.011355658993124962,0.8645317554473877,1.0025320053100586,1.0259876251220703,0.3
160,4,71,6,1.1824519634246826,1.1352839469909668,1.2819898128509521,1.213667869567871,0.002697756513953209,1.1824519634246826,1.206195592880249,1.2599027156829834,0.1
161,4,70,6,1.2453367710113525,1.114250659942627,1.2453367710113525,1.212438941001892,0.0021069173235446215,1.211843490600586,1.230515956878662,1.2439250946044922,0.5
162,4,69,6,1.2981969118118286,1.1301862001419067,1.3248982429504395,1.2652313709259033,0.004049727227538824,1.2640076875686646,1.2900230884552002,1.2981969118118286,0.1
163,4,73,6,1.1572262048721313,1.139610767364502,1.2113962173461914,1.1735132932662964,0.0005901808617636561,1.1572262048721313,1.1710498332977295,1.189278483390808,0.5
164,4,72,6,1.3415727615356445,1.3340978622436523,1.4895943403244019,1.4004528522491455,0.003972303122282028,1.3415727615356445,1.3924951553344727,1.4502007961273193,0.0
165,4,75,6,1.2604355812072754,1.0853335857391357,1.2878615856170654,1.228517770767212,0.004596064332872629,1.2247648239135742,1.2604355812072754,1.2632333040237427,0.1
166,4,74,6,1.1213526725769043,1.0205721855163574,1.1964519023895264,1.135382056236267,0.003536348231136799,1.1213526725769043,1.140390157699585,1.1847082376480103,0.3
167,4,70,6,1.1950268745422363,1.1950268745422363,1.2210183143615723,1.2010389566421509,8.430006710113958e-05,1.1952102184295654,1.197129487991333,1.2003017663955688,0.4
168,4,72,6,1.3825006484985352,1.3197431564331055,1.5108258724212646,1.425174355506897,0.004684572108089924,1.3825006484985352,1.4223127365112305,1.4855446815490723,0.0
169,4,71,6,1.1580044031143188,1.063091516494751,1.283585786819458,1.1931954622268677,0.005802125204354525,1.1580044031143188,1.1909897327423096,1.2603776454925537,0.5
170,4,74,6,1.1913503408432007,0.9944000840187073,1.1923612356185913,1.153849482536316,0.005129695404320955,1.1761828660964966,1.1847184896469116,1.1913503408432007,0.5
171,4,75,6,1.0898975133895874,0.9006341099739075,1.0986590385437012,1.0362862348556519,0.00605374900624156,0.9882779121398926,1.0856428146362305,1.0898975133895874,0.5
172,4,72,6,1.4614927768707275,1.3721187114715576,1.4617536067962646,1.4310423135757446,0.0016341713489964604,1.395329475402832,1.4574639797210693,1.4614927768707275,0.0
173,4,74,6,0.8255590200424194,0.7333009839057922,1.0536895990371704,0.859649121761322,0.009809783659875393,0.8226581811904907,0.8255590200424194,0.8799608945846558,0.5
174,4,68,6,1.0033800601959229,0.8650298714637756,1.0033800601959229,0.9579372406005859,0.002979174954816699,0.9202389121055603,0.9870845675468445,1.0020867586135864,0.5
175,4,72,6,1.2106631994247437,0.9079692363739014,1.2106631994247437,1.1083863973617554,0.010272999294102192,1.095160722732544,1.1144092082977295,1.1891945600509644,0.4
176,4,74,6,1.2355369329452515,1.1091678142547607,1.2803082466125488,1.2218046188354492,0.0028385540936142206,1.2279503345489502,1.2355369329452515,1.2425262928009033,0.3
177,4,72,6,1.3162057399749756,1.1377557516098022,1.364574909210205,1.2691367864608765,0.00793452002108097,1.1938838958740234,1.3162057399749756,1.3242778778076172,0.0
178,4,71,6,1.310578465461731,1.2876510620117188,1.351102590560913,1.323952078819275,0.0005351165309548378,1.310578465461731,1.321855902671814,1.3462848663330078,0.0
179,4,70,6,1.3782932758331299,0.9872170686721802,1.3782932758331299,1.2223838567733765,0.02573728747665882,1.078042984008789,1.2834019660949707,1.3651494979858398,0.2
180,4,52,6,0.7959641814231873,0.773038387298584,0.8367754817008972,0.8015004396438599,0.0005707453237846494,0.7825947403907776,0.7959641814231873,0.8208327293395996,0.5
181,4,68,6,1.0703028440475464,1.0488451719284058,1.0809309482574463,1.0672829151153564,0.0001227686443598941,1.0602326393127441,1.0703028440475464,1.0749053955078125,0.5
182,4,69,6,1.2849875688552856,1.1056944131851196,1.3558688163757324,1.28640615940094,0.007347718346863985,1.2849875688552856,1.3108158111572266,1.3468520641326904,0.2
183,4,65,6,1.3402822017669678,1.0602684020996094,1.3402822017669678,1.197127342224121,0.01230889093130827,1.1038740873336792,1.1763434410095215,1.3064426183700562,0.4
184,4,74,6,1.6530396938323975,1.2166234254837036,1.6530396938323975,1.433637261390686,0.03577074408531189,1.2496988773345947,1.422835111618042,1.6265864372253418,0.2
185,4,68,6,1.2779375314712524,1.017961859703064,1.2779375314712524,1.128284215927124,0.01189740002155304,1.0403637886047363,1.0804681777954102,1.2345225811004639,0.4
186,4,76,6,1.551634669303894,1.0820720195770264,1.551634669303894,1.2938613891601562,0.03786637261509895,1.1355292797088623,1.2217899560928345,1.489776849746704,0.3
187,4,71,6,1.8184542655944824,1.4553492069244385,1.8184542655944824,1.6690341234207153,0.01880844682455063,1.576727032661438,1.6758618354797363,1.802712082862854,0.0
188,4,68,6,1.276313304901123,1.015824794769287,1.276313304901123,1.143505334854126,0.009655694477260113,1.095515251159668,1.098940134048462,1.232215404510498,0.1
189,4,65,6,1.3681304454803467,1.0681318044662476,1.3681304454803467,1.2084511518478394,0.015026979148387909,1.0982919931411743,1.1858264207839966,1.3267152309417725,0.4
190,4,66,6,1.5919647216796875,1.4836820363998413,1.5919647216796875,1.5360065698623657,0.0019399789161980152,1.4961802959442139,1.5316648483276367,1.5774493217468262,0.0
191,4,75,6,1.5180413722991943,1.3031946420669556,1.5314794778823853,1.459285020828247,0.008028136566281319,1.4051889181137085,1.5175464153289795,1.5180413722991943,0.0
192,4,67,6,1.5686185359954834,1.390838861465454,1.5900382995605469,1.5161681175231934,0.00534025439992547,1.46723473072052,1.5512456893920898,1.5686185359954834,0.0
193,4,74,6,1.362939476966858,1.3167142868041992,1.4203236103057861,1.3714181184768677,0.001086231553927064,1.362939476966858,1.3633122444152832,1.3923512697219849,0.0
194,4,70,6,1.5056610107421875,1.488203763961792,1.5238418579101562,1.5066418647766113,0.00012694239558186382,1.5018161535263062,1.5056610107421875,1.5133771896362305,0.0
195,4,66,6,1.6654229164123535,1.3765296936035156,1.6654229164123535,1.5331238508224487,0.010872703045606613,1.4786748886108398,1.5068837404251099,1.6320340633392334,0.1
196,4,74,6,1.5278656482696533,1.2812800407409668,1.5295276641845703,1.4507311582565308,0.008180578239262104,1.4134690761566162,1.4788498878479004,1.5278656482696533,0.1
197,4,66,6,1.5766756534576416,1.4143776893615723,1.6428399085998535,1.5514271259307861,0.006663378793746233,1.4989099502563477,1.5766756534576416,1.6129230260849,0.0
198,4,68,6,1.6199471950531006,1.3313212394714355,1.656419277191162,1.4982013702392578,0.018766414374113083,1.3631086349487305,1.5180449485778809,1.6199471950531006,0.2
199,4,64,6,1.7211720943450928,1.5270347595214844,1.725566029548645,1.6429916620254517,0.0068654934875667095,1.5695533752441406,1.6632864475250244,1.7211720943450928,0.0
200,4,69,6,1.0586726665496826,1.0586726665496826,1.305411696434021,1.1777029037475586,0.00863598845899105,1.086338758468628,1.2006253004074097,1.2396360635757446,0.5
201,4,73,6,1.5446542501449585,1.142767310142517,1.5446542501449585,1.34918212890625,0.0250049140304327,1.2197628021240234,1.3278964757919312,1.5080941915512085,0.1
202,4,75,6,1.7885022163391113,1.5077743530273438,1.7921935319900513,1.683655023574829,0.013742932118475437,1.581606149673462,1.7313635349273682,1.7885022163391113,0.0
203,4,71,6,1.6325232982635498,1.5398635864257812,1.6325232982635498,1.5987420082092285,0.0011792363366112113,1.5799002647399902,1.6044690608978271,1.6306794881820679,0.0
204,4,67,6,1.7583719491958618,1.6513535976409912,1.7633036375045776,1.7391510009765625,0.001558120595291257,1.7514996528625488,1.755314826965332,1.7583719491958618,0.0
205,4,67,6,1.7894943952560425,1.4028213024139404,1.7894943952560425,1.6805150508880615,0.019918015226721764,1.6313652992248535,1.7541871070861816,1.7825287580490112,0.0
206,4,69,6,1.2447022199630737,1.2447022199630737,1.4787273406982422,1.373032569885254,0.00871181394904852,1.2851296663284302,1.4150166511535645,1.4359283447265625,0.1
207,4,73,6,1.3518978357315063,1.2553699016571045,1.4055275917053223,1.320772647857666,0.0027898470871150494,1.2787929773330688,1.317112922668457,1.3518978357315063,0.0
208,4,72,6,1.330895185470581,1.246338963508606,1.4170506000518799,1.3531228303909302,0.0034060960169881582,1.330895185470581,1.3595466613769531,1.4010686874389648,0.0
209,4,76,6,0.6407844424247742,0.6407844424247742,0.8262966275215149,0.7219051122665405,0.006355463992804289,0.6429897546768188,0.7114236354827881,0.7938487529754639,0.5
210,4,70,6,1.4516608715057373,1.1327786445617676,1.4516608715057373,1.3181610107421875,0.01873813197016716,1.1827576160430908,1.3692742586135864,1.4413628578186035,0.2
211,4,66,6,1.3094267845153809,1.1530985832214355,1.453099250793457,1.349582552909851,0.011259910650551319,1.3094267845153809,1.372771978378296,1.436274528503418,0.1
212,4,72,6,1.2205545902252197,1.068953514099121,1.2205545902252197,1.169954538345337,0.00343086919747293,1.1309278011322021,1.196690559387207,1.2200459241867065,0.4
213,4,72,6,0.6587671041488647,0.6587671041488647,0.8357083797454834,0.742645800113678,0.006469959393143654,0.6617608070373535,0.7387051582336426,0.8205834627151489,0.5
214,4,63,6,1.5913430452346802,1.3773545026779175,1.6563620567321777,1.5270991325378418,0.010299750603735447,1.4403489828109741,1.5649664402008057,1.5913430452346802,0.0
215,4,72,6,1.4524405002593994,1.0044090747833252,1.4524405002593994,1.2998332977294922,0.023670511320233345,1.248387098312378,1.3327691555023193,1.4254562854766846,0.1
216,4,71,6,1.4032800197601318,1.1873462200164795,1.4032800197601318,1.2783377170562744,0.00798798631876707,1.223605990409851,1.2265048027038574,1.359439492225647,0.4
217,4,70,6,1.5031075477600098,1.4733976125717163,1.6890342235565186,1.5720759630203247,0.007189331576228142,1.5031075477600098,1.5479893684387207,1.6514209508895874,0.0
218,4,59,6,1.516420602798462,1.3268654346466064,1.516420602798462,1.4192962646484375,0.006091809831559658,1.345232367515564,1.4122979640960693,1.4968383312225342,0.0
219,4,61,6,1.4341142177581787,1.4341142177581787,1.5327534675598145,1.4758696556091309,0.0018579215975478292,1.4343340396881104,1.4645978212356567,1.5173308849334717,0.0
220,4,73,6,1.4909909963607788,1.2912318706512451,1.5363744497299194,1.4507988691329956,0.006363867782056332,1.4312195777893066,1.4856793880462646,1.4909909963607788,0.0
221,4,74,6,1.5052001476287842,1.1301417350769043,1.5052001476287842,1.297364354133606,0.023797476664185524,1.1752605438232422,1.2358460426330566,1.450526475906372,0.4
222,4,68,6,1.4415510892868042,1.2776484489440918,1.4415510892868042,1.37299644947052,0.003264625556766987,1.3471249341964722,1.3669310808181763,1.4250283241271973,0.0
223,4,68,6,1.456617832183838,1.390876293182373,1.6023242473602295,1.4747087955474854,0.004002624657005072,1.456617832183838,1.4622340202331543,1.4724376201629639,0.0
224,4,67,6,1.4042710065841675,1.3021208047866821,1.442082166671753,1.3963298797607422,0.002097353106364608,1.3941088914871216,1.4042710065841675,1.4269522428512573,0.0
225,4,72,6,1.3252532482147217,1.0285670757293701,1.3252532482147217,1.1921859979629517,0.011862997896969318,1.124072790145874,1.1770137548446655,1.2983852624893188,0.3
226,4,47,6,1.691626787185669,1.589072346687317,1.691626787185669,1.6380915641784668,0.0016519080381840467,1.6051077842712402,1.6290128231048584,1.676767110824585,0.0
227,4,76,6,1.7830121517181396,1.05351984500885,1.7830121517181396,1.4828699827194214,0.07441587001085281,1.2809652090072632,1.527381420135498,1.7371692657470703,0.1
228,4,58,6,1.4902350902557373,1.469461441040039,1.5200724601745605,1.492813229560852,0.00022403241018764675,1.4892103672027588,1.4902350902557373,1.4960637092590332,0.0
229,4,69,6,1.351905345916748,1.351905345916748,1.5411791801452637,1.4728219509124756,0.007348484359681606,1.3949602842330933,1.5258262157440186,1.5370988845825195,0.0
230,4,76,6,1.697624921798706,0.6536225080490112,1.697624921798706,1.2220914363861084,0.15757662057876587,0.9141926765441895,1.2102258205413818,1.6115572452545166,0.2
231,4,74,6,1.2207536697387695,1.098881483078003,1.2207536697387695,1.1692978143692017,0.0019758245907723904,1.139757513999939,1.1727652549743652,1.2095909118652344,0.1
232,4,73,6,1.8729560375213623,1.520934820175171,1.8729560375213623,1.6826587915420532,0.01916440948843956,1.5993504524230957,1.6159759759902954,1.8112200498580933,0.0
233,4,63,6,1.6762230396270752,1.6762230396270752,1.7334234714508057,1.7015633583068848,0.0005066828452982008,1.6806249618530273,1.6979279518127441,1.7212474346160889,0.0
234,4,72,6,1.2263963222503662,1.1179563999176025,1.2444367408752441,1.196974754333496,0.002356896875426173,1.1622917652130127,1.2259033918380737,1.2263963222503662,0.5
235,4,63,6,1.8034348487854004,1.2555208206176758,1.8034348487854004,1.4969029426574707,0.05082366243004799,1.3132497072219849,1.4128284454345703,1.7157682180404663,0.0
236,4,69,6,1.2984511852264404,1.1014106273651123,1.2984511852264404,1.2173596620559692,0.004557237960398197,1.1987520456314087,1.2042112350463867,1.2752587795257568,0.4
237,4,75,6,1.3877500295639038,1.296251893043518,1.3877500295639038,1.343268632888794,0.0015446763718500733,1.307323932647705,1.3410553932189941,1.3833280801773071,0.3
238,4,75,6,1.46100914478302,1.2685508728027344,1.4735486507415771,1.421921968460083,0.005284299608319998,1.4157460927963257,1.46100914478302,1.4653187990188599,0.1
239,4,68,6,1.6611456871032715,1.5972034931182861,1.6611456871032715,1.6349461078643799,0.0005715538281947374,1.6172797679901123,1.639266014099121,1.6569496393203735,0.0
240,4,71,6,1.3944072723388672,1.1491702795028687,1.3944072723388672,1.3162695169448853,0.007142940070480108,1.2919800281524658,1.3403563499450684,1.3831933736801147,0.2
241,4,74,6,1.40390145778656,1.3066779375076294,1.416856288909912,1.3767430782318115,0.002015109173953533,1.3417021036148071,1.40390145778656,1.4070898294448853,0.0
242,4,64,6,1.3562628030776978,1.029829978942871,1.3562628030776978,1.2129019498825073,0.01367309968918562,1.1452012062072754,1.2009168863296509,1.3223713636398315,0.2
243,4,75,6,1.532139539718628,1.2478909492492676,1.532139539718628,1.4048817157745361,0.011837550438940525,1.316361427307129,1.4113205671310425,1.509263038635254,0.1
244,4,70,6,1.246351718902588,1.1250683069229126,1.292338252067566,1.2268548011779785,0.002596197184175253,1.2209715843200684,1.2404682636260986,1.246351718902588,0.1
245,4,73,6,1.2651090621948242,1.0562095642089844,1.3124715089797974,1.211702585220337,0.00787382759153843,1.1586180925369263,1.2524240016937256,1.2651090621948242,0.4
246,4,72,6,1.2123773097991943,1.1851164102554321,1.3227252960205078,1.2453281879425049,0.0024015610106289387,1.2123773097991943,1.2276368141174316,1.2830815315246582,0.0
247,4,60,6,1.0824018716812134,0.969122588634491,1.0824018716812134,1.0169398784637451,0.0022313569206744432,0.9814435243606567,0.9954110383987427,1.0607314109802246,0.4
248,4,65,6,1.536104679107666,1.3241314888000488,1.536104679107666,1.4658968448638916,0.006250292528420687,1.4201384782791138,1.4973490238189697,1.5338709354400635,0.0
249,4,71,6,1.5878894329071045,1.3705558776855469,1.5878894329071045,1.507200837135315,0.005550066474825144,1.479194164276123,1.5120012760162354,1.5723743438720703,0.0
250,4,57,6,1.4048867225646973,1.180791974067688,1.4048867225646973,1.3039451837539673,0.007652944885194302,1.2301660776138306,1.314815640449524,1.3835126161575317,0.1
251,4,63,6,1.1945545673370361,0.8643708229064941,1.1945545673370361,1.087174654006958,0.012142891064286232,1.0843758583068848,1.0930336713790894,1.1706821918487549,0.2
252,4,63,6,1.6251217126846313,1.4565019607543945,1.6251217126846313,1.5377583503723145,0.004662357270717621,1.4820959568023682,1.5196025371551514,1.6069966554641724,0.0
253,4,70,6,1.7254416942596436,1.3536009788513184,1.751662254333496,1.6502515077590942,0.019838109612464905,1.6371800899505615,1.7254416942596436,1.7345627546310425,0.0
254,4,77,6,1.7654465436935425,1.485372543334961,1.7970774173736572,1.6746987104415894,0.013510288670659065,1.5874042510986328,1.7214560508728027,1.7654465436935425,0.0
255,4,75,6,1.6383605003356934,1.6383605003356934,1.8346270322799683,1.728353500366211,0.00503493519499898,1.660996913909912,1.744640588760376,1.7672127485275269,0.0
256,4,68,6,0.8137855529785156,0.8137855529785156,1.0171000957489014,0.873007595539093,0.005468200892210007,0.8143500089645386,0.8396226167678833,0.9013973474502563,0.5
257,4,58,6,0.8955965042114258,0.8955965042114258,1.0113141536712646,0.9559493660926819,0.0023885630071163177,0.9058748483657837,0.9654105305671692,1.0003037452697754,0.4
258,4,69,6,1.187941551208496,1.0194969177246094,1.1948715448379517,1.1240919828414917,0.005588982719928026,1.0520915985107422,1.1576042175292969,1.187941551208496,0.2
259,4,70,6,1.1333796977996826,1.1036404371261597,1.1692581176757812,1.1298450231552124,0.00042417607619427145,1.1166565418243408,1.1295924186706543,1.1333796977996826,0.2
260,4,65,6,1.7348084449768066,1.180612325668335,1.7736239433288574,1.5555464029312134,0.05798567458987236,1.3577744960784912,1.691698670387268,1.7348084449768066,0.2
261,4,56,6,1.135447382926941,0.9499921202659607,1.135447382926941,1.067158579826355,0.003969874698668718,1.0493597984313965,1.0668950080871582,1.1218791007995605,0.4
262,4,73,6,1.206300973892212,0.34931015968322754,1.206300973892212,0.9011143445968628,0.12661528587341309,0.6168316602706909,1.0928443670272827,1.1786301136016846,0.2
263,4,49,6,1.6363564729690552,1.6363564729690552,1.7171239852905273,1.672147274017334,0.0008035286446101964,1.6474391222000122,1.6807761192321777,1.6813373565673828,0.0
264,4,74,6,1.6899704933166504,1.3823692798614502,1.6899704933166504,1.6047090291976929,0.011351891793310642,1.5937248468399048,1.6391615867614746,1.684049129486084,0.0
265,4,74,6,1.5391407012939453,1.3398150205612183,1.5391407012939453,1.471523404121399,0.005121579859405756,1.4363093376159668,1.4968225955963135,1.5295065641403198,0.0
266,4,67,6,1.434407353401184,1.434407353401184,1.494401454925537,1.4574834108352661,0.0005993900704197586,1.4346946477890015,1.4492839574813843,1.4780900478363037,0.0
267,4,69,6,1.3179148435592651,1.1140072345733643,1.3179148435592651,1.243539810180664,0.006002496927976608,1.1894824504852295,1.2733451128005981,1.3091602325439453,0.1
268,4,73,6,1.3967008590698242,1.127515435218811,1.409026861190796,1.322441816329956,0.010561634786427021,1.2748746871948242,1.377005934715271,1.3967008590698242,0.1
269,4,70,6,1.4013309478759766,1.2853578329086304,1.4128108024597168,1.367811679840088,0.0021967629436403513,1.3385612964630127,1.3916335105895996,1.4013309478759766,0.0
270,4,73,6,1.3554880619049072,1.2254562377929688,1.3774638175964355,1.3146545886993408,0.002810346893966198,1.2835125923156738,1.3247549533843994,1.3554880619049072,0.0
271,4,73,6,1.5559678077697754,1.2853151559829712,1.5559678077697754,1.4026203155517578,0.012729532085359097,1.3078856468200684,1.360152006149292,1.512791633605957,0.0
272,4,76,6,1.3379467725753784,1.3295291662216187,1.4286835193634033,1.3686187267303467,0.0015827666502445936,1.3379467725753784,1.3489505052566528,1.4032272100448608,0.0
273,4,70,6,1.5247886180877686,1.22280752658844,1.5247886180877686,1.3496694564819336,0.016237160190939903,1.243909478187561,1.2972996234893799,1.4716066122055054,0.0
274,4,65,6,1.266581654548645,1.1408681869506836,1.4241349697113037,1.2827956676483154,0.006996773649007082,1.266581654548645,1.273007869720459,1.3092385530471802,0.1
275,4,75,6,1.7320094108581543,1.271120309829712,1.782538890838623,1.5775935649871826,0.04432017728686333,1.386751651763916,1.690165400505066,1.7320094108581543,0.2
276,4,78,6,1.3918235301971436,1.1004159450531006,1.431671380996704,1.3283668756484985,0.011969187296926975,1.3153717517852783,1.3713903427124023,1.3918235301971436,0.1
277,4,53,6,0.9634131193161011,0.8265433311462402,0.9721155166625977,0.9075345396995544,0.0035908971913158894,0.8581021428108215,0.9133960008621216,0.9634131193161011,0.5
278,4,61,6,1.2325197458267212,1.1485164165496826,1.2325197458267212,1.1968917846679688,0.0009883499005809426,1.173655390739441,1.2012734413146973,1.2253069877624512,0.1
279,4,65,6,1.220076084136963,1.220076084136963,1.440019130706787,1.3489453792572021,0.009302950464189053,1.2517602443695068,1.3873891830444336,1.4360333681106567,0.1
280,4,61,6,1.5876137018203735,1.287017822265625,1.5876137018203735,1.4838019609451294,0.013479375280439854,1.4034795761108398,1.5376017093658447,1.5800541639328003,0.0
281,4,63,6,1.2935354709625244,0.9335533380508423,1.2935354709625244,1.1253799200057983,0.021460838615894318,1.0036035776138306,1.1165202856063843,1.2737693786621094,0.2
282,4,71,6,1.6419745683670044,1.5544193983078003,1.6419745683670044,1.6174514293670654,0.001042835763655603,1.6050481796264648,1.6348624229431152,1.6413254737854004,0.0
283,4,54,6,1.1288883686065674,0.840727686882019,1.3222094774246216,1.0700349807739258,0.029511190950870514,0.9206823110580444,1.1288883686065674,1.1433840990066528,0.2
284,4,68,6,1.252748966217041,0.9812067747116089,1.252748966217041,1.1004526615142822,0.012370537035167217,1.0139684677124023,1.0551799535751343,1.207421898841858,0.2
285,4,64,6,1.5995604991912842,0.816777229309082,1.5995604991912842,1.2331469058990479,0.11102480441331863,0.8986611366271973,1.2771613597869873,1.5610853433609009,0.2
286,4,68,6,0.8458676934242249,0.3346235454082489,0.8458676934242249,0.7275538444519043,0.03241628035902977,0.7471548318862915,0.8053410053253174,0.8361279368400574,0.5
287,4,67,6,1.6166965961456299,0.9985315203666687,1.6166965961456299,1.2941135168075562,0.06871847063302994,1.0464860200881958,1.25372314453125,1.561880350112915,0.0
288,4,68,6,1.49766206741333,1.2743630409240723,1.49766206741333,1.3752150535583496,0.00864714290946722,1.291945219039917,1.349256992340088,1.4682468175888062,0.0
289,4,68,6,0.8447988629341125,0.6419954299926758,0.8447988629341125,0.7583746910095215,0.007250046823173761,0.6759152412414551,0.786129355430603,0.8355458378791809,0.5
290,4,69,6,1.7353748083114624,1.2785898447036743,1.7353748083114624,1.5578914880752563,0.03633173182606697,1.3847157955169678,1.6377657651901245,1.727556586265564,0.0
291,4,68,6,0.833536684513092,0.6290555596351624,0.833536684513092,0.746481716632843,0.006008669268339872,0.6857695579528809,0.758295476436615,0.8181585669517517,0.5
292,4,55,6,0.984825849533081,0.9542819261550903,1.1279213428497314,1.040163516998291,0.004658272489905357,0.984825849533081,1.0295122861862183,1.1047452688217163,0.2
293,4,70,6,1.5297701358795166,0.916488766670227,1.5297701358795166,1.2137963771820068,0.0682264193892479,0.95637047290802,1.19243586063385,1.4785834550857544,0.2
294,4,67,6,0.8514347076416016,0.8177990913391113,0.895460844039917,0.8597540259361267,0.0005969972698949277,0.8514347076416016,0.8570373058319092,0.8754762411117554,0.5
295,4,67,6,0.905672550201416,0.6433123350143433,0.905672550201416,0.7762324810028076,0.010196393355727196,0.7051953077316284,0.7492969036102295,0.8768153190612793,0.4
296,4,64,6,1.226118564605713,1.0648653507232666,1.226118564605713,1.124818205833435,0.005266692489385605,1.0656895637512207,1.0834708213806152,1.1942838430404663,0.1
297,4,66,6,0.9906525015830994,0.9249773025512695,1.0699326992034912,1.0022002458572388,0.002721003722399473,0.974118173122406,0.9906525015830994,1.0489479303359985,0.3
298,4,68,6,1.1687402725219727,0.972575306892395,1.1687402725219727,1.0889360904693604,0.006909779738634825,1.0093601942062378,1.1211862564086914,1.1636792421340942,0.4
299,4,72,6,1.4445098638534546,1.0587303638458252,1.4445098638534546,1.2947813272476196,0.024652628228068352,1.1621367931365967,1.3610717058181763,1.4258770942687988,0.2
300,4,77,6,1.576796054840088,1.284389615058899,1.576796054840088,1.4674140214920044,0.010547375306487083,1.4156986474990845,1.4839751720428467,1.5577999353408813,0.0
301,4,62,6,1.5529239177703857,1.5529239177703857,1.6318721771240234,1.587320327758789,0.000995481968857348,1.5559935569763184,1.5851576328277588,1.613193154335022,0.0
302,4,70,6,1.0880372524261475,0.717826247215271,1.0880372524261475,0.940930962562561,0.018299834802746773,0.8513007164001465,0.9626544713973999,1.0658364295959473,0.4
303,4,66,6,1.1169171333312988,0.8383216857910156,1.1169171333312988,1.0064486265182495,0.014001894742250443,0.8991172313690186,1.0600136518478394,1.1034587621688843,0.4
304,4,65,6,1.4053611755371094,1.159383773803711,1.4053611755371094,1.2623543739318848,0.011088107712566853,1.1713790893554688,1.2190139293670654,1.3666431903839111,0.1
305,4,67,6,1.2934651374816895,0.9584753513336182,1.2934651374816895,1.2172107696533203,0.01405017077922821,1.228710651397705,1.2700326442718506,1.2897496223449707,0.1
306,4,68,6,1.1920483112335205,1.1780678033828735,1.2743608951568604,1.2280319929122925,0.0016817684518173337,1.1920483112335205,1.2287496328353882,1.2660244703292847,0.2
307,4,70,6,1.5529758930206299,1.1135337352752686,1.5529758930206299,1.3471527099609375,0.027142047882080078,1.2285034656524658,1.3342347145080566,1.4995667934417725,0.2
308,4,69,6,0.9950741529464722,0.9156098365783691,1.0966945886611938,0.9955313205718994,0.0032863959204405546,0.9592848420143127,0.9950741529464722,1.0163036584854126,0.5
309,4,77,6,1.768015742301941,1.2109436988830566,1.768015742301941,1.5728588104248047,0.042554840445518494,1.4467637538909912,1.6514588594436646,1.74542236328125,0.0
310,4,69,6,1.671799898147583,1.2171320915222168,1.671799898147583,1.4253402948379517,0.0346505269408226,1.2725439071655273,1.3627679347991943,1.6120202541351318,0.2
311,4,71,6,1.5514875650405884,1.5177299976348877,1.5694444179534912,1.553715467453003,0.00031148080597631633,1.5514875650405884,1.557593822479248,1.5672575235366821,0.0
312,4,76,6,1.7278714179992676,1.3955156803131104,1.7278714179992676,1.6070811748504639,0.018120838329195976,1.4991859197616577,1.6723928451538086,1.7177462577819824,0.0
313,4,68,6,1.4699527025222778,1.0570783615112305,1.4699527025222778,1.26166570186615,0.028755832463502884,1.108557939529419,1.2398685216903687,1.4337959289550781,0.3
314,4,69,6,0.9691987037658691,0.9015460014343262,1.0804998874664307,0.9768802523612976,0.003383199917152524,0.9379189610481262,0.9691987037658691,1.0023090839385986,0.5
315,4,77,6,1.6371737718582153,1.206592321395874,1.6371737718582153,1.4680978059768677,0.02747217006981373,1.3391581773757935,1.5129506587982178,1.6215065717697144,0.0
316,4,69,6,1.454519271850586,0.8669875860214233,1.454519271850586,1.1017135381698608,0.06505538523197174,0.8902021646499634,0.9774778485298157,1.3489007949829102,0.3
317,4,78,6,1.3574130535125732,1.209775447845459,1.42244291305542,1.3174227476119995,0.006097863428294659,1.2475614547729492,1.3492639064788818,1.3574130535125732,0.0
318,4,65,6,1.6586081981658936,1.031267523765564,1.6586081981658936,1.3969736099243164,0.0651649683713913,1.1662977933883667,1.4640896320343018,1.6385868787765503,0.1
319,4,75,6,1.3799676895141602,1.3679895401000977,1.5139739513397217,1.432823657989502,0.0034370862413197756,1.3799676895141602,1.4231499433517456,1.4831160306930542,0.0
320,4,76,6,1.513709545135498,1.1800519227981567,1.513709545135498,1.323987364768982,0.021147282794117928,1.188015103340149,1.2777045965194702,1.4719023704528809,0.0
321,4,58,6,1.0152034759521484,0.9826400279998779,1.0295755863189697,1.0088858604431152,0.0003430100914556533,0.9924744367599487,1.0152034759521484,1.0231469869613647,0.5
322,4,69,6,1.3720132112503052,0.7888962030410767,1.3720132112503052,1.0593209266662598,0.05654499679803848,0.8574573397636414,0.9915539026260376,1.297250747680664,0.3
323,4,63,6,1.0231678485870361,0.6907356381416321,1.0231678485870361,0.8683890700340271,0.01425124891102314,0.8170700073242188,0.8287366628646851,0.9765164852142334,0.4
324,4,63,6,1.0271060466766357,0.7127395272254944,1.0271060466766357,0.8779186010360718,0.01298653706908226,0.8268722295761108,0.8372677564620972,0.9816094636917114,0.4
325,4,64,6,1.8138278722763062,1.7412983179092407,1.8138278722763062,1.7746599912643433,0.0008518443792127073,1.7526347637176514,1.7634538412094116,1.8035367727279663,0.0
326,4,71,6,1.3475487232208252,0.7100608348846436,1.3475487232208252,1.0797475576400757,0.05786871165037155,0.9136340022087097,1.086775302886963,1.3152475357055664,0.3
327,4,71,6,1.4125189781188965,0.6121394038200378,1.4125189781188965,1.0391390323638916,0.0908314511179924,0.8251551389694214,0.9957639575004578,1.3367128372192383,0.3
328,4,71,6,1.3100444078445435,0.6285455226898193,1.3100444078445435,1.0782538652420044,0.062326110899448395,0.9417967200279236,1.1768720149993896,1.2795313596725464,0.2
329,4,71,6,1.6074503660202026,1.4691362380981445,1.6074503660202026,1.5508054494857788,0.003301892662420869,1.5057294368743896,1.5585229396820068,1.6069324016571045,0.0
330,4,74,6,1.3841049671173096,0.8611767292022705,1.4804646968841553,1.2729034423828125,0.040223389863967896,1.241870403289795,1.3458592891693115,1.3841049671173096,0.2
331,4,64,6,1.5362091064453125,1.3780734539031982,1.5362091064453125,1.4444266557693481,0.004565597511827946,1.3874993324279785,1.4152138233184814,1.5114948749542236,0.0
332,4,76,6,1.697631597518921,1.3275692462921143,1.697631597518921,1.5063210725784302,0.022849952802062035,1.3714927434921265,1.4791076183319092,1.658943772315979,0.0
333,4,68,6,1.4233927726745605,0.8491687178611755,1.4233927726745605,1.1829041242599487,0.04056713357567787,1.0824230909347534,1.169429063796997,1.3667954206466675,0.3
334,4,66,6,1.3189165592193604,1.172576665878296,1.326806664466858,1.268707036972046,0.00443946523591876,1.2078649997711182,1.3078627586364746,1.3189165592193604,0.0
335,4,70,6,1.8203788995742798,1.252016305923462,1.8203788995742798,1.5180906057357788,0.05390886962413788,1.3258602619171143,1.4485423564910889,1.7527084350585938,0.0
336,4,71,6,1.4603890180587769,0.1361311376094818,1.4603890180587769,1.1351531744003296,0.20930549502372742,1.2175451517105103,1.2697720527648926,1.4234821796417236,0.0
337,4,60,6,1.0196813344955444,0.8019795417785645,1.0196813344955444,0.9278860092163086,0.005642123986035585,0.9053950905799866,0.9108052849769592,0.993040919303894,0.5
338,4,65,6,0.9285157918930054,0.9285157918930054,1.0887593030929565,1.0007083415985107,0.004834464751183987,0.93311607837677,0.9860427379608154,1.0710721015930176,0.5
339,4,60,6,1.5364631414413452,1.3533893823623657,1.5364631414413452,1.4813952445983887,0.00391590129584074,1.4712826013565063,1.4978554248809814,1.5297510623931885,0.1
340,4,65,6,1.0484297275543213,0.9573771953582764,1.1311516761779785,1.0552868843078613,0.002688531531020999,1.0484297275543213,1.058152437210083,1.0758124589920044,0.4
341,4,69,6,0.9810255765914917,0.9246063232421875,0.9810255765914917,0.9609515070915222,0.0004148276930209249,0.9496492147445679,0.9663885831832886,0.9790200591087341,0.5
342,4,64,6,0.8470420837402344,0.8470420837402344,0.9855760335922241,0.9229875802993774,0.003274796064943075,0.8654673099517822,0.9444878101348877,0.9690253138542175,0.5
343,4,63,6,1.092029333114624,1.0753729343414307,1.2034289836883545,1.1315096616744995,0.0025461844634264708,1.092029333114624,1.1123971939086914,1.1782654523849487,0.2
344,4,69,6,1.0146667957305908,0.9720617532730103,1.0248889923095703,1.0025227069854736,0.00031476831645704806,0.992351770401001,1.0066204071044922,1.0146667957305908,0.5
345,4,71,6,1.5134931802749634,0.21635493636131287,1.5134931802749634,1.203480839729309,0.20238251984119415,1.2980310916900635,1.3444631099700928,1.4757838249206543,0.0
346,4,77,6,1.4032189846038818,0.8601658344268799,1.4032189846038818,1.150022029876709,0.048725247383117676,0.9623129367828369,1.1420774459838867,1.373170018196106,0.3
347,4,67,6,1.6948643922805786,1.3937456607818604,1.757331132888794,1.632500171661377,0.013412865810096264,1.624505877494812,1.6635730266571045,1.6948643922805786,0.0
348,4,71,6,1.142420768737793,0.9716784954071045,1.2117650508880615,1.1387276649475098,0.006169965025037527,1.142420768737793,1.1619541645050049,1.1823170185089111,0.2
349,4,73,6,1.119349718093872,1.0153788328170776,1.1388459205627441,1.0877220630645752,0.002047427464276552,1.0527701377868652,1.1069607734680176,1.119349718093872,0.5
350,4,72,6,1.5179247856140137,1.1737563610076904,1.5179247856140137,1.3202956914901733,0.022138772532343864,1.188549280166626,1.2633652687072754,1.470655083656311,0.3
351,4,75,6,1.280864953994751,1.0556819438934326,1.280864953994751,1.1993637084960938,0.006494549568742514,1.1613900661468506,1.2102642059326172,1.2730720043182373,0.2
352,4,66,6,1.2440375089645386,1.0105271339416504,1.2440375089645386,1.163150668144226,0.007136357482522726,1.1181447505950928,1.1926591396331787,1.2324509620666504,0.4
353,4,68,6,1.3278818130493164,0.8826382160186768,1.3278818130493164,1.1123334169387817,0.04025784507393837,0.9137565493583679,1.1187739372253418,1.315079927444458,0.3
354,4,64,6,1.1562596559524536,1.0235028266906738,1.1562596559524536,1.092034101486206,0.0027793082408607006,1.046713948249817,1.0877383947372437,1.1448792219161987,0.4
355,4,70,6,0.9953995943069458,0.855256199836731,1.0342717170715332,0.9466764330863953,0.004324769601225853,0.8899432420730591,0.9575552940368652,0.9953995943069458,0.5
356,4,62,6,1.5460119247436523,1.3563828468322754,1.5460119247436523,1.4470188617706299,0.00550756324082613,1.3914457559585571,1.4262886047363281,1.5170544385910034,0.0
357,4,72,6,1.558627724647522,1.2522170543670654,1.558627724647522,1.4092415571212769,0.017347339540719986,1.281955361366272,1.4086954593658447,1.5428028106689453,0.0
358,4,72,6,1.663154125213623,0.738775372505188,1.663154125213623,1.409706473350525,0.106247678399086,1.34714674949646,1.5551620721817017,1.639923334121704,0.1
359,4,69,6,1.7374260425567627,1.1439125537872314,1.7374260425567627,1.4891765117645264,0.04316920042037964,1.3881404399871826,1.4765145778656006,1.6756350994110107,0.0
360,4,70,6,1.6006851196289062,1.1660878658294678,1.6006851196289062,1.36564040184021,0.03327270597219467,1.2022265195846558,1.3169671297073364,1.5511081218719482,0.0
361,4,74,6,1.3723011016845703,1.272563099861145,1.3723011016845703,1.3168436288833618,0.0017190207727253437,1.2801824808120728,1.3046156167984009,1.3573499917984009,0.0
362,4,71,6,1.1978182792663574,0.8786464929580688,1.1978182792663574,1.057782769203186,0.01652892678976059,0.9427691698074341,1.0878769159317017,1.172027826309204,0.4
363,4,71,6,1.680859088897705,1.01401686668396,1.680859088897705,1.4609358310699463,0.0637943297624588,1.3126499652862549,1.5831971168518066,1.6572072505950928,0.1
364,4,74,6,1.6261829137802124,1.3098173141479492,1.6261829137802124,1.4801604747772217,0.01699345000088215,1.3536226749420166,1.5016186237335205,1.603480577468872,0.0
365,4,71,6,1.5642502307891846,1.4305431842803955,1.5642502307891846,1.521972417831421,0.002032236894592643,1.5167200565338135,1.528721570968628,1.5573389530181885,0.0
366,4,63,6,1.1215050220489502,0.8893603086471558,1.3174408674240112,1.1339373588562012,0.022612622007727623,1.0594277381896973,1.1215050220489502,1.2666842937469482,0.3
367,4,63,6,0.9233120083808899,0.9006553292274475,1.0853955745697021,0.9757108092308044,0.00495896115899086,0.9233120083808899,0.9443141222000122,1.033534288406372,0.5
368,4,77,6,1.519892930984497,1.4333139657974243,1.6808269023895264,1.5352239608764648,0.0055167945101857185,1.5100736618041992,1.519892930984497,1.542935848236084,0.0
369,4,63,6,1.2802584171295166,1.1937167644500732,1.303762435913086,1.2675365209579468,0.0012352928752079606,1.2668448686599731,1.2802584171295166,1.2837016582489014,0.0
370,4,58,6,1.1912946701049805,0.755932092666626,1.1912946701049805,0.9819737672805786,0.030364014208316803,0.8266699910163879,0.9759855270385742,1.155806303024292,0.3
371,4,65,6,0.9704631567001343,0.9704631567001343,1.271404504776001,1.146397352218628,0.01582944579422474,1.0301613807678223,1.216468334197998,1.2307578325271606,0.1
372,4,68,6,1.6031005382537842,0.8385968804359436,1.6031005382537842,1.214840292930603,0.09160903841257095,0.9588742256164551,1.1744725704193115,1.5021616220474243,0.4
373,4,74,6,1.2351584434509277,0.8711004257202148,1.299924612045288,1.1614385843276978,0.024880124256014824,1.0824109315872192,1.2351584434509277,1.2806355953216553,0.2
374,4,57,6,1.193556785583496,0.5373383164405823,1.208786964416504,0.938739538192749,0.07261591404676437,0.7441770434379578,0.9770002365112305,1.193556785583496,0.3
375,4,74,6,1.2307159900665283,0.9476855993270874,1.2601007223129272,1.1490395069122314,0.016545232385396957,1.04962158203125,1.2307159900665283,1.2345006465911865,0.2
376,4,50,6,0.9510629177093506,0.9510629177093506,0.9865305423736572,0.9615421891212463,0.00020531108020804822,0.9510734677314758,0.9522426128387451,0.9704286456108093,0.4
377,4,67,6,0.8742451667785645,0.8226126432418823,0.8742451667785645,0.8469748497009277,0.00039845649735070765,0.8356844186782837,0.8376541137695312,0.8654048442840576,0.5
378,4,53,6,1.4009636640548706,1.0942405462265015,1.4009636640548706,1.2205015420913696,0.017086971551179886,1.1142446994781494,1.1596457958221436,1.34696364402771,0.0
379,4,61,6,0.8574219346046448,0.8458206653594971,0.9289032220840454,0.8835020661354065,0.0009839518461376429,0.8574219346046448,0.8785156607627869,0.908778727054596,0.5
380,4,61,6,0.9189844131469727,0.8625589609146118,1.0139576196670532,0.9455001354217529,0.002608821028843522,0.9189844131469727,0.9420327544212341,0.9863459467887878,0.3
381,4,45,6,1.3177659511566162,1.029725432395935,1.3177659511566162,1.1309502124786377,0.017494255676865578,1.0344903469085693,1.0430397987365723,1.2511274814605713,0.4
382,4,58,6,0.9278238415718079,0.9278238415718079,1.0056512355804443,0.9606559872627258,0.0007390162209048867,0.9356015920639038,0.9653925895690918,0.9718515276908875,0.4
383,4,68,6,0.9481348395347595,0.8157280683517456,0.9481348395347595,0.9189777970314026,0.0021998106967657804,0.9270234107971191,0.9388442635536194,0.9466351270675659,0.5
384,4,70,6,0.775290846824646,0.761542558670044,0.8935447335243225,0.8310946226119995,0.0036688242107629776,0.775290846824646,0.83246248960495,0.8908571004867554,0.5
385,4,54,6,0.9742963314056396,0.9742963314056396,1.0328716039657593,0.998332679271698,0.0004540328518487513,0.9789305925369263,0.9958081245422363,1.0123823881149292,0.0
386,4,65,6,1.238303542137146,1.238303542137146,1.3675005435943604,1.3095945119857788,0.002799011766910553,1.2583253383636475,1.32663893699646,1.3538581132888794,0.1
387,4,67,6,1.3086860179901123,1.179164171218872,1.3086860179901123,1.283514380455017,0.002190446015447378,1.2994918823242188,1.3029053211212158,1.3075296878814697,0.0
388,4,70,6,1.2078626155853271,0.8472445011138916,1.2078626155853271,1.0156480073928833,0.019953465089201927,0.9214353561401367,0.9575081467628479,1.1501424312591553,0.4
389,4,71,6,1.4730067253112793,0.9968123435974121,1.4730067253112793,1.3380588293075562,0.02928188443183899,1.2846195697784424,1.4135236740112305,1.4707573652267456,0.1
390,4,73,6,1.3527501821517944,1.1472924947738647,1.3590117692947388,1.2806860208511353,0.006392178125679493,1.233156681060791,1.2974522113800049,1.3527501821517944,0.1
391,4,74,6,1.374013066291809,0.9071998596191406,1.374013066291809,1.2446048259735107,0.027431819587945938,1.2068601846694946,1.3118830919265747,1.3710685968399048,0.2
392,4,66,6,1.4733611345291138,1.1520196199417114,1.7250514030456543,1.4326975345611572,0.029280543327331543,1.3643999099731445,1.4515745639801025,1.4733611345291138,0.0
393,4,73,6,1.5869123935699463,1.1597789525985718,1.5869123935699463,1.3794610500335693,0.034792445600032806,1.210869312286377,1.3672096729278564,1.5694773197174072,0.0
394,4,71,6,1.577078938484192,1.1823112964630127,1.577078938484192,1.3502510786056519,0.026563910767436028,1.2411233186721802,1.2622427940368652,1.5032211542129517,0.0
395,4,70,6,1.2996811866760254,1.2057417631149292,1.3555830717086792,1.3045424222946167,0.0023698925506323576,1.2996811866760254,1.3121052980422974,1.337660551071167,0.1
396,4,56,6,1.6982440948486328,1.5846977233886719,1.7471635341644287,1.6846935749053955,0.003182574873790145,1.655354619026184,1.6982440948486328,1.7286262512207031,0.0
397,4,56,6,1.7229459285736084,1.6074788570404053,1.7561248540878296,1.6957577466964722,0.002328787464648485,1.673125982284546,1.7121350765228271,1.7229459285736084,0.0
398,4,56,6,1.7190701961517334,1.605821132659912,1.7635273933410645,1.7009310722351074,0.0025571531150490046,1.6821010112762451,1.7190701961517334,1.726007342338562,0.0
399,4,76,6,1.4589641094207764,1.2060582637786865,1.4589641094207764,1.3392107486724854,0.008471354842185974,1.2918128967285156,1.3106176853179932,1.4252510070800781,0.0
400,4,62,6,1.2019245624542236,0.6646310091018677,1.2019245624542236,0.9668824076652527,0.045955438166856766,0.7791649103164673,0.995647132396698,1.1762419939041138,0.4
401,4,62,6,1.0598430633544922,0.7244858741760254,1.1894780397415161,1.0172804594039917,0.022110993042588234,0.9806792736053467,1.0598430633544922,1.101766586303711,0.3
402,4,70,6,1.7252593040466309,1.471966028213501,1.7252593040466309,1.5955880880355835,0.009265785105526447,1.5381851196289062,1.559835433959961,1.6842067241668701,0.0
403,4,74,6,1.6123936176300049,1.55690598487854,1.6962882280349731,1.637599229812622,0.0023392958100885153,1.6123936176300049,1.6382616758346558,1.6786458492279053,0.0
404,4,70,6,1.7841557264328003,1.6270508766174316,1.7841557264328003,1.7213163375854492,0.004595495760440826,1.6566280126571655,1.7469592094421387,1.7839311361312866,0.0
405,4,67,6,1.6813184022903442,1.1297359466552734,1.711487054824829,1.550581932067871,0.046657171100378036,1.4730324745178223,1.6813184022903442,1.6923507452011108,0.0
406,4,61,6,1.2549896240234375,0.9479867219924927,1.2549896240234375,1.104269027709961,0.012883707880973816,1.0460150241851807,1.0616835355758667,1.2092795372009277,0.4
407,4,61,6,1.2914670705795288,1.1039537191390991,1.2914670705795288,1.1853128671646118,0.00592009536921978,1.1281256675720215,1.1507411003112793,1.2584757804870605,0.2
408,4,67,6,1.6334757804870605,1.4597580432891846,1.6838539838790894,1.6037784814834595,0.005311622750014067,1.58414626121521,1.6334757804870605,1.6416722536087036,0.0
409,4,68,6,1.2666754722595215,0.6480551958084106,1.2666754722595215,1.041993260383606,0.043730728328228,0.9854732751846313,1.0527905225753784,1.2146580219268799,0.4
410,4,68,6,1.6482231616973877,1.6482231616973877,1.688167929649353,1.6676243543624878,0.00026060035452246666,1.6528921127319336,1.6669083833694458,1.682215690612793,0.0
411,4,68,6,1.6950292587280273,1.0792344808578491,1.7084296941757202,1.4800198078155518,0.06453649699687958,1.2731188535690308,1.6011927127838135,1.6950292587280273,0.1
412,4,69,6,1.6865628957748413,1.4020675420761108,1.6865628957748413,1.5664373636245728,0.014588485471904278,1.4490711688995361,1.6103652715682983,1.6730586290359497,0.0
413,4,61,6,1.2646417617797852,1.1488356590270996,1.2646417617797852,1.2210222482681274,0.0016979998908936977,1.1990270614624023,1.2295204401016235,1.2559447288513184,0.1
414,4,71,6,1.5553933382034302,0.7740081548690796,1.5553933382034302,1.2517913579940796,0.10664575546979904,0.9668315649032593,1.4008245468139648,1.5183537006378174,0.2
415,4,59,6,1.1601852178573608,0.9538513422012329,1.1601852178573608,1.0721685886383057,0.005431467667222023,1.0306979417800903,1.0665305852890015,1.1420029401779175,0.4
416,4,70,6,1.2553434371948242,1.21310555934906,1.2763301134109497,1.2481791973114014,0.0005590170039795339,1.2288113832473755,1.2553434371948242,1.2655750513076782,0.0
417,4,76,6,1.510023593902588,0.9388523697853088,1.510023593902588,1.243302822113037,0.04697475582361221,1.088996410369873,1.2103111743927002,1.4588980674743652,0.1
418,4,71,6,1.7683589458465576,1.3889750242233276,1.7683589458465576,1.6566994190216064,0.02084914967417717,1.5858381986618042,1.7395892143249512,1.7617197036743164,0.0
419,4,75,6,1.7848477363586426,1.1993749141693115,1.7848477363586426,1.5862141847610474,0.04107041284441948,1.5133274793624878,1.6274759769439697,1.7589935064315796,0.1
420,4,75,6,1.5145635604858398,0.9918996095657349,1.5145635604858398,1.265130639076233,0.044549938291311264,1.0686302185058594,1.2803404331207275,1.4642701148986816,0.2
421,4,73,6,1.3948304653167725,0.8935345411300659,1.3948304653167725,1.1768993139266968,0.04426327720284462,0.9758919477462769,1.2236783504486084,1.3802027702331543,0.2
422,4,60,6,0.9520611763000488,0.9520611763000488,1.0418076515197754,0.9917630553245544,0.001054635620675981,0.9612299203872681,0.9942035675048828,1.0120985507965088,0.5
423,4,70,6,1.587996482849121,1.005799412727356,1.587996482849121,1.30020272731781,0.05778109282255173,1.068685531616211,1.297682285308838,1.5391974449157715,0.2
424,4,74,6,1.2771543264389038,1.236908197402954,1.3104212284088135,1.2843797206878662,0.0006138731841929257,1.2771543264389038,1.289083480834961,1.3029735088348389,0.0
425,4,77,6,1.7163193225860596,1.3580676317214966,1.7163193225860596,1.5638302564620972,0.021540265530347824,1.4338265657424927,1.590639352798462,1.7069801092147827,0.0
426,4,69,6,1.1868610382080078,0.007257348392158747,1.1868610382080078,0.7194991111755371,0.17796021699905396,0.48547589778900146,0.7408661842346191,1.1158151626586914,0.3
427,4,64,6,1.5618383884429932,0.3427548408508301,1.5618383884429932,0.9787582755088806,0.29802554845809937,0.4398588538169861,1.0072444677352905,1.5288640260696411,0.3
428,4,68,6,1.104387640953064,0.8316444158554077,1.104387640953064,0.9977214932441711,0.010707715526223183,0.9228957295417786,1.019536018371582,1.0952908992767334,0.3
429,4,38,6,0.5942618250846863,0.03831811994314194,0.5942618250846863,0.31473076343536377,0.07598274201154709,0.03891199827194214,0.3116123378276825,0.5913290977478027,0.5
430,4,68,6,1.1174864768981934,1.0725653171539307,1.1596018075942993,1.1189314126968384,0.001000159652903676,1.0971648693084717,1.1174864768981934,1.1464145183563232,0.3
431,4,56,6,0.07626472413539886,0.07626472413539886,0.7174158692359924,0.49139404296875,0.08644692599773407,0.22350125014781952,0.6825913786888123,0.7099201679229736,0.5
432,4,48,6,0.8173655271530151,0.24556775391101837,0.86180579662323,0.5529170632362366,0.07884678244590759,0.26947277784347534,0.5707583427429199,0.8173655271530151,0.4
433,4,54,6,0.9935433864593506,0.8012509942054749,0.9935433864593506,0.9023020267486572,0.00631924020126462,0.8244578838348389,0.912111759185791,0.9776937365531921,0.3
434,4,73,6,1.6138215065002441,0.0,1.6138215065002441,1.0322089195251465,0.31674256920814514,0.7936123609542847,1.1077414751052856,1.5332205295562744,0.3
435,4,58,6,1.453666090965271,0.7689026594161987,1.453666090965271,1.1805752515792847,0.054437872022390366,1.1118305921554565,1.1525174379348755,1.3813141584396362,0.1
436,4,60,6,1.1383225917816162,1.0615004301071167,1.221886396408081,1.1335022449493408,0.0023956610821187496,1.1082379817962646,1.1383225917816162,1.1416594982147217,0.5
437,4,60,6,1.3757081031799316,1.2405610084533691,1.3757081031799316,1.3261804580688477,0.0023409067653119564,1.2992713451385498,1.3383727073669434,1.3679659366607666,0.5
438,4,65,6,1.5225574970245361,1.1791070699691772,1.5225574970245361,1.3695167303085327,0.020216206088662148,1.2320902347564697,1.3995815515518188,1.5049052238464355,0.2
439,4,68,6,1.5983531475067139,1.4236513376235962,1.6003689765930176,1.5479785203933716,0.0042754244059324265,1.5179188251495361,1.5816161632537842,1.5983531475067139,0.0
440,4,56,6,1.4353301525115967,1.3186945915222168,1.4353301525115967,1.3636994361877441,0.0025862210895866156,1.3291903734207153,1.3323527574539185,1.4095858335494995,0.0
441,4,69,6,1.418982744216919,1.1274176836013794,1.418982744216919,1.270041823387146,0.016322530806064606,1.1475815773010254,1.2568048238754272,1.4010014533996582,0.3
442,4,70,6,1.6951779127120972,1.4751226902008057,1.6951779127120972,1.6290385723114014,0.005619124509394169,1.6182425022125244,1.6494892835617065,1.6852160692214966,0.0
443,4,76,6,1.3418066501617432,0.9112508893013,1.3418066501617432,1.1514699459075928,0.02555929496884346,1.0363764762878418,1.1567906141281128,1.2986544370651245,0.4
444,4,69,6,1.1311469078063965,1.1311469078063965,1.5445888042449951,1.3448469638824463,0.025165466591715813,1.195150375366211,1.402379035949707,1.447480320930481,0.1
445,4,73,6,1.5944446325302124,1.3576741218566895,1.7017316818237305,1.5155868530273438,0.014906111173331738,1.4186596870422363,1.5124824047088623,1.5944446325302124,0.0
446,4,52,6,0.9947359561920166,0.761744499206543,0.9947359561920166,0.8688501715660095,0.008558090776205063,0.8025175333023071,0.8323556184768677,0.9575923681259155,0.4
447,4,67,6,1.1831566095352173,0.8500567078590393,1.1831566095352173,1.0274322032928467,0.01488926075398922,0.951679527759552,1.0060737133026123,1.1407819986343384,0.4
448,4,61,6,1.6122307777404785,1.1124212741851807,1.6122307777404785,1.38688325881958,0.03425545245409012,1.2695403099060059,1.3592090606689453,1.568735957145691,0.1
449,4,75,6,1.1936489343643188,0.03743889927864075,1.2626729011535645,0.9287987947463989,0.18187759816646576,0.8680306673049927,1.1428310871124268,1.1936489343643188,0.3
450,4,73,6,1.4057245254516602,0.9520262479782104,1.406355381011963,1.297562837600708,0.025934772565960884,1.2979567050933838,1.3665651082992554,1.4057245254516602,0.0
451,4,75,6,1.2233078479766846,1.148948311805725,1.2934163808822632,1.2193286418914795,0.002289566909894347,1.1859707832336426,1.2233078479766846,1.2459267377853394,0.0
452,4,62,6,0.5024358034133911,0.5024358034133911,0.8063081502914429,0.6661753058433533,0.01532541960477829,0.542499303817749,0.7044469714164734,0.769284725189209,0.5
453,4,63,6,1.2707834243774414,1.0795807838439941,1.5496158599853516,1.3597114086151123,0.02791726030409336,1.2707834243774414,1.3699371814727783,1.5060830116271973,0.0
454,4,71,6,1.4405715465545654,1.0889605283737183,1.4441006183624268,1.3293449878692627,0.02185099571943283,1.2189629077911377,1.422722339630127,1.4405715465545654,0.0
455,4,66,6,0.7041722536087036,0.6754674911499023,0.822396993637085,0.7318993806838989,0.002255227416753769,0.7041722536087036,0.7163947820663452,0.7495816946029663,0.5
456,4,72,6,1.7017207145690918,1.5178773403167725,1.7645692825317383,1.6601383686065674,0.0077041382901370525,1.5989454984664917,1.7017207145690918,1.7081215381622314,0.0
457,4,65,6,1.5202924013137817,1.4026060104370117,1.5202924013137817,1.4821338653564453,0.0020747205708175898,1.4528846740722656,1.5058633089065552,1.5186806917190552,0.0
458,4,71,6,1.347304344177246,0.7722328901290894,1.347304344177246,1.0998444557189941,0.051495399326086044,0.9073807001113892,1.1315582990646362,1.3207080364227295,0.3
459,4,74,6,1.6799800395965576,0.8265899419784546,1.6910438537597656,1.365969181060791,0.11593451350927353,1.1140869855880737,1.4645692110061646,1.6799800395965576,0.1
460,4,68,6,0.8278663158416748,0.7953402996063232,0.8438961505889893,0.817924439907074,0.0002759990456979722,0.805680513381958,0.8176857233047485,0.8278663158416748,0.5
461,4,61,6,0.9865646958351135,0.7458239197731018,0.9865646958351135,0.886734127998352,0.009180553257465363,0.805012047290802,0.9075117111206055,0.9784882068634033,0.5
462,4,58,6,1.2887485027313232,1.1352620124816895,1.3678957223892212,1.266862154006958,0.005994547624140978,1.2217738628387451,1.2887485027313232,1.3129887580871582,0.0
463,4,68,6,0.8900485038757324,0.8681551218032837,0.9835864901542664,0.9154214859008789,0.001953435828909278,0.8900485038757324,0.8904895186424255,0.9500524997711182,0.3
464,4,72,6,1.8400874137878418,1.351210117340088,1.8400874137878418,1.6743659973144531,0.029719917103648186,1.5976698398590088,1.722531795501709,1.8209725618362427,0.0
465,4,68,6,1.49366295337677,1.1034741401672363,1.56396484375,1.3885809183120728,0.026828523725271225,1.2861623764038086,1.4682097434997559,1.49366295337677,0.1
466,4,75,6,1.6020381450653076,1.3852061033248901,1.6020381450653076,1.5203149318695068,0.007837849669158459,1.444637656211853,1.5567885637283325,1.5995575189590454,0.0
467,4,65,6,1.0268399715423584,1.0268399715423584,1.1346631050109863,1.0739814043045044,0.0019291656790301204,1.0325076580047607,1.0642063617706299,1.1150751113891602,0.5
468,4,63,6,1.3257710933685303,0.9481650590896606,1.3257710933685303,1.13802170753479,0.020374711602926254,1.0415513515472412,1.0994255542755127,1.2746686935424805,0.4
469,4,60,6,1.5077359676361084,1.4198510646820068,1.5077359676361084,1.469637393951416,0.0012151964474469423,1.4413747787475586,1.4721322059631348,1.5041707754135132,0.0
470,4,68,6,1.6870102882385254,1.389114499092102,1.6870102882385254,1.5521272420883179,0.012041826732456684,1.476542592048645,1.5447759628295898,1.6561603546142578,0.0
471,4,66,6,0.7159796953201294,0.7159796953201294,0.9194058179855347,0.806242048740387,0.00527045177295804,0.7384730577468872,0.8176045417785645,0.8454724550247192,0.5
472,4,71,6,1.6102545261383057,1.2730637788772583,1.6102545261383057,1.4191522598266602,0.021480027586221695,1.2853960990905762,1.3698371648788452,1.5684633255004883,0.0
473,4,68,6,1.562845230102539,1.1326994895935059,1.562845230102539,1.329160451889038,0.03151041641831398,1.1752872467041016,1.2770328521728516,1.5072436332702637,0.3
474,4,66,6,0.7530291080474854,0.7530291080474854,0.928409993648529,0.8282723426818848,0.003741985186934471,0.7738932371139526,0.8386393785476685,0.8536137342453003,0.5
475,4,77,6,1.6573026180267334,1.1865657567977905,1.6573026180267334,1.4723273515701294,0.029916444793343544,1.3559529781341553,1.5096800327301025,1.6269385814666748,0.1
476,4,70,6,1.699938416481018,1.3378194570541382,1.699938416481018,1.5296438932418823,0.02224200777709484,1.394662618637085,1.530463457107544,1.67995285987854,0.0
477,4,65,6,1.346423625946045,1.2274911403656006,1.346423625946045,1.2878646850585938,0.002257457235828042,1.247724175453186,1.2813609838485718,1.335869550704956,0.2
478,4,70,6,1.6288483142852783,1.1944247484207153,1.6288483142852783,1.4579687118530273,0.029495326802134514,1.334893822669983,1.4849193096160889,1.623591423034668,0.1
479,4,69,6,1.5337072610855103,1.3607242107391357,1.5337072610855103,1.4510830640792847,0.004769105929881334,1.389204502105713,1.4503554105758667,1.519490122795105,0.0
480,4,67,6,1.744110107421875,1.5138413906097412,1.744110107421875,1.6454639434814453,0.007003534585237503,1.590482473373413,1.6463382244110107,1.7243032455444336,0.0
481,4,69,6,1.8418807983398438,1.428405523300171,1.8418807983398438,1.7123439311981201,0.023118896409869194,1.6365203857421875,1.781831979751587,1.834480881690979,0.1
482,4,63,6,1.467221736907959,1.3665225505828857,1.4886059761047363,1.4279544353485107,0.0024091170635074377,1.3784971237182617,1.4387296438217163,1.467221736907959,0.0
483,4,69,6,1.6930371522903442,1.648895025253296,1.7436606884002686,1.6978988647460938,0.0008802442462183535,1.6879768371582031,1.6930371522903442,1.7151143550872803,0.0
484,4,62,6,1.3265855312347412,1.1702345609664917,1.3371219635009766,1.2915735244750977,0.0035774146672338247,1.2776234149932861,1.3265855312347412,1.3273544311523438,0.2
485,4,62,6,1.142303228378296,1.142303228378296,1.2875722646713257,1.2044343948364258,0.00354565167799592,1.1484529972076416,1.1889795064926147,1.260115623474121,0.3
486,4,77,6,1.4414547681808472,1.0633494853973389,1.4450241327285767,1.3123116493225098,0.028600741177797318,1.1633777618408203,1.4192895889282227,1.4414547681808472,0.2
487,4,71,6,1.095478892326355,0.8542647361755371,1.095478892326355,1.0088245868682861,0.0095747085288167,0.9292712807655334,1.055080533027649,1.0930510759353638,0.5
488,4,72,6,1.304410696029663,1.2017152309417725,1.3092305660247803,1.2669789791107178,0.0017327284440398216,1.235987901687622,1.2777974605560303,1.304410696029663,0.2
489,4,67,6,1.2015752792358398,1.0125980377197266,1.2015752792358398,1.1341910362243652,0.004322303459048271,1.1061140298843384,1.1454746723175049,1.191640853881836,0.4
490,4,74,6,1.0251919031143188,0.8930961489677429,1.0650643110275269,1.012155532836914,0.0030419770628213882,1.0242962837219238,1.0251919031143188,1.0365914106369019,0.5
491,4,71,6,1.0711634159088135,0.899474024772644,1.179851770401001,1.0577071905136108,0.0067363400012254715,1.059631586074829,1.0693931579589844,1.0711634159088135,0.5
492,4,70,6,1.0087844133377075,0.9277726411819458,1.126544713973999,1.0319339036941528,0.004270897246897221,1.0087844133377075,1.0143427848815918,1.0798375606536865,0.4
493,4,71,6,1.294188141822815,1.103847861289978,1.294188141822815,1.2114439010620117,0.004887357819825411,1.1634362936019897,1.2112469673156738,1.2782869338989258,0.4
494,4,73,6,1.251668095588684,1.012249231338501,1.251668095588684,1.1621657609939575,0.009360205382108688,1.0841282606124878,1.1963398456573486,1.2513399124145508,0.3
495,4,70,6,1.2791895866394043,1.140679121017456,1.2791895866394043,1.2240290641784668,0.0025162305682897568,1.1944814920425415,1.2271403074264526,1.2716076374053955,0.3
496,4,74,6,1.0485811233520508,0.8868150115013123,1.1128963232040405,1.0348140001296997,0.005121098831295967,1.0339630842208862,1.0485811233520508,1.0743355751037598,0.5
497,4,75,6,1.705951452255249,1.3192729949951172,1.705951452255249,1.5442113876342773,0.027464762330055237,1.3817567825317383,1.59962797164917,1.6986477375030518,0.2
498,4,77,6,1.3894600868225098,1.255680799484253,1.3894600868225098,1.3098201751708984,0.0032234552782028913,1.2714143991470337,1.277032494544983,1.3618881702423096,0.2
499,4,69,6,1.4496068954467773,1.4155333042144775,1.5317274332046509,1.4729188680648804,0.0015562267508357763,1.4496068954467773,1.4648386240005493,1.5032439231872559,0.0
500,4,54,6,1.3223435878753662,1.3033212423324585,1.40208101272583,1.3523831367492676,0.0015264861285686493,1.3223435878753662,1.3428000211715698,1.391528606414795,0.0
501,4,70,6,1.070284128189087,0.6242111325263977,1.070284128189087,0.8503628373146057,0.03467857465147972,0.6758624315261841,0.8406420946121216,1.0392568111419678,0.3
502,4,57,6,1.1304086446762085,0.9818017482757568,1.1304086446762085,1.0545566082000732,0.004392548464238644,0.9918702840805054,1.0469706058502197,1.1225062608718872,0.4
503,4,75,6,1.5350353717803955,1.1497888565063477,1.5350353717803955,1.3367996215820312,0.02506674826145172,1.1878420114517212,1.3198809623718262,1.4942569732666016,0.3
504,4,71,6,1.2016149759292603,0.8350462913513184,1.2016149759292603,1.0175329446792603,0.020257266238331795,0.9054985642433167,0.9889287948608398,1.1569746732711792,0.3
505,4,66,6,1.424699306488037,1.1983542442321777,1.424699306488037,1.3615387678146362,0.005992170888930559,1.3612785339355469,1.3802803754806519,1.4180753231048584,0.1
506,4,69,6,1.4933695793151855,1.1418291330337524,1.5804743766784668,1.3955224752426147,0.020964547991752625,1.3307650089263916,1.413988709449768,1.4933695793151855,0.1
507,4,72,6,1.5003259181976318,1.2084115743637085,1.510901927947998,1.3773465156555176,0.017362277954816818,1.2461292743682861,1.412118911743164,1.5003259181976318,0.0
508,4,77,6,1.5891072750091553,1.2193243503570557,1.5891072750091553,1.4147969484329224,0.02118413895368576,1.2987040281295776,1.4000270366668701,1.561531662940979,0.0
509,4,75,6,1.3257472515106201,0.8482389450073242,1.3257472515106201,1.0828455686569214,0.03678826242685318,0.9194473028182983,1.046669840812683,1.2761985063552856,0.3
510,4,70,6,1.4213556051254272,1.1842552423477173,1.4213556051254272,1.3051633834838867,0.00863230973482132,1.226284146308899,1.2967381477355957,1.3960047960281372,0.0
511,4,74,6,1.1435174942016602,1.1435174942016602,1.2516199350357056,1.1972509622573853,0.001827778178267181,1.1556220054626465,1.2012765407562256,1.2343775033950806,0.5
512,4,73,6,1.7218091487884521,1.2684353590011597,1.7555818557739258,1.5966638326644897,0.03409745544195175,1.4881715774536133,1.7069934606552124,1.7218091487884521,0.0
513,4,76,6,1.3581867218017578,0.8881593942642212,1.3581867218017578,1.1638540029525757,0.03016127459704876,1.0587832927703857,1.1612606048583984,1.3325393199920654,0.3
514,4,72,6,1.308703899383545,0.7541344165802002,1.308703899383545,1.0194181203842163,0.0477730929851532,0.8557155728340149,0.9487407803535461,1.2357966899871826,0.4
515,4,77,6,1.1791549921035767,1.0073113441467285,1.2531065940856934,1.1332664489746094,0.008106342516839504,1.0541530847549438,1.1710772514343262,1.1791549921035767,0.2
516,4,75,6,1.0422390699386597,0.9393895864486694,1.2126926183700562,1.1069691181182861,0.010994931682944298,1.0422390699386597,1.1205484867095947,1.2045116424560547,0.5
517,4,68,6,1.4860447645187378,1.327406883239746,1.5245050191879272,1.4613920450210571,0.003948780708014965,1.4659570455551147,1.4853284358978271,1.4860447645187378,0.0
518,4,73,6,1.0177708864212036,0.7045861482620239,1.0177708864212036,0.9340757727622986,0.011334443464875221,0.9512224197387695,0.9570939540863037,1.0032567977905273,0.5
519,4,68,6,1.4099962711334229,1.1290090084075928,1.4341990947723389,1.3279749155044556,0.011163873597979546,1.2885277271270752,1.3549573421478271,1.4099962711334229,0.1
520,4,72,6,1.762507438659668,1.5328887701034546,1.762507438659668,1.6569064855575562,0.00874157901853323,1.5805630683898926,1.6525869369506836,1.7513821125030518,0.0
521,4,66,6,1.350762963294983,1.0248079299926758,1.350762963294983,1.1911983489990234,0.022280965000391006,1.045560359954834,1.1907612085342407,1.3423926830291748,0.3
522,4,75,6,1.0798296928405762,0.801015317440033,1.1414904594421387,1.0175589323043823,0.012756614945828915,0.9741522073745728,1.0681538581848145,1.0798296928405762,0.5
523,4,75,6,1.5228615999221802,1.1668424606323242,1.5228615999221802,1.3113235235214233,0.023634852841496468,1.1821610927581787,1.2400577068328857,1.4614591598510742,0.2
524,4,75,6,1.2498409748077393,1.1115655899047852,1.2550700902938843,1.1909139156341553,0.0038597036618739367,1.1314319372177124,1.2028628587722778,1.2498409748077393,0.3
525,4,73,6,1.2656176090240479,1.0357130765914917,1.2656176090240479,1.1879289150238037,0.006696460302919149,1.148987889289856,1.2144227027893066,1.2562716007232666,0.2
526,4,75,6,1.6690845489501953,1.385674238204956,1.6690845489501953,1.5036070346832275,0.014481594786047935,1.4052650928497314,1.4490537643432617,1.6208434104919434,0.0
527,4,58,6,1.2015386819839478,0.9342540502548218,1.2214903831481934,1.1160038709640503,0.016438648104667664,1.0021318197250366,1.2015386819839478,1.2015386819839478,0.3
528,4,73,6,1.3977609872817993,1.307969331741333,1.4014137983322144,1.3726853132247925,0.0011305661173537374,1.3584269285202026,1.3888587951660156,1.3977609872817993,0.0
529,4,70,6,1.5633068084716797,1.333321452140808,1.5633068084716797,1.452463150024414,0.007459213025867939,1.3944694995880127,1.4321881532669067,1.5369553565979004,0.0
530,4,75,6,1.5679430961608887,1.3686387538909912,1.58343505859375,1.5128039121627808,0.006525834556668997,1.4656503200531006,1.5599687099456787,1.5679430961608887,0.0
531,4,63,6,1.5844953060150146,1.4423750638961792,1.5844953060150146,1.526563048362732,0.0024039950221776962,1.5068906545639038,1.5222203731536865,1.5702699422836304,0.0
532,4,55,6,1.2380765676498413,0.8558993339538574,1.2380765676498413,1.1385382413864136,0.019221266731619835,1.1041125059127808,1.2107510566711426,1.2380765676498413,0.2
533,4,67,6,1.7038030624389648,1.3451108932495117,1.7038030624389648,1.5053489208221436,0.020587129518389702,1.415586233139038,1.4344263076782227,1.6373722553253174,0.0
534,4,59,6,1.1768715381622314,1.1333847045898438,1.2666518688201904,1.1930146217346191,0.0018241395009681582,1.1768715381622314,1.1768715381622314,1.2147953510284424,0.3
535,4,71,6,1.681685209274292,1.217247724533081,1.681685209274292,1.4488139152526855,0.03547975793480873,1.2762025594711304,1.4325202703475952,1.6367400884628296,0.1
536,4,63,6,1.3113865852355957,1.1935313940048218,1.386330008506775,1.2903822660446167,0.0038808828685432673,1.2505550384521484,1.3098825216293335,1.3113865852355957,0.4
537,4,63,6,1.7884012460708618,0.8766093254089355,1.7884012460708618,1.3282912969589233,0.14996467530727386,0.9835879802703857,1.269610047340393,1.7253551483154297,0.3
538,4,67,6,1.3422025442123413,0.7232967615127563,1.3422025442123413,1.0971623659133911,0.05765842646360397,0.941684365272522,1.1168603897094727,1.3295615911483765,0.3
539,4,72,6,1.3256447315216064,0.4928475022315979,1.3256447315216064,1.0544379949569702,0.1086893379688263,0.8261210322380066,1.2318832874298096,1.3230973482131958,0.2
540,4,68,6,1.557258129119873,0.6515040993690491,1.557258129119873,1.1035053730010986,0.11442053318023682,0.9362466335296631,0.9598281979560852,1.4131278991699219,0.4
541,4,64,6,1.2308193445205688,1.0410258769989014,1.254332423210144,1.156116008758545,0.0075900973752141,1.0714623928070068,1.1787216663360596,1.2308193445205688,0.3
542,4,70,6,1.7300331592559814,0.8876082897186279,1.7300331592559814,1.3923306465148926,0.08941291272640228,1.2375160455703735,1.3913251161575317,1.6734156608581543,0.1
543,4,73,6,1.7178581953048706,1.35300874710083,1.7178581953048706,1.569627285003662,0.020293455570936203,1.4667532444000244,1.5849279165267944,1.7084912061691284,0.0
544,4,61,6,1.1821439266204834,1.1821439266204834,1.3103687763214111,1.2364466190338135,0.0029622467700392008,1.1868375539779663,1.2179174423217773,1.2898701429367065,0.3
545,4,68,6,1.3686769008636475,1.3284261226654053,1.4707491397857666,1.3778014183044434,0.0019540241919457912,1.3593201637268066,1.3686769008636475,1.372727870941162,0.0
546,4,66,6,1.6836628913879395,1.3598110675811768,1.6836628913879395,1.5260825157165527,0.016552088782191277,1.422615647315979,1.5057694911956787,1.656380534172058,0.0
547,4,78,6,1.6195374727249146,1.3889329433441162,1.620678186416626,1.5358084440231323,0.008712640032172203,1.46094810962677,1.57344388961792,1.6195374727249146,0.0
548,4,70,6,1.2847068309783936,1.2145137786865234,1.3278847932815552,1.2709009647369385,0.0014372823061421514,1.243483543395996,1.2840652465820312,1.2847068309783936,0.1
549,4,75,6,1.6857309341430664,1.4085900783538818,1.6857309341430664,1.5519568920135498,0.01320982538163662,1.4396823644638062,1.5580637454986572,1.6653192043304443,0.0
550,4,70,6,1.5750677585601807,1.0917284488677979,1.5750677585601807,1.4137808084487915,0.028476206585764885,1.3490962982177734,1.4635682106018066,1.5492517948150635,0.1
551,4,75,6,1.3092032670974731,1.0092241764068604,1.3335235118865967,1.236897349357605,0.014045902527868748,1.1904629468917847,1.3092032670974731,1.309311032295227,0.2
552,4,56,6,1.4902544021606445,1.0710722208023071,1.4902544021606445,1.3500531911849976,0.03404705971479416,1.194496512413025,1.4694936275482178,1.4902544021606445,0.2
553,4,72,6,1.5708250999450684,1.3373132944107056,1.5988980531692505,1.504568338394165,0.008822854608297348,1.4485315084457397,1.5490427017211914,1.5708250999450684,0.0
554,4,72,6,1.4450689554214478,1.4177106618881226,1.552175760269165,1.4852197170257568,0.0026826115790754557,1.4450689554214478,1.4769747257232666,1.5340299606323242,0.0
555,4,56,6,1.5854301452636719,1.403160572052002,1.5854301452636719,1.5240137577056885,0.004529836121946573,1.4866701364517212,1.5468363761901855,1.5831125974655151,0.0
556,4,67,6,1.7969739437103271,1.2113139629364014,1.7969739437103271,1.5413864850997925,0.05172976478934288,1.3500981330871582,1.5789284706115723,1.7509965896606445,0.0
557,4,71,6,1.3368717432022095,1.3368717432022095,1.3960564136505127,1.3581056594848633,0.00043662352254614234,1.340688705444336,1.3529062271118164,1.368184208869934,0.1
558,4,68,6,1.4960718154907227,0.656770646572113,1.4960718154907227,1.2320705652236938,0.07853992283344269,1.2419514656066895,1.2515802383422852,1.436153769493103,0.1
559,4,72,6,1.275134801864624,1.2206437587738037,1.3231099843978882,1.2781952619552612,0.0009235799661837518,1.275134801864624,1.2798831462860107,1.2890453338623047,0.4
560,4,71,6,1.6883502006530762,0.6421393752098083,1.6883502006530762,1.3638906478881836,0.16110356152057648,1.129895806312561,1.5817888975143433,1.6779558658599854,0.1
561,4,67,6,1.6710739135742188,1.317380428314209,1.6710739135742188,1.5246820449829102,0.019393490627408028,1.4110063314437866,1.5494577884674072,1.659264326095581,0.0
562,4,57,6,1.4913437366485596,1.330493450164795,1.4913437366485596,1.406154751777649,0.003918598871678114,1.3661211729049683,1.3798162937164307,1.465381145477295,0.0
563,4,69,6,1.1146857738494873,0.5273850560188293,1.1146857738494873,0.9104371666908264,0.058837421238422394,0.7161335945129395,1.043404221534729,1.1058762073516846,0.2
564,4,73,6,1.386741280555725,1.1304762363433838,1.3890856504440308,1.3102385997772217,0.01215202547609806,1.232397198677063,1.386741280555725,1.3872636556625366,0.2
565,4,43,6,1.098013162612915,1.0316710472106934,1.098013162612915,1.0542433261871338,0.000958845776040107,1.0316710472106934,1.0330456495285034,1.0821149349212646,0.3
566,4,72,6,1.6009190082550049,1.2850779294967651,1.6009190082550049,1.451369047164917,0.01662767492234707,1.328521490097046,1.4656682014465332,1.572473406791687,0.0
567,4,78,6,1.5751639604568481,1.2355657815933228,1.5751639604568481,1.4715735912322998,0.013366034254431725,1.4528346061706543,1.5016367435455322,1.5595623254776,0.0
568,4,66,6,1.3548204898834229,0.7565706968307495,1.3548204898834229,1.076564073562622,0.07796557992696762,0.7965012192726135,1.1106698513031006,1.3538236618041992,0.2
569,4,71,6,1.1412816047668457,0.7160259485244751,1.158677101135254,1.060990571975708,0.024295412003993988,1.0958396196365356,1.1313087940216064,1.1412816047668457,0.1
570,4,65,6,1.668187141418457,1.125279188156128,1.6790480613708496,1.4693211317062378,0.04650868475437164,1.3185330629348755,1.521979570388794,1.668187141418457,0.0
571,4,68,6,1.7909220457077026,1.2098102569580078,1.7909220457077026,1.503486156463623,0.05536700040102005,1.284104347229004,1.5015339851379395,1.7294999361038208,0.0
572,4,72,6,1.0446797609329224,1.019640564918518,1.1165201663970947,1.0649409294128418,0.0010307019110769033,1.0446797609329224,1.0605356693267822,1.0848983526229858,0.1
573,4,69,6,0.8910012245178223,0.41951993107795715,0.8910012245178223,0.6872434616088867,0.030377691611647606,0.5646557807922363,0.6996371150016785,0.8454117774963379,0.4
574,4,63,6,1.267645239830017,1.2340571880340576,1.342329978942871,1.286586046218872,0.0014411868760362267,1.267645239830017,1.272263526916504,1.3174381256103516,0.0
575,4,59,6,1.084458589553833,1.084458589553833,1.1813554763793945,1.1306740045547485,0.0016405951464548707,1.0909874439239502,1.1268223524093628,1.1708624362945557,0.0
576,4,60,6,1.724926233291626,1.6257034540176392,1.731454610824585,1.6970473527908325,0.0014612966915592551,1.6778748035430908,1.7160437107086182,1.724926233291626,0.0
577,4,70,6,1.6325478553771973,1.4702808856964111,1.6932108402252197,1.5876127481460571,0.005643248558044434,1.5333343744277954,1.605756402015686,1.6325478553771973,0.0
578,4,67,6,1.6821911334991455,1.1920424699783325,1.6821911334991455,1.5113146305084229,0.03544267639517784,1.3807430267333984,1.5897583961486816,1.6747394800186157,0.0
579,4,71,6,1.7051717042922974,1.656617522239685,1.7442976236343384,1.7090309858322144,0.000750569102820009,1.7051717042922974,1.7086598873138428,1.7261216640472412,0.0
580,4,75,6,1.6673136949539185,1.094374418258667,1.6673136949539185,1.40294349193573,0.043368786573410034,1.2782936096191406,1.3652461767196655,1.5984400510787964,0.1
581,4,72,6,1.3247368335723877,1.3247368335723877,1.5154216289520264,1.4244455099105835,0.005436523351818323,1.353968858718872,1.4554128646850586,1.4705042839050293,0.0
582,4,73,6,1.3261371850967407,1.1068782806396484,1.4403808116912842,1.2493219375610352,0.014841333031654358,1.1477726697921753,1.237594485282898,1.3261371850967407,0.3
583,4,73,6,1.5017943382263184,1.5017943382263184,1.5470473766326904,1.5288335084915161,0.00038668440538458526,1.5095336437225342,1.5385310649871826,1.5450546741485596,0.0
584,4,72,6,1.2809627056121826,1.2809627056121826,1.405925989151001,1.3334860801696777,0.0026465218979865313,1.2864842414855957,1.3174434900283813,1.3815929889678955,0.0
585,4,54,6,1.6287163496017456,1.5385856628417969,1.6702394485473633,1.617811679840088,0.0022918556351214647,1.586930274963379,1.6287163496017456,1.6578871011734009,0.0
586,4,73,6,1.107686161994934,0.8609028458595276,1.107686161994934,1.005287528038025,0.011212860234081745,0.9013526439666748,1.0432765483856201,1.1027227640151978,0.2
587,4,70,6,1.152148723602295,0.9914925694465637,1.152148723602295,1.0671778917312622,0.003996687475591898,1.020021915435791,1.0468511581420898,1.1276967525482178,0.3
588,4,72,6,1.0334560871124268,0.9948307275772095,1.1502723693847656,1.0667132139205933,0.0031951586715877056,1.0334560871124268,1.0434653759002686,1.114460825920105,0.3
589,4,72,6,1.2932090759277344,1.2932090759277344,1.4144608974456787,1.3570842742919922,0.002624581567943096,1.3046616315841675,1.3674626350402832,1.4040025472640991,0.0
590,4,67,6,1.2274484634399414,1.1438634395599365,1.2274484634399414,1.2024166584014893,0.0008770807762630284,1.1925681829452515,1.2146213054656982,1.2252016067504883,0.0
591,4,74,6,0.9653502106666565,0.5145981311798096,1.0273655652999878,0.8379058837890625,0.03191840648651123,0.7398388981819153,0.9089145660400391,0.9653502106666565,0.3
592,4,66,6,1.0655021667480469,0.8617781400680542,1.0655021667480469,0.9859899282455444,0.00494210422039032,0.9587421417236328,0.9831079244613647,1.0496444702148438,0.4
593,4,72,6,1.2279322147369385,1.0758056640625,1.2279322147369385,1.1740130186080933,0.003836748655885458,1.1244211196899414,1.2055940628051758,1.2252399921417236,0.1
594,4,76,6,0.9542927742004395,0.9183697700500488,1.0245873928070068,0.9699907302856445,0.0012302121613174677,0.9542927742004395,0.9590057134628296,0.9944419860839844,0.3
595,4,74,6,1.0686707496643066,0.4709877371788025,1.0686707496643066,0.8189437389373779,0.04732430726289749,0.6744341850280762,0.8337366580963135,1.0223321914672852,0.4
596,4,73,6,1.3093221187591553,1.2423830032348633,1.3873952627182007,1.3209481239318848,0.0022468222305178642,1.3076037168502808,1.3093221187591553,1.3550069332122803,0.1
597,4,73,6,1.3080358505249023,1.1841957569122314,1.3135374784469604,1.2667441368103027,0.0032275626435875893,1.2162764072418213,1.3027360439300537,1.3080358505249023,0.2
598,4,62,6,1.5626001358032227,1.533882737159729,1.605480670928955,1.5619120597839355,0.0004735804977826774,1.5521502494812012,1.5593314170837402,1.5626001358032227,0.0
599,4,68,6,1.6338554620742798,1.4877769947052002,1.6340830326080322,1.602987289428711,0.002737677888944745,1.6122523546218872,1.6259403228759766,1.6338554620742798,0.0
600,4,54,6,1.335221767425537,1.1404200792312622,1.335221767425537,1.255049467086792,0.006236315704882145,1.1842725276947021,1.2811216115951538,1.3255971670150757,0.3
601,4,74,6,1.1846541166305542,0.8787307143211365,1.1846541166305542,1.0552754402160645,0.012107287533581257,0.987145185470581,1.0579822063446045,1.1560733318328857,0.4
602,4,74,6,1.5541903972625732,1.3546396493911743,1.5541903972625732,1.4410864114761353,0.007042412646114826,1.3729112148284912,1.4055126905441284,1.524842381477356,0.0
603,4,73,6,1.0982449054718018,0.8504647612571716,1.0982449054718018,0.9795060157775879,0.008138838224112988,0.9397268295288086,0.9453770518302917,1.061140775680542,0.5
604,4,71,6,1.1787739992141724,1.0389612913131714,1.1951520442962646,1.1406126022338867,0.003412573831155896,1.104130506515503,1.174267053604126,1.1787739992141724,0.5
605,4,73,6,1.151120662689209,1.151120662689209,1.3304078578948975,1.2188465595245361,0.004150604363530874,1.1602741479873657,1.2070192098617554,1.2563698291778564,0.0
606,4,65,6,1.7167704105377197,1.489661693572998,1.7729939222335815,1.6218703985214233,0.01354767195880413,1.5053907632827759,1.6292636394500732,1.7167704105377197,0.0
607,4,62,6,1.5342143774032593,1.0974915027618408,1.5342143774032593,1.2658674716949463,0.03677378594875336,1.1175756454467773,1.1574963331222534,1.4475523233413696,0.3
608,4,70,6,1.164656400680542,1.0507402420043945,1.177433729171753,1.1287057399749756,0.0023293979465961456,1.0914506912231445,1.1519380807876587,1.164656400680542,0.5
609,4,68,6,1.392889380455017,1.159335970878601,1.392889380455017,1.2643123865127563,0.009338252246379852,1.1813857555389404,1.2331254482269287,1.3607254028320312,0.2
610,4,72,6,1.7413791418075562,1.3963581323623657,1.7413791418075562,1.6309720277786255,0.01466058287769556,1.5863782167434692,1.6725014448165894,1.72719144821167,0.0
611,4,74,6,1.443831443786621,1.398939609527588,1.4780986309051514,1.4405453205108643,0.0005280064651742578,1.4387879371643066,1.4420561790466309,1.443831443786621,0.0
612,4,74,6,1.4582860469818115,1.2850781679153442,1.4583640098571777,1.4035038948059082,0.004145477432757616,1.3706400394439697,1.4292598962783813,1.4582860469818115,0.1
613,4,70,6,1.6445019245147705,1.568535566329956,1.6662771701812744,1.6289737224578857,0.0009504940826445818,1.6207553148269653,1.6390150785446167,1.6445019245147705,0.0
614,4,70,6,1.2286865711212158,1.1249934434890747,1.2286865711212158,1.1898339986801147,0.0016650003381073475,1.1574331521987915,1.2054455280303955,1.226114273071289,0.5
615,4,77,6,1.4342368841171265,1.32243013381958,1.4801299571990967,1.4225130081176758,0.002700550016015768,1.4065343141555786,1.4342368841171265,1.4586175680160522,0.0
616,4,53,6,1.7560474872589111,1.1823796033859253,1.7560474872589111,1.472822666168213,0.048608098179101944,1.3023474216461182,1.4393810033798218,1.6821531057357788,0.2
617,4,68,6,1.6994667053222656,1.401120662689209,1.6994667053222656,1.5607496500015259,0.01327979564666748,1.4648905992507935,1.5605242252349854,1.672518014907837,0.0
618,4,56,6,1.7591426372528076,1.2629351615905762,1.7591426372528076,1.6395213603973389,0.030749788507819176,1.6379081010818481,1.7180061340332031,1.7553733587265015,0.0
619,4,74,6,1.6917529106140137,1.483818769454956,1.749946117401123,1.6124988794326782,0.010595787316560745,1.514845609664917,1.6243226528167725,1.6917529106140137,0.0
620,4,75,6,1.5923552513122559,1.5923552513122559,1.7408487796783447,1.6599743366241455,0.0039139119908213615,1.5986104011535645,1.6502532958984375,1.7211177349090576,0.0
621,4,61,6,1.7636289596557617,1.507570505142212,1.7867238521575928,1.6619510650634766,0.012588946148753166,1.5683586597442627,1.6760714054107666,1.7636289596557617,0.0
622,4,68,6,1.7299039363861084,1.548858642578125,1.7731177806854248,1.6582462787628174,0.007781490683555603,1.5790046453475952,1.661717176437378,1.7299039363861084,0.0
623,4,69,6,1.006159782409668,0.7610571980476379,1.006159782409668,0.8868119120597839,0.009869031608104706,0.8043394684791565,0.8729768991470337,0.9879245162010193,0.5
624,4,62,6,1.28471040725708,1.2594029903411865,1.3894038200378418,1.311482310295105,0.0020159550476819277,1.28471040725708,1.2913535833358765,1.3390012979507446,0.3
625,4,65,6,1.3709659576416016,1.07064950466156,1.3709659576416016,1.2435888051986694,0.016387758776545525,1.1194485425949097,1.2802220582962036,1.3652675151824951,0.3
626,4,75,6,1.6645522117614746,1.402008056640625,1.6645522117614746,1.5480834245681763,0.0106179965659976,1.4607857465744019,1.565142273902893,1.640527367591858,0.0
627,4,65,6,1.6690635681152344,0.9928013682365417,1.6690635681152344,1.486651062965393,0.054762452840805054,1.4785292148590088,1.558133602142334,1.6568679809570312,0.1
628,4,73,6,1.4151594638824463,0.9844823479652405,1.4151594638824463,1.2461106777191162,0.024049246683716774,1.1606899499893188,1.2545373439788818,1.392539620399475,0.4
629,4,68,6,1.3265380859375,0.8729622960090637,1.3265380859375,1.1306707859039307,0.02782348357141018,1.0140186548233032,1.138345718383789,1.2860291004180908,0.4
630,4,77,6,1.3953261375427246,1.1821269989013672,1.3953261375427246,1.2922215461730957,0.006155802868306637,1.2484761476516724,1.2688007354736328,1.3646302223205566,0.1
631,4,73,6,1.4832053184509277,1.0495527982711792,1.4832053184509277,1.2954641580581665,0.025114642456173897,1.1941529512405396,1.287048578262329,1.448818325996399,0.4
632,4,72,6,1.4095872640609741,1.0108075141906738,1.4095872640609741,1.2545477151870728,0.01915433444082737,1.190906047821045,1.2631521224975586,1.376110315322876,0.4
633,4,72,6,1.4937429428100586,1.2013224363327026,1.4949052333831787,1.3820858001708984,0.013798940926790237,1.2974599599838257,1.4060121774673462,1.4937429428100586,0.1
634,4,72,6,1.4150042533874512,1.2807245254516602,1.4225201606750488,1.38837468624115,0.002490290440618992,1.390028953552246,1.4150042533874512,1.4152195453643799,0.1
635,4,73,6,1.459129810333252,1.459129810333252,1.4905108213424683,1.476595401763916,0.0001878241018857807,1.4625424146652222,1.4806809425354004,1.4892255067825317,0.0
636,4,67,6,0.6716208457946777,0.6716208457946777,0.982671856880188,0.8465781211853027,0.01590161770582199,0.7303215265274048,0.9096044898033142,0.9289559125900269,0.5
637,4,68,6,1.6802994012832642,0.5318790674209595,1.6802994012832642,1.1899454593658447,0.2332524061203003,0.7292268872261047,1.3142988681793213,1.652094841003418,0.3
638,4,68,6,0.8426306247711182,0.8426306247711182,0.9725838303565979,0.8999433517456055,0.0023487189318984747,0.8548969030380249,0.8976742029190063,0.9357630014419556,0.5
639,4,62,6,1.4371697902679443,0.921865701675415,1.4371697902679443,1.2057735919952393,0.03385089337825775,1.1090106964111328,1.1732490062713623,1.3744449615478516,0.4
640,4,77,6,1.5511345863342285,1.2635865211486816,1.557722806930542,1.5027517080307007,0.011454259045422077,1.5463652610778809,1.548900842666626,1.5511345863342285,0.1
641,4,76,6,1.5356528759002686,1.235776424407959,1.5565688610076904,1.4461020231246948,0.017642013728618622,1.3450050354003906,1.532542109489441,1.5356528759002686,0.1
642,4,70,6,1.5009586811065674,1.1021969318389893,1.516097068786621,1.3992384672164917,0.022017158567905426,1.3536080121994019,1.478285789489746,1.5009586811065674,0.1
643,4,71,6,1.7761998176574707,1.1423417329788208,1.7973787784576416,1.5581539869308472,0.07033969461917877,1.3395546674728394,1.691148042678833,1.7761998176574707,0.1
644,4,72,6,1.795486330986023,1.5607702732086182,1.8263235092163086,1.7394216060638428,0.007910169661045074,1.7155449390411377,1.776045560836792,1.795486330986023,0.0
645,4,63,6,1.0804824829101562,1.0804824829101562,1.178539514541626,1.1359150409698486,0.0015974555863067508,1.0987087488174438,1.1554609537124634,1.1631816625595093,0.5
646,4,76,6,1.8586128950119019,1.5307590961456299,1.8586128950119019,1.7343114614486694,0.01626717858016491,1.6346321105957031,1.780306100845337,1.847434163093567,0.0
647,4,70,6,1.3888745307922363,1.2836896181106567,1.4719653129577637,1.3885996341705322,0.0030616146977990866,1.3888745307922363,1.3890713453292847,1.4040112495422363,0.0
648,4,66,6,1.7528088092803955,1.7061622142791748,1.8341399431228638,1.7745956182479858,0.0018366138683632016,1.7528088092803955,1.7691893577575684,1.808455228805542,0.0
649,4,63,6,1.1544830799102783,0.9419674277305603,1.1544830799102783,1.0375757217407227,0.007746110204607248,0.9593777656555176,1.0131553411483765,1.1242198944091797,0.2
650,4,69,6,1.7509074211120605,1.460092544555664,1.7720376253128052,1.689802885055542,0.011459406465291977,1.6890182495117188,1.7400896549224854,1.7509074211120605,0.0
651,4,73,6,1.3713370561599731,0.9444010257720947,1.3713370561599731,1.1390390396118164,0.029564132913947105,1.0029665231704712,1.0818088054656982,1.3040969371795654,0.4
652,4,68,6,1.600163221359253,0.9796228408813477,1.600163221359253,1.312718391418457,0.06095484644174576,1.0895684957504272,1.3313826322555542,1.55144202709198,0.2
653,4,76,6,1.8586128950119019,1.5307590961456299,1.8586128950119019,1.7343114614486694,0.01626717858016491,1.6346321105957031,1.780306100845337,1.847434163093567,0.0
654,4,68,6,1.600163221359253,0.9796228408813477,1.600163221359253,1.312718391418457,0.06095484644174576,1.0895684957504272,1.3313826322555542,1.55144202709198,0.2
655,4,68,6,1.6075280904769897,1.071004867553711,1.6075280904769897,1.4240820407867432,0.04067640379071236,1.322126865386963,1.4703364372253418,1.607006311416626,0.1
656,4,77,6,1.2572969198226929,1.0396661758422852,1.2572969198226929,1.18336820602417,0.005314529873430729,1.1738654375076294,1.1866297721862793,1.2419397830963135,0.4
657,4,68,6,1.1197818517684937,0.554253876209259,1.1197818517684937,0.8518349528312683,0.0644952803850174,0.5982465744018555,0.8729192018508911,1.1065646409988403,0.3
658,4,56,6,1.3260542154312134,0.9048081636428833,1.3784828186035156,1.165164589881897,0.03809637203812599,0.9710316061973572,1.2336866855621338,1.3260542154312134,0.1
659,4,67,6,1.1026239395141602,0.9194661974906921,1.1354501247406006,1.0364776849746704,0.007536605000495911,0.9509457349777222,1.069392442703247,1.1026239395141602,0.3
660,4,68,6,1.1532135009765625,1.0635724067687988,1.183505892753601,1.1368178129196167,0.0018579940078780055,1.1093086004257202,1.1532135009765625,1.1678493022918701,0.2
661,4,66,6,1.2079572677612305,1.062610387802124,1.2140936851501465,1.1561237573623657,0.004328100476413965,1.0942916870117188,1.192779779434204,1.2079572677612305,0.3
662,4,70,6,0.7691966891288757,0.7691966891288757,0.9916089773178101,0.8713400363922119,0.007885074242949486,0.7817605137825012,0.8768293261528015,0.9418359994888306,0.4
663,4,70,6,1.681318759918213,0.7445931434631348,1.7364091873168945,1.3218270540237427,0.16438575088977814,0.9514548182487488,1.454696536064148,1.681318759918213,0.2
664,4,70,6,1.7213770151138306,0.7074331045150757,1.7213770151138306,1.2885425090789795,0.169143408536911,0.9378567337989807,1.3462226390838623,1.6927542686462402,0.1
665,4,71,6,0.8233850002288818,0.762064516544342,0.9000000357627869,0.8138425350189209,0.0020828712731599808,0.7772246599197388,0.8151333928108215,0.8233850002288818,0.5
666,4,72,6,1.562068223953247,0.8964444398880005,1.562068223953247,1.248002052307129,0.0904172733426094,0.9630216956138611,1.2584896087646484,1.5506134033203125,0.1
667,4,66,6,1.6879627704620361,1.1496150493621826,1.6879627704620361,1.5036545991897583,0.045654650777578354,1.353819727897644,1.6146788597106934,1.6697635650634766,0.0
668,4,69,6,1.6025675535202026,1.2639315128326416,1.6025675535202026,1.473783016204834,0.021676847711205482,1.3357582092285156,1.5492520332336426,1.5971391201019287,0.0
669,4,73,6,1.4959185123443604,1.2604906558990479,1.4959185123443604,1.4176031351089478,0.006772066932171583,1.385199785232544,1.4401203393936157,1.4865872859954834,0.0
670,4,68,6,1.531416416168213,1.277138590812683,1.566009759902954,1.4460324048995972,0.01083402894437313,1.3819499015808105,1.4614181518554688,1.531416416168213,0.0
671,4,75,6,1.4722932577133179,1.19069242477417,1.4722932577133179,1.3690028190612793,0.010598983615636826,1.3151551485061646,1.383486270904541,1.464632272720337,0.0
672,4,65,6,1.6480262279510498,1.4943482875823975,1.6480262279510498,1.5966672897338867,0.003188074566423893,1.5654165744781494,1.619828701019287,1.6429765224456787,0.0
673,4,71,6,1.114074945449829,1.114074945449829,1.1953238248825073,1.1539052724838257,0.0009967813966795802,1.1223942041397095,1.1594288349151611,1.1787015199661255,0.0
674,4,74,6,1.4683663845062256,0.7314651608467102,1.4683663845062256,1.2577240467071533,0.0657987967133522,1.2066289186477661,1.3548321723937988,1.4484236240386963,0.1
675,4,70,6,1.4535435438156128,1.4535435438156128,1.5020012855529785,1.4737858772277832,0.0004086137341801077,1.4562205076217651,1.4665050506591797,1.492652177810669,0.0
676,4,69,6,1.4574302434921265,1.041490912437439,1.530621886253357,1.405664086341858,0.02737954631447792,1.4491097927093506,1.4574302434921265,1.489863634109497,0.1
677,4,70,6,0.7545260190963745,0.7545260190963745,1.055873155593872,0.8823516964912415,0.012756334617733955,0.7714890241622925,0.8852463364601135,0.9560478329658508,0.5
678,4,72,6,0.9984647631645203,0.8829885721206665,1.0617420673370361,0.9924501180648804,0.0038812782149761915,0.9633035659790039,0.9984647631645203,1.045709252357483,0.5
679,4,72,6,0.990909218788147,0.990909218788147,1.1797107458114624,1.0803184509277344,0.0063339704647660255,1.0003159046173096,1.0769352912902832,1.1562167406082153,0.5
680,4,63,6,1.5404512882232666,1.0685683488845825,1.5404512882232666,1.3396530151367188,0.03189355134963989,1.2214288711547852,1.3346312046051025,1.5156135559082031,0.1
681,4,72,6,1.0011264085769653,0.8865131139755249,1.075420618057251,0.9963290691375732,0.004009099677205086,0.9662279486656189,1.0011264085769653,1.0446760654449463,0.4
682,4,69,6,1.0342748165130615,0.7849735617637634,1.0555660724639893,0.9592384099960327,0.011649996973574162,0.877907395362854,1.0239858627319336,1.0342748165130615,0.3
683,4,71,6,0.9948719143867493,0.8994028568267822,0.9997197389602661,0.9683934450149536,0.0012467929627746344,0.9554963111877441,0.983060359954834,0.9948719143867493,0.4
684,4,70,6,0.7545260190963745,0.7545260190963745,1.055873155593872,0.8823516964912415,0.012756334617733955,0.7714890241622925,0.8852463364601135,0.9560478329658508,0.5
685,4,73,6,0.9914076924324036,0.678930401802063,0.9914076924324036,0.9065991044044495,0.011951841413974762,0.8902738094329834,0.9517583250999451,0.9849101305007935,0.5
686,4,71,6,1.4203457832336426,1.0813714265823364,1.4203457832336426,1.2321175336837769,0.02093144692480564,1.105446457862854,1.1833094358444214,1.379485011100769,0.0
687,4,55,6,1.1235566139221191,0.825980544090271,1.1456224918365479,1.0512615442276,0.012490727007389069,1.020079255104065,1.1083385944366455,1.1235566139221191,0.1
688,4,71,6,1.2816870212554932,0.7444705367088318,1.2816870212554932,1.0636378526687622,0.0434940904378891,0.8978372812271118,1.1064839363098145,1.2624309062957764,0.3
689,4,74,6,1.3176803588867188,1.1607946157455444,1.3176803588867188,1.2293766736984253,0.004270029254257679,1.1741760969161987,1.2053403854370117,1.2938225269317627,0.0
690,4,66,6,0.99593186378479,0.7439025640487671,0.99593186378479,0.8943036198616028,0.0080901850014925,0.8412134647369385,0.9014420509338379,0.9768348932266235,0.5
691,4,70,6,1.029037356376648,0.7243294715881348,1.029037356376648,0.8354771137237549,0.018956076353788376,0.7279269695281982,0.7525535821914673,0.9641412496566772,0.4
692,4,71,6,1.4272723197937012,1.078671932220459,1.4272723197937012,1.238487720489502,0.02128349244594574,1.1028953790664673,1.205796241760254,1.385044813156128,0.0
693,4,71,6,1.4074749946594238,1.0803933143615723,1.4074749946594238,1.2266491651535034,0.01852724701166153,1.1062184572219849,1.1858017444610596,1.3619999885559082,0.0
694,4,66,6,1.204429030418396,0.984597384929657,1.204429030418396,1.092538833618164,0.007768453564494848,1.0140875577926636,1.0820488929748535,1.178518295288086,0.1
695,4,65,6,1.173424482345581,1.0798864364624023,1.1866941452026367,1.1391379833221436,0.0016347188502550125,1.1077982187271118,1.1449627876281738,1.173424482345581,0.0
696,4,68,6,1.3948971033096313,1.227128505706787,1.4028407335281372,1.3434288501739502,0.0040418123826384544,1.3101751804351807,1.3678805828094482,1.3948971033096313,0.0
697,4,73,6,1.2792558670043945,1.1741639375686646,1.3434815406799316,1.2811352014541626,0.002782904077321291,1.2792558670043945,1.2874188423156738,1.3101998567581177,0.1
698,4,74,6,1.3332831859588623,1.3332831859588623,1.370870590209961,1.3501479625701904,0.0002193017426179722,1.3354206085205078,1.3496973514556885,1.3624327182769775,0.0
699,4,73,6,1.3372963666915894,1.1668168306350708,1.3372963666915894,1.2830302715301514,0.0034680524840950966,1.2676124572753906,1.2961750030517578,1.331763744354248,0.2
700,4,70,6,1.176011323928833,1.176011323928833,1.3708462715148926,1.2787665128707886,0.005719195585697889,1.20794677734375,1.3085784912109375,1.327780842781067,0.1
701,4,72,6,1.5139541625976562,1.3941402435302734,1.5139541625976562,1.4489803314208984,0.0024528317153453827,1.4052350521087646,1.435486912727356,1.4986189603805542,0.0
702,4,68,6,1.746570348739624,1.5914990901947021,1.746570348739624,1.6597880125045776,0.00403773644939065,1.6110082864761353,1.632761836051941,1.721724033355713,0.0
703,4,71,6,1.4711618423461914,1.2553508281707764,1.4711618423461914,1.4089901447296143,0.0057786330580711365,1.389420747756958,1.4383745193481445,1.4677757024765015,0.0
704,4,67,6,1.5340214967727661,1.3560214042663574,1.5340214967727661,1.441756248474121,0.0053831967525184155,1.37233304977417,1.4335274696350098,1.5145102739334106,0.0
705,4,73,6,1.4926254749298096,1.0016909837722778,1.4926254749298096,1.249612808227539,0.03963002935051918,1.0702204704284668,1.2322380542755127,1.4500620365142822,0.3
706,4,75,6,1.129394292831421,1.0023078918457031,1.2121878862380981,1.1063451766967773,0.00404662499204278,1.0800635814666748,1.108223795890808,1.129394292831421,0.4
707,4,73,6,1.3712899684906006,1.1948912143707275,1.3969447612762451,1.350392460823059,0.004913488402962685,1.3712899684906006,1.3768433332443237,1.3847557306289673,0.1
708,4,74,6,1.006624698638916,1.006624698638916,1.203290581703186,1.0930118560791016,0.00679461844265461,1.0107579231262207,1.088855266571045,1.161503553390503,0.4
709,4,74,6,1.0594866275787354,0.9645464420318604,1.1001336574554443,1.0438127517700195,0.002110671019181609,1.017114520072937,1.0594866275787354,1.0720460414886475,0.5
710,4,75,6,1.3387103080749512,0.8965667486190796,1.3387103080749512,1.16690993309021,0.025738010182976723,1.065541386604309,1.195465326309204,1.3136305809020996,0.4
711,4,75,6,1.1464601755142212,0.9106449484825134,1.1853969097137451,1.0955979824066162,0.008003691211342812,1.083982229232788,1.1277167797088623,1.1464601755142212,0.5
712,4,74,6,1.4093563556671143,1.2114890813827515,1.4093563556671143,1.3234496116638184,0.006107528228312731,1.2550380229949951,1.3367490768432617,1.398101806640625,0.2
713,4,75,6,1.2121398448944092,0.9167155623435974,1.2121398448944092,1.1059070825576782,0.011727750301361084,1.044744849205017,1.1302542686462402,1.2049411535263062,0.5
714,4,75,6,1.018824577331543,1.0116876363754272,1.264503002166748,1.1153843402862549,0.011346947401762009,1.018824577331543,1.0777194499969482,1.2155424356460571,0.3
715,4,67,6,1.460600733757019,1.2260905504226685,1.460600733757019,1.3876698017120361,0.007459524553269148,1.3455665111541748,1.4246350526809692,1.4592941999435425,0.1
716,4,68,6,1.1408448219299316,0.9939181208610535,1.1408448219299316,1.084442377090454,0.003698594868183136,1.0308325290679932,1.1083327531814575,1.1397533416748047,0.2
717,4,61,6,1.31471848487854,1.0642130374908447,1.31471848487854,1.2254655361175537,0.0074163260869681835,1.192910075187683,1.2387371063232422,1.2987490892410278,0.1
718,4,69,6,1.557448387145996,1.1977025270462036,1.557448387145996,1.3879646062850952,0.018577514216303825,1.2834810018539429,1.3789929151535034,1.5170035362243652,0.0
719,4,68,6,1.5547791719436646,1.257636308670044,1.5547791719436646,1.4395817518234253,0.011206046678125858,1.379164695739746,1.4563206434249878,1.5333210229873657,0.0
720,4,62,6,1.6224126815795898,1.2589075565338135,1.6386243104934692,1.5162274837493896,0.023935062810778618,1.4096193313598633,1.617842435836792,1.6224126815795898,0.1
721,4,74,6,1.5795652866363525,0.8946595191955566,1.5795652866363525,1.2165625095367432,0.07822386175394058,0.9642206430435181,1.1635870933532715,1.4910551309585571,0.2
722,4,62,6,1.5817153453826904,1.0308928489685059,1.5817153453826904,1.335569143295288,0.05234316736459732,1.1159429550170898,1.3933829069137573,1.5412790775299072,0.2
723,4,75,6,1.5154130458831787,1.4581470489501953,1.5177384614944458,1.4999505281448364,0.000529241282492876,1.4877675771713257,1.514682650566101,1.5154130458831787,0.0
724,4,69,6,1.73736572265625,1.703152060508728,1.8328461647033691,1.754683017730713,0.0015844178851693869,1.73736572265625,1.7443201541900635,1.7623887062072754,0.0
725,4,53,6,1.0606491565704346,0.9466613531112671,1.1076328754425049,1.0361655950546265,0.0025639310479164124,1.0121289491653442,1.0492464303970337,1.0606491565704346,0.5
726,4,70,6,1.701001524925232,1.3606083393096924,1.701001524925232,1.5687034130096436,0.015863828361034393,1.4821120500564575,1.5971593856811523,1.683686375617981,0.0
727,4,75,6,1.6386058330535889,1.3907294273376465,1.6388473510742188,1.5755635499954224,0.008357261307537556,1.5508906841278076,1.62835693359375,1.6386058330535889,0.0
728,4,71,6,0.6840552091598511,0.6840552091598511,0.9602881669998169,0.8026737570762634,0.010381851345300674,0.7086039185523987,0.7954328656196594,0.8747376203536987,0.5
729,4,70,6,1.5378260612487793,0.7928452491760254,1.5378260612487793,1.1450247764587402,0.0927921012043953,0.8689653277397156,1.1007411479949951,1.4349017143249512,0.2
730,4,64,6,1.706614375114441,0.3467823266983032,1.706614375114441,1.0057533979415894,0.2782854437828064,0.6193890571594238,0.8647749423980713,1.501678705215454,0.2
731,4,68,6,0.58127361536026,0.5092549920082092,0.8054991960525513,0.6364559531211853,0.011926435865461826,0.5764871835708618,0.58127361536026,0.72022545337677,0.5
732,4,58,6,1.4189200401306152,1.0543785095214844,1.4189200401306152,1.255128026008606,0.019480416551232338,1.144376516342163,1.2669157981872559,1.381809949874878,0.0
733,4,71,6,0.6880224943161011,0.6880224943161011,1.0169577598571777,0.8358839154243469,0.015296345576643944,0.7151078581809998,0.8395892381668091,0.9280452132225037,0.5
734,4,60,6,1.5606893301010132,1.4505407810211182,1.5606893301010132,1.506544828414917,0.001841016230173409,1.4709265232086182,1.502223253250122,1.5478793382644653,0.0
735,4,70,6,1.6545848846435547,1.024695873260498,1.6545848846435547,1.3276748657226562,0.058656368404626846,1.1772255897521973,1.2294421195983887,1.5584087371826172,0.0
736,4,71,6,1.6943427324295044,1.3223834037780762,1.6943427324295044,1.543779730796814,0.017737969756126404,1.4652698040008545,1.5507451295852661,1.6684491634368896,0.0
737,4,74,6,1.2516624927520752,0.6935907602310181,1.3417308330535889,1.088929533958435,0.05905571207404137,0.9077172875404358,1.2143118381500244,1.2516624927520752,0.2
738,4,70,6,1.5824624300003052,0.6967377662658691,1.5824624300003052,1.1175439357757568,0.1304561048746109,0.821021318435669,1.014631986618042,1.4838941097259521,0.3
739,4,68,6,1.4126040935516357,0.7851073741912842,1.4126040935516357,1.0348968505859375,0.07235012948513031,0.8490830063819885,0.8771188259124756,1.2825502157211304,0.4
740,4,71,6,1.2148807048797607,1.0673153400421143,1.222529411315918,1.1849790811538696,0.0029856988694518805,1.1860170364379883,1.214124321937561,1.2148807048797607,0.5
741,4,70,6,1.4789763689041138,0.9258406758308411,1.4789763689041138,1.18265700340271,0.04971999302506447,0.9972460269927979,1.1266170740127563,1.3944807052612305,0.2
742,4,74,6,1.1488233804702759,0.8273041248321533,1.153794288635254,1.0177488327026367,0.018458127975463867,0.911932110786438,1.0332906246185303,1.1488233804702759,0.3
743,4,72,6,1.499751329421997,1.3186649084091187,1.5173530578613281,1.4686253070831299,0.0046820128336548805,1.4787906408309937,1.499751329421997,1.503258466720581,0.0
744,4,74,6,1.1677191257476807,0.8469468355178833,1.184049367904663,1.0427281856536865,0.018143491819500923,0.9399788975715637,1.0613315105438232,1.1677191257476807,0.3
745,4,71,6,1.6984529495239258,1.1584975719451904,1.6984529495239258,1.3740935325622559,0.05585601180791855,1.1715108156204224,1.2627527713775635,1.606444239616394,0.0
746,4,70,6,1.5704103708267212,0.2111208736896515,1.588029384613037,1.1923909187316895,0.25445669889450073,0.9915353059768677,1.4544506072998047,1.5704103708267212,0.2
747,4,59,6,1.6427143812179565,1.582078456878662,1.7291040420532227,1.6532021760940552,0.0019251271151006222,1.6427143812179565,1.6451163291931152,1.6681922674179077,0.0
748,4,73,6,1.4468622207641602,1.119834303855896,1.4468622207641602,1.2692164182662964,0.01749737188220024,1.1608397960662842,1.2286498546600342,1.3969619274139404,0.4
749,4,65,6,1.516629934310913,1.270369291305542,1.516629934310913,1.3710631132125854,0.01098121702671051,1.2885220050811768,1.320420742034912,1.4705919027328491,0.0
750,4,59,6,1.6628048419952393,0.5838931798934937,1.6628048419952393,1.2641148567199707,0.15749794244766235,1.0185261964797974,1.3881430625915527,1.596823811531067,0.2
751,4,68,6,1.6472370624542236,0.8316735029220581,1.6472370624542236,1.3642326593399048,0.1146814227104187,1.0933624505996704,1.5536212921142578,1.6328803300857544,0.2
752,4,77,6,1.6205031871795654,1.3566110134124756,1.6205031871795654,1.4633290767669678,0.01254803966730833,1.3891726732254028,1.396826982498169,1.5661455392837524,0.0
753,4,72,6,1.5600180625915527,1.4221737384796143,1.5600180625915527,1.4958748817443848,0.0024534915573894978,1.4740463495254517,1.4796490669250488,1.541097640991211,0.0
754,4,77,6,1.6774921417236328,0.6381114721298218,1.6774921417236328,1.2927064895629883,0.1447269320487976,1.0531671047210693,1.3950352668762207,1.6322739124298096,0.2
755,4,67,6,1.1319091320037842,0.6486561298370361,1.1319091320037842,0.9424337148666382,0.02677096426486969,0.9086910486221313,0.9176628589630127,1.0791738033294678,0.5
756,4,70,6,0.9154249429702759,0.9154249429702759,0.9444966316223145,0.9340248107910156,0.00017410711734555662,0.9218555688858032,0.9423484802246094,0.9439665675163269,0.5
757,4,58,6,0.7095047235488892,0.7095047235488892,0.8434023857116699,0.7706172466278076,0.0023293045815080404,0.7256670594215393,0.7796393632888794,0.7977909445762634,0.5
758,4,62,6,1.176114797592163,0.9574592113494873,1.176114797592163,1.0890827178955078,0.006549997255206108,1.0323394536972046,1.105071783065796,1.1632802486419678,0.2
759,4,70,6,0.882637619972229,0.882637619972229,0.9348408579826355,0.9056144952774048,0.0004066508263349533,0.8864614367485046,0.9032263159751892,0.9224684834480286,0.4
760,4,60,6,1.5635465383529663,1.1558194160461426,1.6947131156921387,1.4920531511306763,0.028934979811310768,1.4534004926681519,1.5593929290771484,1.5635465383529663,0.0
761,4,59,6,0.6498174667358398,0.6498174667358398,0.7884939908981323,0.7071071267127991,0.0024369494058191776,0.6617239117622375,0.7057268619537354,0.7357977032661438,0.5
762,4,59,6,0.7371243834495544,0.7371243834495544,0.8827421069145203,0.8084512948989868,0.003071398241445422,0.7547603845596313,0.8187981843948364,0.8495723009109497,0.5
763,4,63,6,0.968815267086029,0.5326342582702637,0.968815267086029,0.7701461315155029,0.024220671504735947,0.700093686580658,0.7258857488632202,0.9135909080505371,0.4
764,4,59,6,0.6457943320274353,0.6457943320274353,0.7727954387664795,0.7239418625831604,0.0031382993329316378,0.6706491708755493,0.753292977809906,0.769853949546814,0.5
765,4,66,6,0.9412334561347961,0.9242079257965088,0.9889145493507385,0.9490125179290771,0.00042221666080877185,0.9396523237228394,0.9412334561347961,0.9548285603523254,0.5
766,4,73,6,1.4234447479248047,0.7398949861526489,1.4234447479248047,1.1695516109466553,0.07041217386722565,0.9707175493240356,1.2759387493133545,1.393821358680725,0.2
767,4,64,6,1.1794966459274292,0.6574057340621948,1.1794966459274292,0.9497858285903931,0.03913624584674835,0.7979878187179565,0.9556627869606018,1.1427087783813477,0.2
768,4,71,6,1.432239294052124,0.6613810658454895,1.432239294052124,1.127659797668457,0.07845316082239151,0.9500597715377808,1.1655009984970093,1.38869309425354,0.1
769,4,69,6,1.541741132736206,0.6728752851486206,1.541741132736206,1.004623532295227,0.14547589421272278,0.7381597757339478,0.7668688297271729,1.3548147678375244,0.4
770,4,72,6,1.1857680082321167,0.6375764608383179,1.2768146991729736,0.9445450305938721,0.07558794319629669,0.669416606426239,0.9594745635986328,1.1857680082321167,0.3
771,4,65,6,1.3298107385635376,1.0377271175384521,1.3298107385635376,1.1671408414840698,0.013764465227723122,1.0959374904632568,1.1059043407440186,1.2746384143829346,0.0
772,4,71,6,1.308354139328003,1.1549334526062012,1.3304564952850342,1.2595314979553223,0.005288159474730492,1.194108247756958,1.301386833190918,1.308354139328003,0.0
773,4,75,6,1.2333595752716064,1.2333595752716064,1.3052394390106201,1.260223388671875,0.0009507138165645301,1.2333641052246094,1.2451918125152588,1.2884999513626099,0.0
774,4,57,6,1.214293360710144,0.061762288212776184,1.214293360710144,0.6738875508308411,0.1761714518070221,0.43586623668670654,0.5821983814239502,1.0573875904083252,0.4
775,4,73,6,1.6751704216003418,1.1383295059204102,1.6751704216003418,1.3960216045379639,0.04625490680336952,1.2116034030914307,1.352105975151062,1.6082631349563599,0.0
776,4,71,6,1.2040143013000488,1.2011314630508423,1.3163604736328125,1.247695803642273,0.002289930824190378,1.2040143013000488,1.2315008640289307,1.2909969091415405,0.0
777,4,64,6,1.4009790420532227,1.351926326751709,1.405935287475586,1.3889356851577759,0.00040853203972801566,1.3786290884017944,1.4009790420532227,1.4022061824798584,0.0
778,4,71,6,1.717362642288208,1.4568132162094116,1.7325562238693237,1.6334141492843628,0.009871353395283222,1.5863629579544067,1.6546109914779663,1.717362642288208,0.0
779,4,75,6,1.8002911806106567,1.0533113479614258,1.8002911806106567,1.4475853443145752,0.09147381037473679,1.1691844463348389,1.4569298028945923,1.747818112373352,0.2
780,4,75,6,1.7987861633300781,0.6760737895965576,1.7987861633300781,1.3249692916870117,0.20797322690486908,0.9108283519744873,1.462589144706726,1.7327995300292969,0.2
781,4,74,6,1.4862768650054932,1.3570220470428467,1.5288314819335938,1.4553322792053223,0.0029623007867485285,1.4331834316253662,1.4651447534561157,1.4862768650054932,0.0
782,4,71,6,1.255187749862671,1.0415977239608765,1.3295174837112427,1.2011804580688477,0.008476006798446178,1.158632516860962,1.2131552696228027,1.255187749862671,0.0
783,4,73,6,1.4815683364868164,0.9143848419189453,1.4815683364868164,1.3225836753845215,0.039665091782808304,1.2856115102767944,1.3936278820037842,1.4754223823547363,0.1
784,4,74,6,1.6679315567016602,1.3104639053344727,1.6679315567016602,1.5142017602920532,0.01689065247774124,1.4289908409118652,1.513946533203125,1.6371740102767944,0.0
785,4,68,6,1.5867877006530762,1.424394965171814,1.6394658088684082,1.5676378011703491,0.005093663465231657,1.553012728691101,1.5867877006530762,1.6166741847991943,0.0
786,4,69,6,0.9025612473487854,0.7803176641464233,1.042029857635498,0.922329306602478,0.008290211670100689,0.8811647891998291,0.9025612473487854,0.9999950528144836,0.3
787,4,70,6,1.631192922592163,1.420055627822876,1.6758100986480713,1.5877238512039185,0.00899328850209713,1.5324547290802002,1.631192922592163,1.659210205078125,0.0
788,4,69,6,0.9359574317932129,0.8759851455688477,1.1345325708389282,0.9730289578437805,0.00980928260833025,0.8913508057594299,0.9359574317932129,1.043433666229248,0.3
789,4,76,6,1.812441349029541,1.416377067565918,1.812441349029541,1.5909651517868042,0.03085625357925892,1.4264674186706543,1.5397367477416992,1.7715249061584473,0.0
790,4,75,6,1.718604326248169,1.1674286127090454,1.718604326248169,1.4958375692367554,0.035291898995637894,1.4525425434112549,1.4593318700790405,1.654869794845581,0.0
791,4,64,6,1.1668424606323242,0.2587321698665619,1.1668424606323242,0.96157306432724,0.10532038658857346,0.977563738822937,1.1237871646881104,1.156546950340271,0.4
792,4,71,6,1.7530659437179565,1.5822575092315674,1.7530659437179565,1.700034499168396,0.0038543965201824903,1.674342393875122,1.721858024597168,1.7524621486663818,0.0
793,4,66,6,0.8820422887802124,0.8400684595108032,1.092185378074646,0.9633906483650208,0.009909230284392834,0.8820422887802124,0.9459596276283264,1.0580655336380005,0.2
794,4,77,6,1.3329682350158691,0.490210622549057,1.3329682350158691,0.9794154167175293,0.0876886174082756,0.8453394174575806,0.9386865496635437,1.255959391593933,0.4
795,4,73,6,1.4127763509750366,0.6171153783798218,1.4127763509750366,1.082728385925293,0.11227939277887344,0.771984338760376,1.2120075225830078,1.3658668994903564,0.2
796,4,75,6,1.7841625213623047,1.2425386905670166,1.7841625213623047,1.5195415019989014,0.04525879770517349,1.337481141090393,1.5088560581207275,1.7215737104415894,0.0
797,4,72,6,1.7770097255706787,1.39493989944458,1.7770097255706787,1.6830047369003296,0.018134212121367455,1.6796185970306396,1.7444182634353638,1.7705224752426147,0.0
798,4,64,6,1.6969467401504517,1.405350923538208,1.6969467401504517,1.553558588027954,0.011709284968674183,1.4924358129501343,1.5183310508728027,1.6535236835479736,0.0
799,4,76,6,1.4833383560180664,1.3394168615341187,1.5020921230316162,1.4610867500305176,0.0031131436116993427,1.4677753448486328,1.4833383560180664,1.4926449060440063,0.0
800,4,56,6,1.555741548538208,1.555741548538208,1.6583820581436157,1.6093195676803589,0.0015496470732614398,1.5729668140411377,1.6275633573532104,1.630815029144287,0.0
801,4,75,6,1.5220494270324707,1.0792338848114014,1.5220494270324707,1.3027474880218506,0.031429920345544815,1.1502389907836914,1.279687523841858,1.48147451877594,0.2
802,4,75,6,1.2825491428375244,1.04347825050354,1.2825491428375244,1.1386240720748901,0.010960681363940239,1.0484390258789062,1.0896646976470947,1.2411839962005615,0.3
803,4,64,6,1.6980043649673462,1.441030502319336,1.6980043649673462,1.5643891096115112,0.010043858550488949,1.4902687072753906,1.5364093780517578,1.658796787261963,0.0
804,4,63,6,1.7552502155303955,1.6022406816482544,1.760483980178833,1.7182562351226807,0.0031298028770834208,1.7081629037857056,1.7466962337493896,1.7552502155303955,0.0
805,4,69,6,1.618187665939331,1.3648096323013306,1.6892210245132446,1.5711350440979004,0.011597235687077045,1.531449556350708,1.618187665939331,1.629947304725647,0.0
806,4,60,6,1.7680456638336182,1.7120827436447144,1.7801342010498047,1.7459696531295776,0.0007261908031068742,1.7205944061279297,1.7490606307983398,1.7680456638336182,0.0
807,4,77,6,1.4249951839447021,1.1487443447113037,1.4249951839447021,1.3181899785995483,0.013183806091547012,1.217525601387024,1.3702049255371094,1.413819670677185,0.0
808,4,75,6,1.503035545349121,1.1715333461761475,1.656550407409668,1.4694656133651733,0.025501485913991928,1.408677101135254,1.503035545349121,1.5798200368881226,0.0
809,4,75,6,1.4554119110107422,1.3230853080749512,1.4554119110107422,1.4000239372253418,0.0023880552034825087,1.3676543235778809,1.4012515544891357,1.4473289251327515,0.0
810,4,71,6,1.3333760499954224,0.9141854047775269,1.3333760499954224,1.2435476779937744,0.02201862260699272,1.2914352416992188,1.2944772243499756,1.3243811130523682,0.1
811,4,63,6,1.0838990211486816,1.0098187923431396,1.108508825302124,1.073030948638916,0.001062854309566319,1.062368631362915,1.0838990211486816,1.093625783920288,0.4
812,4,77,6,1.5753076076507568,0.6985304355621338,1.5753076076507568,1.205518364906311,0.11811743676662445,0.9159449338912964,1.2897902727127075,1.513718843460083,0.2
813,4,66,6,0.7877358198165894,0.7094382047653198,0.8483257293701172,0.7856059074401855,0.0016794728580862284,0.7805486917495728,0.7877358198165894,0.7986191511154175,0.5
814,4,70,6,1.301098346710205,0.9719405770301819,1.301098346710205,1.1119424104690552,0.0193767212331295,0.9972960948944092,1.0518019199371338,1.249863862991333,0.3
815,4,70,6,1.6032679080963135,1.17619788646698,1.6032679080963135,1.4251298904418945,0.02865453250706196,1.2786418199539185,1.465064525604248,1.584778904914856,0.0
816,4,75,6,1.4460067749023438,1.1769322156906128,1.4812101125717163,1.3351370096206665,0.015501531772315502,1.226956844329834,1.3415464162826538,1.4460067749023438,0.1
817,4,73,6,1.3090810775756836,1.0972203016281128,1.3090810775756836,1.2458155155181885,0.005514334421604872,1.2289748191833496,1.2666003704071045,1.3058685064315796,0.1
818,4,77,6,1.4570412635803223,1.1678138971328735,1.4570412635803223,1.3317867517471313,0.010749557986855507,1.2709286212921143,1.3238120079040527,1.4296585321426392,0.1
819,4,77,6,1.3275128602981567,1.087287425994873,1.3275128602981567,1.2250924110412598,0.009661494754254818,1.1336603164672852,1.2505340576171875,1.3176212310791016,0.2
820,4,77,6,1.7289173603057861,1.484939455986023,1.7289173603057861,1.6478791236877441,0.008033321239054203,1.5983537435531616,1.6833590269088745,1.7233507633209229,0.0
821,4,67,6,1.376916527748108,1.155029058456421,1.376916527748108,1.2780048847198486,0.006103897467255592,1.248795509338379,1.2563556432724,1.3469116687774658,0.1
822,4,66,6,1.3528205156326294,1.0495474338531494,1.3528205156326294,1.2137542963027954,0.016665413975715637,1.085439920425415,1.2342679500579834,1.3404103517532349,0.3
823,4,62,6,1.1587694883346558,0.5646968483924866,1.1587694883346558,0.9726242423057556,0.0479029156267643,0.8623833656311035,1.0734121799468994,1.1484136581420898,0.2
824,4,78,6,1.1439828872680664,1.1439828872680664,1.2208223342895508,1.1831638813018799,0.0009694203035905957,1.1515660285949707,1.1894667148590088,1.2096009254455566,0.1
825,4,70,6,1.2893383502960205,1.229982614517212,1.2893383502960205,1.26280677318573,0.000631573551800102,1.238261342048645,1.2675683498382568,1.2873101234436035,0.0
826,4,74,6,1.6351555585861206,0.618468165397644,1.6814484596252441,1.3547236919403076,0.15188834071159363,1.1707900762557983,1.565373182296753,1.6351555585861206,0.2
827,4,77,6,1.2800372838974,1.1981682777404785,1.3048933744430542,1.2458958625793457,0.0018902112497016788,1.202821135520935,1.2463765144348145,1.2800372838974,0.2
828,4,66,6,1.4010252952575684,1.1595869064331055,1.4010252952575684,1.3281217813491821,0.007431892212480307,1.2986900806427002,1.3586223125457764,1.3987764120101929,0.1
829,4,74,6,0.9191601276397705,0.9191601276397705,1.218007206916809,1.077048420906067,0.014570759609341621,0.9559653401374817,1.111180305480957,1.176697015762329,0.3
830,4,76,6,0.8488254547119141,0.6592854261398315,0.9765169620513916,0.8736041784286499,0.011894619092345238,0.8488254547119141,0.892362117767334,0.9631795287132263,0.5
831,4,69,6,1.7276966571807861,1.5474867820739746,1.7276966571807861,1.6376729011535645,0.005239449441432953,1.5718932151794434,1.6331040859222412,1.7081433534622192,0.0
832,4,75,6,1.5966075658798218,0.858314037322998,1.5966075658798218,1.3627753257751465,0.09444157034158707,1.137559175491333,1.557347297668457,1.5963916778564453,0.2
833,4,71,6,1.6513808965682983,1.0803358554840088,1.6513808965682983,1.3829708099365234,0.04781830683350563,1.209524393081665,1.378645896911621,1.5864112377166748,0.1
834,4,58,6,1.3279786109924316,1.1593363285064697,1.3279786109924316,1.2588486671447754,0.00364735908806324,1.222514271736145,1.2635341882705688,1.313284158706665,0.1
835,4,73,6,1.1689749956130981,1.055295467376709,1.180917501449585,1.133312702178955,0.001986837014555931,1.1080138683319092,1.1457586288452148,1.1689749956130981,0.3
836,4,70,6,1.5174996852874756,1.0558290481567383,1.5174996852874756,1.3750873804092407,0.029437407851219177,1.287388801574707,1.4568465948104858,1.5136611461639404,0.0
837,4,72,6,1.6469025611877441,1.5101325511932373,1.6469025611877441,1.6030746698379517,0.002454526722431183,1.5803883075714111,1.6241346597671509,1.6415369510650635,0.0
838,4,67,6,1.6394778490066528,1.5019745826721191,1.6575729846954346,1.6057331562042236,0.0026507519651204348,1.5953818559646606,1.6212785243988037,1.6394778490066528,0.0
839,4,72,6,1.4456199407577515,1.1959692239761353,1.4456199407577515,1.3626091480255127,0.007407329045236111,1.3341621160507202,1.3844660520553589,1.4319212436676025,0.1
840,4,74,6,1.3383288383483887,0.9760704040527344,1.3383288383483887,1.1624387502670288,0.01773148775100708,1.0943284034729004,1.1153452396392822,1.285501480102539,0.4
841,4,74,6,1.1930217742919922,1.1930217742919922,1.3670481443405151,1.267227053642273,0.004366476554423571,1.204699993133545,1.2584848403930664,1.3192845582962036,0.1
842,4,75,6,1.3817442655563354,1.0122549533843994,1.3817442655563354,1.2235991954803467,0.018160967156291008,1.140944480895996,1.2155773639678955,1.3541749715805054,0.1
843,4,58,6,1.7172062397003174,1.4932798147201538,1.7241309881210327,1.656048059463501,0.007244916632771492,1.61857271194458,1.7033793926239014,1.7172062397003174,0.0
844,4,65,6,1.3040682077407837,0.36577555537223816,1.3040682077407837,0.7726856470108032,0.17086805403232574,0.3851723074913025,0.6437360644340515,1.1957943439483643,0.4
845,4,63,6,1.1579217910766602,1.1148560047149658,1.1968952417373657,1.158672571182251,0.000568952935282141,1.1579217910766602,1.159165859222412,1.1631253957748413,0.0
846,4,74,6,1.6735409498214722,1.0902303457260132,1.724214792251587,1.4742902517318726,0.06535399705171585,1.2500383853912354,1.5998928546905518,1.6735409498214722,0.0
847,4,72,6,1.5562275648117065,1.1941852569580078,1.5562275648117065,1.3628078699111938,0.02158048003911972,1.2353038787841797,1.3280603885650635,1.5064613819122314,0.0
848,4,57,6,1.7946605682373047,1.5514310598373413,1.7946605682373047,1.7166935205459595,0.00829460471868515,1.6650747060775757,1.758903980255127,1.7915735244750977,0.0
849,4,72,6,0.9108586311340332,0.9108586311340332,1.075872778892517,1.0131847858428955,0.005300997290760279,0.9465868473052979,1.0545085668563843,1.0681878328323364,0.5
850,4,48,6,1.3267810344696045,1.3267810344696045,1.3938480615615845,1.3564828634262085,0.0007332054665312171,1.3307368755340576,1.351442575454712,1.3815217018127441,0.0
851,4,56,6,1.135507583618164,0.9006011486053467,1.135507583618164,1.0421665906906128,0.006711805704981089,1.0029746294021606,1.045881986618042,1.1138114929199219,0.4
852,4,62,6,1.6823036670684814,1.6731334924697876,1.7343004941940308,1.701854944229126,0.0005486346781253815,1.6823036670684814,1.6991972923278809,1.7212707996368408,0.0
853,4,67,6,1.7503399848937988,1.046289324760437,1.7503399848937988,1.406610131263733,0.07207890599966049,1.2039766311645508,1.3610329627990723,1.6672638654708862,0.1
854,4,66,6,1.7542592287063599,1.7542592287063599,1.80710768699646,1.7775555849075317,0.00046964516513980925,1.757369041442871,1.7724672555923462,1.7981383800506592,0.0
855,4,76,6,1.52729070186615,1.0566643476486206,1.52729070186615,1.235648512840271,0.043320830911397934,1.074631929397583,1.1155551671981812,1.432265043258667,0.3
856,4,66,6,1.6657661199569702,1.3478766679763794,1.6657661199569702,1.5183212757110596,0.0163075290620327,1.4003334045410156,1.5327081680297852,1.6391724348068237,0.0
857,4,75,6,1.617222547531128,1.3193107843399048,1.617222547531128,1.5225504636764526,0.010906715877354145,1.48614501953125,1.559065341949463,1.6038670539855957,0.1
858,4,75,6,1.3781158924102783,1.2889618873596191,1.4370105266571045,1.3717154264450073,0.002433986868709326,1.344140887260437,1.3781158924102783,1.405983328819275,0.1
859,4,65,6,1.7758413553237915,1.694144368171692,1.8447455167770386,1.7912322282791138,0.0026023027021437883,1.7758413553237915,1.79884934425354,1.8316869735717773,0.0
860,4,72,6,1.3893972635269165,1.307539463043213,1.3893972635269165,1.3625938892364502,0.0007584025152027607,1.3587697744369507,1.3655813932418823,1.384619116783142,0.1
861,4,67,6,1.3703842163085938,1.1424646377563477,1.4502198696136475,1.3154127597808838,0.00947579275816679,1.2751922607421875,1.3292675018310547,1.3703842163085938,0.1
862,4,73,6,1.5718330144882202,1.2102062702178955,1.5718330144882202,1.4195019006729126,0.021461818367242813,1.2863694429397583,1.4624613523483276,1.5523980855941772,0.1
863,4,75,6,1.3104804754257202,1.2437461614608765,1.428236961364746,1.3383642435073853,0.0034091570414602757,1.3104804754257202,1.3373332023620605,1.3708381652832031,0.1
864,4,70,6,1.6797465085983276,1.5346217155456543,1.730736255645752,1.6603988409042358,0.004091294948011637,1.6429967880249023,1.6797465085983276,1.700033187866211,0.0
865,4,78,6,1.6376056671142578,1.4232994318008423,1.6376056671142578,1.5874648094177246,0.005646873265504837,1.5972983837127686,1.615663766860962,1.6349506378173828,0.0
866,4,57,6,1.4178533554077148,0.9479286074638367,1.4961400032043457,1.2766616344451904,0.05026101693511009,1.083752989768982,1.4103198051452637,1.4178533554077148,0.1
867,4,74,6,1.559404730796814,1.2445778846740723,1.559404730796814,1.3910844326019287,0.01757051609456539,1.2762808799743652,1.3539354801177979,1.5266766548156738,0.3
868,4,66,6,1.4102813005447388,1.1355512142181396,1.4102813005447388,1.256266474723816,0.012703078798949718,1.1669080257415771,1.2123899459838867,1.3645268678665161,0.1
869,4,68,6,1.5986478328704834,0.12356765568256378,1.5986478328704834,1.0860722064971924,0.2720648944377899,0.8413088917732239,1.213648796081543,1.5407053232192993,0.1
870,4,65,6,1.44722580909729,0.9546051621437073,1.44722580909729,1.2458868026733398,0.031535759568214417,1.1341968774795532,1.2606780529022217,1.4102426767349243,0.2
871,4,70,6,1.4564138650894165,1.3379088640213013,1.4564138650894165,1.3930846452713013,0.002331904135644436,1.3503799438476562,1.3828647136688232,1.439894199371338,0.0
872,4,72,6,1.376340389251709,1.376340389251709,1.5070911645889282,1.425255537033081,0.0021739029325544834,1.3820631504058838,1.4224117994308472,1.4466012716293335,0.0
873,4,75,6,1.4699950218200684,1.3749840259552002,1.4928635358810425,1.4583585262298584,0.0014568999176844954,1.4699950218200684,1.4702056646347046,1.471526861190796,0.0
874,4,70,6,1.5288583040237427,1.4602844715118408,1.5288583040237427,1.5008293390274048,0.0006707933498546481,1.4844290018081665,1.5013759136199951,1.5260698795318604,0.0
875,4,59,6,1.5692083835601807,1.4043614864349365,1.5692083835601807,1.4951350688934326,0.003513791598379612,1.4635488986968994,1.4828439950942993,1.5515377521514893,0.0
876,4,67,6,1.5363538265228271,1.2630118131637573,1.5363538265228271,1.394912600517273,0.011187668889760971,1.3243136405944824,1.3555057048797607,1.4977631568908691,0.1
877,4,66,6,1.4172213077545166,1.0590901374816895,1.4497253894805908,1.3312550783157349,0.02005927264690399,1.2756335735321045,1.4161814451217651,1.4172213077545166,0.2
878,4,69,6,1.1708489656448364,1.1162217855453491,1.327653408050537,1.2273526191711426,0.006122630089521408,1.1708489656448364,1.224226474761963,1.295105218887329,0.2
879,4,63,6,1.6943244934082031,1.340597152709961,1.6943244934082031,1.4887534379959106,0.022320212796330452,1.3668599128723145,1.4281498193740845,1.6281895637512207,0.0
880,4,65,6,1.4379866123199463,1.0478589534759521,1.4379866123199463,1.2371443510055542,0.023262791335582733,1.1221394538879395,1.1930372714996338,1.3875887393951416,0.3
881,4,60,6,1.084496259689331,0.743891179561615,1.2456611394882202,1.0752363204956055,0.026447676122188568,1.079148769378662,1.084496259689331,1.1827541589736938,0.4
882,4,59,6,1.3855655193328857,1.1278005838394165,1.3855655193328857,1.2356858253479004,0.012554631568491459,1.135561227798462,1.1915786266326904,1.3484218120574951,0.4
883,4,70,6,1.498559594154358,1.4411731958389282,1.5509192943572998,1.491690754890442,0.0010767204221338034,1.4778696298599243,1.492109775543213,1.498559594154358,0.0
884,4,76,6,1.3032833337783813,1.2252719402313232,1.402899146080017,1.3327224254608154,0.0038339458405971527,1.3032833337783813,1.337332010269165,1.3855072259902954,0.2
885,4,67,6,1.6899144649505615,1.4332585334777832,1.7002637386322021,1.6410099267959595,0.00885509978979826,1.6593635082244873,1.6851251125335693,1.6899144649505615,0.0
886,4,75,6,1.2217209339141846,1.1722146272659302,1.2613494396209717,1.2210787534713745,0.000883439788594842,1.2051279544830322,1.2217209339141846,1.2428324222564697,0.5
887,4,68,6,1.7078053951263428,1.6882293224334717,1.738313913345337,1.7099748849868774,0.0002998099662363529,1.6965994834899902,1.7078053951263428,1.7205744981765747,0.0
888,4,67,6,1.6892905235290527,1.2771912813186646,1.6905359029769897,1.567351222038269,0.027293270453810692,1.465954303741455,1.6720404624938965,1.6892905235290527,0.0
889,4,60,6,0.6659992933273315,0.5441075563430786,0.844306230545044,0.695037305355072,0.011660190299153328,0.6325450539588928,0.6659992933273315,0.787813127040863,0.5
890,4,71,6,1.7758944034576416,1.7396290302276611,1.8242440223693848,1.7767051458358765,0.0007328983629122376,1.7589329481124878,1.7758944034576416,1.7874410152435303,0.0
891,4,64,6,1.7200303077697754,1.5983010530471802,1.785679817199707,1.718730092048645,0.003458837978541851,1.7200303077697754,1.724435806274414,1.7518335580825806,0.0
892,4,71,6,1.7466790676116943,1.6726982593536377,1.79554283618927,1.7423357963562012,0.001302819000557065,1.741925835609436,1.7466790676116943,1.750725269317627,0.0
893,4,60,6,1.7065224647521973,1.6077346801757812,1.7065224647521973,1.6468521356582642,0.001841336372308433,1.612203598022461,1.6249451637268066,1.687992811203003,0.0
894,4,69,6,1.671306848526001,1.594926357269287,1.671306848526001,1.6340529918670654,0.0010998861398547888,1.6004853248596191,1.6356995105743408,1.6673787832260132,0.0
895,4,66,6,1.6427013874053955,0.9474404454231262,1.6427013874053955,1.3678966760635376,0.05591032654047012,1.3035463094711304,1.3369898796081543,1.5723927021026611,0.1
896,4,77,6,1.592039704322815,1.5749413967132568,1.657716989517212,1.617141842842102,0.0010053489822894335,1.592039704322815,1.617117166519165,1.6434876918792725,0.0
897,4,60,6,1.2632040977478027,1.2450964450836182,1.3245444297790527,1.2816804647445679,0.0008707744418643415,1.2632040977478027,1.269528865814209,1.30759859085083,0.0
898,4,61,6,1.4463756084442139,1.3979377746582031,1.4959126710891724,1.4453704357147217,0.0008451184839941561,1.4352962970733643,1.4463756084442139,1.452107310295105,0.0
899,4,68,6,1.6758489608764648,1.6549627780914307,1.6782782077789307,1.6673345565795898,9.07749417820014e-05,1.658732533454895,1.6684930324554443,1.6758489608764648,0.0
900,4,76,6,1.571367621421814,1.282718300819397,1.571367621421814,1.4639883041381836,0.011033531278371811,1.3990691900253296,1.491288423538208,1.55702543258667,0.0
901,4,74,6,1.51108980178833,0.6043404340744019,1.5969257354736328,1.2106561660766602,0.15259714424610138,0.8852794766426086,1.4006338119506836,1.51108980178833,0.2
902,4,66,6,1.6832290887832642,0.905033528804779,1.6832290887832642,1.3855981826782227,0.06969799846410751,1.308218002319336,1.3725329637527466,1.6132440567016602,0.1
903,4,73,6,1.4982867240905762,1.3166327476501465,1.4982867240905762,1.4286069869995117,0.0038735137786716223,1.4047961235046387,1.4297257661819458,1.4830197095870972,0.0
904,4,74,6,1.5745793581008911,1.2680317163467407,1.5745793581008911,1.3983830213546753,0.01614047959446907,1.3058254718780518,1.3359891176223755,1.5189507007598877,0.0
905,4,62,6,1.362846851348877,1.2538412809371948,1.3891664743423462,1.338297963142395,0.0018504476174712181,1.3278837203979492,1.3493542671203613,1.362846851348877,0.0
906,4,67,6,0.9763808250427246,0.8510027527809143,1.054142713546753,0.9325010180473328,0.005608337465673685,0.8637945055961609,0.9272201061248779,0.9763808250427246,0.5
907,4,52,6,1.2927557229995728,1.1415033340454102,1.2927557229995728,1.220319390296936,0.0037091723643243313,1.1655371189117432,1.2244224548339844,1.2757834196090698,0.0
908,4,59,6,1.591921091079712,1.4689836502075195,1.591921091079712,1.5403785705566406,0.0017946013249456882,1.5276877880096436,1.5309853553771973,1.5773520469665527,0.0
909,4,59,6,1.5822362899780273,1.4573159217834473,1.5822362899780273,1.5250825881958008,0.002026209607720375,1.5014296770095825,1.5141674280166626,1.5676100254058838,0.0
910,4,71,6,1.1715964078903198,0.9053762555122375,1.1715964078903198,1.0468121767044067,0.011567596346139908,0.9461790919303894,1.0558793544769287,1.1508666276931763,0.2
911,4,50,6,0.5188767910003662,0.5188767910003662,0.6509919166564941,0.5822619795799255,0.0024922953452914953,0.5337616205215454,0.5900565981864929,0.6189590692520142,0.5
912,4,70,6,1.2147433757781982,0.9209545254707336,1.2147433757781982,1.1243245601654053,0.010930582880973816,1.0938098430633545,1.151993751525879,1.2118836641311646,0.3
913,4,66,6,1.1127066612243652,0.872330904006958,1.1127066612243652,0.9959828853607178,0.008474774658679962,0.929252028465271,0.9763198494911194,1.0875729322433472,0.4
914,4,51,6,0.584709882736206,0.584709882736206,0.8004665374755859,0.6900265216827393,0.006299479398876429,0.6181241273880005,0.7201565504074097,0.727956235408783,0.5
915,4,73,6,1.5099644660949707,0.8589785695075989,1.5099644660949707,1.200819730758667,0.0780724287033081,0.9172368049621582,1.2325094938278198,1.4772353172302246,0.2
916,4,76,6,1.6093847751617432,1.0400264263153076,1.6093847751617432,1.3725703954696655,0.05214370787143707,1.169838309288025,1.4392892122268677,1.5803810358047485,0.0
917,4,69,6,0.7553761005401611,0.7553761005401611,0.8737015724182129,0.809258222579956,0.0022800553124397993,0.7618159055709839,0.8061857223510742,0.8518522381782532,0.5
918,4,74,6,1.7286977767944336,1.195537805557251,1.7286977767944336,1.516819953918457,0.048320967704057693,1.3192259073257446,1.593674898147583,1.7196123600006104,0.2
919,4,67,6,1.365896463394165,1.0748727321624756,1.365896463394165,1.2191218137741089,0.012955700047314167,1.1269896030426025,1.1974742412567139,1.3310073614120483,0.4
920,4,65,6,0.7828220725059509,0.7828220725059509,1.02707040309906,0.8774433732032776,0.009007939137518406,0.7897294163703918,0.8494377136230469,0.9519087076187134,0.5
921,4,70,6,1.7418463230133057,1.6311321258544922,1.7442574501037598,1.7123875617980957,0.001573156681843102,1.705392837524414,1.726962685585022,1.7418463230133057,0.0
922,4,66,6,1.5112781524658203,1.3963502645492554,1.5112781524658203,1.48027765750885,0.0015724964905530214,1.4789115190505981,1.4928302764892578,1.5087865591049194,0.0
923,4,74,6,1.0651267766952515,0.8201286196708679,1.1408514976501465,1.0073591470718384,0.010711965151131153,0.9577099680900574,1.0395441055297852,1.0651267766952515,0.1
924,4,75,6,1.1942903995513916,1.0381406545639038,1.2711973190307617,1.1634352207183838,0.005034799221903086,1.1398687362670898,1.1692957878112793,1.1942903995513916,0.4
925,4,69,6,1.7011430263519287,1.3266091346740723,1.7011430263519287,1.5226020812988281,0.018850332126021385,1.4435389041900635,1.485837697982788,1.6515188217163086,0.0
926,4,66,6,1.6705741882324219,1.3944337368011475,1.6705741882324219,1.5230872631072998,0.01207471452653408,1.4409005641937256,1.4831706285476685,1.6310656070709229,0.0
927,4,74,6,1.410109043121338,1.380760669708252,1.4183390140533447,1.403672456741333,0.00018134484707843512,1.395086646080017,1.410109043121338,1.4120054244995117,0.0
928,4,70,6,1.6826027631759644,1.4116322994232178,1.6826027631759644,1.5202713012695312,0.013568277470767498,1.4307206869125366,1.4585037231445312,1.6313199996948242,0.0
929,4,72,6,1.240435004234314,1.240435004234314,1.303532600402832,1.268632411956787,0.0005152869853191078,1.24708890914917,1.2722530364990234,1.281528353691101,0.3
930,4,72,6,1.6515048742294312,1.5678679943084717,1.6515048742294312,1.6144609451293945,0.001038539339788258,1.588417649269104,1.6185990571975708,1.6435277462005615,0.0
931,4,72,6,1.4067049026489258,1.3199691772460938,1.4734997749328613,1.3912361860275269,0.002938778605312109,1.344085931777954,1.4067049026489258,1.4146703481674194,0.2
932,4,70,6,1.6878560781478882,1.355255365371704,1.6972382068634033,1.5578163862228394,0.018949216231703758,1.4580960273742676,1.5748512744903564,1.6878560781478882,0.0
933,4,74,6,1.3632906675338745,1.2807759046554565,1.3892807960510254,1.3472392559051514,0.001285339705646038,1.3317495584487915,1.3632906675338745,1.364993691444397,0.1
934,4,72,6,1.2586851119995117,1.2586851119995117,1.4046865701675415,1.3189507722854614,0.003773873206228018,1.259528398513794,1.3048486709594727,1.3733724355697632,0.2
935,4,68,6,1.786247730255127,1.457139253616333,1.786247730255127,1.649036169052124,0.013280143961310387,1.5922856330871582,1.6423205137252808,1.753516674041748,0.0
936,4,71,6,1.7375400066375732,1.496788740158081,1.7375400066375732,1.5956072807312012,0.01032145507633686,1.5233137607574463,1.5403575897216797,1.6908149719238281,0.0
937,4,76,6,1.4104418754577637,1.4104418754577637,1.5201051235198975,1.4599601030349731,0.0021746731363236904,1.4153512716293335,1.4496188163757324,1.5069400072097778,0.0
938,4,74,6,1.7300912141799927,1.405571460723877,1.802476167678833,1.620458960533142,0.020121842622756958,1.5259262323379517,1.630012035369873,1.7300912141799927,0.0
939,4,73,6,1.3663629293441772,1.2741665840148926,1.376993179321289,1.3537931442260742,0.0012829808983951807,1.3663629293441772,1.3665850162506104,1.370751142501831,0.0
940,4,74,6,1.7943521738052368,1.410288691520691,1.7943521738052368,1.652848482131958,0.025767771527171135,1.513454556465149,1.7331385612487793,1.7877445220947266,0.0
941,4,76,6,1.2824318408966064,1.2824318408966064,1.4636099338531494,1.3708925247192383,0.005211310926824808,1.2997465133666992,1.374367594718933,1.4353708028793335,0.1
942,4,74,6,1.463280200958252,1.369476318359375,1.5865809917449951,1.4957984685897827,0.005427881609648466,1.463280200958252,1.4924571514129639,1.5583128929138184,0.0
943,4,56,6,1.7785701751708984,1.1272917985916138,1.7785701751708984,1.4996088743209839,0.073829285800457,1.2376821041107178,1.5801963806152344,1.7509649991989136,0.0
944,4,53,6,1.4360780715942383,1.3827050924301147,1.4360780715942383,1.417629361152649,0.00031753588700667024,1.4160165786743164,1.4177358150482178,1.431492567062378,0.0
945,4,71,6,1.7513372898101807,1.3706490993499756,1.7615022659301758,1.6243923902511597,0.031383611261844635,1.4666945934295654,1.7426204681396484,1.7513372898101807,0.0
946,4,71,6,1.6997849941253662,1.3144044876098633,1.7627018690109253,1.634608507156372,0.02321229875087738,1.621208667755127,1.6997849941253662,1.7269150018692017,0.1
947,4,69,6,1.7904192209243774,1.499880313873291,1.7904192209243774,1.6533920764923096,0.01099690143018961,1.6112022399902344,1.6143373250961304,1.7470003366470337,0.0
948,4,74,6,1.4625929594039917,1.3922932147979736,1.4726182222366333,1.4424198865890503,0.0010982160456478596,1.4152600765228271,1.4625929594039917,1.4643529653549194,0.1
949,4,60,6,1.7639641761779785,1.6226022243499756,1.80702543258667,1.7195675373077393,0.0040227570571005344,1.679792881011963,1.722076177597046,1.7639641761779785,0.0
950,4,74,6,1.463481068611145,1.1818660497665405,1.5023276805877686,1.4190468788146973,0.011739101260900497,1.436318278312683,1.463481068611145,1.4727660417556763,0.1
951,4,71,6,1.7386926412582397,1.6129690408706665,1.7386926412582397,1.6945148706436157,0.0021428579930216074,1.6674492359161377,1.71175217628479,1.732369065284729,0.0
952,4,77,6,1.245124101638794,1.2161035537719727,1.375477910041809,1.3018479347229004,0.004542565904557705,1.245124101638794,1.3003513813018799,1.3691542148590088,0.4
953,4,74,6,1.6686089038848877,1.2471188306808472,1.6686089038848877,1.4417450428009033,0.030388234183192253,1.2956427335739136,1.3869426250457764,1.618471384048462,0.0
954,4,72,6,1.6978027820587158,1.0850260257720947,1.6978027820587158,1.4503765106201172,0.050946883857250214,1.294252634048462,1.4906466007232666,1.6546735763549805,0.1
955,4,74,6,1.4077372550964355,0.8760676383972168,1.4077372550964355,1.2594314813613892,0.040498703718185425,1.1720428466796875,1.3789222240447998,1.4036229848861694,0.1
956,4,76,6,1.3222970962524414,0.9228965044021606,1.3222970962524414,1.1833428144454956,0.020631495863199234,1.108072280883789,1.2235896587371826,1.3094854354858398,0.3
957,4,72,6,1.8269784450531006,1.2183942794799805,1.8269784450531006,1.6034104824066162,0.050506941974163055,1.4578105211257935,1.6707754135131836,1.8027317523956299,0.0
958,4,75,6,1.3861033916473389,1.2604578733444214,1.433593511581421,1.379472017288208,0.003179948078468442,1.3861033916473389,1.3872880935668945,1.413693904876709,0.0
959,4,65,6,1.5399150848388672,1.0127172470092773,1.5399150848388672,1.2206116914749146,0.052227675914764404,1.0412827730178833,1.1020654439926147,1.4349299669265747,0.4
960,4,61,6,1.6965532302856445,1.5242774486541748,1.7097936868667603,1.6206895112991333,0.006567605771124363,1.5430980920791626,1.6278982162475586,1.6965532302856445,0.0
961,4,73,6,1.3101224899291992,1.0387486219406128,1.3101224899291992,1.2426592111587524,0.010156544856727123,1.2177629470825195,1.3036586046218872,1.3088916540145874,0.2
962,4,68,6,1.256969690322876,1.1497111320495605,1.256969690322876,1.2241253852844238,0.001439388724975288,1.2109508514404297,1.2378008365631104,1.2548019886016846,0.4
963,4,74,6,1.293331265449524,1.1195873022079468,1.293331265449524,1.2281566858291626,0.00590151734650135,1.158403992652893,1.2708436250686646,1.2877686023712158,0.2
964,4,74,6,1.5952715873718262,1.5597223043441772,1.6424827575683594,1.5966604948043823,0.0006996622541919351,1.579878807067871,1.5952715873718262,1.6081680059432983,0.0
965,4,58,6,1.106154203414917,1.0913578271865845,1.1265437602996826,1.1077909469604492,0.0001425249793101102,1.0997382402420044,1.106154203414917,1.1157405376434326,0.0
966,4,70,6,1.8154164552688599,0.5366290211677551,1.8154164552688599,1.2860084772109985,0.29974299669265747,0.7612723112106323,1.4589862823486328,1.8027454614639282,0.2
967,4,57,6,1.089475393295288,1.089475393295288,1.1116483211517334,1.0956506729125977,6.190292333485559e-05,1.0895931720733643,1.0925568342208862,1.0974349975585938,0.0
968,4,71,6,1.7022610902786255,1.0437182188034058,1.7022610902786255,1.3683314323425293,0.08613919466733932,1.095396876335144,1.3335988521575928,1.6690114736557007,0.0
969,4,73,6,1.7466120719909668,0.48606014251708984,1.7466120719909668,1.259469985961914,0.2917090058326721,0.7716650366783142,1.5249605178833008,1.6964854001998901,0.2
970,4,64,6,0.7187814712524414,0.5695546865463257,0.7187814712524414,0.6505587697029114,0.0039943670853972435,0.593351423740387,0.6538710594177246,0.7140399217605591,0.5
971,4,61,6,1.301495909690857,0.9604677557945251,1.301495909690857,1.183267593383789,0.013664649799466133,1.1486775875091553,1.1954717636108398,1.2840821743011475,0.0
972,4,67,6,1.7144032716751099,1.4231282472610474,1.7144032716751099,1.5728412866592407,0.01462855376303196,1.4556211233139038,1.5757077932357788,1.6933081150054932,0.0
973,4,61,6,1.2749707698822021,0.9577516913414001,1.2749707698822021,1.1608818769454956,0.012559241615235806,1.1066994667053223,1.1818652153015137,1.2608622312545776,0.0
974,4,63,6,1.218854546546936,1.078926682472229,1.218854546546936,1.1432093381881714,0.0030301841907203197,1.1095952987670898,1.117880940437317,1.1936299800872803,0.0
975,4,70,6,1.455214023590088,1.407263159751892,1.517988681793213,1.451788067817688,0.0011638954747468233,1.4326766729354858,1.4512169361114502,1.455214023590088,0.0
976,4,72,6,1.849881649017334,1.2125177383422852,1.849881649017334,1.53689444065094,0.07691651582717896,1.2559168338775635,1.5471243858337402,1.8161842823028564,0.0
977,4,72,6,1.7594614028930664,1.4293115139007568,1.7594614028930664,1.5682376623153687,0.019525520503520966,1.449608325958252,1.5154105424880981,1.7004709243774414,0.0
978,4,68,6,1.6509490013122559,1.5202537775039673,1.6509490013122559,1.5977060794830322,0.0029795910231769085,1.5467610359191895,1.6162422895431519,1.648272156715393,0.0
979,4,69,6,1.3450099229812622,1.1850221157073975,1.3709747791290283,1.3240386247634888,0.004068063572049141,1.333624243736267,1.3450099229812622,1.3625417947769165,0.2
980,4,71,6,1.5706510543823242,1.2642812728881836,1.5706510543823242,1.4259443283081055,0.013329981826245785,1.340255618095398,1.4158103466033936,1.5344842672348022,0.2
981,4,68,6,1.8401823043823242,1.742647647857666,1.850305438041687,1.8114674091339111,0.001749575138092041,1.7810583114624023,1.835647702217102,1.8401823043823242,0.0
982,4,73,6,1.754407286643982,1.469002366065979,1.754407286643982,1.6605256795883179,0.010042043402791023,1.6229870319366455,1.685756802558899,1.74606454372406,0.0
983,4,64,6,1.6540086269378662,1.5292232036590576,1.6545177698135376,1.6207122802734375,0.002325455192476511,1.5997400283813477,1.6516509056091309,1.6540086269378662,0.0
984,4,62,6,1.7215449810028076,1.4215753078460693,1.740767002105713,1.6409244537353516,0.011992299929261208,1.6197032928466797,1.6711550951004028,1.7215449810028076,0.0
985,4,72,6,1.6495453119277954,1.236633062362671,1.6495453119277954,1.4716134071350098,0.02487197145819664,1.345217227935791,1.4955189228057861,1.6168901920318604,0.0
986,4,78,6,1.6693527698516846,1.6650733947753906,1.7202718257904053,1.688995361328125,0.0004916492034681141,1.6693527698516846,1.683316707611084,1.7088007926940918,0.0
987,4,75,6,1.6669211387634277,1.2093685865402222,1.681280493736267,1.5210078954696655,0.03204479068517685,1.4046578407287598,1.6049696207046509,1.6669211387634277,0.1
988,4,68,6,1.8302643299102783,1.6970540285110474,1.8380615711212158,1.7926369905471802,0.0026674773544073105,1.7656891345977783,1.819576382637024,1.8302643299102783,0.0
989,4,74,6,1.493696928024292,1.0351314544677734,1.493696928024292,1.2674485445022583,0.03342548757791519,1.1083884239196777,1.2480697631835938,1.4504387378692627,0.4
990,4,73,6,1.70340096950531,1.2254722118377686,1.70340096950531,1.4606308937072754,0.03912524878978729,1.2694129943847656,1.4502012729644775,1.6565700769424438,0.2
991,4,68,6,1.6536765098571777,1.4367632865905762,1.6536765098571777,1.598002314567566,0.005522541236132383,1.609317421913147,1.6179771423339844,1.6458860635757446,0.0
992,4,67,6,1.5905518531799316,1.373441219329834,1.6951004266738892,1.5496351718902588,0.016303343698382378,1.4333670139312744,1.5905518531799316,1.6480333805084229,0.0
993,4,74,6,1.6392866373062134,1.2125306129455566,1.6392866373062134,1.4194098711013794,0.03133635222911835,1.2539713382720947,1.3960449695587158,1.5984652042388916,0.2
994,4,68,6,1.6171932220458984,1.356623649597168,1.6171932220458984,1.541723608970642,0.007900028489530087,1.533365249633789,1.5665993690490723,1.607428789138794,0.0
995,4,56,6,1.2334060668945312,1.221320390701294,1.26927649974823,1.2398580312728882,0.0002493324573151767,1.231473684310913,1.2334060668945312,1.2465336322784424,0.3
996,4,68,6,1.6126984357833862,1.0672078132629395,1.6126984357833862,1.443794846534729,0.03930528461933136,1.3548887968063354,1.5254461765289307,1.6068122386932373,0.1
997,4,71,6,1.4007982015609741,1.4007982015609741,1.4380087852478027,1.4221282005310059,0.00023579069238621742,1.407665491104126,1.4298681020736694,1.4329378604888916,0.0
998,4,75,6,1.427025556564331,1.4085074663162231,1.488630771636963,1.4347386360168457,0.0006342428969219327,1.4258990287780762,1.427025556564331,1.4305455684661865,0.0
999,4,73,6,1.4206078052520752,1.252705693244934,1.4206078052520752,1.3320780992507935,0.005142859183251858,1.2648677825927734,1.318943738937378,1.4055547714233398,0.3
1000,4,74,6,1.4197794198989868,1.4197794198989868,1.472916603088379,1.4401715993881226,0.00040978536708280444,1.4214659929275513,1.434685468673706,1.4550986289978027,0.0
1001,4,47,6,1.7931623458862305,1.5622680187225342,1.7931623458862305,1.6657918691635132,0.009148426353931427,1.5831589698791504,1.635289192199707,1.7610422372817993,0.0
1002,4,60,6,1.482140064239502,1.245067834854126,1.4878486394882202,1.4032914638519287,0.011726663447916508,1.3085851669311523,1.4743988513946533,1.482140064239502,0.2
1003,4,76,6,1.5219001770019531,1.4713714122772217,1.5720067024230957,1.5191771984100342,0.0013078416232019663,1.4883697032928467,1.5219001770019531,1.5434941053390503,0.0
1004,4,71,6,1.3832286596298218,1.3832286596298218,1.4519853591918945,1.4144665002822876,0.0008260373724624515,1.3856056928634644,1.413183569908142,1.4398996829986572,0.0
1005,4,73,6,1.4167308807373047,1.2080914974212646,1.4469897747039795,1.371065378189087,0.0067814248614013195,1.3460562229156494,1.415696144104004,1.4167308807373047,0.0
1006,4,70,6,1.2691577672958374,0.7290782928466797,1.2691577672958374,0.981213390827179,0.053944677114486694,0.7637529373168945,0.9335165619850159,1.2195137739181519,0.4
1007,4,67,6,1.5936272144317627,1.1295714378356934,1.704358696937561,1.5293279886245728,0.03457416221499443,1.547431230545044,1.5936272144317627,1.6154699325561523,0.1
1008,4,68,6,1.6534554958343506,1.4303568601608276,1.6586308479309082,1.5882437229156494,0.007577776443213224,1.539038062095642,1.637862205505371,1.6534554958343506,0.0
1009,4,75,6,1.6431275606155396,1.3931822776794434,1.6779946088790894,1.5626869201660156,0.011483282782137394,1.477251410484314,1.60832941532135,1.6431275606155396,0.0
1010,4,57,6,1.471250295639038,1.471250295639038,1.650864839553833,1.5732048749923706,0.005624151322990656,1.502440094947815,1.5989904403686523,1.6364049911499023,0.0
1011,4,66,6,1.6660492420196533,1.571956992149353,1.751440405845642,1.6605299711227417,0.004236436914652586,1.6061415672302246,1.6660492420196533,1.7076460123062134,0.0
1012,4,67,6,1.7274296283721924,0.9756494760513306,1.7274296283721924,1.2651922702789307,0.10810383409261703,1.023682713508606,1.0755293369293213,1.5668437480926514,0.2
1013,4,76,6,1.4625399112701416,0.6390998959541321,1.4625399112701416,1.1412895917892456,0.11322116106748581,0.8618902564048767,1.2380738258361816,1.459609031677246,0.3
1014,4,70,6,1.547932744026184,0.8392062187194824,1.547932744026184,1.2040221691131592,0.0896880030632019,0.9432666897773743,1.1748334169387817,1.5096455812454224,0.3
1015,4,65,6,1.6705083847045898,1.5235657691955566,1.6705083847045898,1.5855141878128052,0.003864484140649438,1.5358699560165405,1.5566551685333252,1.6467331647872925,0.0
1016,4,61,6,1.6472598314285278,1.5810046195983887,1.745354413986206,1.6571012735366821,0.004022242967039347,1.6035568714141846,1.6472598314285278,1.7113697528839111,0.0
1017,4,71,6,1.7033064365386963,1.3391008377075195,1.793433666229248,1.6074469089508057,0.030138269066810608,1.4719693660736084,1.7033064365386963,1.708834171295166,0.0
1018,4,78,6,1.6394298076629639,1.4270095825195312,1.6905484199523926,1.5818486213684082,0.007641835603863001,1.5358972549438477,1.604823350906372,1.6394298076629639,0.0
1019,4,76,6,1.6435534954071045,1.3380212783813477,1.645890235900879,1.542114019393921,0.01899496279656887,1.424024224281311,1.6340014934539795,1.6435534954071045,0.0
1020,4,60,6,1.7593863010406494,1.5176163911819458,1.7738770246505737,1.672892689704895,0.010615411214530468,1.583177924156189,1.7168329954147339,1.7593863010406494,0.0
1021,4,66,6,1.7799546718597412,1.7646684646606445,1.7880600690841675,1.7780742645263672,4.969734072801657e-05,1.7766087055206299,1.7799546718597412,1.7802246809005737,0.0
1022,4,60,6,1.7629417181015015,1.4779107570648193,1.7629417181015015,1.6476961374282837,0.013455558568239212,1.5448211431503296,1.6829535961151123,1.7562183141708374,0.0
1023,4,66,6,1.7210912704467773,1.4910058975219727,1.7210912704467773,1.6111677885055542,0.008158738724887371,1.5339813232421875,1.606633186340332,1.7005677223205566,0.0
1024,4,59,6,1.5932915210723877,1.1895959377288818,1.5932915210723877,1.3551445007324219,0.028904996812343597,1.2420361042022705,1.2570521831512451,1.5118962526321411,0.4
1025,4,75,6,1.6168856620788574,1.245766282081604,1.6168856620788574,1.4368021488189697,0.021672405302524567,1.3134636878967285,1.4200482368469238,1.585108757019043,0.0
1026,4,75,6,1.6065380573272705,1.2552789449691772,1.6065380573272705,1.4319298267364502,0.020207222551107407,1.3044425249099731,1.4179027080535889,1.5749764442443848,0.0
1027,4,72,6,1.3981270790100098,0.7818247079849243,1.3981270790100098,1.1539615392684937,0.06384597718715668,0.9277787208557129,1.246509075164795,1.383575201034546,0.2
1028,4,70,6,1.6054677963256836,1.4357118606567383,1.6054677963256836,1.5106624364852905,0.004992871079593897,1.4524848461151123,1.483382225036621,1.5812292098999023,0.0
1029,4,75,6,1.289833426475525,1.1717404127120972,1.289833426475525,1.25208580493927,0.0020585779566317797,1.224685549736023,1.2760746479034424,1.2874454259872437,0.0
1030,4,73,6,1.6538124084472656,0.8584582209587097,1.6538124084472656,1.3629820346832275,0.08001220226287842,1.2126717567443848,1.4308068752288818,1.6057376861572266,0.1
1031,4,63,6,1.0576575994491577,0.9645594954490662,1.0576575994491577,1.02049720287323,0.0010309208882972598,1.008236289024353,1.0177764892578125,1.0495615005493164,0.4
1032,4,71,6,1.71657133102417,1.2083194255828857,1.71657133102417,1.5267990827560425,0.03270922973752022,1.4272032976150513,1.5623416900634766,1.6873829364776611,0.0
1033,4,58,6,1.4118105173110962,1.04543137550354,1.4118105173110962,1.2434577941894531,0.021747730672359467,1.1162693500518799,1.244970679283142,1.3913886547088623,0.3
1034,4,73,6,0.9353618025779724,0.7458267211914062,0.9503200054168701,0.8643401265144348,0.006406213156878948,0.7988908290863037,0.8831679224967957,0.9353618025779724,0.5
1035,4,65,6,1.1699450016021729,1.0648553371429443,1.2047783136367798,1.1552131175994873,0.002094028517603874,1.1429868936538696,1.1699450016021729,1.1833019256591797,0.4
1036,4,73,6,1.4557409286499023,1.1839944124221802,1.4557409286499023,1.306226372718811,0.012154534459114075,1.2250914573669434,1.2585855722427368,1.4145400524139404,0.1
1037,4,74,6,1.1909910440444946,1.1015634536743164,1.2683042287826538,1.185181736946106,0.0023586400784552097,1.1757292747497559,1.1891965866088867,1.1909910440444946,0.2
1038,4,43,6,1.6113675832748413,1.6040621995925903,1.6366629600524902,1.6178171634674072,0.00016812689136713743,1.609201192855835,1.6113675832748413,1.629064679145813,0.0
1039,4,72,6,1.212660551071167,1.1312601566314697,1.2965184450149536,1.2173194885253906,0.002316914265975356,1.212660551071167,1.2165719270706177,1.2278714179992676,0.4
1040,4,72,6,1.468315839767456,1.4538612365722656,1.5385246276855469,1.48573899269104,0.0007614624919369817,1.468315839767456,1.4777286052703857,1.495491862297058,0.0
1041,4,72,6,1.3032695055007935,1.130426287651062,1.3032695055007935,1.2187198400497437,0.0045294249430298805,1.1637617349624634,1.209843397140503,1.2853623628616333,0.3
1042,4,65,6,1.4558310508728027,1.172115445137024,1.4558310508728027,1.3323274850845337,0.011673035100102425,1.247318983078003,1.3402563333511353,1.4369385242462158,0.2
1043,4,74,6,1.2032296657562256,1.0019125938415527,1.305907964706421,1.1674933433532715,0.014732168056070805,1.0560495853424072,1.2032296657562256,1.2635753154754639,0.2
1044,4,62,6,1.3475184440612793,1.3475184440612793,1.4291460514068604,1.3993721008300781,0.001363056362606585,1.3647181987762451,1.4214518070220947,1.4285061359405518,0.0
1045,4,74,6,0.9902000427246094,0.8814452290534973,1.2479519844055176,1.0569064617156982,0.016544697806239128,0.9902000427246094,1.0080912113189697,1.1607398986816406,0.3
1046,4,73,6,1.4922339916229248,1.2389023303985596,1.4922339916229248,1.3683162927627563,0.010052373632788658,1.2807202339172363,1.3611418008804321,1.4672091007232666,0.0
1047,4,70,6,1.4226933717727661,1.2517627477645874,1.4226933717727661,1.3450732231140137,0.004658656194806099,1.2838042974472046,1.355595588684082,1.4075874090194702,0.0
1048,4,73,6,1.5589065551757812,1.237041711807251,1.5589065551757812,1.3874216079711914,0.017596958205103874,1.2663639783859253,1.3602925539016724,1.5197794437408447,0.0
1049,4,77,6,1.3145291805267334,1.2396438121795654,1.3145291805267334,1.2898350954055786,0.0007037395262159407,1.2786452770233154,1.2975150346755981,1.3124680519104004,0.2
1050,4,74,6,1.5855659246444702,1.2641586065292358,1.5855659246444702,1.4348794221878052,0.015951532870531082,1.3352302312850952,1.4222662448883057,1.5621676445007324,0.0
1051,4,70,6,1.806985855102539,1.164571762084961,1.806985855102539,1.5729053020477295,0.06285558640956879,1.3826918601989746,1.6726257801055908,1.7940881252288818,0.0
1052,4,75,6,1.8345396518707275,1.1935844421386719,1.8345396518707275,1.504408836364746,0.07297110557556152,1.241359829902649,1.4800267219543457,1.7773603200912476,0.0
1053,4,74,6,0.8312671184539795,0.8312671184539795,1.1789212226867676,0.9652650952339172,0.015682030469179153,0.8480197191238403,0.9528510570526123,1.0351808071136475,0.4
1054,4,74,6,1.5217525959014893,1.2528657913208008,1.5217525959014893,1.3853702545166016,0.011975313536822796,1.2841088771820068,1.3750518560409546,1.4940416812896729,0.0
1055,4,68,6,1.5336271524429321,1.4683932065963745,1.6706061363220215,1.56255304813385,0.003869994543492794,1.5336271524429321,1.5568768978118896,1.5867352485656738,0.0
1056,4,76,6,1.6641488075256348,1.1529390811920166,1.6641488075256348,1.4521454572677612,0.037357181310653687,1.303398847579956,1.4888451099395752,1.6295948028564453,0.1
1057,4,64,6,1.5513790845870972,1.307903528213501,1.5513790845870972,1.4838229417800903,0.007251801900565624,1.4696111679077148,1.5193102359771729,1.5438196659088135,0.0
1058,4,77,6,1.1083214282989502,0.9997280836105347,1.1913566589355469,1.099748134613037,0.0034293727949261665,1.074928641319275,1.1083214282989502,1.1223028898239136,0.5
1059,4,73,6,1.5860320329666138,1.27595853805542,1.5860320329666138,1.4711840152740479,0.01541812065988779,1.3730307817459106,1.5158181190490723,1.5849859714508057,0.0
1060,4,71,6,1.6215909719467163,1.2458915710449219,1.6215909719467163,1.4192676544189453,0.026675017550587654,1.2595078945159912,1.3901581764221191,1.5864261388778687,0.2
1061,4,61,6,1.112351894378662,0.8881909251213074,1.112351894378662,0.9940752387046814,0.008007731288671494,0.9213828444480896,0.9734607934951782,1.0780878067016602,0.4
1062,4,47,6,1.3007780313491821,1.1923617124557495,1.3007780313491821,1.2447155714035034,0.0019627076108008623,1.2035080194473267,1.240302324295044,1.2875547409057617,0.0
1063,4,65,6,1.4869705438613892,1.387237787246704,1.535008430480957,1.4562339782714844,0.0025761518627405167,1.4177979230880737,1.4566000699996948,1.4869705438613892,0.0
1064,4,65,6,1.6295148134231567,0.9085010290145874,1.6295148134231567,1.1877079010009766,0.09937483817338943,0.9480847120285034,1.0089690685272217,1.4841201305389404,0.4
1065,4,77,6,1.3831876516342163,1.2914671897888184,1.3831876516342163,1.3496437072753906,0.0010953897144645452,1.3306214809417725,1.3588403463363647,1.377943754196167,0.2
1066,4,53,6,1.4046802520751953,1.3754487037658691,1.4060941934585571,1.39053213596344,0.00021400311379693449,1.3761447668075562,1.3904125690460205,1.4046802520751953,0.0
1067,4,70,6,0.584378719329834,0.584378719329834,0.61548912525177,0.6010746955871582,0.00014813104644417763,0.5898447632789612,0.6066868305206299,0.6084036827087402,0.5
1068,4,56,6,0.6888563632965088,0.599955677986145,0.6888563632965088,0.6607115864753723,0.0010851990664377809,0.6440442800521851,0.6764972805976868,0.6860514879226685,0.5
1069,4,66,6,1.4743638038635254,0.9765368700027466,1.5110090970993042,1.3559569120407104,0.03268928453326225,1.348271131515503,1.413511872291565,1.4743638038635254,0.1
1070,4,48,6,0.7779213190078735,0.20547084510326385,0.7920376062393188,0.5156025886535645,0.07203184068202972,0.2566255033016205,0.5375335812568665,0.7779213190078735,0.3
1071,4,62,6,0.9839597344398499,0.7451287508010864,0.9839597344398499,0.9053469896316528,0.007179851643741131,0.8679801225662231,0.933778703212738,0.975486159324646,0.3
1072,4,47,6,1.0284332036972046,0.9203436374664307,1.0284332036972046,0.9569891095161438,0.002552696503698826,0.9208053350448608,0.9221905469894409,1.0018725395202637,0.4
1073,4,53,6,1.4046802520751953,1.3754487037658691,1.4060941934585571,1.39053213596344,0.00021400311379693449,1.3761447668075562,1.3904125690460205,1.4046802520751953,0.0
1074,4,66,6,0.527923047542572,0.4416045844554901,0.5895273089408875,0.5214444398880005,0.002114712493494153,0.5014410614967346,0.527923047542572,0.5437869429588318,0.5
1075,4,74,6,1.2602025270462036,0.6910579204559326,1.2602025270462036,0.9915708303451538,0.05975079908967018,0.7638851404190063,0.9960415959358215,1.238696813583374,0.3
1076,4,73,6,1.4863395690917969,0.7483086585998535,1.4863395690917969,1.3577823638916016,0.0743241086602211,1.4715588092803955,1.4777703285217285,1.4847054481506348,0.1
1077,4,71,6,1.409464716911316,1.0003294944763184,1.409464716911316,1.1906452178955078,0.027111491188406944,1.053526759147644,1.1463606357574463,1.3506700992584229,0.2
1078,4,73,6,1.0391533374786377,0.9134018421173096,1.111678123474121,1.014966607093811,0.005574030335992575,0.9474307298660278,1.0391533374786377,1.0619559288024902,0.4
1079,4,66,6,1.7883579730987549,1.3382306098937988,1.7883579730987549,1.5408153533935547,0.038864728063344955,1.3548693656921387,1.4905365705490112,1.743321418762207,0.0
1080,4,55,6,1.3421497344970703,1.1466364860534668,1.3990633487701416,1.3128656148910522,0.006639845669269562,1.3000156879425049,1.3421497344970703,1.356454849243164,0.0
1081,4,68,6,1.6803719997406006,1.1439838409423828,1.6803719997406006,1.4823975563049316,0.03643151372671127,1.388437032699585,1.5068150758743286,1.6572701930999756,0.0
1082,4,63,6,0.8019214868545532,0.8019214868545532,0.8610783815383911,0.825932502746582,0.0006043229950591922,0.8025662899017334,0.8189226388931274,0.8479573726654053,0.5
1083,4,71,6,1.7159738540649414,1.3533987998962402,1.7159738540649414,1.6168246269226074,0.01554168201982975,1.6114039421081543,1.6600602865219116,1.7022169828414917,0.0
1084,4,69,6,0.7394157648086548,0.4959518611431122,0.8776997327804565,0.7140049338340759,0.014977090060710907,0.6584393978118896,0.7394157648086548,0.7849283814430237,0.5
1085,4,71,6,1.0710960626602173,0.646349310874939,1.0710960626602173,0.8832780718803406,0.023522036150097847,0.7934547066688538,0.8629688024520874,1.0302438735961914,0.4
1086,4,70,6,1.0017598867416382,0.606114387512207,1.0017598867416382,0.7675501704216003,0.02849704585969448,0.6320314407348633,0.6895618438720703,0.9264767169952393,0.4
1087,4,71,6,1.0596139430999756,0.6087873578071594,1.0596139430999756,0.8623279929161072,0.025537922978401184,0.7796881198883057,0.8422238230705261,1.0072630643844604,0.4
1088,4,74,6,1.6800570487976074,1.224439263343811,1.6800570487976074,1.5088515281677246,0.031005440279841423,1.3791998624801636,1.5764150619506836,1.6558444499969482,0.1
1089,4,62,6,1.1405229568481445,0.7096526622772217,1.1405229568481445,0.9953300356864929,0.02849716506898403,0.8764294385910034,1.0777738094329834,1.1371501684188843,0.4
1090,4,62,6,1.4027172327041626,0.7586687207221985,1.4027172327041626,1.1280794143676758,0.06710408627986908,0.8948594331741333,1.1865464448928833,1.3739122152328491,0.3
1091,4,70,6,1.7659144401550293,1.3308123350143433,1.7659144401550293,1.5437172651290894,0.03193025290966034,1.374767541885376,1.5284260511398315,1.7209889888763428,0.0
1092,4,72,6,1.7526718378067017,1.6899683475494385,1.7526718378067017,1.7195156812667847,0.0006266176351346076,1.699061393737793,1.7134695053100586,1.7433093786239624,0.0
1093,4,71,6,1.7625857591629028,0.7337548732757568,1.7625857591629028,1.4896191358566284,0.1298879086971283,1.463346242904663,1.6133922338485718,1.7542920112609863,0.1
1094,4,72,6,1.1870336532592773,1.0266587734222412,1.188617467880249,1.1417967081069946,0.004079025704413652,1.1065133810043335,1.183080792427063,1.1870336532592773,0.2
1095,4,75,6,1.5911388397216797,1.4315454959869385,1.6108436584472656,1.527831792831421,0.005426970310509205,1.455504298210144,1.5468082427978516,1.5911388397216797,0.0
1096,4,65,6,1.5580832958221436,1.239393711090088,1.5580832958221436,1.3731186389923096,0.018053680658340454,1.2628084421157837,1.316978931427002,1.5011389255523682,0.4
1097,4,77,6,1.5408351421356201,1.3203890323638916,1.6769754886627197,1.4966331720352173,0.012003777548670769,1.4447766542434692,1.5012142658233643,1.5408351421356201,0.1
1098,4,49,6,1.663217544555664,1.4375004768371582,1.663217544555664,1.6227669715881348,0.006874933838844299,1.6552276611328125,1.6589462757110596,1.6627389192581177,0.0
1099,4,72,6,1.7431730031967163,1.7042258977890015,1.8014938831329346,1.7556415796279907,0.0010641361586749554,1.7431730031967163,1.746647596359253,1.7812764644622803,0.0
1100,4,52,6,1.6119279861450195,1.3731478452682495,1.624051570892334,1.5573756694793701,0.008262593299150467,1.5359301567077637,1.6119279861450195,1.6124330759048462,0.0
1101,4,70,6,1.4057668447494507,1.350856065750122,1.441308856010437,1.4055681228637695,0.000772524275816977,1.4052391052246094,1.4057668447494507,1.4199268817901611,0.0
1102,4,67,6,1.4992272853851318,1.3320536613464355,1.4992272853851318,1.4195075035095215,0.0038616980891674757,1.3786022663116455,1.406229019165039,1.4794914722442627,0.1
1103,4,65,6,1.5041000843048096,1.315216302871704,1.5041000843048096,1.4183005094528198,0.006499936804175377,1.3483407497406006,1.420183777809143,1.4993406534194946,0.3
1104,4,70,6,1.5202534198760986,1.3817249536514282,1.5202534198760986,1.4821580648422241,0.002218262990936637,1.4853463172912598,1.4928646087646484,1.5150166749954224,0.0
1105,4,54,6,1.0518038272857666,0.8358912467956543,1.0518038272857666,0.9524695873260498,0.006681645289063454,0.8939327001571655,0.9427697658538818,1.0336394309997559,0.4
1106,4,55,6,1.184068202972412,0.0,1.184068202972412,0.5235825181007385,0.2928811311721802,0.0,0.38667941093444824,1.0813908576965332,0.4
1107,4,63,6,1.0871379375457764,0.9644788503646851,1.0871379375457764,1.0294041633605957,0.001994804246351123,1.0042669773101807,1.0184522867202759,1.0708870887756348,0.5
1108,4,68,6,1.095300316810608,0.9239653944969177,1.095300316810608,1.0109717845916748,0.005587293300777674,0.9369379281997681,1.011228322982788,1.0867573022842407,0.3
1109,4,72,6,1.0442804098129272,0.8813480138778687,1.0442804098129272,0.9492968916893005,0.004811231978237629,0.8918471336364746,0.9183766841888428,1.0173909664154053,0.4
1110,4,74,6,0.9917999505996704,0.9585714340209961,1.024192214012146,0.9830251932144165,0.0005058756796643138,0.9654495716094971,0.9792910218238831,0.9917999505996704,0.3
1111,4,60,6,1.0909068584442139,0.7501729726791382,1.0909068584442139,0.8973042964935303,0.019682927057147026,0.7916987538337708,0.8362913131713867,1.029069423675537,0.4
1112,4,65,6,1.3504292964935303,1.18513822555542,1.3672667741775513,1.2786362171173096,0.006104444153606892,1.2057507038116455,1.283379077911377,1.3504292964935303,0.2
1113,4,77,6,1.4393835067749023,1.2482643127441406,1.4393835067749023,1.394987940788269,0.0045329490676522255,1.403456687927246,1.4201242923736572,1.43812894821167,0.1
1114,4,69,6,1.574249029159546,0.8602945804595947,1.574249029159546,1.342881202697754,0.07228567451238632,1.1845192909240723,1.469699740409851,1.5628385543823242,0.2
1115,4,73,6,1.1096208095550537,1.055091381072998,1.1096208095550537,1.0815863609313965,0.0005163115565665066,1.0599970817565918,1.0790674686431885,1.1045401096343994,0.5
1116,4,74,6,1.1776539087295532,1.1689279079437256,1.2670440673828125,1.2166287899017334,0.0018000889103859663,1.1776539087295532,1.2121555805206299,1.2580411434173584,0.0
1117,4,71,6,1.0146775245666504,0.9455624222755432,1.2132792472839355,1.0944843292236328,0.011171494610607624,1.0146775245666504,1.101975679397583,1.1893949508666992,0.5
1118,4,69,6,1.5973432064056396,1.2170413732528687,1.5973432064056396,1.4685169458389282,0.020607369020581245,1.381006121635437,1.5337108373641968,1.582821011543274,0.1
1119,4,72,6,1.2627573013305664,0.9587592482566833,1.2627573013305664,1.122935175895691,0.013723288662731647,1.0397332906723022,1.1069464683532715,1.2403910160064697,0.4
1120,4,72,6,1.2892093658447266,1.0318108797073364,1.2892093658447266,1.1559548377990723,0.010924702510237694,1.062371850013733,1.1382532119750977,1.2604066133499146,0.4
1121,4,68,6,0.8224409818649292,0.8224409818649292,1.121395230293274,0.9714693427085876,0.014521555975079536,0.8496798872947693,0.9877803921699524,1.0762746334075928,0.5
1122,4,72,6,1.1594278812408447,0.9546717405319214,1.1594278812408447,1.1114832162857056,0.0051338993944227695,1.12144935131073,1.1396470069885254,1.155003309249878,0.5
1123,4,72,6,1.1473469734191895,1.1096551418304443,1.1603484153747559,1.144866943359375,0.00027116559795103967,1.1473469734191895,1.1479942798614502,1.1540571451187134,0.5
1124,4,67,6,1.381881594657898,1.2272095680236816,1.395424485206604,1.3360286951065063,0.003933995962142944,1.295089602470398,1.3681824207305908,1.381881594657898,0.2
1125,4,67,6,1.0626883506774902,0.9922625422477722,1.0626883506774902,1.0444375276565552,0.0005817099590785801,1.0472500324249268,1.0513651371002197,1.0601403713226318,0.2
1126,4,65,6,1.3482654094696045,1.1916260719299316,1.357543706893921,1.2890814542770386,0.0047171879559755325,1.2246484756469727,1.316075086593628,1.3482654094696045,0.0
1127,4,75,6,1.6490046977996826,1.3131297826766968,1.6490046977996826,1.498123288154602,0.017493639141321182,1.382291555404663,1.5115163326263428,1.6261461973190308,0.0
1128,4,72,6,1.1143909692764282,0.7864103317260742,1.1260404586791992,1.0144442319869995,0.01614322140812874,0.9392780065536499,1.0769920349121094,1.1143909692764282,0.2
1129,4,62,6,0.7050608396530151,0.4756884276866913,0.7050608396530151,0.5959001183509827,0.007363533601164818,0.5372433662414551,0.579129159450531,0.6796160936355591,0.5
1130,4,67,6,1.2455881834030151,0.9191869497299194,1.2455881834030151,1.0576151609420776,0.018234452232718468,0.9644700288772583,0.9870709776878357,1.1841458082199097,0.1
1131,4,69,6,0.9715151190757751,0.7555465698242188,0.9715151190757751,0.8647552728652954,0.006512874271720648,0.815913736820221,0.8409770727157593,0.9392118453979492,0.4
1132,4,60,6,0.9787517786026001,0.6438981294631958,0.9800939559936523,0.9184961318969727,0.015179897658526897,0.9581980109214783,0.9782887697219849,0.9787517786026001,0.2
1133,4,71,6,1.4425995349884033,0.9939841032028198,1.4425995349884033,1.223441243171692,0.027286753058433533,1.1425480842590332,1.1626384258270264,1.3728612661361694,0.1
1134,4,72,6,0.9661081433296204,0.925075113773346,1.007200002670288,0.9567973017692566,0.0007510820869356394,0.9347800016403198,0.9554933309555054,0.9661081433296204,0.4
1135,4,68,6,1.7768830060958862,1.5972594022750854,1.7768830060958862,1.7273536920547485,0.004000894725322723,1.7198117971420288,1.7467999458312988,1.775873064994812,0.0
1136,4,73,6,1.6563432216644287,1.2389270067214966,1.6563432216644287,1.4907917976379395,0.026501433923840523,1.3628571033477783,1.544603705406189,1.6296494007110596,0.0
1137,4,69,6,1.5835378170013428,1.1920859813690186,1.5835378170013428,1.3734041452407837,0.026880554854869843,1.2280356884002686,1.3301280736923218,1.5404372215270996,0.0
1138,4,74,6,1.4013862609863281,0.9612758755683899,1.4120264053344727,1.2686939239501953,0.030824776738882065,1.1572648286819458,1.370495080947876,1.4013862609863281,0.1
1139,4,68,6,1.2288672924041748,0.5841456651687622,1.2288672924041748,1.0098130702972412,0.0627838522195816,0.8369437456130981,1.131987452507019,1.2154678106307983,0.2
1140,4,70,6,1.2993284463882446,0.9024714231491089,1.2993284463882446,1.1205642223358154,0.021003959700465202,1.0257854461669922,1.1096768379211426,1.255726933479309,0.2
1141,4,75,6,1.561203956604004,1.194916844367981,1.561203956604004,1.4169435501098633,0.01959935761988163,1.3104363679885864,1.4588377475738525,1.5398815870285034,0.0
1142,4,76,6,1.6242417097091675,1.1846728324890137,1.6242417097091675,1.4276381731033325,0.028960997238755226,1.287353754043579,1.4360030889511108,1.5943288803100586,0.0
1143,4,67,6,1.516733169555664,1.1077381372451782,1.516733169555664,1.2839906215667725,0.028380723670125008,1.1580406427383423,1.208397626876831,1.4431662559509277,0.0
1144,4,73,6,1.3667058944702148,1.2708361148834229,1.3913919925689697,1.3389891386032104,0.0023466080892831087,1.295789122581482,1.3662852048873901,1.3667058944702148,0.0
1145,4,66,6,1.7364705801010132,0.5700960159301758,1.7364705801010132,1.3059414625167847,0.23652689158916473,0.8851577043533325,1.547735571861267,1.7139184474945068,0.2
1146,4,64,6,0.7755269408226013,0.5133376121520996,0.8298479914665222,0.7107447385787964,0.010550000704824924,0.6777188777923584,0.7377161979675293,0.7755269408226013,0.5
1147,4,70,6,1.360212802886963,0.628293514251709,1.360212802886963,1.0894876718521118,0.07830862700939178,0.887729823589325,1.1799321174621582,1.3436527252197266,0.2
1148,4,73,6,1.5948684215545654,0.7946986556053162,1.5948684215545654,1.2276184558868408,0.08281666785478592,1.077660083770752,1.1580888032913208,1.4963587522506714,0.1
1149,4,62,6,0.983234703540802,0.7619670629501343,1.0139758586883545,0.9294159412384033,0.00713241845369339,0.9033219814300537,0.963857889175415,0.983234703540802,0.5
1150,4,64,6,1.487421989440918,0.9526646137237549,1.487421989440918,1.3410248756408691,0.04338269680738449,1.242626667022705,1.475733757019043,1.4861869812011719,0.1
1151,4,66,6,0.9053833484649658,0.7122008800506592,0.9053833484649658,0.8379311561584473,0.005128323100507259,0.793700098991394,0.8649094104766846,0.8988924026489258,0.5
1152,4,68,6,1.0063989162445068,0.8574331998825073,1.0955121517181396,0.9949503540992737,0.0060161384753882885,0.9596353769302368,1.0063989162445068,1.0465333461761475,0.5
1153,4,73,6,1.5580753087997437,1.1373729705810547,1.5580753087997437,1.3830739259719849,0.027399126440286636,1.249252200126648,1.409142255783081,1.5438520908355713,0.0
1154,4,69,6,0.64707350730896,0.5550349950790405,0.6794793605804443,0.6385069489479065,0.0015282194362953305,0.6462453603744507,0.64707350730896,0.6540765762329102,0.5
1155,4,64,6,1.5146900415420532,0.9923370480537415,1.5146900415420532,1.271073341369629,0.04640667513012886,1.070502758026123,1.2827646732330322,1.4862924814224243,0.2
1156,4,75,6,1.4904489517211914,0.818635106086731,1.4904489517211914,1.166352391242981,0.07491353899240494,0.9357238411903381,1.1362261772155762,1.4448227882385254,0.3
1157,4,70,6,1.545020341873169,1.2709439992904663,1.545020341873169,1.3888615369796753,0.01313735544681549,1.293017029762268,1.3441359996795654,1.5007505416870117,0.0
1158,4,70,6,1.2743988037109375,1.1033236980438232,1.3289854526519775,1.2160218954086304,0.006527514196932316,1.155250072479248,1.2182176113128662,1.2743988037109375,0.2
1159,4,76,6,1.5102357864379883,1.072767734527588,1.5102357864379883,1.2917494773864746,0.028657948598265648,1.161433458328247,1.2650588750839233,1.4491279125213623,0.2
1160,4,73,6,1.4665727615356445,1.183781623840332,1.4665727615356445,1.3458095788955688,0.013474568724632263,1.2410545349121094,1.3816487789154053,1.445673942565918,0.0
1161,4,70,6,1.4587934017181396,1.2121328115463257,1.4587934017181396,1.3140945434570312,0.010744488798081875,1.2398746013641357,1.2595430612564087,1.4108132123947144,0.1
1162,4,75,6,1.499221920967102,0.9739253520965576,1.499221920967102,1.265416145324707,0.05285484343767166,1.0511388778686523,1.2948737144470215,1.493499517440796,0.3
1163,4,76,6,1.4660253524780273,0.9670969247817993,1.4660253524780273,1.2623497247695923,0.0484415739774704,1.0425249338150024,1.3490747213363647,1.464132308959961,0.2
1164,4,75,6,1.5928484201431274,0.9425114393234253,1.5928484201431274,1.2675690650939941,0.06410791724920273,1.0834769010543823,1.1981444358825684,1.520919680595398,0.3
1165,4,77,6,1.1543593406677246,1.0236707925796509,1.1991767883300781,1.1190578937530518,0.004511996638029814,1.0607088804244995,1.1535565853118896,1.1543593406677246,0.4
1166,4,75,6,1.522160530090332,1.1776154041290283,1.522160530090332,1.3309413194656372,0.021453846246004105,1.196913480758667,1.2882071733474731,1.4792832136154175,0.0
1167,4,79,6,1.344179630279541,1.2508618831634521,1.4102578163146973,1.3308473825454712,0.0025429483503103256,1.3015363216400146,1.344179630279541,1.3472576141357422,0.1
1168,4,60,6,1.4923644065856934,1.4765212535858154,1.5298360586166382,1.4937032461166382,0.00030486745527014136,1.4821679592132568,1.4923644065856934,1.4923644065856934,0.0
1169,4,54,6,1.4572004079818726,1.4572004079818726,1.5351197719573975,1.4921376705169678,0.00126035010907799,1.4572004079818726,1.485922932624817,1.5272560119628906,0.0
1170,4,70,6,1.3892974853515625,1.2703955173492432,1.3892974853515625,1.3295600414276123,0.002553272061049938,1.2838993072509766,1.3230249881744385,1.3813261985778809,0.0
1171,4,76,6,1.4920767545700073,1.32832932472229,1.4920767545700073,1.4388679265975952,0.003741948865354061,1.4046144485473633,1.4676399230957031,1.4873467683792114,0.0
1172,4,71,6,1.4407016038894653,1.126309871673584,1.4407016038894653,1.350918173789978,0.011666867882013321,1.3378212451934814,1.3851182460784912,1.4309337139129639,0.1
1173,4,75,6,1.5330660343170166,1.2612546682357788,1.5330660343170166,1.4513875246047974,0.008932409808039665,1.4269543886184692,1.4832243919372559,1.5253244638442993,0.1
1174,4,75,6,1.3126190900802612,1.1655488014221191,1.519252061843872,1.3448331356048584,0.011787174269557,1.3126190900802612,1.3245961666107178,1.400933027267456,0.0
1175,4,65,6,1.5183225870132446,1.0206685066223145,1.5183225870132446,1.32052481174469,0.033383969217538834,1.1965056657791138,1.3543246984481812,1.4872881174087524,0.2
1176,4,64,6,1.508814811706543,0.9462038278579712,1.508814811706543,1.25367271900177,0.05253980681300163,1.0444321632385254,1.299200177192688,1.4566309452056885,0.2
1177,4,73,6,1.581287145614624,0.9967767000198364,1.591602087020874,1.348352313041687,0.06076889485120773,1.1352994441986084,1.409714937210083,1.581287145614624,0.3
1178,4,61,6,1.395639181137085,1.395639181137085,1.475388526916504,1.433696985244751,0.0008584102033637464,1.406484842300415,1.4408116340637207,1.4510693550109863,0.0
1179,4,65,6,1.5033040046691895,1.026273488998413,1.5033040046691895,1.3159295320510864,0.030322730541229248,1.2018985748291016,1.3466756343841553,1.4759254455566406,0.2
1180,4,65,6,1.5933263301849365,1.430748701095581,1.5933263301849365,1.5089099407196045,0.004160801414400339,1.4556161165237427,1.4943393468856812,1.5720832347869873,0.0
1181,4,72,6,1.3022234439849854,1.1243621110916138,1.3022234439849854,1.2365572452545166,0.004075658041983843,1.204222321510315,1.2449147701263428,1.2954317331314087,0.3
1182,4,66,6,1.6608946323394775,1.4465501308441162,1.6608946323394775,1.548425555229187,0.007057582959532738,1.4881055355072021,1.5187143087387085,1.63051176071167,0.1
1183,4,65,6,1.5586817264556885,1.415008306503296,1.5586817264556885,1.4797109365463257,0.0035656020045280457,1.4254882335662842,1.4652247428894043,1.5377187728881836,0.2
1184,4,72,6,1.2627511024475098,1.1657404899597168,1.2627511024475098,1.2311720848083496,0.0013665144797414541,1.2082700729370117,1.2486273050308228,1.262008547782898,0.4
1185,4,72,6,1.6445670127868652,1.5003811120986938,1.6682045459747314,1.5959446430206299,0.0036405560094863176,1.5571188926696777,1.6036256551742554,1.6445670127868652,0.0
1186,4,68,6,1.6510882377624512,0.6156400442123413,1.7165381908416748,1.3150602579116821,0.16846272349357605,1.038147211074829,1.47940194606781,1.6510882377624512,0.2
1187,4,70,6,1.6872503757476807,1.0429368019104004,1.6872503757476807,1.3982529640197754,0.05640840157866478,1.2334322929382324,1.3917062282562256,1.6193592548370361,0.1
1188,4,70,6,0.9601535797119141,0.8934466242790222,1.1099629402160645,1.0011627674102783,0.0055302889086306095,0.9601535797119141,0.9811978340148926,1.061323881149292,0.5
1189,4,61,6,1.6076809167861938,1.510598063468933,1.6076809167861938,1.584411382675171,0.0011414706241339445,1.5890288352966309,1.5965721607208252,1.6055408716201782,0.0
1190,4,53,6,1.4174435138702393,0.8376455307006836,1.4174435138702393,1.2899699211120605,0.0426512211561203,1.3167946338653564,1.3869205713272095,1.40983247756958,0.1
1191,4,71,6,0.9736282825469971,0.45038455724716187,0.9736282825469971,0.8239883780479431,0.04052681848406792,0.7264119982719421,0.9461839199066162,0.9673421382904053,0.5
1192,4,73,6,1.5374870300292969,1.1242332458496094,1.5374870300292969,1.4026128053665161,0.019877400249242783,1.3737282752990723,1.4223463535308838,1.519392728805542,0.0
1193,4,73,6,1.480820894241333,1.2930244207382202,1.480820894241333,1.4131381511688232,0.0045790160074830055,1.3751416206359863,1.4328546524047852,1.470741629600525,0.0
1194,4,72,6,1.6170246601104736,1.2110671997070312,1.6170246601104736,1.4545750617980957,0.02553623914718628,1.3450045585632324,1.46962308883667,1.6098912954330444,0.0
1195,4,67,6,1.5870938301086426,1.170907735824585,1.5870938301086426,1.3975131511688232,0.025853939354419708,1.2637220621109009,1.4027714729309082,1.5538147687911987,0.0
1196,4,64,6,1.5995721817016602,0.9812519550323486,1.5995721817016602,1.2791149616241455,0.06425092369318008,1.0622749328613281,1.2209866046905518,1.5371379852294922,0.1
1197,4,68,6,1.4651762247085571,1.025733470916748,1.4651762247085571,1.25312340259552,0.028977131471037865,1.1145329475402832,1.2353886365890503,1.4209516048431396,0.2
1198,4,72,6,0.9479947090148926,0.9479947090148926,1.0998985767364502,1.0023998022079468,0.0030211571138352156,0.9553025960922241,0.9856970310211182,1.0338797569274902,0.5
1199,4,58,6,1.0067185163497925,1.0067185163497925,1.116160273551941,1.0555514097213745,0.0021861896384507418,1.009887456893921,1.0465097427368164,1.1014248132705688,0.3
1200,4,65,6,1.319204330444336,1.319204330444336,1.500915765762329,1.4284002780914307,0.006268343888223171,1.3511788845062256,1.4666380882263184,1.4948945045471191,0.0
1201,4,64,6,1.5202847719192505,1.0525448322296143,1.5202847719192505,1.2837833166122437,0.03724994137883186,1.1219282150268555,1.2443208694458008,1.4811534881591797,0.1
1202,4,63,6,1.761771559715271,1.2849647998809814,1.761771559715271,1.4986793994903564,0.03689137473702431,1.36344575881958,1.4117523431777954,1.6838067770004272,0.0
1203,4,67,6,1.7171276807785034,1.2105658054351807,1.7171276807785034,1.4853429794311523,0.03348870202898979,1.3820865154266357,1.4481542110443115,1.6580328941345215,0.0
1204,4,65,6,1.169494867324829,1.0563253164291382,1.169494867324829,1.1379481554031372,0.0015252428129315376,1.1338169574737549,1.1520856618881226,1.165498971939087,0.1
1205,4,69,6,1.7415399551391602,1.311664342880249,1.7415399551391602,1.5455825328826904,0.024352092295885086,1.4502713680267334,1.5242218971252441,1.6907246112823486,0.0
1206,4,65,6,1.4780139923095703,1.0544666051864624,1.4780139923095703,1.2434136867523193,0.029366159811615944,1.11702561378479,1.1705172061920166,1.4084581136703491,0.0
1207,4,77,6,1.6549041271209717,1.3585680723190308,1.7308698892593384,1.5681121349334717,0.017079077661037445,1.4712262153625488,1.6132960319519043,1.6549041271209717,0.0
1208,4,71,6,1.6797285079956055,1.2051957845687866,1.7604604959487915,1.5927562713623047,0.036810800433158875,1.5456218719482422,1.6797285079956055,1.7178107500076294,0.0
1209,4,77,6,1.7205214500427246,1.5139362812042236,1.7205214500427246,1.6547025442123413,0.005319480784237385,1.6262811422348022,1.6807446479797363,1.7132924795150757,0.0
1210,4,74,6,1.3324562311172485,1.200418472290039,1.3810429573059082,1.3181458711624146,0.0031111084390431643,1.3263070583343506,1.3324562311172485,1.3367972373962402,0.0
1211,4,76,6,1.7179229259490967,0.9252028465270996,1.7179229259490967,1.431555986404419,0.0794491171836853,1.3065776824951172,1.464693546295166,1.6883866786956787,0.1
1212,4,62,6,1.5343704223632812,1.3175808191299438,1.595482349395752,1.4810518026351929,0.009081042371690273,1.421994686126709,1.5235705375671387,1.5343704223632812,0.0
1213,4,77,6,1.0134482383728027,0.8529719114303589,1.0134482383728027,0.9487910866737366,0.004001406952738762,0.8958728313446045,0.9688823223114014,1.0049896240234375,0.5
1214,4,68,6,1.0170204639434814,0.7416669130325317,1.0170204639434814,0.9386625289916992,0.008964259177446365,0.9278833866119385,0.97100830078125,1.0060741901397705,0.4
1215,4,73,6,1.2522411346435547,0.7415531873703003,1.2522411346435547,1.0388460159301758,0.04185611382126808,0.8904188871383667,1.0484660863876343,1.2405762672424316,0.3
1216,4,67,6,1.536326289176941,1.0490672588348389,1.536326289176941,1.2965641021728516,0.0334598571062088,1.1753902435302734,1.2505781650543213,1.4695253372192383,0.0
1217,4,71,6,1.2954145669937134,0.7605552077293396,1.2954145669937134,1.0018621683120728,0.04537957161664963,0.8662168979644775,0.898415207862854,1.2017701864242554,0.4
1218,4,64,6,1.055679440498352,0.7893926501274109,1.0644497871398926,0.9768057465553284,0.010080037638545036,0.9267445802688599,1.0228198766708374,1.055679440498352,0.3
1219,4,62,6,1.5059678554534912,0.8113731741905212,1.5059678554534912,1.1883840560913086,0.08426044881343842,0.9006454944610596,1.2470786571502686,1.461998462677002,0.2
1220,4,64,6,1.0172126293182373,0.6003702282905579,1.0172126293182373,0.8206327557563782,0.035774875432252884,0.6365317106246948,0.8326139450073242,1.010514497756958,0.3
1221,4,67,6,1.0516337156295776,0.6741428375244141,1.0516337156295776,0.843328595161438,0.0293633583933115,0.6771132946014404,0.8035942316055298,1.019938588142395,0.3
1222,4,64,6,0.9995033144950867,0.914798378944397,0.9995033144950867,0.9656389355659485,0.001047604251652956,0.9421205520629883,0.9708279371261597,0.9967004060745239,0.2
1223,4,73,6,1.6822614669799805,0.7928531169891357,1.6822614669799805,1.2777568101882935,0.13308961689472198,0.9412838220596313,1.3129688501358032,1.639317274093628,0.2
1224,4,66,6,1.769417643547058,0.9696834087371826,1.769417643547058,1.3289313316345215,0.11417575180530548,1.0377134084701538,1.215660810470581,1.6724909543991089,0.0
1225,4,65,6,1.7489027976989746,1.439219355583191,1.7882306575775146,1.6640739440917969,0.016927994787693024,1.581086277961731,1.7377558946609497,1.7489027976989746,0.0
1226,4,71,6,1.4152185916900635,0.8421162366867065,1.4152185916900635,1.1524431705474854,0.04176049679517746,1.0696122646331787,1.0863230228424072,1.3370578289031982,0.1
1227,4,72,6,1.5381097793579102,1.1008434295654297,1.6026856899261475,1.415794014930725,0.03056974522769451,1.3178541660308838,1.4874622821807861,1.5381097793579102,0.0
1228,4,74,6,1.4116535186767578,0.4286583960056305,1.4116535186767578,1.0322508811950684,0.13999861478805542,0.758219838142395,1.152872085571289,1.3538029193878174,0.2
1229,4,59,6,1.3835939168930054,1.3115941286087036,1.475048303604126,1.3904472589492798,0.0022892439737915993,1.3835939168930054,1.3835939168930054,1.3998432159423828,0.0
1230,4,65,6,0.7250769138336182,0.272121787071228,0.7250769138336182,0.5553892850875854,0.04091387987136841,0.3633248805999756,0.668492317199707,0.7195355892181396,0.5
1231,4,64,6,1.2831196784973145,1.2527880668640137,1.3028392791748047,1.2796300649642944,0.0002371629379922524,1.2731115818023682,1.2831196784973145,1.2853833436965942,0.4
1232,4,67,6,0.2814026176929474,0.1838274896144867,0.7119259834289551,0.4672330617904663,0.04898492991924286,0.2814026176929474,0.4694352149963379,0.67989581823349,0.5
1233,4,73,6,0.979257345199585,0.6572803258895874,0.979257345199585,0.8295125365257263,0.02065899409353733,0.6869051456451416,0.845542848110199,0.972955048084259,0.4
1234,4,75,6,1.401913046836853,1.2912428379058838,1.4881391525268555,1.3786944150924683,0.004607238806784153,1.3205054998397827,1.3971699476242065,1.401913046836853,0.0
1235,4,78,6,1.4886431694030762,1.3651857376098633,1.4886431694030762,1.4221975803375244,0.0023344175424426794,1.3955070972442627,1.3978432416915894,1.4661670923233032,0.0
1236,4,72,6,1.4120351076126099,1.4120351076126099,1.5884928703308105,1.4867304563522339,0.0040976740419864655,1.426504373550415,1.4849979877471924,1.5283886194229126,0.0
1237,4,70,6,1.7168760299682617,1.3216617107391357,1.7168760299682617,1.4979283809661865,0.02576710842549801,1.3763923645019531,1.431457757949829,1.6539242267608643,0.0
1238,4,70,6,1.6848623752593994,0.3555600941181183,1.6848623752593994,1.3427231311798096,0.23334169387817383,1.2341971397399902,1.6069450378417969,1.6707950830459595,0.1
1239,4,58,6,0.9211891889572144,0.6652470827102661,0.941337525844574,0.8504791259765625,0.012603683397173882,0.7719440460205078,0.9211891889572144,0.9290844798088074,0.5
1240,4,68,6,1.530519962310791,1.246060848236084,1.530519962310791,1.451587200164795,0.009360294789075851,1.4538949728012085,1.476050853729248,1.5197606086730957,0.0
1241,4,64,6,1.1922073364257812,0.5045781135559082,1.1922073364257812,0.7997095584869385,0.08243465423583984,0.5754979848861694,0.6690152287483215,1.0815907716751099,0.4
1242,4,62,6,1.1666738986968994,1.1666738986968994,1.2799174785614014,1.2101967334747314,0.0018816065276041627,1.168723702430725,1.204795002937317,1.2374228239059448,0.0
1243,4,63,6,1.0953190326690674,1.0778872966766357,1.1964459419250488,1.1185704469680786,0.002001803833991289,1.0864064693450928,1.0953190326690674,1.1460916996002197,0.2
1244,4,63,6,1.747800588607788,1.6966174840927124,1.747800588607788,1.7224175930023193,0.0003719456435646862,1.7095879316329956,1.7173227071762085,1.7406549453735352,0.0
1245,4,65,6,0.5519214868545532,0.4851117432117462,0.6673784255981445,0.556148886680603,0.003656564513221383,0.5097261071205139,0.5519214868545532,0.5766546726226807,0.5
1246,4,68,6,1.6915420293807983,0.25446873903274536,1.6915420293807983,1.0896923542022705,0.3455606698989868,0.5781973600387573,1.2048187255859375,1.661091685295105,0.3
1247,4,67,6,1.4497880935668945,1.0081493854522705,1.4501832723617554,1.3425756692886353,0.027297964319586754,1.3022677898406982,1.4457852840423584,1.4497880935668945,0.1
1248,4,69,6,1.621544361114502,1.440706491470337,1.621544361114502,1.5386831760406494,0.0043241111561656,1.500469446182251,1.525172233581543,1.601744294166565,0.0
1249,4,53,6,1.5900812149047852,1.5312926769256592,1.6780372858047485,1.6085275411605835,0.0023304237984120846,1.5900812149047852,1.5967211723327637,1.6445742845535278,0.0
1250,4,57,6,0.7857946157455444,0.6287453174591064,0.8568009734153748,0.7917609214782715,0.0061695026233792305,0.7857946157455444,0.8126909732818604,0.8502789735794067,0.5
1251,4,68,6,1.706674575805664,0.2650662064552307,1.706674575805664,1.0960718393325806,0.3469001054763794,0.5877974033355713,1.1930630207061768,1.6726570129394531,0.3
1252,4,68,6,1.5835490226745605,0.5435810685157776,1.5835490226745605,1.107418417930603,0.2055094838142395,0.6605187058448792,1.1703472137451172,1.5571694374084473,0.3
1253,4,70,6,1.7622032165527344,1.0498580932617188,1.7622032165527344,1.4810532331466675,0.07942306250333786,1.2461148500442505,1.5689477920532227,1.740631103515625,0.0
1254,4,67,6,1.5857019424438477,0.5576649904251099,1.5857019424438477,1.0907996892929077,0.15697909891605377,0.7717660665512085,1.0648823976516724,1.4644250869750977,0.4
1255,4,70,6,1.4894745349884033,1.4894745349884033,1.6329543590545654,1.5483944416046143,0.0030388785526156425,1.4948077201843262,1.542122483253479,1.5890231132507324,0.0
1256,4,61,6,1.2903238534927368,1.0700936317443848,1.3389121294021606,1.2306342124938965,0.009746878407895565,1.158987283706665,1.2817882299423218,1.2903238534927368,0.3
1257,4,73,6,1.4944779872894287,1.2416801452636719,1.496088981628418,1.3818432092666626,0.013068128377199173,1.2745254039764404,1.39596426486969,1.4944779872894287,0.1
1258,4,71,6,1.6932754516601562,1.4644100666046143,1.6932754516601562,1.6131203174591064,0.006824449170380831,1.5718684196472168,1.631434440612793,1.6874741315841675,0.0
1259,4,72,6,1.527284860610962,1.5001343488693237,1.5464508533477783,1.530997633934021,0.00024697367916814983,1.527284860610962,1.5343270301818848,1.5429388284683228,0.0
1260,4,69,6,1.4980435371398926,1.4405806064605713,1.5599241256713867,1.4882080554962158,0.0015815346268936992,1.4555654525756836,1.4929488897323608,1.4980435371398926,0.0
1261,4,78,6,1.601306438446045,1.3954052925109863,1.601306438446045,1.5056878328323364,0.006292771082371473,1.4405797719955444,1.5043468475341797,1.583134651184082,0.0
1262,4,73,6,1.5631977319717407,1.4451154470443726,1.5631977319717407,1.4891188144683838,0.002786537166684866,1.4473751783370972,1.4587881565093994,1.5386362075805664,0.0
1263,4,69,6,1.5884621143341064,1.0904234647750854,1.5884621143341064,1.418729543685913,0.03268280252814293,1.3223505020141602,1.4858534336090088,1.5669145584106445,0.2
1264,4,76,6,1.821241855621338,1.2217563390731812,1.821241855621338,1.5248808860778809,0.059390272945165634,1.301398515701294,1.5090391635894775,1.7692774534225464,0.0
1265,4,69,6,1.6893553733825684,1.2924466133117676,1.6893553733825684,1.5021827220916748,0.026834934949874878,1.3650929927825928,1.489815592765808,1.6685619354248047,0.0
1266,4,77,6,1.551897644996643,1.3397784233093262,1.624440312385559,1.5331430435180664,0.00909771304577589,1.520709753036499,1.551897644996643,1.60337233543396,0.0
1267,4,74,6,1.5823726654052734,1.1475101709365845,1.5823726654052734,1.4696643352508545,0.02686869166791439,1.4138717651367188,1.5712438821792603,1.5809617042541504,0.0
1268,4,67,6,1.5605556964874268,1.5605556964874268,1.6180397272109985,1.5879230499267578,0.000434679735917598,1.569234848022461,1.5958998203277588,1.5965723991394043,0.0
1269,4,75,6,1.2943713665008545,0.9114049673080444,1.2943713665008545,1.1260420083999634,0.01973320171236992,1.0329618453979492,1.1180179119110107,1.2618769407272339,0.4
1270,4,73,6,1.703773856163025,0.9843469262123108,1.7098650932312012,1.5140891075134277,0.07278521358966827,1.41658353805542,1.67238450050354,1.703773856163025,0.0
1271,4,74,6,1.4654712677001953,1.3412714004516602,1.4654712677001953,1.4269516468048096,0.0017893528565764427,1.4200068712234497,1.4357192516326904,1.4604995250701904,0.0
1272,4,66,6,1.6945374011993408,1.6121957302093506,1.7087464332580566,1.6814595460891724,0.001006978563964367,1.6873513460159302,1.6939725875854492,1.6945374011993408,0.0
1273,4,73,6,1.4075578451156616,1.304516315460205,1.537305474281311,1.4319860935211182,0.005511007737368345,1.4075578451156616,1.4216694831848145,1.4833438396453857,0.0
1274,4,75,6,1.6354568004608154,0.9690148234367371,1.6354568004608154,1.338437557220459,0.08297842741012573,1.0723645687103271,1.372492790222168,1.6247578859329224,0.3
1275,4,61,6,1.0245285034179688,0.9077366590499878,1.1592321395874023,1.0403554439544678,0.007148829288780689,1.0013467073440552,1.0245285034179688,1.1054978370666504,0.5
1276,4,71,6,1.6042180061340332,1.1059459447860718,1.66141939163208,1.4580596685409546,0.03889913484454155,1.3429396152496338,1.5385867357254028,1.6042180061340332,0.1
1277,4,63,6,0.994114875793457,0.994114875793457,1.3142949342727661,1.1344596147537231,0.012556101195514202,1.034837007522583,1.1634345054626465,1.1754891872406006,0.4
1278,4,67,6,1.187903881072998,1.114739179611206,1.2685227394104004,1.1940090656280518,0.0031336816027760506,1.1552820205688477,1.187903881072998,1.2424087524414062,0.3
1279,4,59,6,1.533869981765747,1.2995226383209229,1.533869981765747,1.4616752862930298,0.006531721446663141,1.4414794445037842,1.4855331182479858,1.525481939315796,0.1
1280,4,72,6,1.6155940294265747,1.489205241203308,1.6503636837005615,1.6060726642608643,0.002947611967101693,1.6155940294265747,1.6167023181915283,1.640354037284851,0.0
1281,4,71,6,0.9187557101249695,0.9187557101249695,1.1979875564575195,1.064058542251587,0.012900037690997124,0.950129508972168,1.0856671333312988,1.1649090051651,0.5
1282,4,55,6,1.520236849784851,1.4883886575698853,1.5578163862228394,1.517113447189331,0.0005563574377447367,1.4973254203796387,1.520236849784851,1.5247946977615356,0.0
1283,4,61,6,1.1668081283569336,1.162903070449829,1.2913532257080078,1.2142963409423828,0.0030225389637053013,1.1668081283569336,1.1897014379501343,1.2671318054199219,0.2
1284,4,70,6,0.8750597238540649,0.8026871681213379,1.0390918254852295,0.9129317998886108,0.007314338814467192,0.8698813915252686,0.8750597238540649,0.9819177389144897,0.5
1285,4,62,6,0.8808223605155945,0.8808223605155945,1.0535838603973389,0.9599984288215637,0.004483635071665049,0.8952713012695312,0.9574375152587891,1.0164794921875,0.5
1286,4,66,6,1.014411211013794,0.9513502717018127,1.1695122718811035,1.0608906745910645,0.005724765360355377,1.014411211013794,1.0460220575332642,1.1229276657104492,0.5
1287,4,60,6,1.1081936359405518,1.1081936359405518,1.253078579902649,1.171919345855713,0.0029387616086751223,1.1221117973327637,1.1683346033096313,1.2122366428375244,0.5
1288,4,73,6,1.4635181427001953,0.9942077994346619,1.4635181427001953,1.2873536348342896,0.031343013048172,1.1788606643676758,1.3164687156677246,1.4544677734375,0.2
1289,4,66,6,1.719756841659546,1.5217370986938477,1.719756841659546,1.6382516622543335,0.00498450780287385,1.5968846082687378,1.6404953002929688,1.703632116317749,0.0
1290,4,59,6,0.9033643007278442,0.9033643007278442,1.139111042022705,0.9909615516662598,0.0064146495424211025,0.9212967753410339,0.9921528697013855,1.0140208005905151,0.5
1291,4,72,6,0.9286596775054932,0.9286596775054932,1.0519075393676758,0.9889631867408752,0.002702628029510379,0.9373138546943665,0.9866654276847839,1.0409297943115234,0.5
1292,4,66,6,1.3869062662124634,1.1552155017852783,1.3869062662124634,1.2740241289138794,0.008590424433350563,1.1897032260894775,1.273512601852417,1.3633012771606445,0.3
1293,4,66,6,1.1820480823516846,1.1621272563934326,1.275137186050415,1.20265793800354,0.0013096776092424989,1.1820480823516846,1.1917216777801514,1.2102426290512085,0.5
1294,4,57,6,1.3519008159637451,1.3519008159637451,1.4329577684402466,1.386178970336914,0.001080838730558753,1.3563284873962402,1.376658320426941,1.4161747694015503,0.2
1295,4,73,6,1.248659372329712,0.937270998954773,1.270911693572998,1.141545295715332,0.016326287761330605,1.042640209197998,1.1895172595977783,1.248659372329712,0.2
1296,4,73,6,1.2202470302581787,0.4824085235595703,1.2202470302581787,0.8821473717689514,0.07166045904159546,0.721621036529541,0.8397179841995239,1.131332516670227,0.4
1297,4,74,6,1.5093984603881836,1.304889440536499,1.5093984603881836,1.4007172584533691,0.008845554664731026,1.3081245422363281,1.387017846107483,1.4973692893981934,0.0
1298,4,70,6,1.2716110944747925,0.8329458236694336,1.2716110944747925,1.034592628479004,0.031241141259670258,0.8906759023666382,0.982382595539093,1.2041903734207153,0.4
1299,4,55,6,0.8063618540763855,0.8050817251205444,0.8954614400863647,0.8325233459472656,0.0011621328303590417,0.8063618540763855,0.8139787316322327,0.8506069779396057,0.5
1300,4,57,6,0.7500467300415039,0.7366337180137634,0.8185458183288574,0.7685976028442383,0.0008783697267062962,0.7500467300415039,0.7535974383354187,0.7886605262756348,0.5
1301,4,73,6,1.3175303936004639,1.1311683654785156,1.3175303936004639,1.2673276662826538,0.004105655010789633,1.266747236251831,1.2868895530700684,1.3128137588500977,0.1
1302,4,73,6,1.2808239459991455,1.0706589221954346,1.2808239459991455,1.21900475025177,0.004982104990631342,1.2246202230453491,1.2285795211791992,1.268709421157837,0.1
1303,4,78,6,1.4422588348388672,1.0922234058380127,1.4422588348388672,1.2433576583862305,0.020752770826220512,1.1366302967071533,1.1766963005065918,1.380921483039856,0.0
1304,4,69,6,1.1330525875091553,0.8586798906326294,1.157341718673706,1.0635862350463867,0.01064542680978775,1.0301413536071777,1.1109275817871094,1.1330525875091553,0.2
1305,4,70,6,1.343428373336792,1.0203816890716553,1.343428373336792,1.1630134582519531,0.01799512654542923,1.0462150573730469,1.1216986179351807,1.2927894592285156,0.4
1306,4,71,6,1.3398351669311523,0.9745489954948425,1.3398351669311523,1.1408922672271729,0.022298889234662056,1.0122051239013672,1.1004153490066528,1.285606861114502,0.4
1307,4,71,6,1.2657318115234375,0.9072500467300415,1.2657318115234375,1.0584322214126587,0.022963253781199455,0.929890513420105,1.0014046430587769,1.2019132375717163,0.4
1308,4,75,6,1.4273030757904053,0.537967324256897,1.4273030757904053,1.0954252481460571,0.1328514963388443,0.7860971689224243,1.246098518371582,1.4232652187347412,0.3
1309,4,72,6,1.4907084703445435,0.5783568024635315,1.4907084703445435,1.1252588033676147,0.13605166971683502,0.8018988370895386,1.2432785034179688,1.4666882753372192,0.3
1310,4,74,6,1.7460700273513794,1.6840856075286865,1.7662978172302246,1.7410067319869995,0.0006937103462405503,1.7460700273513794,1.748782753944397,1.7518898248672485,0.0
1311,4,71,6,1.3945444822311401,1.1729919910430908,1.3945444822311401,1.2883718013763428,0.008001788519322872,1.2053812742233276,1.2902748584747314,1.3763644695281982,0.2
1312,4,71,6,1.3845148086547852,1.185133695602417,1.406867265701294,1.3232933282852173,0.0070586008951067924,1.260903239250183,1.3654013872146606,1.3845148086547852,0.2
1313,4,70,6,1.8325073719024658,1.446418285369873,1.8344385623931885,1.733142375946045,0.02145981788635254,1.681142807006836,1.8248481750488281,1.8325073719024658,0.0
1314,4,74,6,1.5186951160430908,1.1032638549804688,1.5186951160430908,1.3392002582550049,0.02953549660742283,1.175392508506775,1.3833224773406982,1.5012166500091553,0.2
1315,4,61,6,1.6302080154418945,1.2335522174835205,1.6302080154418945,1.4278074502944946,0.032409053295850754,1.253819227218628,1.411478042602539,1.612016201019287,0.3
1316,4,76,6,1.7755483388900757,1.350426435470581,1.7755483388900757,1.5256627798080444,0.03279475122690201,1.3761792182922363,1.4489613771438599,1.6958611011505127,0.0
1317,4,72,6,1.5787451267242432,1.4696540832519531,1.6697807312011719,1.593653678894043,0.004118548706173897,1.5787451267242432,1.6025054454803467,1.6356148719787598,0.0
1318,4,75,6,1.4352591037750244,1.1090458631515503,1.4449677467346191,1.369070291519165,0.014311562292277813,1.3776415586471558,1.432405710220337,1.4352591037750244,0.1
1319,4,69,6,1.4444876909255981,1.1318817138671875,1.4444876909255981,1.3651697635650635,0.01204494945704937,1.358875036239624,1.4134666919708252,1.438645362854004,0.1
1320,4,75,6,1.4643728733062744,1.4643728733062744,1.6069555282592773,1.518224835395813,0.002782712457701564,1.470738410949707,1.5041688680648804,1.5536081790924072,0.0
1321,4,76,6,1.7789101600646973,1.638663411140442,1.7789101600646973,1.715549111366272,0.0032796598970890045,1.6664890050888062,1.717296838760376,1.7730050086975098,0.0
1322,4,62,6,1.5633955001831055,1.2476770877838135,1.5633955001831055,1.3875541687011719,0.016616197302937508,1.2862019538879395,1.3376119136810303,1.5118756294250488,0.0
1323,4,61,6,1.614819049835205,1.2401354312896729,1.614819049835205,1.4255449771881104,0.028071416541934013,1.2607473134994507,1.4163122177124023,1.5966770648956299,0.2
1324,4,69,6,1.1919234991073608,1.1067132949829102,1.3879218101501465,1.2360583543777466,0.00866314023733139,1.1919234991073608,1.2027502059936523,1.2966125011444092,0.3
1325,4,76,6,1.383195161819458,1.0945104360580444,1.4164659976959229,1.3145207166671753,0.013156063854694366,1.268614649772644,1.3803012371063232,1.383195161819458,0.1
1326,4,75,6,1.1557762622833252,0.9498649835586548,1.1557762622833252,1.1122710704803467,0.0054784538224339485,1.1226294040679932,1.1490446329116821,1.1543149948120117,0.3
1327,4,75,6,1.335681676864624,1.0859730243682861,1.335681676864624,1.1994376182556152,0.012227801606059074,1.0955537557601929,1.1723637580871582,1.3133106231689453,0.3
1328,4,77,6,1.441686987876892,1.0782523155212402,1.441686987876892,1.2551014423370361,0.022312376648187637,1.1199012994766235,1.2316534519195557,1.406447172164917,0.3
1329,4,77,6,1.1126803159713745,0.8318983316421509,1.1126803159713745,0.9743363261222839,0.013457299210131168,0.8612820506095886,0.9766150712966919,1.0881824493408203,0.4
1330,4,75,6,1.3634936809539795,1.0702128410339355,1.3634936809539795,1.2727115154266357,0.010924451984465122,1.2382723093032837,1.3032515048980713,1.3603980541229248,0.1
1331,4,76,6,1.292198657989502,1.070300817489624,1.29871666431427,1.2229323387145996,0.007964990101754665,1.161981225013733,1.2722524404525757,1.292198657989502,0.2
1332,4,73,6,1.5086288452148438,1.103438138961792,1.578698754310608,1.4123073816299438,0.026803426444530487,1.3398957252502441,1.495255947113037,1.5086288452148438,0.1
1333,4,69,6,1.4313431978225708,1.1608233451843262,1.5214163064956665,1.3902450799942017,0.01585136540234089,1.3283077478408813,1.4313431978225708,1.4847722053527832,0.1
1334,4,75,6,1.357773780822754,1.0830210447311401,1.357773780822754,1.2831048965454102,0.009115990251302719,1.2787048816680908,1.3108229637145996,1.3538482189178467,0.1
1335,4,71,6,1.6493507623672485,1.2698256969451904,1.6493507623672485,1.462252140045166,0.020565995946526527,1.3637425899505615,1.4260319471359253,1.600977897644043,0.2
1336,4,69,6,0.8937773704528809,0.8937773704528809,0.9330154061317444,0.9094601273536682,0.0002480418188497424,0.8944151401519775,0.9056353569030762,0.9224255084991455,0.5
1337,4,64,6,1.624272108078003,1.4458816051483154,1.624272108078003,1.5206955671310425,0.005521730519831181,1.4688528776168823,1.4813207387924194,1.5903412103652954,0.0
1338,4,72,6,1.594830870628357,1.4718477725982666,1.6074929237365723,1.5474680662155151,0.003171812742948532,1.4917312860488892,1.5675387382507324,1.594830870628357,0.0
1339,4,67,6,1.3831123113632202,0.6266897320747375,1.5057117938995361,1.2149062156677246,0.08159095048904419,1.1811225414276123,1.3035420179367065,1.3831123113632202,0.1
1340,4,72,6,1.6999017000198364,1.2248542308807373,1.6999017000198364,1.5388612747192383,0.03381093591451645,1.4135477542877197,1.6275901794433594,1.6901707649230957,0.1
1341,4,69,6,1.3706296682357788,1.1707463264465332,1.4999483823776245,1.3056939840316772,0.013793478719890118,1.2032967805862427,1.298675298690796,1.3706296682357788,0.0
1342,4,60,6,1.4952383041381836,1.3044215440750122,1.562208890914917,1.4513441324234009,0.01121053472161293,1.3538696765899658,1.4952383041381836,1.5319676399230957,0.1
1343,4,72,6,1.551395297050476,1.487142562866211,1.551395297050476,1.5276727676391602,0.0005305114318616688,1.5151019096374512,1.5318810939788818,1.5486407279968262,0.0
1344,4,71,6,1.7318532466888428,1.1176801919937134,1.744614601135254,1.555763602256775,0.05257798731327057,1.4535802602767944,1.6687817573547363,1.7318532466888428,0.1
1345,4,67,6,1.5068110227584839,1.4289908409118652,1.5271785259246826,1.4744150638580322,0.0016132695600390434,1.4342899322509766,1.476639986038208,1.5068110227584839,0.0
1346,4,77,6,1.516942024230957,0.9831532835960388,1.516942024230957,1.2551920413970947,0.04666008800268173,1.0760782957077026,1.2221603393554688,1.4750540256500244,0.2
1347,4,72,6,1.3054912090301514,0.7252455949783325,1.3054912090301514,1.0031181573867798,0.04979189112782478,0.869399905204773,0.9077019095420837,1.2138772010803223,0.4
1348,4,67,6,1.461071252822876,0.7273038625717163,1.461071252822876,1.00692880153656,0.1045357882976532,0.7607907056808472,0.8215838074684143,1.3075239658355713,0.4
1349,4,67,6,1.2588257789611816,0.6034234762191772,1.2588257789611816,0.907450258731842,0.0667494684457779,0.735562264919281,0.7951493263244629,1.156127691268921,0.4
1350,4,69,6,1.5462113618850708,1.4748727083206177,1.6017391681671143,1.5546022653579712,0.0017064160201698542,1.5462113618850708,1.5566260814666748,1.585413932800293,0.0
1351,4,72,6,1.275969386100769,0.8684749007225037,1.275969386100769,1.0532317161560059,0.027151798829436302,0.9216091632843018,0.997442901134491,1.2121574878692627,0.3
1352,4,67,6,1.2996097803115845,0.6188162565231323,1.2996097803115845,0.8930522203445435,0.08480286598205566,0.6786468625068665,0.7321592569351196,1.1691093444824219,0.4
1353,4,67,6,1.252424716949463,0.7224284410476685,1.252424716949463,1.0121352672576904,0.03587288782000542,0.9192008972167969,0.9658126831054688,1.1884551048278809,0.4
1354,4,67,6,1.2924952507019043,0.6309177875518799,1.2924952507019043,0.8934332728385925,0.08151774853467941,0.6800024509429932,0.7340109348297119,1.1638766527175903,0.4
1355,4,75,6,1.4891679286956787,1.47990083694458,1.6188850402832031,1.5389243364334106,0.003194851102307439,1.4891679286956787,1.5211741924285889,1.5907279253005981,0.0
1356,4,72,6,1.7248338460922241,1.463179111480713,1.7248338460922241,1.5638642311096191,0.0132296746596694,1.4722009897232056,1.5029871463775635,1.6711914539337158,0.0
1357,4,76,6,1.6627967357635498,1.5496876239776611,1.701264500617981,1.6323506832122803,0.0026812672149389982,1.5949040651321411,1.6496630907058716,1.6627967357635498,0.0
1358,4,69,6,1.784285545349121,1.3347231149673462,1.784285545349121,1.6273878812789917,0.02707435004413128,1.5322508811950684,1.6794803142547607,1.7722578048706055,0.0
1359,4,66,6,1.6940257549285889,1.1719143390655518,1.6940257549285889,1.452568769454956,0.051046404987573624,1.22957444190979,1.480299472808838,1.6772301197052002,0.0
1360,4,69,6,1.621683120727539,0.5369335412979126,1.621683120727539,1.2395507097244263,0.1624695509672165,0.9864808320999146,1.3917163610458374,1.5808185338974,0.2
1361,4,72,6,1.5305191278457642,1.5305191278457642,1.6648669242858887,1.593483328819275,0.0029758780729025602,1.5426230430603027,1.586778998374939,1.6447336673736572,0.0
1362,4,59,6,1.2371430397033691,1.2371430397033691,1.3747855424880981,1.2943313121795654,0.0031133799348026514,1.2401567697525024,1.2835874557495117,1.3418002128601074,0.1
1363,4,73,6,1.578311800956726,1.4115936756134033,1.641144037246704,1.569975733757019,0.005473386030644178,1.578311800956726,1.5889620780944824,1.6080634593963623,0.0
1364,4,72,6,1.6585237979888916,1.3161499500274658,1.6585237979888916,1.5411770343780518,0.013868224807083607,1.5038789510726929,1.5580285787582397,1.6423840522766113,0.0
1365,4,65,6,1.5958900451660156,1.4508463144302368,1.5958900451660156,1.547795057296753,0.0026988342870026827,1.5239671468734741,1.5670380592346191,1.5890204906463623,0.0
1366,4,64,6,1.6093525886535645,1.6093525886535645,1.6656689643859863,1.6316105127334595,0.00045709387632086873,1.6126230955123901,1.6256577968597412,1.6477004289627075,0.0
1367,4,67,6,1.5641708374023438,1.3207006454467773,1.5641708374023438,1.4329172372817993,0.01053804624825716,1.3364598751068115,1.411149024963379,1.5368647575378418,0.0
1368,4,76,6,1.5157358646392822,1.4279507398605347,1.5287606716156006,1.4944976568222046,0.0011439365334808826,1.4832055568695068,1.5087645053863525,1.5157358646392822,0.0
1369,4,72,6,1.5112175941467285,1.4828262329101562,1.564218521118164,1.5142714977264404,0.0006007584161125124,1.5061780214309692,1.5112175941467285,1.5115423202514648,0.0
1370,4,70,6,1.6676576137542725,1.226602554321289,1.6676576137542725,1.4100186824798584,0.03678804263472557,1.237640142440796,1.334503412246704,1.6022454500198364,0.0
1371,4,67,6,1.47904372215271,1.3005461692810059,1.47904372215271,1.4159272909164429,0.0055125863291323185,1.3537558317184448,1.454263687133789,1.4789607524871826,0.0
1372,4,73,6,1.3828380107879639,1.1196949481964111,1.3828380107879639,1.245010495185852,0.010783826932311058,1.168285846710205,1.209587574005127,1.3477740287780762,0.3
1373,4,69,6,1.331845760345459,1.120057225227356,1.331845760345459,1.227115511894226,0.006167724262923002,1.1872831583023071,1.1972028017044067,1.298606514930725,0.1
1374,4,66,6,1.7425390481948853,1.6475048065185547,1.7425390481948853,1.707000970840454,0.0012535385321825743,1.6847425699234009,1.714168906211853,1.7400602102279663,0.0
1375,4,75,6,1.3584550619125366,0.8161958456039429,1.3584550619125366,1.1101231575012207,0.04871543124318123,0.9177435636520386,1.1150718927383423,1.3317502737045288,0.3
1376,4,73,6,1.4487487077713013,1.4132329225540161,1.4834010601043701,1.4408341646194458,0.000569486350286752,1.419917345046997,1.4426121711730957,1.4487487077713013,0.0
1377,4,75,6,1.314164161682129,1.041658639907837,1.314164161682129,1.1978249549865723,0.008956125006079674,1.1631569862365723,1.1780223846435547,1.2821660041809082,0.2
1378,4,76,6,1.6499855518341064,1.033337116241455,1.6499855518341064,1.4189424514770508,0.05919270217418671,1.2330619096755981,1.5210744142532349,1.6186127662658691,0.2
1379,4,72,6,1.1762125492095947,0.9577518701553345,1.1762125492095947,1.0872069597244263,0.007369605824351311,1.0226964950561523,1.098440170288086,1.170821189880371,0.4
1380,4,76,6,1.2696399688720703,0.7911503314971924,1.2696399688720703,1.0005747079849243,0.0377330482006073,0.8715131282806396,0.9021621942520142,1.1833182573318481,0.4
1381,4,70,6,1.3752033710479736,1.190328598022461,1.3922522068023682,1.2998859882354736,0.0071803913451731205,1.2162120342254639,1.3211357593536377,1.3752033710479736,0.3
1382,4,70,6,1.3921661376953125,1.223984718322754,1.4191738367080688,1.3746393918991089,0.004658602178096771,1.3921661376953125,1.3971099853515625,1.4142323732376099,0.0
1383,4,68,6,1.1559385061264038,0.9569655060768127,1.1559385061264038,1.0977133512496948,0.005506164859980345,1.0653520822525024,1.1380858421325684,1.1515939235687256,0.5
1384,4,73,6,1.4019259214401245,1.0348893404006958,1.4019259214401245,1.2945795059204102,0.01777110993862152,1.2424602508544922,1.3569095134735107,1.3986268043518066,0.1
1385,4,77,6,1.5536359548568726,1.278425693511963,1.6720590591430664,1.5116394758224487,0.0170430988073349,1.4457179307937622,1.5536359548568726,1.5901600122451782,0.0
1386,4,62,6,0.8967912793159485,0.692907452583313,1.0550990104675293,0.9240992665290833,0.014080064371228218,0.8967912793159485,0.9421155452728271,1.0085351467132568,0.4
1387,4,73,6,1.615613341331482,0.7486961483955383,1.615613341331482,1.183972716331482,0.11786234378814697,0.9132192730903625,1.110525369644165,1.530900478363037,0.3
1388,4,72,6,1.1905863285064697,0.9644834399223328,1.2483856678009033,1.1439051628112793,0.011318845674395561,1.0731502771377563,1.1905863285064697,1.2241847515106201,0.2
1389,4,62,6,0.8268630504608154,0.6855005025863647,0.9704197645187378,0.8619492650032043,0.009357733651995659,0.8268630504608154,0.8664864301681519,0.9434820413589478,0.5
1390,4,76,6,1.6557936668395996,1.1100866794586182,1.6557936668395996,1.368454933166504,0.044206537306308746,1.2618697881698608,1.2636098861694336,1.5581573247909546,0.1
1391,4,69,6,1.0099878311157227,0.930354118347168,1.0113393068313599,0.9738284945487976,0.0013569951988756657,0.9387671947479248,0.9772030115127563,1.0099878311157227,0.5
1392,4,74,6,1.1804287433624268,1.1751148700714111,1.2788292169570923,1.206618070602417,0.0012786383740603924,1.1804287433624268,1.1946712732315063,1.2142235040664673,0.0
1393,4,69,6,1.0353374481201172,0.9429788589477539,1.0353374481201172,0.990719735622406,0.0013997901696711779,0.9595332145690918,0.9862040281295776,1.0287643671035767,0.5
1394,4,68,6,1.068713903427124,0.7298824787139893,1.1077029705047607,0.9749992489814758,0.018240954726934433,0.8997839689254761,1.0408096313476562,1.068713903427124,0.2
1395,4,75,6,1.4340977668762207,1.374234914779663,1.4340977668762207,1.4156453609466553,0.0005511425551958382,1.4012610912322998,1.4293291568756104,1.4335641860961914,0.0
1396,4,73,6,1.5344499349594116,1.1152441501617432,1.5344499349594116,1.3447906970977783,0.0287298783659935,1.1865640878677368,1.3732069730758667,1.504516363143921,0.2
1397,4,71,6,1.6453781127929688,1.426892876625061,1.6453781127929688,1.5463850498199463,0.0063538881950080395,1.4949753284454346,1.538602590560913,1.6209518909454346,0.0
1398,4,72,6,1.613122582435608,1.069800615310669,1.613122582435608,1.3712636232376099,0.03789270296692848,1.2615424394607544,1.3473355770111084,1.5496158599853516,0.1
1399,4,56,6,1.5096874237060547,1.2860532999038696,1.5096874237060547,1.407667875289917,0.008241529576480389,1.3249053955078125,1.4152555465698242,1.4975388050079346,0.0
1400,4,70,6,1.3459818363189697,1.2548391819000244,1.3539549112319946,1.3227983713150024,0.001144146197475493,1.3136143684387207,1.3364008665084839,1.3459818363189697,0.0
1401,4,67,6,1.4318605661392212,1.1308478116989136,1.4318605661392212,1.3426392078399658,0.010264221578836441,1.3428773880004883,1.360764980316162,1.4162030220031738,0.0
1402,4,67,6,1.1199448108673096,0.8324790596961975,1.1199448108673096,1.0304442644119263,0.010086405090987682,1.0048710107803345,1.0540379285812378,1.1137722730636597,0.5
1403,4,73,6,1.4544347524642944,1.104255199432373,1.4544347524642944,1.2799826860427856,0.019724402576684952,1.1570672988891602,1.2627973556518555,1.4210398197174072,0.1
1404,4,77,6,1.6901373863220215,1.4135149717330933,1.6901373863220215,1.6149461269378662,0.00950230285525322,1.597014307975769,1.6580874919891357,1.6844167709350586,0.0
1405,4,74,6,1.5442148447036743,1.3403854370117188,1.5984954833984375,1.5152534246444702,0.006625791545957327,1.5317161083221436,1.5385489463806152,1.5442148447036743,0.0
1406,4,67,6,1.504590630531311,1.278853416442871,1.5832793712615967,1.4478143453598022,0.009432385675609112,1.4054378271102905,1.4585363864898682,1.504590630531311,0.1
1407,4,74,6,1.4314298629760742,1.2358763217926025,1.4538220167160034,1.397862195968628,0.005839687772095203,1.3934996128082275,1.4314298629760742,1.4481765031814575,0.0
1408,4,72,6,1.78330659866333,1.4968738555908203,1.78330659866333,1.6479194164276123,0.017474714666604996,1.515028953552246,1.6604385375976562,1.7800345420837402,0.0
1409,4,64,6,1.4158231019973755,0.5830157399177551,1.4158231019973755,0.9928683042526245,0.13651078939437866,0.6258717775344849,0.972696840763092,1.370209813117981,0.3
1410,4,67,6,1.532827377319336,1.317344307899475,1.532827377319336,1.4129998683929443,0.007827148772776127,1.3398783206939697,1.3835405111312866,1.497451663017273,0.0
1411,4,70,6,1.7311171293258667,1.5090919733047485,1.7311171293258667,1.6552510261535645,0.006002800539135933,1.6240988969802856,1.676161766052246,1.7182121276855469,0.0
1412,4,75,6,1.609095811843872,1.2540618181228638,1.6197764873504639,1.5306158065795898,0.016202185302972794,1.5457391738891602,1.5775572061538696,1.609095811843872,0.0
1413,4,66,6,1.456614375114441,1.2403227090835571,1.456614375114441,1.3305823802947998,0.008755187503993511,1.2506539821624756,1.2899150848388672,1.4243489503860474,0.0
1414,4,66,6,1.4742603302001953,0.9543589353561401,1.4742603302001953,1.232865333557129,0.034803614020347595,1.1494925022125244,1.1755027770996094,1.4014339447021484,0.0
1415,4,74,6,1.1705188751220703,1.0904581546783447,1.1705188751220703,1.1397665739059448,0.0007535636541433632,1.1295944452285767,1.1394476890563965,1.1641746759414673,0.1
1416,4,74,6,1.4979016780853271,1.3473378419876099,1.5192466974258423,1.4565297365188599,0.003987971693277359,1.4160611629486084,1.4904828071594238,1.4979016780853271,0.1
1417,4,66,6,1.0690455436706543,1.0207996368408203,1.1152794361114502,1.0720632076263428,0.0007873592549003661,1.0690455436706543,1.0703469514846802,1.0828325748443604,0.1
1418,4,50,6,1.0914075374603271,1.019437313079834,1.1192365884780884,1.0625693798065186,0.0015639389166608453,1.023200511932373,1.0629489421844482,1.0914075374603271,0.3
1419,4,76,6,1.4266819953918457,1.1976592540740967,1.4266819953918457,1.2986156940460205,0.008829858154058456,1.2239220142364502,1.2649312019348145,1.3866612911224365,0.2
1420,4,73,6,0.9384313225746155,0.9384313225746155,1.153052568435669,1.0530047416687012,0.007722413167357445,0.9694111347198486,1.0688644647598267,1.1316330432891846,0.5
1421,4,57,6,1.2574641704559326,0.5659891366958618,1.2574641704559326,0.8995298147201538,0.0716654509305954,0.71186763048172,0.8101891279220581,1.1582372188568115,0.4
1422,4,63,6,1.6443250179290771,1.4202358722686768,1.6443250179290771,1.5646169185638428,0.00915820337831974,1.4839528799057007,1.619149923324585,1.6392526626586914,0.0
1423,4,73,6,1.3410289287567139,1.2775514125823975,1.4076122045516968,1.3424601554870605,0.0014933241764083505,1.3312914371490479,1.3410289287567139,1.3548773527145386,0.0
1424,4,76,6,1.1841109991073608,1.146957516670227,1.3008449077606201,1.1973003149032593,0.002487258752807975,1.1675125360488892,1.1841109991073608,1.2003761529922485,0.2
1425,4,76,6,1.6280268430709839,1.4351387023925781,1.7130560874938965,1.593416452407837,0.00759656447917223,1.5576602220535278,1.6235408782958984,1.6280268430709839,0.0
1426,4,77,6,1.6044522523880005,1.2713128328323364,1.6044522523880005,1.4220763444900513,0.018224291503429413,1.3151545524597168,1.373220682144165,1.5541445016860962,0.3
1427,4,75,6,1.445085048675537,1.196291446685791,1.445085048675537,1.3570770025253296,0.007553467061370611,1.3201196193695068,1.3720462322235107,1.4336479902267456,0.1
1428,4,69,6,1.5286927223205566,1.28233003616333,1.5863521099090576,1.4495725631713867,0.011755169369280338,1.3657816648483276,1.4770903587341309,1.5286927223205566,0.0
1429,4,74,6,1.508467197418213,1.484267234802246,1.56046724319458,1.518160343170166,0.000558706873562187,1.508467197418213,1.5115082263946533,1.5281950235366821,0.0
1430,4,77,6,1.4327845573425293,1.3696153163909912,1.5000231266021729,1.4296047687530518,0.0015036812983453274,1.4148656129837036,1.4327845573425293,1.4333422183990479,0.0
1431,4,75,6,1.5631235837936401,1.174120545387268,1.5631235837936401,1.322035551071167,0.02924964390695095,1.2045100927352905,1.2150957584381104,1.4766209125518799,0.3
1432,4,71,6,1.603508472442627,1.498334527015686,1.6200770139694214,1.5643481016159058,0.0021522974129766226,1.5273981094360352,1.5698513984680176,1.603508472442627,0.0
1433,4,71,6,1.722264051437378,1.4452391862869263,1.722264051437378,1.6468262672424316,0.009171392768621445,1.641782283782959,1.676417589187622,1.7168909311294556,0.0
1434,4,70,6,1.328454852104187,1.3016173839569092,1.328454852104187,1.3156511783599854,0.00011682884360197932,1.307094693183899,1.3141512870788574,1.3266303539276123,0.3
1435,4,75,6,1.485666036605835,1.2934231758117676,1.5545873641967773,1.4390993118286133,0.009018536657094955,1.3661272525787354,1.485666036605835,1.4881457090377808,0.0
1436,4,70,6,1.6499509811401367,1.1990710496902466,1.6499509811401367,1.3719382286071777,0.039008598774671555,1.2329282760620117,1.250335454940796,1.5536916255950928,0.0
1437,4,75,6,1.4921886920928955,1.2921565771102905,1.5497031211853027,1.4413974285125732,0.009001629427075386,1.3707497119903564,1.4919553995132446,1.4921886920928955,0.0
1438,4,67,6,1.0333714485168457,1.0218532085418701,1.1433682441711426,1.0831027030944824,0.0029023296665400267,1.0333714485168457,1.0811290740966797,1.1355454921722412,0.3
1439,4,73,6,1.4793336391448975,1.2907912731170654,1.4793336391448975,1.4241814613342285,0.004258757922798395,1.4154953956604004,1.440364122390747,1.4753634929656982,0.0
1440,4,73,6,1.3893704414367676,1.3805350065231323,1.4434399604797363,1.406404733657837,0.0006208218401297927,1.3893704414367676,1.3933573961257935,1.4281121492385864,0.0
1441,4,68,6,1.4384057521820068,1.3524010181427002,1.5056535005569458,1.4195424318313599,0.0023847499396651983,1.3883105516433716,1.4176838397979736,1.4384057521820068,0.0
1442,4,69,6,1.5513471364974976,1.261676549911499,1.571807622909546,1.438301920890808,0.017142046242952347,1.3088455200195312,1.4870526790618896,1.5513471364974976,0.2
1443,4,72,6,1.6213927268981934,1.1959447860717773,1.6213927268981934,1.3956104516983032,0.03494105488061905,1.2107410430908203,1.36922287940979,1.587280035018921,0.2
1444,4,68,6,1.4937913417816162,0.9963382482528687,1.4937913417816162,1.339969277381897,0.03202718496322632,1.267941951751709,1.4058263301849365,1.4884963035583496,0.2
1445,4,70,6,1.4149987697601318,1.265565037727356,1.4149987697601318,1.3313096761703491,0.003908927086740732,1.2754260301589966,1.312551736831665,1.3924927711486816,0.4
1446,4,55,6,1.7564233541488647,1.669823408126831,1.7564233541488647,1.7299195528030396,0.0010484588565304875,1.7131353616714478,1.746063232421875,1.7557542324066162,0.0
1447,4,70,6,1.6637873649597168,1.3762855529785156,1.6738617420196533,1.561344027519226,0.01600409857928753,1.4459640979766846,1.6286864280700684,1.6637873649597168,0.0
1448,4,74,6,1.2823632955551147,1.2742223739624023,1.2975809574127197,1.2867287397384644,6.137072341516614e-05,1.2823632955551147,1.2866411209106445,1.2924221754074097,0.5
1449,4,71,6,1.8135055303573608,1.5519392490386963,1.8135055303573608,1.691922664642334,0.01083697471767664,1.611915946006775,1.6804919242858887,1.7971608638763428,0.0
1450,4,72,6,1.3651070594787598,1.1597049236297607,1.3651070594787598,1.2435954809188843,0.00755090219900012,1.1818832159042358,1.1959083080291748,1.3247792720794678,0.4
1451,4,67,6,0.9570807218551636,0.9570807218551636,1.1189422607421875,1.0473463535308838,0.0046205176040530205,0.9788394570350647,1.0735738277435303,1.1036280393600464,0.5
1452,4,40,6,1.6384174823760986,1.5436139106750488,1.6384174823760986,1.6038144826889038,0.0014818459749221802,1.5724414587020874,1.619842767715454,1.6383576393127441,0.0
1453,4,62,6,1.684602975845337,1.5907121896743774,1.7323622703552246,1.6767961978912354,0.0019245544681325555,1.669184684753418,1.684602975845337,1.6994892358779907,0.0
1454,4,72,6,1.3233972787857056,1.1132118701934814,1.3233972787857056,1.2358497381210327,0.007148898672312498,1.1605865955352783,1.2613322734832764,1.3119481801986694,0.4
1455,4,75,6,1.620421051979065,1.4076147079467773,1.6501563787460327,1.5809229612350464,0.006846243515610695,1.5720704793930054,1.620421051979065,1.628333330154419,0.0
1456,4,71,6,1.1274254322052002,1.1274254322052002,1.2530395984649658,1.185859203338623,0.0024415506049990654,1.136195182800293,1.1890133619308472,1.2258093357086182,0.4
1457,4,70,6,1.2326865196228027,1.0661470890045166,1.2666759490966797,1.219609260559082,0.00489662354812026,1.2326865196228027,1.2436460256576538,1.262291669845581,0.1
1458,4,67,6,1.0896108150482178,1.0896108150482178,1.287808895111084,1.1936250925064087,0.006004092749208212,1.119610071182251,1.218400239944458,1.2502379417419434,0.1
1459,4,72,6,1.46535325050354,1.3899885416030884,1.4691734313964844,1.440026044845581,0.0011065031867474318,1.4111804962158203,1.4592119455337524,1.46535325050354,0.0
1460,4,63,6,1.6208562850952148,0.8750811219215393,1.6208562850952148,1.3659090995788574,0.07106222957372665,1.2335057258605957,1.4535306692123413,1.5876014232635498,0.2
1461,4,74,6,1.3564841747283936,1.2895808219909668,1.370763897895813,1.3437480926513672,0.0007798249716870487,1.3336396217346191,1.3564841747283936,1.3614842891693115,0.0
1462,4,69,6,1.1372722387313843,0.6354061365127563,1.1372722387313843,0.9259282350540161,0.031443096697330475,0.8359730839729309,0.9088689088821411,1.0923261642456055,0.4
1463,4,64,6,1.2910003662109375,0.9670295715332031,1.2910003662109375,1.1522514820098877,0.013336178846657276,1.090396761894226,1.1393663883209229,1.2618460655212402,0.4
1464,4,74,6,1.198203206062317,0.950346052646637,1.198203206062317,1.1254671812057495,0.00869282428175211,1.0806429386138916,1.1769415140151978,1.195605754852295,0.2
1465,4,72,6,1.420280933380127,1.059016466140747,1.420280933380127,1.3173118829727173,0.01724526844918728,1.2695486545562744,1.3803648948669434,1.4185171127319336,0.1
1466,4,64,6,1.7578530311584473,1.6626524925231934,1.779688835144043,1.7328869104385376,0.0014974233927205205,1.713897705078125,1.744484305381775,1.7578530311584473,0.0
1467,4,76,6,1.1448158025741577,0.9102941155433655,1.264512062072754,1.1488908529281616,0.01317659206688404,1.1448158025741577,1.1755622625350952,1.2185262441635132,0.2
1468,4,73,6,0.9581522941589355,0.7602720260620117,1.057279109954834,0.9260045886039734,0.010164234787225723,0.8606137037277222,0.9581522941589355,0.9850913286209106,0.4
1469,4,66,6,1.3258476257324219,1.111645221710205,1.3550724983215332,1.2528411149978638,0.008027978241443634,1.1861319541931152,1.2757673263549805,1.3258476257324219,0.2
1470,4,73,6,1.2404396533966064,1.2404396533966064,1.4020873308181763,1.3275197744369507,0.0042188395746052265,1.2632205486297607,1.3525865077972412,1.3761365413665771,0.0
1471,4,64,6,0.9124440550804138,0.9124440550804138,1.1917141675949097,1.0516316890716553,0.010920180939137936,0.9538288116455078,1.0878968238830566,1.1124982833862305,0.4
1472,4,69,6,1.197662591934204,1.1682379245758057,1.2865188121795654,1.235224962234497,0.002351747127249837,1.197662591934204,1.2367405891418457,1.2830413579940796,0.3
1473,4,71,6,1.2205320596694946,1.16446053981781,1.2913668155670166,1.2253462076187134,0.0018531563691794872,1.196796178817749,1.2205320596694946,1.2548590898513794,0.1
1474,4,69,6,1.6207436323165894,1.001532793045044,1.6207436323165894,1.357308030128479,0.06926841288805008,1.0980360507965088,1.442630410194397,1.6005126237869263,0.2
1475,4,68,6,1.7290221452713013,1.5866706371307373,1.740700602531433,1.698033332824707,0.00271758739836514,1.6972057819366455,1.7193934917449951,1.7290221452713013,0.0
1476,4,69,6,1.8053439855575562,1.6984264850616455,1.8053439855575562,1.7531253099441528,0.002017806749790907,1.711708664894104,1.7506966590881348,1.798830509185791,0.0
1477,4,74,6,1.4050272703170776,1.1520051956176758,1.430283784866333,1.3529828786849976,0.009791276417672634,1.329700231552124,1.4050272703170776,1.4169785976409912,0.2
1478,4,74,6,1.4745326042175293,1.364408254623413,1.4745326042175293,1.415724515914917,0.0020055901259183884,1.3769359588623047,1.4066081047058105,1.4580106735229492,0.2
1479,4,69,6,1.4799535274505615,1.1577720642089844,1.4799535274505615,1.3558636903762817,0.011818441562354565,1.3361499309539795,1.3409881591796875,1.4459543228149414,0.1
1480,4,68,6,1.434891700744629,1.133382797241211,1.434891700744629,1.2494094371795654,0.01743459701538086,1.1506845951080322,1.1735689640045166,1.3718833923339844,0.4
1481,4,41,6,1.5041298866271973,1.5041298866271973,1.6021480560302734,1.5211459398269653,0.0013126368867233396,1.5044697523117065,1.5054893493652344,1.5054893493652344,0.0
1482,4,70,6,1.3792791366577148,1.0983154773712158,1.3792791366577148,1.2153180837631226,0.013726494275033474,1.1407073736190796,1.1476554870605469,1.3223726749420166,0.4
1483,4,68,6,1.42947518825531,1.1281614303588867,1.42947518825531,1.2460650205612183,0.017151840031147003,1.1458966732025146,1.1743050813674927,1.3688634634017944,0.4
1484,4,76,6,1.67670476436615,1.438642978668213,1.67670476436615,1.5542559623718262,0.008360770530998707,1.492593765258789,1.5234112739562988,1.6416358947753906,0.0
1485,4,66,6,1.4467254877090454,1.3626925945281982,1.5070111751556396,1.446924090385437,0.001836119219660759,1.4467254877090454,1.4518373012542725,1.460317850112915,0.0
1486,4,76,6,1.5642802715301514,0.9917646646499634,1.5642802715301514,1.3476948738098145,0.04724982753396034,1.189859390258789,1.411695122718811,1.5460386276245117,0.1
1487,4,72,6,1.576601505279541,1.1001356840133667,1.576601505279541,1.3567018508911133,0.03848316892981529,1.1910252571105957,1.3516017198562622,1.554978370666504,0.0
1488,4,75,6,1.5104193687438965,1.3950492143630981,1.5249063968658447,1.4907091856002808,0.0020405608229339123,1.4879648685455322,1.5104193687438965,1.5198404788970947,0.0
1489,4,66,6,1.4724533557891846,0.9850314855575562,1.4768314361572266,1.3459725379943848,0.032531555742025375,1.2904725074768066,1.447553038597107,1.4724533557891846,0.1
1490,4,72,6,1.5793066024780273,1.4058178663253784,1.5793066024780273,1.5189157724380493,0.004017576575279236,1.483936071395874,1.5421738624572754,1.5701675415039062,0.0
1491,4,68,6,1.4016579389572144,1.2283587455749512,1.4016579389572144,1.3515377044677734,0.003412209451198578,1.3538250923156738,1.3632134199142456,1.3923684358596802,0.0
1492,4,74,6,1.6931297779083252,0.681926965713501,1.6931297779083252,1.3805975914001465,0.12134592235088348,1.294358253479004,1.4878034591674805,1.6492350101470947,0.1
1493,4,75,6,1.5192577838897705,1.1441051959991455,1.5192577838897705,1.3765491247177124,0.023713428527116776,1.2479934692382812,1.4469859600067139,1.501969337463379,0.1
1494,4,76,6,1.7108322381973267,1.0001678466796875,1.7108322381973267,1.4069243669509888,0.061389267444610596,1.3053431510925293,1.3613336086273193,1.6312330961227417,0.0
1495,4,62,6,1.4041061401367188,1.4041061401367188,1.4806240797042847,1.4326508045196533,0.0008155845571309328,1.4059863090515137,1.4267958402633667,1.4505987167358398,0.0
1496,4,68,6,1.1539475917816162,0.9872862100601196,1.1539475917816162,1.0745774507522583,0.005737914703786373,0.9981555938720703,1.0809943675994873,1.15052330493927,0.3
1497,4,69,6,1.247351050376892,0.7100414037704468,1.247351050376892,1.0317749977111816,0.03465055301785469,0.9508585929870605,1.023558259010315,1.2005259990692139,0.4
1498,4,76,6,1.41165030002594,0.956626296043396,1.41165030002594,1.1627532243728638,0.033566880971193314,1.0257529020309448,1.0892534255981445,1.34117591381073,0.2
1499,4,69,6,1.1386463642120361,1.0674448013305664,1.2300209999084473,1.146863579750061,0.0026769635733217,1.122405767440796,1.1386463642120361,1.176734447479248,0.2
1500,4,69,6,1.2476441860198975,0.7905079126358032,1.2476441860198975,1.0626047849655151,0.02448895201086998,1.0111385583877563,1.0430727005004883,1.1988959312438965,0.3
1501,4,70,6,1.7366087436676025,1.1705005168914795,1.7366087436676025,1.3772304058074951,0.06511663645505905,1.1851624250411987,1.2183059453964233,1.6137363910675049,0.3
1502,4,70,6,1.6633355617523193,1.297670841217041,1.6633355617523193,1.479221224784851,0.022657673805952072,1.3425631523132324,1.4611188173294067,1.6320586204528809,0.0
1503,4,66,6,1.390267014503479,1.2878975868225098,1.4895761013031006,1.3954154253005981,0.005344782490283251,1.346599817276001,1.390267014503479,1.4593974351882935,0.0
1504,4,75,6,1.2436944246292114,0.9013234376907349,1.247568964958191,1.164489984512329,0.015186931937932968,1.158817172050476,1.2260239124298096,1.2436944246292114,0.1
1505,4,68,6,1.264370322227478,0.4843602180480957,1.264370322227478,1.0196528434753418,0.11384706944227219,0.7637388706207275,1.249311923980713,1.2638388872146606,0.2
1506,4,71,6,1.420118808746338,0.6217659711837769,1.472917079925537,1.199161171913147,0.10954783111810684,0.9969092607498169,1.4081851243972778,1.420118808746338,0.2
1507,4,63,6,1.1355682611465454,1.10684072971344,1.1971797943115234,1.1461116075515747,0.0011057823430746794,1.1219769716262817,1.1355682611465454,1.1719413995742798,0.3
1508,4,74,6,1.4964659214019775,1.0784083604812622,1.4964659214019775,1.2722046375274658,0.027019008994102478,1.1623165607452393,1.2070417404174805,1.4244065284729004,0.4
1509,4,66,6,1.1770844459533691,1.1770844459533691,1.3254199028015137,1.2591278553009033,0.0037396301049739122,1.1981903314590454,1.2824677228927612,1.3085392713546753,0.2
1510,4,71,6,1.4396650791168213,1.296403408050537,1.4628047943115234,1.4010279178619385,0.0031399293802678585,1.3759195804595947,1.4196349382400513,1.4396650791168213,0.0
1511,4,65,6,1.183506727218628,0.9457058310508728,1.2355132102966309,1.1228379011154175,0.009042182005941868,1.0821373462677002,1.1512120962142944,1.183506727218628,0.3
1512,4,68,6,1.2804034948349,0.6939753293991089,1.3730391263961792,1.085539698600769,0.07542774081230164,0.8309930562973022,1.223271369934082,1.2804034948349,0.2
1513,4,71,6,1.7693138122558594,1.3298946619033813,1.7693138122558594,1.5646568536758423,0.03899802267551422,1.3667900562286377,1.5882911682128906,1.7614681720733643,0.0
1514,4,57,6,1.0285358428955078,0.9715555906295776,1.0561292171478271,1.0265095233917236,0.0007035813760012388,1.0285358428955078,1.0294973850250244,1.0404963493347168,0.4
1515,4,76,6,1.6948350667953491,1.126001238822937,1.7023320198059082,1.456111192703247,0.06555525958538055,1.1957788467407227,1.5406363010406494,1.6948350667953491,0.0
1516,4,74,6,1.5848259925842285,1.1939932107925415,1.5848259925842285,1.367496132850647,0.027126800268888474,1.216543197631836,1.3209830522537231,1.532091736793518,0.0
1517,4,73,6,1.4189350605010986,1.0233840942382812,1.4189350605010986,1.2249610424041748,0.023095032200217247,1.1070196628570557,1.1999523639678955,1.3736131191253662,0.1
1518,4,72,6,1.1834253072738647,0.7481099367141724,1.1838374137878418,1.0408368110656738,0.03823968395590782,0.8772839307785034,1.1740961074829102,1.1834253072738647,0.2
1519,4,61,6,1.067500114440918,1.061466932296753,1.0909769535064697,1.0746861696243286,0.00010364223999204114,1.067500114440918,1.0725679397583008,1.0816867351531982,0.0
1520,4,67,6,1.2987685203552246,0.9499830603599548,1.3686549663543701,1.163819670677185,0.02727624773979187,1.007108211517334,1.192333459854126,1.2987685203552246,0.2
1521,4,77,6,1.3464558124542236,1.2388229370117188,1.3464558124542236,1.3022812604904175,0.0021262154914438725,1.25947105884552,1.3155399560928345,1.3462955951690674,0.0
1522,4,75,6,1.2649637460708618,1.054131031036377,1.2649637460708618,1.1648812294006348,0.006902812048792839,1.096882939338684,1.157265305519104,1.2484960556030273,0.0
1523,4,65,6,1.1385936737060547,1.0198068618774414,1.1454061269760132,1.104122281074524,0.002113159978762269,1.0791599750518799,1.1268866062164307,1.1385936737060547,0.1
1524,4,51,6,0.8409827351570129,0.8409827351570129,0.9882755875587463,0.934162437915802,0.004358631558716297,0.8743759393692017,0.9762898683547974,0.9811214804649353,0.4
1525,4,59,6,0.8924620747566223,0.8924620747566223,0.9650629758834839,0.9347833395004272,0.000954939576331526,0.9049530029296875,0.9471068382263184,0.9613214731216431,0.5
1526,4,59,6,0.9074163436889648,0.8818659782409668,0.965002179145813,0.9219605326652527,0.0008875058847479522,0.9074163436889648,0.909497082233429,0.9467579126358032,0.5
1527,4,60,6,0.8893427848815918,0.8893427848815918,1.1231560707092285,1.0178990364074707,0.008683052845299244,0.9310656785964966,1.0628769397735596,1.0772290229797363,0.4
1528,4,71,6,1.7154960632324219,1.1340080499649048,1.7154960632324219,1.5456007719039917,0.04489905759692192,1.4662418365478516,1.6517220735549927,1.7001115083694458,0.0
1529,4,73,6,1.678027868270874,1.4683258533477783,1.6955307722091675,1.6250070333480835,0.005895108450204134,1.6131956577301025,1.6484155654907227,1.678027868270874,0.0
1530,4,60,6,0.75665283203125,0.75665283203125,0.9220506548881531,0.8409685492515564,0.00522570451721549,0.7672567367553711,0.8450711369514465,0.9130029678344727,0.5
1531,4,60,6,0.7545174360275269,0.7545174360275269,0.9431208968162537,0.8526617288589478,0.007761835586279631,0.7625519037246704,0.8620152473449707,0.9391819834709167,0.5
1532,4,65,6,1.546411156654358,0.5816923379898071,1.546411156654358,1.0098673105239868,0.16422881186008453,0.6541358232498169,0.8766785264015198,1.4175108671188354,0.3
1533,4,77,6,1.4310297966003418,1.1093671321868896,1.4310297966003418,1.2892860174179077,0.01780044473707676,1.1612313985824585,1.3180869817733765,1.4171711206436157,0.0
1534,4,75,6,1.713714599609375,1.37791907787323,1.713714599609375,1.5782091617584229,0.02047746442258358,1.4409210681915283,1.6365046501159668,1.7057901620864868,0.0
1535,4,67,6,0.9059854745864868,0.45175498723983765,0.9059854745864868,0.6386599540710449,0.03648092970252037,0.508294939994812,0.5332162380218506,0.8141533136367798,0.5
1536,4,74,6,1.391695499420166,1.355550765991211,1.418803095817566,1.3942943811416626,0.00044609192991629243,1.3906965255737305,1.391695499420166,1.4111671447753906,0.0
1537,4,62,6,1.6492606401443481,1.5279898643493652,1.8620338439941406,1.675081729888916,0.011465417221188545,1.617924690246582,1.6492606401443481,1.7281646728515625,0.0
1538,4,73,6,1.4376814365386963,0.11207470297813416,1.4766125679016113,1.033267617225647,0.28936415910720825,0.6711947321891785,1.3493125438690186,1.4376814365386963,0.2
1539,4,65,6,1.6528445482254028,1.2533397674560547,1.6528445482254028,1.5053569078445435,0.02452855557203293,1.3857148885726929,1.571453332901001,1.6372997760772705,0.0
1540,4,65,6,1.3507354259490967,0.9506782293319702,1.3507354259490967,1.2399871349334717,0.019040441140532494,1.2266454696655273,1.289209246635437,1.3380272388458252,0.2
1541,4,70,6,1.7074787616729736,1.5689682960510254,1.7074787616729736,1.6333072185516357,0.0031643796246498823,1.5850375890731812,1.6185638904571533,1.6889457702636719,0.0
1542,4,65,6,1.8362483978271484,0.8586455583572388,1.8362483978271484,1.2888033390045166,0.17611920833587646,0.913213312625885,1.149308681488037,1.7159223556518555,0.3
1543,4,74,6,1.638136625289917,1.3054399490356445,1.673217535018921,1.5442343950271606,0.015723489224910736,1.5044664144515991,1.5724585056304932,1.638136625289917,0.0
1544,4,65,6,1.447852373123169,1.3575046062469482,1.447852373123169,1.4148203134536743,0.0011202491587027907,1.3930033445358276,1.425666332244873,1.4440041780471802,0.0
1545,4,66,6,1.697152853012085,1.4506113529205322,1.7390928268432617,1.6614896059036255,0.009238317608833313,1.6820719242095947,1.697152853012085,1.7052000761032104,0.0
1546,4,62,6,1.5641759634017944,1.3001816272735596,1.5641759634017944,1.4685636758804321,0.008832462131977081,1.4288431406021118,1.4770026206970215,1.5544224977493286,0.0
1547,4,58,6,1.3681391477584839,0.6689634919166565,1.3681391477584839,1.1464790105819702,0.07165735214948654,0.9915533065795898,1.2889422178268433,1.3508329391479492,0.2
1548,4,65,6,1.2331268787384033,1.0340349674224854,1.2331268787384033,1.132100224494934,0.00817856378853321,1.045975923538208,1.123540997505188,1.224562644958496,0.3
1549,4,60,6,1.5796594619750977,1.0453822612762451,1.5796594619750977,1.3643189668655396,0.04768415167927742,1.1747019290924072,1.447768211364746,1.548183798789978,0.2
1550,4,67,6,1.429371953010559,1.391007423400879,1.4478214979171753,1.4281030893325806,0.0003478005819488317,1.4263262748718262,1.429371953010559,1.4416441917419434,0.0
1551,4,72,6,1.5018198490142822,1.2799873352050781,1.5160815715789795,1.451988935470581,0.006493831519037485,1.4502995014190674,1.4847791194915771,1.5018198490142822,0.0
1552,4,77,6,1.5904794931411743,1.500448226928711,1.6929049491882324,1.6201177835464478,0.004557596053928137,1.5904794931411743,1.625366449356079,1.6796691417694092,0.0
1553,4,59,6,1.2122139930725098,1.1235733032226562,1.2774591445922852,1.2256473302841187,0.0027656175661832094,1.2122139930725098,1.2338141202926636,1.2686104774475098,0.0
1554,4,69,6,0.9180740118026733,0.7603052854537964,1.048299789428711,0.8863083720207214,0.009286236949265003,0.8077622056007385,0.9060976505279541,0.9180740118026733,0.4
1555,4,66,6,1.6051722764968872,0.48208725452423096,1.6051722764968872,1.1280295848846436,0.18868941068649292,0.7712346315383911,1.2175850868225098,1.5218689441680908,0.2
1556,4,68,6,0.8183910846710205,0.7086973190307617,0.8430633544921875,0.7863995432853699,0.0020407438278198242,0.7630900740623474,0.7934962511062622,0.8183910846710205,0.5
1557,4,73,6,0.6569116115570068,0.47116854786872864,0.6569116115570068,0.5507428050041199,0.006217466667294502,0.48450571298599243,0.5181881785392761,0.6295886039733887,0.5
1558,4,74,6,1.617945671081543,0.9613038301467896,1.617945671081543,1.4423638582229614,0.05193394795060158,1.4283629655838013,1.521169662475586,1.606667399406433,0.0
1559,4,76,6,0.6482906937599182,0.6482906937599182,0.8860222101211548,0.7743684649467468,0.01116952858865261,0.6656448245048523,0.791582465171814,0.8766961097717285,0.5
1560,4,76,6,0.6395400166511536,0.38219934701919556,0.6395400166511536,0.5803009271621704,0.008770088665187359,0.5728023052215576,0.6333590745925903,0.6388882398605347,0.5
1561,4,66,6,0.4948470890522003,0.46781912446022034,0.628734827041626,0.523399293422699,0.0027019111439585686,0.4948470890522003,0.504166305065155,0.5338678359985352,0.5
1562,4,73,6,1.016491174697876,0.960362434387207,1.0179718732833862,0.9953343868255615,0.0005219934391789138,0.977798342704773,1.0009645223617554,1.016491174697876,0.5
1563,4,66,6,1.6280322074890137,1.2761685848236084,1.6280322074890137,1.47916841506958,0.02033258229494095,1.3508914709091187,1.5216891765594482,1.6055268049240112,0.0
1564,4,73,6,1.4871902465820312,1.4161320924758911,1.4997038841247559,1.4741336107254028,0.0008696557488292456,1.4644055366516113,1.4871902465820312,1.4951283931732178,0.0
1565,4,69,6,1.1861753463745117,1.1057960987091064,1.1861753463745117,1.148449420928955,0.0010396072175353765,1.120140552520752,1.1481446027755737,1.1807584762573242,0.1
1566,4,73,6,1.3370246887207031,1.0401122570037842,1.4164046049118042,1.2665915489196777,0.024705983698368073,1.127524733543396,1.3370246887207031,1.3927249908447266,0.1
1567,4,68,6,1.4611033201217651,1.0553046464920044,1.4611033201217651,1.341219425201416,0.021828707307577133,1.2817802429199219,1.4068360328674316,1.4595650434494019,0.1
1568,4,72,6,1.4514713287353516,1.375211477279663,1.4898258447647095,1.4304813146591187,0.0015567158116027713,1.3973169326782227,1.439599871635437,1.4514713287353516,0.0
1569,4,63,6,0.9106152057647705,0.9043102264404297,1.0305461883544922,0.945267379283905,0.0019591746386140585,0.9106152057647705,0.9308056831359863,0.9611401557922363,0.5
1570,4,74,6,1.6257641315460205,0.9875079393386841,1.6257641315460205,1.3556923866271973,0.0614105686545372,1.1514784097671509,1.395751953125,1.5934312343597412,0.1
1571,4,65,6,1.4380216598510742,1.0791254043579102,1.4380216598510742,1.352122187614441,0.016876354813575745,1.3370716571807861,1.4233741760253906,1.436244010925293,0.0
1572,4,67,6,1.665448546409607,1.5556102991104126,1.665448546409607,1.623218059539795,0.0017442271346226335,1.5975793600082397,1.6279852390289307,1.6631227731704712,0.0
1573,4,71,6,1.069279670715332,0.8221311569213867,1.069279670715332,0.9696989059448242,0.007406663615256548,0.9291968941688538,0.9703552722930908,1.0455348491668701,0.4
1574,4,71,6,1.2690081596374512,0.9368770122528076,1.3078513145446777,1.1456091403961182,0.020921653136610985,1.020151972770691,1.1825346946716309,1.2690081596374512,0.3
1575,4,65,6,1.3695825338363647,1.1874349117279053,1.3695825338363647,1.2662444114685059,0.005785410292446613,1.2017849683761597,1.2381932735443115,1.3403584957122803,0.3
1576,4,71,6,1.396836519241333,1.1642045974731445,1.396836519241333,1.281338095664978,0.00886743888258934,1.195253610610962,1.2808696031570435,1.3691174983978271,0.2
1577,4,66,6,1.2641472816467285,1.1104854345321655,1.2641472816467285,1.217461109161377,0.002777499845251441,1.2067625522613525,1.2331675291061401,1.2576701641082764,0.5
1578,4,71,6,1.4835691452026367,1.183019757270813,1.4835691452026367,1.363990306854248,0.013230068609118462,1.2744495868682861,1.3939223289489746,1.4696424007415771,0.1
1579,4,67,6,1.3517111539840698,1.2947697639465332,1.3517111539840698,1.3279855251312256,0.00042609588126651943,1.314674735069275,1.3297452926635742,1.346653938293457,0.0
1580,4,72,6,1.2699322700500488,1.0898857116699219,1.2711822986602783,1.2235217094421387,0.004302999470382929,1.2070770263671875,1.2580375671386719,1.2699322700500488,0.1
1581,4,69,6,1.5639443397521973,0.8113054037094116,1.5639443397521973,1.2263718843460083,0.09969308227300644,0.9187831878662109,1.2854173183441162,1.5330356359481812,0.3
1582,4,63,6,1.1751554012298584,0.8570384979248047,1.1751554012298584,1.057861328125,0.013037820346653461,0.9984710812568665,1.0749274492263794,1.1628321409225464,0.4
1583,4,37,6,1.5702003240585327,1.5702003240585327,1.6357375383377075,1.589437484741211,0.000563826528377831,1.5721243619918823,1.5778965950012207,1.5979942083358765,0.0
1584,4,71,6,1.6794947385787964,0.9692039489746094,1.6794947385787964,1.382430076599121,0.07114400714635849,1.1823601722717285,1.4275163412094116,1.6245348453521729,0.1
1585,4,64,6,1.3307714462280273,1.1610206365585327,1.3307714462280273,1.2827003002166748,0.00389342219568789,1.2585060596466064,1.3154995441436768,1.3293019533157349,0.1
1586,4,76,6,1.1455297470092773,1.061090111732483,1.1664706468582153,1.1265748739242554,0.0013512175064533949,1.1066182851791382,1.1455297470092773,1.1467682123184204,0.2
1587,4,77,6,1.4283815622329712,1.3264448642730713,1.4364992380142212,1.4023946523666382,0.0013894097646698356,1.396714687347412,1.4134716987609863,1.4283815622329712,0.0
1588,4,62,6,1.2282719612121582,1.1418088674545288,1.2378225326538086,1.2015020847320557,0.0013782366877421737,1.1727313995361328,1.2210322618484497,1.2282719612121582,0.0
1589,4,62,6,1.2001609802246094,1.1573474407196045,1.2650718688964844,1.2153677940368652,0.0013795889681205153,1.2001609802246094,1.2050565481185913,1.2471232414245605,0.3
1590,4,73,6,1.086220383644104,1.044533133506775,1.34572434425354,1.1435561180114746,0.009726702235639095,1.086220383644104,1.1063599586486816,1.160728931427002,0.4
1591,4,76,6,1.5930039882659912,0.8225775361061096,1.6019253730773926,1.3559197187423706,0.08258645981550217,1.2116669416427612,1.4785908460617065,1.5930039882659912,0.1
1592,4,75,6,1.4993852376937866,1.4525668621063232,1.578628659248352,1.5273935794830322,0.0021663648076355457,1.4993852376937866,1.5311565399169922,1.569332480430603,0.0
1593,4,75,6,1.5628135204315186,1.4156570434570312,1.6502623558044434,1.5786622762680054,0.006651304662227631,1.5628135204315186,1.5974656343460083,1.644261360168457,0.0
1594,4,70,6,1.6746917963027954,1.5660045146942139,1.6923027038574219,1.6449229717254639,0.0023486961144953966,1.6101422309875488,1.673588752746582,1.6746917963027954,0.0
1595,4,71,6,1.630832314491272,1.6277326345443726,1.6648969650268555,1.642268180847168,0.00020073998894076794,1.630832314491272,1.6365309953689575,1.6533710956573486,0.0
1596,4,67,6,1.486483097076416,1.2466225624084473,1.494584083557129,1.4106252193450928,0.008640819229185581,1.3529325723648071,1.452492594718933,1.486483097076416,0.2
1597,4,76,6,1.032181978225708,1.032181978225708,1.2483452558517456,1.1361385583877563,0.006213480606675148,1.0653069019317627,1.1663031578063965,1.1706178188323975,0.5
1598,4,61,6,1.5452001094818115,1.4523200988769531,1.5452001094818115,1.5031428337097168,0.0013556616613641381,1.4748401641845703,1.5009835958480835,1.5401787757873535,0.0
1599,4,69,6,1.6337206363677979,1.4171714782714844,1.6337206363677979,1.5630451440811157,0.005513045936822891,1.546836256980896,1.5736064910888672,1.6250914335250854,0.0
1600,4,68,6,1.53859281539917,1.3290187120437622,1.5402048826217651,1.4981876611709595,0.005850653164088726,1.5144531726837158,1.5368804931640625,1.53859281539917,0.1
1601,4,57,6,1.528456211090088,1.2662522792816162,1.528456211090088,1.4058315753936768,0.011655804701149464,1.3009504079818726,1.420971155166626,1.508288860321045,0.4
1602,4,64,6,1.5354275703430176,1.4255226850509644,1.5354275703430176,1.4809579849243164,0.0019633397459983826,1.4401273727416992,1.4792273044586182,1.5242435932159424,0.0
1603,4,76,6,1.8277719020843506,1.6972949504852295,1.8277719020843506,1.7647686004638672,0.0026602421421557665,1.7196556329727173,1.764744520187378,1.8132586479187012,0.0
1604,4,72,6,1.565650463104248,1.072986125946045,1.565650463104248,1.392564058303833,0.027051737532019615,1.3809123039245605,1.3856337070465088,1.5210148096084595,0.1
1605,4,68,6,1.5450245141983032,1.3500893115997314,1.5450245141983032,1.4295655488967896,0.006966634653508663,1.3629610538482666,1.3883438110351562,1.5104047060012817,0.0
1606,4,77,6,1.6884045600891113,1.5158069133758545,1.6884045600891113,1.626765251159668,0.0046642497181892395,1.5742930173873901,1.656933069229126,1.6860589981079102,0.0
1607,4,73,6,1.637795329093933,1.0448521375656128,1.637795329093933,1.4063313007354736,0.05590111389756203,1.2082488536834717,1.4952648878097534,1.6129913330078125,0.1
1608,4,68,6,1.5284309387207031,0.8638309240341187,1.5284309387207031,1.1573386192321777,0.07604923844337463,0.920637845993042,1.0646945238113403,1.428495168685913,0.3
1609,4,44,6,1.3665691614151,1.3665691614151,1.474855899810791,1.414145827293396,0.002308124443516135,1.3665691614151,1.4098153114318848,1.4562029838562012,0.0
1610,4,73,6,1.333774447441101,0.9185799360275269,1.333774447441101,1.1896388530731201,0.025381185114383698,1.0803554058074951,1.2605516910552979,1.323202133178711,0.2
1611,4,65,6,1.4317392110824585,1.1348024606704712,1.4317392110824585,1.294719934463501,0.018077488988637924,1.1614985466003418,1.3113423585891724,1.4284921884536743,0.1
1612,4,71,6,1.6177246570587158,1.2139571905136108,1.6177246570587158,1.4415119886398315,0.0264500193297863,1.3092495203018188,1.4503298997879028,1.603463053703308,0.1
1613,4,66,6,1.057315707206726,0.9555274844169617,1.057315707206726,1.011927604675293,0.0016104535898193717,0.9780771136283875,1.0143558979034424,1.051608681678772,0.2
1614,4,71,6,1.2507359981536865,1.1045660972595215,1.2507359981536865,1.1787407398223877,0.003053637919947505,1.1400184631347656,1.1660795211791992,1.2317585945129395,0.4
1615,4,71,6,1.350867748260498,1.3414881229400635,1.4532544612884521,1.3824598789215088,0.002438140567392111,1.348152995109558,1.350867748260498,1.4259917736053467,0.0
1616,4,66,6,0.9206990003585815,0.9206990003585815,1.0779469013214111,1.0038872957229614,0.005071057006716728,0.9306447505950928,1.0152058601379395,1.0726580619812012,0.5
1617,4,72,6,1.186169147491455,0.9412634968757629,1.186169147491455,1.1091517210006714,0.006862502545118332,1.0963597297668457,1.126832127571106,1.17241632938385,0.4
1618,4,77,6,1.3072419166564941,1.2175700664520264,1.3677966594696045,1.3148971796035767,0.00241919350810349,1.3072419166564941,1.3194589614868164,1.351311445236206,0.1
1619,4,67,6,1.5482800006866455,1.4518532752990723,1.5482800006866455,1.514426589012146,0.001139629865065217,1.5015850067138672,1.518791675567627,1.5444432497024536,0.0
1620,4,66,6,1.2257565259933472,1.003767490386963,1.2257565259933472,1.1546417474746704,0.007592075038701296,1.0982416868209839,1.203142762184143,1.2223602533340454,0.5
1621,4,56,6,1.0718915462493896,1.0270509719848633,1.1359268426895142,1.0839872360229492,0.0013206566218286753,1.0718915462493896,1.0726571083068848,1.1111605167388916,0.5
1622,4,56,6,1.0340142250061035,1.0340142250061035,1.137913703918457,1.0861258506774902,0.0016605367418378592,1.0451874732971191,1.0967020988464355,1.11673104763031,0.2
1623,4,70,6,1.1047741174697876,1.0408949851989746,1.1083711385726929,1.0845645666122437,0.0006035369588062167,1.0704247951507568,1.0933921337127686,1.1047741174697876,0.5
1624,4,71,6,1.4779384136199951,1.4779384136199951,1.594036340713501,1.527580738067627,0.0016286633908748627,1.4914392232894897,1.5363000631332397,1.5423930883407593,0.0
1625,4,40,6,1.5331366062164307,1.5331366062164307,1.5466382503509521,1.5383727550506592,2.8693371859844774e-05,1.5334031581878662,1.5366944074630737,1.5427489280700684,0.0
1626,4,62,6,1.6103732585906982,1.4363994598388672,1.7010947465896606,1.6147750616073608,0.007447673473507166,1.6103732585906982,1.6317471265792847,1.6712466478347778,0.0
1627,4,66,6,1.6148995161056519,1.0529530048370361,1.6148995161056519,1.4473178386688232,0.037253718823194504,1.4188309907913208,1.4945632219314575,1.598646879196167,0.1
1628,4,77,6,1.4668514728546143,0.7881019711494446,1.4668514728546143,1.1758923530578613,0.07450875639915466,0.928246021270752,1.2408652305603027,1.4311890602111816,0.2
1629,4,63,6,1.749399185180664,1.6023647785186768,1.749399185180664,1.667524814605713,0.003665124299004674,1.620390772819519,1.6421834230422974,1.7274646759033203,0.0
1630,4,63,6,1.4834189414978027,1.2458019256591797,1.5220420360565186,1.4448692798614502,0.008261673152446747,1.4660879373550415,1.4765220880508423,1.4834189414978027,0.0
1631,4,68,6,1.2630150318145752,1.0041484832763672,1.2630150318145752,1.1935696601867676,0.007733053527772427,1.2079534530639648,1.212052345275879,1.2506848573684692,0.5
1632,4,77,6,1.5585148334503174,1.3486319780349731,1.6373283863067627,1.5219643115997314,0.0076925624161958694,1.5129826068878174,1.5378715991973877,1.5585148334503174,0.0
1633,4,67,6,1.6991209983825684,1.5281071662902832,1.6991209983825684,1.6395331621170044,0.0033072943333536386,1.627755880355835,1.642970085144043,1.6867520809173584,0.0
1634,4,63,6,1.0499904155731201,0.9642466306686401,1.0499904155731201,1.0052151679992676,0.0011917829979211092,0.975885808467865,0.9971764087677002,1.0397282838821411,0.3
1635,4,56,6,1.1739156246185303,0.9339430332183838,1.1739156246185303,1.0228058099746704,0.011487232521176338,0.9445735216140747,0.9563195109367371,1.1208391189575195,0.4
1636,4,76,6,1.251615047454834,0.8826701641082764,1.251615047454834,1.0815668106079102,0.024765053763985634,0.9332091212272644,1.0939122438430786,1.2392154932022095,0.3
1637,4,62,6,1.4022011756896973,0.9492034912109375,1.4022011756896973,1.1820272207260132,0.03563510626554489,1.016603708267212,1.1644189357757568,1.3745461702346802,0.0
1638,4,65,6,1.0849412679672241,0.901964545249939,1.0849412679672241,1.0024933815002441,0.004595152568072081,0.9547666311264038,1.0012801885604858,1.0649940967559814,0.2
1639,4,66,6,0.7543377876281738,0.736966073513031,0.7974671125411987,0.7650288343429565,0.00037106082891114056,0.7543377876281738,0.7626411318778992,0.7748260498046875,0.5
1640,4,53,6,0.7640990018844604,0.7217379808425903,0.8124573230743408,0.7676845788955688,0.0010357750579714775,0.7459737062454224,0.7640990018844604,0.7938613891601562,0.5
1641,4,73,6,1.6992013454437256,1.0863606929779053,1.6992013454437256,1.4291775226593018,0.06197802722454071,1.1964945793151855,1.4828842878341675,1.6627484560012817,0.0
1642,4,60,6,1.0373201370239258,0.8504636287689209,1.1320140361785889,1.0068044662475586,0.009127730503678322,0.9443157315254211,1.0373201370239258,1.0621256828308105,0.2
1643,4,58,6,1.0589637756347656,0.8494147658348083,1.0589637756347656,0.9688654541969299,0.006176978815346956,0.9117883443832397,0.9714441895484924,1.0453782081604004,0.3
1644,4,72,6,1.622412919998169,1.400246500968933,1.622412919998169,1.5522165298461914,0.005596895702183247,1.5434077978134155,1.565931797027588,1.6086399555206299,0.0
1645,4,70,6,1.6397849321365356,1.5837490558624268,1.697169542312622,1.6528371572494507,0.0014787819236516953,1.6397849321365356,1.6511199474334717,1.686173439025879,0.0
1646,4,69,6,1.342383623123169,1.2515068054199219,1.3735055923461914,1.3223530054092407,0.002362560946494341,1.2802863121032715,1.342383623123169,1.3591593503952026,0.2
1647,4,68,6,1.2200853824615479,0.9713097214698792,1.2200853824615479,1.093833327293396,0.00975803192704916,1.0088367462158203,1.0814054012298584,1.1884615421295166,0.5
1648,4,68,6,1.5787540674209595,1.1594443321228027,1.5787540674209595,1.4126166105270386,0.022427456453442574,1.3305363655090332,1.419312596321106,1.5532772541046143,0.1
1649,4,75,6,1.4499013423919678,1.3469606637954712,1.4499013423919678,1.4001582860946655,0.0017936876974999905,1.3590129613876343,1.4029152393341064,1.4411375522613525,0.0
1650,4,55,6,1.3801848888397217,0.992058277130127,1.3801848888397217,1.1926641464233398,0.02433842234313488,1.0648412704467773,1.1718449592590332,1.351120114326477,0.3
1651,4,75,6,1.6204811334609985,1.35048508644104,1.6204811334609985,1.508405089378357,0.00934574380517006,1.4511009454727173,1.5091875791549683,1.5993099212646484,0.0
1652,4,71,6,1.4154882431030273,1.2000142335891724,1.4367406368255615,1.3550598621368408,0.007237733341753483,1.3081715106964111,1.3965436220169067,1.4154882431030273,0.1
1653,4,62,6,1.416189432144165,1.2869806289672852,1.4492032527923584,1.4029710292816162,0.0029675548430532217,1.4063804149627686,1.416189432144165,1.4386619329452515,0.1
1654,4,77,6,1.3546223640441895,0.8948110342025757,1.3546223640441895,1.098663091659546,0.03533286973834038,0.9484668970108032,1.0307329893112183,1.2777087688446045,0.4
1655,4,58,6,1.7613835334777832,0.8364887237548828,1.7613835334777832,1.2055479288101196,0.1629740595817566,0.8588521480560303,1.018317699432373,1.5993916988372803,0.3
1656,4,73,6,1.4104101657867432,0.936651349067688,1.4241896867752075,1.2998244762420654,0.031247703358530998,1.2646102905273438,1.4035589694976807,1.4104101657867432,0.1
1657,4,71,6,1.0533093214035034,1.0011086463928223,1.0533093214035034,1.0337270498275757,0.000347297900589183,1.024261474609375,1.035740852355957,1.0509557723999023,0.3
1658,4,72,6,0.9263501763343811,0.7839935421943665,0.9263501763343811,0.8938354253768921,0.002537311054766178,0.8999892473220825,0.9136435985565186,0.9258689284324646,0.4
1659,4,65,6,1.4260072708129883,0.6459219455718994,1.4260072708129883,0.9378535747528076,0.12011119723320007,0.6815176010131836,0.7296426296234131,1.2552340030670166,0.4
1660,4,68,6,1.478650689125061,1.1381909847259521,1.478650689125061,1.3405512571334839,0.01864457316696644,1.2210566997528076,1.382431983947754,1.4663608074188232,0.0
1661,4,72,6,0.948004961013794,0.875076174736023,0.948004961013794,0.9193788766860962,0.0006160993943922222,0.9120094776153564,0.9168866872787476,0.940997838973999,0.4
1662,4,72,6,0.9633142352104187,0.8629127740859985,0.9633142352104187,0.9199169278144836,0.001442600041627884,0.8907513618469238,0.9248842000961304,0.9543202519416809,0.4
1663,4,71,6,1.0035459995269775,0.6473361253738403,1.0035459995269775,0.9159296751022339,0.015417723916471004,0.9232836961746216,0.9657610654830933,0.9944770336151123,0.4
1664,4,58,6,0.6348127722740173,0.5281946063041687,0.6726522445678711,0.6214876174926758,0.0021369014866650105,0.6136435866355896,0.6348127722740173,0.647602915763855,0.5
1665,4,77,6,1.6486763954162598,1.166555643081665,1.6486763954162598,1.4585696458816528,0.038945991545915604,1.2972654104232788,1.507645845413208,1.6472282409667969,0.0
1666,4,66,6,1.368914246559143,0.9205596446990967,1.368914246559143,1.25908625125885,0.024015508592128754,1.284946084022522,1.3081443309783936,1.3556923866271973,0.1
1667,4,66,6,1.4632503986358643,1.058877944946289,1.4632503986358643,1.2949165105819702,0.022518977522850037,1.1864805221557617,1.3133985996246338,1.4356489181518555,0.1
1668,4,62,6,0.9212744235992432,0.8278971314430237,0.9234912991523743,0.900079607963562,0.001112972036935389,0.9029932618141174,0.9125493764877319,0.9212744235992432,0.5
1669,4,61,6,1.0363144874572754,0.9253790378570557,1.0363144874572754,0.9737496376037598,0.002093992196023464,0.9371748566627502,0.9554523229598999,1.0179760456085205,0.4
1670,4,61,6,0.7464404106140137,0.6841975450515747,0.8388139605522156,0.7581644058227539,0.0020840871147811413,0.7464404106140137,0.752724826335907,0.7703158855438232,0.5
1671,4,58,6,0.8003626465797424,0.6373222470283508,0.8671561479568481,0.7957776188850403,0.005587741732597351,0.8003626465797424,0.8119939565658569,0.8402838706970215,0.5
1672,4,73,6,1.2225565910339355,1.111668586730957,1.2459346055984497,1.2000489234924316,0.0022465658839792013,1.1779687404632568,1.2225565910339355,1.2314921617507935,0.0
1673,4,75,6,1.6548871994018555,1.2307319641113281,1.6548871994018555,1.4707326889038086,0.028066834434866905,1.3284169435501099,1.4911484718322754,1.6345171928405762,0.0
1674,4,67,6,1.4117225408554077,0.603060245513916,1.4117225408554077,1.1082069873809814,0.12548081576824188,0.7792344093322754,1.2993690967559814,1.3972409963607788,0.2
1675,4,70,6,1.3455147743225098,0.4184409976005554,1.3455147743225098,0.9568895697593689,0.14312370121479034,0.6226518154144287,1.0804860591888428,1.2798984050750732,0.2
1676,4,65,6,1.3913393020629883,0.5553032755851746,1.3913393020629883,0.9740161895751953,0.14035752415657043,0.6247317790985107,0.941767692565918,1.3565914630889893,0.3
1677,4,73,6,1.5612661838531494,0.7700382471084595,1.565286636352539,1.3456072807312012,0.0803452581167221,1.2790170907974243,1.4634555578231812,1.5612661838531494,0.1
1678,4,70,6,1.4935022592544556,1.4022235870361328,1.4935022592544556,1.447996735572815,0.001238598139025271,1.42072331905365,1.4418562650680542,1.4816112518310547,0.0
1679,4,69,6,0.7341336011886597,0.6807207465171814,0.7729572057723999,0.7318122386932373,0.0011510702315717936,0.7074527740478516,0.7341336011886597,0.7613102197647095,0.5
1680,4,68,6,0.7322949171066284,0.48461684584617615,0.7322949171066284,0.6181053519248962,0.01210017316043377,0.5118826627731323,0.6288785338401794,0.7280290126800537,0.5
1681,4,70,6,0.8566064834594727,0.45427095890045166,0.8566064834594727,0.7185108065605164,0.01849718950688839,0.6855411529541016,0.7365086078643799,0.8280909061431885,0.5
1682,4,77,6,1.6765227317810059,1.1250371932983398,1.6765227317810059,1.3801321983337402,0.04839553311467171,1.2095227241516113,1.308168649673462,1.591733455657959,0.0
1683,4,77,6,1.6935384273529053,1.1262297630310059,1.6935384273529053,1.3991931676864624,0.048676107078790665,1.237205982208252,1.334317684173584,1.610019326210022,0.0
1684,4,57,6,0.9514877200126648,0.5809030532836914,0.9717915058135986,0.7964004874229431,0.02719435654580593,0.6481732130050659,0.8196203112602234,0.9514877200126648,0.3
1685,4,72,6,1.1917262077331543,1.1436384916305542,1.3241963386535645,1.2127840518951416,0.0044753216207027435,1.1577949523925781,1.1917262077331543,1.2571310997009277,0.3
1686,4,73,6,1.6252496242523193,1.2779335975646973,1.6252496242523193,1.4556020498275757,0.018673602491617203,1.3396127223968506,1.4502754211425781,1.5829336643218994,0.0
1687,4,72,6,1.2017426490783691,1.0450005531311035,1.2325482368469238,1.1632288694381714,0.0040108137764036655,1.1336784362792969,1.190947413444519,1.2017426490783691,0.1
1688,4,75,6,1.7736480236053467,1.2632378339767456,1.7736480236053467,1.5092613697052002,0.04465430974960327,1.3241491317749023,1.4648876190185547,1.7249746322631836,0.1
1689,4,76,6,1.3855412006378174,0.8016127347946167,1.3855412006378174,1.0733931064605713,0.05315108969807625,0.9077401161193848,0.9940551519393921,1.288108229637146,0.4
1690,4,58,6,1.5259437561035156,1.4593849182128906,1.5259437561035156,1.490382194519043,0.0006776234949938953,1.473700761795044,1.4792051315307617,1.5148175954818726,0.0
1691,4,71,6,1.4632465839385986,1.2032328844070435,1.4831690788269043,1.395920753479004,0.00940765906125307,1.3646831512451172,1.4389121532440186,1.4632465839385986,0.0
1692,4,67,6,1.765890121459961,1.5965278148651123,1.765890121459961,1.665635108947754,0.005163669120520353,1.6130865812301636,1.6268422603607178,1.7336158752441406,0.0
1693,4,72,6,1.6517047882080078,1.173546552658081,1.6517047882080078,1.463934063911438,0.02748594805598259,1.38998544216156,1.471200704574585,1.6075788736343384,0.1
1694,4,68,6,1.1868834495544434,1.0322901010513306,1.2826753854751587,1.1353117227554321,0.00829179584980011,1.049189567565918,1.1366058588027954,1.1868834495544434,0.2
1695,4,68,6,1.038715124130249,0.4341905117034912,1.038715124130249,0.8345166444778442,0.07493814080953598,0.5956782698631287,1.016735553741455,1.0382319688796997,0.2
1696,4,66,6,1.4125730991363525,0.9570725560188293,1.4871273040771484,1.2675728797912598,0.0344998873770237,1.1599578857421875,1.2983973026275635,1.4125730991363525,0.1
1697,4,68,6,1.699321985244751,1.3688015937805176,1.786283016204834,1.6597851514816284,0.017951199784874916,1.6931453943252563,1.699321985244751,1.710252285003662,0.0
1698,4,71,6,1.0281182527542114,0.7478970289230347,1.0281182527542114,0.9316942095756531,0.009104985743761063,0.9042321443557739,0.9443589448928833,1.0120213031768799,0.4
1699,4,74,6,1.2091501951217651,1.140028715133667,1.2091501951217651,1.1746582984924316,0.0006962786428630352,1.1554629802703857,1.1687028408050537,1.1999127864837646,0.3
1700,4,69,6,1.55460786819458,0.8849554061889648,1.55460786819458,1.225648283958435,0.07670615613460541,0.9573248624801636,1.2280560731887817,1.500364065170288,0.2
1701,4,69,6,0.9182270169258118,0.8395265340805054,0.9182270169258118,0.8831618428230286,0.0009096539579331875,0.8584983348846436,0.885796308517456,0.9116185307502747,0.5
1702,4,53,6,0.8397043943405151,0.8007566928863525,1.0229671001434326,0.8989323973655701,0.006396376062184572,0.8397043943405151,0.876451313495636,0.9612471461296082,0.4
1703,4,66,6,1.8098843097686768,1.6793487071990967,1.8098843097686768,1.743767499923706,0.00402054050937295,1.6804605722427368,1.7417651414871216,1.8078031539916992,0.0
1704,4,76,6,1.6919772624969482,0.9989364147186279,1.6919772624969482,1.4647541046142578,0.07070820033550262,1.294795274734497,1.5955009460449219,1.6829118728637695,0.1
1705,4,58,6,1.254317283630371,1.2152540683746338,1.254317283630371,1.2433068752288818,0.00021296025079209358,1.2370495796203613,1.2514045238494873,1.2542484998703003,0.0
1706,4,57,6,1.0502581596374512,1.0035088062286377,1.2063891887664795,1.076315999031067,0.004115679766982794,1.0502581596374512,1.0502581596374512,1.085482120513916,0.0
1707,4,57,6,1.0146112442016602,0.9999235272407532,1.1601202487945557,1.0480256080627441,0.0032571167685091496,1.0146112442016602,1.0146112442016602,1.0668601989746094,0.2
1708,4,72,6,1.4683938026428223,0.9111251831054688,1.4683938026428223,1.1502536535263062,0.05296299606561661,0.9783912897109985,1.0481774806976318,1.3649332523345947,0.4
1709,4,73,6,1.8107306957244873,1.6807582378387451,1.8107306957244873,1.7422208786010742,0.0027340699452906847,1.7000367641448975,1.7266913652420044,1.7946488857269287,0.0
1710,4,57,6,1.0821077823638916,1.0821077823638916,1.371378779411316,1.194036841392517,0.014721590094268322,1.0821077823638916,1.148652195930481,1.302290916442871,0.0
1711,4,74,6,1.7714183330535889,1.599858045578003,1.7714183330535889,1.7196941375732422,0.0033261096104979515,1.7185053825378418,1.7301745414733887,1.7614861726760864,0.0
1712,4,74,6,1.7239603996276855,1.4050490856170654,1.7406020164489746,1.6376057863235474,0.016220835968852043,1.5702205896377563,1.7158067226409912,1.7239603996276855,0.0
1713,4,72,6,1.5582950115203857,1.207230567932129,1.5582950115203857,1.4079807996749878,0.018334008753299713,1.2970393896102905,1.4331912994384766,1.531538724899292,0.0
1714,4,64,6,1.5370638370513916,1.378164529800415,1.5670429468154907,1.5044366121292114,0.0039991335943341255,1.4878299236297607,1.5361655950546265,1.5370638370513916,0.0
1715,4,72,6,1.8284066915512085,1.6523826122283936,1.8284066915512085,1.770632266998291,0.00412954855710268,1.7436878681182861,1.7863190174102783,1.8272459506988525,0.0
1716,4,75,6,1.399416208267212,1.0530765056610107,1.399416208267212,1.2530498504638672,0.016670987010002136,1.159092903137207,1.2636255025863647,1.376636266708374,0.3
1717,4,73,6,1.6309292316436768,1.2576489448547363,1.7152830362319946,1.524553894996643,0.024016549810767174,1.4324817657470703,1.5673823356628418,1.6309292316436768,0.0
1718,4,66,6,1.5534675121307373,1.2123829126358032,1.5534675121307373,1.3437466621398926,0.022157074883580208,1.2440986633300781,1.2498366832733154,1.4785369634628296,0.1
1719,4,76,6,1.6935499906539917,1.0744755268096924,1.6935499906539917,1.4892604351043701,0.05507919192314148,1.3469674587249756,1.6023445129394531,1.6763408184051514,0.1
1720,4,71,6,1.5686818361282349,1.4231159687042236,1.5686818361282349,1.522059679031372,0.0025255263317376375,1.5076813697814941,1.534272313117981,1.5634664297103882,0.0
1721,4,65,6,1.5789934396743774,1.5789934396743774,1.6470580101013184,1.6177533864974976,0.0008275981526821852,1.589156985282898,1.6284866333007812,1.6427080631256104,0.0
1722,4,74,6,1.7456700801849365,1.655572772026062,1.7799062728881836,1.7329001426696777,0.0017777255270630121,1.713354468345642,1.7456700801849365,1.7624170780181885,0.0
1723,4,72,6,1.61710786819458,1.3123148679733276,1.61710786819458,1.4778977632522583,0.013077258132398129,1.3982951641082764,1.4643054008483887,1.590872049331665,0.0
1724,4,74,6,1.3559534549713135,1.003920555114746,1.3559534549713135,1.1528934240341187,0.023464106023311615,1.0163315534591675,1.0938422679901123,1.307941198348999,0.3
1725,4,62,6,1.316652536392212,0.9328364729881287,1.316652536392212,1.138366937637329,0.02966201864182949,0.9803279638290405,1.1439028978347778,1.3113036155700684,0.3
1726,4,62,6,1.2244153022766113,0.8420413136482239,1.2244153022766113,1.04509437084198,0.030833473429083824,0.8791321516036987,1.0528736114501953,1.221076488494873,0.3
1727,4,63,6,1.2455031871795654,0.8138960003852844,1.2905902862548828,1.131569504737854,0.026445895433425903,1.074284553527832,1.1939104795455933,1.2455031871795654,0.2
1728,4,59,6,1.3481905460357666,1.33371901512146,1.391343116760254,1.3634474277496338,0.0004549060540739447,1.3481905460357666,1.3607670068740845,1.3827590942382812,0.0
1729,4,73,6,1.3344208002090454,1.2382136583328247,1.3344208002090454,1.2990634441375732,0.001216747798025608,1.278160810470581,1.3085087537765503,1.32964026927948,0.0
1730,4,62,6,1.3275065422058105,1.2876954078674316,1.3935518264770508,1.3340203762054443,0.0009626869577914476,1.3275065422058105,1.3303234577178955,1.334326148033142,0.0
1731,4,63,6,0.8474442958831787,0.8169233202934265,0.8971642851829529,0.855316162109375,0.0005714748986065388,0.8474442958831787,0.8537330627441406,0.8621796369552612,0.5
1732,4,70,6,1.4271857738494873,1.1539852619171143,1.4271857738494873,1.2803598642349243,0.013833321630954742,1.1734296083450317,1.2511436939239502,1.401167631149292,0.2
1733,4,68,6,1.2499486207962036,0.7267217636108398,1.269016981124878,1.0672179460525513,0.0535023994743824,0.8590586185455322,1.196669578552246,1.2499486207962036,0.2
1734,4,74,6,1.405609130859375,1.0805102586746216,1.405609130859375,1.2044241428375244,0.02075953036546707,1.089087724685669,1.124237298965454,1.341993808746338,0.4
1735,4,72,6,1.4500372409820557,0.9850034713745117,1.4500372409820557,1.1856966018676758,0.037308089435100555,1.034306526184082,1.1005940437316895,1.3744536638259888,0.4
1736,4,66,6,1.0846747159957886,1.0738959312438965,1.1630909442901611,1.1070805788040161,0.0010826819343492389,1.0846747159957886,1.0901272296905518,1.129320740699768,0.4
1737,4,75,6,1.4305918216705322,1.0415306091308594,1.4305918216705322,1.2443393468856812,0.023103967308998108,1.1178690195083618,1.2321014404296875,1.3954648971557617,0.3
1738,4,72,6,1.517409086227417,1.0038509368896484,1.517409086227417,1.2548677921295166,0.0450308658182621,1.0578886270523071,1.2285799980163574,1.469491720199585,0.3
1739,4,74,6,1.1184930801391602,0.9708056449890137,1.1184930801391602,1.0769363641738892,0.002759880619123578,1.065433382987976,1.0956182479858398,1.1181879043579102,0.5
1740,4,73,6,1.3309739828109741,0.7810307741165161,1.3309739828109741,1.0817244052886963,0.041518960148096085,0.9422363042831421,1.0611863136291504,1.2803335189819336,0.3
1741,4,70,6,1.4776297807693481,1.2697985172271729,1.4776297807693481,1.4041460752487183,0.0050661079585552216,1.3794991970062256,1.4155927896499634,1.462993860244751,0.1
1742,4,69,6,1.4933037757873535,1.2711181640625,1.4933037757873535,1.365430474281311,0.008395818062126637,1.3076562881469727,1.313646912574768,1.4498175382614136,0.0
1743,4,72,6,1.4546475410461426,0.9429364204406738,1.4546475410461426,1.1951085329055786,0.04326775670051575,1.021118402481079,1.151771903038025,1.4069101810455322,0.3
1744,4,64,6,1.285874843597412,1.285874843597412,1.3907806873321533,1.3317277431488037,0.0020022853277623653,1.2872703075408936,1.3275647163391113,1.370448112487793,0.0
1745,4,74,6,1.4494967460632324,1.3158049583435059,1.4494967460632324,1.383989691734314,0.0025058728642761707,1.3519389629364014,1.3699042797088623,1.4321340322494507,0.0
1746,4,74,6,1.436048150062561,1.175549030303955,1.436048150062561,1.3539098501205444,0.008440062403678894,1.3194074630737305,1.3867032527923584,1.427785873413086,0.1
1747,4,59,6,1.4788856506347656,1.3615710735321045,1.4788856506347656,1.4198654890060425,0.0019501728238537908,1.3937325477600098,1.403897762298584,1.4614218473434448,0.0
1748,4,55,6,1.247798204421997,1.1436593532562256,1.253705382347107,1.213681936264038,0.0017552328063175082,1.1835672855377197,1.2321794033050537,1.247798204421997,0.5
1749,4,66,6,0.7071725130081177,0.5340694785118103,0.7991691827774048,0.6894562840461731,0.007788622286170721,0.6450397968292236,0.7071725130081177,0.7504119277000427,0.5
1750,4,68,6,1.6013588905334473,1.3934659957885742,1.6013588905334473,1.5216277837753296,0.00513281999155879,1.493790864944458,1.5213404893875122,1.5860750675201416,0.0
1751,4,73,6,1.6102237701416016,1.4917480945587158,1.6102237701416016,1.5407142639160156,0.0025927077513188124,1.496233344078064,1.5198702812194824,1.5906319618225098,0.0
1752,4,73,6,1.643327236175537,0.7863197922706604,1.643327236175537,1.3187932968139648,0.10682903230190277,1.0773258209228516,1.4194095134735107,1.6155991554260254,0.2
1753,4,74,6,1.590836763381958,0.715787947177887,1.590836763381958,1.3746387958526611,0.09153417497873306,1.4202789068222046,1.466284155845642,1.5693432092666626,0.1
1754,4,69,6,0.662197470664978,0.6186840534210205,0.8255321979522705,0.6789412498474121,0.004631892777979374,0.6407626867294312,0.662197470664978,0.6691131591796875,0.5
1755,4,72,6,1.1697964668273926,1.1697964668273926,1.2513947486877441,1.1900242567062378,0.0008038596715778112,1.1711454391479492,1.1810874938964844,1.1869827508926392,0.5
1756,4,69,6,1.3255622386932373,0.9621603488922119,1.3255622386932373,1.1687020063400269,0.018658818677067757,1.0660018920898438,1.184767723083496,1.2925975322723389,0.1
1757,4,67,6,1.4919352531433105,1.3045663833618164,1.4919352531433105,1.4008116722106934,0.0048776413314044476,1.3560792207717896,1.3827193975448608,1.467477560043335,0.0
1758,4,67,6,0.866896390914917,0.866896390914917,0.9790351390838623,0.9108904600143433,0.001454614568501711,0.8777026534080505,0.915627658367157,0.9212280511856079,0.5
1759,4,57,6,1.0347317457199097,0.8188668489456177,1.0347317457199097,0.9194785952568054,0.00800967589020729,0.8405157327651978,0.8966847658157349,1.0102543830871582,0.3
1760,4,61,6,1.6539934873580933,1.4248113632202148,1.6539934873580933,1.609428882598877,0.0068609630689024925,1.6378235816955566,1.6429758071899414,1.652527093887329,0.0
1761,4,65,6,1.2985470294952393,0.9989346861839294,1.2985470294952393,1.1570123434066772,0.0187478456646204,1.030799150466919,1.1579537391662598,1.2946914434432983,0.3
1762,4,77,6,1.646390438079834,1.6313352584838867,1.6720361709594727,1.6509230136871338,0.0001524342951597646,1.646390438079834,1.649143099784851,1.6560914516448975,0.0
1763,4,76,6,1.231722354888916,1.098502516746521,1.231722354888916,1.1727302074432373,0.0030856516677886248,1.1251206398010254,1.1762781143188477,1.2282187938690186,0.3
1764,4,73,6,1.4908968210220337,1.071619987487793,1.4908968210220337,1.3158915042877197,0.02699653059244156,1.1764189004898071,1.353859782218933,1.469345211982727,0.2
1765,4,71,6,1.569888949394226,1.1604658365249634,1.569888949394226,1.3303616046905518,0.029548101127147675,1.2043883800506592,1.2442208528518677,1.4902515411376953,0.3
1766,4,72,6,1.5144413709640503,1.3908119201660156,1.5153443813323975,1.4631597995758057,0.0028011868707835674,1.417020320892334,1.473140001296997,1.5144413709640503,0.0
1767,4,68,6,1.5177255868911743,1.2295774221420288,1.5216307640075684,1.4072997570037842,0.014925834722816944,1.2967231273651123,1.4549939632415771,1.5177255868911743,0.2
1768,4,72,6,1.0691895484924316,0.968189537525177,1.177995204925537,1.0625879764556885,0.004018894396722317,1.0329530239105225,1.0691895484924316,1.0698647499084473,0.4
1769,4,65,6,1.5018309354782104,1.434974193572998,1.5649418830871582,1.5152606964111328,0.0018998398445546627,1.5018309354782104,1.5152220726013184,1.551682949066162,0.0
1770,4,76,6,1.4788033962249756,1.4134931564331055,1.5323975086212158,1.476405382156372,0.0013803213369101286,1.4596219062805176,1.4788033962249756,1.4959810972213745,0.0
1771,4,73,6,1.3712635040283203,1.3426157236099243,1.3818244934082031,1.3656342029571533,0.0002026368019869551,1.3554491996765137,1.3712635040283203,1.3753107786178589,0.0
1772,4,60,6,1.2729068994522095,1.1134607791900635,1.2729068994522095,1.2125979661941528,0.0039081270806491375,1.165817141532898,1.2299340963363647,1.2711637020111084,0.3
1773,4,60,6,1.3432362079620361,1.2694506645202637,1.3543778657913208,1.3211523294448853,0.0013009959366172552,1.2893621921539307,1.3432362079620361,1.3447155952453613,0.0
1774,4,71,6,1.2466988563537598,1.0482301712036133,1.2588099241256714,1.164029836654663,0.008127085864543915,1.0749611854553223,1.1861943006515503,1.2466988563537598,0.3
1775,4,71,6,1.519761085510254,1.1414480209350586,1.519761085510254,1.326758861541748,0.020560704171657562,1.2450034618377686,1.2680039405822754,1.4615010023117065,0.0
1776,4,65,6,1.4086869955062866,1.1708064079284668,1.4086869955062866,1.2689892053604126,0.01045325119048357,1.1857331991195679,1.220066785812378,1.3700313568115234,0.3
1777,4,57,6,1.6559226512908936,1.5320982933044434,1.7126113176345825,1.6469964981079102,0.003446172224357724,1.6344091892242432,1.6559226512908936,1.6876202821731567,0.0
1778,4,62,6,1.5964066982269287,1.1026945114135742,1.5964066982269287,1.3784223794937134,0.04255861043930054,1.1796605587005615,1.4211524724960327,1.5777618885040283,0.2
1779,4,58,6,1.6161236763000488,1.413347601890564,1.6274380683898926,1.5523591041564941,0.007276248186826706,1.4878836870193481,1.6010193824768066,1.6161236763000488,0.0
1780,4,54,6,1.3988182544708252,1.3570466041564941,1.3988182544708252,1.382249355316162,0.0002135156828444451,1.3749058246612549,1.3829035758972168,1.395414113998413,0.0
1781,4,70,6,1.498227596282959,1.3422739505767822,1.5295486450195312,1.440956950187683,0.005336006172001362,1.3713593482971191,1.4608523845672607,1.498227596282959,0.0
1782,4,74,6,1.6222813129425049,1.3098467588424683,1.6222813129425049,1.4773269891738892,0.015057258307933807,1.378652572631836,1.469618558883667,1.6006042957305908,0.0
1783,4,70,6,1.498227596282959,1.3422739505767822,1.5295486450195312,1.440956950187683,0.005336006172001362,1.3713593482971191,1.4608523845672607,1.498227596282959,0.0
1784,4,66,6,1.227405071258545,0.8325378894805908,1.227405071258545,1.0148561000823975,0.02544039487838745,0.8938576579093933,0.9542120099067688,1.1738258600234985,0.3
1785,4,62,6,1.1926192045211792,0.5406795740127563,1.1926192045211792,0.8366952538490295,0.06687566637992859,0.6711652278900146,0.7189034223556519,1.075085997581482,0.4
1786,4,72,6,1.4200975894927979,0.7935835123062134,1.4200975894927979,1.2634581327438354,0.05169035121798515,1.223010778427124,1.3887577056884766,1.4135324954986572,0.1
1787,4,61,6,1.0335620641708374,0.5425047874450684,1.0335620641708374,0.7809643745422363,0.037688057869672775,0.6325006484985352,0.7244307994842529,0.9753580689430237,0.4
1788,4,67,6,1.4927692413330078,1.081486463546753,1.4927692413330078,1.329884648323059,0.03118051402270794,1.1615959405899048,1.4094228744506836,1.4827704429626465,0.0
1789,4,61,6,0.7831264734268188,0.47057396173477173,0.7831264734268188,0.6680224537849426,0.014169896952807903,0.5860838294029236,0.7136325836181641,0.7661093473434448,0.4
1790,4,71,6,1.406610131263733,0.8636564016342163,1.406610131263733,1.1080617904663086,0.055518582463264465,0.8846351504325867,1.0496243238449097,1.3493187427520752,0.3
1791,4,71,6,0.95149165391922,0.7226676940917969,0.95149165391922,0.8257050514221191,0.008794836699962616,0.7464631199836731,0.7959464192390442,0.9176437854766846,0.4
1792,4,71,6,0.45656701922416687,0.45656701922416687,0.6651880741119385,0.5765753984451294,0.007486515212804079,0.49465885758399963,0.6184864640235901,0.6401275396347046,0.5
1793,4,74,6,1.547802209854126,0.532496988773346,1.547802209854126,1.218332290649414,0.12300211191177368,1.1073380708694458,1.3171286582946777,1.497804045677185,0.1
1794,4,67,6,1.5709702968597412,0.995980978012085,1.5709702968597412,1.3321681022644043,0.039227865636348724,1.264235258102417,1.3014832735061646,1.503824234008789,0.1
1795,4,75,6,1.8053605556488037,1.3652541637420654,1.8053605556488037,1.6252763271331787,0.02748783864080906,1.5108219385147095,1.6389659643173218,1.785994529724121,0.0
1796,4,76,6,1.5707026720046997,1.2422574758529663,1.5707026720046997,1.4010623693466187,0.021859800443053246,1.2550716400146484,1.38741135597229,1.5525776147842407,0.0
1797,4,75,6,1.7576379776000977,1.1910364627838135,1.7576379776000977,1.5625262260437012,0.04980747029185295,1.400797963142395,1.661832332611084,1.7572319507598877,0.0
1798,4,78,6,1.7379974126815796,1.1839258670806885,1.7379974126815796,1.6094218492507935,0.03814711049199104,1.6294084787368774,1.6874455213546753,1.7341020107269287,0.1
1799,4,74,6,1.7635401487350464,1.5120432376861572,1.7677158117294312,1.6638379096984863,0.012190207839012146,1.556562900543213,1.707348108291626,1.7635401487350464,0.0
1800,4,71,6,1.5241990089416504,1.1946998834609985,1.5241990089416504,1.3742406368255615,0.013927717693150043,1.3130240440368652,1.3490397930145264,1.4828450679779053,0.1
1801,4,68,6,1.7268410921096802,1.5013172626495361,1.7268410921096802,1.6147119998931885,0.008377889171242714,1.5345817804336548,1.6029675006866455,1.7075358629226685,0.0
1802,4,71,6,1.7225255966186523,1.1254959106445312,1.7418770790100098,1.4864356517791748,0.07065574824810028,1.224273920059204,1.5916314125061035,1.7225255966186523,0.2
1803,4,72,6,1.6842987537384033,0.9627373218536377,1.6842987537384033,1.4160592555999756,0.06326193362474442,1.305171251296997,1.4391427040100098,1.6426752805709839,0.1
1804,4,78,6,1.2396292686462402,1.2396292686462402,1.4626247882843018,1.3672404289245605,0.00972660817205906,1.2664121389389038,1.4006810188293457,1.4587981700897217,0.2
1805,4,62,6,1.0923798084259033,0.8368294835090637,1.0923798084259033,0.9479296207427979,0.010849285870790482,0.878035843372345,0.8949448466300964,1.0457955598831177,0.4
1806,4,73,6,1.4495158195495605,1.0778323411941528,1.4495158195495605,1.296529769897461,0.01637903042137623,1.2498060464859009,1.279285192489624,1.4097814559936523,0.3
1807,4,77,6,1.6525864601135254,0.984952449798584,1.6525864601135254,1.430730938911438,0.053373705595731735,1.3530093431472778,1.493408203125,1.6137174367904663,0.1
1808,4,76,6,1.489238977432251,1.1381860971450806,1.489238977432251,1.3466212749481201,0.014387517236173153,1.313008427619934,1.3262438774108887,1.4499744176864624,0.1
1809,4,46,6,1.5675736665725708,1.5187573432922363,1.5675736665725708,1.5520639419555664,0.0002669979876372963,1.5512278079986572,1.5541050434112549,1.5642064809799194,0.0
1810,4,69,6,1.1085984706878662,1.0400840044021606,1.1085984706878662,1.0772128105163574,0.000868942413944751,1.0513025522232056,1.0777608156204224,1.1068823337554932,0.3
1811,4,72,6,1.4492524862289429,1.0582876205444336,1.4492524862289429,1.3240077495574951,0.018910173326730728,1.2739503383636475,1.364278793334961,1.4391505718231201,0.1
1812,4,71,6,1.4926860332489014,1.4926860332489014,1.580309510231018,1.5383373498916626,0.0011935436632484198,1.5049452781677246,1.546980619430542,1.5658454895019531,0.0
1813,4,71,6,1.5598331689834595,1.1962535381317139,1.5790694952011108,1.4557443857192993,0.023744286969304085,1.3529746532440186,1.5565497875213623,1.5598331689834595,0.0
1814,4,65,6,1.638875961303711,0.8258043527603149,1.638875961303711,1.3443254232406616,0.09439478814601898,1.1320838928222656,1.4575831890106201,1.611287236213684,0.0
1815,4,74,6,1.5715692043304443,0.0,1.5715692043304443,1.145983338356018,0.29266291856765747,1.1255985498428345,1.336579442024231,1.5160703659057617,0.2
1816,4,62,6,0.5781443119049072,0.041153427213430405,0.6566342115402222,0.4800516963005066,0.043736301362514496,0.4598747193813324,0.5781443119049072,0.5988729000091553,0.5
1817,4,68,6,1.181300163269043,1.1374566555023193,1.22102952003479,1.1829479932785034,0.0008117718389257789,1.1675161123275757,1.181300163269043,1.205585241317749,0.3
1818,4,57,6,0.8117965459823608,0.7540592551231384,0.9022672176361084,0.8263999223709106,0.0028989026322960854,0.7925226092338562,0.8117965459823608,0.8722355961799622,0.4
1819,4,66,6,1.3999879360198975,1.3770053386688232,1.4706058502197266,1.420331358909607,0.0012005276512354612,1.3999879360198975,1.4053575992584229,1.450437068939209,0.0
1820,4,74,6,1.4951910972595215,1.047175407409668,1.4951910972595215,1.2392632961273193,0.03517482429742813,1.0817382335662842,1.1708199977874756,1.4173518419265747,0.3
1821,4,62,6,0.7600528597831726,0.470462828874588,0.7600528597831726,0.6670668125152588,0.009624289348721504,0.6523149013519287,0.6803668737411499,0.7462321519851685,0.5
1822,4,68,6,1.4962172508239746,1.170529842376709,1.4962172508239746,1.3631837368011475,0.013939210213720798,1.2888013124465942,1.3781107664108276,1.46735417842865,0.2
1823,4,75,6,1.4229053258895874,1.3397088050842285,1.5158135890960693,1.4260333776474,0.0026005920954048634,1.4219398498535156,1.4229053258895874,1.4306632280349731,0.1
1824,4,74,6,1.5014441013336182,1.2807815074920654,1.5014441013336182,1.4156521558761597,0.007012079935520887,1.3535677194595337,1.4371594190597534,1.4930381774902344,0.0
1825,4,76,6,1.650538682937622,1.4302310943603516,1.650538682937622,1.5606656074523926,0.0062844231724739075,1.5117990970611572,1.5688730478286743,1.6317458152770996,0.0
1826,4,72,6,1.4300270080566406,1.3688783645629883,1.4843782186508179,1.4203296899795532,0.0012421332066878676,1.4036695957183838,1.4178444147109985,1.4300270080566406,0.0
1827,4,66,6,1.4786310195922852,1.1029376983642578,1.4786310195922852,1.3026076555252075,0.019247958436608315,1.2118314504623413,1.2831473350524902,1.4305789470672607,0.1
1828,4,64,6,1.4927752017974854,1.3958206176757812,1.4927752017974854,1.4460722208023071,0.0013358023716136813,1.4198238849639893,1.4395073652267456,1.4815466403961182,0.0
1829,4,70,6,1.7407082319259644,1.5600963830947876,1.7407082319259644,1.6489394903182983,0.004669746849685907,1.6081265211105347,1.6240286827087402,1.7124689817428589,0.0
1830,4,66,6,1.602426290512085,1.4512513875961304,1.602426290512085,1.534206509590149,0.0031722704879939556,1.4931052923202515,1.5322271585464478,1.5883386135101318,0.0
1831,4,76,6,1.601867914199829,1.2589423656463623,1.601867914199829,1.465446949005127,0.016504723578691483,1.3806297779083252,1.479447841644287,1.5888261795043945,0.1
1832,4,62,6,1.6332038640975952,1.4473118782043457,1.6332038640975952,1.528337836265564,0.006852610968053341,1.4508721828460693,1.5028796195983887,1.6133816242218018,0.0
1833,4,72,6,1.5285753011703491,1.3331984281539917,1.5285753011703491,1.4456446170806885,0.006572077050805092,1.3748621940612793,1.4590531587600708,1.5251550674438477,0.1
1834,4,77,6,1.018305778503418,0.9482241272926331,1.1661757230758667,1.0359070301055908,0.004221509676426649,1.018305778503418,1.0235295295715332,1.0339462757110596,0.4
1835,4,67,6,1.6383278369903564,1.23757803440094,1.6383278369903564,1.4493887424468994,0.026049405336380005,1.2995558977127075,1.4594428539276123,1.606321096420288,0.0
1836,4,66,6,1.6787681579589844,1.3170870542526245,1.6805922985076904,1.5765719413757324,0.016756940633058548,1.5459445714950562,1.6216018199920654,1.6787681579589844,0.0
1837,4,68,6,0.9696343541145325,0.9548696279525757,1.0160021781921387,0.9810695648193359,0.000569244846701622,0.9655494093894958,0.9696343541145325,1.0014755725860596,0.5
1838,4,74,6,1.4453375339508057,1.1785968542099,1.4917659759521484,1.3798785209655762,0.01068195328116417,1.344856858253479,1.4164868593215942,1.4453375339508057,0.1
1839,4,63,6,1.1214430332183838,1.0694791078567505,1.1338880062103271,1.1080869436264038,0.0005816021002829075,1.0904802083969116,1.1214430332183838,1.1219427585601807,0.2
1840,4,76,6,1.334968090057373,1.2503752708435059,1.334968090057373,1.2811431884765625,0.001456626458093524,1.2528748512268066,1.2571139335632324,1.316147804260254,0.0
1841,4,54,6,0.9967105388641357,0.9800212383270264,1.088694453239441,1.0137333869934082,0.0013336461270228028,0.9933527112007141,0.9967105388641357,1.020200490951538,0.4
1842,4,72,6,1.4204483032226562,1.3414145708084106,1.4204483032226562,1.3933912515640259,0.0008350483258254826,1.377188801765442,1.4031401872634888,1.418534755706787,0.0
1843,4,77,6,1.3007866144180298,0.08655071258544922,1.3007866144180298,0.9479858875274658,0.16748453676700592,0.9670470952987671,1.0172977447509766,1.2410885095596313,0.4
1844,4,73,6,1.170608401298523,1.0393345355987549,1.170608401298523,1.1057277917861938,0.003288553562015295,1.0498807430267334,1.1043519973754883,1.164085030555725,0.4
1845,4,70,6,1.2509411573410034,1.241743803024292,1.338465690612793,1.276936650276184,0.0014199686702340841,1.2509411573410034,1.2552908658981323,1.3048256635665894,0.0
1846,4,73,6,1.2124872207641602,1.1394574642181396,1.311424732208252,1.2418290376663208,0.0036124580074101686,1.2124872207641602,1.2425487041473389,1.2950332164764404,0.1
1847,4,70,6,1.1949026584625244,1.176666498184204,1.2853527069091797,1.205889105796814,0.0013768982607871294,1.1812667846679688,1.1949026584625244,1.2038171291351318,0.0
1848,4,71,6,1.4692809581756592,1.4253344535827637,1.5142428874969482,1.4568939208984375,0.000982010504230857,1.4299561977386475,1.4521021842956543,1.4692809581756592,0.0
1849,4,52,6,1.3856372833251953,0.9616698622703552,1.3856372833251953,1.1754719018936157,0.03593623638153076,0.9898125529289246,1.1709072589874268,1.3684234619140625,0.3
1850,4,62,6,0.025315437465906143,0.025315437465906143,0.5211151838302612,0.22659708559513092,0.03405027836561203,0.04802562668919563,0.21835877001285553,0.3434795141220093,0.5
1851,4,71,6,1.127450704574585,0.2065548598766327,1.127450704574585,0.7528542876243591,0.12549827992916107,0.47043728828430176,0.8446320295333862,1.0722708702087402,0.4
1852,4,68,6,1.5814032554626465,1.3354326486587524,1.5814032554626465,1.431837797164917,0.011445059441030025,1.3482580184936523,1.374665379524231,1.532719612121582,0.0
1853,4,66,6,1.3902974128723145,1.1718816757202148,1.3902974128723145,1.294698715209961,0.008915896527469158,1.207930326461792,1.308595895767212,1.387984037399292,0.2
1854,4,68,6,1.2185890674591064,1.2185890674591064,1.3223061561584473,1.2444994449615479,0.0013993645552545786,1.2191405296325684,1.224702000617981,1.250733494758606,0.0
1855,4,70,6,1.3434453010559082,1.0900635719299316,1.3434453010559082,1.273530125617981,0.007657838985323906,1.2657430171966553,1.3057496547698975,1.334261178970337,0.1
1856,4,75,6,1.2483718395233154,1.0985090732574463,1.3027527332305908,1.2129002809524536,0.004132267087697983,1.1874165534973145,1.2213165760040283,1.2483718395233154,0.3
1857,4,70,6,1.2346034049987793,1.2346034049987793,1.2900699377059937,1.2541152238845825,0.00043893727706745267,1.2349506616592407,1.2485325336456299,1.2665303945541382,0.2
1858,4,65,6,1.0390197038650513,1.0390197038650513,1.218428373336792,1.0894839763641357,0.004431811161339283,1.042344331741333,1.0524287223815918,1.1148185729980469,0.5
1859,4,66,6,1.2383811473846436,1.1648072004318237,1.28932785987854,1.2389872074127197,0.0014145208988338709,1.2383811473846436,1.2408279180526733,1.2556322813034058,0.1
1860,4,72,6,1.1166248321533203,1.1166248321533203,1.3054041862487793,1.1967167854309082,0.005622867960482836,1.1255912780761719,1.180654525756836,1.2624577283859253,0.2
1861,4,64,6,1.3178784847259521,1.1515799760818481,1.3178784847259521,1.255919337272644,0.004108656197786331,1.2089078426361084,1.2807749509811401,1.3098602294921875,0.2
1862,4,65,6,1.2846150398254395,1.1878267526626587,1.322709321975708,1.2663264274597168,0.0026102422270923853,1.2259788513183594,1.2846150398254395,1.3049730062484741,0.2
1863,4,66,6,1.3178282976150513,1.2458524703979492,1.414100170135498,1.3268628120422363,0.00245865760371089,1.3178282976150513,1.3187336921691895,1.3393559455871582,0.0
1864,4,70,6,1.2034815549850464,0.9481672644615173,1.2034815549850464,1.0713621377944946,0.01069502905011177,0.9777557849884033,1.058011770248413,1.1716253757476807,0.3
1865,4,70,6,1.095466136932373,0.9682773947715759,1.095466136932373,1.0155932903289795,0.0032583563588559628,0.969874382019043,0.9826309084892273,1.069856882095337,0.3
1866,4,70,6,1.389567494392395,1.389567494392395,1.5315378904342651,1.4573147296905518,0.0034553383011370897,1.3978886604309082,1.4581706523895264,1.5110280513763428,0.0
1867,4,61,6,1.1743239164352417,1.1570916175842285,1.2305781841278076,1.1877424716949463,0.0008992225048132241,1.1652722358703613,1.1743239164352417,1.214492917060852,0.0
1868,4,48,6,0.9136487245559692,0.7694860696792603,0.9136487245559692,0.8689902424812317,0.002677341690286994,0.8479184508323669,0.8886159658432007,0.91157066822052,0.5
1869,4,66,6,1.2572599649429321,1.1252001523971558,1.2572599649429321,1.1819905042648315,0.0030140243470668793,1.138298749923706,1.1585291624069214,1.2352843284606934,0.0
1870,4,60,6,0.7911208868026733,0.7593632936477661,1.07785165309906,0.8997341394424438,0.015989284962415695,0.7911208868026733,0.8657878637313843,1.0139834880828857,0.5
1871,4,58,6,0.8200927972793579,0.8141229748725891,0.8854777812957764,0.8405747413635254,0.0006791919004172087,0.8200927972793579,0.8301875591278076,0.8576053380966187,0.5
1872,4,72,6,1.0828649997711182,0.8974980115890503,1.0828649997711182,1.0333800315856934,0.00402911938726902,1.0356826782226562,1.052290916442871,1.076964259147644,0.1
1873,4,70,6,1.143378496170044,1.1058963537216187,1.143378496170044,1.1270389556884766,0.00017992340144701302,1.1193655729293823,1.1261940002441406,1.1391597986221313,0.0
1874,4,40,6,1.4601014852523804,1.4601014852523804,1.4753148555755615,1.4655600786209106,3.48946668964345e-05,1.4601014852523804,1.463883399963379,1.469473123550415,0.0
1875,4,62,6,1.7530131340026855,1.701918363571167,1.7530131340026855,1.7370139360427856,0.0003385428281035274,1.7304667234420776,1.7422106266021729,1.752686619758606,0.0
1876,4,50,6,1.510859489440918,1.4803283214569092,1.5203112363815308,1.5026648044586182,0.00023458845680579543,1.489793300628662,1.510859489440918,1.510859489440918,0.0
1877,4,53,6,1.7629339694976807,1.7111146450042725,1.7720921039581299,1.7395440340042114,0.0007095214095897973,1.714094638824463,1.7385143041610718,1.7629339694976807,0.0
1878,4,59,6,1.674456238746643,1.2312684059143066,1.674456238746643,1.461053490638733,0.04203498363494873,1.260016679763794,1.467953085899353,1.6674773693084717,0.3
1879,4,71,6,1.6597119569778442,1.6096391677856445,1.6597119569778442,1.6378511190414429,0.00041195660014636815,1.6214971542358398,1.6387289762496948,1.6580908298492432,0.0
1880,4,71,6,1.8017668724060059,1.7346705198287964,1.8017668724060059,1.7795895338058472,0.0006632354343309999,1.7629112005233765,1.7916111946105957,1.8013026714324951,0.0
1881,4,52,6,1.7192679643630981,1.6592943668365479,1.7215535640716553,1.696806788444519,0.0006130269612185657,1.6766581535339355,1.704068660736084,1.7192679643630981,0.0
1882,4,64,6,0.9565187096595764,0.9565187096595764,1.1220847368240356,1.022344708442688,0.00340370275080204,0.9693846702575684,1.0185842514038086,1.0536296367645264,0.5
1883,4,69,6,1.416715145111084,1.0032343864440918,1.416715145111084,1.2028822898864746,0.03011457622051239,1.0328378677368164,1.188490629196167,1.3766798973083496,0.2
1884,4,73,6,1.4660758972167969,1.1279011964797974,1.4660758972167969,1.3673934936523438,0.013694350607693195,1.3442816734313965,1.4083659648895264,1.455140471458435,0.1
1885,4,77,6,1.5460422039031982,1.3539154529571533,1.5483195781707764,1.4884305000305176,0.005030784755945206,1.4567222595214844,1.5184965133666992,1.5460422039031982,0.0
1886,4,60,6,1.5460894107818604,1.3310496807098389,1.5460894107818604,1.4372450113296509,0.006524208467453718,1.3978445529937744,1.4011985063552856,1.5107052326202393,0.0
1887,4,62,6,1.583581566810608,1.2006593942642212,1.583581566810608,1.379150152206421,0.026590904220938683,1.2324323654174805,1.3391824960708618,1.5463800430297852,0.1
1888,4,72,6,1.523111343383789,1.190788984298706,1.523111343383789,1.4230881929397583,0.012671569362282753,1.4124884605407715,1.4474663734436035,1.508516788482666,0.1
1889,4,73,6,1.4727258682250977,1.206604242324829,1.4727258682250977,1.3074592351913452,0.013887376524508,1.214343547821045,1.2425105571746826,1.4172149896621704,0.0
1890,4,71,6,1.5758442878723145,1.3175952434539795,1.5758442878723145,1.4512345790863037,0.010274209082126617,1.364055871963501,1.4457571506500244,1.5506627559661865,0.0
1891,4,75,6,1.571221947669983,1.2740954160690308,1.571221947669983,1.3784620761871338,0.018612831830978394,1.2794760465621948,1.2878044843673706,1.5018107891082764,0.3
1892,4,66,6,1.4120779037475586,1.362493634223938,1.4608409404754639,1.4193897247314453,0.0010642437264323235,1.4120779037475586,1.412815809249878,1.4448587894439697,0.0
1893,4,72,6,1.5573786497116089,1.0146090984344482,1.5573786497116089,1.347883701324463,0.033741340041160583,1.3035316467285156,1.3282805681228638,1.5046734809875488,0.1
1894,4,62,6,1.488701581954956,1.4166128635406494,1.4942522048950195,1.4636470079421997,0.000961818266659975,1.436810851097107,1.4777504205703735,1.488701581954956,0.0
1895,4,73,6,1.547311782836914,0.8762532472610474,1.547311782836914,1.3575315475463867,0.05280620977282524,1.3406275510787964,1.4237772226333618,1.5268135070800781,0.1
1896,4,75,6,1.2150529623031616,1.174804925918579,1.2798821926116943,1.2242823839187622,0.0011051336769014597,1.211185097694397,1.2150529623031616,1.242017149925232,0.5
1897,4,69,6,1.6778240203857422,1.4443796873092651,1.6778240203857422,1.5904152393341064,0.007164854556322098,1.5400439500808716,1.6072584390640259,1.6679134368896484,0.0
1898,4,68,6,1.7166616916656494,1.290153980255127,1.7166616916656494,1.5540621280670166,0.021547438576817513,1.494673490524292,1.5591294765472412,1.684364914894104,0.1
1899,4,75,6,1.254951000213623,1.0325379371643066,1.254951000213623,1.1402407884597778,0.00821156520396471,1.0564323663711548,1.1302509307861328,1.2287836074829102,0.2
1900,4,70,6,1.4037545919418335,1.242960810661316,1.4037545919418335,1.3267028331756592,0.0034279634710401297,1.3003976345062256,1.3055168390274048,1.3792117834091187,0.0
1901,4,71,6,1.4262995719909668,1.2710928916931152,1.4262995719909668,1.3819012641906738,0.002741658827289939,1.3849225044250488,1.3925771713256836,1.4180117845535278,0.1
1902,4,66,6,1.6333625316619873,1.3453922271728516,1.6333625316619873,1.4865702390670776,0.01344673428684473,1.382140874862671,1.4731236696243286,1.6002353429794312,0.0
1903,4,72,6,1.4924615621566772,1.0556306838989258,1.4924615621566772,1.3109461069107056,0.023290324956178665,1.2455265522003174,1.2904436588287354,1.4522181749343872,0.3
1904,4,74,6,1.5135278701782227,1.274276852607727,1.5135278701782227,1.3823652267456055,0.009590025059878826,1.299321174621582,1.3522820472717285,1.4781864881515503,0.2
1905,4,64,6,1.1302852630615234,1.105373740196228,1.2424166202545166,1.1758065223693848,0.0030070410575717688,1.1302852630615234,1.176523208618164,1.2234783172607422,0.5
1906,4,67,6,1.4980852603912354,1.3578896522521973,1.5406577587127686,1.4749789237976074,0.00440458906814456,1.4373232126235962,1.4980852603912354,1.5280863046646118,0.0
1907,4,69,6,1.4991991519927979,1.1329431533813477,1.4991991519927979,1.3486248254776,0.019680585712194443,1.237257957458496,1.377286434173584,1.4801604747772217,0.2
1908,4,65,6,1.6367676258087158,1.4932862520217896,1.6367676258087158,1.5768928527832031,0.0024689927231520414,1.5581004619598389,1.5686066150665283,1.6217706203460693,0.0
1909,4,76,6,1.5671844482421875,1.0292378664016724,1.5789536237716675,1.43861722946167,0.038481250405311584,1.4083919525146484,1.542057752609253,1.5671844482421875,0.1
1910,4,72,6,1.7544527053833008,1.4149689674377441,1.7544527053833008,1.6117186546325684,0.014374344609677792,1.548048734664917,1.608293056488037,1.7193259000778198,0.0
1911,4,65,6,1.6457746028900146,1.451420545578003,1.6457746028900146,1.5584999322891235,0.005115466192364693,1.5131335258483887,1.548862099647522,1.6283578872680664,0.0
1912,4,60,6,1.4382847547531128,1.2745578289031982,1.4891784191131592,1.4274611473083496,0.005098233465105295,1.4382847547531128,1.4405829906463623,1.4719054698944092,0.0
1913,4,62,6,1.0254299640655518,1.0254299640655518,1.1190968751907349,1.054237961769104,0.0009899345459416509,1.0310053825378418,1.0488473176956177,1.0558230876922607,0.5
1914,4,72,6,1.1914951801300049,0.9243813753128052,1.1914951801300049,1.1004077196121216,0.008281644433736801,1.075015902519226,1.1130043268203735,1.176906943321228,0.2
1915,4,69,6,1.2230700254440308,0.6675733923912048,1.2230700254440308,0.973857581615448,0.054823052138090134,0.7557508945465088,1.0023109912872314,1.2063148021697998,0.3
1916,4,69,6,1.2505433559417725,0.6465751528739929,1.2505433559417725,0.969630241394043,0.06959407031536102,0.7262487411499023,0.9788784980773926,1.2353699207305908,0.3
1917,4,53,6,1.4533169269561768,1.3276516199111938,1.4533169269561768,1.395297884941101,0.002160920761525631,1.366258144378662,1.3860535621643066,1.4408020973205566,0.0
1918,4,72,6,1.0611851215362549,0.8567959070205688,1.0611851215362549,1.0028599500656128,0.004748451057821512,1.008415699005127,1.0155072212219238,1.0504610538482666,0.4
1919,4,72,6,1.3747913837432861,0.7824950218200684,1.3747913837432861,1.0381207466125488,0.05939703434705734,0.8566892147064209,0.9301974177360535,1.26669180393219,0.4
1920,4,70,6,1.301992416381836,1.118865728378296,1.301992416381836,1.2294120788574219,0.003973562270402908,1.207041621208191,1.2233617305755615,1.2863072156906128,0.2
1921,4,69,6,1.3608803749084473,0.8102707266807556,1.3608803749084473,1.0946725606918335,0.06010241433978081,0.8442875146865845,1.112406849861145,1.3409689664840698,0.3
1922,4,69,6,1.3442661762237549,0.7902026176452637,1.3442661762237549,1.0802828073501587,0.05801095440983772,0.8366770148277283,1.1030468940734863,1.3206970691680908,0.3
1923,4,72,6,1.119520664215088,0.9079335927963257,1.119520664215088,1.051427960395813,0.004988945089280605,1.0505098104476929,1.055770754814148,1.1045544147491455,0.4
1924,4,69,6,1.10899019241333,0.7831088304519653,1.10899019241333,0.9924860000610352,0.01325666718184948,0.9352054595947266,1.0198054313659668,1.092101812362671,0.4
1925,4,71,6,1.432077169418335,0.958182692527771,1.432077169418335,1.2438812255859375,0.031237943097949028,1.1218692064285278,1.2714786529541016,1.4114227294921875,0.1
1926,4,65,6,0.8501516580581665,0.8501516580581665,1.0126429796218872,0.9245046377182007,0.0033772902097553015,0.8711419701576233,0.939601480960846,0.952431321144104,0.5
1927,4,67,6,1.322185754776001,1.019479513168335,1.322185754776001,1.1909315586090088,0.014734635129570961,1.0809441804885864,1.2184038162231445,1.3035950660705566,0.2
1928,4,72,6,1.6168599128723145,1.4042530059814453,1.6168599128723145,1.5465633869171143,0.00627167196944356,1.5018690824508667,1.5823606252670288,1.6094706058502197,0.0
1929,4,68,6,1.4637773036956787,1.0181653499603271,1.4637773036956787,1.3190852403640747,0.025423550978302956,1.255640983581543,1.3619821071624756,1.456803560256958,0.1
1930,4,75,6,1.57806396484375,1.2657175064086914,1.57806396484375,1.45150887966156,0.016059475019574165,1.3400226831436157,1.4882235527038574,1.5707077980041504,0.0
1931,4,64,6,1.6809526681900024,1.4564764499664307,1.6809526681900024,1.5927424430847168,0.006232148502022028,1.5512330532073975,1.5999276638031006,1.6631085872650146,0.0
1932,4,70,6,1.1252684593200684,1.0527753829956055,1.1402119398117065,1.1054303646087646,0.000852476223371923,1.0908586978912354,1.1135691404342651,1.1252684593200684,0.5
1933,4,65,6,1.0446770191192627,1.0446770191192627,1.1553466320037842,1.097966194152832,0.0018465270986780524,1.0581390857696533,1.0996582508087158,1.1330325603485107,0.4
1934,4,64,6,1.2812087535858154,1.1780498027801514,1.3041552305221558,1.257301926612854,0.002546281088143587,1.2180261611938477,1.2812087535858154,1.2969698905944824,0.3
1935,4,57,6,1.5288500785827637,1.4154142141342163,1.5667037963867188,1.5024771690368652,0.0028579102363437414,1.4660165309906006,1.5288500785827637,1.52969229221344,0.0
1936,4,73,6,1.520420789718628,1.520420789718628,1.5619845390319824,1.5353187322616577,0.00023563265858683735,1.5224156379699707,1.5298928022384644,1.5448219776153564,0.0
1937,4,63,6,0.8822736740112305,0.8822736740112305,1.080946922302246,0.9897607564926147,0.006224682088941336,0.9152718782424927,1.0197879076004028,1.0464482307434082,0.5
1938,4,59,6,1.1560468673706055,1.1467888355255127,1.238196611404419,1.1922903060913086,0.0015671821311116219,1.1560468673706055,1.1920238733291626,1.228496789932251,0.5
1939,4,65,6,1.66649329662323,1.1989903450012207,1.66649329662323,1.5223448276519775,0.02730685845017433,1.4630117416381836,1.5841152667999268,1.6543118953704834,0.1
1940,4,63,6,1.5801544189453125,1.155100703239441,1.5801544189453125,1.41594398021698,0.023955464363098145,1.318515658378601,1.4511573314666748,1.550633430480957,0.0
1941,4,71,6,1.4568405151367188,1.211742877960205,1.4568405151367188,1.3407649993896484,0.01064531970769167,1.2398748397827148,1.348612666130066,1.4435173273086548,0.0
1942,4,61,6,1.1310433149337769,1.1043847799301147,1.1911516189575195,1.1482672691345215,0.0010368836810812354,1.1310433149337769,1.136091709136963,1.178415060043335,0.3
1943,4,51,6,1.4052844047546387,1.4052844047546387,1.501103162765503,1.4355720281600952,0.0012632671277970076,1.4060149192810059,1.4199864864349365,1.4542820453643799,0.0
1944,4,71,6,1.4643962383270264,1.4268025159835815,1.4945220947265625,1.4646923542022705,0.000403556099627167,1.463814377784729,1.4643962383270264,1.4719114303588867,0.0
1945,4,65,6,0.8163313269615173,0.8163313269615173,1.0878562927246094,0.907921314239502,0.00956206675618887,0.8210651874542236,0.8878467082977295,0.9485934972763062,0.5
1946,4,68,6,1.2664915323257446,1.228358507156372,1.3018712997436523,1.2565220594406128,0.0006379530532285571,1.2346041202545166,1.2555813789367676,1.2664915323257446,0.0
1947,4,71,6,1.7690657377243042,1.449880838394165,1.7814915180206299,1.660361886024475,0.01845400221645832,1.5464375019073486,1.7325961589813232,1.7690657377243042,0.0
1948,4,71,6,1.303339958190918,1.303339958190918,1.4367330074310303,1.3765320777893066,0.00308395316824317,1.3214064836502075,1.3910412788391113,1.4268920421600342,0.0
1949,4,69,6,1.5105032920837402,1.4477946758270264,1.5105032920837402,1.490667462348938,0.00046480540186166763,1.4853315353393555,1.495712399482727,1.5082359313964844,0.0
1950,4,65,6,0.7535876631736755,0.7311676144599915,1.2455227375030518,0.9104418158531189,0.03442396596074104,0.7535876631736755,0.863970160484314,0.9969126582145691,0.4
1951,4,62,6,1.4702537059783936,1.199508786201477,1.4702537059783936,1.3519154787063599,0.010510735213756561,1.2836203575134277,1.3441777229309082,1.4534999132156372,0.0
1952,4,54,6,1.485318899154663,1.397900104522705,1.5140795707702637,1.4581269025802612,0.0019943995866924524,1.4154860973358154,1.4767813682556152,1.485318899154663,0.0
1953,4,74,6,1.247168779373169,1.1962547302246094,1.3033440113067627,1.253423810005188,0.0014590899227187037,1.2316073179244995,1.247168779373169,1.2869322299957275,0.0
1954,4,76,6,1.1427912712097168,1.063664197921753,1.152658462524414,1.1215773820877075,0.0008908790186978877,1.1131056547164917,1.12895929813385,1.1427912712097168,0.0
1955,4,68,6,1.56610107421875,1.3907451629638672,1.5874528884887695,1.5036041736602783,0.005390877369791269,1.4511491060256958,1.515320062637329,1.56610107421875,0.0
1956,4,71,6,1.3235435485839844,0.8507082462310791,1.3235435485839844,1.1064724922180176,0.02912541665136814,1.0134507417678833,1.0676343441009521,1.2673521041870117,0.3
1957,4,73,6,1.5687446594238281,1.2165848016738892,1.5799190998077393,1.4258530139923096,0.022614242509007454,1.3009707927703857,1.4492449760437012,1.5687446594238281,0.0
1958,4,75,6,1.4445276260375977,1.1712121963500977,1.4445276260375977,1.3130539655685425,0.012156934477388859,1.2164630889892578,1.306128740310669,1.4243460893630981,0.0
1959,4,69,6,1.090964913368225,1.090964913368225,1.2516058683395386,1.184678554534912,0.004647786263376474,1.1194483041763306,1.2127341032028198,1.241943120956421,0.1
1960,4,72,6,1.7421025037765503,1.2244796752929688,1.7421025037765503,1.4961105585098267,0.05088403820991516,1.2882375717163086,1.4946366548538208,1.724686622619629,0.0
1961,4,74,6,1.4487278461456299,1.3055367469787598,1.528336524963379,1.4071214199066162,0.006390145048499107,1.3317787647247314,1.4261350631713867,1.4487278461456299,0.0
1962,4,76,6,1.4337044954299927,1.1827651262283325,1.4876573085784912,1.3654617071151733,0.0134624894708395,1.2771403789520264,1.4309160709381104,1.4337044954299927,0.0
1963,4,69,6,1.5059133768081665,1.3084518909454346,1.5059133768081665,1.438976526260376,0.006304256152361631,1.3793221712112427,1.480832815170288,1.5044656991958618,0.0
1964,4,70,6,1.6375491619110107,1.421478509902954,1.6450812816619873,1.5801136493682861,0.006254677195101976,1.5566681623458862,1.6163742542266846,1.6375491619110107,0.0
1965,4,55,6,1.03142511844635,0.7581863403320312,1.03142511844635,0.914196789264679,0.01328158937394619,0.8015576601028442,0.9515502452850342,1.018568992614746,0.3
1966,4,60,6,1.163169503211975,0.9072426557540894,1.163169503211975,1.033172607421875,0.009463685564696789,0.9705096483230591,1.0020124912261963,1.1239453554153442,0.4
1967,4,60,6,0.9862802028656006,0.6207966804504395,0.9862802028656006,0.8490854501724243,0.016036730259656906,0.7927682399749756,0.8631543517112732,0.9596543312072754,0.5
1968,4,75,6,1.541642189025879,0.7484109997749329,1.541642189025879,1.1617909669876099,0.10378590226173401,0.8595718145370483,1.1878576278686523,1.463089942932129,0.2
1969,4,60,6,1.1007500886917114,0.9045237898826599,1.113052248954773,1.035724401473999,0.007077191025018692,0.9661872982978821,1.0806403160095215,1.1007500886917114,0.5
1970,4,55,6,1.1372358798980713,0.8964484333992004,1.1372358798980713,1.01552414894104,0.008226742967963219,0.9632764458656311,0.9817677736282349,1.0995512008666992,0.4
1971,4,67,6,1.5894451141357422,0.8604061603546143,1.5894451141357422,1.1440876722335815,0.10000287741422653,0.9390215873718262,0.943628191947937,1.4283561706542969,0.4
1972,4,58,6,1.0088615417480469,0.7974255084991455,1.0088615417480469,0.9508994221687317,0.005507153458893299,0.9410005807876587,0.9762176275253296,1.0071139335632324,0.4
1973,4,57,6,1.1038095951080322,0.7660959959030151,1.1038095951080322,0.9785817265510559,0.015199546702206135,0.9041186571121216,1.0145150423049927,1.082554817199707,0.4
1974,4,62,6,1.4125359058380127,1.3037246465682983,1.4125359058380127,1.3781204223632812,0.001557891839183867,1.3603934049606323,1.3925063610076904,1.4114468097686768,0.0
1975,4,73,6,1.365342378616333,1.18284010887146,1.4708513021469116,1.3299822807312012,0.01026997622102499,1.2485278844833374,1.365342378616333,1.3807815313339233,0.2
1976,4,65,6,1.5649203062057495,1.437342643737793,1.6181063652038574,1.5461992025375366,0.004639620427042246,1.4973543882369995,1.5649203062057495,1.6040351390838623,0.0
1977,4,60,6,1.3110356330871582,1.3110356330871582,1.4978402853012085,1.4046989679336548,0.00558254960924387,1.328899621963501,1.4217219352722168,1.4638668298721313,0.0
1978,4,68,6,1.5557894706726074,1.5537822246551514,1.6037282943725586,1.563521385192871,0.0003249790461268276,1.5546305179595947,1.5557894706726074,1.557293176651001,0.0
1979,4,71,6,1.5189354419708252,1.2834482192993164,1.620194435119629,1.4838287830352783,0.013616669923067093,1.4144089221954346,1.5189354419708252,1.5661534070968628,0.1
1980,4,73,6,1.503704309463501,1.113182783126831,1.5733776092529297,1.3510704040527344,0.03275725245475769,1.1904990673065186,1.3706932067871094,1.503704309463501,0.2
1981,4,70,6,1.4169597625732422,0.9373229742050171,1.5284360647201538,1.244161605834961,0.052161894738674164,1.0255095958709717,1.3069387674331665,1.4169597625732422,0.2
1982,4,71,6,1.5473229885101318,1.320992350578308,1.5781341791152954,1.49651038646698,0.009199026972055435,1.4469472169876099,1.5473229885101318,1.5656815767288208,0.1
1983,4,73,6,1.1672310829162598,1.1672310829162598,1.28043794631958,1.2254459857940674,0.002339565195143223,1.1758168935775757,1.233013391494751,1.2699248790740967,0.2
1984,4,58,6,0.36970382928848267,0.36970382928848267,0.567713737487793,0.4732916057109833,0.006429704837501049,0.39233189821243286,0.49442940950393677,0.5399876832962036,0.5
1985,4,64,6,0.45540446043014526,0.3895605206489563,0.4961323142051697,0.45261090993881226,0.0010260229464620352,0.45154449343681335,0.45540446043014526,0.4655305743217468,0.5
1986,4,69,6,1.5688215494155884,1.2862391471862793,1.5688215494155884,1.4381028413772583,0.010326540097594261,1.3878129720687866,1.4102916717529297,1.5320626497268677,0.0
1987,4,56,6,0.30100691318511963,0.30100691318511963,0.374864399433136,0.32591256499290466,0.0011104550212621689,0.3012825846672058,0.30376341938972473,0.35465705394744873,0.5
1988,4,72,6,1.5381654500961304,1.0027717351913452,1.5381654500961304,1.2410653829574585,0.04899664223194122,1.0501668453216553,1.1709635257720947,1.4579607248306274,0.3
1989,4,56,6,0.22370405495166779,0.22370405495166779,0.6752307415008545,0.5099396109580994,0.04119088500738144,0.3245779275894165,0.6362289190292358,0.6597201824188232,0.5
1990,4,74,6,1.5168802738189697,0.8370710015296936,1.5168802738189697,1.1843010187149048,0.0670773983001709,0.990085244178772,1.1436259746551514,1.4301798343658447,0.1
1991,4,63,6,0.5974612832069397,0.5974612832069397,0.6761422157287598,0.6248098611831665,0.0009217130718752742,0.597690999507904,0.6133757829666138,0.6453749537467957,0.5
1992,4,72,6,1.354358196258545,1.0410330295562744,1.354358196258545,1.2025434970855713,0.015095873735845089,1.1011154651641846,1.188364028930664,1.325423002243042,0.3
1993,4,63,6,1.2300679683685303,0.8810025453567505,1.2374212741851807,1.1141247749328613,0.017806224524974823,1.0338776111602783,1.160798192024231,1.2300679683685303,0.0
1994,4,68,6,1.5742368698120117,1.337824821472168,1.6726421117782593,1.5201313495635986,0.010906871408224106,1.4794782400131226,1.5290255546569824,1.5742368698120117,0.0
1995,4,73,6,1.390163779258728,1.2823516130447388,1.390163779258728,1.3512800931930542,0.0017823564121499658,1.3194012641906738,1.3696415424346924,1.3873310089111328,0.0
1996,4,66,6,1.100698471069336,0.7302744388580322,1.100698471069336,0.9851941466331482,0.015900911763310432,0.9613621830940247,1.0170810222625732,1.0817008018493652,0.5
1997,4,75,6,1.7804737091064453,1.5120123624801636,1.7804737091064453,1.6534092426300049,0.009659986943006516,1.5985431671142578,1.6254584789276123,1.7469756603240967,0.0
1998,4,69,6,1.4815834760665894,1.3019284009933472,1.5889654159545898,1.463008165359497,0.012094157747924328,1.374942421913147,1.4815834760665894,1.5588405132293701,0.0
1999,4,73,6,1.3264009952545166,1.1062291860580444,1.3264009952545166,1.2013323307037354,0.008086463436484337,1.144051194190979,1.1525357961654663,1.2849358320236206,0.4
2000,4,66,6,1.4194540977478027,1.3310391902923584,1.4194540977478027,1.3880695104599,0.0014898094814270735,1.3544044494628906,1.4109443426132202,1.418094277381897,0.0
2001,4,68,6,1.261092185974121,1.1106975078582764,1.3496328592300415,1.2649729251861572,0.006072692573070526,1.261092185974121,1.2648972272872925,1.3211407661437988,0.1
2002,4,73,6,1.5874046087265015,1.3206110000610352,1.5874046087265015,1.4316456317901611,0.012762099504470825,1.339002251625061,1.3840962648391724,1.5382952690124512,0.1
2003,4,76,6,1.5521655082702637,1.4934592247009277,1.6859427690505981,1.5761232376098633,0.004695089999586344,1.5307419300079346,1.5521655082702637,1.6250956058502197,0.0
2004,4,69,6,1.341259241104126,1.1261816024780273,1.345958948135376,1.263371229171753,0.007233070209622383,1.2048351764678955,1.2849705219268799,1.341259241104126,0.2
2005,4,77,6,1.001523494720459,1.001523494720459,1.2189630270004272,1.113431692123413,0.009178301319479942,1.015121579170227,1.1246711015701294,1.2052850723266602,0.5
2006,4,75,6,1.5846459865570068,1.285871982574463,1.5846459865570068,1.4608925580978394,0.01059248298406601,1.4242907762527466,1.4460570812225342,1.550780177116394,0.0
2007,4,55,6,1.262857437133789,1.1858868598937988,1.262857437133789,1.2392067909240723,0.000805047748144716,1.2254106998443604,1.2525774240493774,1.2618842124938965,0.1
2008,4,56,6,1.3443937301635742,1.292266607284546,1.3443937301635742,1.32273530960083,0.0003472526732366532,1.3117293119430542,1.3229018449783325,1.3401827812194824,0.0
2009,4,70,6,1.483903169631958,1.483903169631958,1.5810892581939697,1.5136727094650269,0.0010569703299552202,1.4904347658157349,1.5102750062942505,1.512073040008545,0.0
2010,4,69,6,1.4668567180633545,1.147730827331543,1.4771413803100586,1.4125237464904785,0.01415808405727148,1.4477990865707397,1.4668567180633545,1.4730470180511475,0.1
2011,4,59,6,1.342292308807373,1.2764556407928467,1.342292308807373,1.3059524297714233,0.0007377262809313834,1.2823342084884644,1.2983272075653076,1.3320634365081787,0.0
2012,4,69,6,1.4735393524169922,1.1660364866256714,1.479196310043335,1.4179953336715698,0.012786656618118286,1.4535411596298218,1.4699740409851074,1.4735393524169922,0.1
2013,4,69,6,1.4747850894927979,1.1663670539855957,1.4747850894927979,1.4166908264160156,0.012622266076505184,1.451902985572815,1.46767258644104,1.4746692180633545,0.1
2014,4,73,6,1.2439253330230713,1.2439253330230713,1.4790008068084717,1.3380416631698608,0.009490130469202995,1.2506457567214966,1.3008818626403809,1.4274650812149048,0.2
2015,4,69,6,1.4922804832458496,1.3307688236236572,1.4922804832458496,1.4115198850631714,0.0036727692931890488,1.3762619495391846,1.3895272016525269,1.4687633514404297,0.1
2016,4,73,6,1.7046977281570435,1.153560757637024,1.7046977281570435,1.4479528665542603,0.04611565172672272,1.279965877532959,1.4285542964935303,1.6635738611221313,0.2
2017,4,72,6,1.5192002058029175,1.5169131755828857,1.6361397504806519,1.5700836181640625,0.0028376122936606407,1.5192002058029175,1.5574615001678467,1.623924970626831,0.0
2018,4,76,6,1.406975507736206,1.385277271270752,1.4081647396087646,1.4012696743011475,6.204722740221769e-05,1.3997262716293335,1.4039303064346313,1.406975507736206,0.0
2019,4,72,6,1.353819489479065,1.183671236038208,1.353819489479065,1.2584550380706787,0.005147672723978758,1.1946039199829102,1.2349870204925537,1.3303385972976685,0.4
2020,4,73,6,1.6755552291870117,1.1993218660354614,1.6755552291870117,1.4501023292541504,0.03142073377966881,1.327921986579895,1.4218569993972778,1.6195238828659058,0.1
2021,4,65,6,1.3118550777435303,1.3118550777435303,1.5335901975631714,1.4222773313522339,0.007307941094040871,1.3415213823318481,1.4364187717437744,1.4882240295410156,0.0
2022,4,68,6,1.5919421911239624,1.2364698648452759,1.5919421911239624,1.4247349500656128,0.01969936676323414,1.3117653131484985,1.4119482040405273,1.5662846565246582,0.2
2023,4,71,6,1.4153165817260742,0.654051661491394,1.4153165817260742,1.0358052253723145,0.0875454843044281,0.8042981028556824,0.9755023717880249,1.3292967081069946,0.3
2024,4,74,6,1.7917990684509277,1.1418260335922241,1.8331485986709595,1.6741609573364258,0.05861865356564522,1.7148017883300781,1.7917990684509277,1.7958927154541016,0.0
2025,4,70,6,1.656531810760498,1.0301289558410645,1.6738691329956055,1.4559184312820435,0.06813555210828781,1.2587112188339233,1.608391284942627,1.656531810760498,0.1
2026,4,72,6,1.740673542022705,1.5199611186981201,1.740673542022705,1.633580207824707,0.0065418933518230915,1.5969979763031006,1.6023578643798828,1.7062792778015137,0.0
2027,4,66,6,1.6385644674301147,0.8961043953895569,1.6385644674301147,1.289504051208496,0.11086881905794144,0.9554401636123657,1.323967456817627,1.6223589181900024,0.2
2028,4,76,6,1.4735660552978516,1.3884525299072266,1.4803409576416016,1.448736548423767,0.0013158926740288734,1.423208236694336,1.470945119857788,1.4735660552978516,0.0
2029,4,71,6,0.9709258675575256,0.9355602264404297,1.1150617599487305,1.004823088645935,0.003270127112045884,0.9709258675575256,0.9932951927185059,1.0195164680480957,0.5
2030,4,58,6,1.037381887435913,0.46685802936553955,1.037381887435913,0.7083123922348022,0.056514862924814224,0.5264410376548767,0.6004835367202759,0.9323011636734009,0.4
2031,4,70,6,1.545714259147644,0.987701416015625,1.5528590679168701,1.3822472095489502,0.05316817760467529,1.2336088418960571,1.5353690385818481,1.545714259147644,0.1
2032,4,61,6,1.0750372409820557,0.8934459686279297,1.1962144374847412,1.0700771808624268,0.009380479343235493,1.0382131338119507,1.0750372409820557,1.1348516941070557,0.3
2033,4,68,6,1.8053146600723267,1.4648444652557373,1.8053146600723267,1.6778252124786377,0.016210682690143585,1.5946519374847412,1.7066855430603027,1.7962563037872314,0.0
2034,4,73,6,1.7532825469970703,1.6050714254379272,1.7532825469970703,1.6671611070632935,0.003808482550084591,1.6249123811721802,1.6339213848114014,1.724625825881958,0.0
2035,4,70,6,1.5820066928863525,1.4719812870025635,1.5820066928863525,1.5311822891235352,0.001790541922673583,1.4964344501495361,1.5311973094940186,1.5721977949142456,0.0
2036,4,64,6,1.5678019523620605,1.5308942794799805,1.5723285675048828,1.5595486164093018,0.000190033606486395,1.5576765537261963,1.5650732517242432,1.5678019523620605,0.0
2037,4,74,6,1.537619948387146,1.1391034126281738,1.5494070053100586,1.4322686195373535,0.02496160753071308,1.3565106391906738,1.5346956253051758,1.537619948387146,0.2
2038,4,73,6,1.6191906929016113,1.5635018348693848,1.6191906929016113,1.5967479944229126,0.0005119005800224841,1.5773158073425293,1.6027500629425049,1.6182805299758911,0.0
2039,4,76,6,1.3761606216430664,1.2239525318145752,1.4369901418685913,1.3284536600112915,0.0053694043308496475,1.2771967649459839,1.328977108001709,1.3761606216430664,0.3
2040,4,76,6,1.46603524684906,1.2499186992645264,1.46603524684906,1.3639333248138428,0.006520131137222052,1.306738018989563,1.352442741394043,1.4415534734725952,0.3
2041,4,72,6,1.4063136577606201,1.3331083059310913,1.4440865516662598,1.3808560371398926,0.001693046186119318,1.3407667875289917,1.383875846862793,1.4063136577606201,0.1
2042,4,69,6,1.727806806564331,1.6198673248291016,1.727806806564331,1.6924140453338623,0.0013137678615748882,1.687259554862976,1.6971665620803833,1.7206811904907227,0.0
2043,4,72,6,1.4130914211273193,1.4130914211273193,1.4955693483352661,1.4585332870483398,0.0010973578318953514,1.4267468452453613,1.474004864692688,1.4811527729034424,0.0
2044,4,74,6,1.4809527397155762,1.444968581199646,1.5096311569213867,1.4749704599380493,0.0004346115456428379,1.4605712890625,1.4798929691314697,1.4809527397155762,0.0
2045,4,72,6,1.6385895013809204,1.3384244441986084,1.6385895013809204,1.526270866394043,0.011365747079253197,1.4690126180648804,1.5438910722732544,1.622554898262024,0.0
2046,4,76,6,1.450937032699585,1.450937032699585,1.511131763458252,1.4780489206314087,0.0005221650935709476,1.4569134712219238,1.476812720298767,1.4959423542022705,0.0
2047,4,73,6,1.4953889846801758,1.2435122728347778,1.4953889846801758,1.4071613550186157,0.007534204516559839,1.3812756538391113,1.413705825805664,1.4830687046051025,0.1
2048,4,72,6,1.4163603782653809,1.370322585105896,1.4399960041046143,1.4066383838653564,0.00046202942030504346,1.3969953060150146,1.4087779521942139,1.4163603782653809,0.0
2049,4,65,6,1.4928669929504395,1.403743028640747,1.4928669929504395,1.4507887363433838,0.001247173990122974,1.4199223518371582,1.4529433250427246,1.4832264184951782,0.0
2050,4,70,6,1.4649585485458374,1.3914251327514648,1.4649585485458374,1.4374555349349976,0.0007645785808563232,1.418047308921814,1.446488380432129,1.461726188659668,0.0
2051,4,75,6,1.4548211097717285,1.4548211097717285,1.600536823272705,1.5301212072372437,0.0033739570062607527,1.4716706275939941,1.5475733280181885,1.5747833251953125,0.0
2052,4,74,6,1.4271174669265747,1.4271174669265747,1.505659818649292,1.4665805101394653,0.001305452547967434,1.4297800064086914,1.46866774559021,1.5015814304351807,0.0
2053,4,64,6,1.6098852157592773,1.269385814666748,1.6098852157592773,1.4255212545394897,0.019030503928661346,1.3170326948165894,1.3756978511810303,1.5626620054244995,0.1
2054,4,61,6,1.7000823020935059,1.4194644689559937,1.7000823020935059,1.5853519439697266,0.010786563158035278,1.5243122577667236,1.5840849876403809,1.6860260963439941,0.0
2055,4,75,6,1.6122088432312012,1.4383726119995117,1.6122088432312012,1.5273633003234863,0.004994410090148449,1.4635132551193237,1.52308189868927,1.5986038446426392,0.0
2056,4,72,6,1.4569770097732544,1.2909958362579346,1.4569770097732544,1.3751721382141113,0.003779182443395257,1.3432737588882446,1.3524081707000732,1.4316127300262451,0.3
2057,4,73,6,1.7450050115585327,1.1488958597183228,1.7450050115585327,1.4177308082580566,0.07020457088947296,1.1623107194900513,1.3566285371780396,1.6904234886169434,0.3
2058,4,71,6,1.7172726392745972,1.1395483016967773,1.7172726392745972,1.49039626121521,0.045380596071481705,1.3448245525360107,1.5377464294433594,1.6815961599349976,0.1
2059,4,66,6,1.5022610425949097,1.4496952295303345,1.50276780128479,1.4907571077346802,0.0003611362772062421,1.4911916255950928,1.500606894493103,1.5022610425949097,0.0
2060,4,70,6,1.584876537322998,1.5529124736785889,1.690151572227478,1.6037380695343018,0.0019251987105235457,1.584876537322998,1.584923505783081,1.6147232055664062,0.0
2061,4,70,6,1.4835774898529053,1.1890567541122437,1.4835774898529053,1.363699197769165,0.01620785892009735,1.240400791168213,1.4099225997924805,1.4818472862243652,0.2
2062,4,71,6,1.8509541749954224,1.6790990829467773,1.8509541749954224,1.7750322818756104,0.003702072659507394,1.7450895309448242,1.7645857334136963,1.8304297924041748,0.0
2063,4,69,6,1.5926556587219238,1.5171499252319336,1.601250171661377,1.5778813362121582,0.000827148265670985,1.5759310722351074,1.5926556587219238,1.5930793285369873,0.0
2064,4,69,6,1.5124449729919434,1.174608826637268,1.5124449729919434,1.3400650024414062,0.01663084141910076,1.2546685934066772,1.2981595993041992,1.4621739387512207,0.2
2065,4,74,6,1.3844263553619385,1.1412603855133057,1.3844263553619385,1.3202686309814453,0.006891772150993347,1.3292346000671387,1.3426437377929688,1.3750653266906738,0.1
2066,4,75,6,1.5538666248321533,1.1402324438095093,1.5538666248321533,1.3153157234191895,0.029483668506145477,1.1950032711029053,1.2251172065734863,1.4782257080078125,0.1
2067,4,63,6,1.5131111145019531,1.3524670600891113,1.5953489542007446,1.505610466003418,0.005523917730897665,1.5131111145019531,1.5148128271102905,1.5364608764648438,0.0
2068,4,74,6,1.176382303237915,0.9881846904754639,1.2370760440826416,1.1351823806762695,0.006161132827401161,1.1060118675231934,1.1569809913635254,1.176382303237915,0.2
2069,4,63,6,1.745418906211853,1.3477203845977783,1.745418906211853,1.6208362579345703,0.019144555553793907,1.577466607093811,1.665600299835205,1.7308415174484253,0.0
2070,4,68,6,1.178523302078247,0.7266547679901123,1.178523302078247,0.9808951020240784,0.025372516363859177,0.9055963158607483,0.9555008411407471,1.1240472793579102,0.2
2071,4,58,6,1.4263203144073486,1.037803292274475,1.4263203144073486,1.2483091354370117,0.026423625648021698,1.0927083492279053,1.2673652172088623,1.4092251062393188,0.2
2072,4,63,6,1.8002066612243652,1.3270516395568848,1.8002066612243652,1.5404890775680542,0.03747761622071266,1.3819904327392578,1.4725111722946167,1.732255220413208,0.0
2073,4,70,6,1.447537899017334,1.0276871919631958,1.447537899017334,1.2329888343811035,0.026515163481235504,1.1188099384307861,1.1795731782913208,1.39364755153656,0.3
2074,4,73,6,0.9933997988700867,0.9933997988700867,1.1790666580200195,1.0856900215148926,0.0050277747213840485,1.0160017013549805,1.10493004322052,1.1353235244750977,0.2
2075,4,72,6,1.239666223526001,0.8833504915237427,1.239666223526001,1.034482479095459,0.02256709523499012,0.9069784283638,0.9791672229766846,1.1767628192901611,0.3
2076,4,61,6,1.4301419258117676,1.3819327354431152,1.4742602109909058,1.4271987676620483,0.0010524991666898131,1.401310920715332,1.4301419258117676,1.4487969875335693,0.0
2077,4,54,6,0.4707227349281311,0.09074191749095917,0.4830838441848755,0.3999919891357422,0.019842296838760376,0.4207712411880493,0.4707227349281311,0.47810065746307373,0.5
2078,4,73,6,1.3573813438415527,1.1703990697860718,1.3573813438415527,1.259803295135498,0.00583136361092329,1.1905750036239624,1.246642827987671,1.3360618352890015,0.0
2079,4,68,6,1.2214624881744385,0.5140905976295471,1.2267236709594727,0.9729862213134766,0.09413385391235352,0.7026993036270142,1.148665428161621,1.2214624881744385,0.2
2080,4,69,6,0.8827832937240601,0.8827832937240601,1.08113431930542,0.9688008427619934,0.006977791432291269,0.8858617544174194,0.9614404439926147,1.0393633842468262,0.5
2081,4,59,6,1.1634893417358398,0.9996422529220581,1.2293421030044556,1.129714012145996,0.006132132839411497,1.079940676689148,1.1634893417358398,1.1685445308685303,0.1
2082,4,54,6,0.4472321569919586,0.025904342532157898,0.4472321569919586,0.35353776812553406,0.022926626726984978,0.36012688279151917,0.43217039108276367,0.44377028942108154,0.5
2083,4,69,6,1.8148179054260254,0.9472413063049316,1.8148179054260254,1.371810793876648,0.16138094663619995,0.9750497937202454,1.344820261001587,1.7817342281341553,0.3
2084,4,65,6,1.1142997741699219,1.1111936569213867,1.2009702920913696,1.1503106355667114,0.0014504848513752222,1.1142997741699219,1.142629623413086,1.1853454113006592,0.0
2085,4,67,6,1.5099234580993652,0.945586085319519,1.5099234580993652,1.2325190305709839,0.049536947160959244,1.0401227474212646,1.2135505676269531,1.4510302543640137,0.3
2086,4,65,6,1.4789414405822754,0.937073826789856,1.4789414405822754,1.2135242223739624,0.046389415860176086,1.0216217041015625,1.2037968635559082,1.4234287738800049,0.3
2087,4,75,6,1.5995081663131714,1.2709052562713623,1.5995081663131714,1.4225337505340576,0.018690170720219612,1.294525384902954,1.396090030670166,1.5579761266708374,0.0
2088,4,73,6,1.6892931461334229,1.3415462970733643,1.6892931461334229,1.4764978885650635,0.023216431960463524,1.35335373878479,1.3982516527175903,1.6195056438446045,0.0
2089,4,54,6,1.3460286855697632,1.3460286855697632,1.5657660961151123,1.4800431728363037,0.009210039861500263,1.3897444009780884,1.5295242071151733,1.557079792022705,0.0
2090,4,66,6,1.2317732572555542,0.6577159762382507,1.2317732572555542,0.9146522879600525,0.06258445233106613,0.6880042552947998,0.8393872976303101,1.1714268922805786,0.3
2091,4,75,6,1.4955291748046875,1.3811936378479004,1.557999610900879,1.5052664279937744,0.0037483074702322483,1.4955291748046875,1.5226340293884277,1.5511409044265747,0.0
2092,4,78,6,1.7876408100128174,1.7003412246704102,1.7876408100128174,1.7361056804656982,0.0013853373238816857,1.7062158584594727,1.719602108001709,1.7706711292266846,0.0
2093,4,51,6,1.3578252792358398,1.319299578666687,1.3999096155166626,1.358278751373291,0.0005495459190569818,1.3540401458740234,1.3578252792358398,1.3609821796417236,0.0
2094,4,66,6,1.3755161762237549,1.3413617610931396,1.4895048141479492,1.3930511474609375,0.0021155900321900845,1.3755161762237549,1.3792026042938232,1.3908612728118896,0.0
2095,4,66,6,1.7723960876464844,1.3979179859161377,1.7723960876464844,1.580338478088379,0.02138734981417656,1.4709627628326416,1.5378234386444092,1.7250014543533325,0.0
2096,4,72,6,1.328913688659668,1.32499361038208,1.4651687145233154,1.3637326955795288,0.002575716469436884,1.328913688659668,1.335732102394104,1.3795294761657715,0.0
2097,4,69,6,1.9089157581329346,1.5239970684051514,1.9089157581329346,1.7600394487380981,0.028635967522859573,1.5972154140472412,1.8455531597137451,1.9027241468429565,0.0
2098,4,69,6,1.2726664543151855,1.0131667852401733,1.2938213348388672,1.2260972261428833,0.009719143621623516,1.2297284603118896,1.2726664543151855,1.2848013639450073,0.2
2099,4,69,6,1.2413179874420166,1.0222110748291016,1.2507853507995605,1.2034502029418945,0.006608255207538605,1.2320910692214966,1.2373695373535156,1.2413179874420166,0.3
2100,4,76,6,1.7445223331451416,1.4022769927978516,1.7445223331451416,1.5986323356628418,0.016645044088363647,1.5051038265228271,1.6040297746658325,1.7246124744415283,0.0
2101,4,77,6,1.5904114246368408,1.1709508895874023,1.5904114246368408,1.400464415550232,0.023472018539905548,1.3006733655929565,1.3856701850891113,1.544724702835083,0.2
2102,4,71,6,1.2533096075057983,0.5214481353759766,1.2533096075057983,0.8313255310058594,0.09386992454528809,0.5953966975212097,0.6857104301452637,1.1287894248962402,0.4
2103,4,62,6,1.3520941734313965,1.297876000404358,1.3564205169677734,1.3312935829162598,0.0005985237075947225,1.3073675632476807,1.34063720703125,1.3520941734313965,0.0
2104,4,71,6,1.6187338829040527,1.5627790689468384,1.6677485704421997,1.614991545677185,0.0009823746513575315,1.6033620834350586,1.6187338829040527,1.6224703788757324,0.0
2105,4,76,6,1.5888923406600952,1.3748257160186768,1.5899146795272827,1.4929920434951782,0.009550939314067364,1.3964786529541016,1.509537935256958,1.5888923406600952,0.0
2106,4,76,6,1.6027607917785645,1.3167617321014404,1.6027607917785645,1.4464610815048218,0.015309087932109833,1.3349491357803345,1.411022663116455,1.5734612941741943,0.0
2107,4,60,6,1.3613272905349731,1.3613272905349731,1.4195277690887451,1.3884865045547485,0.0006555232685059309,1.3626952171325684,1.3876047134399414,1.412247896194458,0.0
2108,4,76,6,1.6304445266723633,1.3955669403076172,1.6304445266723633,1.517534613609314,0.010630146600306034,1.417104959487915,1.520512342453003,1.6217796802520752,0.0
2109,4,74,6,1.6223111152648926,1.456902265548706,1.6223111152648926,1.5398023128509521,0.004222020041197538,1.489138126373291,1.5254398584365845,1.6051220893859863,0.0
2110,4,76,6,1.6693344116210938,1.5496817827224731,1.6693344116210938,1.6063460111618042,0.0023142921272665262,1.5650789737701416,1.5958523750305176,1.6533634662628174,0.0
2111,4,76,6,1.6561458110809326,1.1623027324676514,1.6561458110809326,1.4184143543243408,0.037544384598731995,1.25887930393219,1.3975774049758911,1.6125712394714355,0.2
2112,4,76,6,1.6836262941360474,1.5401841402053833,1.6836262941360474,1.6080296039581299,0.0033633278217166662,1.5590296983718872,1.5931339263916016,1.6661120653152466,0.0
2113,4,60,6,1.3613272905349731,1.3613272905349731,1.4195277690887451,1.3884865045547485,0.0006555232685059309,1.3626952171325684,1.3876047134399414,1.412247896194458,0.0
2114,4,75,6,1.3944474458694458,1.0853426456451416,1.3944474458694458,1.253254771232605,0.014400920830667019,1.1520177125930786,1.2577260732650757,1.3700599670410156,0.2
2115,4,69,6,1.6003217697143555,1.3836185932159424,1.6003217697143555,1.532435655593872,0.0053030503913760185,1.528472661972046,1.5410242080688477,1.5885084867477417,0.0
2116,4,70,6,1.3604512214660645,1.3604512214660645,1.4811288118362427,1.4119298458099365,0.0018924075411632657,1.37026047706604,1.4146158695220947,1.4376227855682373,0.0
2117,4,66,6,1.5365872383117676,1.5365872383117676,1.5940296649932861,1.5593329668045044,0.00048120159772224724,1.5381969213485718,1.556565761566162,1.5742731094360352,0.0
2118,4,64,6,1.6134724617004395,1.5213453769683838,1.7300409078598022,1.637076497077942,0.004374010022729635,1.6134724617004395,1.6337857246398926,1.6810461282730103,0.0
2119,4,71,6,1.2702641487121582,1.2702641487121582,1.445072054862976,1.3542747497558594,0.004203056450933218,1.291865587234497,1.3715991973876953,1.3942691087722778,0.1
2120,4,69,6,1.5191755294799805,1.3912503719329834,1.535503625869751,1.4769984483718872,0.0026611911598592997,1.4478402137756348,1.4844118356704712,1.5191755294799805,0.0
2121,4,77,6,1.253407597541809,1.0740156173706055,1.253407597541809,1.2067062854766846,0.003931159619241953,1.2019644975662231,1.2330193519592285,1.2496269941329956,0.2
2122,4,63,6,1.2262104749679565,0.8030052781105042,1.2262104749679565,1.0587068796157837,0.0275602787733078,0.9328986406326294,1.0913676023483276,1.2180027961730957,0.3
2123,4,71,6,1.3717693090438843,1.066333532333374,1.3717693090438843,1.280663251876831,0.01300162635743618,1.2256348133087158,1.3406871557235718,1.3680856227874756,0.2
2124,4,72,6,1.218137502670288,1.218137502670288,1.4908480644226074,1.3032463788986206,0.008644409477710724,1.2297275066375732,1.2816691398620605,1.3214728832244873,0.4
2125,4,73,6,1.254588007926941,1.254588007926941,1.5028188228607178,1.3278223276138306,0.007371513172984123,1.260331392288208,1.304309368133545,1.3425045013427734,0.4
2126,4,66,6,1.4834866523742676,1.4642086029052734,1.5615448951721191,1.5093035697937012,0.0011809697607532144,1.4834866523742676,1.5072599649429321,1.531804084777832,0.0
2127,4,77,6,1.2981085777282715,0.9280954599380493,1.2981085777282715,1.1645634174346924,0.018548326566815376,1.07998526096344,1.2102432250976562,1.2806540727615356,0.2
2128,4,77,6,1.3111064434051514,1.0357387065887451,1.3111064434051514,1.242889165878296,0.009162435308098793,1.2514399290084839,1.2748163938522339,1.3066108226776123,0.3
2129,4,73,6,1.4788768291473389,1.318307876586914,1.4788768291473389,1.4295427799224854,0.0029522208496928215,1.4243605136871338,1.4389694929122925,1.4717237949371338,0.0
2130,4,72,6,1.6739447116851807,1.369936227798462,1.7097346782684326,1.5753986835479736,0.018074527382850647,1.4613890647888184,1.6442070007324219,1.6739447116851807,0.0
2131,4,68,6,1.4600999355316162,1.2818105220794678,1.4600999355316162,1.388672113418579,0.003926107194274664,1.359393835067749,1.386096477508545,1.4471014738082886,0.0
2132,4,74,6,1.5828654766082764,1.2983448505401611,1.5828654766082764,1.453368902206421,0.012214754708111286,1.3625845909118652,1.4539616107940674,1.5627058744430542,0.0
2133,4,72,6,1.1361409425735474,0.9242892861366272,1.1847785711288452,1.0660967826843262,0.008493934758007526,1.0038015842437744,1.075692057609558,1.1361409425735474,0.4
2134,4,51,6,0.9380953311920166,0.3755854070186615,0.9380953311920166,0.5918995141983032,0.06059519946575165,0.41215944290161133,0.4486064612865448,0.8175212144851685,0.4
2135,4,69,6,1.4214764833450317,0.9925440549850464,1.4214764833450317,1.2557921409606934,0.026477163657546043,1.1421657800674438,1.2887966632843018,1.409587025642395,0.0
2136,4,62,6,1.4450407028198242,1.3848748207092285,1.4450407028198242,1.4242867231369019,0.0005002112593501806,1.4118698835372925,1.4305295944213867,1.4444539546966553,0.0
2137,4,71,6,1.1455857753753662,0.6821974515914917,1.1455857753753662,0.8734848499298096,0.03783665969967842,0.7426737546920776,0.7631852626800537,1.0539854764938354,0.4
2138,4,50,6,1.0165126323699951,0.38696324825286865,1.0165126323699951,0.6248620748519897,0.07723258435726166,0.42735719680786133,0.45486509799957275,0.8770502805709839,0.4
2139,4,53,6,1.0414447784423828,0.5664846897125244,1.0414447784423828,0.7420269250869751,0.044997017830610275,0.5947202444076538,0.6050113439559937,0.9334424138069153,0.4
2140,4,63,6,1.1061322689056396,0.6300217509269714,1.1061322689056396,0.895435094833374,0.02844095416367054,0.8166269659996033,0.8587223887443542,1.0519930124282837,0.4
2141,4,56,6,1.133455514907837,0.5471622347831726,1.133455514907837,0.7494076490402222,0.07381265610456467,0.5535058975219727,0.5648266077041626,0.9935385584831238,0.4
2142,4,68,6,0.793356716632843,0.520402193069458,0.9770127534866333,0.7958691120147705,0.024212757125496864,0.7381725311279297,0.793356716632843,0.9268205761909485,0.3
2143,4,56,6,1.0640558004379272,0.5844869017601013,1.0640558004379272,0.771733283996582,0.04325474053621292,0.6261521577835083,0.6462047100067139,0.9640360474586487,0.4
2144,4,72,6,1.4481532573699951,1.3039588928222656,1.5129575729370117,1.412474513053894,0.004408367909491062,1.378983497619629,1.4163110256195068,1.4481532573699951,0.1
2145,4,74,6,1.724893569946289,1.6620129346847534,1.7650275230407715,1.705883264541626,0.0013122537638992071,1.6730318069458008,1.7082688808441162,1.724893569946289,0.0
2146,4,70,6,1.470280647277832,1.1661274433135986,1.4779716730117798,1.3771464824676514,0.012575470842421055,1.3310744762420654,1.4127296209335327,1.470280647277832,0.1
2147,4,72,6,1.4459470510482788,1.2131879329681396,1.4459470510482788,1.340406894683838,0.006864482536911964,1.3027739524841309,1.3183375597000122,1.4163683652877808,0.4
2148,4,73,6,1.4521410465240479,1.2411210536956787,1.4521410465240479,1.3670294284820557,0.005197510588914156,1.3451287746429443,1.357872724533081,1.4286842346191406,0.1
2149,4,76,6,1.6158190965652466,1.174156904220581,1.6158190965652466,1.4331424236297607,0.030109336599707603,1.2871713638305664,1.4812443256378174,1.5882436037063599,0.2
2150,4,70,6,1.4653456211090088,1.1868152618408203,1.4653456211090088,1.3350253105163574,0.010335122235119343,1.2778786420822144,1.3084995746612549,1.432114839553833,0.2
2151,4,61,6,1.5265253782272339,1.0720778703689575,1.6374669075012207,1.4554321765899658,0.03584985435009003,1.4146984815597534,1.5265253782272339,1.5760622024536133,0.1
2152,4,72,6,1.475339412689209,1.2187824249267578,1.475339412689209,1.3825511932373047,0.009259742684662342,1.3179048299789429,1.4174079895019531,1.465576410293579,0.2
2153,4,70,6,1.459317684173584,1.1870942115783691,1.459317684173584,1.337389349937439,0.009405572898685932,1.2899597883224487,1.3155308961868286,1.427952527999878,0.1
2154,4,66,6,1.3543591499328613,1.157712697982788,1.3543591499328613,1.2493598461151123,0.0064788274466991425,1.177286148071289,1.2345882654190063,1.3261911869049072,0.2
2155,4,59,6,1.1542388200759888,1.0474534034729004,1.2828530073165894,1.122281789779663,0.007437246851623058,1.0474534034729004,1.1008460521697998,1.1542388200759888,0.4
2156,4,55,6,1.3242828845977783,0.9248381853103638,1.3242828845977783,1.140084981918335,0.024551644921302795,1.0235497951507568,1.1220526695251465,1.2979390621185303,0.3
2157,4,69,6,1.4906058311462402,1.3639857769012451,1.5342838764190674,1.4720913171768188,0.0027179860044270754,1.4746570587158203,1.4854456186294556,1.4906058311462402,0.1
2158,4,73,6,1.5248571634292603,1.3519835472106934,1.5337212085723877,1.447794795036316,0.006635029334574938,1.3646790981292725,1.4612617492675781,1.5248571634292603,0.2
2159,4,74,6,1.5441983938217163,1.3427693843841553,1.5441983938217163,1.4402055740356445,0.006644223816692829,1.3680591583251953,1.4259042739868164,1.5217361450195312,0.2
2160,4,72,6,1.1853306293487549,0.917826771736145,1.1853306293487549,1.0361508131027222,0.011743021197617054,0.9579535126686096,0.9895545244216919,1.1378023624420166,0.4
2161,4,72,6,1.7045669555664062,1.4706209897994995,1.7045669555664062,1.5742216110229492,0.010901876725256443,1.4749079942703247,1.5460256338119507,1.68167245388031,0.0
2162,4,71,6,1.5918526649475098,1.386733055114746,1.5918526649475098,1.497986078262329,0.007215804420411587,1.4272452592849731,1.4960227012634277,1.5837303400039673,0.1
2163,4,75,6,1.7018786668777466,1.5548275709152222,1.7127225399017334,1.6704312562942505,0.003188882954418659,1.6587907075881958,1.7018786668777466,1.70560884475708,0.0
2164,4,76,6,1.2828458547592163,1.2828458547592163,1.3401373624801636,1.3115754127502441,0.000554006895981729,1.2883169651031494,1.3124531507492065,1.3340816497802734,0.0
2165,4,73,6,1.4699745178222656,1.3757808208465576,1.5717313289642334,1.484683871269226,0.003998544532805681,1.4699745178222656,1.4714164733886719,1.5290522575378418,0.0
2166,4,75,6,1.069173812866211,0.9614306688308716,1.072143316268921,1.0325883626937866,0.0019270391203463078,0.9986073970794678,1.0536861419677734,1.069173812866211,0.5
2167,4,76,6,1.1657912731170654,1.1657912731170654,1.2488865852355957,1.2045104503631592,0.0009896740084514022,1.1746611595153809,1.205831527709961,1.2287957668304443,0.3
2168,4,78,6,1.521937370300293,0.9687145352363586,1.521937370300293,1.2202190160751343,0.052042461931705475,1.0270228385925293,1.1468451023101807,1.4491287469863892,0.3
2169,4,74,6,1.2626333236694336,0.926824688911438,1.2626333236694336,1.0847406387329102,0.016918722540140152,1.010622501373291,1.0248851776123047,1.2037317752838135,0.4
2170,4,55,6,1.6363061666488647,1.4465203285217285,1.6363061666488647,1.5816510915756226,0.004957876168191433,1.550980806350708,1.618169903755188,1.636159062385559,0.0
2171,4,70,6,1.1973686218261719,1.1434595584869385,1.247800588607788,1.1955660581588745,0.0009581001359038055,1.185560703277588,1.1973686218261719,1.2036727666854858,0.1
2172,4,78,6,1.395533800125122,1.0046168565750122,1.395533800125122,1.1761441230773926,0.02578350529074669,1.0481250286102295,1.1153013706207275,1.3291091918945312,0.4
2173,4,75,6,1.5647814273834229,1.2397468090057373,1.5647814273834229,1.4707655906677246,0.013405843637883663,1.441807746887207,1.5095398426055908,1.5637015104293823,0.0
2174,4,76,6,1.4319684505462646,1.1857421398162842,1.4319684505462646,1.2951182126998901,0.011700193397700787,1.1922404766082764,1.2664132118225098,1.4060951471328735,0.0
2175,4,74,6,1.6534723043441772,1.4376064538955688,1.6534723043441772,1.5691858530044556,0.006430316250771284,1.522557020187378,1.5745770931243896,1.6458929777145386,0.0
2176,4,73,6,1.5760895013809204,1.4649279117584229,1.5760895013809204,1.5245336294174194,0.0015997739974409342,1.5047779083251953,1.5135093927383423,1.5613510608673096,0.0
2177,4,73,6,1.5123276710510254,1.3101674318313599,1.5123276710510254,1.4104243516921997,0.005740020889788866,1.3722624778747559,1.3784325122833252,1.479343056678772,0.0
2178,4,71,6,1.6903032064437866,1.3158881664276123,1.6903032064437866,1.5060309171676636,0.022105520591139793,1.3743211030960083,1.4970999956130981,1.6510745286941528,0.0
2179,4,70,6,1.645932912826538,1.4367787837982178,1.645932912826538,1.5686784982681274,0.005813347175717354,1.5222017765045166,1.5871800184249878,1.6376376152038574,0.0
2180,4,71,6,1.6489009857177734,1.4016034603118896,1.6902225017547607,1.5890297889709473,0.010339245200157166,1.5388531684875488,1.644010305404663,1.6489009857177734,0.0
2181,4,64,6,1.2124202251434326,1.0460717678070068,1.3174118995666504,1.2188632488250732,0.007476529106497765,1.2124202251434326,1.2241402864456177,1.2757116556167603,0.4
2182,4,71,6,1.5163092613220215,1.2561472654342651,1.5163092613220215,1.3897130489349365,0.009127594530582428,1.344374179840088,1.3537585735321045,1.4762332439422607,0.1
2183,4,71,6,1.4734196662902832,1.2155872583389282,1.5201318264007568,1.3777410984039307,0.01416031550616026,1.2660552263259888,1.4085710048675537,1.4734196662902832,0.2
2184,4,77,6,1.6169357299804688,1.0902438163757324,1.6169357299804688,1.3383508920669556,0.043308764696121216,1.189148187637329,1.2599459886550903,1.543100357055664,0.3
2185,4,70,6,1.6492044925689697,1.1174452304840088,1.6492044925689697,1.3669012784957886,0.043564002960920334,1.2261340618133545,1.2809754610061646,1.5689587593078613,0.3
2186,4,77,6,1.643869161605835,1.1122360229492188,1.643869161605835,1.3593032360076904,0.04396139085292816,1.2175196409225464,1.2703710794448853,1.5618951320648193,0.3
2187,4,69,6,1.493564248085022,1.0964336395263672,1.493564248085022,1.2867568731307983,0.025849681347608566,1.1486682891845703,1.2506961822509766,1.4485429525375366,0.2
2188,4,71,6,1.4574930667877197,1.4574930667877197,1.5333888530731201,1.4773297309875488,0.0008084963774308562,1.457780122756958,1.4601242542266846,1.4869182109832764,0.0
2189,4,70,6,1.5957181453704834,1.1752302646636963,1.5957181453704834,1.3749788999557495,0.027697985991835594,1.2439382076263428,1.3270999193191528,1.5381555557250977,0.2
2190,4,67,6,1.6928493976593018,0.8907430171966553,1.6928493976593018,1.285498023033142,0.0947771966457367,1.0766386985778809,1.1844394207000732,1.5859688520431519,0.3
2191,4,73,6,1.6466809511184692,1.59525465965271,1.6740628480911255,1.636350393295288,0.000587590504437685,1.6251680850982666,1.6397396326065063,1.6466809511184692,0.0
2192,4,77,6,1.3973402976989746,1.135887622833252,1.3973402976989746,1.2793699502944946,0.010499372147023678,1.1998217105865479,1.2753562927246094,1.382065773010254,0.3
2193,4,71,6,1.6905105113983154,1.1363708972930908,1.6905105113983154,1.4231129884719849,0.05351536348462105,1.2046620845794678,1.4226685762405396,1.6565167903900146,0.1
2194,4,76,6,1.7625036239624023,1.0861550569534302,1.8158888816833496,1.629990816116333,0.06691879779100418,1.60344660282135,1.7625036239624023,1.7924754619598389,0.0
2195,4,68,6,1.6685357093811035,0.9028664827346802,1.6685357093811035,1.4180889129638672,0.0664009377360344,1.3830478191375732,1.4453299045562744,1.624470829963684,0.0
2196,4,71,6,1.2780674695968628,0.9486242532730103,1.2780674695968628,1.1432524919509888,0.014908676035702229,1.0574337244033813,1.1651391983032227,1.252044439315796,0.2
2197,4,73,6,1.5963997840881348,0.9260196685791016,1.5963997840881348,1.1840122938156128,0.08644045889377594,0.9574179649353027,1.022423505783081,1.4563993215560913,0.3
2198,4,74,6,0.7258720397949219,0.6241118907928467,0.8000754714012146,0.7223454117774963,0.002739707473665476,0.7149477601051331,0.7258720397949219,0.7415939569473267,0.5
2199,4,66,6,0.8181456923484802,0.8181456923484802,0.943139374256134,0.860489547252655,0.0018365868600085378,0.8255982398986816,0.8513534665107727,0.874287486076355,0.4
2200,4,69,6,1.560765027999878,0.9750013947486877,1.560765027999878,1.3123396635055542,0.059099748730659485,1.0810487270355225,1.3849825859069824,1.5376724004745483,0.2
2201,4,75,6,1.4908323287963867,1.1791577339172363,1.4908323287963867,1.414290189743042,0.011900456622242928,1.4207793474197388,1.4531010389328003,1.4879329204559326,0.0
2202,4,67,6,0.6957277655601501,0.6957277655601501,0.9097293019294739,0.7898610830307007,0.007220971863716841,0.7081252336502075,0.7768734693527222,0.8652833700180054,0.5
2203,4,63,6,1.210837721824646,0.6046828627586365,1.210837721824646,0.8810759782791138,0.05872386321425438,0.700842559337616,0.7897145748138428,1.1126441955566406,0.4
2204,4,76,6,1.6474440097808838,1.4398188591003418,1.6474440097808838,1.553218126296997,0.006246737204492092,1.4907453060150146,1.5567293167114258,1.626559853553772,0.0
2205,4,53,6,1.4133820533752441,1.4133820533752441,1.4997375011444092,1.4430077075958252,0.0014502906706184149,1.4133820533752441,1.419152021408081,1.476161003112793,0.0
2206,4,62,6,1.2036292552947998,1.0389788150787354,1.2381398677825928,1.1497372388839722,0.005003705620765686,1.0992603302001953,1.1630892753601074,1.2036292552947998,0.3
2207,4,74,6,1.3251599073410034,1.2499656677246094,1.3251599073410034,1.2838735580444336,0.0009803076973184943,1.2559106349945068,1.2749956846237183,1.3151803016662598,0.3
2208,4,69,6,1.611894130706787,1.380648136138916,1.611894130706787,1.5226070880889893,0.006166849285364151,1.499237298965454,1.5176432132720947,1.590444564819336,0.0
2209,4,61,6,1.4211795330047607,0.9577551484107971,1.4211795330047607,1.1573964357376099,0.037867460399866104,0.988877534866333,1.0879911184310913,1.3472144603729248,0.4
2210,4,73,6,1.3347465991973877,1.1974049806594849,1.3641109466552734,1.3143882751464844,0.0032787469681352377,1.30381178855896,1.3347465991973877,1.3550519943237305,0.2
2211,4,66,6,1.4457814693450928,1.0851149559020996,1.4542735815048218,1.3330076932907104,0.024159211665391922,1.21420156955719,1.4340100288391113,1.4457814693450928,0.1
2212,4,73,6,1.23583984375,1.0226457118988037,1.23583984375,1.131640076637268,0.008727901615202427,1.040189504623413,1.1319009065628052,1.2264260053634644,0.4
2213,4,74,6,1.4693411588668823,1.1370282173156738,1.4693411588668823,1.338507056236267,0.017368974164128304,1.2395102977752686,1.363792896270752,1.4652013778686523,0.1
2214,4,66,6,1.5620734691619873,1.3193615674972534,1.5620734691619873,1.4410444498062134,0.009341921657323837,1.355355978012085,1.4333393573760986,1.5349286794662476,0.0
2215,4,73,6,1.5754560232162476,1.3163760900497437,1.5754560232162476,1.4607508182525635,0.009833721444010735,1.3838475942611694,1.4621816873550415,1.5584756135940552,0.0
2216,4,77,6,1.2293624877929688,1.2293624877929688,1.3375935554504395,1.2935423851013184,0.0021122077014297247,1.250230312347412,1.318389654159546,1.3271034955978394,0.1
2217,4,72,6,1.2138698101043701,0.9766395092010498,1.251142144203186,1.156415343284607,0.00810188613831997,1.1356655359268188,1.183497428894043,1.2138698101043701,0.4
2218,4,74,6,1.3047022819519043,0.9010452628135681,1.3047022819519043,1.109899640083313,0.028238700702786446,0.9432946443557739,1.1235300302505493,1.2734131813049316,0.3
2219,4,76,6,1.2073795795440674,1.075825810432434,1.3352752923965454,1.2284479141235352,0.007851161062717438,1.2073795795440674,1.2089779376983643,1.3033320903778076,0.3
2220,4,73,6,1.6052088737487793,1.2434568405151367,1.6052088737487793,1.4194493293762207,0.02047083154320717,1.3092916011810303,1.3788951635360718,1.5628361701965332,0.1
2221,4,76,6,1.3622115850448608,1.2006690502166748,1.3622115850448608,1.2612926959991455,0.005124073475599289,1.2111390829086304,1.2158217430114746,1.3266955614089966,0.0
2222,4,71,6,1.354075312614441,1.307499885559082,1.396422266960144,1.3555359840393066,0.000981528079137206,1.3361060619354248,1.354075312614441,1.381788730621338,0.1
2223,4,76,6,1.8196063041687012,1.0827596187591553,1.8196063041687012,1.5408769845962524,0.07563986629247665,1.3574039936065674,1.6269534826278687,1.7728146314620972,0.1
2224,4,63,6,1.1646615266799927,0.0,1.1646615266799927,0.8366299867630005,0.16207927465438843,0.8076147437095642,0.9420362114906311,1.1416877508163452,0.3
2225,4,56,6,0.9666110277175903,0.8214747905731201,1.0172030925750732,0.9221517443656921,0.004716004244983196,0.8659137487411499,0.9381496906280518,0.9666110277175903,0.5
2226,4,66,6,1.353125810623169,1.1273890733718872,1.353125810623169,1.2369730472564697,0.007967548444867134,1.1629912853240967,1.2188148498535156,1.324186086654663,0.0
2227,4,70,6,1.781238079071045,0.7337344884872437,1.781238079071045,1.4307293891906738,0.16264106333255768,1.162921667098999,1.6157530546188354,1.7733780145645142,0.1
2228,4,60,6,1.0988718271255493,0.7779534459114075,1.0988718271255493,0.9158482551574707,0.018130747601389885,0.8000278472900391,0.8682868480682373,1.0453834533691406,0.4
2229,4,61,6,1.1831858158111572,0.8803733587265015,1.1831858158111572,1.0729166269302368,0.01364140585064888,0.9890686869621277,1.121358036994934,1.1700284481048584,0.2
2230,4,67,6,1.1760814189910889,0.9444112181663513,1.1760814189910889,1.0693957805633545,0.008280194364488125,1.001320242881775,1.059518814086914,1.1610727310180664,0.3
2231,4,65,6,1.034456729888916,0.6318402290344238,1.064521074295044,0.8849974870681763,0.027731867507100105,0.7707306146621704,0.9050302505493164,1.034456729888916,0.4
2232,4,64,6,1.311260461807251,0.8589622974395752,1.311260461807251,1.082214593887329,0.029374929144978523,0.9801666736602783,1.0163531303405762,1.245779037475586,0.2
2233,4,64,6,1.2183401584625244,0.9978886842727661,1.2183401584625244,1.0966211557388306,0.008408747613430023,1.0142738819122314,1.07138991355896,1.1869596242904663,0.2
2234,4,72,6,1.2336288690567017,1.0686964988708496,1.3313112258911133,1.2360572814941406,0.00700347451493144,1.2336288690567017,1.2384138107299805,1.2902090549468994,0.3
2235,4,64,6,1.7045016288757324,1.6446027755737305,1.7045016288757324,1.6783521175384521,0.0005763449589721859,1.660060167312622,1.678375482559204,1.7023204565048218,0.0
2236,4,73,6,1.423790454864502,1.1088752746582031,1.423790454864502,1.2494231462478638,0.016083024442195892,1.1601184606552124,1.192723035812378,1.3700634241104126,0.1
2237,4,73,6,1.6764192581176758,1.0720949172973633,1.6764192581176758,1.3235427141189575,0.06445356458425522,1.132594347000122,1.2026493549346924,1.5593128204345703,0.1
2238,4,70,6,1.4237133264541626,1.086060881614685,1.4237133264541626,1.2424230575561523,0.020184045657515526,1.1092116832733154,1.2130587100982666,1.3863029479980469,0.3
2239,4,66,6,1.4725033044815063,1.2053571939468384,1.4725033044815063,1.3437939882278442,0.011433681473135948,1.247997522354126,1.347967505455017,1.4427127838134766,0.2
2240,4,73,6,1.537222146987915,1.3505762815475464,1.5495879650115967,1.50480055809021,0.00481506297364831,1.5265147686004639,1.5327425003051758,1.537222146987915,0.0
2241,4,66,6,1.1892788410186768,0.8865718841552734,1.1892788410186768,1.0718019008636475,0.01717083901166916,0.9509350061416626,1.1370371580123901,1.1782481670379639,0.2
2242,4,63,6,1.6147758960723877,1.089928150177002,1.6147758960723877,1.352843999862671,0.047072332352399826,1.1411538124084473,1.353791356086731,1.5643247365951538,0.2
2243,4,67,6,1.4066460132598877,1.0250030755996704,1.4250426292419434,1.2250950336456299,0.035335831344127655,1.0385103225708008,1.2302371263504028,1.4066460132598877,0.3
2244,4,75,6,1.3336777687072754,1.0749242305755615,1.381949543952942,1.254794955253601,0.015205170959234238,1.1466524600982666,1.3235914707183838,1.3336777687072754,0.2
2245,4,72,6,1.2777400016784668,0.5644012689590454,1.2777400016784668,1.1197638511657715,0.06396768242120743,1.156812310218811,1.231391429901123,1.269127607345581,0.2
2246,4,72,6,0.965497612953186,0.9274797439575195,1.1063755750656128,0.9987978339195251,0.005357413087040186,0.9418338537216187,0.965497612953186,1.061867356300354,0.5
2247,4,71,6,1.2243900299072266,0.903677225112915,1.2243900299072266,1.0761828422546387,0.015574410557746887,0.9781904816627502,1.0673308372497559,1.2012510299682617,0.3
2248,4,73,6,1.467951774597168,1.2389721870422363,1.467951774597168,1.3517097234725952,0.007462008856236935,1.3038818836212158,1.3165647983551025,1.432054042816162,0.0
2249,4,64,6,1.6346182823181152,1.2631374597549438,1.6346182823181152,1.4765241146087646,0.024510473012924194,1.3243896961212158,1.5238206386566162,1.6228317022323608,0.2
2250,4,74,6,1.3089492321014404,0.6160362958908081,1.3888819217681885,0.9855836629867554,0.12331270426511765,0.644716739654541,0.9777719974517822,1.3089492321014404,0.3
2251,4,70,6,1.2430057525634766,0.05988536775112152,1.2430057525634766,0.9588322043418884,0.16811862587928772,1.045989990234375,1.0816066265106201,1.209979772567749,0.4
2252,4,69,6,1.1190874576568604,0.6812921166419983,1.1190874576568604,0.9763897657394409,0.02233980968594551,0.9372259378433228,1.0107147693634033,1.095528483390808,0.5
2253,4,68,6,1.4574518203735352,1.1761610507965088,1.4574518203735352,1.3180080652236938,0.014711515977978706,1.2025222778320312,1.3115887641906738,1.4417155981063843,0.0
2254,4,76,6,1.2082958221435547,0.8995884656906128,1.2082958221435547,1.0190690755844116,0.018169142305850983,0.9177823066711426,0.9432229995727539,1.1438920497894287,0.4
2255,4,62,6,1.4761924743652344,1.1040918827056885,1.4761924743652344,1.3734475374221802,0.016460221260786057,1.3634482622146606,1.4196890592575073,1.4621632099151611,0.0
2256,4,57,6,1.596778392791748,1.1786613464355469,1.6381304264068604,1.5321897268295288,0.02543121576309204,1.5757396221160889,1.596778392791748,1.6097416877746582,0.0
2257,4,71,6,1.5463252067565918,0.9118980169296265,1.5463252067565918,1.348906397819519,0.05608002096414566,1.223233699798584,1.4621434211730957,1.54103422164917,0.1
2258,4,76,6,1.2341759204864502,0.9325090646743774,1.265394687652588,1.1708871126174927,0.012378767132759094,1.1728593111038208,1.2135288715362549,1.2341759204864502,0.1
2259,4,73,6,1.1669329404830933,0.8972063064575195,1.2570464611053467,1.131029486656189,0.013916180469095707,1.101226568222046,1.1669329404830933,1.2057833671569824,0.2
2260,4,75,6,1.7041767835617065,1.3413128852844238,1.7041767835617065,1.5703660249710083,0.016440104693174362,1.50868821144104,1.5868785381317139,1.6869633197784424,0.0
2261,4,74,6,1.0068385601043701,0.7663617134094238,1.0265576839447021,0.9251756072044373,0.010174592956900597,0.8434994220733643,0.968262791633606,1.0068385601043701,0.5
2262,4,74,6,1.3649500608444214,1.240281343460083,1.3649500608444214,1.2971338033676147,0.002613544464111328,1.2530912160873413,1.2848987579345703,1.3451887369155884,0.0
2263,4,75,6,1.5894575119018555,1.3234353065490723,1.605432152748108,1.5358420610427856,0.009793988429009914,1.536234736442566,1.5889463424682617,1.5894575119018555,0.0
2264,4,68,6,1.3782576322555542,1.3782576322555542,1.625780701637268,1.4983901977539062,0.009092257358133793,1.4056754112243652,1.5092194080352783,1.5748324394226074,0.0
2265,4,76,6,1.5181605815887451,1.3415405750274658,1.5181605815887451,1.449595332145691,0.005666544660925865,1.3793504238128662,1.4842562675476074,1.5147963762283325,0.0
2266,4,65,6,1.3064478635787964,1.2969309091567993,1.3478360176086426,1.3120572566986084,0.00027565762866288424,1.303865671157837,1.3064478635787964,1.3103690147399902,0.0
2267,4,70,6,1.5404493808746338,1.2908869981765747,1.5404493808746338,1.39778733253479,0.010932321660220623,1.3118267059326172,1.3544139862060547,1.5002999305725098,0.0
2268,4,69,6,1.6860603094100952,1.3274455070495605,1.6860603094100952,1.5564390420913696,0.014682947658002377,1.5254769325256348,1.559128761291504,1.659240484237671,0.0
2269,4,74,6,1.7165908813476562,1.4430489540100098,1.7165908813476562,1.6001026630401611,0.009095761924982071,1.5592069625854492,1.585409164428711,1.686116099357605,0.0
2270,4,69,6,1.7972877025604248,1.5596582889556885,1.881460189819336,1.7577540874481201,0.011229539290070534,1.7136645317077637,1.7972877025604248,1.818102240562439,0.0
2271,4,72,6,1.6915313005447388,1.6535688638687134,1.739525318145752,1.6844844818115234,0.0008114965748973191,1.6627755165100098,1.6810529232025146,1.6915313005447388,0.0
2272,4,67,6,1.1712723970413208,1.0572643280029297,1.2520136833190918,1.1755143404006958,0.0035949868615716696,1.1712723970413208,1.1785614490509033,1.208022117614746,0.1
2273,4,74,6,1.6044890880584717,1.162106990814209,1.6044890880584717,1.4614590406417847,0.021976863965392113,1.4506620168685913,1.4738377332687378,1.577118992805481,0.1
2274,4,77,6,1.4938381910324097,1.1449891328811646,1.4938381910324097,1.30410635471344,0.020682599395513535,1.1751538515090942,1.2695180177688599,1.4446860551834106,0.2
2275,4,73,6,1.6890273094177246,1.3907408714294434,1.6890273094177246,1.5399729013442993,0.017711015418171883,1.4050629138946533,1.5398975610733032,1.6750915050506592,0.0
2276,4,71,6,1.3711796998977661,0.9881532192230225,1.3711796998977661,1.1749207973480225,0.03001490980386734,1.0077276229858398,1.1575366258621216,1.3523796796798706,0.3
2277,4,75,6,1.7156872749328613,1.384467363357544,1.7156872749328613,1.584428310394287,0.01685391552746296,1.4929490089416504,1.6018683910369873,1.7099943161010742,0.0
2278,4,72,6,1.3136382102966309,1.1238343715667725,1.3136382102966309,1.2573083639144897,0.004132615402340889,1.2536532878875732,1.2704429626464844,1.3056870698928833,0.1
2279,4,63,6,1.640861988067627,1.4333016872406006,1.6622487306594849,1.5985039472579956,0.0061677903868258,1.5913705825805664,1.6393723487854004,1.640861988067627,0.0
2280,4,78,6,1.5986051559448242,1.1868871450424194,1.5986051559448242,1.4110004901885986,0.0216610636562109,1.3381855487823486,1.377105712890625,1.5450916290283203,0.1
2281,4,68,6,1.1321964263916016,1.1321964263916016,1.339478611946106,1.211345911026001,0.006000487133860588,1.1455426216125488,1.1878807544708252,1.2638767957687378,0.3
2282,4,68,6,1.4203869104385376,1.1714316606521606,1.4203869104385376,1.2971982955932617,0.01253675576299429,1.187663197517395,1.294773817062378,1.4110912084579468,0.2
2283,4,70,6,1.4664578437805176,1.4094576835632324,1.4712531566619873,1.4527513980865479,0.0005170668009668589,1.4432590007781982,1.4664578437805176,1.467131495475769,0.0
2284,4,76,6,1.1972465515136719,1.137235403060913,1.292243480682373,1.2221989631652832,0.0025804562028497458,1.1972465515136719,1.2247358560562134,1.2558038234710693,0.2
2285,4,71,6,1.7029109001159668,1.5850803852081299,1.7029109001159668,1.6668769121170044,0.0015923372702673078,1.662477731704712,1.6747913360595703,1.6976834535598755,0.0
2286,4,54,6,1.558333158493042,1.558333158493042,1.6210086345672607,1.5811504125595093,0.000668676511850208,1.5583604574203491,1.5693279504776,1.6029819250106812,0.0
2287,4,69,6,1.5978562831878662,1.0505003929138184,1.5978562831878662,1.3439030647277832,0.04653157293796539,1.175389289855957,1.32452392578125,1.5613834857940674,0.3
2288,4,72,6,1.297452688217163,1.189161777496338,1.4051753282546997,1.2974880933761597,0.005676817148923874,1.2428120374679565,1.297452688217163,1.3526787757873535,0.1
2289,4,70,6,1.2037335634231567,1.1363484859466553,1.233008623123169,1.1904195547103882,0.0008681677863933146,1.1823139190673828,1.1938226222991943,1.2037335634231567,0.5
2290,4,63,6,1.7178620100021362,1.2225916385650635,1.7178620100021362,1.5545237064361572,0.03811055049300194,1.418744683265686,1.6566908359527588,1.71458101272583,0.1
2291,4,70,6,1.3386567831039429,1.1520580053329468,1.3386567831039429,1.2625372409820557,0.005470047704875469,1.2016164064407349,1.2782456874847412,1.333519458770752,0.3
2292,4,76,6,1.5245025157928467,1.5245025157928467,1.5701637268066406,1.5466771125793457,0.0003111471887677908,1.52994704246521,1.5481585264205933,1.5609416961669922,0.0
2293,4,60,6,1.270537257194519,1.1313055753707886,1.270537257194519,1.1954376697540283,0.0033532301895320415,1.1428340673446655,1.1815295219421387,1.2537240982055664,0.5
2294,4,74,6,1.485419750213623,1.0849783420562744,1.5298585891723633,1.3626693487167358,0.024052537977695465,1.2945539951324463,1.3909108638763428,1.485419750213623,0.2
2295,4,74,6,1.4426424503326416,1.0835025310516357,1.5065281391143799,1.3312820196151733,0.021421609446406364,1.2496371269226074,1.355966567993164,1.4426424503326416,0.3
2296,4,74,6,1.4224447011947632,1.0933620929718018,1.4993703365325928,1.326238989830017,0.018679317086935043,1.2515499591827393,1.3495314121246338,1.4224447011947632,0.3
2297,4,60,6,1.732861876487732,1.6900050640106201,1.7458446025848389,1.7228933572769165,0.00040092962444759905,1.7092158794403076,1.732861876487732,1.7340551614761353,0.0
2298,4,69,6,1.6543240547180176,1.4648973941802979,1.656562089920044,1.5701926946640015,0.007339568343013525,1.4907317161560059,1.5797169208526611,1.6543240547180176,0.0
2299,4,71,6,1.6446373462677002,1.4626282453536987,1.6492031812667847,1.5645437240600586,0.006871228106319904,1.484212875366211,1.5777230262756348,1.6446373462677002,0.0
2300,4,67,6,1.426427960395813,1.426427960395813,1.5262688398361206,1.4728636741638184,0.0019116937182843685,1.42924165725708,1.4680006504058838,1.5161213874816895,0.0
2301,4,75,6,1.58042311668396,1.4009935855865479,1.58042311668396,1.5244927406311035,0.003857734613120556,1.5078158378601074,1.5414514541625977,1.5748872756958008,0.0
2302,4,68,6,1.458683967590332,1.4012752771377563,1.4612696170806885,1.4426376819610596,0.00043643289245665073,1.437481164932251,1.4487955570220947,1.458683967590332,0.0
2303,4,75,6,1.5539710521697998,0.9163088798522949,1.5539710521697998,1.3047220706939697,0.05134741961956024,1.1799713373184204,1.3244524002075195,1.5141156911849976,0.3
2304,4,75,6,1.1936489343643188,0.03743889927864075,1.2626729011535645,0.9287987947463989,0.18187759816646576,0.8680306673049927,1.1428310871124268,1.1936489343643188,0.3
2305,4,66,6,1.020990252494812,0.9086031913757324,1.020990252494812,0.9703482985496521,0.0016844850033521652,0.9441086053848267,0.9675266742706299,1.0077369213104248,0.5
2306,4,74,6,1.1645382642745972,0.04825757443904877,1.1645382642745972,0.6451636552810669,0.19236238300800323,0.2718633711338043,0.6413195729255676,1.0804566144943237,0.3
2307,4,61,6,1.595310926437378,1.3107640743255615,1.6078009605407715,1.4881880283355713,0.01593039371073246,1.3672370910644531,1.5453746318817139,1.595310926437378,0.0
2308,4,61,6,1.4199291467666626,0.8738638162612915,1.5558152198791504,1.3626725673675537,0.052155751734972,1.3827738761901855,1.4199291467666626,1.5070642232894897,0.1
2309,4,76,6,1.7916815280914307,1.5196046829223633,1.8149784803390503,1.7346768379211426,0.00990463886409998,1.7440043687820435,1.7694224119186401,1.7916815280914307,0.0
2310,4,74,6,1.4009394645690918,1.0212771892547607,1.4009394645690918,1.2283093929290771,0.028919363394379616,1.063887596130371,1.249516248703003,1.3973257541656494,0.3
2311,4,68,6,1.8578822612762451,1.470257043838501,1.8578822612762451,1.693864345550537,0.01846359297633171,1.6287612915039062,1.6825640201568604,1.8149595260620117,0.0
2312,4,71,6,1.0263736248016357,0.800949215888977,1.0263736248016357,0.936538577079773,0.006134305614978075,0.9007665514945984,0.9383004307746887,1.0048644542694092,0.5
2313,4,66,6,0.9165518283843994,0.9165518283843994,1.158085584640503,1.0152548551559448,0.009772947058081627,0.9209088087081909,0.9894776344299316,1.1022822856903076,0.4
2314,4,72,6,1.224285364151001,1.1485493183135986,1.2752020359039307,1.2269723415374756,0.0016690195770934224,1.223809003829956,1.224285364151001,1.255467414855957,0.1
2315,4,72,6,1.272819995880127,0.5035898089408875,1.272819995880127,0.9691363573074341,0.08824916183948517,0.7405185699462891,1.0639715194702148,1.2243160009384155,0.4
2316,4,77,6,1.6059536933898926,1.1683984994888306,1.6059536933898926,1.4369467496871948,0.033652596175670624,1.275033712387085,1.52239990234375,1.5880625247955322,0.0
2317,4,77,6,1.4380357265472412,0.9604343771934509,1.4380357265472412,1.2774085998535156,0.026610208675265312,1.2297924757003784,1.3111522197723389,1.4085415601730347,0.2
2318,4,48,6,1.3430931568145752,1.241593360900879,1.3899884223937988,1.3348543643951416,0.0020188246853649616,1.3430931568145752,1.343559980392456,1.3465054035186768,0.0
2319,4,76,6,1.1969705820083618,0.9829291105270386,1.1969705820083618,1.1116633415222168,0.00826023519039154,1.0263671875,1.1513373851776123,1.189855694770813,0.2
2320,4,78,6,1.5517032146453857,1.0460584163665771,1.5517032146453857,1.3332592248916626,0.04344499856233597,1.142106294631958,1.3953368663787842,1.5139024257659912,0.2
2321,4,77,6,1.2688393592834473,0.04212164506316185,1.2688393592834473,0.9203845858573914,0.1719609647989273,0.9443269371986389,1.000869631767273,1.213313341140747,0.4
2322,4,72,6,1.15793776512146,1.047795295715332,1.15793776512146,1.1033068895339966,0.0020423114765435457,1.0618127584457397,1.0997878313064575,1.1489806175231934,0.4
2323,4,70,6,1.6934902667999268,1.384547472000122,1.6934902667999268,1.5746169090270996,0.013675871305167675,1.4885854721069336,1.6079521179199219,1.6807103157043457,0.0
2324,4,65,6,1.5442482233047485,1.3171169757843018,1.6560680866241455,1.4538453817367554,0.01776074804365635,1.3245854377746582,1.4435818195343018,1.5442482233047485,0.0
2325,4,71,6,1.376888632774353,1.1610965728759766,1.376888632774353,1.265550971031189,0.007768084295094013,1.184762716293335,1.2531116008758545,1.3536161184310913,0.2
2326,4,72,6,1.3952820301055908,1.2589197158813477,1.3952820301055908,1.3237059116363525,0.003314525354653597,1.2692008018493652,1.3144912719726562,1.3823329210281372,0.0
2327,4,60,6,1.6657748222351074,1.583399772644043,1.6793532371520996,1.647220492362976,0.0009689435246400535,1.6437318325042725,1.6559207439422607,1.6657748222351074,0.0
2328,4,66,6,1.7738343477249146,1.4797101020812988,1.7738343477249146,1.6201385259628296,0.01576114445924759,1.5079246759414673,1.5934336185455322,1.7491066455841064,0.0
2329,4,73,6,1.2781667709350586,0.8401795625686646,1.2781667709350586,1.050024151802063,0.03200497105717659,0.8848971128463745,1.0280401706695557,1.2234115600585938,0.4
2330,4,73,6,1.211883306503296,0.7677336931228638,1.211883306503296,1.0610359907150269,0.02786225639283657,0.9580854177474976,1.1251026391983032,1.2067610025405884,0.3
2331,4,68,6,1.459108591079712,1.459108591079712,1.5535882711410522,1.5094021558761597,0.0016082569491118193,1.4684503078460693,1.5173550844192505,1.5469815731048584,0.0
2332,4,73,6,1.4093958139419556,1.3461511135101318,1.4165635108947754,1.3929598331451416,0.0005560968420468271,1.3877108097076416,1.3991765975952148,1.4093958139419556,0.0
2333,4,64,6,1.75055992603302,1.4237439632415771,1.75055992603302,1.5754058361053467,0.02001805789768696,1.4375841617584229,1.5508735179901123,1.7201404571533203,0.0
2334,4,70,6,1.4711086750030518,1.2133811712265015,1.4711086750030518,1.368791937828064,0.009837763383984566,1.2907911539077759,1.397855281829834,1.457550048828125,0.0
2335,4,64,6,1.5141541957855225,1.397047758102417,1.5141541957855225,1.4530202150344849,0.002188559388741851,1.4175305366516113,1.437671422958374,1.4999873638153076,0.0
2336,4,63,6,1.3121904134750366,1.0444755554199219,1.3121904134750366,1.1577582359313965,0.01287087518721819,1.0667970180511475,1.1055140495300293,1.2701010704040527,0.3
2337,4,70,6,1.3429011106491089,1.3429011106491089,1.4465408325195312,1.3936092853546143,0.0017955369548872113,1.3509727716445923,1.3955211639404297,1.432666540145874,0.0
2338,4,40,6,1.442373514175415,1.437561273574829,1.4443166255950928,1.4402912855148315,7.872268724895548e-06,1.437561273574829,1.439967393875122,1.442373514175415,0.0
2339,4,75,6,1.191627860069275,1.1631473302841187,1.2625370025634766,1.2036938667297363,0.0013382271863520145,1.1757479906082153,1.191627860069275,1.2299832105636597,0.2
2340,4,77,6,1.0588819980621338,1.0588819980621338,1.1612824201583862,1.1032097339630127,0.0015434266533702612,1.0671906471252441,1.0970892906188965,1.1350404024124146,0.4
2341,4,74,6,1.411675214767456,1.1369985342025757,1.411675214767456,1.3020226955413818,0.010935934260487556,1.2273482084274292,1.317828893661499,1.4024195671081543,0.2
2342,4,76,6,1.5571718215942383,1.455681562423706,1.5571718215942383,1.5238579511642456,0.0013671813067048788,1.5084104537963867,1.5329077243804932,1.556402325630188,0.0
2343,4,67,6,1.2468510866165161,1.0478649139404297,1.2468510866165161,1.1369388103485107,0.007781430147588253,1.054630160331726,1.1128299236297607,1.2277277708053589,0.3
2344,4,70,6,1.1232988834381104,0.6365710496902466,1.1232988834381104,0.9118720293045044,0.0322708897292614,0.7841144800186157,0.9184426069259644,1.0809645652770996,0.3
2345,4,65,6,1.3012402057647705,0.8398594260215759,1.3012402057647705,1.1728167533874512,0.025503072887659073,1.1600857973098755,1.2190427780151367,1.2927219867706299,0.1
2346,4,63,6,1.2949779033660889,1.1601818799972534,1.3169015645980835,1.2516365051269531,0.0032440810464322567,1.2088682651519775,1.2707055807113647,1.2949779033660889,0.0
2347,4,74,6,1.4672255516052246,0.8141254186630249,1.4672255516052246,1.126670002937317,0.07236219942569733,0.872778058052063,1.0947999954223633,1.3914237022399902,0.2
2348,4,58,6,1.3237113952636719,1.2255685329437256,1.3573760986328125,1.3096102476119995,0.0022229845635592937,1.284507155418396,1.3237113952636719,1.3478193283081055,0.0
2349,4,70,6,1.180516004562378,0.762905478477478,1.184476375579834,1.092494249343872,0.022609809413552284,1.1111376285552979,1.1640342473983765,1.180516004562378,0.1
2350,4,75,6,1.2599759101867676,1.1938953399658203,1.3024839162826538,1.257010817527771,0.0010767113417387009,1.2526170015335083,1.2599759101867676,1.2716714143753052,0.1
2351,4,77,6,1.1582374572753906,0.8873683214187622,1.188813328742981,1.038710355758667,0.017079532146453857,0.9149233102798462,1.0438998937606812,1.1582374572753906,0.3
2352,4,73,6,1.0839877128601074,0.9481065273284912,1.0839877128601074,1.0270239114761353,0.003444403875619173,0.9702560305595398,1.044384479522705,1.0828964710235596,0.3
2353,4,61,6,1.7089860439300537,1.5978347063064575,1.7089860439300537,1.6692910194396973,0.0014657116262242198,1.6546165943145752,1.6746455430984497,1.7024316787719727,0.0
2354,4,77,6,1.2484972476959229,1.2479362487792969,1.3655452728271484,1.2939910888671875,0.002349100774154067,1.2484972476959229,1.2791768312454224,1.335174798965454,0.2
2355,4,66,6,1.1788333654403687,1.1576285362243652,1.236900806427002,1.1820460557937622,0.0006553439307026565,1.1685452461242676,1.175931692123413,1.1788333654403687,0.0
2356,4,66,6,1.0440295934677124,1.0178133249282837,1.12387216091156,1.0612854957580566,0.0012814885703846812,1.0440295934677124,1.0444241762161255,1.0810669660568237,0.4
2357,4,68,6,1.111893653869629,1.111893653869629,1.3139969110488892,1.2141978740692139,0.0064119440503418446,1.1334856748580933,1.2342987060546875,1.2766878604888916,0.1
2358,4,74,6,1.5391029119491577,1.406806468963623,1.6371028423309326,1.5291128158569336,0.005095805507153273,1.4970602989196777,1.5391029119491577,1.5619125366210938,0.0
2359,4,72,6,1.2712734937667847,1.1234891414642334,1.2712734937667847,1.2006115913391113,0.002948889508843422,1.1686354875564575,1.1869466304779053,1.2510977983474731,0.3
2360,4,76,6,1.7620347738265991,1.5544443130493164,1.7620347738265991,1.6656932830810547,0.007253528572618961,1.595252275466919,1.6610827445983887,1.7519257068634033,0.0
2361,4,63,6,1.3597912788391113,1.262608289718628,1.397019863128662,1.3361042737960815,0.001957704545930028,1.3080631494522095,1.3498936891555786,1.3597912788391113,0.3
2362,4,77,6,1.5310583114624023,1.130004644393921,1.5310583114624023,1.3382949829101562,0.023948971182107925,1.2138862609863281,1.3298661708831787,1.4827780723571777,0.0
2363,4,73,6,1.6915452480316162,1.3592336177825928,1.7018601894378662,1.6148889064788818,0.014531868509948254,1.6052649021148682,1.6743698120117188,1.6915452480316162,0.0
2364,4,70,6,1.5311856269836426,1.2279517650604248,1.5311856269836426,1.438879370689392,0.010297208093106747,1.445244312286377,1.4495174884796143,1.5108424425125122,0.1
2365,4,72,6,1.4793596267700195,1.0583465099334717,1.4793596267700195,1.2462469339370728,0.029495641589164734,1.1118764877319336,1.1784952878952026,1.4144598245620728,0.4
2366,4,71,6,1.5040462017059326,1.2184898853302002,1.5040462017059326,1.36612069606781,0.014151092618703842,1.257476806640625,1.361299991607666,1.4868642091751099,0.0
2367,4,72,6,1.541917324066162,1.2437262535095215,1.541917324066162,1.459077000617981,0.010499970056116581,1.4527671337127686,1.4897161722183228,1.534130573272705,0.1
2368,4,70,6,1.1456276178359985,0.9171431064605713,1.1623023748397827,1.0688048601150513,0.009097420610487461,0.9926044344902039,1.1118054389953613,1.1456276178359985,0.5
2369,4,68,6,1.153599739074707,1.088310718536377,1.1903773546218872,1.1569894552230835,0.0011475111823529005,1.153599739074707,1.1615456342697144,1.1822909116744995,0.5
2370,4,64,6,1.2670743465423584,1.1460914611816406,1.2670743465423584,1.2129411697387695,0.0020941023249179125,1.1773220300674438,1.215469479560852,1.255569577217102,0.2
2371,4,71,6,1.7113747596740723,1.5342354774475098,1.7113747596740723,1.6402875185012817,0.003815827891230583,1.6102910041809082,1.6409531831741333,1.6958420276641846,0.0
2372,4,71,6,1.4920490980148315,1.3245375156402588,1.4920490980148315,1.435458779335022,0.0031359621789306402,1.4291664361953735,1.4387485980987549,1.4792094230651855,0.0
2373,4,76,6,1.310561180114746,1.253469705581665,1.3730790615081787,1.3161358833312988,0.00182211899664253,1.2894327640533447,1.310561180114746,1.3527058362960815,0.1
2374,4,75,6,1.60285484790802,1.159729242324829,1.60285484790802,1.3788484334945679,0.033648476004600525,1.2091814279556274,1.3587493896484375,1.5649490356445312,0.2
2375,4,70,6,1.7299659252166748,1.3280119895935059,1.7299659252166748,1.599746823310852,0.01959885284304619,1.5529043674468994,1.6354024410247803,1.7170705795288086,0.0
2376,4,72,6,1.5060620307922363,1.2790369987487793,1.5060620307922363,1.3927911520004272,0.007347128354012966,1.336958408355713,1.3668749332427979,1.4749025106430054,0.1
2377,4,73,6,1.191215991973877,1.0626606941223145,1.2551279067993164,1.1930248737335205,0.004112346097826958,1.191215991973877,1.1976771354675293,1.2413771152496338,0.2
2378,4,74,6,1.254077434539795,0.5456110239028931,1.2968077659606934,1.1327482461929321,0.06983529031276703,1.2086012363433838,1.252874493598938,1.254077434539795,0.0
2379,4,69,6,0.8042041659355164,0.7369486093521118,0.846779465675354,0.800490140914917,0.001378726796247065,0.781289279460907,0.8042041659355164,0.8289161920547485,0.5
2380,4,72,6,0.9203088879585266,0.5848774909973145,0.9203088879585266,0.7420085668563843,0.018147015944123268,0.6299607157707214,0.7060286402702332,0.8741592764854431,0.4
2381,4,74,6,1.3258641958236694,1.174312949180603,1.3258641958236694,1.2548128366470337,0.003608532715588808,1.2017014026641846,1.2592941522598267,1.3105292320251465,0.0
2382,4,75,6,1.7497059106826782,1.227433204650879,1.7497059106826782,1.4953348636627197,0.04370002821087837,1.3072147369384766,1.4863940477371216,1.7025436162948608,0.2
2383,4,72,6,1.2993378639221191,1.1180366277694702,1.395477056503296,1.2986462116241455,0.00758010521531105,1.2993378639221191,1.3162535429000854,1.3431816101074219,0.1
2384,4,65,6,1.5218181610107422,1.192530632019043,1.5218181610107422,1.3366405963897705,0.02050597034394741,1.2034168243408203,1.292912244796753,1.4827920198440552,0.0
2385,4,72,6,1.6489272117614746,1.0646153688430786,1.6489272117614746,1.3884752988815308,0.04767857491970062,1.232668161392212,1.3779842853546143,1.6023292541503906,0.1
2386,4,72,6,1.4219555854797363,1.2440989017486572,1.4219555854797363,1.3086016178131104,0.006460273638367653,1.248917818069458,1.2578825950622559,1.3823662996292114,0.0
2387,4,76,6,1.5151121616363525,1.0330090522766113,1.5352985858917236,1.363098382949829,0.04472726583480835,1.1945977210998535,1.4980018138885498,1.5151121616363525,0.2
2388,4,71,6,1.4714946746826172,1.3515095710754395,1.560821294784546,1.4564776420593262,0.005713104270398617,1.392358422279358,1.4714946746826172,1.5060484409332275,0.0
2389,4,70,6,1.5737812519073486,1.4427627325057983,1.5737812519073486,1.5199055671691895,0.0021486070472747087,1.4943652153015137,1.521202802658081,1.561598777770996,0.0
2390,4,70,6,1.4919476509094238,1.3285489082336426,1.4919476509094238,1.4104024171829224,0.0055605266243219376,1.3364007472991943,1.408805012702942,1.4862329959869385,0.0
2391,4,76,6,1.4822064638137817,0.9817479252815247,1.4822064638137817,1.260075330734253,0.032554470002651215,1.1564501523971558,1.233304738998413,1.432618498802185,0.2
2392,4,74,6,1.181427240371704,1.181427240371704,1.2685625553131104,1.2212390899658203,0.00136848003603518,1.184049129486084,1.2196742296218872,1.254360556602478,0.2
2393,4,65,6,1.3028054237365723,1.1028037071228027,1.4395312070846558,1.2538666725158691,0.013769848272204399,1.149282693862915,1.283560872077942,1.3028054237365723,0.0
2394,4,61,6,1.2131013870239258,0.9222062826156616,1.2131013870239258,1.0944151878356934,0.012101235799491405,1.010263442993164,1.117337703704834,1.195786476135254,0.2
2395,4,71,6,1.461060881614685,0.12980888783931732,1.461060881614685,1.1251274347305298,0.20955339074134827,1.1974570751190186,1.2526755332946777,1.4197887182235718,0.0
2396,4,73,6,1.507266640663147,1.1545841693878174,1.5268077850341797,1.4496839046478271,0.017614157870411873,1.4882415533065796,1.507266640663147,1.5170254707336426,0.0
2397,4,71,6,1.5099823474884033,0.2075892984867096,1.5099823474884033,1.2003470659255981,0.20436879992485046,1.2985605001449585,1.3428717851638794,1.471950650215149,0.0
2398,4,69,6,1.4595688581466675,0.987501323223114,1.4595688581466675,1.1773663759231567,0.04126843065023422,1.0154751539230347,1.07515287399292,1.3722180128097534,0.2
2399,4,76,6,1.5407028198242188,1.26389479637146,1.5407028198242188,1.4054653644561768,0.01819424331188202,1.271437406539917,1.4093265533447266,1.540381908416748,0.0
2400,4,70,6,1.563288927078247,0.07105932384729385,1.563288927078247,1.1696033477783203,0.2594064474105835,1.2348049879074097,1.2944366931915283,1.5082123279571533,0.1
2401,4,74,6,1.3949261903762817,1.075704574584961,1.3949261903762817,1.2329368591308594,0.015537925064563751,1.135703682899475,1.2033058404922485,1.3562331199645996,0.2
2402,4,59,6,1.4056005477905273,1.3967788219451904,1.5048997402191162,1.4366114139556885,0.0015098527073860168,1.4056005477905273,1.423148274421692,1.459743618965149,0.0
2403,4,71,6,1.5647894144058228,1.2076373100280762,1.5647894144058228,1.4349617958068848,0.01512400433421135,1.3894058465957642,1.4451042413711548,1.5434976816177368,0.1
2404,4,59,6,1.572582721710205,0.40954750776290894,1.572582721710205,0.8364176154136658,0.2719114422798157,0.4728098511695862,0.4965786039829254,1.3078932762145996,0.4
2405,4,65,6,1.6179225444793701,1.3116302490234375,1.6780650615692139,1.520934820175171,0.016549620777368546,1.4344923496246338,1.549520492553711,1.6179225444793701,0.0
2406,4,70,6,1.6369962692260742,1.3975297212600708,1.6369962692260742,1.544830322265625,0.009175115264952183,1.4748342037200928,1.5646915435791016,1.6363162994384766,0.0
2407,4,68,6,1.7993448972702026,1.7328743934631348,1.8189656734466553,1.793182373046875,0.0007733242819085717,1.7993448972702026,1.800410509109497,1.80568528175354,0.0
2408,4,66,6,0.9399383068084717,0.44999241828918457,0.9399383068084717,0.7070267796516418,0.034607790410518646,0.5639068484306335,0.6893548369407654,0.8859108090400696,0.4
2409,4,68,6,1.659375548362732,1.3556004762649536,1.659375548362732,1.5780824422836304,0.011643078178167343,1.559773325920105,1.6213231086730957,1.6590425968170166,0.0
2410,4,71,6,1.6481654644012451,1.4712554216384888,1.6481654644012451,1.582362413406372,0.0039035375230014324,1.5507471561431885,1.5914852619171143,1.6388325691223145,0.0
2411,4,64,6,1.0257701873779297,1.0196888446807861,1.1390764713287354,1.064401626586914,0.001986531540751457,1.0257701873779297,1.0514320135116577,1.0935311317443848,0.0
2412,4,59,6,1.5372358560562134,0.4893130362033844,1.5372358560562134,0.8710805773735046,0.22308789193630219,0.5199397206306458,0.5778239965438843,1.3021873235702515,0.4
2413,4,71,6,1.649503231048584,1.4982885122299194,1.649503231048584,1.601603627204895,0.0030566819477826357,1.57475745677948,1.623706340789795,1.6479085683822632,0.0
2414,4,77,6,1.5549037456512451,1.322927474975586,1.5549037456512451,1.440873146057129,0.00766052445396781,1.3854336738586426,1.4137678146362305,1.5263540744781494,0.0
2415,4,65,6,1.693434476852417,1.541329264640808,1.693434476852417,1.6219203472137451,0.0035093079786747694,1.5730633735656738,1.6186891794204712,1.680816411972046,0.0
2416,4,71,6,1.6732885837554932,1.479870319366455,1.6807827949523926,1.6189723014831543,0.0053374506533145905,1.5857548713684082,1.6558421850204468,1.6732885837554932,0.0
2417,4,75,6,1.39915132522583,1.276145577430725,1.4235680103302002,1.3742140531539917,0.002632702002301812,1.3535045385360718,1.39915132522583,1.406522274017334,0.0
2418,4,78,6,1.448064923286438,1.2825850248336792,1.572282314300537,1.4446392059326172,0.01133347861468792,1.3719053268432617,1.448064923286438,1.5397555828094482,0.0
2419,4,68,6,1.4534741640090942,1.446820855140686,1.5334711074829102,1.484670639038086,0.0013090301072224975,1.4534741640090942,1.4721190929412842,1.5202056169509888,0.0
2420,4,66,6,1.7437489032745361,1.5877681970596313,1.7437489032745361,1.706404447555542,0.0030463312286883593,1.7089757919311523,1.7274836301803589,1.7437227964401245,0.0
2421,4,69,6,1.621699571609497,1.621699571609497,1.7424110174179077,1.6797659397125244,0.0022652382031083107,1.6338101625442505,1.680488109588623,1.7215653657913208,0.0
2422,4,49,6,1.5623844861984253,1.3111894130706787,1.5623844861984253,1.4762588739395142,0.011074268259108067,1.3902161121368408,1.5361320972442627,1.5616364479064941,0.0
2423,4,75,6,1.575727939605713,1.0341558456420898,1.6231008768081665,1.4625146389007568,0.04252331703901291,1.4325106143951416,1.575727939605713,1.5801348686218262,0.1
2424,4,69,6,1.2635576725006104,1.2635576725006104,1.3037323951721191,1.2775245904922485,0.00022239612007979304,1.2641355991363525,1.2730419635772705,1.2862154245376587,0.0
2425,4,74,6,1.5915658473968506,0.8787933588027954,1.6065738201141357,1.3167121410369873,0.08742684125900269,1.0697650909423828,1.399848461151123,1.5915658473968506,0.1
2426,4,78,6,1.3021022081375122,0.9881728887557983,1.3021022081375122,1.1667416095733643,0.011926388368010521,1.128736972808838,1.141725778579712,1.262168288230896,0.1
2427,4,64,6,1.2797209024429321,1.0609564781188965,1.2871013879776,1.2034194469451904,0.007238751742988825,1.153172492980957,1.2214505672454834,1.2797209024429321,0.0
2428,4,71,6,1.6538059711456299,1.5434143543243408,1.6980674266815186,1.6306260824203491,0.0026785838417708874,1.5996921062469482,1.6532080173492432,1.6538059711456299,0.0
2429,4,57,6,0.9957016706466675,0.9007084369659424,0.9957016706466675,0.9578307271003723,0.0010446025989949703,0.9493882656097412,0.9529698491096497,0.9855725765228271,0.0
2430,4,39,6,0.938071072101593,0.9102264642715454,0.938071072101593,0.9225509166717529,0.00014555518282577395,0.9116586446762085,0.9187039136886597,0.9348932504653931,0.5
2431,4,67,6,1.8043265342712402,0.6354385614395142,1.8043265342712402,1.263512372970581,0.1955937147140503,0.966939389705658,1.1853880882263184,1.703654408454895,0.1
2432,4,57,6,0.9854483008384705,0.7904307842254639,0.9899569749832153,0.9213295578956604,0.005890748463571072,0.8686548471450806,0.9565890431404114,0.9854483008384705,0.5
2433,4,73,6,1.524795413017273,0.9192792177200317,1.524795413017273,1.2231013774871826,0.05457417666912079,1.0414408445358276,1.179603934288025,1.4498555660247803,0.2
2434,4,71,6,1.7827107906341553,1.3363368511199951,1.7827107906341553,1.61190664768219,0.02378026954829693,1.5475081205368042,1.6164337396621704,1.750352382659912,0.0
2435,4,66,6,1.7301435470581055,1.439438819885254,1.7301435470581055,1.5899169445037842,0.011810138821601868,1.519708514213562,1.5620595216751099,1.6956713199615479,0.0
2436,4,76,6,1.5667994022369385,1.2779045104980469,1.5917081832885742,1.4787302017211914,0.012652795761823654,1.4139336347579956,1.521343469619751,1.5667994022369385,0.1
2437,4,77,6,1.5243924856185913,1.4240232706069946,1.5243924856185913,1.4926398992538452,0.0012025911128148437,1.4829885959625244,1.5033003091812134,1.519278645515442,0.0
2438,4,75,6,1.5444504022598267,1.2604742050170898,1.5444504022598267,1.400644063949585,0.016339652240276337,1.2799537181854248,1.387817621231079,1.5314337015151978,0.0
2439,4,71,6,1.5670530796051025,1.4144954681396484,1.5670530796051025,1.4814242124557495,0.0038028499111533165,1.4438085556030273,1.4481216669082642,1.5383172035217285,0.0
2440,4,68,6,1.7347009181976318,1.3422367572784424,1.7347009181976318,1.5264365673065186,0.024092765524983406,1.4080082178115845,1.4797770977020264,1.6734758615493774,0.0
2441,4,63,6,1.3619993925094604,1.2804254293441772,1.3619993925094604,1.3244221210479736,0.0009912473615258932,1.2985804080963135,1.3259730339050293,1.353527545928955,0.0
2442,4,76,6,1.5725733041763306,1.1757628917694092,1.5725733041763306,1.3394135236740112,0.02788403257727623,1.2220486402511597,1.2478684186935425,1.4961915016174316,0.3
2443,4,65,6,1.5354106426239014,1.2782328128814697,1.5354106426239014,1.3988003730773926,0.010211078450083733,1.3292908668518066,1.3583905696868896,1.496687412261963,0.0
2444,4,66,6,1.6792088747024536,0.946763277053833,1.6792088747024536,1.4055705070495605,0.08818615972995758,1.1577258110046387,1.5390912294387817,1.658771276473999,0.2
2445,4,66,6,1.620174765586853,0.9380954504013062,1.620174765586853,1.3661465644836426,0.0759534239768982,1.1381431818008423,1.489723563194275,1.6010901927947998,0.2
2446,4,73,6,1.666671633720398,1.266428828239441,1.666671633720398,1.500271201133728,0.02468155138194561,1.3738635778427124,1.5247163772583008,1.6528149843215942,0.1
2447,4,65,6,1.7182247638702393,1.611114740371704,1.7246359586715698,1.6849753856658936,0.002282374771311879,1.6466525793075562,1.7156985998153687,1.7182247638702393,0.0
2448,4,72,6,1.725102186203003,1.5698401927947998,1.725102186203003,1.6585161685943604,0.003279954195022583,1.6200830936431885,1.657940149307251,1.7140929698944092,0.0
2449,4,68,6,1.6564555168151855,1.2745387554168701,1.6564555168151855,1.4491076469421387,0.02615540660917759,1.3092306852340698,1.3991435766220093,1.6143643856048584,0.3
2450,4,67,6,1.476952314376831,1.2728334665298462,1.5717304944992065,1.4704798460006714,0.008867123164236546,1.476952314376831,1.488242745399475,1.5185412168502808,0.0
2451,4,67,6,1.5611580610275269,1.1406738758087158,1.5611580610275269,1.3191384077072144,0.03161556273698807,1.1689000129699707,1.2465826272964478,1.4942665100097656,0.3
2452,4,70,6,1.5193283557891846,1.3815748691558838,1.5193283557891846,1.4855564832687378,0.002413313603028655,1.4811086654663086,1.5095536708831787,1.5186643600463867,0.0
2453,4,72,6,1.2115399837493896,1.0608785152435303,1.2623000144958496,1.2085741758346558,0.004792959429323673,1.2115399837493896,1.2275347709655762,1.2571253776550293,0.5
2454,4,63,6,1.198620080947876,0.3868097960948944,1.198620080947876,0.856268584728241,0.08166022598743439,0.7089471817016602,0.8369450569152832,1.118243932723999,0.4
2455,4,61,6,1.3420124053955078,1.2016234397888184,1.3420124053955078,1.2734724283218384,0.003003294812515378,1.2285224199295044,1.266427993774414,1.327948808670044,0.0
2456,4,73,6,1.1328203678131104,1.0030487775802612,1.2347235679626465,1.138582706451416,0.005529708229005337,1.121854543685913,1.1328203678131104,1.1906179189682007,0.1
2457,4,66,6,1.0096322298049927,0.6341142654418945,1.0096322298049927,0.8499878644943237,0.018130052834749222,0.768307089805603,0.8491885662078857,0.9746397733688354,0.4
2458,4,64,6,1.2363336086273193,0.584236741065979,1.2363336086273193,0.9876037836074829,0.06498178094625473,0.7991699576377869,1.051573634147644,1.2280457019805908,0.2
2459,4,71,6,1.8271872997283936,0.980514645576477,1.8271872997283936,1.4587838649749756,0.12227822840213776,1.169649600982666,1.482222318649292,1.8068790435791016,0.1
2460,4,65,6,1.0532751083374023,0.4854333996772766,1.0532751083374023,0.855026125907898,0.03598634898662567,0.837149977684021,0.8505274057388306,1.0059086084365845,0.4
2461,4,76,6,1.5086287260055542,0.9638505578041077,1.5086287260055542,1.2557373046875,0.04686584696173668,1.0613683462142944,1.2763735055923462,1.4587163925170898,0.2
2462,4,67,6,1.2255915403366089,0.8762741088867188,1.2255915403366089,1.1340726613998413,0.014302787370979786,1.1444451808929443,1.1688408851623535,1.2136417627334595,0.1
2463,4,65,6,1.124420166015625,0.6685755252838135,1.124420166015625,0.8825365900993347,0.03167447820305824,0.7657601237297058,0.8087350130081177,1.0521728992462158,0.4
2464,4,73,6,1.629734754562378,1.459409475326538,1.671489953994751,1.5989946126937866,0.0050887735560536385,1.5757176876068115,1.629734754562378,1.6418488025665283,0.0
2465,4,75,6,1.5499334335327148,1.3647680282592773,1.607330560684204,1.4793736934661865,0.008964755572378635,1.3848425149917603,1.4933319091796875,1.5499334335327148,0.0
2466,4,68,6,1.422106146812439,1.0477206707000732,1.5456898212432861,1.3830008506774902,0.02511824481189251,1.3933265209197998,1.422106146812439,1.4630132913589478,0.0
2467,4,65,6,1.4468344449996948,0.8347790837287903,1.4468344449996948,1.222152590751648,0.06002278998494148,1.0270378589630127,1.3182017803192139,1.4432369470596313,0.1
2468,4,61,6,1.7003201246261597,1.6472331285476685,1.7077171802520752,1.6845481395721436,0.00048572089872322977,1.6693661212921143,1.6945679187774658,1.7003201246261597,0.0
2469,4,68,6,1.4626715183258057,0.43606096506118774,1.4626715183258057,0.8887737393379211,0.18979614973068237,0.5151118636131287,0.7301496267318726,1.33017098903656,0.3
2470,4,65,6,1.423835039138794,0.9095423817634583,1.423835039138794,1.187251329421997,0.04720286652445793,0.9690360426902771,1.2270137071609497,1.3965480327606201,0.2
2471,4,58,6,1.0828423500061035,0.9274565577507019,1.190894365310669,1.0642037391662598,0.008768550120294094,0.989925742149353,1.0828423500061035,1.1273853778839111,0.0
2472,4,65,6,1.431389570236206,0.9692755937576294,1.431389570236206,1.207195520401001,0.03593346104025841,1.0359246730804443,1.1968369483947754,1.3991196155548096,0.1
2473,4,71,6,1.1225390434265137,0.32162928581237793,1.1225390434265137,0.7141106128692627,0.09659207612276077,0.4791768193244934,0.6452359557151794,1.0059586763381958,0.4
2474,4,69,6,1.4315836429595947,1.0348986387252808,1.4315836429595947,1.2759273052215576,0.0192901361733675,1.2056981325149536,1.285175085067749,1.4009380340576172,0.2
2475,4,74,6,1.5258227586746216,1.4206647872924805,1.5258227586746216,1.4732143878936768,0.0016804180340841413,1.4408679008483887,1.4648147821426392,1.5139161348342896,0.0
2476,4,69,6,1.6221985816955566,1.2310125827789307,1.6221985816955566,1.4370863437652588,0.020320598036050797,1.360042691230774,1.3962763547897339,1.5706610679626465,0.3
2477,4,71,6,1.3425021171569824,1.1270127296447754,1.3425021171569824,1.2884923219680786,0.005601043812930584,1.2930885553359985,1.3141529560089111,1.33883798122406,0.1
2478,4,66,6,1.4875414371490479,1.2234578132629395,1.4875414371490479,1.3550364971160889,0.010423415340483189,1.2757201194763184,1.3359838724136353,1.452710747718811,0.2
2479,4,78,6,1.5604264736175537,1.169501781463623,1.5604264736175537,1.3802093267440796,0.019585294649004936,1.3168247938156128,1.3388705253601074,1.5078003406524658,0.3
2480,4,71,6,1.5881025791168213,1.2689836025238037,1.5881025791168213,1.5066200494766235,0.011969581246376038,1.5237929821014404,1.5373156070709229,1.5758670568466187,0.1
2481,4,69,6,1.2739064693450928,1.2424190044403076,1.3093373775482178,1.2774608135223389,0.0005439198575913906,1.2641527652740479,1.2739064693450928,1.2966969013214111,0.1
2482,4,68,6,1.5281662940979004,1.3968498706817627,1.561002254486084,1.4930592775344849,0.0036150775849819183,1.4484392404556274,1.5237722396850586,1.5281662940979004,0.0
2483,4,62,6,1.5060880184173584,1.4187564849853516,1.5060880184173584,1.4605865478515625,0.0012441650032997131,1.4300811290740967,1.4530420303344727,1.4958828687667847,0.0
2484,4,75,6,1.3253285884857178,0.9719003438949585,1.3253285884857178,1.1598095893859863,0.017790453508496284,1.0688157081604004,1.135239839553833,1.2921662330627441,0.3
2485,4,74,6,1.0813559293746948,0.9292926788330078,1.0813559293746948,1.0255467891693115,0.002618795493617654,1.0149201154708862,1.0235559940338135,1.0684980154037476,0.5
2486,4,72,6,1.3292145729064941,0.9532451629638672,1.3292145729064941,1.1396257877349854,0.02450895868241787,1.0041192770004272,1.112464189529419,1.2998876571655273,0.3
2487,4,74,6,1.5805151462554932,1.1509926319122314,1.5896329879760742,1.4147922992706299,0.03077688068151474,1.288888692855835,1.4416923522949219,1.5805151462554932,0.0
2488,4,72,6,1.108072280883789,0.8993531465530396,1.284053087234497,1.0944758653640747,0.022343765944242477,0.9604544639587402,1.108072280883789,1.2190601825714111,0.2
2489,4,74,6,1.6347674131393433,1.4502527713775635,1.6733498573303223,1.5962406396865845,0.00509868236258626,1.585713505744934,1.619900107383728,1.6347674131393433,0.0
2490,4,75,6,1.5523184537887573,1.1492276191711426,1.5523184537887573,1.3211984634399414,0.029031187295913696,1.1769803762435913,1.252409815788269,1.489843487739563,0.3
2491,4,74,6,1.19679856300354,1.1301140785217285,1.2405834197998047,1.1785709857940674,0.001365159871056676,1.1503576040267944,1.178390383720398,1.19679856300354,0.0
2492,4,70,6,1.218773603439331,1.0606052875518799,1.228330373764038,1.1432764530181885,0.006208514329046011,1.064985990524292,1.1442828178405762,1.218773603439331,0.3
2493,4,71,6,1.685619592666626,0.9536226391792297,1.685619592666626,1.3783901929855347,0.09565069526433945,1.093991756439209,1.4520108699798584,1.677321434020996,0.2
2494,4,71,6,1.4723360538482666,1.2521452903747559,1.4723360538482666,1.3810068368911743,0.006378605496138334,1.3288357257843018,1.3874620199203491,1.4548721313476562,0.1
2495,4,60,6,1.2838056087493896,1.2741634845733643,1.3425127267837524,1.3008451461791992,0.0005588424392044544,1.2838056087493896,1.2928855419158936,1.3146045207977295,0.2
2496,4,67,6,1.3184692859649658,1.0751897096633911,1.3184692859649658,1.1807106733322144,0.009986082091927528,1.1068150997161865,1.1345789432525635,1.276559829711914,0.2
2497,4,76,6,1.4934380054473877,1.3351202011108398,1.4934380054473877,1.4325642585754395,0.0030571301467716694,1.405465841293335,1.4378443956375122,1.4818100929260254,0.0
2498,4,63,6,1.5683391094207764,1.4904439449310303,1.5683391094207764,1.5322386026382446,0.000795972824562341,1.5169950723648071,1.5250848531723022,1.5589065551757812,0.0
2499,4,72,6,1.3704867362976074,1.1929317712783813,1.3704867362976074,1.334283471107483,0.004039593040943146,1.353395700454712,1.3600671291351318,1.3682489395141602,0.1
2500,4,68,6,1.3194968700408936,1.1468298435211182,1.3194968700408936,1.2210227251052856,0.004987239371985197,1.1794906854629517,1.1804699897766113,1.2848966121673584,0.3
2501,4,68,6,1.3046770095825195,1.1372246742248535,1.3046770095825195,1.2121334075927734,0.004475594963878393,1.170981764793396,1.1785935163497925,1.2735987901687622,0.3
2502,4,63,6,1.3933368921279907,1.3432005643844604,1.4618031978607178,1.402619481086731,0.0019367061322554946,1.372825026512146,1.3933368921279907,1.4418728351593018,0.0
2503,4,57,6,1.4234343767166138,1.3469756841659546,1.4578132629394531,1.4159321784973145,0.0011595898540690541,1.4137322902679443,1.4234343767166138,1.4309364557266235,0.0
2504,4,68,6,1.5099589824676514,1.415779948234558,1.5099589824676514,1.4632360935211182,0.001246358617208898,1.4414671659469604,1.452026605606079,1.4967643022537231,0.0
2505,4,69,6,1.252333402633667,1.2232046127319336,1.252333402633667,1.2370526790618896,0.00015014727250672877,1.2254865169525146,1.2350850105285645,1.24951171875,0.0
2506,4,73,6,1.2390645742416382,1.0941431522369385,1.2390645742416382,1.2037012577056885,0.002559810411185026,1.2066353559494019,1.224186658859253,1.235927939414978,0.2
2507,4,73,6,1.316434621810913,1.1030824184417725,1.316434621810913,1.2249681949615479,0.007962633855640888,1.1431480646133423,1.2425665855407715,1.312004566192627,0.3
2508,4,72,6,1.4118973016738892,1.0851414203643799,1.4118973016738892,1.2844147682189941,0.013458825647830963,1.2200713157653809,1.2961596250534058,1.3908565044403076,0.3
2509,4,59,6,1.01348876953125,1.01348876953125,1.1391615867614746,1.0769307613372803,0.002566711278632283,1.0279765129089355,1.080610752105713,1.1231135129928589,0.5
2510,4,76,6,1.2801704406738281,0.9012483358383179,1.2801704406738281,1.2104368209838867,0.019232437014579773,1.2553956508636475,1.275667428970337,1.27983820438385,0.1
2511,4,75,6,1.1618547439575195,0.7862512469291687,1.3025516271591187,1.1469956636428833,0.02838173136115074,1.1618547439575195,1.1944241523742676,1.2385993003845215,0.2
2512,4,72,6,1.2294161319732666,1.0676782131195068,1.2294161319732666,1.1960067749023438,0.0033496120013296604,1.2115263938903809,1.2191178798675537,1.2285656929016113,0.1
2513,4,66,6,1.108870267868042,1.108870267868042,1.4029392004013062,1.2503092288970947,0.012611869722604752,1.1451525688171387,1.260493278503418,1.3368885517120361,0.3
2514,4,73,6,0.9871285557746887,0.9871285557746887,1.3003519773483276,1.15151047706604,0.016057580709457397,1.028862714767456,1.1736438274383545,1.2636802196502686,0.3
2515,4,73,6,1.5164284706115723,1.3731350898742676,1.5356048345565796,1.4767050743103027,0.002995813963934779,1.4578019380569458,1.4893875122070312,1.5164284706115723,0.0
2516,4,73,6,1.3392747640609741,0.9278740286827087,1.3392747640609741,1.1528080701828003,0.02235030010342598,1.059678554534912,1.1360198259353638,1.2915763854980469,0.4
2517,4,71,6,1.1083805561065674,1.1083805561065674,1.3457754850387573,1.203257441520691,0.009533369913697243,1.1175172328948975,1.1652859449386597,1.2912381887435913,0.2
2518,4,74,6,1.3774127960205078,1.3613609075546265,1.445286512374878,1.391497254371643,0.0007109782309271395,1.3774127960205078,1.3829044103622437,1.396435022354126,0.1
2519,4,74,6,1.5652196407318115,1.268897533416748,1.5652196407318115,1.4763803482055664,0.009899664670228958,1.4788563251495361,1.4904687404632568,1.5487985610961914,0.0
2520,4,71,6,1.2509336471557617,0.8472082614898682,1.2509336471557617,1.0608736276626587,0.02162167802453041,0.9781416654586792,1.0239017009735107,1.1982814073562622,0.4
2521,4,71,6,1.2444963455200195,1.0772547721862793,1.2696657180786133,1.2244515419006348,0.0044590383768081665,1.2431261539459229,1.2444963455200195,1.2622193098068237,0.1
2522,4,71,6,1.360260248184204,0.8213962316513062,1.360260248184204,1.106109619140625,0.0430452823638916,0.9367191791534424,1.1023519039154053,1.3021799325942993,0.4
2523,4,71,6,1.6060398817062378,1.392526388168335,1.6186645030975342,1.5448540449142456,0.00707231555134058,1.4971072673797607,1.5903027057647705,1.6060398817062378,0.0
2524,4,78,6,1.5663871765136719,1.4479364156723022,1.5993030071258545,1.5486695766448975,0.0022580865770578384,1.552426815032959,1.5647697448730469,1.5663871765136719,0.0
2525,4,71,6,1.6185609102249146,1.2915496826171875,1.6185609102249146,1.4484226703643799,0.018903536722064018,1.3294999599456787,1.4164233207702637,1.5893957614898682,0.3
2526,4,76,6,1.4004918336868286,1.4004918336868286,1.4479999542236328,1.4261853694915771,0.00035325734643265605,1.4087516069412231,1.4337421655654907,1.4389714002609253,0.0
2527,4,65,6,1.5579547882080078,1.3856935501098633,1.5579547882080078,1.4679250717163086,0.005617562681436539,1.3954988718032837,1.457622766494751,1.5448051691055298,0.0
2528,4,71,6,1.6185609102249146,1.2915496826171875,1.6185609102249146,1.4484226703643799,0.018903536722064018,1.3294999599456787,1.4164233207702637,1.5893957614898682,0.3
2529,4,59,6,1.6680569648742676,1.2659714221954346,1.6680569648742676,1.471664309501648,0.026164084672927856,1.3421893119812012,1.4435924291610718,1.6361864805221558,0.1
2530,4,75,6,1.6857308149337769,1.0442712306976318,1.6857308149337769,1.3886442184448242,0.059478048235177994,1.1966488361358643,1.3802943229675293,1.6244540214538574,0.2
2531,4,62,6,1.3208731412887573,1.1983940601348877,1.353478193283081,1.3147847652435303,0.0028855912387371063,1.3208731412887573,1.3317348957061768,1.350019097328186,0.1
2532,4,68,6,1.6026420593261719,1.2982438802719116,1.6040544509887695,1.544474482536316,0.012252029031515121,1.576207160949707,1.59456205368042,1.6026420593261719,0.0
2533,4,75,6,1.7464046478271484,1.5697680711746216,1.7464046478271484,1.692712426185608,0.0038038156926631927,1.6747181415557861,1.715036392211914,1.7403219938278198,0.0
2534,4,65,6,1.6630005836486816,1.412461280822754,1.6630005836486816,1.5491974353790283,0.008750561624765396,1.4803040027618408,1.5456104278564453,1.6388778686523438,0.0
2535,4,71,6,1.4281573295593262,1.2808406352996826,1.466482400894165,1.404678225517273,0.003399516921490431,1.4104326963424683,1.4219695329666138,1.4281573295593262,0.0
2536,4,72,6,1.5486104488372803,0.7615112066268921,1.5486104488372803,1.233216404914856,0.09996325522661209,0.9693655967712402,1.3484561443328857,1.499060869216919,0.2
2537,4,66,6,1.5275362730026245,1.4175586700439453,1.6446998119354248,1.5139129161834717,0.004972818307578564,1.4709582328796387,1.5174200534820557,1.5275362730026245,0.0
2538,4,78,6,1.6112456321716309,1.2925760746002197,1.6420509815216064,1.498538613319397,0.016979407519102097,1.4123700857162476,1.5188376903533936,1.6112456321716309,0.0
2539,4,76,6,1.614105224609375,1.1722869873046875,1.6596169471740723,1.463632583618164,0.03325725346803665,1.3257782459259033,1.5225355625152588,1.614105224609375,0.1
2540,4,78,6,1.3995914459228516,1.0830459594726562,1.4794052839279175,1.3667018413543701,0.017375145107507706,1.3834680318832397,1.3995914459228516,1.4452601671218872,0.1
2541,4,71,6,1.3302159309387207,1.0474870204925537,1.3302159309387207,1.2300208806991577,0.010690027847886086,1.177098274230957,1.2502113580703735,1.3245069980621338,0.3
2542,4,68,6,1.4016141891479492,1.2058333158493042,1.4016141891479492,1.3025826215744019,0.008797133341431618,1.208340048789978,1.300166368484497,1.3975298404693604,0.3
2543,4,70,6,1.1735303401947021,0.9092397689819336,1.3826725482940674,1.139615774154663,0.019759468734264374,1.088957667350769,1.1468487977981567,1.1735303401947021,0.4
2544,4,58,6,1.3419376611709595,1.3419376611709595,1.4374638795852661,1.3828362226486206,0.0012071087257936597,1.349312663078308,1.384559154510498,1.4043400287628174,0.2
2545,4,67,6,1.4208869934082031,1.126108169555664,1.4208869934082031,1.257210612297058,0.015136320143938065,1.1494134664535522,1.2177271842956543,1.3800609111785889,0.3
2546,4,77,6,1.7263410091400146,1.6732172966003418,1.7263410091400146,1.6943295001983643,0.0005277174059301615,1.6761726140975952,1.6824396848678589,1.716201663017273,0.0
2547,4,75,6,1.1582844257354736,1.0014580488204956,1.2349847555160522,1.1507141590118408,0.005198669619858265,1.1582844257354736,1.1594090461730957,1.1831883192062378,0.1
2548,4,70,6,1.556006669998169,1.355363130569458,1.556006669998169,1.4549980163574219,0.008381878025829792,1.367325782775879,1.4482320547103882,1.5484058856964111,0.1
2549,4,75,6,1.2822792530059814,0.691846489906311,1.2822792530059814,1.0514992475509644,0.05008421093225479,0.8893519639968872,1.1183868646621704,1.2434133291244507,0.4
2550,4,70,6,1.7043120861053467,1.3327362537384033,1.7043120861053467,1.5605112314224243,0.02502051740884781,1.4152772426605225,1.635840892791748,1.6933962106704712,0.2
2551,4,71,6,1.2376618385314941,0.9848123788833618,1.2376618385314941,1.1098463535308838,0.010065334849059582,1.023255467414856,1.0979467630386353,1.2062509059906006,0.3
2552,4,69,6,1.5614491701126099,1.5067211389541626,1.5614491701126099,1.5392214059829712,0.0003879971627611667,1.5269641876220703,1.5412981510162354,1.5571062564849854,0.0
2553,4,69,6,1.5328898429870605,1.3684686422348022,1.5328898429870605,1.492619276046753,0.0036013333592563868,1.481449007987976,1.5264770984649658,1.532841682434082,0.0
2554,4,70,6,1.450366497039795,1.4020819664001465,1.4800479412078857,1.4338361024856567,0.0008155681425705552,1.4070346355438232,1.433264136314392,1.450366497039795,0.0
2555,4,72,6,1.3118330240249634,0.9133486151695251,1.318785548210144,1.1648625135421753,0.024985158815979958,1.058924913406372,1.1970229148864746,1.3118330240249634,0.3
2556,4,74,6,1.449197769165039,1.175428032875061,1.449197769165039,1.335692286491394,0.01120354700833559,1.2517645359039307,1.3622078895568848,1.428173303604126,0.0
2557,4,60,6,1.390010118484497,0.9965883493423462,1.390010118484497,1.3032174110412598,0.0194673091173172,1.3255255222320557,1.3649494647979736,1.3840546607971191,0.1
2558,4,69,6,1.3301136493682861,0.7542994022369385,1.372905969619751,1.2376703023910522,0.047437626868486404,1.2967147827148438,1.3301136493682861,1.3472838401794434,0.1
2559,4,69,6,1.5558178424835205,1.5558178424835205,1.6170252561569214,1.5891238451004028,0.0006234225002117455,1.5649137496948242,1.5960506200790405,1.610460638999939,0.0
2560,4,77,6,1.6106956005096436,0.9143785834312439,1.6106956005096436,1.3027681112289429,0.08085249364376068,1.0404132604599,1.348166823387146,1.5800707340240479,0.3
2561,4,72,6,1.5510319471359253,1.1015348434448242,1.5510319471359253,1.336177110671997,0.029334401711821556,1.2038805484771729,1.3219572305679321,1.497534155845642,0.2
2562,4,63,6,1.6285269260406494,1.3962146043777466,1.6285269260406494,1.5191760063171387,0.007309728767722845,1.4648663997650146,1.5023294687271118,1.6005401611328125,0.0
2563,4,72,6,1.2977491617202759,1.0956441164016724,1.3037500381469727,1.2470544576644897,0.00538815138861537,1.2323853969573975,1.28206467628479,1.2977491617202759,0.2
2564,4,72,6,1.3530516624450684,1.1715670824050903,1.3530516624450684,1.2722145318984985,0.004405583254992962,1.227959394454956,1.2681928873062134,1.3353490829467773,0.3
2565,4,72,6,1.760082721710205,1.2243627309799194,1.760082721710205,1.5509061813354492,0.033715154975652695,1.4868805408477783,1.5389814376831055,1.7148815393447876,0.0
2566,4,71,6,1.4957659244537354,1.2735202312469482,1.4957659244537354,1.4119701385498047,0.007694574538618326,1.3414793014526367,1.4460445642471313,1.4893772602081299,0.0
2567,4,68,6,1.682697057723999,1.3683059215545654,1.682697057723999,1.549694538116455,0.01423361524939537,1.4564416408538818,1.5659382343292236,1.6629934310913086,0.0
2568,4,69,6,1.5614100694656372,1.0073946714401245,1.5688965320587158,1.4150747060775757,0.03950315713882446,1.3745335340499878,1.4996743202209473,1.5614100694656372,0.1
2569,4,74,6,1.593092918395996,1.4466217756271362,1.657970666885376,1.5620324611663818,0.006543868687003851,1.4912781715393066,1.593092918395996,1.6163303852081299,0.0
2570,4,73,6,1.2020659446716309,1.100649118423462,1.2020659446716309,1.1606181859970093,0.0012372374767437577,1.1450393199920654,1.1585978269577026,1.192108392715454,0.3
2571,4,74,6,1.593092918395996,1.4466217756271362,1.657970666885376,1.5620324611663818,0.006543868687003851,1.4912781715393066,1.593092918395996,1.6163303852081299,0.0
2572,4,66,6,1.5674381256103516,0.8549264669418335,1.5674381256103516,1.2455332279205322,0.09691626578569412,0.946846604347229,1.2865239381790161,1.5547555685043335,0.3
2573,4,63,6,0.9480130672454834,0.8303935527801514,1.015345573425293,0.917487621307373,0.0036065017338842154,0.8794833421707153,0.9168936014175415,0.9480130672454834,0.5
2574,4,74,6,1.4916024208068848,0.8926540613174438,1.4916024208068848,1.3144161701202393,0.04343181475996971,1.2641395330429077,1.3866689205169678,1.4758718013763428,0.1
2575,4,68,6,1.7843923568725586,1.3801302909851074,1.7843923568725586,1.6242027282714844,0.025078877806663513,1.5178195238113403,1.6401258707046509,1.7775747776031494,0.0
2576,4,67,6,1.724672794342041,1.28524649143219,1.724672794342041,1.5755138397216797,0.022553525865077972,1.5294342041015625,1.6025532484054565,1.7003850936889648,0.0
2577,4,75,6,1.3335343599319458,1.2026233673095703,1.3748782873153687,1.3207828998565674,0.0029942940454930067,1.3335343599319458,1.3357329368591309,1.3411295413970947,0.0
2578,4,64,6,0.8529751300811768,0.8529751300811768,1.104257345199585,1.0075350999832153,0.012198548763990402,0.9038766026496887,1.0666601657867432,1.095447063446045,0.4
2579,4,69,6,1.5891225337982178,1.4594119787216187,1.6444454193115234,1.571948528289795,0.004055818542838097,1.5379579067230225,1.5891225337982178,1.6187949180603027,0.0
2580,4,65,6,1.5244436264038086,1.438133716583252,1.5244436264038086,1.4883830547332764,0.0011100730625912547,1.4618291854858398,1.4962079524993896,1.51775324344635,0.0
2581,4,69,6,1.4787962436676025,1.3464936017990112,1.4787962436676025,1.4139500856399536,0.0032062141690403223,1.3577550649642944,1.4150487184524536,1.4710042476654053,0.0
2582,4,70,6,0.9849857687950134,0.8806065320968628,1.1383014917373657,1.0173497200012207,0.007310067769140005,0.9849857687950134,0.9958125352859497,1.0830941200256348,0.5
2583,4,73,6,1.5575132369995117,1.5088918209075928,1.5864615440368652,1.5395793914794922,0.000857668521348387,1.512557864189148,1.5365208387374878,1.5575132369995117,0.0
2584,4,49,6,1.3124977350234985,1.1780136823654175,1.3124977350234985,1.2315914630889893,0.0036174252163618803,1.1780136823654175,1.2042628526687622,1.2920012474060059,0.0
2585,4,75,6,1.5052425861358643,0.8218618631362915,1.5052425861358643,1.1406971216201782,0.08488278090953827,0.8802459239959717,1.0679208040237427,1.4396419525146484,0.3
2586,4,71,6,1.3796409368515015,0.6194150447845459,1.3796409368515015,1.1200354099273682,0.10034254193305969,0.8745254278182983,1.3037558794021606,1.3625859022140503,0.2
2587,4,67,6,1.795220136642456,1.192812204360962,1.8018286228179932,1.619667649269104,0.05374278873205185,1.4959557056427002,1.7513480186462402,1.795220136642456,0.0
2588,4,60,6,0.8238844275474548,0.4621425271034241,0.9103728532791138,0.7894490361213684,0.02247542515397072,0.8238844275474548,0.8284250497817993,0.8708247542381287,0.5
2589,4,73,6,1.821132779121399,1.0978713035583496,1.821132779121399,1.595500111579895,0.06264769285917282,1.5244337320327759,1.6736929416656494,1.7923706769943237,0.0
2590,4,72,6,1.1655173301696777,1.1209027767181396,1.2353119850158691,1.1713789701461792,0.0011576511897146702,1.1610405445098877,1.1655173301696777,1.1774861812591553,0.2
2591,4,77,6,1.7018547058105469,1.0816839933395386,1.732741355895996,1.572314739227295,0.05064023286104202,1.5951507091522217,1.6675918102264404,1.7018547058105469,0.1
2592,4,75,6,1.6153700351715088,1.1586229801177979,1.673752784729004,1.5247136354446411,0.03317747637629509,1.4756721258163452,1.6153700351715088,1.6458874940872192,0.1
2593,4,74,6,1.6791925430297852,1.1649222373962402,1.703061819076538,1.5723848342895508,0.03497564420104027,1.5883947610855103,1.6571561098098755,1.6791925430297852,0.1
2594,4,71,6,1.6209285259246826,1.035549283027649,1.6209285259246826,1.3392623662948608,0.05843264237046242,1.1369552612304688,1.3117849826812744,1.5855820178985596,0.3
2595,4,70,6,1.6703522205352783,1.6144846677780151,1.7732667922973633,1.6950416564941406,0.0033030661288648844,1.6703522205352783,1.6715059280395508,1.7450155019760132,0.0
2596,4,77,6,1.6825283765792847,1.0776915550231934,1.7272460460662842,1.5664113759994507,0.04953782260417938,1.603218913078308,1.6594008207321167,1.6825283765792847,0.1
2597,4,70,6,1.4130427837371826,1.1873385906219482,1.4780429601669312,1.3440463542938232,0.011195321567356586,1.2538217306137085,1.3823076486587524,1.4130427837371826,0.2
2598,4,77,6,1.6004652976989746,1.4405617713928223,1.6682637929916382,1.590341567993164,0.005573649890720844,1.5813064575195312,1.6004652976989746,1.643146276473999,0.0
2599,4,63,6,1.773308515548706,1.625675916671753,1.773308515548706,1.7161213159561157,0.003222076455131173,1.6726633310317993,1.7348523139953613,1.7657920122146606,0.0
2600,4,66,6,1.5778679847717285,1.2972136735916138,1.5919995307922363,1.5096956491470337,0.010450409725308418,1.4930754899978638,1.5557771921157837,1.5778679847717285,0.0
2601,4,75,6,1.349294900894165,1.2651326656341553,1.349294900894165,1.3165318965911865,0.001155144884251058,1.2874782085418701,1.330094814300537,1.3460001945495605,0.0
2602,4,78,6,1.5351414680480957,0.9049719572067261,1.5351414680480957,1.2803146839141846,0.06860148906707764,1.0392723083496094,1.3687152862548828,1.5233433246612549,0.1
2603,4,74,6,1.4305133819580078,1.3441135883331299,1.4305133819580078,1.3950365781784058,0.0010122141102328897,1.373049020767212,1.3986215591430664,1.4250237941741943,0.0
2604,4,72,6,1.5711970329284668,1.153984785079956,1.5711970329284668,1.402769923210144,0.025743428617715836,1.295478343963623,1.4141887426376343,1.5589114427566528,0.1
2605,4,74,6,1.3563004732131958,1.2211639881134033,1.3563004732131958,1.3062305450439453,0.002711846027523279,1.2673087120056152,1.325106143951416,1.3525243997573853,0.1
2606,4,62,6,1.7039376497268677,1.3878474235534668,1.7039376497268677,1.5467811822891235,0.016891824081540108,1.4213440418243408,1.5485584735870361,1.67177414894104,0.0
2607,4,76,6,1.4539158344268799,1.2121284008026123,1.4539158344268799,1.3919914960861206,0.006991377100348473,1.3953229188919067,1.4204580783843994,1.4486474990844727,0.0
2608,4,70,6,1.392717719078064,1.0459494590759277,1.392717719078064,1.2261240482330322,0.01819559559226036,1.112890362739563,1.2210471630096436,1.3546199798583984,0.3
2609,4,59,6,1.2366325855255127,1.0571987628936768,1.2366325855255127,1.1817203760147095,0.004245791118592024,1.1578307151794434,1.2029047012329102,1.2366325855255127,0.1
2610,4,67,6,1.170345664024353,1.0743881464004517,1.19096839427948,1.1565144062042236,0.0014542767312377691,1.1597715616226196,1.170345664024353,1.175180435180664,0.2
2611,4,77,6,1.430187702178955,1.430187702178955,1.5146969556808472,1.4814014434814453,0.0013312125811353326,1.4480094909667969,1.5018759965896606,1.5077571868896484,0.0
2612,4,74,6,1.5969175100326538,1.2750495672225952,1.660095453262329,1.5685826539993286,0.017816105857491493,1.5969175100326538,1.6141982078552246,1.6461474895477295,0.0
2613,4,70,6,1.3976540565490723,1.3976540565490723,1.4967749118804932,1.4427006244659424,0.001982271671295166,1.398308515548706,1.4390381574630737,1.4839847087860107,0.0
2614,4,68,6,1.1143032312393188,1.0497655868530273,1.1539883613586426,1.1056289672851562,0.0009661010117270052,1.0965487957000732,1.1116631031036377,1.1143032312393188,0.4
2615,4,74,6,1.4589810371398926,1.1715903282165527,1.4589810371398926,1.2914857864379883,0.01628890074789524,1.1741939783096313,1.2431926727294922,1.421370506286621,0.0
2616,4,67,6,1.598425269126892,1.523468255996704,1.7422986030578613,1.628868579864502,0.006177773233503103,1.5884708166122437,1.598425269126892,1.6936875581741333,0.0
2617,4,75,6,1.3366522789001465,1.2580039501190186,1.3366522789001465,1.305035948753357,0.0009607086540199816,1.283056616783142,1.3084216117858887,1.3351916074752808,0.0
2618,4,74,6,1.4120826721191406,1.0888909101486206,1.4280339479446411,1.3058743476867676,0.018189482390880585,1.2000970840454102,1.3765612840652466,1.4120826721191406,0.1
2619,4,71,6,1.0424762964248657,0.9614380598068237,1.1189252138137817,1.0422022342681885,0.002167376922443509,1.0307127237319946,1.0424762964248657,1.0564486980438232,0.5
2620,4,69,6,1.093106746673584,0.9549902677536011,1.1388614177703857,1.0561162233352661,0.003615519730374217,1.0218199491500854,1.0672074556350708,1.093106746673584,0.4
2621,4,67,6,0.8280622959136963,0.6248624324798584,0.8280622959136963,0.7206859588623047,0.006253018509596586,0.6684615612030029,0.6906147003173828,0.7943169474601746,0.5
2622,4,68,6,1.5925335884094238,1.5570200681686401,1.7193372249603271,1.6442660093307495,0.004280724562704563,1.5925335884094238,1.6402554512023926,1.7091398239135742,0.0
2623,4,74,6,1.1932270526885986,0.3826000690460205,1.2119553089141846,0.9146068692207336,0.12241848558187485,0.6137739419937134,1.1128133535385132,1.1932270526885986,0.2
2624,4,72,6,1.1839966773986816,0.5415817499160767,1.1915041208267212,0.899137020111084,0.08569938689470291,0.6092779636383057,0.9530275464057922,1.1839966773986816,0.3
2625,4,73,6,1.3832333087921143,1.125237226486206,1.3832333087921143,1.2167909145355225,0.013899937272071838,1.1300002336502075,1.139847993850708,1.3243579864501953,0.0
2626,4,65,6,1.591106653213501,1.5726678371429443,1.6209118366241455,1.597350835800171,0.00022477882157545537,1.591106653213501,1.5963226556777954,1.6054646968841553,0.0
2627,4,69,6,0.7438254952430725,0.6134649515151978,0.8472634553909302,0.7214542031288147,0.006756314542144537,0.6503142714500427,0.7438254952430725,0.7568578124046326,0.5
2628,4,75,6,1.657314658164978,1.4097334146499634,1.657314658164978,1.5300757884979248,0.009053835645318031,1.4652519226074219,1.4985570907592773,1.6212458610534668,0.0
2629,4,74,6,1.250266671180725,0.5415222644805908,1.250266671180725,0.9826465845108032,0.08157821744680405,0.7431257963180542,1.1015273332595825,1.233414888381958,0.2
2630,4,76,6,1.6166722774505615,1.0618444681167603,1.6243290901184082,1.455147385597229,0.05433955416083336,1.3022098541259766,1.6146509647369385,1.6166722774505615,0.0
2631,4,75,6,1.2944453954696655,1.0013455152511597,1.2944453954696655,1.1841496229171753,0.010799485258758068,1.1304254531860352,1.1972142457962036,1.2791905403137207,0.4
2632,4,78,6,1.5377833843231201,1.4152100086212158,1.5377833843231201,1.4782347679138184,0.002124083461239934,1.4459939002990723,1.4694443941116333,1.5218729972839355,0.0
2633,4,75,6,1.68973970413208,1.2698452472686768,1.68973970413208,1.4583089351654053,0.02809177152812481,1.3524854183197021,1.375717282295227,1.6144986152648926,0.1
2634,4,73,6,1.2853165864944458,1.250433325767517,1.3101754188537598,1.286703109741211,0.0004072481533512473,1.2809205055236816,1.2853165864944458,1.3034700155258179,0.1
2635,4,70,6,1.2868108749389648,1.1375772953033447,1.3221561908721924,1.251085638999939,0.003586770733818412,1.2278329133987427,1.2704416513442993,1.2868108749389648,0.4
2636,4,70,6,1.3768787384033203,1.3165380954742432,1.5140650272369385,1.3971840143203735,0.003506076755002141,1.3768787384033203,1.3859646320343018,1.4015321731567383,0.1
2637,4,69,6,1.6884641647338867,1.223226547241211,1.6884641647338867,1.497396469116211,0.032002899795770645,1.3710975646972656,1.5112855434417725,1.6721328496932983,0.1
2638,4,74,6,1.3873622417449951,0.9793763756752014,1.3873622417449951,1.2343153953552246,0.022146355360746384,1.1487622261047363,1.2576611042022705,1.3729418516159058,0.2
2639,4,74,6,1.3336882591247559,1.187373399734497,1.3336882591247559,1.2672861814498901,0.00366064440459013,1.2117760181427002,1.2726877927780151,1.3275279998779297,0.5
2640,4,75,6,1.3505651950836182,1.2409610748291016,1.3505651950836182,1.321136474609375,0.0014396894257515669,1.3184844255447388,1.3352190256118774,1.3477656841278076,0.1
2641,4,62,6,1.2956383228302002,1.282202124595642,1.4249393939971924,1.33572518825531,0.003928034100681543,1.293372631072998,1.2956383228302002,1.391396403312683,0.1
2642,4,75,6,1.5448516607284546,1.2195115089416504,1.5448516607284546,1.39386785030365,0.01803317852318287,1.2819132804870605,1.3873810768127441,1.5298386812210083,0.2
2643,4,66,6,1.2371013164520264,1.0625056028366089,1.2371013164520264,1.176727056503296,0.003410973818972707,1.169044017791748,1.1780415773391724,1.2234807014465332,0.4
2644,4,73,6,1.2692327499389648,1.2692327499389648,1.3270578384399414,1.3001700639724731,0.0005578630371019244,1.2780296802520752,1.3047404289245605,1.3207770586013794,0.0
2645,4,72,6,1.3393340110778809,0.8956767320632935,1.3393340110778809,1.1655120849609375,0.03404780104756355,0.99809730052948,1.2433133125305176,1.3271353244781494,0.2
2646,4,75,6,1.5238404273986816,1.230830192565918,1.5238404273986816,1.3608853816986084,0.015187425538897514,1.249284029006958,1.3245428800582886,1.4841543436050415,0.2
2647,4,65,6,1.4334033727645874,1.3312513828277588,1.448767900466919,1.4108656644821167,0.0014751669950783253,1.4065754413604736,1.4239022731781006,1.4334033727645874,0.0
2648,4,74,6,1.1672991514205933,1.1000423431396484,1.2542698383331299,1.1740738153457642,0.002014472847804427,1.1672991514205933,1.169893741607666,1.1804052591323853,0.4
2649,4,49,6,1.4828543663024902,0.9116645455360413,1.4828543663024902,1.2077103853225708,0.06633228063583374,0.9716378450393677,1.1986255645751953,1.4685440063476562,0.3
2650,4,76,6,1.204847812652588,1.1593559980392456,1.238495111465454,1.1948540210723877,0.0006391812348738313,1.1777265071868896,1.19588041305542,1.204847812652588,0.3
2651,4,75,6,1.46895170211792,1.058542013168335,1.46895170211792,1.2903941869735718,0.02773054875433445,1.138444185256958,1.3333251476287842,1.4393843412399292,0.2
2652,4,77,6,1.3329064846038818,0.8870067596435547,1.3329064846038818,1.1876420974731445,0.023746633902192116,1.1449403762817383,1.2171261310577393,1.3173878192901611,0.3
2653,4,73,6,1.538662075996399,1.3588002920150757,1.5712029933929443,1.508442759513855,0.00481249438598752,1.5148895978927612,1.5369383096694946,1.538662075996399,0.0
2654,4,74,6,1.4667201042175293,1.0239263772964478,1.4667201042175293,1.270357370376587,0.025018654763698578,1.1843808889389038,1.2507959604263306,1.4134465456008911,0.2
2655,4,77,6,1.701430320739746,1.0011714696884155,1.701430320739746,1.3698221445083618,0.07052299380302429,1.188563346862793,1.3147540092468262,1.6339306831359863,0.3
2656,4,74,6,1.3705823421478271,1.1816412210464478,1.3917855024337769,1.2986435890197754,0.006700276397168636,1.2326741218566895,1.310569405555725,1.3705823421478271,0.1
2657,4,77,6,1.4159724712371826,1.321199893951416,1.4888914823532104,1.41559898853302,0.0028219784144312143,1.3971235752105713,1.4159724712371826,1.449530839920044,0.0
2658,4,70,6,1.2555023431777954,0.8524094223976135,1.278464674949646,1.142349123954773,0.027103392407298088,1.0430666208267212,1.2438466548919678,1.2555023431777954,0.2
2659,4,64,6,1.5787848234176636,0.9425042271614075,1.5787848234176636,1.2199530601501465,0.06764787435531616,1.036922574043274,1.0927616357803345,1.4691375494003296,0.4
2660,4,74,6,1.7115569114685059,0.9186130166053772,1.7115569114685059,1.3211418390274048,0.08628931641578674,1.1647804975509644,1.2171742916107178,1.5905561447143555,0.3
2661,4,73,6,1.6539874076843262,1.6011667251586914,1.700522541999817,1.6474018096923828,0.0008771793800406158,1.635972499847412,1.6470812559127808,1.6539874076843262,0.0
2662,4,71,6,1.5172231197357178,1.0273901224136353,1.5172231197357178,1.3138468265533447,0.028701525181531906,1.250724196434021,1.2864457368850708,1.466680645942688,0.4
2663,4,74,6,1.2938357591629028,1.1459758281707764,1.3709465265274048,1.2576556205749512,0.0059861475601792336,1.1950383186340332,1.2828842401504517,1.2938357591629028,0.2
2664,4,63,6,1.2800498008728027,1.0594203472137451,1.2800498008728027,1.1896291971206665,0.005842030514031649,1.1582753658294678,1.181334376335144,1.2591191530227661,0.4
2665,4,52,6,1.6886720657348633,1.659276008605957,1.7532296180725098,1.7102259397506714,0.0011944338912144303,1.6886720657348633,1.7043943405151367,1.743571162223816,0.0
2666,4,73,6,1.4765691757202148,1.3113934993743896,1.4765691757202148,1.3896628618240356,0.004493486136198044,1.331261157989502,1.3789739608764648,1.4522756338119507,0.2
2667,4,63,6,1.352080225944519,1.2307032346725464,1.3835649490356445,1.3254640102386475,0.0026377609465271235,1.3016974925994873,1.3501091003417969,1.352080225944519,0.2
2668,4,59,6,1.7797942161560059,1.7012698650360107,1.7797942161560059,1.7507433891296387,0.000786095391958952,1.7354934215545654,1.7559583187103271,1.7760951519012451,0.0
2669,4,74,6,1.8220394849777222,1.3627763986587524,1.8220394849777222,1.6725445985794067,0.02636650577187538,1.6049875020980835,1.725321650505066,1.8075294494628906,0.0
2670,4,63,6,1.412683129310608,0.9623364210128784,1.412683129310608,1.255393147468567,0.03437544405460358,1.1059653759002686,1.3547474145889282,1.4072917699813843,0.3
2671,4,70,6,1.492965579032898,1.063442349433899,1.492965579032898,1.3036718368530273,0.027056803926825523,1.1695016622543335,1.3207085132598877,1.4590070247650146,0.1
2672,4,71,6,1.4441256523132324,1.3179020881652832,1.5043046474456787,1.410865068435669,0.004712691530585289,1.3489799499511719,1.4391319751739502,1.4441256523132324,0.0
2673,4,70,6,1.1844825744628906,0.9863336682319641,1.1844825744628906,1.0616562366485596,0.007732366677373648,0.9909652471542358,1.0128657817840576,1.145509958267212,0.3
2674,4,63,6,1.208423376083374,0.738542914390564,1.208423376083374,1.0650005340576172,0.03391629830002785,0.9524325132369995,1.1723194122314453,1.2075257301330566,0.2
2675,4,75,6,1.4940950870513916,1.3912441730499268,1.5422815084457397,1.4938666820526123,0.0023867094423621893,1.4940950870513916,1.5072635412216187,1.5208972692489624,0.0
2676,4,62,6,0.7714009881019592,0.6262650489807129,0.9108039140701294,0.7275094985961914,0.010353762656450272,0.6422861814498901,0.7073038816452026,0.7714009881019592,0.4
2677,4,62,6,1.3183233737945557,0.7165516018867493,1.3183233737945557,1.0829952955245972,0.049983445554971695,0.9308738708496094,1.1236534118652344,1.2927954196929932,0.3
2678,4,56,6,0.7555572986602783,0.46844545006752014,0.8497829437255859,0.7422118186950684,0.016180729493498802,0.7555572986602783,0.7760316729545593,0.819692850112915,0.5
2679,4,61,6,0.7074074745178223,0.5060077905654907,0.8275860548019409,0.6327716112136841,0.014813815243542194,0.5204769372940063,0.6193923950195312,0.7074074745178223,0.4
2680,4,59,6,0.5349791049957275,0.06210457533597946,0.6478054523468018,0.3929080069065094,0.04939602315425873,0.20224297046661377,0.49843141436576843,0.5349791049957275,0.5
2681,4,61,6,0.5345096588134766,0.5087171792984009,0.6084617376327515,0.5439296960830688,0.0009623843943700194,0.5314235687255859,0.5345096588134766,0.5438663363456726,0.5
2682,4,59,6,1.2648625373840332,0.6644408702850342,1.2648625373840332,0.9939063191413879,0.06517014652490616,0.7395061254501343,1.0447354316711426,1.2413592338562012,0.2
2683,4,66,6,1.067187786102295,0.386479914188385,1.067187786102295,0.7255263924598694,0.11071215569972992,0.3952789902687073,0.7189520597457886,1.0603868961334229,0.3
2684,4,62,6,0.824798583984375,0.7792586088180542,0.8653750419616699,0.8226116895675659,0.0006859509157948196,0.811255693435669,0.824798583984375,0.8322231769561768,0.4
2685,4,65,6,0.5810914635658264,0.46507954597473145,0.6608120203018188,0.591498613357544,0.004038422368466854,0.5810914635658264,0.600875735282898,0.6353579163551331,0.5
2686,4,73,6,1.1952650547027588,0.6316572427749634,1.1952650547027588,0.8772751688957214,0.05821286886930466,0.6655606031417847,0.7901448607444763,1.1218411922454834,0.3
2687,4,70,6,1.405753254890442,0.6493165493011475,1.405753254890442,1.1196454763412476,0.07671558856964111,0.9467309713363647,1.1748363971710205,1.3755347728729248,0.1
2688,4,60,6,0.438063383102417,0.37997639179229736,0.5017397999763489,0.43282827734947205,0.001697386265732348,0.3991139531135559,0.438063383102417,0.44926273822784424,0.5
2689,4,69,6,0.5720804929733276,0.49187171459198,0.8234634399414062,0.6517927646636963,0.013275991193950176,0.5720804929733276,0.6376841068267822,0.7368013858795166,0.5
2690,4,66,6,0.9033540487289429,0.7496023178100586,0.9033540487289429,0.8485861420631409,0.0029891522135585546,0.8213123083114624,0.8637592792510986,0.8938487768173218,0.4
2691,4,71,6,1.1857999563217163,0.4563654959201813,1.1857999563217163,0.8123584985733032,0.08632335066795349,0.5530491471290588,0.7654567956924438,1.1054831743240356,0.4
2692,4,72,6,1.3044869899749756,0.8436883091926575,1.3044869899749756,1.1408442258834839,0.025211423635482788,1.0796548128128052,1.1657670736312866,1.2772455215454102,0.3
2693,4,72,6,1.19219970703125,0.858311116695404,1.19219970703125,1.065800666809082,0.0141437454149127,0.9999176263809204,1.0845351219177246,1.17376708984375,0.4
2694,4,71,6,1.2125428915023804,0.7969151139259338,1.2125428915023804,1.0129417181015015,0.023506194353103638,0.9215903282165527,0.9760485291481018,1.153505563735962,0.4
2695,4,71,6,1.328360676765442,0.7178661227226257,1.328360676765442,1.0004241466522217,0.06053420156240463,0.7963026762008667,0.9339147806167603,1.2370212078094482,0.4
2696,4,71,6,1.2148149013519287,0.8197952508926392,1.2148149013519287,1.03056800365448,0.020575234666466713,0.9495621919631958,0.999411404132843,1.1626245975494385,0.4
2697,4,76,6,1.7649859189987183,1.160862922668457,1.7649859189987183,1.5207362174987793,0.0712665468454361,1.2533621788024902,1.6353483200073242,1.7602158784866333,0.1
2698,4,76,6,1.482685923576355,0.8709808588027954,1.482685923576355,1.2484523057937622,0.06740520894527435,1.0203428268432617,1.3759429454803467,1.456499695777893,0.2
2699,4,66,6,1.6464426517486572,1.2738926410675049,1.6464426517486572,1.448000431060791,0.02237601950764656,1.3245844841003418,1.4113749265670776,1.5897910594940186,0.1
2700,4,46,6,1.7235544919967651,1.641319990158081,1.7235544919967651,1.6791950464248657,0.0010859949979931116,1.6533801555633545,1.6680688858032227,1.711272954940796,0.0
2701,4,62,6,1.4367680549621582,1.113486409187317,1.444831371307373,1.336345911026001,0.018849574029445648,1.2342102527618408,1.423840045928955,1.4367680549621582,0.0
2702,4,62,6,1.5004730224609375,0.8749344348907471,1.5004730224609375,1.2877354621887207,0.06934937089681625,1.0731737613677979,1.4415866136550903,1.4984936714172363,0.2
2703,4,74,6,1.7763137817382812,0.828094482421875,1.7763137817382812,1.5705538988113403,0.11317647248506546,1.6374610662460327,1.713623285293579,1.7631020545959473,0.1
2704,4,71,6,1.4132075309753418,1.287644386291504,1.4132075309753418,1.3472517728805542,0.002511907136067748,1.3090152740478516,1.3306066989898682,1.3973722457885742,0.0
2705,4,58,6,1.4617698192596436,1.0298926830291748,1.4617698192596436,1.2829900979995728,0.03195255994796753,1.120704174041748,1.33036208152771,1.4536422491073608,0.2
2706,4,70,6,1.73863685131073,1.6676201820373535,1.7747435569763184,1.7359832525253296,0.0012083265464752913,1.7310905456542969,1.73863685131073,1.7604243755340576,0.0
2707,4,71,6,1.6458024978637695,1.3770017623901367,1.6458024978637695,1.536787748336792,0.008765654638409615,1.4927480220794678,1.5361878871917725,1.6195056438446045,0.0
2708,4,66,6,1.4760267734527588,0.7056140899658203,1.4760267734527588,1.040178894996643,0.10714302211999893,0.7472773194313049,0.928847074508667,1.3684501647949219,0.3
2709,4,74,6,1.5463403463363647,1.2505018711090088,1.5994340181350708,1.487165093421936,0.014152182266116142,1.4531437158584595,1.5463403463363647,1.5553069114685059,0.0
2710,4,76,6,1.4719882011413574,1.0345513820648193,1.5733299255371094,1.3811954259872437,0.03612848371267319,1.2839734554290771,1.4719882011413574,1.5035068988800049,0.1
2711,4,73,6,1.6896597146987915,1.5480655431747437,1.724731683731079,1.6456868648529053,0.0036756170447915792,1.6104536056518555,1.6508793830871582,1.6896597146987915,0.0
2712,4,75,6,1.4816033840179443,0.94178307056427,1.4816033840179443,1.2868285179138184,0.03553054854273796,1.2067210674285889,1.311316728591919,1.455150842666626,0.3
2713,4,74,6,1.3307418823242188,1.262486219406128,1.4135785102844238,1.357803463935852,0.0030079884454607964,1.3307418823242188,1.367457628250122,1.4048676490783691,0.1
2714,4,76,6,1.4450616836547852,1.172056794166565,1.4450616836547852,1.3348770141601562,0.009382075630128384,1.2857075929641724,1.3322690725326538,1.426131010055542,0.1
2715,4,73,6,1.1289182901382446,1.0909740924835205,1.179138422012329,1.144595742225647,0.0009779476094990969,1.1289182901382446,1.1472485065460205,1.1719297170639038,0.3
2716,4,70,6,1.3811569213867188,1.2525744438171387,1.391909122467041,1.3271126747131348,0.003446820890530944,1.2723625898361206,1.3351248502731323,1.3811569213867188,0.3
2717,4,71,6,1.6245737075805664,1.355412244796753,1.6245737075805664,1.506415843963623,0.009098260663449764,1.4599847793579102,1.488408088684082,1.5954890251159668,0.0
2718,4,74,6,1.4528803825378418,1.123143196105957,1.4528803825378418,1.31663179397583,0.016477815806865692,1.225800633430481,1.3244413137435913,1.4425832033157349,0.3
2719,4,73,6,1.5204037427902222,1.42444908618927,1.6564325094223022,1.5229114294052124,0.004679359961301088,1.504543662071228,1.5174928903579712,1.5204037427902222,0.0
2720,4,68,6,1.3867530822753906,1.2580921649932861,1.4119768142700195,1.3493725061416626,0.0026849526911973953,1.3258593082427979,1.3570119142532349,1.3867530822753906,0.1
2721,4,62,6,1.610640287399292,1.362663984298706,1.610640287399292,1.4926161766052246,0.009551617316901684,1.4095181226730347,1.487121820449829,1.5901542901992798,0.0
2722,4,75,6,1.041538119316101,1.041538119316101,1.1588892936706543,1.1021500825881958,0.0025712521746754646,1.0503911972045898,1.1069231033325195,1.152040719985962,0.5
2723,4,72,6,1.3759515285491943,1.0755424499511719,1.3759515285491943,1.2592053413391113,0.012269782833755016,1.1931920051574707,1.2700557708740234,1.364555835723877,0.3
2724,4,71,6,1.7109438180923462,1.1675236225128174,1.7109438180923462,1.4441797733306885,0.05147155374288559,1.2402892112731934,1.4241266250610352,1.6755424737930298,0.0
2725,4,73,6,1.56227445602417,0.7339283227920532,1.56227445602417,1.198346495628357,0.1138969361782074,0.9093189835548401,1.227245807647705,1.5338422060012817,0.2
2726,4,75,6,1.474900722503662,1.038501262664795,1.474900722503662,1.283979058265686,0.036565158516168594,1.1000629663467407,1.3214445114135742,1.4713468551635742,0.2
2727,4,64,6,1.0091629028320312,0.8199558258056641,1.0129811763763428,0.9759067893028259,0.0048802802339196205,1.0014265775680542,1.0062884092330933,1.0091629028320312,0.5
2728,4,69,6,1.6226707696914673,1.2711265087127686,1.6226707696914673,1.4205293655395508,0.022345365956425667,1.2974092960357666,1.355055809020996,1.5695688724517822,0.0
2729,4,57,6,1.7194952964782715,1.540924072265625,1.7194952964782715,1.6418222188949585,0.006484289653599262,1.5592479705810547,1.6646192073822021,1.7190184593200684,0.0
2730,4,67,6,1.6792125701904297,1.4760453701019287,1.6937952041625977,1.6174285411834717,0.008106965571641922,1.5471160411834717,1.6747193336486816,1.6792125701904297,0.0
2731,4,71,6,1.4730786085128784,1.1300057172775269,1.4730786085128784,1.3224183320999146,0.017426123842597008,1.2134684324264526,1.336747646331787,1.4483530521392822,0.0
2732,4,72,6,1.6463522911071777,1.1908198595046997,1.6463522911071777,1.434314250946045,0.027080561965703964,1.34775972366333,1.3935651779174805,1.5852103233337402,0.0
2733,4,78,6,1.6650011539459229,1.5578755140304565,1.6938259601593018,1.6386831998825073,0.003145406721159816,1.5890591144561768,1.6650011539459229,1.681238055229187,0.0
2734,4,73,6,1.2312171459197998,1.0149614810943604,1.2312171459197998,1.1342519521713257,0.00627686083316803,1.0816233158111572,1.1307127475738525,1.2071635723114014,0.2
2735,4,74,6,1.6326313018798828,1.3712620735168457,1.6326313018798828,1.488929033279419,0.011016344651579857,1.4125688076019287,1.446824312210083,1.5878673791885376,0.0
2736,4,73,6,1.2608574628829956,0.7481904625892639,1.2608574628829956,1.0220619440078735,0.04888683557510376,0.8271755576133728,1.0198006629943848,1.2455165386199951,0.3
2737,4,67,6,1.4709773063659668,1.1479136943817139,1.4709773063659668,1.2745232582092285,0.019828857854008675,1.161268949508667,1.2042877674102783,1.4056298732757568,0.0
2738,4,75,6,1.2687921524047852,0.8101719617843628,1.2687921524047852,1.0471893548965454,0.029941387474536896,0.9225496053695679,1.0209548473358154,1.2096245288848877,0.4
2739,4,62,6,1.3013871908187866,0.5604022145271301,1.3013871908187866,1.0675610303878784,0.08839143067598343,0.8643391132354736,1.242271900177002,1.3010715246200562,0.2
2740,4,74,6,1.6273397207260132,1.2489649057388306,1.6475616693496704,1.476735234260559,0.02606889046728611,1.3501834869384766,1.49539053440094,1.6273397207260132,0.0
2741,4,61,6,1.8256568908691406,1.02372407913208,1.8256568908691406,1.4535398483276367,0.11294525861740112,1.123552918434143,1.4967708587646484,1.7835699319839478,0.1
2742,4,74,6,1.3586392402648926,1.0176236629486084,1.3586392402648926,1.2109256982803345,0.01625017449259758,1.119398832321167,1.212450623512268,1.3351190090179443,0.1
2743,4,52,6,1.1856173276901245,1.100800633430481,1.1856173276901245,1.1437757015228271,0.0010580496164038777,1.118788242340088,1.1382570266723633,1.1751317977905273,0.0
2744,4,52,6,1.1241271495819092,1.0332233905792236,1.1241271495819092,1.0800857543945312,0.0013703403528779745,1.0455089807510376,1.0825088024139404,1.1143550872802734,0.5
2745,4,72,6,1.3250906467437744,0.9071288108825684,1.3250906467437744,1.1436188220977783,0.028653137385845184,1.0038269758224487,1.1565055847167969,1.311787724494934,0.3
2746,4,72,6,1.4605090618133545,0.9673560857772827,1.4605090618133545,1.2417550086975098,0.03696891665458679,1.0777924060821533,1.2619709968566895,1.4272356033325195,0.2
2747,4,74,6,1.1258234977722168,1.109574556350708,1.3852418661117554,1.2346100807189941,0.013404329307377338,1.1258234977722168,1.227376103401184,1.3314332962036133,0.2
2748,4,64,6,1.599671483039856,1.2892227172851562,1.599671483039856,1.4326841831207275,0.017905116081237793,1.3127329349517822,1.3975040912628174,1.5701712369918823,0.0
2749,4,65,6,1.6028615236282349,1.4375075101852417,1.625215768814087,1.5491371154785156,0.006173114757984877,1.4770768880844116,1.5941364765167236,1.6028615236282349,0.0
2750,4,64,6,1.406206727027893,1.0359294414520264,1.4268444776535034,1.3456233739852905,0.01931777596473694,1.3918009996414185,1.406206727027893,1.410217046737671,0.1
2751,4,77,6,1.6027648448944092,1.2547338008880615,1.6027648448944092,1.4122859239578247,0.019438980147242546,1.3142504692077637,1.3511005640029907,1.546811580657959,0.0
2752,4,70,6,1.5817101001739502,1.2259771823883057,1.5817101001739502,1.3755860328674316,0.022818345576524734,1.253525733947754,1.306043267250061,1.524802565574646,0.1
2753,4,63,6,1.7317187786102295,1.127495288848877,1.7317187786102295,1.581771731376648,0.04404003545641899,1.5952073335647583,1.6601684093475342,1.7181864976882935,0.1
2754,4,67,6,1.4882893562316895,1.098571538925171,1.4882893562316895,1.3131182193756104,0.022817576304078102,1.1866252422332764,1.3222448825836182,1.460015892982483,0.2
2755,4,66,6,1.0649933815002441,0.7030372023582458,1.0649933815002441,0.9251076579093933,0.016326379030942917,0.857416033744812,0.9429734945297241,1.036571979522705,0.5
2756,4,76,6,1.0744789838790894,0.7752760648727417,1.1216593980789185,1.014634609222412,0.013271874748170376,0.9996210336685181,1.0690538883209229,1.0744789838790894,0.5
2757,4,73,6,1.6999256610870361,1.5250523090362549,1.6999256610870361,1.6287297010421753,0.003585211466997862,1.6099746227264404,1.620371699333191,1.680203914642334,0.0
2758,4,76,6,0.9364893436431885,0.9364893436431885,1.2589213848114014,1.0709466934204102,0.013595469295978546,0.9606509208679199,1.0675859451293945,1.1444652080535889,0.5
2759,4,75,6,1.6672585010528564,1.5516571998596191,1.6672585010528564,1.6172760725021362,0.0018836738308891654,1.5853855609893799,1.6186671257019043,1.6595029830932617,0.0
2760,4,69,6,1.2127325534820557,0.8017215132713318,1.2270302772521973,1.109240174293518,0.02450953796505928,1.0544536113739014,1.2028306722640991,1.2127325534820557,0.5
2761,4,73,6,1.5665130615234375,1.415928840637207,1.5665130615234375,1.5047498941421509,0.003562429454177618,1.4547621011734009,1.5232757329940796,1.5565053224563599,0.0
2762,4,64,6,1.7427594661712646,1.3641791343688965,1.7784204483032227,1.5796120166778564,0.031218551099300385,1.4198644161224365,1.5886802673339844,1.7427594661712646,0.0
2763,4,75,6,1.3162386417388916,1.3065381050109863,1.369530200958252,1.3307493925094604,0.0004780174931511283,1.3162386417388916,1.3214898109436035,1.3435924053192139,0.0
2764,4,77,6,1.6663085222244263,1.2211295366287231,1.6663085222244263,1.5293856859207153,0.02481791563332081,1.4807626008987427,1.5757462978363037,1.6601482629776,0.0
2765,4,75,6,1.377609372138977,1.2637536525726318,1.432006597518921,1.3441359996795654,0.00324275903403759,1.3011871576309204,1.3479955196380615,1.377609372138977,0.0
2766,4,67,6,1.4952391386032104,1.2389450073242188,1.4952391386032104,1.383503794670105,0.008056197315454483,1.3466594219207764,1.3652243614196777,1.4632452726364136,0.0
2767,4,74,6,1.4679913520812988,1.1788570880889893,1.4679913520812988,1.3622374534606934,0.009702048264443874,1.3290961980819702,1.3703713417053223,1.445464849472046,0.1
2768,4,70,6,1.218102216720581,1.2107497453689575,1.2571649551391602,1.223498821258545,0.00024731806479394436,1.2136554718017578,1.218102216720581,1.2230513095855713,0.4
2769,4,64,6,1.5192972421646118,1.298046350479126,1.5192972421646118,1.4166594743728638,0.006956025026738644,1.3539869785308838,1.4137024879455566,1.4942703247070312,0.0
2770,4,75,6,1.5538264513015747,1.2873599529266357,1.5538264513015747,1.4102994203567505,0.012525798752903938,1.3043183088302612,1.3883284330368042,1.522810697555542,0.0
2771,4,71,6,1.204943299293518,0.9011807441711426,1.204943299293518,1.0925649404525757,0.013797853142023087,1.00565767288208,1.1394436359405518,1.1918480396270752,0.2
2772,4,62,6,1.1288127899169922,0.9629215002059937,1.144378423690796,1.1013075113296509,0.0038979442324489355,1.1188007593154907,1.1277953386306763,1.1288127899169922,0.1
2773,4,72,6,1.251249074935913,1.064272403717041,1.251249074935913,1.1449549198150635,0.005868133623152971,1.0917168855667114,1.1072309017181396,1.2167080640792847,0.0
2774,4,56,6,0.9596145153045654,0.9182242155075073,0.9596145153045654,0.9395505785942078,0.0002570576034486294,0.926791787147522,0.9373213052749634,0.955485463142395,0.5
2775,4,71,6,1.1330050230026245,0.9243272542953491,1.1330050230026245,1.0536710023880005,0.006604405120015144,0.9915207624435425,1.0846266746520996,1.1223729848861694,0.2
2776,4,67,6,1.0279850959777832,1.0113143920898438,1.1460379362106323,1.061903476715088,0.002278778934851289,1.0279850959777832,1.0415488481521606,1.091017723083496,0.1
2777,4,70,6,1.71001136302948,1.3756117820739746,1.71001136302948,1.574686050415039,0.019136829301714897,1.4478001594543457,1.6215394735336304,1.702530026435852,0.0
2778,4,70,6,1.1008800268173218,0.925416111946106,1.1008800268173218,1.05482017993927,0.003722359659150243,1.0512551069259644,1.0783627033233643,1.0973511934280396,0.3
2779,4,70,6,1.1268424987792969,0.7749441862106323,1.1832082271575928,1.0193486213684082,0.019803926348686218,0.9487226605415344,1.0428892374038696,1.1268424987792969,0.3
2780,4,66,6,1.410845160484314,0.4884271025657654,1.410845160484314,1.029360294342041,0.12372919917106628,0.7535846829414368,1.1064081192016602,1.3476743698120117,0.2
2781,4,65,6,1.237147331237793,1.237147331237793,1.2817511558532715,1.2516522407531738,0.00023136494564823806,1.2396034002304077,1.2481757402420044,1.2554821968078613,0.0
2782,4,51,6,1.8325163125991821,1.7765709161758423,1.876763105392456,1.8371222019195557,0.0010595732601359487,1.8325163125991821,1.8335216045379639,1.861011266708374,0.0
2783,4,71,6,1.3593730926513672,1.2787221670150757,1.4254602193832397,1.3529078960418701,0.0033751369919627905,1.2990456819534302,1.3593730926513672,1.4015300273895264,0.0
2784,4,53,6,1.6253302097320557,1.5772167444229126,1.6308709383010864,1.6061571836471558,0.00048252404667437077,1.5850733518600464,1.6112380027770996,1.6253302097320557,0.0
2785,4,72,6,1.5556405782699585,1.4789667129516602,1.6652910709381104,1.5842005014419556,0.004231469240039587,1.5556405782699585,1.5715086460113525,1.6435596942901611,0.0
2786,4,73,6,1.3897128105163574,1.1985723972320557,1.3897128105163574,1.301720380783081,0.006061129737645388,1.2366664409637451,1.2995293140411377,1.380332112312317,0.0
2787,4,70,6,1.6393808126449585,1.5115606784820557,1.6393808126449585,1.5873003005981445,0.0023756828159093857,1.5492405891418457,1.5976192951202393,1.6327853202819824,0.0
2788,4,63,6,1.2784727811813354,1.2529245615005493,1.3479681015014648,1.2968997955322266,0.0009657017071731389,1.2784727811813354,1.291088342666626,1.3158183097839355,0.0
2789,4,67,6,1.494807481765747,1.3835258483886719,1.494807481765747,1.4373811483383179,0.0019712226931005716,1.3993873596191406,1.4302862882614136,1.479791522026062,0.0
2790,4,69,6,1.4635323286056519,1.188055157661438,1.4635323286056519,1.3232717514038086,0.011089934036135674,1.2517774105072021,1.2922443151474,1.4220104217529297,0.0
2791,4,52,6,0.9080660343170166,0.7425462007522583,0.9080660343170166,0.8510168790817261,0.004683995619416237,0.7957963347434998,0.8882948160171509,0.9075255393981934,0.5
2792,4,70,6,1.6581697463989258,1.6256036758422852,1.6672943830490112,1.649388313293457,0.0001925753167597577,1.64113187789917,1.6532721519470215,1.6581697463989258,0.0
2793,4,75,6,1.1936489343643188,0.03743889927864075,1.2626729011535645,0.9287987947463989,0.18187759816646576,0.8680306673049927,1.1428310871124268,1.1936489343643188,0.3
2794,4,72,6,1.2541695833206177,1.1587843894958496,1.2541695833206177,1.2144715785980225,0.0013012950075790286,1.1885769367218018,1.2172749042510986,1.2495547533035278,0.0
2795,4,67,6,1.5415334701538086,1.449542760848999,1.5415334701538086,1.4984056949615479,0.0011905616847798228,1.4735064506530762,1.495664119720459,1.5303480625152588,0.0
2796,4,52,6,0.9037564992904663,0.7342103719711304,0.9055582284927368,0.8491485118865967,0.004490876104682684,0.8034831285476685,0.8841022849082947,0.9037564992904663,0.5
2797,4,67,6,1.179464340209961,1.179464340209961,1.2243788242340088,1.1986277103424072,0.0002974850940518081,1.18235445022583,1.1959033012390137,1.2126845121383667,0.4
2798,4,71,6,1.3900226354599,1.165269374847412,1.3900226354599,1.3207652568817139,0.005778580438345671,1.3128979206085205,1.334316611289978,1.3797602653503418,0.1
2799,4,69,6,1.3263823986053467,0.6760618686676025,1.3263823986053467,1.0923824310302734,0.04848666489124298,1.0357623100280762,1.0975091457366943,1.2806164026260376,0.4
2800,4,76,6,1.4839048385620117,1.0980316400527954,1.4839048385620117,1.303292989730835,0.02490876242518425,1.1536316871643066,1.3163256645202637,1.4584085941314697,0.2
2801,4,71,6,1.3163952827453613,1.2222278118133545,1.3163952827453613,1.282854676246643,0.0010383272310718894,1.2718881368637085,1.2876558303833008,1.3093349933624268,0.0
2802,4,69,6,1.7510976791381836,1.5210241079330444,1.7510976791381836,1.6258774995803833,0.008371035568416119,1.564346194267273,1.5846226215362549,1.713388442993164,0.0
2803,4,73,6,1.3719217777252197,1.3207484483718872,1.387272596359253,1.3568052053451538,0.0005548783228732646,1.3379617929458618,1.364724040031433,1.3719217777252197,0.0
2804,4,73,6,1.6529760360717773,1.3016035556793213,1.6529760360717773,1.4510475397109985,0.02278769761323929,1.3141148090362549,1.397576093673706,1.602088212966919,0.2
2805,4,69,6,1.7510976791381836,1.5210241079330444,1.7510976791381836,1.6258774995803833,0.008371035568416119,1.564346194267273,1.5846226215362549,1.713388442993164,0.0
2806,4,63,6,1.3512401580810547,1.3512401580810547,1.48017156124115,1.3888262510299683,0.0026810294948518276,1.351645827293396,1.3550931215286255,1.4194203615188599,0.0
2807,4,70,6,1.2177294492721558,1.2177294492721558,1.358803153038025,1.2643262147903442,0.0024680006317794323,1.2212655544281006,1.2555980682373047,1.2802050113677979,0.2
2808,4,75,6,1.6773866415023804,1.2934455871582031,1.6773866415023804,1.5236436128616333,0.02650914341211319,1.3725953102111816,1.5946681499481201,1.661008596420288,0.2
2809,4,71,6,1.2182412147521973,1.1305285692214966,1.2495191097259521,1.1908931732177734,0.0019885729998350143,1.148792028427124,1.2069501876831055,1.2182412147521973,0.3
2810,4,62,6,1.5081713199615479,1.4489045143127441,1.536409854888916,1.5048073530197144,0.0007341413293033838,1.5068302154541016,1.5081713199615479,1.5176457166671753,0.0
2811,4,52,6,1.5867433547973633,1.1302165985107422,1.607042908668518,1.4804767370224,0.026940729469060898,1.479977011680603,1.5424803495407104,1.5867433547973633,0.0
2812,4,74,6,1.5021291971206665,1.2735238075256348,1.5021291971206665,1.3822994232177734,0.007836964912712574,1.3237786293029785,1.3494172096252441,1.4654115438461304,0.3
2813,4,70,6,1.7236014604568481,1.7156672477722168,1.7787017822265625,1.7337498664855957,0.0004327416536398232,1.7236014604568481,1.7254040241241455,1.7320917844772339,0.0
2814,4,74,6,0.9977539777755737,0.9403605461120605,1.0446250438690186,1.0006797313690186,0.0009729577577672899,0.9977539777755737,1.0040626525878906,1.0125032663345337,0.5
2815,4,61,6,1.550251841545105,1.3351709842681885,1.554592251777649,1.4770848751068115,0.009151767008006573,1.3932538032531738,1.5360536575317383,1.550251841545105,0.0
2816,4,67,6,1.1703917980194092,1.1703917980194092,1.2837002277374268,1.2338857650756836,0.0021621689666062593,1.1890491247177124,1.2520251274108887,1.2708426713943481,0.0
2817,4,67,6,1.1379263401031494,1.1379263401031494,1.2622442245483398,1.2132763862609863,0.002894821111112833,1.1626393795013428,1.243922472000122,1.2530536651611328,0.1
2818,4,76,6,1.5283966064453125,1.1282426118850708,1.5283966064453125,1.353240728378296,0.02185181900858879,1.2479674816131592,1.3557312488555908,1.4934048652648926,0.1
2819,4,62,6,0.08676880598068237,0.030964473262429237,0.3458777964115143,0.18998827040195465,0.016041290014982224,0.08676880598068237,0.17019078135490417,0.31535595655441284,0.5
2820,4,76,6,1.5032826662063599,1.0782861709594727,1.5032826662063599,1.32780122756958,0.023917965590953827,1.2252328395843506,1.3424193859100342,1.4712767601013184,0.1
2821,4,75,6,1.5314655303955078,0.8398468494415283,1.5314655303955078,1.19245183467865,0.07967311888933182,0.9264510273933411,1.1886260509490967,1.4724719524383545,0.3
2822,4,59,6,1.4313814640045166,1.0306072235107422,1.4313814640045166,1.2075241804122925,0.026114432141184807,1.1042139530181885,1.1250193119049072,1.3581339120864868,0.1
2823,4,73,6,1.3585350513458252,1.2609938383102417,1.3585350513458252,1.3121885061264038,0.0013959938660264015,1.2824242115020752,1.3102495670318604,1.3475277423858643,0.0
2824,4,67,6,1.6349940299987793,1.4407291412353516,1.6349940299987793,1.527055025100708,0.0068367100320756435,1.4556597471237183,1.498131275177002,1.6111642122268677,0.0
2825,4,65,6,1.3752169609069824,1.3752169609069824,1.4508358240127563,1.4035910367965698,0.0009585520601831377,1.3778207302093506,1.3891816139221191,1.4296178817749023,0.0
2826,4,74,6,1.2561697959899902,1.179453730583191,1.307421326637268,1.2409273386001587,0.0015883296728134155,1.2177600860595703,1.2450870275497437,1.2561697959899902,0.1
2827,4,74,6,1.2540624141693115,1.0652449131011963,1.2540624141693115,1.2003514766693115,0.004252940881997347,1.1905734539031982,1.2232048511505127,1.2483227252960205,0.1
2828,4,74,6,1.5865001678466797,1.009020209312439,1.5865001678466797,1.3124855756759644,0.04830923676490784,1.1456271409988403,1.2849879264831543,1.5289299488067627,0.2
2829,4,72,6,1.523794174194336,1.2204177379608154,1.523794174194336,1.3856865167617798,0.011882171034812927,1.327386736869812,1.3621854782104492,1.4878582954406738,0.0
2830,4,76,6,1.6410491466522217,1.148592472076416,1.6410491466522217,1.464867115020752,0.031241916120052338,1.3704497814178467,1.5062814950942993,1.6229394674301147,0.1
2831,4,72,6,1.577470064163208,1.2403583526611328,1.577470064163208,1.4613704681396484,0.015912026166915894,1.3824889659881592,1.5091605186462402,1.5711464881896973,0.0
2832,4,72,6,1.7017560005187988,1.679903268814087,1.7047966718673706,1.6956305503845215,0.00010099378414452076,1.6878468990325928,1.7017560005187988,1.7022098302841187,0.0
2833,4,74,6,1.6930880546569824,1.6771445274353027,1.7214298248291016,1.6988447904586792,0.0001841687480919063,1.6930880546569824,1.6982258558273315,1.7045567035675049,0.0
2834,4,60,6,1.3665738105773926,1.2203021049499512,1.3665738105773926,1.3042091131210327,0.003993862774223089,1.242077112197876,1.3222275972366333,1.3644791841506958,0.3
2835,4,75,6,0.8377482295036316,0.7976886034011841,1.0350375175476074,0.9096834659576416,0.008532772772014141,0.8377482295036316,0.8837766647338867,0.9975062608718872,0.5
2836,4,63,6,1.173377513885498,0.879057765007019,1.173377513885498,1.0543538331985474,0.01607384718954563,0.9310545921325684,1.1080896854400635,1.1661217212677002,0.2
2837,4,74,6,1.700361967086792,1.2113206386566162,1.700361967086792,1.5517669916152954,0.027827803045511246,1.523392915725708,1.5967456102371216,1.6790506839752197,0.1
2838,4,76,6,1.6968213319778442,1.3716585636138916,1.6968213319778442,1.566343903541565,0.013264400884509087,1.507589340209961,1.5651613473892212,1.674437165260315,0.0
2839,4,74,6,1.7672626972198486,1.5506422519683838,1.7675011157989502,1.708837628364563,0.006068348418921232,1.6891900300979614,1.7447090148925781,1.7672626972198486,0.0
2840,4,59,6,1.6933354139328003,1.2939956188201904,1.6933354139328003,1.5364115238189697,0.029225090518593788,1.376631259918213,1.603386640548706,1.6933354139328003,0.0
2841,4,65,6,1.367913007736206,0.9258551597595215,1.367913007736206,1.1975324153900146,0.02371230162680149,1.1249525547027588,1.2125606536865234,1.3310565948486328,0.0
2842,4,70,6,1.56706702709198,1.297552466392517,1.56706702709198,1.4177862405776978,0.012199935503304005,1.3290350437164307,1.3759281635284424,1.5266103744506836,0.0
2843,4,65,6,1.3967636823654175,1.1421663761138916,1.3967636823654175,1.263801097869873,0.009973977692425251,1.1881816387176514,1.2370201349258423,1.3577055931091309,0.2
2844,4,74,6,1.5280951261520386,1.1665329933166504,1.5280951261520386,1.3137983083724976,0.025284849107265472,1.1745238304138184,1.2433631420135498,1.4732341766357422,0.0
2845,4,73,6,1.68583345413208,1.4250726699829102,1.68583345413208,1.5256011486053467,0.01304449513554573,1.4385216236114502,1.4612951278686523,1.6322085857391357,0.0
2846,4,76,6,1.3300352096557617,0.8658217191696167,1.3300352096557617,1.1916699409484863,0.024889491498470306,1.1751019954681396,1.2290871143341064,1.3114327192306519,0.2
2847,4,68,6,1.3994357585906982,0.7346354126930237,1.3994357585906982,1.1388641595840454,0.06261559575796127,0.9725373983383179,1.1737830638885498,1.3780148029327393,0.2
2848,4,47,6,0.7714501619338989,0.7714501619338989,0.888274073600769,0.8127201199531555,0.0025097073521465063,0.772831916809082,0.7838716506958008,0.8557438850402832,0.4
2849,4,64,6,1.286313772201538,1.2564408779144287,1.3329777717590332,1.2904791831970215,0.0005849453154951334,1.2774100303649902,1.286313772201538,1.3013684749603271,0.0
2850,4,75,6,1.5985820293426514,1.0599353313446045,1.5985820293426514,1.404356598854065,0.035809002816677094,1.3135857582092285,1.4417881965637207,1.5703425407409668,0.0
2851,4,77,6,1.7243330478668213,1.009443759918213,1.7243330478668213,1.3077627420425415,0.09483497589826584,1.0460209846496582,1.173454761505127,1.615123987197876,0.3
2852,4,69,6,1.7813280820846558,1.6734050512313843,1.8276153802871704,1.7485533952713013,0.0028582941740751266,1.7045295238494873,1.7568671703338623,1.7813280820846558,0.0
2853,4,65,6,1.2499758005142212,1.2499758005142212,1.3119183778762817,1.2693781852722168,0.0004314299440011382,1.2539684772491455,1.2662547826766968,1.2705576419830322,0.0
2854,4,59,6,1.689269781112671,1.6063899993896484,1.8459107875823975,1.7148034572601318,0.005214052740484476,1.689269781112671,1.7002190351486206,1.737901210784912,0.0
2855,4,65,6,1.8806517124176025,1.714861273765564,1.9032236337661743,1.8194904327392578,0.005097526591271162,1.7683360576629639,1.8251553773880005,1.8806517124176025,0.0
2856,4,55,6,1.290926456451416,1.2382569313049316,1.3019368648529053,1.2787859439849854,0.0004162114055361599,1.2752270698547363,1.2832378149032593,1.290926456451416,0.0
2857,4,71,6,1.1802058219909668,0.9808471202850342,1.1802058219909668,1.0792343616485596,0.005655861459672451,1.0374563932418823,1.0485035181045532,1.1498048305511475,0.4
2858,4,66,6,1.2888455390930176,1.2472755908966064,1.308081865310669,1.2824029922485352,0.0003463761240709573,1.277220606803894,1.28822922706604,1.2888455390930176,0.0
2859,4,67,6,1.6854674816131592,1.644646167755127,1.7482774257659912,1.6956619024276733,0.00100848195143044,1.6854674816131592,1.6891839504241943,1.7111343145370483,0.0
2860,4,70,6,1.7106047868728638,1.7106047868728638,1.8241798877716064,1.765256404876709,0.0028803623281419277,1.7115263938903809,1.7615089416503906,1.8195298910140991,0.0
2861,4,67,6,1.4061256647109985,0.4940905272960663,1.4061256647109985,1.022299885749817,0.13711830973625183,0.68565833568573,1.11769700050354,1.3718321323394775,0.2
2862,4,62,6,1.3107545375823975,0.9957040548324585,1.3107545375823975,1.173416256904602,0.01239303033798933,1.1183397769927979,1.1557466983795166,1.276442527770996,0.4
2863,4,69,6,0.9760535359382629,0.9498515129089355,1.1251389980316162,1.02652108669281,0.0043076034635305405,0.9760535359382629,1.0051103830337524,1.0819381475448608,0.5
2864,4,74,6,1.1879336833953857,0.8430514335632324,1.300187587738037,1.1188015937805176,0.02082137204706669,1.0707099437713623,1.168534278869629,1.1879336833953857,0.4
2865,4,75,6,1.2480157613754272,1.0067156553268433,1.266164779663086,1.1982896327972412,0.008319646120071411,1.1890230178833008,1.2480157613754272,1.250604510307312,0.2
2866,4,64,6,1.4824601411819458,0.9112228155136108,1.4824601411819458,1.1747870445251465,0.050987422466278076,1.0161081552505493,1.0872573852539062,1.3879140615463257,0.4
2867,4,68,6,1.2104511260986328,0.6262527704238892,1.2104511260986328,0.8924222588539124,0.06017536669969559,0.6827805042266846,0.8135050535202026,1.1420866250991821,0.4
2868,4,54,6,0.03924406319856644,0.03924406319856644,0.37504029273986816,0.17452360689640045,0.019373955205082893,0.03924406319856644,0.155554860830307,0.2798440456390381,0.5
2869,4,51,6,0.0,0.0,0.3051490783691406,0.05584956333041191,0.012549636885523796,0.0,0.0,0.022461222484707832,0.5
2870,4,68,6,1.2092845439910889,0.974182665348053,1.2092845439910889,1.070089340209961,0.010313562117516994,0.9834029674530029,1.0246264934539795,1.1697723865509033,0.4
2871,4,76,6,1.2680127620697021,0.880483865737915,1.2680127620697021,1.0839483737945557,0.021115617826581,0.9816402196884155,1.0591790676116943,1.2255761623382568,0.4
2872,4,70,6,0.8584667444229126,0.7950227856636047,0.9146508574485779,0.8601155281066895,0.0016109400894492865,0.8391736149787903,0.8584667444229126,0.8906244039535522,0.4
2873,4,32,6,1.4675244092941284,1.4675242900848389,1.4675244092941284,1.4675244092941284,1.9737299156706058e-15,1.4675244092941284,1.4675244092941284,1.4675244092941284,0.0
2874,4,76,6,1.1506857872009277,1.1506857872009277,1.4377717971801758,1.3034803867340088,0.012594755738973618,1.1965200901031494,1.3533222675323486,1.374476432800293,0.1
2875,4,63,6,1.160272240638733,0.7232340574264526,1.160272240638733,0.9373706579208374,0.03030787967145443,0.7862808108329773,0.9135791659355164,1.1056782007217407,0.3
2876,4,63,6,1.1541941165924072,0.9211449027061462,1.1541941165924072,1.0491182804107666,0.00841272808611393,0.9739751815795898,1.0499340295791626,1.1406190395355225,0.3
2877,4,76,6,1.2497708797454834,1.2428038120269775,1.3358739614486694,1.2901225090026855,0.0018315772758796811,1.2497708797454834,1.289078950881958,1.3326932191848755,0.0
2878,4,76,6,1.6619311571121216,1.3189783096313477,1.6619311571121216,1.494062900543213,0.02026723325252533,1.3604493141174316,1.4892390966415405,1.6379125118255615,0.0
2879,4,73,6,1.204136610031128,1.1447668075561523,1.3083667755126953,1.235305666923523,0.0032043252140283585,1.204136610031128,1.231290340423584,1.2835984230041504,0.0
2880,4,70,6,1.5058839321136475,1.3838939666748047,1.5058839321136475,1.4585695266723633,0.002304459223523736,1.4193464517593384,1.474961519241333,1.5019217729568481,0.0
2881,4,77,6,1.107386589050293,0.6097363829612732,1.107386589050293,0.9216023087501526,0.03599366173148155,0.7828071713447571,0.9871622920036316,1.089398741722107,0.2
2882,4,75,6,0.9145916104316711,0.8911733031272888,1.1021097898483276,0.9419116377830505,0.005251573398709297,0.9057098627090454,0.9145916104316711,0.9233385324478149,0.5
2883,4,69,6,1.49869704246521,1.1176273822784424,1.49869704246521,1.3276665210723877,0.023824159055948257,1.1844265460968018,1.3508703708648682,1.476959466934204,0.0
2884,4,65,6,0.8228766322135925,0.8228766322135925,0.9454566240310669,0.8642950057983398,0.0017061869148164988,0.8303568959236145,0.8618128299713135,0.8709078431129456,0.4
2885,4,73,6,1.255734920501709,0.8947897553443909,1.255734920501709,1.1289609670639038,0.016037248075008392,1.078695297241211,1.1470589637756348,1.2416768074035645,0.4
2886,4,69,6,0.9325034618377686,0.869780957698822,0.9847041964530945,0.9172105193138123,0.0015260643558576703,0.8832182884216309,0.9208617210388184,0.9325034618377686,0.5
2887,4,73,6,1.1713650226593018,0.5445892214775085,1.1713650226593018,0.8930511474609375,0.06584271788597107,0.649316668510437,0.9491634964942932,1.1332844495773315,0.2
2888,4,73,6,1.5627105236053467,0.8658901453018188,1.5627105236053467,1.2832958698272705,0.08459728956222534,1.020750641822815,1.3757078647613525,1.556922435760498,0.2
2889,4,74,6,1.652306318283081,0.8889727592468262,1.652306318283081,1.2515439987182617,0.08784171938896179,1.0510191917419434,1.1450666189193726,1.5299029350280762,0.2
2890,4,68,6,1.7805976867675781,1.2550499439239502,1.7851146459579468,1.5732728242874146,0.05004197731614113,1.3683606386184692,1.6506457328796387,1.7805976867675781,0.0
2891,4,68,6,1.3176162242889404,1.1710513830184937,1.4115318059921265,1.333600640296936,0.006641177460551262,1.3176162242889404,1.3524034023284912,1.3942461013793945,0.1
2892,4,74,6,1.5287153720855713,1.1883258819580078,1.5287153720855713,1.3944242000579834,0.017328711226582527,1.2899296283721924,1.4318596124649048,1.5153387784957886,0.1
2893,4,74,6,1.3180946111679077,1.2265756130218506,1.4141247272491455,1.3165740966796875,0.0029860471840947866,1.304771065711975,1.3180946111679077,1.3211925029754639,0.1
2894,4,64,6,1.2488574981689453,1.2488574981689453,1.3160370588302612,1.2801589965820312,0.0007372800610028207,1.2548038959503174,1.276789665222168,1.305450677871704,0.1
2895,4,68,6,1.3743393421173096,1.195629596710205,1.4365078210830688,1.3569974899291992,0.0056856852024793625,1.3743393421173096,1.3752696514129639,1.3827767372131348,0.1
2896,4,63,6,1.520425796508789,1.506316900253296,1.5688328742980957,1.5304021835327148,0.0005340489442460239,1.513816237449646,1.520425796508789,1.5462054014205933,0.0
2897,4,71,6,1.4513580799102783,1.2136893272399902,1.4513580799102783,1.3616846799850464,0.011067887768149376,1.2633185386657715,1.4193670749664307,1.4461101293563843,0.2
2898,4,72,6,1.6337990760803223,1.3771662712097168,1.6337990760803223,1.5078375339508057,0.010488292202353477,1.416101098060608,1.5059274435043335,1.6050162315368652,0.0
2899,4,66,6,1.1770365238189697,1.019775629043579,1.1813983917236328,1.1293665170669556,0.0034591678995639086,1.1006083488464355,1.1536239385604858,1.1770365238189697,0.3
2900,4,69,6,1.5311717987060547,1.1979774236679077,1.6660617589950562,1.502278208732605,0.024627283215522766,1.4596647024154663,1.5311717987060547,1.621386170387268,0.1
2901,4,73,6,1.5571348667144775,1.2931878566741943,1.5571348667144775,1.429792881011963,0.014969763346016407,1.3079472780227661,1.4354965686798096,1.552882194519043,0.0
2902,4,76,6,1.5504145622253418,1.3000049591064453,1.5504145622253418,1.4288352727890015,0.009318326599895954,1.3603235483169556,1.4061404466629028,1.5254802703857422,0.0
2903,4,67,6,1.6093894243240356,1.3744559288024902,1.6709873676300049,1.5225707292556763,0.012627366930246353,1.4214752912521362,1.5366212129592896,1.6093894243240356,0.0
2904,4,74,6,1.2351365089416504,1.2351365089416504,1.360809326171875,1.274623155593872,0.0019245322328060865,1.2382926940917969,1.2628231048583984,1.2877291440963745,0.3
2905,4,66,6,1.4425628185272217,1.3704893589019775,1.4597642421722412,1.4206218719482422,0.0009751867619343102,1.3980320692062378,1.4295133352279663,1.4425628185272217,0.0
2906,4,64,6,1.5854418277740479,1.3435935974121094,1.5854418277740479,1.4843952655792236,0.009391718544065952,1.4105701446533203,1.492582082748413,1.579850196838379,0.0
2907,4,70,6,1.5154309272766113,1.2701257467269897,1.5396761894226074,1.479404091835022,0.008881332352757454,1.5080654621124268,1.5154309272766113,1.52647066116333,0.0
2908,4,69,6,1.5987253189086914,1.3881604671478271,1.5987253189086914,1.5133126974105835,0.0060713463462889194,1.4588576555252075,1.5280108451843262,1.5828741788864136,0.0
2909,4,75,6,1.066318392753601,1.066318392753601,1.1950700283050537,1.1279429197311401,0.0022144655231386423,1.0840249061584473,1.1441415548324585,1.1515355110168457,0.5
2910,4,70,6,1.295593023300171,1.295593023300171,1.4336782693862915,1.366156816482544,0.002911801217123866,1.312726616859436,1.3807213306427002,1.4073041677474976,0.1
2911,4,66,6,1.2494049072265625,1.2494049072265625,1.4307066202163696,1.330104947090149,0.004127746447920799,1.2707933187484741,1.3445079326629639,1.3600873947143555,0.0
2912,4,77,6,1.6214191913604736,1.0174493789672852,1.6214191913604736,1.3767304420471191,0.053419068455696106,1.1969447135925293,1.4244873523712158,1.5947035551071167,0.1
2913,4,70,6,1.4267704486846924,0.6220207810401917,1.4267704486846924,1.1138323545455933,0.07865499705076218,0.9799286127090454,1.1369013786315918,1.358821988105774,0.1
2914,4,69,6,1.7155017852783203,1.4318864345550537,1.7155017852783203,1.5761045217514038,0.01097522396594286,1.5259079933166504,1.5340702533721924,1.6719510555267334,0.0
2915,4,72,6,1.7826151847839355,1.1878540515899658,1.7826151847839355,1.6004688739776611,0.03964017331600189,1.6054630279541016,1.6237385272979736,1.7450565099716187,0.0
2916,4,67,6,1.4889582395553589,1.1993399858474731,1.4889582395553589,1.3398106098175049,0.012315726839005947,1.2708628177642822,1.2960261106491089,1.4460355043411255,0.0
2917,4,72,6,1.7234399318695068,1.6600189208984375,1.7803559303283691,1.733416199684143,0.0014820515643805265,1.7234399318695068,1.7382341623306274,1.7584176063537598,0.0
2918,4,75,6,1.778760552406311,1.4571574926376343,1.778760552406311,1.6458714008331299,0.014155134558677673,1.561102032661438,1.6614255905151367,1.7569551467895508,0.0
2919,4,69,6,1.2681822776794434,0.7462661266326904,1.2875397205352783,1.1780928373336792,0.03755328059196472,1.241100549697876,1.2667807340621948,1.2681822776794434,0.1
2920,4,73,6,1.4823687076568604,1.2773382663726807,1.4823687076568604,1.3945517539978027,0.0055541046895086765,1.3479887247085571,1.3914151191711426,1.4662986993789673,0.0
2921,4,72,6,1.4218270778656006,1.03834867477417,1.4218270778656006,1.1867517232894897,0.02799323759973049,1.0633139610290527,1.0906548500061035,1.3412821292877197,0.4
2922,4,72,6,1.2637040615081787,1.133613109588623,1.2637040615081787,1.1965724229812622,0.0027869176119565964,1.1495757102966309,1.1912841796875,1.2457280158996582,0.4
2923,4,76,6,1.2162675857543945,0.9232955574989319,1.2503834962844849,1.1628154516220093,0.012693313881754875,1.1579211950302124,1.2162675857543945,1.2282216548919678,0.2
2924,4,77,6,1.3362889289855957,0.9857432842254639,1.3828717470169067,1.2197015285491943,0.022617846727371216,1.0967109203338623,1.2791959047317505,1.3362889289855957,0.2
2925,4,70,6,1.6362134218215942,1.0751192569732666,1.6362134218215942,1.3097681999206543,0.059008438140153885,1.0907856225967407,1.2169755697250366,1.5526964664459229,0.3
2926,4,74,6,1.291778802871704,1.208247423171997,1.3397800922393799,1.2855477333068848,0.0020948105957359076,1.2596251964569092,1.291778802871704,1.3225401639938354,0.0
2927,4,71,6,1.5659716129302979,1.42391037940979,1.5659716129302979,1.5083117485046387,0.002666983986273408,1.4778614044189453,1.5093499422073364,1.557780146598816,0.0
2928,4,67,6,1.2573634386062622,0.9977193474769592,1.2573634386062622,1.1654136180877686,0.009853293187916279,1.0972192287445068,1.2077997922897339,1.2480299472808838,0.4
2929,4,76,6,1.4309802055358887,1.0556731224060059,1.4309802055358887,1.2580811977386475,0.027100322768092155,1.1113818883895874,1.261356234550476,1.4236372709274292,0.3
2930,4,66,6,1.2836002111434937,1.1005702018737793,1.2836002111434937,1.1923986673355103,0.004928929731249809,1.144827127456665,1.1709973812103271,1.2618415355682373,0.3
2931,4,75,6,1.0919721126556396,0.9575678110122681,1.0919721126556396,1.0227820873260498,0.00264020380564034,0.9902229309082031,1.004133701324463,1.0710082054138184,0.4
2932,4,68,6,1.7113816738128662,1.2437050342559814,1.7113816738128662,1.4814672470092773,0.039067406207323074,1.2834281921386719,1.4887309074401855,1.678128719329834,0.2
2933,4,66,6,1.5657596588134766,1.1958601474761963,1.5657596588134766,1.407859444618225,0.01719130389392376,1.3366303443908691,1.397798776626587,1.5297235250473022,0.0
2934,4,61,6,1.6444485187530518,1.4607532024383545,1.6444485187530518,1.5449917316436768,0.00537986122071743,1.4896526336669922,1.518526554107666,1.6153820753097534,0.0
2935,4,62,6,1.4793481826782227,1.42954421043396,1.548283576965332,1.4936940670013428,0.0014287615194916725,1.4793481826782227,1.489621639251709,1.5192828178405762,0.0
2936,4,73,6,1.6098078489303589,1.1985299587249756,1.6098078489303589,1.441673994064331,0.030186202377080917,1.2886446714401245,1.4834063053131104,1.6092283725738525,0.1
2937,4,69,6,1.674619197845459,1.5048694610595703,1.674619197845459,1.6130973100662231,0.004137568175792694,1.5693074464797974,1.6382006406784058,1.6668133735656738,0.0
2938,4,75,6,1.6166059970855713,1.3500456809997559,1.6258970499038696,1.5343878269195557,0.010146768763661385,1.481116533279419,1.5750653743743896,1.6166059970855713,0.1
2939,4,68,6,1.426146149635315,1.1663898229599,1.5750168561935425,1.3459351062774658,0.020671196281909943,1.2174949645996094,1.357012152671814,1.426146149635315,0.3
2940,4,77,6,1.7221009731292725,0.9796265363693237,1.7221009731292725,1.4661657810211182,0.07186077535152435,1.334181547164917,1.5320155620574951,1.705253005027771,0.1
2941,4,57,6,1.4043264389038086,1.2280418872833252,1.472738265991211,1.3891997337341309,0.005895357113331556,1.395353078842163,1.4043264389038086,1.4261342287063599,0.1
2942,4,75,6,1.6060295104980469,1.342307209968567,1.6060295104980469,1.4945441484451294,0.010415011085569859,1.4155665636062622,1.5041768550872803,1.5944526195526123,0.1
2943,4,73,6,1.2262670993804932,1.1384614706039429,1.2766108512878418,1.2335741519927979,0.0022052263375371695,1.2262670993804932,1.2460658550262451,1.2674463987350464,0.2
2944,4,77,6,1.3955235481262207,1.1847796440124512,1.4692493677139282,1.3887977600097656,0.009134936146438122,1.3955235481262207,1.4113175868988037,1.4522267580032349,0.1
2945,4,75,6,1.2977163791656494,1.1684207916259766,1.2977163791656494,1.2432172298431396,0.003127587726339698,1.1915611028671265,1.2557806968688965,1.2975327968597412,0.3
2946,4,76,6,1.1958527565002441,0.9536298513412476,1.2273499965667725,1.1330937147140503,0.010099035687744617,1.0761743783950806,1.1911598443984985,1.1958527565002441,0.3
2947,4,56,6,1.2128351926803589,1.2128351926803589,1.3296685218811035,1.2565184831619263,0.0015836124075576663,1.221611499786377,1.2575926780700684,1.2682511806488037,0.4
2948,4,74,6,1.4922840595245361,0.8232020139694214,1.4922840595245361,1.2866443395614624,0.05106784403324127,1.2616934776306152,1.3342669010162354,1.4573246240615845,0.4
2949,4,69,6,1.568559169769287,1.2892765998840332,1.568559169769287,1.444535493850708,0.01080428808927536,1.3753236532211304,1.434882640838623,1.5468268394470215,0.0
2950,4,74,6,1.428147315979004,0.9853230714797974,1.428147315979004,1.2828936576843262,0.022577600553631783,1.249178171157837,1.3089303970336914,1.4048101902008057,0.3
2951,4,74,6,1.4176018238067627,0.947162389755249,1.4176018238067627,1.1827677488327026,0.03714568912982941,1.0048145055770874,1.1670944690704346,1.3769729137420654,0.0
2952,4,71,6,0.7690444588661194,0.7690444588661194,1.0261106491088867,0.8573296666145325,0.00770191103219986,0.7845940589904785,0.8422578573226929,0.8847651481628418,0.5
2953,4,74,6,1.705024242401123,1.6452398300170898,1.723456859588623,1.6858352422714233,0.0008018381777219474,1.6612005233764648,1.6935112476348877,1.705024242401123,0.0
2954,4,60,6,1.7699339389801025,1.7438886165618896,1.8211323022842407,1.7744899988174438,0.00069631781661883,1.7539784908294678,1.7699339389801025,1.7875268459320068,0.0
2955,4,69,6,0.9919511079788208,0.8112897276878357,1.0388433933258057,0.9505702257156372,0.005734626203775406,0.914421021938324,0.9835940003395081,0.9919511079788208,0.4
2956,4,75,6,1.2482821941375732,0.8786122798919678,1.2482821941375732,1.0942726135253906,0.01650402881205082,1.0379761457443237,1.0815056562423706,1.2095742225646973,0.4
2957,4,66,6,1.6161645650863647,1.6161645650863647,1.6898224353790283,1.6496338844299316,0.0008483539568260312,1.6234229803085327,1.645668864250183,1.6747705936431885,0.0
2958,4,69,6,1.4381160736083984,0.842011570930481,1.4381160736083984,1.1023575067520142,0.06856770068407059,0.8601389527320862,1.0197619199752808,1.3706120252609253,0.3
2959,4,61,6,1.4640846252441406,1.2628072500228882,1.470503568649292,1.4131520986557007,0.005413338076323271,1.3956795930862427,1.4494373798370361,1.4640846252441406,0.1
2960,4,60,6,1.004349946975708,0.9745900630950928,1.1231136322021484,1.0441906452178955,0.003055235370993614,1.004349946975708,1.0276799201965332,1.0935500860214233,0.5
2961,4,74,6,1.5349640846252441,1.027524709701538,1.5349640846252441,1.2941181659698486,0.0471833236515522,1.075134038925171,1.3170857429504395,1.509445309638977,0.3
2962,4,72,6,1.6681946516036987,1.5234464406967163,1.7129300832748413,1.637434482574463,0.0036774850450456142,1.6135993003845215,1.659379005432129,1.6681946516036987,0.0
2963,4,73,6,1.2978852987289429,1.1658838987350464,1.2978852987289429,1.2466105222702026,0.0023429521825164557,1.2161831855773926,1.2536139488220215,1.2921233177185059,0.0
2964,4,74,6,1.3259029388427734,1.2137837409973145,1.3259029388427734,1.2661793231964111,0.0022837722208350897,1.2201488018035889,1.2580628395080566,1.3148305416107178,0.2
2965,4,74,6,1.3163845539093018,1.2080143690109253,1.3996402025222778,1.311120629310608,0.004663086496293545,1.2624095678329468,1.3163845539093018,1.365507960319519,0.1
2966,4,74,6,1.6728591918945312,1.319016695022583,1.6728591918945312,1.521047830581665,0.015293784439563751,1.4669008255004883,1.5018572807312012,1.6320500373840332,0.1
2967,4,61,6,1.5613175630569458,1.4723840951919556,1.5613175630569458,1.5176199674606323,0.0015951546374708414,1.4770243167877197,1.518996000289917,1.5579934120178223,0.0
2968,4,65,6,1.3392512798309326,1.210943341255188,1.3392512798309326,1.2871668338775635,0.0020667961798608303,1.2621408700942993,1.2900965213775635,1.3273673057556152,0.1
2969,4,62,6,1.2962650060653687,0.9625847935676575,1.3454359769821167,1.249516487121582,0.017116837203502655,1.2737879753112793,1.2962650060653687,1.3217555284500122,0.1
2970,4,70,6,1.6368911266326904,1.559995412826538,1.639678716659546,1.610543131828308,0.0008802866796031594,1.5949013233184814,1.615896224975586,1.6368911266326904,0.0
2971,4,68,6,1.5225309133529663,1.4616353511810303,1.5866353511810303,1.5299845933914185,0.0017676815623417497,1.5128861665725708,1.5225309133529663,1.5633106231689453,0.0
2972,4,76,6,1.5662471055984497,1.431430459022522,1.5662471055984497,1.5150028467178345,0.002164077013731003,1.4973788261413574,1.514941692352295,1.556933879852295,0.0
2973,4,72,6,1.3971447944641113,1.3971447944641113,1.4968931674957275,1.432073950767517,0.0013552713207900524,1.3984445333480835,1.4254448413848877,1.449914813041687,0.0
2974,4,68,6,1.7059286832809448,1.5074445009231567,1.741621971130371,1.6577141284942627,0.0058163926005363464,1.637995958328247,1.678989291191101,1.7059286832809448,0.0
2975,4,63,6,1.4594310522079468,1.2919354438781738,1.4594310522079468,1.3888208866119385,0.005139559041708708,1.3271894454956055,1.3998355865478516,1.459143877029419,0.3
2976,4,63,6,1.1883790493011475,1.0396742820739746,1.2405211925506592,1.1651067733764648,0.0037596786860376596,1.1643892526626587,1.1800658702850342,1.1883790493011475,0.4
2977,4,60,6,1.4018094539642334,1.2267067432403564,1.4018094539642334,1.317502737045288,0.006501426920294762,1.2394863367080688,1.3190956115722656,1.3987934589385986,0.3
2978,4,67,6,1.0668177604675293,1.0266038179397583,1.2043430805206299,1.0767862796783447,0.0035479082725942135,1.0390524864196777,1.0664575099945068,1.0668177604675293,0.1
2979,4,72,6,1.5830117464065552,1.118260383605957,1.5830117464065552,1.3490536212921143,0.03346100449562073,1.195565938949585,1.3209407329559326,1.5282807350158691,0.2
2980,4,73,6,1.453321099281311,1.366565465927124,1.5217535495758057,1.4519157409667969,0.0025616143830120564,1.4273929595947266,1.453321099281311,1.486667513847351,0.1
2981,4,52,6,0.6721778512001038,0.42165279388427734,0.6721778512001038,0.5945600271224976,0.007072596810758114,0.5898715853691101,0.6078265905380249,0.6574488282203674,0.5
2982,4,65,6,0.8015121221542358,0.6548142433166504,0.8015121221542358,0.7683212757110596,0.002752056811004877,0.7700911164283752,0.7945659160614014,0.800544023513794,0.1
2983,4,71,6,0.900719940662384,0.6737179756164551,0.9421513080596924,0.8603209257125854,0.007611078210175037,0.8636621832847595,0.8951601982116699,0.900719940662384,0.5
2984,4,57,6,1.3781309127807617,0.7577661275863647,1.4231605529785156,1.2638713121414185,0.054767437279224396,1.2740894556045532,1.3781309127807617,1.399505615234375,0.0
2985,4,73,6,0.7813637256622314,0.7813637256622314,0.911121129989624,0.8395447134971619,0.0026200958527624607,0.7937495708465576,0.831531286239624,0.883306622505188,0.5
2986,4,73,6,0.9519087672233582,0.2118382751941681,0.9519087672233582,0.6679340600967407,0.06419415771961212,0.5818023085594177,0.6576265692710876,0.8934640288352966,0.4
2987,4,72,6,0.8428178429603577,0.5580728054046631,0.8428178429603577,0.6776146292686462,0.01443179976195097,0.5792207717895508,0.6255759000778198,0.7938011884689331,0.4
2988,4,68,6,0.6932798624038696,0.4646665155887604,0.6932798624038696,0.5856015682220459,0.008629499934613705,0.49820786714553833,0.5962639451026917,0.6722755432128906,0.5
2989,4,78,6,1.028185248374939,0.8728318810462952,1.028185248374939,0.976327657699585,0.0029408116824924946,0.9550228118896484,0.9910081624984741,1.0216807126998901,0.1
2990,4,73,6,1.2020041942596436,0.431840717792511,1.2020041942596436,0.8977054953575134,0.07511095702648163,0.7400099039077759,0.9276288747787476,1.1466522216796875,0.3
2991,4,65,6,1.6233352422714233,1.2449567317962646,1.6233352422714233,1.4859989881515503,0.02092457376420498,1.3822996616363525,1.541414737701416,1.6120620965957642,0.0
2992,4,68,6,1.696501612663269,0.552848219871521,1.696501612663269,1.2905855178833008,0.1542898565530777,1.1458358764648438,1.3480936288833618,1.626692771911621,0.1
2993,4,70,6,1.3354847431182861,0.5685901045799255,1.3641412258148193,1.128669261932373,0.07880329340696335,1.0420620441436768,1.2519164085388184,1.3354847431182861,0.1
2994,4,72,6,1.0770783424377441,0.5619226098060608,1.0770783424377441,0.9168403148651123,0.02980354055762291,0.9130051732063293,0.93693608045578,1.0465893745422363,0.4
2995,4,63,6,1.1390595436096191,1.0234251022338867,1.189186453819275,1.1340018510818481,0.002929575741291046,1.133655309677124,1.1390595436096191,1.170835018157959,0.0
2996,4,67,6,1.5302248001098633,0.8806189894676208,1.5302248001098633,1.2272666692733765,0.07547862827777863,0.9720596075057983,1.238623857498169,1.5038834810256958,0.2
2997,4,70,6,1.2762274742126465,1.2762274742126465,1.3688154220581055,1.3173620700836182,0.0013158241054043174,1.281221866607666,1.316922664642334,1.3462027311325073,0.0
2998,4,70,6,1.7690632343292236,1.5906093120574951,1.8040244579315186,1.75188410282135,0.005401723086833954,1.7690632343292236,1.7730828523635864,1.7953568696975708,0.0
2999,4,40,6,1.5570037364959717,1.5570037364959717,1.5815682411193848,1.563496470451355,7.747688505332917e-05,1.5570037364959717,1.559438943862915,1.5653624534606934,0.0
