qid,nstep,ndis,ninserts,firstNN,closestNN,furthestNN,meanNN,varNN,p25NN,p50NN,p75NN,r
0,9,264,11,0.8293906446151101,0.7018316218809091,0.8293906446151101,0.7736498992497165,0.0013885275130947462,0.762526370951119,0.7702434754585807,0.7896695877977399,0.6
1,9,295,11,0.8951441685462156,0.7216470239132721,0.8951441685462156,0.7922308703327732,0.0036789577535541822,0.7425755149404956,0.7801799261068955,0.8258704255656493,0.4
1,14,433,16,0.8951441685462156,0.7216470239132721,0.7906165712628298,0.7544206898419155,0.0006382312442936215,0.7330594737402621,0.7431468221857092,0.7821779137441711,0.6
2,9,268,11,0.9668172034510653,0.7533270623026522,0.9668172034510653,0.8330465554000741,0.004555967331710152,0.7841236173845366,0.8237038295415167,0.8633679793829666,0.6
4,9,295,11,1.247722591030112,0.8759712071573632,1.247722591030112,1.0191359312147008,0.0131743785976953,0.9284140759390926,0.9652400593921567,1.0991949751465042,0.5
5,9,294,11,0.8635835580893096,0.7675952236738198,0.8895643385453875,0.8387543332307127,0.0012242374466432501,0.8151723119030421,0.8456967950508362,0.8635835580893096,0.3
6,9,284,11,1.1056660161729128,0.4927336823441316,1.1056660161729128,0.9046563589483478,0.04416561267134091,0.7389504166476623,0.9710015851313825,1.0957498140592108,0.1
6,14,414,16,1.1056660161729128,0.4927336823441316,0.8575215960259248,0.6991872941463319,0.007842528403653442,0.68901015820508,0.7072384948616034,0.727181759881899,0.5
7,9,306,11,1.2485642362396627,1.0617429569756875,1.2485642362396627,1.1440347017658,0.003661820245752699,1.0797213839095259,1.164822400132027,1.1823765900955454,0.0
7,14,446,16,1.2485642362396627,1.016847098793286,1.1648123274040412,1.067456240631899,0.0017620134979992863,1.043263938783701,1.0628202629347345,1.073968265137739,0.1
8,9,300,11,1.0409742667145658,0.47018681718188754,1.0409742667145658,0.8111797634265505,0.020391221994897825,0.7859359846566891,0.8270708249645009,0.8923887019140023,0.6
9,9,299,11,1.0534355336163157,0.9699737660519827,1.126965288431376,1.065118727395934,0.0025125290167998474,1.028357911935477,1.0736389446275978,1.106801969675118,0.0
9,14,452,16,1.0534355336163157,0.9699737660519827,1.0690604463781423,1.0242351929752629,0.0007755618946378143,1.0098007342525082,1.0217077580975844,1.0479084325992714,0.0
10,9,301,11,1.0371627830925054,0.8988020388966336,1.0424857125975704,1.0017657626740892,0.002254103944293707,0.98422617079495,1.026399619625143,1.0369276890180026,0.2
11,9,258,11,0.9870905713745433,0.673968785774951,0.9870905713745433,0.7995258569046293,0.00789157864703736,0.7273528270904168,0.795171835072832,0.8490741565852817,0.3
11,14,392,16,0.9870905713745433,0.6721166163497525,0.7943299800901331,0.7322362378355128,0.0016420989953363815,0.7036706535545177,0.7314281715644617,0.7669489094871,0.6
12,9,286,11,1.0040680007127514,0.8356340898393669,1.0040680007127514,0.9237537132597193,0.002235227130494721,0.8867729097241589,0.9392469284512845,0.9471974432282009,0.1
12,14,428,16,1.0040680007127514,0.8179938522752042,0.9430520458234529,0.8866788722658884,0.0017716743674654814,0.8496662891421161,0.8917541807835253,0.9205201649682072,0.3
13,9,190,11,0.6573535889219965,0.3214922894601453,0.6573535889219965,0.5333250069094603,0.012579566589345531,0.5236964044553336,0.5679655108511067,0.6110134160108087,0.9
15,9,254,11,1.3649276934641044,0.6938493241252516,1.3649276934641044,0.9381253773890199,0.03673783685403834,0.8277878283176929,0.8802280497878272,0.9547087837928263,0.5
16,9,284,11,0.907141158984787,0.8027193868880439,1.0663135029647979,0.9144893061869024,0.006447446917806558,0.8838459321977474,0.9050690509214331,0.9086670758116724,0.2
17,9,291,11,1.1558137571515754,1.1153044436419444,1.30287348817157,1.2054200647122724,0.003249465807102376,1.1591279308517566,1.2034049109792397,1.2368591899507186,0.0
17,14,437,16,1.1558137571515754,1.1153044436419444,1.2153414146329657,1.1731204307212215,0.0011313948967401248,1.1558137571515754,1.1790379820843797,1.2015103112307852,0.0
19,9,280,11,1.226403141850566,0.9065267089445785,1.226403141850566,1.045656763400293,0.012166289072449588,0.9691857348649482,1.0014279546610325,1.129477470899411,0.1
19,14,418,16,1.226403141850566,0.7791311553362328,0.9974436149229644,0.9168767007816043,0.003727313230822038,0.9030754890905801,0.9067327403710475,0.961037287914994,0.5
19,19,549,21,1.226403141850566,0.7791311553362328,0.9243854331614296,0.8954084956870882,0.0017705331054691242,0.9030754890905801,0.9067327403710475,0.9207350704525892,0.5
20,9,285,11,1.0489773797715087,0.7114245599686867,1.0489773797715087,0.8900490963114193,0.01821922796734808,0.7404109611194991,0.921272274778865,1.019935351673332,0.4
20,14,396,16,1.0489773797715087,0.7114245599686867,0.9211571260074418,0.7823757235262128,0.0031982808998393076,0.7404109611194991,0.7765213056089889,0.8040689418045557,0.9
21,9,210,11,1.1162310463200156,0.6598630937801202,1.1162310463200156,0.9701721046395868,0.01786511508078876,0.9341419251565022,1.0340662337726438,1.0544208294879573,0.5
21,14,314,16,1.1162310463200156,0.6385571822052545,1.0392613630252283,0.8741475067953821,0.021773371394405702,0.7388642170468867,0.9354215423630519,1.002690793588364,0.8
22,9,286,11,0.6434994929158233,0.5785207230460181,0.6709459595006584,0.6320750097507324,0.0008936458051299059,0.6154035405344818,0.6393123459898716,0.6580211380461226,0.5
23,9,289,11,1.0582501234584714,0.7679389066652952,1.1118563924208116,0.9671292788296532,0.009537340890153085,0.9067531427578083,0.9727459196636432,1.0479389831070551,0.1
23,14,413,16,1.0582501234584714,0.7679389066652952,0.9472036861001918,0.9052180823320336,0.002396547491686437,0.9001884167372916,0.9132415451715831,0.9362770643099796,0.1
23,19,548,21,1.0582501234584714,0.7679389066652952,0.9112644583267819,0.8697364389813954,0.0024883326913837074,0.8547938918953012,0.8949776356317445,0.9027313583556305,0.5
24,9,272,11,0.7973478553418986,0.6675903687332475,0.7973478553418986,0.7468852367071824,0.0015135997724977928,0.7248592987960173,0.753926223831955,0.779217848395444,0.7
25,9,297,11,1.327086314871949,0.9820858003938773,1.327086314871949,1.1146027825654978,0.008600324452444784,1.0459764157116411,1.1173902830875941,1.152147462633861,0.3
26,9,298,11,1.310059245743211,1.0816588156492883,1.3195204481232212,1.2280353199935599,0.007757551126103731,1.1430677516981975,1.2677078517796125,1.3088970512052382,0.1
26,14,443,16,1.310059245743211,1.0816588156492883,1.266873042319796,1.1823048286197209,0.0035056889005338045,1.1392362780248049,1.1815595942842188,1.2322280207465393,0.1
27,9,281,11,1.2149846176515604,1.1104655112059854,1.2555784242090486,1.1973005672735404,0.001925211759100576,1.1703795998404767,1.2149846176515604,1.2277243117675256,0.0
27,14,429,16,1.2149846176515604,0.6555826764698873,1.2149846176515604,1.0891913056909226,0.025063342150044625,1.0719722957061113,1.1440147508254483,1.18084761765692,0.2
27,19,567,21,1.2149846176515604,0.6555826764698873,1.1396709466369723,0.9573422091078523,0.01971008543531928,0.9196258108020832,0.9933711678537445,1.043899385691365,0.7
28,9,275,11,1.2496657021506823,1.1767264105243085,1.2939807609715477,1.249799414257007,0.001577904614818986,1.2225108676461691,1.2506745289181904,1.2866054923339516,0.0
28,14,410,16,1.2496657021506823,1.0479354016458837,1.263944912203453,1.2127040228252945,0.003723958008086422,1.2018826276042174,1.2365149031311988,1.2511789423019444,0.1
29,9,289,11,1.097681921025615,0.5109878800591023,1.097681921025615,0.8870324837528905,0.021763801709894545,0.8559667452853967,0.8877189777736167,0.9674169239569635,0.7
30,9,296,11,1.2511695163534862,1.1985488373041542,1.2827293429275302,1.2346937760100491,0.0005812708830053108,1.2136312484701763,1.239035196499409,1.2500543168461278,0.0
30,14,433,16,1.2511695163534862,1.0947225619159324,1.2398498058896004,1.2052207022000099,0.0016011920579709026,1.2010689282051281,1.2149561174654577,1.2297797588532413,0.0
31,9,304,11,1.240673192610199,1.0416562346338967,1.2624420563409307,1.1909970116388133,0.00374563658436797,1.165000537016758,1.1984189554804403,1.2401936530447897,0.1
32,9,231,11,1.0226463417394094,0.5570772304553109,1.0226463417394094,0.7311201006508325,0.018795116192663955,0.634194345825285,0.7008457141865112,0.7838777854253226,0.6
33,9,254,11,1.2361549157553475,1.1009916496108574,1.3411267670505058,1.236418683053164,0.006134802101388306,1.183736502723281,1.2361549157553475,1.3061845170863018,0.0
33,14,391,16,1.2361549157553475,0.49275117113763983,1.2361549157553475,0.9382302161059954,0.06673716693738403,0.6986437116118935,1.0147847269325223,1.166007897385048,0.5
33,19,511,21,1.2361549157553475,0.49275117113763983,0.9476273378178905,0.7977004319918904,0.020859614099752392,0.6986437116118935,0.8360956332223761,0.9177839810417376,0.9
34,9,295,11,1.04741639894958,0.7753381929990966,1.04741639894958,0.9385372211044599,0.007367749422439428,0.8898808399956368,0.9416699233733445,1.0200427271744317,0.3
34,14,426,16,1.04741639894958,0.7753381929990966,0.9414683007893011,0.8547076903971375,0.0028721613680255187,0.7992037285219211,0.8716536353914952,0.8850969845454354,0.7
35,9,286,11,0.6379465879754238,0.550413057329616,0.6379465879754238,0.6030258937021644,0.0009973389619441465,0.5774942210356273,0.6107704305820862,0.6327812875616479,0.5
36,9,248,11,1.3122771635149728,0.7808656338681794,1.3122771635149728,0.9574145123452915,0.02586140796282856,0.8194451745769983,0.9227119045789052,1.0543280890321731,0.7
37,9,278,11,1.3487398072465009,1.1727603972597473,1.3487398072465009,1.2259373289464315,0.002442654059877686,1.1832296270397467,1.234655970450972,1.2397091621977738,0.0
37,14,411,16,1.3487398072465009,1.058318053433309,1.2345722976349014,1.1789205117920278,0.001958480457891916,1.1754925813654942,1.1836719665689717,1.2020568016014779,0.0
38,9,264,11,0.6717143080764387,0.4246656569768119,0.6717143080764387,0.6006398295146871,0.005576196023852528,0.578621601949956,0.6277426391985697,0.6582263239349314,1.0
39,9,293,11,1.2794159586986569,0.9995760357545211,1.2794159586986569,1.1392423161760727,0.008530213005892634,1.0606989362583092,1.1411959794053104,1.2177408148264397,0.0
39,14,441,16,1.2794159586986569,0.9995760357545211,1.1063091360516946,1.0705072356567529,0.0011755500308735082,1.0516015870038866,1.0815571739550527,1.0993349841309334,0.0
40,9,292,11,1.1764043236341721,0.9490176721182237,1.1764043236341721,1.0569706130049963,0.003451054501132419,1.0306180853879852,1.0490919732538204,1.0768611312335348,0.0
40,14,422,16,1.1764043236341721,0.7309901174601086,1.047226545718995,0.9334892543473389,0.009256403719334878,0.8797380491738176,0.9302510208533026,1.0214427655045566,0.5
40,19,550,21,1.1764043236341721,0.7309901174601086,0.9265492187742117,0.8680717682199255,0.0032375660056638217,0.8494053964923514,0.8798021847059683,0.9100099360152024,0.9
41,9,284,11,1.3143695192083333,1.086210103411414,1.3143695192083333,1.204422175824769,0.0065339063475962095,1.1456748390917477,1.1779300174037637,1.288085777201557,0.4
41,14,425,16,1.3143695192083333,1.086210103411414,1.1958685634141324,1.157871227426873,0.0011095669710720077,1.1456748390917477,1.1596370696167988,1.1877083812900247,0.4
42,9,305,11,1.2120487942014417,1.0749230999457686,1.2120487942014417,1.140491149345303,0.0018126592522044853,1.111356374920046,1.1497159999588988,1.1626777153647567,0.0
42,14,446,16,1.2120487942014417,1.0749230999457686,1.1618719955075634,1.1235855306565157,0.0009054420364170678,1.1071600616248214,1.1249213828289593,1.1531690605570177,0.0
42,19,582,21,1.2120487942014417,1.0694976286857452,1.1405287168143288,1.1038479888054067,0.000514872212071532,1.0825428848784235,1.1074888885218388,1.1193574893619838,0.0
42,24,725,26,1.2120487942014417,1.0226675283786602,1.1101075969816496,1.0870851873171001,0.00065961005138358,1.0756840723164904,1.099166253053021,1.1057181126960536,0.0
43,9,290,11,1.2167354899995282,0.5022083075871349,1.2437202751236056,1.0471113153198401,0.04545345491640544,0.9620339187943655,1.1022938739197503,1.2134490689881248,0.3
43,14,418,16,1.2167354899995282,0.5022083075871349,1.0486551896643774,0.9100817247836431,0.02034506222014759,0.9215231432003119,0.9506387169258022,0.9580750726927625,0.8
44,9,303,11,1.1611419313432634,0.8661096787485689,1.1611419313432634,0.9725182183772489,0.01146413801537539,0.8831919046614101,0.9319220849656666,1.066358810371457,0.4
44,14,448,16,1.1611419313432634,0.8510032194239925,0.9260709749536977,0.8774592775716098,0.000489621899508153,0.8663180353599264,0.8700847165998125,0.8833588933200287,0.8
45,9,280,11,1.3133839003393053,1.1683700040838332,1.3225243922828795,1.2689887202601697,0.002190558460691773,1.2632167071122058,1.2697548545614903,1.309537836048657,0.0
45,14,414,16,1.3133839003393053,1.1507431848012641,1.2687386593976955,1.229397590177572,0.0017522729082530767,1.2061870727529351,1.2469095504570402,1.2659072247601366,0.0
45,19,531,21,1.3133839003393053,1.0572349153871048,1.2616571518084756,1.1733096359244706,0.0030035021152222184,1.1436881332508526,1.17000389313092,1.2082349614091854,0.1
46,9,274,11,1.0478429419673345,0.6620301957198618,1.1295535560257928,0.9476263508128874,0.028389688926765348,0.7951367709479701,1.0478429419673345,1.0677345120723993,0.4
46,14,383,16,1.0478429419673345,0.4670692168168101,1.0478429419673345,0.7754500975433204,0.01912348634280066,0.7486306456952756,0.7980393007430377,0.8116380867320272,0.6
47,9,293,11,1.2733446528563515,1.059638646364509,1.2733446528563515,1.1922788435431946,0.00445697462913718,1.1793799070750988,1.213959034887917,1.235722874493229,0.2
48,9,250,11,0.6834630786825376,0.5722559698409675,0.7530497291211108,0.7025046126293198,0.0025364306547803702,0.6834630786825376,0.7163602994441811,0.7396687833862718,0.9
49,9,297,11,1.1672176336625588,0.9298505988098849,1.1672176336625588,1.05920674777245,0.004362263738087447,1.024010778705977,1.0739101230415937,1.0995924963482104,0.2
49,14,432,16,1.1672176336625588,0.9298505988098849,1.0695816130361768,1.0043409736386653,0.002269052833189039,0.9657703470508339,0.9987581827135048,1.0494423912355981,0.4
49,19,574,21,1.1672176336625588,0.8761554088129884,1.0354983363936032,0.9668914661678534,0.0025298059473255943,0.9353395884621143,0.9690165153606833,1.0071317393609902,0.6
50,9,252,11,0.9299892983040545,0.5874001319266543,0.9299892983040545,0.6646011906549073,0.008629183409758184,0.6296026887304003,0.638721443241272,0.6501525284727032,0.7
51,9,300,11,1.2869810118796392,1.1811060305698904,1.2869810118796392,1.2330785298230185,0.0007236699737396652,1.2197574942798264,1.2337101811359097,1.2476576240973007,0.0
52,9,263,11,1.0653699167917476,0.9561290036504214,1.2245150879135411,1.0487221332798549,0.004359965210930022,1.0251572807037408,1.037864011877367,1.0600979518208036,0.1
52,14,398,16,1.0653699167917476,0.9317738063598465,1.0429624772575068,1.009764248181116,0.001248173483564709,1.0037331421602367,1.0244149923030315,1.0327364827422223,0.2
53,9,303,11,1.1815902214166831,0.9476243241227279,1.1815902214166831,1.0650183737001795,0.005081810896747731,1.0295457075223926,1.064611024018343,1.1049902206403832,0.1
53,14,449,16,1.1815902214166831,0.9197787279252548,1.0678249394351123,1.0134012325658055,0.002344450452196929,0.9794117158675105,1.030072879433726,1.052412812536489,0.2
54,9,254,11,1.303946442086579,1.1856230524534317,1.303946442086579,1.2490230557559125,0.0008008491400514123,1.23731194173716,1.252253550891203,1.2614859204947249,0.0
54,14,348,16,1.303946442086579,1.0258122756674881,1.2518715548741264,1.1605586731103996,0.006459256926708822,1.1258574697507058,1.1646742676287203,1.234704584492387,0.3
54,19,447,21,1.303946442086579,1.0258122756674881,1.1705506941719153,1.1262586588793648,0.0026383290327898763,1.1258574697507058,1.1429737313815584,1.1645100989642378,0.3
55,9,296,11,1.250783091624822,0.872914360382693,1.250783091624822,1.040053990840598,0.020425530455487565,0.9232792532443495,0.9767318369800004,1.190056668651389,0.0
55,14,416,16,1.250783091624822,0.872914360382693,0.9881642918247622,0.9397042271125086,0.0009689814279754052,0.9232792532443495,0.9452936113214542,0.961739345168628,0.0
56,9,298,11,1.1711898375997754,0.9418903082913083,1.1711898375997754,1.031963568943458,0.0032611604456392806,1.0062887618919185,1.0188443420050821,1.0515879116964948,0.0
56,14,447,16,1.1711898375997754,0.7371701684387889,1.0295061676385957,0.9515317433005963,0.008028340644189303,0.9045043886743913,0.9988653173410723,1.0171609975633285,0.1
56,19,582,21,1.1711898375997754,0.7371701684387889,0.9936545756551787,0.8777950428336933,0.00432763103464276,0.8484354457243883,0.8821125183012419,0.9059128567723802,0.2
56,24,709,26,1.1711898375997754,0.7371701684387889,0.8721826211337314,0.8315966432637503,0.0013746559098425158,0.8227015453663938,0.8345819994383854,0.8603866045677511,0.6
57,9,287,11,0.7780666760766111,0.5883456515027108,0.7780666760766111,0.7037110384183197,0.0030413795013487866,0.6929828427861189,0.715788697195327,0.7400699050520366,0.4
58,9,286,11,0.9051455942340787,0.6458532943296522,0.9051455942340787,0.7518813638434008,0.005890619869367826,0.7055155262629785,0.7417736674226278,0.8015328770991565,0.6
58,14,422,16,0.9051455942340787,0.6458532943296522,0.763920334417252,0.7182407904549023,0.001580145464371995,0.7055155262629785,0.7296704991760983,0.7490158394501967,0.9
59,9,307,11,1.081178449592763,0.8595121379664454,1.081178449592763,0.9756029296842108,0.0062477229457744785,0.8991055227817397,0.9889131916903847,1.0338576074726271,0.5
59,14,446,16,1.081178449592763,0.8595121379664454,1.009144589220447,0.9503420877536056,0.003058199666408375,0.8991055227817397,0.9639214765683821,1.0028861859212626,0.6
60,9,294,11,0.6592559483209861,0.5232239742237065,0.6592559483209861,0.5994957090712317,0.0014940304048330765,0.5742529478848576,0.6011735923447691,0.6217768595659772,0.5
61,9,299,11,1.2232645197685257,1.0782201018009094,1.2232645197685257,1.1631381249555486,0.0024084144113823776,1.1325494712761506,1.1648068149970925,1.2108946289232194,0.0
61,14,439,16,1.2232645197685257,0.9558217800283175,1.1564856873111489,1.0885898102141522,0.003915809323082374,1.0599130535603498,1.1137541624310916,1.1344125945636132,0.2
61,19,575,21,1.2232645197685257,0.9558217800283175,1.0979217384553817,1.044662476278424,0.0018429232254108276,1.0146710001529702,1.0518173753719036,1.0762111190044112,0.5
62,9,290,11,1.0353902700552269,0.8490703523730616,1.0353902700552269,0.9449136581619755,0.003781777942685309,0.8964399001686227,0.9382115123052072,0.9930177332425314,0.0
62,14,435,16,1.0353902700552269,0.818140606615352,0.9338650595204974,0.8874146328191213,0.001323352947084971,0.8599186982509389,0.8890937867365848,0.9158511212561347,0.1
63,9,304,11,0.8814409285300245,0.8814409285300245,1.0079554355087044,0.9526916878225042,0.0016896245791576728,0.9386806860143077,0.9610250722001106,0.9855069105563355,0.1
63,14,456,16,0.8814409285300245,0.8814409285300245,0.9650371415679637,0.9384470264574887,0.0008690083620559776,0.9386806860143077,0.9513896836524817,0.9568248884128734,0.1
64,9,286,11,0.9976147210430257,0.8517250650775987,0.9976147210430257,0.9414589952210282,0.00182369219029171,0.9126499868497066,0.9485685735220452,0.9710943458279512,0.3
65,9,270,11,1.0009216334037327,0.718346444046269,1.0009216334037327,0.8309180127022534,0.007831088592280315,0.7879297110560253,0.8109880900858382,0.8494211812219908,0.7
66,9,268,11,0.7383382363619104,0.5597336248551311,0.7383382363619104,0.6624403363630673,0.00301931142701116,0.6250817288745816,0.6644891795868465,0.6954526294268183,0.6
67,9,307,11,1.2532768653561597,1.1511559549393757,1.2532768653561597,1.2192758762227698,0.0009910451914162777,1.19637041525371,1.2290481502974133,1.2441915754943467,0.0
67,14,437,16,1.2532768653561597,1.1511559549393757,1.2261181724874488,1.1927030057637993,0.00043612126477009906,1.1807258385412445,1.1906387481644831,1.2102078676299075,0.0
67,19,561,21,1.2532768653561597,1.0214912495398545,1.1911099686860316,1.1625771229349118,0.0023219169128837775,1.1746065082140973,1.1795667352845862,1.1826378091812206,0.0
68,9,286,11,1.2354126765326157,0.6609689775320654,1.2354126765326157,1.0461183127405094,0.031059444018208017,0.9783982503501859,1.104809283946248,1.1799451147032236,0.2
68,14,401,16,1.2354126765326157,0.6609689775320654,1.0603371483386947,0.8733015109440497,0.013769610393523663,0.8179981298961128,0.856536744694827,0.9356199295481017,0.7
69,9,272,11,1.086725519475707,0.7267140668837099,1.086725519475707,0.9148872050135688,0.007585718911041,0.8758282578930867,0.9212888288514147,0.9583674500451995,0.5
70,9,297,11,1.2561379634128316,1.0793820914791616,1.2561379634128316,1.1572919802547197,0.00420314630439201,1.112255284086162,1.1378660815771582,1.2178490758315648,0.0
71,9,312,11,1.1830763943070308,1.0189171687871683,1.1830763943070308,1.0898912264796512,0.002038650802358746,1.0619174270782543,1.0917318211432268,1.117801799102098,0.0
72,9,282,11,1.1555147629178213,1.0815503095236563,1.2871744187994179,1.216692816540179,0.00376300628068226,1.1726887353720141,1.2418277473921067,1.260001833554158,0.0
73,9,272,11,0.8530753855161692,0.7775274854089891,0.875755838652998,0.8201286346314658,0.0011935534481539078,0.7863505112227033,0.8164929652190935,0.8529084196035335,0.3
73,14,405,16,0.8530753855161692,0.7573320665797852,0.8166716917564726,0.7920420373903896,0.0003544249605246226,0.7788416644389491,0.7888130966901223,0.8103857663425315,0.5
74,9,267,11,1.1236921061776994,0.8867236916130206,1.1236921061776994,1.026942853873366,0.006689550949282623,0.9697916196554601,1.0231060747377074,1.1117740120126416,0.0
74,14,407,16,1.1236921061776994,0.8679993930449215,1.0097324302123312,0.9348925519270864,0.0018855496950694252,0.8990706940412904,0.9288699652607924,0.9730978623948656,0.1
74,19,546,21,1.1236921061776994,0.8645496776464754,0.9262964487851482,0.8909829295846196,0.00041491661229219626,0.8726804676869462,0.8899366309430231,0.9060769618003939,0.3
75,9,285,11,0.6954464752634065,0.5031848319745607,0.7002906485127912,0.6306383280852624,0.0033781015788503267,0.5959535523239512,0.6351231045850483,0.6851542975000889,0.5
76,9,286,11,0.9628092710636716,0.7862521513385592,0.9628092710636716,0.8658857706374177,0.0025588856950555087,0.828763123193071,0.8736736262013647,0.8957656614054771,0.2
76,14,409,16,0.9628092710636716,0.6825178006281276,0.8731345756373021,0.8030215776096472,0.00253957900742225,0.7888264873156943,0.8025468932074946,0.839275307870556,0.6
77,9,296,11,1.4721784224318641,1.162121986751093,1.4721784224318641,1.2889130773015158,0.006241195572773787,1.252225737333287,1.2687391892653552,1.320856476527497,0.0
77,14,438,16,1.4721784224318641,1.1242033507378555,1.280334197788652,1.2237650657876453,0.0025299864264794057,1.1877323413368226,1.2422713573849442,1.2636652774095039,0.0
77,19,553,21,1.4721784224318641,1.1175961734231046,1.2354446958860312,1.1800590784062548,0.0011836334534334652,1.1670375186546467,1.1905455808378398,1.1964284698287921,0.0
78,9,286,11,0.8138424778391864,0.7415522711171211,0.9450224162296418,0.8562233644970043,0.0034582018507673838,0.8143728314525205,0.860201362583257,0.9003649880762862,0.6
79,9,263,11,0.9918863558277334,0.7968716405987784,0.9918863558277334,0.9299184118881193,0.003130065132808326,0.9018457062558995,0.9544868976191982,0.9685016550445922,0.6
80,9,284,11,1.1223862691464588,0.8480573688146765,1.129741304161933,1.0634915011006636,0.006325441230873649,1.0501959385070914,1.0726291295248698,1.1223862691464588,0.2
81,9,295,11,1.0037089051158579,0.693817917262598,1.0037089051158579,0.8741910222002701,0.007825283599505531,0.8245551665940236,0.8803166247057845,0.9316573882004289,0.5
81,14,437,16,1.0037089051158579,0.693817917262598,0.8913740533908137,0.8344507335409169,0.002936848023439436,0.8245551665940236,0.8445707034452363,0.8647032949640566,0.6
82,9,292,11,0.9599676897111283,0.8554910349630978,1.0158021081965245,0.9702564203205771,0.001874986950756171,0.9605502358849776,0.9703923946820506,1.0026624579701195,0.1
83,9,288,11,1.4123837117813058,1.1741158913383978,1.4123837117813058,1.2721278986194515,0.0053986048141143345,1.214414152849434,1.2542344962357452,1.3320525759166144,0.0
83,14,440,16,1.4123837117813058,0.9930480155747203,1.25245225820579,1.168869128524534,0.005078893881474514,1.1374741517508167,1.1857114293271942,1.2189963524161458,0.1
83,19,571,21,1.4123837117813058,0.9284959038279386,1.1801263667173303,1.0840537825510166,0.006455768190887343,1.0168870792943654,1.1175672251755722,1.1262387835586951,0.4
84,9,249,11,0.7692941145127418,0.3733384151995218,0.7692941145127418,0.6311516397809189,0.010745710939824387,0.5879959881839975,0.6578006640072669,0.6847881641153584,0.8
85,9,254,11,0.8576084861375561,0.6042224975406122,0.8576084861375561,0.6917665672804376,0.005232820435306153,0.6320418087666329,0.6849485574500658,0.7249165807013452,0.6
86,9,259,11,1.3564853259314376,1.0846779089534038,1.3564853259314376,1.2662652481739376,0.008745426714407912,1.233508066868904,1.2888168990258673,1.34642787372171,0.1
86,14,393,16,1.3564853259314376,1.043550607802286,1.283805664539446,1.1545782342193802,0.005592331481551989,1.1131592976192355,1.12806228319441,1.2071906447462997,0.2
86,19,532,21,1.3564853259314376,1.043550607802286,1.1707890295492172,1.1248399238808202,0.0013742864997202794,1.1131592976192355,1.12806228319441,1.1562857994039506,0.2
87,9,267,11,1.472159963552551,1.357739608787736,1.4955380890162029,1.4285399159262568,0.0016611566905401938,1.398492902173529,1.4292454233312064,1.4621467193045725,0.0
87,14,395,16,1.472159963552551,1.181895104943417,1.4288165442951135,1.349836475381634,0.00658326300827706,1.3588335001170986,1.3795023123442451,1.391845410363134,0.0
87,19,538,21,1.472159963552551,0.8919246542829964,1.3732560033695007,1.1675559462407883,0.028440797429737208,1.0417724514962479,1.193596298228961,1.335962624604345,0.3
87,24,666,26,1.472159963552551,0.8919246542829964,1.181895104943417,1.043592734011963,0.007330932441621781,0.9798850730760738,1.043067060004073,1.104275149274254,0.5
88,9,296,11,1.3336171172118192,1.2752498671303352,1.3928113390657368,1.3279227998707992,0.001050422078713789,1.306486258984518,1.326219750652007,1.3339605691924303,0.0
88,14,440,16,1.3336171172118192,1.2386001785139837,1.3188223840921949,1.2941234203908163,0.0005596294847051164,1.2827588190317423,1.3009747980734647,1.3118571119835534,0.0
88,19,591,21,1.3336171172118192,1.0365023119395942,1.299569291116718,1.179998159189242,0.011662377323412245,1.0599743537498862,1.228322106565063,1.2808697878482356,0.4
88,24,740,26,1.3336171172118192,1.0365023119395942,1.2359593107063036,1.1398642473564575,0.006604689179979385,1.0599743537498862,1.1463618357930825,1.2198012530566649,0.5
89,9,287,11,1.0781134234731913,0.9435717000662848,1.0781134234731913,1.0191828896611295,0.0021218429004150087,0.9770164945297053,1.0223979886534613,1.06328506267411,0.0
89,14,421,16,1.0781134234731913,0.7658593248565139,1.0162180692812814,0.9050624292896347,0.0065393744501225735,0.8621263073942016,0.9101666894750928,0.9750815908043697,0.3
89,19,551,21,1.0781134234731913,0.7658593248565139,0.8767616788839008,0.8257151762293017,0.0010763304797910649,0.8046547763414726,0.824052738533364,0.8546157440560674,0.8
90,9,298,11,1.466003515824988,1.0625147087318794,1.466003515824988,1.3475250708473863,0.01129042095134469,1.320179666737629,1.3764841357822772,1.4116362784078433,0.0
90,14,429,16,1.466003515824988,0.7627922693402556,1.3667579099763982,1.073538982511775,0.049637553431094446,0.8756456971037418,1.0049612305442757,1.3132391059773094,0.5
90,19,543,21,1.466003515824988,0.6857114529268833,1.0281771845128789,0.9040517446449192,0.011517850814369108,0.8508859821796033,0.9409099503297744,0.9829772168959898,0.8
91,9,182,11,0.6369659673385071,0.4222729608026593,0.6369659673385071,0.4936142429139876,0.004029223784351489,0.4559737408315698,0.4746988921108715,0.4947150007190158,0.8
92,9,291,11,1.4681936229440293,0.6995026364500823,1.4681936229440293,1.0332362977908347,0.0501046145696696,0.898842354817732,0.9627388051603369,1.2157995279431524,0.5
92,14,426,16,1.4681936229440293,0.6995026364500823,0.9814136363644699,0.913071834254586,0.0072656801948545085,0.898842354817732,0.9585434523085865,0.964771423832972,0.7
93,9,304,11,1.2356471034875987,1.0542244873695015,1.2356471034875987,1.1626263098654708,0.002239242382939728,1.146524979865648,1.1687211214062405,1.1930487378972374,0.0
93,14,435,16,1.2356471034875987,0.9459429460089744,1.1593747902163212,1.0874343869758518,0.004402294653114732,1.0391035403377116,1.110176897650111,1.142521453738999,0.1
93,19,581,21,1.2356471034875987,0.9459429460089744,1.1124959989147425,1.0565208574664682,0.002156784516355874,1.034679932448761,1.06693947885962,1.0922037893060135,0.1
93,24,717,26,1.2356471034875987,0.9459429460089744,1.072545800728391,1.0125934783474464,0.0019481594707304738,0.9692234453436565,1.0305107626377081,1.049800879480551,0.4
94,9,281,11,0.8095684757444307,0.683502916569821,0.872122777664698,0.7912961110575046,0.0033312767747656277,0.7431139954695134,0.8095684757444307,0.831835822788967,0.9
95,9,264,11,1.1709852707381803,1.1066372254247954,1.1709852707381803,1.1437477015304798,0.0004478591285870095,1.1311028713015605,1.1408053179098694,1.163322091662355,0.0
96,9,306,11,0.9974141125410921,0.8286815237996868,0.9974141125410921,0.9062241562725353,0.002255958572486733,0.8743584065375843,0.9060449936513311,0.9358856342577389,0.1
96,14,447,16,0.9974141125410921,0.580872372596094,0.8795979105019096,0.812578449443928,0.007092404766951553,0.8127301104582896,0.8262932291151557,0.8699527158809357,0.6
97,9,252,11,1.33802307223469,1.0810249024810947,1.33802307223469,1.1946654374649486,0.0057643848945957,1.1473998179341165,1.2027273709376467,1.2440287044038896,0.0
97,14,391,16,1.33802307223469,1.0810249024810947,1.2185943536136206,1.1434381578581765,0.001705589884493712,1.110935743366203,1.1457185995164885,1.171618940103529,0.0
98,9,279,11,1.3121761631774707,1.0984323556969697,1.3121761631774707,1.202847855953128,0.003274469091026462,1.1612257976447538,1.2048587650496263,1.240000217052715,0.0
99,9,214,11,0.9716177786195728,0.7443009285253731,0.9716177786195728,0.8437790333091894,0.005437403645713745,0.770364325195932,0.8475229329931948,0.9067585955547364,0.7
100,9,260,11,0.7949965684313491,0.5287226465994769,0.7949965684313491,0.6832777397064945,0.004174180901234929,0.6654355775263263,0.6951289090944077,0.7056096238822113,0.3
100,14,381,16,0.7949965684313491,0.5287226465994769,0.7011769911655541,0.658845481215955,0.0022129704258030468,0.6529612788685706,0.6674591886611407,0.6846817802085434,0.5
101,9,261,11,1.4834082318735848,1.169050566791023,1.4834082318735848,1.2604853435335173,0.013069331660505928,1.1864448575402469,1.2126147485827954,1.249506686768983,0.0
101,14,407,16,1.4834082318735848,1.120628146577324,1.224339810902898,1.1803608757533313,0.0009705278425848499,1.170840987090313,1.1886640298939812,1.1992998011016882,0.0
102,9,251,11,1.298680489489405,1.1551740508925463,1.298680489489405,1.2119109040841543,0.0024127923080717465,1.1739909716628154,1.1925419552504826,1.2519798051665494,0.0
103,9,262,11,1.3550407012788415,0.5961936537844981,1.3550407012788415,0.8989168350371053,0.04662459493479803,0.7883675856335183,0.8213242183436078,0.9640519186326109,0.3
103,14,374,16,1.3550407012788415,0.5961936537844981,0.8160995510877134,0.7370661968393829,0.0044234837484279435,0.6921133299433705,0.7528089201930797,0.7884090164346051,0.7
104,9,285,11,1.0729318265592467,0.7192149247173395,1.0729318265592467,0.8672543825634038,0.013170233365166586,0.7618336017107696,0.8558231693345114,0.9398571571229034,0.4
104,14,422,16,1.0729318265592467,0.7192149247173395,0.8547941184374962,0.7957154872020834,0.0018029956716663225,0.7618336017107696,0.8048957415715257,0.8322835526666119,0.7
105,9,295,11,1.3588856880968976,1.1061359564527016,1.3588856880968976,1.2189941592848688,0.00542415208657385,1.1760664797663005,1.2283448756652289,1.2657704090588584,0.0
105,14,442,16,1.3588856880968976,1.1061359564527016,1.2355908148491774,1.1792702577744771,0.0015607902799352788,1.1743861086866452,1.179050223879225,1.2074189841820702,0.0
106,9,300,11,1.098265161347216,0.8449060474547607,1.098265161347216,0.9718647544136486,0.00399179238646895,0.9438960410215728,0.9618500820478899,0.9978887993315335,0.1
106,14,447,16,1.098265161347216,0.8449060474547607,0.9948323216512571,0.9373706488123459,0.001970030898456239,0.9339870962184176,0.943912331781098,0.9699558882836845,0.2
106,19,591,21,1.098265161347216,0.8399239316104713,0.9438797502620474,0.8977064249404989,0.001238355927733838,0.8749062163714749,0.9044330551724127,0.9264364923552628,0.4
107,9,293,11,1.1431288295279147,0.9682433682666364,1.1431288295279147,1.0352036790234036,0.003581003495489528,0.9874731500424045,1.032097443356412,1.039980025629406,0.1
108,9,274,11,1.246883030747657,0.6535099164516449,1.246883030747657,0.9004790714283709,0.035703492807322046,0.8358622889255566,0.8646386568210791,0.878109002536831,0.8
109,9,300,11,1.0007079067770555,0.8428219160979775,1.0007079067770555,0.9451628728117957,0.003000040189584929,0.9000614477186553,0.974803345384379,0.9810580726761226,0.4
110,9,296,11,1.2749951412183955,1.0632579680790912,1.2749951412183955,1.1553392171132961,0.0034014338730711654,1.1279859962912406,1.1342486471930795,1.19688787479551,0.0
110,14,448,16,1.2749951412183955,1.0632579680790912,1.158919430036155,1.1171808678534756,0.0009100534438675287,1.1039500282585866,1.1282470774419273,1.1357881818994122,0.0
110,19,596,21,1.2749951412183955,1.0545668052655095,1.127724915140554,1.0941671804191808,0.0005897407989957006,1.0711081572995016,1.0987031395485274,1.1142229138046664,0.0
110,24,719,26,1.2749951412183955,0.8095672113271523,1.0985486284603245,0.9825833344611876,0.01176603489901146,0.8949348578925821,1.0427589175267582,1.064826128851092,0.2
110,29,837,31,1.2749951412183955,0.8095672113271523,1.030951029788007,0.8846521577283065,0.003674699569776755,0.8488943970858487,0.876565607794999,0.9110706805290462,0.5
111,9,284,11,1.2834224894341624,0.9025133416091113,1.2834224894341624,1.0536058794927348,0.010051492193230892,1.0002992116948188,1.0440756955928503,1.064283701799509,0.1
111,14,435,16,1.2834224894341624,0.9025133416091113,1.0520205837280034,0.9947561482693736,0.0018348168033997191,0.9775856499254428,1.0052193525824649,1.02315882564226,0.1
112,9,215,11,0.9211469091380218,0.9022107698378539,0.9482255235517869,0.927148461963988,0.000184468106687749,0.918744811074457,0.9261629912962599,0.9328203596543974,0.0
112,14,317,16,0.9211469091380218,0.843785515050372,0.9211469091380218,0.8919161387285073,0.0008514223177572937,0.8643437950140065,0.900531653809768,0.9176145567888946,0.3
113,9,273,11,1.088983198461128,0.8822633284815681,1.088983198461128,0.9667935261848044,0.00390722163052284,0.934414887024893,0.952183485550865,0.9860290875516285,0.1
113,14,417,16,1.088983198461128,0.8822633284815681,0.9483775806562554,0.914029658028262,0.0005643037614240341,0.8957282400286151,0.9027737979678578,0.9370461640699386,0.3
113,19,552,21,1.088983198461128,0.7747480289841239,0.9039259460777369,0.880803028105624,0.0013518837659767568,0.88438665433723,0.8951642336118527,0.8995108961114846,0.5
114,9,250,11,0.9950572684711666,0.6387776399008488,0.9950572684711666,0.7409765274217017,0.00977443032283813,0.6832828339313195,0.6953063163690192,0.7733430662313169,0.7
115,9,258,11,1.0308331849952188,0.7022260118205408,1.0308331849952188,0.8390704139961723,0.010252334038164395,0.7595623147773718,0.8304155941399173,0.8779524732497572,0.3
115,14,386,16,1.0308331849952188,0.680361867187738,0.8290792521511927,0.7445545258583498,0.0022340434860052927,0.7087439710603282,0.7387009919851951,0.7661800377624017,0.8
117,9,295,11,0.9875168152952439,0.8167495735750699,0.9875168152952439,0.9347162968732429,0.0029446323176095398,0.9056614659089481,0.9450413817851536,0.9808219695106959,0.2
117,14,429,16,0.9875168152952439,0.8167495735750699,0.9730425929513291,0.9043598609769102,0.0024351543572279305,0.8947106275412269,0.9105965944772669,0.9382018756407473,0.3
118,9,290,11,0.7675493610995208,0.7659960372604698,0.8528993934729494,0.8023535265520201,0.0008854349396368748,0.771075097536379,0.8031499987615492,0.8245146809186098,0.3
118,14,418,16,0.7675493610995208,0.7633442183878173,0.8053640910262775,0.7826406797357068,0.00022368348520877926,0.7675493610995208,0.7835266800064726,0.7943933925335616,0.5
119,9,282,11,0.8503189974586077,0.6837546708049194,0.8503189974586077,0.7579663990373442,0.0033343708272732682,0.7093751891621005,0.7507459207931634,0.7997162618580493,0.3
119,14,402,16,0.8503189974586077,0.6406345029432193,0.7160756305498372,0.6938747627090227,0.0005183783668787702,0.6813365473445878,0.7033083089550275,0.7109103495270376,0.7
120,9,294,11,1.297724229407511,0.9599975470176932,1.4716214109549526,1.2272814313282538,0.03468249596769265,1.0865516809129288,1.2511942010035226,1.39343969269944,0.0
120,14,416,16,1.297724229407511,0.2492915923789325,1.2046641725995342,0.8767836296871332,0.06569974459548296,0.8000603500481873,0.9407051438705376,1.053256562700153,0.3
120,19,525,21,1.297724229407511,0.2492915923789325,0.9214127407233821,0.7165298921756519,0.029337853350729037,0.7042529726281318,0.7660796012435038,0.7954636419817693,0.8
121,9,291,11,0.9796078192845139,0.9168188902049362,1.1136856471962735,1.0245310654601687,0.0031764345754270716,0.9830968045429691,1.028553109326002,1.0618371752000195,0.1
121,14,429,16,0.9796078192845139,0.9168188902049362,1.0246821978721998,0.9871038621007043,0.0011490673306901813,0.9796078192845139,0.9925073312413124,1.0139086043702508,0.1
122,9,301,11,1.0643819922887787,0.9663920254734644,1.0643819922887787,1.038971146455545,0.0008534780783137479,1.0333955803273258,1.0467102530556058,1.061866230672166,0.0
122,14,446,16,1.0643819922887787,0.9663920254734644,1.0495302950013947,1.0277783627783537,0.0005654388727857724,1.0216894007234645,1.0342394663892236,1.0451162686007136,0.0
123,9,298,11,1.2030779876695716,0.723607312448856,1.2030779876695716,1.0017396927688809,0.03845353540385439,0.7891264030206122,1.097260325577544,1.1816096249954482,0.3
123,14,443,16,1.2030779876695716,0.723607312448856,1.0650199639366824,0.7991077307017491,0.009334348875919806,0.7400160674447753,0.7681383006065203,0.7948217471005703,0.4
123,19,589,21,1.2030779876695716,0.6085835028162114,0.7869169055858359,0.7360315790912662,0.0022401054751333416,0.7261652963497659,0.7423314879654064,0.7667394632780966,0.7
124,9,305,11,1.186749087778715,1.0534238801292473,1.2558519394663226,1.1915161372428447,0.002783941253684674,1.1821263528803547,1.194238867308455,1.2158286432370582,0.0
124,14,448,16,1.186749087778715,0.9844537667714339,1.186749087778715,1.1152674033551293,0.004538946344530874,1.060334887589642,1.1283967884494768,1.1800035084046574,0.1
124,19,588,21,1.186749087778715,0.9844537667714339,1.1290747533617955,1.076924228167151,0.0022154646274034273,1.0545276685079146,1.0879361955876947,1.118215681284659,0.2
125,9,289,11,1.118397707601561,0.9557760511327498,1.118397707601561,1.0197503667624945,0.001814213984780284,0.999607935743405,1.018199075246141,1.0339808096109195,0.1
126,9,286,11,0.6983049715728553,0.4189124549973132,0.6983049715728553,0.5928961774701311,0.010511383104755804,0.5140259695899362,0.6373882198526263,0.6677449577317289,0.9
127,9,296,11,1.0036517774552942,0.6977151585765442,1.0036517774552942,0.8399025001868982,0.005037792017364381,0.8209474520047696,0.8312867325966904,0.8557190775294825,0.5
128,9,248,11,1.4057431994972567,0.42331329101713483,1.4057431994972567,0.7535734124603525,0.0732770282050911,0.603859863313897,0.6770681491984766,0.7587101961047873,0.5
128,14,349,16,1.4057431994972567,0.42331329101713483,0.7092266934651019,0.6075797289197558,0.006117080755568228,0.5729130736856307,0.6231609550513795,0.6628878271875608,0.9
129,9,279,11,0.8110285260068093,0.7814670938242554,0.8762307709393033,0.8251600015558843,0.0005886374662515734,0.8110433809058708,0.8208352982834128,0.8368473302466393,0.6
130,9,293,11,0.8430821373677231,0.6201198436442541,0.8430821373677231,0.68626987302006,0.003694481436486948,0.637629518522864,0.6857079133994912,0.7027011816814623,0.6
131,9,283,11,1.2694245479579234,1.1336205445187395,1.3038382182488455,1.256751679181786,0.0029327077818759395,1.2480945988349648,1.2694245479579234,1.3025448507022195,0.0
131,14,398,16,1.2694245479579234,1.1336205445187395,1.2694245479579234,1.2200189849354688,0.0018829050056228293,1.189267803461485,1.241556994260763,1.2522893450571024,0.0
132,9,298,11,0.9057647409245719,0.8715841960307522,1.0413761257510568,0.930672117477991,0.0018650176193609328,0.9057647409245719,0.9300900440818415,0.9381195649969181,0.1
133,9,262,11,0.6740994590122006,0.541987532480783,0.6740994590122006,0.5677607531674741,0.001336661593585009,0.5515136218007086,0.5560173536853853,0.5611207540684527,0.9
134,9,287,11,1.0898292226659805,0.8822578345871349,1.0898292226659805,0.9770770805566373,0.0029942343917615717,0.9479956665456801,0.9792001868563147,1.005492213251768,0.2
135,9,290,11,1.108364176244356,0.9006728909327981,1.108364176244356,0.9920428198885329,0.005306756508409131,0.9272841559317065,0.9754700732229228,1.0606970621404477,0.3
135,14,432,16,1.108364176244356,0.872465297895913,0.9902641858615638,0.9396849915196533,0.0013375355767787493,0.9118984840378286,0.9462510629470138,0.9686005159961345,0.4
136,9,292,11,1.125214097700796,0.7748207124560814,1.3288779181954853,1.1038824116476256,0.02538319196542632,1.0021964270742143,1.1384638227035346,1.1970792042290839,0.1
136,14,419,16,1.125214097700796,0.7412005725756421,1.125214097700796,0.8950325675016082,0.01850134750085137,0.7751478049662264,0.8829314647535644,0.9530286517106249,0.5
137,9,276,11,1.214540419169424,1.0533892374087028,1.214540419169424,1.1489758707289712,0.0021608728479439983,1.1369630946160076,1.1524267668918142,1.1790837405249728,0.0
137,14,412,16,1.214540419169424,0.9969353144759682,1.1522342363668516,1.1001854735891663,0.0022112587341607355,1.0674520399330145,1.118056710697771,1.1374027751328506,0.0
137,19,552,21,1.214540419169424,0.9969353144759682,1.1225994406402633,1.0914414963616919,0.0015993121971606566,1.0674520399330145,1.1143376787943984,1.1206033929665062,0.0
138,9,299,11,1.2473805660540207,1.1066540211910274,1.2473805660540207,1.1651797356814941,0.002685102621889754,1.1167088671404293,1.1428704704958519,1.2160823478290164,0.0
138,14,449,16,1.2473805660540207,1.011031841592337,1.1452618220748012,1.0849836961228374,0.002606130007268238,1.0328971426602565,1.107507850982063,1.1321588468954487,0.0
138,19,579,21,1.2473805660540207,1.011031841592337,1.1066540211910274,1.03643787294186,0.000612525523206696,1.025416191864746,1.0308868905444002,1.0359416652533038,0.0
139,9,308,11,1.1408417936405053,1.0181973288145494,1.1595214398741578,1.1017456187134003,0.002359002011365357,1.0533288073546172,1.1237057430282489,1.1408417936405053,0.0
139,14,439,16,1.1408417936405053,1.008540993976297,1.1156686005644452,1.0494799951093536,0.0010156857471699742,1.0205591769905853,1.0484474777875645,1.064190899195769,0.0
140,9,288,11,0.9070511899665058,0.8491227210425766,0.9350495184953937,0.8982113813466475,0.0007475983879632735,0.8742327549525756,0.9070511899665058,0.9164251473868874,0.1
140,14,416,16,0.9070511899665058,0.8217428415144615,0.9070511899665058,0.8672906092293916,0.0006180547412028262,0.853457685498651,0.8721241536463601,0.8843450878883042,0.3
141,9,285,11,1.1311504761001692,0.7121034181642296,1.1311504761001692,0.9590460108223109,0.01650117378104888,0.9127616662625273,0.9512079710699504,1.0564849884050282,0.5
141,14,420,16,1.1311504761001692,0.7121034181642296,0.9503594814200624,0.8837036487576624,0.00475647268421755,0.8817317149888206,0.910127969735961,0.9242027253636695,0.8
143,9,270,11,0.8319845942826475,0.6816605781082626,0.8319845942826475,0.7719574035124457,0.001653281143731033,0.7651228583883369,0.7765331821276453,0.7990925048185422,0.6
144,9,302,11,1.2775856858078343,1.1284116025617714,1.293297769199894,1.2242289671377269,0.0026266001696632207,1.1919178676818416,1.2171689316308993,1.2751425852558707,0.0
144,14,441,16,1.2775856858078343,1.1284116025617714,1.2195157676360677,1.1924558081933656,0.0006449429278228964,1.1891862174457857,1.1957727433744267,1.2087550986771234,0.0
145,9,288,11,1.0057480594311463,0.6185078337826374,1.0057480594311463,0.8013512286598399,0.008710350946899086,0.7704883325966068,0.7813137966018606,0.8180046346625375,0.6
146,9,296,11,1.4224110971010204,1.0060537873866673,1.4224110971010204,1.238023386115323,0.011667863850982261,1.1935147366666454,1.2271271768587948,1.288596511678099,0.1
146,14,443,16,1.4224110971010204,0.8488173925513257,1.2228415008476976,1.0652326758574153,0.013975320436366368,1.0000393081218812,1.0298337403863829,1.1874378518880901,0.5
147,9,291,11,0.9554434149833035,0.7707914485395636,0.9892203982422793,0.9243759621464991,0.004836203383861313,0.9200642087135926,0.9548020977380737,0.9667578585882648,0.2
148,9,243,11,1.0828071959536711,0.8282793687103632,1.0828071959536711,0.9421341700711607,0.005195523081026727,0.8880869531002489,0.9408243328123662,0.9837334877369709,0.5
149,9,269,11,0.8722396042208734,0.7713811032354682,0.8722396042208734,0.8235733160914472,0.001061602639643585,0.8044880922804497,0.8178814431985775,0.8494598601828361,0.7
150,9,238,11,1.002921157509512,0.4612712989194211,1.002921157509512,0.7348319011192175,0.01715959435490667,0.6746805112468929,0.7510800376081485,0.7875653800691831,0.9
151,9,281,11,1.270951665776587,1.1067140021674953,1.270951665776587,1.2006183600911133,0.0028084669895658988,1.1890618530600516,1.1943106552656304,1.245570727457576,0.0
152,9,288,11,1.0063557475950538,0.8977241355774614,1.0063557475950538,0.9504805191414978,0.0009161593233932639,0.9264553322802547,0.9578713939221013,0.9674239612146769,0.1
153,9,285,11,1.2353148862998888,1.0367507370941005,1.2353148862998888,1.1084412950758447,0.0031441466485287754,1.0711091420919379,1.1030980998569886,1.1343168084607684,0.0
153,14,428,16,1.2353148862998888,1.0148944979411234,1.1135031089277672,1.059905587527491,0.0010801246467984815,1.0303024134437038,1.058257250705239,1.0878769555190422,0.1
154,9,264,11,1.2551958103912846,0.6207277350232105,1.2551958103912846,1.0206584701048953,0.036282696226004205,0.9112237281988858,1.0037194657164221,1.1926078444952237,0.5
155,9,252,11,0.8689060370264978,0.6510998940583765,0.8689060370264978,0.7145980706449864,0.004455781020723186,0.6607540425580254,0.7040649726266384,0.7133505073648094,0.8
156,9,210,11,0.6574254533980373,0.5199155449674302,0.6574254533980373,0.5877672989266494,0.002110981014652325,0.5454789947097811,0.5847102494994125,0.6304284811682364,0.9
157,9,282,11,1.2398873771097443,0.9578420119133382,1.2624045992511201,1.1861269903348972,0.007644095501570742,1.1561309914301263,1.2195322923287228,1.2490895768996488,0.1
157,14,419,16,1.2398873771097443,0.9578420119133382,1.1991772075477014,1.1293162410537962,0.00478176887024134,1.1163082726300635,1.153978997062493,1.1731814555257092,0.2
157,19,558,21,1.2398873771097443,0.9578420119133382,1.15254770655226,1.077687972094712,0.0032290049768009983,1.0597585323777745,1.0886127442887283,1.1103206200680764,0.3
158,9,281,11,1.2068021995992158,1.1423699823731412,1.311467163491459,1.226573261340402,0.0023332915115050956,1.196562636744053,1.213044730167228,1.2493845180527274,0.0
158,14,425,16,1.2068021995992158,1.1423699823731412,1.2192872607352403,1.1936552898058315,0.0006245990074895776,1.191928345914408,1.2061572027240177,1.2068021995992158,0.0
159,9,280,11,1.1485937495904042,0.8776108783455736,1.1485937495904042,1.0064307505854935,0.004531183975974928,0.9918164956377518,1.0031252658827328,1.0193948528751249,0.2
160,9,263,11,1.409840233736417,1.2264188545895702,1.409840233736417,1.3402087348992264,0.0035934654407306357,1.2915405801022275,1.3503559795619893,1.3975486029982649,0.0
160,14,390,16,1.409840233736417,1.2264188545895702,1.3446233374755299,1.300517324982248,0.0010169814086750358,1.286340130376587,1.3059878203904323,1.320221331458618,0.0
160,19,536,21,1.409840233736417,1.1640911638777731,1.3011985136633992,1.2333764237455849,0.0025067468552379376,1.1849545508517192,1.2286207354621752,1.2829762981622486,0.0
161,9,237,11,1.2875670171529974,1.0445213365904507,1.2875670171529974,1.1286470764142584,0.005985646424786154,1.0641362869557722,1.1166231925700856,1.1380464230797158,0.3
162,9,277,11,1.0419969609289126,0.9532832263075978,1.042272197797444,1.0114834296222726,0.0010952431642769485,0.9790796967665817,1.0284468192349954,1.041475376672476,0.0
163,9,275,11,1.088935735325751,0.9226993446409131,1.1916191034458399,1.0446633539704986,0.00590012881216737,0.9884714485210855,1.041928041507708,1.088935735325751,0.0
163,14,414,16,1.088935735325751,0.9061046330278212,1.0083291269434151,0.9720852965919302,0.0010211838055174062,0.9646479845958688,0.9821224194746494,0.9950854291734222,0.1
163,19,553,21,1.088935735325751,0.9061046330278212,0.9846877730930137,0.9577530585151056,0.0006752442530314323,0.9412254645391578,0.9666089075502813,0.9783833488139526,0.1
163,24,683,26,1.088935735325751,0.8607419913124283,0.9627248852679818,0.9232211619959518,0.0011719211431803172,0.8991568210900218,0.9296140768288019,0.9536115656414879,0.4
164,9,302,11,1.171661223222591,0.9388471193004533,1.171661223222591,1.0233157509560304,0.0038095975010967926,0.9877537485300559,1.0170642057344628,1.0424477776697756,0.3
164,14,439,16,1.171661223222591,0.9388471193004533,1.0210522661529198,0.9807151927399829,0.0007893741120710239,0.9579488440143847,0.9749500839530216,1.0096230646224473,0.6
165,9,200,11,0.9472090857592301,0.4044763463684651,0.9472090857592301,0.5405409747964245,0.024928971951407367,0.43257131503170915,0.4973627648287622,0.5467431382336176,0.8
166,9,262,11,1.0437382445747014,0.9192002496601166,1.084972564592358,1.0276177014633494,0.0029787971143723467,0.9934717514036162,1.0437382445747014,1.0759514650827242,0.9
167,9,294,11,0.9958044123984946,0.9397072662038954,1.0453465361356,0.9907113636392886,0.0011191542101319893,0.9719892575908202,0.9911909282978923,1.007421356875825,0.0
167,14,437,16,0.9958044123984946,0.7015828079389623,0.9865774441972901,0.8889611100112222,0.008399942287351806,0.8381152696651636,0.9270166869005552,0.9633840863751753,0.4
167,19,565,21,0.9958044123984946,0.7015828079389623,0.9143261075972149,0.8259428493773806,0.0039564795707729,0.7869774842684081,0.8470764729748297,0.8640800824078291,0.8
168,9,293,11,1.4937554453288986,1.2973526451737718,1.4954605411092148,1.461524482749468,0.003237403223682253,1.4603752838071347,1.4820407586646538,1.4935842136976234,0.0
168,14,433,16,1.4937554453288986,1.0273607044594921,1.4744106945809798,1.3026797143532032,0.021239558618399854,1.2170932461547592,1.260387802213778,1.4551897734732822,0.1
168,19,564,21,1.4937554453288986,0.9210056757245216,1.2234229592537842,1.142108466422155,0.010011275571115074,1.084160649621973,1.2023781662327795,1.220113066673635,0.4
168,24,694,26,1.4937554453288986,0.9210056757245216,1.1892070353184319,1.1230133439491194,0.007408444532056457,1.084160649621973,1.1778372980119511,1.1838075751913912,0.5
169,9,296,11,1.1276092847645371,1.0098802305918646,1.1276092847645371,1.067556954978863,0.0014709757465375692,1.041272751431431,1.0629104490140167,1.0988203017537752,0.1
169,14,443,16,1.1276092847645371,1.0098802305918646,1.0769376143572198,1.048201186525906,0.0004176065641961631,1.0410936273076343,1.0465790391845378,1.06658773160107,0.1
170,9,294,11,1.229280288313909,1.0395386335966048,1.229280288313909,1.1408693024445735,0.003718685273139605,1.0958028972373586,1.1439084541978495,1.1798186132453352,0.1
170,14,444,16,1.229280288313909,0.9344782399764849,1.1497270083055557,1.0857420993409206,0.0038463403919721793,1.070262929491544,1.0837082608183182,1.1375023175715884,0.2
170,19,589,21,1.229280288313909,0.9344782399764849,1.1181594732614941,1.0580127801634984,0.0021651651144340466,1.0457848451027871,1.0692035547045995,1.0825023480118083,0.3
171,9,285,11,1.1934349731991944,1.0320969391277692,1.2052851865350052,1.1390183115876258,0.00350008276980361,1.0970153477177274,1.1410405180519305,1.1934349731991944,0.0
171,14,431,16,1.1934349731991944,1.0076268415744778,1.1671660417203913,1.0892743652179362,0.00225184159758214,1.050307158456768,1.0978770397518174,1.1185285745827829,0.1
172,9,268,11,1.2108597646104706,1.0785037330448026,1.2108597646104706,1.1355915030775718,0.0015259485244442357,1.1067646174634314,1.1304207317324728,1.1607298327680033,0.0
172,14,402,16,1.2108597646104706,1.0782873707776561,1.139194482005005,1.1066473882267878,0.00044952058833398073,1.0903180198346067,1.1061490235170706,1.1227662465874007,0.0
173,9,301,11,1.2091627944330476,0.9414537498371691,1.2091627944330476,1.0282084368577329,0.005059128165035273,0.9796208460087681,1.0165767511083335,1.0474797442171278,0.2
173,14,435,16,1.2091627944330476,0.782958329218918,1.039383561640695,0.967141693555362,0.005461227711916938,0.948955360977767,0.9832118069865495,1.0236312744369225,0.4
173,19,578,21,1.2091627944330476,0.782958329218918,0.9903937289421123,0.9380409872048941,0.0033681473763142273,0.933299365468051,0.948052942661912,0.9748874623731302,0.7
174,9,258,11,1.1191224485836981,0.9140284532260526,1.1191224485836981,1.0086898743601243,0.0055901455758628985,0.9655820789801617,0.9857614809351161,1.0812901940041486,0.4
175,9,292,11,0.9679212510410837,0.7652742913180497,0.9833385403795945,0.930046668544027,0.005879448731507346,0.9473054295914389,0.9679212510410837,0.9748002962156299,0.2
176,9,306,11,1.3473941567089553,1.0859218752462407,1.3473941567089553,1.213827974647464,0.004473068836107189,1.1709457589911938,1.2175267328194392,1.2486616788639737,0.0
176,14,463,16,1.3473941567089553,1.0439564003596196,1.2156007910343725,1.1396381764249994,0.003202926540148171,1.089054833200463,1.1544122315615213,1.1874119316165246,0.1
177,9,302,11,1.1910458542050395,1.1910458542050395,1.2840502656361854,1.2413248246289283,0.0013136252543731952,1.209495551084414,1.243933483398876,1.2777727036060558,0.0
177,14,438,16,1.1910458542050395,1.058795087523962,1.228501696530981,1.1685086102875446,0.002616482410529305,1.136680651151742,1.1888818752075585,1.2021545219273357,0.3
178,9,305,11,1.371353738294587,1.0148308977597138,1.4253131864892683,1.2733112392771289,0.016402244012002493,1.185759318716772,1.302583586164968,1.3772647832010885,0.1
178,14,452,16,1.371353738294587,1.0148308977597138,1.2539300706176018,1.1996738609196933,0.004694612202897639,1.185759318716772,1.230812386537223,1.241241992893773,0.1
178,19,603,21,1.371353738294587,1.0148308977597138,1.233210326720606,1.1765665680881765,0.003472095296973511,1.1747179689677185,1.1833984839571217,1.2087184727458025,0.1
178,24,693,26,1.371353738294587,1.0148308977597138,1.188753095961203,1.156043108934675,0.002403986249450544,1.1583011165909887,1.1751830209929675,1.1783897469521496,0.1
179,9,283,11,1.2300300932460708,0.9885081474854489,1.2300300932460708,1.072173714441559,0.004552892545000993,1.0195796262433894,1.0608915121219704,1.1021581482551248,0.1
179,14,423,16,1.2300300932460708,0.8963701219948614,1.0711416814090486,1.001589292774323,0.002927286372874558,0.9946421187786729,1.01973497693625,1.0306300811944396,0.3
180,9,297,11,1.1457912032736661,0.9721652077281102,1.1457912032736661,1.0451354076182888,0.002365089424789308,1.0126182436362825,1.0458522139285686,1.0546609719185445,0.1
181,9,279,11,1.272511924059282,0.7791223375927347,1.272511924059282,0.9846423554944502,0.03224456550066465,0.8372665875579883,0.9129889735236543,1.1686842392521872,0.5
181,14,415,16,1.272511924059282,0.7791223375927347,0.9327212357088746,0.8679113885018929,0.002679836525416808,0.8372665875579883,0.8728804447086057,0.9131190835807345,0.6
182,9,302,11,1.3721543407641033,1.0454645866291705,1.3721543407641033,1.1620544692256671,0.00933784387591535,1.1087538573889426,1.1327794246318077,1.1777862028409296,0.0
183,9,291,11,1.3382064248702208,1.0259227440632426,1.3382064248702208,1.127017546858073,0.009360071778678402,1.0547740070324128,1.0939637211984707,1.146637683422093,0.5
183,14,411,16,1.3382064248702208,0.9583964319957076,1.0985048466380043,1.0414136829014173,0.0019202025885431046,1.0301945331346714,1.0470582038921146,1.0736921832018864,0.9
184,9,263,11,1.0777499062517097,0.8179856379689381,1.0777499062517097,0.9666640022805646,0.006414330363245067,0.9049437458678824,0.9810604096500792,1.0353341004762453,0.5
184,14,386,16,1.0777499062517097,0.8179856379689381,1.00902218152172,0.9235277627467804,0.0026673673416845174,0.8888084808574372,0.9298556768675305,0.9527725207437509,0.8
185,9,285,11,1.1968059274298004,1.086318844644875,1.1968059274298004,1.145657706018112,0.0011488941274971575,1.1236234252169506,1.1515248503720823,1.172093210221822,0.0
185,14,422,16,1.1968059274298004,1.086318844644875,1.1512976544529292,1.1272592216774635,0.00040591002814653496,1.119458684419774,1.1319800463913932,1.1417085145039387,0.0
186,9,297,11,1.023920227463525,0.7768598425097935,1.023920227463525,0.9441324816428335,0.00473353511051606,0.9149807016505394,0.9487374635025975,1.0020142156178775,0.1
187,9,291,11,1.186107200407514,0.7108950590640385,1.186107200407514,0.9429615702275755,0.014212329932251574,0.8806968631296197,0.9724755896473023,0.9927867727678961,0.5
188,9,283,11,0.9422957101743727,0.6924098770189975,0.9422957101743727,0.7941186008462722,0.005301020596063215,0.7492536227546798,0.7631718796587676,0.8276632743821042,0.4
188,14,415,16,0.9422957101743727,0.6924098770189975,0.8237251783790274,0.7512615339021733,0.0011996453450039064,0.7386777242822924,0.7550411127431704,0.7640562040113777,0.6
189,9,284,11,1.1556894639365416,0.9077795767768859,1.1556894639365416,1.0408896050596532,0.007274565043929267,0.9965141182828094,1.0356865964832678,1.1219337001754444,0.2
189,14,428,16,1.1556894639365416,0.8744395032767571,1.0278020101267682,0.9580053958005099,0.0023335314477801,0.9171160787682353,0.9597991438178481,0.9944198161044708,0.6
190,9,247,11,0.6054993278836468,0.4766784157174827,0.6054993278836468,0.53419531218533,0.001347440290709995,0.5052442202139459,0.5416139938362892,0.5483184680596227,0.8
191,9,233,11,1.186151202750941,0.41673158771821817,1.186151202750941,0.6867113766622049,0.055395704452965176,0.477524086776019,0.692085266736978,0.7776224610941582,0.7
192,9,279,11,0.8859923802595182,0.7209685495585783,0.8859923802595182,0.8122486767780778,0.0021281605986736706,0.7905471039059722,0.8161585039912661,0.8392831905677038,0.7
193,9,289,11,1.34206468018289,1.0952312610756894,1.34206468018289,1.248782665643098,0.004834100410950394,1.2172784146875608,1.2542950579167134,1.284232845620319,0.1
193,14,425,16,1.34206468018289,1.0952312610756894,1.2496136503843385,1.186388090535721,0.0017372631830988717,1.1718620027026352,1.18360720832137,1.2030900272425533,0.1
194,9,287,11,1.1262110166226669,0.6551761468945748,1.1615911365578353,0.8991686495085036,0.03405405157981995,0.7307771161633712,0.858933020576354,1.1007216275916156,0.4
194,14,391,16,1.1262110166226669,0.6551761468945748,0.8401316246191657,0.7423507189739429,0.0029150154302400324,0.7172565677924094,0.7460051726626811,0.7788030223752904,0.9
195,9,302,11,1.162152830139587,0.7553491198397675,1.1862507592010352,1.0337585851884152,0.02108861106695818,0.9676184889704892,1.0564980150415861,1.162152830139587,0.1
195,14,440,16,1.162152830139587,0.6725795743376035,1.006377326285682,0.821923060017902,0.012577832346503056,0.7554301889009731,0.7734474583067471,0.9337659102403923,0.6
196,9,293,11,1.0121970988824924,0.8207202750806362,1.0121970988824924,0.9401359764944169,0.004637908645446456,0.9048182477339032,0.9531430152283942,1.0003818040449002,0.2
196,14,441,16,1.0121970988824924,0.8207202750806362,0.9592890315880882,0.9179771309162286,0.0024462499313955255,0.9048182477339032,0.9432351137294173,0.9526231142402641,0.2
197,9,288,11,1.2509123480924,1.090968425825129,1.3323204243237046,1.186148711421774,0.006703411913589858,1.0973340621876755,1.1990310432527693,1.2500656364699485,0.0
197,14,438,16,1.2509123480924,1.0444439673158483,1.1897929074632807,1.122295654661925,0.0017451950061391577,1.0928385393420976,1.1191276623643853,1.157380339843239,0.0
198,9,267,11,1.0718625966347053,0.7765088450529234,1.0718625966347053,0.9414704205837585,0.009278414988346624,0.8553793504658128,0.967109761113776,1.001304932254474,0.4
198,14,373,16,1.0718625966347053,0.7765088450529234,0.9651320487979353,0.8864385482602213,0.0030522878319458524,0.8466315037921616,0.8949281123165078,0.9320515966528202,0.9
199,9,286,11,1.1302907712038022,0.7351120824168725,1.1302907712038022,0.9591460559423398,0.010958858269806367,0.8945204438218342,1.0014998025683979,1.0098912626486347,0.3
199,14,420,16,1.1302907712038022,0.7234669076818055,1.0010126321017834,0.8703518976596888,0.007547450929245787,0.8222832415934559,0.8850310121339147,0.9229892217166785,0.6
199,19,550,21,1.1302907712038022,0.7234669076818055,0.9031062304006037,0.844345651621742,0.004104403654804728,0.8198174661126039,0.8634010733737498,0.8990656879483769,0.7
200,9,290,11,1.0347161118842239,0.7804118614564102,1.1100624835637674,0.9970160553709156,0.012577488195482555,0.9736371232356676,1.0331906217797027,1.080619608713838,0.1
200,14,435,16,1.0347161118842239,0.6903851645249266,1.0316651316751813,0.8180700174734806,0.015641088310316704,0.7327825729223578,0.7594431645709597,0.9211553012792539,0.6
201,9,288,11,1.3225857474043836,0.9821008127786958,1.3225857474043836,1.2189616829306877,0.008864475674791195,1.19391269975641,1.2366944029743445,1.2738299452133373,0.1
202,9,290,11,1.4119795589671649,0.6245879557222801,1.4119795589671649,0.996040939813138,0.05152290912111129,0.8640644719467173,0.8951444725993996,1.1434452878079533,0.6
204,9,275,11,1.648491401089474,0.39771840203710634,1.648491401089474,1.2041104522529111,0.1442881712750012,1.0204795906604365,1.3299645783668494,1.4739827191913437,0.3
204,14,374,16,1.648491401089474,0.39771840203710634,1.3063275716905252,0.8765605083277617,0.06422275160762729,0.7423256950321655,0.8666899855980952,0.9247666371899511,0.8
205,9,261,11,0.8664956313664972,0.5897138016362841,0.8664956313664972,0.7521427063573013,0.004646542525121226,0.7279936465972972,0.7567105858435523,0.78490439235027,0.7
206,9,291,11,0.9101871253041731,0.7003350976065854,0.9101871253041731,0.7895315198155756,0.003789929438566067,0.7445374521475696,0.7992117518429803,0.8235576762829133,0.3
206,14,414,16,0.9101871253041731,0.7003350976065854,0.8165377396866306,0.7602947195586398,0.0014661585351872963,0.7368217081723484,0.7650439894843506,0.7843146549038316,0.4
206,19,552,21,0.9101871253041731,0.6583926605258961,0.7705067861151105,0.7336117200907425,0.0011732326931182247,0.7109977673193739,0.740398656735554,0.7631153226111338,0.6
207,9,249,11,0.9822389047144167,0.9822389047144167,1.165276008247618,1.0697829720507672,0.005415333039155782,0.996083918951246,1.0493518254433045,1.1508797651333542,0.3
208,9,287,11,1.0380504807696058,0.8417139854737768,1.0380504807696058,0.9585425032814499,0.0035017328646414466,0.910683508676521,0.989973832028739,0.9964656380468311,0.7
209,9,302,11,1.181201166571158,1.0447726812830442,1.181201166571158,1.1237849997586307,0.001816274274835012,1.0977933643966598,1.126258072793286,1.1537629381570942,0.0
210,9,288,11,1.1990882203185818,1.0867440382314444,1.2752353884067837,1.1881015209503842,0.0022617138062975546,1.1620000595478976,1.2001572843499662,1.2062295502922287,0.1
211,9,269,11,1.1844113024375145,0.5152494969962229,1.1844113024375145,0.955488286587812,0.0398765013189545,0.9361075847134179,0.9803974312352746,1.0782158634981707,0.6
212,9,289,11,1.099788132374025,0.9400354424986672,1.136817494183787,1.0643002159850545,0.0033298230759453637,1.0271174037095765,1.0776650670390067,1.1050055313353502,0.1
212,14,434,16,1.099788132374025,0.9400354424986672,1.0740392410072368,1.0364447525678675,0.0013737134614774202,1.0233927223442723,1.051165963502294,1.0610054336099928,0.1
213,9,284,11,1.1044573168457126,0.8893165194875711,1.1044573168457126,1.0419873792833392,0.00562997300197433,1.0077757119166189,1.0772770785403551,1.0965632647331294,0.0
213,14,430,16,1.1044573168457126,0.8093924752428361,1.0766892641831822,0.9308593550545986,0.007213934531157547,0.8907408464804344,0.9139253692036389,0.9765999398459801,0.2
213,19,579,21,1.1044573168457126,0.6245146770896148,0.9034619095802181,0.81214413323556,0.006028838682579016,0.7849936847816805,0.8158952531026193,0.8743171904297415,0.6
216,9,254,11,0.9317056832629158,0.7035623843833612,0.9317056832629158,0.8043397105668921,0.005175410445150906,0.7525354357372533,0.7977960612700696,0.8371144322570193,0.6
216,14,385,16,0.9317056832629158,0.5858256465964441,0.8045328841884567,0.7388859474586413,0.004724067567014778,0.7065957502771438,0.763740212396882,0.7926724122792362,0.9
217,9,256,11,1.1552682471505638,0.5316173725932749,1.1552682471505638,0.9138361116550549,0.03316734808214152,0.8298256461064286,0.9082737135744111,1.0583460308741166,0.6
219,9,293,11,1.0069654531487975,0.9364921494627929,1.0730681372769082,0.9982220115127699,0.0012719377705160421,0.9967251521843027,1.0054566061482333,1.0069654531487975,0.2
219,14,431,16,1.0069654531487975,0.874977421708186,1.0063329110322137,0.9665288514599049,0.001528828480998054,0.9455518809202135,0.9779018534658457,0.996806439459719,0.4
220,9,243,11,1.2805155461511184,0.8611483955323116,1.2805155461511184,0.975704308939241,0.01413824646437764,0.8835780112902036,0.9486903556503622,1.0231896784392585,0.4
220,14,343,16,1.2805155461511184,0.8611483955323116,0.9435644048365315,0.9062726967841336,0.0007324167821641329,0.8835780112902036,0.9103992748434321,0.9289256411361565,0.5
221,9,281,11,1.2630139850725723,0.8397261138068562,1.2630139850725723,1.0894731341970507,0.01837453160239904,1.0147964009691104,1.0449017113120902,1.2274738574086612,0.2
221,14,402,16,1.2630139850725723,0.8397261138068562,1.0602773635292997,1.0123139739940636,0.004037744378147188,1.0120896638322916,1.0320555961668911,1.053037867320748,0.2
222,9,295,11,1.141231603433873,0.8993384165815798,1.141231603433873,1.018615718586155,0.007209046622197732,0.9564173585854425,1.015134489650495,1.0964626331557927,0.0
222,14,444,16,1.141231603433873,0.8422593363980078,1.0063355141138457,0.9101129990500286,0.002406980880004626,0.8810353185786315,0.8956594777316735,0.9393552672728986,0.5
222,19,573,21,1.141231603433873,0.8422593363980078,0.9074915551494298,0.8800765387396263,0.00032762513745396966,0.8703910157439912,0.8820339199613731,0.890991541809638,0.8
223,9,291,11,1.3786168593257015,0.7972197240788074,1.3786168593257015,1.1192325921697042,0.03363283093001127,0.9954321558646697,1.0854670684174592,1.28301430532468,0.3
223,14,434,16,1.3786168593257015,0.7972197240788074,1.0527614612599168,0.9729649601350291,0.00494101473066523,0.9511545667402246,0.9829353455491148,1.0230649529190206,0.6
225,9,201,11,0.38085882612813565,0.3599231525612961,0.42264146428540444,0.3916105446872787,0.000376252965190215,0.3773223824726473,0.3861502971196421,0.4099606904738649,0.9
226,9,268,11,0.909629690379964,0.6401153969042606,0.909629690379964,0.771874613741337,0.008479507904370024,0.6972769223719446,0.7774755672735194,0.817479318308173,0.3
226,14,392,16,0.909629690379964,0.6401153969042606,0.7735935115759665,0.6975598200175954,0.0017220150732670044,0.6722794085519839,0.700636904209806,0.705963091599231,0.7
227,9,276,11,1.2307182700730148,0.9928576483499205,1.2307182700730148,1.1090988354154672,0.0046345244200797255,1.0859017793537018,1.0924826200675448,1.1187189096874401,0.1
228,9,283,11,0.9152812070598759,0.7657162039467283,0.9324287940617755,0.8923662000759144,0.0026124729676416636,0.8991434576976811,0.9152812070598759,0.9227387136736073,0.4
229,9,301,11,1.2087229728709104,0.9089393859827566,1.2087229728709104,1.0739731001171826,0.005462626472737711,1.037847654522859,1.0923872662492877,1.1003815772719585,0.1
230,9,291,11,1.1179660761220735,0.8507676629373978,1.1179660761220735,0.989354477134715,0.009674220813231785,0.8945966807899869,0.9807180056438662,1.0857527461386938,0.5
231,9,306,11,1.074124429906788,0.8943515113177647,1.074124429906788,0.9820772482615162,0.0035038841718548638,0.9431684106374121,0.9660186962406744,1.0256937626148768,0.2
232,9,292,11,1.476129609472291,1.1981202660918524,1.476129609472291,1.3663519115690708,0.006250922323329464,1.3288921165400007,1.4014784238615068,1.4090925215937906,0.0
232,14,439,16,1.476129609472291,0.5056991288272124,1.3978443996925545,1.1080877627175243,0.07026334918270252,1.0054405017026835,1.1869294087241817,1.2993337965939553,0.3
232,19,559,21,1.476129609472291,0.5056991288272124,1.175738551356511,0.8839213857688589,0.029067080824407066,0.8023465329419915,0.8948823331917264,0.9822888978831514,0.8
234,9,283,11,0.9423467018877973,0.8178780558861385,0.9423467018877973,0.8691937980274679,0.0012457725967086857,0.8430298516339191,0.8725790333893153,0.887152638386848,0.3
235,9,279,11,1.10114507815326,0.6921387890445164,1.10114507815326,0.88001885047095,0.013775336785075195,0.7933387002748211,0.8664905069588122,0.9499528853100356,0.6
236,9,278,11,1.2991302346139355,0.8545134370579054,1.2991302346139355,1.1273107082036424,0.014143181476908257,1.0725534672206882,1.1686480292367794,1.200117957141318,0.1
236,14,425,16,1.2991302346139355,0.8545134370579054,1.1611548504978393,1.067561429293122,0.006369758304707415,1.0667446525933117,1.0779296751922236,1.1130242685512266,0.1
236,19,571,21,1.2991302346139355,0.8545134370579054,1.0706192303128612,1.0053964633862125,0.00434152671326133,0.9729957222373432,1.0217131188901445,1.0639345498098578,0.5
237,9,281,11,0.6093212266703872,0.5066086708157019,0.6093212266703872,0.5551991952185886,0.001033895750307312,0.5274005100217807,0.5546304070181248,0.5831534115351458,0.6
239,9,264,11,1.322199076550586,0.6564070394815396,1.322199076550586,0.9500630306996894,0.06587783953866021,0.7139552007384566,0.8921611747867109,1.2159366152196245,0.4
239,14,385,16,1.322199076550586,0.6564070394815396,0.8161630577373034,0.7495977210769544,0.0031131772557424367,0.7139552007384566,0.7702795081237646,0.7905435186275458,0.6
240,9,299,11,1.1298202973911005,0.8408720310714553,1.1298202973911005,0.980477969659086,0.008045538629695013,0.9060420231927616,1.0042751600176647,1.0453307345941683,0.4
240,14,449,16,1.1298202973911005,0.8408720310714553,0.9923011154540918,0.9189977715260337,0.0017232608255759,0.9051877293121033,0.9170243123494954,0.9378363255556003,0.6
241,9,308,11,1.239841892449673,1.0121258424575088,1.239841892449673,1.083075100108766,0.003893209265474231,1.051695093850968,1.0669970511797584,1.0900925224606013,0.0
241,14,458,16,1.239841892449673,1.0121258424575088,1.085040285449062,1.0491794109989092,0.0005589655523507881,1.0303895159715637,1.0520390377780333,1.0654978568988283,0.0
242,9,290,11,0.9741601744694856,0.6757098078713621,0.9741601744694856,0.8172680746595576,0.005722840707860865,0.7782451839173622,0.8306972061922094,0.8424374164778177,0.3
242,14,427,16,0.9741601744694856,0.6757098078713621,0.8326203774194132,0.7711250884800765,0.0026209672540178776,0.7381046545741377,0.7675837858329453,0.8248060080112918,0.6
242,19,562,21,0.9741601744694856,0.6757098078713621,0.793281874669552,0.7543108593999184,0.0012121404762123066,0.7381046545741377,0.7675837858329453,0.7790870204445115,0.8
243,9,287,11,1.3332807142964607,0.7424562405847821,1.3332807142964607,1.0249472264037904,0.04329475976206317,0.8428782544356157,1.0125639896241745,1.229112139953324,0.4
243,14,421,16,1.3332807142964607,0.7424562405847821,0.9989754744966358,0.8629068360210146,0.004456449520393815,0.8180201410059174,0.8724033382163472,0.8946175239596136,0.7
244,9,291,11,0.8942433701908726,0.713362878590153,0.8942433701908726,0.7985318892434091,0.0024941458134028595,0.7648599729537345,0.7932137474104262,0.8342402799484402,0.4
245,9,300,11,1.1993850894222222,1.13403958515586,1.271277184182688,1.2104507490631677,0.0017936691582449381,1.1892834015484246,1.1993850894222222,1.2522950159317174,0.0
245,14,452,16,1.1993850894222222,1.1182358974232594,1.1993850894222222,1.1648483247071995,0.0008205845906115661,1.1417822452337263,1.174923390032356,1.1867104708908958,0.0
246,9,296,11,1.3162940551787106,1.0343919619912962,1.3162940551787106,1.1364585388213182,0.007793741555619503,1.0722116193587403,1.1138084003063127,1.155683933194236,0.2
246,14,432,16,1.3162940551787106,1.0343919619912962,1.1541597491988655,1.0814642457987806,0.0016653250058870177,1.0419636332998543,1.0810985009486067,1.11468469772456,0.4
247,9,246,11,0.8543833500936976,0.47085641340785417,0.8543833500936976,0.7526196055866047,0.01103518917450107,0.7506989128585979,0.777038324601355,0.8061540572693648,0.7
248,9,253,11,1.127028823199521,0.9980368958392377,1.127028823199521,1.0588716826936169,0.0011658791106561013,1.0337673585408047,1.0669757975883418,1.0749694603480027,0.0
248,14,396,16,1.127028823199521,0.9609941085414117,1.065858507376136,1.0185663033340173,0.0011415036795562213,0.9975031803880745,1.0176530898474596,1.0484721725823314,0.0
248,19,545,21,1.127028823199521,0.676652404478377,1.0126870110445412,0.8686051463683242,0.016570192236812352,0.7460749385581942,0.9027015532844684,0.9933453929807061,0.4
248,24,665,26,1.127028823199521,0.676652404478377,0.8444089980275253,0.7625188654330828,0.0024139716708526443,0.729362698315216,0.7698386191399497,0.7853544938615141,0.7
249,9,283,11,1.3806408693456107,1.1861096908770021,1.3806408693456107,1.3079843011989927,0.003929007983168323,1.2699915463482943,1.3115233584464971,1.3614582733880454,0.0
249,14,411,16,1.3806408693456107,1.1641953310854967,1.2933414220278414,1.2361614216283678,0.0019768506773843084,1.194057825748803,1.2404711168402713,1.278289603115549,0.0
250,9,268,11,1.2986305579895128,0.6864400019187389,1.2986305579895128,0.9532905670890953,0.050836583661883705,0.7678466661075628,0.8782001426796987,1.1663097220458618,0.4
250,14,386,16,1.2986305579895128,0.6864400019187389,0.8683651679332014,0.7779733445267893,0.003557621058529115,0.7343370995106265,0.779896026462322,0.8287943096149828,0.9
251,9,280,11,1.4641521569423797,1.3295063685940751,1.4641521569423797,1.420908967161949,0.0018145756033237739,1.4206476889722195,1.4322507655101515,1.4463712487051872,0.0
251,14,434,16,1.4641521569423797,1.3295063685940751,1.4296647790835193,1.390761800258113,0.0009519536282450154,1.3712836983608339,1.3963194087644402,1.416936617105024,0.0
252,9,266,11,1.221835048571524,1.0558609586744445,1.221835048571524,1.1216784636578703,0.0021928069008397876,1.096394811436149,1.1119126941008832,1.138307274602114,0.0
253,9,293,11,1.136808698255425,0.8725582435562842,1.136808698255425,0.9747904959525163,0.004812146201051732,0.9465268381625681,0.9717208457394746,1.0020915006340867,0.3
254,9,284,11,1.1217966180707217,1.066713226759565,1.1448796768054494,1.1174048499598925,0.0006254463956089357,1.1217966180707217,1.124127925566047,1.13122128559783,0.0
255,9,291,11,1.209379023199626,0.8789611707169547,1.2329433727083532,1.0559309668624302,0.014179837665356803,0.9623942332147075,1.0329195467286174,1.176673575421408,0.2
255,14,438,16,1.209379023199626,0.8789611707169547,1.0198205153431144,0.9781909375418325,0.0015892120108211057,0.9623942332147075,0.9892070108159711,1.004401286245344,0.2
256,9,292,11,1.0013884777763602,0.8777493664136459,1.0245869894153712,0.9673867329083465,0.0017991875756321444,0.9405197153028287,0.9755765848781954,1.0001418929279744,0.1
256,14,441,16,1.0013884777763602,0.8777493664136459,0.9765262318221689,0.9469594256411717,0.000810308066921216,0.9347628288152997,0.9558051761197981,0.9681207210280562,0.1
257,9,294,11,0.9861495156601019,0.7100995112950987,0.991142767192814,0.9000056715673533,0.009943297416063139,0.8119817615276053,0.958685055661727,0.9825779051456001,0.3
257,14,438,16,0.9861495156601019,0.7100995112950987,0.9532585058711499,0.7948474789254585,0.004336486972711085,0.7559790451584253,0.7770819921191725,0.7966029638599678,0.8
259,9,277,11,1.1903380186293429,1.0234480295459683,1.1903380186293429,1.1132086224362623,0.0017220955947302493,1.0951312716801307,1.123006697292914,1.131834968403789,0.3
260,9,299,11,1.3777468531601096,1.0555834865648668,1.3777468531601096,1.225405673185227,0.005723515594149026,1.2101110640229809,1.22588459890909,1.2453234621916178,0.0
260,14,444,16,1.3777468531601096,1.0555834865648668,1.2302858392834735,1.1894904922873835,0.0029400573709939585,1.190430981768151,1.211381008017321,1.2231862025368965,0.0
261,9,241,11,1.0215736427956505,0.5515098303196356,1.0215736427956505,0.8466100066382936,0.017530500892769484,0.7959396601514279,0.8626181256238825,0.9518693147587531,0.6
262,9,288,11,1.0772321136733554,1.0452545674380769,1.1281189038072525,1.0721999174054757,0.0005409941437963919,1.0527348896318836,1.0741189072611048,1.0772321136733554,0.0
263,9,287,11,1.1426363724721835,0.8773895454831641,1.1426363724721835,0.9781489373414554,0.005654644036185827,0.9412162553879728,0.9608359018051,1.0011045337514974,0.6
264,9,287,11,1.2969024155161715,0.8967068712563766,1.2969024155161715,1.066412627994821,0.011897846050998745,0.9893466589599451,1.0854134076695943,1.0965491298221397,0.1
264,14,422,16,1.2969024155161715,0.8351911931583114,1.0761018270472027,0.9354552661823436,0.005184320477102419,0.9003321494618803,0.9212041490826779,0.9655294335898439,0.3
265,9,270,11,0.8041543650772518,0.6041042612679408,0.8041543650772518,0.6860649853577987,0.002598866091693142,0.6606500269881678,0.6873757778468846,0.6978154624087626,0.9
266,9,296,11,1.3724263278654174,0.8521853132907764,1.3724263278654174,1.0362231428449649,0.019890836507505928,0.9547422607620111,0.99650524308595,1.0934757333069323,0.2
266,14,436,16,1.3724263278654174,0.8521853132907764,0.9967270864898441,0.9491407765678813,0.0016479115795264543,0.9345637298142386,0.9520638565270225,0.9797968787217467,0.2
267,9,256,11,1.376291058722835,1.2348214055364872,1.376291058722835,1.2899009402149637,0.0013056825015424203,1.2707695069370486,1.2815848798400684,1.3046114986357589,0.0
268,9,243,11,0.9616117576498261,0.7379008379137806,0.9616117576498261,0.8392586797104815,0.004992716714758755,0.7839581303831877,0.8200221091037101,0.8975210508152345,0.2
268,14,373,16,0.9616117576498261,0.4904009213413091,0.8039361804392686,0.703298767161564,0.01045810417680781,0.6264775865040205,0.7422651876247541,0.7806881955977394,0.7
270,9,237,11,1.3652403423393646,0.6655039894927028,1.3652403423393646,0.9154399699290448,0.0753020592991694,0.7158794016839358,0.774935639729111,1.1427427828120589,0.5
270,14,324,16,1.3652403423393646,0.6655039894927028,0.7957898304177382,0.7318290556971392,0.0022361966940142235,0.7012515046562429,0.7215195757124219,0.7816784983173646,0.8
271,9,300,11,1.4326738416701446,0.7818556487746148,1.4326738416701446,1.1477072601870386,0.03905661586574345,1.035213109380039,1.0744541025673966,1.3270046842714698,0.2
271,14,434,16,1.4326738416701446,0.7287234535940009,1.0729377115493652,0.9423963997153552,0.012745476421447802,0.8765297613157409,0.9841298366637194,1.0210276431958163,0.7
272,9,189,11,0.4788968669888715,0.3246521684192845,0.4788968669888715,0.38493393831378897,0.0015643463213691588,0.3663031687803633,0.38721451670277496,0.3973241927807486,0.9
273,9,301,11,1.3237772678945912,0.61261734325884,1.3237772678945912,1.0021021288339003,0.04253073229075001,0.9882163710121036,1.0046210330226815,1.0486690439367732,0.7
274,9,294,11,1.2753114985827971,1.0600213006609418,1.3306155877733126,1.2501361738059036,0.006566454227229681,1.2342045571195162,1.2735032222989966,1.3066995994206902,0.0
274,14,439,16,1.2753114985827971,1.049970365475718,1.271694946015196,1.1387153956312273,0.006543793715172002,1.0680476179950746,1.1064952609407437,1.2064054458633828,0.1
274,19,586,21,1.2753114985827971,1.0478947548640898,1.1416579902475048,1.0814479170885973,0.0008134602668767074,1.0596978587834718,1.0751138114672227,1.1016565078257972,0.2
275,9,296,11,0.9996652780405899,0.9176160901074752,1.1046770119600091,1.024546972312699,0.003952745274316402,0.9996652780405899,1.0169214878771815,1.0881324919918183,0.2
276,9,280,11,1.2365782253157216,1.0340242845564793,1.2365782253157216,1.1256113216015684,0.00368065517066853,1.082415552197536,1.133270913766348,1.1665206997589883,0.2
276,14,402,16,1.2365782253157216,0.8403078506122085,1.1137939945856776,1.042486787522703,0.005912686950219235,1.035207610509361,1.0641454986816563,1.0921664277547876,0.5
277,9,292,11,1.3048774685162166,0.7085485447948993,1.3048774685162166,0.9455949030590144,0.049025949894692736,0.7530961755160052,0.8693432287621765,1.1213491278599472,0.6
278,9,293,11,1.2783834560452862,0.9660641581970429,1.2783834560452862,1.1122435935935593,0.011998497939624517,1.0097160716012454,1.1017611789593262,1.1899008882814934,0.1
278,14,362,16,1.2783834560452862,0.9660641581970429,1.0794726972526478,1.0253791984196143,0.0009635312908386044,1.0033971825492922,1.0328541885974138,1.0417104067953251,0.1
279,9,265,11,0.6820919841665495,0.5601564513259382,0.7134805991302152,0.6736784639461021,0.001822055363444701,0.6786131835862397,0.6836006779520414,0.6994348738528794,0.2
280,9,264,11,1.2571846322984261,1.107902454974354,1.2817753209557499,1.195433794437958,0.002955381780193075,1.1594664605671068,1.1921148511705302,1.2438316906488804,0.0
281,9,297,11,1.2670295713193562,1.0972607655348943,1.2736187497028197,1.2226572759615608,0.003628174016268494,1.1745325615500235,1.2560741102174524,1.2710719368453336,0.0
281,14,439,16,1.2670295713193562,1.0972607655348943,1.2451186491155484,1.1928143798771405,0.0017228679453209425,1.1705242506451972,1.205248381433847,1.2151574848580422,0.0
282,9,295,11,1.0649573782134625,0.9522275860250797,1.126354162719406,1.0649056936103718,0.002098469627212675,1.0552509490763593,1.0632107280016596,1.0924391409191676,0.1
282,14,439,16,1.0649573782134625,0.9466956273725168,1.061987880699993,1.0245178365383936,0.0017610312149845338,1.0055893133587792,1.0453085581068366,1.0585003580989638,0.2
284,9,266,11,0.9958523344189872,0.7966735628037878,0.9958523344189872,0.9155018881009322,0.002169259675197729,0.9117081258771169,0.9251810982802811,0.9275051545811096,0.3
284,14,393,16,0.9958523344189872,0.7735497741778997,0.9251675615431159,0.8754714457855892,0.0029606949559869314,0.8364853388020734,0.9023463986183035,0.9214583594885992,0.6
285,9,275,11,1.2413234886286701,0.5230063524025877,1.2413234886286701,0.8867025690877165,0.054260266799426984,0.7439124843560312,0.8407742351749647,1.0669968459102992,0.5
286,9,300,11,1.1849828955634862,1.060067852331622,1.2028699783081644,1.1504440908192266,0.001989634729891482,1.116930034585995,1.1620521734936529,1.1849828955634862,0.1
287,9,249,11,1.0225512898947315,1.0225512898947315,1.1771995454850277,1.1098372018575682,0.0031759629466804043,1.0648330859512893,1.1376464851861896,1.1503327524091713,0.0
288,9,280,11,1.1207400372930834,0.768874860125768,1.1207400372930834,0.9592355369146741,0.009572177134906303,0.9057174449927153,0.9660897792206158,1.0295899221086058,0.2
288,14,429,16,1.1207400372930834,0.768874860125768,0.9711561698020763,0.9000676298148157,0.0030778362743271595,0.8775317341157836,0.9044004616316911,0.9409343380175024,0.3
289,9,284,11,1.0270793380888672,0.7868691655343544,1.0270793380888672,0.969932582287606,0.004658811070097498,0.9702153076678205,0.9847629974413019,1.0182253507911077,0.5
290,9,177,11,0.7839830762619021,0.22426138584740132,0.7839830762619021,0.4351639136818662,0.03136275860566484,0.2819925238684057,0.4085396547627588,0.5302660601488295,0.7
291,9,283,11,1.1418122579909005,0.9039948629559776,1.1418122579909005,1.0159465191579282,0.00629636225111743,0.9530199835849649,1.003040266723199,1.07940317853869,0.3
291,14,419,16,1.1418122579909005,0.9039948629559776,1.0103405718024823,0.9682391397318272,0.0009189713943339713,0.9509435924380647,0.9729775103620153,0.9897475646822066,0.3
292,9,271,11,0.9346557589205773,0.7694861239760934,0.9568762178064655,0.8929595380526469,0.0026543976290120557,0.8806509879875601,0.9056267857051712,0.9291743233145029,0.8
293,9,288,11,1.422611385380688,1.1435363515386483,1.422611385380688,1.3100888549413632,0.00887419887015227,1.2710338495705316,1.3407087511720235,1.3865248792875051,0.2
293,14,429,16,1.422611385380688,1.1435363515386483,1.3362923121947192,1.2426645219851733,0.004555982046268582,1.183021991396535,1.261217158254131,1.2817555031627716,0.3
294,9,310,11,1.1185379274749738,0.9764533548512516,1.1185379274749738,1.0553277012877682,0.002116427027354716,1.0250963545821121,1.0640850261895034,1.0913616467278833,0.0
294,14,463,16,1.1185379274749738,0.8705778847684111,1.0491599087001562,0.9813884956544541,0.002569903126386034,0.9756965074373201,0.9825008937475247,1.0128807857354731,0.2
295,9,263,11,1.314998584787259,0.8290474719003396,1.314998584787259,1.055377783572581,0.02559912873627544,0.9047708496088085,1.061607016908277,1.1750255376423784,0.4
295,14,389,16,1.314998584787259,0.8290474719003396,1.0579099054671086,0.965050922703971,0.005260182938092191,0.9047708496088085,0.992021028015416,1.016069079461024,0.9
296,9,271,11,1.2643712186226193,1.082723641243985,1.2643712186226193,1.189202488354692,0.004335670472521248,1.1228091866002492,1.2217273648963198,1.2431969685206274,0.4
297,9,291,11,1.4660037992501533,0.5141807558541449,1.4660037992501533,1.0331966479983865,0.11646759461919924,0.6936022587520818,1.0615170549762722,1.3794824626905888,0.1
297,14,391,16,1.4660037992501533,0.46956928597332653,0.9856171644473042,0.6397567713817411,0.02108621395655044,0.534622363599879,0.6061924470663785,0.6565530724393491,0.6
298,9,254,11,0.7541793719440176,0.6315010971023629,0.7541793719440176,0.7008526907303516,0.0010239514495372017,0.6817028364572469,0.7123186927226894,0.7136575630582853,0.8
299,9,288,11,1.0529385321675093,0.8393619703712213,1.0529385321675093,0.9563840612957332,0.003815801897488371,0.9245072366854252,0.9429403846899838,1.0094960179797474,0.4
300,9,289,11,1.1110497932608643,0.5415759924538903,1.3565687039069951,1.110263906455985,0.04953300701230261,1.1068743932795144,1.1110497932608643,1.2448366283534293,0.2
300,14,424,16,1.1110497932608643,0.5415759924538903,1.1110497932608643,0.9576984379084321,0.0334327887552295,0.9263998468622745,1.0187108481214449,1.1015802246718165,0.6
301,9,290,11,1.4167788742517868,1.0787139127272438,1.4167788742517868,1.2176342706762207,0.008205103624799918,1.1747169083921132,1.2338854318675263,1.2431648780798796,0.0
301,14,432,16,1.4167788742517868,1.0718757320118406,1.2343650763261311,1.1615522567426244,0.003467267977782363,1.1076941348600742,1.16676598550287,1.2091896638135802,0.0
301,19,577,21,1.4167788742517868,0.8244817436338958,1.1624846848295876,1.0619543438360288,0.009121495227678255,1.0626803564913314,1.0846264435108395,1.1104836809014738,0.3
302,9,286,11,1.0222622653251956,0.8108650077727855,1.0222622653251956,0.9458644928036792,0.004259192947496235,0.8921492145943506,0.9734196985605583,0.9968985016205765,0.1
302,14,429,16,1.0222622653251956,0.8108650077727855,0.9619111378163151,0.910850231293377,0.00233184522119646,0.8832025126343505,0.9313801156981226,0.9476147941746027,0.1
302,19,576,21,1.0222622653251956,0.8108650077727855,0.942172285964767,0.8954919082045931,0.001512603503804581,0.8832025126343505,0.8967539801749964,0.9300107279200768,0.1
302,24,723,26,1.0222622653251956,0.8108650077727855,0.8931197929880257,0.856916643357942,0.0010017197997807413,0.8253448554954039,0.8687608027433213,0.8841381390357337,0.4
303,9,276,11,1.2820074621098367,0.8998580226522266,1.2820074621098367,1.028059173347018,0.01573414478379708,0.9130472411265638,0.988893514150921,1.096916373459317,0.4
303,14,402,16,1.2820074621098367,0.8732702529783812,1.0091649189326954,0.9428522022771546,0.0018815661640250384,0.9041816286249,0.9480282342842338,0.9787351366656846,0.6
304,9,275,11,0.8787019370828091,0.7630074213080803,0.8787019370828091,0.8274680485983101,0.0017762417178910656,0.7864365407408724,0.8416467400099049,0.85365463893373,0.8
305,9,296,11,1.2801922121689442,1.132175947437614,1.2801922121689442,1.2013831669110755,0.0019069609001134934,1.179251201669738,1.1935858940506825,1.201421157876048,0.0
306,9,270,11,0.9947995594528802,0.5752672268630905,0.9947995594528802,0.7717754195189042,0.01298750438695612,0.7214617109807328,0.7380086713078986,0.8011482678163032,0.6
307,9,288,11,1.291650532999709,1.147687058612709,1.291650532999709,1.2286910923356904,0.0019287852132640689,1.2108740665677928,1.2383748339605671,1.2572500386354226,0.0
308,9,292,11,1.1908209790449553,1.054991294729006,1.1908209790449553,1.1193958095197338,0.0017504114504959538,1.0885808057196489,1.1077881452140184,1.1521135265051108,0.1
309,9,226,11,0.8589823288659627,0.2909370826238768,0.8589823288659627,0.7208653505257132,0.023236195160554043,0.7209439971685221,0.7617034398437411,0.7981152059129198,0.9
310,9,237,11,0.5055057763867614,0.4147829860124817,0.5055057763867614,0.4664451168979228,0.0007583374531646697,0.4447218239743357,0.4713517135971278,0.48169522671020626,0.8
311,9,278,11,1.1462170727816954,0.7294287112657605,1.1586691039056218,0.9253978123158507,0.025212728604756113,0.8300666749686727,0.8474138570587245,1.1007152508452658,0.3
311,14,402,16,1.1462170727816954,0.7294287112657605,0.8500994545377593,0.8173925977121668,0.0015858402265311032,0.8281460609046103,0.8294245160287547,0.8421281459844088,0.6
312,9,299,11,1.0864124765364591,0.94669327222348,1.0864124765364591,1.0059510361546034,0.0013519273480861547,0.9904732166956383,1.003071855018013,1.0212881188978842,0.0
312,14,444,16,1.0864124765364591,0.7941022465771512,1.0004915251709205,0.9475232223214058,0.003613988396356494,0.9453209528380437,0.9617750665961876,0.9887056834966784,0.2
313,9,288,11,0.9421771492397168,0.9197950105618291,1.0736566047615257,1.010204076414832,0.0033188631502905006,0.9476271057125658,1.0373693373602941,1.0625945330885638,0.2
314,9,279,11,1.3306348509329684,1.090609208459787,1.3306348509329684,1.2193741586212639,0.004305285653467393,1.1826529579246283,1.2209392525971747,1.2621372095401218,0.1
314,14,428,16,1.3306348509329684,1.090609208459787,1.2164071982546967,1.1742475003494843,0.0011048901518635533,1.1612138337860056,1.1833262277081769,1.1915934553339487,0.1
314,19,579,21,1.3306348509329684,1.06916828540793,1.1809890109331895,1.1301855873026356,0.001799403253186995,1.0903611719205228,1.1550665933257103,1.158665565429165,0.4
315,9,287,11,0.9645604443902058,0.8244433590270411,1.0073875945685418,0.9502899253620025,0.00370232859553789,0.9349490206522605,0.9726275950139274,0.9915273778952267,0.2
316,9,281,11,1.2297091151062909,0.6469176744947238,1.2297091151062909,0.8590826144782563,0.022622161983667382,0.8039543424454926,0.8308709696224439,0.9115762643425658,0.9
317,9,259,11,1.225548309759,0.7985242460994082,1.225548309759,0.9939355269074351,0.019063461242845265,0.8965816270883127,0.9598549829556995,1.0729987740705456,0.5
317,14,377,16,1.225548309759,0.7985242460994082,0.9726254100633064,0.91771965607734,0.0025412044148699284,0.8965816270883127,0.9332080022185806,0.9531194637715311,0.7
318,9,298,11,1.0879399407795258,0.9898881425479773,1.1657490130402794,1.1138203384648464,0.002485958035333336,1.0922581668345643,1.1205575870876237,1.1536476810697973,0.1
319,9,291,11,1.2777288281039625,0.9498985546726717,1.2777288281039625,1.0594107673952335,0.014455866658110553,0.9703378002230105,1.0027809951625137,1.1117964825687758,0.6
320,9,287,11,1.0295724690656363,0.5563737697971292,1.1841344156931621,0.9429471869258279,0.04169037872903041,0.8133086677526413,1.00956760524896,1.114068294007907,0.4
320,14,419,16,1.0295724690656363,0.5563737697971292,0.9895627414322834,0.8038945230322272,0.012421917461600714,0.7956512387422241,0.8083913134904962,0.8694013609401475,0.9
321,9,222,11,1.163070047485511,0.6201258516537504,1.163070047485511,0.7710837270861483,0.021826221790131464,0.6618663663719732,0.7551887356627017,0.8000473523949072,0.8
322,9,269,11,1.1739582753459186,0.9067857657503867,1.1739582753459186,1.0177333719738868,0.006381727375388826,0.9508053955675793,1.01254654570275,1.0613891382662717,0.3
322,14,403,16,1.1739582753459186,0.44984459312591357,1.0139806115882084,0.9146087154284868,0.024984823472774854,0.9347364872367916,0.968516158404102,0.9775888477475025,0.6
323,9,265,11,1.355010244335518,1.177477834403224,1.355010244335518,1.273010930480361,0.0022622981644410327,1.2588145867261196,1.2710584079892182,1.2846059507466028,0.0
323,14,419,16,1.355010244335518,1.0902822748026872,1.269786803950774,1.1955608575677572,0.0039253551281151645,1.139521712959378,1.205254659449271,1.253944200349765,0.0
323,19,547,21,1.355010244335518,1.0902822748026872,1.177577426247625,1.151984018846975,0.0007680023914039973,1.1348079158394482,1.162767120813658,1.1729488246088802,0.0
324,9,304,11,1.2109099323186243,0.8776759002029897,1.2109099323186243,1.0191396037453258,0.01193600303094288,0.9468878273743682,0.9812624563341714,1.0602439946773536,0.3
324,14,443,16,1.2109099323186243,0.8776759002029897,0.9896863398686964,0.9522986460792262,0.001370003706630893,0.9213258873429193,0.9704105194350269,0.9816429091509179,0.4
325,9,307,11,0.9465978492879484,0.791339275793149,0.9465978492879484,0.8731804685425102,0.001894125909303714,0.8555439301412724,0.87653001880266,0.8871222896096387,0.2
326,9,293,11,1.226455037113901,1.0074608364720359,1.226455037113901,1.1332495629560269,0.005689030782303978,1.075912360448419,1.1535368211189283,1.1790422518735784,0.3
327,9,265,11,0.8766289029640155,0.6729823680800078,0.8766289029640155,0.790294276229522,0.003964720584310781,0.7424484611750193,0.795352311666277,0.8345534661005696,0.4
327,14,366,16,0.8766289029640155,0.6729823680800078,0.786262735487588,0.749135270006626,0.000848309452239209,0.7424484611750193,0.7585747247823714,0.7599730905782927,0.9
328,9,294,11,1.1286857804298565,0.9243352688899785,1.1286857804298565,1.066346709526214,0.003507292472033418,1.0401209220029215,1.0824649806480253,1.1114445011239125,0.1
328,14,435,16,1.1286857804298565,0.9243352688899785,1.0824503779294818,1.0187325399330227,0.001655591747406183,1.0008549236886015,1.0252699819764683,1.0350789749198914,0.1
328,19,548,21,1.1286857804298565,0.8322299849726488,1.0260650544398815,0.9839677453007363,0.003460736967392782,0.9830357648530861,1.0063086621018713,1.0243296194968192,0.2
329,9,296,11,1.121575300927697,1.0898317352222116,1.1629636931340948,1.1358242696891065,0.00041221637187357065,1.1237207177481148,1.1398224511565695,1.1477158810749861,0.0
329,14,448,16,1.121575300927697,1.0425835025414627,1.1353835198573399,1.1063156861669545,0.0007488541496646921,1.0909507793475604,1.1193318563409635,1.1262748125552429,0.0
329,19,592,21,1.121575300927697,1.0246119049096665,1.1170884117542301,1.0794571309871968,0.0010839901946850788,1.0526408504248073,1.0920698234729094,1.1040158911917426,0.0
329,24,733,26,1.121575300927697,0.8838286326044842,1.0898317352222116,1.0045243290923105,0.004838113211518582,0.9626926426771327,1.0260401343242982,1.056360972940769,0.4
330,9,297,11,1.2613948234939485,1.026485495601653,1.2613948234939485,1.1150076002587115,0.005784479901380446,1.0683114688470128,1.0954684744049812,1.112884231324012,0.3
331,9,302,11,1.0201648031864896,0.8676128735660242,1.0561761966639278,0.9997160413728328,0.0037651304281060742,0.961142860485136,1.0248601474230221,1.0459517086331775,0.1
331,14,451,16,1.0201648031864896,0.8676128735660242,1.0295554916595544,0.957389066211416,0.0029299415705502504,0.9294190210939157,0.9593847769287285,1.0086669954871748,0.2
331,19,591,21,1.0201648031864896,0.8676128735660242,0.9714367838461232,0.9194084568530364,0.0014331135463259122,0.8791178094530678,0.9293226510662473,0.9510302332928695,0.4
332,9,284,11,1.3744993240822083,1.205979763340878,1.3744993240822083,1.2717531300530815,0.0023161205747662477,1.2455939989773552,1.2613169548548036,1.298903898160161,0.0
333,9,288,11,1.1414203698484937,0.9705280318260067,1.1414203698484937,1.062804658733019,0.0039143127689813175,1.0005652612491605,1.0905613650514847,1.1125438401586603,0.3
333,14,405,16,1.1414203698484937,0.9705280318260067,1.0923386942425193,1.0248015484279835,0.0020615725894268916,0.9869198444083518,1.018211843657196,1.0692090853950154,0.6
334,9,272,11,0.811992356376057,0.811992356376057,0.9136347144321305,0.8701404442975548,0.0012766324516424881,0.8451414966999931,0.8819337846163882,0.8939053264691681,0.2
335,9,280,11,0.8123361213832895,0.7847311111303443,0.9683058662191528,0.8784030540130967,0.003150385609202176,0.829053912110862,0.8893988769395162,0.9046285651447583,0.5
336,9,282,11,1.2562626473277274,0.8542082312897042,1.2562626473277274,1.0217522959280985,0.013170335789750767,0.9366640149822989,1.020807533795825,1.0505256983577849,0.0
336,14,417,16,1.2562626473277274,0.779193454357859,1.0204494054901008,0.9047360478449502,0.004246333722168146,0.8735934633551976,0.9041542297479856,0.9133705696090684,0.1
338,9,258,11,1.0694590327928961,0.8434249081273786,1.1050362620847396,0.9978129325792688,0.006571040911109538,0.9291942858506995,1.0215659667808357,1.0662647837794736,0.4
338,14,402,16,1.0694590327928961,0.8434249081273786,0.9959079151022617,0.9432954283279287,0.0019131090029180914,0.9201286468660599,0.9477409083898685,0.9783648901510602,0.6
339,9,250,11,0.7931560116450912,0.7667073763759401,0.8351197580351069,0.7941757160980764,0.00045213951404329936,0.7791032032873271,0.7931560116450912,0.7989777833799112,0.7
340,9,276,11,1.2539081535512475,0.39234840536215276,1.2539081535512475,0.914035952025003,0.05698143186756308,0.8801790983691855,0.9038491713526547,1.086227925405456,0.7
341,9,288,11,1.128135245280448,0.7133013843009567,1.128135245280448,0.9134370452053281,0.01899390814914677,0.8212371265498736,0.9189805173957716,0.973474501813016,0.7
342,9,263,11,1.2565116281396493,0.6955228184016343,1.2565116281396493,0.9207390537516963,0.02620086025498334,0.8269129785998622,0.881771154128093,0.9502412558578743,0.7
343,9,302,11,0.9348710180465876,0.9348710180465876,1.118158991419013,1.0293588016803557,0.0050908795420632775,0.9523488352655998,1.0345899186411742,1.1021829559666758,0.2
344,9,244,11,1.0669911656836346,0.7863306938350316,1.0669911656836346,0.9068907724338278,0.0071440883611918835,0.8502239876133958,0.8719309004892775,0.9798270474488819,0.2
344,14,393,16,1.0669911656836346,0.7173248962560533,0.8766200858023364,0.8262449763172178,0.0020607592018385594,0.8019357472380199,0.8467811601114299,0.8520707544731313,0.4
345,9,268,11,1.3742496879589876,0.8793930937764134,1.3742496879589876,1.198489184658059,0.017925445493040475,1.1770407843777264,1.2292262682406883,1.2821677498086723,0.1
345,14,407,16,1.3742496879589876,0.7226122675336248,1.2102935232880614,0.9711412244515397,0.02849221236217171,0.8369905429614962,0.9417256947894913,1.1442983320733497,0.4
345,19,536,21,1.3742496879589876,0.22669534107733275,0.9374851179388821,0.7168213107470621,0.05722686191878066,0.7277283818134076,0.798927868539242,0.8691005319033058,0.8
346,9,259,11,0.777018524848156,0.48193211662952484,0.777018524848156,0.586101891832614,0.006512982618879029,0.5255246945538503,0.5880495522958629,0.5984097758231414,0.8
347,9,301,11,0.8405569147276861,0.6980464817844912,0.8405569147276861,0.769925523390512,0.002199641539053285,0.7316927828209301,0.7620943182174598,0.8038654108225798,0.3
347,14,430,16,0.8405569147276861,0.6980464817844912,0.7684944136359855,0.7384564182075154,0.00035583636514034385,0.7276169175340683,0.7441133145381196,0.748719919408987,0.4
348,9,255,11,0.7331810546031253,0.6406554368405772,0.7331810546031253,0.6831503493733047,0.0005105171099513831,0.6774034049963675,0.6848071269611263,0.6878719811079435,0.5
350,9,257,11,1.1029447063623818,0.7550637638891458,1.1029447063623818,0.913851773184607,0.007106865073515876,0.8718538427257703,0.9193157061185868,0.9455071111955993,0.6
351,9,256,11,1.0442397574270792,0.9767839890968318,1.2116674594677086,1.038754673793532,0.004176135372755422,0.9943673964508948,1.02842575517555,1.0499372654768133,0.4
352,9,249,11,1.016567101408903,0.6628796367806115,1.016567101408903,0.8564199941515515,0.00921678673180813,0.7955018652241612,0.8736270148615695,0.9154254440357582,0.9
353,9,303,11,1.31106311788352,1.0363214943298922,1.31106311788352,1.162701636695982,0.00697246459157312,1.0955215613215392,1.172963609663372,1.1835939611701805,0.0
353,14,449,16,1.31106311788352,1.0224165363190754,1.1724532552745852,1.0929020635068216,0.0026232240196783748,1.0604649576757954,1.0806120174888045,1.142627521506838,0.0
353,19,590,21,1.31106311788352,0.9663343271853019,1.073163362951741,1.0241988680069007,0.0011283351457620691,1.0083260100224083,1.0212050089697775,1.053433571145133,0.2
354,9,240,11,0.9259837903135468,0.5557600665982547,0.9259837903135468,0.6997507884834906,0.008855464422967623,0.6567796479958989,0.6951803224582573,0.702571742558503,0.9
355,9,309,11,1.2540844186537723,1.1161432977241266,1.2804907636641731,1.2225085660045303,0.001927473856232996,1.2066132631197695,1.228203111403285,1.2540844186537723,0.0
356,9,292,11,1.1490192851012508,0.794676757951355,1.1490192851012508,0.9270722117453822,0.011319832826647018,0.8505239086696255,0.8919705712883415,0.9888722779853094,0.4
356,14,415,16,1.1490192851012508,0.794676757951355,0.8921391710950253,0.8524515183429828,0.0008757890143881872,0.8357415835548109,0.8533364451028129,0.8735478217461646,0.6
357,9,289,11,1.2662351418323845,0.8878456863692081,1.2662351418323845,1.030280850737909,0.021179080394314327,0.9177369402224949,0.936154499254098,1.1393794475311296,0.0
357,14,431,16,1.2662351418323845,0.8878456863692081,0.9388850350208464,0.9207604505305416,0.00027839742295455636,0.9115685088644496,0.9254466373408533,0.9354277827799513,0.0
358,9,278,11,1.1752696093311026,0.7190808164066977,1.1752696093311026,0.8942544343012393,0.024266376095056004,0.7634086879846612,0.8300180545834217,1.0237497682779022,0.5
359,9,301,11,1.1650025485135682,1.0585128377812325,1.1827848608121205,1.1463359527153487,0.0012163446130675662,1.1302271434461824,1.157907167734416,1.1666272336565493,0.0
360,9,280,11,1.4309270824623834,0.9527809740395213,1.4309270824623834,1.2025275615013828,0.015583356091185264,1.1628379707844996,1.179594345593996,1.246362885734404,0.1
360,14,423,16,1.4309270824623834,0.9527809740395213,1.1796427656967448,1.1263019363186266,0.004394311416241098,1.1108358560123393,1.1532177202173919,1.1741952597836312,0.2
361,9,286,11,1.2788611777507626,0.7053355717204471,1.2788611777507626,1.0278636476298322,0.025745696335810263,0.9355133937235451,1.0186091243341848,1.1532630058944433,0.5
362,9,283,11,1.0783349953291383,1.033536646948506,1.1316244704947784,1.0865004538657226,0.0006428179220624617,1.0782471590624398,1.0848454550556506,1.092624765388135,0.0
362,14,396,16,1.0783349953291383,0.8498683394370582,1.0832821700934194,1.040295175785721,0.004471722786444492,1.0338185632381325,1.071349983125356,1.078305716573572,0.2
363,9,282,11,1.078691671505198,0.8557899815124066,1.1186712637059995,1.0319393241918313,0.009991933248335413,0.9564525860882209,1.078691671505198,1.10822074436774,0.1
363,14,400,16,1.078691671505198,0.8257166955006983,1.078691671505198,0.9191962075226368,0.006785658691952544,0.8762924477709404,0.8917627598223568,0.9128956834727207,0.2
363,19,510,21,1.078691671505198,0.8257166955006983,0.8891135277796073,0.8631995882842352,0.0003861215086454016,0.8518636649487169,0.8650678057698165,0.8792302736941223,0.6
364,9,284,11,0.9865017963439875,0.6912455763302074,0.9865017963439875,0.7709956081158685,0.006426177205279174,0.7225287889391117,0.7540466736920743,0.7863312325671258,0.7
365,9,239,11,1.3150106589361532,1.2775266985832128,1.359445772202494,1.3217478077747917,0.0005708784421825606,1.3077230841976535,1.319997766414532,1.332256389479726,0.0
365,14,388,16,1.3150106589361532,1.1801320563083608,1.3150106589361532,1.257405204119778,0.0028578293597845664,1.20127439083929,1.2797673753784577,1.303782003229839,0.0
365,19,528,21,1.3150106589361532,0.8396063504983209,1.2775266985832128,1.100165810577685,0.021682317701636252,0.962760242690237,1.180807347427284,1.217066659191651,0.4
365,24,662,26,1.3150106589361532,0.8396063504983209,1.1801320563083608,1.004470342550081,0.008048035504344787,0.954576424326142,1.0036601145253432,1.054003977733231,0.7
366,9,269,11,1.2407931312803664,0.8070117299116651,1.2407931312803664,0.9515139327004709,0.018450176035039074,0.8668950964591463,0.9152926183944317,0.9691583192392862,0.6
367,9,277,11,1.0142194533405033,0.7966781091088135,1.0330011103860595,0.9602640377876694,0.0055275108612141514,0.9439622440780558,0.9842909257071084,1.0142194533405033,0.8
368,9,285,11,1.2181950130546007,0.9213329661970512,1.2563537334910977,1.1503210847966003,0.007997277209662344,1.141665383163402,1.155934119757228,1.2147998952870473,0.1
368,14,425,16,1.2181950130546007,0.9213329661970512,1.1491764391784782,1.076268228095262,0.004559750736062115,1.0430370062520389,1.091682124193929,1.1316518600892262,0.3
369,9,284,11,0.7590972373141855,0.567685566388884,0.7590972373141855,0.6695983632156969,0.004585162217537754,0.6067747916492492,0.7035955056362947,0.7209210607517644,0.8
370,9,292,11,1.1624322407688923,0.8053555850028212,1.2130540708619628,1.038397104022089,0.017395835534498156,0.9254526006121075,1.063815094474636,1.1598287246443237,0.2
370,14,440,16,1.1624322407688923,0.7450388164794698,1.0343236263954239,0.9111296055686793,0.0059299923145010895,0.9069380663344508,0.9275972254044376,0.9486390517670517,0.3
371,9,277,11,1.227860551389845,0.5939817657213217,1.227860551389845,0.8928625902817698,0.05164241742838247,0.7368995711179849,0.7989879832428444,1.0914501359436708,0.6
372,9,286,11,1.4018185426534566,0.8134507485145818,1.4410399274705077,1.1534532225986198,0.056578937731236,0.9009602681102429,1.239592556670393,1.3757107262674606,0.3
372,14,426,16,1.4018185426534566,0.8134507485145818,1.1941305428592628,0.9142952820423254,0.01066718998392851,0.853392756188678,0.8913964292094859,0.9043263778423257,0.6
373,9,262,11,0.6022096286119514,0.5347374087633275,0.6283648938249553,0.5921597991645329,0.0007084888082961705,0.5820261737810948,0.601351151182556,0.6056924890615178,0.7
374,9,260,11,1.3528083492716907,0.6112667838260128,1.3528083492716907,0.9110365231144464,0.038642189270287126,0.8396076630450894,0.8724766907095962,0.9554283311193766,0.5
375,9,301,11,1.2964435332785895,1.136614604825161,1.306661493304509,1.218729046244559,0.003329446266610481,1.181965663140635,1.1937161702960992,1.2799823208610683,0.0
375,14,431,16,1.2964435332785895,1.136614604825161,1.2065263443481036,1.1774384430535538,0.0005114570517416258,1.165200535135543,1.1842311266079752,1.1940250754925446,0.0
376,9,270,11,1.0661162150633046,0.6034188065034487,1.0661162150633046,0.774105918499148,0.014838243741980154,0.7098400086606091,0.7541235582276495,0.8097533112385964,0.7
377,9,277,11,1.381960434873565,1.1701570470218678,1.381960434873565,1.2479976483166688,0.004736444560934317,1.191146993008667,1.2216585342331268,1.2899114415227235,0.0
377,14,431,16,1.381960434873565,1.1701570470218678,1.226656008366845,1.2033367636038244,0.00027867229075820044,1.191146993008667,1.2057240292381768,1.214202577783616,0.0
378,9,252,11,0.8563113882551021,0.5160767838437786,0.8563113882551021,0.6831451375272899,0.009537109462933967,0.6234599835450509,0.6889144755675447,0.7334031579626451,0.8
379,9,289,11,1.0749314764247249,0.6969996580864781,1.076147223758974,0.9759331820429751,0.01648659916188904,0.8915285788282277,1.0556650986852207,1.072252407984722,0.3
379,14,434,16,1.0749314764247249,0.6969996580864781,1.0496945178731663,0.9267845897177214,0.01130452630244899,0.8648864515999473,0.9596205347875695,1.016453707972901,0.5
380,9,291,11,1.012232127879604,0.8010241773649684,1.012232127879604,0.910431470009706,0.00437825024927291,0.8663609527130516,0.909353366752955,0.9589284973356045,0.2
380,14,428,16,1.012232127879604,0.733402526987075,0.9077574382283444,0.845445177623375,0.002608059258107929,0.8215513485285979,0.8471351088727461,0.8861190093611508,0.5
381,9,288,11,1.0096756808205583,0.8831036542397901,1.0096756808205583,0.972433315884424,0.001676502967747625,0.9544439365163002,0.9930875148670818,0.9964154571187221,0.2
382,9,244,11,0.6978488280334726,0.4524141038994778,0.6978488280334726,0.6333271940902778,0.0051049628468946475,0.618577255806451,0.6500390644997472,0.6839202889896109,0.9
383,9,254,11,1.014523034969466,0.8941892681654043,1.0553981239178443,0.9819218080977355,0.002922010838652951,0.9360544637399313,1.0096758257837362,1.014523034969466,0.1
383,14,382,16,1.014523034969466,0.8652518918667425,1.007788876947877,0.9185621343273473,0.001487954197089292,0.8964598592993238,0.9079583302486111,0.9337839379272359,0.3
384,9,271,11,1.2340431015928495,1.0324737151840973,1.2340431015928495,1.0999378043415784,0.0032907469789509175,1.058886904724265,1.0955793552594406,1.1050300095205055,0.2
386,9,298,11,1.072754347888171,0.9956564509514381,1.191750799828059,1.0736155277883688,0.002689304012914589,1.0530268363328816,1.0728148145987637,1.0928540985510313,0.2
386,14,424,16,1.072754347888171,0.7618935321855691,1.0728752813093567,0.9960073693513465,0.008651105767570864,0.9920225852802493,1.0233862784020495,1.0661785107030746,0.5
387,9,280,11,1.3528068258338992,0.7676197841036023,1.3528068258338992,0.999480798097386,0.028576213978797976,0.8859177468073689,0.9501395851967037,1.066518997589493,0.3
387,14,419,16,1.3528068258338992,0.7676197841036023,0.9444329859659253,0.8877606433703631,0.0032421699692943575,0.8582087451384327,0.9041861558787866,0.9351939870566214,0.5
388,9,285,11,0.883700321038186,0.5033581528121779,0.883700321038186,0.7456559463528473,0.011206170727962917,0.7119851657120584,0.7621235866636371,0.8276180055307415,0.6
389,9,272,11,0.8437364216689269,0.7454935486016302,0.9026204142138287,0.8192077475430288,0.0022058312075603384,0.7810775958355787,0.8240473425933993,0.8544767247714737,0.8
390,9,278,11,1.3586083782171756,0.9373688396706781,1.3586083782171756,1.0910378855852945,0.018307879636395148,0.9876406456610695,1.0482935404286564,1.177725023949014,0.2
390,14,420,16,1.3586083782171756,0.8370331572016785,1.0171785334058752,0.9599770390498872,0.0026862351439327957,0.939559280291209,0.9631457578837741,1.000900726527392,0.5
392,9,265,11,0.9704192054595524,0.5177205333875013,0.9704192054595524,0.6609131667842647,0.014035023785093591,0.5948560379535358,0.6529111899408148,0.6892172107572818,0.6
393,9,300,11,1.0339376185183207,0.897676169395493,1.0753974280091267,0.9942318031095562,0.0024748419582441656,0.9575405621065911,1.0035444792786383,1.0303738813006766,0.0
393,14,445,16,1.0339376185183207,0.6805935556127689,0.9908357503830172,0.8931911278865357,0.008788271107926408,0.839516074019804,0.922561791428646,0.9696095928808892,0.4
393,19,571,21,1.0339376185183207,0.6805935556127689,0.897676169395493,0.8354409038563402,0.0030833849442633275,0.8380596003106543,0.8445042851206891,0.8622888044710785,0.5
395,9,293,11,1.4262789018520352,0.9204195886748123,1.4262789018520352,1.272657564060909,0.01761919791725327,1.2533975513418196,1.2840547321748468,1.354615028140939,0.1
395,14,428,16,1.4262789018520352,0.8311672641051426,1.2689617947406613,1.085913065378799,0.02325463418415911,0.9644060746772634,1.0731400634491801,1.2454066709800724,0.5
397,9,294,11,1.1204235000710492,0.8179202607314646,1.1204235000710492,0.9326249083709681,0.006489756883059093,0.8897472159269996,0.9252451053474249,0.9698229856241113,0.5
399,9,292,11,1.3913336407258188,0.9356087319716129,1.3913336407258188,1.186534756525185,0.01732582125435538,1.1378651899737713,1.1653124141239086,1.2498151013159065,0.2
399,14,437,16,1.3913336407258188,0.9356087319716129,1.177981615698791,1.1303599530265231,0.005220458920110825,1.1378651899737713,1.1653124141239086,1.1670177146902603,0.2
400,9,278,11,0.9760762015981495,0.7162809377419028,0.9760762015981495,0.8467206483102567,0.003856435315837024,0.8197870601284539,0.8470727561138642,0.8686278637070275,0.1
401,9,296,11,1.180811566556864,0.9270423083074484,1.180811566556864,1.018624957594927,0.005058008032904687,0.9604870144398407,1.0202374186979277,1.0471428664994131,0.3
402,9,274,11,0.8371091921973324,0.5699287069900925,0.8371091921973324,0.6554130907814893,0.007022859949064708,0.5847457247183622,0.6395885916853301,0.6826861516877272,0.7
403,9,300,11,0.9672251014170822,0.7420557437937945,0.9672251014170822,0.8572267307027595,0.004120638761931365,0.833335452116172,0.8540272660441275,0.8629390442588213,0.4
404,9,256,11,1.3609529404608913,0.8856166245689908,1.3609529404608913,1.0315664459801144,0.029188338019698373,0.8996409281654251,0.9516143288600963,1.1728963770967447,0.4
404,14,387,16,1.3609529404608913,0.8580063569381355,0.9513897846128552,0.9072524565173051,0.0008164720203321331,0.8873439294544527,0.903189556397322,0.9264737181261333,0.7
406,9,266,11,1.3272020492808563,1.0694375175313229,1.3272020492808563,1.2574076188256318,0.00612897806455003,1.2596867158611786,1.2861544638221472,1.3078651908432815,0.1
406,14,416,16,1.3272020492808563,1.0694375175313229,1.2850207915274865,1.187062638852582,0.004051574344813446,1.1494304574244008,1.180437770498328,1.2452260318298887,0.1
406,19,559,21,1.3272020492808563,1.0694375175313229,1.1695170390995688,1.1354715364425225,0.0007716460816464276,1.1212591065956934,1.1453055924696263,1.1535675538086774,0.1
407,9,288,11,1.0504527925318243,0.7481136934136339,1.0504527925318243,0.8499669062267928,0.008620726212092585,0.7744657230441134,0.8251767385602409,0.9138647012751309,0.4
407,14,414,16,1.0504527925318243,0.7088948513965108,0.8017269169165526,0.7629756728969254,0.0006631742575423185,0.7445726381211675,0.7704780078889081,0.7788722433482049,0.8
408,9,290,11,1.3060207700257258,1.235064062099858,1.3631741195832063,1.316633170235273,0.0015024338262456009,1.3060207700257258,1.319201904715889,1.3477170714840643,0.0
409,9,282,11,1.4016898073773914,0.7262371846363538,1.4016898073773914,1.0860032536589694,0.04986998262444815,0.8735405423885094,1.1349324715361346,1.2240520856868276,0.3
409,14,409,16,1.4016898073773914,0.7262371846363538,1.0829922253692599,0.8828894695701207,0.00788247999216254,0.8556507209137952,0.8949774017937762,0.9058173116004204,0.8
410,9,262,11,1.1500047057648206,0.6197972815629416,1.1500047057648206,0.8589000264940276,0.048353292045821686,0.6537027634930285,0.7743659713523674,1.0994168642763702,0.1
410,14,378,16,1.1500047057648206,0.6045482189044504,0.6786819342198777,0.6528080733745255,0.0004998897516909544,0.6487413270074632,0.6608255812030674,0.6684598226719052,0.2
410,19,487,21,1.1500047057648206,0.5928519795525371,0.6622296870341232,0.6304497031828473,0.0005047662862322494,0.6148340129173512,0.6273873341917521,0.6489528039759547,0.6
411,9,292,11,1.2122733328525548,1.010105438652954,1.2122733328525548,1.1009870671310444,0.0035443052834600716,1.0770132276997253,1.090545467817949,1.1360417460366157,0.2
412,9,225,11,0.8197550558188427,0.6378629785362119,0.8197550558188427,0.6960512763990299,0.002136729465818044,0.6756195514705168,0.6894750508634939,0.7021838228170705,0.9
413,9,265,11,1.194158665626968,1.056998717949516,1.194158665626968,1.1289316420782327,0.00215852056835685,1.0831256285221353,1.138014142249863,1.1568058228923923,0.0
413,14,385,16,1.194158665626968,0.9587242890934085,1.1333529715838762,1.052709759164401,0.0025542856444648,1.046853142407739,1.0557336746719455,1.0775674469329717,0.2
414,9,297,11,1.2976456170553259,1.0037769622239199,1.2976456170553259,1.2160970854975768,0.007408664143674216,1.1805021247804715,1.2507788362771433,1.2675442501079048,0.1
414,14,451,16,1.2976456170553259,1.0037769622239199,1.251268153111756,1.1506641480552011,0.0072533914873094945,1.0824348619625357,1.14940062973466,1.2358641285659855,0.4
415,9,304,11,1.3297569585180098,0.8308192775677264,1.3297569585180098,1.0066628013680885,0.02092370599362588,0.9325889051550071,0.9409549692274929,1.0345480740868553,0.2
416,9,283,11,1.373821997209477,1.0019751243162833,1.373821997209477,1.178448761170261,0.017068398784712842,1.071679030273229,1.133896428014866,1.2909272680232784,0.5
416,14,419,16,1.373821997209477,0.8448676480889268,1.1371222354935464,1.0555670645880182,0.00743113596959793,1.010619431897772,1.0839452100334883,1.1231450300247956,0.8
417,9,291,11,0.9430854890667872,0.8452063506214019,1.0311609859633004,0.9376833534947757,0.0033646867647722225,0.9065577694602642,0.9430854890667872,0.9596740372819939,0.4
418,9,273,11,1.3200486745716744,1.2495078097176433,1.3200486745716744,1.2924052505306522,0.0006516358703257774,1.2712465871700926,1.2970281202809182,1.317478648820067,0.0
419,9,249,11,0.7383031447299239,0.6195728524348431,0.7383031447299239,0.6874036898129484,0.0018430625638107562,0.6607076141542335,0.692775683432794,0.723667972646098,0.8
420,9,299,11,0.9332714003426672,0.9190513688522838,1.0038562273470135,0.9659778807994108,0.000953877707818811,0.9359533900604393,0.9680757695043457,0.9959254270426439,0.1
420,14,437,16,0.9332714003426672,0.8615456571698081,0.955841317623039,0.9270116226022109,0.0009157639110059847,0.9226063767248797,0.938054876741299,0.9451032856475937,0.3
422,9,287,11,1.3866447972005433,1.150669535153951,1.3866447972005433,1.2667136517924367,0.008187601692242554,1.1694062553597413,1.2741039538803394,1.3598089464427467,0.0
422,14,430,16,1.3866447972005433,1.0133354121056004,1.2721054141717931,1.1156981840911109,0.006568238258137659,1.0401761829388898,1.124519040556632,1.1593242717026508,0.4
423,9,274,11,1.0816315597231028,0.7497845935708837,1.0816315597231028,0.9337987802745149,0.00959671426674001,0.8697203835636796,0.9208673001567742,0.9890279165884681,0.4
423,14,388,16,1.0816315597231028,0.7497845935708837,0.9184772371890365,0.8559958757232691,0.0029355565103554135,0.8393399610874543,0.8702509685612363,0.8950121592088953,0.7
424,9,300,11,1.1558631323131916,0.8812435261156613,1.1558631323131916,1.011740641153226,0.005224042892853621,0.9602223467858857,1.0285341972749134,1.0481114854039073,0.1
424,14,426,16,1.1558631323131916,0.8320239503530441,1.0272029907174158,0.9176444821389989,0.003097672620961807,0.8754244319393728,0.9146999825673667,0.9553073987705896,0.5
426,9,288,11,1.1898054687069979,0.7828479011785788,1.1898054687069979,1.0702254634606132,0.018213206013168875,0.991131801464362,1.1216516260391245,1.1825877956883264,0.2
426,14,429,16,1.1898054687069979,0.7828479011785788,1.0967284579441219,0.9454099480094389,0.0072972267522901715,0.907277728168295,0.9365392091032145,0.9559231861578841,0.4
426,19,555,21,1.1898054687069979,0.7828479011785788,0.9393699366415467,0.9068955951986661,0.002010047755855564,0.9002578229231852,0.9206937009777807,0.937493938144471,0.6
427,9,291,11,1.0075252796180443,0.897113494910315,1.0416971793698238,0.9838120533197585,0.0016057694178074188,0.9725393360795345,0.9952460205861087,1.0075252796180443,0.1
427,14,431,16,1.0075252796180443,0.897113494910315,0.9978286024818064,0.9716320752881856,0.0009293347099798425,0.9725393360795345,0.9847809297027879,0.9887582441345768,0.1
428,9,293,11,1.2222051777237704,1.2222051777237704,1.3409842779377912,1.2706545355348573,0.0019064460330044872,1.2297093818483082,1.2638317398828816,1.3105528471052534,0.0
429,9,260,11,0.8627649950084012,0.7598650986431366,0.8627649950084012,0.827688172013841,0.0011106994278584671,0.815164932263232,0.8339509072456258,0.8583925094391628,0.2
429,14,388,16,0.8627649950084012,0.7468651127349397,0.8452929219056757,0.7989044792922206,0.0010893122646982902,0.7660205412841711,0.8077265808028248,0.8209484205354887,0.5
430,9,255,11,1.0650454259492979,0.40008561164458,1.0650454259492979,0.6615614824041172,0.029989982190308885,0.5845569952627105,0.6350255408662226,0.6937361794786687,0.7
431,9,294,11,1.2114649213351558,0.9904945442389892,1.2114649213351558,1.1028958637699282,0.003949181163701905,1.0584119581536156,1.1027585066713983,1.1240288088774295,0.1
432,9,281,11,1.3428125692833974,1.24456292753741,1.3870232715245892,1.3445907947346616,0.0018696007342658492,1.3428125692833974,1.3590945496359024,1.3698583966838414,0.0
432,14,394,16,1.3428125692833974,0.8456779531094332,1.3629279057967114,1.1522441665803862,0.04603228516537612,0.9122763455957251,1.2650715913598736,1.3428125692833974,0.1
432,19,509,21,1.3428125692833974,0.517724640365071,1.24456292753741,0.8198708729296932,0.037627329906062976,0.693440927538578,0.8331266539383062,0.8762719851583476,0.6
433,9,270,11,1.2000176265833908,0.5964801031350508,1.2000176265833908,0.8771693455631432,0.035698598085320596,0.7093683848134777,0.8888840141756025,1.029107545418562,0.7
434,9,296,11,1.3423707907452935,1.067491314637375,1.3423707907452935,1.1940656549622042,0.00813293956589298,1.1231357855535502,1.1650482422527026,1.2423768482901443,0.0
434,14,441,16,1.3423707907452935,0.843728399000439,1.159413950814061,1.0701416733053688,0.008472532400406635,1.0705786292043526,1.109110712797829,1.114730204875062,0.2
434,19,585,21,1.3423707907452935,0.843728399000439,1.1064393858714952,1.026410006303014,0.005558916087087992,1.0020254807735578,1.0532517209815433,1.076753258338308,0.4
435,9,284,11,1.4237105637502034,1.1068224589315048,1.4237105637502034,1.260056824781658,0.009399438291455908,1.2082713424569782,1.2307522572944936,1.335237130220919,0.0
436,9,305,11,1.0270136013444777,0.8250046397388037,1.0270136013444777,0.9110464988517715,0.004359440444811559,0.863588096099257,0.8862241848380424,0.9386526783456086,0.2
436,14,451,16,1.0270136013444777,0.6727142609690986,0.8834831039227955,0.8118735674658412,0.005036096562416124,0.7662581182621534,0.8403072511217069,0.8633510380004557,0.6
437,9,269,11,0.8779382868354368,0.7218778234450659,0.8779382868354368,0.7830321041212442,0.0014216613993540375,0.7710352115773194,0.7813651234509149,0.7896865822503485,0.7
438,9,244,11,0.7894829535795282,0.5095641669741982,0.7894829535795282,0.6289532046129349,0.004757356772332528,0.6244290024721932,0.6306716934445754,0.6429887559335814,0.6
440,9,280,11,1.4227065016841791,0.9204550891378711,1.4227065016841791,1.1707756268535605,0.018478522075935234,1.1160834644199928,1.1444087704397359,1.2205736793609332,0.2
440,14,419,16,1.4227065016841791,0.9204550891378711,1.1424543809852428,1.0616788065848985,0.006931971781993304,0.9986586435978522,1.10541792376798,1.1282550565949674,0.4
441,9,282,11,1.2690190047872265,0.5633829485186921,1.2690190047872265,0.9315029210762564,0.060760823927733146,0.7172523099156431,0.9059417613889105,1.179700497968445,0.4
441,14,407,16,1.2690190047872265,0.5633829485186921,0.8111814782435777,0.7367280948515871,0.004596981828064476,0.7172523099156431,0.7563845340178192,0.77782756246638,0.7
442,9,292,11,1.1463173074354536,0.9517936639406818,1.1463173074354536,1.0567488025255112,0.0038300784518948165,1.0322594269069374,1.0657751808871336,1.0958246775268348,0.3
443,9,277,11,1.2753704348965094,0.6832937463340747,1.2753704348965094,1.003817150771156,0.05325452580859073,0.7538377415338547,1.0786609414518389,1.2154895355933728,0.4
443,14,383,16,1.2753704348965094,0.6832937463340747,1.0333967567907347,0.7898393672468906,0.008556921965465392,0.7328316467591958,0.7824003756724964,0.8096078973317937,0.9
444,9,231,11,1.3038698165063463,0.49417744645254685,1.3038698165063463,0.6789479207627173,0.059165752205008984,0.5557649584585729,0.5854642168201352,0.603777282356593,0.8
445,9,286,11,0.7551921969060025,0.4531376565493254,0.7551921969060025,0.6036167113748535,0.009462661784940611,0.5448925460287966,0.5958561594701676,0.6679244427575615,0.7
446,9,283,11,1.1883017193212277,1.038331364801942,1.1883017193212277,1.1083749254078277,0.0033782826959915975,1.0580367677027487,1.0918099968593782,1.1716738983060484,0.0
446,14,419,16,1.1883017193212277,0.9215556253524975,1.0683280779674211,1.0229121848765472,0.0022581574985876675,1.0119985392238764,1.0393950422279798,1.0535434636216081,0.2
446,19,551,21,1.1883017193212277,0.9215556253524975,1.0404587196540176,1.0006368433870008,0.0014143449047092967,0.9895789393078046,1.005000461396532,1.033510481547485,0.2
447,9,312,11,1.2354421790500396,0.9544721703857348,1.2354421790500396,1.0862987280549543,0.004244523451354996,1.074015182051446,1.082299928295793,1.0994576267930636,0.1
448,9,287,11,1.1841148018130347,1.012183032622133,1.1841148018130347,1.0680291481349458,0.00336620285613782,1.0308748746633736,1.0461740462148819,1.0676247013165923,0.0
448,14,425,16,1.1841148018130347,0.9064632795227933,1.047585387316996,1.0034206440995588,0.00229348334601915,0.9637048978657977,1.026509501487742,1.0397243548925246,0.0
449,9,298,11,0.938691840664543,0.8578250129536185,0.9803205574210303,0.9266651968302476,0.0013413212730850551,0.9133543903401129,0.9322202123249289,0.9405470351218415,0.2
450,9,297,11,0.9458106434174405,0.736675548516747,0.9458106434174405,0.8347933427990334,0.0027683859753166065,0.8137246540872307,0.8354827784128036,0.8510875558994666,0.3
451,9,252,11,1.0431679455237326,0.8047495226386245,1.0431679455237326,0.9089118509871605,0.005646624896114005,0.8561680127728616,0.8964294676074971,0.9233058685508501,0.1
451,14,394,16,1.0431679455237326,0.6211730214444701,0.8960654009102952,0.8073889876343614,0.005536925779034021,0.8054174197657225,0.8238112597085593,0.8538610992237005,0.4
451,19,518,21,1.0431679455237326,0.6211730214444701,0.8169902924364532,0.7780805910012993,0.003257377998191336,0.7858971326053146,0.8044375130225384,0.8087716351067091,0.8
452,9,287,11,1.1425619002840435,0.9647328966967046,1.1425619002840435,1.05010225611916,0.0018169689886966458,1.0384996247454101,1.0552740357330552,1.063609652521809,0.1
452,14,434,16,1.1425619002840435,0.832377505650711,1.0516995933357398,0.9847364845582336,0.004501560514611977,0.9559662279739867,1.0030967462525373,1.042656468421125,0.4
453,9,284,11,1.046202399014097,1.046202399014097,1.226338052257042,1.1510601267979301,0.004644741059622601,1.090539143032783,1.1884863174605855,1.2047054034221427,0.1
454,9,244,11,0.9801902143730179,0.5345333848350152,0.9801902143730179,0.6285431234391513,0.016009680006776862,0.547940859461338,0.5789825661645287,0.65243468635349,0.6
455,9,306,11,1.2132122466355104,0.9453986363978151,1.2132122466355104,1.0825959645435834,0.006315178994138198,1.0426714361247122,1.0937446734636698,1.1238773883679367,0.0
455,14,451,16,1.2132122466355104,0.9453986363978151,1.103473769319455,1.0399629743164192,0.0022980050682660726,1.0273269262451463,1.0444847564546968,1.0743340686911078,0.0
456,9,285,11,1.1300880408897866,0.8402974435328014,1.1300880408897866,0.9897051243554194,0.0071944850789510285,0.9388115291112241,0.9718830236325109,1.0199520959604829,0.4
457,9,280,11,0.9585655548939916,0.9329138448282217,1.0188620076192485,0.9808463282766791,0.0008580025226793718,0.9585655548939916,0.9798977345555965,1.008541896437212,0.0
458,9,282,11,1.1203080059958879,0.9392493251798734,1.1203080059958879,1.0098425002376255,0.0027292377071617183,0.9774750244942271,1.0076438577987867,1.0209042118812135,0.2
458,14,411,16,1.1203080059958879,0.9222547094954766,1.016527837963335,0.9724116516002657,0.0009875107726643722,0.9460044144892005,0.9736258835575133,0.9976588139240256,0.4
459,9,265,11,1.2613048832045333,0.7225605152579243,1.2657118942614771,1.0971233987644704,0.0379716033100554,0.9512233766661482,1.1802252783711666,1.2558132537208928,0.2
459,14,399,16,1.2613048832045333,0.7225605152579243,1.1663152610860934,0.8710664075375731,0.022551708571991715,0.7828975944696013,0.8123627465376474,0.8733217618260858,0.7
460,9,260,11,1.11226625880912,0.884005362211201,1.11226625880912,1.024621102558751,0.0067452442353635456,0.9471435437326472,1.0638674121758,1.0901143163340916,0.0
460,14,402,16,1.11226625880912,0.750480224263446,1.046180190341649,0.8914504967862321,0.007166250087592983,0.8371324905894669,0.8878586414939953,0.9215180057238755,0.4
460,19,528,21,1.11226625880912,0.7168007186621592,0.9027597120770803,0.8376021033540123,0.003517954786127446,0.8184339324036577,0.8455407396897613,0.8897852811353926,0.6
461,9,259,11,1.0760162190473899,0.8070448894990854,1.0760162190473899,0.9394435158668273,0.005098099850777654,0.9137907276039412,0.9315463795554516,0.9839609600631882,0.5
462,9,301,11,1.224487717996396,0.9409182127600064,1.224487717996396,1.095445549420449,0.00925126111267988,1.0300840340443747,1.0627426788671293,1.1965182843033795,0.4
463,9,266,11,0.766611724651538,0.3374311910007353,0.766611724651538,0.5850446580425431,0.011876823462601844,0.5334761271193572,0.6112235297969628,0.6489184491453368,0.8
464,9,294,11,1.1996982048742026,1.1996982048742026,1.3568423422272897,1.2690619310083087,0.0026295877695032203,1.2436452256186605,1.2632925093329543,1.2838550023938824,0.0
464,14,443,16,1.1996982048742026,1.1044308453580207,1.2742767026673585,1.2302077137246143,0.0023618785820730594,1.2101349665897434,1.246979701510717,1.260670319639768,0.1
465,9,281,11,0.9032879818455343,0.7904198292757341,0.9070189289670182,0.8807902747679865,0.0011048141155670919,0.8784171940199774,0.8878826262003598,0.9032879818455343,0.2
466,9,292,11,1.2244837620016449,0.8593411214908957,1.2244837620016449,1.0245414085813758,0.013468507695254489,0.9397427409812741,1.0024216407855258,1.0665163899744503,0.3
466,14,418,16,1.2244837620016449,0.8593411214908957,0.9942416029457546,0.9486967854630993,0.0015720070970719248,0.926401588989737,0.961579040860853,0.9798177678120876,0.4
467,9,306,11,1.228675990338444,1.0549403191504627,1.228675990338444,1.1666421770520827,0.002998342471448927,1.1435170353765962,1.1897489652923008,1.1968195062357212,0.0
467,14,442,16,1.228675990338444,1.0549403191504627,1.1921367067699657,1.141027162652225,0.0026981502712475768,1.1002107651003201,1.1532634208553498,1.1898166853816807,0.0
468,9,258,11,1.283694245045927,0.5829321307935517,1.283694245045927,0.9123147788924367,0.04368772530382004,0.8438481566922431,0.8932134329413418,0.962099398699993,0.5
468,14,375,16,1.283694245045927,0.5829321307935517,0.886426070383521,0.8058378836490274,0.010328149798495495,0.8091469505842153,0.8505088515857271,0.8728606966693291,0.7
469,9,195,11,0.4358622648595602,0.36522254288540584,0.4358622648595602,0.3951773607046053,0.00034510417351891364,0.38493410290372154,0.3908967097146511,0.40404800860737045,0.8
470,9,261,11,1.2308917514813136,0.7358916939556249,1.275244545333961,1.0701069775368512,0.034451968875459815,0.9096440409752681,1.1261140289084834,1.2308917514813136,0.4
470,14,397,16,1.2308917514813136,0.7358916939556249,1.0386947929682242,0.9201848892611413,0.0057231227647419475,0.8900490622831649,0.9381231051251084,0.9594365104138733,0.5
471,9,249,11,0.5691664452124463,0.19804664121704307,0.5691664452124463,0.330569166714098,0.008932776376023733,0.27958947310923327,0.3264294213979318,0.34187206665783587,0.8
472,9,280,11,1.25976952844126,0.979083058240237,1.3276540026039958,1.1554527798437433,0.01224665389439714,1.0641792172588531,1.1643998008455034,1.2533816728589844,0.4
472,14,404,16,1.25976952844126,0.9739403949699619,1.1474980904310796,1.0757044913288527,0.003664318104129095,1.0411535426090404,1.0867230886352712,1.1241699545598225,0.5
473,9,299,11,1.2088322126417475,1.016500319975533,1.2088322126417475,1.1278997581325083,0.0029892174188263314,1.1049887665827163,1.1423997507333614,1.166740121314097,0.2
474,9,293,11,1.0971804425117322,0.7194834577319047,1.0971804425117322,0.8206185111766942,0.009962626678766703,0.7690817706759325,0.7949709168929642,0.8146027293356569,0.6
475,9,270,11,1.524643394496028,0.5811436365962417,1.524643394496028,0.9434061923102204,0.1015066749643035,0.6621057246081067,0.8672849516254544,1.2291742922270195,0.6
476,9,289,11,1.3300214627971,1.0807441575468741,1.3300214627971,1.151990115254157,0.005219083980416839,1.0922029498557175,1.1396326685237383,1.180096214121701,0.0
476,14,428,16,1.3300214627971,1.0374208093567534,1.1424297953438074,1.1037027104021306,0.0009533089464572947,1.0872592244157104,1.1010803919193117,1.1309146144774553,0.0
477,9,275,11,0.8568670340764372,0.4705332946920103,0.8568670340764372,0.6671315558624985,0.009492015092505482,0.6318766722260516,0.6736141900024734,0.7151430092490016,0.9
478,9,271,11,0.8239605641323775,0.6133514454560898,0.8239605641323775,0.735627566526552,0.0050507760193565145,0.6760802869843042,0.7317301021539102,0.8013698751905987,0.5
479,9,298,11,1.0076233568950486,0.7607957247797081,1.0076233568950486,0.8524846717225192,0.003865160341246103,0.825347556028912,0.8418782539035286,0.8718601074482023,0.3
480,9,296,11,1.0440042381674708,0.8337082265741547,1.0440042381674708,0.9423248271560576,0.003225137982845093,0.922289366949085,0.9400189561775785,0.9757539928930048,0.5
481,9,291,11,1.470216551618802,1.309722959542004,1.470216551618802,1.3991146448310492,0.0013984828609604017,1.3914432801088936,1.3993174454000084,1.411166867776295,0.0
482,9,234,11,0.9544985626402896,0.8982331024182932,0.9647407710939767,0.9370630467667105,0.0004308015775257612,0.9318070756661562,0.9389330845855722,0.9538569449269801,0.6
483,9,299,11,1.1080419862986957,0.8891526794123936,1.1080419862986957,0.9616138601790081,0.003027207174535226,0.9314652391328166,0.9529868252005562,0.973708002042273,0.3
484,9,285,11,1.196716318154997,1.0506105878267344,1.2368888507039517,1.1503333719292124,0.003008328905205057,1.1171000844970982,1.1443173540850555,1.196716318154997,0.0
484,14,431,16,1.196716318154997,1.0506105878267344,1.128018760836309,1.100364364304203,0.0005209203095447935,1.0882696961999805,1.1046972638016366,1.1179862438133656,0.0
485,9,274,11,1.1982526799909394,0.9699964051226937,1.2373271906052894,1.1223814743716347,0.00876380265782858,1.046290675536286,1.1495962195084437,1.1982526799909394,0.0
485,14,426,16,1.1982526799909394,0.9424403286701314,1.1442891760715574,1.0224228983732255,0.0035045248972477134,0.9828700531414921,1.0102535777539763,1.0306827955442834,0.1
485,19,577,21,1.1982526799909394,0.9424403286701314,1.0164768382779015,0.9742548200737227,0.0006703688062131595,0.94757283444409,0.973412781168006,0.9977346732288386,0.4
486,9,205,11,0.6452836871799514,0.4578945740589729,0.6452836871799514,0.559788551740237,0.0040727866336956655,0.5023497029491362,0.5705434448455413,0.6131060862203467,0.9
487,9,291,11,0.9895463050608388,0.6038655579554835,0.9895463050608388,0.8983934081767411,0.017664440024615834,0.874594349034721,0.9688333268897729,0.9864676165501209,0.2
487,14,432,16,0.9895463050608388,0.6038655579554835,0.9572075407639813,0.7476892386632233,0.014251974528660222,0.6841935116818461,0.692216981355763,0.8177735127688782,0.7
488,9,294,11,1.4588751837550276,0.9661254718083374,1.4588751837550276,1.253896514159639,0.021327156107413238,1.1726801446667343,1.2601346885150901,1.3824136531282805,0.1
488,14,437,16,1.4588751837550276,0.7866673769631968,1.2309576613098112,1.0769996489333262,0.016406616954812124,0.9999156863465846,1.1109273583915171,1.1556313967059122,0.3
489,9,310,11,1.2530959322795936,0.8238737469009931,1.2530959322795936,1.0327276943105999,0.025941199649250568,0.9169214799804518,0.9238614379739467,1.2114466417920353,0.3
490,9,249,11,0.8239869939677045,0.6596353114833441,0.8239869939677045,0.7493662137615645,0.003467091066216472,0.7048578331848145,0.758271920325092,0.804019689332455,0.6
492,9,287,11,0.523574041054258,0.523574041054258,0.6735102478909164,0.622175885510032,0.0028638024295791252,0.6126342792304592,0.6371874640816518,0.6660201595810565,0.5
493,9,297,11,1.2501324546554444,0.7629714378784215,1.2501324546554444,0.9856963989060089,0.036142340970857265,0.8033130061295117,0.9533976032774547,1.1428209711898654,0.5
493,14,434,16,1.2501324546554444,0.7629714378784215,0.8838406153533914,0.8371995201267295,0.0016051651500758814,0.8033130061295117,0.8458131929165248,0.870166414878826,0.8
494,9,302,11,1.1945778387501398,0.7605185155255374,1.1945778387501398,1.0118956318923118,0.016281123645985683,0.9323658503782212,1.0574123881210538,1.1008475961068849,0.3
494,14,427,16,1.1945778387501398,0.7605185155255374,1.0481508002350945,0.9054286817768776,0.00737247088391062,0.856350641339397,0.9101133511612143,0.9696332535282011,0.7
495,9,277,11,1.2629271520039653,0.8461735274584805,1.2979675558783665,1.135628532442064,0.016841316699411586,1.0626415486023075,1.1280984946812542,1.254922495341235,0.1
495,14,406,16,1.2629271520039653,0.44950379162672677,1.1255333493098592,0.9364814475536374,0.033486323737150506,0.919252317965426,0.9500725409359465,1.0476624516575495,0.6
496,9,249,11,0.8126920843991509,0.6613244909870176,0.8126920843991509,0.692365995250744,0.0017421541738948294,0.6744501034087188,0.6760241091896111,0.6891311979777373,0.3
497,9,255,11,1.1741129110154036,0.8975687600740003,1.1741129110154036,1.0743728604623317,0.0054658604177462945,1.0396961190629999,1.0924885448833364,1.118790004763167,0.1
497,14,403,16,1.1741129110154036,0.8975687600740003,1.086165857132375,1.0188739165302128,0.003197954147076191,1.0144674933536695,1.023519516665701,1.0596497934336002,0.2
498,9,291,11,0.9841183639055651,0.6408224086205484,0.9841183639055651,0.7582103337913157,0.009601489982942961,0.6978489796095069,0.7238112135712009,0.7693609036897425,0.7
499,9,253,11,0.9885187808199172,0.8444137434235335,0.9885187808199172,0.9206832938119363,0.0018968224701288513,0.8891868491044115,0.928371885406957,0.9397280152188928,0.1
499,14,375,16,0.9885187808199172,0.8041338595204335,0.9390116947029565,0.8786210963004031,0.0020377458248650713,0.8472606290354014,0.8737185236842759,0.9193451062463791,0.4
499,19,505,21,0.9885187808199172,0.8041338595204335,0.8923497333051509,0.8599719144883295,0.0007246178988793642,0.8472606290354014,0.8688812707571634,0.8787902469588513,0.4
500,9,306,11,1.131578668607334,0.9686311327770027,1.140855938382193,1.081328074096338,0.0038044670904475455,1.0302390375469876,1.121199802235973,1.1309431283748488,0.1
500,14,436,16,1.131578668607334,0.9686311327770027,1.1184972031816567,1.0233559466302622,0.0017027211945779882,0.9989675114019135,1.0290625492757832,1.0384620017210033,0.2
501,9,185,11,0.32521610761894504,0.18913086015600067,0.32521610761894504,0.24488626185547996,0.0011784198754392872,0.23281772527121414,0.24084700312229745,0.25608628919247073,0.9
502,9,302,11,0.742502020893826,0.742502020893826,0.8643144063751883,0.8116478976126771,0.0016946993617341412,0.7943477110079369,0.8164718939709807,0.8424109777056707,0.3
503,9,252,11,0.9439663529745528,0.822006456302534,0.9555788080916678,0.9090869284098332,0.0016536538021124758,0.8934337746406115,0.9083500558266746,0.9439663529745528,0.2
504,9,267,11,1.1588449319231877,0.8303485841570397,1.2704315831917596,1.114571247427007,0.017047578815129177,1.047767179926678,1.1588449319231877,1.2157753902111545,0.2
504,14,402,16,1.1588449319231877,0.7136850918554185,1.1588449319231877,0.9853286896004766,0.014417541613977125,0.9784594577616941,1.0152242146856567,1.0523477633722256,0.5
505,9,291,11,0.8518254812113553,0.7889502219716042,0.946045134613773,0.8816202047993238,0.0017907222629683997,0.858737044505709,0.8875790268940345,0.8943732972804421,0.3
506,9,294,11,1.056905723608194,0.33831147072138396,1.056905723608194,0.804294985496082,0.06465701541513692,0.5773500658162004,0.8751789617560446,1.0445246529575214,0.5
506,14,425,16,1.056905723608194,0.33831147072138396,0.9489540391063752,0.7433663516005141,0.04143898335351533,0.5773500658162004,0.7926835275011248,0.930954953988829,0.9
507,9,279,11,1.149156294470306,1.149156294470306,1.3149635102260304,1.2536453661882434,0.003415587427259088,1.2326825880834735,1.2672115989333232,1.3038550925463066,0.0
507,14,393,16,1.149156294470306,1.0481765281758524,1.2655603864536435,1.1764269993203325,0.004172312828869084,1.1398366944368623,1.1586001025054504,1.2345607227522923,0.1
508,9,270,11,1.4191222247651847,0.7826721489502672,1.4191222247651847,1.055620180501238,0.026349320736112493,0.9926713365300472,1.0704899862619102,1.1096299895052102,0.4
509,9,251,11,1.2539140469724193,0.6504225746600183,1.2539140469724193,0.8215324509300258,0.040473554745917864,0.6609690131061536,0.7531879518474935,0.851705381651827,0.5
509,14,343,16,1.2539140469724193,0.6504225746600183,0.7383529677913685,0.6842680838877299,0.0009733567188320127,0.6556294764444158,0.6740341013852341,0.7075723066723771,1.0
510,9,279,11,1.2775597234977947,0.912297691970962,1.2775597234977947,1.0886863731548297,0.01703868209488532,0.9784813253089876,1.0661809319701372,1.2168882413564783,0.4
510,14,417,16,1.2775597234977947,0.912297691970962,1.0546630427426664,0.9996225370034038,0.002066353657588681,0.9703193129642252,1.0118542173625853,1.034543773412029,0.6
512,9,285,11,0.9082423913830489,0.58085642419258,0.9082423913830489,0.6865190134904718,0.0067002480251437775,0.6523581534974439,0.6709059517863724,0.6872504349915072,0.5
514,9,281,11,1.5454128964224794,1.2274409527765402,1.5454128964224794,1.3446520725698785,0.006879058011583787,1.2974123516383909,1.321509622233585,1.37872216951848,0.0
514,14,416,16,1.5454128964224794,1.1192461794600244,1.3134321140612202,1.246411275007593,0.003744120262033115,1.2184725188260872,1.2627119883732365,1.2957557268144662,0.1
514,19,560,21,1.5454128964224794,1.0615914263870456,1.2433324345847263,1.1779504337055116,0.002975318358906508,1.1585517511870074,1.174543352551579,1.224451474793056,0.2
515,9,296,11,1.2040064449179173,1.032989530479237,1.2288106788369186,1.187631927689268,0.0033324056992693357,1.2010021523341323,1.206262391215358,1.2214519045165555,0.1
515,14,444,16,1.2040064449179173,1.032989530479237,1.2040064449179173,1.1607584003058682,0.0025026105958154154,1.1405153316850565,1.1757503714065707,1.1993151607240677,0.1
515,19,579,21,1.2040064449179173,1.032989530479237,1.1665160049064611,1.126482617296342,0.001129166885624935,1.124666996796776,1.13387783911503,1.140960682127967,0.1
516,9,300,11,1.0892404798619553,0.7777153417654217,1.0892404798619553,0.9476188869486011,0.008384177494546697,0.88727166767336,0.9333097558468586,1.0286815214909237,0.4
517,9,287,11,0.9976398804693476,0.904048742500111,1.0685425506977029,1.0090209598588067,0.0016888512398390344,0.9976398804693476,1.020288058760527,1.0298966752801868,0.1
517,14,438,16,0.9976398804693476,0.904048742500111,1.0208430128781092,0.9931284138819588,0.0010044785594032365,0.9911649290369235,0.9976398804693476,1.0110851563929542,0.1
518,9,290,11,1.0600040465678127,0.9258252256414207,1.067075860043775,1.0111521915906767,0.0020669935534951855,0.9730099710460246,1.017878830836982,1.054360105156174,0.1
518,14,431,16,1.0600040465678127,0.9016281170034854,1.0128312273844549,0.967935890079078,0.0011068952232969448,0.9501491970670881,0.9728955292716543,0.9944773958629641,0.2
518,19,571,21,1.0600040465678127,0.9016281170034854,0.9775710820818406,0.9456816590207284,0.0005534428328164867,0.9308412072583172,0.9480854630922654,0.964310741098347,0.3
519,9,276,11,1.2820805812456055,0.21439620497147457,1.2820805812456055,0.8670832617020316,0.06859614278230046,0.8503717635335354,0.8700578144071488,0.8844547115157227,0.8
520,9,255,11,0.7886615328339754,0.41937416132078414,0.7886615328339754,0.6465850087051723,0.007480052085413892,0.6412155763814741,0.6563230078196913,0.6742970368298944,0.9
521,9,302,11,1.0422849042691222,1.0422849042691222,1.181559061857857,1.1210136059386744,0.003518597917780395,1.0532822602073644,1.1434808309539117,1.1754533580097286,0.0
521,14,437,16,1.0422849042691222,1.0422849042691222,1.1499620124880676,1.0887336186902794,0.001565673038334906,1.0451727557110593,1.0946161676704875,1.1181159287520297,0.0
522,9,302,11,1.175779723591219,1.062427881535982,1.175779723591219,1.1364852687867149,0.0011827799533030362,1.1176497148373363,1.1394966235372745,1.16528976832478,0.0
523,9,286,11,1.188597470264256,0.7344048946009077,1.188597470264256,0.9759827162600336,0.029851270247663923,0.8150710949681544,0.9618962000646261,1.156883929169343,0.3
523,14,413,16,1.188597470264256,0.44984750189877143,0.902841865240115,0.7833765116942049,0.014898304002253906,0.7714053490065553,0.803815471140385,0.8543651163543631,0.8
524,9,291,11,1.1590041114304594,0.558971363966551,1.1590041114304594,0.8622266900998371,0.02326379553266584,0.8274610969603123,0.8455997686623784,0.8685720614327649,0.7
525,9,210,11,0.8556781558304833,0.670980992782272,0.8556781558304833,0.7869823267156277,0.0022282670263713343,0.7681907714786012,0.7963935087437525,0.8160044072847096,0.7
526,9,252,11,0.8476036815875018,0.8476036815875018,0.9475875449572142,0.8961314367620744,0.0010601644261783417,0.8786674544909734,0.8999256420896067,0.9090539721976965,0.4
527,9,251,11,1.2016523227662423,0.9533232182816798,1.2016523227662423,1.0691824972532866,0.0066616994738534175,1.0196415492379387,1.0405308257974961,1.1446884762744745,0.1
528,9,300,11,1.2358090424290487,1.0956043658255554,1.2358090424290487,1.1682000970695896,0.0024089281053743332,1.1203934526557755,1.1775987349336394,1.2126072183989196,0.0
528,14,453,16,1.2358090424290487,1.0956043658255554,1.1846700442933202,1.1429631677934324,0.001098990469779503,1.1107513444301442,1.146418130765169,1.1746698328592609,0.0
529,9,276,11,0.8668946155043977,0.6959225878236852,0.9745622172966759,0.8923182637020611,0.005547486760597813,0.8701235133729143,0.9046196198535654,0.9377619164550957,0.5
530,9,295,11,0.846912860391567,0.7422231252911518,0.8585733752285741,0.8170424612024825,0.0015491890415511318,0.7898678419268436,0.8397890439936188,0.846912860391567,0.4
531,9,284,11,1.2730843756037007,0.8766632696224476,1.2730843756037007,1.052234276768642,0.021239400413479666,0.9247956227172907,0.9770474278415036,1.209023747163176,0.4
532,9,271,11,1.1927910889327626,0.6237918262486447,1.1927910889327626,0.7742769069899245,0.02715104772272341,0.6675964896325102,0.7147247927708872,0.778993821621119,0.7
533,9,290,11,0.7938517928103209,0.7167153817948531,0.797250685736183,0.7800140714011596,0.0006233742510607204,0.7793922888056699,0.7923341542352274,0.7941598074506881,0.7
534,9,272,11,1.0113179305993187,0.9023587316323283,1.0113179305993187,0.9667673072931147,0.0017408107615046943,0.9249453497572366,0.9843068824776381,0.9986241149748594,0.3
534,14,421,16,1.0113179305993187,0.8004024502464889,0.9841207254759621,0.9023215453199877,0.003349143579788892,0.8559078933065778,0.9093362895529451,0.9473952710119549,0.8
535,9,291,11,1.2168225948603162,1.0165581735032794,1.2168225948603162,1.0977379100966072,0.004279781166178403,1.0375538791834822,1.095344657298188,1.152040004062077,0.0
535,14,444,16,1.2168225948603162,0.9477857877634845,1.0852131119004262,1.0220936516912595,0.0017332899853828702,0.9971845690442083,1.0241104011300155,1.0474749556886742,0.3
536,9,287,11,1.1387598415528126,1.0901551770479307,1.1500449159688666,1.1262611796848034,0.0003342252163505872,1.118665591364648,1.1301439195157479,1.1395704502805328,0.0
537,9,301,11,0.8325656785791354,0.5871354007407138,0.8325656785791354,0.7570652317900797,0.006697610223140212,0.7553350175052318,0.785038671351278,0.8107704177713236,0.5
538,9,308,11,1.2205829371211343,1.1854245887962143,1.3391795162428923,1.2626709879068525,0.0028423575291739362,1.2214858778539308,1.2372000820197089,1.31934248263373,0.0
538,14,443,16,1.2205829371211343,1.0505003585312016,1.2997302914015705,1.2082628543226002,0.0037594752495341195,1.1942141758774443,1.2223888185867273,1.233353133273272,0.1
539,9,209,11,0.780780472300719,0.44501844977491156,0.780780472300719,0.6240807433915839,0.008411880313562317,0.5734547378407804,0.6066353610532109,0.6909731755409468,0.9
540,9,240,11,1.3479786107111662,0.5652582781093696,1.3479786107111662,0.7600867108421991,0.05595715091648308,0.6408216500703742,0.6577383704184212,0.6923632459459971,0.6
541,9,261,11,1.0249038664344265,0.4546540917747329,1.0249038664344265,0.7911530092659341,0.024881293166986056,0.7586753592289937,0.7944797340403793,0.890760969092116,0.7
542,9,279,11,0.7643133921846563,0.6823291366659981,0.8145957710218711,0.7355950066101289,0.0017348972465703904,0.6973040077994099,0.7368978123223808,0.7643133921846563,0.3
542,14,411,16,0.7643133921846563,0.6541802980731175,0.747626981382319,0.7049809408085811,0.0007400786811417853,0.6860551740857366,0.7039492501851821,0.7269455124998453,0.5
543,9,301,11,1.0181162376033503,0.9090668469653933,1.0332489671203733,0.9871204695946864,0.0014503661187801498,0.9600481034867006,0.9980910462958685,1.0181162376033503,0.0
543,14,451,16,1.0181162376033503,0.8285240653114915,0.9933103162208055,0.9372077518944876,0.0027799956730816845,0.9141957987426097,0.9532209721180833,0.9817200695516066,0.2
543,19,584,21,1.0181162376033503,0.8285240653114915,0.949304080105026,0.9001901439793105,0.001321994759842592,0.8744464027110441,0.9107455278495581,0.9263736108398407,0.4
544,9,277,11,0.9776605282187952,0.6823115847148118,0.9776605282187952,0.9108749869826852,0.007270054774860207,0.9103449292293926,0.9468290096418597,0.9627375492111595,0.7
545,9,263,11,1.1642722426931487,0.4567691602935376,1.1642722426931487,0.8227731571838589,0.031743167632299285,0.7781057600587719,0.8409330639420672,0.8505295527165181,0.8
546,9,274,11,0.6424307699721625,0.5292932869482683,0.6424307699721625,0.5797613151036097,0.001083820680046629,0.5528424858491117,0.5749350050678406,0.6036427229159864,0.6
547,9,250,11,0.9558158304834412,0.6944508315572482,0.9558158304834412,0.7988721866691618,0.006244737770089746,0.7460555927730556,0.7816717916657776,0.8174196417283692,0.8
548,9,283,11,1.4512595538534538,0.6561740029305551,1.4512595538534538,1.1523551240921819,0.09108008695801498,0.8589098132846595,1.2774867494678337,1.4102937376557803,0.3
548,14,402,16,1.4512595538534538,0.42583606780130706,1.2289470998178318,0.778936917433819,0.05003803920299743,0.6742493871698844,0.7270473852010637,0.7574538127499884,0.8
549,9,259,11,0.6044452388952223,0.6044452388952223,0.8596974127761627,0.7471914382145849,0.007973921513056852,0.697534590650206,0.7634845975777691,0.8109337971324426,0.9
550,9,271,11,0.7145055988007216,0.5983287881142064,0.7145055988007216,0.6519911559202927,0.0010495633681082714,0.6334256177140699,0.6522751227122623,0.6712643627175336,0.8
551,9,276,11,0.5084282703550249,0.4542010729466318,0.5864593369632921,0.507356499693916,0.0009946539059677297,0.49508442262064767,0.5039026694304597,0.5084282703550249,0.7
552,9,264,11,0.8955043489220272,0.6476342984653805,0.8955043489220272,0.7703841670773748,0.007282432260334487,0.6988903641297117,0.7603128566377051,0.8419043508167318,0.4
552,14,341,16,0.8955043489220272,0.5933341779784003,0.7568106004304256,0.6952052654176781,0.0019233360114723687,0.6810550145145313,0.7107823378513569,0.7177785126252024,0.8
553,9,263,11,0.8201401757321306,0.7429777214601829,0.8201401757321306,0.7772282026537857,0.0004759201056331483,0.759552646243626,0.7796121174105717,0.7886660107114631,0.6
554,9,295,11,0.9359062439150505,0.9001323785859738,1.0489345988436247,0.9637507552611606,0.002434727032513368,0.9355915241080293,0.9392212852641543,0.9956271717054008,0.6
555,9,248,11,1.4310248412003799,0.4052489412625505,1.4310248412003799,0.7339879728431855,0.08606363208898148,0.5553854575588341,0.6175401350431657,0.7987839795959957,0.6
555,14,348,16,1.4310248412003799,0.4052489412625505,0.6599196139687126,0.5774770305532659,0.004952011967982199,0.5514579513746738,0.5869851992967078,0.6254404825415609,1.0
556,9,274,11,0.881142906851273,0.7554496452336256,0.881142906851273,0.8301019538268456,0.0015972453756945518,0.8048110059330651,0.8204040870006852,0.8728779128579555,0.7
557,9,270,11,1.449307611200079,1.255099659738689,1.449307611200079,1.32785964472033,0.0022714164544712723,1.3054091401048213,1.3179341639104103,1.3317889747640985,0.0
557,14,421,16,1.449307611200079,0.9866844665486209,1.3173937950663321,1.2359436544060665,0.00867643105449269,1.2115709008867508,1.2504908777454626,1.302675155796881,0.0
557,19,553,21,1.449307611200079,0.4518774099898225,1.2458820957522363,0.9142513066653954,0.07926606969104984,0.6605325003265304,0.9073702186109465,1.2016800251577067,0.4
557,24,683,26,1.449307611200079,0.4518774099898225,0.8280559706732721,0.6861051584363953,0.00870607664031257,0.6523656116276849,0.7070654718986353,0.7357031029331949,0.9
558,9,284,11,1.1564010953723796,0.7365212399622476,1.1564010953723796,0.9653444728474462,0.024464811493146388,0.8077352501592718,0.9677330043977151,1.1208578124735953,0.4
558,14,404,16,1.1564010953723796,0.7365212399622476,0.9511612163748713,0.8670956989967984,0.0056895551383581485,0.7934376587978831,0.8943038669737093,0.9347861578001583,0.7
559,9,291,11,1.040651427792758,0.6044655111933203,1.040651427792758,0.820255875787425,0.016580324384470168,0.7824352573076715,0.7982359857586586,0.856686424871344,0.6
560,9,292,11,1.3646216966592741,1.1188566562400586,1.3646216966592741,1.2264892704922405,0.0037018639607996734,1.199157288811736,1.214353107133498,1.2383740299056,0.1
561,9,281,11,1.1786523932975574,0.9035439678368344,1.1786523932975574,0.9916816665122614,0.0063608805207577375,0.9370846276522523,0.9473457016957949,1.0413173933282487,0.0
561,14,429,16,1.1786523932975574,0.5339630955049645,0.9507980041871527,0.8252532657393858,0.026151805481480328,0.684351255281414,0.9199736248887933,0.938083826466973,0.3
561,19,532,21,1.1786523932975574,0.5339630955049645,0.9035439678368344,0.7510508061090493,0.017249732247758193,0.6276994176952924,0.7759677980779452,0.8818545060849865,0.7
562,9,273,11,1.0969192051400671,0.9197770946386461,1.0969192051400671,1.011657840916524,0.0026527347634980724,0.9799268117967455,1.007825678849357,1.032749674652411,0.0
562,14,416,16,1.0969192051400671,0.9197770946386461,1.0244525550009875,0.9834856904561018,0.0007400395038803367,0.9741405395011908,0.9813465225871167,0.9998373124095465,0.0
562,19,553,21,1.0969192051400671,0.8266502817706942,0.9785071010063742,0.9142949073085674,0.0032153405215444067,0.8635441470879708,0.9193954113735157,0.9721731645935207,0.4
563,9,305,11,1.3169348613133849,1.1650126670556364,1.3169348613133849,1.2302386131803402,0.0017739954628371187,1.2142068155896497,1.228397393134744,1.2550549974434906,0.0
563,14,447,16,1.3169348613133849,1.133176588983241,1.231062694022357,1.1925836127744347,0.0008343593775110659,1.174807373764668,1.1935334515581066,1.214729428066525,0.0
564,9,301,11,1.2834303056881404,0.8241878372126756,1.2834303056881404,1.0602459406471774,0.023057872820950728,0.9092387163828327,1.119889880684041,1.162970673179543,0.3
564,14,441,16,1.2834303056881404,0.8241878372126756,1.1114333473863356,0.9399120211906753,0.006559400554429553,0.8786884373532239,0.9449935521376116,0.9614624741995543,0.5
565,9,292,11,1.0590248261934379,0.8873467954372332,1.0590248261934379,0.9655000719102842,0.002013326705795988,0.9398850191281182,0.9682890428068598,0.9769611663660495,0.2
566,9,299,11,1.150061907837628,0.937358504839293,1.150061907837628,1.020167205481987,0.003040123128934715,0.9831342522898092,1.0163548814798027,1.035670427231536,0.1
566,14,449,16,1.150061907837628,0.7553243225380474,1.0147081005178433,0.9549030048359125,0.004945442254732252,0.9480095342962066,0.9761777400258074,0.9912514426287502,0.3
567,9,299,11,0.8823139383112198,0.7144089023432978,0.8823139383112198,0.7865783105607663,0.002733722303383637,0.7536560278789426,0.7738868911430721,0.7899639489031938,0.4
568,9,294,11,1.2686185672806942,0.4760213212040586,1.2686185672806942,1.0685451813097189,0.05591494511626146,0.9526472392698078,1.1940608225992353,1.222858425298607,0.3
568,14,438,16,1.2686185672806942,0.4760213212040586,1.1904180340741528,0.9447968706485135,0.03232066597671631,0.9071033175757359,0.9789918097327164,1.0125626121313254,0.6
569,9,282,11,1.0328281273316338,0.7979964174147893,1.0328281273316338,0.9123206451818241,0.0035491154802062426,0.8782716059293583,0.9138376750411867,0.9455278518558651,0.3
571,9,265,11,1.6280077933076988,0.8494409970211891,1.642192520065085,1.4495020935497693,0.06865722445466182,1.3475196564854248,1.5997460294487102,1.625007727365412,0.0
571,14,369,16,1.6280077933076988,0.4990682912948526,1.5840724315194568,0.9710959232076892,0.13290792254660883,0.7255814887188632,0.7955478418878535,1.23952960961566,0.5
571,19,457,21,1.6280077933076988,0.4990682912948526,0.8271757782348419,0.7307253353495873,0.00827223590479257,0.7255814887188632,0.7520510206833614,0.7844432278247554,0.9
572,9,268,11,1.1163942345425382,0.6298150747659896,1.1163942345425382,0.850568680251142,0.017203727579624146,0.7906016662701387,0.8234713136371301,0.8452740081356969,0.8
573,9,278,11,1.0943131181064745,0.6950172127182627,1.0992851775928105,1.0180974958454054,0.013984676485833347,1.0097496228722245,1.0676503816716187,1.0906570371429725,0.2
573,14,409,16,1.0943131181064745,0.6950172127182627,1.0617202384330693,0.9454923055848715,0.009239087342927716,0.9349393522544827,0.9521557379019133,0.9886432062471693,0.5
574,9,293,11,1.126960673489714,1.0479943433240784,1.2255073763690694,1.156910737313662,0.0035793911334867923,1.126960673489714,1.1814923708544887,1.1957670405899563,0.1
575,9,310,11,1.2012776225398725,1.0205913756218408,1.2012776225398725,1.1117582542615716,0.0021302155684759815,1.0932064858101573,1.114688882359308,1.1311122258895223,0.0
575,14,462,16,1.2012776225398725,0.9650405524895684,1.1146877071790036,1.0366412478625866,0.002683134550188333,0.9895751935923924,1.02866624816623,1.085223447390424,0.0
575,19,604,21,1.2012776225398725,0.9650405524895684,1.0365772167023435,1.0115326551910633,0.0007004805886250558,0.9890706922156329,1.0238144249027936,1.0314191925010532,0.0
576,9,303,11,1.2843973566857003,1.2124994235943258,1.3606921691601603,1.2790357875340903,0.0018749501259384866,1.2446834571806784,1.2843973566857003,1.308754784663743,0.0
576,14,441,16,1.2843973566857003,1.1060254081438528,1.2843973566857003,1.1989598446210252,0.002908425610922836,1.1719934616357965,1.2008886160364334,1.2345759105585692,0.0
576,19,578,21,1.2843973566857003,0.8751377846171791,1.189277808478541,1.089919106705254,0.010549938329274026,1.0484646734879113,1.1324991673765297,1.1671304201197665,0.2
576,24,722,26,1.2843973566857003,0.8751377846171791,1.1270872304782462,0.9920088923958892,0.005631440910448515,0.9409406537023688,0.9776980503712767,1.02388130485594,0.7
577,9,302,11,1.1946707077313503,0.93704669230701,1.1946707077313503,1.0962118695980752,0.005606789277546928,1.0442365426310984,1.1180099111126531,1.1519001930871284,0.0
577,14,445,16,1.1946707077313503,0.49232254498050015,1.1097601654359035,0.9332709714631202,0.02712828079487258,0.8909809789864297,0.9634252344907825,1.0389590852142445,0.3
577,19,582,21,1.1946707077313503,0.49232254498050015,0.9560145738600545,0.8564519039641375,0.015890246098381043,0.8675296016029398,0.8782219418651132,0.9268533188454349,0.8
579,9,292,11,1.4619795544215632,0.9624945460043526,1.4619795544215632,1.087216401742719,0.017098867833188168,1.0281272278280094,1.0465243679082148,1.0780063285544328,0.4
580,9,278,11,1.159666951159605,0.9646242440896006,1.159666951159605,1.0666824036190694,0.002292905911660032,1.0449047032903998,1.0683109314953971,1.088646848380132,0.0
580,14,420,16,1.159666951159605,0.9154085350849076,1.0658773049630996,1.0227566282904117,0.0019436816273997368,1.0280323608602626,1.0383656249967244,1.0463473693763687,0.1
580,19,561,21,1.159666951159605,0.9154085350849076,1.0348243327381204,0.9860963610200282,0.0016182869360600884,0.9671768735422936,0.9818537901709454,1.0248088044126924,0.2
581,9,285,11,1.207360286173156,0.9104353054935183,1.2494950351128655,1.190735648324054,0.009195975826588506,1.203846501820945,1.211809737998444,1.2440461170977115,0.1
581,14,429,16,1.207360286173156,0.9104353054935183,1.207360286173156,1.1230203064343018,0.010044077920470731,1.0714452127091598,1.1709814517202628,1.1974611483233726,0.3
581,19,577,21,1.207360286173156,0.9104353054935183,1.1633897269587818,1.0783020477026484,0.005792887795086958,1.0500182865503138,1.1043439137809776,1.1351401623086654,0.5
582,9,286,11,1.1773432681626437,0.8881391002141051,1.1773432681626437,1.0654678741687034,0.006726330909592844,1.0321862977907637,1.070694142835892,1.1245749008783943,0.2
582,14,423,16,1.1773432681626437,0.8881391002141051,1.0689413073685627,1.0097261835845206,0.002701578463506647,0.9830465471670761,1.0135099517941557,1.0522286164316674,0.4
583,9,273,11,1.3347827893936426,1.0387343798315185,1.3347827893936426,1.253133441782928,0.005795584327416327,1.2480476714888438,1.269573045577206,1.2861971699277386,0.1
584,9,276,11,1.3200780997291879,0.4061204130112019,1.3200780997291879,0.9347104096115387,0.06706082394589512,0.8438825130834284,0.9416447897892052,1.1138033035042423,0.6
586,9,288,11,1.005496671395282,1.005496671395282,1.2316184279268185,1.1274291225474191,0.006164868036784835,1.0811377201956178,1.1320505791165072,1.195428818891941,0.1
587,9,271,11,1.0252628326199786,0.6579070740913903,1.0252628326199786,0.8479803174801596,0.011659623837861137,0.80035061129211,0.8481272202424044,0.8602797986072273,0.8
588,9,281,11,0.6866056177033081,0.586697202960739,0.6866056177033081,0.6613193674475062,0.0009087904508262428,0.6518976943910597,0.6713123121221096,0.6836053649783214,0.6
589,9,283,11,1.0690088309566745,0.9297693552398052,1.1329054988706584,1.0736562549493678,0.0036725336164876075,1.0662051885699697,1.0826202085738155,1.1214715099625951,0.0
589,14,430,16,1.0690088309566745,0.6361579326204203,1.0690088309566745,0.8496130225853598,0.034367790003718215,0.6547323883068012,0.8467568413202728,1.0503932943837389,0.4
589,19,562,21,1.0690088309566745,0.6361579326204203,0.7661955375516661,0.70303952517023,0.0022953459169135684,0.6547323883068012,0.7182564945664873,0.7369709925079319,0.8
590,9,292,11,1.149386264078541,1.008306463223712,1.149386264078541,1.0768210991950706,0.0018758465708915216,1.051770906249727,1.066100254571761,1.1124315412468677,0.2
590,14,423,16,1.149386264078541,0.9776453520304823,1.0849992683718184,1.0343257940595845,0.0011474501941847585,1.0111396241928745,1.0386070168348,1.0586797638311798,0.5
591,9,282,11,1.3121085626902835,1.0340229420988836,1.3121085626902835,1.1698432837376995,0.005312788057654851,1.1311816741937442,1.1678922496751947,1.2120343159519509,0.0
591,14,429,16,1.3121085626902835,0.9698844196683943,1.1750889796466233,1.0921355455391946,0.0044158272374945585,1.046391485500566,1.1161511906831847,1.1377608457990278,0.2
591,19,579,21,1.3121085626902835,0.9203896949921115,1.1077995031822097,1.0413826309978647,0.0035757972265689003,1.0061577846209628,1.048305565737844,1.0961371595423373,0.3
592,9,178,11,0.7429114167955022,0.4286218781949569,0.7429114167955022,0.5530667278203069,0.009839091090050257,0.4888674206744457,0.5238914451862255,0.5672618369631482,0.8
593,9,307,11,1.313759145497246,1.0822311428666234,1.313759145497246,1.225915525630153,0.0067402702702378525,1.200366938877908,1.232152129954358,1.3034843860566954,0.0
593,14,437,16,1.313759145497246,0.8492227050381973,1.2096909746193651,1.0749496626384052,0.0119936307152688,1.0112420531941262,1.0855416353398362,1.1756746759841552,0.4
593,19,561,21,1.313759145497246,0.8492227050381973,1.0822311428666234,1.0109961787339263,0.0036317335274199925,1.0071874626360073,1.0319088689890097,1.038617810663602,0.7
594,9,294,11,1.2780615563893594,1.1190036248891053,1.2780615563893594,1.20953380053356,0.0014929765980275698,1.195561458568024,1.214596569432488,1.227939207077563,0.1
597,9,283,11,0.7612610213444606,0.7532809482410125,0.9161773259433805,0.828564532423201,0.002918629856110648,0.7739683464964182,0.8332911758586277,0.8710848493002625,0.2
597,14,396,16,0.7612610213444606,0.6155562664881663,0.8129077465749828,0.757855323962172,0.003227631232377325,0.7434205788411854,0.7612610213444606,0.8068549789597661,0.5
599,9,269,11,0.771472913499092,0.5983223982520837,0.771472913499092,0.6808185923022868,0.004738434923885368,0.6026763417881561,0.699395530497243,0.7344040470644402,0.5
600,9,287,11,0.926508464730029,0.608838288692667,0.926508464730029,0.7864661480884372,0.00661802240247829,0.7460386908608491,0.7937238722505178,0.8207798948516917,0.7
601,9,278,11,1.1110064750544077,0.6890857108544322,1.1110064750544077,0.8650688160612807,0.01713254520935818,0.7691319456064316,0.8030456116781002,0.955268129534073,0.6
603,9,268,11,1.0376222150570567,0.8861639893144133,1.0376222150570567,0.9695744922055738,0.0024417099760899873,0.9449752197768178,0.9637472855981021,1.013940985652515,0.3
604,9,278,11,1.2206935738441445,1.0663016681408162,1.2206935738441445,1.1518555083325532,0.002172314007107303,1.1176613177313997,1.1545251092470599,1.1842100101397937,0.0
604,14,419,16,1.2206935738441445,1.0150634904387785,1.1541158086040628,1.086384702613297,0.0016305892131318305,1.0650889336568943,1.0850806442617817,1.1079028499470396,0.1
606,9,245,11,0.823035728596555,0.6256561008756258,0.823035728596555,0.7063650368881589,0.0033918834506745585,0.6626141227823994,0.7025598575196053,0.7235815742842323,0.8
607,9,253,11,1.218578420715819,0.7555782746540783,1.2540390353836701,0.9864092434948191,0.030539540684513276,0.8443660600502477,0.9361724883733783,1.1685017806232558,0.6
608,9,297,11,1.130875765885819,0.9247640615807673,1.130875765885819,1.0350120642411855,0.003532145083253889,1.0132033717274918,1.0364758413174178,1.0700787635555618,0.1
608,14,449,16,1.130875765885819,0.9247640615807673,1.036252821590371,0.9836622021899117,0.0012314310987997154,0.954946669996084,0.9814199101312407,1.0072545797100085,0.1
608,19,592,21,1.130875765885819,0.8960447199069476,0.9684511855283233,0.9354254863300209,0.000658110161343314,0.9149762938473035,0.9372753045808062,0.9574509003915819,0.5
609,9,273,11,1.4079039037176337,0.8369328702382447,1.4079039037176337,1.06809901403442,0.0409499588692681,0.916197647593583,0.9640546762137978,1.266675709195112,0.3
609,14,409,16,1.4079039037176337,0.8369328702382447,0.9385588482404124,0.9011210457131746,0.0012529949404221801,0.8865992884982112,0.9171408323611663,0.9267340245612666,0.6
610,9,289,11,1.0666592622793662,0.8940518495548375,1.1133266292812014,1.0251630768593007,0.0045759229488731715,1.0062194879423259,1.0407483998054192,1.0666592622793662,0.1
610,14,408,16,1.0666592622793662,0.8940518495548375,1.0170128355311345,0.9532370356405778,0.0017555943057252661,0.9256186637222956,0.9329958273397845,0.9933867390355469,0.1
611,9,290,11,1.0605131414879918,1.0605131414879918,1.2094363570319986,1.144904450829718,0.0034324326572425035,1.0933575118582661,1.161006525482013,1.2019546968128845,0.0
611,14,425,16,1.0605131414879918,0.9785477306304289,1.155186848736297,1.071705941916683,0.0019532322266531386,1.059168084659669,1.0710767250661914,1.094430750077901,0.2
612,9,267,11,0.8754511575012609,0.6045542244787225,0.8806540901194362,0.7404738617407924,0.012061851043791896,0.6543716146784191,0.6950781691030338,0.8693592202078687,0.6
613,9,299,11,1.3269708282035881,0.8190797957456131,1.3269708282035881,1.0534197411407016,0.029299059623682993,0.9039442587381128,1.0264395991917459,1.1738918275043102,0.2
613,14,427,16,1.3269708282035881,0.8190797957456131,1.013725576602262,0.9081155890928132,0.0031816157770568057,0.8700972902687255,0.8993623060812768,0.9515346064799073,0.3
613,19,551,21,1.3269708282035881,0.804479071258832,0.9355717945745364,0.8789817959666936,0.001849390822110952,0.8494192690493425,0.8856584974195019,0.9100467948129007,0.4
614,9,214,11,1.2035052886497126,0.6316931446146632,1.2035052886497126,0.8415413959762285,0.023483977455660027,0.7307311701870085,0.8352724199307412,0.858879135054134,0.7
615,9,265,11,1.1931419530781813,1.0176571542011,1.1931419530781813,1.1167016042864177,0.0023812818132574434,1.1003722843127788,1.1144037968628502,1.1294106343418404,0.1
616,9,281,11,0.4876869663552553,0.44760197825474446,0.6301250301741858,0.554692759160648,0.0050139118824728355,0.4876869663552553,0.5916459366025033,0.6168136418938901,0.8
617,9,264,11,1.0302355891611028,0.9643149708942625,1.0779933943298188,1.0387766178092008,0.0009069766112212295,1.0302355891611028,1.0458858952481789,1.0497459409249161,0.1
618,9,254,11,0.9094100620524505,0.6362042013193631,0.9094100620524505,0.815433301425849,0.0069168403244509735,0.8084046226037997,0.8276157408408837,0.8796391285832438,0.5
619,9,281,11,0.9241208368336056,0.6728915167100306,0.9241208368336056,0.8355037000677592,0.004348183950959442,0.8207746381139215,0.8337601305408086,0.8546815048005603,0.7
620,9,233,11,1.23271047734518,0.5446414690776712,1.23271047734518,0.8314429294574726,0.05003415697325686,0.6923412312288577,0.7177574855461105,1.0073077413712233,0.3
620,14,326,16,1.23271047734518,0.5446414690776712,0.7123708744642525,0.6735584740189754,0.002212758801554999,0.6635922810879161,0.6896077321209481,0.7013394125592164,0.8
621,9,297,11,1.1651999430872522,0.4480522980443507,1.1651999430872522,0.8154859356801349,0.06503771461879784,0.5739721591105381,0.9122184716911812,1.0319136732335705,0.4
621,14,432,16,1.1651999430872522,0.4480522980443507,0.8959210440551917,0.6676760378559621,0.025593037497230065,0.5538722342857318,0.6228755033782736,0.8199763320840588,0.8
622,9,294,11,1.0441923887270181,0.6332467033404552,1.0441923887270181,0.7698987657707449,0.012782978341047815,0.6980528994310439,0.7337644450489964,0.8140992876911959,0.6
623,9,278,11,1.3118787604477637,1.3118787604477637,1.4845516910166023,1.4309570813647086,0.004343114817117365,1.399750885450597,1.467256750854625,1.4765760460910888,0.0
623,14,419,16,1.3118787604477637,1.235147002651066,1.4671787894395152,1.3477754923328686,0.0047520986015850124,1.3118787604477637,1.331604099102384,1.375152233136955,0.0
623,19,564,21,1.3118787604477637,1.166883133926766,1.3535166104598118,1.2863070885158527,0.004049218397106784,1.248266078971636,1.3118787604477637,1.3354335833147695,0.0
623,24,693,26,1.3118787604477637,0.8530412639402716,1.3118787604477637,1.1019444178423863,0.021860549891341365,1.000346038203847,1.0929020460971064,1.2229944112187359,0.5
623,29,812,31,1.3118787604477637,0.8530412639402716,1.0725364316202506,1.0006486708968791,0.0033168514719331037,1.000346038203847,1.0164192364924416,1.0211759064991908,0.8
624,9,260,11,1.3276063086224152,0.6432451117842581,1.3276063086224152,0.8819484502946379,0.07717869008119368,0.6744363624126473,0.7233307947577179,1.1371255938839637,0.5
624,14,364,16,1.3276063086224152,0.6432451117842581,0.7335008400411609,0.6841011475700278,0.0009644424852348788,0.6577815346437701,0.6786086264985761,0.7055236724864016,0.9
625,9,297,11,1.038951859929098,0.919809643324432,1.048366699428792,1.0016893316753264,0.001771490351462923,0.9841284069066194,1.006306821553352,1.038951859929098,0.3
626,9,271,11,0.8789435791799585,0.6124525909290072,0.8789435791799585,0.7953570308950271,0.004532176865315752,0.7842751831260536,0.8112851790699735,0.8201182323431663,0.8
627,9,291,11,1.2584031774796562,1.099943643923884,1.2584031774796562,1.1367579623324715,0.001999306954431361,1.1070532571431915,1.120784064179192,1.1470860774441556,0.0
628,9,294,11,1.2351179731731206,1.0768191270398515,1.2351179731731206,1.1801980257788487,0.002342627753634332,1.1586804219465128,1.1952498948195336,1.2172447270099749,0.0
628,14,437,16,1.2351179731731206,1.0490115474101005,1.2009018733429544,1.1369195204914362,0.0021002530195277903,1.114372030825461,1.1478893148722156,1.1674925707410975,0.0
629,9,289,11,1.0367937510703022,0.7888970629713575,1.0367937510703022,0.8948828877421402,0.0037494504433157974,0.8703965360587975,0.895108960519294,0.9132947001107261,0.5
630,9,256,11,0.4325527497820001,0.42975598163358775,0.4594664552482196,0.44083440625404524,6.956645361863891e-05,0.43373902548012006,0.4405303991379649,0.4444299368255994,0.9
631,9,272,11,0.9886830311230571,0.7567033887703036,0.9886830311230571,0.8754276326260048,0.0031083181342252365,0.8530435792316615,0.8704326338633255,0.9028999728651661,0.5
632,9,285,11,1.4839950734838974,1.2566097629494595,1.4839950734838974,1.3077026794938875,0.004109029553965056,1.2651195478931314,1.2926726469484664,1.31785054562299,0.0
632,14,412,16,1.4839950734838974,1.0623471658226609,1.3142867812583319,1.230551724678819,0.005001057496652803,1.215182309140584,1.260677043852576,1.2674185587609943,0.1
632,19,541,21,1.4839950734838974,1.0623471658226609,1.2602141316140605,1.2018539343594032,0.0032741401514883315,1.191908391122996,1.2128680153088442,1.2472491289741339,0.1
634,9,282,11,1.1188485130263413,0.8969463748090614,1.1791017945367515,1.071414649792745,0.006889063488016055,1.0774114111330721,1.0965401765869398,1.1182684299648376,0.2
634,14,395,16,1.1188485130263413,0.7561670944416645,1.0882670813079791,0.9536956567643056,0.010488129460256066,0.8880535464018381,0.9541023205411902,1.0519107008354354,0.7
636,9,297,11,1.2083840333638596,1.036422974040364,1.2144000944441198,1.1706883843965552,0.002428685141332619,1.1578724194572072,1.1867417793495263,1.204392075201509,0.0
636,14,441,16,1.2083840333638596,1.034942682073345,1.1851529994179624,1.112185012920537,0.003318762009634464,1.0574496394300135,1.1217884398909255,1.1599405191174386,0.0
636,19,593,21,1.2083840333638596,1.034942682073345,1.1492641165417992,1.0822847483961016,0.001427272825515203,1.051192558225777,1.081433524531126,1.1073378801784715,0.0
636,24,730,26,1.2083840333638596,0.8048615155483969,1.0879968690166577,0.9881549298718145,0.008150645150678659,0.9267209686518161,1.0356828280568546,1.0514927144473611,0.2
636,29,851,31,1.2083840333638596,0.6103463510670456,1.034942682073345,0.8731978710769237,0.011000234167306104,0.8489382492073086,0.8979825448203249,0.9228015267862233,0.7
637,9,276,11,0.8353345313040712,0.6958937374015103,0.8353345313040712,0.7552270850031022,0.0017248938735716258,0.7315986961664066,0.7450282016434299,0.7681247034280811,0.1
638,9,306,11,1.3336676867938393,0.8353418497715555,1.3336676867938393,1.063437366609149,0.027003420412156347,0.9421393989100073,1.0016916314341984,1.1657715716106765,0.2
638,14,450,16,1.3336676867938393,0.8353418497715555,0.9839376629061968,0.9402129938665917,0.0015555135720158558,0.9314531085864783,0.9489383677699758,0.9606970873580631,0.3
639,9,306,11,0.9275269049096941,0.7407216528430957,0.9275269049096941,0.8459076848052417,0.0035916914331633534,0.8104632045797423,0.8495945512978215,0.8918193336868196,0.4
639,14,455,16,0.9275269049096941,0.708052295110221,0.8449444042439378,0.7924458817744794,0.0019622604156567048,0.7559152228948051,0.8120417865552712,0.8287429166224545,0.7
640,9,282,11,1.1784241812434828,1.0546195411896027,1.2086550745458198,1.1473300095651888,0.0026513311902705483,1.100243874867189,1.1784058167145797,1.1840768218906566,0.0
640,14,405,16,1.1784241812434828,0.9262493521482138,1.1783874521856763,1.0709968446494371,0.004018587816551705,1.0573404840606506,1.0827177598148143,1.0934105586048828,0.2
641,9,270,11,1.2376594903816107,0.7018010522766209,1.2376594903816107,0.9392321406858095,0.03760001349391693,0.7778897630773138,0.8540700692681091,1.1219895598993965,0.6
642,9,282,11,1.0256711942753107,0.9794227853042928,1.0861375612768778,1.032901471786972,0.0011370591418841528,1.008884986405287,1.0256711942753107,1.062749777003243,0.5
643,9,296,11,1.2942842272235666,0.8102659508416409,1.2942842272235666,0.9530468081870141,0.022887391359623817,0.8481562744582267,0.8875344114809608,0.9984698150460125,0.5
644,9,286,11,1.007667284587055,0.9142236550028026,1.1481805959521727,1.0371735415434324,0.0037044410434530573,1.007667284587055,1.0250837346173456,1.0743210851963974,0.1
645,9,281,11,0.8517443113373537,0.46743871733397135,0.8517443113373537,0.669385330624262,0.015785377520256,0.5458069855787863,0.704245210103892,0.7753218059326784,0.6
646,9,250,11,0.8251266700127001,0.6881532754441665,0.8272119628759482,0.7925226340156147,0.0017023261172229131,0.7966967160226233,0.8036857136680665,0.8217498079447039,0.2
647,9,285,11,0.9722894672581333,0.6994997677546562,0.9722894672581333,0.7788445990344524,0.004930614912415148,0.7449908663887204,0.7609877477890673,0.7882244073827308,0.4
648,9,271,11,1.2854815923501042,1.0535074262036095,1.2854815923501042,1.2329276209666102,0.004777887566337692,1.212417621052872,1.2658078052924322,1.2704486192788986,0.1
649,9,241,11,1.1255624913221618,0.7739756394698789,1.1255624913221618,0.9998461126066018,0.008784857799141284,0.9850928484554275,1.018112123597823,1.049495374452996,0.7
650,9,287,11,1.1869104464376716,1.013407631870935,1.1869104464376716,1.0877860683343328,0.0033092499948700685,1.0444109092423637,1.0583313131773129,1.1391559254591062,0.0
650,14,415,16,1.1869104464376716,0.9170915345487521,1.0633364007209838,1.0052038749707086,0.002634251857036411,0.9731244145617532,1.0253633567748448,1.0499425555836737,0.2
650,19,559,21,1.1869104464376716,0.8241754467740743,1.013407631870935,0.9157382855233352,0.003360060952878938,0.8747704983837441,0.9219199934909116,0.961898610195208,0.7
651,9,279,11,1.3167493542452808,0.9863201375349203,1.328458826945512,1.158648232792539,0.01756176114607328,1.048466801664476,1.1059567764724352,1.3125779640268012,0.4
651,14,411,16,1.3167493542452808,0.9863201375349203,1.113616960524104,1.0556841712989622,0.0012425736119149565,1.0405288787358085,1.0518053616439436,1.0785313318829581,0.7
652,9,286,11,1.1768062307345428,1.089144611508704,1.1768062307345428,1.1268830395387597,0.0008143858097355072,1.1064574977142703,1.1162056387843062,1.1489679304775895,0.0
652,14,428,16,1.1768062307345428,0.6980396884732398,1.1116612458436028,0.9681614409743592,0.025172803116967863,0.8203593121770749,1.0695995429203657,1.103890798469763,0.4
652,19,561,21,1.1768062307345428,0.6980396884732398,1.0500544743320273,0.8825412640743391,0.010963265813030563,0.8161867548302201,0.8803474887858133,0.9721598521184887,0.9
653,9,275,11,0.927007856571451,0.8042922680450395,0.927007856571451,0.8575894597393765,0.0016467600723107049,0.8186650731477693,0.8609379090551902,0.8904103054570036,0.5
654,9,291,11,1.3506567329063537,0.6404057284122953,1.3506567329063537,0.9453686315355032,0.045731702163924276,0.804524831647698,0.8864424996229421,1.1181911790991244,0.5
654,14,407,16,1.3506567329063537,0.5668625524796835,0.834877741801729,0.753983976488955,0.007622327082293617,0.7132511746435486,0.7917402672024336,0.8248053947400948,0.9
655,9,185,11,0.78557948196541,0.3775669879494744,0.78557948196541,0.5452965681084962,0.0098739081888812,0.5028678162527134,0.534849962813011,0.5483719232507219,0.8
656,9,275,11,1.1357337800654297,1.0309040263693543,1.1357337800654297,1.0763642775665938,0.0011617097388063934,1.054226033724544,1.0705500000648067,1.105619643776386,0.0
657,9,268,11,1.3574016693456545,1.2161095124419314,1.3574016693456545,1.2588455557089742,0.0017883728216136392,1.2247942009845478,1.2505597817395921,1.2673983416923396,0.0
658,9,283,11,0.9904426433974305,0.6818412875469946,0.9904426433974305,0.8279123624729362,0.010621587967760963,0.759479182405643,0.7873988299630394,0.9130476281997311,0.6
660,9,251,11,1.4055589777194948,1.3097827458027587,1.4496352011944451,1.372419516135934,0.0022532093247668783,1.3304177362004248,1.359023603377489,1.4055589777194948,0.0
661,9,257,11,0.7864319288666833,0.4758012805360251,0.7864319288666833,0.6273805090459532,0.00506497529523991,0.6138756333036498,0.6270386738012457,0.6445728114795586,0.5
662,9,284,11,1.149566253877211,0.8153618775153432,1.149566253877211,1.0520923933727455,0.011141851225124018,1.0132290792328265,1.106716697201925,1.1172149717326185,0.2
662,14,414,16,1.149566253877211,0.8153618775153432,1.1035104804821774,0.9522385332179482,0.007041942059895065,0.9085909589171474,0.923265228512691,0.9795240863752287,0.6
664,9,298,11,1.242334952322717,0.8285356069620419,1.242334952322717,1.0492670295284199,0.023668615980895525,0.8966180475847516,1.0829957098612255,1.1678621290323892,0.3
664,14,434,16,1.242334952322717,0.8285356069620419,1.078034540269422,0.9078097240853955,0.006524187036981666,0.8552719043114815,0.8865366685411278,0.9043069128259861,0.7
665,9,269,11,1.1610359504763499,0.8510388174007494,1.1610359504763499,1.0080341642774324,0.011858315792094756,0.9124019925310197,0.9983067308681707,1.0935844845939067,0.5
665,14,409,16,1.1610359504763499,0.8510388174007494,0.9662115860686011,0.9277906209876029,0.0011821822886506268,0.9124019925310197,0.925892334898038,0.9602494417253291,0.9
666,9,296,11,1.170161596061082,1.0104516688358702,1.2224644600736732,1.1367364124858317,0.004571794666903692,1.0753365233663796,1.167342496750893,1.180026728379763,0.3
666,14,447,16,1.170161596061082,1.0104516688358702,1.1645233974407037,1.1015212556751037,0.0019409518339744115,1.0724158036516163,1.1044670958948826,1.12875325945086,0.3
667,9,260,11,1.2807136578998137,1.0662517849102984,1.2807136578998137,1.1580608688863938,0.0034401947884902606,1.115092374376797,1.1633259968374423,1.1817809935662567,0.0
667,14,402,16,1.2807136578998137,0.88199353330969,1.1603893020079703,1.0856994198478362,0.005694238416469547,1.0756070892626397,1.0931266943721618,1.1364449840281345,0.1
668,9,294,11,1.273949753740153,1.052714043892032,1.273949753740153,1.1908501877911042,0.003902418368872806,1.164856694190552,1.187030844145947,1.2409039457312048,0.1
668,14,435,16,1.273949753740153,1.0264579576742308,1.2066667265545254,1.137080709106304,0.0040479229816467,1.0744606942783346,1.168981273991974,1.1847158404514448,0.3
669,9,242,11,0.9557060024025839,0.8367701355458894,0.9866371975609605,0.9068965849501073,0.002490944503713801,0.8569644298060507,0.9190450937803538,0.9492271433551924,0.0
669,14,377,16,0.9557060024025839,0.755558756762835,0.9245813712832754,0.8511326192987407,0.0019675393434011117,0.8388510389466198,0.8496575058711762,0.8586065106875127,0.1
670,9,293,11,1.204652199413676,1.204652199413676,1.3190663672563858,1.2722923133030242,0.0016011049105236794,1.2537738716378757,1.2796505281162591,1.3049695489554267,0.0
670,14,426,16,1.204652199413676,1.204652199413676,1.3055890923843272,1.2638184792548113,0.0011971481914334738,1.2529003739808817,1.266154385342107,1.2915522845209357,0.0
670,19,559,21,1.204652199413676,0.6727552838550199,1.2597019030256396,1.0480257950452203,0.04124104377478004,0.884408256940864,1.1059288800554374,1.240011445734885,0.4
670,24,694,26,1.204652199413676,0.6727552838550199,1.0072055606971986,0.8941321480155588,0.007051126788696101,0.884408256940864,0.9132202440725913,0.9383624255861032,0.9
671,9,285,11,1.400034061868426,1.2960713931516654,1.400034061868426,1.3635321386041421,0.0010882738787295232,1.340734594402452,1.367663647005788,1.3921224720441578,0.0
671,14,431,16,1.400034061868426,0.8647471616803756,1.3543140324854972,1.2471520818062065,0.02429703559276026,1.2102960306853725,1.335569013503255,1.3450605223231815,0.2
671,19,576,21,1.400034061868426,0.8647471616803756,1.3336308407852253,1.1253260234699307,0.015529327612785748,1.0751344435963959,1.1199259584249508,1.1680807090257577,0.3
672,9,253,11,1.1054359148428878,0.9988902995164342,1.1204017054784299,1.080106848888591,0.0016695104320284017,1.0691429544145818,1.0996830422117732,1.1086934732545026,0.2
673,9,284,11,1.3416798962668968,0.6068094216210225,1.3416798962668968,0.9774610699697994,0.05150391180795007,0.8182097342309832,0.9843302189989251,1.0723806898189991,0.7
674,9,259,11,1.3037502367131282,0.5977318371179275,1.3037502367131282,0.7943444009734866,0.04625740018648417,0.6451823455515495,0.7155982303565875,0.8122567835842371,0.7
675,9,250,11,1.195541099024201,0.5167746974830884,1.195541099024201,0.797088000917162,0.02641180432076663,0.7193933352216438,0.7909495509157233,0.8433264557790852,0.7
676,9,281,11,1.1928953457363611,0.9911317190019899,1.2045918296484832,1.1401525474927436,0.004866293282618184,1.0893665158520547,1.1817624736978154,1.1928953457363611,0.0
676,14,432,16,1.1928953457363611,0.8721985665218357,1.1767630982831814,1.020272751247211,0.009153538690022427,0.950638311562618,1.034469952012643,1.0856554308663469,0.2
676,19,576,21,1.1928953457363611,0.8721985665218357,1.0012900114941488,0.9151256909124402,0.0019414209981265418,0.8837879511316746,0.8957325782973108,0.9297169410510541,0.6
677,9,293,11,1.1228070383573054,0.9969919402197036,1.1228070383573054,1.0657649131864466,0.0016426963099634851,1.0393295069241077,1.0718859023648357,1.0878662124338958,0.0
678,9,286,11,1.3275294836762865,0.709642992471049,1.3393207394154323,1.0788303956346355,0.05154917983361033,0.9058071500260556,1.0582295385678473,1.32601699065046,0.2
678,14,406,16,1.3275294836762865,0.709642992471049,0.9988895184850087,0.8624340443204798,0.005326548946459993,0.8269804328723398,0.8715607145599831,0.8991455800073179,0.6
679,9,282,11,1.2500303578587217,0.73188894793854,1.2500303578587217,1.0027240308386003,0.023334565106006226,0.9650964772528784,1.017075973341461,1.0978580960436495,0.3
679,14,409,16,1.2500303578587217,0.73188894793854,1.0148334129967547,0.9310750878703337,0.00882910141383672,0.9598828611768886,0.9745233634027661,0.9771125126802418,0.7
681,9,299,11,1.0594855950901028,0.8886738863012477,1.0742043820548781,1.0190178683376525,0.0027788535921849664,1.0082499712118789,1.0223793000067025,1.0594855950901028,0.1
683,9,276,11,0.9986611766184368,0.830172561200298,0.9986611766184368,0.9211170971923484,0.002678916591978013,0.8890420089780353,0.9372183050850666,0.9544388730824305,0.0
683,14,430,16,0.9986611766184368,0.7631440300409023,0.9349155894212198,0.8409938349622544,0.002933105144354283,0.820150114512049,0.829791072537158,0.8682994847515303,0.5
684,9,300,11,1.1685173679315974,1.1092910356382861,1.1685173679315974,1.148117443728676,0.00035368136343813777,1.14058530328403,1.1513512766742875,1.1646216435772707,0.0
684,14,432,16,1.1685173679315974,1.0308638297458184,1.1442994353405531,1.115751480530965,0.0010957093632143519,1.1012217240355566,1.1288696120787338,1.138810372860212,0.0
684,19,572,21,1.1685173679315974,0.9790526492618368,1.1241089267032291,1.0805433040613737,0.0017647511048219545,1.0719674133400448,1.0973248218654623,1.1071519672481114,0.1
684,24,710,26,1.1685173679315974,0.9301904442486693,1.096117690229611,1.0403949494448734,0.0024946336639285705,1.0201216363624643,1.0581490155013973,1.076165494406935,0.3
685,9,270,11,0.7418086457439366,0.5608880866478085,0.7418086457439366,0.659967726207868,0.002312136800126499,0.6374688910651687,0.6590637910165521,0.691294024248589,0.8
686,9,262,11,1.131683924187617,0.9863406476441465,1.131683924187617,1.07093049352692,0.001983656409690973,1.037414688412123,1.080403358788593,1.099217095912946,0.1
686,14,395,16,1.131683924187617,0.9863406476441465,1.0839084052397014,1.0331889265061964,0.001032953029533749,1.0053907943730664,1.0320716326092985,1.0586484977499961,0.3
687,9,307,11,1.0927132768944658,0.9345644579608902,1.1039860233371936,1.0562013772295997,0.002354189317482895,1.0417700892458595,1.062671981427741,1.0927132768944658,0.1
688,9,282,11,0.8953828021165199,0.7968031192523609,0.8953828021165199,0.8383797207616933,0.0009255223230112423,0.8082012432553407,0.845009459951694,0.8589117773411031,0.4
689,9,284,11,0.8913412002244014,0.7764995696970634,0.9851085970881508,0.9079764834836739,0.0034425976402846737,0.8913412002244014,0.9285071582379013,0.9457890728504792,0.3
690,9,296,11,0.9260143447658882,0.7938072924017665,0.9400040030821115,0.8911104862901753,0.002008867609900787,0.8584749323945886,0.9035070417578002,0.9260143447658882,0.1
690,14,434,16,0.9260143447658882,0.7938072924017665,0.9053050590145965,0.8732668544639886,0.0010181569162526773,0.8584749323945886,0.878761283504331,0.8981000243413684,0.1
691,9,300,11,0.9171765580973424,0.7454143335893879,0.9171765580973424,0.8396194152014708,0.0032716231000338193,0.8060175605659449,0.8218727962015789,0.8944942078090767,0.4
691,14,436,16,0.9171765580973424,0.7454143335893879,0.8201737371206071,0.7927599078353741,0.00047327555829117284,0.7795544904897502,0.794814579066969,0.8083869682155962,0.8
692,9,299,11,0.9492624471806875,0.8490535045636649,0.9492624471806875,0.9183317939042759,0.0009295664830210146,0.9208937899045544,0.9279865303026037,0.935720060314807,0.1
694,9,245,11,0.8668201770625024,0.7108986601494656,0.8668201770625024,0.774569136459607,0.0020404583157294597,0.7485496772137429,0.7622149593365076,0.7980811288835349,0.5
695,9,299,11,1.455319133408838,1.2769646037134588,1.455319133408838,1.399254200749021,0.0033388333189724043,1.375171270107376,1.4198271428464388,1.4463796803281173,0.0
695,14,447,16,1.455319133408838,1.2564201191277873,1.417138068880824,1.3303863591068974,0.002508941738858755,1.2848033290188106,1.3356669000991883,1.3680003803651126,0.0
695,19,588,21,1.455319133408838,1.1601196712053454,1.3210027323371218,1.2797420648363231,0.002018480638017412,1.2711533859200048,1.2871155574279034,1.3125520647362616,0.1
696,9,211,11,0.9426476299095841,0.40501633626766675,0.9426476299095841,0.6262465604290376,0.018344472517493292,0.5535435598452434,0.6012640113904425,0.6825115397439928,0.9
697,9,311,11,0.9606832555993335,0.5044413486162389,0.9606832555993335,0.8528208290410305,0.018014014552826137,0.8341376571692278,0.9074606862948429,0.9474910382076158,0.3
697,14,459,16,0.9606832555993335,0.5044413486162389,0.9066220148718775,0.8191755079281048,0.013438563277923124,0.8273887084450577,0.8512625665815966,0.895920751166031,0.5
698,9,265,11,1.3632744380865627,0.8126102687645569,1.3632744380865627,0.9537822827133049,0.02319091107745775,0.8910942314291728,0.906515672085924,0.9443967952819015,0.2
698,14,364,16,1.3632744380865627,0.7655876041087735,0.899543649143345,0.8297101429362954,0.0021875269558647853,0.7934508540019205,0.8129009425356241,0.8760087210014312,0.7
699,9,262,11,1.0878160583231002,0.8716069805934026,1.0888000739791233,0.9989170436035444,0.0066401738973998784,0.9273374276827042,1.0324934480103611,1.0764878018180717,0.2
699,14,392,16,1.0878160583231002,0.8478097708137602,1.0322848099822939,0.9274658069882478,0.0025373470964482154,0.895814583972961,0.9288584645080864,0.9405161541691576,0.3
700,9,254,11,0.8965417899746875,0.642818865547798,0.8965417899746875,0.8035387859686598,0.005251825128631449,0.8061289324655809,0.8235890965987183,0.8425192778129821,0.7
701,9,297,11,0.9816517996040868,0.8660201123036175,1.0133977942092243,0.9611051856889465,0.0016161427039574512,0.9468627358261168,0.9752436805855718,0.9816526835900647,0.1
701,14,443,16,0.9816517996040868,0.8660201123036175,0.980499748607724,0.942114910422324,0.0010352217300269577,0.9258615145241791,0.9506339822097272,0.9655829375795619,0.1
702,9,251,11,0.7071511930707627,0.6850729889313603,0.7759409585970882,0.733538241147013,0.0011534033392071445,0.7071511930707627,0.7251592229712197,0.7701176466671045,0.8
703,9,288,11,0.9070170513421406,0.8017517950273676,0.9070170513421406,0.8610192734035573,0.000998111788158555,0.8421282701912908,0.8629079205942622,0.8858729068251195,0.0
703,14,414,16,0.9070170513421406,0.7346365919871743,0.853068572272283,0.8158320286847898,0.0013193077491829106,0.8055299395531714,0.8289951510619561,0.8403199035384963,0.2
704,9,286,11,1.3555676795794518,1.1501624156906314,1.3555676795794518,1.2129459184795015,0.002728236149172919,1.1947699196211539,1.1992248468072095,1.2160897301260787,0.1
704,14,427,16,1.3555676795794518,1.0500053756182788,1.2027476479719044,1.166017922581224,0.0024137124751687543,1.1557442669070097,1.1937374473567015,1.19889711275167,0.3
706,9,295,11,1.1479692939664348,1.0750567507358577,1.1636456438524687,1.1371665806245406,0.0006687764262605265,1.1284923396249635,1.1482028016731902,1.151373221982327,0.0
707,9,301,11,1.1453672009918676,1.014193679727458,1.1495498031485873,1.1090387739195524,0.0014864815754300077,1.09825087795536,1.10894865789819,1.1429910724313372,0.0
707,14,447,16,1.1453672009918676,1.014193679727458,1.1054809729946429,1.0753903406834324,0.0008456703483160422,1.064627191362578,1.0863079933978121,1.0951808307876325,0.0
707,19,590,21,1.1453672009918676,0.8781611236521943,1.0844234317951904,1.0372534186388593,0.0033511436455880123,1.0260277788324235,1.0572644051346018,1.0731759684684847,0.1
707,24,713,26,1.1453672009918676,0.8781611236521943,1.0562360581616967,0.9995284769022451,0.002872206750569053,0.9676733395496957,1.0190865100839512,1.0388159443156062,0.3
708,9,295,11,0.9947295943595564,0.7498723240450382,1.2577275266611518,0.992182066958182,0.04257242619406616,0.7745645033112906,0.9947295943595564,1.2123205998244393,0.4
708,14,419,16,0.9947295943595564,0.7498723240450382,0.9947295943595564,0.8352611832574578,0.005276901026980053,0.7745645033112906,0.8331738227751341,0.8758990978681612,0.7
709,9,290,11,1.0412271419321457,0.6636496493968279,1.0412271419321457,0.9090060899697162,0.011793466960970164,0.8682247400560246,0.9138420329269636,0.9949742321495358,0.5
710,9,251,11,1.0231072729260149,0.480017601013198,1.0231072729260149,0.6745657514384431,0.026784743977325404,0.5900681799793605,0.6342000442931545,0.6525648729463333,0.8
711,9,271,11,0.942709602846312,0.7147292646687577,0.9526751542920555,0.9036514224411327,0.004561670652362777,0.8950627920335158,0.9269385531506502,0.942709602846312,0.4
711,14,396,16,0.942709602846312,0.7147292646687577,0.9306252528409524,0.8796185439928648,0.0038874099536468933,0.8800990517414088,0.9006548047890088,0.9172361686250035,0.6
712,9,286,11,0.9851522501931489,0.8707012291222821,0.9851522501931489,0.92687035141074,0.001109219492972994,0.922026683273083,0.9281943025157434,0.9382453498623089,0.1
713,9,293,11,1.2140559667048454,1.02099097657916,1.2140559667048454,1.1616029804350407,0.002824271738265158,1.1544694159886588,1.1821091719826664,1.1920575667290034,0.1
714,9,290,11,1.167537937547966,1.167537937547966,1.315062440699198,1.2699327014678041,0.002960035353459336,1.2561388890462029,1.298399247491655,1.3054773318369115,0.0
715,9,246,11,0.9136242617910311,0.7024712215570595,0.9136242617910311,0.789312053959104,0.00467643835799574,0.7497204482756985,0.7663052711049332,0.8063841576732236,0.5
717,9,287,11,0.8629206782220481,0.597031162518751,0.8906443310376053,0.8096920022827625,0.007436582283696575,0.7818968636967234,0.849033987930736,0.8629206782220481,0.4
718,9,286,11,1.103209700980041,1.0687159404208244,1.17463569613821,1.1186834024119778,0.0010475918272858159,1.103209700980041,1.1170293911704616,1.138326526201586,0.2
719,9,290,11,0.7964020251173205,0.7012173903898251,0.7964020251173205,0.7468644037596883,0.000980750043789979,0.7243467301747005,0.7404527762795152,0.7759686477348293,0.7
720,9,302,11,1.0968188050406205,1.0326168511792366,1.1037150810099077,1.0774696905189187,0.00047955611635746627,1.0603864135002181,1.0827119031596668,1.0960777008344391,0.1
721,9,280,11,1.087072233663861,0.5117656995747989,1.087072233663861,0.7550878386944776,0.04108794582749107,0.6328727201592483,0.6493387522601344,0.9174375648061233,0.5
721,14,397,16,1.087072233663861,0.5117656995747989,0.6745608213550561,0.6311907204578092,0.0019615109123592355,0.6328727201592483,0.6414479180299697,0.6546915618301122,0.5
722,9,272,11,1.364506990290304,0.9960105432604761,1.364506990290304,1.0885812915635658,0.01397692480237565,1.0310488627488146,1.0393125299915091,1.0627694573742619,0.3
723,9,261,11,0.6225290977595235,0.5590879974544081,0.6247046324207723,0.6008770041118694,0.0005597730155169278,0.5861311941855251,0.6107058738850385,0.6214465235052798,0.7
724,9,292,11,0.9755443982952224,0.7527867971762049,0.9755443982952224,0.8580910080885525,0.003685042910093929,0.8177689129055875,0.8717050433895511,0.885052453598056,0.3
725,9,298,11,1.173311208419176,1.0540989493473698,1.173311208419176,1.1349895742879215,0.0012520494232921725,1.12284783953269,1.1404109097736876,1.1609048782343379,0.0
725,14,444,16,1.173311208419176,0.995331027864395,1.1484076598188273,1.1058726892427948,0.002100044464289909,1.0965886427298503,1.1235509217885973,1.138852070169301,0.1
726,9,285,11,0.9556049538884402,0.8272461452196254,0.9556049538884402,0.8754212431733756,0.001384331826624952,0.85318700929336,0.8701793903006366,0.8879119091876355,0.2
726,14,384,16,0.9556049538884402,0.7656661827130655,0.8691712406311384,0.8414680865205841,0.0008324406191465982,0.8330161547490952,0.846776823292947,0.8627944352912434,0.5
728,9,258,11,1.2990832322043129,0.7154647782651183,1.3535713170101156,1.0923890258363744,0.05464575299322629,0.9217951079518334,1.1492330940993,1.2990832322043129,0.4
728,14,384,16,1.2990832322043129,0.7154647782651183,1.1192554910141754,0.9240996541351276,0.01275701067624232,0.9116398590689614,0.9489360685616502,0.9791279294809204,0.9
729,9,301,11,1.188586118978534,1.090226377767962,1.188586118978534,1.1442374548889478,0.0007808470029593087,1.1275132325506019,1.1531462116017084,1.1623050764576999,0.0
729,14,429,16,1.188586118978534,1.0150588777471823,1.147650995267386,1.095947988069089,0.00150162104659368,1.091838229790762,1.1002538350084254,1.1208481899564218,0.0
729,19,575,21,1.188586118978534,1.0150588777471823,1.0998443673357443,1.0672610541107832,0.0006652770440322809,1.053554328336426,1.0673246896891626,1.0891864476223085,0.0
730,9,299,11,1.23958452732358,1.1370299355806401,1.2718603558548822,1.1983166824638005,0.0017903354740485954,1.1675934246895578,1.1896676422804804,1.2368789925874362,0.0
730,14,449,16,1.23958452732358,1.0322241480487448,1.1980957615247758,1.1501044167780212,0.0026862144369124027,1.1402992251011743,1.16845135597629,1.1891017565212425,0.2
731,9,300,11,0.8070755635018079,0.8070755635018079,0.9252624092737476,0.871369416085017,0.0015688893091707723,0.8546125258631676,0.8697735868102034,0.906285549847803,0.2
731,14,444,16,0.8070755635018079,0.8070755635018079,0.8998132872062594,0.8567595210220272,0.0008167049569762138,0.8496638016649334,0.8635202611141328,0.8705530053650596,0.3
732,9,283,11,1.1725259051140178,0.8112940489726356,1.1725259051140178,0.972293676003505,0.01054643172761867,0.9142810533581154,0.9473036218369957,0.9905845601098396,0.3
733,9,274,11,1.233557240888167,1.1250414073120307,1.3157947017653333,1.224546749379837,0.0022981526240261757,1.2158221618051304,1.2284063333130337,1.2373081601484623,0.0
734,9,309,11,1.0782365841575006,0.8439902324271196,1.0782365841575006,0.942946103792939,0.008373952553133118,0.8756750567026297,0.8954227180059847,1.0378831419735208,0.3
735,9,275,11,0.893035243684454,0.583787368782886,0.893035243684454,0.708911456491896,0.007170987259368269,0.6723039020270242,0.697741177273981,0.7266469016848587,0.6
735,14,400,16,0.893035243684454,0.575079338834137,0.7039077567192777,0.6602747484405439,0.0021729833221948132,0.6316063232826268,0.6791796262414971,0.6968002073578794,0.9
736,9,259,11,1.0301656773188799,0.4729688234776385,1.0301656773188799,0.6949851148390961,0.018002032280976875,0.6251467414321328,0.6928940113741278,0.7227898941601592,0.9
737,9,306,11,1.105311580164384,1.0359439360695475,1.1526232024380754,1.1032936329457053,0.000989077982804611,1.0837722862367027,1.1097144454505745,1.1222034009304014,0.0
738,9,295,11,1.1313839756721762,0.9205612086020103,1.1313839756721762,0.9798226128190428,0.003412962100340969,0.9369070601879449,0.9687906574402219,0.9998737818992303,0.3
739,9,232,11,1.1526464371711276,1.0348912071830405,1.176858141145318,1.1331488313565508,0.0018598559834129575,1.14520202031731,1.1510559136062888,1.1526464371711276,0.1
740,9,258,11,0.49243283269388965,0.3356125373692544,0.49243283269388965,0.40192671643468436,0.0017315836383047577,0.3839451078128536,0.39586181015174116,0.4264908351529302,0.9
741,9,309,11,1.2503832932527266,1.141659632824503,1.2503832932527266,1.1936781377112669,0.0008544670628333232,1.1868035226085838,1.1911231284441222,1.1965670421216346,0.0
743,9,285,11,1.2900507612073202,0.9270989716839171,1.2900507612073202,1.041405801070526,0.011275637489764678,0.9773733747945527,0.9895955471509829,1.0945743449702328,0.1
743,14,417,16,1.2900507612073202,0.8542665266914378,1.0076111336311455,0.9570417461736141,0.0023186296630558646,0.9357154885031003,0.9803154982877726,0.9902139965041782,0.3
745,9,215,11,1.11172143994553,1.0623926786146458,1.1973618074827663,1.1392727626517314,0.0016141950770361287,1.11172143994553,1.1366747903632008,1.1748105266772852,0.0
746,9,282,11,1.053448403530623,0.518949271400363,1.053448403530623,0.848936827260219,0.03132283805913859,0.7037416850359981,0.9370475662087558,0.9676368232157011,0.3
746,14,411,16,1.053448403530623,0.518949271400363,0.9352481967404679,0.7242014046013472,0.013350468012757442,0.6597746721601168,0.7139418818802677,0.77805340916752,0.8
747,9,299,11,1.3643917746225167,1.294534189043652,1.392283267416187,1.3656702265490486,0.000832687817523709,1.3633261696877006,1.3731587319229381,1.3849463447005728,0.0
747,14,421,16,1.3643917746225167,1.2101646652926592,1.3646306646075195,1.3304253309788927,0.002082202546178098,1.323260059745057,1.34420970601876,1.364036572977578,0.0
747,19,557,21,1.3643917746225167,1.2101646652926592,1.3437215606929191,1.286655222350228,0.0015323428735824342,1.2668813070324558,1.2923226046512253,1.3129924388085807,0.0
748,9,294,11,0.9604598069845768,0.9604598069845768,1.1117192241330813,1.0491204189694996,0.0025215978302455394,1.036473968704445,1.057794504758913,1.0774922670741356,0.1
748,14,431,16,0.9604598069845768,0.8726806521533008,1.0525148532443398,1.0032075461735595,0.003000167409325104,0.9699338456086807,1.0224508121312788,1.0480337741855423,0.3
749,9,278,11,1.215141334939581,0.8277326680638795,1.215141334939581,1.0525232310629167,0.009513777324149715,1.0421211871161653,1.066741749837313,1.0958293662919585,0.2
749,14,407,16,1.215141334939581,0.8277326680638795,1.0583733301373215,0.9903162212777354,0.004171390117362868,0.9627085240380875,1.0071509877175253,1.0343873499078036,0.3
749,19,539,21,1.215141334939581,0.8277326680638795,1.0209398511084768,0.9742751830985051,0.0028484491015011455,0.9627085240380875,0.9948415090856066,0.9995208889051095,0.3
750,9,296,11,1.1979906744069158,0.9872388449458512,1.1979906744069158,1.119631415527859,0.0028252472252431413,1.1043345516397982,1.1252100654775035,1.1445671969961229,0.0
751,9,271,11,0.8651045031206526,0.5753822621323835,0.8651045031206526,0.7727474829550623,0.00988048316105672,0.7071288866861665,0.8189399733672629,0.8558768142915679,0.7
752,9,292,11,1.4027715241012284,1.0227850717633926,1.4027715241012284,1.165977144010261,0.009707236908181618,1.1097434880451584,1.1698833880558,1.199282207751649,0.2
754,9,306,11,1.008077314856149,0.7744258606959218,1.008077314856149,0.8675687065213212,0.0071326684275204695,0.7978324604529563,0.8404596326917969,0.9140847603716244,0.0
754,14,446,16,1.008077314856149,0.7118017949690254,0.8102108580095704,0.7760945381931957,0.0007210528851638611,0.7674046724571966,0.7786458072874632,0.79267336853828,0.2
754,19,583,21,1.008077314856149,0.692767570992175,0.7828657538790047,0.7532656387951513,0.0007361655882888285,0.7526014617661934,0.7631548525639952,0.7682351777117427,0.6
755,9,278,11,1.2819489459024198,0.9888786855822058,1.2819489459024198,1.095657901033933,0.0055801864465313804,1.0465311343603667,1.0951129372917308,1.1178834353963734,0.0
756,9,311,11,1.211005412551766,1.1161256916396454,1.2449717845321693,1.181514901158361,0.002330685419434845,1.140029847978371,1.1851231268648639,1.2204734640347894,0.0
756,14,445,16,1.211005412551766,0.7097521780016891,1.211005412551766,1.0797066017993315,0.0203654405867803,1.1162668293299522,1.1267133414252515,1.1549979462078,0.1
756,19,536,21,1.211005412551766,0.5267396394755367,1.1177041794558074,0.8295427036740106,0.046134807682076645,0.7134652002294359,0.7542394198168054,1.0676425487149543,0.6
757,9,258,11,0.7345762749579725,0.350542509713944,0.7345762749579725,0.646768619404084,0.010901888692655343,0.6356490858711741,0.6818008869098858,0.7040539216609326,0.6
758,9,275,11,1.346007070138534,0.6111923288722532,1.346007070138534,0.9008528185570113,0.03631870573790301,0.7699325094135893,0.901969116217167,0.9767923205415231,0.6
759,9,300,11,1.1543350530702523,0.9611661562533247,1.1543350530702523,1.0539968701668863,0.002328119332264342,1.030086413395975,1.0490792115845016,1.071115290063722,0.0
759,14,437,16,1.1543350530702523,0.956413912174193,1.054998077693914,1.0069601545629847,0.001301055827126806,0.9675589604692941,1.021298728579469,1.0367722643999187,0.0
760,9,311,11,1.3799919486246828,1.1379473083456213,1.3799919486246828,1.2398720766071902,0.006312314329090256,1.175667677414608,1.2032757696247809,1.311866175269603,0.0
760,14,461,16,1.3799919486246828,1.0923775858496758,1.202787182516991,1.1551342609136714,0.0012688767603421971,1.133336694499748,1.160968486345721,1.1851798995725842,0.1
760,19,584,21,1.3799919486246828,1.0913031284484795,1.17091156633562,1.1329429645468603,0.0007366124492798993,1.1133291969888248,1.1348735657817057,1.150320301157767,0.2
761,9,304,11,1.4663929345623796,1.2680425207892234,1.4663929345623796,1.3874643518742968,0.002882936018757566,1.3646146476572822,1.3844994939919135,1.421595275102555,0.0
761,14,456,16,1.4663929345623796,1.2094499947176658,1.3894766387008703,1.3213964362832729,0.003858228028551973,1.2792155545927941,1.3500176719194399,1.3660058095121488,0.0
761,19,604,21,1.4663929345623796,1.2094499947176658,1.348822074694001,1.3029741613290973,0.0024525785702308196,1.2757698184902957,1.3246424002279222,1.342290133727191,0.0
762,9,294,11,1.3226077233144007,0.7690371292723729,1.3226077233144007,0.9822553255281683,0.027336977909143384,0.8370151003405637,1.0141902698084575,1.071959943385166,0.3
762,14,432,16,1.3226077233144007,0.7038068900450518,0.9767003250173645,0.803169921138239,0.005825065305866371,0.7579015018573795,0.7763700695320328,0.8414718420185244,0.8
763,9,257,11,1.25979401045288,1.0543015823790745,1.25979401045288,1.1506461150943847,0.003657839907426329,1.1004023905466296,1.1588628409799249,1.1808155507325566,0.1
764,9,299,11,1.0963742479840295,0.9028033472628321,1.0963742479840295,1.0167481275519341,0.002766263127748287,0.9935472391108376,1.0153910460012232,1.053596136532506,0.2
764,14,446,16,1.0963742479840295,0.8875775553642946,1.0069289674831086,0.9730892374712943,0.0016567323887817678,0.9696281973274579,0.9951794651144568,0.9992683080748053,0.4
764,19,585,21,1.0963742479840295,0.8801059885144945,0.9916658807882547,0.9488671160547124,0.0016523230923643178,0.9136250333210283,0.9672799951180748,0.9778026152064021,0.7
765,9,298,11,1.3000685770730445,1.1963929851200108,1.3099393610264956,1.2697431858466264,0.0011881555882150754,1.2611470323433758,1.2710587432554665,1.2998856461596842,0.0
766,9,279,11,1.2002388800856896,1.0439019810902033,1.2002388800856896,1.1288804965641561,0.004033267569372395,1.0682906426453807,1.1368587001357953,1.1892822957166482,0.1
766,14,426,16,1.2002388800856896,1.0283357570400882,1.154238033662415,1.0836971995484972,0.0014160367617521937,1.0564520938350472,1.0814738441089362,1.0953159307517508,0.2
767,9,298,11,1.461869012329625,0.8158769519273343,1.461869012329625,1.0723558317280486,0.06524062150431428,0.8470817048125348,0.9388261364812206,1.346911858269216,0.5
767,14,430,16,1.461869012329625,0.8158769519273343,0.9597578959666003,0.8692952003085447,0.001547120799541698,0.84635295342248,0.8656699520619792,0.8869402873446789,0.9
768,9,295,11,1.1873930035038154,0.9416566073150529,1.1873930035038154,1.0188472560154085,0.004121840081171913,0.9847243424274275,1.002235778153614,1.0294995571146086,0.0
769,9,294,11,1.3270656474667748,0.744610029375357,1.3270656474667748,1.0827407825042057,0.04319626857188057,0.8696331936985817,1.1820069811998286,1.2371417914273803,0.1
769,14,415,16,1.3270656474667748,0.5591711175941376,1.1613015607522694,0.7659171800741197,0.03524224838360994,0.6242815986373225,0.7119870085982755,0.8086912309371574,0.6
770,9,295,11,1.038298440752423,0.9437664868805045,1.1429305205509894,1.042265036644237,0.005724362393992305,0.9657725891692983,1.038298440752423,1.114719199583484,0.0
770,14,423,16,1.038298440752423,0.6562023290278114,1.038298440752423,0.8816927893002413,0.015294178351189508,0.8076073900002805,0.938514125955964,0.9454405824339146,0.4
770,19,547,21,1.038298440752423,0.6562023290278114,0.9332617650314236,0.8191727724245762,0.0063322098454410254,0.8062350891392214,0.8282605381229275,0.8680099936962533,0.9
771,9,288,11,1.1093994362363264,0.8272502509833262,1.1093994362363264,0.8998799467587469,0.005707484745990289,0.8608220901899974,0.8796669265206214,0.8969938277093151,0.9
773,9,286,11,1.3060420972248035,1.1395879993274243,1.3060420972248035,1.231410660282326,0.003253924231078177,1.1852973938909834,1.217796127405945,1.2899595252049232,0.0
773,14,424,16,1.3060420972248035,1.0235609950274531,1.2149257800194213,1.126165055051803,0.004253858109382976,1.0698729865284737,1.1339131304270127,1.176649655124836,0.2
773,19,555,21,1.3060420972248035,1.0218768778794938,1.1457604475826961,1.0702359883538786,0.002407536628261479,1.0237604710257426,1.0521783580910793,1.1191174084060052,0.5
774,9,233,11,0.5121304483085451,0.5121304483085451,0.584287867361606,0.5549959221139449,0.0006840776950934026,0.539126813515064,0.5628426909433559,0.5783593779996294,0.4
775,9,284,11,1.5498073984049747,0.8866523648267732,1.5498073984049747,1.2241652323201884,0.038171862835174396,1.0661439116707263,1.2763659877965452,1.3614348048523206,0.2
775,14,409,16,1.5498073984049747,0.8657010960641902,1.2307018155636693,0.9931145862561568,0.01211381672205581,0.8982876248947467,0.969016396282127,1.0443141173221135,0.7
776,9,267,11,0.8602965270284155,0.6165263526308788,0.8602965270284155,0.7501182065053893,0.006194463979056838,0.6979363831384731,0.7874173089105114,0.7934700226035147,0.7
777,9,283,11,1.29367173786808,1.2274742953091013,1.3014228692835754,1.27315479916714,0.0007060080921384039,1.2474797092682768,1.2846061435349247,1.29367173786808,0.0
777,14,440,16,1.29367173786808,1.156826805612518,1.292684039777403,1.2417354957503874,0.0017326962669124645,1.2303499783208367,1.2423591689342106,1.2739367705194133,0.0
777,19,561,21,1.29367173786808,1.0104525578137096,1.2434661722441571,1.1968651958334595,0.004538889590829199,1.1918278965762386,1.2242353560058974,1.2370890294700414,0.1
778,9,285,11,0.9548929464520248,0.7073699723724767,0.9548929464520248,0.7979884044453276,0.004538578657786141,0.7438048129539703,0.8024226940029411,0.8139027899467679,0.2
778,14,423,16,0.9548929464520248,0.7073699723724767,0.7978291972490372,0.7463087779474887,0.000559548662631897,0.7340061830013912,0.7388122505385323,0.7543550122178746,0.4
779,9,247,11,0.9910937703668112,0.41806027963697723,0.9910937703668112,0.6693452863273894,0.035591406524803255,0.5471767969768303,0.6264644809590144,0.795225021395214,0.6
780,9,284,11,1.060735311916134,0.6301111405949846,1.060735311916134,0.8471659615160231,0.011763174090954445,0.7968476855707541,0.8395175473601049,0.8942893742929725,0.2
780,14,406,16,1.060735311916134,0.6301111405949846,0.8356184302298206,0.7751026999288946,0.0037372161103052504,0.7587684369651766,0.7931116180620694,0.8164063354276504,0.5
781,9,267,11,1.2323731717263775,1.0212169546002703,1.2323731717263775,1.1394680723598292,0.004011273887821036,1.0967992408009462,1.1596407718158828,1.186699904000022,0.1
782,9,259,11,1.2053352018428474,0.7901246674173845,1.2053352018428474,0.9990146114278872,0.00950082307118117,0.9745323041733567,0.9937640407104124,1.0294831597952894,0.2
782,14,385,16,1.2053352018428474,0.7901246674173845,0.9900026263900341,0.9325069878686932,0.004617232216569055,0.8793445579714594,0.9658269489869694,0.9850953566363769,0.4
783,9,258,11,1.3133971931342325,0.6418784917651247,1.3133971931342325,0.9895195106564701,0.058021777806456856,0.7576196777761899,1.0359046418621936,1.2091679433025488,0.4
783,14,389,16,1.3133971931342325,0.6418784917651247,0.946693118582754,0.7780414045729165,0.005639069766072652,0.755301452983109,0.7699061030082278,0.8078277220422925,0.9
784,9,279,11,1.4101184642130966,1.2611904567166545,1.4101184642130966,1.3268007343314134,0.001440164589503689,1.3141833216006693,1.31813605020808,1.3425002445297738,0.0
785,9,291,11,1.2905320364305717,1.0684706192910973,1.2905320364305717,1.2253033862106713,0.003907963527017528,1.1987392985752392,1.2357868301537005,1.2647533813071914,0.1
785,14,444,16,1.2905320364305717,1.0684706192910973,1.235435310400653,1.192589113975765,0.001941991351943513,1.189255612754185,1.204764624240143,1.2085353579074245,0.1
785,19,596,21,1.2905320364305717,1.0684706192910973,1.2017074508098433,1.1508253664807981,0.0017736501513625584,1.1368947720425444,1.1518383307568079,1.188315602355959,0.2
786,9,290,11,1.0100454749567263,0.9213233351818282,1.05288987862363,0.9931468447604074,0.00175493380758424,0.9595814714192679,1.0034654071379259,1.0100454749567263,0.0
786,14,432,16,1.0100454749567263,0.8509776260958679,1.0034355384653628,0.9425944502214358,0.0026877572591956643,0.897614485757152,0.9454456195019122,0.9928626598843708,0.3
786,19,581,21,1.0100454749567263,0.8509776260958679,0.9521191892401436,0.9169565397401757,0.0009496787996390151,0.8961181104978053,0.9239604495217217,0.9397885902777775,0.3
786,24,720,26,1.0100454749567263,0.8305802505798119,0.9285892392948383,0.8961336151980115,0.0010133399035126276,0.886648684132102,0.9032817300381403,0.9213548893562968,0.5
787,9,258,11,1.497006024075436,0.778982351019944,1.497006024075436,0.9552835398548345,0.035787352803013664,0.8739107504610524,0.9026515896305267,0.9177567278015342,0.8
788,9,260,11,1.4477649105064438,0.7751544684569538,1.4477649105064438,1.010199357857299,0.06686202570897162,0.8063359094642144,0.8856487950041383,1.1968803597280404,0.6
789,9,223,11,1.0586597907808446,0.8145332194479107,1.0586597907808446,0.9606982823631427,0.007281570378068018,0.9156792982568114,0.979200234505947,1.0357767294256348,0.5
790,9,286,11,1.2148960957147796,0.8415240772966289,1.2148960957147796,0.9867285077020014,0.01520801964628835,0.911728427613087,0.959009186635094,1.032302132200587,0.3
790,14,427,16,1.2148960957147796,0.8415240772966289,0.9626813511374728,0.9183299236826834,0.0016975293507768888,0.9070699034771045,0.9252985572076387,0.9529734173843745,0.4
791,9,271,11,1.5713471759161044,0.9467902567632425,1.5713471759161044,1.3424641045406467,0.04561903435850615,1.1768644591680186,1.427892342798636,1.5004637087700037,0.1
791,14,401,16,1.5713471759161044,0.35757153154128835,1.3920776790127238,0.9664321282320657,0.07786843067263455,0.8370917778405551,0.9509822657631974,1.106937652204114,0.6
792,9,242,11,1.6732950059171483,0.36186129851722504,1.6732950059171483,0.953553249292763,0.3247851572903622,0.4099851039010823,0.7548267159528824,1.571418699986339,0.5
792,14,337,16,1.6732950059171483,0.36186129851722504,0.5240282265971722,0.45209261963851805,0.002988546632114405,0.4099851039010823,0.46449824095475223,0.4996895964018695,1.0
793,9,295,11,1.319036446017818,1.0839556417785576,1.319036446017818,1.1821347147135266,0.004009235600357221,1.1497478062157913,1.1842829269532054,1.2070382899160654,0.0
793,14,449,16,1.319036446017818,0.9991397013017341,1.1845194898821756,1.112873640775896,0.0032726532633607737,1.0849262271833464,1.102827486468538,1.1708374189652648,0.1
794,9,270,11,0.7527124373782201,0.6751287178052661,0.753702118498685,0.7333195359970297,0.0005373374558715109,0.7246196841775965,0.7394298035774296,0.7518154658131313,0.1
795,9,304,11,1.0036544329233568,0.7257579747391493,1.0585013941257626,0.9393714991048103,0.008761358417982442,0.8988913854413239,0.9725710505642253,1.0036544329233568,0.2
795,14,454,16,1.0036544329233568,0.7257579747391493,0.958098601017296,0.896482814567739,0.004198822587890586,0.8945972335567041,0.9226190285954361,0.9326020507659246,0.2
796,9,281,11,0.67783260434121,0.5294677724695354,0.6803894761590348,0.6359887177899616,0.003067916087319749,0.5881773917066007,0.6683076206654306,0.6762633978402337,0.9
797,9,269,11,1.4962066946197694,0.6228222146556639,1.4962066946197694,0.8954518084773211,0.07594731308916206,0.6698281726917785,0.8447297719813562,0.9254970239354331,0.7
798,9,246,11,0.5937639269473647,0.4551858375174742,0.6544600473747664,0.5810216371391645,0.0026834847267262337,0.574121604666676,0.5937639269473647,0.6055003732713611,0.7
799,9,294,11,1.117554386157346,0.7283464388716094,1.2087165988453092,1.0576421151055249,0.014996394885215647,1.0307863944181257,1.085215750671965,1.117554386157346,0.1
799,14,438,16,1.117554386157346,0.5272450779489796,1.078277759809696,0.7859985454404189,0.04682777464410111,0.5975368132417045,0.6934852773216067,1.0287990268970255,0.6
800,9,298,11,1.1993550136393412,1.0318234847111487,1.1993550136393412,1.1345187096856448,0.0018670974667293263,1.1161804032204887,1.143870352209407,1.1597501111898292,0.0
800,14,435,16,1.1993550136393412,1.009723879492776,1.149383847123266,1.1009020299368566,0.0018924669998135323,1.0927498100378326,1.1161936837732043,1.1303027384472029,0.1
801,9,260,11,0.5726578551482491,0.48845566445629585,0.6084201853503363,0.5684845307389421,0.0009318751846512281,0.5631059268265171,0.5726578551482491,0.5865239333901948,0.6
802,9,253,11,1.3678892177437616,0.5850437222577413,1.3678892177437616,0.8685408128372881,0.07129679532575639,0.6868186184278147,0.7178006516789353,1.0174799540971935,0.3
802,14,371,16,1.3678892177437616,0.5109676783364342,0.7339688116331345,0.669008271482306,0.004456714253141763,0.6580502674008771,0.6895471909090582,0.7157303954856381,0.5
802,19,477,21,1.3678892177437616,0.5109676783364342,0.6840900459465711,0.6364260648218527,0.002405484036918393,0.6394823131615252,0.6521144844797044,0.6624775464511274,1.0
803,9,290,11,1.3566034801559643,1.0473676359541624,1.3566034801559643,1.2504865763353012,0.010492185353456366,1.2250016324059954,1.2595909335782305,1.3421809651372318,0.1
803,14,434,16,1.3566034801559643,1.0473676359541624,1.2555334948802002,1.1227378141292141,0.006289892813881298,1.0595218748471027,1.0938437341715672,1.1880945248305141,0.4
804,9,283,11,1.0820405172783305,0.9333335523189685,1.0991460069186083,1.058978182296654,0.0022006523492724573,1.0673625914453546,1.0785304540990786,1.0820405172783305,0.1
805,9,257,11,0.8289944252069626,0.5776906974787165,0.8289944252069626,0.7173548164820011,0.004361167588515138,0.6994687572725287,0.735035215117493,0.7490227947564236,0.9
807,9,294,11,1.1421355760216754,1.0486596813297107,1.1421355760216754,1.082773725710506,0.0009157035974277897,1.0623011250526448,1.0759265904025836,1.088626823568426,0.0
808,9,252,11,1.2514301419531941,0.39606550767615406,1.2514301419531941,0.8785830024478429,0.05124056803675321,0.7939340385630482,0.8928348912368264,1.0364075888761195,0.8
809,9,259,11,0.8157471248043667,0.701761525019546,0.8292668616063168,0.7951414056188392,0.00156543068756288,0.8003784432437832,0.8145123685933287,0.8157471248043667,0.2
810,9,295,11,1.2715368543330634,0.9085041293570066,1.2841672843664436,1.1124809051325677,0.018351134188106372,1.0026018352818706,1.0807331572853147,1.2622552884719944,0.3
810,14,428,16,1.2715368543330634,0.9085041293570066,1.098971204171151,1.0179063846106755,0.0029347216618904894,0.9783522322084999,1.0412365240956793,1.0465005075031404,0.4
811,9,289,11,1.1295470818748596,0.8798628194511882,1.1295470818748596,1.0385038628760896,0.006634786411126539,0.9945481330415726,1.066790281811156,1.1009750377191323,0.2
811,14,440,16,1.1295470818748596,0.8798628194511882,1.0890205717116943,1.01169626719412,0.004361354230250681,0.9800949378826953,1.0314162231555564,1.0641122305449575,0.2
812,9,283,11,1.0362267204702693,0.8087659873131019,1.0362267204702693,0.8610875677831353,0.003822673379576946,0.8263811231413888,0.8436234199604351,0.867310878203366,0.0
812,14,429,16,1.0362267204702693,0.7444671179869091,0.8553082924273925,0.8104039210318035,0.0012921072717661862,0.8010833456943912,0.8243486100147361,0.8309009415997095,0.3
814,9,266,11,1.1403382367197947,0.9732942092327098,1.1403382367197947,1.0577948166982865,0.0028367518899751814,1.0108707833978334,1.064092457574629,1.1048656974810696,0.4
815,9,288,11,0.8156775075000777,0.6934981364552786,0.8156775075000777,0.7661006310136261,0.0016161531121892656,0.7451855628412529,0.7792688686708682,0.7907013809509263,0.8
816,9,271,11,1.1126092073122935,0.856497259397637,1.1126092073122935,1.047832333036487,0.005495507782136081,1.0223833912680502,1.0526042581847532,1.1111762139200159,0.0
816,14,407,16,1.1126092073122935,0.856497259397637,1.0558109435328769,1.020680139203004,0.003157906591536396,1.022280727302377,1.03664553346322,1.0503296147998444,0.0
817,9,265,11,1.1425461022126968,0.8480761948186936,1.1425461022126968,1.0037355335085238,0.013924910889690148,0.8762008769076786,1.0191773958899146,1.1287844119890766,0.1
817,14,391,16,1.1425461022126968,0.707622571645849,1.0130660821697846,0.8721807013105553,0.005502077747821486,0.8524328929075756,0.8822595924835666,0.9044458224695543,0.3
818,9,274,11,1.0665853319344223,0.9230355475552403,1.0665853319344223,0.9848003422409451,0.0014779066110083992,0.9718242227324538,0.9856949326105552,0.9966319301399549,0.2
818,14,380,16,1.0665853319344223,0.8740792793130369,0.9852481625811298,0.9397524179172578,0.0010095443793677896,0.9241060190812932,0.9340505175965477,0.9624638172354747,0.7
819,9,310,11,1.2019394579518772,1.1512399385453604,1.2406593118232183,1.1973845401842425,0.0007640902863111931,1.1885414221663946,1.2011914152535321,1.2088200766937016,0.0
820,9,303,11,0.9683742398801265,0.788763429532733,0.9820168395075921,0.915949341858053,0.004853987018032737,0.8906676828190855,0.949543986380259,0.9683742398801265,0.3
821,9,271,11,1.1590526724074988,1.092233511854339,1.1769879591718373,1.1482501866105923,0.0009164489626817868,1.1374696648273321,1.1590526724074988,1.1720629381646872,0.0
821,14,421,16,1.1590526724074988,0.9511138108964448,1.1590526724074988,1.0592354065722642,0.005619768150233514,0.9940327004284453,1.065749628690845,1.1220731543634725,0.1
821,19,546,21,1.1590526724074988,0.9249988738304821,1.039265745527351,0.977400403122985,0.0014374428270883346,0.9517776767442769,0.9619903976392299,1.0123343326568892,0.3
822,9,260,11,1.1887198003949029,0.9931629380173851,1.2332632461864506,1.1526946106015208,0.005742058328535143,1.1330100394346592,1.1879009196861388,1.2030785821784213,0.2
822,14,415,16,1.1887198003949029,0.9699593610742929,1.1870820389773744,1.0788112818373086,0.004475474584273998,1.0306735441326524,1.0913070797727311,1.1243995576649761,0.4
823,9,293,11,1.2522934771998127,0.8694189375149594,1.2522934771998127,1.0241166854792478,0.017934870999487807,0.9187020017402283,0.9935786400265366,1.147157957972897,0.4
823,14,427,16,1.2522934771998127,0.8694189375149594,1.0039446998142076,0.9346692573104848,0.0016335999310099832,0.9163922434451062,0.9324061524674665,0.9619638117836797,0.5
824,9,299,11,1.450728939183265,1.2895854342622883,1.450728939183265,1.3601014108492862,0.002098431579066044,1.3319016604748248,1.3446288239206319,1.394869768105745,0.0
826,9,296,11,1.3183910162522272,1.0338948360655882,1.3183910162522272,1.1638904942649704,0.00531179858323415,1.1468474456023894,1.173533330386098,1.1900022143410127,0.1
827,9,276,11,1.0932462344600102,0.973458359667403,1.0975104770586,1.0543347248146762,0.0018129407498330304,1.033267657084129,1.0657225147794742,1.092939276536485,0.0
829,9,285,11,1.2051776826134735,1.161165883893794,1.210570598615113,1.1891280957735564,0.00033706990112259485,1.1696709574002893,1.196357683857435,1.2051776826134735,0.0
830,9,254,11,1.058359192907673,0.7213799407055916,1.058359192907673,0.9229610274076299,0.009303031979810045,0.9081498580054284,0.9173016835131931,0.9926127992248299,0.5
831,9,286,11,0.9072940852310895,0.6351941496402521,0.9072940852310895,0.7832885999260316,0.005938097222162824,0.7563453922934855,0.7742133679205698,0.8077272619122646,0.8
832,9,265,11,1.3634624285683503,0.9014450327311896,1.3634624285683503,1.1735795924922936,0.0219141819380596,1.099656438424112,1.198559460567925,1.2891081088620207,0.2
832,14,395,16,1.3634624285683503,0.8104234174370508,1.1769221043165343,0.9838370576699769,0.012180045984535358,0.9204771496355116,0.9499880855516505,1.0526768527015404,0.7
833,9,295,11,0.7777891770628603,0.669558386973838,0.7777891770628603,0.7213130389865772,0.001258391785615778,0.6949499774924763,0.7272608265725322,0.7481138711585023,0.5
833,14,404,16,0.7777891770628603,0.669558386973838,0.7158872223061616,0.6950147450716846,0.0002844243192792669,0.6827442153860801,0.6966972269577716,0.7103048349821552,0.8
835,9,259,11,1.1980568362863333,1.0238974403789223,1.1980568362863333,1.1250096638974656,0.0020379747690394833,1.1003093851536794,1.1298891399444515,1.1532703072375434,0.0
835,14,402,16,1.1980568362863333,0.9091006316940323,1.128360056872554,1.0591937252180332,0.0048223012681138915,1.0320426181627516,1.0938994316941488,1.1055269497740632,0.2
836,9,279,11,1.2246098302966826,1.0207163229792835,1.2246098302966826,1.1217054569135454,0.005552315071287532,1.0528584471254125,1.1214321155554319,1.1893927781620346,0.3
836,14,399,16,1.2246098302966826,0.7177851428352844,1.1296188810841532,1.0409984644475914,0.01282559939197279,1.0306416995098773,1.0824140080412896,1.1035652327394971,0.4
838,9,288,11,1.2674406809130383,0.4378236775802544,1.2916216058825496,1.092360935650062,0.06612304591229239,1.0018633344444456,1.2050945453245205,1.264500914391681,0.1
838,14,397,16,1.2674406809130383,0.4378236775802544,1.1839952965850606,0.7439609472348272,0.07298422330234355,0.5159127611093377,0.6646913925839943,0.9248566207685696,0.6
839,9,295,11,1.2459099432282001,0.982305432406744,1.288429119611157,1.1876314817914901,0.008206349159738596,1.1421982755759994,1.2170128266686255,1.2577691771369197,0.2
839,14,444,16,1.2459099432282001,0.982305432406744,1.1960663331284545,1.1405472181274858,0.003515700636511796,1.139514141702139,1.1523773493957132,1.1803163998571011,0.2
840,9,288,11,1.2387016657256589,1.0038070261463459,1.2387016657256589,1.0951113900187253,0.0040503585885156195,1.0635758967666338,1.0855870944905077,1.128189344199198,0.0
840,14,442,16,1.2387016657256589,1.0015083418018271,1.0916084613679076,1.046968286460329,0.0009004441558418539,1.0253270789787745,1.051605350621096,1.0722498119215484,0.0
841,9,269,11,1.164050792542524,1.000988239152939,1.2117252057561192,1.1152855282760115,0.004966325111374514,1.0658441521984932,1.121996152204431,1.164050792542524,0.0
841,14,393,16,1.164050792542524,0.7984425754907739,1.1244408025326678,1.056163259443365,0.00945764964123438,1.0183154989086463,1.1108652349899475,1.118285504320275,0.1
841,19,531,21,1.164050792542524,0.7595620373432748,1.1078858132056568,0.9076451841549241,0.014081841229525018,0.7943610254806167,0.8840433292795186,1.0061015626952365,0.6
842,9,249,11,0.7570839338163629,0.6142959895886708,0.7570839338163629,0.6699908621347391,0.0024178110124625585,0.6254717887542363,0.6559790998095902,0.7073374586639873,0.7
843,9,290,11,1.3476629869775103,1.0692374264187983,1.3476629869775103,1.1838572327182386,0.006729659893773452,1.1186224894958563,1.1845121727493184,1.2101887390558541,0.1
843,14,432,16,1.3476629869775103,1.0256512890516458,1.1759378629761925,1.118717624171626,0.0021189949574276857,1.092970977098892,1.12908701293144,1.1513013119083384,0.2
844,9,275,11,1.3180889835713598,0.6595357354885053,1.3180889835713598,1.0283340884844536,0.06349060684596948,0.7598326974241589,1.1937622158462662,1.2073619449839335,0.3
844,14,394,16,1.3180889835713598,0.6595357354885053,1.1867354476695986,0.7876397274133122,0.02032180609228073,0.7287700880115393,0.7472922998777702,0.7787693860940075,0.5
845,9,222,11,0.9097329188738875,0.6102252965842754,0.9097329188738875,0.7110236553707414,0.006439339370973342,0.6562186453516226,0.6918310453677492,0.740283252296728,0.9
846,9,281,11,1.2398123112858592,0.9257805143933596,1.2398123112858592,1.0841684947012262,0.008613157793501464,1.055003702959785,1.0631536040067684,1.1214995248247297,0.1
847,9,260,11,0.5304977969181655,0.4561660806549946,0.5799056462197568,0.5381841971726816,0.0011050848613538096,0.5304977969181655,0.5531951472090408,0.5572259383900613,0.8
848,9,225,11,0.4883554513212115,0.35460168964294947,0.4883554513212115,0.4031199772568213,0.0017164984596625115,0.3749655850088825,0.395180087811022,0.4074984188710583,0.8
849,9,276,11,1.228716126238829,0.8297601202342214,1.228716126238829,1.1145399480038287,0.01674459540366414,1.1011581240175377,1.1563088312460512,1.2089855745458895,0.3
850,9,261,11,1.3032536587801316,0.7728873880342786,1.3032536587801316,0.9397182809283503,0.02530460163201807,0.8383637941573412,0.8781534092239811,0.9691765806775146,0.6
851,9,292,11,1.0394489064694503,0.8994635176853527,1.0394489064694503,0.9566324180308324,0.0016224986168646052,0.9195178937139091,0.964570332009369,0.9807923184091669,0.4
852,9,295,11,1.231865660513656,1.133165340857724,1.2495685018978946,1.1924335902721501,0.0013610541285812394,1.1634749369560362,1.1943024073726662,1.226014360176836,0.1
853,9,279,11,1.1117249194719845,0.6885593219309604,1.1117249194719845,0.9719638780507172,0.015921212609798962,0.9624287699376409,1.0048334664325194,1.0363790434290678,0.6
855,9,234,11,0.7650816412735886,0.618669034533663,0.9012211092455844,0.7958540383843588,0.006066821733264011,0.7650816412735886,0.7920947114697501,0.8580916056327463,0.8
856,9,298,11,1.1798406342890724,1.0002035474482318,1.199066230059774,1.1055056325103505,0.005868259827621297,1.028244757063735,1.1015086157559475,1.1798406342890724,0.3
856,14,447,16,1.1798406342890724,1.0002035474482318,1.0943060420956654,1.0420961509298963,0.0011990568583464514,1.0108162315582545,1.0317590517676207,1.0768679444842224,0.5
857,9,234,11,0.5974064827920179,0.4748724289017776,0.6193227760742464,0.5766124470897738,0.0015818144069730002,0.566710813078782,0.5841145496693817,0.6003452337012027,0.9
858,9,281,11,1.383577598949271,0.965607794884453,1.4512860011272046,1.232295394947478,0.03790630041617967,1.0136006133377442,1.334202537706373,1.3900710857007772,0.4
858,14,406,16,1.383577598949271,0.965607794884453,1.2848274764634755,1.0631926351855896,0.007304921548488141,1.0136006133377442,1.0293222829817732,1.0963251208991909,0.6
859,9,285,11,1.344349455229565,0.8144571942817668,1.344349455229565,1.074895538922448,0.027001906532660196,0.9608407694994393,1.0506190266688396,1.2024430292020065,0.6
860,9,301,11,1.3024879387780053,0.9052986994166712,1.3024879387780053,1.0475412005148033,0.01697628101626609,0.9592513508391347,1.026005255425205,1.0519051106336283,0.2
860,14,437,16,1.3024879387780053,0.88920910346004,1.019583524997527,0.9429321876325423,0.0011604132153130286,0.9258698521497095,0.9404630095819496,0.9559470131264082,0.5
861,9,302,11,1.3166683991077899,0.8684505865380436,1.3166683991077899,1.080032699294264,0.02364347989044429,0.9648090333438131,1.0101244489740604,1.2431415792401714,0.1
861,14,424,16,1.3166683991077899,0.8684505865380436,1.0019000529454474,0.9677624932904969,0.0013377850776748368,0.96205874087955,0.9811750257091687,0.9897271930316845,0.1
861,19,565,21,1.3166683991077899,0.8684505865380436,0.9778622191671738,0.9406678397157382,0.0010318882929405502,0.924131350979013,0.9533447110401454,0.9611985031501161,0.3
862,9,303,11,1.3349311945507674,0.9223436846362905,1.3349311945507674,1.190163831104142,0.014866403720188687,1.1352627387820604,1.2405292486853332,1.2793574664546346,0.1
862,14,453,16,1.3349311945507674,0.9223436846362905,1.2370043273008338,1.100474381759531,0.006437691394183017,1.062065598277648,1.1243804914959528,1.1336237561169262,0.1
863,9,303,11,1.1449174890986842,0.9594093962328822,1.1449174890986842,1.0454844546520685,0.0035541386005987128,0.9999082066388308,1.0282633843342475,1.0971481207077907,0.1
864,9,291,11,1.37477466051838,1.0179545812624047,1.37477466051838,1.123820081494049,0.008678427880593524,1.0722939805964016,1.0945784195404333,1.1456566287249503,0.3
864,14,427,16,1.37477466051838,1.0179545812624047,1.1348866893290959,1.0717230457168587,0.0011672653927053426,1.0516985138542458,1.0757409137581893,1.0934074529392124,0.5
865,9,280,11,1.178166689598077,1.0367928797372763,1.178166689598077,1.108829848273023,0.0017806982946633506,1.0871370440543116,1.1066825574097114,1.1241668845301813,0.0
866,9,293,11,1.1207902526798517,0.6479862985935723,1.1207902526798517,0.8407806281120674,0.028744184433513544,0.708493447494784,0.7541883288292175,0.9719325113259141,0.6
867,9,276,11,1.0078616112224827,0.813562551574725,1.0078616112224827,0.8811982977870428,0.002512141118535766,0.8511260769271294,0.8741732671729718,0.8957511112895913,0.3
867,14,416,16,1.0078616112224827,0.7828300191544457,0.864397175224462,0.842873261780316,0.0006083553327813314,0.8404518208882323,0.8524867438203938,0.8595745300216397,0.8
868,9,261,11,0.8400879869823654,0.8400879869823654,0.9060868924422357,0.8742416927033249,0.0006521398960846098,0.8477634218862622,0.880542306332587,0.8993167974396767,0.5
869,9,254,11,1.082602771698765,0.6819080151648799,1.082602771698765,0.849093593122692,0.018233543902296,0.7824109904992093,0.7918620985924814,0.9147671768240264,0.4
870,9,311,11,1.3600371375213642,1.08985111848513,1.3600371375213642,1.2168302765195964,0.0065219981972632875,1.163614642943415,1.218004348275289,1.2468640672543554,0.0
870,14,436,16,1.3600371375213642,1.08985111848513,1.2250570811483785,1.177229759724111,0.0017741192166185085,1.1584017496664396,1.1903820335818898,1.210230878206533,0.0
871,9,256,11,1.2657502197874673,1.121615201555452,1.2657502197874673,1.17752303584771,0.0021057858536638035,1.1474932491086949,1.164877014707193,1.1821070696016351,0.0
871,14,400,16,1.2657502197874673,1.0291090862701764,1.1597926442716202,1.1063798182947309,0.0018453948382068485,1.0716682151043104,1.1123000852403333,1.1444718746079303,0.0
871,19,538,21,1.2657502197874673,0.942520640673588,1.1063798096495916,1.0618737242967087,0.00224094535728664,1.0424651449363824,1.0753951711969587,1.0976058405586717,0.1
871,24,668,26,1.2657502197874673,0.941304168482035,1.0679412590116624,1.0168917524286123,0.001986402830459864,0.9945993220169366,1.0311675439209045,1.0530238528455302,0.4
872,9,248,11,1.299279831708159,1.0607726315563233,1.299279831708159,1.1824889350575092,0.00532535744525045,1.1552000694019573,1.1843568179469235,1.2378238311683787,0.0
872,14,384,16,1.299279831708159,1.0586214716721465,1.1881748275216475,1.1260742731695594,0.002523226437759539,1.076149981791075,1.130320693296741,1.1705927304407457,0.0
872,19,519,21,1.299279831708159,0.7436089358455573,1.1108386429757209,1.0533830811472416,0.010998963239821477,1.062852579095976,1.0902773337285292,1.1018460488472392,0.1
872,24,636,26,1.299279831708159,0.6816577875821428,1.0832320054375595,0.9277333113681996,0.018684141505120842,0.8368206014285564,0.9359876891098342,1.0602348415852791,0.6
873,9,298,11,1.1674890933183966,1.06972070622432,1.2082440718397378,1.1454657726084259,0.001366350561054025,1.1208056735789476,1.1593195779058656,1.1660536238877217,0.0
874,9,261,11,1.151234121816267,1.0933444350097268,1.1802212737356983,1.1460112250839194,0.0005092453552267739,1.1376163994469963,1.1505040900821677,1.1524766161245477,0.0
874,14,406,16,1.151234121816267,0.8780020144693881,1.151234121816267,1.0475713381448617,0.011879667832791842,0.9503708316933697,1.1132038242418205,1.1377732929686952,0.2
874,19,533,21,1.151234121816267,0.7523816225785414,1.0933444350097268,0.9180372570804088,0.0067245070872958765,0.8805866699033064,0.9167243980826395,0.955983761269168,0.6
875,9,242,11,1.0157305195272688,0.5331133955525107,1.0157305195272688,0.6949148088320292,0.020186152169581827,0.6303963536911772,0.6411881959653435,0.7456091525777384,0.7
876,9,280,11,1.3515013730303027,1.2081042221367662,1.3515013730303027,1.2829593070532574,0.0016569983903231378,1.2677449957225837,1.2842066301773971,1.3111353720903236,0.0
876,14,426,16,1.3515013730303027,1.0844100737804525,1.2875449725295278,1.225316059918852,0.0032608371780719547,1.205671698245051,1.231040733528756,1.268699119155433,0.1
876,19,577,21,1.3515013730303027,1.0844100737804525,1.24670662782781,1.1989619221933296,0.0017968238472384085,1.192717770382566,1.2053409313796823,1.2246593346800618,0.1
876,24,722,26,1.3515013730303027,1.0441997294159817,1.2048608569478128,1.1319888411934613,0.004220552742738037,1.067925660884807,1.1423104365169963,1.1917528872394125,0.4
876,29,864,31,1.3515013730303027,1.0288613696345101,1.139897541937259,1.0917906815152818,0.0016581723910767308,1.0557075894450827,1.092286925953493,1.1352286216265002,0.5
877,9,284,11,1.0488156198302532,0.788530089120052,1.0488156198302532,0.9091768092254933,0.00461833547946806,0.8785740008531268,0.9239360568811277,0.9253968472335086,0.3
878,9,280,11,1.0223633478046599,0.9156064450997139,1.0232871334778175,0.9944290618875791,0.0011096575636766143,0.9878245711995677,1.0044188234780673,1.0216439600909364,0.2
879,9,303,11,1.0725214979721855,0.9558139533169183,1.1193347277253995,1.0508437881408557,0.0022683995499500212,1.0168784493038268,1.0632521347318238,1.0857865923831698,0.5
880,9,284,11,1.0210588453025347,0.8644083026936589,1.0597498007693487,0.995800622071083,0.0034668391182066465,0.9696727805265462,1.0210588453025347,1.0365099311741037,0.4
881,9,280,11,1.1143516625318084,1.0592613080699809,1.1727518664720546,1.1328597533701343,0.0009855035347171252,1.1161320760582463,1.13697115354686,1.1576971384051933,0.0
881,14,429,16,1.1143516625318084,1.0592613080699809,1.144006839111515,1.1143261094367067,0.0007385417346604864,1.099725457991073,1.1179124895846841,1.1386168789869913,0.0
882,9,296,11,1.1866797988347317,0.7894801297174793,1.1866797988347317,0.9736390334293936,0.015375085221331875,0.9039292163553354,0.9641427832109861,0.9920677223761354,0.5
883,9,263,11,1.1969649144954615,0.49130356663135394,1.1969649144954615,0.9311908899100214,0.034203819728530344,0.9026045982288551,0.9554398592277525,0.9659512646891979,0.8
884,9,279,11,0.9130208542246306,0.5571750482201477,0.9130208542246306,0.7621169699786934,0.011835271046271783,0.723193419158478,0.7737155077332081,0.839861463249972,0.5
884,14,421,16,0.9130208542246306,0.5571750482201477,0.8019349353701274,0.7277769394814637,0.006264497152627708,0.723193419158478,0.7538734046205973,0.7834604780547141,0.6
885,9,280,11,1.203413804493785,0.7683976121808581,1.203413804493785,0.9612285888455722,0.024665466650489597,0.8152942885687734,0.9147095798228047,1.1238642070073526,0.4
885,14,383,16,1.203413804493785,0.7683976121808581,0.8994205238340441,0.8463255161820479,0.0017047260018284646,0.8152942885687734,0.8515648899446694,0.8764165493197681,0.5
886,9,295,11,1.1272073662816446,0.9541134390808803,1.1272073662816446,1.053454339124236,0.0034044072898775013,1.0082835268515702,1.0710579220408964,1.0995416659587487,0.2
887,9,282,11,1.3427897241043996,1.0533757319140034,1.3427897241043996,1.1610025984050492,0.008222056572667464,1.100792649413721,1.1386709245302218,1.1746126923658888,0.4
887,14,408,16,1.3427897241043996,1.0533757319140034,1.1406890754302248,1.106466408616395,0.0006372871255582336,1.09165429141636,1.1074572263334428,1.1234306404514625,0.5
888,9,301,11,1.2336642467029229,1.0463365791344668,1.2336642467029229,1.1395545836332546,0.0027395252300464476,1.1229518315513514,1.1400220084038182,1.1743524725511696,0.2
889,9,295,11,1.131330439765812,0.9828288007849073,1.131330439765812,1.0900543169693697,0.0017068665994676977,1.079861593181803,1.0964688963788314,1.1157763868891628,0.1
889,14,428,16,1.131330439765812,0.9828288007849073,1.0955835567920025,1.0598416936824415,0.0012457563272347625,1.0401778918324494,1.073329083390183,1.087092871347505,0.1
890,9,283,11,1.2427664762765378,0.9762237783919551,1.2427664762765378,1.1223846967595406,0.009746491253327756,1.024433646541711,1.1588638777697136,1.2034023739307036,0.2
890,14,417,16,1.2427664762765378,0.6649855988628779,1.1267881544968368,0.9546817676887184,0.015787945360046435,0.9154133228452438,0.9928830815532528,1.0184966319720807,0.6
891,9,295,11,0.839862937528491,0.7368014960526003,0.8493674518151143,0.8221030847712495,0.0009888403159838998,0.8132912845963212,0.8385554013189819,0.839862937528491,0.1
891,14,431,16,0.839862937528491,0.6723072654046909,0.8374184377383689,0.7534709033467349,0.0036964742092290594,0.6936090197471112,0.7546986855390085,0.8103774668020687,0.5
891,19,572,21,0.839862937528491,0.6085479192441532,0.7652917283654657,0.7096858467836074,0.002162200649136306,0.6766868106325417,0.7272328856162734,0.7385265897762981,0.8
892,9,275,11,1.2370121127908276,0.6080102639366536,1.2370121127908276,0.8508978156039859,0.05738270068198596,0.6833022258038435,0.7266030774192174,1.060566991851009,0.5
892,14,399,16,1.2370121127908276,0.6080102639366536,0.7588324317209407,0.7000197855739612,0.0019089343276250399,0.6833022258038435,0.6918040099048511,0.7373712005568244,0.9
893,9,292,11,1.1335481588372067,1.1335481588372067,1.2590631526941023,1.2127915116562829,0.0021128969955030393,1.1872716760954436,1.235589239242354,1.250128181440469,0.0
893,14,445,16,1.1335481588372067,0.9151367718500486,1.2302698749273726,1.1125851875937243,0.00978583975969909,1.0906678256995042,1.1335481588372067,1.190905899083132,0.2
893,19,588,21,1.1335481588372067,0.9151367718500486,1.1335481588372067,1.039767693515236,0.004157068609821815,0.9999831597972573,1.0577151484778886,1.084186171001976,0.2
894,9,296,11,1.1170528475808783,1.0478852847400368,1.2061634245822228,1.1389408216251735,0.001890072161955732,1.1170528475808783,1.1357685326273779,1.1675646046420236,0.0
894,14,440,16,1.1170528475808783,0.9332684410351629,1.1346486268205305,1.0424591876338702,0.004730564959942461,0.9905768779428793,1.0246017740264421,1.1156449112460323,0.1
894,19,570,21,1.1170528475808783,0.8877395341197042,1.0013182633128477,0.9449963693291302,0.0018983037669807253,0.8997102276981971,0.9487546963362902,0.9862372174446891,0.5
895,9,279,11,1.1215112146232453,0.9881384884468721,1.1215112146232453,1.0770302957227216,0.0021968593473385162,1.0638678376522663,1.096839490092928,1.1127081133466956,0.0
895,14,420,16,1.1215112146232453,0.9881384884468721,1.0987680090554943,1.0590081428406308,0.0017684817340404425,1.0225119837690424,1.0795338861271606,1.0932293314439074,0.0
895,19,556,21,1.1215112146232453,0.9315293549177133,1.0730255097479404,1.0009382318253142,0.0018521545734779305,0.9883557974228095,1.0006825833063266,1.0167064594212223,0.2
896,9,281,11,1.3898176499490864,1.0582114780478689,1.3898176499490864,1.1823632340242158,0.009285002456385314,1.1077750789430632,1.1727848248453328,1.240513848699526,0.0
896,14,433,16,1.3898176499490864,0.9862670482161426,1.1310634418368364,1.0769910837519372,0.0015875245743840528,1.0594085754130043,1.074620048714825,1.103155605688986,0.0
896,19,579,21,1.3898176499490864,0.9145190428682315,1.0679050770896235,0.9944945430412206,0.00365952879848471,0.9315864120120378,0.9971990997202933,1.056888599252888,0.4
896,24,717,26,1.3898176499490864,0.9145190428682315,1.0012399452763383,0.9599574343971895,0.0010797830592222171,0.9283293129090299,0.9655603766795037,0.9859511350273352,0.6
897,9,295,11,1.2194676192938718,1.1115184006724717,1.2194676192938718,1.1942934102866851,0.0008851914893791939,1.1933434264831466,1.1985707211560235,1.2138727599211465,0.0
898,9,295,11,1.028462194739319,0.9072448178988635,1.030039351067617,0.98124391867578,0.001592398473867362,0.9590655276072013,0.9755090413597554,1.0230699287643583,0.0
898,14,441,16,1.028462194739319,0.8580726681028148,0.9637148045687827,0.9194530664727874,0.0012347624781443313,0.903994227322915,0.9157431998026065,0.9533977681715424,0.1
898,19,581,21,1.028462194739319,0.464164396740732,0.9107605897025106,0.8214400962443829,0.01587908688847209,0.8370797809610492,0.8586716041964328,0.894878488515092,0.6
899,9,277,11,1.3172679700920276,1.147945700817958,1.3172679700920276,1.223003148062303,0.0027048028007273504,1.1918177962571361,1.2070554979639936,1.232754394928852,0.0
899,14,418,16,1.3172679700920276,1.0568452955069239,1.2035428748072163,1.1500863291594077,0.002084418934143457,1.1188167860466094,1.1532253471350353,1.1891775766824346,0.3
901,9,277,11,1.2024883600367255,0.9939048228346747,1.2134749749286646,1.152139644403897,0.003670021260147463,1.1366218209412173,1.1569560454360115,1.1999090891012212,0.1
901,14,424,16,1.2024883600367255,0.9939048228346747,1.1652241033226143,1.0964803919643857,0.003110122959381724,1.0499362959173801,1.1186839197214262,1.1392263819121287,0.4
902,9,280,11,1.3192962673538684,1.11296028954916,1.3192962673538684,1.2103505250486233,0.004737223897784715,1.157685067698365,1.1914617036240656,1.2669322683786417,0.0
902,14,410,16,1.3192962673538684,1.11296028954916,1.215430534396848,1.174452364277314,0.0009288876301798499,1.1575222313011522,1.1758709260807279,1.1973535269547995,0.0
903,9,278,11,1.0633055747507307,0.7515004065087169,1.0633055747507307,0.9292198462369397,0.005973858033451347,0.8975693991327006,0.9540907809082869,0.9639439143620345,0.2
903,14,403,16,1.0633055747507307,0.7515004065087169,0.9520938285956548,0.8928094307416277,0.0028716047991211645,0.8826230724526765,0.8984206331241065,0.9221352247471459,0.3
904,9,227,11,0.925323087865817,0.675251581066277,0.925323087865817,0.7906713207634782,0.004244016456756972,0.7767227962010088,0.7986878373665844,0.8144193275283503,0.9
906,9,289,11,1.101719944419761,1.101719944419761,1.2997994492336131,1.2418183506106124,0.00542072958288121,1.2338919177105672,1.2838944398533925,1.2904485812088053,0.1
907,9,292,11,0.9206012054022839,0.5696046279699075,0.9206012054022839,0.7623150710193182,0.01279921572404348,0.71860161247607,0.7381836566577533,0.8675943568197743,0.6
908,9,209,11,0.463380214860488,0.19848960637977428,0.463380214860488,0.265458254034505,0.005997169200726114,0.218880795652243,0.22795305917696168,0.2807439444130537,0.7
909,9,280,11,1.111855083706556,0.9577233742494953,1.111855083706556,1.0211483315195538,0.002603009836395682,0.9720377079460202,1.0136694139238451,1.06125839233556,0.0
909,14,417,16,1.111855083706556,0.6749385856523584,1.012818004363493,0.8794605624654291,0.013604097480063932,0.790090887511363,0.9382569889157053,0.9616367693313744,0.4
909,19,547,21,1.111855083706556,0.6749385856523584,0.9187906035819154,0.7774358364874007,0.00436095516553785,0.7377511434874213,0.7908037470020444,0.7984412411699231,0.9
910,9,285,11,1.2386928251042884,1.0528047386077997,1.2386928251042884,1.1253689783939866,0.003263619544964569,1.0873500222273758,1.1152133470107752,1.1540145550764975,0.0
910,14,431,16,1.2386928251042884,0.9174656061091817,1.092666829793971,1.046070023170802,0.0031522451372719153,1.0508667654732275,1.059596992850933,1.087530908939351,0.2
911,9,299,11,0.9170498906993102,0.8588363251414346,1.018477540700296,0.9189519275350257,0.002562679555399309,0.8714772700949707,0.9170498906993102,0.9404060557822417,0.4
912,9,274,11,1.232157701747863,1.1552518535331104,1.232157701747863,1.1963006398571598,0.0005242404268833223,1.1837889031339335,1.2023183720230506,1.2111908774899716,0.0
912,14,401,16,1.232157701747863,1.1131109785160207,1.2026933698997648,1.1688331583578089,0.0007405815499268505,1.1572937890719166,1.1733063826462367,1.1874896260738348,0.0
913,9,302,11,1.2019846820786348,0.9506358362846877,1.2019846820786348,1.0900618726733255,0.006677125904524457,1.02719654791056,1.1035109311800864,1.1598044636760658,0.3
913,14,455,16,1.2019846820786348,0.9506358362846877,1.121087017483484,1.0540086542875553,0.003178833897017664,1.0214891899880643,1.0561154402117565,1.1083509258811097,0.3
914,9,295,11,1.1791495986211293,0.7817016527797673,1.1791495986211293,1.090060603194441,0.012441296407391462,1.101456694818797,1.1280586395981538,1.1497322003295174,0.1
914,14,436,16,1.1791495986211293,0.7817016527797673,1.1220215184004811,0.9490781833112834,0.014720884937743216,0.8792814253594441,0.902741344357132,1.0790429654790923,0.4
915,9,292,11,1.2382694744643752,1.0966311226864496,1.2382694744643752,1.1541081911325726,0.0024628502842001824,1.1159025329407832,1.1374622172705426,1.1804205664720273,0.0
916,9,299,11,1.0411778209028315,0.8598739482968949,1.0411778209028315,0.9548916091378696,0.0019418083246177265,0.9334787637881481,0.9650828787389695,0.9695995994492403,0.1
916,14,442,16,1.0411778209028315,0.8598739482968949,0.9642508048729849,0.9146462115171061,0.0007891524399144163,0.9008194604747289,0.9153485386621658,0.9278668960834509,0.3
917,9,292,11,1.071369437102679,0.9048154939090232,1.071369437102679,0.9863336270519903,0.0024072176910177124,0.9548459589317988,1.0002836991673965,1.013614691034135,0.0
917,14,442,16,1.071369437102679,0.6780322700091874,0.9971458649278195,0.9006489661088594,0.007382477236566959,0.9049793981651636,0.9156098860871529,0.9413358027597286,0.0
917,19,567,21,1.071369437102679,0.43626426857915396,0.9122893559721841,0.6985127461613667,0.027575905085091494,0.5713513520273668,0.6399464349001864,0.8865165909446231,0.5
917,24,692,26,1.071369437102679,0.43626426857915396,0.6555634479504209,0.5952302188429079,0.003897913723178742,0.5713513520273668,0.602169863147503,0.6464274655332212,0.9
918,9,254,11,1.1874540800077513,1.0915295013021564,1.2674633888459084,1.1830474235168427,0.0022141699967927614,1.1635176561676792,1.1873089948595228,1.1903864559892199,0.0
919,9,280,11,1.274743833420803,1.0102811171563597,1.274743833420803,1.1595194438446323,0.00699027741191745,1.1221472203748337,1.150360719311358,1.2307727335482825,0.1
919,14,425,16,1.274743833420803,1.0102811171563597,1.145653230950072,1.0848108069116082,0.0017375800745412933,1.0651913669202198,1.0883200546355494,1.1113416537227314,0.2
920,9,239,11,0.796872498239209,0.6939000327348438,0.8443286159294825,0.7740134355253051,0.002610353438902713,0.7294560525229941,0.7738008564395595,0.8184516844472741,0.7
921,9,253,11,1.2056211408797946,0.7897284999415686,1.2056211408797946,1.0207401965434593,0.016097958847836824,0.9240832037312764,1.0190334962961005,1.1005135805578075,0.4
922,9,305,11,1.1798691194971864,1.1261889810098635,1.2187869692439415,1.1874373376533518,0.0006474020283605325,1.1794264881358931,1.1894635676984064,1.2056131720749463,0.0
922,14,449,16,1.1798691194971864,1.086060804602675,1.187822174315373,1.1552645533969887,0.001408833782526818,1.1372611673859228,1.17520134303855,1.1798691194971864,0.0
923,9,297,11,1.3581661632289397,1.072639970246389,1.3581661632289397,1.154935412745635,0.006295082591098218,1.0943883779182018,1.1535897477460169,1.17926101281461,0.0
924,9,269,11,0.6957988085820479,0.5304991368313441,0.7329052231386018,0.680759010510803,0.0028658968602114834,0.6789886856072613,0.692449469937788,0.7065112559069291,0.2
924,14,388,16,0.6957988085820479,0.5304991368313441,0.6957988085820479,0.6591266458663022,0.002201324603455803,0.6543320161868511,0.6716603476400131,0.6887692068583817,0.5
925,9,282,11,1.040846962153432,0.9777955870499432,1.0960020552851666,1.0363712629629733,0.0014097975715430039,1.007500535178394,1.0365541439877939,1.0647928231702903,0.0
925,14,412,16,1.040846962153432,0.8577841061594635,1.0322613258221558,0.9882053428263079,0.0021213040846595785,0.987201639502358,0.9994153073042709,1.0128145951804148,0.1
926,9,277,11,0.9071889125794884,0.47732172439740556,0.9071889125794884,0.7392786874661473,0.011418030504373722,0.7044798942959163,0.7682430690130685,0.7830228578600522,0.6
927,9,229,11,0.5691864116669936,0.43193729969488626,0.5691864116669936,0.4826393899438203,0.0011888381880127646,0.4657024888290723,0.47422268807244766,0.48484720578089585,0.8
928,9,275,11,1.1723230264198738,0.9971675670243545,1.1810480662981875,1.1380291366624666,0.003734276381499905,1.1497766465481494,1.166631302215897,1.1723230264198738,0.1
929,9,284,11,1.1037990648310292,0.7307434917876885,1.1037990648310292,0.8650615417560585,0.01651320285896884,0.7653423604988783,0.7885298178819213,0.9860541899074602,0.3
929,14,427,16,1.1037990648310292,0.6459624146479075,0.7918461641338276,0.7454386947893843,0.0021330888714119886,0.7326126112966687,0.7613299149828083,0.7824006074523343,0.6
930,9,295,11,1.3419978206256986,1.1751348167192766,1.3419978206256986,1.2337787512428373,0.0022087767690739607,1.2004465476447044,1.2186157072703705,1.2624342044355898,0.0
931,9,282,11,0.833189113891362,0.6994669524697703,0.833189113891362,0.7362213969368803,0.0012538253337400725,0.7177175033709376,0.7236633514498567,0.7447469584768645,0.4
932,9,252,11,1.2296958258872495,0.7036117312247087,1.2296958258872495,0.9532791728723854,0.033428674288034275,0.8235457082016657,0.8989107901123604,1.1243392615152412,0.5
932,14,371,16,1.2296958258872495,0.7036117312247087,0.8818830482851489,0.8262397246797264,0.003355184335152822,0.815019404071769,0.8417553021195066,0.8720378553585773,0.7
933,9,280,11,1.4400891402324085,0.7357555670673106,1.4400891402324085,1.1101176516902,0.060604311205753866,0.8986929603520913,1.178549851680038,1.3070182892927986,0.3
933,14,407,16,1.4400891402324085,0.707853469403205,1.122493042283747,0.8769170568512393,0.012484721577233234,0.8046578100802517,0.8926991237593955,0.9147649814309494,0.8
934,9,292,11,0.8380239771655987,0.7470537366145311,0.8677884648408352,0.8285016557351452,0.0012113087309439637,0.8316419685877741,0.8370851252205611,0.8509577623796307,0.2
934,14,422,16,0.8380239771655987,0.7055517391520256,0.8361462732755234,0.7903057958066617,0.0021519860341615857,0.755765438701933,0.8061292317444242,0.8317439008718863,0.6
935,9,255,11,1.2295173685941014,0.7934936727291779,1.2295173685941014,0.924506171487154,0.01898630361159869,0.8521528993741803,0.891428546388419,0.8964443560764337,0.4
936,9,296,11,1.0810010940575703,0.9233228893575991,1.0810010940575703,0.9836650919547149,0.0028474103942523828,0.9403306491232172,0.9546557794566904,1.0306075994912058,0.1
936,14,423,16,1.0810010940575703,0.9233228893575991,0.9900866913824349,0.9467858505741962,0.00032194916766037693,0.9352980827790298,0.9423644592752487,0.9550974712368052,0.1
937,9,301,11,1.2757347356740036,1.0635780652443283,1.2757347356740036,1.1655273002472688,0.004048496546884184,1.1326372008284062,1.1503048822016728,1.1805907905867987,0.0
937,14,429,16,1.2757347356740036,1.0144580529582887,1.1450247194966678,1.102184317817765,0.001632865926756003,1.0779089813626777,1.116877793394895,1.1335677906672417,0.1
937,19,580,21,1.2757347356740036,0.8854963518193899,1.1223485867682208,1.0625064428043125,0.0043993343091724285,1.0637314949110726,1.0781526158253147,1.1043251888571726,0.2
938,9,290,11,1.0299986901233738,0.9243059150395099,1.0299986901233738,0.9837801191716906,0.0012623510928094308,0.9560259051694445,0.9941739731645095,1.0149826420790173,0.0
939,9,255,11,1.329891975864231,1.114713051658978,1.329891975864231,1.2007839621102714,0.003699410860025984,1.154925326250669,1.2102110823872283,1.220037608263935,0.0
939,14,388,16,1.329891975864231,1.0167226195983956,1.2035073885190448,1.1340909277490756,0.0023372301390845425,1.116610172552185,1.138939819853139,1.156254787413434,0.1
940,9,300,11,1.228052591150466,0.9409302165897002,1.2471358209332697,1.1359013799560922,0.008471474772858867,1.0895256016659705,1.1202314076382216,1.2266958621171065,0.1
940,14,450,16,1.228052591150466,0.6671625871068303,1.11477849331426,0.9496341932376126,0.024011727150463937,0.834353798066436,1.0005269591648633,1.0819538335580043,0.5
941,9,284,11,0.9088578148319837,0.47656191871509285,0.9088578148319837,0.7126840892836345,0.015144106291736093,0.6836966813309264,0.7018807023509084,0.8039374626120375,0.6
942,9,260,11,0.9318042196312106,0.6208758347024785,0.9318042196312106,0.7727050898209442,0.005984059959025189,0.7355439232307367,0.7742805824394976,0.8119964227328866,0.3
942,14,391,16,0.9318042196312106,0.6208758347024785,0.7713340005388833,0.6983306055781062,0.002217883710156875,0.6623782278853898,0.7021087340256459,0.7317920342678307,0.8
943,9,275,11,1.4498082984186318,1.0654428041032205,1.4498082984186318,1.2229282994830595,0.025184536708534284,1.0730956789398904,1.1545396862639046,1.3694811282579553,0.0
943,14,404,16,1.4498082984186318,0.9445448750325934,1.1035124510553092,1.0559467168459657,0.0023319972933036324,1.066190045359623,1.0697297743758525,1.0856533788754241,0.2
944,9,256,11,0.8456285150363806,0.6789330806817426,0.8456285150363806,0.786559397908356,0.003208019042509744,0.7792999848674707,0.7958646198162556,0.8286164725281268,0.8
945,9,306,11,1.0459709418818603,0.9290695567242668,1.0459709418818603,0.9861563681795523,0.0014428269499926053,0.9584743996666321,0.9845299760479157,1.0038204131506538,0.0
947,9,303,11,1.2670743270938656,1.0791303872240188,1.2670743270938656,1.1635093764275468,0.003039496225691708,1.1284800100021188,1.1640968269103904,1.1985751152397799,0.2
947,14,446,16,1.2670743270938656,1.0686935614204165,1.1680297236144241,1.121433926558009,0.0012737894149191227,1.0917839424761675,1.1184334711292738,1.1598545916159013,0.3
948,9,273,11,1.2819295145452383,0.3807906963734594,1.2819295145452383,0.9197347076761776,0.06027163466867587,0.8629510411780162,0.919651077386475,1.0504955809238432,0.7
949,9,224,11,1.007514876763667,0.9209224611484539,1.0638232931524774,1.0225037023306003,0.0016163023259957595,1.007514876763667,1.036126221845887,1.0501314672386814,0.1
950,9,269,11,0.7897860026174068,0.5165425188298958,0.7897860026174068,0.7201001274801847,0.006163119956941217,0.6982091245128511,0.7545821766049103,0.7582552888636289,0.9
951,9,278,11,1.1502222577802295,0.9928354185527593,1.1502222577802295,1.0773120819605824,0.0032276255009737096,1.0313242662101727,1.0803637051493806,1.1267239202917145,0.3
951,14,383,16,1.1502222577802295,0.9508701307792284,1.0772181377024912,1.030394233374889,0.0014827490363276353,1.0036312363118998,1.0343861152721143,1.06196237741139,0.4
952,9,287,11,1.4614921578910482,1.073271098834518,1.4614921578910482,1.2897825133839527,0.01701845943109809,1.1937706010508815,1.2608856410975382,1.4231343545581348,0.1
952,14,438,16,1.4614921578910482,0.8032053833662398,1.2172856173484867,1.1105049467418373,0.01321674948845546,1.076568141884511,1.1484968519309084,1.1837562062099154,0.3
953,9,272,11,0.9244257981060237,0.6723559494145354,0.9244257981060237,0.7605425900675423,0.004484591722050396,0.7288793669477329,0.7552773203744254,0.7800566746017523,0.6
954,9,302,11,0.8888022738023937,0.779253501217495,0.8888022738023937,0.8366826125152942,0.0009764859742990732,0.8197065455952397,0.8417185917091087,0.8548134741442242,0.5
955,9,240,11,1.2172837337508433,0.6258887392098549,1.2172837337508433,0.8254755082264834,0.03277795592377235,0.7174099484234546,0.7671678085408785,0.8032873054657012,0.5
955,14,352,16,1.2172837337508433,0.6258887392098549,0.7927787028677961,0.7368077488638833,0.0023763683791833716,0.7124499471190091,0.748038675275813,0.7704824055608106,0.7
956,9,259,11,0.7966031566364379,0.6618400286216285,0.7966031566364379,0.7407074120175382,0.0015843445952778159,0.714228910289405,0.7523671345018187,0.7676797280816127,0.1
956,14,387,16,0.7966031566364379,0.6061305669010636,0.750718668582491,0.684642014323859,0.0017323443340930798,0.6638704817922296,0.6853849108033866,0.705037303779686,0.5
957,9,286,11,1.3503930720174686,1.1954922804362917,1.3664298927939178,1.3148527918010757,0.0031169926637565877,1.2776990493793856,1.3460989547210565,1.3503930720174686,0.0
957,14,437,16,1.3503930720174686,0.9128270711614935,1.3434228095866394,1.161327851968252,0.02394517060561757,1.0335474493782322,1.2211913181823832,1.26026835838455,0.0
957,19,581,21,1.3503930720174686,0.7975859007524271,1.1954922804362917,0.9319173212959775,0.017595868931838076,0.8191855687229216,0.8991483686918637,0.9786240119888164,0.4
957,24,716,26,1.3503930720174686,0.7975859007524271,0.886033823663634,0.849982992095691,0.0012322600226167984,0.8125792327252603,0.8662777627689934,0.8812185330731888,0.7
958,9,275,11,1.3759106836995085,1.1893213794406452,1.3759106836995085,1.3063342872768975,0.003216236681479815,1.2771249422338071,1.3244412265114516,1.3419959962267662,0.0
958,14,417,16,1.3759106836995085,1.124131494216975,1.3188448786836038,1.2498794680758358,0.0031074823814926833,1.2323309097302255,1.2585785284230244,1.2868404513502794,0.1
958,19,535,21,1.3759106836995085,1.0682903206946783,1.250899001210713,1.1703256404815718,0.0030896642579660806,1.1313825566787252,1.1645133427164174,1.2196666424821976,0.3
959,9,297,11,1.231375149117239,0.833927967553354,1.231375149117239,0.9737596906271578,0.01915157005714498,0.8586460390684001,0.8920907276157826,1.0999334072330775,0.4
960,9,291,11,1.1738943375219408,1.0969720245646868,1.2654430806947363,1.1752869488095508,0.002713208726955487,1.142334150101464,1.1738943375219408,1.2114185270894182,0.2
961,9,298,11,0.7745840302626372,0.6611646625324907,0.7745840302626372,0.7111976464591759,0.0017987083226805648,0.6748664942940967,0.7010275615444583,0.7515346114801567,0.3
961,14,427,16,0.7745840302626372,0.6611646625324907,0.7088078670378312,0.6834903406655563,0.0002674682819097182,0.668137137060582,0.6847447054849951,0.6968140925756656,0.4
962,9,238,11,0.8875362417443262,0.37271916207533395,0.8875362417443262,0.6156361240504219,0.024646026496876177,0.48328599866128097,0.6280684476355529,0.6933809469888409,0.8
963,9,295,11,1.0463192465740376,0.7654812569904841,1.0463192465740376,0.9207756718604013,0.009593249481974809,0.8374335844590813,0.9215857764662705,0.9998045220168807,0.3
963,14,441,16,1.0463192465740376,0.7654812569904841,0.9024606340227936,0.8648120668472232,0.0023601893190981762,0.8354163870397671,0.8942122601246334,0.8959195063560175,0.3
963,19,574,21,1.0463192465740376,0.7654812569904841,0.8941944633495797,0.8457880357563891,0.0018442773437301941,0.8197438527232288,0.8453908882432647,0.8882749330906565,0.5
964,9,288,11,0.8131675277134118,0.8131675277134118,0.9335697806727685,0.8879270306930984,0.0020319312324147184,0.8558009285339511,0.9015100399569156,0.9281097356722332,0.2
965,9,292,11,1.0137713169490357,0.5507487522814903,1.0137713169490357,0.8951109241322877,0.016880418974181743,0.8975481504472689,0.9417093841247923,0.9679115766875707,0.7
966,9,278,11,0.9442124536727308,0.7588663453146317,0.9442124536727308,0.8416478068937148,0.003549565867980581,0.8031908661439293,0.8396723141706481,0.8545133705391628,0.5
967,9,287,11,1.3069334302588498,1.037057189985701,1.3069334302588498,1.12397948769635,0.00715039487396481,1.0666161981051712,1.0917311198884851,1.1433399088807463,0.4
968,9,298,11,1.1111557895843054,0.6778583578076807,1.1111557895843054,0.8717992895900786,0.017177922438831712,0.7913287964490627,0.8488669707471348,0.9379259488580587,0.5
968,14,424,16,1.1111557895843054,0.6778583578076807,0.8641050194963089,0.8016348743242346,0.0030059922947717303,0.7899353271793462,0.8108817428903895,0.844396714565493,0.7
969,9,308,11,1.283507770787577,1.06150578500508,1.283507770787577,1.1785199653973693,0.0037585700150486326,1.139761387781753,1.18121712544778,1.1991691979210661,0.1
969,14,450,16,1.283507770787577,1.06150578500508,1.1868459434035492,1.1500123559735482,0.0013975591533884175,1.1319970901240375,1.1583639992168073,1.1833416039018227,0.1
970,9,278,11,1.0224706360138465,0.8390092276162573,1.0224706360138465,0.8891249128888902,0.0034933679853812473,0.8488531694528239,0.8609840452927578,0.9171250152011572,0.2
971,9,274,11,0.839143685790035,0.602384495653324,0.839143685790035,0.7159622521750553,0.004369632478118173,0.665193076384008,0.7267502178082055,0.7522310734356866,0.7
972,9,296,11,1.0697398772355509,1.0310744994457552,1.0854830913165154,1.0562720267783314,0.0003279508292162814,1.0409409367936606,1.0548705726711318,1.0697398772355509,0.0
973,9,303,11,1.1423419756812512,0.8949302050299588,1.1423419756812512,1.0192737606657707,0.00671197734390306,0.9692043007625101,0.9843082847483655,1.0870454339514417,0.6
974,9,292,11,0.7898300999888214,0.6282262258941025,0.7898300999888214,0.7286271213673423,0.0028065954324178284,0.6952426898018712,0.721000522873296,0.7836496191147245,1.0
975,9,300,11,1.0039589081708196,0.5428331259792323,1.0039589081708196,0.8188971679851924,0.021572694396940113,0.7724585307308811,0.8570481131645591,0.9101938758255758,0.4
975,14,419,16,1.0039589081708196,0.5428331259792323,0.8435241781799038,0.7481095733710388,0.010013273999425105,0.7319186896341234,0.7871934429554469,0.8156044244445277,0.8
976,9,296,11,1.3303101275613707,0.8324649207914825,1.343580150305844,1.0583149390870545,0.0463202037626569,0.8722523775314952,0.9284549775932642,1.3149411635798973,0.2
976,14,425,16,1.3303101275613707,0.7345464854301467,0.9296856856108566,0.8629869522256394,0.0033498673723026057,0.8365504917202393,0.8684074465649516,0.9100286034007414,0.4
976,19,532,21,1.3303101275613707,0.5664673859881268,0.895083747581729,0.8191334659113234,0.009182125631928743,0.8133662597844398,0.85367282145426,0.8781645558313369,0.5
977,9,224,11,1.0167792389312684,0.7161409204645887,1.0167792389312684,0.8044825472932656,0.006529758896659424,0.7685642499834977,0.7753270510615349,0.807300478338737,0.7
978,9,273,11,1.0300322088674572,0.8988193131151482,1.0300322088674572,0.9766687075969708,0.0017234603006327793,0.9598881337095517,0.9784076512009121,1.0121666639654865,0.0
978,14,406,16,1.0300322088674572,0.7495097946458492,0.9765065816043454,0.8769998879966637,0.005997275894497911,0.8254794643557959,0.8829789144871354,0.9492267443160519,0.5
978,19,543,21,1.0300322088674572,0.7495097946458492,0.8923370721519847,0.8412277560880728,0.0021256497650230964,0.8254794643557959,0.8583375680530954,0.8733010609043979,0.8
980,9,235,11,0.6655154488684518,0.6562448995446142,0.724221872281094,0.69343134648906,0.0006161454363412992,0.668013718363467,0.6979147644966202,0.7176621003518178,0.6
981,9,303,11,1.1767672536842209,1.134088402332618,1.2538360052486914,1.210614371673787,0.001575698032404827,1.1789865978101688,1.2173188281443008,1.2474445667421796,0.0
981,14,448,16,1.1767672536842209,1.134088402332618,1.237272857059829,1.187968502270295,0.0010198603028549384,1.1767672536842209,1.1870759677098555,1.2048575090016997,0.0
982,9,243,11,1.2228710570730816,0.9704458510779713,1.2228710570730816,1.0876380836633905,0.007635308412436784,1.031880963902254,1.0556917005631679,1.1601781398296365,0.2
983,9,290,11,1.2351518832142094,1.079592601545392,1.2351518832142094,1.190195117125469,0.0030483599954710325,1.1453682631274729,1.221485610169648,1.230234872162726,0.0
983,14,429,16,1.2351518832142094,1.0698209247688995,1.2212574231036193,1.1388391685520498,0.0020740636653927276,1.1219434163772486,1.129522543323131,1.1551273405492601,0.0
983,19,572,21,1.2351518832142094,1.0564876138223596,1.1434780866530974,1.1046280441785603,0.0008592741273915674,1.0763714618804388,1.1187421526177945,1.1276420188975758,0.0
984,9,283,11,1.3120947278583508,0.5724738166205803,1.3618939538384376,1.0452130603449004,0.07567420106061915,0.776880670745474,1.1239015327342359,1.305878387368492,0.4
984,14,412,16,1.3120947278583508,0.5724738166205803,1.062643688698568,0.8394102415041724,0.015675243506100865,0.7637831684046861,0.8645485969912523,0.9076472377229312,0.7
985,9,289,11,1.1069175051367226,1.0389955281772156,1.1411360634499932,1.107545135739521,0.0007545973243322832,1.1069175051367226,1.1152670244471972,1.12435453595679,0.0
987,9,301,11,1.2672250750364593,0.8670382560345509,1.2672250750364593,0.9897115766849687,0.01033945536431049,0.94789772306954,0.9803482805816293,0.9955408019145813,0.2
988,9,274,11,1.4547403799956797,0.8225523640885499,1.597825618115685,1.2260719295262088,0.05362348628522364,1.079188196266347,1.2129885099152575,1.4329492076998713,0.1
988,14,404,16,1.4547403799956797,0.8225523640885499,1.1766542424987214,0.9803731390490535,0.011110148367391406,0.9072309440877633,0.9686340548639818,1.0511710066168751,0.3
988,19,506,21,1.4547403799956797,0.8143618519310518,0.9671913712643634,0.8894908229910319,0.0025275616527351075,0.8559826570176481,0.8922819407322575,0.9173142351666109,0.8
989,9,293,11,1.014966086759945,1.014966086759945,1.1455397582348388,1.085991530447376,0.0020314229650885474,1.0713638935925118,1.076217521050994,1.129295423245473,0.0
989,14,444,16,1.014966086759945,1.014966086759945,1.097194546623715,1.0647184669765177,0.0006896334657260461,1.0655722503731713,1.0726329619382862,1.078670202058083,0.0
989,19,595,21,1.014966086759945,0.8990558538636446,1.0720820756944058,1.017889302546838,0.0032721451351268895,1.0085526600208043,1.0328949639897052,1.0620582998049608,0.2
990,9,264,11,0.5506122166847167,0.5077917162338992,0.5971571262113935,0.5657962959225568,0.0005800008439536262,0.5551967995352636,0.5697723966891581,0.5774363659629591,0.7
991,9,253,11,0.9199872531309121,0.6400270011045691,0.9199872531309121,0.7657164192074719,0.005284776454593277,0.7254948968517764,0.7536378790472503,0.8019614904815232,0.8
992,9,236,11,1.3596879845263248,1.0224978918140721,1.3596879845263248,1.2806920812721525,0.008894845935545535,1.2693289575619664,1.309842491582058,1.3396756880091139,0.1
992,14,353,16,1.3596879845263248,1.0224978918140721,1.301199354736277,1.2010949719660469,0.006219437425382636,1.158731967607016,1.2150581651301886,1.2532829599265192,0.3
993,9,243,11,0.48046168919256943,0.36022629101935133,0.48046168919256943,0.4188917018714588,0.0012884650569138043,0.39724155381348825,0.4205780944632621,0.42986450085017824,0.7
994,9,301,11,1.2629458295986473,1.1048306675651494,1.2629458295986473,1.1995996386717667,0.002496401441165921,1.1755185945617208,1.2115055800756593,1.2321893642387116,0.1
996,9,286,11,1.1341286706893048,0.7168949311613371,1.1341286706893048,0.9350822775846857,0.011020225847924026,0.9067819389308704,0.947622540495239,0.982496207468759,0.3
997,9,285,11,1.1470924200216486,0.8700723004304554,1.1963920194329516,1.0684702881831956,0.014686992326041893,0.9715691005193441,1.1427563155181346,1.163706310503682,0.2
997,14,429,16,1.1470924200216486,0.8700723004304554,1.1384202110146209,0.9640224117135258,0.00505249194859508,0.9280517087739304,0.9569393280778131,0.981536341994066,0.3
997,19,570,21,1.1470924200216486,0.8437339508666526,0.9432001601739693,0.9068092793968308,0.0009281693337881965,0.8908547433269574,0.9158094574935589,0.9313273731192073,0.7
998,9,247,11,0.7821473961118757,0.5251375171788619,0.7821473961118757,0.6279265084223448,0.0046893962047845576,0.5840468027317427,0.6335434433041223,0.6534837883972602,0.5
999,9,249,11,1.3262105895715954,1.2009794530899822,1.3761046209500847,1.2740715872094905,0.0025275338587772145,1.239801787493434,1.2622299009874562,1.310971471738794,0.0
999,14,366,16,1.3262105895715954,1.1899367989315763,1.2652541182403891,1.2373641066266259,0.0006085850935567132,1.22896768075889,1.2390546823051694,1.258258056019757,0.0
1000,9,275,11,0.9057329580587057,0.698197016868193,0.9057329580587057,0.7996154280796137,0.003431986116936809,0.7535643001979376,0.8079171864355055,0.8357873737934329,0.6
1001,9,267,11,1.3161426182557734,0.43489442069034057,1.3161426182557734,0.7792499949132898,0.06751524440890402,0.6119531132332487,0.7001239076933553,0.8716813106451837,0.8
1002,9,302,11,1.2030263175768203,1.0255735687138143,1.2030263175768203,1.1366062642725319,0.0032404268566706166,1.0975590298573548,1.1436160386400818,1.1836848908381121,0.0
1002,14,446,16,1.2030263175768203,0.9233276660996133,1.1397407714003431,1.0629954861831796,0.004379378852421527,1.0362722486065228,1.076063849685417,1.108311993159138,0.2
1002,19,580,21,1.2030263175768203,0.9233276660996133,1.0746711954933952,1.0241301577870892,0.0028379651774511115,0.9895150959597568,1.0517069150912666,1.0658729516717795,0.3
1004,9,230,11,0.677539308363855,0.34104589263762375,0.677539308363855,0.48201046783884316,0.013365744164545557,0.3787799669255957,0.4511130315304826,0.5792142270367775,0.6
1005,9,253,11,1.3119458174587555,1.0481573532255273,1.3119458174587555,1.2157234581493581,0.007547461721826874,1.158209916833146,1.2478183629473207,1.2826286125779036,0.2
1005,14,395,16,1.3119458174587555,1.0481573532255273,1.2438581455002617,1.1637690565890908,0.002888216420747964,1.145977613975274,1.1778795706900926,1.1976345880553536,0.2
1006,9,283,11,1.2301791757310157,0.9590777445243889,1.2301791757310157,1.053301085085842,0.0077531113886258555,0.9815000441977484,1.0083752496312837,1.1171921194108505,0.2
1007,9,300,11,0.7956204350246896,0.6558509727096058,0.9782814935387218,0.8683307572158819,0.009537416226158122,0.7979429379802963,0.8996350295957005,0.9474228275441606,0.3
1007,14,434,16,0.7956204350246896,0.6558509727096058,0.8952247972421756,0.7782111550843089,0.004110937623847429,0.7428810963186254,0.7956204350246896,0.8128760487634539,0.6
1008,9,292,11,1.1772545806488903,0.8368174659223144,1.1772545806488903,1.004603541757466,0.011724739553674141,0.9258906092705753,1.0151740263637583,1.0392734971577964,0.2
1008,14,422,16,1.1772545806488903,0.8368174659223144,1.007020481087221,0.914117424087084,0.002025006170374104,0.8939214146399566,0.9080436492526537,0.9266817887039107,0.4
1009,9,306,11,1.3295691327995824,0.9915470870960447,1.3295691327995824,1.1088517509814655,0.008440535717647687,1.062837404976504,1.093205867477066,1.1061728689244177,0.0
1009,14,449,16,1.3295691327995824,0.9915470870960447,1.0909883801367537,1.0450534410291756,0.0007394498279619998,1.027512374523252,1.0475810456024561,1.0563051549132894,0.0
1009,19,592,21,1.3295691327995824,0.9458616047673315,1.048201167099394,1.0176476981469071,0.0009243964785696755,1.0027941265551452,1.0230377483138222,1.0436476361470544,0.1
1010,9,264,11,0.6043180413865596,0.5764459511123781,0.628452291384149,0.6029581709139402,0.00024241289823487977,0.5950941994217133,0.6028430652571513,0.609875576588933,0.3
1010,14,349,16,0.6043180413865596,0.5159988322923467,0.6043180413865596,0.5816734295802031,0.0007829039543309757,0.5783964192461012,0.5956728114806586,0.6006884697958821,0.5
1010,19,459,21,0.6043180413865596,0.4957626077842358,0.5939090619621845,0.5537161218013223,0.001123291590972762,0.5227241307641761,0.5611552656665292,0.5822973555135476,1.0
1011,9,268,11,1.1795204391335916,0.6476706561432188,1.1795204391335916,0.8875390994521754,0.049952805740125936,0.6761135205712985,0.8085692967845545,1.1409562236070294,0.3
1011,14,390,16,1.1795204391335916,0.6476706561432188,0.7109175816216634,0.6839525342297005,0.00039314575374187096,0.6727458564583045,0.6844053942817852,0.6999605009125425,0.3
1012,9,288,11,1.1960188769968976,0.7506891492468074,1.1960188769968976,1.017984126953388,0.0165691296693449,0.94373636739953,1.0424958252417253,1.1061825027337617,0.1
1012,14,392,16,1.1960188769968976,0.7506891492468074,1.0389361557805132,0.8482706585720875,0.009175498023687619,0.777343908719849,0.7904768810387807,0.9222196719025852,0.6
1013,9,235,11,0.7444369130855653,0.6403558712651732,0.7444369130855653,0.6996910263711562,0.0010029987556160944,0.6720369885695556,0.7161258237981801,0.7195996430142173,0.6
1014,9,304,11,1.1063220286806241,1.0854994090944416,1.185470879078587,1.127506894549819,0.0009700902243801159,1.1063220286806241,1.1248820587267372,1.1440672447675175,0.0
1014,14,453,16,1.1063220286806241,0.9439316907123799,1.1244884609055423,1.0255167754552215,0.006016443466846417,0.946039049160384,1.023871857095385,1.1019491520729665,0.4
1014,19,594,21,1.1063220286806241,0.9439316907123799,1.0158416064929923,0.9654355555165832,0.0006239339119084935,0.946039049160384,0.9530168734963241,0.9818194950840285,0.6
1015,9,257,11,0.9698673628381571,0.8391793037406923,0.9698673628381571,0.9072207796096448,0.0015399667632233455,0.8935623394527274,0.9214568654150643,0.9283236562771373,0.3
1016,9,270,11,0.7940905444818018,0.4012465688909382,0.8071998154849152,0.742016617324851,0.013505109848363719,0.7657164691774101,0.7834029098891183,0.7972902451936439,0.8
1017,9,305,11,1.292306485247926,1.002051501118655,1.292306485247926,1.1569566328350769,0.005489120590362925,1.1320658632711411,1.1597956058425591,1.1857515002009131,0.2
1018,9,290,11,1.4341654120046115,1.0452475859075216,1.4341654120046115,1.1724742719243253,0.013039574534996731,1.088667508552172,1.1297164844957401,1.2199004212588314,0.1
1018,14,418,16,1.4341654120046115,1.0452475859075216,1.191997427130216,1.1242986677562115,0.002489045279334787,1.088667508552172,1.1069569386973914,1.1786181458238045,0.1
1019,9,248,11,1.0592012977436047,0.41933112568231107,1.0592012977436047,0.7549145922162216,0.057087705275124724,0.4967711028821472,0.8779078586627296,0.9312199911773975,0.9
1020,9,270,11,1.0929128408392235,0.5449237363132973,1.0929128408392235,0.8887205259868207,0.034666515804577254,0.7313405259444357,0.9717947513267384,1.005197652122554,0.3
1020,14,394,16,1.0929128408392235,0.5449237363132973,0.9659750154349163,0.7173904404609839,0.01894703101168598,0.6439775411506661,0.6952910971231621,0.7417484728939883,0.8
1021,9,269,11,1.0304669333665337,0.4022842043793814,1.0304669333665337,0.6526901170278955,0.025777642399707,0.5553132158200902,0.6577846013891728,0.7076178259024493,0.9
1022,9,297,11,1.3311628780930036,1.1065183980639983,1.3311628780930036,1.1667299361231707,0.0040114652991280015,1.126765798503973,1.1464093761604484,1.1856301103501359,0.0
1022,14,447,16,1.3311628780930036,1.0767429601016605,1.1387447914065834,1.1139402286153999,0.0003383850859552455,1.1067851039428205,1.1141460829031122,1.1280440338841105,0.0
1024,9,288,11,0.9774184910365562,0.7165960063740704,1.1168598265320422,0.9418883446171049,0.016805252454804055,0.8603575264693679,0.9774184910365562,1.0355705717056023,0.2
1024,14,427,16,0.9774184910365562,0.7165960063740704,0.9774184910365562,0.8123035612393281,0.006910609480174669,0.7544266504745372,0.7908039487504859,0.823845127485415,0.5
1024,19,552,21,0.9774184910365562,0.7165960063740704,0.8073487457958728,0.7712760962597153,0.0007410185968399934,0.7544266504745372,0.777696035706005,0.7878555120453083,0.7
1025,9,281,11,1.0579948410257811,0.7945151064788257,1.0579948410257811,0.9460716483680149,0.00545933373534589,0.9165836525599327,0.9356052313711444,0.982512059482189,0.3
1026,9,291,11,1.1311637466200979,0.7866463740925623,1.1311637466200979,0.9245236402971226,0.01468705144668708,0.8172921343214055,0.928430511054738,0.9564785670127529,0.4
1026,14,408,16,1.1311637466200979,0.7866463740925623,0.9078661924902318,0.8404821157992547,0.0013862498627663206,0.8172921343214055,0.8378217972944657,0.8677307821238743,0.7
1027,9,286,11,1.0587773705661419,0.7427288760166852,1.0587773705661419,0.871539166563099,0.00695494710671668,0.8299030840947945,0.8620798760877857,0.8798499234787744,0.4
1029,9,304,11,1.09102874132234,0.8560445073628302,1.09102874132234,0.9875717463521905,0.004392250051210707,0.965965743662256,1.0088372191981625,1.0273662033468463,0.2
1029,14,450,16,1.09102874132234,0.8421586565054728,1.0059138788529178,0.9455712067086445,0.0031393493748589907,0.9108387556364149,0.9688234977359871,0.9841055999611937,0.3
1030,9,300,11,1.3241016812126323,1.0653899736557457,1.3241016812126323,1.1398362261230324,0.006636372288536696,1.0937915041717072,1.1015570383725626,1.1369845438814647,0.0
1031,9,300,11,1.0471748798593805,0.9273658031923294,1.1727884440257095,1.0897015336324332,0.0068652280701257794,1.0471748798593805,1.1238283287167492,1.15482270002601,0.2
1031,14,443,16,1.0471748798593805,0.9273658031923294,1.0957906180297328,1.0292338275754889,0.0023973671415985164,0.9990672144021214,1.043111476302209,1.0653291333318893,0.3
1032,9,298,11,1.3141955394487463,1.2480245667076224,1.3724312407447494,1.3312896989183913,0.0012880661834955556,1.3141955394487463,1.3418626798960318,1.3558030203458407,0.0
1032,14,445,16,1.3141955394487463,1.1668579940029478,1.3410493106484018,1.251489610952722,0.003691903937753116,1.1940223315716183,1.2522578939191846,1.3112357150603593,0.0
1032,19,594,21,1.3141955394487463,1.157087393241158,1.2480245667076224,1.2045372212000736,0.0008758693202337055,1.1848103940541188,1.2028804771835833,1.2234322980910666,0.0
1033,9,290,11,1.211331548618083,1.0760804772255046,1.211331548618083,1.1663768133873949,0.0017901222893363083,1.144847988199893,1.1836407597231076,1.199939760219415,0.0
1034,9,266,11,1.107547523376094,1.0076498512589696,1.107547523376094,1.063579901568005,0.000889158793853252,1.042310999744835,1.068786364378607,1.0758543311147366,0.0
1034,14,410,16,1.107547523376094,0.9407497379406048,1.0641421920104557,1.0042803735264845,0.0017364928013859492,0.9626779696444093,1.012450375882304,1.0403993933833764,0.4
1034,19,540,21,1.107547523376094,0.8468679108540718,1.0172509005056385,0.9559884222278539,0.0023976678775063437,0.9428262922710416,0.9561728905246839,0.9974286782276044,0.8
1035,9,290,11,1.0044931124087555,0.550198928588702,1.0044931124087555,0.7746059777389387,0.02184436463218848,0.6599312475509215,0.7360300439999734,0.8747205978968373,0.6
1036,9,278,11,1.0909834608803415,0.8065089441115767,1.0909834608803415,0.9414072015194458,0.006944270758471367,0.9038465253532362,0.9209824416648376,0.948777080008289,0.6
1037,9,210,11,0.8479989545040189,0.6319272515556629,0.9237911749466674,0.8339288148869854,0.006762372191333991,0.805733543445155,0.8479989545040189,0.8901414510500244,0.9
