qid,nstep,ndis,ninserts,firstNN,closestNN,furthestNN,meanNN,varNN,p25NN,p50NN,p75NN,r
1,9,204,11,53232.0,48699.0,62750.0,57265.0,20990126.2,53232.0,59189.5,60868.75,0.7
6,9,196,11,100071.0,75136.0,100071.0,83621.4,60217164.839999996,77896.25,81631.0,86210.0,0.7
6,11,221,13,100071.0,75136.0,86362.0,80547.1,15260014.290000001,77896.25,79799.5,84062.5,0.9
7,9,232,11,81700.0,54740.0,81700.0,62856.4,59880426.64,57552.5,61270.5,65991.5,0.9
8,9,206,11,84665.0,61037.0,84665.0,71074.4,42381246.04,68557.5,72034.5,73518.5,0.7
10,9,194,11,86994.0,68491.0,86994.0,75209.0,36263001.0,70596.0,73323.0,77809.5,0.6
10,11,230,13,86994.0,68491.0,81723.0,73972.9,16634120.89,70596.0,73323.0,77058.75,0.6
10,13,253,15,86994.0,68491.0,77627.0,71884.6,7869722.239999999,70025.0,70784.5,73398.0,0.8
11,9,221,11,100185.0,69551.0,100185.0,84662.9,65778375.69000001,80180.75,86524.0,88430.25,0.5
11,11,253,13,100185.0,62764.0,88558.0,80380.0,69026298.4,75880.0,84026.0,87072.0,0.7
11,13,278,15,100185.0,62764.0,87620.0,79446.9,57813793.089999996,75880.0,83456.5,84280.25,0.9
12,9,212,11,71455.0,67820.0,73725.0,71562.7,2858396.01,70707.25,71743.5,72726.25,0.8
13,9,184,11,74949.0,56560.0,74949.0,65772.5,23163902.45,63540.0,65500.5,67064.0,0.5
13,11,226,13,74949.0,56560.0,67068.0,63284.2,10356196.56,61320.25,64062.0,65693.75,0.7
14,9,129,11,55502.0,53970.0,58903.0,56442.3,1891046.2100000002,55544.25,56213.0,57446.75,0.7
14,11,149,13,55502.0,53825.0,57698.0,55827.4,1361086.84,55502.0,55886.5,56600.75,0.9
15,9,245,11,87926.0,78432.0,97735.0,89929.9,30647419.689999998,87926.0,90172.5,92783.0,0.9
16,9,218,11,89647.0,77124.0,94125.0,88975.0,24332722.4,86572.75,90175.5,92641.25,0.8
17,9,191,11,163602.0,92082.0,163602.0,116789.2,394658174.15999997,103933.0,111629.5,118067.0,0.6
17,11,211,13,163602.0,92082.0,118382.0,108392.6,60872493.239999995,103101.75,109454.0,114903.5,0.8
18,9,159,11,85003.0,48166.0,85003.0,58907.8,144448938.75999996,51386.25,55082.5,56830.5,0.8
18,11,188,13,85003.0,48166.0,57144.0,53516.1,9011145.49,51386.25,53696.5,56205.5,1.0
19,9,208,11,67691.0,40818.0,73394.0,64793.7,88269801.01,61446.0,67691.0,71623.25,0.3
19,11,240,13,67691.0,40818.0,71927.0,60689.2,90368633.35999998,53569.0,63021.0,67691.0,0.5
19,13,274,15,67691.0,40818.0,67691.0,58476.8,62844685.760000005,53569.0,59964.5,64742.5,0.7
19,15,309,17,67691.0,40818.0,66171.0,57527.2,49574376.96,53569.0,59964.5,60998.5,0.8
20,9,258,11,67154.0,49445.0,67154.0,61209.3,20945588.61,61049.5,62102.0,63483.5,0.9
21,9,199,11,105778.0,76608.0,107687.0,95803.0,149683277.6,84013.0,100862.0,105778.0,0.4
21,11,235,13,105778.0,76608.0,105778.0,90498.5,140821759.05,79889.0,88970.5,101364.0,0.6
21,13,254,15,105778.0,76608.0,101866.0,87598.2,91810603.76000002,79889.0,83403.5,96894.75,0.8
21,15,296,17,105778.0,76608.0,98494.0,87076.9,78878553.89,79889.0,83403.5,96894.75,0.9
22,9,227,11,93237.0,83833.0,93237.0,89021.0,10815860.0,85774.25,90162.0,91715.5,0.7
22,11,260,13,93237.0,77148.0,91954.0,87047.9,17953544.09,84881.75,88090.5,90196.5,0.9
24,9,201,11,90664.0,59081.0,90664.0,67658.9,67075258.49000001,64198.25,66196.5,67829.0,0.8
25,9,199,11,158836.0,103378.0,158836.0,125964.1,272968800.69,119481.5,120045.5,132674.25,0.6
25,11,225,13,158836.0,103378.0,134205.0,120659.7,83390869.41,119481.5,120045.5,127635.5,0.6
26,9,214,11,143834.0,99045.0,143834.0,111947.3,183396366.60999998,103021.0,107286.0,114869.25,0.7
26,11,255,13,143834.0,99045.0,117729.0,107171.5,36040754.85,103021.0,106308.0,109346.75,0.8
27,9,231,11,61141.0,56508.0,75819.0,69164.5,44327042.45,63216.25,71576.0,74527.25,0.5
27,11,257,13,61141.0,56508.0,74712.0,68128.5,34896747.25,63216.25,70608.0,71926.5,0.7
27,13,287,15,61141.0,56508.0,73595.0,67692.0,30618593.2,63216.25,70608.0,70837.5,0.9
28,9,195,11,69909.0,69909.0,76230.0,72774.7,4551330.61,71548.25,72332.5,74277.0,0.9
29,9,169,11,66193.0,59494.0,72980.0,67602.8,15180911.360000003,66193.0,66530.5,70837.0,0.6
30,9,221,11,115791.0,96473.0,115791.0,104031.7,30337067.209999997,100608.25,102703.5,106252.0,0.6
31,9,188,11,102918.0,74981.0,102918.0,82813.1,61965517.089999996,76210.75,82470.0,85516.25,0.6
31,11,210,13,102918.0,60672.0,86274.0,76129.7,68835869.41,75075.75,77019.5,82841.0,0.8
33,9,200,11,121689.0,93091.0,121689.0,104558.3,53243290.809999995,100375.5,104175.5,107324.0,0.7
33,11,247,13,121689.0,92372.0,107960.0,101233.8,25783578.360000003,98167.25,103244.5,104953.25,0.9
34,9,192,11,43681.0,43681.0,58583.0,54349.6,31009623.839999992,53652.0,56953.5,58188.5,0.6
35,9,170,11,57847.0,37060.0,57847.0,45405.6,33484229.040000003,42486.75,43337.5,45910.75,0.8
35,11,194,13,57847.0,37060.0,51652.0,44310.2,14928953.16,42486.75,43337.5,45910.75,1.0
36,9,160,11,66681.0,42740.0,66681.0,56146.0,51350484.4,50111.5,59778.0,60979.25,0.9
37,9,158,11,75347.0,6787.0,75347.0,36288.7,386831005.81000006,23044.0,36341.5,39656.5,0.8
37,11,178,13,75347.0,6787.0,41386.0,30585.4,129042763.83999999,23044.0,36341.5,39656.5,1.0
39,9,214,11,59873.0,43764.0,59873.0,51129.5,23098195.65,47567.75,51433.0,54322.25,0.7
39,11,238,13,59873.0,43764.0,54844.0,50063.0,12593678.4,47567.75,51319.0,52546.25,0.8
40,9,205,11,114248.0,79563.0,114248.0,95527.0,86538465.0,93954.5,97324.5,98541.0,0.8
40,11,241,13,114248.0,79563.0,99650.0,93613.5,47846538.25,93733.0,96655.0,98125.5,0.9
41,9,234,11,124075.0,80459.0,124075.0,104009.0,134563457.0,100647.25,104544.5,106664.0,0.7
41,11,272,13,124075.0,80459.0,107118.0,99185.8,69375206.75999999,94818.75,102874.0,105153.75,0.8
42,9,206,11,97338.0,61426.0,97338.0,75899.8,88027104.16,72480.25,75041.5,76715.0,0.8
42,11,236,13,97338.0,61426.0,78752.0,73260.3,26731091.009999998,72480.25,75041.5,76715.0,0.9
43,9,218,11,96146.0,74912.0,96146.0,84223.8,25827090.759999998,81819.0,84143.5,85519.75,0.4
43,11,255,13,96146.0,74912.0,85614.0,81729.1,10591785.889999999,80218.75,82234.0,84195.75,0.6
43,13,284,15,96146.0,74912.0,85094.0,81614.4,9801062.44,80218.75,82234.0,84195.75,0.6
43,15,314,17,96146.0,74912.0,84248.0,80817.8,8499739.760000002,78716.0,81148.5,83352.0,0.7
46,9,212,11,85949.0,67549.0,85949.0,74799.2,23597005.76,71987.5,74075.0,76387.75,0.8
46,11,249,13,85949.0,67549.0,79024.0,73740.7,9629427.41,71987.5,74075.0,75681.25,1.0
47,9,197,11,85074.0,64842.0,85074.0,72590.0,26249389.2,69428.5,72049.5,73557.25,0.9
47,11,238,13,85074.0,64842.0,76083.0,70930.3,9601436.41,68651.75,71592.5,73211.25,1.0
48,9,220,11,76864.0,48007.0,76864.0,66721.7,61888375.010000005,64015.75,69856.0,71188.0,0.6
48,11,250,13,76864.0,48007.0,71207.0,64592.9,45679417.49,63337.5,65237.0,69973.5,0.8
49,9,215,11,80395.0,76335.0,86147.0,80650.0,6503301.8,80047.75,80513.0,81726.75,0.8
50,9,248,11,85994.0,53994.0,85994.0,62926.0,64464741.2,61177.5,61330.0,61783.0,0.9
51,9,229,11,84283.0,70933.0,84283.0,77617.9,21042255.690000005,73245.25,78295.0,81363.5,0.7
51,11,273,13,84283.0,70933.0,82116.0,76288.5,11241705.45,73245.25,77110.5,78813.25,0.9
52,9,150,11,118654.0,6584.0,118654.0,98223.2,978084117.36,100874.75,109012.0,110279.75,0.8
52,11,182,13,118654.0,6584.0,110999.0,96591.8,924773617.1599998,100874.75,108670.0,109314.0,0.9
53,9,197,11,106279.0,80288.0,106279.0,90484.6,54885310.04000001,86365.0,88569.0,91503.25,0.6
53,11,225,13,106279.0,80288.0,94439.0,87249.1,18142065.89,85187.25,87307.0,89591.0,0.7
54,9,166,11,102400.0,63534.0,102400.0,84781.7,110719489.41000001,80735.75,83582.5,86400.5,0.6
54,11,205,13,102400.0,63534.0,87901.0,81934.4,46326068.64,80735.75,83582.5,86400.5,0.6
55,9,208,11,114960.0,83010.0,114960.0,94272.1,74319161.49,90759.25,93372.5,94725.75,0.5
55,11,241,13,114960.0,83010.0,94837.0,90169.7,16452061.810000002,87730.0,91310.5,93688.25,0.7
56,9,159,11,151642.0,105534.0,151642.0,116749.0,147687267.0,111954.5,113814.5,116602.5,0.9
58,9,218,11,88885.0,66326.0,88885.0,78312.2,41377432.95999999,73562.25,80982.0,81363.25,0.7
58,11,241,13,88885.0,62755.0,81365.0,75345.9,44536263.089999996,70555.0,78996.5,81006.5,0.9
60,9,188,11,104255.0,73948.0,104255.0,81487.4,67437175.64,77120.75,80679.5,81149.5,0.8
61,9,221,11,87824.0,62690.0,87824.0,78722.9,61745122.69,76441.5,80996.0,84449.25,0.7
62,9,200,11,97356.0,47150.0,97356.0,69761.1,174715496.29000002,63121.0,67337.0,77374.0,0.8
63,9,183,11,93667.0,62586.0,93667.0,77441.7,85880823.81,69237.0,79895.0,83922.0,0.8
64,9,212,11,103122.0,86031.0,105289.0,96294.9,50601527.089999996,89193.0,96814.5,103122.0,0.5
64,11,244,13,103122.0,86031.0,103122.0,93997.7,33292584.610000003,89193.0,93153.5,98283.25,0.7
64,13,275,15,103122.0,86031.0,99752.0,93081.6,19934100.240000002,89193.0,93153.5,97298.5,0.7
64,15,318,17,103122.0,86031.0,98644.0,92671.1,15974294.089999998,89193.0,93153.5,95204.5,0.8
65,9,206,11,61650.0,58298.0,66827.0,62646.9,9683900.889999999,60761.75,61650.0,65912.5,0.9
66,9,139,11,72982.0,40486.0,77217.0,61594.0,138585513.2,56719.5,62962.0,71711.25,0.6
66,11,178,13,72982.0,40486.0,72982.0,59151.1,95912621.69000001,56719.5,61865.0,64083.5,0.7
66,13,198,15,72982.0,40486.0,64185.0,57482.0,68088027.2,56719.5,61728.5,62274.75,0.9
67,9,195,11,90198.0,83748.0,92838.0,88612.5,8370765.25,86690.75,89438.5,90321.75,0.9
68,9,172,11,101382.0,72521.0,101382.0,85965.7,67755165.41,79346.75,88021.5,90751.0,0.5
68,11,198,13,101382.0,72521.0,90774.0,83659.0,36193623.0,79346.75,84686.5,89359.75,0.7
69,9,220,11,105840.0,74487.0,105840.0,87475.7,98435162.41,82301.75,85851.0,88877.75,0.7
69,11,234,13,105840.0,74487.0,89776.0,84243.8,25646555.56,82301.75,85851.0,88043.0,0.8
70,9,212,11,119718.0,75426.0,119718.0,91698.0,217496095.0,82297.75,84439.0,99815.25,0.7
70,11,249,13,119718.0,75426.0,104027.0,86206.1,53583149.089999996,82297.75,84439.0,87976.5,0.7
70,13,278,15,119718.0,71636.0,91594.0,82925.1,31819459.689999998,80845.0,84098.5,86560.0,0.8
71,9,220,11,106614.0,85283.0,106614.0,94823.4,40848802.83999999,89511.5,95287.5,99020.75,0.7
71,11,251,13,106614.0,85283.0,100623.0,93983.3,27346286.809999995,89511.5,95287.5,98286.5,0.8
72,9,208,11,72079.0,66916.0,72079.0,69212.4,4636948.04,67306.75,68243.0,71715.75,0.1
72,11,247,13,72079.0,58911.0,71990.0,67616.0,11057358.6,67091.0,67596.0,69128.0,0.2
72,13,288,15,72079.0,58911.0,69283.0,66880.7,7670858.01,66960.0,67327.5,68399.75,0.2
72,15,326,17,72079.0,58911.0,68592.0,65960.0,9224212.8,66921.5,67156.0,67511.5,0.3
72,17,370,19,72079.0,57777.0,67559.0,64488.0,13130734.8,61864.5,66927.0,67221.0,0.5
72,19,410,21,72079.0,57777.0,67286.0,63925.7,11325561.41,61753.0,64875.5,66932.5,0.7
72,21,436,23,72079.0,57777.0,66938.0,63748.2,10303847.959999999,61753.0,64875.5,66323.25,0.9
73,9,220,11,123403.0,75708.0,123403.0,97763.6,175714004.04,87975.75,99742.0,104546.0,0.6
73,11,267,13,123403.0,75708.0,105865.0,94747.3,93367225.81,87975.75,97587.0,101941.0,0.7
74,9,220,11,81154.0,39550.0,81154.0,63280.1,127184834.89000002,61115.25,65594.0,69526.0,0.8
74,11,259,13,81154.0,39550.0,69546.0,61726.5,92811547.85,61115.25,65364.0,68837.25,1.0
75,9,208,11,57244.0,48372.0,57758.0,55851.9,6675163.49,55834.0,56831.5,57177.5,0.9
76,9,209,11,106315.0,75879.0,106315.0,89830.7,68400931.21,86633.0,91523.5,92738.25,0.8
76,11,247,13,106315.0,75879.0,93972.0,87574.9,37995495.08999999,84905.0,90107.5,92602.25,1.0
79,9,194,11,96062.0,75024.0,96062.0,83348.8,26936078.560000002,81351.0,82193.5,84927.0,0.8
79,11,245,13,96062.0,74471.0,86467.0,81189.7,13993353.61,79998.0,81746.0,83548.0,0.9
80,9,209,11,115693.0,54230.0,115693.0,85079.1,232642121.68999997,78061.75,86331.5,90219.5,0.7
80,11,233,13,115693.0,54230.0,90223.0,81552.1,115482382.09,78061.75,86312.5,89093.75,0.9
81,9,196,11,80522.0,67822.0,80522.0,75203.5,16061120.85,72446.75,75040.0,78698.0,0.7
82,9,193,11,104176.0,54080.0,104176.0,71242.7,150896038.40999997,65219.5,70442.5,71892.5,0.4
82,11,240,13,104176.0,54080.0,72164.0,66886.6,30283234.24,63681.5,69082.5,71272.5,0.5
82,13,291,15,104176.0,53020.0,71504.0,63168.7,46906353.01,56197.75,63901.0,69694.75,0.7
82,15,316,17,104176.0,53020.0,70307.0,62613.0,39352129.4,56197.75,63901.0,68074.0,0.9
83,9,252,11,55891.0,55891.0,66765.0,61336.7,18276287.009999998,57712.25,60391.0,66145.25,0.7
84,9,214,11,65971.0,55245.0,65971.0,61282.4,10291984.24,59052.75,61960.0,63218.5,0.8
85,9,121,11,75639.0,58319.0,75639.0,71417.4,25294175.64,70931.25,73631.5,74517.5,0.8
85,11,135,13,75639.0,58319.0,74689.0,70597.2,22267460.759999998,69633.0,72520.5,73706.25,1.0
88,9,254,11,79111.0,60816.0,79111.0,68299.6,24347906.24,65474.5,66795.5,71363.25,0.9
89,9,150,11,68231.0,30258.0,68231.0,43680.4,104972802.23999998,38688.0,43254.0,45918.5,0.8
89,11,166,13,68231.0,30258.0,48728.0,41198.0,35562882.8,38688.0,43254.0,45854.75,1.0
91,9,203,11,80909.0,67087.0,80909.0,73462.6,21202233.240000002,69940.5,73612.0,76343.5,0.5
92,9,186,11,110687.0,47521.0,110687.0,76124.2,348737492.76000005,67336.5,73120.0,83511.5,0.7
92,11,222,13,110687.0,47521.0,85652.0,70748.8,128993371.75999999,67336.5,73120.0,78414.5,0.9
93,9,217,11,84133.0,62507.0,84133.0,71045.3,33186122.01,69106.5,71052.0,72430.75,0.8
93,11,252,13,84133.0,62507.0,73480.0,68943.8,14310973.559999999,65901.5,69901.5,72097.5,1.0
94,9,194,11,92421.0,58487.0,92421.0,76630.5,93379694.25,72768.25,73624.5,83563.75,0.7
94,11,245,13,92421.0,58487.0,85576.0,74176.5,45971582.25,72768.25,73624.5,78190.0,0.8
94,13,279,15,92421.0,58487.0,79328.0,73224.0,32420841.0,72768.25,73624.5,77158.0,0.9
95,9,208,11,97468.0,77791.0,97468.0,84363.9,28682985.29,80496.0,83949.5,85703.0,0.8
96,9,194,11,83485.0,66735.0,83485.0,73446.5,18941374.45,71117.5,73689.0,74870.5,0.9
97,9,233,11,77462.0,73464.0,89471.0,82464.4,28838824.440000005,77462.0,85187.5,86494.0,0.8
98,9,200,11,93886.0,86823.0,108511.0,100248.0,44615321.2,94542.75,103246.0,105406.75,0.9
99,9,183,11,93784.0,87042.0,97154.0,93270.0,10839757.0,92879.5,93935.5,95311.25,0.6
99,11,223,13,93784.0,85936.0,95569.0,91993.8,12252461.360000001,88723.0,93784.0,94425.25,0.7
99,13,252,15,93784.0,85936.0,94585.0,91645.1,10554583.89,88723.0,93231.5,94011.25,0.8
100,9,193,11,122754.0,86367.0,122754.0,100663.5,83055223.25,95935.75,98547.0,104231.5,0.7
100,11,243,13,122754.0,86367.0,105882.0,98705.2,30597283.959999997,95935.75,98547.0,103091.5,0.8
101,9,173,11,65054.0,29640.0,65054.0,52081.3,87068201.41,50933.0,54156.5,57057.25,0.5
101,11,209,13,65054.0,29640.0,57228.0,50401.9,63208495.69,50933.0,52750.0,55455.75,0.7
101,13,243,15,65054.0,29640.0,55894.0,49309.1,54001250.89,50463.25,52064.5,52923.75,0.9
102,9,207,11,118358.0,86810.0,118358.0,95277.7,66724226.40999999,91439.25,93614.5,95277.5,0.8
103,9,158,11,165208.0,96329.0,165208.0,126332.3,455664427.01000005,111874.0,119208.0,144766.75,0.6
103,11,189,13,165208.0,96329.0,149603.0,119560.6,193904445.64,111874.0,118826.0,127174.25,0.8
104,9,216,11,82271.0,68577.0,82271.0,77191.7,13953147.809999999,76897.0,77595.5,78026.0,0.8
104,11,258,13,82271.0,68577.0,78630.0,76183.8,8168904.959999999,76093.75,77242.0,77907.0,1.0
105,9,200,11,113856.0,85571.0,113856.0,102417.6,116726734.44000001,91492.0,108342.5,111894.25,0.4
105,11,234,13,113856.0,85571.0,112104.0,99020.4,92937813.44,91492.0,96051.0,109295.25,0.6
105,13,264,15,113856.0,85571.0,110248.0,96474.1,56464303.69,91492.0,94166.0,101523.5,0.7
105,15,294,17,113856.0,85571.0,102209.0,94101.7,27264212.410000004,91331.75,92251.0,98524.5,0.9
106,9,209,11,75479.0,75479.0,92759.0,83871.8,40827548.559999995,77345.25,85588.5,89483.25,0.9
107,9,202,11,93622.0,72153.0,93622.0,85370.8,37765833.36,82527.5,86366.5,89918.25,0.9
108,9,190,11,78730.0,57579.0,78730.0,65183.0,31679450.0,62572.0,64262.0,67374.0,0.6
108,11,243,13,78730.0,57579.0,68090.0,63143.6,11394670.040000003,60321.75,63373.0,65183.25,0.7
108,13,289,15,78730.0,57579.0,65226.0,62536.2,7100474.159999999,60321.75,63373.0,64946.5,0.9
109,9,186,11,105775.0,58402.0,105775.0,77435.8,131737111.96000001,74406.0,76849.0,78549.5,0.8
109,11,208,13,105775.0,58402.0,80545.0,73756.8,39287327.36,72106.0,76190.5,77532.75,0.9
110,9,213,11,77905.0,61983.0,77905.0,66946.3,31014424.01,62744.25,65124.5,67162.0,0.8
110,11,262,13,77905.0,61983.0,67424.0,64743.2,3703118.9599999995,62744.25,65124.5,66486.25,1.0
111,9,214,11,97280.0,56906.0,97280.0,68057.7,108855038.21000001,63288.25,65000.5,67945.0,0.8
111,11,246,13,97280.0,56906.0,68354.0,64518.0,10244039.0,63288.25,64618.0,66614.75,0.9
112,9,206,11,61621.0,53953.0,73933.0,65846.3,45177361.010000005,60623.5,66047.5,72050.5,0.8
112,11,244,13,61621.0,53953.0,72497.0,65265.5,38136027.25,60623.5,65264.0,70685.5,0.9
114,9,197,11,106103.0,92735.0,106103.0,101712.3,13596542.209999999,100200.25,102393.5,104577.25,0.3
114,11,232,13,106103.0,92735.0,104974.0,100909.4,9993028.24,100161.25,101602.5,102509.25,0.4
114,13,256,15,106103.0,92735.0,102625.0,99227.1,10241750.69,96992.0,100494.5,101745.25,0.6
115,9,206,11,94887.0,69068.0,94887.0,82804.2,47797764.95999999,79661.25,82541.5,86446.0,0.8
115,11,232,13,94887.0,69068.0,90227.0,81872.8,32986713.560000002,79661.25,82541.5,86079.75,0.9
116,9,145,11,137609.0,119000.0,152214.0,138472.8,108019382.56000002,131152.25,139293.0,147651.5,0.9
117,9,182,11,90911.0,64946.0,90911.0,84979.2,60575650.160000004,86499.5,87858.0,89532.25,0.7
117,11,209,13,90911.0,64946.0,90104.0,84800.1,58711625.09000001,86499.5,87858.0,89227.0,0.7
118,9,235,11,76780.0,71787.0,81998.0,78647.1,8329897.890000001,77205.5,78898.0,80990.5,0.4
118,11,272,13,76780.0,71787.0,81365.0,78093.4,6656924.4399999995,76909.0,78534.0,79702.75,0.5
118,13,316,15,76780.0,71787.0,79867.0,76875.4,5901850.840000001,76716.25,77038.0,78560.0,0.7
118,15,363,17,76780.0,71114.0,78586.0,75625.4,6418208.44,73819.0,76737.5,77167.0,0.9
119,9,205,11,95278.0,73278.0,95278.0,87693.6,36344544.44,85474.75,88765.5,90331.0,0.8
119,11,230,13,95278.0,73278.0,94707.0,87290.7,31299087.01,85474.75,88765.5,90331.0,0.9
121,9,180,11,99243.0,79492.0,99243.0,89715.2,42707367.95999999,83593.75,90826.0,95126.25,0.9
122,9,197,11,101744.0,71157.0,101744.0,79130.5,66555935.05,74574.25,76508.5,80844.0,0.8
123,9,229,11,70942.0,68726.0,87589.0,75982.2,48501183.56,70942.0,71999.5,81701.0,0.7
123,11,271,13,70942.0,68726.0,86131.0,75596.9,40729270.29,70942.0,71999.5,81701.0,0.8
123,13,306,15,70942.0,68726.0,84142.0,75398.0,36894856.2,70942.0,71999.5,81701.0,0.9
125,9,176,11,84020.0,57011.0,84020.0,66135.2,56160705.760000005,60366.25,66215.0,68723.5,0.8
125,11,210,13,84020.0,57011.0,70130.0,64613.6,22313572.240000002,60366.25,66215.0,68723.5,1.0
126,9,210,11,117316.0,78849.0,117316.0,95107.2,104895607.76,90302.75,94188.5,98378.25,0.8
126,11,244,13,117316.0,78849.0,100409.0,92884.9,45780422.89,90302.75,94188.5,98378.25,0.9
127,9,142,11,109431.0,81580.0,109431.0,88994.7,61561484.61,83306.0,86729.5,91791.0,0.9
128,9,211,11,67431.0,59867.0,77804.0,70866.0,31942600.2,67431.0,70369.0,76142.75,0.5
128,11,249,13,67431.0,59867.0,76244.0,70075.0,23823943.2,67431.0,70369.0,73855.75,0.7
128,13,268,15,67431.0,59867.0,75355.0,69933.6,22208475.639999997,67431.0,70369.0,73855.75,0.9
129,9,212,11,100702.0,73602.0,100702.0,85152.8,57700295.96,78603.0,85872.0,89475.25,0.7
129,11,258,13,100702.0,73602.0,90784.0,83657.0,31320068.0,78603.0,84954.5,88038.75,0.8
130,9,190,11,139144.0,102659.0,139144.0,111078.0,99861503.0,105682.0,108604.5,111925.5,0.9
131,9,203,11,123029.0,69015.0,123029.0,96330.2,205247127.16,88282.75,93624.0,106380.75,0.5
131,11,235,13,123029.0,69015.0,108442.0,91327.8,92825320.76,88282.75,90776.0,95630.5,0.7
131,13,277,15,123029.0,69015.0,96609.0,89254.9,52755363.489999995,88282.75,90776.0,93558.25,0.9
132,9,219,11,83807.0,49362.0,83807.0,68733.9,119040657.29,67494.0,70039.0,71836.25,0.7
132,11,254,13,83807.0,49362.0,71881.0,65945.5,66226531.65,67399.25,69521.5,70644.0,0.9
133,9,224,11,93523.0,52326.0,93523.0,75683.4,89803699.44000001,75399.5,76721.5,78028.5,0.8
133,11,253,13,93523.0,52326.0,79467.0,74277.8,57434418.15999999,75399.5,76721.5,78028.5,0.8
134,9,178,11,128497.0,65680.0,128497.0,91516.2,255790024.35999995,85428.5,87531.5,93467.0,0.8
134,11,197,13,128497.0,65680.0,94239.0,86390.9,64490396.69000001,85428.5,87531.5,91895.75,1.0
136,9,212,11,97991.0,73073.0,97991.0,83337.7,43233954.40999999,79508.0,83053.5,86383.5,0.2
136,11,233,13,97991.0,65196.0,86416.0,78197.4,48447484.84000001,73856.0,80042.0,83761.75,0.4
136,13,265,15,97991.0,65196.0,84470.0,76742.4,33641371.04,73856.0,78272.0,80978.0,0.5
136,15,299,17,97991.0,65196.0,81437.0,75796.7,26817564.810000002,73608.0,76887.5,80180.0,0.6
137,9,201,11,107557.0,74702.0,107557.0,89409.8,99360691.35999998,83595.5,87051.5,95975.5,0.7
137,11,227,13,107557.0,74702.0,96871.0,85817.5,48325759.85,80750.0,85352.5,92031.25,0.9
138,9,206,11,136958.0,88085.0,136958.0,99982.6,180241480.04000002,93677.75,96529.5,98269.0,0.8
138,11,250,13,136958.0,88085.0,102416.0,95183.2,15411613.76,93677.75,95878.5,96840.0,0.9
138,13,276,15,136958.0,88085.0,98726.0,94569.0,9922017.0,93677.75,95819.0,96597.75,1.0
140,9,161,11,98991.0,74504.0,98991.0,85381.1,65712945.69,77186.25,86925.5,88630.75,0.3
140,11,199,13,98991.0,61882.0,88654.0,79718.0,68302370.0,74877.25,79946.5,87202.25,0.5
140,13,232,15,98991.0,61882.0,87479.0,76204.7,63690708.610000014,74587.25,75570.0,82201.25,0.7
140,15,273,17,98991.0,61882.0,83751.0,74530.5,38980414.45,74587.25,75570.0,77982.5,0.8
141,9,205,11,69868.0,64242.0,77388.0,70530.7,11039433.01,69387.25,70213.5,72263.5,0.6
142,9,234,11,81913.0,71292.0,81913.0,75462.8,9705431.56,73277.75,74636.0,77069.5,0.7
142,11,269,13,81913.0,71292.0,77340.0,73968.5,3164158.85,72524.25,74018.0,74669.0,0.9
143,9,248,11,115529.0,89442.0,115529.0,98847.8,58536645.75999999,92722.5,97424.5,103277.25,0.4
143,11,282,13,115529.0,77974.0,103723.0,94217.4,49414017.64,90358.25,96337.5,97979.25,0.5
143,13,320,15,115529.0,77974.0,99849.0,92913.8,36093825.559999995,90358.25,94549.5,96412.5,0.6
144,9,160,11,67613.0,64355.0,68732.0,67077.5,2118121.85,66222.0,67480.5,68258.75,0.9
145,9,227,11,60705.0,43610.0,60705.0,54903.7,32448542.409999996,53400.75,56255.0,59443.75,0.8
145,11,248,13,60705.0,43610.0,60379.0,54363.1,28475196.090000004,53400.75,55537.5,58406.25,0.9
146,9,242,11,73862.0,58563.0,73862.0,67852.3,26533998.01,66361.25,67597.0,72906.0,0.7
147,9,191,11,68453.0,52534.0,68453.0,62339.3,21690430.01,62102.0,63312.5,64673.0,0.9
148,9,215,11,70397.0,61603.0,70397.0,66860.5,12084140.45,63422.25,68574.5,69891.5,0.9
148,11,255,13,70397.0,61603.0,70285.0,66849.3,12006051.809999999,63422.25,68574.5,69891.5,0.9
149,9,225,11,102770.0,77605.0,104947.0,90185.7,106287201.41,81349.25,85641.0,101751.25,0.6
149,11,260,13,102770.0,77605.0,102770.0,87147.6,61129802.839999996,81349.25,85531.5,89966.75,0.8
149,13,292,15,102770.0,77605.0,92445.0,85401.2,25089350.76,81349.25,85531.5,89966.75,1.0
150,9,204,11,74262.0,50846.0,74262.0,64476.4,57481232.239999995,57438.0,67701.5,70277.5,0.9
151,9,218,11,75278.0,73045.0,82569.0,78753.6,10284086.84,75680.75,79825.5,81605.25,0.4
153,9,239,11,68925.0,50711.0,68925.0,62368.5,33012294.25,62003.75,63699.5,65961.75,0.7
153,11,264,13,68925.0,50711.0,66043.0,61825.7,27529839.21,62003.75,63699.5,65697.25,0.8
154,9,171,11,77030.0,57458.0,80341.0,72507.4,50826485.44,67156.75,76719.0,77030.0,0.8
154,11,214,13,77030.0,57458.0,77030.0,70578.9,40076232.489999995,66271.5,71292.0,76796.0,0.9
155,9,146,11,90203.0,79852.0,101546.0,90863.5,39597303.05,87560.75,90560.0,95696.0,0.9
157,9,173,11,119067.0,94819.0,119067.0,110369.6,50769147.64,108272.0,111177.0,115319.25,0.4
157,11,217,13,119067.0,94819.0,116100.0,107506.5,36322323.45,104046.0,108387.0,112027.0,0.6
159,9,223,11,145353.0,84360.0,145353.0,102104.5,279755619.85,93826.0,94729.0,104686.0,0.7
159,11,247,13,145353.0,84360.0,107237.0,95996.5,33304976.05,93826.0,94729.0,99124.75,0.7
160,9,180,11,92882.0,71798.0,94526.0,89382.6,51416357.44,89448.75,92882.0,94025.75,0.6
161,9,233,11,83498.0,66895.0,83498.0,75906.5,26621671.05,71691.25,77170.5,77939.75,0.8
161,11,264,13,83498.0,66895.0,78782.0,74746.1,14625309.690000001,71691.25,76752.5,77710.0,0.9
163,9,248,11,90849.0,81199.0,91186.0,86800.5,11138691.05,83996.25,86357.0,90330.0,0.6
163,11,296,13,90849.0,73374.0,90849.0,84139.3,20779174.810000002,82407.25,84476.5,86438.5,0.8
164,9,184,11,112965.0,69756.0,112965.0,90542.2,139671056.35999998,83979.25,89435.0,98516.25,0.7
164,11,213,13,112965.0,69756.0,101174.0,87238.2,62473808.35999999,83979.25,89435.0,91333.5,0.8
165,9,195,11,95859.0,64742.0,95859.0,76243.7,67122069.00999999,73757.75,76093.5,78203.0,0.7
165,11,235,13,95859.0,64742.0,78317.0,73774.4,22358571.240000002,73218.25,74997.0,77555.75,0.8
167,9,206,11,76401.0,55344.0,76401.0,68772.3,40904335.410000004,63727.25,71533.0,73346.25,0.9
168,9,197,11,59825.0,50843.0,59825.0,54602.4,8988326.040000001,51735.75,54167.5,57021.75,0.9
170,9,244,11,109691.0,67817.0,109691.0,80230.7,192452455.60999998,70227.0,74837.5,86046.25,0.7
170,11,292,13,109691.0,67817.0,89495.0,75387.9,41452620.49,70227.0,74837.5,78859.75,0.7
171,9,184,11,81173.0,77492.0,85953.0,82386.2,7743262.56,80862.5,81516.5,85421.25,0.6
172,9,198,11,87709.0,72867.0,98159.0,88695.9,50690343.89,84858.25,88670.5,93811.25,0.8
173,9,223,11,107435.0,77314.0,107435.0,99279.8,85753901.16,96924.75,102334.0,106690.75,0.3
173,11,275,13,107435.0,77314.0,106979.0,97841.4,71098752.84,96924.75,100056.5,102531.0,0.3
173,13,314,15,107435.0,73810.0,102728.0,93149.0,95435748.2,89338.0,97543.5,100071.75,0.5
173,15,356,17,107435.0,73810.0,100087.0,91163.2,74738057.76,89311.25,92458.5,98162.25,0.7
173,17,392,19,107435.0,73810.0,98781.0,90324.9,62815072.489999995,89311.25,92458.5,95960.75,0.8
173,19,427,21,107435.0,73810.0,96805.0,89770.7,56206570.010000005,89311.25,92458.5,94503.5,0.9
175,9,213,11,94902.0,63516.0,94902.0,73744.9,64626836.89,70956.25,73288.0,74601.0,0.9
176,9,193,11,94592.0,80942.0,94592.0,90260.2,16329968.559999999,88245.5,90858.0,93349.25,0.6
177,9,264,11,61077.0,47404.0,61077.0,54130.4,10601269.24,53026.5,53929.0,54530.0,0.8
177,11,305,13,61077.0,47404.0,55616.0,53411.4,4794073.640000001,53026.5,53929.0,54530.0,0.8
178,9,217,11,76382.0,64839.0,76382.0,70406.3,8650099.010000002,69336.0,69640.0,72319.0,0.9
179,9,214,11,96734.0,62972.0,96734.0,87087.5,92595052.45,86699.5,88888.0,92654.0,0.8
179,11,243,13,96734.0,62972.0,93433.0,86395.5,81164808.65,86699.5,88888.0,92654.0,0.8
180,9,250,11,84770.0,47713.0,84770.0,64676.2,109946909.96,56586.5,65599.5,70429.25,0.7
180,11,290,13,84770.0,47713.0,73655.0,63234.3,70223758.81000002,56586.5,65599.5,70429.25,0.7
181,9,194,11,97838.0,75084.0,97838.0,85762.6,28273414.04,83657.5,85508.0,87358.5,0.7
181,11,217,13,97838.0,75084.0,87545.0,84301.7,11405337.61,83525.25,85022.5,86551.5,0.8
182,9,186,11,71666.0,71113.0,75227.0,73026.9,2815212.49,71666.0,72424.5,74879.0,0.7
183,9,199,11,76465.0,71230.0,80243.0,76228.1,7238427.889999999,75436.25,76465.0,78261.0,0.6
183,11,221,13,76465.0,71230.0,78641.0,75641.7,4653711.81,75436.25,76465.0,76634.75,0.8
185,9,210,11,96073.0,59590.0,96073.0,75994.8,99059211.56000002,67965.0,77099.0,80947.5,0.9
187,9,135,11,37243.0,37243.0,44157.0,40219.0,5867362.4,37893.25,40053.0,41385.5,0.8
187,11,160,13,37243.0,37243.0,41934.0,39438.4,2894255.2399999998,37613.5,39737.0,40839.75,0.9
188,9,261,11,68749.0,59226.0,68749.0,62537.1,7807500.290000001,60055.5,62679.5,64049.75,0.8
189,9,225,11,110763.0,73846.0,110763.0,84897.6,119934045.64000002,76503.25,81176.0,91464.5,0.6
189,11,259,13,110763.0,73846.0,92140.0,81409.9,35568834.29000001,76503.25,81176.0,84233.0,0.7
189,13,297,15,110763.0,73846.0,87946.0,80831.0,25685703.4,76503.25,81176.0,84233.0,0.7
190,9,191,11,104056.0,78574.0,104147.0,93098.0,97457864.0,84010.25,93744.0,103552.5,0.7
192,9,179,11,54994.0,10033.0,54994.0,41653.5,127188202.05,41070.5,44350.5,46606.25,0.9
193,9,189,11,55611.0,29139.0,55642.0,46164.3,72005035.01,39990.75,47768.5,54261.0,0.5
193,11,216,13,55611.0,29139.0,55611.0,43802.9,50198729.09,39673.0,44455.0,48681.25,0.7
193,13,249,15,55611.0,29139.0,49594.0,42329.8,31594095.360000003,39673.0,43346.5,45836.75,0.9
195,9,221,11,33795.0,20104.0,33795.0,30946.0,16292709.0,31296.25,32305.0,33479.75,0.9
196,9,184,11,45674.0,20946.0,45674.0,34536.7,38793572.81,33256.5,35074.0,37477.0,0.8
196,11,221,13,45674.0,20946.0,37877.0,33684.1,26259442.49,33256.5,35074.0,37477.0,1.0
197,9,168,11,28701.0,24254.0,37104.0,32813.0,19541264.2,28778.75,35320.5,36488.0,0.9
198,9,214,11,92208.0,23928.0,92208.0,66196.5,441003508.25,63636.0,73878.0,78594.0,0.9
199,9,213,11,117801.0,51579.0,117801.0,95188.7,314747799.61,88020.75,98175.5,107338.5,0.5
199,11,252,13,117801.0,51579.0,107576.0,91666.5,233865174.05,88020.75,93884.5,101213.0,0.7
199,13,287,15,117801.0,51579.0,102566.0,89970.2,193063721.56,88020.75,93884.5,97730.75,0.8
199,15,326,17,117801.0,51579.0,99316.0,89549.1,184051465.69,88020.75,93884.5,97730.75,0.9
200,9,199,11,102439.0,4251.0,102439.0,76035.4,792958699.04,80695.75,87679.5,89970.25,0.9
201,9,194,11,120455.0,38828.0,120455.0,88437.6,513893993.0400001,74489.75,92639.0,101070.5,0.8
201,11,215,13,120455.0,38828.0,101329.0,82228.2,329288453.15999997,72368.5,87073.5,96312.5,1.0
202,9,171,11,40313.0,36273.0,41122.0,39186.1,1805945.4899999998,38395.0,39141.0,40309.75,0.9
203,9,168,11,94732.0,67299.0,94732.0,86969.9,71581610.49,81945.25,90930.0,92855.25,0.6
203,11,197,13,94732.0,67299.0,93036.0,86027.4,62019629.44000001,81945.25,88659.5,92186.5,0.7
203,13,230,15,94732.0,67299.0,92313.0,84734.8,56952065.55999999,80551.75,86895.0,91368.5,0.9
204,9,155,11,102972.0,20339.0,102972.0,67399.1,383191370.49000007,61731.0,70521.0,74856.75,0.9
205,9,189,11,53651.0,6536.0,53651.0,40942.3,293103611.01000005,44174.5,48970.0,50910.0,0.9
206,9,153,11,43995.0,29947.0,43995.0,38848.4,26455627.839999996,34961.25,40404.5,43267.0,0.9
208,9,198,11,83300.0,5947.0,83300.0,64283.1,410745363.89,66515.5,68663.0,73359.5,0.9
209,9,193,11,62817.0,11859.0,62817.0,41900.8,278736110.9599999,28831.5,49180.5,52333.25,0.9
210,9,190,11,37612.0,9975.0,37612.0,27478.4,107673926.24000001,19114.75,33159.5,34659.0,0.9
212,9,166,11,134160.0,40168.0,134160.0,95446.1,461646511.09,95818.75,98070.0,98900.0,0.9
214,9,186,11,60748.0,23818.0,60748.0,41777.0,134938964.0,30570.75,47043.0,47767.25,0.9
215,9,204,11,40740.0,36893.0,44543.0,41849.5,5028369.45,40740.0,41503.5,43849.75,0.9
216,9,213,11,51610.0,34351.0,51610.0,45361.4,18635095.439999998,44735.5,46307.5,47497.0,0.9
217,9,170,11,55957.0,16845.0,55957.0,39483.7,155024103.60999998,34158.5,43076.0,46296.0,0.8
217,11,190,13,55957.0,16845.0,46751.0,37826.6,116896344.64000002,34158.5,43076.0,45502.5,1.0
218,9,130,11,83890.0,23516.0,83890.0,63207.0,333653892.2,61458.0,69564.0,73277.0,0.9
220,9,160,11,27898.0,12554.0,27898.0,23335.5,21015825.25,23445.25,25130.5,26014.0,0.9
221,9,176,11,48988.0,37839.0,48988.0,42316.7,10640703.81,39906.0,41250.5,44703.25,0.9
223,9,183,11,66774.0,54264.0,72390.0,66520.8,24393105.560000006,66006.0,67343.0,69008.75,0.8
224,9,191,11,132361.0,36809.0,132361.0,88671.4,556536180.44,80576.0,87989.0,101939.0,0.7
224,11,220,13,132361.0,36809.0,105485.0,84486.6,333688163.0400001,80576.0,87989.0,96847.25,0.7
225,9,201,11,39119.0,19897.0,39119.0,32691.2,25509647.96,30590.0,34120.5,35409.5,0.9
227,9,162,11,47420.0,21243.0,47420.0,31555.7,54994081.81,26035.5,30845.0,34554.5,0.8
227,11,193,13,47420.0,21243.0,37346.0,30162.2,26402805.759999998,26035.5,30845.0,34554.5,1.0
228,9,204,11,116117.0,71443.0,116117.0,89816.5,117349931.25,84953.5,88952.5,93134.0,0.5
228,11,245,13,116117.0,71443.0,93328.0,84411.6,49191642.64,82311.75,85141.0,90218.75,0.7
228,13,282,15,116117.0,71443.0,91485.0,83182.3,34238324.809999995,82311.75,85141.0,86698.25,0.8
229,9,165,11,30933.0,17447.0,31373.0,27810.1,18545363.490000002,27461.0,29320.5,30933.0,0.9
230,9,212,11,60589.0,51122.0,60589.0,56799.8,10307176.760000002,54958.75,58517.0,58950.75,0.8
230,11,252,13,60589.0,51122.0,59483.0,56016.0,9896308.8,53230.75,57030.5,58840.0,0.9
232,9,191,11,52182.0,13291.0,52182.0,41697.0,99680406.0,42276.0,43782.5,44954.25,0.8
232,11,235,13,52182.0,13291.0,45549.0,39815.9,84539956.29,41219.25,42706.5,44681.5,0.9
233,9,165,11,66696.0,38025.0,66696.0,50581.4,103421701.84,41494.0,48674.0,57210.75,0.7
233,11,199,13,66696.0,38025.0,58447.0,48170.6,48980109.239999995,41494.0,48674.0,54200.25,0.9
234,9,131,11,54212.0,28825.0,54212.0,43014.6,95925119.44,32653.0,46397.5,52082.5,0.8
234,11,147,13,54212.0,28825.0,52237.0,42705.7,89866138.61,32653.0,46397.5,51778.5,0.9
235,9,206,11,108154.0,20042.0,120608.0,89756.5,1172810711.85,75714.75,108154.0,112753.0,0.6
235,11,229,13,108154.0,20042.0,114161.0,81953.4,969207150.4399999,69709.25,92950.0,108154.0,0.8
236,9,177,11,94889.0,59857.0,94889.0,84019.8,109806795.96000001,80448.25,85923.0,92918.0,0.9
237,9,202,11,142608.0,41624.0,142608.0,94386.3,819078637.21,81455.5,85713.5,115882.0,0.6
237,11,232,13,142608.0,41624.0,116765.0,85438.1,404731004.49,81455.5,85713.5,90079.75,0.8
237,13,280,15,142608.0,41624.0,98916.0,81712.8,240666130.56,81455.5,85713.5,90079.75,0.8
239,9,175,11,108244.0,10283.0,108244.0,56555.1,1075699025.6899998,28539.0,55348.5,82847.5,0.8
239,11,207,13,108244.0,10283.0,93105.0,54677.6,913066834.4399999,28539.0,55348.5,82847.5,0.9
240,9,215,11,79690.0,21378.0,79690.0,61279.4,216934402.84,61781.25,63704.5,66662.25,0.8
240,11,242,13,79690.0,21378.0,70406.0,60106.1,184939407.69,61781.25,63704.5,66662.25,1.0
242,9,200,11,59615.0,18584.0,59615.0,44490.2,235311424.35999998,31305.0,53889.0,54689.5,0.9
244,9,208,11,33284.0,17842.0,33284.0,23261.9,18958413.290000003,19887.75,22747.5,24747.75,0.9
246,9,166,11,30214.0,15876.0,30214.0,20766.8,18405965.96,17444.5,19529.5,23625.25,0.9
248,9,169,11,96861.0,68549.0,97368.0,87296.5,108215741.85,80244.25,90596.5,96769.25,0.3
248,11,185,13,96861.0,68549.0,96861.0,83796.1,88567487.69,78695.5,82710.0,92263.75,0.5
248,13,214,15,96861.0,68549.0,93931.0,80745.1,47396672.489999995,78695.5,80343.0,84468.25,0.7
249,9,197,11,113330.0,71823.0,113330.0,89378.7,129933052.41000001,85018.75,88118.5,93471.75,0.6
249,11,238,13,113330.0,71823.0,94676.0,85753.7,44668902.81000001,85018.75,87840.0,89681.5,0.7
251,9,171,11,64626.0,43242.0,64626.0,53776.6,27827205.440000005,50942.5,54096.5,55782.0,0.9
251,11,210,13,64626.0,43242.0,57483.0,52903.1,15740323.89,50942.5,54096.5,55719.75,1.0
252,9,154,11,130466.0,88908.0,130466.0,100435.8,182104671.36,89666.75,95651.0,105262.75,0.7
252,11,187,13,130466.0,88908.0,107719.0,95360.9,33848979.08999999,89666.75,95651.0,97760.25,0.8
252,13,224,15,130466.0,88908.0,101170.0,94706.0,21522385.8,89666.75,95651.0,97760.25,0.8
252,15,275,17,130466.0,88908.0,100420.0,94568.2,19833558.159999996,89666.75,95651.0,97760.25,1.0
253,9,187,11,49486.0,26200.0,49486.0,36333.2,32306917.959999997,33865.25,36631.0,37813.5,0.8
253,11,210,13,49486.0,26200.0,38382.0,35023.2,13102660.36,33865.25,36563.5,37409.5,1.0
254,9,184,11,84084.0,32385.0,84084.0,66077.6,184646527.24000004,62762.75,70366.0,73964.0,0.8
254,11,213,13,84084.0,32385.0,74028.0,63727.3,143162043.81,62594.5,65752.5,72973.0,1.0
255,9,166,11,72981.0,5243.0,72981.0,40543.5,599686880.85,14781.5,47226.0,61827.75,0.9
256,9,175,11,97646.0,25162.0,101706.0,82086.5,561409350.05,79322.0,94296.0,97646.0,0.4
256,11,215,13,97646.0,25162.0,97646.0,78609.3,485191777.81000006,79087.75,83127.5,94306.0,0.6
256,13,255,15,97646.0,25162.0,94316.0,77654.8,452495149.75999993,79087.75,83127.5,92887.25,0.8
257,9,202,11,47586.0,29211.0,47586.0,37921.3,23367017.610000003,34651.75,39128.5,40178.75,0.9
258,9,143,11,26658.0,15524.0,26658.0,20225.1,12860210.09,17253.5,20550.0,22878.25,0.9
259,9,212,11,121732.0,39387.0,121732.0,88585.3,403105140.41,82811.0,90957.0,96294.25,0.8
259,11,239,13,121732.0,39387.0,98920.0,85735.4,280971753.84000003,82811.0,90957.0,96294.25,0.9
262,9,165,11,52083.0,33253.0,52083.0,41236.9,27705999.689999998,37609.0,42008.0,44289.0,0.9
264,9,218,11,61600.0,38714.0,61600.0,50618.3,58783542.61,44835.75,48127.5,57230.0,0.8
264,11,239,13,61600.0,38714.0,57743.0,49782.6,43619179.64,44835.75,48127.5,57061.5,1.0
265,9,235,11,59115.0,33651.0,59115.0,49359.4,51387682.239999995,48749.25,50460.0,53702.25,1.0
266,9,126,11,89148.0,22088.0,89148.0,46093.7,340781272.40999997,31658.25,42338.5,54094.25,0.8
266,11,155,13,89148.0,22088.0,54510.0,41129.2,116073589.75999999,31658.25,42338.5,51330.75,1.0
268,9,202,11,122705.0,86478.0,122705.0,97713.1,120670366.49000001,90668.5,94293.5,98063.75,0.7
268,11,238,13,122705.0,86478.0,103634.0,94563.6,28007988.639999997,90668.5,94293.5,98063.75,0.7
269,9,164,11,80789.0,30806.0,80789.0,55233.7,201970814.00999996,46035.0,54787.0,64456.25,0.6
269,11,214,13,80789.0,30806.0,65869.0,51872.8,104392766.16,46035.0,54424.0,59621.5,0.7
270,9,198,11,60666.0,47065.0,60666.0,53337.3,17644479.810000002,50046.0,54353.0,54595.5,0.8
271,9,154,11,69433.0,17128.0,69433.0,50009.2,180113904.96000004,46167.5,53140.5,57732.25,0.8
272,9,123,11,63235.0,37096.0,63235.0,47116.6,54841223.239999995,41473.75,46556.5,50520.25,0.9
274,9,180,11,71935.0,54995.0,71935.0,64329.3,18376801.41,62986.75,65007.5,65247.0,0.9
276,9,202,11,118542.0,87799.0,118542.0,96181.5,80563609.25,91000.5,91895.5,97019.5,0.7
276,11,236,13,118542.0,87799.0,98478.0,93358.4,13071600.64,91000.5,91895.5,97019.5,0.7
277,9,232,11,61641.0,47762.0,66585.0,58693.8,46849585.56,52103.5,61220.5,63471.75,0.9
278,9,131,11,103359.0,17449.0,103359.0,54548.8,692909118.5599998,38359.25,55968.0,65649.0,0.8
278,11,164,13,103359.0,17449.0,76012.0,50333.3,403999239.80999994,38359.25,55968.0,65649.0,1.0
279,9,131,11,62625.0,32394.0,62625.0,49089.2,58473708.760000005,47759.5,50200.0,52776.75,0.9
280,9,194,11,52414.0,42189.0,59594.0,54807.7,25130632.21,52708.75,55290.0,58897.75,0.8
280,11,238,13,52414.0,42189.0,58923.0,54491.7,22524537.61,52708.75,55290.0,58070.0,0.9
281,9,223,11,84749.0,50562.0,84749.0,60944.4,97035762.03999999,53713.0,58771.0,61447.25,0.8
281,11,256,13,84749.0,50562.0,64323.0,57835.8,19131436.559999995,53713.0,58771.0,61447.25,0.9
282,9,201,11,55068.0,32313.0,55068.0,44997.0,80779415.4,34829.0,48683.5,52536.75,0.9
283,9,191,11,73848.0,33119.0,73848.0,53759.7,122625005.00999999,49059.75,53058.0,55794.5,0.8
283,11,223,13,73848.0,33119.0,57295.0,50636.8,46408475.760000005,49059.75,53058.0,55177.25,1.0
284,9,92,11,48005.0,15720.0,48005.0,32992.6,58381805.64,30369.25,34407.0,35264.75,0.9
285,9,220,11,68659.0,24817.0,68659.0,48132.6,246142857.83999997,32285.75,53231.5,60428.25,0.7
285,11,248,13,68659.0,24817.0,62594.0,46043.1,186788881.29,32285.75,53231.5,55089.75,0.9
287,9,186,11,37334.0,27138.0,37334.0,32846.1,6227719.29,32210.0,32805.5,34144.0,0.9
289,9,200,11,80694.0,70425.0,80694.0,75488.6,8082841.840000001,74335.5,76210.0,76744.5,0.9
290,9,161,11,69699.0,12858.0,69699.0,50743.3,286464745.01000005,44003.75,54867.0,63749.5,0.9
292,9,155,11,35961.0,14213.0,35961.0,27628.2,40482771.96,23876.0,29156.0,32089.0,0.8
292,11,191,13,35961.0,14213.0,33431.0,26560.9,31696975.889999997,23876.0,26581.5,31591.25,1.0
294,9,117,11,15836.0,15836.0,21525.0,18810.8,4515363.76,16841.75,19009.0,20615.5,0.9
296,9,173,11,87914.0,66165.0,87914.0,78603.7,33139723.409999996,76314.0,78321.5,81909.0,0.6
296,11,204,13,87914.0,38308.0,82430.0,72714.8,148439073.96,74686.0,76514.0,78350.75,0.8
297,9,190,11,82578.0,15480.0,82578.0,43266.5,480877897.05,19950.5,50439.5,57422.5,0.9
300,9,204,11,95453.0,14763.0,95453.0,72597.4,758031282.4399999,73843.25,86271.0,88357.75,0.9
302,9,175,11,82704.0,13646.0,82704.0,54412.9,429975233.2900001,48613.5,59664.0,67879.0,0.9
303,9,142,11,90015.0,58934.0,90015.0,72325.9,92145772.09,65011.75,69027.5,80698.75,0.9
304,9,186,11,97815.0,11923.0,97815.0,60676.7,931858895.61,36587.5,64254.5,88038.0,0.9
308,9,175,11,92823.0,29043.0,92823.0,52701.8,230842641.56000003,48139.25,51030.5,51369.5,0.8
308,11,186,13,92823.0,29043.0,53035.0,48119.0,45415833.4,48139.25,51030.5,51369.5,0.8
309,9,169,11,87693.0,23829.0,87693.0,57605.4,251361775.83999997,50944.75,58546.5,65598.0,0.9
310,9,111,11,148520.0,14578.0,148520.0,61103.9,1184982567.4900002,40894.5,57221.0,72893.75,0.9
312,9,210,11,55991.0,44235.0,55991.0,51645.1,10649964.690000001,50235.25,51420.5,54502.75,1.0
313,9,173,11,137144.0,31776.0,137144.0,93691.6,614256722.4399999,88737.75,96466.0,99533.0,0.8
313,11,194,13,137144.0,31776.0,100786.0,89195.9,391031557.49,88737.75,96466.0,99533.0,1.0
314,9,138,11,108982.0,26739.0,108982.0,72587.1,579300606.49,73093.25,79199.0,84425.75,0.7
315,9,174,11,87177.0,26419.0,87177.0,63988.7,448761199.2099999,46301.5,76054.0,77258.25,0.9
316,9,183,11,107198.0,20453.0,107198.0,60282.0,650863171.8,40196.25,67228.5,74448.5,0.7
317,9,200,11,129792.0,29394.0,129792.0,106893.3,783299652.01,104990.0,111587.5,124509.0,0.7
317,11,250,13,129792.0,29394.0,124929.0,103248.0,694454316.6,101420.5,106551.5,121190.25,0.9
318,9,169,11,119874.0,7676.0,119874.0,47013.3,894217701.61,26138.25,50724.0,55733.5,0.9
318,11,194,13,119874.0,7676.0,62504.0,41276.3,354432550.81000006,26138.25,50724.0,55733.5,1.0
321,9,192,11,64944.0,48919.0,64944.0,55716.9,16975682.89,53084.0,55606.0,57314.0,0.7
321,11,237,13,64944.0,48919.0,57816.0,54393.5,6165008.65,52731.5,55478.5,55773.5,0.8
322,9,220,11,124120.0,78099.0,124120.0,104447.4,167391335.24,103486.25,105342.0,108038.25,0.8
322,11,253,13,124120.0,78099.0,109511.0,101772.9,99196742.09,103486.25,105342.0,108038.25,0.9
323,9,198,11,98480.0,14000.0,98480.0,74680.4,719745217.24,66317.0,85797.0,94347.5,0.9
324,9,159,11,56769.0,26021.0,56769.0,45222.9,120408096.09,36054.0,50971.0,54333.75,0.9
325,9,168,11,90030.0,18227.0,90030.0,58723.1,449762535.49000007,40453.0,69939.0,71752.25,0.9
326,9,118,11,49310.0,11430.0,49310.0,29996.5,121594951.45,23995.75,31432.0,37187.5,0.9
328,9,135,11,180770.0,14289.0,180770.0,110558.1,3473747481.2899995,55691.75,134931.5,144772.5,0.5
328,11,149,13,180770.0,14289.0,144912.0,100631.3,2610941797.6099997,53043.75,129593.5,134982.75,0.7
328,13,176,15,180770.0,14289.0,135034.0,98629.4,2450793541.84,53043.75,129593.5,134719.25,0.8
329,9,177,11,47266.0,32476.0,47266.0,41826.2,16608464.959999999,39619.5,42216.0,44926.25,0.9
330,9,193,11,51490.0,12922.0,51490.0,39694.3,190559320.81,30740.5,46812.0,50435.5,0.9
332,9,207,11,118702.0,49395.0,118702.0,89130.3,351853037.61,86527.0,93067.5,98681.75,0.9
332,11,237,13,118702.0,49395.0,105378.0,87797.9,289027979.29,86527.0,93067.5,98681.75,1.0
333,9,189,11,61662.0,35755.0,61662.0,47091.3,39319435.010000005,44103.25,47351.0,48354.75,0.9
335,9,162,11,106484.0,39691.0,106484.0,81238.2,471551214.56000006,80407.0,88246.0,94830.5,0.8
336,9,113,11,52980.0,6392.0,52980.0,32572.2,136644708.96,27593.5,33820.5,39182.5,0.9
337,9,201,11,99900.0,22849.0,99900.0,79206.5,427738310.45,78881.5,84708.0,86404.75,0.8
337,11,235,13,99900.0,22849.0,90010.0,77229.3,361926661.81,78881.5,84708.0,86404.75,0.8
338,9,238,11,98055.0,78875.0,98055.0,87716.9,24878054.089999996,85074.5,86785.5,90498.75,0.6
338,11,276,13,98055.0,78875.0,91647.0,85728.7,11180071.41,84770.0,86211.0,86989.25,0.7
340,9,182,11,91345.0,35180.0,91345.0,62341.1,174434343.69,57061.75,63680.5,65801.25,0.9
342,9,141,11,150768.0,107767.0,155835.0,132410.2,237577350.76,121964.0,129480.5,147923.25,0.6
342,11,161,13,150768.0,107767.0,150768.0,127435.5,130275392.25,121964.0,126994.5,131557.5,0.8
342,13,185,15,150768.0,107767.0,136172.0,125409.5,69029968.65,121964.0,126994.5,131557.5,0.9
343,9,163,11,103372.0,28131.0,103372.0,78986.8,413084553.35999995,77127.5,84002.5,88851.5,0.9
344,9,187,11,105250.0,21424.0,105250.0,62011.8,571022101.36,48108.75,68544.0,73564.75,0.9
345,9,165,11,112947.0,56757.0,112947.0,90399.8,228923779.76000005,84461.25,89314.0,100091.25,0.7
345,11,206,13,112947.0,56757.0,103163.0,86393.7,126405366.01000004,84461.25,89314.0,90987.0,0.9
346,9,156,11,172546.0,75360.0,172546.0,125752.2,592637972.1600001,120773.25,130039.5,131659.5,0.7
346,11,192,13,172546.0,75360.0,137992.0,120768.2,335225748.96000004,120773.25,128330.5,131053.5,0.8
348,9,200,11,138845.0,61779.0,138845.0,88840.3,512455992.40999997,75755.75,76359.0,97927.75,0.6
348,11,227,13,138845.0,61779.0,101487.0,78256.8,93533267.56,75545.75,76302.5,77496.25,0.7
348,13,261,15,138845.0,61779.0,77873.0,74037.1,22491188.29,74448.0,75921.5,76362.5,0.9
350,9,191,11,69651.0,26698.0,69651.0,44582.9,177947744.29,31297.25,48713.0,52821.0,0.9
351,9,230,11,87075.0,22285.0,87075.0,56831.1,340884129.09,43341.5,58479.0,69633.75,0.7
351,11,275,13,87075.0,22285.0,71201.0,53641.1,215829662.29000002,43341.5,58479.0,65163.75,0.9
352,9,180,11,77596.0,17278.0,77596.0,50519.4,345000587.84000003,47026.0,53111.0,63123.5,0.9
354,9,196,11,83590.0,54797.0,83590.0,73497.5,68247642.25,72727.25,76139.0,78154.0,0.9
357,9,95,11,10084.0,2927.0,10084.0,6615.7,6183396.01,4177.0,7891.0,8459.0,0.9
359,9,231,11,85476.0,53231.0,85476.0,69315.9,105905932.89,62547.5,68806.0,73782.25,0.8
359,11,260,13,85476.0,53231.0,76776.0,67520.4,60785696.04000001,62547.5,68806.0,73782.25,0.8
360,9,146,11,71274.0,44632.0,78330.0,67523.1,108218790.69000001,61441.75,71274.0,74517.5,0.9
361,9,126,11,81233.0,53206.0,81233.0,66953.8,53456948.36,63946.75,65839.5,71883.75,0.9
362,9,179,11,118081.0,31513.0,118081.0,82117.3,572151606.6099999,65874.75,88914.0,98350.75,0.9
363,9,183,11,107489.0,12010.0,107489.0,60596.8,750259453.96,45141.25,70396.0,74725.0,0.9
364,9,194,11,96105.0,16145.0,96105.0,66145.1,764819148.09,50439.25,75040.0,87897.25,0.7
364,11,229,13,96105.0,16145.0,91788.0,63847.2,654122587.3599999,50439.25,75040.0,80692.75,0.9
366,9,151,11,49849.0,18863.0,49849.0,34398.4,63401811.239999995,34612.5,35396.0,37184.0,0.9
367,9,188,11,111793.0,14635.0,111793.0,69047.0,1054092390.4,41557.75,84294.5,91529.0,0.9
369,9,204,11,93685.0,23773.0,93685.0,58080.1,372598290.68999994,53470.5,61554.5,65602.5,0.7
369,11,257,13,93685.0,23773.0,66623.0,54552.6,224539055.04000002,53470.5,61554.5,63902.25,0.9
370,9,204,11,70814.0,4086.0,70814.0,33916.3,418453160.21000004,14171.5,40281.0,43097.0,0.8
370,11,236,13,70814.0,4086.0,49380.0,31550.6,293696019.03999996,14171.5,40281.0,43097.0,1.0
371,9,161,11,157125.0,27841.0,157125.0,95066.8,1062842605.5600001,89645.0,96891.5,102128.25,0.7
371,11,211,13,157125.0,27841.0,103104.0,87267.6,532249980.24000007,89645.0,96891.5,101978.25,0.8
371,13,244,15,157125.0,27841.0,102084.0,85620.5,492752595.05,89645.0,93507.0,98743.0,1.0
373,9,203,11,128987.0,18090.0,128987.0,85270.7,882562414.4100002,70687.5,97554.5,98620.0,0.8
373,11,248,13,128987.0,18090.0,101404.0,82382.3,704814538.21,70687.5,97554.5,98620.0,1.0
375,9,122,11,33952.0,15523.0,33952.0,24239.7,29995896.009999998,21218.75,25416.5,27810.25,0.9
376,9,135,11,107101.0,75409.0,107101.0,85017.5,69285650.65,81169.25,83446.5,85252.25,0.8
377,9,145,11,48817.0,20640.0,48817.0,38531.8,59278358.36,36821.25,41400.0,42014.25,0.8
377,11,165,13,48817.0,20640.0,42883.0,37633.9,47266425.89,36821.25,41002.0,41992.75,1.0
378,9,170,11,55410.0,37627.0,55410.0,45827.1,18566270.889999997,44425.25,44924.5,47837.0,0.8
381,9,187,11,57014.0,27961.0,64636.0,57740.9,105810621.49000001,57258.0,61447.5,63124.75,0.9
383,9,176,11,91075.0,19252.0,91075.0,62347.2,303015336.36,58347.0,61320.0,70677.5,0.8
383,11,200,13,91075.0,19252.0,71555.0,59938.3,213902436.41000003,58347.0,61320.0,70484.0,0.9
384,9,83,11,19978.0,2751.0,19978.0,9613.6,20466251.439999998,7607.5,8434.5,11305.75,0.9
386,9,164,11,95257.0,44142.0,95257.0,70461.5,187095999.45,62273.25,71825.0,78247.75,0.9
387,9,123,11,45349.0,8656.0,45349.0,24872.5,92209737.85,19379.0,23994.5,28307.5,0.8
387,11,151,13,45349.0,8656.0,33082.0,23161.4,47095600.44000001,19379.0,23994.5,28307.5,1.0
388,9,113,11,59656.0,7036.0,59656.0,30389.6,223645972.64000002,20449.5,29154.0,37636.5,0.8
388,11,139,13,59656.0,7036.0,43833.0,28208.2,135018340.95999998,20449.5,29154.0,37636.5,1.0
390,9,160,11,88804.0,38011.0,88804.0,66409.2,229746587.36000004,58901.75,72252.0,74836.75,0.9
391,9,208,11,117558.0,69735.0,117558.0,81710.4,165508082.44,73917.25,79580.5,82664.0,0.8
391,11,237,13,117558.0,69735.0,83692.0,78161.8,23899321.359999996,73917.25,79580.5,82664.0,0.9
393,9,160,11,82951.0,14765.0,82951.0,55884.3,554921845.8100001,41056.5,67031.5,73536.5,0.7
393,11,199,13,82951.0,14765.0,74907.0,53975.8,476329086.56000006,41056.5,67031.5,69930.5,0.8
393,13,217,15,82951.0,14765.0,70099.0,52202.1,422363620.69,41056.5,63751.0,67289.75,1.0
394,9,174,11,142192.0,81914.0,142192.0,97527.7,237794119.01,92423.75,93050.0,95275.0,0.6
394,11,211,13,142192.0,81914.0,96044.0,92448.3,13983698.210000003,92423.75,93050.0,93809.5,0.6
397,9,216,11,115341.0,17830.0,115341.0,77886.0,949938616.2,70379.25,83958.5,101757.0,0.7
397,11,255,13,115341.0,17830.0,106113.0,74148.6,753057331.64,70379.25,83958.5,88814.25,0.9
398,9,179,11,97614.0,23868.0,97614.0,69108.3,506050130.61,54900.25,75412.0,87024.0,0.9
400,9,203,11,94127.0,60936.0,100228.0,90889.9,131347592.89000002,89129.0,95233.0,98120.0,0.9
401,9,159,11,157079.0,93388.0,157079.0,115018.1,285008412.49,103967.0,113299.5,120750.0,0.6
401,11,193,13,157079.0,93388.0,124188.0,109378.5,96840902.65,101306.25,109713.0,117557.0,0.7
402,9,164,11,107776.0,95837.0,116937.0,110307.4,32713514.24,108120.75,111006.5,114259.75,0.8
403,9,151,11,82220.0,50464.0,82220.0,66833.7,87171991.01,61404.0,67124.0,67420.0,0.8
403,11,165,13,82220.0,50464.0,69469.0,64144.1,33438960.49,61404.0,67124.0,67420.0,0.9
404,9,221,11,114991.0,65070.0,114991.0,95145.8,249768333.16,95397.0,100852.5,103520.25,0.4
404,11,250,13,114991.0,65070.0,104142.0,93763.3,211182693.81,95397.0,100852.5,102905.0,0.4
404,13,287,15,114991.0,65070.0,103703.0,93118.3,201538395.81,95397.0,98619.0,102567.75,0.5
404,15,323,17,114991.0,65070.0,102707.0,92576.0,192470402.8,95397.0,98118.5,101505.75,0.6
405,9,76,11,18642.0,2405.0,18642.0,8657.9,20940424.09,6291.0,8157.5,10794.25,0.9
406,9,160,11,56810.0,40982.0,56810.0,49740.3,28023818.01,45121.75,51243.0,53542.5,0.8
406,11,192,13,56810.0,25983.0,53775.0,46556.7,68415363.00999999,42502.5,50272.5,52901.5,1.0
407,9,208,11,90355.0,61088.0,90355.0,72603.2,51402878.56,68696.0,71900.5,74265.25,0.6
407,11,238,13,90355.0,30293.0,74494.0,64706.6,158176181.23999995,62800.0,69222.0,71904.75,0.8
407,13,276,15,90355.0,30293.0,71909.0,63434.0,144217250.0,61711.0,68053.0,71393.75,1.0
408,9,205,11,111364.0,56061.0,111364.0,73699.1,246706386.09,62396.0,68192.0,79347.5,0.6
408,11,236,13,111364.0,56061.0,79700.0,68689.8,59882511.75999999,62396.0,68192.0,76022.25,0.8
408,13,271,15,111364.0,56061.0,77593.0,67560.8,45213138.95999999,62396.0,68053.5,71582.25,0.9
409,9,211,11,111511.0,59632.0,111511.0,90078.0,213085066.0,82957.25,93439.5,100202.5,0.6
409,11,239,13,111511.0,59632.0,100596.0,87209.2,148548590.16,82957.25,89724.0,96715.75,0.8
409,13,277,15,111511.0,59632.0,98940.0,86991.8,143144879.16000003,82957.25,89724.0,96715.75,1.0
410,9,143,11,122399.0,12262.0,122399.0,51882.3,1228114905.8100002,26844.5,37543.0,66692.5,0.8
410,11,184,13,122399.0,12262.0,71157.0,43452.9,466018688.68999994,26844.5,37543.0,66692.5,1.0
412,9,231,11,106846.0,51104.0,106846.0,90232.1,325400390.09,87240.25,96498.5,103539.75,0.6
412,11,268,13,106846.0,51104.0,104355.0,88077.1,276997843.68999994,87141.5,93671.0,98657.25,0.8
412,13,295,15,106846.0,51104.0,99915.0,87469.6,260156168.43999997,87141.5,93671.0,98657.25,0.9
413,9,127,11,38474.0,26438.0,38474.0,30620.8,15722761.76,27004.0,30054.0,32372.5,0.8
413,11,137,13,38474.0,26438.0,33163.0,29763.8,7155576.760000001,27004.0,30054.0,32372.5,1.0
415,9,174,11,59887.0,35693.0,59887.0,49264.4,74179851.04,41180.0,52779.5,55574.25,0.9
416,9,117,11,53368.0,20748.0,53368.0,41743.0,92770972.0,36968.5,43293.0,49312.5,0.9
417,9,196,11,42329.0,16562.0,54045.0,45192.6,104940587.44000001,43309.5,48249.5,51370.75,0.9
418,9,209,11,100346.0,27337.0,100346.0,76672.2,544859518.56,76508.75,85523.5,86972.5,0.7
418,11,239,13,100346.0,27337.0,87051.0,72764.6,425860471.03999996,75675.25,81832.5,85644.75,0.9
419,9,164,11,157003.0,99235.0,157003.0,114653.8,221190714.76000005,108914.0,111599.5,113002.75,0.9
420,9,178,11,103502.0,44874.0,118560.0,100187.0,408798221.6,98698.75,103502.0,112905.0,0.9
421,9,134,11,99019.0,19411.0,99019.0,59887.1,546726964.49,50934.75,59081.5,76819.75,0.9
423,9,179,11,62769.0,19651.0,62769.0,46382.4,159829841.24,45487.25,50201.5,54184.0,0.9
424,9,178,11,76991.0,65717.0,81718.0,72010.9,35467204.89,67713.0,68264.5,76991.0,0.6
424,11,207,13,76991.0,65717.0,76991.0,69923.3,14898492.809999999,67713.0,68264.5,70986.25,0.8
424,13,222,15,76991.0,65717.0,73924.0,69082.2,6098241.16,67713.0,68264.5,70986.25,1.0
425,9,105,11,44504.0,14910.0,44504.0,25062.3,53770150.410000004,21818.5,24430.5,26087.0,0.9
426,9,106,11,26782.0,18184.0,26782.0,23138.7,7750725.609999999,21191.0,23887.0,25469.25,0.9
427,9,102,11,22202.0,5150.0,22202.0,15019.7,19340469.410000004,13398.5,15793.5,17485.75,0.9
428,9,147,11,104257.0,49947.0,104257.0,81406.8,352991205.16,66083.75,89662.0,93908.5,0.8
430,9,167,11,70247.0,46672.0,70247.0,55883.1,39204427.09,53576.25,55316.5,58664.5,0.9
431,9,175,11,104559.0,70577.0,104559.0,78368.4,86765526.03999999,72820.0,76867.0,79346.75,0.5
431,11,210,13,104559.0,70577.0,79550.0,75215.3,8948632.41,72820.0,76296.5,76923.5,0.7
432,9,156,11,96730.0,24999.0,96730.0,65066.5,607846951.65,46003.75,77699.5,83838.5,0.9
433,9,237,11,84748.0,46319.0,84748.0,70712.9,104371690.28999999,67165.25,71925.0,75376.25,0.6
433,11,270,13,84748.0,46319.0,77189.0,69420.7,77886681.81,67165.25,71925.0,75376.25,0.6
434,9,193,11,52221.0,46531.0,52221.0,49527.3,4198184.8100000005,47422.75,50217.0,51028.25,0.9
435,9,219,11,94558.0,57819.0,94558.0,76821.6,95412970.84,73966.0,78320.0,81497.25,0.7
437,9,132,11,142390.0,32842.0,142390.0,83780.8,732248992.36,73250.5,81301.0,89760.5,0.8
437,11,156,13,142390.0,32842.0,95693.0,77662.0,313685245.4,73250.5,81301.0,89760.5,1.0
439,9,159,11,123112.0,19972.0,123112.0,72698.9,680360049.29,69763.25,74849.5,83267.75,0.9
440,9,130,11,141553.0,101710.0,141553.0,125996.6,162364237.64000002,116289.75,129191.0,133539.75,0.8
440,11,182,13,141553.0,101710.0,137224.0,124833.0,132020667.6,116289.75,129191.0,133539.75,0.8
441,9,155,11,39388.0,7421.0,39388.0,25906.1,120002724.68999998,19003.0,28796.5,34456.0,0.9
442,9,126,11,61105.0,5630.0,61105.0,37072.0,190871490.0,31426.25,41099.5,42741.25,0.9
444,9,101,11,44190.0,12048.0,44190.0,30121.3,87307917.61,25396.5,32201.0,35050.25,0.8
444,11,114,13,44190.0,12048.0,38610.0,29438.8,72296398.36,25396.5,32201.0,35050.25,0.8
445,9,206,11,154563.0,122804.0,154563.0,142151.9,118784467.29,133647.75,142184.5,152426.75,0.3
445,11,231,13,154563.0,122804.0,152660.0,139971.1,83721656.29,133647.75,142184.5,143898.5,0.3
445,13,277,15,154563.0,122804.0,146174.0,138647.6,58403568.839999996,133647.75,142184.5,143898.5,0.3
446,9,222,11,118927.0,75058.0,118927.0,93293.4,128986711.64000002,86145.0,93198.5,97807.5,0.7
446,11,265,13,118927.0,75058.0,98795.0,91111.6,59603275.839999996,86145.0,93198.5,97807.5,0.7
447,9,174,11,120722.0,86119.0,120722.0,106993.9,101776300.69,102397.0,111336.5,113426.25,0.8
447,11,198,13,120722.0,86119.0,114090.0,105415.6,80861458.24000001,102232.25,107996.5,112530.0,0.9
448,9,184,11,66865.0,32606.0,66865.0,51901.7,78999479.21,47484.25,53876.5,56081.75,0.8
448,11,212,13,66865.0,32606.0,57664.0,50707.2,54923037.36,47484.25,53876.5,56081.75,0.9
450,9,157,11,96744.0,79530.0,96744.0,91960.6,22323872.24,92092.5,93339.0,94557.25,0.8
452,9,175,11,43773.0,43773.0,50869.0,47627.7,6625809.41,45068.75,48804.0,49124.0,0.9
454,9,209,11,80930.0,35727.0,80930.0,67601.1,178900969.49,62758.5,69030.0,79269.25,0.6
454,11,253,13,80930.0,35727.0,79666.0,65996.9,148012402.29000002,62758.5,68836.5,73433.25,0.8
454,13,281,15,80930.0,35727.0,76157.0,65290.8,131830705.35999998,62758.5,68836.5,73433.25,0.8
454,15,320,17,80930.0,35727.0,74114.0,63853.7,111074688.21,62758.5,67334.0,70331.5,1.0
455,9,106,11,32148.0,5538.0,32148.0,18702.5,52420656.05,14454.5,16877.5,22229.75,0.8
455,11,120,13,32148.0,5538.0,27678.0,18181.5,40835062.05,14454.5,16877.5,22229.75,1.0
456,9,160,11,67423.0,23013.0,67423.0,47865.5,127683015.85,44559.75,51182.5,53518.0,0.9
459,9,136,11,170957.0,98598.0,170957.0,121090.3,316237732.61,114094.0,118567.0,120365.0,0.9
460,9,157,11,97088.0,9061.0,97088.0,62514.9,712119555.2900001,55848.5,67131.5,82792.75,0.9
461,9,135,11,94680.0,6007.0,94680.0,46799.6,412653188.44,41357.5,46231.5,48313.5,0.8
461,11,165,13,94680.0,6007.0,48799.0,41637.2,151683231.76,41357.5,46231.5,48313.5,1.0
462,9,177,11,99292.0,74544.0,99292.0,81890.7,53253045.010000005,76614.0,80638.0,82513.0,0.8
462,11,197,13,99292.0,74544.0,82609.0,79133.9,8976331.489999998,76614.0,79735.5,81979.25,1.0
463,9,128,11,83221.0,27771.0,83221.0,58243.5,232345889.05,49788.75,57460.5,69766.75,0.9
464,9,149,11,55893.0,55893.0,75077.0,64938.1,53846834.29,56765.25,67652.5,69342.5,0.9
466,9,167,11,113601.0,11152.0,113601.0,81178.9,754428009.0900002,70162.5,90642.0,97553.0,0.9
467,9,217,11,119660.0,109187.0,127084.0,118793.4,28285933.24,115265.5,119660.0,121116.25,0.2
467,11,256,13,119660.0,109187.0,121340.0,115864.6,16259067.24,113236.0,115443.0,119660.0,0.4
467,13,297,15,119660.0,100733.0,119660.0,113211.7,27201702.810000002,111536.75,113896.0,115620.5,0.5
467,15,320,17,119660.0,100733.0,115798.0,112022.7,17523225.61,111536.75,113462.5,114335.75,0.7
467,17,361,19,119660.0,100733.0,114604.0,111632.8,15685600.76,111326.25,113247.0,113744.5,0.8
468,9,209,11,148086.0,97919.0,148086.0,122198.9,340777214.09000003,106232.75,118337.5,141895.25,0.4
468,11,243,13,148086.0,86668.0,147204.0,111137.9,264959425.69,99983.75,107398.5,118646.25,0.6
468,13,277,15,148086.0,86668.0,118955.0,105679.3,84800182.81,99983.75,106046.0,111104.0,0.8
468,15,309,17,148086.0,86668.0,114664.0,104901.5,67462005.05,99983.75,106046.0,111104.0,0.9
469,9,181,11,97745.0,69561.0,97745.0,90665.1,64560746.89,88467.5,92010.0,96706.5,0.6
470,9,200,11,115601.0,81882.0,115601.0,100482.6,102938136.43999998,95518.75,99717.5,105831.0,0.8
470,11,232,13,115601.0,81882.0,106140.0,96915.7,60000697.410000004,90805.25,98301.0,103835.0,0.9
471,9,202,11,117151.0,116489.0,173009.0,150447.0,533876359.2,124655.5,161160.5,170302.0,0.5
471,11,236,13,117151.0,116489.0,171388.0,149275.6,487052689.23999995,124655.5,161160.5,166762.5,0.6
471,13,270,15,117151.0,116489.0,168125.0,148729.9,465599312.2900001,124655.5,161160.5,165927.75,0.6
471,15,297,17,117151.0,116489.0,165931.0,146188.4,395539987.24,124655.5,154877.0,162141.75,0.8
473,9,186,11,86034.0,30600.0,86034.0,61194.2,222861896.76,62778.25,64633.5,66258.25,0.8
474,9,136,11,108864.0,69918.0,108864.0,89918.2,138914240.96,81440.25,88602.0,95008.25,0.7
474,11,158,13,108864.0,69918.0,95648.0,85564.2,58378072.36,79985.75,87357.5,92026.25,0.9
475,9,171,11,175234.0,45479.0,175234.0,109013.5,1218360518.65,109026.0,114420.0,122919.5,0.9
477,9,167,11,57205.0,16585.0,57205.0,45643.8,146151642.16,46464.75,48900.5,53729.0,0.9
479,9,173,11,102765.0,33511.0,102765.0,89480.6,393086424.84000003,86397.5,96118.5,100923.5,0.9
480,9,169,11,114638.0,76764.0,114638.0,90120.7,95842071.81000002,83512.5,88862.5,93142.5,0.8
481,9,218,11,71305.0,54317.0,71305.0,59954.3,24064575.81,56075.75,59542.5,61458.75,0.7
481,11,259,13,71305.0,54317.0,61893.0,58598.7,7553535.409999999,56075.75,59542.5,61125.0,0.8
482,9,160,11,142963.0,24738.0,142963.0,106174.2,1238303133.9599998,111700.5,119073.0,124972.25,0.8
483,9,199,11,74927.0,34725.0,74927.0,49377.3,135416917.60999998,39143.5,50664.5,55921.75,0.9
484,9,194,11,116424.0,26678.0,116424.0,76725.1,546867956.2900001,77280.75,83511.0,85192.0,0.9
486,9,169,11,132881.0,32812.0,132881.0,75163.6,837283985.04,52699.0,73873.5,94783.5,0.6
486,11,186,13,132881.0,32812.0,96222.0,68694.0,424923978.4,52699.0,73873.5,83808.25,0.8
486,13,208,15,132881.0,32812.0,89218.0,67865.9,385184601.29,52699.0,73873.5,83808.25,1.0
487,9,139,11,162933.0,6219.0,162933.0,74861.8,1341003747.16,68942.0,74616.5,77282.25,0.8
487,11,160,13,162933.0,6219.0,85818.0,66597.4,496968688.23999995,68942.0,74616.5,77282.25,1.0
488,9,165,11,111010.0,21722.0,111010.0,71067.8,603713943.5600001,67520.25,73774.5,86216.5,0.9
490,9,132,11,123827.0,58694.0,123827.0,89283.3,407517428.21,76134.25,89578.0,101237.5,0.9
491,9,127,11,117238.0,37429.0,117238.0,91707.1,711729370.49,86224.75,97951.5,113995.75,0.9
492,9,102,11,42116.0,9222.0,42116.0,26335.8,133889482.96,14582.75,30955.0,33169.25,0.8
492,11,117,13,42116.0,9222.0,34324.0,25286.3,109612210.41,14582.75,30955.0,33169.25,1.0
493,9,100,11,22548.0,7785.0,22548.0,12040.0,14725545.6,10238.75,11115.0,12608.5,0.9
494,9,146,11,43265.0,15453.0,43265.0,30010.2,92492088.56,21567.25,31567.5,37563.5,0.9
495,9,104,11,97119.0,7133.0,97119.0,58944.2,836458538.36,48858.25,70753.0,77095.75,0.9
496,9,198,11,105773.0,105773.0,113787.0,109946.4,8765030.84,107475.25,110450.0,112261.25,0.7
498,9,135,11,30050.0,4327.0,30050.0,24295.1,54066502.69,23296.25,27174.5,28136.0,0.8
498,11,146,13,30050.0,4327.0,29382.0,24135.8,52342609.96,23296.25,27174.5,28136.0,1.0
499,9,209,11,84853.0,44156.0,84853.0,63685.2,213432586.35999998,48898.75,64144.5,74242.0,0.6
499,11,238,13,84853.0,44156.0,74335.0,59037.4,112197717.84,48898.75,60391.0,66151.5,0.8
499,13,260,15,84853.0,44156.0,69452.0,57589.7,78111857.61,48898.75,60391.0,63474.75,1.0
500,9,134,11,47237.0,1967.0,47237.0,22170.6,128470828.24000001,21093.25,23577.5,24687.25,0.9
501,9,216,11,104692.0,81025.0,104692.0,93792.8,45236338.160000004,90073.0,92633.5,96851.5,0.8
501,11,247,13,104692.0,81025.0,101510.0,93206.4,34138881.84,90073.0,92633.5,96851.5,0.8
501,13,279,15,104692.0,81025.0,97463.0,90516.5,18913919.45,89047.0,90694.0,92676.25,1.0
502,9,200,11,72273.0,25270.0,72273.0,47651.6,232458364.63999996,34588.5,51523.0,59138.25,0.9
504,9,199,11,108640.0,77656.0,108640.0,88924.0,66510236.6,84151.25,87079.5,92093.5,0.7
504,11,239,13,108640.0,70581.0,92201.0,84266.2,38217224.160000004,81694.75,85868.5,87082.25,0.9
505,9,159,11,120587.0,81394.0,120587.0,104462.8,126226398.55999999,97410.25,107254.5,108207.5,0.8
505,11,202,13,120587.0,81394.0,109096.0,102162.3,73208181.81,97410.25,107254.5,108207.5,0.9
507,9,206,11,40736.0,35478.0,69794.0,53548.7,182070885.20999998,40736.0,53334.0,67962.75,0.7
507,11,230,13,40736.0,35478.0,68455.0,52936.3,165115424.61,40736.0,53334.0,66253.0,0.9
508,9,218,11,94727.0,54265.0,94727.0,77217.6,118620870.64000002,72622.0,78714.5,79722.25,0.8
508,11,260,13,94727.0,54265.0,84897.0,74093.5,69965165.45,70146.25,77720.0,79365.25,0.9
509,9,177,11,128837.0,72121.0,128837.0,109402.0,303165638.4,106878.25,113673.0,122908.0,0.7
509,11,206,13,128837.0,72121.0,125005.0,108007.5,261634714.05,106878.25,113673.0,117820.0,0.8
510,9,124,11,45245.0,6758.0,45245.0,27087.5,91588421.25,22762.5,27568.0,31944.75,0.9
512,9,228,11,118537.0,49414.0,118537.0,83173.8,399289385.9599999,72699.0,84982.0,93105.0,0.8
512,11,254,13,118537.0,49414.0,93899.0,79485.7,234155204.41,72699.0,84982.0,92142.75,0.9
514,9,167,11,147882.0,74508.0,147882.0,117878.9,476054518.48999995,110660.0,119369.5,128540.0,0.8
514,11,204,13,147882.0,74508.0,130175.0,113363.8,291405495.36,110660.0,118263.0,126968.75,0.9
516,9,104,11,28432.0,13073.0,28432.0,20746.0,17816723.4,18002.25,21645.0,22720.5,0.9
517,9,174,11,142268.0,30285.0,142268.0,90721.2,693407395.9599999,86821.0,93777.5,96514.0,0.7
517,11,218,13,142268.0,30285.0,96832.0,84911.4,378051093.04,86821.0,93208.0,95182.0,0.9
518,9,127,11,103749.0,16443.0,103749.0,85335.4,696889984.6400001,76946.25,99279.5,102883.75,0.9
519,9,172,11,71660.0,17112.0,71660.0,56870.0,259086286.4,51659.0,65010.5,66582.0,0.9
520,9,220,11,48730.0,39512.0,53923.0,50555.4,16636689.639999997,49284.5,52008.5,53172.25,0.8
521,9,176,11,87211.0,50710.0,87211.0,76926.1,163766385.09,68411.5,83946.5,86496.75,0.8
522,9,221,11,106638.0,62134.0,106638.0,83019.4,112588846.04,79899.75,83364.0,86314.75,0.8
523,9,156,11,86137.0,7028.0,86137.0,45861.6,592025171.64,23221.0,56833.5,61017.5,0.9
524,9,163,11,84964.0,8470.0,85808.0,66469.0,515317119.8,66857.5,70546.5,83689.5,0.6
524,11,190,13,84964.0,8470.0,84964.0,63769.6,442299590.64000005,66857.5,70546.5,71902.5,0.8
524,13,210,15,84964.0,8470.0,79768.0,62749.0,408314004.6,66857.5,70546.5,71902.5,1.0
527,9,222,11,51548.0,51548.0,70882.0,61427.7,53485114.01,55821.75,60417.0,69082.0,0.5
527,11,276,13,51548.0,51548.0,69165.0,59455.1,34991486.49,55821.75,58483.5,62309.25,0.7
527,13,310,15,51548.0,51548.0,64101.0,58335.1,18723800.09,55821.75,58483.5,62309.25,0.9
528,9,131,11,55024.0,5427.0,55024.0,29932.6,205893441.44,26472.25,32268.5,38217.25,0.9
529,9,135,11,68771.0,41720.0,68771.0,60660.5,53644303.85,57996.5,62443.0,65694.75,0.9
531,9,203,11,77679.0,23783.0,77679.0,43407.3,197223264.01,37395.0,41805.0,46505.0,0.7
531,11,243,13,77679.0,23783.0,47529.0,39692.6,59296676.239999995,37395.0,41805.0,45890.75,0.8
532,9,161,11,91569.0,24361.0,91569.0,60240.9,298187416.49000007,56809.25,63536.0,67879.0,0.9
533,9,209,11,109012.0,44992.0,109012.0,76132.0,318322423.2,68538.5,81586.5,84462.25,0.9
534,9,92,11,21489.0,3160.0,21489.0,13909.9,35168883.489999995,11194.25,15204.0,18705.25,0.9
535,9,113,11,28551.0,10609.0,28551.0,21097.5,18331471.65,20325.25,21245.5,23081.75,0.9
536,9,175,11,91675.0,37705.0,91675.0,64447.7,173371332.01,59864.25,66010.5,68843.75,0.5
538,9,164,11,102294.0,65938.0,102294.0,79463.7,128936434.41000001,72625.25,73204.0,86241.0,0.8
538,11,188,13,102294.0,65938.0,89204.0,77457.8,66970057.56,72625.25,73204.0,86241.0,0.9
541,9,169,11,136007.0,59856.0,136007.0,87424.8,773156889.76,70921.5,74050.5,105228.5,0.7
541,11,189,13,136007.0,59856.0,114823.0,75645.1,201462623.89000002,70921.5,73686.0,76229.75,0.9
542,9,120,11,37231.0,12946.0,37231.0,24020.7,49453523.010000005,20666.75,23262.0,27715.25,0.8
542,11,145,13,37231.0,12946.0,30869.0,23037.0,31123120.0,20666.75,23262.0,27715.25,0.9
543,9,146,11,58984.0,20813.0,58984.0,42400.2,137539027.76000002,34014.75,40543.0,51218.75,0.8
543,11,169,13,58984.0,20813.0,53440.0,41132.0,102036244.2,34014.75,40543.0,51218.75,1.0
545,9,188,11,58678.0,26492.0,58678.0,48190.0,70633842.0,47156.5,50885.0,52521.0,0.9
547,9,89,11,124887.0,30049.0,124887.0,62027.3,826731958.41,34185.75,61188.5,77177.5,0.9
548,9,179,11,91228.0,17992.0,91228.0,53241.3,383204533.41,42361.0,53816.5,65922.75,0.9
548,11,227,13,91228.0,17992.0,68997.0,50781.6,250783878.24,42361.0,53816.5,64800.75,1.0
549,9,114,11,16302.0,8468.0,16302.0,12608.0,9860707.6,9531.0,12400.0,15990.25,0.9
550,9,159,11,85114.0,6812.0,85114.0,57508.2,421990541.35999995,53890.5,60428.5,65485.5,0.7
550,11,188,13,85114.0,6812.0,67684.0,54364.0,299664681.8,53890.5,60428.5,65485.5,0.7
554,9,118,11,26541.0,14612.0,26541.0,19543.0,9033206.6,19369.75,19718.5,20146.75,0.8
554,11,130,13,26541.0,14612.0,20184.0,18581.8,3879776.3599999994,17544.25,19619.5,19963.75,1.0
555,9,161,11,95952.0,95828.0,101535.0,98168.3,3830842.41,96149.5,98201.0,99679.75,0.8
556,9,113,11,121520.0,54977.0,121520.0,91304.3,317674798.01000005,84023.25,88638.5,102421.75,0.7
556,11,133,13,121520.0,54977.0,104957.0,86039.2,153002473.96,84023.25,88516.0,91473.5,0.9
557,9,220,11,69908.0,47555.0,69908.0,59020.8,35080814.96,56212.25,59927.5,61858.75,0.7
557,11,255,13,69908.0,47555.0,62225.0,57372.9,19634680.09,55639.0,58910.5,60620.75,0.9
558,9,231,11,57831.0,55054.0,71251.0,63790.4,25809410.639999997,58953.75,65239.5,67381.5,0.7
558,11,273,13,57831.0,55054.0,67616.0,62594.6,16296439.64,58953.75,64067.5,65409.75,0.9
560,9,159,11,123877.0,38957.0,123877.0,80092.2,841489905.76,52402.75,87243.5,103494.25,0.9
561,9,214,11,71966.0,56101.0,71966.0,65665.6,21972343.84,63989.75,65546.0,68720.0,0.8
562,9,112,11,61764.0,30660.0,61764.0,51723.6,67456585.64,50062.5,51846.0,55839.5,0.8
565,9,177,11,192816.0,21460.0,192816.0,98175.2,2771855602.56,59326.75,93647.0,137811.25,0.7
565,11,217,13,192816.0,21460.0,143750.0,89689.7,1708325190.81,59326.75,93647.0,126773.5,0.9
567,9,168,11,90079.0,67813.0,90079.0,83602.0,54583940.4,81498.5,87578.0,87872.5,0.8
567,11,186,13,90079.0,67813.0,88831.0,83412.4,52451395.43999999,81498.5,87578.0,87872.5,0.8
571,9,155,11,50003.0,38205.0,50003.0,43559.4,14209474.84,39802.5,44698.5,46190.5,0.9
573,9,123,11,160390.0,88638.0,160390.0,125933.4,392632402.44000006,115538.75,122364.0,140866.0,0.7
573,11,150,13,160390.0,88638.0,145895.0,120734.3,195654555.60999998,115538.75,122364.0,126237.25,0.9
574,9,130,11,129111.0,41083.0,129111.0,83648.4,723817541.6400001,61644.75,83054.5,104220.25,0.6
574,11,159,13,129111.0,41083.0,104648.0,76474.6,392442663.84000003,61644.75,78008.5,90505.0,0.8
574,13,184,15,129111.0,41083.0,99789.0,74166.1,298853536.68999994,61644.75,78008.5,86122.5,1.0
576,9,103,11,123042.0,8268.0,123042.0,61605.6,979120660.64,54715.5,60746.5,71974.0,0.8
576,11,119,13,123042.0,8268.0,75774.0,55025.0,496797345.4,54715.5,60746.5,71974.0,1.0
578,9,142,11,80855.0,7356.0,80855.0,52746.6,493157066.64,40727.75,62600.5,66463.75,0.9
579,9,145,11,119888.0,30575.0,119888.0,71631.5,851036922.05,49111.25,72119.5,95251.5,0.8
579,11,182,13,119888.0,30575.0,102031.0,69744.5,700793830.65,49111.25,72119.5,95251.5,1.0
581,9,107,11,138086.0,22466.0,138086.0,81707.8,995795069.1600001,69449.75,89409.0,95614.25,0.8
581,11,135,13,138086.0,22466.0,102198.0,76962.7,649707849.61,69449.75,89409.0,95614.25,1.0
582,9,143,11,74278.0,19795.0,74278.0,46030.5,296879661.45,39348.0,42608.5,59432.5,0.9
583,9,92,11,36421.0,8105.0,36421.0,19642.3,54508143.80999999,15216.25,20458.5,22416.0,0.9
584,9,146,11,158212.0,93587.0,158212.0,135293.7,413627218.80999994,131444.5,143315.0,148147.75,0.8
585,9,94,11,28230.0,3292.0,28230.0,14396.1,38953558.28999999,11258.0,12838.5,17636.25,0.9
587,9,219,11,100883.0,75040.0,100883.0,86894.7,54561488.410000004,85022.5,85871.5,91375.5,0.7
587,11,247,13,100883.0,75040.0,92726.0,85727.4,32855632.439999998,85022.5,85871.5,90145.5,0.7
588,9,144,11,109005.0,13789.0,109005.0,63562.2,583229836.5600001,59140.75,61807.5,69882.5,0.7
588,11,163,13,109005.0,13789.0,71484.0,56289.0,250010214.0,59140.75,61807.5,63610.0,0.9
589,9,104,11,24384.0,12789.0,24384.0,15771.2,9878948.559999999,13905.0,15408.5,16076.0,0.9
590,9,200,11,97855.0,20327.0,97855.0,62178.5,597579438.05,49972.75,67927.0,79085.25,0.7
590,11,248,13,97855.0,20327.0,82033.0,58172.0,411742301.4,49972.75,67927.0,71692.5,0.9
591,9,161,11,166281.0,94457.0,166281.0,122166.5,346127472.05,116945.0,122520.0,126609.5,0.7
591,11,183,13,166281.0,88452.0,126986.0,110397.7,219392692.61000004,95302.0,117559.0,123430.5,0.9
592,9,154,11,83761.0,46138.0,83761.0,66040.2,106936670.56,60247.0,65521.5,70784.5,0.9
594,9,187,11,52935.0,44400.0,52935.0,47698.3,7166758.410000001,45274.25,47510.5,48868.25,0.6
594,11,222,13,52935.0,36380.0,48886.0,45318.6,12108217.64,44408.5,45771.5,47548.75,0.8
595,9,177,11,68495.0,59553.0,70226.0,65849.3,14179282.61,62579.5,67312.0,68740.25,0.9
596,9,194,11,61552.0,40504.0,61552.0,50038.0,39306973.2,45675.25,48721.5,54824.75,0.9
597,9,205,11,75745.0,56947.0,75745.0,66329.4,47692837.839999996,58905.25,69201.0,72132.25,0.8
598,9,133,11,78332.0,1688.0,83259.0,63521.2,474762243.9599999,63621.75,68241.0,76065.5,0.9
599,9,151,11,131276.0,35925.0,131276.0,102933.0,568643647.2,103579.25,109753.0,111789.5,0.9
600,9,150,11,47942.0,27699.0,47942.0,37321.6,25670722.84,34839.25,37581.5,39448.0,0.9
601,9,166,11,45291.0,31383.0,45291.0,37566.1,14589476.49,35099.75,37956.0,39565.5,0.9
602,9,89,11,80452.0,10313.0,80452.0,33928.3,555991783.01,19047.25,20835.0,45531.5,0.7
602,11,108,13,80452.0,10313.0,51921.0,26070.0,136745855.6,19047.25,20835.0,32708.75,0.9
604,9,213,11,61498.0,51663.0,64632.0,60728.3,13516293.010000002,60800.5,61755.0,62616.5,0.7
607,9,90,11,34380.0,4423.0,34380.0,16202.2,80788808.76,8673.25,15642.5,21062.25,0.8
607,11,110,13,34380.0,4423.0,24638.0,14887.8,47448225.56,8673.25,15642.5,21062.25,1.0
608,9,214,11,89496.0,24895.0,89496.0,66876.0,347682162.6,67068.5,71936.0,78537.25,0.8
609,9,153,11,131529.0,21025.0,131529.0,79039.1,1371490174.29,60032.5,68629.0,116714.5,0.6
609,11,172,13,131529.0,21025.0,125369.0,68315.5,745989970.45,60032.5,68629.0,76262.75,0.8
609,13,191,15,131529.0,21025.0,85576.0,63772.3,407508679.21,60032.5,68629.0,76262.75,1.0
610,9,84,11,36357.0,13091.0,36357.0,22303.1,54180830.089999996,16665.25,19910.5,27884.25,0.8
610,11,96,13,36357.0,13091.0,29119.0,21330.2,34487191.36,16665.25,19910.5,27530.25,1.0
613,9,168,11,99892.0,72892.0,99892.0,85637.7,48759087.20999999,82189.5,83746.5,88929.25,0.9
614,9,227,11,88936.0,83665.0,96597.0,91065.1,20549696.09,87422.5,90568.0,95646.5,0.5
614,11,264,13,88936.0,83665.0,95675.0,90358.3,15054522.41,87422.5,90568.0,92955.0,0.5
615,9,204,11,83343.0,38252.0,83343.0,66683.3,190000863.60999998,57421.0,69883.0,78364.75,0.8
615,11,234,13,83343.0,38252.0,79593.0,65755.4,165229368.04,57421.0,69883.0,76144.0,0.9
616,9,242,11,114863.0,47806.0,114863.0,89389.0,295209758.2,83209.25,89833.0,97770.75,0.6
616,11,278,13,114863.0,47806.0,99986.0,87065.7,214152874.20999998,83209.25,89833.0,97770.75,0.6
617,9,148,11,97585.0,19456.0,97585.0,66410.2,385925024.56,58991.0,67054.0,78195.25,0.9
618,9,89,11,17186.0,5950.0,17186.0,10051.0,10608738.4,8004.75,9325.0,11366.5,0.9
619,9,161,11,143893.0,52889.0,143893.0,87174.4,854327151.24,67634.75,77018.5,103336.0,0.7
619,11,178,13,143893.0,52889.0,108776.0,75737.5,223577934.65,67634.75,77018.5,80540.25,0.9
621,9,210,11,91643.0,29005.0,91643.0,74351.5,269371538.25,72319.0,77733.5,83651.0,0.6
621,11,237,13,91643.0,29005.0,83960.0,71791.8,228574937.56,70806.75,74064.5,81192.25,0.8
621,13,275,15,91643.0,29005.0,81397.0,71040.6,213716739.83999997,70806.75,74064.5,80016.75,1.0
622,9,104,11,49029.0,9681.0,49029.0,34513.6,171147806.04000002,31283.5,39430.0,42779.25,0.9
623,9,123,11,188834.0,18789.0,188834.0,97717.3,2114792309.0099998,96475.25,108258.5,111801.0,0.9
624,9,116,11,112778.0,23269.0,112778.0,65910.2,811496428.76,52143.0,64956.0,83987.75,0.7
624,11,135,13,112778.0,23269.0,88980.0,58222.5,387858828.05,52143.0,64956.0,69730.25,0.9
625,9,146,11,87169.0,19700.0,87169.0,58914.2,409728881.96,59554.0,63736.5,69653.5,0.8
625,11,166,13,87169.0,19700.0,70796.0,56327.4,315893514.43999994,59554.0,63736.5,66988.0,1.0
626,9,147,11,151259.0,4633.0,151259.0,100339.6,1951800667.2400002,77819.25,113827.0,122804.5,0.8
626,11,163,13,151259.0,4633.0,128321.0,95658.9,1563476049.8899999,77819.25,113827.0,122804.5,1.0
628,9,99,11,98136.0,22880.0,98136.0,69512.2,592733036.16,67055.25,77068.0,85711.0,1.0
629,9,226,11,108112.0,55665.0,108112.0,74371.2,225344700.56000003,65837.0,70971.5,72179.25,0.8
629,11,262,13,108112.0,55665.0,73292.0,68503.1,27874609.689999998,65837.0,70971.5,72179.25,1.0
630,9,173,11,95488.0,15148.0,95488.0,48533.1,609282606.69,33762.25,46783.5,54049.75,0.8
630,11,217,13,95488.0,15148.0,57877.0,41800.4,228500827.04000002,33762.25,46783.5,54049.75,1.0
631,9,184,11,112267.0,61723.0,112267.0,93047.1,191174384.09,84590.0,96918.0,102323.0,0.5
631,11,212,13,112267.0,61723.0,102702.0,91394.1,152225075.69,84590.0,95592.0,100567.75,0.6
632,9,204,11,62081.0,34883.0,62081.0,48003.6,45237622.239999995,44381.25,47654.5,50840.5,0.9
633,9,195,11,103305.0,59213.0,103305.0,92950.2,151214137.16000003,92148.25,96646.5,100451.5,0.8
634,9,196,11,82641.0,8289.0,82641.0,57001.7,626804344.4100001,49045.5,69687.5,71699.0,0.8
635,9,205,11,93442.0,18442.0,93442.0,55667.2,357290976.36,54391.5,56115.0,62388.75,0.9
636,9,127,11,94349.0,84361.0,97542.0,92019.7,16272447.209999999,90021.75,92491.0,94349.0,0.6
638,9,119,11,55136.0,9009.0,55136.0,35983.6,275989534.04,19175.0,44597.5,50110.0,0.9
639,9,123,11,155145.0,19120.0,155145.0,67655.7,1047649635.21,58330.75,64299.5,68307.5,0.9
641,9,112,11,64539.0,30061.0,64539.0,53726.8,86713336.16,51270.5,55283.5,57660.75,0.8
641,11,131,13,64539.0,30061.0,62823.0,53222.0,76947204.0,51270.5,55283.5,57660.75,0.8
642,9,143,11,113081.0,41235.0,113081.0,90419.7,320342197.60999995,88239.75,94724.0,97948.25,0.9
643,9,142,11,106550.0,14119.0,106550.0,78508.1,821059404.49,65923.75,87363.0,100345.5,1.0
644,9,127,11,16190.0,8518.0,16190.0,11467.5,3587920.25,10641.25,11196.0,12094.25,0.9
645,9,113,11,10760.0,10760.0,15419.0,13335.9,2781372.0900000003,11915.5,13976.0,14559.75,0.9
646,9,170,11,83835.0,67081.0,83835.0,76117.4,31594381.439999998,71999.25,77854.0,80681.5,0.9
646,11,199,13,83835.0,67081.0,80728.0,75785.2,27460019.560000002,71999.25,77854.0,80579.75,1.0
648,9,129,11,85595.0,40347.0,85595.0,65188.4,214944838.43999997,54265.75,62304.0,78351.75,1.0
649,9,131,11,117794.0,28664.0,117794.0,77510.3,583325279.4100001,77891.0,80792.5,84337.5,0.8
649,11,159,13,117794.0,28664.0,98300.0,74997.0,436360160.0,77891.0,80792.5,84337.5,1.0
650,9,192,11,136952.0,70713.0,136952.0,115164.8,298424491.36,109511.75,120051.5,126104.0,0.9
651,9,160,11,139790.0,88902.0,139790.0,111251.0,179190162.0,108184.25,113666.0,115300.75,0.6
651,11,201,13,139790.0,88902.0,115352.0,108204.4,87496024.44,108012.5,112189.0,114796.0,0.8
652,9,152,11,81463.0,22415.0,81463.0,65166.4,231215094.83999997,64978.0,69251.0,72075.75,0.8
653,9,141,11,153333.0,26545.0,153333.0,93010.0,1055528148.0,83812.0,89123.5,90443.5,0.8
653,11,162,13,153333.0,26545.0,108614.0,85080.5,449170148.05,83812.0,89123.5,90443.5,0.9
654,9,150,11,110617.0,11633.0,110617.0,65061.7,716934160.01,58443.25,68124.0,77110.25,0.8
654,11,171,13,110617.0,11633.0,80083.0,60511.9,454075583.68999994,58443.25,68124.0,75860.75,1.0
657,9,115,11,32296.0,15560.0,32296.0,28235.3,20070082.41,27827.75,29681.5,30278.5,1.0
659,9,174,11,94678.0,72859.0,94678.0,79447.4,37832403.64,74885.0,78330.5,82264.25,0.9
660,9,154,11,104668.0,55700.0,104668.0,90269.8,243512511.96000004,79858.5,95815.0,104093.25,0.9
662,9,102,11,29908.0,17830.0,30858.0,26408.8,20947913.959999997,22640.5,29402.0,29856.5,0.9
664,9,139,11,151515.0,109112.0,151515.0,127241.6,145945703.23999998,120150.5,129332.0,131213.25,0.8
664,11,163,13,151515.0,109112.0,136969.0,125415.6,85578492.03999999,120150.5,129332.0,131213.25,0.8
665,9,164,11,93864.0,27746.0,93864.0,74504.6,270262491.44,75236.5,78471.5,80461.5,0.9
665,11,192,13,93864.0,27746.0,80569.0,73116.2,233854200.56,75236.5,78471.5,80331.0,1.0
666,9,147,11,84169.0,21341.0,84169.0,65226.5,480394071.45,54864.75,77807.5,79536.5,0.9
667,9,113,11,30198.0,18996.0,30198.0,27690.4,11366693.440000001,27531.5,29083.5,29680.75,0.9
669,9,126,11,112204.0,33349.0,112204.0,70423.7,529651338.41,53128.0,76904.5,82572.0,0.8
669,11,150,13,112204.0,33349.0,86541.0,67647.3,366364504.81000006,53128.0,76904.5,82572.0,1.0
671,9,151,11,87908.0,27898.0,87908.0,61607.2,464141537.76000005,41112.75,71286.5,74138.5,0.8
671,11,172,13,87908.0,27898.0,76310.0,60082.0,402806376.0,41112.75,71286.5,74138.5,0.9
672,9,176,11,79993.0,49255.0,79993.0,65602.4,93874737.44000001,57421.0,65666.5,73326.75,0.8
673,9,153,11,137255.0,59011.0,137255.0,110013.5,601968337.25,114596.75,118891.0,123104.25,0.8
675,9,189,11,103434.0,32343.0,103434.0,55473.4,455154940.64,42739.75,44756.0,59840.25,0.6
675,11,204,13,103434.0,32343.0,61653.0,46862.6,60440422.64000001,42739.75,44756.0,51835.25,0.8
676,9,131,11,116664.0,7640.0,116664.0,79873.6,1023988309.64,86224.5,90706.5,96734.25,0.9
677,9,226,11,35376.0,35376.0,61365.0,49212.5,66632819.25,44980.5,52466.0,54412.0,0.9
678,9,159,11,144222.0,12839.0,144222.0,97950.2,1345747430.3600001,98112.75,111339.5,117142.5,0.9
679,9,130,11,154377.0,32285.0,154377.0,85654.8,1328029703.56,68369.0,83446.5,100369.5,0.8
679,11,148,13,154377.0,32285.0,109394.0,78284.3,661309455.6099999,68369.0,83446.5,100369.5,0.9
680,9,103,11,153667.0,10203.0,153667.0,75943.0,1073175829.6,69633.75,74495.5,81232.25,0.8
680,11,121,13,153667.0,10203.0,82841.0,68729.3,420069177.61,69633.75,74495.5,80968.25,1.0
684,9,160,11,102704.0,43773.0,102704.0,60819.3,285120962.21,50342.0,56564.5,60722.5,0.8
684,11,184,13,102704.0,43773.0,66680.0,55662.9,51461624.69,50342.0,56564.5,60722.5,1.0
686,9,189,11,54755.0,39694.0,54755.0,48680.6,16605046.040000001,47526.25,49552.0,50442.25,0.8
686,11,216,13,54755.0,39694.0,50914.0,47443.3,11824408.610000001,45188.75,48448.5,50201.25,0.9
687,9,173,11,104960.0,8609.0,104960.0,62349.7,721830588.8100001,54204.25,68132.5,78263.75,0.7
687,11,197,13,104960.0,8609.0,80777.0,57887.2,497315259.16,54204.25,68132.5,70684.75,0.9
689,9,189,11,66727.0,53082.0,66727.0,61377.2,33448212.359999996,54866.5,65558.0,66051.75,0.7
690,9,201,11,112926.0,91580.0,112926.0,102068.6,49854317.84000001,95754.0,102399.5,108105.25,0.6
690,11,237,13,112926.0,91580.0,109266.0,100604.9,29468589.089999996,95754.0,102399.5,104404.0,0.6
690,13,274,15,112926.0,91580.0,105511.0,99931.1,21882948.69,95754.0,102343.5,103470.25,0.7
691,9,145,11,85273.0,8236.0,85273.0,58800.8,447329627.36,56348.5,64623.5,70266.5,0.9
693,9,133,11,186882.0,62844.0,186882.0,97195.8,1291203028.16,69222.25,84410.0,114206.5,0.6
693,11,150,13,186882.0,62844.0,116071.0,85182.8,304966663.96,69222.25,84410.0,97725.25,0.8
693,13,163,15,186882.0,62844.0,103724.0,83407.8,218386125.56,69222.25,84410.0,97725.25,1.0
695,9,134,11,42313.0,37510.0,75282.0,59691.2,209082553.35999998,44144.75,63933.5,74044.0,0.9
696,9,194,11,93920.0,72591.0,93920.0,81211.6,39011328.839999996,76314.75,82227.0,84525.0,0.6
696,11,212,13,93920.0,64508.0,84969.0,77880.1,37125466.29,73812.0,79831.0,82471.0,0.7
698,9,211,11,45239.0,43365.0,53340.0,48251.3,10173138.41,45239.0,49068.0,50805.75,0.9
699,9,175,11,121576.0,37711.0,121576.0,92514.0,743832739.2,93126.0,98116.0,111729.25,0.7
699,11,200,13,121576.0,37711.0,115260.0,89993.1,626128052.49,93126.0,98116.0,106480.0,0.9
701,9,192,11,129072.0,39614.0,129072.0,97675.1,897765841.89,100533.5,104022.0,113873.0,0.5
701,11,226,13,129072.0,39614.0,115123.0,88400.9,660771819.69,81414.0,101644.0,104094.5,0.7
701,13,262,15,129072.0,39614.0,104167.0,85133.8,546903117.56,81414.0,95932.5,102932.0,0.9
703,9,127,11,37648.0,18157.0,37648.0,32495.4,27300680.24,32688.5,33582.0,35265.75,0.9
704,9,164,11,63278.0,31746.0,63278.0,42550.6,78194755.64,36389.0,40044.5,46240.25,0.6
704,11,200,13,63278.0,31746.0,46442.0,39348.0,19942102.0,36389.0,40044.5,40870.25,0.8
704,13,233,15,63278.0,31746.0,41856.0,38503.5,11462326.05,36389.0,40044.5,40870.25,1.0
705,9,202,11,116646.0,91937.0,119097.0,108899.1,69614108.69,103173.25,109265.0,116646.0,0.6
705,11,242,13,116646.0,91937.0,116646.0,106515.0,49830610.0,103173.25,105023.0,111425.5,0.8
705,13,283,15,116646.0,91937.0,114159.0,105487.4,34638786.04000001,103173.25,105023.0,108592.75,0.9
706,9,157,11,91409.0,73035.0,91409.0,83262.9,41268895.089999996,77406.5,84471.5,89433.25,0.8
706,11,176,13,91409.0,60451.0,90075.0,80167.1,77087301.09,75350.25,81857.0,87167.75,0.9
707,9,224,11,60953.0,58818.0,67421.0,62559.6,6475916.24,60953.0,62155.0,64375.75,0.9
708,9,181,11,92256.0,51109.0,96178.0,80361.0,260343493.8,72699.5,85457.5,92256.0,0.6
708,11,216,13,92256.0,51109.0,92256.0,79018.5,227092642.65,72699.5,85457.5,89606.0,0.8
708,13,236,15,92256.0,51109.0,91602.0,78856.7,222918509.60999998,72699.5,85457.5,89606.0,1.0
709,9,178,11,67954.0,36654.0,67954.0,50223.7,67954550.21000001,46690.0,50658.0,53137.75,0.8
709,11,215,13,67954.0,36654.0,54211.0,48369.8,31221536.360000003,46690.0,50658.0,51524.75,0.9
711,9,212,11,64179.0,50614.0,64179.0,57761.0,18031756.6,55389.25,58847.5,59577.0,0.9
712,9,90,11,44413.0,38711.0,58952.0,48449.0,43715611.6,44413.0,45418.5,54391.0,0.9
713,9,111,11,61412.0,42704.0,61412.0,53816.2,21610012.96,52562.75,53758.0,56014.5,0.9
714,9,122,11,65584.0,3623.0,65584.0,28357.9,226311999.69,20698.0,29564.0,31410.75,0.9
717,9,153,11,141118.0,20535.0,141118.0,107316.6,1415383982.04,114517.75,120710.0,130634.25,0.7
717,11,189,13,141118.0,20535.0,132640.0,105803.6,1331556321.0400002,114517.75,120710.0,127364.25,0.9
718,9,184,11,118708.0,37737.0,118708.0,78745.9,482298340.69000006,63527.25,80697.5,90278.0,0.7
718,11,219,13,118708.0,37737.0,92960.0,72742.5,237379020.85,63527.25,77957.0,82191.25,0.9
720,9,103,11,12960.0,6802.0,12960.0,10966.0,3514410.2,10023.75,11500.5,12368.0,1.0
721,9,211,11,98428.0,97505.0,111856.0,102277.3,21147816.61,98428.0,101459.0,104850.0,0.4
721,11,248,13,98428.0,97505.0,106324.0,101688.1,12984686.290000001,98428.0,101459.0,104850.0,0.4
722,9,117,11,87246.0,42767.0,87246.0,61009.1,228850048.49,49567.25,56196.0,71840.75,0.7
722,11,145,13,87246.0,42767.0,76783.0,56035.2,78893296.76,49567.25,56196.0,58964.75,0.7
722,13,170,15,87246.0,42767.0,59615.0,53872.3,28366716.21,49567.25,56196.0,58337.75,0.9
725,9,225,11,100760.0,100700.0,123341.0,110705.9,66079603.89000001,102317.75,110305.0,116819.75,0.4
725,11,251,13,100760.0,97596.0,117395.0,106912.4,41679224.44,100760.0,107500.5,111754.5,0.6
726,9,127,11,59531.0,8870.0,59531.0,36951.7,263336667.20999998,26270.75,40408.0,50295.25,0.9
729,9,99,11,55091.0,10239.0,55091.0,33425.5,134006417.25,27671.5,33632.0,40610.0,0.9
730,9,174,11,157940.0,53111.0,157940.0,91451.1,606766128.89,84198.75,88332.5,91167.75,0.9
732,9,160,11,130145.0,103852.0,130145.0,117370.1,72664468.69,111141.75,118155.0,122499.5,0.6
732,11,180,13,130145.0,103852.0,122892.0,115921.9,45610982.49,111141.75,118155.0,121811.75,0.6
733,9,218,11,77698.0,47444.0,77698.0,61039.9,55625085.89,57855.75,59845.0,64684.0,0.7
733,11,233,13,77698.0,47444.0,65507.0,59488.5,25599910.85,57855.75,59845.0,62740.5,0.8
733,13,271,15,77698.0,42025.0,62926.0,56895.7,43522429.81,56293.5,58387.0,61953.0,1.0
734,9,195,11,89427.0,16353.0,89427.0,53120.6,414096238.64000005,39380.75,58300.0,65295.5,0.9
735,9,188,11,103351.0,68265.0,103351.0,82680.2,80612799.55999999,76454.75,83401.0,86269.5,0.8
735,11,212,13,103351.0,68265.0,88270.0,81172.1,38734823.089999996,76454.75,83401.0,86269.5,0.8
736,9,165,11,121181.0,41422.0,122810.0,96826.1,749136258.49,92961.25,104562.5,118470.25,0.7
736,11,189,13,121181.0,41422.0,121181.0,95223.7,678720502.8100001,92961.25,104562.5,112518.25,0.7
737,9,207,11,62157.0,17186.0,62157.0,48632.4,124707948.04,48808.25,50412.5,53350.5,0.8
738,9,166,11,130514.0,82272.0,130514.0,116264.4,179034709.83999997,118210.5,120672.5,123300.5,0.9
743,9,139,11,158796.0,35894.0,158796.0,94851.6,785839062.64,89086.5,95922.0,99418.25,0.7
743,11,163,13,158796.0,35894.0,100164.0,87306.8,317741567.15999997,88944.25,92478.5,96960.5,0.9
745,9,201,11,64381.0,27607.0,64381.0,47408.4,156922127.44,36248.75,48783.0,57615.5,0.9
746,9,127,11,37898.0,15968.0,37898.0,26064.8,41658328.36,24172.5,24840.5,31009.75,0.9
747,9,99,11,36130.0,16388.0,36130.0,25455.3,36940528.010000005,21605.0,24496.5,28037.5,0.8
747,11,114,13,36130.0,16388.0,32470.0,24797.6,25336568.240000002,21605.0,24496.5,28037.5,0.9
749,9,170,11,131671.0,27055.0,131671.0,69828.4,919378871.8399999,57596.5,61573.5,84006.25,0.6
749,11,184,13,131671.0,27055.0,85419.0,59195.7,304926712.61,57596.5,61573.5,65409.5,0.8
749,13,208,15,131671.0,27055.0,67479.0,56086.9,196547305.08999997,57596.5,61573.5,65409.5,1.0
750,9,141,11,97812.0,44970.0,97812.0,85398.7,263711298.01,87111.0,92066.0,95529.25,1.0
752,9,130,11,17716.0,10767.0,17716.0,13032.7,3858056.41,11711.25,12611.5,13859.5,0.9
753,9,166,11,117656.0,55036.0,117656.0,82257.6,309591352.24000007,68572.25,80507.5,94118.5,0.6
753,11,196,13,117656.0,55036.0,94590.0,76816.9,148409059.69,68572.25,72749.0,87633.25,0.8
753,13,231,15,117656.0,55036.0,90745.0,76099.5,126235878.45,68572.25,72749.0,87633.25,1.0
754,9,171,11,119599.0,91198.0,119599.0,103487.3,57438042.81,98154.25,104192.0,107258.25,0.9
755,9,153,11,104607.0,77617.0,104607.0,90381.7,67443031.21,86074.75,90201.5,93854.25,0.7
755,11,188,13,104607.0,77617.0,95519.0,88497.9,32723062.890000004,86074.75,90201.5,92463.75,0.8
758,9,176,11,87590.0,52871.0,87590.0,62565.8,89237230.56,57907.25,58460.5,62230.0,0.8
758,11,191,13,87590.0,52871.0,65431.0,59608.7,11771046.610000001,57907.25,58460.5,62230.0,1.0
759,9,144,11,131637.0,15964.0,131637.0,95325.0,1038586407.2,93432.5,99949.5,112549.0,0.8
759,11,171,13,131637.0,15964.0,113736.0,91354.1,826234218.8900001,93432.5,99949.5,111156.5,1.0
760,9,187,11,74808.0,70094.0,86630.0,77263.5,23451253.25,74808.0,75839.5,79045.5,0.8
760,11,226,13,74808.0,70094.0,79612.0,76059.7,9326285.809999999,74808.0,75839.5,79045.5,0.9
761,9,153,11,56464.0,21920.0,56464.0,46766.8,81413008.35999998,46088.0,48872.0,51597.0,0.9
762,9,184,11,71527.0,28509.0,74930.0,66076.0,172153846.6,66436.75,71527.0,72756.75,0.6
762,11,225,13,71527.0,28509.0,73084.0,65069.2,159594521.95999998,66406.5,69329.0,71527.0,0.8
763,9,216,11,77850.0,56845.0,77976.0,71073.3,39904787.010000005,67538.5,72512.5,76725.5,0.7
763,11,242,13,77850.0,56845.0,77850.0,69825.7,30283776.809999995,67538.5,70788.5,73177.25,0.9
764,9,161,11,131607.0,82938.0,131607.0,98916.0,215677357.8,88799.25,91916.5,104494.0,0.1
764,11,192,13,131607.0,78869.0,105737.0,89956.8,62529323.15999999,84305.75,88843.5,92098.75,0.3
764,13,211,15,131607.0,63130.0,92281.0,82173.0,96973626.6,79484.25,85673.5,88887.75,0.5
764,15,240,17,131607.0,63130.0,88932.0,80480.2,76096294.75999999,79484.25,82277.0,87629.0,0.7
764,17,270,19,131607.0,63130.0,88409.0,79277.9,63647736.09000001,79093.0,81473.0,84701.25,0.9
767,9,175,11,130087.0,86269.0,130087.0,106640.4,167038781.64,95809.25,111932.5,113688.0,0.6
767,11,209,13,130087.0,86269.0,113748.0,102581.8,93809722.75999999,95809.25,102019.0,112103.25,0.8
768,9,196,11,106734.0,47866.0,106734.0,69678.0,262833137.8,57627.75,68979.0,75644.75,0.7
768,11,229,13,106734.0,47866.0,77169.0,64262.3,74371123.81,57627.75,67016.5,70872.0,0.9
769,9,199,11,156267.0,98097.0,156267.0,113856.7,239143753.00999993,106678.75,108727.5,111482.5,0.6
769,11,236,13,156267.0,98097.0,111639.0,107385.2,15281398.959999999,105692.75,108126.5,110511.0,0.7
771,9,179,11,138355.0,101246.0,138355.0,113366.6,109787390.23999998,104437.5,114042.0,116146.0,0.7
771,11,213,13,138355.0,101246.0,116800.0,110342.9,33674933.69,104437.5,113158.5,115429.0,0.8
771,13,234,15,138355.0,3999.0,115879.0,98495.8,1016587496.5600001,103097.25,108367.5,113581.75,1.0
772,9,184,11,88642.0,24149.0,88642.0,59190.4,404461576.64,51737.75,64678.5,68278.5,0.8
772,11,206,13,88642.0,24149.0,70571.0,56294.0,288174017.0,51737.75,64678.5,68278.5,1.0
774,9,175,11,87727.0,60002.0,91650.0,82223.2,87227519.36,76626.25,87564.0,88699.75,0.8
774,11,209,13,87727.0,60002.0,89276.0,80805.9,78584965.69,76355.75,82980.0,87727.0,0.9
775,9,179,11,60278.0,51469.0,73461.0,65550.8,38829252.16,61449.0,67551.5,69880.25,0.9
777,9,186,11,118121.0,95589.0,122747.0,109681.3,103221786.01,99961.75,109802.0,118121.0,0.6
777,11,201,13,118121.0,95589.0,118121.0,107134.5,63217316.65,99961.75,108040.5,112292.0,0.8
777,13,216,15,118121.0,95589.0,115160.0,106542.2,51605985.95999999,99961.75,108040.5,112292.0,0.8
778,9,186,11,77494.0,46701.0,77494.0,61695.6,86656705.44000001,53895.75,62620.5,66559.75,0.8
778,11,228,13,77494.0,46701.0,69124.0,60298.2,54525434.760000005,53895.75,62620.5,66559.75,1.0
779,9,144,11,76512.0,46724.0,76512.0,60999.8,68127683.35999998,57477.0,63432.0,64904.25,0.9
781,9,148,11,61896.0,32087.0,61896.0,50646.9,81052710.49,46816.25,52089.5,56660.0,1.0
782,9,214,11,67998.0,65132.0,71314.0,68361.0,5022312.6,66825.25,67998.0,70437.5,0.7
783,9,157,11,65310.0,25158.0,65310.0,53459.5,106092401.65,55489.75,56335.5,57585.75,0.9
785,9,196,11,63473.0,50125.0,64933.0,59026.3,26889339.21,54733.75,61422.0,63187.5,0.8
785,11,241,13,63473.0,50125.0,63473.0,58495.0,23153397.0,54733.75,60336.5,62196.0,0.9
786,9,190,11,53222.0,37540.0,53222.0,44369.3,20991776.410000004,40770.5,45363.5,46591.25,0.8
788,9,179,11,85907.0,65566.0,85907.0,79337.9,29060066.49,78286.25,79975.5,81039.0,0.7
788,11,205,13,85907.0,65566.0,81751.0,78264.2,19869468.759999998,78286.25,79267.0,80875.25,0.8
789,9,193,11,83894.0,41658.0,85539.0,75110.1,206115120.09,76926.25,82373.5,83894.0,0.9
790,9,147,11,87259.0,66450.0,89942.0,79608.4,67079568.64,71305.25,82678.5,86515.75,0.3
790,11,172,13,87259.0,66450.0,87259.0,76373.5,51675992.65,69349.0,76338.5,82820.25,0.5
790,13,195,15,87259.0,66450.0,82962.0,74400.6,29718662.840000004,69349.0,75381.5,77295.5,0.6
790,15,215,17,87259.0,66450.0,77995.0,73362.5,16878028.65,69349.0,75381.5,76736.75,0.6
791,9,208,11,92400.0,26451.0,92400.0,74217.9,305513080.29,70685.25,79956.5,83194.0,0.8
792,9,164,11,93784.0,26863.0,93784.0,57232.6,278558400.24,50317.25,53413.0,59971.75,0.8
792,11,191,13,93784.0,26863.0,60290.0,52299.1,89589610.28999999,50317.25,53413.0,59386.75,0.9
793,9,185,11,48286.0,48286.0,72341.0,60337.8,57960791.56,55712.0,62615.0,65754.75,0.9
794,9,176,11,187326.0,120887.0,187326.0,146750.9,247068116.89000005,143722.5,146040.5,146893.25,0.9
794,11,217,13,187326.0,120887.0,149477.0,142910.2,68153332.15999998,143722.5,146040.5,146893.25,1.0
795,9,163,11,124988.0,21407.0,124988.0,86239.9,831164565.29,81287.5,91049.0,96605.75,0.8
795,11,184,13,124988.0,21407.0,97059.0,80798.3,548130658.41,81287.5,91049.0,95524.25,1.0
796,9,189,11,77989.0,60970.0,77989.0,67338.5,32596397.45,62849.5,64058.5,72673.5,0.7
797,9,213,11,104159.0,65774.0,104159.0,87858.9,119090740.69000001,82071.5,89038.5,93628.0,0.3
797,11,248,13,104159.0,65774.0,94093.0,82942.7,76270984.41,76551.25,85102.5,89197.75,0.5
797,13,284,15,104159.0,65774.0,89357.0,81129.4,57388312.04,76311.0,80873.5,88643.75,0.6
797,15,326,17,104159.0,65774.0,88720.0,80314.1,47737673.89,76311.0,80873.5,86305.75,0.8
797,17,359,19,104159.0,65774.0,87524.0,79555.3,39023822.61,76311.0,80873.5,82748.25,0.9
799,9,145,11,97193.0,10465.0,97193.0,60324.5,637190953.65,51765.0,64843.0,73691.0,0.7
799,11,161,13,97193.0,10465.0,75315.0,55370.1,413057710.48999995,51765.0,64843.0,68074.75,0.9
801,9,155,11,74981.0,48955.0,74981.0,58328.2,62821072.15999999,51071.75,57818.0,63616.25,0.7
801,11,186,13,74981.0,48955.0,64458.0,56632.7,30413252.609999996,51071.75,57818.0,60730.0,0.8
803,9,119,11,54515.0,25379.0,54515.0,36829.3,65466454.210000016,32427.75,36698.0,38599.75,0.8
803,11,138,13,54515.0,25379.0,43360.0,35287.2,31089142.759999998,32427.75,36698.0,38599.75,1.0
804,9,219,11,145611.0,139537.0,164997.0,157041.0,82548935.0,148919.25,162462.5,163188.5,0.2
805,9,184,11,66523.0,45804.0,70919.0,64586.1,46192723.29000001,63560.25,66297.0,68227.75,0.9
806,9,114,11,28374.0,6821.0,28374.0,18318.7,33502509.21,16280.5,18658.0,21347.5,0.8
806,11,138,13,28374.0,6821.0,22326.0,17491.1,22199358.089999996,16280.5,18658.0,21347.5,1.0
807,9,141,11,89322.0,10961.0,89322.0,53260.8,567396960.36,43270.75,51164.5,72149.5,0.7
807,11,186,13,89322.0,10961.0,77353.0,47612.6,315870753.84,43270.75,51164.5,57286.75,0.8
807,13,198,15,89322.0,10961.0,57536.0,44915.7,216981866.01,43270.75,51164.5,55332.0,1.0
810,9,174,11,71262.0,52315.0,71262.0,60753.1,25844966.490000002,58597.25,60852.0,63393.0,0.7
811,9,126,11,82626.0,7753.0,82626.0,42614.8,424980713.96000004,28471.25,42446.0,56077.5,0.9
813,9,187,11,162996.0,67179.0,162996.0,100795.6,605297595.04,89387.75,93767.0,105948.5,0.7
813,11,220,13,162996.0,67179.0,108403.0,91803.8,106477004.36,89387.75,93666.5,96799.5,0.9
815,9,172,11,114696.0,33765.0,114696.0,86534.3,494251608.40999997,78536.5,93347.5,100180.25,0.9
817,9,139,11,126251.0,104403.0,126251.0,116052.1,58595893.29,109764.0,117807.0,123053.0,0.9
818,9,181,11,181198.0,98643.0,181198.0,125930.2,504936391.9599999,109433.5,122648.5,130789.25,0.8
818,11,219,13,181198.0,98643.0,136027.0,120228.6,147023479.04000002,109433.5,122648.5,130789.25,0.9
819,9,205,11,73949.0,49797.0,73949.0,67105.4,42344683.04,65413.25,68424.5,70573.5,0.4
819,11,250,13,73949.0,49797.0,70852.0,63646.6,47506132.84,61467.75,65893.5,68533.75,0.6
819,13,279,15,73949.0,49797.0,68643.0,62552.8,38105557.16,61172.75,64745.0,66709.25,0.8
819,15,305,17,73949.0,49797.0,67311.0,62322.5,35603944.85,61172.75,64745.0,66709.25,0.8
820,9,215,11,121344.0,73974.0,121344.0,89320.8,243611274.56,77913.5,84217.0,93963.25,0.7
820,11,251,13,121344.0,73974.0,95754.0,84371.0,59059053.8,77913.5,84217.0,91732.75,0.8
821,9,194,11,124001.0,62238.0,124001.0,97222.9,272458466.29,90313.0,98842.5,106468.75,0.6
821,11,226,13,124001.0,62238.0,106773.0,93462.3,163019981.81,90313.0,97582.0,101526.5,0.8
821,13,253,15,124001.0,62238.0,103597.0,92817.9,148322011.49,90313.0,97582.0,101526.5,0.9
822,9,150,11,119025.0,83461.0,119025.0,101067.8,110516310.96000001,96663.0,101483.0,107425.75,0.7
822,11,167,13,119025.0,83461.0,108206.0,98992.8,67850650.96,96663.0,101135.5,104424.5,0.8
825,9,135,11,81295.0,40173.0,81295.0,57748.3,110934436.21,52941.25,54736.0,63432.25,0.8
826,9,147,11,64433.0,45606.0,64433.0,54712.1,30184332.089999996,50119.25,56149.5,58171.5,0.9
826,11,167,13,64433.0,45606.0,60969.0,54365.7,24529629.209999997,50119.25,56149.5,58171.5,0.9
827,9,193,11,80877.0,37125.0,80877.0,62009.1,108733976.89000002,61845.75,62809.0,64780.5,0.9
828,9,211,11,138386.0,88842.0,138386.0,103494.7,247590989.81000003,91657.75,97100.0,108227.0,0.5
828,11,241,13,138386.0,79373.0,109950.0,94519.4,63448866.84000001,91013.0,93361.0,98995.75,0.7
828,13,282,15,138386.0,79373.0,100449.0,92155.1,26767813.29,91013.0,93361.0,94609.5,0.8
829,9,175,11,121775.0,58513.0,121775.0,93096.1,341019506.48999995,78892.75,96408.5,106509.0,0.7
829,11,205,13,121775.0,58513.0,109552.0,88206.9,256502350.68999997,76336.25,87728.0,102331.75,0.8
830,9,139,11,167802.0,14099.0,167802.0,121584.7,1633853734.81,113250.75,140342.5,140848.25,0.8
830,11,171,13,167802.0,14099.0,141202.0,118270.4,1425880052.84,113250.75,137675.5,140647.75,0.9
831,9,203,11,128749.0,43395.0,128749.0,85358.6,700103229.0399998,65786.75,87631.5,104964.25,0.7
831,11,237,13,128749.0,43395.0,108177.0,80012.6,412658604.2399999,65786.75,87631.5,95043.0,0.9
831,13,284,15,128749.0,43395.0,96641.0,78834.6,358792433.84,65786.75,87631.5,95043.0,1.0
832,9,105,11,156301.0,81286.0,156301.0,119792.9,426592276.09000003,111051.0,121081.0,130188.75,1.0
833,9,127,11,143206.0,107137.0,143206.0,121202.2,138439870.35999998,110722.5,118915.0,130412.0,0.9
834,9,216,11,144879.0,92553.0,144879.0,114559.3,300882432.01,99393.75,111710.5,129364.0,0.5
834,11,249,13,144879.0,92553.0,130792.0,108093.6,147286233.83999997,99393.75,104852.0,115989.5,0.7
834,13,284,15,144879.0,92553.0,118602.0,104523.5,55138189.45,99393.75,104852.0,108891.5,0.7
834,15,318,17,144879.0,92553.0,113334.0,103996.7,42802746.010000005,99393.75,104852.0,108891.5,0.7
835,9,169,11,71076.0,71076.0,87167.0,78405.4,31260632.839999996,72488.0,79755.0,82580.75,0.9
836,9,206,11,130070.0,79365.0,130070.0,94108.5,199275958.65,85205.0,92703.5,95760.0,0.8
836,11,242,13,130070.0,79365.0,96391.0,88183.7,39420166.01,82148.0,88469.5,93820.75,1.0
839,9,142,11,84346.0,18290.0,84346.0,58676.8,603786178.16,36303.25,69339.5,77875.0,0.8
839,11,166,13,84346.0,18290.0,78629.0,57009.5,537009281.45,36303.25,69339.5,74510.5,1.0
840,9,109,11,100992.0,14564.0,100992.0,58766.1,728580907.4899999,41363.0,68192.5,77591.25,0.9
841,9,144,11,70585.0,26509.0,70585.0,51065.0,185743026.0,42206.5,47643.5,63742.75,0.6
841,11,165,13,70585.0,26509.0,65680.0,47452.1,102861599.28999999,42206.5,47643.5,52119.75,0.8
841,13,173,15,70585.0,26509.0,55744.0,46206.6,70315522.04,42206.5,47643.5,52119.75,1.0
843,9,144,11,84612.0,44974.0,84612.0,58499.1,93727807.08999999,54574.25,57708.0,59118.5,0.9
843,11,159,13,84612.0,44974.0,61736.0,56211.5,21354090.85,54574.25,57708.0,59118.5,1.0
844,9,186,11,120671.0,70017.0,120671.0,87330.8,199394965.95999998,78679.0,83794.0,94045.5,0.6
844,11,211,13,120671.0,70017.0,95436.0,83055.0,57768040.0,78679.0,83794.0,88200.5,0.8
848,9,198,11,70512.0,47156.0,70512.0,60689.0,41062311.2,57625.5,61804.0,64870.5,0.7
848,11,243,13,70512.0,47156.0,67254.0,60363.2,35616955.16,57625.5,61804.0,64870.5,0.7
849,9,158,11,58124.0,11985.0,58124.0,44434.5,184488062.85,48045.5,50074.0,50589.0,0.7
849,11,192,13,58124.0,11985.0,50612.0,41288.2,179885230.35999998,33149.25,49352.5,50319.75,0.9
851,9,107,11,111586.0,29508.0,111586.0,80865.0,1098003913.8,50859.25,97929.5,110718.0,0.9
853,9,167,11,145021.0,133422.0,162780.0,146007.9,65799016.489999995,140687.25,145021.0,150862.5,0.7
854,9,110,11,81392.0,67758.0,81392.0,74910.4,19880183.64,71582.0,73658.5,79397.25,0.6
855,9,231,11,117086.0,99163.0,117086.0,106705.6,22963763.84,102925.75,107113.0,109091.5,0.4
855,11,274,13,117086.0,99163.0,109603.0,105508.8,9630231.96,102925.75,107113.0,107618.5,0.4
856,9,146,11,94908.0,11246.0,94908.0,41966.4,488044995.84,34203.0,40782.5,45742.0,0.8
856,11,178,13,94908.0,11246.0,47691.0,36232.6,158371506.84,34203.0,40782.5,45742.0,1.0
857,9,147,11,48247.0,6476.0,48247.0,35594.3,138607069.60999998,33802.5,36233.0,44197.5,0.9
858,9,121,11,53540.0,8887.0,53540.0,41598.4,141583584.44,41673.75,43447.0,47981.75,0.9
860,9,127,11,44141.0,13118.0,46130.0,38476.7,108154408.01000002,38163.25,43709.0,44544.5,0.9
861,9,116,11,91382.0,66356.0,91382.0,78916.1,66441792.69000001,72539.75,77169.0,84909.75,0.7
861,11,145,13,91382.0,66356.0,86217.0,77192.9,35451381.690000005,72539.75,77169.0,81806.25,0.9
863,9,165,11,108916.0,99955.0,108916.0,104673.3,7754513.409999999,102361.5,104957.5,107003.0,0.1
863,11,204,13,108916.0,99955.0,107543.0,103736.9,4522628.6899999995,102039.75,104213.0,105069.25,0.1
863,13,247,15,108916.0,99955.0,105181.0,103365.1,2863968.8899999997,102039.75,104090.5,104639.25,0.1
863,15,277,17,108916.0,94461.0,104734.0,101726.0,9026439.4,100311.75,102382.5,104100.25,0.3
864,9,142,11,71814.0,19347.0,71814.0,49168.6,314274743.84000003,35701.5,54967.0,61256.25,0.9
865,9,140,11,76069.0,23119.0,76069.0,57404.9,269293512.69,51720.75,64140.5,67866.5,0.9
866,9,144,11,110649.0,32350.0,110649.0,77561.8,514606380.56000006,80708.0,82692.0,88874.75,0.9
867,9,135,11,105088.0,32823.0,105088.0,75609.1,279164224.28999996,75421.25,76263.0,77997.75,0.8
867,11,163,13,105088.0,32823.0,82595.0,72857.6,183075834.23999998,75421.25,76263.0,77997.75,1.0
868,9,200,11,69890.0,42135.0,75610.0,69149.7,84500198.80999999,69940.25,71944.5,72805.75,0.7
869,9,191,11,101802.0,100613.0,110594.0,105179.8,10195209.559999999,101849.5,106439.0,106928.25,0.5
871,9,223,11,66912.0,55975.0,68850.0,64205.6,16139542.039999997,62032.5,65893.5,67017.0,0.7
872,9,165,11,98021.0,53217.0,98405.0,83476.4,237328623.44,73730.25,88482.0,97725.0,0.5
872,11,183,13,98021.0,53217.0,98021.0,78902.4,186491497.04000002,72673.25,77457.0,88542.5,0.7
872,13,214,15,98021.0,53217.0,88603.0,76103.0,116673714.4,72673.25,77457.0,85246.0,0.9
873,9,153,11,128187.0,31766.0,128187.0,85116.9,1014798690.89,58329.25,97524.0,104293.25,0.8
873,11,187,13,128187.0,31766.0,105655.0,80961.6,782338947.64,58329.25,94224.0,102995.75,1.0
878,9,197,11,104868.0,45056.0,104868.0,83544.1,242377606.49,77975.0,89789.5,91384.75,0.4
878,11,231,13,104868.0,45056.0,91671.0,79052.4,176603929.64000002,75099.0,80395.0,90102.75,0.6
878,13,268,15,104868.0,45056.0,90416.0,77480.7,149108076.20999998,75099.0,80311.0,84114.5,0.8
878,15,291,17,104868.0,45056.0,88466.0,77172.2,141825327.36,75099.0,80311.0,84114.5,0.8
880,9,149,11,115149.0,55339.0,115149.0,83610.8,212479212.56,79395.25,83236.0,86199.75,0.8
880,11,166,13,115149.0,55339.0,87701.0,80012.5,89716728.45,79395.25,83236.0,86199.75,0.9
881,9,162,11,104219.0,53847.0,104219.0,77628.6,256152356.64000002,71428.75,75966.5,81507.75,0.8
881,11,182,13,104219.0,53847.0,83806.0,73428.0,103410869.6,71428.75,75966.5,81507.75,1.0
882,9,169,11,106094.0,22251.0,106094.0,80136.8,464173538.56000006,78544.5,88604.0,89580.5,0.9
884,9,198,11,112433.0,18070.0,112433.0,62633.7,733548797.6099999,39781.5,69252.5,76202.75,0.8
884,11,231,13,112433.0,18070.0,76780.0,56912.1,445757515.68999994,37904.5,66808.5,74186.5,0.9
885,9,239,11,156305.0,106684.0,156305.0,123848.8,269833203.9599999,109371.75,119711.0,135029.75,0.4
885,11,277,13,156305.0,101364.0,138408.0,115202.8,105633314.16,107893.25,112459.0,120212.0,0.6
885,13,319,15,156305.0,101364.0,124643.0,113093.0,47408373.4,107893.25,112459.0,118422.25,0.6
886,9,145,11,174846.0,20012.0,174846.0,98844.2,1609180061.76,88375.25,96271.5,112807.0,0.7
886,11,170,13,174846.0,20012.0,117766.0,86115.6,667095475.04,88062.25,95047.0,97773.0,0.9
887,9,128,11,93072.0,33643.0,96557.0,81957.5,465265796.85,86336.0,92598.0,93928.5,0.9
888,9,150,11,82274.0,66739.0,82274.0,74607.1,19732971.89,72609.5,74042.0,75361.25,0.7
888,11,164,13,82274.0,66739.0,75485.0,72398.2,8681053.16,71013.5,73814.0,74435.75,0.9
889,9,123,11,91133.0,42590.0,91133.0,75539.7,150057159.81,73505.0,79632.0,80505.5,0.9
890,9,187,11,135298.0,75170.0,135298.0,99212.8,195475521.55999997,94943.75,98070.0,100204.5,0.9
891,9,124,11,93945.0,16740.0,93945.0,67126.6,384232577.84000003,60998.75,73177.0,76284.5,0.9
894,9,225,11,102086.0,78194.0,102086.0,89837.7,57127590.21,82990.75,90381.5,96209.5,0.9
896,9,147,11,35778.0,29906.0,35778.0,32578.8,3849195.96,30733.5,32658.0,33942.75,0.8
896,11,161,13,35778.0,29906.0,34460.0,32266.3,2435868.21,30733.5,32658.0,33405.75,0.9
897,9,134,11,35536.0,16824.0,35536.0,24880.3,24165288.809999995,22832.75,25796.0,26151.5,0.9
898,9,176,11,118774.0,67951.0,118774.0,79546.1,185823736.09,73329.25,75769.5,78723.5,0.7
898,11,207,13,118774.0,65841.0,79320.0,72691.0,19031208.0,68735.5,73698.5,75874.25,0.9
900,9,117,11,25854.0,14565.0,25854.0,19206.9,9793989.09,17930.5,18830.5,19365.0,0.8
900,11,134,13,25854.0,14565.0,21906.0,18572.6,4250115.4399999995,17930.5,18830.5,19365.0,1.0
902,9,181,11,124584.0,84481.0,124584.0,108417.2,134829799.35999998,99561.5,113512.5,116058.75,0.5
903,9,158,11,139039.0,89292.0,139039.0,107164.2,176059781.36,98428.0,107048.5,110891.75,0.8
903,11,181,13,139039.0,80803.0,113347.0,101203.5,106537548.05,93335.5,106520.5,107785.0,0.9
904,9,163,11,113165.0,35865.0,113165.0,72004.1,362993864.09,60326.5,75610.0,79427.0,0.9
905,9,157,11,119885.0,28397.0,119885.0,63931.1,723146760.8900001,40271.25,67253.0,75229.5,0.8
905,11,187,13,119885.0,28397.0,79837.0,58841.3,378085096.81000006,40271.25,67253.0,71976.75,0.9
906,9,174,11,126800.0,91383.0,126800.0,116338.9,119617553.69000001,110561.75,122386.0,123902.25,0.8
907,9,163,11,99934.0,70982.0,99934.0,85573.9,104757465.29,75829.75,86767.0,94930.5,0.9
908,9,105,11,115832.0,58646.0,115832.0,76410.3,256177411.60999998,67216.25,72541.0,80625.0,0.7
908,11,121,13,115832.0,58646.0,83060.0,71481.4,57211815.239999995,67216.25,72541.0,76146.0,0.9
909,9,86,11,87496.0,25783.0,87496.0,64106.9,222838764.09,61830.25,68377.0,69295.25,0.9
910,9,173,11,115107.0,93264.0,115107.0,105172.1,50193001.29000001,99262.25,104455.5,111409.0,0.8
911,9,133,11,98808.0,8695.0,98808.0,67301.7,500913383.21000004,64043.0,69083.0,74482.0,0.7
911,11,153,13,98808.0,8695.0,75660.0,62794.4,339818713.84000003,64043.0,68896.5,70624.25,0.9
912,9,157,11,102706.0,66516.0,102706.0,84696.5,123881865.05,77613.75,84143.0,88511.5,0.8
912,11,187,13,102706.0,66516.0,92196.0,82581.6,65597322.04000001,77613.75,84143.0,88511.5,0.8
913,9,212,11,107111.0,101357.0,111741.0,106798.1,9928632.09,104675.25,107111.0,109226.0,0.6
914,9,141,11,39426.0,28492.0,39426.0,34539.5,12333682.25,31836.0,34493.0,37323.0,0.9
915,9,212,11,59256.0,34694.0,59256.0,46982.7,47720386.410000004,42812.75,46869.0,51805.25,0.9
916,9,151,11,114546.0,73955.0,114546.0,89646.2,119346971.96000001,82905.5,86672.5,94148.75,0.7
916,11,180,13,114546.0,73955.0,94743.0,86809.0,40657797.4,82905.5,86672.5,92927.0,0.9
917,9,97,11,82271.0,38136.0,82271.0,57514.0,121024309.8,54056.75,54850.5,58887.5,0.7
917,11,126,13,82271.0,38136.0,59987.0,53841.3,32148363.209999997,54056.75,54850.5,56741.0,0.9
917,13,146,15,82271.0,38136.0,59200.0,53762.6,31236773.24,54056.75,54850.5,56741.0,0.9
919,9,202,11,65823.0,46243.0,65823.0,57336.6,40402298.839999996,51653.0,58986.5,62581.0,0.9
919,11,235,13,65823.0,46243.0,62962.0,56489.6,32483018.240000002,51653.0,57203.0,61434.5,1.0
920,9,183,11,118768.0,83761.0,118768.0,96145.3,77039347.80999999,91745.0,94013.5,97623.25,0.9
921,9,190,11,123171.0,15189.0,123171.0,72411.3,1163254751.2099998,40829.25,87682.0,91561.0,0.9
923,9,140,11,110251.0,92261.0,110251.0,100215.5,28239718.45,97557.25,99949.5,102490.75,0.8
925,9,204,11,132085.0,87327.0,132085.0,101321.0,180127298.6,92118.25,96674.0,105987.0,0.7
925,11,231,13,132085.0,25263.0,109069.0,87448.4,466579095.43999994,88258.75,92769.5,96681.5,0.9
926,9,203,11,62001.0,53374.0,64018.0,61969.5,8696324.45,62051.0,62817.0,63294.5,0.8
926,11,238,13,62001.0,53374.0,63921.0,61334.0,9643566.0,62001.0,62415.5,63097.0,0.9
928,9,181,11,78347.0,59559.0,78347.0,69907.1,34988917.29,65862.5,71895.0,73479.25,0.8
929,9,185,11,62676.0,39857.0,62676.0,52755.1,45712972.489999995,49543.0,53109.0,58185.75,0.6
929,11,229,13,62676.0,39857.0,58316.0,51190.9,29395804.689999998,49543.0,52869.5,53428.75,0.8
929,13,254,15,62676.0,39857.0,55972.0,50547.0,22458528.8,49543.0,52869.5,53428.75,1.0
930,9,168,11,145826.0,77621.0,145826.0,110699.5,350822589.85,102949.5,107704.5,108883.25,0.7
930,11,186,13,145826.0,77621.0,110516.0,104024.7,86412111.21000001,102949.5,107704.5,108883.25,0.7
931,9,121,11,29320.0,18887.0,29320.0,21915.2,10033314.36,19560.25,20694.5,22485.75,0.8
931,11,134,13,29320.0,18887.0,23629.0,21049.3,2560392.6100000003,19560.25,20694.5,22485.75,1.0
932,9,141,11,121278.0,34082.0,121278.0,95890.6,745130788.04,95516.75,106066.5,114877.75,0.7
932,11,155,13,121278.0,34082.0,115090.0,93543.0,662997879.4,95516.75,102267.5,110385.5,0.9
933,9,180,11,146494.0,27807.0,146494.0,90754.5,940328220.25,75806.25,91266.5,106343.75,0.7
933,11,210,13,146494.0,27807.0,109533.0,83987.2,507414802.56000006,75806.25,91266.5,98669.0,0.7
934,9,141,11,71765.0,32963.0,71765.0,47522.6,105052280.24000001,43025.25,46084.0,49631.5,0.8
934,11,164,13,71765.0,32963.0,51256.0,44523.9,31317450.49,43025.25,45558.5,48851.25,0.9
935,9,159,11,139258.0,13768.0,139258.0,91528.7,971366448.4100001,86716.25,99005.5,102190.0,0.8
935,11,195,13,139258.0,13768.0,105333.0,87109.7,706793626.01,86716.25,99005.5,102190.0,1.0
936,9,151,11,128227.0,96911.0,128227.0,113163.7,57179393.81,111207.0,112435.0,116206.25,0.9
937,9,172,11,67850.0,44978.0,67850.0,54448.4,45785932.440000005,50654.0,52680.0,55039.5,0.6
937,11,207,13,67850.0,44978.0,55233.0,51902.6,8785193.040000001,50654.0,52680.0,54113.25,0.7
937,13,232,15,67850.0,44978.0,54434.0,51684.4,7753392.639999999,50654.0,52402.5,53811.0,0.8
939,9,206,11,113738.0,16963.0,113738.0,68468.7,1154329433.81,36310.0,82065.5,85367.5,0.8
939,11,243,13,113738.0,16963.0,86262.0,63756.5,867856283.65,36310.0,81598.5,84578.75,1.0
940,9,134,11,79574.0,53517.0,79574.0,66495.6,68298759.04,60345.25,69342.5,72332.25,0.9
941,9,116,11,92904.0,44386.0,92904.0,68176.3,146369149.41,63398.0,68598.0,73782.0,0.9
942,9,135,11,46887.0,32388.0,47935.0,41886.4,31164250.839999996,36251.25,44792.0,46516.5,0.9
943,9,189,11,86308.0,63051.0,89576.0,82866.5,68895531.05,83580.5,86173.0,88461.25,0.6
943,11,230,13,86308.0,63051.0,89179.0,81028.1,58726651.489999995,79309.0,83658.0,86240.5,0.8
944,9,196,11,62546.0,58441.0,70011.0,64793.2,12166807.360000001,62546.0,64021.5,67546.75,0.8
945,9,207,11,139033.0,39884.0,139033.0,113876.4,714226094.64,110019.75,120553.0,128948.0,0.6
945,11,234,13,139033.0,39884.0,129174.0,111978.6,641363347.6400001,110019.75,120553.0,127692.75,0.7
947,9,211,11,82826.0,37961.0,82826.0,66916.2,117921441.16000001,66119.0,67760.0,70836.0,0.8
947,11,260,13,82826.0,37961.0,73594.0,65901.7,94861899.01000002,66119.0,67760.0,70836.0,0.9
948,9,197,11,91778.0,54273.0,91778.0,71066.7,86456936.41,66599.75,71939.0,74458.0,0.9
949,9,193,11,65390.0,28504.0,66093.0,58449.9,154880262.69,60516.25,65222.0,65780.75,0.8
950,9,134,11,93590.0,23686.0,93590.0,74252.2,447598088.76000005,68616.5,80936.0,88629.75,0.9
951,9,131,11,85021.0,32453.0,85021.0,59895.8,316618588.36,43520.5,65077.0,69317.5,0.8
951,11,157,13,85021.0,32453.0,76257.0,58394.7,258328931.01,43520.5,65077.0,69317.5,0.9
952,9,121,11,16408.0,2187.0,16408.0,10037.5,18081734.05,7944.5,10192.0,12836.5,0.8
952,11,129,13,16408.0,2187.0,13554.0,9612.6,14010874.24,7944.5,10192.0,12836.5,1.0
953,9,185,11,127544.0,69825.0,127544.0,96966.2,306100046.96000004,83241.25,101280.5,109311.75,0.7
953,11,219,13,127544.0,69825.0,111710.0,91578.1,201190211.69,79688.25,95773.5,101924.75,0.8
954,9,89,11,48978.0,10143.0,48978.0,22477.8,100078335.76000002,17694.25,21592.5,24522.75,0.9
957,9,202,11,87957.0,79112.0,87957.0,82477.9,8760625.89,80421.5,81374.5,84630.5,0.8
958,9,193,11,88668.0,56519.0,88668.0,73683.9,88928097.08999999,68300.0,72685.0,81515.75,0.7
958,11,222,13,88668.0,56519.0,83765.0,71709.9,51830650.29,68300.0,72685.0,75284.0,0.9
959,9,175,11,133574.0,99556.0,145613.0,124152.0,196712288.0,117091.75,125582.0,133574.0,0.6
959,11,210,13,133574.0,99556.0,133574.0,119477.5,118437895.25,114406.25,121256.5,126737.75,0.8
959,13,235,15,133574.0,99556.0,127695.0,117759.6,81811158.24000001,114406.25,121256.5,124644.5,1.0
960,9,112,11,29699.0,11029.0,29699.0,15838.5,23466345.45,13912.0,14830.5,15421.5,0.9
961,9,89,11,113173.0,19134.0,113173.0,61785.4,622720869.24,46612.0,62329.5,71269.25,0.8
961,11,108,13,113173.0,19134.0,80976.0,57888.5,350104020.45,46612.0,62329.5,71269.25,1.0
962,9,184,11,120384.0,59806.0,120384.0,88001.5,268337734.25,78356.25,91987.5,96255.75,0.8
963,9,156,11,123817.0,65625.0,123817.0,90018.5,202545899.45,83031.0,89703.0,92543.25,0.8
963,11,177,13,123817.0,65625.0,93339.0,86195.2,66880684.36,83031.0,89703.0,91978.5,1.0
964,9,147,11,126925.0,87492.0,126925.0,102824.5,122750619.45,94146.25,103457.0,107543.75,0.9
965,9,195,11,83416.0,62253.0,83416.0,71808.6,37132407.64,66790.5,72098.5,75167.0,0.8
967,9,202,11,109793.0,53253.0,109793.0,76723.1,257648700.49,63912.0,74889.0,84524.25,0.7
967,11,245,13,109793.0,53253.0,85501.0,71956.7,94473547.41000001,63912.0,74889.0,79867.5,0.9
969,9,167,11,55001.0,24059.0,55001.0,48217.2,72427424.56,48345.5,50619.5,52602.75,0.8
970,9,141,11,100548.0,20701.0,100548.0,67905.3,398671944.81000006,68246.5,72208.0,73612.25,0.8
970,11,166,13,100548.0,20701.0,76782.0,64892.5,278544994.25,68246.5,72208.0,73612.25,1.0
971,9,177,11,99879.0,46884.0,107149.0,95303.1,315664360.09,99844.5,100998.0,105626.5,0.9
972,9,127,11,106455.0,74432.0,106455.0,87546.2,90302241.16000001,81055.75,84698.5,90450.75,0.7
972,11,145,13,106455.0,74432.0,91290.0,84568.8,25003373.759999998,81055.75,84698.5,88701.75,0.7
972,13,163,15,106455.0,70813.0,88958.0,81415.9,29873617.29,79237.75,81696.5,85532.75,0.9
973,9,202,11,120958.0,100915.0,120958.0,111202.9,54767801.89,106010.0,109526.0,118904.5,0.6
974,9,157,11,90374.0,65541.0,90374.0,72247.8,42166593.36,70138.5,71644.0,72208.75,0.9
975,9,122,11,55787.0,32993.0,55787.0,40901.4,39499631.64,35893.0,40943.5,43822.0,0.9
976,9,104,11,41483.0,24818.0,41483.0,34839.5,17226706.05,34902.0,35457.0,36818.75,0.9
977,9,184,11,66247.0,61759.0,70662.0,66409.3,8175803.210000001,64709.5,66247.0,68521.25,0.9
979,9,109,11,71803.0,49410.0,71803.0,61297.8,45517726.36,58337.0,61438.5,66805.25,0.7
979,11,133,13,71803.0,49410.0,68328.0,60662.6,35803231.64,58337.0,61438.5,64916.0,0.8
979,13,165,15,71803.0,49410.0,66025.0,60006.4,27961795.640000004,58337.0,61438.5,63611.0,0.9
980,9,170,11,96788.0,40465.0,96788.0,54146.4,253264603.04000002,44214.25,47985.5,59304.75,0.9
983,9,115,11,68010.0,25667.0,68010.0,52127.8,206412074.56,41077.5,57141.0,64325.0,0.9
984,9,193,11,67808.0,55931.0,67808.0,63415.0,11049841.8,61306.75,64332.5,65781.75,0.5
985,9,188,11,72540.0,15673.0,72540.0,54899.7,262663978.01000005,51662.75,59321.0,66149.0,0.9
986,9,103,11,66754.0,48520.0,66754.0,59728.9,26600304.29,58366.25,61474.0,62313.25,0.9
987,9,212,11,65904.0,65904.0,80379.0,71922.6,27663771.440000005,66674.5,72173.0,76532.25,0.9
988,9,152,11,83976.0,21198.0,83976.0,60552.7,271403170.81000006,60231.5,64623.5,69216.25,0.9
989,9,199,11,136894.0,107281.0,142068.0,121023.8,148468182.76000002,111003.25,116630.5,132585.5,0.7
989,11,243,13,136894.0,107281.0,136894.0,117248.3,64881643.210000016,111003.25,116630.5,119825.0,0.7
994,9,174,11,73140.0,56753.0,76667.0,69260.5,37763808.85,64883.5,71131.5,73140.0,0.7
994,11,204,13,73140.0,56753.0,73140.0,68323.3,27817786.209999997,64883.5,71131.5,71762.75,0.9
995,9,162,11,115004.0,48401.0,115004.0,78662.8,284696870.96000004,72597.75,77500.0,82015.0,0.7
995,11,197,13,115004.0,48401.0,82250.0,73851.5,103573058.05,72597.75,77500.0,81213.75,0.8
996,9,195,11,127862.0,7834.0,127862.0,78881.2,1263571626.56,80601.25,87892.5,94185.5,0.8
996,11,212,13,127862.0,7834.0,99933.0,75074.0,1004805940.6,80601.25,87892.5,94185.5,1.0
997,9,218,11,98392.0,68492.0,98392.0,83210.0,82486744.0,79267.0,80693.5,86815.25,0.6
997,11,239,13,98392.0,68492.0,87498.0,79802.8,25467850.56,79267.0,80693.5,81396.0,0.8
997,13,260,15,98392.0,68492.0,84193.0,79235.8,19363392.759999998,79267.0,80693.5,81396.0,0.9
998,9,205,11,77068.0,11937.0,77068.0,51557.1,448123590.28999996,33144.0,59920.0,65283.0,0.8
998,11,236,13,77068.0,11937.0,68537.0,50531.6,405042501.04,33144.0,59920.0,65283.0,1.0
999,9,133,11,119730.0,77263.0,119730.0,92381.3,143903875.20999998,84758.75,90693.0,95376.75,0.8
999,11,152,13,119730.0,77263.0,97248.0,89362.5,49053177.45,84758.75,90693.0,95376.75,0.9
1001,9,136,11,149881.0,74054.0,149881.0,91835.0,412389958.4,80345.75,88332.5,90640.5,0.8
1001,11,173,13,149881.0,74054.0,92993.0,85802.1,37675159.29,80345.75,88332.5,90640.5,0.9
1003,9,144,11,118402.0,79929.0,118402.0,101026.2,90462607.75999999,97613.75,102019.0,105149.25,0.9
1009,9,188,11,79813.0,63282.0,79813.0,73753.8,29828518.96,70225.75,75612.0,77156.5,0.6
1009,11,220,13,79813.0,61022.0,77424.0,71394.4,33286646.640000004,66672.5,74989.0,75885.5,0.8
1011,9,134,11,130888.0,43972.0,130888.0,88862.1,556394138.2900001,71963.25,93068.0,104123.5,0.5
1011,11,169,13,130888.0,43972.0,104627.0,83671.6,325521912.64,71963.25,90262.5,96373.5,0.7
1011,13,188,15,130888.0,43972.0,97312.0,82007.4,270009418.04,71963.25,90262.5,94710.75,0.9
1012,9,208,11,117747.0,78336.0,117747.0,104458.1,121787897.09,99173.75,106410.0,111199.25,0.5
1012,11,242,13,117747.0,78336.0,112131.0,101314.5,78947788.85,98550.5,103275.5,106830.5,0.7
1012,13,269,15,117747.0,78336.0,107251.0,100235.8,63833555.760000005,98550.5,102934.0,105291.5,0.9
1013,9,145,11,104042.0,17574.0,104042.0,67754.6,535111945.84,54169.0,76633.0,78233.25,0.9
1015,9,182,11,71360.0,52021.0,71360.0,61085.8,48394976.16000001,54102.5,61602.0,65231.5,0.8
1015,11,217,13,71360.0,52021.0,67032.0,59524.8,28483713.560000002,54102.5,60444.5,64032.5,0.9
1016,9,113,11,22754.0,11698.0,22754.0,17994.6,8610212.040000003,16704.25,18081.5,19378.75,0.9
1017,9,117,11,61569.0,19309.0,61569.0,48485.7,153498798.81,47888.75,51981.5,54636.5,0.8
1017,11,146,13,61569.0,19309.0,57418.0,47012.6,125699476.84,47888.75,51251.0,53443.0,1.0
1018,9,134,11,29528.0,16946.0,29528.0,22573.0,16502405.6,18805.25,23341.0,24253.75,0.8
1018,11,149,13,29528.0,16946.0,25231.0,21937.3,10460489.01,18805.25,23341.0,24253.75,0.9
1019,9,130,11,62685.0,29971.0,62685.0,40699.1,71513494.09,35478.5,40813.0,42249.25,0.9
1021,9,124,11,54535.0,13124.0,54535.0,34205.2,93328718.56,32034.75,33351.5,37250.5,0.9
1023,9,148,11,95821.0,78142.0,95821.0,87019.3,25256793.010000005,85677.5,86489.0,87909.0,0.5
1023,11,189,13,95821.0,78142.0,90429.0,85995.6,12392619.639999999,85677.5,86489.0,87909.0,0.5
1024,9,159,11,75247.0,9459.0,75247.0,39468.7,245260714.41,33222.25,38163.5,41535.25,0.8
1024,11,179,13,75247.0,9459.0,45779.0,35913.3,98234421.61,33222.25,38163.5,41535.25,1.0
1026,9,175,11,129776.0,96463.0,129776.0,106074.8,84518508.76,99820.25,104637.0,108367.5,0.5
1027,9,215,11,109268.0,65896.0,109268.0,77949.5,140151648.65,71106.25,73330.5,80911.75,0.7
1027,11,243,13,109268.0,65896.0,84203.0,75132.8,34055390.36,71106.25,73330.5,80911.75,0.7
1027,13,273,15,109268.0,65896.0,82585.0,74240.2,22354142.96,71106.25,73330.5,77569.75,0.9
1027,15,315,17,109268.0,65896.0,80385.0,74020.2,19118030.96,71106.25,73330.5,77569.75,0.9
1028,9,150,11,93122.0,9607.0,93122.0,73849.0,546409876.4,74103.5,81257.0,84755.75,0.8
1028,11,185,13,93122.0,9607.0,89432.0,72813.6,511229794.43999994,74103.5,81257.0,84755.75,1.0
1029,9,144,11,72580.0,51147.0,72580.0,63652.9,46685529.89,60110.5,65436.5,68062.25,0.8
1029,11,173,13,72580.0,51147.0,71927.0,63401.5,42522755.05,60110.5,65436.5,68062.25,0.9
1030,9,153,11,65511.0,49444.0,78083.0,67704.0,56083985.6,65511.0,68077.0,72212.0,0.8
1030,11,180,13,65511.0,49444.0,74145.0,65886.7,44217459.81000001,64239.75,66451.0,69768.0,0.9
1031,9,112,11,60948.0,40420.0,60948.0,54400.3,26865406.610000003,53480.0,55708.0,56975.0,0.9
1032,9,188,11,158443.0,115426.0,158443.0,132045.1,184901283.29,123324.75,127216.5,138689.0,0.7
1032,11,211,13,158443.0,115426.0,142020.0,129271.3,85071991.21000001,123324.75,127216.5,138689.0,0.7
1035,9,184,11,140903.0,77891.0,140903.0,105334.8,356366783.96000004,96397.75,102183.5,118603.75,0.7
1035,11,212,13,140903.0,77891.0,123647.0,99408.2,148947157.16,96397.75,102183.5,104002.0,0.7
1036,9,137,11,100734.0,79433.0,113602.0,102399.8,82123756.76,100139.25,102997.5,107955.25,0.9
1037,9,190,11,141789.0,111804.0,148318.0,136103.7,126084276.41,136894.25,139168.5,141789.0,0.7
1038,9,241,11,55369.0,19745.0,63005.0,54050.4,155809106.04,55003.75,58183.0,61430.0,0.9
1039,9,172,11,108712.0,69613.0,108712.0,83294.7,125361183.00999999,75060.75,82193.0,86163.25,0.8
1039,11,203,13,108712.0,69613.0,90747.0,80766.7,46719806.21,75060.75,82193.0,86163.25,0.9
1042,9,110,11,89240.0,51810.0,89240.0,61997.6,128066523.84,53394.0,56785.5,68287.25,0.9
1043,9,116,11,80309.0,51938.0,80309.0,65723.3,75707968.41000001,58829.0,66457.5,70751.5,0.9
1045,9,217,11,149574.0,94462.0,149574.0,108481.9,283290145.69,98468.25,101797.0,108677.0,0.6
1045,11,238,13,149574.0,94462.0,110288.0,102029.8,26081334.96,98468.25,101797.0,106625.0,0.6
1046,9,221,11,73674.0,59573.0,73674.0,68199.8,13877885.960000003,66639.75,68595.5,70700.25,0.5
1047,9,126,11,51278.0,26693.0,60892.0,45736.1,83325736.28999999,41861.75,46977.5,51278.0,0.8
1048,9,127,11,102007.0,21851.0,102007.0,80643.3,643817115.61,75866.5,90633.0,98362.75,0.8
1048,11,169,13,102007.0,21851.0,99246.0,78611.8,578076889.5600001,75866.5,88602.0,94027.25,1.0
1049,9,227,11,54757.0,39971.0,54757.0,48786.9,13680924.090000004,47710.0,48896.0,50200.5,0.7
1049,11,250,13,54757.0,39971.0,50238.0,46184.5,15527920.25,42367.5,47865.0,49230.0,0.9
1050,9,203,11,89532.0,57698.0,89532.0,70696.1,61801394.489999995,66515.0,69921.0,72825.25,0.7
1050,11,243,13,89532.0,57698.0,75314.0,68905.2,22774931.759999998,66515.0,69921.0,72124.75,0.8
1051,9,207,11,81381.0,20193.0,81381.0,67265.6,282590494.84000003,66035.25,71044.5,78078.5,0.7
1051,11,244,13,81381.0,20193.0,78965.0,65675.6,250461024.04000002,66035.25,71044.5,72689.25,0.9
1052,9,206,11,102421.0,46274.0,102421.0,86689.6,241758648.24,82806.5,88888.0,97887.75,0.6
1052,11,228,13,102421.0,46274.0,98568.0,83964.6,191600416.43999997,82806.5,86119.5,91436.0,0.8
1052,13,250,15,102421.0,46274.0,92820.0,83055.0,170453381.4,82806.5,86119.5,91436.0,0.8
1053,9,169,11,132462.0,43680.0,132462.0,95889.6,457736322.64,95273.5,99517.0,104389.25,0.9
1054,9,139,11,113475.0,79056.0,113475.0,100612.9,104214406.49,94680.0,101565.0,108867.0,0.9
1055,9,124,11,168861.0,86883.0,168861.0,113186.1,483202510.09000003,103028.5,108091.5,112261.0,0.7
1055,11,145,13,168861.0,86883.0,112951.0,104535.1,58296479.29000001,103028.5,107871.0,108628.75,0.9
1056,9,190,11,85152.0,85152.0,110439.0,103068.2,83555559.76,104023.0,107596.5,108316.5,0.7
1056,11,215,13,85152.0,85152.0,108445.0,101667.5,78577694.85,98843.0,106446.0,108070.75,0.8
1057,9,131,11,98808.0,32820.0,98808.0,66523.1,356081720.89,60291.25,70702.0,76138.25,0.9
1058,9,214,11,70050.0,27048.0,70050.0,52677.2,141665376.35999998,50455.25,57113.5,58631.5,0.9
1059,9,175,11,118575.0,70106.0,118575.0,101783.2,212511334.95999998,95772.0,103665.0,111889.75,0.6
1059,11,189,13,118575.0,70106.0,112529.0,100164.3,169465464.20999998,95772.0,103665.0,110577.0,0.6
1060,9,198,11,100867.0,66313.0,100867.0,82846.5,77128810.05,78265.25,83839.5,85141.25,0.6
1060,11,249,13,100867.0,66313.0,85163.0,78993.4,33683529.44,75284.75,80013.5,84057.25,0.8
1060,13,283,15,100867.0,66313.0,84275.0,78040.3,27811900.810000002,75201.75,78263.0,82775.75,1.0
1061,9,116,11,21516.0,12722.0,23393.0,20288.4,8739513.440000001,19232.75,20797.0,22295.25,0.9
1062,9,142,11,85674.0,45396.0,85674.0,61552.1,129758442.49000001,53836.5,60692.0,63526.5,0.8
1062,11,175,13,85674.0,45396.0,67273.0,58511.2,43541579.160000004,53836.5,60692.0,63526.5,0.9
1063,9,203,11,97201.0,30065.0,97201.0,67394.9,341041738.89,59800.5,62154.0,83476.5,0.6
1063,11,233,13,97201.0,30065.0,87024.0,61638.4,182845584.83999997,59800.5,61790.5,64192.25,0.8
1063,13,250,15,97201.0,30065.0,69432.0,59467.9,112247842.28999999,59800.5,61790.5,64192.25,0.8
1064,9,145,11,133220.0,62780.0,133220.0,109041.4,568201135.24,106199.25,118907.0,120938.5,0.8
1066,9,158,11,74957.0,44555.0,74957.0,58675.8,68687829.16,53362.25,58695.0,63150.75,0.8
1066,11,183,13,74957.0,44555.0,66181.0,57682.3,45129599.41,53362.25,58695.0,63150.75,1.0
1067,9,191,11,80503.0,55122.0,80503.0,63091.2,47887082.56,58805.25,62576.5,65309.0,0.9
1068,9,183,11,81846.0,33331.0,81846.0,57211.6,231827183.84,45097.75,61133.5,68824.75,0.9
1070,9,160,11,99201.0,76640.0,103888.0,93481.7,70912700.21000001,86639.0,96409.5,100169.25,0.8
1071,9,143,11,96574.0,83318.0,101063.0,91306.2,40597064.96,84629.5,91205.5,96574.0,0.6
1071,11,167,13,96574.0,83318.0,96574.0,88868.1,22360762.490000002,84618.5,87806.5,91620.75,0.8
1071,13,188,15,96574.0,83318.0,94026.0,87906.0,12259396.6,84618.5,87806.5,90156.5,1.0
1073,9,123,11,96917.0,31729.0,96917.0,66440.3,350392078.21,60313.75,66947.5,72174.5,0.8
1073,11,138,13,96917.0,31729.0,72773.0,61781.9,171223182.69,60313.75,66947.5,70764.5,1.0
1074,9,197,11,135858.0,80617.0,135858.0,109478.1,212951102.89,101008.75,113156.5,116875.75,0.6
1075,9,145,11,162571.0,31050.0,162571.0,90002.3,1090302430.4100003,75800.25,93212.5,101075.0,0.8
1076,9,173,11,102500.0,12637.0,102500.0,82768.9,581388405.49,85503.25,88623.0,93229.25,0.9
1077,9,151,11,69276.0,64262.0,71853.0,67171.9,6866621.69,64879.5,66252.0,69276.0,0.6
1077,11,167,13,69276.0,64262.0,69314.0,66462.1,3963322.29,64879.5,65541.0,68718.5,0.7
1077,13,205,15,69276.0,64262.0,69276.0,65934.2,2326136.36,64879.5,65510.0,66690.5,0.8
1078,9,179,11,90562.0,15280.0,90562.0,63215.6,336243848.24,59058.75,66684.0,71138.25,0.9
1079,9,186,11,77497.0,46546.0,77497.0,66881.0,70192577.2,64776.25,66158.0,73151.5,0.7
1079,11,209,13,77497.0,46546.0,74218.0,65878.8,55058555.96,64776.25,66158.0,69923.75,0.9
1080,9,163,11,107509.0,12212.0,107509.0,70117.1,691431048.49,72849.5,75223.5,79697.25,0.8
1080,11,202,13,107509.0,12212.0,85499.0,67013.8,532378725.56000006,72849.5,75223.5,79697.25,0.9
1081,9,126,11,73997.0,24970.0,73997.0,59939.1,209554831.49,52045.25,64171.0,71108.5,0.7
1081,11,146,13,73997.0,24970.0,72219.0,56320.4,182987969.04000002,49157.75,60848.0,66612.0,0.9
1082,9,118,11,29246.0,19852.0,29246.0,22555.0,6219212.0,21411.0,22193.5,23020.5,0.9
1083,9,160,11,160380.0,82120.0,160380.0,99666.7,521016976.80999994,84967.25,90611.5,102896.0,0.7
1083,11,183,13,160380.0,82120.0,106065.0,91662.5,56647154.85,84967.25,90611.5,96260.0,0.8
1083,13,195,15,160380.0,82120.0,100793.0,90282.8,34037045.160000004,84967.25,90611.5,93108.75,0.9
1084,9,78,11,111010.0,19777.0,111010.0,52104.8,996957805.9599998,23119.75,45214.0,78046.75,0.9
1085,9,172,11,110696.0,48628.0,110696.0,72575.8,228318083.35999998,66061.75,69948.0,76894.5,0.7
1085,11,199,13,110696.0,48628.0,78832.0,68119.0,58640564.8,66061.75,69948.0,71724.0,0.9
1086,9,210,11,63253.0,33876.0,63253.0,55922.2,64852863.55999999,54320.25,58808.5,60712.25,0.9
1087,9,193,11,124320.0,35193.0,124320.0,105713.4,600268836.4399999,105658.5,114163.0,115483.5,0.8
1087,11,234,13,124320.0,35193.0,116104.0,104050.6,549452263.6400001,105658.5,114163.0,115483.5,0.8
1088,9,177,11,91194.0,69490.0,91194.0,80868.4,36127965.440000005,76116.0,83088.5,84310.0,0.9
1089,9,194,11,118452.0,94566.0,118452.0,107374.0,33000473.6,105427.25,107285.5,109878.25,0.5
1089,11,235,13,118452.0,94566.0,110914.0,106315.1,19630908.090000004,105427.25,107285.5,109296.25,0.5
1089,13,286,15,118452.0,94566.0,109774.0,105563.2,16657637.36,104590.25,106713.5,107834.25,0.6
1090,9,201,11,103449.0,41383.0,109317.0,97824.4,376094370.64,103368.0,103558.0,107081.25,0.7
1090,11,237,13,103449.0,41383.0,108070.0,96148.7,362849805.41,95255.25,103449.0,106149.5,0.8
1091,9,172,11,74556.0,48630.0,74556.0,63815.5,44860391.45,61942.25,64017.0,66893.75,0.8
1091,11,202,13,74556.0,48630.0,68987.0,62795.8,30743565.360000003,61942.25,64017.0,66321.5,0.9
1092,9,149,11,124457.0,77311.0,124457.0,110433.1,194157570.08999997,103083.5,113896.5,120489.0,0.7
1092,11,174,13,124457.0,77311.0,121284.0,109613.8,174554663.95999998,103083.5,113896.5,119563.0,0.8
1094,9,194,11,137468.0,114493.0,137468.0,127680.1,39922107.28999999,124913.75,129041.5,131625.0,0.5
1094,11,219,13,137468.0,114493.0,131826.0,124566.9,32044080.889999997,120755.0,125330.5,129799.25,0.7
1095,9,148,11,135217.0,102577.0,135217.0,122495.2,67534576.55999999,119563.0,123137.0,126925.5,0.8
1096,9,200,11,122733.0,114877.0,137046.0,126904.5,50518041.65,122733.0,129172.5,132209.25,0.6
1097,9,188,11,84865.0,66350.0,84865.0,74495.5,25767258.45,71060.0,73273.0,78103.25,0.9
1098,9,105,11,55281.0,38449.0,55281.0,46978.7,24430070.61,44420.0,47258.0,50561.0,0.9
1099,9,145,11,108906.0,58616.0,108906.0,76968.8,157178055.56,72090.75,73186.0,78592.25,0.8
1099,11,166,13,108906.0,58616.0,82176.0,73702.3,39726690.21,72090.75,73186.0,78592.25,1.0
1102,9,131,11,45506.0,31907.0,45506.0,37825.0,24313722.2,33405.75,35821.5,42458.25,0.9
1104,9,184,11,56120.0,39771.0,56120.0,48653.1,16826851.29,46608.25,49322.5,50564.0,0.8
1105,9,102,11,56719.0,20908.0,56719.0,36910.2,71344407.55999999,33449.5,37795.0,38666.25,0.9
1106,9,145,11,101474.0,53101.0,111723.0,94266.4,409799790.44000006,92672.0,101474.0,108220.5,0.6
1106,11,175,13,101474.0,53101.0,109149.0,90799.6,364889900.84000003,84486.75,101328.5,104429.75,0.8
1107,9,138,11,155788.0,27764.0,155788.0,91378.2,1318245731.56,66115.25,95666.0,111000.5,0.7
1107,11,167,13,155788.0,27764.0,114053.0,83647.6,727813672.64,66115.25,95666.0,103232.0,0.9
1108,9,165,11,102694.0,92671.0,104516.0,100693.3,10516413.209999999,99808.25,101643.0,102694.0,0.8
1109,9,224,11,84481.0,13432.0,84481.0,59630.3,555827258.4100001,41639.25,64324.5,80177.75,0.7
1109,11,263,13,84481.0,13432.0,82404.0,58627.2,510023780.9599999,41639.25,64324.5,77697.5,0.7
1111,9,210,11,88189.0,72740.0,88189.0,78415.7,17905363.610000003,75053.5,78697.0,79542.25,0.6
1111,11,231,13,88189.0,72740.0,81530.0,77620.9,8046066.289999999,75053.5,78697.0,79542.25,0.6
1112,9,197,11,101896.0,67897.0,101896.0,86612.3,74536396.61,82089.0,88453.5,89690.75,0.7
1112,11,232,13,101896.0,67897.0,89870.0,83433.1,44672050.69,80960.0,85560.5,88804.5,0.9
1113,9,202,11,96020.0,71353.0,96020.0,87356.1,54540828.489999995,86672.75,88000.5,91793.75,0.8
1113,11,243,13,96020.0,71353.0,95954.0,87190.4,51895719.24,86672.75,88000.5,91793.75,1.0
1114,9,238,11,91828.0,65075.0,97089.0,87425.4,119933653.63999999,89632.5,91828.0,92637.5,0.7
1115,9,191,11,134126.0,29706.0,134126.0,76044.5,819684266.45,57933.5,76174.5,78183.5,0.8
1115,11,209,13,134126.0,29706.0,82993.0,67715.1,269814702.09,57933.5,76174.5,78183.5,0.8
1115,13,230,15,134126.0,29706.0,79554.0,66366.9,238118792.68999997,57933.5,74531.5,76956.0,1.0
1116,9,243,11,109436.0,49815.0,109436.0,74889.9,273924313.29,68084.25,72935.5,83020.0,0.7
1116,11,274,13,109436.0,49815.0,84579.0,70831.7,118799024.41,68084.25,72935.5,78816.25,0.9
1117,9,186,11,97554.0,77174.0,97554.0,86002.0,29375228.2,82779.75,84290.0,89544.25,0.6
1118,9,198,11,57358.0,57358.0,69940.0,63800.7,18781296.809999995,61114.75,63465.0,67514.0,0.7
1119,9,190,11,117607.0,55587.0,117607.0,84715.0,327845173.2,74310.75,78359.0,96853.0,0.7
1119,11,227,13,117607.0,55587.0,101827.0,78486.5,117588828.25,74310.75,78359.0,81809.25,0.9
1120,9,190,11,102438.0,64915.0,102438.0,82140.3,118972167.60999998,75995.0,83380.5,85171.5,0.7
1120,11,211,13,102438.0,64915.0,85590.0,78363.8,45580609.760000005,75995.0,80236.0,83537.25,0.9
1121,9,222,11,128128.0,75694.0,128128.0,101467.1,250804507.88999996,92871.25,103035.0,109900.5,0.5
1121,11,245,13,128128.0,75694.0,110622.0,94567.4,129520161.44000001,86503.5,94296.5,105299.5,0.7
1121,13,290,15,128128.0,75694.0,107564.0,92682.2,88450656.16,86503.5,94296.5,98650.0,0.9
1123,9,216,11,59554.0,32224.0,59554.0,49916.3,47218215.809999995,49993.25,51232.0,52289.75,0.9
1124,9,158,11,94407.0,36030.0,94407.0,71924.9,220470133.48999995,66165.25,77234.0,79868.5,0.9
1127,9,122,11,98331.0,57790.0,98331.0,78111.3,112021697.21000001,74844.75,78188.5,83834.75,0.7
1127,11,139,13,98331.0,57790.0,84540.0,75380.0,59609090.4,74844.75,75189.0,81558.0,0.9
1129,9,223,11,71100.0,64286.0,73945.0,69017.3,11208558.610000001,65398.0,70255.5,71382.75,0.7
1129,11,264,13,71100.0,64085.0,71679.0,68031.3,10240898.21,64368.0,68918.0,71100.0,0.8
1130,9,173,11,133214.0,93326.0,133214.0,105177.6,147198520.24,96435.25,101068.5,106756.75,0.6
1130,11,218,13,133214.0,93326.0,107477.0,100502.9,22715409.29,96435.25,100227.5,104011.0,0.7
1131,9,210,11,133700.0,82614.0,133700.0,108261.9,183459292.49,102725.25,106755.5,113091.75,0.7
1131,11,237,13,133700.0,82614.0,114786.0,104845.3,79944563.61,102725.25,106755.5,110436.75,0.7
1133,9,147,11,166107.0,117678.0,166107.0,143141.3,218159311.20999998,131226.5,145399.0,147921.5,0.5
1133,11,181,13,166107.0,117678.0,150688.0,137727.4,113879387.64000002,129394.0,140349.5,147256.5,0.6
1133,13,197,15,166107.0,117678.0,147572.0,133061.5,95200130.25,127874.5,129790.0,142418.75,0.8
1134,9,170,11,85486.0,55555.0,85486.0,68489.2,55699699.35999999,65528.0,68076.5,71771.0,0.8
1135,9,165,11,73553.0,67993.0,74887.0,71880.3,4367479.409999999,70935.5,72247.0,73545.5,0.8
1136,9,215,11,101202.0,67912.0,101202.0,83148.0,112700950.8,72954.5,83533.5,91667.75,0.7
1136,11,245,13,101202.0,67912.0,92718.0,81772.8,78410251.76,72954.5,83533.5,89063.75,0.8
1137,9,112,11,47534.0,7510.0,47534.0,28988.5,94950211.85,24988.5,30521.5,33251.75,0.9
1138,9,213,11,91834.0,73181.0,91834.0,82730.5,42748395.65,78487.75,81573.5,88063.5,0.4
1138,11,242,13,91834.0,59877.0,88144.0,78830.6,63854268.839999996,74643.75,80427.5,84040.0,0.5
1138,13,286,15,91834.0,59877.0,86619.0,77982.7,52857882.41,74643.75,80427.5,81933.0,0.5
1138,15,318,17,91834.0,59877.0,82288.0,75133.8,49829896.36000001,73268.25,77888.5,80643.25,0.7
1138,17,354,19,91834.0,59877.0,80859.0,73349.1,42342859.68999999,69942.5,74988.0,77936.75,0.9
1139,9,243,11,101121.0,23451.0,101121.0,64950.1,669884921.6899999,44091.0,68653.5,84023.5,0.7
1139,11,286,13,101121.0,23451.0,88559.0,60228.8,442908795.36,44091.0,68653.5,73468.75,0.9
1140,9,113,11,39540.0,18024.0,39540.0,32908.0,35656964.6,32822.0,33960.0,36537.5,0.9
1142,9,124,11,98373.0,56737.0,98373.0,77911.7,139752712.01,69506.25,79030.0,84939.25,0.9
1143,9,206,11,115162.0,76710.0,115162.0,99683.7,119393916.60999998,92275.5,104109.5,107366.75,0.5
1144,9,217,11,87407.0,46463.0,87407.0,64591.8,102933337.16,59784.75,61887.0,68177.0,0.8
1144,11,251,13,87407.0,46463.0,69394.0,62403.1,43384145.49,59784.75,61887.0,68177.0,1.0
1145,9,111,11,14450.0,9038.0,14450.0,12037.4,2886871.04,11424.5,12101.0,13498.0,0.9
1146,9,191,11,157850.0,107887.0,157850.0,136498.5,211561380.45,128506.0,138121.0,147417.75,0.6
1146,11,217,13,157850.0,107887.0,147854.0,133815.1,146892248.49,128506.0,134871.5,144962.75,0.7
1147,9,161,11,198467.0,37869.0,198467.0,126820.4,1815311835.44,108113.75,138935.5,147560.5,0.8
1147,11,196,13,198467.0,37869.0,150485.0,121050.3,1280234849.81,108113.75,138935.5,143821.75,0.9
1148,9,203,11,73083.0,44558.0,73083.0,55227.2,86248262.56,50747.0,52867.5,53121.0,0.8
1148,11,237,13,73083.0,44558.0,55274.0,51449.9,8659018.290000001,50747.0,52867.5,53064.75,0.9
1149,9,150,11,131658.0,39146.0,131658.0,86617.3,490850909.81000006,77248.75,87002.0,96593.75,0.8
1149,11,190,13,131658.0,39146.0,98162.0,81497.5,248784980.45,77248.75,85512.0,91408.25,1.0
1150,9,168,11,58992.0,48503.0,58992.0,55743.7,8883767.809999999,54924.5,56188.0,57873.75,0.7
1150,11,202,13,58992.0,48503.0,58325.0,55216.7,6873555.609999999,54734.75,55955.0,56478.0,0.9
1151,9,102,11,48504.0,31306.0,49997.0,42691.0,44025569.0,38805.75,43496.5,48504.0,0.9
1153,9,217,11,122929.0,98474.0,122929.0,108345.9,55562561.89,102502.25,107474.0,112173.0,0.7
1153,11,258,13,122929.0,98474.0,113357.0,106372.9,23855157.09,102502.25,107474.0,109787.75,0.8
1154,9,212,11,103712.0,97488.0,113196.0,106459.8,18055582.160000004,104064.0,106071.5,109764.25,0.6
1155,9,219,11,84321.0,50216.0,84321.0,75089.7,83971703.61,73318.5,76743.0,79340.0,0.7
1155,11,255,13,84321.0,50216.0,80076.0,73799.8,67784127.96000001,73318.5,76150.5,78470.5,0.8
1156,9,172,11,88933.0,53276.0,88933.0,64664.7,83849685.61,59767.5,63554.0,66547.5,0.9
1157,9,184,11,86056.0,54030.0,86056.0,72348.9,65758934.089999996,70191.5,72680.5,75264.75,0.6
1157,11,209,13,86056.0,54030.0,75590.0,68431.7,39807688.410000004,65854.25,70698.0,72948.25,0.8
1158,9,225,11,64367.0,51503.0,64367.0,58584.8,22341923.160000004,54826.75,58148.5,63649.75,0.6
1158,11,259,13,64367.0,51503.0,63813.0,57919.9,16881061.69,54826.75,58148.5,61439.25,0.8
1158,13,300,15,64367.0,51503.0,63160.0,57841.5,16012342.65,54826.75,58148.5,61439.25,0.8
1159,9,209,11,98786.0,86178.0,98786.0,92480.4,11904082.44,90030.0,92511.0,94831.5,0.6
1159,11,253,13,98786.0,78940.0,95169.0,90495.8,22323629.36,89662.0,90975.5,94498.25,0.7
1159,13,287,15,98786.0,78940.0,94785.0,88844.1,28264385.290000003,87033.25,90209.0,93074.5,0.8
1160,9,148,11,152704.0,104550.0,152704.0,122610.0,184319652.0,115098.25,122237.0,129326.5,0.7
1160,11,169,13,152704.0,104550.0,130765.0,117680.5,62657150.45,115098.25,118309.0,123206.5,0.9
1161,9,135,11,172352.0,16515.0,172352.0,85986.3,1960471977.6100001,57979.5,87991.5,91696.0,0.8
1161,11,152,13,172352.0,16515.0,95081.0,72654.9,645648157.69,57979.5,87991.5,91696.0,1.0
1162,9,102,11,36764.0,3187.0,48577.0,36366.5,168385436.25,31281.5,39278.5,45995.0,0.9
1163,9,201,11,169746.0,87518.0,169746.0,122200.9,428121556.89,117588.0,120210.5,126029.75,0.8
1163,11,231,13,169746.0,87518.0,129831.0,117227.9,161924068.29,117588.0,120210.5,126029.75,0.9
1164,9,156,11,85719.0,33638.0,85894.0,66255.2,378389418.56000006,54802.0,72741.0,84501.0,0.7
1164,11,179,13,85719.0,33638.0,85719.0,65700.2,358013955.56000006,54802.0,72741.0,81966.0,0.8
1165,9,204,11,90624.0,83999.0,95788.0,91217.7,11891341.41,90624.0,91177.5,93162.75,0.8
1165,11,245,13,90624.0,83999.0,93174.0,89327.4,9396694.440000001,86842.0,90624.0,91391.75,0.9
1167,9,108,11,139372.0,51895.0,139372.0,81533.1,584660953.0899999,68402.25,78362.0,85273.75,0.7
1167,11,122,13,139372.0,51895.0,87362.0,74723.3,163833122.20999998,68402.25,78362.0,85273.75,0.7
1167,13,145,15,139372.0,51895.0,85433.0,73014.8,133444777.75999999,68402.25,76422.0,80791.25,0.9
1168,9,214,11,117176.0,78114.0,117176.0,96126.3,151869515.20999998,91342.25,94120.0,99173.5,0.7
1168,11,236,13,117176.0,78114.0,100300.0,91810.1,46361574.89,91199.25,93426.0,95509.0,0.8
1169,9,132,11,148654.0,75597.0,148654.0,94075.7,470213934.80999994,81145.0,84717.5,101159.5,0.7
1169,11,159,13,148654.0,75597.0,106434.0,85446.7,65676815.21,81145.0,84717.5,85531.0,0.9
1171,9,202,11,107625.0,92061.0,116687.0,108677.8,65693674.35999999,107625.0,111437.0,114594.75,0.3
1171,11,250,13,107625.0,92061.0,114686.0,107147.8,53484335.56,106274.25,109447.0,111515.0,0.5
1171,13,290,15,107625.0,92061.0,112499.0,105185.4,52203489.239999995,99119.0,107625.0,111278.0,0.6
1173,9,189,11,67903.0,41609.0,67903.0,52292.8,43530834.56,49450.0,51709.0,54798.75,0.7
1174,9,111,11,146440.0,54139.0,146440.0,117328.1,728434831.69,107413.5,130924.0,133332.25,0.8
1174,11,128,13,146440.0,54139.0,135288.0,116046.7,668162303.61,107413.5,130924.0,133332.25,1.0
1175,9,179,11,110197.0,21672.0,110197.0,87260.5,528892497.05,86739.75,93161.0,98130.0,0.8
1175,11,219,13,110197.0,21672.0,98841.0,85841.3,480944710.01000005,86739.75,93161.0,97560.0,1.0
1178,9,226,11,141177.0,99546.0,141177.0,115768.8,105932155.96000001,111120.0,113927.0,119650.5,0.4
1179,9,187,11,123808.0,75335.0,123808.0,89882.7,188590077.01000002,77973.5,89650.0,94412.25,0.7
1179,11,222,13,123808.0,75335.0,95854.0,86633.5,63145613.25,77973.5,88947.5,93578.25,0.8
1180,9,223,11,148350.0,72987.0,148350.0,104940.9,346787034.09000003,93970.5,104465.0,111089.5,0.6
1180,11,246,13,148350.0,72987.0,111879.0,99165.2,112795801.56000002,93970.5,103384.0,104582.25,0.8
1180,13,279,15,148350.0,72987.0,106840.0,98309.2,96299799.76,93970.5,103384.0,104582.25,1.0
1183,9,113,11,98635.0,44574.0,98635.0,67910.6,241368807.24,62194.0,66622.0,78193.0,0.9
1184,9,240,11,165860.0,121468.0,165860.0,143749.7,183731292.20999998,135196.5,141922.0,150339.25,0.6
1184,11,291,13,165860.0,121468.0,150663.0,139310.3,74271215.61,135196.5,141227.0,143687.5,0.8
1184,13,328,15,165860.0,121468.0,146491.0,136838.3,61317203.61,129995.5,140520.5,142675.5,0.9
1185,9,163,11,156511.0,110374.0,156511.0,133808.8,132078183.16,128793.25,131628.0,140612.25,0.6
1185,11,196,13,156511.0,110374.0,141129.0,130692.2,63348785.36,128793.25,131628.0,133969.5,0.8
1186,9,179,11,109176.0,81805.0,109176.0,90303.6,62457841.64000001,83152.0,89894.0,94074.75,0.6
1187,9,163,11,86159.0,46678.0,86159.0,55687.5,120452086.25,48543.0,53162.0,57167.5,0.9
1189,9,146,11,96505.0,39156.0,96505.0,58669.6,236517801.24,48692.5,58900.0,63305.5,0.8
1189,11,160,13,96505.0,39156.0,63648.0,54246.0,69889661.4,48692.5,56599.0,61449.0,1.0
1190,9,189,11,106894.0,78971.0,109882.0,101396.9,81262502.29,97551.0,105516.0,106894.0,0.7
1190,11,235,13,106894.0,78971.0,106894.0,99958.2,68993060.36,96484.75,103568.5,106096.0,0.9
1191,9,217,11,96119.0,60300.0,96119.0,86071.6,92417736.03999999,86578.25,88542.0,91621.25,0.9
1192,9,203,11,117230.0,77739.0,117230.0,102198.5,138059759.85,98676.5,106018.0,109256.5,0.9
1193,9,201,11,82085.0,44296.0,82085.0,55957.7,123939515.81000002,49233.5,51377.5,60111.25,0.7
1193,11,234,13,82085.0,44296.0,62920.0,51363.5,20831362.25,49233.5,51377.5,51964.75,0.9
1194,9,207,11,111537.0,45206.0,111537.0,92558.4,350890111.43999994,84104.0,97462.0,106339.0,0.4
1194,11,242,13,111537.0,45206.0,107607.0,88664.4,268309038.64000002,84104.0,91529.0,97552.5,0.6
1194,13,278,15,111537.0,45206.0,97643.0,86622.4,216703406.04000002,84104.0,91529.0,94948.5,0.8
1194,15,308,17,111537.0,45206.0,96954.0,86503.9,214185465.69,84104.0,91529.0,94948.5,1.0
1197,9,122,11,86398.0,53116.0,86398.0,69187.3,100145026.01,61275.0,70140.5,76352.5,0.9
1199,9,194,11,104981.0,85845.0,104981.0,99379.9,32502872.49,96295.75,102234.5,103331.25,0.5
1199,11,220,13,104981.0,59372.0,103453.0,93937.3,159846452.01,94235.75,97160.5,102525.75,0.7
1199,13,243,15,104981.0,59372.0,102817.0,87637.2,203601815.95999998,77514.0,94473.5,98025.25,0.9
1200,9,171,11,101890.0,69786.0,101890.0,82177.2,95705519.35999998,73190.75,82402.5,88284.5,0.5
1200,11,213,13,101890.0,69786.0,88533.0,79007.2,45985668.76,72545.75,78851.0,85047.25,0.7
1200,13,248,15,101890.0,69786.0,85516.0,78303.4,35295258.64000001,72545.75,78851.0,83804.5,0.8
1201,9,146,11,160261.0,69120.0,160261.0,117313.4,478071871.84,112065.75,115479.0,127793.0,0.8
1202,9,233,11,118401.0,81833.0,118401.0,92810.2,95724223.55999997,86438.5,92100.5,95491.75,0.9
1202,11,270,13,118401.0,81833.0,97541.0,90724.2,28121969.96,86438.5,92100.5,95491.75,1.0
1203,9,208,11,95788.0,95788.0,107230.0,101949.4,16007718.440000001,99218.75,103035.5,105025.25,0.2
1204,9,188,11,167855.0,131648.0,167855.0,142022.7,97686590.41,136019.5,140400.5,144817.0,0.5
1206,9,159,11,70611.0,69454.0,78064.0,74130.6,9528035.040000001,70991.5,74502.5,77059.75,0.8
1206,11,182,13,70611.0,69454.0,77364.0,73270.6,8226136.640000001,70611.0,73248.5,75770.5,0.9
1208,9,220,11,77056.0,47568.0,77056.0,56377.4,59086817.639999986,52126.0,55375.0,57741.75,0.5
1210,9,166,11,88709.0,81697.0,105926.0,93535.3,59652555.010000005,88031.75,90492.0,100917.0,0.9
1211,9,198,11,58425.0,54143.0,64654.0,60210.4,7040436.840000001,58862.0,60725.5,61424.0,0.8
1212,9,111,11,110105.0,75108.0,110105.0,96121.7,131758740.01000002,86371.25,98209.5,106554.5,0.9
1214,9,211,11,77904.0,67857.0,79603.0,73285.8,14907892.36,70055.0,72612.5,76995.5,0.3
1214,11,244,13,77904.0,49088.0,77904.0,68890.6,55797106.44,68236.5,70360.0,73113.75,0.5
1214,13,293,15,77904.0,49088.0,73615.0,67029.1,42314416.89,66410.25,68616.0,70665.0,0.7
1214,15,325,17,77904.0,49088.0,70970.0,66013.5,35044563.05,66200.5,67687.5,69128.75,0.9
1215,9,205,11,94429.0,74890.0,94429.0,86215.4,32618134.839999996,82415.25,87206.0,90866.5,0.2
1215,11,251,13,94429.0,74890.0,91036.0,84162.3,21722809.01,81703.25,83231.5,87661.0,0.3
1215,13,292,15,94429.0,74890.0,88116.0,82369.7,12966308.610000001,80842.25,82481.5,84538.25,0.4
1215,15,347,17,94429.0,74890.0,84768.0,80764.7,7583910.610000001,79113.5,81057.5,82547.75,0.6
1215,17,390,19,94429.0,74890.0,82614.0,80135.1,4750850.29,79113.5,80566.0,81734.0,0.8
1216,9,150,11,81384.0,55067.0,81384.0,70072.8,54559748.160000004,67624.0,71945.0,73303.75,0.6
1216,11,183,13,81384.0,55067.0,74954.0,69096.1,39692444.49,67624.0,71945.0,73303.75,0.6
1219,9,173,11,76761.0,33991.0,76761.0,56491.0,165898231.0,46948.0,58920.0,63584.25,0.7
1219,11,209,13,76761.0,33991.0,64508.0,52166.0,94646984.0,44795.5,56210.0,59837.5,0.9
1221,9,201,11,70992.0,53719.0,70992.0,63470.1,30409258.089999996,59668.75,62860.0,67732.0,0.8
1221,11,228,13,70992.0,53719.0,69368.0,63144.0,25928848.2,59668.75,62860.0,67732.0,0.9
1222,9,216,11,69433.0,46755.0,80344.0,69909.0,79942077.6,69240.25,69555.5,74345.0,0.7
1224,9,204,11,138121.0,100491.0,138121.0,111125.0,102611734.0,105047.75,109272.5,113248.25,0.9
1224,11,227,13,138121.0,100491.0,115497.0,108569.1,23407204.490000002,105047.75,109272.5,112170.5,1.0
1225,9,160,10,113386.0,11476.0,115299.0,101560.1,927549226.29,109376.75,113386.0,114494.75,0.9
1227,9,153,11,107673.0,91590.0,107673.0,98567.4,26222407.839999996,94582.0,96934.0,102913.0,0.9
1228,9,197,11,95481.0,95481.0,113564.0,104039.7,38209081.61,100887.0,102920.5,109846.0,0.9
1229,9,151,11,105182.0,27433.0,113857.0,86384.1,1049115951.49,63485.0,105182.0,109627.25,0.9
1230,9,114,11,68413.0,41798.0,68413.0,56605.1,55050371.489999995,52956.5,56170.0,62628.25,0.9
1230,11,133,13,68413.0,41798.0,63045.0,56033.8,44496118.160000004,52956.5,56170.0,62587.75,1.0
1231,9,119,11,69633.0,44877.0,69633.0,56088.3,37249178.010000005,53999.25,56126.0,58402.25,0.8
1231,11,132,13,69633.0,44877.0,58877.0,54970.8,18183347.759999998,53999.25,56126.0,58402.25,1.0
1232,9,235,11,122854.0,87929.0,122854.0,103030.5,167153897.45,91676.0,98260.0,113816.25,0.6
1232,11,260,13,122854.0,87929.0,115000.0,99536.7,77911762.61,91676.0,98260.0,106135.0,0.8
1232,13,302,15,122854.0,87929.0,110121.0,98864.0,61126944.0,91676.0,98260.0,106135.0,1.0
1241,9,155,11,122240.0,61946.0,122240.0,82330.5,242978511.45,77507.25,79761.5,85535.0,0.8
1241,11,178,13,122240.0,61946.0,87310.0,77905.0,63664404.2,77507.25,79273.5,83795.75,1.0
1242,9,153,11,110561.0,63510.0,110561.0,83596.4,136392561.84,78392.75,84823.5,87343.0,0.9
1243,9,198,11,85744.0,30354.0,95210.0,78710.7,285393038.21000004,79107.25,83088.0,85744.0,0.7
1243,11,231,13,85744.0,30354.0,86414.0,77289.8,254151315.56,79107.25,83088.0,85141.25,0.8
1244,9,161,11,85882.0,85052.0,89746.0,87310.2,2912829.96,85882.0,87001.5,88777.25,0.6
1244,11,201,13,85882.0,78660.0,88816.0,86077.0,7862725.4,85555.75,86095.5,88198.75,0.8
1245,9,159,11,119774.0,95347.0,123198.0,116296.2,65005436.96,117503.25,119726.0,119774.0,0.7
1247,9,151,11,96771.0,68386.0,96771.0,77971.5,63378443.85,72895.25,74441.5,82908.25,0.9
1248,9,157,11,78150.0,11907.0,78150.0,42242.7,300090281.61,38008.75,43674.5,47775.25,0.8
1248,11,182,13,78150.0,11907.0,51114.0,39161.4,161545000.44,38008.75,43674.5,47775.25,1.0
1249,9,166,11,106557.0,101961.0,108465.0,105236.2,5943950.159999999,103344.75,105112.0,107645.25,0.0
1249,11,199,13,106557.0,80912.0,108008.0,101804.7,52905821.21,102017.25,103398.5,105834.5,0.2
1249,13,224,15,106557.0,80912.0,106557.0,99419.5,49485921.45,97278.5,102073.5,103452.25,0.4
1249,15,251,17,106557.0,80912.0,103506.0,96013.4,56907499.239999995,90534.75,98653.0,102129.75,0.6
1249,17,267,19,106557.0,80912.0,102186.0,94865.9,45224625.29,90534.75,96743.5,100486.25,0.8
1250,9,222,11,104283.0,22786.0,104283.0,81124.2,443852671.75999993,80197.5,85746.5,92088.25,0.6
1250,11,261,13,104283.0,22786.0,92386.0,78489.8,372904355.9600001,80197.5,85003.0,86538.25,0.8
1250,13,284,15,104283.0,22786.0,88944.0,77719.3,354914141.40999997,80197.5,85003.0,86538.25,0.9
1251,9,186,11,152067.0,60781.0,152067.0,114101.8,663137240.5600001,101871.75,112396.0,135126.5,0.3
1251,11,200,13,152067.0,60781.0,138909.0,101863.0,445671338.2,90094.5,103731.5,113621.0,0.5
1251,13,242,15,152067.0,60781.0,114846.0,96146.8,227977264.35999995,90094.5,101051.0,106447.25,0.7
1251,15,281,17,152067.0,60781.0,107451.0,94083.9,182225483.08999997,90094.5,98432.5,103099.5,0.9
1252,9,170,11,81981.0,65071.0,81981.0,75424.0,29674330.4,73020.25,75785.0,80120.0,0.5
1252,11,187,13,81981.0,60711.0,80911.0,72046.4,34853595.839999996,68290.75,73541.5,76269.0,0.7
1252,13,210,15,81981.0,60711.0,77747.0,71446.2,27454690.360000003,68290.75,73541.5,74886.0,0.8
1255,9,180,11,84994.0,68082.0,84994.0,76487.1,20034189.689999998,73673.0,76825.5,79095.25,0.4
1255,11,211,13,84994.0,62592.0,79148.0,73798.9,24125865.689999998,72423.75,75112.0,77454.75,0.6
1255,13,234,15,84994.0,62592.0,78084.0,73005.3,18358482.809999995,72423.75,74862.0,75418.25,0.7
1255,15,274,17,84994.0,62592.0,75567.0,72379.0,15527168.4,71908.25,73911.0,75124.5,0.8
1256,9,233,11,86718.0,72584.0,86718.0,78310.9,18757326.29,75760.5,77322.0,81247.5,0.2
1256,11,272,13,86718.0,72584.0,81392.0,77492.6,10199919.639999999,75760.5,77322.0,80668.25,0.2
1257,9,210,11,94811.0,44907.0,94811.0,72476.4,130671902.83999999,70386.25,73412.0,75508.0,0.9
1258,9,206,11,193221.0,137689.0,193221.0,165547.1,187318232.89000002,161270.25,166614.5,171530.0,0.7
1258,11,218,13,193221.0,90281.0,171832.0,152904.2,538217585.36,150214.0,161634.5,167974.25,0.9
1259,9,211,11,164621.0,132921.0,165896.0,150650.9,135127090.08999997,142382.5,147255.0,163550.25,0.6
1259,11,246,13,164621.0,132921.0,164621.0,147666.2,83481083.56,142382.5,147255.0,150348.5,0.8
1259,13,276,15,164621.0,132921.0,151308.0,145352.2,35458071.160000004,142382.5,147255.0,150348.5,1.0
1260,9,209,11,118837.0,63142.0,118837.0,94580.2,198873553.76000002,90468.25,96148.0,102410.75,0.6
1260,11,244,13,118837.0,63142.0,102478.0,91166.5,125138446.65,89539.75,93604.5,98183.25,0.8
1261,9,219,11,93649.0,61722.0,93649.0,82588.6,89687109.64,79733.25,85022.0,89929.25,0.5
1261,11,252,13,93649.0,61722.0,91244.0,81993.3,79031875.41,79733.25,85022.0,88255.25,0.5
1262,9,104,11,150900.0,67915.0,150900.0,101336.4,389543416.23999995,93275.5,100190.5,102466.75,0.8
1262,11,119,13,150900.0,67915.0,108720.0,96581.7,120166859.41000001,93275.5,100190.5,102466.75,1.0
1263,9,222,11,80652.0,76544.0,85279.0,81297.8,6937307.160000001,80652.0,81041.5,83489.75,0.4
1263,11,271,13,80652.0,76544.0,83597.0,80943.6,5073089.44,80652.0,81041.5,82795.25,0.4
1264,9,230,11,101671.0,57947.0,101671.0,88393.8,218371831.76,82671.75,94463.5,99946.5,0.4
1264,11,268,13,101671.0,57947.0,100272.0,85217.7,176620028.01,81338.0,88300.0,95380.75,0.6
1264,13,299,15,101671.0,57947.0,96298.0,83215.8,134995889.76,81338.0,88300.0,89961.75,0.8
1266,9,203,11,110988.0,80253.0,110988.0,93590.1,60918691.29,90866.5,93678.5,96696.0,0.6
1267,9,182,11,133846.0,83173.0,133846.0,101778.6,180906778.84,96909.75,102140.0,104075.5,0.8
1267,11,223,13,133846.0,83173.0,108161.0,98812.4,68482356.64000002,96909.75,102140.0,104075.5,0.9
1268,9,194,11,149884.0,106810.0,149884.0,131550.8,128458627.96,128140.25,133925.5,138484.0,0.6
1270,9,232,11,64790.0,38347.0,64790.0,46506.5,51307690.05,41299.25,46071.0,48820.0,0.9
1271,9,229,11,64439.0,47257.0,64439.0,53537.4,29116000.840000004,49812.25,51639.5,55295.5,0.7
1271,11,255,13,64439.0,47257.0,56243.0,51358.4,5206729.840000001,49812.25,51639.5,52428.5,0.9
1272,9,158,11,61840.0,47810.0,61840.0,55309.2,17710185.160000004,53049.75,55515.5,58318.5,0.8
1272,11,174,13,61840.0,47810.0,58993.0,54919.9,13819424.290000001,53049.75,55515.5,58318.5,0.9
1273,9,125,11,110026.0,37742.0,110026.0,71939.0,365522569.2,62251.75,75987.5,81106.5,0.9
1274,9,168,11,79459.0,16692.0,79459.0,62307.6,303130822.04,56137.0,66443.5,75040.25,0.9
1275,9,167,11,59951.0,33796.0,60794.0,55916.1,60300174.489999995,57618.0,58403.0,59951.0,0.7
1276,9,101,11,62544.0,36437.0,62544.0,47532.6,48525918.839999996,44344.25,47726.5,49605.25,0.8
1276,11,113,13,62544.0,36437.0,50950.0,46065.8,22002677.56,44344.25,47726.5,49605.25,1.0
1277,9,119,11,67030.0,37237.0,67030.0,46532.0,70811972.4,41688.25,43567.0,49058.0,0.8
1277,11,133,13,67030.0,37237.0,51244.0,44481.3,21282277.009999998,41688.25,43567.0,49058.0,1.0
1278,9,219,11,117523.0,86477.0,117523.0,99122.1,87982312.88999999,91980.5,98096.0,100935.25,0.5
1278,11,246,13,117523.0,86477.0,102289.0,95343.7,26368460.81,90978.5,96205.5,99673.5,0.6
1279,9,116,11,82784.0,34690.0,82784.0,67613.1,178104748.09,63949.0,69534.5,74929.5,0.8
1279,11,132,13,82784.0,34690.0,79896.0,66730.0,154896018.2,63949.0,69534.5,74929.5,1.0
1281,9,174,11,119146.0,106219.0,119146.0,113317.1,14797775.690000001,111809.25,113774.5,115480.75,0.9
1283,9,106,11,121917.0,35691.0,121917.0,89076.7,977117152.61,59272.25,96609.5,118641.25,0.9
1285,9,183,11,86071.0,53955.0,86071.0,64165.2,99440352.55999999,55699.25,61925.5,69095.0,0.9
1287,9,178,11,131115.0,85436.0,131115.0,102491.1,173055397.69,93910.75,97983.5,107610.75,0.7
1287,11,214,13,131115.0,85436.0,109184.0,98325.1,55311999.69000001,93910.75,97611.5,105226.5,0.8
1288,9,169,11,106199.0,56608.0,106960.0,96150.4,204648885.24,94351.25,100878.5,105580.0,0.9
1289,9,159,11,71788.0,65677.0,71788.0,69229.4,2904074.8400000003,68422.5,69759.0,70095.25,0.8
1290,9,151,11,113004.0,19443.0,113004.0,58018.3,1427258386.2099998,23340.0,39037.0,100309.75,0.6
1290,11,179,13,113004.0,19443.0,102315.0,49169.7,863818695.8100001,23340.0,39037.0,68984.75,0.8
1290,13,202,15,113004.0,19443.0,81138.0,45640.4,563648888.44,23340.0,39037.0,68984.75,1.0
1293,9,150,11,114257.0,84144.0,114257.0,103470.7,94887175.01,98827.25,106887.0,111620.0,0.6
1293,11,182,13,114257.0,84144.0,111880.0,101394.1,72622842.89000002,98827.25,102777.0,107817.5,0.8
1293,13,204,15,114257.0,84144.0,108748.0,99730.9,51802054.89,98827.25,100526.0,105014.0,1.0
1295,9,158,11,158324.0,76716.0,158324.0,115649.6,388677485.04,110881.25,111744.0,115823.5,0.8
1295,11,195,13,158324.0,76716.0,117998.0,109651.0,128070503.0,110881.25,111744.0,115823.5,0.9
1296,9,193,11,113737.0,93607.0,113737.0,100254.3,28604441.810000002,97549.75,98870.0,101135.25,0.7
1296,11,225,13,113737.0,87033.0,104860.0,97583.9,20775363.089999996,96169.25,98494.0,99493.5,0.8
1296,13,263,15,113737.0,87033.0,100982.0,97126.8,15915589.36,96169.25,98494.0,99493.5,0.8
1299,9,191,11,115146.0,43515.0,115146.0,71128.7,348678151.80999994,68052.75,71442.0,73790.75,0.8
1300,9,192,11,105281.0,46645.0,105281.0,71760.6,371132258.64,54809.0,74505.5,76626.0,0.8
1300,11,222,13,105281.0,46645.0,78741.0,66947.8,164143196.56,54809.0,74505.5,76626.0,1.0
1302,9,170,11,69865.0,56676.0,69865.0,63023.5,14164838.25,60574.5,62700.0,64666.25,0.9
1303,9,211,11,116990.0,69541.0,116990.0,84832.4,201867280.04000002,73640.0,82079.5,88752.75,0.8
1303,11,239,13,116990.0,69541.0,91873.0,81105.9,63061697.89,73640.0,82079.5,88752.75,0.8
1305,9,158,11,112075.0,78676.0,112075.0,90751.2,77164230.56,85825.5,91148.0,92934.25,0.9
1306,9,224,11,102119.0,70962.0,102119.0,89129.3,81220480.41,82880.0,90001.5,96834.25,0.9
1307,9,220,11,137291.0,73122.0,137291.0,96253.6,314103637.04,88863.5,96647.0,97413.5,0.8
1307,11,251,13,137291.0,73122.0,100839.0,91241.5,95214778.65,88863.5,96647.0,97413.5,0.9
1308,9,182,11,164373.0,98376.0,164373.0,121962.5,366427163.45,108061.25,118649.5,128354.25,0.6
1308,11,204,13,164373.0,91553.0,129462.0,109669.7,155196734.01,99618.5,108721.5,120316.75,0.8
1309,9,228,11,93447.0,67443.0,93447.0,79825.7,60235863.81,74351.0,79683.5,85779.0,0.9
1310,9,187,11,126182.0,63827.0,126182.0,91382.0,307326234.2,84203.0,88939.0,90769.0,0.8
1310,11,225,13,126182.0,63827.0,91644.0,85153.7,69704211.21000001,84203.0,88939.0,90769.0,0.9
1311,9,146,11,157171.0,49319.0,157171.0,96751.3,1436754930.01,60534.5,91641.5,134551.75,0.5
1311,11,155,13,157171.0,49319.0,140760.0,83421.5,766299227.05,60534.5,77401.0,98096.0,0.7
1311,13,173,15,157171.0,49319.0,99591.0,76673.2,311494535.15999997,60534.5,77401.0,93672.5,0.9
1312,9,215,11,99578.0,65642.0,99578.0,83876.0,95271761.2,79179.75,79910.5,92236.75,0.6
1312,11,252,13,99578.0,65642.0,92575.0,80812.6,50557581.64,79179.75,79910.5,82458.25,0.8
1312,13,285,15,99578.0,65642.0,86592.0,79715.3,30959684.21,79179.75,79910.5,82458.25,0.8
1313,9,203,11,64163.0,62665.0,83964.0,72185.2,41069869.16,66015.0,73379.5,75776.75,0.8
1314,9,191,11,108778.0,21295.0,108778.0,68920.6,580758393.04,59923.25,69294.5,77313.25,0.8
1314,11,224,13,108778.0,21295.0,81041.0,63973.9,319142011.89,59923.25,69294.5,77313.25,0.9
1315,9,121,11,42957.0,36283.0,57468.0,50804.3,50004646.40999999,44970.0,53973.0,56283.0,0.8
1317,9,147,11,115093.0,76495.0,115093.0,87149.5,111585378.25,80882.25,83741.5,89864.75,0.8
1317,11,160,13,115093.0,76411.0,90378.0,83035.7,25920614.009999998,78775.5,82671.5,87691.75,0.9
1318,9,205,11,103981.0,87530.0,103981.0,94290.7,26287851.61,89792.0,93086.0,97928.5,0.6
1319,9,183,11,100718.0,72861.0,100718.0,90213.1,97035085.09,85214.5,92682.0,97578.25,0.7
1320,9,209,11,134697.0,104582.0,134697.0,120537.1,55830607.89,117677.5,120610.5,121872.5,0.3
1320,11,248,13,134697.0,104582.0,125222.0,117570.8,37142812.760000005,116267.25,119874.5,121390.5,0.4
1320,13,283,15,134697.0,94259.0,121454.0,113875.8,70246227.56,110358.75,116509.5,119947.75,0.6
1320,15,317,17,134697.0,94259.0,121018.0,113098.9,63636461.69,109819.25,116025.0,119044.5,0.7
1322,9,180,11,98266.0,75151.0,98266.0,88391.7,57549662.20999999,83964.25,89735.5,95222.0,0.4
1322,11,201,13,98266.0,75151.0,95536.0,86057.9,39056014.29000001,83964.25,85288.0,90007.25,0.6
1322,13,250,15,98266.0,75151.0,90279.0,84481.3,21280939.61,83964.25,85288.0,87603.0,0.8
1322,15,270,17,98266.0,75151.0,88389.0,84198.4,18570089.240000002,83964.25,85288.0,87603.0,1.0
1324,9,176,11,172599.0,124426.0,172599.0,148284.8,154722576.36,144793.5,147417.0,155896.75,0.7
1324,11,209,13,172599.0,124426.0,157809.0,145664.5,89095328.65,144793.5,146715.5,149846.5,0.8
1325,9,119,11,80408.0,36513.0,80408.0,53474.1,248514266.48999995,41230.5,43785.0,69853.75,0.9
1326,9,124,11,39179.0,10928.0,39298.0,34666.0,69814377.0,34675.5,38540.0,39106.5,0.9
1327,9,154,11,121257.0,57946.0,121257.0,97372.8,479934005.55999994,85747.75,107659.5,113680.0,0.7
1327,11,195,13,121257.0,57946.0,115197.0,96219.9,434051802.89,85747.75,107659.5,112227.25,0.9
1328,9,155,11,85080.0,11105.0,85080.0,67084.2,408056117.76,64153.0,71242.0,77530.75,0.8
1328,11,181,13,85080.0,11105.0,78734.0,65742.9,367002919.49,64153.0,71242.0,77530.75,1.0
1329,9,176,11,93999.0,72863.0,93999.0,82770.0,31212988.4,81286.0,82995.0,85228.25,0.6
1329,11,204,13,93999.0,72863.0,85274.0,80685.1,14686611.290000001,79759.0,81448.0,83337.5,0.8
1329,13,239,15,93999.0,72863.0,84392.0,79984.1,11818888.09,79153.5,80492.5,82175.5,0.9
1330,9,228,11,79013.0,49511.0,79013.0,68050.8,70241473.35999998,64453.0,69909.5,73241.5,0.6
1331,9,152,11,125310.0,55810.0,125310.0,81317.4,305962500.44,73203.5,78910.5,80432.0,0.7
1331,11,190,13,125310.0,55810.0,80654.0,74342.8,53044904.95999999,71392.5,76286.5,80157.75,0.8
1332,9,206,11,74709.0,55843.0,74709.0,62429.2,27418861.360000003,59905.25,60998.0,64489.5,0.7
1332,11,250,13,74709.0,55843.0,65482.0,59908.0,7110756.0,57659.25,60369.0,61122.0,0.9
1332,13,269,15,74709.0,55843.0,61512.0,59482.4,3996385.44,57659.25,60369.0,61107.0,1.0
1333,9,192,11,71533.0,41573.0,71533.0,51718.8,68578828.56000002,45698.25,49898.0,54588.5,0.8
1333,11,235,13,71533.0,41573.0,56359.0,49826.5,23836229.25,45698.25,49898.0,54588.5,0.9
1334,9,130,11,109823.0,48890.0,109823.0,78551.2,213300986.96,73950.0,78468.0,80267.0,0.9
1336,9,181,11,108966.0,61936.0,108966.0,84728.1,138972753.29000002,81408.25,84345.5,89284.25,0.9
1337,9,176,11,78619.0,68062.0,78619.0,72662.5,9566568.65,70443.25,72044.5,75088.25,0.9
1338,9,213,11,83794.0,43807.0,83794.0,58132.7,95777867.41,55030.5,57628.5,58669.5,0.9
1339,9,165,11,126248.0,94824.0,126248.0,115113.4,84929849.44000001,110009.25,114393.5,122691.0,0.8
1340,9,176,11,115068.0,78526.0,115068.0,92018.4,95837247.63999999,84238.0,91840.0,95829.0,0.8
1340,11,192,13,115068.0,78526.0,97583.0,90099.0,40238212.2,84238.0,91840.0,95829.0,1.0
1341,9,179,11,78820.0,65467.0,78820.0,75045.1,17246561.09,73097.0,76163.0,78546.0,0.6
1341,11,206,13,78820.0,65467.0,78672.0,74067.6,13785679.040000001,72611.25,74904.0,76220.5,0.8
1342,9,202,11,105565.0,95111.0,123934.0,112739.1,75827140.09,106251.25,114366.0,118945.5,0.4
1342,11,250,13,105565.0,95111.0,119583.0,110750.1,48154352.089999996,106251.25,112250.0,116367.5,0.5
1342,13,281,15,105565.0,95111.0,116818.0,109222.3,37027266.410000004,105880.0,110112.0,114031.25,0.6
1343,9,154,11,59571.0,59196.0,70417.0,65017.3,19232339.41,60420.25,65062.0,69426.25,0.9
1344,9,125,11,136494.0,37046.0,136494.0,75694.2,678392658.76,62074.25,68373.0,85028.75,0.7
1344,11,140,13,136494.0,37046.0,90251.0,66891.8,166831759.95999998,62074.25,68373.0,71627.75,0.9
1345,9,154,11,112635.0,49802.0,112635.0,91954.6,357167275.84,86791.0,100203.5,103602.75,0.9
1345,11,178,13,112635.0,49802.0,104605.0,90366.9,314185855.28999996,86707.25,98038.0,102155.25,1.0
1346,9,139,11,127625.0,63378.0,127625.0,79064.5,289244881.45,71075.75,74282.0,77227.75,0.8
1346,11,153,13,127625.0,63378.0,78543.0,73465.0,19745363.2,71075.75,74282.0,77227.75,0.9
1347,9,137,11,32556.0,21648.0,32556.0,29154.3,12630739.809999999,28402.25,29662.5,32310.5,0.6
1347,11,166,13,32556.0,21648.0,32344.0,28659.9,10244929.09,28402.25,29662.5,30093.0,0.8
1347,13,193,15,32556.0,21648.0,31168.0,28376.2,8532789.56,28402.25,29662.5,30093.0,1.0
1349,9,182,11,108381.0,93853.0,108381.0,98895.7,24191541.81,94709.5,96735.5,103252.75,0.5
1349,11,215,13,108381.0,74857.0,104185.0,94735.1,53225285.89,94646.25,95126.5,97651.0,0.7
1349,13,250,15,108381.0,74857.0,100456.0,93547.7,43472932.21,94050.25,94760.0,96123.25,0.8
1349,15,276,17,108381.0,74857.0,96367.0,92181.1,37423847.089999996,92696.5,94650.5,95259.25,1.0
1350,9,173,11,118519.0,64545.0,118519.0,100560.4,181696901.04000002,99060.0,101780.5,107822.25,0.7
1350,11,198,13,118519.0,64545.0,109665.0,97077.2,131993942.55999999,98252.5,99972.5,101869.75,0.9
1351,9,165,11,151915.0,117056.0,151915.0,130861.2,99935576.56000002,124452.25,128000.5,135422.75,0.4
1351,11,199,13,151915.0,94378.0,137141.0,120969.3,156445878.61,118375.5,125134.5,128736.75,0.6
1351,13,222,15,151915.0,94378.0,129473.0,117175.7,116530425.00999999,113258.75,119907.0,125816.75,0.8
1351,15,248,17,151915.0,94378.0,126499.0,115364.3,94063472.21000001,112604.5,117268.0,123169.5,1.0
1352,9,197,11,103476.0,92051.0,103476.0,95954.0,21068472.0,92280.25,92771.5,99565.25,0.8
1354,9,203,11,118320.0,90248.0,118320.0,101978.1,85358658.09,93015.25,101708.0,107927.0,0.4
1354,11,238,13,118320.0,90248.0,107998.0,97582.1,40371043.489999995,93015.25,93755.0,102911.0,0.6
1354,13,264,15,118320.0,87416.0,104114.0,94173.5,19109917.25,92718.25,93551.5,94104.75,0.8
1355,9,142,11,58584.0,35287.0,58584.0,44772.6,37056599.440000005,40874.25,44518.5,47226.75,0.8
1355,11,159,13,58584.0,35287.0,47958.0,43427.0,15467124.0,40874.25,44518.5,46332.0,0.9
1356,9,160,11,98168.0,72095.0,100013.0,90236.4,93165888.64,83132.0,94587.0,98168.0,0.7
1356,11,193,13,98168.0,72095.0,98168.0,88481.2,78059527.35999998,83132.0,89009.5,96674.25,0.9
1357,9,196,11,106110.0,74330.0,106110.0,85064.8,109582567.35999998,78594.0,80429.5,86321.75,0.7
1357,11,235,13,106110.0,74330.0,87582.0,80785.5,12384145.05,78594.0,80429.5,83216.75,0.9
1358,9,202,11,106055.0,85841.0,106055.0,98623.7,50181411.20999999,93664.75,101595.0,104752.0,0.8
1360,9,196,11,99526.0,54451.0,99526.0,75143.8,137381317.96,70160.75,77507.5,79811.0,0.8
1360,11,235,13,99526.0,54451.0,81567.0,73212.8,76776110.55999999,70160.75,77507.5,79811.0,0.9
1361,9,135,11,30252.0,16413.0,30252.0,26786.2,13703803.959999999,26378.25,27827.5,28841.75,0.9
1362,9,114,11,59011.0,27481.0,59011.0,47276.4,74715888.64,42237.75,50233.5,53081.0,0.8
1362,11,132,13,59011.0,27481.0,53376.0,46266.8,59489671.36,42237.75,49554.0,51937.25,1.0
1363,9,184,11,101533.0,81619.0,102550.0,95347.6,46329371.64,92015.5,97941.5,100832.5,0.8
1364,9,221,11,108115.0,68394.0,108115.0,85429.6,123847617.83999999,78950.0,84141.0,85107.75,0.8
1364,11,243,13,108115.0,68394.0,87223.0,81621.9,29925200.290000003,78950.0,84141.0,85043.25,1.0
1365,9,207,11,133417.0,70973.0,133417.0,88163.9,266543068.89000002,79034.5,86867.5,89246.0,0.9
1366,9,201,11,90758.0,63503.0,90758.0,78917.4,75136006.44000001,71423.0,79573.5,86134.25,0.6
1366,11,233,13,90758.0,63503.0,86243.0,77362.5,51354510.85,71423.0,79573.5,82429.5,0.8
1367,9,224,11,109140.0,69130.0,109140.0,92290.9,103573326.29,87385.0,94945.5,97284.25,0.6
1367,11,261,13,109140.0,69130.0,97301.0,90488.3,68658588.81,87385.0,94772.0,95443.75,0.8
1367,13,284,15,109140.0,69130.0,95661.0,87838.2,87935915.76,84941.25,92148.5,95312.5,1.0
1368,9,241,11,87007.0,80505.0,88053.0,85219.7,7768307.409999999,82424.5,87007.0,87241.25,0.4
1368,11,288,13,87007.0,73720.0,87248.0,83112.5,16976334.25,81062.75,83023.0,87007.0,0.6
1368,13,322,15,87007.0,64477.0,87007.0,79702.0,41895581.8,77041.5,81185.5,83621.5,0.8
1368,15,339,17,87007.0,64477.0,84569.0,78523.4,32620032.640000004,76330.0,80722.5,81727.25,0.9
1369,9,155,11,123036.0,62711.0,123036.0,84649.0,350712383.0,69122.75,83750.0,87132.5,0.8
1369,11,185,13,123036.0,62711.0,93384.0,79421.6,115939298.64000002,69122.75,83750.0,87132.5,0.9
1372,9,167,11,66398.0,53484.0,67309.0,61497.3,17190859.009999998,59151.25,60987.5,65411.0,0.7
1372,11,205,13,66398.0,53484.0,66398.0,60680.2,11067370.559999999,59151.25,60987.5,62651.0,0.9
1373,9,179,11,54245.0,46661.0,57393.0,55251.9,9350677.290000001,54716.25,56311.0,57004.75,0.9
1377,9,236,11,85583.0,66781.0,85583.0,75685.4,26575087.84,73803.0,75327.0,77979.25,0.4
1377,11,272,13,85583.0,66781.0,78796.0,73286.5,12109998.25,70871.75,74360.0,75348.5,0.6
1377,13,291,15,85583.0,66781.0,75370.0,71791.0,10053627.0,69019.5,72903.5,74560.5,0.8
1377,15,328,17,85583.0,66781.0,75259.0,71773.8,9932866.959999999,69019.5,72903.5,74560.5,1.0
1378,9,185,11,80520.0,41326.0,80520.0,62825.5,113583016.05,59256.75,61492.0,66307.75,0.7
1378,11,215,13,80520.0,41326.0,67508.0,60142.8,51665354.36,59256.75,61492.0,64890.25,0.9
1379,9,181,11,126090.0,86491.0,126090.0,108513.4,110834242.44000001,104223.5,108206.0,112251.0,0.7
1379,11,234,13,126090.0,86491.0,114435.0,105919.7,56857547.61,104223.5,107920.0,109180.75,0.8
1380,9,198,11,124339.0,101064.0,128053.0,118374.3,62068902.80999999,114419.0,118759.5,124339.0,0.4
1380,11,227,13,124339.0,85549.0,124339.0,110612.8,159300737.76000002,103755.5,114542.0,118829.25,0.6
1380,13,270,15,124339.0,85549.0,118899.0,105481.8,125541530.16000001,97035.0,106753.0,114665.0,0.8
1380,15,302,17,124339.0,85549.0,118532.0,105393.8,123240770.16,97035.0,106753.0,114665.0,0.9
1381,9,149,11,110369.0,76290.0,110369.0,96468.4,118052269.43999998,90702.25,98116.0,105520.0,0.9
1383,9,234,11,68056.0,40744.0,68056.0,49741.5,52147428.25,45243.5,48627.5,51388.0,0.7
1383,11,281,13,68056.0,40744.0,51768.0,46648.9,10167814.49,44419.75,46517.5,49184.5,0.9
1384,9,211,11,109718.0,75116.0,109718.0,93592.4,92818385.04,93899.5,96832.5,97301.0,0.9
1385,9,152,11,77219.0,68011.0,79937.0,75712.4,14203111.240000004,74530.75,77219.0,77616.5,0.9
1386,9,103,11,100322.0,57177.0,100322.0,72076.8,125316548.16,67466.0,71389.5,74908.25,0.9
1387,9,193,11,84494.0,67853.0,90834.0,81038.9,43372972.49,76850.0,81724.5,84494.0,0.7
1388,9,217,11,80266.0,70235.0,81919.0,76787.6,19258502.439999998,72292.0,78314.5,80266.0,0.6
1388,11,251,13,80266.0,61859.0,80266.0,74496.5,32168109.25,70520.5,76807.5,79073.5,0.8
1389,9,158,11,85599.0,20452.0,85599.0,65295.6,343332130.84000003,64052.0,70258.5,76605.25,0.9
1390,9,165,11,92668.0,30224.0,92668.0,69884.3,324550119.81000006,66962.75,72721.5,83130.25,0.9
1391,9,141,11,55997.0,42841.0,64340.0,55959.8,44786824.76,51565.75,55997.0,62387.5,0.9
1392,9,167,11,83005.0,67817.0,83005.0,77917.6,18450793.44,77435.5,79570.0,80402.0,0.8
1393,9,201,11,59704.0,51830.0,59704.0,56108.9,7267749.290000001,53689.75,56480.0,58216.5,0.8
1394,9,171,11,98947.0,78507.0,98947.0,89153.2,38845439.76,85217.75,88879.0,93669.25,0.8
1394,11,201,13,98947.0,78507.0,95645.0,88195.3,25965412.610000003,85217.75,88879.0,91182.25,0.9
1395,9,174,11,84959.0,51064.0,84959.0,59799.4,85833656.44000001,53267.25,59316.0,60506.25,0.8
1396,9,153,11,145349.0,15672.0,145349.0,96839.1,1301583694.49,79168.75,104496.5,122910.5,0.5
1396,11,169,13,145349.0,15672.0,123488.0,88382.0,923601966.4,79168.75,90348.0,113280.5,0.7
1396,13,200,15,145349.0,15672.0,119906.0,83103.0,676929187.6,79168.75,90348.0,94030.25,0.9
1397,9,136,11,108827.0,14074.0,108827.0,84804.9,684311429.09,87039.25,92979.0,99558.5,0.9
1398,9,201,11,96122.0,65885.0,96122.0,86163.9,75920712.69,82009.75,87378.0,92935.75,0.6
1398,11,225,13,96122.0,65885.0,93720.0,85665.5,67388268.45,82009.75,87378.0,92363.5,0.6
1398,13,264,15,96122.0,65885.0,92957.0,83344.9,64837110.09000001,79688.5,85065.5,89877.0,0.8
1399,9,246,11,79144.0,67705.0,79649.0,74618.1,17596484.29,71776.75,75079.0,78567.25,0.3
1399,11,287,13,79144.0,65333.0,79144.0,72645.1,17824563.089999996,68806.5,74151.0,75227.0,0.4
1399,13,324,15,79144.0,65333.0,75375.0,71450.1,12552655.89,68297.25,72287.5,74730.25,0.5
1400,9,168,11,143649.0,85040.0,143649.0,119068.1,294942563.89,107971.25,123363.0,129995.25,0.7
1400,11,195,13,143649.0,85040.0,132854.0,115712.4,208695938.44,107971.25,119035.0,127895.25,0.8
1401,9,164,11,120413.0,104196.0,142268.0,127301.6,110334404.43999998,121190.5,128692.0,133094.0,0.7
1401,11,200,13,120413.0,104196.0,134953.0,125945.4,79428843.44000001,121190.5,128692.0,133094.0,0.8
1402,9,170,11,145422.0,108637.0,145422.0,127278.8,113990439.75999999,119599.5,128252.5,132313.0,0.7
1402,11,207,13,145422.0,108637.0,135947.0,125790.3,74305407.61,119599.5,128252.5,132313.0,0.7
1402,13,233,15,145422.0,108637.0,132453.0,123789.3,50181036.01,119599.5,125831.0,128608.75,0.9
1403,9,164,11,129039.0,94978.0,129039.0,104650.7,123559103.41,97520.0,98998.5,110612.5,0.7
1403,11,184,13,129039.0,94978.0,114143.0,101839.2,43219889.95999999,97520.0,98998.5,105208.75,0.9
1405,9,198,11,124854.0,61383.0,124854.0,99437.4,243241599.24,98444.25,102909.5,105727.75,0.8
1405,11,235,13,124854.0,61383.0,107820.0,96974.1,172634799.69,98444.25,101338.0,104576.0,0.9
1406,9,235,11,87820.0,77836.0,87820.0,84322.5,10368149.05,82287.5,85344.5,86847.5,0.9
1407,9,213,11,102676.0,77825.0,103701.0,92158.2,81293832.36,84671.5,91473.0,101727.5,0.7
1407,11,244,13,102676.0,77825.0,102676.0,91510.8,68639234.16,84671.5,91473.0,99585.5,0.9
1408,9,184,11,68367.0,44197.0,68367.0,60201.4,48727249.04,58101.75,60395.5,65944.75,0.8
1408,11,208,13,68367.0,44197.0,68336.0,59827.3,43854302.410000004,58101.75,60395.5,63805.0,0.9
1409,9,196,11,188654.0,130296.0,188654.0,154657.7,338190301.01,144999.75,147152.0,164660.75,0.6
1409,11,218,13,188654.0,130296.0,169762.0,148308.7,97076033.81,144999.75,147152.0,152198.0,0.6
1409,13,234,15,188654.0,130296.0,153145.0,144999.7,36320524.809999995,143979.25,146743.5,148452.25,0.8
1411,9,129,11,87936.0,59913.0,87936.0,76594.0,80141047.8,71543.75,76951.5,84137.75,1.0
1412,9,219,11,73495.0,42397.0,73495.0,60111.3,58116519.80999999,57569.0,61342.0,62941.25,0.7
1412,11,254,13,73495.0,42397.0,63253.0,57125.2,34796440.760000005,54694.75,58623.0,61634.0,0.9
1413,9,161,11,140518.0,84689.0,140518.0,98549.0,277802204.2,88398.0,92869.0,94926.25,0.7
1413,11,201,13,140518.0,84689.0,98232.0,92160.4,18734027.04,88398.0,92869.0,94926.25,0.7
1413,13,230,15,140518.0,84689.0,95175.0,91020.8,11520829.959999999,88019.5,92173.5,93776.75,0.9
1415,9,121,11,35635.0,20020.0,35635.0,28629.2,22592630.96,25792.0,28624.5,31506.75,0.8
1415,11,132,13,35635.0,20020.0,31979.0,27730.6,13367530.239999998,25792.0,28624.5,30261.0,1.0
1416,9,230,11,111013.0,65068.0,111013.0,83575.8,163453890.35999998,74676.0,81347.5,87353.75,0.6
1416,11,275,13,111013.0,65068.0,88385.0,79222.7,44619793.20999999,74676.0,81347.5,83613.5,0.8
1418,9,238,11,149594.0,69481.0,149594.0,92050.6,540831390.04,78860.75,83336.5,91634.75,0.3
1418,11,256,13,149594.0,63925.0,93173.0,78582.9,70937818.49,72094.5,79859.5,83782.75,0.5
1418,13,292,15,149594.0,63925.0,84229.0,76042.5,36711408.25,72094.5,76966.5,81072.25,0.7
1419,9,193,11,117139.0,35884.0,117139.0,89860.8,716955585.5600001,92140.0,100711.5,103306.25,0.7
1419,11,227,13,117139.0,35884.0,105780.0,88035.0,640315580.6,92140.0,100711.5,103306.25,0.7
1420,9,139,11,58629.0,43442.0,58629.0,49332.0,27096917.4,46258.75,46839.5,51957.25,0.7
1420,11,155,13,58629.0,43442.0,53010.0,47399.5,6534299.85,46258.75,46839.5,48610.5,0.9
1421,9,216,11,60334.0,60334.0,78592.0,71499.7,54759227.81,63684.75,76072.5,77149.75,0.7
1421,11,256,13,60334.0,60334.0,77272.0,71194.4,50952829.44,63684.75,76072.5,76789.0,0.9
1422,9,196,11,167990.0,98623.0,167990.0,118646.4,390375097.03999996,107306.75,114341.5,119167.75,0.7
1422,11,224,13,167990.0,98623.0,123569.0,112580.9,74156289.28999999,107306.75,114341.5,119167.75,0.7
1423,9,108,11,92142.0,48732.0,92142.0,66869.8,176126590.76000002,55799.75,67739.5,75385.25,0.9
1425,9,124,11,85521.0,42790.0,85521.0,61230.5,154515748.85,51602.75,58992.0,71038.25,0.7
1425,11,142,13,85521.0,42790.0,73726.0,57953.0,69599248.8,51602.75,58992.0,63102.5,0.9
1426,9,202,11,90638.0,71043.0,90638.0,79907.0,26687071.4,77246.0,79569.0,81944.5,0.6
1427,9,256,11,98437.0,69680.0,98437.0,88755.8,62379375.95999999,86791.5,92029.0,92827.0,0.8
1428,9,196,11,102424.0,84690.0,102424.0,93050.1,23992144.489999995,91985.75,92658.0,94589.75,0.7
1428,11,241,13,102424.0,84690.0,95211.0,91850.5,11299734.85,91985.75,92658.0,94181.75,0.8
1429,9,137,11,82744.0,70252.0,82744.0,77978.3,10759482.81,76453.25,78290.5,80269.75,0.9
1430,9,134,11,83858.0,54803.0,83858.0,71661.4,84730056.64000002,64002.5,73817.0,76599.0,0.8
1430,11,149,13,83858.0,54803.0,82827.0,71275.2,76068004.56,64002.5,73817.0,76599.0,0.8
1431,9,207,11,32355.0,26253.0,32355.0,30369.3,4250451.01,30448.25,30857.5,31849.75,0.9
1432,9,191,11,121757.0,87386.0,121757.0,111891.9,86815737.28999999,110594.5,113581.0,117822.25,0.5
1432,11,229,13,121757.0,87386.0,118376.0,110282.5,67652648.05,110594.5,112965.5,113759.75,0.7
1433,9,134,11,70034.0,48048.0,70034.0,59498.5,36914949.65,55077.75,61855.0,62650.0,0.8
1434,9,164,11,116453.0,74570.0,116453.0,91766.2,146544336.56,84557.75,87327.0,99143.0,0.7
1434,11,192,13,116453.0,74570.0,102641.0,88180.0,51564291.6,84557.75,87327.0,90515.75,0.9
1436,9,187,11,135815.0,84475.0,135815.0,110591.3,170717460.20999998,102958.75,113589.5,117284.5,0.6
1438,9,185,11,69663.0,69663.0,90700.0,80877.2,58248806.56,73085.75,84713.5,86371.5,0.6
1440,9,196,11,128090.0,86872.0,128090.0,102890.2,119191532.16000001,95971.0,101180.0,107475.25,0.8
1440,11,232,13,128090.0,86872.0,109918.0,100372.5,47682588.85,95971.0,101180.0,106403.25,0.9
1441,9,184,11,145104.0,24133.0,145104.0,95730.1,925861903.4900001,95474.25,103186.0,109544.0,0.9
1442,9,150,11,100154.0,43761.0,115345.0,94276.6,459899019.03999996,87963.75,100154.0,110611.25,0.7
1442,11,182,13,100154.0,43761.0,112791.0,93185.3,424289159.61,87963.75,100154.0,105446.5,0.9
1443,9,206,11,137214.0,72461.0,137214.0,94728.8,390066562.96000004,83302.0,88107.5,108623.0,0.7
1443,11,235,13,137214.0,72461.0,114130.0,88295.1,128573697.69000003,83302.0,88107.5,92454.5,0.9
1445,9,216,11,62791.0,49170.0,64439.0,60818.2,20737604.959999997,59091.25,62791.0,63922.75,0.4
1445,11,264,13,62791.0,49170.0,64084.0,60052.7,17644614.009999998,58692.75,61364.5,62791.0,0.6
1445,13,302,15,62791.0,49170.0,62993.0,59837.6,16232208.84,58692.75,61364.5,62688.0,0.7
1446,9,190,11,92739.0,74015.0,92739.0,86403.3,24780005.41,84461.25,86828.0,89899.75,0.9
1448,9,182,11,86338.0,53261.0,86338.0,66753.6,65539732.64,63910.75,65739.0,69246.5,0.9
1449,9,225,11,71786.0,49018.0,71786.0,64656.1,35839152.089999996,63184.5,66044.5,68192.0,0.8
1449,11,258,13,71786.0,49018.0,69815.0,64360.1,32406795.290000003,63184.5,66044.5,68192.0,0.8
1451,9,215,11,75323.0,55941.0,75323.0,68961.5,29109899.25,67043.0,69614.5,73278.25,0.7
1451,11,265,13,75323.0,55941.0,74248.0,67966.9,21394234.089999996,67043.0,69009.5,70349.25,0.9
1453,9,178,11,118069.0,71804.0,118571.0,106936.8,236553886.95999998,101716.0,115278.0,117734.5,0.7
1454,9,111,11,30682.0,22000.0,30682.0,28694.5,6237698.25,28299.75,29114.5,30568.5,0.9
1455,9,217,11,102854.0,96061.0,125881.0,109450.5,90533833.05,102958.0,105221.5,118466.75,0.9
1456,9,217,11,124162.0,72872.0,124162.0,105264.9,202520783.89000002,97258.0,107951.5,113934.0,0.5
1456,11,241,13,124162.0,72872.0,115260.0,102864.7,143299163.81,97258.0,107575.5,109938.5,0.5
1456,13,277,15,124162.0,72872.0,109956.0,101377.9,122000242.89000002,96599.0,105785.0,109094.75,0.7
1457,9,199,11,83858.0,62625.0,83858.0,74213.7,37653903.61,73726.0,75598.0,76623.75,0.8
1457,11,233,13,83858.0,62625.0,77248.0,73266.8,25924393.560000002,73726.0,75598.0,76623.75,1.0
1459,9,179,11,103594.0,82924.0,103594.0,89663.5,34441218.25,85002.0,89816.0,91920.5,0.8
1460,9,187,11,85258.0,65499.0,85258.0,75456.2,41333739.16,69263.75,78121.5,79003.25,0.8
1460,11,212,13,85258.0,65499.0,80655.0,74929.2,33478324.360000007,69263.75,78121.5,79003.25,0.9
1461,9,135,11,63465.0,43502.0,63465.0,50302.0,31532604.4,46566.5,49272.5,52988.0,0.9
1462,9,227,11,85334.0,72428.0,87080.0,81491.2,24032256.96,79248.5,81992.5,85334.0,0.7
1462,11,264,13,85334.0,72428.0,85334.0,80127.5,18651118.05,77276.25,81538.0,83210.0,0.9
1463,9,188,11,146824.0,108833.0,146824.0,133097.7,138932016.41,125975.0,133991.5,143917.75,0.2
1463,11,209,13,146824.0,102846.0,144618.0,125155.0,182411599.2,113297.25,126725.0,135211.75,0.4
1463,13,241,15,146824.0,102846.0,136432.0,118727.3,118544414.61000001,109273.0,118325.5,127475.0,0.6
1463,15,256,17,146824.0,102846.0,128225.0,115357.4,60386551.64000001,109273.0,115412.0,120732.75,0.8
1464,9,190,11,75843.0,56367.0,75843.0,65674.0,22428986.8,63007.25,66475.5,67495.0,0.9
1465,9,229,11,79201.0,51048.0,79201.0,69264.6,62532499.64000001,66616.0,71292.5,73814.25,0.4
1465,11,248,13,79201.0,51048.0,74453.0,66341.2,43338134.36,63135.0,67428.0,71510.75,0.6
1465,13,280,15,79201.0,51048.0,71729.0,64360.0,33555977.0,61308.0,65500.0,68381.75,0.8
1465,15,325,17,79201.0,51048.0,69172.0,63898.8,27981036.360000003,61308.0,65500.0,68193.5,1.0
1466,9,160,11,120766.0,71680.0,120766.0,88495.2,242699270.16,77205.0,84967.0,88946.25,0.8
1466,11,210,13,120766.0,71680.0,95113.0,83704.1,55859297.69000001,77205.0,84967.0,88946.25,1.0
1467,9,167,11,105695.0,73464.0,105695.0,86747.4,85489757.84,82205.0,86328.5,91145.0,0.9
1468,9,195,11,78231.0,66174.0,78231.0,73834.4,13611575.040000001,71612.25,74462.0,76637.75,0.9
1468,11,228,13,78231.0,66174.0,77815.0,73792.8,13261352.96,71612.25,74462.0,76637.75,1.0
1469,9,241,11,97195.0,66195.0,97195.0,78111.7,82235540.60999998,70455.0,76436.5,83946.25,0.9
1471,9,184,11,127930.0,41289.0,127930.0,100071.8,459735079.56000006,97676.25,103547.5,109836.5,0.9
1472,9,165,11,110554.0,86550.0,115238.0,105942.8,69973819.96,101107.0,110554.0,111744.25,0.8
1472,11,217,13,110554.0,86550.0,112034.0,103049.2,74153623.16,99000.25,105263.0,110554.0,0.9
1474,9,143,11,49637.0,33611.0,49780.0,43485.5,29450103.85,39076.5,44544.5,48840.75,0.7
1474,11,176,13,49637.0,33611.0,49637.0,43285.8,27123785.359999996,39076.5,44544.5,48102.75,0.9
1475,9,194,11,100377.0,68690.0,100377.0,81167.7,75776846.21000001,75619.5,80611.5,85203.5,0.8
1476,9,166,11,66269.0,63162.0,73213.0,67441.6,7182452.640000001,66269.0,67050.5,68790.5,0.8
1477,9,169,11,84751.0,69040.0,84751.0,73654.4,16587672.64,71310.0,72942.5,74009.5,0.8
1478,9,142,11,85601.0,51224.0,85601.0,61552.3,101021223.60999998,53311.0,60276.5,64195.0,0.8
1478,11,169,13,85601.0,51224.0,65345.0,58731.0,27874738.2,53311.0,60276.5,63081.25,0.9
1479,9,176,11,124942.0,102167.0,124942.0,114911.2,61742715.96,106926.5,118066.5,121096.5,1.0
1480,9,133,11,114430.0,48110.0,114430.0,83277.2,242315001.56,78836.25,85032.5,87365.5,0.8
1480,11,154,13,114430.0,48110.0,87807.0,80144.6,131329652.24000001,78836.25,85032.5,87365.5,0.9
1481,9,190,11,47637.0,35558.0,47637.0,42218.4,16190995.039999997,39756.0,42401.0,45960.75,0.9
1482,9,132,11,58597.0,46383.0,58597.0,50809.7,9818007.809999999,49279.25,50421.0,51937.5,0.6
1483,9,147,11,72080.0,58590.0,72080.0,65888.7,19831107.81,63492.0,66515.0,68278.0,0.6
1483,11,172,13,72080.0,58590.0,68516.0,64607.0,11568750.2,63045.25,65802.5,67324.5,0.7
1483,13,197,15,72080.0,58590.0,67564.0,63812.4,8602431.84,62962.75,64287.5,66181.75,0.9
1484,9,117,11,72721.0,61254.0,75262.0,71120.8,17827803.759999998,70100.5,72721.0,74266.75,0.5
1485,9,179,11,110601.0,83595.0,110601.0,97776.2,52232809.36,95766.75,96624.5,100717.25,0.6
1485,11,219,13,110601.0,83001.0,101597.0,93917.8,33594807.760000005,92597.25,96195.5,96687.75,0.8
1486,9,196,11,98917.0,97985.0,112661.0,103150.4,20378096.84,99160.75,102357.5,106084.25,0.8
1487,9,121,11,25809.0,25809.0,32426.0,28601.7,4384409.61,26939.5,28589.5,30301.25,0.9
1488,9,195,11,65948.0,57769.0,65948.0,61293.1,5836035.090000001,59568.0,60334.0,63076.75,0.7
1489,9,148,11,143259.0,105523.0,143259.0,120601.0,111033688.8,117173.0,118840.0,124590.0,0.7
1489,11,171,13,143259.0,105523.0,131528.0,117768.2,54885326.56,115478.0,117447.0,120772.75,0.8
1493,9,173,11,84968.0,58130.0,84968.0,76469.3,75589739.60999998,71103.5,77829.5,84757.0,0.6
1493,11,205,13,84968.0,58130.0,84856.0,71997.1,79924210.89,64925.0,71865.0,79292.75,0.8
1493,13,223,15,84968.0,58130.0,81910.0,71166.4,62036886.84000001,64925.0,71865.0,78050.0,0.9
1494,9,187,11,66469.0,63738.0,79024.0,71922.3,29910183.410000004,66819.25,71503.0,77771.5,0.9
1495,9,147,11,81242.0,61287.0,81242.0,69211.6,24282557.84,66574.0,68565.0,70837.5,0.9
1498,9,239,11,94143.0,66755.0,94143.0,84524.7,102731865.61,78192.5,89267.0,92169.0,0.6
1498,11,285,13,94143.0,66755.0,92249.0,83125.0,85795079.8,77954.0,86863.5,89926.0,0.8
1498,13,326,15,94143.0,66755.0,90585.0,81396.4,72300108.64,76115.0,86012.0,87771.25,1.0
1499,9,84,11,32202.0,24063.0,32202.0,27373.2,5953198.16,25240.75,27607.5,28574.25,0.8
1499,11,98,13,32202.0,24063.0,29646.0,27053.9,3770536.8899999997,25240.75,27607.5,28574.25,1.0
1500,9,259,11,78680.0,73995.0,85705.0,77890.8,10689083.360000001,75508.0,77463.0,78680.0,0.8
1501,9,172,11,145795.0,118332.0,145795.0,126706.1,51477855.29,123319.5,124095.5,127787.0,0.8
1502,9,198,11,75151.0,62098.0,78110.0,73931.9,19042677.29,73033.75,75151.0,76493.75,0.6
1503,9,155,11,65404.0,61706.0,71867.0,67569.4,12594913.040000001,65404.0,66514.0,71363.0,0.5
1504,9,152,11,134893.0,73876.0,134893.0,93775.8,240563162.95999998,87174.5,91100.0,97162.5,0.7
1505,9,183,11,149448.0,80017.0,149448.0,98314.7,411916289.21,82229.25,93824.5,107039.75,0.6
1505,11,198,13,149448.0,80017.0,110077.0,91190.1,83213008.08999999,82229.25,93824.5,95269.75,0.8
1506,9,234,11,67941.0,6031.0,67941.0,45923.3,374832458.40999997,37264.25,53748.5,58411.0,0.8
1506,11,276,13,67941.0,6031.0,61474.0,45082.3,344009164.61,37264.25,53748.5,58411.0,1.0
1507,9,184,11,85402.0,36528.0,85402.0,49871.8,166937042.56,42625.25,46205.0,52534.25,0.7
1507,11,229,13,85402.0,36528.0,54220.0,46129.5,25033727.65,42625.25,46205.0,49748.0,0.9
1510,9,175,11,60654.0,60654.0,74728.0,68010.0,21950686.0,65036.5,68752.5,71837.25,0.9
1511,9,217,11,66216.0,47297.0,66216.0,54478.0,23850647.8,52661.0,54085.5,55260.0,0.8
1511,11,248,13,66216.0,47297.0,57705.0,53490.7,9357114.61,52661.0,54085.5,55260.0,1.0
1512,9,213,11,64422.0,39919.0,64422.0,53216.2,62465659.36,45743.75,56980.0,58835.75,0.6
1512,11,247,13,64422.0,39919.0,58848.0,51068.0,43970743.4,45743.75,51388.5,57431.5,0.8
1512,13,286,15,64422.0,39919.0,58252.0,50908.8,41612730.76,45743.75,51388.5,57371.5,1.0
1513,9,193,11,101391.0,68130.0,102855.0,88090.2,154238321.36,79289.25,86421.5,101391.0,0.5
1513,11,229,13,101391.0,68130.0,101391.0,83590.1,110160406.49000001,76975.25,82062.5,87872.75,0.7
1513,13,268,15,101391.0,68130.0,89324.0,80469.2,38071426.16,76975.25,82062.5,84806.75,0.9
1514,9,223,11,94128.0,60373.0,94128.0,71166.2,92050060.35999998,63819.25,71003.0,71645.5,0.8
1514,11,260,13,94128.0,60373.0,71672.0,67808.4,18232833.84,63819.25,70503.5,71443.0,1.0
1515,9,232,11,65564.0,37896.0,65564.0,46119.4,55718453.24000001,40938.5,45005.5,47416.75,0.9
1516,9,203,11,89769.0,61077.0,89769.0,79144.5,71054083.25,78686.75,82068.5,83829.25,0.4
1516,11,248,13,89769.0,61077.0,85341.0,78121.7,58531524.60999999,78598.75,80990.0,82367.0,0.5
1516,13,278,15,89769.0,61077.0,82526.0,77380.2,51140702.95999999,78594.75,79893.0,82147.25,0.6
1516,15,330,17,89769.0,61077.0,82226.0,76505.2,46079505.760000005,76642.75,79709.0,80073.5,0.7
1516,17,364,19,89769.0,61077.0,80075.0,75503.9,39048432.489999995,76171.0,78005.5,79713.0,0.9
1517,9,181,11,69045.0,46186.0,69045.0,53412.1,38923788.089999996,49206.75,53088.5,55387.25,0.9
1518,9,209,11,94643.0,58108.0,94643.0,76552.8,142000277.35999998,66369.25,80415.0,84110.5,0.7
1518,11,236,13,94643.0,58108.0,84126.0,73426.5,100895316.65,63774.5,79183.5,80582.0,0.9
1519,9,192,11,76597.0,50111.0,76597.0,59811.8,55410070.36,55782.25,56804.5,61704.0,0.6
1519,11,235,13,76597.0,50111.0,62808.0,57391.5,12015984.65,55782.25,56804.5,60353.25,0.6
1519,13,273,15,76597.0,50111.0,61007.0,56024.1,7209323.69,55238.25,56205.5,56960.25,0.8
1520,9,191,11,71972.0,49857.0,71972.0,59729.0,43361951.2,55642.5,59031.5,60979.75,0.8
1520,11,215,13,71972.0,49857.0,61262.0,57692.8,13097479.96,55642.5,59031.5,60655.0,0.9
1521,9,215,11,47898.0,46697.0,62241.0,54525.6,43015378.440000005,47898.0,54880.0,61372.25,0.9
1522,9,203,11,75719.0,53229.0,75719.0,62131.4,39395093.44,59056.75,60596.0,65324.75,0.7
1522,11,240,13,75719.0,53229.0,66062.0,60417.3,14279364.810000002,59056.75,60596.0,63362.0,0.9
1523,9,225,11,72826.0,67698.0,78332.0,74162.7,8153145.209999999,72826.0,74215.5,76051.0,0.7
1523,11,266,13,72826.0,66591.0,76088.0,72314.0,9393613.0,70834.0,72826.0,74500.25,0.9
1524,9,215,11,92378.0,74201.0,92378.0,79583.3,25559596.41,75993.0,78284.0,80176.0,0.8
1524,11,248,13,92378.0,74201.0,81720.0,78218.9,6031520.09,75993.0,78284.0,80176.0,1.0
1525,9,182,11,83311.0,69563.0,83311.0,78071.4,21636809.639999997,74159.5,79139.5,81844.25,0.7
1525,11,213,13,83311.0,66767.0,82111.0,75456.9,24089574.89,72505.0,75756.5,79760.75,0.9
1526,9,149,11,92964.0,56191.0,92964.0,63998.4,97833703.23999998,59858.0,61088.5,62859.0,0.9
1527,9,227,11,74818.0,46852.0,74818.0,61039.2,49175180.559999995,58048.5,61580.0,64501.25,0.9
1527,11,270,13,74818.0,46852.0,64849.0,59323.2,28388242.96,57346.75,60837.5,63699.75,1.0
1528,9,216,11,70509.0,39611.0,70509.0,53272.8,69630604.96,49312.25,53216.5,56724.0,0.8
1528,11,246,13,70509.0,39611.0,57062.0,51423.0,32786682.2,49312.25,53216.5,56214.75,1.0
1529,9,187,11,78678.0,43211.0,78678.0,55880.8,77701786.16,51022.0,54305.0,58138.75,0.8
1530,9,207,11,85517.0,42096.0,85517.0,59462.1,121330836.49000001,53489.25,56950.0,62080.0,0.8
1530,11,229,13,85517.0,42096.0,63678.0,56713.4,40310112.839999996,53489.25,56950.0,62080.0,0.9
1531,9,190,11,95077.0,77421.0,95077.0,84687.6,36414270.839999996,80568.75,83609.0,86638.75,0.4
1531,11,218,13,95077.0,70476.0,86745.0,81394.3,24600766.41,78226.5,81803.0,86053.5,0.5
1532,9,184,11,72475.0,49660.0,72475.0,61187.6,53060682.839999996,56032.25,61106.5,67765.75,0.9
1534,9,174,11,112579.0,41666.0,112579.0,61899.9,329986213.29,54188.0,59041.5,61156.75,0.8
1534,11,201,13,112579.0,41666.0,63094.0,55318.3,39424647.61,51675.0,56549.5,59984.25,1.0
1535,9,214,11,87354.0,72353.0,87354.0,80690.0,20467174.0,77392.25,81217.5,82906.0,0.8
1535,11,252,13,87354.0,72353.0,86505.0,79128.3,19095392.009999998,76633.75,79448.5,82295.25,1.0
1536,9,207,11,87509.0,66530.0,92069.0,85138.7,43823108.41,85927.5,87128.0,87509.0,0.7
1536,11,244,13,87509.0,66530.0,87509.0,83566.2,39605013.16,83162.0,86610.0,87250.5,0.9
1537,9,208,11,70620.0,52745.0,76712.0,70321.1,68900814.49000001,70620.0,74783.0,75492.25,0.9
1538,9,181,11,59635.0,50962.0,59635.0,55659.0,7064330.4,54205.75,55309.0,57446.75,0.9
1539,9,213,11,97674.0,80751.0,97674.0,87109.9,30066373.29,82260.75,86227.5,90639.75,0.6
1539,11,249,13,97674.0,80751.0,91279.0,85964.9,15324245.290000001,82260.75,86227.5,89268.0,0.6
1539,13,278,15,97674.0,80751.0,89508.0,85214.4,10112257.44,82260.75,85326.0,88395.25,0.7
1540,9,212,11,138528.0,99319.0,138528.0,114184.3,86554028.80999999,111181.5,113574.0,115258.25,0.8
1541,9,235,11,82288.0,62021.0,82288.0,71458.3,57508651.80999999,63538.5,72608.5,76923.5,0.6
1541,11,281,13,82288.0,62021.0,77414.0,70476.0,40588447.4,63538.5,72608.5,76580.0,0.6
1541,13,318,15,82288.0,62021.0,76838.0,69851.1,33856681.49,63538.5,71689.5,75306.75,0.8
1542,9,148,11,73967.0,63297.0,73967.0,70149.2,10388319.36,68615.5,70892.5,72748.0,0.6
1543,9,213,11,75536.0,52235.0,75536.0,65516.9,37340929.29,64357.25,67029.5,68203.5,0.9
1544,9,203,11,85031.0,48856.0,85031.0,61291.6,97617245.64,52835.0,62954.0,64575.5,0.7
1544,11,238,13,85031.0,48856.0,65093.0,59231.8,38005397.760000005,52835.0,62954.0,64359.5,0.8
1545,9,225,11,66552.0,66552.0,77771.0,71241.8,13431373.36,68926.5,70602.0,73245.5,0.9
1546,9,188,11,70262.0,43513.0,70262.0,59853.1,43602945.69,58540.5,60112.5,63459.0,0.9
1547,9,201,11,78119.0,43808.0,78119.0,60024.5,117124894.05,52486.5,58245.5,65518.0,0.8
1547,11,233,13,78119.0,43808.0,66843.0,56395.4,40225652.239999995,52486.5,58062.5,59972.25,1.0
1548,9,228,11,105867.0,79800.0,105867.0,88012.4,45851647.04,84211.25,87478.0,88683.75,0.8
1549,9,210,11,67266.0,47364.0,67266.0,56793.8,26272019.76,53302.25,57812.0,59202.0,0.6
1550,9,224,11,66627.0,38316.0,66627.0,53638.9,52797776.89,49695.0,55438.5,57240.75,0.9
1552,9,219,11,77048.0,54004.0,77048.0,62863.4,30009425.440000005,61249.0,62263.0,63686.5,0.9
1554,9,212,11,93703.0,69336.0,93703.0,76372.1,60984374.89000001,70251.5,73713.0,77978.5,0.5
1554,11,259,13,93703.0,68626.0,78457.0,72378.3,9586668.809999999,69926.5,71704.5,73777.0,0.7
1554,13,301,15,93703.0,64285.0,73841.0,69742.1,10198280.89,68803.5,69993.0,72242.75,0.9
1556,9,176,11,65052.0,54068.0,69692.0,64412.3,17600678.41,64111.5,65133.5,66622.5,0.9
1557,9,182,11,62595.0,49928.0,62595.0,55777.8,19335637.759999998,52117.75,54213.0,59609.0,0.6
1557,11,209,13,62595.0,49928.0,59675.0,54558.4,10389164.84,52117.75,53438.5,56971.25,0.8
1559,9,205,11,74131.0,51745.0,74131.0,64697.6,27333570.839999996,63972.25,65259.0,66021.25,0.9
1560,9,186,11,90811.0,52521.0,90811.0,65621.5,98039553.45,59005.0,65634.5,67542.0,0.7
1560,11,229,13,90811.0,52521.0,67565.0,61857.5,25501817.85,57524.0,63622.0,65924.0,0.9
1561,9,188,11,64247.0,39504.0,64247.0,51261.8,57613217.96,44424.5,51944.0,57217.0,0.7
1561,11,222,13,64247.0,39504.0,58789.0,49425.8,31115162.76,44424.5,51944.0,52498.5,0.9
1562,9,218,11,67718.0,64953.0,78434.0,70996.4,19834291.04,67892.5,68772.0,74232.0,0.7
1563,9,221,11,95929.0,55950.0,95929.0,74483.1,112195610.89000002,71387.25,76920.5,77907.0,0.9
1563,11,263,13,95929.0,55950.0,78626.0,72510.4,62606864.64,71387.25,76174.0,77705.5,1.0
1564,9,203,11,86743.0,58334.0,86743.0,70902.0,53920915.4,66937.0,68689.0,75185.5,0.6
1564,11,241,13,86743.0,58334.0,76030.0,67309.7,23501014.410000004,66733.5,67147.0,69374.5,0.8
1564,13,272,15,86743.0,58334.0,70060.0,66311.1,12931700.89,66733.5,67147.0,68446.0,1.0
1565,9,142,11,98434.0,39826.0,98434.0,62705.2,270007700.36,56548.5,60053.0,67758.75,0.6
1565,11,170,13,98434.0,39826.0,68697.0,57319.0,82238417.2,56548.5,60053.0,62813.75,0.8
1565,13,203,15,98434.0,39826.0,64084.0,56718.1,71573952.09,56548.5,60053.0,62813.75,0.9
1566,9,195,11,72496.0,69544.0,77855.0,73643.8,6183811.159999999,72496.0,74207.0,74772.0,0.7
1567,9,201,11,58061.0,57041.0,66388.0,61466.0,9298637.2,58606.75,61071.5,64123.0,0.9
1569,9,178,11,89807.0,74736.0,89807.0,82927.2,22309753.56,81528.75,83204.0,84686.25,0.6
1569,11,198,13,89807.0,74736.0,85071.0,81902.4,12439884.440000001,81528.75,83204.0,84467.5,0.7
1570,9,209,11,60091.0,47770.0,60091.0,54069.4,10315513.64,52915.5,54076.0,55559.25,0.9
1571,9,236,11,79567.0,68903.0,79751.0,75685.9,14330929.89,73144.75,76510.5,79367.0,0.8
1572,9,196,11,73021.0,52789.0,81322.0,73092.2,57206888.760000005,72504.25,73472.5,76539.5,0.7
1572,11,240,13,73021.0,52789.0,79519.0,71931.9,46942479.69,71628.5,73021.0,75155.5,0.9
1574,9,203,11,73995.0,43158.0,73995.0,58572.2,60236251.15999999,55454.5,58911.0,60826.75,0.8
1574,11,235,13,73995.0,43158.0,63811.0,57073.4,32264368.439999998,55454.5,58911.0,60826.75,1.0
1576,9,164,11,106457.0,44036.0,106457.0,70880.2,543005350.5600001,53535.75,61873.0,93868.25,0.6
1576,11,185,13,106457.0,44036.0,100734.0,61536.8,234222847.15999994,53535.75,58522.0,63254.75,0.8
1576,13,194,15,106457.0,44036.0,63723.0,55289.2,34456195.56,53535.75,55764.5,59272.5,1.0
1577,9,195,11,64082.0,55504.0,64082.0,59824.1,6733201.090000001,58562.0,59189.0,60926.5,0.8
1577,11,231,13,64082.0,55504.0,63005.0,59482.5,4370598.25,58562.0,59189.0,60926.5,1.0
1578,9,195,11,49007.0,37110.0,52333.0,45751.1,26587803.290000003,42281.75,46126.5,50295.5,0.7
1578,11,219,13,49007.0,37110.0,50725.0,44197.2,16999583.160000004,42281.75,43369.5,47981.0,0.9
1579,9,230,11,102930.0,68440.0,102930.0,89433.3,118070295.80999999,86603.0,91802.5,95637.5,0.6
1579,11,258,13,102930.0,68440.0,96169.0,87824.8,86916577.16,86603.0,91802.5,94015.25,0.7
1580,9,195,11,79696.0,52166.0,79696.0,69748.2,47848388.760000005,68582.75,70622.0,73283.25,0.9
1581,9,222,11,83385.0,67911.0,83385.0,77904.4,34813134.04,73347.25,80239.0,82908.0,0.6
1583,9,209,11,74403.0,55545.0,75234.0,67597.9,42141990.089999996,62916.0,67659.0,74213.25,0.6
1583,11,252,13,74403.0,55545.0,74403.0,66659.0,32097331.4,62916.0,67659.0,70292.0,0.8
1583,13,287,15,74403.0,55545.0,70755.0,65475.8,21642874.76,62916.0,65596.5,69737.25,0.9
1584,9,185,11,71908.0,43414.0,71908.0,55294.6,76034071.23999998,48730.25,54010.5,61058.5,0.8
1584,11,215,13,71908.0,43414.0,63077.0,54248.0,50814771.4,48730.25,54010.5,61058.5,0.9
1585,9,218,11,70286.0,47846.0,70286.0,63724.8,39261726.96,62546.75,64347.5,68443.5,1.0
1588,9,229,11,73799.0,73799.0,99476.0,89773.2,110289584.96,78762.75,95700.0,98303.5,0.5
1588,11,266,13,73799.0,73799.0,98730.0,87034.9,95403172.49000001,76350.25,90334.0,95799.0,0.7
1589,9,212,11,60415.0,51517.0,60415.0,54822.2,6003131.5600000005,52776.0,54914.5,55762.75,0.7
1589,11,243,13,60415.0,51517.0,55906.0,54052.2,1909093.7600000002,52776.0,54643.5,55104.5,0.9
1590,9,169,11,62442.0,61153.0,78775.0,70444.9,45673443.29000001,63561.75,69842.0,77813.0,0.9
1591,9,184,11,79520.0,51958.0,79520.0,62998.8,75005610.35999998,58362.25,61563.0,63867.25,0.8
1591,11,217,13,79520.0,51958.0,65169.0,60248.8,20162656.96,58362.25,61563.0,63867.25,1.0
1592,9,190,11,113818.0,66923.0,113818.0,84810.0,187516535.8,76543.0,81961.5,86118.5,0.5
1592,11,205,13,113818.0,66923.0,86213.0,76630.0,48914183.4,70718.0,76852.0,83013.25,0.7
1592,13,231,15,113818.0,66923.0,84065.0,75666.3,34864130.410000004,70718.0,76852.0,79879.0,0.9
1593,9,166,11,77889.0,55594.0,77889.0,69522.6,48807277.04,63979.25,72248.5,74111.5,0.9
1594,9,130,11,96334.0,58997.0,96334.0,67274.5,99649827.85,62715.25,64960.5,66225.75,0.9
1595,9,210,11,74383.0,46511.0,74383.0,58159.1,50313553.089999996,53920.25,58948.0,60898.5,0.7
1596,9,247,11,62848.0,37012.0,62848.0,49986.5,42225210.85,47603.0,49427.5,53012.5,0.7
1596,11,287,13,62848.0,37012.0,53164.0,48212.8,19791828.96,47603.0,49427.5,50433.75,0.9
1597,9,196,11,94018.0,70121.0,94018.0,80329.2,46491627.96000001,77141.5,80444.5,82548.0,0.8
1597,11,222,13,94018.0,70121.0,87295.0,79545.7,30468495.01,77141.5,80444.5,82548.0,0.8
1598,9,191,11,136529.0,79353.0,136529.0,96991.2,258410847.95999995,84817.5,95823.5,97187.0,0.8
1598,11,223,13,136529.0,79353.0,100349.0,91878.6,50356027.44,84817.5,95823.5,97187.0,0.9
1599,9,216,11,90444.0,87817.0,91725.0,90272.9,1363963.6900000002,89944.5,90659.0,91044.5,0.4
1600,9,181,11,105895.0,43274.0,105895.0,80069.1,316936132.48999995,72037.75,77848.5,95226.5,0.7
1600,11,215,13,105895.0,43274.0,99763.0,75941.0,188256503.4,72037.75,77848.5,82244.75,0.7
1600,13,235,15,105895.0,43274.0,82454.0,72893.5,117072668.65,72037.75,74746.5,80072.5,0.9
1602,9,196,11,119307.0,62807.0,119307.0,87512.0,232529337.8,79414.5,85864.0,90040.25,0.7
1602,11,247,13,119307.0,62807.0,93290.0,83252.7,77763307.21000001,79414.5,85864.0,90040.25,0.7
1602,13,293,15,119307.0,62807.0,90830.0,80325.0,60261896.8,76629.75,80759.5,86593.5,0.9
1603,9,104,11,29909.0,25226.0,29909.0,26979.4,1881106.2399999998,25775.75,26873.5,27728.5,0.9
1605,9,175,11,92485.0,72992.0,94901.0,84922.0,60446216.6,78618.5,85554.0,92398.0,0.6
1606,9,202,11,108965.0,71082.0,108965.0,85231.0,107227872.0,77818.25,85902.5,89941.0,0.9
1607,9,142,11,93249.0,60745.0,93249.0,71945.2,70643638.96,66826.25,70385.0,74167.25,0.9
1608,9,224,11,111475.0,80969.0,111475.0,92702.6,152686067.04,85269.0,85579.0,105152.75,0.7
1608,11,265,13,111475.0,80969.0,111404.0,88584.7,65964810.81000002,85269.0,85579.0,89366.75,0.8
1609,9,195,11,93350.0,59947.0,93350.0,67961.6,76933709.24,64185.75,66514.5,67064.0,0.8
1609,11,230,13,93350.0,57274.0,67163.0,63559.0,10684780.4,60777.25,64257.5,66567.25,1.0
1611,9,183,11,125412.0,67157.0,125412.0,90047.1,351576728.89,77639.75,89344.5,90213.5,0.8
1611,11,210,13,125412.0,67157.0,92587.0,83765.5,85304051.05,77639.75,89344.5,90213.5,1.0
1613,9,211,11,103122.0,101513.0,109594.0,105457.3,5633447.01,103356.25,105611.5,107118.0,0.2
1613,11,254,13,103122.0,97599.0,107168.0,103372.0,9438032.8,101915.25,103590.5,105681.25,0.4
1613,13,291,15,103122.0,96966.0,105751.0,102141.7,9517497.61,99587.75,103122.0,104665.0,0.5
1613,15,326,17,103122.0,96964.0,104906.0,101206.4,9675910.239999998,97935.75,102317.5,103824.75,0.6
1614,9,171,11,109624.0,96367.0,109624.0,103099.5,14337982.05,102141.0,103742.0,105200.75,0.8
1616,9,180,11,106042.0,69685.0,106042.0,77190.7,99751251.81,73242.5,73896.0,76976.5,0.9
1617,9,181,11,91401.0,77443.0,91401.0,84018.1,23620195.09,79299.75,84439.0,88178.5,0.8
1617,11,214,13,91401.0,77443.0,89367.0,83637.2,19010920.16,79299.75,84439.0,87783.25,0.9
1618,9,196,11,82764.0,54852.0,82764.0,63713.7,61562728.010000005,56955.0,65069.0,66130.25,0.9
1619,9,180,11,100259.0,64571.0,100259.0,83710.1,116039028.09000003,81263.75,83639.0,90456.0,0.5
1619,11,201,13,100259.0,64571.0,91633.0,79041.2,66813044.16000001,74631.25,81608.5,84100.0,0.7
1619,13,236,15,100259.0,64571.0,84561.0,77253.8,44761741.36,74631.25,78734.5,82612.25,0.9
1620,9,212,11,100716.0,42785.0,100716.0,71590.7,172280151.41,70734.0,71649.5,73161.75,0.7
1620,11,248,13,100716.0,42785.0,73260.0,67135.7,73979758.01,66495.75,70802.0,71756.75,0.9
1621,9,194,11,93712.0,76951.0,93712.0,84733.3,19939945.610000003,81545.25,84418.5,87752.75,0.9
1622,9,227,11,73908.0,48649.0,73908.0,60604.1,44696172.29,55396.75,62195.0,64269.5,0.4
1622,11,265,13,73908.0,44129.0,64366.0,55688.9,52556242.089999996,50257.5,55600.5,62479.5,0.6
1622,13,302,15,73908.0,44129.0,62764.0,53652.7,34709308.41000001,49785.75,54935.5,55804.25,0.8
1622,15,334,17,73908.0,44129.0,56967.0,52467.6,20112746.04,49785.75,54935.5,55477.25,1.0
1623,9,196,11,59786.0,47254.0,59786.0,54169.1,19688996.890000004,50113.75,54307.5,58513.5,0.8
1624,9,221,11,103158.0,78577.0,109295.0,100604.2,66333296.160000004,101705.25,103158.0,103843.75,0.4
1625,9,226,11,70597.0,52368.0,70597.0,63090.1,39586298.690000005,57237.0,65605.5,67934.0,0.8
1626,9,148,11,54825.0,38555.0,54825.0,45078.5,27310004.85,40711.75,43558.5,49482.75,0.9
1627,9,200,11,85523.0,71012.0,85523.0,78900.9,21830181.290000003,74387.75,80969.5,82321.75,0.7
1629,9,181,11,123875.0,61677.0,123875.0,77643.1,262103637.09000006,70017.0,73287.5,78278.0,0.9
1630,9,224,11,77408.0,52453.0,77408.0,67843.5,42708177.85,66311.0,68483.0,71915.25,0.9
1631,9,219,11,80897.0,46532.0,80897.0,60192.8,86595559.56,52439.75,60914.0,64367.25,0.9
1633,9,182,11,57737.0,45056.0,57737.0,49673.4,12101030.440000001,47554.25,49583.5,50983.0,0.9
1635,9,215,11,75220.0,58192.0,75220.0,64655.1,28016820.089999996,59903.75,64958.0,67921.75,0.7
1635,11,243,13,75220.0,58192.0,68771.0,63523.4,15630929.439999998,59903.75,63206.0,67410.0,0.8
1635,13,277,15,75220.0,58192.0,67411.0,62735.0,10381510.0,59903.75,63206.0,64671.25,1.0
1636,9,215,11,80973.0,62179.0,80973.0,68049.8,28621611.76,63953.0,67257.5,69841.25,0.8
1636,11,233,13,80973.0,62179.0,71253.0,66433.1,8799032.89,63953.0,66632.5,68793.0,0.9
1637,9,224,11,60016.0,36533.0,60016.0,44642.0,32543714.6,42598.25,43843.5,45100.0,0.9
1638,9,211,11,89649.0,50370.0,89649.0,64121.6,89105622.24,60948.25,63112.0,64427.5,0.9
1639,9,184,11,89691.0,55158.0,89691.0,72714.3,103932015.41000001,65930.75,77055.0,78652.0,0.6
1639,11,205,13,89691.0,55158.0,78703.0,68385.6,73790354.84,61391.0,67296.0,77189.0,0.8
1640,9,196,11,81651.0,65027.0,81651.0,75130.7,35695930.410000004,69225.25,78853.5,79736.0,0.7
1640,11,240,13,81651.0,65027.0,79876.0,74436.7,30980478.009999998,69225.25,76572.5,79498.75,0.8
1641,9,215,11,72449.0,47144.0,72449.0,65828.5,51300095.45,64342.75,67616.5,71015.0,0.7
1642,9,198,11,84394.0,73773.0,84394.0,79945.4,12585220.040000001,79164.0,79988.5,82589.5,0.6
1642,11,238,13,84394.0,73773.0,83026.0,78077.3,9937969.610000001,74919.25,79329.0,79991.75,0.8
1643,9,192,11,47340.0,32738.0,47340.0,37158.9,14838265.489999998,35044.5,36511.5,37058.0,0.9
1644,9,118,11,37960.0,29932.0,37960.0,34017.3,7410921.409999999,31471.75,35150.5,35503.0,0.8
1644,11,140,13,37960.0,29932.0,36659.0,33867.4,6425031.64,31471.75,35150.5,35503.0,0.9
1645,9,224,11,80954.0,64194.0,80954.0,73258.2,34056691.76,67432.0,75085.0,76808.25,0.4
1645,11,268,13,80954.0,62651.0,77009.0,70021.8,27040185.559999995,65910.25,68980.5,75374.5,0.6
1645,13,305,15,80954.0,62651.0,75664.0,69282.3,19509008.01,65910.25,68980.5,73169.5,0.8
1645,15,340,17,80954.0,62651.0,74417.0,69052.8,17035185.559999995,65910.25,68980.5,73169.5,1.0
1646,9,200,11,37348.0,29071.0,37348.0,32398.7,4317237.01,31262.0,32224.5,32967.0,0.9
1647,9,150,11,79764.0,48461.0,79764.0,65052.6,71995799.24000001,59260.0,66855.0,70443.75,0.9
1648,9,239,11,87352.0,68263.0,87352.0,79602.2,40196422.36,73653.75,82048.5,84672.5,0.7
1649,9,208,11,84710.0,73243.0,84710.0,78365.8,9907246.96,76236.75,77845.5,80146.5,0.6
1649,11,263,13,84710.0,73243.0,80519.0,77031.7,3669103.8099999996,75943.25,77112.5,77917.75,0.8
1650,9,153,11,112246.0,88819.0,112246.0,95727.1,42366266.089999996,91616.0,94816.0,97874.0,0.8
1651,9,173,11,83669.0,52180.0,84344.0,73005.0,91056024.8,68151.5,72914.0,82152.5,0.6
1651,11,223,13,83669.0,52180.0,83669.0,71137.5,63925347.85,68151.5,72914.0,74870.5,0.8
1651,13,255,15,83669.0,52180.0,75072.0,68922.8,41178694.559999995,66969.0,71179.5,72993.5,1.0
1652,9,217,11,69167.0,52983.0,69167.0,57677.5,21031026.45,54959.75,55393.0,59557.5,0.8
1652,11,247,13,69167.0,52983.0,60949.0,56639.1,6847678.6899999995,54959.75,55393.0,59114.75,1.0
1653,9,188,11,94367.0,54780.0,94367.0,71736.8,112349268.75999999,67693.0,69723.0,71838.5,0.8
1653,11,209,13,94367.0,54780.0,75323.0,68677.3,32855590.01,67693.0,69723.0,71838.5,1.0
1654,9,179,11,76113.0,52151.0,76113.0,64926.2,31879408.560000002,64267.5,66111.5,66484.0,0.7
1656,9,200,11,71556.0,56985.0,71556.0,66861.6,14671516.839999998,66317.5,67857.5,68929.0,0.6
1657,9,184,11,108658.0,87341.0,108658.0,97444.6,52119587.03999999,91893.0,96376.0,102037.25,0.5
1657,11,221,13,108658.0,87341.0,102924.0,96198.5,30399902.85,91893.0,96376.0,101457.5,0.5
1658,9,230,11,109267.0,82503.0,109267.0,91556.5,55177585.25,85765.75,92342.0,94294.25,0.9
1659,9,202,11,78802.0,66998.0,78802.0,74140.1,11807643.889999999,72654.25,74550.0,76432.25,0.7
1659,11,244,13,78802.0,61913.0,77107.0,72319.5,20314995.45,70848.5,73911.0,75025.75,0.8
1660,9,162,11,127916.0,56166.0,127916.0,100538.0,460760002.2,96775.0,104726.5,115223.5,0.7
1660,11,175,13,127916.0,56166.0,118334.0,99272.9,404295994.89,96775.0,104726.5,115223.5,0.7
1661,9,182,11,67455.0,50681.0,67455.0,59268.6,41282409.04000001,52856.0,60058.5,64617.75,0.7
1661,11,221,13,67455.0,50681.0,64619.0,57361.7,24702653.21,52856.0,57474.0,61450.0,0.9
1663,9,193,11,100613.0,74029.0,100613.0,84049.1,49639633.089999996,78551.25,84351.0,87221.75,0.9
1664,9,239,11,106772.0,46440.0,106772.0,72038.8,342498545.15999997,55453.5,72646.0,84310.25,0.5
1664,11,264,13,106772.0,46440.0,85902.0,66101.4,146869349.44,55453.5,69810.5,72726.5,0.7
1664,13,292,15,106772.0,46440.0,74533.0,64274.9,97663919.48999998,55453.5,69810.5,72600.5,0.8
1665,9,191,11,131132.0,72219.0,131132.0,96663.9,280295307.69,85747.75,100208.5,104823.75,0.7
1665,11,226,13,131132.0,72219.0,105547.0,93153.9,144777289.29000002,85747.75,98850.5,102512.25,0.9
1666,9,241,11,71394.0,60976.0,80573.0,72640.8,39384883.36,69450.75,72225.5,78679.25,0.3
1666,11,274,13,71394.0,60976.0,78840.0,70029.2,29675516.959999997,66345.75,70098.5,72641.25,0.5
1666,13,299,15,71394.0,60976.0,73057.0,68019.5,11701028.45,66345.75,68470.0,70746.25,0.7
1666,15,339,17,71394.0,60976.0,71394.0,67503.1,8296845.49,66345.75,68470.0,69254.5,0.9
1667,9,222,11,64070.0,51606.0,72148.0,65490.0,28346438.8,64139.25,65888.5,68247.25,0.8
1668,9,230,11,105237.0,63232.0,105237.0,76818.0,127001645.8,68513.75,76370.0,80715.0,0.7
1669,9,176,11,149310.0,86296.0,149310.0,117058.7,219902368.20999998,113635.75,117494.5,120960.5,0.7
1669,11,212,13,149310.0,86296.0,123931.0,114506.3,113898643.80999999,113635.75,117494.5,120960.5,0.7
1670,9,223,11,131381.0,90203.0,131381.0,104995.3,102935094.81,100382.25,105043.5,106115.25,0.6
1670,11,260,13,131381.0,90203.0,108098.0,102218.5,25795035.45,100382.25,104231.0,105739.0,0.7
1671,9,201,11,62771.0,62771.0,73997.0,69308.3,13888470.01,68210.75,70332.0,71592.75,0.6
1672,9,220,11,67032.0,51151.0,68025.0,63476.5,30403050.05,59504.75,66872.5,67683.75,0.6
1673,9,226,11,60708.0,49505.0,60708.0,57088.2,12062423.56,55481.25,58840.5,59620.0,0.9
1674,9,221,11,61405.0,60923.0,66326.0,63052.1,3638004.4899999998,61405.0,62443.0,64475.0,0.5
1674,11,265,13,61405.0,52596.0,64595.0,61383.7,10003160.809999999,61199.5,61659.0,62925.0,0.7
1675,9,186,11,97203.0,65202.0,97203.0,81801.7,53130910.21,80778.75,81532.0,83357.75,0.9
1678,9,189,11,79042.0,52470.0,79042.0,65581.0,85755189.4,56750.75,66484.5,73016.75,0.9
1679,9,197,11,70257.0,51907.0,70257.0,62203.3,49282059.61,54595.75,65234.0,67810.5,0.8
1679,11,233,13,70257.0,51907.0,69993.0,62073.5,47288356.25,54595.75,65234.0,67810.5,0.9
1680,9,230,11,74678.0,62409.0,83376.0,76704.8,38452820.36,74678.0,77137.0,82307.25,0.9
1682,9,243,11,94263.0,73094.0,97045.0,88432.5,62703401.25,82591.5,91004.5,95408.25,0.5
1682,11,282,13,94263.0,73094.0,95790.0,86872.1,47556374.29000001,82591.5,87790.0,93048.5,0.7
1682,13,298,15,94263.0,73094.0,94263.0,84673.5,41299592.05,79777.0,86650.0,89012.25,0.9
1683,9,172,11,163789.0,82457.0,163789.0,108132.5,672248089.05,90735.25,93537.5,120526.75,0.6
1683,11,204,13,163789.0,82457.0,122045.0,97062.9,143851800.48999998,90735.25,93537.5,98455.25,0.8
1683,13,241,15,163789.0,82457.0,105451.0,93668.6,41444003.04000001,90735.25,93537.5,98075.0,0.9
1684,9,202,11,75907.0,45829.0,81420.0,69103.9,100923326.89000002,63250.75,73015.5,75813.75,0.8
1686,9,207,11,75590.0,59351.0,75590.0,67131.8,17308192.16,66176.25,67745.0,68540.25,0.7
1686,11,248,13,75590.0,58513.0,68670.0,64418.5,15320452.85,60113.25,66346.5,67900.0,0.9
1688,9,209,11,86154.0,58828.0,86154.0,67957.9,52320051.690000005,63899.75,67276.0,68801.25,0.8
1688,11,252,13,86154.0,58828.0,70792.0,66067.8,13759409.36,63899.75,67276.0,68801.25,0.9
1689,9,226,11,112936.0,61137.0,112936.0,85489.4,243376359.44,75565.75,86863.0,96843.5,0.7
1689,11,264,13,112936.0,61137.0,97274.0,83135.1,160509856.29,75565.75,86863.0,94715.0,0.9
1690,9,135,11,75314.0,46915.0,75314.0,60269.2,64169806.35999999,53845.25,60802.0,65242.75,0.8
1690,11,160,13,75314.0,46915.0,66480.0,59270.9,42917634.089999996,53845.25,60802.0,65242.75,1.0
1692,9,203,11,82062.0,60919.0,89113.0,79732.8,75092959.96000001,76811.25,82463.5,85478.25,0.9
1695,9,187,11,74014.0,47354.0,74014.0,62126.5,54806144.05,58852.25,60276.5,68462.5,0.9
1696,9,197,11,128568.0,49766.0,128568.0,79832.3,440509028.81000006,67760.5,74233.5,88862.25,0.3
1696,11,238,13,128568.0,49766.0,90933.0,70358.3,117544622.81000002,65138.5,69729.5,74945.75,0.5
1696,13,274,15,128568.0,49766.0,75658.0,66662.1,47290998.89,65138.5,67721.5,71210.75,0.7
1696,15,300,17,128568.0,49766.0,72103.0,65755.2,36467656.76,65138.5,67721.5,69139.25,0.9
1697,9,230,11,78027.0,59396.0,82139.0,76135.3,43302466.60999999,74767.5,78027.0,80701.0,0.6
1698,9,166,11,93422.0,66382.0,93422.0,81337.7,60189006.410000004,76466.75,83579.0,86196.75,0.8
1698,11,200,13,93422.0,66382.0,87144.0,80520.6,46296003.44,76466.75,83579.0,85346.25,1.0
1700,9,193,11,94489.0,57243.0,94489.0,73024.0,140494106.6,62883.25,73879.0,76158.5,0.8
1700,11,211,13,94489.0,57243.0,76825.0,69731.0,53132774.4,62883.25,73879.0,75826.25,0.9
1703,9,228,11,97896.0,67119.0,97896.0,76015.7,63036557.610000014,73201.0,74176.0,76430.25,0.6
1704,9,228,11,93406.0,76703.0,93406.0,86044.2,27460418.759999998,85197.25,87282.0,87622.25,0.8
1704,11,268,13,93406.0,76703.0,87640.0,83503.1,19085402.89,79158.25,85536.5,87374.0,1.0
1705,9,179,11,86903.0,76062.0,99513.0,87679.5,58628837.45,82817.0,86903.0,94694.0,0.7
1705,11,195,13,86903.0,76062.0,96652.0,84745.5,31239802.85,81391.0,85437.0,86903.0,0.9
1706,9,206,11,91242.0,62162.0,91242.0,74081.6,69006376.64000002,67724.0,75219.5,78020.0,0.5
1707,9,142,11,139047.0,112199.0,139047.0,120605.1,59015806.489999995,115102.5,118790.0,124069.5,0.8
1709,9,218,11,98817.0,92960.0,101609.0,97838.0,6575415.8,97681.5,98439.0,99172.5,0.7
1709,11,242,13,98817.0,88478.0,99291.0,96153.1,10899210.49,94143.75,97719.0,98628.0,0.9
1710,9,205,11,81047.0,52134.0,81047.0,65554.5,58129473.45,63409.25,65811.5,68988.25,0.8
1711,9,183,11,68608.0,48542.0,68608.0,61240.5,32661437.05,58165.5,62386.0,65513.75,0.9
1712,9,210,11,73073.0,56188.0,73073.0,63924.3,32092783.609999996,59404.0,63364.0,67260.0,0.8
1712,11,244,13,73073.0,56188.0,72619.0,63652.9,27789790.889999997,59404.0,63364.0,67260.0,0.8
1713,9,173,11,57860.0,50905.0,57860.0,54256.3,6316968.21,51809.25,54413.0,56062.0,0.9
1714,9,207,11,89768.0,68610.0,89828.0,83000.7,47507729.81,77696.0,84778.0,89384.75,0.4
1715,9,212,11,96985.0,67942.0,96985.0,75897.9,67007386.489999995,69722.75,74174.5,77996.25,0.8
1715,11,248,13,96985.0,67942.0,78254.0,72902.4,11283438.639999999,69722.75,73458.0,74930.0,1.0
1716,9,184,11,71659.0,55174.0,76375.0,68908.8,36783255.95999999,66335.25,70817.0,72652.75,0.5
1716,11,217,13,71659.0,55174.0,72984.0,67749.3,27013908.410000004,66212.0,69414.0,71529.75,0.6
1718,9,155,11,67080.0,32413.0,67080.0,46562.1,116184210.89000002,38089.25,44532.5,51034.75,0.8
1718,11,173,13,67080.0,32413.0,51826.0,43747.7,43564531.61,38089.25,44532.5,50086.0,1.0
1719,9,237,11,90719.0,73023.0,90719.0,82269.5,26181481.85,81985.0,83109.0,84500.25,0.8
1720,9,233,11,92212.0,57104.0,92212.0,71881.9,97096451.68999998,65010.25,71931.0,74128.5,0.8
1720,11,263,13,92212.0,57104.0,77494.0,69488.2,39609760.160000004,65010.25,71931.0,74128.5,1.0
1721,9,218,11,110639.0,71985.0,110639.0,90802.9,106027248.69,83980.75,92594.0,95071.5,0.7
1721,11,246,13,110639.0,71985.0,95521.0,88658.2,58931124.760000005,83980.75,91632.0,94275.5,0.8
1722,9,213,11,119252.0,76523.0,119252.0,97131.5,156988671.65,89897.5,95552.5,99970.25,0.5
1722,11,256,13,119252.0,76523.0,100400.0,91333.8,44612275.760000005,88274.75,91396.5,96998.75,0.7
1722,13,285,15,119252.0,76523.0,98445.0,90456.8,33667168.36,88274.75,91396.5,93321.5,0.9
1724,9,197,11,100373.0,52254.0,100373.0,82263.9,158066845.08999997,82184.75,85161.0,88952.25,0.9
1724,11,231,13,100373.0,52254.0,89268.0,79625.5,125159137.25,76036.75,82773.5,88201.75,1.0
1727,9,204,11,56187.0,50157.0,60175.0,54853.3,8042818.210000001,52766.5,55171.0,56198.25,0.8
1728,9,180,11,112246.0,87799.0,112246.0,94099.0,48697086.8,89684.5,91712.0,95943.75,0.8
1729,9,224,11,57137.0,57137.0,67307.0,62335.4,12073357.44,59160.25,63828.5,64669.25,0.7
1730,9,217,11,80747.0,56390.0,80747.0,67247.2,47846022.760000005,62286.5,69107.0,70460.75,0.9
1731,9,148,11,65589.0,33450.0,65589.0,41031.8,93718094.36,35895.75,36326.5,39524.0,0.8
1731,11,160,13,65589.0,33450.0,40712.0,37262.7,5417971.8100000005,35895.75,36326.5,39524.0,1.0
1732,9,209,11,86609.0,80835.0,91451.0,86657.9,8566797.09,85525.25,86980.0,87724.5,0.6
1732,11,253,13,86609.0,80835.0,89299.0,86355.5,6347410.85,85525.25,86980.0,87724.5,0.6
1732,13,286,15,86609.0,75591.0,87819.0,84701.8,13496329.960000003,83674.5,86515.0,87165.5,0.8
1733,9,188,11,132137.0,91178.0,132137.0,109669.5,127585325.05,102646.5,112418.0,114567.0,0.6
1734,9,235,11,116644.0,59102.0,116644.0,74204.7,274683857.40999997,61831.25,70686.0,74754.5,0.8
1734,11,268,13,116644.0,59102.0,75052.0,67346.4,39335590.839999996,60937.75,66737.0,73865.5,0.9
1735,9,156,11,132177.0,96070.0,132177.0,121075.5,131006298.45,119448.75,124389.0,129029.5,0.5
1735,11,206,13,132177.0,96070.0,129230.0,120364.8,117785660.76000002,119448.75,124389.0,128239.5,0.5
1736,9,224,11,108486.0,77663.0,108486.0,93062.4,78242328.44,88390.0,92723.5,99821.5,0.8
1736,11,258,13,108486.0,77663.0,101928.0,91793.6,53372628.04,88390.0,92723.5,95953.75,0.9
1737,9,134,11,128778.0,49087.0,128778.0,86885.0,829570276.4,65835.75,81332.5,115461.5,0.7
1737,11,150,13,128778.0,49087.0,125977.0,78105.0,402289567.6,65835.75,81332.5,84499.25,0.9
1738,9,191,11,70371.0,70371.0,81875.0,76198.6,18932884.24,72220.0,76426.5,80154.75,0.5
1739,9,161,11,96731.0,65529.0,96731.0,73341.6,76515613.64000002,67827.25,71194.5,75499.5,0.9
1740,9,171,11,69949.0,52373.0,69949.0,62543.4,24836755.84,59823.25,62753.0,65738.75,0.7
1740,11,195,13,69949.0,52373.0,66404.0,61534.9,15243826.09,59823.25,62753.0,63770.75,0.9
1741,9,168,11,72576.0,64107.0,72576.0,68098.5,6487768.05,67113.5,67537.0,68522.75,0.7
1742,9,144,11,36312.0,23813.0,36312.0,29812.7,12813235.61,27019.0,29865.5,32046.5,0.9
1742,11,162,13,36312.0,23813.0,33682.0,29126.0,8131109.0,27019.0,29226.0,31323.25,1.0
1743,9,184,11,90017.0,62615.0,90017.0,74516.4,60453025.64000001,71472.25,73533.0,77476.0,0.5
1743,11,222,13,90017.0,62615.0,77574.0,72221.2,23901042.359999996,71472.25,73533.0,75314.25,0.5
1743,13,255,15,90017.0,62615.0,75547.0,69585.8,24583742.56,64086.25,71893.5,73904.0,0.7
1743,15,286,17,90017.0,62615.0,74275.0,68799.6,19024818.84,64086.25,70197.0,72777.25,0.9
1744,9,215,11,89618.0,73064.0,89618.0,80351.0,19213135.0,77124.25,80978.0,82114.5,0.9
1745,9,180,11,80183.0,54204.0,81176.0,67987.3,82235520.41,63457.75,65772.0,77126.5,0.7
1745,11,199,13,80183.0,54204.0,80183.0,65943.9,47035370.489999995,63457.75,65772.0,69613.0,0.9
1746,9,189,11,75920.0,42657.0,75920.0,66562.9,118792926.69000001,58784.0,72199.5,75407.25,0.9
1747,9,206,11,78151.0,69091.0,78151.0,74579.2,9283700.16,71887.25,75286.0,77126.0,0.6
1747,11,234,13,78151.0,69091.0,78050.0,73909.2,8404288.36,71519.0,73665.5,76605.0,0.7
1747,13,255,15,78151.0,61484.0,76718.0,70987.0,21119798.8,69646.75,71530.0,73985.75,0.9
1748,9,196,11,66670.0,54142.0,66670.0,61680.5,16837150.05,58929.75,62520.5,64753.25,0.6
1748,11,234,13,66670.0,54142.0,65068.0,60745.4,11152561.64,58915.5,61834.5,62783.5,0.8
1748,13,257,15,66670.0,54142.0,62858.0,60162.4,8402129.440000001,58720.25,61159.5,62540.25,1.0
1750,9,236,11,87401.0,64571.0,87401.0,73016.7,39613751.20999999,68807.0,72817.5,75884.0,0.9
1752,9,138,11,142627.0,78643.0,142627.0,101816.1,258753762.49,93607.0,99176.0,104758.75,0.8
1753,9,202,11,96048.0,47896.0,96048.0,56280.3,184056341.81,49706.0,51972.5,54647.5,0.9
1754,9,198,11,59972.0,32473.0,59972.0,47295.2,64424150.35999999,41800.75,47609.5,53774.25,0.9
1756,9,241,11,71880.0,54389.0,71969.0,65520.6,28714953.840000004,62360.0,65155.0,70933.5,0.7
1756,11,290,13,71880.0,54389.0,71880.0,64666.8,21145455.96,62360.0,65155.0,67609.25,0.9
1756,13,328,15,71880.0,54389.0,69156.0,63738.1,15510011.49,62360.0,63489.0,66097.5,1.0
1757,9,195,11,77162.0,60964.0,77162.0,67823.4,23760472.839999996,63896.75,66657.5,71659.5,0.7
1757,11,223,13,77162.0,60964.0,71965.0,66349.8,12011521.16,63896.75,65273.0,69577.75,0.9
1759,9,107,11,27727.0,13462.0,27727.0,21523.9,18685261.689999998,17864.0,23573.0,24098.0,0.9
1760,9,163,11,127898.0,91002.0,127898.0,101916.6,102188116.44,95318.5,99292.0,105662.5,0.6
1761,9,188,11,98970.0,72969.0,98970.0,88736.2,65798131.96,82399.75,89744.5,94925.5,0.8
1761,11,220,13,98970.0,72969.0,96205.0,88143.2,55075441.160000004,82399.75,89744.5,94925.5,0.9
1762,9,183,11,119157.0,78078.0,119157.0,100276.7,148622678.41,91227.0,101869.5,104524.75,0.7
1762,11,223,13,119157.0,78078.0,105431.0,97488.1,74438046.89,91227.0,101869.5,104524.75,0.7
1762,13,243,15,119157.0,78078.0,104880.0,96984.3,67822713.21000001,91227.0,101436.0,103258.75,0.8
1763,9,208,11,68564.0,40727.0,68564.0,54524.3,47151608.809999995,51685.75,54297.0,57000.75,0.8
1763,11,240,13,68564.0,40727.0,57364.0,52250.7,19382218.61,51493.5,53453.5,54402.5,1.0
1765,9,189,11,78606.0,42395.0,78606.0,55147.7,91418251.81,50159.75,52538.0,59431.75,0.7
1766,9,240,11,108608.0,94642.0,108608.0,101997.8,21823662.759999998,98904.0,102398.0,105057.75,0.5
1766,11,268,13,108608.0,94642.0,107512.0,101619.6,17522253.439999998,98904.0,102398.0,105057.75,0.5
1768,9,200,11,52005.0,42923.0,52005.0,49222.3,7787344.01,48078.75,50202.5,51012.25,0.9
1770,9,139,11,25925.0,17975.0,29935.0,25314.2,16411969.36,24946.25,25695.5,28668.5,0.9
1771,9,253,11,103754.0,81925.0,103754.0,88458.5,43426029.05,83710.0,85477.5,91575.75,0.4
1771,11,295,13,103754.0,48318.0,91720.0,81425.1,134359266.89000002,82095.0,83736.0,85634.25,0.6
1771,13,343,15,103754.0,48318.0,85791.0,79700.8,113058671.35999998,80653.75,83144.5,84820.0,0.7
1772,9,190,11,86700.0,55309.0,86700.0,73461.4,105915187.44000001,64231.75,76800.0,80239.0,0.6
1772,11,238,13,86700.0,55309.0,81068.0,72289.4,80388641.83999999,64231.75,76800.0,80068.0,0.6
1773,9,187,11,146296.0,74573.0,146296.0,104560.3,383191940.41,94524.5,101224.5,114356.5,0.6
1773,11,210,13,146296.0,74573.0,116097.0,99185.0,147730793.2,94524.5,101224.5,108396.5,0.7
1774,9,172,11,126729.0,81152.0,126729.0,103122.1,166045915.69,97868.75,106593.0,110230.75,0.7
1775,9,214,11,112961.0,83622.0,112961.0,99167.5,59208469.45,95141.25,98100.5,104032.5,0.7
1775,11,264,13,112961.0,83622.0,104873.0,97447.1,32027582.090000004,95141.25,98100.5,101331.25,0.9
1776,9,212,11,114728.0,86843.0,114728.0,97175.9,49910104.69,93475.0,96377.5,99188.75,0.8
1777,9,148,11,91408.0,52933.0,91408.0,66906.3,90528229.61,62770.75,66443.0,68025.0,0.8
1777,11,181,13,91408.0,52933.0,69109.0,64458.1,23642026.09,62770.75,66443.0,68025.0,1.0
1778,9,183,11,76601.0,47775.0,76601.0,57125.6,57871871.64000001,52413.25,56640.5,59081.75,0.9
1782,9,228,11,130338.0,61144.0,130338.0,83202.4,282976842.0400001,77574.5,80386.0,82185.75,0.7
1782,11,270,13,130338.0,61144.0,82323.0,77377.1,35111207.49,76645.5,79152.0,81163.25,0.9
1783,9,134,11,48056.0,39590.0,48056.0,44222.6,7112816.840000001,42169.25,44194.5,46602.75,0.9
1784,9,228,11,86289.0,45161.0,86289.0,69810.1,126703504.08999999,65570.5,70925.5,78039.75,0.7
1784,11,278,13,86289.0,45161.0,79939.0,67536.4,82490743.44,65570.5,70889.0,72102.75,0.9
1785,9,221,11,84704.0,37289.0,84704.0,67046.0,182631304.2,60236.75,72345.0,75791.75,0.9
1786,9,227,11,90723.0,60580.0,90723.0,73732.0,105616309.4,64665.5,72371.5,80950.75,0.7
1786,11,255,13,90723.0,60580.0,81075.0,71309.8,55160965.56000002,64665.5,72371.5,77504.5,0.9
1789,9,205,11,124296.0,77491.0,124296.0,99697.7,220987659.81,92985.25,98519.0,107314.5,0.8
1789,11,246,13,124296.0,77491.0,112683.0,97356.9,135322042.29,92985.25,98519.0,107314.5,0.9
1790,9,202,11,119421.0,83165.0,119421.0,100760.6,106735673.64000002,96682.0,102792.0,105899.25,0.5
1791,9,190,11,75704.0,53305.0,75704.0,62331.9,32842692.090000004,59519.75,62125.0,63675.5,0.8
1792,9,192,11,89456.0,56931.0,89456.0,70594.9,74603612.49,67405.75,71131.0,74347.25,0.9
1793,9,191,11,117994.0,94412.0,117994.0,103752.0,67128238.6,96746.25,102140.5,107401.0,0.8
1793,11,220,13,117994.0,94412.0,110683.0,102233.6,33116079.439999998,96746.25,102140.5,107401.0,0.9
1794,9,190,11,111800.0,69575.0,111800.0,87331.8,110084812.96,84248.0,87235.0,88969.25,0.6
1794,11,236,13,111800.0,69575.0,89014.0,82950.8,39238095.96,78278.5,85723.5,87499.0,0.8
1794,13,259,15,111800.0,69575.0,87763.0,82266.7,32945645.610000003,78278.5,85187.5,86194.0,1.0
1795,9,140,11,88480.0,85155.0,100574.0,92629.4,24069702.04,88588.25,91924.5,96146.0,0.7
1796,9,241,11,110208.0,76029.0,110208.0,87389.0,89643178.4,81071.75,87063.5,90832.5,0.6
1796,11,279,13,110208.0,76029.0,90867.0,84432.0,30461267.0,80699.0,83983.0,90151.75,0.8
1797,9,172,11,147366.0,80072.0,147366.0,103110.2,376024578.56,90776.0,101333.5,102632.0,0.8
1797,11,185,13,147366.0,80072.0,108069.0,96879.1,89316934.69000001,90776.0,101333.5,102632.0,1.0
1798,9,170,11,97814.0,82994.0,97814.0,92683.5,29215112.85,89893.25,94673.0,97320.0,0.4
1798,11,193,13,97814.0,81405.0,97427.0,89709.3,34553398.01,83788.75,90441.5,94998.5,0.6
1798,13,232,15,97814.0,81405.0,95324.0,88274.4,22938910.639999997,83788.75,88237.0,92595.5,0.8
1798,15,243,17,97814.0,81405.0,93778.0,87656.1,17435743.69,83788.75,88237.0,90999.75,1.0
1799,9,158,11,126373.0,76356.0,126373.0,95545.6,163394811.84,87955.25,94257.5,98085.75,0.8
1799,11,200,13,126373.0,76356.0,102270.0,92780.7,59317641.81000002,87955.25,94257.5,98085.75,1.0
1800,9,220,11,88712.0,37918.0,88712.0,56665.2,199704375.35999998,49305.75,52037.5,59798.75,0.7
1800,11,253,13,88712.0,37918.0,61674.0,50624.6,33010973.24,49305.75,50694.5,53433.25,0.9
1801,9,225,11,72080.0,50962.0,72080.0,61025.6,52682729.839999996,55165.25,59384.5,67074.25,0.7
1801,11,245,13,72080.0,50962.0,68756.0,59137.6,25206711.44,55165.25,59384.5,62344.75,0.9
1801,13,272,15,72080.0,50962.0,62830.0,58361.9,15700120.09,55165.25,59018.0,61954.75,1.0
1802,9,138,11,120486.0,82960.0,120486.0,105120.0,204143596.8,91199.75,108165.0,119156.75,0.8
1802,11,162,13,120486.0,82960.0,120195.0,104862.6,196642359.23999998,91199.75,108165.0,117773.0,1.0
1803,9,193,11,61878.0,39952.0,61878.0,48157.8,44971091.96000001,43796.75,46140.5,51443.5,0.7
1803,11,232,13,61878.0,39952.0,52206.0,46360.2,15979507.159999996,43796.75,46140.5,49622.5,0.9
1804,9,189,11,89232.0,49184.0,89536.0,81471.0,137225666.8,80059.0,86289.5,89125.25,0.4
1804,11,212,13,89232.0,49184.0,89232.0,79545.7,123980306.61000001,77193.5,81882.5,87254.75,0.6
1804,13,254,15,89232.0,49184.0,88220.0,78650.1,110216620.69000001,77193.5,81882.5,84380.0,0.6
1804,15,293,17,89232.0,49184.0,84387.0,75193.3,105923972.21,73459.5,78095.0,82552.75,0.8
1804,17,338,19,89232.0,49184.0,84159.0,75127.7,104739369.00999999,73459.5,78095.0,82552.75,0.9
1805,9,209,11,105612.0,70350.0,105612.0,88316.3,99954548.21000001,81240.5,87899.5,93350.25,0.4
1805,11,252,13,105612.0,68190.0,93520.0,82291.9,65989065.089999996,79204.25,81417.0,88248.25,0.6
1805,13,295,15,105612.0,68190.0,88597.0,80466.2,39669062.760000005,79204.25,81417.0,84453.5,0.8
1806,9,201,11,101610.0,66956.0,101610.0,84983.1,76483828.69000001,82670.75,85888.5,88414.5,0.6
1806,11,239,13,101610.0,66956.0,89912.0,83517.8,46130644.36,82670.75,85888.5,88414.5,0.6
1807,9,197,11,98501.0,64634.0,98501.0,76974.2,69644653.96000001,75169.5,75511.0,75950.25,0.8
1807,11,232,13,98501.0,64634.0,77238.0,74293.2,13063482.16,75169.5,75511.0,75950.25,0.9
1808,9,214,11,79341.0,76012.0,87923.0,80997.4,10092155.84,79341.0,79940.5,81745.75,0.7
1808,11,242,13,79341.0,76012.0,84991.0,80543.5,5644538.65,79341.0,79940.5,81745.75,0.8
1809,9,190,11,106773.0,79719.0,106773.0,90960.9,53410216.09,88581.0,92293.5,93544.75,0.6
1809,11,227,13,106773.0,79719.0,93844.0,88115.2,22991781.560000002,86301.0,88664.0,92396.75,0.8
1810,9,212,11,109007.0,81522.0,109007.0,98001.8,45870097.559999995,95147.0,100218.0,101165.5,0.5
1812,9,195,11,72040.0,47533.0,72040.0,56679.5,38448971.25,53606.25,55474.5,57815.0,0.8
1812,11,243,13,72040.0,47533.0,59947.0,55185.2,11924763.36,53606.25,55474.5,57815.0,0.8
1813,9,131,11,87138.0,62182.0,87138.0,68643.5,45856180.85,64586.75,65905.0,70185.0,0.9
1814,9,233,11,94929.0,74624.0,94929.0,85602.6,36989645.839999996,80237.75,87938.5,89755.5,0.8
1815,9,226,11,83649.0,66478.0,83649.0,73686.9,27813827.690000005,69638.25,73309.0,75250.0,1.0
1817,9,219,11,123633.0,85263.0,123633.0,96728.5,104978852.25,91289.0,94698.0,97492.5,0.6
1817,11,264,13,123633.0,85263.0,99963.0,93243.6,17032654.440000005,91289.0,93888.5,95000.0,0.7
1818,9,198,11,118731.0,78823.0,118731.0,98422.4,147318533.64,94208.75,96816.5,101793.25,0.3
1818,11,222,13,118731.0,78823.0,103033.0,92886.4,45324210.64,90466.5,94582.5,96822.75,0.5
1818,13,239,15,118731.0,78823.0,96829.0,89687.3,36260123.41,84463.0,91051.0,94956.25,0.7
1818,15,255,17,118731.0,78823.0,95330.0,88981.0,28468519.2,84463.0,90988.0,93431.25,0.8
1819,9,218,11,104233.0,72586.0,104233.0,85649.8,119989136.96000001,76676.75,83033.5,95652.0,0.7
1819,11,258,13,104233.0,72586.0,98757.0,82698.1,56532554.089999996,76676.75,83033.5,86936.25,0.9
1820,9,221,11,76309.0,76309.0,91632.0,85397.4,29375446.24,82450.75,87296.0,90162.0,0.6
1821,9,121,11,153786.0,68148.0,153786.0,96105.5,487630157.45,84792.0,90548.5,97052.0,0.8
1821,11,153,13,153786.0,68148.0,101069.0,89722.9,93461051.49,84792.0,90548.5,97052.0,1.0
1822,9,175,11,51020.0,36302.0,51020.0,43844.6,18350835.240000002,41633.0,43131.0,45275.75,1.0
1823,9,204,11,56986.0,38426.0,56986.0,44470.7,24291087.410000004,42153.5,42936.0,46385.25,0.7
1823,11,228,13,56986.0,38426.0,47246.0,42989.3,5549990.209999999,42153.5,42936.0,44379.75,0.9
1823,13,255,15,56986.0,38426.0,45113.0,42537.3,3540669.41,42153.5,42730.0,43636.75,1.0
1824,9,141,11,56239.0,46412.0,68396.0,58667.2,45848185.36000001,54560.5,56343.5,64576.5,0.9
1825,9,196,11,75382.0,53727.0,75382.0,65673.8,41540021.160000004,60888.0,67225.5,69554.75,0.5
1826,9,225,11,103059.0,72336.0,103059.0,84722.6,58615998.239999995,83655.25,84196.0,84756.25,0.7
1826,11,270,13,103059.0,72336.0,85759.0,82457.2,17187721.160000004,83655.25,84196.0,84614.5,0.8
1828,9,165,11,130093.0,68150.0,130093.0,86486.8,348573613.96000004,76880.0,79300.0,82230.25,0.8
1828,11,195,13,130093.0,68150.0,88371.0,79492.2,29595242.560000002,76880.0,79300.0,82230.25,0.9
1829,9,249,11,127096.0,77295.0,127096.0,107167.9,225147138.89000002,100596.75,102272.5,120424.75,0.6
1829,11,279,13,127096.0,77295.0,121152.0,99184.3,167028291.21,89159.0,100794.5,102724.75,0.8
1829,13,308,15,127096.0,77295.0,103994.0,95913.2,75289121.75999999,89159.0,100794.5,102359.5,0.9
1830,9,211,11,77082.0,64906.0,77082.0,71933.6,18366546.639999997,68482.25,71023.5,76691.0,0.7
1830,11,254,13,77082.0,57728.0,76999.0,69355.4,26761871.64,67690.25,70145.5,71366.5,0.9
1832,9,189,11,70525.0,49393.0,70525.0,55781.7,32282145.409999996,52115.25,54702.5,56440.5,0.9
1835,9,196,11,130055.0,105584.0,130055.0,119226.8,75516443.76,114970.75,117545.0,127313.25,0.6
1835,11,228,13,130055.0,105584.0,127443.0,116877.7,46721007.81,114970.75,117545.0,118384.75,0.7
1835,13,266,15,130055.0,105584.0,121139.0,115646.8,27399600.560000002,114970.75,117545.0,118384.75,0.7
1836,9,201,11,109107.0,64927.0,109107.0,87540.4,144919558.24,78380.5,89971.0,94773.75,0.9
1837,9,224,11,107259.0,71467.0,107259.0,83504.0,109970254.4,75252.25,83768.0,86416.5,0.4
1837,11,260,13,107259.0,71467.0,86536.0,79647.5,29803757.45,75252.25,81163.0,84253.0,0.6
1837,13,301,15,107259.0,71467.0,84738.0,78976.9,22734224.490000002,75252.25,81163.0,82696.0,0.6
1838,9,180,11,98642.0,61018.0,98642.0,76476.8,97690640.75999999,71309.5,72887.0,82167.0,0.9
1839,9,203,11,127369.0,79373.0,127369.0,107033.3,139213894.81,103548.25,107472.0,112629.0,0.8
1839,11,230,13,127369.0,79373.0,114283.0,104497.6,90623501.03999999,102745.5,106771.0,110814.5,0.9
1840,9,204,11,93039.0,77067.0,93039.0,80554.9,29073631.49,77261.25,77913.0,79417.25,0.6
1840,11,248,13,93039.0,77067.0,80974.0,78509.9,2009492.4899999995,77261.25,77913.0,79417.25,0.6
1840,13,284,15,93039.0,70712.0,79494.0,76704.4,6845396.44,77071.75,77370.5,78063.0,0.8
1840,15,321,17,93039.0,70712.0,78213.0,75891.4,5649161.840000001,74524.75,77076.5,77479.75,1.0
1842,9,151,11,42188.0,28204.0,42188.0,33886.2,15023333.36,31489.5,34836.5,35646.25,0.9
1843,9,177,11,47073.0,28798.0,47073.0,35788.5,23816325.85,32540.25,36352.0,36811.5,0.8
1843,11,197,13,47073.0,28798.0,37184.0,34553.1,8503570.690000001,32540.25,36352.0,36811.5,1.0
1845,9,227,11,90372.0,77646.0,92083.0,87831.5,24112462.45,84493.25,90337.0,90984.75,0.3
1846,9,204,11,106040.0,68584.0,106040.0,77862.4,117441122.44000001,72321.75,73973.5,76035.5,0.8
1846,11,243,13,106040.0,68584.0,77434.0,73736.5,7322605.05,72321.75,73973.5,76035.5,0.9
1847,9,201,11,104357.0,41326.0,104357.0,77583.8,229985140.76000005,73176.5,80164.5,83651.25,0.6
1850,9,175,11,91533.0,59545.0,91533.0,79617.1,96767743.69,74596.0,78931.0,87888.0,0.8
1850,11,214,13,91533.0,59545.0,88076.0,78382.7,74739130.41,74596.0,78931.0,86197.25,1.0
1852,9,214,11,118825.0,94183.0,118825.0,100923.5,50965373.05,97017.75,98003.5,100591.0,0.4
1852,11,237,13,118825.0,94183.0,102554.0,98245.5,5417723.45,97017.75,98003.5,99895.25,0.4
1853,9,217,11,94162.0,66457.0,94162.0,81934.2,80092675.56,76294.25,80005.5,90848.5,0.3
1853,11,242,13,94162.0,62431.0,93470.0,76447.3,70023512.81,71948.25,76687.5,81250.75,0.5
1853,13,292,15,94162.0,62431.0,82496.0,74022.5,32784095.05,71530.0,75311.0,77504.75,0.6
1853,15,335,17,94162.0,62431.0,77515.0,73282.4,24365610.44,71530.0,75311.0,77283.25,0.7
1854,9,206,11,82817.0,65306.0,82817.0,73962.3,25803102.209999997,71665.75,73220.0,78070.75,0.9
1855,9,192,11,101144.0,64894.0,101144.0,74119.3,101286499.00999999,68528.75,70310.0,73878.25,0.8
1855,11,234,13,101144.0,64894.0,78587.0,71242.8,15738655.76,68528.75,70310.0,73878.25,0.9
1856,9,194,11,112088.0,94318.0,112088.0,102783.5,25554207.65,100164.5,103972.5,105311.5,0.7
1856,11,227,13,112088.0,94318.0,106644.0,102134.2,17265698.36,100164.5,103972.5,105311.5,0.7
1857,9,231,11,91478.0,71684.0,97181.0,92055.3,49773916.81,91649.75,94440.5,95890.5,0.4
1858,9,106,11,60504.0,33343.0,60504.0,44649.0,50442751.8,41058.0,43448.5,47531.25,0.8
1858,11,141,13,60504.0,33343.0,48375.0,43227.0,22735234.2,41058.0,43448.5,47531.25,1.0
1859,9,217,11,101721.0,74987.0,101721.0,86991.8,60301419.360000014,81859.5,85740.5,88743.0,0.7
1859,11,249,13,101721.0,74987.0,93491.0,83876.3,30039776.410000004,80497.0,85003.0,87186.5,0.8
1859,13,283,15,101721.0,74987.0,87549.0,81173.3,18202861.41,77441.5,80644.0,85192.5,1.0
1861,9,241,11,86645.0,65937.0,86645.0,71792.5,28358779.85,69045.25,70493.5,72422.5,0.9
1862,9,203,11,84580.0,62600.0,84580.0,73282.6,25649601.240000002,71581.5,73838.5,74223.25,0.7
1862,11,231,13,84580.0,62600.0,74248.0,70657.5,15289772.85,68143.75,72067.0,73955.75,0.9
1863,9,144,11,116374.0,74922.0,116374.0,98872.9,186073053.89,87979.0,102189.5,107896.25,0.5
1863,11,173,13,116374.0,74922.0,107935.0,94837.0,110352231.4,87979.0,96194.5,104043.75,0.7
1863,13,204,15,116374.0,74922.0,105898.0,93243.4,79044038.44000001,87979.0,96194.5,99229.5,0.9
1864,9,209,11,119110.0,89185.0,119110.0,95045.4,69879735.84,90648.5,92665.5,94273.5,0.6
1864,11,257,13,119110.0,71481.0,95112.0,90049.3,41961433.41,89653.0,92127.5,93259.0,0.7
1864,13,284,15,119110.0,71481.0,93438.0,87579.4,42734246.04,84345.25,89874.0,92368.25,0.9
1865,9,168,11,134734.0,103525.0,134734.0,115667.6,57252774.24000001,112515.25,114560.0,116800.75,0.9
1866,9,186,11,92468.0,75403.0,101736.0,93018.0,52248190.4,92049.5,92571.5,98546.0,0.9
1867,9,189,11,76456.0,58120.0,76456.0,68594.0,44895861.4,61876.5,71151.0,73762.75,0.8
1867,11,219,13,76456.0,58120.0,75663.0,68331.9,41102947.89,61876.5,71151.0,73762.75,0.9
1868,9,228,11,118976.0,66066.0,118976.0,92661.8,257611617.55999994,84184.5,86241.5,107602.25,0.7
1868,11,255,13,118976.0,66066.0,113332.0,87158.0,118852436.0,84184.5,86240.5,89472.0,0.9
1869,9,218,11,87814.0,52917.0,87814.0,69002.5,102410357.05,64294.75,68836.5,75176.75,0.7
1869,11,260,13,87814.0,52917.0,76420.0,66811.5,53559588.25,64294.75,68836.5,72248.75,0.9
1870,9,222,11,80167.0,60442.0,80167.0,71364.6,37427370.44,67260.0,72977.0,76100.75,0.7
1871,9,178,11,83117.0,64114.0,83117.0,70674.7,30896601.21,67496.0,68474.0,72636.25,0.7
1871,11,211,13,83117.0,64114.0,73474.0,68515.3,6892685.610000001,67350.0,68057.5,69789.25,0.8
1871,13,244,15,83117.0,64114.0,71984.0,68298.9,5168020.889999999,67350.0,68057.5,69789.25,0.8
1873,9,168,11,69119.0,57030.0,69119.0,60383.2,10408932.76,58474.75,60031.0,60946.5,0.8
1874,9,205,11,119560.0,85098.0,119560.0,103253.6,142360518.04000002,91419.5,109575.0,110223.25,0.7
1875,9,213,11,73801.0,60288.0,85139.0,77591.0,56943515.2,73801.0,80662.0,83773.75,0.9
1876,9,206,11,72440.0,55159.0,72440.0,64375.3,19795841.610000003,61636.25,64915.5,66532.0,0.8
1876,11,237,13,72440.0,55159.0,68115.0,63717.5,13080229.85,61636.25,64915.5,66346.5,0.9
1877,9,203,11,107283.0,86727.0,110081.0,102292.4,45150757.839999996,98717.0,102812.5,107283.0,0.7
1877,11,243,13,107283.0,86727.0,107283.0,101187.1,33301003.49,98717.0,102812.5,105076.25,0.9
1878,9,162,11,90693.0,52481.0,90922.0,79023.1,166453058.29,73163.5,82125.0,90609.0,0.6
1878,11,189,13,90693.0,52481.0,90693.0,78546.6,156134167.24,73163.5,82125.0,88512.0,0.8
1878,13,239,15,90693.0,52481.0,90242.0,78221.3,149119654.21,73163.5,82125.0,88077.0,1.0
1879,9,170,11,54748.0,38104.0,54748.0,48385.7,21021552.409999996,47130.0,48003.5,51793.0,0.9
1881,9,201,11,101058.0,73616.0,101058.0,88868.5,78120953.65,81464.0,91676.0,93509.75,0.8
1883,9,202,11,86868.0,64305.0,86868.0,75474.6,30510843.440000005,73195.5,75330.5,78132.75,0.7
1884,9,220,11,99951.0,56292.0,99951.0,79505.6,127548600.44000001,74918.25,78236.5,82881.5,0.6
1884,11,264,13,99951.0,56292.0,86742.0,77394.8,69461812.76,74918.25,78236.5,82881.5,0.6
1886,9,211,11,88736.0,52209.0,88736.0,67850.4,113832461.64000002,62046.5,65121.5,68859.0,0.8
1886,11,238,13,88736.0,52209.0,69095.0,64088.0,25222216.8,62046.5,65121.5,68173.25,0.9
1887,9,199,11,66919.0,50157.0,66919.0,57536.0,18059638.2,54732.75,57666.0,59134.75,0.9
1888,9,171,11,82988.0,82988.0,95054.0,89080.2,20407550.96,85605.75,88663.5,93615.0,0.7
1889,9,204,11,108503.0,84602.0,108503.0,95581.9,36184934.09,92044.25,95862.5,97987.25,0.8
1889,11,238,13,108503.0,84602.0,99850.0,94424.3,18330343.21,92044.25,95862.5,96982.5,0.9
1890,9,187,11,107770.0,91676.0,107770.0,101926.3,38092741.81,96803.25,105286.5,106920.5,0.5
1891,9,258,11,145346.0,108977.0,145346.0,116947.8,102173393.56000002,111208.25,113871.0,116415.75,0.1
1891,11,308,13,145346.0,108977.0,117010.0,113264.1,5955637.6899999995,111208.25,113871.0,114874.5,0.1
1892,9,201,11,101999.0,69849.0,101999.0,81258.8,95574389.56,73898.75,79745.0,82717.25,0.8
1892,11,228,13,101999.0,69849.0,83838.0,78173.8,23468608.56,73898.75,79745.0,82717.25,0.9
1894,9,201,11,89933.0,69479.0,89933.0,79709.3,52242509.61,72222.75,80398.0,85375.5,0.6
1895,9,147,11,117707.0,68933.0,117707.0,90103.8,187751320.16,82887.25,86803.0,98530.5,0.7
1895,11,159,13,117707.0,68933.0,100385.0,85026.1,76630841.49000001,79841.0,84079.0,91983.25,0.9
1897,9,138,11,67960.0,65049.0,77155.0,69826.9,12008933.690000001,67960.0,68901.0,70765.75,0.8
1897,11,164,13,67960.0,65049.0,72342.0,69064.1,4747975.889999999,67960.0,68901.0,70765.75,0.9
1898,9,216,11,258234.0,110309.0,258234.0,158399.5,1665934449.65,138384.75,145099.0,150998.75,0.7
1898,11,232,13,258234.0,110309.0,152124.0,141735.9,136196810.89,138384.75,145099.0,149760.5,0.9
1900,9,168,11,64096.0,36104.0,64096.0,47201.5,64970118.45,42633.0,46885.5,52100.5,0.8
1900,11,195,13,64096.0,36104.0,53041.0,45614.3,32635418.610000003,42633.0,46885.5,50304.25,1.0
1901,9,191,11,89768.0,66904.0,89768.0,76375.1,40459412.89,72667.5,73730.0,80752.5,0.8
1902,9,197,11,103043.0,77288.0,103043.0,88602.9,51452231.489999995,82992.0,89601.0,93070.25,0.5
1903,9,171,11,86169.0,55130.0,86169.0,69838.0,81132405.4,62408.5,69578.0,76269.5,0.8
1904,9,150,11,92654.0,38220.0,92654.0,60190.6,212481267.84,53353.0,63367.0,65209.75,0.9
1904,11,173,13,92654.0,38220.0,66190.0,57504.2,103012616.96000001,53353.0,63367.0,65209.75,1.0
1905,9,207,11,88078.0,67367.0,89065.0,81774.0,43142997.6,77566.0,83269.0,87484.75,0.6
1907,9,188,11,113615.0,80138.0,113615.0,92049.6,93683455.64,85054.0,89432.5,96313.25,0.8
1907,11,222,13,113615.0,80138.0,101187.0,90086.6,40759600.239999995,85054.0,89432.5,94984.25,1.0
1908,9,181,11,98363.0,85768.0,98363.0,92954.2,15928925.959999999,90970.0,93228.0,95538.25,0.8
1909,9,123,11,172094.0,63720.0,172094.0,90974.9,904182031.6900002,69798.25,86596.5,91685.25,0.8
1909,11,152,13,172094.0,63720.0,99759.0,82822.7,163683258.41,69798.25,86596.5,91685.25,1.0
1910,9,174,11,107321.0,52797.0,107321.0,68893.3,218692000.01,59134.75,69044.0,70269.5,0.9
1911,9,234,11,87896.0,62047.0,89168.0,79455.4,83372700.04,72844.25,80893.0,87846.75,0.5
1911,11,271,13,87896.0,62047.0,87896.0,77676.0,65528998.4,72844.25,75490.0,86209.0,0.6
1911,13,309,15,87896.0,62047.0,87380.0,75446.9,40279727.69,72844.25,75490.0,76683.5,0.8
1911,15,348,17,87896.0,62047.0,80006.0,74425.8,23767451.759999998,72844.25,75490.0,76683.5,0.8
1912,9,197,11,94816.0,65657.0,94816.0,77322.0,60691396.2,72452.25,76488.0,81533.5,0.6
1912,11,227,13,94816.0,65657.0,81614.0,73707.9,24965952.69,70181.75,72633.5,77445.0,0.8
1912,13,270,15,94816.0,65657.0,79431.0,72122.9,17426783.29,69843.25,71341.5,74179.5,0.9
1913,9,198,11,85701.0,70489.0,85701.0,75734.5,17132460.45,72447.75,76051.0,77279.75,0.9
1914,9,166,11,98199.0,59370.0,98199.0,83727.0,101957939.2,80881.25,85789.5,89975.75,0.6
1915,9,206,11,132387.0,100247.0,132387.0,113318.8,99536484.96,106663.0,112058.0,116867.5,0.5
1915,11,239,13,132387.0,100247.0,116901.0,109442.0,31035556.8,106663.0,110341.0,112719.5,0.7
1915,13,262,15,132387.0,100247.0,115934.0,108765.9,24098217.490000002,106663.0,110341.0,110913.5,0.7
1916,9,171,11,95754.0,95754.0,125500.0,112196.9,113594252.69000001,104450.75,113693.5,121099.75,0.9
1918,9,206,11,75780.0,63040.0,79771.0,73601.0,29641190.6,69787.5,75376.0,77946.0,0.8
1919,9,184,11,64771.0,39987.0,64771.0,55030.3,65768250.40999999,50685.75,53124.5,63476.5,1.0
1920,9,205,11,77086.0,43024.0,77086.0,63239.8,88659804.36,57539.25,67203.0,68457.25,0.8
1921,9,207,11,105636.0,75782.0,105636.0,95892.7,81259871.41000001,91698.25,97083.5,103421.0,0.5
1921,11,243,13,105636.0,75782.0,103950.0,93589.1,57896853.29,91631.25,94142.5,98422.0,0.7
1921,13,279,15,105636.0,75782.0,99705.0,92289.8,40256730.96,91631.25,94142.5,95815.0,0.9
1922,9,202,11,111598.0,75313.0,111598.0,91475.6,70997396.03999999,89679.75,90748.0,91064.75,0.8
1922,11,245,13,111598.0,75313.0,91112.0,88441.1,20106748.290000003,88794.75,89850.5,90760.5,1.0
1924,9,202,11,95860.0,80042.0,95860.0,85080.3,17733619.81,82316.25,84294.5,86311.75,0.7
1924,11,234,13,95860.0,80042.0,87320.0,84205.8,5762676.76,82316.25,84294.5,86311.75,0.7
1925,9,176,11,88871.0,67602.0,88871.0,76543.8,34656191.76,72193.75,76595.5,79057.25,0.9
1926,9,184,11,74826.0,62606.0,74826.0,69670.4,17726343.04,66978.0,70684.0,72809.75,0.9
1928,9,214,11,85151.0,47626.0,85151.0,66429.0,142186088.8,58825.5,63178.5,74070.0,0.6
1928,11,250,13,85151.0,47626.0,74813.0,62135.0,55960906.6,58825.5,61226.0,65660.75,0.8
1928,13,275,15,85151.0,47626.0,68134.0,61090.1,36497688.29000001,58825.5,61226.0,65660.75,1.0
1929,9,205,11,116064.0,75332.0,116064.0,94696.8,221920078.16,78980.5,96336.0,108454.75,0.5
1929,11,254,13,116064.0,75332.0,108548.0,88473.0,152318847.8,77817.0,83802.5,97889.0,0.7
1929,13,293,15,116064.0,75332.0,99442.0,85799.3,74613783.01000002,77817.0,83802.5,94145.0,0.9
1930,9,107,11,33687.0,25528.0,33987.0,30957.0,6974729.2,29255.75,31615.0,33271.0,0.9
1931,9,217,11,99852.0,72403.0,99852.0,83951.0,46313700.8,81778.25,83393.0,84440.25,0.8
1931,11,251,13,99852.0,72403.0,89629.0,82828.7,21958331.809999995,81778.25,83393.0,84440.25,0.8
1932,9,208,11,95664.0,72919.0,95664.0,83014.5,31899922.85,79819.0,83307.0,84752.5,0.5
1932,11,255,13,95664.0,72334.0,84892.0,80187.6,18069266.44,78886.75,81303.0,83762.5,0.7
1933,9,198,11,61063.0,44508.0,61063.0,52887.3,20433870.81,49725.75,53501.0,54853.5,0.6
1933,11,235,13,61063.0,44508.0,55232.0,51661.8,10458339.959999999,49725.75,52294.0,54515.25,0.7
1933,13,273,15,61063.0,44508.0,54717.0,51229.8,8278402.76,49725.75,52043.0,53188.75,0.9
1934,9,161,11,69377.0,66687.0,73988.0,70370.0,6081848.8,68476.25,69377.0,72778.5,0.8
1934,11,184,13,69377.0,66687.0,72952.0,69933.6,4192481.4400000004,68476.25,69377.0,71769.0,0.9
1935,9,241,11,113595.0,86194.0,113595.0,93181.3,51506443.81,89582.0,91036.5,93438.25,0.6
1935,11,275,13,113595.0,81559.0,93642.0,88882.3,14043213.810000002,86934.75,89929.0,91084.75,0.8
1936,9,221,11,89382.0,83884.0,94338.0,89449.3,10988726.41,87320.25,89382.0,91831.0,0.6
1936,11,252,13,89382.0,83884.0,93719.0,89109.9,8427843.09,87320.25,89382.0,91101.25,0.7
1937,9,229,11,74261.0,47511.0,74261.0,58942.6,40297953.44,56634.75,59274.0,60133.25,0.8
1938,9,170,11,58253.0,43144.0,58253.0,48785.8,17509333.360000003,45308.25,49237.5,50271.25,0.9
1939,9,139,11,102855.0,67392.0,102855.0,78533.8,89679599.76,73240.0,77216.0,81484.0,0.9
1940,9,172,11,69833.0,61304.0,74988.0,69278.7,16668659.61,67108.75,69833.0,71669.25,0.7
1940,11,208,13,69833.0,61304.0,72361.0,68409.5,10904915.25,66924.5,69520.5,70135.25,0.9
1941,9,203,11,106965.0,83278.0,106965.0,93945.6,60139587.04,87480.0,93735.5,99487.75,0.7
1941,11,246,13,106965.0,83278.0,100977.0,91476.0,26317276.0,87480.0,92714.5,94463.0,0.9
1943,9,197,11,63331.0,50377.0,63331.0,59210.1,17303044.29,56601.25,59557.5,63156.25,0.6
1943,11,218,13,63331.0,50377.0,63261.0,58096.0,13096822.2,56601.25,57372.0,60921.0,0.8
1944,9,205,11,101540.0,95559.0,114549.0,105006.2,26098638.16,101540.0,105128.0,108476.0,0.4
1946,9,220,11,99834.0,69313.0,99834.0,81146.5,112906095.65,72292.0,77398.0,86852.25,0.6
1946,11,265,13,99834.0,69313.0,87697.0,76742.9,32904738.490000002,72292.0,74738.0,80548.5,0.8
1948,9,202,11,95643.0,67517.0,95643.0,82451.6,84385227.04,76745.75,80888.0,91374.75,0.6
1948,11,234,13,95643.0,67517.0,92813.0,79044.4,51450453.239999995,73806.0,78615.0,82657.75,0.8
1948,13,274,15,95643.0,67517.0,86557.0,78249.7,35080458.61000001,73806.0,78615.0,82657.75,0.8
1949,9,188,11,92014.0,65680.0,92014.0,77967.6,48260019.239999995,74578.0,79038.0,80754.25,0.9
1950,9,226,11,90721.0,76489.0,92071.0,87062.5,20356681.85,84574.0,88484.5,90616.0,0.7
1951,9,211,11,73271.0,58881.0,73271.0,64428.3,21302000.009999998,60156.0,64373.0,66973.75,0.8
1951,11,256,13,73271.0,58881.0,68199.0,63726.5,12646276.65,60156.0,64373.0,66973.75,0.9
1952,9,219,11,145382.0,107930.0,145382.0,125850.2,197793383.95999998,115849.0,119715.5,141669.75,0.5
1952,11,249,13,145382.0,107930.0,144324.0,121964.7,109503100.81000002,115849.0,119715.5,126735.5,0.5
1952,13,265,15,145382.0,107930.0,127801.0,117573.6,31334548.24,115807.5,116649.5,121459.5,0.7
1952,15,281,17,145382.0,107930.0,122710.0,116133.2,15522895.559999999,115807.5,116649.5,117703.0,0.9
1953,9,127,11,75004.0,51572.0,75004.0,63161.5,50483917.05,59338.0,62796.0,68729.75,0.9
1955,9,141,11,136535.0,64650.0,136535.0,85783.7,396631834.01,71706.25,84818.0,87061.0,0.8
1955,11,174,13,136535.0,64650.0,90462.0,79716.4,80458992.64,71706.25,84818.0,86676.25,0.9
1956,9,195,11,93203.0,51050.0,93203.0,71122.4,184742311.23999998,61571.5,68974.0,82756.25,0.7
1956,11,224,13,93203.0,51050.0,85775.0,67872.6,101377370.24000001,61571.5,67509.0,73497.75,0.9
1957,9,185,11,76860.0,60056.0,81965.0,74925.7,60173882.010000005,69715.5,78086.0,80849.5,0.9
1958,9,215,11,93491.0,50352.0,93491.0,67959.1,127430102.09,60560.25,67152.5,70097.25,0.8
1958,11,249,13,93491.0,50352.0,74819.0,65551.9,51494109.29,60560.25,67152.5,70097.25,1.0
1959,9,215,11,143665.0,93940.0,143665.0,108432.4,195077691.84,98137.5,106172.0,111225.25,0.8
1959,11,236,13,143665.0,93940.0,113013.0,104595.9,46940539.29000001,98137.5,106172.0,111225.25,1.0
1960,9,182,11,75767.0,49940.0,75767.0,59351.2,39649052.36,56851.0,58798.5,60419.25,0.9
1961,9,205,11,86175.0,69697.0,86175.0,79058.9,19404837.89,77669.0,80424.5,81348.25,0.9
1962,9,236,11,66788.0,45302.0,66788.0,62021.6,36901530.84,61388.5,63634.5,66137.75,0.9
1963,9,182,11,98866.0,93858.0,104689.0,100364.9,14407011.689999998,97553.5,100565.5,104183.5,0.7
1965,9,161,11,113490.0,64540.0,113490.0,93429.7,370682445.81,72945.75,103242.0,109461.5,0.5
1965,11,189,13,113490.0,64540.0,109525.0,88167.6,281067654.23999995,72945.75,86351.5,105551.0,0.7
1965,13,233,15,113490.0,64540.0,107860.0,85097.6,190240707.64000002,72945.75,86351.5,95561.0,0.9
1966,9,229,11,105218.0,81458.0,109642.0,95599.7,77127666.61000001,88944.25,95473.5,103542.25,0.7
1966,11,275,13,105218.0,81458.0,105218.0,94067.8,49296505.56,88944.25,95473.5,99324.25,0.7
1967,9,198,11,94182.0,81784.0,94182.0,87037.5,19828853.25,83036.5,85738.0,90985.5,0.7
1967,11,234,13,94182.0,76603.0,91027.0,85114.2,20382484.360000003,82077.5,84470.0,89753.75,0.9
1968,9,190,11,102054.0,76493.0,102054.0,88357.5,73572216.85,80835.0,87887.5,92648.5,0.8
1968,11,240,13,102054.0,76493.0,95498.0,87037.2,44518008.36,80835.0,87887.5,92648.5,0.8
1969,9,203,11,109569.0,93634.0,109569.0,100581.5,20869472.45,99030.0,99768.5,102318.25,0.7
1969,11,240,13,109569.0,91693.0,102395.0,98193.9,12034466.290000001,95608.0,99096.0,100310.75,0.9
1970,9,152,11,72895.0,54986.0,72895.0,63962.4,21290947.639999997,62421.5,63402.0,66720.0,0.9
1970,11,195,13,72895.0,54986.0,67450.0,63399.6,14087107.64,62421.5,63402.0,66720.0,1.0
1971,9,203,11,84326.0,69781.0,84326.0,75258.7,15133188.01,72560.75,75047.5,76121.5,0.8
1971,11,230,13,84326.0,69781.0,77971.0,74370.8,5668415.959999999,72560.75,75047.5,76121.5,0.8
1972,9,137,11,156701.0,80171.0,156701.0,109966.7,387279978.01,101745.25,107123.5,116984.0,0.8
1973,9,168,11,108614.0,65523.0,108614.0,85850.5,104394461.85,81641.75,85071.5,89384.25,0.9
1973,11,191,13,108614.0,65523.0,90915.0,83774.7,48670026.010000005,81641.75,85071.5,88433.5,1.0
1974,9,175,11,119691.0,63220.0,119691.0,92167.4,319549477.44,83144.25,85337.0,106858.75,0.7
1974,11,218,13,119691.0,63220.0,111849.0,85321.8,130588402.75999999,83144.25,84177.5,86768.25,0.9
1975,9,205,11,76430.0,57558.0,76430.0,68679.4,27847553.040000003,65323.75,69239.5,72173.0,0.9
1976,9,191,11,164579.0,97544.0,164579.0,138934.9,312570130.69,130744.0,144743.5,147015.25,0.4
1976,11,245,13,164579.0,97544.0,147099.0,133891.4,201937634.64,129983.5,135857.0,145502.25,0.6
1976,13,294,15,164579.0,97544.0,146261.0,131956.8,175489067.56,129484.25,134053.0,141454.5,0.7
1976,15,325,17,164579.0,97544.0,143226.0,128941.9,144472267.69,125763.5,131533.5,135998.5,0.8
1977,9,181,11,122501.0,82777.0,122501.0,100779.6,126349560.64000002,96070.0,102287.0,105728.5,0.7
1977,11,193,13,122501.0,82777.0,107090.0,98947.3,75336255.00999999,96070.0,102287.0,105728.5,0.7
1979,9,214,11,121185.0,96859.0,121185.0,115144.4,42947683.63999999,114586.25,116270.0,118157.75,0.8
1980,9,210,11,90151.0,56249.0,90151.0,69474.5,83333403.85,63692.75,68284.5,71480.0,0.7
1980,11,247,13,90151.0,56249.0,72032.0,66460.9,22163687.29,63692.75,68284.5,69586.25,0.9
1981,9,202,11,59303.0,45597.0,59303.0,48821.9,15403662.290000001,46528.5,47414.5,49103.0,0.8
1982,9,199,11,118514.0,59649.0,118514.0,86548.3,278587072.00999993,80144.5,87947.0,96729.5,0.7
1982,11,238,13,118514.0,59649.0,99281.0,82112.8,140357113.16,80144.5,85665.0,88901.25,0.8
1983,9,194,11,91962.0,75383.0,91962.0,87967.8,20018174.96,87507.0,89226.5,89707.25,0.6
1983,11,221,13,91962.0,75383.0,90702.0,87198.5,17577985.25,87452.5,88286.5,89618.0,0.7
1984,9,185,11,129092.0,85802.0,129092.0,105991.5,200796465.25,94752.75,102527.0,114656.0,0.5
1984,11,221,13,129092.0,85802.0,115106.0,99984.0,75615986.8,94752.75,97957.0,104959.25,0.7
1984,13,244,15,129092.0,85802.0,107624.0,98499.6,42186606.63999999,94752.75,97957.0,104195.0,0.8
1986,9,197,11,94982.0,62762.0,94982.0,74591.4,59648455.64000001,72278.0,73574.0,75552.25,0.9
1986,11,228,13,94982.0,62762.0,75783.0,72337.4,13452274.839999998,72199.0,72836.5,74896.75,1.0
1987,9,188,11,71419.0,45090.0,71419.0,55962.8,54475630.56,52465.25,54285.5,56385.0,0.7
1987,11,221,13,71419.0,45090.0,56812.0,53209.4,10483627.440000001,52465.25,54285.5,55236.0,0.8
1988,9,220,11,86959.0,73647.0,91263.0,84394.1,28849823.49,83310.75,85662.0,87425.5,0.9
1990,9,163,11,116383.0,70095.0,116383.0,81191.2,163488242.16000003,72817.5,77600.0,83812.5,0.8
1990,11,202,13,116383.0,70095.0,84698.0,76997.7,26324795.809999995,72511.75,76074.0,81578.5,0.9
1992,9,162,11,64062.0,54957.0,64062.0,58336.8,8578523.56,55422.0,58416.5,60352.25,0.6
1992,11,188,13,64062.0,54957.0,61055.0,57756.4,4964488.84,55422.0,58228.5,59606.0,0.7
1992,13,231,15,64062.0,53627.0,59956.0,56959.9,4682120.89,55207.25,56848.0,58540.0,0.8
1994,9,199,11,100303.0,65417.0,100303.0,79278.1,108439251.88999999,70271.5,78294.0,84755.25,0.5
1994,11,244,13,100303.0,65417.0,85354.0,75829.2,47093677.16,69891.0,74193.5,82691.25,0.6
1994,13,276,15,100303.0,65417.0,82959.0,74563.3,32379466.209999997,69891.0,74193.5,79876.25,0.7
1995,9,194,11,73399.0,52213.0,73399.0,62948.5,27209533.25,61662.5,63219.5,64509.75,0.9
1996,9,195,11,96745.0,65645.0,96745.0,86575.3,126696468.80999999,80019.5,92104.5,94321.25,0.6
1996,11,234,13,96745.0,65645.0,94358.0,84637.8,112072332.75999999,77836.25,90352.5,93611.0,0.8
1997,9,225,11,90902.0,71699.0,91633.0,84832.1,43103855.89,80756.25,87740.0,90261.75,0.4
1997,11,276,13,90902.0,71699.0,90902.0,83161.5,33205448.05,80130.0,84167.0,87756.5,0.6
1997,13,321,15,90902.0,71699.0,87773.0,82157.1,24028013.89,80130.0,83906.5,85069.0,0.7
1998,9,214,11,89551.0,60092.0,89551.0,70472.6,67218009.63999999,64214.5,70036.0,73180.25,0.8
1998,11,250,13,89551.0,60092.0,73844.0,68583.7,25307098.610000003,64214.5,70036.0,73180.25,1.0
1999,9,205,11,117965.0,99639.0,117965.0,106097.4,31308329.839999996,101251.75,105850.5,108683.5,0.3
1999,11,238,13,117965.0,99639.0,111117.0,105339.5,18443957.65,101251.75,105850.5,108683.5,0.3
1999,13,265,15,117965.0,96480.0,108805.0,102926.9,15974886.489999998,100125.75,101785.0,106961.25,0.5
2000,9,222,11,108291.0,73736.0,108291.0,83246.6,111876731.63999999,76113.75,81080.5,82271.25,0.4
2000,11,260,13,108291.0,73736.0,82592.0,79161.1,11847233.889999999,76113.75,81080.5,82248.0,0.4
2001,9,177,11,57805.0,35920.0,57805.0,48812.5,43303331.85,44247.25,49719.5,54083.25,0.5
2001,11,205,13,57805.0,35920.0,54118.0,47056.5,29031575.85,44247.25,46882.5,51689.5,0.7
2001,13,228,15,57805.0,35920.0,53071.0,45937.5,18477356.25,44247.25,46882.5,47734.0,0.9
2002,9,213,11,92841.0,78414.0,98194.0,91670.8,46716984.76,92841.0,93698.0,95596.25,0.2
2002,11,246,13,92841.0,78414.0,95948.0,88906.0,45578772.4,82099.0,92841.0,93884.5,0.4
2002,13,280,15,92841.0,78414.0,94071.0,86881.5,36846135.65,80793.25,87733.5,92841.0,0.6
2002,15,314,17,92841.0,78414.0,92841.0,86522.2,32603986.96,80793.25,87733.5,92359.25,0.8
2003,9,224,11,96432.0,72902.0,96432.0,89305.4,37304335.44,88307.0,90689.0,93041.25,0.6
2003,11,264,13,96432.0,72902.0,93634.0,87598.8,29174530.360000003,87023.25,88463.0,90816.0,0.8
2004,9,256,11,86755.0,84021.0,89597.0,86598.2,1955230.56,85782.0,86755.0,87208.5,0.8
2005,9,207,11,104650.0,67590.0,104650.0,86026.7,98578264.80999999,79725.5,86908.0,90251.0,0.6
2005,11,251,13,104650.0,67590.0,90402.0,83576.8,47733141.559999995,79725.5,86908.0,88761.5,0.8
2005,13,287,15,104650.0,67590.0,89167.0,82459.7,42461568.21,79516.25,83770.0,87564.5,1.0
2006,9,193,11,102476.0,61527.0,102476.0,81832.5,134232996.65,74257.75,81420.0,90383.0,0.5
2006,11,230,13,102476.0,61527.0,90636.0,78327.4,71174393.03999999,74257.75,78298.0,83739.75,0.7
2006,13,271,15,102476.0,61527.0,84879.0,76617.4,42466895.64,74257.75,78298.0,81080.25,0.7
2006,15,303,17,102476.0,61527.0,81827.0,76234.4,37458711.04,74257.75,78298.0,80867.25,0.8
2007,9,222,11,107675.0,63803.0,107675.0,87115.5,178126627.65,82971.75,85960.0,92927.25,0.8
2007,11,262,13,107675.0,63803.0,94534.0,84445.6,96865168.03999999,82971.75,85960.0,92927.25,1.0
2008,9,228,11,76987.0,55468.0,76987.0,67385.7,36838171.41,65652.25,69173.0,70720.25,0.3
2008,11,264,13,76987.0,54808.0,70780.0,64330.7,34890364.41,59266.25,66260.5,69521.0,0.5
2008,13,297,15,76987.0,54808.0,70324.0,63944.9,31106012.490000002,59266.25,66091.5,68227.0,0.6
2008,15,347,17,76987.0,54808.0,68477.0,63165.1,24008276.09,59266.25,65316.0,67056.0,0.8
2009,9,191,11,90364.0,54879.0,90364.0,68311.2,125918199.75999999,59251.0,66698.0,73100.5,0.7
2009,11,228,13,90364.0,54879.0,74832.0,65109.5,43995054.25,59251.0,66698.0,69856.75,0.9
2010,9,263,11,55822.0,53980.0,64293.0,58080.3,10578016.41,55415.5,57440.0,60246.0,0.8
2010,11,299,13,55822.0,53980.0,60440.0,57432.7,5587636.410000001,55415.5,57440.0,59624.5,0.9
2011,9,181,11,103957.0,55430.0,103957.0,72412.5,176161215.05,61295.25,73803.5,76837.25,0.9
2013,9,220,11,110809.0,79517.0,110809.0,86725.1,76597191.49000001,81975.25,84182.0,85974.25,0.6
2013,11,251,13,110809.0,79517.0,87305.0,83714.0,6436354.6,81975.25,84182.0,85535.5,0.6
2014,9,164,11,56231.0,56231.0,67969.0,62482.3,19731298.61,58026.5,64434.0,65939.5,0.4
2014,11,202,13,56231.0,56231.0,66009.0,61305.5,15724993.65,57843.25,61241.5,65266.75,0.5
2014,13,251,15,56231.0,56231.0,65307.0,60352.3,10695497.41,57843.25,59784.5,63061.0,0.7
2015,9,176,11,94172.0,70886.0,94172.0,82908.4,55761325.039999984,77911.0,82848.0,89768.25,0.8
2015,11,202,13,94172.0,70886.0,91066.0,80712.7,33497448.409999996,77598.5,80779.5,84587.5,1.0
2016,9,234,11,108335.0,91778.0,108335.0,98694.4,20984087.839999996,95504.25,97730.5,100513.25,0.9
2017,9,242,11,56889.0,25717.0,56889.0,42420.6,78447671.64000002,41010.75,42606.0,45476.0,0.8
2017,11,273,13,56889.0,25717.0,46912.0,40723.0,45801323.4,41010.75,42606.0,45476.0,1.0
2018,9,203,11,29866.0,27391.0,38429.0,33012.2,16216074.559999997,29866.0,32737.0,37120.25,0.9
2020,9,213,11,124207.0,67847.0,124207.0,86653.0,206515320.2,79381.25,83428.0,87679.5,0.8
2020,11,250,13,124207.0,67847.0,89641.0,82112.8,36313267.760000005,79381.25,83428.0,85174.5,0.9
2022,9,143,11,113560.0,63014.0,113560.0,79949.1,265504724.09,65259.25,77975.0,84582.75,0.8
2022,11,148,13,113560.0,63014.0,88702.0,75859.9,94575060.89,65259.25,77975.0,84582.75,1.0
2023,9,233,11,98964.0,83271.0,98964.0,92660.0,15489060.8,91107.5,93040.5,95021.75,0.1
2024,9,166,11,79137.0,67693.0,79955.0,74108.1,18224554.69,71011.75,74098.5,78171.0,0.7
2024,11,202,13,79137.0,67693.0,79137.0,73413.8,13295188.959999999,71011.75,74045.5,75023.25,0.9
2025,9,213,11,80743.0,61006.0,80743.0,69654.2,30571362.759999998,65844.25,70417.0,73076.0,0.9
2027,9,207,11,89178.0,77984.0,89178.0,82730.8,8208914.159999999,81377.5,83007.0,83647.5,0.9
2028,9,254,11,90767.0,76857.0,90767.0,85308.7,11353728.010000002,84485.0,85462.5,87028.0,0.7
2029,9,206,11,117717.0,79072.0,117717.0,97960.1,104378600.28999999,94319.75,99490.0,102605.5,0.5
2029,11,235,13,117717.0,79072.0,102933.0,95524.6,55329420.44,94319.75,97669.0,101130.0,0.6
2029,13,262,15,117717.0,79072.0,101333.0,93435.8,60625404.56,86891.25,96865.0,99813.5,0.7
2030,9,214,11,88943.0,71959.0,88943.0,80892.9,18070150.490000002,80712.5,81227.5,82715.75,0.7
2030,11,256,13,88943.0,68996.0,82772.0,78627.4,20293982.04,76901.25,80797.0,81335.25,0.9
2031,9,211,11,97206.0,67591.0,97206.0,79265.4,52929706.440000005,75624.0,77923.5,81868.25,0.9
2032,9,194,11,68237.0,54287.0,71422.0,65858.5,30498169.85,61822.25,68237.0,70345.0,0.8
2033,9,215,11,81955.0,55496.0,81955.0,67409.6,70948177.44,59014.25,69950.0,72567.5,0.8
2033,11,255,13,81955.0,55496.0,75604.0,66123.4,48326626.04,59014.25,69280.0,70880.75,1.0
2034,9,161,11,71575.0,49226.0,71575.0,62925.5,48525881.85,58050.0,66185.5,67514.25,0.7
2034,11,189,13,71575.0,49226.0,68686.0,62527.3,43064489.21,58050.0,66185.5,67514.25,0.7
2035,9,137,11,114316.0,87161.0,114316.0,96129.7,51641938.410000004,92124.5,93825.0,98800.75,0.8
2035,11,168,13,114316.0,85840.0,98957.0,93046.8,18352545.96,90722.0,92655.5,97000.75,1.0
2036,9,203,11,98454.0,65445.0,98454.0,77924.8,94604288.16,70506.0,77697.0,84052.25,0.9
2037,9,181,11,126334.0,91478.0,126334.0,112185.3,112088535.41,104860.25,114005.5,120865.0,0.6
2037,11,222,13,126334.0,91478.0,121214.0,109384.9,80579380.89,103405.75,112176.0,114786.25,0.8
2038,9,158,11,99624.0,71999.0,99624.0,83611.2,74305995.56,78258.25,82878.5,86610.25,0.8
2038,11,192,13,99624.0,71999.0,90829.0,82143.1,40567985.089999996,78258.25,82878.5,86610.25,0.9
2039,9,189,11,111152.0,90961.0,111152.0,100025.2,40325511.760000005,93838.75,102297.0,103602.25,0.4
2039,11,206,13,111152.0,90961.0,103700.0,97629.0,26462957.0,92108.25,99149.5,102484.5,0.6
2040,9,189,11,82762.0,60262.0,82762.0,66930.3,34475652.01,64350.25,66054.0,67347.25,0.8
2040,11,227,13,82762.0,60262.0,68749.0,65458.0,7290237.8,64350.25,66054.0,67347.25,0.8
2041,9,244,11,106288.0,85403.0,106288.0,97246.9,27310837.089999996,95582.5,97714.5,100148.75,0.6
2042,9,143,11,84764.0,62602.0,84764.0,73883.4,37256253.839999996,69293.0,74690.5,77658.75,0.9
2043,9,214,11,71797.0,71797.0,82112.0,76513.2,14382335.36,72949.75,76562.5,80058.5,0.6
2043,11,253,13,71797.0,71797.0,80800.0,75271.9,8805403.290000001,72815.0,74628.0,77734.5,0.8
2043,13,281,15,71797.0,71797.0,78027.0,74918.3,6021227.61,72815.0,74628.0,77393.0,0.9
2044,9,199,11,90181.0,63565.0,90181.0,75153.0,47776073.0,71802.0,74260.5,78890.5,0.8
2044,11,225,13,90181.0,63565.0,79269.0,72719.9,26139458.49,68825.5,73503.0,76955.25,1.0
2046,9,175,11,92274.0,67773.0,92274.0,83722.5,53210502.45,79612.75,83559.0,90548.75,0.7
2046,11,207,13,92274.0,67773.0,91647.0,83092.4,44204602.239999995,79612.75,83559.0,87939.5,0.8
2046,13,229,15,92274.0,67773.0,88168.0,81437.7,30346087.01,79585.5,81215.5,85052.75,1.0
2047,9,231,11,104800.0,85947.0,104800.0,94579.9,22160919.29,92222.25,94506.0,96255.0,0.6
2047,11,259,13,104800.0,85947.0,96307.0,93032.3,9692857.61,91331.25,93039.0,95964.0,0.8
2049,9,177,11,46493.0,41688.0,53148.0,48539.7,14977566.410000002,46493.0,49497.5,51589.25,0.8
2049,11,214,13,46493.0,41688.0,52889.0,47913.3,12485872.809999999,46493.0,47819.5,50721.75,0.9
2050,9,170,11,136488.0,92567.0,136488.0,119015.5,149065192.45,118223.75,122815.5,125830.5,0.8
2050,11,195,13,136488.0,92567.0,126120.0,115529.4,110728294.83999999,111498.25,118676.5,123747.75,1.0
2051,9,165,11,138363.0,61561.0,138363.0,110232.3,447995169.20999986,104980.0,109741.5,123852.0,0.6
2051,11,198,13,138363.0,61561.0,126363.0,105053.2,277352912.56000006,104980.0,109741.5,111666.0,0.8
2051,13,223,15,138363.0,61561.0,114477.0,103510.2,231712901.16,104980.0,109741.5,111666.0,0.8
2052,9,205,11,88793.0,60572.0,88793.0,77043.3,62688842.61,73258.75,78294.0,80900.25,0.7
2052,11,233,13,88793.0,60572.0,81440.0,75773.4,41950616.64,73258.75,78294.0,80900.25,0.7
2052,13,281,15,88793.0,60572.0,81057.0,74130.8,34906435.96,72007.5,74884.5,78784.0,0.9
2053,9,179,11,80586.0,80586.0,92087.0,87915.7,16361278.610000003,86460.5,89360.0,91127.25,0.9
2054,9,201,11,92197.0,65151.0,92197.0,80061.9,79587413.49,71875.25,83034.0,84746.75,0.8
2056,9,192,11,103437.0,76515.0,103437.0,88635.7,58717643.40999999,83402.25,88901.0,93726.25,0.8
2057,9,158,11,96653.0,63008.0,96653.0,76698.5,62518443.25,74455.25,75883.0,77970.0,0.9
2059,9,158,11,95300.0,55831.0,95300.0,69109.5,148683129.05,59995.5,67391.0,69422.5,0.8
2059,11,190,13,95300.0,55831.0,70195.0,64917.7,31592020.609999996,59995.5,67391.0,69422.5,0.9
2060,9,222,11,93001.0,71800.0,93001.0,81856.7,37181291.41,77892.5,79806.5,86950.5,0.7
2061,9,222,11,100315.0,56682.0,100315.0,71813.5,177473900.25,62186.0,69706.5,73083.0,0.8
2061,11,264,13,100315.0,56682.0,79664.0,68338.0,53598879.2,62186.0,69706.5,73083.0,0.8
2061,13,300,15,100315.0,56682.0,73802.0,66625.3,30655738.610000003,62186.0,68207.0,70905.25,1.0
2062,9,194,11,97381.0,81259.0,97381.0,88747.7,31884555.409999996,82807.75,91080.0,93027.0,0.6
2063,9,209,11,97138.0,90725.0,102570.0,96914.0,15459856.8,93844.0,97138.0,99445.5,0.7
2064,9,174,11,105507.0,90516.0,118725.0,107672.2,78453061.35999998,105507.0,108603.0,114761.25,0.9
2065,9,227,11,98656.0,75039.0,98656.0,90203.8,68786680.35999998,87892.0,92581.0,95832.25,0.6
2065,11,274,13,98656.0,67230.0,95984.0,85727.1,89627485.69,77658.25,89029.0,93139.5,0.8
2065,13,314,15,98656.0,67230.0,93698.0,84647.3,73075496.81,77658.25,87908.0,91423.75,1.0
2066,9,181,11,147728.0,113155.0,147728.0,123513.8,94994100.36000001,115342.25,123520.0,126851.5,0.8
2066,11,234,13,147728.0,113155.0,128952.0,121537.0,34430483.4,115342.25,123520.0,126851.5,0.8
2069,9,203,11,80735.0,71601.0,82691.0,78788.1,8118944.69,78487.25,79327.5,80470.25,0.9
2070,9,205,11,109330.0,90753.0,109330.0,97657.7,35427758.61,92376.75,96846.5,102325.0,0.7
2070,11,246,13,109330.0,90753.0,103872.0,96438.5,20109716.85,92376.75,96606.0,98219.75,0.8
2070,13,288,15,109330.0,90753.0,100376.0,95695.2,11456731.760000002,92376.75,96606.0,98219.75,0.9
2071,9,225,11,82982.0,55498.0,82982.0,64368.1,50997685.88999999,60575.25,63863.5,65892.5,0.5
2071,11,254,13,82982.0,55498.0,66204.0,61495.8,12432737.559999999,58277.0,62171.5,64517.75,0.7
2072,9,220,11,111950.0,68611.0,111950.0,84957.4,149511002.04000002,76649.75,86978.0,88308.75,0.8
2072,11,252,13,111950.0,68611.0,89202.0,81791.9,58507871.69,76649.75,86497.5,87591.75,0.9
2073,9,216,11,90441.0,75871.0,90441.0,82776.4,14337156.839999998,80723.75,83202.0,84267.0,0.9
2074,9,194,11,92492.0,74420.0,92492.0,82814.4,30283643.839999996,78304.5,81847.0,87053.75,0.7
2075,9,226,11,138839.0,112100.0,138839.0,126095.0,54789806.4,121559.5,127043.0,131345.25,0.5
2075,11,271,13,138839.0,112100.0,131867.0,123852.0,34374796.4,120139.75,124941.5,128444.5,0.6
2076,9,185,11,114077.0,69131.0,114077.0,100447.1,172540844.89,95682.5,105476.5,109909.25,0.7
2076,11,210,13,114077.0,69131.0,111002.0,97449.4,145071780.04000002,91240.0,100902.5,106475.25,0.9
2077,9,136,11,99466.0,77937.0,99466.0,87726.9,59691117.89,81794.5,85301.0,95024.0,0.8
2078,9,214,11,85361.0,60243.0,85361.0,74684.1,71886711.89,69389.0,77419.5,81170.75,0.7
2078,11,257,13,85361.0,60243.0,81696.0,73262.2,53099561.760000005,69389.0,76895.5,77557.75,0.9
2080,9,127,11,83188.0,55567.0,83188.0,72218.4,63869777.44,70186.5,75362.5,76606.0,0.3
2080,11,156,13,83188.0,55567.0,77307.0,71400.7,51947793.21,70186.5,75132.0,75746.5,0.3
2080,13,170,15,83188.0,55567.0,75838.0,68768.1,49734030.489999995,63907.75,71335.0,75192.5,0.5
2080,15,206,17,83188.0,50646.0,75253.0,65159.1,61816671.68999998,60993.75,64261.5,72483.5,0.7
2083,9,243,11,88522.0,73290.0,88522.0,78622.3,19682141.610000003,75085.25,78090.5,80816.5,0.8
2084,9,214,11,138844.0,87923.0,138844.0,105048.2,212918241.76000002,92449.25,104980.5,112139.5,0.7
2085,9,196,11,75460.0,59227.0,75460.0,67462.4,29798677.639999997,62450.75,68599.5,71570.0,0.7
2085,11,218,13,75460.0,59227.0,72301.0,66350.0,19128079.4,62450.75,68294.0,69257.5,0.9
2086,9,213,11,116513.0,65237.0,116513.0,75446.3,218509316.81000003,66187.25,70978.5,74616.5,0.8
2086,11,247,13,116513.0,65237.0,75398.0,70172.1,14122258.49,66187.25,70978.5,73082.75,1.0
2087,9,232,11,94731.0,63278.0,94731.0,74461.3,68783341.21000001,70146.5,73403.0,77806.75,0.8
2087,11,271,13,94731.0,63278.0,78594.0,72643.0,24826484.2,70146.5,73403.0,76490.5,0.9
2088,9,198,11,108437.0,80697.0,108437.0,91150.3,60438824.61,87218.25,89447.5,90222.75,0.8
2088,11,243,13,108437.0,80697.0,93803.0,88667.5,12337012.05,87218.25,89447.5,90222.75,0.8
2089,9,113,11,59191.0,36248.0,59191.0,42116.1,39089258.089999996,38917.5,40476.5,42410.25,0.9
2090,9,221,11,138339.0,90066.0,138339.0,113907.7,209949700.81,105918.25,110889.5,126372.75,0.6
2090,11,255,13,138339.0,90066.0,129028.0,109680.2,103476406.16,105918.25,110889.5,113537.0,0.8
2090,13,290,15,138339.0,90066.0,113877.0,107695.5,57873979.65,105918.25,110889.5,113537.0,1.0
2092,9,232,11,90217.0,66217.0,90217.0,78325.8,51326073.76,74163.25,78655.0,83475.0,0.7
2092,11,256,13,90217.0,64692.0,83589.0,75197.3,41162893.61,70064.75,76436.0,79495.25,0.9
2093,9,147,11,96399.0,64100.0,96399.0,77142.2,75888369.75999999,72142.5,75027.0,82233.0,0.8
2093,11,184,13,96399.0,64100.0,84020.0,74843.8,29148820.160000004,72142.5,75027.0,77090.25,1.0
2094,9,167,11,101312.0,62209.0,101312.0,80492.3,83857720.61,77547.25,78988.0,83624.5,0.9
2095,9,145,11,108399.0,63987.0,108399.0,80308.4,195724546.04000002,71585.0,77959.5,80196.25,0.8
2095,11,173,13,108399.0,63987.0,84494.0,75825.8,42778282.559999995,71585.0,77959.5,80196.25,0.9
2096,9,142,11,154836.0,61919.0,154836.0,110154.1,620386219.0899999,97049.5,107122.5,123325.0,0.7
2096,11,160,13,154836.0,61919.0,128148.0,103061.3,273583656.40999997,97049.5,107122.5,110917.75,0.9
2096,13,188,15,154836.0,61919.0,117477.0,101994.2,230291942.95999998,97049.5,107122.5,110917.75,1.0
2097,9,220,11,90504.0,73306.0,94592.0,89573.6,32926350.640000004,89716.5,90504.0,92476.0,0.4
2097,11,253,13,90504.0,73306.0,93003.0,89066.1,28971920.889999997,89716.5,90504.0,91429.0,0.4
2097,13,287,15,90504.0,73306.0,91607.0,88048.8,26230241.76,88945.75,89809.0,90504.0,0.6
2099,9,206,11,155701.0,129881.0,155701.0,138432.7,53145420.01,132280.25,138138.0,141590.0,0.5
2099,11,230,13,155701.0,126100.0,142539.0,134131.2,25145260.16,130098.25,133601.5,138323.0,0.7
2099,13,266,15,155701.0,126100.0,138743.0,132647.7,20006267.809999995,129835.25,130854.5,137387.0,0.8
2099,15,290,17,155701.0,126100.0,137768.0,131765.6,13510785.64,129835.25,130854.5,135194.5,1.0
2100,9,211,11,165373.0,104700.0,165373.0,122814.7,259143369.81,111342.0,122166.5,125890.75,0.6
2100,11,242,13,165373.0,104700.0,127574.0,118980.5,65058383.85,111342.0,122166.5,125890.75,0.6
2100,13,273,15,165373.0,104700.0,126672.0,116197.1,59671995.29,108944.5,119214.5,122716.25,0.8
2101,9,174,11,64063.0,59195.0,70252.0,64297.8,9454257.56,62974.0,64102.0,64611.75,0.8
2102,9,203,11,90816.0,76239.0,90816.0,83124.0,30245385.8,78442.5,81769.5,88177.5,0.6
2102,11,245,13,90816.0,76239.0,88498.0,80928.1,16116337.49,78367.5,79270.0,83135.5,0.8
2102,13,280,15,90816.0,76239.0,83785.0,79865.2,5908621.760000001,78367.5,79270.0,81715.0,1.0
2103,9,223,11,82674.0,55833.0,82674.0,65105.0,44406723.8,61751.25,64474.0,66363.25,0.6
2103,11,265,13,82674.0,55833.0,66578.0,62721.9,10903472.89,60559.5,63285.0,65597.75,0.7
2103,13,300,15,82674.0,55833.0,65719.0,62500.4,9478325.84,60559.5,63285.0,65200.5,0.8
2104,9,169,11,98758.0,64341.0,98758.0,80210.2,101475076.36,76343.0,77372.0,82083.25,0.6
2104,11,200,13,98758.0,64341.0,82941.0,76087.1,24336079.29,74819.25,76630.0,79156.0,0.7
2105,9,189,11,117587.0,95061.0,117587.0,108879.4,41356306.64,107313.0,110486.5,113317.0,0.5
2106,9,215,11,108031.0,65620.0,108031.0,83590.4,121339512.03999999,77479.0,81802.5,85932.25,0.6
2106,11,259,13,108031.0,65620.0,87442.0,80641.6,40645926.839999996,77479.0,81802.5,85932.25,0.6
2107,9,170,11,99340.0,72694.0,99340.0,84225.6,56299823.44000001,77909.25,84464.0,88955.0,0.7
2107,11,192,13,99340.0,72694.0,89096.0,82549.8,29690867.160000004,77909.25,83784.5,87294.0,0.9
2108,9,124,11,49649.0,49649.0,63415.0,58128.8,23252634.96,55646.5,60123.5,61762.25,0.9
2109,9,219,11,87958.0,64166.0,87958.0,72996.8,37857159.56,70350.25,72028.0,73503.25,0.8
2109,11,266,13,87958.0,64166.0,74643.0,71110.8,9063690.16,70350.25,72028.0,72959.5,0.9
2110,9,139,11,84720.0,64758.0,84720.0,75488.5,35676220.05,71019.0,76990.0,80077.75,0.6
2110,11,155,13,84720.0,64758.0,80117.0,74858.3,27465400.21,71019.0,76990.0,79335.25,0.8
2111,9,219,11,138751.0,108151.0,138751.0,124276.1,52131905.89,121314.5,125678.0,126879.75,0.4
2111,11,254,13,138751.0,108151.0,127083.0,122318.9,29947043.890000004,120905.0,123663.5,126395.0,0.5
2112,9,114,11,46914.0,15593.0,46914.0,28744.7,102846070.81,19648.75,27702.0,36558.0,0.7
2112,11,130,13,46914.0,15593.0,38400.0,26281.8,52044497.15999999,19648.75,27702.0,30917.0,0.9
2113,9,259,11,103177.0,87270.0,103177.0,95227.8,20029784.959999997,92922.75,95585.0,98146.5,0.2
2113,11,299,13,103177.0,87270.0,98281.0,92883.3,14585889.810000002,89774.25,93223.5,95766.0,0.3
2113,13,338,15,103177.0,87270.0,95947.0,92186.7,9721963.809999999,89774.25,92909.5,94873.5,0.3
2113,15,356,17,103177.0,87270.0,95223.0,90698.4,7662518.840000001,88027.75,90280.5,93053.25,0.5
2113,17,386,19,103177.0,87270.0,93197.0,89555.5,4475248.25,87447.0,89300.0,91002.75,0.7
2113,19,422,21,103177.0,83078.0,91245.0,88006.1,4536931.29,87288.25,87501.0,89308.0,0.9
2114,9,189,11,150754.0,96741.0,150754.0,124134.1,261164413.89000002,112716.25,131585.0,132682.5,0.8
2114,11,232,13,150754.0,96741.0,132920.0,120688.1,171924773.48999998,112233.5,125669.0,131622.5,1.0
2116,9,173,11,119500.0,71347.0,119500.0,82475.3,173398092.81,75799.25,78138.0,83720.0,0.8
2117,9,170,11,117689.0,70384.0,117689.0,93930.8,364491216.76,77011.75,86909.5,115953.75,0.6
2117,11,182,13,117689.0,70384.0,116557.0,87507.7,229532836.81,77011.75,82586.0,90289.5,0.8
2117,13,218,15,117689.0,70384.0,94305.0,83026.6,60399915.04,77011.75,82586.0,90289.5,1.0
2118,9,205,11,102331.0,78650.0,102331.0,86203.6,50521996.44,81391.5,83528.0,90859.75,0.7
2118,11,242,13,102331.0,78650.0,92806.0,84813.4,23075277.84,81391.5,83528.0,88010.5,0.8
2120,9,205,11,107626.0,100266.0,118699.0,111959.6,26927412.639999997,108529.25,113717.5,115204.0,0.9
2121,9,191,11,48217.0,38275.0,48217.0,42259.5,8260794.45,39766.0,42441.0,43970.0,0.9
2123,9,147,11,138973.0,59976.0,138973.0,82764.7,548902621.8100001,71590.5,73036.5,76762.75,0.8
2123,11,168,13,138973.0,59976.0,77950.0,72764.5,25282277.65,71590.5,73036.5,76762.75,1.0
2124,9,197,11,100760.0,84350.0,100760.0,95826.0,26366172.4,92601.25,97258.0,100347.0,0.4
2124,11,222,13,100760.0,84350.0,100389.0,93730.1,23392964.490000002,91170.5,92957.5,97694.0,0.6
2124,13,267,15,100760.0,76675.0,98130.0,90793.2,35277826.160000004,89865.25,91797.0,94342.0,0.8
2124,15,302,17,100760.0,76675.0,95603.0,90426.0,30923895.8,89865.25,91797.0,94342.0,0.9
2125,9,129,11,38429.0,21447.0,38429.0,29976.3,32426464.410000004,25302.5,28443.0,35833.75,0.9
2126,9,195,11,94852.0,50470.0,94852.0,72138.2,165944837.56,65892.75,68524.0,80428.75,0.7
2126,11,223,13,94852.0,50470.0,84130.0,67736.9,62177373.29,65892.75,68524.0,70174.75,0.9
2127,9,203,11,90135.0,64680.0,91899.0,78133.8,109092425.55999999,68391.0,75492.5,89764.75,0.9
2128,9,104,11,76716.0,45366.0,76716.0,55823.4,65949987.839999996,51831.25,54987.5,56556.5,0.8
2128,11,118,13,76716.0,45366.0,57294.0,53182.1,13714924.290000001,51770.0,54111.5,55700.5,0.9
2129,9,136,11,84800.0,57287.0,84800.0,70488.8,41496937.95999999,68666.0,70409.5,72030.5,0.9
2130,9,197,11,88092.0,60697.0,88092.0,77836.6,84362881.84,69193.75,82440.0,85510.75,0.6
2130,11,227,13,88092.0,60697.0,86276.0,77655.0,80934927.6,69193.75,82440.0,85510.75,0.6
2131,9,196,11,53653.0,35615.0,53653.0,47587.3,38922649.61,46671.5,50280.5,51770.0,0.8
2133,9,204,11,116490.0,93324.0,116490.0,104932.8,32752599.359999996,102799.0,104425.5,107988.75,0.7
2133,11,244,13,116490.0,87911.0,108860.0,101794.2,36846827.56,101281.25,104023.0,105170.0,0.8
2134,9,169,11,142760.0,94674.0,142760.0,105875.1,186965444.48999995,97752.0,101793.5,104220.5,0.8
2134,11,202,13,142760.0,94674.0,110041.0,101660.9,22669465.49,97752.0,101793.5,104220.5,0.9
2135,9,172,11,132755.0,94117.0,132755.0,110942.0,144536782.0,103821.5,112464.0,113679.5,0.8
2135,11,201,13,132755.0,94117.0,114545.0,107715.3,59195892.80999999,103821.5,112464.0,113679.5,0.8
2136,9,198,11,130371.0,95872.0,130371.0,103464.9,91985452.28999999,97711.5,100115.0,104273.5,0.6
2136,11,224,13,130371.0,95872.0,106945.0,100910.8,13174183.559999999,97711.5,100115.0,104273.5,0.6
2137,9,184,11,114494.0,75189.0,114494.0,88312.7,158551077.60999998,77781.75,83923.0,93524.75,0.6
2137,11,228,13,114494.0,75189.0,93996.0,83295.7,35795121.20999999,77781.75,83842.5,85724.0,0.8
2137,13,247,15,114494.0,75189.0,88769.0,82396.8,21315791.96,77781.75,83842.5,85724.0,0.9
2138,9,177,11,100925.0,77491.0,101024.0,92804.6,82700919.44,83940.25,98325.5,100889.25,0.7
2138,11,206,13,100925.0,77491.0,100925.0,91063.1,66629081.69,83940.25,92267.0,98461.25,0.9
2140,9,135,11,125599.0,78503.0,125599.0,92930.1,149389791.48999998,85071.5,91875.5,95619.75,0.7
2140,11,173,13,125599.0,78503.0,96501.0,88965.6,31813425.639999997,85071.5,88732.5,93469.25,0.8
2141,9,163,11,101440.0,70237.0,101440.0,83506.3,56274464.81,80251.75,82758.0,85755.5,0.9
2142,9,198,11,104265.0,92023.0,104265.0,98911.9,13391216.29,96199.5,99600.5,100076.0,0.3
2142,11,240,13,104265.0,87334.0,100190.0,96247.8,15865686.160000002,94741.5,97070.0,99605.25,0.5
2143,9,259,11,111630.0,88213.0,111630.0,96334.2,40830332.76,94305.0,95254.5,96998.0,0.7
2143,11,309,13,111630.0,88213.0,100595.0,94832.6,13768380.84,94305.0,95254.5,96998.0,0.7
2143,13,353,15,111630.0,88213.0,97326.0,93437.4,11718741.24,89980.75,94728.5,95889.5,0.8
2144,9,196,11,110446.0,100113.0,118898.0,110235.9,32308226.49,107208.0,110446.0,113187.75,0.7
2144,11,220,13,110446.0,100113.0,117776.0,109849.6,26479262.240000002,107208.0,110446.0,113187.75,0.7
2145,9,191,11,140476.0,86160.0,140476.0,106014.8,210344816.35999998,95644.0,108347.5,110274.5,0.8
2146,9,202,11,116618.0,97407.0,116928.0,110410.4,53938849.04,105181.75,114584.5,116618.0,0.8
2146,11,232,13,116618.0,97407.0,116618.0,109860.5,48334828.85,105181.75,113709.5,114989.5,0.9
2147,9,205,11,130367.0,81126.0,130367.0,102082.5,144701676.25,99041.0,103514.0,104880.0,0.5
2147,11,237,13,130367.0,81126.0,105179.0,98975.9,54119950.29,99041.0,102333.0,103643.5,0.7
2148,9,202,11,98815.0,82506.0,102828.0,97693.3,28921134.409999996,97459.25,98815.0,100320.25,0.7
2149,9,163,11,67513.0,52452.0,67513.0,57812.5,21327897.85,53523.0,57971.0,60485.0,0.9
2150,9,170,11,75569.0,53121.0,75569.0,64511.4,32547623.839999996,62607.0,64412.0,66091.75,0.7
2150,11,187,13,75569.0,53121.0,66505.0,62855.2,14413350.959999999,62369.25,64119.5,64815.0,0.8
2151,9,161,11,68162.0,50697.0,68162.0,58323.1,25798169.689999998,53975.0,59881.0,61355.25,0.9
2152,9,207,11,129097.0,61859.0,129097.0,90330.6,398882888.24000007,80384.25,86727.5,103968.25,0.6
2152,11,243,13,129097.0,61859.0,106503.0,84008.4,165590923.84000003,80384.25,86727.5,89314.5,0.8
2152,13,273,15,129097.0,61859.0,92576.0,82145.5,109451875.65,80384.25,86727.5,89314.5,0.9
2153,9,170,11,132586.0,96870.0,132586.0,115469.8,78533062.16,113011.25,115558.0,120215.0,0.3
2153,11,206,13,132586.0,92535.0,120971.0,111282.8,82554580.16,108941.5,113732.5,117756.5,0.4
2153,13,224,15,132586.0,92535.0,117947.0,107391.3,83149226.21,99539.75,110240.0,113831.75,0.6
2153,15,270,17,132586.0,92535.0,115868.0,106858.1,73594507.69,99539.75,110240.0,113831.75,0.6
2154,9,216,11,82766.0,82766.0,92840.0,87384.9,8266334.49,86587.25,87653.0,88499.75,0.4
2154,11,258,13,82766.0,82766.0,89945.0,86732.2,4979402.5600000005,86365.0,87101.5,88256.5,0.5
2154,13,282,15,82766.0,76042.0,88379.0,85167.2,12599562.360000001,83652.75,86653.5,87261.0,0.7
2155,9,210,11,90952.0,65342.0,90952.0,76270.3,43326887.21,73063.25,76033.0,79230.75,0.6
2155,11,242,13,90952.0,65342.0,79451.0,74685.5,18007730.25,73063.25,76033.0,77847.75,0.8
2156,9,182,11,57314.0,40892.0,57314.0,46485.0,22425175.8,42264.25,46826.0,47620.0,0.6
2156,11,230,13,57314.0,39818.0,47732.0,44416.4,9121856.639999999,41529.75,45224.5,47264.25,0.7
2156,13,258,15,57314.0,39818.0,47284.0,43925.5,7620917.85,41529.75,43652.5,46967.5,0.9
2157,9,212,11,98631.0,84829.0,98631.0,90320.9,22809683.89,86515.75,88927.5,92340.25,0.6
2157,11,243,13,98631.0,82323.0,92569.0,87783.2,9012443.559999999,85672.0,88055.0,89435.25,0.7
2158,9,187,11,126843.0,94392.0,126843.0,113759.5,78719394.05,109804.5,116740.5,118743.25,0.6
2158,11,201,13,126843.0,94392.0,119074.0,112590.7,59360358.40999999,109804.5,116287.0,117726.25,0.7
2159,9,208,11,149134.0,90041.0,149134.0,117696.4,310751227.44,107854.25,117738.5,129908.25,0.6
2159,11,263,13,149134.0,90041.0,132602.0,112892.8,154269837.35999998,107854.25,117738.5,119020.0,0.7
2159,13,297,15,149134.0,90041.0,119843.0,111407.9,114752495.28999999,107854.25,117738.5,119020.0,0.7
2160,9,174,11,76105.0,50097.0,76105.0,63936.3,67690736.81,57424.5,64695.0,68701.25,0.8
2160,11,208,13,76105.0,50097.0,69328.0,61382.6,38805467.64,57358.25,60709.0,67146.25,1.0
2161,9,207,11,63782.0,43492.0,63782.0,53065.0,42101443.2,49871.0,51168.5,58801.75,0.9
2162,9,204,11,61685.0,44783.0,61685.0,52933.9,25706030.09,48449.0,52939.0,56833.75,0.9
2163,9,155,11,112492.0,89930.0,112492.0,98393.7,36107613.81,94823.25,97447.5,101202.75,0.8
2164,9,206,11,122428.0,85097.0,122428.0,98727.0,95674039.8,92255.0,97994.0,100432.5,0.5
2164,11,250,13,122428.0,85097.0,100576.0,95772.4,25270472.240000002,92255.0,97994.0,99598.75,0.5
2166,9,204,11,116528.0,97706.0,116528.0,107730.3,33496460.610000003,103931.5,110039.5,111377.0,0.4
2166,11,241,13,116528.0,97706.0,111521.0,105713.5,23145345.25,102593.5,106339.5,110431.25,0.6
2166,13,278,15,116528.0,97706.0,110823.0,104202.4,16697697.64,101607.0,104326.5,106723.25,0.8
2166,15,311,17,116528.0,97706.0,107508.0,102858.9,11615123.690000001,99680.75,102704.0,105962.0,1.0
2167,9,173,11,127275.0,78602.0,127275.0,94321.9,259979775.89000002,83908.25,86519.0,104456.25,0.7
2167,11,203,13,127275.0,78602.0,109754.0,87464.8,64604659.56,83908.25,86179.0,88148.25,0.9
2168,9,209,11,130968.0,102136.0,130968.0,112198.0,104028110.0,103646.5,107997.5,116065.0,0.6
2168,11,229,13,130968.0,101935.0,116156.0,107252.9,25535056.89,102681.5,106480.5,109093.25,0.8
2168,13,265,15,130968.0,101935.0,112558.0,106285.6,12802833.239999998,102681.5,106480.5,109093.25,1.0
2169,9,157,11,112346.0,90282.0,112346.0,102354.0,40164726.4,99779.0,102398.5,104400.25,0.7
2169,11,189,13,112346.0,90282.0,104944.0,100860.7,19243230.81,99779.0,102398.5,104359.75,0.7
2170,9,172,11,91896.0,73532.0,91896.0,83832.7,28321238.609999996,80499.5,84429.0,87644.25,0.9
2172,9,209,11,101374.0,69866.0,101374.0,79988.6,88791189.64,74727.75,77710.5,79860.25,0.8
2172,11,255,13,101374.0,69866.0,87745.0,77464.2,25525205.36,74727.75,77710.5,79860.25,0.8
2173,9,217,11,63319.0,47112.0,63319.0,56422.9,20587002.09,55500.75,57108.0,58206.25,0.9
2174,9,147,11,83760.0,50702.0,83760.0,62629.1,79033440.28999999,56020.25,62196.5,65087.0,0.9
2175,9,159,11,87160.0,71256.0,92010.0,84783.8,47021594.56,80616.25,87160.0,90355.0,0.6
2175,11,216,13,87160.0,71256.0,91355.0,84412.6,42896968.63999999,80616.25,87160.0,88772.0,0.7
2175,13,234,15,87160.0,71256.0,88930.0,83257.3,32810196.609999996,80616.25,85316.0,87160.0,0.9
2177,9,213,11,125350.0,94551.0,125350.0,109462.5,92409340.25,104796.25,109287.5,111785.25,0.7
2177,11,249,13,125350.0,94551.0,113017.0,106963.0,37983140.8,104796.25,109287.5,111785.25,0.7
2177,13,281,15,125350.0,94551.0,112221.0,105754.4,32667965.640000004,103187.0,107891.5,110278.5,0.9
2177,15,309,17,125350.0,94551.0,110736.0,105517.4,30108318.24,103187.0,107891.5,109808.25,1.0
2178,9,232,11,125041.0,99653.0,128221.0,115492.6,98364080.44,107895.0,114549.0,125041.0,0.5
2178,11,264,13,125041.0,99653.0,125041.0,113437.4,65829830.44,107895.0,114333.0,117464.75,0.6
2178,13,308,15,125041.0,99653.0,121284.0,112368.1,46093283.489999995,107895.0,114333.0,117464.75,0.6
2184,9,235,11,104850.0,54284.0,104850.0,79249.9,289719057.89000005,64964.25,80401.0,90615.25,0.5
2184,11,255,13,104850.0,54284.0,93461.0,74446.0,136397199.2,64964.25,79893.0,81699.5,0.6
2184,13,288,15,104850.0,54284.0,82158.0,73315.7,104910093.01,64964.25,79893.0,81699.5,0.6
2185,9,193,11,107137.0,65674.0,107137.0,84841.7,129958226.01000002,76987.25,83667.5,90685.0,0.8
2185,11,208,13,107137.0,65674.0,92144.0,82588.0,68821798.4,76987.25,83667.5,89546.25,0.9
2186,9,216,11,132419.0,87886.0,132419.0,112777.6,300161135.64,97458.0,115131.0,128332.5,0.5
2186,11,259,13,132419.0,87886.0,128677.0,107006.2,206768264.36,97458.0,103559.0,120589.0,0.7
2186,13,288,15,132419.0,87886.0,126044.0,102283.0,98918591.4,97212.5,102895.5,104222.5,0.9
2187,9,198,11,97138.0,97138.0,110883.0,105594.3,25222752.41,102139.75,107394.0,109283.0,0.6
2187,11,226,13,97138.0,97138.0,109402.0,104864.4,20664714.640000004,101736.5,106809.5,108503.25,0.8
2188,9,210,11,131238.0,103115.0,131238.0,112997.4,49930761.64,110250.75,112359.0,114588.25,0.7
2189,9,205,11,129369.0,79146.0,129369.0,106991.5,213549101.05,95869.75,110617.0,114968.5,0.6
2189,11,248,13,129369.0,79146.0,115579.0,102690.1,118140296.69000001,95869.75,105100.0,111334.5,0.8
2190,9,222,11,81434.0,56912.0,81434.0,69457.9,61686101.69,62827.5,69132.0,76550.25,0.9
2191,9,194,11,104984.0,70128.0,104984.0,86760.8,66670429.75999999,84371.75,86897.5,88630.0,0.9
2192,9,228,11,135084.0,95342.0,135084.0,111114.8,98096863.16,106872.5,108298.5,112033.25,0.6
2192,11,264,13,135084.0,95342.0,112082.0,106444.0,22551397.4,106190.5,107466.0,108561.75,0.8
2192,13,294,15,135084.0,95342.0,111887.0,106411.6,22195502.839999996,106190.5,107466.0,108561.75,0.9
2193,9,179,11,126022.0,108094.0,137098.0,123606.0,70479715.6,118673.0,124365.0,128881.75,0.7
2194,9,180,11,37496.0,32402.0,38286.0,36225.5,4061346.85,34521.0,37296.5,37745.75,0.9
2195,9,176,11,49066.0,36093.0,49066.0,41450.5,14771355.65,39768.75,41194.0,42213.0,0.5
2195,11,193,13,49066.0,36093.0,42463.0,39399.4,5247573.4399999995,37011.5,40080.5,41297.5,0.7
2195,13,215,15,49066.0,36042.0,41401.0,38263.5,4546326.65,36235.0,37685.5,40392.25,0.9
2196,9,205,11,95187.0,70952.0,95187.0,84389.3,41357413.410000004,82070.5,84417.5,88000.75,0.8
2196,11,240,13,95187.0,70952.0,89487.0,83354.5,27308239.25,82070.5,84261.0,86599.75,1.0
2197,9,164,11,89551.0,75980.0,92234.0,86609.4,20037211.44,85234.75,88193.0,89551.0,0.8
2198,9,198,11,129914.0,76787.0,129914.0,92160.4,229989470.64000002,80359.25,89750.5,98896.25,0.6
2198,11,231,13,129914.0,76787.0,100783.0,87075.6,54857709.04000001,80359.25,88711.5,91332.0,0.8
2199,9,182,11,122044.0,91300.0,122044.0,105559.2,112366998.75999999,94371.0,107054.5,114160.5,0.6
2200,9,178,11,89608.0,89608.0,105520.0,98911.5,34607604.05,95184.25,99727.5,104432.25,0.5
2200,11,222,13,89608.0,89608.0,104761.0,97832.5,25322157.85,95184.25,98488.0,101608.25,0.7
2202,9,200,11,92747.0,50716.0,92747.0,64642.3,126177318.21000001,59475.25,62692.5,66632.0,0.8
2202,11,224,13,92747.0,50716.0,72743.0,62397.5,45079805.25,59475.25,62692.5,66632.0,0.9
2203,9,186,11,85232.0,63233.0,85232.0,74431.8,63497179.35999999,67942.5,73434.5,82935.5,0.7
2203,11,220,13,85232.0,63233.0,84957.0,74081.2,56810565.56,67942.5,73434.5,80773.25,0.8
2204,9,204,11,89776.0,75698.0,104328.0,95514.0,73924730.2,90116.5,97680.5,103054.25,0.6
2204,11,249,13,89776.0,75698.0,103462.0,92993.8,56491396.36,89946.25,91788.5,98319.25,0.8
2205,9,111,11,43363.0,24152.0,43363.0,31063.2,25527624.360000003,27473.5,30370.5,32897.75,0.9
2206,9,192,11,85542.0,56150.0,85542.0,75709.2,73373650.55999999,71208.0,78246.0,81792.0,0.9
2208,9,207,11,83596.0,64935.0,83596.0,70208.9,30311740.889999993,66089.0,68600.5,72807.75,0.5
2208,11,254,13,83596.0,59894.0,73838.0,67035.3,12112938.010000002,65254.25,66979.5,69062.75,0.7
2208,13,293,15,83596.0,59894.0,69525.0,65826.6,7657420.24,64977.25,66211.5,67567.25,0.9
2209,9,176,11,96335.0,71653.0,96335.0,86116.8,69234214.36,82010.25,90093.0,90726.0,0.4
2209,11,209,13,96335.0,71653.0,92060.0,85100.5,54852997.85,82010.25,89220.0,90591.75,0.5
2210,9,112,11,28332.0,18756.0,43064.0,33998.3,56112974.010000005,28339.25,35070.0,41002.75,0.9
2211,9,187,11,81346.0,63956.0,81346.0,71411.6,27926854.24,67349.5,70733.0,74418.0,0.6
2211,11,218,13,81346.0,63956.0,74740.0,70468.7,15688882.810000002,67349.5,70733.0,74418.0,0.6
2213,9,188,11,93625.0,67413.0,93625.0,83083.4,74617139.03999999,78825.25,87065.5,89535.25,0.7
2213,11,220,13,93625.0,67413.0,90783.0,82091.2,62558535.56,78825.25,85175.5,87679.5,0.8
2218,9,222,11,163882.0,125445.0,163882.0,144207.8,144399945.76000002,133172.75,144706.5,153285.0,0.3
2218,11,254,13,163882.0,124882.0,153513.0,138936.7,102854542.61000001,130778.25,140074.5,147419.0,0.4
2218,13,278,15,163882.0,124882.0,149267.0,135793.0,54230870.0,130778.25,137338.5,140110.25,0.6
2218,15,309,17,163882.0,124882.0,140407.0,134665.0,34574470.0,130778.25,137338.5,139866.0,0.6
2219,9,150,11,97117.0,70118.0,97117.0,79749.7,45646570.01,76184.75,79040.5,81438.0,0.8
2220,9,149,11,79489.0,48528.0,79489.0,65974.5,92306235.85,60898.75,70297.5,72730.75,0.8
2221,9,183,11,104039.0,75916.0,104039.0,86091.7,52777102.809999995,81207.5,85448.5,88644.25,0.8
2222,9,216,11,100838.0,62783.0,100838.0,70841.5,106936138.05,65818.5,67706.5,70765.5,0.8
2222,11,251,13,100838.0,62783.0,71545.0,67204.7,6431483.01,65452.25,67307.5,68269.5,1.0
2223,9,195,11,74515.0,58821.0,74515.0,68282.0,18747071.8,65783.5,69612.0,71238.25,0.7
2224,9,183,11,88013.0,66779.0,88013.0,78718.1,27994749.49,76857.25,78462.0,80507.0,0.8
2224,11,221,13,88013.0,66779.0,82014.0,77870.8,17537139.560000002,76857.25,78462.0,80507.0,0.8
2225,9,228,11,88159.0,65535.0,88159.0,78756.3,53839003.61,74433.5,79480.0,84736.0,0.7
2225,11,261,13,88159.0,65535.0,86293.0,75795.4,33254010.04,73024.25,75992.0,79527.0,0.9
2225,13,304,15,88159.0,65535.0,80065.0,74881.0,21581145.4,73024.25,75439.5,79103.0,1.0
2228,9,224,11,113898.0,69597.0,113898.0,82002.6,147400609.64000002,75441.5,78327.0,80581.0,0.8
2228,11,254,13,113898.0,69597.0,84328.0,78035.8,17657012.359999996,75441.5,78327.0,80581.0,1.0
2230,9,164,11,127281.0,63013.0,127281.0,110808.5,528054916.85,116242.5,120810.5,125194.0,1.0
2231,9,183,11,105529.0,67817.0,105529.0,78180.8,97113122.16,72573.5,75946.0,79644.25,0.8
2232,9,200,11,80944.0,67722.0,87084.0,77377.9,35775615.49,74225.75,77268.0,80944.0,0.7
2232,11,238,13,80944.0,67722.0,80944.0,75942.3,19490125.01,74225.75,76900.5,79539.75,0.9
2238,9,201,11,94099.0,68520.0,94099.0,84836.1,57109583.49000001,81637.75,85892.5,90171.0,0.8
2240,9,204,11,98960.0,62842.0,99446.0,91000.4,136231285.24,92452.25,94948.5,98960.0,0.7
2241,9,151,11,115122.0,70957.0,115122.0,94603.4,178287289.04,87234.5,94308.0,105975.5,0.8
2241,11,185,13,115122.0,70957.0,110200.0,92675.6,132623490.44000001,87234.5,94308.0,95821.25,0.9
2242,9,211,11,114922.0,69519.0,114922.0,86748.1,123961502.69000001,82259.25,84336.0,89617.5,0.8
2242,11,251,13,114922.0,69519.0,91336.0,83831.0,35169287.0,82259.25,84336.0,87581.0,0.9
2243,9,229,11,107315.0,85857.0,107315.0,98468.8,55552202.76000001,94558.5,97855.0,105809.25,0.6
2243,11,274,13,107315.0,85857.0,106010.0,95690.4,41099685.239999995,90569.25,96157.5,98381.75,0.8
2243,13,318,15,107315.0,85857.0,99397.0,93853.1,19895204.689999998,90357.75,94824.0,97197.75,0.9
2244,9,138,11,139472.0,87462.0,139472.0,113681.8,218613228.95999998,103986.5,114200.5,124325.25,0.9
2245,9,168,11,129270.0,104791.0,129270.0,118855.5,50960893.45,114429.75,120123.5,124252.75,0.6
2246,9,194,11,89041.0,79219.0,95702.0,86825.0,25643377.0,83427.5,87956.5,89754.25,0.7
2247,9,165,11,75214.0,52590.0,75214.0,61982.7,44684391.410000004,55882.0,63030.5,66306.5,0.9
2249,9,154,11,98776.0,61206.0,98776.0,79246.8,105779549.75999999,75008.25,82102.5,84336.75,0.8
2249,11,186,13,98776.0,61206.0,85228.0,77722.8,67030155.35999999,75008.25,82102.5,83710.5,1.0
2250,9,230,11,111435.0,87471.0,111435.0,97172.5,67123125.85,90511.0,97378.0,98730.75,0.7
2250,11,255,13,111435.0,87471.0,98897.0,93364.8,16517004.959999999,90511.0,92396.5,97507.0,0.9
2251,9,224,11,139582.0,95888.0,139582.0,118407.4,205633087.44,105328.5,122070.0,126222.0,0.4
2251,11,279,13,139582.0,95888.0,126323.0,115482.4,123687310.44000001,105328.5,122068.5,123679.5,0.4
2251,13,313,15,139582.0,95888.0,124563.0,115130.4,116693352.03999999,105328.5,122068.5,123679.5,0.4
2252,9,238,11,101446.0,91517.0,107751.0,102546.9,20821660.689999998,100699.0,102906.0,105776.25,0.5
2253,9,208,11,120980.0,59929.0,120980.0,101287.8,309000754.56,98664.75,107886.0,111957.0,0.7
2253,11,246,13,120980.0,59929.0,114839.0,100487.7,283060644.21000004,98664.75,107886.0,111957.0,0.7
2254,9,219,11,89442.0,61634.0,89442.0,74489.3,53641090.61,70794.25,74818.5,78504.0,0.9
2255,9,210,11,153465.0,95689.0,153465.0,113034.4,255287707.43999997,103578.5,109608.0,113276.5,0.4
2255,11,248,13,153465.0,93022.0,113361.0,104532.8,44061236.559999995,100372.25,104160.0,109692.5,0.6
2255,13,273,15,153465.0,93022.0,109777.0,103607.9,31491097.49,100372.25,104160.0,108766.25,0.8
2255,15,298,17,153465.0,87531.0,109198.0,101359.2,48200086.760000005,96615.75,103605.0,107230.25,0.9
2256,9,187,11,76502.0,56380.0,76502.0,64458.3,37727755.410000004,60660.0,62481.5,66434.5,0.7
2256,11,203,13,76502.0,56380.0,66525.0,62168.6,9298871.639999999,60660.0,62358.0,64028.5,0.9
2257,9,230,11,82579.0,69774.0,91216.0,83748.3,43539225.410000004,82579.0,84349.5,89054.0,0.6
2258,9,192,11,111702.0,74889.0,111702.0,94525.3,76975582.41,93083.5,95141.0,97991.5,0.8
2259,9,181,11,91249.0,58093.0,91249.0,70216.7,90894355.01,64333.25,68058.0,75950.75,0.6
2259,11,201,13,91249.0,58093.0,76375.0,67135.5,33321615.45,64333.25,66237.5,71209.75,0.8
2259,13,219,15,91249.0,58093.0,71913.0,65861.8,19809643.36,64333.25,66213.0,69182.75,0.9
2260,9,181,11,100668.0,84042.0,104022.0,95682.0,44379616.6,92739.75,97180.0,100668.0,0.5
2260,11,214,13,100668.0,84042.0,100668.0,94064.6,32672277.24,92052.5,93962.0,99406.75,0.6
2260,13,241,15,100668.0,84042.0,99856.0,92778.0,27078320.4,89985.75,92966.5,97170.25,0.7
2261,9,217,11,88090.0,65044.0,88090.0,73406.1,44494887.29000001,69958.0,71753.0,74855.25,0.6
2261,11,261,13,88090.0,65044.0,75208.0,71053.7,10133357.61,69958.0,71753.0,73375.5,0.8
2262,9,205,11,133762.0,113205.0,133762.0,124912.7,47366208.809999995,120633.75,124785.5,131471.0,0.6
2262,11,245,13,133762.0,113205.0,133357.0,123647.2,32326379.96,120633.75,124785.5,125673.0,0.7
2264,9,213,11,83357.0,66354.0,83357.0,73816.3,34431816.41,68171.5,72852.0,78668.0,0.6
2264,11,251,13,83357.0,66354.0,78893.0,72663.9,20413106.89,68171.5,72852.0,76316.0,0.6
2264,13,277,15,83357.0,66354.0,77504.0,72415.6,17767618.639999997,68171.5,72852.0,76316.0,0.6
2265,9,198,11,91637.0,82162.0,105981.0,92924.7,59779443.010000005,86603.5,91637.0,99561.5,0.6
2265,11,231,13,91637.0,82162.0,101816.0,90996.1,29029746.29,86603.5,91637.0,94159.25,0.7
2265,13,273,15,91637.0,82162.0,94613.0,89644.2,15166304.76,86603.5,90385.5,92507.75,0.9
2266,9,140,11,51395.0,35258.0,51395.0,43206.1,20654843.89,41537.75,44308.0,45285.0,0.9
2267,9,221,11,128131.0,86289.0,128131.0,109483.0,106083556.4,106658.75,111763.5,112688.25,0.4
2267,11,265,13,128131.0,86289.0,112757.0,107312.6,62688586.64,106658.75,111057.0,112314.5,0.5
2267,13,296,15,128131.0,86289.0,112482.0,104192.5,72937021.85,100740.75,107382.5,111386.0,0.7
2268,9,184,11,123342.0,96903.0,123342.0,109008.0,57893210.6,104487.25,107996.0,114141.0,0.6
2268,11,230,13,123342.0,96903.0,114174.0,106448.3,29568379.01,103479.25,105214.0,110506.5,0.7
2268,13,275,15,123342.0,96903.0,113944.0,106277.0,27156580.6,103479.25,105214.0,110506.5,0.7
2269,9,208,11,113461.0,96648.0,115360.0,107675.2,47764112.36,101799.5,109609.0,113741.5,0.5
2269,11,252,13,113461.0,96648.0,113835.0,106475.9,36055724.69,101799.5,107061.0,112493.25,0.6
2269,13,275,15,113461.0,96648.0,113461.0,104711.9,23203110.89,101799.5,104828.0,107713.0,0.8
2271,9,180,11,92231.0,79491.0,92231.0,83925.2,14760476.76,80621.5,83253.0,85905.0,0.6
2271,11,214,13,92231.0,73516.0,86162.0,81641.0,11825896.4,80181.25,81916.0,83880.0,0.8
2271,13,247,15,92231.0,73516.0,83885.0,80740.3,8120693.81,79933.5,80818.0,82568.5,1.0
2272,9,154,11,111870.0,73254.0,111870.0,88757.5,82272465.65,85167.0,88272.5,89766.0,0.9
2273,9,219,11,81227.0,41554.0,81227.0,69424.5,111579045.05,68321.0,73173.0,75326.0,0.6
2275,9,172,11,95109.0,58812.0,95109.0,70642.6,95939425.84,64438.75,69702.0,73617.5,0.8
2276,9,178,11,111984.0,69002.0,111984.0,83796.1,123312794.09,78949.0,83949.0,85929.0,0.8
2277,9,138,11,57195.0,45254.0,58671.0,54071.3,13346253.41,53049.25,53713.0,57103.0,0.8
2278,9,172,11,107136.0,47616.0,107136.0,84997.5,352315482.85,70863.75,90189.5,101124.5,0.5
2278,11,193,13,107136.0,47616.0,104478.0,80375.3,233575098.60999998,70863.75,84025.0,90363.25,0.7
2278,13,219,15,107136.0,47616.0,90761.0,78728.1,178423621.29,70863.75,84025.0,89458.75,0.8
2278,15,247,17,107136.0,47616.0,89842.0,77802.9,162040549.09,70863.75,82589.0,87616.25,1.0
2279,9,196,11,92338.0,70194.0,92338.0,82143.8,45715908.95999999,79157.75,83224.5,86865.5,0.9
2280,9,147,11,100716.0,86068.0,100716.0,92081.7,16659176.410000002,89535.75,93262.5,93683.5,0.5
2280,11,173,13,100716.0,84803.0,93725.0,89564.9,12410590.09,86191.0,89623.5,93382.25,0.7
2280,13,207,15,100716.0,84803.0,93502.0,88434.4,9291800.64,85841.5,88004.0,90109.5,0.9
2281,9,186,11,142876.0,91626.0,142876.0,126212.5,287970167.45,127538.75,133325.5,136423.0,0.3
2281,11,231,13,142876.0,91626.0,136617.0,123160.5,245718216.05,121120.25,129929.0,133507.25,0.4
2281,13,268,15,142876.0,91626.0,133689.0,120805.5,211432199.45,119271.25,128152.0,130007.0,0.6
2282,9,211,11,109870.0,85289.0,109870.0,99220.8,43979947.160000004,96461.5,99177.5,103693.5,0.7
2283,9,171,11,99149.0,69535.0,99149.0,86134.7,82084008.21000001,80180.25,87941.0,93831.0,0.9
2284,9,209,11,129476.0,82356.0,129476.0,94864.9,180508870.49,86381.75,91592.5,94258.0,0.8
2284,11,236,13,129476.0,82356.0,94809.0,89694.9,19615851.689999998,86276.5,91020.5,92493.75,1.0
2285,9,191,11,121432.0,91651.0,121432.0,105211.8,68736791.16,103378.5,104914.0,109507.5,0.7
2285,11,224,13,121432.0,91651.0,109963.0,102141.5,37865837.85,97701.25,103784.0,106346.5,0.9
2286,9,218,11,87663.0,76295.0,87663.0,82975.8,8689713.759999998,81847.0,83134.5,84233.25,0.9
2287,9,209,11,139696.0,95559.0,139696.0,110618.2,236237403.56,98556.0,107087.0,110843.0,0.5
2287,11,240,13,139696.0,95559.0,111486.0,104204.7,33208643.209999997,98545.5,105176.5,108884.0,0.6
2288,9,207,11,116081.0,63295.0,116081.0,90986.8,170981481.56,87038.5,89923.5,91727.75,0.8
2288,11,249,13,116081.0,63295.0,92705.0,87158.8,68185660.76,87038.5,89923.5,91727.75,0.8
2289,9,196,11,114263.0,92217.0,119711.0,112630.7,57350015.21,111046.25,115010.5,117281.5,0.8
2289,11,233,13,114263.0,92217.0,117612.0,110116.5,51986247.45,108005.0,112118.5,115384.25,0.9
2290,9,173,11,123901.0,94140.0,123901.0,113033.1,50376382.89,112751.0,113618.0,115000.5,0.7
2291,9,228,11,110727.0,64470.0,110727.0,90732.8,118415799.96,88538.0,92025.5,94668.25,0.9
2292,9,244,11,135248.0,103018.0,135248.0,113033.9,73545400.29,108312.75,110936.5,112712.5,0.8
2292,11,279,13,135248.0,103018.0,115172.0,110465.6,12657302.04,108312.75,110936.5,112712.5,0.8
2293,9,191,11,102864.0,67868.0,102864.0,81760.3,89070640.81000002,75158.0,81154.5,85053.75,0.8
2293,11,220,13,102864.0,67868.0,86626.0,79141.1,32090662.49,75158.0,80408.0,82359.25,0.9
2294,9,205,11,80347.0,59830.0,80347.0,69403.8,26975729.96,66114.25,70706.0,71409.75,0.8
2294,11,241,13,80347.0,59830.0,71799.0,67947.8,14188555.559999999,65636.25,69005.5,71313.75,0.9
2295,9,226,11,89369.0,76342.0,89369.0,80879.1,12009440.09,78309.5,80483.5,82033.25,0.8
2296,9,141,11,74433.0,58310.0,74433.0,66562.9,30049134.090000004,61261.75,69102.5,70445.25,0.7
2296,11,180,13,74433.0,58310.0,70739.0,65583.2,21839882.96,61261.75,67542.5,69465.75,0.8
2296,13,214,15,74433.0,58310.0,69564.0,64616.1,16678724.089999998,61252.5,65376.5,68295.75,1.0
2298,9,191,11,68454.0,46636.0,68668.0,60730.3,59101769.80999999,56491.75,63194.0,67794.75,0.8
2299,9,227,11,86651.0,57090.0,86651.0,73110.7,78992919.21000001,66884.75,75083.5,79486.25,0.8
2300,9,222,11,81806.0,62443.0,85573.0,79528.0,45791518.6,80511.5,81806.0,83554.25,0.4
2300,11,255,13,81806.0,62443.0,83991.0,77822.8,39308226.56,75818.0,80892.0,81806.0,0.6
2302,9,208,11,104530.0,78929.0,104530.0,89556.0,48296330.6,85547.5,90596.0,92277.75,0.8
2303,9,173,11,97523.0,74537.0,97523.0,87555.9,50533225.69,84770.25,88329.0,90530.25,0.7
2303,11,203,13,97523.0,66380.0,91574.0,83846.7,63362831.410000004,78866.25,88120.0,89183.5,0.8
2304,9,186,11,132719.0,86155.0,132719.0,106677.3,141092652.41000003,98264.5,108647.0,110397.5,0.8
2305,9,180,11,128851.0,98438.0,128851.0,113359.2,63802543.96,109481.75,111678.0,118804.75,0.3
2305,11,218,13,128851.0,98438.0,120755.0,111356.9,30150135.689999998,109481.75,111678.0,114275.5,0.3
2305,13,247,15,128851.0,98438.0,115364.0,110622.8,21201970.56,109481.75,111678.0,113299.0,0.3
2306,9,165,11,106290.0,50582.0,106290.0,73900.2,205604883.36000004,64422.25,75984.5,79430.0,0.9
2306,11,181,13,106290.0,50582.0,82886.0,71559.8,103291956.96,64422.25,75984.5,79430.0,1.0
2307,9,226,11,78978.0,78978.0,90432.0,86054.4,17798020.24,83577.25,88027.5,89558.25,0.4
2307,11,262,13,78978.0,78978.0,89616.0,84897.2,14571158.559999999,82621.25,85074.5,88548.25,0.6
2309,9,208,11,92042.0,60373.0,92042.0,79861.6,97108450.03999999,75241.25,80368.0,87585.0,0.5
2309,11,249,13,92042.0,60373.0,88042.0,77533.5,64308731.25,75241.25,77626.5,83443.5,0.6
2309,13,283,15,92042.0,60373.0,84100.0,76556.0,49897977.6,75241.25,77626.5,82001.75,0.6
2309,15,326,17,92042.0,60373.0,82542.0,74085.9,39192441.69,70304.25,75557.5,77910.25,0.8
2309,17,360,19,92042.0,60373.0,78194.0,72675.7,26358546.01,70102.5,74515.5,76023.0,1.0
2310,9,172,11,90520.0,66666.0,90520.0,79480.2,47422129.95999999,74465.0,80364.5,84566.25,0.6
2310,11,202,13,90520.0,66666.0,84908.0,76670.8,32764188.160000004,72357.25,77746.5,81031.25,0.8
2311,9,229,11,150861.0,87937.0,150861.0,109022.9,310923127.09000003,101920.75,105489.0,108668.75,0.7
2311,11,269,13,150861.0,87937.0,109642.0,102272.0,49885125.8,101920.75,105489.0,106081.25,0.9
2312,9,193,11,88123.0,71958.0,90533.0,85092.6,29074315.04,84338.75,88006.5,88123.0,0.9
2314,9,205,11,78051.0,72521.0,83819.0,78174.7,11398281.01,76410.75,78217.5,80346.25,0.9
2315,9,178,11,54982.0,54982.0,81536.0,68819.8,88320714.76000002,61449.0,70793.0,76525.0,0.9
2316,9,219,11,128204.0,74410.0,128204.0,95811.4,183161493.64000002,89502.5,94428.0,96642.75,0.9
2317,9,191,11,94284.0,62818.0,94284.0,76802.9,119712815.09,65713.5,78551.0,85819.75,0.5
2317,11,221,13,94284.0,62818.0,86647.0,74111.4,69779645.03999999,65713.5,75830.0,81012.0,0.7
2317,13,267,15,94284.0,62818.0,81548.0,72321.4,46587877.04,65713.5,73708.5,78579.5,0.8
2317,15,302,17,94284.0,62818.0,80222.0,72119.1,43223122.29,65713.5,73708.5,78579.5,0.9
2318,9,219,11,100962.0,56719.0,100962.0,70774.9,170477436.29000002,63048.0,65930.5,74776.25,0.7
2318,11,251,13,100962.0,56719.0,77024.0,64854.0,28002955.6,61569.0,64375.0,67365.75,0.9
2319,9,192,11,104047.0,91683.0,104047.0,96004.9,12890458.290000001,92681.75,96411.5,97534.5,0.5
2320,9,154,11,83203.0,51205.0,83203.0,64954.6,74907234.44,58395.5,66078.5,69025.75,0.9
2321,9,219,11,102902.0,68428.0,102902.0,86694.3,85908292.41000001,80751.75,87221.0,93113.25,0.9
2322,9,238,11,93320.0,70669.0,93320.0,78925.5,35002177.65,75106.25,78346.5,80614.5,0.5
2322,11,271,13,93320.0,68091.0,80616.0,76076.5,16553798.65,74489.5,76038.0,79850.25,0.7
2323,9,144,11,120323.0,77970.0,120323.0,99901.8,233069636.56,86194.25,102876.0,113385.5,0.8
2324,9,143,11,65317.0,65317.0,102184.0,81328.0,180124769.8,71347.5,77913.5,92744.0,0.9
2325,9,254,11,105370.0,76296.0,105370.0,86064.8,59113432.160000004,82521.25,85199.0,88628.0,0.8
2326,9,221,11,100312.0,55514.0,100312.0,74283.9,143993001.48999995,67884.0,70605.0,80097.75,0.7
2326,11,254,13,100312.0,55514.0,82068.0,70630.4,45928762.64,67884.0,70605.0,75018.0,0.9
2327,9,185,11,134256.0,111719.0,134425.0,126911.8,67509301.75999999,122451.75,130161.5,134256.0,0.5
2327,11,216,13,134256.0,111719.0,134256.0,124269.9,55760786.089999996,121133.25,122535.5,131479.25,0.7
2327,13,247,15,134256.0,111719.0,132797.0,122905.8,36112733.36,121133.25,122535.5,127284.75,0.8
2328,9,165,11,85831.0,53869.0,85831.0,70595.1,67804569.89000002,66011.25,70998.0,75600.5,0.7
2329,9,190,11,63930.0,45960.0,63930.0,50682.4,24007118.24,47876.25,49210.5,51291.0,0.8
2330,9,199,11,118742.0,109272.0,134254.0,118014.2,43232190.36,115519.75,118742.0,119313.25,0.6
2330,11,234,13,118742.0,109272.0,120039.0,115671.6,16535452.24,111974.75,117288.0,118862.75,0.7
2331,9,250,11,103698.0,76841.0,103698.0,92521.2,74607784.16,90160.0,92940.0,97709.5,0.6
2331,11,293,13,103698.0,76841.0,97815.0,88679.1,51547191.29000001,82711.25,90988.0,92942.0,0.8
2332,9,177,11,143932.0,90937.0,143932.0,108646.6,180164019.44,100722.25,107125.0,109394.75,0.8
2333,9,172,11,91667.0,59707.0,91667.0,77231.2,89027856.75999999,71185.25,78220.5,84593.75,0.9
2334,9,200,11,83350.0,83344.0,91613.0,86890.0,7654638.6,84175.25,86934.0,88728.0,0.5
2334,11,242,13,83350.0,82998.0,89324.0,85940.9,5534766.89,83350.0,86690.5,87282.0,0.6
2335,9,234,11,101813.0,91574.0,101813.0,98252.6,11547244.44,97990.25,99305.0,99984.25,0.2
2335,11,272,13,101813.0,91574.0,100081.0,96856.0,9539438.2,94419.0,98372.5,99305.5,0.4
2335,13,312,15,101813.0,76679.0,99694.0,94515.8,43733972.56,92649.0,96630.0,99262.25,0.5
2335,15,342,17,101813.0,76679.0,99304.0,90584.2,66451190.96,83268.5,93102.0,97119.0,0.7
2336,9,198,11,81781.0,51345.0,81781.0,65864.4,60970715.04,60680.25,67561.5,68814.0,0.7
2336,11,238,13,81781.0,51345.0,69574.0,64118.2,30887416.159999996,60680.25,66414.5,68583.25,0.8
2336,13,279,15,81781.0,51345.0,68802.0,63963.9,29406467.689999998,60680.25,66414.5,68370.0,1.0
2337,9,244,11,105153.0,74956.0,105153.0,87875.4,80785623.44000001,80213.25,87857.5,92529.25,0.4
2337,11,295,13,105153.0,74956.0,93193.0,83916.1,30436480.490000002,79726.0,83148.0,87977.75,0.6
2337,13,335,15,105153.0,74956.0,89627.0,83105.7,20484390.81,79726.0,83148.0,87212.75,0.6
2339,9,231,11,101928.0,63083.0,101928.0,83387.9,81975253.69,81891.25,83974.0,86370.5,0.9
2339,11,262,13,101928.0,63083.0,87941.0,81989.2,47718433.16,81891.25,83974.0,86370.5,0.9
2340,9,204,11,96367.0,80566.0,105046.0,94022.2,47626471.76,90081.25,93556.0,97271.5,0.8
2341,9,199,11,134372.0,74064.0,134372.0,86292.3,291480398.01,77045.75,80692.5,85023.5,0.7
2341,11,231,13,134372.0,74064.0,87135.0,80748.2,21807721.36,77045.75,80692.5,85023.5,0.7
2342,9,227,11,104311.0,80744.0,104311.0,94817.6,37596948.839999996,92879.75,96309.5,98086.0,0.4
2342,11,259,13,104311.0,79597.0,98481.0,91734.4,40152183.239999995,89694.75,93907.5,96546.25,0.6
2342,13,291,15,104311.0,79597.0,96783.0,91171.5,34736596.65,89694.75,93743.0,95388.5,0.8
2344,9,214,11,60656.0,39428.0,60656.0,51745.3,43682291.81,47652.0,54512.5,56577.0,0.9
2345,9,139,11,178847.0,105216.0,178847.0,125546.6,413530889.84000003,116302.25,119473.0,125076.0,0.7
2345,11,176,13,178847.0,105216.0,127083.0,118010.2,46555745.36,116302.25,119219.0,122572.25,0.8
2346,9,181,11,90479.0,80440.0,92764.0,87425.7,10949567.809999999,86158.75,87388.0,89977.5,0.8
2346,11,212,13,90479.0,80440.0,90479.0,86911.0,7838566.6,86158.75,87388.0,88259.0,0.9
2347,9,206,11,93214.0,66143.0,93214.0,78383.1,71138699.28999999,70499.5,79671.5,84543.5,0.9
2348,9,213,11,86372.0,63539.0,86372.0,81877.4,46616042.44,81404.25,85224.5,85791.5,0.5
2348,11,248,13,86372.0,63539.0,85938.0,81507.3,43945763.81,81334.25,84526.0,85271.75,0.7
2349,9,220,11,83460.0,75951.0,87229.0,82831.8,11599080.360000001,81582.0,83806.5,85051.25,0.8
2350,9,232,11,85219.0,78962.0,90580.0,84878.7,18758012.81,80461.25,85219.0,88910.25,0.6
2350,11,275,13,85219.0,78962.0,89152.0,84277.8,13641997.760000002,80461.25,85219.0,87473.5,0.8
2351,9,215,11,149379.0,72191.0,149379.0,94419.0,512030238.0,78750.75,86728.5,104208.75,0.7
2351,11,233,13,149379.0,72191.0,109360.0,84649.9,101015143.28999998,77285.75,83560.0,88440.25,0.9
2352,9,248,11,120039.0,83644.0,120039.0,94849.7,83916232.21000001,91127.5,92951.5,95249.75,0.5
2352,11,296,13,120039.0,81509.0,95777.0,90632.7,19764645.009999998,89158.5,92508.0,93594.0,0.6
2353,9,207,11,135088.0,94948.0,135088.0,110325.4,185432688.44,100571.5,105658.0,122143.5,0.6
2353,11,230,13,135088.0,94948.0,126205.0,104536.2,81685171.16,97115.25,102273.5,109385.0,0.8
2354,9,161,11,116344.0,98020.0,116344.0,108945.7,31263535.410000004,105689.75,110523.5,113029.0,0.7
2355,9,189,11,100706.0,68117.0,100706.0,81444.1,100410853.08999999,72302.5,84773.5,86477.75,0.9
2355,11,217,13,100706.0,68117.0,90956.0,80469.1,71405773.09,72302.5,84773.5,86477.75,0.9
2356,9,99,11,61464.0,43683.0,61464.0,53183.2,29421274.560000002,48672.0,54820.0,57083.25,0.7
2357,9,213,11,106605.0,63527.0,106605.0,94250.5,127273509.25,93454.25,97178.0,100688.75,0.9
2358,9,145,11,89036.0,66273.0,89527.0,80125.8,78236814.35999998,72802.5,82422.0,88818.25,0.7
2358,11,177,13,89036.0,66273.0,89036.0,79658.9,71327275.09,72802.5,82422.0,87366.75,0.9
2359,9,166,11,106241.0,75130.0,106241.0,90427.2,56941041.160000004,89346.0,90934.5,92669.75,0.9
2359,11,191,13,106241.0,75130.0,94202.0,88773.9,29251738.089999996,89285.75,90097.0,92011.75,1.0
2360,9,209,11,100759.0,51855.0,100759.0,77920.9,232871034.49,70461.5,82854.0,87125.0,0.8
2360,11,247,13,100759.0,51855.0,89846.0,76630.9,188301718.49,70461.5,82854.0,87125.0,0.8
2360,13,297,15,100759.0,51855.0,87439.0,75036.7,160754927.21,70461.5,78538.0,85994.25,1.0
2361,9,211,11,102743.0,69938.0,102743.0,86547.1,99391659.49,80696.0,83510.5,95035.25,0.5
2361,11,243,13,102743.0,69938.0,96616.0,82160.0,48319615.8,78307.0,81366.0,83981.25,0.7
2361,13,276,15,102743.0,69938.0,86627.0,80418.9,19821985.09,78307.0,81366.0,82795.5,0.8
2362,9,277,11,87577.0,66570.0,87577.0,76180.9,35269899.89,75058.0,76438.0,78747.5,0.6
2362,11,319,13,87577.0,66570.0,79370.0,74041.1,18393548.69,71523.75,75754.5,76857.0,0.7
2363,9,132,11,106040.0,72508.0,106040.0,85658.1,103611343.09,77182.75,84381.0,92721.5,0.9
2364,9,175,11,96640.0,58970.0,96640.0,79501.7,137333319.20999998,72307.5,82583.5,83630.25,0.6
2364,11,212,13,96640.0,58970.0,85036.0,77053.9,77524948.49,72307.5,82583.5,83630.25,0.6
2364,13,247,15,96640.0,58970.0,83740.0,76751.8,73437110.96000001,72307.5,82356.5,83168.5,0.7
2364,15,278,17,96640.0,58970.0,83301.0,75522.3,62691487.410000004,72307.5,77445.5,82376.25,0.9
2365,9,198,11,95398.0,66508.0,95398.0,85410.7,60595428.60999999,82505.0,88175.0,90236.25,0.6
2365,11,234,13,95398.0,66508.0,90978.0,84446.9,49704103.089999996,82505.0,86643.5,89876.75,0.7
2365,13,277,15,95398.0,66508.0,90228.0,83088.9,45472717.89,79909.0,84359.0,88499.0,0.8
2365,15,318,17,95398.0,66508.0,88823.0,82021.5,37105226.05,79822.75,82656.0,86270.0,1.0
2366,9,181,11,88986.0,73600.0,96703.0,86911.2,43358886.559999995,81700.75,88986.0,91387.0,0.6
2366,11,219,13,88986.0,73600.0,91693.0,84769.4,30158710.840000004,80507.75,86242.5,88986.0,0.8
2367,9,205,11,134527.0,101709.0,134527.0,112225.3,82976567.80999999,104996.0,112849.0,113964.25,0.6
2367,11,238,13,134527.0,92098.0,114360.0,107833.9,53611883.69,101988.0,112373.5,113703.5,0.7
2368,9,224,11,108100.0,80228.0,108100.0,94748.9,75081501.49,88502.5,93706.0,100473.25,0.7
2368,11,255,13,108100.0,80228.0,102298.0,92459.4,34983086.839999996,88502.5,93706.0,95798.5,0.8
2370,9,214,11,85672.0,85672.0,97457.0,92364.0,18116123.4,89209.5,93484.5,96152.5,0.5
2371,9,179,11,95235.0,62836.0,95235.0,78107.6,83790322.23999998,72321.5,80376.0,81557.75,0.9
2372,9,171,11,139100.0,73608.0,139100.0,92973.0,377788892.2,79455.75,87301.0,93593.75,0.8
2372,11,210,13,139100.0,73608.0,95750.0,86299.0,56780258.2,79455.75,87301.0,93593.75,0.9
2374,9,239,11,103880.0,88859.0,107649.0,99134.2,46341050.56,91956.75,101380.5,104696.0,0.6
2374,11,279,13,103880.0,88859.0,105589.0,98616.6,39937717.44,91956.75,100677.0,103880.0,0.7
2375,9,225,11,87262.0,47480.0,87262.0,61039.5,103984633.65,57128.75,59525.0,62136.5,0.8
2375,11,272,13,87262.0,47480.0,64654.0,58406.3,26261304.61,57128.75,59525.0,62136.5,1.0
2377,9,219,11,102024.0,63195.0,102024.0,81479.0,111165864.0,76060.5,80202.5,87467.5,0.7
2377,11,254,13,102024.0,63195.0,88848.0,78872.2,50735303.160000004,76060.5,80202.5,83742.25,0.9
2380,9,208,11,97432.0,75716.0,97432.0,84868.6,32271952.040000003,81619.25,84695.5,86907.25,0.8
2381,9,153,11,94203.0,52024.0,94203.0,68659.3,113797870.61000001,62792.25,67914.5,72793.5,0.6
2381,11,189,13,94203.0,52024.0,72920.0,64781.9,35718992.69,62300.25,65162.5,68236.25,0.8
2381,13,207,15,94203.0,52024.0,68654.0,63976.0,25594940.4,62300.25,65162.5,68236.25,1.0
2382,9,179,11,102546.0,62101.0,102546.0,72879.7,121992381.21000001,66098.75,69616.0,75957.25,0.9
2383,9,201,11,100847.0,74439.0,100847.0,84078.9,57527374.49000001,77748.0,84820.5,86183.0,0.8
2384,9,189,11,103616.0,81072.0,103616.0,95495.7,39712959.410000004,92313.5,95875.0,100135.0,0.5
2384,11,207,13,103616.0,81072.0,100535.0,94082.5,30307471.85,91658.25,93682.0,98581.25,0.6
2385,9,172,11,89950.0,86483.0,92702.0,90212.1,2816817.09,89703.25,89974.5,91022.0,0.9
2386,9,163,11,140402.0,76338.0,140402.0,118258.7,278932595.21,112507.0,119368.0,130053.25,0.8
2387,9,203,11,145964.0,92341.0,145964.0,112372.1,235362248.08999997,104016.25,106623.5,115253.75,0.5
2387,11,234,13,145964.0,92341.0,117089.0,105762.1,35510985.089999996,104016.25,105720.5,108474.5,0.6
2387,13,257,15,145964.0,92341.0,109748.0,104391.0,21369596.8,103450.0,105321.0,107002.25,0.7
2387,15,278,17,145964.0,92341.0,107381.0,103008.7,18711317.21,102381.25,104366.5,105793.25,0.8
2388,9,224,11,117886.0,113280.0,125079.0,119015.6,19159674.240000002,114754.75,118842.5,122931.5,0.6
2389,9,186,11,119804.0,75146.0,119804.0,87728.7,165015320.60999998,81546.25,84116.5,86422.5,0.8
2389,11,208,13,119804.0,75146.0,88117.0,83023.9,18335939.490000002,81546.25,84116.5,86422.5,0.9
2390,9,144,11,90433.0,78738.0,90433.0,86139.3,13270717.010000002,84996.0,87221.0,88895.5,0.9
2392,9,122,11,94748.0,80025.0,94748.0,86960.0,19865234.8,83116.25,88084.0,90144.5,0.8
2393,9,249,11,102313.0,73287.0,102313.0,82377.2,78389285.35999998,76666.0,77925.0,85538.25,0.6
2393,11,296,13,102313.0,73287.0,87072.0,77768.3,13784774.410000002,76388.25,76891.5,78255.5,0.8
2393,13,334,15,102313.0,73287.0,80699.0,77093.7,5310234.01,76388.25,76891.5,78255.5,0.8
2394,9,208,11,93593.0,66065.0,93593.0,77950.7,45950428.41,74067.5,78223.5,80283.0,0.7
2395,9,201,11,89174.0,61513.0,89174.0,70723.8,56078230.56,66052.25,67910.5,74534.0,0.6
2395,11,233,13,89174.0,61513.0,74809.0,68031.9,14115732.089999998,66052.25,67559.0,69032.25,0.8
2395,13,280,15,89174.0,61513.0,73568.0,67774.6,11186503.64,66052.25,67559.0,69032.25,1.0
2396,9,173,11,88719.0,61321.0,88719.0,75349.0,77030596.0,68311.75,76787.5,82405.75,0.6
2396,11,200,13,88719.0,61321.0,82842.0,72498.1,55581634.489999995,65753.75,71738.5,79631.0,0.8
2397,9,214,11,93250.0,70028.0,93250.0,77471.4,43215613.239999995,72894.25,75651.5,80187.5,0.9
2398,9,224,11,88607.0,69976.0,91503.0,80863.2,46401517.56,76208.25,80728.5,87115.0,0.5
2398,11,257,13,88607.0,60237.0,88607.0,77040.5,57076594.25,73505.5,78217.5,82126.75,0.7
2399,9,222,11,75999.0,62759.0,79113.0,73586.4,18049467.839999996,72048.0,74542.5,75999.0,0.8
2401,9,224,11,112512.0,88852.0,112512.0,99402.3,31872630.410000004,97273.5,99123.5,100874.0,0.3
2401,11,251,13,112512.0,88852.0,101146.0,97278.3,10451706.41,96567.0,97692.0,99204.75,0.5
2402,9,228,11,87657.0,75345.0,101253.0,91452.1,65957151.69,87305.25,91129.5,98782.0,0.8
2404,9,201,11,132814.0,86755.0,132814.0,105767.3,167729790.81,95822.75,106919.5,110619.5,0.8
2404,11,243,13,132814.0,86755.0,113340.0,103240.7,83767126.41000001,95822.75,106919.5,110619.5,0.9
2405,9,185,11,118767.0,68705.0,118767.0,83451.4,174412597.24,74829.0,81969.5,86172.0,0.9
2406,9,189,11,68421.0,51096.0,68421.0,60081.9,26975350.49,56714.5,59168.0,64038.25,0.9
2408,9,251,11,111702.0,70997.0,111702.0,87012.0,103709322.8,84265.25,87781.5,89237.25,0.9
2409,9,169,11,70838.0,41324.0,70838.0,61302.0,79340561.0,56212.75,65478.5,66357.5,0.6
2410,9,195,11,109617.0,94773.0,124418.0,113692.2,66857749.96,109978.5,112632.5,120510.5,0.8
2411,9,219,11,151164.0,83413.0,151164.0,113019.4,257053003.04000005,110243.0,112410.5,114793.0,0.8
2411,11,256,13,151164.0,83413.0,116603.0,108269.9,87211510.69,108341.25,110783.0,113813.75,0.9
2412,9,188,11,78273.0,41801.0,78273.0,55848.4,83450538.04,53482.75,55918.0,57145.5,0.9
2414,9,181,11,98036.0,58531.0,98036.0,80199.8,101716555.56000002,74979.25,81735.0,86024.0,0.6
2414,11,205,13,98036.0,58531.0,86596.0,78387.1,64047652.89000001,74979.25,81525.0,83783.25,0.8
2415,9,197,11,142841.0,126530.0,142841.0,137973.1,35134899.69,137423.75,140759.0,141700.5,0.4
2415,11,227,13,142841.0,126530.0,141714.0,135703.1,38348793.89,129099.5,137970.5,140877.0,0.6
2416,9,152,11,91415.0,72219.0,91415.0,81243.6,28167136.04,76799.75,82688.5,83421.75,0.9
2417,9,205,11,99194.0,73956.0,99194.0,86658.3,51235343.410000004,83498.5,86243.0,88582.75,0.8
2417,11,247,13,99194.0,73956.0,91278.0,85237.5,26377526.45,83498.5,86243.0,88582.75,0.8
2418,9,218,11,124571.0,106554.0,124571.0,115025.0,20279703.4,114353.75,115036.0,115779.25,0.9
2419,9,215,11,94387.0,94387.0,114702.0,104160.6,46233448.64,98026.75,105575.0,107761.0,0.9
2420,9,168,11,104328.0,70619.0,104328.0,90001.8,82106360.35999998,86615.25,89297.0,96825.5,0.7
2420,11,205,13,104328.0,70619.0,96978.0,88982.6,61654407.44,86615.25,89297.0,96136.75,0.9
2421,9,197,11,74361.0,56496.0,74361.0,67506.4,21170331.240000002,66761.5,67433.5,70058.25,0.8
2421,11,242,13,74361.0,56496.0,72866.0,67356.9,19321958.09,66761.5,67433.5,70058.25,0.8
2423,9,202,11,72202.0,48341.0,72202.0,65220.6,50397651.44,62842.5,68293.0,69618.75,0.7
2424,9,216,11,51536.0,48597.0,59329.0,54574.6,10384226.04,51856.0,55046.5,56774.75,0.6
2425,9,161,11,117050.0,81104.0,117050.0,93312.1,90967982.09,88186.0,93885.0,94708.0,0.8
2425,11,200,13,117050.0,81104.0,95876.0,91049.4,29450465.24,88186.0,93885.0,94708.0,1.0
2426,9,203,11,108696.0,85984.0,108696.0,97003.7,38749352.410000004,92899.75,96676.0,99186.25,0.6
2426,11,243,13,108696.0,85984.0,99450.0,94159.7,22865665.21,92649.5,94552.5,98537.25,0.7
2426,13,277,15,108696.0,83929.0,98902.0,92383.9,25589341.69,87673.75,92998.5,96760.25,0.9
2427,9,141,11,107569.0,63084.0,107569.0,78708.3,193662493.60999998,67501.75,75959.5,82666.0,0.8
2427,11,172,13,107569.0,63084.0,85512.0,75108.4,65262875.44000001,67501.75,75959.5,82666.0,0.9
2428,9,193,11,98853.0,81048.0,98853.0,96103.0,26037953.4,96800.25,97696.5,98701.5,0.4
2428,11,235,13,98853.0,81048.0,98844.0,94929.3,26664812.61,95858.0,96848.5,97840.25,0.6
2428,13,272,15,98853.0,81048.0,97984.0,93258.3,33622554.41,91582.75,96285.5,96896.75,0.8
2429,9,184,11,123694.0,103947.0,123694.0,109711.9,33733935.89,105264.0,107819.5,111879.5,0.5
2429,11,216,13,123694.0,100079.0,112087.0,106619.3,11747351.809999999,104925.75,105862.5,109069.25,0.7
2429,13,250,15,123694.0,100079.0,110029.0,106202.2,8232995.359999999,104925.75,105862.5,108740.0,0.7
2429,15,287,17,123694.0,100079.0,109144.0,105804.9,6124193.6899999995,104925.75,105862.5,107396.75,0.9
2430,9,195,11,116859.0,64404.0,116859.0,81074.6,197117564.04000002,73409.25,76848.5,86412.75,0.7
2430,11,234,13,116859.0,64404.0,89058.0,76191.6,37820975.04000001,73409.25,76844.0,78365.75,0.8
2430,13,267,15,116859.0,64404.0,78900.0,75017.4,19587819.240000002,73409.25,76844.0,78365.75,0.9
2431,9,201,11,82880.0,82880.0,96602.0,90277.3,26268516.61,85176.75,91844.5,94992.25,0.9
2433,9,168,11,84316.0,60516.0,97352.0,85748.0,115569149.4,81726.25,88160.0,93997.5,0.7
2433,11,203,13,84316.0,60516.0,94450.0,84508.9,95582564.49,81726.25,86569.0,91877.5,0.9
2434,9,248,11,68703.0,62046.0,68859.0,65803.5,5659433.25,63712.0,66037.0,68204.0,0.9
2437,9,181,11,123986.0,71874.0,123986.0,94505.1,163970730.69,90666.0,93327.0,96361.5,0.7
2437,11,224,13,123986.0,71874.0,100240.0,91626.0,64002824.6,90666.0,93327.0,96361.5,0.7
2437,13,246,15,123986.0,71874.0,97217.0,90098.3,48119524.61,90155.5,92793.0,93777.0,0.8
2438,9,173,11,124393.0,71085.0,124393.0,88283.6,237055641.44,78906.25,84187.5,86137.0,0.8
2438,11,205,13,124393.0,71085.0,88756.0,82458.1,27324829.889999997,78906.25,84187.5,86137.0,1.0
2439,9,199,11,95937.0,76764.0,95937.0,86481.0,33201963.2,84192.25,86804.5,89466.75,0.7
2439,11,231,13,95937.0,76764.0,90226.0,84181.6,16215325.440000001,81996.5,85357.5,86904.25,0.9
2439,13,264,15,95937.0,76764.0,87189.0,83644.2,12317993.16,81996.5,85068.5,86311.25,1.0
2440,9,228,11,70859.0,40354.0,70859.0,56353.8,106972976.96,47500.0,56570.0,66609.25,0.7
2440,11,268,13,70859.0,40354.0,69127.0,54381.9,68060613.28999999,47500.0,56570.0,59950.75,0.9
2441,9,181,11,163342.0,112436.0,163342.0,128444.1,185584452.69,121533.75,128036.5,128648.25,0.4
2441,11,227,13,163342.0,112436.0,130469.0,124433.3,41120450.81,121533.75,128036.5,128648.25,0.4
2442,9,236,11,69711.0,61838.0,72337.0,67709.6,11983132.24,64403.0,68674.5,70775.25,0.8
2442,11,274,13,69711.0,61838.0,71161.0,67511.4,10502380.040000001,64403.0,68674.5,70194.0,0.9
2443,9,188,11,149164.0,99913.0,149164.0,113637.1,172640148.49,108641.75,110497.5,113493.0,0.6
2443,11,232,13,149164.0,81318.0,113633.0,105634.3,84239614.81,102945.5,108928.5,110938.25,0.8
2444,9,201,11,97670.0,78548.0,98916.0,91292.6,46834927.44,88084.5,92672.0,97342.75,0.6
2444,11,246,13,97670.0,78548.0,97670.0,89162.7,35121701.81,87215.5,89331.5,93500.5,0.8
2444,13,285,15,97670.0,78072.0,94329.0,86806.1,30493017.089999996,82239.5,87668.5,90906.0,1.0
2445,9,191,11,92364.0,36037.0,92364.0,65546.0,263374901.0,55141.5,63786.5,71613.75,0.8
2445,11,212,13,92364.0,36037.0,78753.0,62319.2,139500529.76,55141.5,63786.5,71613.75,1.0
2446,9,148,11,77763.0,62036.0,77763.0,71992.5,22602807.65,69048.0,73129.5,74620.25,0.9
2447,9,220,11,141786.0,75159.0,141786.0,98662.3,347647371.61,89133.5,91758.5,99167.75,0.6
2447,11,253,13,141786.0,75159.0,99580.0,90509.0,43144168.0,88613.75,90833.0,94679.75,0.8
2448,9,195,11,106367.0,80547.0,106367.0,90898.7,40326524.41000001,88026.5,91421.5,92229.0,0.4
2448,11,240,13,106367.0,80547.0,92575.0,88514.0,16806090.2,85598.5,90323.0,91783.5,0.5
2448,13,271,15,106367.0,80547.0,91955.0,87677.3,15663365.61,84709.0,88533.0,91582.25,0.6
2448,15,297,17,106367.0,80547.0,91743.0,87417.9,13891097.49,84709.0,88533.0,90762.0,0.7
2449,9,210,11,101816.0,71024.0,101816.0,79274.0,70980484.8,74517.75,76351.0,80505.5,0.8
2449,11,232,13,101816.0,71024.0,82706.0,77030.4,13647634.239999998,74517.75,76351.0,80505.5,1.0
2450,9,199,11,101734.0,81476.0,101734.0,94961.1,52836006.690000005,93678.5,97178.0,100975.75,0.6
2450,11,236,13,101734.0,81476.0,101437.0,94121.7,44409167.809999995,93678.5,96385.5,98330.25,0.8
2451,9,213,11,96872.0,83206.0,97179.0,90752.5,27581902.85,86020.75,90422.5,96312.5,0.6
2452,9,152,11,131151.0,69690.0,131151.0,96427.5,224491132.85,91195.25,95314.0,96395.0,0.8
2452,11,174,13,131151.0,69690.0,99318.0,92029.9,67198672.28999999,91195.25,95314.0,96395.0,0.8
2453,9,189,11,103390.0,65130.0,103390.0,81839.8,94874861.55999999,74811.0,83998.5,84730.75,0.8
2453,11,225,13,103390.0,65130.0,87648.0,80265.6,49329162.64,74811.0,83998.5,84730.75,0.8
2454,9,221,11,119363.0,97596.0,119363.0,104488.2,38612801.56,100028.0,102231.5,107345.75,0.7
2454,11,272,13,119363.0,97596.0,107917.0,102418.3,12198627.610000001,99961.25,101396.5,105460.75,0.8
2455,9,132,11,59838.0,40663.0,59838.0,47418.5,29748510.05,43139.25,47717.5,49796.0,0.8
2455,11,147,13,59838.0,40663.0,50104.0,45504.8,13810909.959999999,41709.0,46194.5,49007.5,0.9
2456,9,160,11,69745.0,69745.0,97313.0,86968.1,90389397.49000001,83800.0,89925.0,93685.5,0.9
2458,9,221,11,102935.0,79255.0,102935.0,85570.6,36527471.04,83305.25,84351.0,85190.5,0.9
2460,9,217,11,91394.0,75620.0,91584.0,85896.1,31136137.889999997,81170.25,87438.0,90900.5,0.8
2462,9,196,11,114060.0,73865.0,114060.0,86739.2,122623121.16,77555.25,87790.5,90478.5,0.5
2462,11,231,13,114060.0,68705.0,90755.0,80414.8,58121725.36,74287.0,78584.5,88539.25,0.7
2463,9,146,11,143688.0,43096.0,143688.0,83578.9,1136562194.29,62194.25,63896.5,97907.75,0.8
2463,11,155,13,143688.0,43096.0,103734.0,75234.5,412554656.45,62194.25,63896.5,97907.75,1.0
2465,9,160,11,107929.0,71867.0,111259.0,97819.8,128118247.36000001,91786.25,101868.5,106518.75,0.6
2465,11,194,13,107929.0,71867.0,107929.0,96205.9,100197183.69000001,91786.25,101106.5,102216.25,0.7
2465,13,213,15,107929.0,71867.0,102572.0,95636.5,89764864.65,91786.25,101106.5,102176.5,0.7
2466,9,200,11,78849.0,62660.0,82281.0,75924.5,25195014.25,75386.75,76557.0,78849.0,0.7
2467,9,205,11,70876.0,56511.0,70876.0,63268.4,16027835.24,61003.75,63698.0,64331.75,0.6
2467,11,244,13,70876.0,56511.0,64442.0,61469.0,8393100.4,59010.25,62878.5,63902.25,0.8
2468,9,230,11,99528.0,82538.0,103329.0,96617.6,29540291.24,95745.5,98390.0,99487.0,0.8
2469,9,241,11,131657.0,121461.0,139896.0,130649.6,27849972.240000002,128737.0,130377.0,131657.0,0.5
2469,11,284,13,131657.0,112659.0,138027.0,127860.7,42884063.21,125785.25,129286.0,131510.0,0.6
2469,13,321,15,131657.0,112659.0,131657.0,125503.0,30963807.8,122300.25,126866.0,129485.5,0.8
2470,9,150,11,79108.0,54899.0,79108.0,64832.2,53657026.76,60407.25,64004.5,66687.0,0.6
2470,11,172,13,79108.0,54899.0,67394.0,62013.1,14284382.09,60318.75,62545.5,64477.25,0.7
2471,9,197,11,86981.0,75183.0,86981.0,82506.7,15754599.61,81168.0,84382.5,85035.75,0.9
2472,9,257,11,105792.0,84778.0,105792.0,95914.9,62238396.289999984,91406.25,92857.0,104895.0,0.6
2472,11,301,13,105792.0,84778.0,105621.0,92952.2,39928903.56,89288.5,92112.0,93321.5,0.8
2472,13,338,15,105792.0,84778.0,95505.0,91028.6,11336940.84,89288.5,92112.0,93321.5,0.9
2473,9,219,11,131514.0,110564.0,141183.0,124040.3,101786450.01,115075.75,124652.0,131514.0,0.4
2473,11,248,13,131514.0,108984.0,131514.0,118965.2,66296368.56,112737.25,115381.5,126348.5,0.6
2473,13,286,15,131514.0,108984.0,128045.0,116369.3,28648432.009999998,112737.25,115381.5,119362.25,0.8
2473,15,304,17,131514.0,108984.0,121259.0,115289.0,13925347.4,112737.25,115381.5,117151.25,0.9
2474,9,162,11,79597.0,65330.0,79597.0,71798.3,25949380.410000004,68809.25,69956.5,76379.25,0.6
2474,11,193,13,79597.0,65330.0,77695.0,69655.5,11356935.85,67718.75,69386.0,70304.25,0.8
2475,9,195,11,70134.0,54031.0,70134.0,63345.3,24416461.81,60969.0,64907.0,66158.25,0.7
2475,11,239,13,70134.0,54031.0,66372.0,62047.4,16248842.040000001,60468.0,63507.5,65042.5,0.9
2476,9,177,11,62834.0,62834.0,98880.0,86866.7,185344863.01,80245.75,95817.5,96412.75,0.8
2477,9,118,11,142236.0,85226.0,142236.0,114139.7,195139382.21,109812.25,114997.5,119610.5,0.8
2479,9,144,11,58261.0,52282.0,58261.0,55526.0,3413704.4,54289.5,55625.0,57108.0,0.7
2480,9,115,11,140799.0,72000.0,140799.0,92308.6,332963079.44,84569.25,87989.0,91417.5,0.8
2480,11,143,13,140799.0,72000.0,95968.0,86796.5,53139267.45,84569.25,87989.0,91417.5,1.0
2481,9,215,11,76605.0,69226.0,81646.0,77803.4,15971413.84,76605.0,78751.0,80997.0,0.7
2481,11,244,13,76605.0,69226.0,81379.0,77153.2,14619721.16,75605.25,76610.0,80962.75,0.8
2482,9,173,11,90201.0,49673.0,90201.0,63581.7,102073460.01,60160.0,62378.0,64676.25,0.9
2483,9,159,11,98644.0,48457.0,98644.0,76899.0,148871269.4,74378.0,78399.5,82535.75,0.9
2484,9,146,11,104544.0,70869.0,104544.0,85351.0,82903513.6,79287.5,87115.0,89220.75,0.5
2484,11,170,13,104544.0,70869.0,89273.0,82133.5,38478868.45,77950.75,83513.5,87712.0,0.7
2484,13,199,15,104544.0,70869.0,88309.0,80773.3,28680514.610000003,77840.5,80840.0,85372.25,0.9
2486,9,192,11,118373.0,84193.0,118373.0,94048.4,144362682.24,85883.5,88595.0,96063.75,0.8
2486,11,232,13,118373.0,84193.0,102389.0,91145.9,45241868.49,85883.5,88595.0,96063.75,1.0
2487,9,238,11,90050.0,70651.0,90050.0,81803.4,47628090.839999996,76865.25,82788.0,87742.0,0.8
2488,9,208,11,94681.0,80518.0,94681.0,84787.5,19176826.25,81075.25,83492.0,87422.75,0.7
2488,11,233,13,94681.0,79224.0,88908.0,83241.8,10094756.760000002,80742.75,82054.5,85379.75,0.8
2488,13,279,15,94681.0,79224.0,85935.0,82293.9,4771944.489999999,80742.75,81457.5,83901.5,0.9
2489,9,171,11,115022.0,89695.0,115022.0,100146.4,58300776.04000001,93831.5,101610.0,104524.0,0.8
2490,9,190,11,97991.0,70662.0,97991.0,80970.2,56232117.56,74808.0,82293.5,83660.5,0.8
2491,9,150,11,40923.0,34832.0,45746.0,41501.8,9154855.16,40923.0,41276.5,43701.0,0.9
2492,9,190,11,64803.0,55013.0,71788.0,67229.1,21800451.490000002,65546.75,68598.5,69846.0,0.8
2493,9,196,11,82480.0,37223.0,82480.0,64555.7,118604190.81000003,62645.0,66594.5,69319.25,0.6
2495,9,179,11,157262.0,108052.0,157262.0,123745.7,156437779.81,119445.25,122517.0,124674.0,0.7
2497,9,218,11,65796.0,65796.0,76526.0,72022.0,17494273.8,67938.0,73303.5,75520.25,0.3
2498,9,199,11,81814.0,53695.0,81814.0,71772.9,70280336.29,69339.0,75214.0,77280.25,0.5
2499,9,230,11,122228.0,80010.0,122228.0,96040.1,107687768.29,90245.5,95194.0,98773.75,0.7
2499,11,260,13,122228.0,80010.0,99401.0,93757.4,35026003.239999995,90245.5,95194.0,98773.75,0.7
2500,9,220,11,90490.0,71281.0,90490.0,77166.7,29683457.610000003,72986.0,76560.0,79308.75,0.6
2500,11,265,13,90490.0,71281.0,80627.0,75541.1,10149922.89,72986.0,75191.5,78325.5,0.7
2502,9,220,11,88842.0,56700.0,88842.0,72872.4,81918022.64000002,69485.0,72896.5,79197.0,0.9
2503,9,175,11,129167.0,85447.0,129167.0,95441.5,144194834.25,88128.25,93855.0,95968.5,0.9
2504,9,130,11,73914.0,73201.0,77483.0,74992.7,1692049.0099999998,73919.5,74794.5,75635.5,0.7
2504,11,160,13,73914.0,73201.0,75732.0,74564.2,587276.16,73919.5,74681.0,75220.75,0.9
2505,9,162,11,67835.0,49066.0,67835.0,57319.5,27632701.05,55475.5,57748.5,59257.75,0.9
2506,9,233,11,92059.0,67996.0,92059.0,73928.3,39710538.410000004,70818.5,72715.0,73790.75,0.6
2506,11,282,13,92059.0,67032.0,73984.0,71173.9,4578241.090000001,70346.0,71643.0,72792.0,0.8
2508,9,228,11,84209.0,57553.0,84209.0,73350.3,52083557.61,70644.25,75753.5,76428.75,0.6
2508,11,269,13,84209.0,57553.0,76451.0,71556.2,32714177.96,70644.25,73175.0,75833.25,0.8
2511,9,191,11,84177.0,63762.0,84177.0,70556.3,28992144.610000003,67588.0,69615.0,71544.25,0.6
2512,9,197,11,108456.0,82032.0,108456.0,94931.0,60445891.2,88754.25,95285.5,99557.0,0.5
2512,11,221,13,108456.0,82032.0,100045.0,92198.4,27462688.040000003,88754.25,92621.5,96193.75,0.7
2512,13,252,15,108456.0,82032.0,97102.0,90849.7,16670965.209999999,88586.0,91485.5,93466.75,0.9
2513,9,239,11,82396.0,74422.0,87180.0,81407.5,18803849.85,77560.5,82396.0,84543.75,0.7
2515,9,225,11,74734.0,65307.0,80149.0,72867.3,13602680.209999999,71519.75,72544.0,74734.0,0.8
2515,11,270,13,74734.0,65307.0,75301.0,72132.0,7706099.0,71519.75,72407.5,74344.75,0.9
2516,9,191,11,95943.0,63465.0,95943.0,77824.5,72010990.25,73408.75,77137.0,81779.0,0.8
2516,11,212,13,95943.0,63465.0,83445.0,76459.8,39112961.36,73408.75,77137.0,81779.0,1.0
2517,9,224,11,92644.0,87488.0,94836.0,91921.9,5810142.49,90126.75,92644.0,93762.5,0.8
2519,9,215,11,83037.0,64595.0,83037.0,73976.3,49617554.80999999,67891.75,72111.0,81995.5,0.6
2519,11,255,13,83037.0,64595.0,82869.0,72048.0,29649239.2,67891.75,72111.0,73752.25,0.8
2519,13,283,15,83037.0,64595.0,74658.0,70752.2,12239094.559999999,67891.75,72111.0,73752.25,0.8
2520,9,235,11,94227.0,62411.0,94227.0,81875.5,87625529.25,79402.75,82938.5,86790.75,0.7
2520,11,264,13,94227.0,62411.0,87484.0,80015.3,55514845.61,79402.75,82938.5,84836.25,0.8
2521,9,192,11,88102.0,53789.0,88102.0,67667.4,79467420.64,64489.0,66848.0,71094.5,0.7
2521,11,227,13,88102.0,53789.0,72863.0,65977.2,35884427.96,64489.0,66848.0,71094.5,0.7
2522,9,232,11,68929.0,51898.0,68929.0,59211.4,21823491.84,56798.75,59470.0,61411.5,0.8
2523,9,183,11,137776.0,99547.0,137776.0,111548.6,101234410.04000002,107348.0,111203.0,113407.5,0.7
2524,9,196,11,97616.0,96782.0,117299.0,104465.0,52220500.8,97667.25,102819.5,110136.0,0.6
2524,11,242,13,97616.0,96782.0,110755.0,101921.2,26191172.959999997,97667.25,98675.0,106619.75,0.8
2524,13,268,15,97616.0,95242.0,106743.0,99331.2,13721925.16,97616.0,97856.5,98785.5,0.9
2525,9,203,11,84355.0,47773.0,84355.0,61304.3,102097451.61,56797.75,58722.5,60740.75,0.8
2525,11,239,13,84355.0,47773.0,65191.0,58312.4,23424208.439999998,56797.75,58722.5,60740.75,1.0
2527,9,187,11,74599.0,61457.0,84141.0,71595.4,36036629.64,67617.25,71187.5,74599.0,0.8
2528,9,220,11,99265.0,60028.0,99265.0,76142.9,138953048.48999998,66981.25,77286.5,77967.75,0.8
2528,11,256,13,99265.0,60028.0,79890.0,72977.9,52619875.489999995,66981.25,77286.5,77967.75,1.0
2529,9,157,11,48001.0,45396.0,60692.0,52012.1,28738015.49,48002.25,49529.0,56615.75,0.8
2530,9,182,11,67485.0,43016.0,67485.0,56793.6,77038140.24,48606.5,60005.5,62693.25,0.7
2530,11,206,13,67485.0,43016.0,62863.0,55903.5,62889337.05,48606.5,59883.5,62334.25,0.8
2531,9,142,11,73029.0,36635.0,73029.0,46064.3,129279454.21,38800.75,41102.0,46362.75,0.8
2531,11,161,13,73029.0,36635.0,50448.0,42259.0,19476754.8,38800.75,41102.0,45766.5,1.0
2532,9,216,11,134944.0,111130.0,134944.0,123320.0,50909220.4,118276.25,123806.5,127792.75,0.5
2534,9,198,11,70629.0,49635.0,73544.0,68627.0,43229600.6,69183.25,70394.5,71897.25,0.9
2535,9,164,11,95279.0,42589.0,95279.0,78922.7,206901694.41,75739.5,83709.0,88352.75,0.9
2537,9,202,11,77080.0,70119.0,89776.0,82241.9,33086191.889999997,78157.0,82854.0,86702.0,0.4
2537,11,246,13,77080.0,70119.0,86806.0,79900.9,29859747.890000004,77080.0,81915.5,83154.75,0.6
2537,13,276,15,77080.0,70119.0,83265.0,78305.6,19696107.439999998,76531.75,78987.0,82179.25,0.8
2537,15,312,17,77080.0,70119.0,82576.0,78063.6,17736976.240000002,76531.75,78987.0,81314.25,0.9
2538,9,227,11,92029.0,81613.0,92029.0,86510.8,14127004.760000002,82994.5,85781.0,90159.5,0.7
2540,9,213,11,95588.0,82870.0,104016.0,95899.4,43589828.43999999,91434.5,95588.0,102122.25,0.6
2540,11,263,13,95588.0,82870.0,102261.0,95083.5,33708550.65,91434.5,95588.0,99886.75,0.8
2542,9,249,11,102312.0,66015.0,102312.0,81044.1,105002111.69,73947.75,83256.5,84829.5,0.9
2543,9,138,11,180490.0,89065.0,180490.0,120190.6,598043470.8399999,109908.75,115879.0,119953.5,0.7
2543,11,169,13,180490.0,89065.0,120730.0,110705.5,95449242.85,109422.0,114619.5,117189.5,0.8
2544,9,134,11,116303.0,52460.0,116303.0,74506.1,306183756.09000003,64003.25,70292.5,76875.25,0.7
2544,11,154,13,116303.0,52460.0,78571.0,67241.0,58920856.8,61433.25,69173.5,71608.25,0.9
2546,9,191,11,84850.0,59585.0,84850.0,77447.1,56911231.489999995,76439.5,79969.5,82848.0,0.9
2546,11,217,13,84850.0,59585.0,83233.0,76752.8,50970036.95999999,76439.5,77956.0,82221.25,1.0
2547,9,165,11,142859.0,95332.0,142859.0,117014.3,194266355.60999998,108252.25,120171.5,125174.25,0.9
2549,9,196,11,84504.0,66499.0,84504.0,71709.9,27337205.689999998,67195.0,71689.5,73373.25,0.7
2550,9,183,11,132766.0,107053.0,132766.0,113693.9,49799694.29,110356.75,111453.0,115048.25,0.7
2550,11,230,13,132766.0,107053.0,117218.0,112081.0,11689931.8,110356.75,111453.0,115048.25,0.7
2551,9,221,11,123925.0,88028.0,123925.0,112107.9,91436729.49,109154.0,115296.0,117985.5,0.7
2552,9,168,11,114985.0,85683.0,114985.0,98020.7,91856120.81,90567.5,96759.0,99615.5,0.7
2552,11,193,13,114985.0,75755.0,100477.0,92646.9,55600380.089999996,88606.0,95318.5,98792.25,0.8
2552,13,219,15,114985.0,75431.0,99624.0,90133.5,72667303.85,86354.25,91815.0,96975.0,0.9
2553,9,200,11,91749.0,83527.0,97147.0,90330.4,15786604.040000001,87838.25,90580.0,91749.0,0.5
2553,11,246,13,91749.0,83527.0,91749.0,88968.7,6514700.8100000005,87838.25,89178.0,91289.75,0.6
2554,9,177,11,94954.0,93151.0,107351.0,100227.6,25717117.240000002,95314.0,100067.5,105204.0,0.5
2556,9,205,11,125131.0,76483.0,125131.0,104487.1,246438835.28999996,99547.5,110145.5,115074.0,0.8
2557,9,217,11,115215.0,97124.0,118189.0,108402.2,53647452.559999995,102094.5,107189.5,115215.0,0.7
2557,11,242,13,115215.0,97124.0,115532.0,107714.6,42768002.24,102094.5,107189.5,114736.0,0.9
2558,9,214,11,66692.0,47914.0,66692.0,57809.2,43210805.76,51046.75,60679.5,63024.75,0.9
2559,9,207,11,93085.0,57290.0,93085.0,73174.2,145184236.36,64216.75,70116.0,80729.5,0.7
2559,11,234,13,93085.0,57290.0,83203.0,68667.2,49448342.56,64028.0,68502.0,72775.75,0.9
2560,9,171,11,118740.0,81764.0,118740.0,93781.6,97822043.83999999,87637.25,92134.5,97110.75,0.7
2561,9,213,11,104917.0,75799.0,104917.0,89892.5,88806829.65,81825.0,91279.0,94766.0,0.5
2561,11,244,13,104917.0,75799.0,94783.0,87218.0,45905159.4,81825.0,88364.5,93449.0,0.6
2561,13,282,15,104917.0,75799.0,93712.0,86222.6,35073901.24,81825.0,87803.5,90550.5,0.7
2562,9,215,11,87635.0,72924.0,87635.0,80669.6,26976265.439999998,76067.5,80839.5,85569.75,0.7
2562,11,233,13,87635.0,65370.0,85814.0,76732.6,39245487.839999996,73124.0,76777.0,81078.25,0.9
2563,9,199,11,95923.0,72716.0,95923.0,83823.1,45308687.09,78409.0,85425.0,87921.0,0.5
2563,11,249,13,95923.0,71276.0,88240.0,80630.8,34906221.56,75604.25,82118.5,86165.5,0.7
2563,13,292,15,95923.0,71276.0,86906.0,79807.5,26324824.85,75604.25,81708.5,83745.25,0.9
2564,9,171,11,111158.0,63187.0,111158.0,80110.7,258993203.61000004,68813.75,74923.0,85186.0,0.7
2564,11,205,13,111158.0,63187.0,87097.0,74432.6,55924731.839999996,68813.75,74923.0,80052.25,0.9
2565,9,191,11,77568.0,63053.0,79317.0,74610.5,28297077.85,72696.25,77222.5,77568.0,0.8
2566,9,210,11,89869.0,69693.0,89869.0,83898.2,45758507.760000005,79849.75,87081.5,89179.0,0.6
2568,9,195,11,78228.0,66257.0,81098.0,76587.9,22375457.490000002,74931.75,78764.0,79680.25,0.8
2568,11,221,13,78228.0,65597.0,79795.0,74717.2,27734901.76,70779.75,77532.0,79032.0,0.9
2569,9,234,11,89409.0,72831.0,90789.0,85125.4,37753671.239999995,85068.75,87715.5,89327.0,0.8
2571,9,184,11,99738.0,61009.0,99738.0,75644.8,107625657.35999998,67466.0,76460.0,79537.0,0.8
2572,9,213,11,116534.0,94346.0,119408.0,112217.6,58422591.839999996,109906.25,115799.5,116583.5,0.5
2572,11,245,13,116534.0,87024.0,116600.0,108442.4,97916305.44,104306.25,113315.0,116166.75,0.7
2573,9,210,11,90127.0,59915.0,90127.0,77737.8,82360779.16,73086.25,77170.0,85982.0,0.7
2573,11,224,13,90127.0,59915.0,88510.0,72459.3,66756171.00999999,66048.0,73116.5,77515.0,0.9
2574,9,196,11,85133.0,65515.0,85133.0,79882.3,30802489.01,78279.5,81047.0,84187.5,0.9
2575,9,231,11,105035.0,63787.0,105035.0,79041.2,120712682.76000002,74928.0,78134.0,82620.25,0.7
2576,9,179,11,156778.0,121975.0,156778.0,136135.5,136505271.25,127254.75,131966.0,140732.5,0.7
2576,11,207,13,156778.0,121975.0,141548.0,132793.0,43394020.2,127254.75,131966.0,138880.75,0.7
2576,13,240,15,156778.0,101997.0,139079.0,128495.3,107612834.80999999,126122.75,130003.5,136594.0,0.9
2578,9,198,11,76107.0,56840.0,76107.0,65971.2,41067097.36,61587.0,66054.5,68575.75,0.8
2578,11,222,13,76107.0,56840.0,69753.0,64679.1,21554521.09,61587.0,66054.5,68575.75,0.9
2579,9,167,11,71735.0,58501.0,71735.0,66171.8,24454650.16,61649.75,68006.0,69389.25,0.4
2579,11,197,13,71735.0,58501.0,69539.0,65104.6,17189264.440000005,61426.0,66846.5,68276.0,0.6
2580,9,169,11,75232.0,56719.0,75232.0,67301.8,33909958.96,62579.0,68055.0,71274.75,0.8
2580,11,199,13,75232.0,56719.0,72671.0,66723.0,26092175.0,62579.0,68055.0,71274.75,0.8
2581,9,215,11,67588.0,43326.0,67588.0,57307.2,57427578.96,55295.5,60041.5,61529.75,0.8
2582,9,243,11,80694.0,62178.0,80694.0,71750.1,18000853.09,70755.75,71712.5,72641.5,0.5
2583,9,177,11,98325.0,92967.0,106213.0,100868.0,17192132.4,98325.0,100452.5,105095.25,0.5
2584,9,226,11,91955.0,82221.0,91955.0,89405.5,8095748.25,88298.0,90550.0,91192.5,0.4
2584,11,267,13,91955.0,82221.0,91268.0,89096.2,7032675.56,88289.25,90006.5,90904.5,0.5
2585,9,212,11,109117.0,84538.0,109117.0,94258.2,50469015.16,89250.75,94018.5,95360.75,0.8
2585,11,258,13,109117.0,84538.0,96295.0,91260.4,17156747.04,86962.75,93045.5,94539.5,0.9
2586,9,196,11,95304.0,82455.0,98476.0,93041.5,24923588.65,90551.25,95304.0,96915.25,0.6
2586,11,238,13,95304.0,82455.0,97521.0,92859.7,23196392.410000004,90551.25,95304.0,96592.75,0.6
2587,9,184,11,120247.0,80458.0,120247.0,99039.7,134669554.61,96370.75,98416.0,104021.25,0.8
2587,11,219,13,120247.0,80458.0,105251.0,96519.3,70797379.01,96370.75,98416.0,101817.75,1.0
2590,9,216,11,89556.0,66943.0,89556.0,72570.4,44346448.83999999,67737.5,70114.0,75049.5,0.7
2590,11,263,13,89556.0,66943.0,76188.0,70546.3,9138867.61,67737.5,70114.0,72363.0,0.9
2591,9,230,11,93606.0,84818.0,93606.0,89876.0,8972283.4,87665.0,89996.5,92683.75,0.7
2591,11,276,13,93606.0,84818.0,93313.0,89636.8,7421158.160000001,87665.0,89996.5,91894.75,0.9
2592,9,148,11,90411.0,68969.0,90411.0,80427.0,37568516.0,76003.5,81064.0,85147.0,0.6
2592,11,174,13,90411.0,60347.0,85381.0,77181.6,55530523.239999995,75327.0,77483.0,83461.0,0.8
2593,9,210,11,94593.0,64405.0,94593.0,75620.2,58396982.760000005,71118.25,74340.0,78503.25,0.8
2594,9,160,11,111806.0,81369.0,111806.0,95451.6,94632803.44,86852.25,95633.0,103082.75,0.9
2595,9,221,11,99090.0,83816.0,99090.0,90343.8,23963924.76,86771.75,89781.5,94378.25,0.2
2595,11,258,13,99090.0,63095.0,95461.0,84957.9,73224164.89,83982.75,86942.5,90420.75,0.4
2595,13,294,15,99090.0,63095.0,91060.0,82071.0,57875978.6,78675.0,84149.5,87113.25,0.6
2595,15,326,17,99090.0,63095.0,87284.0,80593.1,44247068.08999999,78675.0,82134.5,84445.0,0.8
2595,17,359,19,99090.0,63095.0,85498.0,80243.6,40292475.84,78675.0,82134.5,84445.0,0.8
2596,9,233,11,75861.0,65088.0,77269.0,73211.5,13492348.45,71025.75,74152.0,76053.0,0.6
2597,9,164,11,115825.0,91470.0,117586.0,107875.7,81791676.61,103118.0,111156.0,115225.0,0.7
2597,11,182,13,115825.0,91470.0,115825.0,107318.6,73070631.84,103118.0,111156.0,113502.25,0.8
2598,9,190,11,121764.0,87644.0,121764.0,96733.1,84105891.09,92280.5,94530.5,97942.0,0.8
2599,9,187,11,135659.0,62491.0,135659.0,96374.5,515960778.45,80094.5,90622.0,105770.5,0.4
2599,11,216,13,135659.0,62491.0,106036.0,87378.6,156140263.23999998,79970.5,88243.0,92793.5,0.5
2599,13,261,15,135659.0,62491.0,93421.0,82048.5,83741969.85,76320.0,85266.0,89288.0,0.7
2600,9,204,11,126264.0,85210.0,126264.0,104252.4,230492233.43999997,89001.25,102105.0,119605.5,0.6
2600,11,240,13,126264.0,85210.0,120575.0,99383.6,134918174.64,89001.25,97630.0,105556.25,0.8
2600,13,264,15,126264.0,85210.0,108077.0,96866.3,63407445.81,89001.25,97630.0,103103.75,0.9
2601,9,211,11,68189.0,41278.0,68189.0,58122.8,56327963.95999999,57138.5,59417.5,62534.5,0.8
2602,9,148,11,36393.0,35962.0,50964.0,44495.0,33940753.0,38256.75,45766.5,49835.25,0.9
2603,9,208,11,83117.0,58929.0,83117.0,67410.8,62254201.760000005,62782.0,64984.0,66103.25,0.7
2603,11,240,13,83117.0,58929.0,66678.0,63733.8,5761427.36,61928.75,63916.0,65964.25,0.8
2603,13,262,15,83117.0,58929.0,65966.0,63388.4,4559169.64,61928.75,63773.0,65239.75,1.0
2604,9,218,11,105170.0,76898.0,106147.0,92359.8,127708227.36000001,81439.5,94038.5,104071.0,0.7
2604,11,266,13,105170.0,76898.0,105170.0,91466.3,107093182.81,81439.5,94038.5,100979.5,0.8
2608,9,217,11,80647.0,72284.0,82596.0,79487.1,8061986.089999999,78945.0,80570.0,80932.0,0.4
2608,11,252,13,80647.0,72284.0,81027.0,77813.6,10274582.04,75534.0,79172.0,80608.5,0.6
2609,9,194,11,89301.0,68614.0,89301.0,74470.9,29361770.889999997,71609.25,73256.0,75550.25,0.6
2609,11,231,13,89301.0,61652.0,75982.0,71432.0,14483288.0,70903.5,72053.0,73984.75,0.8
2611,9,199,11,90601.0,76965.0,90601.0,82214.6,17202688.04,78315.75,82112.0,85012.0,0.6
2612,9,206,11,80596.0,61879.0,80596.0,71293.5,23285630.65,69806.0,71798.0,73636.0,0.7
2612,11,230,13,80596.0,61879.0,73655.0,69935.2,12588445.560000002,69121.5,70876.5,72232.5,0.9
2614,9,213,11,102135.0,58255.0,102135.0,81294.5,187047603.25,75345.0,79218.0,91363.75,0.7
2614,11,244,13,102135.0,58255.0,94145.0,77968.6,96842782.63999999,75345.0,79218.0,83825.5,0.9
2615,9,169,11,122549.0,64810.0,122549.0,82461.6,273824495.23999995,69225.75,80447.5,86927.5,0.7
2615,11,204,13,122549.0,64810.0,88495.0,76869.9,60668912.09000001,69225.75,80447.5,81880.25,0.9
2615,13,231,15,122549.0,64810.0,82335.0,76253.9,49761892.89,69225.75,80447.5,81880.25,0.9
2616,9,210,11,117504.0,102353.0,117504.0,108485.4,24210018.04,104160.0,108111.0,111230.5,0.0
2616,11,243,13,117504.0,102353.0,111456.0,106440.2,9045752.760000002,104160.0,105979.0,108551.5,0.0
2616,13,286,15,117504.0,96385.0,108874.0,103965.1,11920435.690000001,102587.0,104167.0,106663.5,0.1
2617,9,156,11,114896.0,86541.0,120727.0,109248.3,121568808.41000001,102808.75,113796.5,118150.25,0.9
2619,9,209,11,102591.0,88963.0,108982.0,101447.3,39466371.21,100332.0,102591.0,106060.25,0.8
2620,9,204,11,147040.0,88232.0,147040.0,111718.5,209024228.85,104526.75,111136.5,115901.0,0.6
2620,11,236,13,147040.0,88232.0,115968.0,107212.1,69876623.89000002,103458.25,107315.5,115240.0,0.7
2620,13,263,15,147040.0,88232.0,115814.0,105745.1,58624668.89,103243.75,104976.5,112327.25,0.8
2620,15,294,17,147040.0,88232.0,113518.0,104870.2,45933399.35999999,103243.75,104976.5,108978.5,1.0
2621,9,214,11,100249.0,70570.0,100249.0,77938.9,64532335.489999995,73499.0,75517.5,79532.0,0.7
2621,11,247,13,100249.0,70570.0,80268.0,75405.8,9136567.360000001,73499.0,75171.0,76977.25,0.8
2622,9,165,11,113088.0,79509.0,113088.0,99017.5,74685399.45,96839.0,99030.5,103132.25,0.8
2622,11,186,13,113088.0,79509.0,105951.0,97825.1,51648776.29000001,96839.0,99030.5,102832.25,0.9
2623,9,197,11,85263.0,58573.0,85263.0,72178.2,69397074.36,70358.75,71592.5,77977.0,0.8
2623,11,235,13,85263.0,58573.0,80960.0,71596.4,56841696.24000001,70358.75,71592.5,77977.0,0.9
2624,9,202,11,68275.0,55083.0,68275.0,61160.7,18771559.810000002,56744.75,61894.5,64391.0,0.7
2624,11,232,13,68275.0,50393.0,64557.0,58407.0,18830486.2,55670.5,57477.5,62007.25,0.9
2628,9,194,11,123291.0,82756.0,123291.0,91476.6,129372708.84,84661.75,88147.0,93039.25,0.8
2629,9,191,11,107347.0,75542.0,107347.0,94526.3,78522683.81,94991.5,97108.5,98777.25,0.6
2629,11,226,13,107347.0,75542.0,99137.0,92403.8,63402237.56,88678.25,95692.0,98461.25,0.7
2632,9,220,11,122065.0,66024.0,122065.0,91910.3,254734665.41,82896.5,89943.5,94911.25,0.8
2632,11,263,13,122065.0,66024.0,98925.0,87652.9,93305066.28999999,82896.5,89943.5,94911.25,0.9
2633,9,222,11,105774.0,82634.0,105774.0,96351.8,40568205.96,92821.75,97015.5,101289.25,0.7
2633,11,257,13,105774.0,82634.0,102453.0,95409.8,28712999.959999997,92821.75,97015.5,98804.5,0.9
2634,9,227,11,142630.0,114918.0,142630.0,130319.8,65870523.360000014,124645.75,133247.0,135896.75,0.4
2634,11,264,13,142630.0,114918.0,136470.0,127567.5,43198133.25,123699.75,127859.5,133528.5,0.6
2634,13,296,15,142630.0,114918.0,133810.0,126333.1,31952662.689999998,123699.75,126744.5,131317.75,0.7
2635,9,191,11,93932.0,63734.0,93932.0,76898.9,59671820.89,71887.75,77047.5,80471.0,0.9
2638,9,219,11,95694.0,41311.0,95694.0,65342.2,211073355.35999998,59891.0,61354.5,63777.0,0.8
2638,11,252,13,95694.0,41311.0,69250.0,60625.9,50375794.089999996,59891.0,61354.5,63777.0,0.9
2640,9,230,11,112092.0,84822.0,112092.0,103518.7,59482003.010000005,100068.5,104022.0,109145.75,0.6
2640,11,263,13,112092.0,84822.0,109270.0,102079.3,43089956.410000004,100068.5,104022.0,104935.0,0.6
2640,13,314,15,112092.0,84822.0,107049.0,101555.6,36986855.64,100068.5,104022.0,104935.0,0.6
2641,9,156,11,76421.0,54373.0,76421.0,66771.1,39219947.89,62835.5,65972.5,71174.75,0.7
2643,9,160,11,122526.0,64196.0,122526.0,88995.1,260342915.29000002,80270.5,85213.5,94145.75,0.8
2643,11,189,13,122526.0,64196.0,98277.0,85231.4,103139501.84,80270.5,85213.5,94145.75,0.9
2644,9,229,11,129979.0,90397.0,129979.0,103566.3,101813583.01,97905.0,102809.5,104199.75,0.3
2644,11,260,13,129979.0,86058.0,104388.0,98392.1,34081460.69,95765.0,100737.0,102923.25,0.4
2644,13,299,15,129979.0,85371.0,103037.0,95224.4,40159497.44,90541.5,96175.0,100788.0,0.6
2644,15,339,17,129979.0,85371.0,100839.0,93319.1,25786388.690000005,90541.5,93283.0,96585.0,0.8
2644,17,363,19,129979.0,85371.0,100372.0,92907.4,20927985.04,90541.5,93283.0,96577.5,0.9
2645,9,174,11,118076.0,75333.0,118076.0,91631.8,128486404.36000001,88229.75,91286.5,95904.5,0.3
2645,11,211,13,118076.0,75333.0,97222.0,87358.9,49637716.29000001,82203.0,90034.5,91908.25,0.4
2645,13,248,15,118076.0,75333.0,91952.0,84633.7,43052991.410000004,77368.5,87351.0,90415.25,0.6
2645,15,289,17,118076.0,75333.0,90796.0,83132.1,32758456.29,77368.5,83855.0,87867.25,0.8
2646,9,159,11,121248.0,78889.0,121248.0,100071.1,139492902.29,95482.0,98997.5,107944.0,0.7
2646,11,184,13,121248.0,78889.0,110661.0,96844.3,68110044.61,95482.0,98997.5,100279.75,0.7
2647,9,200,11,110761.0,75528.0,110761.0,98529.8,101741160.96000001,95022.0,99207.0,107303.25,0.7
2647,11,240,13,110761.0,75528.0,109599.0,96004.2,97366821.76,91515.25,96899.5,100657.0,0.8
2648,9,185,11,110090.0,78999.0,110090.0,98910.5,121239182.45,88436.0,105764.0,107714.0,0.7
2648,11,211,13,110090.0,78999.0,108226.0,98613.2,115188826.35999998,88436.0,105764.0,107585.0,0.7
2649,9,159,11,89125.0,84262.0,93086.0,87750.5,7548542.25,85982.5,87003.5,89125.0,0.9
2650,9,207,11,128843.0,97353.0,128843.0,105784.1,72103322.89000002,100690.0,102869.0,107799.75,0.6
2650,11,236,13,128843.0,97353.0,108008.0,102331.3,10155927.61,100150.25,101449.5,103939.0,0.8
2651,9,242,11,76333.0,58023.0,76333.0,70958.0,25171285.0,69264.25,71831.5,74015.25,0.7
2651,11,276,13,76333.0,58023.0,74365.0,69532.8,21746157.36,68628.25,71150.5,72718.0,0.8
2651,13,313,15,76333.0,58023.0,72966.0,68904.4,18514755.44,68628.25,69737.0,71902.75,1.0
2653,9,138,11,53208.0,30319.0,53208.0,40533.2,55010191.36,33756.0,41777.5,46014.5,0.8
2654,9,207,11,130279.0,90277.0,130279.0,107671.1,180325811.69,97144.5,105544.0,119470.75,0.5
2654,11,255,13,130279.0,90277.0,120296.0,102868.6,89469908.64000002,97144.5,102414.0,105916.5,0.7
2654,13,291,15,130279.0,90277.0,106289.0,99886.5,30683393.25,97144.5,102414.0,104235.5,0.9
2655,9,171,11,117515.0,94187.0,117515.0,105820.1,49985345.489999995,100965.75,106084.5,109141.5,0.7
2655,11,206,13,117515.0,94187.0,109813.0,104106.0,24641217.6,100965.75,106084.5,107181.0,0.8
2656,9,172,11,113340.0,74081.0,113340.0,84541.3,104852482.01,79732.5,82877.5,84239.25,0.9
2658,9,192,11,114877.0,68959.0,114877.0,84164.4,153368870.84,79096.75,80630.0,82991.5,0.8
2658,11,223,13,114877.0,68959.0,85891.0,79976.9,23118719.490000002,79096.75,80630.0,82991.5,1.0
2659,9,230,11,128160.0,102619.0,128160.0,110621.7,42238428.410000004,108383.75,109841.5,110581.5,0.1
2659,11,278,13,128160.0,97740.0,110582.0,106200.4,21698024.240000002,103132.5,108588.5,110201.75,0.3
2659,13,313,15,128160.0,80450.0,110562.0,101496.4,77736867.44,98042.5,103646.0,108793.25,0.5
2659,15,337,17,128160.0,80450.0,108998.0,99498.8,60265134.160000004,98042.5,99853.5,104159.5,0.7
2659,17,369,19,128160.0,80450.0,104673.0,98130.1,42843371.89,98042.5,99853.5,101771.5,0.9
2661,9,166,11,70775.0,48695.0,70775.0,58145.6,69963112.64000002,49886.0,56451.0,66645.25,0.9
2662,9,151,11,45315.0,33163.0,45315.0,38930.2,17162665.759999998,35951.0,37991.5,42328.25,0.6
2662,11,189,13,45315.0,33163.0,43307.0,36877.8,7806459.56,34994.5,36186.0,38138.25,0.8
2663,9,196,11,52664.0,44028.0,52664.0,48721.7,6179953.209999999,46921.25,48941.0,50639.25,0.7
2663,11,222,13,52664.0,44028.0,50988.0,48074.6,4846474.24,46628.75,47596.0,50184.25,0.8
2664,9,112,11,92405.0,75710.0,92405.0,85107.9,24385628.089999996,81745.75,85519.0,89013.75,0.8
2665,9,193,11,126218.0,84710.0,126218.0,101402.7,98352069.60999998,97315.25,101043.0,103182.75,0.8
2666,9,195,11,124042.0,88907.0,127513.0,112179.3,123126952.80999999,109752.5,112556.0,121314.0,0.7
2666,11,218,13,124042.0,88907.0,124042.0,110263.1,85186155.28999999,109752.5,112556.0,114932.25,0.8
2668,9,199,11,97808.0,70660.0,97808.0,79273.9,60595899.29,73995.5,76894.5,80330.5,0.7
2668,11,219,13,97808.0,70660.0,82083.0,77050.6,14507402.64,73995.5,76894.5,80330.5,0.7
2669,9,218,11,75108.0,63178.0,75266.0,71999.9,17171441.29,70091.75,74027.0,75108.0,0.8
2669,11,245,13,75108.0,63178.0,75212.0,71692.1,16013497.690000001,69899.75,73448.0,74859.5,0.9
2671,9,211,11,80845.0,54987.0,80845.0,69166.6,73837122.24,65180.5,68800.0,76732.5,0.7
2671,11,247,13,80845.0,54987.0,77961.0,66880.6,44606811.64,65180.5,67784.0,69835.0,0.9
2674,9,197,11,128248.0,62758.0,128248.0,83524.8,368831252.76,68143.0,80119.5,87481.75,0.8
2674,11,220,13,128248.0,62758.0,89647.0,78071.6,98465027.24,68143.0,80119.5,87481.75,0.9
2675,9,185,11,123484.0,104072.0,123484.0,112589.7,33508098.409999996,107666.0,113705.5,114846.0,0.9
2675,11,237,13,123484.0,104072.0,118091.0,111858.7,22389880.810000002,107666.0,113705.5,114846.0,1.0
2676,9,203,11,98707.0,72360.0,103507.0,88497.2,109583852.75999999,80006.75,86118.5,98707.0,0.6
2676,11,250,13,98707.0,72360.0,98707.0,85985.2,67172653.16000001,80006.75,86118.5,89380.75,0.8
2676,13,294,15,98707.0,72360.0,92220.0,84617.7,39883325.20999999,80006.75,86118.5,89380.75,0.9
2677,9,163,11,132993.0,108708.0,136801.0,124614.4,93243832.84,118882.75,126543.5,132966.0,0.5
2677,11,176,13,132993.0,108708.0,132993.0,122977.2,69574165.36,118882.75,124038.5,130407.0,0.7
2677,13,192,15,132993.0,108708.0,131598.0,121252.0,55569652.6,118006.25,120608.5,126772.5,0.8
2678,9,189,11,103318.0,86280.0,103318.0,96377.1,24150566.89,93408.75,97013.0,99536.5,0.6
2678,11,238,13,103318.0,86280.0,99552.0,94387.1,20282862.49,91327.5,96533.5,97163.5,0.8
2678,13,280,15,103318.0,86280.0,97362.0,93515.3,15339343.209999999,91327.5,94586.0,97074.5,1.0
2679,9,197,11,103852.0,61562.0,103852.0,76116.1,139626309.89,70319.25,72734.0,75928.75,0.6
2679,11,229,13,103852.0,61562.0,78722.0,72254.7,25239687.809999995,70319.25,72734.0,75928.75,0.6
2680,9,230,11,114053.0,55682.0,114053.0,79147.6,205948736.04,71046.5,78147.5,82896.25,0.9
2682,9,228,11,73938.0,57418.0,76382.0,69118.5,52152272.45,61870.0,72064.5,75562.5,0.9
2683,9,196,11,75055.0,54639.0,75055.0,63358.2,39755486.36,58030.25,62719.5,67565.5,0.8
2684,9,209,11,95367.0,75551.0,95367.0,85216.3,28009490.810000002,83330.0,86463.5,87428.75,0.8
2684,11,255,13,95367.0,75551.0,88130.0,84407.8,17478859.16,83330.0,86463.5,87194.75,0.9
2685,9,177,11,73497.0,68342.0,79718.0,74750.1,13079382.89,73497.0,75601.0,77098.25,0.9
2686,9,210,11,128554.0,83480.0,128554.0,97183.2,183024763.35999998,87652.75,90603.5,105795.5,0.6
2686,11,251,13,128554.0,83480.0,107490.0,92411.1,48703267.690000005,87652.75,90603.5,95269.0,0.7
2686,13,292,15,128554.0,83480.0,95573.0,89453.2,12847401.16,87444.25,89073.0,91367.0,0.9
2687,9,236,11,72815.0,62540.0,72815.0,66178.2,7278517.5600000005,64297.5,65972.5,67114.25,0.6
2688,9,187,11,66804.0,43539.0,66804.0,49648.2,44069664.76,44611.25,48381.0,51548.75,0.9
2689,9,201,11,111790.0,77617.0,111790.0,89280.3,92392432.41,84558.75,85936.0,89882.25,0.4
2689,11,236,13,111790.0,77617.0,90115.0,85093.0,11788671.0,84541.0,84904.5,86880.5,0.5
2689,13,272,15,111790.0,75526.0,86938.0,82776.4,13391527.440000001,80819.0,84552.0,85034.25,0.7
2689,15,304,17,111790.0,75526.0,85164.0,82072.3,9686138.01,80819.0,83302.5,84563.0,0.9
2690,9,195,11,87837.0,63445.0,92405.0,81742.7,95881985.00999999,78954.25,85422.5,87837.0,0.8
2691,9,206,11,109634.0,73548.0,109634.0,83446.7,93453335.21000001,78644.5,80356.5,82590.25,0.8
2691,11,240,13,109634.0,73548.0,84263.0,80135.8,8789328.16,78644.5,80356.5,82510.0,1.0
2692,9,212,11,88768.0,42914.0,88768.0,61246.0,174782635.6,51954.25,59549.0,69270.75,0.6
2692,11,247,13,88768.0,42914.0,70255.0,57094.3,68636206.41,51954.25,59549.0,60067.25,0.8
2692,13,285,15,88768.0,42914.0,60680.0,55269.0,40791923.0,51954.25,58395.5,59992.75,0.9
2693,9,175,11,55587.0,43557.0,55587.0,49273.9,23871307.090000004,44236.75,49220.0,54028.0,0.8
2693,11,198,13,55587.0,41903.0,54227.0,46971.9,17582713.89,43748.5,45196.5,50186.0,1.0
2694,9,174,11,68110.0,40744.0,68110.0,48835.0,60490957.0,42665.75,48025.0,51579.75,0.8
2694,11,204,13,68110.0,40744.0,52463.0,47124.8,20489170.36,42665.75,48025.0,51579.75,1.0
2695,9,216,11,57571.0,30522.0,60955.0,55002.4,70712322.44000001,57148.75,57668.0,58557.75,0.9
2696,9,224,11,72641.0,71732.0,79872.0,76326.1,8731857.49,73228.25,76987.0,79135.25,0.8
2696,11,256,13,72641.0,60271.0,79219.0,74246.3,28354986.410000004,72641.0,75942.0,77853.25,0.9
2697,9,195,11,75012.0,66092.0,75012.0,70456.2,10593353.959999999,67193.5,70452.0,73595.5,0.9
2699,9,229,11,118638.0,66356.0,118638.0,83653.5,161093546.85,79678.5,80474.0,83488.0,0.8
2699,11,266,13,118638.0,66356.0,83876.0,78031.8,23744279.96,76627.25,79733.0,80480.5,1.0
2700,9,202,11,105753.0,77000.0,105753.0,90931.9,81814333.89,82801.25,95149.0,96324.5,0.6
2700,11,236,13,105753.0,77000.0,96442.0,89546.5,56120437.65,82801.25,94742.0,95502.75,0.8
2701,9,204,11,59314.0,45254.0,59314.0,51825.1,16059357.289999997,49608.5,51338.0,53908.25,0.9
2702,9,231,11,130959.0,69703.0,130959.0,94560.0,273547021.0,87519.25,90731.0,92762.75,0.8
2702,11,266,13,130959.0,69703.0,97987.0,89099.3,57449771.81,87519.25,90731.0,92762.75,0.8
2703,9,211,11,70078.0,44789.0,72616.0,64399.7,67749673.01,65405.75,67106.0,69536.5,0.8
2704,9,224,11,81622.0,56445.0,81622.0,65500.9,44623079.690000005,62552.0,64731.0,67905.0,0.8
2704,11,253,13,81622.0,56445.0,69419.0,64225.4,18140255.84,62552.0,64731.0,67905.0,0.9
2705,9,212,11,62850.0,49469.0,69817.0,59061.5,32177178.85,55047.5,60128.0,62676.0,0.7
2705,11,256,13,62850.0,49469.0,62850.0,57126.0,17472000.6,54566.0,57555.0,60232.0,0.9
2707,9,160,11,47918.0,47918.0,55735.0,51360.0,8243079.6,49372.5,50417.0,54311.5,0.8
2707,11,199,13,47918.0,47918.0,55119.0,50886.9,5443501.09,49372.5,50417.0,51986.5,0.9
2708,9,201,11,36453.0,36453.0,60049.0,50888.2,69593024.16,47345.5,52442.0,58071.5,0.9
2709,9,197,11,60705.0,41224.0,60705.0,46313.0,31345069.4,41757.0,45878.5,46540.25,0.8
2710,9,228,11,65019.0,46245.0,65454.0,60599.3,36300106.01,57352.5,64208.0,65019.0,0.9
2711,9,181,11,86320.0,59347.0,86320.0,69780.4,80939023.64,63374.5,66697.5,77129.0,0.7
2711,11,209,13,86320.0,59347.0,80348.0,66405.5,29794790.45,63374.5,65586.5,67408.75,0.8
2713,9,209,11,68758.0,44377.0,68758.0,54795.4,33879965.84,52506.75,54641.0,56439.25,0.9
2715,9,202,11,84463.0,59364.0,84463.0,73634.3,59432077.21,69145.25,71500.0,80694.0,0.9
2718,9,210,11,55020.0,48074.0,56802.0,53158.2,7185509.359999999,51854.75,53579.0,55020.0,0.7
2718,11,247,13,55020.0,48074.0,55020.0,52099.6,5388670.4399999995,50256.5,52191.0,54317.0,0.9
2719,9,211,11,103469.0,82343.0,103469.0,95502.4,29711604.839999996,93462.25,96209.5,98436.75,0.8
2719,11,252,13,103469.0,82343.0,99518.0,94363.8,21828076.96,93071.0,94898.0,97817.75,0.9
2720,9,219,11,73553.0,53267.0,73553.0,63680.8,24298966.759999998,61805.5,63812.5,64716.0,0.9
2721,9,136,11,33649.0,23187.0,33649.0,28018.7,13422373.809999999,24665.75,27887.5,31544.0,0.9
2722,9,205,11,55165.0,38379.0,55165.0,44365.3,24572942.61,39675.5,44927.5,46801.0,0.9
2722,11,223,13,55165.0,38379.0,48151.0,43541.7,12888529.41,39675.5,44927.5,46762.0,1.0
2723,9,231,11,83260.0,69251.0,91513.0,82409.4,41677316.24,80212.5,83223.0,86236.75,0.7
2725,9,184,11,89713.0,65287.0,91020.0,80271.0,67457932.0,76396.25,80498.5,88012.5,0.4
2725,11,200,13,89713.0,65287.0,89713.0,77132.0,44931431.0,72899.5,77707.0,81044.75,0.6
2725,13,229,15,89713.0,65287.0,81591.0,75574.6,23782365.84,72899.5,77707.0,78790.0,0.8
2725,15,264,17,89713.0,65287.0,79055.0,74147.1,18049364.29,71913.75,75332.5,77844.0,1.0
2727,9,199,11,86209.0,74960.0,86209.0,80589.8,15404613.959999999,77985.25,79970.0,84064.0,0.8
2728,9,158,11,86542.0,68076.0,86542.0,82466.2,43451986.760000005,84396.25,85615.5,86277.75,0.5
2728,11,191,13,86542.0,68076.0,86329.0,81703.7,39906023.21,82073.75,84531.5,85792.75,0.7
2728,13,231,15,86542.0,68076.0,85970.0,81515.2,38390357.160000004,82073.75,84524.0,85146.25,0.9
2730,9,209,11,69094.0,64168.0,76531.0,71735.0,14490037.4,69177.75,71354.0,75480.0,0.7
2731,9,196,11,76464.0,53642.0,76464.0,62375.7,45306709.20999999,57832.75,61492.5,64135.25,0.8
2732,9,201,11,60094.0,57505.0,68921.0,62210.5,11263106.65,60094.0,62405.5,64160.0,0.8
2733,9,181,11,79929.0,48100.0,79929.0,69007.5,69191234.45,67694.75,68742.0,71082.0,0.8
2733,11,227,13,79929.0,48100.0,75926.0,67929.3,50675481.61,67694.75,68742.0,71082.0,0.9
2736,9,230,11,91225.0,70629.0,91225.0,77498.1,40630619.89,72272.0,75897.0,79024.5,0.8
2736,11,263,13,91225.0,70629.0,79627.0,74901.0,11007734.2,71419.25,75384.5,77683.0,0.9
2737,9,193,11,69724.0,57570.0,69724.0,64278.1,21624171.490000002,60249.75,64068.5,69128.25,0.6
2737,11,229,13,69724.0,57570.0,69546.0,63887.5,18610232.85,60249.75,64068.5,68251.25,0.7
2738,9,196,11,85243.0,65558.0,85243.0,75588.7,43487550.61,71459.5,75391.5,81872.75,0.6
2738,11,230,13,85243.0,65558.0,82757.0,73456.7,27245012.809999995,70529.25,72972.0,76733.5,0.8
2738,13,272,15,85243.0,65558.0,77739.0,72338.9,15873961.690000001,70529.25,72515.5,75871.25,1.0
2739,9,201,11,68381.0,68381.0,80454.0,73983.8,14659107.560000002,71483.0,73661.5,76745.5,0.8
2740,9,195,11,97089.0,79271.0,101011.0,93665.5,35442247.25,91748.5,94875.5,97960.5,0.9
2741,9,238,11,87336.0,70732.0,87336.0,79100.6,42091195.44,71534.0,82091.0,84120.75,0.9
2742,9,220,11,115770.0,83869.0,115770.0,93397.2,94786778.96,86841.75,90739.5,92471.25,0.8
2742,11,251,13,115770.0,83869.0,96758.0,90298.6,16288583.64,86841.75,90739.5,92471.25,0.8
2743,9,196,11,76184.0,58766.0,76184.0,65947.6,17937356.64,64182.5,65841.5,66972.75,0.9
2745,9,225,11,116661.0,79792.0,116661.0,93025.3,117461880.80999999,84587.75,90458.0,100157.5,0.8
2745,11,261,13,116661.0,79792.0,100874.0,91154.7,59942084.21,84587.75,90458.0,99149.5,1.0
2746,9,215,11,144721.0,67918.0,144721.0,92054.2,587688767.36,72693.5,85191.0,98937.75,0.5
2746,11,237,13,144721.0,67918.0,101435.0,81480.2,97485471.56,72693.5,82173.5,86999.75,0.7
2746,13,271,15,144721.0,67918.0,88255.0,79039.5,43297928.05,72693.5,82173.5,83945.0,0.9
2747,9,198,11,79277.0,78372.0,89644.0,84038.9,15486958.49,80037.75,84217.0,87539.25,0.7
2747,11,226,13,79277.0,78372.0,87933.0,83546.8,11335510.76,80037.75,84217.0,86519.25,0.9
2749,9,205,11,65469.0,33149.0,65469.0,48987.0,83526684.8,43379.0,48917.0,55892.75,0.7
2749,11,236,13,65469.0,33149.0,57075.0,47396.2,50951277.760000005,43379.0,48917.0,52510.25,0.9
2750,9,201,11,84630.0,47439.0,84630.0,61787.7,107260039.80999999,53510.25,61114.0,66230.75,0.9
2752,9,202,11,103560.0,92939.0,105413.0,99969.3,17680851.610000003,96509.75,100948.5,103560.0,0.5
2753,9,201,11,63543.0,58477.0,70357.0,65372.7,11387908.41,63543.0,64713.5,68506.5,0.7
2754,9,205,11,116051.0,87867.0,117391.0,107522.8,90630588.36,102588.5,111040.0,115626.0,0.5
2754,11,243,13,116051.0,87867.0,116051.0,105348.4,82687382.64,98853.5,105677.0,114194.0,0.6
2754,13,287,15,116051.0,87867.0,114264.0,103362.8,62155788.75999999,98640.5,102905.0,108798.5,0.8
2754,15,318,17,116051.0,87867.0,112890.0,102761.7,51287681.41,98640.5,102905.0,108798.5,0.8
2755,9,178,11,80281.0,68808.0,87686.0,80312.8,37167661.160000004,80281.0,80581.5,84354.25,0.9
2756,9,202,11,71917.0,48259.0,71917.0,60120.3,43872813.01,59502.75,60633.0,63295.25,0.7
2756,11,232,13,71917.0,48259.0,63671.0,58559.2,25183358.76,59502.75,59728.5,61932.0,0.9
2757,9,219,11,101843.0,79278.0,101843.0,87090.7,35886577.61,84086.75,85769.0,89178.5,0.4
2757,11,251,13,101843.0,79278.0,89892.0,84526.5,7968318.65,83132.25,84710.5,86019.0,0.6
2757,13,284,15,101843.0,79278.0,86269.0,83243.9,4572254.890000001,81711.5,83792.0,84739.25,0.8
2762,9,181,11,76355.0,69930.0,93496.0,84701.7,69076921.81,76888.0,87778.5,92281.0,0.5
2763,9,200,11,122213.0,78513.0,122213.0,95546.9,188516254.69,87886.25,93896.5,94897.75,0.7
2763,11,248,13,122213.0,78513.0,95322.0,90140.4,33557263.239999995,87886.25,92889.0,94101.0,0.8
2764,9,177,11,120184.0,87519.0,120184.0,98622.7,82827391.01,90897.25,98769.0,102418.25,0.6
2764,11,208,13,120184.0,87519.0,102931.0,96745.5,33592564.85,90897.25,98769.0,102093.0,0.7
2766,9,199,11,94645.0,74076.0,95613.0,90502.0,36377307.0,89243.5,92400.5,94641.5,0.7
2768,9,218,11,98366.0,63285.0,98366.0,77383.1,126986340.49000001,67410.75,75140.5,86508.75,0.6
2768,11,263,13,98366.0,63285.0,87685.0,74207.7,59685131.40999999,67410.75,75047.5,77987.0,0.8
2768,13,306,15,98366.0,63285.0,82058.0,73475.0,44453659.6,67410.75,75047.5,77987.0,0.9
2769,9,198,11,107843.0,92181.0,113412.0,104136.9,38210778.69,101005.0,103697.0,107843.0,0.7
2769,11,237,13,107843.0,92181.0,107843.0,102167.7,19338403.41,101005.0,102922.5,104038.25,0.9
2770,9,235,11,79614.0,79614.0,97048.0,89510.2,38055639.95999999,85317.25,90636.5,94871.0,0.4
2770,11,273,13,79614.0,73295.0,95858.0,87134.9,53025018.09000001,80861.0,88813.0,93804.75,0.5
2770,13,301,15,79614.0,60752.0,94703.0,82383.4,88504654.03999999,79614.0,83560.0,89488.0,0.7
2770,15,342,17,79614.0,60752.0,90163.0,81545.1,73164246.49,79614.0,83560.0,87781.0,0.9
2772,9,214,11,98155.0,75933.0,98155.0,86329.8,57054007.760000005,78991.5,86496.0,91745.5,0.6
2772,11,255,13,98155.0,75933.0,91866.0,84805.4,34126437.24,78991.5,86496.0,90416.0,0.6
2772,13,279,15,98155.0,68022.0,91468.0,80359.5,51045867.45,76463.5,79321.0,86748.5,0.8
2773,9,255,11,110567.0,75289.0,110567.0,87945.4,87630431.44000001,84872.0,86400.5,88760.25,0.7
2773,11,281,13,110567.0,75289.0,92663.0,85451.7,25402515.410000004,84872.0,86400.5,88760.25,0.7
2774,9,169,11,76873.0,52334.0,76873.0,66239.5,35700933.65,64347.0,67068.5,68850.75,0.8
2774,11,205,13,76873.0,52334.0,70021.0,65384.7,23977294.21,64347.0,67068.5,68547.0,0.9
2775,9,190,11,52065.0,42873.0,58290.0,52567.6,18986874.639999997,51873.0,52524.0,55468.75,0.8
2776,9,206,11,75964.0,69747.0,87804.0,81516.5,37676134.65,75964.0,85436.0,86371.0,0.4
2779,9,214,11,104334.0,65016.0,104334.0,81086.5,129856432.45,75016.25,77101.5,88391.25,0.6
2779,11,252,13,104334.0,65016.0,89577.0,76716.2,43564776.76,75016.25,76816.0,77600.5,0.8
2779,13,287,15,104334.0,65016.0,82641.0,75599.6,24209920.240000002,75016.25,76816.0,77600.5,1.0
2780,9,222,11,64444.0,64444.0,88583.0,78316.1,86382207.09,70020.0,80470.0,87000.5,0.9
2781,9,195,11,90123.0,71419.0,90123.0,80633.9,35014405.49,75611.75,81840.5,85009.75,0.9
2782,9,201,11,96175.0,58903.0,96175.0,74754.0,82130103.0,70943.25,74883.5,77334.25,0.9
2783,9,207,11,88824.0,74801.0,88824.0,84126.7,17592461.21,81296.75,85729.5,87245.5,0.7
2784,9,221,11,64634.0,40357.0,66330.0,58252.5,78134802.25,50817.5,63793.0,65350.25,0.9
2785,9,189,11,100580.0,76592.0,100580.0,85049.8,49123073.56,80500.5,83858.5,87957.25,0.8
2788,9,203,11,121484.0,73345.0,121484.0,86925.7,160118344.61,80445.75,85377.0,88111.0,0.9
2793,9,236,11,106967.0,96790.0,112005.0,104146.3,23933037.41,99124.5,106524.5,107420.0,0.4
2793,11,268,13,106967.0,95155.0,107571.0,101712.1,19925578.69,98669.5,100034.5,106745.75,0.6
2793,13,297,15,106967.0,95155.0,106967.0,101372.0,16783661.0,98669.5,100034.5,105707.75,0.6
2794,9,213,11,81486.0,56389.0,81486.0,65764.8,46099273.56,60997.25,65941.0,68609.5,0.7
2795,9,217,11,70864.0,55249.0,72513.0,67923.5,27440349.85,64832.75,70768.5,71377.0,0.9
2796,9,202,11,57150.0,56052.0,65629.0,59891.5,12296660.05,57150.0,58605.0,62652.0,0.8
2797,9,213,11,115454.0,83376.0,117176.0,100906.0,132619288.0,93430.75,100610.0,112255.75,0.5
2797,11,258,13,115454.0,83376.0,115454.0,97032.6,75092956.03999999,93228.25,96745.5,101779.25,0.7
2797,13,283,15,115454.0,83376.0,102341.0,94709.5,34395932.85,93228.25,94540.0,99790.25,0.9
2798,9,195,11,77439.0,63767.0,77439.0,68138.9,13285138.89,66006.0,67455.0,69215.5,0.9
2799,9,208,11,87130.0,77728.0,98940.0,91906.9,38592974.69,87979.5,93028.5,97179.0,0.7
2800,9,134,11,108730.0,40556.0,108730.0,59637.8,347483744.96000004,49433.5,56016.5,59545.25,0.8
2800,11,166,13,108730.0,40556.0,61193.0,53250.5,44983460.05,49433.5,56016.5,57728.75,1.0
2801,9,200,11,101585.0,59611.0,101585.0,73185.3,154247883.41000003,63506.0,71178.0,75736.25,0.6
2801,11,239,13,101585.0,59611.0,76240.0,68467.6,29793225.640000004,63506.0,71051.5,71495.25,0.8
2801,13,266,15,101585.0,59611.0,73375.0,68048.8,24636694.359999996,63506.0,71051.5,71495.25,1.0
2802,9,179,11,100542.0,72973.0,100542.0,87937.8,86173033.75999999,79364.5,90625.0,94754.75,0.7
2802,11,215,13,100542.0,72973.0,95700.0,87000.6,67546367.84,79364.5,90625.0,94197.5,0.7
2803,9,245,11,101919.0,68407.0,101919.0,89437.0,101415254.6,85570.0,92918.0,96690.0,0.3
2803,11,272,13,101919.0,62744.0,97220.0,83299.9,129637449.89000002,75741.0,86006.0,93816.5,0.5
2803,13,298,15,101919.0,62744.0,94715.0,81036.5,91867774.65,75741.0,84516.5,86605.25,0.7
2803,15,331,17,101919.0,62744.0,87120.0,79828.2,68360913.96000001,75741.0,84516.5,86421.5,0.7
2804,9,205,11,92868.0,65042.0,92868.0,73668.9,51621158.89,69708.25,71992.0,74586.75,0.8
2804,11,238,13,92868.0,64121.0,75053.0,69767.0,11197226.8,67852.75,69729.5,72497.5,1.0
2805,9,197,11,85996.0,60474.0,85996.0,68640.6,53542836.839999996,63245.0,67144.5,69846.0,0.8
2805,11,229,13,85996.0,60474.0,71542.0,66599.0,13762214.2,63245.0,67144.5,69846.0,0.9
2806,9,204,11,79753.0,59813.0,79753.0,67737.1,27091121.089999996,65375.5,66976.5,68752.5,0.8
2806,11,237,13,79753.0,56115.0,69414.0,65034.8,16576747.560000002,63478.75,65955.5,68270.25,0.9
2808,9,222,11,64528.0,55510.0,65942.0,61392.0,14824057.0,57562.0,63449.5,64528.0,0.9
2809,9,245,11,127244.0,95878.0,127244.0,110813.9,86185665.88999999,102814.0,113166.0,116535.75,0.4
2809,11,273,13,127244.0,95878.0,116824.0,108916.3,53227629.20999999,102814.0,111557.5,114785.25,0.5
2810,9,232,11,98637.0,70653.0,98637.0,86909.8,73549735.36,85682.25,89546.5,91628.25,0.2
2810,11,270,13,98637.0,70653.0,92087.0,83563.0,58299905.8,77783.5,86812.5,89611.75,0.4
2810,13,300,15,98637.0,70653.0,89677.0,81724.4,43719961.04000001,77707.25,82129.0,87942.75,0.6
2810,15,338,17,98637.0,70653.0,89073.0,80701.3,31915908.410000004,77707.25,82129.0,84446.75,0.7
2810,17,357,19,98637.0,70653.0,84731.0,78927.2,30538319.759999998,72838.5,81697.5,83700.25,0.8
2810,19,376,21,98637.0,70653.0,84131.0,77583.1,26453755.89,72086.5,78986.5,82268.5,1.0
2812,9,204,11,100124.0,71258.0,100124.0,80458.4,60602024.239999995,74417.0,80711.5,82888.75,0.8
2813,9,174,11,91002.0,73283.0,91002.0,80440.8,24926243.96,77169.0,79678.0,82835.25,0.8
2813,11,201,13,91002.0,73283.0,83581.0,79356.6,11245923.44,77169.0,79678.0,82142.25,1.0
2814,9,230,11,112467.0,54792.0,112467.0,80911.7,216829136.60999998,80367.5,81202.5,82876.0,0.6
2814,11,277,13,112467.0,54792.0,83189.0,76244.7,87566967.41000001,76273.5,80662.5,81815.0,0.7
2815,9,223,11,84974.0,60349.0,84974.0,70073.0,49920036.6,63561.5,72340.0,73252.75,0.8
2817,9,210,11,108079.0,71135.0,108079.0,83324.5,104408185.45,76812.25,81286.0,87988.0,0.6
2817,11,245,13,108079.0,71135.0,88636.0,79760.7,33259778.410000004,75784.0,79688.0,84865.25,0.7
2817,13,287,15,108079.0,71135.0,86389.0,79017.0,24648252.4,75784.0,79688.0,81512.0,0.8
2819,9,210,11,90936.0,60535.0,90936.0,72128.6,57117549.239999995,69226.75,72341.0,73388.5,0.7
2819,11,255,13,90936.0,60535.0,75272.0,69717.2,18746870.160000004,67409.25,70861.5,72847.25,0.8
2819,13,290,15,90936.0,60535.0,73012.0,68837.7,14249338.809999999,67119.25,69282.5,72241.75,1.0
2820,9,213,11,74617.0,69240.0,80199.0,75136.5,14822631.05,72067.0,74617.0,79038.25,0.9
2822,9,235,11,67621.0,63056.0,78404.0,70272.9,14932028.489999998,67892.5,70094.5,72330.25,0.8
2822,11,268,13,67621.0,63056.0,73028.0,69293.6,7637712.4399999995,67868.5,69385.0,71152.0,0.9
2824,9,144,11,98628.0,85869.0,98628.0,92943.9,18227160.689999998,89015.25,94268.5,96435.5,0.7
2824,11,178,13,98628.0,66041.0,96652.0,89344.0,72482324.0,88006.0,91864.0,94644.0,0.9
2826,9,194,11,77805.0,51234.0,77805.0,57817.7,57590439.21,52292.25,56104.5,58666.0,0.7
2826,11,221,13,77805.0,51234.0,59149.0,55135.8,7335444.56,52292.25,56104.5,57181.0,0.9
2827,9,211,11,97620.0,62211.0,97620.0,79487.5,74130262.85,75460.0,79694.5,82773.5,0.9
2828,9,246,11,122308.0,69294.0,122308.0,85638.9,244242953.69,77211.25,78721.5,88758.25,0.7
2828,11,269,13,122308.0,69294.0,91824.0,78024.6,29918137.23999999,75830.75,78041.0,78754.5,0.9
2829,9,211,11,111292.0,64319.0,111292.0,83904.0,159446035.0,75667.25,86257.5,89159.5,0.7
2829,11,242,13,111292.0,64319.0,89485.0,79881.2,76560788.76,73616.75,82758.5,87895.0,0.9
2830,9,189,11,118299.0,58594.0,118299.0,87241.8,329589951.56,85188.75,86748.5,89669.5,0.8
2830,11,225,13,118299.0,58594.0,91262.0,82075.3,138015445.81,85188.75,86748.5,89030.5,0.9
2833,9,184,11,106479.0,87665.0,106479.0,99275.4,37399602.84,94767.25,101574.5,103705.5,0.8
2836,9,222,11,100547.0,76905.0,100547.0,88402.8,48126782.36,82837.5,90350.0,92560.25,0.5
2836,11,252,13,100547.0,75637.0,92721.0,84970.5,37175916.25,79901.75,85378.5,91072.0,0.7
2836,13,290,15,100547.0,75637.0,91794.0,83036.5,32622497.05,77516.25,82817.5,88349.25,0.8
2837,9,207,11,85752.0,57151.0,85752.0,70206.9,122102048.09,60098.75,68654.0,81611.25,0.6
2837,11,250,13,85752.0,57151.0,84517.0,66048.5,62120859.45,60098.75,64960.0,68801.5,0.8
2837,13,295,15,85752.0,57151.0,69184.0,64063.7,20913051.21,60098.75,64960.0,68374.0,0.9
2838,9,228,11,79655.0,65580.0,79655.0,73401.4,22303017.64,69632.25,73595.0,77605.0,0.9
2838,11,260,13,79655.0,65580.0,78611.0,73073.0,19166272.2,69632.25,73595.0,76853.25,1.0
2840,9,192,11,85728.0,69753.0,85728.0,80207.2,32948242.959999997,75606.75,83266.5,85227.75,0.4
2840,11,228,13,85728.0,69753.0,85468.0,79234.3,29140219.21,75606.75,79973.0,84251.0,0.5
2841,9,181,11,127123.0,83727.0,127123.0,106191.4,154296394.23999998,99296.0,101235.5,117347.0,0.1
2841,11,219,13,127123.0,83727.0,118186.0,102350.6,80412671.03999999,99296.0,101235.5,104495.5,0.1
2841,13,251,15,127123.0,83727.0,106871.0,98878.4,41691612.24,97964.75,100170.0,102516.75,0.2
2841,15,292,17,127123.0,74616.0,102721.0,94060.7,76539961.41,89729.5,98355.5,100368.5,0.4
2841,17,314,19,127123.0,74616.0,100567.0,92564.3,60950430.21,89729.5,94830.5,98746.25,0.6
2841,19,343,21,127123.0,74616.0,99137.0,89859.1,52352809.489999995,85086.5,91068.0,95308.75,0.8
2841,21,377,23,127123.0,74616.0,96493.0,89446.1,45903111.89,85086.5,91068.0,95308.75,1.0
2842,9,236,11,70281.0,53034.0,70281.0,61178.4,18773799.04,58697.25,61519.0,63070.0,0.9
2845,9,197,11,116124.0,81099.0,116124.0,97454.3,109657177.00999999,90387.0,100716.0,103093.0,0.5
2845,11,246,13,116124.0,81099.0,103288.0,93707.7,78116791.01,84246.0,97508.0,101765.25,0.6
2845,13,283,15,116124.0,81099.0,102239.0,93228.5,70718563.05,84246.0,97355.0,100056.25,0.7
2846,9,206,11,73136.0,44063.0,73136.0,55747.5,55153861.45,52817.25,55186.0,58466.5,0.9
2847,9,197,11,50031.0,41818.0,62622.0,55991.7,43960527.41,50964.75,57625.5,62058.0,0.6
2848,9,201,11,91520.0,77855.0,91520.0,84657.5,14483346.05,83141.5,85460.0,86642.0,0.9
2850,9,216,11,92398.0,63962.0,92398.0,74857.6,62120864.64,70511.25,74787.5,78353.75,0.9
2851,9,190,11,96052.0,84705.0,102051.0,97744.5,22144513.85,96692.75,99563.0,100053.0,0.4
2851,11,218,13,96052.0,80852.0,100069.0,95351.8,42194047.56,96052.0,98328.5,99676.5,0.6
2852,9,214,11,103961.0,74186.0,103961.0,91390.1,86112223.68999998,88456.5,94975.0,97010.0,0.7
2853,9,218,11,96806.0,67795.0,96806.0,80526.0,78337830.2,74316.25,80889.5,87230.75,0.7
2853,11,230,13,96806.0,67795.0,88292.0,79023.1,47374447.69,74316.25,80889.5,84401.75,0.7
2855,9,152,11,88161.0,65617.0,91446.0,82801.1,75160803.09,76687.0,87773.5,89128.5,0.9
2857,9,259,11,75969.0,68900.0,81666.0,76276.6,14154571.64,75969.0,76365.5,78471.5,0.8
2858,9,200,11,112456.0,79445.0,112456.0,92180.6,93205204.64,84246.25,92539.5,93564.5,0.7
2858,11,232,13,112456.0,79445.0,96028.0,89389.8,31080905.76,84246.25,92366.5,93335.25,0.8
2858,13,263,15,112456.0,79445.0,93383.0,88840.5,26160500.85,84246.25,91574.0,92885.75,1.0
2859,9,203,11,72509.0,38097.0,72509.0,56280.9,101708118.08999999,51007.75,55470.0,60132.0,0.6
2859,11,236,13,72509.0,38097.0,60454.0,53232.5,42178300.25,51007.75,54312.5,58381.75,0.8
2860,9,193,11,102619.0,68813.0,102619.0,80870.1,69476125.49000001,77840.0,79876.0,82563.0,0.7
2861,9,189,11,52687.0,47174.0,59269.0,53646.2,11477900.959999999,52325.5,52947.0,56333.75,0.8
2862,9,220,11,99152.0,64965.0,99152.0,75535.5,104864543.65,67170.25,73275.0,81420.25,0.7
2862,11,268,13,99152.0,64965.0,82651.0,72891.7,36976408.81,67170.25,73275.0,77806.75,0.9
2865,9,203,11,96004.0,77269.0,96004.0,86960.8,30637347.959999997,84666.0,88036.0,90016.75,0.8
2867,9,219,11,117505.0,93447.0,117505.0,104884.8,44814689.56,101248.0,106348.0,108526.5,0.7
2867,11,265,13,117505.0,93447.0,109154.0,103793.8,27479165.76,101248.0,106348.0,107443.5,0.8
2871,9,189,11,111665.0,63691.0,111665.0,85978.3,211641334.21000004,82130.25,86305.0,86991.0,0.8
2871,11,223,13,111665.0,63691.0,91695.0,81952.9,84799081.09,82130.25,86305.0,86991.0,0.9
2872,9,197,11,123159.0,56798.0,123159.0,77764.7,293684163.61,73973.25,76751.5,79405.25,0.9
2874,9,201,11,61489.0,40485.0,61489.0,54992.4,30626628.839999996,54313.25,56524.5,58006.5,0.8
2875,9,197,11,70819.0,64416.0,75403.0,70053.0,14782064.2,66062.75,70819.0,73286.0,0.8
2876,9,178,11,129722.0,68384.0,129722.0,88465.4,260929985.24,80023.5,83458.5,89303.75,0.7
2876,11,212,13,129722.0,68384.0,90282.0,82295.0,37646239.0,80023.5,81239.0,87052.5,0.8
2876,13,242,15,129722.0,68384.0,88207.0,81432.2,28410370.560000002,80023.5,81239.0,84735.5,1.0
2877,9,173,11,91646.0,72192.0,95438.0,87139.9,68934008.28999999,78906.75,91646.0,94011.25,0.5
2877,11,226,13,91646.0,72192.0,94159.0,86247.6,58096734.239999995,78906.75,90611.5,91709.75,0.7
2877,13,268,15,91646.0,72192.0,92626.0,84671.3,52836817.81,77916.75,86437.5,91646.0,0.8
2878,9,189,11,118313.0,70768.0,118313.0,88619.5,144817456.45,83194.0,83769.0,94076.25,0.9
2879,9,181,11,60507.0,48350.0,60507.0,56453.9,10986276.09,55422.25,57744.5,58066.0,0.9
2879,11,210,13,60507.0,48350.0,59594.0,56362.6,10321201.239999998,55422.25,57744.5,58066.0,0.9
2880,9,230,11,33791.0,27898.0,42641.0,36226.7,16206823.809999999,33791.0,36061.5,38847.75,0.9
2881,9,210,11,123068.0,88779.0,123068.0,98885.1,83616414.69000001,92058.5,99017.0,100732.0,0.5
2881,11,247,13,123068.0,88779.0,100976.0,96387.1,18958682.29,92058.5,98441.5,100356.5,0.6
2882,9,172,11,69401.0,64011.0,69401.0,66678.5,3473240.85,65528.25,66199.5,68211.0,0.9
2883,9,177,11,111295.0,77732.0,111295.0,93543.5,100544699.85,84878.75,96350.0,100115.75,0.9
2884,9,203,11,75311.0,58432.0,75311.0,68971.3,32570495.610000003,63630.75,72229.5,73099.0,0.8
2884,11,230,13,75311.0,58432.0,74169.0,68771.3,30394615.610000003,63630.75,72229.5,73099.0,0.9
2885,9,201,11,76299.0,50213.0,76299.0,63723.9,51498192.089999996,59223.0,66141.5,67489.5,0.7
2885,11,239,13,76299.0,50213.0,67843.0,61935.1,32841456.089999996,58545.5,64306.5,66362.5,0.9
2886,9,227,11,94090.0,71338.0,94090.0,85927.2,34424549.95999999,84800.0,85953.5,87899.5,0.5
2886,11,269,13,94090.0,71338.0,89153.0,84070.4,24595590.440000005,84232.0,84886.5,87048.0,0.6
2888,9,108,11,95381.0,30641.0,95381.0,64168.4,355456831.23999995,53427.75,64953.5,77484.25,0.9
2890,9,166,11,85920.0,73305.0,96225.0,84970.0,44487014.0,80482.75,85920.0,88937.0,0.8
2891,9,191,11,92640.0,86472.0,95910.0,92181.8,7451650.360000001,91903.75,92640.0,93715.25,0.7
2892,9,175,11,101056.0,68875.0,101056.0,80898.3,83429578.80999999,73543.0,80556.0,85565.5,0.8
2894,9,229,11,73931.0,67648.0,77641.0,73173.8,8444299.16,70722.75,73931.0,75305.5,0.7
2895,9,181,11,71671.0,63432.0,92098.0,80235.0,116701271.4,71671.0,85660.0,89785.0,0.7
2896,9,204,11,109009.0,72632.0,109009.0,82564.1,90832391.48999998,78296.25,80414.0,82711.75,0.8
2896,11,246,13,109009.0,72632.0,83322.0,79299.4,10099376.24,78296.25,79597.0,81391.25,0.9
2897,9,153,11,78233.0,23665.0,78233.0,44481.3,276609315.40999997,34624.75,41897.0,50750.75,0.7
2897,11,171,13,78233.0,23665.0,52895.0,39187.0,83100114.8,34624.75,41897.0,44804.0,0.9
2899,9,198,11,48061.0,44969.0,55860.0,50544.6,8681552.639999999,48256.25,51089.0,52511.25,0.9
2900,9,130,11,143527.0,88931.0,143527.0,107875.8,353358501.56,93932.5,100918.5,112962.25,0.8
2900,11,163,13,143527.0,88931.0,120719.0,101111.6,100997718.24000001,93777.0,97964.0,107808.75,0.9
2901,9,185,11,111120.0,76048.0,111120.0,91819.1,104799812.69000001,83199.0,91837.0,96959.25,0.7
2901,11,216,13,111120.0,76048.0,97546.0,89920.5,58524402.65,83199.0,91837.0,96765.0,0.7
2901,13,260,15,111120.0,76048.0,97287.0,88206.0,46834956.2,81668.5,91552.5,92324.75,0.9
2902,9,167,11,125674.0,81047.0,125674.0,101147.2,202449701.76000002,89382.75,98579.5,114179.25,0.7
2902,11,205,13,125674.0,81047.0,117998.0,96027.3,92673411.21000001,89382.75,95300.5,99828.75,0.9
2903,9,272,11,82909.0,73420.0,82909.0,75923.7,7006455.609999999,74241.25,74972.0,76558.5,0.6
2903,11,305,13,82909.0,68561.0,76780.0,74256.8,4487716.959999999,73888.25,74774.5,75297.75,0.8
2904,9,224,11,80115.0,68411.0,81809.0,78104.7,20387082.610000003,78000.25,80115.0,81048.25,0.8
2905,9,244,11,129327.0,98268.0,129327.0,106513.6,74216023.04,101639.75,103842.0,108385.0,0.4
2905,11,281,13,129327.0,98268.0,109409.0,103862.3,12333339.209999999,101639.75,103842.0,106849.0,0.4
2906,9,237,11,76062.0,65139.0,78901.0,74316.5,16125320.65,73702.25,76062.0,76353.75,0.7
2907,9,183,11,111257.0,69398.0,111257.0,89704.2,102516176.56,85029.75,91589.5,92989.25,0.9
2908,9,180,11,92721.0,48693.0,92721.0,78043.2,122087012.75999999,76475.75,81363.5,82453.75,0.6
2908,11,206,13,92721.0,48693.0,82506.0,76297.2,94417033.96000001,76355.75,79663.0,82022.0,0.8
2909,9,109,11,47524.0,10409.0,47524.0,21500.2,108062534.75999996,14921.0,18808.5,23696.25,0.8
2909,11,133,13,47524.0,10409.0,24255.0,18573.4,25969386.04,14921.0,18808.5,23696.25,1.0
2910,9,174,11,155988.0,62584.0,155988.0,92801.8,645954552.1600001,81577.25,87616.0,94342.0,0.7
2910,11,187,13,155988.0,62584.0,96371.0,83356.5,103799513.25,81577.25,87616.0,88815.25,0.9
2913,9,209,11,89577.0,70733.0,89577.0,80475.4,21793571.84,78872.0,80221.0,81499.5,0.8
2913,11,246,13,89577.0,70733.0,82193.0,79385.4,10311766.24,78872.0,80221.0,81499.5,0.8
2914,9,217,11,87953.0,75416.0,87953.0,83262.0,8626491.8,83403.0,83797.0,83975.75,0.8
2915,9,257,11,65904.0,57953.0,72439.0,64924.7,20445992.610000003,61511.75,64921.0,66706.5,0.7
2915,11,284,13,65904.0,57953.0,69244.0,64307.1,12862255.09,61511.75,64921.0,66706.5,0.8
2916,9,201,11,76643.0,50657.0,76643.0,64611.8,55189195.96,60704.25,63557.0,66829.75,0.8
2916,11,241,13,76643.0,50657.0,68007.0,62474.9,22874890.290000003,60704.25,63557.0,65946.25,0.9
2917,9,224,11,102351.0,95312.0,107916.0,102921.5,13496125.65,102351.0,103565.5,104874.0,0.5
2917,11,266,13,102351.0,95312.0,105102.0,101168.5,9886369.65,98267.5,102351.0,103634.25,0.7
2918,9,230,11,126477.0,94212.0,126477.0,101848.8,73524402.76000002,98178.0,98584.0,102273.75,0.6
2919,9,215,11,117448.0,77310.0,117448.0,91559.6,129053688.83999999,83445.5,91380.0,95834.0,0.8
2920,9,194,11,69972.0,46242.0,69972.0,57483.6,47745536.239999995,54613.0,58304.0,60877.5,0.8
2920,11,224,13,69972.0,46242.0,61096.0,55422.3,26275889.61,53381.25,56654.5,59802.75,1.0
2921,9,196,11,114659.0,96295.0,114659.0,105167.8,44104767.95999999,99181.5,105863.5,110544.5,0.5
2921,11,225,13,114659.0,96295.0,110644.0,102943.2,26678374.96,99181.5,101761.0,108043.0,0.6
2921,13,254,15,114659.0,96295.0,109584.0,101919.4,15564262.040000001,99181.5,101761.0,104432.5,0.6
2921,15,294,17,114659.0,94350.0,105882.0,100396.0,13098486.8,97335.25,100690.5,103100.75,0.7
2923,9,214,11,85417.0,62373.0,85417.0,74038.2,53628960.56,68468.75,73690.5,77844.75,0.8
2923,11,258,13,85417.0,62373.0,84111.0,73644.2,45371589.36,68468.75,73690.5,77844.75,0.9
2924,9,238,11,78147.0,62502.0,81298.0,72841.0,38190806.6,67650.75,73946.0,78078.5,0.9
2925,9,222,11,58537.0,49600.0,68184.0,60852.7,43064790.20999999,58537.0,60855.0,67172.75,0.7
2926,9,197,11,47178.0,36907.0,54698.0,49121.8,24292844.560000002,47178.0,50184.5,52640.0,0.9
2927,9,204,11,96806.0,63548.0,96806.0,78697.5,70158495.85,74678.0,78047.0,82019.25,0.7
2927,11,249,13,96806.0,63548.0,82673.0,75593.8,28607090.159999996,72169.5,77269.0,79571.5,0.8
2927,13,279,15,96806.0,63548.0,80058.0,74407.1,23479922.09,71418.25,75304.0,78079.5,1.0
2928,9,218,11,94420.0,75754.0,94420.0,82676.6,27622801.640000004,78935.5,82742.5,83819.75,0.8
2928,11,249,13,94420.0,75569.0,84844.0,80449.4,11270176.040000001,77224.75,81631.0,82923.25,0.9
2930,9,194,11,70180.0,67407.0,76676.0,71787.4,10122784.84,68947.0,70838.0,74739.75,0.8
2931,9,134,11,81078.0,42226.0,81078.0,53791.1,100048808.29,48992.25,52517.5,55007.75,0.8
2931,11,147,13,81078.0,42226.0,55327.0,50600.0,15233291.6,48992.25,51529.0,53746.0,1.0
2932,9,179,11,99070.0,65570.0,99070.0,83173.2,107066852.76000002,76015.0,81376.5,92633.25,0.8
2934,9,240,11,71054.0,68696.0,75724.0,71747.4,5864671.04,69950.25,71054.0,73659.25,0.7
2935,9,219,11,71406.0,56198.0,71406.0,64313.0,21094365.0,61708.75,64693.0,67929.5,0.6
2935,11,256,13,71406.0,50798.0,68747.0,61719.2,25185468.16,58920.0,63624.0,64962.5,0.8
2936,9,241,11,80731.0,60058.0,80731.0,74242.5,34454958.85,73052.5,75924.0,77088.75,0.8
2937,9,158,11,97698.0,72626.0,97698.0,82739.5,38907377.45,80786.0,82808.0,83945.75,0.9
2938,9,230,11,96605.0,76191.0,96605.0,87571.2,34570385.760000005,85195.5,87944.5,92288.25,0.7
2939,9,160,11,93748.0,59616.0,93748.0,70774.0,86131933.0,64249.5,70376.5,71820.75,0.8
2939,11,180,13,93748.0,59616.0,73560.0,68220.4,22331504.84,64249.5,70376.5,71820.75,0.9
2940,9,190,11,78433.0,62986.0,81933.0,72790.5,43750191.65,66290.25,74809.5,78433.0,0.9
2941,9,202,11,99098.0,85260.0,99098.0,91287.6,19996082.240000002,87394.5,90864.5,94172.5,0.6
2941,11,246,13,99098.0,85260.0,94351.0,89425.1,10084415.29,86260.75,90032.5,91435.25,0.8
2941,13,284,15,99098.0,84686.0,91746.0,88269.5,7333109.25,85740.25,88229.0,90833.0,1.0
2942,9,249,11,100705.0,60939.0,100705.0,73988.7,96164138.01000002,71357.25,73378.0,73918.75,0.9
2943,9,201,11,125190.0,86110.0,125190.0,103298.0,112868938.8,99364.25,103113.5,109039.75,0.7
2943,11,243,13,125190.0,86110.0,110194.0,100773.8,54425719.96,99364.25,103113.5,105161.75,0.9
2944,9,196,11,117645.0,93083.0,117645.0,108721.6,51639717.64,103952.25,110408.5,114863.75,0.6
2945,9,211,11,92055.0,70441.0,92055.0,80510.9,37927679.690000005,76872.75,82072.5,84177.75,0.9
2946,9,230,11,97170.0,78875.0,97170.0,88488.7,25246246.610000003,85562.0,90315.0,90866.25,0.4
2946,11,279,13,97170.0,78875.0,91353.0,87869.4,17928611.24,85562.0,90315.0,90866.25,0.4
2947,9,194,11,71182.0,50642.0,73330.0,65988.6,62725515.04,59447.0,70501.5,71513.5,0.7
2947,11,219,13,71182.0,50642.0,71624.0,63105.3,55994119.81,56023.75,64078.5,70841.75,0.9
2949,9,196,11,99835.0,72269.0,99835.0,81268.0,49682737.4,77408.75,80838.0,82753.5,0.9
2950,9,194,11,66724.0,59580.0,67428.0,64650.3,6323255.01,62970.5,65537.0,66653.25,0.8
2950,11,231,13,66724.0,59580.0,66724.0,64336.2,5214125.159999999,62970.5,65136.5,65942.5,1.0
2951,9,204,11,86577.0,51567.0,86577.0,70768.7,88836378.60999998,64974.75,71441.0,77508.75,0.4
2951,11,250,13,86577.0,51567.0,78171.0,68850.7,54420097.20999999,64974.75,71441.0,73446.0,0.4
2951,13,285,15,86577.0,51567.0,73618.0,65348.1,47946370.089999996,61813.0,65313.5,72086.0,0.6
2951,15,313,17,86577.0,51567.0,72731.0,63887.0,35380370.8,61701.5,63913.0,68392.5,0.8
2951,17,344,19,86577.0,51567.0,69193.0,62716.8,24382438.16,61701.5,63004.0,65652.25,1.0
2953,9,220,11,100395.0,71701.0,100395.0,85574.1,44632600.089999996,83261.25,85448.5,87272.0,0.8
2953,11,252,13,100395.0,71701.0,88668.0,84034.4,20329205.44,83261.25,84540.5,86829.0,0.9
2954,9,203,11,91329.0,59069.0,91329.0,78325.2,86013383.16,74677.0,80896.5,83294.0,0.9
2955,9,180,11,77680.0,53325.0,77680.0,61681.3,48492496.21,57488.25,58982.0,64025.25,0.8
2955,11,221,13,77680.0,53325.0,64221.0,59564.6,13072591.239999998,57488.25,58982.0,63348.5,0.9
2957,9,221,11,89028.0,67093.0,89028.0,81300.8,44799085.559999995,77882.0,81007.0,87950.0,0.5
2957,11,264,13,89028.0,67093.0,88864.0,79388.2,30086159.96,77882.0,79181.0,81688.0,0.7
2957,13,301,15,89028.0,67093.0,82193.0,78264.4,17400788.84,77882.0,79181.0,80605.0,0.7
2958,9,214,11,56572.0,40697.0,56572.0,47797.3,22160496.21,44910.0,47506.0,51363.0,0.9
2959,9,227,11,88465.0,72220.0,88465.0,79450.8,16673163.959999999,78662.25,79184.5,80199.75,0.2
2959,11,274,13,88465.0,66230.0,80246.0,75979.2,21403972.56,72905.25,78735.5,79328.25,0.4
2959,13,314,15,88465.0,66230.0,79472.0,74858.6,17538283.64,72420.0,75521.0,78808.75,0.5
2959,15,350,17,88465.0,66230.0,78882.0,74453.5,14691573.05,72420.0,75521.0,77310.0,0.5
2959,17,386,19,88465.0,57368.0,77461.0,71764.9,33135930.090000004,70730.5,73118.5,75801.0,0.7
2961,9,230,11,90198.0,65805.0,90198.0,75196.3,47910410.61000001,70038.0,73743.0,77825.0,0.6
2961,11,281,13,90198.0,65805.0,77936.0,72971.7,15800325.41,70038.0,73281.0,76584.75,0.7
2961,13,313,15,90198.0,65805.0,77501.0,71298.4,10646478.24,68626.25,71642.5,73465.5,0.9
2962,9,200,11,73555.0,52215.0,73555.0,64699.0,37032599.2,61609.5,66823.5,67909.5,0.8
2962,11,228,13,73555.0,52215.0,68402.0,63914.3,27684387.610000003,61609.5,66823.5,67800.0,0.9
2963,9,210,11,117640.0,69680.0,117640.0,92787.3,165590393.81,83932.0,96477.0,99594.75,0.6
2963,11,249,13,117640.0,69680.0,100026.0,90816.8,102250645.35999998,83932.0,96477.0,98889.0,0.6
2963,13,289,15,117640.0,69680.0,99085.0,88918.0,83849841.2,83932.0,90228.0,96537.5,0.8
2964,9,195,11,84726.0,67407.0,84726.0,75118.7,21907564.81,71389.5,75722.0,77368.0,0.7
2964,11,220,13,84726.0,62657.0,77654.0,72618.7,21022068.410000004,70161.5,75077.5,75771.0,0.9
2965,9,187,11,79497.0,50794.0,79497.0,66673.2,98031555.56,57053.5,68257.0,73874.5,0.8
2965,11,216,13,79497.0,50794.0,75472.0,65744.9,77745866.49,57053.5,68257.0,73874.5,0.8
2966,9,202,11,74308.0,56254.0,74951.0,67445.2,40347354.160000004,65827.5,67326.0,73473.0,0.5
2966,11,249,13,74308.0,55817.0,74308.0,65217.1,39941639.29,59142.25,66456.5,70259.75,0.6
2966,13,294,15,74308.0,55817.0,70968.0,64186.2,28229783.560000002,59142.25,66456.5,67779.0,0.8
2966,15,329,17,74308.0,55817.0,67998.0,63629.8,23398149.560000002,59118.0,66017.0,67015.75,0.9
2968,9,192,11,83196.0,46352.0,83196.0,70291.3,115074247.21,70167.25,72757.0,77034.5,0.9
2970,9,195,11,112303.0,96132.0,112303.0,104373.2,21303305.36,102095.75,103524.5,105182.5,0.3
2970,11,227,13,112303.0,88948.0,105582.0,99955.7,29622058.610000003,97509.5,102368.5,103685.25,0.5
2970,13,264,15,112303.0,88948.0,103846.0,97494.4,31123676.639999997,92333.5,98887.0,102641.25,0.7
2970,15,297,17,112303.0,88948.0,102914.0,96872.8,25723488.159999996,92333.5,97429.0,101777.75,0.9
2972,9,205,11,51584.0,39524.0,51584.0,43797.0,10896657.4,41669.5,43759.0,45128.25,0.8
2972,11,248,13,51584.0,39524.0,45574.0,42882.1,4106674.6900000004,41637.5,42993.5,44414.0,1.0
2974,9,188,11,169250.0,96279.0,169250.0,121446.7,448172646.01000005,107162.5,116465.5,123141.25,0.5
2974,11,210,13,169250.0,96279.0,123283.0,113419.8,76518068.96000001,107162.5,116164.0,119693.75,0.5
2974,13,231,15,169250.0,96279.0,119764.0,110636.1,54669535.489999995,106023.25,111359.5,117662.5,0.7
2974,15,242,17,169250.0,96279.0,119161.0,109332.7,38561739.81,106023.25,111075.5,112887.25,0.9
2976,9,230,11,59668.0,55525.0,66025.0,61594.8,13600711.960000003,59668.0,62533.0,64839.75,0.9
2977,9,208,11,88489.0,64116.0,88489.0,74308.3,42405354.21,69926.75,72836.0,77191.5,0.8
2977,11,246,13,88489.0,64116.0,77202.0,72473.6,16031626.440000001,69926.75,72519.5,76400.0,1.0
2979,9,203,11,83588.0,52628.0,83588.0,68919.3,101984629.61,61728.5,70626.5,74795.5,0.8
2979,11,233,13,83588.0,52628.0,75754.0,67445.6,69570836.44,61728.5,70626.5,74795.5,0.8
2982,9,193,11,62442.0,43314.0,62442.0,54794.8,29769297.159999996,53215.25,56207.0,58126.25,0.9
2984,9,179,11,52540.0,35250.0,52771.0,47206.1,38116743.089999996,43189.0,50005.0,52540.0,0.9
2985,9,188,11,56405.0,47436.0,56405.0,53305.4,5550739.640000001,53037.5,53702.5,54695.0,0.9
2987,9,176,11,57351.0,49432.0,58035.0,54351.6,6793578.640000001,53101.0,54421.5,56673.75,0.7
2988,9,157,11,55726.0,44167.0,55726.0,53200.9,12559559.489999998,53486.5,54793.5,55300.5,0.6
2989,9,201,11,40514.0,40514.0,65843.0,59543.2,92461737.35999998,61567.0,64690.0,65092.25,0.9
2990,9,207,11,88079.0,57339.0,88079.0,66652.5,73521561.05,61425.0,63830.5,69327.5,0.9
2991,9,227,11,101669.0,79037.0,101669.0,92648.6,33215228.04,91173.5,93749.0,96034.5,0.4
2991,11,260,13,101669.0,77721.0,96375.0,89505.4,37502440.839999996,87951.0,91440.0,94120.5,0.6
2991,13,293,15,101669.0,77721.0,94492.0,88538.0,29225708.6,87951.0,90641.5,91814.25,0.8
2991,15,323,17,101669.0,77721.0,92438.0,87198.9,28130521.890000004,83161.0,89634.5,91230.25,1.0
2993,9,200,11,90527.0,64444.0,90527.0,77815.1,64477845.09000001,75843.75,77662.0,83669.0,0.7
2993,11,228,13,90527.0,64444.0,85195.0,76750.3,45353187.21,75843.75,77662.0,82078.25,0.7
2994,9,219,11,74441.0,55875.0,74441.0,65561.2,30251505.360000003,64501.0,66849.0,67924.5,0.8
2994,11,261,13,74441.0,55875.0,68980.0,64447.5,20111014.45,64375.5,65579.5,67765.25,1.0
2995,9,180,11,98203.0,85040.0,98203.0,88174.2,13825428.559999999,85959.0,87044.5,87924.0,0.9
2997,9,167,11,48228.0,43179.0,54366.0,50456.3,10033746.01,48579.75,51084.5,52867.5,0.9
2998,9,219,11,85882.0,64799.0,85882.0,75358.1,31982579.889999997,72455.5,75806.5,78530.0,0.6
2998,11,252,13,85882.0,64799.0,79361.0,74194.3,19318834.21,72455.5,74620.0,77813.0,0.7
2999,9,208,11,68522.0,49033.0,68522.0,59003.3,28134809.409999996,55448.25,59135.5,62049.0,0.8
2999,11,239,13,68522.0,49033.0,62245.0,58161.2,17652448.16,55448.25,59135.5,62005.5,1.0
3000,9,200,11,76689.0,63402.0,80824.0,74940.4,33483435.04,76326.75,77009.0,78007.25,0.6
3002,9,194,11,86742.0,76658.0,86742.0,82369.7,15840576.209999999,78175.0,83957.0,86077.75,0.7
3003,9,240,11,94552.0,64672.0,94552.0,75818.4,69339186.44000001,71998.75,74378.0,80155.5,0.6
3004,9,191,11,88589.0,67579.0,88589.0,75653.7,49517178.61,70820.75,73398.0,76644.75,0.8
3004,11,217,13,88589.0,67579.0,78646.0,73141.0,11140171.2,70820.75,72613.0,76069.25,0.9
3005,9,256,11,60642.0,52630.0,63250.0,58880.2,13769744.159999996,55392.0,59709.0,62349.75,0.7
3005,11,288,13,60642.0,52630.0,62919.0,57399.0,10681770.4,54395.25,57829.0,60175.5,0.9
3006,9,244,11,70134.0,51809.0,70134.0,61379.1,18794758.29,59765.0,62070.0,62901.5,0.8
3008,9,235,11,80264.0,60203.0,83129.0,76500.3,54045812.61,74953.0,79818.0,82010.0,0.9
3009,9,223,11,108123.0,64419.0,108123.0,74392.9,146017873.48999998,69352.25,70287.5,71228.0,0.8
3009,11,253,13,108123.0,64419.0,71346.0,69590.7,4498290.609999999,69352.25,70287.5,71172.5,0.9
3010,9,216,11,69037.0,27795.0,69037.0,46293.5,119118539.25,41761.25,43122.0,50629.5,0.7
3010,11,250,13,69037.0,27795.0,52732.0,42946.4,38893214.04,41761.25,43122.0,46114.5,0.9
3011,9,212,11,59365.0,46690.0,59365.0,51686.7,12822549.41,48888.5,51497.0,52400.5,0.8
3011,11,250,13,59365.0,46690.0,54816.0,50764.2,5255560.56,48888.5,51204.0,51949.0,1.0
3012,9,199,11,103166.0,61055.0,103166.0,73596.9,157640868.49,64063.75,69059.0,77714.25,0.6
3012,11,224,13,103166.0,61055.0,77982.0,68923.6,31126241.24,64063.75,69059.0,71855.25,0.8
3012,13,245,15,103166.0,61055.0,73963.0,68196.6,20795299.04,64063.75,69059.0,71855.25,0.9
3013,9,196,11,86469.0,55113.0,86469.0,68973.5,55264369.65,66012.5,69702.0,70798.0,0.9
3014,9,138,11,59321.0,49974.0,66715.0,60894.1,17384584.49,59821.0,61642.0,62945.0,0.9
3015,9,227,11,91568.0,73231.0,91568.0,83082.9,26707331.89,80958.5,83249.0,86981.0,0.7
3017,9,218,11,54541.0,54541.0,74864.0,67007.8,61790239.36,60014.25,71556.0,72710.75,0.7
3017,11,262,13,54541.0,54541.0,73610.0,66195.0,53356479.2,60014.25,69359.5,72521.75,0.8
3018,9,211,11,96237.0,82634.0,96237.0,89326.7,17772901.21,86592.5,89931.5,91929.25,0.9
3019,9,202,11,68187.0,55047.0,68187.0,61252.7,10623001.209999997,60394.25,61614.0,62349.25,0.7
3020,9,212,11,76832.0,54846.0,76832.0,67516.3,37241577.01,64128.75,68811.0,70966.5,0.8
3020,11,261,13,76832.0,54846.0,72061.0,66777.9,27347630.089999996,64128.75,68811.0,70966.5,0.9
3022,9,242,11,87486.0,78030.0,87486.0,82561.0,9959354.2,79644.0,82973.5,85040.0,0.5
3022,11,283,13,87486.0,78030.0,85167.0,81892.6,6238610.84,79644.0,82446.0,83855.75,0.6
3022,13,334,15,87486.0,76658.0,83953.0,80944.0,6561601.4,78506.25,81620.0,83397.5,0.7
3022,15,376,17,87486.0,76658.0,83564.0,80521.4,4904440.64,78506.25,81199.5,82190.5,0.9
3023,9,242,11,89004.0,69026.0,89004.0,81448.7,32243270.009999998,80524.5,81894.5,84646.75,0.8
3023,11,273,13,89004.0,69026.0,85103.0,80775.7,24619708.21,80524.5,81894.5,84646.75,0.9
3025,9,246,11,58436.0,53183.0,61602.0,59210.5,4935216.65,58639.75,59752.5,60552.25,0.9
3026,9,229,11,81739.0,65632.0,82774.0,76939.3,30815510.609999996,73299.0,78926.5,81739.0,0.9
3027,9,208,11,95898.0,95898.0,105750.0,101822.5,11269403.85,100939.25,102575.0,104531.5,0.1
3028,9,207,11,88643.0,70028.0,95040.0,85951.7,50887337.809999995,83829.5,88643.0,89265.5,0.8
3031,9,220,11,78694.0,69477.0,87748.0,80656.7,28323746.609999996,78694.0,79714.0,85342.75,0.5
3031,11,261,13,78694.0,62447.0,85773.0,77687.9,44158411.89,76585.0,79174.0,81767.5,0.7
3032,9,197,11,85125.0,66676.0,85125.0,75964.4,41217166.84,69602.75,79103.5,80945.0,0.9
3033,9,153,11,79007.0,69521.0,80524.0,76330.7,9258606.01,74541.0,76704.5,78780.75,0.9
3034,9,179,11,72465.0,48063.0,72465.0,60921.1,49842428.29,58192.75,60072.5,63071.25,0.8
3034,11,219,13,72465.0,48063.0,64664.0,59304.1,22984342.890000004,58192.75,60072.5,63071.25,1.0
3035,9,225,11,91019.0,77188.0,91019.0,82354.4,14779060.64,80391.0,81651.0,84415.25,0.4
3035,11,266,13,91019.0,77188.0,85000.0,81343.1,5431047.09,80391.0,81651.0,82855.25,0.4
3037,9,205,11,109724.0,55550.0,109724.0,75801.7,200614643.41000003,69018.0,74226.0,79926.5,0.7
3037,11,246,13,109724.0,55550.0,80581.0,72081.9,64026576.29,69018.0,74226.0,78372.5,0.8
3038,9,189,11,75411.0,66177.0,75411.0,71671.3,6407411.609999999,70250.0,72035.5,73149.0,0.7
3039,9,199,11,130007.0,97361.0,130007.0,104573.2,79510928.76,100172.75,103016.5,104144.75,0.9
3040,9,210,11,88298.0,70784.0,88298.0,77338.0,19799245.2,75458.25,77242.5,78546.75,0.7
3041,9,174,11,90662.0,52655.0,90662.0,65923.8,135123605.16000003,55949.0,65146.5,71451.25,0.8
3041,11,203,13,90662.0,52655.0,73485.0,63690.4,64244208.04,55949.0,65146.5,71451.25,1.0
3043,9,157,11,53815.0,50122.0,58093.0,54265.4,7564179.040000001,52278.75,53815.0,57104.0,0.9
3046,9,224,11,71641.0,52409.0,71641.0,64967.1,45893981.29,61539.0,68518.5,69761.75,0.9
3048,9,191,11,111180.0,78034.0,111180.0,93669.0,139892406.6,83095.25,92679.0,102815.5,0.5
3048,11,213,13,111180.0,78034.0,104188.0,89928.5,64968832.65,83095.25,90805.0,94916.25,0.7
3048,13,226,15,111180.0,78034.0,97034.0,88772.3,42559368.40999999,83095.25,90805.0,94023.0,0.8
3051,9,237,11,70803.0,52240.0,70803.0,58594.5,25627441.85,54578.0,58341.5,60428.75,0.8
3051,11,270,13,70803.0,52240.0,61196.0,57489.9,9381552.09,54578.0,58341.5,60354.5,0.9
3052,9,189,11,60278.0,60278.0,76197.0,68562.4,43851514.84,61333.75,69938.5,75177.5,0.9
3053,9,181,11,63942.0,39041.0,63942.0,47400.8,45994668.35999999,43133.25,45815.0,50572.75,0.9
3055,9,218,11,63793.0,49581.0,71817.0,64927.4,38949816.04,63672.25,64787.0,70132.25,0.9
3057,9,227,11,70224.0,70224.0,77927.0,73782.7,9215521.209999999,70912.75,73303.5,76967.5,0.5
3058,9,197,11,79003.0,40422.0,79003.0,59806.4,100916950.44000001,57785.0,61257.0,63915.0,0.9
3058,11,232,13,79003.0,40422.0,65267.0,58413.7,64903260.410000004,57785.0,61257.0,63915.0,1.0
3059,9,205,11,81946.0,70456.0,83067.0,78327.9,25912321.689999998,72720.5,81946.0,82384.75,0.5
3059,11,241,13,81946.0,70456.0,82521.0,77131.4,25496113.840000004,71990.0,78436.5,81952.75,0.6
3060,9,199,11,91569.0,51663.0,91569.0,73679.4,118681421.83999999,72570.0,74073.5,77130.0,0.7
3060,11,239,13,91569.0,51663.0,77750.0,70945.5,62802845.45,72570.0,74073.5,75243.5,0.8
3061,9,223,11,110373.0,62611.0,110373.0,74845.5,177643087.45,66945.5,70336.0,75972.5,0.7
3061,11,264,13,110373.0,62611.0,76890.0,70642.3,24768259.810000002,66945.5,70336.0,75690.5,0.7
3062,9,204,11,86503.0,82837.0,91113.0,87933.0,5427941.8,86613.5,88035.5,89680.5,0.3
3062,11,253,13,86503.0,80247.0,90043.0,86372.4,7491477.040000001,86112.25,86724.0,88271.25,0.5
3062,13,295,15,86503.0,80247.0,88507.0,85911.4,5522072.04,86112.25,86715.0,87060.5,0.7
3063,9,158,11,75741.0,51820.0,75741.0,58379.1,37162989.69,56281.25,57287.5,58110.75,0.9
3064,9,183,11,78523.0,54228.0,78523.0,64482.3,48692511.01,59986.75,63722.5,68213.5,0.7
3064,11,222,13,78523.0,54228.0,68347.0,62387.7,20039126.009999998,59986.75,63722.5,64476.5,0.9
3065,9,204,11,82028.0,65275.0,91657.0,81046.1,65568414.69,75930.5,82028.0,87603.25,0.7
3066,9,185,11,88914.0,66910.0,88914.0,78982.9,39077483.29000001,74278.5,80794.5,82830.75,0.9
3067,9,216,11,95017.0,59853.0,95017.0,66766.0,97314162.0,61235.75,63604.5,67391.0,0.9
3070,9,173,11,128644.0,92750.0,128644.0,103132.4,92417050.24000001,96722.25,102895.5,104826.75,0.8
3071,9,218,11,60403.0,55683.0,65006.0,61780.4,6938537.24,60410.5,61936.0,63907.75,0.6
3072,9,221,11,64432.0,50146.0,64432.0,55510.1,17380209.889999997,51814.0,56665.5,57351.0,0.7
3072,11,265,13,64432.0,50146.0,57979.0,54322.8,8881397.760000002,51759.5,54535.0,57128.75,0.8
3073,9,213,11,95917.0,66823.0,95917.0,80587.8,60551408.15999999,75693.25,80714.5,85473.0,0.4
3073,11,250,13,95917.0,66823.0,85998.0,77298.5,29027655.85,74679.5,76191.0,81026.75,0.6
3073,13,296,15,95917.0,66823.0,81339.0,76407.6,18374199.240000002,74679.5,76191.0,80143.25,0.6
3073,15,321,17,95917.0,66823.0,80161.0,74841.7,14587280.41,73181.25,75228.5,76741.25,0.8
3074,9,157,11,98438.0,90025.0,108905.0,99323.7,30837230.609999996,96561.0,98438.0,100959.25,0.5
3074,11,181,13,98438.0,90025.0,102761.0,97860.9,11924157.09,96561.0,98438.0,99933.25,0.5
3075,9,179,11,113568.0,86303.0,113568.0,98100.6,58124846.64,91232.75,100004.0,101265.75,0.4
3075,11,221,13,113568.0,79987.0,101296.0,92671.4,58080564.44,87145.0,92744.5,100109.5,0.6
3075,13,259,15,113568.0,79987.0,100215.0,91916.1,47845315.29000001,87145.0,92744.5,98184.0,0.8
3075,15,279,17,113568.0,79987.0,99143.0,91384.9,41016924.89,87145.0,92637.0,95948.75,1.0
3078,9,201,11,57048.0,57048.0,70753.0,65615.2,22664144.159999996,64724.25,66075.5,69326.0,0.5
3078,11,255,13,57048.0,57048.0,69422.0,64397.9,16233191.49,64396.25,65231.5,66223.25,0.7
3079,9,187,11,77333.0,54619.0,77333.0,67678.5,52991570.25,62768.75,67343.5,74262.5,0.7
3079,11,228,13,77333.0,54619.0,74820.0,66471.1,36814019.29,62768.75,67221.0,71263.0,0.9
3080,9,219,11,84414.0,66140.0,84414.0,77220.0,29762268.8,73462.25,77397.0,80599.25,0.5
3080,11,260,13,84414.0,66140.0,82407.0,76459.7,21779342.81,73462.25,77397.0,80143.25,0.5
3081,9,211,11,92093.0,58799.0,92093.0,74149.3,71736303.41,70060.75,72994.5,77641.75,0.7
3081,11,233,13,92093.0,58799.0,78616.0,71260.9,29623529.089999996,68894.0,71215.5,74466.25,0.8
3083,9,176,11,110985.0,71305.0,110985.0,89386.4,95501864.03999999,85357.25,88221.0,90414.25,0.7
3083,11,210,13,110985.0,71305.0,92215.0,86272.9,30800361.090000004,85298.25,87209.0,89329.0,0.8
3084,9,196,11,82430.0,56020.0,82430.0,67834.1,48418286.69,66005.25,68959.0,70547.0,0.8
3084,11,230,13,82430.0,56020.0,70894.0,65601.6,28104099.439999998,61480.0,67892.0,69592.75,0.9
3085,9,207,11,99372.0,49618.0,99372.0,68558.2,142436520.36,64145.75,66669.5,71150.5,0.9
3087,9,200,11,73256.0,68147.0,78161.0,73661.5,7002185.05,73256.0,73412.0,74840.0,0.8
3088,9,196,11,69051.0,69051.0,91421.0,82329.8,56630998.95999999,79596.5,84302.0,87632.75,0.7
3089,9,225,11,120732.0,84792.0,120732.0,96199.1,106410561.29,86867.5,96387.0,100791.5,0.5
3089,11,279,13,120732.0,84792.0,101128.0,91979.8,35802282.760000005,85783.0,92017.0,97071.5,0.7
3089,13,297,15,120732.0,84792.0,97756.0,90746.5,21234890.65,85783.0,92017.0,94507.75,0.9
3090,9,224,11,69843.0,47086.0,69843.0,56548.9,43729050.09,51473.0,57547.0,58882.25,0.7
3090,11,254,13,69843.0,47086.0,59177.0,54168.9,20277968.089999996,50461.25,54795.5,58669.5,0.8
3091,9,210,11,56113.0,44287.0,56113.0,49315.7,13534872.809999999,46684.5,48265.5,50339.25,0.8
3091,11,247,13,56113.0,44287.0,54978.0,48824.5,8583771.65,46684.5,48265.5,50339.25,1.0
3092,9,212,11,86057.0,49933.0,86057.0,62793.7,92829780.80999999,58070.5,60550.5,67292.5,0.9
3093,9,226,11,92955.0,63684.0,92955.0,77353.2,52937761.760000005,73392.0,77817.5,80108.25,0.6
3093,11,269,13,92955.0,63684.0,80893.0,75566.4,25291170.640000004,73280.0,76385.0,79769.25,0.7
3094,9,205,11,94656.0,71064.0,94656.0,87598.9,42849183.09,87278.25,89414.0,91650.75,0.9
3095,9,242,11,112131.0,80805.0,112131.0,101325.2,72575585.96000001,98918.0,103587.0,104843.75,0.5
3095,11,288,13,112131.0,80805.0,104891.0,98207.3,54047157.21,95185.25,100737.0,104106.0,0.7
3096,9,210,11,87157.0,79965.0,87157.0,85643.2,4334246.76,85440.5,86442.0,86915.25,0.8
3098,9,206,11,105688.0,82662.0,105688.0,91377.6,56060429.44000001,85494.5,90417.5,93539.75,0.4
3098,11,239,13,105688.0,82662.0,93689.0,88242.7,13197880.81,85494.5,88766.5,90569.25,0.5
3098,13,281,15,105688.0,82662.0,92539.0,87430.0,9518140.2,85494.5,87209.0,89893.0,0.6
3098,15,318,17,105688.0,70788.0,90114.0,84827.2,26843152.160000004,83965.25,85915.0,87838.25,0.8
3099,9,232,11,119406.0,93712.0,119406.0,104237.9,47360680.489999995,101949.0,105107.0,106572.75,0.3
3099,11,281,13,119406.0,87579.0,106769.0,101055.2,41975870.36,95830.25,104157.5,106220.25,0.4
3099,13,321,15,119406.0,87579.0,106320.0,99900.9,34585191.29,95424.25,101753.5,104225.25,0.6
3099,15,360,17,119406.0,87579.0,104293.0,98724.5,27085168.65,94867.0,100446.0,102866.25,0.7
3100,9,131,11,96518.0,46002.0,96518.0,78670.5,183734714.05,73484.75,80168.0,87881.5,0.7
3100,11,159,13,96518.0,46002.0,90067.0,76405.1,131964915.49000001,73484.75,80168.0,81954.25,0.7
3101,9,119,11,131871.0,41326.0,131871.0,66413.3,602851317.6099999,51566.5,61506.5,72417.25,0.9
3103,9,202,11,106747.0,70327.0,106747.0,81625.5,92886907.05,76840.5,79561.5,83921.75,0.9
3104,9,198,11,89333.0,87213.0,104637.0,94622.4,32667502.040000003,89355.25,93570.0,100006.5,0.8
3105,9,196,11,112931.0,79600.0,112931.0,91132.5,105745028.45,82838.5,88384.5,97983.0,0.8
3106,9,185,11,95967.0,63388.0,95967.0,84213.0,77295467.2,80803.0,83955.0,89157.25,0.6
3106,11,224,13,95967.0,63388.0,89697.0,80507.8,58976361.36,80207.75,82683.0,84560.5,0.8
3107,9,208,11,90528.0,54028.0,90528.0,78565.7,107465276.41,74823.25,81766.0,83460.25,0.6
3107,11,250,13,90528.0,54028.0,83777.0,75686.3,79701256.80999999,70764.5,80128.0,82278.25,0.8
3108,9,202,11,114602.0,91794.0,114602.0,107584.6,32697903.639999997,107308.75,107996.5,110579.75,0.4
3109,9,190,11,91023.0,61189.0,91023.0,69827.0,61245676.8,65835.75,68273.0,69414.75,0.6
3109,11,220,13,91023.0,61189.0,71568.0,67531.1,9176004.09,65835.75,68273.0,69414.75,0.6
3111,9,221,11,112452.0,72366.0,112452.0,86030.5,104638067.05,79983.0,85476.5,87283.75,0.6
3111,11,262,13,112452.0,71325.0,87289.0,80851.4,31698346.639999997,77504.25,81746.0,85720.25,0.8
3112,9,206,11,71504.0,49386.0,71504.0,61827.7,36634253.20999999,58417.5,61324.5,64658.0,0.8
3112,11,237,13,71504.0,49386.0,67045.0,61063.0,25170112.4,58417.5,61324.5,64658.0,0.9
3113,9,207,11,91395.0,63736.0,91395.0,75582.0,79228338.4,69379.0,75020.0,76281.5,0.8
3113,11,247,13,91395.0,63736.0,77167.0,72675.6,21117659.040000003,69379.0,75020.0,76281.5,0.9
3114,9,180,11,85052.0,69220.0,85052.0,77135.0,21088799.8,74966.75,76424.0,77814.5,0.8
3114,11,215,13,85052.0,69220.0,83093.0,76334.1,11809926.489999998,74966.75,76424.0,77814.5,0.9
3115,9,219,11,80827.0,58218.0,80827.0,72489.2,34730100.36,70198.25,72840.5,76330.0,0.9
3116,9,183,11,120643.0,77320.0,120643.0,88830.1,128883841.69000001,84504.0,86668.0,88761.75,0.8
3117,9,191,11,98282.0,77989.0,98282.0,91086.6,42593726.440000005,87426.5,93471.0,96148.5,0.8
3118,9,226,11,65838.0,52784.0,65838.0,61391.8,13124076.16,59917.0,62615.5,63480.5,0.9
3119,9,165,11,100707.0,70012.0,100707.0,90429.1,65540842.69000001,88241.0,92864.0,95313.0,0.7
3119,11,194,13,100707.0,70012.0,96322.0,89990.6,58257664.64,88241.0,92864.0,95313.0,0.7
3120,9,215,11,116917.0,80511.0,116917.0,98014.9,111023501.68999998,92118.75,97563.5,105262.75,0.6
3120,11,253,13,116917.0,80511.0,105369.0,95930.5,64748715.45,92118.75,97563.5,102890.25,0.7
3122,9,190,11,70335.0,50285.0,70390.0,64627.8,42103962.760000005,62485.5,66572.0,70165.5,0.6
3122,11,209,13,70335.0,50285.0,70335.0,64090.0,37250725.6,62485.5,66080.5,68364.0,0.7
3122,13,224,15,70335.0,50285.0,68563.0,62555.6,30788279.839999996,59699.0,64772.0,66510.75,0.9
3123,9,213,11,146157.0,106765.0,146157.0,130624.9,108747835.88999999,128889.0,132677.0,136221.25,0.4
3124,9,225,11,78418.0,56136.0,78418.0,68829.1,39860062.68999999,68063.25,71093.5,71352.0,0.9
3125,9,192,11,137930.0,89564.0,137930.0,109854.6,252331107.84,97441.75,106129.0,123525.5,0.3
3125,11,214,13,137930.0,89564.0,128728.0,102713.5,114602955.65,93762.0,103668.0,106226.5,0.4
3125,13,234,15,137930.0,89564.0,106324.0,100140.3,39132190.61000001,93762.0,103668.0,105648.5,0.4
3126,9,168,11,142925.0,84836.0,142925.0,105016.2,285274609.36,92118.75,102827.0,109210.5,0.6
3126,11,213,13,142925.0,84836.0,115344.0,100757.4,98066159.44,92118.75,102827.0,109121.25,0.6
3126,13,242,15,142925.0,84836.0,109517.0,99460.3,73184167.41,92118.75,102827.0,106757.75,0.8
3127,9,224,11,59942.0,36336.0,59942.0,42975.5,44766559.05,39362.25,41369.0,42346.5,0.8
3127,11,242,13,59942.0,36336.0,42576.0,40250.1,4092924.8899999997,39362.25,41117.0,41621.0,1.0
3128,9,192,11,95279.0,73024.0,95279.0,78933.5,40308975.45,74525.0,77596.5,79712.25,0.7
3129,9,227,11,80818.0,46729.0,80818.0,64216.7,74746531.01000002,60866.75,66669.5,67127.0,0.7
3129,11,252,13,80818.0,46729.0,67423.0,62789.4,45691127.64,60866.75,66564.0,66867.75,0.8
3131,9,199,11,99509.0,55827.0,99509.0,71959.0,116321033.6,68469.0,69804.0,74624.0,0.6
3131,11,238,13,99509.0,55827.0,75563.0,69275.9,32732805.090000004,68469.0,69804.0,73245.5,0.6
3131,13,272,15,99509.0,55827.0,73615.0,67773.6,25100170.040000003,65622.5,69585.5,70880.0,0.8
3131,15,297,17,99509.0,55827.0,71210.0,66804.9,19548393.29,65131.25,68797.0,69846.25,1.0
3132,9,203,11,117236.0,85137.0,117236.0,93934.7,89240608.41000001,88223.25,90578.0,94013.0,0.6
3132,11,237,13,117236.0,85137.0,95642.0,90685.8,11980731.16,88223.25,90578.0,94013.0,0.6
3133,9,163,11,91542.0,67972.0,91542.0,80106.5,51511995.05,76790.75,80017.0,82796.25,0.8
3133,11,189,13,91542.0,67972.0,83109.0,77714.5,23340689.85,75878.75,78462.5,81749.25,1.0
3134,9,212,11,119041.0,83737.0,119041.0,99294.6,114574404.24000001,90169.75,99343.5,105331.5,0.5
3134,11,252,13,119041.0,83737.0,106013.0,95048.9,46775933.089999996,90169.75,93936.5,101153.5,0.7
3134,13,277,15,119041.0,83737.0,102429.0,92346.5,33557845.85,89545.25,90986.5,97059.75,0.8
3135,9,183,11,90505.0,63862.0,90505.0,76837.6,80026977.64000002,71621.75,75461.0,84467.75,0.6
3135,11,212,13,90505.0,63862.0,85805.0,73449.2,39797846.760000005,71388.75,73051.5,75682.0,0.8
3135,13,243,15,90505.0,63862.0,78499.0,72442.1,22956827.089999996,71388.75,73051.5,75682.0,0.9
3136,9,166,11,77733.0,60967.0,77733.0,67681.3,17816391.21,65921.0,67590.0,68609.0,0.6
3136,11,193,13,77733.0,60967.0,70174.0,66646.0,6649956.0,65921.0,67458.5,67946.75,0.7
3137,9,173,11,103271.0,73767.0,103271.0,86962.4,78050332.43999998,81474.0,87490.5,92290.75,0.7
3137,11,221,13,103271.0,73767.0,93622.0,84185.1,39460635.69,80923.5,85327.5,88118.25,0.9
3138,9,186,11,101476.0,65598.0,101476.0,76124.2,83526841.35999998,72173.75,75533.5,76241.5,0.9
3140,9,201,11,95405.0,65934.0,95405.0,73598.1,64719890.89,69167.75,70793.0,75515.25,0.8
3141,9,198,11,79368.0,50221.0,79368.0,63110.0,93293329.0,56349.75,62116.5,66245.0,0.8
3141,11,234,13,79368.0,50221.0,68813.0,60996.9,42444557.89,56349.75,62116.5,66245.0,1.0
3142,9,230,11,92342.0,68420.0,92342.0,84356.1,54144103.69,80965.0,87474.5,88895.0,0.6
3142,11,266,13,92342.0,68420.0,88992.0,82993.3,45195331.61,79810.5,86075.5,88549.5,0.7
3142,13,303,15,92342.0,68420.0,88724.0,81663.6,42147105.239999995,77597.0,82919.0,87505.0,0.9
3143,9,240,11,98677.0,54832.0,98677.0,69208.4,121020427.24000001,64295.75,67745.0,70202.5,0.9
3144,9,182,11,71828.0,65718.0,80435.0,73694.4,24658042.24,69971.0,73136.5,78322.25,0.5
3146,9,215,11,94359.0,62620.0,94359.0,81541.8,67681089.16,77648.25,82388.5,87090.25,0.6
3148,9,174,11,107341.0,77942.0,110741.0,93134.5,140139959.85,82101.25,92060.5,104953.75,0.7
3148,11,206,13,107341.0,77942.0,107341.0,90043.8,79613757.96000001,82101.25,91315.0,94416.5,0.9
3149,9,181,11,127544.0,101353.0,127544.0,117750.5,87736537.05,112018.25,121636.0,124868.75,0.7
3150,9,247,11,87736.0,58066.0,87736.0,73083.2,77954220.56,67794.25,74665.0,78532.25,0.7
3150,11,295,13,87736.0,58066.0,79628.0,70972.4,44233763.64,67794.25,73980.0,75158.0,0.9
3151,9,186,11,108949.0,75970.0,108949.0,85412.6,73634378.64,80962.0,84780.0,86243.0,0.9
3152,9,182,11,92339.0,48921.0,92339.0,69917.5,132978426.25,67456.5,71243.0,74596.75,0.7
3152,11,219,13,92339.0,48921.0,74946.0,67099.5,68815537.85,67456.5,69888.0,72533.5,0.9
3153,9,134,11,136072.0,82505.0,136072.0,108832.8,270719533.56,97313.0,104530.5,121932.5,0.6
3153,11,150,13,136072.0,82505.0,124664.0,102774.9,113558860.28999999,97313.0,102727.5,105493.0,0.8
3153,13,194,15,136072.0,82505.0,111616.0,100730.3,58533743.80999999,97313.0,102727.5,105493.0,0.8
3154,9,223,11,137547.0,61072.0,137547.0,87211.7,370960781.40999997,80865.0,84186.5,86936.5,0.8
3154,11,260,13,137547.0,61072.0,94384.0,82043.4,82804147.43999998,80865.0,84186.5,86936.5,1.0
3155,9,183,11,85429.0,57812.0,85429.0,70525.7,59600435.60999999,67551.75,72480.5,73751.25,0.9
3156,9,165,11,100164.0,70038.0,100164.0,87449.1,58800157.69,85145.5,85893.0,91089.75,0.7
3156,11,190,13,100164.0,70038.0,91161.0,85855.2,34490664.36,85145.5,85893.0,90425.75,0.8
3158,9,212,11,118975.0,103993.0,118975.0,113789.1,22414898.490000002,110254.0,114562.5,118283.25,0.3
3158,11,250,13,118975.0,99672.0,118854.0,111017.3,30325271.409999996,109429.0,111523.0,114825.75,0.4
3159,9,187,11,72350.0,41005.0,72350.0,49716.3,66296969.21,45904.75,47012.5,50717.25,0.8
3159,11,212,13,72350.0,41005.0,50830.0,47431.4,9625140.04,45904.75,47012.5,50533.0,1.0
3160,9,212,11,62189.0,48325.0,62189.0,55653.2,33224068.359999996,49004.0,57878.0,60981.0,0.9
3161,9,187,11,79069.0,58457.0,79069.0,72222.6,35104005.84,69421.75,73732.5,76545.25,0.4
3161,11,234,13,79069.0,58457.0,78305.0,70958.2,32179195.76,67863.25,71551.5,75394.75,0.5
3161,13,265,15,79069.0,58457.0,75895.0,69414.8,21333347.56,67857.25,69458.5,72746.25,0.7
3161,15,307,17,79069.0,58457.0,73571.0,69062.5,17769956.85,67857.25,69458.5,72356.25,0.9
3162,9,178,11,98677.0,65877.0,98677.0,78570.6,68333318.84,73813.0,77322.5,81915.25,0.7
3163,9,205,11,78510.0,64675.0,78511.0,74186.9,25577528.490000002,73467.5,75395.5,78395.5,0.9
3164,9,195,11,101852.0,64755.0,101852.0,77781.6,81760215.64,74242.75,76122.5,78692.0,0.9
3165,9,209,11,96935.0,68466.0,96935.0,81926.7,65121004.61,76830.5,81051.0,86946.75,0.7
3165,11,243,13,96935.0,68466.0,87864.0,80398.7,35815029.01,76830.5,81051.0,85694.25,0.9
3166,9,215,11,74525.0,49693.0,74525.0,58627.0,46529580.2,54961.25,56609.0,58223.0,0.8
3166,11,248,13,74525.0,49693.0,61984.0,56662.7,10709789.81,54961.25,56609.0,58223.0,0.9
3167,9,190,11,71584.0,48072.0,71584.0,58117.7,43404945.01,53502.0,59317.5,61553.0,0.9
3168,9,216,11,91525.0,57072.0,91525.0,67708.8,75554179.56,63905.0,66160.5,68969.0,0.8
3168,11,243,13,91525.0,57072.0,69552.0,64487.6,15018459.24,62325.0,65039.0,66991.75,1.0
3171,9,177,11,96832.0,59341.0,96832.0,76055.3,84325032.01,71171.5,75455.5,79802.75,0.8
3171,11,198,13,96832.0,59341.0,82069.0,73805.6,36392698.84,71171.5,74625.5,76701.5,0.9
3172,9,205,11,102926.0,78188.0,102926.0,92708.8,83441528.56,83999.25,96663.0,99944.0,0.4
3172,11,254,13,102926.0,78188.0,100695.0,89601.1,72830748.28999999,80243.0,93166.5,97035.5,0.6
3172,13,279,15,102926.0,78188.0,97686.0,88919.9,61888916.89,80243.0,93166.5,95410.5,0.7
3174,9,209,11,109463.0,55906.0,109463.0,78913.1,164759206.29000002,75262.0,77689.5,82694.75,0.9
3175,9,194,11,89246.0,72388.0,89246.0,80560.5,31586995.25,75329.75,80747.5,83439.75,0.8
3175,11,230,13,89246.0,72388.0,85921.0,79801.9,20755055.29,75329.75,80747.5,83439.75,0.8
3176,9,201,11,98668.0,57655.0,98668.0,78565.8,97181817.56,76390.0,78951.5,81536.5,0.7
3176,11,239,13,98668.0,57655.0,82083.0,76537.6,50455241.04,76390.0,78951.5,81101.5,0.8
3176,13,278,15,98668.0,57655.0,81370.0,75492.7,45347505.21,74225.25,78136.5,79783.25,1.0
3177,9,156,11,121976.0,95068.0,121976.0,111722.7,81358226.81000002,107025.0,115381.0,118326.0,0.5
3177,11,170,13,121976.0,95068.0,120667.0,110843.5,70285757.85,107025.0,113088.5,117790.75,0.6
3178,9,204,11,78573.0,58681.0,86086.0,78003.0,65646744.6,76836.0,79548.5,84099.5,0.9
3179,9,180,11,87750.0,49266.0,87750.0,69850.9,119887232.49000001,61666.75,73107.0,75902.25,0.9
3182,9,210,11,42117.0,42117.0,66034.0,55736.0,69517406.8,49792.75,58538.0,62656.5,0.9
3183,9,191,11,104857.0,73713.0,104857.0,93139.7,97653417.81,85304.25,94126.0,101453.5,0.7
3183,11,230,13,104857.0,73713.0,101596.0,91636.8,72241815.56,85304.25,94126.0,98325.75,0.9
3184,9,168,11,99454.0,63941.0,99454.0,78967.0,109920847.6,69931.5,80164.0,82923.0,0.7
3184,11,182,13,99454.0,63941.0,83421.0,73849.6,44481031.44,68552.75,72421.5,80314.5,0.9
3185,9,219,11,81054.0,63511.0,81054.0,70030.1,27385170.890000004,65203.25,70121.5,73216.75,0.8
3185,11,254,13,81054.0,63511.0,73437.0,68604.7,13981298.01,65203.25,68057.0,72648.75,0.9
3186,9,235,11,66144.0,60399.0,67984.0,64768.7,5892181.01,62672.25,65695.5,66442.5,0.8
3186,11,273,13,66144.0,59113.0,67003.0,63864.9,7162790.890000001,61811.25,64723.5,66144.0,0.9
3187,9,222,11,86339.0,71468.0,86409.0,82027.0,25670625.4,80629.0,83879.5,86042.5,0.3
3187,11,263,13,86339.0,71468.0,86339.0,81897.9,24645306.69,80629.0,83879.5,85291.0,0.3
3187,13,301,15,86339.0,71468.0,85337.0,81013.2,22283393.76,78833.0,83474.0,84805.25,0.4
3188,9,153,11,54931.0,25744.0,54931.0,37728.5,61139034.85,33158.75,37495.5,38225.5,0.8
3188,11,179,13,54931.0,25744.0,38342.0,34939.3,15245792.610000003,33158.75,36901.5,37707.25,1.0
3189,9,192,11,81390.0,55037.0,81390.0,73831.9,48001089.89,73019.75,73840.0,77973.5,0.6
3189,11,232,13,81390.0,55037.0,78297.0,72358.9,36832214.89,72836.5,73367.5,74546.0,0.8
3189,13,259,15,81390.0,55037.0,76071.0,72000.1,33475794.490000002,72836.5,73367.5,74546.0,1.0
3192,9,203,11,120276.0,78276.0,120276.0,96815.7,179146951.01000005,84534.25,95721.5,108440.25,0.9
3193,9,166,11,103742.0,52935.0,103742.0,69709.8,212312796.76,57849.75,66210.0,77683.0,0.9
3194,9,240,11,111566.0,75074.0,111566.0,89030.5,90299430.85,83450.0,87736.5,89881.0,0.3
3194,11,292,13,111566.0,75074.0,89991.0,86017.8,21591043.96,83450.0,87736.5,89881.0,0.3
3194,13,328,15,111566.0,75074.0,89924.0,84072.6,22087566.04,82443.0,83494.0,88714.25,0.5
3194,15,361,17,111566.0,75074.0,89692.0,82131.6,14839252.84,79849.0,82627.0,83538.0,0.7
3194,17,393,19,111566.0,75074.0,83582.0,80763.0,6571096.4,79568.25,81455.0,82811.0,0.9
3195,9,218,11,86450.0,67871.0,86450.0,77292.7,27536086.409999996,73703.25,77886.5,78327.25,0.6
3195,11,252,13,86450.0,67871.0,78332.0,75217.4,11235394.64,72782.25,76645.5,77991.75,0.8
3196,9,177,11,67039.0,59812.0,70951.0,66664.5,9084148.65,65586.25,67168.5,68701.25,0.9
3198,9,207,11,97011.0,61569.0,97011.0,81685.9,78472748.28999999,78208.5,81559.5,86702.75,0.7
3198,11,236,13,97011.0,61569.0,88747.0,79642.3,53422708.21,76850.0,79858.5,84760.5,0.8
3200,9,204,11,54382.0,54382.0,78439.0,67913.6,71125087.03999999,64144.0,67502.5,75869.0,0.6
3200,11,246,13,54382.0,54382.0,76328.0,65439.8,51215963.96,61288.25,65671.5,70191.0,0.8
3202,9,170,11,40385.0,40385.0,58835.0,49393.1,52221094.89,41620.5,49401.5,56543.5,0.9
3203,9,175,11,75486.0,60498.0,75850.0,67855.3,36563072.40999999,62953.5,65482.5,74865.25,0.9
3206,9,188,11,81782.0,54651.0,81782.0,69956.2,52597532.36,64973.5,71752.0,73911.0,0.7
3206,11,213,13,81782.0,54651.0,76068.0,68992.4,38162314.239999995,64973.5,71412.0,73513.25,0.8
3207,9,190,11,81454.0,48369.0,82465.0,74817.7,173452436.20999998,79832.5,81454.0,81859.5,0.9
3208,9,208,11,126596.0,62513.0,126596.0,90568.7,372703712.40999997,75820.0,96282.0,102654.25,0.6
3208,11,242,13,126596.0,62513.0,103465.0,85926.5,205706846.05,75820.0,91524.5,97642.25,0.8
3208,13,281,15,126596.0,62513.0,98708.0,85187.0,183890360.4,75820.0,91524.5,97024.25,0.9
3209,9,179,11,112834.0,92599.0,112834.0,101209.6,35300045.84000001,97678.0,99862.0,105843.25,0.8
3209,11,208,13,112834.0,92599.0,107080.0,100628.6,24830542.04,97678.0,99862.0,105843.25,0.8
3210,9,183,11,109064.0,79855.0,109064.0,93920.7,68556006.80999999,89232.25,94269.5,98670.75,0.7
3210,11,220,13,109064.0,79855.0,99755.0,91369.8,34112540.160000004,88416.5,93397.5,95309.75,0.9
3211,9,232,11,91454.0,46545.0,91454.0,61789.8,126370108.55999999,59100.0,60968.5,62869.75,0.9
3212,9,185,11,95432.0,74022.0,95432.0,83494.3,32538662.410000004,83250.5,84124.0,85026.5,0.9
3213,9,234,11,119142.0,82146.0,119142.0,94060.5,115048946.25,84837.75,92633.0,98818.75,0.4
3213,11,263,13,119142.0,75064.0,98995.0,87594.5,54274476.65,82752.5,84875.5,93349.0,0.6
3213,13,300,15,119142.0,75064.0,94065.0,85819.1,27657523.689999998,82752.5,84875.5,89955.75,0.7
3213,15,345,17,119142.0,75064.0,91201.0,84592.1,20971846.089999996,81932.25,84686.0,88276.5,0.8
3214,9,135,11,59063.0,46029.0,59063.0,55296.4,17709933.639999997,53095.25,57631.5,58583.5,1.0
3216,9,199,11,99693.0,75034.0,99693.0,85532.9,44938286.489999995,81649.75,84662.0,89778.75,0.6
3216,11,231,13,99693.0,75034.0,90170.0,83005.7,21822776.61,79053.75,82792.5,86448.5,0.8
3217,9,214,11,158650.0,101409.0,158650.0,125077.1,186424519.09,121428.0,122915.0,127811.5,0.9
3218,9,204,11,80600.0,67006.0,82202.0,77230.3,24709511.21,73802.25,79925.0,80600.0,0.3
3219,9,203,11,114411.0,75215.0,114411.0,82425.4,124889993.83999999,75952.5,78386.5,83221.0,0.7
3219,11,244,13,114411.0,75215.0,83754.0,78874.5,9337455.45,75952.5,78386.5,81716.5,0.8
3219,13,278,15,114411.0,75215.0,81748.0,77554.9,5406992.49,75877.25,76492.5,78622.25,1.0
3220,9,173,11,105892.0,66429.0,105892.0,87661.1,108914137.29,81108.0,88478.0,94040.5,0.9
3221,9,206,11,75100.0,55525.0,75100.0,63084.3,39201833.21,58172.25,62073.0,65538.0,0.8
3221,11,241,13,75100.0,42691.0,66410.0,59267.2,44629943.559999995,56911.25,59587.5,64914.75,1.0
3222,9,137,11,120826.0,77251.0,120826.0,103687.2,144744436.95999998,97035.25,106364.0,108112.0,0.8
3222,11,159,13,120826.0,77251.0,118511.0,102691.9,118559766.09,97035.25,106364.0,108112.0,0.9
3223,9,200,11,81515.0,61343.0,81515.0,69325.3,36443306.61,64699.75,68397.0,73738.0,0.8
3224,9,190,11,121442.0,79896.0,121442.0,104758.0,101879715.2,102343.5,105784.0,109817.75,0.5
3225,9,218,11,138877.0,107218.0,138877.0,121815.8,80266862.56,114640.75,121973.0,127238.25,0.4
3225,11,241,13,138877.0,107218.0,128218.0,119489.2,43733039.760000005,114564.0,119970.0,124882.25,0.5
3226,9,109,11,52907.0,46326.0,52907.0,49070.6,5089519.84,47359.0,48733.0,50106.75,0.8
3226,11,120,13,52907.0,46326.0,50782.0,48631.1,2491016.49,47359.0,48733.0,50106.75,1.0
3227,9,210,11,77178.0,49804.0,77178.0,63492.7,62592420.410000004,58462.5,64173.5,65623.0,0.8
3227,11,242,13,77178.0,49804.0,66834.0,61576.9,28781067.29,58462.5,64173.5,65623.0,0.9
3229,9,197,11,88050.0,76226.0,88050.0,82595.0,12008741.0,80714.75,82546.0,84564.5,0.7
3229,11,239,13,88050.0,76226.0,85948.0,82006.9,7713714.889999999,80714.75,82546.0,83382.5,0.7
3232,9,171,11,63791.0,39213.0,63791.0,55816.9,93094705.89000002,46907.75,60876.5,62890.0,0.8
3233,9,175,11,90456.0,53411.0,90456.0,76054.7,104393947.81000002,73427.25,78833.5,80846.5,0.4
3233,11,216,13,90456.0,53411.0,81171.0,73280.1,70725640.29,71020.75,77407.5,78967.25,0.6
3233,13,259,15,90456.0,53411.0,79101.0,70715.4,64975970.64,65043.25,72398.0,77538.75,0.8
3234,9,155,11,101458.0,75652.0,101458.0,86896.3,39885778.61,84483.75,85112.0,88841.25,0.8
3235,9,246,11,81414.0,66181.0,84779.0,76666.0,31431538.0,72561.75,76048.5,81414.0,0.6
3235,11,288,13,81414.0,66181.0,81414.0,73862.3,22416632.009999998,71714.25,72691.5,76164.25,0.8
3235,13,315,15,81414.0,66181.0,78162.0,73113.6,13399237.64,71714.25,72691.5,76164.25,0.9
3236,9,225,11,153866.0,104197.0,153866.0,115032.4,177124272.04000002,109322.5,111872.5,112977.0,0.6
3236,11,254,13,153866.0,104197.0,114175.0,110824.5,8828074.85,109322.5,111872.5,112977.0,0.6
3238,9,199,11,76825.0,55868.0,76825.0,64184.1,33125342.089999996,61948.5,63429.5,64855.75,0.8
3239,9,172,11,61102.0,54250.0,63204.0,60761.6,5431193.24,60959.0,61102.0,62000.0,0.9
3240,9,116,11,26308.0,15988.0,26308.0,21328.0,9086581.0,19137.75,21819.0,23616.5,0.7
3240,11,129,13,26308.0,15988.0,23754.0,20856.0,6232587.0,19137.75,21819.0,22906.25,0.8
3240,13,143,15,26308.0,15988.0,23204.0,20406.6,4964183.04,19132.75,20857.0,21982.75,1.0
3241,9,217,11,110398.0,86511.0,110398.0,104056.7,48021216.010000005,101070.75,106395.5,109250.75,0.1
3241,11,257,13,110398.0,79430.0,109381.0,98766.1,98264608.09,91197.25,101112.5,106868.75,0.3
3241,13,287,15,110398.0,79430.0,107342.0,94282.5,86687447.45,86924.0,94547.5,101154.25,0.5
3241,15,325,17,110398.0,79430.0,101196.0,91799.2,51014969.76,86924.0,91384.5,98721.0,0.7
3241,17,351,19,110398.0,79430.0,100300.0,90389.6,33724669.839999996,86924.0,90301.0,93981.5,0.9
3243,9,223,11,93176.0,87789.0,97768.0,93152.2,8705424.36,91344.75,93176.0,95078.25,0.7
3243,11,258,13,93176.0,79911.0,95464.0,91242.3,19731575.610000003,89900.5,92953.0,94112.75,0.8
3244,9,194,11,110460.0,77966.0,110460.0,94087.1,86556627.49,87408.0,96057.0,100552.75,0.7
3245,9,237,11,73686.0,59836.0,73686.0,64706.1,14405917.49,62314.5,64260.5,66541.0,0.8
3246,9,216,11,59130.0,54384.0,63896.0,60370.8,9493390.36,59130.0,60855.5,62941.0,0.5
3246,11,250,13,59130.0,54384.0,63006.0,59782.2,7406853.360000001,59130.0,60004.0,62143.5,0.7
3247,9,170,11,65957.0,47350.0,65957.0,58606.7,33032378.01,58556.5,59836.0,62151.5,0.8
3248,9,211,11,65608.0,47772.0,65608.0,58101.5,31307638.85,53222.75,61194.5,62048.5,0.9
3249,9,211,11,80058.0,63553.0,84462.0,75650.0,47676592.4,70370.5,77908.5,80058.0,0.7
3249,11,251,13,80058.0,63553.0,80058.0,74770.6,37219094.64,70370.5,77794.5,79118.0,0.9
3250,9,212,11,57588.0,43873.0,57588.0,51536.8,30620788.76,47089.5,51411.5,57291.25,0.6
3250,11,245,13,57588.0,43873.0,57346.0,50422.5,22520214.85,47089.5,49294.0,54469.5,0.8
3250,13,261,15,57588.0,43873.0,54805.0,49841.7,15953737.410000002,47089.5,49294.0,54045.0,1.0
3251,9,197,11,104578.0,75946.0,104578.0,85368.1,48394744.89,83032.75,84279.5,85263.75,0.7
3251,11,250,13,104578.0,75946.0,86316.0,83541.9,8247564.090000001,83032.75,84279.5,85263.75,0.7
3253,9,224,11,69543.0,64276.0,73665.0,69291.2,11269609.959999999,66720.0,69543.0,72102.0,0.7
3254,9,235,11,59961.0,59961.0,71581.0,66279.0,19082107.2,62439.25,66334.5,70636.75,0.9
3255,9,205,11,98565.0,75779.0,98565.0,92876.4,42496886.84,91464.5,95303.5,96463.25,0.3
3255,11,227,13,98565.0,75779.0,96612.0,91213.9,42726564.89,88560.25,94482.0,96025.0,0.4
3255,13,266,15,98565.0,75779.0,96131.0,88190.2,51897802.160000004,84554.5,89239.5,94691.0,0.6
3257,9,186,11,80796.0,62561.0,82966.0,77381.2,51145136.36,78098.25,80539.5,81983.25,0.9
3258,9,218,11,144600.0,62604.0,144600.0,96355.9,435304617.68999994,87604.0,94912.5,104984.5,0.7
3258,11,237,13,144600.0,62604.0,106512.0,91120.7,164200562.40999997,87604.0,94912.5,100046.0,0.8
3260,9,154,11,112121.0,87344.0,112121.0,94290.7,47675430.010000005,89291.75,93040.0,95792.5,0.5
3261,9,200,11,95489.0,78478.0,95489.0,86151.1,33953518.29,81530.25,85757.0,91405.25,0.8
3263,9,210,11,78811.0,65878.0,85554.0,74023.0,47303465.6,68936.25,70315.5,78811.0,0.7
3263,11,233,13,78811.0,65878.0,79737.0,72137.8,23064564.56,68936.25,70315.5,77006.25,0.9
3264,9,210,11,86749.0,70192.0,86749.0,80333.4,26198592.64,78269.0,80760.0,84621.0,0.7
3264,11,251,13,86749.0,70192.0,85543.0,79647.4,19840151.04,78269.0,80760.0,82082.25,0.9
3265,9,172,11,86094.0,68239.0,86094.0,76069.0,21021586.0,73205.75,76428.0,76777.25,0.4
3265,11,189,13,86094.0,68239.0,77434.0,74551.3,7214103.81,73205.75,75209.0,76622.5,0.5
3265,13,235,15,86094.0,59499.0,76661.0,72493.3,24306493.61,72608.0,74034.5,75804.5,0.7
3265,15,260,17,86094.0,59499.0,76349.0,72178.9,22145517.89,72608.0,74034.5,74582.75,0.7
3265,17,287,19,86094.0,59499.0,75304.0,71711.3,20213488.21,71879.0,73470.5,74145.5,0.8
3266,9,237,11,74676.0,46030.0,74676.0,63225.4,47499529.64,61483.5,64060.5,66391.5,0.9
3267,9,245,11,94785.0,82092.0,94785.0,90597.5,16565537.05,90191.0,91796.5,92748.0,0.2
3267,11,280,13,94785.0,75827.0,92778.0,87141.0,35968378.6,82551.5,90677.0,91828.75,0.4
3267,13,316,15,94785.0,75827.0,91861.0,85801.5,28399343.05,82551.5,86020.5,91163.0,0.6
3268,9,200,11,62673.0,44251.0,62673.0,51504.5,24502531.45,48095.5,51260.0,54036.25,0.9
3269,9,197,11,88648.0,58761.0,88648.0,73094.9,84870218.49000001,64705.75,75523.5,79307.75,0.8
3269,11,232,13,88648.0,58761.0,80355.0,72069.9,62441988.489999995,64705.75,75523.5,77895.5,0.9
3270,9,129,11,86798.0,65613.0,86798.0,78730.3,41078988.21,75445.0,78764.0,84580.75,0.8
3270,11,153,13,86798.0,61883.0,85894.0,76238.8,56745789.36,72610.75,77721.0,81623.0,0.9
3271,9,205,11,88391.0,77275.0,93008.0,87261.7,25464568.810000002,85067.0,88391.0,91206.25,0.5
3271,11,241,13,88391.0,77275.0,91803.0,85952.1,17887868.09,84487.5,87493.5,88391.0,0.7
3272,9,205,11,74316.0,64634.0,92419.0,79251.0,82147170.0,74316.0,77485.0,86955.25,0.9
3273,9,210,11,123708.0,93574.0,123708.0,105962.5,63131044.45,101151.0,106710.0,108364.75,0.5
3274,9,193,11,90893.0,57211.0,90893.0,69913.0,85072261.6,65929.0,67615.0,70105.5,0.8
3274,11,234,13,90893.0,53146.0,71170.0,65080.4,31964343.040000003,62960.75,66079.5,69759.75,0.9
3275,9,204,11,90456.0,69937.0,90456.0,83736.0,35181858.0,81435.75,84255.0,88716.5,0.7
3275,11,247,13,90456.0,69937.0,89887.0,82742.8,25820622.16,81435.75,84255.0,85162.25,0.9
3276,9,186,11,75585.0,49850.0,75585.0,66817.8,42685610.95999999,65281.25,68927.0,69628.0,0.8
3280,9,217,11,69014.0,69014.0,84599.0,78050.1,32059298.089999996,75153.75,77875.5,83586.75,0.9
3281,9,169,11,120212.0,87631.0,120212.0,104478.0,86876060.4,102690.5,104264.0,106805.0,0.8
3282,9,211,11,109545.0,56106.0,109545.0,82507.9,215921037.49,76780.25,80673.5,88323.0,0.7
3282,11,240,13,109545.0,56106.0,89158.0,78734.7,97221088.21,76780.25,80673.5,86071.75,0.8
3283,9,178,11,167242.0,93006.0,167242.0,119535.1,341012899.49000007,111885.5,114922.5,120547.0,0.5
3283,11,209,13,167242.0,93006.0,120577.0,112621.1,57274746.29,111671.75,112745.0,117730.75,0.6
3283,13,250,15,167242.0,93006.0,118187.0,109611.3,47358626.010000005,108238.75,111729.5,113114.0,0.8
3283,15,291,17,167242.0,93006.0,115570.0,108577.1,38023134.89,108229.75,110143.5,111966.5,0.9
3285,9,228,11,81913.0,63649.0,81913.0,73749.1,25942517.290000003,71707.0,72868.0,76459.25,0.6
3285,11,257,13,81913.0,63649.0,76494.0,72068.3,12495592.81,71405.75,72519.0,73922.25,0.8
3285,13,293,15,81913.0,63649.0,75894.0,71925.1,11335918.09,71405.75,72519.0,73922.25,0.8
3286,9,195,11,82336.0,62135.0,82336.0,71990.0,43065139.2,66322.75,73412.5,77345.75,0.7
3288,9,200,11,76170.0,60965.0,76170.0,67936.2,30990678.160000004,62070.75,68364.5,72895.5,0.9
3289,9,175,11,89838.0,60595.0,89838.0,74434.9,55272521.489999995,69227.75,76213.5,77228.5,0.8
3290,9,205,11,118042.0,58533.0,118042.0,73256.3,260160756.01,63251.75,69382.5,73776.5,0.8
3290,11,236,13,118042.0,58533.0,78215.0,68050.4,35006679.64,62764.75,69217.0,71460.0,0.9
3291,9,177,11,55150.0,51782.0,74748.0,64042.4,59274722.44,56936.5,63584.5,70934.0,0.9
3292,9,183,11,114417.0,83836.0,114417.0,97333.7,84579911.61000001,90016.0,96377.0,104729.0,0.8
3292,11,212,13,114417.0,83836.0,106340.0,96417.5,60831274.65,90016.0,96377.0,104405.75,0.9
3293,9,177,11,55821.0,52225.0,69094.0,61202.2,32779640.360000003,55957.75,61680.5,66087.5,0.7
3294,9,186,11,69249.0,51038.0,69249.0,59621.1,35568594.489999995,53517.5,61546.5,63876.0,0.9
3295,9,213,11,84392.0,60425.0,84392.0,71114.3,41249210.410000004,66218.25,71174.0,74261.0,0.9
3296,9,188,11,131371.0,73847.0,131371.0,103806.7,335972114.21,91680.0,103201.5,119239.0,0.5
3296,11,234,13,131371.0,73847.0,119998.0,97618.2,201083828.95999998,89881.25,99477.0,103866.25,0.7
3296,13,270,15,131371.0,73847.0,104531.0,94406.5,108171440.05,89881.25,99477.0,101707.25,0.9
3297,9,200,11,110507.0,71962.0,110507.0,92850.8,150644380.76,81084.75,97374.5,99849.25,0.7
3297,11,245,13,110507.0,71962.0,100295.0,89740.5,89540995.85,81084.75,93309.5,97786.25,0.9
3298,9,215,11,74701.0,63291.0,74701.0,69494.0,14913710.6,66813.75,69176.5,73458.75,0.6
3299,9,196,11,86416.0,68089.0,86416.0,79270.4,29946280.639999997,77807.75,79452.5,82844.5,0.7
3299,11,242,13,86416.0,68089.0,83470.0,78214.0,19600980.8,77807.75,79178.5,80846.5,0.8
3300,9,237,11,63281.0,37978.0,63281.0,52098.0,42336265.6,50102.25,52503.5,54886.5,0.8
3301,9,230,11,73236.0,60436.0,73236.0,64791.6,11692591.239999998,62477.0,64173.5,65913.25,0.6
3301,11,268,13,73236.0,60436.0,65994.0,63684.4,3061487.24,62477.0,63494.5,65477.0,0.7
3302,9,232,11,91015.0,59922.0,91015.0,72241.0,101431415.4,64294.5,70710.5,78130.5,0.5
3302,11,272,13,91015.0,56818.0,78351.0,67540.3,53812602.21,61474.0,65611.5,74640.0,0.7
3302,13,321,15,91015.0,56818.0,75745.0,66724.1,39914217.49,61474.0,65611.5,72138.0,0.9
3304,9,203,11,145153.0,90294.0,145153.0,102005.3,230929530.20999998,93091.0,97721.0,103209.5,0.3
3304,11,236,13,145153.0,90294.0,103357.0,96911.0,23337892.8,92803.25,96357.0,101824.25,0.4
3304,13,270,15,145153.0,90294.0,102788.0,95940.6,15424765.040000001,92803.25,96338.5,98327.0,0.4
3304,15,307,17,145153.0,90294.0,99892.0,95006.0,9662589.4,92560.0,95629.5,96499.75,0.5
3306,9,209,11,98019.0,64653.0,98019.0,81890.3,71442301.00999999,78936.25,82663.0,86031.25,0.8
3306,11,253,13,98019.0,64653.0,86445.0,80582.8,44434111.76,78936.25,82663.0,85797.25,0.9
3307,9,231,11,76221.0,55489.0,76221.0,62443.2,34482823.559999995,57745.0,61442.0,65515.5,0.9
3308,9,216,11,76819.0,56129.0,76819.0,65896.4,38442177.64,60895.25,66656.0,68592.0,0.8
3308,11,242,13,76819.0,56129.0,70651.0,64795.5,22027140.05,60895.25,66656.0,68592.0,1.0
3309,9,197,11,120167.0,99305.0,120167.0,108352.2,60640441.56,101205.75,106062.5,116422.5,0.7
3309,11,218,13,120167.0,99305.0,117458.0,107396.9,43599291.489999995,101205.75,106062.5,113470.5,0.9
3310,9,178,11,90649.0,76893.0,90649.0,83666.1,22999854.69,79092.0,84081.5,87981.25,0.6
3314,9,205,11,107868.0,79742.0,107868.0,91485.6,47278487.04000001,90593.25,91374.0,92874.0,0.8
3314,11,233,13,107868.0,79742.0,92978.0,89450.0,16929465.4,88939.75,90896.0,92377.25,1.0
3315,9,162,11,97925.0,50231.0,97925.0,66772.9,149936892.09,59469.75,64238.0,70944.75,0.8
3315,11,193,13,97925.0,50231.0,71827.0,63066.1,40134810.089999996,59469.75,62184.5,67758.5,1.0
3316,9,214,11,94684.0,74923.0,94684.0,84393.4,38389764.64,80098.0,84197.5,88901.0,0.8
3316,11,248,13,94684.0,74923.0,90136.0,83079.2,24196124.36,80098.0,83168.0,86196.5,0.9
3317,9,217,11,111415.0,67436.0,111415.0,85489.9,138597002.48999998,79911.75,82858.5,84241.75,0.8
3317,11,256,13,111415.0,67436.0,88074.0,81698.6,30610484.439999998,79911.75,82858.5,84241.75,0.8
3318,9,234,11,103947.0,60212.0,103947.0,72813.7,224051815.60999998,61998.75,65197.0,75397.25,0.6
3318,11,270,13,103947.0,60212.0,75818.0,67455.4,36437732.44,61998.75,65197.0,74036.75,0.7
3319,9,208,11,105052.0,73439.0,105052.0,87506.3,91053666.61,82925.5,87551.0,90766.75,0.7
3319,11,245,13,105052.0,73439.0,91174.0,84605.2,37005780.96,82925.5,86177.5,89306.0,0.8
3319,13,276,15,105052.0,73439.0,90203.0,83494.6,33276867.640000004,80734.75,85200.5,88070.0,0.9
3321,9,216,11,92002.0,75436.0,92002.0,85336.7,35081960.809999995,79455.25,87547.5,90351.75,0.6
3321,11,240,13,92002.0,75436.0,90745.0,83750.9,25741809.69,78939.75,84813.5,88164.25,0.8
3323,9,222,11,117746.0,77290.0,117746.0,97726.5,104369095.65,95267.0,99054.5,102264.5,0.4
3323,11,276,13,117746.0,77290.0,102328.0,95366.1,60004433.49000001,94267.75,97826.0,101565.5,0.5
3323,13,316,15,117746.0,77290.0,102224.0,95164.1,57401141.889999986,94267.75,97826.0,100548.5,0.5
3324,9,226,11,102610.0,74624.0,102610.0,82958.2,91339379.76,76889.0,79728.5,82369.0,0.6
3324,11,272,13,102610.0,74624.0,83910.0,79139.9,9200393.889999999,76889.0,79728.5,81088.5,0.7
3325,9,181,11,145144.0,74829.0,145144.0,96319.6,323381767.24,87777.5,93901.5,98480.0,0.6
3325,11,217,13,145144.0,74829.0,99087.0,90564.2,59495526.160000004,86597.0,92446.0,97596.0,0.7
3326,9,198,11,141798.0,93208.0,141798.0,108225.5,162899932.65,101552.25,105688.0,110948.0,0.6
3326,11,230,13,141798.0,88750.0,111232.0,102297.4,49410521.44,97931.5,103602.5,107572.75,0.7
3326,13,252,15,141798.0,88750.0,107969.0,100780.8,35200121.56,97572.0,101772.5,105949.0,0.9
3329,9,186,11,107065.0,78948.0,107065.0,97018.5,51935358.25,95203.25,98058.5,101103.5,0.8
3329,11,214,13,107065.0,78948.0,101753.0,94399.1,58453164.089999996,93167.5,96408.0,100556.25,0.9
3330,9,220,11,83953.0,59803.0,83953.0,71890.5,45229867.85,67045.25,72081.5,76620.25,0.8
3332,9,134,11,86050.0,61868.0,86050.0,75440.2,61754413.760000005,69969.5,76679.0,80470.25,0.9
3334,9,209,11,119059.0,69269.0,119059.0,94631.8,137041647.56,90414.0,95494.5,98946.0,0.6
3335,9,162,11,96917.0,63395.0,96917.0,74078.8,74022975.16,70865.75,73027.0,75483.25,0.8
3336,9,170,11,91738.0,71936.0,91738.0,81127.6,36098809.04000001,77539.5,82176.5,83626.25,0.8
3336,11,201,13,91738.0,71936.0,86596.0,80242.6,23406312.44,77539.5,82176.5,83626.25,1.0
3339,9,205,11,85957.0,53407.0,85957.0,68468.8,71191201.56,65295.25,67466.0,72830.25,0.7
3339,11,253,13,85957.0,53407.0,73941.0,65584.0,36188826.2,61187.5,66759.5,69094.75,0.9
3340,9,181,11,95722.0,63464.0,95722.0,72313.2,82844538.76,65058.75,71377.0,74384.75,0.8
3341,9,175,11,139922.0,57141.0,139922.0,90689.1,559167683.49,73601.5,90591.0,104644.75,0.7
3341,11,204,13,139922.0,57141.0,104815.0,85512.4,269884908.03999996,73601.5,90591.0,99365.0,0.9
3342,9,192,11,207342.0,129910.0,207342.0,162881.5,326973783.65,156863.5,160964.5,167090.0,0.1
3342,11,237,13,207342.0,129910.0,168580.0,156757.0,99769494.6,155052.25,159313.0,162482.5,0.1
3342,13,266,15,207342.0,129910.0,162620.0,155031.2,80326846.56,154680.5,157498.0,159713.0,0.1
3342,15,286,17,207342.0,129910.0,159859.0,153858.2,70928642.76,153497.5,155485.5,159148.0,0.1
3342,17,313,19,207342.0,129910.0,159275.0,151738.1,75251271.69000001,152412.5,154701.0,156751.0,0.2
3342,19,352,21,207342.0,129910.0,156925.0,150789.1,65017925.09000001,152412.5,154276.0,154721.5,0.2
3342,21,387,23,207342.0,129672.0,154742.0,147126.3,91019335.60999998,142900.75,152645.0,154287.0,0.4
3342,23,430,25,207342.0,129672.0,154298.0,146459.9,84306106.29,142900.75,150357.5,153929.75,0.5
3343,9,200,11,85677.0,52489.0,85677.0,66288.9,72044861.49,64023.75,65452.0,69856.25,0.8
3344,9,219,11,112335.0,86159.0,112335.0,93888.1,47555991.29,89451.25,92631.5,95087.25,0.6
3344,11,267,13,112335.0,86159.0,95161.0,91185.9,8444940.49,89315.25,90610.5,93705.75,0.8
3345,9,168,11,68349.0,59862.0,69306.0,64923.4,12393489.04,61544.75,65315.5,68349.0,0.9
3346,9,215,11,117658.0,72524.0,117658.0,86682.3,130272124.21,82482.75,85713.0,87497.5,0.8
3347,9,179,11,56811.0,42937.0,56811.0,49417.6,11935116.040000003,47866.0,50065.0,50493.0,0.9
3348,9,220,11,62192.0,48891.0,62192.0,56418.0,18664474.4,53393.5,57605.0,58534.0,0.8
3348,11,253,13,62192.0,48891.0,60575.0,55906.0,13978324.2,53393.5,57605.0,58534.0,1.0
3350,9,204,11,114024.0,92206.0,114024.0,106047.7,37415376.010000005,102940.0,107515.5,110091.75,0.5
3352,9,198,11,102116.0,83166.0,102116.0,91593.0,27619638.4,88541.5,91413.0,93501.75,0.9
3353,9,211,11,97091.0,76790.0,98150.0,92434.6,59345344.64,92921.75,96593.5,97091.0,0.7
3354,9,166,11,130775.0,79203.0,130775.0,101634.8,150046114.76,97262.0,101090.0,103018.75,0.7
3354,11,214,13,130775.0,79203.0,103623.0,97686.1,47638014.489999995,96543.25,98719.5,102954.0,0.8
3355,9,209,11,134922.0,96488.0,134922.0,107013.6,103289924.44,102139.25,103997.0,107387.25,0.7
3355,11,224,13,134922.0,96488.0,107956.0,103778.3,12120205.809999999,102139.25,103997.0,106681.5,0.8
3356,9,206,11,93011.0,64702.0,93011.0,79398.5,67266238.25,74917.25,78389.5,81732.75,0.8
3356,11,238,13,93011.0,64702.0,86002.0,77966.4,36485547.84,74917.25,78389.5,81732.75,1.0
3358,9,227,11,95435.0,78080.0,95435.0,82729.1,24350071.29,79483.0,81034.5,83813.5,0.8
3359,9,192,11,103462.0,66210.0,103462.0,79962.1,100958825.49,72370.25,79608.0,84557.75,0.9
3361,9,218,11,89090.0,79110.0,96348.0,88325.8,32355879.560000002,86403.5,88084.5,93050.75,0.9
3362,9,191,11,82502.0,54319.0,82502.0,65845.3,100497722.01,56873.25,64328.0,72194.75,0.7
3362,11,208,13,82502.0,54319.0,74693.0,63332.6,43603687.04,56873.25,64328.0,68254.25,0.9
3363,9,187,11,76055.0,62258.0,76055.0,71291.6,21689906.24,67399.5,74079.5,74597.25,0.7
3371,9,204,11,107150.0,83463.0,107150.0,93111.9,34878496.69,90404.75,92792.0,94879.25,0.6
3371,11,240,13,107150.0,83463.0,95680.0,91831.9,13453544.690000001,90404.75,92792.0,94879.25,0.6
3372,9,218,11,77508.0,43329.0,77508.0,59631.3,68953571.00999999,57614.0,59352.5,62407.5,0.6
3372,11,245,13,77508.0,43329.0,63053.0,56940.3,27086160.209999997,57376.0,58226.5,59578.75,0.8
3373,9,216,11,58982.0,52456.0,58982.0,56747.7,5662225.010000001,55670.5,57884.5,58568.0,0.8
3373,11,257,13,58982.0,52456.0,58773.0,56630.1,5220764.890000001,55670.5,57884.5,58078.75,1.0
3374,9,219,11,98417.0,81659.0,98417.0,88138.8,22795534.56,84857.25,88409.5,89004.5,0.3
3374,11,257,13,98417.0,81659.0,89894.0,86456.2,8875201.96,83970.0,88119.5,88796.5,0.3
3375,9,165,11,48020.0,24578.0,48020.0,32197.2,41150368.559999995,27404.25,31887.0,34586.5,0.9
3376,9,218,11,116413.0,94651.0,116413.0,105781.9,44253183.29,99881.5,107514.5,110428.75,0.6
3376,11,260,13,116413.0,94153.0,110948.0,103555.9,41519210.09,97421.25,105966.5,109181.5,0.7
3376,13,289,15,116413.0,94153.0,109444.0,101349.5,28836404.65,97421.25,99820.5,106300.75,0.9
3377,9,133,11,85736.0,79741.0,102395.0,90523.9,46054693.29000001,85736.0,88308.5,96244.75,0.9
3380,9,204,11,125463.0,80205.0,125463.0,92926.9,138140227.89,86208.75,91403.0,93920.5,0.2
3380,11,237,13,125463.0,77275.0,94298.0,87969.6,31632204.440000005,85413.0,88890.5,92685.75,0.3
3381,9,180,11,112762.0,76844.0,112762.0,87590.3,99948599.21,81072.0,83721.0,91246.75,0.6
3381,11,219,13,112762.0,76844.0,91988.0,83699.1,18653256.09,81072.0,82335.0,86575.75,0.7
3381,13,247,15,112762.0,76844.0,87185.0,82551.6,7968076.839999999,81072.0,82335.0,84569.25,0.9
3382,9,180,11,83573.0,52477.0,83573.0,67545.4,87840029.24000001,59060.5,71038.0,73145.75,0.9
3383,9,135,11,58243.0,44104.0,58243.0,50511.4,15664544.440000001,47646.25,50507.0,52427.0,0.8
3384,9,163,11,86392.0,43944.0,86392.0,64192.4,131509343.04,57705.25,64954.5,68321.75,0.8
3384,11,203,13,86392.0,43944.0,69511.0,61692.8,64854776.160000004,57705.25,64954.5,68321.75,0.8
3387,9,172,11,86133.0,61275.0,87551.0,75460.7,99012462.01000002,67487.0,74873.0,85999.75,0.7
3387,11,198,13,86133.0,61275.0,86133.0,75020.0,89686575.2,67487.0,74873.0,84829.75,0.9
3388,9,207,11,71440.0,47473.0,71440.0,61147.6,68480112.24,53491.75,63595.0,67430.5,0.7
3388,11,239,13,71440.0,47473.0,67454.0,59497.6,47175788.04000001,53491.75,62038.0,64736.5,0.9
3389,9,216,11,76112.0,50515.0,76112.0,64367.0,66494874.2,61709.75,65268.0,68197.75,0.7
3389,11,254,13,76112.0,50515.0,69018.0,62694.6,38719450.04000001,61709.75,65268.0,66426.25,0.8
3390,9,229,11,85938.0,61970.0,85938.0,73842.7,48431042.81,71545.0,71805.0,79154.75,0.6
3390,11,269,13,85938.0,61970.0,79255.0,71677.3,24885016.009999998,71545.0,71805.0,72473.25,0.8
3390,13,315,15,85938.0,61970.0,72488.0,69966.1,11879004.89,69523.75,71641.5,72093.25,1.0
3391,9,202,11,121316.0,88560.0,121316.0,96867.0,89445118.2,91876.25,93246.5,98080.25,0.6
3391,11,244,13,121316.0,88560.0,99352.0,92988.7,10251567.61,91198.0,92853.5,94019.75,0.7
3391,13,292,15,121316.0,85752.0,94265.0,90739.7,6832469.209999999,88627.25,91355.0,93031.25,0.9
3392,9,204,11,74388.0,61575.0,74388.0,66989.6,16979373.44,63233.75,66546.0,70132.25,0.8
3393,9,218,11,100687.0,72875.0,100687.0,82013.3,64721568.010000005,76317.75,80057.5,86242.0,0.8
3394,9,176,11,106413.0,77981.0,106413.0,85733.0,59348732.0,80967.25,85188.5,87034.0,0.7
3396,9,179,11,32399.0,26556.0,47995.0,39583.7,50522077.410000004,33319.75,40848.5,45839.5,0.9
3397,9,221,11,112364.0,89043.0,112364.0,96596.3,45209413.81,92099.0,94899.5,99663.25,0.6
3397,11,268,13,112364.0,89043.0,100524.0,94328.4,11196932.24,92099.0,94899.5,96403.75,0.8
3397,13,309,15,112364.0,89043.0,96947.0,93929.1,7672941.6899999995,92099.0,94899.5,96403.75,0.8
3398,9,216,11,107666.0,60892.0,107666.0,86456.3,143804026.20999998,82669.75,87963.0,92087.5,0.6
3398,11,254,13,107666.0,60892.0,92684.0,84112.9,87283532.68999998,82669.75,87068.0,90200.5,0.7
3400,9,170,11,84577.0,45012.0,84577.0,60012.9,86082618.69,57576.5,58803.5,60399.5,0.9
3401,9,141,11,119321.0,57975.0,119321.0,89242.4,276549596.0400001,83666.75,93346.5,96846.25,0.8
3402,9,188,11,118139.0,50293.0,118139.0,67209.5,351440139.65,58715.25,61172.0,63218.75,0.8
3402,11,211,13,118139.0,50293.0,66365.0,60405.6,22259261.44,58715.25,61172.0,63218.75,0.9
3403,9,206,11,68971.0,64715.0,81337.0,72584.8,30853350.160000004,68971.0,71945.0,76680.25,0.6
3403,11,241,13,68971.0,64482.0,77346.0,70239.8,18133402.16,66298.75,70039.0,73644.75,0.8
3404,9,193,11,155198.0,102868.0,155198.0,120909.5,193708839.85,113775.25,118074.5,124394.0,0.8
3404,11,238,13,155198.0,102868.0,124574.0,117088.2,53676817.56,113775.25,118074.5,123988.75,0.9
3405,9,213,11,79406.0,55592.0,79406.0,62998.9,62396297.69000001,56256.5,60456.5,68827.5,0.7
3405,11,245,13,79406.0,55592.0,70930.0,60537.5,21182685.45,56256.5,60456.5,63005.25,0.9
3406,9,236,11,83738.0,69536.0,86055.0,81886.3,27664302.409999996,82147.5,83738.0,85411.0,0.9
3407,9,228,11,108739.0,85546.0,108739.0,100328.9,42834568.69,99002.25,101634.5,102924.0,0.2
3407,11,275,13,108739.0,84379.0,103137.0,96762.3,42246531.410000004,94286.0,99168.5,101686.75,0.3
3407,13,314,15,108739.0,84379.0,101739.0,94412.1,37805050.089999996,89501.25,95548.5,99334.75,0.5
3407,15,340,17,108739.0,84379.0,99501.0,91970.0,26519415.4,88341.25,91744.0,96490.75,0.7
3407,17,365,19,108739.0,84379.0,97433.0,91361.3,19485033.009999998,88341.25,91744.0,94639.75,0.9
3408,9,205,11,77199.0,56020.0,77199.0,64620.7,26334276.41,62246.25,64090.5,66051.75,0.8
3408,11,237,13,77199.0,56020.0,66867.0,63486.5,9379347.45,62246.25,64090.5,65757.0,0.9
3409,9,214,11,100403.0,90347.0,100403.0,96022.4,11522215.84,92931.25,97195.0,98170.25,0.4
3409,11,260,13,100403.0,90347.0,98220.0,94743.6,8919247.239999998,92247.25,95079.0,97715.25,0.5
3409,13,306,15,100403.0,85951.0,97881.0,92640.2,12954641.76,90460.25,92395.5,95794.0,0.7
3409,15,340,17,100403.0,85951.0,97039.0,92496.9,11616284.69,90460.25,92395.5,95794.0,0.7
3409,17,367,19,100403.0,85951.0,96509.0,91483.7,10054244.61,89528.75,91449.5,93409.75,0.8
3410,9,218,11,91611.0,70243.0,91611.0,78631.5,33204728.85,73760.25,79386.5,81202.0,0.8
3411,9,195,11,92804.0,71549.0,92804.0,84651.3,35368055.21,81857.75,83705.0,89763.75,0.8
3412,9,208,11,78454.0,57762.0,78454.0,67444.6,49097278.44,63154.75,66534.0,70909.25,0.8
3412,11,243,13,78454.0,57762.0,72231.0,65272.4,24444061.240000002,62855.25,64205.0,70196.25,0.9
3413,9,235,11,89871.0,77618.0,89871.0,83952.4,18524587.24,79959.0,84614.5,87389.25,0.7
3414,9,181,11,71042.0,71042.0,93153.0,83810.2,58695226.75999999,79452.75,86153.5,89816.75,0.7
3415,9,197,11,43858.0,23143.0,43858.0,37063.3,36578972.81,34577.25,39242.5,41416.5,0.9
3416,9,193,11,116722.0,93132.0,116722.0,103995.1,37510770.89,100496.0,103497.5,107653.5,0.6
3416,11,238,13,116722.0,93132.0,108214.0,103144.3,22369423.609999996,100496.0,103497.5,107653.5,0.6
3417,9,203,11,121173.0,87902.0,121173.0,99916.0,75629769.6,95864.0,100952.5,101827.5,0.5
3417,11,242,13,121173.0,87902.0,102097.0,97515.6,25129923.84,95599.0,99660.0,101207.5,0.6
3418,9,213,11,86206.0,69107.0,92087.0,80519.8,55389330.95999999,74340.75,80381.5,86206.0,0.5
3418,11,240,13,86206.0,69107.0,86206.0,78399.1,30550580.49,74340.75,78582.5,82489.25,0.7
3418,13,258,15,86206.0,69107.0,83282.0,77189.0,17513707.2,74340.75,78582.5,80137.25,0.9
3419,9,199,11,85435.0,65873.0,85435.0,76834.4,62929759.44000001,67948.5,81688.5,83340.0,0.4
3419,11,234,13,85435.0,61502.0,83599.0,72257.5,72790337.65,66078.25,68208.0,81860.25,0.6
3419,13,261,15,85435.0,61502.0,82032.0,70741.7,49273525.01,66078.25,68208.0,75947.5,0.8
3419,15,294,17,85435.0,61502.0,81165.0,70510.7,44485707.410000004,66078.25,68208.0,75947.5,0.9
3420,9,249,11,106278.0,76130.0,106278.0,86840.9,94266194.88999999,79306.5,85523.0,87830.25,0.7
3420,11,290,13,106278.0,74054.0,87890.0,81566.8,22276954.759999998,77573.5,81463.5,85786.5,0.9
3421,9,207,11,127233.0,77526.0,127233.0,99452.2,169985202.95999998,94515.5,95440.5,100236.5,0.8
3421,11,248,13,127233.0,77526.0,104187.0,95575.6,48921904.44,94515.5,95440.5,100236.5,0.9
3422,9,224,11,145385.0,82823.0,145385.0,102861.1,344495961.69,90293.5,95472.5,114446.0,0.7
3422,11,267,13,145385.0,82823.0,119775.0,96206.7,89386062.01,90293.5,95472.5,98962.25,0.9
3422,13,293,15,145385.0,82823.0,100453.0,94122.8,30241854.160000004,90293.5,95472.5,98816.75,1.0
3423,9,219,11,80060.0,65943.0,80060.0,69959.5,16693127.45,66791.25,69047.5,70749.5,0.7
3423,11,262,13,80060.0,65943.0,71006.0,68500.1,2769187.29,66791.25,69047.5,69738.25,0.9
3424,9,214,11,90601.0,76616.0,90601.0,83207.4,23730743.84,78150.25,84143.0,87321.75,0.7
3425,9,220,11,113506.0,70721.0,113506.0,87496.0,144955307.2,80599.75,84846.5,88616.75,0.8
3425,11,256,13,113506.0,70721.0,91758.0,83902.4,37035272.64000001,80599.75,84846.5,88616.75,0.8
3427,9,180,11,77601.0,55200.0,77601.0,70298.0,45840444.4,68302.0,71686.5,76031.0,0.9
3428,9,180,11,100585.0,86464.0,101444.0,96170.8,27062228.359999996,95344.5,97395.5,100434.0,0.6
3429,9,174,11,63346.0,42723.0,63346.0,49198.0,35765987.6,44796.25,48560.5,49259.75,0.8
3429,11,206,13,63346.0,42723.0,49377.0,46939.0,6077804.0,44796.25,48043.5,48826.5,0.9
3430,9,221,11,69072.0,49447.0,69072.0,61698.9,34462017.09,58797.5,63385.5,64418.0,0.8
3430,11,259,13,69072.0,49447.0,65993.0,61008.4,26216357.84,58797.5,63385.5,64418.0,1.0
3431,9,211,11,129079.0,85831.0,129079.0,109789.5,198773587.25,100176.0,104662.5,123861.75,0.6
3431,11,244,13,129079.0,85831.0,125486.0,104682.0,106094915.8,100176.0,103541.5,104878.25,0.8
3431,13,270,15,129079.0,85831.0,105629.0,101342.1,31338520.689999998,100176.0,103541.5,104878.25,0.8
3433,9,237,11,88813.0,72207.0,88813.0,82067.7,15812975.61,80986.75,82648.5,83518.5,0.9
3434,9,172,11,101536.0,79726.0,101549.0,94113.9,53846727.489999995,90655.5,95147.5,101334.5,0.4
3434,11,187,13,101536.0,79726.0,101536.0,91043.0,47257244.6,85482.5,90687.0,95659.75,0.6
3434,13,228,15,101536.0,63844.0,96172.0,85367.4,77422080.44,82155.75,86572.0,90718.5,0.8
3435,9,213,11,75661.0,66477.0,77662.0,74713.5,9116449.65,74527.25,75504.0,76150.0,0.9
3436,9,190,11,100468.0,72836.0,100468.0,88008.5,55153742.85,83304.0,90396.5,92674.0,0.9
3436,11,239,13,100468.0,72836.0,93877.0,87349.4,42639345.24,83304.0,90396.5,92674.0,0.9
3437,9,213,11,101484.0,77584.0,101484.0,92648.7,41205611.20999999,89475.75,93381.5,97513.0,0.6
3437,11,255,13,101484.0,77584.0,98147.0,90982.2,32092732.160000004,89335.0,91204.0,95186.0,0.7
3438,9,230,11,117361.0,75053.0,117361.0,91799.2,125427880.75999999,84228.5,92019.0,96616.75,0.5
3438,11,266,13,117361.0,75053.0,96687.0,87964.3,44248646.010000005,84228.5,88117.5,94178.25,0.7
3438,13,305,15,117361.0,75053.0,96093.0,86932.3,30967289.610000003,84228.5,88117.5,89944.5,0.8
3439,9,191,11,52188.0,49993.0,62173.0,56872.2,16840513.160000004,53051.25,57261.0,60725.5,0.9
3440,9,229,11,75078.0,57508.0,76288.0,69679.6,28730742.640000004,66846.25,70261.5,74192.75,0.7
3441,9,202,11,110646.0,72068.0,110646.0,86865.4,139832108.44000003,78398.25,85882.5,88347.0,0.8
3441,11,236,13,110646.0,72068.0,89247.0,83196.5,40006782.65,78398.25,85882.5,88347.0,0.8
3441,13,267,15,110646.0,72068.0,88818.0,82514.5,35509263.25,78327.0,84127.0,87682.0,0.9
3443,9,161,11,102415.0,72569.0,102415.0,90406.2,69435335.76000002,84864.5,93320.5,95539.5,0.7
3444,9,253,11,72136.0,67800.0,85805.0,76363.5,38432211.25,72136.0,75967.0,80948.0,0.5
3444,11,297,13,72136.0,67800.0,81781.0,73980.4,18002918.84,71552.5,73882.0,76258.5,0.7
3445,9,230,11,114321.0,79204.0,115871.0,104556.9,141185423.69,98183.25,111437.0,113709.75,0.3
3445,11,273,13,114321.0,79204.0,114321.0,101396.5,114402277.85,97906.25,99848.0,111633.5,0.3
3445,13,291,15,114321.0,79204.0,111830.0,95096.2,126276644.55999999,85059.5,98366.5,100121.5,0.5
3445,15,319,17,114321.0,79204.0,100395.0,91256.3,70495853.41,83969.5,93353.5,99297.5,0.6
3446,9,181,11,105058.0,59497.0,105058.0,78307.4,260842785.43999997,64802.0,74457.0,88222.5,0.5
3446,11,218,13,105058.0,59497.0,90516.0,71989.6,82779291.44,64802.0,71783.5,76879.25,0.7
3446,13,251,15,105058.0,59497.0,80688.0,70597.8,48108197.559999995,64802.0,71783.5,76606.25,0.8
3448,9,196,11,95141.0,88949.0,101834.0,96174.3,12406387.41,94505.0,95645.0,98408.0,0.5
3448,11,243,13,95141.0,88949.0,99039.0,93802.3,10637216.010000002,90890.25,94717.0,95897.0,0.7
3449,9,207,11,88498.0,49728.0,88498.0,70934.6,107571450.44000001,71543.25,73250.5,75265.0,0.7
3449,11,231,13,88498.0,49728.0,75718.0,68169.0,69505648.2,66829.0,71953.0,73475.75,0.9
3450,9,248,11,111925.0,83725.0,111925.0,91503.6,71131207.03999999,86318.25,88265.0,93592.0,0.4
3450,11,281,13,111925.0,83725.0,95088.0,87765.2,9219189.760000002,86176.0,87046.0,89036.0,0.5
3451,9,195,11,113487.0,72685.0,113487.0,92309.1,104688976.28999999,86816.0,92203.5,97792.25,0.9
3451,11,208,13,113487.0,72685.0,98376.0,88973.3,63546553.410000004,84492.0,89940.5,95767.75,1.0
3452,9,207,11,88730.0,64403.0,88730.0,76135.5,70620276.45,69348.5,73881.0,84100.0,0.6
3452,11,239,13,88730.0,64403.0,85727.0,73268.8,32686995.759999998,69348.5,73599.0,74454.75,0.8
3452,13,255,15,88730.0,64403.0,77320.0,71961.8,13724494.559999999,69348.5,73599.0,74454.75,1.0
3453,9,197,11,77071.0,69512.0,85237.0,77614.2,23932820.76,74410.0,77071.0,80921.0,0.7
3454,9,220,11,79938.0,62457.0,81614.0,75761.1,34324364.69,71780.0,79082.0,79938.0,0.5
3454,11,243,13,79938.0,62457.0,79943.0,75244.1,30377153.089999996,71780.0,77775.5,79825.25,0.6
3455,9,174,11,122721.0,92085.0,122721.0,105844.2,99915573.96,96801.5,106070.5,111482.75,0.5
3455,11,199,13,122721.0,92085.0,112276.0,102073.8,51481297.95999999,95013.75,103733.5,108445.25,0.6
3456,9,209,11,73522.0,46699.0,79309.0,66897.7,68864927.21000001,64949.75,67495.5,72405.0,0.7
3456,11,240,13,73522.0,46699.0,73522.0,65671.4,49979700.44,64949.75,67495.5,69402.0,0.9
3457,9,238,11,114991.0,78415.0,114991.0,93019.8,119263589.55999999,87232.25,91257.0,96411.75,0.7
3457,11,279,13,114991.0,78415.0,97993.0,88761.7,29319205.01,87232.25,90482.0,91488.75,0.9
3458,9,186,11,84933.0,61826.0,84933.0,74507.7,44185431.61,70743.75,74707.0,77061.25,0.8
3458,11,209,13,84933.0,61826.0,79841.0,73390.1,27376115.290000003,70743.75,74707.0,77061.25,0.9
3459,9,175,11,74885.0,56840.0,74885.0,64924.7,21755600.810000002,62537.5,65355.0,66995.0,0.7
3459,11,204,13,74885.0,56840.0,67148.0,63267.3,10156470.41,61038.25,64455.0,65428.0,0.9
3460,9,214,11,143219.0,71565.0,143219.0,97509.5,432353801.25,80191.75,94547.5,108452.0,0.6
3460,11,233,13,143219.0,71565.0,111169.0,89022.2,137427160.56,78491.75,90357.0,96120.25,0.8
3460,13,272,15,143219.0,71565.0,98994.0,87497.2,90006240.56,78491.75,90357.0,96120.25,0.8
3461,9,186,11,124948.0,101267.0,124948.0,111535.8,50692200.559999995,105726.5,111172.0,116318.0,0.5
3461,11,226,13,124948.0,92960.0,116862.0,107150.8,45197999.56,103923.75,107432.0,112492.0,0.7
3461,13,259,15,124948.0,92960.0,113812.0,105912.5,32575885.65,103923.75,106297.0,108420.5,0.8
3462,9,230,11,104616.0,76170.0,104616.0,85768.8,61019369.36,79441.0,85780.5,88134.75,0.8
3462,11,274,13,104616.0,76170.0,88520.0,83966.4,21707546.64,79441.0,85780.5,87913.5,0.9
3463,9,231,11,79782.0,58091.0,79782.0,70683.4,48841425.239999995,68713.75,71956.0,76179.0,0.6
3463,11,274,13,79782.0,58091.0,77035.0,69120.8,42381949.36,65284.25,69221.0,74577.5,0.7
3463,13,319,15,79782.0,58091.0,74664.0,68554.9,34925628.089999996,65284.25,69221.0,74153.25,0.8
3465,9,209,11,115233.0,94582.0,115233.0,105591.9,39694816.489999995,102535.5,105474.5,110598.25,0.6
3465,11,251,13,115233.0,94582.0,111491.0,104384.6,29533576.04,102333.5,104000.5,109466.75,0.7
3465,13,284,15,115233.0,94582.0,110317.0,102841.0,20872329.4,100369.0,103564.0,106195.25,0.8
3467,9,171,11,104969.0,80127.0,104969.0,87252.4,48491429.63999999,82450.0,85856.0,89438.5,0.9
3469,9,209,11,137683.0,102521.0,137683.0,115851.7,102630339.41,107759.75,115478.5,121683.5,0.6
3470,9,197,11,68269.0,65849.0,84216.0,72939.0,34486785.6,68269.0,70754.5,77770.25,0.6
3471,9,243,11,86616.0,67754.0,86616.0,78184.8,23679333.76,75658.25,78307.5,80688.75,0.7
3471,11,273,13,86616.0,67754.0,81029.0,76640.9,12284917.09,75554.5,76988.0,78844.0,0.9
3471,13,313,15,86616.0,67754.0,79668.0,76329.6,10425055.24,75554.5,76955.5,78470.75,1.0
3472,9,204,11,101094.0,71849.0,101094.0,78554.0,61430871.0,74735.5,76220.5,78275.75,0.9
3473,9,233,11,120830.0,75591.0,120830.0,89806.5,155947556.25,80578.5,89709.5,94047.0,0.9
3474,9,246,11,117161.0,81549.0,117161.0,100518.1,84668567.89,99089.0,103044.5,104232.0,0.5
3475,9,198,11,79748.0,70682.0,83375.0,78154.1,18285010.089999996,75857.75,79748.0,81060.5,0.8
3477,9,158,11,97947.0,55947.0,97947.0,71435.3,114821421.01000002,66274.5,70767.0,73917.5,0.9
3478,9,205,11,108132.0,87738.0,108132.0,96051.5,31187396.25,92420.75,96332.5,97386.25,0.5
3478,11,241,13,108132.0,87738.0,97398.0,92925.4,14069203.440000001,89440.0,93324.5,96606.25,0.7
3478,13,281,15,108132.0,83118.0,96880.0,91044.9,16193412.089999998,88676.0,90576.0,94555.5,0.9
3479,9,230,11,67111.0,54776.0,68358.0,64763.0,14770929.6,63495.0,66770.0,67093.75,0.8
3480,9,214,11,91765.0,79842.0,102252.0,89936.4,47662780.239999995,85979.25,87913.5,91765.0,0.7
3480,11,247,13,91765.0,79842.0,97570.0,88815.2,25833091.759999998,85979.25,87913.5,91765.0,0.9
3482,9,178,11,89933.0,67151.0,89933.0,78691.5,43462444.25,74138.25,80682.0,82015.5,0.8
3482,11,229,13,89933.0,67151.0,82561.0,77490.9,26854692.089999996,74138.25,80573.0,81153.0,0.9
3484,9,230,11,134423.0,76555.0,134423.0,95611.8,212695298.96,87906.0,94396.5,97382.25,0.9
3485,9,221,11,108710.0,60912.0,108710.0,78719.3,128671485.41,74560.75,77920.0,78946.5,0.6
3486,9,218,11,76109.0,49343.0,76109.0,63818.8,54592295.56,64242.0,65593.5,66787.0,0.8
3487,9,205,11,84477.0,64867.0,84477.0,74876.4,25022283.04,73560.75,74438.5,77653.0,0.8
3487,11,250,13,84477.0,64867.0,77781.0,73672.1,13203396.290000001,73560.75,74438.5,75508.75,1.0
3488,9,217,11,103498.0,78718.0,103498.0,85040.0,45438642.6,80926.75,83612.0,86180.0,0.7
3489,9,203,11,68175.0,49474.0,68175.0,56810.1,30073155.890000004,53137.5,56032.5,60516.25,0.9
3490,9,206,11,60132.0,59027.0,73055.0,67286.4,30222838.839999996,60991.0,71114.0,71566.5,0.9
3491,9,223,11,103718.0,71550.0,103718.0,81287.2,73557271.16,76528.5,78066.0,84416.75,0.9
3492,9,200,11,57629.0,50668.0,65167.0,59775.7,16126009.41,57629.0,60209.0,62474.0,0.9
3493,9,168,11,95301.0,56489.0,95301.0,73739.8,103617686.96000001,69970.0,73872.0,76674.25,0.8
3493,11,193,13,95301.0,56489.0,79527.0,71690.1,50088314.89,69970.0,73872.0,76674.25,1.0
3494,9,218,11,64652.0,56919.0,71649.0,64936.7,18317931.21,63063.75,64652.0,68476.25,0.9
3495,9,188,11,79189.0,73000.0,79680.0,78152.3,3830624.0100000002,78401.25,79016.5,79253.5,0.9
3497,9,187,11,73951.0,58833.0,73951.0,68607.9,13067432.690000001,68326.5,69275.5,69798.25,0.8
3498,9,221,11,80720.0,57217.0,80720.0,68483.1,36059348.29,65813.75,68946.0,71536.5,0.6
3499,9,214,11,107208.0,55984.0,107208.0,83682.4,168293222.84,77982.75,86359.0,90640.0,0.7
3499,11,253,13,107208.0,55984.0,91031.0,81041.8,101884135.36,77982.75,84475.5,88086.25,0.9
3500,9,235,11,93225.0,59596.0,93225.0,81720.8,85257447.16,78752.5,83366.5,86483.75,0.8
3500,11,276,13,93225.0,59596.0,87989.0,80706.9,67146000.28999999,78752.5,83366.5,86483.75,0.9
3501,9,204,11,101250.0,64539.0,101250.0,74201.5,92699939.45,69907.25,72130.0,74582.25,0.6
3502,9,231,11,108275.0,81969.0,108275.0,92713.1,73460006.08999999,86951.5,90195.5,95057.5,0.6
3502,11,277,13,108275.0,81969.0,96034.0,89289.9,13796123.690000001,86951.5,90195.5,91245.0,0.8
3504,9,185,11,84707.0,51997.0,84707.0,64360.4,96869605.84,56523.5,62039.0,70958.25,0.6
3504,11,231,13,84707.0,51997.0,72540.0,60992.3,32854728.609999996,56523.5,62039.0,63201.5,0.8
3504,13,267,15,84707.0,51997.0,65727.0,60171.2,19823056.96,56523.5,62039.0,63201.5,0.9
3506,9,179,11,97734.0,84698.0,102012.0,96158.5,26875901.45,93196.0,97734.0,100281.5,0.4
3507,9,224,11,102131.0,92141.0,104892.0,100184.4,21163159.44,95771.0,102131.0,103844.0,0.3
3507,11,262,13,102131.0,92141.0,103879.0,99354.4,18071276.64,95030.75,101423.0,102744.5,0.4
3507,13,314,15,102131.0,92141.0,102949.0,98218.7,13725627.41,94686.75,98818.5,101777.0,0.6
3508,9,200,11,123852.0,93075.0,123852.0,107753.2,112403336.56000002,99521.5,104356.5,116664.75,0.6
3508,11,242,13,123852.0,93075.0,118222.0,104928.1,53513375.29,99521.5,104356.5,110154.75,0.7
3508,13,280,15,123852.0,93075.0,111049.0,103778.0,34022190.2,99521.5,104356.5,108568.75,0.8
3509,9,188,11,53957.0,52139.0,68231.0,58977.0,28348050.8,54210.5,58335.5,61865.5,0.8
3510,9,180,11,75715.0,58021.0,75715.0,65100.3,22775880.610000003,62752.0,64668.5,66471.75,0.8
3510,11,214,13,75715.0,58021.0,68106.0,64148.0,10188525.8,62752.0,64668.5,66471.75,0.8
3511,9,207,11,63398.0,39943.0,63398.0,51611.0,74519085.8,43280.0,51619.0,58082.5,0.8
3511,11,252,13,63398.0,39943.0,61731.0,51087.0,63446255.6,43280.0,51619.0,58082.5,1.0
3514,9,222,11,115636.0,94977.0,115636.0,108099.2,54973454.36,104374.0,111984.0,113414.25,0.6
3514,11,278,13,115636.0,94977.0,113695.0,107388.8,46374853.160000004,104374.0,111881.0,112170.75,0.8
3515,9,247,11,100954.0,79746.0,100954.0,96241.9,37295256.29000001,94971.25,98159.0,100245.5,0.5
3516,9,201,11,87630.0,62058.0,87630.0,72421.0,70645270.4,67932.5,70797.0,73182.5,0.8
3516,11,240,13,87630.0,62058.0,74937.0,69835.5,18749770.45,67932.5,70797.0,73182.5,0.9
3517,9,154,11,79236.0,65082.0,79236.0,71875.8,19929741.560000002,68468.75,70883.5,75932.0,0.9
3519,9,212,11,64841.0,54574.0,67033.0,62453.7,19432721.610000003,60062.0,64502.0,64841.0,0.9
3521,9,149,11,77046.0,58942.0,77046.0,68188.3,21731298.410000004,65785.25,69509.5,70549.5,0.4
3521,11,181,13,77046.0,58942.0,70743.0,66930.4,11839425.440000001,65785.25,67615.0,69725.75,0.6
3521,13,199,15,77046.0,58942.0,69942.0,65974.7,10994709.809999999,63905.75,66646.0,68709.5,0.7
3522,9,232,11,117121.0,98270.0,117121.0,103644.6,24703298.240000002,100647.0,102996.0,104270.0,0.6
3522,11,270,13,117121.0,80886.0,105250.0,100021.1,45207597.69,99617.75,102460.0,103601.5,0.7
3523,9,228,11,71380.0,61214.0,71380.0,67651.1,10311293.09,66682.0,68749.0,69553.5,0.9
3524,9,159,11,79844.0,58177.0,79844.0,73149.1,38617018.29,70731.75,74695.0,77284.25,0.7
3524,11,184,13,79844.0,58177.0,77637.0,72673.2,33156686.959999997,70731.75,74695.0,77104.25,0.8
3526,9,205,11,79764.0,53768.0,88222.0,78652.8,100537855.36000001,77214.0,80821.5,85467.75,0.7
3527,9,202,11,62760.0,40649.0,62760.0,56749.9,45482876.489999995,55465.5,59492.0,61058.25,0.9
3528,9,216,11,108411.0,69978.0,108411.0,92080.2,90550630.75999999,91382.0,91854.5,96075.5,0.8
3529,9,173,11,124854.0,87124.0,124854.0,102572.0,120299016.2,97790.5,99654.0,105130.5,0.6
3529,11,205,13,124854.0,87124.0,105784.0,98420.8,28629351.360000003,97790.5,98784.5,102289.75,0.8
3531,9,214,11,90776.0,65903.0,90776.0,79076.6,41953480.84,75252.25,79709.5,82624.5,0.9
3532,9,215,11,81058.0,68886.0,81058.0,76355.5,13412262.45,74473.5,77274.0,78068.25,0.8
3532,11,248,13,81058.0,68886.0,80759.0,76105.3,11490792.41,74473.5,77274.0,78068.25,1.0
3533,9,193,11,121306.0,68402.0,121306.0,93021.2,154963250.76000002,88421.75,93332.5,96816.5,0.9
3534,9,216,11,117431.0,92390.0,117431.0,100275.4,62735629.04000001,93901.0,97958.5,105453.25,0.5
3534,11,249,13,117431.0,92390.0,107491.0,97405.5,18664719.45,93901.0,96897.0,99273.25,0.6
3534,13,296,15,117431.0,92390.0,99340.0,95867.8,6594184.76,93693.25,95735.5,98527.25,0.7
3535,9,224,11,100229.0,91208.0,100229.0,97394.4,9786483.64,96354.5,98531.0,99995.0,0.6
3536,9,203,11,85696.0,61130.0,85696.0,68021.6,45265893.44,63688.75,66610.0,70154.5,0.7
3536,11,228,13,85696.0,61130.0,70421.0,66267.6,10785817.440000001,63688.75,66610.0,69163.25,0.9
3539,9,202,11,110507.0,65344.0,110507.0,80680.0,158900257.4,73052.75,80157.0,81284.0,0.6
3539,11,246,13,110507.0,65344.0,81312.0,74812.5,32759346.45,71929.0,74814.5,80577.5,0.8
3539,13,285,15,110507.0,65344.0,80998.0,73968.2,25475733.56,71929.0,73989.0,78413.0,1.0
3540,9,178,11,73748.0,63169.0,73748.0,68654.3,11653923.610000001,66068.25,68965.5,71666.25,0.7
3541,9,190,11,84877.0,54413.0,84877.0,70283.4,88937041.03999999,61433.75,72976.5,76993.25,0.7
3541,11,221,13,84877.0,54413.0,77475.0,69119.0,64921725.6,61433.75,72976.5,76266.5,0.9
3542,9,225,11,88848.0,55734.0,88848.0,66589.2,68267896.35999998,62919.75,64207.0,68167.75,0.9
3543,9,186,11,112450.0,87944.0,112450.0,93910.4,54762183.44,88457.25,90303.5,97164.5,0.6
3543,11,234,13,112450.0,87944.0,99376.0,92169.0,17484730.2,88457.25,90303.5,95605.25,0.7
3544,9,212,11,96401.0,62021.0,96401.0,78126.8,93949816.96000001,73133.25,76518.0,83292.25,0.7
3544,11,244,13,96401.0,62021.0,85149.0,74611.8,32796247.959999997,73133.25,75345.0,77294.0,0.9
3545,9,210,11,93833.0,76720.0,93833.0,84304.0,26594211.4,79871.0,85769.5,87257.75,0.4
3545,11,249,13,93833.0,74304.0,88122.0,82351.1,23700208.89,77963.5,83057.5,87143.0,0.5
3545,13,289,15,93833.0,74304.0,87215.0,81002.4,16585800.439999998,77963.5,80941.5,83840.75,0.7
3545,15,334,17,93833.0,72865.0,84612.0,79092.2,12326434.96,76917.25,79853.5,81521.0,0.9
3546,9,224,11,106889.0,80466.0,106889.0,93443.4,69769082.84,87240.75,94503.0,96562.25,0.6
3546,11,260,13,106889.0,80466.0,96912.0,90951.5,31313576.05,87240.75,93643.0,94821.5,0.8
3547,9,197,11,83544.0,72893.0,83544.0,77080.3,8955291.41,74576.0,77251.5,78075.25,0.7
3547,11,228,13,83544.0,72893.0,79741.0,76492.5,4425890.25,74576.0,77251.5,77831.25,0.8
3548,9,201,11,101952.0,68136.0,101952.0,78627.2,73146345.36,74543.0,77876.5,79406.75,0.8
3549,9,228,11,71885.0,54973.0,71885.0,62175.3,19966533.61,59590.5,62386.0,63901.75,0.8
3550,9,227,11,91410.0,78516.0,91410.0,83972.1,12972730.09,81613.75,84661.0,85634.25,0.6
3551,9,182,11,98341.0,73718.0,98341.0,79616.3,45778500.01,75955.5,77839.5,79717.0,0.7
3551,11,218,13,98341.0,73718.0,81773.0,77619.3,6015938.8100000005,75955.5,77839.5,79506.25,0.8
3552,9,179,11,93269.0,54517.0,93269.0,75663.0,162146295.8,68831.75,78060.0,85248.25,0.5
3552,11,218,13,93269.0,54517.0,85389.0,72328.4,107786025.03999999,68707.75,73680.5,80056.0,0.7
3552,13,251,15,93269.0,54517.0,81928.0,70511.2,74699027.36,68707.75,73680.5,74946.25,0.8
3553,9,216,11,91625.0,50906.0,91625.0,63088.4,107572048.44000001,57079.0,62957.0,63606.75,0.9
3554,9,175,11,90725.0,76048.0,92450.0,88143.9,23036090.89,86123.75,90531.0,91424.75,0.8
3555,9,196,11,98081.0,71182.0,98081.0,82617.1,59341466.69,75996.75,84662.0,86613.5,0.6
3556,9,211,11,113130.0,76569.0,113130.0,91186.8,86021033.96000001,86581.75,89945.5,94176.0,0.7
3556,11,260,13,113130.0,76569.0,94408.0,87448.7,39553432.81,83018.75,89803.5,93032.25,0.8
3556,13,298,15,113130.0,76569.0,94163.0,86945.9,34778774.89,83018.75,89560.0,89957.75,0.9
3557,9,232,11,108860.0,80834.0,108860.0,86641.1,59693658.089999996,83225.0,84105.5,85838.0,0.8
3558,9,228,11,70459.0,59670.0,71279.0,66533.8,20003059.16,61772.0,68508.0,70459.0,0.9
3560,9,213,11,79151.0,60278.0,79151.0,66905.3,34504079.01,62324.5,64855.5,70779.5,0.7
3561,9,175,11,114908.0,93443.0,114908.0,108034.7,56680851.010000005,105047.0,110845.5,113814.0,0.6
3562,9,236,11,97646.0,82673.0,99476.0,92379.6,30663441.040000003,88572.0,92187.5,97646.0,0.5
3563,9,159,11,68099.0,44715.0,68099.0,52546.2,39973886.160000004,49867.0,50576.0,54318.75,0.8
3563,11,186,13,68099.0,44715.0,56291.0,51108.5,12838358.85,49867.0,50576.0,54318.75,0.9
3564,9,177,11,70330.0,22339.0,70330.0,40522.4,164753585.83999997,36080.25,40337.5,45068.25,0.8
3565,9,197,11,86874.0,63892.0,86874.0,75313.8,34940179.160000004,72499.75,76652.0,77937.25,0.9
3566,9,201,11,102228.0,79635.0,102228.0,90958.4,49276729.239999995,85967.0,89867.5,95215.0,0.5
3566,11,243,13,102228.0,79635.0,96698.0,88696.9,18763058.69,85967.0,89867.5,90823.75,0.5
3566,13,278,15,102228.0,79635.0,90998.0,87934.7,11794721.41,85967.0,89027.5,90763.5,0.6
3566,15,319,17,102228.0,79635.0,90766.0,87751.7,10841407.81,85967.0,89027.5,90097.25,0.6
3567,9,225,11,122958.0,74411.0,122958.0,87702.6,260373672.84,77890.5,82967.5,83874.5,0.8
3567,11,258,13,122958.0,74411.0,86847.0,81096.3,17411304.81,77890.5,82967.5,83874.5,0.9
3568,9,224,11,76809.0,70967.0,81200.0,78374.0,7836732.4,77424.25,79428.5,79782.0,0.9
3569,9,165,11,64114.0,50194.0,68435.0,60793.4,36024048.44,56207.75,63387.0,64564.75,0.6
3569,11,182,13,64114.0,50194.0,64715.0,59600.2,27265862.359999996,55417.75,62505.5,63762.5,0.8
3569,13,198,15,64114.0,50194.0,64114.0,59483.2,26192200.160000004,55417.75,62505.5,63335.75,0.9
3570,9,228,11,119778.0,77471.0,119778.0,88417.5,123765490.25,82705.0,85681.0,89063.5,0.7
3570,11,254,13,119778.0,77471.0,90147.0,85235.2,14778657.16,82705.0,85681.0,88433.5,0.7
3571,9,221,11,88046.0,65335.0,88046.0,77736.1,37104261.49,74414.0,77920.5,81997.5,0.7
3571,11,260,13,88046.0,65335.0,83080.0,76434.0,25459625.6,74339.75,75570.0,80129.75,0.8
3573,9,208,11,89106.0,73321.0,98860.0,89834.9,46130577.89,87483.0,89106.0,94647.5,0.6
3575,9,216,11,109789.0,61688.0,109789.0,82149.2,157383880.95999998,77676.25,81880.5,87342.25,0.8
3576,9,215,11,94750.0,69864.0,94750.0,77091.5,43022428.25,73380.0,75504.0,78450.25,0.9
3577,9,156,11,45826.0,45826.0,63531.0,52181.2,41001200.95999999,47208.75,49626.5,56517.25,0.8
3578,9,205,11,135874.0,91895.0,135874.0,107279.7,122112666.41,102572.0,106158.5,109194.25,0.2
3578,11,234,13,135874.0,79740.0,109792.0,100815.6,73016781.03999999,98988.75,103355.0,106357.25,0.3
3578,13,266,15,135874.0,64475.0,106556.0,94281.3,168054273.20999998,88505.0,100150.5,103599.5,0.5
3578,15,287,17,135874.0,64475.0,103844.0,90860.9,138784935.29000002,84806.25,93029.0,101312.25,0.7
3578,17,306,19,135874.0,64475.0,102474.0,89694.1,115104693.29,84806.25,93029.0,97594.25,0.9
3579,9,239,11,108551.0,72359.0,108551.0,96000.0,114213294.8,89372.0,99512.5,103937.75,0.6
3579,11,274,13,108551.0,72359.0,105003.0,94431.5,85834346.05,89372.0,99512.5,100394.5,0.6
3579,13,298,15,108551.0,72359.0,102054.0,94136.6,80381969.44,89372.0,99512.5,100394.5,0.6
3581,9,179,11,126893.0,81579.0,126893.0,95221.5,145533456.85,89736.5,91599.5,92846.25,0.1
3581,11,232,13,126893.0,61727.0,92994.0,85740.5,88562204.45,83295.25,90104.0,91850.75,0.3
3581,13,262,15,126893.0,61727.0,92102.0,82871.3,82756999.80999999,77841.5,85011.5,90471.5,0.5
3581,15,291,17,126893.0,61727.0,90839.0,81796.9,68852141.89,77841.5,83308.0,88187.5,0.7
3582,9,204,11,120509.0,93411.0,120509.0,112203.1,46658351.29,112667.25,113812.5,115008.5,0.6
3583,9,205,11,72463.0,67009.0,76451.0,72255.9,7872045.289999999,71301.75,72463.0,74001.0,0.6
3583,11,233,13,72463.0,67009.0,74371.0,71027.5,4962612.05,69287.0,71608.5,72463.0,0.8
3584,9,234,11,130528.0,84079.0,130528.0,107277.1,141053919.69,103206.0,106108.0,110044.25,0.5
3584,11,281,13,130528.0,84079.0,110732.0,102818.5,51185836.65,101116.5,104931.5,107129.0,0.6
3585,9,214,11,123000.0,83436.0,123000.0,104154.6,130555484.03999999,99803.75,107926.0,109929.0,0.4
3588,9,224,11,153437.0,104932.0,153437.0,117558.3,208940100.81,106725.0,115355.0,116199.0,0.4
3588,11,264,13,153437.0,104932.0,119158.0,111538.4,25204972.64,106725.0,111733.0,115692.0,0.5
3589,9,263,11,84307.0,68255.0,84307.0,76790.3,19550447.410000004,73961.5,77135.5,79737.5,0.5
3589,11,310,13,84307.0,63342.0,79763.0,73245.1,29676717.689999998,69220.0,74519.0,77376.25,0.7
3589,13,348,15,84307.0,63342.0,79575.0,72576.2,24872098.759999998,69220.0,73282.0,76399.0,0.8
3590,9,215,11,107661.0,79249.0,107661.0,89880.1,79461875.28999999,81921.25,88891.0,96609.0,0.9
3591,9,168,11,118008.0,68244.0,118008.0,96346.4,195932516.04000002,93332.0,99322.5,103970.5,0.9
3592,9,217,11,88587.0,66374.0,88587.0,77188.1,44401969.29,72472.25,76381.0,82427.5,0.6
3592,11,252,13,88587.0,66374.0,82805.0,74737.5,23103905.05,71774.75,75476.5,76509.5,0.8
3592,13,296,15,88587.0,66374.0,78101.0,73870.8,13348656.16,71774.75,75476.5,76509.5,0.9
3593,9,248,11,75605.0,64101.0,77256.0,72394.7,15631610.61,69674.5,73226.0,75524.75,0.8
3594,9,205,11,69558.0,58024.0,72240.0,66506.3,18437350.21,64781.75,68019.5,69558.0,0.8
3596,9,196,11,80171.0,55382.0,80171.0,69401.6,73064234.24,61839.0,73370.5,73698.0,0.3
3596,11,224,13,80171.0,55382.0,73718.0,67633.3,53350212.61,60710.75,71934.0,73421.75,0.5
3597,9,205,11,119341.0,59211.0,119341.0,83055.4,249624926.44,72763.75,80974.5,89512.5,0.6
3597,11,250,13,119341.0,59211.0,92001.0,76953.4,68928588.04,72437.25,78076.0,81188.75,0.8
3598,9,192,11,74932.0,74932.0,96245.0,87309.6,52467450.44,83320.0,89741.0,92931.75,0.7
3599,9,179,11,136874.0,114140.0,136874.0,123534.0,90588667.2,114984.25,118466.5,133895.75,0.0
3599,11,215,13,136874.0,92234.0,134996.0,116687.9,117082598.09,114222.25,115229.5,119500.25,0.1
3599,13,252,15,136874.0,92234.0,120534.0,112812.9,57944912.09000001,113324.75,114604.0,116229.25,0.2
3599,15,292,17,136874.0,92234.0,116399.0,109956.3,50377415.41,106596.5,113596.5,114671.5,0.4
3600,9,188,11,136084.0,83099.0,136084.0,104329.1,181431180.48999998,97607.25,102316.0,108448.25,0.9
3601,9,196,11,71740.0,46170.0,71740.0,57297.1,41042031.09,53354.0,58198.0,59367.25,0.9
3602,9,158,11,98174.0,71012.0,98174.0,86014.4,101557116.64000002,75638.5,90285.5,94146.5,0.8
3603,9,171,11,106650.0,63278.0,106650.0,76563.0,118293711.8,71548.5,74775.5,76051.0,0.6
3603,11,191,13,106650.0,63278.0,77159.0,73257.2,15899734.76,71548.5,74775.5,76051.0,0.6
3604,9,241,11,94893.0,62771.0,94893.0,75762.9,78108021.09,68642.0,75776.5,79409.75,0.8
3605,9,160,11,114666.0,86829.0,114666.0,99728.0,63267417.2,93732.25,100749.5,104800.5,0.7
3606,9,201,11,87218.0,57889.0,87218.0,66158.9,65632249.29,61236.5,63587.0,67582.5,0.8
3606,11,240,13,87218.0,57889.0,70471.0,64168.5,16184405.25,61236.5,63587.0,67582.5,0.8
3607,9,208,11,90331.0,60844.0,90331.0,72260.8,72479048.16,66000.25,71756.0,74913.5,0.5
3607,11,235,13,90331.0,60844.0,75201.0,68736.2,20834457.96,65857.25,68800.5,72711.0,0.7
3607,13,263,15,90331.0,60844.0,73666.0,68078.8,15252402.959999999,65857.25,68800.5,69824.25,0.8
3608,9,198,11,93401.0,79039.0,93401.0,86445.3,24144223.41,82136.0,88474.0,90317.25,0.5
3608,11,220,13,93401.0,78961.0,90601.0,84244.8,19164783.96,79957.25,83129.0,88778.5,0.7
3608,13,256,15,93401.0,78961.0,89083.0,83260.6,11643102.24,79957.25,83129.0,85392.25,0.9
3609,9,209,11,131406.0,61916.0,131406.0,96770.2,495319440.76000005,85185.5,96470.5,109586.0,0.7
3609,11,247,13,131406.0,61916.0,113765.0,87592.5,206208344.45,83601.5,88113.0,96673.25,0.9
3610,9,158,11,111413.0,82739.0,119022.0,102882.9,111804452.28999999,95083.5,105091.5,111151.0,0.7
3610,11,183,13,111413.0,82739.0,111413.0,101422.7,83601644.61,95083.5,104083.5,109430.5,0.8
3611,9,191,11,93822.0,91143.0,99503.0,95919.5,7305701.05,93822.0,96469.5,98189.75,0.2
3611,11,227,13,93822.0,91143.0,99276.0,95302.0,6292801.2,93463.5,95089.5,96948.0,0.2
3611,13,253,15,93822.0,76547.0,97070.0,92557.2,31503773.359999996,93116.75,93822.0,95728.75,0.3
3611,15,288,17,93822.0,67691.0,96357.0,88539.5,78125836.25,87123.75,93192.5,93822.0,0.5
3611,17,321,19,93822.0,67691.0,93822.0,87780.4,70326707.03999999,86932.0,91688.5,93268.25,0.7
3612,9,233,11,90439.0,82740.0,91994.0,87756.9,8388070.089999999,85332.0,87635.0,90439.0,0.5
3612,11,262,13,90439.0,76308.0,90439.0,85199.9,17366706.49,83256.25,85655.0,87698.5,0.7
3612,13,285,15,90439.0,76308.0,87762.0,84231.2,10997446.960000003,83256.25,85117.0,86217.25,0.9
3613,9,193,11,86927.0,70777.0,86927.0,79915.2,32972816.96,74614.75,80832.0,85276.5,0.9
3614,9,216,11,109544.0,72642.0,109544.0,93887.2,84676010.35999998,91015.25,95315.0,98083.0,0.5
3614,11,267,13,109544.0,72642.0,102105.0,93143.3,66362308.21,91015.25,95315.0,98083.0,0.5
3615,9,252,11,120700.0,79638.0,120700.0,94824.9,134928777.69,87537.5,92523.5,101691.75,0.7
3615,11,296,13,120700.0,79638.0,103329.0,92241.9,56850712.489999995,87537.5,92523.5,97932.0,0.8
3615,13,338,15,120700.0,79638.0,101333.0,90974.9,43203602.089999996,87537.5,90665.0,96179.0,0.9
3616,9,229,11,96995.0,76067.0,96995.0,84479.2,43987299.760000005,78965.75,83217.0,89290.5,0.7
3616,11,269,13,96995.0,76067.0,89926.0,82020.9,18230480.29,78965.75,80640.0,85284.0,0.9
3617,9,172,11,104042.0,87258.0,105008.0,99214.9,39425339.690000005,98781.0,101328.0,104019.75,0.8
3619,9,225,11,75007.0,62215.0,75007.0,66488.0,14921582.2,62794.0,66506.0,68635.25,0.7
3619,11,269,13,75007.0,62215.0,69364.0,65867.7,7815859.610000001,62794.0,66506.0,68585.0,0.7
3621,9,183,11,130275.0,90757.0,130275.0,111295.4,161432302.44,101857.25,110513.0,122378.25,0.4
3621,11,196,13,130275.0,90757.0,124910.0,103657.8,117909838.75999999,93286.25,102087.5,110966.5,0.6
3621,13,228,15,130275.0,90757.0,111420.0,98472.0,52451418.0,92120.5,96249.0,102317.75,0.8
3621,15,248,17,130275.0,90757.0,102548.0,95762.2,16560324.959999999,92120.5,95045.5,98323.75,1.0
3623,9,176,11,103478.0,79246.0,103478.0,90237.4,42335628.04,89388.5,89751.0,93283.0,0.7
3624,9,211,11,119566.0,92988.0,119566.0,103536.3,49078270.410000004,99059.0,102543.5,106729.5,0.7
3624,11,248,13,119566.0,92988.0,107435.0,100673.4,15048403.24,98298.5,100631.5,103227.5,0.9
3625,9,182,11,104904.0,50637.0,104904.0,64967.7,196910404.21,58351.5,62927.5,64188.75,0.8
3625,11,218,13,104904.0,50637.0,65484.0,60145.7,20526523.01,57085.5,61964.5,63837.0,0.9
3626,9,203,11,103038.0,82355.0,103038.0,93128.5,42317797.85,89870.75,93599.5,96504.75,0.8
3626,11,248,13,103038.0,82355.0,99635.0,92359.9,29641662.890000004,89870.75,93599.5,96504.75,0.8
3628,9,125,11,96123.0,77949.0,96123.0,89241.0,31833974.2,87713.0,90357.0,93446.0,0.6
3628,11,149,13,96123.0,77949.0,93566.0,87175.9,24599041.49,84428.75,88263.0,90773.0,0.8
3628,13,187,15,96123.0,77949.0,92962.0,86957.8,22200678.76,84428.75,88263.0,90773.0,0.8
3629,9,133,11,107061.0,74377.0,107061.0,90265.7,86393528.00999999,87916.25,91788.5,94849.0,0.9
3630,9,174,11,92469.0,80872.0,97028.0,90207.1,17541448.089999996,88849.0,91220.0,92469.0,0.7
3630,11,202,13,92469.0,80872.0,92574.0,89274.4,12647104.84,87895.25,90203.5,92350.5,0.8
3631,9,223,11,115283.0,76741.0,115283.0,101822.5,88146764.65,100550.0,103120.0,105643.75,0.6
3631,11,267,13,115283.0,76741.0,106041.0,99708.9,62114571.69,100321.75,101336.5,103473.0,0.8
3632,9,241,11,77913.0,62792.0,77913.0,71571.8,19034337.96,68993.25,72690.5,73950.75,0.5
3632,11,280,13,77913.0,62792.0,74205.0,70019.1,11531698.089999998,67792.5,70790.5,72872.25,0.7
3633,9,216,11,86846.0,63581.0,86846.0,71391.5,47804748.25,65861.0,69666.5,74979.5,0.8
3633,11,258,13,86846.0,63581.0,76744.0,70037.3,21688819.21,65861.0,69666.5,74346.5,0.9
3634,9,198,11,85860.0,69801.0,85860.0,75757.8,28226612.160000004,71181.75,74302.0,78527.5,0.8
3634,11,234,13,85860.0,69801.0,82805.0,75317.2,20836904.96,71181.75,74302.0,78527.5,0.9
3635,9,190,11,109184.0,61258.0,109184.0,82178.3,179253813.61,70980.25,85418.5,88556.5,0.7
3636,9,230,11,75376.0,67226.0,84543.0,76569.6,34294684.239999995,73762.25,75376.0,82378.5,0.8
3636,11,258,13,75376.0,67226.0,82933.0,74997.2,27117669.759999998,71262.0,74926.5,79380.25,0.9
3639,9,184,11,127883.0,76051.0,127883.0,93675.4,186048610.04000002,86273.0,89824.5,96384.75,0.7
3639,11,215,13,127883.0,76051.0,97724.0,89415.3,38049591.41,86273.0,89824.5,93531.75,0.9
3641,9,141,11,112388.0,87698.0,124549.0,105254.1,129051048.88999999,99394.0,100558.5,112388.0,0.6
3641,11,170,13,112388.0,87698.0,112388.0,101864.0,53940266.2,99394.0,100558.5,106698.5,0.6
3641,13,189,15,112388.0,87698.0,108021.0,100924.7,37720731.81,99394.0,100558.5,106698.5,0.6
3643,9,227,11,61742.0,55409.0,72041.0,65968.2,26079247.759999998,62512.5,65624.5,70847.0,0.5
3643,11,260,13,61742.0,55409.0,71233.0,64369.6,17838384.24,61888.5,65100.0,65774.75,0.7
3643,13,290,15,61742.0,55409.0,66867.0,63541.2,10432002.959999999,61888.5,65100.0,65698.25,0.9
3644,9,201,11,121825.0,68675.0,121825.0,82513.9,188490466.09,76587.5,79358.0,81781.0,0.8
3644,11,242,13,121825.0,68675.0,82636.0,78484.3,17569773.009999998,76587.5,79358.0,81781.0,0.8
3645,9,171,11,101987.0,81351.0,101987.0,92183.8,46376205.95999999,87121.5,91948.0,96869.25,0.9
3647,9,142,11,78961.0,67755.0,79702.0,74313.1,14346475.09,72134.25,73482.5,78184.5,0.9
3648,9,193,11,115683.0,87739.0,115683.0,98298.6,56159203.64,93987.0,96213.5,101176.75,0.6
3648,11,223,13,115683.0,87739.0,102624.0,95212.0,13092127.6,93465.75,95339.0,96828.0,0.7
3649,9,175,11,132456.0,95221.0,132456.0,106601.4,98828830.84,102247.75,104503.0,106872.25,0.2
3649,11,208,13,132456.0,95221.0,107270.0,102214.6,20033595.64,98440.75,103104.5,106225.25,0.3
3649,13,257,15,132456.0,89648.0,106567.0,99505.8,25882254.36,95787.25,99852.0,103455.25,0.5
3649,15,291,17,132456.0,89648.0,103806.0,98241.2,16341037.760000002,95787.25,97936.5,101836.0,0.6
3649,17,311,19,132456.0,89648.0,102296.0,97109.6,15061601.040000001,95245.75,97348.5,100158.25,0.7
3649,19,339,21,132456.0,89648.0,100756.0,96609.1,11125383.690000001,95245.75,97348.5,98641.75,0.9
3651,9,172,11,86095.0,52429.0,86095.0,64773.4,92904166.23999998,57741.5,63949.0,70277.75,0.9
3651,11,197,13,86095.0,52429.0,74938.0,63657.7,56530226.410000004,57741.5,63949.0,70277.75,0.9
3652,9,160,11,78161.0,52469.0,78161.0,64003.2,51282706.16,60672.5,64795.5,66310.75,0.9
3653,9,157,11,97099.0,44729.0,97099.0,74838.9,169535940.48999998,69846.5,75786.5,81887.0,0.9
3654,9,154,11,95250.0,64904.0,95250.0,84234.8,90462769.55999999,77798.5,86980.5,92158.25,0.6
3655,9,217,11,101389.0,78971.0,101389.0,88741.0,33802168.8,87058.5,89506.0,90399.75,0.8
3655,11,250,13,101389.0,78971.0,90513.0,87252.3,14910563.01,86991.0,88954.5,89776.25,1.0
3656,9,222,11,103239.0,62420.0,103239.0,76590.2,122255052.35999998,71278.0,74309.5,81588.25,0.7
3656,11,269,13,103239.0,62420.0,82529.0,72928.5,34011228.05,71278.0,74286.5,74947.75,0.9
3658,9,202,11,92545.0,63122.0,92545.0,77891.1,76648170.49000001,72842.25,80518.5,82635.0,0.8
3659,9,197,11,94020.0,58454.0,94020.0,75804.3,102265825.41,72114.0,73393.0,74279.25,0.8
3659,11,242,13,94020.0,58454.0,80929.0,73179.6,34200741.440000005,72114.0,73393.0,74279.25,1.0
3660,9,184,11,136005.0,93530.0,136005.0,109174.6,134555050.04000002,100457.25,109131.5,114336.5,0.9
3660,11,229,13,136005.0,93530.0,115921.0,107166.2,63085734.360000014,100457.25,109131.5,114336.5,0.9
3661,9,211,11,130809.0,79484.0,130809.0,104523.8,210730113.35999998,95034.5,108397.5,109876.0,0.5
3661,11,241,13,130809.0,79484.0,110143.0,101833.7,127647813.41,95034.5,108397.5,109315.0,0.5
3662,9,206,11,106436.0,89308.0,106436.0,102357.3,23794928.409999996,101304.5,104006.5,105656.0,0.6
3663,9,198,11,114576.0,67630.0,114576.0,89494.8,142149480.16,82732.75,88947.5,93222.75,0.7
3663,11,237,13,114576.0,67630.0,93430.0,86291.6,56759741.44,82732.75,88947.5,92131.0,0.9
3664,9,220,11,114592.0,90800.0,114592.0,100984.4,53409611.440000005,95874.75,100298.5,105232.75,0.4
3664,11,267,13,114592.0,90800.0,105359.0,98529.5,25734191.65,95137.75,99209.5,102874.5,0.5
3665,9,198,11,49477.0,44334.0,49477.0,47915.4,2065579.44,47329.25,48323.5,48656.75,0.9
3666,9,202,11,90954.0,72723.0,92834.0,81319.8,57224893.15999999,74369.5,79088.5,89299.25,0.5
3666,11,252,13,90954.0,72723.0,90954.0,78760.8,29276116.759999998,74369.5,77648.5,80822.0,0.6
3666,13,293,15,90954.0,72723.0,82196.0,77651.3,12298549.61,74369.5,77648.5,80822.0,0.6
3667,9,241,11,114034.0,93840.0,114034.0,102949.7,44286370.41,97392.5,102712.5,108762.75,0.6
3667,11,282,13,114034.0,93840.0,109193.0,102249.3,33174524.410000004,97392.5,102712.5,108027.5,0.7
3668,9,186,11,102877.0,80900.0,106587.0,98326.8,75978780.16,91677.75,102847.0,103529.5,0.7
3669,9,169,11,108681.0,88119.0,108681.0,96776.2,29763156.759999998,92983.0,97364.0,99031.25,0.6
3669,11,207,13,108681.0,88119.0,102400.0,96148.1,18358933.490000002,92983.0,97364.0,99031.25,0.6
3670,9,162,11,87514.0,46734.0,87514.0,68864.5,101789509.85,66464.0,68525.0,72617.0,0.8
3670,11,211,13,87514.0,46734.0,76914.0,67605.4,68520129.84,66464.0,68525.0,72617.0,1.0
3671,9,205,11,101219.0,89941.0,101219.0,94909.2,11975735.76,92559.25,94240.0,97851.0,0.6
3671,11,251,13,101219.0,89941.0,98192.0,94221.6,7553642.639999999,92559.25,93760.5,96500.5,0.7
3671,13,273,15,101219.0,89941.0,97132.0,93952.1,5728497.29,92559.25,93760.5,96225.25,0.7
3672,9,215,11,75661.0,55550.0,75661.0,70216.9,39000338.089999996,69133.5,72110.5,75090.5,0.6
3672,11,238,13,75661.0,55550.0,75381.0,68840.0,37494201.2,64710.0,70312.0,74083.5,0.7
3673,9,224,11,103731.0,68473.0,103731.0,81734.9,79634109.28999999,76369.0,80932.0,84532.75,0.6
3674,9,164,11,109096.0,76079.0,109096.0,85321.1,95158411.09,79105.0,82063.5,84957.0,0.8
3674,11,192,13,109096.0,76079.0,87550.0,82117.0,14649099.2,79105.0,82063.5,84957.0,0.8
3675,9,174,11,86496.0,77069.0,94367.0,87092.0,43006537.0,80781.75,88846.5,92795.25,0.6
3675,11,210,13,86496.0,77069.0,93255.0,85946.1,32160353.689999998,80781.75,87031.0,90732.5,0.8
3676,9,210,11,65778.0,34534.0,65778.0,48347.9,92712675.48999998,39940.5,51048.0,54667.75,0.9
3677,9,193,11,93232.0,73216.0,95329.0,89738.6,40340308.239999995,88453.75,92733.0,93370.0,0.9
3678,9,217,11,90470.0,50691.0,90470.0,64728.9,138909887.29000002,58518.25,63279.5,64149.5,0.8
3678,11,248,13,90470.0,50691.0,65747.0,60646.3,27059514.810000002,58518.25,63279.5,64149.5,1.0
3679,9,192,11,94781.0,65473.0,94781.0,77764.3,61058884.010000005,72578.5,77949.0,80155.5,0.9
3681,9,171,11,59987.0,49210.0,59987.0,54819.7,20447260.409999996,50441.0,54167.0,59811.25,0.6
3681,11,204,13,59987.0,46375.0,59865.0,53169.4,20033022.44,50181.75,51257.5,56947.0,0.8
3681,13,245,15,59987.0,46375.0,58016.0,52749.8,15231652.76,50181.75,51257.5,56947.0,0.8
3682,9,151,11,147975.0,80134.0,147975.0,101797.1,421933296.29,87240.0,92299.5,112918.25,0.6
3682,11,172,13,147975.0,80134.0,115421.0,94196.4,100639001.84,87240.0,92299.5,98675.0,0.8
3682,13,209,15,147975.0,80134.0,99892.0,92016.4,43950670.24,87240.0,92299.5,98675.0,0.8
3683,9,209,11,86250.0,64240.0,86250.0,75417.7,29673396.01,72711.25,74873.5,78129.25,0.9
3684,9,201,11,99227.0,66532.0,99227.0,80044.1,69447859.28999999,76158.0,80421.5,82575.25,0.8
3684,11,242,13,99227.0,66532.0,84167.0,78278.6,29765951.640000004,76158.0,80421.5,81596.0,0.9
3686,9,194,11,103986.0,84915.0,103986.0,95570.9,25951047.490000002,94183.5,96960.0,98095.5,0.4
3686,11,230,13,103986.0,84915.0,98138.0,93764.3,19283098.01,90014.25,95722.0,97033.0,0.6
3687,9,198,11,90175.0,65142.0,90175.0,80682.0,70153523.8,77390.5,84256.5,86774.75,0.9
3689,9,187,11,85574.0,74385.0,86796.0,81775.8,21804005.16,77864.25,83822.5,85670.0,0.8
3690,9,196,11,119152.0,62262.0,119152.0,86642.1,180317545.69,82344.75,86580.0,89061.5,0.9
3692,9,191,11,73637.0,67681.0,73637.0,70204.4,3454340.6399999997,68820.75,70175.5,71381.0,0.7
3693,9,198,11,87015.0,66988.0,87015.0,77825.5,21874737.05,76309.0,78755.5,79069.0,0.4
3693,11,242,13,87015.0,66988.0,79075.0,76891.0,12500709.8,76226.0,78413.5,78958.75,0.5
3694,9,172,11,114927.0,87886.0,114927.0,105222.8,84433842.36000001,98595.0,110149.5,112489.5,0.9
3695,9,195,11,91176.0,76720.0,91176.0,85314.9,23721955.089999996,80921.25,86935.5,89159.25,0.7
3696,9,216,11,93562.0,72627.0,93562.0,83541.6,25144901.24,81691.5,83014.0,85863.5,0.1
3696,11,259,13,93562.0,72627.0,86139.0,81582.1,12375855.489999998,81617.0,81803.5,83301.0,0.2
3696,13,285,15,93562.0,71039.0,83588.0,79040.9,18465668.689999998,75827.0,81625.0,81823.25,0.4
3696,15,319,17,93562.0,71039.0,81951.0,78226.4,16392652.639999997,75026.75,80371.0,81733.25,0.5
3696,17,367,19,93562.0,71039.0,81764.0,77469.5,13354590.05,75026.75,78089.5,81001.5,0.7
3697,9,224,11,108840.0,74331.0,108840.0,89232.2,77902347.16,84924.75,89869.0,91837.25,0.7
3697,11,272,13,108840.0,74331.0,92105.0,85608.0,43386595.2,80568.0,88326.5,91419.25,0.8
3698,9,179,11,86313.0,76040.0,91580.0,85079.8,17751316.16,83227.75,85323.0,86379.0,0.7
3698,11,212,13,86313.0,76040.0,86874.0,83969.3,9323499.61,83227.75,84392.5,86313.0,0.9
3700,9,216,11,115959.0,81175.0,115959.0,92815.4,76609216.04,88824.5,89918.0,94486.5,0.6
3700,11,260,13,115959.0,81175.0,95063.0,89701.0,11925130.6,88824.5,89918.0,91198.5,0.6
3701,9,190,11,145862.0,74784.0,145862.0,95090.0,458337549.2,82815.25,90013.5,90683.75,0.8
3701,11,226,13,145862.0,74784.0,92296.0,86475.4,43188149.239999995,82815.25,90013.5,90683.75,1.0
3702,9,253,11,86147.0,71151.0,86147.0,78938.7,16227451.01,76882.75,79024.0,80517.25,0.5
3702,11,297,13,86147.0,71151.0,80876.0,77406.9,8524499.89,75292.75,78867.0,79362.0,0.6
3702,13,334,15,86147.0,71151.0,79441.0,76708.5,7179103.25,74791.75,77525.5,79074.5,0.7
3703,9,169,11,115245.0,65591.0,115245.0,81949.8,156814943.35999998,75186.25,80818.0,82730.75,0.8
3703,11,216,13,115245.0,65591.0,83526.0,78146.9,29111516.889999997,75186.25,80720.5,81601.0,1.0
3704,9,149,11,98264.0,74481.0,98264.0,85114.8,57358053.35999999,79083.5,84644.0,90627.75,0.9
3705,9,180,11,66467.0,62691.0,75536.0,69422.2,20377443.560000002,66004.25,68272.0,73795.0,0.9
3706,9,237,11,113235.0,90564.0,113235.0,101116.2,32746285.959999997,97996.5,101160.0,103521.75,0.6
3706,11,272,13,113235.0,90564.0,103611.0,99561.4,14364841.839999998,97996.5,100159.0,102382.0,0.8
3707,9,179,11,126736.0,96037.0,126736.0,107321.6,107331051.64,99629.0,105100.0,107542.0,0.8
3707,11,214,13,126736.0,87924.0,110106.0,101777.4,39611089.440000005,98528.5,103218.5,106275.75,0.9
3709,9,215,11,105758.0,76657.0,105758.0,85467.5,65383490.25,79372.25,84037.0,87975.75,0.8
3709,11,238,13,105758.0,76657.0,89117.0,83209.1,17784478.89,79372.25,83722.0,86642.75,0.9
3710,9,250,11,66965.0,53460.0,66965.0,61693.2,20085328.96,58300.25,63442.0,64252.75,0.8
3711,9,238,11,121496.0,71566.0,121496.0,95572.1,137432159.89000002,93409.75,95812.5,98519.25,0.5
3711,11,283,13,121496.0,71566.0,98799.0,92480.2,58928509.56,93146.25,95359.0,96344.0,0.6
3711,13,323,15,121496.0,71566.0,96401.0,91396.8,52311256.56,90955.0,94739.0,95414.5,0.8
3712,9,186,11,83726.0,69043.0,83726.0,79492.7,20097300.01,76972.5,81871.0,82223.25,0.9
3713,9,218,11,95621.0,81868.0,104028.0,95510.8,54881664.160000004,95621.0,96130.5,101574.75,0.5
3713,11,261,13,95621.0,81868.0,103001.0,93713.0,38908156.4,94374.5,95621.0,96152.75,0.7
3714,9,219,11,110132.0,82063.0,110132.0,94529.1,53048215.690000005,92020.0,95924.5,96852.5,0.6
3714,11,256,13,110132.0,82063.0,96956.0,92287.4,28321143.839999996,88532.75,95288.0,96584.0,0.7
3714,13,289,15,110132.0,82063.0,96647.0,90320.1,27465079.49,85390.0,90610.5,95371.0,0.9
3715,9,174,11,120198.0,115333.0,128897.0,121911.7,20652991.21,119718.0,120642.0,125749.75,0.4
3716,9,177,11,130438.0,111076.0,130438.0,121923.1,45343915.690000005,115503.5,123369.5,128074.0,0.5
3716,11,191,13,130438.0,111076.0,128266.0,119470.4,31767593.639999997,115393.0,117526.0,124609.75,0.7
3716,13,220,15,130438.0,111076.0,125850.0,117229.9,14633569.89,114908.0,117246.0,118101.75,0.9
3717,9,187,11,123385.0,63180.0,123385.0,77785.4,298156255.64,69638.0,70912.5,78331.25,0.8
3717,11,213,13,123385.0,63180.0,81471.0,72307.9,38887056.49,69638.0,70912.5,78331.25,1.0
3718,9,163,11,112797.0,72796.0,112797.0,84269.3,111940790.21,77726.25,82788.0,86030.25,0.7
3719,9,159,11,87576.0,71921.0,87576.0,79720.8,20015289.160000004,77699.25,80195.0,82704.0,0.6
3720,9,226,11,122467.0,82890.0,122467.0,98815.4,176305194.24,89767.0,93539.0,107956.25,0.7
3720,11,259,13,122467.0,82890.0,109360.0,95574.8,77725149.96000001,89767.0,93539.0,103739.25,0.8
3721,9,221,11,145687.0,87572.0,145687.0,111397.3,304748859.21,99481.75,107146.0,117183.5,0.5
3721,11,257,13,145687.0,87572.0,119115.0,103244.7,67054013.210000016,99481.75,101367.0,108559.0,0.7
3721,13,296,15,145687.0,87572.0,109972.0,100806.7,29364520.609999996,99481.75,101367.0,103352.0,0.9
3722,9,208,11,100210.0,73569.0,100210.0,78532.8,54842512.96,75276.5,76173.0,77085.75,0.8
3723,9,224,11,83658.0,55743.0,83658.0,69076.6,47485715.440000005,66051.75,70068.0,71452.5,0.6
3724,9,222,11,123798.0,80971.0,123798.0,97634.2,166938229.16000003,89575.5,94748.0,100447.75,0.8
3724,11,255,13,123798.0,80971.0,100922.0,93421.2,45410686.96,89575.5,94133.0,99738.0,0.9
3725,9,181,11,107808.0,86057.0,107808.0,94644.6,54374877.44000001,89898.25,91747.0,97643.5,0.6
3725,11,209,13,107808.0,86057.0,98275.0,91889.5,12758446.25,89898.25,91747.0,94520.5,0.7
3725,13,238,15,107808.0,86057.0,95066.0,91066.2,6943906.76,89898.25,91747.0,92620.0,0.9
3726,9,204,11,68977.0,48590.0,68977.0,56272.5,45401855.05,51977.25,53713.5,58190.0,0.7
3726,11,251,13,68977.0,48590.0,59273.0,53706.0,8197614.4,51977.25,53713.5,55093.25,0.9
3727,9,217,11,69341.0,42267.0,69341.0,50715.6,48360756.839999996,47896.5,49340.5,51975.0,0.9
3728,9,206,11,106938.0,69470.0,106938.0,89312.1,86219342.69000001,88116.75,90665.5,93201.5,0.6
3728,11,251,13,106938.0,69470.0,93339.0,87162.0,51842750.0,86194.25,88658.0,92884.75,0.7
3728,13,282,15,106938.0,69470.0,93128.0,86911.1,49090859.09,86194.25,88658.0,91977.25,0.8
3729,9,220,11,107948.0,78147.0,107948.0,88457.6,88935552.84,80351.75,86375.0,94425.0,0.5
3729,11,255,13,107948.0,78147.0,95315.0,84998.6,34038322.64,80351.75,81962.5,90508.75,0.7
3730,9,194,11,118908.0,79772.0,118908.0,88572.0,117134662.6,82417.0,84802.5,90419.25,0.6
3730,11,220,13,118908.0,78437.0,91440.0,83354.0,13716959.2,80590.75,82624.0,84846.25,0.8
3731,9,162,11,118312.0,60486.0,118312.0,87895.6,215337549.24,80845.0,87480.5,95399.75,0.8
3732,9,188,11,117317.0,85039.0,117317.0,101840.0,114069690.8,97580.75,101779.0,107600.5,0.8
3732,11,219,13,117317.0,85039.0,110686.0,100373.0,77731014.8,97580.75,101779.0,107600.5,1.0
3734,9,203,11,69358.0,60016.0,76126.0,67825.4,19498794.040000003,65012.0,68524.0,69358.0,0.8
3735,9,213,11,75970.0,60108.0,75970.0,67935.9,18235451.29,66068.25,68164.0,70266.25,0.6
3735,11,264,13,75970.0,60108.0,70864.0,66677.1,10943582.09,64578.25,68035.0,68412.0,0.7
3736,9,244,11,113042.0,71482.0,113042.0,82652.3,145265671.61,77140.0,78346.5,81782.75,0.8
3736,11,281,13,113042.0,71482.0,83265.0,77807.9,13796853.690000001,77121.75,77640.0,80368.0,0.9
3737,9,228,11,72759.0,62213.0,72759.0,67141.5,18124556.85,63228.25,65533.0,71638.25,0.6
3737,11,264,13,72759.0,62213.0,71765.0,66628.9,13450975.89,63228.25,65533.0,70403.5,0.7
3737,13,298,15,72759.0,62213.0,70611.0,65893.8,8696868.16,63228.25,65422.5,68478.25,0.9
3738,9,156,11,98821.0,73709.0,98821.0,84199.2,50069468.36,78815.5,85426.0,88297.75,0.7
3741,9,234,11,76429.0,66455.0,76629.0,72678.6,11866330.64,69730.75,73011.5,76082.25,0.7
3741,11,271,13,76429.0,66455.0,76429.0,72486.9,10541964.889999999,69730.75,73011.5,75299.25,0.9
3742,9,229,11,89747.0,66842.0,90152.0,84047.9,40561248.690000005,83607.5,84510.0,88704.5,0.7
3742,11,265,13,89747.0,66842.0,89747.0,83194.6,33429985.439999998,83607.5,84510.0,85497.25,0.9
3743,9,215,11,100130.0,76276.0,100130.0,90056.2,51768338.56,85179.75,92333.0,95036.5,0.3
3743,11,259,13,100130.0,76276.0,95151.0,88641.9,36546852.29,85179.75,90074.0,93900.25,0.3
3743,13,309,15,100130.0,76276.0,94625.0,87183.9,28099528.490000002,84155.5,89575.0,90215.75,0.4
3744,9,230,11,93749.0,83052.0,96430.0,92050.9,13141096.29,91638.0,92739.0,94466.75,0.8
3745,9,214,11,97959.0,72628.0,97959.0,89788.8,44232574.36,87803.0,91418.0,93831.5,0.6
3745,11,258,13,97959.0,72628.0,94192.0,87703.5,41600671.05,86101.75,90484.0,92032.0,0.8
3745,13,284,15,97959.0,72628.0,92750.0,86878.1,37021021.69,85821.75,88548.0,91662.0,0.9
3746,9,176,11,89168.0,64088.0,89168.0,76499.4,72018462.03999999,69471.25,76712.5,84298.25,0.9
3747,9,195,11,89877.0,56472.0,89877.0,71064.1,76207711.28999999,67793.5,69734.5,74946.25,0.8
3747,11,222,13,89877.0,56472.0,75478.0,68906.7,33134783.21,67793.5,69627.0,73457.5,1.0
3748,9,167,11,141054.0,86461.0,141054.0,112014.8,194008582.95999998,104894.5,110563.0,117240.0,0.6
3748,11,181,13,141054.0,86461.0,117364.0,108502.4,83558337.44,104894.5,110563.0,115769.75,0.7
3750,9,204,11,75088.0,69112.0,81279.0,75634.6,13332011.84,73870.0,75576.0,78468.0,0.3
3751,9,210,11,91256.0,41732.0,91256.0,54175.9,207238126.09,44822.75,48842.0,56260.75,0.8
3751,11,241,13,91256.0,41732.0,59538.0,50050.8,38605023.16,44822.75,48842.0,56260.75,1.0
3752,9,218,11,85844.0,73244.0,91425.0,83999.6,30091179.04,81670.75,85844.0,87359.25,0.4
3752,11,261,13,85844.0,73244.0,89529.0,83694.4,26389639.84,81670.75,85844.0,87359.25,0.4
3752,13,309,15,85844.0,73244.0,87536.0,81774.4,24383591.839999996,77481.5,82812.0,85844.0,0.6
3752,15,353,17,85844.0,72711.0,85844.0,80084.8,24759050.96,75393.25,81793.5,84464.75,0.8
3752,17,387,19,85844.0,72711.0,85025.0,79725.4,21327308.240000002,75393.25,81793.5,83456.0,0.9
3754,9,210,11,125231.0,61506.0,125231.0,99303.8,283054993.75999993,96712.75,102684.5,104121.25,0.6
3754,11,246,13,125231.0,61506.0,106323.0,96245.3,183818138.81,96712.75,102684.5,104121.25,0.6
3755,9,196,11,116984.0,81997.0,116984.0,94752.6,83452032.23999998,89547.0,93774.5,98297.0,0.6
3756,9,146,11,68251.0,60286.0,76881.0,67564.8,32732490.560000002,61971.25,68251.0,71567.5,0.8
3756,11,158,13,68251.0,60286.0,75360.0,67345.0,29065262.8,61971.25,68251.0,71567.5,0.9
3757,9,227,11,80514.0,80514.0,104539.0,92192.0,64233746.6,85619.5,93176.0,96400.0,0.9
3758,9,238,11,77873.0,54928.0,77873.0,68694.5,67747332.65,62264.75,72459.0,74026.75,0.6
3758,11,279,13,77873.0,54928.0,74087.0,67021.7,55773790.60999999,60450.75,71303.0,73296.5,0.8
3759,9,186,11,123546.0,86452.0,123546.0,106122.0,112445090.4,99523.5,109192.5,111511.0,0.7
3760,9,198,11,99211.0,60398.0,99211.0,77896.4,126348159.03999999,70694.5,77738.5,82892.0,0.6
3760,11,221,13,99211.0,60398.0,83088.0,73645.6,48120997.44,70694.5,73972.0,79324.75,0.8
3760,13,234,15,99211.0,60398.0,80911.0,72801.2,35929905.76,70694.5,73972.0,76622.5,1.0
3761,9,213,11,88099.0,82204.0,93845.0,88332.5,13592516.05,86474.25,88099.0,90879.25,0.5
3762,9,207,11,79904.0,58956.0,79904.0,72597.7,37846568.61,69751.5,72866.0,77558.25,0.7
3762,11,255,13,79904.0,58956.0,78260.0,72143.7,32038605.01,69751.5,72866.0,77019.75,0.7
3763,9,204,11,107673.0,95818.0,113286.0,104352.4,23229383.639999997,102073.5,104382.5,107673.0,0.6
3763,11,244,13,107673.0,95818.0,107673.0,103152.4,12816324.04,102073.5,103824.0,105204.0,0.7
3764,9,209,11,57427.0,57292.0,77120.0,67523.7,82335824.41,57788.0,68379.5,76790.5,0.9
3765,9,252,11,81320.0,64347.0,81320.0,70864.1,21328768.09,68561.5,70375.0,73225.75,0.9
3766,9,196,11,95140.0,71224.0,95140.0,83957.4,50923192.839999996,78082.0,87125.5,87904.75,0.4
3766,11,219,13,95140.0,71224.0,88003.0,81442.1,34991710.49,76667.25,81932.0,87321.75,0.6
3766,13,236,15,95140.0,71224.0,87518.0,80940.1,29643097.690000005,76667.25,81932.0,85522.75,0.8
3767,9,180,11,97870.0,58937.0,97870.0,73982.9,99858256.89,69722.5,71018.5,73981.5,0.8
3767,11,222,13,97870.0,58937.0,74665.0,70586.2,19280030.96,69722.5,71018.5,73981.5,1.0
3768,9,192,11,88551.0,86941.0,103261.0,94722.8,32462002.759999998,89475.25,93290.0,99331.25,0.5
3768,11,219,13,88551.0,86941.0,101350.0,93813.4,22443572.84,89475.25,93290.0,98082.25,0.6
3768,13,237,15,88551.0,86832.0,99462.0,92361.6,19529810.24,88551.0,92423.0,95129.5,0.7
3770,9,240,11,97294.0,83328.0,97294.0,89054.8,16842316.360000003,86100.5,88315.0,91934.25,0.3
3770,11,288,13,97294.0,81089.0,92223.0,86944.6,10776238.440000001,84510.25,87568.0,88731.75,0.4
3770,13,321,15,97294.0,81089.0,91037.0,86075.1,8354817.289999999,83704.5,86583.0,87747.75,0.5
3770,15,362,17,97294.0,81089.0,87801.0,85215.8,4741993.96,83704.5,84934.0,87470.0,0.7
3771,9,247,11,103585.0,62737.0,103585.0,85992.9,127112319.09000003,81577.0,84337.0,91791.25,0.7
3771,11,286,13,103585.0,62737.0,93702.0,83159.1,62659597.089999996,81577.0,84337.0,87853.75,0.9
3773,9,207,11,52580.0,47394.0,56912.0,54041.4,7816153.44,52580.0,55006.5,56293.0,0.5
3773,11,242,13,52580.0,46459.0,56444.0,52407.6,10588680.839999998,51021.5,52580.0,55275.25,0.7
3774,9,190,11,101525.0,56293.0,101525.0,78339.8,117607313.55999999,74608.5,77062.5,81890.25,0.7
3774,11,219,13,101525.0,56293.0,86245.0,76673.3,65326042.20999999,74608.5,77062.5,81890.25,0.7
3775,9,189,11,99208.0,86478.0,99208.0,94361.1,13383787.69,92459.25,95299.0,96945.25,0.9
3776,9,233,11,94076.0,73534.0,94076.0,82457.5,30663443.65,79323.5,82929.5,84944.0,0.6
3776,11,273,13,94076.0,73534.0,86048.0,81377.3,16064324.610000003,79323.5,82890.0,84454.0,0.7
3778,9,156,11,98033.0,55082.0,98033.0,78202.6,136050863.44,76747.0,81035.5,83556.5,0.8
3778,11,187,13,98033.0,55082.0,85468.0,76577.6,94721339.44,76747.0,81035.5,82445.75,1.0
3779,9,165,11,100704.0,62417.0,100704.0,87005.7,98727819.41,83580.75,87594.5,91831.5,0.6
3779,11,206,13,100704.0,62417.0,92293.0,84498.9,68536925.09,83399.25,85233.5,90483.0,0.7
3783,9,231,11,93151.0,55357.0,93151.0,66982.4,157126909.64000002,57435.75,61545.5,75760.75,0.7
3783,11,266,13,93151.0,55101.0,79977.0,61716.8,51228037.56,57025.5,59615.0,62960.25,0.9
3784,9,120,11,102916.0,79128.0,102916.0,94188.5,52052463.05,91569.0,96921.5,99212.75,0.8
3785,9,237,11,93137.0,79461.0,93137.0,86521.1,24899717.49,82240.25,85194.0,92054.25,0.7
3786,9,195,11,112531.0,76594.0,112531.0,89765.8,117063078.76000002,82424.5,85408.0,94265.75,0.6
3786,11,238,13,112531.0,76594.0,95673.0,85107.3,23631744.609999996,82424.5,85124.5,85905.0,0.8
3786,13,264,15,112531.0,76594.0,86738.0,83817.7,8729291.41,82424.5,85124.5,85905.0,0.8
3787,9,239,11,108636.0,67592.0,108636.0,81662.1,144306334.69,74805.0,76509.5,82123.0,0.8
3787,11,274,13,108636.0,67592.0,88852.0,78065.9,32593157.889999997,74805.0,76509.5,82123.0,0.9
3788,9,149,11,127513.0,97417.0,127513.0,111258.2,68546224.36,106903.5,110515.0,116243.5,0.4
3788,11,177,13,127513.0,97417.0,117247.0,107301.1,31532438.689999998,103122.5,107144.0,111316.0,0.6
3788,13,225,15,127513.0,97417.0,112117.0,106369.6,19574323.64,103122.5,107144.0,109480.0,0.6
3789,9,213,11,149893.0,76231.0,149893.0,104781.4,351634853.23999995,97490.0,103523.5,109971.0,0.9
3791,9,184,11,131915.0,103584.0,131915.0,120048.3,70024362.60999998,114422.0,121701.5,126581.5,0.8
3794,9,197,11,79741.0,73625.0,83198.0,80245.6,6847285.640000001,79741.0,80373.0,81960.75,0.5
3794,11,221,13,79741.0,73625.0,82665.0,80092.4,6079776.64,79741.0,80373.0,81912.0,0.5
3794,13,247,15,79741.0,68565.0,82037.0,77693.6,18754872.64,74901.25,79741.0,80525.0,0.7
3794,15,291,17,79741.0,68565.0,80677.0,77274.6,16021416.240000004,74901.25,79622.5,79845.25,0.9
3795,9,202,11,104081.0,66495.0,104081.0,86980.7,118016197.60999998,79176.75,91517.5,92625.5,0.9
3796,9,207,11,95292.0,81948.0,95292.0,89963.4,19497644.839999996,86641.75,89914.0,94158.0,0.8
3797,9,168,11,75920.0,57556.0,75920.0,64087.5,25414898.45,61143.0,63282.0,66433.5,0.9
3797,11,190,13,75920.0,57556.0,67367.0,63154.6,11170541.639999999,61143.0,63282.0,66336.0,1.0
3798,9,222,11,117950.0,83702.0,117950.0,96907.8,96196414.55999999,90044.5,96103.5,102827.5,0.6
3798,11,265,13,117950.0,83702.0,104443.0,94478.8,40903099.160000004,90044.5,96103.5,98391.25,0.6
3799,9,198,11,69527.0,66041.0,73443.0,69650.2,5859879.16,67621.75,69527.0,71892.75,0.8
3800,9,223,11,91603.0,75539.0,94255.0,85174.0,33905120.4,82438.25,84815.5,90391.5,0.7
3800,11,263,13,91603.0,75539.0,91603.0,84127.5,21731249.65,82438.25,84815.5,87179.25,0.8
3801,9,187,11,106046.0,68681.0,106046.0,82636.3,90533942.01000002,80114.0,81309.5,85581.0,0.6
3801,11,223,13,106046.0,68681.0,85673.0,79778.0,26672010.6,80114.0,80952.5,82161.5,0.8
3801,13,252,15,106046.0,68681.0,84860.0,79467.1,23672084.89,80114.0,80952.5,82161.5,1.0
3802,9,171,11,71063.0,41521.0,71063.0,54568.5,77416963.05,45836.75,58136.5,58862.5,0.9
3804,9,240,11,84989.0,79821.0,86927.0,84011.6,3398614.04,83044.25,84196.0,84989.0,0.7
3807,9,211,11,72573.0,51849.0,72573.0,62631.0,25293818.4,60870.25,63257.5,64872.0,0.7
3808,9,248,11,95533.0,56170.0,95533.0,77312.2,99245080.35999998,73357.5,79185.5,81482.0,0.8
3809,9,228,11,91128.0,61568.0,91128.0,71658.6,52536137.24,68444.75,70731.5,72408.75,0.9
3810,9,218,11,131872.0,74516.0,131872.0,90822.3,302299394.60999995,77862.25,83657.5,99877.5,0.6
3810,11,245,13,131872.0,74516.0,101874.0,84132.4,66680145.04,77862.25,83657.5,86400.75,0.8
3810,13,297,15,131872.0,74516.0,87169.0,81296.8,20085415.56,77862.25,81749.0,85131.75,1.0
3811,9,248,11,79959.0,68593.0,79959.0,75990.2,10763312.16,74381.5,76391.5,78529.25,0.8
3811,11,271,13,79959.0,68593.0,79345.0,75718.2,9107557.760000002,74381.5,76391.5,77610.5,1.0
3812,9,209,11,87982.0,69098.0,87982.0,78863.3,26045120.81,77806.75,79753.5,81299.0,0.8
3814,9,246,11,103933.0,79248.0,103933.0,90524.9,36267917.89,88740.0,90904.5,92203.0,0.3
3814,11,281,13,103933.0,79248.0,92361.0,88126.9,17267902.290000003,85343.0,90191.5,90917.25,0.5
3814,13,325,15,103933.0,66702.0,90930.0,85433.1,53363384.49,83445.5,89157.5,90410.25,0.6
3814,15,357,17,103933.0,66702.0,90450.0,83943.6,46959914.84,81681.0,85050.0,89624.75,0.8
3816,9,229,11,120743.0,61219.0,120743.0,77745.3,285636879.61,64630.5,74590.0,82037.5,0.7
3816,11,271,13,120743.0,61219.0,84025.0,72172.5,55421877.05,64630.5,74590.0,77035.0,0.8
3817,9,235,11,96154.0,70386.0,96154.0,83517.7,39481111.20999999,82253.0,83590.5,85561.5,0.3
3817,11,275,13,96154.0,70386.0,85995.0,81315.3,18823626.81,79532.25,83345.0,83741.75,0.4
3817,13,320,15,96154.0,70386.0,83821.0,80431.9,15880338.690000001,78699.25,82316.0,83352.5,0.6
3819,9,220,11,96006.0,82656.0,99368.0,92672.9,21423494.29,90223.75,93515.5,96006.0,0.6
3819,11,257,13,96006.0,82656.0,96006.0,91383.9,14041186.689999998,90223.75,91527.5,93931.25,0.8
3820,9,212,11,93169.0,73189.0,93169.0,86798.4,35138528.44,84114.25,88867.5,90819.5,0.7
3820,11,262,13,93169.0,73189.0,92184.0,86587.5,32813053.05,84114.25,88867.5,90819.5,0.7
3820,13,305,15,93169.0,73189.0,90871.0,85608.1,27849724.889999997,83641.0,87045.5,89701.25,0.9
3821,9,192,11,121580.0,86160.0,121580.0,100728.4,167374126.24,93043.5,95559.0,112486.0,0.7
3821,11,221,13,121580.0,86160.0,117353.0,96634.6,69386150.64,93043.5,95559.0,99500.5,0.9
3822,9,218,11,113374.0,74062.0,113374.0,89820.3,131970229.60999998,82253.75,88116.5,95443.25,0.7
3822,11,262,13,113374.0,74062.0,96495.0,85817.7,47665511.21,81954.0,85353.5,91794.5,0.9
3822,13,299,15,113374.0,74062.0,93105.0,85478.7,41460590.809999995,81954.0,85353.5,91794.5,0.9
3823,9,207,11,142211.0,97697.0,142211.0,107580.8,151207095.36,101180.25,102814.0,108403.75,0.7
3823,11,230,13,142211.0,97697.0,108706.0,103037.3,12796881.61,100862.25,102566.5,106356.75,0.9
3824,9,248,11,105312.0,68164.0,105312.0,89624.3,131282144.21000001,81956.0,87522.5,99802.25,0.7
3824,11,276,13,105312.0,68164.0,101716.0,87780.4,87209983.44000001,81956.0,87522.5,94871.0,0.8
3824,13,305,15,105312.0,68164.0,98758.0,87484.6,79753161.24,81956.0,87522.5,94871.0,0.8
3825,9,196,11,124308.0,76555.0,124308.0,99917.3,176355575.21,90865.75,99941.0,107253.5,0.7
3825,11,234,13,124308.0,76555.0,108155.0,97177.6,94886969.64,90865.75,99941.0,105260.0,0.7
3825,13,260,15,124308.0,76555.0,105497.0,95107.0,80672438.4,89286.5,97956.0,102695.75,0.9
3826,9,223,11,99656.0,65781.0,99656.0,80429.9,85089523.49,75530.25,79516.0,85579.25,0.9
3828,9,185,11,90603.0,77968.0,96282.0,88852.2,27297661.560000002,87101.75,90038.5,90603.0,0.4
3829,9,203,11,101433.0,77599.0,101433.0,90357.8,66205540.55999999,85222.0,89804.0,98344.0,0.6
3829,11,236,13,101433.0,73868.0,100210.0,86620.7,56201468.81,80846.0,87801.5,91008.25,0.7
3830,9,142,11,101145.0,71390.0,101145.0,82357.5,68550729.45,76017.75,83343.5,85065.25,0.8
3830,11,182,13,101145.0,71390.0,85523.0,80293.8,27276545.160000004,76017.75,83300.5,83650.0,1.0
3831,9,225,11,106899.0,70614.0,106899.0,79889.4,108872887.04,73125.75,75755.0,83197.75,0.6
3831,11,250,13,106899.0,68066.0,84495.0,74683.9,19964058.49,72209.75,73682.0,76869.75,0.8
3832,9,215,11,87790.0,69300.0,87790.0,78885.2,38576877.760000005,73622.5,77958.5,83610.5,0.5
3832,11,252,13,87790.0,69300.0,83644.0,77181.4,20032699.240000002,73622.5,77327.0,79902.25,0.5
3833,9,187,11,89804.0,76059.0,93850.0,88876.2,21187721.96,89451.5,89797.5,90865.25,0.7
3834,9,245,11,78452.0,68084.0,78452.0,74343.1,12471998.289999997,71601.25,74857.5,77107.25,0.4
3835,9,229,11,106339.0,69415.0,106339.0,86982.9,104816027.69,78630.25,90121.0,91327.5,0.8
3835,11,273,13,106339.0,69415.0,93501.0,85636.8,69007919.76,78630.25,90121.0,91327.5,1.0
3836,9,167,11,143392.0,66398.0,143392.0,90049.3,380797279.01000005,82112.0,84646.0,93141.75,0.6
3836,11,202,13,143392.0,66398.0,95091.0,83473.4,50557891.64,82112.0,84646.0,87119.75,0.8
3837,9,223,11,88217.0,79545.0,90513.0,86116.7,14790595.810000002,83041.25,87262.5,89555.0,0.7
3838,9,181,11,63611.0,50425.0,67007.0,62173.4,21169534.44,62012.25,63611.0,64381.5,0.9
3839,9,170,11,74948.0,63388.0,74948.0,69799.2,7800474.56,68764.0,70448.0,70773.5,0.8
3840,9,195,11,97799.0,53044.0,97799.0,75477.4,142561034.44,69236.0,74452.5,78926.25,0.7
3840,11,241,13,97799.0,53044.0,79582.0,72011.3,54705427.60999999,69236.0,74452.5,77115.0,0.9
3841,9,184,11,136023.0,72247.0,136023.0,91846.0,440919941.2,78498.0,83617.0,92442.75,0.7
3841,11,217,13,136023.0,72247.0,94319.0,83565.0,47303620.2,78498.0,83617.0,89279.25,0.9
3843,9,220,11,110678.0,85539.0,110678.0,99191.9,47716653.690000005,96598.5,98509.5,99483.75,0.2
3843,11,249,13,110678.0,74648.0,99487.0,93710.4,56851409.64,92834.75,96692.0,98818.25,0.4
3843,13,276,15,110678.0,74648.0,99127.0,91787.6,49487782.44,89650.75,93776.5,96785.5,0.6
3843,15,327,17,110678.0,74648.0,96958.0,91280.2,43814198.160000004,89650.75,93440.0,96293.75,0.7
3844,9,194,11,97462.0,77899.0,97462.0,88199.6,39778884.84,83123.5,88526.5,92760.0,0.5
3844,11,229,13,97462.0,73738.0,93464.0,85008.4,34636821.64,81170.5,86512.0,89390.75,0.6
3845,9,234,11,80213.0,52459.0,80213.0,64547.1,59385801.889999986,60341.75,65723.5,67793.5,0.7
3846,9,179,11,117286.0,49842.0,117286.0,84518.2,278247328.56000006,82867.5,86530.0,89601.25,0.9
3849,9,213,11,72854.0,64734.0,72955.0,69289.4,8016077.24,66787.0,69165.0,72305.25,0.7
3850,9,203,11,103696.0,68315.0,103696.0,77925.1,92854730.09,71748.0,75223.5,80402.25,0.5
3850,11,242,13,103696.0,68315.0,80867.0,73626.8,16004810.760000002,71201.25,72641.5,76420.75,0.7
3850,13,283,15,103696.0,68315.0,77146.0,72500.7,6729134.209999999,71201.25,72641.5,74152.0,0.8
3852,9,216,11,78041.0,73740.0,79511.0,77308.7,3694324.41,76173.0,78041.0,78487.25,0.9
3853,9,169,11,106417.0,87651.0,109856.0,104700.4,37839062.839999996,103698.25,106626.0,108244.5,0.8
3854,9,246,11,123723.0,82533.0,123723.0,93012.3,118231785.21,87178.75,91537.0,92163.5,0.8
3854,11,286,13,123723.0,82533.0,93231.0,89592.7,11416500.01,87178.75,91537.0,92163.5,0.9
3855,9,241,11,69959.0,44111.0,69959.0,53055.8,43180001.56,49656.5,51719.0,54647.0,0.8
3856,9,158,11,77686.0,65552.0,77686.0,71016.6,9763396.84,69713.0,70556.5,72578.5,0.8
3859,9,151,11,98140.0,79091.0,101584.0,94710.4,54471940.64,90396.75,98140.0,99815.25,0.6
3859,11,188,13,98140.0,79091.0,100440.0,94389.2,50984864.96,90396.75,98140.0,98883.5,0.7
3860,9,193,11,95099.0,76493.0,95099.0,84508.5,31261946.65,80166.0,85124.0,87782.5,0.8
3861,9,190,11,101195.0,86843.0,105724.0,98540.5,26939301.05,95924.25,100490.5,101812.25,0.6
3861,11,229,13,101195.0,86843.0,102018.0,96946.2,19992470.759999998,94171.0,97938.5,100842.75,0.8
3861,13,267,15,101195.0,86843.0,101195.0,95745.2,17141309.759999998,93457.0,96408.5,99034.0,1.0
3862,9,193,11,124386.0,64113.0,124386.0,79706.7,274886123.40999997,70577.25,74725.5,77239.0,0.8
3862,11,212,13,124386.0,64113.0,77955.0,73481.0,18368238.6,70577.25,74725.5,77239.0,1.0
3863,9,197,11,117603.0,72710.0,117603.0,92434.5,112279505.45,89348.0,91443.0,94624.25,0.7
3864,9,214,11,66285.0,54269.0,66285.0,59504.4,9567095.639999999,57898.75,58713.5,61333.75,0.9
3866,9,209,11,102105.0,74931.0,102105.0,87238.0,69557938.4,82910.5,85488.5,89573.5,0.8
3866,11,242,13,102105.0,74931.0,91632.0,85079.7,26853866.209999997,82910.5,85488.5,89573.5,0.9
3867,9,194,11,93116.0,74236.0,99133.0,89223.5,71533908.45,82135.5,93116.0,95769.0,0.7
3867,11,236,13,93116.0,74236.0,96590.0,88784.8,64210377.15999999,82135.5,93116.0,95310.0,0.9
3868,9,198,11,91352.0,63615.0,91352.0,75624.9,54568617.89,73863.5,75049.0,77790.0,0.9
3869,9,167,11,122354.0,95164.0,122354.0,108955.7,70115290.41,101365.75,110667.5,114108.25,0.5
3869,11,205,13,122354.0,95164.0,115393.0,106572.4,47626756.44,99780.75,108914.5,111404.25,0.6
3870,9,226,11,75938.0,58798.0,75938.0,68931.4,21091765.44,66900.0,69062.5,72404.75,0.9
3871,9,216,11,137602.0,78141.0,137602.0,104275.0,313819263.4,93485.75,99572.0,114488.25,0.4
3871,11,252,13,137602.0,78141.0,115179.0,95143.0,130162563.4,86034.25,94273.5,100738.0,0.6
3871,13,293,15,137602.0,78141.0,101904.0,90465.7,42918818.61,86034.25,90411.0,95061.25,0.8
3871,15,338,17,137602.0,78141.0,96083.0,89487.4,28235472.04,86034.25,90411.0,93133.0,0.9
3872,9,178,11,87728.0,81093.0,90586.0,86723.1,7470340.290000001,84940.5,87728.0,88543.25,0.7
3873,9,177,11,91769.0,64627.0,91769.0,74561.1,42593887.69,72150.5,73559.5,75571.5,0.9
3874,9,208,11,107282.0,87875.0,117066.0,103854.4,99833392.24,97237.5,105547.5,112425.5,0.6
3874,11,234,13,107282.0,87875.0,114140.0,102262.5,70827846.05,97237.5,105464.5,107282.0,0.7
3875,9,216,11,88431.0,68440.0,88431.0,75801.4,28191457.840000004,72998.25,74009.0,77974.5,0.8
3877,9,200,11,86908.0,83772.0,94840.0,89389.1,11966670.690000001,86949.75,88293.0,92614.5,0.1
3877,11,248,13,86908.0,83627.0,93262.0,87431.6,7985605.039999999,85856.5,86991.5,88744.0,0.3
3877,13,295,15,86908.0,83627.0,89195.0,86274.4,2509968.8400000003,85670.75,86552.5,87033.25,0.5
3878,9,244,11,108880.0,76842.0,108880.0,89339.0,103114775.4,81981.75,88166.0,92042.0,0.7
3878,11,282,13,108880.0,76842.0,92647.0,86470.2,34307586.760000005,81981.75,88166.0,92042.0,0.7
3879,9,233,11,107073.0,55752.0,107073.0,80085.0,143817711.8,76797.5,78659.0,82965.75,0.6
3879,11,283,13,107073.0,55752.0,83455.0,76437.3,53335625.809999995,76797.5,77629.5,80189.5,0.8
3879,13,325,15,107073.0,55752.0,81154.0,76130.9,49827613.489999995,76797.5,77629.5,80189.5,1.0
3881,9,183,11,115036.0,69833.0,115036.0,92824.8,246040334.76000005,79272.5,93932.0,107757.0,0.5
3881,11,213,13,115036.0,69833.0,111954.0,86201.8,144608894.95999998,76631.25,84051.5,94537.5,0.7
3881,13,251,15,115036.0,69833.0,95143.0,83103.9,64938168.29,76631.25,83055.0,90684.5,0.9
3883,9,239,11,112155.0,83183.0,112155.0,90974.8,70046621.56,85077.0,88390.5,93320.5,0.4
3883,11,290,13,112155.0,83183.0,94625.0,86853.4,10904389.24,84368.5,85840.0,88591.75,0.6
3883,13,331,15,112155.0,83183.0,88793.0,85666.5,3023921.65,84368.5,85151.5,86781.0,0.8
3884,9,212,11,93065.0,82317.0,103090.0,94844.3,30897936.21,92603.0,94165.0,98447.75,0.8
3885,9,209,11,140840.0,89044.0,140840.0,116707.5,168169918.25,112800.0,115461.5,121697.75,0.5
3885,11,257,13,140840.0,89044.0,122368.0,111286.4,76488083.64,108356.75,112951.0,116533.75,0.7
3885,13,305,15,140840.0,89044.0,117606.0,109518.8,59077236.36,107969.0,110751.5,113301.0,0.9
3887,9,214,11,79979.0,69008.0,86256.0,78509.0,24119131.8,76258.5,79416.0,81587.0,0.6
3887,11,236,13,79979.0,69008.0,82123.0,77211.8,15990106.36,75371.5,78191.0,79979.0,0.8
3888,9,189,11,94348.0,83169.0,94348.0,89462.9,11041434.49,86922.25,90738.5,91436.25,0.8
3889,9,221,11,91963.0,73790.0,91963.0,83622.7,34251290.809999995,80859.0,84140.0,87491.75,0.8
3889,11,262,13,91963.0,73790.0,90689.0,83420.3,31243829.21,80859.0,84140.0,87491.75,0.9
3891,9,245,11,95205.0,79048.0,99050.0,91733.5,30333964.25,90152.5,91481.0,95205.0,0.6
3891,11,277,13,95205.0,79048.0,95205.0,90377.7,19440649.61,90152.5,91481.0,91667.25,0.6
3891,13,325,15,95205.0,79048.0,91747.0,89168.7,14953476.01,87595.75,91443.5,91601.5,0.7
3892,9,218,11,103970.0,82516.0,103970.0,91999.4,68558831.64,85340.0,87006.5,100143.75,0.6
3892,11,272,13,103970.0,82516.0,100491.0,89367.3,33255037.209999997,85340.0,87006.5,90816.25,0.6
3892,13,305,15,103970.0,82516.0,91664.0,86870.2,9804815.959999999,84617.75,86533.5,89949.75,0.7
3893,9,193,11,96678.0,79114.0,98983.0,92173.6,37304105.839999996,89225.75,93142.0,96678.0,0.7
3893,11,229,13,96678.0,79114.0,96678.0,91428.5,29516538.05,89225.75,93142.0,95492.75,0.9
3894,9,202,11,118061.0,47824.0,118061.0,72035.5,380162622.45,58698.0,67003.5,76968.0,0.7
3894,11,223,13,118061.0,47824.0,78496.0,64142.4,66724442.839999996,58698.0,64996.0,68594.25,0.9
3895,9,201,11,96972.0,57212.0,96972.0,78298.4,148275915.64000002,69346.75,76631.0,88385.25,0.6
3895,11,231,13,96972.0,57212.0,89409.0,76133.2,93879063.56000002,69346.75,76631.0,84443.25,0.7
3897,9,206,11,87125.0,45666.0,87125.0,57189.5,126757705.05,50705.0,54848.5,60028.75,0.9
3899,9,206,11,66829.0,41558.0,66829.0,51718.3,41667085.410000004,48286.5,52474.0,53479.75,0.8
3899,11,247,13,66829.0,38503.0,53678.0,48841.4,27828367.440000005,45188.5,51702.0,53206.25,0.9
3902,9,172,11,104336.0,66940.0,104336.0,87424.9,170750110.48999998,75010.0,94939.5,96460.25,0.7
3902,11,212,13,104336.0,66940.0,97367.0,84842.6,143425503.04000002,73696.5,89184.0,95344.0,0.8
3903,9,205,11,123998.0,92022.0,123998.0,105529.2,68500826.76,99780.0,105808.0,108932.5,0.5
3903,11,246,13,123998.0,92022.0,109722.0,103494.3,30603866.609999996,99512.75,104746.5,108109.25,0.6
3903,13,291,15,123998.0,83684.0,108532.0,98773.1,64919303.489999995,93387.5,100891.5,104760.75,0.8
3904,9,226,11,78539.0,53641.0,78539.0,67278.4,55854337.64,65144.25,68487.5,71525.75,0.8
3905,9,207,11,122891.0,88753.0,122891.0,99020.2,89322291.75999999,91364.0,99674.5,101442.25,0.5
3906,9,137,11,32776.0,13989.0,32776.0,24372.5,32954726.25,20421.25,24801.0,29062.75,0.9
3907,9,178,11,127535.0,77207.0,127535.0,99058.2,145273894.76000002,93643.0,99122.0,101483.75,0.5
3907,11,222,13,127535.0,77207.0,102608.0,96328.8,56053796.36,93643.0,99122.0,101483.75,0.5
3907,13,255,15,127535.0,77207.0,101582.0,93451.3,58139455.410000004,90756.25,95066.0,99597.0,0.7
3908,9,200,11,106881.0,94730.0,112657.0,107644.8,24706254.759999998,105966.75,108801.0,111081.75,0.7
3909,9,194,11,81526.0,54388.0,81526.0,64734.8,56401172.56,59752.5,63188.5,67686.0,0.8
3909,11,235,13,81526.0,54388.0,71088.0,63512.9,28190461.890000004,59752.5,63188.5,67686.0,0.8
3909,13,271,15,81526.0,54388.0,70244.0,62395.7,20874319.41,59427.0,62585.0,64526.5,0.9
3910,9,189,11,106395.0,60603.0,106395.0,77008.4,124347551.44000001,71783.0,76784.5,78491.5,0.9
3911,9,178,11,95340.0,63456.0,95340.0,74748.1,71248283.49,69991.75,71844.0,77144.5,0.7
3911,11,212,13,95340.0,63456.0,77427.0,71520.8,13861898.959999999,69991.75,71495.0,73026.5,0.9
3911,13,242,15,95340.0,63456.0,76297.0,71352.3,12127039.809999999,69991.75,71495.0,73026.5,1.0
3912,9,236,11,94473.0,69574.0,94473.0,79986.0,48311961.8,75807.0,79576.0,81970.5,0.8
3912,11,265,13,94473.0,69574.0,85298.0,78654.1,23262040.890000004,75807.0,79576.0,81970.5,1.0
3913,9,198,11,94263.0,69999.0,94263.0,85289.0,87561749.6,77209.5,90934.5,92113.5,0.9
3914,9,209,11,106686.0,67110.0,106686.0,87806.3,133844148.21,86511.5,87324.5,95665.25,0.7
3914,11,255,13,106686.0,67110.0,96268.0,85837.0,91717474.0,86511.5,87324.5,92523.75,0.8
3918,9,164,11,73536.0,60964.0,76462.0,68559.7,27652846.009999998,63621.0,69658.5,73008.75,0.7
3918,11,182,13,73536.0,60964.0,73536.0,66194.9,19501456.89,62020.25,65607.5,70014.75,0.9
3919,9,241,11,105518.0,58866.0,105518.0,76050.4,127262148.03999999,71510.5,75517.5,77741.5,0.8
3921,9,218,11,90984.0,64195.0,90984.0,79206.0,52873982.6,74356.75,80795.5,82787.75,0.6
3921,11,254,13,90984.0,64195.0,83701.0,78176.6,36620783.440000005,74356.75,80795.5,82787.75,0.6
3921,13,294,15,90984.0,64195.0,82960.0,77351.4,31024549.04,74212.5,79444.5,81071.0,0.8
3922,9,227,11,123704.0,110288.0,123704.0,118627.6,22329172.24,115266.0,120452.5,121972.75,0.3
3922,11,271,13,123704.0,108112.0,122023.0,115925.3,24968658.009999998,111648.25,116195.0,121105.25,0.5
3922,13,302,15,123704.0,108112.0,121758.0,115130.3,17970094.41,111648.25,116025.5,118149.0,0.6
3924,9,217,11,88837.0,59576.0,88837.0,75281.3,49889745.21,73136.25,76241.5,77645.0,0.9
3925,9,190,11,89752.0,68985.0,89752.0,76574.3,28368753.409999996,73570.25,76551.0,77660.25,0.9
3926,9,229,11,95808.0,86765.0,99046.0,94975.0,14950494.4,92802.75,96517.5,97718.0,0.3
3926,11,263,13,95808.0,86765.0,97767.0,94584.7,12776978.609999996,92802.75,95958.0,97181.0,0.3
3927,9,184,11,62629.0,60159.0,72985.0,67499.7,25831524.410000004,62629.0,70009.0,71811.0,0.9
3928,9,220,11,93891.0,56829.0,93891.0,69769.7,122393332.01000002,62494.5,67067.0,70770.5,0.6
3928,11,262,13,93891.0,56829.0,71497.0,64920.9,18366280.09,62023.25,65746.0,68135.5,0.8
3928,13,305,15,93891.0,56829.0,68591.0,64558.8,14783916.16,62023.25,65746.0,67817.5,0.9
3929,9,248,11,99048.0,63443.0,99048.0,78737.0,75659909.8,77049.0,79250.0,80853.5,0.6
3929,11,294,13,99048.0,63443.0,81110.0,76014.3,26921288.01,76736.5,77078.0,79255.5,0.8
3930,9,190,11,107012.0,77614.0,107012.0,89504.2,56793585.96,87176.0,89291.0,92005.0,0.5
3930,11,213,13,107012.0,77614.0,92331.0,86761.1,19124604.89,85803.25,87692.5,89372.5,0.7
3930,13,253,15,107012.0,77614.0,89454.0,86067.0,14158320.6,85803.25,87692.5,88361.25,0.9
3931,9,211,11,66542.0,64426.0,76535.0,69688.8,17653117.36,66542.0,68954.0,73700.0,0.9
3933,9,175,11,113258.0,61314.0,113258.0,77820.9,202488245.48999998,71745.0,73829.5,79642.5,0.6
3933,11,204,13,113258.0,61314.0,79763.0,72532.1,34513425.29,71745.0,73829.5,75771.0,0.8
3933,13,226,15,113258.0,61314.0,78271.0,72088.4,29273661.840000004,71745.0,73829.5,75771.0,0.8
3934,9,193,11,121977.0,65681.0,121977.0,84114.8,216258686.16,75124.5,83378.0,87942.0,0.9
3936,9,204,11,71370.0,52085.0,71370.0,65476.5,27602204.25,66557.75,67212.5,67557.0,0.6
3936,11,240,13,71370.0,52085.0,67608.0,64933.3,23423804.01,66557.75,67212.5,67404.75,0.6
3937,9,252,11,136804.0,54222.0,136804.0,90917.7,401969372.61,85149.75,88845.0,95443.25,0.6
3937,11,287,13,136804.0,54222.0,95444.0,84660.6,136402228.84,85149.75,88845.0,89021.25,0.8
3937,13,316,15,136804.0,54222.0,89028.0,82201.2,108184093.35999998,82095.25,86405.5,88918.5,1.0
3940,9,209,11,92485.0,71570.0,92485.0,80777.4,53370119.64,74431.75,78412.0,87357.25,0.6
3940,11,258,13,92485.0,71570.0,89049.0,78350.5,23421199.85,74431.75,78412.0,80079.0,0.8
3941,9,210,11,64519.0,60413.0,78875.0,70222.4,38613076.04000001,65082.0,69258.5,76468.0,0.7
3942,9,163,11,63967.0,45111.0,63967.0,56510.3,33151986.410000004,53519.75,56502.0,60733.75,0.9
3943,9,196,11,85107.0,62196.0,85107.0,75790.8,76337811.55999999,67079.5,79777.0,82623.5,0.8
3943,11,228,13,85107.0,62196.0,84187.0,75566.4,72394881.64000002,67079.5,79777.0,82623.5,0.8
3945,9,211,11,119071.0,103510.0,119071.0,110258.2,21248711.759999998,106146.0,110315.0,113269.75,0.9
3947,9,214,11,85293.0,55697.0,85293.0,68717.5,70628116.85,64963.25,69513.0,72663.25,0.5
3947,11,252,13,85293.0,55462.0,72777.0,65102.5,43273141.45,58541.25,66313.5,71152.25,0.7
3947,13,275,15,85293.0,55462.0,71861.0,64146.1,33415404.889999997,58541.25,65654.0,68560.75,0.9
3948,9,201,11,138006.0,81739.0,138006.0,102694.1,280741360.09,94684.5,97928.0,106094.0,0.8
3948,11,234,13,138006.0,81739.0,108771.0,97867.5,79285907.85,94684.5,97928.0,106094.0,1.0
3949,9,234,11,113873.0,80306.0,113873.0,98502.1,101838702.89000002,90994.25,100146.0,102118.75,0.6
3949,11,272,13,113873.0,80306.0,106285.0,95374.3,57780752.410000004,90224.75,96000.5,101722.0,0.7
3949,13,314,15,113873.0,80306.0,101890.0,94520.7,44724835.410000004,90224.75,96000.5,100015.0,0.9
3950,9,170,11,68817.0,51764.0,69617.0,62441.1,30621427.089999996,58578.0,61912.5,67969.25,0.9
3951,9,178,11,116961.0,85693.0,116961.0,97170.5,82691082.45,89607.0,96882.0,102206.25,0.6
3951,11,213,13,116961.0,85693.0,103930.0,95398.8,40197160.760000005,89607.0,96882.0,100490.5,0.6
3952,9,231,11,78388.0,61642.0,78388.0,68698.8,35711566.16,63715.25,67048.0,73238.25,0.6
3952,11,268,13,78388.0,61642.0,74797.0,66172.6,15416167.64,63047.75,65801.5,68249.75,0.7
3952,13,306,15,78388.0,61642.0,68562.0,64347.2,5566523.76,62132.75,63871.5,66292.25,0.9
3953,9,195,11,71967.0,52013.0,71967.0,65872.3,32186648.01,64075.75,67986.5,69696.0,0.9
3955,9,209,11,85773.0,67839.0,85773.0,73888.4,23500884.440000005,70047.25,74009.0,75442.5,0.8
3955,11,241,13,85773.0,67839.0,75529.0,72424.3,7601365.01,69928.5,72631.0,75170.25,0.9
3956,9,190,11,77509.0,54772.0,77509.0,67228.1,50497533.69,62593.0,68115.0,71304.25,0.8
3956,11,209,13,77509.0,54772.0,76187.0,66954.3,45246750.010000005,62593.0,68115.0,71304.25,0.8
3958,9,207,11,98441.0,61526.0,98441.0,74722.5,124412621.05,69085.25,70624.5,75601.25,0.7
3958,11,229,13,98441.0,61526.0,76573.0,70708.8,20103338.56,69085.25,70624.5,74369.75,0.8
3959,9,227,11,101668.0,85327.0,104725.0,93024.3,43450126.010000005,88252.75,90642.5,99115.25,0.5
3959,11,270,13,101668.0,85327.0,101668.0,90528.9,17693063.69,88252.75,89744.5,91299.75,0.6
3960,9,204,11,80801.0,61328.0,80801.0,72879.2,50970345.96,68614.25,72820.0,80411.25,0.8
3961,9,217,11,101361.0,76300.0,101361.0,88122.6,43517054.839999996,86404.25,89472.5,90830.0,0.4
3961,11,261,13,101361.0,76300.0,91343.0,86871.0,24477215.0,86404.25,88983.5,90186.75,0.4
3961,13,309,15,101361.0,76300.0,90308.0,85757.5,21463586.65,83623.75,87732.0,89052.75,0.6
3962,9,166,11,69351.0,63446.0,88782.0,77947.1,81232413.49,69351.0,79600.0,86738.25,0.8
3963,9,194,11,104828.0,80116.0,104828.0,93355.3,42563666.81,89452.5,94665.0,96722.0,0.8
3963,11,211,13,104828.0,80116.0,97745.0,92284.0,28311413.0,89452.5,94108.5,96029.0,0.9
3964,9,217,11,109013.0,76895.0,109013.0,86026.1,66934875.89,82412.25,84509.5,86229.5,0.5
3964,11,258,13,109013.0,76895.0,86733.0,83475.9,7862018.6899999995,82412.25,84117.0,85226.25,0.6
3965,9,183,11,117216.0,76199.0,117216.0,95354.8,130556980.96000001,91154.25,95222.5,102213.5,0.7
3965,11,210,13,117216.0,76199.0,104006.0,92192.4,62118250.44,91154.25,94356.0,96676.0,0.9
3966,9,127,11,64500.0,28996.0,64500.0,46591.1,72790279.48999998,44509.5,47423.5,48592.75,0.8
3966,11,137,13,64500.0,28996.0,49598.0,44801.2,36145247.160000004,44509.5,47423.5,48592.75,1.0
3967,9,189,11,111796.0,82221.0,111796.0,95444.7,73099730.81,90401.0,97444.0,99821.25,0.7
3969,9,218,11,64156.0,55599.0,75282.0,65864.9,40218150.49,61717.75,64156.0,71509.75,0.8
3969,11,245,13,64156.0,55599.0,74481.0,65226.0,31002637.4,61717.75,64156.0,68674.0,0.9
3970,9,178,11,111952.0,86400.0,111952.0,99710.3,71899417.41,93653.0,96574.5,107640.75,0.6
3970,11,221,13,111952.0,86400.0,108704.0,96308.6,46499655.239999995,93044.25,94768.5,101347.25,0.7
3970,13,262,15,111952.0,86400.0,104403.0,95792.6,36095660.04,93044.25,94768.5,101347.25,0.7
3971,9,168,11,123948.0,73688.0,123948.0,95287.3,275507649.01,85274.0,90323.5,110683.75,0.7
3971,11,190,13,123948.0,73688.0,115290.0,92447.7,166551635.01,85274.0,90323.5,101467.75,0.8
3972,9,207,11,89021.0,73736.0,89021.0,80766.7,24444678.21,76774.0,80289.5,83041.0,0.7
3972,11,255,13,89021.0,73736.0,84141.0,79779.5,12046270.85,76774.0,80289.5,83041.0,0.7
3973,9,203,11,116441.0,93555.0,116441.0,105095.1,47640441.69,98925.5,106737.0,109469.5,0.7
3973,11,250,13,116441.0,93555.0,109795.0,104341.6,35497522.44,98925.5,106737.0,109469.5,0.7
3974,9,156,11,81240.0,64632.0,81240.0,71230.0,19715818.6,69248.75,70271.0,70560.75,0.4
3974,11,190,13,81240.0,60427.0,70603.0,67717.6,11975970.639999999,65687.0,69320.5,70343.5,0.6
3974,13,209,15,81240.0,60427.0,70416.0,66789.7,10321162.209999999,64766.5,67720.0,69392.25,0.8
3975,9,172,11,96355.0,69876.0,96355.0,75805.2,52848694.760000005,71967.0,74549.0,75680.0,0.8
3976,9,238,11,135602.0,97021.0,135602.0,108666.9,115138628.89000002,101999.75,107407.5,112366.25,0.7
3976,11,267,13,135602.0,86024.0,113823.0,103051.7,57665876.40999999,98273.25,104990.0,107989.0,0.8
3977,9,214,11,128422.0,85585.0,128422.0,103420.7,113286073.21000001,98363.5,101752.0,106026.5,0.7
3977,11,251,13,128422.0,85585.0,106957.0,100417.3,35316797.81,98363.5,101752.0,104210.0,0.8
3978,9,152,11,118895.0,72498.0,118895.0,95265.0,195853012.2,87835.25,99578.5,100608.75,0.5
3978,11,187,13,118895.0,72498.0,104350.0,93277.6,132147317.04,87835.25,99578.5,100608.75,0.5
3981,9,139,11,72481.0,51181.0,78092.0,67810.9,77613860.69000001,61607.5,72436.0,74488.75,0.9
3982,9,159,11,79004.0,65570.0,89098.0,80031.5,51718300.85,79004.0,82095.5,83625.25,0.8
3984,9,187,11,73984.0,52863.0,73984.0,66749.9,41356400.68999999,63143.75,69740.5,71515.0,0.9
3985,9,182,11,81062.0,63353.0,81062.0,68336.6,23601650.24,65783.5,67061.5,69470.25,0.6
3989,9,205,11,103042.0,53327.0,103042.0,72726.1,181221405.08999997,68554.25,72942.0,75270.5,0.8
3989,11,249,13,103042.0,53327.0,76171.0,69142.0,66308322.0,68554.25,72942.0,74582.75,0.9
3990,9,210,11,77602.0,48077.0,77602.0,61320.6,92577544.64,53628.75,57980.5,70048.5,0.6
3990,11,247,13,77602.0,48077.0,71585.0,57736.0,41113513.6,53628.75,56221.5,60053.0,0.8
3990,13,284,15,77602.0,48077.0,62567.0,56449.4,18165031.639999997,53628.75,56221.5,60053.0,1.0
3992,9,195,11,60523.0,45556.0,60523.0,52603.4,20422683.839999996,48361.0,54108.5,55428.0,0.8
3995,9,213,11,79152.0,72478.0,86281.0,80786.1,13169411.49,79152.0,81107.5,83329.25,0.9
3996,9,220,11,99326.0,82351.0,99326.0,87923.5,18996696.65,85140.75,87375.0,88923.0,0.9
3997,9,169,11,74693.0,55320.0,74693.0,64049.9,25842487.089999996,62007.0,62729.5,64287.0,0.9
3998,9,195,11,83301.0,60664.0,83301.0,68446.1,40808581.29000001,64607.5,67771.0,70733.25,0.7
3998,11,226,13,83301.0,60664.0,71295.0,66932.3,14907233.610000003,64607.5,67771.0,70521.75,0.8
4000,9,240,11,77128.0,59640.0,77128.0,68662.5,22874722.65,66627.0,68806.0,70408.25,0.6
4000,11,283,13,77128.0,59640.0,70420.0,67154.2,10728010.559999999,66405.0,68004.0,69721.25,0.8
4002,9,209,11,124491.0,106367.0,124491.0,114522.4,21544315.24,112238.5,115102.5,116151.25,0.5
4002,11,249,13,124491.0,106272.0,117006.0,112635.2,14485403.76,110335.25,113395.0,115949.0,0.6
4002,13,264,15,124491.0,106272.0,115993.0,110817.6,13270525.64,107312.0,110951.5,113891.5,0.8
4002,15,302,17,124491.0,106272.0,114841.0,110492.8,10448901.959999999,107312.0,110951.5,113391.25,1.0
4003,9,217,11,86690.0,61718.0,86690.0,68219.1,49170202.489999995,62935.75,67601.5,68340.75,0.8
4003,11,245,13,86690.0,61718.0,73628.0,66912.9,16272249.290000001,62935.75,67601.5,68340.75,0.8
4004,9,208,11,117815.0,58423.0,117815.0,85787.2,342580083.56000006,71314.75,85515.5,96081.25,0.5
4004,11,241,13,117815.0,58423.0,96344.0,77874.1,154808798.89000002,71234.25,73805.5,89991.25,0.7
4004,13,263,15,117815.0,58423.0,94467.0,75330.8,101472328.36,71234.25,73805.5,76252.25,0.9
4005,9,140,11,87582.0,66870.0,87582.0,77624.8,38514540.36,76391.0,78594.5,79749.25,0.8
4005,11,166,13,87582.0,66870.0,80790.0,76488.9,24074548.89,76391.0,78594.5,79749.25,0.9
4006,9,180,11,77739.0,53110.0,77739.0,63367.0,52323362.8,59132.0,62555.5,64901.0,0.8
4006,11,225,13,77739.0,53110.0,68423.0,61251.7,19045544.81,59132.0,61679.5,64399.25,1.0
4007,9,149,11,111156.0,81057.0,111156.0,98310.9,82318377.29,92936.75,101810.0,102998.75,0.8
4007,11,178,13,111156.0,81057.0,103076.0,96261.5,58014652.65,91698.75,100626.5,102149.25,1.0
4008,9,213,11,125583.0,71305.0,125583.0,94491.3,221274677.01,85445.0,90886.0,101416.0,0.7
4008,11,255,13,125583.0,71305.0,103457.0,87877.4,66401479.44,83321.25,88458.5,91700.25,0.9
4009,9,211,11,61110.0,59754.0,67472.0,63051.6,6436214.4399999995,61110.0,62307.5,64805.25,0.7
4010,9,230,11,80228.0,61716.0,80228.0,71075.9,34499783.29,66610.75,72752.0,74836.75,0.9
4011,9,192,11,86959.0,59149.0,86959.0,69060.1,51282076.89,66156.25,68773.5,70405.25,0.8
4012,9,218,11,72788.0,63099.0,78137.0,71761.1,19683280.29,69299.75,72788.0,74658.5,0.7
4013,9,201,11,62488.0,52495.0,62488.0,57871.6,6719905.639999999,56682.25,57822.0,59375.75,0.9
4014,9,213,11,81077.0,64859.0,81077.0,71162.7,24587133.21,66562.0,71961.5,73198.0,0.6
4014,11,259,13,81077.0,64859.0,74024.0,69962.4,11716915.440000001,66562.0,71189.5,72923.25,0.7
4015,9,204,11,85057.0,72062.0,85057.0,75403.1,12965602.09,72682.25,75089.0,76242.75,0.3
4015,11,245,13,85057.0,68392.0,76243.0,73224.3,5507460.41,72168.5,72724.5,75099.0,0.5
4015,13,296,15,85057.0,62016.0,75109.0,70428.0,19917054.8,69091.25,72275.0,72766.75,0.7
4015,15,333,17,85057.0,62016.0,72809.0,69508.9,14848383.89,68723.5,71229.0,72381.5,0.9
4016,9,200,11,100356.0,73607.0,100356.0,91273.8,56734289.56,88011.25,94341.5,96176.25,0.9
4017,9,241,11,116395.0,75919.0,116395.0,85566.6,141741768.64000002,78513.5,81251.0,85074.5,0.4
4017,11,269,13,116395.0,75919.0,85839.0,80351.4,8453010.64,78513.5,79880.0,82613.25,0.5
4018,9,231,11,82437.0,67694.0,86047.0,78499.9,30054998.29,74554.5,79356.5,82437.0,0.6
4018,11,274,13,82437.0,67694.0,82437.0,77652.4,21465261.24,74554.5,79356.5,80952.5,0.8
4019,9,220,11,143650.0,100800.0,143650.0,117109.3,140426343.41,109428.0,113794.0,123579.5,0.7
4020,9,186,11,71950.0,47255.0,71950.0,62812.9,66358859.89000001,57407.0,65675.0,69832.75,0.4
4020,11,216,13,71950.0,47255.0,69845.0,60374.2,49444921.96,57374.75,59043.0,65896.5,0.6
4020,13,248,15,71950.0,47255.0,66118.0,58519.4,28928735.640000004,57374.75,58363.5,61864.0,0.8
4020,15,284,17,71950.0,47255.0,65070.0,58341.3,26483841.61,57374.75,58363.5,61864.0,0.9
4021,9,185,11,99557.0,56994.0,99557.0,72899.7,124517769.41,66460.5,70029.0,78540.0,0.9
4022,9,169,11,92192.0,65539.0,92192.0,75954.9,80976034.29,69415.25,72707.0,80694.75,0.7
4022,11,187,13,92192.0,65539.0,81529.0,72942.2,24572562.36,69415.25,72707.0,76787.75,0.9
4023,9,220,11,80043.0,69609.0,80043.0,76459.6,12953200.04,73879.5,77797.5,79657.5,0.9
4024,9,186,11,107622.0,86487.0,107622.0,100330.7,57655684.61,98115.0,101803.0,106981.75,0.5
4024,11,210,13,107622.0,86487.0,107100.0,98586.8,46110921.760000005,96454.5,98748.0,104086.75,0.6
4024,13,249,15,107622.0,86487.0,104837.0,97294.0,34860105.6,96034.5,98319.0,101069.25,0.7
4025,9,174,11,61319.0,45701.0,68060.0,58846.0,32532453.4,57037.5,60543.5,61556.75,0.7
4025,11,203,13,61319.0,45701.0,61636.0,57956.6,22777381.439999998,57037.5,60217.0,61184.5,0.9
4026,9,225,11,91941.0,61251.0,91941.0,74202.5,69023023.85,69077.25,75031.5,77552.0,0.8
4027,9,198,11,81795.0,59594.0,81795.0,70167.4,47544468.64,64372.5,72254.5,74094.75,0.3
4027,11,222,13,81795.0,59594.0,74553.0,67913.9,28836695.689999998,63086.75,69591.5,72443.25,0.5
4027,13,259,15,81795.0,59594.0,72632.0,67233.2,23695846.76,63086.75,67743.5,71841.0,0.6
4027,15,296,17,81795.0,59594.0,71877.0,66296.4,17296488.04,63086.75,67501.0,68115.0,0.8
4028,9,188,11,110111.0,92621.0,110111.0,100712.1,28155518.690000005,97656.25,100473.0,101920.5,0.8
4028,11,231,13,110111.0,92621.0,104489.0,99562.1,13185616.69,97656.25,100473.0,101920.5,0.8
4029,9,194,11,90729.0,60128.0,90729.0,66714.1,70892771.49000001,62367.25,64413.5,67315.0,0.8
4030,9,182,11,96926.0,71587.0,96926.0,78222.0,55731768.2,73209.25,75070.0,79693.0,0.8
4030,11,217,13,96926.0,71587.0,83380.0,75796.7,12927566.41,73209.25,74453.0,78094.25,1.0
4031,9,176,11,110198.0,93840.0,110198.0,103025.8,23149493.560000002,102351.0,104459.5,105300.0,0.8
4032,9,248,11,108648.0,76919.0,108648.0,93416.5,82717459.25,86943.5,93645.5,100232.0,0.5
4032,11,275,13,108648.0,68580.0,100563.0,88288.3,87479548.61,85103.0,89542.5,94402.75,0.7
4032,13,324,15,108648.0,68580.0,95160.0,86847.3,62256667.40999999,85103.0,89542.5,92281.0,0.7
4032,15,370,17,108648.0,68580.0,93061.0,86006.9,54641130.69,85103.0,87360.5,91878.25,0.8
4033,9,197,11,105545.0,81106.0,105913.0,97796.6,61143010.64000001,94826.0,97700.5,105357.25,0.6
4034,9,174,11,111637.0,46850.0,111637.0,70371.6,354247411.44,60551.0,64195.5,70794.75,0.8
4034,11,199,13,111637.0,46850.0,73829.0,63791.8,58380467.95999999,60551.0,64195.5,69811.5,1.0
4035,9,211,11,69257.0,56817.0,69257.0,64439.9,15464306.49,62394.75,64016.5,68389.75,0.6
4035,11,242,13,69257.0,56817.0,69195.0,64433.7,15404920.410000002,62394.75,64016.5,68389.75,0.6
4036,9,196,11,79037.0,65792.0,79108.0,75435.6,17537717.84,73681.25,76634.0,78991.75,0.7
4037,9,162,11,48735.0,47043.0,52326.0,48959.5,2918899.25,47955.0,48473.5,49675.5,0.7
4037,11,196,13,48735.0,45700.0,49989.0,47843.4,1288499.84,47043.25,47969.0,48604.25,0.9
4038,9,184,11,75349.0,49007.0,75349.0,68734.0,74018563.6,70035.5,72077.0,74105.75,0.8
4040,9,186,11,88951.0,66515.0,88951.0,77908.1,33315893.689999998,74671.0,79544.5,80830.5,0.9
4040,11,217,13,88951.0,66515.0,81042.0,75968.6,24335426.839999996,72730.75,77321.0,80219.0,1.0
4042,9,199,11,90708.0,59875.0,90708.0,73875.7,59770416.41000001,71148.0,72177.0,77756.5,0.6
4042,11,242,13,90708.0,59875.0,78267.0,71390.7,22519518.41,71148.0,71648.5,73286.75,0.8
4042,13,280,15,90708.0,59875.0,76225.0,71169.3,19915854.41,71148.0,71648.5,73286.75,0.9
4043,9,224,11,72965.0,59452.0,78912.0,72665.6,32713364.240000002,71783.75,74001.5,76652.25,0.8
4044,9,222,11,144129.0,91437.0,144129.0,106072.3,311530754.21,95716.25,99400.0,101776.25,0.8
4044,11,252,13,144129.0,91437.0,107470.0,99169.1,22521829.29,95716.25,99400.0,101776.25,0.9
4045,9,193,11,117694.0,90048.0,117694.0,98720.7,59243762.21,93530.75,97744.0,102216.5,0.9
4046,9,190,11,60773.0,40232.0,60773.0,48804.3,35494441.410000004,43392.5,49182.0,52693.0,0.9
4047,9,227,11,41409.0,32995.0,46930.0,41296.3,19653106.81,38922.75,42203.0,44391.75,0.9
4048,9,190,11,72611.0,46258.0,72611.0,56720.9,57473774.29,50873.75,55668.0,61850.25,0.8
4048,11,223,13,72611.0,46258.0,61980.0,54769.2,26626608.56,50873.75,54961.5,59474.75,1.0
4049,9,150,11,67362.0,49675.0,67362.0,60249.2,34893744.96,55185.25,61989.5,63677.75,0.8
4049,11,179,13,67362.0,49675.0,65334.0,59725.9,28614126.49,55185.25,61989.5,63677.75,0.9
4050,9,175,11,107575.0,82498.0,107575.0,91454.5,54283229.05,85854.5,89879.5,92721.5,0.7
4050,11,207,13,107575.0,82498.0,95123.0,89540.6,17503849.24,85854.5,89879.5,92721.5,0.7
4051,9,150,11,85308.0,65284.0,85308.0,77416.0,46256721.2,71757.25,79087.5,83178.75,0.8
4052,9,144,11,175927.0,113561.0,175927.0,132855.2,281900404.96000004,120995.75,131359.0,135392.5,0.8
4052,11,171,13,175927.0,113561.0,136537.0,128306.2,69084317.56,120995.75,131359.0,135392.5,0.8
4054,9,236,11,83654.0,50843.0,83654.0,72109.1,63612856.09000001,72551.75,74213.0,74535.5,0.8
4055,9,209,11,74160.0,62912.0,74160.0,69976.3,11283941.61,68316.0,70641.0,72748.25,0.4
4055,11,256,13,74160.0,62912.0,73007.0,68995.1,7810688.090000001,68316.0,68780.0,71296.5,0.6
4055,13,294,15,74160.0,62912.0,71952.0,68575.3,5836421.21,68316.0,68780.0,69284.75,0.7
4056,9,212,11,90617.0,66648.0,90617.0,76121.1,44740903.69,70916.25,76168.5,77578.75,0.4
4056,11,246,13,90617.0,66648.0,77702.0,72334.4,17125731.839999996,69205.75,71953.5,76515.75,0.6
4056,13,295,15,90617.0,66648.0,76863.0,71013.6,10572178.24,69205.75,70262.5,73285.25,0.8
4056,15,333,17,90617.0,66648.0,74028.0,70472.1,6086196.69,69205.75,70262.5,72620.75,1.0
4057,9,185,11,96843.0,63047.0,96843.0,80477.1,75808583.29,74476.75,82808.0,85072.25,0.7
4057,11,215,13,96843.0,63047.0,85131.0,77834.2,41901672.76,74224.0,78419.5,82850.0,0.9
4058,9,161,11,80708.0,39572.0,80708.0,57064.4,97209565.03999998,53006.5,57323.0,59487.25,0.9
4059,9,156,11,98126.0,67646.0,98126.0,82894.6,103761355.84,72752.25,84684.0,91994.75,0.9
4061,9,193,11,91801.0,72120.0,91801.0,86413.4,28127597.040000003,85958.5,88384.0,89418.5,0.7
4061,11,218,13,91801.0,72120.0,90010.0,85034.7,30379152.01,83769.0,87211.0,88614.25,0.8
4062,9,211,11,130965.0,101760.0,130965.0,111212.9,56636273.489999995,106916.5,110805.0,112466.75,0.5
4063,9,137,11,53798.0,39109.0,53798.0,46913.3,16792417.41,44277.5,47659.0,48464.5,0.7
4063,11,170,13,53798.0,38647.0,48525.0,44270.9,14497995.49,40672.75,45194.0,47779.5,0.9
4064,9,247,11,82771.0,65627.0,85969.0,76310.4,37083987.04,73101.25,76137.5,81474.5,0.7
4064,11,286,13,82771.0,65627.0,82771.0,74947.5,22051337.25,73101.25,76137.5,77503.5,0.8
4065,9,214,11,83861.0,77190.0,93370.0,85436.7,28496808.21,82861.0,83861.0,90480.5,0.8
4066,9,197,11,92978.0,70677.0,92978.0,78008.7,53888683.21,72870.0,73485.5,83356.25,0.6
4066,11,220,13,92978.0,70677.0,83530.0,74967.0,18299922.6,72870.0,73485.5,74572.5,0.8
4066,13,256,15,92978.0,70677.0,78609.0,73989.1,6053021.29,72870.0,73485.5,74572.5,1.0
4067,9,168,11,78686.0,54618.0,78686.0,64443.7,54501023.81,59241.75,62845.0,69588.5,0.7
4067,11,217,13,78686.0,54618.0,70826.0,63548.2,36060112.76,59241.75,62845.0,69588.5,0.7
4068,9,157,11,81845.0,81845.0,101547.0,91342.1,46332298.29000001,87083.75,90019.0,97979.0,0.8
4068,11,192,13,81845.0,81845.0,98919.0,90870.8,38440388.76,87083.75,90019.0,97026.5,0.9
4069,9,224,11,119531.0,77381.0,119531.0,89345.4,135326606.44,81601.75,87585.5,93412.5,0.7
4070,9,178,11,86806.0,58204.0,86806.0,67472.3,52820234.81,62844.25,67908.0,68401.5,0.8
4071,9,195,11,84781.0,71012.0,84781.0,80480.3,13112113.610000001,80129.75,80994.5,82857.5,0.8
4072,9,222,11,105299.0,79856.0,105299.0,92094.0,50404666.4,89207.75,91167.5,97365.0,0.7
4072,11,244,13,105299.0,79856.0,98892.0,89697.5,23136038.05,89207.75,90170.0,91661.5,0.9
4073,9,207,11,46591.0,36786.0,46591.0,42192.4,13687261.040000001,38840.0,42576.0,45513.5,0.9
4075,9,170,11,117012.0,75062.0,117012.0,92793.2,138575888.16,87556.5,91782.0,96553.75,0.8
4075,11,197,13,117012.0,75062.0,102860.0,90523.7,69005241.21,87556.5,91782.0,96553.75,1.0
4076,9,231,11,99960.0,71874.0,99960.0,83205.1,62603174.09000001,77033.0,83756.5,86494.0,0.4
4076,11,283,13,99960.0,71874.0,86888.0,80041.1,24136732.489999995,76074.75,80915.0,84414.75,0.6
4076,13,331,15,99960.0,71874.0,85073.0,78404.8,18247084.36,74239.25,78998.5,81929.0,0.8
4076,15,364,17,99960.0,71874.0,82440.0,77187.8,15346486.559999999,73704.75,76664.5,81296.0,0.9
4077,9,199,11,69048.0,58140.0,73876.0,68961.9,23652852.09,69048.0,70216.0,72180.0,0.6
4079,9,235,11,104432.0,66221.0,104432.0,81939.2,92448213.96000001,75797.0,81625.5,85747.25,0.7
4079,11,269,13,104432.0,66221.0,86738.0,79838.9,36600263.49,75797.0,81625.5,84878.75,0.8
4080,9,192,11,101679.0,68309.0,101679.0,82413.8,68544447.76,78811.5,81050.0,85916.25,0.3
4080,11,230,13,101679.0,68309.0,86013.0,78288.3,31353159.609999996,75879.75,79208.0,81442.0,0.5
4080,13,264,15,101679.0,66770.0,81834.0,74590.7,30402980.410000004,68687.25,76298.5,79604.5,0.7
4081,9,223,11,78175.0,63857.0,78175.0,72434.4,17797885.64,69222.75,73340.0,75650.0,0.5
4081,11,260,13,78175.0,62803.0,76592.0,70897.2,21415839.560000002,68416.75,72100.5,74833.75,0.6
4081,13,280,15,78175.0,62803.0,75281.0,68932.8,17783368.759999998,64979.5,68964.0,72644.25,0.8
4083,9,221,11,66523.0,58443.0,77612.0,69554.3,30514523.810000002,66508.75,68832.5,74407.5,0.8
4084,9,205,11,124461.0,85005.0,124461.0,103312.0,114937890.4,97051.75,102365.0,105453.25,0.8
4084,11,241,13,124461.0,85005.0,105937.0,100159.5,38868077.25,97051.75,102365.0,105023.5,0.9
4087,9,256,11,99547.0,68212.0,99547.0,79430.5,68159123.85,75454.75,77940.0,80721.0,0.5
4087,11,302,13,99547.0,68212.0,81048.0,74934.2,18227791.159999996,72168.75,75564.5,78611.5,0.7
4087,13,352,15,99547.0,68212.0,79283.0,73888.9,11510156.49,72168.75,74539.0,76393.75,0.9
4089,9,197,11,107840.0,60756.0,107840.0,77195.2,158396469.95999998,68037.5,76213.0,80519.25,0.7
4089,11,220,13,107840.0,60756.0,81489.0,72902.0,36060939.4,68037.5,75707.5,76811.75,0.9
4090,9,165,11,125806.0,78847.0,125806.0,95777.2,145146048.15999997,90114.75,95794.0,98729.25,0.5
4091,9,143,11,105517.0,65519.0,105517.0,84009.9,115927841.69000001,78225.0,84436.0,88835.25,0.6
4091,11,166,13,105517.0,65519.0,89138.0,79744.4,48890195.440000005,76322.75,80323.0,84935.5,0.8
4091,13,185,15,105517.0,65519.0,86786.0,79020.2,38888797.95999999,76322.75,80323.0,83337.0,1.0
4092,9,221,11,85420.0,49628.0,85420.0,68426.1,135320726.49,62087.0,65644.0,77635.5,0.6
4092,11,268,13,85420.0,49628.0,78615.0,65632.7,71812040.21000001,62087.0,65644.0,71978.0,0.8
4092,13,294,15,85420.0,49628.0,73939.0,65050.0,59563829.8,62087.0,65644.0,71978.0,0.8
4092,15,328,17,85420.0,49628.0,72503.0,64463.1,51113195.09,62087.0,65644.0,70158.5,1.0
4093,9,224,11,102532.0,77672.0,102532.0,92628.7,85988674.80999999,84189.75,95835.5,101487.25,0.4
4093,11,259,13,102532.0,77672.0,101510.0,88340.7,78970712.41,80317.5,84993.5,95876.75,0.6
4093,13,291,15,102532.0,77672.0,95918.0,84775.9,36657164.089999996,80317.5,82786.0,86224.5,0.8
4093,15,311,17,102532.0,77672.0,88239.0,82988.6,10259041.84,80317.5,82786.0,85443.0,1.0
4094,9,265,11,75544.0,63318.0,75544.0,69687.9,10498941.09,68956.25,70166.0,71060.25,0.6
4094,11,309,13,75544.0,63318.0,72074.0,69325.1,7430956.69,68956.25,70166.0,71060.25,0.6
4095,9,200,11,73976.0,58422.0,86106.0,77379.0,67236286.4,73976.0,76527.0,85212.25,0.9
4096,9,192,11,78305.0,66651.0,78305.0,71143.9,9823028.290000001,69160.5,71806.0,72181.0,0.6
4097,9,214,11,73836.0,55284.0,73836.0,69407.6,30315196.04,67584.0,71643.5,73466.75,0.8
4098,9,189,11,110452.0,68979.0,110452.0,91020.0,167849661.4,82551.25,93132.5,101022.5,0.7
4099,9,175,11,74814.0,51143.0,74814.0,64385.1,39104031.69,60278.25,66113.5,67600.75,0.8
4100,9,213,11,70780.0,58525.0,70780.0,65369.7,13923948.61,63072.75,66058.0,67967.75,0.8
4102,9,230,11,104183.0,74769.0,104183.0,93850.7,58975294.81,93394.0,94175.5,94678.75,0.8
4102,11,248,13,104183.0,74769.0,96418.0,92155.9,35542855.089999996,93394.0,94175.5,94678.75,1.0
4103,9,214,11,114217.0,86247.0,114217.0,95480.3,53054742.61,91446.75,94193.0,97421.25,0.9
4104,9,205,11,67856.0,59418.0,67856.0,63018.5,5573763.05,61113.5,62985.5,64096.0,0.6
4104,11,236,13,67856.0,59418.0,65476.0,62597.0,3094710.8,61113.5,62985.5,63678.5,0.6
4105,9,208,11,104632.0,57955.0,104632.0,70098.7,156672940.40999997,63673.0,67751.5,71753.75,0.8
4105,11,252,13,104632.0,57955.0,72481.0,66570.9,24510938.689999998,63673.0,67751.5,70157.0,0.9
4106,9,190,11,131459.0,85074.0,131459.0,104535.3,193714777.60999998,95571.0,101141.0,111913.25,0.7
4106,11,236,13,131459.0,85074.0,114812.0,99658.7,59078127.61,95571.0,100695.0,103045.5,0.9
4107,9,200,11,126974.0,95487.0,126974.0,118242.1,85242716.28999999,115684.75,121945.0,124530.0,0.3
4108,9,222,11,108873.0,80615.0,108873.0,85675.7,63111247.81,82072.75,82737.0,84471.75,0.8
4108,11,269,13,108873.0,79349.0,85323.0,82518.9,3063492.29,81648.5,82139.0,83965.5,0.9
4109,9,245,11,115827.0,91221.0,115827.0,102935.6,36906945.44,100435.0,102751.5,105727.0,0.2
4109,11,284,13,115827.0,91221.0,105876.0,99774.9,22874019.490000002,98087.5,100634.0,102995.75,0.3
4109,13,324,15,115827.0,91221.0,103240.0,97802.0,18637962.8,93299.75,99336.5,100833.0,0.4
4109,15,362,17,115827.0,91221.0,101032.0,96918.8,13570694.959999999,93005.0,98397.0,99968.25,0.5
4111,9,201,11,140722.0,107535.0,140722.0,117383.7,71629107.21,113167.25,115771.5,117234.25,0.3
4111,11,241,13,140722.0,107535.0,117550.0,114615.1,8621309.69,113167.25,115771.5,116510.0,0.3
4111,13,288,15,140722.0,105568.0,116647.0,112706.6,13348989.44,110751.25,113661.5,115855.25,0.5
4111,15,315,17,140722.0,105568.0,115939.0,111931.0,10076268.8,110751.25,112413.0,114196.75,0.7
4112,9,163,11,130934.0,84751.0,130934.0,108180.3,121477966.00999999,105192.5,109294.5,111814.75,0.8
4112,11,207,13,130934.0,84751.0,113439.0,106344.6,68226116.64000002,105192.5,109294.5,111814.75,0.8
4113,9,216,11,84234.0,63131.0,84234.0,75219.6,44708685.44,70234.25,76417.5,79845.25,0.8
4113,11,251,13,84234.0,63131.0,81449.0,74614.3,35273069.61,70234.25,76417.5,79845.25,0.8
4114,9,195,11,87364.0,71046.0,87364.0,79951.9,32040926.890000004,74577.75,80612.0,85169.25,0.9
4115,9,218,11,135079.0,61445.0,135079.0,82505.3,346572667.81,74164.0,79156.0,81780.0,0.8
4115,11,257,13,135079.0,61445.0,83327.0,77183.8,41583249.56,74164.0,79156.0,81780.0,1.0
4116,9,167,11,83402.0,75140.0,94889.0,85633.1,29997585.890000004,82867.25,84349.5,87994.5,0.7
4116,11,187,13,83402.0,75140.0,90392.0,84720.3,17658164.41,82867.25,84349.5,87994.5,0.8
4118,9,231,11,74238.0,46048.0,74238.0,55451.1,68163215.89,48486.25,54601.0,56987.0,0.8
4118,11,263,13,74238.0,46048.0,59756.0,53462.9,23703479.889999997,48486.25,54601.0,56987.0,0.8
4119,9,199,11,136928.0,75594.0,136928.0,98182.7,254301303.81000003,90264.25,98254.0,102696.25,0.9
4119,11,227,13,136928.0,75594.0,104768.0,94467.6,90633687.83999999,90264.25,98254.0,100871.25,1.0
4120,9,151,11,88396.0,57671.0,88396.0,77074.6,103387672.43999998,70001.0,81206.5,84905.25,0.8
4120,11,180,13,88396.0,57671.0,88094.0,76717.2,96444748.55999999,70001.0,81206.5,84453.75,0.9
4121,9,190,11,91965.0,65624.0,91965.0,77666.7,46621052.61,74180.25,77234.0,80550.5,0.9
4122,9,212,11,163051.0,105274.0,163051.0,123216.5,208452101.85,116972.0,119915.5,124568.0,0.3
4122,11,249,13,163051.0,105274.0,124840.0,118476.2,27517867.96,116972.0,119915.5,121268.75,0.3
4122,13,279,15,163051.0,105274.0,121598.0,116589.7,22641610.81,115581.75,117903.0,119952.75,0.4
4122,15,314,17,163051.0,104220.0,120163.0,114840.1,32287429.290000003,112073.0,117025.0,119549.5,0.5
4122,17,343,19,163051.0,104220.0,119841.0,112454.2,32589454.560000002,106718.5,113416.5,117078.0,0.7
4123,9,210,11,137840.0,98969.0,137840.0,116918.0,86619495.4,112218.75,117849.5,119591.0,0.5
4123,11,259,13,137840.0,98969.0,119955.0,114316.4,36521278.44,111471.25,116810.5,118465.25,0.6
4125,9,176,11,115611.0,74411.0,115611.0,86016.3,129872970.21,78774.25,82593.0,89269.5,0.7
4125,11,207,13,115611.0,74411.0,90281.0,82514.3,24534171.810000002,78774.25,82593.0,86420.25,0.7
4125,13,242,15,115611.0,74411.0,87749.0,81883.4,18316463.04,78774.25,82593.0,85669.25,0.8
4125,15,272,17,115611.0,74411.0,86235.0,81341.5,13741583.25,78774.25,82593.0,84236.75,1.0
4126,9,109,11,121593.0,74584.0,126402.0,115036.5,232876612.45,113851.5,121593.0,124627.0,0.9
4127,9,220,11,54437.0,42888.0,54437.0,48253.5,9395300.25,46777.0,47998.5,49363.5,0.9
4128,9,204,11,136425.0,89783.0,136425.0,105925.1,192075706.48999998,99165.25,102695.0,104905.5,0.5
4128,11,253,13,136425.0,89783.0,106525.0,99923.9,29245684.49,96926.0,102204.5,103699.75,0.6
4128,13,290,15,136425.0,89783.0,103965.0,98515.5,23484401.85,95270.25,100084.5,102717.75,0.8
4128,15,319,17,136425.0,89783.0,102904.0,98399.8,22343865.96,95270.25,100084.5,102717.75,0.9
4129,9,199,11,94696.0,83863.0,97635.0,91408.5,24452983.45,86666.75,94146.5,95322.25,0.4
4129,11,228,13,94696.0,72491.0,95531.0,88347.7,45246803.61,85288.0,88577.5,94421.25,0.6
4130,9,202,11,95121.0,62450.0,95121.0,73258.6,91369921.24000001,65262.5,70786.5,78974.5,0.7
4131,9,208,11,83799.0,62200.0,83799.0,74340.3,28811017.610000003,72310.25,75724.5,76624.75,0.9
4133,9,201,11,46767.0,46767.0,63253.0,57347.1,40274358.89,52499.75,60050.0,62499.75,0.9
4134,9,195,11,65432.0,51933.0,74276.0,64932.3,46878779.61,61077.75,65432.0,69722.0,0.9
4135,9,153,11,164820.0,79054.0,164820.0,113189.7,800216967.61,95481.75,99865.0,129625.5,0.6
4135,11,178,13,164820.0,79054.0,136650.0,101970.8,199756083.16,95481.75,99865.0,106499.25,0.8
4137,9,187,11,82977.0,65223.0,82977.0,72472.6,30961423.439999998,68125.75,71041.5,76820.25,0.6
4137,11,224,13,82977.0,65223.0,77110.0,71110.8,18358494.560000002,67951.25,70760.0,75329.25,0.7
4138,9,161,11,78134.0,55238.0,78134.0,61629.6,37509437.440000005,58561.5,60524.5,62715.75,0.9
4139,9,190,11,75217.0,70421.0,88199.0,78954.9,30927135.890000004,75217.0,79695.0,82413.0,0.8
4140,9,192,11,83591.0,52727.0,83591.0,69993.4,84081157.03999999,63205.25,71221.5,75595.25,0.8
4140,11,232,13,83591.0,52727.0,78369.0,69012.2,63190503.760000005,63205.25,71221.5,75595.25,0.8
4140,13,268,15,83591.0,52727.0,76743.0,68780.7,59318036.41000001,63205.25,71221.5,75595.25,0.8
4141,9,220,11,66152.0,66152.0,71785.0,69137.8,5514294.16,66563.5,69638.5,71434.75,0.8
4142,9,201,11,124151.0,71108.0,124151.0,97488.9,196285334.29000002,89618.5,94985.5,107644.75,0.6
4142,11,240,13,124151.0,71108.0,109357.0,95832.7,132412089.01000002,89618.5,94985.5,106886.5,0.6
4144,9,168,11,118761.0,89106.0,120265.0,108194.9,103245543.49,102606.25,106334.0,118761.0,0.6
4144,11,204,13,118761.0,89106.0,118761.0,105803.0,72217442.8,102606.25,104854.5,109420.0,0.8
4145,9,172,11,86008.0,71359.0,86756.0,83049.2,22369723.36,82682.75,85269.0,86008.0,0.9
4146,9,208,11,127063.0,83153.0,127063.0,101296.9,149087282.89000002,94613.25,100301.0,107233.75,0.9
4147,9,204,11,94380.0,87129.0,108839.0,98462.6,56010621.039999984,94133.25,97033.0,105544.0,0.5
4147,11,243,13,94380.0,87129.0,106707.0,97740.4,43468764.44,94133.25,97033.0,103861.0,0.5
4148,9,165,11,83657.0,66803.0,83766.0,76537.6,39012380.04000001,71573.75,76845.0,82987.25,0.8
4149,9,194,11,80414.0,62895.0,80414.0,71984.1,35968384.29,67645.5,72336.5,75658.5,0.3
4149,11,220,13,80414.0,62057.0,75985.0,68401.1,26950349.689999998,62966.0,68870.0,72421.75,0.5
4149,13,265,15,80414.0,62057.0,72507.0,66616.0,15199774.8,62966.0,65768.5,70413.5,0.7
4149,15,299,17,80414.0,62057.0,71319.0,65387.7,7373073.8100000005,62966.0,65159.0,66996.25,0.9
4150,9,197,11,77343.0,54838.0,77343.0,64780.4,35213979.24,61531.25,65847.0,67265.0,0.8
4151,9,147,11,76076.0,48674.0,76076.0,58923.1,48240431.489999995,56563.25,58158.5,60614.25,0.8
4152,9,134,11,55572.0,31075.0,55572.0,47374.1,53190145.29000001,43024.5,47841.5,53920.0,0.9
4153,9,222,11,84832.0,59287.0,84832.0,66384.2,45391344.96,62257.75,65360.0,67247.25,0.8
4155,9,208,11,105417.0,69412.0,105417.0,83529.1,93318946.89000002,77697.25,81392.0,84905.0,0.8
4155,11,237,13,105417.0,69412.0,87846.0,81002.6,29335056.43999999,77697.25,81392.0,84905.0,1.0
4156,9,220,11,100222.0,73223.0,100222.0,83163.3,49196096.410000004,78737.0,83596.0,84997.0,0.9
4157,9,247,11,96642.0,84223.0,96645.0,92471.7,18764843.610000003,88843.75,93571.5,96601.5,0.3
4157,11,290,13,96642.0,84223.0,96642.0,90891.5,15607930.65,87984.5,90461.0,93893.25,0.5
4157,13,328,15,96642.0,84223.0,94215.0,89565.9,8229666.290000002,87951.25,88742.5,91726.5,0.6
4158,9,242,11,79669.0,72593.0,93924.0,84123.3,52084838.20999999,79669.0,86093.0,90284.0,0.6
4159,9,138,11,91117.0,73539.0,91117.0,83724.6,32441510.24,81901.25,84303.5,88473.75,0.8
4160,9,232,11,96232.0,76643.0,96232.0,89489.8,28608781.160000004,90161.75,91245.0,91903.25,0.1
4160,11,285,13,96232.0,74091.0,91974.0,86502.3,40144565.21,83169.75,90358.5,91459.5,0.2
4160,13,311,15,96232.0,68199.0,91674.0,82366.1,66223067.29,74738.75,83708.5,90555.25,0.4
4160,15,350,17,96232.0,68199.0,90752.0,79244.1,50233855.69,74094.25,76929.5,84247.25,0.6
4160,17,375,19,96232.0,68199.0,84786.0,77138.9,21630725.69,74094.25,76929.5,80620.25,0.7
4162,9,161,11,147006.0,91538.0,147006.0,117390.9,170836390.69,113868.0,116348.0,121029.0,0.9
4163,9,197,11,115984.0,66467.0,115984.0,89243.8,172220931.95999998,82376.5,88089.5,96182.25,0.4
4163,11,222,13,115984.0,66467.0,97366.0,84335.6,66186277.84000001,82074.75,84715.0,88600.25,0.6
4163,13,258,15,115984.0,66467.0,89111.0,81302.0,37946249.6,78853.25,82158.5,85808.5,0.8
4164,9,190,11,89423.0,72726.0,91148.0,84220.8,35785051.36,82038.5,85348.5,89360.5,0.5
4164,11,217,13,89423.0,67269.0,89423.0,81089.5,47709558.65,76657.0,82449.5,85955.25,0.7
4164,13,245,15,89423.0,67269.0,86562.0,80125.4,35597753.239999995,76657.0,82449.5,84339.0,0.8
4167,9,215,11,106280.0,91306.0,106280.0,97137.0,17052914.8,94373.5,96856.0,98238.25,0.8
4167,11,248,13,106280.0,90902.0,98427.0,95303.4,7580763.039999999,92961.25,96267.0,97797.75,1.0
4168,9,208,11,107465.0,86300.0,107465.0,96262.6,31608662.439999998,92489.0,96444.0,99751.25,0.9
4169,9,198,11,60708.0,58441.0,67634.0,62209.2,6479647.76,60708.0,62286.5,63279.75,0.8
4171,9,196,11,147879.0,102913.0,147879.0,118088.2,184750678.16,110852.0,114759.5,118955.0,0.2
4171,11,223,13,147879.0,84505.0,119684.0,108831.9,93646254.09,104418.0,111673.0,115419.75,0.3
4171,13,263,15,147879.0,84505.0,116080.0,103640.4,108897890.04,98830.0,105792.0,112494.0,0.5
4171,15,291,17,147879.0,84505.0,113315.0,100732.0,78062905.4,97822.5,102232.5,107166.0,0.7
4171,17,317,19,147879.0,84505.0,108540.0,98690.9,49867113.690000005,97822.5,100855.5,102878.75,0.9
4171,19,352,21,147879.0,84505.0,103044.0,98063.2,41048619.160000004,97822.5,100855.5,102647.75,1.0
4172,9,238,11,127863.0,75042.0,127863.0,91664.0,328107415.4,79478.0,83715.0,100997.0,0.6
4172,11,277,13,127863.0,75042.0,106664.0,82543.2,74600842.36,77136.5,80471.5,83734.0,0.8
4173,9,205,11,85594.0,74904.0,101181.0,89133.1,71748387.28999999,85594.0,89386.5,96672.75,0.6
4173,11,241,13,85594.0,74904.0,98658.0,87872.0,50546011.6,85594.0,89386.5,91969.5,0.8
4174,9,168,11,79108.0,52888.0,79108.0,66010.0,65008768.2,59363.0,66219.5,72848.5,0.6
4174,11,213,13,79108.0,52888.0,73521.0,64842.7,44663661.010000005,59363.0,66219.5,70667.75,0.7
4175,9,231,11,116421.0,105488.0,118468.0,112993.7,21638719.21,108520.5,114847.0,116421.0,0.7
4176,9,183,11,131469.0,59532.0,131469.0,111639.3,446558910.81000006,108394.25,117055.5,127791.75,0.5
4176,11,231,13,131469.0,59532.0,129635.0,103718.4,485395794.23999995,94061.5,112531.0,118648.25,0.7
4176,13,257,15,131469.0,59532.0,120241.0,101237.2,397087204.56000006,94061.5,112531.0,113612.5,0.9
4177,9,203,11,84721.0,70799.0,84721.0,77486.6,26473057.64,72911.25,76799.0,81974.25,0.9
4178,9,209,11,96247.0,68321.0,96247.0,78567.7,61546949.81,73690.75,77150.5,82808.5,0.7
4179,9,195,11,90753.0,44131.0,90753.0,58932.3,159962618.41000003,51613.0,56703.0,59978.25,0.8
4179,11,227,13,90753.0,44131.0,61922.0,54931.1,30034861.089999996,51613.0,56703.0,59061.0,0.9
4180,9,154,11,85201.0,63983.0,85201.0,77906.7,59315678.80999999,74595.5,82139.5,83526.25,0.7
4181,9,213,11,77110.0,77110.0,88648.0,82498.1,18530733.690000005,78224.5,82322.5,86595.5,0.9
4182,9,235,11,83669.0,49888.0,83669.0,71675.6,104406259.23999998,64970.25,76168.5,78077.75,0.9
4183,9,186,11,66001.0,45099.0,66001.0,53243.3,33377355.21,49573.25,51810.5,56875.75,0.9
4184,9,194,11,147432.0,100224.0,147432.0,116071.4,147745763.04,109857.5,114417.0,115454.5,0.7
4184,11,221,13,147432.0,100224.0,115950.0,111454.1,22314012.09,109487.25,113072.0,115131.25,0.8
4185,9,173,11,153218.0,109799.0,153218.0,128234.1,236239195.49,115215.5,124298.0,137651.0,0.6
4185,11,185,13,153218.0,109799.0,138926.0,124528.6,106021503.64,115215.5,124298.0,134268.5,0.6
4186,9,220,11,76903.0,54475.0,76903.0,70101.3,42265407.410000004,69086.25,71119.0,74944.75,0.7
4186,11,259,13,76903.0,54475.0,76331.0,69820.9,39158631.49,69086.25,71119.0,74072.5,0.8
4188,9,230,11,101565.0,62357.0,101565.0,75029.2,117169945.96000001,67515.75,73379.0,75338.0,0.6
4188,11,270,13,101565.0,62357.0,75672.0,70679.3,18892510.009999998,66851.5,72906.5,73871.25,0.7
4189,9,216,11,46998.0,46998.0,59294.0,53195.3,22764608.61,48173.25,54143.5,57538.75,0.9
4190,9,212,11,104228.0,81554.0,104228.0,94411.6,73839124.44,85273.0,97603.0,101525.25,0.6
4191,9,206,11,89239.0,80360.0,90973.0,86503.5,8583523.25,85071.5,86382.0,88982.0,0.7
4191,11,255,13,89239.0,80360.0,89239.0,86132.3,6505471.41,85071.5,86382.0,87973.5,0.8
4192,9,204,11,94152.0,67704.0,94152.0,80672.4,50071616.04,76013.25,82076.5,84163.0,0.5
4192,11,245,13,94152.0,67704.0,84553.0,77915.8,26330682.559999995,74645.0,78867.0,82405.25,0.7
4192,13,290,15,94152.0,67704.0,82734.0,77150.7,20627963.21,74645.0,77610.0,81109.5,0.9
4193,9,220,11,70514.0,62300.0,81628.0,70446.7,26512854.610000003,68082.5,70514.0,72609.75,0.8
4194,9,235,11,97265.0,74495.0,97265.0,84423.9,45391636.49000001,78413.75,84246.5,89406.25,0.6
4194,11,259,13,97265.0,74495.0,89723.0,83354.5,27604835.85,78413.75,84246.5,88312.75,0.7
4194,13,292,15,97265.0,74495.0,88456.0,82488.1,20979489.690000005,78413.75,82919.0,86611.5,0.9
4195,9,218,11,102192.0,79925.0,102192.0,90353.4,37974133.839999996,86603.75,90651.5,91890.25,0.4
4195,11,246,13,102192.0,79925.0,93617.0,89007.3,17881777.009999998,86603.75,90651.5,91890.25,0.4
4196,9,197,11,95322.0,73944.0,97750.0,88218.8,54189555.55999999,83657.0,88307.0,95206.25,0.8
4197,9,188,11,49547.0,49547.0,53831.0,50741.5,2041157.45,49596.0,50064.0,51435.0,0.9
4198,9,195,11,111813.0,94030.0,128894.0,118830.9,110333359.69000001,112882.5,120964.0,127656.75,0.6
4199,9,203,11,165004.0,95948.0,165004.0,127780.2,326106541.76,116528.0,128668.0,137481.75,0.6
4199,11,244,13,165004.0,95948.0,137820.0,124406.7,173796633.41000003,116528.0,128668.0,135896.25,0.6
4200,9,218,11,78610.0,65237.0,78610.0,73187.3,21276420.81,68915.0,73627.5,77864.5,0.9
4202,9,247,11,94366.0,70138.0,94366.0,79554.4,49789004.24,75654.5,76928.5,82903.75,0.7
4202,11,280,13,94366.0,70138.0,84130.0,77707.2,17779068.96,75654.5,76928.5,80521.0,0.7
4205,9,223,11,125651.0,98193.0,125651.0,109098.3,64813829.010000005,102308.0,109263.0,110706.5,0.5
4205,11,260,13,125651.0,98193.0,113700.0,106030.5,25146168.45,101382.5,106973.5,110094.75,0.6
4207,9,208,11,91171.0,72198.0,91171.0,83114.8,35671179.56,81014.25,84917.5,87172.0,0.8
4208,9,197,11,66184.0,58753.0,68754.0,65137.5,11690515.05,64021.0,66184.0,67793.25,0.8
4209,9,194,11,77033.0,73534.0,83260.0,78455.9,10282301.69,77033.0,78002.5,81246.25,0.7
4210,9,204,11,75732.0,58357.0,75732.0,66889.1,25380002.689999998,65091.0,66947.5,69967.75,0.8
4211,9,237,11,74988.0,57917.0,76442.0,70176.2,38827385.96,64982.5,73139.0,74988.0,0.7
4211,11,285,13,74988.0,57917.0,75825.0,69903.2,35893189.160000004,64982.5,72815.5,74939.5,0.9
4212,9,210,11,114910.0,54682.0,114910.0,83932.4,215146702.64000002,76887.25,85231.0,90488.25,0.9
4213,9,190,11,111699.0,82806.0,111699.0,100142.3,55831436.81,97629.25,101074.0,104594.25,0.7
4216,9,199,11,83957.0,72885.0,87535.0,80666.2,19961253.96,77482.5,80542.0,83957.0,0.8
4217,9,227,11,84432.0,70408.0,84432.0,80037.8,16721061.559999999,78968.75,80953.0,83027.25,0.7
4217,11,253,13,84432.0,70408.0,83112.0,79852.7,15368490.41,78968.75,80953.0,82918.0,0.8
4218,9,190,11,82276.0,59291.0,82276.0,74681.7,49524543.21,73190.5,77016.0,78217.0,0.8
4218,11,226,13,82276.0,59291.0,80398.0,73966.2,41282520.96,73190.5,76925.5,77723.75,0.9
4219,9,182,11,111088.0,84067.0,111088.0,92135.8,50830962.760000005,89739.75,90708.0,93735.75,0.3
4219,11,221,13,111088.0,84067.0,94607.0,89613.4,12483420.04,86804.0,90322.5,91222.5,0.4
4219,13,256,15,111088.0,72831.0,91344.0,86650.9,27816196.689999998,84910.0,88154.0,90440.25,0.6
4220,9,220,11,88823.0,82418.0,102068.0,91794.4,31593761.840000004,88526.75,89990.5,93955.75,0.6
4220,11,265,13,88823.0,82418.0,94636.0,90195.4,11928837.24,88526.75,89990.5,92911.75,0.7
4221,9,189,11,77686.0,65524.0,80477.0,77281.5,16950847.25,77686.0,78487.0,79227.75,0.6
4222,9,269,11,89819.0,64340.0,89819.0,78456.5,39466376.05,77369.25,77804.5,81969.5,0.4
4222,11,295,13,89819.0,64340.0,82869.0,76440.5,20702279.85,76183.25,77409.0,77809.75,0.6
4222,13,328,15,89819.0,64340.0,77936.0,75804.8,15785907.36,76183.25,77409.0,77809.75,0.6
4223,9,234,11,118094.0,92261.0,118094.0,103556.6,70580671.64,95520.0,106837.0,109343.0,0.9
4224,9,168,11,143360.0,107740.0,143360.0,120782.5,77052609.05,117311.5,119365.0,122957.0,0.7
4225,9,208,11,87693.0,65262.0,87693.0,83500.5,40406107.85,83949.0,85703.0,86888.25,0.9
4226,9,150,11,29723.0,15346.0,29723.0,20998.9,12719310.690000001,19916.25,20363.5,20997.0,0.9
4228,9,162,11,45461.0,38404.0,45461.0,41578.7,5923134.41,39412.75,41429.0,42810.0,0.8
4228,11,190,13,45461.0,38404.0,43627.0,41177.0,3455636.2,39412.75,41429.0,42810.0,1.0
4229,9,210,11,85746.0,40933.0,85746.0,68022.8,128054558.76000002,65554.5,68059.0,70519.75,0.8
4229,11,260,13,85746.0,40933.0,72980.0,65203.3,72109633.81,65554.5,66748.0,69192.5,0.9
4230,9,141,11,37945.0,19081.0,37945.0,29173.5,22142818.65,27233.0,28694.0,31722.5,0.9
4232,9,137,11,28298.0,17815.0,28298.0,21956.2,9842624.36,19469.0,21575.5,24304.5,0.9
4233,9,177,11,34933.0,17638.0,34933.0,28382.4,33345209.04,24042.25,29529.5,33721.0,0.9
4234,9,186,11,31290.0,16626.0,31290.0,24316.1,26724376.29,20289.75,22530.5,29560.25,0.8
4234,11,221,13,31290.0,16626.0,29983.0,23482.6,19514266.04,20289.75,22530.5,27568.0,1.0
4235,9,205,11,41575.0,20963.0,41575.0,29939.8,25288322.96,29457.75,29844.0,30930.5,0.9
4236,9,190,11,27755.0,18714.0,27755.0,23290.2,7290993.56,21513.0,23274.0,25349.5,0.9
4237,9,183,11,43279.0,23742.0,43279.0,31040.3,41524607.010000005,27078.25,28538.0,32431.75,0.7
4237,11,200,13,43279.0,23742.0,33587.0,27929.0,6581877.6,26443.75,28046.0,28921.75,0.9
4238,9,196,11,61391.0,24754.0,61391.0,36556.3,99055567.61000001,29696.75,37057.5,38518.25,0.9
4239,9,176,11,47510.0,32013.0,47510.0,41759.5,26501393.25,39323.5,42599.5,46529.75,0.5
4239,11,194,13,47510.0,32013.0,47003.0,40499.6,18719603.84,39323.5,40939.0,43540.5,0.7
4239,13,218,15,47510.0,32013.0,44354.0,39728.8,12384146.959999999,39323.5,40939.0,41619.0,0.9
4240,9,184,11,73589.0,47587.0,73589.0,59439.3,61709386.410000004,52969.5,59432.0,65433.75,0.9
4241,9,172,11,66087.0,35822.0,66087.0,50270.2,51352027.96,48149.5,49090.5,53145.0,0.9
4242,9,211,11,45940.0,6745.0,45940.0,21722.3,139703391.20999998,11339.0,21873.0,26233.0,0.8
4242,11,243,13,45940.0,6745.0,31470.0,19684.2,74549814.35999998,11339.0,21873.0,26233.0,1.0
4245,9,181,11,51987.0,36055.0,51987.0,43869.1,18848652.690000005,41933.0,43839.0,46526.5,0.7
4246,9,221,11,49628.0,28662.0,49628.0,39202.8,31619730.159999996,36999.75,38415.5,42087.25,0.8
4246,11,247,13,49628.0,28662.0,44154.0,38420.2,19929549.560000002,36999.75,38415.5,42087.25,1.0
4247,9,200,11,87387.0,75827.0,99356.0,91583.6,42949833.440000005,88311.5,92869.5,95774.0,0.9
4248,9,204,11,40210.0,22160.0,40210.0,29957.5,28320002.65,26180.0,29365.0,32963.25,0.9
4249,9,183,11,55692.0,32679.0,55692.0,42925.2,53124020.160000004,37352.5,42732.5,43793.5,0.8
4249,11,216,13,55692.0,32679.0,48329.0,41284.3,22137771.61,37352.5,42732.5,43793.5,1.0
4250,9,202,11,53313.0,37739.0,53313.0,46623.3,14649272.61,46169.25,47032.0,48423.25,0.9
4251,9,202,11,72985.0,58868.0,87339.0,77492.7,61294004.21,73355.5,79138.5,82132.5,0.8
4252,9,188,11,54452.0,46102.0,54452.0,49915.1,7658045.69,47016.25,50671.5,52055.75,0.7
4254,9,213,11,57369.0,36426.0,57369.0,48816.3,39389887.60999999,47079.0,51034.0,52717.0,0.8
4254,11,257,13,57369.0,36426.0,52929.0,47837.4,30376917.440000005,47018.25,49413.5,52058.5,1.0
4257,9,194,11,92385.0,88177.0,97258.0,93227.4,6842434.639999999,92385.0,93292.5,94968.75,0.6
4258,9,206,11,34532.0,16598.0,34532.0,27116.8,47588994.760000005,20764.25,30310.0,33341.5,0.9
4259,9,223,11,89843.0,64849.0,89843.0,74276.6,59302823.839999996,68588.5,74340.0,75556.0,0.8
4259,11,253,13,89843.0,64849.0,76390.0,72030.4,18800894.240000002,68588.5,74340.0,75556.0,0.9
4260,9,177,11,54678.0,21603.0,54678.0,42389.2,72553532.16,39776.0,43028.5,47479.0,0.9
4261,9,171,11,31828.0,17413.0,31828.0,26626.0,17758747.8,26386.75,27926.5,29121.0,0.9
4262,9,176,11,40211.0,27783.0,47324.0,40508.8,26626524.759999998,39897.5,40336.5,43044.75,0.9
4264,9,156,11,46132.0,30168.0,46132.0,36984.4,19256199.84,33639.25,37597.0,39209.5,0.9
4265,9,181,11,76377.0,67461.0,76642.0,73486.1,8629683.49,71510.5,73819.0,76342.5,0.6
4266,9,200,11,121309.0,66694.0,121309.0,83822.0,176768759.2,80395.25,81152.5,82275.0,0.7
4267,9,230,11,81026.0,62650.0,81026.0,68463.8,25029300.36,65624.0,67526.5,69320.0,0.6
4267,11,261,13,81026.0,62650.0,69708.0,66702.7,5154278.01,65624.0,66798.0,68664.0,0.7
4268,9,180,11,80797.0,51239.0,80797.0,67376.4,70977576.03999999,62782.0,67032.0,69537.5,0.8
4268,11,208,13,80797.0,51239.0,70766.0,63938.1,36231657.690000005,60821.5,66840.5,67747.5,0.9
4271,9,166,11,68987.0,40160.0,68987.0,51078.9,50741585.29000001,47356.5,50214.5,52176.5,0.8
4271,11,185,13,68987.0,40160.0,55259.0,49606.8,17494842.16,47356.5,50214.5,52176.5,0.9
4272,9,216,11,58011.0,29456.0,58011.0,40639.0,47366392.2,38254.25,39362.0,42105.0,0.7
4272,11,254,13,58011.0,29456.0,42797.0,38717.9,12441752.09,38254.25,39362.0,41005.5,0.9
4274,9,190,11,79059.0,58073.0,79059.0,71162.6,31989367.04,68586.0,72931.0,73822.75,0.9
4275,9,211,11,144557.0,93173.0,144557.0,105223.1,273935904.69,94770.0,96890.5,104910.25,0.7
4275,11,236,13,144557.0,93173.0,107908.0,99301.1,29398825.290000003,94770.0,96890.5,104910.25,0.7
4275,13,270,15,144557.0,79366.0,105845.0,96408.8,52853213.160000004,93810.75,96106.0,101334.75,0.8
4276,9,181,11,54902.0,49383.0,63772.0,56183.2,13840072.76,54098.0,55279.0,58574.75,0.9
4277,9,203,11,36531.0,35900.0,46643.0,42162.5,15970453.65,38072.5,43637.5,45027.5,0.9
4278,9,172,11,113053.0,76541.0,113053.0,92811.6,86122279.84,87557.0,91671.0,97544.0,0.6
4278,11,209,13,113053.0,76523.0,97813.0,88412.9,49558793.489999995,85008.25,91151.0,91795.0,0.8
4278,13,224,15,113053.0,76523.0,92789.0,86530.8,35161529.56,83350.25,88617.0,91406.75,1.0
4279,9,229,11,100716.0,67758.0,100716.0,85494.6,81229274.24,78974.0,87535.5,89614.75,0.4
4279,11,251,13,100716.0,67758.0,89956.0,82023.1,55450629.089999996,76536.5,86447.5,87605.75,0.6
4279,13,288,15,100716.0,67758.0,87676.0,80920.9,46488626.69,76536.5,83145.5,87092.25,0.8
4280,9,236,11,106219.0,62366.0,106219.0,81810.1,134600688.48999998,77482.25,79825.0,86631.25,0.7
4280,11,276,13,106219.0,62366.0,88242.0,79144.6,58065868.84000001,77482.25,79825.0,85365.25,0.7
4280,13,307,15,106219.0,62366.0,86971.0,78761.0,52410684.2,77482.25,79825.0,83754.25,0.7
4281,9,130,11,29994.0,18044.0,29994.0,22733.5,9730140.65,21042.5,22506.0,23419.25,0.9
4282,9,169,11,40171.0,40171.0,51628.0,44948.4,20699001.84,40629.25,44021.0,49433.25,0.8
4282,11,187,13,40171.0,40171.0,50544.0,44681.5,17505907.85,40629.25,44021.0,48930.75,0.9
4283,9,172,11,102035.0,62434.0,102035.0,77903.7,117567018.41,71562.25,76643.5,82702.75,0.7
4285,9,175,11,186158.0,92161.0,186158.0,140785.8,755065121.16,128746.5,137289.0,156212.5,0.4
4285,11,208,13,186158.0,92161.0,157791.0,132552.1,340808254.09,128746.5,137289.0,142343.75,0.4
4285,13,237,15,186158.0,92161.0,146085.0,130813.0,274111827.4,128746.5,137289.0,142343.75,0.4
4286,9,228,11,78792.0,62500.0,78792.0,74736.3,21204200.609999996,74234.0,76042.5,77952.25,0.9
4290,9,167,11,38480.0,25478.0,38480.0,33075.5,12140082.45,31074.0,33403.0,35503.5,0.9
4291,9,152,11,53884.0,43843.0,62438.0,54239.2,28083496.76,51249.5,53884.0,57635.0,0.7
4291,11,186,13,53884.0,43843.0,61394.0,53880.4,23293548.440000005,51249.5,53884.0,57635.0,0.9
4292,9,203,11,79209.0,56026.0,79209.0,67555.4,48648141.44,61798.75,67473.5,73316.75,0.9
4293,9,176,11,46811.0,39134.0,46811.0,42591.0,5619929.6,40381.25,42798.5,44263.5,0.8
4293,11,204,13,46811.0,39134.0,44853.0,42090.5,3587443.65,40381.25,42318.5,43704.5,0.9
4294,9,185,11,81252.0,50468.0,81386.0,66320.8,148464000.36,53706.75,67110.0,79308.25,0.6
4294,11,214,13,81252.0,50468.0,81252.0,63937.5,100178942.45,53706.75,66953.0,70260.25,0.8
4294,13,240,15,81252.0,50468.0,71808.0,62774.6,71350553.03999999,53706.75,66953.0,70260.25,1.0
4295,9,153,11,101709.0,80054.0,101709.0,91457.6,28472235.24,90100.5,92025.0,93080.0,0.5
4295,11,190,13,101709.0,71323.0,93468.0,88221.6,46848257.24,87232.25,91702.0,92462.5,0.6
4297,9,175,11,63671.0,58554.0,70438.0,65622.1,17595684.09,63237.5,65582.5,69786.5,0.9
4298,9,162,11,76658.0,56846.0,79546.0,75214.5,41032575.05,76218.5,76951.0,78772.0,0.9
4299,9,178,11,161292.0,104952.0,161292.0,113177.5,260628756.45,106763.5,108317.5,110104.25,0.8
4301,9,214,11,94074.0,79799.0,94074.0,86951.3,19970079.610000003,82850.5,87100.0,90693.25,0.6
4302,9,139,11,81280.0,37371.0,81280.0,63310.5,200272809.25,60166.5,67817.0,73203.5,0.9
4303,9,196,11,147919.0,97512.0,147919.0,112840.7,184295467.60999995,105243.75,110498.0,113890.0,0.6
4303,11,231,13,147919.0,97512.0,114473.0,108590.1,33788902.89,105243.75,110498.0,113554.0,0.6
4304,9,172,11,142732.0,102869.0,142732.0,117491.8,89564850.76,114183.75,116745.0,117706.75,0.4
4304,11,219,13,142732.0,102869.0,117970.0,112657.5,26671727.05,110352.75,114444.5,116757.5,0.6
4305,9,204,11,62072.0,47393.0,64583.0,59384.6,19791876.240000002,58350.5,60910.5,61869.5,0.7
4305,11,229,13,62072.0,47393.0,62072.0,58436.3,16751450.809999999,57922.5,59641.0,61071.0,0.9
4306,9,168,11,59020.0,41893.0,59020.0,45729.0,20725587.6,43998.75,44519.5,45282.5,0.9
4307,9,222,11,77536.0,49151.0,77536.0,55632.2,63052032.760000005,50621.5,53458.5,56281.75,0.9
4308,9,177,11,127149.0,37234.0,127149.0,98647.5,1045363538.65,70409.0,120685.5,125104.75,0.4
4308,11,198,13,127149.0,37234.0,125714.0,89449.0,869767109.8,70409.0,80711.0,121208.25,0.6
4308,13,215,15,127149.0,37234.0,121731.0,81572.8,565619281.76,70409.0,80711.0,85425.75,0.8
4308,15,234,17,127149.0,37234.0,86372.0,74670.6,216042572.44,70409.0,80711.0,85425.75,1.0
4310,9,191,11,165642.0,106045.0,165642.0,128838.2,225383276.36000004,121773.25,128303.0,131615.25,0.2
4310,11,228,13,165642.0,106045.0,132298.0,122690.9,70468422.49000001,116243.0,126176.0,129400.75,0.3
4310,13,263,15,165642.0,106045.0,129567.0,120417.7,53211607.21,115687.0,120754.5,126940.0,0.4
4310,15,303,17,165642.0,106045.0,127704.0,119606.0,42146122.6,115687.0,120754.5,124334.75,0.4
4310,17,332,19,165642.0,106045.0,124648.0,117855.7,33054398.01,113602.25,119642.5,122750.0,0.5
4311,9,205,11,107598.0,76640.0,107598.0,97312.4,73395970.24,93600.75,100354.5,103362.25,0.4
4311,11,248,13,107598.0,76640.0,103775.0,95566.3,64916384.81,90875.5,97589.0,101929.25,0.5
4312,9,171,11,76156.0,42920.0,76156.0,54144.8,80591377.96,48312.25,50947.0,58303.75,0.9
4313,9,175,11,87859.0,64230.0,87859.0,72473.5,46925649.05,68439.25,70419.5,74982.5,0.7
4313,11,214,13,87859.0,64230.0,76220.0,70065.4,10331999.639999999,68439.25,70419.5,71792.75,0.9
4314,9,171,11,130657.0,98748.0,130657.0,109878.5,64798572.45,106194.0,109538.0,109793.25,0.8
4314,11,199,13,130657.0,98748.0,113898.0,107850.8,17086541.56,106194.0,109538.0,109793.25,1.0
4315,9,139,11,133487.0,81541.0,133487.0,114422.1,173429194.69,113497.0,117081.5,121412.25,0.6
4315,11,173,13,133487.0,81541.0,121824.0,112902.3,136267653.01000002,113497.0,116708.0,120377.75,0.7
4315,13,205,15,133487.0,81541.0,120825.0,111228.5,118034981.65,112913.75,113914.5,117498.5,0.9
4316,9,161,11,120079.0,85097.0,129164.0,115070.0,176734747.8,106702.25,119506.5,125683.0,0.9
4317,9,199,11,39273.0,22184.0,39273.0,30374.6,28249980.24,26925.25,29199.5,34174.25,0.8
4317,11,232,13,39273.0,22184.0,36646.0,29839.4,20704129.240000002,26925.25,29199.5,34174.25,1.0
4318,9,204,11,125063.0,104511.0,125063.0,116497.9,25442750.490000002,115461.75,116876.0,119165.0,0.1
4318,11,252,13,125063.0,80426.0,119235.0,111061.4,122729594.04,110363.0,115688.5,117135.5,0.3
4318,13,291,15,125063.0,80426.0,117395.0,109230.5,106950512.85,109031.75,111916.0,115915.25,0.5
4318,15,327,17,125063.0,80426.0,116142.0,106760.4,97092753.63999999,105569.5,109203.5,112363.5,0.7
4318,17,369,19,125063.0,80426.0,112811.0,105914.3,84828417.00999999,105569.5,109203.5,111103.5,0.7
4318,19,390,21,125063.0,80426.0,111131.0,103820.9,88381002.49000001,101357.25,108802.5,109760.75,0.9
4319,9,200,11,61778.0,45777.0,61778.0,56064.0,29831393.0,51354.75,58615.5,60538.0,0.8
4320,9,156,11,94442.0,75094.0,101876.0,92002.9,47811694.69,89737.5,93996.5,96110.75,0.6
4320,11,197,13,94442.0,75094.0,96667.0,90792.1,36087533.49,89634.75,92267.5,94442.0,0.8
4322,9,175,11,107428.0,45407.0,107428.0,88821.3,434261833.61,72377.75,101769.0,104997.0,0.4
4322,11,195,13,107428.0,45407.0,105459.0,83034.5,357055164.25,71375.0,80499.5,101891.5,0.6
4322,13,218,15,107428.0,45407.0,102014.0,78770.7,246257247.81,71375.0,80499.5,83242.0,0.8
4322,15,236,17,107428.0,45407.0,92145.0,76396.1,160588217.29000002,71375.0,80499.5,83242.0,0.9
4323,9,186,11,81967.0,60039.0,81967.0,69158.5,82426032.05,60249.5,65900.0,78270.75,0.6
4323,11,225,13,81967.0,60039.0,78997.0,66411.3,42921722.81,60249.5,65124.0,69542.5,0.8
4325,9,137,11,85112.0,37088.0,87936.0,67167.4,240405960.03999996,59865.75,65281.0,82352.0,0.7
4325,11,172,13,85112.0,37088.0,85112.0,65141.0,178037842.8,59865.75,65281.0,75422.75,0.9
4326,9,173,11,66822.0,28551.0,66822.0,47667.9,79627402.49000001,44917.75,46802.0,50798.0,0.9
4328,9,188,11,103285.0,87491.0,103285.0,94048.9,20766906.09,90472.5,94175.5,96452.0,0.6
4329,9,148,11,60593.0,44092.0,60593.0,54286.9,35791942.489999995,48750.25,56709.0,59364.5,1.0
4331,9,165,11,115554.0,91066.0,115554.0,101963.4,88351317.44,94462.0,97035.5,110697.5,0.6
4331,11,188,13,115554.0,91066.0,110708.0,98163.3,44842380.61,93616.0,95389.5,99331.25,0.8
4331,13,202,15,115554.0,91066.0,101281.0,96212.2,11223905.16,93616.0,95389.5,99331.25,0.9
4332,9,181,11,120151.0,80262.0,120151.0,93078.0,138470149.8,84460.25,90985.0,96405.0,0.7
4332,11,207,13,120151.0,80262.0,97777.0,89182.6,32790431.839999996,84460.25,90985.0,92857.5,0.8
4334,9,129,11,45715.0,45588.0,55332.0,50057.3,12881117.209999999,46105.5,50341.5,53348.5,0.9
4335,9,118,11,59066.0,51306.0,59066.0,54922.9,6186122.09,52861.75,54895.5,56567.0,0.9
4336,9,185,11,60638.0,49179.0,60638.0,56123.6,13672077.040000003,54928.25,57022.0,58222.5,0.7
4336,11,219,13,60638.0,49179.0,58396.0,55383.0,9299431.0,54928.25,56414.0,57524.75,0.9
4336,13,250,15,60638.0,49179.0,57702.0,55226.1,8575510.09,54928.25,56414.0,57307.0,1.0
4337,9,171,11,68588.0,58676.0,68588.0,62332.2,8206762.56,60680.25,61683.0,63883.5,0.9
4337,11,185,13,68588.0,58676.0,64680.0,61627.4,3859274.2399999998,60680.25,61333.5,63460.0,1.0
4338,9,170,11,70310.0,56931.0,70310.0,60592.4,11649607.24,58953.75,60240.5,60457.25,0.9
4339,9,136,11,170548.0,59770.0,170548.0,103826.8,1566962806.1599998,76277.75,85403.5,132986.25,0.7
4339,11,163,13,170548.0,59770.0,146718.0,90966.4,532683210.44000006,76277.75,85403.5,97162.5,0.9
4344,9,158,11,114910.0,73549.0,114910.0,86214.0,114905235.8,81409.25,82932.0,87264.25,0.4
4344,11,192,13,114910.0,73549.0,89172.0,83100.8,20117388.36,81409.25,82932.0,86682.25,0.4
4344,13,224,15,114910.0,71768.0,86877.0,79937.9,26554794.089999996,74704.25,81812.5,83055.5,0.6
4344,15,257,17,114910.0,71768.0,83179.0,78355.3,17743460.41,74028.5,79588.0,82384.75,0.8
4348,9,114,11,276755.0,62500.0,276755.0,137246.3,7288676141.410001,76250.0,91113.5,209331.25,0.6
4348,11,138,13,276755.0,62500.0,243454.0,101239.3,2428169420.4100003,76250.0,91113.5,96986.0,0.8
4348,13,156,15,276755.0,62500.0,99303.0,85920.7,169203147.20999998,76250.0,91113.5,96986.0,1.0
4349,9,191,11,77768.0,77768.0,92989.0,84067.9,27889411.29,78785.5,83580.5,87719.25,0.7
4350,9,205,11,82349.0,62825.0,82349.0,71725.2,40866182.559999995,66097.75,71240.5,76452.0,0.9
4351,9,181,11,105570.0,82316.0,113597.0,103016.7,100889782.01,104023.25,105570.0,108831.75,0.8
4351,11,222,13,105570.0,82316.0,111387.0,102557.0,92930499.0,104023.25,105570.0,108831.75,0.9
4352,9,257,11,68660.0,65785.0,74104.0,70732.1,6488268.69,68829.0,70976.5,72677.25,0.4
4352,11,292,13,68660.0,65785.0,72788.0,69697.3,4709621.209999999,68660.0,69564.0,71695.5,0.5
4352,13,333,15,68660.0,65785.0,72161.0,69296.4,3047546.6400000006,68660.0,69564.0,70373.25,0.5
4353,9,184,11,85103.0,40675.0,85103.0,55985.2,167463707.16,48804.75,53946.0,57709.0,0.8
4353,11,213,13,85103.0,40675.0,59337.0,52064.7,42469949.01,48804.75,53946.0,57709.0,1.0
4354,9,151,11,73828.0,42271.0,77813.0,67038.2,103324747.36000001,62420.5,69429.0,73828.0,0.5
4355,9,173,11,101164.0,89734.0,102265.0,98044.3,18151251.209999997,94352.0,100179.5,101164.0,0.7
4355,11,195,13,101164.0,89734.0,101655.0,97775.3,16281747.610000003,94352.0,99845.5,101084.0,0.8
4356,9,191,11,103857.0,74113.0,103857.0,90105.8,63361079.95999999,85083.5,91935.0,95165.5,0.8
4357,9,214,11,96115.0,75081.0,99470.0,92593.9,75941801.28999999,92806.0,96402.5,98142.0,0.9
4358,9,205,11,64754.0,56159.0,64754.0,61563.0,9918337.6,58511.75,62697.5,64569.5,1.0
4362,9,220,11,125883.0,80371.0,125883.0,95024.7,150767603.61,88883.75,91927.0,94167.75,0.1
4362,11,260,13,125883.0,80371.0,94445.0,89446.8,21627585.560000002,86198.75,91048.5,93407.5,0.1
4363,9,203,11,46193.0,28120.0,46193.0,36593.5,20024430.25,35578.75,36247.5,38589.25,0.9
4364,9,168,11,84437.0,68361.0,84437.0,76818.8,20236585.759999998,75901.5,76488.5,79992.75,0.8
4365,9,227,11,98491.0,75178.0,98491.0,91057.9,40228013.89,89840.75,91743.5,94356.5,0.7
4365,11,259,13,98491.0,75178.0,95673.0,90272.2,31263580.559999995,89840.75,91743.5,93376.25,0.7
4367,9,136,11,43434.0,18942.0,43434.0,29424.3,33612308.010000005,27386.25,28511.5,30221.0,0.8
4367,11,171,13,43434.0,18942.0,31872.0,28055.2,11640558.36,27386.25,28511.5,30221.0,1.0
4369,9,170,11,136023.0,67121.0,136023.0,117783.5,353604609.05,114071.5,122539.5,127001.5,0.6
4369,11,201,13,136023.0,67121.0,127177.0,115516.5,291824601.85,114071.5,121255.0,126001.75,0.8
4370,9,160,11,89257.0,69855.0,89257.0,81395.1,24870226.09,79258.0,82334.0,84028.5,0.9
4371,9,188,11,152346.0,79999.0,152346.0,107866.5,544726534.85,86713.5,105230.0,126557.0,0.5
4371,11,222,13,152346.0,79999.0,128029.0,101534.5,265073594.45,86713.5,101577.0,113379.25,0.7
4371,13,261,15,152346.0,79999.0,114358.0,98883.8,166595026.95999998,86713.5,101577.0,111442.0,0.9
4371,15,291,17,152346.0,79999.0,111888.0,98337.4,152371797.84,86713.5,101577.0,110055.75,1.0
4372,9,118,11,113156.0,46752.0,113156.0,68854.2,387274087.36,57529.25,63392.5,65757.0,0.8
4372,11,128,13,113156.0,46752.0,73975.0,61754.5,51584124.45,57529.25,63392.5,65757.0,1.0
4376,9,184,11,72134.0,55273.0,72134.0,61029.1,23495187.29,58277.5,59982.5,61653.25,0.7
4376,11,213,13,72134.0,55273.0,62952.0,59488.8,5448590.96,58277.5,59982.5,60858.25,0.8
4377,9,211,11,46581.0,42540.0,48782.0,46720.1,3966352.09,46581.0,47332.0,48105.5,0.7
4378,9,161,11,36408.0,27020.0,36408.0,31451.9,6385778.49,30260.5,31656.5,32803.5,0.9
4380,9,181,11,94877.0,67481.0,94877.0,78867.5,44234333.45,76421.5,77920.0,80995.25,0.8
4381,9,224,11,108917.0,89969.0,108917.0,97561.9,25442142.69,94622.0,96676.5,100426.25,0.7
4381,11,259,13,108917.0,86069.0,100918.0,93781.4,22761530.84,90700.0,94677.0,97011.25,0.9
4383,9,143,11,62414.0,60492.0,71311.0,64253.6,13052239.04,61713.0,62414.0,66802.75,0.7
4383,11,174,13,62414.0,60492.0,68670.0,63693.8,7551855.760000001,61713.0,62414.0,65830.0,0.9
4384,9,160,11,92353.0,71765.0,92353.0,82569.1,34781839.69,80454.5,81926.5,87060.5,0.7
4385,9,158,11,90020.0,31341.0,90020.0,64124.2,281025308.76,56328.0,65346.0,76802.0,0.8
4385,11,192,13,90020.0,31341.0,77178.0,61641.9,202003580.29000002,56328.0,65346.0,73049.0,1.0
4387,9,145,11,82754.0,48853.0,82754.0,69799.5,115729395.05,64975.25,69642.5,79758.5,1.0
4388,9,107,11,66430.0,29440.0,66430.0,43037.8,169773297.76000002,32166.5,35752.5,55945.5,0.6
4388,11,119,13,66430.0,29440.0,57212.0,39852.7,86698463.41000001,32166.5,35752.5,46768.0,0.8
4388,13,135,15,66430.0,29440.0,50145.0,38936.7,61610111.210000016,32166.5,35752.5,46768.0,1.0
4389,9,185,11,98702.0,45473.0,98702.0,73591.7,198785504.41,67378.5,76136.0,81413.0,0.8
4389,11,225,13,98702.0,45473.0,83393.0,71932.9,140208318.08999997,67378.5,76136.0,81413.0,1.0
4390,9,184,11,165647.0,127868.0,165647.0,143261.1,160388035.89,135445.5,140783.0,146619.0,0.0
4390,11,228,13,165647.0,120313.0,147184.0,134388.5,78226454.45,128087.25,135515.0,141442.5,0.1
4390,13,268,15,165647.0,115188.0,142102.0,128316.4,83835609.03999999,120798.5,128306.5,135584.5,0.3
4390,15,301,17,165647.0,115188.0,135654.0,123773.0,53204749.4,117334.0,121284.0,128525.75,0.5
4390,17,317,19,165647.0,115188.0,128745.0,120529.8,20744594.16,116481.25,119921.5,122230.5,0.6
4390,19,349,21,165647.0,115188.0,124735.0,119621.1,10064662.69,116481.25,119921.5,122230.5,0.6
4390,21,371,23,165647.0,115188.0,122255.0,118150.9,6547644.09,116259.5,117013.0,120117.25,0.8
4390,23,403,25,165647.0,115188.0,120862.0,117748.8,4021634.5599999996,116259.5,117013.0,119529.75,1.0
4391,9,144,11,78395.0,54405.0,78395.0,65694.5,63943027.25,58042.75,65399.5,72566.0,0.8
4391,11,181,13,78395.0,51157.0,73001.0,62725.8,56524131.96,56743.25,61925.5,70465.0,1.0
4392,9,153,11,26087.0,24494.0,29389.0,26787.7,3130978.21,25325.0,26100.0,28610.0,0.9
4393,9,133,11,37815.0,36776.0,44906.0,40235.1,7798919.289999999,37815.0,39883.5,41968.25,0.9
4394,9,123,11,33012.0,27404.0,43055.0,37136.9,19787308.490000002,34000.25,38622.5,39911.0,0.9
4395,9,200,11,77837.0,61553.0,77837.0,71325.0,24473423.2,68390.25,71575.0,74864.75,0.5
4395,11,243,13,77837.0,61553.0,75027.0,69062.5,15524476.25,66587.25,68506.5,72017.5,0.7
4395,13,274,15,77837.0,61553.0,72460.0,67778.4,7661853.24,66587.25,68034.5,68761.5,0.9
4396,9,195,11,58792.0,44250.0,58792.0,54863.5,20604674.85,52365.5,57112.5,57521.75,0.8
4396,11,245,13,58792.0,44250.0,57555.0,54354.8,17729909.759999998,52172.75,56634.0,57164.75,1.0
4397,9,160,11,124335.0,47075.0,124335.0,64038.6,495608146.84,50535.25,57656.0,60012.25,0.8
4397,11,179,13,124335.0,47075.0,61986.0,55617.4,26846752.439999998,50535.25,57656.0,60012.25,1.0
4398,9,177,11,97405.0,86528.0,97405.0,92664.1,11197255.09,90692.25,92575.0,95349.5,0.5
4399,9,145,11,88909.0,67110.0,88909.0,77885.4,34911991.839999996,76203.75,79276.5,79597.25,0.9
4399,11,176,13,88909.0,67110.0,82009.0,76839.1,21696699.689999998,76150.25,78964.0,79495.0,1.0
4400,9,178,11,83727.0,78357.0,88179.0,83428.0,8649312.0,82987.75,83637.5,85017.0,0.2
4400,11,227,13,83727.0,78357.0,85447.0,81826.7,6061437.8100000005,79122.75,82998.5,83682.25,0.3
4400,13,259,15,83727.0,76654.0,83727.0,80479.6,6022232.4399999995,78677.0,79529.5,83009.25,0.4
4401,9,190,11,92472.0,64003.0,92472.0,79280.0,60455949.6,75160.25,81653.5,82637.0,0.8
4402,9,132,11,81503.0,62168.0,87463.0,78586.5,72344157.05,75410.25,81503.0,84961.25,0.8
4403,9,156,11,45388.0,22522.0,45388.0,27857.1,37598401.49,25207.75,26526.5,27477.5,0.9
4404,9,208,11,108246.0,60413.0,108246.0,87375.0,177300511.8,81613.75,91330.0,93827.75,0.8
4404,11,240,13,108246.0,60413.0,96022.0,85641.9,127538910.88999999,81613.75,91330.0,93827.75,0.8
4405,9,212,11,71645.0,65531.0,77005.0,72779.8,12379842.36,71079.5,71874.0,76225.0,0.9
4406,9,154,11,69147.0,51250.0,69147.0,59311.3,24915583.61,55706.0,59731.5,61826.0,0.9
4407,9,158,11,55932.0,45595.0,55932.0,49671.9,13168535.89,46511.5,48992.0,51043.25,0.8
4407,11,190,13,55932.0,45595.0,54694.0,49198.8,8394774.960000003,46511.5,48992.0,51043.25,1.0
4408,9,204,11,101498.0,71367.0,101498.0,79902.2,67297211.35999998,73950.25,79687.0,81921.0,0.5
4409,9,161,11,72753.0,39746.0,72753.0,52713.1,94194270.89,44196.0,54433.0,57371.0,0.9
4410,9,210,11,98306.0,56949.0,98306.0,69439.0,122351959.4,64254.25,68971.0,71504.25,0.9
4412,9,237,11,132597.0,82219.0,132597.0,93803.5,189706009.65,87474.25,90048.0,92985.5,0.8
4412,11,275,13,132597.0,82219.0,95383.0,89045.8,15054145.16,87474.25,89472.0,90678.5,1.0
4413,9,191,11,62290.0,39799.0,62290.0,55319.4,54558063.839999996,52872.0,57127.5,61692.5,0.5
4413,11,223,13,62290.0,39799.0,61816.0,53670.2,42656994.760000005,52872.0,53859.0,58706.25,0.7
4413,13,250,15,62290.0,39799.0,60156.0,52500.0,29645244.8,52872.0,53859.0,55215.75,0.9
4414,9,153,11,92777.0,45271.0,92777.0,59446.1,143314312.89,55283.25,56832.5,59818.25,0.7
4414,11,194,13,92777.0,45271.0,62116.0,55940.0,20226010.8,55283.25,56832.5,57635.0,0.8
4416,9,202,11,154296.0,68738.0,154296.0,93666.0,547259698.2,76738.5,89505.0,100348.0,0.9
4417,9,105,11,49535.0,36976.0,49535.0,42127.2,11331197.96,40048.75,41749.5,44058.0,0.9
4418,9,105,11,72882.0,33943.0,72882.0,55117.0,111387647.6,52961.0,55334.0,59149.5,0.7
4418,11,122,13,72882.0,33943.0,59626.0,52654.3,59725142.20999999,52961.0,55334.0,57672.75,0.9
4419,9,153,11,42126.0,31345.0,42126.0,36630.0,10526607.0,34969.75,36675.5,38590.5,0.9
4421,9,172,11,124261.0,80942.0,124261.0,103303.6,115761122.03999999,99010.75,105340.5,108377.5,0.9
4422,9,177,11,101427.0,90018.0,101427.0,94975.0,10368288.2,92459.5,94612.5,96943.75,0.9
4423,9,168,11,97513.0,64750.0,97513.0,76641.7,97509874.21000001,69223.5,73787.0,81119.5,0.8
4424,9,140,11,93443.0,90685.0,101767.0,95845.7,9703992.610000001,93747.25,95241.5,98011.5,0.6
4426,9,157,11,43360.0,34191.0,43360.0,40344.4,9571874.040000001,40055.0,41596.0,42127.5,0.9
4428,9,172,11,75515.0,50603.0,75515.0,57184.4,48984910.64,52977.25,54631.5,58530.0,0.9
4429,9,185,11,86455.0,63364.0,86455.0,74276.7,55770424.410000004,66713.5,76331.5,79759.75,0.3
4429,11,222,13,86455.0,61489.0,79891.0,70165.5,48297229.05,64083.5,68029.0,77750.75,0.5
4429,13,245,15,86455.0,61489.0,79170.0,67745.2,25940418.560000002,64083.5,66262.0,69977.0,0.7
4429,15,274,17,86455.0,61489.0,70660.0,65527.9,8110417.49,63461.75,65233.5,67727.5,0.9
4430,9,159,11,122179.0,97577.0,122179.0,105196.1,50416902.69,99312.5,104437.5,107412.75,0.7
4430,11,205,13,122179.0,97577.0,109971.0,103014.5,16970504.45,99312.5,102873.0,106598.75,0.8
4431,9,220,11,84497.0,72206.0,84497.0,78823.9,12150732.09,76217.75,79126.5,81010.25,0.6
4432,9,136,11,89908.0,44162.0,89908.0,60420.6,197883714.44,51522.25,55087.5,62540.5,0.8
4432,11,153,13,89908.0,44162.0,65971.0,56274.5,48028359.85,51522.25,55087.5,62540.5,1.0
4433,9,164,11,116176.0,92334.0,116176.0,102756.7,79368095.21,93414.5,102326.5,111354.0,0.9
4434,9,79,11,42719.0,31847.0,52196.0,43623.9,27798362.49,42719.0,43400.0,46901.0,0.9
4435,9,116,11,95699.0,56681.0,95699.0,79934.2,99277543.16,76944.5,79800.5,82246.0,0.8
4435,11,139,13,95699.0,56681.0,82750.0,77564.2,53866965.760000005,76944.5,79800.5,81840.25,1.0
4436,9,150,11,115382.0,66518.0,115382.0,86616.5,141154117.25,80842.25,86583.5,90066.0,0.9
4437,9,178,11,68124.0,47794.0,68124.0,55621.1,38128011.29,50369.5,55501.5,59713.75,0.9
4438,9,206,11,124490.0,96770.0,124490.0,107961.2,72628990.96000001,102187.25,105554.5,115054.75,0.4
4438,11,235,13,124490.0,96770.0,116500.0,105279.6,30361433.839999996,102187.25,105554.5,107767.0,0.4
4439,9,152,11,84662.0,65648.0,84662.0,75116.7,31990194.21,71062.0,73982.0,79072.0,0.9
4440,9,137,11,91554.0,47896.0,91554.0,71040.6,132102739.83999999,67375.0,72611.0,77448.75,0.6
4440,11,152,13,91554.0,47896.0,77785.0,69303.1,87203954.69,67375.0,72611.0,76249.5,0.7
4441,9,171,11,113822.0,94227.0,113822.0,105045.0,27281526.6,102254.75,105913.0,108491.25,0.8
4442,9,212,11,124336.0,94081.0,124336.0,108030.0,99753092.2,101237.5,106070.5,116751.5,0.4
4442,11,244,13,124336.0,93980.0,119491.0,102290.0,58615796.2,95372.5,101348.0,106565.75,0.6
4442,13,270,15,124336.0,91671.0,107061.0,98577.2,23561705.96,94249.75,98223.5,101458.5,0.8
4443,9,231,11,95451.0,64980.0,95451.0,74447.2,89016428.56,68706.0,71239.0,75066.25,0.7
4443,11,271,13,95451.0,64980.0,79672.0,71595.6,19740299.439999998,68706.0,71239.0,75066.25,0.7
4445,9,178,11,80745.0,41644.0,80745.0,53102.1,112786667.28999999,47141.5,50477.0,56207.75,0.9
4446,9,198,11,121018.0,86962.0,121018.0,95293.5,87204139.45,89820.0,93306.0,97089.0,0.5
4446,11,245,13,121018.0,86962.0,98243.0,92589.6,13370782.040000003,89820.0,93306.0,94384.5,0.5
4446,13,272,15,121018.0,85470.0,94637.0,90693.8,8867612.360000001,88447.25,90946.5,93453.0,0.7
4447,9,176,11,75880.0,65126.0,80339.0,75416.2,20169869.160000004,75618.25,76454.5,77679.75,0.7
4447,11,205,13,75880.0,62310.0,78005.0,73413.6,29480546.639999997,70812.75,75880.0,77264.5,0.8
4448,9,126,11,104888.0,35566.0,104888.0,52747.9,340010794.48999995,43244.25,49615.0,53336.25,0.9
4449,9,163,11,66311.0,48226.0,66311.0,56394.3,24538912.610000003,53736.5,56586.0,58364.0,0.9
4450,9,150,11,82788.0,64387.0,82788.0,76125.0,39990578.2,71842.75,78234.0,81483.75,0.9
4451,9,135,11,72248.0,50887.0,72927.0,68367.9,43258749.690000005,67535.25,72068.0,72267.5,0.9
4453,9,187,11,83491.0,68060.0,93702.0,85569.2,57463858.960000016,83491.0,85578.0,91893.75,0.3
4453,11,221,13,83491.0,68060.0,91915.0,81855.3,53768163.81,77578.0,83491.0,85678.0,0.5
4453,13,250,15,83491.0,68060.0,85778.0,79716.1,29313341.089999996,77578.0,81176.5,83491.0,0.7
4453,15,281,17,83491.0,68060.0,83856.0,79354.4,25589646.64,77578.0,81176.5,83491.0,0.9
4455,9,220,11,120565.0,75708.0,120565.0,97479.9,163414829.29,89919.75,97537.0,105238.5,0.6
4455,11,259,13,120565.0,75708.0,106004.0,94119.1,79564880.89000002,89919.75,97537.0,99403.75,0.8
4455,13,293,15,120565.0,75708.0,102071.0,93583.0,69159762.4,89919.75,97537.0,99403.75,0.9
4456,9,135,11,86111.0,54161.0,86111.0,67942.4,113764818.44000001,56693.75,71042.5,74284.75,0.9
4457,9,183,11,93808.0,72008.0,93808.0,83678.9,43413253.69,79501.5,83395.0,86928.5,0.8
4457,11,199,13,93808.0,72008.0,88940.0,82172.1,23391494.09,79501.5,83029.0,86057.5,1.0
4458,9,222,11,97734.0,57743.0,97734.0,72359.9,129394422.29,64161.75,70579.5,79182.0,0.6
4458,11,252,13,97734.0,57743.0,80330.0,68333.1,43316188.89,64161.75,68116.5,72642.5,0.8
4458,13,277,15,97734.0,57743.0,73581.0,66907.5,22733585.25,64161.75,68116.5,70569.5,1.0
4459,9,182,11,99924.0,69767.0,99924.0,77725.6,101008448.24000001,71232.75,73138.5,76576.25,0.8
4459,11,219,13,99924.0,69767.0,81558.0,74134.8,12178190.16,71232.75,73138.5,76576.25,0.9
4460,9,167,11,45285.0,45285.0,65944.0,56546.3,54783642.010000005,51173.75,57754.5,62296.75,0.9
4462,9,126,11,52924.0,50286.0,58580.0,54321.5,8450360.05,51836.5,53444.5,57308.75,0.8
4463,9,152,11,73706.0,44466.0,73706.0,64780.4,75757930.84,60467.0,68117.5,70764.0,0.9
4464,9,93,11,53391.0,34324.0,53391.0,46853.4,24945005.64,44923.25,47792.0,50061.0,0.8
4464,11,106,13,53391.0,34324.0,50578.0,46122.1,19474008.089999996,44923.25,47137.0,48458.25,1.0
4465,9,99,11,71272.0,55944.0,71272.0,61697.9,12832630.29,60700.25,61295.0,61702.75,0.6
4466,9,161,11,99209.0,59139.0,99209.0,72715.5,138138444.05,63250.5,72282.0,74685.25,0.5
4466,11,207,13,99209.0,59139.0,75140.0,69082.4,38491984.839999996,63250.5,72282.0,73579.0,0.5
4467,9,169,11,83784.0,52927.0,83784.0,61014.6,67147406.44,58002.75,59524.5,60073.25,0.8
4467,11,188,13,83784.0,52927.0,60214.0,57994.8,6627669.76,57466.5,59325.5,59919.5,1.0
4468,9,208,11,120230.0,75821.0,120230.0,100732.3,101230284.61000001,100813.0,101451.0,102060.25,0.8
4468,11,237,13,120230.0,75821.0,102487.0,98554.3,58490064.010000005,99817.75,101126.0,101769.75,0.9
4469,9,190,11,96108.0,96108.0,106234.0,100781.3,11180906.610000001,98124.25,100471.5,103734.75,0.7
4469,11,236,13,96108.0,87963.0,103868.0,98437.8,18474559.16,96492.75,99203.0,100689.75,0.9
4470,9,152,11,119937.0,97251.0,119937.0,110157.4,50508646.64,105951.75,108523.5,116182.5,0.8
4471,9,186,11,153869.0,92682.0,153869.0,116168.9,265669172.69,104963.5,116428.5,123521.5,0.9
4473,9,180,11,81910.0,80681.0,92040.0,85476.5,12136370.25,82230.75,85407.5,88014.25,0.4
4473,11,225,13,81910.0,74922.0,88473.0,83289.7,12995244.809999999,81910.0,83774.0,85783.25,0.6
4473,13,239,15,81910.0,74922.0,86159.0,82561.8,9195736.76,81910.0,82796.5,84580.75,0.8
4476,9,122,11,70755.0,53450.0,70755.0,60957.8,38448785.36,56992.5,58190.0,67071.0,1.0
4477,9,151,11,62674.0,43186.0,62674.0,48591.8,25622265.559999995,46536.75,47206.0,48756.75,0.9
4478,9,198,11,94129.0,55197.0,94129.0,72943.7,160342831.41,60634.5,74569.0,82477.0,0.5
4478,11,225,13,94129.0,55197.0,83168.0,67884.1,85364609.09,60634.5,64864.0,75717.5,0.7
4478,13,265,15,94129.0,55197.0,76866.0,65884.9,45397070.089999996,60634.5,64864.0,71915.5,0.9
4480,9,184,11,43944.0,24264.0,43944.0,34250.7,24981009.610000003,32536.5,34196.0,35751.25,0.8
4480,11,207,13,43944.0,24264.0,37241.0,32793.6,12531777.64,31658.0,33540.0,35120.5,0.9
4481,9,206,11,63146.0,60579.0,71329.0,64317.7,9818246.41,62138.75,63146.0,65255.0,0.9
4482,9,168,11,151973.0,112165.0,151973.0,130400.3,172300799.41,118444.75,129812.5,139819.75,0.5
4482,11,195,13,151973.0,112165.0,140832.0,126298.8,84402159.16,118444.75,125775.0,133730.0,0.7
4482,13,232,15,151973.0,112165.0,135263.0,125252.8,62358884.760000005,118444.75,125775.0,131638.25,0.8
4483,9,194,11,83004.0,70527.0,83004.0,74541.5,14933648.05,71155.5,73136.0,77237.75,0.9
4486,9,149,11,44209.0,29624.0,44209.0,32937.9,15362576.290000001,31553.25,31879.0,32678.5,0.9
4488,9,214,11,105400.0,62516.0,105400.0,86286.0,132296541.8,80283.75,84524.0,92942.75,0.6
4488,11,231,13,105400.0,62516.0,93675.0,82935.7,66770450.21,80283.75,83414.5,88383.5,0.8
4489,9,176,11,120868.0,80746.0,120868.0,93965.3,120360797.41,86542.5,91353.0,98941.5,0.6
4489,11,205,13,120868.0,80746.0,99451.0,89769.4,34654041.839999996,85282.0,87910.0,94494.0,0.8
4490,9,167,11,66167.0,60360.0,76884.0,68875.6,16958577.240000002,66428.0,69518.5,70696.25,0.9
4491,9,225,11,124306.0,113498.0,124306.0,116154.1,9078502.09,114152.25,115177.5,116943.25,0.6
4491,11,242,13,124306.0,108082.0,116976.0,113924.6,6346782.839999999,113564.25,114279.5,115320.75,0.8
4492,9,167,11,79376.0,76129.0,85921.0,81500.9,8317942.49,79510.5,81272.0,83990.25,0.7
4492,11,195,13,79376.0,76129.0,84779.0,80962.2,5901768.96,79510.5,80979.0,81862.0,0.9
4493,9,125,11,106479.0,69392.0,106479.0,90582.2,166927043.76,80555.5,93565.0,100765.5,0.9
4494,9,203,11,74202.0,45184.0,74202.0,60918.5,52045960.85,57732.75,62243.0,63919.25,0.7
4494,11,251,13,74202.0,45184.0,64461.0,59608.7,31252564.01,57732.75,62243.0,63104.0,0.7
4497,9,216,11,110500.0,58999.0,110500.0,82178.2,216305554.16,71946.75,85751.0,88978.5,0.9
4498,9,168,11,114888.0,79020.0,114888.0,92809.8,88259447.56,87832.25,91377.5,92184.75,0.8
4498,11,188,13,114888.0,79020.0,96315.0,90170.0,23217834.2,87832.25,91377.5,92184.75,1.0
4499,9,123,11,98542.0,64848.0,98542.0,75620.4,100122029.64,69557.0,71331.0,80792.75,0.7
4499,11,143,13,98542.0,64848.0,83377.0,72089.0,23249651.8,69557.0,71331.0,73702.25,0.9
4500,9,190,11,74863.0,58349.0,81079.0,73331.6,62683724.64,68303.5,75354.5,80117.0,0.5
4500,11,226,13,74863.0,58349.0,80363.0,72298.7,52062129.81,68016.25,74863.0,77361.75,0.7
4500,13,262,15,74863.0,58349.0,77886.0,71859.4,46141578.64,68016.25,74863.0,77058.75,0.9
4502,9,222,11,37294.0,37294.0,44138.0,40141.2,5820693.76,37682.0,39781.5,42384.5,0.9
4503,9,170,11,97502.0,68699.0,97502.0,83014.2,65081114.56,77802.0,83689.5,88712.25,0.9
4504,9,165,11,103124.0,50036.0,103124.0,71714.1,398306414.69,55069.0,60389.0,91754.0,0.6
4504,11,186,13,103124.0,50036.0,93841.0,64425.2,182830581.76,55069.0,60389.0,65144.75,0.8
4504,13,212,15,103124.0,50036.0,74899.0,61412.2,63569357.56,55069.0,60389.0,65144.75,1.0
4505,9,170,11,59270.0,39932.0,59270.0,47656.8,30208163.560000002,43185.75,47397.0,50982.5,0.9
4506,9,115,11,33465.0,22767.0,33465.0,29819.8,8313594.76,28552.75,30709.5,31494.0,0.9
4508,9,115,11,52698.0,20542.0,52698.0,28802.8,78289926.36000001,24017.5,25436.5,29466.0,0.8
4508,11,126,13,52698.0,20542.0,30210.0,26085.8,10658110.16,24017.5,25436.5,29466.0,1.0
4510,9,216,11,120740.0,68814.0,120740.0,86615.4,221215342.24,76607.0,82929.0,88652.75,0.6
4510,11,249,13,120740.0,68814.0,89300.0,79425.3,38636462.41,74409.25,80840.5,83165.0,0.8
4510,13,278,15,120740.0,68814.0,83407.0,78425.9,25178174.490000002,74409.25,80840.5,82571.75,0.9
4511,9,186,11,134136.0,114105.0,134136.0,129649.4,32463975.839999996,128680.75,131511.0,133153.25,0.5
4512,9,228,11,97103.0,90098.0,101478.0,95848.7,13224784.809999999,92932.75,95985.5,98795.0,0.3
4512,11,254,13,97103.0,85499.0,99359.0,93055.7,16750827.610000003,90484.5,93296.5,96544.25,0.5
4512,13,299,15,97103.0,85499.0,97103.0,91781.1,12038363.89,88910.0,92106.5,94657.0,0.6
4512,15,339,17,97103.0,76454.0,94868.0,89455.0,26182536.4,88346.0,90871.0,92584.75,0.8
4513,9,227,11,119083.0,100719.0,119083.0,111164.5,45547934.05,104665.25,113710.5,117359.25,0.8
4513,11,268,13,119083.0,100719.0,118631.0,111104.7,44633065.81,104665.25,113710.5,117359.25,0.8
4514,9,149,11,63911.0,62944.0,81488.0,72170.0,37662250.2,65612.75,75102.0,75943.25,0.7
4514,11,172,13,63911.0,62944.0,76042.0,71280.1,27305946.089999996,65612.75,74712.0,75219.5,0.9
4515,9,185,11,81996.0,50574.0,81996.0,73579.2,75932722.55999999,71803.0,75160.0,79747.75,0.9
4516,9,208,11,86842.0,78271.0,90607.0,85471.9,12807030.09,83414.0,86422.5,87548.5,0.5
4516,11,244,13,86842.0,78271.0,87784.0,84562.7,7892194.010000001,83414.0,85403.0,86632.25,0.7
4516,13,268,15,86842.0,64189.0,86842.0,82168.0,42480621.4,81558.25,85162.5,85897.5,0.9
4517,9,164,11,111487.0,93839.0,111487.0,102451.0,31881769.6,99522.5,101414.0,105431.0,0.8
4517,11,184,13,111487.0,93839.0,106555.0,101361.7,16995180.009999998,99522.5,101414.0,104999.75,0.9
4519,9,130,11,72251.0,59358.0,72251.0,66470.2,16543509.36,64376.5,66328.0,69824.25,0.5
4519,11,157,13,72251.0,59358.0,70757.0,65438.0,9664640.6,64317.0,66136.0,66862.0,0.6
4519,13,181,15,72251.0,57666.0,67865.0,64128.9,11162120.09,61818.0,65867.0,66349.0,0.7
4519,15,196,17,72251.0,57666.0,66370.0,62808.2,10694410.96,59804.5,63640.5,65926.5,0.9
4520,9,134,11,131884.0,110939.0,131884.0,121036.6,44705942.44,114871.5,122887.5,125531.25,0.7
4520,11,156,13,131884.0,110939.0,126017.0,120103.2,31431079.560000002,114871.5,122473.5,124898.5,0.8
4520,13,169,15,131884.0,110939.0,124989.0,119666.7,27168187.410000004,114871.5,122307.5,123872.5,1.0
4521,9,191,11,104655.0,60688.0,104655.0,78535.6,155006827.84,71176.25,79821.0,85467.25,0.7
4521,11,228,13,104655.0,60688.0,87095.0,72624.4,73907790.24,64860.25,71563.5,80104.5,0.9
4522,9,183,11,124998.0,79204.0,124998.0,98125.4,197947670.44,89693.5,93121.0,105534.25,0.7
4522,11,216,13,124998.0,79204.0,107867.0,93882.8,65503280.96,89693.5,93121.0,98662.0,0.8
4523,9,116,11,71365.0,45134.0,71365.0,60023.1,71067321.28999999,53099.0,61340.5,67784.25,0.6
4523,11,153,13,71365.0,45134.0,67840.0,57821.0,47538297.0,53099.0,58629.5,61545.75,0.8
4523,13,186,15,71365.0,45134.0,63115.0,56642.8,30068799.759999998,53099.0,58629.5,60837.5,1.0
4524,9,179,11,130999.0,92800.0,130999.0,105302.9,97501348.49,102129.25,104013.0,106965.25,0.7
4525,9,144,11,76212.0,36294.0,76212.0,63508.5,127537975.25,57732.75,67276.0,71592.0,0.9
4526,9,159,11,92325.0,30188.0,92325.0,59041.3,347173233.40999997,47620.5,60646.5,66712.25,0.7
4526,11,179,13,92325.0,30188.0,67501.0,53503.1,154577518.89000002,47620.5,57982.0,62361.75,0.9
4527,9,178,11,63876.0,32168.0,63876.0,49289.0,101452524.8,42317.75,48670.0,56203.25,0.8
4527,11,207,13,63876.0,32168.0,57914.0,48023.8,70971003.35999998,42317.75,48670.0,56203.25,1.0
4528,9,128,11,91489.0,46914.0,91489.0,72048.3,125740818.80999999,71555.0,74406.0,75841.25,0.9
4530,9,166,11,105884.0,79138.0,105884.0,88571.0,50467528.6,84466.5,85917.0,92161.25,0.7
4530,11,197,13,105884.0,79138.0,93637.0,86820.3,17432344.81,84466.5,85917.0,88364.75,0.8
4531,9,195,11,122588.0,76962.0,122588.0,89222.2,160167158.95999998,79922.0,88218.0,92475.75,0.4
4531,11,231,13,122588.0,62942.0,92621.0,81850.4,70963388.84,78448.25,79934.0,88455.0,0.6
4531,13,269,15,122588.0,62942.0,88692.0,79249.6,46819961.239999995,77241.25,79733.0,82544.75,0.8
4531,15,294,17,122588.0,62942.0,87744.0,79003.5,42717498.85,77241.25,79733.0,82544.75,0.8
4531,17,322,19,122588.0,62942.0,85833.0,78201.3,33999528.61,77241.25,79733.0,80079.5,0.9
4532,9,157,11,109355.0,101627.0,110729.0,108428.4,6789835.44,108056.75,109355.0,110230.75,0.6
4533,9,213,11,66934.0,55486.0,77933.0,66862.3,34904282.010000005,64074.75,66934.0,69958.25,0.8
4534,9,149,11,73065.0,51707.0,80959.0,72814.5,60160694.85,72240.0,73964.5,76149.75,0.9
4535,9,146,11,81680.0,55228.0,81680.0,66196.2,48050181.36,63211.5,64367.5,66672.5,0.6
4535,11,170,13,81680.0,55228.0,67401.0,63813.1,11028142.690000001,63211.5,64367.5,65857.75,0.7
4535,13,202,15,81680.0,50318.0,66026.0,61999.5,24126774.45,61843.5,64142.5,65151.75,0.8
4538,9,210,11,150924.0,82563.0,150924.0,112009.8,324711607.56,103048.0,109824.5,120054.0,0.7
4538,11,237,13,150924.0,82563.0,121367.0,105304.1,118048436.48999998,100575.5,103863.5,114541.75,0.9
4540,9,121,11,59149.0,59149.0,69413.0,64546.3,10057075.41,63241.25,65156.5,66436.5,0.9
4542,9,166,11,154037.0,74470.0,154037.0,111444.1,470212711.68999994,99313.5,107837.0,118634.75,0.6
4542,11,191,13,154037.0,74470.0,119403.0,104659.0,165063161.6,99313.5,105849.5,115596.0,0.7
4542,13,232,15,154037.0,74470.0,116330.0,103313.9,136996914.09,99313.5,105656.5,112400.25,0.9
4543,9,122,11,69245.0,41799.0,69245.0,48089.4,66109809.04,44360.75,44837.0,46300.5,0.8
4543,11,144,13,69245.0,41799.0,48365.0,45116.9,4320908.29,44360.75,44837.0,46300.5,1.0
4544,9,162,11,70883.0,55071.0,70883.0,62480.7,21926851.610000003,58945.75,62839.5,65876.0,0.6
4544,11,176,13,70883.0,55071.0,66152.0,61437.0,12357050.6,58945.75,62458.0,63951.5,0.7
4546,9,143,11,87105.0,45223.0,87105.0,70684.9,184823756.29,63159.75,77281.5,80158.75,0.5
4547,9,188,11,113117.0,62840.0,113117.0,84115.7,146067086.21,79026.5,83219.0,85054.75,0.9
4548,9,191,11,83974.0,56667.0,83974.0,75121.3,68186986.81,70883.0,75940.0,82664.5,0.9
4549,9,208,11,53746.0,53746.0,63358.0,59972.3,11792583.41,58863.25,61459.5,62440.75,0.6
4550,9,209,11,122384.0,89092.0,122384.0,109586.9,82164050.69,109413.75,110845.5,115019.5,0.7
4550,11,234,13,122384.0,89092.0,115208.0,106444.0,63284784.0,101244.75,109629.5,111019.25,0.9
4551,9,174,11,73677.0,50974.0,73677.0,60898.7,41611585.010000005,57623.75,61784.5,63997.5,0.5
4551,11,219,13,73677.0,50974.0,64328.0,58266.3,19778305.009999998,55428.0,58559.0,62265.25,0.7
4551,13,245,15,73677.0,50974.0,62746.0,56706.8,16616202.559999999,52330.25,57872.5,59960.75,0.9
4552,9,173,11,84914.0,35021.0,84914.0,54896.8,178798778.56,44780.0,54520.0,59060.5,0.8
4553,9,151,11,139077.0,90036.0,139077.0,106963.5,179687551.25,100655.5,103608.5,108843.75,0.7
4553,11,196,13,139077.0,90036.0,113799.0,103560.9,51195427.489999995,100655.5,103608.5,108843.75,0.7
4553,13,216,15,139077.0,90036.0,110493.0,102322.7,33949107.41,100655.5,103608.5,104610.75,0.9
4555,9,114,11,102208.0,37690.0,102208.0,79294.0,259986265.4,79752.0,83072.0,86569.0,0.8
4555,11,141,13,102208.0,37690.0,87220.0,77323.1,203177581.48999995,79752.0,83072.0,84715.75,1.0
4556,9,123,11,113967.0,60410.0,113967.0,78219.4,220838591.64000002,67218.75,76787.5,84502.25,0.9
4557,9,200,11,98460.0,61577.0,98460.0,74262.9,89253690.49,70896.0,72832.5,76899.5,0.9
4558,9,161,11,126123.0,84404.0,126123.0,102347.6,118334030.84,99118.5,101157.5,107221.0,0.9
4559,9,215,11,87688.0,72152.0,87688.0,83880.3,23034423.41,81710.75,85832.5,87457.5,0.9
4560,9,212,11,103337.0,72713.0,105555.0,89378.1,107981906.29,83942.25,86508.5,99170.0,0.7
4560,11,242,13,103337.0,72713.0,103337.0,86600.6,54905551.84000001,83942.25,86508.5,89389.25,0.9
4561,9,202,11,114717.0,73381.0,114717.0,88299.9,119802391.28999999,83766.0,86111.0,92701.75,0.6
4561,11,237,13,114717.0,62415.0,94773.0,80994.8,74769217.16,75674.75,84232.0,86233.0,0.8
4561,13,273,15,114717.0,62415.0,86371.0,79582.7,53669237.809999995,75674.75,82034.5,85691.25,1.0
4563,9,187,11,100105.0,54054.0,100105.0,79006.7,343215012.21000004,59791.0,85233.0,94981.0,0.8
4563,11,219,13,100105.0,54054.0,96429.0,78212.4,312239366.84000003,59791.0,85233.0,94981.0,0.9
4564,9,217,11,94679.0,69707.0,94679.0,81486.8,69756064.76,76199.5,80954.0,86078.5,0.7
4564,11,246,13,94679.0,69707.0,88157.0,79535.5,35594869.85,76199.5,80308.5,83113.25,0.8
4565,9,167,11,87188.0,50824.0,87188.0,65581.7,86591017.21000001,61200.75,64745.5,65133.5,0.8
4565,11,208,13,87188.0,50824.0,71461.0,62971.5,26216110.05,61200.75,64745.5,65133.5,0.9
4566,9,152,11,172064.0,109923.0,172064.0,132148.9,307681904.48999995,119308.25,129581.5,142356.25,0.9
4567,9,216,11,66239.0,43657.0,66239.0,55094.1,36503100.69,50583.75,56713.5,58517.5,0.6
4567,11,249,13,66239.0,43657.0,58535.0,52958.2,20525380.360000003,50095.25,52887.0,56782.75,0.8
4567,13,278,15,66239.0,43657.0,58007.0,52835.5,19228302.85,50095.25,52887.0,56782.75,1.0
4568,9,182,11,77793.0,53832.0,77793.0,63830.4,52752564.239999995,56308.75,66403.5,67538.75,0.4
4568,11,226,13,77793.0,53832.0,67567.0,60634.2,29303543.96,55618.0,58644.0,66701.75,0.6
4568,13,266,15,77793.0,53570.0,67000.0,58310.6,20022633.24,55076.25,57262.5,59556.75,0.8
4568,15,286,17,77793.0,53570.0,65154.0,58056.4,16095603.440000001,55076.25,57262.5,59556.75,0.8
4570,9,209,11,59355.0,56727.0,64929.0,62450.2,7569699.959999999,60251.75,63611.0,64635.75,0.9
4572,9,143,11,108199.0,73586.0,108199.0,81594.0,91079235.4,76423.0,78273.5,82074.75,0.9
4573,9,236,11,112582.0,97501.0,112582.0,106334.2,18019657.560000002,104888.5,106360.5,109701.0,0.5
4573,11,277,13,112582.0,97501.0,109985.0,105096.1,12110808.689999998,103654.25,105522.5,107141.75,0.6
4573,13,309,15,112582.0,93574.0,107187.0,102528.8,18032116.359999996,100039.0,103996.5,105528.25,0.8
4574,9,185,11,96989.0,72810.0,96989.0,85754.9,49748667.089999996,82033.5,85997.0,87691.75,0.7
4574,11,231,13,96989.0,72810.0,88038.0,83755.9,21036726.490000002,82033.5,85812.5,87287.25,0.8
4575,9,165,11,126737.0,60113.0,126737.0,98977.3,452815171.60999995,93572.5,102711.5,109668.25,0.8
4575,11,195,13,126737.0,60113.0,113039.0,96211.4,329858332.84,93572.5,102711.5,109668.25,1.0
4576,9,178,11,62004.0,35013.0,62004.0,41759.1,66757821.68999998,37193.0,38416.0,39994.5,0.8
4576,11,198,13,62004.0,35013.0,41935.0,38525.8,3940342.56,37193.0,38416.0,39994.5,0.9
4577,9,172,11,96802.0,51119.0,96802.0,72436.7,119581057.61000001,68319.75,71425.5,77135.5,0.9
4578,9,181,11,99050.0,72663.0,99050.0,79678.2,51302710.56,75653.5,77844.5,81015.0,0.9
4579,9,182,11,103277.0,60947.0,103277.0,82227.7,107941386.80999999,77885.75,80571.0,87626.0,0.9
4580,9,160,11,68325.0,49423.0,68325.0,57553.9,29158791.29,54099.5,57074.0,59430.75,0.8
4580,11,180,13,68325.0,49423.0,64649.0,57186.3,22456046.41,54099.5,57074.0,59430.75,0.8
4581,9,199,11,59449.0,48112.0,62262.0,55567.9,21743851.490000002,53133.25,55541.0,59449.0,0.8
4581,11,217,13,59449.0,48112.0,60181.0,55155.3,17738123.009999998,53133.25,55541.0,59129.25,0.9
4582,9,234,11,104094.0,78002.0,104094.0,91639.9,52959251.29000001,88818.5,92991.0,96312.5,0.8
4583,9,185,11,109226.0,82429.0,109226.0,96394.7,51143456.61,93190.5,94484.5,99267.5,0.5
4583,11,229,13,109226.0,78327.0,99556.0,91678.1,39615285.489999995,90644.0,93201.0,94736.75,0.7
4583,13,259,15,109226.0,78327.0,95945.0,90560.8,29530596.95999999,90165.0,92968.0,93790.5,0.8
4584,9,196,11,139247.0,101102.0,139247.0,121994.9,153837539.89000002,113675.75,122890.0,130584.75,0.6
4584,11,219,13,139247.0,90957.0,132722.0,115682.4,151382253.64,107011.5,121840.5,123853.0,0.7
4584,13,273,15,139247.0,90957.0,124412.0,113340.6,120931828.24000001,106511.75,116048.5,122891.5,0.8
4584,15,306,17,139247.0,90957.0,122893.0,111595.8,103005184.16,106485.25,110303.5,121652.75,1.0
4585,9,105,11,34475.0,14178.0,34475.0,25562.8,41428899.56,20236.5,28158.5,29684.25,0.9
4588,9,116,11,169766.0,141692.0,169766.0,154502.6,53155467.64,152148.75,155347.0,156655.25,0.3
4589,9,143,11,167826.0,115860.0,167826.0,143246.1,199159338.09,138685.0,147004.0,149784.75,0.7
4590,9,119,11,116267.0,77796.0,116267.0,101194.4,154143546.04,101321.0,102214.5,109474.25,0.9
4591,9,156,11,85042.0,61500.0,91109.0,81364.9,67226335.89,79603.0,84617.0,85771.0,0.7
4591,11,187,13,85042.0,61500.0,86014.0,80018.4,51508069.839999996,79603.0,83031.0,84829.5,0.9
4592,9,153,11,86547.0,58384.0,86547.0,76544.3,66571717.010000005,72859.75,78869.0,80876.5,0.8
4592,11,184,13,86547.0,58384.0,84113.0,75887.9,55307437.09000001,72859.75,78869.0,80876.5,0.9
4593,9,224,11,135661.0,97273.0,135661.0,109733.3,158885057.01,98744.0,108534.0,111986.75,0.4
4593,11,261,13,135661.0,72671.0,112468.0,100501.5,117349540.45,97694.75,99534.5,108655.5,0.6
4593,13,293,15,135661.0,72671.0,108777.0,97563.5,87033733.25,96997.0,97961.5,99556.25,0.8
4593,15,319,17,135661.0,72671.0,102194.0,96203.4,64621869.44000001,96997.0,97961.5,99556.25,0.9
4594,9,205,11,77009.0,77009.0,93107.0,84446.6,20542454.64,83096.25,85144.0,86510.25,0.6
4595,9,201,11,129450.0,88371.0,129450.0,110070.0,127312721.6,101923.5,111488.0,117973.0,0.8
4596,9,128,11,165353.0,88698.0,165353.0,113015.5,567127014.05,96787.25,102672.5,124135.5,0.6
4596,11,155,13,165353.0,88698.0,129432.0,103028.7,109115705.00999999,96787.25,102672.5,104962.25,0.7
4597,9,141,11,82925.0,37991.0,82925.0,64802.1,117344802.88999999,63672.25,65530.5,67839.25,0.7
4597,11,165,13,82925.0,37991.0,68821.0,62702.3,74568938.41,63672.25,65530.5,67429.75,0.8
4597,13,192,15,82925.0,37991.0,67823.0,62346.1,71324704.08999999,63672.25,65263.0,66360.75,1.0
4598,9,175,11,107868.0,74434.0,107868.0,87816.3,92536612.00999999,83100.5,85067.0,88256.5,0.8
4598,11,206,13,107868.0,74434.0,88838.0,84510.3,18981375.610000003,83100.5,85067.0,88256.5,1.0
4599,9,226,11,123165.0,103241.0,136994.0,126684.8,84374349.36,123165.0,129410.5,131485.5,0.7
4599,11,261,13,123165.0,103241.0,133126.0,125280.0,67708200.4,123165.0,126765.0,131232.75,0.8
4600,9,142,11,131380.0,75658.0,131380.0,109496.0,205161829.0,103759.0,113251.0,116638.0,0.6
4600,11,170,13,131380.0,61886.0,117125.0,101591.0,308116714.8,99776.25,108948.5,113591.0,0.8
4600,13,197,15,131380.0,61886.0,115035.0,101269.6,299029219.64,99776.25,108948.5,113591.0,1.0
4601,9,174,11,103056.0,78919.0,103056.0,89738.4,41591833.64,85459.0,89922.0,93325.5,0.7
4601,11,215,13,103056.0,78919.0,93782.0,88346.8,21955244.360000003,85427.5,89580.5,91564.5,0.8
4603,9,178,11,102194.0,84020.0,102194.0,91072.6,30043230.839999996,87329.5,88115.5,94651.5,0.7
4604,9,173,11,51179.0,31495.0,51179.0,45368.3,40289374.21,43030.5,48505.5,49118.0,0.8
4605,9,176,11,85115.0,63748.0,85115.0,69955.0,36013526.6,65602.5,68789.5,71772.75,0.9
4607,9,155,11,55108.0,36085.0,55108.0,40182.2,27405461.959999997,37423.25,38059.5,40778.25,0.9
4608,9,150,11,47595.0,37436.0,47595.0,40587.8,7921070.959999999,38789.25,39678.5,41763.75,0.8
4609,9,132,11,101143.0,100392.0,108952.0,104357.0,9006439.8,101499.5,103694.0,107263.0,0.9
4610,9,193,11,100961.0,72205.0,100961.0,84286.0,58769689.2,79729.5,82539.0,86937.5,0.5
4610,11,221,13,100961.0,71051.0,87025.0,80316.0,25976397.2,78817.5,80745.5,83503.25,0.7
4610,13,246,15,100961.0,71051.0,84635.0,79844.2,20699317.96,78817.5,80745.5,83503.25,0.7
4611,9,151,11,123372.0,78621.0,123372.0,89199.6,151710623.04,82057.0,86500.0,89716.75,0.7
4611,11,179,13,123372.0,78621.0,90417.0,85416.6,18314570.639999997,82057.0,86500.0,88972.75,0.8
4611,13,208,15,123372.0,78621.0,89830.0,84718.8,15149536.959999999,81859.75,85431.5,87734.0,0.9
4612,9,113,11,49844.0,39300.0,49844.0,42820.1,8219540.69,40718.75,42642.0,43982.0,0.9
4613,9,138,11,95969.0,52574.0,95969.0,75279.2,134787125.35999998,67833.0,76852.5,82172.5,0.9
4614,9,136,11,102576.0,62944.0,102576.0,78325.0,186005060.8,66003.25,75718.5,88277.5,0.6
4614,11,158,13,102576.0,62944.0,91092.0,73946.2,70166644.16,66003.25,75718.5,78953.5,0.8
4614,13,180,15,102576.0,62944.0,79834.0,72684.7,41230231.01,66003.25,75718.5,78124.75,0.9
4615,9,198,11,162366.0,107833.0,162366.0,136460.7,320300403.61,125730.5,134129.5,150408.25,0.5
4615,11,221,13,162366.0,107833.0,152858.0,128812.2,158455362.95999998,123150.0,127312.5,135981.25,0.7
4615,13,263,15,162366.0,107833.0,137833.0,125178.8,69424673.55999999,123150.0,126072.0,130078.25,0.8
4616,9,115,11,54365.0,37429.0,54365.0,46021.6,24855940.839999996,42548.0,46395.0,48613.25,1.0
4618,9,215,11,91938.0,71102.0,91938.0,83574.8,34317664.96,80067.75,84316.5,87460.75,0.7
4618,11,251,13,91938.0,71102.0,87806.0,81874.1,21827416.09,79293.75,83704.0,84453.75,0.9
4619,9,198,11,81636.0,58843.0,81636.0,71471.1,65584520.89,65196.0,74817.5,78293.25,0.4
4619,11,242,13,81636.0,58843.0,78891.0,68432.8,47578078.160000004,64516.5,66000.0,75005.25,0.5
4619,13,278,15,81636.0,58843.0,75193.0,66233.8,25897457.56,64516.5,66000.0,66715.25,0.5
4619,15,317,17,81636.0,58843.0,68973.0,64378.8,10141496.559999999,62671.5,65376.0,66569.25,0.6
4620,9,186,11,72878.0,60767.0,72878.0,66822.5,11845455.65,64599.5,66469.0,69409.75,0.8
4620,11,234,13,72878.0,60767.0,70117.0,66490.1,8800992.89,64599.5,66469.0,69409.75,0.8
4620,13,271,15,72878.0,60767.0,69656.0,65541.5,6352456.05,63840.0,65781.0,66909.0,1.0
4621,9,113,11,59527.0,41995.0,59527.0,53071.5,19004539.05,51784.75,53835.5,55213.0,0.9
4622,9,90,11,47518.0,15085.0,47518.0,30050.0,70363127.4,24802.25,32472.5,33669.0,0.9
4623,9,172,11,95639.0,59795.0,95639.0,70756.2,89269284.16,66492.25,70319.0,71757.75,0.9
4624,9,126,11,48306.0,37746.0,53845.0,46755.2,23927145.36,42705.25,48306.0,49625.25,0.9
4625,9,171,11,129294.0,104255.0,129294.0,116004.7,46897861.410000004,110816.25,116766.0,118771.0,0.7
4625,11,194,13,129294.0,104255.0,118888.0,114141.9,21996819.890000004,110816.25,115647.0,118102.0,0.8
4626,9,160,11,108548.0,62748.0,108548.0,84080.3,157453770.81,74144.0,85067.5,92534.25,0.6
4626,11,195,13,108548.0,62748.0,93903.0,81387.2,83014291.56,74144.0,85067.5,87917.75,0.7
4628,9,187,11,80777.0,80777.0,110231.0,96194.6,103620690.23999998,88343.25,98801.0,104710.0,0.8
4629,9,125,11,71508.0,55066.0,78602.0,70113.3,35879792.61,69847.75,71416.0,71691.75,0.7
4629,11,145,13,71508.0,55066.0,73832.0,69202.7,26162378.610000003,69847.75,71402.0,71508.0,0.9
4630,9,95,11,32081.0,14278.0,32081.0,20100.3,23766893.21,16295.5,19875.0,21928.5,0.9
4632,9,109,11,45151.0,37287.0,45151.0,41643.3,4192994.0100000002,40495.0,41781.5,42878.25,0.9
4633,9,215,11,115593.0,69697.0,115593.0,94779.5,200516955.85,89250.25,93626.0,106009.5,0.7
4633,11,239,13,115593.0,69697.0,108621.0,92652.7,138317472.41,89250.25,93626.0,99428.25,0.8
4634,9,134,11,80672.0,37575.0,80672.0,61662.1,121811089.09,57672.5,61676.5,68228.5,0.9
4635,9,223,11,86539.0,65909.0,86539.0,76411.9,44962589.69,70830.25,75836.0,82351.25,0.5
4635,11,258,13,86539.0,65909.0,82928.0,73814.2,26126153.160000004,70445.25,72270.0,77815.5,0.7
4635,13,292,15,86539.0,65909.0,79016.0,72600.8,12609004.16,70445.25,72270.0,74627.25,0.9
4636,9,185,11,101451.0,78051.0,101451.0,86038.5,45906118.65,80395.75,85652.0,89497.5,0.9
4637,9,197,11,124770.0,85748.0,124770.0,104419.1,150582430.29000002,98524.25,101544.5,115417.25,0.7
4637,11,229,13,124770.0,85748.0,119770.0,99352.2,69867226.76,96882.25,98589.5,101673.75,0.9
4638,9,179,11,118136.0,86901.0,118136.0,98031.9,115239448.49000001,90285.0,92925.5,107471.25,0.7
4638,11,213,13,118136.0,86901.0,111355.0,94845.7,45945835.00999999,90285.0,92925.5,96980.25,0.8
4638,13,267,15,118136.0,86901.0,100945.0,93642.8,19250476.759999998,90285.0,92925.5,96980.25,0.8
4639,9,90,11,46143.0,24199.0,46143.0,35358.1,28795704.889999997,32917.25,35839.0,37969.5,0.9
4640,9,108,11,63377.0,38055.0,63377.0,53426.1,72661508.28999999,47377.25,58423.0,58942.75,0.8
4641,9,110,11,36903.0,12891.0,36903.0,19203.6,37879375.04000001,16837.0,17628.0,18663.0,0.9
4643,9,138,11,103642.0,68498.0,103642.0,76495.9,117030850.88999999,70353.5,70586.0,79832.0,0.6
4643,11,160,13,103642.0,68498.0,82726.0,71715.1,14162559.690000001,70353.5,70586.0,71309.0,0.6
4644,9,107,11,55255.0,19071.0,55255.0,35050.4,117581526.44000001,27820.75,34750.5,37027.25,0.8
4644,11,127,13,55255.0,19071.0,42228.0,32524.6,50330071.839999996,27820.75,34750.5,37027.25,0.9
4645,9,211,11,99113.0,82628.0,99113.0,89175.3,16025266.610000003,87226.5,88885.0,90116.75,0.7
4646,9,224,11,103014.0,83500.0,103014.0,90074.4,28959522.840000004,86818.25,89350.0,92424.25,0.5
4646,11,267,13,103014.0,83500.0,92712.0,87419.9,9789654.690000001,84689.25,86824.5,90206.0,0.7
4646,13,294,15,103014.0,83500.0,91062.0,86984.1,6521239.09,84689.25,86824.5,88730.0,0.9
4647,9,194,11,129076.0,67365.0,129076.0,89325.8,439335238.56000006,74190.0,76839.5,108324.0,0.6
4647,11,226,13,129076.0,67365.0,112319.0,81217.9,163388174.29000002,74190.0,76839.5,81691.25,0.8
4647,13,241,15,129076.0,67365.0,90959.0,78357.9,51316042.29000001,74190.0,76839.5,81691.25,0.9
4648,9,174,11,105020.0,69017.0,105020.0,79163.3,104158539.21000001,71308.25,76030.5,83889.75,0.7
4650,9,196,11,86471.0,75267.0,86471.0,82276.8,10512399.559999999,80500.5,82450.0,84921.75,0.7
4650,11,227,13,86471.0,75267.0,85552.0,81066.4,6694976.640000001,79787.25,81268.5,82596.0,0.9
4652,9,189,11,114820.0,79377.0,114820.0,97757.1,124863679.29,92128.75,100966.0,104961.5,0.8
4653,9,126,11,126521.0,93328.0,126521.0,111065.9,110373113.09,101992.75,114014.0,119197.0,0.8
4654,9,97,11,56418.0,39168.0,56418.0,46017.6,24028131.64,42003.0,46285.5,48520.75,0.9
4655,9,172,11,90087.0,75955.0,92819.0,86537.4,28363709.440000005,83160.25,88489.5,90087.0,0.5
4655,11,222,13,90087.0,75955.0,90087.0,85499.8,22417485.76,82697.75,86504.5,89985.25,0.6
4656,9,172,11,151768.0,63580.0,151768.0,109974.0,835271929.4,89655.5,116195.0,129702.0,0.3
4656,11,195,13,151768.0,63580.0,130528.0,94890.3,656551092.21,67928.0,94486.0,117013.0,0.5
4656,13,211,15,151768.0,63580.0,117831.0,87200.9,370449983.49000007,67928.0,86763.5,101149.25,0.7
4656,15,237,17,151768.0,63580.0,104147.0,83299.1,204710207.29,67928.0,86763.5,94887.5,0.9
4658,9,108,11,46363.0,25262.0,46712.0,41855.2,51269758.36,37519.25,46237.0,46344.5,0.9
4659,9,126,11,67589.0,60707.0,75325.0,67009.3,18242442.41,65132.0,66426.0,68350.25,0.7
4659,11,141,13,67589.0,36024.0,68604.0,61535.9,83171060.69000001,61003.5,65137.0,67007.5,0.9
4660,9,226,11,48939.0,31161.0,48939.0,43358.3,27404649.01,41823.0,45313.0,46647.75,0.9
4662,9,204,11,95563.0,86674.0,97193.0,91895.8,9528526.16,90157.5,90772.0,94726.25,0.7
4663,9,131,11,71555.0,44623.0,71555.0,52278.0,53674201.4,47303.0,50195.5,54081.5,0.9
4664,9,194,11,130684.0,83903.0,130684.0,97505.7,226781697.01,86578.25,90594.0,105896.5,0.7
4664,11,222,13,130684.0,79071.0,109756.0,89430.7,62987330.81,85917.25,86958.0,92065.0,0.9
4665,9,166,11,135405.0,87797.0,135405.0,104648.4,155994641.04,98462.25,104351.0,107488.25,0.7
4665,11,186,13,135405.0,87797.0,111831.0,100393.3,57202707.81,93972.5,102976.0,104707.25,0.8
4667,9,146,11,93219.0,80554.0,103927.0,92802.5,48944860.45,87433.25,93219.0,98145.0,0.5
4667,11,162,13,93219.0,80554.0,99609.0,90415.9,24210425.89,87433.25,90796.0,93219.0,0.7
4668,9,227,11,79543.0,65624.0,79543.0,72296.6,17354402.640000004,69212.75,73026.0,75135.25,0.5
4668,11,262,13,79543.0,65624.0,75216.0,70837.7,10059412.41,68734.75,71091.0,73300.5,0.7
4668,13,301,15,79543.0,65624.0,73575.0,70280.9,6715976.889999999,68734.75,71091.0,72233.75,0.8
4669,9,115,11,55662.0,40577.0,55662.0,50879.0,19028673.8,48830.25,51603.0,54155.0,0.7
4669,11,141,13,55662.0,40577.0,55270.0,50745.5,17838081.85,48830.25,51603.0,54155.0,0.7
4669,13,167,15,55662.0,40577.0,54378.0,50108.7,14034454.809999999,48830.25,51111.0,52512.75,0.9
4670,9,150,11,115602.0,87779.0,115602.0,101712.8,90929475.36,95336.75,99124.5,111121.5,0.7
4670,11,171,13,115602.0,87779.0,114514.0,99224.4,46618799.839999996,95336.75,99124.5,102252.0,0.8
4671,9,161,11,119559.0,83350.0,119559.0,99844.8,146673205.76,90038.5,99225.0,109558.75,0.5
4671,11,182,13,119559.0,83350.0,112470.0,93894.5,73574381.45,87637.0,91390.5,99624.0,0.7
4671,13,202,15,119559.0,83350.0,100023.0,91562.9,29113998.889999997,87637.0,91390.5,95224.75,0.9
4672,9,218,11,123698.0,94173.0,123698.0,105024.4,57615574.64000001,100733.0,105342.0,107072.5,0.6
4673,9,158,11,107156.0,69773.0,107156.0,83167.4,136153038.44,78057.25,80642.0,81775.0,0.7
4673,11,192,13,107156.0,69773.0,82040.0,78458.0,18533036.0,78057.25,80642.0,81183.25,0.8
4674,9,146,11,98872.0,68101.0,98872.0,80241.7,65093858.80999999,76729.25,78681.5,80025.75,0.8
4674,11,170,13,98872.0,68101.0,85951.0,78139.8,20169388.96,76729.25,78681.5,80025.75,0.9
4675,9,193,11,54610.0,41604.0,54610.0,48963.0,20025401.8,45037.25,51568.0,51885.0,0.9
4676,9,182,11,65981.0,53290.0,66058.0,61607.5,13820002.85,60198.5,60783.5,65235.5,0.7
4676,11,203,13,65981.0,53290.0,65981.0,61081.0,10304724.2,60198.5,60783.5,63041.0,0.9
4677,9,196,11,72367.0,57282.0,72367.0,64012.7,15935043.609999996,61503.25,63457.5,66107.0,0.6
4677,11,216,13,72367.0,57282.0,66405.0,62901.2,6336244.96,61503.25,63457.5,64591.0,0.8
4680,9,207,11,87302.0,63193.0,87302.0,76766.3,49955127.20999999,71780.5,78436.5,81812.5,0.8
4681,9,187,11,111845.0,57749.0,111845.0,93972.5,252852746.05,85539.0,97772.5,107070.5,0.4
4681,11,208,13,111845.0,57749.0,109859.0,84913.8,268897627.36,69509.0,87822.0,98080.75,0.6
4681,13,225,15,111845.0,57749.0,98389.0,81203.5,182183823.05,69388.5,81539.5,92321.0,0.8
4681,15,255,17,111845.0,57749.0,96262.0,80736.7,167646229.61,69388.5,81539.5,92321.0,0.9
4682,9,117,11,154822.0,72181.0,154822.0,98083.8,486330458.56000006,83638.25,96542.0,103491.0,0.8
4682,11,139,13,154822.0,72181.0,105484.0,92759.8,134799754.16000003,83638.25,96542.0,103491.0,0.9
4683,9,180,11,125740.0,102496.0,125740.0,115109.7,83514700.21000001,106861.25,115531.5,124929.25,0.6
4683,11,218,13,125740.0,102496.0,125726.0,113661.3,61265072.60999999,106861.25,115053.5,119174.0,0.7
4683,13,258,15,125740.0,102496.0,121291.0,113034.1,49213016.28999999,106861.25,115053.5,119174.0,0.7
4685,9,209,11,114870.0,68380.0,114870.0,90302.9,144599460.09000003,85318.5,88439.5,91081.0,0.7
4685,11,239,13,114870.0,68380.0,91682.0,85771.7,39623372.61,85078.25,86907.0,89272.25,0.9
4686,9,197,11,109973.0,82121.0,109973.0,91709.7,45320470.010000005,89553.0,90504.0,92120.0,0.3
4687,9,112,11,58096.0,26491.0,58096.0,36029.0,69515429.6,30947.25,35283.0,37729.5,0.9
4688,9,187,11,138372.0,100801.0,138372.0,110823.4,100536512.64,105813.75,108979.5,111824.0,0.6
4688,11,218,13,138372.0,100801.0,112273.0,106618.5,13257008.85,103447.0,107162.0,109495.25,0.8
4689,9,138,11,68162.0,52927.0,68162.0,61287.8,24976121.560000002,57411.75,62124.5,65810.75,1.0
4690,9,102,11,48823.0,30105.0,48823.0,36165.0,26924448.0,32364.75,34992.0,37775.25,0.8
4690,11,122,13,48823.0,30105.0,39847.0,35058.8,9775293.16,32364.75,34992.0,37775.25,0.9
4691,9,86,11,33448.0,21906.0,33448.0,28725.3,15710426.210000003,26044.5,29209.0,32593.75,1.0
4692,9,228,11,94437.0,74944.0,94437.0,86108.3,39523366.61,82244.75,85270.5,92320.0,0.7
4692,11,259,13,94437.0,74944.0,93765.0,85188.3,27681599.410000004,82244.75,85270.5,88850.5,0.8
4694,9,186,11,141279.0,79100.0,141279.0,107480.1,324440475.69,93252.75,107797.5,113911.5,0.7
4694,11,215,13,141279.0,79100.0,114365.0,102477.4,140961906.04000002,93252.75,106830.5,112351.0,0.8
4696,9,76,11,19659.0,6210.0,19659.0,12165.9,17333890.09,8918.0,13374.5,14163.75,0.9
4697,9,128,11,54249.0,46048.0,54249.0,49917.0,5320315.0,48375.75,49922.0,51117.0,0.9
4698,9,195,11,64613.0,47624.0,64613.0,56738.8,22507279.16,54636.75,56840.5,60062.0,0.6
4698,11,237,13,64613.0,47624.0,60207.0,55178.2,15357007.760000002,52126.0,55603.5,58340.75,0.8
4699,9,172,11,165532.0,82987.0,165532.0,119940.7,554657407.6099999,109726.25,118097.0,128744.25,0.6
4699,11,213,13,165532.0,82987.0,129432.0,112324.3,215079408.41,109726.25,116539.5,119954.5,0.8
4699,13,246,15,165532.0,82987.0,125564.0,111517.9,192403252.09,109726.25,116539.5,119954.5,0.9
4701,9,150,11,112323.0,84536.0,112323.0,92775.5,52443465.45,88017.75,92530.5,93290.5,0.8
4703,9,237,11,80422.0,80422.0,105290.0,96543.8,88703552.16,91241.0,99657.0,104698.0,0.4
4703,11,286,13,80422.0,80422.0,104900.0,93998.2,71766000.96000001,89649.0,95682.0,101295.0,0.6
4703,13,321,15,80422.0,80422.0,102933.0,92458.9,48986043.09000001,89649.0,95604.0,96353.75,0.8
4704,9,180,11,126759.0,88973.0,126759.0,108042.2,82390326.16,105349.5,108974.0,111616.0,0.4
4704,11,199,13,126759.0,88973.0,112167.0,105074.8,39309018.76,103272.0,106348.5,109455.0,0.6
4704,13,229,15,126759.0,88973.0,109936.0,104527.4,33733445.239999995,103272.0,106348.5,107999.5,0.6
4705,9,189,11,70080.0,37142.0,70080.0,55552.1,75692895.49000001,52035.5,54871.0,60889.25,0.7
4705,11,212,13,70080.0,37142.0,62410.0,52531.9,39235823.69,50213.5,53505.5,55972.5,0.9
4707,9,200,11,88656.0,75380.0,88656.0,82079.1,14833729.289999997,79690.25,83302.0,84406.0,0.8
4707,11,228,13,88656.0,75380.0,84919.0,80760.5,12358884.65,77554.75,81532.5,83632.75,1.0
4708,9,192,11,108820.0,68879.0,108820.0,81480.6,124347467.44000001,74022.25,79305.5,85565.5,0.8
4708,11,220,13,108820.0,68879.0,85817.0,78886.6,41463057.84,74022.25,79305.5,85494.25,1.0
4709,9,217,11,76374.0,66161.0,76374.0,69739.9,7462373.290000001,67985.0,69433.0,70911.5,0.7
4710,9,159,11,79970.0,71978.0,85636.0,79211.0,15738465.6,79436.0,79982.5,80749.0,0.7
4710,11,203,13,79970.0,71978.0,80754.0,77618.5,11831185.25,74626.25,79614.0,79988.75,0.9
4711,9,217,11,94877.0,87461.0,103537.0,97065.3,30057546.009999998,93118.25,97590.5,101741.5,0.8
4712,9,179,11,142201.0,107063.0,142201.0,121719.9,86835333.28999999,117520.25,121708.0,123933.5,0.6
4712,11,214,13,142201.0,107063.0,125357.0,119397.9,33241587.29,117520.25,121708.0,123933.5,0.6
4713,9,178,11,125034.0,76992.0,125034.0,103227.3,208709905.41,95644.75,105574.5,113925.5,0.9
4714,9,198,11,91047.0,55948.0,91047.0,81322.0,93102737.4,78864.25,83527.5,87228.25,0.8
4714,11,224,13,91047.0,55948.0,88871.0,80823.4,84466681.03999999,78864.25,83527.5,87228.25,0.8
4715,9,186,11,90859.0,76244.0,90859.0,84433.4,21289688.840000004,81157.75,83785.0,88244.75,0.8
4715,11,214,13,90859.0,76244.0,89638.0,84124.3,17720614.21,81157.75,83785.0,88244.75,0.9
4716,9,216,11,130160.0,86102.0,130160.0,94768.6,180162403.64000002,86845.5,88444.0,92938.0,0.7
4716,11,244,13,130160.0,79048.0,93100.0,87867.2,14539386.960000003,86699.75,86970.0,90482.75,0.9
4717,9,98,11,73622.0,58060.0,73622.0,62858.2,16203881.959999999,61433.0,62579.0,63398.5,0.8
4718,9,138,11,142434.0,80949.0,142434.0,98802.2,305435797.15999997,85004.0,98199.0,102133.5,0.8
4718,11,168,13,142434.0,79632.0,106131.0,91913.0,91715691.8,82839.0,92188.0,99657.75,1.0
4719,9,180,11,87288.0,87288.0,101803.0,95836.9,24627743.29,94084.75,96900.5,99846.75,0.8
4719,11,213,13,87288.0,86447.0,100457.0,94301.3,27527263.21,88945.25,94829.0,99043.0,0.9
4720,9,204,11,77495.0,66454.0,81433.0,73436.1,18688003.49,70792.0,72760.5,76936.25,0.7
4722,9,191,11,102399.0,83268.0,102399.0,92497.3,24575778.810000002,90485.5,92532.0,94635.75,0.6
4723,9,157,11,156950.0,92568.0,156950.0,110323.5,325721659.85,100946.25,104577.0,109221.5,0.8
4723,11,181,13,156950.0,92568.0,112520.0,104154.7,39242498.41,100946.25,104577.0,109221.5,1.0
4725,9,196,11,137125.0,111953.0,137125.0,121414.1,40461163.29,117234.0,121716.0,122507.75,0.9
4726,9,204,11,146459.0,115577.0,146459.0,128053.1,108001028.89000002,119242.25,125270.0,136757.0,0.4
4726,11,223,13,146459.0,115577.0,138862.0,123052.9,47686043.89,118917.5,119261.5,127041.0,0.6
4726,13,250,15,146459.0,115577.0,128812.0,119669.9,11903157.489999998,118719.25,119132.5,119289.5,0.8
4726,15,278,17,146459.0,115577.0,120660.0,118729.8,2401486.7600000002,118719.25,119132.5,119289.5,0.8
4727,9,185,11,78897.0,44422.0,78897.0,61147.4,78431007.84,56989.0,63682.5,64884.5,0.9
4728,9,184,11,141871.0,102452.0,141871.0,116654.2,134055967.96,107489.0,116197.0,122357.25,0.8
4729,9,184,11,109164.0,58099.0,109164.0,73785.1,198059842.49,65553.75,70446.5,74316.25,0.8
4729,11,198,13,109164.0,58099.0,74900.0,69072.4,31419802.24,65553.75,70446.5,74316.25,1.0
4731,9,174,11,115836.0,96843.0,115836.0,110319.5,26689759.85,109027.75,110306.0,114132.5,0.4
4731,11,213,13,115836.0,96843.0,114211.0,108306.7,25929801.610000003,108341.5,109669.0,110341.0,0.6
4731,13,252,15,115836.0,96843.0,110379.0,106515.4,23748466.04,103013.0,108929.5,110211.25,0.7
4734,9,138,11,124702.0,68364.0,124702.0,105846.1,240540022.28999996,99984.0,110972.5,115670.0,0.9
4735,9,129,11,100609.0,74574.0,120325.0,100702.5,145390479.85,94723.5,100609.0,108232.25,0.7
4735,11,154,13,100609.0,74574.0,111442.0,98840.0,98271730.8,94723.5,100609.0,104042.75,0.9
4736,9,111,11,48038.0,45744.0,63661.0,55289.0,44366889.8,48197.75,56869.0,61055.75,0.6
4736,11,134,13,48038.0,45744.0,61275.0,53867.7,31002260.609999996,48197.75,54576.0,59062.25,0.8
4738,9,204,11,129211.0,85795.0,129211.0,103797.1,107489370.09,99852.75,102628.0,105382.25,0.5
4738,11,231,13,129211.0,85795.0,105664.0,98093.1,41191318.09,93872.75,99970.5,103247.0,0.7
4739,9,185,11,126632.0,93580.0,126632.0,107058.4,81614959.03999999,100288.75,107698.0,109619.75,0.9
4740,9,136,11,103136.0,92978.0,103136.0,97779.2,6283379.76,96626.75,97564.0,98896.0,0.7
4742,9,180,11,97562.0,47767.0,97562.0,60432.1,173793066.69,53286.25,56695.0,60800.75,0.9
4743,9,229,11,103161.0,80502.0,103161.0,92333.4,42703241.04000001,91586.0,92522.0,96112.25,0.8
4744,9,199,11,127035.0,115006.0,131271.0,125837.7,24601449.410000004,123243.75,127869.5,129263.0,0.9
4745,9,202,11,140549.0,74669.0,140549.0,100892.7,599102748.4100001,82760.0,86298.0,126358.5,0.6
4745,11,226,13,140549.0,74669.0,130340.0,91765.9,273185867.09,82760.0,86298.0,91911.5,0.8
4745,13,261,15,140549.0,74669.0,101516.0,87339.6,68207530.24000001,82760.0,86298.0,91911.5,0.9
4746,9,158,11,149074.0,104017.0,149074.0,127477.8,169036799.76,119968.5,128039.0,137320.75,0.7
4746,11,184,13,149074.0,104017.0,138947.0,126429.6,133642586.24000001,119968.5,128039.0,137320.75,0.7
4747,9,177,11,110202.0,65663.0,110202.0,83657.0,170420331.0,72923.75,83771.5,91525.25,0.8
4747,11,214,13,110202.0,65663.0,93044.0,81682.3,99693613.21000001,72923.75,83771.5,91390.25,1.0
4748,9,158,11,80107.0,80107.0,104296.0,91201.5,79043327.45,84095.5,89331.0,99695.5,0.8
4749,9,175,11,92347.0,75622.0,92347.0,84969.0,35969466.6,79469.5,85953.0,90292.75,0.9
4751,9,210,11,82567.0,66739.0,82567.0,77606.6,22536676.240000002,76287.5,79299.5,80431.25,0.8
4752,9,154,11,48567.0,44470.0,64658.0,55564.8,50973814.36,48650.25,56878.0,62511.0,0.9
4754,9,219,11,151901.0,107104.0,151901.0,131098.8,103453447.56,130423.25,131019.0,133457.25,0.3
4754,11,239,13,151901.0,106271.0,134113.0,126535.8,101001291.36000001,128892.5,130911.0,132122.75,0.4
4754,13,276,15,151901.0,106271.0,132468.0,123366.3,97991802.81,115919.75,129353.0,130931.0,0.6
4755,9,184,11,127322.0,88209.0,127322.0,112055.2,142787562.35999998,107387.0,112167.0,122339.5,0.3
4755,11,210,13,127322.0,73692.0,124161.0,103203.7,207363574.21,93421.0,107422.0,112442.0,0.5
4755,13,232,15,127322.0,73692.0,112717.0,96049.0,176278506.4,89127.0,95660.0,107457.0,0.7
4755,15,269,17,127322.0,73692.0,108456.0,95000.2,147278833.16000003,89127.0,95660.0,106861.5,0.8
4756,9,172,11,102942.0,71567.0,102942.0,89695.7,60613010.010000005,87384.75,90168.5,93813.25,0.8
4756,11,204,13,102942.0,71567.0,94694.0,88803.7,44098369.21,87384.75,90168.5,93813.25,0.9
4757,9,174,11,135229.0,89398.0,135229.0,108914.0,217971442.2,95756.25,107272.5,121187.25,0.6
4757,11,211,13,135229.0,89398.0,121250.0,105222.7,116276250.41,95756.25,107272.5,111118.25,0.8
4757,13,255,15,135229.0,89398.0,114746.0,103752.7,78354170.80999999,95756.25,107272.5,111118.25,0.9
4758,9,159,11,70133.0,64855.0,70261.0,68423.7,3206812.61,67754.5,69054.0,69923.5,0.7
4759,9,120,11,151642.0,94717.0,151642.0,116562.4,240300423.04000002,107936.0,115151.5,125091.5,0.8
4762,9,166,11,83377.0,61745.0,88648.0,77527.8,79902533.36,70380.75,80870.0,83377.0,0.8
4762,11,190,13,83377.0,61745.0,83377.0,76581.6,65013412.239999995,70380.75,80870.0,82873.5,0.9
4763,9,178,11,159778.0,88387.0,159778.0,136486.9,356604124.89,131616.0,138069.5,149769.75,0.4
4763,11,209,13,159778.0,88387.0,151699.0,132480.2,260230517.16,131403.5,135392.0,139679.25,0.5
4764,9,110,11,66434.0,35836.0,66434.0,46028.2,70222626.16,40289.25,46319.0,48450.0,0.9
4766,9,94,11,17955.0,6003.0,17955.0,11130.6,12538821.04,8335.25,11331.5,13341.25,0.9
4767,9,76,11,15610.0,6139.0,15610.0,11400.7,12043827.209999999,7687.25,13455.5,13677.75,1.0
4768,9,161,11,65261.0,39975.0,65261.0,47774.5,44290422.45,44822.75,47341.0,48752.0,0.9
4769,9,150,11,99445.0,57349.0,99445.0,78838.3,102463632.21000001,77249.0,80598.5,81277.5,0.8
4769,11,186,13,99445.0,57349.0,82746.0,77092.8,57870218.760000005,77249.0,80598.5,81277.5,0.9
4770,9,190,11,123849.0,105342.0,123849.0,111930.8,27172712.560000002,107690.75,111451.0,113795.0,0.7
4770,11,222,13,123849.0,105342.0,114430.0,110749.4,10442824.24,107690.75,111451.0,113795.0,0.7
4771,9,162,11,93205.0,71233.0,93205.0,84823.6,45607644.239999995,81617.5,86372.5,89833.5,0.8
4772,9,233,11,113579.0,58832.0,113579.0,80392.4,292917767.64,64818.5,81061.0,88649.5,0.4
4772,11,275,13,113579.0,58832.0,90172.0,72702.3,102340753.61,64818.5,69292.5,81606.5,0.6
4772,13,322,15,113579.0,58832.0,82152.0,69793.6,50439234.04,64818.5,69292.5,72760.25,0.8
4772,15,349,17,113579.0,58832.0,79872.0,69530.7,44556394.61,64818.5,69292.5,72760.25,1.0
4774,9,180,11,137163.0,112190.0,137163.0,128274.7,55086048.410000004,125057.0,130495.0,133682.5,0.9
4777,9,125,11,135645.0,80892.0,135645.0,113178.9,179447546.88999996,109049.75,114060.5,119627.75,0.7
4778,9,242,11,93545.0,68022.0,93545.0,83316.3,41895924.410000004,81626.5,85075.0,85903.25,0.3
4778,11,279,13,93545.0,68022.0,86045.0,80881.9,34656940.89,78089.75,84165.0,85115.0,0.5
4778,13,307,15,93545.0,68022.0,85155.0,79423.9,29921667.290000003,76487.75,80636.5,84498.5,0.7
4778,15,347,17,93545.0,68022.0,84832.0,79122.9,26967158.889999997,76487.75,80636.5,83351.75,0.8
4779,9,229,11,129362.0,121267.0,131388.0,128443.6,12558906.239999998,125972.75,130070.5,131196.25,0.3
4780,9,142,11,107889.0,75597.0,107889.0,90101.3,69578234.41,84298.75,90404.5,94387.5,0.9
4780,11,176,13,107889.0,75597.0,94532.0,88205.3,34480620.010000005,84298.75,88852.0,93591.0,1.0
4782,9,206,11,121846.0,70672.0,121846.0,102405.5,206356112.25,94907.0,102350.5,114742.5,0.5
4782,11,240,13,121846.0,70672.0,115467.0,97393.6,139987037.83999997,93473.5,96145.0,102575.25,0.7
4782,13,259,15,121846.0,70672.0,104983.0,95085.7,85392325.80999999,93473.5,96145.0,101419.25,0.8
4784,9,141,11,103023.0,81898.0,103023.0,93342.7,52485259.61,88219.5,93749.0,98653.0,0.8
4785,9,166,11,92202.0,74078.0,92202.0,80430.0,21625787.6,77598.75,80135.0,81938.5,0.6
4785,11,200,13,92202.0,74078.0,82197.0,78829.1,5582313.290000001,77573.0,78792.0,80772.25,0.8
4785,13,234,15,92202.0,74078.0,80863.0,77923.9,4042190.4899999998,76882.75,77762.5,79468.25,1.0
4786,9,156,11,122728.0,84084.0,122728.0,96932.8,112191261.36000001,88436.5,98706.0,100027.5,0.5
4786,11,190,13,122728.0,84084.0,100927.0,94547.2,40336989.36,88436.5,98274.5,99768.75,0.6
4786,13,215,15,122728.0,84084.0,99780.0,93187.7,34249162.410000004,88178.75,94236.5,98573.25,0.8
4786,15,260,17,122728.0,84084.0,99150.0,92407.5,28601821.85,88178.75,91790.5,97621.5,1.0
4787,9,191,11,95960.0,77666.0,95960.0,89104.1,26966049.090000004,86882.0,88901.5,92807.75,0.9
4788,9,194,11,129916.0,102254.0,129916.0,109077.7,61415295.61,104137.75,106838.5,108005.75,0.4
4788,11,216,13,129916.0,98759.0,108044.0,104274.6,10428307.84,102570.75,104699.5,106975.25,0.6
4789,9,149,11,82199.0,82199.0,104523.0,94724.7,65259988.20999999,87611.25,97541.0,101463.5,0.7
4791,9,115,11,64670.0,35049.0,64670.0,45806.4,56583227.839999996,41413.75,46319.0,47468.5,0.9
4792,9,211,11,100907.0,70955.0,100907.0,82426.6,72802542.24,75631.0,81786.5,87454.0,0.8
4793,9,144,11,115642.0,84111.0,115642.0,103329.0,79570311.6,98755.0,106483.0,108944.75,0.7
4793,11,165,13,115642.0,84111.0,109632.0,101933.6,58601665.84000001,98755.0,105711.0,106838.0,0.8
4793,13,186,15,115642.0,84111.0,107472.0,101517.0,53683161.0,98755.0,105395.0,106593.0,1.0
4794,9,214,11,90195.0,69023.0,90195.0,78257.9,33599456.089999996,74979.25,78730.0,80101.0,0.6
4794,11,258,13,90195.0,69023.0,80879.0,77019.0,16214253.8,74979.25,78730.0,80101.0,0.6
4795,9,150,11,83738.0,63704.0,83738.0,73388.2,44205853.56,66483.5,74529.0,78967.5,0.9
4796,9,171,11,79739.0,49168.0,79739.0,63191.7,65926418.410000004,57916.75,64948.5,66710.75,0.8
4796,11,198,13,79739.0,49168.0,67408.0,61367.0,33521429.4,57916.75,64020.0,66111.0,0.9
4798,9,187,11,100411.0,97873.0,115784.0,108616.8,39922245.760000005,102326.5,111361.5,112806.0,0.9
4799,9,178,11,85575.0,55439.0,85575.0,72032.3,84289756.21000001,67759.25,69621.5,79866.75,0.6
4799,11,222,13,85575.0,55439.0,80431.0,69951.8,49699052.96,67759.25,69621.5,74043.25,0.8
4799,13,258,15,85575.0,55439.0,74201.0,68917.7,34383636.20999999,67759.25,69621.5,74043.25,0.9
4801,9,179,11,146544.0,51620.0,146544.0,121015.3,682221046.41,119435.0,126569.5,135737.25,0.4
4801,11,192,13,146544.0,51620.0,137583.0,107402.2,731582558.96,87923.25,120081.0,126668.25,0.6
4801,13,202,15,146544.0,51620.0,126767.0,101903.8,564021668.5600001,87118.0,108010.0,120727.0,0.8
4801,15,241,17,146544.0,51620.0,123964.0,101301.4,535781223.43999994,87118.0,108010.0,120727.0,0.8
4802,9,231,11,64854.0,45764.0,64854.0,57028.5,35047538.85,52854.0,57994.0,61314.75,0.7
4803,9,224,11,126212.0,100882.0,126212.0,113998.7,51316175.41,109506.0,112971.0,119636.25,0.6
4804,9,208,11,149898.0,93823.0,149898.0,116386.5,302302637.05,102311.5,114286.5,126060.0,0.5
4804,11,245,13,149898.0,93823.0,126846.0,110129.9,110573755.89000002,102311.5,110807.5,117157.5,0.7
4804,13,295,15,149898.0,93823.0,118523.0,107962.9,63229107.489999995,102311.5,110807.5,114054.75,0.9
4805,9,161,11,135670.0,76792.0,135670.0,91106.2,241427825.16,85070.75,86740.0,91178.5,0.9
4806,9,159,11,157070.0,69044.0,157070.0,96729.8,623924313.56,81810.5,91204.0,93076.75,0.8
4806,11,183,13,157070.0,69044.0,98652.0,87751.4,80451524.44000001,81810.5,91204.0,93076.75,1.0
4807,9,130,11,127399.0,47982.0,127399.0,69694.9,627107334.8900001,48885.5,63373.5,75349.5,0.6
4807,11,145,13,127399.0,47982.0,77762.0,58560.5,99325341.85,48885.5,56738.0,65605.5,0.8
4807,13,166,15,127399.0,47982.0,67240.0,56721.0,57763814.4,48885.5,56221.5,64424.25,1.0
4808,9,189,11,130167.0,98929.0,130167.0,105982.8,74244727.96000001,100538.75,103965.5,107033.5,0.9
4809,9,136,11,89108.0,68623.0,89108.0,74623.2,44529299.760000005,70809.75,71799.0,74572.25,0.8
4809,11,151,13,89108.0,68623.0,77197.0,72506.2,7915924.56,70809.75,71799.0,74572.25,0.9
4810,9,173,11,95528.0,74721.0,99998.0,86678.1,93309671.69,77266.75,84883.0,95528.0,0.6
4810,11,202,13,95528.0,74721.0,95528.0,84362.8,53710288.56,77266.75,84883.0,88992.0,0.7
4810,13,242,15,95528.0,74721.0,91065.0,82394.3,31040669.21,77266.75,82221.5,86715.75,0.8
4811,9,129,11,90111.0,51980.0,90111.0,64812.6,173625148.84,54906.25,56936.5,75286.0,0.6
4811,11,155,13,90111.0,51980.0,77358.0,59122.9,56389485.89,54906.25,56936.5,58042.25,0.8
4811,13,174,15,90111.0,51980.0,65363.0,57126.8,13545064.16,54906.25,56936.5,58042.25,1.0
4815,9,232,11,131898.0,94864.0,131898.0,106605.3,106835096.01,100012.25,105247.0,109576.0,0.6
4815,11,256,13,131898.0,94864.0,110214.0,102378.4,22385504.44,100012.25,102176.0,105477.0,0.8
4815,13,281,15,131898.0,94864.0,106438.0,101842.2,16181948.16,100012.25,102176.0,105477.0,0.8
4816,9,195,11,110567.0,92866.0,110567.0,99591.5,38988028.45,94730.5,96588.0,102329.5,0.4
4816,11,237,13,110567.0,91401.0,102920.0,96910.2,15522658.959999999,94084.75,96113.5,100680.5,0.5
4816,13,271,15,110567.0,85399.0,101905.0,93734.1,19514652.29,91767.25,94152.5,96141.25,0.7
4816,15,296,17,110567.0,85399.0,96169.0,91896.5,11976025.05,89023.5,92783.0,94220.25,0.9
4817,9,174,11,105369.0,91192.0,105369.0,100530.0,27570077.2,96791.0,102895.0,104994.0,0.5
4819,9,140,11,104173.0,75544.0,104173.0,86174.8,57509332.36,83132.25,86630.0,87426.0,0.2
4819,11,166,13,104173.0,68231.0,87471.0,80528.3,51886224.010000005,75646.75,84031.5,86762.0,0.4
4819,13,190,15,104173.0,68231.0,86894.0,78355.4,41077370.04,75622.0,76566.0,84930.75,0.6
4819,15,224,17,104173.0,68231.0,85830.0,76680.7,24567058.410000004,75622.0,76566.0,78267.25,0.8
4819,17,236,19,104173.0,68231.0,82073.0,76213.1,17949072.89,75622.0,76566.0,78267.25,0.8
4819,19,268,21,104173.0,64750.0,78278.0,74017.9,20256944.089999996,70987.0,75905.5,77054.0,1.0
4820,9,138,11,96384.0,58610.0,96384.0,72989.4,139099150.44,66656.75,69201.5,80142.25,0.4
4820,11,155,13,96384.0,58610.0,83614.0,68414.4,40500482.44,66656.75,69182.0,69709.25,0.4
4820,13,182,15,96384.0,58610.0,69727.0,66028.7,14155835.209999999,64583.0,67023.5,69399.5,0.6
4820,15,196,17,96384.0,56626.0,69617.0,64098.4,17250289.04,61078.75,64798.0,67390.25,0.8
4820,17,212,19,96384.0,56626.0,67757.0,63413.1,12123767.49,61078.75,64798.0,65776.75,1.0
4821,9,137,11,77426.0,43732.0,77426.0,59986.9,91222687.69000001,54097.75,59699.5,63002.0,0.8
4821,11,162,13,77426.0,43732.0,64915.0,57780.6,42545379.44,54097.75,59699.5,63002.0,1.0
4822,9,176,11,81704.0,56305.0,81704.0,73207.1,49690530.69,69374.0,75841.5,77228.0,0.6
4822,11,201,13,81704.0,56305.0,78584.0,72665.1,43123767.089999996,69374.0,75841.5,76589.25,0.6
4822,13,223,15,81704.0,56305.0,76691.0,70562.2,38355547.760000005,67498.0,71244.5,76019.25,0.8
4823,9,97,11,72595.0,45243.0,72595.0,58518.8,60321205.760000005,53399.75,58913.0,62233.5,0.7
4823,11,111,13,72595.0,45243.0,62875.0,57006.1,33722735.89,53399.75,58913.0,61485.75,0.9
4825,9,195,11,113281.0,96181.0,114755.0,109366.1,29937222.089999996,106720.5,111505.0,113281.0,0.6
4826,9,175,11,65305.0,65305.0,88658.0,79261.4,80079012.03999999,71215.5,82187.0,87157.75,0.9
4828,9,241,11,61912.0,61785.0,76788.0,69347.0,37958553.0,62028.75,72108.5,74563.5,0.9
4831,9,131,11,77050.0,54034.0,77050.0,60266.3,40119803.20999999,56045.25,58545.0,61613.0,0.8
4831,11,156,13,77050.0,54034.0,61951.0,58156.4,7773448.040000001,56045.25,56954.0,61299.0,1.0
4832,9,186,11,131623.0,91174.0,131623.0,106973.0,171238926.2,99852.5,102853.5,109862.5,0.5
4832,11,221,13,131623.0,91174.0,111849.0,101442.9,29717335.889999997,99658.5,102144.5,103735.75,0.6
4833,9,217,11,113777.0,65197.0,117569.0,101752.9,347833034.68999994,103314.25,108803.0,113777.0,0.3
4833,11,254,13,113777.0,65197.0,113777.0,99958.3,310611244.40999997,102537.75,107336.0,110299.0,0.4
4834,9,112,11,31513.0,12651.0,31513.0,21612.2,31263464.160000004,17912.5,21706.0,24645.5,0.8
4834,11,126,13,31513.0,12651.0,26020.0,20762.3,19727844.81,17912.5,21706.0,24645.5,1.0
4836,9,206,11,138295.0,94028.0,138295.0,102838.2,150764421.76,97129.0,98401.5,103126.5,0.8
4837,9,171,11,130552.0,97876.0,132985.0,121846.0,135923628.8,112463.25,127497.0,130552.0,0.6
4837,11,202,13,130552.0,97876.0,130552.0,119598.2,106762423.96,112463.25,121689.5,128536.0,0.8
4838,9,236,11,71129.0,50311.0,71129.0,58304.7,35428837.21,52988.75,58557.5,61582.75,0.9
4839,9,199,11,71853.0,58848.0,75059.0,69275.6,32269292.24,64698.5,71853.0,73751.0,0.7
4840,9,161,11,115305.0,58200.0,115305.0,71114.7,279253808.41,61635.25,62884.0,70541.5,0.8
4840,11,202,13,115305.0,58200.0,72435.0,65318.6,25006631.639999997,61635.25,62884.0,70541.5,1.0
4842,9,180,11,91906.0,69802.0,104534.0,93710.0,102847146.4,88165.0,95565.5,101216.5,0.9
4843,9,117,11,32158.0,16176.0,32158.0,22011.8,21788438.96,19413.25,20886.0,21708.25,0.8
4843,11,126,13,32158.0,16176.0,23098.0,20460.1,4019528.089999999,19413.25,20886.0,21708.25,1.0
4844,9,179,11,120217.0,72885.0,120217.0,92312.4,184964794.04,83719.75,90475.5,99415.75,0.8
4844,11,221,13,120217.0,72885.0,103116.0,90097.8,102136731.16,83719.75,90475.5,99415.75,0.8
4844,13,247,15,120217.0,72885.0,100402.0,89376.3,86602021.60999998,83719.75,90475.5,97618.0,1.0
4846,9,160,11,81774.0,65142.0,81774.0,72169.5,26050787.85,67351.75,72115.0,75943.75,0.8
4848,9,167,11,165214.0,96812.0,165214.0,123204.7,304498219.61,113136.5,122084.0,130368.75,0.9
4850,9,192,11,100764.0,82302.0,100764.0,91846.0,38102451.2,86108.5,92755.0,96704.5,0.7
4850,11,235,13,100764.0,82302.0,98012.0,91466.5,32520982.25,86108.5,92755.0,96704.5,0.7
4851,9,129,11,112501.0,77959.0,112501.0,102414.2,84993105.35999998,100645.25,103522.5,106096.75,0.8
4851,11,163,13,112501.0,77959.0,107258.0,100966.1,64965690.89,100645.25,103276.0,105497.5,1.0
4852,9,191,11,157923.0,118106.0,157923.0,135605.6,105389879.24,128439.25,136554.5,140021.5,0.4
4852,11,208,13,157923.0,106878.0,140325.0,128894.9,97072191.28999999,126510.75,129019.5,137306.25,0.6
4852,13,232,15,157923.0,106878.0,138058.0,125527.6,75813607.44000001,120162.25,127454.5,129764.0,0.8
4852,15,264,17,157923.0,106878.0,130180.0,122171.5,63661195.65,117461.75,126690.5,128351.75,1.0
4854,9,107,11,86129.0,66420.0,102972.0,89871.1,134995520.89000002,86129.0,91328.0,99493.5,0.6
4854,11,150,13,86129.0,66420.0,100135.0,88749.4,111207032.04,86129.0,91328.0,97132.75,0.7
4854,13,193,15,86129.0,66420.0,97569.0,87899.3,95841598.00999999,86129.0,91328.0,95449.5,0.9
4856,9,149,11,170297.0,78367.0,170297.0,102288.9,634630376.89,85195.5,98747.5,103874.25,0.8
4856,11,167,13,170297.0,78367.0,109755.0,95504.6,119348625.44000001,85195.5,98747.5,103874.25,1.0
4857,9,184,11,96101.0,35427.0,96101.0,57332.2,252466398.36000004,50752.0,59141.0,59978.0,0.9
4858,9,169,11,103513.0,62033.0,103513.0,81058.9,89925963.49,79487.0,81229.0,82235.75,0.9
4859,9,135,11,140198.0,66926.0,140198.0,94884.1,370801948.29,86200.25,89308.5,96118.25,0.8
4859,11,163,13,140198.0,66926.0,103431.0,89163.2,90643519.76000002,86200.25,89308.5,96056.75,0.9
4860,9,109,11,63669.0,49967.0,63669.0,56392.2,12543531.959999999,54385.25,56514.0,58093.25,0.7
4862,9,177,11,76618.0,61989.0,76618.0,68651.5,15837782.85,66869.0,68036.0,70357.75,0.9
4864,9,189,11,100537.0,55351.0,100537.0,73137.1,166277459.69,65480.5,71159.0,74905.25,0.8
4864,11,208,13,100537.0,55351.0,78522.0,69620.2,50387417.95999999,65480.5,71159.0,74905.25,1.0
4865,9,196,11,118296.0,84419.0,118296.0,95851.4,78175827.44,91911.25,95769.5,96762.5,0.9
4866,9,139,11,106281.0,72835.0,106281.0,88395.7,78494123.41,84371.5,90007.5,92560.5,0.6
4866,11,173,13,106281.0,72835.0,92936.0,83737.4,48203872.44,77257.25,84615.0,90272.25,0.8
4866,13,199,15,106281.0,72835.0,90927.0,82949.4,38700055.44,77257.25,84615.0,88499.25,1.0
4867,9,136,11,56649.0,52645.0,59428.0,56560.4,4770643.24,55058.5,56649.0,58605.0,0.7
4868,9,160,11,109492.0,77890.0,109551.0,99510.3,96826241.61,93925.0,100698.5,108837.0,0.8
4869,9,131,11,61612.0,31812.0,61612.0,49912.4,83956275.44,44042.75,50535.5,57830.75,0.9
4870,9,214,11,95847.0,62734.0,95847.0,71097.8,75033065.36,67048.75,69708.0,70790.5,0.3
4870,11,246,13,95847.0,62271.0,70813.0,67243.4,9161660.24,65294.0,67658.5,69788.5,0.5
4870,13,280,15,95847.0,62271.0,69869.0,66243.4,8174159.44,63302.5,66295.5,68953.75,0.6
4870,15,314,17,95847.0,62271.0,68979.0,65265.4,5223798.4399999995,63213.0,64997.0,66367.25,0.8
4870,17,342,19,95847.0,62271.0,67550.0,64893.1,3096831.0900000003,63213.0,64997.0,66367.25,0.9
4871,9,197,11,81771.0,72454.0,82369.0,79181.5,10386100.45,78349.0,80218.5,81771.0,0.6
4874,9,197,11,97583.0,73296.0,97583.0,87776.3,58688546.81,83473.0,90139.5,93778.75,0.5
4875,9,154,11,82851.0,66920.0,82851.0,77019.3,25286037.21,75053.75,79141.0,80404.75,0.8
4876,9,194,11,117014.0,63837.0,117014.0,94457.7,234740679.81000003,92790.5,95658.5,104823.5,0.6
4876,11,221,13,117014.0,63837.0,105048.0,92053.4,169887100.44,92790.5,95658.5,99492.5,0.6
4876,13,241,15,117014.0,63837.0,100076.0,90807.5,145377149.85,92790.5,95658.5,98707.5,0.7
4878,9,172,11,133201.0,64876.0,133201.0,77684.9,378853656.28999996,67051.75,71344.0,74480.75,0.8
4878,11,200,13,133201.0,64876.0,78012.0,71246.2,21041272.96,67051.75,71344.0,74480.75,0.9
4879,9,209,11,89503.0,66835.0,89503.0,80487.2,34638399.160000004,80057.25,81768.0,83598.0,0.4
4879,11,248,13,89503.0,66835.0,83767.0,79008.6,24026097.439999998,78216.75,80775.5,82209.0,0.6
4879,13,290,15,89503.0,66835.0,82650.0,77287.5,24133077.05,74760.5,79423.5,80811.75,0.8
4880,9,206,11,113558.0,68149.0,113558.0,84438.7,205553635.01000002,76158.75,80094.0,82200.0,0.8
4880,11,231,13,113558.0,68149.0,88057.0,79231.2,28009924.559999995,76158.75,80094.0,82200.0,0.9
4881,9,143,11,165633.0,87022.0,165633.0,118506.4,401365198.8399999,110486.0,116631.5,121245.75,0.6
4881,11,176,13,165633.0,87022.0,123963.0,112227.1,113498024.88999999,110486.0,114587.5,119379.0,0.7
4883,9,123,11,18394.0,12274.0,18984.0,16810.7,4885736.21,15673.5,17936.5,18349.0,0.9
4884,9,208,11,83573.0,47695.0,83573.0,73240.2,92515793.16,73209.25,76070.0,78313.75,0.9
4885,9,193,11,98904.0,51750.0,98904.0,75305.4,153427804.04,71014.0,76835.0,81870.25,0.7
4885,11,226,13,98904.0,51750.0,82180.0,73419.5,95948744.65,71014.0,76835.0,81347.5,0.7
4886,9,192,11,130396.0,79491.0,130396.0,105056.4,155886210.44,101780.5,103478.5,111679.75,0.6
4886,11,234,13,130396.0,79491.0,113492.0,100212.7,74811198.61,97416.5,102438.0,103970.0,0.8
4886,13,265,15,130396.0,79491.0,104520.0,99086.1,55522815.489999995,97416.5,102438.0,103730.75,0.9
4887,9,234,11,84662.0,69173.0,89776.0,82401.8,26389859.560000002,81166.0,83837.5,84662.0,0.8
4888,9,159,11,113231.0,78169.0,113231.0,92019.9,75287900.89,87628.5,90875.0,95241.75,0.6
4889,9,164,11,100570.0,71171.0,100570.0,87598.3,94316690.21,81042.0,89606.5,95307.25,0.9
4890,9,154,11,92929.0,71850.0,92929.0,83357.9,41996024.489999995,80143.0,83759.5,88800.5,0.7
4890,11,183,13,92929.0,71850.0,89717.0,82885.4,34960641.239999995,80143.0,83759.5,87775.25,0.7
4892,9,162,11,140982.0,96410.0,140982.0,114729.0,228685880.8,100885.75,111618.0,128688.25,0.6
4892,11,203,13,140982.0,96410.0,128934.0,110555.2,120928584.96,100885.75,111618.0,114702.5,0.8
4892,13,237,15,140982.0,96410.0,116301.0,108086.5,56949595.05,100885.75,111618.0,114702.5,1.0
4893,9,165,11,172058.0,89970.0,172058.0,123610.4,384801372.64000005,118739.25,122385.0,127824.0,0.4
4893,11,195,13,172058.0,89970.0,127904.0,117283.7,112808637.00999999,117813.0,119376.5,123355.0,0.6
4893,13,221,15,172058.0,89970.0,124325.0,115879.5,91469153.25,117813.0,119376.5,120294.25,0.6
4895,9,110,11,66554.0,32120.0,66554.0,42404.7,76049962.21000001,38904.0,40592.5,43195.75,0.9
4896,9,195,11,196235.0,125947.0,196235.0,159223.8,406166749.36,145838.25,160626.5,167551.0,0.4
4896,11,221,13,196235.0,125947.0,168896.0,150816.3,153801338.01,145539.25,149242.5,161203.25,0.6
4896,13,269,15,196235.0,125947.0,161780.0,147126.6,97462958.64000002,143529.75,148644.5,151631.25,0.8
4896,15,318,17,196235.0,125947.0,156685.0,145230.7,66519561.410000004,143529.75,146942.5,149357.25,0.9
4899,9,181,11,95323.0,70293.0,95323.0,78301.0,46901607.2,73585.75,78278.0,79837.75,0.7
4899,11,214,13,95323.0,62442.0,80325.0,74208.2,27017772.360000003,70926.5,75665.0,78297.0,0.9
4900,9,195,11,98994.0,80956.0,98994.0,90454.7,29168931.410000004,86854.75,90570.0,93964.5,0.9
4902,9,138,11,85350.0,67449.0,85350.0,78217.5,24883430.45,77123.0,78512.0,79861.5,0.7
4902,11,155,13,85350.0,67449.0,80096.0,76612.6,12617218.040000001,76289.75,77938.5,78615.75,0.9
4903,9,203,11,76712.0,67438.0,76917.0,74304.9,10251876.89,73111.25,75708.0,76712.0,0.9
4904,9,222,11,67670.0,48714.0,67670.0,56249.3,30144935.409999996,51326.75,57196.0,59181.75,0.8
4905,9,182,11,60407.0,46289.0,66929.0,61526.3,32975423.21,60407.0,62927.0,65457.5,0.8
4906,9,197,11,117488.0,98322.0,129214.0,119301.7,70583787.60999998,116160.5,120404.0,125363.25,0.8
4907,9,73,11,34595.0,28103.0,34595.0,30729.9,3855361.69,28838.0,31244.5,31731.25,0.9
4908,9,169,11,92323.0,64161.0,92323.0,71201.4,63907890.24000001,66331.75,68814.5,70955.0,0.8
4908,11,192,13,92323.0,64161.0,76191.0,68894.6,11720307.04,66331.75,68814.5,70945.25,1.0
4909,9,132,11,98862.0,70867.0,98862.0,83102.8,62361874.55999999,78910.0,84573.0,86812.5,0.9
4910,9,168,11,108819.0,81044.0,108819.0,99333.0,51179679.8,98092.75,101173.0,103063.25,0.9
4911,9,132,10,59750.0,59750.0,93352.0,77717.2,189173796.36,63812.0,80681.5,89902.25,0.7
4912,9,148,11,105293.0,64621.0,107359.0,90004.7,169620445.20999998,82785.0,89923.0,102063.75,0.6
4912,11,179,13,105293.0,64621.0,105293.0,85973.1,115053923.68999998,79023.0,88306.0,92087.25,0.7
4912,13,201,15,105293.0,64621.0,92376.0,84437.6,76134473.44,79023.0,88306.0,91589.25,0.9
4913,9,146,11,73005.0,21487.0,73005.0,50270.9,197315280.69,42018.75,54555.5,56790.25,0.9
4915,9,180,11,131561.0,100176.0,131561.0,114473.7,77416719.01,107888.5,116122.0,118518.0,0.7
4915,11,211,13,131561.0,100176.0,121844.0,113424.8,51472701.96,107888.5,116122.0,118518.0,0.7
4916,9,171,11,138506.0,109392.0,138506.0,118559.0,60107626.6,115304.0,117792.0,120141.0,0.6
4916,11,201,13,138506.0,109392.0,120306.0,116624.1,16352513.290000001,115304.0,117792.0,120141.0,0.6
4917,9,207,11,106172.0,77853.0,109513.0,94294.8,159820542.56,80074.25,97818.5,106172.0,0.5
4917,11,230,13,106172.0,77853.0,106172.0,89932.2,114558040.76000002,80074.25,86687.5,98171.25,0.7
4917,13,252,15,106172.0,77853.0,101512.0,88374.1,75622284.49000001,80074.25,86687.5,96647.5,0.8
4918,9,171,11,134939.0,76951.0,134939.0,104778.8,335052821.36,92021.0,104569.5,117505.0,0.8
4918,11,203,13,134939.0,76951.0,121013.0,102631.2,235636022.16000003,92021.0,104569.5,117505.0,1.0
4919,9,184,11,115121.0,78025.0,115121.0,92213.3,118481174.60999998,83267.0,92603.5,95962.5,0.7
4919,11,208,13,115121.0,78025.0,96527.0,88330.2,36049103.160000004,83267.0,90496.0,92803.75,0.9
4920,9,154,11,110694.0,95184.0,122138.0,112663.7,57716105.010000005,110694.0,112694.0,118999.75,0.8
4922,9,186,11,74762.0,54343.0,74762.0,60831.8,29723736.76,57714.25,59256.5,61357.5,0.7
4922,11,215,13,74762.0,54343.0,61856.0,59114.9,5075520.49,57714.25,59256.5,61194.0,0.9
4924,9,99,11,17166.0,6014.0,17166.0,10896.5,10071483.45,8392.25,10533.5,13216.0,0.9
4927,9,117,11,69736.0,51305.0,69736.0,63854.9,40521194.09,63701.5,66259.0,67798.5,0.8
4927,11,141,13,69736.0,51305.0,68307.0,63142.2,35081257.36,63701.5,64797.0,67410.5,0.9
4928,9,165,11,135828.0,102551.0,135828.0,121903.1,74098823.89,118424.25,122413.0,125970.75,0.2
4928,11,203,13,135828.0,102551.0,128837.0,120668.6,50609387.64,118424.25,122413.0,125527.5,0.2
4928,13,231,15,135828.0,102551.0,126121.0,116832.7,57144374.81,113167.0,118721.5,123047.0,0.4
4928,15,269,17,135828.0,101742.0,123681.0,113012.7,56687141.81,106319.25,114261.0,119018.75,0.6
4929,9,226,11,98173.0,72485.0,98173.0,87568.1,52754583.29,82182.5,90358.5,91336.75,0.8
4929,11,263,13,98173.0,72485.0,94473.0,86855.5,42210668.65,82182.5,90358.5,91225.5,0.9
4930,9,210,11,138678.0,104134.0,141031.0,129929.6,130824628.03999999,126821.0,132823.0,138678.0,0.4
4930,11,245,13,138678.0,104134.0,138678.0,129025.0,114301021.6,126821.0,132541.5,136958.5,0.4
4930,13,268,15,138678.0,104134.0,138188.0,126863.8,112544007.36000001,119805.75,128541.0,136042.25,0.5
4931,9,143,11,91426.0,52626.0,91426.0,69584.9,114464399.49000001,63906.75,70911.5,74659.5,0.7
4933,9,134,11,117074.0,66522.0,117074.0,90270.6,184174755.04000002,81224.5,89495.0,98932.0,0.7
4933,11,161,13,117074.0,66522.0,99184.0,88249.1,112220641.89000002,81224.5,89495.0,98163.25,0.8
4934,9,150,11,38221.0,27595.0,38221.0,30866.5,8256469.05,28975.0,30921.0,31416.0,0.9
4935,9,119,11,51370.0,42913.0,51370.0,46771.0,5963779.6,45327.75,46952.0,47957.25,0.9
4936,9,208,11,114656.0,77595.0,114656.0,89919.4,92826278.84,85087.75,88114.0,90857.25,0.8
4936,11,249,13,114656.0,77595.0,92901.0,86164.0,20030327.8,83226.5,86303.0,89031.5,0.9
4937,9,128,11,88648.0,64600.0,88648.0,82965.3,40784584.20999999,83109.75,83967.5,86247.5,0.8
4938,9,187,11,104260.0,79689.0,104260.0,93080.2,78052599.76,86082.75,94402.0,100497.25,0.8
4939,9,164,11,187876.0,88845.0,187876.0,117027.1,762182746.6899999,102642.5,108829.5,113276.5,0.8
4939,11,182,13,187876.0,88845.0,116980.0,106723.4,72065809.43999998,102642.5,108829.5,113276.5,0.9
4940,9,125,11,145429.0,87140.0,145429.0,111774.0,294114288.4,96165.5,115374.5,119042.5,0.9
4942,9,171,11,146241.0,84192.0,146241.0,107249.7,319486369.61,94335.0,107010.5,112158.0,0.8
4942,11,192,13,146241.0,84192.0,118052.0,103510.7,137573561.20999998,94335.0,107010.5,112158.0,0.9
4943,9,173,11,131689.0,101107.0,131689.0,114583.4,121904429.24000001,103799.5,114406.0,122267.0,0.6
4943,11,211,13,131689.0,101107.0,124670.0,111319.2,52912297.56,103799.5,114406.0,114998.5,0.7
4943,13,245,15,131689.0,101107.0,115431.0,110337.1,35312885.89,103799.5,114406.0,114998.5,0.7
4944,9,179,11,108958.0,82582.0,108958.0,96763.9,50526558.690000005,94608.25,97566.5,101140.5,0.7
4947,9,169,11,75251.0,46884.0,75251.0,62923.8,57338225.35999999,58472.0,63213.5,67602.5,0.6
4947,11,192,13,75251.0,46884.0,67739.0,61172.9,33826933.69,58472.0,63023.0,64277.5,0.8
4947,13,221,15,75251.0,46884.0,65538.0,60695.3,28755585.810000002,58472.0,63023.0,64277.5,1.0
4948,9,180,11,123149.0,106197.0,123149.0,113539.7,27302154.209999997,111495.0,112343.0,113319.5,0.2
4948,11,218,13,123149.0,106197.0,114384.0,111143.7,6284897.61,109413.25,111867.5,112869.75,0.3
4948,13,242,15,123149.0,98123.0,112967.0,108067.0,27111804.8,106636.25,110092.5,111987.75,0.5
4948,15,269,17,123149.0,98123.0,112108.0,105940.5,25197876.45,101989.5,107075.5,110771.75,0.7
4948,17,280,19,123149.0,98123.0,111451.0,104489.1,16877985.090000004,101989.5,104610.5,107514.75,0.9
4950,9,166,11,64068.0,40298.0,64395.0,56011.5,76961483.45,50492.5,58712.0,64068.0,0.9
4951,9,127,11,147012.0,111372.0,147012.0,127162.9,72408112.89,123756.75,127282.0,129804.25,0.2
4951,11,148,13,147012.0,111372.0,130032.0,123842.1,35337447.89,121397.75,125988.0,128406.5,0.3
4952,9,158,11,108351.0,80054.0,108351.0,99228.9,52218892.08999999,98823.0,99785.0,103491.25,0.8
4953,9,171,11,97520.0,78235.0,97520.0,84749.0,28657652.8,80585.25,83702.0,87347.25,0.8
4955,9,185,11,133379.0,86890.0,133379.0,101375.0,144671199.2,95129.25,99502.5,103452.0,0.9
4956,9,148,11,99247.0,73615.0,99247.0,82293.8,45787809.760000005,78231.0,80529.0,85172.25,0.8
4957,9,111,11,73396.0,46912.0,73396.0,64565.1,89819267.09,62098.5,68814.5,69696.75,0.8
4957,11,126,13,73396.0,46912.0,70538.0,63959.6,80597314.24,62098.5,68814.5,69696.75,1.0
4958,9,205,11,92520.0,92520.0,103880.0,98551.9,15843769.290000001,95187.25,99314.0,102089.0,0.3
4958,11,248,13,92520.0,89311.0,102341.0,97039.4,18844997.84,93013.0,98201.0,100874.5,0.4
4958,13,281,15,92520.0,89311.0,101333.0,96329.2,14227314.360000003,93013.0,97044.0,99406.5,0.5
4958,15,318,17,92520.0,87832.0,100135.0,94952.6,16839996.240000002,92520.0,95653.5,98665.0,0.6
4959,9,159,11,79698.0,56077.0,79698.0,70772.5,60459987.85,65433.5,74310.5,75913.0,0.4
4959,11,180,13,79698.0,56077.0,76020.0,66832.5,54317081.65,61432.0,65594.0,74634.75,0.6
4959,13,202,15,79698.0,56077.0,74959.0,64811.0,34390789.0,61432.0,65340.5,65970.5,0.8
4959,15,214,17,79698.0,56077.0,66487.0,63206.5,14128384.25,61432.0,65340.5,65970.5,0.8
4960,9,209,11,106035.0,82407.0,106210.0,97797.8,67281760.56,95158.75,100515.5,104943.0,0.4
4960,11,241,13,106035.0,82407.0,106035.0,94407.7,56825146.61,89026.5,95184.5,100992.25,0.6
4960,13,287,15,106035.0,82407.0,101469.0,92714.3,40892541.20999999,89026.5,92628.5,98480.5,0.7
4961,9,204,11,94734.0,94734.0,128790.0,111912.3,120759597.80999999,105592.25,112999.0,118931.0,0.8
4962,9,123,11,25275.0,7668.0,25275.0,16321.5,20585205.45,14967.25,16720.5,18374.25,0.9
4963,9,106,11,75006.0,35124.0,75006.0,48604.2,131013211.16,38372.75,48836.5,53473.5,0.9
4964,9,125,11,74104.0,65319.0,74809.0,70388.9,8817185.889999999,68255.5,70006.5,73193.25,0.9
4968,9,106,11,43076.0,12430.0,43076.0,17842.5,74955609.05,14357.0,14501.0,16189.75,0.9
4969,9,187,11,51077.0,49514.0,56457.0,52668.1,6179660.49,50921.0,51659.0,55125.0,0.8
4970,9,165,11,96538.0,75684.0,96538.0,81858.0,33336720.8,78949.75,80710.0,81477.75,0.8
4970,11,194,13,96538.0,75684.0,87510.0,80650.9,11010078.49,78949.75,80710.0,81477.75,0.8
4972,9,119,11,102455.0,67403.0,102455.0,84159.3,110215865.81000002,78616.0,83544.0,91378.25,0.9
4974,9,202,11,145353.0,116291.0,145353.0,130563.4,81681211.24000001,124616.5,133153.5,135609.0,0.4
4974,11,253,13,145353.0,116291.0,135832.0,127565.9,46242908.29,124091.0,128264.0,133949.25,0.6
4974,13,292,15,145353.0,116291.0,134745.0,125326.0,35991399.2,120360.5,126897.0,128940.75,0.8
4974,15,321,17,145353.0,116291.0,131562.0,124368.9,26205913.09,120360.5,125510.0,128422.0,0.9
4975,9,135,11,84379.0,46957.0,84379.0,64605.7,115572596.00999999,58324.25,66022.5,71015.5,0.9
4976,9,199,11,65834.0,46979.0,65834.0,56715.1,37450531.089999996,50981.0,57860.5,61094.25,0.9
4977,9,196,11,92201.0,69661.0,92201.0,83620.9,39729583.489999995,80631.5,83696.0,87355.25,0.6
4977,11,213,13,92201.0,59982.0,88063.0,79777.4,66672124.24000001,79801.75,82150.5,85070.25,0.7
4979,9,166,11,94166.0,70716.0,94166.0,86741.2,35043461.56,86132.5,87405.5,89966.75,0.6
4979,11,192,13,94166.0,70716.0,90458.0,86180.1,29300825.689999998,86132.5,87405.5,89101.25,0.6
4980,9,148,11,116999.0,94856.0,116999.0,105271.6,46370754.24,99322.75,106362.0,108821.0,0.8
4980,11,170,13,116999.0,94856.0,109318.0,104046.2,27471569.76,99322.75,106362.0,108555.5,0.9
4981,9,146,11,34663.0,14346.0,34663.0,20752.1,25214834.889999993,18899.5,20263.5,20704.75,0.9
4982,9,170,11,34171.0,12472.0,34171.0,17632.3,34735729.01,13768.25,17228.0,17542.0,0.9
4983,9,156,11,39078.0,13354.0,39078.0,22217.9,40174165.690000005,19318.0,20787.0,23404.0,0.9
4984,9,140,11,30570.0,13958.0,30570.0,19877.4,18829523.24,17296.75,18360.5,21861.5,0.9
4985,9,149,11,41365.0,20551.0,41365.0,26063.5,31369346.45,22618.25,25026.0,27067.0,0.9
4986,9,138,11,27451.0,14394.0,27451.0,18822.5,13007679.45,16475.75,18107.5,20376.5,0.9
4987,9,158,11,29371.0,16209.0,29371.0,22378.9,12166185.29,19852.25,22616.5,24258.5,0.9
4988,9,157,11,35907.0,13889.0,35907.0,20754.6,37650479.239999995,16244.25,20277.5,21366.0,0.8
4988,11,180,13,35907.0,13889.0,21788.0,18924.8,9086021.36,16244.25,20277.5,21366.0,1.0
4989,9,173,11,33556.0,22657.0,33556.0,25303.7,9177742.81,23396.0,24252.5,25964.75,0.9
4990,9,152,11,41679.0,19651.0,41679.0,25688.4,32685187.040000003,22885.0,24752.0,26094.75,0.9
4991,9,154,11,40339.0,15805.0,40339.0,21214.9,43737286.69,18350.5,19436.0,20102.75,0.8
4991,11,174,13,40339.0,15805.0,21690.0,19109.9,2534053.29,18350.5,19436.0,20102.75,1.0
4992,9,169,11,35499.0,21013.0,35499.0,28035.6,11702840.040000003,26948.5,27961.5,29203.25,0.9
4993,9,158,11,57235.0,17861.0,57235.0,25610.8,130908538.55999999,20192.75,20870.0,22529.25,0.8
4993,11,178,13,57235.0,17861.0,23039.0,20979.2,2591924.16,20192.75,20870.0,22529.25,1.0
4994,9,185,11,32373.0,14197.0,32373.0,25443.3,21584471.21,23236.0,27020.5,27867.25,0.9
4995,9,183,11,69519.0,52459.0,69519.0,64052.9,33012168.690000005,65053.0,65536.5,67838.75,0.8
4996,9,212,11,72783.0,53503.0,72783.0,64187.3,43109321.41,59301.75,64025.5,70691.5,0.6
4996,11,242,13,72783.0,53503.0,71177.0,62881.7,29600926.609999996,59301.75,64025.5,65941.75,0.7
4996,13,266,15,72783.0,53503.0,66830.0,62183.8,21139934.56,59301.75,64025.5,65941.75,0.7
4996,15,294,17,72783.0,53503.0,66418.0,60855.3,16314904.01,58468.75,61740.0,64057.25,0.9
4997,9,168,11,79278.0,44547.0,79278.0,56956.5,88714655.65,49821.0,57038.0,59784.0,0.8
4997,11,189,13,79278.0,44547.0,60710.0,54588.0,30078386.4,49821.0,57038.0,58782.75,1.0
4998,9,199,11,41202.0,23085.0,41202.0,28544.9,22147692.29,26940.5,27690.0,28073.25,0.6
4998,11,225,13,41202.0,23085.0,28089.0,26232.4,3151606.44,24495.5,27092.0,27710.5,0.8
4998,13,239,15,41202.0,23085.0,27731.0,25599.5,2859895.85,24306.5,25625.0,27243.5,1.0
4999,9,122,11,42434.0,33043.0,47403.0,41539.0,14751774.4,39529.5,42012.0,42828.5,0.9
