qid,nstep,ndis,ninserts,firstNN,closestNN,furthestNN,meanNN,varNN,p25NN,p50NN,p75NN,r
0,9,123,11,39.23606393963047,22.320507682046628,39.23606393963047,30.763285112834957,34.31835369363967,24.758769965974892,32.19420188361754,35.66536752126697,0.4
0,14,183,16,39.23606393963047,22.320507682046628,32.17754713427071,26.85772860197452,11.26271010178031,23.87558261334952,26.847389414777265,29.869657545140292,0.7
1,9,114,11,76.59900165865793,32.81388710117214,76.59900165865793,56.83164214720664,276.33149942026114,39.43614001827682,59.54089192363364,73.7204358853291,0.4
1,14,160,16,76.59900165865793,32.81388710117214,58.11048132508761,41.02761423102618,41.56093407080917,38.432871904574,40.082845338410166,41.962899305760935,0.9
4,9,124,11,28.328859301411946,24.33636396658978,28.328859301411946,26.59028487923639,1.8350290999681316,25.888505523943532,26.425783450115333,27.804180377847995,0.6
5,9,115,11,84.28861260916258,22.14797353482303,84.28861260916258,38.03236004173134,381.11184663310553,26.415440380771496,27.81637052718638,39.35951999535967,0.6
6,9,104,11,30.864452735473957,27.543714471269453,30.864452735473957,29.215972785354904,0.8353906555769827,28.597939983295674,29.384398743616625,29.554483201724885,0.9
7,9,107,11,28.68319933955796,14.48545934826832,28.68319933955796,20.84093977715298,15.386579105431988,18.972749103030498,19.498785070400515,21.57371793685674,0.2
7,14,149,16,28.68319933955796,13.49596293842123,19.264882945474305,16.89973550779461,4.400767451998998,14.945567042180977,17.271626389899765,18.9118071559326,0.7
9,9,115,11,37.442539363145585,27.323830503583693,37.442539363145585,29.954286546966053,7.332121054682257,28.253226739590477,29.89902466712322,30.09393822422569,0.9
11,9,116,11,17.877770586468127,13.257747553101115,17.877770586468127,15.57906232572112,1.632643767875668,14.955878764756415,15.828897043859602,16.258750907971578,0.8
12,9,109,11,27.105005047654107,14.206058913758278,27.105005047654107,19.019850573091027,15.476611961312756,16.157281761094804,17.853379164650214,21.3016184039819,0.8
13,9,123,11,20.105528865443368,12.63349486934339,20.105528865443368,14.451535563376343,3.990530268701975,13.562225889856393,13.856747272615747,14.612591297950157,0.8
14,9,122,11,26.832341973433152,20.689135097717127,26.97773210046349,24.314018122793563,6.212159689923928,22.041718829516007,24.84865097417417,26.756671105409758,0.3
14,14,183,16,26.832341973433152,20.689135097717127,24.133533649934524,22.628240247916416,1.2831382552586859,21.850623116209796,23.111357531689844,23.484410081206445,0.4
16,9,133,11,63.81324382979829,58.04350898930909,63.81324382979829,61.57941837811386,2.209300509692216,61.186507871519645,62.04417806034751,62.31793445123896,0.0
16,14,176,16,63.81324382979829,49.296088350143826,61.99240561053885,57.87944740050443,21.106582051662155,53.95774177272936,60.59118304661109,61.413035954771686,0.3
16,19,224,21,63.81324382979829,38.33021306752342,60.14471624059817,51.42816068938539,29.96512951037193,50.26428150141183,51.48656119735975,52.345427190428175,0.8
17,9,113,11,77.87126695973534,74.39437390189647,78.42097892114671,77.25839995947237,1.3240200831364797,77.21513538135821,77.63811113174819,77.87126695973534,0.0
20,9,141,11,17.254194879135785,9.469988716528093,17.254194879135785,12.91144966664542,4.83041348246067,11.991830179710998,12.835040581000456,13.248816091010612,0.7
21,9,114,11,15.846213305675114,10.143114371748904,15.846213305675114,12.101107431410334,2.684830340199944,11.166543769824603,11.446712876230517,12.514425449411458,0.6
24,9,121,11,21.275863706181493,15.201230327499918,21.275863706181493,16.81536362124712,2.7433296647147345,15.75614796295538,16.688781121596357,16.908151238688312,0.9
28,9,127,11,19.04901226630448,9.07798520977183,19.04901226630448,13.016241311098758,10.925054146778876,10.365935987422867,11.920922485016034,15.38612814183655,0.7
29,9,113,11,17.45636341902032,11.070634230176072,17.6559782173099,15.421925447468833,5.4453836492237455,13.709976589744313,16.695063604202897,17.40148452057189,0.9
30,9,97,11,10.109542867783372,6.332549157241287,10.109542867783372,7.651574275308903,0.9381644166416592,7.05004629032123,7.543514322465256,7.850865312472662,0.9
32,9,112,11,6.003875218637719,2.6046135319130608,6.003875218637719,3.8660653123271134,0.841131000646182,3.2387466573563946,3.768435095042946,4.322948812077874,0.9
34,9,95,11,9.542622001331852,3.166136060467613,9.542622001331852,6.3730210784136005,2.7480239165697413,5.378531378393008,6.733356195095226,6.995232480390245,0.9
35,9,106,11,38.9639688527104,20.3025919366508,38.9639688527104,28.79490898033424,24.83324637297336,25.450185324562078,28.624207052885996,31.39464527298847,0.8
36,9,133,11,21.682998977124818,18.706543940503742,22.579838721812262,21.44926899478625,1.2395126475219416,21.37077291675517,21.785744241822925,22.18646713192258,0.8
37,9,118,11,104.54382329479395,88.10303910154938,104.54382329479395,99.09009486167675,22.87436688885073,96.8092405593251,98.92499222600824,103.08077459727785,0.4
37,14,171,16,104.54382329479395,88.10303910154938,99.65362723432426,96.0139317103336,12.3964843602677,95.60850969369439,97.15208952456477,98.12162437794655,0.6
38,9,127,11,33.57124295298357,21.943621899962217,33.57124295298357,26.526039852898254,14.293943556898526,24.42803972892743,25.7184550427844,26.51218069700849,0.3
39,9,112,11,23.336625563062245,17.980792822917053,23.336625563062245,20.824288577345165,3.0205878236955117,19.61354949966257,20.61291912368881,22.055994796926225,0.6
40,9,106,11,13.951972884877705,8.798693180790352,13.951972884877705,11.068995335075815,2.1670172335113294,10.18005418576329,10.834840526287213,11.506048318085607,0.8
42,9,126,11,83.91847944745194,64.53708735221517,83.91847944745194,71.33887144931049,36.3727177959093,67.24772971681008,69.56682232311547,74.5780639426136,0.5
43,9,110,11,67.60252308484624,28.735685819334897,67.60252308484624,54.84332992838432,144.0182502345292,47.49970435117699,56.19724754252833,65.24080034934829,0.6
43,14,153,16,67.60252308484624,28.735685819334897,63.90517469194794,51.881511965498284,97.21975103512992,47.49970435117699,52.11344127189791,59.483637232976434,0.9
45,9,106,11,16.015501584521772,8.682937133262811,16.015501584521772,11.31133550604042,3.8326747163368657,10.335409341217014,10.988796315745207,11.559992425768922,0.8
46,9,110,11,9.154679062325748,8.043475703648518,10.646013298137927,9.515514120038151,0.7222034111246612,9.154679062325748,9.472456708795203,10.266382160837233,0.8
48,9,113,11,12.851241675807202,8.985774223587404,13.064006197881415,11.830978811643405,1.6986092196062277,11.03879296389539,12.458139269458147,12.851241675807202,0.8
49,9,110,11,15.138700584217812,9.0682198573147,15.138700584217812,11.510563617358928,2.42912319272778,10.778865580905984,11.548304522253638,12.084267713690172,0.8
51,9,94,11,20.717247012485963,7.116832036723348,20.717247012485963,12.30820443500384,13.154161283428882,10.540984204165506,12.96100713282264,13.39238355085456,0.9
52,9,134,11,16.619778542477277,8.821930481859113,16.619778542477277,12.463889516838341,7.748484393648184,10.48406770592748,11.903444885553068,14.865973978351068,0.6
54,9,109,11,31.711788434512016,16.145636303950116,31.711788434512016,22.198877461164134,23.9228340075081,19.034198305696112,20.08242214399108,25.41592490669274,0.6
55,9,93,11,8.691365222493866,5.415348095751898,8.691365222493866,6.807505090746997,1.0271557599686656,6.0880972056969895,6.742045642478754,7.333860366215944,0.8
56,9,114,11,39.91869346880351,30.59783191463745,39.91869346880351,34.512009663487696,4.9506046285632355,33.639393017728196,34.06229181341687,35.09224967424687,0.9
57,9,110,11,11.781407596577978,8.101946190303764,11.781407596577978,10.276669413164282,1.2871545507396158,9.645825145295591,10.191580392834567,11.337966567236508,0.9
61,9,105,11,16.36489098659696,10.01830108084054,16.36489098659696,12.522654863354134,4.687915699283485,10.783910435484149,12.32152296596794,13.03034662032759,0.8
62,9,116,11,13.23195662203909,8.194325402052584,13.23195662203909,9.833062611587938,2.0280834566017054,8.83956936025967,9.483583295467387,10.37950762078764,0.9
65,9,107,11,20.682168720469107,15.822468468120755,20.760430701236913,19.685764163230143,2.0648337885896613,19.67852788231698,20.114325432408982,20.680696121127742,0.8
67,9,109,11,12.838293368296537,9.231480177412461,13.209226966804222,12.290723478560349,1.3092919651409491,12.573652080355172,12.740876648063393,12.870184419313613,0.6
69,9,117,11,48.229972037376655,24.042199206057553,48.229972037376655,30.826316105762572,48.85705804124393,25.582237805238535,29.24700518049367,33.440142469400776,0.5
69,14,165,16,48.229972037376655,24.042199206057553,28.719184508331388,26.60190241365916,2.8364080481759624,25.303514186240506,26.81644008927963,28.236951085509535,0.9
70,9,85,11,15.671757299080234,13.069450479985363,16.94500539014486,15.415658746112124,1.7374344730577067,14.521134296630613,15.76859689442918,16.449854085214177,0.9
71,9,140,11,17.606982391923164,13.460884550072748,17.606982391923164,14.912187830657889,1.5308694100651683,14.306916600428814,14.690119260391631,14.826436375496339,0.6
73,9,114,11,8.471080219409536,3.3497577754012076,8.471080219409536,6.664193610338832,2.215653771833222,5.785486222222404,7.136870202235073,7.842572057006946,0.9
74,9,108,11,28.42237530010968,19.341591799270994,28.42237530010968,24.358963529937718,10.899403239441414,21.10442524530172,25.68060774774672,26.774098441956987,0.7
75,9,114,11,21.722691857868476,14.017086024389474,21.722691857868476,16.950680997371354,4.5631404861621,15.881303538200875,16.81326456876929,17.902172960685437,0.8
76,9,113,11,25.229574187145154,19.08788988685439,25.229574187145154,22.9748766126445,4.974075992076842,21.400777690066374,23.942745807240676,24.74352229920795,0.9
79,9,107,11,11.488735063128793,11.428189051750099,12.84287604966173,11.885424080665228,0.1924805366209637,11.491249470300662,11.771941506794782,12.175624752631087,0.9
80,9,65,11,27.85628584767755,17.282229956246816,27.85628584767755,24.05063605223738,8.969617362031599,22.46019222977834,24.453910222073226,26.25148057674788,0.9
81,9,126,11,20.13865546705447,15.779946978179444,20.13865546705447,18.776951418249784,1.52080568572555,18.362511515803053,18.98802105890524,19.552096416667233,0.3
81,14,184,16,20.13865546705447,12.104591139344215,18.906406314563224,17.145538718669854,4.258426512099211,16.27165406331851,18.07973167734952,18.428051661179467,0.8
82,9,133,11,16.43653973996813,8.983806058714377,16.43653973996813,12.041193329156938,8.059695858846208,10.032852746293704,10.180092299203292,14.675167134776807,0.6
82,14,187,16,16.43653973996813,8.983806058714377,11.387789467595383,10.211772382358998,0.4288508803532761,10.031687794934772,10.124190734477356,10.65941943931769,1.0
83,9,109,11,30.9080505643501,20.318862201997245,30.9080505643501,25.646682101031068,10.22251404615624,23.727612593868173,25.475578452166715,26.73816650543303,0.8
84,9,131,11,8.066282684510412,8.066282684510412,12.437493753196282,10.595145553844048,2.8495803456717708,8.870435075373388,11.230804107311897,11.912461283463909,0.9
85,9,142,11,61.96630734015296,61.16146250477814,64.59172793261207,62.84015401447274,1.3170123958621787,61.96630734015296,62.70703750424265,63.68520351359353,0.1
86,9,131,11,96.45896392370322,23.53756258407713,96.45896392370322,64.80246487290327,692.970939563976,37.96523318930278,71.31083580740238,90.41801805355512,0.3
86,14,188,16,96.45896392370322,23.53756258407713,70.43237292164578,38.89902533478606,129.5947198181048,35.408616133912226,37.08745926719627,37.54463683407786,0.5
87,9,97,11,27.463252982503516,22.567227949866208,31.769596826716807,27.984101874125905,5.791347200107499,27.463252982503516,28.246982333868534,29.516951778403666,0.9
88,9,100,11,12.79595582250731,8.149281127377403,12.79595582250731,9.961878056410276,1.6355271001384728,9.228516235477848,9.975209824407033,10.540334788148346,0.9
93,9,93,11,23.713064473819216,18.338977806777415,26.844783409568596,23.90528454818333,5.949080851098719,23.226928408122678,23.932803193484045,25.690142774869123,0.8
94,9,104,11,63.060100846216,40.127013273691176,63.060100846216,49.60422968584129,53.88275811090798,42.32993526446132,50.883137794992045,54.526394229907396,0.8
95,9,90,11,9.171718751677684,3.713387177671014,9.171718751677684,6.873119595103011,2.0354919758136663,6.237820046586005,6.951141932438213,7.844705928396082,0.9
96,9,125,11,6.829065944735226,3.7219224083300535,6.829065944735226,5.153024485436838,0.6676553664888776,4.72291060348957,5.196340393737918,5.453164506465739,0.8
97,9,116,11,14.455994447507639,14.455994447507639,16.6818615834577,15.650213674718582,0.5060111099074581,15.40106949171567,15.716417429061433,16.067274908625,0.8
99,9,130,11,19.04258445300837,11.290242704129168,19.04258445300837,14.235542330821762,3.8348484215950256,12.978355088567088,14.172264943120869,14.91330334064976,0.9
101,9,125,11,48.04887641555614,15.797462969819051,48.04887641555614,27.319324733671017,64.51844045517186,22.737913231445855,27.576687275079614,28.73804864769324,0.8
102,9,104,11,23.048658147165394,10.63986181625718,23.048658147165394,14.321697776133515,17.491444482610675,11.57189537129501,12.93244129190354,13.83437898215341,0.7
103,9,88,11,20.26560616022569,5.856040208116295,20.26560616022569,7.9721033067157,17.233341476764785,6.179427331454114,6.371226663051463,7.084833039263129,0.8
108,9,104,11,11.896317322906913,8.687766791444297,11.985236979757872,11.203385369121994,0.9913210411677126,10.694890805296048,11.74865876299424,11.90311093730487,0.7
110,9,93,11,57.72589011432453,31.035755682497335,57.72589011432453,40.97203399988738,109.63464694380657,32.77209144924558,36.44852796828607,50.35646688889191,0.7
111,9,131,11,22.381776789599297,22.03783207560068,24.686951888067675,23.23535165205448,0.7085188878876341,22.443710673544444,23.322399815555308,23.7315346160525,0.6
113,9,115,11,14.62514438210841,5.046643665749867,14.62514438210841,7.939315699478692,6.376146183378244,6.855847752770182,7.834456042754304,8.292964337694318,0.8
114,9,135,11,31.89036575292566,22.786652001445873,31.89036575292566,24.76638916127039,9.06657189423446,23.091062067519015,23.424237594152594,23.764160687017757,0.5
117,9,102,11,8.49179558057083,7.285736139395469,10.362906672536631,8.981813142410001,0.7367609685233731,8.544129222996919,8.833225697752896,9.456524458931236,0.9
119,9,115,11,22.629389213311846,11.986067122941925,22.629389213311846,16.433187534223258,11.806564208335823,13.885259796475662,15.657601157296295,17.097724345661156,0.8
120,9,93,11,50.43769403135388,29.229051149365894,50.43769403135388,44.716905165136936,37.031551951054034,42.42389571548769,45.53739463706209,49.63934696847528,0.8
121,9,124,11,15.885490788577112,8.68278396305639,15.885490788577112,12.214601118142507,3.3544408897427926,11.20065030410175,12.185590743962592,13.182864931677422,0.6
122,9,124,11,26.878755440963747,21.449197244578876,26.878755440963747,24.15724214198555,3.582356007408852,22.762446429578276,23.82998192028279,25.587275249972805,0.4
122,14,176,16,26.878755440963747,21.449197244578876,24.895333644196903,23.414992218476133,1.3353230924150743,22.762446429578276,23.34549890550067,24.404741674965305,0.4
123,9,127,11,30.542099115069707,16.968643638644153,30.542099115069707,22.100329631100756,10.799976406048518,20.872330387396254,21.432695718344913,22.106244372784165,0.5
124,9,126,11,19.85950066734311,10.208504549228433,19.85950066734311,14.496747700311564,5.126177378358454,13.751257454244122,14.509296732970345,14.962245644483502,0.9
125,9,135,11,33.96756661968683,15.767566611469258,33.96756661968683,21.053843950611622,24.772149928540433,17.731576282165562,20.699154285620217,21.78709311076932,0.6
126,9,113,11,37.688889035854075,29.022160947703938,37.688889035854075,33.18596579596675,4.615612119840254,32.69815107473953,33.418393406722394,33.81651343015103,0.7
127,9,110,11,27.352280125715126,7.443906243063123,27.352280125715126,14.754803660476949,27.908841941128845,11.606755143270743,12.939446547204666,16.824755907058684,0.5
127,14,161,16,27.352280125715126,7.443906243063123,13.480184725143868,12.087829371172244,2.9311844930690887,11.606755143270743,12.666228465522831,13.19447915896301,0.9
128,9,125,11,16.375379452247486,10.846213560495936,16.375379452247486,12.98427121568146,3.334628255881408,11.954095013118012,12.096255834967192,13.942549728370647,0.7
129,9,100,11,19.295024729455072,7.759738478539597,19.295024729455072,11.718983372622251,8.361889757591017,10.33642831210356,11.272502700393765,11.765193992368477,0.8
130,9,86,11,18.342252888798704,10.809273516115248,18.342252888798704,13.806140651347846,3.7909612758944613,12.461602822250718,13.95398699479411,14.571622175116596,0.9
132,9,92,11,11.260499876444133,6.86722020915899,11.260499876444133,9.59926034723601,1.923627113214767,8.884790511168994,10.023260244005442,10.558366221085306,0.9
133,9,111,11,18.57262605894266,15.507189598437302,26.37341008352135,21.147858568290633,9.922384139381325,18.88712811010516,21.01825454555048,23.011203497618723,0.7
135,9,117,11,16.06499028213309,8.983144900140953,16.06499028213309,12.095186360987023,3.073149425951861,11.112006764317709,12.14359089153144,12.56212231335475,0.9
136,9,118,11,46.31594126945059,19.480461640231887,46.31594126945059,29.59219432724716,58.259011816290084,24.637228171211277,27.275779329995615,31.73096189050397,0.6
137,9,100,11,16.026374823269805,9.032910406176466,16.026374823269805,12.789942204798294,3.882322638429489,11.89507089558714,12.98768878950909,13.35599747588082,0.7
138,9,90,11,14.303253274202518,6.4530414243443355,16.587651358557785,12.847060890798492,9.072421623947402,11.033206918478012,14.136894206530714,14.530531146233066,0.9
141,9,137,11,18.85522543303938,9.544944488317515,18.85522543303938,15.288234199673141,7.010675759282077,13.410008085248565,16.257078471710415,17.057555419203762,0.6
143,9,103,11,41.63551131689774,21.037617218341428,41.63551131689774,28.160174980280715,47.91479772239319,24.990050954546607,25.318086465827452,26.8044839527772,0.8
144,9,129,11,26.962000428622922,21.53830150793121,26.962000428622922,25.60095609373038,2.1342732342642123,25.40848235905424,25.928836210807678,26.5089668342677,0.5
145,9,110,11,24.47078860403475,24.47078860403475,31.015333036146274,27.412074366131048,5.30698362817109,25.343818222016075,27.648466554963576,29.347766749771615,0.7
146,9,114,11,45.19818592426396,25.512341752267048,45.19818592426396,29.06559815906482,36.571564126332,25.9006807002135,26.320438741737192,27.41697095625268,0.8
147,9,114,11,39.908590277338575,29.965414152011217,39.908590277338575,35.548802303877366,9.315682070842144,34.56942058293837,36.544176354327064,37.35613342333451,0.5
148,9,119,11,10.537332190827959,6.975655601996511,10.537332190827959,9.521564207329321,1.340831274810766,9.741168877107619,9.868350986805918,10.243129668692049,1.0
149,9,118,11,16.131350123365088,2.8413226275088395,16.131350123365088,9.883622267314573,15.526272634310923,7.6594240382185275,9.32798982527483,11.929989235909746,0.7
150,9,116,11,15.25805564533907,10.962230750109162,15.25805564533907,13.133520315614124,2.1311231735121887,12.271642622470637,12.598162927180935,14.452200369699897,0.7
151,9,99,11,22.571073113367632,12.750957619582849,22.571073113367632,16.55058548279092,6.770494476378727,14.79396015329171,16.717455091039444,17.581738206660372,0.4
151,14,156,16,22.571073113367632,12.750957619582849,17.211734090827676,15.384606117601203,1.9403043811216645,14.49043840659968,15.862799098481922,16.450138605761293,0.7
152,9,117,11,11.170780526827912,9.6334639371496,12.48099965371372,11.687063408287397,0.7068607245142478,11.206835922634252,12.062737476079317,12.316024288385329,0.9
153,9,104,11,10.660238450180945,7.365874516448741,15.153233526983968,12.681144092538172,6.204548297303714,10.86612073791676,13.141622128718296,15.067889189601654,0.9
156,9,118,11,21.097777469760338,16.718738500570073,21.097777469760338,19.54579430301268,1.6010961189572908,18.979142166182548,19.611872090664974,20.431572016996007,0.9
158,9,112,11,20.549019931494204,13.237278324722187,20.549019931494204,15.922477774559336,3.887766694426825,15.016970664567921,15.838370157209653,16.390876905067337,0.8
159,9,131,11,19.132934576205596,8.814148636754368,19.132934576205596,13.28604762201887,6.570136884422155,12.161642253667438,13.742238259825715,14.024641476409577,0.8
160,9,115,11,45.190065745436485,34.23437208861649,47.55444832828563,44.10032831784472,13.556008384443746,44.71632152777589,45.190065745436485,45.860601121081395,0.8
162,9,112,11,42.421607867191476,12.999369375697306,42.421607867191476,34.9500537023947,69.44820182391975,33.86093512037152,38.79290323246065,39.42529880849462,0.6
163,9,113,11,35.72719769363583,33.05910004582804,35.953049098993375,35.01087904477188,1.0016009631679768,34.407747038967265,35.5899886917721,35.72719769363583,0.8
164,9,122,11,13.97359506803745,10.744544568190557,13.97359506803745,12.478836006373928,0.9141319357608939,12.122749082577926,12.70085371410065,12.850161776596263,0.8
166,9,129,11,13.382483358914502,9.92135316691753,15.162567851611715,12.948933309871839,2.4445680684693896,12.961937661411238,13.382483358914502,13.673498386282558,0.8
167,9,111,11,22.807228771104278,22.807228771104278,27.051703994564907,25.399630057756806,2.892701426341669,23.86685962514157,26.43847802858274,26.796428982019805,0.3
167,14,162,16,22.807228771104278,18.34600541810488,26.31131159351817,23.288595716314276,5.5915265741857105,22.79177294160235,23.292349864918204,25.163237623621942,0.6
168,9,119,11,22.812057695487542,16.272295915076644,22.812057695487542,19.59211610862322,3.557358054614544,18.126136869111644,20.11761712090791,20.69420679139142,0.8
171,9,90,11,13.430496055937105,7.531349080550406,13.430496055937105,10.302022218340465,2.6532513446181243,9.991464621516347,10.379100330994216,11.06820457757453,0.9
172,9,134,11,90.66277852497969,43.91383393338299,90.66277852497969,70.3633373966838,309.11414824061075,53.93128132370272,75.79521959574339,86.92029010539515,0.0
172,14,192,16,90.66277852497969,33.908512751721915,72.44922904150027,46.45757719787484,127.07031957908835,39.727624759085096,42.49018146646871,50.350958208706494,0.5
172,19,225,21,90.66277852497969,33.908512751721915,41.06652899955443,39.17868438323703,4.906992438994033,39.43177727729912,40.028882051188674,40.476210296805135,1.0
173,9,108,11,7.020976484631453,6.26709706563056,7.454778634734939,7.003429318891205,0.1200218065074072,6.7726795804426505,7.020976484631453,7.256547353505797,0.9
174,9,119,11,15.183037504852702,10.435416482100447,15.183037504852702,12.59759897910821,2.2973013288493225,11.372402556775224,12.772686843870794,13.21343644613607,0.8
175,9,132,11,19.558816247441214,14.056547801146003,19.558816247441214,16.221157006060878,1.7758273532836697,15.72680589811915,16.1658291405859,16.48592145740907,0.5
176,9,119,11,13.683245140344972,11.857070779554327,13.683245140344972,12.492335554906983,0.2553005618492698,12.075944041848274,12.554979274806344,12.687136111264955,0.7
177,9,125,11,16.375870835418795,14.9952789849476,18.01490248877704,16.35870693192586,0.7078313112620991,15.894509870972986,16.391272816874384,16.627132278565625,0.8
179,9,123,11,11.026697866853482,6.534240931890452,11.625067713629912,10.67680781188698,2.281794666753659,11.008162689321463,11.226444115721437,11.551519074047098,0.6
180,9,128,11,14.900177197746782,11.591895657815304,14.900177197746782,12.531518962475753,0.8813257688238115,11.859354448158138,12.333018366342927,12.900346402001656,0.7
181,9,110,11,57.24407648049626,14.975394309087774,57.24407648049626,37.20632278103796,143.5556334867079,28.722164669538067,41.01729406039428,44.07531002731709,0.8
182,9,136,11,38.21874808960561,23.828113334480662,38.21874808960561,29.357971145363628,20.186625965787492,27.16292681156624,28.285414396646644,29.025264363835284,0.3
184,9,118,11,20.181838369020415,13.13808572479489,20.181838369020415,14.887688399950466,4.057385937066935,13.591446013828513,14.296240698850692,14.904271964426798,0.8
185,9,121,11,17.6818766822483,9.65284130841215,17.6818766822483,12.69420396489403,3.888463585981132,11.864559967134342,12.48515186930087,13.120261732636207,0.9
186,9,135,11,22.514987444608927,14.405075548111462,22.514987444608927,16.295616249192165,4.840646078857974,14.96635617030017,15.923337903255971,16.442526629522362,0.7
187,9,114,11,17.365828744803036,8.411826057297507,17.365828744803036,11.92607308724566,5.6758616479169195,10.771588179144791,11.624875043380237,12.299388604695107,0.8
188,9,112,11,18.559031105244642,10.295594047966514,18.559031105244642,13.205565452211838,6.508623728785736,11.47857362901512,12.578846538316059,14.294513392035887,0.8
189,9,116,11,53.96404671210575,50.14802195752047,53.96404671210575,51.9922158312048,1.4324953850564988,51.05521542372099,52.09697247227526,52.918937101470746,0.0
189,14,156,16,53.96404671210575,50.14802195752047,52.45365835736246,51.356068169680256,0.5872172946588853,50.67952523907971,51.69780287159314,51.822420314877974,0.0
190,9,129,11,20.907574101823812,15.075862734432185,20.907574101823812,16.975738374050916,3.0996233283755243,16.037554451251168,16.26858108920854,17.457243208463172,0.8
191,9,128,11,20.017270397556167,6.63421759679758,20.017270397556167,13.551523127653173,10.353583734154544,12.299523019490394,13.886489726705268,14.431476227701967,0.8
192,9,92,11,4.931241839478185,2.0768165758878716,4.931241839478185,3.7186758593777136,0.6698446284204888,3.348258245409217,3.855670862250305,4.187104987410432,0.9
193,9,119,11,87.28529327402617,24.409950473921505,87.28529327402617,54.88236216184845,712.9608292743767,29.088658688882507,50.057524989591826,81.93022556824384,0.4
193,14,160,16,87.28529327402617,23.6055063109449,31.774918153624025,28.73395219347758,6.4998905032421375,28.844417614149652,29.137347700733564,30.53321875325438,0.9
194,9,115,11,30.85697979754724,28.123246191981274,30.85697979754724,29.69167392331492,0.9101892306096326,28.879374817333815,29.85451106368074,30.577237338749047,0.3
196,9,122,11,40.74277599315839,30.398262465764812,40.74277599315839,34.7278572098713,6.726113283032769,33.252971648942605,34.61942371164694,35.76038475004311,0.4
197,9,110,11,10.103929511303846,3.203337303726333,10.103929511303846,5.58588554855748,4.528783376183028,4.017527967408187,5.251003491643408,5.930726777780605,0.7
199,9,127,11,14.05068845992789,10.594663606116935,14.05068845992789,12.308183069852051,0.8744746712549141,11.804725105844625,12.250903520069368,12.895763239755354,0.8
203,9,127,11,38.93313488638968,34.55940166802968,38.93313488638968,37.34284501244882,1.5530403734086708,37.012838693803154,37.3414164401358,38.218129144258974,0.2
204,9,107,11,61.27398783990982,19.874648326765918,61.27398783990982,37.10680230993887,212.43295529409278,23.763210113598284,32.039231208261754,49.612134591022496,0.3
204,14,150,16,61.27398783990982,19.874648326765918,30.194986712183237,24.342168516672707,10.721539594154084,22.153429414193273,23.717847204925107,25.2722955027144,0.8
205,9,87,11,54.09816262389664,29.147374219381142,57.748051042609475,50.93501780478406,74.95281261499922,51.330008587563626,54.23748600319959,56.10258056400406,0.3
206,9,108,11,17.023990959022115,5.677247092881365,17.023990959022115,8.693274784241018,15.541193253470775,6.039972891226279,7.191925846815514,8.045578413555884,0.8
209,9,112,11,16.460269083120707,10.910003944609612,16.460269083120707,13.280790454964082,2.4785209837333837,12.044090851466429,13.565705395443157,14.204844078514533,0.9
211,9,125,11,38.35378882174696,30.645475998560542,38.35378882174696,34.46436139843469,6.468788685704153,32.19794476757991,34.590520438028705,36.08121258473701,0.4
212,9,124,11,31.484630763457226,21.120323984837515,31.484630763457226,25.7256746307579,6.78354670908877,24.31972827789874,25.85028983639375,26.538359793670992,0.8
213,9,102,11,5.905728827309222,3.9210768014084385,5.905728827309222,4.7556603355181055,0.30582927704522667,4.308635296570622,4.912749199138055,4.9588775914559715,0.9
214,9,91,11,24.965951694747826,12.758907490046983,24.965951694747826,16.34987756824049,11.273397738221565,14.434463778255248,15.234378893048667,17.234159947867912,0.9
215,9,122,11,9.057639512658302,8.727781409724997,11.694332896989247,10.125216474928882,0.8717462391887519,9.325459564242571,10.21132645996564,10.339826913177165,0.9
216,9,118,11,43.186284024147504,31.867898464082174,43.186284024147504,38.89863637363581,7.721465413043164,38.07517721506686,39.255480925987605,40.386034271833154,0.3
217,9,125,11,31.017747536047338,12.252595030770772,31.017747536047338,17.36693265740802,34.58288725883033,13.125067205083058,15.036601403703191,19.09255264369495,0.5
217,14,164,16,31.017747536047338,12.252595030770772,14.361891535914026,13.26372614962284,0.6451055371631353,12.621180101177615,12.998608156396696,14.094075044699954,0.9
218,9,92,11,27.915832794149495,16.305159737201883,27.915832794149495,23.344221683610268,15.254571924985987,20.388758450303595,25.268958293824113,25.78587500728294,0.9
219,9,109,11,39.019562538595494,32.61473360935106,44.49096642743747,40.04147568450234,11.531833200377786,38.93494840239178,40.25159620103034,42.70411111345839,0.8
221,9,102,11,30.714388000870976,8.116447827642116,30.714388000870976,16.5478237534871,49.21743137317369,10.458570248451572,15.934379951407333,18.278666264262252,0.8
223,9,119,11,29.709450104638293,16.376147717147177,29.709450104638293,19.467118802847555,12.72535749333591,17.68429449067532,18.322145339578512,19.658919527531186,0.6
224,9,108,11,11.875847325635348,10.056178180417497,11.875847325635348,11.050683329237406,0.4045854674005559,10.555997426442195,11.177123893868032,11.58109552769967,1.0
226,9,118,11,47.90128643573016,21.957940632924668,47.90128643573016,33.63151720456374,55.14853724732484,30.228409615435318,31.602177611451793,33.220363069785805,0.8
227,9,122,11,20.043014461594662,12.794555753677102,20.043014461594662,15.188229195508466,3.6277362532774275,14.243448594319997,14.801722444827266,15.30364098736463,0.8
228,9,107,11,21.77768582565154,17.42449829577742,21.77768582565154,18.962157887332125,1.6924356057428611,17.9229645755196,18.573464383979548,19.553045168360384,0.9
229,9,130,11,19.549435104269882,12.033710873692591,19.549435104269882,15.795665482713115,5.5127691669727525,13.627451751953696,16.444206836356074,16.905056650043655,0.6
230,9,122,11,31.563306744933005,16.938608048702573,31.563306744933005,21.700116879601104,15.547973139624972,19.167301018619742,20.718492729701484,22.853744686964287,0.8
231,9,112,11,32.65976169477016,15.820269200385543,32.65976169477016,19.301687029716923,22.245426602394613,16.383794462629602,17.879746258982138,19.892437764618492,0.9
233,9,125,11,17.630834959892216,13.477309194471367,17.630834959892216,15.266112067545569,2.198102612255141,14.126086468856874,14.748036043534292,16.31600593927281,0.7
235,9,116,11,18.93148860349638,7.5823763422946575,18.93148860349638,10.007106835054802,10.204550169099203,8.35748195423818,8.594594679775494,9.929608155067692,0.8
236,9,98,11,42.54102419559833,18.397109229414163,42.54102419559833,29.9370725087047,67.36165673104495,20.99590939399976,33.04738997969197,36.315748649001975,0.9
238,9,131,11,23.43460310384303,10.547851359037363,23.43460310384303,17.806010720390255,8.952804490338739,17.091177139445872,18.19495657738601,18.681384801335298,0.7
239,9,131,11,40.61568751371311,21.118447405052244,40.61568751371311,28.18580767871208,28.166845982765285,26.296594105074206,27.303468529140176,30.0289935535883,0.2
239,14,189,16,40.61568751371311,21.118447405052244,27.11666321843599,24.481498459037276,3.9414985304094494,23.50146154814881,24.760169771653516,25.948670149475756,0.7
240,9,129,11,17.680384919066125,14.422191624561968,18.127320627846796,16.636289356223344,1.7623082782088146,15.597643377780631,16.982399331379334,17.680384919066125,0.8
243,9,148,11,35.000847373264406,26.850827828015035,35.000847373264406,30.64056566225657,6.684356329245564,29.44081650603001,30.51138903436984,31.140608641111875,0.3
243,14,188,16,35.000847373264406,24.35343415531888,30.26283843611715,27.692339455660466,3.265441867968196,26.48093134039163,27.746783257670366,29.14178920234111,0.8
244,9,97,11,35.56089264226111,9.215978264805877,35.56089264226111,28.958125685981905,51.584890540584524,28.14044644563141,30.916670675993714,31.943314699105926,0.8
245,9,103,11,5.804629147879854,3.915663246662077,5.892103138152885,5.290614425566914,0.33949419202229925,5.052018455473714,5.4478508082367405,5.773241197796141,0.9
246,9,132,11,20.352941773864742,9.509819464253134,20.352941773864742,12.316375400305901,8.94440129553485,10.728977398795667,10.837232001253213,13.090872898765287,0.7
248,9,105,11,17.001153434068627,5.679061888464059,17.001153434068627,8.615500203585949,9.415386771589915,6.554867435555569,8.600938087702506,8.70990774804456,0.9
249,9,119,11,13.048073890017971,9.629327419288408,13.048073890017971,11.979660185351431,0.8937100684972131,11.629788541010804,12.209734864527965,12.595632370020052,0.9
250,9,102,11,14.121999907022385,8.31284927772656,14.121999907022385,10.892321898606783,1.9610826782323276,10.354187234298193,10.857909021650542,11.032860827994643,0.8
251,9,126,11,51.547928853832744,43.820439232215506,51.547928853832744,48.03514006582674,4.298803019967367,47.48313076672926,48.48922874417423,49.151862214644105,0.9
252,9,109,11,25.248289423917775,14.591910634135157,25.248289423917775,17.473230368521616,7.741163407397292,16.337554949558047,16.72861210858361,17.78767793280769,0.6
255,9,134,11,87.20553867128358,34.61244209041696,87.20553867128358,59.37638609305143,414.49597087072834,41.04458374747081,52.725391704856264,81.4064187952164,0.1
255,14,189,16,87.20553867128358,20.978239437291812,46.10425333540891,33.28219674540635,69.41725303113493,28.474641160134176,32.17504876792403,39.61304598449333,0.6
256,9,95,11,9.960476652686308,4.75961548844564,9.960476652686308,8.200671977217942,3.1402223019893007,6.6305806102794715,9.335947576495144,9.51995008941985,1.0
257,9,118,11,12.130550005346954,6.682737473733475,12.130550005346954,9.371634082006912,1.9735662341907116,8.973756280112486,9.671764896630389,9.869323549395538,0.9
258,9,133,11,17.696286899186028,12.591265534973207,17.696286899186028,15.012943355039297,1.5271064229907534,14.433533967155777,15.053287815908382,15.310619693601762,0.8
259,9,115,11,5.619822977149063,3.1083735755456443,5.619822977149063,3.7624389536295246,0.512271686546738,3.2651055538049087,3.5576777258822214,3.8454016555705013,0.9
260,9,122,11,20.03950840449231,14.048535458016453,20.03950840449231,18.107765070663394,2.476410234619389,17.915755858441695,18.380515532989932,19.09973128283378,0.4
261,9,120,11,26.78047054102376,13.907066803256402,26.78047054102376,17.247949900827226,14.761124896237433,14.391757468127006,16.36857414796509,17.205429208439984,0.8
263,9,115,11,10.969165508665379,8.9656749161917,10.969165508665379,10.072529100368984,0.44552210321650393,9.560857372988695,10.132825969399882,10.671257390972446,0.8
265,9,113,11,95.42816033605665,18.058823931410785,95.42816033605665,57.459322393229,1107.8664847610794,23.87455977803971,60.17795451881805,89.54707928692781,0.4
265,14,148,16,95.42816033605665,18.058823931410785,36.51983076353493,25.625691619623602,23.4451751766106,23.87455977803971,24.558100835580177,28.294348042523108,0.9
266,9,107,11,40.363338697100374,29.104268879185447,40.363338697100374,34.4466389243889,9.452302521790935,32.249524838291315,34.01178136475701,36.59940544134461,0.8
267,9,128,11,30.106589921163817,21.088104949574344,30.106589921163817,24.76226708292857,5.821570320631993,22.89039218406142,24.97798564339928,25.84433717302972,0.9
271,9,124,11,10.14016123836448,6.475140137027131,10.14016123836448,8.063383167055857,0.9220494698551536,7.726666655651882,8.130903269533729,8.378469796360518,0.9
272,9,90,11,28.34858980597395,10.741745438980859,28.34858980597395,17.51862516944004,29.880913824940357,12.497973537372296,17.745990143630337,21.276328148779896,0.9
273,9,117,11,23.871156911583817,17.495363277517104,23.871156911583817,19.789454750564772,3.661951776045002,18.475724557867274,19.40399064362626,20.503464105393746,0.6
275,9,141,11,24.785544808110078,15.963814550121647,24.785544808110078,19.84935858935989,5.525618181690858,18.535336984643116,20.03993144810469,20.992838051707544,0.5
278,9,119,11,18.60190751737345,14.588481849085007,18.60190751737345,16.18451110131892,1.0118268884095913,15.79045418122183,16.199746769908273,16.46707091640342,0.7
280,9,122,11,38.2116272639055,19.90932721723817,38.2116272639055,28.421655131081405,48.53860497702803,23.053898497396574,25.215378965684053,36.08921255756052,0.5
280,14,166,16,38.2116272639055,19.90932721723817,25.311141338185415,23.522988085653434,3.2105204554747013,22.408731150584284,24.101491823491763,25.107847052902784,0.7
281,9,118,11,49.07200539074816,13.033356774122261,49.07200539074816,29.379503003002963,108.8196008655353,24.16677139619963,26.677025578483256,34.415529847023095,0.4
281,14,158,16,49.07200539074816,13.033356774122261,25.612304449736065,22.151153497615994,12.673612888919578,22.429812289139836,22.951550209877396,24.544326365945984,0.8
282,9,87,11,8.446766871695175,4.917692903463054,8.446766871695175,6.960364473702258,1.4933403143103459,6.1095232439988285,6.428919719723999,8.334940304235632,0.9
286,9,113,11,59.44995146103001,46.029313434023656,59.44995146103001,50.22212680840805,13.640017979653669,47.728213796912875,50.60250038294499,51.15046679193638,0.9
287,9,91,11,56.191972192183385,21.895593668889035,56.191972192183385,40.464213858531465,74.59934770807445,37.846966796854176,39.9685043289345,42.53757057343745,0.8
289,9,126,11,16.582037887251666,11.611257350829337,16.582037887251666,14.108301618716542,1.4062369074068808,13.834771470990466,14.244982903081441,14.449850120389787,0.9
290,9,89,11,37.165659437662576,27.43640132991976,37.165659437662576,34.4494332964326,8.080032620477933,33.3282738714902,35.42299898559764,36.38617449251292,0.6
291,9,115,11,20.99786304855575,11.50540565926431,20.99786304855575,13.985212015115717,6.854291444942905,12.589623307246267,13.080407730741083,13.904094514792874,0.6
294,9,146,11,15.565014092178554,13.38091572303059,16.520815750263715,15.571368611331811,0.7118236801869469,15.330677286446427,15.678785727119152,16.102557422475563,0.6
295,9,118,11,13.40010806837887,6.576916584707531,13.40010806837887,10.0245382419358,4.862813240175636,8.5071931640786,10.022852920061716,11.836947402948912,0.9
296,9,126,11,12.821406777753268,9.39229515577921,13.434709838651933,12.473227059227721,1.1978855807670663,12.451148761751348,12.821406777753268,13.049530975071978,0.9
298,9,131,11,36.26376180494111,31.299470806511415,36.26376180494111,34.46892277639877,1.5951122591719664,34.11420765028525,34.480785952077895,35.30018225486468,0.6
298,14,182,16,36.26376180494111,31.299470806511415,34.71624918593879,33.73338871927031,1.2011319291363318,33.27336561069901,34.18633762800741,34.51945568479916,0.8
299,9,142,11,15.666405568112179,14.809458675460693,16.266606156907887,15.469646250067587,0.2963523206400479,14.933207219583737,15.510258192423313,15.885033492966855,0.7
300,9,123,11,20.746836069188454,15.758647098402829,20.746836069188454,18.93663405479078,2.3228945164017665,18.164548885986036,19.13294165381471,20.268773940500957,0.8
301,9,118,11,30.773596156801023,21.66914346401306,30.773596156801023,24.600537855399637,5.1826325431492695,23.57967807392053,24.181216028183275,24.881331322061666,0.9
302,9,108,11,31.83644766217787,26.761507264171208,34.24550610898813,32.540060281123644,4.5425610562015715,31.938743012810193,33.21683235507316,33.942553154480656,0.6
303,9,117,11,10.413502561102472,5.214209713352583,10.413502561102472,9.43961403232544,2.114955705917672,9.565340356442572,9.94013085390887,10.109388793653503,0.9
304,9,110,11,27.80422957756499,5.1223835005432345,28.14766709502897,22.267832666663583,60.11414785231941,17.43644361528385,26.4817690529771,27.67148832031007,0.9
305,9,98,11,39.29799290281436,34.853640792444324,40.87372583659918,38.39889586779575,2.8251804850484485,37.52798153685955,39.05261852004685,39.29799290281436,0.8
306,9,103,11,18.72306061958514,11.515093930188598,18.72306061958514,15.29331025344295,6.144716000597066,12.913010362214049,15.301138251039006,17.609423351553424,0.9
307,9,119,11,21.475864217798968,16.778101524609873,21.475864217798968,19.404234554891474,1.6388825163645493,18.857294192524826,19.684060750190064,19.977532442777626,0.6
309,9,98,11,32.44004637340578,21.341899723173235,32.44004637340578,26.743909634371107,11.178178602032858,24.34815491638556,26.516993811593906,28.06650169114108,0.8
310,9,129,11,24.670035201267453,17.30025360708023,24.670035201267453,21.241133502423814,5.23650534313253,19.390404004174023,21.29845410656708,22.675505512139303,0.7
312,9,108,11,21.668712048486846,9.041015214555696,21.668712048486846,11.646205317562245,12.209750432363652,9.62485591549027,10.91106503739487,11.661318474382693,0.9
313,9,113,11,15.599307899276788,7.172794663887801,15.599307899276788,12.132179793093254,5.439941573601212,11.020784282137623,12.281768407110373,13.256358680035845,0.8
314,9,109,11,10.701576726555983,6.565628849901076,11.579238921962064,9.879672690948635,1.5922449925653523,9.921345756509357,10.0563247123196,10.565471301425113,0.8
317,9,110,11,13.60818116387128,12.617931612841648,15.799353913274565,14.3508449171926,1.0153046867574158,13.60818116387128,14.567550754947316,15.176754889093463,0.8
318,9,132,11,29.39041970429676,17.181776762430207,29.39041970429676,23.4872378290912,10.36214430346511,21.609719892620053,23.704314340633168,25.03234206585687,0.8
319,9,104,11,24.826405280573088,19.30446776168857,25.146097838293155,23.003966238034778,3.435529987738609,21.980742167989327,23.32516705531218,24.7063438567606,0.9
320,9,122,11,18.263007367006924,14.523737556679496,18.263007367006924,16.994501347511708,1.5168401873589386,16.446217618847953,17.329266403454376,18.02169637077501,1.0
321,9,122,11,23.341376100103457,9.860438118512192,23.341376100103457,16.74608830312028,14.26350094094378,14.891614536105989,16.009750137121607,18.08165688010742,0.7
323,9,110,11,53.50785157301734,14.638923503855768,53.50785157301734,31.396206241732596,194.51556791838112,21.9005230296183,26.713171851364883,44.94195733760017,0.7
324,9,117,11,13.212180443203877,12.099285313927794,14.173918196276523,13.330254930017304,0.3364765472903986,13.046713200070563,13.312272628222257,13.74916610502518,0.9
325,9,115,11,25.6915970391473,14.89122717471906,25.6915970391473,18.604216293609433,10.195308143228624,15.98910902822767,18.647267419847182,19.32318011087578,0.8
326,9,98,11,10.468512345923095,2.961337950124342,10.468512345923095,5.735521737475492,3.550890534706744,4.958404473613774,5.6031678942006655,6.088838960862746,0.8
328,9,115,11,33.735303412983676,33.735303412983676,35.50928281592586,34.854652999802404,0.4423953424537638,34.4925430030808,35.058471581118084,35.43867149236856,0.1
329,9,119,11,22.716771315733286,8.40913545875327,22.716771315733286,12.951837684395025,15.531623788422914,11.040881193697118,11.864898646929227,12.466221261681104,0.8
330,9,93,11,31.904928451921066,5.4370626485856945,31.904928451921066,15.318256108275705,52.72419857951489,11.754225385088802,15.016586237929705,16.969431377459365,0.8
331,9,118,11,12.806213210707984,10.581899433854819,14.32181480457896,13.015371106675136,0.9783066830656967,12.774079333836644,12.958838922268395,13.429084956143207,0.9
332,9,119,11,47.856779134410125,30.258731843967652,47.856779134410125,41.792234555339945,25.51713032196531,40.94836234896371,42.691388747941815,45.27987793236675,0.7
333,9,117,11,18.812288028982387,13.693442056043452,18.812288028982387,16.492254630133832,2.3211869611492557,15.72969699011362,16.34140782228712,17.745383824845007,0.8
334,9,128,11,77.64241680805958,26.733748782017937,77.64241680805958,49.05464482931723,270.69919191614736,39.19666003175276,44.081523712479985,63.80621843711931,0.2
334,14,181,16,77.64241680805958,24.302545675173228,39.99635645423411,30.735777566490043,36.41595848339149,26.845175226714822,27.798131791208245,36.80205781562872,0.6
335,9,121,11,25.189343745991685,10.959370236037092,25.189343745991685,16.31353718538862,17.952835353641966,13.18743634833524,15.326044589120313,18.90864377597463,0.7
336,9,122,11,24.38696007685065,15.675771819717756,24.38696007685065,19.371226037530832,5.160929449954622,17.777175080856697,19.82654457928041,20.023926885252813,0.8
337,9,132,11,32.519647193391066,21.4477668207923,32.519647193391066,29.000008696375723,8.743779413418793,28.57912445213344,29.548928229724538,30.853303868753155,0.8
338,9,138,11,18.300900574117335,15.046444430545733,18.37196542139493,17.272136111494525,1.1575804195809067,16.464902761743133,17.578132073387298,18.27176561989916,0.6
339,9,104,11,19.38499029696559,12.030326689571844,19.38499029696559,13.64361235462257,4.664946159389806,12.31427901948098,12.735739969389943,14.398973616185241,0.7
340,9,89,11,22.501192587554,4.689042591960366,22.501192587554,9.027794039039446,25.461011722407257,6.2201691063745255,7.096101605072723,8.910030758480605,0.8
341,9,103,11,12.75192604208684,7.381207004305285,12.75192604208684,10.002269899247846,2.0429139217251207,9.148216139769403,9.704621412344231,10.98766618170701,0.9
342,9,106,11,14.259839231504317,6.062284123998175,14.259839231504317,10.6637883740788,5.09622933981221,9.679969823833138,10.278847141805844,11.595187184696993,0.7
343,9,108,11,8.696532022275921,3.345190100508801,8.696532022275921,6.194294435905701,2.470598575160214,5.395501678576398,5.791779904086347,7.099115598975807,0.7
343,14,156,16,8.696532022275921,3.345190100508801,6.563429466594217,5.631301753352093,0.789109906716827,5.395501678576398,5.791779904086347,6.198235423391096,1.0
344,9,115,11,40.01730186088506,31.259208548016904,40.01730186088506,36.46729955635269,7.6522308590154795,36.52285728727409,37.36707510416911,37.84969325017505,0.9
345,9,101,11,70.91374217022269,20.39360275829325,70.91374217022269,37.89275557155536,174.30264256174397,32.87122694965686,35.290503915269625,38.0592427682019,0.8
346,9,121,11,10.406105727389663,6.519093310151634,10.406105727389663,8.177238573247186,1.0603329203121965,7.9360752228274825,8.164445066672258,8.500400338298169,0.6
347,9,125,11,24.32848997384558,14.631173316857854,24.32848997384558,19.986297224111695,9.225268276431168,18.60898235233155,20.19409578457878,21.509628544659872,0.8
348,9,119,11,21.92304504525763,13.688627250421742,21.92304504525763,17.73194306004609,5.053121256894546,16.647408651898555,17.54429831707909,18.446132288820706,0.8
349,9,128,11,80.30573255334463,25.441892726253165,80.30573255334463,56.866257422327735,443.3217121679786,36.69511153393311,57.88164101882782,78.82838929906207,0.1
349,14,187,16,80.30573255334463,18.241415445864938,56.03815784133806,31.018904868751896,122.90640549384257,23.67415331230061,27.475863984519094,32.49371928548841,0.5
351,9,130,11,54.79829341753833,38.10077633835208,54.79829341753833,45.55512169621201,21.51577709226347,42.37637404157883,45.436793123120054,46.73443674797962,0.3
351,14,191,16,54.79829341753833,38.10077633835208,44.38303686090706,41.90477775131055,3.2255194041513158,41.392594780167045,42.16233717862613,42.891572053059576,0.8
352,9,129,11,13.892411666374029,12.491426627637173,13.946744200383343,13.31211292030928,0.24250194167417968,13.119927871262222,13.314441157749055,13.775967848121047,0.4
352,14,180,16,13.892411666374029,11.043737731191865,13.334979479344181,12.550928666736166,0.6199117488604218,12.024056724341763,12.81148866163947,13.206705525960622,0.8
353,9,117,11,60.15023520828895,35.65264169699752,60.15023520828895,44.58259337028086,44.88818963690908,40.90162665033338,43.39635585671398,43.50115029879243,0.4
356,9,138,11,24.1622458162523,16.96830511226185,24.1622458162523,19.844920133488234,6.044832351303208,18.41707083478306,18.65885476470362,21.161680663418657,0.7
357,9,110,11,17.701637548001077,11.220376791587563,17.701637548001077,15.261717769919844,4.780207151650333,14.336485975496117,15.49124945478957,17.143506196175878,0.9
358,9,119,11,9.31063467001379,4.4433064226508225,9.31063467001379,6.01741034514607,2.2710737462796957,4.70065742680246,5.63871586058238,7.077070681624665,0.7
359,9,127,11,37.5582939666264,19.466851686255318,37.5582939666264,28.460226739094715,26.130458420620954,26.107063326866854,28.053887635358357,29.99544464946751,0.4
359,14,173,16,37.5582939666264,19.466851686255318,28.180592507349502,25.774108994515746,5.959744491587586,26.03792451213002,26.585829157560468,26.781703855079467,0.8
360,9,119,11,10.382114379012613,8.44424417312142,12.192525939047998,10.701668415983278,1.295158185097042,10.203025581888106,10.549480529328473,11.734098433475896,0.9
362,9,116,11,15.36938084099409,11.144821066250568,15.36938084099409,12.961150358026128,1.2044229239200308,12.319150301690716,12.944091005582967,13.389769350155603,0.9
365,9,101,11,7.467989206027088,6.110342270414245,7.467989206027088,6.763629373003278,0.1968074100180382,6.320376849786994,6.9173241681812785,7.086474437379772,1.0
366,9,110,11,16.747189763604265,13.205166785443383,16.747189763604265,15.33182610562,0.960516508006306,14.83587799500938,15.48295262244738,16.06045743158102,0.3
366,14,156,16,16.747189763604265,13.205166785443383,15.531303414867269,14.708084436885022,0.4922421228914768,14.286447237838999,14.835109156726336,15.324136988033754,0.6
367,9,130,11,77.8835076690604,64.56441496440371,79.4871062523246,73.63243322988583,26.46570070892027,70.39670953577951,75.02892821013687,77.8835076690604,0.0
367,14,194,16,77.8835076690604,56.111220691652306,72.46622119737796,66.75233775765798,20.22062427429094,64.90994345408086,66.86703668830955,69.4760521231799,0.1
367,19,239,21,77.8835076690604,50.9143262732746,66.11940096010262,57.97098768496163,38.441960747961765,51.63779794937609,56.440709112044686,64.44840584056767,0.6
368,9,111,11,10.603998931715552,9.392787839438373,11.127120794627594,10.53821348361805,0.3180003444557894,10.38759758992219,10.694994735148743,10.987124718242253,0.6
369,9,120,11,28.896241184668682,26.500577688752557,28.896241184668682,28.088084279211092,0.7877353172064037,27.248298005459507,28.536025873834905,28.857348473100174,0.4
369,14,176,16,28.896241184668682,25.551788830749217,28.521293070486955,27.14989275958964,0.7234213340477316,26.60259236060618,26.96912079842241,27.905195354128793,0.9
370,9,138,11,61.86411580825288,56.50137817281336,61.86411580825288,59.2322679112316,3.4462827730955325,58.14778714419454,58.55466551307152,61.13998256037022,0.6
372,9,94,11,24.858839387854793,11.354233077142611,24.858839387854793,15.416692299092265,12.241285663908519,14.185974934418297,15.188612341303218,15.642922333781403,0.9
375,9,119,11,12.771118934377105,9.02166855713744,12.771118934377105,10.722697427112768,1.03927373516887,10.284859814846726,10.496924214498605,11.02153409991677,0.7
376,9,113,11,10.453333914457453,6.330596237909704,10.453333914457453,7.691320662306945,1.0951779405148545,7.244091048659372,7.466974644547315,7.942822389906895,0.9
377,9,130,11,28.767752601276882,4.635863441808564,28.767752601276882,17.452762293121513,72.3078226891773,10.14395665682395,16.446206585286625,25.824588086968326,0.4
377,14,162,16,28.767752601276882,4.635863441808564,13.56621411217569,10.104129653684156,4.820551849643109,9.53321839226645,10.76099240345853,11.076017359957053,0.9
381,9,123,11,24.148282196632273,17.071649998903787,24.872895853441882,21.763985368115947,6.329915675398673,19.744971988129507,21.944306688130986,24.148282196632273,0.5
381,14,169,16,24.148282196632273,16.159862356384863,21.85883987819438,19.5579276940557,4.31988527872975,17.6443797132192,19.877132686202806,21.517989843757565,1.0
383,9,138,11,42.91940168495637,24.578624411452772,42.91940168495637,34.341796082364965,35.66486500149578,29.860055128012682,36.06188542810567,38.749655570782515,0.3
383,14,191,16,42.91940168495637,24.578624411452772,35.01190458196764,29.551953552362203,8.029148667339019,29.10980902493037,29.76446870509135,30.084057405327933,0.7
384,9,94,11,14.464759790547216,10.591034307730137,14.464759790547216,12.18888282421041,1.3303190498976176,11.288989025675622,12.080769049205895,12.80123424171786,0.6
385,9,118,11,12.13454816860084,5.921060996923691,12.13454816860084,8.699695383841261,2.9463552718811394,7.7653017595037035,8.33199507522101,9.315478523423069,0.8
386,9,117,11,20.425160495386912,12.190804086282656,20.425160495386912,17.940351680096473,4.837802968973697,17.57695244562735,18.329227926501865,19.361662078484354,0.9
387,9,114,11,22.470404535353108,10.595402254650153,22.470404535353108,13.652200475391023,11.70237799035999,11.681972907089941,12.59128850131712,13.675755959154563,0.7
389,9,106,11,15.723368250745342,13.26917324125364,16.400846182588577,15.396066503115028,0.94719932795929,14.713875863499542,15.788174265586614,16.047159181691836,0.7
390,9,103,11,11.665282784868372,8.983252743000943,12.290011764825474,10.986928323918326,1.2475370746943328,10.250922831702855,11.56685916972572,11.665282784868372,0.7
391,9,105,11,18.114587486973434,10.205736792249695,18.114587486973434,14.750467562334345,4.202857389439613,13.595329338753164,15.01983176128455,16.08305360394218,0.6
392,9,85,11,19.895901788358046,14.26059191552792,20.135271397738414,18.425651830189622,3.0771881402813603,17.490323368590268,19.056355308647426,19.86494440165956,0.9
393,9,124,11,18.423883529519617,10.492302824990078,18.423883529519617,15.014002427501461,4.749264309452161,13.986609063421863,15.472057191609526,16.141637930800766,0.8
394,9,108,11,91.83712591441298,79.50216189498619,91.83712591441298,88.49025447622012,17.120367050581535,89.06946703162643,90.35825605976197,90.74188932236527,0.4
394,14,149,16,91.83712591441298,79.50216189498619,90.327321701176,87.0516524504782,12.06698323371418,86.92682989362206,88.43910920511595,89.33151687354604,0.9
395,9,105,11,17.800784691606616,8.94337589452272,17.800784691606616,12.494391913033272,8.85134761305358,10.315575457186608,11.67048864866681,15.149873913897032,0.7
396,9,88,11,45.50878877014357,24.585789861825603,45.50878877014357,35.33574467563403,38.27813619478066,30.48544081644858,36.28774244826413,37.61490178158365,0.8
397,9,105,11,61.700578880914826,18.239231766350407,62.64616910442915,45.80281896432177,315.8134077898655,29.245171947523676,54.46567672991503,61.700578880914826,0.2
397,14,153,16,61.700578880914826,15.784637341033807,47.290105581102836,24.29348332195113,82.092924070557,18.5166019915688,21.118647366140163,26.545987017693815,0.7
398,9,97,11,35.86908161638563,20.588512061819326,35.86908161638563,27.361599667774282,16.508207532321865,24.794690775757726,27.187481933570332,28.88487501703056,0.9
400,9,97,11,26.74837413977155,14.415748079033467,26.74837413977155,22.908737067280462,12.96140430109428,20.987947384518087,23.721115309178654,25.791003977928572,0.7
401,9,124,11,25.450750992256406,23.622684669541435,26.278355697032097,25.227138496898966,0.5776560437030719,24.731892767705766,25.417317585937127,25.748640334768602,0.6
403,9,92,11,17.40163091343117,6.150311397118024,17.40163091343117,9.498022460074043,9.779986976041261,7.104117654287002,9.323098906624601,10.521618793946566,0.9
405,9,113,11,8.914571488401037,5.533979500386296,8.914571488401037,7.585365858728247,0.862060854746805,7.179450387117355,7.595478911050666,8.222018807452303,0.9
406,9,133,11,16.84556779681158,14.320016117070226,17.532765087442563,16.17419372975599,1.099790957426488,15.151131096044242,16.76679040930398,16.94552170282506,0.1
406,14,179,16,16.84556779681158,12.35797046543825,16.68801302179638,14.473556978676138,1.5183544338258517,13.72710938984927,14.834064486067987,15.101357928304157,0.6
407,9,121,11,6.206459385151501,3.854979116096189,6.206459385151501,4.559165229412913,0.44026066399032715,4.07983881307179,4.4213151394340215,4.7671552714135315,0.9
408,9,131,11,19.18428323706982,16.11956973075005,19.18428323706982,17.977418380666926,0.8679661361278642,17.374194818585952,18.067566895261507,18.756905585524937,0.9
409,9,102,11,25.909589238872137,21.218500859312552,26.034510370014516,24.244270970452906,3.252898409447109,22.645701471576125,25.00948895203078,25.804987084273456,0.7
410,9,96,11,25.15527891236507,23.780130939719854,35.19907708795878,29.881056597820713,15.791515510313763,25.948865963222858,30.558792588772196,33.59574022885131,0.9
411,9,107,11,42.86213151744279,21.78326846906472,42.86213151744279,34.25978716815589,37.70268289533132,30.229358815599554,35.44922803041629,39.35069689525665,0.6
413,9,122,11,32.970734418814025,16.166643792673444,32.970734418814025,23.00718619719267,28.343611693592873,19.278346192599884,20.851118052163734,27.463560224614664,0.6
414,9,94,11,12.484583072761016,10.434617751380426,12.484583072761016,11.707451130158342,0.29723842076946116,11.500607595555635,11.74403702592522,12.019631012688478,0.8
415,9,96,11,103.66202373016634,62.58586711558739,103.66202373016634,74.1055495099229,114.52726093869452,69.22689468815287,73.48284545098701,74.08968196244899,0.9
416,9,113,11,20.143099129523698,9.355355454643863,20.143099129523698,12.449022635498526,11.735158048115014,9.991499205499691,11.49819289062755,12.606535913118064,0.8
417,9,127,11,24.06863572169783,19.492580423431463,24.06863572169783,21.203499415115516,1.270566732744555,20.529055106038513,21.233126624412108,21.443795510134134,0.7
419,9,133,11,34.72793629512081,25.223284215421746,34.72793629512081,29.745861754578705,9.431092670881005,26.701677221445664,30.73531044674218,31.367044382711683,0.3
419,14,181,16,34.72793629512081,25.223284215421746,30.429358879176885,28.222001569497365,3.606218894617032,26.36105429414136,28.77251890072347,29.79288054416855,0.6
421,9,95,11,25.070142226506555,17.1606613658296,25.070142226506555,21.573459442460024,5.869011625176574,19.755348184022633,21.923091088433175,23.591699119149524,0.7
424,9,116,11,29.282076031548602,12.162906910644777,29.282076031548602,16.227704920769707,28.298600273501286,13.03527507844279,13.655694223522488,17.16509824384353,0.7
425,9,119,11,36.187760976726906,18.51793995829138,36.187760976726906,22.28250017419292,22.38295051923953,20.495617996406597,20.91653310224023,21.62139642288232,0.9
426,9,101,11,15.43471015874568,9.40247593289642,15.43471015874568,11.663340351203177,3.194798626049542,9.949100500106695,11.829057894686494,12.597801115849204,0.9
427,9,101,11,14.570289061707559,7.831680486449832,14.570289061707559,11.322604131502557,2.9611631123950355,11.069266181718907,11.545975172058423,11.943291553740812,0.7
428,9,116,11,7.129996374243868,5.514156543160276,7.129996374243868,6.075691176743608,0.23227586075500942,5.668831414142931,5.939877230862912,6.367855000303694,0.9
429,9,113,11,33.40170734633254,28.86642038864185,33.40170734633254,31.22283127072032,2.418830759723776,29.83080735475677,31.167051231732316,32.31668986051812,0.7
430,9,127,11,38.79075902954939,24.577271190336734,38.79075902954939,28.410216914378832,14.69970764804387,26.094060388485794,27.899524231612254,28.523568706149238,0.8
431,9,119,11,14.786282192593843,11.998477569477568,15.042060891066164,13.959180356733365,1.04628865612772,13.15005373207113,14.363368072164775,14.786282192593843,0.8
433,9,119,11,15.014163711049294,11.203752216137094,15.014163711049294,12.804252153257057,1.6946896673236538,11.916612733994178,12.299415626722165,13.994175209489654,0.6
435,9,100,11,13.79329522386279,12.9197084172953,18.904437260635056,15.781405955229355,3.692209578811292,13.87993495603466,16.153618140379756,17.364183210403645,0.8
436,9,140,11,64.30151687230948,24.32518322106972,64.30151687230948,40.813749725774926,216.56409838388572,25.404806596387985,40.366583216825425,53.96393463065728,0.4
436,14,181,16,64.30151687230948,24.32518322106972,37.408397799872645,26.957455502368465,13.62799955808257,24.72878968776086,25.893133867077566,27.294717972136596,0.9
438,9,118,11,22.6194396264989,17.976809705152867,22.743868288865603,21.580217668799335,1.857381890262604,21.28863974345419,22.08665996151972,22.526759849118246,0.9
440,9,97,11,19.266820952824,10.975178591753954,19.266820952824,16.351406665523093,5.912523355572493,15.146920642659454,17.1429684640612,17.7152905269534,0.7
441,9,107,11,18.31687763506642,10.63318695433069,18.31687763506642,14.128993205397938,3.802685927546494,12.873705878878898,14.490495606917653,14.887231707201817,0.8
443,9,93,11,14.630434696205818,4.408058359731391,14.630434696205818,7.736482885323987,6.630908571152196,6.711580212820635,7.0589927372111525,7.954394379480165,0.9
444,9,127,11,17.141438283171357,7.572072523272741,17.141438283171357,11.418167060808015,7.637957059424461,10.320115333926022,10.69168035439229,12.17757810742717,0.6
444,14,172,16,17.141438283171357,7.572072523272741,11.470926646225317,10.316673678371153,1.725712345026653,10.320115333926022,10.69168035439229,11.299019723522553,0.9
445,9,89,11,31.54288425517195,22.24413730395371,31.54288425517195,28.08819717150743,12.247764536853266,25.70326061979978,29.082938091146353,31.13857759341991,0.9
446,9,112,11,30.73917753338762,8.299177358326656,30.73917753338762,21.276301695331135,43.48724574111541,17.743364450757582,20.102107212201766,26.294821235951304,0.6
447,9,113,11,22.76870481702317,18.111772669522637,22.76870481702317,20.301239871678824,1.782385936287237,19.452453289376294,20.14974283556914,21.300803755544763,0.4
448,9,127,11,11.573041247525254,11.573041247525254,15.436678034813742,13.731417180181714,2.1455660168314754,12.516962461828841,14.004705847617924,15.148708475581419,0.9
449,9,128,11,11.994863734433876,10.028435118028728,11.994863734433876,11.324373744944685,0.4080041230899605,10.941383853756946,11.389765697745185,11.952595107656931,0.7
451,9,119,11,15.147419658537412,11.00384474044725,15.147419658537412,12.901923685629033,1.9244318780788272,11.75517865536348,12.959207886288464,13.512856163205718,0.8
452,9,127,11,30.392312015898042,17.125813773489018,30.392312015898042,22.276606785100306,27.973467291694476,18.45310712365518,19.26064662806904,27.723988079425943,0.5
452,14,175,16,30.392312015898042,17.125813773489018,19.698762744793804,18.807891464118164,0.541023579163482,18.45310712365518,18.74972767235301,19.48893974369645,0.6
453,9,104,11,43.90752905887411,41.6692200333733,53.36492169299436,47.06505907742625,16.646263583461874,43.90752905887411,46.108490189756466,50.89228506878129,0.9
454,9,115,11,15.787804970667613,11.74994255417171,15.787804970667613,14.008200017149116,1.7445002454105398,13.160492187661813,14.013471878444689,15.153914048036533,0.9
456,9,132,11,12.77356447749658,6.7526338744726875,13.671834522002456,11.907994324351444,4.105334321894412,11.110903932941458,12.77356447749658,12.933160974765855,0.3
456,14,198,16,12.77356447749658,6.7526338744726875,12.77356447749658,10.513324527800215,2.904386344873425,9.760692426457352,10.589758228786943,11.555652201170291,0.7
458,9,116,11,6.828143233121866,6.1446367505993855,8.437462761857995,7.2547452444187455,0.4295620706817738,6.8353481432381935,7.092402944335784,7.6888275178454055,0.6
459,9,121,11,68.9885280870422,54.519831516178726,68.9885280870422,63.94377293999385,14.228834923839894,63.265225453060516,64.8438143743147,66.13003528518551,0.0
460,9,96,11,20.2963170391603,11.89297973310384,20.470111736785935,18.266703745376553,6.095371449716775,17.808643100598623,18.99942338326551,20.119381238896175,0.7
462,9,119,11,46.75012825201884,37.246736916016886,46.75012825201884,39.989271406492335,6.982379665389996,38.06417252023553,39.53669485518153,40.76817077933437,0.6
463,9,130,11,17.440430910484242,13.446012964118195,17.736101699681956,15.634311600269957,2.4902555524579655,14.152580070975544,15.557639528821326,17.264560010160526,0.7
464,9,110,11,22.756324346180183,18.755970515521007,25.222422159762953,22.875878401740778,2.7063132165014694,22.48098424061,22.884198149532494,23.668877402643478,0.8
465,9,136,11,20.93210301446011,13.032064378928876,20.93210301446011,16.24883350029166,4.937860135037705,15.150953122203543,15.708158554925134,15.996962822290124,0.7
466,9,113,11,18.040492278024033,12.019715572394162,18.040492278024033,15.880884486411185,3.9335417518284386,15.122037666043926,16.53294930119973,17.321203662665877,0.8
467,9,102,11,35.42499069965633,27.088658006745334,35.42499069965633,29.774093138032505,5.689303294526654,27.99068053234497,29.12582876237616,30.829634858631763,0.4
468,9,131,11,18.376763145692195,9.538823543128892,18.376763145692195,13.499844878074663,7.616095066724277,11.582937359689238,13.25560181777518,13.893168404558688,0.7
469,9,140,11,31.406629617522597,21.99817055259951,31.406629617522597,26.834478426335487,5.180736052714143,26.140861970374893,26.570204671714407,28.03742889649413,0.6
470,9,133,11,65.61153465359232,52.92459877332259,65.61153465359232,60.62875260549758,13.298411441933405,60.33203073757919,61.53884709948218,62.996010019284704,0.2
470,14,190,16,65.61153465359232,52.92459877332259,61.277878462337185,57.53656345698257,6.504583052699817,55.45958538783529,57.803099092426436,59.764164588199094,0.7
471,9,125,11,34.675726439070445,24.11984667578284,34.675726439070445,29.869426493442734,7.08109555956689,28.648386232456744,29.884545157951166,31.302722815194482,0.8
472,9,129,11,48.7211238047083,36.04221529962125,48.7211238047083,43.21980704269641,11.865203468793645,41.30326512859696,43.26238453991717,45.7340148531007,0.4
472,14,170,16,48.7211238047083,36.04221529962125,44.03973949236205,41.720688230494304,4.782068654759441,41.1618733176971,42.395641094667795,43.016140848763854,0.5
473,9,127,11,25.691303988209903,10.328120072073098,25.691303988209903,20.245339899493224,17.36376323685441,18.98505998020201,20.080115463586584,23.471065661986735,0.6
474,9,132,11,20.490412377009108,17.225452449072787,20.490412377009108,18.94392091055358,1.1693786335908525,17.985371894506276,19.154003248231124,19.780166258315823,0.7
475,9,122,11,32.214625584338975,22.79715512113478,32.82954326919143,29.340943090508908,11.700715038587616,27.231761166493257,30.245967020117515,32.214625584338975,0.8
476,9,127,11,36.18426932411954,11.100715317793853,36.18426932411954,22.957435590516262,91.1146239434781,14.202918176864786,20.20695949964681,32.510208707106244,0.4
476,14,178,16,36.18426932411954,11.100715317793853,18.976240488159235,14.557082854002136,3.62041401300173,13.890365396050141,14.464529055741915,15.146786092942016,0.9
478,9,91,11,6.7939870511679725,3.3464205869799235,6.7939870511679725,4.622228381777789,0.9339690355135091,3.894871193100989,4.465667098803762,4.857412450415578,0.8
481,9,108,11,5.088089620038563,3.8672513897858503,5.4704500861220025,4.935503527961441,0.21678038901491328,4.863064348710634,5.088089620038563,5.17537123114128,0.9
482,9,127,11,25.247459426071142,18.875217668501996,25.247459426071142,21.45473030990325,2.3953120485968222,20.646067422292198,21.286736437218075,21.947590150643396,0.7
483,9,90,11,50.16645993316215,16.409765757450984,50.16645993316215,28.146889879018964,83.18057722524625,22.82980788666405,27.88480599232045,28.31119574442358,0.8
484,9,100,11,23.38119210116549,17.41293359704875,23.38119210116549,21.373202813808014,2.92231067906139,20.734686733415856,22.074833192810473,22.426666875224875,0.8
485,9,129,11,17.692165111611153,15.580638831222016,17.692165111611153,16.620678791058786,0.49294561760035166,16.317532233659733,16.451503814407992,17.16964296476495,0.7
486,9,141,11,30.90652861048583,16.770488443615086,30.90652861048583,21.38624091408876,18.82202842612927,18.487693436090826,19.638093226369506,21.854071717175376,0.4
486,14,188,16,30.90652861048583,16.621683910033006,19.39835476911412,18.01219853721168,0.7301027635899567,17.336347555208683,18.372564566298863,18.525532797588205,0.8
487,9,122,11,19.072633471510226,6.84212202710472,19.072633471510226,9.296152136396326,10.998329105965508,7.930949600325448,8.303075612642488,8.875582271258288,0.9
490,9,130,11,20.462776628080046,15.334948651944211,20.462776628080046,17.521486253909927,1.9367118208195329,16.673414832334018,17.372818895564926,18.207559109231383,0.6
491,9,99,11,47.60010903413481,14.270572708887718,47.60010903413481,30.77216041868282,129.9601887201299,22.825793915012973,26.874071769148486,41.99203858645616,0.7
492,9,110,11,12.6256212829553,6.830419592671012,12.6256212829553,10.863431793485015,2.2911149458789124,10.833522413095572,11.124099388586185,11.765098652353599,0.4
492,14,165,16,12.6256212829553,6.460930534144046,11.08721296337563,9.724904859277041,2.6488205649958902,9.465956172887164,10.418970204517013,10.924664058874136,0.9
493,9,104,11,38.495363756311875,18.68201446415429,39.23041931378553,32.09610618335417,61.63841228374922,24.413571489272783,36.13261844472953,38.495363756311875,0.3
493,14,135,16,38.495363756311875,18.68201446415429,35.67474059112023,25.64779993600381,22.65005654497471,22.441687527353395,25.06811219372884,26.955359386399028,0.7
494,9,104,11,14.658223904606444,5.938269883534627,14.658223904606444,11.652855070435354,5.459373798129963,10.632103133659347,12.383444707540054,13.001376501722962,0.7
495,9,96,11,22.794571509846307,15.438261919383066,22.794571509846307,18.242826616353113,4.079656757526671,17.093445051614808,18.293932930466006,19.172495165163713,0.9
496,9,121,11,16.79229606087503,12.203968241399032,17.06013126080629,15.409781565451402,2.258585628548034,14.693849345597581,15.670173857577613,16.749916161562595,0.5
497,9,122,11,14.668866459616687,10.74714366301173,14.668866459616687,13.444977083216367,1.979964933231661,13.163645271959018,14.031911354803139,14.545548447271429,0.7
498,9,116,11,30.84086145059647,22.74117618364599,30.84086145059647,26.034400701372693,5.614416454085219,24.046197695073484,26.364682821209552,27.228957950784604,0.9
500,9,118,11,12.106174742277926,5.170580503458231,12.106174742277926,9.915484949561073,3.512817508852219,9.421138080015135,10.124090830856993,10.817855019525464,0.8
501,9,93,11,21.196232954516773,5.902991363023386,21.196232954516773,8.172824593614465,19.316149222798295,6.224552397449349,6.751426620186933,7.230438436457308,0.8
502,9,124,11,23.420269155126938,16.58013084014504,23.420269155126938,19.778769992268156,3.3113360665446927,18.747113274356998,19.82954256101558,20.813580012155846,0.7
503,9,104,11,51.09371822769495,39.505652165525305,51.09371822769495,45.195256039181174,9.948168923298953,43.821465245213226,45.17605576421805,47.324325710004636,0.7
504,9,117,11,18.71729359973287,8.334117801656195,18.71729359973287,13.085374971951001,9.637716547720306,10.0815648385127,13.888550515313504,15.247182181975155,0.9
506,9,113,11,13.599461528906458,5.7240291873571865,13.599461528906458,9.013917580472514,4.398440820905484,7.772545270975372,9.102675775996733,9.844067636164453,0.8
507,9,108,11,16.451611452848148,12.472972351484684,17.70359158991235,15.987891433494756,2.031839968434853,15.313164774874192,16.42751312493988,16.839639365000536,0.6
508,9,110,11,33.265468173688085,26.309435693474224,33.265468173688085,31.541718697542745,4.083491861957873,31.229931910525192,32.17976247894087,32.91665967527976,0.8
509,9,107,11,4.363613809396181,2.5334255857630428,4.363613809396181,3.393679325341581,0.3172354617377132,3.0275701556311216,3.308204519915249,3.567493245798192,0.8
510,9,118,11,67.49230500224697,49.48879692177874,67.49230500224697,60.71570787143031,23.77945360971089,58.58046679857452,61.859586218122146,64.16730679907671,0.1
510,14,166,16,67.49230500224697,39.23769341553418,61.75106649534169,51.316024104815185,50.128079026846166,45.324272501983266,50.82132323828774,57.99870983641449,0.5
511,9,121,11,27.560616143123674,20.211488268223192,34.74123941237001,28.609977008422437,16.27903413562226,27.08002773585956,27.560616143123674,31.425595031165777,0.6
512,9,118,11,63.90562196146871,7.370888203762728,63.90562196146871,29.356950348898618,395.7462052246033,11.897266314573574,23.223920718274115,46.40366017466659,0.4
512,14,159,16,63.90562196146871,7.370888203762728,19.025004833282644,12.3605319645757,8.51701137813128,11.545090270962346,12.550619064833544,13.113852182297975,0.9
513,9,119,11,21.067712537403576,15.738669936311144,21.067712537403576,19.841408795036955,2.272317270077298,19.538750611523568,20.466412957477036,20.769569485174877,0.7
516,9,100,11,17.151880396659042,4.97479418655807,17.151880396659042,9.436764332867618,9.339816863742902,8.044329014683669,9.190526718677734,10.110349883513841,0.8
517,9,129,11,11.962799182052608,5.984359752723739,11.962799182052608,10.626611227680623,2.704987774411726,10.489296467442246,11.16114544938815,11.377920084266254,0.8
519,9,95,11,12.212165078412964,7.560276956952257,12.212165078412964,9.903169831329986,1.6726198674124226,9.342914639643972,9.849965647372725,10.323075939217865,0.8
520,9,117,11,28.352665823981216,17.64419923721538,28.352665823981216,20.622198693163373,9.324491629138208,18.778870732283785,19.19688670157634,21.849063069433914,0.7
521,9,131,11,71.78004134770258,63.88607708299084,72.42267124938857,69.01279324524421,9.348655436684675,66.60686530191269,70.43629659355196,71.6462466450803,0.0
521,14,184,16,71.78004134770258,63.88607708299084,70.37106017209354,67.12873777769596,3.271793449922164,66.48638082962394,67.51731916324144,68.09383583039958,0.0
522,9,94,11,30.893133609099436,9.393387211592358,30.893133609099436,14.536722954177819,31.94720886506436,12.146755381824116,13.605989960421294,13.885109741569535,0.9
523,9,108,11,16.484182708192336,9.971641571968838,16.484182708192336,11.924278230408474,3.2284951496044725,10.859215638365106,11.550303711141542,12.467877697770213,0.8
524,9,102,11,10.42046923683755,8.373687015336632,10.814702284515292,10.081454917256233,0.5740530347290925,9.611403312616826,10.42046923683755,10.711295756897282,0.8
525,9,106,11,9.959216128920186,5.1687507190577815,9.959216128920186,7.109987240843613,2.112454293849063,5.926639923645113,6.8244063367874155,8.240569451384447,0.9
526,9,102,11,7.462898865449871,6.045797905671346,8.048550406520791,7.06326643672205,0.43232476960688315,6.528619650697232,7.145613291803374,7.462898865449871,0.9
527,9,124,11,32.860685998890354,26.333226926682382,32.860685998890354,29.07500330506179,3.6958856576434562,27.51807510927977,29.12925923401682,29.749244135613207,0.6
528,9,100,11,48.244813653087704,29.264990480669148,48.244813653087704,37.85659999562318,29.08662188423126,36.76124978095499,37.12282222779487,37.83530597370144,0.7
529,9,123,11,21.647351647297135,19.608950824867353,23.0487205231778,21.618208997258925,1.2335601415439172,20.815140932333353,21.647351647297135,22.548347356521923,0.7
530,9,91,11,4.1199384484462325,1.4808458189666238,4.1199384484462325,2.532353717128477,0.5431068950332083,2.044890485293585,2.3907573627083143,2.906236087353651,0.9
531,9,133,11,59.079001862565704,37.4612841752115,60.75629659360938,51.72434709937763,58.390814058705836,49.160465978783456,52.76160770250405,58.62742161726238,0.6
531,14,180,16,59.079001862565704,37.4612841752115,53.62705191257515,48.92247827196047,29.461333600921932,49.160465978783456,50.61753280639755,53.030100760822684,0.9
532,9,116,11,65.54064008631833,23.23693977407071,65.54064008631833,40.61997646943287,184.30078930838891,32.032176929023464,34.777547734758286,51.37098977164744,0.5
532,14,163,16,65.54064008631833,23.23693977407071,34.924814386096266,31.379337713842325,14.73319191025827,30.689535254230186,32.87566383676305,34.05189566017505,0.6
533,9,128,11,19.526720777347286,11.150726647726705,19.526720777347286,15.54238698555323,6.409866779912304,14.585744015243073,15.435625075576688,16.40503685481632,0.8
534,9,119,11,10.37707043584954,8.696609192375703,11.774287000154757,10.280261630028553,1.0897231477435096,9.270338546261316,10.37707043584954,11.110961396421063,0.9
536,9,129,11,28.901822211126884,19.518784739140774,28.901822211126884,22.79148453291973,7.960044870160772,20.73070720845474,22.099384509463633,23.621310890732456,0.8
537,9,115,11,25.48667448329752,17.393587084065857,25.48667448329752,21.128501435162775,4.930389648953371,20.035801842899026,21.766159212796676,22.05762410715673,0.9
541,9,116,11,36.134441257501706,5.22714339230291,36.134441257501706,19.253633418029548,71.52912007053412,14.280869000082678,16.49453306069097,24.047816364041278,0.6
546,9,119,11,22.898748275716123,16.69779426741121,23.523707821874456,21.786858836394252,3.9421494304746973,21.08667177413158,22.72214711847414,23.133523296550976,0.5
547,9,126,11,54.597187583765454,22.557355362264456,55.77954830667481,41.07548161085063,199.80737752308377,24.53994693768096,48.03159740029368,54.288121859044985,0.4
547,14,178,16,54.597187583765454,21.6914116893445,46.21471933495993,26.902323020384408,44.81345038920155,23.62608293901031,24.91863957177964,27.12853991341066,0.9
548,9,129,11,45.60510794698495,32.20927478706381,45.60510794698495,37.09785322950158,18.06434445184322,34.011942925932814,36.0770641585076,37.809609481529655,0.4
551,9,111,11,18.91440287189657,15.2510115962275,19.51251133757348,18.21738319470613,1.4666767996331287,17.88807070221757,18.684168222022116,18.91440287189657,0.8
552,9,72,11,23.028620569195866,14.718093509226037,23.028620569195866,17.32512319418476,5.568954181063033,15.263206946924608,17.304075808014126,18.281880626563513,0.8
554,9,116,11,36.314941127697594,31.381823056328805,39.88493726354258,36.417949094911116,8.526375775179677,34.50149248595157,36.55397195387705,39.16677888110444,0.4
555,9,120,11,15.68192216201023,12.150049897729586,15.839107895528445,14.442987975691619,1.6756252585430336,13.705267083213155,14.744075346030291,15.65676649499932,0.6
556,9,112,11,24.932396150458302,9.933979426055837,24.932396150458302,18.107183913195495,14.82948667033364,16.912745387827613,18.53800912725948,20.27757820216646,0.7
557,9,111,11,24.31832349724033,19.263190891030263,24.416316815537698,23.127111014596515,2.3754902341314628,22.469642256211976,23.699922999903126,24.309526951052348,0.8
558,9,124,11,16.31743174091756,11.223252284543346,16.31743174091756,13.32660336487812,1.7853999860493406,12.584897827112243,13.049003935516753,14.07787752607214,0.9
560,9,105,11,36.722567766830686,21.99503297932546,36.722567766830686,32.42783864931034,14.064107892571107,32.684132877842146,32.982583927526576,34.33196464019828,0.6
563,9,79,11,9.958523665693239,3.7741792042261175,9.958523665693239,7.170026944621026,2.769841195286702,6.8143176095919635,7.5065360561609875,8.11896970016743,0.9
564,9,129,11,79.46523852369643,19.478232182271164,79.46523852369643,47.993282294899615,763.53041538887,20.048724176288523,45.88794383891397,76.99217834215065,0.5
564,14,184,16,79.46523852369643,19.478232182271164,27.318877487045054,22.129316855515498,5.9127639555208535,20.048724176288523,21.662737666503745,23.735402199480795,0.9
565,9,117,11,8.274540784127815,5.564675341676233,10.912172602724645,8.981510423559415,1.9849740767481776,8.292779906687906,9.34789731524385,9.82316057559882,0.7
567,9,112,11,47.32236895379687,25.782530299384675,47.32236895379687,34.888812262080236,59.11042373427462,29.05042293352279,31.45912346839946,41.200753795855775,0.6
569,9,130,11,20.093195793266624,20.093195793266624,21.111711803542057,20.641810962007995,0.13446802674766628,20.408570637267758,20.599585673131855,20.966383030944513,0.5
570,9,116,11,49.81634800715781,20.181868739845825,49.81634800715781,35.53427806653885,77.70159690649191,33.80924705430703,36.468405164550504,41.22573692329481,0.4
570,14,161,16,49.81634800715781,20.181868739845825,36.33788614915033,29.18982267184587,32.6747078491624,24.16006570483335,31.723613880861876,33.58030035877515,0.9
571,9,126,11,9.531780518596374,6.900300158400001,9.531780518596374,7.79312162647382,0.7075387417428682,7.039719911815572,7.595625459868188,8.344291035861803,0.8
572,9,101,11,14.674371406469806,12.44481340340923,16.27880047481209,14.97487270164937,1.18940486169999,14.674371406469806,14.877085441617442,15.957055026825552,0.7
575,9,121,11,14.345161560740396,6.832972642205667,14.345161560740396,10.207882617296402,4.04766120416398,9.586859607800548,10.460716065118561,10.935917405959827,0.9
576,9,93,11,46.28955015499784,10.559615181993045,46.28955015499784,24.312668705820204,115.14497537627649,18.7962554069149,20.44026107349248,24.139445738145596,0.7
578,9,135,11,18.11458738657317,13.132241977458433,18.11458738657317,16.598307470844503,2.3868415899123865,16.75895883467381,17.186690382976188,17.502557350737238,0.9
579,9,118,11,19.488258345726926,13.395032582866921,19.488258345726926,17.24887954392961,3.4445525775958226,16.166812594779582,17.5549555419876,18.587108693315315,0.6
579,14,173,16,19.488258345726926,13.395032582866921,18.16953450840625,16.502089817289125,1.8920795564378394,15.764486599847183,16.74174538374065,17.591841524031913,0.9
580,9,134,11,9.302853215352318,7.981776541725007,9.641599907262599,9.143176137698989,0.2910237421665217,8.999992774069497,9.349273817342958,9.532453386541722,0.9
581,9,112,11,12.93973100554124,7.971718617059574,12.93973100554124,10.705508654638411,3.2287770483112994,9.167727797692779,10.39837759439371,12.637654713549415,0.9
582,9,91,11,12.97911534858626,5.611195593163993,12.97911534858626,8.646225281297898,3.8998278277067775,7.235997620881523,8.85276423567209,9.55742432690881,0.8
583,9,119,11,26.59045054380389,16.992218610542107,26.59045054380389,21.24813259040168,6.3658154775428315,19.839515426338124,20.33265719089458,22.96465212486317,0.9
584,9,112,11,43.753558408717254,33.984607494652614,43.753558408717254,37.34104910574279,7.0362689794231414,35.63533043389411,37.380632197293096,38.36731839210552,0.9
585,9,127,11,12.271080943357621,9.126536235030448,12.271080943357621,10.597293726589232,1.0666573061827547,10.141676586683214,10.402853051592936,11.141534470739101,0.6
585,14,178,16,12.271080943357621,8.923091469840818,10.541453474298013,9.918262512711504,0.3490563290103119,9.346105630271488,10.142714675694513,10.425009965163778,1.0
586,9,70,11,26.734732982589968,22.26951203721184,28.354509916420998,25.512023162840684,4.288620109604562,23.88734722522308,25.931195927642865,27.045666831644056,0.7
588,9,117,11,82.31671101094221,40.074033655948654,82.31671101094221,61.70138097148576,152.98584943295006,55.596441045443214,59.182408508357675,70.71310068559379,0.6
590,9,105,11,31.61819334985615,7.990664890661799,31.61819334985615,14.530066814557435,42.85863366859438,11.439261808342255,12.29390987384405,13.437704457308538,0.8
591,9,109,11,15.569119535072378,11.999769094187442,15.569119535072378,13.861979207974676,1.3745731167883295,12.878573549398919,13.643352476578617,14.963248742879593,0.7
592,9,106,11,37.0439676518222,29.697747205624303,37.0439676518222,32.63126676608184,3.256542959419831,31.590235113837853,32.668873891855256,33.122376058172456,0.5
592,14,158,16,37.0439676518222,28.52622813857788,32.958431634651724,30.98038176124691,1.7178688656865344,29.949065979936304,31.39174218048246,31.704006710199774,0.9
593,9,118,11,29.41999356136655,12.793956784161363,29.41999356136655,22.492680799931467,32.140421273779545,18.694825614549508,20.901369472664953,28.44432711685221,0.6
595,9,107,11,24.709281517508785,16.988712318213203,24.709281517508785,20.058546734960007,5.184010177198706,18.591733641078484,19.03660116135846,21.759046769775328,0.9
596,9,120,11,27.980422837040688,13.546036119710498,27.980422837040688,16.668090566306017,21.37737188587564,13.877954297171424,14.405182376951078,16.10973062586916,0.7
597,9,113,11,16.94399148516534,12.142345667926051,16.94399148516534,15.087071823333531,1.9820644171784554,14.489047032545468,15.540446789626378,15.972707404995905,0.6
598,9,121,11,26.348619612005173,13.385159420566113,26.348619612005173,18.883490916857006,19.962949938025318,16.004998182926975,17.42756641873332,21.15855463281712,0.8
602,9,119,11,26.10391440775807,20.452779917249664,26.10391440775807,24.562663983037005,2.9531875812784567,24.659446756789514,25.22509870594882,25.627612821538207,0.9
603,9,128,11,12.668113009844992,7.942222582336809,12.668113009844992,10.157158546753411,1.308550555627989,9.904114322887043,10.208712482093844,10.457155657870045,0.7
605,9,133,11,37.87008273339774,36.992220309577625,39.21731862077165,38.41315400738187,0.6155042876227984,37.87008273339774,38.841540076452574,39.020121488110874,0.0
606,9,121,11,47.810165403550016,27.547420586572972,47.810165403550016,36.36779285662987,27.811077407508492,34.455221288709865,34.79075031193037,39.33371835634491,0.7
607,9,136,11,20.727459386396063,10.845459840191452,20.727459386396063,15.091476201677755,7.711281018188615,14.32805523899186,14.686344239135366,16.0292393989307,0.6
607,14,193,16,20.727459386396063,10.845459840191452,14.847474569192677,13.5778506099407,2.145772022849517,12.426086750807471,14.372372783349409,14.720442632062193,0.9
609,9,112,11,23.382791407635896,18.883905913354496,24.251564403321932,22.823150900156342,2.7936947312158873,22.12667783090762,23.382791407635896,24.200634065554958,0.9
612,9,105,11,99.19767830899215,24.27372485328324,99.19767830899215,60.95411450156346,581.069941851427,46.91259446552959,53.77903133529301,81.56023529604462,0.6
613,9,118,11,18.58252959678761,0.5340868260006639,18.58252959678761,9.433253347837566,23.682740463709205,9.463421794228738,10.132502949046291,11.187185731343504,0.7
614,9,111,11,17.505528646136977,8.885044281889854,17.505528646136977,13.663032706665177,4.362026563659606,12.968550280004091,13.679061778615488,14.606113326038185,0.6
615,9,109,11,19.133302774011906,13.662929908569662,19.133302774011906,16.803572587580888,3.1026517750902345,15.512760406661364,17.103990839287995,18.09660141412159,0.8
616,9,124,11,31.60227673368516,12.75607837404182,31.60227673368516,19.3667943212537,34.16657073344966,15.083095037446482,17.59322535447874,22.07677425492447,0.7
617,9,133,11,18.53879285149754,16.304898397343543,19.38071514369787,18.266948254682614,0.9474299085212866,18.104948386729838,18.473256597709792,18.932956498457393,0.6
619,9,121,11,15.203229633102596,15.203229633102596,17.337285741997505,16.27397148719931,0.489045888857254,15.892837402995719,16.27695470332734,16.81659339549659,0.3
620,9,113,11,30.93682587737345,30.48738323230572,32.51706423389694,31.327632415732143,0.3561365004527694,30.93682587737345,31.133719059966456,31.527614123672397,0.0
622,9,119,11,15.10663604507591,10.124029222195961,15.10663604507591,12.958685182378153,2.9774244872277347,11.421776292457075,13.137378082751273,14.516820461521206,0.9
624,9,128,11,17.559923542678327,12.827651524572076,17.559923542678327,15.199643775018107,2.666052466621804,13.926920858185053,15.302546052892133,16.49666704792662,0.8
625,9,106,11,20.77817759207121,15.031572256981391,22.364244425072307,20.02025369738454,3.9072036435755186,19.29252977666836,20.44351419496536,20.77817759207121,0.8
626,9,132,11,10.234602468998789,9.676693722807943,11.99288008629112,10.70703155107893,0.5357904405819586,10.234602468998789,10.445136805888144,11.129835236580618,0.9
627,9,99,11,25.71154191913137,18.583775561364227,25.71154191913137,22.757362679207848,5.85146109493064,20.70004609617607,23.773079632265933,24.70154572282474,0.9
629,9,98,11,98.07186506802246,53.4216221616298,98.07186506802246,72.76909208028499,205.94683330605693,63.78947380188982,69.26158413726861,85.74998913209632,0.6
630,9,132,11,17.425452757366173,13.831958215857144,17.425452757366173,15.389205087277636,1.0700030012696498,14.574660568040905,15.535871601276785,15.689359131423293,0.5
631,9,90,11,19.14460504259565,5.263990788525787,19.14460504259565,9.342861949653155,12.908481309221338,7.691065147216245,8.4697347095672,9.426628363009875,0.8
632,9,106,11,14.05481015810675,7.856993507472882,14.05481015810675,10.468256979514777,2.5720325042698615,9.395121228104642,10.341599475735201,11.274894587514753,0.8
633,9,133,11,14.171534625472152,11.370750362000102,14.171534625472152,13.248580402939666,0.5206035657576269,13.173480005572628,13.390865600896493,13.589035732512597,0.9
634,9,103,11,26.38085331309618,12.709511953138602,26.38085331309618,18.44525018487756,15.890371854521543,16.442360386411025,17.492779711567614,21.326154529686463,0.7
635,9,119,11,18.63747872114682,18.205583195318564,21.448228255297522,19.718032333087297,0.9679375312438061,18.794452989754433,19.810542944922688,20.31067753699614,0.9
636,9,117,11,11.502699098655555,8.392479751981268,11.586374406178269,10.720092236740046,0.9769211304175807,10.713475546082247,10.89474044361587,11.502699098655555,0.8
637,9,130,11,9.16436797955869,2.1308267674716275,9.16436797955869,5.641953360908145,3.824049813314012,5.019596503808089,5.246351646285186,6.559961874500665,0.7
641,9,119,11,19.094241941497554,12.494118109849522,19.094241941497554,15.80827285006101,4.769323555617473,13.988293458759028,16.053779801711137,17.468697745218392,0.9
642,9,116,11,20.374087697059018,14.052457550562183,20.374087697059018,16.6926773887786,2.64468421551819,15.830834892337533,16.696248307826867,17.165010421604627,0.8
644,9,125,11,17.515355313183647,12.531641522066757,17.515355313183647,14.53951209870136,1.5452383461061496,13.971241497076173,14.478592364073211,14.903351894926045,0.9
645,9,106,11,17.313617978682423,8.981499380884708,17.313617978682423,11.61295958166907,4.737747071267962,10.414071302789239,10.90086881082222,12.030764891671673,0.9
646,9,97,11,24.747958415992592,13.27946190441134,24.747958415992592,18.43831783723548,9.545845564597087,17.25082273006779,18.901653311010914,19.935652225628647,0.9
647,9,128,11,16.830327474757148,10.700638311888058,16.830327474757148,13.960992641355208,3.6812838890397623,12.667863027977894,14.226444581788165,14.969650961560296,0.6
648,9,127,11,75.27286631994858,28.67040374173482,75.27286631994858,55.635710285627184,250.00372930687485,42.65674071398974,60.44395310946401,68.94989759736119,0.0
648,14,187,16,75.27286631994858,25.052379037458735,59.079908161449424,34.5299132913776,135.5902796676932,26.556597088385423,28.46419075926846,37.38657129523594,0.5
648,19,228,21,75.27286631994858,24.725151798353814,28.982499590335763,26.596233723276743,2.273342235363107,25.31244517254298,26.11335631436408,28.021153482111927,0.8
650,9,122,11,31.034695563709327,27.070481696654674,31.034695563709327,28.740145783021738,1.2356145667855327,28.187909843647013,28.679655221402527,29.310085731613942,0.6
651,9,134,11,16.096179029573317,14.849858375764097,16.6686357627381,15.898292033292824,0.2842379929090842,15.55429504792377,16.004352766472543,16.197943694009624,0.6
653,9,101,11,19.71277213308656,15.124167798410557,19.791142075397698,18.55296127749271,1.895126722005262,17.920150231472896,19.055501858311974,19.663256460111082,0.9
655,9,107,11,22.882446303885146,20.912357648908888,22.882446303885146,21.832894420394002,0.37291066308480886,21.27215388978492,21.853257364724424,22.198616776849473,0.4
658,9,125,11,30.889858304974126,24.105806633681347,30.889858304974126,26.02605990158442,4.447053822392525,24.502784378061822,25.28872819295258,27.288055117349657,0.7
659,9,123,11,16.541085755702838,11.957954865088475,16.541085755702838,14.874584389006888,1.3984345818666708,14.519762512507397,14.972211136734796,15.671189317475136,0.7
660,9,123,11,35.829173943743385,26.703467790433415,35.829173943743385,30.941944064080513,9.088940669422163,28.198742835549815,30.8067128377783,32.67732089374128,0.8
661,9,124,11,23.138285292086774,9.693702611746378,23.138285292086774,13.985073516249468,10.952941383698553,13.194652371994323,13.404598398219806,14.009238862849731,0.9
664,9,117,11,17.309712313212458,9.672326615871532,17.309712313212458,14.900666598138011,5.306836405701878,13.812807159555897,15.320600596376456,16.686371358973236,0.9
665,9,124,11,21.39850921612728,17.981438634920572,21.62070069233865,20.377675638651574,1.2640463354860434,19.73945873849133,20.464722166028743,21.39850921612728,0.4
665,14,169,16,21.39850921612728,17.981438634920572,20.551511914419443,19.75932114209323,0.5161783313846032,19.400985084441935,19.977624875444718,20.27456065811397,0.6
666,9,116,11,20.565522337422674,13.600831339499074,20.565522337422674,15.469795778708866,4.403561154090527,13.917086699165594,14.65019697423816,16.142427272468804,0.6
668,9,124,11,35.69091978265671,18.37039638941466,35.69091978265671,23.030877847545096,30.096547475442737,18.984806171601875,20.703499146890216,23.939012163905183,0.8
669,9,68,11,7.2727874774124865,4.015071183808457,7.2727874774124865,5.69458818692687,0.6587255409970998,5.3500152720558605,5.805597764805652,6.074279109220661,0.9
670,9,108,11,20.70885047814926,15.836493697833452,20.70885047814926,17.989431813027572,3.4337954227987835,16.05595933251887,18.033595076213352,19.253552123923523,0.8
671,9,127,11,23.92453720403277,15.036201908966074,23.92453720403277,21.246785607276884,5.748064623595755,20.661276965406557,21.44844344948372,22.668481825109115,0.4
673,9,113,11,15.625590978520373,5.584483183808048,15.625590978520373,11.892544921493705,7.711362614962982,11.461323112753275,12.766790156990423,13.539320046401016,0.9
677,9,123,11,27.026097675804046,13.500823041736703,27.026097675804046,17.24842003565134,12.219954065969102,15.994659740560564,16.508296946582632,17.241192122546103,0.9
679,9,123,11,35.978210043964296,16.51918574026662,35.978210043964296,24.448517908712574,70.38494453207485,17.81688679162498,18.361223514045193,34.50561109094082,0.6
680,9,127,11,17.43717044986122,9.360522944305865,17.43717044986122,13.373671799932785,8.90881262919597,10.996147695579568,13.317354974131572,15.903302843055586,0.5
680,14,183,16,17.43717044986122,9.360522944305865,13.00638213260957,11.39077897232206,1.4613537258712435,10.878731252873434,11.346036216653868,12.539780858453184,0.8
681,9,121,11,14.950973300786034,7.182068900225822,14.950973300786034,12.693061691127232,5.034468898434303,12.943326090162763,13.497893731200701,13.948032100335714,0.8
682,9,117,11,18.873019562823682,13.020115627862397,20.21561072621156,17.820019523726792,4.925710002310012,17.44378044314185,18.777901976545266,18.873019562823682,0.7
683,9,130,11,15.467021066469867,13.142991850628833,16.82026999092502,15.625832343124273,1.356853346192884,15.467021066469867,15.874149187246683,16.584483669269087,0.7
685,9,108,11,20.715832417402147,17.92630559770175,22.127997119845652,20.70296190515662,1.41082563011786,20.715832417402147,21.08082998967039,21.38609399975848,0.7
686,9,127,11,24.425006209266076,15.113418151471205,24.425006209266076,22.53496081910244,6.9715318404243005,22.937901293307284,23.33478698805629,23.979419972548083,0.8
688,9,114,11,22.769827315665754,11.58895831576023,22.769827315665754,17.3395112492016,11.448540035908795,15.476167193788218,18.17492524462235,19.595117521945966,0.9
689,9,99,11,23.37877810241459,21.159185645284133,24.751834832172335,23.232205133286293,1.1811979831924109,22.655790486339278,23.438978150114053,23.825121513291332,0.7
690,9,126,11,18.922708158280727,13.16009288137786,19.249197502745208,16.50313065629729,5.098708857397723,14.799904823081679,16.218486249145013,18.922708158280727,0.6
692,9,107,11,13.428896607741324,4.843906109222946,13.428896607741324,6.565104264981841,5.833335674002958,5.174517614962823,5.791042081806081,6.417539517164232,0.9
693,9,131,11,14.98225295681228,12.312141140096985,15.940791687929174,14.977343988483415,0.9159549269506939,14.961180248979057,15.10719708334307,15.48407532957199,0.4
693,14,184,16,14.98225295681228,12.312141140096985,15.14471328637721,14.610531250632263,0.6269557991303006,14.702091409407059,14.931003431650904,14.98225295681228,0.8
694,9,121,11,28.641984154078862,12.639861444166424,28.641984154078862,17.517005809857327,23.89400665490411,14.084013708375545,15.771157311904593,20.125282780979113,0.5
694,14,162,16,28.641984154078862,12.639861444166424,16.25876219304392,14.466412898992164,1.3703470613646258,13.904879018911371,14.500392102576528,15.146286006447578,0.9
695,9,84,11,29.91263355705459,21.42162240942001,29.91263355705459,25.34623135442612,5.4251018079839595,23.610388163072592,25.606789361070852,26.14338332531952,0.9
696,9,112,11,36.87681782105887,26.099070485543216,36.87681782105887,31.170476901744298,8.269257616660525,29.640827180312687,31.413265373939613,32.38966254835357,0.9
697,9,123,11,20.355817035549393,8.311295624346343,20.355817035549393,15.902059338080386,8.721864211841162,15.6401000988225,16.134056337167564,17.152852783936314,0.7
699,9,115,11,15.958908430094748,4.788850646739801,15.958908430094748,11.149963898308846,9.82443369861879,9.230653656162643,11.679799990745543,13.332891218692838,0.8
700,9,116,11,15.648104673075997,12.931779841813377,17.290888340131026,14.62807704758993,1.4350308042996267,14.017759026382276,14.275009722508614,15.403110433003734,0.7
701,9,119,11,10.25810149528164,6.597570272146722,10.25810149528164,8.345787249583188,0.8553065824017949,7.875598256981157,8.426935973918376,8.65031520191932,0.9
702,9,119,11,13.435986641753242,10.452303230154133,13.435986641753242,12.135689807286465,1.2077684131334245,11.041011572450113,12.518139626438128,13.026378936058578,0.9
703,9,129,11,9.166121294016811,7.942791594132718,9.810088817820453,9.147050189663199,0.343392507022526,8.797793692636295,9.252465061811618,9.646444335157334,0.9
704,9,121,11,24.98528308539778,12.08896580416302,24.98528308539778,16.439677224337395,10.920959322126686,14.422526125572924,16.03125725596847,17.384536997886695,0.9
705,9,130,11,45.42188701519301,32.20137047461833,45.42188701519301,35.93736327892607,23.989880427720117,32.74264355044329,33.4248847463148,37.11903740304168,0.7
706,9,133,11,22.501561915080288,15.247797709900574,22.501561915080288,19.224237680682343,2.867705359642131,19.21513334696347,19.409320452869324,19.63507970437675,0.9
708,9,129,11,27.31438834428065,17.036371397564682,27.31438834428065,21.53342985315161,9.315498966749916,20.26721735614202,20.754418771058113,23.847337007358227,0.7
710,9,117,11,20.10838960499411,16.9466054924724,20.10838960499411,18.16505238856157,1.1221964723050188,17.470050336407006,17.830388820482057,18.44038886594467,0.6
711,9,123,11,18.391726713751904,9.127597483067198,18.391726713751904,11.74572580103332,10.191027289769377,9.680300152429677,9.887720418005301,12.406824586873322,0.7
713,9,113,11,36.247965094210514,18.48521311645534,36.247965094210514,22.943349177828413,25.286292831354277,19.842333583868385,21.331187854168608,22.741087712779212,0.7
714,9,105,11,19.50006926411755,15.842429403111751,19.85857682102826,17.814927842676866,2.0414944450082375,16.486916114881232,17.61916157788537,19.329653911822327,0.6
715,9,130,11,15.753140864611643,14.182852894604089,15.753140864611643,15.071715586857504,0.32020092630860353,14.678643088736866,15.138331630343675,15.6248827662243,0.5
716,9,122,11,13.499746484529112,8.495025057634889,13.499746484529112,11.567571091561529,1.7368196992261673,10.878481287021412,11.705129014968389,12.504933002032367,0.9
717,9,82,11,23.145589715121798,14.099223386257744,23.145589715121798,18.878578892063125,6.21296135606203,17.41625524323843,18.91410981792421,20.102329741040307,0.8
718,9,130,11,28.933365214818803,22.216563627334587,28.933365214818803,24.56635392961415,3.397227769920265,23.221127459609477,24.343061211947237,25.18383811225254,0.8
719,9,112,11,16.469297062715526,9.442507236872038,16.469297062715526,12.012406712273574,3.955391175934506,10.422722588747739,12.093779862803691,12.892653972301918,0.5
721,9,106,11,15.087089497288181,12.370026964756963,16.49299523575973,14.65620303533415,1.7557019649832195,13.584294537495284,15.087089497288181,15.342764528431161,0.9
722,9,134,11,14.045413815043393,9.841983801107611,14.045413815043393,12.268178434590862,2.1169913786337244,11.065943651445705,12.604421211758492,13.618392911592966,0.7
723,9,128,11,58.06557644893732,28.983745453237518,58.06557644893732,41.844167377683675,120.94436737045976,32.11198466941234,38.325660525287006,52.18102061264045,0.5
723,14,181,16,58.06557644893732,28.983745453237518,36.06922077271193,33.325228250913476,5.604205306086045,32.04542573594426,33.927867232212805,35.31902828042335,0.9
724,9,95,11,28.307082093464814,6.923413999341751,28.307082093464814,15.955415677283707,28.2875306496638,13.916524534368735,14.870303580432076,17.30611699099864,0.8
725,9,107,11,20.686674260649326,12.794002209168767,20.686674260649326,16.37938174877862,6.052020008977867,14.411045667203101,16.88858903139988,18.027285678487324,0.9
726,9,112,11,22.59807840451446,13.686797676149514,22.59807840451446,20.62014347966349,6.8105292045722425,19.799242859031956,21.703914354364052,22.399308460734645,0.6
727,9,144,11,37.5780719451603,23.78293071526376,37.5780719451603,32.20975008167733,18.77206316027005,29.012527193706433,34.61737956532479,35.16700663925966,0.4
727,14,212,16,37.5780719451603,23.78293071526376,34.24993620011983,28.821446936357027,6.800599633608014,27.3254607221806,29.21270407766505,29.73592233954412,0.7
729,9,147,11,27.265237551749884,22.68707505770231,27.265237551749884,24.327705719572023,1.499913264570878,23.478105518732583,24.13612564716326,24.936091008034666,0.9
730,9,122,11,9.214071520689505,7.374840291036586,9.214071520689505,8.528216826556022,0.30794829937842433,8.29758936886382,8.763260267751981,8.823337155551826,0.8
732,9,110,11,21.97639400075267,15.922306547733788,21.97639400075267,18.89650594072208,4.1010742392965955,16.95747423077688,18.91780079338954,20.59737777903274,0.8
733,9,123,11,12.780576303071683,8.125321010714842,12.780576303071683,11.247924696260295,1.9805438195180696,10.936701398904544,11.788358427839839,12.17678971610635,0.9
734,9,80,11,77.9988324528892,20.860761626508094,77.9988324528892,34.40708076669873,311.5478894295289,24.548212435238696,25.323052848239254,36.34474072325005,0.7
736,9,106,11,8.996124663106261,5.946759003831395,8.996124663106261,6.909534825738871,0.6935022003953004,6.20696274811246,7.052256847166303,7.102918127675415,0.8
737,9,117,11,26.69639425498257,24.438493230642372,28.392157234039722,26.48915236369452,1.2477454802711712,25.69440982855817,26.69639425498257,27.216728753234076,0.8
738,9,115,11,19.78237698182111,14.857532412266956,20.90706724176689,17.615191774578996,5.317048973213538,15.414464292849527,16.90449112994021,19.78237698182111,0.4
738,14,163,16,19.78237698182111,14.596094413674198,17.378024451758424,15.877376982603764,0.9860966217016601,15.012099754901831,15.592126700837289,16.82398743393445,0.6
739,9,108,11,7.082752878666207,4.668081586069891,7.742037675482055,6.675458736615505,0.8538684682140394,6.6546406445258555,7.0308574031669995,7.160296151869116,0.9
740,9,114,11,36.3383478573476,30.607044130425244,38.62645250911052,35.54972654005332,5.370990350816687,34.403442063834035,35.792919119080786,37.292972946146804,0.6
741,9,119,11,8.438001059605028,5.5190006605803,8.438001059605028,6.512360126267282,0.6242046300667019,6.036432388617278,6.399531203213125,6.74650551143537,0.9
743,9,123,11,25.27697138247925,14.126320571870412,25.27697138247925,17.78508444988129,7.561893363784376,16.690945976562713,17.323790980710214,17.43042736873927,0.8
744,9,127,11,30.435679810427494,15.323999112955345,32.64666082426083,23.59398334817495,35.60673680446826,18.98356852521641,23.772688388991597,29.26225420789098,0.3
744,14,172,16,30.435679810427494,15.323999112955345,23.05175020316532,18.455433249883193,4.30579865558076,17.93279191280172,18.67522557554345,18.964706656762313,0.7
745,9,104,11,27.60286054056914,23.42491372361858,27.60286054056914,26.327094450773522,1.2258771117500298,26.30416779967899,26.703445117426803,26.829608357501623,0.5
745,14,156,16,27.60286054056914,23.42491372361858,26.75821636516718,25.665299721951943,0.9642464458921947,25.103583397414162,25.89081147667556,26.444221521252274,0.9
746,9,100,11,7.12010787588434,5.276847552167931,7.12010787588434,6.143981767709589,0.24332938287654354,5.913368083926828,6.201530491018458,6.432114789243768,0.9
747,9,131,11,6.2573627226231725,5.806997449925452,8.216147675914783,7.0085676402375245,0.7307537560319484,6.287754871642722,6.793933323029414,7.925128992991721,0.6
749,9,122,11,26.535441466211346,15.080185038568615,26.535441466211346,19.117135728904305,17.53904758954526,15.596713507457238,17.332157542949897,22.282884316352167,0.4
749,14,167,16,26.535441466211346,14.735717419995492,17.129596964949176,15.790453496009317,0.5001107993126717,15.253407033805559,15.68099256846769,16.32972380266151,0.8
750,9,91,11,11.110218959032279,7.7608457463081315,11.110218959032279,9.97297494735771,1.1678364530302834,9.489861582869572,10.123490907986422,10.912437481416806,0.8
751,9,110,11,18.647889889946395,14.800938540882278,18.647889889946395,16.551437719137283,1.4872506807196733,16.03468347302288,16.358870351006892,17.18523307686825,0.9
752,9,119,11,12.942683608615983,8.419054299932773,14.296255629758472,12.416164565179493,2.3755084774219357,12.102387671075977,12.942683608615983,13.186282199777802,0.7
753,9,95,11,17.2681588037548,5.672403011706196,17.2681588037548,9.061470391679887,13.51612708201919,6.749404207606927,7.24235307515947,9.901603535291905,0.7
754,9,108,11,34.348770843062916,7.595601245716307,34.348770843062916,14.92454522473306,62.31485156290695,10.98830803506574,11.871602884212328,15.88151828597217,0.6
756,9,133,11,33.450795670120414,11.367243349174501,33.450795670120414,18.51282578788257,44.19457433829671,14.320049997579979,15.885959053149685,21.993052775010653,0.5
756,14,192,16,33.450795670120414,11.367243349174501,16.64961167478001,14.688371924437936,2.4418471389336536,14.320049997579979,14.58721994492161,16.040684110229513,0.9
757,9,116,11,13.332333533649647,7.507328122092426,13.332333533649647,10.800776743613596,2.491839968090666,10.204463607030508,10.950396264194877,11.91583263475274,0.7
758,9,126,11,16.0034147721379,12.136717338117881,16.0034147721379,14.337735352905066,1.2232888527875887,13.692853241971363,14.529666130063468,15.170358345448594,0.2
758,14,179,16,16.0034147721379,12.136717338117881,14.399370126894805,13.616771079137177,0.38343200678732664,13.413368546886392,13.681915205147934,14.100015966229027,0.4
758,19,232,21,16.0034147721379,11.724137638772596,13.679862232629246,12.939150187913295,0.49438175124582306,12.264102958350437,13.321130926425564,13.462434289709767,0.9
760,9,102,11,35.59085100450333,6.509942302099578,35.59085100450333,12.243944739395245,62.95378824194787,10.00210681663798,10.258469936398747,10.761607096257785,0.9
761,9,106,11,6.555955425703981,5.016132190723942,8.366920488104455,7.065491753819449,0.9598172854472498,6.555955425703981,7.1626682966683095,7.897758579026197,0.6
762,9,129,11,31.379117523027304,18.967798093054697,31.379117523027304,25.397650058440398,13.965798753433187,23.66140484412481,24.30554548633098,28.06633751523083,0.7
764,9,130,11,46.74002545306804,30.653427127150202,46.74002545306804,38.64561352360862,36.16749285880965,32.17256208554525,39.227652787328644,43.59008650788249,0.3
764,14,185,16,46.74002545306804,23.90217743303593,39.14257806426383,30.574216044763364,15.50273550687611,29.046052929952445,30.217787077602104,31.35436123840681,0.8
765,9,114,11,11.416563202753718,5.180592120850561,11.416563202753718,7.969865687711922,3.1112487193618796,7.206847643749068,7.98414485896029,8.368312452299435,0.8
767,9,123,11,27.85762416473714,17.643521923658508,27.85762416473714,21.787675738600704,6.26855993224769,21.229254011538952,21.49133428934318,22.52140385441777,0.7
768,9,116,11,19.17264148604088,7.971503193976215,19.17264148604088,15.059017417488374,7.923574745578928,14.559627281827451,15.887112767299843,16.35659377513891,0.9
769,9,100,11,9.901145471648217,5.3091425775268934,9.901145471648217,8.192656550397361,2.182417172912377,7.399646186897192,8.616509001212954,9.439434361351656,0.7
770,9,115,11,18.253609841660584,18.253609841660584,22.741115286000422,20.623308164094315,2.837074253045064,18.844710139790894,21.088212398242,21.923975850726578,0.8
772,9,128,11,11.189911596015572,6.997631674594652,11.189911596015572,8.54328958975707,1.3018552088789508,7.77960029805748,8.565851763792217,8.999650139946766,0.7
773,9,94,11,36.67034272583321,23.833510099786473,36.67034272583321,29.541707293350147,10.538001618152489,28.212026456982677,29.803998819381636,30.887589415119166,0.9
774,9,120,11,74.18051644791214,17.265021466616723,74.18051644791214,48.910306271205556,210.76276020445388,44.63414927808576,47.11943221194453,56.29290721834852,0.7
775,9,98,11,17.733779380893193,7.1875278452431335,17.733779380893193,11.474400551228142,5.935183140951809,10.859527129636184,11.060192248636708,11.596866348200075,0.9
776,9,147,11,51.77447292994138,43.995003736368254,51.778301807643246,48.58328640898618,7.672064318009636,46.392727433650805,48.858340866333876,51.488690488138545,0.2
776,14,197,16,51.77447292994138,43.995003736368254,48.22719094621523,46.50627451649243,1.4721519165698767,45.805280406526094,46.52030135578392,47.39252750171053,0.2
777,9,131,11,10.91058833164183,9.583237387442901,12.191018704495082,11.137119534101902,0.6231817478185403,10.91058833164183,11.228412065380414,11.686374449722155,0.7
778,9,122,11,104.91915577271844,95.16786006996429,104.91915577271844,98.59983716047677,8.186460887554883,96.00643381203867,98.76483830701804,100.12708749418297,0.0
778,14,168,16,104.91915577271844,93.6533350456784,98.67151272210327,95.69921740710119,1.799056922374661,95.19732575044011,95.46747581326142,96.28633386035219,0.0
778,19,199,21,104.91915577271844,68.43947795859133,95.47352735690217,88.40167786649685,77.42482953930808,82.30491130338558,93.88688369895752,95.25625711139173,0.4
778,24,251,26,104.91915577271844,68.43947795859133,94.02176271763531,86.51273508402134,58.752438421643966,82.30491130338558,88.36565314806732,92.97153171081985,0.6
780,9,134,11,42.4274223900401,20.654548826699685,42.4274223900401,33.1781760273885,61.50823811919075,25.078401577383268,36.10107042463888,39.568048864151976,0.3
780,14,195,16,42.4274223900401,20.654548826699685,35.470497471676744,25.446872156491672,17.980227936220476,23.038593631808144,23.53371866768606,25.83074290541787,0.8
784,9,115,11,30.797016627121277,16.62434437922368,30.797016627121277,24.297444199660838,17.295871160265214,21.60488276640345,24.473487192208637,25.99825075267488,0.8
785,9,123,11,15.726613321764102,10.769304513722972,15.726613321764102,12.999568201314668,2.5104135258911575,12.045186476468112,12.590173364574511,13.746005914439547,0.7
787,9,123,11,66.03229846258219,35.27512559548889,66.03229846258219,47.9121157068468,91.17755118131197,40.92002829924,43.475179964198425,54.43910674742075,0.2
787,14,179,16,66.03229846258219,35.27512559548889,42.95538738726077,38.91503669951489,5.606702428310885,37.03623671659193,38.74511380568062,40.75900168553062,0.7
791,9,124,11,21.785344458375743,10.753002946593744,21.785344458375743,14.71710435570844,8.126598584696174,13.155163430290106,14.333433505775425,15.174913603920807,0.8
792,9,121,11,15.040815015019977,11.235232266597498,15.040815015019977,12.474157484521305,1.215230038535446,11.817843290455118,12.054017686810777,12.875047782886064,0.7
793,9,117,11,21.395125099116555,9.63541723199407,21.395125099116555,12.235753953382744,10.863676620708187,10.455559475913592,10.907251253436186,12.457862038998757,0.6
794,9,109,11,15.946743436501567,12.45290260348408,19.608565840929344,16.48803818898283,4.1472282486697285,15.946743436501567,16.249219304325916,17.958665606371582,0.8
795,9,133,11,25.42832852613952,17.153802868420584,25.772688361855383,21.00607689430847,12.42402876750924,18.24951608364131,18.732934287533894,25.184641509972195,0.4
795,14,187,16,25.42832852613952,16.123614309387143,19.041461803612062,18.117607676997736,0.7073200637065774,17.906332934454873,18.380162009537585,18.63479878497258,0.5
796,9,119,11,21.05050429207948,13.504237136383102,21.05050429207948,16.776751063906016,5.557361953866389,15.286367228426403,16.28672855177244,17.120946715960045,0.8
797,9,117,11,27.423714635130384,21.878232263219537,27.423714635130384,24.775370155125064,1.7991915073790565,24.474725503054454,24.697501693805854,25.10868598419687,0.7
798,9,133,11,11.953587419957753,10.45936181276534,13.371964642630289,12.4486491750475,0.7378732850942205,11.953587419957753,12.66951958028509,13.141088154739247,0.9
799,9,104,11,54.04925833906587,42.32815065871704,54.04925833906587,49.12705913935995,12.012391432118653,46.70896182857894,49.40435232524847,51.289824137964004,0.7
800,9,126,11,42.14308414268908,32.41983802224438,42.14308414268908,35.55720250840489,6.749762170163324,34.70370649124835,34.979622936970344,35.954744321274376,0.6
801,9,131,11,13.254394784946978,3.0608382320730056,13.254394784946978,8.485695012990345,7.354591301079052,7.714394736844529,9.107320567565733,9.725386641839995,0.6
803,9,108,11,43.26892819533938,29.46188443042729,43.26892819533938,35.4394656273487,13.457159175616445,32.70075811202164,35.49766322628052,37.63517562952609,0.9
805,9,133,11,10.908589467599242,9.59786260171079,11.077324593878258,10.722676289785133,0.18525677122905643,10.810865452871717,10.900261883325294,10.95323770481738,0.5
807,9,126,11,16.551019575820792,11.486982196640543,16.623053187375838,14.37892398206292,4.194306360474841,12.403529811647463,14.58462174319313,16.46787838098666,0.9
808,9,79,11,8.129719646479533,4.983821777791363,8.129719646479533,6.668678463535199,0.9827914461627827,5.862295444271719,6.625290552396218,7.555225209007917,0.8
810,9,117,11,35.697885961069204,25.394648983615685,35.697885961069204,30.907725161981794,6.910843722607295,29.89391827821813,31.70009264751321,31.97757092599287,0.9
811,9,99,11,4.637754902586368,2.7146634982084135,4.637754902586368,3.820043013365763,0.4270412806118446,3.175259421982269,4.0526488969222045,4.385693961080527,0.9
812,9,84,11,73.26863576268707,51.14795874357341,73.26863576268707,58.30333143457134,35.96030740002133,54.15905891087923,57.568666104595806,60.47790518077497,0.7
813,9,108,11,18.719538681227853,14.846428261384286,18.719538681227853,17.0742761544738,1.1765391152681506,16.27846625478296,17.402683581197127,17.680588544713654,0.9
814,9,97,11,39.35544847619262,14.803967665085656,39.35544847619262,20.456336997705385,56.71326237013047,15.515317347896957,17.480353916842315,20.322157176720623,0.8
815,9,137,11,34.800386379095755,23.57411887138939,36.49092085530292,32.58831395886529,24.806236393138853,29.34810230727309,35.2018396229849,36.13902545032583,0.3
815,14,205,16,34.800386379095755,23.57411887138939,34.800386379095755,28.483729329751156,12.654590922088273,26.9172101037391,28.00653746081459,28.792811982286523,0.7
816,9,107,11,52.98402301620102,25.486598095347986,52.98402301620102,36.16661669195481,55.92946769337027,33.734541144341854,35.18455264353256,36.876955995659785,0.8
817,9,107,11,34.87266584552654,8.943499032978172,34.87266584552654,22.400447182677024,59.699894300696826,16.098877986351923,24.77634917108133,27.586760344542974,0.4
817,14,142,16,34.87266584552654,8.943499032978172,23.048413709163718,17.865025156549088,15.556321101337051,16.098877986351923,19.199155160243535,20.106517775993765,0.9
818,9,107,11,14.938331844465692,9.49903926817845,14.938331844465692,11.398677823477417,2.222826560922064,10.369581158901829,11.304490993950676,11.42461401213477,0.8
819,9,92,11,5.833879262636598,3.0155787068611275,5.833879262636598,4.522543681373096,0.6794880706871498,4.5773973243544175,4.717762415301429,4.918292919120744,0.9
820,9,125,11,14.316509811213447,8.072910957239717,14.316509811213447,10.484116005097887,2.836705447738268,9.330377429924681,10.34228432782194,11.362127226081181,0.9
821,9,72,11,12.624113657005829,3.8587464648180574,12.624113657005829,8.357882304991675,5.781026633159478,7.096416693451009,9.01740094831623,9.79636686343682,0.9
822,9,103,11,13.337808445830019,6.412133749603578,13.337808445830019,8.787986220394107,2.9422349706286988,7.838135515864277,8.639238836976496,9.111072775771953,0.9
823,9,124,11,18.189343890102073,10.92389135604,18.189343890102073,14.454464561471312,3.4733082981690186,13.383799255184334,14.19306504751874,15.324795552251409,0.9
824,9,117,11,15.74445196362596,12.005090469563601,15.74445196362596,13.109704063795283,1.4344480491978742,12.275148053302345,12.813025878983117,13.073048931044687,0.8
825,9,83,11,24.44879728087333,14.190357399189054,24.44879728087333,21.01628484537988,9.999946348189914,19.221584195528642,21.654825385096622,23.883322299156582,1.0
829,9,89,11,23.189819561723546,15.872003118876133,26.256732294347433,21.318800691707988,10.297274442374114,18.801645970501227,21.52529814562028,23.189819561723546,0.6
830,9,134,11,19.058301564063292,13.471634755444075,19.058301564063292,15.639010366258265,2.025174265525465,14.911653946925634,15.208143751270674,16.231700187501236,0.7
832,9,102,11,37.26837411254844,17.336470607762408,37.26837411254844,24.068217006731153,47.65588046082136,18.66035757241943,21.772172505956927,25.322695286101286,0.8
833,9,123,11,21.302945621946993,13.40801293490657,21.302945621946993,16.118379722815256,4.904850878045943,14.417916840635801,16.062714905691777,17.184406650122106,0.9
834,9,101,11,19.31221923622362,18.72538327090726,23.437140810160585,20.860545381063027,1.9179396788995007,19.635744846716946,20.890097080573405,21.571569640247006,0.9
835,9,114,11,13.985974744542627,9.846751234275107,13.985974744542627,12.006382156889334,1.3131030557844894,11.081764449479959,12.375117317826692,12.658908160842097,0.9
837,9,134,11,19.634295585847685,10.457870683404812,19.634295585847685,13.964906615111081,6.234055590051095,12.030704622871639,14.11707119047249,14.952272890544435,0.9
840,9,114,11,31.424405974480962,14.052825864933599,31.424405974480962,18.527238706682205,27.113078345952978,15.158427457199041,17.19188767179043,18.06813919768185,0.7
846,9,89,11,9.97468668939771,7.82871204337588,10.075017387053695,9.48802614513535,0.4814844171584055,9.355809312067068,9.740438207525798,9.97468668939771,0.9
847,9,126,11,15.552311149014212,11.589020176126743,16.328627839446415,14.626111992732627,2.1774650706959724,13.692983873567506,15.319031668508924,15.555702321989987,0.6
848,9,114,11,17.534656021694445,14.715247715897005,17.534656021694445,16.29328107461941,0.8042296578221851,15.771953146066465,16.310688105543598,17.045690362166752,0.9
850,9,74,11,36.38322222299958,13.321291879234082,36.38322222299958,22.302613037503107,57.52631701427897,15.774144611242745,21.1274051242061,28.477966357197285,0.7
851,9,127,11,7.112341387356585,4.458700549029144,7.112341387356585,6.023249601596021,0.41999707876032666,5.821830171700883,6.122591432141297,6.357427986427409,0.9
852,9,121,11,18.042738178761486,8.253256757469243,18.042738178761486,11.67745524852317,6.760671749930384,10.31641319599514,11.2474206157946,11.713918216512356,0.8
853,9,131,11,87.44741456933119,42.58685213237783,87.44741456933119,76.98741755232798,182.9758529682181,70.59018602810384,84.24157853437694,86.62544259119207,0.0
853,14,192,16,87.44741456933119,34.043060712261635,83.38591504220764,51.914678516145365,329.9138866936894,36.4882087843701,40.64486816770261,70.07925968359456,0.5
853,19,232,21,87.44741456933119,34.043060712261635,39.86728256527033,38.03644500173753,4.214210121481855,36.4882087843701,38.92127699833101,39.65955845680118,0.8
855,9,121,11,33.33110413076686,24.928920050411094,33.33110413076686,28.86209811592575,5.072063632931136,27.843095322538375,28.784121779771144,29.99834368212771,0.1
855,14,165,16,33.33110413076686,13.360261776566869,28.753264522960592,23.97586655075706,18.53318005188401,22.246463176532238,24.4629376136894,27.434410192439216,0.6
855,19,209,21,33.33110413076686,13.360261776566869,25.04536758436518,22.651592746785017,10.88761381228111,22.246463176532238,23.946274830882345,24.547900983077696,1.0
857,9,83,11,13.38128435960313,3.972656533239835,13.38128435960313,10.481513101611615,6.654619877530267,9.56496721791812,10.948488510088403,12.395943754722246,0.9
859,9,131,11,11.702068958885288,11.702068958885288,14.084168401456907,12.92259495992677,0.73159223105401,12.133433750259476,12.987428511599502,13.692199718494987,0.7
861,9,107,11,12.306543805074792,3.910542119323465,12.306543805074792,8.039077292934435,6.261691715895938,6.795032576226213,9.03567102363134,9.384459817861005,0.9
862,9,131,11,14.94851281866903,6.031941886431456,14.94851281866903,10.276790907660494,5.036195870730985,9.221753597051336,10.230442604059885,11.200008090512911,0.9
863,9,109,11,10.957954663363987,9.34580557151848,11.154556064470782,10.605633321624223,0.30593519212022496,10.639634838043506,10.852333874571055,10.940653660146701,0.9
864,9,133,11,31.840877527301295,19.614317951181,32.66619077447869,27.74547406654434,16.159222695443372,25.28145400395084,27.45441834545646,31.732911343261378,0.5
864,14,183,16,31.840877527301295,19.614317951181,27.544160743562898,24.932691246562218,7.7481334745641535,24.422384412172004,25.67304189773816,27.237355855026525,0.9
866,9,112,11,26.023083767463937,17.12935052606482,26.023083767463937,20.086749878033967,5.684622573910242,19.307666599955567,19.66262979950058,20.705978401816758,0.9
867,9,108,11,87.59726203369851,42.00296799916178,87.59726203369851,54.991104501718404,142.4813766791944,48.79192234001648,53.16612041551116,56.39871954092192,0.9
868,9,128,11,12.454656335083365,10.582853119407101,13.057270945368876,11.850891643651053,0.7283563485649968,11.116013621097595,12.082399486605194,12.454656335083365,0.8
869,9,121,11,25.765690724836347,21.16416804691811,25.765690724836347,22.957782847276142,1.4222546349220129,22.137874289997974,23.174417949749174,23.3264096242714,0.9
870,9,95,11,25.596232012390878,18.31952320575564,25.596232012390878,20.588713387720595,3.7709142215138356,19.606416443331923,20.307896887363576,20.977354592681397,0.9
873,9,91,11,10.792341638064244,2.4386005745508315,10.792341638064244,4.796627539588554,4.842059216587518,3.917674042237244,4.085105806012355,4.683852501338762,0.8
874,9,121,11,45.29876390882646,34.58966713175059,45.29876390882646,38.97096685428708,10.822656258389783,36.24030920611035,39.52764518050176,40.80484596878894,0.5
874,14,172,16,45.29876390882646,34.58966713175059,39.961416619551244,37.804043394759425,4.107154490946198,36.24030920611035,38.64862169623206,39.605326995715075,0.8
875,9,106,11,26.55607886956752,19.871557267763286,26.55607886956752,22.64590093651205,5.319268388366734,20.598200395970384,22.472941421465798,23.479031361511563,0.6
876,9,115,11,31.21511880260656,26.819039964490738,31.21511880260656,28.671779752195427,1.60159936017759,27.910243373439485,28.5475983293425,29.491196835438956,0.9
877,9,137,11,29.733980986923243,21.37262728466546,29.733980986923243,26.16903650988318,8.114476653661445,23.627836539223747,27.49601856356165,28.499713124635097,0.4
877,14,182,16,29.733980986923243,21.37262728466546,27.426329938005793,25.1344681352772,4.440395779663672,23.627836539223747,25.558647772116103,27.062715831719505,0.6
878,9,77,11,4.237862287955142,1.753756323784379,4.237862287955142,2.947055799522289,0.5441476492288073,2.529681035624682,3.028712129627316,3.4413610715884473,0.9
879,9,70,11,16.62951197777007,5.793710131200557,16.62951197777007,8.614603734502069,10.186185540651394,7.088877377279339,7.186728367921989,8.155451830854647,0.8
880,9,106,11,13.77934600188625,10.593202507915665,13.77934600188625,11.886460395230639,0.7938820470051393,11.258208183874089,11.822983455997315,12.26402126989373,0.8
881,9,88,11,18.941483753780776,10.919046582095925,18.941483753780776,14.06789700657212,3.865306217456678,13.164982758271549,14.05923113626393,14.533556523877522,0.9
883,9,111,11,55.30289977522207,27.342083695301547,55.30289977522207,34.494897382455086,62.497409312687026,29.713863646491973,31.749573010343106,35.028835301978376,0.6
885,9,110,11,6.844460011855863,3.1496653391905176,6.844460011855863,5.010086949602011,0.8782852911545627,4.539073404995088,5.008181552822617,5.527697195279752,0.9
886,9,101,11,24.434141009541378,12.893887019540058,24.434141009541378,16.70076901693247,11.031631677750642,14.075155780543719,16.316708985971093,17.35644714420528,0.6
887,9,133,11,21.98471471778859,21.976794777112033,24.136287358669165,22.92713082873812,0.760045182247703,22.03554519648985,22.732927095057917,23.791373853372882,0.4
888,9,115,11,19.152587525837923,12.2617302796952,19.152587525837923,15.270386956226716,4.99655246811549,13.637193486675217,15.042429961109098,15.599915826632497,0.8
890,9,121,11,17.925752167658402,8.800292547964727,17.925752167658402,11.836737066195312,9.126092227264374,9.614175616223609,10.36168434741277,13.111645978387712,0.6
891,9,128,11,78.04807634468476,74.31789594270361,78.04807634468476,76.61129836413338,1.6317272603273238,76.07361664627906,76.92235566694364,77.67950288154225,0.0
891,14,198,16,78.04807634468476,50.129844195549055,76.86537745155644,68.79549651745542,83.37643754721861,65.86881065874238,73.30692305863478,75.53989497593079,0.0
891,19,247,21,78.04807634468476,43.427667990796195,72.29595017456595,54.67823965712205,93.12457201832191,47.839228940997366,50.57415794659803,62.210290649018695,0.1
891,24,310,26,78.04807634468476,37.97530299950349,50.129844195549055,44.61838841567817,11.95605052106357,42.908855915359055,43.98699874020278,47.04764111712589,0.6
893,9,114,11,16.797047811798457,8.275525276152727,16.797047811798457,12.028853897160621,5.724193427682258,10.641672602671745,11.43534068374936,13.495617638620711,0.7
894,9,116,11,11.280722776941403,7.28190692018675,11.561030292321039,10.144339812436959,2.0095509060881276,10.043998557514348,10.52976537917041,11.227735453011768,0.9
895,9,122,11,18.821160937234534,15.823160624642995,19.51509428216645,18.200814881882128,1.3295347228472985,17.973136613934035,18.47477872025849,18.821160937234534,0.7
896,9,122,11,10.120938024868197,6.991603260830784,10.120938024868197,8.71736865579187,0.7832779791290935,8.460249961606676,8.971733902465294,9.202983478306324,0.9
897,9,106,11,30.33894671930841,25.937777761736896,34.70877397861997,30.838476248378708,5.0735218405554425,30.23013473994212,30.454702241652193,32.056582489878494,0.2
897,14,139,16,30.33894671930841,20.21545566069061,30.33894671930841,25.847881728054553,15.913641311715887,21.56471745378782,26.669880939541827,29.939039076668017,0.7
899,9,88,11,13.32233772141405,5.484213706794893,13.32233772141405,8.874652768259436,3.246138881700257,8.333087283431393,8.866036396498465,9.02527826752809,0.9
900,9,121,11,20.161062156041943,16.67586375433997,20.161062156041943,18.22422529057058,1.2499856998935388,17.42538309927179,18.06116944480701,19.21079292575714,0.7
901,9,121,11,27.488198385433847,19.536379161982264,27.488198385433847,21.91759277018013,4.732128206599036,20.314429964839288,21.731242904860114,22.08072777668345,0.8
903,9,103,11,17.46309932992679,15.209596450292297,19.905882618565364,17.694484059078498,2.250495178026746,17.125071564772732,17.511857396913886,18.73105791451868,0.9
905,9,89,11,17.021606827725897,14.330703727557385,19.623867998712214,17.427678702635397,3.0480816263827166,16.425009628753628,17.706159142928847,18.62349114600051,0.9
906,9,125,11,125.79023459058259,74.16842792589026,125.79023459058259,109.53127515320402,190.88920768809376,111.29026274185827,113.22293139054715,116.59008218632226,0.1
906,14,164,16,125.79023459058259,70.53053458607552,112.05781062390577,89.31467985000481,265.0658251452366,74.90684774547053,85.1901738649376,107.28526885338914,0.6
907,9,118,11,25.613903122647756,14.946682281588206,25.613903122647756,18.5140579506696,8.867875590438652,17.51160348844951,17.565198161860145,17.949988694010358,0.8
908,9,131,11,25.711911756580456,19.117878439829788,25.711911756580456,21.543485586408874,3.219735972777909,20.756436811583754,21.308751277881946,21.829204868122233,0.8
909,9,112,11,28.387496192205703,15.654424883110368,28.387496192205703,20.5679536714131,14.3437109841045,18.478754284893864,19.853040971882272,21.25272569021803,0.8
911,9,114,11,17.502069413560612,14.852503589541305,17.502069413560612,16.12099580753036,0.3808012065803802,15.909843208876868,16.17199618332835,16.292488352259042,0.9
912,9,81,11,20.283429935028288,4.73276432565355,20.283429935028288,10.481098122700041,14.57965898139193,8.586789828892602,10.345851644129315,10.739984612360285,0.9
913,9,129,11,23.10426812403255,21.660023316424816,24.32406046412574,23.30866781690598,0.5307881329340862,23.10426812403255,23.18993500256463,23.695509631584063,0.7
915,9,96,11,47.023407288363245,22.51360270833857,48.554126309266294,39.357229377323634,63.83947220850041,34.08578645718805,39.79463344262952,46.95354954538191,0.4
915,14,141,16,47.023407288363245,22.51360270833857,37.72301457219124,33.00590584293092,17.807339618520025,33.05447553536278,34.02850509050654,35.48204200267276,0.8
916,9,100,11,52.564245529737775,27.758939373595922,52.564245529737775,35.20887549491369,60.973790312607946,31.07486751336101,31.17688586960322,37.10599469471628,0.7
917,9,137,11,31.607245030468878,23.424791630494205,31.607245030468878,26.72809360111587,8.272994148623237,24.756264231889233,25.190650956862648,28.73187374460877,0.1
917,14,192,16,31.607245030468878,21.78083937923673,25.111189212151245,23.674630827754562,1.3144323070865767,22.88818244091377,23.79945490480024,24.612235030828103,0.6
918,9,93,11,31.882153696125897,23.912788148254748,31.882153696125897,26.847022843620994,4.323546841735131,25.94531798378961,26.19274984815778,26.866156383831555,0.3
919,9,123,11,13.885797504524783,6.942037847714645,13.885797504524783,9.159489354748127,4.0360088164890096,7.656036050740028,8.711903097101601,10.242449008590299,0.8
924,9,115,11,65.01999374291239,53.087843840432,65.01999374291239,60.270844740250574,12.892379654614254,57.953149555741795,60.9370330468611,62.776671963143095,0.6
925,9,122,11,18.98912802659433,14.65897777066477,22.731980819237208,18.16895265209951,4.349768501120668,16.653945256376627,18.359954683163316,18.98912802659433,0.8
926,9,108,11,5.628835133789725,2.7227528068316627,5.628835133789725,4.825193467637455,0.6792820261542346,4.863271875402505,5.099477214627484,5.1764323475328196,0.9
927,9,115,11,25.02783597091518,20.431849192993138,25.387389285266465,23.829834968193158,2.4743054667983766,22.959323573574878,24.342014932947755,25.02783597091518,0.6
928,9,112,11,24.187236765349617,10.63084999015204,24.187236765349617,18.41833688102613,11.166887371782895,17.622007816652335,18.96010853317129,19.817628891153674,0.8
929,9,96,11,49.58146859543086,38.358462227767404,49.58146859543086,42.262223977518566,9.146847318219326,40.44193798465429,42.08322180274484,43.40493318272629,0.7
930,9,108,11,23.089104188291415,15.425928422019227,23.089104188291415,20.90488887448054,5.3376897572904465,19.84116112648183,21.479315442891668,22.857896935470947,0.8
931,9,103,11,31.8592701055757,11.595417590869548,31.8592701055757,20.87430599243597,33.50166679361652,16.35115348008784,22.54415319693053,23.79482605579095,0.9
932,9,109,11,15.885397965926003,7.83409456545882,15.885397965926003,11.56674660560438,4.3865505956899415,10.045105612265676,11.893363956582256,12.558404412641371,0.9
934,9,99,11,22.562245719109846,13.346805245221638,22.562245719109846,16.875392682628306,6.352941454429397,15.13539422645334,16.242991263804306,18.371626385841218,0.7
935,9,86,11,19.07192638867105,5.483275552769445,19.07192638867105,12.293007399843484,12.920558561498359,10.074544522020856,12.357547120831534,14.533521864848773,0.9
936,9,113,11,24.565060549124347,19.174917606798893,24.565060549124347,20.965210951349317,2.5607458487499493,19.536540520347074,21.043806891612984,21.78780890881971,0.9
937,9,125,11,49.804815188797015,43.98130091549725,49.804815188797015,47.30394592611975,3.5021619902752357,46.86724063190878,47.420862490196455,48.29252331938127,0.4
938,9,104,11,16.071772451547872,11.109957662022051,16.071772451547872,13.769393427825246,2.8483124433299176,12.434467398382566,14.290934486562854,15.187789435847332,0.9
941,9,121,11,15.632111188703533,15.632111188703533,19.378824138479295,18.274186081889674,1.9506142287694481,17.966613940921683,18.952411252971253,19.20991257348142,0.7
942,9,113,11,14.570857412012385,10.457562442630035,14.570857412012385,12.60661268896363,2.3891738757151844,10.9532255833507,12.96144552855447,14.057112183800513,0.7
943,9,126,11,12.777270924508024,12.777270924508024,22.866375682630043,18.636100992136257,11.77730871855845,16.87813235835106,19.40345379919171,20.859828340665377,0.7
945,9,130,11,53.95491242628945,47.78977561591566,53.95491242628945,50.34575109756936,3.5189249240652303,48.72205935074218,50.1873226587458,51.762271034674825,0.0
946,9,114,11,21.172995336148272,14.371334077041068,21.172995336148272,17.233826986480626,3.163128840328536,16.358266034681623,17.41357934168848,17.89003844049552,0.7
948,9,121,11,78.58932857550752,68.26090070671798,78.58932857550752,70.9704046807253,7.688994251838776,69.62507579042592,69.8883971456087,71.18974378774388,0.0
948,14,173,16,78.58932857550752,56.20504401165003,69.73424104643223,65.83729548186707,17.690263138337063,64.16094221743624,66.65783234053164,69.57322657003935,0.3
948,19,226,21,78.58932857550752,56.20504401165003,65.0547639743453,61.415908206479216,8.656218368058672,59.398078443341504,61.57786277865041,64.103825795218,0.8
950,9,127,11,10.466451889603444,10.466451889603444,11.854256602638001,11.279210124386163,0.2812209020371857,10.802645714862548,11.38516014358467,11.756305942302216,0.3
950,14,165,16,10.466451889603444,4.119661844215429,11.319893006357201,9.832910924646658,4.081012535987281,9.803526000065753,10.466451889603444,11.0616038167416,0.8
953,9,117,11,22.543437797759225,18.984437114555462,22.543437797759225,20.99142383907239,1.5050911317241098,20.033498972167898,21.504445147152687,21.812888031018957,0.5
954,9,100,11,21.569719219686906,8.38331399607206,21.569719219686906,17.102341915087397,16.61413719331181,15.462713968028893,18.00383676367352,20.447731372387278,0.9
955,9,114,11,20.507421394313113,13.271957604673588,20.507421394313113,16.266218402278163,3.6858452494705447,14.816102228715417,16.34706735516697,16.862780404245946,0.9
958,9,133,11,28.069666328328907,22.918555393976508,29.411196747554794,26.452477533655838,5.13977125905405,24.624379817880858,27.111042628642934,28.270473649234624,0.3
958,14,202,16,28.069666328328907,20.619255099163624,26.152418928956962,23.69486440702997,2.236991179120428,23.057278679189796,23.47231150201724,24.11087761426751,0.8
959,9,102,11,10.266651323869596,8.785744081973242,12.154586622393422,10.59195843304761,1.234615949315068,9.547989173035639,10.781307237823851,11.535051821734536,0.8
962,9,123,11,26.419362477976563,19.901930319603714,26.419362477976563,21.6840636332092,3.171656153688272,20.485487031356374,21.34623668666394,22.172196019549656,0.9
963,9,114,11,18.56273807900845,14.882923543558249,18.56273807900845,17.007308838609454,1.3780741753009291,16.08273815253801,17.415102747636265,17.865275493579126,0.8
964,9,117,11,47.57754792387155,25.09660918513696,47.57754792387155,38.88484007188,35.316454055215715,36.45273390478398,40.57224962548592,42.32034252037614,0.6
965,9,100,11,10.73331806229192,5.643890816184036,10.73331806229192,9.455320249235942,2.260615494302566,9.058958109339692,10.09506328834027,10.425643927532722,0.8
967,9,126,11,31.473219271884727,18.329181721802048,31.473219271884727,22.558670739672564,18.24256061178296,18.865368182154473,21.010043201727463,25.909093847955262,0.5
967,14,180,16,31.473219271884727,18.329181721802048,21.021515720231307,19.778463051234418,0.9969142983154169,18.865368182154473,20.00493749304308,20.730754510823168,0.7
968,9,136,11,86.13333461950816,75.23301936842049,86.13333461950816,78.35479545891678,13.762870872086259,75.90581050998443,76.7156027866341,78.17567593060784,0.0
969,9,117,11,32.97233316629732,13.640953462350469,32.97233316629732,20.094895510196938,32.46253261190549,16.911683935011258,18.28019189101871,19.625140317811457,0.6
969,14,166,16,32.97233316629732,13.640953462350469,18.936685868718953,16.98876735632846,2.0405397600335893,16.414102333984452,16.974402072098997,17.706858895174204,0.9
970,9,120,11,21.726182400865117,20.442522300140848,22.894471590528568,21.73466680508818,0.6422699858597403,21.234886664016674,21.726182400865117,22.28672430642265,0.9
971,9,118,11,5.036770521450966,3.649257879562214,5.036770521450966,4.586857326742159,0.187277542474707,4.468511978296298,4.666574435113217,4.950965017451942,0.6
972,9,90,11,16.23847763624208,15.479185067879467,22.33584012092291,19.215944656331935,7.359591382534272,16.23847763624208,20.461752893836685,21.514198545726412,0.9
973,9,124,11,11.626082509695255,8.579238815356666,11.626082509695255,9.736278469474668,0.7728113004590788,8.972825981358788,9.798500645505728,10.19725493556183,0.6
974,9,130,11,13.706282744171286,11.198247307113931,13.706282744171286,12.54092012745711,0.6573017793732847,12.000504033380853,12.332757188664342,13.300957753022193,0.7
975,9,129,11,17.46617600038384,14.457732367982494,17.46617600038384,16.219391826858597,1.3081884232452234,15.247859150035156,16.690242897612404,17.234299350468866,1.0
976,9,123,11,12.500023564041213,12.500023564041213,15.432080430458806,13.83506094358359,1.0049102522519626,12.861884419757235,14.200031495685995,14.313326111982942,0.7
977,9,124,11,6.5001769620783385,5.018085251240352,9.003675538962597,7.441989939839262,1.274425112058284,6.745082724992862,7.5100189522474565,8.224755696606257,0.8
978,9,110,11,35.972889499901385,22.642077925974228,35.972889499901385,31.19662591863467,14.691991175647562,30.46500310481541,32.28563753417029,33.1520959082884,0.7
979,9,127,11,20.31489437685928,13.288689110802835,20.31489437685928,16.433439540648205,4.783035640998165,14.174728934265719,17.30198388129485,17.765701804182285,0.7
980,9,108,11,8.441230112314692,8.441230112314692,9.706620707139953,9.070698952847614,0.20605130987908765,8.673167990747597,9.022483682988806,9.46521333116645,0.9
981,9,134,11,31.59792583020846,25.834972703198645,31.59792583020846,28.39966792236126,3.2947202030437204,26.740305270356934,28.914204007424573,29.594573084636135,0.5
982,9,121,11,27.614595681326094,13.757125058970171,27.614595681326094,18.327939515678715,16.826363964557352,16.404964535814944,17.361185182866578,17.70775190185055,0.8
983,9,94,11,27.82775798443994,14.188742768789043,27.82775798443994,20.670429755663655,10.325300639994634,20.10593258900382,20.962844845425696,21.35221824035817,0.9
984,9,128,11,19.102376909613334,15.735840871130684,19.102376909613334,17.191304296772085,0.8586356185757358,16.56204633198327,17.347713321107193,17.676171643423594,0.9
986,9,127,11,20.892088122717528,11.951449983630399,20.892088122717528,15.28809590253393,7.584130150723569,13.75303403422987,14.488135907854309,16.084271878157296,0.8
989,9,103,11,22.21628637181712,6.45359492602279,22.21628637181712,11.883069744894282,19.88951669076365,9.43436768180646,10.000246081150593,12.633418160654589,0.6
989,14,157,16,22.21628637181712,6.45359492602279,11.26511356876379,9.724892084460736,1.7868313165909147,9.43436768180646,10.000246081150593,10.622806869893903,1.0
990,9,113,11,35.08495369147654,26.319754973457954,35.08495369147654,32.02541780471917,6.614895082402535,31.74864432549564,32.207959936760545,34.03295797634581,0.9
991,9,139,11,17.353280135388346,9.787758776387706,17.353280135388346,12.312513989230897,4.930107741654224,11.258151122566968,11.74303747902621,12.440511649946057,0.7
992,9,104,11,12.783775358229981,11.65094939799544,14.045044176057289,12.930608176235031,0.410105315688697,12.754328998793113,12.806097615669065,13.178496786274303,0.9
993,9,110,11,10.797755335613392,5.819531182894599,10.797755335613392,7.541093768821709,1.7160226886978287,7.006513265675439,7.271188290596951,7.877731955284896,0.7
994,9,118,11,16.851611120420767,5.226974270740362,16.851611120420767,14.106765264340988,10.245238718735369,13.908827600791373,15.187612764735183,15.57887348355193,0.8
996,9,124,11,16.952095768877577,7.54114579239351,16.952095768877577,9.413331928343492,7.490324495507298,7.742160774168219,8.547774097587602,9.048123923938848,0.8
997,9,137,11,91.87454136964494,20.114478872846853,91.87454136964494,62.430298390328474,558.4623344935408,44.067247212926716,72.8558177670577,80.31179339003545,0.1
997,14,188,16,91.87454136964494,20.114478872846853,70.19160416526192,33.85619563652679,246.03816221417947,24.425590539972454,25.513333697043322,37.35906601262521,0.6
999,9,113,11,7.050042558882579,3.6045522585573755,7.050042558882579,5.036504631279331,0.8468832883708044,4.347785649340505,5.1063669913360625,5.473618060510421,0.9
1000,9,130,11,20.442384221906288,16.53856243025028,21.412349559638713,19.44464781856335,2.65645400318681,17.963844928684374,20.19616332476751,20.442384221906288,0.7
1001,9,138,11,5.388527597619323,5.388527597619323,6.950572733828162,6.342557556533372,0.26690141747276364,6.26225702629287,6.506536004207803,6.692872128352903,0.8
1002,9,126,11,18.405536837995108,7.040015478201927,18.405536837995108,11.935880350087967,15.145339097487968,8.11271082618229,12.360638873203872,13.131337878459824,0.8
1006,9,116,11,17.042260441196152,6.218254282961336,17.042260441196152,12.057145551345913,9.043289125127929,10.584832844416763,11.88332143307498,13.0230642429164,0.8
1008,9,82,11,14.559153971063633,8.927858686247557,14.559153971063633,11.582572868716246,3.0246839587034273,9.994652000344567,11.934548318726382,12.92928490832877,0.9
1009,9,104,11,13.026758972980163,12.189388721645116,15.257285526457323,12.977250275427744,0.7281326134329928,12.379504244648581,12.803821567771552,13.026758972980163,0.6
1010,9,118,11,20.738516222975665,13.635648010157036,20.738516222975665,16.37033915298452,3.5204585538836355,15.328961953945708,16.1930488550705,17.310841903603865,0.6
1015,9,109,11,32.68746058914485,14.069696210819876,32.68746058914485,26.956974029544703,23.107687113989968,26.073252561872977,27.707105272141163,29.415382787471025,0.8
1016,9,76,11,14.13431759136251,5.040768939934722,14.13431759136251,9.361699337126105,7.621437656084311,6.862675828940043,10.07939273756771,11.185689921589606,0.9
1017,9,133,11,16.351742103522703,10.452241755556056,16.351742103522703,12.786996202721381,2.873427246455423,11.871396014333872,12.295448349227431,13.45943145733727,0.6
1018,9,131,11,46.55055958852506,26.88140056117409,47.11212828479677,36.28136255354237,56.79517469625112,30.721865938818198,32.76836729381773,44.76010581129913,0.6
1019,9,117,11,46.60413836187628,33.26943575907438,46.60413836187628,38.13737749958604,19.59659541343033,35.5112888864599,36.84241562244028,38.276671475243255,0.3
1019,14,162,16,46.60413836187628,33.26943575907438,36.883707488397334,35.25066305092921,1.7680037716903159,34.14505297725057,35.232934523120136,36.62422243067525,0.6
1021,9,130,11,25.12999715228537,23.0802779729602,26.508482486672825,24.95599506125654,1.199556156075519,24.144599483994575,24.855564428346263,26.033423007961026,0.4
1021,14,190,16,25.12999715228537,19.371211880108902,24.58113170440716,22.80826871154751,3.057934720352172,21.425237593048944,23.596479453235887,24.173988249619637,0.8
1023,9,136,11,29.04133932341906,26.452550306136175,29.04133932341906,27.98123172819628,0.8906394039284713,27.215760813644607,27.90336939890468,28.97215836039878,0.2
1024,9,125,11,12.852964732692332,6.222806923868609,12.852964732692332,11.001761352016159,3.547659438406188,10.309400686161817,11.538155091964153,12.36287248329801,0.9
1025,9,110,11,48.898039692581904,27.501422280178335,48.898039692581904,43.27043019588158,49.55685419165216,42.61662113248906,47.317670566419295,47.813933523037164,1.0
1026,9,130,11,45.06005589008015,29.927875323955597,45.06005589008015,35.73803164591635,13.711904908250343,33.972343122804475,35.42903653210746,36.39535329020079,0.7
1027,9,102,11,21.044521115619542,17.142545331659086,22.54336007956696,20.44603158895391,2.517398119237291,20.04522117493747,20.84702058117338,21.044521115619542,0.8
1029,9,100,11,15.18519027223884,7.643275626349774,15.18519027223884,11.969951428767722,3.9567433252930067,11.500760997473295,11.833194758985066,13.286409000289286,0.9
1032,9,101,11,12.828419433900091,12.828419433900091,18.06809676557146,16.17208589247104,4.419539972104181,14.274563729297837,17.473678919662238,17.89927701466079,0.9
1033,9,117,11,24.54740575717568,15.014779083064878,24.54740575717568,20.72839585714701,7.058489586038173,20.268585858026384,20.90751308007315,21.424614477871867,0.8
1034,9,99,11,11.396985571105393,5.033387081540994,11.396985571105393,8.366435883495042,2.8839165666153734,7.494805780823844,8.93049582037093,9.22207604738253,0.9
1035,9,134,11,38.60550571479985,32.70694355894061,38.60550571479985,35.09874047233731,1.9748522510449,34.74799316212286,35.0931334089655,35.33089154160204,0.4
1036,9,103,11,12.148912510413773,7.844844527309394,12.148912510413773,10.224274100491307,1.3799614553414097,9.908627853791685,10.250573249592794,11.02831251690257,0.7
1037,9,111,11,45.94307011305682,27.854334439502725,45.94307011305682,32.782815786020834,24.025514091221023,29.511777547743545,32.118855718946264,33.02897092874851,0.9
1038,9,112,11,4.9730875278593665,4.9730875278593665,6.485752023878988,5.712716917761062,0.2705968578570902,5.189115987367979,5.851526579809003,6.006351662507894,0.8
1041,9,91,11,12.84732061366218,4.974010094186404,12.84732061366218,7.48636541886885,4.194366750634002,6.038816077063226,7.4733028030012285,7.951853412209927,0.9
1042,9,135,11,52.0021385810872,31.9220607068754,52.0021385810872,40.364500185937025,42.14995362940739,34.31664753938212,40.03577104224268,45.57780542582196,0.4
1042,14,187,16,52.0021385810872,31.2167321035052,39.77745496289164,35.17760106482767,6.035687660906066,33.924306227318226,35.06541365819842,36.77655908151043,0.6
1043,9,108,11,32.10486802635744,23.4745254390225,40.295502492856386,33.80870494364872,24.017927546691713,32.10486802635744,33.981946060514915,37.87106197739638,0.8
1045,9,127,11,11.449135434226232,9.28841260881663,11.551972828644079,10.954681008890635,0.4824696658852231,10.901000164258171,11.207374579827064,11.449135434226232,0.5
1046,9,126,11,13.395632979245622,11.145821363395674,13.395632979245622,12.478302734571335,0.41181069164813044,12.379646787005141,12.544199025160516,12.805825213486079,0.6
1047,9,129,11,15.828235684441937,11.999523589445207,16.10273012694725,14.888875471771609,1.5288897307020215,14.747574514555481,15.14619801594882,15.828235684441937,0.8
1049,9,128,11,15.418101006741185,5.705605411790762,16.53460959604476,11.73525870851655,9.623551699099664,10.344052144030703,11.31474051370136,14.45164565057275,0.7
1050,9,114,11,11.15243370373857,6.2669432714891435,11.15243370373857,9.608512078584582,1.7735935211318004,9.262402951496743,9.957200998464067,10.537108704546869,0.8
1051,9,130,11,13.700823235360506,10.218070437569637,13.700823235360506,11.755745183519632,0.6759496783186063,11.443272205033363,11.719423788274689,11.923526033850681,0.9
1052,9,92,11,8.375055773195006,7.6654055387752695,10.722814075665868,8.923306370365285,0.81840012815478,8.375055773195006,8.50359095673899,9.619269582744348,0.9
1053,9,119,11,9.659885249636385,6.0109962231883864,9.659885249636385,8.356626641613687,1.2822897605878225,7.500131340030479,8.727905797922304,9.207559244926037,0.9
1055,9,125,11,12.621131286431122,12.546005937377515,14.07958573175706,13.298529108226035,0.2734591391601494,12.780385376020524,13.336102362593795,13.750800599731122,0.8
1057,9,132,11,27.981654392787007,23.55907821275026,27.981654392787007,26.0677641952692,2.124734371579853,24.895518085443317,26.315010690755017,27.002492310986394,0.8
1058,9,135,11,31.415211044674813,26.530028059435715,33.71129716139018,31.369224045876695,4.205893937060634,30.780424367081327,31.538924921708578,33.038959561911845,0.2
1059,9,140,11,13.58226927298395,13.58226927298395,19.423407362967666,16.908450068353467,3.5384914835062773,16.523199743196486,17.253465137314727,18.24387281565556,0.6
1062,9,131,11,29.787990241640305,27.389758698138873,30.05547205095317,29.176036318404407,0.9785212130808862,28.54717519765257,29.71736359832245,29.86491049440538,0.7
1063,9,113,11,20.29207268720818,16.589311961758227,20.29207268720818,18.896786158207817,1.0201046541206573,18.367351334060263,19.02336054483125,19.578566258436517,0.9
1064,9,93,11,9.516247834133196,1.7789772802346406,9.516247834133196,5.356084636762465,6.481287708956134,3.152041375438688,5.263544759113978,6.872726093229416,0.7
1065,9,137,11,20.836109976557047,14.11212685321517,20.836109976557047,15.89296801459841,3.3397826459134015,14.681057917327248,15.602299728027187,16.153818536890206,0.5
1065,14,196,16,20.836109976557047,9.253902779860386,15.994325857692129,14.37450886456308,3.408711716387046,14.175863859249803,14.811357791508744,15.431369300910037,0.8
1066,9,114,11,24.551956868427617,19.584437271390186,24.551956868427617,21.932060258476863,2.5758738855744427,20.542545550819376,21.905820892331256,23.04889707976921,0.7
1067,9,90,11,18.517355665717112,10.708220174345666,18.517355665717112,12.873456817656455,4.762606774179989,11.156505612162839,12.600530934860991,13.550377295913528,0.9
1069,9,124,11,29.082829925090042,10.618453963509346,29.082829925090042,18.084587231240953,23.192229794036667,15.61355617649075,17.13922310480988,19.779230875869622,0.7
1070,9,114,11,55.52939698692586,46.61536458203055,55.52939698692586,51.05429093812615,8.271141204977368,48.535787824650846,51.12638271461578,52.44167355905151,0.3
1072,9,134,11,14.61948534157499,10.524275615577016,15.138839505240897,12.976669386408242,2.53481004175642,11.702741567299356,13.125452025100058,14.497901312379675,0.6
1075,9,105,11,39.68942824190724,24.4390311390491,39.68942824190724,33.37849374162804,14.759237175690293,32.96378019302131,33.77246521402331,35.35409961787701,0.8
1077,9,123,11,36.368119758434354,24.815763100228462,36.368119758434354,30.493311570334107,13.755728738845018,27.980387973803026,30.607304867668546,31.989722909123632,0.6
1080,9,139,11,31.54400743922776,21.27109664835156,31.54400743922776,27.715816646294638,11.228755248695471,25.230877717248745,27.85178130079119,30.848736410787634,0.1
1080,14,198,16,31.54400743922776,19.399908392034597,26.073803531022612,23.129286674315033,4.5060085355318105,21.51759416214972,22.626644625522736,25.053549787710207,0.6
1083,9,123,11,13.283399408387162,8.938039730866226,13.283399408387162,10.732911042658783,1.6390108413343616,9.985333211896712,10.592464992873271,11.453772275136899,0.8
1085,9,111,11,36.52865857419983,29.856702608917043,36.52865857419983,34.23765107905699,3.3486312956450712,33.317251841783175,34.39663321675141,35.67345704612964,0.9
1086,9,92,11,50.03484753815606,43.69765475734664,59.11758644506709,50.11647397405439,15.493089109195477,48.309504609534606,50.03484753815606,50.87409561722025,0.6
1088,9,129,11,14.827313240552737,14.17653275279365,15.339854482001051,14.913793801246396,0.13584315201694647,14.681442362937037,14.99686342259469,15.22046972325729,0.9
1089,9,66,11,9.134656009886708,3.212549041058953,9.134656009886708,6.592302988529935,2.7817570245037815,5.430907413036019,6.864590614918644,7.937658524824295,0.9
1091,9,106,11,20.533503422459745,16.381622946064912,22.281707812672423,19.091373227653236,3.7786851575542775,17.55594444222314,19.292088231983584,20.533503422459745,0.5
1093,9,129,11,36.427806186023176,24.732227005031937,37.26959022774902,33.51643197984297,19.486720786328526,30.898021339875598,36.03000543591714,36.427806186023176,0.0
1093,14,185,16,36.427806186023176,15.613257314723759,35.767060404419226,24.00613870390655,51.590822924932105,17.895802460400986,22.445621967321113,28.838832479020663,0.5
1093,19,233,21,36.427806186023176,15.613257314723759,22.90597561296702,19.414449307509948,4.911477668647736,17.895802460400986,20.226898621121535,20.61883601142123,1.0
1094,9,124,11,18.779178236490136,11.47769370703968,20.98620602886303,16.541650918257574,6.511476791808681,14.952391946985943,16.52516030962459,18.505602724383085,0.7
1095,9,99,11,15.637493718065311,15.637493718065311,22.589635111742787,19.52427258081035,6.441286400156879,17.115486580781784,20.367259037178176,21.467597632662788,0.8
1096,9,118,11,17.09108808994019,5.007566289338997,17.09108808994019,7.795907694223646,13.504943441350274,5.518208433561108,6.160922673526294,7.589231078016271,0.7
1097,9,113,11,19.374887524741943,9.302345496239834,19.374887524741943,13.266843811259793,7.335569470713059,11.231641754463705,13.107781782419497,14.603402861740886,0.9
1098,9,120,11,46.59952452967926,20.962261136701265,46.59952452967926,33.77106121162868,40.66251061463268,30.298397578663078,35.18379182938648,35.861300252170174,0.9
1099,9,118,11,11.692133836372886,5.639738228257788,11.692133836372886,7.494006746474551,2.7113275264433776,6.378953942331367,7.295332491440504,7.988373514814473,0.9
1100,9,94,11,23.129027950209583,4.18416007235103,23.129027950209583,12.380561740856558,24.281565204238944,9.693414364989762,11.374217959193086,14.275729148012694,0.7
1101,9,117,11,22.2130420421275,13.6344794877798,22.2130420421275,19.123294632535114,5.4878336070320355,18.91694783530374,19.313695070454358,20.21207276675848,0.7
1103,9,96,11,31.158062172153098,18.918400590412865,31.158062172153098,25.92108722525837,9.609798486069975,25.416939574297636,26.595693982282192,27.22485581032845,0.6
1104,9,109,11,41.35906231626184,41.35906231626184,55.56952138131692,51.02738142777224,30.201539636979597,47.781811977923326,54.119862791402376,54.804592154158065,0.5
1105,9,96,11,11.737316588034822,6.041445603315199,11.737316588034822,9.370317597468556,2.419482482576268,9.036693473152656,9.619177299962661,10.130242118010052,0.8
1106,9,117,11,19.41001184285645,9.468235466334928,19.41001184285645,13.742591408547451,5.204598891973914,13.181430288767874,13.429911739756642,14.0238559796947,0.9
1107,9,101,11,41.05508551019446,29.94099208203096,44.247874443228284,41.480645602625856,16.113717487844156,41.19858429823566,42.69151850509997,43.80315596935633,0.9
1108,9,92,11,4.726120824478986,4.539515766870705,7.428143420701193,5.8069774467232715,1.0314449666598189,4.781172722106975,5.741360990732298,6.738558409668847,0.9
1109,9,102,11,40.041999795859724,17.79058790784552,40.041999795859724,25.539769215061437,30.31697332228422,22.944144117510135,24.570865134630026,25.917604768856737,0.7
1110,9,90,11,30.81854770354609,7.3752404283333615,30.81854770354609,15.331220629887975,66.69187296677606,9.822337684061651,11.392426197762658,20.184110369579265,0.7
1111,9,104,11,23.932487542418915,5.987020151305547,23.932487542418915,17.42973588527167,30.29309744769599,14.393713188001007,16.34152201401823,22.994455529723787,0.6
1112,9,106,11,26.694793736324613,16.510157344454633,26.694793736324613,19.637288629342727,7.94118665716789,17.60966160471908,19.297439334356373,20.27071543713899,0.8
1113,9,119,11,30.40865890558924,24.509911879280835,30.40865890558924,27.02235958772955,2.25983396928174,26.35953899104111,27.206167187137694,27.494810331078593,0.8
1114,9,112,11,52.310465671696264,37.29047297503905,52.310465671696264,42.814797718281746,16.556457689793266,40.475763630408835,41.773525701463484,43.73194955652797,0.7
1116,9,111,11,36.947067075689795,14.22988010864908,36.947067075689795,25.5489674322828,47.896674154534466,20.448808486996903,26.695578985619882,28.754340733452327,0.7
1117,9,109,11,30.767397371946494,30.767397371946494,40.96907410743532,36.948571134636005,15.85402662860108,33.76475660933856,38.94834361289302,40.280930965065,0.9
1118,9,110,11,25.745651700658,16.064759789148404,25.745651700658,21.65857617018031,8.032046931683517,21.243445105020673,22.263875723765537,23.30450256886794,0.3
1118,14,154,16,25.745651700658,16.064759789148404,22.15844706969721,19.896667620712755,3.979972474311211,18.764240792741912,20.59775483877288,21.4248945145237,0.8
1123,9,125,11,22.03008209672596,17.375794680767417,22.03008209672596,19.979208902590432,2.0095545224227096,19.040369849096713,20.13445702988691,21.0203698262667,0.6
1124,9,118,11,23.37319579759022,18.283384381293867,23.409428141288657,21.8897848616524,2.879658555430893,20.98633736983755,22.31156568438211,23.37319579759022,0.7
1125,9,129,11,25.615471705252066,20.6822304778861,25.615471705252066,23.070502733812532,2.4670990299510467,22.271046254851605,22.932926450518796,23.723356964845788,0.8
1126,9,98,11,15.785774419804282,8.809627138147203,15.785774419804282,11.295067874853867,3.079035456039659,10.71895017458723,11.019807696799889,11.533790736244773,0.8
1127,9,111,11,16.69943848605166,16.69943848605166,20.952603030959075,19.41108028876021,2.1476109719076932,19.044044336413464,20.013079348188448,20.414963667706655,0.8
1128,9,80,11,4.947743335822186,3.690749739099404,6.022037769267346,4.7948774193340835,0.4532228002096733,4.395590182921452,4.857024208654861,4.947743335822186,0.9
1129,9,132,11,15.904575838971592,13.38183815740565,15.904575838971592,14.498524193477033,0.43206307753162027,14.140684928379034,14.508789446798653,14.815779083374633,0.5
1131,9,94,11,16.5992920841421,9.79756996444868,20.119799880211808,16.875549243434165,8.365512148635798,16.5992920841421,16.76021529485523,19.199723174602024,0.8
1132,9,106,11,4.274940420884331,4.274940420884331,6.200815033502518,5.358594393959683,0.39014401083576905,5.178723557342665,5.4361092913830165,5.70169174642556,0.9
1133,9,122,11,13.898915927662486,8.404706037132923,13.898915927662486,10.915709404058347,3.038956065174607,9.205824861108288,11.622552878648637,12.023279692326957,0.9
1134,9,91,11,11.650334282553764,10.901161253616863,14.190895974433698,12.239775419625186,0.9357661428980831,11.650334282553764,12.061276468590691,12.780576554985306,0.8
1135,9,131,11,25.422699750947302,20.470481198342267,25.422699750947302,23.195659354803016,1.990905431368231,22.543495533063574,23.34324567246287,24.194164565464895,0.9
1138,9,116,11,25.931734797497707,23.469589488757308,25.931734797497707,24.41386336150443,0.5312900706566487,23.855610351751928,24.410335614285163,24.595229866175334,0.8
1139,9,116,11,6.879508142982022,4.471095738712332,7.543037042535391,6.438212966524385,0.9511550210345641,5.780972619497268,6.879508142982022,7.089915423749288,0.7
1141,9,99,11,41.24621414165949,25.391972818401,41.24621414165949,30.922613375577225,18.918676243838682,29.091350093091986,30.08941985680333,30.99036951059014,0.8
1142,9,103,11,16.571533882386298,12.232049024177982,16.571533882386298,14.104464320905095,2.0687768249915357,12.906532013419582,13.853948289256643,15.191272507001438,0.9
1147,9,75,11,47.86805041903674,34.3246440846247,47.86805041903674,41.467576976410285,17.32639950480656,39.73066523942349,41.16766626846993,44.93370967460747,0.9
1148,9,112,11,32.15215722627356,25.902976213152506,32.92976568227756,30.889090653869935,5.694487346011041,29.726563121959135,32.15215722627356,32.64850102157197,0.8
1149,9,98,11,25.230927665284348,15.765721441671865,25.230927665284348,19.342955019287036,5.7648600586648335,18.51713652314623,19.102622683222897,20.007171231300056,0.8
1150,9,115,11,12.145928888057467,9.946774814327789,12.145928888057467,11.010624184848577,0.5320259922285449,10.32107707238776,11.189742966474432,11.568651194185309,0.9
1152,9,113,11,19.886475722439723,12.150419824465178,19.886475722439723,14.79321291255495,4.788042741031554,13.035825586405231,14.374526178936458,16.01723716498956,0.9
1154,9,115,11,14.972303963766816,2.7568935121263687,14.972303963766816,12.317307659538283,11.01306979917852,12.559262278880055,13.358939197937538,13.982080698729035,0.9
1155,9,99,11,32.02108375099185,19.976086204058113,32.02108375099185,27.476024395986695,9.167680987564427,26.893705985058624,28.05049573356876,28.309957084478825,0.9
1156,9,121,11,30.14668262738649,18.233434296083036,30.14668262738649,26.326704364688577,11.139151624875408,25.022669106775112,27.07703281070839,28.228431953128283,0.8
1157,9,140,11,26.772473312316375,20.01178092714676,26.772473312316375,22.33094453568849,3.3071596075586074,21.381546627613027,21.77586419450676,23.04196185927696,0.3
1158,9,97,11,26.53427270830444,21.32289222784349,27.08884420013638,25.599006233914174,2.894919915267167,24.826533359626108,26.46476100912986,26.621100765039976,0.8
1159,9,120,11,22.085983456842083,15.492211282366956,22.085983456842083,17.854202993542934,3.8039452996338183,16.402349666870983,17.572126861889608,19.011361917350612,0.8
1160,9,118,11,17.73325726728183,11.023129481272731,17.73325726728183,14.940284714505845,4.290007184955547,13.68313766510358,15.077016794272879,16.630903206576342,0.9
1161,9,131,11,24.432880483927153,21.326843938340758,27.97024279602625,25.509001755497888,3.640745938199241,24.534129805751597,25.425121846059277,27.09928173226777,0.7
1162,9,107,11,15.480584774556664,6.753094922858914,15.480584774556664,11.0441184139803,5.2711187958602554,10.039569471459597,10.538254574449596,12.582525998558244,0.9
1163,9,122,11,44.193173033208836,33.21737866909848,44.193173033208836,37.40480069601426,8.856670536918609,36.36997792148301,36.67798637187251,36.91418022576612,0.2
1163,14,164,16,44.193173033208836,9.50989607430666,36.817332829170354,32.50063438497693,62.272487662122366,33.67351863946219,35.43567956978286,36.37147715553722,0.6
1164,9,106,11,11.130149904072294,7.5431605051386,11.130149904072294,9.396686052659911,1.2318247523602006,8.863852494715617,9.580653776764365,10.04185715695698,0.9
1165,9,138,11,45.43692493663481,31.454148999336102,45.43692493663481,39.55306967537129,24.862674348808376,34.95788601816328,41.946775283814766,43.80553378968435,0.2
1165,14,196,16,45.43692493663481,31.454148999336102,41.677355860172156,35.86856509093902,6.483576168612991,34.95788601816328,36.05055840028527,36.69259179600247,0.2
1165,19,249,21,45.43692493663481,31.454148999336102,35.58694428195297,33.626304351169296,1.4724847883152683,32.96502945203439,33.248135914467056,34.640904136352546,0.6
1166,9,130,11,27.09533365454737,21.386298482553315,27.09533365454737,24.55442018949332,3.280699228678009,23.668482441363437,24.872819320868906,25.96142752890798,0.7
1167,9,139,11,20.484445162029402,18.2505352287436,23.456794597271116,21.21159960582533,1.8764920630067128,20.532299896647913,21.09028173576468,21.926867690565725,0.7
1168,9,135,11,48.01219553784918,22.850072845140282,48.01219553784918,34.91505722137488,69.12089342082763,26.79924599916112,36.32015403747121,41.50759330071067,0.4
1168,14,177,16,48.01219553784918,22.850072845140282,35.862314707504765,28.42876866317373,10.704288552735914,26.79924599916112,28.299969050794083,29.375270834387432,0.9
1169,9,98,11,4.551341942029806,4.551341942029806,6.80756645212325,6.072470777222814,0.608287124563886,6.201334223760175,6.363322064098257,6.518420017058325,0.9
1170,9,98,11,22.782130479164906,6.944313682801315,22.782130479164906,11.628801226242544,20.35577686434922,9.157385552815043,10.618069986678021,10.862898465334528,0.8
1171,9,145,11,35.9501286333388,35.89905603887567,37.15637248899512,36.457735011590046,0.2150928899205072,35.96661845178589,36.477395222569626,36.79959814138837,0.0
1176,9,106,11,28.567321975132348,5.589112051246568,28.567321975132348,17.70473137489686,44.99053426968239,14.098854940900338,20.435033499273356,21.63890552055124,0.8
1177,9,112,11,11.90925018246136,7.572364498755277,12.586728185249466,11.20928241950337,2.1841963957984407,11.188465646061761,11.670664986298767,12.10569764122136,0.9
1181,9,131,11,23.62094664090549,23.62094664090549,28.53102700339477,26.678854919419386,2.9640827374442855,26.08008906546538,27.03199602964232,28.083730007858065,0.5
1182,9,106,11,9.358077990720894,4.531703292989742,9.563629681140696,7.755438911184923,2.197994846253997,7.1170090301744775,7.880884509245034,9.078585467259304,0.7
1183,9,88,11,37.607904476241465,25.87863109893273,37.607904476241465,29.68087041061226,10.608660630606328,27.292956717627177,29.665967052435136,30.387492963474898,0.7
1185,9,121,11,26.52807457033195,19.292364929629663,26.52807457033195,24.66402365562396,4.799043967561938,24.364133466365125,25.534994783588125,26.222153628275926,0.4
1186,9,92,11,15.492841174252032,7.893917948983717,15.492841174252032,11.774074732595173,3.599009162329319,11.299942482351225,11.738562242977734,12.71785485310085,0.9
1187,9,140,11,16.764137544480363,14.289227990425609,16.764137544480363,15.522378328679627,0.772398356816695,14.819212631197253,15.375817871592922,16.368593650968897,0.7
1190,9,136,11,24.1901433407051,20.71266517831753,24.1901433407051,21.970927471320156,0.9482008565035832,21.501611787270576,21.77794017482966,22.427840108368443,0.8
1191,9,100,11,14.102652776988961,6.014240669201975,14.102652776988961,8.973134756452543,4.56156436835685,7.600784143480291,8.728019762511124,9.868281253499045,0.9
1192,9,122,11,17.535993511257473,9.959738628614009,24.171410942861343,19.850692579591037,14.964661250836931,18.296800841438436,20.764721067886214,22.418981055680653,0.8
1193,9,139,11,29.37078169880789,16.267836106531803,31.82230041856525,26.12252161891244,28.912021624492212,21.061138717923257,28.547344558711085,30.82822125243903,0.4
1193,14,185,16,29.37078169880789,16.267836106531803,27.72390741861428,22.446739823317586,8.684127261072277,20.643837637564154,22.92026253760571,24.246087093670038,0.9
1194,9,96,11,12.941991496147127,8.038585095601682,12.941991496147127,10.348267444073345,2.0784753666679725,9.334551956516874,10.501714608557233,11.147866056403252,0.9
1195,9,120,11,26.248427152303776,20.196909832466684,26.248427152303776,23.010339588437002,2.920667397888087,22.202007343159913,23.41068117204472,23.791084649434893,0.5
1196,9,87,11,35.94605222377433,28.977393311473786,35.94605222377433,32.90409125793743,3.1024584869620297,32.065671376937885,32.9502044510249,33.95272647347035,0.6
1197,9,118,11,15.94883509714748,12.779545365642154,16.91903077409044,15.15683794775762,1.70110767352616,14.035870687896736,15.45395632171617,15.94883509714748,0.8
1198,9,103,11,31.961800655596438,24.965859500659114,31.961800655596438,27.596403893434758,3.410077620516939,26.462096237272977,27.39414191869706,28.169401188713934,0.9
1201,9,93,11,10.883306326218399,0.03633986506221549,10.883306326218399,6.77231064232502,14.468648810067034,4.903713842356801,8.367712400858881,8.940465336541738,0.9
1202,9,119,11,11.755032305082985,11.140007431787176,13.092241083076884,12.017059257680208,0.3473300114296067,11.710845425617258,11.853809698644913,12.438111879282197,0.9
1204,9,111,11,17.26276110523456,11.360061907424226,17.26276110523456,14.404583427873963,2.5661733517760497,13.918316528836925,14.458631906848861,15.289973795833614,0.5
1206,9,103,11,13.629311868839245,5.867358708895557,13.629311868839245,8.912519822855064,4.441060967411207,7.5315571085257424,9.078808234470792,9.811737882971153,0.9
1207,9,123,11,23.933487912353275,13.750865487717437,23.933487912353275,16.924457244739294,11.206439508124276,14.059954269782086,15.828404910582861,18.344921857188538,0.8
1208,9,114,11,30.686059945491316,15.195525037665444,30.686059945491316,19.518322421938656,23.481441153000535,16.269550414069133,17.677931516791624,19.634759970508696,0.8
1210,9,134,11,20.12865886176666,18.709912412117852,22.27298822158567,20.822121548532124,0.9417219506596656,20.189877672776394,20.987036565297103,21.54921277309356,0.6
1212,9,109,11,32.18059288208444,23.003091634987328,32.18059288208444,28.318370180886063,5.8893657345251444,27.025356117213956,28.552610609219887,29.842487816922045,0.7
1213,9,120,11,40.67362013928728,18.336963760563485,40.67362013928728,29.822439051734808,47.30869201194453,24.3067448351759,29.42581428880253,36.03462326352062,0.4
1213,14,168,16,40.67362013928728,18.336963760563485,28.612780716753946,25.160012078702444,7.747220498162635,23.946325750837055,25.719693918563188,26.931942995420265,0.8
1214,9,123,11,10.23386410150219,7.569027522186146,10.23386410150219,9.40302985547608,0.7224705459099395,8.906586183129217,9.741122940185912,10.10730509206795,0.8
1217,9,109,11,10.9544022539052,4.45308721030686,10.9544022539052,7.494014578736244,2.3569030180730417,6.935267074982085,7.317024149035959,7.913725506841205,0.8
1219,9,125,11,33.71192626735954,29.611164670915286,40.492703025036086,35.864431896402124,14.278446019581164,33.71192626735954,37.34983417622677,38.97784296908348,0.8
1220,9,110,11,16.589834705564552,16.589834705564552,19.746928128761333,17.91925580536455,1.2316647218933607,16.726036278078432,18.127035876886822,18.71457537210543,0.9
1222,9,101,11,23.700915567694025,23.700915567694025,29.45937745505751,27.003577492213093,4.712861481039197,24.853968066633605,27.88981200268084,28.604179355220186,0.8
1223,9,104,11,16.303114235894874,15.551110969103558,21.196062741568348,18.794824916102296,3.852326116529234,16.906562939604527,19.23193367021651,20.42474811038447,0.6
1224,9,128,11,25.402046285776535,20.136455530158564,25.402046285776535,22.582036949989238,2.4738130618843233,21.66243829250753,22.79898577601881,23.641903932973907,0.7
1225,9,127,11,17.37136494780045,10.795894174489682,17.37136494780045,13.087689435310068,4.302408267420286,11.6313147549123,12.208981367328201,14.557712344306253,0.7
1226,9,132,11,26.46110100094913,22.583361590882216,26.476741873595778,25.470620472121176,1.5164635853689312,25.23202747059932,26.086606525451252,26.384034573647796,0.7
1227,9,108,11,15.209826720234343,6.334071663704858,15.209826720234343,10.890765031453151,5.690201482668415,9.280538227407739,10.963567905827697,12.136508885318811,0.9
1228,9,106,11,13.259485213587157,9.51781645482679,13.259485213587157,11.126231665503202,1.565593629281183,10.353371886607622,10.591987903577833,11.909834908038473,0.7
1230,9,130,11,22.905452741430665,20.689797157149744,23.8884900717973,22.85367738496773,0.926614801882154,22.363411464086187,22.905452741430665,23.68223499536645,0.4
1232,9,131,11,15.126812976983786,8.548681236075016,15.126812976983786,12.284252148712573,2.880113329929542,11.510753396623722,12.55038830320614,13.140072923422146,0.8
1233,9,124,11,60.16976792678473,38.67355798288075,60.16976792678473,52.812471393210274,32.34608994485629,52.89185556108853,54.49588088188971,55.795131430874505,0.1
1233,14,183,16,60.16976792678473,34.48147788367845,53.69733419854984,44.414717901620996,42.32382893241675,39.78589577351178,42.36180127135224,51.277095812678205,0.6
1235,9,98,11,91.1197402731201,39.65185654674205,91.1197402731201,77.86230635331395,194.75781093096367,74.79878572790152,82.36714476952966,86.31586484325292,0.9
1236,9,94,11,6.252672147913,3.8093040850603685,6.252672147913,4.895573956782824,0.5718649759689349,4.231414799124014,4.83445593146126,5.350088416883836,0.8
1237,9,98,11,46.135441663465485,4.926981419553732,46.135441663465485,26.599678013429134,119.1301784735311,25.287990003433542,27.180408690070927,29.008943803961117,0.8
1238,9,125,11,19.11106529256085,16.787051474377275,19.931288203247888,19.1321864007243,0.8306833747404765,19.11106529256085,19.369911922795854,19.72042734839861,0.9
1239,9,112,11,18.83790799084008,8.542114665610152,18.852287905486744,15.185869927052803,14.926801068680314,11.881361084344466,16.78848094833538,18.782760058711773,0.7
1241,9,115,11,24.18965075976167,17.05508660862184,24.18965075976167,21.250423991078232,7.627627750714436,18.799012051732305,21.863052917867122,24.009523656226882,0.6
1243,9,116,11,7.894009909431001,4.47687817420209,7.894009909431001,5.920358368503688,1.4943300245676718,4.7538947820214,5.767435749738736,7.068811969623384,0.9
1244,9,107,11,23.407598343721777,22.285014766296193,26.626959990092974,24.29525237439866,1.7092639357769006,23.407598343721777,24.156156482492968,25.110182054051844,0.8
1245,9,132,11,17.413949008692754,11.194571711457565,17.413949008692754,14.015674438957609,3.806907104073827,12.29626725551229,14.34720553634552,15.122564866482408,0.7
1247,9,114,11,14.425944634160292,12.19101948121445,14.425944634160292,13.292322058335534,0.3687966562404199,13.010269743259501,13.345936896919795,13.480411882514801,0.8
1249,9,125,11,16.151418634678866,10.466758775749406,16.151418634678866,14.001960936099238,3.1316282546896916,13.348339276574052,14.728189442984092,15.293318271909264,0.4
1249,14,177,16,16.151418634678866,10.466758775749406,14.710757828352074,13.022514568956495,1.711175014874851,12.267597326023912,13.39730117184622,13.56452537702252,0.8
1250,9,118,11,10.399569587705443,5.2312494715530065,10.399569587705443,8.915775555580959,2.037022658310952,8.347335681394059,9.445067393084024,9.758093057247523,0.8
1254,9,117,11,34.0292978495246,24.946406248130327,34.0292978495246,27.446923092575354,5.6308659634611775,26.304234198536278,27.048036462994666,27.70296926528571,0.6
1255,9,116,11,30.93702538838417,23.829512410688977,30.950481721956663,28.14077765883013,7.8578109641745515,25.32951648241461,28.69741760419892,30.93702538838417,0.5
1256,9,119,11,22.727873645160805,14.168350314873132,22.727873645160805,17.25855873949287,7.8688468611362,15.671991193525006,16.110219048475777,17.684943582328373,0.8
1257,9,103,11,8.606059466160389,3.4853672238059854,8.606059466160389,6.814928167858535,1.8713060508055932,6.403179563653577,7.3017301190946515,7.535201985458424,0.4
1257,14,134,16,8.606059466160389,3.4853672238059854,7.260884369998779,5.586875834978862,1.7331346517623971,4.328154634350218,5.849327168582571,6.867304868848549,0.9
1259,9,116,11,9.866390000650854,5.360738172074438,11.586512849177199,10.190762089165728,2.961240669078997,9.982214634378002,10.56301441864134,11.2466781301094,0.7
1260,9,103,11,22.879232462835112,12.147512731356397,22.879232462835112,16.591193190210994,15.125757736560649,12.707162796129335,16.896601907983715,18.517593724411682,0.8
1261,9,102,11,13.624944460713094,9.89497913268249,13.624944460713094,11.52955359908222,1.3110780586800659,10.435179349243725,11.710827107330594,12.374663788428077,0.9
1262,9,127,11,9.865698363799297,8.003122283602522,10.29993130895267,9.573785961716368,0.37556448904458645,9.355267693678664,9.86016970263518,9.923610661575779,0.8
1266,9,99,11,10.410888187668746,8.117062779448563,11.110757041548858,9.820888965876728,1.101961718918756,8.888439225179667,10.31380242626,10.42329891143173,0.8
1268,9,112,11,44.731258051685,30.731519190308298,44.731258051685,35.88446970737584,18.273736448432757,32.476228944202916,34.13480282830017,39.10119245297514,0.6
1269,9,128,11,23.136501579006016,16.590434700221845,23.136501579006016,19.213348986782414,4.446220719641989,17.912480128176977,18.688327843728768,19.243510569597074,0.8
1270,9,99,11,74.90595967436816,27.51790846625942,74.90595967436816,37.32604058601264,182.17058133986797,29.202995179803118,32.41987692778973,37.5411339526556,0.6
1271,9,126,11,37.29039747307682,15.096148056693526,37.29039747307682,26.155390385954185,55.33638431969373,20.846751688037404,25.04755953871137,31.78945534884265,0.4
1271,14,173,16,37.29039747307682,15.096148056693526,23.093687874783782,20.211905166356036,5.248830407842874,18.97477150668444,20.880300499687003,21.701261488931447,0.9
1272,9,94,11,8.095286486177065,3.4380315290520373,8.095286486177065,5.518285302969714,1.948978199396467,4.8909304249849885,5.115386437063703,5.440034709549925,0.8
1273,9,102,11,17.941022727129056,14.408596716787262,20.701191678645262,18.41211851315147,4.452594750583473,17.49926971582688,18.058739002169084,20.601588057874878,0.9
1275,9,133,11,11.510634978161045,7.6963632757332245,11.510634978161045,9.90150605749681,0.9531267182500314,9.547447561470538,10.054840970810037,10.405502224621234,0.5
1276,9,116,11,22.28701357800938,14.355033379025736,22.556279469655955,19.06995699623353,7.578616529853003,16.89550626526316,19.29057361828295,21.78283443303986,0.7
1277,9,120,11,20.2585163137566,16.547082055848133,20.2585163137566,18.854420816608958,1.3630188469288425,18.36081521695245,19.114925061589698,19.545821064432907,0.8
1278,9,117,11,35.03472626080081,27.73199617726054,35.03472626080081,31.950020305734586,4.4220188665896725,30.87077786845464,31.86662874931303,33.03904781361012,0.7
1279,9,128,11,15.05933165140714,13.120046767201101,15.469435519392107,14.895360942744915,0.42787172725452294,14.867767070776411,15.05933165140714,15.271653902282777,0.7
1280,9,106,11,17.756924222227127,13.236862737752666,17.756924222227127,15.122758842545915,1.5808574522810575,14.443506223732985,15.358469793413345,15.556974160629004,0.8
1281,9,105,11,15.917370088411328,5.334963406850312,15.917370088411328,12.634865151626986,7.736575876124036,12.638727539611486,13.299830981069215,14.22569038919171,0.8
1282,9,121,11,25.04907310421755,13.344682886030682,25.04907310421755,15.469713285152258,10.647681036338263,14.067958724594337,14.573502649352042,14.96231451518572,0.4
1282,14,178,16,25.04907310421755,6.749773080247824,14.564536922387653,12.409576421996613,5.48517390162128,12.285259517623071,13.369227330590135,13.89285303465711,0.9
1284,9,133,11,16.928289904015646,15.12289189926193,16.928289904015646,16.066442901954023,0.4273255068043639,15.592449864249305,15.981084938081501,16.667459410876695,0.9
1285,9,125,11,9.552111438400997,5.468527865467037,9.552111438400997,7.946696459638406,1.5904076026621823,7.118801091651416,7.830804112448842,9.153430052120097,0.9
1287,9,136,11,38.867422051244674,31.245676527116146,38.867422051244674,33.64378030737738,4.877592157465515,31.835203462250316,33.20224708331267,34.39710306727687,0.6
1288,9,122,11,26.36180075173446,24.229420753673885,26.36180075173446,25.6687241521684,0.3779229688941449,25.315018570038447,25.866860263328515,26.07483795530262,0.0
1288,14,188,16,26.36180075173446,19.76775194913555,25.875987532570196,23.89557678802893,4.118533611062759,22.600404870110793,24.751396912759017,25.344115112208115,0.3
1288,19,245,21,26.36180075173446,18.156940513271294,24.229420753673885,21.99419256107919,3.1488366975864923,21.394660767199433,22.39134294308981,23.10440317545164,0.8
1289,9,132,11,23.100500737141076,20.34926651006235,25.800093385111566,22.980785309288194,2.275190174085032,22.419235902474465,23.100500737141076,23.60636787541506,0.8
1291,9,113,11,8.901345787705178,7.818500561687418,10.50931162753832,9.339610980931212,0.4763253504817914,8.969384923342268,9.42712056731002,9.72164941345611,0.8
1293,9,124,11,9.466313977473106,6.875755781931215,9.466313977473106,8.13329846276481,0.6209841573531261,7.613429878209626,8.22490632453881,8.709812106718562,0.9
1294,9,112,11,67.09539414654532,27.69173410072815,67.09539414654532,40.20255611941434,201.74416240338442,30.765378615457436,31.74985006078147,44.8664440770584,0.5
1294,14,158,16,67.09539414654532,23.261960805298095,32.24458293803917,29.980177016771812,6.728593089473793,29.65614405412624,30.787043456008096,31.742799119985598,0.7
1295,9,128,11,40.76641493015709,39.39869468890845,42.18097891227394,40.9266810076524,0.6340704130142495,40.74451178069564,40.86475393849652,41.42409301050251,0.0
1295,14,192,16,40.76641493015709,27.02176224587116,40.96309294683596,38.36092303080883,18.089034763321617,39.44270854298702,40.18613033649642,40.759113880336606,0.2
1295,19,241,21,40.76641493015709,27.02176224587116,39.89682614256152,34.64731729717499,14.531583383448943,32.7494904241237,33.72323881735695,38.242623882604434,0.6
1296,9,107,11,26.607890931908663,10.961984288358085,26.607890931908663,17.051599501677547,23.941766434339158,12.722299564118817,17.1893125038373,17.950593274644994,0.8
1297,9,128,11,37.896088323288886,24.9455759121844,37.896088323288886,28.929088710739364,12.929611780561192,27.091446905623762,27.796248985541187,28.800674225823776,0.6
1298,9,100,11,21.05401003796301,12.610134699555763,21.05401003796301,15.462961983079442,5.509851202671458,13.969680840311359,14.758969684060663,16.729600226971996,0.7
1299,9,114,11,17.200093242984412,12.9176630174513,17.200093242984412,15.501592418120584,2.328536819221809,14.60477192905855,15.938670431783876,16.79905892169223,0.5
1301,9,97,11,27.84799801432515,18.700531118514196,27.84799801432515,23.265788070609087,14.56673536597248,18.93151951578915,24.314741529202763,26.940343666458826,0.4
1301,14,157,16,27.84799801432515,18.700531118514196,23.90986631720459,20.47156403090697,3.0514936770673335,18.868063152992303,20.007797630026317,21.578939583346955,0.8
1304,9,110,11,40.42142315748492,23.552172691837228,40.42142315748492,28.18650095896364,22.217511778972984,25.96405656935834,26.988397072607597,27.75679747773747,0.8
1305,9,139,11,78.95073035562507,24.993326443638043,78.95073035562507,56.490876968721594,273.4934410053243,44.1408592836346,61.652898193714215,67.21756591813002,0.0
1305,14,194,16,78.95073035562507,14.637262573110998,60.835005124591845,32.03631940080546,204.66288664890007,20.512887540761632,26.551527038332004,40.80732579243948,0.4
1305,19,237,21,78.95073035562507,14.637262573110998,24.993326443638043,21.816861688476546,8.874833430443335,20.05720136654559,23.13453332532319,23.764553025865307,0.6
1306,9,125,11,18.859716101408786,13.808919990414953,19.14162297834563,16.05223111761115,4.05165868043832,14.383118347257604,15.562214951234228,18.0980128725861,0.7
1307,9,115,11,20.451212346686198,15.267328836342394,20.451212346686198,17.96306595865709,3.6658221611468513,16.590977403043198,17.173641758339794,20.12466832265219,0.6
1311,9,121,11,20.781207441964817,6.443460234940245,20.781207441964817,9.84544264236459,16.773114540156122,7.556643743818811,8.389573224979687,10.005075173771818,0.6
1312,9,95,11,11.45281038787633,7.4393694328198805,11.45281038787633,9.84838436407593,1.5176609148827884,8.899473265273981,10.128127490816611,10.664355757574008,0.9
1313,9,108,11,29.40498399762142,18.384160815119166,29.40498399762142,23.189305168329533,13.97752038650574,19.72996625161319,22.441884863137275,26.482173303830496,0.1
1313,14,168,16,29.40498399762142,16.541254260850295,22.424437717075165,19.241795636615343,2.707528988358411,18.497578745320883,18.964437668899855,19.563461133790554,0.3
1313,19,203,21,29.40498399762142,15.27154260325028,18.842907618606272,17.457975464201247,1.3780008997997653,16.61980864223385,17.274848976240044,18.70410305789202,0.7
1314,9,99,11,12.815701766150523,7.801461051006972,12.815701766150523,10.314914284433968,1.9361097126620828,9.661238008410148,10.6574241024272,11.099323414311943,0.9
1316,9,101,11,10.282291430406602,5.248643123647573,10.282291430406602,8.373264454556935,2.3992668785129507,7.256813139129942,8.526859368039357,9.709285290433261,0.9
1318,9,127,11,31.202276698707607,9.688735192578978,31.202276698707607,16.319426578492475,53.163982832736394,10.606966608449785,12.754986356485956,20.442445745853462,0.6
1322,9,98,11,56.808490910360916,51.930690078116626,56.808490910360916,54.31448694462804,2.594426309417464,53.146845031801874,54.54040180275871,55.43771396757434,0.9
1323,9,115,11,56.45182851492781,13.280061489458342,56.45182851492781,34.371518078328634,154.52743354152292,25.769512366001585,33.611441969673514,42.98645333152169,0.7
1324,9,95,11,42.483121724680444,9.763691075542718,42.483121724680444,22.164859750472438,100.8678050787706,14.093506373167337,19.320899920189,28.21242994609089,0.6
1325,9,128,11,13.584744614863,8.030803340477295,13.584744614863,10.89559561073885,2.0579222915565527,10.632037861537121,11.133141157992124,11.445820896499004,0.8
1326,9,97,11,36.56888924013437,20.987712233406,40.35743263221299,30.781672027313846,30.520063032380165,27.276355733535784,30.404952132702583,35.25557131413403,0.7
1328,9,139,11,27.077863491155973,19.81521039885555,27.077863491155973,23.808396184246455,5.655759608097687,22.438174673162578,22.85454146271244,26.00332282976281,0.1
1328,14,193,16,27.077863491155973,19.373718522375597,22.71944723301892,21.24549410636867,1.3606031437652382,20.07220768212538,21.5775709517631,22.276613706119992,0.4
1329,9,114,11,26.333672977879807,26.168767131290696,27.92979762256778,27.070624952833548,0.36476137833311867,26.492319672859225,27.12650651747485,27.578209755893454,0.4
1330,9,91,11,23.289227683845162,11.701176564624804,23.289227683845162,19.621968635728184,12.12101770415418,18.913441011836092,21.450349956775693,21.752737522490772,0.9
1334,9,126,11,82.97930225256918,30.3409770921467,82.97930225256918,59.65105850365728,421.6085058969875,37.926432648959945,69.88190074687722,76.27227002156422,0.3
1334,14,174,16,82.97930225256918,30.3409770921467,66.04027797775781,38.93418255933673,90.3669917667985,34.596313400293326,36.947958526062145,37.61591704952457,0.8
1336,9,135,11,22.30742131950045,16.70005453744329,22.95766346713913,20.190407721890278,4.710395184255365,18.656321440743405,19.934572345435853,22.30742131950045,0.5
1336,14,185,16,22.30742131950045,15.95483345446756,20.676986819478664,18.74569562806134,2.2679582372668707,17.967959284447957,18.874072446314948,20.0064215835192,0.9
1338,9,129,11,28.896070932181097,19.324444541978174,28.896070932181097,24.86496750513036,8.887478601517097,23.45447893526887,24.37436396886063,27.67925062024309,0.7
1339,9,83,11,23.032341524597754,13.447504440781714,23.032341524597754,17.94362615951073,7.234310260487577,16.1921761333493,18.140922403916825,19.200084495092938,0.9
1340,9,134,11,14.005967154509534,6.722214557703303,14.005967154509534,9.858703736586031,3.905113527810981,8.647616373941728,9.289165898590769,10.777197447968451,0.5
1340,14,184,16,14.005967154509534,6.722214557703303,9.394463780918098,8.722823635239754,0.5427774882375277,8.597224256638462,8.982675926656604,9.123752592904363,0.8
1342,9,119,11,30.754342783177464,17.21728632212313,30.754342783177464,24.848880988807633,24.029773774523296,20.544229971154362,24.948890207551422,29.69281582018815,0.7
1343,9,125,11,30.59168131751316,19.12918198278056,30.59168131751316,22.241545032419168,10.61837319877235,20.113688162197967,21.213595602661897,22.91805937794767,0.8
1345,9,120,11,38.9168802201075,24.56739815815076,38.9168802201075,30.307756874238642,19.26004422697244,26.83280776937388,30.41076653388214,30.682500433406418,0.8
1346,9,106,11,30.8358323410125,17.06894218430385,31.95992322246768,25.780156665070926,20.166545542314797,22.825366918036003,25.362398783790113,30.162110720681174,0.3
1346,14,160,16,30.8358323410125,17.06894218430385,24.97065694203885,22.103801266683103,4.481516087534908,21.321502884085046,22.052079724756247,23.61593964887077,0.7
1347,9,117,11,64.01373384366244,24.2252522019483,64.01373384366244,43.176658709316,177.42331094695177,30.883210639683945,45.25712491241098,52.46601001876311,0.2
1347,14,158,16,64.01373384366244,21.485889813724977,39.94762068406495,28.69999562310523,23.971893525654956,25.204190697999827,27.91341815346899,30.728516351003847,0.6
1348,9,89,11,40.74053153415211,19.654810098144186,40.74053153415211,25.033995185014938,31.84435452640911,22.287470755800946,23.538324240467514,25.09493705751334,0.8
1349,9,96,11,16.815686972833788,16.815686972833788,22.017024757921913,20.454644361437573,4.0072658890973205,19.656348379612524,21.6944491594048,21.974226090036833,0.8
1351,9,117,11,34.111634106898066,31.8836597670077,35.47318682541888,34.16582682089265,1.1756362504909519,34.111634106898066,34.476854963104785,34.650584276444086,0.5
1352,9,109,11,29.911281183708667,10.849980538734041,29.911281183708667,18.73652464290617,49.12748697559674,13.338539027283154,16.26200690928721,24.2666132767635,0.5
1352,14,155,16,29.911281183708667,10.849980538734041,17.248657982171565,14.51897104607201,4.499355412045827,13.338539027283154,14.95638594906152,16.116120455390018,1.0
1357,9,136,11,24.21654670699028,7.696993044322149,24.21654670699028,12.042892504298647,32.03510685921181,8.140392072694398,9.123882961566224,14.941164863304788,0.7
1358,9,120,11,14.064652022353743,10.230219122390643,15.066851318006695,13.345114949642262,1.649018259050667,12.73412138637591,13.759238800701302,14.064652022353743,0.9
1359,9,139,11,24.92495302552392,17.26274562022999,24.92495302552392,23.17657905662707,4.401035515608697,22.93203086819438,23.841646424306063,24.390008267932238,0.7
1360,9,121,11,24.977317343777166,18.49437977924264,24.977317343777166,22.08701045898578,5.541385751372662,20.169977704012776,21.54452212093843,24.55794411671996,0.5
1360,14,165,16,24.977317343777166,18.49437977924264,22.325998594724105,20.703759369890218,1.238813229110259,20.169977704012776,20.564483570740816,21.57166184622102,0.9
1361,9,123,11,20.56867443318849,9.439815850008888,20.56867443318849,14.898308922229607,7.964077106730619,14.111299998684277,14.51314931868312,14.843641453336044,0.8
1362,9,120,11,29.815825162841666,26.244613767060706,34.6541030519772,31.112592536004325,7.304380818856027,29.209896746439433,30.629166129611384,33.91494070859145,0.8
1363,9,127,11,10.919461984784103,7.754417606698494,10.919461984784103,9.361893364084441,0.9202661642797437,8.762814581687744,9.305444359787241,9.679500504792435,0.5
1364,9,106,11,11.055562929926754,9.994986592301935,14.6123953875363,12.255746080502607,2.485952951068105,11.083529166575255,11.597708202615106,13.892791045773617,0.7
1365,9,118,11,14.838139676878171,12.274049079562573,14.838139676878171,13.386737937778054,0.750695544383794,12.702753437307097,13.0919958811368,13.882480371935854,0.8
1366,9,119,11,17.604767050660595,11.599584925206788,17.604767050660595,14.971866177828332,3.3586406062566554,14.180861039698394,15.306851234411925,16.193118057394774,0.7
1367,9,103,11,23.8720808826448,14.651350137131159,23.8720808826448,16.930756686578498,6.926589020915093,15.301046888162137,16.194410591566132,17.10597531421059,0.8
1368,9,120,11,7.244321264982802,4.147020369847146,7.518523567544982,6.5172179019626695,1.313348889410819,5.808758103526365,7.244321264982802,7.3398999055092835,0.9
1369,9,101,11,32.198108265205214,15.359461901455944,32.198108265205214,19.97876189874965,22.31332777414664,16.507535401333737,18.842568310712828,20.97680515297524,0.6
1370,9,106,11,9.403044979476281,9.403044979476281,16.143083393869173,13.42754308649759,5.639721843597132,12.122806263571874,14.193479225650947,15.382948775220699,0.8
1371,9,116,11,11.909758014336958,10.210195915238868,12.462729811044806,11.706889676197378,0.4902127609910334,11.645670748751867,11.909758014336958,12.066920418755636,0.9
1372,9,79,11,5.98654361243638,3.170596028820109,5.98654361243638,4.986343728277884,0.5752488458705496,4.647789291526474,5.071457045489973,5.545044204602316,0.9
1373,9,135,11,43.17797828187186,14.366427521830907,43.17797828187186,22.859696699245948,82.24614900589549,16.09545861788903,19.095070665468302,25.46356789407296,0.6
1374,9,117,11,31.9015618406767,26.53248807930995,31.9015618406767,29.158857670607382,1.9527016045273005,28.270334721443927,29.17190325121215,29.95681304434326,0.8
1375,9,120,11,21.97862431275081,14.681292250045093,21.97862431275081,18.373519994063447,3.9313225840422192,17.03126930705546,18.62262253279127,19.510792730309955,0.8
1376,9,119,11,23.795956464217788,9.50572898670417,23.795956464217788,14.841467858679923,14.07161313624537,13.66129651825354,14.617317405220401,15.167616827001694,0.7
1380,9,128,11,36.38669894534914,36.38669894534914,38.9100824496745,37.90446448543921,0.7918228711395633,37.551547173188,38.080732039652496,38.67686816019059,0.8
1382,9,82,11,12.419931464597491,2.0851365655827716,12.419931464597491,5.469987153535149,7.012176484121125,4.0969320780865095,5.254594613830916,5.804117850796972,0.8
1383,9,121,11,24.244136159391154,11.14072987459997,24.244136159391154,14.409900235583123,12.994516320790513,12.664266868763487,13.513893974412632,13.820610807826496,0.8
1384,9,99,11,8.124983009456002,6.452949115290208,8.124983009456002,7.307801876287914,0.2410401685073055,7.1193351384059085,7.270311719809247,7.671788019762454,1.0
1385,9,117,11,11.750111200288623,11.538146648283716,13.891533578228039,12.652718107172767,0.6828209120209401,11.842568016025012,12.633671805273465,13.445670987772141,0.7
1386,9,122,11,15.40533636243363,9.055101852651255,15.40533636243363,12.527510941060836,2.2744313414632877,12.105221000980473,12.666566593410476,13.032414380892863,0.7
1387,9,103,11,25.53471753318016,13.03101870822183,25.53471753318016,18.201090475716402,15.502163092300993,15.919738608814644,17.148373922574343,18.132495363308433,0.6
1390,9,108,11,13.072680469043096,6.454963746933539,13.072680469043096,8.61775512643725,2.9069957811921654,7.956332578808319,8.184890837763223,8.537866599833272,0.8
1392,9,117,11,18.778255131416664,4.4745253576723805,20.271726834096295,17.139546904547522,20.51212332712605,17.637539825917592,18.97021982053709,19.19722862112902,0.9
1393,9,119,11,20.719908777120775,11.371811445590817,20.719908777120775,18.196568345727822,5.997243757240626,17.97804762589318,18.706982870062348,19.325910236968305,0.3
1393,14,168,16,20.719908777120775,11.371811445590817,18.54249992528537,17.026421331895925,4.416736828371332,16.92023910330049,17.7128111387199,18.428335997993948,0.7
1394,9,92,11,42.22858892595373,15.117139595784572,42.22858892595373,23.406188489128976,48.504518531692426,19.24529798049752,22.644290979778805,24.329465791801745,0.9
1395,9,115,11,10.282214542545027,7.197446995325926,12.403506325122414,11.037996148544522,2.2515677993542513,10.403902410467717,11.4373395300274,12.181933704932003,0.9
1396,9,107,11,42.48878261744284,25.608520115787677,42.48878261744284,30.871216122747164,20.420635754717754,28.20886994595003,29.98256847635276,32.39138832667536,0.9
1397,9,94,11,8.324660181668907,6.079615889703989,8.324660181668907,7.292907664851677,0.7671405178767767,6.306947653692731,7.634886770710633,7.986866890078803,0.6
1398,9,128,11,20.25604052366666,16.11197273253746,20.25604052366666,18.08617196185402,2.3296512476092417,16.770992432009407,17.736532579100547,19.625021613377072,0.7
1399,9,77,11,15.040307785812344,8.891472685260995,15.040307785812344,11.428378380053367,2.349880883669806,10.768788990755912,11.412779774865388,11.932279785494035,0.9
1400,9,107,11,24.45113474669885,21.142730460015215,29.239801064559032,26.43364172700753,5.984220416703874,24.713660863442996,26.91375729503552,28.637640121622027,0.9
1401,9,131,11,68.46923523955815,61.08641329739956,68.46923523955815,64.79775595760792,5.047302155526759,63.549796259757855,64.55494769646467,66.57302509445205,0.7
1403,9,103,11,41.45657882127492,17.186312817714175,41.45657882127492,25.020366104465552,38.42367757064593,22.129246425824817,23.753133447223117,26.25609373543707,0.7
1404,9,98,11,21.257070826734026,10.629604200072398,21.257070826734026,15.766657804394095,7.9950905661652385,14.170715531927538,15.78568274635774,17.233322278454736,0.5
1405,9,120,11,14.633556445134223,11.217347498814792,14.633556445134223,13.447066935311003,1.0439888524076757,12.743983247979184,13.863937592718463,14.061096509784093,0.7
1406,9,98,11,39.13059581525363,29.880722288680037,39.13059581525363,34.36948539636849,11.44924710088027,30.8925490781185,34.65332565629466,37.40452852672111,0.7
1408,9,126,11,23.259962776870992,19.143884011824923,23.259962776870992,21.82366122951504,1.7927753340421138,21.630412473894605,22.14945129171629,22.699678199371338,0.8
1409,9,105,11,8.554755701962456,3.6450290038383075,8.554755701962456,6.3216347471351595,1.9967223695468816,5.774398248840173,6.4167012140408275,7.221561064797141,0.8
1410,9,123,11,15.184436874095269,14.105313339205974,17.093948569213666,15.627386448631167,1.0366837213166158,14.758070005391755,15.40735880003881,16.47833539406777,0.9
1411,9,133,11,75.29967242514539,11.361568727863649,75.29967242514539,35.814183345136684,571.9077389846511,15.622472095881255,26.361323324673933,56.85333160131907,0.3
1411,14,173,16,75.29967242514539,11.361568727863649,24.08143080168375,15.571249470810892,10.849797186087427,13.633959774546184,14.943721471788876,15.872629869361113,0.8
1413,9,124,11,5.5822532670266884,1.7672280802805707,5.5822532670266884,4.065578043341319,0.9634711567347007,3.579223525957214,4.273049015264549,4.685682694846459,0.8
1416,9,106,11,18.23843153129974,7.6310805381139595,18.23843153129974,15.54323448827025,7.795806437428437,15.340538544748064,16.229450536301538,16.752418803167224,0.9
1417,9,117,11,20.248520629879177,11.298362506099691,20.248520629879177,14.11593759152972,8.876263122101056,11.507905224447759,12.955563824005562,16.166717453154654,0.5
1417,14,173,16,20.248520629879177,10.401215312097374,12.460838615171646,11.636397304415173,0.29676492557649736,11.436959462852428,11.613687591317303,11.998751063005386,1.0
1418,9,117,11,8.998616181688686,5.916524568555574,8.998616181688686,6.8693519708009605,1.0473464392315914,6.130553846099099,6.243814041647995,7.306413130788481,0.6
1420,9,108,11,40.62300708319677,28.136809454472207,40.62300708319677,34.094830250395596,10.202838035018058,32.64218794543426,34.49660208019438,35.6892547524192,0.4
1421,9,106,11,7.607889168988008,5.107358599242005,8.323121849238056,7.298732771930761,0.9734885486764011,7.0813033570193396,7.607889168988008,7.963302562763466,0.8
1422,9,112,11,17.452549196101906,10.870988175705671,17.452549196101906,13.610420824069617,3.905432673854346,12.007185866842551,13.087874135007628,14.853229917412563,0.6
1423,9,125,11,45.86612980271819,26.214779566527223,45.86612980271819,35.79411378938702,21.70109518849592,34.46445674127294,35.77783988293362,36.77950479374363,0.4
1424,9,108,11,7.643229377969153,3.5801460475825904,7.643229377969153,6.175398617655254,1.6029192826642684,5.606462863699521,6.358031443676055,7.18925041425495,0.8
1425,9,93,11,5.552725955086151,4.4959938741723064,7.407704614856165,5.91446219934363,0.9757591941845749,5.249161956174163,5.660730579434738,6.861168952183906,0.9
1426,9,102,11,10.826589486434113,3.482199122473717,10.826589486434113,5.538961859091769,3.9354200556516488,4.529261794064341,5.14566710055611,5.514967214801832,0.8
1427,9,116,11,11.61118061764402,6.722045726300706,11.61118061764402,9.021844298388212,1.6058744404771037,8.141126887360858,9.104029597366672,9.63534448572742,0.9
1429,9,106,11,16.764752631580635,8.265298261206183,16.764752631580635,12.162478047023425,4.436066104375744,11.218750959384606,11.722676641457301,12.76097699619016,0.8
1430,9,102,11,9.953894706583357,5.692641307406631,9.953894706583357,8.359741709936557,1.3952405046550131,7.942752871496305,8.690657506852007,8.99366404333794,0.9
1431,9,125,11,42.96050962101787,23.800601130611565,43.553681512461736,38.6405432887601,49.93019098217842,33.74007093508612,42.96050962101787,43.35408909355002,0.1
1431,14,182,16,42.96050962101787,22.074757000380274,42.96050962101787,29.549759290262784,48.31781996457657,25.511996660282023,26.238117447416787,30.653069599694817,0.6
1432,9,111,11,15.516109194351277,12.46820456124079,15.516109194351277,13.84085200365123,0.7558573535741675,13.411838063426265,13.524805895155756,14.245117374912944,0.9
1433,9,110,11,14.143637100902438,12.699685007275871,18.108297004936382,16.03292126437953,2.893076756828681,14.575378765855444,16.595993954068838,17.39161863459709,0.9
1435,9,145,11,43.83774187895057,35.86752994777442,45.11503582492944,41.89779583860461,9.219104195073733,39.96420099096963,43.83774187895057,43.9636168791277,0.0
1435,14,205,16,43.83774187895057,33.694811646894976,43.83774187895057,37.18492037470239,9.901426223266748,34.851343632152066,35.684677217873826,39.05630004321884,0.3
1435,19,271,21,43.83774187895057,33.694811646894976,35.63338920205301,34.90111549970039,0.3424837809953981,34.747014866603244,34.97591132341459,35.39413522799856,0.5
1437,9,108,11,58.701838612834116,28.430219794710602,58.701838612834116,36.9936522949871,70.26944106050146,33.06044272101592,33.636617079596036,39.22622482412158,0.6
1437,14,142,16,58.701838612834116,28.430219794710602,34.49794742879736,32.74009278732153,3.476869320469349,32.19122303795602,33.35264954973369,34.08099624386719,0.9
1438,9,112,11,21.94917476354171,13.967705035951312,21.94917476354171,19.30373908096815,7.110958107782475,17.231665194871823,20.46840453688659,21.571545908504728,0.5
1439,9,106,11,29.7040525918347,14.777716411952127,29.7040525918347,22.788072464406067,19.254209775487798,20.510184584834825,22.209465814675944,26.566801424230682,0.8
1440,9,101,11,7.698131377876306,3.6613609470412083,7.835617174663714,5.739653897036926,2.2933756321535683,4.3488927541294204,5.518269709738149,7.363529278686575,0.7
1442,9,111,11,61.57404097113274,33.39338710393512,61.57404097113274,46.27836386444967,44.45919647530585,43.80784356979767,46.63957721541368,47.700061528025884,0.9
1443,9,124,11,20.516340066585116,13.460099465024452,20.516340066585116,16.987764672897715,2.9591414317779625,16.11312188246583,17.028904400774266,17.690073105250995,0.7
1444,9,114,11,45.643969529207816,24.082230987140576,45.643969529207816,30.451516926654477,33.135607928423624,26.939651422703566,29.0866986494698,32.25817520361363,0.7
1446,9,91,11,12.264836550711678,10.54963468653229,17.91490985785732,15.332581335411641,6.781258119131422,12.794271403566608,16.586312969616518,17.580015373044283,0.7
1447,9,110,11,24.991865799184502,24.991865799184502,29.561893168716182,27.459810792274716,3.2509853591669176,25.94490374833999,27.137740642324022,29.44806395169571,0.6
1449,9,127,11,42.22626813387295,37.39015916512381,42.22626813387295,38.59085227989546,2.01054442639002,37.633372806964566,37.93270364670815,39.18990493630183,0.6
1451,9,95,11,9.394156073214148,3.831234200449484,9.394156073214148,5.739820106503354,2.1620644413529346,4.8013917994842155,5.475386356477273,6.312933547015721,0.9
1452,9,100,11,23.084890489220317,22.697747134595446,24.609888346568585,23.5676341278903,0.38066283517789906,23.084890489220317,23.497639715233397,24.036670644167863,0.9
1453,9,113,11,38.67563354890023,23.15638665054646,38.67563354890023,31.094781366546112,26.222819670773816,27.486986495226287,30.29460296321734,36.24831332865045,0.4
1453,14,163,16,38.67563354890023,22.76136923723606,29.426406061236882,26.194501206686965,4.6988389677448135,24.385544608118586,26.662845708602838,27.661242514595028,0.7
1455,9,110,11,19.395571799303436,11.968474398726944,19.458762821909474,16.05605761055511,5.789984058348401,14.785279611465318,15.174617984733,18.507770950469368,0.7
1456,9,138,11,22.776410057249667,18.077340311242338,22.776410057249667,19.771862397859454,2.0893302946273975,18.858924284702933,19.13806297896077,20.140554531038852,0.4
1456,14,191,16,22.776410057249667,15.28253807079266,19.113803192194318,18.042018404860055,1.253950756801519,17.95537165771916,18.346444433717707,18.819912375570205,0.9
1457,9,126,11,20.48539841803381,10.920246057170683,20.48539841803381,14.85738735000749,5.801005896594356,13.780445939667235,14.685498148650964,15.469927307726163,0.5
1457,14,180,16,20.48539841803381,10.920246057170683,14.7653672732786,13.869765530253584,1.3128587603205213,13.780445939667235,14.37435600726927,14.668262361960522,0.8
1459,9,130,11,13.033556663600569,10.426605481138747,13.417916436024502,12.356160240729853,0.7804219213380648,11.835494361148537,12.647512816439079,13.01992344031443,0.6
1461,9,129,11,16.054887169841518,9.707712848627462,16.523445585371476,13.985520000035304,4.758525246293544,13.382968685908267,14.076086735750167,15.935310112820115,0.4
1461,14,178,16,16.054887169841518,9.707712848627462,14.008212692042125,12.71910243930574,1.9225462761365553,12.332688022225213,13.277032502453356,13.686913423329086,0.9
1462,9,102,11,17.3474055727336,11.568704835839535,17.3474055727336,14.761730687081268,2.2303606541490137,14.05120394864235,14.683214755398133,15.833814558801018,0.9
1464,9,120,11,25.00939631671246,25.00939631671246,28.712818183665256,26.46291721328326,1.299889057183868,25.424229407108115,26.734440440390337,27.165597242560523,0.7
1465,9,137,11,55.454733276278716,38.723706835826555,55.454733276278716,42.985719687924345,20.199124441949436,40.81603260674538,41.416247746230965,42.69771630660479,0.6
1466,9,95,11,19.29144332862775,12.17318028448527,19.29144332862775,15.137505087171215,4.211805591194904,13.762772862876496,15.528859019650428,16.25416494621377,0.9
1467,9,100,11,16.30302136490265,7.159046482770923,16.30302136490265,10.124164473513177,6.389350718042216,8.63604334844284,9.889880884985315,10.965090415625777,0.7
1468,9,121,11,25.001552902986248,15.059284765684126,25.001552902986248,19.976006052617088,8.220483040517859,18.547658586218922,19.52958093967526,20.207127951319055,0.8
1469,9,108,11,7.723721578059342,3.4639291899851345,7.723721578059342,4.685408625882245,1.63239876757492,3.7749441900031737,4.14332938605104,5.150568988963887,0.5
1469,14,157,16,7.723721578059342,3.4639291899851345,4.48489025270089,3.901819235075167,0.09217233734709265,3.693494749764672,3.931280243688974,4.05083424923353,0.8
1471,9,121,11,37.201845956542236,11.288934675547825,37.201845956542236,23.409248659829423,41.6700733965994,20.175470773625815,23.60388293343228,24.918500729651477,0.8
1472,9,108,11,30.514479499802242,17.415255109659142,30.514479499802242,22.356753590157325,14.87258515680737,19.612571985706722,22.041176621296337,23.511926518864094,0.9
1473,9,130,11,18.744360668037082,13.562122794098922,18.744360668037082,16.48124624576304,2.5175370967648347,15.614064278589606,16.233710755043916,17.84856658908052,0.6
1476,9,120,11,18.147774701880827,6.436170958196932,18.147774701880827,15.369435392220197,11.941847140148909,13.906801558912353,16.669766137889336,17.909477913377266,0.9
1483,9,126,11,14.617901294433265,10.848735231203662,14.690550123937554,13.688397210202647,1.1793394480378687,13.37822801209834,13.778708725846247,14.578135830786993,0.6
1484,9,98,11,25.98340640206407,12.083183186565023,25.98340640206407,19.08631166585413,20.180129964566227,14.709462017800043,21.110080850664865,22.053960625929143,0.9
1485,9,130,11,21.821392380716084,14.757417005563404,21.821392380716084,19.19511795912047,3.358364416730891,19.078893457583135,19.891511808721294,20.0520267060965,0.4
1486,9,121,11,29.96024764477037,12.389143313300247,29.96024764477037,22.897941925898994,30.68627207640767,19.173553256518417,22.48586815824135,28.344557215524876,0.5
1486,14,168,16,29.96024764477037,12.389143313300247,22.933334278545434,20.364803717116768,9.614089374586346,19.173553256518417,21.876417992981303,22.57734440013901,0.9
1487,9,127,11,34.251166605825205,15.405890766392021,36.273650459393934,27.665208577895452,64.1592215709564,19.314722194553692,31.858440636999706,34.251166605825205,0.4
1487,14,177,16,34.251166605825205,14.163199489496524,29.968567392770623,20.14844540807764,16.50953040169862,18.390892784320844,20.29057377542263,21.408855404215437,0.9
1488,9,120,11,36.54651321410812,33.90080762728623,40.74400528087497,37.85652623638806,4.791023697046529,36.54651321410812,38.062238072159445,39.51597130727158,0.9
1489,9,139,11,30.647429393293955,10.271434363413137,30.647429393293955,17.987791663477203,66.84891508152658,10.49977357036094,14.13827060999368,25.166364137855645,0.4
1489,14,187,16,30.647429393293955,10.271434363413137,12.523814472469816,11.3761557007554,0.7539871357324255,10.49977357036094,11.297024520459498,12.263741269205555,0.7
1490,9,124,11,22.276509611832232,15.53865454490631,22.276509611832232,18.376372527373896,3.740351954558362,17.4354635890637,17.90727432395859,19.04704774353889,0.5
1490,14,181,16,22.276509611832232,14.007612645767669,18.014640745842257,16.891086733799845,1.4604359491946728,16.447855052840506,17.366090048630156,17.717781962060098,0.9
1491,9,101,11,27.82619029900604,13.608950642689685,28.022607030829334,22.427234422564318,30.094220145745926,16.776451777672545,24.550134734803244,27.341688119488296,0.7
1494,9,127,11,13.115079300967217,9.161323198549102,13.115079300967217,10.663122390718504,1.0968240248237107,10.354018239532467,10.54528301696967,10.649131674123888,0.8
1495,9,122,11,10.34017676551596,5.997908459480115,10.34017676551596,8.418237585305828,1.4720192166561668,7.952672044155451,8.560476728295084,9.268992714365812,0.9
1497,9,104,11,25.110049768749096,19.696501164376095,25.110049768749096,22.00989752492622,4.738201265915505,20.166393454202005,21.076624200071258,24.406501167372227,0.7
1499,9,118,11,10.092410705066436,8.38888125830664,10.232003113432825,9.498343699697683,0.3167728431330032,9.229665477145153,9.54787389513581,9.9986159845414,0.9
1500,9,88,11,6.398877647805241,4.597555027850718,10.242368775169975,7.553504438153878,2.6970916850599687,6.43904687232514,7.275855764399942,8.977301611703727,0.9
1501,9,124,11,18.211488674597575,11.175563734298006,18.211488674597575,14.648455904572174,3.5669979124838997,13.470081441488958,14.748282211982644,15.426048510881982,0.8
1502,9,130,11,44.1405007124351,25.782467949314217,44.1405007124351,33.7981562244414,41.362545637834344,29.36025737560048,30.866458937777423,40.38997739454145,0.5
1503,9,120,11,15.537516461625914,7.456486017597198,15.537516461625914,13.954494692049403,6.01343080554223,14.267747417585841,15.057209000491262,15.29307223379949,1.0
1504,9,108,11,25.100885235096708,12.170180913552748,25.100885235096708,19.16844987046753,19.090097290356642,16.363503314248497,18.339493223486095,23.248778534981838,0.7
1506,9,84,11,8.193941131562509,1.044075432824058,8.193941131562509,5.368700057071774,4.697562636597783,3.925624956348787,6.112018834201922,6.816163405448175,0.9
1507,9,130,11,57.78113117827567,40.713357094394226,57.78113117827567,49.56873570717271,33.19825640472561,45.11447951059009,47.770035097938134,55.29322240649974,0.2
1507,14,173,16,57.78113117827567,40.713357094394226,46.37945367560347,44.47466243629591,3.7234854501282704,44.270734686833165,44.98633641569384,45.7875631237448,0.4
1508,9,102,11,10.013794820839271,7.482245202460279,10.490595734245353,9.39659056590194,0.7087843686645593,9.109819332686472,9.586066995862051,9.998654491711724,0.6
1509,9,98,11,15.99203343468853,11.842998604769601,15.99203343468853,13.609901914607885,1.8864315264814777,12.379050028216039,13.47809253781497,14.218596300423444,0.9
1510,9,113,11,20.22113132656925,15.98332969516398,21.552680123722574,18.949933724240154,3.2300746804339076,17.782503288866753,18.859685812477686,20.22113132656925,0.9
1511,9,116,11,5.7020071699676596,2.188066207784658,5.7020071699676596,3.9037264448663267,0.9951637799205019,3.391076771640625,4.0630989918767595,4.344106317472009,0.9
1512,9,111,11,23.467328214116588,17.784067950569458,25.942114747993855,22.920250949048874,7.113874305884499,20.921376660701366,23.891972533082107,24.824067858817394,0.3
1512,14,149,16,23.467328214116588,13.094240848457098,23.467328214116588,19.619837234093882,9.494499642410984,18.18544046770935,20.50652085961441,21.026613107026655,0.8
1514,9,91,11,34.585006900335195,25.58068512411986,34.585006900335195,29.882103218235745,7.702673033123536,27.88606419205999,30.36433755169983,31.623192101321763,0.9
1516,9,100,11,8.153956205972854,7.1051903163952055,11.248258076518448,9.151461762703551,2.012029497649711,8.153956205972854,8.903960061649911,10.53364872987532,0.9
1517,9,114,11,12.832664084437893,11.33633227441118,12.832664084437893,12.361034883816291,0.21604412068404572,12.067331821793402,12.416162887873842,12.797481733847649,0.9
1518,9,111,11,31.634325583632748,22.303544877663686,31.634325583632748,27.078244164726577,4.583572524351099,26.596993904964663,27.076817151731962,27.33496011100862,0.8
1519,9,95,11,18.6926409862428,9.832587525479271,18.6926409862428,15.511312538841512,6.817321598306333,14.15096097177414,15.585621047992092,17.75104968498654,0.9
1520,9,133,11,34.76981326514634,32.52077053460665,34.76981326514634,33.807640251432026,0.3795121343689952,33.42760257910614,33.829382609406224,34.19123200730872,0.5
1521,9,119,11,32.66431430949084,22.580607391000875,40.91441880570731,33.58503558002134,35.22308055278025,32.66431430949084,34.20403784574878,38.325098405274986,0.6
1522,9,118,11,49.640077980428636,34.76604411488867,49.640077980428636,41.45806749869015,15.202506976349923,39.51864692827796,40.81686331574354,42.346006178027594,0.5
1522,14,163,16,49.640077980428636,34.76604411488867,40.732426165463664,39.454896328629715,2.7369975190834417,39.51864692827796,40.005506360799885,40.29517944406735,0.8
1523,9,111,11,35.72758243015246,12.82363760932714,35.72758243015246,25.13319681727106,79.49991419562566,16.097962450710007,26.841315045373015,33.6827726979938,0.4
1523,14,152,16,35.72758243015246,12.82363760932714,23.312403179323827,18.304752312359035,14.254576803430599,14.220661552185794,20.013725647890936,21.256697819663014,0.8
1524,9,126,11,77.29322745004774,63.789989303948744,77.29322745004774,70.61024195038695,16.63313844640554,68.57728688622467,71.92144680962929,73.08549576419061,0.7
1525,9,116,11,13.591142511479466,4.298193046697125,13.591142511479466,8.16066007968455,6.809695592323917,6.882683849435561,8.23667082590999,8.762445602225988,0.8
1527,9,123,11,18.417178475625462,13.272357015651911,18.417178475625462,15.581578019108543,1.6033025008114954,15.194959575795254,15.518408418372214,15.740003986016228,0.8
1528,9,108,11,25.630649790302222,12.718984833415124,25.630649790302222,17.385265554762615,11.296616475801027,15.585486055241752,17.510372815070134,18.34427521079024,0.8
1530,9,126,11,29.155017322645637,8.569227206225698,29.155017322645637,19.25274296148861,24.113113708586013,17.842530394896727,18.707543424735697,20.552041723672076,0.8
1532,9,104,11,14.702652487219819,9.504989899700636,14.702652487219819,12.35309159580672,4.042077447896739,10.145305593233694,12.910349678909576,14.191525999012162,0.9
1533,9,138,11,26.30179259272245,22.37751713600354,26.30179259272245,24.14735506564887,1.60914878917378,23.31528742483867,23.979255099985686,24.655818097665275,0.3
1534,9,95,11,6.864236896396192,5.833648467377482,6.864236896396192,6.322386782302108,0.12866810797649136,5.947804632392446,6.38715886021169,6.537931526663991,0.9
1535,9,109,11,18.22469911776533,11.698055139537384,18.22469911776533,14.43284502039314,3.052565506736273,13.824560639351485,14.268743516432185,15.376901879772376,0.9
1538,9,99,11,34.49321047463114,10.82206814613723,34.49321047463114,19.100805952446194,36.57990918966941,15.320015521462043,18.349781053834995,20.98311820491133,0.9
1539,9,116,11,18.00342981974954,10.874863750977816,18.00342981974954,14.512126273292633,3.3789340814306854,13.863237336700617,14.471611055490047,15.467331905446258,0.7
1540,9,127,11,14.280584580264506,9.152356823221659,14.280584580264506,10.562253041880743,1.9034374865316726,9.756020608067722,10.38440609060812,10.82737423494535,0.5
1541,9,131,11,27.550543278313892,23.406736896848415,27.550543278313892,26.3033520746955,1.2843269967919884,25.874418619218538,26.477394502858147,27.158517049474057,0.0
1541,14,194,16,27.550543278313892,16.222468809846724,26.599678391456614,23.296702188604545,13.353564542483104,20.615156393528913,25.345975626985755,26.049858756287897,0.2
1541,19,256,21,27.550543278313892,15.587928360109036,24.95411111699649,19.081535522276567,7.988592118572311,17.288582010466243,18.509066403195384,19.472253586688193,0.7
1544,9,123,11,7.3248752544727465,7.050427017649618,9.729012198558248,8.34258082891577,0.8724660993457081,7.410319395880526,8.351164971719346,9.016236500572743,0.9
1545,9,103,11,18.332487310596292,11.281460872838759,18.998062389685934,16.584401313990412,5.293531348636418,15.1374467821924,17.360076831931472,18.332487310596292,0.5
1546,9,120,11,43.904591868631876,31.118632666529056,43.904591868631876,35.73982461916318,11.484340919866323,33.40573380069116,35.994764972861525,36.757610316827815,0.7
1547,9,118,11,17.08239993029458,10.135824972739357,17.08239993029458,11.837507623888737,4.1553220090019645,10.613241449574272,11.1616537052036,11.782161237305445,0.7
1548,9,116,11,20.540284881563906,14.021914854873476,20.540284881563906,17.925658247375427,3.35346762373294,16.67086929802245,18.367835991416687,19.159581426839313,0.5
1549,9,129,11,19.739824145400853,15.522138692320727,19.990820068124055,18.20216630634057,1.7755544961966645,17.52827086668679,18.07677140183351,19.482780695830954,0.6
1550,9,108,11,9.81138041939177,5.718323632468348,9.81138041939177,7.475327987715649,1.046467974322344,7.188008419043392,7.569519407992223,7.683002887854866,0.9
1551,9,125,11,59.20429077587799,41.412579557703936,59.20429077587799,49.68837856507248,31.80321353156586,45.579315396173996,49.938201131242806,51.90050043876813,0.6
1555,9,122,11,21.008919372265105,21.008919372265105,23.75015746152517,22.231215457667428,0.8898540612837014,21.504398317273406,21.978861538696897,23.105266902753897,0.6
1556,9,118,11,45.55511202696283,30.39967857593885,45.55511202696283,38.4095106067747,35.73077891654426,32.163538716361245,39.99737996025779,43.61772617404899,0.0
1556,14,177,16,45.55511202696283,23.105745155182653,38.16237026625828,28.74890419997319,21.390532016131274,24.817698463728913,28.180631993201963,31.62812536988675,0.5
1556,19,227,21,45.55511202696283,23.105745155182653,27.24243099137468,25.74278021239972,1.84595976908659,24.817698463728913,26.121915970555953,26.881696664985682,1.0
1557,9,115,11,7.579884599829591,7.579884599829591,10.366120537180223,8.580602767323477,0.8121876250687403,7.930937965161644,8.388958029141133,9.078615917973924,0.7
1559,9,141,11,37.87992429010374,36.00435319535938,39.4245763325258,37.752264016356015,0.7467122312715975,37.285083703002655,37.825844962176284,38.14949731596682,0.2
1560,9,121,11,18.57531778161882,10.537285692604538,18.57531778161882,12.770194680845012,4.397952770910901,11.511653368021918,12.576716748438752,12.734805901627901,0.8
1561,9,121,11,63.58248520113632,39.79681782165859,63.58248520113632,55.79964591148223,44.3385677723135,53.65051230424895,57.123299927320275,60.10014731755126,0.4
1561,14,150,16,63.58248520113632,39.79681782165859,56.987590645281266,51.22175127466795,27.963582306166813,48.9125887370425,53.110735743921374,55.26825954014742,0.9
1562,9,109,11,18.183606427950124,10.45990013771064,18.183606427950124,13.284664359507541,4.811184884874656,11.600480628374857,12.883921406036082,14.520495933021332,0.8
1563,9,115,11,19.884491542511725,10.020377114632334,19.884491542511725,11.906668563181949,7.484607008977757,10.43319139838722,11.302806920758002,11.7922647732794,0.9
1565,9,119,11,14.510081331006337,9.040615492365838,14.510081331006337,10.75898078714861,2.453817647920989,9.817966541270078,10.24395266129509,11.379904258988851,0.7
1568,9,123,11,21.423930579254026,8.44990403506679,21.423930579254026,14.540864972409036,15.444693574486447,12.026509581573395,13.925206301018587,15.196621132266458,0.8
1569,9,90,11,5.746066811071575,3.2277277296682416,5.746066811071575,4.363354043405668,0.4225704188495404,4.033863894101214,4.243221790146752,4.747370236856099,0.9
1572,9,120,11,14.996155755706692,7.780238266769572,14.996155755706692,9.578562134431916,3.639509718380257,8.863198723718362,9.138785077576824,9.434936670301024,0.8
1573,9,114,11,7.938669707454132,7.183514054554401,8.873694765784382,7.965417880557199,0.24634037924628482,7.725398015090319,7.938669707454132,8.22196444750724,0.8
1574,9,107,11,71.70602344316804,29.5303816838307,71.70602344316804,56.3083140037456,105.79961800414253,54.828359298409715,58.792573985195375,60.50470015961056,0.5
1576,9,122,11,37.213688393772244,23.953280384953594,37.213688393772244,28.441600701664715,14.676181827085852,26.5366142793887,27.369997373061423,28.900739512248215,0.5
1577,9,134,11,19.59098894539521,14.048089659620132,19.59098894539521,16.291768330925308,4.715288178648119,14.227428379232633,15.511173085430725,18.53372232197098,0.6
1578,9,107,11,26.31058899075893,9.093564327083246,26.31058899075893,23.087888547651332,23.384391045057136,22.88667519248414,25.19284982291476,25.489427963563212,0.5
1579,9,115,11,48.41553471165301,14.450841924684255,48.41553471165301,25.57985315493188,100.73991229464178,19.243495306109395,21.434148346885486,28.350401104208704,0.7
1582,9,99,11,4.30329866933095,3.7982774270739124,5.105974630549469,4.407590865867247,0.1305786659571813,4.168592787707728,4.346405204194397,4.622152860964729,0.8
1583,9,113,11,14.793448937326092,12.65588607286612,15.282060712330388,13.726459170985649,0.8983809017345848,12.976447668284031,13.23365637561136,14.726574655396938,0.8
1586,9,131,11,29.700331945869355,26.642938788057272,36.369935964192855,32.509157954765556,8.965687215423037,30.24063962985435,32.50736033049222,34.88644122642711,0.7
1589,9,122,11,25.20049290545642,20.242353850492833,26.186052590720536,24.674301628084457,2.6129707402056326,24.323107518180517,25.20049290545642,25.567640473171824,0.8
1591,9,114,11,13.673449360883572,13.673449360883572,17.680492843418637,15.780891226285652,2.2886224468299066,14.42364935506815,16.011857793266508,17.289677881752514,0.6
1592,9,146,11,18.833787908830928,11.690688707573496,18.833787908830928,14.711207070103447,6.604441871264181,12.719146886206921,13.647097822570473,16.673357073603235,0.6
1594,9,111,11,30.80690545603458,15.557939355270534,35.00927405442337,27.182728545721204,48.890332152813734,20.537208976242365,30.80690545603458,31.9787893490087,0.3
1594,14,162,16,30.80690545603458,15.557939355270534,30.80690545603458,20.97921590584936,19.42821057262079,18.5050443802967,19.60344505237484,22.137343525200155,0.8
1595,9,113,11,14.407904876772248,11.650703896868912,14.407904876772248,13.19157724880876,0.6956775059892697,12.758212390993023,13.292887400733807,13.533221982787737,0.8
1596,9,116,11,29.8091212051763,18.94220776650763,29.8091212051763,25.007465969900757,11.142486218146223,22.477429130200953,26.061331308600593,27.2278981943386,0.6
1597,9,132,11,17.69365713079018,13.108297367173392,19.193311219239458,17.32875282806793,2.445065356499211,17.218439940333347,17.69365713079018,18.15266887743343,0.6
1599,9,110,11,68.55204994060378,22.8465057173161,68.55204994060378,45.834302677475264,262.65923494377665,30.597035954873952,43.08292996722545,61.4544491252603,0.3
1599,14,139,16,68.55204994060378,22.8465057173161,41.3127725529706,30.05304141279192,21.79057362692279,28.06590566210624,29.11714758346392,30.272356986167328,0.8
1600,9,113,11,58.59846446194604,17.961999221895482,58.59846446194604,35.24862843684785,234.2882632501998,22.214363834862127,27.840884898238766,52.06068982625341,0.5
1600,14,172,16,58.59846446194604,17.961999221895482,28.304514470427467,24.345570710274757,10.410600936525757,22.214363834862127,25.06481420736231,26.972045927995048,1.0
1601,9,123,11,16.42105284862227,11.541376237212384,16.42105284862227,13.304825508590318,1.5939269638217595,12.486546926804124,13.443090939968315,13.64435585619943,0.7
1603,9,103,11,40.88324520361289,32.52136864419766,40.88324520361289,36.130047100089044,4.713754800584924,35.36807403789269,36.2930185993694,37.033571562095695,0.4
1603,14,162,16,40.88324520361289,32.52136864419766,36.35386430309234,34.848253958619765,1.5314937819068426,33.866812814795466,35.122591682199655,35.79485583720884,0.7
1606,9,93,11,27.590726423586233,18.717892642877977,27.590726423586233,21.43772382527135,5.009502886362673,20.38776229370705,21.029396164809008,21.633410375188205,0.8
1607,9,118,11,83.57178028255692,66.82815817309096,83.57178028255692,72.7363395466267,24.56992360362927,68.85820796421716,71.70508227535717,75.54414012229546,0.9
1608,9,127,11,37.7382412191881,22.510743329694893,37.7382412191881,30.300004741387255,13.634965449988233,28.584349882982394,30.415695502387734,31.821343539614055,0.8
1610,9,126,11,9.964552834650204,9.284567912254802,11.088242981012716,10.248208126921597,0.34513673064288974,9.964552834650204,10.187974201246059,10.811861321901485,0.9
1611,9,115,11,36.523876671355595,19.725352256388152,36.523876671355595,30.17129204340184,20.32963211829705,30.352819160269817,31.432034963656875,32.51476467659759,0.9
1612,9,123,11,54.42617529271223,29.027266384719717,54.42617529271223,43.75691843229258,61.028253187942354,38.452875679274214,43.20370679134878,50.87050783336284,0.5
1612,14,175,16,54.42617529271223,29.027266384719717,44.29882353677256,39.54795862400149,16.464803588763356,38.452875679274214,40.95895469613585,41.7765859126164,1.0
1614,9,88,11,43.47998534141751,15.262945243485209,43.47998534141751,25.696366370656385,105.15075413647374,18.69420994286902,20.706028244900523,35.26156194947655,0.6
1615,9,127,11,28.30303811855483,18.100238779669723,28.30303811855483,21.95667570344874,9.721035226768626,19.997489848490005,21.537432270479265,23.038020662020287,0.7
1617,9,96,11,9.555186639051811,4.721568693892638,9.555186639051811,7.38169476452501,1.519308083651533,6.707677822371803,7.438800495955286,8.187454961672136,0.9
1618,9,119,11,42.66239190891524,19.318815829619222,42.66239190891524,27.004196804706062,57.06666976696655,22.582752774247616,23.838592508213097,29.49881961917713,0.7
1619,9,124,11,16.824713813384523,9.347374276162585,16.888889203141495,13.30227017490289,6.419755319721615,11.597335942736876,12.844967777057905,15.876047923135253,0.7
1620,9,128,11,18.68824385670063,12.888797354383541,18.68824385670063,14.94099873988148,3.878955823833924,13.455582946375134,14.076355885485633,15.67054271064338,0.6
1621,9,89,11,9.984929149502818,3.6520877908036344,9.984929149502818,7.896420054136009,3.499325239576458,7.659865755889139,8.43329506298284,9.064087076543988,0.9
1622,9,121,11,16.871403531590317,11.862022670763093,16.871403531590317,14.753212076245086,2.7432313151093113,13.280157873525091,14.906197848168658,16.28947363672614,0.9
1623,9,106,11,30.73094892207063,17.84507474157661,32.89034941925613,25.14544992336332,20.880593967243694,22.43667037940291,24.052687243854848,29.325624217110573,0.7
1624,9,107,11,24.109296669779212,23.07229575640121,27.8127798487686,25.478825302378173,2.4976962762817676,24.109296669779212,25.755209501398078,26.79819302290186,0.9
1625,9,118,11,40.26083857752069,30.224482795751182,40.26083857752069,36.543233366082546,8.349353601957526,35.14724025529577,37.40543742007592,38.053703305177606,0.7
1627,9,72,11,45.959663213940416,10.967120359186445,45.959663213940416,23.147654247960684,85.28031890422623,17.37330263851962,20.716209329213584,25.0732145507086,0.8
1628,9,130,11,15.156079590703424,8.441815420812153,15.156079590703424,12.279834959527225,4.207918320489385,11.453815051067945,12.38122376498267,13.473276621667242,0.8
1629,9,118,11,21.889734686109577,15.323660279393616,21.889734686109577,19.635458730545125,3.1064105556575408,19.596470752107752,19.827666490992474,20.055813145033568,0.8
1630,9,111,11,31.34932850386724,17.271557704261397,31.34932850386724,21.690221581247236,18.457289131350244,19.879923738000194,20.428136256239796,20.764056975858736,0.5
1631,9,107,11,44.716203333056214,34.17298084806068,44.716203333056214,40.13163081112641,11.229815359568901,37.734472640256655,40.30383847414246,43.04686461452698,0.7
1632,9,103,11,15.274556172234657,4.042445234973705,15.274556172234657,9.678408422257098,11.556742954149454,7.457693280265759,9.160476788898617,11.104525431371222,0.7
1633,9,99,11,27.78054572688781,12.416854390549215,27.78054572688781,16.8006996445938,19.24022427224524,13.767716434452334,15.483821778366584,18.714267506684738,0.9
1635,9,122,11,22.607997705668716,17.41248820889454,22.607997705668716,20.82408375837556,2.3209371141209436,19.951404030474436,20.913910718548877,22.08908573183758,0.6
1636,9,106,11,16.566120913328618,3.3655516393416938,16.566120913328618,9.90440135361179,10.085677187523759,9.101333921817158,10.506159115409176,10.948538941730575,0.9
1637,9,125,11,25.55927854759442,23.66140853364479,26.164076745927574,25.281356254064455,0.5807818662110102,24.879271013763905,25.55927854759442,25.76028970986573,0.8
1638,9,110,11,41.46986443848447,27.480230539345587,41.46986443848447,34.52879804495366,14.628249113003667,32.12169947728524,35.40844282481133,36.57081125243886,0.9
1639,9,121,11,9.25953113142496,4.654425369640581,9.25953113142496,6.899515776886995,1.5972909473575034,6.4441832216426915,6.597162838416475,7.150922901264435,0.8
1643,9,103,11,27.523137532975923,18.024744424111347,27.523137532975923,23.4349715312807,9.199821094816615,22.025082916920383,24.522137888879698,25.59860095820133,0.9
1644,9,110,11,19.694518379905382,9.780039004914979,19.694518379905382,11.99205580729614,7.366365278048619,10.488554691348197,11.366544087921497,11.624975338546884,0.8
1645,9,101,11,35.55255739666333,13.554094595820677,35.55255739666333,19.837748631469584,37.09005506775646,16.257204901135488,18.549065833400913,19.443936820574606,0.8
1646,9,122,11,13.892841049885778,9.41211836318772,13.892841049885778,11.789900778470034,2.113460652805722,11.19339873123472,11.787850891189839,12.481145741993082,0.8
1647,9,110,11,9.868389198618253,9.014456193934638,11.751926036553689,10.498703718454104,0.6235614747924784,9.965271148453681,10.43045754506797,10.915428990027815,0.9
1648,9,118,11,17.80542968247314,10.654810394750395,17.80542968247314,15.468219239337762,4.062191093733055,14.316252232972223,16.050343024584368,16.92389555704053,0.9
1649,9,129,11,27.925337893324162,19.091227449382473,27.925337893324162,23.592245657888043,6.746055638675385,22.289751114511056,23.159493563439604,24.254891582447662,0.4
1650,9,105,11,40.96570577099443,15.641307455994745,40.96570577099443,24.568922862022635,49.94717460868541,19.61364875078461,22.847320411139698,27.114709837704364,0.5
1650,14,154,16,40.96570577099443,15.641307455994745,22.521199879068625,20.271749495142807,3.3420629424311357,19.61364875078461,21.01507894716507,21.2800577440444,1.0
1651,9,113,11,10.390003999907536,4.642168532212635,10.461453410833666,8.856641446131121,4.334019484143333,8.400146265079115,9.81185706809492,10.390003999907536,0.8
1652,9,123,11,36.25404276625076,31.69862549958158,36.25404276625076,34.16838949935704,1.4083460101197558,33.69166295038959,34.41644176999185,34.77104371550862,0.9
1653,9,88,11,5.628465873585323,2.802276084626343,5.628465873585323,4.225553247668488,0.6157314779138671,3.793648577749616,4.25438677057336,4.771322624353475,0.9
1654,9,104,11,6.871341615015779,3.651410981819093,6.871341615015779,4.938479035672482,1.1199688682237543,4.157735524088294,4.623721664398424,5.349104251770536,0.7
1655,9,110,11,68.76590903319365,57.499272750467625,68.76590903319365,61.49231400915668,15.657377005693755,58.661856429312046,59.95509733732422,62.667796810359015,0.0
1655,14,182,16,68.76590903319365,20.821823330577388,59.20515503872389,46.45838457658059,196.9639789195985,35.30034403519904,53.653520802229934,58.47045693616831,0.2
1655,19,240,21,68.76590903319365,20.821823330577388,49.807768853992236,31.731772107182916,62.590875558349225,26.4917844371956,30.64098531161401,32.99496894578564,0.7
1656,9,119,11,17.806582596662835,10.36147648219061,18.182330243236105,15.663611156870264,6.392241568785378,13.842526194978191,16.97792388827775,17.744840825994494,0.9
1657,9,118,11,16.130488890706918,12.910250116850849,16.130488890706918,15.111402242228724,0.9824641218996449,14.425852207191618,15.520392590351069,15.841276947458688,0.8
1658,9,109,11,57.291719979293084,21.916248133248438,57.291719979293084,44.12583714529968,73.82875261770656,43.28258817840491,45.05426467987955,48.25369196498373,0.8
1660,9,104,11,16.211195210576697,12.104067196337708,16.211195210576697,13.519276896270702,1.0776228247248019,12.870664941977864,13.540645553541118,13.694851723888647,0.9
1661,9,131,11,16.792665089972623,12.051104065655354,16.792665089972623,13.784083673392558,1.5221198058792953,13.264118300884553,13.553141716760837,14.28812445532924,0.7
1662,9,109,11,13.796893226441892,5.275063504106887,13.796893226441892,8.824950324588084,5.297471056647585,7.7210072757353565,8.0992695025403,9.249357664450832,0.8
1663,9,112,11,24.815779079904107,14.355986338398456,24.815779079904107,17.948060246623356,7.579373241460324,16.995317479342372,17.814640992734056,18.39887318944465,0.8
1664,9,117,11,11.76801233272285,10.070188361433829,12.795463357478837,11.77578011303948,0.7350450082078182,11.76801233272285,11.89498648084636,12.395386510559849,0.9
1665,9,106,11,20.18492857090679,18.572579526727782,20.18492857090679,19.45577522031215,0.3385951222996898,18.88575135468264,19.5667817076271,19.988950240858877,0.9
1667,9,134,11,46.87932519568844,21.31274236318701,46.87932519568844,33.81203975420935,89.32010604341137,23.225225597148278,37.05792537660719,41.709424869055,0.4
1667,14,177,16,46.87932519568844,21.31274236318701,36.32726025486821,28.089120639333167,22.570614318628746,23.225225597148278,29.796717731297065,31.317898178572385,0.9
1668,9,122,11,19.73553343357235,15.260023751505894,21.62898966708721,19.454232243882238,3.0225428468101336,18.963753216135977,19.73553343357235,20.285852298954687,0.9
1669,9,116,11,13.714724934388517,7.231695222028241,13.714724934388517,9.575346311969039,2.553496417714276,9.226120674998974,9.37081881986801,9.800315308308306,0.9
1670,9,119,11,19.93868523613592,12.341329921086253,19.93868523613592,17.362600467664375,4.538273475160528,17.050688231879867,17.829696328068273,18.528834843300174,0.8
1672,9,113,11,26.92258320501349,23.974240485989306,26.925320969806037,26.127742890315478,0.8738506808211557,25.641872326311695,26.634893741128284,26.861641332067123,0.9
1673,9,105,11,33.13365780433142,31.154003491167515,34.121493065694175,32.814548043756965,0.5744991245736848,32.37613354516408,33.01476496532035,33.219920561884194,0.0
1673,14,154,16,33.13365780433142,27.02529897600026,33.01859414440368,30.734155710530935,4.851213405469418,28.609854875081083,31.70196969898228,32.51620266305629,0.3
1673,19,192,21,33.13365780433142,27.02529897600026,31.318463389888493,29.617188325045554,2.104870956882862,28.30932822779893,30.34916664525253,30.567371374168793,0.4
1674,9,111,11,65.58992759883188,30.61813204296555,65.58992759883188,43.49491624655525,81.95497633848169,38.35441395031353,42.47587132606142,46.74441803882999,0.6
1676,9,114,11,7.949250557752956,6.211964938898241,8.224006449479493,7.540726178628342,0.5043084076895994,6.96820869660771,7.918116415744363,8.101038416751958,0.9
1677,9,120,11,24.289935617317894,24.289935617317894,28.10036252152363,26.42414258208609,2.0203057066892987,25.34453392088883,26.68120829649711,27.69536081713751,0.7
1678,9,116,11,26.307866714601257,16.60721277762678,26.307866714601257,20.657601102892464,6.149936105722861,19.306428442906725,20.40002318510067,21.62642818680836,0.8
1681,9,127,11,9.444521665954486,7.260915235959116,9.676232584799255,8.902279429698007,0.5366048307276319,8.445421269302226,9.162007247925224,9.435867293972152,0.9
1684,9,136,11,13.250427323273144,8.322937696732678,13.250427323273144,10.505976652535786,2.0028389569387137,9.369343024443268,10.495102376888713,11.42402207856513,0.5
1685,9,106,11,17.85888545354647,14.365505869350436,17.85888545354647,15.837881209811576,0.8063360292814196,15.190777166770415,15.981730310451505,16.107539727153377,0.9
1687,9,121,11,36.21235040159813,27.060069919905963,36.21235040159813,31.188197985183514,7.2975272703714875,29.37813256860438,30.872965417516482,32.31699480527127,0.8
1688,9,97,11,86.54897509630615,71.10229975211013,86.54897509630615,77.8831801541995,24.982223812093125,75.44503369788109,77.5239385529654,78.60049726205449,0.6
1689,9,106,11,13.936932322997519,11.076909267306531,13.936932322997519,12.791646748353324,0.7561661484804749,12.234829341057237,13.19787818207915,13.335932844017497,0.9
1690,9,117,11,8.693456304591209,6.967489293322029,9.363352464662071,8.418016005373476,0.4334672706479192,8.238535048142847,8.605728531186978,8.718404242018877,0.9
1691,9,121,11,50.783038595782095,33.65182577089723,50.783038595782095,39.92692871097166,17.462982125468717,38.28662857245926,39.452049241045444,40.45224242541259,0.9
1693,9,102,11,42.02148323326572,38.363706050489334,46.36252238787583,43.034108380906005,6.474723648458612,42.02148323326572,42.67540930399025,45.54606337830812,0.6
1694,9,114,11,23.042753367112425,8.884290556596419,23.042753367112425,17.332573633423358,27.308428339495443,12.439980298452461,19.056816540706908,22.378285621722554,0.8
1695,9,106,11,6.074878795375503,4.138331468890675,6.69945405196075,5.812482909593378,0.5139244132204108,5.56054217409619,6.074878795375503,6.254156259019757,0.9
1697,9,117,11,13.882045980988567,11.878093583562388,14.50376080957421,13.511336312735594,0.7647226295943594,13.221596252441868,13.882045980988567,14.061765476265109,0.8
1698,9,95,11,19.488796873349933,10.123537265183874,19.488796873349933,16.535274174397596,6.942548305505606,16.039815513562182,17.18934254411073,17.70659744635292,0.9
1699,9,124,11,11.677432257621156,11.677432257621156,14.112357427579152,13.14007442576153,0.7862087934021103,12.456651825992697,13.565621572521351,13.763522393899507,0.7
1700,9,104,11,16.00512159685305,16.00512159685305,18.000677337566746,16.844886470809477,0.6717695604637083,16.082430570033928,16.532857246517214,17.71484498399785,0.7
1701,9,135,11,20.94512979006762,19.71051241042737,21.808920799478592,21.020540896474067,0.35283526221872596,20.856952316653878,21.092304072898408,21.391842693173174,0.7
1702,9,133,11,16.597863364252195,9.276555631501992,17.31039006743107,14.804818997697538,5.435687863942071,14.49726714072158,15.025306330016912,16.597863364252195,0.6
1703,9,102,11,5.079077584593988,5.079077584593988,6.330180981881096,5.697853436775146,0.2008893391975354,5.388477792076991,5.645006112852995,6.113245196439975,0.9
1704,9,84,11,5.663898367154175,5.295717096963868,6.544467570129764,5.826425213807735,0.18688252118254148,5.559107988118143,5.635140302859515,6.1442214377272295,0.9
1706,9,122,11,32.648489171068135,25.148096421105585,32.648489171068135,30.13920147727752,4.583428907356433,29.22880726019421,30.194463321938624,32.03603565674332,0.9
1707,9,112,11,8.180853940964617,4.808766066312023,8.180853940964617,6.1708146136284,0.6401868143354267,5.796409369017613,6.196440181554721,6.268208774627895,0.9
1708,9,108,11,13.030419254984363,8.64812014029046,13.965413468855044,11.856481424198389,3.389507842141776,10.817278012142197,12.792564580934137,13.130222906240814,0.9
1709,9,119,11,22.087182329077226,10.33993127876835,22.087182329077226,17.083508202148206,13.080201876539055,14.57224175645889,16.75048864179069,20.191026640372822,0.7
1710,9,123,11,39.1969547554767,31.1827757693466,39.1969547554767,33.51413426473715,4.454035879774641,32.31093789794137,33.42577395501192,33.67626258557646,0.4
1711,9,106,11,24.31174086852543,12.835770634219294,24.31174086852543,17.418881719310182,7.336271480403218,16.582783585303737,17.176577977265474,17.83756993062397,0.9
1712,9,112,11,11.447735976033211,8.619654388712073,11.662253397527996,10.855971235106471,1.0499773661179561,10.799715967482388,11.380192662091698,11.566155821597572,0.5
1712,14,153,16,11.447735976033211,8.619654388712073,11.445490688967961,10.681512151607162,0.8446291395407733,10.799715967482388,11.023153035774218,11.291665123217854,1.0
1713,9,118,11,28.375533759858108,19.710419680046574,28.375533759858108,25.24703826041732,5.131916546656565,24.670777799480135,25.70710600486375,26.5677517960033,0.7
1714,9,121,11,43.61399526601044,30.284813942964217,43.61399526601044,36.306277741006284,20.059311801578165,33.861107344657846,34.70251474727995,39.17071458928123,0.2
1714,14,181,16,43.61399526601044,30.284813942964217,34.624021852030985,33.48572435234654,2.4487276400698286,33.716436194511694,34.24347596907365,34.460811880168166,0.2
1715,9,109,11,16.78751234011105,7.474817199720125,16.78751234011105,13.420138197807663,8.145512067820734,11.942879215088151,14.53580918060469,15.577043324982522,0.9
1716,9,90,11,9.372856470292351,3.683906174731076,9.372856470292351,5.4840969542627365,2.486085228294072,4.513729482930965,4.981899386441329,5.9157672007584114,0.8
1717,9,109,11,31.99151133326466,22.352187825663798,31.99151133326466,27.709458280271303,8.686576376470207,26.513195318228036,26.914994668684095,30.11510235646153,0.7
1720,9,119,11,9.087274209003425,6.267743177669725,9.087274209003425,7.434908177166387,0.4745588842713042,7.258235428082754,7.402868109991507,7.61542111644643,0.7
1721,9,106,11,16.65059600510902,11.81699355052044,16.65059600510902,14.401905393329509,1.8528859416257473,13.601806764121179,14.393879267293586,15.325451912861077,0.9
1722,9,99,11,10.633248788788134,7.039784500162534,11.965643272383465,10.09721003566242,2.4964248675170815,9.282325726708967,10.633248788788134,10.957377920616958,0.7
1723,9,81,11,7.557908637364914,5.489903934273549,7.557908637364914,6.325980786415282,0.41050659499332287,5.797197211457068,6.235740076307589,6.820307656860868,0.8
1725,9,130,11,20.67717116581234,20.67717116581234,22.803522716526633,21.518553804982822,0.5357291745284853,20.835041290997857,21.43469527701169,22.11230779088014,0.6
1726,9,119,11,30.327136917562612,24.345406573948743,30.327136917562612,26.102489253761377,2.7496092779859582,25.22680227749969,25.52233077423388,26.62137352020247,0.6
1728,9,116,11,27.712526303696226,20.490780606345332,27.712526303696226,22.758859061282244,3.5725231532049735,21.75758942875555,22.12086126832859,23.169969551469258,0.9
1729,9,115,11,14.318893695106583,8.285767757126719,14.318893695106583,10.441695456296149,2.9571288074107804,9.334410495448727,10.0608774674199,10.716198092821129,0.8
1730,9,98,11,15.631310127219063,7.808073816949686,15.631310127219063,10.303666236622558,4.548968088140297,9.253175886476363,9.642245252496405,10.034986671905907,0.8
1731,9,110,11,4.962475894290723,3.4592234527746193,4.962475894290723,3.8460284061109755,0.17898173518925173,3.619753778693431,3.668143030902151,3.9659285443517263,0.9
1732,9,94,11,14.378407921493725,13.13613217549847,15.556600898629435,14.291732113929774,0.6514851710714288,13.593905989829224,14.378407921493725,14.749434648562776,0.9
1734,9,124,11,24.57361113804774,19.936317623835148,24.57361113804774,22.84506970490381,2.2295629607714,22.02730167698028,23.3376941374206,24.12294995583884,0.5
1736,9,119,11,45.39981658258574,27.159477727430506,45.39981658258574,35.666252184032835,20.733101702029302,33.56858943016228,36.51576408972582,37.52961649344937,0.8
1737,9,90,11,22.748159291390934,15.492395459411771,22.748159291390934,19.2767633452582,2.958604160775478,18.687047845659876,19.319393038921426,19.942703469273287,1.0
1738,9,128,11,19.080339201908235,16.080016048852137,19.080339201908235,17.85520412611973,0.9220054802608761,17.12878962992207,17.774633524302118,18.79339180112057,0.9
1739,9,119,11,30.319138198494443,18.114786838224006,30.319138198494443,23.839737229200413,9.682232457546238,22.646421148029663,23.329750501406423,24.452752951510075,0.7
1741,9,144,11,69.59917274421906,18.670173834095507,69.59917274421906,52.829026705045386,301.0649183248855,38.025488120255645,61.561279334748725,66.28660454094091,0.3
1741,14,189,16,69.59917274421906,18.670173834095507,57.67803425993603,34.92264490285293,107.79190717804588,31.459285498701668,32.70363081170934,33.96168536143133,0.8
1742,9,126,11,18.120154209135862,6.654871333381372,18.120154209135862,12.97180337863401,7.665756708952673,12.47219147357357,13.056386285510023,13.888004799939624,0.8
1743,9,131,11,12.521814902901028,8.408858071364174,12.521814902901028,10.94266806705092,1.4457022980727534,10.240599388827036,11.433202530097214,11.769296144008708,0.7
1745,9,133,11,35.271359370800354,19.648812270878135,35.271359370800354,24.408715742722315,29.61382113974289,20.579704291426427,21.363906546864975,28.926652373219454,0.7
1746,9,113,11,54.58325520757268,49.507130392175846,54.896580928001086,53.782209410723645,2.463118043754121,53.466288565769325,54.50466233621357,54.80368191687761,0.0
1746,14,180,16,54.58325520757268,19.841953483462532,54.42606946485447,42.38481702684162,152.68552504410314,32.203842288662294,48.38127885703942,53.23232467775786,0.3
1746,19,223,21,54.58325520757268,19.841953483462532,47.255427321902985,31.875053966180708,45.434351820086086,29.24863242804766,30.975333598420768,34.68569950294361,0.8
1748,9,101,11,16.827558549498125,12.330334546226887,16.827558549498125,13.707121726275142,1.7856744822387305,12.493352116734757,13.604505788647984,14.309204139925846,0.9
1751,9,132,11,24.725228928888818,15.62291457068339,24.725228928888818,20.935576001028135,4.771648801682021,20.524018204278082,21.331019421342837,21.652734033120236,0.6
1754,9,102,11,65.6244999999261,45.65347254420669,65.6244999999261,55.38513157595895,28.60526687334152,52.05501866836663,56.333596074737315,58.24644511990068,0.7
1755,9,115,11,12.491826574878415,11.666528465099457,14.173317975216598,13.208207945938957,0.5848133161499072,12.625025400339899,13.288658485012347,13.812941741982847,0.9
1756,9,82,11,53.45731646887745,34.71873722607893,53.45731646887745,45.91669214732799,32.397442583316014,43.06150357131125,48.31557846089707,49.978458794504306,0.6
1757,9,122,11,36.02788399133615,26.543377652925557,36.02788399133615,31.03409195604089,5.375480919220516,29.845407480773023,31.268844724600008,32.04286225529532,0.9
1758,9,86,11,24.18186879363244,20.953617826969612,35.87827806281225,29.713253680416518,32.864762702070536,24.333299027622807,30.468135657932237,35.24828951320238,0.8
1760,9,99,11,15.841737702276507,11.477800780159644,15.841737702276507,13.727721532824978,1.4239042886741609,13.121507035149298,13.964129000912836,14.46490181276559,0.9
1763,9,122,11,26.90205454683372,14.9926189934049,26.90205454683372,18.21421399814262,13.210519556049547,15.489966265206306,16.857232763532373,19.765745009987093,0.7
1764,9,124,11,13.111695049221533,8.554940430481707,13.348465880631242,11.397908264167173,3.055564681607759,10.023479456353433,12.20869630887111,12.951564378071218,0.7
1765,9,126,11,64.119939573378,8.218100818175754,64.119939573378,29.571345136107766,389.19585049437785,13.070292436199434,20.201191833956997,45.62877765118607,0.5
1765,14,168,16,64.119939573378,8.218100818175754,22.709003691127133,15.995224946144296,18.606801667484525,13.070292436199434,15.78467521171363,19.704829086580443,1.0
1766,9,97,11,15.149926666255084,6.93845433980456,15.352464657812972,13.807589289397537,5.727039745747592,13.737727771289604,14.588189176308461,15.14645108556638,0.9
1768,9,112,11,41.625820348154754,24.62162118805805,41.625820348154754,33.32343954735333,24.722123479709957,31.40014157312645,31.86775017746604,34.96377497078906,0.1
1768,14,154,16,41.625820348154754,22.919707020884864,31.822206365936523,27.020558845287514,11.71194060354542,23.936538622891476,25.777691835943184,30.821098977594573,0.6
1769,9,85,11,34.23723171544128,24.168519767946336,34.23723171544128,30.52307442628298,8.390051570373055,29.426570691882773,31.40374508922077,32.47705157725335,0.9
1770,9,122,11,22.05005889268364,16.1969097293492,22.05005889268364,18.19170259234348,3.298118496244021,16.942492062094658,17.655510297281054,18.54661001493901,0.8
1771,9,101,11,18.24418258060333,10.180207172306504,18.24418258060333,15.951286077119965,4.670449259555561,15.630487825336882,16.142498658865627,17.062022161546956,0.9
1772,9,107,11,23.541083960704498,17.584637243606515,23.541083960704498,20.536827718784952,3.73321683667346,19.25915854150612,20.351150114652604,21.66428335160807,0.6
1773,9,123,11,17.446690693417423,16.58805136942476,19.868467068389652,18.36212781185758,1.2936824743231987,17.446690693417423,18.305283512214515,19.430531604460196,0.3
1774,9,102,11,50.17553274195904,31.392172262834993,50.17553274195904,38.747899989102194,24.90166256435037,37.133506721287155,38.962960156292525,40.34013841568712,0.8
1776,9,114,11,15.539654281862722,10.538193257619419,15.539654281862722,13.596447765101791,3.1441146114982335,12.440569202096704,14.469250619164379,14.768408634723018,1.0
1777,9,126,11,25.684014515256997,19.24100005598519,25.684014515256997,21.460958601924695,5.161226298871567,20.03222264026563,20.26366829133447,22.076251944712702,0.7
1778,9,116,11,22.93225571314708,13.082245240107632,22.93225571314708,15.53120473263217,7.309417706432043,13.75572086495728,15.10845849104214,15.79309851035946,0.6
1781,9,101,11,86.18749863528761,69.37910135076875,86.18749863528761,79.9236967493594,29.614622780689114,76.24077770778669,80.90766707200555,84.49145033810693,0.5
1782,9,108,11,21.350665237360708,12.562337570219864,21.350665237360708,15.931532452660154,7.712521042114761,13.602860717334169,15.658492786287185,16.610653334889427,0.7
1783,9,123,11,17.096040942419993,10.810196584311964,17.096040942419993,13.670772098108287,2.972081589703033,12.557140445039039,14.034433577997026,14.544845462400227,0.8
1785,9,121,11,28.735332284463773,27.29190319829913,31.26090001843405,28.98625456469768,1.2932042511112825,28.32063833267737,28.735332284463773,29.63682026640896,0.8
1788,9,83,11,11.381391979953715,4.964106296612028,11.381391979953715,7.517398068318582,3.3948277332983308,5.835171200769684,7.9023837956987135,8.294479226404457,0.9
1790,9,119,11,28.840832109054155,21.54516111252213,28.840832109054155,25.92672489806201,3.3839569218024375,25.65047023815653,26.0546265084608,27.008232940993402,0.6
1791,9,141,11,10.605305895820761,6.626789885941224,10.605305895820761,8.2542455262593,2.045644896394429,7.288220179702785,7.773125980372942,9.305102151229622,0.7
1792,9,116,11,16.25674754386985,14.8153017603602,17.66932725696219,16.683800069573962,0.7831474773964467,16.25674754386985,16.806997206326198,17.446078480644125,0.6
1793,9,117,11,15.094918075755247,8.900253922374919,15.375686685890006,13.397470648998354,3.801218664978154,13.099969549166705,13.51784735087799,15.073879948522467,0.9
1795,9,114,11,9.018023942183984,4.954632831607364,9.018023942183984,6.934715998576122,1.2533033431558223,6.093587157694195,6.9703038726883975,7.688885173570078,0.9
1796,9,110,11,29.72570657324154,13.894348729362536,29.72570657324154,21.779428608531624,18.468669207878122,21.298916448363126,21.8978399654495,23.414206788450272,0.5
1798,9,115,11,25.87123485700051,10.100623041598968,25.87123485700051,16.78715139352297,18.776717660105543,15.471976117309865,17.1132337355805,18.60294896477571,0.9
1800,9,99,11,17.389388841077178,12.68599793570051,19.874156379980118,16.14656842977397,5.4650699603629675,14.285690189217021,16.66318371389007,17.389388841077178,0.5
1800,14,136,16,17.389388841077178,12.68599793570051,16.124259514277938,14.661445674938292,1.8501719714278035,13.187877730308802,15.235163485949602,15.929927264144268,0.9
1802,9,121,11,16.786851805476292,12.223806572517383,16.786851805476292,13.866118123172956,1.6360332005048677,13.215271549265724,13.655302145850666,14.20305708004117,0.8
1803,9,144,11,66.81026075214882,35.75835610297479,66.81026075214882,54.83626249841451,129.82922771138686,45.02193208977567,59.25975674590507,64.95293289702734,0.1
1803,14,187,16,66.81026075214882,33.4941191015875,55.10154806679293,39.558646900161236,44.28537417249662,34.58782143586274,36.05303511525891,43.935692117722226,0.6
1804,9,129,11,53.26536123699033,34.16749030181657,53.26536123699033,43.080581229007166,30.480242087905328,39.96107404914651,40.325791154703666,47.87475388035037,0.2
1804,14,183,16,53.26536123699033,34.16749030181657,40.3591245512318,38.24238179339666,4.811350284170688,36.834826186656024,39.04694490013789,40.02925541756578,0.6
1805,9,125,11,54.46310161283587,53.28715391146537,54.61361280513856,54.14666642488392,0.20194852703184693,53.88201358268607,54.30086405261536,54.511152523509736,0.0
1806,9,126,11,31.089720721651638,20.810781385574526,31.089720721651638,26.316506982283663,8.522412025359994,25.015714052618343,25.59405707370713,27.408190294802957,0.7
1809,9,108,11,32.953388685995066,20.241200385285183,32.953388685995066,25.51084752840772,13.782017563173588,22.928324431961673,24.89419530365964,27.024772264889645,0.7
1810,9,115,11,27.228221141289353,8.996247605425198,27.228221141289353,13.647927989847696,30.143653197536203,10.764628995260193,11.481299344869146,12.52740145871699,0.8
1811,9,101,11,8.727935595850955,5.924382994883041,8.727935595850955,6.626894381567079,0.6223122621183299,6.217593317388998,6.324782800444538,6.711242028979703,0.9
1812,9,121,11,19.09317978694785,5.95235647561921,19.09317978694785,13.269577859520677,9.666233824024133,12.418492968842283,13.922975597958073,14.243175805626253,0.9
1814,9,141,11,88.39322225314405,34.46789849102841,88.39322225314405,68.0395538934753,373.36855177604696,50.85591521410133,75.6289536090186,83.12137225656599,0.0
1814,14,202,16,88.39322225314405,17.348942747654668,72.11408227615003,38.913554736894525,298.2425409007466,25.781638536091606,34.1377408191785,44.2201938999314,0.2
1814,19,248,21,88.39322225314405,17.348942747654668,33.807583147328586,23.297585916447275,21.564881757688372,20.081215156471732,22.539092786489665,25.05618284698344,0.7
1815,9,115,11,13.588359095908608,7.760123311523,13.588359095908608,10.701095545863279,2.902329837890791,9.264914042401749,10.990673319311462,11.870942596634634,0.9
1816,9,103,11,29.148389575766643,11.757170577507926,29.148389575766643,19.93934050467988,26.29025913644652,16.857420075743807,19.15461760515256,22.429427590479587,0.1
1816,14,151,16,29.148389575766643,11.757170577507926,18.890457440864303,14.280855105074641,5.972637173066324,12.396793637581151,13.076378321260549,16.405997612112312,0.6
1817,9,121,11,24.868267044223824,19.857593657781578,24.868267044223824,22.216789456852148,2.4149412687916536,21.28012012339863,22.170842705407257,23.192099190396362,0.9
1818,9,130,11,22.18457601525744,19.098901253971366,22.18457601525744,21.008980501192816,0.8084831445988525,20.732188566840616,21.216409970309403,21.398805243990402,0.7
1820,9,113,11,17.73197987502587,7.460254130796152,17.73197987502587,12.067971131575643,7.210726158792765,11.129949959768256,12.25308032646942,13.223203269079443,0.9
1821,9,96,11,34.38225411688961,30.454149247224972,35.14714446028963,32.719507249035196,2.3617897680316835,31.49768247985791,32.85778636261439,34.09180417817427,0.3
1821,14,143,16,34.38225411688961,29.146298303387308,32.899747289334265,31.255900888188155,1.2985472544704142,30.50710577617202,31.532818884044293,31.809185849022825,0.5
1822,9,116,11,9.966920955248607,8.479200608047595,10.360923191268657,9.747480626303261,0.3634769271060917,9.289938882107307,9.966920955248607,10.259000890830304,0.9
1823,9,124,11,18.093918805548537,13.086967020057152,18.093918805548537,15.176763260993988,1.726462339006191,14.527759074757574,15.03956966360425,15.813964275778817,0.9
1824,9,90,11,21.637678297061626,8.526889863245643,21.637678297061626,12.590628428785868,13.958665256495454,9.60347168247579,11.680077194371897,14.13803181116517,0.9
1825,9,127,11,38.00447494183456,24.225098366770276,38.00447494183456,28.654205411280635,16.735103938173815,25.549708090602138,28.05124192076697,29.552480118436996,0.8
1826,9,120,11,74.63861794283943,11.566628415976211,74.63861794283943,42.22265553421248,250.9121359877914,36.914364672905435,40.552972901941246,49.7590061049336,0.6
1830,9,125,11,20.720892298849968,16.339300633640516,21.377578506417642,19.68412973728696,2.1245518076101235,18.967536152126193,19.992595874229103,20.720892298849968,0.6
1832,9,100,11,13.111403611386034,6.991757176562752,13.111403611386034,9.107068298741943,2.717992929001043,7.8850520313442,9.044067893141927,9.430834670911933,0.8
1833,9,96,11,25.842538074892673,15.216009770332832,25.842538074892673,21.446322393250938,10.721125371786638,19.481007410137465,21.44675163037757,24.45689355799858,0.9
1834,9,127,11,37.56442966889783,24.46683662628444,37.56442966889783,29.46934330714699,13.393984482586808,26.559866133478366,29.56532194390335,29.990177763505727,0.3
1834,14,174,16,37.56442966889783,24.08739795777833,29.372473061969565,26.951270217005792,3.2964418058523592,25.59546376141718,27.448820515458245,28.150381338644003,0.8
1839,9,111,11,12.392725911877907,9.231772301303991,13.724813637265424,12.326546768686956,1.718383128999842,12.369738769717054,12.598600451350018,13.080253585803337,0.8
1840,9,128,11,31.352480015562374,22.721953397312646,31.352480015562374,25.878834520473333,6.7272141854548675,23.54919287665981,25.823145250286856,27.36050382309135,0.8
1842,9,124,11,24.34100855685982,23.388836394072264,27.401785387690097,25.55753469932889,1.8129981244665188,24.34100855685982,25.791804748182997,26.634111338951868,0.4
1843,9,99,11,14.627512751665778,10.288073853672287,14.627512751665778,12.18649154544047,1.4576771814303995,11.4094002340385,11.808297007849042,13.109277642567044,0.7
1844,9,115,11,23.24808937821462,17.725259163485493,24.089719088710808,21.8351910933987,5.944564953966365,19.442768348243163,23.115432677601163,23.709369410184003,0.9
1845,9,108,11,5.916309400639978,5.0920571545746425,7.4849831269180545,6.5624609157437375,0.5575898260427785,5.935974916857377,6.838516273095406,7.137332113689785,0.9
1847,9,109,11,29.690180618346112,17.116739835268064,29.690180618346112,22.653376473419975,13.028779157085163,19.842326216108393,22.016693775135103,25.40573269155444,0.9
1849,9,128,11,71.34516094668831,23.873433571909935,71.34516094668831,47.280223914231364,318.16568435292004,31.159515959396828,44.90583729640878,66.19116681993412,0.3
1849,14,178,16,71.34516094668831,23.873433571909935,41.89811736967545,31.95837199636129,27.21403292794229,29.436094154496793,32.2667446303556,35.14143460697754,0.8
1850,9,97,11,30.351864872692307,3.978054705419785,30.351864872692307,14.41200783543157,50.37282016338046,11.202383467933437,14.058823692385927,15.312668481900154,0.8
1851,9,136,11,22.05099643278851,10.971180531902434,22.05099643278851,15.428452508020664,10.304549406487734,13.72239942381087,14.12742822761696,16.722376542934967,0.7
1852,9,127,11,55.012458076429354,46.077340735973,55.012458076429354,50.31475399708838,7.689576327913116,48.548574655518784,50.55887855717093,51.854449452549076,0.3
1852,14,179,16,55.012458076429354,45.60855139197925,49.49634864283411,47.678755420858955,1.900020216597064,46.39500326712689,47.89765584039632,48.92860146930777,0.7
1854,9,117,11,59.2561025747534,24.870958033127327,59.2561025747534,38.16337966409045,153.5639113608832,29.13266900191308,31.031980940055313,47.90081272740931,0.6
1855,9,93,11,50.62203781753178,29.72239903725995,50.62203781753178,42.09403150216117,36.40371890205436,38.68973872371594,41.11176465448435,47.49613189915354,0.9
1856,9,110,11,12.557047535164953,5.208857945862057,12.557047535164953,6.645671616578082,4.013387020907487,5.8270317432537935,6.215547796042098,6.261030375553872,0.8
1858,9,114,11,22.67607922274037,18.157494074331616,22.67607922274037,19.81834146435751,1.6377306905638314,19.284683675548987,19.55605624247884,19.858259182388583,0.7
1859,9,127,11,14.007213258254968,14.007213258254968,16.139700894912743,14.899440923049543,0.5895786130660422,14.127536262354049,14.814664365954542,15.458901082337198,0.7
1860,9,111,11,106.2573176697978,67.31214215566592,106.2573176697978,76.10741063107172,112.38015401929233,70.73535276647485,73.964753380932,75.97935931124125,0.5
1861,9,114,11,7.2605923449041505,5.90248393918397,7.2605923449041505,6.668569345631153,0.17913793152192511,6.4858480888472645,6.691296107433606,7.041960938471014,0.7
1863,9,104,11,13.251688084325755,7.531288294886367,13.251688084325755,9.327291225513477,2.2506080185046793,8.74096131863299,9.098177710028516,9.574490718781183,0.9
1864,9,128,11,15.864529146929335,10.198169980796642,15.864529146929335,12.760595194227673,2.835103632656372,11.451572540812712,13.189273340207778,13.689234855405628,0.9
1865,9,119,11,20.723768128272503,20.421576723200296,31.423391417758232,26.787981972095974,18.21257947084728,22.139069887946935,28.364775746817454,30.28412190807543,0.7
1867,9,135,11,13.259116227739426,9.144575455348487,13.259116227739426,12.398734831236089,1.5776508890281546,12.491430844361497,13.008289691881544,13.109396879140895,0.9
1868,9,108,11,27.753726009207195,21.115971152259306,27.753726009207195,25.248054247480862,5.032422346723342,24.11997341479228,25.59635568077252,27.05153449826918,0.8
1870,9,117,11,7.647612447083321,3.787374154168089,7.647612447083321,6.621762401668474,1.2208985215918553,6.2170242606266655,6.930618888065965,7.432156819918523,0.9
1871,9,129,11,33.31880174055768,26.1792702779844,34.27364997589147,30.79224254561055,6.200960675734279,29.1083825184251,30.37361873759387,33.23661025149917,0.6
1871,14,182,16,33.31880174055768,26.1792702779844,31.077863904389368,29.765901935984107,2.193502006960767,29.1083825184251,30.37361873759387,30.832069671816583,0.6
1872,9,95,11,10.294963386290366,10.183037149554949,12.105097937948441,10.980868757347872,0.5250083051102232,10.329723097449435,10.634740109897066,11.691572206441071,0.5
1874,9,112,11,19.43490910814705,12.981684165082452,19.43490910814705,15.204747529988316,2.741218772464888,14.27994261836287,15.170357940305015,15.358035473703106,0.9
1875,9,114,11,32.40782773348725,9.332102355573133,32.40782773348725,18.02029066398909,46.07425698862507,13.818981303193306,15.74934248868827,20.457408679865992,0.7
1877,9,101,11,18.72139969591116,10.786605367329681,18.72139969591116,13.385982447452776,5.820096246309298,11.646093674737324,12.935125161169688,13.557193391056527,0.8
1879,9,90,11,30.009181603841093,20.70422165847114,30.009181603841093,26.92598411520048,6.621930070768568,26.3287045780489,27.513002795708907,28.573475794680913,0.7
1880,9,93,11,16.667927710377512,10.679246420346434,16.667927710377512,13.780712165490252,3.9722290144694776,12.364090987497779,13.935717160978239,15.516416846652481,0.9
1881,9,115,11,12.903699005846754,7.41064229054386,12.903699005846754,9.738020936654287,1.8774844957287626,9.01605170581908,9.716639867881295,10.218139382202416,0.7
1882,9,95,11,37.68973484284935,25.084090924060842,37.68973484284935,30.78177011236703,15.421303996252501,26.80477885361585,32.138292862603,33.453087159658466,0.8
1884,9,93,11,6.98689761024787,5.229988653452353,7.533241418564701,6.804115585883254,0.36719765564318385,6.702945272601461,6.9051521061606564,7.02641313082574,0.9
1885,9,107,11,8.775194068603065,7.019992060761138,11.543898768053126,9.313720938329535,1.4255642630320762,8.775194068603065,9.302568375600803,10.043914014325942,0.8
1886,9,87,11,21.89720914737692,10.491257748459525,21.89720914737692,13.119864922994267,9.269810161007706,11.49264164473534,12.55218767671612,13.061815065305975,0.9
1887,9,107,11,24.265022173096085,15.796371160934207,24.265022173096085,19.57005537277933,8.146795118791323,17.507117024241612,18.864329846835734,21.92143500321345,0.5
1887,14,167,16,24.265022173096085,15.506421202593652,18.75714043892514,17.360761919887853,1.2467544637283885,16.514575902003315,17.56725162456494,18.304710434116586,0.8
1888,9,119,11,37.29130487596848,6.891149681968894,37.29130487596848,20.01613144091223,108.53603639219918,11.491811116866645,15.966936393546407,30.62739446160968,0.5
1888,14,164,16,37.29130487596848,6.891149681968894,14.642184314057127,12.689119996627095,6.414594137404963,11.361407389528662,14.082660914729225,14.39325699837738,0.8
1889,9,111,11,51.69142731402191,25.442767885206937,51.69142731402191,32.279921465939346,55.292709567977624,27.97565150945127,29.30081489009165,34.98167602926166,0.7
1890,9,139,11,28.815702098581575,22.4571782475442,28.815702098581575,25.421024595086685,2.805773034912773,25.318316460013104,25.7117420676215,25.92012731211146,0.9
1891,9,116,11,13.11274124763055,5.139869350634434,13.11274124763055,8.592956573232915,4.5440619574533665,6.893737034083163,9.052733302914024,9.4577126221152,0.9
1892,9,112,11,30.90528288574123,24.55895445890606,31.659193051299585,29.102410176089883,4.724306951109846,27.383921912949496,30.07023483770911,30.853856525883625,0.7
1893,9,113,11,31.67058858263729,17.873294954841313,31.67058858263729,24.54874449745368,14.066869061993208,22.019300787465053,24.526074564876833,26.358573723208536,0.7
1894,9,122,11,15.763167782128239,10.075954933312644,15.763167782128239,12.745091584427856,3.2047886604804203,11.173671290648903,12.658138877681786,14.357177805432578,0.9
1895,9,87,11,5.603198752558843,2.894671292858553,5.603198752558843,4.500770468253966,0.6627070344309035,4.186516706022961,4.576270632662265,5.138331419431968,0.8
1896,9,118,11,17.008058732541667,8.680645980981286,17.008058732541667,12.744925926369413,6.000500127567573,11.500784627961607,12.73719360258654,13.663248671553994,0.7
1897,9,121,11,16.339915853832224,13.950542236514533,17.34039229918931,16.180447825636065,0.8765562816006967,15.908185614762061,16.339915853832224,16.7604884891637,0.6
1898,9,101,11,9.494010061338846,6.819346362035613,9.85361034687202,8.95016690558583,0.8829644555113916,8.768223758621993,9.39509425406716,9.499396467085983,0.9
1899,9,135,11,62.25611667803687,53.06177656374369,63.42226872362925,58.81094825295747,12.562066421432068,56.39986167990739,58.449396789690674,62.25611667803687,0.4
1899,14,187,16,62.25611667803687,53.06177656374369,56.82503605167007,55.529439504994855,1.825614094763384,54.84478254743327,56.27830849742962,56.547347435849375,0.8
1900,9,101,11,61.48747452926781,40.65868578723128,61.48747452926781,52.49379812673622,36.39381914169747,48.648666294756474,52.39584804689976,55.3916612465824,0.4
1900,14,148,16,61.48747452926781,40.65868578723128,52.155709768275976,48.57756580090567,10.230690499630567,48.244183033291876,48.67701684558325,50.69051484067525,0.7
1904,9,119,11,7.513264494416818,5.526320974428179,7.513264494416818,6.687191419746246,0.4343540771602926,6.157412838786236,6.9362095330826286,7.141934280386551,0.9
1905,9,133,11,15.837831438714813,14.603567956931377,16.86359077643166,15.986463574366175,0.5554587173122412,15.832306658722247,16.077477746438856,16.604513440013065,0.2
1905,14,181,16,15.837831438714813,11.403752439387908,16.276647377821753,14.854718934788409,3.049346142381827,14.646793634258527,15.834148252053103,16.005582535187997,0.4
1905,19,231,21,15.837831438714813,11.168396672032234,15.830465065391392,13.530918825583248,2.8386070883253827,11.753194953842222,14.248934911486892,14.738815861120576,0.9
1906,9,114,11,21.91351120491867,20.521708118045414,22.944653207641778,22.221246735828252,0.4626818608942573,21.936329361722894,22.285122131829574,22.740923889054024,0.9
1907,9,121,11,58.23440574845697,23.83780150070607,58.23440574845697,40.46642881499655,98.1665049172712,36.361685557707595,39.85827964122987,46.89730350067958,0.5
1907,14,165,16,58.23440574845697,23.83780150070607,40.64046336937147,35.744931841277015,28.23093527639159,36.361685557707595,37.591666153405846,39.109216877152,1.0
1908,9,127,11,50.32243268088813,42.24147772255455,50.32243268088813,45.51378474910287,6.289378382840286,43.83748779034374,45.21576563474257,46.78681914852084,0.4
1909,9,103,11,30.42290044815996,24.924937016013132,30.42290044815996,28.17467874262805,2.6820361646560067,26.92111994112867,28.58264635606193,29.216625884985042,1.0
1911,9,107,11,19.90014616116451,8.324797921592332,19.90014616116451,11.62817520591443,8.752129687350383,10.162145306671418,10.962352662211785,11.923760010693737,0.9
1913,9,90,11,33.55736940893813,20.54133072820327,33.55736940893813,28.11735937859097,23.233454036252528,24.05810809993963,29.771357294431198,32.13180725877692,0.5
1914,9,102,11,11.201815062452285,5.716893520682106,11.201815062452285,8.621307376231522,1.7602413245185518,8.394041047286382,8.706974389673167,9.055225122621327,0.8
1915,9,106,11,16.2129333366108,8.647243242221405,16.2129333366108,12.18613910447812,6.088137258574326,10.37272187122576,11.481414852204844,13.809573236068646,0.7
1916,9,127,11,14.541437975312647,10.6820758353938,14.541437975312647,12.475995330627804,1.35710537068338,11.738435275652705,12.285659311379607,12.590807417000525,0.6
1917,9,124,11,16.976256013513797,9.34582143364663,16.976256013513797,12.770033724243632,5.975735464520101,10.547643756637182,13.002868819007407,14.033895333439444,0.7
1918,9,108,11,23.797293035387202,15.70008458652781,23.797293035387202,18.573989870478094,5.8569856926843125,16.969188701789992,17.95906960504382,19.240199412554126,0.8
1920,9,71,11,7.301576358782152,1.9429603915401814,7.301576358782152,4.504152284215031,2.4627333061319203,3.6506420553973196,4.73028838024455,5.343967832913254,0.9
1921,9,122,11,58.59320436325279,49.716586645598895,58.59320436325279,53.05469140109803,6.420758643663365,51.55208130346492,52.30620732190292,53.62511149746381,0.7
1924,9,118,11,20.32873521792338,13.305420923446826,20.32873521792338,17.207809307133168,4.230425777825843,16.321018871458588,17.583836975019093,18.44364485011392,0.9
1925,9,130,11,54.35561914275357,33.091704344100854,56.764154366075296,48.92396338333815,75.26489976757657,42.20965554213282,54.216887883783286,55.305296239855295,0.0
1925,14,183,16,54.35561914275357,24.274879871509626,54.078156624813005,33.90101006316367,103.59383117483053,25.26469128593878,30.150320175026422,38.90952475094727,0.5
1925,19,216,21,54.35561914275357,24.274879871509626,30.026636926045725,26.755613252030845,3.1947245422124713,25.218362841306238,26.57604092970212,28.085213957764662,0.9
1926,9,111,11,16.52827400022635,11.803829031264199,16.52827400022635,14.726312972318818,2.10641831456315,13.957881506971175,14.77216457756083,15.859911683542359,0.5
1926,14,165,16,16.52827400022635,11.803829031264199,15.129965473649296,14.239540124758022,1.0017256534674543,13.957881506971175,14.635455592524009,14.971883827780655,0.8
1927,9,116,11,59.40655473874672,14.038693236605452,59.40655473874672,45.501180992181524,142.00222309587875,42.24763594096675,48.31665613934221,52.572989460746925,0.5
1927,14,159,16,59.40655473874672,14.038693236605452,46.09607193871799,39.311468749133475,85.00208112154304,37.83528291187051,42.32812051999183,45.3023278827462,0.9
1929,9,99,11,2.932579948199078,2.3918647943750146,3.5000232937129514,2.875628007851457,0.11814255057581628,2.6046445042468576,2.932579948199078,3.033475777344054,0.9
1930,9,98,11,63.219762872234384,15.424867516957555,63.219762872234384,28.248150899114023,249.0089541769434,20.726016839653592,21.903959808587675,22.571368627737847,0.8
1932,9,123,11,38.93722612709725,13.965490797235871,38.93722612709725,22.97271010574392,69.92863177213947,15.950804409844537,19.6290974807219,28.174876430129597,0.5
1932,14,165,16,38.93722612709725,13.965490797235871,20.195202866855194,17.46928497406926,3.710360105938747,15.950804409844537,17.572542209014358,18.92634842415603,1.0
1933,9,130,11,30.340716046907666,25.758724437769583,30.340716046907666,27.653521770311006,1.7612794540273309,27.113614687921917,27.453741690300838,28.308843494446606,0.3
1934,9,93,11,22.248073999132465,15.964090654469619,22.248073999132465,18.538742078359512,2.280993355431696,18.22535192616308,18.560715255811957,18.81789325225602,0.6
1936,9,146,11,26.85771748640549,16.56399922857227,26.85771748640549,21.038410784545047,8.652761561754168,19.178332289050427,20.306590667825205,22.72165437108136,0.3
1936,14,198,16,26.85771748640549,16.56399922857227,20.57088895593903,19.07750948362296,1.58101552031335,18.295483306174418,19.269404928546308,20.1437378947695,0.5
1937,9,116,11,68.71667894114333,57.58952766863935,68.71667894114333,63.067207361115365,12.670416043183057,60.478120307512384,63.007390981499654,64.43905551153586,0.3
1937,14,167,16,68.71667894114333,57.58952766863935,62.86512925617218,60.864205110264834,3.543271754777764,59.04837805799518,61.693503100854386,62.492549570946125,0.4
1937,19,216,21,68.71667894114333,55.47122035654637,61.452888088143425,58.91342776146805,3.230569859589285,57.83946603024174,58.863329868959035,60.19639462512124,0.7
1939,9,115,11,8.83124959733635,8.83124959733635,14.283691211786838,12.087771083421453,3.7363329986876828,11.430523159756227,12.263306700742673,13.772895271139738,0.8
1941,9,138,11,22.363045603534015,21.588804966239554,24.506928775839146,23.142821115784507,1.1269058471271078,22.363045603534015,23.075971401224134,24.239697038133656,0.8
1942,9,134,11,11.552326580107966,5.643521915506684,11.552326580107966,8.705016888085089,2.3325462387934426,7.985640451086031,8.449496698210528,9.501507544195803,0.7
1943,9,127,11,15.115571628393685,11.018254938711046,15.115571628393685,12.804669483295296,1.375654604469376,12.037362990458957,12.78598277472134,13.513460804469403,0.5
1944,9,141,11,11.581684408409647,9.874971678295985,12.186359562219462,11.448244939888577,0.5152010756959317,11.295509747861509,11.581684408409647,12.019819798758093,0.6
1947,9,103,11,20.668082186130235,19.268066990478445,24.383838086720647,21.85000925885836,2.102056585180583,20.759766103156167,21.867236776882738,22.7089816279397,0.9
1948,9,93,11,35.885136488151566,6.982991220501079,35.885136488151566,24.230045564077024,83.58387905685858,21.170307893418634,26.450327091416362,31.092395400605152,0.6
1949,9,125,11,12.235279316861462,10.838585603420846,14.412857392496733,13.030561161102828,1.0373101515065393,12.391096319848318,13.13437969074836,13.56129242570641,0.7
1951,9,100,11,54.69247406643275,40.5564163736535,55.6237157150811,48.0676228655748,32.61733425310989,43.3147029379002,46.30136983889567,54.43611496783684,0.5
1952,9,106,11,24.324536942539282,14.343145017190306,24.324536942539282,17.58393850415883,5.988372163421783,16.584452179269668,17.21131888269642,17.728685090398177,0.8
1953,9,106,11,9.487904630752617,3.9014993528325377,9.487904630752617,6.4005798289119245,1.924916622872416,5.670299900938406,6.43768565183241,6.8568972832758455,0.9
1954,9,111,11,14.547881181562133,8.858408293386525,14.682229780274332,13.36030272626651,3.0712369094150036,12.711287723794058,14.13683175578607,14.629449975249084,0.9
1955,9,100,11,5.267604669463596,2.8299423214791135,5.583437218335582,4.802037692274708,0.7142897930498405,4.720369116965899,5.111826211071625,5.350672888072912,0.9
1956,9,96,11,20.79351052208684,12.922214174484164,20.79351052208684,17.97122485122668,6.429157310463623,16.895551539633765,18.485859204077414,20.253744438367832,1.0
1957,9,134,11,31.809920750215518,22.929612616799282,33.032312215629815,28.67521549632777,14.551898734917776,24.85526839073345,29.795672339641648,32.18590701651479,0.4
1957,14,187,16,31.809920750215518,22.58077774849422,27.78142392906778,24.797435944560522,1.8050290409013683,24.53034715092398,24.866660154814063,25.243080615092286,0.6
1958,9,132,11,21.53768614441077,20.03514091346019,22.070358480384456,21.416828082830186,0.28920495149075054,21.263795410929838,21.531580813510757,21.579843047072174,0.3
1960,9,130,11,17.069527600863868,10.40470592471318,17.069527600863868,12.35054384131254,3.684369461212353,11.376832290807709,11.65962349783578,12.470853677667492,0.8
1961,9,93,11,19.510019422021173,5.1375929317838285,19.510019422021173,14.962445314203332,22.99003923608415,14.578481504391185,16.469050543090965,18.40270274752513,0.8
1964,9,109,11,10.079123217783113,8.649565509466036,12.615393694449214,10.926243532330346,1.4199584441173727,10.147100945646372,10.778807760025868,12.02905800061896,0.9
1966,9,108,11,13.764152552330037,7.167012812534536,13.764152552330037,9.860498510410597,2.8790053415608328,8.785309700695274,9.79444859784832,10.46625916764436,0.9
1967,9,125,11,17.17021244441903,12.636832487659584,17.598493759098996,16.136868084636074,2.424493161469396,15.635886919496137,16.971434654780175,17.17021244441903,0.7
1968,9,120,11,9.134441010500339,8.149266034770065,10.378977830156886,9.289467557534289,0.4367475278164944,8.934198817112708,9.167843547409747,9.870953925164105,0.8
1970,9,125,11,8.620085027621174,8.246382708040562,9.95903172641123,9.157642939170652,0.2841174787857677,8.708147335500078,9.22010811038407,9.393591405892685,0.7
1971,9,110,11,23.401967841572656,6.045090155040992,23.401967841572656,13.3273002118302,25.63954414408608,9.891822202865129,13.59683210175086,16.005202069562156,0.7
1974,9,129,11,14.017901082237815,8.415332876652698,14.017901082237815,12.724683017745999,2.5607390862691655,12.255913177752603,13.34348341960994,13.529731037336411,0.7
1976,9,131,11,34.87434218413313,27.911819865920283,34.87434218413313,30.894525161499068,4.162003550424588,28.978386708300654,31.424984241964676,31.90464981614358,0.1
1976,14,196,16,34.87434218413313,26.054595771282308,31.275188015963703,28.57455126026594,2.6543696612701084,27.380654952222212,28.35634136466217,29.548736535102766,0.5
1977,9,126,11,18.622237839225065,18.00189214908734,20.815932995840598,19.011294470160582,0.5692490921016796,18.622237839225065,18.8242217058342,19.022210930298005,0.6
1979,9,112,11,13.645905434449194,9.110188333638057,13.645905434449194,11.521180931842986,2.3371949598175066,10.25217578322442,11.928035377687209,12.52390597545052,1.0
1980,9,133,11,34.11284889148335,15.220638208833364,34.11284889148335,19.750291460829736,36.96534823661101,15.755312956610457,16.986866727584,19.75409101253995,0.6
1982,9,135,11,31.786145405355,28.57927093469095,31.786145405355,29.9386789586731,0.7234655465832154,29.50214678409109,29.977225693071365,30.318952030427372,0.7
1984,9,110,11,35.0335114741885,24.86488394386673,35.0335114741885,29.210969362398835,9.394342593331073,27.108544002426203,28.96978220288327,31.30065888803208,0.9
1985,9,137,11,26.75870944297671,23.244291792558663,26.75870944297671,25.475200032793328,1.1513286723076355,25.146579464820302,25.490112778931184,26.42062038874407,0.7
1986,9,114,11,44.634527126321956,40.154249687225104,44.634527126321956,42.80902574121459,2.3892706781004485,42.04403086329306,42.699985991835725,44.42199662173571,0.9
1987,9,122,11,16.584636488939402,12.787958370958199,16.584636488939402,15.232815052454475,1.1379697721163178,14.742564290795208,15.279853939717132,16.069185071688405,0.6
1988,9,120,11,27.582223295742324,15.806075208502195,27.582223295742324,18.908068468577447,11.23794315670279,16.85727880950828,17.660523607429468,19.172311522646936,0.8
1990,9,108,11,28.383574426042912,12.119184915837952,28.383574426042912,18.378148317301704,15.740433731007613,17.297854710951075,18.331126436684364,19.04174549752726,0.9
1992,9,128,11,27.36204673290851,24.922461570947103,27.36204673290851,26.115971846055572,0.8204741234634396,25.432130881391252,25.880639296561913,27.108970589131832,0.7
1994,9,85,11,8.200768851735189,8.084644586160511,9.404583009300318,8.473436419012872,0.15553064546296794,8.200768851735189,8.319584771294585,8.709711619988852,0.9
1997,9,135,11,19.546959537536672,13.24599829310785,19.546959537536672,15.998462808538369,3.5256483783761667,14.54008140177795,16.2013848961785,16.89448363331133,0.8
1998,9,125,11,19.684106701551833,16.013595331862504,20.19913928269561,18.87117782771295,1.5839181390010628,18.295671423091505,19.501915159141326,19.684106701551833,0.4
1999,9,136,11,13.735194634297898,8.929888853661668,13.735194634297898,12.1806324579676,2.5281282583626803,10.925994177349052,12.796678593492606,13.44216122095289,0.4
1999,14,189,16,13.735194634297898,8.929888853661668,12.452334026451496,11.306730095351437,1.1616356569714843,10.569242993618852,11.636978520031231,12.172341799238026,0.9
2000,9,120,11,9.144867818235646,3.3732873220433324,9.144867818235646,6.876281744519977,3.233292822411335,6.224006442560295,6.484936839776142,8.675063886200233,0.7
2001,9,135,11,14.102761158295843,9.612211250308283,14.777394077959556,13.199313272719973,2.7865483214369027,11.977263193073815,14.102761158295843,14.592911264759476,0.4
2001,14,192,16,14.102761158295843,9.612211250308283,14.102761158295843,12.381779960018342,1.2960860829154186,11.977263193073815,12.633956816116246,13.025367803770335,0.8
2003,9,126,11,17.086842969559292,8.68147631577677,17.086842969559292,12.723883150305868,6.017640769636423,11.372595241713327,12.577054899647795,12.80326443979986,0.8
2007,9,116,11,67.35297345299753,50.153540944192,67.35297345299753,61.57163185968885,23.929973301027708,60.343673295778956,62.33229611202073,64.99476834210151,0.8
2008,9,115,11,12.683076675397771,5.7842834859813665,12.683076675397771,8.017762906703446,3.1356345599526083,7.293245270728706,7.753295311385616,8.43163854431378,0.9
2010,9,115,11,24.718323883951022,13.453210497708204,24.718323883951022,17.807143569325074,9.698534991554943,15.986474634204773,17.004152262388878,18.594271663549883,0.7
2011,9,122,11,28.46586785981932,21.118770164352476,28.46586785981932,24.31073014208428,5.663532364725328,22.937970555520167,24.006766709906596,24.712245698044637,0.8
2014,9,120,11,37.90600721213021,30.43858658352285,37.90600721213021,35.687426501392174,5.036501671143163,34.676591224092164,36.36378485842034,37.30265087895749,0.6
2018,9,121,11,21.181746383558924,17.984975943514307,21.181746383558924,19.895911875116813,0.9159472581019777,19.290112643404584,19.989535942152536,20.601093114426583,0.9
2020,9,129,11,17.657270916541684,10.191126873854838,17.657270916541684,14.802010492564488,3.3585671136398183,14.5091123355463,14.895563740903807,15.708935586073396,0.6
2022,9,89,11,6.045259417540039,3.956508950380629,6.246520617446439,5.444113767569504,0.41882412353447346,5.0884621724753,5.5446135481670105,5.993167918247595,0.9
2023,9,99,11,4.3533871275161875,3.5150325063859635,5.379192303104951,4.558311322669119,0.3635639180550164,4.212233688342104,4.49164933764535,5.104667342884542,0.9
2024,9,134,11,47.79346697824519,35.03381751626406,47.79346697824519,42.020981265455625,15.49377167417209,39.09647960498489,43.61267472060078,44.441305542285114,0.2
2024,14,184,16,47.79346697824519,34.8483657387786,43.31826480685493,38.348900519277386,5.871492205032455,36.88824426735275,38.46973612850478,39.165076022825275,0.4
2024,19,237,21,47.79346697824519,27.695287545653336,38.515065394572716,35.37257040936573,12.357465999519825,34.894728683149964,36.551651076636894,38.04072522302682,0.8
2025,9,92,11,40.436508929770305,20.658469298305842,40.436508929770305,32.438379944142326,26.48629533245754,29.91265576708974,33.528181048608985,34.90763922130958,0.8
2026,9,110,11,14.972488097178188,8.437309008786075,16.863468504321666,14.369759815130141,5.332262116460669,14.865867458401894,15.006305773331999,15.502172819897735,0.8
2027,9,108,11,22.938116319627134,12.728658395046203,22.938116319627134,16.07206625035868,6.811421135296058,14.474602118347242,15.782114693533032,16.642126356106395,0.9
2029,9,109,11,54.05059737547897,14.98868158887973,54.7757951563007,49.12715848511525,132.1720359579604,50.72215810626184,53.10441498561737,54.34390777579003,0.3
2029,14,166,16,54.05059737547897,14.98868158887973,52.15823259575576,45.623818130889134,109.85517438984905,46.48918984494446,49.2666525748714,50.799712896588915,0.7
2030,9,103,11,12.536194537603162,4.972872191432873,12.536194537603162,8.708118749470989,5.247923526800783,7.007201246628689,8.63261869041611,10.58266080471904,0.9
2031,9,127,11,13.513018742939886,11.760138864521466,13.803076410552249,13.095170181760878,0.44083368154408814,12.68539089004529,13.472411233264433,13.523514782191894,0.9
2033,9,126,11,22.59929336744984,14.436817136305244,22.59929336744984,18.155387038277745,4.323148424010228,16.953341637703318,18.61603287231201,19.04311866545165,0.4
2034,9,119,11,67.98599281229832,44.41255113329529,67.98599281229832,59.32945428702568,34.98783795229194,58.35212872531385,59.97844165136965,60.73369344500803,0.0
2034,14,182,16,67.98599281229832,37.59371179020388,59.792528508026535,47.86244419056692,80.04121000999979,39.25698342237687,44.279848176481735,57.82320908066816,0.4
2034,19,232,21,67.98599281229832,37.59371179020388,44.387652714351674,41.02295601376939,5.701307291872356,38.706129918379894,40.99233553861044,42.87388894427819,0.8
2035,9,96,11,31.65663996877056,18.993095066032048,31.65663996877056,24.33051295707783,10.164870363901569,23.031568742950896,24.449019581872044,25.023229583370703,0.8
2037,9,113,11,31.199476732458056,10.822099300464235,31.199476732458056,17.900065975829186,36.39088133784476,13.32330664350047,15.7085889137417,21.009553754920752,0.5
2037,14,156,16,31.199476732458056,10.822099300464235,15.870434377607307,14.351415652108992,2.642908575125656,13.32330664350047,15.002860370292325,15.626904950832973,1.0
2038,9,130,11,17.210350819012785,15.52000068990992,17.28356877839004,16.76731189334544,0.3479579344968863,16.403645607924158,17.03388018865796,17.210350819012785,0.1
2038,14,196,16,17.210350819012785,14.441953829750178,16.894395394617774,15.794321411883848,0.5119572413431472,15.467036492483384,15.677532463981647,16.18594077846079,0.4
2039,9,94,11,18.06011510160815,14.58851211501062,22.533564041559465,19.93507262471706,5.689418513393209,18.289957572568703,20.75593965013408,21.66535961026377,0.7
2040,9,108,11,21.744682241997392,11.25768529633089,21.744682241997392,16.166524837807103,11.808218230688059,13.08107231933058,16.453117686054,18.072275764156252,0.8
2042,9,113,11,17.481107634515375,10.43171108460561,17.9672593051069,14.65965584133599,8.409202996458086,11.847108940537996,15.311565014003284,17.45307232030696,0.9
2044,9,107,11,4.303021870041033,3.9990157314669936,5.121107152997473,4.517886967612208,0.13042862297309035,4.303021870041033,4.387620127829425,4.821172701852168,0.9
2045,9,100,11,42.14838941708392,13.085059549607756,42.14838941708392,21.926086900233027,60.81158810253142,18.12461347611299,19.296747375886273,23.61105333857245,0.7
2048,9,97,11,21.846244030267982,10.578762137720432,21.846244030267982,14.410545236764175,9.533824028556051,12.459031213242438,13.410203904676742,14.891737585795447,0.8
2049,9,113,11,34.8228838110655,16.01327178884888,34.8228838110655,23.50408789830028,26.09906393754155,20.988862033190316,21.82354502648247,25.331042416329524,0.7
2051,9,135,11,48.274265217960206,13.523106364956636,48.274265217960206,33.528858874481294,132.23262066513414,27.604983059129502,35.386967495453504,42.95868622712419,0.2
2051,14,167,16,48.274265217960206,8.845843618965155,34.932134715524654,20.249421141277853,67.0754127513483,14.875493951346165,18.325828445976658,23.722653012155057,0.7
2051,19,202,21,48.274265217960206,8.845843618965155,20.151433886239218,16.44686498502149,10.226258032407376,14.875493951346165,17.81264901148987,18.525532616645933,1.0
2052,9,106,11,23.889765869731256,20.701176929148126,26.433895075813695,24.167866740179743,2.081697924014044,23.7329724939354,24.214740983464132,25.018408960989962,0.8
2053,9,101,11,48.313619101970716,34.61716421960881,48.313619101970716,40.38831672994023,13.155869105887797,39.387621571688996,40.61782542946523,41.572819785007255,0.9
2054,9,133,11,13.386344260758463,12.231803560618442,14.33507161819629,13.381948995955815,0.3812626737226067,13.386344260758463,13.563714504003421,13.690873244555302,0.8
2055,9,80,11,11.805090995260558,5.188189450088116,11.805090995260558,8.278990101454923,4.44987776357707,6.236640060479578,9.002707358816206,9.297878181190772,0.9
2057,9,126,11,26.75278780923287,6.794971284504305,26.75278780923287,13.091608026519514,32.326115138302036,9.748458059038665,11.124660046689208,14.790934731949012,0.7
2060,9,115,11,18.955140823619324,11.714755781415594,18.955140823619324,14.90400003990278,3.140728768796065,14.344702127742853,14.968365947386408,15.477535651296876,0.8
2062,9,119,11,56.42422424902056,37.867775495068976,56.42422424902056,45.0636232930499,25.86678459548913,42.739747468075734,44.17513379233963,46.19211214047536,0.8
2064,9,113,11,13.237524739078076,11.102545772910974,16.52544493594796,14.952728182100419,2.902730134163176,13.819589367680816,15.75961632503082,15.993630167124184,0.6
2066,9,95,11,12.514971368466504,10.79798558380631,18.98276046022318,15.9763168840162,7.676813159318925,13.485494209205996,17.139976976574793,18.16496348482228,0.9
2067,9,120,11,49.96812052692156,19.12927338362349,49.96812052692156,29.43906667295238,97.36978510505887,24.22499809366958,25.73701641489076,29.122787636748086,0.7
2068,9,138,11,23.8863985575626,18.762769085043324,23.8863985575626,22.232665278668087,1.8158239481004261,22.17944724045619,22.689489508119117,22.925129673530137,0.2
2069,9,125,11,79.35627994126673,63.30431513492168,79.35627994126673,71.67424678684824,30.093278624618954,67.81455740162485,69.014149829753,77.5424199172496,0.1
2070,9,124,11,23.27898554916247,11.925228463307889,23.27898554916247,14.936236958327772,11.871422678972928,12.616555234768215,13.979200402530235,14.450561532895343,0.7
2071,9,122,11,21.214640301944712,14.633064297960665,21.214640301944712,17.06668066767166,3.5737763243902156,15.337147386927285,17.40289904343257,17.863368301195266,0.8
2072,9,118,11,25.732256696897597,19.555201741951176,25.732256696897597,21.285611569392493,2.7343645420877367,20.450215357129306,20.76298353345193,21.335701294143295,0.4
2072,14,156,16,25.732256696897597,19.555201741951176,20.714356095353736,20.30708041565659,0.11048855922782941,20.23084975419691,20.352026259102722,20.53243753653357,0.9
2074,9,126,11,15.030649989426305,10.370811557625043,15.030649989426305,13.317487469972281,2.45945639664962,12.101669224938869,13.837139937496701,14.617201251350483,0.8
2075,9,124,11,10.32673587083844,10.32673587083844,12.413256215054544,11.517890053798098,0.5408280900507236,11.05416763074893,11.658777515733568,12.176132287683211,0.9
2076,9,98,11,23.117908779870426,9.616685860665008,23.117908779870426,13.663228025242194,12.557712005415203,11.963072028901944,12.715017471911434,13.788842390971976,0.8
2077,9,110,11,9.78368344578052,7.87647856274834,10.449335204827667,9.54506906277185,0.6335654090663294,9.092783875820148,9.884152367521686,10.075209816007781,0.9
2079,9,143,11,21.633818785061386,16.216671340368215,21.633818785061386,19.109395625810734,2.0981573911800377,18.87806678115946,19.2957484880952,19.864502802545374,0.9
2080,9,122,11,14.759400432895038,13.52808930001565,15.611272688429274,14.88866758997845,0.30434714838677657,14.759400432895038,14.863245101067983,15.283537273700365,0.7
2081,9,123,11,11.932380048629582,10.034863733756026,12.1389160358106,11.491614160763307,0.4663736885102206,11.262991122368181,11.834979119661872,11.942991423191032,0.9
2082,9,119,11,14.41748577964671,8.39398687756214,14.41748577964671,10.800865770805828,2.4771725172839636,10.235032316710083,10.728635108404006,11.46735080835697,0.9
2083,9,95,11,25.84559848557592,2.9962476568962835,25.84559848557592,8.781230374737282,40.8703745115205,5.355344221584968,7.295040348902438,7.5224836604416625,0.8
2084,9,125,11,39.88506168614214,21.260454801168407,39.88506168614214,31.977484216294176,32.78994279573499,27.7137458784915,32.776833768499834,36.961051629606736,0.4
2084,14,173,16,39.88506168614214,21.260454801168407,30.66102440150904,26.554051266001146,7.280377838914681,25.837498443437013,27.268151801854877,28.13289231132144,0.9
2085,9,114,11,26.34837452792858,19.140670012734915,26.34837452792858,22.67365853162965,4.77788067103424,21.23481357643584,22.9599006129938,23.729213038472324,0.7
2087,9,114,11,39.10662186912743,24.556309774061642,39.10662186912743,29.38822541495926,14.664841711034622,27.288163204891795,28.559339174519078,30.302142499946278,0.9
2089,9,120,11,111.01075135704856,22.64895037409773,111.01075135704856,49.4824703691787,959.0968710244624,25.920088479883997,31.160392393085637,75.78015540951705,0.5
2089,14,145,16,111.01075135704856,22.64895037409773,32.336854915472586,28.48674812052429,9.495674272379274,25.920088479883997,29.04906561918761,31.313348608355938,1.0
2090,9,130,11,15.45230353326491,9.053272206353105,15.45230353326491,12.767167005433581,2.6503508544961765,12.4790814889354,13.089050939548422,13.5452294100948,0.9
2091,9,116,11,25.146329404150485,25.146329404150485,28.657409943545638,27.263888938919887,1.4365527580934407,26.990070386134455,27.430635646084426,28.120351099170488,0.5
2092,9,117,11,13.139438225669924,4.482552894437651,13.139438225669924,9.224598150219553,5.0805976570736755,8.423621577577768,9.638116029931012,9.81618231794965,0.8
2093,9,109,11,9.018500584568738,9.018500584568738,10.87044985333883,10.151690824112581,0.37934552882993594,10.10884655454864,10.287373914900368,10.593087381033449,0.9
2096,9,129,11,17.934302062633286,15.189942560199395,18.087889353265012,16.8382315168222,1.064920669454462,15.862006904783991,17.108327693985608,17.769823133381184,0.7
2099,9,115,11,20.738562078893295,13.740238515946182,20.738562078893295,17.45257990413401,6.391775681823452,15.263490459440117,17.97783949676889,19.542010981757148,0.8
2100,9,107,11,24.68741209813207,12.4053057995987,24.68741209813207,17.804934976731545,11.961978262179313,15.660046078135249,18.188173983342907,19.83258735878988,0.6
2101,9,129,11,15.304945480068724,13.769505289046208,16.88172358556529,15.746449460570904,1.0283214893306618,15.304945480068724,16.19327288348639,16.53436485977521,0.3
2101,14,183,16,15.304945480068724,13.383084341431154,16.20742892073576,15.000297908395385,0.8100083450602098,14.379093730963671,15.304945480068724,15.406248635299471,0.7
2103,9,120,11,38.38998835312676,24.616793376375128,38.38998835312676,28.44163018697509,17.473907380300464,25.455098133509743,26.794656189310942,29.393652621368496,0.6
2104,9,140,11,25.945345101520097,21.175410458110733,25.945345101520097,24.198550887027412,2.02849784849051,23.269312867689656,24.239562854641434,25.359224517068164,0.6
2105,9,129,11,37.37258077926536,12.416870552961317,37.37258077926536,19.099499037563056,48.78070734652029,16.028977838809084,16.859831047104045,18.847374383343233,0.8
2106,9,98,11,41.948220372240435,24.482045648933735,41.948220372240435,28.722605440733474,21.18161833399641,26.547451320655288,27.993425722258824,28.306551519186378,0.9
2107,9,99,11,29.797632389112653,13.000892080963563,29.797632389112653,19.775582019016557,30.902695809386017,15.740842241685087,18.403906233730183,22.187832083026585,0.8
2108,9,95,11,8.142576121086599,6.615470945066381,10.267712148435773,8.927589387948629,1.0205330783636817,8.291414953257354,9.225205864913054,9.605851586179506,0.9
2109,9,107,11,17.240846520791607,13.287689665511085,17.240846520791607,15.53941617061893,1.8907047726662127,14.589200849099768,15.678793247849802,16.68958930058157,0.7
2110,9,110,11,10.009042767287173,4.289857925034668,10.009042767287173,7.384257188134948,2.7474280272837497,6.619804691171176,7.080346109005031,8.194683346617214,0.7
2111,9,113,11,17.173364268191115,13.702022382087433,17.173364268191115,16.05857915625779,0.9639825393344197,15.943602784230595,16.349496426901645,16.433494834934677,0.7
2111,14,168,16,17.173364268191115,13.702022382087433,16.404613892123084,15.797879408740084,0.6504168429852994,15.859119599469325,16.0196849512256,16.349619417331603,1.0
2112,9,115,11,21.014056271736862,8.818423556639907,21.014056271736862,12.04243129176152,12.050236258655293,9.784240448716655,10.977262697005752,12.43439443581715,0.8
2113,9,99,11,15.071572321934383,9.130195965782999,15.071572321934383,11.280682721100977,2.505453556263614,10.249800057615241,11.295409504349479,11.752098906681157,0.8
2114,9,106,11,21.29836185718699,14.797846890055162,21.417239838300453,19.168496738169853,5.1198939956974145,17.59602846799482,19.84600567602461,21.29836185718699,0.6
2115,9,142,11,55.47039015389278,30.371672665668598,55.47039015389278,37.04427324256255,64.10982013368142,30.66670607344534,33.80817478718645,39.809143923420464,0.0
2115,14,193,16,55.47039015389278,19.926397468778582,31.01999321485245,25.691148412166548,24.729523715508428,21.0262054630522,25.762660788046702,30.564383920115155,0.5
2115,19,224,21,55.47039015389278,19.926397468778582,23.455963104669998,21.740779737922878,1.261046637214841,21.0262054630522,21.71158028512872,22.372333759100577,0.8
2117,9,133,11,18.058055359890467,12.885859924703768,19.03274213567108,16.721661637507957,4.577497074008738,14.633987551254963,18.058055359890467,18.215856304888895,0.4
2117,14,180,16,18.058055359890467,12.885859924703768,18.058055359890467,15.415174842600518,2.00319094624109,14.633987551254963,15.093864678173846,16.433345552952293,0.9
2120,9,115,11,12.381838952864795,5.560615681238873,12.381838952864795,9.908548245880802,4.763601006029429,9.101223313972142,10.072503575020793,11.84238049040562,0.7
2121,9,102,11,36.9225994573913,22.516970275693254,36.9225994573913,26.608967395106582,13.587385287615286,24.987466279419305,26.14326795535481,26.512380061266526,0.6
2121,14,140,16,36.9225994573913,17.36465986017779,26.39715457379102,23.699018848571335,5.82524770317243,23.210592054777074,24.080223217485162,25.18182228570134,1.0
2122,9,134,11,34.584115193803484,31.16113924413422,34.584115193803484,32.560149001380175,1.2574509639491935,31.91517240101185,32.35052819627981,32.73595676716844,0.4
2123,9,110,11,10.401107000343853,6.890426638818253,10.401107000343853,8.06913789603411,0.9115246648804808,7.407892996363815,7.9004766518988765,8.440834184278895,0.9
2124,9,93,11,88.52450884296502,28.88890470087782,88.52450884296502,49.042134065722664,514.404107687237,32.25557141255111,37.921015086781196,68.49770310907275,0.7
2125,9,79,11,8.506881713866061,2.821929953466831,8.506881713866061,4.326711181601533,2.502550892615078,3.2837215758637948,3.8920722499120397,4.648550558815763,0.7
2126,9,117,11,29.848321493099448,6.317478145946686,29.848321493099448,18.246043214403205,76.77446671695004,11.916755539973474,13.425413962436352,27.52569932878414,0.6
2127,9,107,11,8.53058067228181,3.6465358717130982,8.53058067228181,5.860519815215952,1.499907533381911,5.149792448867299,5.85386387330697,6.2042752217254185,0.9
2128,9,120,11,20.867020446921224,14.776393570835914,20.867020446921224,18.70469802285868,3.265790622673002,17.646431886813758,18.9949171627158,20.08525918028161,0.7
2129,9,112,11,13.086243067259996,4.881722281877954,13.086243067259996,7.552376696152271,4.458856802009344,6.5835486975507305,7.613802272933264,7.779892147985862,0.9
2130,9,128,11,31.597894352818397,18.712833529522932,31.597894352818397,24.40088037627532,10.081012908844494,23.223968621134684,24.417732354075042,24.607666901120655,0.1
2130,14,171,16,31.597894352818397,17.191988084329296,24.3287206326312,21.389998258200887,5.978156086176157,19.310349993392578,21.92481416941768,23.411646180109454,0.4
2131,9,107,11,13.315755887194019,12.294717753032913,16.230419667450725,13.893079885950176,1.8541943657024937,12.807762407786587,13.46055414534879,14.752099503163137,0.7
2132,9,108,11,90.9785324865529,40.559691614101915,93.63594029061676,84.3101778760422,222.1211035228665,85.00949650008761,89.59216506277525,91.30586729493078,0.5
2132,14,170,16,90.9785324865529,40.559691614101915,89.42468292231878,82.40827256242152,197.99480055805753,84.57095390709836,87.25893123663296,88.53395353772873,0.7
2134,9,120,11,38.98722046676356,38.98722046676356,51.11301887720734,44.77492564521779,19.592309300745676,40.397070859787405,45.36140023461333,47.99513337708278,0.4
2134,14,180,16,38.98722046676356,38.98722046676356,45.853272355222295,42.46541538688168,5.9213438277254395,40.397070859787405,42.48592909769232,44.71251531323318,0.7
2138,9,124,11,13.053995140400195,7.0827991295741946,13.053995140400195,9.185375261944762,3.149522106074801,7.68703225293596,9.348627951613043,10.053702821990992,0.9
2139,9,126,11,22.559431895537315,18.446505983163046,22.559431895537315,20.878379938307198,1.159916583273387,20.410604414123622,21.08506040065215,21.57817070400808,0.7
2140,9,90,11,32.745251348481396,14.039415304248626,32.745251348481396,19.135865863518802,31.82979943988149,16.127581362200296,17.017723681882728,18.37019973649386,0.8
2141,9,93,11,14.490042335516371,6.580253695109544,14.490042335516371,9.975101843487042,4.866216031933064,8.536262879495796,9.51783928434663,11.509061895865527,0.9
2142,9,104,11,54.78360876892262,34.924907638302656,54.78360876892262,42.7568802229391,29.455673950910246,40.66718389206503,42.76094791055529,44.493392914928556,0.7
2143,9,116,11,23.83046559780111,8.948650551967285,23.83046559780111,12.786122324677043,14.693384475861858,11.068754363511726,12.141384111190028,12.47064980444609,0.9
2144,9,126,11,20.819777280560622,14.313218333518414,20.819777280560622,16.25052849678756,3.5862533340906007,15.20500220535186,15.654225562717581,15.93428318823107,0.6
2145,9,110,11,25.725090882695383,4.6858746958660165,25.725090882695383,15.764606185412424,24.683377054893633,15.030688534304218,16.217862638929716,16.451699575115367,0.4
2146,9,95,11,25.096624536922228,15.735070665493499,25.096624536922228,19.263576954280083,7.20209504171832,17.557385738991904,19.031457038352038,20.14739712493708,0.9
2147,9,100,11,5.095501716491258,3.9269051173808274,5.537316318283626,5.016696690775727,0.2486837437583378,4.752595169373479,5.095501716491258,5.461787890589478,0.9
2148,9,127,11,29.22875912256204,25.831988606273157,30.55744807592896,29.140228465772886,1.4721825823407828,29.167705734645047,29.22875912256204,29.374448978920157,0.7
2149,9,131,11,18.49225847563102,12.418332365490674,18.49225847563102,14.297301943754922,2.371491099739067,13.514175976264747,13.878870612433548,14.613799125630253,0.9
2150,9,116,11,34.62337673576558,24.641846307477007,34.62337673576558,30.102056981984965,6.420326013255616,29.208162949635287,29.94896600546422,31.731050975619972,0.8
2152,9,116,11,53.771197988659424,6.644013710552645,53.771197988659424,18.578531662974356,238.16196267744687,8.111491816972842,10.317793056785632,24.681184736193998,0.6
2153,9,118,11,20.62469864645766,10.224252277989637,20.62469864645766,17.573808650845013,7.241426677490535,17.452591502182432,18.14544405808585,19.044394658439227,0.7
2155,9,100,11,35.76330677838392,11.765736149818256,35.76330677838392,20.61126790998728,52.09396145120529,15.490953273154124,19.41961566292107,23.702956641741196,0.8
2156,9,104,11,9.745959127741658,6.8223759173135345,9.745959127741658,8.503587843543283,0.8666569266573345,7.689627054682623,8.770526569524769,9.09920802038484,1.0
2158,9,101,11,22.283337674267813,17.05171874429942,22.283337674267813,19.760681543707364,1.9978840297687666,18.9968628071384,19.88785112898023,20.498696995224424,0.8
2159,9,126,11,24.655549136109023,20.070466150632008,24.655549136109023,21.487084393446523,1.736331580078108,20.311281171955734,21.641246570204398,21.917152020900758,0.2
2159,14,193,16,24.655549136109023,18.312003950862753,21.637263653646066,20.094123212785085,1.0319431890103365,19.49012008269012,20.185344984680754,20.467598084084887,0.5
2160,9,125,11,30.585191570246888,23.897024960062005,30.585191570246888,27.550385945760116,4.433525749178517,26.00011253156679,27.71719381274152,28.77751731367069,0.8
2161,9,117,11,37.03666434752475,31.675972158382088,39.719817422840364,37.04101358636632,4.625972310866197,36.17772551891966,37.44864456370243,38.3588599912282,0.8
2163,9,109,11,69.73276511131365,16.66020763972014,69.73276511131365,47.614271892721526,342.61239826064764,31.277950840158873,53.47440254601803,63.55338402853602,0.4
2163,14,148,16,69.73276511131365,16.66020763972014,45.01361003563353,31.455344911715418,44.84175491392109,29.92779712495982,32.10785899190509,33.34850425367105,0.9
2164,9,125,11,25.712680523598145,22.446597894819988,25.712680523598145,24.020008293649887,1.0997212960330898,23.133972109148765,24.10286121107027,24.437089910676683,0.3
2164,14,177,16,25.712680523598145,22.446597894819988,24.138593568664458,23.41865803982266,0.349248972703757,22.945386975519916,23.37781676448826,24.03911652805646,0.4
2165,9,115,11,8.894010147035125,7.063575668375321,10.436662941629347,9.357022841614375,1.0360333323331143,8.894010147035125,9.40589790204267,10.276670723076077,0.9
2166,9,124,11,23.740577180850867,13.861499488183293,23.740577180850867,18.51402551694905,6.967026652799513,16.429200473193873,19.064874991129013,19.847520399214066,0.8
2167,9,123,11,27.496855702876974,11.694286952289183,27.496855702876974,15.876450705851985,20.205972247660117,12.593567980354692,14.97966930164209,16.828908429859943,0.7
2168,9,89,11,6.121384016851789,3.516955128671118,6.121384016851789,4.322411393443413,0.47693785779421277,3.8434717192946195,4.277085672897686,4.519204218961704,0.9
2169,9,139,11,39.095195129033236,38.89319621697823,41.26612978874466,39.833499106299215,0.5702837447091544,39.152542340559265,39.66521460985409,40.348547943240376,0.0
2170,9,135,11,17.772426805068235,12.296886417564927,17.772426805068235,15.135536138064975,3.6549043059688073,13.554606462618228,15.4083435044856,16.83978139804781,0.5
2170,14,168,16,17.772426805068235,12.296886417564927,15.173180060704837,14.077530753053423,0.9764835214990205,13.554606462618228,14.402722604668053,14.796797986420007,0.9
2171,9,127,11,32.72738352800387,17.154910636207067,32.72738352800387,24.83645802707515,14.077307249902514,24.058897930102706,24.8626617003776,26.279570682708155,0.6
2172,9,107,11,73.6048908214366,38.333194751450506,73.6048908214366,53.59253539968296,123.85917608865358,45.167454912370694,50.95033489585161,62.97008470230201,0.2
2172,14,158,16,73.6048908214366,29.198046416094954,50.79550987742584,40.71266276982176,33.032070245000405,38.50196443297243,40.32318317446112,43.731726363855465,0.7
2173,9,118,11,15.259100420603165,7.183037317006753,15.259100420603165,9.252546010991662,4.8830777743542075,7.827716363344405,8.881061291722364,9.462841190841267,0.9
2174,9,115,11,61.270820106895556,47.114418048914615,61.270820106895556,55.55553649600186,11.917236514470193,55.13578688518379,55.758824568009956,57.19107348931867,0.1
2174,14,161,16,61.270820106895556,44.6838612934955,55.8735881097873,51.85318355767485,15.304982700016811,48.346352061046076,52.868935943371156,55.301677269695524,0.3
2174,19,218,21,61.270820106895556,42.01254994410954,53.27066578342695,49.28484520436779,13.72128100905258,47.027417231670995,50.49425701514602,52.3798703843282,0.5
2174,24,267,26,61.270820106895556,40.008181842673984,51.138148019004305,46.172734321489145,10.469341591840957,44.876852361195205,46.352580505377276,48.34772812249632,0.9
2175,9,109,11,23.4574706828992,13.169765810863614,23.4574706828992,16.49735058511534,8.742245423831857,14.577666502768217,15.499754240168519,17.173825826205253,0.7
2176,9,123,11,35.715433933129916,18.141115383979198,35.715433933129916,27.551382576778174,21.60064752498107,25.122430517632065,27.15532581534861,30.389447405381006,0.7
2177,9,134,11,28.031081378806086,15.148143112792084,28.031081378806086,21.261759852889334,14.05961641924046,18.74608273271397,20.008128189503218,24.57807852313684,0.5
2177,14,168,16,28.031081378806086,15.148143112792084,19.943514499184616,18.50515232108654,2.7135248840482875,18.493960496014765,19.200438762839134,19.571834353129944,1.0
2178,9,115,11,22.301099327772945,13.841276541371915,22.301099327772945,16.34174219753693,5.288431911440407,14.899300050102468,15.649165334872551,17.217327835164188,0.9
2180,9,101,11,29.676770266573214,22.902221805363983,32.18034579397697,29.034246739302866,7.190320082270025,28.00065730596976,29.618854239405188,31.224071308923573,0.9
2181,9,123,11,16.811795910215945,16.38260700067128,18.470158232127787,17.010899291549606,0.3994170674310453,16.63718219563237,16.79927762663286,16.919350587907935,0.6
2182,9,129,11,9.65238012656923,7.805029156957247,11.236770940217449,10.044693976493182,1.1700147542083863,9.488389516770651,10.092949210390675,11.052722579355242,0.6
2184,9,130,11,28.040477132974104,26.318047464469057,28.905559688398494,27.30993507973548,0.6261807413370519,26.64210727811434,27.084268090608298,27.942095789044004,0.6
2187,9,133,11,41.62803703190969,25.9927273548509,41.62803703190969,30.480770382818967,22.506099439537188,27.03060105503675,28.886983350992985,32.63925570472944,0.2
2187,14,199,16,41.62803703190969,25.9927273548509,28.405337959520423,27.435387686283264,0.7390725251959879,26.911800566562928,27.756310241401167,28.079624568014765,0.2
2187,19,254,21,41.62803703190969,25.2293134540599,27.611719681591993,26.61026815107774,0.44119768501648354,26.110120499893288,26.827167812890654,27.05541864488426,0.5
2188,9,125,11,26.11418799120815,18.55424926321031,26.11418799120815,21.451885611076893,4.074613453515317,20.317032789688398,21.162623125186947,22.110700642307993,0.7
2190,9,86,11,57.51514210346329,21.871434195720262,57.51514210346329,40.98777446971528,73.68827276324411,38.069950368639525,41.44658252159057,45.03268810841093,0.9
2191,9,109,11,19.683306532811315,6.281445497295624,19.683306532811315,9.307809398201154,14.225472045539785,7.285121327635255,8.097731674318382,8.742972094687804,0.8
2192,9,118,11,25.831603284184716,8.286166785430098,25.831603284184716,13.115040229971825,20.789079249982443,11.097135455854353,12.08362160211393,12.651114652758942,0.7
2193,9,110,11,21.971134443796934,15.576147757296312,21.971134443796934,19.153885695425892,3.9143473424589446,18.08686695003862,19.715671237349067,19.785232782843288,0.8
2195,9,126,11,22.952465505038987,14.43152635243775,22.952465505038987,17.601049455063148,5.707089357283016,15.636444098932442,17.54759748614676,18.232488520493916,0.6
2196,9,109,11,5.775055856225157,4.4049982151689955,5.775055856225157,5.077215003449246,0.15005396014956546,4.858412280111633,5.160569036631532,5.289661816821592,0.9
2198,9,103,11,28.3509117606923,21.795402237638,28.3509117606923,24.186075092846913,3.5587833275705685,22.690296544834496,24.14049250214408,25.021027050979434,0.8
2199,9,124,11,56.96759910338735,26.092672674144602,56.96759910338735,37.655664252994875,76.51628426849878,32.089981745262996,35.974902540962525,41.47229654923339,0.6
2201,9,77,11,13.396509059259186,9.966489886298518,13.396509059259186,10.980896623827705,0.8867022689394048,10.415190377466589,10.841022657263416,10.98514036528278,0.8
2202,9,110,11,11.983883131423392,10.332148997888595,12.419900392548259,11.735109669158629,0.44062928205263063,11.449085134051188,12.017016589129511,12.165951844035176,0.9
2203,9,129,11,21.96784397031969,20.85222679857121,24.40958172962963,22.766784322660275,1.0827512128493613,22.011765488623404,22.794810415839862,23.297632467321836,0.3
2204,9,94,11,21.252703160145764,16.44656650149369,23.518093386985385,20.1249782394065,4.809047703594784,19.12504803248599,20.305721219446955,21.252703160145764,0.8
2206,9,134,11,21.91567998037668,13.985683342798634,21.91567998037668,17.99181805655125,7.886799439847529,15.020108574060362,18.93440318698562,20.386506415851503,0.4
2206,14,177,16,21.91567998037668,13.985683342798634,18.550573889343827,15.965006728231156,1.7232824890460772,14.84764029882112,16.26838237685069,16.721696495469985,0.9
2207,9,129,11,43.65451995099401,29.26516120474207,43.65451995099401,35.22244417047189,18.17269053749551,32.84152459897256,35.397141753451955,36.617987402571444,0.2
2207,14,179,16,43.65451995099401,26.5473294972666,35.317480071925445,30.23099286504034,6.47997745929946,29.306060844875777,29.4901897653194,32.02242423914882,0.4
2207,19,232,21,43.65451995099401,24.4394631778018,29.67368112850196,28.102168393766032,2.65783395611677,27.272581374386014,28.680409077866376,29.43794071300485,0.7
2208,9,80,11,40.07363389312021,18.812534069947233,40.07363389312021,24.71675089930729,30.28552122503669,21.996174876471102,23.69443301849894,24.5079513663563,0.8
2210,9,117,11,18.964521726914853,9.597293554250738,18.964521726914853,12.847665002587894,6.031034879233685,11.589204420408446,12.794786845898479,13.624990618386565,0.8
2211,9,114,11,11.124168136612147,10.112418621790692,11.498378083352689,10.92948756488617,0.12851750571829323,10.809885092585262,10.971288389460891,11.124168136612147,0.1
2211,14,160,16,11.124168136612147,9.327243775481387,10.96036946784042,10.45357055079427,0.20359028993431863,10.290896180344559,10.611903585677094,10.761761239763866,0.5
2212,9,127,11,40.94094664324362,33.550142385469854,40.94094664324362,36.78868932901578,4.321061511012749,36.06961542451261,36.59830090397078,37.714279873153224,0.8
2213,9,117,11,37.89625614910778,37.47258782412851,42.81098150555706,40.550173797885314,3.830355914289382,38.549920128609386,41.223883663546076,42.019031916189576,0.5
2215,9,108,11,36.83740208624714,21.246336047562508,36.83740208624714,29.037556954659898,15.754577065613617,27.109915826084187,28.257093977483525,30.73843613932205,0.9
2216,9,119,11,32.63950794073018,22.143867790483828,32.63950794073018,27.145657840401704,13.042361491287247,23.894010180624832,27.13914661216873,29.119365610369318,0.4
2216,14,174,16,32.63950794073018,22.143867790483828,27.415470950526498,25.38399383669583,3.2893630161789105,23.894010180624832,26.200853697829885,26.643936722544687,0.4
2217,9,102,11,6.138085297047554,3.8059977463871073,6.138085297047554,4.838112955594106,0.5418046638958931,4.2634485886643025,4.770057659521929,5.267147084520623,0.7
2219,9,114,11,45.063301334636044,31.030051164901042,45.063301334636044,38.80703246587078,22.21744481429065,34.191758211740634,40.645299158306564,42.038576115229645,0.7
2220,9,121,11,22.51094229233923,13.782576340336027,22.51094229233923,15.688942811286292,5.65496937033585,14.368593002343836,15.1341637613707,15.781584048294244,0.9
2221,9,129,11,130.09216668321616,55.94842100022107,130.09216668321616,95.97139571444903,710.3175459872034,75.14143190228371,96.2294822310075,122.74453116269964,0.2
2221,14,179,16,130.09216668321616,55.94842100022107,88.01517996059509,71.62709539755572,69.4130119984273,69.39057378443823,72.0161025848796,73.95257719977221,0.6
2222,9,132,11,46.174134340400784,37.986529242626695,46.174134340400784,41.3457572440842,7.836256461823149,39.04827450760615,40.987129073528244,42.45662153112669,0.3
2222,14,186,16,46.174134340400784,37.986529242626695,40.97271922337823,39.19449077763005,1.0021015110024076,38.46129689488585,38.8690896053049,39.89856678963624,0.5
2223,9,117,11,26.896777988851913,6.5573549878106885,26.896777988851913,13.150053040884657,28.986171214689655,10.462502825979506,12.222414423831033,12.987051077826504,0.8
2224,9,116,11,9.777501202506873,7.844059997088281,10.347297381821933,9.587380404607341,0.7672238031473946,9.507362766474774,9.903352752363684,10.238846783228695,0.9
2225,9,86,11,94.5732433955047,71.21021321102673,98.14171672434648,91.60703341034868,60.98261379447483,90.7732934789482,94.5732433955047,95.99068714017794,0.0
2225,14,145,16,94.5732433955047,51.71557258687073,94.5732433955047,71.86382189102241,270.61930319713747,56.30349635683339,67.60953622514202,88.33047120577623,0.4
2225,19,193,21,94.5732433955047,41.35500251494997,64.00885923925733,55.63746550152992,31.40383279474529,55.15997083846905,57.11347318378644,57.894453682973435,0.9
2226,9,108,11,16.839246660231762,6.825682403895451,16.839246660231762,11.023603288857455,7.879336970859567,8.752322268052712,11.027251253710833,12.593591033184694,0.9
2227,9,117,11,28.583299427423178,7.961999087631625,28.583299427423178,16.360116969705654,32.2169581492139,12.638635044417953,14.47314112513251,18.73670525261304,0.6
2228,9,104,11,19.874956875030513,11.827082370820701,19.874956875030513,15.370496590391735,5.330074944873712,14.62023897815905,15.29101156377693,16.048174480580062,0.7
2229,9,108,11,50.50485251806979,28.020238349395807,50.50485251806979,32.37448701205532,38.74330005137438,29.062338037645194,31.00609760345418,31.550642510898086,0.8
2231,9,127,11,24.37771732106542,18.1180782980924,24.37771732106542,22.06148644869805,4.251378829736645,21.993564901416182,22.343030412864984,23.539912566324958,0.2
2233,9,105,11,22.380745790275128,6.120845461515532,22.380745790275128,12.556528740709878,15.217957834473452,10.780857039407023,11.901206917369793,13.400910870615418,0.9
2235,9,135,11,67.77953353123212,60.062486060885064,68.10414710365663,66.26237242844113,4.966032470353766,65.9393527901122,66.88687689856103,67.68158658872943,0.0
2236,9,129,11,76.40509336152112,38.588636588968086,76.40509336152112,60.47881686829387,178.91141089132503,50.628583345492174,65.93266727567318,68.49041080197311,0.0
2236,14,193,16,76.40509336152112,29.667390488110847,65.44110983201887,42.100305981822856,122.86011944818237,34.446371031799984,38.6817854673065,45.899505829995036,0.3
2236,19,239,21,76.40509336152112,28.46282224038565,38.588636588968086,32.76906056102608,9.768466337794777,29.78468765124342,32.87826333374581,35.19258450054417,0.7
2237,9,117,11,8.30940425191999,3.5862514124868405,8.30940425191999,5.557787012953168,1.2528504070360555,5.112675924716529,5.501614705393389,5.688531343372002,0.9
2241,9,81,11,8.265559595454686,3.8478431037652836,8.265559595454686,5.193766981731174,1.3680745253232858,4.392076095741721,5.165851542898931,5.372683454903202,0.9
2243,9,106,11,20.53531747211879,13.104698421716012,20.53531747211879,17.509439529903887,4.171688898713498,16.35950393839704,17.955332680986952,18.942948841983224,0.9
2244,9,104,11,34.4707731287415,30.26797386172894,36.38740545725837,33.65092690163708,4.144715255509526,32.17909291330257,34.004237005201716,35.00186900207687,0.9
2245,9,126,11,10.245459824413766,10.245459824413766,13.301238584955994,12.030650225684948,1.4619100440496118,10.935744317076514,12.390488794238697,13.101042369394314,0.6
2246,9,114,11,44.16793634520917,23.55392586065107,44.16793634520917,31.67193603669246,31.940977412972654,27.541634413903253,32.08176134454841,33.88753271334546,0.9
2247,9,104,11,16.570119298240947,12.27467892943588,17.77848517291806,15.473144290592577,2.2489175415077645,14.611945558313089,15.396093934450287,16.570119298240947,0.8
2249,9,101,11,9.524904911926956,3.688827371127405,9.524904911926956,5.692507332819365,2.429290317050434,4.558465837856501,5.769673167408097,6.174748121211545,0.9
2250,9,115,11,5.94299114597556,4.976485970418229,8.420207637713602,6.83805772487551,1.402532077802847,5.94299114597556,7.370442191562127,7.77030377159242,0.6
2250,14,166,16,5.94299114597556,4.750588313666945,7.627558729236074,6.31337031155936,1.1240642310764322,5.27722429431704,6.442983456414402,7.157950888236292,0.9
2251,9,104,11,22.535532507260637,18.68658196029851,23.005674713920854,21.894062241915215,1.5611298800532531,21.536082223172407,22.522944958413227,22.57221063475007,0.6
2252,9,92,11,5.513310308373808,4.506851369081149,5.648150801652003,5.324558277169257,0.14685290915164995,5.315605553837907,5.513310308373808,5.54596314089167,0.9
2254,9,120,11,16.99895427899061,9.113756187462862,16.99895427899061,11.735063433529447,5.140753596372116,9.979588469150276,11.6961937561234,12.845502026149632,0.7
2257,9,116,11,36.939425621425116,26.16623004062863,36.939425621425116,29.19476981782596,7.563996186904282,27.796656575546486,28.805907259620923,29.138698262578853,0.3
2257,14,175,16,36.939425621425116,26.16623004062863,28.776871816907082,27.900742691398943,0.5935337580160622,27.524861036787307,28.010897274422028,28.521650631312014,0.5
2258,9,116,11,10.441676324353386,5.094779062169628,10.441676324353386,7.341139632654857,1.9755370351488069,6.857447156538227,7.344944338692292,7.937447291399396,0.9
2259,9,103,11,9.726120760853217,7.872464318059912,9.947727565237589,9.203973767042859,0.6521974178983015,8.546647266406158,9.726120760853217,9.853079561581454,0.6
2260,9,126,11,23.513019101564744,17.997063396644442,23.513019101564744,21.465920219553244,2.396572354316092,20.843303415344725,21.792611486404844,22.520627832855112,0.5
2260,14,174,16,23.513019101564744,17.997063396644442,21.855256554927138,20.59881981083861,1.2466112430065948,20.040639083729474,20.868659058609516,21.530408493410263,0.8
2261,9,138,11,34.33490395771089,30.278432963434273,34.33490395771089,32.036267855840315,2.0179515357905644,30.827525688386675,31.75607252672255,32.836380194593474,0.0
2261,14,194,16,34.33490395771089,24.300885637354988,31.792250734507398,29.641954709647326,5.645309522327626,29.268283027707827,30.5716049393637,31.288217714168958,0.2
2261,19,255,21,34.33490395771089,24.24990534674515,30.468575397016558,27.068141438898824,4.648461082217261,25.27966301585067,26.92457665204434,28.571858530745622,0.7
2262,9,114,11,17.97419483767257,9.569073236378411,17.97419483767257,13.575890852551717,4.486582566056634,12.630480569638724,13.743798540809117,14.367397327125198,0.7
2263,9,120,11,18.354541868314463,10.109205234754993,18.354541868314463,12.462443094477683,4.5159908655877645,11.392961178801833,11.929097424612511,12.538655123182815,0.4
2263,14,172,16,18.354541868314463,8.172487825849256,11.883861323210237,10.697598628464672,1.2173198186360445,10.199066738772547,11.28509122272716,11.448712634053395,0.9
2266,9,100,11,6.025943694452158,4.106635983254341,6.025943694452158,4.964736624643505,0.42408993852472576,4.467170377520456,4.945097909612124,5.495540225733321,0.9
2267,9,105,11,16.57027311836078,15.190942202033058,18.899362375292945,17.561565855892916,1.4717483525532307,16.62218778870016,17.733971749567853,18.68490620244822,0.7
2268,9,116,11,18.85470290189231,15.82702111036474,18.85470290189231,16.642882734961407,0.7457140849832704,16.040665906152192,16.360277574006417,16.84545636674834,0.8
2269,9,131,11,63.673542308715454,49.085521217016776,63.673542308715454,54.6378184142345,24.084998183603783,51.315248569823076,53.6129033396238,55.02466031589721,0.6
2270,9,125,11,17.849105146708546,16.957539748206752,22.215394416972927,19.375366953185267,2.9625706683579707,17.849105146708546,19.341153946797874,20.952345886993548,0.9
2271,9,108,11,24.80942742865883,16.884629367649364,24.80942742865883,20.64859237610998,6.909384902838447,18.44838938545638,20.803345256815298,21.930450336911115,0.8
2272,9,123,11,34.42382358805389,26.54803688415889,34.42382358805389,29.74613025814774,7.404764511777046,27.847737018343047,28.18089377842614,32.06755679148608,0.5
2273,9,113,11,37.0701428170929,4.941253143927881,37.0701428170929,13.43440383502022,111.35364835333147,6.974613632060192,8.343552702189546,15.257658770087923,0.7
2274,9,126,11,20.04201504099212,14.295548054669656,20.04201504099212,16.685044561203373,4.623691680277663,15.312030270455287,15.674832958749029,18.69385683213132,0.6
2275,9,107,11,8.222898653983394,4.336270542176425,8.222898653983394,5.960993359568039,1.2937522329412652,4.977535506981128,6.169634755531234,6.626059025283058,0.9
2276,9,125,11,62.43826426724365,46.6749728600567,62.43826426724365,50.986663918897264,17.458643611366327,48.501570366228634,50.36752973651208,51.666045721735124,0.5
2277,9,103,11,6.204521329015113,3.260007718313842,6.204521329015113,5.06103958734891,1.02301574216701,4.142422137526954,5.2114110130625955,6.007112544004115,0.9
2278,9,123,11,9.401891999893088,3.5494350283688947,9.401891999893088,7.141030731401275,3.3594738326282725,5.8940449399972135,7.811334470513523,8.556151886133197,0.9
2279,9,109,11,49.68759795312067,22.268327957909996,49.68759795312067,38.90324564395017,42.629597888919264,38.38840143518435,39.3169019521093,40.285733360062544,0.7
2280,9,129,11,67.70248440719729,8.132672037168888,67.70248440719729,30.96719743013253,473.7611299509511,12.422952698918628,23.403014299298373,49.96958522995453,0.4
2280,14,166,16,67.70248440719729,8.132672037168888,19.985252051810335,13.525317857955807,9.433246220745556,12.422952698918628,14.04922713440539,14.580534231061716,0.9
2281,9,80,11,6.112172504450001,3.062852838223638,6.112172504450001,5.07959876118357,0.7462639137029605,4.6592158439682505,5.3212918987553195,5.538950585167904,0.8
2282,9,101,11,37.63623236319414,9.196570422507575,37.63623236319414,18.563540147829762,64.27844282295759,14.50697808508057,15.535686344934971,19.13571698058745,0.7
2284,9,136,11,23.431003945032458,19.764721809239123,23.431003945032458,22.369224864111825,1.8059467157940035,22.32974291491623,22.92652151388576,23.343980000825596,0.8
2285,9,131,11,7.987605139427955,5.964629283840523,7.987605139427955,6.942239442556658,0.40370660478605147,6.401280515305363,7.0716958304535975,7.400488614647172,0.9
2287,9,103,11,21.11930807950487,19.77511679987441,28.460930695996947,24.530438935255024,11.811395492095233,21.11930807950487,25.65595521467177,27.64662005887792,0.7
2290,9,107,11,59.225573498385515,26.893656092763592,59.225573498385515,48.10933918224536,65.85970129361792,46.24081523274039,48.810595442230834,52.82219915456019,0.6
2291,9,117,11,11.123044379515372,7.050519113383367,11.123044379515372,8.816733499280796,1.1328187696918044,8.570649874104449,8.743129594308602,9.285190236771884,0.9
2292,9,119,11,8.449919627414518,4.855409586373835,11.81559468763984,9.101496789555846,4.428108288658001,7.72558281490784,8.849335422256843,11.064560307796661,0.9
2295,9,100,11,4.466220944960187,3.0133488435595916,4.466220944960187,3.9376149481371683,0.2805562305717525,3.4200693529372157,4.175686448183576,4.395478883744643,0.8
2297,9,95,11,72.59667898826748,67.9548337979941,72.59667898826748,69.83828333807102,2.7026993693074894,68.52115437649755,69.1197858690179,71.35076651216457,0.0
2298,9,115,11,43.093795247314915,19.17044225677847,43.093795247314915,24.772467679161288,47.2009288023821,20.515951390673756,21.64233779329829,25.212991622882853,0.5
2301,9,117,11,32.331396464209625,30.73928554066066,35.26433002568986,33.01803383221854,2.011128150128985,32.037428636224156,32.676455883929265,33.9835879779197,0.4
2303,9,108,11,12.48904274772863,6.231065122465525,12.48904274772863,10.582496056458714,2.505658869992168,10.61768559511414,11.098539126545145,11.251976364538745,0.9
2305,9,111,11,25.896239844119336,13.381622760687852,25.896239844119336,18.060455410143682,14.997827892674556,15.373010431800644,16.838078007913097,19.974983200223747,0.8
2306,9,85,11,23.4433376900258,7.959384861069286,23.4433376900258,15.465499370657113,15.111968972925226,13.418761273237251,16.454740568448155,16.85993091261411,0.9
2307,9,126,11,27.95329592389452,21.94597530598625,27.95329592389452,24.61940412963484,3.4289206476930696,22.942457464969614,24.882415267238965,25.815406588237053,0.9
2309,9,119,11,11.63870818994899,8.257316324500481,12.233156376934275,10.78936873651606,1.4331283325520694,9.84682067492939,11.297977695172218,11.63870818994899,0.8
2311,9,104,11,33.83111140305168,25.649119795447543,33.83111140305168,30.387218930003986,6.416610343130257,28.697235791329014,31.02893526308053,32.404621407872085,0.9
2313,9,121,11,51.043416690466685,29.79769494189376,51.043416690466685,41.17761218866196,56.413450693136895,36.34431165891802,41.89195147467306,47.78619215076241,0.5
2313,14,179,16,51.043416690466685,29.79769494189376,42.70251694940687,37.88838811541585,20.19474557865076,36.34431165891802,39.07628842882059,41.378983439353725,0.9
2314,9,100,11,19.838431486545137,9.601091668266132,19.838431486545137,14.0984268342232,7.292238020883948,12.295386359740407,13.612587558545988,15.864475572333035,0.9
2315,9,127,11,11.385206159472496,10.833941281875752,11.918770199567382,11.523537580294132,0.09412693306197037,11.385206159472496,11.628812523543374,11.721765152184386,0.7
2316,9,133,11,46.100701504929646,24.527843916995458,46.100701504929646,31.183067642017043,53.14295711186577,25.672411560221626,28.02554497891794,33.789036185821985,0.4
2316,14,187,16,46.100701504929646,24.527843916995458,28.25756350843197,26.410606142801964,1.8438707935749263,25.12101606189601,26.394925901273062,27.654533782312043,0.7
2317,9,100,11,14.865667694917814,11.313818162813007,14.865667694917814,13.179374399260151,1.2786457449078066,12.382853215005564,13.387658728593134,13.949515775003736,0.9
2318,9,124,11,84.83102086103425,75.97162716197349,84.83102086103425,80.68237769309079,10.204880358000004,77.64085903369957,81.74202421694048,83.3084219870974,0.0
2318,14,181,16,84.83102086103425,75.97162716197349,81.50023998315763,78.8240785048379,3.488879675694414,77.38201256537863,78.90858295360823,80.31170515677552,0.0
2319,9,136,11,21.120354614212648,15.19701736944745,21.120354614212648,17.697673948869838,3.4562381238678044,15.988904877870173,17.796125436918462,18.981234913237227,0.7
2320,9,136,11,17.784760702473477,14.923553319270404,17.784760702473477,16.194243091460176,0.6997130884223616,15.523891719826473,16.200269960554074,16.61193095065185,0.7
2321,9,115,11,21.645044864523808,14.788881647420514,21.645044864523808,17.231079309451594,4.607553481692198,16.10980438976277,16.485282973971415,17.620373436626046,0.2
2321,14,171,16,21.645044864523808,12.938546831463643,16.340192530461493,15.173911868694546,1.170806929683457,14.827985797933078,15.310703778120178,16.1477780047741,0.6
2322,9,105,11,23.746774820912748,19.99134206943983,23.746774820912748,21.14035090730867,0.9988226787685927,20.55943892586727,21.126336285954757,21.366147816832115,0.6
2323,9,133,11,15.719201000493733,10.834910047110089,15.719201000493733,13.184043576028277,2.191067585204787,11.762522617411214,13.820477237955334,14.089331505000667,0.4
2323,14,197,16,15.719201000493733,10.834910047110089,13.781669100652186,12.45669565411701,0.7317527264120194,11.762522617411214,12.743207037130682,13.035344678530356,0.9
2324,9,123,11,29.742469277543073,22.485152513060253,29.742469277543073,27.007159661584847,4.240122650988846,25.852811359786322,27.073980108599862,28.144776051859594,0.5
2325,9,121,11,18.712834408793686,12.24375260468998,18.712834408793686,15.648455806640863,3.1656662580812194,14.53247263341087,16.003829942446465,16.698666440211706,0.4
2325,14,162,16,18.712834408793686,12.24375260468998,16.29162686820586,14.268400340754908,1.3314678916451157,13.485609859591944,14.037416851881638,15.092430467046437,0.8
2328,9,110,11,35.260438800656694,17.262129788331,35.260438800656694,25.199079089963643,26.03409988578351,22.710077399764337,24.80859676109997,25.503564401025155,0.8
2331,9,132,11,20.932349843126694,14.711388434086777,20.932349843126694,17.408209857957225,2.7650803713686023,16.610281306960733,17.710396743515922,18.07975859413073,0.9
2332,9,87,11,35.83126531120524,17.293641049633244,35.83126531120524,27.03208504290555,18.856378858005883,25.888312704134407,27.231526706009824,28.627912733438098,0.9
2333,9,131,11,36.38480664720647,27.231557315157062,36.38480664720647,31.425309168132447,5.634437554905456,29.919681117535106,31.321592121327132,32.81904674945468,0.9
2334,9,112,11,38.52459982182015,23.293163337699397,38.52459982182015,32.077119969888216,27.874497895021157,28.196947401614388,33.90558303351315,36.38930467878056,0.8
2335,9,108,11,28.064929106208382,26.753802532450525,28.37231843880498,27.7915694127809,0.25276267524566876,27.614378592937513,28.027028222403665,28.064929106208382,0.9
2336,9,127,11,42.48650684935657,38.88738335995528,42.48650684935657,40.51555099457224,1.579233976834557,39.666241458793266,39.963884630658434,41.51709887844996,0.0
2337,9,114,11,3.1459593009676725,3.1459593009676725,6.980546201361964,5.475171308401747,1.8101630552363634,4.691188187016361,6.101630330824991,6.369004494363994,0.9
2338,9,118,11,11.255532831394483,8.864313927772745,11.255532831394483,9.903089880332583,0.39509747743408774,9.790330889044252,9.924037263367923,10.140750059123757,0.9
2340,9,121,11,24.37301031614591,13.70056097880315,24.37301031614591,17.671263441576702,10.06453411896847,15.476793761801506,17.09450218985124,18.54033862873979,0.5
2341,9,119,11,26.884952482440873,11.221099209992417,26.884952482440873,19.016186132309237,24.203196405861632,15.069365572154963,19.6490582274287,22.98780488371498,0.6
2342,9,100,11,71.21093744654785,23.3353642722697,71.21093744654785,41.40970709891851,275.83915322952123,28.702146300557526,31.435925739237426,54.781885974966244,0.6
2342,14,147,16,71.21093744654785,23.3353642722697,35.73430367592505,30.90752281282556,12.402294918331112,28.702146300557526,31.435925739237426,33.22936660733864,0.9
2344,9,113,11,9.390726593452152,7.848089281221931,9.8937178908045,9.157625543878938,0.4308725434182021,8.843556570168285,9.390726593452152,9.686059114523308,0.9
2346,9,126,11,18.374640817841254,13.332456639326232,18.374640817841254,14.788513718025644,2.199656362895033,13.858842771369618,14.171533969070552,15.112772079238809,0.8
2347,9,115,11,16.003859770254223,13.880076971069968,18.298300246677943,16.2023252362194,1.647152491308089,15.294340888889682,16.003859770254223,17.25730893670793,0.7
2348,9,86,11,20.8142254129485,4.418731091121504,20.8142254129485,15.027984387111283,19.0342724447877,14.002686865014743,14.93624744662886,18.1990270093207,0.9
2350,9,91,11,6.862068494694375,4.936962611603578,6.862068494694375,5.827312705437061,0.30348553805748174,5.5604885210934505,5.882383801870276,6.126086350421839,1.0
2351,9,86,11,46.859055118617924,34.50133075601366,46.859055118617924,39.15645599798231,12.494642610091036,36.799516483116584,38.429428224752286,40.97661764468569,0.8
2352,9,138,11,26.095272132985166,20.218378252481646,26.095272132985166,22.866913540339592,2.9355635969378886,21.340577214223316,23.10992018764742,23.91135424325219,0.7
2353,9,130,11,16.234125767564528,8.989649897272963,16.234125767564528,12.939861523634184,3.7338298139265875,11.92484394422769,12.9996384265318,13.969919238629146,0.8
2354,9,108,11,15.811810774148872,11.23606302796793,15.811810774148872,13.695892227567601,2.3163483980240622,12.384236471379662,14.024567329478417,14.938812029289025,0.8
2356,9,122,11,30.725292380564266,14.832634177436717,30.725292380564266,18.045477378203113,26.02841286865806,14.898193697744617,15.533887767116035,17.396948154151378,0.7
2357,9,106,11,17.815286827852667,10.874032978139326,17.815286827852667,14.094505240907642,3.1113574117846676,12.92522878622024,14.315309478039962,14.767366444943425,0.8
2358,9,103,11,70.97214958961592,21.769426931678076,70.97214958961592,41.82570085745441,210.09194686843247,32.332191241576,37.11137244165933,50.96750858543886,0.6
2359,9,97,11,36.407981547365445,22.58099205618918,36.407981547365445,28.702544893012778,13.094638643320991,26.332060172718485,29.487442480973414,30.389038283154758,0.9
2360,9,128,11,67.56801493964822,31.114403047587825,67.56801493964822,42.29585042235626,141.54040484159432,33.355010448705755,37.97505666222095,48.04753712531192,0.4
2360,14,187,16,67.56801493964822,31.114403047587825,37.980455042827245,35.27938426517818,5.098388840526067,33.355010448705755,36.378171189318465,37.107009818092195,0.4
2362,9,128,11,8.749388895552613,6.132226153839584,9.125505748697043,8.014050148900854,1.2416972280980114,7.192922118765496,8.533925617443662,8.993195209916292,0.9
2363,9,123,11,55.33993275193077,37.85284161612115,55.33993275193077,50.449751130606884,24.36201590237716,49.52364531272211,51.77750236164923,53.858600965602086,0.5
2363,14,162,16,55.33993275193077,37.85284161612115,52.535902852901415,48.44005476289277,15.883814121021999,47.14807468088526,49.834379739639175,50.80592227027728,0.8
2364,9,122,11,53.746529823080266,27.472972457019964,53.746529823080266,42.29703301646273,72.00665563844274,35.30031974010701,44.69261945714511,48.07217747943294,0.5
2364,14,178,16,53.746529823080266,27.472972457019964,44.06714472154278,37.964520637712745,32.96511103666891,33.5569555837223,39.437870998479625,43.14965493101502,1.0
2365,9,122,11,16.318754248704312,6.4258515239971015,16.318754248704312,10.392250540024854,6.634504825783312,9.064156078521592,10.29417907405353,10.715063296932913,0.8
2366,9,132,11,40.76596757048424,32.32641323341002,40.76596757048424,36.24693460801633,8.720421652506992,33.92126157714304,35.827682093920764,38.121741711301524,0.5
2366,14,173,16,40.76596757048424,32.17784001650353,36.85553284498452,33.967236042884,2.0086254368318963,32.79410248164859,34.03211089118245,34.6942027350162,0.9
2368,9,115,11,11.704529399943748,6.479523388629394,11.704529399943748,8.91854388289582,2.7509858849994453,7.998350790486956,8.85333362229791,9.384556097556645,0.8
2369,9,121,11,16.23455607377963,11.407596848046895,19.160861021520436,16.261627034110894,4.649651982237416,15.063044825921661,16.372779791304534,17.555213481499816,0.8
2370,9,108,11,10.143283769077902,6.033571928100826,10.143283769077902,8.69487621518412,1.26655126516827,8.131526739226974,9.064314067748708,9.365836761919459,0.9
2372,9,144,11,42.27265129088397,29.824438305437287,44.593097451510744,41.270579724934116,20.48474652327217,42.27265129088397,42.817610942832175,43.93095206655895,0.1
2372,14,208,16,42.27265129088397,29.824438305437287,42.65997929562901,35.890199490064965,20.206726690789825,33.124903716889676,33.83636471077314,40.62916020052927,0.2
2372,19,266,21,42.27265129088397,29.824438305437287,34.30277754636923,33.23483291823588,1.7367004719574388,33.124903716889676,33.7426238570615,34.02233157680476,0.2
2373,9,114,11,26.062837518658505,19.403367894362162,26.062837518658505,23.533647080837692,3.454755902452514,22.535205570325157,23.73758554011077,24.87900819317108,0.8
2374,9,95,11,13.758216312560226,2.751556877845173,13.758216312560226,9.916738080372625,8.26130788854611,10.051699584643158,10.52695083175754,11.320910817240406,0.9
2375,9,111,11,38.38334544536903,5.113186979851854,38.38334544536903,13.887314140067094,111.04102424557217,8.378258361275073,9.031041809519873,14.495497731990392,0.7
2376,9,97,11,9.674094667478448,6.634048377902677,9.674094667478448,8.710931210171676,1.1472995764736773,8.652333746828276,9.108104605455013,9.495916938561288,0.9
2377,9,110,11,8.512710909879857,7.520830782053852,8.512710909879857,8.05977737629145,0.10747217966342013,7.944744677594322,7.999354439088329,8.368381810946213,0.9
2378,9,118,11,19.08439841422244,13.305789901003951,19.08439841422244,14.86328023149531,2.350714732067995,14.143413870095008,14.449634666662249,14.944717395363957,0.9
2380,9,130,11,30.354987888759982,16.714971975206776,30.354987888759982,21.483462741944077,11.88065042149334,19.987467168815968,20.42723667462934,21.672496088422164,0.7
2380,14,175,16,30.354987888759982,16.714971975206776,21.41925510768428,20.16752579517559,1.5650194378360112,19.987467168815968,20.42723667462934,20.86930143273471,1.0
2381,9,119,11,57.23780179261911,24.087643345217753,57.23780179261911,30.003133062629672,85.33619477334226,25.889561911843508,27.453418557620612,28.85281062703998,0.9
2382,9,121,11,36.062129988766245,29.086997476326843,36.062129988766245,32.71510192074632,5.3630532533849005,31.505455637011863,32.06831974312311,34.73209154093834,0.6
2386,9,96,11,26.151002666228663,9.287904382863768,26.151002666228663,15.96180366969856,19.021753870868707,13.712345161678055,15.833963617489676,17.594428900393435,0.9
2387,9,124,11,22.46597431350391,11.427466485217483,22.46597431350391,16.95956777235186,8.238601274345132,15.959830722996443,17.476478001505946,18.374821226871013,0.9
2389,9,91,11,45.876046744138435,20.167304821661553,45.876046744138435,36.76649590400978,46.65924001772363,36.04042232876813,38.84321427336056,40.540865562589005,0.8
2392,9,68,11,27.620515888312866,2.140653701628893,27.620515888312866,17.16303768999085,53.01815059549989,13.329019883112158,18.00635161658001,22.750204221294098,0.9
2393,9,99,11,16.47916979744796,9.334825150459194,16.47916979744796,13.029090381434333,3.8491338172273375,11.827954602398687,13.573356433221264,14.194386933375483,0.9
2394,9,109,11,26.712787893631138,21.699316047384656,26.712787893631138,24.241464256921503,2.402666277977933,23.399500006127468,24.19105743119366,24.740773031838106,0.5
2395,9,122,11,36.21439597085154,16.281568915505794,36.21439597085154,23.434993395041797,29.941169866884792,19.84683244174662,22.195048781934794,25.074145213246947,0.5
2395,14,183,16,36.21439597085154,16.281568915505794,21.692795695779356,20.219663676068436,2.281189519727156,19.84683244174662,20.716717172971745,21.185248429002304,0.7
2396,9,104,11,11.239138325808762,9.648934773192789,11.239138325808762,10.754072794067422,0.24387572228405818,10.456120335608789,10.918646442421565,11.093056511829936,0.9
2397,9,81,11,9.740053900478541,6.968996553203277,12.568781250180189,10.597807055637954,3.0865079688493227,9.740053900478541,10.750088558972626,12.176620560342332,0.8
2398,9,108,11,14.493609951441226,14.493609951441226,19.77493264556115,17.648805626230118,3.7625401675397065,16.112891055023127,18.30605123038768,19.17705848261351,0.9
2399,9,120,11,33.62622250635576,31.33854861766371,34.04504616176126,33.2699933187892,0.5709321864444867,33.134603652352794,33.494034816936086,33.74422721433476,0.9
2400,9,134,11,13.128534998592476,10.104221519623726,13.128534998592476,11.610402113317724,0.6400033752725968,11.343317941667756,11.72789683574894,12.038842856483505,0.9
2401,9,116,11,19.438216781873038,14.95713977388047,19.438216781873038,16.53230641952505,1.7163014342219562,15.737362682554576,15.997693713218094,17.36560204546291,0.7
2402,9,139,11,44.566476814043966,25.232342561021003,46.88644611795396,42.00534632947476,48.38029947395886,44.566476814043966,44.97551953662942,45.66318195967486,0.0
2402,14,199,16,44.566476814043966,10.825159878241383,44.646461437305824,27.10216204976424,160.40190306486244,16.13587163756454,22.901362006104378,41.34982152193331,0.5
2402,19,254,21,44.566476814043966,10.825159878241383,23.75391131926254,18.713532579797125,13.843164374792204,16.13587163756454,19.42916657238404,21.410866169812966,1.0
2403,9,118,11,22.49593247983237,14.926413261674742,22.49593247983237,19.11156334325232,4.752571282398961,18.389215899969248,19.430980555278225,20.635509570160245,0.7
2405,9,117,11,14.139839113817214,8.097900903262438,14.139839113817214,10.832410833601735,3.046346802663528,9.530315214285997,10.95512513680627,11.506490001791306,0.8
2407,9,125,11,15.694887003947056,12.306589808115849,15.694887003947056,14.697149049736264,0.9475898279447683,14.307189935485685,14.93977704361646,15.393452932392933,0.8
2410,9,89,11,5.7478353778788875,5.7478353778788875,11.449242703822478,9.364119941203132,4.309062445733423,8.078389141155093,10.418023973533028,10.759988343264595,0.9
2411,9,118,11,16.51680163986839,12.497731912340708,16.51680163986839,14.09817322583622,1.865799180031124,13.031422848493445,13.626605172533143,14.587820228143695,0.6
2413,9,118,11,20.58997335779698,10.852979739957643,20.58997335779698,14.026148633223404,7.059331928537359,12.171164989112942,13.887528135706212,14.902783891510534,0.8
2414,9,116,11,32.35025057887596,18.68832007113196,32.35025057887596,23.89361521023714,14.099916432092456,21.1495965940516,23.01263407330312,26.14057720713151,0.6
2415,9,109,11,23.16218446885096,14.534287380772058,23.16218446885096,17.647680777761895,6.587383491843139,16.175798358427606,17.053849215430077,17.56557157045902,0.8
2419,9,111,11,24.482692672858228,24.482692672858228,27.24246205963287,25.936718002925147,0.9357398624387778,25.291712194148996,25.933580730587,26.714834094367806,0.9
2421,9,107,11,54.822117138464435,49.892489910000165,54.822117138464435,52.95301281150679,2.688746828432681,52.1457539733238,53.17242067268572,54.50844921393781,0.1
2422,9,128,11,22.787681663682953,6.313771377373316,22.787681663682953,17.404993329078888,18.824191319992597,16.975728227246954,18.241653154917234,18.928150716584092,0.8
2423,9,114,11,10.797539545530492,5.410442217762958,10.797539545530492,7.422822014859092,2.2682935791266745,6.545344116940468,7.092895015135397,7.664655933224436,0.9
2424,9,115,11,39.352510960334484,9.226420565956872,39.352510960334484,21.161053552069912,144.5817062542529,11.359081153212045,13.89321794316022,33.288658575016434,0.5
2424,14,152,16,39.352510960334484,7.327581685868663,12.88253675264251,10.74907178384618,3.479521120275186,9.58205683966582,11.452464535769531,12.148354316560736,1.0
2426,9,95,11,19.019946045211157,12.299823418262893,19.019946045211157,16.659347879174987,6.022391722310761,15.265536030394534,17.8922875088288,18.37669366567585,1.0
2428,9,100,11,28.717740048513768,15.082291804239478,28.717740048513768,21.46999500913214,12.027656983768697,20.26860841651399,21.822537916620046,22.966090480698995,0.8
2429,9,104,11,11.608842633718266,4.5088505610259855,11.608842633718266,6.635154175079,4.705701052937433,5.065701502909459,5.535940138728896,7.7233294721501675,0.8
2431,9,110,11,33.75037467509261,17.880185371079996,35.640924511828516,27.1121751622835,47.98491221177488,20.753588082663164,26.711973592164625,33.75037467509261,0.5
2431,14,170,16,33.75037467509261,13.654748704644241,25.99746375932129,21.105128321979755,12.853983776893333,19.051519705544088,21.203061426175523,23.62154672740023,1.0
2432,9,97,11,21.94086899886684,11.018039375264582,21.94086899886684,16.075572622885026,11.88863520228293,13.872449050980261,15.762745259406392,19.00549815666928,0.9
2433,9,121,11,15.435049009757845,11.187989793710656,15.435049009757845,12.940109839353676,1.9784909471476382,11.937881928722621,12.562430462221661,13.863160870814028,0.7
2435,9,114,11,28.055241248791305,10.25254926224406,28.055241248791305,18.4270360868577,31.956585342875286,14.216224631360241,16.69219566536841,23.67166913195067,0.6
2436,9,124,11,25.40646016432519,22.03138902444377,26.013011551837117,25.195476778527052,1.246699645047742,25.40646016432519,25.478870904797567,25.75145837201857,0.5
2437,9,96,11,5.778685304496452,4.005367179782556,5.778685304496452,5.064249183666905,0.3145933568610417,4.778554356250644,5.21423296095592,5.512626011009311,0.9
2438,9,114,11,11.591464595421067,7.285475016571786,11.591464595421067,8.138006919064846,1.4344558301917465,7.482794861184303,7.849404074619544,8.09526738164141,0.9
2439,9,124,11,10.20027720241018,7.385390569004648,10.20027720241018,8.699685125971659,1.0377099745292628,7.593387515964089,9.036740046489086,9.571626875408278,0.9
2441,9,117,11,32.418777671191776,9.488842813499318,32.418777671191776,19.821861094163847,43.11825572724287,15.686847567567998,18.567643695111276,24.973145356670372,0.4
2441,14,159,16,32.418777671191776,9.488842813499318,17.528474179031946,14.961677971020725,5.137441154627187,14.306078491817601,15.810349859447378,16.21072321899203,0.9
2442,9,118,11,27.28210808859381,14.922753254691926,27.28210808859381,19.287290399561208,13.953370385922833,17.164226073875277,18.358724412289703,18.49790940328792,0.7
2443,9,122,11,37.47488061775469,23.80879783362463,37.47488061775469,30.43007439300062,16.1656646880679,27.36637584783115,30.52841356406475,31.45086265384645,0.8
2444,9,87,11,29.97145675605503,11.328796531888369,29.97145675605503,20.2682982469941,20.814324392670073,17.89395998700588,20.81292602098842,21.917604341633513,0.9
2445,9,116,11,29.931595768915997,22.30900443921288,29.931595768915997,26.75384400160609,4.498882878141157,25.72798192180894,26.49064201817512,28.360742316372026,0.6
2447,9,96,11,10.833264119467072,2.927166418667829,10.833264119467072,5.5995386320247835,4.655644850848358,4.461710910257614,4.988719706170105,5.432856686019884,0.8
2448,9,110,11,56.81925425158333,34.97733172872544,56.81925425158333,44.133839395234155,53.81271920276886,38.96654351846796,41.615102115947494,47.85730117828004,0.6
2450,9,122,11,23.50572951782107,21.037970774329864,23.50572951782107,22.357917111455485,0.571548248492477,21.787044323402732,22.455525926642494,22.90438383369631,0.8
2451,9,123,11,32.30623768623276,28.106375910571778,32.49750263132447,30.744366029554975,2.465929951640089,29.47407686342068,31.274657425471133,32.1949497423526,0.7
2453,9,115,11,13.599431088560543,8.85210293911866,13.599431088560543,10.80622986432579,2.2203678147387946,10.222145086592043,10.452933348892923,10.5993619596674,0.8
2454,9,124,11,14.968458955438287,8.322645604312562,14.968458955438287,10.534318112570446,3.836469124377186,9.525563747809489,9.823637545259452,10.277847575029416,0.8
2456,9,132,11,21.573149591407578,17.4498121772841,21.573149591407578,20.11381389992194,1.7361831981568403,19.426382881347095,20.541108071083233,21.20248456775093,0.3
2456,14,180,16,21.573149591407578,14.73268790439921,20.48279969474458,18.535992998194143,2.300751965064139,18.22457198111762,18.735294822307665,19.56878594020541,0.7
2457,9,123,11,105.39121998120584,37.82889680095243,105.39121998120584,68.92117227324408,593.1937163882895,44.93581703461644,66.59948454618099,91.86407271866437,0.3
2457,14,173,16,105.39121998120584,37.82889680095243,55.881583400755716,45.41848369607321,22.920065118390415,42.947212899559375,44.88804351026794,45.951572251616994,0.7
2458,9,127,11,102.69924092065409,24.05425552269464,102.69924092065409,72.7716137334781,360.70621950602714,68.24436177639042,75.5456066781718,80.22141619138517,0.4
2458,14,188,16,102.69924092065409,24.05425552269464,74.53497986735867,66.04230974278448,201.11434720796385,67.8280027339739,70.86232364057881,72.16935583993796,0.9
2459,9,100,11,6.125382419404451,2.121384150483789,6.125382419404451,4.118437495241868,1.2627211757170782,3.42322951278466,4.526128330867256,4.749088841973913,0.9
2460,9,97,11,8.367581408865577,5.25670116491411,8.367581408865577,7.1179683594389545,0.7899278447797224,6.5759399773842,7.304928780235955,7.4583352571279296,0.8
2461,9,103,11,23.63117320082596,7.052456584094021,23.63117320082596,15.63977252639253,16.943121993570273,13.8521339673309,15.58785887911205,17.26381031602083,0.8
2462,9,110,11,28.161030617330724,25.546789543558596,32.96490577859167,29.19210624143716,6.337568560404315,27.254548480741658,29.17281837904067,30.938535398114723,0.8
2464,9,113,11,13.280153938641796,5.420176802954398,13.280153938641796,10.56152097632847,4.777879108257089,9.674409892460762,11.09219545492785,12.11687048925792,0.9
2465,9,112,11,9.001261417897997,7.115171438212401,9.23103456159189,8.280776931211554,0.4900286210552026,7.661465111610075,8.364429263182675,8.945801993511605,0.8
2467,9,115,11,5.746220628846672,3.7207535547891224,5.746220628846672,4.9375317828397005,0.41392761458735305,4.423744617523965,4.980469288319988,5.5198616928169475,0.9
2469,9,123,11,34.051672722387245,16.945682541753843,34.051672722387245,25.99084537224595,19.788423850358377,25.77054254022687,26.27461009270412,26.960834781159715,0.8
2470,9,82,11,10.161215391470165,6.404660090212296,10.161215391470165,7.870247194201563,1.7775276578295576,6.743272071731889,7.160284823817168,9.220196445087819,0.9
2471,9,99,11,8.422068392608999,3.5974932418731163,8.422068392608999,7.1601475710374105,1.681229366139264,6.981268443852734,7.366297454668276,7.9165397804087085,0.9
2472,9,85,11,8.177055098198455,5.40376784790349,8.177055098198455,7.379755583380279,0.6852455253446945,6.8954173863191555,7.702153194479749,7.994690493269319,0.7
2473,9,90,11,35.714049240909276,24.975671280701576,36.823929621072814,32.014345831323524,10.854692802124386,30.928304627814672,31.637409335228732,34.80772472625196,0.5
2474,9,120,11,8.846535943143724,6.023637202598472,8.846535943143724,6.718142302699985,0.6753110527780196,6.0786775156252535,6.532233753871432,6.8764860560670265,0.2
2474,14,173,16,8.846535943143724,5.908020076740452,6.501114859080671,6.185098120356542,0.03916769204210662,6.041703187701339,6.092525982093364,6.361438132137126,0.3
2475,9,127,11,26.455087833994032,22.331151053257102,26.56310778920966,24.590592747499663,2.6091368229638032,23.21052811678364,24.42701411340998,26.366106719486886,0.6
2475,14,174,16,26.455087833994032,22.331151053257102,24.98480730298905,23.876721161097215,0.8371280436651398,23.21052811678364,24.181254630984952,24.616810487379496,0.7
2477,9,127,11,11.309773356878395,10.241230374414426,11.43355629531911,10.875254278321622,0.18968862033962428,10.566051822274579,10.79041925790288,11.309773356878395,0.9
2478,9,136,11,30.60753594395513,23.555832786630994,30.60753594395513,25.69734163215969,4.535182365637398,24.276344499900752,24.79759384411328,26.302922685787017,0.6
2478,14,203,16,30.60753594395513,23.555832786630994,25.71917028423166,24.77459964270084,0.504422261981487,24.276344499900752,24.79759384411328,25.30963914035621,0.6
2479,9,116,11,55.370319294452585,27.573441144610214,55.370319294452585,34.35207226596041,52.322815006064616,31.47048830405643,32.41288729703088,33.89915782965302,0.2
2479,14,165,16,55.370319294452585,21.903021945850714,31.8491348445676,28.907209510715763,11.783491665136866,26.690314838749742,31.259746360804204,31.489334984625224,0.6
2480,9,122,11,22.72576773249743,12.212672498165544,22.72576773249743,18.572351286931905,12.317633474779303,16.54733621329979,19.89706344970428,20.945756131820673,0.7
2482,9,93,11,9.32156865297654,3.872525889080892,9.800722771986031,8.226478990379087,3.9396933176165447,7.855367105995331,9.116901141949938,9.639827096291608,0.8
2485,9,119,11,22.18802017403189,17.219361479770402,22.35143399402793,20.999354116955182,2.697607502638814,20.30862360777998,21.80474451153806,22.18802017403189,0.6
2486,9,103,11,58.61633350286147,26.731395890719416,58.61633350286147,40.03893653042461,144.29382443164192,30.22990824111303,35.71051168737044,51.21052789701247,0.6
2487,9,105,11,18.11847798854425,13.246889994325471,18.11847798854425,16.007705137633103,1.2754742879923793,15.815682937449793,16.059262140436186,16.324418100358642,0.7
2488,9,126,11,22.714418665168907,21.353419021525177,22.714418665168907,22.121328308234794,0.2750256986758751,21.66645245694326,22.114495535965354,22.665937397361247,0.6
2489,9,97,11,61.13830123036789,37.280507176285916,61.13830123036789,51.13074075254641,51.48914992942319,47.47099601081979,49.99533294818488,57.31684028433028,0.7
2490,9,109,11,26.21041213999738,14.217224125238708,26.21041213999738,19.87450233794359,10.076886554326988,18.76430630261711,19.30103032832816,19.96198429111915,0.8
2491,9,142,11,44.528444020822015,41.98683692003527,44.528444020822015,43.139685825421594,0.371643875767307,42.848494123680666,43.08948226245552,43.3677135239189,0.0
2492,9,123,11,40.862824145342074,29.005875987176573,40.862824145342074,34.60901059033784,13.933748516985563,31.883231177851048,33.462277662122844,37.52072474326343,0.5
2493,9,129,11,35.85544105867992,31.907236390808947,36.508635975307556,34.864468320606676,2.2947483186600657,34.439258854953344,35.564629778325354,35.85544105867992,0.2
2493,14,180,16,35.85544105867992,31.582145989822838,35.492319140960824,33.26896193149614,1.695953667086825,32.103426250372024,33.00698266551835,34.35225764871822,0.5
2495,9,93,11,99.37338115553737,89.91986305091629,99.37338115553737,96.06483978468431,5.854797112461708,95.47651847673802,96.74384637075627,97.27299278353667,0.0
2496,9,89,11,35.04375255754317,8.075740384759442,35.04375255754317,25.62906712864592,44.27885690049631,24.627527499585156,27.385989937510026,28.506385924875453,0.9
2497,9,136,11,24.835356768706426,14.413087830595464,26.585529939111474,23.27247469721303,10.495936675187263,22.61423399272622,24.435402862450992,24.835356768706426,0.4
2498,9,118,11,27.79361834305892,15.676693347850163,27.79361834305892,20.965672049733683,11.736471423904351,18.05803198366879,21.729719743687703,23.054191338535226,0.8
2500,9,113,11,19.138962464363793,9.043137262133428,19.138962464363793,12.120218465454741,8.625049502294454,10.269484842100292,11.47860804442361,11.793741112664984,0.8
2501,9,119,11,9.107712146779114,9.107712146779114,12.477277532175444,11.19633960964538,1.328279706580481,10.89577461151922,11.547104649615543,12.069484570778627,0.8
2503,9,121,11,21.30482171541016,15.476478332039633,21.30482171541016,18.69247683987309,2.444787449666349,18.405471153065058,18.817946932063506,19.62693964462838,0.8
2504,9,88,11,41.896733268691285,5.235694011116281,41.896733268691285,21.233867379575955,89.10136882313857,17.65236883664852,18.367389689483435,21.50121507294559,0.7
2505,9,110,11,25.657285548871158,12.282137216812115,25.657285548871158,17.42976218647629,16.44309892006212,14.739488378578223,16.863298572287526,18.335789991714037,0.7
2506,9,105,11,24.06571494909035,10.766966978493864,24.06571494909035,17.52544040547336,10.324331020781763,16.533945881125383,17.613365015160795,18.992653783647913,0.9
2507,9,104,11,26.11932291845646,23.543406482678613,30.80519837993535,27.490656001258504,4.9840415921823755,26.11932291845646,26.882845323359245,29.677950832517453,0.7
2508,9,130,11,22.8744955394463,18.716048592621604,22.8744955394463,20.353554212456892,1.146603918919482,19.643830227788733,20.438647552146094,20.756771511926974,0.8
2509,9,114,11,15.48815053386719,10.781806999492133,15.48815053386719,13.838256044018824,2.447939700173542,13.150530433739144,14.257916420372435,15.153225538334953,0.8
2510,9,94,11,7.495132654552661,4.480076846637957,7.495132654552661,6.499752356092446,0.7516363194710669,6.0159668462055995,6.620499831100039,7.169088521022629,0.9
2511,9,108,11,24.52116741417356,7.656931963774335,24.52116741417356,12.492731815743532,22.120494762593154,10.20408683596656,11.01536332999694,11.887839218101108,0.8
2512,9,111,11,38.30974294290536,22.644798361568114,41.05453307545373,37.40707303195565,27.820151558073057,37.86239559194518,39.13120377557634,40.5442950461192,0.9
2513,9,128,11,14.563184222819547,13.572226822888627,17.28827472018109,15.868325279406402,1.3994456080823923,14.871950103683302,16.217786039792802,16.75729805655366,0.9
2515,9,94,11,17.09657829768681,7.818808325946388,17.09657829768681,10.542460549755894,5.681910870828523,9.615728579869035,10.170949368162798,10.686889810998819,0.9
2517,9,123,11,20.732518780630706,19.378778014377204,23.54560643412512,21.44445589071724,1.3501627283433533,20.66892024751603,21.38729017128344,22.128855055405733,0.5
2519,9,121,11,14.545668554758016,9.94885132143234,14.545668554758016,12.301418943913152,3.0039508842563243,10.825471694751364,12.323453326778164,13.893711170216097,0.7
2520,9,76,11,19.052287813753303,5.41262612269406,19.052287813753303,11.54989015751573,11.381559830974288,10.731534153465436,11.503675572046465,12.180323032906555,0.8
2521,9,95,11,13.420791995524194,8.006705101778754,13.420791995524194,9.82276511419739,2.905346656873661,8.68891581960405,9.043460289519402,10.507416360517485,0.8
2524,9,114,11,19.5852372656337,16.57645571724258,19.5852372656337,17.916675794392198,1.1293419518420877,16.855721451719717,17.960438949339576,18.793030302160858,0.5
2524,14,162,16,19.5852372656337,14.917447805270514,18.382438249552315,17.029698439776375,0.8559046603712938,16.643280165442302,16.945044864843382,17.764737208677904,1.0
2525,9,120,11,33.7947575332546,21.0372944572078,33.7947575332546,27.14305406788218,9.447820314198875,25.933457621658135,27.2949803012349,28.086495062669382,0.9
2526,9,119,11,19.405751587184405,10.79289498774721,19.405751587184405,14.40474283446687,6.152588456077816,13.265002004045938,14.414140572861749,15.814648244331636,0.7
2526,14,162,16,19.405751587184405,10.79289498774721,15.228481418746027,13.623366425929868,2.327244640613853,13.265002004045938,14.225851598554048,14.613786908332262,0.9
2527,9,112,11,26.93224127599725,17.753863831258677,28.66958865580795,26.562325295972318,9.660691684410365,26.51574797181633,27.559669275538752,28.333614072284618,0.6
2528,9,118,11,33.63191267399971,21.219839385273296,33.63191267399971,27.35348229737116,17.271676173173283,25.483596086222697,26.331996685855792,30.833523083143834,0.7
2529,9,109,11,65.38789905521706,29.700792202302658,65.38789905521706,39.93214669958739,104.24803460357518,34.60536704686004,36.37480222191752,39.377678816205155,0.5
2529,14,146,16,65.38789905521706,27.629403679705195,36.792172978149196,33.32467048717221,7.9128918183330255,31.623883430309114,34.33150292954127,35.48654324563412,0.9
2532,9,82,11,23.029035106075437,10.453517953545997,23.029035106075437,16.60979317148483,11.54247054517048,14.532345213096917,16.383129620032825,18.589838427910006,0.7
2533,9,84,11,11.334225569586732,9.319323328362575,11.58142256023908,10.711992545207107,0.590384988070882,10.065567463026312,11.055855619540141,11.314394761490806,0.9
2534,9,103,11,33.51095721158906,28.967888990556112,33.51095721158906,30.103518225964773,1.4047928002978414,29.656135722840943,29.823175383223273,29.997607859278105,0.9
2535,9,133,11,15.73290271283888,9.83117280519647,15.73290271283888,13.634353094750924,3.0950494286825894,13.320730623423662,14.045798027953992,14.587062915031606,0.8
2537,9,122,11,25.408966232477205,20.898624144284426,25.408966232477205,22.62067093056744,1.605423410120364,21.89308384697498,22.62403728400496,23.19971588768725,0.9
2539,9,106,11,34.970733965135764,28.202982858376043,34.970733965135764,31.956599737625652,4.782607170922494,29.96609367818483,32.85542488309783,33.61636685475343,1.0
2540,9,98,11,2.92192239583572,2.92192239583572,6.322060834970589,5.001224139077936,1.5753043868832315,4.224167581722826,5.561530124954263,6.095259492747076,0.9
2541,9,88,11,20.99772393139974,9.419884609911252,20.99772393139974,13.522932521918326,8.565404839125408,11.652744773305862,13.545667008864672,14.10069942478049,0.7
2542,9,117,11,15.718984713526527,11.909373238989655,15.718984713526527,13.989799067377614,1.1516545574082255,13.421464525184906,13.74761987905163,14.83663546265253,1.0
2544,9,116,11,38.636478612921415,23.949050237503222,38.636478612921415,29.25420532165014,27.94235275466852,25.684544186552454,26.752441296308895,32.24002703650058,0.7
2545,9,104,11,19.536055864454276,12.546959243921663,19.536055864454276,16.868955372349383,6.291371554961917,14.463956408661893,18.139085482141773,18.872010964762538,0.9
2547,9,91,11,5.843737105408781,3.5951558964840604,5.843737105408781,4.68567954054693,0.2996803700054255,4.587639529555597,4.680292392584679,4.902218646842113,0.9
2548,9,118,11,8.833571441092174,3.26086864908107,9.787681372777957,8.63112322454897,3.3205576268793644,8.841891367276354,9.111126368543694,9.464794166800887,0.9
2549,9,107,11,36.04747594032959,20.37485657455349,36.04747594032959,28.290140552310156,17.564318728495046,25.505283748503842,28.920785755972037,29.395222485030775,0.4
2550,9,125,11,23.950957899509213,11.839600334819522,23.950957899509213,16.202867018442113,12.485169685676956,14.478612427158932,15.416140258011296,16.483822158742473,0.7
2551,9,122,11,36.31523249645083,23.223360259300527,36.31523249645083,29.164575130817287,12.195968054451281,27.127812460141072,29.310965103742102,29.478889012633623,0.8
2552,9,93,11,40.4999151983331,23.144636522502058,40.4999151983331,31.53871583082464,27.110297327571043,27.029630782347226,32.07477906911731,35.344679215608295,0.8
2555,9,126,11,15.640308183446953,9.849457990118324,15.640308183446953,12.571798803484405,3.380381727773263,11.008035498742903,12.435909352546428,13.438185792261411,0.8
2556,9,98,11,15.436971192100795,8.676109527131445,15.436971192100795,12.927033283723016,2.8047846919464177,12.447047869265603,13.491403885778489,13.669670043515008,0.9
2557,9,109,11,24.701530639608244,12.002107051981362,24.701530639608244,16.54696362487301,11.888695059173891,13.69451385158331,16.69174183855375,17.77118033183244,0.8
2558,9,90,11,33.03071179331809,16.529335330113554,33.03071179331809,22.824647797294475,16.137476093880853,21.304771398222954,22.46534453411163,23.663772090087093,0.9
2559,9,130,11,22.15526435340558,12.500885033273585,22.15526435340558,16.63154411481738,6.93557351966372,16.027232709636895,16.84566020117469,17.09053520612031,0.4
2560,9,110,11,20.92361409165121,15.177808507079627,20.92361409165121,17.173976235948196,2.2937655196147895,16.54317966338965,16.692195487252047,17.240096263650976,0.8
2561,9,124,11,21.639185291731437,12.41038096601397,21.639185291731437,15.821793402185563,8.15446471396057,13.584713578335505,15.151841825396378,17.28128439809598,0.7
2562,9,140,11,41.84409240733119,40.00113983071917,42.472604705587365,41.592729254819304,0.4861728581776039,41.302035718311934,41.84409240733119,41.98175497771095,0.0
2564,9,100,11,10.207474058198242,5.0649134373022635,10.502053036794578,9.174466744940029,2.7282664685351827,9.30493659383285,9.923006377318185,10.168296856307702,0.9
2565,9,130,11,12.684475931303862,8.547220626577072,12.691704068038632,11.431903731140943,1.6374557422395957,10.90876654429418,11.69657893420018,12.560385120228357,0.7
2566,9,103,11,33.63301820611534,27.694210397884927,33.63301820611534,31.877819841305076,3.2912769128952966,30.78963148568423,32.533957134396694,33.27193435949895,0.9
2567,9,138,11,19.916540382828348,15.033726196541188,19.916540382828348,17.135479385864535,2.442917660204238,15.97897807755095,16.756656025457534,18.112622722757912,0.7
2568,9,104,11,13.96178378663552,6.169995939576994,17.682937210489534,14.69119702042562,9.739630516457826,14.03929229744199,15.1741251206474,16.874040639718817,0.9
2569,9,110,11,29.334379382833042,19.305252012575004,29.334379382833042,24.315680272860813,6.315555855141251,23.056432352837895,24.52316040696734,25.576174714632995,0.8
2570,9,109,11,11.48341457491955,6.859792585079987,11.48341457491955,8.690259496431125,1.4703854271861878,7.869212087822556,8.798439490648976,9.123229903248955,0.9
2572,9,113,11,22.92550664496541,7.9024689351326876,22.92550664496541,12.599760669583906,23.924246735978585,10.001384531877974,10.714448898812368,12.33202287055083,0.7
2573,9,135,11,68.16560086783412,32.01070467615075,68.16560086783412,47.90839569755277,112.14237239263082,38.96993205758614,47.103185384165684,55.22438552132843,0.3
2573,14,187,16,68.16560086783412,18.009227469349547,43.99594197879631,35.660244081188544,47.77888419238942,33.23715571958771,37.26874409395813,38.54298449707336,0.8
2574,9,116,11,49.54797472766828,9.168858038992857,49.54797472766828,26.9563447287809,194.74200732901934,14.759492299025833,23.17816242325795,38.74149231265852,0.3
2574,14,158,16,49.54797472766828,9.168858038992857,22.391265038574602,15.772442835037756,11.338868697325648,13.93305616560127,16.02785862801799,17.510595983805832,0.8
2575,9,114,11,18.35215692062812,6.403813735825759,18.35215692062812,12.930720348738898,10.92735546920203,11.384336280189569,12.938162141622719,15.305578616996371,0.9
2576,9,101,11,12.449903865741362,5.732610504733874,12.449903865741362,9.764564419361793,5.781672528515328,7.447797025437765,10.488888994842977,12.035809306188051,1.0
2578,9,130,11,47.02273163277242,32.490381573622706,47.02273163277242,37.62569446081186,23.2282767374654,34.487421189447836,36.293111405735104,39.02318885626272,0.2
2578,14,183,16,47.02273163277242,29.592449948247296,36.26133095061114,32.98055139547295,4.877188861393027,31.93955472889716,32.52778253067764,34.78169270632076,0.6
2579,9,115,11,18.75909333107672,13.429542788946746,18.75909333107672,16.48714553961461,3.05093119893308,14.975886808025539,16.53439495088604,18.10725986090072,1.0
2581,9,110,11,51.83022094723873,31.83374189531891,51.83022094723873,38.29434177795342,28.12813221558171,34.37995125302197,38.24347671714662,39.38179269163823,0.6
2582,9,105,11,36.536886293280475,26.44281468559524,36.536886293280475,30.580717004559546,6.621643545626829,29.31712056128347,30.874048695766383,31.352903217239366,0.7
2583,9,109,11,27.624899358082033,9.9254750999248,27.624899358082033,18.85843530754672,21.596466651985907,16.526425189320406,19.75579500485597,20.467582492913202,0.8
2585,9,118,11,16.171396121867858,11.898593273806274,16.171396121867858,13.013355185746189,1.5250932604532885,12.144583170340255,12.73192640107992,13.056167178633412,0.8
2587,9,101,11,40.49960990040624,25.24787408134923,40.49960990040624,31.830847582331323,25.776368083615257,27.71331462881009,30.279062927434794,35.30331201021394,0.8
2588,9,93,11,20.84119984409912,14.8816148376496,20.84119984409912,17.320253755359552,2.566295933094133,16.094763370890814,17.31134168750884,18.22413698726588,0.9
2589,9,115,11,18.59549441618643,6.253425560355116,18.59549441618643,11.913814894215708,8.785276604408583,10.616297726073043,12.05504822043528,12.789961835979708,0.9
2590,9,121,11,29.76752003266634,8.389588425406789,29.76752003266634,17.35123715832288,58.1578305481087,11.259231011024795,14.773571471184486,24.67063838951634,0.4
2590,14,179,16,29.76752003266634,8.389588425406789,13.281922123132073,11.350615822071521,3.1345125944497925,9.645789895753474,11.73307956662449,12.954882661922746,0.9
2591,9,128,11,10.84438327074881,8.169796585788069,10.84438327074881,9.307100672111662,0.6422317895986674,8.744198689574832,9.2025532083927,9.868393231837334,0.8
2592,9,122,11,13.88761238596447,5.6354479364557655,13.88761238596447,8.707647850761793,4.271564682397361,7.560299844220511,8.846812891834226,9.219865516802574,0.9
2593,9,115,11,23.67224991508887,18.014456431564316,23.67224991508887,20.149047928394616,2.8680692525783575,19.102157363796117,19.919231716160517,20.874967961450814,0.7
2594,9,111,11,9.995709399349504,4.49110334272039,9.995709399349504,6.692581295291722,2.3031365847006726,5.883483317372249,6.232279993939554,7.47680869989603,0.1
2594,14,156,16,9.995709399349504,2.7178468763745776,6.028865875515267,4.907758565749917,1.0186911647572958,4.584905789434956,5.097785399310531,5.708269897034059,0.6
2595,9,125,11,20.247444497267043,17.237847884029847,20.247444497267043,18.702878347541976,0.8780282558481755,17.921000371264547,19.113342110149013,19.245133606841893,0.5
2596,9,112,11,5.744882810026396,5.744882810026396,9.260207573431874,8.059932426258076,1.9012618931704464,6.998608371946732,8.822706693931071,9.136378459581485,0.8
2597,9,113,11,13.688720445996337,10.90342226877649,13.688720445996337,12.118794905525004,0.883187141985551,11.179835112754855,12.454072153004214,12.808605059024764,0.9
2598,9,122,11,19.605599042129214,12.815778466253828,19.605599042129214,18.1875436075211,3.8928274510544014,17.838535805183955,19.14941966344652,19.37685884707306,0.9
2600,9,107,11,36.531012228215005,33.23328010554155,38.84967432275691,36.915679639608,1.967556700651708,36.604511018575565,37.0843915713705,37.49589107966857,0.8
2601,9,128,11,19.990619300634933,14.923798720314421,19.990619300634933,17.062431698103047,2.624244701400043,15.812245634419753,16.876747803658436,18.127558951141026,0.7
2602,9,108,11,20.988712349341288,14.50602089153401,21.035324929448265,18.20581940968479,6.927296964846204,15.50083400678928,18.516816856268576,20.988712349341288,0.5
2602,14,159,16,20.988712349341288,14.50602089153401,19.354771308988557,16.19637982367479,2.2778046680359543,15.29029599536786,15.533663847480451,17.204506014741156,0.9
2605,9,126,11,32.3450689572093,23.204537612075505,32.3450689572093,26.214437060507045,7.539108634199414,24.1007429954574,25.435902653140033,27.205906427630225,0.6
2605,14,191,16,32.3450689572093,23.204537612075505,26.72961285722296,25.007479697231283,1.715620255851843,23.8236881051119,24.913811084232314,26.423738104910772,0.7
2606,9,119,11,28.845167431315225,11.515186252500364,28.845167431315225,18.168291940603552,17.312357133826175,16.91235262164904,17.82908087095539,18.063278858143725,0.8
2607,9,119,11,9.992325805504702,5.8037063464103005,9.992325805504702,7.735083443735903,1.5641092635034939,6.628316103055769,7.86189933630805,8.65323721970513,0.7
2608,9,106,11,11.461268753171634,8.47558626504592,11.461268753171634,9.810325256900528,0.756261595110508,9.18336780256771,9.719754077114764,10.416624144293795,0.9
2609,9,129,11,18.741669120606616,10.238139554137174,18.741669120606616,14.041871877253005,4.704495918842145,12.948246961826097,14.110019472066082,14.895098446520532,0.8
2610,9,126,11,37.63102117160663,24.746914339446896,37.63102117160663,30.08009556671786,18.731362962563125,27.052231315935668,28.66688366005312,32.868694651268235,0.7
2611,9,113,11,46.05617974200078,35.58975874252824,46.05617974200078,43.34268455457058,11.119132663058908,42.18479149080714,45.09733241103136,45.54354950224487,0.6
2612,9,110,11,10.099562057466189,8.32524465863765,10.778562373419136,9.755009931162103,0.5373767850769354,9.343564293547407,10.025598173282635,10.151938091435358,0.5
2613,9,140,11,20.69430279401586,8.90958894347854,20.69430279401586,12.6396067408605,16.787562904351926,9.247535921729034,10.55835474788763,15.315283085126776,0.5
2613,14,196,16,20.69430279401586,8.90958894347854,10.561922817061628,9.715205315501468,0.32609369673225747,9.247535921729034,9.641938022126332,10.126836195934338,0.9
2616,9,124,11,16.81102754767354,12.878293386694395,16.81102754767354,14.349595217193222,1.2431061573906688,13.428643066024511,14.600354085596926,14.839358409725902,0.7
2619,9,120,11,11.50320647008526,7.5321492446123735,11.50320647008526,9.061276448006627,1.4419834258206536,8.108662055754706,8.955717050622718,9.750765194831594,0.9
2620,9,106,11,53.91787944319656,24.932688282786444,53.91787944319656,40.301546803378976,76.00832980346313,33.94306528621482,39.50270009126646,47.71379606285746,0.7
2621,9,114,11,38.741053573706935,24.70094604898526,38.741053573706935,30.502403940675958,12.08787198787021,29.241853442799865,30.095748180572468,31.47186100352551,0.6
2622,9,110,11,30.079401818630785,19.014795095902954,30.079401818630785,22.943005936640596,16.455786168394873,19.676456131392648,20.78267684006681,25.33684426625074,0.6
2624,9,99,11,21.517431266458033,8.12072255925443,21.517431266458033,13.132150432707443,18.77090072277992,11.353525355387838,11.680461138751198,11.973217408672562,0.8
2625,9,104,11,11.331534177190425,11.331534177190425,14.331334253826537,13.01903899363002,1.1348413956863532,12.412814324541367,13.126928305982153,13.952572280220686,0.9
2626,9,107,11,19.27820035955768,14.439061937019222,19.27820035955768,17.467100122152196,1.5954822783329032,17.115762906165486,17.478369663356325,18.0006686998635,0.8
2627,9,113,11,31.096903370651702,22.53461152692125,31.096903370651702,27.447877143667462,9.134366694711773,24.885183962066897,28.022269971669107,29.955949562917517,0.6
2628,9,118,11,5.5700579180351575,3.986651422177801,5.5700579180351575,4.817130539252681,0.2414450085418549,4.544425446320009,4.83888526918768,5.136759230846383,0.9
2629,9,124,11,25.63237219265022,10.197954470957855,25.63237219265022,13.374657360958476,20.870991691288175,11.047116394860765,11.361507092044526,12.55398680937053,0.6
2633,9,121,11,16.463360235741355,12.590126823608838,16.463360235741355,14.157057981595253,1.0364341002583157,13.683714005281843,14.131026434089968,14.603033396211805,0.9
2634,9,120,11,24.88445990714017,20.602614422600297,24.88445990714017,22.925127220120704,2.2505999681085127,21.81415971084744,22.6126950806457,24.55650889800655,0.7
2635,9,132,11,20.896994058298695,8.470050090057558,20.896994058298695,10.944678435858696,12.05641533001433,9.19972724913441,9.79383338545047,10.421637983294666,0.8
2636,9,117,11,22.72038509563172,15.191265416863233,22.72038509563172,18.26089561688587,4.282672190641509,17.95633650619265,18.124045212534355,18.32892415098308,0.8
2637,9,121,11,15.416609854276544,7.874925363575982,15.416609854276544,10.776934009291733,3.7544800498650863,9.545094594948594,10.426598006915825,11.574541106435742,0.9
2639,9,112,11,22.613933062694453,12.421760856823555,22.613933062694453,19.64811853883209,11.852934657596709,18.8706077389207,21.21700128616564,22.0236757244828,0.7
2640,9,124,11,28.968690335944192,24.627513760657035,28.968690335944192,26.696988560692063,1.3415561166345198,25.959693640246194,26.515864381992593,27.433353796976377,0.4
2640,14,177,16,28.968690335944192,24.242246259371175,27.088751583194338,25.9040442987748,0.6743742151821268,25.84280410850795,26.05766380037551,26.342054305986032,0.7
2641,9,112,11,73.7073615003338,53.605307177485045,75.83508135366503,68.58029294477184,37.94659580165377,65.9488140144857,70.18180964649358,73.27947985771388,0.1
2641,14,168,16,73.7073615003338,53.605307177485045,70.03963346386091,60.76882773549638,26.808165863597434,56.97503432343055,58.29292766828739,65.13868713165135,0.6
2643,9,115,11,47.6180549006192,20.734363845279958,47.6180549006192,30.700876797740097,89.06589974919004,23.59409091899097,25.404075410991318,38.41752029966194,0.2
2643,14,156,16,47.6180549006192,18.093364271124585,26.00864275639095,21.899535660833873,6.394739952830321,19.888258423328907,21.512695266488368,24.195298068029963,0.6
2644,9,120,11,52.07011345272411,40.40144698431909,52.07011345272411,44.639347829958204,11.40623829488415,43.03627581041333,43.485914545144375,43.89257351033589,0.8
2645,9,131,11,72.72206171748094,31.857654987246697,72.72206171748094,54.56917841924731,183.18690233660078,45.6778615072518,58.514695067280805,65.88815165042347,0.2
2645,14,187,16,72.72206171748094,31.857654987246697,57.787697893161244,41.907607824230304,46.90399632024036,38.805894082715525,41.12363715045724,44.246631143098746,0.7
2646,9,91,11,10.569811878195159,7.907728038713224,10.569811878195159,9.228620014833592,0.6750453015711428,8.842184034061379,9.040999951059817,9.779438958425033,1.0
2648,9,128,11,20.676387031699228,16.22534489213983,20.676387031699228,18.364559199310506,1.5729467123663192,17.5241608453722,18.47024313732129,19.040366334717426,0.9
2649,9,133,11,7.40779718530513,7.40779718530513,12.078816321060245,10.213545928113312,2.9424468650741336,9.362495523569125,10.67930066631495,11.642207343306392,0.4
2650,9,113,11,25.737870281277218,8.843521583488357,25.737870281277218,14.652365995194444,31.509996535670417,11.458915660988685,12.571111182269414,13.799323202038877,0.7
2651,9,116,11,26.548558288409232,19.7886813247311,26.548558288409232,23.170159179962788,3.0726551281473085,22.231760774545236,23.113664016096607,24.236143690502516,0.8
2653,9,122,11,21.49711829711009,12.031265061150615,21.49711829711009,18.918295318926813,8.094437965502552,18.841858156293586,20.18055457536859,20.68184961402766,0.4
2654,9,126,11,20.075218302659657,4.3972936928571205,20.075218302659657,10.736851045303474,27.53778388883124,6.8949831511876365,7.9776398785191205,14.770450414346584,0.6
2655,9,89,11,45.211043597658545,30.347051916476463,45.211043597658545,38.64430716360074,17.92957267578793,37.5706663709892,38.343968976648625,41.81128119285024,0.0
2655,14,130,16,45.211043597658545,23.09808592276704,38.348436383561705,33.0781769931677,24.841089462064392,29.12247289816543,34.539570354360706,37.632196324138164,0.3
2655,19,171,21,45.211043597658545,22.250704319791637,33.111065744449505,27.098878044797324,9.578471981799247,25.25374161790146,26.881646184599695,28.59572545772466,0.8
2656,9,106,11,15.631466028801064,13.092334150994555,16.968720456923165,15.518242924328472,1.1894008050920093,15.053287627928244,15.631466028801064,16.354456916349367,0.9
2658,9,102,11,9.047335745578629,5.752156953326641,9.047335745578629,7.316668989141448,0.7894023665254613,6.947708673106476,7.086528207876171,7.760257554371466,0.9
2659,9,132,11,31.01688756434153,28.687614046081695,31.326014448981674,30.81397918772537,0.5258631092395408,30.86635661448625,31.022277703362548,31.150893190547716,0.8
2660,9,121,11,43.51166548787248,41.68040080296166,45.40562997174453,43.86267986759468,1.0134832613646476,43.51166548787248,43.7652065848616,44.50006657020972,0.9
2661,9,123,11,14.616347665179791,8.515355573055501,14.616347665179791,12.00570553172961,2.4888215526447484,11.50166463790694,12.262922004093944,12.810818935986209,0.9
2663,9,131,11,56.60919887184633,25.626805961440873,56.60919887184633,38.749094998645916,150.53687876259704,27.688421073738585,32.73075865890267,52.00075939000257,0.5
2663,14,189,16,56.60919887184633,25.626805961440873,29.6403085250086,27.975333635860316,1.107152377036673,27.477121702012496,28.04795937347987,28.741343031875925,1.0
2664,9,98,11,20.4659748531268,11.894133182581268,20.4659748531268,15.724532170872916,5.538600368813233,14.291226477293515,15.606443396436548,16.52246840824034,0.8
2666,9,121,11,6.7203077079786135,3.498039155234322,6.7203077079786135,5.007604767303967,0.5779264793718095,4.780661119303765,4.943998504139517,5.229634768018629,0.9
2668,9,126,11,59.395696618259336,23.97739388877325,59.395696618259336,34.666564927952095,134.5422468666536,26.089751132113975,29.11774813513611,40.445545487198935,0.5
2668,14,165,16,59.395696618259336,23.97739388877325,30.15160408540408,27.226456844538774,3.8536928130634975,26.089751132113975,27.477747946760957,28.592780442769964,1.0
2669,9,120,11,10.281860994098516,9.587605062102632,11.354632901522304,10.436621391054997,0.3547421668572871,9.933252673940633,10.281860994098516,11.01295273785851,0.9
2670,9,127,11,15.226821044351471,10.251580722309445,15.226821044351471,12.427826898382094,3.381166324806498,10.954768064465476,11.768089956232501,14.169216443328596,0.7
2671,9,112,11,45.10546846766606,45.10546846766606,49.45531867953359,46.85901404833614,2.549637803848234,45.317110313302734,46.27623332883837,48.41612197209542,0.5
2672,9,110,11,12.839554187540346,5.980761180244606,12.839554187540346,7.9508543617492435,3.541238042134059,7.099442641482166,7.19647835784529,8.516359189139107,0.6
2673,9,117,11,30.59255750841986,27.073449314901822,35.96112383971646,31.672017727160785,8.250723670656603,29.581600040834925,30.981692675020128,34.21864766405932,0.6
2674,9,117,11,27.36382945968211,18.941514957723584,27.36382945968211,23.229219838440915,6.4500089376797405,21.365494219395064,23.578831421428646,24.087897223584037,0.8
2675,9,113,11,21.890920137735318,18.493534227619676,21.890920137735318,20.29060934101025,1.3389790046879815,19.42108902623732,20.005568232773193,21.431462194891353,0.6
2678,9,139,11,37.1265526454666,15.191341549517146,37.1265526454666,24.70913078041311,45.47675435401855,19.38290668625613,22.602261064291504,30.24522934169557,0.1
2678,14,198,16,37.1265526454666,10.586343361433222,20.37142687071162,16.242303697330662,10.811226621445835,13.607350596089027,16.434817344751167,19.10293739931228,0.4
2678,19,234,21,37.1265526454666,10.586343361433222,15.772994704580082,14.383549207140277,2.895771945735989,13.607350596089027,15.2902266026347,15.458577554253942,0.7
2679,9,111,11,25.416040167206035,19.90156101360016,25.416040167206035,23.00255590534055,3.4505884048475353,21.24262593331528,23.646482189384674,24.47160695776592,0.6
2680,9,126,11,26.60436890409322,20.013303484763707,26.60436890409322,24.544118066616086,3.3653043938318525,24.438816882516665,24.837271595780102,25.489635964637046,0.4
2680,14,172,16,26.60436890409322,15.253518756886619,24.799201546679022,22.83511377052157,8.18714163161513,23.05095853194572,24.128528648296932,24.47703292899547,0.9
2681,9,117,11,4.447889338303906,2.9715032529964924,4.909680636113954,4.2659560862369785,0.2744139130536218,4.045390177376548,4.447889338303906,4.554602000698546,0.9
2682,9,85,11,12.600400013971415,5.464036710096204,12.600400013971415,10.041770147894592,4.285818203760909,9.528658235857607,10.66717411919268,11.500500086261614,0.9
2684,9,112,11,29.84736646317016,14.089473575126462,29.84736646317016,19.3462685713238,20.869705916483863,16.41724755045349,18.27797800014494,20.685778787570882,0.7
2685,9,110,11,21.216085606753115,14.62991113363912,21.216085606753115,16.83462504801295,3.9767181574569848,15.492610704241805,16.277147248938697,17.170464846543005,0.8
2686,9,100,11,4.036570587890014,3.472895032913793,4.259684867119482,3.9272280258489687,0.06674504641717198,3.6880508119177025,4.031234159712344,4.144817374907194,0.9
2687,9,118,11,18.603444979952634,15.351803288220118,18.603444979952634,16.92691285950257,0.6750849098549943,16.55930421786059,17.11764716035416,17.259004384470295,0.9
2688,9,120,11,29.202477161102756,8.949050646025139,29.202477161102756,19.199968230313246,28.571879003284913,16.552138281624103,20.30565227198827,21.788604838130773,0.8
2689,9,109,11,3.311818438527802,2.2776468608667275,4.236877839917915,3.4155877168864124,0.4617780183855681,3.1009187670160108,3.4438446293455707,3.9987464803680393,0.9
2691,9,124,11,50.820316654270144,40.986083459573436,50.828498147022444,46.56808738501832,12.780031057287992,44.158224866354985,45.17869415094107,50.71170459851976,0.6
2692,9,83,11,34.01574819648604,21.864821555005726,34.01574819648604,27.487929522345468,10.444952971650396,25.08207229976209,27.85668628635576,29.076224750695904,0.8
2693,9,115,11,7.889273635429729,5.428604592905849,7.889273635429729,7.0779425806602845,0.5865671750886554,7.1994006030948015,7.351772641244764,7.461115244579196,0.9
2694,9,121,11,6.319492515132292,4.605136585784079,8.20023066629104,6.998345299586328,1.1513927294117323,6.319492515132292,7.36221466186498,7.789484833971119,0.8
2695,9,109,11,23.47867737108583,12.315201746295884,23.47867737108583,15.335071061643044,9.893555427125326,13.623940777471994,14.485359270782816,15.063237321321926,0.8
2696,9,130,11,23.55255745522347,0.5873741355891479,23.55255745522347,13.492323702014298,32.571324838617066,11.580642892936904,14.11122713698477,15.871523553936617,0.8
2699,9,138,11,22.56410721960023,13.506313676091189,22.56410721960023,16.56573084849024,8.018923257190323,14.149220043145053,15.91750945891263,18.57958181931036,0.6
2700,9,131,11,19.406275421091035,13.829496859940342,19.406275421091035,17.069384880374017,5.264442286521051,14.438455075776751,18.371634868864554,19.047359705825443,0.4
2700,14,193,16,19.406275421091035,13.829496859940342,18.14897440694477,15.117132539306914,1.7500623073100676,14.166094409539658,14.63592528497112,15.924660451114217,0.8
2701,9,97,11,28.16469086033989,17.64485985719214,28.16469086033989,23.658277725438996,6.889397371361286,22.529807863202038,24.458185507435363,24.900373164417083,0.9
2702,9,100,11,43.86312995406829,21.18857376227588,43.86312995406829,28.884416804681543,35.19390043427327,24.77867372380863,28.74303723243391,29.72167618378961,0.8
2703,9,133,11,9.150742134959149,4.170426904189679,9.150742134959149,7.060733699999583,1.4549888613346824,6.709807821954666,7.115301929599733,7.5267052569387465,0.8
2704,9,112,11,39.348543468624634,32.66319200619595,39.348543468624634,36.5972604811741,4.0978024973567475,35.436871652210314,36.835971566669414,38.33448022715224,0.8
2706,9,91,11,25.126182543671558,10.98266778939225,25.126182543671558,16.428072245371055,13.973696848067547,15.399930965931038,16.36505186865602,17.565294226330785,0.9
2707,9,119,11,30.625174467499946,21.22425242672368,30.625174467499946,24.88008458178428,6.806152735883112,22.998523763915458,25.121553365036192,25.98607828148863,0.3
2707,14,169,16,30.625174467499946,17.499269437081125,25.075601694426805,22.629737879233573,4.406741090608565,21.710103842203793,23.02619772361323,23.976262933837216,0.8
2709,9,122,11,29.117986591837774,18.760554456702735,29.117986591837774,23.298212502069585,12.78462811892019,21.651804210377424,21.818632241488096,25.932488746876526,0.6
2711,9,113,11,14.726289896710666,5.783006517973806,14.726289896710666,11.560450614246124,9.68870788210166,9.275724647156444,12.968658376244072,14.131168839949312,0.9
2714,9,119,11,32.85338045914481,19.56821240341471,32.85338045914481,23.554725555770624,16.118586378292687,20.69612500610876,22.656309465202234,24.38526396546339,0.7
2715,9,130,11,49.45880945678533,26.81796310599114,49.45880945678533,34.487770121920484,45.281196382904824,29.363983716715474,33.01654025674371,35.75847831968021,0.8
2717,9,130,11,38.301408988708694,14.76295335603849,38.301408988708694,26.85664713999274,52.50982300768351,23.037798094058857,24.32732141846113,32.6247419020599,0.6
2719,9,117,11,27.193356300168887,7.894225452191133,27.193356300168887,12.268086159055212,31.736156907605114,9.05030382491903,9.955140173786251,13.44673217274098,0.7
2721,9,127,11,8.327520485970599,4.1946636863129365,8.327520485970599,7.093644181762168,1.3694861801548028,6.597205097328255,7.364598443975497,7.967135992674891,0.7
2722,9,109,11,24.316432118466366,10.535517277157208,24.316432118466366,14.767710754052041,19.068690253947526,11.821606937696817,12.695263421213387,15.666808870629925,0.6
2723,9,116,11,5.663375618399041,5.663375618399041,8.24478292918143,7.254180730831736,0.8045721189132656,6.962349078523824,7.541307214289137,7.838735144098151,0.9
2724,9,77,11,18.446859161458146,1.652625967343599,18.446859161458146,7.881190385664647,23.019057547494185,3.7496271178038323,8.15613212794697,8.872979820941442,0.8
2725,9,116,11,26.947297787652197,19.003921892490364,26.947297787652197,22.82595808309772,3.5187632533267483,22.2227991311836,22.732041965653636,23.316659466018866,0.8
2727,9,125,11,9.170426966577335,7.35301835020805,9.170426966577335,7.871337363645379,0.24984326430070838,7.545797944940295,7.779546410257368,8.011015239025568,0.9
2728,9,124,11,47.80270890582149,40.33533450550743,47.80270890582149,43.492409597233255,6.751594604255469,41.78072482883773,42.3569263443187,45.90223594649681,0.3
2729,9,127,11,18.304760139224936,4.688366188287443,18.304760139224936,9.662879603095151,12.815705851262232,7.5398889902798,8.39869380539382,11.455871619631896,0.6
2731,9,114,11,22.52353749305847,8.957785485257372,22.52353749305847,15.153101267035254,13.249151320976921,13.371183808805437,14.420322945309831,15.401061205475328,0.8
2732,9,129,11,35.515511417476226,27.95185046543981,35.515511417476226,32.76169179348908,4.948767170802515,31.59100883682451,33.1777563612399,34.16516131446555,0.7
2733,9,127,11,41.607490546460056,31.53358043960349,41.607490546460056,36.85762177394756,12.174212998282705,34.257598081216614,37.296148260156485,38.956556328089455,0.8
2734,9,111,11,15.457870294122888,10.007735394988732,15.828727439974214,13.536598265685367,4.666970962419264,11.702083551506597,14.289681001909344,15.457870294122888,0.7
2735,9,90,11,33.12464413855741,23.760784729062507,33.12464413855741,28.430686623602746,7.861563254044055,26.699092612990107,28.353394588348195,30.643498456147075,0.9
2736,9,109,11,20.421269257205598,15.84987334685392,24.263683616832694,21.182516317251224,5.508447729346628,20.421269257205598,21.160169478827434,23.156301991370047,0.9
2737,9,99,11,3.718308333962029,2.6405226890862226,3.945097988321664,3.339738510788912,0.13985181738204325,3.167224065814843,3.3036063065319548,3.6609880324532673,0.8
2738,9,112,11,15.229742629985342,8.436278468545536,15.229742629985342,13.220539833085194,4.129047648377105,12.380642270376892,14.11399445773747,14.677200992717989,0.7
2739,9,126,11,27.706159364999994,4.338131508989733,27.706159364999994,14.275443273132165,53.05483836844256,9.878731329627199,12.544990185802565,18.32914248931404,0.7
2740,9,110,11,18.169488008623304,14.324259284233955,18.169488008623304,16.77214583811545,1.3354965862244297,16.048335322976648,16.9657357763707,17.62535554312664,0.8
2741,9,112,11,29.596340750445414,22.78150022677762,29.596340750445414,26.03394464206003,3.5677898749879526,24.893049555456123,26.022084487781434,27.101442607503085,0.7
2742,9,137,11,67.10710016701294,14.181099978529328,67.10710016701294,39.287440308372325,334.1078249640373,22.950173846617435,37.47967871814378,57.118791364951946,0.2
2742,14,184,16,67.10710016701294,14.181099978529328,33.874665036813994,20.136503678223487,36.50386091680398,16.555694583211178,18.38147713371908,20.403264791777755,0.7
2743,9,97,11,15.587112971367226,5.8170242444819085,15.587112971367226,9.417607194338126,7.2776679011573595,7.703175862203536,9.213441044417765,9.706378436116534,0.8
2744,9,122,11,17.542745964121032,12.435125444277134,17.542745964121032,14.821006473874032,1.6745974070127154,14.249439271361108,14.983122575726654,15.263464794834878,0.9
2746,9,110,11,13.3444677081737,9.043121794772858,13.3444677081737,10.700407655421198,1.3804464436075026,9.852995211920971,10.511095945913,11.407881767113317,0.9
2747,9,117,11,29.519246884194025,8.573502332178279,29.519246884194025,15.64659742781431,52.68436786876343,10.056370504626997,12.632579515426276,18.46591688393175,0.6
2751,9,124,11,59.45316496134746,55.331166437204004,59.45316496134746,57.80011636046562,1.9668518291281853,57.00294624192024,58.00289194306261,59.12463394751251,0.4
2751,14,187,16,59.45316496134746,54.55987907425966,58.534349935901545,57.07764516252978,1.7556977456034706,56.03616394920531,57.652988223842065,58.055406172339076,0.5
2752,9,108,11,14.773456229949552,9.071741560905672,14.773456229949552,12.809776148566206,3.1336480355591902,11.637754799292656,13.419592365550418,14.165993613877529,0.9
2753,9,85,11,37.98259151139722,17.717693024016388,37.98259151139722,24.08910399075498,35.795925015603494,18.885590050803845,23.862121921380265,26.811025938681347,0.9
2754,9,116,11,36.1339804354305,24.839401089297766,37.95406511376186,34.3766870918362,14.962089029496004,33.177986736795724,36.03260409276285,37.003150077869485,0.4
2755,9,111,11,16.089443187223207,12.89401031844237,16.089443187223207,14.07828586740971,0.8021355636130936,13.305452412968776,14.19034284782813,14.491803776084932,0.9
2756,9,124,11,36.568535970744975,36.525875530423846,39.178593467133496,37.56405005460981,0.9561347991167773,36.58460294732059,37.44504493155531,38.419758778270214,0.7
2757,9,97,11,9.421515222948878,5.945036791334455,9.421515222948878,7.271589683681691,1.0088148185700372,6.424836899141742,7.340423221755801,7.688520160607281,0.8
2759,9,103,11,33.13019661786221,30.00352225651904,34.80587529063129,33.55044415980749,2.041802482473405,33.13019661786221,33.95906969491098,34.70857383689656,0.9
2760,9,112,11,26.603029994526203,17.511203451813174,26.603029994526203,22.44503357476486,8.873580714913423,20.502433871561067,23.272756658810827,23.84073059277294,0.8
2762,9,122,11,17.396909777620913,7.782084065790419,17.396909777620913,9.763649730554729,6.6859949887636345,8.944848372075365,9.085121515354292,9.302253312881373,0.9
2763,9,101,11,33.29167254255579,4.323629386187518,33.29167254255579,18.030508287414296,51.70453340053575,15.099277194818743,18.50538239409002,19.75359886681086,0.8
2764,9,121,11,4.283567992930848,4.283567992930848,9.122568626295338,7.693670544979028,3.0736270087178856,7.747186297284888,8.52021562732136,8.759070154147995,0.7
2766,9,93,11,21.303975737964578,11.835817053316825,21.303975737964578,17.496810616688908,6.682495826150344,17.124667664902844,18.018885355491342,19.00621310998543,0.8
2767,9,97,11,14.895378895616792,3.721783924287183,14.895378895616792,8.48985167870417,13.253523912891865,5.7082583781522676,6.825528592391258,11.938047122680782,0.6
2768,9,102,11,15.375301874337971,5.4206381970913835,15.375301874337971,9.363966145581829,9.362775467151305,6.953221909812937,8.761852989968727,10.401018844250432,0.6
2769,9,97,11,32.320385472470406,19.512941669825416,32.320385472470406,29.24390703710585,12.09183987286918,28.998893485250534,30.173610883303603,30.755510233458047,0.8
2771,9,97,11,26.120660977178126,18.66978848725214,26.120660977178126,23.163904628968368,6.042831768699861,22.56724720993457,23.85873127165531,24.968066278996357,0.9
2772,9,127,11,51.21876331575004,18.712079647157374,51.21876331575004,35.741253983132104,120.68271931487823,24.939465319445368,37.60759799848047,44.545421945224234,0.3
2772,14,177,16,51.21876331575004,18.712079647157374,35.65216539461124,25.911661808993273,16.67822624970993,23.929265213200406,26.097093855025154,26.530722805244505,0.8
2773,9,129,11,44.9787475494079,36.1755485634925,44.9787475494079,39.529641797475314,5.411097340384857,38.601827053889046,39.02978171989068,39.43788632408199,0.2
2774,9,107,11,20.575425838098713,9.523291208700657,20.575425838098713,11.475274539247861,9.505319417151872,10.189612041679709,10.709465984006904,11.031276900319764,0.7
2775,9,111,11,58.20567554165117,45.03752459497507,58.20567554165117,48.66548774286141,12.997880709463482,46.07365269677386,47.9467056654678,49.559393120366146,0.7
2776,9,124,11,33.04204562738036,27.148773743449702,33.04204562738036,28.845864168455233,3.1800923805511467,27.5412651690456,28.246013381065822,29.457401358602738,0.5
2779,9,106,11,21.331380013712057,6.55669348170785,21.331380013712057,15.861617761213049,14.750137324795906,15.047335697946952,17.003483161467766,17.804509755167953,0.9
2780,9,116,11,44.53845677946795,29.804384335168734,45.12430825250747,42.05770302061039,18.44035737824653,41.53228195219685,43.66863742951882,44.53845677946795,0.0
2780,14,175,16,44.53845677946795,23.523461177861638,43.47269736482606,32.632244584801455,63.48037576968993,25.093511351530942,29.985683927183473,41.33313930638521,0.4
2780,19,217,21,44.53845677946795,21.285583632469706,29.804384335168734,24.798589395870653,4.097511130034611,24.07579495998064,24.660378033063942,25.28185424057225,0.9
2781,9,107,11,19.494686758491632,12.016993588573168,21.147312563759527,16.126640617094463,8.959543925834712,13.539338646286758,16.068727527673385,18.74853144725045,0.6
2781,14,160,16,19.494686758491632,11.737193561747112,16.530457617265547,14.585178137792306,3.7477503551151017,12.564909855272434,15.440100075545821,16.408450806210627,0.7
2782,9,121,11,20.51184996324367,6.958692946851624,20.51184996324367,11.88003116332912,13.380972064270205,10.12991967338367,10.384675281571973,13.40555981010595,0.7
2783,9,94,11,30.919492391390577,26.83584742031836,36.92315239836976,32.53890958089054,9.773956797099075,30.919492391390577,32.01145730360841,35.43295648366946,0.5
2783,14,135,16,30.919492391390577,25.779561472737328,31.885136576930314,29.82776614034243,3.8602719180941363,29.361987348061106,30.464644505324646,31.181452876616834,0.9
2786,9,117,11,15.647412872315309,13.042199424195223,15.647412872315309,14.04014334514618,0.6359596430350327,13.52166502557618,13.73400274833113,14.615709697107775,0.9
2787,9,66,11,41.685906656513886,19.150127176801416,41.685906656513886,35.24343618204467,38.23301536698028,33.825779028816854,36.98372198086222,38.00203435221967,0.9
2788,9,113,11,42.554233076379305,16.5199688079424,42.554233076379305,28.695513976648805,112.75230235862526,18.361161196535363,26.45333334635434,40.18784297311956,0.5
2788,14,158,16,42.554233076379305,16.5199688079424,24.36476733885414,21.1264928990363,8.971352526984564,18.361161196535363,22.38066906285303,23.94967695420399,1.0
2789,9,140,11,21.538808980692465,20.143822358708753,23.80393772531651,21.98492356403811,1.2109503855336097,21.50903972126907,21.5579324004754,22.950393022153484,0.5
2790,9,120,11,68.74448332028372,29.96184533003459,68.74448332028372,42.487832396134834,139.07724475491995,35.706470174047155,36.5867587639187,45.69454450420869,0.6
2790,14,168,16,68.74448332028372,29.96184533003459,38.82060781111281,36.3366150849066,5.962836275445631,35.706470174047155,36.5867587639187,38.04269916091503,0.8
2791,9,102,11,10.680891964613252,5.606259028196688,10.680891964613252,6.86627903480751,1.861217283440477,6.2687157573418055,6.48492881875363,6.784152109180084,0.8
2792,9,103,11,37.789096835332145,14.11427914382623,37.789096835332145,21.901722541314115,42.07412005452046,18.839369723545005,20.246120747389952,20.93822001612967,0.7
2793,9,116,11,17.553879282509214,10.64495187087821,17.553879282509214,14.766935886751696,3.3127083291538577,14.350241991353666,14.562491514271336,15.02672439011532,0.8
2794,9,128,11,17.582222912764237,11.457409196621285,17.861330848052436,14.708043617523066,7.066894470417895,11.990561894921077,14.589273910504083,17.49081572714485,0.5
2794,14,182,16,17.582222912764237,11.457409196621285,13.73682488420371,12.732295793814442,0.7173078743760439,11.86643652879624,12.800769436762835,13.59990065053029,0.9
2795,9,132,11,15.111788646506668,9.86443631156111,15.111788646506668,12.283672442084072,2.6978986582458027,11.23385983606332,12.21472490173381,13.046701308087277,0.8
2796,9,104,11,17.010042940022153,6.859869534879986,17.010042940022153,11.129159999216307,7.02564945549735,10.177247658142127,11.291196134457078,11.561465264041079,0.8
2797,9,117,11,10.018854017060121,8.367350793432069,11.211195473176787,10.150849509106765,0.6592063249969481,10.018854017060121,10.261084195909808,10.532249066059055,0.7
2798,9,105,11,6.189619348364051,2.5996310009348127,6.189619348364051,4.192515174812093,1.1050243837562372,3.439000399082086,4.404498259312646,4.6626067078070195,0.8
2799,9,102,11,10.596309103938147,6.400522817629192,10.596309103938147,9.088768907684596,1.4113093877896428,8.630738068385185,9.407866219254494,9.960142386713752,0.9
2800,9,136,11,18.9616302823911,14.905543629859926,18.9616302823911,17.254855851653968,1.3088095545103284,16.87535581151372,17.265428777337483,17.88287214941779,0.8
2801,9,116,11,18.171887920193516,10.68533634192553,18.171887920193516,14.903374197283068,5.222644253819754,14.483656267236462,15.677293423324308,16.21988474863632,0.9
2802,9,108,11,3.0724951433159635,3.0724951433159635,3.8182854084429034,3.45581080614962,0.08189671179841523,3.1935293617990803,3.434971120607598,3.7552133606643503,0.9
2803,9,123,11,9.9725336039083,9.9725336039083,12.469219424302903,11.337159481456403,0.7904841702944696,10.679907739916313,11.514648182717343,12.08494797180116,0.9
2805,9,103,11,41.60109232768265,15.346282195265827,41.60109232768265,22.02882135420652,74.31986864345649,16.387304357776905,18.282606879509856,21.618743098414427,0.7
2807,9,103,11,33.59138782918659,13.743237222425693,33.59138782918659,17.218951166457057,30.455034143792403,15.32421395299331,15.66734345093831,16.160245970532667,0.9
2809,9,107,11,11.897977909131694,4.125751700627514,11.897977909131694,8.202739045094788,4.476765871943848,7.639623283011776,8.595194303269682,9.404932891683409,0.9
2810,9,112,11,26.77521008224462,19.694533406604272,26.77521008224462,21.795342083681575,4.310831028093177,20.284460084860264,21.4435911939739,22.28616702203263,0.6
2811,9,93,11,6.043414118270537,6.043414118270537,8.870619065246965,7.539844749473976,1.0300023185039517,6.616378425379299,7.921853234801002,8.40280665973566,0.8
2812,9,126,11,31.736840096192005,23.635740403943263,34.20052340066273,30.190900641380722,9.83671690924469,28.259042299857292,31.4254905849641,32.004175772113896,0.9
2813,9,110,11,17.455302344337408,12.347051423989424,17.87017365848457,16.122727092160492,2.7375954673040046,15.154367995136063,16.655548250417596,17.428093552976662,0.8
2814,9,107,11,55.55955523631259,35.91692407467865,55.55955523631259,44.99631311361732,23.462513302568485,42.46291510018192,44.91550272782432,46.31719429125229,0.8
2815,9,141,11,21.273142237480474,17.875910268954687,21.273142237480474,19.649422096170202,1.7467765579366663,18.312023232010052,19.827967320649588,20.96933603347906,0.5
2815,14,196,16,21.273142237480474,14.700654448738081,20.05190435445248,18.294932176397474,1.9375372313460464,17.884583813469273,18.488905159985144,19.193891875670325,0.9
2816,9,128,11,14.885244454581596,8.451395612002697,14.885244454581596,10.932732198454298,3.2924045842642427,9.79640158270937,10.683752541675608,11.595329018618305,0.8
2817,9,99,11,29.529258548214585,11.955893910317652,29.529258548214585,17.83331979542581,22.595667507527523,14.537950940640712,16.40659001325334,19.88361053920494,0.9
2818,9,107,11,60.600910189869126,31.180901346124642,60.600910189869126,43.06484187398049,124.79522521008587,33.06232822442782,40.1841852232473,52.061544102500335,0.4
2818,14,148,16,60.600910189869126,31.180901346124642,38.07514269458877,34.73520834139551,5.160876710163641,33.06232822442782,34.6403248137446,36.39501141185095,0.6
2819,9,115,11,22.311772488813197,12.53708596248825,22.311772488813197,17.86027995789548,7.076774214149869,16.491657217982482,18.251480254263747,19.71199532837842,0.9
2820,9,132,11,25.483014584388275,9.063775525776016,25.483014584388275,13.113527141102185,19.80287796725169,11.057147347055533,11.863206424173246,13.520246034770551,0.7
2823,9,125,11,23.977331782866315,15.020730703001535,23.977331782866315,19.569782400228956,7.550493563452828,17.439811703507157,20.080269107761318,20.976074643565383,0.5
2826,9,95,11,18.464421514993838,13.153864062756256,18.464421514993838,16.591146593864853,2.068530917378353,16.134194748622978,16.73770110254424,17.48632440875337,0.9
2827,9,105,11,34.46434584242057,19.231403695238676,34.46434584242057,30.32009799295389,16.070153867531058,30.018928542902522,31.278101841190146,32.36173523180739,0.7
2828,9,132,11,39.18270099726733,28.45734862077512,39.18270099726733,33.593842464420064,14.621257641270194,30.55849807618644,32.13304260920145,37.55386199058207,0.6
2828,14,191,16,39.18270099726733,28.45734862077512,34.62882128714231,31.240276718343182,2.608552698419638,30.485745298283316,30.94986689134086,32.24153929915799,0.8
2829,9,111,11,19.404305988344696,14.459223415876004,19.404305988344696,17.04055964315191,1.7361684274621045,16.921833623528187,17.06935775505375,17.47117635735698,0.9
2830,9,99,11,21.880061729670167,18.593771784305773,21.880061729670167,19.797648669839496,1.275560819720791,18.720749742540924,19.69457134945246,20.318819772116548,0.8
2832,9,106,11,9.738331828797556,8.417793287430401,9.738331828797556,9.050979181697672,0.16115665605568325,8.816447858106388,8.973202935307999,9.178027969136197,0.8
2833,9,112,11,15.331995334943144,4.711726345171645,15.331995334943144,10.537696314289374,10.398552800211672,9.812849041526704,11.228242986092603,12.02065746811466,0.8
2834,9,143,11,33.87644851459157,26.721953434171162,34.44807471642985,30.36883416251723,9.433787692723755,27.65860871486745,29.294248854388627,33.84843229975089,0.3
2834,14,208,16,33.87644851459157,25.531765276309137,29.186174852472835,27.190765502130876,1.0840829724660697,26.75092692131909,27.202437881211406,27.863575903875848,0.7
2837,9,121,11,9.224867921341486,3.699623536056166,9.224867921341486,5.444704649508053,3.2632470071768402,4.038008669865011,4.94760499499847,6.075071389423862,0.7
2838,9,111,11,18.164460228193747,8.141315170723573,18.164460228193747,12.145149131028635,7.887007723546615,10.965913545249254,12.010788518528058,12.4010578230526,0.8
2839,9,132,11,16.865220784178995,10.740115499764261,16.865220784178995,14.599760119568506,2.8991604886871625,13.682979845609992,14.752618231625393,15.954548091291775,0.9
2840,9,105,11,13.001384434730022,9.357355107187981,13.178562706584263,12.383828197138552,1.2174658495013433,12.359081647366327,12.912572593759922,12.982287949663576,0.4
2841,9,129,11,19.263360989141148,14.7206773048251,19.263360989141148,16.471926756640986,1.724686278720864,15.324179745843184,16.368658749326435,17.298212679515487,0.5
2841,14,190,16,19.263360989141148,14.20490618259718,16.286444281491768,15.55545000908595,0.44606984810330363,15.259796894834345,15.642776369551479,16.15249963030758,0.8
2842,9,125,11,25.370673933612885,16.93090438137036,26.343884284600144,23.946023402908416,9.926400255122534,24.37738675573392,25.370673933612885,25.94687161929934,0.2
2842,14,178,16,25.370673933612885,16.53385708959325,25.370673933612885,20.093226627854527,10.3543170723023,17.338543660721378,19.09075060528601,23.267244435523008,0.7
2846,9,125,11,80.99598890247343,35.80987361095363,80.99598890247343,53.13680836707798,220.62146976448753,39.79858918810076,49.37590976522605,62.11399637196148,0.4
2846,14,172,16,80.99598890247343,35.80987361095363,47.38946537002167,41.00262404259256,9.421484523807665,39.02569432751361,40.55060416380476,42.75006188912704,0.8
2847,9,93,11,15.46339102997523,15.46339102997523,22.04242995584987,19.31444209265984,4.773583787228114,18.61749707606203,19.939438561650938,20.36191442746271,0.9
2849,9,105,11,22.180485272117217,13.114971877713739,28.234572788897033,23.91492165082635,18.023773381758712,22.443845562337266,24.276056790232452,27.350924087380506,0.8
2850,9,114,11,28.626589935127086,18.544436577034787,28.626589935127086,21.176210733294376,7.63092074116342,19.452975631377225,20.528888698892064,21.902003331878923,0.9
2851,9,110,11,39.08309098967871,30.50785112593501,39.08309098967871,33.43074995797046,6.8517213287057555,31.611134709910157,32.51761651287846,34.67703219942109,0.7
2853,9,122,11,20.259623871783692,10.056471105772367,20.259623871783692,14.491765312617119,7.698457232388792,14.270016123565734,14.46289187673268,15.429793003281997,0.6
2854,9,100,11,56.33928519714506,12.006443613862011,56.33928519714506,25.469002414817552,153.03198662468702,17.786062678338475,22.27709277696559,29.291241237639667,0.8
2855,9,120,11,17.460684879181294,8.266052095964735,17.460684879181294,14.707085508777178,5.624677523588608,14.29495600480708,15.605075645900342,15.814149078637692,0.8
2856,9,112,11,12.632741000575141,9.34482131350392,12.632741000575141,11.153322496926162,1.0167145416006096,10.470257497447024,10.992433640055825,12.102406639010363,0.9
2857,9,133,11,14.718493824241087,10.7128340163855,14.718493824241087,12.199220914851052,1.199757895600986,11.303299191481543,12.213118644931312,12.748912604656319,0.5
2858,9,119,11,29.54043847485743,16.77660922074198,31.625867725163204,27.422036575784148,22.98725921797746,24.926240319547837,29.55690161872103,30.560565772220148,0.6
2859,9,121,11,24.996832946055058,23.586759764887784,25.531504462122076,24.664934465182842,0.45370438272286495,24.169101263608457,24.71049702171062,25.28734047504775,0.7
2861,9,111,11,10.155571325678789,5.279092812159094,10.155571325678789,8.127651185797438,2.870327680244901,6.5980626003063705,8.958654637686868,9.360815299719633,0.7
2862,9,120,11,24.24827481891444,16.131611275779274,24.24827481891444,20.50371321608378,4.8680042230071905,19.382411763924196,20.876286220406364,21.757367883306948,0.7
2863,9,96,11,17.1500352176653,14.051703798110632,17.1500352176653,16.2728465163838,0.9280078997724676,15.730116047558713,16.834525884300973,16.948543588468482,0.9
2864,9,132,11,24.776886796276475,20.15077370171233,24.776886796276475,22.2125791626275,1.5142409988613357,21.413941674086004,22.117986297779026,22.940100929669075,0.9
2865,9,109,11,24.125136587935987,11.20472103419021,24.125136587935987,15.74061350895125,12.157486460548458,13.456850937601224,16.091172644740915,16.798461997893778,0.9
2866,9,131,11,23.312111416745275,18.478324465328576,23.312111416745275,19.97277742127538,1.6164914633578888,19.26482189889294,19.945929325939737,20.184572159865258,0.8
2868,9,140,11,23.599308265421698,17.196340638617325,23.599308265421698,19.330298403555407,2.7043780978694985,18.496429301240667,19.000854288743135,19.62679828433568,0.7
2869,9,112,11,14.20575164010544,12.217254727897716,14.20575164010544,13.33667353351836,0.5861985129834727,12.625001887831854,13.513694742617831,14.056816653281892,0.5
2870,9,98,11,7.6172239206107015,3.6367704078588323,7.6172239206107015,5.455178649231888,1.0114823454624873,4.950399749840111,5.321045673717242,5.763037269044721,0.9
2871,9,131,11,17.426528913553536,11.77134968401237,17.426528913553536,15.160232691799958,2.212349034801231,14.63824735615227,15.430012085642005,16.069154494246327,0.8
2872,9,101,11,32.240937308134065,16.813041398258527,32.240937308134065,24.181388767884073,14.608482799303383,22.441053763011926,23.942476186940773,26.18633628284249,0.6
2876,9,123,11,9.315571359592063,9.315571359592063,12.091042451499142,10.811769807741667,1.1128236393517978,9.797555244026164,11.04700546891514,11.729285377058861,0.8
2879,9,119,11,21.72387643219563,9.986774594489635,21.72387643219563,14.99464579947771,7.92645218988873,13.791473132102322,14.685329360976727,15.880458397377907,0.9
2880,9,135,11,49.906944456563906,18.157370229422334,49.906944456563906,29.966041169779505,93.2541421152404,23.458135538381107,27.60146880756494,35.238574326751426,0.2
2880,14,188,16,49.906944456563906,17.417239435676926,25.857439427193174,20.270922007490107,8.344276323376674,18.311288023198745,19.01153388274021,22.15411023982302,0.6
2881,9,124,11,25.994941551850353,17.183130096126757,25.994941551850353,21.980712954848592,4.625163792145147,21.722131058579564,21.973841652692045,22.31621391630206,0.2
2882,9,107,11,19.69667036402003,14.50986551826857,19.69667036402003,16.45962934422894,3.139509584396809,15.162018478865813,16.035186551753295,16.852006883780472,0.7
2883,9,99,11,26.632895896719532,17.84458342597187,26.632895896719532,22.877083147939228,6.364900824261392,21.810538800464414,23.439161947938928,24.5243298816758,0.7
2883,14,144,16,26.632895896719532,16.89236425982613,24.459854090678324,21.56702221075735,6.424668827684661,19.98048859831819,22.080646376230952,23.5238716563189,1.0
2884,9,116,11,22.03409473292523,16.59371009235528,22.03409473292523,20.601608712049575,2.71866711630798,20.03566722732245,21.29071146353713,21.872122369597875,0.4
2887,9,103,11,24.867881383944763,12.522860550142397,24.867881383944763,16.415771018418347,10.627390104413019,14.171657082955498,16.182422435653912,17.263833596584767,0.9
2889,9,123,11,24.52159958807389,9.163829495390077,24.52159958807389,15.34978098411691,13.012720568000669,14.217424201710203,15.112879805879736,15.911434178054895,0.9
2891,9,118,11,12.655502133780775,8.65128813774926,12.655502133780775,10.89953442021517,1.8254001017219061,9.70251488691627,11.064767782771803,12.12546764408545,1.0
2893,9,128,11,13.615194884202063,3.85970030256675,13.615194884202063,9.299914391940401,5.721681547900739,8.713118542676654,9.268727878199478,9.947989893753316,0.7
2895,9,128,11,24.574195444916835,17.15812497872509,24.574195444916835,21.312248427712067,5.469566435474915,19.672865284939625,21.150173932561145,23.321807407974447,0.6
2897,9,104,11,11.472680358916932,8.399708203199939,11.472680358916932,9.90924466168925,0.9322346323279005,9.422530231768446,9.962576465968871,10.546248150094597,0.7
2898,9,131,11,9.82060750474055,6.005382526984257,9.82060750474055,7.030969590197666,1.049049018769476,6.363117988114215,7.006089922848274,7.1489426843895405,0.9
2901,9,121,11,17.590419831603068,17.590419831603068,21.818870554126864,20.12937101754264,2.2958870257049533,19.08464890702956,20.85381082873547,21.123057386123804,0.8
2902,9,117,11,16.954510057218698,16.646059180402876,19.992710806940607,18.30706203455638,1.4566359577008552,16.998677621608685,18.751695688501066,19.031641581787362,0.9
2903,9,109,11,15.746835241816099,11.472541238024721,15.746835241816099,13.548045920304858,2.1580292186803827,12.105020996492907,13.58526700664949,14.720164753974766,0.7
2905,9,111,11,9.634202150612719,6.267573781429105,9.634202150612719,7.613814556813961,0.9053811423986173,6.772637360264753,7.747850646135486,8.094221199970626,0.9
2906,9,101,11,26.616963706958764,14.011088390977285,26.616963706958764,20.116331346990062,18.832923871737986,15.50346067929565,21.048666798660456,23.195210391577753,0.3
2906,14,158,16,26.616963706958764,12.8486588924974,20.64046234041703,15.75887489599226,3.7715731180765166,15.052368719905447,15.574256711559688,16.08633302392138,0.4
2907,9,117,11,25.733917837774314,22.507650897765657,27.603506450708537,25.7446090892859,1.8243535175719459,25.19021941601146,25.733917837774314,26.772614230810653,0.9
2908,9,114,11,29.549311744046413,14.955724375386666,29.549311744046413,24.08812292938738,14.897917927228884,23.50904634946033,24.913494822425925,25.763521586578896,0.6
2909,9,127,11,22.973011324158335,22.973011324158335,28.078847786178745,25.787459759613917,3.6320822277487963,24.192707690488966,26.266890712145823,27.575722095730935,0.9
2911,9,124,11,17.94273028925082,6.685121415098324,17.94273028925082,10.572234115784859,9.615906553715243,8.830803758891316,9.676555701983007,10.909642419624948,0.7
2912,9,115,11,20.603352549486928,7.414256265172725,20.603352549486928,14.103474133336476,25.367365579812944,9.26281066106829,12.798462138338143,19.600865072342074,0.6
2913,9,108,11,35.37068826094335,10.684367754551875,35.37068826094335,20.082808315261165,37.61077178822852,16.973468174881283,19.919031257278846,21.33257223159487,0.8
2914,9,113,11,13.592295489294958,13.592295489294958,17.351249660499,15.597216520998387,1.5860030498297455,15.012152956287979,15.613879483205928,16.372575751280515,0.6
2916,9,120,11,12.614040471178285,4.415824641731971,12.614040471178285,7.135675460734499,6.324467286046741,5.509554124079655,6.353940765500111,8.015167089078634,0.7
2917,9,103,11,36.106744641269984,17.148066571751386,36.106744641269984,28.32757298604942,26.531251167190607,25.85871970771484,29.80110774730656,30.860354351134674,0.9
2918,9,124,11,16.565536306580984,14.36139923187655,17.64907280758948,16.078295755155597,0.9596118286721567,15.447916072173395,16.301360745950063,16.703505977460622,0.5
2919,9,118,11,7.50033087453795,7.417747520992827,11.10972741930388,9.254115114775127,1.7480655621911847,7.90366826319543,9.343991635882642,10.207766559164991,0.9
2922,9,126,11,19.326120419781,11.297716410075612,19.326120419781,14.784941240109239,5.467444564185051,12.77610153866322,14.923014208559078,15.80209947639126,0.8
2924,9,104,11,46.057564481466855,26.12376788269188,46.057564481466855,34.02109744769984,26.256826184981755,31.276517410004796,33.659547372455314,34.98743294790323,0.8
2925,9,125,11,15.407797206794967,11.550019622563791,15.407797206794967,13.819723570134375,1.1436160274997333,13.540223503711111,13.938539362852389,14.552872317872867,0.9
2927,9,105,11,25.034771783593477,12.863944772154083,25.034771783593477,18.514822335527064,18.536764953682564,14.60490986098512,17.783399084772636,22.165586650888862,0.5
2928,9,89,11,7.107435406900278,3.0780468931285787,7.107435406900278,5.248538156368208,1.4341521245517297,4.4742829229882,5.199899985601565,5.774371284325021,0.8
2929,9,100,11,20.924137321388812,8.827989238621946,22.59263398823066,19.471054658903675,15.261134366490092,20.03403729686122,20.909519905082572,21.389766039461165,0.9
2930,9,130,11,10.859438911284764,8.838800564027666,10.859438911284764,9.389353464862145,0.31048352781856725,9.045509582835713,9.230250037336713,9.536666831637511,0.9
2931,9,135,11,21.34111607919143,14.941838362072392,21.34111607919143,17.94909281964408,2.9343782153392604,16.612254012580763,18.384952996848693,18.90756337265975,0.8
2933,9,118,11,18.76361500878629,10.627497611904325,18.76361500878629,13.066365850949586,5.473408388624729,11.196190331103612,12.93458729064222,13.304306661207905,0.8
2934,9,116,11,9.672187491579034,6.705682524513772,9.98382135016821,9.144968892915921,0.9335267216956703,9.184002355381478,9.635048055636101,9.687412500527316,0.7
2936,9,108,11,41.74829706530581,23.34154547828372,41.74829706530581,31.55071764816621,24.98879014107734,28.465578932146244,31.62356035162094,34.11052688062452,0.9
2937,9,100,11,17.33891691872637,11.278969986040039,17.33891691872637,14.234122827048475,2.729441918252926,13.783341557932062,14.07724755218232,14.618324253841337,0.7
2939,9,95,11,11.971149682647475,7.619054390329502,11.971149682647475,9.440095389920156,2.5507286011371386,8.387293200953145,8.747712453536318,10.825002041832432,0.7
2941,9,117,11,24.839201435623032,19.689442990001922,24.839201435623032,22.819231894276545,2.1938938136281627,22.169416396066598,23.093864766485172,23.972941994230116,0.5
2943,9,140,11,38.075541720244175,28.929243843800773,38.43906351010704,34.30259277785677,10.887479510907413,31.97110477329231,34.087613958955515,37.722131519632605,0.0
2943,14,199,16,38.075541720244175,28.929243843800773,32.656518175652565,31.551317001069275,1.07364030539582,31.610658821080392,31.88988221889673,32.010131988561824,0.0
2943,19,251,21,38.075541720244175,22.088628404783297,31.82660650229925,27.825783500885187,13.104542682845425,25.109147139841316,28.903738069972643,31.281904499491535,0.4
2943,24,292,26,38.075541720244175,20.486167733421546,28.878232296144514,25.22833932624921,7.0330751789085495,23.02970095427325,25.475041503385626,27.186629293942964,0.9
2944,9,121,11,37.44443080558178,19.499378220576922,37.44443080558178,26.47448181617197,27.503374135858024,22.51285708409931,25.74150833038326,29.480416797061814,0.5
2944,14,172,16,37.44443080558178,19.499378220576922,25.815933253031716,23.092420737830366,2.780090340790674,22.51285708409931,23.069397430642198,23.860039517529724,0.8
2945,9,101,11,10.09114915058545,5.250380616594152,10.09114915058545,6.803127929463308,1.8571015263190418,6.017746865414717,6.425028812178697,7.142283724565912,0.8
2947,9,122,11,43.19283516867914,17.43534078045531,43.19283516867914,23.338072102300245,56.79842429321187,19.587739759800858,20.001622610194175,21.420192821306422,0.6
2948,9,114,11,19.362352922395928,12.430034629375484,19.362352922395928,15.68901970068361,3.1183449727705423,15.281803253721186,15.76192249689666,16.510603825919464,0.9
2949,9,102,11,41.791449991360025,9.714032744583353,41.791449991360025,17.231785995635033,78.59791544640466,13.533748359976308,14.011910321708202,14.739673061759413,0.8
2951,9,90,11,11.828604675976168,3.404798175148726,11.828604675976168,6.5507498807364,4.150122119561579,5.795521192933246,6.151572489162659,6.840246220623087,0.9
2953,9,103,11,9.230449788389482,5.1979237477455325,9.230449788389482,7.86914875332009,1.1420973146430549,7.764033048164373,8.123398708901412,8.280922752672096,0.8
2954,9,132,11,25.332826977779387,9.768304999093388,25.332826977779387,14.585200337996088,28.214083074561824,10.990623361549943,11.735710257444255,16.244571959056067,0.6
2955,9,105,11,15.215132377928686,6.656439783672145,15.215132377928686,11.085034960467933,4.74543307408152,10.188742832904222,11.025444000699203,11.619673282315036,0.8
2956,9,86,11,23.99646306674757,11.5636449456665,23.99646306674757,14.30716517441184,18.689980641866985,11.747055199965349,12.213249005948086,13.49885842961164,0.7
2957,9,117,11,9.292149564744836,5.288473810957181,9.292149564744836,7.5925908561081155,1.537779525612232,6.776524661798682,8.135986553310447,8.44384120933666,0.9
2958,9,92,11,27.274217682758298,19.19168011336783,27.274217682758298,23.47755187632064,5.247759210762818,21.902180192444906,23.278431641825442,25.41368720965947,0.7
2959,9,123,11,17.05244193557416,10.970950052328794,17.05244193557416,15.780970955370051,2.729694654387684,15.890677220246179,16.191880631781085,16.580411948184903,0.8
2961,9,126,11,29.957725474625377,15.635233094101356,29.957725474625377,21.111970148214276,24.295206592243083,17.550623536603318,19.069489494847957,25.13931665778773,0.6
2962,9,131,11,47.07692629329938,41.50291597139183,47.07692629329938,43.82506446502698,3.1561784817330847,42.127394996180634,44.412158631824155,44.62301596586253,0.0
2962,14,189,16,47.07692629329938,33.77205835237896,44.52747586663753,40.25735030707221,11.338321800646751,37.91477654928335,41.60007867136261,42.14461147482135,0.3
2962,19,260,21,47.07692629329938,33.77205835237896,41.50291597139183,37.9379792599041,3.7429447618442593,37.159025021629674,38.41103587657665,38.6661221955891,0.5
2964,9,98,11,31.903729322308525,26.76246081633621,31.903729322308525,29.77845143996612,2.498401777175156,29.073025565031006,30.414102416083296,30.738646634084844,0.9
2966,9,100,11,18.802784850885175,10.814041308576105,18.802784850885175,14.419576234471075,4.850389196298842,12.607436115537263,15.101207631460491,15.63230020559321,0.9
2968,9,129,11,27.87555629534663,23.010564949785625,31.43766347142617,28.120480528859467,5.9792722585638955,26.76469906313834,27.87555629534663,29.92924745399673,0.9
2969,9,127,11,13.186651624884739,5.453456461460995,13.194171999143368,11.000626251526954,6.618836451987849,10.403272376062905,11.836763145588478,13.147893466173691,0.9
2971,9,100,11,25.229664689104755,18.292318645256156,25.229664689104755,21.96030447632308,4.58075431919781,20.599204419818964,21.617185966979267,23.220415436533372,0.5
2971,14,138,16,25.229664689104755,16.016101328116385,23.02053073066469,19.888289217823747,4.082459816059662,18.5876434770702,20.102637455230635,21.4481432246978,0.8
2972,9,105,11,18.37468702448762,8.827574326390167,18.37468702448762,13.401433976369796,4.877554807240239,13.06042708912356,13.5068833738318,13.864095140282302,0.6
2974,9,108,11,22.67395628308345,8.009627105649528,22.67395628308345,12.376676692065082,13.942969192412951,10.922387540949948,11.302068434238397,12.2074431654414,0.8
2975,9,123,11,33.88573761897125,23.24535284836677,33.88573761897125,26.113986471330332,9.525262410361297,23.74123478748261,25.378394111786932,27.50863243046311,0.5
2975,14,185,16,33.88573761897125,23.24535284836677,25.55255816017258,24.634378691813367,0.7539281129446359,23.74123478748261,25.11612588032921,25.265718228327103,0.6
2976,9,103,11,48.83321930833267,13.559507950201187,48.83321930833267,36.37364154372141,136.01734000990658,33.19574060421447,37.091557833453,47.059728060944934,0.6
2976,14,140,16,48.83321930833267,13.559507950201187,39.38865126308284,32.68452337320198,73.65772410589003,33.19574060421447,36.73845505130215,38.18931676010629,1.0
2977,9,105,11,31.048766596367553,22.14194585771706,32.491165979123316,28.761166433217518,13.93758602887451,26.517009241050577,30.67924722359759,31.220831339980023,0.5
2978,9,80,11,11.63524793931286,7.393510008668778,11.63524793931286,10.029274888250606,1.8690304291290416,9.341145757074472,10.1144713347589,11.161749422199605,1.0
2979,9,99,11,18.556923441446465,9.747112782833202,18.556923441446465,12.338600270340347,9.496966372759573,10.151379954456008,11.18264501299613,12.435797614448237,0.8
2980,9,120,11,21.5211235878744,5.687381999782403,21.5211235878744,15.744457465044196,16.323499612773197,14.487786068478236,16.68611386342613,17.799839345950655,0.8
2982,9,115,11,16.303006710937282,9.893656120334393,16.303006710937282,12.33213996067162,2.6098745915051986,11.670576944886774,12.013417705952055,12.898031439455533,0.9
2988,9,110,11,21.812687224379612,8.864759807055357,21.812687224379612,12.3521076117774,16.40632659334993,9.83216847173656,10.387358760033202,13.268465736162838,0.7
2989,9,105,11,23.54942018688999,16.475909545700524,23.54942018688999,20.801349121660508,4.609247243149875,20.006994120685814,21.167120435794146,22.437358981736402,0.9
2991,9,125,11,23.798232702618293,8.735778945557001,23.798232702618293,13.758518230242373,21.836626489390657,10.02770148440807,12.92026224042437,15.16154624285649,0.8
2993,9,119,11,15.490996111728402,8.824667921653024,15.490996111728402,11.194948427720854,3.019758005174648,10.448235156844767,10.893879579213639,11.650158291465113,0.8
2994,9,120,11,19.925122208751066,14.258839429990829,19.925122208751066,17.69105497896166,3.003606142016462,16.66361871393699,18.506367436946594,18.731230945502944,0.7
2995,9,135,11,18.298132387857322,14.37668634957139,18.298132387857322,16.86781614258397,2.20014487361986,15.654237459247037,17.64325330193548,18.119950805800492,0.8
2997,9,115,11,17.954418208446135,13.329596649570504,17.99171128050694,15.37890241482618,3.3169835992942547,13.811449987871038,14.675333063679098,17.40010441434504,0.6
2998,9,124,11,14.81207276327056,9.509527363082226,15.29813217096871,14.203133177889777,2.5884074276596705,14.24582518509132,14.755771518448721,14.81207276327056,0.7
