qid,nstep,ndis,ninserts,firstNN,closestNN,furthestNN,meanNN,varNN,p25NN,p50NN,p75NN,r
0,9,133,11,105840.0,28120.0,105840.0,77734.0,403718385.0,74017.75,76959.5,90020.0,0.7
1,9,129,11,66220.0,35462.0,66220.0,56774.8,63620004.76000001,55906.5,58358.0,61175.25,0.9
2,9,130,11,59389.0,25222.0,61809.0,54366.9,106294110.09,52832.25,59094.5,59409.25,0.7
3,9,130,11,97280.0,54898.0,97280.0,69660.4,167234198.83999997,63849.0,65738.0,68957.25,0.2
3,14,187,16,97280.0,54898.0,65233.0,61998.4,10274421.24,62196.5,62853.5,64213.0,0.3
5,9,141,11,58790.0,47054.0,71389.0,57364.2,66766411.760000005,50005.75,56431.5,62974.25,0.0
5,14,206,16,58790.0,40039.0,54073.0,47697.5,18408055.25,44540.75,48433.5,49659.0,0.3
5,19,264,21,58790.0,16255.0,48081.0,41477.0,79609206.8,40703.25,44735.5,46668.75,0.7
6,9,135,11,63590.0,44615.0,63590.0,55787.9,45544020.489999995,50920.0,56911.5,62160.0,0.2
6,14,202,16,63590.0,44615.0,56295.0,51420.6,13904953.439999998,49059.0,53476.5,53895.75,0.3
7,9,120,11,52894.0,41377.0,59946.0,54548.9,27686032.49,52894.0,56857.5,57960.25,0.4
8,9,137,11,61391.0,11077.0,72303.0,53647.0,253391136.8,52769.0,57518.5,61391.0,0.4
8,14,199,16,61391.0,11077.0,58532.0,48335.3,170898938.60999998,48282.25,52421.0,55533.5,0.8
9,9,121,11,62182.0,41927.0,62182.0,50267.3,24590522.610000003,48404.75,49288.0,52275.75,0.9
10,9,143,11,86446.0,47506.0,86446.0,65463.6,105465831.24000001,59133.25,63882.0,69245.5,0.1
10,14,203,16,86446.0,42150.0,63754.0,54786.4,41860443.04000001,49806.75,56635.0,58211.0,0.3
10,19,265,21,86446.0,42150.0,55471.0,49939.2,19053823.16,46720.0,49501.0,53983.5,0.8
11,9,143,11,57725.0,57725.0,69171.0,64891.5,17126923.05,62383.5,66993.5,67978.5,0.0
11,14,213,16,57725.0,38889.0,66725.0,54465.7,74611427.41,47182.25,57037.0,60758.75,0.3
11,19,271,21,57725.0,38889.0,56349.0,47313.4,30078999.24,43892.75,47923.0,50531.75,0.5
11,24,332,26,57725.0,38889.0,46146.0,42814.3,5811586.61,40889.0,43286.0,44660.25,1.0
12,9,130,11,34521.0,34043.0,42083.0,37815.9,8109920.489999999,34701.0,38577.0,39967.75,0.7
13,9,141,11,44694.0,25341.0,44694.0,38156.8,29897425.560000002,35527.75,40367.5,41709.0,0.5
13,14,207,16,44694.0,25341.0,40866.0,36425.0,20370450.4,34809.25,37638.0,39826.75,0.8
14,9,139,11,92922.0,80994.0,92922.0,86856.4,11923166.44,84937.25,86149.5,89600.5,0.0
14,14,211,16,92922.0,75015.0,86260.0,82193.1,17540059.689999998,78129.75,84035.0,85942.25,0.0
14,19,279,21,92922.0,69801.0,83312.0,77225.9,11726978.290000003,75654.5,77375.5,78225.0,0.1
15,9,134,11,71005.0,52752.0,74832.0,66052.1,39073152.49000001,62529.5,65689.0,71005.0,0.5
16,9,120,11,86764.0,40303.0,86764.0,52243.1,172623931.29000002,45109.5,47604.0,52614.5,0.4
16,14,180,16,86764.0,40303.0,48783.0,45483.9,7240641.6899999995,43482.5,45480.5,48061.5,0.6
17,9,132,11,52233.0,13282.0,52233.0,38109.2,167516316.76000002,35403.25,41992.5,46975.0,0.4
17,14,195,16,52233.0,13282.0,40859.0,33929.1,99661944.49,35217.5,38596.5,39857.5,0.6
18,9,123,11,34142.0,34142.0,41510.0,37309.0,7025840.6,34819.0,36569.5,39704.25,0.5
19,9,146,11,140874.0,68366.0,140874.0,86613.2,599408978.76,69885.25,71246.0,93534.5,0.0
19,14,211,16,140874.0,22112.0,71220.0,62133.9,201284830.69,65409.25,67160.5,69561.75,0.5
20,9,134,11,94924.0,44996.0,94924.0,69156.9,216300491.09,62894.25,68565.5,69602.5,0.5
20,14,196,16,94924.0,44996.0,69502.0,63231.1,55304162.29000001,62803.25,65254.5,68576.75,0.7
21,9,136,11,96736.0,46443.0,96736.0,63200.6,164680602.84,56678.75,60893.5,64575.0,0.3
22,9,150,11,87644.0,52631.0,87644.0,60705.4,89778098.64,55398.75,59550.0,60797.75,0.7
23,9,141,11,64686.0,47566.0,64686.0,58724.7,22164927.009999998,57946.5,59681.0,61532.25,0.2
24,9,130,11,85352.0,44730.0,85352.0,62559.1,153823268.29000002,50444.25,65044.5,69615.75,0.8
25,9,147,11,82313.0,67813.0,82313.0,72021.3,14981372.209999999,69687.25,71031.0,72835.75,0.4
26,9,126,11,78471.0,37695.0,78471.0,59244.4,107517585.63999999,53209.25,60146.0,64310.5,0.5
27,9,152,11,111664.0,11807.0,111664.0,69841.5,730018868.25,55449.25,70823.5,85867.25,0.4
27,14,216,16,111664.0,11807.0,62537.0,52354.2,190421360.76000002,53991.75,55863.5,58644.5,0.7
28,9,134,11,68539.0,45112.0,68539.0,55249.2,46279827.56,50519.75,54973.0,57187.25,0.5
29,9,131,11,50076.0,35403.0,59719.0,50143.9,49154761.69,50076.0,51337.5,54678.75,0.2
29,14,195,16,50076.0,35403.0,50744.0,43611.6,24176063.04,40123.5,42527.5,48519.5,0.7
29,19,264,21,50076.0,35403.0,45550.0,41765.8,8337893.159999999,40024.25,42211.0,43561.5,1.0
30,9,144,11,78279.0,60509.0,78343.0,70282.1,45427804.89,64975.0,68252.0,78035.25,0.3
30,14,215,16,78279.0,60509.0,69695.0,65675.2,10638634.56,63005.25,66166.0,68554.0,0.4
31,9,142,11,74506.0,51023.0,74506.0,63072.2,46432657.559999995,57902.5,64851.0,67685.25,0.8
32,9,144,11,74548.0,44969.0,74548.0,58931.9,99327239.49,52485.5,53902.5,67164.25,0.2
32,14,214,16,74548.0,44969.0,54336.0,51460.9,8748185.09,50886.25,52555.0,53417.75,0.4
33,9,134,11,56168.0,46602.0,58566.0,53925.0,13427197.2,53280.0,55129.0,56168.0,0.2
35,9,126,11,34645.0,23183.0,51515.0,41654.9,84414670.28999999,34645.0,43921.0,50201.0,0.9
37,9,139,11,92571.0,49779.0,92571.0,62976.7,152789832.81,55107.0,58593.0,69506.25,0.5
38,9,145,11,78779.0,37118.0,78779.0,58863.1,136337180.08999997,49938.75,61648.5,66515.75,0.5
39,9,136,11,57515.0,46866.0,60720.0,56769.1,16471750.89,55692.75,57515.0,59684.25,0.5
40,9,139,11,90429.0,24153.0,90429.0,69399.0,307037701.8,66831.0,70081.5,76914.75,0.4
40,14,207,16,90429.0,24153.0,70432.0,62634.9,174672566.89,63398.25,66884.0,69666.0,0.7
41,9,135,11,106484.0,33100.0,106484.0,76032.9,295581012.29,72216.0,79631.0,81695.75,0.5
42,9,131,11,45141.0,40001.0,48908.0,44759.0,7675269.4,42663.5,45141.0,46934.5,0.9
43,9,145,11,64453.0,41240.0,64453.0,51266.0,43904098.6,46497.5,52001.0,52388.25,0.5
44,9,135,11,66795.0,52359.0,68901.0,62333.9,29098744.689999998,58895.75,62680.0,66795.0,0.6
45,9,133,11,47560.0,46893.0,58349.0,51834.0,16849616.4,47560.0,52903.5,54101.75,0.8
46,9,127,11,45942.0,26009.0,45942.0,32616.1,47975324.29,28091.5,30198.0,31912.0,0.5
46,14,188,16,45942.0,26009.0,31524.0,28837.1,2198560.29,27986.25,28742.0,29705.0,0.8
47,9,109,11,50575.0,12472.0,50575.0,35642.5,133788507.45,30963.25,37953.0,44548.75,0.8
48,9,118,11,43076.0,12255.0,43076.0,29652.4,72731486.24,24174.0,33052.5,33849.25,0.9
49,9,142,11,43003.0,41782.0,49487.0,45738.4,6928005.24,43055.25,46451.0,47815.5,0.1
50,9,133,11,48724.0,21681.0,48724.0,31994.3,64089141.21,27630.75,29866.5,32195.5,0.5
50,14,193,16,48724.0,21468.0,30252.0,27200.4,9936142.239999998,25580.75,28834.5,29521.75,0.7
51,9,137,11,44098.0,17330.0,44098.0,29797.8,43227337.76,27398.75,29206.0,31912.25,0.7
52,9,126,11,94287.0,55164.0,94287.0,71592.4,90923655.03999999,67309.5,70472.5,73924.25,0.6
53,9,120,11,27470.0,7654.0,32705.0,27775.9,47993811.49,27793.25,29798.5,30766.0,0.5
54,9,130,11,42359.0,11467.0,43807.0,36352.9,89757468.69,32817.25,41737.5,42359.0,0.4
54,14,186,16,42359.0,11467.0,41592.0,32634.8,57924871.760000005,32431.5,34167.0,36244.75,0.7
55,9,145,11,61635.0,33648.0,67035.0,53584.2,123884753.16,43708.25,55846.0,61635.0,0.3
55,14,206,16,61635.0,32507.0,55368.0,40276.3,57405484.010000005,34860.25,37982.0,40231.5,0.8
56,9,128,11,60209.0,40809.0,60209.0,48509.1,30788394.089999996,44003.75,48746.5,50113.0,0.3
56,14,186,16,60209.0,40809.0,47888.0,44885.9,5799636.09,43093.5,44625.0,47324.5,0.6
57,9,133,11,107866.0,77324.0,107866.0,91752.2,115583522.75999999,80522.25,94136.5,100836.5,0.0
57,14,199,16,107866.0,68828.0,92027.0,76452.5,46409221.45,70832.0,75523.5,80060.0,0.4
59,9,128,11,26025.0,14039.0,26025.0,20432.6,15979645.440000001,17546.25,20390.5,23916.75,0.6
61,9,134,11,49026.0,47689.0,53798.0,50662.5,3778768.65,49057.25,50360.5,52401.75,0.5
62,9,141,11,62978.0,45173.0,62978.0,52930.6,41251192.04000001,47747.5,49973.0,58114.25,0.5
62,14,207,16,62978.0,45173.0,53867.0,49616.5,7377261.05,47747.5,49148.5,51080.5,0.5
63,9,143,11,63899.0,43928.0,63899.0,53678.4,56733720.04,46179.0,53197.0,60720.75,0.4
63,14,208,16,63899.0,42988.0,52335.0,47976.4,10115912.440000001,46043.0,47413.0,51219.25,0.6
64,9,143,11,76013.0,51419.0,76013.0,58981.5,73578566.65,52469.25,53526.0,64847.75,0.1
65,9,127,11,33184.0,17447.0,37441.0,31963.2,35273472.36,33184.0,33798.0,35227.5,0.8
66,9,123,11,35749.0,13753.0,36107.0,31204.8,41955073.76,31875.0,33152.0,35415.25,0.9
67,9,144,11,64909.0,42815.0,64909.0,52804.8,56578494.760000005,48310.75,50809.5,57013.25,0.6
68,9,146,11,62141.0,52734.0,63270.0,57827.6,16671049.440000001,54022.75,56455.5,62141.0,0.5
68,14,210,16,62141.0,51731.0,56419.0,54651.4,2449152.84,53411.25,55475.0,55804.75,0.8
69,9,120,11,72629.0,51186.0,72629.0,56210.3,37372943.010000005,51509.0,55042.5,57746.0,0.6
70,9,117,11,89318.0,38279.0,89318.0,60368.0,200499571.4,50352.0,61026.0,68225.75,0.4
71,9,134,11,57649.0,35655.0,57649.0,44124.9,30456064.49,41634.0,43012.5,44363.0,0.5
71,14,190,16,57649.0,35655.0,43278.0,41335.9,4269957.49,40978.25,42025.0,42533.5,0.7
72,9,134,11,67504.0,45542.0,67504.0,56351.0,41714190.4,53708.5,55834.0,60310.25,0.6
73,9,144,11,67813.0,53931.0,67813.0,63161.1,15933596.49,62323.25,63664.0,66251.25,0.7
74,9,120,11,86737.0,42044.0,86737.0,58037.4,211787892.64,48907.75,55014.0,58110.75,0.6
75,9,132,11,60528.0,20293.0,60528.0,47956.5,120833112.65,44044.25,50722.0,54441.0,0.7
77,9,139,11,138651.0,9974.0,138651.0,83180.6,1050489378.0400002,74744.0,80420.0,94488.75,0.5
79,9,136,11,66477.0,47402.0,66477.0,52488.3,28020699.409999996,49055.75,51563.5,53285.5,0.5
80,9,133,11,69276.0,34369.0,69276.0,50054.0,91572769.6,46612.25,49300.0,55834.0,0.6
81,9,126,11,46399.0,4303.0,46399.0,34334.6,131989868.04,36847.0,38074.5,39480.0,0.9
83,9,130,11,59902.0,50467.0,59902.0,55567.1,5429201.290000001,54647.0,55953.0,56086.0,0.1
84,9,138,11,89593.0,3767.0,89593.0,64816.4,759164798.4399999,59946.25,72066.5,86585.25,0.4
84,14,203,16,89593.0,3767.0,70810.0,54445.6,441067989.84,57465.75,64054.0,67208.5,0.9
85,9,139,11,61686.0,56020.0,65425.0,61582.2,7533802.76,60830.25,61686.0,63069.75,0.1
86,9,149,11,90184.0,59269.0,90184.0,75668.6,83179377.03999999,70612.5,72392.0,82357.0,0.1
86,14,211,16,90184.0,59021.0,73250.0,68368.0,22493676.2,69149.25,70309.0,70924.75,0.2
86,19,279,21,90184.0,59021.0,70467.0,65669.3,22313634.81,60267.5,67970.0,69933.75,0.5
87,9,132,11,53116.0,35485.0,53116.0,43155.8,21250480.96,39722.75,43827.5,45050.25,0.9
88,9,130,11,56059.0,11555.0,56059.0,43556.0,156953040.8,40465.0,47153.0,50830.25,0.4
88,14,186,16,56059.0,11555.0,46603.0,38986.2,99322372.96,37573.75,42931.0,45298.0,0.7
89,9,137,11,46013.0,42047.0,47639.0,44848.6,3476481.04,43255.75,44895.0,46013.0,0.3
89,14,196,16,46013.0,42047.0,44540.0,43091.5,727537.65,42468.0,42784.5,43822.0,0.8
90,9,136,11,44550.0,13928.0,44550.0,37839.7,79309275.61,40637.25,40874.5,42412.5,0.7
91,9,124,11,78408.0,78073.0,82092.0,80100.6,2360362.44,78520.75,79966.5,81685.25,0.0
92,9,140,11,88394.0,57560.0,88394.0,73429.5,79727614.45,70303.25,77008.5,77796.75,0.2
92,14,200,16,88394.0,57560.0,76499.0,65315.2,36384629.36,59770.75,64369.0,69396.0,0.6
95,9,133,11,71572.0,42805.0,71572.0,58217.1,49513072.09,57787.0,59057.0,59939.25,0.7
96,9,142,11,62129.0,54252.0,63552.0,59475.8,7621387.960000001,58251.0,59323.5,61930.25,0.5
97,9,134,11,74583.0,38560.0,74583.0,59836.0,126973224.0,57641.75,65209.5,65747.75,0.3
98,9,132,11,80844.0,50004.0,80844.0,71021.7,102074903.41,66196.0,74764.0,78852.25,0.2
98,14,200,16,80844.0,15972.0,74224.0,57303.1,246604260.89000002,54463.25,59874.5,66180.5,0.5
99,9,147,11,70147.0,17258.0,70147.0,57784.7,241243582.81000003,52061.0,62986.5,68541.0,0.3
99,14,210,16,70147.0,17258.0,62685.0,52456.1,157014112.09,50951.5,57324.5,58135.0,0.6
100,9,141,11,60891.0,37107.0,60891.0,45165.5,49436846.85,39720.5,43558.0,48871.0,0.5
100,14,209,16,60891.0,37107.0,44753.0,41631.4,6370358.840000001,39720.5,42542.5,43562.5,0.7
102,9,131,11,77195.0,53716.0,77195.0,64785.2,38798665.56,62163.75,63528.0,66456.5,0.1
102,14,201,16,77195.0,53716.0,63526.0,59187.1,11600452.290000001,56589.25,59077.5,62443.25,0.5
103,9,143,11,85132.0,47322.0,85132.0,57175.7,125193561.80999999,49585.5,52351.5,58718.0,0.6
104,9,140,11,68489.0,17722.0,68489.0,52094.5,177297492.85,49927.5,56191.5,58575.5,0.8
105,9,136,11,70377.0,8081.0,70377.0,50444.7,289542039.61,45123.0,51385.5,59811.25,0.6
106,9,142,11,106985.0,66175.0,106985.0,80156.8,109984717.56000002,75742.25,79838.0,81466.0,0.3
107,9,125,11,58151.0,42053.0,58151.0,54286.2,20313714.36,53603.5,55195.0,57271.25,0.4
110,9,120,11,97809.0,71553.0,98093.0,88508.9,91920069.49,84034.5,90205.0,97555.0,0.2
110,14,186,16,97809.0,46767.0,90146.0,76334.7,128452297.80999999,73380.75,78184.5,82090.0,0.5
110,19,236,21,97809.0,7113.0,77799.0,63673.4,430163741.24000007,65522.25,71967.5,75956.0,1.0
111,9,102,11,64405.0,38187.0,64405.0,45791.0,50292915.4,42390.0,44169.5,45987.25,0.8
112,9,134,11,107948.0,53189.0,107948.0,75112.6,372864223.04,60462.75,64118.0,88390.25,0.5
112,14,195,16,107948.0,50421.0,64969.0,59680.2,19162340.159999996,59320.0,60476.5,62575.75,0.8
113,9,147,11,97643.0,68442.0,97643.0,75944.7,58254130.80999999,71813.75,74611.5,76239.75,0.3
114,9,147,11,71772.0,51431.0,71772.0,61909.0,43144306.8,56111.75,61569.5,68067.25,0.4
114,14,218,16,71772.0,51431.0,58933.0,56590.6,5485546.640000001,55394.5,57028.5,58632.5,0.8
115,9,127,11,71412.0,50267.0,71412.0,59667.0,34234418.6,55498.0,59717.0,63501.25,0.6
116,9,137,11,35461.0,24037.0,35461.0,31158.6,18734772.64,27983.75,33089.0,34871.5,0.5
116,14,190,16,35461.0,24037.0,34427.0,30401.3,13668617.01,27983.75,32639.5,32919.0,0.8
117,9,141,11,42366.0,28422.0,42366.0,36585.8,24992005.360000003,31561.25,39442.5,40680.0,0.4
117,14,202,16,42366.0,28422.0,39013.0,34669.0,13754229.0,31561.25,34816.5,38555.5,0.8
118,9,136,11,86918.0,65355.0,86918.0,76608.1,31636849.290000003,74121.75,78318.5,78650.75,0.1
119,9,105,11,48643.0,40898.0,48643.0,43747.9,7008231.890000001,42064.25,42901.5,44363.5,0.4
119,14,160,16,48643.0,37777.0,43267.0,41550.8,3040917.96,41005.75,42165.5,42923.75,0.6
120,9,126,11,90039.0,43155.0,90039.0,59154.2,185372798.35999998,51272.5,52221.0,63309.0,0.1
120,14,197,16,90039.0,41352.0,53147.0,47937.3,15249862.41,44605.0,49194.0,51285.5,0.5
121,9,141,11,79122.0,57263.0,79122.0,66461.3,34422731.809999995,63990.75,66587.0,69233.0,0.4
121,14,206,16,79122.0,51058.0,67457.0,61348.0,22435208.6,58704.75,62192.0,65088.0,0.7
122,9,144,11,85652.0,54078.0,85652.0,65532.3,96883659.60999998,58931.75,64400.0,65593.75,0.4
123,9,147,11,84781.0,70842.0,84781.0,77095.3,18592821.01,73721.0,76021.5,80838.25,0.0
123,14,213,16,84781.0,5876.0,75836.0,55665.7,533881920.01000005,50873.5,64874.5,73073.5,0.5
123,19,276,21,84781.0,5876.0,64699.0,50023.6,363849385.44,50873.5,59231.5,62485.0,0.9
124,9,127,11,64745.0,50465.0,64745.0,58563.3,21204187.21,55149.0,60564.0,61998.0,0.3
125,9,132,11,97617.0,56531.0,97617.0,77559.6,99272261.43999998,74472.5,77639.5,80973.25,0.2
125,14,193,16,97617.0,56531.0,77832.0,71877.8,36268701.16,71631.75,73887.5,74485.5,0.3
126,9,140,11,82064.0,67341.0,82064.0,72123.8,18330322.56,68327.25,71796.0,73678.5,0.0
126,14,206,16,82064.0,27425.0,71606.0,64176.4,159201909.64,67379.5,67758.0,70323.0,0.2
126,19,274,21,82064.0,27425.0,68582.0,59891.5,142812280.85,56284.25,64986.5,67670.5,0.5
127,9,141,11,48858.0,38564.0,49070.0,46684.7,9773532.209999999,46826.25,48024.0,48708.0,0.2
128,9,134,11,59410.0,31550.0,59410.0,43424.2,74046218.76000002,37122.25,40224.5,50987.0,0.6
129,9,131,11,53851.0,36171.0,55784.0,51133.3,38729905.21,50457.25,54042.5,55072.75,0.3
129,14,196,16,53851.0,36171.0,53851.0,46044.3,29754926.610000003,43175.0,44462.5,50296.5,0.7
130,9,141,11,95272.0,69889.0,95272.0,80065.6,46263100.04,77505.75,79150.5,83179.75,0.5
130,14,203,16,95272.0,69889.0,81605.0,76972.4,14595880.64,74401.75,78119.5,79752.0,0.6
131,9,141,11,73645.0,60325.0,77183.0,70785.0,32515989.6,67245.0,73183.0,74503.0,0.3
132,9,141,11,64192.0,57021.0,66176.0,64130.1,6280967.89,64192.0,64597.0,65570.25,0.1
133,9,146,11,70064.0,48815.0,70064.0,64084.4,64723252.64000001,57765.75,69211.5,69971.5,0.3
133,14,217,16,70064.0,48815.0,68940.0,56485.6,35673596.239999995,52921.0,55203.0,56407.5,0.5
134,9,143,11,46046.0,31920.0,46046.0,35663.3,14229619.210000003,33586.0,34655.0,36315.5,0.5
135,9,129,11,53260.0,39898.0,53260.0,46677.8,20403553.56,43307.25,46025.5,50879.75,0.5
136,9,128,11,56077.0,37384.0,56077.0,44249.5,30296002.25,41206.25,42693.5,46909.25,0.6
136,14,186,16,56077.0,37384.0,43229.0,40988.4,2963247.04,40587.0,41224.5,42220.25,0.9
137,9,136,11,82302.0,41015.0,82302.0,58272.2,126764975.56000002,54917.25,56820.0,60474.25,0.2
137,14,192,16,82302.0,27676.0,56616.0,48302.1,71685676.49,44803.5,51547.0,54437.0,0.7
140,9,138,11,56858.0,35220.0,60110.0,53559.6,46928149.64,51890.25,54864.0,57911.75,0.6
141,9,127,11,61590.0,34346.0,63098.0,54796.9,83142517.89,49244.75,58315.5,61590.0,0.9
143,9,133,11,36966.0,23639.0,36966.0,28579.6,15537566.84,25948.25,27443.5,30334.75,0.7
144,9,141,11,30367.0,27383.0,32448.0,30443.4,2026598.2399999998,29865.25,30545.0,31359.75,0.7
145,9,131,11,51820.0,27846.0,51820.0,34845.6,40265224.24,31651.75,33722.5,35211.75,0.6
146,9,136,11,31339.0,29071.0,40141.0,33516.3,13624460.809999999,30796.75,31776.5,36162.25,0.8
147,9,117,11,55771.0,21778.0,55771.0,32784.2,72892076.55999999,29972.5,31550.0,32895.5,0.8
148,9,143,11,97433.0,65588.0,97433.0,83789.3,119680269.01000002,76361.0,82423.5,95277.5,0.5
149,9,139,11,138391.0,96003.0,138391.0,117577.4,153716479.04000002,112411.75,117091.0,123856.75,0.1
149,14,193,16,138391.0,92925.0,117048.0,106574.6,57259905.639999986,102929.25,107898.0,112583.25,0.2
149,19,260,21,138391.0,92925.0,106916.0,101198.4,15826924.440000001,99781.75,101931.0,103932.0,0.2
150,9,141,11,92067.0,50116.0,92067.0,75373.9,116212066.69000001,71525.0,77934.0,81475.5,0.1
150,14,209,16,92067.0,50116.0,75164.0,66514.6,42182845.440000005,64612.25,67652.5,70793.5,0.4
152,9,129,11,83505.0,69765.0,83505.0,73625.0,14962993.6,70929.75,72403.0,74675.25,0.5
153,9,147,11,105666.0,81588.0,105666.0,89469.9,72737300.49,84505.0,85156.5,90803.0,0.0
153,14,221,16,105666.0,51022.0,85126.0,76970.7,105123204.00999999,72223.0,82063.0,84535.0,0.4
154,9,140,11,93980.0,42657.0,93980.0,61660.4,271336496.84000003,51318.25,55001.5,65080.75,0.4
154,14,208,16,93980.0,39724.0,56833.0,49934.1,28693822.090000004,47424.5,50170.0,54363.25,0.7
155,9,131,11,107524.0,73648.0,107524.0,84501.2,126560857.75999999,76448.75,78709.5,91925.25,0.0
155,14,200,16,107524.0,67680.0,78979.0,74235.0,13752326.0,71402.5,75154.0,77224.25,0.0
155,19,264,21,107524.0,63459.0,74005.0,70556.2,9273983.360000001,69526.75,71003.0,73061.25,0.0
156,9,107,11,65494.0,59076.0,69268.0,65397.6,8163922.039999999,65124.0,65475.5,67043.5,0.2
157,9,144,11,95258.0,74376.0,95258.0,87003.8,61029557.56,79769.75,88521.5,94781.25,0.3
158,9,124,11,70589.0,63100.0,77599.0,72511.1,18272145.69,70520.0,72327.0,75944.0,0.1
158,14,194,16,70589.0,63100.0,74134.0,69490.7,10531920.010000002,67874.0,70047.0,70589.0,0.3
159,9,140,11,75888.0,63771.0,79617.0,73406.2,24360554.36,71362.0,74865.5,75978.0,0.2
160,9,125,11,62190.0,24919.0,62190.0,48784.0,128883418.8,42174.25,52825.0,56702.5,0.8
161,9,126,11,70741.0,59392.0,72789.0,64432.6,23326015.440000005,60488.75,62825.5,69059.5,0.1
162,9,131,11,90945.0,41495.0,90945.0,63933.8,237328434.35999998,56464.25,62154.0,70596.25,0.5
162,14,194,16,90945.0,41495.0,61997.0,55468.0,41607270.4,56259.25,57461.5,58753.5,1.0
164,9,137,11,52919.0,35073.0,52919.0,43392.7,42027000.809999995,37278.75,44493.5,47151.0,0.8
165,9,128,11,64027.0,39859.0,64027.0,50449.7,56836230.010000005,45363.75,49331.5,51501.5,0.6
168,9,138,11,74316.0,70983.0,78870.0,75329.7,5196063.01,74316.0,75125.5,76767.75,0.0
168,14,207,16,74316.0,57103.0,75072.0,68444.6,38734928.44,65323.25,70299.0,74069.5,0.5
169,9,139,11,91402.0,58395.0,91402.0,72646.2,144659668.56,61866.75,67684.5,84406.5,0.4
169,14,203,16,91402.0,58289.0,68979.0,64302.4,17380015.04,60449.0,65672.5,68177.0,0.5
170,9,135,11,100034.0,65347.0,105540.0,87273.2,125573542.96,82407.75,83149.5,97266.0,0.1
170,14,203,16,100034.0,65347.0,84765.0,79531.7,30728518.610000003,77512.0,82018.5,82697.25,0.4
171,9,139,11,75915.0,71165.0,79372.0,74835.6,5846609.4399999995,72638.0,75540.0,75915.0,0.0
171,14,213,16,75915.0,56681.0,75390.0,66415.0,47749727.4,59214.25,68247.0,72113.5,0.4
171,19,280,21,75915.0,56681.0,65329.0,61214.6,6871391.4399999995,59214.25,61044.5,63151.0,0.8
172,9,136,11,100110.0,40097.0,100110.0,64872.0,340627632.2,51217.25,60867.0,69689.0,0.5
172,14,203,16,100110.0,40097.0,63274.0,54744.6,40856619.839999996,51217.25,56183.0,59612.75,0.8
174,9,137,11,48786.0,40998.0,49133.0,45759.8,6171542.36,44268.5,45684.5,48166.75,0.2
175,9,144,11,54874.0,25290.0,54874.0,42037.2,46020293.56,41284.0,42703.5,43144.0,0.8
176,9,132,11,76127.0,64129.0,78292.0,72617.9,26082903.890000004,68361.0,75486.5,76241.0,0.2
176,14,196,16,76127.0,64129.0,74846.0,68732.9,9966547.09,66287.75,68895.0,70506.5,0.3
177,9,145,11,61443.0,49507.0,61443.0,55813.5,13748225.45,52540.0,56720.0,57904.75,0.3
178,9,135,11,87815.0,9754.0,87815.0,64882.3,572576268.21,66149.25,73636.0,80040.25,0.5
179,9,131,11,87949.0,8070.0,93204.0,60400.9,591799012.0899999,55668.0,58138.5,81311.0,0.7
180,9,140,11,53398.0,4996.0,53398.0,37775.9,205002647.89000002,34991.0,42575.0,44277.25,0.5
181,9,135,11,56887.0,5479.0,56887.0,34490.7,170771361.20999998,35836.25,37310.5,39468.75,0.7
182,9,135,11,70046.0,38689.0,73141.0,62708.9,145166294.69,55483.75,70046.0,71291.0,0.3
182,14,204,16,70046.0,38689.0,70046.0,53679.5,77911660.65,48268.5,52308.5,60090.75,0.7
183,9,139,11,47028.0,43818.0,50503.0,47233.0,4520554.2,45911.5,47028.0,48628.75,0.7
184,9,138,11,121960.0,69413.0,121960.0,97139.3,199825567.81,89443.5,95617.0,101977.5,0.1
184,14,192,16,121960.0,69413.0,94524.0,88252.8,46309870.35999999,87635.75,90210.0,91806.75,0.1
184,19,262,21,121960.0,69413.0,91708.0,84563.8,40271462.760000005,81736.0,86557.5,88573.25,0.3
185,9,125,11,79517.0,65231.0,79517.0,73234.1,27977471.490000002,67599.75,76448.5,77280.75,0.4
186,9,132,11,88376.0,47213.0,88376.0,65065.6,128124358.24000001,59861.5,63247.5,65507.75,0.8
187,9,124,11,72336.0,66879.0,79430.0,74141.4,18830823.839999996,72336.0,74424.0,78148.75,0.3
188,9,146,11,87499.0,67103.0,87499.0,75994.3,32857147.21,72994.25,77145.5,78889.5,0.2
188,14,208,16,87499.0,64448.0,76429.0,72013.7,16736173.209999999,68348.0,73489.5,75477.5,0.4
189,9,119,11,69200.0,47261.0,69200.0,57381.6,34658521.24,54024.5,56153.5,61216.5,0.9
190,9,112,11,67878.0,50500.0,67878.0,59893.6,24633603.44,57204.75,59389.0,62420.25,0.6
191,9,145,11,82457.0,61353.0,82457.0,72601.4,34530985.84,69439.75,72895.0,75979.25,0.1
191,14,213,16,82457.0,59424.0,72367.0,66061.0,22602635.6,61714.0,65673.5,70977.25,0.4
192,9,142,11,109040.0,71364.0,109040.0,86458.9,105275745.48999998,79760.0,84492.5,90199.0,0.2
192,14,213,16,109040.0,71364.0,85045.0,79992.8,12065451.959999999,79276.0,79843.0,81431.5,0.4
193,9,142,11,90289.0,76690.0,93471.0,87337.8,26330187.560000002,83467.5,89392.5,90922.75,0.3
194,9,133,11,58225.0,36899.0,58225.0,45563.2,49040967.160000004,40325.5,44593.0,46812.25,0.5
195,9,124,11,46147.0,28026.0,46147.0,38622.7,19980052.009999998,38698.0,39303.5,40389.75,0.5
196,9,146,11,87823.0,59825.0,87823.0,66361.9,57969306.489999995,62563.75,64521.5,66110.25,0.5
197,9,141,11,71125.0,60988.0,71125.0,65836.5,14877701.65,62145.0,66297.0,68719.25,0.0
197,14,205,16,71125.0,57765.0,64695.0,61917.8,3690716.56,61029.5,62159.0,63317.75,0.2
198,9,127,11,61004.0,44172.0,61207.0,57521.9,24160508.49,57057.25,59077.0,60928.75,0.5
199,9,140,11,117770.0,62112.0,117770.0,79295.5,374923977.25,66161.0,70413.5,89461.0,0.7
200,9,140,11,81599.0,58767.0,81599.0,70367.0,50554927.2,67188.75,70002.5,72832.5,0.5
201,9,135,11,149210.0,119964.0,149210.0,135789.6,76814788.24,135333.0,136620.0,138620.75,0.0
201,14,181,16,149210.0,93245.0,136074.0,119413.8,206024824.35999998,111254.25,120979.0,132640.0,0.0
201,19,243,21,149210.0,63295.0,120737.0,91676.9,382718342.69000006,73664.5,90537.0,105955.5,0.0
201,24,292,26,149210.0,46732.0,87829.0,64867.3,190888691.21,52982.75,66194.0,70519.75,0.4
201,29,347,31,149210.0,46732.0,63295.0,55118.4,24363774.84,52813.0,55122.5,57550.0,0.9
202,9,136,11,65246.0,50739.0,65246.0,55935.9,12927599.69,54417.25,55070.5,56674.25,0.7
203,9,141,11,67313.0,42141.0,67313.0,56476.9,73915789.89,51478.25,57198.0,63606.0,0.4
203,14,198,16,67313.0,42141.0,52587.0,49912.7,11031047.209999999,49992.0,51483.5,51833.0,0.7
204,9,143,11,95877.0,43624.0,95877.0,64507.5,269268267.25,53566.5,58179.0,74291.75,0.2
204,14,213,16,95877.0,43624.0,55876.0,51119.1,13314344.09,50076.25,51759.0,53722.5,0.5
205,9,141,11,67380.0,41650.0,67380.0,56401.7,37381418.81,55852.75,56886.5,58659.0,0.3
205,14,193,16,67380.0,41650.0,56925.0,54594.7,20087879.61,55766.0,56470.0,56669.0,0.4
206,9,132,11,63406.0,23518.0,63406.0,47949.3,99352704.61,44316.0,50400.5,52041.25,0.7
207,9,132,11,58395.0,56003.0,67501.0,62651.2,17281215.56,58395.0,64246.0,66257.0,0.3
208,9,147,11,79149.0,59283.0,79149.0,66321.8,25750972.959999997,64303.5,65574.5,66404.25,0.1
209,9,132,11,47015.0,19521.0,47015.0,30701.7,50776524.61,27483.5,29181.0,33249.0,0.6
210,9,134,11,103486.0,75446.0,103486.0,89900.6,92447549.64000002,84307.25,86176.5,99250.25,0.1
210,14,188,16,103486.0,54741.0,84818.0,76842.2,80319009.55999999,75362.0,78513.5,84094.25,0.4
211,9,128,11,88911.0,77615.0,88911.0,84093.0,7610972.0,83915.75,84310.5,84693.25,0.1
213,9,124,11,24825.0,16252.0,28765.0,25307.4,10881212.040000001,24825.0,25938.0,27320.25,0.9
214,9,122,11,99979.0,77986.0,99979.0,90009.2,33909258.95999999,86219.25,90820.5,93071.5,0.5
215,9,86,11,36840.0,27491.0,36840.0,32855.5,9623080.25,30953.5,33539.5,35076.0,0.6
215,14,147,16,36840.0,27491.0,34563.0,31834.7,5985457.609999999,30446.25,32735.0,33581.25,0.8
218,9,145,11,84279.0,68684.0,84279.0,74173.5,20535475.25,70628.75,73347.5,77036.0,0.0
218,14,212,16,84279.0,61006.0,73307.0,69289.7,10128466.409999998,68834.25,69962.0,70763.5,0.1
219,9,148,11,57457.0,35440.0,57457.0,47580.6,50392200.44,41577.5,49222.0,50050.25,0.3
219,14,212,16,57457.0,35440.0,49020.0,44961.6,23318546.24,40860.5,47127.0,48849.75,0.3
219,19,275,21,57457.0,35440.0,47985.0,42758.5,15339757.85,39379.25,43891.5,45958.5,0.7
220,9,132,11,51509.0,33081.0,51589.0,47473.9,30168357.290000003,46117.5,49514.0,51476.75,0.5
221,9,137,11,43302.0,38642.0,47186.0,43645.1,5211125.6899999995,43121.25,43563.0,44120.0,0.4
221,14,192,16,43302.0,38642.0,44039.0,42741.8,2309096.36,42329.75,43233.5,43693.5,0.6
222,9,131,11,62697.0,40795.0,62697.0,52617.7,34094267.010000005,49354.25,52407.5,56917.5,0.1
222,14,199,16,62697.0,40795.0,54058.0,48720.0,16984346.2,47217.25,49563.5,51522.75,0.3
223,9,149,11,107751.0,53731.0,107751.0,77368.1,245133529.89000002,67268.0,74112.5,82799.5,0.4
223,14,207,16,107751.0,53731.0,74007.0,66888.0,26423360.2,66324.0,67440.5,69435.25,0.8
224,9,129,11,33935.0,33935.0,71347.0,54309.4,129627022.04,53693.0,55963.5,60462.75,0.6
226,9,143,11,72400.0,33293.0,72400.0,55739.3,136924236.60999998,47956.75,54960.0,63523.5,0.4
227,9,138,11,79179.0,57821.0,79179.0,70104.8,40898398.96,65817.75,70105.0,74010.0,0.0
227,14,203,16,79179.0,50776.0,67266.0,61520.8,26727888.560000002,58067.5,62738.5,65688.5,0.1
227,19,272,21,79179.0,43035.0,60488.0,53910.3,29379806.410000004,49456.75,56785.5,57684.75,0.4
228,9,126,11,48660.0,3578.0,48660.0,37849.0,139024435.2,39408.25,41511.0,42005.75,0.7
229,9,132,11,37894.0,4075.0,40651.0,34939.1,108885395.89000002,37841.5,38064.0,39570.25,0.9
230,9,135,11,104637.0,55619.0,104637.0,77986.1,221099334.08999997,72490.25,75290.5,86875.25,0.2
230,14,197,16,104637.0,55619.0,74770.0,65806.8,38726038.160000004,61943.75,66168.5,71218.0,0.4
230,19,269,21,104637.0,55619.0,70508.0,64116.9,21675554.889999997,61943.75,64827.5,67671.75,0.5
231,9,131,11,75647.0,20791.0,77435.0,56065.1,312428956.69000006,55170.0,55627.5,71444.75,0.7
233,9,131,11,38159.0,22295.0,38159.0,30758.3,24397106.81,27826.25,30733.0,33124.75,0.5
234,9,137,11,65839.0,43074.0,65839.0,51323.3,36285737.01,47142.25,52049.0,53121.25,0.4
234,14,195,16,65839.0,43074.0,51856.0,48952.0,8414657.8,47142.25,50208.5,51374.5,0.8
235,9,134,11,57202.0,37088.0,57202.0,50002.5,39049944.45,47683.5,51281.0,54305.75,0.5
236,9,138,11,59606.0,57110.0,71096.0,63061.9,18087103.49,59772.5,62405.5,64221.0,0.0
236,14,204,16,59606.0,44331.0,61624.0,55843.7,34897093.81,55799.0,57921.5,59606.0,0.3
236,19,267,21,59606.0,44331.0,57768.0,53690.1,23279535.09,53064.5,55656.5,56928.0,0.7
237,9,133,11,52848.0,44285.0,52848.0,48631.6,5271140.84,47303.5,48823.5,49963.5,0.8
238,9,128,11,55603.0,41315.0,55603.0,48240.7,14457930.61,45960.0,47935.0,49454.0,0.7
239,9,140,11,57755.0,41083.0,59037.0,53732.5,39680295.85,53883.5,56519.0,57722.75,0.2
239,14,205,16,57755.0,41083.0,56404.0,49870.8,26593351.759999998,46267.25,51683.0,52946.25,0.7
240,9,141,11,69262.0,5074.0,69262.0,50019.4,341392864.44000006,53649.25,56919.0,59317.0,0.9
241,9,136,11,78830.0,65400.0,78830.0,74309.4,17772624.44,72893.25,74953.0,77948.25,0.5
242,9,131,11,53486.0,28120.0,53486.0,36444.4,43253629.04,34266.75,36057.0,37336.25,0.8
243,9,141,11,102106.0,64271.0,102106.0,83035.9,122654340.68999998,74008.75,84094.0,88622.75,0.1
243,14,209,16,102106.0,48736.0,83944.0,69172.2,89151241.96,66342.75,68521.5,70610.25,0.3
243,19,262,21,102106.0,48736.0,67286.0,62959.0,27850644.6,61755.5,64868.5,66231.25,0.8
244,9,135,11,80252.0,59069.0,80252.0,68239.0,41013067.2,64138.5,67051.5,69210.75,0.3
244,14,199,16,80252.0,59069.0,67015.0,64456.3,6903861.209999999,62586.75,65262.0,66768.0,0.5
245,9,134,11,83153.0,42373.0,83153.0,55805.9,183744389.89000002,49152.0,50563.0,56954.75,0.2
245,14,202,16,83153.0,42373.0,50286.0,47680.0,8035171.8,47068.25,48865.0,49803.0,0.2
246,9,144,11,86937.0,52716.0,86937.0,61431.6,91004703.24,56561.25,58302.0,59747.0,0.4
246,14,210,16,86937.0,40660.0,58121.0,54628.8,23831009.36,55378.25,55987.5,57287.0,0.9
247,9,142,11,69602.0,46255.0,69602.0,54181.7,37674998.21,50076.5,53709.5,56047.5,0.7
249,9,132,11,62580.0,44224.0,62580.0,53493.8,46983053.96,47451.0,51871.5,60024.5,0.5
249,14,190,16,62580.0,44224.0,53346.0,49217.7,10149674.61,46692.5,49453.5,52177.75,0.7
251,9,125,11,70055.0,42905.0,70055.0,53890.2,68373926.96,46151.25,53072.5,59758.25,0.3
251,14,192,16,70055.0,42905.0,52754.0,47508.1,14247623.09,44236.0,46777.0,51450.5,0.6
251,19,255,21,70055.0,40179.0,48198.0,44005.4,6613537.24,42930.0,43673.0,45085.0,1.0
252,9,143,11,58626.0,42123.0,59644.0,52291.5,39449012.85,46185.75,53206.0,58526.25,0.3
252,14,199,16,58626.0,42123.0,54322.0,50048.5,18247100.85,46185.75,52113.5,53209.0,0.3
253,9,134,11,123879.0,68657.0,123879.0,88282.4,302270936.24,75197.75,82801.0,100967.0,0.3
253,14,199,16,123879.0,60291.0,78220.0,71728.5,24619525.85,69073.0,72280.5,74843.5,0.7
254,9,137,11,106069.0,60535.0,106069.0,73289.4,142914151.23999998,69637.0,72391.0,73033.0,0.2
255,9,143,11,95126.0,69187.0,95126.0,82520.0,104159344.8,71945.25,83418.5,93029.5,0.4
255,14,207,16,95126.0,66959.0,81774.0,75306.5,30161625.25,69849.75,75918.0,80703.75,0.5
256,9,152,11,52382.0,39206.0,54426.0,49593.0,16118873.8,48486.0,50581.5,52232.0,0.6
257,9,135,11,71083.0,34261.0,71083.0,49683.8,93355271.16000001,45179.5,47741.0,55138.75,0.6
258,9,144,11,54016.0,51618.0,58697.0,56055.6,6646248.640000001,54016.0,56830.0,58472.75,0.4
259,9,130,11,55897.0,18951.0,56040.0,45463.1,176909680.49,37983.25,52921.5,55794.75,0.5
260,9,142,11,63262.0,53900.0,63262.0,57365.5,8479417.65,54928.0,56801.5,59405.0,0.1
260,14,213,16,63262.0,45467.0,56220.0,53412.5,8268507.45,53704.25,54246.5,54800.75,0.4
261,9,128,11,76256.0,49675.0,76256.0,57505.1,44015852.089999996,54980.25,55715.5,57689.5,0.5
262,9,144,11,87415.0,71543.0,89864.0,82310.7,26569928.21,79526.25,81426.0,86971.0,0.3
263,9,130,11,52213.0,44060.0,66243.0,58234.5,51009622.85,52776.5,58881.0,64919.75,0.3
263,14,192,16,52213.0,44060.0,56288.0,51468.8,15656696.36,50021.25,52213.0,54149.5,0.7
264,9,143,11,52534.0,50107.0,59780.0,55695.9,10384773.49,52669.0,56683.0,58363.5,0.7
265,9,133,11,60571.0,27188.0,60571.0,42356.9,57850256.89,40529.5,42139.5,42527.25,0.8
266,9,131,11,48580.0,22743.0,48580.0,39555.6,50696475.440000005,39437.25,40332.5,41978.75,0.5
267,9,130,11,41767.0,13285.0,43265.0,38817.5,74145781.25,40661.25,41767.0,42492.75,0.4
268,9,134,11,74558.0,69558.0,84046.0,76507.1,24774033.69,72997.0,74558.0,81752.75,0.5
269,9,144,11,100856.0,81223.0,100856.0,91052.3,26454583.610000003,89445.75,92215.0,92907.75,0.2
269,14,207,16,100856.0,81223.0,92048.0,86475.5,13029647.05,83241.5,86967.0,88763.0,0.5
270,9,134,11,78066.0,52738.0,78066.0,65104.4,43392515.64,61954.0,63029.5,69776.75,0.1
270,14,203,16,78066.0,52738.0,63691.0,60219.2,11345554.959999999,58336.75,61705.0,62712.25,0.4
271,9,133,11,81680.0,45913.0,81680.0,63055.1,103949873.09,57036.75,66711.0,67371.25,0.3
271,14,192,16,81680.0,45913.0,66445.0,58822.6,47563489.239999995,55530.75,60556.0,64664.25,0.7
272,9,147,11,99383.0,79284.0,99383.0,85285.7,31365964.21,81250.25,84421.0,86622.75,0.0
273,9,138,11,59926.0,50156.0,62153.0,57605.7,15952280.809999999,55142.0,58817.5,60967.75,0.4
273,14,206,16,59926.0,48611.0,58348.0,53566.3,11470565.809999999,50654.25,54167.0,55877.0,0.8
274,9,131,11,61283.0,38882.0,61283.0,50730.3,59118006.00999999,44467.0,52804.0,55225.75,0.6
275,9,137,11,59790.0,50219.0,64916.0,59949.7,18388710.009999998,59790.0,60658.5,62523.5,0.4
276,9,133,11,53202.0,29353.0,59238.0,47601.7,113790005.41,37145.0,53202.0,56309.75,0.5
277,9,128,11,51538.0,30098.0,54503.0,48027.0,56376463.0,47688.25,51538.0,52716.25,0.9
278,9,140,11,55429.0,50876.0,63193.0,57612.5,18701650.85,55036.0,57700.0,61096.75,0.4
279,9,132,11,76643.0,57620.0,76643.0,65420.1,25515019.890000004,61730.75,64975.0,68067.75,0.7
280,9,139,11,77590.0,60095.0,85170.0,74856.1,34316662.69,74182.0,75184.0,77145.5,0.1
280,14,204,16,77590.0,59397.0,76004.0,71069.7,37916486.809999995,68686.25,74223.0,75317.0,0.3
281,9,141,11,57952.0,49712.0,57952.0,53870.7,6144712.61,52365.25,53433.5,55846.0,0.2
282,9,148,11,74803.0,41264.0,74803.0,57076.1,93849831.29,49714.0,58549.0,62386.5,0.4
282,14,216,16,74803.0,41264.0,57385.0,51609.8,20276516.160000004,49714.0,53519.0,54319.0,0.6
283,9,128,11,98929.0,52177.0,98929.0,72482.8,163076958.95999998,71028.5,71711.5,72342.25,0.2
284,9,123,11,62003.0,15606.0,62003.0,41314.8,126404319.56000002,38463.25,40831.5,42879.25,0.8
285,9,133,11,60372.0,41131.0,60372.0,51935.6,40386274.44,46846.75,53604.5,56219.75,0.8
286,9,140,11,86916.0,48489.0,86916.0,58946.0,105590322.4,54569.25,55860.0,56742.75,0.5
287,9,147,11,66587.0,46505.0,66587.0,53277.1,38892060.69000001,48687.75,51413.5,57573.25,0.0
287,14,216,16,66587.0,36293.0,51134.0,47248.7,14566425.01,47831.5,48307.0,48708.5,0.1
287,19,278,21,66587.0,36293.0,47996.0,43527.3,14401014.209999999,40912.25,43259.5,47499.5,0.5
288,9,131,11,47254.0,42103.0,47254.0,44822.7,3716836.6100000003,42952.75,44972.0,46618.25,0.1
288,14,197,16,47254.0,38108.0,45016.0,42157.1,5139022.290000001,40638.25,42623.5,43665.25,0.4
289,9,146,11,86525.0,44212.0,86525.0,53058.9,140214428.08999997,45564.25,49987.0,54615.5,0.6
290,9,136,11,91508.0,51098.0,91508.0,61171.5,110819027.65,58413.25,59197.0,59325.5,0.4
291,9,138,11,67479.0,44095.0,71007.0,60138.8,85096785.75999999,51962.5,62362.0,67479.0,0.6
292,9,144,11,70961.0,43069.0,81219.0,68524.9,121975776.88999999,63980.0,70116.0,78109.25,0.4
293,9,131,11,81891.0,27091.0,81891.0,65804.3,295120844.81000006,69100.25,73163.0,75232.0,0.5
294,9,139,11,92825.0,15430.0,92825.0,64561.1,529572373.89,58846.75,63614.5,84076.5,0.6
295,9,122,11,92163.0,70012.0,92163.0,83465.1,57653150.089999996,78526.5,87527.5,88905.5,0.2
295,14,188,16,92163.0,70012.0,86731.0,77136.4,19719833.24,74377.75,77467.5,78637.5,0.3
295,19,249,21,92163.0,67218.0,78384.0,72244.4,13811503.440000001,68959.0,71791.0,75741.25,0.7
296,9,137,11,111442.0,63010.0,111442.0,83345.1,167134081.08999997,77085.25,82717.5,83510.5,0.3
297,9,139,11,98695.0,68493.0,98695.0,84323.0,101523957.2,79511.75,83095.5,91251.25,0.3
297,14,202,16,98695.0,68493.0,83735.0,78151.8,29796432.959999997,74281.0,80941.5,82183.25,0.5
298,9,139,11,93784.0,43649.0,93784.0,58959.0,318209405.2,46259.75,48001.5,66229.25,0.6
299,9,141,11,51253.0,35182.0,51253.0,44993.5,20644764.05,43200.25,44790.5,47680.5,0.8
300,9,139,11,101815.0,67408.0,101815.0,82812.8,150776809.95999998,70228.25,83935.0,91609.0,0.3
300,14,205,16,101815.0,67408.0,79404.0,71724.8,9433461.76,70217.0,71224.0,71656.25,0.3
301,9,136,11,74502.0,53444.0,74502.0,62994.6,29164826.439999998,61539.5,63174.5,65388.0,0.5
302,9,132,11,67670.0,47086.0,67670.0,53782.4,26836622.839999996,51804.75,53287.0,54435.75,0.3
303,9,142,11,83999.0,71906.0,89260.0,82342.9,22786341.29,82694.75,83678.5,84368.0,0.1
303,14,213,16,83999.0,71906.0,83358.0,79103.5,12587818.05,77007.5,79496.5,82442.25,0.1
304,9,142,11,84850.0,78104.0,94649.0,85506.1,27285473.089999996,80579.5,86354.0,88608.25,0.0
304,14,214,16,84850.0,71642.0,84850.0,78916.1,16121927.49,78213.5,79090.0,80192.0,0.2
305,9,132,11,69532.0,43212.0,69532.0,53985.9,47246507.489999995,52127.5,55006.0,55731.25,0.2
305,14,193,16,69532.0,33027.0,54843.0,45760.0,41215159.6,43499.0,45945.5,50982.25,0.7
306,9,144,11,55278.0,43536.0,55278.0,50740.2,13410615.36,48736.75,50696.0,53888.5,0.3
307,9,123,11,46906.0,34896.0,47585.0,42829.0,20322911.4,39610.25,44109.5,46906.0,0.6
308,9,137,11,59774.0,46873.0,59774.0,50431.2,16988224.36,48003.25,48242.5,50542.75,0.0
309,9,133,11,66704.0,37130.0,66704.0,46125.8,64769441.35999999,41778.25,43649.0,49237.75,0.5
310,9,136,11,94031.0,65656.0,94031.0,78653.8,91343508.56,72998.75,75833.5,85420.25,0.6
311,9,135,11,80857.0,73459.0,82382.0,78210.4,9007040.040000001,75791.0,79102.0,80664.75,0.0
312,9,139,11,82609.0,64355.0,92562.0,82861.1,76396519.09,78177.0,82609.0,90976.25,0.2
312,14,203,16,82609.0,64355.0,82609.0,76090.3,36030365.809999995,71928.25,76097.0,82130.25,0.5
314,9,145,11,121326.0,97636.0,121326.0,109433.5,75012538.45,102206.0,108995.5,117846.25,0.0
314,14,218,16,121326.0,90660.0,104497.0,98501.1,19467138.29,96908.5,98515.5,101759.75,0.0
314,19,290,21,121326.0,82583.0,98531.0,93394.1,22926966.690000005,90894.5,94338.5,97393.5,0.0
314,24,354,26,121326.0,49793.0,94005.0,73268.9,282775543.48999995,58825.5,72365.5,90267.5,0.5
314,29,405,31,121326.0,49793.0,69320.0,60025.8,41345414.56,55826.0,59099.0,65650.5,0.9
315,9,136,11,70863.0,56086.0,75588.0,67902.0,46456929.6,62279.75,70863.0,72765.5,0.5
316,9,136,11,78904.0,77418.0,85284.0,80295.2,6394132.5600000005,78904.0,79307.5,81316.5,0.6
317,9,114,11,43330.0,10791.0,43330.0,33544.1,81385768.49,29719.75,36762.0,39155.75,0.7
318,9,142,11,79373.0,47174.0,79373.0,59889.1,84772873.69000001,54341.0,58726.5,60736.75,0.6
319,9,107,11,87059.0,74618.0,91820.0,87374.8,23314359.96,87059.0,89138.0,90209.75,0.1
319,14,168,16,87059.0,74618.0,88449.0,82846.8,21506568.559999995,79526.5,84296.0,86972.5,0.1
319,19,233,21,87059.0,73461.0,83586.0,77795.0,8152063.0,76056.5,77435.5,79523.0,0.4
320,9,136,11,89887.0,55875.0,89887.0,73500.1,144172586.08999997,63817.0,72494.5,84264.75,0.0
320,14,203,16,89887.0,47435.0,64780.0,56504.4,38366723.04,50747.5,55459.5,63093.75,0.3
320,19,265,21,89887.0,47435.0,55044.0,50588.0,4745716.4,49344.75,50130.0,51852.0,0.7
321,9,138,11,120257.0,91912.0,120257.0,101468.4,60637130.64,97302.25,99557.5,100649.25,0.0
321,14,204,16,120257.0,91869.0,99134.0,96280.8,7313561.359999999,94673.25,96469.5,98967.25,0.0
322,9,146,11,107295.0,71196.0,107295.0,81874.0,93656332.8,75568.75,79520.0,83828.5,0.3
322,14,204,16,107295.0,71196.0,79553.0,76836.2,7209445.160000001,74893.75,77935.5,78991.0,0.4
323,9,138,11,85727.0,69721.0,85727.0,80644.4,31558837.439999998,75922.5,83928.0,85132.5,0.4
324,9,139,11,38498.0,33876.0,39124.0,36468.2,2833565.96,35472.5,36235.5,38075.0,0.7
325,9,123,11,88725.0,39815.0,88725.0,52480.6,225411364.64000002,43333.5,45729.5,52670.25,0.7
327,9,139,11,78108.0,46186.0,78108.0,60313.6,111802860.83999999,50367.5,60477.5,66814.75,0.3
327,14,204,16,78108.0,39766.0,56328.0,49442.8,24221403.160000004,46446.5,48511.5,53351.0,0.7
328,9,143,11,74791.0,62964.0,76368.0,69865.8,21388672.56,67516.25,68599.0,74567.25,0.3
328,14,212,16,74791.0,55425.0,71959.0,65282.2,20267463.36,62979.25,66210.0,68405.0,0.6
329,9,147,11,89273.0,64291.0,89273.0,73888.1,38282918.29,70663.5,73307.5,75403.75,0.3
330,9,136,11,105712.0,61408.0,105712.0,79135.7,246460560.20999998,66495.25,72720.0,95062.25,0.6
331,9,144,11,82464.0,56757.0,82930.0,69592.7,105607393.41,59682.0,69068.0,80807.5,0.5
331,14,209,16,82464.0,56757.0,68915.0,63244.5,18287134.65,59682.0,63610.0,67021.75,0.9
332,9,147,11,65179.0,55077.0,65179.0,59101.8,12285698.559999999,55851.75,58286.0,62123.25,0.6
333,9,133,11,50783.0,47794.0,59435.0,52224.9,9366463.29,50783.0,51715.0,53500.75,0.6
334,9,139,11,97929.0,52959.0,97929.0,65338.0,169427288.8,57727.5,58821.0,68079.0,0.2
334,14,204,16,97929.0,49013.0,58185.0,54188.9,9473277.69,53033.0,53906.0,57207.5,0.7
335,9,136,11,58138.0,47767.0,58354.0,55631.6,10275604.639999999,54356.75,56771.5,58138.0,0.1
335,14,196,16,58138.0,46043.0,55778.0,52696.6,9723106.84,52504.25,53587.5,54768.0,0.3
336,9,125,11,72457.0,32674.0,72457.0,51871.6,163865864.84,43052.0,52736.5,57090.75,0.4
336,14,185,16,72457.0,32674.0,50563.0,43276.6,41654968.239999995,39269.0,44221.5,49024.5,0.9
337,9,138,11,65304.0,52389.0,65304.0,57717.3,13755259.61,54537.75,58497.5,59460.25,0.2
338,9,140,11,122470.0,73792.0,122470.0,92489.5,245860852.85,79428.5,86637.5,104765.0,0.4
339,9,130,11,85812.0,58757.0,86604.0,71928.2,107473808.35999998,64238.75,66009.5,83917.5,0.4
340,9,143,11,82273.0,81146.0,97878.0,87949.1,40686520.89,81967.75,86255.0,93570.5,0.0
340,14,214,16,82273.0,65242.0,82273.0,76327.8,43349719.559999995,71221.0,78989.5,81796.25,0.3
341,9,128,11,74186.0,58242.0,74186.0,65454.1,16591999.49,63478.75,65120.0,66890.75,0.2
342,9,143,11,114648.0,59518.0,114648.0,86777.4,187805000.24,81328.0,85345.5,92164.5,0.1
342,14,204,16,114648.0,59518.0,81966.0,74582.2,51810219.36,69872.25,77224.5,80450.0,0.4
342,19,274,21,114648.0,59518.0,78580.0,72990.5,36158270.25,69833.0,75276.0,77389.75,0.5
343,9,149,11,42988.0,34056.0,47410.0,41707.7,14073574.809999999,40074.25,42050.0,42988.0,0.6
344,9,149,11,52256.0,33495.0,52256.0,41038.7,25015780.609999996,39046.0,40349.0,42955.25,0.7
345,9,139,11,92073.0,58147.0,92073.0,79587.8,161797016.16,66707.25,87514.5,89844.5,0.3
345,14,203,16,92073.0,58147.0,87096.0,68820.9,56499391.89000001,65140.75,69349.0,70965.75,0.4
345,19,261,21,92073.0,58147.0,70133.0,65777.7,15065550.209999999,63915.25,67180.5,68559.0,0.5
346,9,142,11,91564.0,58316.0,91564.0,68522.6,82605676.64,63736.25,65816.5,71122.0,0.5
347,9,145,11,53480.0,40714.0,54189.0,49521.1,23273276.089999996,45967.5,51166.5,53813.0,0.4
347,14,205,16,53480.0,40714.0,48853.0,45139.8,5391605.159999999,43578.5,45390.5,46637.75,0.9
348,9,144,11,124693.0,72630.0,124693.0,92777.9,260525503.69,81265.5,87398.5,99075.5,0.6
349,9,132,11,100734.0,67602.0,100734.0,84414.7,204361545.01000002,70069.75,84981.5,97863.25,0.1
349,14,195,16,100734.0,65417.0,76914.0,70630.1,10584914.889999999,68264.25,70494.5,72499.0,0.3
349,19,262,21,100734.0,52138.0,71344.0,63663.8,43440955.559999995,59891.75,66509.5,68498.75,0.7
350,9,143,11,71260.0,60741.0,71260.0,67659.8,12425223.959999999,66194.0,68161.0,70797.25,0.2
350,14,204,16,71260.0,58154.0,67717.0,64742.4,9530472.44,63108.0,65703.0,67182.5,0.3
352,9,128,11,80750.0,57095.0,80750.0,71605.2,78425185.16,63974.0,75680.5,79493.0,0.7
353,9,124,11,118470.0,78220.0,118470.0,87264.4,117911385.04000004,82371.5,84578.0,87266.0,0.3
354,9,131,11,92346.0,83670.0,105936.0,98312.8,52335557.16,92424.5,100841.5,104672.25,0.1
354,14,195,16,92346.0,80267.0,99156.0,90181.8,29722963.76,85655.75,92346.0,92696.0,0.3
355,9,146,11,83810.0,67124.0,83810.0,72473.4,22072318.44,68583.0,71971.0,74707.75,0.5
356,9,132,11,124694.0,92141.0,137219.0,108772.3,222708253.60999998,98571.25,100618.5,122683.5,0.0
356,14,205,16,124694.0,66272.0,100791.0,89631.3,124626526.60999998,82772.25,92600.0,99455.75,0.2
356,19,267,21,124694.0,65518.0,92141.0,78680.8,68906501.96000001,73903.25,79736.0,82681.0,0.5
357,9,144,11,55133.0,32828.0,55133.0,45046.8,33428301.95999999,43442.5,44597.5,46332.25,0.4
358,9,134,11,71253.0,31918.0,71253.0,46504.5,210058382.85,36210.25,40111.0,56300.5,0.7
359,9,133,11,50927.0,50927.0,63052.0,58563.1,17936792.089999996,57143.25,60493.5,61429.0,0.5
360,9,136,11,73796.0,64424.0,82087.0,74518.1,29625597.089999996,72223.25,73796.0,79529.0,0.5
361,9,144,11,80236.0,45249.0,80236.0,60657.3,91240800.00999999,55674.25,61045.0,65513.25,0.6
362,9,122,11,72631.0,57720.0,72631.0,65934.5,18357658.25,64483.25,66783.0,68557.0,0.2
363,9,126,11,76029.0,56555.0,76029.0,69427.2,39168161.760000005,66880.0,70015.5,75270.25,0.5
364,9,139,11,108899.0,64412.0,108899.0,89783.7,277077752.01,72017.75,95893.0,105404.0,0.3
364,14,201,16,108899.0,64412.0,94285.0,74720.4,56948163.239999995,70323.25,74162.5,76612.25,0.4
365,9,147,11,41925.0,39573.0,49557.0,45332.2,11512460.56,42312.25,45326.5,48612.25,0.6
366,9,131,11,47704.0,37223.0,50762.0,45422.6,19870805.44,41939.5,47704.0,48302.25,0.5
367,9,139,11,50356.0,31261.0,53218.0,41990.2,46986548.95999999,38138.25,40317.0,48488.75,0.5
368,9,131,11,72333.0,38784.0,72333.0,54842.9,68025219.68999998,52586.25,54769.5,57202.25,0.5
369,9,135,11,47643.0,47643.0,55951.0,51370.8,6767386.360000001,49305.25,51574.5,53047.25,0.2
370,9,143,11,44695.0,32501.0,44695.0,36393.8,10751016.76,34567.0,35777.0,37190.25,0.8
371,9,122,11,33996.0,27027.0,33996.0,29939.8,3912111.96,29114.0,29707.0,31137.25,0.6
372,9,126,11,42717.0,21646.0,42717.0,30597.2,29599519.96,27353.25,31353.5,32899.75,0.9
373,9,134,11,66168.0,32423.0,66168.0,46895.5,86258900.25,42265.25,45003.5,46689.5,0.6
374,9,134,11,44862.0,43948.0,54231.0,49287.3,16289349.61,45253.25,48960.0,53537.0,0.1
374,14,206,16,44862.0,37414.0,50967.0,45884.5,11720924.65,44862.0,46666.0,47773.5,0.2
374,19,275,21,44862.0,36593.0,46427.0,41744.0,9970868.4,39508.75,41745.5,44633.5,0.7
375,9,124,11,54467.0,33941.0,54467.0,46119.1,24580285.089999996,44466.25,47325.5,48148.25,0.5
376,9,143,11,101367.0,53000.0,101367.0,78246.1,188048629.29000002,76055.75,77094.5,85829.0,0.2
376,14,203,16,101367.0,46050.0,76941.0,62446.4,124836210.04,53873.5,62454.0,73673.25,0.7
377,9,125,11,94482.0,51676.0,94482.0,73810.4,121539087.23999998,68167.5,74250.5,76142.5,0.3
378,9,132,11,68652.0,44235.0,68652.0,54144.1,40565008.89,49693.25,54671.0,55362.0,0.7
379,9,133,11,85954.0,61053.0,85954.0,72229.2,60770846.36,64540.75,74188.0,75487.5,0.0
379,14,202,16,85954.0,61053.0,73554.0,66452.0,16366412.6,63004.5,65507.5,70031.0,0.0
379,19,268,21,85954.0,44169.0,63574.0,59283.7,32448291.810000002,57418.5,61829.5,63283.5,0.4
379,24,327,26,85954.0,44169.0,61053.0,56842.8,21116026.560000002,56315.0,57736.0,59702.0,0.7
380,9,144,11,115003.0,80108.0,115003.0,97255.6,75547812.84000002,93440.0,95225.5,102484.25,0.0
380,14,210,16,115003.0,80108.0,101528.0,93019.6,25907550.04,92532.0,93517.0,94637.75,0.0
380,19,278,21,115003.0,50451.0,93363.0,72995.7,308340601.40999997,56834.0,71077.0,92048.25,0.5
380,24,328,26,115003.0,50451.0,63275.0,57798.8,13420643.360000001,56589.75,58438.0,59527.5,0.9
381,9,107,11,77138.0,48380.0,77138.0,58347.6,57268455.83999999,53308.0,57561.0,60618.75,0.8
382,9,142,11,65610.0,53374.0,65915.0,60619.7,22664654.41,56636.5,61421.5,65241.75,0.5
383,9,143,11,69249.0,37136.0,69249.0,48588.6,73651322.84,44216.75,47859.5,49963.0,0.4
384,9,131,11,78937.0,49934.0,78937.0,58249.7,77424272.61,52662.5,55831.0,57766.75,0.3
385,9,140,11,88570.0,54842.0,88570.0,76091.1,86753407.89000002,70565.25,78100.5,83214.75,0.4
385,14,209,16,88570.0,54842.0,79263.0,72729.6,45280818.440000005,70565.25,75151.0,76966.5,0.5
386,9,140,11,97566.0,55708.0,97566.0,69528.2,118951104.35999998,64658.25,65428.0,69139.0,0.2
386,14,206,16,97566.0,55708.0,65620.0,62585.6,11259222.04,60337.25,64311.0,65121.75,0.5
387,9,151,11,98854.0,45802.0,98854.0,66790.6,282448807.84,52834.25,66345.0,75273.75,0.4
387,14,221,16,98854.0,45802.0,64253.0,56260.7,34737577.61,52834.25,57445.0,61123.0,0.7
388,9,119,11,28896.0,18431.0,28896.0,25912.9,8993811.690000001,24996.75,26459.5,28213.25,0.9
389,9,126,11,28796.0,20262.0,29569.0,25832.4,7956759.639999999,24045.75,25722.0,28510.25,0.9
390,9,143,11,67985.0,47641.0,68270.0,63155.5,35464550.85,61245.75,64622.5,67837.5,0.3
390,14,192,16,67985.0,47641.0,65151.0,59478.1,27769573.889999997,59057.0,60959.0,63116.25,0.6
391,9,136,11,61408.0,44593.0,61408.0,54369.4,29176166.439999998,52153.0,56149.5,57885.75,0.3
392,9,143,11,78120.0,58445.0,78120.0,64621.7,31305093.410000004,60484.5,63303.5,67275.0,0.5
392,14,211,16,78120.0,58445.0,65231.0,60774.6,4269136.84,59396.75,60391.0,61209.0,0.8
393,9,134,11,76022.0,54396.0,76022.0,60925.4,35426942.04,56177.5,60396.5,63141.75,0.4
394,9,146,11,85073.0,84134.0,98003.0,89413.1,17165431.89,85681.0,88926.5,91364.25,0.4
395,9,152,11,94969.0,83362.0,94969.0,88263.8,14672954.76,84410.5,89054.0,90824.5,0.2
396,9,139,11,53981.0,43435.0,53981.0,51010.2,10872505.76,49432.0,52451.0,53395.0,0.4
397,9,140,11,69050.0,50983.0,69665.0,60508.0,42839198.2,55106.75,59197.5,67597.75,0.1
397,14,207,16,69050.0,50983.0,59202.0,55488.2,6483469.959999999,54446.5,55585.5,57557.5,0.2
398,9,127,11,70782.0,21696.0,70782.0,50316.9,156878541.29000002,45100.5,51517.5,56613.25,0.4
398,14,188,16,70782.0,21696.0,55488.0,45450.1,83813036.09,42370.75,46578.5,51758.75,0.6
399,9,133,11,116182.0,73279.0,117916.0,98466.5,280482941.25,82429.5,99927.5,115141.5,0.3
399,14,200,16,116182.0,73279.0,97773.0,84483.5,59712070.25,78894.5,83973.5,87844.75,0.3
399,19,259,21,116182.0,70715.0,88353.0,80001.9,31300349.689999998,75928.25,80123.0,84906.25,0.4
399,24,322,26,116182.0,68164.0,83015.0,76219.0,24759813.0,71947.75,76579.5,81027.5,0.6
400,9,133,11,81700.0,48667.0,81700.0,57827.4,84767843.44000001,50502.5,57754.0,60357.0,0.4
400,14,194,16,81700.0,48184.0,56633.0,50978.2,6634902.76,48800.75,50510.5,51878.0,0.9
401,9,133,11,70897.0,29244.0,70897.0,41632.1,114826542.88999999,37598.75,38309.5,39293.5,0.8
402,9,134,11,73549.0,43648.0,78808.0,61502.2,106217478.75999999,54983.0,59729.5,70376.0,0.7
403,9,137,11,83875.0,55283.0,83875.0,67072.9,59126160.68999998,63494.25,67403.5,70668.25,0.8
404,9,133,11,74568.0,55466.0,74568.0,65919.5,28214208.45,62044.0,66704.5,68966.0,0.1
405,9,139,11,57560.0,39262.0,60646.0,53417.5,44568573.25,48430.5,57560.0,58306.75,0.4
405,14,207,16,57560.0,39262.0,57560.0,49205.5,19321835.05,47615.25,49547.0,50931.75,0.8
406,9,144,11,53516.0,23613.0,53516.0,45364.0,82111928.6,43415.25,48832.0,50970.25,0.7
407,9,135,11,94783.0,73592.0,99028.0,82590.6,87604868.24000001,75630.25,77423.0,92008.5,0.3
407,14,195,16,94783.0,61614.0,77628.0,72997.3,23383761.81,71855.0,74735.5,76512.25,0.6
408,9,132,11,71847.0,49472.0,72585.0,66271.2,75691503.16,60745.75,71555.5,71847.0,0.3
409,9,130,11,55716.0,43204.0,56265.0,53215.5,13998346.85,52286.5,54710.0,55541.25,0.9
410,9,131,11,77951.0,45529.0,80840.0,61964.2,145365526.96,53804.0,56317.0,74750.25,0.5
411,9,137,11,65414.0,50830.0,65414.0,57374.3,20015669.410000004,54062.5,55905.0,59391.0,0.6
412,9,132,11,65046.0,48745.0,65046.0,59110.8,22930261.16,56490.5,60569.5,62496.5,0.4
413,9,140,11,67935.0,49707.0,69172.0,64925.0,34449084.4,63995.0,67935.0,68811.5,0.2
413,14,206,16,67935.0,49707.0,67935.0,60327.1,29799548.49,57259.5,62453.5,63844.75,0.4
414,9,129,11,60026.0,35329.0,60026.0,44759.6,50513471.04,39361.5,43086.5,47575.0,0.6
415,9,128,11,116008.0,82407.0,116239.0,100986.4,187371574.44,88205.75,99570.0,115756.5,0.0
415,14,199,16,116008.0,82407.0,92674.0,89070.6,11045374.639999999,87155.75,90630.0,91802.0,0.0
415,19,263,21,116008.0,49011.0,90575.0,76088.8,160742730.35999998,67246.75,79271.5,86467.75,0.3
415,24,332,26,116008.0,49011.0,80942.0,68358.0,107123297.8,63550.0,71115.5,76099.0,0.5
416,9,142,11,117914.0,76062.0,117914.0,88327.3,217271518.01,78417.5,79989.0,95136.5,0.0
416,14,203,16,117914.0,70885.0,81681.0,77627.5,8700146.65,76313.5,78519.5,79472.75,0.2
417,9,126,11,39765.0,25401.0,44360.0,37352.8,23326579.160000004,35467.0,38835.5,39732.5,0.5
418,9,133,11,62898.0,31182.0,62898.0,37885.6,75854907.04,33489.75,36105.0,37602.5,0.6
419,9,141,11,58360.0,39302.0,58360.0,47415.2,29822162.360000003,42786.25,48861.0,50462.25,0.4
420,9,135,11,53113.0,40527.0,53113.0,49458.4,14494026.440000001,49631.25,50755.5,51412.75,0.4
420,14,201,16,53113.0,10667.0,51352.0,44801.3,140478374.81,45534.25,49638.5,50857.5,0.6
421,9,123,11,75112.0,58680.0,75112.0,69570.3,22251277.61,68215.0,70796.5,73044.25,0.2
423,9,115,11,28116.0,21315.0,29622.0,27732.5,5594432.85,28116.0,28453.0,29146.75,0.4
424,9,145,11,57719.0,40691.0,57719.0,47948.2,18258592.56,45638.5,48025.5,49473.0,0.5
425,9,132,11,60626.0,43178.0,61340.0,51466.7,43530784.010000005,46608.75,50010.0,58027.75,0.3
425,14,185,16,60626.0,43178.0,49805.0,47468.4,5238955.24,46094.25,48634.0,49286.0,0.3
426,9,137,11,97816.0,73240.0,97816.0,80546.4,50117627.239999995,74704.5,79073.0,83807.75,0.0
426,14,210,16,97816.0,53642.0,78115.0,72004.5,49759134.65,70026.25,74153.5,76914.75,0.1
427,9,142,11,75495.0,68225.0,82181.0,76089.5,20131637.65,73601.75,75495.0,79991.5,0.5
428,9,141,11,53164.0,40574.0,53164.0,50127.8,14113420.36,49400.5,51376.0,52877.75,0.2
428,14,206,16,53164.0,40380.0,50563.0,45209.4,15251633.040000001,41238.5,45822.0,48508.25,0.6
429,9,135,11,58403.0,40119.0,58403.0,48106.0,27691101.2,44464.25,47547.5,50478.0,0.6
430,9,145,11,76137.0,57420.0,76137.0,68402.1,31323848.089999996,65821.5,68072.0,72339.25,0.1
430,14,208,16,76137.0,50235.0,68029.0,61415.9,30155556.090000004,57995.5,61906.5,65943.25,0.3
431,9,127,11,56787.0,38717.0,56787.0,47873.8,23715867.759999998,45405.25,48001.0,49624.75,0.8
432,9,142,11,113791.0,84010.0,113791.0,101934.4,90104563.83999999,94713.0,105747.5,108286.5,0.0
432,14,206,16,113791.0,80808.0,105863.0,93514.5,100570852.05,84166.25,90167.0,105156.25,0.1
432,19,272,21,113791.0,78050.0,89178.0,84965.7,12350791.010000002,83688.0,84322.5,88417.25,0.3
433,9,142,11,106934.0,60465.0,106934.0,83125.8,165965580.16,75142.75,83466.5,90722.75,0.3
433,14,209,16,106934.0,60465.0,86898.0,78343.5,63578546.85,75142.75,81516.0,83959.5,0.3
433,19,275,21,106934.0,60465.0,80331.0,74256.9,34480367.089999996,73014.75,74587.0,79385.0,0.7
434,9,140,11,81008.0,46783.0,81008.0,64052.1,86773411.89,58789.75,63746.5,65817.0,0.5
435,9,146,11,67176.0,45261.0,67176.0,58949.2,41717438.56,54696.5,59286.0,64635.25,0.7
436,9,136,11,42225.0,26560.0,42225.0,32301.0,23940468.6,28001.5,31507.0,34110.0,0.4
436,14,190,16,42225.0,24990.0,30841.0,28212.1,3789639.29,26755.0,27680.0,30055.0,0.9
437,9,143,11,39932.0,15450.0,39932.0,28931.5,41618781.45,27658.0,30544.5,31472.75,0.8
438,9,138,11,79267.0,60112.0,79267.0,74322.1,27896158.089999996,73668.75,75698.5,77653.5,0.2
439,9,117,11,45499.0,31001.0,45499.0,40763.4,19059577.240000002,39252.5,41853.5,43955.25,0.8
440,9,144,11,91435.0,68115.0,91435.0,81440.1,43946273.09,79061.5,81912.5,84781.75,0.1
440,14,217,16,91435.0,67975.0,81798.0,75767.9,22971239.490000002,71993.0,78058.5,79240.5,0.3
441,9,138,11,74303.0,10676.0,74303.0,54521.7,408532693.01000005,56906.0,63059.5,65547.5,0.6
442,9,147,11,82455.0,8834.0,91304.0,71389.8,558341124.5600001,71336.75,82455.0,84102.25,0.4
442,14,215,16,82455.0,8834.0,82455.0,64213.1,406853884.69,64908.0,71399.5,74115.75,0.9
443,9,144,11,69052.0,7884.0,69052.0,55520.8,264657100.95999998,56913.5,60069.0,62435.5,0.9
444,9,135,11,75961.0,53419.0,75961.0,58650.0,40131580.4,54670.0,56488.5,60361.5,0.7
445,9,134,11,56187.0,45162.0,63905.0,56730.6,38397459.64,51658.5,56779.5,62584.5,0.6
446,9,141,11,62337.0,59665.0,77133.0,68325.5,31807089.25,62855.25,69701.0,71072.75,0.3
447,9,140,11,87144.0,58975.0,87144.0,69890.8,52106867.76,65970.25,68241.5,73268.0,0.2
448,9,135,11,44257.0,30312.0,45109.0,41212.9,15880529.690000001,40441.5,42088.0,43805.25,0.1
449,9,145,11,50178.0,39235.0,57153.0,50264.1,22436398.89,48009.75,50835.5,53000.0,0.4
450,9,127,11,57006.0,31107.0,57006.0,44256.0,40652858.8,41211.75,44035.5,47700.25,0.5
451,9,138,11,74186.0,63428.0,75665.0,71735.7,12105961.41,70536.5,72859.0,74136.25,0.7
452,9,139,11,137444.0,77062.0,137444.0,94567.7,434536306.2099999,80365.75,82791.5,110161.0,0.3
452,14,200,16,137444.0,71968.0,86806.0,79965.1,14827311.89,77996.75,80277.5,81062.5,0.5
454,9,83,11,22601.0,10132.0,22601.0,14574.9,17399030.69,11099.5,12943.0,17630.75,0.6
455,9,144,11,53212.0,43329.0,53212.0,47436.5,7717079.45,45441.75,47866.0,48430.0,0.2
455,14,205,16,53212.0,38801.0,47836.0,43666.1,5780453.69,42444.25,43675.0,45089.5,0.7
456,9,128,11,72295.0,45479.0,72295.0,63387.0,80012522.8,58281.75,66035.0,71299.0,0.5
456,14,193,16,72295.0,45479.0,68313.0,60450.6,47545401.64,58070.25,61911.0,65220.0,0.8
457,9,149,11,99650.0,74158.0,99650.0,81119.3,46680530.21,76488.75,80111.5,81778.5,0.4
458,9,135,11,97920.0,70141.0,97920.0,82797.9,50302812.29,78263.0,82999.5,86277.0,0.1
459,9,124,11,123034.0,85308.0,123034.0,101644.7,97627816.01,94934.75,102248.5,106296.75,0.0
459,14,191,16,123034.0,82269.0,101900.0,91122.7,33309650.01,86480.25,91840.5,93403.5,0.0
459,19,254,21,123034.0,63270.0,91493.0,81073.8,57749686.760000005,78880.25,82835.5,86037.0,0.4
460,9,144,11,93628.0,53040.0,93628.0,73791.5,155901344.05,62433.5,77576.5,83105.5,0.4
460,14,204,16,93628.0,53040.0,76526.0,66100.7,47476258.410000004,61161.75,67974.0,71310.0,0.9
461,9,125,11,76278.0,56284.0,76278.0,60107.7,31078709.410000004,58095.0,58396.5,58789.25,0.1
461,14,182,16,76278.0,37787.0,58607.0,53680.3,45329808.01,49746.25,57209.5,58200.75,0.4
461,19,238,21,76278.0,37787.0,57709.0,52344.2,36836226.160000004,48775.0,55184.0,56509.5,0.6
463,9,138,11,65707.0,31692.0,65707.0,39672.1,86442636.49,34449.5,37540.5,40730.0,0.6
464,9,137,11,45878.0,31350.0,45878.0,40076.5,21378461.85,36182.5,41313.5,42752.25,0.3
464,14,201,16,45878.0,31341.0,40381.0,35657.8,10040953.959999999,33178.25,35004.0,38400.0,0.8
465,9,136,11,31769.0,17483.0,31769.0,24768.3,12415291.610000001,23800.75,24763.0,26591.5,0.4
466,9,143,11,72084.0,35670.0,72084.0,56845.1,97885665.89000002,51703.5,57764.5,62516.75,0.3
466,14,206,16,72084.0,35670.0,54317.0,49078.7,27367572.610000003,47302.25,50360.0,52911.0,0.7
467,9,128,11,77289.0,60000.0,77289.0,66663.8,19515935.759999998,64044.75,67008.0,67761.0,0.2
467,14,183,16,77289.0,56664.0,66491.0,62615.6,9140941.04,60521.25,62706.5,65012.75,0.4
467,19,254,21,77289.0,56664.0,62730.0,60197.8,3653262.3599999994,59335.0,59760.0,62099.25,0.7
468,9,107,11,183694.0,61916.0,183694.0,107864.4,2677753303.04,65875.0,72962.0,167426.0,0.4
468,14,166,16,183694.0,61916.0,71806.0,66749.7,11214390.209999999,64944.0,66078.0,69831.25,0.6
469,9,130,11,88567.0,76305.0,96748.0,86008.1,37291727.089999996,82083.75,86419.5,88567.0,0.0
469,14,200,16,88567.0,70673.0,86402.0,79386.5,22686212.85,76444.0,78058.0,83239.25,0.1
469,19,267,21,88567.0,68177.0,78125.0,74249.4,9943847.24,72395.75,74555.5,76722.0,0.5
470,9,132,11,53380.0,30165.0,53380.0,40558.2,40560021.16,36381.75,40846.5,43990.0,0.9
471,9,116,11,67286.0,22499.0,67286.0,44388.9,239638627.69,32336.75,38582.0,59013.0,0.5
472,9,132,11,79950.0,48956.0,79950.0,63705.8,80100938.96000001,59905.75,60502.0,67074.75,0.2
472,14,203,16,79950.0,48956.0,60267.0,57603.9,9838494.29,57061.25,58446.0,59662.5,0.7
473,9,136,11,56833.0,51901.0,58494.0,55166.1,4827080.6899999995,53594.0,54610.5,56833.0,0.7
474,9,148,11,66685.0,54550.0,66685.0,61165.1,12927335.290000001,59293.75,60775.0,63257.75,0.3
475,9,137,11,68975.0,56432.0,68975.0,63866.0,13594878.4,62070.75,64405.5,66741.75,0.3
475,14,195,16,68975.0,56432.0,65635.0,61241.8,7187300.76,60080.5,61754.0,62788.5,0.6
476,9,148,11,58726.0,51025.0,61375.0,55656.1,13488074.690000001,52211.75,54840.0,58726.0,0.3
476,14,212,16,58726.0,47018.0,53884.0,51491.4,4020944.4400000004,50353.0,51614.5,53201.25,0.6
477,9,135,11,47285.0,39863.0,47285.0,42935.5,6020305.85,40802.5,42292.0,44634.75,0.5
478,9,146,11,53768.0,37797.0,55346.0,49911.3,22090975.209999997,48299.75,50566.5,53316.25,0.3
478,14,215,16,53768.0,37797.0,50996.0,47779.9,13331139.689999998,47689.0,48192.5,50082.5,0.5
479,9,118,11,51521.0,40738.0,51521.0,44242.1,9595683.09,42155.5,43121.5,45189.75,0.7
480,9,120,11,51649.0,36140.0,51649.0,41234.6,18973486.84,37444.0,41629.5,42625.5,0.9
481,9,140,11,69149.0,53415.0,69498.0,64352.7,29778307.410000004,60769.5,66277.0,69125.5,0.5
482,9,143,11,78860.0,66649.0,79677.0,75384.2,24815858.76,72086.75,78394.0,79066.25,0.2
482,14,211,16,78860.0,66649.0,77928.0,73673.0,15456690.6,71692.0,75206.5,76425.5,0.2
483,9,139,11,60985.0,46638.0,60985.0,52711.4,22078774.64,49396.0,51731.5,54260.0,0.5
484,9,143,11,72331.0,53933.0,72331.0,65199.3,27165542.810000002,62524.5,64745.0,68588.75,0.1
484,14,211,16,72331.0,53933.0,65515.0,61655.9,9578521.49,61869.5,62530.0,62844.0,0.2
485,9,131,11,45478.0,39628.0,51872.0,47041.8,15570461.36,45478.0,46617.5,50797.0,0.3
485,14,197,16,45478.0,38376.0,45978.0,42545.1,7429200.69,40227.0,42552.5,45265.75,0.8
486,9,117,11,48533.0,39414.0,48533.0,44290.0,4672223.4,44162.0,44310.0,44535.25,0.1
487,9,135,11,65969.0,46955.0,66320.0,59542.6,44808121.64,56175.5,61131.0,65779.0,0.6
488,9,136,11,86866.0,74767.0,86866.0,81884.3,16111262.01,79091.5,81866.0,85962.75,0.0
488,14,202,16,86866.0,65340.0,82455.0,75930.4,33068130.040000003,71220.25,78140.5,80766.25,0.3
488,19,258,21,86866.0,63912.0,77427.0,71945.4,21637388.44,68700.75,73099.5,75765.75,0.4
489,9,134,11,81173.0,59807.0,90566.0,71869.5,88432445.65,64447.0,70787.5,79129.0,0.4
489,14,195,16,81173.0,59807.0,69583.0,65572.1,9356973.09,63960.5,66428.0,67904.75,0.6
491,9,143,11,59603.0,37960.0,59603.0,49151.3,31928701.209999997,46919.75,49568.0,52026.5,0.6
492,9,141,11,39677.0,39677.0,49075.0,44459.7,13666788.209999999,41095.5,44551.5,48246.75,0.5
493,9,139,11,81962.0,35392.0,86583.0,69136.5,295705802.05,57833.25,78417.5,81835.5,0.4
493,14,202,16,81962.0,35392.0,78134.0,63390.4,179513255.64000002,56977.0,69859.5,72404.75,0.7
494,9,138,11,85320.0,67828.0,85320.0,78440.4,34670274.64,76983.25,80097.5,81487.25,0.2
495,9,129,11,74040.0,39101.0,74040.0,51539.4,75245591.24000001,48465.5,49992.0,52125.5,0.8
496,9,121,11,150885.0,73329.0,150885.0,114485.0,599313701.0,93600.75,114265.5,136191.5,0.1
496,14,176,16,150885.0,73329.0,105640.0,92714.5,65940683.05,90402.0,92564.0,96707.0,0.1
497,9,145,11,90775.0,77776.0,91083.0,85918.2,30682599.96,79798.25,89320.0,90645.0,0.0
497,14,214,16,90775.0,72089.0,88769.0,79934.0,27559167.8,76789.75,78259.0,82980.75,0.2
498,9,130,11,91776.0,58094.0,97073.0,76359.4,220886821.64000002,64121.0,71135.5,91776.0,0.5
498,14,182,16,91776.0,58094.0,74261.0,67988.1,35006504.49,64121.0,68753.0,73883.25,0.6
499,9,138,11,58212.0,48813.0,64310.0,58062.8,17411623.360000003,56561.75,58189.5,59886.0,0.1
499,14,206,16,58212.0,48813.0,58167.0,54381.6,7876504.24,52804.0,55020.0,55913.25,0.2
499,19,274,21,58212.0,48783.0,55162.0,52559.2,5343733.959999999,51148.0,53176.0,54661.0,0.3
500,9,138,11,77576.0,41180.0,82185.0,66239.9,149018945.69,61295.25,65073.0,77546.0,0.5
501,9,134,11,64518.0,54585.0,73425.0,67809.0,27844233.4,65171.0,69881.0,70761.25,0.2
502,9,141,11,75009.0,55388.0,75009.0,65460.4,32059798.639999997,64074.75,66497.0,67659.75,0.2
503,9,152,11,101751.0,71612.0,101751.0,77930.2,82456181.16,72224.25,74039.0,77436.0,0.0
504,9,96,11,52892.0,38690.0,52892.0,42903.7,25031661.410000004,39495.25,40893.0,42588.5,0.4
504,14,162,16,52892.0,38233.0,42434.0,40110.8,1598314.96,38990.5,40293.5,41030.75,0.6
505,9,120,11,85477.0,44157.0,85477.0,59056.5,138317505.45,50930.25,55384.0,62501.5,0.1
505,14,193,16,85477.0,38694.0,53545.0,46511.7,27098504.410000004,42612.0,47137.5,50417.5,0.5
507,9,138,11,67919.0,46073.0,67919.0,58866.8,38965974.36,55022.5,58373.5,64055.75,0.5
508,9,110,11,123160.0,62324.0,123160.0,80579.8,304566567.16,69832.25,74530.5,81765.75,0.2
508,14,162,16,123160.0,55566.0,76307.0,70037.5,39730410.25,68636.0,71283.0,75163.75,0.3
509,9,118,11,87570.0,57441.0,87570.0,77521.6,69150060.03999999,74509.0,78909.0,82540.75,0.7
510,9,125,11,67538.0,35324.0,67538.0,50664.7,117026245.41,42095.25,48109.5,58636.75,0.6
511,9,144,11,31402.0,24791.0,31402.0,27776.0,5670097.2,25407.0,28115.5,29238.0,0.7
512,9,137,11,67898.0,45285.0,73100.0,59290.8,96564528.96000001,52094.75,59347.5,67898.0,0.5
513,9,126,11,177912.0,65217.0,177912.0,135872.0,1898764429.4,97774.75,149974.5,176109.0,0.1
513,14,193,16,177912.0,65217.0,136351.0,85313.9,594725145.0899999,71243.5,73665.5,85017.25,0.2
513,19,248,21,177912.0,53108.0,72037.0,65312.9,34447214.690000005,62395.5,66304.0,70477.0,0.6
514,9,148,11,59768.0,42510.0,59768.0,50640.5,19860613.85,48759.75,50294.0,53050.0,0.6
516,9,142,11,71425.0,33638.0,71425.0,49764.2,124561663.96,42243.75,46515.5,55431.5,0.7
517,9,127,11,51265.0,36233.0,51265.0,47085.1,15562603.290000001,47249.0,48129.5,48732.0,0.8
518,9,138,11,82965.0,50225.0,82965.0,62982.4,113642919.43999998,53362.0,62277.5,68213.25,0.3
518,14,207,16,82965.0,42181.0,61439.0,52516.3,35971519.81,48881.75,51157.0,58361.5,0.6
519,9,142,11,77074.0,69807.0,84407.0,77964.9,14890085.49,77063.5,77377.0,78985.0,0.2
520,9,135,11,106902.0,81958.0,106902.0,88543.9,43047049.29,85386.0,87329.5,89033.25,0.2
521,9,138,11,78852.0,44393.0,78852.0,53657.9,82825845.28999999,48705.75,51544.5,54093.5,0.5
522,9,136,11,71452.0,34660.0,71452.0,49306.6,161108464.04000002,38287.75,47538.5,55132.0,0.6
523,9,143,11,77908.0,32491.0,77908.0,52096.6,119750084.64000002,48185.0,51760.5,53410.25,0.7
524,9,121,11,81801.0,39296.0,81801.0,53072.6,119777318.64000002,48187.75,52433.5,55369.75,0.7
525,9,145,11,64150.0,45295.0,64782.0,56666.5,40794151.65,51525.75,56091.0,63422.75,0.4
526,9,134,11,53513.0,48595.0,62321.0,56814.6,17565252.44,53913.5,56353.0,60760.25,0.2
526,14,206,16,53513.0,48595.0,58878.0,54796.8,7413421.359999999,53513.0,55507.5,56520.0,0.3
527,9,148,11,81347.0,73136.0,94750.0,87065.6,58502197.24000001,81347.0,89987.0,94181.75,0.3
527,14,212,16,81347.0,73136.0,87309.0,80670.4,11973700.84,79334.75,81347.0,81675.0,0.6
528,9,144,11,98721.0,73419.0,98721.0,84194.2,42081439.760000005,79664.25,84637.5,86316.25,0.3
528,14,214,16,98721.0,73419.0,85546.0,81487.4,12004981.440000001,79577.0,82246.0,84121.75,0.3
530,9,128,11,90370.0,57122.0,90370.0,70801.8,103532779.76,65429.5,67493.0,78137.5,0.2
530,14,201,16,90370.0,51382.0,67377.0,62059.6,23128986.240000002,59463.5,63454.5,65538.5,0.5
531,9,131,11,90052.0,75426.0,90052.0,81248.4,19036742.439999998,77452.25,80753.0,84269.25,0.0
531,14,185,16,90052.0,57227.0,78874.0,70672.3,61706054.01000001,64474.75,73807.5,77012.0,0.4
531,19,251,21,90052.0,57227.0,73582.0,65930.9,25372638.690000005,63325.5,66783.0,68730.5,0.7
532,9,128,11,70252.0,46343.0,70252.0,53169.8,47157799.36,48346.75,50661.5,56261.75,0.3
534,9,136,11,49298.0,43135.0,50957.0,47475.0,8136252.8,44917.75,48660.5,49709.0,0.4
535,9,136,11,59268.0,46187.0,59268.0,53347.6,19907164.240000002,50648.25,54607.5,56228.25,0.2
535,14,206,16,59268.0,46187.0,54311.0,50101.6,5232408.4399999995,49436.75,50342.5,51386.25,0.5
537,9,142,11,37647.0,24896.0,37647.0,29455.5,10853705.45,28105.5,28699.0,30722.25,0.3
537,14,205,16,37647.0,24896.0,30216.0,28214.1,2440731.4899999998,28055.5,28398.5,28952.5,0.4
538,9,147,11,94064.0,79021.0,94064.0,84058.0,22268043.8,80759.5,83266.0,84070.5,0.0
539,9,145,11,94693.0,63498.0,94693.0,78056.5,66979829.65,73488.25,79777.0,81364.75,0.4
540,9,128,11,102727.0,72310.0,102727.0,80910.6,117076517.04,73921.5,74328.0,89266.5,0.4
541,9,116,11,76681.0,46533.0,76681.0,61441.4,123687127.63999999,50769.0,64215.5,70858.75,0.4
541,14,186,16,76681.0,46533.0,59306.0,52119.9,12333414.09,50769.0,52762.0,53220.5,0.5
542,9,135,11,60333.0,44870.0,60333.0,51110.3,29138723.610000003,46409.0,49832.0,55025.25,0.4
542,14,198,16,60333.0,44859.0,49856.0,47531.2,3544905.56,45805.0,48166.0,49284.75,0.7
543,9,139,11,82910.0,55474.0,82910.0,65580.7,84108279.01000002,60478.0,62393.0,66453.5,0.2
543,14,207,16,82910.0,55474.0,61614.0,59119.2,3785819.3600000003,57650.25,59432.5,60575.25,0.2
544,9,135,11,54721.0,42407.0,54721.0,48559.9,16439513.49,45549.5,47087.5,52735.25,0.1
544,14,198,16,54721.0,31288.0,46993.0,43534.6,21072993.04,42980.75,45430.0,46286.75,0.3
545,9,142,11,52458.0,32735.0,52458.0,42260.3,54002545.20999999,37067.0,39250.0,49924.0,0.6
546,9,139,11,69321.0,49559.0,75304.0,69963.0,50766818.8,69447.75,72110.0,73982.75,0.1
546,14,210,16,69321.0,49559.0,72093.0,66743.5,40225203.05,67387.0,69321.0,69753.5,0.3
547,9,111,11,71392.0,41336.0,71392.0,54667.0,61699281.8,49807.25,54041.5,58765.25,0.8
550,9,123,11,96496.0,54950.0,96496.0,76040.1,153735996.89,68948.25,73785.0,81398.25,0.5
550,14,181,16,96496.0,54950.0,76345.0,69540.1,33887244.489999995,68117.75,70245.0,73360.25,0.7
551,9,130,11,75936.0,62759.0,76533.0,72189.8,16227573.760000002,69981.5,73492.0,75524.25,0.4
551,14,196,16,75936.0,62626.0,74289.0,69815.2,16543280.760000002,68642.5,70257.0,73472.75,0.6
551,19,263,21,75936.0,62626.0,71829.0,68162.6,13266169.440000001,64495.5,69326.5,71388.5,0.7
552,9,135,11,92248.0,53495.0,92248.0,69060.2,116016592.16,64946.25,66498.0,71666.25,0.5
554,9,138,11,42812.0,42212.0,54854.0,48638.6,25639923.04,42812.0,50818.0,53015.0,0.4
555,9,143,11,79042.0,59770.0,79042.0,71074.5,50770256.85,66095.75,71264.0,78358.0,0.7
556,9,147,11,88580.0,65197.0,88580.0,77883.5,68911082.05,71248.5,79449.0,83480.5,0.4
557,9,129,11,48683.0,48683.0,59441.0,54669.9,12996519.889999997,52998.5,55221.5,56789.0,0.7
558,9,143,11,76995.0,55089.0,76995.0,67018.8,63847052.96,59492.75,67989.5,74630.5,0.4
558,14,198,16,76995.0,55089.0,66750.0,60694.5,9095114.65,59492.75,60471.0,62024.5,0.7
559,9,137,11,48302.0,37637.0,48302.0,44622.4,11017372.239999998,42609.5,45431.0,47282.0,0.5
560,9,146,11,41894.0,33245.0,43615.0,40611.9,7972577.69,39776.5,41409.5,42086.0,0.3
561,9,140,11,36617.0,22380.0,36617.0,29586.7,18437112.009999998,27457.5,29071.5,32965.0,0.7
563,9,128,11,31504.0,20498.0,31504.0,26621.3,7429485.609999999,26100.0,26778.0,27627.75,0.9
564,9,131,11,41179.0,22704.0,41179.0,34251.7,20651050.409999996,33446.75,35176.5,36443.75,0.4
565,9,140,11,110342.0,63982.0,110342.0,82267.8,174672640.76,72137.75,78665.0,91090.25,0.1
565,14,205,16,110342.0,60592.0,76537.0,69473.8,25119313.160000004,65241.5,70156.5,72471.25,0.3
565,19,270,21,110342.0,59475.0,69526.0,64674.6,10019689.239999998,63382.75,63969.5,67149.75,0.6
566,9,142,11,67697.0,43851.0,67697.0,56457.8,61064571.360000014,51017.0,55159.0,63681.5,0.6
567,9,134,11,108499.0,71912.0,108499.0,82717.6,127352136.63999999,76836.5,78154.0,83380.75,0.2
567,14,199,16,108499.0,59834.0,84284.0,75128.9,40028575.089999996,72117.0,76884.0,78357.0,0.4
568,9,143,11,89821.0,76159.0,89821.0,83194.1,20346007.69,79289.5,83529.5,86356.5,0.0
568,14,211,16,89821.0,71162.0,83101.0,78279.9,12834376.89,76456.0,78501.5,81223.75,0.1
569,9,125,11,38337.0,12236.0,38337.0,31279.1,90512654.69,28621.5,36094.0,37953.25,0.9
570,9,133,11,65980.0,29605.0,65980.0,44959.7,90862408.60999998,41367.25,41751.5,47574.5,0.6
571,9,129,11,58535.0,47671.0,58535.0,52189.1,9853545.89,50285.25,51805.0,54463.25,0.7
572,9,124,11,65579.0,42401.0,65579.0,53070.2,59396539.56,46623.75,52960.5,57359.0,0.3
572,14,180,16,65579.0,42401.0,52052.0,45585.1,10564787.690000001,42942.25,45116.5,45609.75,0.6
573,9,140,11,47209.0,31943.0,47209.0,38197.1,23046726.29,34566.25,36128.5,42183.25,0.5
574,9,102,11,32111.0,29314.0,37702.0,33592.3,7956963.210000001,32111.0,33630.5,35626.25,0.9
575,9,121,11,58627.0,32521.0,58627.0,44813.7,41397177.81,42167.75,44391.0,48055.25,0.8
576,9,142,11,91732.0,65738.0,91732.0,78015.2,51951002.76,75341.75,78428.0,82032.5,0.1
576,14,204,16,91732.0,55625.0,77424.0,67517.0,44195261.0,63443.0,66719.5,73093.0,0.4
577,9,137,11,124323.0,84340.0,124323.0,103413.3,227454140.61000004,89766.5,100544.5,119113.0,0.3
577,14,200,16,124323.0,84340.0,97861.0,92033.8,18855077.160000004,89415.25,91839.0,96057.75,0.5
578,9,135,11,145499.0,121159.0,145499.0,130346.1,41880699.089999996,126756.0,129319.0,132087.75,0.0
579,9,128,11,90946.0,39749.0,90946.0,51588.4,229468197.24,42966.25,45027.0,51496.25,0.6
580,9,142,11,95536.0,56307.0,95536.0,70002.9,127847322.09,64978.0,67368.0,71001.5,0.4
580,14,204,16,95536.0,56307.0,67712.0,63932.3,13125182.41,63105.5,65615.5,66014.25,0.5
581,9,144,11,94375.0,66586.0,94375.0,78602.4,47961308.04,75119.75,79272.5,80085.75,0.3
582,9,143,11,62051.0,58008.0,73080.0,66767.8,21814077.56,63115.25,66649.5,70426.75,0.1
582,14,211,16,62051.0,55127.0,66369.0,60473.2,17329848.96,56635.5,60029.5,64215.5,0.5
583,9,139,11,82831.0,60737.0,82831.0,70423.7,41033201.21,67485.75,68743.0,73528.25,0.2
584,9,126,11,69936.0,38516.0,69936.0,50125.6,102495807.44000001,43909.75,46979.5,52210.0,0.6
585,9,135,11,32994.0,29581.0,34848.0,33519.8,2189207.3600000003,33074.75,33740.0,34661.75,0.2
586,9,134,11,43326.0,33086.0,43326.0,37314.3,7264264.609999999,36055.25,36735.0,38686.75,0.3
588,9,148,11,79712.0,38375.0,79712.0,57778.6,133657001.44000001,51265.0,55584.0,64344.25,0.5
589,9,117,11,74829.0,58674.0,88784.0,73487.0,103588347.6,64479.75,74244.0,83027.25,0.5
590,9,128,11,109889.0,41079.0,109889.0,69491.1,442463895.68999994,55325.75,62507.0,76647.25,0.6
591,9,133,11,59932.0,29284.0,59932.0,45931.2,79686561.36,38877.75,47914.5,51153.25,0.3
591,14,191,16,59932.0,29284.0,47451.0,40814.3,24557258.610000003,38219.75,42556.0,43364.5,0.8
592,9,140,11,37411.0,37411.0,45582.0,41956.8,7981786.76,40009.0,42487.0,44264.75,0.8
593,9,146,11,99524.0,53854.0,99524.0,69801.3,169680250.81,61881.25,66616.0,72416.75,0.2
593,14,212,16,99524.0,50562.0,65257.0,58660.9,23812876.490000002,54499.0,59553.5,62642.75,0.5
594,9,109,11,63473.0,43601.0,65457.0,58195.2,37181262.160000004,56787.75,58844.5,63087.5,0.6
595,9,123,11,86895.0,53032.0,86895.0,67715.2,152721189.36,57145.25,65089.0,77722.0,0.6
596,9,137,11,77038.0,32750.0,77038.0,64992.6,238323423.04000002,65565.75,71288.0,76097.25,0.2
596,14,203,16,77038.0,32750.0,69956.0,59687.3,153071400.20999998,63335.75,65451.0,65837.25,0.3
597,9,148,11,92449.0,61421.0,92449.0,71467.6,61444842.839999996,68299.25,69487.0,73013.5,0.1
598,9,144,11,97627.0,74429.0,97627.0,81946.3,37517105.01,78678.0,80421.5,84215.75,0.0
599,9,119,11,99207.0,67123.0,99207.0,81698.0,71173053.2,77839.75,81116.0,82088.0,0.2
599,14,184,16,99207.0,55643.0,80731.0,71998.3,54456789.00999999,68449.5,73702.5,76418.0,0.6
599,19,248,21,99207.0,55643.0,74943.0,69192.0,31044249.8,67261.25,71292.5,72858.75,1.0
601,9,136,11,59359.0,22069.0,59359.0,39628.2,109289525.35999998,34301.75,38757.5,44872.75,0.5
601,14,196,16,59359.0,22069.0,38194.0,33719.5,23911915.65,33073.0,35054.0,37393.5,0.9
602,9,139,11,46703.0,45856.0,49505.0,47542.9,1656130.69,46393.25,47343.0,48395.25,0.4
603,9,139,11,50028.0,26338.0,61063.0,51502.7,85625225.00999999,50028.0,52587.0,57370.5,0.5
604,9,125,11,61680.0,28399.0,61680.0,47210.5,116339489.05,44010.75,48988.5,51801.75,0.5
605,9,139,11,81101.0,51801.0,81537.0,70884.9,103624507.49000001,63611.5,71233.5,81101.0,0.3
605,14,208,16,81101.0,51801.0,70368.0,63552.8,30055556.560000002,59525.75,65863.5,66688.5,0.5
606,9,126,11,68620.0,44051.0,68620.0,59998.6,48142877.839999996,59091.25,61994.5,63873.75,0.4
607,9,128,11,35263.0,30956.0,35263.0,33372.6,1657419.44,32627.0,33654.0,34369.25,0.7
608,9,128,11,36388.0,30563.0,36388.0,34029.7,3434649.21,33206.0,34425.0,35499.5,0.7
609,9,138,11,33717.0,28166.0,34696.0,32491.8,3265302.76,32186.25,32905.0,33717.0,0.7
610,9,137,11,84078.0,49534.0,84078.0,59287.9,91028233.09,53844.0,55882.5,62411.5,0.6
611,9,140,11,52555.0,47985.0,58360.0,54875.6,11156117.239999998,52555.0,56211.5,57790.25,0.1
611,14,198,16,52555.0,46137.0,55790.0,50468.0,7328757.0,48279.0,50644.5,52288.25,0.5
612,9,135,11,92204.0,79347.0,92204.0,84134.6,16451468.440000001,81160.5,83349.5,84210.25,0.0
612,14,207,16,92204.0,67492.0,83362.0,79180.9,22462558.09,79570.5,80386.0,82514.75,0.2
613,9,132,11,85863.0,78711.0,90933.0,83498.0,14342670.4,80527.0,82540.5,85863.0,0.0
613,14,197,16,85863.0,67784.0,82616.0,77232.0,23250152.4,73615.0,79163.5,80571.0,0.3
614,9,123,11,44882.0,32994.0,44882.0,36830.1,9621126.690000001,34631.75,36771.0,37309.0,0.9
615,9,128,11,35615.0,25324.0,38423.0,33242.9,20399703.29,29364.0,35468.5,36857.0,0.9
616,9,144,11,67167.0,67167.0,78741.0,72973.0,15756341.2,70987.5,72026.5,76309.0,0.4
617,9,115,11,41292.0,31389.0,44675.0,37195.7,17959894.01,33371.0,37706.5,40486.5,0.7
618,9,110,11,36762.0,36762.0,43029.0,40974.7,5123579.8100000005,40667.75,41763.0,42680.25,0.0
618,14,177,16,36762.0,30733.0,41244.0,36086.5,13946384.05,32583.25,36187.0,39667.5,0.5
619,9,133,11,127635.0,51864.0,127635.0,86070.9,408151994.49,78353.0,85612.0,90141.0,0.6
621,9,134,11,33180.0,17722.0,36335.0,27994.3,27339322.21,26428.0,27677.5,32230.5,0.6
621,14,194,16,33180.0,17722.0,29382.0,26287.9,12226022.290000001,26428.0,27580.5,28595.75,0.9
622,9,135,11,62165.0,52629.0,66089.0,60997.4,13826617.64,61131.5,61913.5,62269.25,0.4
623,9,110,11,55095.0,52284.0,60016.0,56422.2,5034440.959999999,55119.75,55555.0,58505.5,0.0
624,9,142,11,71857.0,39055.0,71857.0,55227.9,77954920.69,54993.75,56470.0,58527.75,0.4
625,9,135,11,35746.0,35746.0,51484.0,45574.1,27563958.29,45308.25,47035.5,49379.25,0.6
626,9,131,11,65031.0,32083.0,65031.0,45733.6,164619442.83999997,36203.25,39841.5,59027.0,0.7
627,9,134,11,55574.0,46918.0,56299.0,52482.3,9908519.41,50892.5,52430.5,55574.0,0.4
628,9,145,11,69337.0,52124.0,75367.0,61453.2,65242891.35999999,54417.0,60353.5,68496.75,0.2
628,14,210,16,69337.0,47845.0,55377.0,52747.5,4792297.05,51971.75,52484.0,54543.0,0.6
629,9,131,11,59479.0,47601.0,59479.0,52598.5,11802005.85,50035.25,52938.0,53894.5,0.4
629,14,191,16,59479.0,39233.0,52999.0,49824.4,15801698.440000001,48549.75,51509.0,52527.25,0.7
630,9,144,11,73971.0,55606.0,73971.0,62640.0,23723746.8,60137.25,61382.5,63425.75,0.0
630,14,215,16,73971.0,49196.0,61153.0,56586.2,15855476.76,55743.5,57365.5,59790.5,0.2
630,19,279,21,73971.0,49196.0,57572.0,54261.0,8217251.4,52650.75,55063.5,56369.75,0.5
631,9,134,11,56431.0,53632.0,63831.0,60091.0,11000995.4,57287.5,61107.0,62729.25,0.3
632,9,137,11,65203.0,38178.0,65203.0,59525.0,55662744.6,59651.0,61575.0,63745.25,0.1
632,14,207,16,65203.0,38178.0,60728.0,54390.8,40225874.36,52596.5,55702.0,59209.25,0.6
633,9,141,11,67269.0,64277.0,73157.0,69004.2,7365758.360000001,67269.0,68837.0,70827.5,0.2
633,14,205,16,67269.0,57626.0,70113.0,65615.9,13286612.09,63737.75,66828.5,67560.75,0.5
634,9,149,11,63760.0,50842.0,63760.0,56022.0,14300653.8,52822.0,56097.0,57980.5,0.3
635,9,138,11,44925.0,29110.0,44925.0,38391.0,23279763.2,38972.0,39681.0,40817.25,0.5
636,9,141,11,67811.0,59167.0,73652.0,65661.5,28993846.85,60188.25,65554.0,70775.0,0.6
637,9,111,11,71755.0,61753.0,71755.0,66822.0,8229465.6,64787.0,67096.0,68516.25,0.3
638,9,139,11,79329.0,45708.0,79329.0,56125.9,101428502.09,49456.25,52648.5,60749.5,0.6
638,14,206,16,79329.0,45708.0,55248.0,51096.9,10589521.89,48976.5,51638.0,54031.0,0.8
639,9,133,11,65714.0,46089.0,65714.0,51908.2,32372411.560000002,48626.0,50813.5,51701.25,0.4
640,9,115,11,59443.0,36265.0,59443.0,44867.9,46301022.49,40661.0,42541.5,49618.5,0.6
642,9,80,11,21753.0,15522.0,24384.0,21178.2,5928778.76,20473.5,21753.0,22741.5,0.8
645,9,137,11,86407.0,54261.0,86407.0,64855.4,81993737.64000002,60985.0,61627.5,65108.5,0.4
646,9,131,11,65016.0,35760.0,65016.0,44388.4,54613872.239999995,41012.75,42814.0,44154.75,0.6
647,9,144,11,64941.0,39339.0,64941.0,47295.2,41425117.96000001,44644.25,45592.0,48198.5,0.6
648,9,113,11,26171.0,23806.0,28005.0,26117.2,1436430.16,25583.0,26271.0,26882.75,0.7
650,9,136,11,80500.0,73287.0,86404.0,81058.8,19466663.359999996,80398.75,80949.0,84882.25,0.2
651,9,132,11,80235.0,62633.0,80235.0,70475.4,41215275.24000001,65777.5,68216.0,76664.5,0.4
652,9,143,11,100424.0,80632.0,100424.0,85600.0,34395040.6,81837.0,83728.0,85266.5,0.0
652,14,208,16,100424.0,76379.0,84040.0,81835.2,4608417.36,80979.25,82285.0,83498.0,0.1
653,9,138,11,66045.0,61209.0,78289.0,69129.3,23687960.610000003,66045.0,68130.5,71510.75,0.5
654,9,113,11,72949.0,65912.0,78748.0,73320.9,12849115.489999998,72949.0,73994.0,75203.75,0.2
655,9,137,11,106591.0,67137.0,106591.0,81747.8,135329625.76000002,74982.75,79328.5,81932.25,0.2
655,14,201,16,106591.0,65545.0,80189.0,74430.3,23144412.21,71995.25,75369.5,78170.25,0.4
656,9,136,11,88264.0,66774.0,88264.0,79051.5,59452176.65,71802.75,81675.0,85100.0,0.5
657,9,146,11,94736.0,76286.0,94736.0,83842.9,23798469.689999998,81288.0,83492.0,85662.25,0.0
657,14,214,16,94736.0,70946.0,82783.0,76912.2,22988649.560000002,71783.5,77428.5,81728.0,0.0
657,19,287,21,94736.0,67533.0,76286.0,73038.7,7381593.609999999,71379.25,72790.5,75757.25,0.1
658,9,135,11,89460.0,58931.0,89460.0,72597.7,117485227.21000001,65584.5,68536.0,81714.75,0.2
658,14,194,16,89460.0,58931.0,67015.0,63919.9,7438105.290000001,61564.75,65633.0,65843.25,0.3
659,9,122,11,34748.0,19495.0,34748.0,22110.8,20192017.359999996,20030.25,20118.5,20807.5,0.8
660,9,147,11,88069.0,54862.0,88069.0,64870.7,141371012.81,58801.25,59565.5,63851.75,0.3
660,14,218,16,88069.0,53495.0,60171.0,57935.8,5077218.5600000005,56317.25,58955.5,59681.25,0.5
662,9,136,11,80692.0,44983.0,80692.0,54337.9,94318595.69,48898.0,50670.0,57064.25,0.6
663,9,140,11,71621.0,34901.0,71621.0,55656.3,148704290.60999998,47712.75,59352.0,63076.75,0.3
663,14,200,16,71621.0,34901.0,58565.0,45013.6,63051384.44,38317.75,44031.0,49640.75,0.7
664,9,143,11,76450.0,34989.0,76450.0,51925.6,98170406.84,49509.75,51062.0,53321.75,0.7
665,9,143,11,132258.0,71261.0,132258.0,104859.2,535357096.56000006,80058.25,113095.0,122205.0,0.3
665,14,201,16,132258.0,66534.0,108197.0,78719.8,183758705.35999995,71375.75,72957.0,76141.0,0.6
666,9,120,11,116897.0,60777.0,116897.0,86211.8,324175171.36,76864.0,81830.5,97428.25,0.7
667,9,133,11,60424.0,39833.0,60424.0,44984.2,31335341.76,41511.0,43843.0,45830.0,0.4
668,9,133,11,59105.0,55018.0,69468.0,59379.6,15201350.440000001,56530.5,59009.5,60341.75,0.2
669,9,142,11,67058.0,39865.0,67058.0,49192.9,64207754.69000001,41621.25,49666.0,52572.75,0.5
669,14,202,16,67058.0,39865.0,50245.0,45695.2,14482937.559999999,41621.25,47429.5,48952.25,0.8
670,9,136,11,42809.0,30172.0,42809.0,36635.9,15304320.89,34033.25,35757.5,39094.5,0.8
671,9,143,11,61103.0,53501.0,61103.0,58148.8,6696101.760000001,56041.5,58513.5,60511.0,0.7
672,9,141,11,103228.0,86572.0,103228.0,96277.6,26919181.04,94159.5,97714.0,99955.0,0.1
672,14,203,16,103228.0,75320.0,96882.0,89074.7,42322052.41,85797.25,87361.0,95804.5,0.4
673,9,140,11,99462.0,60904.0,99462.0,81355.0,101797970.0,74966.75,82586.0,85569.0,0.3
674,9,131,11,118756.0,83462.0,118756.0,93601.8,78980773.96000001,90359.75,91785.5,93181.0,0.1
675,9,133,11,77372.0,54756.0,84294.0,65921.9,89472064.68999998,59150.75,62421.5,73654.75,0.5
675,14,199,16,77372.0,54756.0,64836.0,60811.1,8680497.09,58594.0,61770.5,62495.0,0.6
676,9,138,11,79345.0,56092.0,79345.0,64072.9,38566850.49,59200.75,64277.0,66355.25,0.4
677,9,144,11,56262.0,38655.0,57008.0,50833.6,47979702.24,45278.25,54560.5,56262.0,0.3
677,14,210,16,56262.0,38655.0,53229.0,47368.0,22672155.6,44535.5,48289.0,51354.0,0.6
678,9,107,11,41658.0,28376.0,41658.0,35649.5,23052549.65,31023.0,36371.0,39374.0,0.5
678,14,156,16,41658.0,27172.0,37314.0,31662.0,11476488.4,29317.0,29957.0,34913.25,0.9
679,9,127,11,44767.0,29274.0,44767.0,36115.9,21246525.490000002,32675.75,37070.0,37651.75,0.7
680,9,137,11,47591.0,28217.0,47591.0,37330.7,25390047.61,35769.75,38034.5,39291.5,0.9
682,9,140,11,44124.0,38393.0,54991.0,47419.2,32341134.160000004,44124.0,48310.0,52610.75,0.7
683,9,150,11,51806.0,32303.0,51806.0,39977.4,25779137.84,37220.5,39580.0,41908.5,0.3
683,14,218,16,51806.0,22901.0,39641.0,35421.8,24056042.360000003,33259.0,37423.5,39126.25,0.5
686,9,137,11,55426.0,46643.0,55426.0,51180.1,7562832.090000001,48857.75,51273.5,53394.5,0.1
686,14,195,16,55426.0,43349.0,51719.0,47614.4,6115672.239999999,45764.0,47947.5,49523.25,0.5
687,9,131,11,95269.0,66022.0,95269.0,84830.6,72424278.24,80726.0,84788.5,92113.25,0.1
688,9,133,11,102314.0,69596.0,102314.0,82818.9,77073048.49,78524.75,83311.0,85910.25,0.3
688,14,199,16,102314.0,69596.0,84037.0,78071.8,20189058.159999996,77295.5,78426.0,81552.75,0.5
689,9,133,11,71303.0,59070.0,71510.0,66896.3,22613830.009999998,62980.0,68069.5,71303.0,0.4
690,9,134,11,95680.0,61449.0,95680.0,69756.2,113676956.16000001,63149.0,65532.5,67988.0,0.8
691,9,136,11,103508.0,83085.0,103508.0,96885.6,47078789.239999995,94244.5,100119.0,102388.0,0.1
691,14,201,16,103508.0,74093.0,99610.0,89739.6,52523635.44,86303.0,90575.5,94277.5,0.2
692,9,122,11,57122.0,48155.0,61988.0,55628.8,22303821.96,51283.75,57122.0,58859.5,0.6
693,9,120,11,71137.0,41442.0,71137.0,61077.3,85683554.41,58580.5,63944.5,67098.5,0.7
695,9,130,11,72436.0,56814.0,72436.0,68101.7,23348010.009999998,66389.0,69917.0,71728.75,0.7
696,9,144,11,79258.0,56275.0,79258.0,68216.8,55857172.35999999,61041.75,71453.0,73584.5,0.4
696,14,205,16,79258.0,55228.0,71396.0,61729.6,20500748.64,58912.25,61645.0,63876.0,0.9
697,9,129,11,57536.0,42288.0,57536.0,52663.0,15121057.0,52807.75,53169.0,54344.75,0.7
698,9,134,11,60142.0,25235.0,60142.0,51978.4,92487764.44,51293.0,55243.5,56623.5,0.2
698,14,196,16,60142.0,25235.0,54863.0,45231.3,71980168.41,41554.75,48798.0,50876.25,0.7
699,9,133,11,136506.0,65086.0,136506.0,96532.0,335811567.8,87847.25,94433.5,100362.5,0.7
701,9,129,11,38299.0,32958.0,38299.0,34737.4,3031760.6399999997,33415.5,33850.5,36191.0,0.9
702,9,138,11,68857.0,57064.0,68857.0,62944.7,13752520.01,59926.75,62783.5,64580.0,0.1
703,9,141,11,97412.0,49651.0,97412.0,70542.1,393401004.48999995,53677.0,58488.0,93017.75,0.5
703,14,195,16,97412.0,45611.0,57478.0,53831.9,12558514.09,52656.0,55220.5,56486.0,0.9
704,9,142,11,92907.0,57464.0,92907.0,72578.7,72659061.41,69683.5,71491.5,73370.0,0.2
705,9,134,11,65447.0,52987.0,65447.0,57919.1,20026513.09,54275.25,56607.0,60608.5,0.7
706,9,137,11,61141.0,56474.0,69390.0,61484.6,10681108.440000001,60198.0,61141.0,62224.5,0.1
706,14,196,16,61141.0,47829.0,61141.0,57729.1,15480985.290000001,55892.75,59235.5,60672.0,0.4
706,19,265,21,61141.0,47829.0,58327.0,54093.1,13499797.089999998,50583.5,55549.5,57028.25,0.7
707,9,138,11,107765.0,58965.0,107765.0,75297.9,236562524.08999997,66422.0,69956.5,79962.75,0.2
707,14,192,16,107765.0,56366.0,69305.0,64026.9,17823652.69,60376.0,65056.5,66986.0,0.3
709,9,137,11,61253.0,55882.0,61253.0,58207.4,2252752.04,57107.5,57980.5,59227.5,0.0
709,14,207,16,61253.0,40817.0,57680.0,51293.7,37722204.410000004,46802.25,52425.0,56956.0,0.5
709,19,260,21,61253.0,40817.0,53478.0,47550.5,13684121.05,44551.0,48913.0,49937.5,0.9
710,9,140,11,45887.0,28547.0,45887.0,37625.2,18223995.36,35664.5,38957.0,39391.25,0.9
711,9,134,11,63659.0,49157.0,63659.0,55028.8,35633348.160000004,49959.0,51607.5,61680.75,0.6
712,9,139,11,110253.0,76783.0,110253.0,93217.4,94611710.23999998,88571.25,92421.5,94661.75,0.1
712,14,207,16,110253.0,70012.0,93646.0,85008.8,57928992.96,78713.25,86866.5,91701.0,0.3
712,19,260,21,110253.0,67067.0,85706.0,76530.6,28427183.439999998,74170.5,76691.0,78273.25,0.8
713,9,134,11,49196.0,36626.0,49196.0,41227.6,10699531.24,40128.5,41151.0,42018.25,0.2
714,9,140,11,72086.0,46123.0,72086.0,60054.4,94563505.64000002,51113.25,61171.5,68888.25,0.3
714,14,211,16,72086.0,46123.0,54426.0,50668.2,4645806.56,49609.5,51021.5,51794.0,0.7
715,9,140,11,78920.0,38071.0,78920.0,51560.6,205830148.44,42117.5,45057.5,55188.75,0.5
716,9,141,11,83740.0,42680.0,83740.0,55324.5,171576662.45,46274.25,50864.5,58224.75,0.4
716,14,206,16,83740.0,42680.0,51597.0,47978.5,7978736.25,46274.25,48662.5,50126.75,0.6
717,9,147,11,74280.0,45521.0,74280.0,52357.5,63476977.25,47611.25,50408.5,52530.5,0.4
717,14,219,16,74280.0,45521.0,51922.0,49036.3,4214510.8100000005,47611.25,49424.0,50718.25,0.6
718,9,141,11,71279.0,47425.0,71279.0,53944.3,57382110.00999999,49550.75,50628.5,54093.5,0.6
719,9,149,11,81955.0,64066.0,81955.0,67951.6,25520984.44,65293.25,66464.0,67229.5,0.0
720,9,143,11,95089.0,73620.0,95089.0,80304.4,37944523.04000001,75906.0,79336.0,79688.5,0.0
721,9,153,11,55953.0,32909.0,55953.0,43076.7,54636348.61,37993.0,42077.0,49028.75,0.5
721,14,221,16,55953.0,32909.0,41381.0,38460.0,7566952.2,37993.0,39378.5,40361.25,0.5
722,9,139,11,30052.0,23039.0,31676.0,28838.4,5783775.039999999,28054.5,29606.5,30052.0,0.9
724,9,142,11,62481.0,57137.0,67955.0,62455.8,7515607.76,61298.25,62900.5,63644.5,0.3
725,9,150,11,69365.0,55889.0,69365.0,64039.1,20471179.09,59994.5,65240.0,67394.0,0.1
725,14,221,16,69365.0,46632.0,63733.0,55931.7,28360197.809999995,53005.25,56441.0,58960.25,0.6
725,19,284,21,69365.0,42443.0,56993.0,52435.2,21792578.76,49668.25,54138.5,55949.0,1.0
726,9,126,11,43056.0,40360.0,48532.0,44227.4,6199374.04,42892.5,43607.5,45899.5,0.5
727,9,132,11,59965.0,45829.0,59965.0,49931.8,14944109.36,48259.75,48415.5,50741.0,0.7
729,9,137,11,45562.0,39934.0,49461.0,44257.9,5934579.49,42913.75,44228.5,45546.5,0.8
730,9,137,11,82957.0,40955.0,82957.0,51657.0,124900534.4,46026.25,47799.5,52404.75,0.1
730,14,205,16,82957.0,37045.0,47480.0,44442.8,9221563.559999999,44151.25,45269.5,46465.5,0.3
731,9,143,11,45421.0,32149.0,52073.0,44118.2,37271666.16,40485.0,45421.0,48609.75,0.6
732,9,118,11,61271.0,33174.0,61271.0,49724.4,81100455.24,44493.25,48831.0,58110.75,0.0
732,14,175,16,61271.0,23723.0,47747.0,34456.4,73993191.64000002,26937.75,32070.5,43239.0,0.5
732,19,232,21,61271.0,23723.0,34815.0,29901.6,13300883.239999998,26937.75,31336.5,32735.25,0.7
733,9,136,11,42172.0,30439.0,42172.0,36488.0,17033709.4,33276.0,36287.5,40028.0,0.8
734,9,138,11,80961.0,51833.0,80961.0,65999.8,76125399.55999999,62943.25,65715.5,66189.0,0.4
736,9,141,11,108809.0,45738.0,108809.0,77655.5,433733164.25,63280.5,76844.0,92902.75,0.2
736,14,204,16,108809.0,45738.0,76710.0,61399.4,66163103.04000001,59086.25,61020.0,64042.0,0.4
737,9,125,11,56429.0,48497.0,56429.0,52295.5,8584365.45,50086.0,51549.0,55385.5,0.7
737,14,196,16,56429.0,48497.0,52696.0,50478.1,1708408.89,49397.5,50493.5,51474.5,1.0
738,9,137,11,79973.0,59181.0,79973.0,69924.8,42583313.559999995,64346.5,69154.0,75302.5,0.0
738,14,204,16,79973.0,45160.0,69018.0,57308.8,70094248.16,49819.0,58381.5,62822.5,0.4
738,19,263,21,79973.0,45160.0,57582.0,51151.2,12820663.16,49247.5,51510.5,52902.75,0.9
739,9,131,11,62177.0,23748.0,62177.0,37642.4,92697975.03999999,33688.25,35219.5,39580.25,0.6
740,9,139,11,44207.0,44207.0,49909.0,47171.6,3140549.8400000003,46946.25,47179.0,48098.0,0.0
740,14,206,16,44207.0,37989.0,47153.0,43697.5,8164836.45,42134.0,44152.5,46250.0,0.2
740,19,269,21,44207.0,37989.0,44207.0,42118.5,5013060.05,40703.75,42870.0,44125.0,0.3
740,24,335,26,44207.0,37989.0,42445.0,40391.2,2185885.1599999997,39071.25,40695.0,41693.75,0.5
741,9,142,11,66329.0,52386.0,66329.0,58203.9,15292132.690000001,55896.25,58531.5,60324.0,0.3
742,9,138,11,51887.0,45752.0,53533.0,50553.1,6427189.6899999995,49876.75,51202.5,52130.75,0.6
743,9,142,11,94537.0,61330.0,94537.0,74696.8,81653076.36,67281.0,76511.5,78065.5,0.1
743,14,204,16,94537.0,56269.0,77360.0,67754.8,50299956.76,62120.25,65389.5,75342.0,0.3
743,19,266,21,94537.0,56269.0,73677.0,65844.8,25856125.16,62120.25,65389.5,69849.75,0.3
744,9,133,11,87597.0,60361.0,87597.0,71810.7,53486886.61000001,68200.75,71062.5,75741.5,0.4
745,9,132,11,79582.0,60823.0,79582.0,71274.8,21851318.96,68987.75,72211.5,72963.5,0.1
746,9,126,11,62578.0,58546.0,65409.0,62671.1,4823504.6899999995,61299.25,62906.5,64351.5,0.3
747,9,130,11,138982.0,67205.0,138982.0,112027.5,536638712.05,103777.5,120680.0,125735.0,0.2
747,14,192,16,138982.0,65568.0,116485.0,82834.4,339395294.84,69657.75,74556.5,94833.75,0.5
748,9,134,11,129242.0,67378.0,129242.0,90146.8,300488196.96000004,85655.25,86890.0,90111.5,0.8
749,9,141,11,105967.0,82982.0,105967.0,92658.2,40622733.760000005,87935.75,93194.0,94180.0,0.2
750,9,143,11,108159.0,83609.0,108159.0,98629.7,53929520.80999999,93975.75,97614.0,105494.0,0.1
750,14,215,16,108159.0,78133.0,97557.0,89868.3,41717474.61,83758.5,93090.0,95067.25,0.4
750,19,274,21,108159.0,68183.0,93136.0,83687.5,45588536.65,82801.25,83908.0,85660.5,0.8
752,9,120,11,39504.0,25153.0,39504.0,34933.2,14529126.16,34201.0,35281.0,37451.25,0.6
753,9,141,11,78396.0,26534.0,78396.0,63569.9,180627080.49,61292.0,66714.0,71008.75,0.4
754,9,112,11,82938.0,75931.0,84764.0,81688.2,5941913.56,80214.25,82872.0,82989.75,0.1
755,9,124,11,32583.0,29659.0,32583.0,31858.5,763599.45,31638.5,32109.0,32519.25,0.1
755,14,187,16,32583.0,24793.0,32059.0,29204.2,5331342.76,27635.75,29057.0,31417.5,0.6
756,9,141,11,86373.0,41524.0,86373.0,62835.5,200882008.25,51954.0,58795.5,75451.25,0.6
757,9,144,11,68943.0,68943.0,78427.0,73043.3,10606210.41,70070.0,72712.5,75517.75,0.2
758,9,135,11,75688.0,47855.0,75688.0,57020.7,59719046.81,51627.75,56717.5,59871.25,0.4
759,9,149,11,53167.0,52226.0,53796.0,53188.8,239184.36000000002,53167.0,53237.0,53536.0,0.0
760,9,138,11,48637.0,48637.0,52063.0,50396.6,1798516.4400000002,48932.5,50466.5,51670.5,0.2
761,9,142,11,61277.0,61277.0,74294.0,66957.0,21714051.4,63763.0,64965.0,70547.5,0.4
762,9,134,11,85313.0,58853.0,85313.0,76238.6,48649653.83999999,73662.0,77660.5,80521.5,0.3
763,9,133,11,58151.0,45847.0,62345.0,57674.5,21926879.25,55899.25,58151.0,61603.0,0.5
763,14,199,16,58151.0,45847.0,60295.0,55877.3,15579535.610000003,55320.25,57450.0,58151.0,0.8
764,9,141,11,89389.0,69448.0,89389.0,75674.9,54042602.089999996,71059.0,72058.5,77790.75,0.0
765,9,145,11,85077.0,67588.0,85077.0,74112.8,20982058.16,70792.25,73757.0,75913.25,0.1
766,9,131,11,47339.0,47339.0,73584.0,61580.9,94593973.69000001,52019.5,63636.5,69230.25,0.6
767,9,130,11,99788.0,55231.0,99788.0,72775.7,192451847.61,63802.0,70598.5,76172.25,0.7
769,9,143,11,39898.0,28151.0,40068.0,37000.7,10953090.209999999,36117.5,37714.5,39446.75,0.4
770,9,134,11,68318.0,55025.0,68318.0,62700.2,25951920.76,57768.75,64059.0,67563.75,0.5
770,14,206,16,68318.0,55025.0,65762.0,60385.6,10181017.84,57768.75,61469.5,62416.0,0.8
771,9,143,11,54665.0,49272.0,60001.0,54789.4,8836346.64,53708.25,54429.0,55631.75,0.6
772,9,118,11,64981.0,58254.0,64981.0,62505.7,6200014.61,60802.75,63519.0,64589.0,0.8
774,9,133,11,99663.0,61762.0,99663.0,80587.9,134811607.89,75072.5,76361.0,91490.5,0.2
774,14,199,16,99663.0,60349.0,76249.0,70808.4,31436975.24,67808.25,73958.0,75118.25,0.4
775,9,145,11,61027.0,53046.0,65439.0,59384.6,17369654.24,55527.25,60310.5,61177.0,0.3
775,14,214,16,61027.0,53046.0,61027.0,56622.6,9280203.44,54013.5,55276.0,59495.5,0.5
776,9,127,11,40547.0,40547.0,67466.0,56212.6,91676204.04,49426.5,60298.0,64048.5,0.8
777,9,139,11,99870.0,64644.0,99870.0,80555.5,86897605.05,75861.0,78767.0,86450.25,0.8
778,9,129,11,122335.0,55144.0,122335.0,84463.9,308507750.2900001,75647.5,83351.5,84953.75,0.4
779,9,129,11,64177.0,56666.0,68022.0,62435.7,11425085.61,61301.75,62991.5,64177.0,0.5
780,9,140,11,65909.0,52170.0,65909.0,58501.8,16980282.759999998,55590.75,57703.5,60365.0,0.3
780,14,201,16,65909.0,50599.0,57224.0,54443.8,4956851.76,52521.25,55106.0,56361.25,0.6
781,9,136,11,74916.0,46950.0,74916.0,61521.0,62095570.0,58734.0,59768.5,66812.75,0.6
781,14,198,16,74916.0,46950.0,61094.0,57153.1,14942092.89,56841.0,58136.0,59470.5,0.9
782,9,136,11,71403.0,60250.0,71403.0,64050.5,9666063.05,62020.25,64006.5,65404.75,0.2
784,9,144,11,78570.0,58929.0,78570.0,66459.9,43927935.89,61510.75,64402.0,68516.0,0.7
785,9,129,11,65886.0,38463.0,65886.0,46126.0,69051938.6,40709.5,42191.5,50253.25,0.6
786,9,109,11,71327.0,42141.0,71327.0,58784.1,72594163.09,54245.75,56400.5,64833.25,0.6
787,9,117,11,96817.0,48913.0,96817.0,67955.8,135809451.96,64096.0,67242.5,69982.75,0.8
788,9,144,11,53185.0,43667.0,53185.0,49207.0,11052568.2,45923.25,50293.5,52092.0,0.5
789,9,138,11,76055.0,37798.0,76055.0,51548.9,142356679.69,43439.25,47900.0,59543.0,0.7
790,9,144,11,92842.0,71213.0,97614.0,84306.4,83390192.64,76443.0,82880.5,92842.0,0.1
790,14,210,16,92842.0,71213.0,81316.0,76023.4,10041807.040000001,73805.75,76008.5,78107.25,0.3
792,9,117,11,74244.0,46369.0,74244.0,58317.1,46195853.88999999,55357.5,57946.0,60074.5,0.7
794,9,127,11,100597.0,82409.0,100597.0,92701.0,25366610.2,90027.0,92588.0,96469.75,0.1
795,9,138,11,103501.0,73128.0,103501.0,80786.3,82797776.80999999,75219.0,76213.0,82625.75,0.2
795,14,205,16,103501.0,59986.0,81113.0,73073.8,33798446.160000004,73168.75,75003.0,75996.75,0.4
796,9,137,11,39352.0,36197.0,42290.0,39717.8,2820339.96,39183.75,39352.0,40945.0,0.5
797,9,141,11,103371.0,64053.0,103371.0,73721.3,139913273.61,64744.25,70328.5,75169.25,0.5
797,14,209,16,103371.0,64053.0,72049.0,67450.1,8034099.49,64744.25,67048.0,70011.25,0.7
798,9,145,11,48528.0,30846.0,48528.0,41108.1,40516122.29,35415.0,42483.0,46547.75,0.5
798,14,215,16,48528.0,30846.0,43792.0,37839.6,13370708.639999999,35415.0,38748.5,40054.5,0.9
799,9,134,11,47175.0,40762.0,53881.0,47738.2,18243076.560000002,45280.5,47712.5,51031.75,0.6
800,9,143,11,67822.0,37173.0,67822.0,51164.3,95076094.80999999,44926.25,47833.0,58717.75,0.6
801,9,145,11,74556.0,55939.0,74556.0,66718.2,50978811.160000004,59656.5,70804.0,72426.25,0.3
801,14,203,16,74556.0,55939.0,70084.0,60517.3,17696476.209999997,57135.25,59207.0,62272.5,0.6
802,9,145,11,73449.0,66569.0,80460.0,72998.8,17141564.36,70366.75,72595.0,73562.25,0.0
802,14,214,16,73449.0,58332.0,73449.0,69352.9,19825490.690000005,67277.0,70707.5,72813.5,0.1
803,9,128,11,79155.0,59821.0,79155.0,69982.5,42735989.25,63887.75,69601.5,75912.75,0.9
804,9,134,11,82793.0,38623.0,82793.0,54493.1,147417278.09,47657.75,51042.5,56297.5,0.4
804,14,193,16,82793.0,32974.0,52390.0,45617.8,33562045.16,43347.75,46740.5,49730.0,0.7
805,9,124,11,71726.0,30328.0,71726.0,48911.3,157834205.81,37422.5,49548.5,58149.0,0.4
805,14,179,16,71726.0,30328.0,45191.0,39613.2,18018160.759999998,36733.5,41245.0,42723.0,0.9
806,9,115,11,38423.0,38423.0,59948.0,51425.8,58013860.55999999,47984.5,52059.0,58200.0,0.9
808,9,129,11,72279.0,52471.0,72279.0,63390.4,38565949.84,59616.0,64575.5,67721.0,0.5
809,9,145,11,82182.0,59970.0,82182.0,68687.7,66736136.010000005,60735.5,67023.0,76321.75,0.0
809,14,219,16,82182.0,53521.0,65849.0,61644.7,12070247.01,60284.0,61121.0,64388.0,0.1
810,9,132,11,69337.0,53907.0,69337.0,64065.5,25997150.45,61062.25,64969.0,68613.0,0.5
811,9,134,11,57401.0,38485.0,57401.0,48811.0,32202413.8,43925.5,50350.5,52791.0,0.5
812,9,145,11,71695.0,43600.0,71695.0,59372.2,91172701.16,52497.75,62994.0,66272.0,0.2
812,14,211,16,71695.0,41312.0,61487.0,50204.7,32577660.410000004,45409.25,51465.5,52682.25,0.4
814,9,129,11,82495.0,43955.0,82495.0,60963.3,159238746.20999998,53246.25,55236.5,66897.25,0.2
814,14,196,16,82495.0,39094.0,54689.0,50453.8,23502124.160000004,49918.25,52235.0,53856.5,0.5
815,9,131,11,119236.0,61777.0,119236.0,81182.3,258614274.01,70452.25,77071.5,84318.5,0.3
815,14,199,16,119236.0,61777.0,77006.0,68877.8,22972149.76,65206.0,69149.0,72031.75,0.6
816,9,139,11,53906.0,26370.0,53906.0,40735.0,43038788.6,38101.5,41922.5,42147.75,0.3
816,14,191,16,53906.0,26370.0,41777.0,36290.7,15275031.809999997,35029.5,36966.0,38721.25,0.7
817,9,113,11,42906.0,29891.0,42906.0,35822.6,15081937.039999997,33922.5,34502.0,36057.75,0.7
819,9,136,11,42655.0,42655.0,56162.0,51050.7,31453615.21,45698.75,54871.0,55649.0,0.3
820,9,129,11,44530.0,40913.0,53142.0,47568.5,13384472.65,44947.25,46637.0,50894.25,0.8
821,9,131,11,65319.0,57562.0,66490.0,63787.1,5550865.890000001,63085.75,64373.0,65293.0,0.0
821,14,200,16,65319.0,42630.0,64063.0,55966.3,60139003.21,48947.5,59205.5,62896.75,0.4
821,19,259,21,65319.0,42630.0,57562.0,50700.6,25762696.639999997,46774.25,51686.5,54905.5,0.9
822,9,142,11,74273.0,55791.0,74273.0,63627.9,27888795.089999996,59297.5,63846.5,65661.75,0.5
823,9,115,11,81801.0,60227.0,81801.0,69848.2,40559880.36,65844.25,69238.0,73440.0,0.3
823,14,179,16,81801.0,57847.0,69075.0,64487.0,14054646.0,61199.75,65641.5,67795.75,0.6
824,9,131,11,90751.0,44869.0,90751.0,67003.6,156134975.44,61118.0,64614.0,67591.25,0.6
825,9,136,11,80532.0,54296.0,85622.0,73989.9,72060940.69,70176.25,75478.0,80300.5,0.5
826,9,128,11,44783.0,23573.0,44783.0,30024.8,36305415.56,25926.5,28422.0,32711.25,0.7
827,9,92,11,28245.0,17545.0,28245.0,20828.7,7947059.409999999,19464.0,20622.0,21314.5,0.8
828,9,132,11,45322.0,32389.0,45322.0,37724.8,21614764.559999995,32927.75,37566.0,41675.0,0.5
829,9,128,11,40321.0,29845.0,40321.0,35910.4,12913572.84,33371.25,35240.5,39736.75,0.6
830,9,134,11,40360.0,32361.0,40360.0,37375.4,7749921.840000001,35267.75,37956.0,39861.0,0.7
831,9,141,11,79810.0,58710.0,89425.0,79351.6,91709925.24,78732.25,80372.5,87268.0,0.2
831,14,198,16,79810.0,52889.0,79810.0,68143.9,98644740.69,59243.0,69545.0,77667.5,0.5
833,9,147,11,65842.0,44680.0,65842.0,53209.5,34273110.25,49638.5,51095.5,55934.25,0.6
834,9,137,11,64527.0,49147.0,65899.0,60909.0,24111936.0,58412.5,62686.0,64394.75,0.4
835,9,137,11,53437.0,34570.0,53437.0,41835.5,41846792.85,35918.75,41479.5,44476.0,0.7
836,9,141,11,95914.0,39467.0,95914.0,77815.0,411495754.2,61091.0,88504.0,93446.5,0.2
836,14,212,16,95914.0,35718.0,84649.0,54478.2,215358906.56,47448.25,50486.0,55057.0,0.7
837,9,145,11,75720.0,43187.0,75720.0,52069.5,94061407.25,46143.75,48527.0,52061.25,0.8
838,9,128,11,131092.0,89954.0,131092.0,109568.4,121731899.64000002,103603.75,112653.0,113112.0,0.2
838,14,201,16,131092.0,89954.0,112561.0,104115.3,56042273.61,98904.75,105176.5,110968.5,0.2
839,9,139,11,75264.0,57382.0,79252.0,67562.3,49457094.21,63032.25,66970.5,73575.25,0.7
840,9,147,11,111687.0,76912.0,111687.0,88025.0,77917651.0,83855.25,84499.5,90368.0,0.1
842,9,128,11,87370.0,68272.0,87370.0,77401.8,45897201.95999999,71693.5,75720.5,84545.25,0.4
843,9,139,10,66315.0,62119.0,71731.0,67201.5,7525632.45,65645.25,66628.5,69032.0,0.7
844,9,132,11,105453.0,66054.0,105453.0,79237.8,131202252.76000002,72630.0,76163.0,78633.5,0.5
845,9,139,11,67283.0,44957.0,67283.0,58198.1,44804716.29,53956.75,59308.5,61829.5,0.5
847,9,142,11,50271.0,28055.0,50271.0,35705.0,31113583.6,33081.5,34818.0,36793.75,0.7
849,9,143,11,103568.0,70697.0,109158.0,90852.2,161002790.96,83634.0,87029.5,103568.0,0.3
851,9,139,11,55577.0,34342.0,55577.0,43848.2,32531575.359999996,40209.0,44692.5,45678.25,0.6
852,9,134,11,54162.0,39166.0,54162.0,46640.1,19209287.690000005,43900.25,48569.5,49154.0,0.4
853,9,135,11,90926.0,80521.0,93444.0,86220.9,21201206.69,82430.25,84520.5,90926.0,0.0
853,14,205,16,90926.0,63675.0,83373.0,76639.4,50367851.839999996,70495.5,81022.5,82468.75,0.2
853,19,271,21,90926.0,63675.0,80521.0,70291.4,21064155.44,68111.5,70514.0,71577.75,0.4
854,9,143,11,82082.0,72103.0,82082.0,78656.1,9807699.69,77934.25,79650.5,80399.5,0.0
854,14,210,16,82082.0,55753.0,79664.0,72758.6,52590658.04,71170.75,74840.5,78368.75,0.1
854,19,280,21,82082.0,55753.0,75181.0,69232.7,38865698.61,64894.0,71481.5,74795.5,0.2
856,9,123,11,39930.0,30087.0,40937.0,37449.5,13367168.45,34864.0,39028.5,39930.0,0.9
857,9,139,11,65289.0,45975.0,70485.0,59126.5,68539439.85,51596.75,61773.0,65289.0,0.3
857,14,201,16,65289.0,45975.0,59831.0,53634.5,22643320.85,49773.0,54246.0,57637.25,0.4
857,19,266,21,65289.0,41174.0,55147.0,49542.4,16979065.04,46853.25,50077.0,52952.25,0.7
858,9,130,11,57524.0,47540.0,62145.0,56826.6,15255063.24,55080.75,57524.0,59455.5,0.5
859,9,137,11,64511.0,39363.0,64511.0,48735.9,62916588.89,43266.75,45993.0,53651.5,0.7
861,9,139,11,96390.0,71843.0,96390.0,83520.9,51325148.489999995,78212.25,83826.0,88701.5,0.2
861,14,206,16,96390.0,71843.0,82482.0,77053.3,6539696.01,76051.0,77104.0,77921.0,0.4
862,9,120,11,83748.0,69206.0,83748.0,77498.0,20031253.4,74310.25,78894.0,80283.75,0.2
862,14,185,16,83748.0,69206.0,77996.0,73651.8,7321756.760000001,72080.5,73790.0,75494.75,0.3
863,9,132,11,57886.0,47930.0,58497.0,53661.0,13351491.0,51437.75,52403.0,57642.0,0.3
863,14,196,16,57886.0,45044.0,52455.0,49247.0,7139076.2,47322.5,49318.5,52039.25,0.7
864,9,147,11,51409.0,51409.0,63381.0,57996.0,18193461.0,55082.75,58965.5,61735.5,0.4
865,9,139,11,81899.0,69774.0,85101.0,80095.8,17409653.56,77918.5,81899.0,82683.75,0.3
866,9,145,11,77559.0,61230.0,77774.0,71148.0,37014177.4,65514.25,72295.0,77454.0,0.0
866,14,215,16,77559.0,57599.0,71843.0,63414.4,16741649.040000001,60505.5,64204.0,65676.75,0.3
867,9,142,11,57467.0,32935.0,57467.0,46214.1,40826186.69,43512.5,45828.0,47533.75,0.4
868,9,136,11,39823.0,32456.0,39823.0,36979.3,4796242.61,36148.25,36810.5,38757.0,0.5
869,9,120,11,51808.0,37294.0,51808.0,42295.0,18586557.4,39191.5,41305.5,43835.25,0.4
869,14,181,16,51808.0,34602.0,43548.0,38752.0,7041009.8,36808.0,38631.5,39801.25,0.7
870,9,131,11,40112.0,30215.0,40112.0,35052.0,5780036.8,33895.75,35193.5,36004.5,0.3
870,14,189,16,40112.0,30215.0,35147.0,33208.3,2180737.81,32255.0,33509.5,34119.25,0.7
871,9,135,11,33211.0,32885.0,40916.0,35388.6,6866566.24,33211.0,34136.0,37310.5,0.5
871,14,194,16,33211.0,30885.0,35357.0,33150.2,1711445.36,32915.25,33211.0,33769.5,0.8
872,9,141,11,68927.0,36810.0,68927.0,57247.6,106641371.84,52071.75,62228.5,64211.0,0.4
872,14,213,16,68927.0,36810.0,61631.0,51859.6,61346891.44,45805.0,56231.0,57045.75,0.6
873,9,144,11,82378.0,80288.0,88388.0,84639.6,6476580.64,82721.0,84189.0,86995.75,0.0
875,9,147,11,86952.0,57769.0,91581.0,74740.9,147861834.48999998,63711.25,73057.5,86952.0,0.3
875,14,203,16,86952.0,57769.0,67083.0,63363.3,8178951.210000001,62223.0,63032.5,65697.25,0.7
876,9,138,11,61796.0,61796.0,70523.0,66683.1,7833421.089999999,65708.0,67361.0,68233.5,0.1
877,9,138,11,75586.0,63518.0,75586.0,68688.3,9768066.21,67778.25,69257.0,69717.25,0.2
878,9,139,11,93804.0,61799.0,93804.0,75743.5,97300656.25,69001.0,74805.5,81552.5,0.7
879,9,121,11,66550.0,48189.0,68781.0,60220.5,51650814.65,53146.25,61813.0,66550.0,0.4
879,14,182,16,66550.0,42730.0,61252.0,54226.5,27533557.05,51887.25,56686.0,57588.5,0.9
880,9,142,11,73962.0,39663.0,73962.0,54938.2,73147440.96000001,50832.5,53966.5,58663.75,0.7
882,9,125,11,52065.0,38765.0,52065.0,47099.4,20163005.839999996,44082.5,47633.5,51422.75,1.0
883,9,140,11,77817.0,53265.0,77817.0,67654.0,49740555.8,64303.0,70853.5,72118.75,0.2
883,14,205,16,77817.0,41037.0,70082.0,60205.1,76915659.69,54552.5,64346.0,66475.75,0.4
884,9,137,11,57373.0,51094.0,57373.0,54597.7,2527407.61,53963.25,54570.5,55343.25,0.1
884,14,201,16,57373.0,41259.0,54388.0,51764.4,13869150.64,51364.5,53332.0,53878.25,0.5
885,9,127,11,47315.0,41926.0,59216.0,51544.8,32572096.96,47315.0,51178.0,56081.25,0.9
886,9,122,11,107080.0,74929.0,107080.0,84795.3,68681692.61,81121.25,83014.5,86626.5,0.2
887,9,133,11,108482.0,52269.0,108482.0,74042.9,283429746.89,62556.75,70468.0,79886.25,0.3
887,14,176,16,108482.0,52269.0,68629.0,62052.7,19479884.209999997,61286.25,62875.5,63076.0,0.8
888,9,142,11,79246.0,42449.0,79246.0,55520.3,153210829.41,47351.25,52579.0,53560.5,0.4
888,14,207,16,79246.0,42449.0,52319.0,47596.3,9177708.010000002,45855.25,47019.5,49630.25,0.8
889,9,126,11,57823.0,40694.0,57823.0,48831.3,19246999.01,47178.5,48132.0,50135.25,0.6
890,9,132,11,119890.0,83348.0,119890.0,101567.7,141741829.81,92307.25,98578.0,112524.5,0.1
892,9,110,11,38036.0,17148.0,38036.0,29316.5,38370664.45,28436.5,32181.5,32590.0,0.8
893,9,134,11,61504.0,44484.0,61504.0,50751.8,20247630.360000003,47475.25,50937.0,52382.5,0.3
894,9,136,11,119916.0,73484.0,119916.0,85285.2,223042749.95999998,74814.5,75603.5,91587.0,0.0
894,14,198,16,119916.0,57510.0,75451.0,68888.4,36667993.04000001,64535.5,69790.5,74552.0,0.4
894,19,269,21,119916.0,57510.0,68469.0,64680.5,11968714.85,63325.25,65728.0,67376.5,0.5
895,9,136,11,74327.0,43908.0,74327.0,63139.0,57752411.0,61543.25,63988.0,66927.5,0.6
896,9,134,11,66241.0,33927.0,66241.0,45144.8,64157587.760000005,43118.0,44303.0,45162.25,0.8
897,9,133,11,52630.0,33981.0,53945.0,44466.1,42688059.49,40781.0,44100.5,50618.0,0.3
897,14,198,16,52630.0,33981.0,43857.0,39226.5,8507176.45,37436.0,39171.5,41577.5,0.8
898,9,139,11,85906.0,37885.0,85906.0,51092.9,153436130.69,45360.5,48607.5,50709.75,0.4
899,9,113,11,55700.0,42541.0,55700.0,51561.3,22680284.609999996,49795.25,53838.0,54819.0,0.7
900,9,110,11,51309.0,39094.0,53253.0,50671.8,15589520.360000003,51309.0,51792.0,52638.0,0.8
901,9,138,11,76572.0,47186.0,76572.0,57789.2,77197140.75999999,51176.25,55719.0,62386.75,0.2
902,9,142,11,61288.0,39960.0,61288.0,45435.8,33078716.560000002,43007.75,44239.5,45264.0,0.6
903,9,119,11,54959.0,47477.0,56916.0,52458.5,9506577.05,50823.0,52842.5,54959.0,0.4
904,9,146,11,130817.0,60423.0,130817.0,87598.3,644524970.6099999,65106.75,77400.0,109276.5,0.3
904,14,213,16,130817.0,60423.0,70993.0,67431.2,11917443.16,64501.75,69300.5,69807.25,0.4
906,9,136,11,76688.0,60066.0,76688.0,67301.4,20972574.639999997,64075.75,67063.0,70145.75,0.1
906,14,200,16,76688.0,56103.0,65343.0,60397.8,11029014.16,57365.75,59648.5,63855.5,0.6
907,9,143,11,79936.0,53946.0,79936.0,60113.9,49849372.29000001,56447.75,58316.5,60131.5,0.5
908,9,136,11,123862.0,51432.0,123862.0,68738.2,471218660.76000005,55638.5,58985.5,74925.0,0.7
908,14,206,16,123862.0,51432.0,61260.0,56901.8,11054755.16,53614.25,58022.0,59725.5,0.8
909,9,146,11,89618.0,51695.0,89618.0,73237.9,164612760.29,60818.0,79483.5,82256.5,0.4
909,14,219,16,89618.0,51695.0,78870.0,61559.5,59019065.45,55130.5,61468.0,63578.5,0.8
910,9,146,11,69351.0,50921.0,69351.0,58141.1,35684947.29,54672.5,56293.5,58431.75,0.3
910,14,204,16,69351.0,50012.0,56105.0,53207.2,3728162.9599999995,51866.0,53050.5,54777.25,0.7
911,9,132,11,66106.0,49010.0,66106.0,57444.0,20016577.0,54117.5,58897.0,59570.5,0.4
911,14,202,16,66106.0,45876.0,58346.0,52703.8,16190224.16,50103.75,53529.0,55394.0,0.8
912,9,143,11,53376.0,27081.0,53376.0,38788.0,55543674.2,34229.0,37171.5,43312.5,0.5
912,14,208,16,53376.0,27081.0,38595.0,35167.7,12683082.81,34056.25,36440.0,37729.75,0.6
913,9,132,11,50800.0,32267.0,50800.0,40789.1,28352284.490000002,37576.75,41106.0,43272.5,0.3
913,14,199,16,50800.0,32267.0,42008.0,37839.7,7947123.409999999,36688.25,38922.0,39596.0,0.4
914,9,140,11,98102.0,51284.0,98102.0,72562.2,201001364.56,63990.25,73095.0,82093.75,0.2
914,14,208,16,98102.0,51284.0,71066.0,59509.5,38793256.05,53533.75,59281.5,63363.5,0.5
915,9,136,11,85141.0,63064.0,85141.0,73969.9,41392972.089999996,71091.75,74058.5,76772.0,0.1
915,14,200,16,85141.0,48515.0,73211.0,62813.5,58007595.05,60005.0,62567.0,69790.0,0.6
916,9,143,11,64622.0,62885.0,73358.0,67215.0,12227844.6,64680.75,65681.5,69824.25,0.2
916,14,203,16,64622.0,50992.0,67026.0,63305.3,18296426.21,63204.5,64622.0,65448.75,0.5
917,9,146,10,64856.0,48250.0,66367.0,61588.5,25714148.45,60191.5,63446.5,64856.0,0.5
918,9,142,11,109935.0,67926.0,109935.0,82726.1,103304101.29,78174.75,81371.5,83375.75,0.1
918,14,212,16,109935.0,67926.0,81724.0,75488.4,22988127.04,71757.75,76815.0,79744.25,0.2
918,19,279,21,109935.0,61077.0,78809.0,71960.8,28371938.160000004,68281.75,71934.5,77036.5,0.4
918,24,347,26,109935.0,57758.0,72696.0,67239.5,28968148.65,62789.25,68453.5,72111.25,0.6
919,9,136,11,134040.0,77280.0,134040.0,105430.1,320143154.68999994,92532.0,99363.5,120827.0,0.4
920,9,106,11,116347.0,66522.0,116347.0,88973.6,151700177.44,84026.5,88411.0,91838.25,0.6
921,9,120,11,114029.0,70695.0,114029.0,93349.0,123700849.8,90931.5,93211.5,98963.75,0.4
922,9,124,11,80732.0,50845.0,80732.0,65699.0,95623586.8,58292.25,68008.0,73382.75,0.7
925,9,139,11,74866.0,60762.0,74866.0,69250.2,14708995.76,67705.75,69918.0,71854.25,0.2
925,14,209,16,74866.0,59581.0,70595.0,65219.9,14865362.289999997,61134.5,66606.0,68071.75,0.5
925,19,275,21,74866.0,53461.0,65720.0,60594.4,12999177.239999998,59287.75,60666.5,62494.25,0.9
926,9,126,11,60655.0,46670.0,60655.0,56177.4,13138035.84,55955.25,56780.5,57391.5,0.9
927,9,140,11,49442.0,36480.0,49442.0,43005.3,19051431.810000002,39449.0,42822.5,46364.25,0.6
928,9,133,11,41332.0,25676.0,41744.0,37854.7,28749652.209999997,36849.25,40575.5,41332.0,0.5
929,9,107,11,107651.0,25676.0,107651.0,67898.6,395871603.64,66514.75,70246.5,73974.5,0.8
930,9,142,11,51994.0,43186.0,51994.0,48185.9,8982232.69,45985.0,48490.5,51033.0,0.8
931,9,136,11,80450.0,44108.0,80450.0,58592.4,161943616.84,47962.25,52791.0,68816.0,0.3
931,14,204,16,80450.0,42506.0,52044.0,47041.1,7089073.089999999,45187.0,47197.5,48325.25,0.8
932,9,146,11,81515.0,70871.0,95344.0,83143.6,37310724.64,80291.75,82419.5,86633.5,0.1
932,14,215,16,81515.0,70871.0,83324.0,78665.2,13674573.959999999,77095.25,79408.5,81515.0,0.3
933,9,143,11,98516.0,71795.0,98516.0,85882.2,59197482.96,81384.25,84695.5,90104.75,0.1
934,9,132,11,76352.0,49144.0,76352.0,60519.4,53859936.24000001,57814.0,61728.0,63183.5,0.6
935,9,144,11,71030.0,59345.0,75009.0,70285.2,17219504.96,69938.0,71036.5,72154.0,0.1
935,14,203,16,71030.0,59144.0,71030.0,65650.8,18928614.36,61681.0,66258.5,69099.5,0.3
937,9,131,11,28709.0,23685.0,28709.0,27539.3,1883688.81,27428.75,27694.5,28315.0,0.6
938,9,139,11,47491.0,33577.0,47491.0,39325.7,12443038.209999999,37050.25,39487.0,40172.75,0.4
938,14,204,16,47491.0,33577.0,38993.0,37345.5,2214226.45,36859.5,37703.0,38337.25,0.6
940,9,139,11,79509.0,40775.0,79509.0,62405.4,121836912.83999999,57099.0,59020.0,71527.25,0.5
941,9,140,11,90775.0,85873.0,94823.0,89673.8,9262351.96,87119.75,89348.5,90775.0,0.1
942,9,146,11,80448.0,57628.0,80448.0,71974.0,47702077.0,67011.75,73794.0,76379.75,0.3
942,14,210,16,80448.0,57628.0,76308.0,69764.4,30861952.439999998,65918.0,71868.0,74227.0,0.4
943,9,137,11,80112.0,50819.0,80112.0,65862.9,67332741.69,59635.5,67525.5,71293.5,0.5
944,9,123,11,91143.0,55677.0,91143.0,75892.9,86788431.09,72717.75,75630.0,76922.25,0.3
945,9,144,11,118112.0,69606.0,118112.0,85610.1,156113785.89,81450.0,83816.5,85371.25,0.2
946,9,138,11,84168.0,74651.0,86059.0,80606.9,12473310.690000001,77809.0,81273.5,83569.0,0.0
946,14,207,16,84168.0,57421.0,80874.0,73121.8,63018403.96,70307.0,76701.0,78631.0,0.3
946,19,276,21,84168.0,57421.0,76264.0,68653.4,47432216.839999996,62026.5,71660.0,73872.75,0.8
947,9,142,11,93980.0,65962.0,93980.0,79215.2,49367723.56,75424.25,78509.0,83223.5,0.1
947,14,209,16,93980.0,65962.0,80358.0,75613.4,16781179.240000002,74950.5,76408.0,78532.75,0.2
947,19,280,21,93980.0,64015.0,75662.0,70946.6,13494601.440000001,69292.75,71193.5,74005.5,0.6
947,24,342,26,93980.0,64015.0,73783.0,69403.5,11176157.05,66654.0,71002.5,71514.5,0.7
948,9,136,11,71793.0,44402.0,71793.0,56949.7,67387040.81,53462.75,56247.5,58960.75,0.7
949,9,137,11,116751.0,93200.0,116751.0,100490.6,47111310.84,95292.5,99244.5,103071.25,0.0
949,14,200,16,116751.0,66242.0,95665.0,83123.3,141086468.41,72187.25,84088.5,95101.25,0.5
949,19,268,21,116751.0,63396.0,84579.0,74631.2,44191397.96,71171.75,74094.0,78375.5,0.6
950,9,132,11,110310.0,68448.0,110310.0,80292.4,213852224.44,70255.75,72666.0,91682.25,0.4
951,9,139,11,69738.0,69738.0,88424.0,79630.8,36005454.160000004,75676.5,81741.0,83284.75,0.1
952,9,129,11,66064.0,41291.0,66064.0,53232.5,43003875.45,51582.75,52967.0,56407.75,0.3
952,14,194,16,66064.0,36763.0,52281.0,47758.6,27243802.840000004,44794.0,50915.0,51884.25,0.7
954,9,133,11,118749.0,62178.0,118749.0,93364.1,384172333.49,77270.75,99443.0,104233.0,0.3
954,14,195,16,118749.0,62178.0,97915.0,76635.0,100924776.4,73378.25,74631.5,78373.5,0.6
954,19,249,21,118749.0,62178.0,78495.0,72251.4,32485646.840000004,67596.5,73926.5,77018.75,0.7
955,9,141,11,97336.0,71241.0,97894.0,83639.6,93479204.84,77467.5,79661.5,94050.0,0.1
955,14,202,16,97336.0,71241.0,82831.0,77362.4,15189979.24,74874.75,77477.0,80382.75,0.2
955,19,256,21,97336.0,54187.0,77458.0,68506.9,62024753.09000001,66797.0,71247.0,73484.75,0.7
956,9,131,11,51406.0,43084.0,57967.0,50817.7,26371577.209999997,45562.0,51406.0,55453.5,0.7
957,9,139,11,87869.0,63180.0,87869.0,75493.8,39023953.76,71675.25,76590.5,78409.25,0.2
957,14,204,16,87869.0,63180.0,75552.0,69085.4,17530770.84,64670.0,70518.0,71151.75,0.5
958,9,135,11,103606.0,75913.0,103606.0,83770.6,83741049.64000002,76917.0,80500.0,83835.5,0.0
958,14,197,16,103606.0,69043.0,79966.0,75325.3,10786409.81,73278.25,75962.5,78053.0,0.1
959,9,137,11,74333.0,55625.0,75955.0,67387.7,57151353.21,60400.5,68926.5,74333.0,0.5
959,14,199,16,74333.0,55625.0,66532.0,61811.6,11939612.040000001,59067.5,61967.0,64944.0,0.9
960,9,140,11,73204.0,66376.0,73204.0,70188.5,5688485.65,68248.75,70232.5,72589.25,0.2
961,9,142,11,84622.0,49749.0,84622.0,65987.1,146050647.08999997,55323.0,65092.5,74713.0,0.3
961,14,204,16,84622.0,49749.0,64433.0,56184.0,23767559.2,52028.0,55039.5,59239.5,0.8
963,9,126,11,50575.0,38986.0,50737.0,47266.1,13289017.689999998,45688.25,48810.0,50233.25,0.4
964,9,142,11,52120.0,47488.0,54491.0,50798.8,5378735.56,48764.5,50931.0,52585.0,0.5
965,9,131,11,87160.0,64335.0,87160.0,77321.3,38764890.809999995,73502.25,77949.5,80098.25,0.4
966,9,134,11,87727.0,62741.0,90716.0,76048.2,103133400.36000001,67538.5,73152.0,86992.0,0.6
966,14,192,16,87727.0,62741.0,77259.0,71623.4,27385235.24,67538.5,73152.0,76524.25,0.7
967,9,145,11,57837.0,48762.0,59568.0,55998.4,12734738.040000001,53781.5,57837.0,58599.0,0.7
968,9,138,11,60357.0,42823.0,60357.0,53640.8,23229449.76,53325.25,54438.0,56344.5,0.2
968,14,193,16,60357.0,42823.0,54945.0,51004.8,12449006.559999999,49284.0,52192.5,53539.75,0.3
969,9,124,11,48166.0,40164.0,48166.0,45122.4,7449090.640000002,43496.0,45940.0,47412.75,0.8
970,9,136,11,55324.0,27555.0,60755.0,51897.5,79861899.45,50178.75,54149.0,56355.25,0.7
971,9,121,11,77911.0,56943.0,77911.0,62046.8,38540952.95999999,57962.5,59287.5,64525.5,0.3
972,9,125,11,61868.0,25480.0,61868.0,53623.4,110087554.84,51088.75,58122.0,59775.0,0.3
973,9,141,11,69248.0,58856.0,69248.0,65476.2,8626734.36,63820.0,66162.5,67537.25,0.3
974,9,135,11,67546.0,46989.0,69285.0,59050.0,84087346.4,50450.75,61437.5,67546.0,0.4
974,14,199,16,67546.0,39663.0,55569.0,49286.2,15873963.76,47412.5,50618.5,51252.25,0.7
975,9,129,11,78591.0,32463.0,78591.0,43477.0,168985402.8,35930.75,38178.0,47508.75,0.6
976,9,143,11,61450.0,35728.0,61450.0,45797.8,47582794.36,42107.25,45137.5,46580.0,0.4
978,9,134,11,48328.0,4620.0,48328.0,36728.7,246750188.20999998,41008.0,42954.0,46090.75,0.8
979,9,146,11,74567.0,54626.0,74567.0,63580.0,35605875.4,59019.75,62373.0,68474.75,0.4
980,9,124,11,71458.0,54816.0,71458.0,62673.2,18847746.96,60138.0,63590.0,64406.25,0.5
981,9,135,11,45849.0,29202.0,49315.0,40701.7,44841214.61,38503.5,40593.5,45849.0,0.3
981,14,201,16,45849.0,29202.0,40720.0,36430.4,21542254.04,31743.0,38528.5,39847.25,0.6
982,9,125,11,39513.0,34382.0,39513.0,37390.2,2744323.5599999996,36343.5,37449.5,38814.25,0.3
983,9,132,11,55999.0,46187.0,55999.0,51689.4,7325918.4399999995,49934.75,52560.0,53312.5,0.6
984,9,132,11,38913.0,38913.0,43936.0,41107.6,3210181.24,39575.25,40709.5,42745.75,0.1
985,9,143,11,48281.0,37054.0,53045.0,46834.4,27013618.04,42868.75,48281.0,51497.75,0.4
985,14,214,16,48281.0,37054.0,48281.0,43322.8,15297040.559999999,40183.0,43290.5,47320.0,0.6
986,9,144,11,102614.0,32388.0,102614.0,56460.8,580822505.96,43559.75,44759.5,62116.5,0.4
986,14,204,16,102614.0,32388.0,45316.0,40685.9,14314176.49,39339.5,41204.0,43677.25,0.8
987,9,144,11,74395.0,55677.0,74395.0,61353.1,25558027.890000004,58659.0,60488.5,62468.75,0.5
987,14,208,16,74395.0,55677.0,60914.0,58928.1,3137751.2899999996,58306.5,58917.5,60638.25,0.7
989,9,136,11,56436.0,55190.0,61560.0,57465.5,3474324.45,56262.0,56860.0,58214.25,0.0
989,14,195,16,56436.0,47501.0,57284.0,53617.7,12747229.01,50473.25,55451.5,56378.0,0.4
990,9,130,11,68815.0,59045.0,68815.0,63680.5,10625178.05,61552.75,62807.5,66133.25,0.1
990,14,196,16,68815.0,45096.0,62268.0,58867.3,23339376.410000004,59166.5,59957.0,61832.25,0.4
991,9,133,11,96008.0,46579.0,96008.0,62491.7,265414482.41000003,51090.5,52690.0,69657.0,0.6
992,9,130,11,46243.0,46243.0,51921.0,48707.5,4045312.85,47205.5,48066.0,50332.75,0.7
993,9,120,11,53965.0,52828.0,61239.0,55804.7,6588624.81,53965.0,55116.5,56788.75,0.0
994,9,139,11,65847.0,59189.0,76460.0,67331.1,36287357.089999996,62028.5,65847.0,73406.5,0.0
995,9,146,11,66664.0,55425.0,78432.0,71868.4,46532217.440000005,67998.25,74114.0,76798.5,0.2
995,14,199,16,66664.0,55425.0,75749.0,69329.5,32467581.45,66831.5,70155.5,72819.75,0.3
995,19,268,21,66664.0,55425.0,70599.0,64520.6,25585666.639999997,60606.0,66664.0,68066.0,0.6
996,9,146,11,93513.0,45502.0,93513.0,66254.1,218934882.69,57870.5,59316.0,76585.75,0.7
997,9,147,11,128850.0,95857.0,128850.0,111773.9,92164915.28999999,106667.0,110427.0,117705.75,0.0
997,14,209,16,128850.0,79949.0,107841.0,99274.1,63779032.69000001,96210.5,101050.0,105738.5,0.1
997,19,272,21,128850.0,79949.0,100729.0,93907.9,42443353.690000005,92772.5,95892.0,98784.5,0.2
998,9,133,11,123376.0,84078.0,123376.0,100017.6,104772603.03999999,93025.25,100424.5,103236.5,0.2
998,14,199,16,123376.0,77928.0,100208.0,88452.5,43996529.65,84224.0,88871.5,92115.5,0.6
999,9,110,11,133847.0,69662.0,133847.0,93940.1,456465862.89,83876.75,87597.0,99361.5,0.7
1000,9,136,11,77232.0,57390.0,77232.0,70153.8,31474454.160000004,68041.5,70224.0,73382.0,0.5
1001,9,142,11,90725.0,44368.0,90725.0,64722.1,121015319.69000001,60628.25,63704.5,68338.5,0.7
1002,9,146,11,52454.0,39487.0,52454.0,47370.3,12873705.41,46466.5,47498.0,50085.5,0.6
1003,9,140,11,66869.0,55543.0,66869.0,58380.9,9076262.489999998,57181.75,57694.5,58441.5,0.0
1004,9,139,11,51709.0,47193.0,51709.0,49786.1,2752731.4899999998,48084.0,50312.0,51295.5,0.3
1006,9,134,11,48632.0,18456.0,48632.0,32296.1,68057773.49000001,27019.0,32094.5,34929.0,0.7
1007,9,138,11,50591.0,35510.0,50591.0,39913.3,19430339.61,36605.75,38128.0,41890.5,0.8
1008,9,132,11,78766.0,42702.0,78766.0,58722.3,75384582.21,56039.5,57862.5,59296.0,0.8
1009,9,137,11,62193.0,56979.0,67866.0,61580.1,8592486.49,60458.0,62075.5,62358.0,0.4
1009,14,204,16,62193.0,47602.0,61958.0,58117.4,16608031.24,57058.75,58755.0,61211.75,0.9
1010,9,142,11,61455.0,49475.0,61455.0,54685.9,18759021.690000005,50489.5,54231.0,57301.25,0.5
1011,9,142,11,80273.0,47410.0,80273.0,66079.4,96162968.64000002,60991.0,64463.0,72765.0,0.2
1012,9,139,11,78915.0,74867.0,87599.0,81292.4,12651081.440000001,78915.0,81258.5,84035.0,0.1
1013,9,111,11,51076.0,28565.0,51076.0,37785.6,34932656.239999995,33983.75,37919.0,40341.75,0.9
1014,9,137,11,71699.0,48380.0,71699.0,58324.6,39962341.44,54211.0,56843.0,61299.5,0.3
1014,14,209,16,71699.0,48380.0,59079.0,55046.1,9209888.89,53333.25,55251.0,57078.5,0.4
1015,9,148,11,51040.0,50982.0,60325.0,55647.9,12374029.290000003,51584.75,57087.5,58539.5,0.4
1016,9,130,11,87298.0,55890.0,87298.0,65470.5,105508181.45,57875.0,61039.0,66899.5,0.5
1016,14,198,16,87298.0,55740.0,61141.0,58477.2,3399773.56,57185.5,58541.5,59919.5,0.8
1018,9,127,11,38766.0,34087.0,38766.0,37182.5,2071479.05,36169.0,37763.5,38048.5,0.1
1019,9,143,11,37507.0,30305.0,38799.0,34432.9,8104128.6899999995,32512.25,34390.5,37006.5,0.3
1019,14,209,16,37507.0,29056.0,33367.0,31620.3,1805765.2100000002,30520.25,31875.0,32602.75,0.7
1020,9,138,11,37883.0,29940.0,37883.0,35277.1,6652896.49,34415.25,36427.5,36919.75,0.4
1022,9,138,11,57129.0,29226.0,57129.0,40273.0,48018926.8,36403.25,39672.0,42494.25,0.7
1023,9,135,11,48851.0,40296.0,49380.0,46388.5,7342182.05,44926.0,46384.0,48851.0,0.6
1024,9,138,11,73341.0,37178.0,73341.0,52410.2,91728321.16,47695.5,50741.5,53037.75,0.4
1025,9,138,11,61135.0,45189.0,65651.0,60892.9,31166598.689999998,60948.25,62038.0,63781.5,0.3
1026,9,138,11,78243.0,46421.0,78243.0,58281.5,135370878.25,48519.0,54088.0,64602.75,0.5
1026,14,209,16,78243.0,43092.0,53663.0,49756.9,11168874.09,47179.75,50736.0,52522.5,0.6
1027,9,129,11,59698.0,43328.0,61086.0,53647.4,30849568.24,49789.0,54226.5,58840.75,0.4
1028,9,134,11,48494.0,35878.0,48494.0,42848.5,18857686.25,38659.75,43795.0,46300.75,0.8
1029,9,140,11,84847.0,59212.0,84847.0,70813.5,52565470.65,66784.0,68252.0,75613.0,0.5
1031,9,142,11,52271.0,41472.0,52335.0,49613.8,10490864.959999999,48543.25,50910.0,52139.0,0.3
1032,9,137,11,77425.0,43874.0,77425.0,57211.6,119426290.43999998,48172.25,54123.0,64957.0,0.5
1033,9,136,11,112619.0,53349.0,112619.0,73376.8,358336868.76,60666.25,67541.0,75353.25,0.6
1034,9,142,11,138773.0,59401.0,138773.0,99817.7,569526087.8100001,87680.25,92040.0,113788.0,0.6
1035,9,138,11,56066.0,35113.0,56066.0,48357.9,45779467.29,45800.25,48948.0,54646.5,0.6
1036,9,132,11,73609.0,38541.0,73609.0,53135.4,145014020.04000002,41563.0,52503.0,60127.5,0.5
1036,14,189,16,73609.0,38541.0,52092.0,46078.0,21338424.4,41563.0,47845.5,49854.0,1.0
1037,9,142,11,54209.0,54209.0,66891.0,60712.9,17480541.29,58443.75,60872.5,64306.5,0.4
1038,9,125,11,23119.0,20350.0,32336.0,26944.6,13261264.040000001,23785.25,27378.0,29878.5,0.7
1039,9,131,11,74820.0,48117.0,74820.0,57906.4,41001695.04000001,55512.5,56916.0,58555.0,0.3
1039,14,183,16,74820.0,40526.0,56654.0,51063.3,24807599.810000002,48540.0,52089.0,54995.75,0.8
1040,9,138,11,86348.0,67273.0,86348.0,75375.8,45093792.76,70665.75,73632.5,80181.75,0.1
1040,14,195,16,86348.0,62238.0,74518.0,68968.3,14604308.809999999,66652.0,69472.0,72244.5,0.4
1041,9,147,11,100018.0,76360.0,100018.0,85059.5,79880472.05,77244.25,81345.5,90051.0,0.0
1041,14,209,16,100018.0,72959.0,82921.0,77803.8,9249797.760000002,76483.75,77420.5,79723.25,0.0
1043,9,140,11,71609.0,50650.0,71609.0,56888.7,44468672.410000004,51722.75,54698.5,58203.25,0.7
1044,9,127,11,57670.0,36534.0,60148.0,50823.6,52015242.64,46929.75,50640.0,57465.0,0.6
1044,14,194,16,57670.0,36534.0,54359.0,48107.6,25497180.84,46338.5,50264.5,50784.25,0.8
1045,9,135,11,108273.0,73237.0,108273.0,87865.2,148698155.96,78973.0,82802.5,99364.75,0.4
1045,14,196,16,108273.0,61552.0,84458.0,75831.9,42298306.89,72268.0,76574.5,81080.5,0.7
1046,9,134,11,93054.0,92954.0,97834.0,95078.1,4054625.69,93056.25,94454.0,97284.75,0.0
1046,14,201,16,93054.0,81950.0,94255.0,89276.5,20807172.45,84959.75,91341.0,93054.0,0.2
1046,19,263,21,93054.0,79887.0,90000.0,86072.5,13285523.25,83026.75,86464.0,89703.25,0.3
1046,24,321,26,93054.0,70786.0,88052.0,81016.8,21952825.160000004,79743.75,82338.0,83666.75,0.7
1047,9,129,11,53575.0,38678.0,54103.0,49367.2,27622591.759999998,46724.0,51957.0,53468.5,0.6
1048,9,143,11,44790.0,44790.0,50905.0,47659.2,4232831.76,46430.0,47484.0,49409.25,0.4
1049,9,140,11,68054.0,39239.0,68054.0,50826.2,94055244.16,43078.25,47046.5,58958.5,0.4
1049,14,205,16,68054.0,39239.0,44807.0,42486.8,3971827.16,40836.75,42311.5,44676.5,0.7
1050,9,138,11,62323.0,40273.0,62323.0,47206.5,38556322.05,41946.0,47422.5,48820.5,0.4
1050,14,198,16,62323.0,40273.0,47328.0,43724.5,5558329.45,41669.5,43661.5,45778.25,0.8
1051,9,139,11,48123.0,37717.0,48123.0,45099.0,7553555.6,44413.75,46068.0,46461.75,0.4
1052,9,137,11,98495.0,63996.0,98495.0,69566.3,95769153.80999999,65128.5,66266.5,68107.25,0.6
1053,9,144,11,97405.0,85934.0,97794.0,93558.9,19669166.09,89330.25,95285.0,97405.0,0.3
1054,9,147,11,99902.0,82019.0,99902.0,89459.1,28475036.290000003,84910.0,90146.0,91829.5,0.0
1054,14,215,16,99902.0,82019.0,89718.0,85480.6,6489694.04,83014.0,85703.5,87450.0,0.0
1054,19,282,21,99902.0,78804.0,86188.0,82900.7,5159704.409999999,81602.0,82498.5,84909.25,0.3
1055,9,142,11,92879.0,55166.0,92879.0,68437.7,107373390.81,63913.75,65916.0,70204.25,0.6
1056,9,134,11,90075.0,62195.0,90075.0,74747.2,73591071.36,68446.0,74210.5,80945.5,0.5
1058,9,118,11,104993.0,30714.0,104993.0,50107.0,372495759.0,43100.5,46052.5,48239.25,0.8
1060,9,128,11,21289.0,21289.0,31043.0,25888.7,13705520.809999999,22023.75,26066.0,29537.25,0.7
1061,9,132,11,90834.0,74840.0,90834.0,83905.7,24986932.41,82058.25,84080.0,87336.0,0.4
1061,14,199,16,90834.0,73436.0,83827.0,80044.6,13787698.440000001,77257.0,82131.5,83184.0,0.7
1062,9,134,11,80189.0,80189.0,97128.0,90527.9,32479652.490000002,89632.75,92012.0,94796.5,0.0
1063,9,137,11,104102.0,67954.0,104102.0,79696.7,121142382.21000001,75397.25,76052.5,78078.0,0.2
1064,9,137,11,79182.0,48947.0,79182.0,67011.9,116858631.69000001,57055.25,67813.0,78237.5,0.3
1064,14,196,16,79182.0,48947.0,67368.0,57727.2,25878995.559999995,54768.75,57881.0,61290.25,0.5
1065,9,145,11,85296.0,50699.0,85296.0,72141.6,128075390.43999998,69141.25,75523.5,79339.0,0.2
1065,14,209,16,85296.0,42626.0,74871.0,58276.0,103854416.6,51128.25,57724.5,65515.5,0.7
1066,9,132,11,68812.0,53752.0,68812.0,61462.6,22560140.640000004,57954.5,63113.0,63592.75,0.3
1066,14,203,16,68812.0,52843.0,62869.0,57692.2,12078378.360000001,54374.75,57717.0,60419.0,0.5
1067,9,136,11,54709.0,48527.0,55409.0,53384.8,3769753.160000001,52848.5,53973.5,54690.0,0.9
1068,9,122,11,76103.0,50308.0,76103.0,67123.1,47784097.49,64550.5,68270.0,70945.25,0.2
1069,9,128,11,85946.0,60939.0,85946.0,74641.8,59039890.760000005,72511.25,76855.0,79183.25,0.4
1070,9,135,11,157936.0,85846.0,157936.0,116754.7,596848058.2099999,97414.0,107633.0,140820.5,0.1
1070,14,200,16,157936.0,66365.0,105451.0,89307.5,121954244.45,82542.75,91367.5,97262.0,0.5
1071,9,121,11,107556.0,69889.0,107556.0,89948.5,79774237.45,87433.75,89888.0,92813.25,0.2
1071,14,184,16,107556.0,69889.0,89762.0,84154.1,30544854.090000004,81945.75,86355.5,87444.25,0.5
1072,9,146,11,116132.0,74063.0,116132.0,87916.3,176778492.81,79443.0,81508.5,91409.5,0.3
1072,14,212,16,116132.0,74063.0,84856.0,80678.6,9448333.040000001,79259.0,80625.0,82787.25,0.4
1073,9,140,11,41497.0,40912.0,46795.0,43665.8,4783505.36,41497.0,43361.5,45696.5,0.4
1074,9,146,11,102952.0,60603.0,102952.0,78521.3,131037669.01000002,69662.75,79013.5,84750.5,0.1
1074,14,205,16,102952.0,57278.0,78001.0,66687.7,28986981.810000002,64339.5,66753.0,69274.75,0.5
1075,9,142,11,72916.0,61738.0,72916.0,69178.1,14353571.690000001,66838.25,70961.0,72214.75,0.4
1076,9,127,11,106620.0,69882.0,106620.0,87091.5,101113885.45,82029.25,86498.5,91010.75,0.3
1077,9,138,11,88811.0,68859.0,88811.0,76314.0,33630192.2,71920.75,76069.5,79805.25,0.5
1078,9,135,11,77034.0,56080.0,77034.0,67821.6,28258850.24,65331.75,68350.5,70965.75,0.1
1079,9,146,11,65187.0,52666.0,65187.0,60526.2,14068383.559999999,58055.0,61021.0,63050.25,0.8
1080,9,145,11,81131.0,44364.0,81131.0,56973.3,92676447.61,51051.75,56000.5,59366.25,0.5
1081,9,125,11,103930.0,87182.0,103930.0,93322.8,19017084.76,91337.75,93614.5,94402.5,0.0
1082,9,134,11,96086.0,78058.0,98926.0,93919.3,32765281.610000003,93276.0,95404.5,97545.5,0.1
1082,14,208,16,96086.0,78058.0,94723.0,87173.5,31250263.25,82570.25,86192.0,92722.0,0.4
1082,19,278,21,96086.0,76763.0,85613.0,80520.9,7052094.890000001,78220.5,80414.5,82280.5,0.9
1083,9,136,11,80824.0,58607.0,81934.0,70591.0,63497788.6,64470.75,67692.5,79324.25,0.1
1083,14,207,16,80824.0,47851.0,66276.0,60066.9,28656411.29,58725.75,60480.5,63865.75,0.5
1084,9,128,11,38464.0,27518.0,43232.0,36600.5,28817124.45,34686.5,36853.0,41449.75,0.7
1085,9,111,11,42931.0,33569.0,42931.0,38416.3,10505401.01,35699.75,38889.5,41285.75,0.7
1086,9,143,11,84594.0,59737.0,84594.0,78321.4,44517699.64,78178.5,79392.0,81681.5,0.1
1087,9,140,11,74426.0,43699.0,74426.0,60188.0,56692378.6,56517.75,61886.5,62792.25,0.6
1088,9,146,11,94409.0,78397.0,94409.0,86024.2,23278699.359999996,82373.25,85510.0,88940.5,0.0
1088,14,210,16,94409.0,66096.0,84081.0,78001.5,29622155.45,75207.25,79962.5,82079.0,0.4
1089,9,142,11,52564.0,34826.0,52564.0,44593.2,27965286.959999997,42246.5,44614.5,47252.5,0.7
1091,9,149,11,63321.0,49971.0,65375.0,59180.8,29493208.160000004,55351.25,62129.5,63044.0,0.4
1092,9,142,11,84702.0,48655.0,84702.0,62650.8,101676040.55999999,55068.75,60805.0,68456.75,0.5
1093,9,117,11,65321.0,40240.0,65321.0,48512.4,43890792.239999995,45105.25,47771.5,50240.5,0.9
1094,9,144,11,96021.0,57597.0,96021.0,68496.7,117551757.81000002,62006.5,65837.5,66692.25,0.3
1094,14,213,16,96021.0,46038.0,65755.0,55392.5,47016114.25,48921.25,54776.5,61413.25,0.8
1095,9,137,11,37034.0,31825.0,42279.0,36613.1,7594218.090000001,34993.25,37020.0,37352.0,0.4
1096,9,139,11,105916.0,58981.0,105916.0,83324.6,183821377.84,74611.75,81812.0,94723.75,0.1
1096,14,210,16,105916.0,49301.0,79929.0,65993.1,76157017.09,62016.5,63521.5,72643.5,0.5
1097,9,133,11,79122.0,65987.0,81972.0,78510.1,18637933.29,79026.75,79122.0,80485.0,0.1
1099,9,139,11,43363.0,43363.0,57073.0,49309.1,22451603.09,45285.25,49048.5,53589.25,0.3
1100,9,131,11,77383.0,74250.0,88417.0,80183.2,18062629.160000004,77415.75,79066.5,81526.75,0.7
1101,9,129,11,109388.0,79531.0,109388.0,89636.6,62501100.839999996,84946.75,87664.0,90909.0,0.5
1102,9,146,11,87958.0,52309.0,87958.0,69210.4,117744492.63999999,63588.25,69606.0,77184.5,0.6
1103,9,133,11,60701.0,46887.0,60701.0,55736.2,18241578.360000003,52861.75,57220.5,58907.5,0.9
1104,9,137,11,70975.0,41105.0,70975.0,57831.1,75978563.09,55294.0,57717.0,60663.5,0.7
1105,9,144,11,84392.0,58988.0,84392.0,72322.7,56105707.21,67936.5,71041.0,75040.25,0.3
1105,14,209,16,84392.0,58988.0,70945.0,67058.6,10211360.639999999,66057.75,67399.0,68958.25,0.6
1106,9,145,11,86957.0,50962.0,86957.0,65814.2,69833614.56,62989.25,65190.0,67006.25,0.3
1108,9,132,11,87868.0,53885.0,87868.0,63424.1,82629748.48999998,58376.75,61426.5,65729.5,0.3
1108,14,191,16,87868.0,50120.0,60910.0,57272.7,9625745.809999999,56146.5,58059.5,58973.0,0.6
1109,9,140,11,69345.0,43785.0,69345.0,51672.7,46220094.61,48262.0,49649.0,52766.5,0.6
1110,9,147,11,63564.0,44337.0,63564.0,49861.3,26081821.01,46844.25,49175.0,50879.75,0.7
1111,9,144,11,96432.0,64499.0,96432.0,79934.4,93077013.44000001,73291.75,81427.5,86346.5,0.4
1111,14,210,16,96432.0,64499.0,81122.0,72919.0,30577124.8,68108.25,73067.5,77835.25,0.8
1112,9,131,11,75864.0,48759.0,81655.0,69281.2,75933835.16,68460.25,69507.0,75375.75,0.2
1112,14,200,16,75864.0,48759.0,68813.0,59955.0,44059379.0,56974.0,59252.5,66432.25,0.7
1113,9,141,11,67583.0,47117.0,69057.0,63759.0,41289009.8,61180.5,67201.5,67583.0,0.4
1114,9,143,11,93706.0,83232.0,96515.0,92438.2,15504960.36,91631.75,93706.0,95161.75,0.0
1114,14,217,16,93706.0,70694.0,93706.0,85155.5,57033803.65,82289.25,87938.5,90556.0,0.2
1114,19,289,21,93706.0,70694.0,87715.0,81434.4,31819788.639999997,78318.25,82603.5,85832.75,0.2
1115,9,136,11,100300.0,64304.0,100300.0,81789.1,177710006.89000002,71309.75,79439.5,95399.0,0.5
1116,9,143,11,81593.0,61068.0,94378.0,79387.9,99883497.09,73554.75,78219.0,85911.5,0.2
1116,14,209,16,81593.0,61068.0,80208.0,74872.4,28657750.439999998,73554.75,75992.0,78654.0,0.2
1117,9,137,11,84344.0,60674.0,84344.0,72745.0,56158456.2,67415.75,70788.5,78239.25,0.1
1117,14,197,16,84344.0,54187.0,69534.0,64711.9,19445744.889999997,63062.75,65954.5,68077.25,0.4
1118,9,133,11,37348.0,27718.0,37348.0,33277.6,6605310.04,31921.5,33273.0,34956.25,0.7
1119,9,128,11,35905.0,28092.0,37663.0,34911.1,6749961.6899999995,34382.75,35462.0,36739.75,0.9
1120,9,143,11,86935.0,50539.0,86935.0,58320.4,105555032.44000001,52484.25,54615.0,59954.0,0.7
1121,9,151,11,44455.0,44455.0,57009.0,53085.3,20533734.810000002,52792.5,54459.0,56527.0,0.2
1122,9,146,11,78025.0,49249.0,78025.0,68612.3,88265207.60999998,67527.75,71757.0,74679.0,0.2
1122,14,216,16,78025.0,49249.0,70472.0,58926.3,49091007.21,53688.75,56910.5,65219.0,0.7
1123,9,147,11,72568.0,62987.0,72568.0,68910.7,11340729.809999999,66427.5,69736.5,71780.0,0.2
1123,14,217,16,72568.0,49246.0,69714.0,63889.4,31573008.04,62913.5,64550.5,68066.5,0.6
1125,9,132,11,81125.0,74827.0,85012.0,81209.0,10844520.6,80734.25,82049.5,83212.5,0.0
1125,14,193,16,81125.0,70050.0,81125.0,75969.3,14520676.41,74607.75,75223.0,79608.5,0.0
1125,19,245,21,81125.0,56762.0,75619.0,68511.4,44465313.64,62642.25,70271.0,74621.25,0.4
1125,24,301,26,81125.0,56762.0,70050.0,64929.3,17086365.410000004,62058.0,66459.0,67348.25,0.9
1126,9,141,11,74248.0,49619.0,74248.0,64365.7,57554372.010000005,59870.5,63553.5,71838.5,0.5
1127,9,143,11,74975.0,69182.0,79081.0,74865.8,10233408.959999999,72607.75,74975.0,77905.75,0.3
1128,9,142,11,76128.0,45166.0,77464.0,61499.1,112387883.08999999,55474.25,56207.0,72583.75,0.2
1128,14,208,16,76128.0,41100.0,56194.0,51177.0,29734191.0,46062.0,54830.0,55364.75,0.7
1129,9,132,11,73113.0,60257.0,73113.0,66884.5,23416696.05,61841.25,68137.5,70801.5,0.1
1129,14,196,16,73113.0,60257.0,67610.0,63524.9,7058488.889999999,61596.75,62623.5,66178.5,0.1
1130,9,139,11,63768.0,43096.0,63768.0,55058.1,53908758.089999996,50108.5,56012.5,62180.0,0.5
1131,9,131,11,57550.0,44387.0,58183.0,53718.5,17717965.45,52191.25,54331.5,57371.75,0.4
1132,9,128,11,53375.0,32009.0,53375.0,40649.2,53809854.760000005,34773.0,39556.0,43052.25,0.8
1133,9,136,11,57321.0,48572.0,57321.0,54232.4,7696530.040000001,53336.25,55022.5,56405.5,0.2
1133,14,200,16,57321.0,44717.0,54931.0,51047.0,11098147.8,48964.0,52311.5,53490.75,0.6
1135,9,145,11,76893.0,50364.0,76893.0,62216.6,60789300.239999995,57187.5,62360.0,67977.0,0.6
1136,9,132,11,82281.0,34976.0,82281.0,48335.4,173935512.44,40665.5,43878.0,50567.5,0.5
1137,9,129,11,48927.0,30334.0,48927.0,35128.7,25419351.409999996,32109.0,33948.5,36134.5,0.5
1138,9,122,11,36869.0,25204.0,36869.0,29523.3,18452839.61,26613.0,27249.5,32459.75,0.6
1139,9,140,11,75706.0,47540.0,75706.0,63802.9,53407338.489999995,60632.0,64553.0,68220.0,0.4
1139,14,205,16,75706.0,47540.0,64256.0,57076.4,24924021.24,54255.75,56925.5,61240.0,0.8
1140,9,127,11,74064.0,40635.0,74064.0,63152.4,70092528.64,63268.75,63505.0,66363.0,0.3
1141,9,139,11,125929.0,70632.0,125929.0,90152.2,339771884.16,75269.75,83350.5,101700.75,0.6
1141,14,207,16,125929.0,70632.0,90293.0,81973.0,49802584.0,75269.75,83350.5,88754.0,0.7
1142,9,151,11,122433.0,77926.0,122433.0,91822.8,155303851.96,84090.5,86761.0,97869.25,0.5
1143,9,142,11,101720.0,68125.0,101720.0,83611.3,71170018.21000001,79595.5,85794.5,86797.25,0.4
1144,9,141,11,117122.0,79861.0,117122.0,92604.6,154435717.44,82859.75,88518.5,96903.75,0.0
1144,14,200,16,117122.0,72215.0,87922.0,80376.6,21219690.439999998,79161.25,81122.5,83245.25,0.2
1145,9,143,11,104967.0,64801.0,104967.0,80517.0,113891073.4,74194.5,78502.5,85889.0,0.4
1146,9,140,11,78369.0,67088.0,79315.0,75809.3,19749099.41,72479.5,78369.0,78730.5,0.2
1146,14,202,16,78369.0,55038.0,78369.0,67247.6,55260332.04000001,62896.75,68442.0,70402.5,0.7
1147,9,150,11,90219.0,69977.0,90219.0,80578.8,40035818.760000005,76918.75,78395.0,85822.5,0.3
1148,9,130,11,93423.0,67622.0,93423.0,75700.2,88430964.16,68900.75,70584.5,77703.0,0.0
1148,14,193,16,93423.0,56277.0,71591.0,64377.0,36795568.4,57365.25,68230.5,69002.25,0.4
1148,19,260,21,93423.0,56277.0,67622.0,59593.3,9470617.209999999,57365.25,59481.0,60265.75,0.7
1149,9,141,11,61679.0,60832.0,67788.0,64639.5,5394859.45,62400.25,65102.0,66594.75,0.6
1150,9,132,11,103263.0,69431.0,103263.0,83411.2,143364837.36,78055.5,78522.5,91526.0,0.0
1151,9,135,11,51403.0,39091.0,53833.0,49288.3,21080838.01,48050.25,51403.0,52346.0,0.9
1152,9,143,11,56818.0,50479.0,59489.0,54598.4,6127033.639999999,52821.0,54540.5,56364.75,0.1
1153,9,136,11,49385.0,34310.0,50922.0,46133.7,32171224.810000002,46666.75,48729.5,49615.25,0.6
1154,9,146,11,78709.0,50494.0,78709.0,63801.0,78361224.4,59629.75,62783.5,66054.25,0.4
1154,14,214,16,78709.0,50494.0,64456.0,58329.7,23616898.809999995,53827.5,59881.5,61969.75,0.6
1155,9,136,11,82673.0,65308.0,82673.0,71982.3,33400913.810000002,67232.75,70121.0,77060.75,0.3
1156,9,142,11,97567.0,60269.0,97567.0,74261.9,125316934.89000002,68773.0,72382.0,74469.75,0.2
1156,14,212,16,97567.0,60269.0,72472.0,68500.6,14870904.440000001,68766.75,69279.0,70916.25,0.2
1156,19,277,21,97567.0,60269.0,69554.0,66552.7,10321032.41,64379.5,68468.5,68997.75,0.5
1157,9,135,11,41708.0,36158.0,46074.0,41867.9,6294509.89,41351.75,41836.0,42937.0,0.6
1158,9,127,11,91149.0,55141.0,91149.0,75911.2,144575963.56,68417.5,72257.5,89082.0,0.3
1158,14,190,16,91149.0,55141.0,76034.0,68792.2,32570480.56000001,67520.5,69531.0,72564.75,0.5
1159,9,142,11,76604.0,48962.0,76604.0,60668.5,74899347.25,54680.25,57942.5,64223.5,0.1
1159,14,204,16,76604.0,48962.0,58259.0,55003.7,7205759.01,54248.75,55745.5,57005.0,0.2
1159,19,272,21,76604.0,48962.0,55911.0,53317.3,3798849.41,52294.0,53628.0,54447.5,0.5
1161,9,129,11,43000.0,27432.0,43000.0,36125.2,28911615.959999997,32106.5,35003.0,41510.75,0.6
1162,9,141,11,87915.0,64140.0,87915.0,71438.0,44606690.6,67529.0,70064.5,70662.5,0.2
1163,9,136,11,89058.0,54977.0,89058.0,67181.8,173842866.35999998,56910.25,61115.5,77281.5,0.5
1164,9,140,11,39575.0,35102.0,42637.0,39511.6,4458800.840000001,38479.0,39575.0,41012.5,0.9
1165,9,132,11,39312.0,37325.0,46567.0,42504.8,7950748.76,39913.25,43552.0,44487.75,0.3
1165,14,203,16,39312.0,36489.0,43595.0,39982.3,4988744.01,39154.5,39320.0,41321.25,0.7
1166,9,110,11,59213.0,41576.0,59213.0,48008.0,20827761.2,45531.5,46286.5,49740.75,0.4
1168,9,137,11,77062.0,54022.0,77062.0,59805.0,39791427.0,56099.75,58671.5,60395.75,0.4
1168,14,207,16,77062.0,47868.0,59372.0,55992.9,10179821.889999999,54850.25,56547.0,58425.0,0.5
1169,9,132,11,113502.0,76372.0,113502.0,88497.2,179568037.16000003,78658.75,83107.5,92043.0,0.1
1169,14,197,16,113502.0,75920.0,84900.0,79430.2,9238871.76,77106.5,78489.5,81184.0,0.2
1170,9,127,11,79577.0,55914.0,80452.0,72913.8,79247568.16,65122.25,78320.5,79577.0,0.4
1170,14,189,16,79577.0,52895.0,78114.0,67289.2,65656542.56000002,61477.0,71194.0,73372.75,0.8
1171,9,132,11,79029.0,58098.0,79029.0,68027.9,40429088.089999996,64153.25,66613.0,70092.5,0.5
1172,9,133,11,84393.0,68242.0,84393.0,78149.0,24405890.8,77901.25,79607.5,81103.25,0.1
1173,9,141,11,80061.0,62267.0,80061.0,70968.5,33324604.05,66397.75,71459.0,76116.5,0.2
1173,14,203,16,80061.0,60602.0,71702.0,65953.5,11030011.05,63857.0,66098.0,67656.25,0.4
1173,19,266,21,80061.0,49004.0,66397.0,62743.8,23752609.56,62663.75,64279.5,65506.0,0.6
1174,9,125,11,90878.0,48623.0,90878.0,64804.2,121537587.96000001,57459.0,64710.5,68903.5,0.5
1174,14,186,16,90878.0,48623.0,66020.0,60213.4,26181298.04,57459.0,61414.5,64367.0,0.7
1175,9,143,11,141230.0,96788.0,144929.0,115610.3,335769373.00999993,101258.75,106830.5,134931.0,0.1
1175,14,203,16,141230.0,68998.0,104714.0,95498.3,89109657.01,94494.0,97809.5,100495.25,0.6
1176,9,137,11,125100.0,74397.0,125100.0,95530.3,288483236.81,81394.75,90535.5,106313.75,0.5
1177,9,132,11,83449.0,83449.0,105433.0,94996.3,54976965.00999999,88817.25,98434.0,100215.0,0.3
1178,9,130,11,150603.0,97599.0,150603.0,118178.0,251210891.0,107565.75,113762.5,119757.75,0.0
1178,14,194,16,150603.0,56939.0,113012.0,96533.1,287911068.49,91668.25,101337.0,109988.0,0.4
1178,19,253,21,150603.0,56939.0,102206.0,90419.2,164781353.96,91224.0,95539.5,97542.75,0.6
1179,9,131,11,65767.0,50205.0,65767.0,56427.3,18785539.610000003,53145.75,56895.0,58547.25,0.7
1180,9,132,11,45371.0,35751.0,45371.0,39684.2,8256482.360000001,37288.0,40305.5,41406.5,0.4
1181,9,116,11,36231.0,31751.0,36831.0,35460.8,2006985.7599999998,35159.0,35853.5,36231.0,0.1
1182,9,110,11,113665.0,29132.0,113665.0,65360.3,511156317.80999994,51153.0,63415.5,78462.25,0.7
1183,9,139,11,47696.0,32826.0,47696.0,40546.9,26309499.889999997,36512.0,39261.5,45545.25,0.6
1184,9,133,11,71904.0,45427.0,71904.0,56098.9,43921159.09,52161.5,54987.0,58412.25,0.8
1185,9,141,11,109757.0,67843.0,109757.0,81054.1,115795472.88999999,76197.0,81026.0,81420.0,0.7
1186,9,132,11,74645.0,72347.0,89113.0,80418.3,26076674.81,75548.25,81102.0,84177.25,0.2
1187,9,129,11,56637.0,48556.0,56637.0,52372.9,5427694.49,50633.75,51961.5,54163.25,0.1
1187,14,188,16,56637.0,45612.0,51709.0,48904.5,3902723.45,47654.5,49107.0,50499.25,0.4
1188,9,143,11,89665.0,48611.0,89665.0,61798.1,149741834.69,54124.0,58633.5,62581.75,0.5
1189,9,129,11,70234.0,60211.0,70799.0,65926.6,17348498.639999997,61840.75,67076.0,69941.75,0.4
1189,14,193,16,70234.0,51435.0,68843.0,61974.1,25218427.09,60227.75,62146.5,64925.5,0.7
1190,9,133,11,45818.0,32429.0,54149.0,45290.0,52529378.2,41966.0,46051.5,51580.25,0.5
1191,9,138,11,55406.0,40380.0,55406.0,46680.9,22241623.89,42540.25,45452.0,50360.25,0.4
1191,14,207,16,55406.0,26482.0,46503.0,40257.4,49804547.64,40708.25,42762.0,44860.75,0.7
1192,9,143,11,46673.0,46014.0,59447.0,51048.9,25736113.490000002,46673.0,48203.0,56248.5,0.4
1192,14,211,16,46673.0,41369.0,54814.0,47927.6,12616639.84,46592.0,46787.0,49125.0,0.6
1193,9,140,11,78172.0,63413.0,78172.0,71118.4,22566750.839999996,66524.0,72619.0,74580.25,0.7
1194,9,132,11,90257.0,57982.0,90257.0,71304.6,69150597.44000001,65553.5,72839.0,73994.5,0.9
1195,9,127,11,46815.0,37996.0,50134.0,46376.3,14289961.010000002,44764.5,47405.0,49320.75,0.7
1196,9,142,11,100619.0,66043.0,100619.0,82034.1,119248321.68999998,76459.5,78249.0,88024.0,0.2
1196,14,213,16,100619.0,66043.0,77792.0,72504.2,17961415.36,69629.5,72696.0,76050.0,0.4
1197,9,141,11,68313.0,53746.0,86268.0,71616.8,60712041.760000005,68493.0,72145.5,75263.0,0.4
1197,14,205,16,68313.0,53746.0,73835.0,67963.0,30879161.8,68313.0,69168.0,71205.0,0.7
1198,9,134,11,129593.0,59735.0,129593.0,87334.7,481883370.61,70508.5,76600.0,106370.5,0.3
1198,14,192,16,129593.0,59735.0,77727.0,73067.3,27910562.410000004,70508.5,75298.5,76966.75,0.3
1199,9,144,11,58094.0,38996.0,58094.0,51326.6,26110731.24,49411.25,52397.0,54494.75,0.5
1200,9,141,11,73526.0,42728.0,73526.0,56234.1,61327811.89000001,51382.5,57834.5,58617.5,0.4
1200,14,207,16,73526.0,42728.0,58136.0,52979.5,20128137.65,51092.25,53731.5,56659.25,0.7
1201,9,134,11,70381.0,52312.0,70381.0,58249.8,27520111.76,54338.25,56285.0,60738.0,0.5
1202,9,130,11,36738.0,36738.0,48370.0,42236.0,13318156.2,40322.25,42219.0,45183.0,0.6
1203,9,137,11,51676.0,33390.0,51676.0,47452.9,24825220.089999996,48201.0,48760.5,49246.0,0.2
1203,14,201,16,51676.0,33390.0,48660.0,43184.6,24590211.439999998,40593.5,43882.5,47784.75,0.7
1204,9,136,11,58694.0,49059.0,58694.0,54316.3,10299132.01,51702.5,54250.5,56859.5,0.4
1204,14,200,16,58694.0,49059.0,54577.0,52411.9,2582752.4899999998,51406.0,52901.0,53359.25,0.5
1205,9,144,11,93612.0,38232.0,93612.0,67137.7,296165801.21,51847.5,70486.5,80391.75,0.3
1205,14,209,16,93612.0,38232.0,69103.0,51095.4,65736475.839999996,47579.25,50848.5,54828.0,0.6
1206,9,134,11,118209.0,84504.0,118209.0,95262.1,108857197.29,88992.0,91756.0,97252.25,0.0
1206,14,205,16,118209.0,65635.0,90456.0,81253.5,80847044.45,75125.0,84939.0,89130.0,0.2
1206,19,274,21,118209.0,47322.0,84504.0,70872.3,88157014.61,68260.75,72750.0,75421.0,0.3
1207,9,134,11,52695.0,35872.0,52695.0,44134.9,27501723.689999998,40379.5,43597.5,46573.25,0.7
1208,9,142,11,136025.0,61910.0,136025.0,112966.0,414071738.8,111538.5,115969.0,121836.0,0.1
1208,14,206,16,136025.0,61910.0,111763.0,89968.7,303206828.21,83016.5,87533.5,107863.25,0.2
1208,19,260,21,136025.0,61910.0,89172.0,81231.5,87674267.85,82767.75,83938.5,87933.25,0.2
1209,9,136,11,65433.0,52604.0,65433.0,57658.7,13499237.61,55142.5,57005.5,60190.25,0.5
1210,9,145,11,79463.0,56517.0,79463.0,68335.7,67800022.81,61612.5,66341.0,76931.25,0.1
1210,14,205,16,79463.0,55231.0,64273.0,60742.1,6868171.489999997,60590.5,61687.5,62052.75,0.2
1210,19,268,21,79463.0,41730.0,61676.0,54404.9,37314867.29000001,50329.5,55874.0,59473.5,0.7
1211,9,137,11,73239.0,46814.0,73239.0,58469.5,50791832.85,52755.5,59684.0,61508.0,0.4
1212,9,134,11,100848.0,68287.0,100848.0,76807.3,95903978.61,69256.25,72819.0,81866.75,0.4
1213,9,141,11,80664.0,63787.0,80664.0,74147.7,31256770.410000004,71388.5,75351.0,78325.25,0.1
1213,14,205,16,80664.0,53519.0,75264.0,65784.0,37397376.0,62698.0,64771.5,70606.0,0.5
1213,19,275,21,80664.0,53519.0,65010.0,60920.7,14813568.809999999,59180.25,61983.0,63862.75,0.9
1214,9,142,11,88395.0,47870.0,88395.0,63867.5,151632791.65,57628.5,60351.5,67631.5,0.7
1215,9,133,11,84713.0,82270.0,89181.0,85080.1,4853263.290000001,83250.75,84713.0,86330.5,0.4
1216,9,136,11,91169.0,41015.0,91169.0,63582.9,218888873.88999996,51380.5,62264.0,74980.25,0.7
1217,9,128,11,89672.0,30709.0,89672.0,60022.1,207571387.89,53496.5,60786.5,63083.25,0.8
1218,9,131,11,87687.0,48584.0,87687.0,65754.1,96824306.49,62212.5,63871.0,65929.25,0.3
1218,14,202,16,87687.0,45735.0,63464.0,56796.5,45526881.45,50139.75,60890.5,62467.5,0.7
1219,9,139,11,99190.0,85813.0,103728.0,97297.7,32389342.409999996,95334.25,99190.0,100788.5,0.0
1219,14,205,16,99190.0,85813.0,99190.0,92744.2,17942806.16,89316.25,93568.5,95926.75,0.0
1219,19,277,21,99190.0,79697.0,92175.0,87854.2,11146442.16,86233.5,88731.5,89653.0,0.0
1219,24,343,26,99190.0,71482.0,88726.0,81118.0,34130473.6,77636.0,81992.0,85874.5,0.4
1220,9,145,11,107034.0,75065.0,107034.0,86307.4,84259686.84,79345.5,83606.0,91607.5,0.4
1221,9,133,11,96961.0,65593.0,96961.0,78100.6,91313688.84,72658.25,74359.5,83719.0,0.2
1221,14,199,16,96961.0,63755.0,77077.0,71434.9,19863964.89,67517.5,73077.5,74448.75,0.3
1221,19,251,21,96961.0,62194.0,72239.0,66878.8,9224189.559999999,64214.5,66951.5,69342.75,0.7
1222,9,135,11,77316.0,66793.0,83772.0,77037.2,32041241.76,74877.75,78411.5,80646.25,0.2
1222,14,193,16,77316.0,66793.0,77316.0,71733.1,14445137.290000001,68443.5,71547.5,74217.25,0.3
1223,9,128,11,55809.0,40935.0,55809.0,47540.8,19806539.96,45271.25,47490.0,49287.0,0.5
1224,9,137,11,65053.0,42770.0,65053.0,50056.3,42776272.41000001,46688.0,48274.5,50324.0,0.6
1226,9,140,11,96525.0,64373.0,96525.0,76246.0,85699826.0,71030.5,74921.5,78727.25,0.2
1227,9,141,11,82092.0,68560.0,86771.0,81140.8,23257261.360000003,80269.25,81881.5,83160.0,0.1
1228,9,137,11,79078.0,66254.0,97063.0,87269.4,94593072.44000001,79770.25,91398.5,95304.25,0.1
1228,14,194,16,79078.0,66254.0,89869.0,73977.9,56543076.89,68357.5,69393.0,79078.0,0.4
1229,9,130,11,98996.0,60267.0,98996.0,77778.0,119079072.4,72707.25,74694.0,85692.5,0.1
1229,14,201,16,98996.0,53996.0,73891.0,66514.8,40795771.16,61473.5,67879.0,71847.0,0.4
1230,9,135,11,68963.0,56642.0,70690.0,65344.7,23134631.209999997,62536.5,67570.0,68963.0,0.2
1230,14,195,16,68963.0,56642.0,67148.0,63706.5,12531623.85,62536.5,65408.5,66335.75,0.2
1230,19,249,21,68963.0,53200.0,65352.0,58563.3,18973084.610000003,54433.5,57225.5,63103.5,0.6
1231,9,147,11,67541.0,52832.0,67541.0,61576.0,24592059.8,59276.75,61767.5,65612.25,0.6
1232,9,135,11,100857.0,61628.0,100857.0,72818.7,122551647.41,65955.5,68957.0,76910.5,0.7
1233,9,139,11,56252.0,46527.0,56515.0,52580.7,15822780.809999999,48550.25,54283.5,56252.0,0.5
1234,9,129,11,56049.0,36736.0,56049.0,45891.6,21379232.84,44091.75,45124.0,47500.5,0.6
1235,9,144,11,78229.0,36043.0,78229.0,51148.3,140867609.01000002,44692.5,48842.5,53751.5,0.6
1236,9,127,11,42600.0,24483.0,42600.0,32135.3,28364683.21,27689.5,32259.0,34594.25,0.3
1236,14,188,16,42600.0,23077.0,32214.0,27159.6,8107598.640000001,25460.5,26540.5,27759.0,0.8
1237,9,138,11,46221.0,18175.0,46221.0,32395.4,63436934.84000001,29990.5,32199.0,37801.25,0.6
1238,9,135,11,60449.0,36184.0,60449.0,46961.6,61125841.44,40929.25,46121.5,53366.0,0.7
1239,9,140,11,51304.0,44549.0,51304.0,47433.6,4946823.24,45778.75,47195.0,48449.75,0.7
1241,9,145,11,45919.0,45919.0,57495.0,51909.9,21197199.490000002,46818.75,53085.5,56134.75,0.3
1241,14,210,16,45919.0,45919.0,52097.0,48644.4,4956452.04,46493.0,48630.0,50617.5,0.4
1241,19,265,21,45919.0,42060.0,49027.0,46828.7,3956038.0099999993,45993.25,46666.0,48494.25,0.6
1242,9,128,11,55017.0,50513.0,61772.0,55825.6,12895859.040000001,53738.75,55017.0,59131.0,0.5
1243,9,136,11,47384.0,41728.0,53794.0,47929.4,9981802.440000001,47186.75,47457.5,47646.0,0.2
1244,9,132,11,62294.0,46143.0,62294.0,53591.2,28777728.159999996,49264.25,52639.5,56545.25,0.4
1245,9,141,11,104251.0,55059.0,104251.0,73314.0,220570768.8,61440.25,70976.0,82179.0,0.3
1245,14,210,16,104251.0,43743.0,70931.0,58938.3,52690833.010000005,54375.75,59483.5,64263.25,0.6
1246,9,134,11,62739.0,41363.0,62739.0,51661.3,53372651.21,47371.25,49065.5,57329.5,0.5
1247,9,136,11,90976.0,45583.0,90976.0,63797.4,238318175.64000002,54866.0,57630.5,70603.75,0.2
1247,14,201,16,90976.0,45583.0,57597.0,53223.7,19467599.61,49529.0,54844.0,56816.0,0.3
1248,9,140,11,78529.0,54479.0,78529.0,61760.1,43235052.89,56768.25,61213.0,63393.0,0.5
1249,9,133,11,74080.0,50626.0,74080.0,64138.2,46043599.16,62136.5,63510.0,68238.5,0.6
1251,9,138,11,57426.0,45205.0,57426.0,53095.1,15967206.290000003,51387.75,53239.0,56777.75,0.7
1252,9,145,11,83186.0,49688.0,83186.0,64162.0,94704253.0,57242.25,65663.5,68124.5,0.2
1252,14,215,16,83186.0,49688.0,65480.0,56381.6,21491476.64,53776.5,55993.0,58083.25,0.3
1253,9,143,11,53166.0,44422.0,62785.0,54013.5,29180549.25,53166.0,54003.5,57102.5,0.2
1253,14,215,16,53166.0,37939.0,54376.0,48622.1,27515688.29,44758.0,50327.5,53166.0,0.4
1254,9,119,11,57898.0,43036.0,66787.0,56135.6,44873855.24,53012.75,57561.0,59534.5,0.3
1255,9,129,11,71940.0,43101.0,71940.0,58155.3,70899717.61,54279.5,55980.0,64734.75,0.6
1255,14,192,16,71940.0,43101.0,56734.0,53621.5,17388163.05,53955.0,55438.5,56008.0,0.8
1256,9,134,11,75364.0,64557.0,83732.0,76378.9,26586627.690000005,74014.75,77109.5,79901.5,0.8
1258,9,141,11,89830.0,56559.0,89830.0,68110.2,155702122.35999998,59464.25,61579.5,75920.75,0.5
1258,14,209,16,89830.0,53497.0,62552.0,59033.4,7620520.24,56955.25,59621.5,60950.25,0.8
1259,9,141,11,103553.0,50959.0,103553.0,67094.5,219335885.65,54529.75,66195.5,72621.5,0.4
1259,14,207,16,103553.0,50959.0,65743.0,57185.0,20058101.2,53829.5,56029.0,60750.25,0.8
1260,9,140,11,58880.0,45815.0,61854.0,53374.8,30827263.759999998,48358.75,53137.5,58417.75,0.5
1260,14,208,16,58880.0,45815.0,53651.0,50229.1,5806111.6899999995,48358.75,50460.0,52277.75,0.6
1262,9,144,11,100892.0,75420.0,100892.0,85763.1,70787371.09,81647.25,82854.5,88387.75,0.2
1262,14,201,16,100892.0,70373.0,83456.0,80063.0,17110245.8,78129.75,82095.0,82837.5,0.3
1263,9,130,11,40850.0,34695.0,45836.0,42328.3,10531887.81,40850.0,42703.5,45124.25,0.7
1264,9,121,11,44587.0,37214.0,44587.0,40458.4,6613694.4399999995,38218.5,40095.0,42403.25,0.8
1266,9,138,11,58880.0,34492.0,58880.0,44607.3,60301941.61,39710.75,41958.0,48597.5,0.6
1267,9,131,11,62661.0,51478.0,65324.0,60947.6,13945349.239999998,60235.5,61915.0,62661.0,0.2
1269,9,134,11,66639.0,52846.0,66639.0,58392.4,26640056.04,53774.0,56012.0,63667.5,0.6
1271,9,134,11,45496.0,30757.0,45496.0,38800.7,22586437.009999998,35783.0,37890.5,42612.75,0.6
1272,9,133,11,52805.0,27898.0,52805.0,36741.4,60307040.44,31362.0,35256.5,38497.75,0.8
1273,9,140,11,70937.0,65185.0,72573.0,70071.9,3845748.69,69600.5,70728.0,71225.0,0.0
1273,14,214,16,70937.0,51110.0,70519.0,64779.2,36153301.76,62785.75,67177.5,69311.0,0.2
1273,19,282,21,70937.0,47587.0,67118.0,57338.6,40205785.44,51889.5,57508.0,61891.75,0.7
1274,9,136,11,55508.0,46110.0,55508.0,50871.3,8284037.209999999,49560.0,50682.5,52783.75,0.6
1275,9,144,11,54755.0,33130.0,54755.0,44626.3,56201329.61,39576.5,42532.0,52433.5,0.6
1276,9,142,11,67214.0,36983.0,67214.0,53435.7,80529041.00999999,48160.0,54480.5,57818.5,0.7
1277,9,131,11,56072.0,37255.0,56072.0,47683.1,29212690.890000004,47058.0,49500.0,50083.25,0.8
1278,9,126,11,85193.0,51039.0,85193.0,67044.7,73276930.21000001,62879.5,65468.5,71240.75,0.5
1279,9,142,11,64252.0,37740.0,64252.0,53063.4,58604343.44000001,47064.0,55307.0,58436.25,0.5
1280,9,135,11,53560.0,28766.0,53560.0,45283.4,57771839.24000001,45329.25,47031.5,50554.25,0.7
1281,9,134,11,92621.0,44389.0,92621.0,57723.8,296169985.96,46875.5,49350.0,56115.25,0.5
1282,9,144,11,67657.0,36170.0,67657.0,48316.2,125058305.16000001,39055.25,44836.0,58453.75,0.5
1282,14,205,16,67657.0,36170.0,47265.0,42069.5,13787396.45,39055.25,42148.0,45474.25,0.8
1283,9,139,11,61767.0,37260.0,61767.0,46804.1,52108574.089999996,44184.25,44976.0,49687.75,0.5
1284,9,131,11,77313.0,57476.0,77313.0,66469.6,25912153.04,64354.0,67391.5,68149.75,0.3
1285,9,134,11,46881.0,34456.0,46881.0,40087.5,12180964.65,37425.25,39929.5,42408.25,0.4
1285,14,194,16,46881.0,34456.0,39896.0,38136.3,2836819.81,37144.75,38654.5,39652.0,0.5
1286,9,122,11,58639.0,39893.0,58639.0,49165.5,27356168.65,45606.25,48432.5,53019.0,0.7
1287,9,135,11,60870.0,40092.0,60870.0,50538.6,38185492.44,45143.0,51779.5,55192.0,0.3
1287,14,201,16,60870.0,39958.0,51601.0,46813.1,18070480.09,43920.5,48041.5,50706.0,0.4
1287,19,261,21,60870.0,39958.0,48978.0,44800.5,8205836.05,43920.5,44646.0,46943.75,0.7
1288,9,141,11,54985.0,27542.0,54985.0,44912.9,53267722.489999995,43815.25,44683.0,46993.0,0.8
1289,9,136,11,62752.0,27757.0,62752.0,44998.9,99210611.28999999,43693.75,46217.5,47309.25,0.7
1290,9,138,11,45044.0,24091.0,45044.0,34158.4,39948417.239999995,30010.0,32159.0,38929.75,0.7
1291,9,136,11,94535.0,77380.0,97208.0,92954.3,29742534.610000003,92726.5,94301.0,96119.75,0.1
1292,9,148,11,115878.0,91165.0,118862.0,106881.0,117358188.8,98065.0,108861.0,116954.25,0.0
1292,14,217,16,115878.0,91165.0,101844.0,97820.0,11228952.8,97146.75,98318.0,100534.25,0.0
1292,19,288,21,115878.0,68003.0,97812.0,89137.2,83460914.36,85533.0,91904.5,96768.75,0.4
1293,9,141,11,48939.0,32424.0,49552.0,43057.3,32276036.609999996,38612.0,43258.0,48916.25,0.5
1294,9,148,11,52144.0,45212.0,52144.0,49017.9,5610182.09,47050.75,49342.0,50703.25,0.0
1294,14,218,16,52144.0,39091.0,49651.0,46597.7,7968545.81,46039.0,47190.5,48105.25,0.1
1294,19,284,21,52144.0,30496.0,47010.0,42010.3,29839815.21,39427.25,44731.0,46387.0,0.5
1295,9,139,11,81574.0,65757.0,81574.0,74893.9,27049085.889999997,71738.0,75565.5,79282.5,0.2
1295,14,202,16,81574.0,59441.0,73224.0,69477.6,15443190.24,68708.5,71084.5,71802.0,0.4
1297,9,145,11,82224.0,60057.0,85044.0,75224.3,57864936.410000004,70013.5,77039.5,81826.5,0.1
1297,14,217,16,82224.0,60057.0,75933.0,70155.6,22815041.240000002,67884.75,70068.0,74557.25,0.2
1298,9,139,11,41361.0,41361.0,61797.0,52364.1,49803911.089999996,49238.75,51845.5,58978.25,0.7
1299,9,133,11,72022.0,64952.0,82257.0,74656.9,37445133.69,69415.0,74987.0,80510.5,0.4
1301,9,122,11,47668.0,30277.0,47668.0,39682.2,21626559.16,38922.0,40849.0,41547.25,0.7
1302,9,114,11,48210.0,33828.0,48210.0,38549.8,20263179.160000004,35574.25,37202.5,38950.25,0.8
1303,9,124,11,45416.0,32174.0,45416.0,41052.4,16377368.040000001,40754.0,42750.5,43313.25,1.0
1304,9,131,11,82727.0,69196.0,83478.0,79960.3,16990770.61,79496.5,81333.5,82727.0,0.0
1304,14,195,16,82727.0,57685.0,80277.0,72503.0,57311479.2,67882.75,73961.5,79697.5,0.2
1304,19,255,21,82727.0,57685.0,73381.0,68905.7,21880901.009999998,67882.75,70758.5,71643.0,0.2
1305,9,125,11,84703.0,53736.0,84703.0,62120.6,72685006.03999999,57366.25,59543.5,60807.5,0.7
1306,9,143,11,52717.0,45169.0,52717.0,48480.8,6400907.16,46897.0,47428.5,50111.25,0.3
1307,9,135,11,39514.0,37285.0,47320.0,42630.5,11420123.05,39698.75,42486.5,45315.75,0.4
1309,9,127,11,75096.0,38730.0,75096.0,57094.9,133215325.09,50282.0,54176.0,67672.0,0.2
1309,14,197,16,75096.0,38730.0,53603.0,48185.4,15041567.440000001,46955.5,49231.0,49887.75,0.2
1310,9,139,11,86383.0,62619.0,86383.0,70594.8,33468977.959999997,68666.0,69156.0,70684.75,0.0
1310,14,207,16,86383.0,56980.0,69682.0,66973.9,14897753.690000001,67418.0,68691.0,69215.0,0.1
1310,19,270,21,86383.0,53830.0,68641.0,61532.2,23348522.159999996,58163.5,60711.0,65982.0,0.6
1311,9,139,11,108711.0,56311.0,108711.0,77107.3,257363617.20999998,65261.75,76968.5,81920.75,0.3
1311,14,205,16,108711.0,56311.0,76149.0,65641.4,33298682.439999998,62170.75,66630.0,69197.0,0.5
1312,9,140,11,92735.0,57564.0,92735.0,74126.4,118749190.24000001,67687.5,71146.0,79004.25,0.3
1313,9,145,11,111606.0,92333.0,112221.0,105796.2,41270758.56,103885.0,106758.5,111606.0,0.1
1313,14,216,16,111606.0,83522.0,106007.0,94905.6,55124214.04,90439.25,93587.0,102094.75,0.4
1313,19,282,21,111606.0,83522.0,96905.0,91977.2,18223179.16,90439.25,93084.0,95012.0,0.4
1314,9,140,11,118343.0,86174.0,118343.0,98879.0,113926453.0,90970.0,94205.0,107515.0,0.1
1314,14,207,16,118343.0,86174.0,93863.0,90252.6,5320226.64,88148.25,91019.0,91595.75,0.1
1316,9,123,11,64781.0,38262.0,64781.0,46703.7,57062180.010000005,40407.5,46252.0,49788.25,0.9
1317,9,144,11,53104.0,39595.0,53104.0,46162.5,16373712.05,43232.25,45483.0,48298.5,0.6
1318,9,141,11,57517.0,39482.0,57517.0,51766.9,28669597.490000002,48690.25,52924.0,56375.0,0.3
1318,14,204,16,57517.0,39482.0,54357.0,49455.9,16583410.89,47748.0,49827.5,52052.75,0.5
1319,9,116,11,72744.0,50565.0,72744.0,59686.1,81693369.49,51387.5,57135.5,67908.25,0.5
1319,14,175,16,72744.0,50565.0,57328.0,53141.6,5309811.64,51387.5,52203.0,54397.75,0.7
1320,9,135,11,78854.0,59096.0,78854.0,67223.6,24878822.439999998,66220.5,67049.5,68371.75,0.2
1320,14,200,16,78854.0,52885.0,66889.0,62634.9,21359752.490000002,59636.0,64540.5,66524.25,0.5
1322,9,127,11,56283.0,40356.0,56283.0,45066.1,33731769.29,40775.5,43237.5,44640.75,0.8
1323,9,136,11,53319.0,35399.0,53319.0,41698.7,22558274.21,38674.0,41235.0,42218.5,0.8
1324,9,130,11,73350.0,43016.0,73350.0,50729.0,73468930.6,44750.75,49319.0,51501.75,0.4
1324,14,194,16,73350.0,35238.0,48882.0,43450.5,18564842.05,43109.0,44562.0,45078.5,0.8
1325,9,109,11,47436.0,33364.0,48980.0,42250.4,30387111.639999997,37511.0,43354.5,47372.5,0.6
1325,14,168,16,47436.0,33364.0,45977.0,40489.2,16698092.160000002,37511.0,41820.5,43484.0,0.9
1326,9,136,11,61205.0,51745.0,61205.0,57062.6,10275629.040000001,55434.0,56931.5,60159.5,0.2
1327,9,141,11,86941.0,48114.0,86941.0,58273.8,206697358.75999996,48810.5,51361.0,56430.75,0.6
1328,9,136,11,60066.0,39114.0,60066.0,45930.9,41876121.29,42381.25,43481.5,46653.25,0.6
1329,9,136,11,45968.0,30662.0,45968.0,38742.7,20540714.21,36132.0,37600.0,42625.75,0.6
1331,9,136,11,74880.0,60908.0,74880.0,67508.2,17507665.76,64721.5,67115.0,68740.0,0.2
1332,9,144,11,46462.0,33164.0,49462.0,41974.4,28153946.639999997,38097.0,40661.5,46462.0,0.4
1332,14,208,16,46462.0,33164.0,41182.0,38549.2,5637777.56,37536.0,39002.0,40255.75,0.6
1333,9,144,11,46490.0,29751.0,46490.0,39072.7,24420337.409999996,36603.0,39220.5,41390.5,0.4
1333,14,205,16,46490.0,29751.0,40311.0,36568.5,9531036.45,35204.5,37070.0,38870.5,0.6
1334,9,142,11,63022.0,41018.0,63022.0,45446.5,37164735.65,42829.5,43853.5,44463.5,0.7
1335,9,133,11,51364.0,30410.0,51364.0,40617.5,41414783.65,35531.5,42486.5,44427.25,0.6
1336,9,141,11,81926.0,40890.0,81926.0,54888.4,146652757.23999998,47330.0,51027.5,58292.25,0.5
1336,14,200,16,81926.0,40890.0,51735.0,47524.9,12401762.290000001,45502.5,47505.0,50951.5,0.7
1337,9,137,11,74898.0,60244.0,74898.0,63338.4,16620783.64,61353.25,61822.5,62991.0,0.0
1338,9,147,11,86251.0,82699.0,90597.0,85805.7,4898856.61,83960.25,86251.0,86419.75,0.0
1339,9,125,11,60724.0,26995.0,60724.0,42520.1,78750703.69,38809.25,40411.5,43794.75,0.7
1340,9,124,11,94718.0,49678.0,94718.0,65080.2,147540940.76,58987.0,60965.0,70876.75,0.6
1341,9,132,11,76671.0,44391.0,76671.0,64519.7,64799714.410000004,62144.5,65575.0,68591.25,0.5
1342,9,124,11,112286.0,89374.0,116853.0,102165.2,106896759.76,91981.75,101041.0,112279.0,0.5
1342,14,188,16,112286.0,89374.0,106398.0,96951.3,30197338.209999997,91981.75,96020.5,100980.25,0.5
1343,9,133,11,89032.0,63429.0,89487.0,79698.1,81768378.89,72984.5,81597.5,88228.5,0.3
1343,14,199,16,89032.0,63429.0,80947.0,71133.5,34795040.25,67033.0,69918.5,76501.75,0.7
1344,9,121,11,60066.0,46579.0,61146.0,56684.9,22778490.29,53750.75,59683.0,60069.75,0.3
1344,14,182,16,60066.0,45932.0,59300.0,50982.5,15651537.05,47305.5,51344.5,53274.0,0.8
1345,9,143,11,85796.0,58657.0,86326.0,76346.3,78720586.21,72947.75,77953.0,84455.75,0.4
1345,14,212,16,85796.0,58657.0,77402.0,70602.5,35685380.65,65908.25,72898.0,75110.0,0.7
1347,9,139,11,103664.0,66590.0,103664.0,77904.1,92946175.89000002,72276.75,77415.0,79443.0,0.1
1347,14,205,16,103664.0,59679.0,77310.0,71742.7,26518095.21,70362.25,72524.5,75974.5,0.2
1348,9,137,11,50142.0,36597.0,50142.0,45762.6,16689138.64,43060.25,47346.5,48197.5,0.9
1349,9,144,11,73455.0,48059.0,73455.0,60272.0,63014984.8,55517.25,58129.5,65628.0,0.5
1350,9,138,11,88409.0,50101.0,88409.0,65694.4,201823622.24,55201.25,57775.0,77258.75,0.5
1351,9,137,11,66935.0,48418.0,66935.0,55557.1,24140028.490000002,52991.0,56393.0,56972.75,0.4
1352,9,147,11,53859.0,49887.0,58442.0,55223.8,5823934.159999999,53859.0,55519.0,57162.5,0.5
1353,9,141,11,48697.0,31680.0,50530.0,41079.5,47386555.25,34794.25,39499.0,48458.25,0.5
1353,14,187,16,48697.0,31680.0,39677.0,36692.3,6460236.01,34794.25,37668.5,38476.5,0.8
1355,9,133,11,102552.0,73904.0,102552.0,83079.6,54129116.44,78892.0,82237.0,84180.0,0.5
1356,9,141,11,135604.0,98723.0,135604.0,107413.0,96191942.8,103021.5,105643.0,106762.25,0.0
1356,14,201,16,135604.0,74884.0,105164.0,94754.4,108832152.43999998,86889.25,99456.5,103298.5,0.4
1356,19,255,21,135604.0,74884.0,98723.0,88155.7,40423732.81,85755.5,89297.5,91955.5,0.8
1358,9,139,11,103659.0,73165.0,103659.0,87315.8,94477908.96000001,78705.0,88648.0,95077.25,0.3
1358,14,203,16,103659.0,73165.0,89870.0,82489.4,33311565.839999996,78015.0,84217.0,87377.5,0.4
1359,9,138,11,87019.0,58821.0,87019.0,74561.2,52246686.559999995,71709.75,76367.5,78124.5,0.2
1359,14,196,16,87019.0,58821.0,76078.0,68557.4,31422027.040000003,64173.5,69456.0,72736.5,0.5
1359,19,256,21,87019.0,58821.0,68000.0,64896.1,6647113.09,64173.5,65256.0,66967.0,0.9
1360,9,113,11,71632.0,65258.0,78627.0,73597.3,15340411.809999999,71579.5,72663.5,77252.0,0.1
1360,14,181,16,71632.0,62250.0,72563.0,69589.3,10432578.209999999,68525.75,71539.5,71632.0,0.2
1361,9,134,11,110191.0,84884.0,110191.0,97327.2,72028876.96000001,91068.0,96850.0,105134.0,0.0
1361,14,204,16,110191.0,62665.0,94710.0,82106.4,83282956.24000001,77862.25,81741.0,89318.75,0.2
1361,19,262,21,110191.0,62665.0,81819.0,76384.7,28998320.409999996,75403.75,78071.5,80109.25,0.3
1363,9,131,11,93360.0,49184.0,93360.0,61961.6,127781146.24000001,56920.25,60156.0,62746.75,0.4
1364,9,127,11,85995.0,47198.0,85995.0,58935.9,121529376.28999999,52279.5,55472.0,63345.0,0.5
1365,9,131,11,59686.0,45773.0,59748.0,55984.1,25336137.090000004,54515.25,58656.0,59634.75,0.2
1365,14,205,16,59686.0,45773.0,58646.0,53915.3,18021186.009999998,51386.75,55979.5,56999.5,0.3
1366,9,128,11,66574.0,37780.0,66574.0,57547.9,53391335.89,56313.0,59760.0,60663.5,0.4
1367,9,107,11,61575.0,45094.0,61575.0,53014.5,23943341.85,50044.25,53827.0,55563.5,0.5
1368,9,144,11,73940.0,58088.0,73940.0,63241.6,19927319.04,60811.25,61912.5,64613.0,0.0
1369,9,141,11,56481.0,46592.0,56481.0,52360.6,9971066.44,50021.5,52094.5,55507.5,0.5
1370,9,126,11,44240.0,32490.0,44240.0,39123.1,14259917.89,36234.75,40035.5,41851.75,0.3
1370,14,190,16,44240.0,32490.0,39715.0,36469.7,5055465.409999999,35132.0,36639.0,37845.75,0.6
1371,9,138,11,58447.0,35836.0,58447.0,44626.0,28823731.2,42943.0,43718.5,44936.0,0.7
1372,9,145,11,90425.0,39773.0,90425.0,59631.9,198599219.09,51720.25,54243.5,68924.25,0.4
1372,14,200,16,90425.0,39773.0,56787.0,50784.3,30510832.810000002,50988.5,52152.0,54338.25,0.5
1373,9,129,11,80184.0,61579.0,80927.0,72808.2,60973176.56,64592.5,75132.5,80102.25,0.2
1373,14,199,16,80184.0,61579.0,71752.0,66807.3,14422045.01,62926.0,67552.0,70067.5,0.2
1374,9,141,11,84627.0,80084.0,90743.0,85573.8,11284169.760000002,83511.75,84627.0,88813.5,0.0
1374,14,201,16,84627.0,67163.0,84627.0,80811.4,24850794.040000003,80411.75,82702.0,83549.25,0.1
1375,9,122,11,63342.0,29039.0,63342.0,38122.8,82852117.16,33499.25,37038.5,38304.0,0.9
1376,9,130,11,49367.0,37250.0,49367.0,43941.6,11919219.04,42386.0,44497.0,46372.25,0.4
1376,14,195,16,49367.0,29195.0,44197.0,40276.0,17501485.6,39665.75,41600.5,43008.5,0.9
1377,9,136,11,44623.0,36009.0,50250.0,45698.1,13773481.690000001,44623.0,46358.5,48124.0,0.8
1378,9,136,11,73730.0,63704.0,76868.0,71764.2,17777455.16,69577.5,73730.0,74275.25,0.2
1379,9,132,11,70948.0,56769.0,73044.0,67889.7,19858946.41,66665.75,69131.0,70874.5,0.2
1380,9,132,11,75269.0,54926.0,78233.0,67555.2,70231111.56,59934.0,66912.0,75269.0,0.1
1380,14,200,16,75269.0,41048.0,64218.0,57087.3,39434602.81,55068.75,58142.5,61832.0,0.5
1381,9,120,11,51109.0,29473.0,51109.0,38771.8,29478039.359999996,35629.5,38315.5,41348.25,0.9
1382,9,123,11,48934.0,26178.0,48934.0,42239.1,37735215.08999999,40646.25,44153.5,45247.75,0.9
1383,9,130,11,61618.0,49215.0,65441.0,56204.5,27336408.45,52446.0,54979.0,60910.75,0.4
1383,14,191,16,61618.0,45706.0,54495.0,51044.2,8309559.360000001,49191.75,50572.5,54041.75,0.9
1384,9,117,11,29076.0,20095.0,31166.0,28320.4,9194170.24,27939.75,29118.0,30086.0,0.9
1385,9,134,11,60669.0,39370.0,60669.0,43157.5,38065478.05,40106.25,40740.0,41897.0,0.4
1386,9,135,11,45857.0,37540.0,45857.0,40549.7,8327736.609999999,38467.0,39159.0,42719.75,0.5
1389,9,140,11,43286.0,38633.0,46441.0,43136.1,5803925.890000001,41519.0,43286.0,45374.25,0.6
1390,9,138,11,54691.0,47192.0,58265.0,53296.1,10238940.889999999,51796.25,54311.5,55107.25,0.2
1391,9,128,11,65570.0,38863.0,65570.0,50300.6,70215978.24000001,44882.0,48691.5,50875.75,0.8
1392,9,139,11,90488.0,42875.0,90488.0,68334.0,314652747.2,51611.0,67651.5,85755.25,0.4
1392,14,203,16,90488.0,42875.0,66230.0,54935.2,43080109.36,50898.5,56471.0,58688.75,0.9
1393,9,141,11,112115.0,72035.0,112115.0,92516.2,170408228.95999998,82439.25,90041.0,102466.25,0.1
1393,14,215,16,112115.0,72035.0,88276.0,81854.1,22174096.490000002,80507.25,82236.5,85083.75,0.1
1393,19,285,21,112115.0,64067.0,81774.0,76144.2,28107598.96000001,72919.75,78178.5,79733.5,0.3
1393,24,348,26,112115.0,64067.0,78222.0,72163.5,18181923.45,69975.5,71596.0,75240.75,0.7
1394,9,143,11,86754.0,72953.0,86754.0,83182.1,22828899.29,82151.0,85663.5,86706.75,0.1
1394,14,202,16,86754.0,72953.0,84925.0,76569.9,20579946.69,73268.75,73737.0,80215.25,0.4
1394,19,271,21,86754.0,66340.0,73741.0,71804.7,5703692.41,71344.0,72994.5,73402.25,0.8
1395,9,137,11,51857.0,49558.0,56384.0,53082.0,4711854.0,51857.0,52870.0,54740.5,0.2
1395,14,206,16,51857.0,48003.0,53348.0,50512.6,2803726.4400000004,49143.25,50189.0,51857.0,0.6
1396,9,128,11,57257.0,43819.0,57451.0,52790.4,19304404.839999996,50396.75,54328.5,56707.25,0.3
1398,9,137,11,57795.0,43965.0,57795.0,50996.8,19902367.56,47388.5,51800.0,54323.0,0.4
1399,9,146,11,63412.0,42534.0,63412.0,47932.1,29506989.490000002,45641.0,46385.5,47906.25,0.2
1400,9,133,11,82124.0,65592.0,82124.0,72999.9,28704520.689999998,70159.25,72631.5,74063.25,0.1
1400,14,198,16,82124.0,61792.0,72316.0,68985.5,10411728.85,66948.5,70126.0,71229.5,0.2
1402,9,152,11,74442.0,58182.0,74442.0,63010.4,20459392.04,60766.5,61605.0,64470.0,0.5
1403,9,143,11,65796.0,54331.0,69272.0,62150.4,22583582.84,59757.75,62765.0,65796.0,0.8
1404,9,132,11,132916.0,68112.0,132916.0,102496.7,531437141.01000005,80826.5,106045.0,125033.75,0.4
1404,14,193,16,132916.0,68112.0,105962.0,84394.8,83068851.16,80826.5,85145.5,86019.5,0.6
1405,9,132,11,111395.0,63904.0,111395.0,85342.5,237275412.05,75530.5,79566.0,99733.25,0.5
1406,9,147,11,113276.0,63763.0,113276.0,99729.6,204732797.04000002,93745.5,103606.5,111115.75,0.1
1406,14,195,16,113276.0,63763.0,103097.0,89196.1,101089084.88999999,86980.75,90992.5,92479.0,0.3
1407,9,142,11,83485.0,60394.0,85532.0,77875.7,53575388.81000001,74627.25,80514.5,83411.75,0.3
1408,9,145,11,90562.0,76239.0,90562.0,84634.4,22113303.44,80746.0,85422.0,88600.0,0.5
1409,9,138,11,65559.0,60830.0,80281.0,70611.3,30260407.21,66059.0,71506.0,74259.5,0.2
1409,14,203,16,65559.0,51726.0,72406.0,64296.5,40556776.25,62012.25,65929.5,68741.0,0.5
1410,9,146,11,115646.0,68009.0,115646.0,90684.7,154277374.81,86114.25,87013.5,92244.75,0.1
1410,14,209,16,115646.0,68009.0,86773.0,82324.4,31135827.240000002,82329.75,84552.0,85826.25,0.2
1411,9,130,11,62331.0,35988.0,62331.0,47377.2,58935928.96,42778.75,45307.5,50262.0,0.6
1413,9,138,11,64373.0,36866.0,64373.0,46342.9,72214805.28999999,39895.25,43615.5,49798.25,0.5
1417,9,139,11,58627.0,42705.0,67049.0,55907.6,51502615.839999996,52659.0,58627.0,59489.0,0.4
1417,14,209,16,58627.0,42705.0,58627.0,50533.3,26203348.009999998,46142.25,50826.0,55028.25,0.8
1418,9,138,11,72663.0,58125.0,78700.0,68223.9,61997636.69,59560.0,70164.0,74643.0,0.3
1418,14,206,16,72663.0,57527.0,67665.0,61011.4,8412888.639999999,58951.75,60550.5,62645.5,0.4
1419,9,147,11,67354.0,56910.0,69097.0,65100.3,12131239.209999999,63307.75,66567.0,67329.5,0.3
1419,14,214,16,67354.0,49256.0,66903.0,61231.3,27686758.01,58099.75,62240.5,65471.0,0.6
1420,9,141,11,60367.0,49654.0,62246.0,58411.7,15258811.410000002,55824.5,60081.0,61322.5,0.5
1421,9,152,11,100309.0,81167.0,100309.0,92216.0,24750856.0,90757.5,92529.0,94427.75,0.0
1421,14,223,16,100309.0,74428.0,93225.0,85113.8,50194804.95999999,78328.25,88478.5,90906.5,0.3
1421,19,290,21,100309.0,74428.0,88062.0,80518.9,22685943.09,77305.5,79623.5,84867.25,0.4
1422,9,134,11,91937.0,81170.0,99232.0,92668.9,24678952.09,91937.0,92967.5,95984.0,0.2
1422,14,195,16,91937.0,80714.0,93626.0,88670.3,23326184.41,84297.25,91912.0,92172.5,0.4
1423,9,121,11,46102.0,41800.0,47010.0,45178.7,3365313.0100000002,44043.0,46102.0,46689.0,0.7
1424,9,139,11,59905.0,42231.0,59905.0,47547.7,24135617.81,44514.75,46558.5,46856.25,0.7
1425,9,134,11,70280.0,52013.0,70280.0,64220.0,28400180.2,62137.25,65128.5,68726.25,0.2
1425,14,205,16,70280.0,52013.0,63664.0,60345.5,11371485.05,59606.75,61569.0,62760.5,0.4
1426,9,129,11,82400.0,56454.0,82400.0,67718.6,50226343.04000001,64346.25,66609.0,69053.75,0.2
1426,14,199,16,82400.0,54917.0,67830.0,61870.1,14051048.290000001,61227.25,61337.0,64586.75,0.4
1427,9,120,11,52475.0,37429.0,52475.0,46844.7,18222835.810000002,46137.25,48117.0,48621.25,0.4
1428,9,141,11,64639.0,61088.0,76237.0,68664.5,21964330.05,64782.0,68387.5,72581.75,0.3
1428,14,205,16,64639.0,59568.0,68985.0,65050.5,7716181.85,64577.5,64925.0,67324.5,0.5
1429,9,137,11,57246.0,49334.0,62162.0,56740.1,14971903.290000001,54612.0,57246.0,59367.0,0.3
1430,9,138,11,98117.0,49638.0,98117.0,60115.1,184421931.88999996,53075.25,56233.0,57777.5,0.8
1431,9,125,11,56855.0,41606.0,57577.0,53176.4,20758058.240000002,52336.75,53926.0,56733.5,0.8
1432,9,144,11,65759.0,43540.0,65759.0,52317.8,69555932.96,45903.25,47325.0,58435.25,0.1
1432,14,213,16,65759.0,39988.0,49052.0,45394.2,8247267.160000001,43913.5,45927.5,47692.0,0.3
1432,19,267,21,65759.0,34138.0,45879.0,41236.8,12749086.96,40262.75,41576.5,43597.75,0.7
1433,9,114,11,61702.0,33694.0,61702.0,42841.6,76438496.84,37627.25,39979.5,44544.5,0.8
1434,9,133,11,61451.0,59167.0,70970.0,65213.3,15333784.61,61799.5,64486.0,68897.5,0.4
1435,9,131,11,66612.0,55261.0,66612.0,62191.1,14149852.89,60013.5,62339.5,65537.5,0.3
1436,9,136,11,58591.0,39183.0,62102.0,49657.6,57123939.24000001,43963.75,46679.5,57342.0,0.3
1436,14,206,16,58591.0,39183.0,46766.0,44128.4,7479782.640000001,42475.75,45618.5,46229.0,0.4
1437,9,130,11,69032.0,64798.0,71794.0,67907.4,4563122.839999999,66361.25,67835.0,69032.0,0.1
1438,9,142,11,92826.0,44307.0,92826.0,61290.2,138721529.36,56389.25,59092.0,63060.5,0.7
1439,9,133,11,73804.0,57766.0,81967.0,74511.7,46414938.81,73804.0,74903.0,79707.25,0.2
1439,14,193,16,73804.0,57766.0,77198.0,69461.0,42702210.6,67221.0,71211.5,74220.25,0.5
1441,9,125,11,57689.0,30890.0,57689.0,43235.3,87964917.21,36559.25,40245.5,50778.25,0.5
1441,14,176,16,57689.0,30890.0,39808.0,36617.4,6243693.840000001,36559.25,37387.5,37764.5,0.9
1442,9,144,11,83449.0,47219.0,83449.0,56969.1,124796044.69000001,49888.25,53555.5,54881.75,0.6
1444,9,142,11,90147.0,68016.0,103764.0,93220.8,106082710.76,90147.0,95282.0,101183.5,0.0
1444,14,215,16,90147.0,56060.0,94841.0,74323.3,187090149.01,62287.5,70011.0,88779.75,0.3
1444,19,272,21,90147.0,56060.0,69558.0,62342.8,20252832.759999998,59166.0,62491.0,64995.75,0.8
1445,9,132,11,69269.0,59674.0,69734.0,66142.8,9650736.559999999,64894.0,66036.0,69095.25,0.6
1446,9,140,11,41814.0,30997.0,43873.0,37760.0,16409796.6,34005.25,38587.0,41319.0,0.7
1447,9,134,11,76290.0,31518.0,76290.0,49277.8,136127717.76000002,44771.0,47092.0,52957.0,0.5
1447,14,194,16,76290.0,31518.0,46324.0,42175.6,22507464.44,39654.75,44238.5,45427.0,1.0
1448,9,131,11,59683.0,47208.0,59683.0,52419.1,11691453.290000001,49833.0,51888.5,54608.0,0.7
1449,9,134,11,53514.0,40986.0,56305.0,51569.8,17738177.96,50702.0,52804.0,53514.0,0.8
1450,9,144,11,50826.0,45058.0,50826.0,49003.9,4161597.69,48697.0,49766.5,50387.75,0.4
1451,9,126,11,63191.0,47602.0,63191.0,55432.5,20308827.65,52325.25,55972.0,58693.0,0.2
1452,9,143,11,62912.0,44486.0,62912.0,53823.6,33563806.64,49203.25,54355.5,57546.0,0.5
1452,14,205,16,62912.0,44486.0,57284.0,51668.6,14780897.639999997,49203.25,51889.5,54888.25,0.7
1454,9,127,11,57686.0,47918.0,57686.0,52630.6,8207556.639999999,50978.25,53394.5,54333.0,0.3
1455,9,144,11,61256.0,41787.0,61256.0,50137.2,32719024.159999996,46096.5,48913.5,53223.0,0.2
1455,14,206,16,61256.0,41504.0,48574.0,45024.8,6453587.16,42710.0,45128.0,47406.25,0.5
1456,9,132,11,55702.0,48191.0,57771.0,54156.9,9100815.89,52012.5,55610.5,55837.75,0.0
1456,14,198,16,55702.0,41662.0,55519.0,48801.1,13980875.49,46625.75,48162.0,51593.5,0.4
1457,9,139,11,85994.0,38523.0,85994.0,57760.6,147319825.84,51757.5,55485.0,62410.75,0.4
1458,9,147,11,79558.0,56665.0,79558.0,65240.1,49882056.89000001,60953.75,62454.5,67750.75,0.1
1458,14,209,16,79558.0,50156.0,62782.0,59105.2,17392981.959999997,57640.5,60896.5,61929.5,0.3
1459,9,145,11,100550.0,57965.0,100550.0,73041.3,152334789.81,65087.0,70628.0,75338.5,0.4
1460,9,133,11,142634.0,72180.0,142634.0,99474.5,576288611.05,78382.25,89967.0,121237.75,0.5
1460,14,197,16,142634.0,72180.0,93668.0,83315.7,44169313.61,78382.25,82416.0,89007.25,0.6
1461,9,139,11,81688.0,72449.0,93183.0,84924.8,34865336.160000004,81915.0,83694.5,89424.25,0.3
1462,9,131,11,90247.0,53642.0,90247.0,67405.5,103757944.65,62187.5,65486.0,73172.0,0.9
1463,9,143,11,84720.0,73376.0,90597.0,83977.2,24987266.36,81966.75,84916.0,86973.5,0.2
1463,14,206,16,84720.0,73376.0,84720.0,80041.3,13282387.21,77268.0,80393.0,83056.5,0.5
1465,9,136,11,74435.0,49781.0,75486.0,68756.0,63136734.2,67242.0,71639.5,74435.0,0.2
1465,14,202,16,74435.0,49781.0,71453.0,60493.1,46611099.29,55781.25,60125.5,65129.75,0.5
1465,19,271,21,74435.0,49781.0,61451.0,56969.3,14710190.01,54024.25,58777.5,59536.25,0.7
1466,9,132,11,118475.0,78215.0,118797.0,105338.3,179594809.41,95783.5,108762.5,117371.5,0.1
1466,14,203,16,118475.0,55079.0,106764.0,86765.1,191227686.48999995,83650.75,85971.5,91570.25,0.6
1466,19,265,21,118475.0,55079.0,87138.0,79213.7,80976925.21000001,77660.75,81647.5,84743.5,1.0
1467,9,121,11,119982.0,87838.0,119982.0,99964.0,92517843.6,93669.5,97895.5,100280.25,0.0
1467,14,183,16,119982.0,87838.0,99633.0,94798.4,15499179.84,93092.75,95015.0,98445.0,0.0
1467,19,247,21,119982.0,56313.0,93872.0,82689.2,174671553.95999998,76083.75,88384.5,92709.0,0.3
1467,24,304,26,119982.0,55547.0,87838.0,72180.1,125396056.29,63555.25,71866.0,81050.0,0.6
1468,9,122,11,111313.0,73848.0,111313.0,84053.8,142225159.95999998,76134.25,79923.0,82338.25,0.3
1468,14,189,16,111313.0,71722.0,81646.0,77177.3,9009113.81,75170.75,77448.0,79276.5,0.4
1468,19,251,21,111313.0,63309.0,76679.0,73346.0,13486554.8,72309.0,75082.5,75332.25,0.9
1469,9,131,11,85535.0,64758.0,85535.0,78418.1,45294530.49,75982.0,80508.0,83674.5,0.2
1469,14,200,16,85535.0,59825.0,79303.0,71903.2,37665454.36,68283.0,72885.0,77359.0,0.3
1470,9,137,11,47157.0,38496.0,47157.0,40958.7,6027343.209999999,39598.75,40211.5,41195.75,0.3
1471,9,138,11,59510.0,40672.0,61703.0,51829.5,40202412.65,47638.25,50587.5,57866.25,0.4
1471,14,205,16,59510.0,40672.0,53016.0,49220.1,12759713.29,47638.25,49340.0,52269.0,0.5
1472,9,142,11,63771.0,38957.0,63771.0,52350.8,40188774.96000001,49088.25,52519.5,56408.5,0.6
1473,9,128,11,50870.0,40714.0,50870.0,45682.6,13123405.440000001,42637.75,45524.0,48516.75,0.7
1474,9,136,11,47500.0,36901.0,47500.0,41656.0,16237393.6,37620.5,41420.0,44792.25,0.5
1475,9,110,11,46958.0,33737.0,46958.0,37837.2,12855750.160000002,35663.0,36609.0,38283.25,0.9
1476,9,124,11,39492.0,30656.0,43042.0,37536.5,13792575.45,35741.5,38360.0,39771.0,0.7
1477,9,137,11,58932.0,42953.0,58932.0,49730.7,19340086.01,46857.0,49317.5,52388.0,0.1
1477,14,210,16,58932.0,42353.0,49985.0,46370.1,6470409.49,45090.0,45903.5,48466.5,0.2
1478,9,134,11,85368.0,37808.0,85368.0,50125.7,175871348.81,42318.5,46659.0,48603.25,0.8
1479,9,127,11,66827.0,26151.0,66827.0,42474.5,111548393.05,36288.25,40386.5,47337.5,0.7
1480,9,126,11,63100.0,37168.0,63100.0,49059.4,75548089.84,42217.25,47215.0,55870.75,0.5
1480,14,184,16,63100.0,37168.0,44950.0,41863.3,5391803.81,40065.5,42521.5,43317.25,0.9
1481,9,137,11,64072.0,47818.0,64072.0,53804.4,17296795.84,51014.75,53411.5,55108.5,0.4
1482,9,136,11,49926.0,37693.0,49926.0,42962.0,17089844.2,39895.75,42885.0,44163.25,0.4
1483,9,142,11,98202.0,62824.0,98202.0,80189.3,81210936.01,76290.0,80620.0,82145.25,0.3
1483,14,205,16,98202.0,62824.0,80671.0,75610.4,30229051.04,73225.75,76990.5,80280.5,0.5
1484,9,146,11,130852.0,64574.0,130852.0,87600.2,380023743.56000006,78860.25,82791.0,85390.25,0.2
1485,9,132,11,83603.0,40746.0,83603.0,71535.9,128693687.89000002,69731.75,74165.0,76361.5,0.5
1486,9,124,11,90656.0,60214.0,90656.0,74288.8,67444233.76,70144.0,74999.5,77783.75,0.4
1486,14,190,16,90656.0,60214.0,76067.0,70861.5,24948963.05,69167.75,72883.5,74123.5,0.7
1487,9,134,11,95842.0,60987.0,95842.0,78315.5,72091018.05,73818.0,78775.5,81864.0,0.6
1488,9,129,11,110643.0,66381.0,110643.0,82065.0,169170623.0,74903.75,78285.0,79954.0,0.3
1488,14,190,16,110643.0,66381.0,79078.0,72965.1,25243617.890000004,67609.25,73524.0,78089.75,0.6
1489,9,133,11,58952.0,46451.0,60139.0,56695.0,16791246.0,55085.75,58577.5,59631.5,0.3
1489,14,183,16,58952.0,43011.0,58203.0,51193.0,20320263.6,47963.5,51404.5,54143.25,0.8
1490,9,141,11,65173.0,52828.0,65441.0,61904.3,17949737.21,60045.5,64334.5,65173.0,0.2
1490,14,205,16,65173.0,52828.0,64020.0,58107.9,13715090.290000001,55011.5,58153.0,60300.5,0.5
1491,9,139,11,77609.0,58016.0,77609.0,66458.2,29033546.759999998,63340.0,66293.5,69097.25,0.0
1491,14,213,16,77609.0,58016.0,66813.0,63825.0,8663794.2,62240.0,65207.5,66199.0,0.0
1491,19,275,21,77609.0,54300.0,64945.0,59905.2,13694316.959999999,56645.75,60835.5,62539.25,0.3
1491,24,337,26,77609.0,54300.0,61493.0,58264.8,5467122.76,56645.75,58868.5,59552.5,0.3
1492,9,140,11,65345.0,59657.0,72134.0,65616.3,14190411.01,62847.5,65345.0,68387.5,0.5
1494,9,121,11,121814.0,72116.0,121814.0,91073.8,215180426.56,80142.75,87414.0,101524.0,0.3
1494,14,188,16,121814.0,72116.0,86623.0,79788.8,20523015.759999998,77178.25,80391.5,82328.25,0.5
1495,9,142,11,93611.0,55541.0,93611.0,73185.4,147109438.23999998,65054.25,69290.0,80646.25,0.6
1496,9,123,11,79056.0,66612.0,81941.0,75790.2,28238216.160000004,70742.0,77327.0,80076.75,0.3
1496,14,192,16,79056.0,66253.0,75598.0,70512.6,8742255.64,68784.0,70231.5,71743.5,0.8
1497,9,147,11,85840.0,64176.0,85840.0,72818.5,44931651.05,66882.5,72621.0,77578.5,0.0
1497,14,212,16,85840.0,51779.0,72300.0,62681.1,36377153.489999995,61181.0,63351.0,66517.25,0.5
1498,9,144,11,97893.0,56565.0,97893.0,76041.1,154504028.69,71893.25,73887.5,77032.75,0.2
1498,14,210,16,97893.0,56565.0,74309.0,69124.1,31320412.090000004,65725.5,71961.0,73329.5,0.4
1499,9,145,11,108131.0,68495.0,108131.0,86072.9,140333622.29,78086.5,83346.5,91690.0,0.2
1500,9,138,11,113533.0,81620.0,114109.0,96073.6,144219781.64,86927.75,91639.0,108451.75,0.1
1500,14,203,16,113533.0,78753.0,90569.0,85376.6,16167446.84,82117.5,85881.0,89232.75,0.4
1501,9,141,11,67287.0,65222.0,81994.0,69988.4,28956148.439999998,67015.0,67287.0,70485.75,0.3
1502,9,138,11,54226.0,40475.0,54226.0,49253.0,17569089.6,48055.75,50171.5,52482.75,0.5
1502,14,212,16,54226.0,40475.0,51435.0,47529.0,11541846.0,45481.75,48087.5,50339.0,0.8
1503,9,139,11,64092.0,52130.0,70746.0,64444.7,25941770.41,62610.0,64426.5,68283.5,0.8
1504,9,119,11,60490.0,47217.0,62386.0,58171.4,21735297.639999997,57016.25,60322.5,60725.5,0.9
1505,9,131,11,85262.0,68442.0,94791.0,87038.9,50687699.089999996,85262.0,89161.0,91691.0,0.1
1505,14,180,16,85262.0,68442.0,88488.0,83019.5,30065124.05,81805.5,85262.0,86223.5,0.1
1506,9,139,11,80250.0,50519.0,80250.0,60219.6,96310039.04,53124.5,55071.0,67741.75,0.5
1507,9,144,11,66650.0,57204.0,66785.0,62207.9,14243642.49,58337.75,62284.5,66309.75,0.2
1507,14,210,16,66650.0,48109.0,63335.0,59004.0,17465931.4,57731.25,59670.0,61821.0,0.3
1508,9,137,11,72917.0,45359.0,72917.0,63407.2,55766593.15999999,60282.5,64930.5,67269.25,0.7
1510,9,146,11,53072.0,49177.0,58615.0,55432.5,9165438.65,53072.0,56805.5,57805.75,0.3
1511,9,134,11,71185.0,44432.0,71185.0,56969.3,65663010.80999999,51539.5,57263.0,59368.25,0.5
1511,14,196,16,71185.0,44432.0,58916.0,53247.5,18725751.25,51254.0,54238.5,56655.75,0.8
1512,9,129,11,49286.0,34916.0,49286.0,41779.0,17265493.6,38545.0,41852.5,43631.75,0.8
1513,9,134,11,40643.0,30374.0,42193.0,37927.2,18719922.16,34366.25,40643.0,40828.0,0.9
1514,9,147,11,66492.0,49957.0,70550.0,60885.3,43464516.01,57626.75,60289.5,66492.0,0.2
1515,9,132,11,79188.0,59700.0,79188.0,66649.6,28914595.840000004,63121.5,67396.0,68268.5,0.4
1516,9,140,11,87296.0,56440.0,87296.0,67968.0,126744228.8,57924.5,64919.5,74750.0,0.3
1517,9,143,11,66048.0,35980.0,66048.0,51280.6,79189042.24000001,45494.0,51105.0,53822.0,0.4
1518,9,134,11,60742.0,45348.0,60742.0,50386.6,17022742.44,47753.5,50732.0,51273.0,0.3
1518,14,196,16,60742.0,28820.0,50584.0,45465.6,36883660.44,44690.25,46523.0,49659.25,0.6
1519,9,128,11,70302.0,65666.0,70563.0,68681.4,2356277.64,67844.0,68728.0,70152.75,0.8
1520,9,134,11,45494.0,35295.0,46510.0,41431.6,15938182.24,37820.25,40890.5,45494.0,0.4
1520,14,204,16,45494.0,35295.0,43201.0,39183.8,5324960.56,37456.75,38885.5,40970.75,0.6
1521,9,134,11,50432.0,37836.0,50432.0,45283.0,13280939.8,44092.5,45649.0,46688.5,0.2
1521,14,203,16,50432.0,34057.0,45076.0,39948.6,17398778.240000002,36044.25,39627.5,44335.5,0.6
1522,9,147,11,58949.0,45992.0,58949.0,52289.9,20103370.69,48488.75,51793.0,55367.0,0.4
1522,14,214,16,58949.0,32826.0,51047.0,45156.9,30336386.689999998,44593.25,46820.0,48938.25,0.8
1523,9,143,11,55553.0,39316.0,57125.0,50221.4,29112320.839999996,47399.5,50438.0,55226.5,0.6
1524,9,141,11,70329.0,46479.0,70329.0,58120.9,41933253.09,53662.0,58248.5,61278.75,0.4
1524,14,206,16,70329.0,46479.0,58733.0,53667.7,14248472.01,51624.25,53749.0,56748.5,0.6
1525,9,147,11,56016.0,56016.0,72008.0,64658.1,33930153.08999999,60299.25,64983.0,70035.75,0.3
1525,14,212,16,56016.0,56016.0,66025.0,61408.8,9534658.16,60131.25,62554.5,62943.0,0.5
1526,9,138,11,75401.0,47272.0,75401.0,62718.9,94640823.89,55986.75,60781.5,71846.5,0.6
1528,9,135,11,85476.0,73376.0,85476.0,77065.2,16087533.959999999,74591.5,75978.0,76604.5,0.0
1528,14,203,16,85476.0,61159.0,75623.0,70467.0,21001534.6,66692.25,72443.5,74245.0,0.1
1528,19,277,21,85476.0,57479.0,71511.0,65334.2,14393993.760000002,64360.25,65428.0,67612.75,0.3
1530,9,137,11,99319.0,66706.0,99319.0,79433.9,96416924.89,73398.75,77446.0,84656.75,0.2
1530,14,194,16,99319.0,66706.0,74827.0,71699.8,9203420.559999999,68797.75,73515.5,74204.25,0.2
1530,19,253,21,99319.0,63679.0,73502.0,69730.8,9108780.36,67809.5,69957.5,72447.5,0.3
1531,9,151,11,121083.0,80418.0,121083.0,91376.6,157343699.04,83144.0,86514.5,96060.0,0.5
1531,14,211,16,121083.0,78966.0,87376.0,83723.7,8615990.21,81283.75,83238.0,86725.75,0.7
1532,9,144,11,113521.0,72144.0,113521.0,96881.5,153760195.05,89351.5,102311.0,103936.0,0.3
1532,14,206,16,113521.0,72144.0,101993.0,90214.7,73156562.21,86841.75,91547.0,95690.0,0.3
1533,9,144,11,91385.0,65807.0,91385.0,76018.1,74864550.89,70100.75,73671.0,79124.25,0.0
1533,14,209,16,91385.0,65807.0,73108.0,69848.1,4946130.889999999,68504.75,70227.0,71269.5,0.0
1534,9,142,11,75786.0,58028.0,75786.0,66934.4,23873287.639999997,63646.5,67277.0,69751.75,0.5
1535,9,140,11,102147.0,48987.0,102147.0,67293.2,323595181.16,55312.75,58828.5,81579.0,0.7
1536,9,132,11,112333.0,58063.0,112333.0,84378.4,258684321.24,76359.75,82839.5,94111.5,0.4
1536,14,201,16,112333.0,58063.0,85214.0,75902.5,80221317.25,70861.0,79318.0,82801.5,0.5
1537,9,137,11,89164.0,51391.0,89164.0,68620.1,170408540.89,55604.25,69190.5,80318.0,0.3
1537,14,199,16,89164.0,51391.0,67919.0,59584.8,26092940.56,55604.25,60179.0,62729.75,0.3
1538,9,145,11,53206.0,46084.0,59812.0,52885.2,15956157.36,51016.0,53206.0,54779.75,0.6
1539,9,132,11,77377.0,58562.0,77377.0,68983.7,22646652.009999998,67109.5,69823.0,71557.0,0.1
1539,14,193,16,77377.0,57707.0,69083.0,64609.2,13153770.36,63825.25,65046.0,67296.0,0.3
1540,9,135,11,76851.0,53525.0,76851.0,64966.2,38232260.760000005,61285.25,65535.0,68403.0,0.3
1541,9,140,11,77072.0,67357.0,78942.0,74362.4,18175700.240000002,70365.25,75967.5,77775.5,0.7
1542,9,134,11,96250.0,74721.0,96250.0,82676.0,52661701.8,78447.75,79413.5,87525.25,0.0
1542,14,199,16,96250.0,71384.0,79226.0,75983.2,5603109.159999999,74859.5,75926.5,77850.5,0.1
1543,9,123,11,93154.0,49652.0,93154.0,62735.6,164240034.04000002,54312.25,58574.5,64412.5,0.3
1543,14,192,16,93154.0,49652.0,59124.0,55735.6,12369107.84,52199.5,57990.5,58624.25,0.4
1544,9,138,11,99240.0,44803.0,99240.0,68487.1,285069223.69000006,55138.0,67532.5,74016.75,0.4
1544,14,198,16,99240.0,44803.0,65398.0,57007.7,29867465.209999997,54439.25,58158.5,60597.5,0.6
1545,9,136,11,64204.0,50085.0,68308.0,59962.5,39218330.45,55252.75,61762.5,64204.0,0.5
1545,14,197,16,64204.0,50085.0,62686.0,57986.0,19335894.8,55252.75,60114.5,61573.75,0.7
1547,9,134,11,57700.0,36186.0,57700.0,49529.0,33439728.0,49668.75,51173.0,51925.75,0.5
1548,9,147,11,59958.0,44618.0,61023.0,56535.5,28667800.25,54746.0,59958.0,60252.25,0.7
1549,9,148,11,69071.0,52608.0,69071.0,61040.7,23389481.41,57796.75,62388.0,64130.75,0.4
1550,9,135,11,75319.0,42285.0,85159.0,63774.7,209775647.41000003,52789.0,61251.0,75319.0,0.3
1550,14,192,16,75319.0,42285.0,60806.0,52979.3,23811955.01,52326.0,54460.5,54775.0,0.5
1551,9,137,11,70247.0,45931.0,70247.0,56166.4,38272274.04000001,54404.5,56945.5,58115.75,0.3
1551,14,208,16,70247.0,40317.0,57021.0,51778.8,25588741.96,49401.25,53761.5,54735.75,0.7
1552,9,145,11,84244.0,71779.0,86632.0,81183.4,28316273.839999996,76628.25,83701.0,84947.5,0.3
1553,9,126,11,86104.0,44490.0,86104.0,59945.3,215366356.21000004,49989.5,51760.0,69975.0,0.6
1553,14,199,16,86104.0,42762.0,53024.0,49830.8,11382530.36,49157.25,50885.0,52343.0,0.9
1554,9,127,11,51676.0,51076.0,60543.0,53603.5,7427838.05,51676.0,52675.0,54693.0,0.0
1555,9,136,11,56624.0,34650.0,56624.0,45362.6,28296634.839999996,43223.75,45273.5,47862.0,0.8
1556,9,105,11,63282.0,52090.0,63282.0,58792.2,12455680.76,56044.0,60173.0,61111.0,0.2
1556,14,170,16,63282.0,52090.0,60053.0,56064.5,5531215.65,54860.0,55478.5,57473.25,0.2
1556,19,239,21,63282.0,38784.0,55536.0,52125.5,25744390.05,52338.25,54493.0,55289.0,0.5
1557,9,140,11,104082.0,66530.0,104082.0,79284.6,85048567.64,75301.25,77034.0,80447.25,0.2
1557,14,205,16,104082.0,66530.0,76814.0,74181.5,7647286.85,73881.5,74677.5,75968.0,0.5
1558,9,120,11,124332.0,63898.0,124332.0,81779.2,257772135.56000003,72729.25,79731.0,84755.5,0.7
1559,9,135,11,129205.0,75636.0,129205.0,97765.6,299694681.0400001,84012.75,94389.5,110361.0,0.3
1559,14,194,16,129205.0,61388.0,94197.0,79199.3,85105322.81,74576.25,80061.5,82688.25,0.6
1560,9,142,11,74996.0,61198.0,79357.0,73261.1,27559316.090000004,71189.25,74996.0,76534.75,0.1
1561,9,135,11,146300.0,57342.0,146300.0,117277.4,948924893.24,110263.0,125864.5,142762.0,0.0
1561,14,198,16,146300.0,42217.0,120532.0,70256.8,890525262.1600001,47954.0,54462.0,97684.75,0.4
1561,19,250,21,146300.0,38534.0,52331.0,47374.4,15996845.439999998,46427.75,48269.5,49704.5,0.8
1562,9,118,11,55125.0,36304.0,55125.0,49300.4,26453009.04,47188.0,50795.0,52670.0,0.7
1563,9,105,11,56533.0,36992.0,56533.0,52085.8,30619016.759999998,51201.0,54114.0,55183.25,0.8
1564,9,143,11,97710.0,59562.0,97710.0,70323.6,97937672.84,64890.0,69070.5,70588.25,0.8
1565,9,131,11,93071.0,56385.0,93071.0,71199.8,95795891.16,64204.0,70141.5,76472.5,0.6
1565,14,193,16,93071.0,56385.0,74953.0,67435.1,27986914.29,64204.0,68268.0,70800.25,0.8
1566,9,142,11,59669.0,52855.0,59669.0,57078.5,4294364.65,55653.0,57215.0,58894.0,0.1
1567,9,141,11,79958.0,53080.0,79958.0,69817.7,53286371.41,70593.25,71606.0,73611.25,0.2
1568,9,150,11,76305.0,68679.0,83955.0,77364.8,15464317.36,76305.0,77283.0,79317.5,0.0
1568,14,216,16,76305.0,51616.0,77113.0,67617.4,80182855.24,60944.25,69748.0,75811.0,0.4
1569,9,145,11,65359.0,31093.0,65359.0,45669.3,80008213.41,40011.0,45611.0,49744.75,0.5
1570,9,131,11,101835.0,49965.0,101835.0,68692.8,218419082.35999998,58574.75,63799.5,75776.25,0.5
1570,14,194,16,101835.0,49965.0,63542.0,58173.7,19077565.009999998,57172.0,58882.5,61608.0,0.7
1571,9,134,11,72000.0,46594.0,72000.0,56071.3,54257359.410000004,49208.0,56615.5,59290.5,0.3
1571,14,199,16,72000.0,46594.0,59166.0,53063.7,21469967.01,47832.75,55124.5,56998.5,0.4
1572,9,139,11,86164.0,34048.0,86164.0,60772.3,166316433.61,57036.25,59248.5,63033.75,0.6
1573,9,115,11,90934.0,35726.0,90934.0,53151.3,236502835.20999998,45927.75,47684.5,53052.0,0.8
1574,9,126,11,104803.0,65025.0,104803.0,82967.2,155364477.36,72736.0,82645.5,90469.75,0.4
1575,9,145,11,90093.0,78557.0,104682.0,89619.9,50606103.29,87106.25,89343.0,90093.0,0.0
1575,14,206,16,90093.0,74482.0,88756.0,82422.8,19150587.759999998,79131.0,82687.0,86249.25,0.1
1575,19,257,21,90093.0,61907.0,81320.0,73360.9,43545167.89,67432.0,75157.5,78897.5,0.6
1577,9,142,11,91348.0,52799.0,94159.0,76846.5,226777277.05,63940.5,79125.0,91348.0,0.4
1577,14,210,16,91348.0,52799.0,77455.0,67190.8,55731828.96,63470.5,69256.0,72439.0,0.6
1578,9,131,11,90727.0,58985.0,90727.0,77322.8,83098841.96000001,74459.0,76119.5,84373.0,0.5
1579,9,130,11,86950.0,40107.0,86950.0,56925.6,292972257.24,42304.75,49623.0,69354.25,0.6
1580,9,140,11,71614.0,55132.0,71761.0,62995.1,51833237.690000005,55684.25,61185.5,71378.75,0.4
1581,9,139,11,73925.0,53201.0,73925.0,62280.4,40257828.839999996,57417.5,62997.0,66210.5,0.6
1582,9,148,11,84582.0,61651.0,84582.0,77107.3,46843347.21,73269.5,78371.0,83019.25,0.4
1582,14,221,16,84582.0,61651.0,83047.0,76468.3,38545818.61,73269.5,78371.0,81292.0,0.4
1583,9,146,11,61425.0,61425.0,71986.0,66873.0,14127058.4,64097.0,66812.5,70392.75,0.5
1584,9,142,11,70821.0,56172.0,74144.0,66473.5,38849713.25,60841.0,69794.5,70783.0,0.4
1585,9,137,11,103832.0,72971.0,109312.0,89513.3,168708135.81,78801.75,84653.0,103300.5,0.1
1585,14,203,16,103832.0,66625.0,83746.0,75611.4,22373660.639999997,73151.5,74560.5,78708.5,0.5
1586,9,145,11,128819.0,74076.0,128819.0,93696.2,263456057.95999998,82262.75,86999.5,105093.75,0.4
1586,14,205,16,128819.0,70374.0,85113.0,78743.8,16782186.56,77154.0,79152.0,81486.25,0.9
1587,9,134,11,125253.0,68168.0,125253.0,85715.4,309512695.03999996,72805.75,80682.0,89188.0,0.4
1587,14,198,16,125253.0,68168.0,77376.0,72804.8,10277193.36,70158.0,72917.5,75631.0,0.6
1588,9,135,11,92357.0,76100.0,92357.0,82028.5,17633086.25,79118.25,82155.5,83443.75,0.1
1589,9,122,11,95422.0,61692.0,95422.0,81603.6,78526868.24000001,80358.25,81358.0,84530.5,0.2
1589,14,185,16,95422.0,61692.0,81320.0,76402.2,32836201.159999996,74474.25,77966.5,80558.5,0.5
1590,9,114,11,118332.0,58008.0,118332.0,79259.5,361422778.85,68697.0,70028.0,83583.0,0.5
1591,9,129,11,94149.0,54634.0,94149.0,78559.8,177994624.56,70692.25,82012.0,89016.0,0.3
1591,14,189,16,94149.0,36466.0,80407.0,61826.0,201754947.0,55534.75,67288.0,69214.5,0.8
1592,9,137,11,99262.0,77430.0,99262.0,84411.5,33134859.25,80918.0,84269.0,85367.75,0.3
1593,9,141,11,65116.0,65116.0,78537.0,72296.3,23765670.41,67852.75,72792.5,76799.0,0.2
1593,14,214,16,65116.0,64768.0,73539.0,68863.1,12372038.29,65289.5,68433.5,72232.75,0.4
1594,9,129,11,68792.0,50153.0,68792.0,62023.3,32943089.01,61265.5,62882.0,65276.5,0.3
1596,9,147,11,109000.0,58678.0,109000.0,77536.2,230875228.95999998,68960.5,71972.5,88371.5,0.2
1596,14,213,16,109000.0,58678.0,74311.0,68638.7,28469228.610000003,63751.0,70582.0,73082.25,0.3
1597,9,124,11,51642.0,41062.0,55096.0,49267.0,25448933.0,44669.0,51642.0,52668.75,0.8
1598,9,126,11,95259.0,60218.0,95259.0,70262.6,83393208.83999999,65403.5,68880.0,71489.0,0.7
1599,9,139,11,90534.0,66314.0,90534.0,76020.2,51942117.160000004,69901.0,76239.5,78853.75,0.3
1599,14,209,16,90534.0,63239.0,77612.0,70923.8,22570253.16,66813.5,70549.0,74882.25,0.5
1600,9,142,11,105515.0,78738.0,122365.0,95128.6,155920299.64000002,87973.5,89589.0,104287.75,0.1
1600,14,192,16,105515.0,70342.0,89481.0,82405.9,41590499.49,79157.25,83642.0,88190.5,0.3
1600,19,257,21,105515.0,70342.0,84119.0,77570.2,25546666.96,72678.75,77987.5,82507.5,0.6
1601,9,141,11,70864.0,38909.0,70864.0,50637.2,62081052.160000004,47390.0,49912.0,52449.75,0.9
1602,9,129,11,79070.0,56300.0,79070.0,62613.0,40867451.0,57644.0,61835.0,63506.0,0.1
1603,9,151,11,57107.0,49156.0,57107.0,52596.9,6668658.89,50772.75,51853.0,53411.0,0.5
1605,9,136,11,46402.0,25029.0,46402.0,39378.0,32555086.2,38222.5,40511.0,42882.75,0.8
1606,9,148,11,55941.0,38980.0,62731.0,54495.2,42050922.96000001,52354.5,55941.0,58556.75,0.3
1606,14,217,16,55941.0,38980.0,55941.0,51313.5,22712065.05,50529.0,51467.0,54758.25,0.6
1607,9,144,11,88396.0,65587.0,88801.0,78605.9,85586160.49000001,71679.75,79559.5,87837.75,0.5
1607,14,207,16,88396.0,65587.0,77082.0,73001.2,17041898.56,71679.75,73822.5,76666.75,0.6
1608,9,142,11,119359.0,69431.0,119359.0,93449.1,309358176.69,73666.25,101437.0,106288.5,0.3
1608,14,207,16,119359.0,53033.0,101293.0,71046.9,143247148.69,65498.0,70285.0,72373.75,0.8
1609,9,142,11,55954.0,21363.0,55954.0,42224.6,73712678.64,39735.75,42818.0,47304.0,0.8
1610,9,143,11,62207.0,53273.0,62207.0,58694.3,5621472.01,57667.75,59437.0,60015.0,0.2
1610,14,203,16,62207.0,51377.0,59823.0,56792.5,6952319.05,55647.25,57289.5,58973.5,0.5
1611,9,88,11,48784.0,33976.0,48784.0,42634.7,44688867.01,34824.75,47337.5,48164.5,0.4
1611,14,136,16,48784.0,33976.0,46788.0,38198.2,15011588.76,34824.75,37923.5,40041.75,0.8
1612,9,141,11,90667.0,45746.0,90667.0,63726.3,133759610.21,58824.75,61856.5,69157.0,0.5
1613,9,148,11,96805.0,52297.0,96805.0,76204.9,241806881.89000002,64836.5,70560.5,92342.5,0.1
1613,14,216,16,96805.0,52297.0,70485.0,63358.0,26459495.6,62308.75,64887.0,66477.0,0.2
1614,9,142,11,70226.0,68471.0,74448.0,71378.3,3253798.81,70226.0,71265.0,72319.0,0.5
1615,9,102,11,97558.0,25133.0,97558.0,46485.7,740639956.2099999,28269.75,31585.0,55026.0,0.6
1616,9,146,11,79256.0,55334.0,79256.0,63001.5,36328534.05,60358.25,62385.0,63917.5,0.2
1617,9,137,11,80592.0,63678.0,80592.0,71394.3,22641179.409999996,67888.25,71905.0,73863.5,0.1
1618,9,132,11,107211.0,67557.0,107211.0,87415.4,140242316.84,79617.25,87988.0,89194.75,0.5
1619,9,137,11,127441.0,65219.0,127441.0,84820.6,257480180.24,80353.5,82088.5,83879.0,0.7
1620,9,132,11,109647.0,76561.0,109647.0,89821.7,97813570.81000002,85288.5,86930.5,90396.0,0.2
1620,14,197,16,109647.0,66521.0,86588.0,80163.9,42639322.29000001,77266.0,81819.5,85811.5,0.5
1621,9,131,11,80181.0,50037.0,80181.0,63120.5,78314424.25,57522.0,59710.5,69654.5,0.4
1621,14,200,16,80181.0,50037.0,63014.0,58165.6,10671286.64,57381.5,58106.5,60222.25,0.6
1622,9,140,11,76051.0,33580.0,76051.0,55750.8,121259651.76000002,48469.0,58140.5,61872.5,0.6
1623,9,119,11,71882.0,55147.0,71882.0,62052.9,18227482.29,60359.5,62293.5,63465.5,0.0
1623,14,181,16,71882.0,47503.0,62895.0,56478.5,30777022.25,51511.0,58440.0,61283.75,0.3
1623,19,245,21,71882.0,42270.0,56928.0,49354.3,18681178.81,47628.0,48244.0,52070.5,0.7
1624,9,133,11,79732.0,53022.0,85623.0,67876.9,123886317.89000002,56784.5,68893.0,77831.25,0.3
1624,14,198,16,79732.0,53022.0,68237.0,59429.7,19150433.81,56059.25,59666.5,61860.5,0.6
1625,9,148,11,62705.0,38115.0,63712.0,53459.3,61924247.410000004,49284.5,52112.5,61422.25,0.5
1625,14,218,16,62705.0,38115.0,53343.0,48820.4,16399080.040000001,48238.25,49468.5,51180.0,0.7
1626,9,144,11,86325.0,72241.0,86325.0,81132.9,16930626.089999996,79584.5,81552.0,84504.0,0.1
1626,14,217,16,86325.0,60640.0,81496.0,74615.9,34562869.29,72589.0,75666.0,78478.5,0.3
1627,9,141,11,76747.0,64983.0,76747.0,70577.8,15957174.559999999,67058.5,70017.0,74399.0,0.6
1628,9,147,11,57867.0,44380.0,57867.0,50865.5,18361372.85,46809.0,51780.5,53636.0,0.4
1629,9,131,11,53761.0,38206.0,53761.0,44791.6,14040584.440000001,42928.5,45116.5,45745.0,0.3
1631,9,147,11,122870.0,78487.0,122870.0,93592.6,157073105.64000002,84908.25,92537.0,97464.5,0.1
1631,14,219,16,122870.0,70700.0,88707.0,82921.6,31621112.240000002,78979.0,84577.0,87984.5,0.2
1632,9,138,11,109480.0,72165.0,109480.0,87231.3,103648833.81,79851.25,88194.0,92116.5,0.3
1632,14,199,16,109480.0,72165.0,86261.0,81500.8,19175308.360000003,79347.25,82774.5,84642.75,0.4
1633,9,119,11,89686.0,72251.0,89686.0,79700.9,19497504.29,78178.75,79272.0,81132.0,0.0
1633,14,187,16,89686.0,71878.0,79239.0,76315.9,6761659.69,74515.75,77516.5,78464.25,0.0
1633,19,252,21,89686.0,66719.0,77171.0,72396.2,7559549.760000001,71105.5,72463.0,74067.25,0.3
1634,9,138,11,57062.0,57062.0,75320.0,68958.5,41199817.85,67348.75,71709.0,73571.25,0.7
1635,9,146,11,66653.0,52256.0,66653.0,58582.7,27361530.01,54014.5,57140.0,62521.5,0.4
1636,9,142,11,54697.0,29027.0,54697.0,38524.7,52781421.80999999,31955.5,39556.0,41220.75,0.4
1637,9,127,11,72264.0,41999.0,72264.0,51180.6,110403874.24000001,44068.0,45091.0,58293.25,0.5
1637,14,195,16,72264.0,34493.0,46832.0,43528.7,11221700.01,42688.5,44559.5,45133.5,0.7
1638,9,133,11,58785.0,56577.0,61937.0,59743.5,2623264.25,58785.0,60336.5,60733.0,0.2
1638,14,202,16,58785.0,55867.0,60126.0,58431.1,1537533.69,58029.75,58884.5,59088.25,0.3
1639,9,131,11,84378.0,80860.0,90500.0,86184.3,11388318.209999999,83410.5,86235.5,89434.25,0.0
1640,9,140,11,89309.0,66840.0,89309.0,72443.8,41310972.760000005,68032.0,70569.0,73358.5,0.7
1641,9,129,11,111761.0,87832.0,111761.0,93199.9,42523908.690000005,89756.25,91420.0,93492.5,0.0
1641,14,191,16,111761.0,76125.0,91550.0,85524.6,30805152.04,79854.25,88071.5,90458.75,0.4
1641,19,258,21,111761.0,71671.0,87832.0,79155.3,16638528.810000002,76804.5,79449.0,80756.25,0.8
1642,9,128,11,108872.0,59189.0,108872.0,78679.4,211921668.44,66583.25,76746.5,88792.0,0.5
1643,9,150,11,81903.0,77014.0,88580.0,83803.5,17204923.05,81451.5,82967.5,88198.75,0.3
1644,9,134,11,96291.0,63379.0,97035.0,88335.2,91297162.55999999,84901.5,91226.5,95166.25,0.1
1644,14,203,16,96291.0,63379.0,91133.0,76240.4,85385703.84,69216.0,72065.0,83110.0,0.4
1645,9,132,11,104472.0,46105.0,104472.0,63795.7,293298467.01,52362.5,59377.0,64539.5,0.8
1647,9,135,11,85106.0,77322.0,87924.0,82767.0,13842521.8,79151.25,83979.0,85321.25,0.0
1648,9,138,11,97894.0,58455.0,97894.0,81476.6,152640430.64,72963.25,81687.0,92880.5,0.4
1648,14,203,16,97894.0,58455.0,80309.0,74647.4,40466487.84,72963.25,77462.5,78812.75,0.4
1649,9,135,11,60731.0,49045.0,65033.0,55679.3,24104150.210000005,52022.75,53411.5,60144.75,0.5
1649,14,192,16,60731.0,49045.0,56165.0,52784.4,2939995.6399999997,52022.75,53000.0,53467.25,0.6
1650,9,140,11,111977.0,79448.0,111977.0,94107.0,57855636.4,92599.25,93695.5,94971.75,0.0
1650,14,203,16,111977.0,68740.0,93267.0,83100.5,66098397.45,78545.0,81178.5,91642.25,0.2
1651,9,138,11,84008.0,56596.0,84008.0,71077.1,80240858.48999998,63894.0,71954.5,78635.75,0.4
1652,9,143,11,80212.0,75232.0,82408.0,79386.9,6804864.69,76903.75,80261.5,80976.5,0.0
1652,14,209,16,80212.0,68182.0,80212.0,74712.5,14952680.05,73085.5,75445.0,75780.75,0.3
1653,9,133,11,72148.0,70432.0,80586.0,74717.0,9836938.2,72148.0,74068.0,77120.25,0.1
1654,9,135,11,126715.0,72390.0,126715.0,88818.9,213295497.08999997,79803.75,86555.0,92815.75,0.4
1655,9,146,11,95006.0,79084.0,108292.0,98035.8,71228463.75999999,94252.25,97084.5,105914.0,0.1
1655,14,217,16,95006.0,79084.0,99228.0,93521.4,31391179.639999997,92931.25,94503.5,97272.5,0.1
1656,9,138,11,123826.0,88991.0,123826.0,100117.7,79805516.01,96206.0,99022.5,101445.5,0.3
1657,9,135,11,39836.0,37418.0,48573.0,43580.6,12675686.440000001,40544.0,43559.0,46426.25,0.5
1659,9,128,11,36376.0,25153.0,36679.0,31551.2,23396767.56,26667.0,32130.0,36376.0,0.5
1659,14,171,16,36376.0,25153.0,29991.0,28041.2,2811060.1599999997,26578.5,28658.0,29350.5,1.0
1660,9,138,11,52235.0,42583.0,52235.0,46935.7,6519240.209999999,45504.75,47022.5,48370.5,0.3
1661,9,117,11,63454.0,28570.0,63454.0,39686.6,84866726.84,33280.25,38649.0,41163.5,0.5
1661,14,177,16,63454.0,28570.0,39953.0,34174.9,14084245.690000001,31782.75,34070.5,37319.75,0.9
1662,9,117,11,40914.0,27385.0,40914.0,36037.5,20310886.85,32263.0,38206.5,39536.0,0.9
1663,9,138,11,123010.0,54603.0,123010.0,75056.3,480585160.40999997,60284.0,68101.0,73422.25,0.7
1663,14,208,16,123010.0,54603.0,69032.0,64569.9,24929550.49,60284.0,67324.0,68344.5,0.8
1664,9,144,11,86008.0,72154.0,86008.0,79734.9,24542654.889999997,75574.5,79877.5,84683.25,0.0
1664,14,207,16,86008.0,72154.0,82878.0,76484.1,11204588.89,73809.25,75694.0,77860.5,0.0
1664,19,267,21,86008.0,66741.0,75111.0,72621.7,5147723.41,72289.5,73123.0,73818.0,0.2
1666,9,128,11,85042.0,45067.0,85042.0,59609.7,156622934.61000004,51820.0,56279.0,59786.25,0.5
1666,14,184,16,85042.0,45067.0,56397.0,52632.3,11549129.81,50578.5,53471.0,55438.75,0.9
1667,9,128,11,90189.0,85069.0,93765.0,90214.6,7790886.24,87976.5,90661.5,92094.5,0.2
1668,9,133,11,141724.0,68417.0,141724.0,101448.9,803257795.89,76502.25,93210.5,129488.0,0.3
1668,14,205,16,141724.0,66089.0,84302.0,73467.9,25776232.490000002,70337.25,71991.5,76886.0,0.8
1669,9,144,11,99080.0,61528.0,99080.0,73536.9,132846258.09,63275.75,72024.5,80077.25,0.3
1669,14,204,16,99080.0,61528.0,70791.0,66385.1,10573813.689999998,63275.75,66815.5,68959.0,0.3
1670,9,145,11,85939.0,58920.0,86156.0,74612.3,95679694.60999998,66121.75,74760.0,84864.5,0.3
1670,14,213,16,85939.0,58920.0,72167.0,66914.6,18715891.04,63227.0,68019.5,70628.25,0.6
1671,9,126,11,52644.0,39319.0,52644.0,48921.1,13755667.089999998,49266.0,49747.5,50504.0,0.2
1672,9,136,11,44756.0,42151.0,50280.0,45265.5,5522402.65,43500.5,44805.5,46737.0,0.7
1673,9,140,11,39096.0,39096.0,47156.0,43678.1,7843134.890000001,42140.25,44142.0,46160.25,0.5
1674,9,137,11,51776.0,44211.0,51776.0,49937.0,5082209.2,49082.25,50760.5,51643.5,0.1
1675,9,120,11,40599.0,37437.0,42939.0,40134.0,2173883.8,39452.25,40150.5,40599.0,0.7
1676,9,141,11,40858.0,40858.0,52360.0,45382.7,17411060.01,41607.25,44223.0,48970.75,0.6
1677,9,130,11,52925.0,31667.0,52925.0,44108.3,31019934.810000002,42450.75,43350.0,46462.75,0.6
1679,9,135,11,88550.0,49519.0,88550.0,66508.7,80861810.80999999,64208.5,66481.0,67656.25,0.2
1679,14,204,16,88550.0,49519.0,66387.0,61319.9,31695165.889999997,62333.5,63509.0,64433.5,0.4
1680,9,138,11,70400.0,55967.0,70400.0,65113.1,23755016.689999998,60937.0,67159.5,69314.75,0.5
1681,9,133,11,43324.0,34984.0,43324.0,38798.5,7115068.65,36950.0,38660.5,39437.5,0.6
1682,9,129,11,43924.0,43924.0,55856.0,52290.1,19348558.69,51563.25,54399.5,55318.0,0.1
1682,14,198,16,43924.0,37598.0,54138.0,46203.3,24653669.41,43620.75,43924.0,50148.25,0.5
1683,9,134,11,34341.0,25742.0,34341.0,30090.7,6769189.01,28038.75,30138.0,31972.75,0.6
1684,9,138,11,79465.0,63274.0,84879.0,78545.6,35272290.239999995,79465.0,80085.5,81483.0,0.1
1684,14,208,16,79465.0,52777.0,79993.0,69327.7,79716591.81,64116.25,70824.5,77741.0,0.4
1685,9,143,11,105373.0,51018.0,105373.0,71974.9,384010082.68999994,58841.75,61847.0,83200.25,0.6
1686,9,136,11,95828.0,54775.0,95828.0,67017.7,144331193.81,57972.75,64709.0,68845.0,0.6
1687,9,134,11,62143.0,49269.0,68549.0,61524.1,36248470.489999995,58020.25,62143.0,66724.5,0.3
1687,14,200,16,62143.0,49269.0,62143.0,57959.9,13587980.290000001,57122.25,58245.5,60662.25,0.6
1688,9,121,11,92341.0,56021.0,92341.0,73464.2,187780598.56,63695.0,69447.0,87106.75,0.4
1688,14,187,16,92341.0,50106.0,66634.0,61801.0,28823331.8,57938.25,64389.5,65320.0,0.7
1689,9,132,11,140175.0,83717.0,140175.0,101147.3,299414196.81,87283.5,97505.0,105999.25,0.0
1689,14,205,16,140175.0,78510.0,97250.0,87361.1,32413851.490000002,83773.0,85511.5,91386.0,0.1
1690,9,137,11,129958.0,80521.0,129958.0,94540.5,164928354.65,89030.5,92896.5,94316.5,0.1
1690,14,197,16,129958.0,68101.0,92757.0,82122.7,57400295.61,77460.25,81790.5,88069.25,0.5
1691,9,130,11,90026.0,60073.0,90026.0,71509.4,121810838.84000003,62992.75,65085.5,78486.5,0.4
1691,14,187,16,90026.0,51640.0,65173.0,61316.4,14394781.64,60458.25,62185.5,63763.0,0.8
1693,9,144,11,89501.0,73657.0,90979.0,81509.9,38869972.09,76691.0,79511.0,88074.25,0.5
1694,9,143,11,59990.0,43010.0,59990.0,47288.7,24241926.01,43849.25,45669.0,48213.75,0.7
1695,9,137,11,47749.0,39832.0,50257.0,45760.5,14653018.85,42605.75,46544.0,49304.5,0.4
1696,9,114,11,59248.0,52170.0,62759.0,57749.7,6854908.210000001,56818.75,57616.5,59238.0,0.0
1696,14,183,16,59248.0,44386.0,57530.0,51793.1,23546601.089999996,47963.75,51883.0,56420.25,0.5
1697,9,134,11,66563.0,48050.0,66563.0,60128.8,30335715.96,59550.5,60511.5,64353.25,0.6
1701,9,136,11,59063.0,47491.0,59063.0,53908.2,12727033.760000002,51660.5,54524.5,56285.0,0.4
1702,9,145,11,62312.0,49504.0,62312.0,53951.0,12108167.4,51523.25,53179.5,55161.25,0.1
1702,14,196,16,62312.0,45554.0,54145.0,50804.6,7751468.040000001,49898.25,51490.5,52743.5,0.3
1703,9,136,11,97625.0,36203.0,97625.0,51667.1,264863459.08999997,43041.0,49369.0,52077.0,0.6
1704,9,142,11,45987.0,31989.0,45987.0,39707.6,20518184.44,36820.5,39303.0,43580.75,0.6
1705,9,145,11,51247.0,36862.0,51247.0,47454.0,22857113.0,47382.25,49232.5,51035.0,0.2
1705,14,213,16,51247.0,36862.0,48758.0,43512.2,16546098.76,40245.25,44298.0,47185.75,0.5
1706,9,142,11,72707.0,54030.0,72707.0,64151.1,49335055.489999995,57681.5,63024.0,71564.0,0.4
1706,14,215,16,72707.0,48827.0,65166.0,59254.0,26380483.8,55628.25,60991.0,63211.5,0.6
1708,9,144,11,63446.0,52452.0,63446.0,59263.2,13355642.16,57993.25,60775.0,61464.0,0.2
1708,14,213,16,63446.0,45329.0,60675.0,53463.5,17858769.85,51459.75,52701.5,56637.5,0.7
1709,9,140,11,105696.0,37922.0,105696.0,57999.6,498507276.03999996,44865.5,46443.0,62282.5,0.7
1710,9,148,11,82359.0,45166.0,82359.0,64922.1,107301126.89,59749.75,63307.0,68818.75,0.1
1710,14,218,16,82359.0,41699.0,62994.0,52728.7,48047020.21,47825.5,51956.0,59384.0,0.5
1710,19,280,21,82359.0,41699.0,53417.0,49124.6,11728780.24,47825.5,50050.5,51630.0,0.7
1711,9,136,11,60341.0,48334.0,63890.0,58382.9,20267942.089999996,57912.75,60259.0,60568.25,0.4
1712,9,143,11,98464.0,47352.0,98464.0,64838.2,238260362.35999998,55038.0,58218.5,75145.5,0.4
1713,9,145,11,97657.0,67838.0,97657.0,82615.5,71134774.85,77023.5,84916.5,87758.0,0.1
1713,14,214,16,97657.0,65873.0,84321.0,74119.9,24634757.49,71612.25,74271.5,76837.5,0.2
1714,9,146,11,138086.0,86276.0,138086.0,107074.5,200588393.65,97687.25,105065.0,114977.0,0.1
1714,14,200,16,138086.0,77027.0,104826.0,89359.4,89537464.24,80314.0,88959.0,95610.0,0.5
1714,19,259,21,138086.0,77027.0,89113.0,82962.5,18575587.45,78592.25,83978.0,86687.75,0.7
1715,9,149,11,152318.0,97629.0,152318.0,122934.8,274538125.76,111650.75,124367.5,131186.5,0.0
1715,14,214,16,152318.0,87674.0,122859.0,102236.5,125600252.25,95324.0,98189.5,106136.75,0.1
1715,19,275,21,152318.0,79441.0,97629.0,89648.5,41929750.25,83375.75,90940.5,95792.0,0.5
1715,24,334,26,152318.0,79441.0,91306.0,85773.7,11781519.010000002,83375.75,85473.5,87607.5,0.8
1716,9,148,11,80195.0,63623.0,80195.0,69874.4,30013335.639999997,67220.25,68021.5,69802.5,0.6
1717,9,133,11,62474.0,39151.0,62474.0,50743.6,44105682.04,48241.75,50474.5,54368.75,0.7
1719,9,144,11,70356.0,52204.0,70845.0,65354.8,33299548.76,64651.5,67227.0,69669.5,0.2
1719,14,213,16,70356.0,40521.0,67062.0,57583.4,54017708.239999995,55087.5,57912.0,62599.25,0.7
1720,9,126,11,87807.0,53206.0,87807.0,65103.8,79884631.16,59207.25,65169.5,67334.5,0.4
1721,9,147,11,89428.0,51853.0,89428.0,62486.8,94378779.36,59200.5,61061.0,61745.0,0.7
1722,9,142,11,74481.0,69398.0,75762.0,72661.8,5476011.76,70125.75,73289.0,74481.0,0.0
1723,9,141,11,78913.0,48973.0,78913.0,64749.8,108986030.55999999,55996.25,66180.5,70914.25,0.3
1723,14,202,16,78913.0,48973.0,66721.0,57527.3,35585037.61,53551.75,56708.0,63233.75,0.6
1724,9,145,11,82029.0,61879.0,82029.0,68172.1,34354271.29,63570.5,67043.5,69806.5,0.0
1724,14,213,16,82029.0,48575.0,66780.0,58130.4,42202640.239999995,51874.5,61218.0,63379.0,0.4
1724,19,282,21,82029.0,48575.0,60557.0,52339.2,10756957.16,50323.25,51664.5,53338.5,0.9
1725,9,133,11,66663.0,55359.0,66663.0,62069.0,12117282.6,59870.25,62242.0,64908.0,0.3
1725,14,203,16,66663.0,55359.0,62230.0,59499.5,5719722.45,57586.75,60187.5,61606.5,0.5
1726,9,134,11,78638.0,44352.0,78638.0,56978.7,99738392.80999999,50848.0,56287.5,57733.0,0.8
1727,9,136,11,89231.0,45964.0,89231.0,60691.0,197401269.6,49525.0,54633.5,70836.0,0.5
1728,9,141,11,60613.0,53297.0,60621.0,57088.1,7869606.49,54487.0,56608.0,60245.5,0.6
1729,9,141,11,91250.0,60810.0,93869.0,77970.5,165771150.65,67561.25,77019.0,91250.0,0.4
1729,14,206,16,91250.0,60810.0,75498.0,68256.9,27188450.490000002,62805.0,69415.0,72305.0,0.5
1730,9,101,11,33759.0,18419.0,33759.0,27855.9,15738363.49,26810.25,27970.5,29717.25,1.0
1731,9,105,11,42079.0,20358.0,46080.0,36723.7,52358607.410000004,34565.5,38328.0,41924.5,0.6
1732,9,138,11,52776.0,43122.0,61414.0,53258.7,34125529.410000004,50030.25,52064.5,59039.25,0.6
1733,9,132,11,116879.0,59835.0,116879.0,88002.9,501599029.48999995,68153.5,84293.0,111205.75,0.4
1733,14,198,16,116879.0,59835.0,80941.0,73025.7,57575764.410000004,68153.5,76573.5,79447.75,0.4
1735,9,122,11,52914.0,35798.0,52914.0,41684.9,30271222.49,37932.0,39576.5,44149.0,0.6
1735,14,177,16,52914.0,35798.0,40431.0,38792.4,2275985.24,37932.0,39331.5,39926.75,0.9
1736,9,126,11,68324.0,50868.0,68963.0,64595.1,28174657.49,64224.75,66685.5,68192.0,0.2
1736,14,188,16,68324.0,50868.0,66135.0,60788.2,17360428.360000003,59534.0,61241.0,63756.5,0.5
1737,9,143,11,102542.0,54761.0,103776.0,78886.5,303507556.25,65065.75,72110.5,98315.25,0.6
1737,14,206,16,102542.0,54761.0,74693.0,67564.7,31822005.01,64356.75,68486.5,72117.75,0.9
1738,9,120,11,66801.0,66763.0,74121.0,69220.8,6322042.76,66813.25,68584.5,70982.25,0.7
1739,9,142,11,97737.0,57419.0,97737.0,72070.5,123501569.45,66552.5,70452.0,72595.0,0.4
1740,9,134,11,87600.0,60910.0,87600.0,75062.9,39689053.690000005,73009.0,74735.5,77336.75,0.1
1741,9,139,11,73745.0,72986.0,85995.0,78892.2,19770161.96,74317.0,78942.5,82597.0,0.0
1741,14,209,16,73745.0,70167.0,78447.0,75286.1,6241191.889999999,73745.0,75606.0,77448.0,0.1
1743,9,145,11,75869.0,41411.0,75869.0,49506.5,103361345.85,43079.0,43686.5,53605.0,0.6
1744,9,134,11,73788.0,38017.0,73788.0,54971.9,93872320.28999999,50753.0,57091.0,58120.0,0.9
1745,9,127,11,74654.0,49408.0,74654.0,61074.6,60871684.839999996,54749.0,62664.5,65700.75,0.4
1745,14,193,16,74654.0,49408.0,61041.0,56186.6,13113089.239999998,54596.5,57173.0,58259.5,0.9
1746,9,137,11,84397.0,54736.0,84397.0,65822.0,76013705.2,58932.5,66620.0,69783.75,0.4
1747,9,129,11,72773.0,59153.0,72773.0,67006.9,19702802.69,64041.25,68475.5,68891.75,0.3
1747,14,194,16,72773.0,40772.0,68711.0,62145.0,59776406.4,61111.75,64234.0,66760.25,0.7
1748,9,144,11,54079.0,25903.0,54079.0,40699.7,71354766.41,37582.0,40652.0,43114.75,0.4
1748,14,206,16,54079.0,25903.0,41074.0,36795.3,21426170.009999998,36991.25,38467.5,39521.75,0.6
1749,9,107,11,43041.0,24116.0,43041.0,34150.4,43645769.04000001,28231.0,35004.5,38709.25,0.8
1750,9,129,11,45963.0,32699.0,45963.0,40295.9,25042801.889999997,35077.25,42829.0,44007.25,0.4
1750,14,183,16,45963.0,31891.0,42139.0,35630.9,7764738.690000002,33833.0,35307.5,36829.25,0.7
1751,9,125,11,70073.0,34884.0,70073.0,43102.3,111064780.81000002,35923.75,39350.5,44371.25,0.5
1752,9,146,11,70387.0,50020.0,70387.0,61823.1,32525415.49,58878.25,62456.0,64746.5,0.5
1752,14,207,16,70387.0,50020.0,63351.0,58469.3,12346194.809999999,57313.5,59023.5,60584.5,0.9
1753,9,125,11,69393.0,49070.0,69393.0,59142.6,55620579.239999995,52864.5,58318.5,65786.75,0.4
1753,14,181,16,69393.0,49070.0,58594.0,54580.0,12620871.6,52182.75,54674.5,58269.5,0.6
1755,9,131,11,50171.0,40403.0,50171.0,45245.4,8465224.64,44599.25,45199.5,46825.25,0.7
1756,9,129,11,38950.0,38950.0,45901.0,42403.2,5109218.76,40833.0,42490.5,44203.0,0.8
1757,9,143,11,64358.0,55031.0,64358.0,57904.0,11340169.4,55548.75,56297.0,58037.25,0.7
1758,9,135,11,94574.0,49754.0,94574.0,68500.2,124220336.36000001,63016.0,66776.5,70994.5,0.6
1759,9,130,11,63667.0,52312.0,76543.0,69040.6,54298608.64,64320.0,70435.0,75657.5,0.3
1759,14,191,16,63667.0,52312.0,69868.0,62284.0,39511605.8,56756.25,63667.0,68394.0,0.7
1761,9,139,11,121466.0,86059.0,121466.0,96469.7,86638632.61,90825.75,96162.0,97550.25,0.0
1761,14,208,16,121466.0,79135.0,95366.0,90159.2,23630527.559999995,87778.25,91181.0,94310.75,0.1
1761,19,274,21,121466.0,67318.0,89595.0,81179.1,42107290.68999999,79024.0,79810.0,87322.75,0.6
1762,9,131,11,58529.0,37740.0,58529.0,44273.4,56435285.239999995,39391.0,40498.5,45752.75,0.1
1762,14,189,16,58529.0,31920.0,40591.0,38231.2,6186873.359999999,38042.5,39239.0,39411.25,0.3
1762,19,237,21,58529.0,31920.0,39094.0,36629.8,5078141.36,35704.25,37230.5,38496.0,0.8
1763,9,135,11,35969.0,35969.0,45600.0,42025.6,12523316.04,40228.75,43568.0,44983.0,0.3
1764,9,128,11,108451.0,78154.0,108451.0,90348.3,55497540.61,87907.0,89256.5,92676.0,0.1
1764,14,185,16,108451.0,71422.0,88203.0,80167.7,39427264.81,74591.5,79663.5,86867.0,0.5
1764,19,249,21,108451.0,67026.0,81475.0,75240.4,22273533.64,71692.25,75148.0,79600.75,0.8
1765,9,136,11,88536.0,55487.0,88536.0,69601.3,144664269.81,58868.5,65750.0,81020.0,0.4
1766,9,130,11,100366.0,41178.0,100366.0,72548.3,224611327.20999998,66563.0,72884.5,78512.25,0.1
1766,14,181,16,100366.0,41178.0,71751.0,59324.7,79066091.81000002,55708.25,59778.5,64989.0,0.5
1768,9,137,11,57703.0,44744.0,57703.0,51024.6,20427696.44,46835.25,51091.0,54848.25,0.6
1769,9,147,11,64991.0,56447.0,64993.0,61531.5,9402091.65,59420.0,61239.0,64836.0,0.5
1769,14,207,16,64991.0,56447.0,63398.0,59815.3,4999457.409999999,58147.0,59625.0,61791.5,0.7
1770,9,136,11,45446.0,38879.0,53502.0,47993.7,19111972.21,45446.0,47413.5,51757.75,0.5
1771,9,142,11,127084.0,60023.0,127084.0,78683.4,417443368.64000005,65439.75,68440.0,88211.0,0.6
1773,9,142,11,87157.0,50867.0,87157.0,63540.1,104022799.68999998,57756.75,60818.5,68470.0,0.4
1773,14,204,16,87157.0,50867.0,61836.0,57228.3,13172615.01,54484.0,58252.5,59687.5,0.7
1774,9,133,11,53203.0,40519.0,53203.0,47852.1,18958434.490000002,44056.75,49500.0,50105.25,0.6
1775,9,140,11,62674.0,46563.0,62674.0,51460.9,22010045.89,48103.5,49618.5,53853.0,0.3
1776,9,146,11,74642.0,56909.0,74642.0,66326.9,33366111.889999997,63001.0,67302.0,69701.5,0.3
1777,9,127,11,93755.0,58648.0,93755.0,74992.1,85093801.49000001,70213.25,72784.0,78104.25,0.1
1777,14,185,16,93755.0,58648.0,72472.0,68381.2,13955543.560000002,67773.5,69572.0,70069.25,0.2
1778,9,83,11,40780.0,26816.0,40780.0,34517.7,33200020.01,28908.5,34987.5,40397.0,0.9
1779,9,136,11,119632.0,82140.0,119632.0,95878.7,115964032.80999999,89592.0,93031.5,95093.5,0.3
1779,14,175,16,119632.0,75121.0,94657.0,87392.2,39687205.559999995,83984.75,89606.0,91167.5,0.5
1780,9,146,11,119557.0,96803.0,120505.0,107312.9,76227758.69,100217.25,104417.0,116389.5,0.0
1781,9,130,11,118371.0,81011.0,118371.0,94154.1,149250256.29,84647.25,88073.5,104093.75,0.1
1781,14,185,16,118371.0,62285.0,87832.0,80900.9,60738442.89,81095.0,83772.0,86263.75,0.3
1782,9,139,11,125592.0,92656.0,125592.0,109033.0,115862226.0,102262.0,108301.5,115774.75,0.0
1782,14,197,16,125592.0,87764.0,105923.0,100237.2,33430805.159999996,97161.5,102810.0,104082.5,0.0
1782,19,258,21,125592.0,73623.0,102638.0,88845.7,93471256.21,81464.25,90034.5,94927.0,0.3
1782,24,324,26,125592.0,73623.0,92656.0,84796.7,44124530.010000005,80323.5,85798.0,91169.75,0.5
1783,9,137,11,123984.0,78311.0,123984.0,93536.2,204426755.16,82372.0,85796.5,104474.75,0.6
1784,9,139,11,110930.0,57364.0,110930.0,81874.8,430113763.55999994,65049.25,70659.0,105605.75,0.6
1785,9,133,11,121505.0,65277.0,121505.0,93448.9,315105549.68999994,83130.0,91906.0,101262.0,0.5
1788,9,136,11,65794.0,44795.0,65794.0,54158.4,43570630.04,48714.75,53673.0,59479.0,0.3
1788,14,201,16,65794.0,44795.0,53948.0,49942.5,10791591.65,46990.0,50307.0,53168.5,0.4
1789,9,123,11,62255.0,45015.0,62255.0,52494.4,38830277.239999995,46783.25,52053.0,56677.0,0.4
1789,14,189,16,62255.0,40191.0,48983.0,45460.7,7613266.609999999,45105.0,45639.5,47153.75,0.8
1791,9,139,11,84659.0,59153.0,84659.0,68394.8,75961281.96,63392.75,65868.0,69125.5,0.7
1792,9,133,11,99943.0,59786.0,99943.0,80541.8,250388901.95999998,64811.25,84128.0,95455.25,0.5
1792,14,183,16,99943.0,59786.0,85377.0,73909.6,92916154.24000001,64811.25,78121.0,81620.0,0.7
1793,9,118,11,57272.0,44137.0,59199.0,53538.4,19025983.240000002,51578.5,52601.0,57272.0,0.6
1794,9,117,11,110899.0,59246.0,110899.0,75545.7,274505806.61,62752.5,71196.0,75828.25,0.1
1794,14,188,16,110899.0,58497.0,70739.0,62451.1,17499341.09,59096.0,60922.5,65211.5,0.5
1795,9,124,11,79683.0,63921.0,82662.0,75091.5,26454936.05,72951.25,75445.0,79075.25,0.5
1796,9,131,11,127976.0,74782.0,127976.0,96106.9,280788392.69,81939.5,93305.5,108460.25,0.3
1796,14,189,16,127976.0,74782.0,93249.0,85403.1,30534182.689999998,81939.5,87912.5,88605.5,0.3
1797,9,142,11,92241.0,49665.0,92241.0,64577.7,129268150.60999998,61164.75,62000.5,69017.25,0.7
1798,9,146,11,118976.0,58002.0,118976.0,73007.3,260848662.81000003,64434.0,69756.5,70948.25,0.1
1798,14,204,16,118976.0,58002.0,69186.0,64073.0,9542350.2,63391.75,64049.0,65805.0,0.2
1798,19,264,21,118976.0,41855.0,63775.0,58531.9,43090679.29000001,58000.5,60812.0,63343.75,0.7
1799,9,131,11,79169.0,62735.0,87709.0,78057.5,65715924.85,76703.0,79897.5,83738.25,0.6
1800,9,131,11,100105.0,54849.0,100405.0,83849.9,237547639.28999996,74817.75,85807.0,99335.5,0.4
1800,14,190,16,100105.0,54849.0,86931.0,76549.9,97723220.28999999,74173.75,78297.5,84455.25,0.7
1801,9,129,11,90236.0,67104.0,90236.0,77073.2,42729056.16,72401.5,76289.5,79442.25,0.1
1802,9,134,11,69939.0,52562.0,69939.0,59651.7,24861897.61,55270.75,60179.0,62344.25,0.8
1803,9,145,11,62127.0,58753.0,63240.0,60893.5,2639649.85,59233.0,60994.0,62127.0,0.3
1804,9,125,11,72938.0,63315.0,82507.0,71927.2,41250598.559999995,65536.5,72938.0,76286.5,0.4
1804,14,182,16,72938.0,63315.0,72938.0,68605.9,11248155.290000001,65536.5,69664.0,71374.0,0.4
1806,9,148,11,116438.0,100051.0,116438.0,108681.7,22323600.41,106936.25,109596.0,111115.25,0.2
1806,14,206,16,116438.0,91183.0,108843.0,100104.7,39825194.41,94226.75,100772.5,105652.25,0.6
1807,9,134,11,101438.0,91275.0,109232.0,103239.9,27602420.890000004,101438.0,103540.5,107373.5,0.1
1807,14,206,16,101438.0,78972.0,102384.0,95086.1,56542836.29,92359.75,98042.0,100954.75,0.3
1807,19,267,21,101438.0,78972.0,100607.0,94489.3,49558184.81,92359.75,98042.0,99291.75,0.3
1808,9,136,11,79113.0,58044.0,79113.0,65071.3,33870460.410000004,61113.5,63764.0,67658.25,0.2
1808,14,199,16,79113.0,58044.0,64669.0,62352.1,4864142.289999999,61113.5,62796.5,64358.75,0.2
1809,9,142,11,64342.0,41552.0,64342.0,53773.0,60913713.6,46821.75,55237.0,60050.5,0.7
1810,9,135,11,72808.0,39467.0,74099.0,60345.7,126349966.01000002,52319.75,58069.5,72400.0,0.5
1811,9,125,11,56299.0,48357.0,56299.0,52859.5,5639713.05,51628.5,53345.5,54171.25,0.9
1812,9,132,11,67396.0,48362.0,67396.0,56290.2,35516923.76,51052.75,56241.5,60694.0,0.5
1812,14,182,16,67396.0,48362.0,57041.0,52681.3,9597398.809999999,49604.5,53162.5,55453.75,0.8
1813,9,123,11,91395.0,62005.0,91395.0,72648.2,119389852.55999999,63679.0,67383.5,79682.75,0.5
1814,9,121,11,49018.0,44737.0,53799.0,48690.1,7434029.289999999,46312.25,48686.0,50431.75,0.9
1815,9,130,11,70806.0,67355.0,79921.0,73786.0,17238987.0,70806.0,72669.0,77726.75,0.4
1816,9,142,11,93054.0,63447.0,94273.0,81180.3,122236200.81000002,71622.75,82825.5,92222.0,0.1
1816,14,210,16,93054.0,62598.0,78011.0,68304.4,19471466.639999997,65712.5,67324.0,70481.75,0.4
1818,9,143,11,121497.0,71256.0,121497.0,88061.8,173730074.56,78412.5,89955.5,91086.75,0.4
1818,14,207,16,121497.0,71256.0,89000.0,78692.4,36699230.64,73879.0,77915.5,84246.0,0.7
1819,9,140,11,89992.0,74944.0,91623.0,84151.5,29296942.45,82392.25,84632.5,88808.5,0.2
1819,14,199,16,89992.0,65474.0,84339.0,78043.7,28444997.209999997,75245.25,78970.5,82216.75,0.6
1820,9,127,11,100647.0,54014.0,100647.0,71900.3,143899041.41000003,64282.5,71696.5,73801.5,0.3
1821,9,134,11,70679.0,48065.0,70679.0,59444.0,42705271.8,55147.5,58607.5,64276.0,0.9
1822,9,141,11,83435.0,33576.0,83435.0,54991.6,155311954.04,50985.75,54154.0,57094.75,0.6
1823,9,128,11,70062.0,32274.0,70062.0,47679.6,90423869.24000001,42945.75,47801.0,49250.5,0.6
1824,9,130,11,83900.0,54013.0,83900.0,70549.1,70177798.09,65185.0,69634.5,76002.25,0.6
1825,9,135,11,87968.0,65550.0,87968.0,79504.3,39185634.41,77285.5,79804.5,82691.5,0.3
1826,9,139,11,86461.0,78822.0,92752.0,84500.9,23708139.690000005,80057.5,84104.5,86461.0,0.4
1826,14,207,16,86461.0,67670.0,86211.0,80742.0,25951079.2,79437.25,80708.5,84656.25,0.6
1827,9,143,11,96779.0,70236.0,96779.0,82968.6,68177084.04,77620.0,83715.5,87648.5,0.3
1827,14,211,16,96779.0,69710.0,82496.0,76106.5,22245950.85,71271.25,75995.5,80778.25,0.6
1828,9,144,11,88751.0,52531.0,88751.0,63496.6,84546483.24000001,58585.0,62288.5,64109.25,0.3
1829,9,132,11,85155.0,46148.0,85155.0,62943.4,101263882.84,58674.25,62115.5,63250.75,0.3
1830,9,149,11,64390.0,60979.0,70147.0,66055.4,6635952.24,64390.0,66368.5,67443.25,0.1
1831,9,144,11,108303.0,56010.0,108303.0,69996.1,197142510.89000002,62550.0,65830.0,73259.75,0.6
1831,14,205,16,108303.0,56010.0,67617.0,63030.9,12147610.09,61919.25,64052.0,65480.25,0.9
1832,9,136,11,49544.0,44118.0,51095.0,48318.1,3442943.09,48074.5,48639.0,49473.25,0.1
1833,9,133,11,90456.0,54717.0,90456.0,80630.0,127008063.8,78545.25,85536.5,88223.5,0.4
1834,9,130,11,38899.0,38899.0,50207.0,44746.6,11965552.84,43613.5,45034.5,47230.25,0.7
1835,9,126,11,50684.0,49348.0,55846.0,52895.3,5633260.01,50798.75,52311.0,55506.5,0.3
1836,9,145,11,62362.0,58253.0,63212.0,61573.2,2253430.56,60716.0,62281.5,62385.25,0.4
1837,9,146,11,84022.0,51218.0,84022.0,63679.5,67685066.25,59084.75,64586.0,65438.75,0.2
1837,14,191,16,84022.0,42760.0,64487.0,55133.9,41397025.69,50896.25,57370.5,59938.25,0.5
1838,9,132,11,96157.0,75768.0,96157.0,84350.8,66443209.35999999,77747.5,79942.0,93032.0,0.4
1839,9,140,11,64135.0,30870.0,64135.0,50060.8,116654393.75999999,42342.5,47800.5,60646.5,0.5
1839,14,209,16,64135.0,30870.0,47967.0,42849.3,19698994.610000003,42290.75,43427.0,45405.25,0.8
1840,9,140,11,59145.0,55135.0,60628.0,58214.8,3681657.7600000002,56819.0,58802.5,59813.25,0.6
1841,9,144,11,82734.0,68264.0,82734.0,74140.0,25475307.8,69709.5,72429.0,77182.0,0.0
1841,14,213,16,82734.0,59319.0,72805.0,67397.0,19439601.6,65494.0,68702.5,70800.5,0.2
1841,19,287,21,82734.0,59319.0,68264.0,64470.5,7360307.45,63142.5,65117.5,66365.5,0.2
1841,24,351,26,82734.0,57969.0,65219.0,61773.2,6535412.959999999,59574.25,61641.0,64273.0,0.5
1843,9,135,11,68242.0,55833.0,68376.0,63861.9,19607548.089999996,60031.0,64857.5,68242.0,0.4
1844,9,126,11,67106.0,48726.0,74047.0,65344.5,48632358.85,62934.75,67106.0,69747.25,0.5
1845,9,124,11,68821.0,49224.0,75471.0,67536.7,55526746.81,64975.5,68821.0,73526.5,0.5
1846,9,148,11,56001.0,44975.0,56001.0,52787.5,11655946.85,52036.0,53646.0,55547.0,0.4
1847,9,140,11,54898.0,47691.0,56242.0,52394.5,6920906.65,51885.0,52533.0,54454.75,0.8
1848,9,115,11,55505.0,46580.0,55505.0,50843.6,5996231.639999999,49776.0,50478.5,52616.75,0.9
1849,9,139,11,74801.0,48257.0,74801.0,64231.9,60673222.29,60325.25,63244.0,71041.75,0.5
1849,14,207,16,74801.0,48257.0,64365.0,60116.7,20696108.610000003,58710.5,61910.0,63019.5,0.6
1850,9,144,11,71354.0,36594.0,71354.0,50072.1,79891306.68999998,46356.0,47255.0,52690.5,0.3
1850,14,210,16,71354.0,36594.0,47122.0,44337.4,8951603.440000001,43775.75,45125.5,46362.0,0.7
1851,9,132,11,77584.0,65401.0,83626.0,75384.3,28704573.810000002,72769.75,76750.0,77584.0,0.3
1851,14,198,16,77584.0,65401.0,76586.0,72012.3,13176093.809999999,70055.0,71451.5,75633.75,0.6
1852,9,128,11,57747.0,57747.0,74791.0,66502.8,42040810.36,61338.25,66301.5,73016.5,0.3
1852,14,193,16,57747.0,57747.0,67038.0,62026.5,10120650.65,58981.25,62576.5,63413.25,0.6
1853,9,144,11,94302.0,54613.0,94302.0,64976.9,115865387.09,59938.5,61627.5,63818.5,0.7
1854,9,142,11,91688.0,70595.0,91688.0,80319.4,35812564.839999996,75896.5,79368.0,84023.75,0.3
1855,9,139,11,81063.0,69441.0,86177.0,79524.9,36681055.89,74187.5,81063.0,84865.25,0.3
1855,14,199,16,81063.0,69441.0,81063.0,74132.1,12324742.490000002,72418.25,73223.0,74027.75,0.7
1856,9,143,11,129687.0,73957.0,129687.0,94196.6,232941920.44,84510.0,94842.5,100080.0,0.2
1856,14,216,16,129687.0,71288.0,94352.0,81245.1,54957376.089999996,75123.75,80106.5,86733.75,0.5
1857,9,144,11,84022.0,42501.0,84022.0,67476.9,197466031.69,54304.75,73952.0,77271.5,0.4
1857,14,203,16,84022.0,38873.0,73012.0,53995.3,74773354.80999999,53450.75,54356.5,56052.25,0.7
1858,9,139,11,62871.0,49222.0,62871.0,56942.8,17428071.16,53805.5,57442.5,60370.75,0.3
1859,9,146,11,67201.0,56125.0,70967.0,66220.1,17102120.69,64645.75,67201.0,69294.75,0.6
1860,9,144,11,81235.0,63565.0,81235.0,71873.7,44931117.01,65718.0,70538.5,78411.25,0.4
1860,14,208,16,81235.0,57159.0,70466.0,65434.1,11599987.89,64550.0,65330.0,67735.5,0.8
1861,9,132,11,47518.0,42250.0,51034.0,46647.9,9333390.29,43642.25,46904.0,49429.75,0.6
1862,9,124,11,35681.0,25798.0,35681.0,30871.8,9085465.559999999,28737.0,31198.5,32294.0,0.8
1863,9,122,11,53342.0,30485.0,53342.0,41848.5,42520043.65,37803.25,41467.0,46619.25,0.6
1864,9,133,11,133329.0,71606.0,133329.0,99768.7,285442147.81000006,90358.5,97807.0,102279.25,0.3
1864,14,200,16,133329.0,71606.0,95307.0,88668.0,39620541.2,87189.0,90101.5,92541.5,0.5
1865,9,137,11,73345.0,53025.0,73345.0,62576.6,26410088.84,60191.0,61775.0,65328.25,0.6
1868,9,140,11,76711.0,58010.0,76711.0,70058.9,34590186.89,68550.5,70904.0,74806.75,0.5
1869,9,129,11,76090.0,54532.0,76090.0,67242.7,58684512.40999999,60171.75,68717.5,74216.25,0.6
1870,9,133,10,53516.0,53516.0,67128.0,60824.4,33786063.44,55276.25,61664.5,66671.75,0.4
1871,9,143,11,87870.0,56346.0,87870.0,77281.8,60962828.760000005,75857.25,79486.0,80638.5,0.4
1872,9,124,11,76224.0,68543.0,81152.0,75580.3,13888666.809999999,75875.25,76245.5,76443.25,0.2
1873,9,136,11,89304.0,55910.0,89304.0,72081.4,78688379.24,67824.25,71281.5,74804.25,0.4
1874,9,137,11,75685.0,31448.0,76514.0,58238.0,284558094.0,41594.0,62685.0,75012.25,0.4
1874,14,197,16,75685.0,31448.0,59145.0,47572.4,74161919.64000002,41124.5,48790.0,54403.75,0.8
1876,9,140,11,98212.0,66039.0,98212.0,79761.7,89883931.00999999,75185.75,77630.0,84254.75,0.2
1876,14,211,16,98212.0,66039.0,76658.0,72362.7,13186252.61,69171.75,73272.0,75532.25,0.3
1877,9,129,11,91058.0,69934.0,91058.0,80958.3,47348409.61,76022.25,83660.5,85156.25,0.3
1878,9,120,11,110859.0,69646.0,110859.0,85998.2,138370210.16,80218.0,83724.5,86431.0,0.1
1878,14,182,16,110859.0,67317.0,82655.0,76286.2,21954820.159999996,73896.5,77051.5,79957.5,0.2
1878,19,252,21,110859.0,67222.0,77083.0,72811.1,12001744.09,70414.25,73188.5,75506.5,0.3
1878,24,312,26,110859.0,60692.0,73440.0,70093.9,14821011.49,67899.25,71763.0,72945.5,0.6
1879,9,144,11,82662.0,54496.0,82662.0,73217.0,79230532.2,71765.75,76788.5,78516.75,0.3
1880,9,136,11,98096.0,49649.0,98096.0,69348.1,213883352.08999997,60482.25,64162.5,75446.75,0.4
1882,9,139,11,45568.0,42013.0,64214.0,54272.8,62460931.760000005,46321.0,55949.5,60787.0,0.4
1883,9,140,11,69157.0,53919.0,69157.0,59713.3,16416274.61,57166.5,58776.0,61825.0,0.5
1884,9,136,11,67422.0,53786.0,67422.0,61678.0,18410592.8,59011.75,61918.5,65243.0,0.3
1885,9,120,11,77719.0,56701.0,77719.0,64306.7,28622571.01,61947.75,63173.0,66103.25,0.6
1886,9,138,11,87015.0,67832.0,87015.0,74400.4,36059943.04000001,71611.5,72632.0,73282.75,0.2
1886,14,202,16,87015.0,67832.0,74644.0,72133.0,4156514.2,71611.5,72632.0,73282.75,0.2
1887,9,135,11,83490.0,58934.0,92386.0,82400.9,90189963.49,79755.0,83598.5,89816.25,0.2
1887,14,203,16,83490.0,58934.0,83490.0,76659.4,43623184.839999996,75199.25,77918.0,79522.0,0.3
1888,9,128,11,82395.0,69960.0,82395.0,75777.0,24147052.0,71909.25,73351.5,81179.25,0.0
1889,9,125,11,106738.0,50039.0,106738.0,76805.1,218559933.89000002,71102.25,76634.0,79536.25,0.2
1889,14,191,16,106738.0,50039.0,75399.0,63895.1,57475971.489999995,58990.0,64531.0,70006.75,0.5
1890,9,130,11,72179.0,57589.0,72179.0,66447.7,20946616.410000004,64504.5,65071.0,71241.5,0.6
1891,9,138,11,86914.0,52484.0,86914.0,73144.9,80437294.09,69628.75,73483.5,78676.25,0.3
1891,14,201,16,86914.0,52484.0,73581.0,69032.6,35729226.63999999,68511.5,70825.5,72861.5,0.5
1892,9,145,11,72699.0,49383.0,72699.0,64084.0,51575614.6,63528.5,66090.0,69060.25,0.6
1893,9,134,11,93439.0,52320.0,93439.0,72194.8,142695561.96,64166.5,69657.0,79250.0,0.3
1893,14,197,16,93439.0,52320.0,68694.0,63803.1,19745314.29,63361.5,64261.0,66499.0,0.5
1894,9,139,11,83579.0,52463.0,92324.0,70858.1,165989012.89,60419.75,70468.5,82313.25,0.3
1894,14,207,16,83579.0,52463.0,70406.0,63883.0,37094377.8,60419.75,66524.5,68006.0,0.3
1894,19,274,21,83579.0,52463.0,66933.0,60813.5,23457885.65,57852.0,61495.5,65049.5,0.5
1895,9,142,11,72853.0,55350.0,72853.0,65676.4,21632599.04,64243.0,65446.0,68162.0,0.1
1895,14,199,16,72853.0,48869.0,66225.0,60923.0,30626375.2,57003.0,63964.0,64510.0,0.3
1896,9,147,11,69815.0,55183.0,76144.0,67319.7,59383106.410000004,59751.0,69815.0,74689.5,0.4
1896,14,211,16,69815.0,55183.0,69815.0,64826.6,29862618.040000003,59751.0,68192.0,69206.0,0.4
1897,9,145,11,96675.0,54178.0,96675.0,71481.7,173631284.81,61780.75,69822.5,78969.25,0.5
1897,14,208,16,96675.0,54178.0,71012.0,63181.6,25586373.84,60689.5,64573.5,66565.5,0.7
1898,9,147,11,78374.0,66430.0,78374.0,75243.8,15502129.960000003,75623.25,76936.5,77606.0,0.2
1899,9,134,11,72163.0,55320.0,73208.0,68933.5,31165795.65,70219.25,71390.0,72119.25,0.4
1900,9,147,11,47371.0,33959.0,47371.0,41347.3,21768348.61,37001.5,42167.0,44744.75,0.3
1901,9,140,11,57370.0,38877.0,57370.0,45477.6,26606091.240000002,42268.75,44835.5,45834.5,0.4
1901,14,204,16,57370.0,36160.0,45511.0,40664.1,8585673.09,37821.75,41189.0,42364.25,0.8
1902,9,136,11,116212.0,69693.0,117104.0,92600.2,332227954.96,79503.5,85065.5,113564.5,0.2
1902,14,187,16,116212.0,69131.0,83075.0,75386.8,26570950.96,71057.0,73431.0,80766.5,0.6
1903,9,143,11,74958.0,52489.0,83163.0,66142.8,87101222.35999998,58522.5,65872.0,73829.0,0.3
1903,14,206,16,74958.0,52489.0,64655.0,57920.2,10878211.36,55801.0,57768.5,59726.25,0.8
1904,9,145,11,89456.0,44147.0,89456.0,73597.0,160411235.0,67353.75,77516.5,82058.75,0.1
1904,14,217,16,89456.0,44147.0,77212.0,57489.2,120002094.96,50943.75,52772.5,64326.0,0.5
1905,9,138,11,75621.0,61183.0,75621.0,67714.8,22567890.36,64370.75,66310.5,70735.5,0.2
1905,14,201,16,75621.0,55327.0,65590.0,62621.3,7466275.010000001,62073.5,63358.5,64106.25,0.7
1906,9,129,11,108279.0,48726.0,108279.0,69615.4,316999210.24,56418.0,64340.0,78889.25,0.5
1906,14,195,16,108279.0,48726.0,69377.0,60781.0,41421744.0,56418.0,61066.0,66036.75,0.9
1907,9,145,11,70910.0,44832.0,70910.0,57642.7,59316430.61,52701.75,56986.5,63566.25,0.5
1908,9,137,11,49227.0,49227.0,68480.0,61830.8,47170726.36000001,59489.0,64781.5,66423.0,0.7
1909,9,132,11,56159.0,33623.0,58427.0,50189.9,67068421.69,47348.0,51993.0,57281.75,0.5
1910,9,145,11,80844.0,55015.0,80844.0,68070.2,46996163.95999999,63432.25,68933.0,72030.0,0.5
1910,14,212,16,80844.0,55015.0,70369.0,64776.9,19522742.490000002,62183.0,65132.0,68063.25,0.8
1912,9,122,11,75957.0,45626.0,75957.0,66126.2,59635272.160000004,64462.0,67615.0,70511.5,0.7
1914,9,135,11,81183.0,69644.0,81183.0,76489.8,16217983.959999999,73781.0,77749.5,79969.25,0.3
1915,9,133,11,86828.0,53654.0,86828.0,65581.6,98146315.64,59325.0,60993.0,69240.25,0.1
1915,14,188,16,86828.0,49800.0,60974.0,57692.8,11481079.56,56370.5,59216.5,59749.5,0.3
1916,9,143,11,49956.0,49956.0,58721.0,54665.9,9545170.690000001,52246.5,55952.5,56803.25,0.6
1917,9,137,11,106028.0,53820.0,106028.0,78034.8,274820934.96,65679.5,72826.0,93057.25,0.6
1917,14,205,16,106028.0,53820.0,72933.0,66726.7,37159781.010000005,64472.5,68810.5,71865.5,1.0
1918,9,147,11,61089.0,47356.0,61089.0,53371.8,21262487.36,50451.0,51752.0,56402.0,0.7
1919,9,130,11,79417.0,55973.0,79417.0,66751.8,46369429.95999999,62822.25,66498.5,71551.0,0.4
1919,14,188,16,79417.0,55973.0,66932.0,62635.3,11081021.209999999,61618.25,63146.5,65050.25,0.8
1920,9,130,11,48327.0,34120.0,50124.0,45716.4,19290424.84,44608.25,47287.5,48327.0,0.5
1921,9,129,11,41623.0,34930.0,52967.0,44295.8,29783595.360000003,41623.0,42332.0,49431.0,0.6
1922,9,138,11,84545.0,63533.0,84545.0,75101.8,28664459.96,72829.5,74987.5,78617.25,0.1
1923,9,135,11,82792.0,56686.0,82792.0,63902.6,53586661.64,59466.5,61241.0,66850.25,0.1
1924,9,135,11,103476.0,59205.0,103476.0,80074.1,180901020.29000002,69952.5,83700.5,87053.0,0.3
1924,14,205,16,103476.0,59205.0,85148.0,75318.3,86018478.41,69147.25,79541.5,81722.25,0.5
1925,9,144,11,62096.0,39829.0,62096.0,54245.8,42805724.76,50882.25,55601.5,57955.5,0.6
1926,9,128,11,57351.0,39646.0,64059.0,52274.1,65994565.489999995,46012.0,53379.5,57351.0,0.6
1927,9,140,11,66425.0,47405.0,66425.0,60822.1,35146044.09,60724.5,61870.0,65088.5,0.2
1927,14,205,16,66425.0,47405.0,61445.0,55234.7,25732701.810000002,51097.25,54833.5,60410.0,0.6
1928,9,149,11,72330.0,64260.0,73044.0,69869.0,7069135.6,68419.5,69490.0,72330.0,0.1
1928,14,216,16,72330.0,61134.0,69781.0,66105.0,8867771.4,63929.25,66979.0,68564.5,0.4
1928,19,284,21,72330.0,58374.0,67909.0,62801.5,9787221.05,60447.0,62867.0,65469.0,0.7
1929,9,113,11,25061.0,20620.0,26327.0,24451.4,4308760.64,22926.5,25282.0,26106.75,0.9
1931,9,133,11,73648.0,47416.0,73648.0,59710.8,51648111.56,55029.0,60315.5,62420.75,0.8
1932,9,127,11,60818.0,50055.0,60818.0,55313.0,11078719.8,52787.25,55746.0,56924.0,0.8
1933,9,135,11,67502.0,50921.0,67502.0,60620.3,34752068.010000005,56130.25,61861.5,65033.5,0.3
1933,14,201,16,67502.0,50921.0,61914.0,56883.9,16931323.29,52433.5,58307.5,60522.75,0.5
1934,9,127,11,77355.0,55622.0,77355.0,63473.5,45745054.85,58069.0,60298.5,68988.5,0.6
1935,9,141,11,76134.0,55464.0,76134.0,65453.5,47711605.85,61057.25,62969.0,72358.5,0.5
1937,9,117,11,123685.0,59652.0,123685.0,83851.9,574746508.0899999,66148.75,69455.5,102985.5,0.4
1937,14,176,16,123685.0,57550.0,69889.0,65137.8,19916031.359999996,61176.75,66210.5,69118.25,0.7
1938,9,142,11,82347.0,42299.0,82920.0,69851.8,139166401.35999998,65517.0,70333.0,80516.0,0.2
1938,14,200,16,82347.0,42299.0,67267.0,60950.6,46191154.03999999,59661.0,63168.5,64935.5,0.7
1939,9,145,11,118078.0,59687.0,118078.0,89016.6,353902610.64,73989.5,88972.5,101722.5,0.1
1939,14,206,16,118078.0,59687.0,88866.0,72203.2,52941288.36,68794.75,71646.5,72203.0,0.1
1940,9,122,11,82402.0,59570.0,82402.0,70614.2,55186634.160000004,64833.25,70854.0,73209.25,0.6
1941,9,128,11,101964.0,67059.0,101964.0,76158.5,109655403.85,69278.75,72494.5,75607.75,0.5
1941,14,198,16,101964.0,67059.0,73123.0,70619.7,3780819.41,69177.5,71185.5,72135.25,0.9
1942,9,137,11,72627.0,50583.0,79060.0,69281.3,68157749.81,66434.0,72046.5,73819.5,0.3
1942,14,209,16,72627.0,50583.0,72545.0,66848.4,42304440.440000005,66242.75,69291.5,71054.5,0.3
1943,9,133,11,147652.0,82840.0,147652.0,104470.3,382533018.81,91782.75,96597.0,115133.0,0.0
1943,14,194,16,147652.0,62239.0,99206.0,87794.6,148445511.23999995,84461.0,92093.5,97153.5,0.2
1943,19,248,21,147652.0,57307.0,91472.0,70254.4,145299911.44,62244.75,64379.0,79283.75,0.7
1944,9,127,11,84262.0,35295.0,88048.0,56073.5,385561289.25,42760.5,46645.5,75362.5,0.7
1945,9,130,11,79245.0,64282.0,79245.0,70102.7,15574963.41,67522.5,69888.0,71010.5,0.6
1948,9,143,11,60246.0,43611.0,60892.0,54914.7,27093039.21,53217.5,54762.0,59837.25,0.2
1948,14,213,16,60246.0,43611.0,54625.0,50150.2,11287304.76,49393.5,50009.0,52844.5,0.6
1949,9,143,11,48383.0,40417.0,55411.0,47928.1,25609479.89,43334.75,48383.0,52164.25,0.5
1949,14,208,16,48383.0,40417.0,49236.0,44952.7,8639025.41,42845.5,44884.5,47765.75,0.8
1950,9,132,11,90675.0,66077.0,90675.0,78809.5,67159779.65,71758.5,80039.5,82836.0,0.0
1950,14,204,16,90675.0,66077.0,79327.0,71832.4,17515524.04,69024.5,70038.0,73943.75,0.0
1950,19,258,21,90675.0,60069.0,73781.0,67926.9,12037277.89,66431.25,68551.5,69547.25,0.2
1951,9,138,11,68898.0,56378.0,68898.0,62923.7,16236353.010000002,59950.25,64573.0,65223.25,0.4
1952,9,134,11,89238.0,67145.0,89238.0,75269.7,40874081.410000004,70373.5,74731.0,78935.25,0.4
1953,9,130,11,71139.0,68396.0,77668.0,71987.3,8252947.8100000005,70131.5,71139.0,73658.0,0.2
1954,9,140,11,94820.0,75232.0,94820.0,81040.2,30155348.76,78332.25,79889.0,80805.5,0.4
1955,9,136,11,110265.0,84805.0,110265.0,97416.2,50252100.96,92536.0,96827.5,102253.0,0.1
1955,14,200,16,110265.0,83637.0,95449.0,88791.2,18229863.160000004,84801.25,88677.5,92005.75,0.5
1956,9,146,11,93345.0,55521.0,93345.0,67379.7,175926799.01,57468.75,61207.5,74964.25,0.5
1957,9,139,11,99761.0,78219.0,99761.0,88922.1,51819125.29000001,82016.25,89891.5,94515.5,0.5
1958,9,128,11,101710.0,86578.0,101710.0,94900.1,25043263.490000002,91833.5,93773.5,99598.5,0.0
1958,14,193,16,101710.0,60229.0,93937.0,83645.1,109774934.09,76194.75,87922.0,92186.5,0.4
1958,19,257,21,101710.0,60229.0,88597.0,81638.4,78287148.24000001,76194.75,87066.5,88183.5,0.4
1959,9,135,11,100010.0,88169.0,100010.0,93228.8,12026660.56,90552.5,92630.0,95086.25,0.1
1960,9,116,11,116812.0,61574.0,116812.0,88210.1,242250806.89000002,82428.75,86599.0,91981.5,0.2
1960,14,185,16,116812.0,61574.0,84825.0,77211.6,60570158.64,72104.25,79986.0,83947.0,0.3
1961,9,137,11,90020.0,55850.0,90020.0,67582.2,88522686.36000001,60351.25,67464.5,71567.75,0.8
1962,9,142,11,76769.0,55461.0,76769.0,69708.9,33287827.889999997,67868.5,71707.0,73052.25,0.9
1963,9,128,11,78742.0,42386.0,78742.0,60832.8,97449779.96,57867.75,59950.5,63419.5,0.2
1963,14,185,16,78742.0,41000.0,59542.0,51616.7,38001417.41000001,48392.25,52101.5,56518.5,0.7
1964,9,132,11,65672.0,35732.0,65672.0,52145.3,63778378.81,48638.25,52365.5,57584.25,0.5
1964,14,192,16,65672.0,35732.0,55435.0,50242.9,35886578.089999996,48638.25,51958.5,54903.5,0.6
1965,9,138,11,83188.0,58661.0,83207.0,73319.4,89023155.44,63188.5,77961.0,82150.5,0.5
1966,9,129,11,51593.0,41072.0,51593.0,47958.4,7935305.840000001,46705.25,48718.0,49812.0,0.9
1968,9,128,11,111812.0,74174.0,111812.0,90114.9,86505888.69,87249.25,89771.0,93221.5,0.2
1968,14,186,16,111812.0,74174.0,90330.0,81948.0,34773415.4,76805.5,81079.5,87699.75,0.6
1969,9,138,11,81329.0,53924.0,81329.0,64284.9,91935297.89,57611.25,60408.0,68893.0,0.5
1970,9,138,11,66488.0,55413.0,70697.0,64785.0,20110602.2,62309.25,65980.0,68286.5,0.3
1971,9,135,11,126512.0,55894.0,126512.0,84576.4,421362478.64,67049.25,85219.5,90113.75,0.4
1971,14,202,16,126512.0,55894.0,84748.0,72786.8,83291291.56,64868.5,75514.0,80700.0,0.7
1973,9,147,11,76966.0,49450.0,76966.0,60277.3,61487264.010000005,57331.25,58410.5,61188.75,0.6
1974,9,129,11,64857.0,46516.0,64857.0,58160.4,29026543.24,55635.0,59233.5,61535.75,0.1
1974,14,196,16,64857.0,41875.0,58426.0,50690.4,23346725.64,47494.5,49786.5,54623.25,0.6
1975,9,145,11,79641.0,59714.0,79641.0,64922.5,37007401.85,60616.25,62638.5,66739.25,0.5
1976,9,145,11,62221.0,42217.0,62221.0,52855.0,46125364.4,46953.75,52352.5,58697.75,0.7
1977,9,130,11,64297.0,45765.0,64297.0,53949.2,26788797.359999996,50322.75,53826.0,55802.5,0.1
1977,14,189,16,64297.0,38967.0,53191.0,48129.7,13416897.010000002,47656.75,48615.0,49558.25,0.2
1978,9,126,11,52717.0,39435.0,52717.0,43880.0,18414317.4,40472.25,42707.0,45292.5,0.7
1979,9,147,11,52138.0,43809.0,52138.0,47646.8,6293846.5600000005,45331.25,48261.0,49349.75,0.3
1979,14,219,16,52138.0,39476.0,47530.0,43573.7,5854543.01,42563.5,43815.0,45250.75,0.8
1980,9,148,11,82125.0,61089.0,82125.0,67763.8,36866609.56,63011.5,66343.5,70149.75,0.5
1981,9,139,11,86920.0,66295.0,86920.0,75849.6,44925110.44000001,70954.75,73712.0,82495.25,0.1
1981,14,206,16,86920.0,57290.0,72065.0,67847.8,16234388.36,66689.5,68700.0,70637.5,0.3
1982,9,140,11,75632.0,36966.0,75632.0,52031.4,176046298.44,42409.75,47185.5,64094.25,0.4
1983,9,133,11,51371.0,39645.0,51371.0,44665.2,13497114.959999999,41337.25,44874.0,47079.0,0.8
1984,9,119,11,58207.0,43161.0,58207.0,49200.5,17397913.05,47019.25,47848.5,49860.75,0.5
1985,9,133,11,42308.0,25795.0,42308.0,33910.8,27778958.560000002,29825.25,33213.5,38504.75,0.9
1986,9,129,11,61748.0,36767.0,61748.0,47758.8,84255349.96,39389.75,45219.5,54826.5,0.5
1987,9,132,11,96091.0,69535.0,96091.0,81636.7,63140977.010000005,74732.5,82959.0,84426.25,0.4
1987,14,195,16,96091.0,69535.0,84268.0,77871.9,23362587.290000003,73809.5,78717.0,81312.0,0.6
1988,9,144,11,44654.0,44654.0,57141.0,50887.9,19031868.290000003,48490.75,50102.0,55134.75,0.4
1989,9,145,11,64883.0,53668.0,66512.0,62439.3,12721689.610000003,62107.5,62820.0,64883.0,0.4
1990,9,131,11,65911.0,42954.0,65911.0,54808.7,47770572.01,50903.5,56761.0,57760.0,0.7
1991,9,148,11,99921.0,56692.0,99921.0,74464.8,195596610.36000004,64788.5,70665.5,78984.5,0.5
1992,9,130,11,75189.0,52837.0,75189.0,63024.2,43675433.160000004,58252.0,64565.0,67289.25,0.9
1993,9,142,11,93755.0,56403.0,93755.0,72995.6,117632595.64000002,65971.25,74017.5,79705.25,0.6
1994,9,137,11,58395.0,57486.0,63445.0,60470.7,3428043.21,58734.0,60789.5,61916.5,0.6
1995,9,139,11,58015.0,31932.0,58015.0,44238.6,61455608.44,39831.5,42300.5,49921.5,0.5
1995,14,194,16,58015.0,31932.0,42315.0,39586.4,9564163.24,39831.5,40680.5,41474.75,0.8
1996,9,131,11,62291.0,49796.0,62291.0,55927.9,20172511.09,52187.75,55387.5,60367.5,0.6
1998,9,141,11,126805.0,75477.0,126805.0,99468.7,268869918.01,86844.0,100659.5,108480.75,0.2
1998,14,207,16,126805.0,75477.0,95923.0,84453.0,40597750.0,78630.5,86218.0,88594.0,0.4
1999,9,126,11,41867.0,41238.0,43849.0,42620.4,787813.44,41867.0,42715.5,43409.5,0.7
2000,9,125,11,40733.0,38291.0,47353.0,43170.7,8678372.41,40733.0,43109.0,45847.75,0.4
2000,14,184,16,40733.0,38291.0,44026.0,41258.9,2715194.09,40510.25,40815.5,42185.75,0.7
2001,9,139,11,51087.0,32211.0,51087.0,40252.2,27916174.159999996,37610.25,41251.5,42543.25,0.4
2002,9,139,11,47278.0,39169.0,47278.0,42079.1,5387664.890000001,40193.25,41953.0,42717.75,0.5
2003,9,139,11,93702.0,58699.0,93702.0,69198.5,116981847.05,61657.5,65079.0,70636.75,0.3
2004,9,143,11,88643.0,66435.0,88643.0,79166.4,49952131.239999995,77910.0,80198.5,83228.0,0.2
2004,14,213,16,88643.0,66435.0,80186.0,72284.4,32218862.04,67877.75,68614.0,78914.5,0.4
2005,9,126,11,64508.0,54657.0,67794.0,63186.1,10797399.290000001,62477.75,63919.5,64769.75,0.1
2006,9,140,11,96055.0,60095.0,96055.0,72943.1,142934899.49,64438.75,68239.5,74793.75,0.1
2006,14,209,16,96055.0,55174.0,67284.0,60742.3,18177765.21,57021.75,59930.0,63576.25,0.6
2007,9,141,11,115571.0,29333.0,115571.0,51490.3,575208222.41,38904.75,44149.0,50007.25,0.7
2008,9,133,11,64398.0,51549.0,67930.0,62138.9,24688761.689999998,59097.75,64398.0,64887.0,0.3
2009,9,141,11,57687.0,37841.0,57687.0,45156.4,23196343.64,43058.5,44072.5,46076.75,0.8
2010,9,145,11,76456.0,43630.0,76456.0,57332.2,79071259.16,51689.0,57462.0,60239.75,0.4
2010,14,200,16,76456.0,43630.0,59649.0,52719.7,24443324.810000002,49359.75,51824.0,56777.25,0.6
2010,19,256,21,76456.0,43630.0,52094.0,50060.4,5896869.839999999,49359.75,51055.5,51476.0,1.0
2011,9,142,11,70434.0,48129.0,70434.0,59156.1,41006843.89,54934.25,60336.0,61955.0,0.3
2011,14,208,16,70434.0,48129.0,60155.0,54565.8,14166974.959999999,51770.5,54336.5,57671.5,0.6
2012,9,139,11,78858.0,67286.0,79398.0,75589.6,16954494.64,73085.0,77480.0,78842.75,0.3
2013,9,131,11,94594.0,64644.0,94594.0,81349.9,59584545.489999995,79885.5,81669.0,83501.25,0.2
2014,9,127,11,120186.0,86153.0,120186.0,104216.7,142080682.21,94637.0,105891.0,114650.75,0.7
2015,9,114,11,87491.0,57033.0,87491.0,69537.7,102605727.41,61804.25,64401.0,76713.75,0.3
2015,14,189,16,87491.0,56764.0,64930.0,61714.8,7519277.959999999,60862.75,62177.5,64011.5,0.4
2015,19,251,21,87491.0,54226.0,62381.0,59571.5,6735143.85,57549.5,60470.0,61808.5,0.7
2017,9,137,11,75292.0,71084.0,80283.0,76258.6,7487070.640000001,74713.75,75335.5,78690.25,0.0
2018,9,118,11,104713.0,80739.0,104713.0,94473.6,37795682.04000001,94064.25,95030.5,97209.25,0.0
2018,14,185,16,104713.0,66243.0,94911.0,81097.7,106868133.01,72951.5,78290.0,92268.0,0.5
2019,9,135,11,38123.0,27269.0,38123.0,33588.6,10289456.84,31483.0,34255.0,35551.0,0.9
2020,9,117,11,55353.0,35509.0,55353.0,45405.5,35110893.25,42727.25,47184.5,48361.25,0.7
2021,9,148,11,108612.0,72272.0,108612.0,87519.1,157656935.08999997,78527.25,80378.5,96485.5,0.0
2021,14,220,16,108612.0,60529.0,80404.0,72558.6,55957860.64,65052.75,75053.5,78901.75,0.3
2021,19,289,21,108612.0,49692.0,72272.0,63823.3,38780394.61000001,61082.5,64701.5,67161.5,0.8
2022,9,131,11,90001.0,53159.0,90001.0,69218.9,84938947.49000001,64677.5,68102.5,72793.75,0.8
2023,9,140,11,117310.0,76716.0,117310.0,98101.7,169095017.60999998,91104.0,97898.0,109690.5,0.3
2023,14,206,16,117310.0,67446.0,97656.0,87383.2,86314783.96,81587.25,90889.5,92938.0,0.5
2024,9,134,11,54401.0,44642.0,54401.0,48991.8,14055890.959999999,45655.25,47665.5,52824.75,0.5
2025,9,142,11,67464.0,54070.0,67464.0,60284.3,18637619.610000003,58034.5,59377.0,62612.5,0.3
2025,14,212,16,67464.0,54070.0,61274.0,58299.9,3898877.8899999997,58034.5,58707.0,59443.0,0.3
2027,9,141,11,116382.0,48832.0,126229.0,96891.9,752820739.6899999,78713.0,103904.5,123152.25,0.1
2027,14,202,16,116382.0,44229.0,91427.0,61631.1,228793691.09,49446.75,56577.0,74016.25,0.5
2027,19,262,21,116382.0,44229.0,59507.0,52870.3,25905998.610000003,48869.0,53446.0,57042.75,0.6
2028,9,124,11,65280.0,44837.0,65280.0,54764.7,26278525.61,52824.5,53573.5,56334.75,0.6
2029,9,144,11,83108.0,74213.0,85413.0,80479.1,8704829.690000001,79030.25,80209.0,82750.75,0.0
2030,9,142,11,69491.0,45573.0,69491.0,58513.6,49358639.64,54548.5,56803.0,64080.5,0.1
2030,14,206,16,69491.0,45362.0,57176.0,52933.9,17936895.69,50699.0,54744.5,56252.5,0.3
2032,9,122,11,58105.0,42983.0,58105.0,49375.5,16750151.05,46295.0,49241.0,51434.75,0.3
2033,9,132,11,56779.0,46332.0,63356.0,57200.5,23845588.25,54809.5,56779.0,61514.0,0.4
2033,14,193,16,56779.0,46332.0,58089.0,54232.9,15141827.290000001,53976.25,56107.5,56760.25,0.7
2035,9,128,11,65613.0,65613.0,75456.0,71065.7,10496698.41,70094.75,71325.0,73263.0,0.4
2036,9,141,11,91760.0,69791.0,91760.0,76249.0,31248135.8,74052.75,75148.5,76769.25,0.0
2036,14,216,16,91760.0,62795.0,74586.0,70819.7,12211522.41,69375.75,70939.5,73819.75,0.1
2036,19,278,21,91760.0,62183.0,73503.0,68005.6,15249646.24,64129.0,69470.5,70146.5,0.3
2037,9,135,11,60255.0,50884.0,62432.0,57770.2,12397169.960000003,55315.5,59094.5,60255.0,0.6
2038,9,143,11,89118.0,71772.0,89118.0,82710.0,30076985.2,80507.5,85139.0,86497.75,0.6
2039,9,134,11,133982.0,64077.0,133982.0,82587.2,437493048.76000005,68525.0,74600.5,87259.25,0.5
2040,9,145,11,67946.0,50102.0,67946.0,58533.7,22586223.41,55332.0,59632.0,60452.25,0.1
2040,14,212,16,67946.0,46489.0,58949.0,53281.0,13286853.2,50589.0,53723.0,55017.0,0.3
2041,9,134,11,93015.0,68277.0,93015.0,80255.9,44424971.69,78837.75,79733.5,84015.5,0.2
2042,9,134,11,85831.0,70121.0,85831.0,79276.4,22842209.640000004,76006.0,79875.5,82091.75,0.0
2043,9,133,11,72434.0,56344.0,72434.0,65564.5,21721789.45,63690.5,65546.5,68051.0,0.5
2043,14,193,16,72434.0,56344.0,67236.0,63464.2,9209750.16,62446.5,63815.0,65474.0,0.9
2044,9,127,11,72940.0,67681.0,73208.0,70838.5,3663803.05,69166.5,71190.0,72707.5,0.0
2045,9,143,11,93167.0,73157.0,93167.0,81513.0,28585457.0,78862.25,80090.0,84737.5,0.0
2045,14,205,16,93167.0,63121.0,79942.0,72589.5,44208736.05,66429.5,74744.5,79006.75,0.3
2045,19,263,21,93167.0,60467.0,73157.0,65784.3,9959041.61,63729.25,66417.5,66621.0,0.7
2046,9,137,11,96533.0,48104.0,96533.0,69054.4,273026463.24,58574.25,63056.0,81768.75,0.6
2047,9,128,11,78435.0,30362.0,78435.0,46179.9,207898063.08999997,33366.0,45999.5,49930.25,0.8
2049,9,128,11,87919.0,68918.0,92127.0,80381.5,76502789.85,73707.75,79335.5,87919.0,0.3
2049,14,188,16,87919.0,68515.0,76163.0,72278.9,6753641.6899999995,69899.0,72682.5,74026.5,0.6
2050,9,107,11,59790.0,47904.0,59790.0,54691.3,12096011.010000002,52172.75,55138.0,57345.0,0.4
2050,14,170,16,59790.0,40798.0,53558.0,49311.0,18438308.6,48173.75,50838.0,52200.25,0.8
2051,9,137,11,88488.0,35828.0,88488.0,60247.6,233775083.44,50666.75,59096.5,70870.5,0.5
2051,14,200,16,88488.0,35828.0,61419.0,53039.2,57941504.760000005,50666.75,55958.5,57688.25,0.6
2052,9,132,11,50247.0,35134.0,50247.0,45206.2,21317697.560000002,43761.75,46125.0,48339.75,0.8
2053,9,119,11,58395.0,41427.0,58395.0,48098.8,18545476.56,47143.0,47680.5,49551.75,0.9
2054,9,115,11,50847.0,50847.0,59050.0,54070.7,7492380.8100000005,51596.5,53577.5,55995.5,0.8
2056,9,131,11,71381.0,46141.0,71381.0,62800.8,73175041.35999998,59485.0,65985.0,69573.25,0.2
2056,14,199,16,71381.0,46141.0,64433.0,55633.9,31898483.689999998,50518.75,56726.0,59600.0,0.5
2057,9,129,11,97275.0,65035.0,97275.0,81439.1,120530651.29,73435.5,78668.0,92437.25,0.2
2057,14,199,16,97275.0,65035.0,78936.0,74324.2,21494813.159999996,72200.0,76327.5,78134.25,0.2
2058,9,127,11,94607.0,66719.0,94607.0,83750.7,60843291.410000004,79903.25,83975.5,89203.25,0.1
2058,14,186,16,94607.0,66719.0,83055.0,78160.7,25130548.41,74818.0,80201.5,82106.5,0.1
2058,19,242,21,94607.0,66719.0,80009.0,75801.2,14499229.36,74082.5,76155.0,79083.75,0.1
2059,9,135,11,93910.0,70158.0,93910.0,79323.4,54570091.64,73109.0,77417.0,84976.5,0.2
2061,9,142,11,73108.0,51160.0,73108.0,62435.7,42774168.21,61059.5,62687.0,66610.5,0.2
2061,14,194,16,73108.0,44530.0,62667.0,54347.8,30043824.560000002,51839.0,52511.5,58701.0,0.6
2062,9,138,11,40924.0,31752.0,40924.0,38624.4,6388941.64,38129.5,39144.5,40305.25,0.6
2063,9,143,11,63452.0,35251.0,63452.0,46476.6,87777077.44000001,39604.25,43229.5,53400.5,0.3
2063,14,200,16,63452.0,35251.0,43566.0,39414.2,6981831.359999999,38433.75,39249.5,41073.75,0.7
2064,9,118,11,73231.0,55454.0,73231.0,67814.3,36981997.410000004,67852.0,69583.5,72370.25,0.3
2065,9,123,11,164101.0,60269.0,164101.0,86214.9,1219887157.69,61605.75,69881.5,93769.25,0.7
2066,9,121,11,74072.0,62029.0,79075.0,70511.7,30766557.01,65672.75,72394.0,74072.0,0.9
2067,9,140,11,77188.0,69489.0,81679.0,76071.9,17376108.89,71963.25,77188.0,78980.0,0.1
2067,14,205,16,77188.0,50037.0,77188.0,67765.6,52368951.04,67574.5,68853.0,70910.0,0.6
2068,9,134,11,69436.0,52545.0,69436.0,58231.3,19158723.21,55835.5,56565.5,60049.25,0.6
2069,9,147,11,59793.0,59793.0,76181.0,69383.2,33203409.560000002,66080.25,70752.0,74163.25,0.3
2070,9,138,11,69512.0,56030.0,69512.0,61538.7,12400486.010000002,60033.5,60811.0,63339.0,0.2
2072,9,143,11,58536.0,48558.0,63688.0,58520.3,16591934.209999999,57599.25,58860.5,61398.25,0.5
2073,9,135,11,82857.0,59902.0,82857.0,69938.0,49326496.4,65932.25,68232.0,70097.0,0.1
2073,14,198,16,82857.0,57288.0,67896.0,63451.3,13572894.210000003,60627.5,64002.5,66902.75,0.3
2074,9,150,11,56515.0,47711.0,64036.0,57149.5,30309040.85,54295.75,56515.0,62704.5,0.4
2075,9,140,11,91888.0,64420.0,91888.0,72932.5,76628817.65,66451.5,69221.0,75586.25,0.3
2075,14,195,16,91888.0,50206.0,67224.0,63671.8,25057422.36,64565.75,65643.0,66334.5,0.8
2076,9,122,11,71939.0,51371.0,71939.0,63489.7,46131978.809999995,59178.25,63407.0,69832.5,0.7
2077,9,128,11,92126.0,51942.0,92126.0,68245.9,108059385.08999999,61004.5,69323.0,72067.0,0.4
2078,9,138,11,36321.0,23026.0,36321.0,31691.6,10678875.84,31538.25,32108.0,33020.0,0.9
2080,9,135,11,115092.0,75818.0,117836.0,104453.0,175063696.2,96370.0,108300.0,115333.5,0.1
2080,14,205,16,115092.0,75818.0,103495.0,97105.7,59207984.21,96370.0,99782.0,101688.75,0.1
2081,9,136,11,82819.0,54647.0,82819.0,72133.5,58518280.45,69728.0,73256.0,76924.5,0.3
2081,14,196,16,82819.0,54647.0,73873.0,68764.2,29877012.160000004,67558.0,70992.5,72314.75,0.4
2081,19,246,21,82819.0,54647.0,71149.0,67258.8,23683222.759999998,65225.25,69486.0,70609.25,0.5
2082,9,141,11,77714.0,45879.0,77714.0,59049.7,79078968.41,52200.5,60093.0,63195.0,0.5
2082,14,211,16,77714.0,45879.0,62145.0,56434.6,33673571.239999995,52128.0,57567.0,61865.25,0.6
2083,9,116,11,141655.0,67756.0,141655.0,82785.7,500755552.81000006,69979.25,74199.5,77844.75,0.4
2084,9,140,11,54058.0,41800.0,54058.0,49010.9,10959336.49,47866.25,49041.5,51427.5,0.3
2084,14,196,16,54058.0,41800.0,50268.0,47369.7,6787581.01,46141.0,48068.0,49150.25,0.5
2085,9,139,11,68082.0,56358.0,70897.0,65055.4,21146567.240000002,64133.5,66330.5,68082.0,0.2
2086,9,130,11,61171.0,49381.0,61171.0,57303.6,12423973.440000001,55512.75,58070.0,60252.75,0.3
2087,9,120,11,95618.0,64205.0,100986.0,80316.3,175094073.01000002,69485.25,74533.0,94345.0,0.1
2087,14,183,16,95618.0,61255.0,73255.0,67542.0,16514085.8,64345.0,68728.5,69875.25,0.4
2088,9,150,11,64375.0,61942.0,75843.0,69863.1,25252592.090000004,64808.25,70701.5,74886.5,0.3
2089,9,132,11,46239.0,40046.0,47671.0,44827.3,6961844.81,44298.25,45440.5,46823.25,0.2
2090,9,131,11,64037.0,39487.0,64037.0,55434.2,48479365.56,52471.0,56721.5,58622.25,0.7
2091,9,138,11,99588.0,53484.0,99588.0,66785.5,179950606.25,57740.25,61999.0,71304.0,0.3
2091,14,205,16,99588.0,52264.0,63447.0,57539.0,15486473.2,54124.5,56758.5,61393.5,0.6
2092,9,125,11,89686.0,81962.0,91497.0,88026.5,10437501.85,86528.75,89462.5,90487.0,0.2
2093,9,133,11,138523.0,66218.0,138523.0,99769.7,776934747.8100001,72977.25,93780.5,127630.5,0.4
2093,14,203,16,138523.0,66218.0,84791.0,73227.7,19893492.409999996,71700.5,72720.5,73581.25,0.9
2094,9,149,11,68318.0,54804.0,68318.0,61673.5,18655354.45,59491.0,61181.0,64249.25,0.5
2095,9,139,11,75700.0,67149.0,75898.0,72548.4,8253422.839999999,70602.0,72982.5,75308.0,0.9
2096,9,141,11,78900.0,52359.0,78900.0,64617.1,48080832.29000001,61110.75,64398.5,67060.0,0.8
2097,9,123,11,114080.0,49287.0,114080.0,70793.0,278614634.2,62848.5,66200.0,69230.0,0.6
2098,9,135,11,43928.0,43928.0,59506.0,51625.6,28079881.839999996,47807.0,52973.0,54643.5,0.6
2099,9,124,11,79413.0,62179.0,79413.0,70012.4,32258519.24,66145.5,70518.5,71311.0,0.0
2099,14,195,16,79413.0,50615.0,70864.0,61118.1,53641459.089999996,53420.5,62416.5,66710.5,0.4
2101,9,125,11,117560.0,49380.0,117560.0,68762.5,314610788.25,58931.0,65759.0,69903.25,0.6
2102,9,136,11,32511.0,32511.0,47374.0,40148.6,29571973.24,36020.25,39725.0,45444.5,0.6
2103,9,140,11,102977.0,55338.0,102977.0,71226.5,207817994.05,62488.5,66568.5,74958.0,0.6
2104,9,145,11,47959.0,31171.0,47959.0,40633.6,30588598.639999997,36605.75,39651.0,46070.0,0.7
2105,9,122,11,52436.0,32785.0,52436.0,41363.8,43706526.16,34855.5,41923.5,46339.25,0.4
2107,9,126,11,109338.0,98980.0,109338.0,103840.6,12044331.440000001,101526.0,103158.0,105899.25,0.0
2108,9,139,11,105455.0,80693.0,108979.0,101811.1,63253493.089999996,102715.5,104688.0,105605.0,0.2
2109,9,138,11,103366.0,74373.0,103366.0,85171.9,62962469.09000001,78651.0,85640.5,87118.75,0.4
2110,9,135,11,58178.0,41376.0,58178.0,49185.5,27795042.85,45698.5,48571.0,50990.5,0.7
2110,14,206,16,58178.0,41376.0,49289.0,46196.9,6659852.089999999,44294.25,46235.0,48628.0,0.9
2111,9,140,11,67940.0,42436.0,67940.0,48908.3,63882644.61,44187.25,45421.0,48080.5,0.7
2113,9,130,11,79152.0,70606.0,85651.0,78331.7,18790803.21,75969.0,78357.5,81017.25,0.0
2113,14,198,16,79152.0,63100.0,78298.0,71900.0,25818025.4,68698.5,71909.0,76881.0,0.2
2113,19,270,21,79152.0,63100.0,72322.0,68168.0,7094555.8,66586.0,68130.5,70412.25,0.2
2114,9,138,11,57454.0,43163.0,57454.0,48609.0,16114365.6,46303.25,48330.5,50594.25,0.7
2115,9,143,11,50090.0,35856.0,50090.0,43439.1,22528958.09,39479.75,43101.0,47005.0,0.7
2116,9,139,11,63964.0,41300.0,63964.0,48830.9,36552444.89,45127.75,48175.0,48929.5,0.5
2116,14,203,16,63964.0,41300.0,48324.0,45448.3,6060368.41,43925.0,45529.5,47907.25,0.8
2119,9,132,11,52322.0,46930.0,53832.0,51957.4,5047852.04,52016.0,52441.5,53716.0,0.1
2119,14,197,16,52322.0,46221.0,52938.0,50267.5,6610052.85,47494.75,51850.0,52322.0,0.3
2119,19,254,21,52322.0,38001.0,51914.0,46206.4,20361035.44,43212.75,47039.5,49186.0,0.6
2121,9,132,11,71079.0,40205.0,71079.0,54800.7,58206681.81,52004.5,55349.0,57858.75,0.6
2122,9,140,11,66543.0,48724.0,67091.0,59148.8,54719447.95999999,51194.25,62903.5,65950.5,0.4
2122,14,198,16,66543.0,48724.0,61903.0,53876.7,19302210.009999998,50870.25,52365.0,57861.5,0.7
2123,9,136,11,102021.0,85522.0,103392.0,96982.1,43219369.29,90951.75,100682.0,102005.0,0.3
2124,9,135,11,106612.0,97902.0,113370.0,105721.4,25398522.04,102777.5,106612.0,107552.5,0.0
2124,14,202,16,106612.0,64217.0,106612.0,91186.6,230980820.83999997,78294.75,97917.5,103153.25,0.2
2124,19,261,21,106612.0,61324.0,97902.0,71942.2,148405203.76000002,63511.25,67202.0,72711.25,0.7
2125,9,125,11,113164.0,79123.0,113164.0,91090.1,197898772.49,80140.25,82418.0,104954.0,0.2
2125,14,188,16,113164.0,75839.0,82268.0,79818.0,4046269.2,79163.5,80013.0,81601.25,0.5
2126,9,116,11,50687.0,42932.0,50687.0,47631.9,5692738.49,46505.25,48240.5,49254.0,0.4
2130,9,133,11,50881.0,45399.0,50881.0,48773.5,2486954.05,48549.0,49173.0,49764.75,0.7
2131,9,139,11,55969.0,39852.0,55969.0,47359.5,22656814.05,44143.5,46936.5,50546.0,0.5
2132,9,139,11,102980.0,59710.0,102980.0,76011.3,138527293.60999998,71292.5,73610.5,76155.0,0.3
2133,9,136,11,83541.0,56668.0,83541.0,71743.1,51167667.89,69104.0,72132.5,76086.25,0.4
2133,14,204,16,83541.0,56668.0,71701.0,67174.7,18522567.01,64994.5,68589.0,70325.25,0.9
2134,9,128,11,88725.0,57095.0,88725.0,67252.9,90823217.69000001,60559.0,65051.0,68100.75,0.6
2135,9,142,11,104395.0,70912.0,104395.0,91173.7,92763097.41,85839.0,92478.5,95060.75,0.3
2136,9,132,11,94716.0,89255.0,102329.0,96338.2,11448437.959999999,94716.0,96613.5,98101.25,0.4
2137,9,137,11,132111.0,80210.0,132111.0,100286.3,341778950.40999997,83263.5,97220.5,108687.75,0.1
2137,14,206,16,132111.0,59771.0,93330.0,77625.6,88602686.44000001,73468.25,80418.5,82848.75,0.6
2139,9,135,11,77353.0,61600.0,77353.0,72411.3,22258036.81,70780.25,73606.0,75566.75,0.0
2139,14,206,16,77353.0,47842.0,73498.0,61811.2,73255356.16,55280.25,61968.5,69433.75,0.4
2140,9,117,11,104699.0,64024.0,104699.0,85417.7,112598051.81000002,80336.25,88377.5,91021.0,0.1
2140,14,180,16,104699.0,64024.0,87472.0,74934.3,44143023.01,70720.5,74619.0,79208.5,0.3
2140,19,252,21,104699.0,64024.0,74932.0,71117.2,10636953.96,70004.0,71759.0,73707.0,0.5
2141,9,130,11,74500.0,40776.0,74500.0,54791.2,72475590.56,51355.25,54562.0,56913.25,0.3
2141,14,194,16,74500.0,40776.0,54194.0,48617.7,18925742.209999997,44898.0,49137.5,52528.5,0.6
2142,9,102,11,63049.0,41684.0,63049.0,53072.6,31039658.839999996,51628.0,53203.0,55471.5,0.9
2143,9,115,11,77895.0,42844.0,77895.0,57725.1,103028030.89000002,52101.25,55380.5,61020.0,0.5
2144,9,143,11,102632.0,67569.0,102632.0,84918.1,92880795.29,81513.75,87128.0,88998.25,0.2
2144,14,216,16,102632.0,67569.0,86281.0,78014.6,29968031.240000002,74937.5,79527.5,80696.5,0.3
2145,9,138,11,86487.0,75941.0,94561.0,86008.0,33010207.8,83071.5,86487.0,90667.5,0.2
2146,9,129,11,96728.0,30889.0,96728.0,59344.3,407932842.01,40667.75,61875.5,71030.25,0.4
2146,14,194,16,96728.0,30889.0,61780.0,44416.7,65486224.81,39629.25,44084.0,48297.25,0.9
2147,9,147,11,48857.0,32279.0,48857.0,40045.4,16000828.639999997,38068.75,40571.5,41126.0,0.1
2147,14,207,16,48857.0,32279.0,40152.0,36471.2,5237410.76,34887.25,36769.5,37470.25,0.6
2148,9,138,11,61879.0,46597.0,61879.0,54546.9,27338317.290000003,51922.0,54243.5,59033.5,0.2
2148,14,207,16,61879.0,46597.0,54004.0,50634.0,8846583.6,47303.0,52072.5,53324.5,0.4
2148,19,277,21,61879.0,41865.0,51694.0,48441.6,8195053.24,46789.75,48987.0,50819.5,0.7
2149,9,122,11,61684.0,44405.0,61684.0,50878.2,17435341.36,49315.5,50333.0,51719.5,0.2
2150,9,142,11,122003.0,71014.0,122003.0,82178.3,193281058.60999998,74501.0,80026.0,82206.25,0.4
2150,14,199,16,122003.0,64680.0,79818.0,73960.1,20533280.69,71366.5,74598.0,78018.0,0.6
2151,9,122,11,73984.0,71943.0,84635.0,79392.5,27122310.45,73984.0,82545.5,83924.0,0.3
2152,9,142,11,82165.0,62937.0,83185.0,75684.1,46967180.09,71817.0,77058.5,81955.0,0.4
2153,9,143,11,94652.0,60207.0,94652.0,77095.5,79949513.25,72215.0,77380.0,82144.5,0.3
2153,14,211,16,94652.0,60207.0,77145.0,72072.2,24624688.96,69180.0,74101.5,75671.75,0.6
2154,9,142,11,60883.0,44540.0,66597.0,59814.9,39625186.690000005,58270.0,61084.5,64392.5,0.7
2156,9,129,11,36848.0,28864.0,38270.0,34510.8,7899168.56,32409.25,35778.0,36630.75,0.7
2157,9,137,11,70525.0,44641.0,70525.0,54546.5,55299988.25,48282.75,53592.5,58569.5,0.6
2158,9,140,11,124002.0,81965.0,124002.0,91919.9,145206871.48999998,83877.75,88526.5,93142.0,0.0
2158,14,213,16,124002.0,81774.0,89617.0,85325.4,8502069.440000001,82558.25,84501.0,87868.5,0.0
2158,19,280,21,124002.0,63312.0,84741.0,77329.7,64849571.410000004,71426.0,81869.5,83352.75,0.4
2158,24,339,26,124002.0,63312.0,81774.0,74628.3,39029071.010000005,71160.5,77821.5,78361.0,0.6
2159,9,138,11,123516.0,75071.0,123516.0,95659.3,247115352.81,79741.75,97360.5,104209.25,0.3
2159,14,193,16,123516.0,75071.0,98973.0,87440.0,67334776.4,79190.25,90224.0,92436.25,0.3
2161,9,151,11,87588.0,69670.0,87588.0,76366.3,38873761.010000005,71522.5,74098.0,78609.5,0.0
2161,14,205,16,87588.0,69670.0,75342.0,72669.4,3749868.0400000005,71190.75,72523.0,74636.5,0.0
2161,19,276,21,87588.0,67030.0,72520.0,70119.4,3074812.8400000003,68889.25,70606.0,71298.25,0.3
2162,9,139,11,96531.0,67898.0,96531.0,77177.2,105684203.16,70143.75,73154.5,79074.0,0.4
2163,9,141,11,93323.0,67988.0,93323.0,79824.6,56522197.04000001,76019.25,77192.5,80908.0,0.6
2165,9,133,11,61434.0,38887.0,61434.0,48966.8,80387760.96,40130.5,47672.0,56800.0,0.5
2165,14,183,16,61434.0,34652.0,43673.0,40357.4,6682633.44,39250.5,39833.0,42696.25,0.9
2167,9,135,11,111000.0,62513.0,111000.0,87456.0,169161846.8,80276.75,86110.0,94004.0,0.1
2167,14,206,16,111000.0,62513.0,85891.0,75077.5,39824656.05,73033.75,74112.0,79612.0,0.4
2167,19,267,21,111000.0,62513.0,74277.0,70533.7,14622869.01,68453.0,72547.0,73486.0,0.8
2168,9,141,11,88936.0,55186.0,88936.0,67676.4,94143750.44,61793.75,65150.0,68579.25,0.4
2168,14,208,16,88936.0,55186.0,66060.0,62825.0,11735360.0,60359.0,64295.0,65741.0,0.5
2169,9,134,11,56822.0,35617.0,56822.0,48579.9,27043710.089999996,46841.75,49751.0,51087.75,0.4
2170,9,140,11,46510.0,46510.0,58018.0,52473.9,20024146.490000002,47753.5,54470.5,56338.25,0.3
2171,9,125,11,62894.0,38064.0,62894.0,52813.5,39341535.45,50330.25,53723.5,55926.75,0.2
2171,14,195,16,62894.0,38064.0,53352.0,46696.1,26363362.490000002,42105.5,49749.5,50358.75,0.6
2172,9,145,11,89208.0,61583.0,89208.0,76072.0,77555440.2,71939.5,75290.0,83574.25,0.2
2172,14,215,16,89208.0,58830.0,74552.0,66248.7,25722443.21,62770.75,64014.5,70865.75,0.5
2173,9,148,11,85708.0,50757.0,85708.0,72383.0,111167892.8,67553.0,73256.5,79534.0,0.6
2174,9,145,11,93521.0,72651.0,93521.0,81518.7,59913291.00999999,73456.25,82199.5,85634.5,0.4
2174,14,213,16,93521.0,57098.0,80571.0,73536.6,36484579.84,73399.0,73457.5,76154.0,0.6
2175,9,137,11,75385.0,58105.0,75385.0,67538.0,29116037.6,63388.75,67939.0,70837.5,0.5
2176,9,114,11,47960.0,33945.0,52055.0,44210.8,31222963.359999996,40046.5,44568.5,47960.0,0.6
2177,9,127,11,57705.0,33674.0,57705.0,45417.5,51370594.85,40884.75,44801.5,50718.0,0.7
2177,14,172,16,57705.0,33674.0,47520.0,42895.5,20101149.25,40884.75,44747.0,45246.25,1.0
2178,9,117,11,62014.0,29180.0,62014.0,36348.9,82679651.89,30305.5,35078.0,37173.0,0.9
2179,9,111,11,57449.0,40114.0,57449.0,46863.5,21213436.85,43533.75,47277.5,48578.5,0.3
2180,9,103,11,39324.0,24572.0,46334.0,38218.3,48291352.81,36195.75,39324.0,43497.0,0.5
2181,9,135,11,67343.0,52498.0,67343.0,57718.5,16946054.65,55066.5,56814.5,59970.5,0.7
2182,9,134,11,48463.0,38489.0,48463.0,42776.4,7608942.839999999,40814.5,42530.5,43667.5,0.5
2183,9,128,11,35369.0,32507.0,36975.0,35412.6,2146295.6399999997,35369.0,35788.5,36385.25,0.5
2184,9,131,11,82325.0,48759.0,82325.0,67777.2,118466455.55999999,58673.25,72659.0,73981.0,0.3
2184,14,184,16,82325.0,48759.0,72269.0,62927.5,66358580.25,55809.75,65208.0,69822.75,0.7
2185,9,151,11,90050.0,54963.0,90050.0,68277.2,79557444.96000001,64844.0,67377.5,69576.25,0.6
2186,9,135,11,76070.0,52193.0,76070.0,65519.4,36974285.44,63141.75,65331.5,69658.75,0.3
2186,14,208,16,76070.0,52193.0,66063.0,60855.3,21842736.21,57932.5,62148.0,64416.75,0.6
2188,9,131,11,44236.0,28438.0,44236.0,38966.1,25154877.89,36608.5,41101.5,42615.0,0.4
2188,14,199,16,44236.0,28438.0,40328.0,36891.0,12700624.2,36608.5,38527.5,38881.25,0.5
2189,9,130,11,42397.0,33457.0,45796.0,41089.6,17794521.04,38031.25,42797.5,43772.75,0.5
2190,9,140,11,96817.0,64100.0,96817.0,81312.3,105687305.41,73507.25,80400.0,89272.25,0.3
2192,9,144,11,62696.0,44256.0,62696.0,52689.0,25695179.2,50491.0,53196.5,55260.25,0.7
2193,9,110,11,54311.0,35687.0,54311.0,40771.7,26075263.410000004,37033.5,40426.5,41694.25,0.6
2194,9,136,11,113191.0,73962.0,113191.0,88973.5,188978848.45,76954.25,85435.5,100979.0,0.0
2194,14,194,16,113191.0,59925.0,80855.0,74984.0,44597658.6,74398.0,77137.5,79908.75,0.2
2194,19,260,21,113191.0,59925.0,76771.0,70642.1,27793895.690000005,66774.25,72682.5,75094.5,0.5
2195,9,133,11,80452.0,59538.0,80452.0,73555.4,42309885.64,69730.5,75955.5,78507.5,0.4
2195,14,189,16,80452.0,59538.0,77103.0,70782.2,29408931.160000004,66359.75,73161.0,75094.5,0.6
2196,9,146,11,59123.0,34604.0,59123.0,46442.5,47466599.45,43275.0,44239.5,48938.0,0.5
2196,14,211,16,59123.0,31709.0,44814.0,41603.7,18776596.61,42527.75,43324.0,44361.25,0.7
2197,9,142,11,103354.0,58364.0,103517.0,88544.6,198076131.64000002,83455.75,87014.0,102777.25,0.1
2197,14,214,16,103354.0,58364.0,85242.0,78502.4,57166229.239999995,75655.5,81910.0,83291.5,0.1
2197,19,287,21,103354.0,58364.0,82489.0,75506.9,45562272.489999995,74757.0,78156.0,78969.0,0.2
2198,9,138,11,52676.0,32221.0,56000.0,43651.4,57629243.64,37901.75,41256.0,51304.5,0.4
2198,14,207,16,52676.0,32221.0,41842.0,39190.5,8181528.65,37901.75,40218.5,41314.5,0.5
2199,9,144,11,56844.0,40557.0,59974.0,49922.7,46758891.410000004,45402.0,47316.5,56844.0,0.6
2200,9,131,11,88081.0,81034.0,98631.0,93646.8,32931916.159999996,89280.25,96503.5,98318.0,0.0
2200,14,195,16,88081.0,81034.0,96416.0,91543.0,20057922.8,89054.75,92596.0,94815.25,0.0
2200,19,258,21,88081.0,74452.0,92871.0,87191.3,30628010.810000002,85361.0,88081.0,91825.25,0.1
2200,24,324,26,88081.0,74452.0,88613.0,84351.4,18612530.839999996,81990.5,85834.0,87776.75,0.1
2201,9,143,11,59736.0,49176.0,59736.0,55029.7,10948898.21,52833.5,55420.0,57454.5,0.4
2202,9,144,11,53069.0,44131.0,57463.0,53167.3,15507105.609999996,52048.25,53595.5,55928.5,0.5
2203,9,144,11,88481.0,55367.0,88481.0,69664.2,89336465.76,64900.75,66670.5,70374.25,0.5
2204,9,142,11,80610.0,67288.0,80610.0,76486.0,18923875.2,75123.75,77450.0,80114.25,0.2
2205,9,123,11,87973.0,60766.0,87973.0,75360.1,66448020.09000001,68585.0,77100.5,78987.0,0.3
2206,9,139,11,59129.0,43449.0,59129.0,48262.2,22911090.16,44225.75,47017.5,49809.5,0.7
2207,9,142,11,68821.0,62187.0,73220.0,69783.6,8959197.84,68886.0,69824.0,71774.25,0.3
2209,9,145,11,79618.0,65567.0,81856.0,76935.4,25709875.64,77009.0,79079.5,79807.0,0.6
2210,9,136,11,115058.0,79934.0,115058.0,103220.8,114647398.75999999,100187.5,102934.5,112551.75,0.2
2211,9,142,11,82254.0,55175.0,82254.0,71526.6,55592258.239999995,71534.75,73416.0,75258.5,0.2
2212,9,140,11,84222.0,47592.0,84222.0,65828.5,157285218.65,53247.75,66728.5,77743.0,0.4
2212,14,203,16,84222.0,47592.0,66444.0,58508.2,36289629.760000005,53247.75,60326.0,62582.75,0.5
2213,9,138,11,60467.0,49044.0,68190.0,58638.6,34419593.04,55688.0,60436.0,60945.5,0.2
2213,14,201,16,60467.0,49044.0,60405.0,54786.5,16603259.85,50412.5,55797.0,58276.75,0.4
2213,19,266,21,60467.0,49044.0,56015.0,52726.1,8359239.289999999,49585.0,53417.5,55610.5,0.6
2214,9,140,11,63043.0,63043.0,71886.0,67078.4,11267630.040000001,63572.0,67047.5,70221.0,0.4
2215,9,145,11,90194.0,50558.0,90194.0,66779.9,144701879.88999996,59644.5,62508.5,69421.75,0.7
2216,9,131,11,77973.0,66801.0,77973.0,72533.7,10753834.41,71156.0,72289.0,74103.75,0.1
2217,9,130,11,72288.0,59023.0,81460.0,74061.2,33397963.560000002,72477.0,75379.5,75892.0,0.7
2218,9,138,11,81746.0,52783.0,81746.0,65495.3,87792215.61000001,58739.25,63118.5,71658.5,0.5
2218,14,196,16,81746.0,52783.0,64181.0,60422.0,12008188.4,58427.25,61544.0,63111.5,0.8
2219,9,142,11,85594.0,64719.0,85594.0,72313.6,37840452.04,68290.5,70307.0,73824.75,0.3
2220,9,143,11,75579.0,55906.0,75579.0,64926.3,32306233.609999996,61322.75,66190.0,68162.75,0.5
2221,9,148,11,98276.0,65277.0,98276.0,83936.6,97604612.64000002,78705.0,81270.0,91442.0,0.1
2221,14,208,16,98276.0,61803.0,84912.0,77287.5,53766676.45,76165.0,80488.0,81496.25,0.2
2221,19,273,21,98276.0,48482.0,79944.0,68941.5,74792093.25,66064.25,69649.5,74701.0,0.5
2222,9,138,11,79272.0,59841.0,79272.0,66093.5,41019925.85,60876.0,63938.5,67932.5,0.0
2222,14,186,16,79272.0,54199.0,63624.0,60594.3,6398055.210000001,59882.5,60899.5,62220.75,0.1
2223,9,135,11,56605.0,40559.0,56605.0,47949.3,17693700.810000002,45082.5,48644.5,49561.25,0.8
2224,9,145,11,108948.0,71488.0,108948.0,92402.2,158705269.36,85023.0,94069.0,101566.0,0.0
2224,14,215,16,108948.0,69651.0,92387.0,77784.5,47324271.05,73803.25,75028.0,82773.25,0.0
2225,9,147,11,64573.0,57713.0,70409.0,63213.8,11992891.16,61503.0,63748.5,64730.5,0.5
2226,9,127,11,97280.0,59700.0,97280.0,85825.0,114404370.0,81506.75,89488.0,93263.0,0.7
2227,9,123,11,122022.0,96811.0,122022.0,102662.4,54501323.04,98164.5,100325.0,101361.0,0.0
2227,14,186,16,122022.0,73905.0,99494.0,90686.4,68645156.84,86355.75,92039.5,97849.75,0.1
2227,19,256,21,122022.0,73905.0,88790.0,85221.1,18672450.89,84193.5,87045.5,87856.75,0.1
2229,9,131,11,57997.0,41392.0,57997.0,49714.2,26739760.160000004,47445.25,48681.0,52940.0,0.2
2230,9,128,11,62320.0,50959.0,62320.0,55579.9,9067453.09,54107.5,55078.0,56750.5,0.3
2230,14,193,16,62320.0,50959.0,55387.0,53755.6,1914222.64,52674.5,54170.5,54712.0,0.5
2231,9,143,11,59711.0,47836.0,59711.0,50960.1,9541968.090000002,49512.75,49928.5,51228.25,0.6
2232,9,145,11,64273.0,59318.0,68572.0,64297.7,5575921.61,64241.5,64291.0,65470.75,0.0
2232,14,214,16,64273.0,53180.0,64273.0,60250.3,14339891.410000002,58028.0,61220.0,63783.75,0.1
2233,9,138,11,54646.0,40694.0,54646.0,46805.6,12816898.04,45263.75,45732.5,48919.5,0.6
2234,9,143,11,66844.0,52608.0,66844.0,57952.5,16483420.25,54539.5,57563.5,59784.5,0.5
2235,9,118,11,57674.0,40492.0,57674.0,51017.1,35003229.690000005,46577.25,51874.0,56220.0,0.3
2235,14,182,16,57674.0,40269.0,48141.0,44908.2,6237923.36,44749.0,45318.0,46240.0,0.8
2236,9,128,11,45552.0,33617.0,48265.0,44537.2,17177685.36,44190.0,45974.0,46797.0,0.5
2237,9,133,11,55139.0,42802.0,55139.0,45238.9,11938024.09,43326.75,43886.5,45549.25,0.6
2238,9,145,11,65497.0,51459.0,65497.0,59713.2,19304408.56,57209.5,60344.0,63208.75,0.6
2239,9,139,11,111159.0,66864.0,111159.0,84033.9,176584223.89000002,73116.0,81293.0,94114.75,0.1
2239,14,208,16,111159.0,65525.0,79607.0,71506.7,20155944.81,67578.5,71676.0,73639.0,0.3
2240,9,140,11,42400.0,26678.0,42400.0,32967.2,21340400.759999998,28648.75,34045.0,35201.25,0.5
2240,14,176,16,42400.0,26678.0,33912.0,30111.5,6323984.85,28111.25,29821.0,31887.0,1.0
2241,9,129,11,46829.0,32702.0,46829.0,39622.7,13685855.010000002,37355.0,39338.0,42042.25,0.4
2242,9,134,11,63155.0,42767.0,63155.0,50579.9,36938631.089999996,46199.0,49073.5,54767.0,0.3
2243,9,122,11,71670.0,51261.0,71670.0,59710.7,31874382.810000002,55587.75,59505.5,61061.75,0.4
2244,9,139,11,64429.0,53007.0,64429.0,59639.2,12958099.559999999,57274.75,60130.5,62235.0,0.4
2245,9,139,11,68706.0,57251.0,68706.0,63324.8,17142218.959999997,59788.25,63477.5,67290.75,0.3
2245,14,207,16,68706.0,57251.0,64821.0,61441.8,6386383.959999999,59598.0,61723.5,63647.75,0.3
2246,9,136,11,82555.0,63064.0,82555.0,74622.8,38128555.160000004,70454.75,77784.5,79142.25,0.2
2246,14,206,16,82555.0,63064.0,77646.0,70161.6,14202809.040000001,68255.25,70681.5,72045.75,0.2
2247,9,134,11,44125.0,28317.0,44149.0,37578.3,30111535.01,33027.25,37674.0,43246.75,0.5
2248,9,128,11,48610.0,39824.0,48610.0,43240.1,8307103.49,41517.25,42452.5,44322.0,0.6
2249,9,136,11,89748.0,53579.0,89748.0,67852.6,84718428.84,65407.75,68132.5,70212.25,0.2
2250,9,136,11,74166.0,44985.0,74166.0,54708.8,67712810.16000001,50801.75,51583.0,53811.5,0.2
2251,9,139,11,45382.0,33801.0,45382.0,38656.9,12006698.889999999,35739.0,38770.0,40016.25,0.6
2251,14,212,16,45382.0,33801.0,38951.0,37062.7,3631440.21,35283.75,38068.5,38688.25,1.0
2252,9,132,11,52043.0,29933.0,52043.0,40434.9,40207301.29,36358.75,40112.0,41482.5,0.3
2253,9,133,11,58283.0,44267.0,64178.0,57742.7,26654414.41,56954.75,58283.0,60373.75,0.2
2253,14,203,16,58283.0,44267.0,58957.0,55040.4,21474903.839999996,55487.75,56976.5,58093.0,0.4
2254,9,136,11,189374.0,66282.0,189374.0,103658.3,1461771072.01,75861.5,89271.5,117293.5,0.0
2254,14,198,16,189374.0,61640.0,87670.0,70349.3,57419304.21,65388.5,68639.5,74598.25,0.1
2254,19,265,21,189374.0,52336.0,66282.0,60409.4,20007402.04,56792.25,60872.5,64452.75,0.6
2255,9,134,11,87707.0,51868.0,87707.0,62957.7,99339137.61,54568.5,64280.5,65899.75,0.8
2256,9,136,11,61593.0,45167.0,61593.0,53057.0,19339679.0,51376.0,52523.5,53185.75,0.5
2257,9,141,11,91425.0,54482.0,91425.0,64410.7,97796218.60999998,58615.75,62376.5,64491.0,0.4
2258,9,131,11,78961.0,60024.0,78961.0,65977.5,27741407.65,62487.0,64828.5,68327.5,0.2
2258,14,185,16,78961.0,56678.0,65610.0,61865.0,6058269.6,60668.75,61750.0,63765.75,0.3
2259,9,133,11,56857.0,39188.0,56857.0,43571.2,22929663.96,41080.0,42359.0,43471.25,0.7
2260,9,146,11,63576.0,32461.0,63576.0,45550.4,87074009.44,38868.5,44384.5,52248.25,0.4
2261,9,135,11,116107.0,63774.0,116107.0,77377.6,274732718.64,65454.75,68318.5,84584.0,0.3
2261,14,211,16,116107.0,63774.0,68650.0,66733.9,3059617.8899999997,65235.5,67541.5,67968.5,0.3
2262,9,143,11,106172.0,60198.0,106172.0,71083.1,162265228.49,65132.75,67482.5,69062.25,0.4
2263,9,124,11,58934.0,45178.0,58934.0,52690.6,16729395.040000001,49753.5,52635.0,55480.5,0.0
2263,14,179,16,58934.0,45178.0,52646.0,50608.9,4435069.090000001,49753.5,51410.0,52008.0,0.0
2263,19,230,21,58934.0,42088.0,51227.0,48050.9,7494360.69,46250.5,49037.5,49906.25,0.1
2264,9,118,11,52474.0,39419.0,52700.0,49210.5,17524544.65,47326.75,51559.0,52401.25,0.1
2264,14,169,16,52474.0,39419.0,51079.0,44866.1,10181590.69,43709.75,44817.5,46685.75,0.5
2265,9,136,11,90255.0,49040.0,90255.0,64669.3,95866476.01,62579.25,63699.5,65450.25,0.2
2265,14,209,16,90255.0,49040.0,63745.0,58386.4,31085688.639999997,55554.75,60048.5,63491.75,0.5
2267,9,113,11,31450.0,21956.0,31450.0,25704.8,10826076.559999999,22952.25,25172.0,27648.75,0.7
2268,9,124,11,59658.0,44025.0,59658.0,51864.6,23662341.04,49014.25,50342.5,56286.5,0.4
2268,14,192,16,59658.0,44025.0,50875.0,48482.7,3930050.2099999995,47440.5,49083.5,49794.0,0.6
2269,9,146,11,66980.0,57119.0,69308.0,64376.8,20434317.96,59573.25,66980.0,67689.0,0.4
2270,9,143,11,109758.0,92538.0,112434.0,100544.0,49468929.8,95207.25,98281.0,107344.5,0.0
2270,14,215,16,109758.0,91747.0,100068.0,94799.1,5927278.089999999,92837.25,94314.0,96285.0,0.0
2270,19,284,21,109758.0,82319.0,95658.0,91560.4,13486166.440000001,90844.75,92641.5,93456.75,0.1
2271,9,136,11,87503.0,80086.0,102555.0,95659.9,56603147.69,89532.5,98796.0,101823.25,0.1
2272,9,148,11,110102.0,72992.0,110102.0,96574.3,94316010.60999998,93295.75,97021.5,103627.75,0.2
2272,14,213,16,110102.0,72992.0,96865.0,87649.0,60499485.4,83347.75,90793.5,93497.25,0.6
2273,9,129,11,108791.0,79349.0,108791.0,86528.6,67576830.44,80627.25,85079.0,87913.5,0.8
2274,9,147,11,84172.0,69026.0,84172.0,79054.5,17443302.05,78138.5,79934.0,81517.25,0.1
2274,14,218,16,84172.0,57430.0,79513.0,71359.1,43123968.89,69085.0,71340.0,77365.5,0.6
2275,9,138,11,80499.0,61760.0,80499.0,74421.5,46424266.65,72677.5,76377.0,80056.0,0.4
2275,14,199,16,80499.0,61105.0,76820.0,68706.8,39666051.96,61802.75,69555.0,75000.25,0.8
2276,9,113,11,45464.0,28298.0,45464.0,33952.8,24544804.759999998,30269.5,33481.0,35733.0,0.3
2276,14,171,16,45464.0,28298.0,33325.0,30565.7,2663476.6100000003,29481.25,30074.0,31946.5,0.6
2277,9,108,11,25059.0,21322.0,26510.0,22984.1,3353162.69,21410.75,22196.0,24631.75,0.7
2278,9,138,11,83203.0,59866.0,83203.0,67636.9,36742767.89,63635.5,66744.5,68913.5,0.7
2279,9,148,11,115288.0,73152.0,115288.0,91063.5,121374903.65,85739.0,88993.0,95747.75,0.3
2279,14,214,16,115288.0,73152.0,91396.0,86354.9,27730616.089999996,85391.75,88113.0,89540.75,0.3
2280,9,127,11,83647.0,51884.0,83647.0,68571.2,89992173.96,63195.75,67495.5,75537.25,0.4
2280,14,182,16,83647.0,51884.0,69449.0,64511.0,27447024.8,63195.75,67347.0,67793.75,0.4
2281,9,142,11,87649.0,55053.0,87649.0,68239.4,135813580.24,58991.25,63269.5,77333.75,0.1
2282,9,140,11,58478.0,47079.0,70174.0,62708.7,45395922.80999999,58647.75,64650.5,67905.0,0.3
2283,9,142,11,122931.0,70779.0,122931.0,85294.6,233594415.63999996,74349.0,79029.5,93364.25,0.6
2284,9,123,11,146275.0,69162.0,146275.0,100076.5,649083885.05,84720.0,91294.0,107410.25,0.4
2285,9,111,11,82165.0,82165.0,103752.0,93797.9,64126926.89,87651.25,94403.5,100752.25,0.6
2287,9,123,11,61701.0,37384.0,61701.0,48245.7,39273218.41,44967.5,48281.5,48907.75,0.8
2288,9,127,11,80622.0,60733.0,80622.0,67911.7,30332576.810000002,64693.25,65989.5,69687.5,0.2
2289,9,135,11,78945.0,55459.0,78945.0,70621.5,36456545.05,70087.75,71498.0,74174.75,0.5
2290,9,136,11,76426.0,59615.0,76652.0,68460.4,45048607.04000001,61801.5,67605.5,75874.75,0.4
2291,9,142,11,63825.0,52530.0,63825.0,58351.8,14695651.16,55882.5,57270.5,62185.0,0.5
2292,9,139,11,86797.0,44884.0,86797.0,64855.6,146988387.44,57882.25,63350.0,67174.75,0.5
2292,14,206,16,86797.0,44884.0,63073.0,58545.9,33949993.09,54690.75,62410.0,62829.75,0.8
2293,9,123,11,54514.0,38080.0,54514.0,46747.2,29177143.96,41529.75,47507.0,51502.5,0.5
2294,9,118,11,62227.0,41427.0,62227.0,50509.4,28575915.04,46661.75,51427.5,52714.75,0.9
2295,9,143,11,76411.0,52860.0,76411.0,66968.1,67630416.28999999,58839.0,69477.0,73937.5,0.5
2296,9,140,11,81476.0,50116.0,81476.0,66674.3,86147192.60999998,63867.5,69856.5,71906.25,0.4
2297,9,137,11,97337.0,79498.0,97337.0,89135.0,32296545.2,84377.5,89926.5,93076.75,0.3
2297,14,206,16,97337.0,79498.0,89852.0,85418.3,10290548.61,82972.25,85558.5,88070.75,0.4
2299,9,120,11,109842.0,74540.0,116402.0,101722.5,146300637.25,93450.0,106905.5,109842.0,0.4
2299,14,166,16,109842.0,74540.0,104307.0,93044.3,89293605.21,88848.25,94269.0,100903.75,0.8
2300,9,150,11,66114.0,57408.0,69164.0,65792.1,12954688.690000001,66114.0,66834.0,68274.75,0.2
2301,9,151,11,87128.0,59073.0,88533.0,74466.8,133388452.35999998,64426.5,72166.0,87128.0,0.4
2301,14,213,16,87128.0,59073.0,69356.0,65425.4,8537256.040000001,64426.5,65828.5,66896.75,0.6
2302,9,148,11,59042.0,28863.0,59042.0,44771.9,59301246.089999996,41579.75,44678.0,48850.75,0.2
2302,14,219,16,59042.0,28863.0,44482.0,36624.1,23986668.890000004,32794.75,35843.0,40294.0,0.7
2303,9,135,11,69905.0,56198.0,69905.0,61127.8,16309733.16,57954.0,59883.5,63806.0,0.3
2303,14,208,16,69905.0,52774.0,60962.0,57637.8,5810468.36,56511.25,57979.5,59233.5,0.5
2304,9,145,11,57455.0,40137.0,57455.0,50681.0,19792525.0,49580.75,51339.0,53250.25,0.2
2305,9,143,11,59615.0,38778.0,60559.0,55471.7,41313859.809999995,52962.25,58688.5,59595.0,0.3
2306,9,112,11,33036.0,33036.0,39624.0,36651.0,4880296.0,35404.0,37204.0,38131.75,0.1
2307,9,136,11,46120.0,35153.0,46933.0,41579.1,13160843.09,39830.75,41140.0,44972.5,0.5
2308,9,147,11,75465.0,45313.0,83731.0,64603.9,177115591.48999998,51461.5,66067.0,75465.0,0.2
2308,14,212,16,75465.0,45313.0,64060.0,52553.0,24370596.2,50433.0,52349.5,53961.5,0.3
2308,19,263,21,75465.0,45313.0,52402.0,49384.8,5579675.76,47675.0,49509.5,51352.5,0.6
2309,9,144,11,59636.0,45235.0,59636.0,55159.0,16004670.0,53794.0,55838.0,57544.75,0.1
2309,14,187,16,59636.0,44982.0,55587.0,50709.1,12143453.89,49093.0,50711.5,53066.75,0.2
2310,9,142,11,110977.0,62256.0,110977.0,84707.8,238207217.96000004,68836.25,89338.0,96128.0,0.3
2310,14,208,16,110977.0,54161.0,88174.0,68475.1,81223700.89000002,63316.0,67988.0,73168.5,0.5
2311,9,141,11,98289.0,73435.0,98289.0,79230.7,51364551.61,74771.0,76826.5,78851.25,0.0
2311,14,215,16,98289.0,56236.0,75672.0,68722.2,41460253.36,63776.5,69695.5,74598.0,0.5
2311,19,276,21,98289.0,56236.0,70390.0,65534.3,15554883.809999999,63661.75,65506.0,68353.25,0.6
2312,9,150,11,94874.0,59468.0,95546.0,76946.9,155793834.69,69348.25,71981.5,89650.0,0.2
2312,14,214,16,94874.0,59468.0,71875.0,67992.2,13773973.959999999,66502.75,69189.0,71082.0,0.4
2313,9,126,11,78471.0,56221.0,78471.0,69140.5,39251551.45,65817.0,69713.5,74107.0,0.6
2314,9,138,11,78888.0,52994.0,78888.0,71846.4,67590692.64000002,68184.75,75747.5,78150.75,0.2
2314,14,205,16,78888.0,52994.0,75407.0,68257.3,45375951.20999999,63748.0,70869.0,73224.25,0.3
2314,19,266,21,78888.0,51702.0,71992.0,64329.6,51409542.239999995,61372.75,64935.0,70897.5,0.5
2315,9,123,11,64779.0,54760.0,72257.0,67930.6,25900177.64,65623.75,70297.0,71009.75,0.1
2315,14,191,16,64779.0,44633.0,70296.0,60147.3,56823082.81,56102.75,61496.0,64779.0,0.3
2315,19,258,21,64779.0,44633.0,61742.0,56960.9,26794809.689999998,55386.25,59265.0,60297.5,0.6
2316,9,142,11,95003.0,56634.0,102477.0,81857.3,317970888.81,63631.25,86317.5,98274.5,0.2
2316,14,212,16,95003.0,50619.0,77632.0,59765.0,55337345.0,55693.75,58014.5,63208.5,0.7
2317,9,138,11,62817.0,40604.0,62817.0,48556.9,48957467.69,42111.5,47540.0,51896.75,0.4
2317,14,208,16,62817.0,39690.0,48671.0,43163.1,7315407.090000001,41264.0,42349.5,44613.5,0.7
2318,9,133,11,39694.0,39694.0,46335.0,43365.3,4714302.01,42849.75,43241.5,45266.75,0.5
2319,9,135,11,89354.0,44866.0,89354.0,65960.2,122283418.56000002,61308.5,66785.5,70193.25,0.5
2320,9,129,11,75676.0,59574.0,75676.0,68151.7,21017073.409999996,64451.75,69053.5,71571.0,0.4
2321,9,129,11,81474.0,64463.0,81474.0,72779.0,32707677.0,68475.0,71589.5,78328.0,0.6
2322,9,139,11,72146.0,64242.0,72700.0,70181.8,6230335.56,69112.0,71348.0,72051.0,0.0
2323,9,136,11,108430.0,76225.0,108430.0,88996.1,69258671.28999999,84841.0,88336.5,91849.25,0.5
2324,9,144,11,71530.0,65118.0,72690.0,69631.4,5052117.84,68295.75,70207.0,71429.25,0.2
2325,9,132,11,76415.0,71036.0,76415.0,74214.9,3246508.4899999998,73572.75,74374.5,75566.75,0.2
2326,9,136,11,107419.0,68763.0,107419.0,91375.1,186918559.09,77610.25,97038.5,101205.5,0.3
2326,14,199,16,107419.0,68763.0,96709.0,81313.2,73470357.36,74355.5,83857.5,86614.75,0.5
2327,9,140,11,112016.0,78648.0,112016.0,92880.7,104835122.01,85372.75,91414.0,100450.75,0.6
2328,9,146,11,130239.0,73709.0,130239.0,89494.9,280705115.89,77631.25,83775.0,93563.5,0.5
2328,14,210,16,130239.0,66082.0,83541.0,77096.0,32886059.4,74010.5,78387.5,82253.25,1.0
2329,9,113,11,65778.0,47829.0,65778.0,53422.3,21870778.410000004,51223.75,52440.5,54725.25,0.7
2330,9,143,11,89233.0,61294.0,89233.0,74350.0,141625842.6,62552.75,71090.0,87424.5,0.1
2330,14,209,16,89233.0,54256.0,65935.0,60881.5,16991866.25,57022.75,62016.5,63821.0,0.4
2331,9,136,11,129292.0,78781.0,129292.0,100681.4,216996261.44,95553.5,97098.0,99853.0,0.1
2331,14,202,16,129292.0,78781.0,97039.0,90252.9,30542251.29,87589.75,91195.0,94915.5,0.2
2331,19,268,21,129292.0,78781.0,93453.0,87369.4,19189309.24,83900.25,87927.5,91153.5,0.2
2332,9,141,11,79831.0,62381.0,79831.0,69475.5,34710037.45,64325.25,69301.0,70298.25,0.2
2332,14,210,16,79831.0,55191.0,68918.0,62869.6,17961252.839999996,62087.0,63412.0,65713.0,0.5
2333,9,125,11,73337.0,48959.0,73337.0,58686.2,54903503.56,52952.5,58108.5,63389.5,0.6
2334,9,143,11,66220.0,48187.0,66220.0,58497.6,49179393.64,51825.0,61128.5,65045.75,0.5
2336,9,127,11,49308.0,43935.0,54649.0,50386.9,10242422.290000003,48786.75,50643.5,52858.25,0.7
2337,9,136,11,97325.0,59465.0,97614.0,77850.1,182069990.08999997,68931.5,73129.5,91729.25,0.7
2338,9,132,11,84839.0,49355.0,90093.0,78608.0,123512228.4,76576.75,83066.0,84815.25,0.3
2338,14,197,16,84839.0,49355.0,83940.0,73697.3,101951310.61000001,69703.25,77023.0,81549.25,0.6
2339,9,125,11,85158.0,58926.0,85158.0,68316.4,87381752.64,60941.75,64760.5,73846.75,0.4
2339,14,195,16,85158.0,50009.0,65914.0,61595.3,20971500.81,59729.75,63052.5,64895.75,0.6
2340,9,123,11,67134.0,56924.0,72996.0,67882.7,20471439.41,66786.0,68664.5,71085.5,0.4
2341,9,126,11,75303.0,55343.0,75907.0,66059.3,71993689.81000002,57897.5,65847.5,74784.75,0.5
2341,14,189,16,75303.0,51022.0,60416.0,58004.4,7625705.839999999,57744.75,58771.0,60068.5,0.6
2342,9,126,11,87252.0,60084.0,97961.0,79304.2,94294022.16000001,76737.5,78642.5,85137.0,0.3
2343,9,127,11,79293.0,64994.0,79293.0,68684.8,16894732.759999998,65604.5,67637.0,69863.0,0.3
2344,9,147,11,80911.0,65324.0,80911.0,72832.1,31090551.089999996,67756.75,71196.0,78632.5,0.4
2344,14,216,16,80911.0,50801.0,71187.0,65175.2,36672491.36,61859.0,67000.0,69727.75,0.8
2346,9,142,11,87700.0,49643.0,87700.0,66537.9,121735261.68999998,59356.0,64813.5,72611.75,0.3
2346,14,202,16,87700.0,49643.0,64523.0,60147.8,18235775.36,59356.0,61781.5,62881.25,0.3
2347,9,140,11,76588.0,69043.0,79642.0,74860.1,8928848.489999998,72708.75,75764.5,76588.0,0.3
2347,14,207,16,76588.0,69043.0,76138.0,72406.9,4884535.09,71223.0,72513.0,73268.0,0.6
2348,9,150,11,90942.0,59853.0,95127.0,75391.7,141633774.81,66782.5,72450.5,86847.75,0.4
2348,14,211,16,90942.0,59853.0,72697.0,66588.7,17009532.61,63421.75,66423.5,70356.25,0.7
2349,9,142,11,66277.0,54766.0,70589.0,65844.8,19791646.759999998,64334.25,66277.0,69517.25,0.5
2350,9,141,11,52718.0,37958.0,55418.0,49938.9,22341144.689999998,49696.25,51182.0,52718.0,0.4
2351,9,113,11,84825.0,39611.0,84825.0,62381.4,154984635.64000002,55092.5,60436.5,71227.0,0.6
2352,9,135,11,78653.0,62957.0,84775.0,75748.5,39949578.45,72299.25,77407.5,80274.5,0.2
2352,14,196,16,78653.0,62957.0,76162.0,69883.8,16217011.16,66745.0,71434.5,72619.0,0.6
2353,9,141,11,55580.0,39276.0,64343.0,53557.2,52952839.96,48845.75,55580.0,57696.5,0.4
2353,14,209,16,55580.0,39276.0,55580.0,49723.7,21717750.810000002,47689.25,51344.0,52594.0,0.8
2354,9,147,11,84290.0,53157.0,84290.0,65223.9,79040761.69,58646.25,65831.5,67502.5,0.3
2354,14,215,16,84290.0,52174.0,65579.0,58945.4,23001785.84,54835.75,58158.5,63386.25,0.6
2355,9,148,11,48069.0,48069.0,61806.0,57024.5,25819949.85,54316.5,59934.5,60535.0,0.4
2356,9,132,11,73245.0,41817.0,73333.0,62839.3,105275245.41,54769.25,65836.0,72474.75,0.3
2356,14,200,16,73245.0,39999.0,64623.0,50268.9,53272143.09000001,44719.25,50557.0,53183.75,0.8
2357,9,136,11,52422.0,49129.0,56040.0,52355.1,3875827.089999999,50912.25,52572.0,53404.5,0.3
2358,9,140,11,65782.0,55886.0,65782.0,58704.1,7850625.290000001,56632.25,58064.5,59634.25,0.0
2359,9,145,11,59610.0,45646.0,59610.0,51597.4,14485305.24,49840.75,50897.5,53324.75,0.1
2359,14,200,16,59610.0,42079.0,50736.0,47746.0,6287618.6,46547.25,48008.0,49822.5,0.2
2360,9,135,11,50745.0,39769.0,50745.0,43806.3,10098434.809999999,41078.75,43989.0,45470.75,0.7
2361,9,130,11,44422.0,28624.0,44422.0,36397.5,20894656.25,33452.75,36943.0,39512.5,0.6
2362,9,143,11,69407.0,69407.0,83544.0,75644.7,20567146.009999998,72213.25,75439.5,79108.75,0.1
2363,9,129,11,52086.0,44068.0,52339.0,49753.3,6880363.8100000005,48647.5,50884.0,51821.75,0.3
2365,9,137,11,37922.0,37869.0,52670.0,45257.0,28992750.0,39063.25,47783.5,49039.0,0.6
2366,9,152,11,66531.0,38673.0,66531.0,50314.1,80676063.09,43694.25,47224.0,58462.5,0.4
2366,14,215,16,66531.0,38673.0,49588.0,45433.0,13105602.8,43694.25,46499.5,47983.5,0.5
2367,9,116,11,108954.0,62003.0,108954.0,74000.4,160162197.64000002,67980.0,71336.0,74696.25,0.6
2368,9,131,11,101201.0,80047.0,101201.0,89865.7,29044532.009999998,87663.25,90467.5,91849.5,0.1
2369,9,148,11,89470.0,67279.0,93207.0,78629.1,72341780.89,72445.0,75873.5,86715.75,0.1
2369,14,212,16,89470.0,65584.0,78325.0,72879.8,15417343.960000003,71272.25,73220.0,75826.75,0.2
2369,19,277,21,89470.0,65584.0,73548.0,70268.2,7031297.159999999,67699.0,71490.5,72213.5,0.3
2370,9,135,11,77731.0,61097.0,77731.0,70189.5,23355578.45,68157.0,69645.5,72125.75,0.1
2370,14,200,16,77731.0,57345.0,69694.0,64282.5,19828101.45,60619.25,64720.0,68525.0,0.4
2371,9,136,11,70912.0,52281.0,70912.0,62950.1,31563590.089999996,58762.75,63253.0,67161.75,0.1
2371,14,210,16,70912.0,51952.0,63167.0,58154.7,11727591.21,57311.75,58909.0,60353.75,0.3
2372,9,146,11,69750.0,58326.0,69750.0,62359.3,17279284.61,59115.5,60585.0,65972.0,0.4
2373,9,118,11,52239.0,42950.0,56455.0,53258.5,14082103.65,52351.0,54523.0,55643.0,0.4
2374,9,138,11,89019.0,61203.0,89019.0,71852.2,47796314.760000005,69652.25,71627.0,73271.0,0.6
2375,9,141,11,72204.0,62040.0,72204.0,67842.8,8871840.559999999,65370.0,68802.5,70054.5,0.5
2376,9,148,11,90646.0,63413.0,90646.0,78409.8,71123863.76,74369.0,75580.0,85021.75,0.6
2377,9,137,11,95118.0,58529.0,95118.0,76186.4,122837319.64000002,68761.25,72535.5,84945.0,0.6
2378,9,148,11,98263.0,84829.0,100408.0,94103.2,27407447.159999996,89387.75,95804.5,98263.0,0.1
2378,14,212,16,98263.0,84829.0,95063.0,90953.3,10000636.41,88550.25,91854.5,92786.75,0.1
2379,9,133,11,59086.0,32123.0,59086.0,47860.1,62940964.29000001,44006.75,48184.0,52626.25,0.7
2380,9,132,11,47159.0,32005.0,47159.0,40607.5,31769957.05,35877.0,41772.5,45469.75,0.7
2381,9,146,11,120924.0,67054.0,120924.0,86480.0,220307978.2,77662.75,81350.0,90041.25,0.0
2381,14,207,16,120924.0,56552.0,80882.0,68955.7,65710001.81,62807.75,67348.5,76839.75,0.3
2381,19,274,21,120924.0,53996.0,67054.0,61105.9,17250033.889999997,57304.5,61680.0,64486.75,0.7
2382,9,131,11,47671.0,35868.0,47671.0,42277.8,11898364.16,39812.25,43095.5,44208.5,0.5
2383,9,148,11,96118.0,62989.0,96118.0,81992.1,111528620.08999999,75087.0,80092.0,91066.5,0.1
2383,14,207,16,96118.0,56721.0,81242.0,69783.9,56289465.489999995,64869.75,68909.0,75225.0,0.5
2384,9,141,11,76381.0,55546.0,76381.0,63349.3,37790056.809999995,60468.75,61987.5,63103.0,0.1
2384,14,202,16,76381.0,51673.0,61600.0,56173.0,12930456.6,53286.75,55505.0,59511.25,0.6
2385,9,149,11,80251.0,40170.0,80251.0,57988.0,124565785.6,54225.75,56564.0,60819.0,0.5
2385,14,208,16,80251.0,40170.0,56574.0,52615.6,27632728.639999997,54225.75,54471.0,55696.75,0.8
2386,9,126,11,54172.0,40501.0,57356.0,51598.5,34816345.65,48611.5,54225.0,55205.25,0.7
2387,9,133,11,72873.0,54551.0,79218.0,63945.5,65299705.45,57305.5,61656.5,71070.5,0.4
2387,14,187,16,72873.0,54551.0,67146.0,60059.3,16106273.610000003,57305.5,58902.0,63165.25,0.5
2388,9,147,11,110054.0,75536.0,110054.0,87415.9,167650186.69,78271.25,81651.0,95055.25,0.6
2388,14,217,16,110054.0,75536.0,82985.0,79905.3,6862878.209999999,78160.75,80127.0,82415.0,0.8
2389,9,140,11,41272.0,41272.0,56051.0,48122.6,25594366.44,45488.0,46965.0,52765.25,0.6
2389,14,195,16,41272.0,41272.0,48826.0,45587.5,5910183.85,44966.25,46259.5,47193.0,0.9
2391,9,140,11,55207.0,40314.0,55207.0,47593.0,25432003.2,44024.75,46018.5,52221.75,0.5
2391,14,207,16,55207.0,40314.0,47089.0,44453.8,5146667.76,43655.75,44869.5,46450.75,0.7
2392,9,130,11,42694.0,41905.0,51669.0,46105.4,11263444.04,43034.0,45678.0,49239.5,0.4
2392,14,199,16,42694.0,40366.0,45977.0,43531.6,3111397.0399999996,42451.75,43296.5,45108.5,0.7
2393,9,142,11,72191.0,62466.0,72605.0,67417.5,15511002.05,64281.75,66128.0,71891.25,0.1
2394,9,132,11,99470.0,55986.0,99470.0,73381.4,131096815.03999999,67861.5,69355.5,78719.0,0.6
2395,9,122,11,80409.0,46194.0,80409.0,55921.5,88404812.85,48956.0,56079.5,58026.75,0.9
2396,9,144,11,69937.0,61616.0,70816.0,68477.2,8002129.959999999,67099.75,69825.5,70543.0,0.1
2397,9,114,11,86314.0,81149.0,88292.0,85312.0,4243466.0,83958.5,85650.0,86926.75,0.3
2398,9,135,11,156714.0,99750.0,156714.0,116460.1,214859318.09,110968.5,114440.0,117584.75,0.2
2399,9,142,11,83945.0,62395.0,87329.0,78500.9,72797857.29,71109.25,82911.0,84185.0,0.3
2399,14,202,16,83945.0,62395.0,81877.0,72125.9,36311328.89,67540.75,73921.0,74488.25,0.5
2400,9,142,11,76056.0,76056.0,87500.0,82810.7,16097457.209999997,80621.75,83943.5,86327.0,0.1
2400,14,206,16,76056.0,65685.0,84652.0,76819.8,30334319.759999998,73370.0,76056.0,81273.25,0.5
2401,9,121,11,96502.0,95822.0,102075.0,98749.0,5025827.2,96512.5,98594.0,100976.5,0.3
2402,9,126,11,130711.0,71036.0,130711.0,97290.7,229102767.01,89332.5,99805.0,101752.5,0.2
2402,14,180,16,130711.0,71036.0,99250.0,83213.2,65985681.36,76173.5,83550.5,88078.5,0.7
2403,9,138,11,49035.0,48243.0,58499.0,53841.8,16941743.96,49069.25,56143.0,57357.5,0.4
2404,9,147,11,73715.0,60196.0,73715.0,66067.0,18548292.4,61783.25,67074.5,69247.5,0.1
2404,14,216,16,73715.0,43714.0,66698.0,57678.6,43914745.64,53636.0,60430.0,62340.25,0.5
2405,9,142,11,118979.0,82422.0,118979.0,97803.5,159339300.85,88560.75,91260.0,105137.5,0.1
2405,14,200,16,118979.0,74506.0,91171.0,85251.2,21859069.759999998,82692.5,85821.5,88350.0,0.4
2405,19,269,21,118979.0,68240.0,88507.0,82065.1,35552343.089999996,81862.5,82889.0,86293.75,0.6
2406,9,140,11,88706.0,64453.0,88706.0,76034.2,42582212.96,74165.5,77519.0,78680.25,0.3
2407,9,139,11,82963.0,67819.0,82963.0,73366.5,20595780.65,70233.75,71586.5,76683.25,0.2
2408,9,142,11,149446.0,65300.0,149446.0,96011.8,835108339.9599998,70712.0,85311.0,122127.0,0.1
2408,14,211,16,149446.0,62485.0,81848.0,69491.0,26325623.8,66628.25,68723.0,69966.75,0.4
2408,19,271,21,149446.0,50879.0,68570.0,63738.9,28237955.890000004,63074.25,65886.0,66986.25,0.8
2409,9,128,11,79499.0,54401.0,79499.0,73178.3,63197154.00999999,72982.25,76324.5,78480.0,0.5
2410,9,132,11,87689.0,62351.0,87689.0,68556.4,51562050.64,64757.25,65347.5,68447.5,0.1
2411,9,133,11,76500.0,51754.0,77181.0,65590.7,88161433.21000001,57406.0,65861.0,75550.0,0.2
2411,14,204,16,76500.0,51754.0,63790.0,57036.1,12955248.690000001,53649.25,57659.5,59626.0,0.4
2411,19,274,21,76500.0,51754.0,57292.0,54513.5,3580487.65,53480.75,53824.0,56416.25,0.7
2412,9,127,11,54134.0,33748.0,54134.0,47101.6,42066894.64,46119.75,48338.0,51352.0,0.2
2412,14,189,16,54134.0,33748.0,48701.0,43226.6,28498360.839999996,37871.75,45789.5,47829.75,0.4
2413,9,133,11,81306.0,43209.0,81306.0,57422.9,141856452.29000002,50278.0,53637.5,64243.5,0.6
2413,14,199,16,81306.0,43209.0,57527.0,50358.6,26362546.639999997,46309.5,51035.0,53809.25,0.8
2414,9,139,11,75433.0,53177.0,75433.0,60270.2,44424670.76,54071.25,60212.0,63269.5,0.8
2415,9,135,11,77311.0,67639.0,90687.0,79977.8,44623223.36,76963.0,78761.5,85317.25,0.5
2416,9,138,11,100344.0,80111.0,100344.0,89557.2,26125480.16,87418.75,90287.0,91714.0,0.1
2416,14,211,16,100344.0,77379.0,89826.0,85882.6,15649788.040000003,84620.0,87451.5,88594.0,0.2
2417,9,139,11,98616.0,60331.0,98616.0,75644.2,149423876.76000002,66714.25,74130.5,75402.75,0.4
2418,9,138,11,54366.0,33890.0,54366.0,40693.3,37862021.81000001,37265.25,38755.0,40201.5,0.5
2418,14,194,16,54366.0,33890.0,39676.0,37967.5,2965899.65,37265.25,38728.0,39015.0,0.5
2419,9,137,11,53713.0,32507.0,53713.0,44212.1,32549123.889999997,41603.75,45346.0,47825.25,0.1
2419,14,197,16,53713.0,32507.0,43981.0,37195.6,14669462.040000001,34113.75,35826.5,40525.25,0.6
2420,9,142,11,93130.0,66962.0,95836.0,84994.5,102340850.25,82637.25,86155.0,93130.0,0.2
2421,9,142,11,89275.0,75830.0,95202.0,90453.8,33252842.96,89275.0,92932.5,94554.5,0.1
2421,14,205,16,89275.0,65688.0,91750.0,81239.8,72012319.55999999,77453.0,82706.0,88280.75,0.6
2422,9,138,11,77832.0,62626.0,79958.0,75741.9,21178341.09,75619.75,76769.5,77832.0,0.2
2423,9,131,11,71288.0,52156.0,71288.0,61775.6,27201253.04,58628.75,61881.0,64463.75,0.2
2424,9,137,11,72388.0,49664.0,72388.0,63678.8,59775653.160000004,59350.25,67345.5,69269.5,0.9
2425,9,147,11,71140.0,51901.0,71140.0,65262.3,30879446.81000001,63010.75,65238.5,70186.25,0.1
2425,14,212,16,71140.0,51901.0,64384.0,59041.8,17364043.559999995,55902.25,59609.0,62732.25,0.3
2426,9,126,11,51410.0,33439.0,51410.0,45272.6,39346291.44000001,45117.75,47008.0,49793.75,0.9
2427,9,140,11,91482.0,46414.0,91482.0,67887.2,189774813.76,56629.0,66529.5,79630.0,0.5
2427,14,197,16,91482.0,42213.0,62829.0,56373.2,42725774.96,55205.0,59212.0,60345.25,0.9
2428,9,138,11,58338.0,45443.0,58338.0,51666.4,14638612.440000001,49605.75,51058.0,52789.0,0.6
2428,14,206,16,58338.0,45443.0,54828.0,50394.4,6392462.04,48901.5,50740.5,51540.5,0.7
2429,9,140,11,95405.0,35070.0,95405.0,52710.6,323358833.24,39999.25,47009.0,61994.75,0.7
2430,9,133,11,96826.0,58041.0,96826.0,70559.3,130366886.21,63251.5,67243.5,71130.0,0.5
2431,9,136,11,71021.0,50521.0,71021.0,61208.3,35479557.61,59211.75,60021.0,63240.75,0.7
2432,9,142,11,77954.0,50843.0,77954.0,61790.5,70327592.45,57726.0,59749.5,61546.75,0.5
2434,9,140,11,58840.0,39551.0,58840.0,45861.9,30901401.29,41676.5,44841.0,48729.0,0.6
2436,9,145,11,94562.0,46876.0,94562.0,56853.0,194836007.2,48167.5,52235.0,55671.25,0.5
2436,14,203,16,94562.0,45072.0,51562.0,48659.2,4599451.5600000005,46933.75,48318.0,50865.5,0.8
2437,9,129,11,52543.0,48892.0,64666.0,54580.7,25288772.609999996,50900.5,53011.0,56650.25,0.3
2437,14,197,16,52543.0,40284.0,52543.0,48393.1,15847336.290000001,46788.25,49644.5,51236.5,0.8
2438,9,141,11,48321.0,25980.0,48321.0,37299.0,34781709.4,33472.0,37667.5,40205.0,0.8
2439,9,147,11,60303.0,42960.0,60303.0,51586.3,27308499.21,48615.5,51613.0,53522.5,0.3
2439,14,213,16,60303.0,34821.0,50628.0,45911.5,21474227.05,43514.75,46801.5,49785.75,0.6
2440,9,134,11,62587.0,54662.0,71816.0,63078.7,20043984.41,61795.0,62762.0,63857.75,0.5
2441,9,136,11,54677.0,37585.0,54677.0,48022.2,26179337.559999995,45598.75,47219.0,52890.0,0.2
2441,14,208,16,54677.0,37585.0,48894.0,45534.0,9521618.0,44340.5,46409.5,47508.75,0.3
2441,19,266,21,54677.0,33816.0,46021.0,41633.0,13405425.2,39634.5,42835.5,44036.25,0.8
2442,9,142,11,61380.0,61380.0,75143.0,68813.4,20276382.84,65838.25,70345.5,71451.75,0.1
2442,14,203,16,61380.0,46107.0,70142.0,62502.3,43963697.21,61380.0,62793.5,67395.0,0.5
2443,9,139,11,91822.0,73415.0,91822.0,83152.0,35218739.6,78518.5,82944.0,87055.75,0.1
2443,14,203,16,91822.0,50155.0,81526.0,71826.8,89915119.96000001,71699.75,74974.0,77948.25,0.5
2444,9,136,11,65131.0,49578.0,65131.0,61631.8,19891104.559999995,61312.75,63435.0,64332.25,0.4
2445,9,133,11,66253.0,51871.0,66980.0,62245.4,20077826.839999996,61397.5,63373.0,65649.25,0.5
2446,9,138,11,64967.0,35244.0,64967.0,47693.3,81163509.41,42992.5,46626.0,47660.75,0.6
2446,14,210,16,64967.0,35244.0,46763.0,42652.7,16760578.01,38904.5,43704.0,46639.5,0.8
2447,9,105,11,51505.0,51505.0,64925.0,56894.0,23423153.0,52353.25,56644.5,59535.25,0.7
2448,9,113,11,68388.0,50991.0,68388.0,61554.4,18427761.84,60524.75,61855.0,63751.5,0.1
2448,14,155,16,68388.0,38713.0,61751.0,52721.9,53449358.49,47743.25,51098.5,59980.0,0.6
2449,9,146,11,83032.0,64306.0,83259.0,76577.3,38122950.41,71835.5,78608.0,82341.0,0.5
2451,9,142,11,133120.0,122906.0,150940.0,138870.1,54995326.69000001,134060.25,140647.0,143258.75,0.0
2451,14,214,16,133120.0,101936.0,139333.0,127004.7,170729044.60999998,123956.75,133120.0,136062.75,0.2
2451,19,274,21,133120.0,101936.0,133120.0,117544.6,83159348.04,115276.5,117149.5,122551.5,0.2
2452,9,141,11,69380.0,47167.0,69380.0,58028.4,41271947.84,52884.0,58457.0,62798.75,0.2
2452,14,211,16,69380.0,39699.0,57422.0,49899.2,22153309.16,47304.75,51182.5,52252.25,0.7
2453,9,135,11,57969.0,45110.0,63746.0,57570.6,28374027.840000004,57220.25,57969.0,61402.0,0.4
2454,9,137,11,66032.0,39782.0,66032.0,49841.1,78684936.69,42632.25,48883.0,51332.25,0.4
2454,14,202,16,66032.0,37618.0,48804.0,43623.7,12275434.809999999,41006.0,43599.5,46700.75,0.6
2455,9,133,11,55936.0,36862.0,55936.0,47029.6,25649810.24,46282.75,47484.5,49130.25,0.7
2456,9,138,11,52770.0,49188.0,60084.0,56278.5,12311027.65,53329.75,57589.0,59117.75,0.8
2457,9,141,11,68478.0,57629.0,71581.0,66769.3,13693552.01,65285.5,68475.0,68803.5,0.1
2458,9,142,11,58426.0,51085.0,58426.0,55839.0,5576681.6,54436.25,56539.5,57877.0,0.6
2459,9,134,11,96378.0,66830.0,96378.0,75767.5,82565196.85,70368.25,72561.5,75828.75,0.0
2459,14,197,16,96378.0,57717.0,73414.0,67170.8,20872456.76,64597.0,67512.0,71190.75,0.1
2459,19,269,21,96378.0,57717.0,67925.0,64348.1,9728961.690000001,63187.5,64776.5,66665.0,0.2
2460,9,141,11,43575.0,31143.0,44824.0,38237.4,17598356.44,35835.0,37390.0,42101.0,0.7
2461,9,143,11,43711.0,40977.0,47489.0,45148.7,4651268.81,43711.0,46154.0,46877.5,0.3
2461,14,208,16,43711.0,38052.0,45752.0,41802.7,5442066.41,40351.5,42312.5,43480.75,0.8
2462,9,128,11,116763.0,62117.0,116763.0,87750.0,206112326.8,81151.5,82857.5,97218.25,0.6
2463,9,142,11,80067.0,64623.0,80067.0,70898.6,21700208.84,68685.5,70307.5,72063.5,0.4
2464,9,137,11,78086.0,56191.0,78086.0,71073.5,46354235.05,67491.0,74012.5,75007.0,0.8
2465,9,131,11,124190.0,68991.0,124190.0,92948.5,232840180.05,82011.5,91171.0,101863.0,0.3
2465,14,197,16,124190.0,68991.0,92438.0,82896.6,35630231.64,80910.75,83422.0,86637.5,0.4
2466,9,141,11,49598.0,30988.0,49598.0,36979.0,30949632.6,33588.25,34122.0,39996.0,0.7
2467,9,112,11,42346.0,38206.0,47145.0,43733.7,6409125.610000001,42346.0,43576.0,45770.75,0.5
2468,9,130,11,92775.0,69799.0,101771.0,88856.6,95037887.44,85544.25,91966.0,93737.25,0.2
2468,14,197,16,92775.0,69799.0,91157.0,79388.8,44070313.36,73799.25,78783.0,84528.75,0.4
2469,9,133,11,76552.0,70546.0,86994.0,81111.1,28705070.29,76600.75,82895.5,86021.75,0.3
2470,9,138,11,127745.0,93451.0,127745.0,110128.6,119077877.84,102455.0,108610.0,116847.25,0.0
2470,14,210,16,127745.0,82566.0,107905.0,94493.0,63474632.6,89179.5,91541.5,101530.0,0.5
2470,19,283,21,127745.0,68179.0,89632.0,85019.1,35773813.089999996,85126.0,86678.0,88645.75,1.0
2471,9,115,11,104577.0,84686.0,104577.0,92091.2,39377004.36,87127.25,91974.5,93885.5,0.5
2472,9,133,11,78816.0,59506.0,78816.0,64446.3,28929191.21,60884.25,63810.0,65508.75,0.2
2472,14,196,16,78816.0,52616.0,64426.0,60971.2,10457233.16,59860.0,61437.5,62917.75,0.3
2473,9,138,11,72079.0,59558.0,72079.0,69265.3,13328713.01,68345.75,70640.5,71734.5,0.1
2473,14,194,16,72079.0,52395.0,69953.0,63320.7,31723220.409999996,59508.5,64747.5,67719.0,0.5
2474,9,140,11,100379.0,56057.0,100379.0,75362.3,249052053.81,65097.75,66162.5,90549.0,0.2
2474,14,203,16,100379.0,56057.0,66560.0,62102.0,13830882.0,58963.75,63370.0,65441.25,0.3
2474,19,271,21,100379.0,56057.0,63640.0,59588.2,6149277.76,57520.0,59277.5,61196.5,0.5
2475,9,144,11,105803.0,81920.0,105803.0,91944.2,56303984.36,87163.0,89787.5,93152.25,0.0
2475,14,205,16,105803.0,74629.0,89414.0,83239.4,22035771.84,81362.75,83727.0,86779.75,0.3
2475,19,271,21,105803.0,73374.0,85071.0,79217.8,16361677.16,76113.5,78992.0,82267.25,0.6
2476,9,145,11,100274.0,80225.0,100274.0,88706.5,35225838.85,85222.0,86523.0,93395.75,0.0
2476,14,213,16,100274.0,74323.0,85918.0,81735.7,12457587.209999999,80686.5,82159.5,84399.25,0.0
2476,19,285,21,100274.0,74323.0,83589.0,80460.4,7262353.239999999,79630.25,81529.5,82178.25,0.0
2477,9,144,11,56637.0,42597.0,56637.0,48905.8,22907279.76,45493.25,47634.5,52032.0,0.3
2477,14,207,16,56637.0,41542.0,46804.0,44519.0,2543710.2,43582.25,44827.5,45193.25,0.8
2478,9,142,11,61323.0,40041.0,61323.0,49326.7,49500712.61,44399.25,46169.5,55598.5,0.6
2478,14,210,16,61323.0,40041.0,47034.0,44661.5,4521678.45,44134.25,45273.0,46230.75,0.8
2479,9,141,11,52048.0,34610.0,52048.0,40827.2,21134439.560000002,37375.75,41328.5,42136.0,0.4
2481,9,125,11,68553.0,64886.0,75321.0,71290.5,9773553.05,68841.75,71937.5,73989.25,0.3
2481,14,195,16,68553.0,59811.0,72118.0,67203.0,16429501.0,63894.5,68553.0,70485.0,0.7
2482,9,120,11,33936.0,31773.0,38385.0,35436.9,4851480.09,33936.0,34932.0,37544.75,0.5
2483,9,124,11,44205.0,33385.0,44606.0,40820.4,15789456.840000004,38911.75,42062.5,44209.5,0.5
2484,9,127,11,93634.0,64792.0,93634.0,80578.4,76687390.24,76699.0,83167.5,85310.0,0.6
2485,9,132,11,88120.0,59562.0,88120.0,75988.8,102514646.96,67790.75,79424.0,84738.5,0.4
2485,14,194,16,88120.0,59562.0,78884.0,70175.9,52975234.89,63240.0,68954.0,78042.5,0.6
2487,9,144,11,103296.0,69351.0,105669.0,90331.7,130231668.41,84022.25,86209.0,102427.75,0.1
2487,14,213,16,103296.0,69351.0,87160.0,82551.4,25010118.439999998,81113.5,84394.5,85706.5,0.2
2488,9,130,11,72229.0,63187.0,74284.0,71500.7,14188886.210000003,72229.0,73334.0,73634.5,0.1
2488,14,199,16,72229.0,63187.0,73219.0,69182.9,10233545.690000001,67165.25,69837.0,72090.25,0.1
2488,19,269,21,72229.0,63187.0,69580.0,66582.0,3860531.2,64894.0,67100.0,67465.5,0.2
2489,9,145,11,79702.0,55515.0,79702.0,70107.6,52492993.44000001,65815.0,70825.5,75063.0,0.3
2490,9,141,11,50502.0,50502.0,84414.0,72941.8,151105168.36,68612.0,76998.0,82692.0,0.2
2491,9,144,11,87353.0,67941.0,87353.0,74607.9,30202028.49,70788.75,73967.5,76363.0,0.4
2492,9,132,11,92841.0,69264.0,92841.0,82918.9,56701599.089999996,79742.0,84040.5,88551.25,0.8
2493,9,144,11,98151.0,70394.0,101333.0,88469.8,117181292.96,80790.0,88671.0,98151.0,0.5
2493,14,199,16,98151.0,70394.0,88621.0,82763.8,31077711.560000002,80790.0,83888.0,87284.75,0.6
2494,9,136,11,141072.0,108555.0,141072.0,125962.2,69476223.56,122730.5,126979.0,127924.75,0.0
2494,14,206,16,141072.0,101630.0,126320.0,114526.8,76173449.56,105256.5,117619.0,121031.25,0.1
2495,9,139,11,90580.0,67989.0,90580.0,84833.1,40536176.29,85449.75,86363.0,88481.75,0.2
2495,14,204,16,90580.0,67989.0,88376.0,82251.3,35275513.010000005,79887.5,85391.5,85718.25,0.5
2496,9,149,11,87844.0,58499.0,87844.0,70102.7,64775448.010000005,64226.25,69800.0,73626.5,0.4
2497,9,141,11,72637.0,56793.0,72637.0,65433.3,20364332.21,62687.75,65570.0,66747.25,0.6
2498,9,141,11,64739.0,64739.0,78058.0,70375.9,22985295.49,66401.0,69022.0,74633.5,0.4
2499,9,135,11,87781.0,59874.0,90217.0,82368.8,91193057.56000002,78572.0,87781.0,88645.25,0.3
2499,14,201,16,87781.0,59874.0,87781.0,77376.0,63493566.4,72614.5,77996.5,84038.0,0.6
2500,9,130,11,121016.0,65026.0,121016.0,89214.5,437526229.65,68060.75,88390.0,106013.0,0.2
2500,14,194,16,121016.0,64812.0,84844.0,69106.9,31533303.089999996,65585.5,67293.5,69399.75,0.3
2501,9,142,11,113715.0,81900.0,115867.0,97799.4,163635834.24000004,86491.5,96204.0,111310.75,0.0
2501,14,203,16,113715.0,69880.0,92408.0,80310.5,49743729.05,74093.75,81937.5,85010.0,0.4
2502,9,136,11,70557.0,65422.0,79209.0,72479.4,26606587.24,67879.5,71863.0,77761.75,0.3
2502,14,208,16,70557.0,65422.0,73169.0,69257.0,6281087.2,67486.5,69458.0,70557.0,0.3
2503,9,137,11,75896.0,65326.0,77238.0,71110.2,21241260.36,66591.5,70809.5,75807.0,0.0
2503,14,206,16,75896.0,51787.0,68763.0,64355.1,22353531.09,63562.25,65328.5,67664.5,0.4
2504,9,142,11,114221.0,63128.0,114221.0,83108.2,188036628.76,73666.75,85208.0,88683.75,0.3
2504,14,210,16,114221.0,63128.0,84974.0,70692.6,43386649.239999995,65753.25,69617.5,72857.25,0.7
2505,9,138,11,43275.0,41412.0,49663.0,45143.6,6768014.44,43275.0,44809.0,47068.75,0.9
2507,9,131,11,56629.0,52062.0,64224.0,56447.2,12581948.36,53677.5,56129.5,57721.0,0.4
2508,9,145,11,75497.0,43957.0,75497.0,61857.6,137065903.84,49448.75,64777.0,72645.75,0.3
2508,14,211,16,75497.0,43957.0,64089.0,53846.1,42718946.89,47261.0,55449.5,59303.75,0.5
2509,9,140,11,65266.0,57688.0,65266.0,62515.2,7378304.159999999,60375.75,63805.0,64764.5,0.0
2509,14,207,16,65266.0,48504.0,63146.0,56913.9,21651516.49,53335.75,58299.5,60200.75,0.3
2509,19,268,21,65266.0,48504.0,57688.0,51975.9,8966222.69,50184.0,50992.5,51895.25,0.8
2510,9,147,11,91089.0,53840.0,91089.0,73196.8,78437954.76,69870.5,73272.5,75985.0,0.6
2511,9,143,11,123364.0,64611.0,123364.0,89086.5,351251661.85,76640.75,81206.0,102098.5,0.4
2511,14,208,16,123364.0,64611.0,79966.0,75376.1,26017462.490000002,74667.5,77463.0,78662.5,0.7
2512,9,133,11,69754.0,45075.0,74393.0,65624.2,58701213.760000005,63848.0,67253.5,69754.0,0.1
2512,14,196,16,69754.0,45075.0,67808.0,60725.0,54431928.8,61375.5,63055.0,65672.75,0.3
2513,9,138,11,60259.0,56120.0,62024.0,59492.8,3732655.3600000003,58467.0,60132.0,60595.0,0.9
2514,9,145,11,108102.0,88401.0,108102.0,98401.6,49377282.24,92637.5,97800.5,105621.5,0.0
2514,14,208,16,108102.0,82232.0,97932.0,92824.7,20158083.009999998,91251.5,94191.0,95322.75,0.0
2514,19,278,21,108102.0,30198.0,93886.0,65118.9,623603571.89,41771.75,65108.5,90347.25,0.5
2514,24,326,26,108102.0,30198.0,50851.0,44914.4,39454566.64,41649.75,47429.5,49459.25,0.6
2515,9,144,11,87259.0,66740.0,87259.0,77497.3,43363047.61,73265.0,76683.0,83102.5,0.0
2515,14,217,16,87259.0,60027.0,75558.0,67597.0,28372119.6,64449.5,66464.5,71719.0,0.3
2516,9,143,11,70864.0,56237.0,74578.0,68050.4,40043133.839999996,63584.25,70864.0,72287.75,0.3
2516,14,208,16,70864.0,56237.0,70864.0,63972.5,30387057.85,58758.25,63247.5,69868.0,0.5
2517,9,147,11,99915.0,62620.0,99915.0,88490.0,169278948.0,79485.25,96069.5,96860.5,0.1
2517,14,211,16,99915.0,41277.0,96042.0,66687.2,308613968.96000004,53000.25,66489.0,73882.25,0.5
2517,19,281,21,99915.0,41277.0,65584.0,56772.2,53294619.95999999,53000.25,58696.0,61983.0,0.8
2518,9,135,11,65437.0,39778.0,65437.0,51553.2,59757035.56,48512.25,50808.0,53156.75,0.2
2518,14,186,16,65437.0,32709.0,50797.0,42231.3,30885952.009999998,39632.5,41217.0,47037.75,0.7
2519,9,133,11,66789.0,42813.0,66789.0,51665.4,37074460.440000005,48926.25,50686.0,51699.5,0.7
2520,9,139,11,81498.0,46346.0,81498.0,60715.8,74854485.96,58087.5,60970.5,62366.5,0.5
2522,9,139,11,92969.0,46461.0,92969.0,63401.1,160816390.89,55216.25,60293.0,70224.25,0.3
2522,14,210,16,92969.0,46461.0,62097.0,56799.3,21445650.81,54980.5,57604.0,60665.5,0.3
2522,19,274,21,92969.0,46461.0,57681.0,54290.2,11036937.76,52685.75,54695.5,57072.25,0.5
2523,9,128,11,78718.0,61096.0,78718.0,69666.1,27207418.690000005,67091.5,68970.0,70351.5,0.4
2524,9,140,11,75515.0,68481.0,81105.0,76282.9,14740836.09,75515.0,77356.5,78903.0,0.1
2524,14,209,16,75515.0,60884.0,76420.0,71348.1,18314964.490000002,70237.5,71733.5,74795.5,0.3
2526,9,130,11,55881.0,26571.0,55881.0,41820.3,133447073.00999999,30282.5,42270.5,53359.5,0.5
2526,14,194,16,55881.0,26571.0,47737.0,35910.0,44690896.4,30242.0,36143.0,37980.25,0.9
2527,9,121,11,124872.0,62815.0,124872.0,89652.6,319064261.84000003,81503.0,83029.0,91558.0,0.1
2527,14,188,16,124872.0,62815.0,85472.0,79842.0,39200450.0,78598.5,81682.0,83065.0,0.3
2528,9,124,11,99992.0,52734.0,99992.0,76977.6,148610128.04000002,70421.75,76582.5,84295.5,0.1
2528,14,195,16,99992.0,45467.0,72048.0,62681.7,67123627.81,59533.0,62993.0,69715.25,0.6
2528,19,262,21,99992.0,45467.0,66529.0,60506.4,39619381.04,59533.0,62993.0,64183.0,0.9
2529,9,143,11,43017.0,43017.0,49960.0,46995.8,7229673.76,44098.75,48201.5,49200.75,0.2
2531,9,137,11,61417.0,46438.0,61417.0,53500.9,28268688.689999998,49849.0,52046.0,58167.25,0.6
2532,9,127,11,88814.0,48556.0,88814.0,59110.8,111101431.75999999,54480.0,56844.0,59227.25,0.6
2533,9,93,11,62754.0,47884.0,62754.0,57853.8,24041487.96,55996.0,59574.0,61506.75,0.3
2533,14,146,16,62754.0,42493.0,59289.0,52846.8,21770149.36,50864.75,53644.5,55981.0,0.7
2534,9,140,11,47080.0,30056.0,47080.0,37635.1,29172375.490000002,33006.5,37390.5,41696.75,0.5
2534,14,193,16,47080.0,30056.0,38987.0,35088.0,8838531.6,33006.5,34799.5,37922.75,0.8
2535,9,141,11,55513.0,30875.0,55513.0,45747.2,59923007.56,42075.5,45413.5,52707.0,0.1
2535,14,197,16,55513.0,30576.0,44108.0,35726.8,24817862.96,31522.75,33404.5,40468.25,0.3
2535,19,260,21,55513.0,27007.0,33585.0,31043.7,3846288.0100000002,30650.75,31108.5,32590.75,0.7
2536,9,143,11,67378.0,53646.0,67378.0,59655.2,16662698.36,56708.0,60179.5,61328.75,0.4
2538,9,126,11,111411.0,55949.0,111411.0,78091.2,405468854.15999997,61577.5,70611.0,91585.25,0.4
2538,14,187,16,111411.0,55249.0,68168.0,60718.9,14475941.49,57831.0,61080.5,63086.5,0.7
2539,9,117,11,106227.0,56709.0,106227.0,69105.3,204829884.81,61156.25,62794.5,72141.5,0.5
2539,14,168,16,106227.0,53444.0,62556.0,58926.6,10775395.440000001,56077.5,59939.0,61898.0,1.0
2540,9,143,11,45806.0,27265.0,45806.0,34177.2,23777340.76,31549.75,33684.0,35673.0,0.6
2541,9,132,11,38229.0,30208.0,38229.0,33871.7,4903624.21,33313.5,34234.5,34473.75,0.5
2542,9,135,11,59587.0,44034.0,59587.0,50093.3,22438934.81,47258.75,49508.0,50724.25,0.0
2542,14,198,16,59587.0,40420.0,49362.0,45543.4,6880849.639999999,44233.75,45559.0,47624.25,0.2
2543,9,135,11,113006.0,79301.0,113006.0,94179.2,107388747.16,90714.0,91656.0,93957.5,0.1
2543,14,195,16,113006.0,79301.0,93092.0,88918.2,16994259.160000004,88006.5,90820.0,91785.25,0.1
2543,19,260,21,113006.0,79301.0,91032.0,87126.4,12007878.24,84987.0,88233.0,89121.0,0.1
2543,24,318,26,113006.0,79301.0,88020.0,84914.0,7296012.4,83532.25,85121.0,87255.75,0.3
2544,9,139,11,130382.0,74386.0,130382.0,93949.5,278836604.25,82979.75,88065.0,96986.25,0.1
2544,14,197,16,130382.0,71131.0,90419.0,81430.4,33591086.04000001,77534.75,82083.0,85085.0,0.4
2545,9,143,11,99094.0,73784.0,99094.0,86682.1,102339270.49000001,76180.75,85908.5,97877.0,0.0
2545,14,215,16,99094.0,61459.0,85706.0,71191.5,57278098.25,65122.25,70272.0,74470.5,0.2
2545,19,278,21,99094.0,61459.0,69172.0,66407.0,5636198.0,65122.25,66957.5,68107.25,0.2
2547,9,130,11,122740.0,50478.0,122740.0,79707.5,444557386.45,63696.75,75088.5,93714.75,0.5
2547,14,196,16,122740.0,46089.0,78300.0,62879.4,120848356.04,53598.0,60690.5,71792.25,0.8
2548,9,139,11,75881.0,51843.0,75881.0,67474.0,44048903.0,64093.0,68577.0,71223.5,0.6
2549,9,135,11,88584.0,59018.0,88584.0,78080.9,77295737.89,72911.0,79117.5,84293.5,0.1
2549,14,202,16,88584.0,58470.0,77279.0,67453.5,42620397.65,61362.5,68783.0,71165.25,0.4
2550,9,136,11,84625.0,78514.0,84625.0,82489.5,3994670.65,81196.75,83010.0,84240.0,0.1
2551,9,127,11,90738.0,59392.0,90738.0,71396.0,98306718.8,64994.25,67890.0,77956.0,0.6
2552,9,133,11,87192.0,50782.0,87192.0,71608.9,112966246.09,64048.5,74572.5,76647.5,0.3
2552,14,189,16,87192.0,50782.0,73677.0,64163.9,48555805.69000001,60772.75,65285.0,69642.0,0.5
2553,9,125,11,73766.0,60012.0,73766.0,65162.5,13300503.45,63988.0,64402.0,65027.25,0.7
2554,9,143,11,124790.0,54906.0,124790.0,82644.0,368204418.2,71550.0,77219.5,89462.0,0.2
2554,14,208,16,124790.0,54906.0,76422.0,66340.2,41988342.160000004,62393.0,66830.5,70662.25,0.7
2555,9,115,11,101843.0,82508.0,101843.0,92501.8,42560025.76,87332.75,94262.0,95345.75,0.3
2555,14,179,16,101843.0,80326.0,93892.0,87382.6,25685657.64,82665.0,87286.5,92591.0,0.5
2556,9,136,11,83070.0,82638.0,101825.0,91170.3,61132920.61,83184.25,90171.0,99186.25,0.5
2557,9,132,11,110514.0,50037.0,110514.0,77182.3,308220680.21,66400.5,71839.5,86586.5,0.6
2558,9,130,11,85142.0,40698.0,85142.0,64220.2,156522466.76,55520.75,65263.5,70235.75,0.6
2559,9,138,11,80619.0,41783.0,80619.0,67611.9,126931480.29,63320.0,67971.0,77652.25,0.3
2559,14,195,16,80619.0,41783.0,67832.0,60921.3,47375751.41,59851.0,62653.0,64722.75,0.7
2560,9,141,11,89924.0,60940.0,89924.0,77486.8,87278081.55999999,72416.25,80022.0,82482.25,0.2
2560,14,208,16,89924.0,60940.0,79266.0,67827.4,35267297.04,62554.5,66586.5,71482.0,0.5
2560,19,270,21,89924.0,30056.0,67573.0,55714.5,162007160.05,52636.75,61828.0,63480.5,0.9
2561,9,138,11,80089.0,67663.0,80089.0,73926.5,9723627.65,72619.0,73827.0,75591.25,0.3
2562,9,124,11,82675.0,75698.0,86637.0,82199.6,8684121.840000002,80615.0,82675.0,83215.25,0.3
2563,9,135,11,38801.0,36169.0,49665.0,45253.2,24514164.959999997,40576.0,47980.5,48910.5,0.4
2564,9,138,11,48282.0,32229.0,54646.0,41167.7,67288883.60999998,33030.0,38827.0,48282.0,0.6
2565,9,147,11,89734.0,42609.0,89734.0,59288.6,217112871.44,46607.0,53901.5,68351.0,0.4
2566,9,143,11,68601.0,50834.0,68601.0,58112.4,18755987.04,56249.75,57224.0,59743.75,0.6
2567,9,140,11,55596.0,54039.0,72566.0,65370.0,52024156.6,57511.75,68945.0,71587.25,0.3
2567,14,204,16,55596.0,54039.0,69695.0,62548.4,33003215.24,56388.0,63767.0,68097.75,0.5
2569,9,125,11,70452.0,44506.0,70452.0,56072.1,55761047.489999995,51877.0,55618.0,61422.25,0.6
2570,9,127,11,101834.0,56494.0,101834.0,69613.3,171772612.60999998,61756.75,65639.5,70379.25,0.5
2570,14,190,16,101834.0,53099.0,67422.0,62181.9,20337527.29,59476.5,63183.0,66078.25,0.7
2571,9,135,11,58422.0,44288.0,58422.0,52296.9,22935070.29,49398.75,52610.5,56564.0,0.7
2572,9,144,11,61293.0,47730.0,61293.0,55185.0,22923302.6,50286.0,56516.0,59024.5,0.4
2573,9,134,11,67295.0,54546.0,67295.0,63128.8,14603952.159999996,60787.0,63417.0,66504.25,0.0
2573,14,202,16,67295.0,54546.0,63675.0,60880.8,7292251.960000001,59715.5,61168.0,63225.75,0.0
2573,19,271,21,67295.0,48734.0,60406.0,57096.0,11960477.6,55297.5,58258.0,59776.5,0.1
2574,9,146,11,65176.0,52556.0,65176.0,58033.4,13837286.040000001,56460.75,57440.0,60516.5,0.0
2574,14,208,16,65176.0,50072.0,58649.0,54737.5,7775110.45,52657.25,55219.0,57198.75,0.2
2574,19,268,21,65176.0,48038.0,55803.0,52317.0,6079165.4,50387.0,52758.5,54463.75,0.4
2575,9,143,11,55828.0,48233.0,55828.0,53780.6,4716030.84,53052.75,54433.5,55296.5,0.1
2576,9,138,11,65658.0,43449.0,65658.0,53217.0,53078131.8,48950.0,50602.5,57413.75,0.2
2576,14,200,16,65658.0,40468.0,51587.0,48019.5,11817721.05,47072.5,49048.0,50790.25,0.4
2577,9,140,11,64704.0,36575.0,64704.0,49168.1,59129404.89,43541.25,49871.0,53555.5,0.4
2578,9,136,11,91522.0,58984.0,91522.0,70239.6,68334749.24,65940.25,70313.5,70912.5,0.8
2579,9,144,11,71040.0,64266.0,84487.0,72840.0,36073050.0,69895.5,71327.5,73393.75,0.1
2580,9,133,11,57215.0,32897.0,57215.0,44506.5,42091193.85,41159.75,45948.0,47245.0,0.7
2582,9,142,11,55553.0,33061.0,55553.0,49582.1,57227633.09000001,49342.75,53712.0,54415.0,0.4
2582,14,206,16,55553.0,33061.0,54031.0,47975.9,44270976.489999995,49342.75,50429.5,51262.5,0.7
2584,9,151,11,98612.0,68303.0,98612.0,83434.9,93741587.29,76393.5,84555.5,91274.0,0.2
2584,14,219,16,98612.0,68303.0,84516.0,73496.1,26422470.689999998,69390.25,72330.5,74470.5,0.3
2585,9,134,11,138211.0,77690.0,138211.0,108161.2,448570575.96000004,88926.25,118737.0,121668.75,0.2
2585,14,187,16,138211.0,63394.0,116999.0,83082.3,177223694.21,76823.0,79549.0,87509.0,0.6
2586,9,108,11,55849.0,52919.0,59794.0,56750.5,5717653.25,54770.5,56381.5,59118.5,0.3
2586,14,171,16,55849.0,50073.0,55849.0,53324.8,3104200.159999999,52199.75,53425.0,54320.75,0.8
2588,9,115,11,59116.0,52316.0,60926.0,59146.7,5891647.01,59042.5,59753.0,60689.0,0.2
2589,9,124,11,39376.0,26300.0,39376.0,32758.2,18826233.160000004,29708.5,32398.5,35968.75,0.6
2590,9,134,11,43503.0,24319.0,43503.0,31397.9,24685664.889999997,28395.25,31024.5,32703.5,0.3
2590,14,193,16,43503.0,21645.0,31678.0,27377.3,11068705.01,24599.5,27226.0,30481.0,0.6
2591,9,138,11,57510.0,46358.0,70200.0,55129.5,39477901.05,51332.0,55221.0,57510.0,0.4
2592,9,132,11,64260.0,51012.0,64260.0,60072.0,18153819.6,58926.5,61586.5,63206.75,0.2
2593,9,125,11,102654.0,57123.0,102654.0,67511.1,199302902.49,58594.25,60725.0,67052.75,0.5
2593,14,191,16,102654.0,55778.0,60847.0,58626.9,3218086.8899999997,57136.25,58426.5,60468.5,0.8
2594,9,138,11,82059.0,73979.0,82982.0,79179.2,9933946.16,77333.0,79133.0,82059.0,0.2
2596,9,143,11,114688.0,50239.0,114688.0,68757.8,323839673.15999997,60289.0,62762.0,65625.25,0.2
2597,9,125,11,52692.0,42232.0,52692.0,46710.7,9249936.809999999,44163.5,46559.0,48713.0,0.8
2598,9,148,11,87736.0,52887.0,87736.0,62777.7,136075154.20999998,55006.0,57294.0,65007.75,0.2
2598,14,206,16,87736.0,46546.0,57569.0,54723.0,10103123.4,53782.25,55129.0,57355.5,0.4
2599,9,140,11,53705.0,45649.0,53705.0,50042.2,6938640.5600000005,47759.25,50720.5,51320.25,0.4
2600,9,138,11,115703.0,53327.0,115703.0,77277.6,426899771.24,65891.5,68486.5,92845.25,0.6
2601,9,126,11,95749.0,61084.0,95749.0,79771.4,86343747.84,75933.75,82365.0,83123.25,0.2
2602,9,139,11,84184.0,48612.0,84184.0,65337.2,130089228.96,58446.5,61263.5,75298.5,0.5
2603,9,136,11,94990.0,45299.0,94990.0,64182.8,243322444.35999998,52443.75,57477.0,75343.75,0.6
2604,9,139,11,59426.0,29889.0,59426.0,48696.3,98382035.61,40192.5,53526.0,56109.75,0.8
2605,9,149,11,77462.0,62220.0,77462.0,72349.3,21862851.01,69112.75,73435.5,76408.25,0.2
2605,14,211,16,77462.0,56291.0,72347.0,66728.7,19342453.610000003,65246.25,68122.0,69292.25,0.6
2606,9,141,11,97022.0,59416.0,97022.0,77957.9,123938397.69000001,70263.0,76189.5,87643.5,0.5
2606,14,201,16,97022.0,59416.0,76928.0,71009.7,20643580.21,70263.0,72524.5,73327.5,0.6
2607,9,137,11,84766.0,55730.0,84766.0,75957.5,81042689.25,73599.75,78251.5,82516.75,0.3
2607,14,196,16,84766.0,53582.0,79068.0,67756.1,73835243.69,62652.5,68609.5,75469.0,0.7
2608,9,135,11,97775.0,65630.0,97775.0,74103.1,82677545.09,67894.75,70298.5,76442.5,0.4
2609,9,136,11,50405.0,38109.0,50405.0,41925.2,14054755.959999999,38777.0,40931.5,44287.5,0.5
2609,14,193,16,50405.0,36173.0,41269.0,38991.7,2013084.0100000005,38141.5,38950.0,39794.75,0.7
2610,9,139,11,41917.0,28806.0,41917.0,33133.0,10111790.4,32436.75,32591.5,33093.0,0.4
2611,9,129,11,57550.0,46949.0,58013.0,54698.5,10212836.65,53286.75,54942.0,57514.25,0.3
2612,9,143,11,54129.0,41813.0,54129.0,49432.5,14922873.45,47146.0,49460.0,52894.75,0.6
2613,9,142,11,68125.0,50985.0,68125.0,60149.3,23091871.01,59160.0,61272.0,62676.0,0.2
2613,14,194,16,68125.0,48437.0,60701.0,54369.4,17556720.44,51377.0,53846.5,57845.5,0.5
2615,9,146,11,80461.0,51670.0,80461.0,70564.1,69860764.89000002,68101.0,71926.0,76617.75,0.2
2616,9,130,11,71634.0,68443.0,77018.0,73599.8,6516911.56,71931.25,73322.0,75470.75,0.1
2617,9,145,11,114644.0,71008.0,114644.0,88641.3,200906031.61,78717.75,84630.0,101260.0,0.0
2617,14,213,16,114644.0,64757.0,83223.0,73453.7,28487524.01,71192.75,72806.5,77516.75,0.0
2617,19,283,21,114644.0,54907.0,72363.0,63200.1,43080286.08999999,57040.25,62091.5,69907.5,0.5
2618,9,137,11,115451.0,88275.0,115451.0,96687.6,76604412.84,91965.5,93657.0,95453.25,0.0
2618,14,207,16,115451.0,69719.0,93873.0,86629.1,62475148.89,84636.75,89103.5,92848.5,0.2
2618,19,273,21,115451.0,69719.0,88808.0,82204.5,30526177.85,82973.25,83419.5,83976.25,0.2
2619,9,127,11,79416.0,74597.0,87984.0,82459.8,20779667.360000003,79416.0,82696.0,86839.25,0.1
2620,9,133,11,55282.0,51622.0,61322.0,56681.6,9260921.040000001,55282.0,55498.5,59344.25,0.2
2621,9,136,11,50042.0,38840.0,51191.0,45750.2,17508896.36,43030.0,45818.5,49692.5,0.8
2622,9,136,11,73772.0,43025.0,73772.0,53858.3,64818687.010000005,48825.0,53080.5,54907.0,0.4
2623,9,139,11,67829.0,50907.0,67829.0,60378.2,20704350.96,59410.0,60847.0,63253.0,0.2
2623,14,212,16,67829.0,47751.0,60188.0,56414.9,16676813.689999998,54707.25,58124.0,59747.5,0.5
2624,9,141,11,81443.0,55498.0,81443.0,70583.4,36967296.04,70039.5,71012.5,72832.25,0.1
2625,9,139,11,78997.0,54114.0,78997.0,60153.4,46478175.44,56277.5,58638.0,61198.75,0.4
2625,14,193,16,78997.0,49058.0,59091.0,55049.2,10747020.760000002,54167.5,55605.0,57722.0,0.7
2626,9,142,11,71376.0,58659.0,71376.0,66681.2,11909339.559999999,65480.5,67295.0,68331.0,0.6
2627,9,138,11,103273.0,66118.0,103273.0,76348.0,106789650.8,68867.25,73475.0,80180.25,0.4
2627,14,207,16,103273.0,61022.0,74728.0,69503.0,16678967.6,67111.25,69118.5,73464.0,0.6
2628,9,132,11,47860.0,35006.0,47860.0,45706.2,13602359.36,45771.0,46957.5,47778.0,0.6
2630,9,140,11,69311.0,45685.0,69311.0,56335.8,34958056.36,54258.75,55784.0,58378.75,0.1
2630,14,206,16,69311.0,44368.0,55630.0,51021.7,15445138.809999999,48283.5,52071.0,54446.0,0.2
2630,19,266,21,69311.0,44368.0,50638.0,47277.9,3665472.8899999997,45818.75,46887.5,48308.5,0.5
2631,9,142,11,56358.0,40974.0,56358.0,50317.8,22281943.96,48096.75,51154.5,53934.0,0.3
2632,9,143,11,88540.0,56074.0,88540.0,71571.2,153026737.56,60103.5,67820.0,83255.75,0.4
2632,14,210,16,88540.0,56074.0,65830.0,61424.0,10027447.8,58687.0,61675.0,64270.75,0.7
2633,9,134,11,75656.0,47347.0,75656.0,60030.1,59311761.69,56670.0,59256.5,60924.25,0.4
2633,14,195,16,75656.0,44669.0,58102.0,53192.6,26720371.84,48728.5,56025.0,57079.75,0.8
2634,9,137,11,83869.0,62636.0,83869.0,69824.2,43526006.160000004,65474.25,68132.5,69340.5,0.0
2634,14,205,16,83869.0,49293.0,68823.0,63969.9,29573979.090000004,62994.75,64579.0,67948.5,0.2
2635,9,149,11,73834.0,58039.0,80390.0,72004.4,35605910.44,69421.75,72736.5,74676.25,0.1
2635,14,216,16,73834.0,52595.0,71639.0,64523.9,36246190.690000005,59686.25,66390.5,69065.5,0.3
2635,19,273,21,73834.0,52595.0,66378.0,60691.7,15373255.809999999,58287.75,60826.0,63687.0,0.5
2636,9,133,11,82990.0,60398.0,83235.0,77753.2,60120101.15999999,75782.5,82161.0,82990.0,0.2
2636,14,199,16,82990.0,58980.0,81341.0,68823.6,50554293.64,65137.25,66624.0,73169.75,0.7
2637,9,138,11,73358.0,33982.0,73358.0,48514.9,114897683.29,40825.5,48792.0,53690.0,0.6
2638,9,129,11,69802.0,37628.0,69802.0,49897.8,58511554.160000004,46859.25,48897.5,51021.0,0.6
2639,9,143,11,115259.0,63916.0,115259.0,82406.5,251875160.85,70208.0,75636.0,94889.0,0.5
2640,9,149,11,115922.0,57924.0,115922.0,91413.2,463390967.16,73917.5,91964.0,113042.0,0.2
2640,14,217,16,115922.0,57924.0,77908.0,68442.0,32210391.4,65666.5,68092.0,72271.5,0.7
2641,9,130,11,54136.0,33994.0,54136.0,41986.8,27171631.359999996,39352.0,41955.5,43880.75,0.5
2642,9,137,11,49529.0,40551.0,56006.0,49007.0,13249592.4,47944.25,49618.5,49833.75,0.1
2642,14,202,16,49529.0,40551.0,49529.0,46724.0,7623458.2,46985.25,47305.5,48482.25,0.2
2643,9,136,11,61598.0,44301.0,61598.0,53168.4,20892739.04,50541.25,53860.0,55454.0,0.2
2643,14,210,16,61598.0,44301.0,53770.0,50103.5,6755908.45,49381.5,50223.0,51181.75,0.3
2644,9,136,11,63876.0,59150.0,66202.0,63869.8,3673466.3600000003,63876.0,63998.5,65025.5,0.3
2645,9,125,11,99881.0,60625.0,99881.0,78368.2,148936746.56,68669.75,78535.5,87165.0,0.5
2649,9,123,11,67480.0,52294.0,67480.0,60594.0,26724633.8,55971.5,60977.5,64311.0,0.7
2650,9,140,11,66372.0,37931.0,66372.0,50923.2,65903505.56,47869.5,48942.5,54301.75,0.8
2651,9,144,11,59810.0,45981.0,59810.0,54808.2,15440516.559999999,52335.25,55877.0,57279.0,0.7
2652,9,144,11,87617.0,71962.0,87617.0,80608.8,15371772.959999999,79014.5,80398.5,82829.25,0.0
2652,14,210,16,87617.0,67928.0,79532.0,75601.5,13118273.45,73192.5,76186.0,78760.25,0.1
2652,19,277,21,87617.0,63880.0,75534.0,70438.3,14344832.209999999,67947.0,71050.5,73445.75,0.4
2652,24,343,26,87617.0,61682.0,71962.0,67601.5,9098048.65,65901.5,67966.0,70038.5,0.6
2653,9,147,11,80537.0,65535.0,82153.0,75319.8,36143284.95999999,70895.75,78160.0,80453.75,0.3
2653,14,212,16,80537.0,62566.0,77774.0,69085.8,17723519.959999997,65668.5,70074.5,70947.25,0.7
2654,9,142,11,90177.0,48902.0,90177.0,66895.3,111338871.21,62779.0,64188.0,69102.25,0.8
2655,9,135,11,76913.0,54807.0,78078.0,67672.8,62021187.96,61713.5,68627.5,75024.75,0.6
2656,9,142,11,89916.0,56626.0,89916.0,69283.5,137220917.85,59594.5,66264.5,74344.5,0.4
2657,9,130,11,58800.0,44388.0,58800.0,51469.7,13960330.41,49248.0,51750.5,53517.25,0.2
2657,14,197,16,58800.0,44388.0,51849.0,49479.6,3947070.2399999998,49223.0,49414.0,50709.25,0.2
2657,19,263,21,58800.0,38764.0,49287.0,46666.8,10836396.16,45041.25,48120.0,49184.0,0.7
2658,9,124,11,60436.0,42144.0,60436.0,51892.3,23718673.61,50423.25,52142.0,54511.5,0.2
2658,14,193,16,60436.0,42144.0,52453.0,49046.5,10586670.05,46821.0,50384.0,51549.75,0.3
2659,9,139,11,67460.0,45895.0,67460.0,53605.7,43225502.21,49452.25,52241.0,54848.75,0.2
2659,14,197,16,67460.0,37877.0,52194.0,46312.1,15176886.489999998,44612.0,46502.5,49160.5,0.7
2660,9,137,11,53747.0,31307.0,53747.0,40684.3,32896438.01,36924.0,40719.5,42692.25,0.6
2661,9,139,11,61417.0,36668.0,61417.0,49942.5,54701510.45,45301.5,50444.0,53870.75,0.5
2661,14,201,16,61417.0,36668.0,51681.0,45386.7,20154708.61,42389.75,45454.0,48619.5,0.9
2663,9,132,11,91091.0,60272.0,91091.0,69677.8,72003559.36,64408.0,67731.5,69877.0,0.3
2663,14,186,16,91091.0,50123.0,66902.0,60742.8,24153651.56,58925.75,62318.5,63751.5,0.8
2664,9,140,11,62288.0,52672.0,62288.0,55625.9,12868977.89,52920.5,54016.0,56652.5,0.0
2664,14,205,16,62288.0,43790.0,54790.0,50903.4,14563442.440000001,48330.25,52861.5,53190.5,0.3
2665,9,129,11,71706.0,47155.0,71706.0,61983.7,34038324.410000004,60763.75,63207.5,64082.5,0.1
2666,9,120,11,51144.0,33146.0,51144.0,42824.4,27696922.04,39747.5,43713.0,45455.5,0.3
2666,14,182,16,51144.0,33146.0,42995.0,37523.3,11203230.41,34723.0,36583.5,40492.5,0.7
2667,9,129,11,37261.0,37261.0,45925.0,42119.6,8830008.040000001,40189.0,42985.0,43666.5,0.4
2667,14,187,16,37261.0,37242.0,43188.0,40624.1,5812907.6899999995,37817.75,41882.5,42666.0,0.8
2668,9,135,11,58109.0,55180.0,61173.0,57535.1,2784271.29,56118.5,57716.0,58330.25,0.3
2669,9,143,11,77654.0,53647.0,77654.0,63266.4,70481197.03999999,56988.25,60122.0,70762.5,0.6
2670,9,132,11,73533.0,58909.0,75805.0,67011.4,27587728.040000003,63341.5,65333.0,72049.0,0.7
2671,9,141,11,84888.0,64367.0,84888.0,77287.3,34242790.20999999,73435.0,78813.0,81672.25,0.2
2671,14,205,16,84888.0,64367.0,77522.0,73590.8,12313938.76,72922.75,73704.0,75357.0,0.4
2672,9,142,11,81340.0,72760.0,85124.0,79542.8,18204866.76,75974.5,80817.0,82974.25,0.2
2673,9,129,11,82875.0,68320.0,84231.0,77569.8,30083658.96,73939.25,79045.0,82187.5,0.2
2673,14,197,16,82875.0,65851.0,78860.0,72263.6,15825338.440000001,68891.25,72847.0,73962.0,0.4
2674,9,143,11,86289.0,56931.0,86289.0,66492.5,59819436.05,62417.75,66540.5,68041.0,0.6
2675,9,140,11,74634.0,55585.0,74634.0,63826.2,25752336.560000002,60929.5,62670.5,66816.5,0.7
2676,9,131,11,77379.0,60087.0,77379.0,68200.1,21512138.29,65054.5,69457.0,70424.75,0.2
2676,14,200,16,77379.0,60087.0,69986.0,65380.1,8549981.89,63532.5,65292.0,67616.5,0.3
2677,9,142,11,91869.0,64300.0,91869.0,75411.9,49754791.29000001,72097.75,75862.0,77798.25,0.5
2679,9,138,11,82218.0,43623.0,82218.0,59093.2,109370309.76000002,51899.5,57924.0,63857.5,0.4
2679,14,204,16,82218.0,35481.0,58435.0,51791.8,48754533.16000001,49561.75,54167.0,57199.25,0.6
2680,9,141,11,63780.0,58497.0,63845.0,61897.2,3485253.3600000003,61051.0,62272.5,63672.5,0.2
2681,9,138,11,70008.0,56714.0,70008.0,61357.7,12318565.41,58771.0,61521.5,62347.75,0.4
2682,9,139,11,98942.0,73422.0,98942.0,81299.3,82981437.21000001,74399.5,77607.5,85320.25,0.0
2683,9,143,11,100711.0,73312.0,100711.0,89001.0,72790972.0,83818.0,87267.0,97419.0,0.1
2683,14,211,16,100711.0,64527.0,86509.0,77987.5,46971421.45,73783.0,80356.5,82599.25,0.3
2683,19,272,21,100711.0,64527.0,80302.0,73948.3,24506020.009999998,70179.25,74254.0,78512.25,0.5
2685,9,139,11,79357.0,62331.0,80306.0,71109.5,48788840.45,64800.75,69017.5,78929.5,0.3
2685,14,211,16,79357.0,56998.0,68591.0,63476.5,12157655.65,62377.5,64009.0,65402.25,0.5
2686,9,125,11,66493.0,42866.0,66493.0,53138.3,35022611.21,50039.0,52301.5,55665.5,0.2
2686,14,194,16,66493.0,42866.0,52221.0,48440.5,8487655.25,46683.75,49071.0,50307.0,0.6
2687,9,128,11,62546.0,48930.0,62546.0,54292.7,17669153.609999996,51613.5,53380.0,56613.25,0.2
2687,14,187,16,62546.0,44958.0,53491.0,50304.7,5554812.41,49292.5,50164.5,51806.5,0.6
2688,9,143,11,98874.0,61977.0,98874.0,75945.9,161984594.89000002,65243.5,73949.5,80041.5,0.3
2688,14,207,16,98874.0,61977.0,71889.0,67752.0,12357685.2,65040.0,68528.5,70938.0,0.4
2689,9,149,11,54299.0,41286.0,54299.0,49464.1,15636986.889999997,49134.75,50741.5,52013.0,0.7
2690,9,136,11,106914.0,65906.0,106914.0,79702.8,145600185.95999998,69647.75,77515.0,84204.25,0.3
2690,14,200,16,106914.0,60788.0,74375.0,70389.5,18085274.45,68049.0,73149.0,73401.0,0.4
2691,9,140,11,61783.0,45581.0,71164.0,57411.9,56022393.69,51748.25,58419.0,61783.0,0.7
2692,9,137,11,65801.0,36852.0,65801.0,50231.6,51341100.64,46074.5,51029.5,53364.75,0.3
2692,14,208,16,65801.0,36852.0,51617.0,46944.8,17163393.76,45368.5,46851.0,50594.75,0.4
2693,9,125,11,34567.0,25465.0,34567.0,31766.5,9185995.25,29452.75,32867.5,34362.75,0.6
2694,9,95,11,37160.0,25927.0,37160.0,31163.6,15791009.039999997,28095.0,29536.5,35357.5,0.6
2696,9,136,11,59072.0,37446.0,59072.0,43325.2,33377352.96000001,40214.25,41929.0,44534.75,0.6
2697,9,135,11,56196.0,36113.0,56196.0,45511.4,28798837.24,42221.25,44485.0,49310.0,0.8
2698,9,138,11,43781.0,36459.0,44593.0,41058.6,8966432.84,38071.25,42377.0,43521.75,0.4
2699,9,147,11,85171.0,52580.0,85171.0,71438.8,100628602.36000001,67549.5,71186.5,78900.25,0.2
2699,14,216,16,85171.0,42719.0,70995.0,60922.1,63228984.29,58317.25,62937.5,66448.0,0.7
2700,9,147,11,85521.0,45192.0,85521.0,56045.2,154123508.76000002,48279.5,50161.0,57650.5,0.4
2701,9,133,11,109580.0,53948.0,109580.0,75342.4,337917482.24,59930.25,71059.5,82300.25,0.5
2701,14,201,16,109580.0,53948.0,72162.0,64010.2,49730222.36,56612.25,68132.5,69573.5,0.8
2702,9,141,11,131989.0,49606.0,131989.0,104922.4,987893185.8399999,83616.0,124982.5,127542.25,0.2
2702,14,204,16,131989.0,43666.0,122899.0,64644.8,712427335.9600002,48578.5,51244.0,69825.5,0.7
2703,9,138,11,103145.0,63417.0,103145.0,78634.5,154521621.65,69334.5,76045.0,81416.0,0.4
2703,14,202,16,103145.0,57222.0,74578.0,67556.9,20534484.889999997,65903.25,68459.5,69741.5,0.8
2704,9,133,11,55219.0,53672.0,66959.0,59733.8,22431760.96,55247.0,58631.0,64529.5,0.5
2704,14,194,16,55219.0,50623.0,62328.0,57325.0,14108957.4,55219.0,56546.5,61159.0,0.8
2705,9,141,11,125324.0,99590.0,125324.0,113232.8,79270565.16000001,106110.25,116201.0,118679.0,0.0
2705,14,209,16,125324.0,66931.0,115988.0,97806.2,166029716.56,91360.75,100210.5,106717.75,0.1
2705,19,275,21,125324.0,66931.0,99590.0,85148.7,105682121.21000001,77014.75,90047.5,91043.75,0.3
2705,24,331,26,125324.0,66931.0,89865.0,76485.6,38467440.64,71944.75,75923.0,78763.75,0.6
2706,9,114,11,74926.0,51251.0,74926.0,59943.8,42491719.56000001,55404.25,58662.5,61047.0,0.8
2708,9,118,11,81113.0,60686.0,81113.0,71185.0,48765652.4,64671.25,73123.5,77261.25,0.7
2709,9,141,11,136131.0,69437.0,142243.0,102908.1,700966341.49,78500.75,95447.0,131671.5,0.1
2709,14,206,16,136131.0,67302.0,93936.0,75747.0,66362619.2,69018.5,73671.0,80810.25,0.5
2710,9,138,11,87161.0,46817.0,87161.0,65212.7,122918040.41,56446.5,66934.0,71122.0,0.4
2710,14,208,16,87161.0,46817.0,67073.0,58382.1,37340589.29,54025.5,58506.5,62558.25,0.7
2711,9,143,11,69839.0,55254.0,69839.0,58167.4,16448584.64,55997.75,56802.0,58172.25,0.6
2712,9,143,11,73203.0,43907.0,73203.0,62602.4,81500824.64,57039.5,62651.5,71090.75,0.4
2712,14,206,16,73203.0,43907.0,61767.0,54371.1,36020776.29,50133.25,57188.0,58227.0,0.9
2713,9,129,11,69895.0,60501.0,75844.0,68799.9,22169874.090000004,68029.0,69383.0,71832.25,0.2
2714,9,133,11,75561.0,46906.0,75561.0,62478.7,55077054.81,58755.25,62780.0,66979.0,0.5
2715,9,138,11,80449.0,75568.0,81012.0,78695.0,3796374.4,76976.25,78933.0,80449.0,0.0
2716,9,138,11,58602.0,41077.0,61045.0,55456.4,39488108.64,53819.0,58602.0,59843.75,0.6
2717,9,139,11,77346.0,65827.0,83588.0,76004.2,17963093.36,74591.75,76974.0,77346.0,0.4
2718,9,144,11,80293.0,70315.0,86080.0,80688.3,19352873.21,79978.75,81704.0,83686.75,0.2
2718,14,213,16,80293.0,70315.0,83115.0,77733.7,14311341.809999999,76102.5,79351.0,80188.25,0.4
2718,19,263,21,80293.0,70315.0,79560.0,75271.3,8777032.81,72527.75,76157.5,76893.0,0.7
2719,9,140,11,82839.0,67478.0,82839.0,75332.6,24233982.640000004,72429.0,74927.0,78153.0,0.3
2719,14,208,16,82839.0,67478.0,77301.0,72431.2,12012504.76,69054.25,72977.0,75022.0,0.5
2720,9,148,11,74547.0,68104.0,80089.0,76371.7,10781588.41,75074.5,77028.0,78131.75,0.0
2720,14,212,16,74547.0,46500.0,76872.0,64098.4,122113208.84,54115.75,65989.5,74547.0,0.4
2720,19,277,21,74547.0,46500.0,67614.0,59365.7,46059680.41000001,54115.75,62793.5,64700.0,0.6
2721,9,138,11,77742.0,49367.0,79046.0,66151.3,126790125.21,55330.25,65564.5,77742.0,0.3
2721,14,204,16,77742.0,49367.0,61692.0,56936.7,17196312.61,53436.75,57381.5,61135.5,0.4
2722,9,142,11,65141.0,49974.0,69566.0,62056.8,41229859.160000004,59005.0,64400.0,65141.0,0.3
2724,9,125,11,87851.0,58181.0,87851.0,74475.4,63156017.239999995,71658.25,73931.5,77837.5,0.5
2726,9,128,11,135958.0,81881.0,135958.0,107979.7,384302887.60999995,89135.75,106969.5,123177.75,0.0
2726,14,198,16,135958.0,57935.0,102484.0,76940.3,224950615.01,62882.75,76356.0,86492.75,0.5
2726,19,262,21,135958.0,57935.0,75697.0,67647.5,40885566.05,61758.25,69770.5,72227.5,0.7
2727,9,137,11,95333.0,32280.0,95333.0,60697.5,417184856.85,49824.0,53926.0,71637.75,0.6
2728,9,145,11,81949.0,46258.0,81949.0,60691.4,110313876.83999999,52701.25,61045.5,65561.75,0.4
2728,14,210,16,81949.0,46258.0,58408.0,53853.1,14520762.89,52475.5,54865.0,56463.5,0.6
2729,9,136,11,72180.0,56626.0,81345.0,70840.5,74685345.85,65409.75,72180.0,78664.25,0.5
2730,9,137,11,70888.0,55062.0,78247.0,70017.3,47927395.410000004,65834.0,70888.0,75948.0,0.5
2731,9,145,11,78806.0,38823.0,80335.0,69819.0,236075453.0,75418.0,76612.0,78393.25,0.2
2731,14,210,16,78806.0,38823.0,76430.0,58090.7,177759444.01,50473.0,57020.0,71024.75,0.6
2732,9,134,11,86277.0,67709.0,86277.0,74243.9,25746313.690000005,70412.5,73793.0,76710.0,0.4
2733,9,140,11,102692.0,69733.0,102692.0,87116.2,71419372.96000001,85752.0,88575.0,91038.0,0.3
2734,9,137,11,103244.0,77873.0,107869.0,93242.7,110223191.21000001,85109.5,90938.0,103244.0,0.5
2735,9,120,11,119880.0,71416.0,119880.0,83124.5,171853458.05,77007.5,78581.0,82784.5,0.6
2736,9,144,11,93968.0,68592.0,93968.0,79224.3,58029317.410000004,74809.5,76974.5,80113.25,0.4
2736,14,214,16,93968.0,68592.0,78916.0,73984.5,9049012.05,71433.5,74831.0,75387.0,0.6
2737,9,109,11,104754.0,64437.0,104754.0,78247.3,123503200.60999998,72596.75,75760.0,80598.5,0.7
2738,9,115,11,87572.0,60128.0,87572.0,75662.7,48656085.410000004,72665.75,74737.5,79732.5,0.9
2739,9,134,11,57344.0,57344.0,63294.0,60024.4,5000152.24,57900.5,59743.5,62004.25,0.3
2740,9,145,11,54911.0,52623.0,60020.0,57105.7,4734548.209999999,55360.5,58015.0,58557.25,0.3
2741,9,88,11,75068.0,24649.0,75068.0,40020.2,266609279.16000003,31360.5,32610.0,36963.25,0.8
2743,9,111,11,72951.0,40276.0,72951.0,57661.0,128820542.0,47125.5,59675.0,66667.75,0.4
2743,14,162,16,72951.0,40276.0,56113.0,49334.1,21929162.089999996,46296.75,51418.0,52323.25,0.9
2744,9,129,11,80865.0,49965.0,80865.0,61901.5,83730770.45,57547.75,58838.0,66615.75,0.6
2745,9,147,11,57134.0,45919.0,70406.0,60662.4,46818627.24,57134.0,61547.0,65415.75,0.5
2746,9,134,11,62480.0,40946.0,66239.0,58935.2,47951376.16,56937.5,61917.5,63014.0,0.3
2746,14,185,16,62480.0,40946.0,61925.0,57670.4,37486162.04000001,56889.25,59947.5,61634.0,0.4
2747,9,141,11,75915.0,54814.0,75915.0,65496.1,32563721.290000003,62318.75,64137.0,68488.75,0.4
2748,9,122,11,78197.0,67893.0,78197.0,74655.7,9982314.209999999,73175.0,76151.0,76890.25,0.0
2749,9,142,11,96556.0,71360.0,96556.0,82155.9,65706831.89,75622.0,81442.5,85539.5,0.5
2749,14,200,16,96556.0,64043.0,81413.0,74122.8,30488901.959999997,71690.5,74660.5,78677.5,0.8
2750,9,141,11,89613.0,70446.0,89613.0,77438.3,26783443.610000003,73686.25,77483.5,79637.75,0.0
2751,9,141,11,115629.0,77746.0,115629.0,89595.0,158218166.8,81006.75,85374.5,91388.75,0.2
2752,9,132,11,83728.0,61598.0,83728.0,71580.8,52876097.95999999,66797.5,69647.0,75532.5,0.2
2752,14,196,16,83728.0,55910.0,68907.0,63823.0,18105660.0,61502.0,65457.5,67165.0,0.5
2753,9,136,11,92200.0,57358.0,92200.0,73089.6,72182109.64000002,68999.5,73649.0,76286.25,0.2
2754,9,136,11,77493.0,48996.0,77493.0,70535.6,85792104.44000001,69524.5,75320.0,77079.75,0.4
2755,9,144,11,79804.0,72322.0,79804.0,76321.3,3805734.81,75429.75,76127.5,77663.75,0.0
2755,14,210,16,79804.0,56596.0,76139.0,70547.6,48682739.44,69595.75,73558.5,75687.25,0.2
2755,19,266,21,79804.0,56596.0,72322.0,65845.5,31076924.65,60951.25,67563.5,70653.5,0.4
2756,9,133,11,91517.0,35207.0,91517.0,51697.9,332824959.89000005,39285.0,43146.5,55036.25,0.6
2757,9,130,11,109021.0,67568.0,109021.0,80768.6,127784342.63999999,72194.5,80364.5,83729.5,0.6
2758,9,135,11,102812.0,68994.0,102812.0,83391.8,93603855.76,76076.25,85312.0,88282.5,0.2
2758,14,206,16,102812.0,68994.0,84323.0,77156.0,24445386.8,73942.5,77132.5,81726.0,0.3
2759,9,139,11,52758.0,36936.0,52758.0,44412.3,17994635.810000002,41436.5,44057.0,47180.5,0.5
2760,9,141,11,63399.0,42767.0,63399.0,50037.1,34560121.29,46269.75,49236.0,52511.5,0.2
2760,14,210,16,63399.0,37154.0,48534.0,43396.5,14559587.05,41525.75,43297.5,46869.5,0.6
2761,9,138,11,73246.0,73246.0,87434.0,80267.9,20887364.29,76693.25,81612.5,83351.25,0.2
2762,9,121,11,52895.0,44451.0,56589.0,52770.2,18028872.359999996,52895.0,54279.5,55841.5,0.7
2763,9,136,11,78958.0,56809.0,78958.0,68387.6,49482819.239999995,62814.25,68072.0,72733.25,0.4
2764,9,123,11,95354.0,76138.0,95354.0,86997.0,40659951.4,83329.5,87731.5,92514.5,0.7
2765,9,127,11,82228.0,43688.0,82228.0,72299.6,105347860.03999999,71991.75,73492.0,76918.5,0.1
2765,14,185,16,82228.0,43688.0,73174.0,63856.3,103281560.01,59974.75,67670.0,71840.25,0.6
2766,9,129,11,60098.0,26259.0,60098.0,45637.8,117561924.96000001,40372.75,45726.0,55363.75,0.7
2766,14,189,16,60098.0,26259.0,49358.0,42529.5,53603182.65,40372.75,45726.0,48260.5,0.9
2767,9,133,11,57012.0,48192.0,63717.0,55947.3,20768505.41,53357.75,56753.0,58881.75,0.5
2768,9,139,11,65885.0,37865.0,65885.0,53864.6,76880849.64,48165.75,52341.5,61723.5,0.5
2768,14,202,16,65885.0,37865.0,53794.0,49300.5,19073449.05,48165.75,49911.0,52529.0,0.8
2769,9,142,11,79372.0,58398.0,79372.0,68166.2,46740347.76,62852.75,68617.0,72888.0,0.5
2770,9,141,11,102043.0,80333.0,102043.0,90697.5,44111624.45,86814.75,89983.5,95822.25,0.0
2770,14,206,16,102043.0,76287.0,87114.0,83186.2,12431430.360000001,80825.25,83471.5,86603.25,0.2
2771,9,149,11,128955.0,66674.0,128955.0,89925.0,639826263.6,69456.75,75533.5,114828.5,0.5
2771,14,206,16,128955.0,66674.0,73951.0,70357.8,4477617.5600000005,69456.75,70596.5,71425.25,0.7
2772,9,144,11,111211.0,74230.0,111211.0,83705.0,101891801.4,76788.25,82688.5,85218.5,0.4
2773,9,134,11,85449.0,47528.0,85449.0,62358.1,109862511.69000001,57090.0,59292.0,66851.5,0.6
2773,14,188,16,85449.0,47528.0,63277.0,55741.0,20656101.6,52190.75,57229.0,58730.75,0.9
2774,9,137,11,132983.0,85713.0,132983.0,97951.9,221698081.49,88957.5,93076.0,93783.0,0.4
2775,9,143,11,96758.0,60653.0,96758.0,78203.8,87436252.16,73779.5,79893.0,82567.75,0.3
2775,14,207,16,96758.0,60653.0,77825.0,72063.2,23207565.56,70560.0,72690.0,75674.75,0.7
2776,9,141,11,141903.0,67602.0,141903.0,93486.1,472152051.49000007,75035.25,92143.0,102410.0,0.2
2776,14,208,16,141903.0,67602.0,88056.0,76823.8,24329591.760000005,75035.25,76452.0,77961.0,0.2
2777,9,125,11,106313.0,84176.0,106313.0,91317.1,53944335.489999995,85437.5,88689.0,95938.5,0.0
2777,14,191,16,106313.0,75021.0,89818.0,85027.4,23318179.439999998,84221.5,86170.0,89044.0,0.2
2777,19,263,21,106313.0,75021.0,86449.0,82007.0,13439719.2,79669.0,82874.0,84618.25,0.4
2778,9,141,11,83502.0,50174.0,83502.0,75112.2,81101369.16,74199.0,77296.0,79002.25,0.4
2779,9,136,11,90111.0,77174.0,90111.0,84454.2,22658492.16,79741.75,85189.0,89113.5,0.1
2781,9,130,11,64933.0,64870.0,80997.0,73100.2,41814323.559999995,66138.5,73739.5,79147.0,0.4
2782,9,135,11,53262.0,49162.0,60064.0,54334.3,10439293.010000002,52644.0,53262.0,56056.0,0.1
2782,14,205,16,53262.0,46706.0,53262.0,50454.3,4194805.8100000005,49111.75,50185.0,52439.5,0.6
2782,19,269,21,53262.0,44443.0,51213.0,48426.9,4985732.890000001,47160.5,49128.5,50051.25,1.0
2783,9,126,11,70278.0,53938.0,70278.0,59957.3,22017414.009999998,56232.25,58895.5,62930.0,0.4
2784,9,142,11,67260.0,44590.0,67260.0,60897.7,48201329.60999999,60511.5,62786.5,65550.75,0.2
2784,14,207,16,67260.0,44590.0,62557.0,55620.9,26903367.889999997,52550.5,56127.5,59484.0,0.7
2785,9,138,11,86863.0,67898.0,86863.0,75279.8,46463116.96,69368.5,72236.5,81990.75,0.3
2785,14,205,16,86863.0,67898.0,76057.0,71388.1,8801953.489999998,68726.75,70570.0,74040.25,0.4
2786,9,139,11,115527.0,76083.0,115527.0,88456.1,111231558.89000002,83698.0,86158.0,88875.75,0.1
2787,9,139,11,55685.0,45001.0,55685.0,50114.3,11141334.209999999,47884.75,50785.5,52377.0,0.4
2788,9,146,11,51468.0,45829.0,59233.0,53791.2,14104813.76,51468.0,54116.5,56295.75,0.3
2788,14,212,16,51468.0,45829.0,56661.0,52949.0,9549803.4,51468.0,53209.5,55405.25,0.3
2789,9,138,11,61820.0,61096.0,70354.0,66926.0,12795943.8,63370.5,68661.5,69265.25,0.1
2789,14,206,16,61820.0,55942.0,69136.0,63205.2,16534015.959999999,61156.0,61820.0,67313.25,0.4
2789,19,267,21,61820.0,55942.0,63038.0,59812.3,5546189.21,57646.0,60506.5,61699.0,0.7
2791,9,146,11,61431.0,52991.0,64293.0,60411.3,11528661.610000001,59043.5,60996.5,63285.0,0.1
2792,9,146,11,64281.0,45969.0,64281.0,52590.3,31890614.410000004,47161.25,53089.5,54690.0,0.4
2792,14,212,16,64281.0,44050.0,52558.0,48028.6,8085094.040000001,46103.5,47462.5,50434.0,0.7
2793,9,141,11,50960.0,50960.0,59263.0,55140.4,8419969.239999998,52238.75,55670.0,57299.75,0.3
2793,14,205,16,50960.0,50714.0,56629.0,53810.7,5631610.01,51010.0,55195.0,55700.5,0.5
2794,9,144,11,87618.0,67589.0,87618.0,79299.2,41130662.56,75096.75,80530.0,84514.5,0.0
2794,14,211,16,87618.0,59205.0,78108.0,68667.4,36854300.04,64099.5,67876.0,73445.5,0.4
2794,19,272,21,87618.0,59205.0,69806.0,66078.9,10263677.49,64099.5,67467.5,68484.0,0.4
2795,9,126,11,62333.0,52699.0,75123.0,67021.0,42263283.6,62756.25,67911.0,72247.0,0.3
2796,9,141,11,78029.0,60228.0,80506.0,72699.2,44159614.160000004,66754.25,76035.0,77935.0,0.3
2796,14,208,16,78029.0,60228.0,75304.0,68338.7,17792255.009999998,64973.75,69511.5,71108.75,0.4
2797,9,146,11,88283.0,65575.0,88283.0,82363.6,40537585.239999995,81355.0,84778.5,86233.25,0.3
2798,9,141,11,129681.0,74686.0,129681.0,94643.6,315246041.04,79219.75,91106.5,106162.5,0.3
2798,14,211,16,129681.0,74686.0,89854.0,84138.5,35089846.25,79219.75,86576.5,89447.5,0.3
2799,9,126,11,105426.0,83861.0,105426.0,94046.4,75092723.84,85155.75,93010.5,102446.25,0.4
2799,14,192,16,105426.0,73618.0,91951.0,85009.4,21780516.440000005,83924.75,85236.5,87748.5,0.7
2800,9,131,11,118008.0,55250.0,118008.0,83702.1,366470492.69,71091.25,76364.0,94015.25,0.6
2801,9,148,11,85774.0,64417.0,85774.0,71961.7,31360376.410000004,68689.25,71681.5,73075.25,0.4
2802,9,137,11,68194.0,54143.0,68194.0,64170.5,19640435.45,64006.25,64798.5,67701.75,0.5
2803,9,141,11,63042.0,46024.0,64886.0,56104.6,36733811.84,51890.25,55835.0,61804.75,0.6
2805,9,139,11,61696.0,45939.0,61696.0,51127.6,35398655.64,46816.0,48215.5,54339.5,0.6
2806,9,142,11,57128.0,47831.0,60692.0,56817.0,12339362.2,55980.5,57396.5,58709.75,0.4
2807,9,129,11,75517.0,55604.0,75517.0,65199.7,26985345.410000004,62046.25,64334.0,68720.75,0.2
2808,9,141,11,77800.0,53167.0,77800.0,71621.5,55172843.85,72475.0,74194.5,75665.5,0.1
2808,14,215,16,77800.0,51430.0,73882.0,61693.0,71030772.4,54047.0,60404.5,69781.5,0.5
2808,19,272,21,77800.0,51430.0,61095.0,56942.1,10834274.889999999,54047.0,58559.5,58913.75,0.8
2809,9,137,11,68814.0,46244.0,68814.0,58409.6,37150401.04,57473.75,59486.0,61669.5,0.4
2810,9,145,11,56178.0,40889.0,62848.0,54814.0,56742131.0,49928.0,56178.0,61591.25,0.3
2810,14,209,16,56178.0,40659.0,56178.0,48368.3,25714990.81,44963.0,48580.0,51010.75,0.8
2811,9,131,11,126683.0,42994.0,126683.0,62576.7,569405408.8100001,49750.75,52551.0,60117.75,0.7
2812,9,110,11,65372.0,44414.0,65515.0,59459.5,45230799.65,56775.0,62263.0,64969.0,0.7
2813,9,137,11,52508.0,42063.0,54309.0,50720.3,12213293.01,49465.75,51199.0,53525.0,0.6
2814,9,136,11,84411.0,59106.0,84714.0,72681.2,87804926.96000001,66338.5,69687.0,83234.0,0.2
2814,14,209,16,84411.0,54945.0,68982.0,62386.4,18231508.04,59378.5,61434.0,65357.75,0.6
2815,9,140,11,69338.0,44776.0,69338.0,57534.3,48338408.21,55553.5,60375.0,60744.0,0.4
2816,9,134,11,34454.0,21481.0,34454.0,29227.8,17320654.56,26370.5,29396.0,33134.0,0.8
2817,9,130,11,81236.0,44737.0,81236.0,61404.6,121682194.43999998,54140.75,59053.0,66824.75,0.6
2818,9,134,11,78465.0,67275.0,84452.0,76404.2,25741559.560000002,73310.0,77851.5,79719.0,0.3
2818,14,188,16,78465.0,67275.0,77238.0,71597.4,10620746.84,68791.25,70912.0,74334.0,0.7
2820,9,139,11,67235.0,58569.0,68494.0,64859.5,9167087.85,62750.5,66059.0,67057.0,0.3
2821,9,140,11,83731.0,55561.0,83731.0,70360.3,57871632.410000004,65716.0,71253.0,74301.75,0.2
2821,14,205,16,83731.0,55561.0,70857.0,63742.8,21384109.96,62211.5,64147.0,65950.5,0.5
2822,9,114,11,82420.0,65297.0,88051.0,78093.5,50025086.45,74333.5,80507.5,82420.0,0.3
2822,14,171,16,82420.0,65297.0,78644.0,74043.4,16646515.039999997,74099.0,75357.0,76357.0,0.6
2823,9,112,11,60466.0,31599.0,60466.0,39545.8,89033465.76,32852.75,34429.5,41427.25,0.6
2824,9,143,11,75592.0,39585.0,75592.0,53459.7,91539033.41,47861.0,54973.5,57076.25,0.6
2825,9,134,11,64696.0,51159.0,68523.0,63487.6,23586447.240000002,62375.5,63835.5,67413.25,0.4
2826,9,138,11,59543.0,47718.0,65411.0,58657.0,37369657.4,55931.0,59887.5,63534.5,0.4
2827,9,136,11,64598.0,51443.0,64598.0,60629.4,21115520.839999996,57523.25,63305.5,63477.75,0.4
2828,9,142,11,86908.0,75836.0,86908.0,80589.0,11993298.0,77780.5,80478.5,82861.75,0.0
2829,9,143,11,82001.0,51863.0,82001.0,65281.4,60823692.839999996,60817.5,63705.0,69581.5,0.5
2831,9,143,11,62252.0,53774.0,62252.0,58806.6,5461370.640000001,57609.25,59473.0,60051.0,0.0
2833,9,136,11,61045.0,42121.0,71099.0,63424.5,60798377.05,61484.25,65798.0,68014.0,0.2
2834,9,150,11,62789.0,56345.0,63580.0,60583.6,4411032.04,59639.0,60693.0,62350.0,0.3
2834,14,219,16,62789.0,53317.0,61033.0,58619.3,6722682.209999999,56804.25,59866.0,60712.0,0.5
2835,9,134,11,102305.0,51615.0,102305.0,73843.9,217335032.88999996,62440.5,75169.0,78460.25,0.8
2836,9,127,11,81383.0,77149.0,87513.0,80749.3,8668769.809999999,78907.5,80509.0,82002.5,0.6
2837,9,145,11,86073.0,61317.0,86343.0,74898.5,72497588.05,71186.0,73879.5,83112.25,0.3
2838,9,133,11,40091.0,35177.0,44018.0,40536.2,5528570.5600000005,40091.0,40625.5,42106.5,0.5
2839,9,135,11,36259.0,36259.0,47000.0,43024.5,17226622.65,40334.25,44635.0,46697.0,0.5
2840,9,141,11,49301.0,39789.0,49301.0,43943.1,12284821.490000002,40965.5,43033.5,47186.5,0.6
2841,9,131,11,109358.0,71973.0,109358.0,88127.9,143512513.89,81264.5,84549.5,94537.75,0.2
2841,14,192,16,109358.0,53907.0,84201.0,72363.2,88573457.35999998,65055.0,74845.0,79757.0,0.7
2841,19,253,21,109358.0,53907.0,77455.0,70192.5,56825940.85,65055.0,72944.5,76094.0,1.0
2842,9,138,11,108439.0,73414.0,108439.0,82947.0,91686481.2,76558.25,81863.0,84987.0,0.2
2842,14,196,16,108439.0,60558.0,82148.0,75074.0,31850335.2,73645.5,75871.5,77244.75,0.4
2843,9,142,11,105040.0,58297.0,105040.0,81601.8,185887052.16,77366.0,81916.5,87659.0,0.7
2844,9,134,11,94242.0,68087.0,94242.0,79228.9,85971485.28999999,72018.0,76313.5,86156.5,0.3
2844,14,199,16,94242.0,63227.0,76142.0,71745.4,14978735.039999997,69737.25,72083.5,74838.75,0.6
2845,9,143,11,88091.0,72997.0,88091.0,81025.6,23469114.240000002,78020.75,81238.5,85228.0,0.2
2845,14,214,16,88091.0,72997.0,83056.0,77762.3,8741419.01,75252.0,77828.5,79295.0,0.3
2845,19,274,21,88091.0,72858.0,78604.0,75895.4,4982833.840000001,74001.25,75953.0,77881.75,0.5
2846,9,143,10,78572.0,69604.0,89523.0,80795.0,32698042.2,78572.0,80851.0,84991.0,0.4
2847,9,133,11,114844.0,72259.0,114844.0,88394.4,192333264.64000005,77026.0,83441.0,99451.5,0.4
2847,14,195,16,114844.0,72259.0,83484.0,78132.6,14607752.440000001,75652.0,77726.5,81573.5,0.5
2848,9,145,11,91446.0,56778.0,91446.0,74011.6,70614255.04,71138.25,73543.5,78011.25,0.2
2850,9,137,11,71054.0,55065.0,71054.0,60534.9,22810309.29,58012.0,59033.0,60658.25,0.5
2851,9,137,11,83826.0,56214.0,83826.0,68293.9,41172080.489999995,66320.5,68194.5,69407.75,0.3
2852,9,140,11,99377.0,70636.0,99377.0,81452.1,58687962.29000001,75987.25,80176.0,85390.75,0.1
2852,14,188,16,99377.0,57752.0,78318.0,71134.0,38148198.0,69931.75,72118.5,75592.5,0.6
2854,9,131,11,159475.0,75146.0,159475.0,104432.7,887476037.6099999,80466.5,88320.5,127218.75,0.5
2854,14,189,16,159475.0,75146.0,91224.0,83633.5,23141766.65,80355.25,82384.0,87705.0,0.7
2855,9,138,11,106491.0,69333.0,106491.0,90268.3,128835828.60999998,80517.5,93759.0,99215.25,0.3
2855,14,201,16,106491.0,69238.0,92401.0,78767.0,43095661.8,74716.0,79433.5,81673.0,0.6
2856,9,147,11,111433.0,53750.0,111433.0,82542.0,216765359.2,78028.5,81355.0,87022.0,0.2
2857,9,129,11,86170.0,63356.0,86170.0,71501.5,36459426.65,67148.75,71317.5,73650.25,0.4
2858,9,128,11,128390.0,52602.0,128390.0,75130.1,479826117.89000005,62312.75,67867.0,78885.25,0.5
2859,9,148,11,70804.0,55187.0,70804.0,63217.6,13704538.440000001,62985.75,63543.0,64312.75,0.0
2859,14,220,16,70804.0,51426.0,63761.0,58842.2,19536932.76,55028.0,60181.0,63001.25,0.3
2859,19,286,21,70804.0,48652.0,59977.0,53918.1,10472586.690000001,51919.25,54760.5,55134.0,0.7
2860,9,141,11,76563.0,63812.0,76563.0,69643.2,10151859.360000001,68679.25,69228.0,70837.5,0.1
2861,9,131,11,73194.0,72075.0,85236.0,78783.0,28546892.4,73194.0,79992.5,84136.0,0.0
2861,14,194,16,73194.0,70371.0,78796.0,74083.0,7589220.2,72117.75,73194.0,76541.75,0.0
2861,19,266,21,73194.0,63710.0,74998.0,71812.5,9030260.65,71179.5,72720.0,73391.25,0.1
2861,24,333,26,73194.0,61353.0,72246.0,68312.0,16022814.6,64380.75,70626.0,71846.75,0.4
2863,9,137,11,96390.0,84362.0,96390.0,90200.6,14893649.64,87497.5,90290.0,91721.0,0.0
2863,14,202,16,96390.0,61180.0,89540.0,80071.3,81932122.21000001,73995.25,84354.0,87006.75,0.3
2863,19,269,21,96390.0,61180.0,84346.0,72118.4,37611049.04000001,68886.5,71865.5,74277.75,0.6
2864,9,146,11,66334.0,54864.0,72965.0,68375.6,25860625.04,66696.75,69666.0,71809.0,0.3
2865,9,136,11,71611.0,68956.0,78404.0,73372.4,8181727.4399999995,71611.0,73587.0,75357.0,0.0
2865,14,208,16,71611.0,65651.0,73569.0,70000.0,6195429.6,68812.0,69695.0,71611.0,0.2
2866,9,140,11,89594.0,69189.0,90786.0,81303.3,60479340.40999999,75869.75,80214.0,89470.0,0.3
2868,9,140,11,72081.0,61786.0,78489.0,71827.7,27922553.810000002,69896.75,72081.0,76667.25,0.4
2869,9,132,11,77027.0,56908.0,77027.0,67875.0,49034208.6,62929.75,68371.0,73595.75,0.2
2869,14,198,16,77027.0,55431.0,66866.0,60206.9,13369598.89,57271.5,58793.0,63381.5,0.6
2869,19,260,21,77027.0,55431.0,62459.0,58960.2,4863024.16,57271.5,58757.5,60563.0,0.9
2870,9,142,11,34039.0,22993.0,34039.0,28788.5,9567162.85,26703.5,28698.5,30442.5,0.8
2872,9,139,11,107878.0,74150.0,107878.0,83579.7,137588699.01,74843.75,76993.5,90152.25,0.3
2873,9,137,11,81401.0,64977.0,81401.0,72339.9,15927116.89,70545.25,72131.5,73904.0,0.0
2873,14,204,16,81401.0,52797.0,72048.0,64807.9,45502994.089999996,60319.5,67314.5,70046.75,0.3
2873,19,265,21,81401.0,52797.0,67242.0,59979.1,19218322.29,57265.5,60245.5,62435.5,0.7
2874,9,143,11,92183.0,71502.0,98154.0,87418.8,73710839.16,82012.75,89143.0,95143.25,0.0
2874,14,203,16,92183.0,60479.0,86103.0,74720.2,59623388.15999999,72133.25,75291.5,80639.5,0.2
2874,19,275,21,92183.0,56719.0,75514.0,68824.5,41359502.65,64185.75,70184.0,74828.75,0.5
2875,9,143,11,92883.0,65258.0,92883.0,78024.5,91915313.25,69297.25,76302.0,86768.5,0.2
2875,14,209,16,92883.0,65258.0,79357.0,72560.9,21403400.69,68845.25,72539.5,76470.0,0.2
2875,19,274,21,92883.0,65258.0,72847.0,69383.8,6769079.959999999,67070.25,69886.0,71582.75,0.3
2877,9,120,11,61762.0,40352.0,61762.0,51652.1,26093814.09,49663.0,52813.0,53335.75,0.7
2878,9,136,11,68190.0,45008.0,68190.0,56634.7,45719512.809999995,54660.5,57349.0,60405.75,0.5
2879,9,134,11,69405.0,41061.0,69405.0,56908.4,59459812.64000001,55348.25,56172.0,57193.0,0.3
2880,9,144,11,68496.0,47969.0,68496.0,54884.8,44494374.36,49247.0,53768.5,55640.25,0.5
2881,9,145,11,60232.0,46096.0,65385.0,58013.5,33844141.25,54187.5,60232.0,61416.25,0.4
2881,14,212,16,60232.0,46096.0,60232.0,54459.3,13317189.809999999,52702.25,54720.0,56243.75,0.7
2882,9,137,11,49104.0,41915.0,49104.0,46332.6,4534508.040000001,45221.75,46442.0,47787.0,0.6
2883,9,135,11,60610.0,46735.0,60610.0,52083.4,20916455.640000004,48425.25,50888.0,55518.75,0.4
2883,14,191,16,60610.0,46735.0,49648.0,48497.4,953154.4400000001,48265.5,48657.5,49298.25,0.6
2884,9,144,11,72109.0,54439.0,72109.0,64953.3,28211900.01,62799.75,63500.0,69876.75,0.2
2885,9,139,11,97049.0,59972.0,97049.0,70270.5,97433167.25,63931.0,69323.0,71463.0,0.1
2885,14,208,16,97049.0,54051.0,69704.0,62882.0,23115995.6,60591.0,63934.5,65194.75,0.3
2886,9,141,11,90141.0,57336.0,90141.0,72648.3,135027684.60999998,61138.5,75553.5,80351.25,0.2
2886,14,207,16,90141.0,49235.0,75070.0,59929.7,42271609.010000005,57521.75,59642.0,61697.25,0.5
2887,9,129,11,101093.0,70575.0,101093.0,81617.9,80426282.69,75293.25,79443.5,84533.75,0.6
2887,14,190,16,101093.0,57945.0,80940.0,73591.4,40484703.44,71178.5,74158.0,78117.75,0.9
2889,9,139,11,96987.0,59794.0,96987.0,69410.5,92970446.25,66791.5,67323.0,68543.5,0.4
2890,9,134,11,56772.0,56772.0,72908.0,66805.0,33364507.4,64743.5,67782.0,71938.5,0.4
2891,9,132,11,76281.0,52357.0,76281.0,64305.7,56745406.21,59607.75,61611.5,69953.25,0.6
2893,9,131,11,93936.0,60937.0,93936.0,74161.3,98929465.21000001,67824.5,72615.5,76153.75,0.4
2894,9,148,11,95907.0,73499.0,95907.0,81893.2,63932313.95999999,76376.0,77271.0,88927.25,0.1
2895,9,142,11,104548.0,60688.0,104548.0,76978.7,151817152.41,70120.75,75215.0,77579.25,0.3
2896,9,138,11,102585.0,63318.0,102585.0,84861.5,170967562.05,73872.5,83481.5,98346.25,0.4
2898,9,135,11,37007.0,32555.0,41000.0,37618.5,8536344.85,35361.5,37868.5,40276.75,0.6
2899,9,137,11,48134.0,33367.0,49851.0,45190.0,19097747.8,44852.5,46245.5,47776.25,0.6
2902,9,112,11,40386.0,16383.0,40386.0,23910.6,44471353.239999995,19436.25,22585.5,25000.0,0.7
2904,9,139,11,52675.0,52675.0,61332.0,57025.7,11565050.010000002,53538.75,57424.5,60223.25,0.4
2904,14,205,16,52675.0,52675.0,58150.0,55362.8,4199800.96,53538.75,55263.0,57408.0,0.6
2905,9,140,11,54683.0,45015.0,55719.0,52072.5,9389942.25,50509.5,51845.5,54683.0,0.5
2906,9,140,11,87388.0,74364.0,87388.0,81464.7,16839267.009999998,79080.25,80602.5,85064.5,0.0
2906,14,209,16,87388.0,65255.0,79992.0,74770.1,21979605.29,73439.25,75554.5,78750.25,0.2
2907,9,120,11,81353.0,41431.0,81353.0,54041.6,123692446.63999999,49323.5,50208.0,57689.5,0.6
2909,9,117,11,32835.0,24274.0,32835.0,29551.8,6582503.959999999,27751.0,30169.5,31303.5,0.8
2910,9,134,11,59708.0,39987.0,59708.0,47235.1,39117679.29,42578.5,45407.0,48553.25,0.6
2911,9,140,11,54077.0,46310.0,57730.0,52405.1,7877180.6899999995,51212.5,52417.5,53966.5,0.6
2912,9,144,11,117281.0,66911.0,117281.0,91124.5,219019207.45,83064.0,90601.0,92629.25,0.3
2914,9,145,11,78697.0,76704.0,88784.0,82659.5,13399611.25,79418.5,83007.0,85365.75,0.2
2915,9,142,11,95357.0,74390.0,95357.0,81663.6,25790330.44,79858.25,80453.5,81899.5,0.0
2916,9,145,11,103911.0,71418.0,103911.0,83363.0,111596130.2,77944.25,80327.0,82874.0,0.3
2917,9,135,11,65523.0,50998.0,70243.0,59992.2,37989122.16,54198.5,60360.0,65008.25,0.4
2918,9,125,11,45196.0,29206.0,45196.0,35899.1,19902196.09,33545.5,36240.5,37540.75,0.6
2919,9,134,11,57392.0,37935.0,57392.0,42714.0,33590692.6,38587.0,39842.5,44961.75,0.6
2920,9,126,11,48250.0,39389.0,48250.0,43086.6,5783439.84,41574.0,43387.5,44117.5,0.6
2921,9,136,11,93979.0,59010.0,93979.0,73894.4,97588548.03999999,66921.25,72601.5,79858.25,0.4
2921,14,204,16,93979.0,59010.0,71733.0,66781.8,13943726.76,65648.25,67424.0,68497.0,0.7
2922,9,142,11,130538.0,87550.0,130538.0,108623.9,228934351.68999997,98120.0,101603.0,124866.5,0.1
2922,14,211,16,130538.0,87550.0,104624.0,98663.7,27566691.009999998,97799.25,99293.0,102951.75,0.1
2922,19,274,21,130538.0,87550.0,101085.0,96708.0,15053786.4,97271.25,97813.5,98731.25,0.1
2923,9,141,11,148558.0,103171.0,148558.0,120551.4,196336306.84,110116.5,115628.5,130791.5,0.0
2923,14,206,16,148558.0,87467.0,112009.0,100996.7,67709581.21,94557.0,100758.5,108952.5,0.0
2923,19,278,21,148558.0,80299.0,98346.0,92488.1,26655918.29,90264.75,94404.0,95166.0,0.1
2923,24,344,26,148558.0,78697.0,94297.0,86927.8,27441831.360000003,82749.5,86891.5,91776.25,0.5
2925,9,95,11,27349.0,20044.0,27349.0,24138.3,6559413.409999999,22985.0,23791.0,26626.75,0.5
2925,14,141,16,27349.0,16882.0,23315.0,21255.4,3928611.2399999998,20121.0,21612.0,23013.0,0.9
2927,9,138,11,74819.0,63476.0,74819.0,70281.5,15442402.85,67154.0,70461.0,73989.5,0.3
2928,9,123,11,71825.0,58512.0,76125.0,69279.4,27366483.639999997,67321.0,70234.0,71979.5,0.2
2929,9,135,11,80913.0,42736.0,80913.0,59035.0,167508209.8,47591.25,58096.5,70818.75,0.7
2930,9,133,11,59079.0,33260.0,59079.0,42258.1,69547315.29,36285.5,41081.0,41908.5,0.8
2931,9,144,11,67085.0,49167.0,67085.0,52907.7,28321995.009999998,49855.0,50605.0,53005.75,0.4
2932,9,140,11,93160.0,44557.0,93160.0,60698.6,160873413.04000002,56048.75,57390.5,63495.0,0.7
2933,9,116,11,71712.0,46441.0,71712.0,56433.4,51727473.04000001,50488.75,56595.0,60401.75,0.9
2934,9,144,11,71273.0,60854.0,80972.0,71151.2,34899248.559999995,68338.0,71273.0,73324.75,0.2
2934,14,217,16,71273.0,51800.0,73042.0,67116.7,39053040.20999999,64725.5,70094.5,71247.25,0.3
2935,9,149,11,63917.0,58087.0,75010.0,65388.0,22736306.4,62161.25,63917.0,67664.0,0.5
2936,9,138,11,58787.0,34493.0,58787.0,46526.2,37097472.15999999,44483.0,45276.0,48039.5,0.4
2937,9,135,11,42754.0,30853.0,47111.0,39981.4,22167602.64,36465.75,41405.0,42754.0,0.6
2938,9,135,11,58316.0,41698.0,58316.0,49097.7,27419235.609999996,47219.0,48022.5,49874.25,0.6
2939,9,138,11,69718.0,42056.0,69718.0,55863.5,61054491.05,50683.75,57666.0,60137.5,0.9
2940,9,131,11,65079.0,38196.0,65079.0,48916.8,64498429.56000002,43316.75,47542.5,52432.5,0.5
2940,14,193,16,65079.0,38196.0,47363.0,44029.5,7964738.85,42653.0,44470.0,46243.5,0.8
2941,9,119,11,51581.0,48212.0,57675.0,53778.2,12086946.16,51581.0,54006.5,57401.75,0.2
2941,14,181,16,51581.0,46470.0,53091.0,49901.1,4834328.090000001,48353.5,50118.5,51581.0,0.4
2942,9,134,11,61512.0,52796.0,61512.0,57899.6,8937966.64,56167.5,58745.0,60460.5,0.2
2943,9,151,11,129871.0,48235.0,129871.0,91873.9,817119729.0899999,73852.0,83852.0,120190.0,0.2
2943,14,222,16,129871.0,48235.0,80288.0,64368.6,83971912.24,59161.25,62672.0,70976.5,0.6
2944,9,132,11,57092.0,49945.0,62806.0,57790.8,14321016.559999999,56431.0,57092.0,61356.25,0.9
2945,9,135,11,104781.0,72085.0,104781.0,82949.5,106585566.25,73617.5,80841.0,88642.5,0.3
2945,14,196,16,104781.0,62937.0,78602.0,72024.8,17494334.759999998,70614.25,72103.0,74734.5,0.7
2946,9,135,11,83100.0,66234.0,83100.0,72997.7,32519669.21,69184.75,70934.5,74856.5,0.4
2946,14,200,16,83100.0,66234.0,74753.0,70845.2,7496645.959999999,69184.75,70934.5,72560.0,0.4
2947,9,139,11,112524.0,72479.0,112524.0,100769.2,120378598.16,98514.75,100687.5,108856.5,0.3
2947,14,207,16,112524.0,72479.0,100524.0,95653.6,64802505.24000001,97259.0,98595.5,99674.25,0.5
2948,9,121,11,120198.0,93310.0,120198.0,102799.7,58898687.81,98820.5,101478.5,103726.5,0.7
2949,9,149,11,51692.0,31932.0,51692.0,42807.4,25948466.24,42092.0,42674.0,45776.5,0.3
2950,9,149,11,61573.0,48513.0,63770.0,57303.8,33264298.759999998,51013.5,60815.5,61581.25,0.4
2950,14,214,16,61573.0,48513.0,60058.0,52942.0,9949550.8,51013.5,51469.0,54980.0,0.5
2951,9,140,11,111569.0,100252.0,121137.0,114351.5,35516725.65,111569.0,115654.0,119224.25,0.0
2951,14,205,16,111569.0,90768.0,115607.0,103576.1,60978981.29,97733.75,102045.0,111162.0,0.3
2951,19,262,21,111569.0,79203.0,100252.0,95570.2,36249850.760000005,96003.75,97847.5,99085.75,0.6
2952,9,131,11,106965.0,73958.0,106965.0,91203.0,97236197.8,83831.75,90263.0,99203.0,0.6
2953,9,139,11,95316.0,59615.0,95316.0,71419.2,93400993.55999999,65405.5,70137.0,72161.0,0.4
2953,14,201,16,95316.0,59615.0,69447.0,66060.0,8405380.0,64886.0,66299.0,68369.25,0.6
2954,9,142,11,86358.0,62450.0,86358.0,75700.9,57682453.489999995,74405.0,76718.5,77989.75,0.3
2954,14,211,16,86358.0,62450.0,76086.0,70190.7,27671095.810000002,64985.75,71139.0,74947.0,0.7
2955,9,140,11,74866.0,51133.0,81024.0,70761.8,81243993.56,64465.5,74195.5,78007.75,0.3
2955,14,210,16,74866.0,51133.0,73525.0,65633.3,35457178.61,63410.5,65860.0,70031.25,0.3
2956,9,143,11,108643.0,69357.0,108643.0,86007.8,185299039.76000002,74181.0,82240.0,98023.5,0.1
2956,14,201,16,108643.0,68192.0,81272.0,74173.8,14248865.76,71657.0,74416.0,76329.75,0.2
2956,19,261,21,108643.0,62910.0,73884.0,70819.4,10052306.64,69759.25,71544.0,73065.5,0.3
2957,9,138,11,85098.0,60352.0,85098.0,67817.4,42262741.64,63426.5,67501.5,69034.5,0.1
2957,14,211,16,85098.0,52612.0,67083.0,61529.1,19414326.69,58509.25,62471.5,64969.5,0.4
2959,9,122,11,103089.0,32137.0,103089.0,48764.5,355601711.05,40260.75,42897.0,48924.5,0.7
2961,9,139,11,83139.0,75490.0,96230.0,85834.5,34660951.05,83139.0,85265.5,90329.75,0.1
2961,14,202,16,83139.0,57558.0,85924.0,78041.7,71470051.01,76350.25,82378.5,83213.25,0.3
2961,19,271,21,83139.0,56207.0,81722.0,71675.3,76959431.01,67273.0,74595.0,78347.0,0.7
2962,9,137,11,80106.0,42806.0,80106.0,53830.9,99047739.89,48899.0,51149.0,56213.5,0.8
2963,9,135,11,74477.0,47395.0,74477.0,64543.5,89022522.05,57995.25,69751.0,70754.0,0.3
2963,14,205,16,74477.0,47395.0,69619.0,61241.2,59913097.75999999,55963.0,64475.0,67443.75,0.6
2964,9,135,11,74665.0,62970.0,74665.0,68963.7,10986533.809999999,67509.5,69009.0,70255.5,0.6
2966,9,138,11,79157.0,44186.0,79157.0,58440.2,103364029.96000001,50551.0,59971.0,61622.5,0.6
2967,9,141,11,77338.0,70622.0,84105.0,76828.3,14349259.209999999,74138.75,77114.5,79067.5,0.3
2967,14,198,16,77338.0,62989.0,77338.0,73458.3,15909976.41,72763.25,74705.0,75723.0,0.4
2968,9,134,11,90985.0,68130.0,90985.0,77062.9,37399403.69,74163.0,76598.0,77535.25,0.0
2968,14,197,16,90985.0,65832.0,76389.0,70585.6,12800014.440000001,67330.5,70493.5,73127.0,0.1
2969,9,125,11,123802.0,77596.0,123802.0,89987.9,169221646.89000002,83395.75,85920.0,89039.0,0.0
2969,14,190,16,123802.0,70089.0,85743.0,79984.8,18524951.16,77963.75,80813.5,82843.75,0.1
2969,19,262,21,123802.0,56447.0,80840.0,74567.7,56079553.21,71636.25,78045.0,79406.0,0.3
2970,9,143,11,82561.0,56242.0,82561.0,66372.2,76083394.56,58706.0,63514.5,72978.0,0.5
2970,14,198,16,82561.0,56242.0,62707.0,60131.1,4441804.6899999995,58447.25,61139.0,61636.5,0.7
2971,9,116,11,51534.0,49293.0,60516.0,54518.6,13662587.639999997,51591.75,53234.5,58243.5,0.1
2971,14,175,16,51534.0,45755.0,54289.0,51462.2,6079052.359999999,50559.0,51649.5,53402.5,0.3
2972,9,138,11,88816.0,55989.0,88816.0,72876.7,95682545.80999999,68107.0,70033.5,81496.75,0.2
2972,14,211,16,88816.0,55152.0,69518.0,64213.8,27044831.76,60906.5,66373.5,68885.0,0.4
2973,9,119,11,78348.0,60249.0,78492.0,72087.9,35042589.690000005,67784.25,72956.5,77922.75,0.4
2974,9,133,11,65716.0,42573.0,68417.0,62000.2,65421153.56,59197.25,65716.0,67368.5,0.6
2975,9,143,11,132391.0,58152.0,132391.0,86322.9,408362347.89,78247.0,80536.5,97166.75,0.2
2975,14,205,16,132391.0,52759.0,78937.0,68269.5,98318883.65,59373.0,71352.5,77496.0,0.5
2976,9,145,11,44125.0,41544.0,49188.0,44940.6,4228398.64,43829.25,44125.0,46363.0,0.0
2976,14,217,16,44125.0,34328.0,44125.0,40034.5,14581744.05,36378.0,40643.0,43679.0,0.5
2977,9,137,11,69563.0,38638.0,69563.0,47638.0,81928187.8,41055.75,44139.0,52404.5,0.5
2977,14,201,16,69563.0,38638.0,45402.0,42237.3,5328046.61,40552.25,41770.0,44336.75,0.7
2978,9,129,11,67641.0,43559.0,67641.0,56234.2,60158951.55999999,50600.0,58398.0,62151.75,0.9
2979,9,125,11,94065.0,53792.0,94065.0,73054.7,121658270.00999999,65560.0,71630.5,77665.5,0.5
2980,9,139,11,58030.0,39863.0,58030.0,50430.5,21618232.45,48096.75,51718.0,52970.25,0.2
2980,14,203,16,58030.0,31753.0,51736.0,45563.4,46387056.839999996,41667.25,48243.5,50639.75,0.4
2981,9,134,11,54418.0,40491.0,54418.0,50862.8,13706722.36,50849.0,51598.5,51952.5,0.1
2981,14,199,16,54418.0,40491.0,51347.0,48524.6,12411941.04,48142.0,50354.0,50660.5,0.2
2982,9,138,11,59269.0,34476.0,59269.0,41644.9,47915815.29000001,36969.75,39390.0,44559.75,0.7
2983,9,144,11,52552.0,35401.0,52552.0,43937.0,26555189.8,39620.0,43590.0,47457.75,0.7
2983,14,211,16,52552.0,35401.0,47544.0,42277.9,12544776.090000002,39620.0,43003.5,43882.5,0.9
2984,9,130,11,77261.0,56265.0,77261.0,63327.6,46206322.04000001,58601.75,60711.5,64875.5,0.6
2984,14,197,16,77261.0,56265.0,61982.0,59425.3,4503585.209999999,57498.5,59511.5,61583.0,0.8
2985,9,143,11,112000.0,84519.0,116701.0,98539.1,145223048.08999997,87622.5,93077.5,111647.5,0.0
2985,14,212,16,112000.0,81946.0,92196.0,86515.3,12174838.809999999,83421.75,86086.0,89305.5,0.0
2985,19,285,21,112000.0,81946.0,86106.0,84240.8,2091912.1599999997,82878.25,84611.0,85533.0,0.0
2986,9,137,11,64118.0,52869.0,64118.0,59008.9,10851139.09,57766.0,59984.0,61093.25,0.5
2987,9,144,11,104846.0,66290.0,104846.0,79288.3,158372812.41,69004.0,76339.5,81394.5,0.3
2987,14,215,16,104846.0,57972.0,72387.0,67268.8,19553339.36,64927.25,68353.5,70529.0,0.6
2988,9,136,11,79849.0,65984.0,79849.0,71925.7,14922249.610000003,69180.0,71946.5,73688.25,0.0
2988,14,209,16,79849.0,65156.0,71628.0,67587.8,4191916.7600000007,66087.75,66990.5,68291.75,0.1
2989,9,135,11,77779.0,60572.0,77779.0,71399.3,25785457.21,68549.0,71635.0,75220.25,0.1
2989,14,199,16,77779.0,60572.0,71333.0,66535.9,13099337.290000001,63178.0,67858.0,69219.5,0.3
2989,19,260,21,77779.0,53545.0,67262.0,62537.4,16996888.64,60785.5,62160.0,66474.75,0.5
2990,9,130,11,76642.0,60491.0,77453.0,73561.0,28738772.6,71315.25,76642.0,76926.25,0.2
2990,14,202,16,76642.0,57497.0,76642.0,66087.1,42878041.690000005,60257.0,66417.0,69741.75,0.6
2991,9,144,11,80371.0,45436.0,80371.0,59197.5,75002966.65,56229.0,57609.0,60225.25,0.9
2992,9,141,11,57584.0,31478.0,57584.0,45700.7,39135506.81,43486.75,46753.5,47996.0,0.4
2992,14,201,16,57584.0,31478.0,46745.0,43444.5,18464753.45,42807.25,44735.0,46162.5,0.6
2994,9,127,11,48674.0,33294.0,48674.0,43274.3,23375570.21,39999.0,43904.0,47560.75,0.6
2995,9,131,11,99564.0,61968.0,99564.0,77477.0,166158620.4,66806.25,74327.5,84263.5,0.4
2995,14,202,16,99564.0,53626.0,74673.0,68229.9,40332965.08999999,65909.5,69240.5,73803.25,0.5
2996,9,148,11,66745.0,55121.0,70161.0,65522.2,23695848.96,62784.25,67178.5,69359.25,0.1
2996,14,213,16,66745.0,50737.0,66745.0,58005.9,29570464.689999998,54155.0,57379.5,60923.0,0.5
2997,9,131,11,63714.0,49508.0,63897.0,59006.0,25837365.4,57491.25,59880.0,63700.75,0.5
2997,14,192,16,63714.0,48123.0,59222.0,55698.7,17507365.610000003,52364.0,57639.5,58948.75,0.7
2998,9,126,11,55184.0,41988.0,55184.0,49103.7,14358285.610000003,46565.0,49236.5,51562.0,0.5
2998,14,186,16,55184.0,41988.0,50178.0,46921.7,4825808.01,46115.5,46683.0,48026.0,0.8
2999,9,144,11,76568.0,43915.0,76568.0,57111.3,92799768.20999998,49613.5,55948.5,61036.0,0.4
3000,9,142,11,66658.0,48278.0,66658.0,57396.0,22933723.0,54999.0,57786.0,59342.25,0.5
3000,14,205,16,66658.0,48278.0,59085.0,55580.3,9966915.810000002,54507.0,56022.5,58339.0,0.7
3001,9,138,11,60585.0,32577.0,60585.0,45843.7,115043460.41,34914.75,46317.0,56862.5,0.4
3001,14,207,16,60585.0,32577.0,45026.0,39349.8,20362258.959999997,34914.75,41287.0,42682.5,0.6
3002,9,136,11,36130.0,35493.0,40731.0,38509.8,3444299.7600000002,36654.75,38935.5,39986.25,0.9
3003,9,144,11,79180.0,61955.0,79180.0,71199.8,23427130.36,68126.75,70756.5,74797.25,0.0
3003,14,208,16,79180.0,52146.0,69793.0,62609.7,32149628.209999997,59376.5,62461.0,67898.25,0.2
3003,19,273,21,79180.0,49098.0,62177.0,56796.3,24275738.009999998,52859.25,57447.5,61648.5,0.5
3004,9,144,11,62121.0,47456.0,65620.0,58241.4,42795689.839999996,53035.75,62063.0,62304.75,0.4
3004,14,204,16,62121.0,47456.0,62005.0,54280.7,16370824.410000002,52756.0,54651.0,56472.25,0.6
3005,9,137,11,46934.0,29986.0,46934.0,41640.1,24258459.89,39444.25,43315.0,44635.75,0.6
3006,9,138,11,98489.0,75276.0,98489.0,85653.4,50744512.04000001,79769.5,85211.0,90358.25,0.0
3006,14,211,16,98489.0,70995.0,86617.0,79510.3,24025944.410000004,76133.5,80038.0,82109.0,0.1
3007,9,132,11,52289.0,25409.0,52289.0,42009.3,53798554.00999999,40807.5,43036.5,46893.0,0.9
3008,9,135,11,93881.0,71263.0,97160.0,89660.9,65867169.29,84146.5,93881.0,95473.5,0.3
3009,9,127,11,100534.0,83410.0,100534.0,90890.2,30019009.76,86316.0,91143.5,94593.75,0.0
3009,14,196,16,100534.0,70345.0,89595.0,79493.7,46780553.809999995,73959.5,79118.5,85623.5,0.3
3009,19,269,21,100534.0,70345.0,78941.0,74597.5,7092316.25,72569.0,74674.5,76097.75,0.4
3009,24,320,26,100534.0,65513.0,74522.0,70346.5,7599254.05,69042.5,70541.0,71951.75,0.9
3010,9,132,11,62507.0,35351.0,62507.0,45925.1,56122150.69000001,41167.5,46735.0,48217.0,0.6
3011,9,142,11,57686.0,57686.0,69086.0,62473.6,16961582.439999998,58535.0,61818.0,65658.75,0.5
3012,9,145,11,97527.0,40217.0,97527.0,59548.6,227803774.43999997,52602.0,54821.0,57739.75,0.6
3013,9,142,11,129015.0,74862.0,129015.0,98511.6,474970333.0400001,79846.25,85642.0,121196.5,0.1
3014,9,133,11,86286.0,57142.0,92684.0,83666.3,114956987.80999999,80946.75,86657.0,91611.25,0.3
3016,9,141,11,71556.0,40466.0,71556.0,58187.0,84610302.2,53447.25,57434.5,65131.5,0.3
3016,14,205,16,71556.0,40466.0,57780.0,53031.8,24153769.560000002,52767.75,54237.0,56238.0,0.6
3017,9,131,11,51238.0,51238.0,61980.0,57489.3,16630590.209999999,54268.75,59016.5,61287.25,0.3
3017,14,196,16,51238.0,43904.0,58798.0,52315.7,20900953.81,51238.0,54121.0,54983.5,0.6
3018,9,130,11,82958.0,49259.0,82958.0,66123.5,112396597.45,57661.25,67268.5,70150.25,0.3
3018,14,187,16,82958.0,48886.0,65754.0,57657.1,30392813.889999997,54014.5,58718.0,61520.25,0.8
3019,9,142,11,75448.0,51349.0,75448.0,68303.9,45347323.09,65902.75,69861.5,72062.0,0.1
3019,14,214,16,75448.0,51349.0,72336.0,66134.1,35444252.69000001,64054.5,68381.5,70358.75,0.1
3019,19,278,21,75448.0,42653.0,67966.0,56337.8,61058268.35999999,49591.0,56806.0,63128.0,0.6
3020,9,134,11,83973.0,46495.0,83973.0,61485.4,91387748.64,56611.5,59228.5,66058.0,0.7
3021,9,146,11,103111.0,64491.0,103111.0,77525.2,166743060.56,68165.0,72502.5,86862.5,0.3
3022,9,130,11,105505.0,82491.0,105505.0,93106.7,40253995.01,88870.5,92515.0,97555.0,0.1
3023,9,140,11,53237.0,40701.0,55233.0,49155.8,28069948.360000003,44572.25,50734.0,53910.5,0.5
3023,14,207,16,53237.0,40701.0,51510.0,46494.6,10821175.040000001,44305.75,47384.5,48333.0,0.8
3024,9,135,11,91339.0,64460.0,91339.0,76394.6,101990422.44000001,69268.5,72549.5,86844.25,0.6
3024,14,204,16,91339.0,64460.0,82290.0,73386.5,36546237.05,69268.5,72549.5,77968.0,0.6
3025,9,125,11,90861.0,69667.0,90861.0,81291.5,35481787.05,78551.25,81056.5,85698.75,0.5
3026,9,137,11,76237.0,71349.0,90167.0,80441.7,42306282.21,74683.0,79720.5,85922.25,0.4
3027,9,140,11,58413.0,41940.0,58413.0,47238.1,16700781.290000001,45827.75,46374.5,47745.5,0.2
3028,9,140,11,80364.0,51536.0,80364.0,64263.0,83965215.6,56524.5,62288.5,70916.75,0.5
3029,9,129,11,42848.0,39120.0,50487.0,45493.1,10556542.89,43001.75,46028.5,47894.75,0.3
3029,14,201,16,42848.0,36036.0,45984.0,42257.2,7445371.359999999,41927.75,42812.5,43309.25,0.7
3030,9,134,11,50786.0,46918.0,53619.0,50295.7,3605377.810000001,49160.0,50255.5,50786.0,0.1
3031,9,130,11,61039.0,46621.0,72144.0,64173.8,55076547.55999999,61039.0,65115.0,70496.75,0.4
3032,9,140,11,117530.0,43090.0,117530.0,60442.5,457809899.65,50193.75,53825.0,55816.0,0.3
3032,14,197,16,117530.0,33699.0,52464.0,44552.2,39608371.160000004,41438.25,43300.0,50701.25,0.7
3033,9,144,11,67493.0,29286.0,67493.0,50007.2,79870608.96,47128.0,51132.0,52747.5,0.9
3034,9,130,11,82817.0,43884.0,82817.0,56414.7,148004490.41,48757.0,53184.5,55760.75,0.8
3035,9,124,11,91424.0,49014.0,91424.0,61108.6,138514492.23999995,53333.5,60017.0,62571.25,0.6
3036,9,127,11,60502.0,37643.0,60502.0,51577.2,57792328.760000005,47746.25,53655.5,57778.25,0.9
3037,9,139,11,163899.0,61493.0,163899.0,93166.6,1139808710.84,70137.5,77262.0,111010.5,0.2
3037,14,187,16,163899.0,60904.0,73313.0,66568.4,21285093.24,61960.25,66377.0,71032.5,0.4
3039,9,132,11,62981.0,35830.0,62981.0,50441.6,82528783.44,43145.5,50369.5,58671.0,0.5
3040,9,141,11,89386.0,64947.0,89386.0,76335.3,53513430.809999995,72223.25,76123.0,82039.5,0.5
3040,14,197,16,89386.0,64947.0,79161.0,72622.3,19985072.21,69741.25,73211.0,75861.5,0.7
3041,9,141,11,93763.0,65748.0,93763.0,79112.5,48157890.65,76004.75,80611.5,81609.5,0.9
3042,9,116,11,102072.0,78718.0,102072.0,92917.5,36914601.25,90785.75,93276.5,96588.75,0.2
3043,9,142,11,75062.0,34205.0,75062.0,53924.9,100657372.49000001,49567.25,53116.0,58073.0,0.8
3044,9,141,11,64812.0,55623.0,71768.0,66629.3,22155612.410000004,64595.25,66749.5,70444.0,0.7
3045,9,128,11,74627.0,74627.0,88372.0,80463.5,26055372.25,75818.25,79011.0,84742.5,0.4
3046,9,130,11,55970.0,47554.0,61421.0,55075.4,21909793.64,51006.5,55970.0,58892.5,0.5
3047,9,126,11,78202.0,51321.0,78202.0,59188.0,67375669.0,54139.0,55840.0,59790.25,0.6
3048,9,149,11,83563.0,61763.0,83563.0,69527.3,40041563.410000004,65087.0,68462.5,71132.25,0.0
3048,14,218,16,83563.0,49749.0,69003.0,63379.3,29672026.409999996,62255.25,65257.0,66725.5,0.2
3048,19,280,21,83563.0,48904.0,64917.0,56384.0,33106975.0,50492.0,56398.0,61234.0,0.7
3049,9,147,11,82977.0,62331.0,82977.0,72059.6,65241861.24000001,64005.75,71035.5,79494.25,0.2
3049,14,212,16,82977.0,55664.0,69771.0,63536.9,11299813.690000001,62386.75,63789.0,65085.0,0.4
3050,9,137,11,94967.0,60384.0,94967.0,76046.9,69733457.89000002,72936.75,77101.0,78298.5,0.4
3051,9,136,11,69600.0,61903.0,69600.0,66382.8,5017513.36,65286.25,65966.5,67919.25,0.6
3051,14,202,16,69600.0,60671.0,66848.0,64741.9,3378890.4899999998,64812.25,65331.5,65626.0,0.9
3052,9,125,11,85417.0,66916.0,85417.0,77914.7,27870429.01,74604.0,78489.0,81002.0,0.3
3053,9,136,11,73844.0,32191.0,73844.0,51309.9,112090312.29,47617.5,50566.0,54068.5,0.6
3054,9,132,11,78057.0,56528.0,78057.0,67417.6,42507760.839999996,63112.0,66467.0,70509.0,0.7
3055,9,138,11,85910.0,58481.0,85910.0,70743.6,53629910.24,67103.75,71204.0,72909.25,0.3
3056,9,142,11,108335.0,63975.0,108335.0,88893.7,181652725.61,78697.25,88447.0,100745.5,0.3
3056,14,212,16,108335.0,63975.0,83715.0,77175.6,34973382.839999996,74621.5,78864.0,81827.0,0.7
3057,9,142,11,77922.0,50607.0,77922.0,66296.3,49878613.81,64343.25,67247.5,70432.0,0.6
3059,9,136,11,63115.0,60075.0,68360.0,64651.2,5436405.96,63278.5,64432.0,65668.25,0.0
3059,14,201,16,63115.0,47492.0,64682.0,59574.2,37338805.760000005,60096.0,62141.0,63605.5,0.2
3059,19,260,21,63115.0,47492.0,63086.0,57917.9,27699712.089999996,58298.25,60117.0,61082.75,0.2
3061,9,121,11,56392.0,42842.0,56392.0,45979.6,14558690.239999998,43762.0,44850.0,45989.0,0.6
3063,9,148,11,80848.0,34106.0,80848.0,50878.3,140040472.60999998,45349.0,47215.0,53778.75,0.6
3063,14,215,16,80848.0,34106.0,49239.0,45894.1,18342432.490000002,45349.0,47215.0,48650.75,0.8
3064,9,136,11,80047.0,65087.0,80047.0,67555.0,17935110.2,65718.0,66112.5,67069.0,0.0
3064,14,191,16,80047.0,50375.0,65903.0,61551.9,23473265.69,59232.5,63134.0,65569.75,0.5
3064,19,241,21,80047.0,50375.0,63615.0,59802.4,14871407.639999997,58052.25,60882.5,62936.25,0.7
3065,9,135,11,92714.0,58037.0,92714.0,70425.6,114682450.24000001,62958.0,66120.0,78580.5,0.6
3065,14,192,16,92714.0,50764.0,69276.0,62267.8,27714866.96,58644.0,63585.0,66275.0,0.8
3066,9,134,11,95904.0,61777.0,95904.0,81618.5,116123876.25,78157.75,83856.5,88510.75,0.5
3067,9,142,11,78672.0,55880.0,78672.0,70983.1,59306831.69,66861.25,74370.5,76254.25,0.3
3068,9,111,11,56703.0,43614.0,56703.0,50883.8,15085836.360000003,47868.75,51614.5,54061.5,0.7
3069,9,131,11,108991.0,78448.0,108991.0,89069.6,91108362.64,80937.75,87436.5,93343.0,0.0
3069,14,199,16,108991.0,78448.0,88267.0,84033.4,15090768.64,79745.0,86409.5,87140.25,0.0
3070,9,132,11,96627.0,77818.0,96627.0,87773.7,28476795.610000003,83803.25,88864.0,91021.5,0.0
3070,14,205,16,96627.0,77818.0,88817.0,84808.7,12615920.41,81762.5,86044.5,87981.0,0.0
3070,19,277,21,96627.0,58155.0,85567.0,74290.5,99572934.45,65695.5,79690.5,82143.5,0.4
3070,24,329,26,96627.0,58155.0,80910.0,71136.7,59339615.40999999,65695.5,73670.0,77476.75,0.5
3071,9,126,11,78903.0,34569.0,78903.0,50627.5,166462399.05,44836.5,46934.0,50268.25,0.2
3071,14,180,16,78903.0,33129.0,46403.0,40493.6,17387582.240000002,38450.25,40370.5,44144.5,0.7
3072,9,145,11,126085.0,64561.0,126085.0,91768.1,387879298.49,79977.25,84141.0,107075.5,0.3
3072,14,213,16,126085.0,64561.0,84731.0,78026.0,35324933.6,76640.0,79916.0,82300.0,0.6
3073,9,130,11,98063.0,71618.0,98063.0,86906.7,42488594.21,84795.0,87141.0,90721.75,0.1
3073,14,194,16,98063.0,71618.0,86341.0,79777.2,27661715.559999995,75206.75,81191.0,84241.5,0.6
3074,9,117,11,75844.0,38711.0,75844.0,55651.4,79537655.44,53081.5,56327.0,58394.5,0.4
3075,9,143,11,64853.0,50807.0,72645.0,66092.8,32961930.96,64853.0,68360.0,69084.75,0.5
3076,9,139,11,103055.0,89934.0,103055.0,99311.4,18440372.639999997,98383.75,100833.0,102493.25,0.0
3076,14,207,16,103055.0,75311.0,100119.0,91444.2,72418004.76,88041.0,94564.0,97880.0,0.2
3076,19,269,21,103055.0,75311.0,92902.0,82470.5,31857806.85,77779.75,81130.5,86525.0,0.5
3078,9,124,11,94938.0,67854.0,94938.0,74785.7,54195555.81,69969.25,73021.0,76378.75,0.0
3078,14,189,16,94938.0,36864.0,72310.0,64275.8,114108063.55999999,62374.5,69088.5,70706.25,0.2
3078,19,250,21,94938.0,36864.0,68953.0,55371.3,80550857.60999998,50929.0,55731.0,59585.75,0.7
3080,9,131,11,57159.0,46142.0,57159.0,53072.6,12345377.239999998,51395.25,53483.5,56126.0,0.5
3081,9,140,11,51865.0,40731.0,55565.0,49237.8,28661638.160000004,43665.75,51865.0,53715.25,0.3
3081,14,186,16,51865.0,40731.0,51865.0,44660.7,9055454.61,42959.0,44415.5,45845.5,0.5
3082,9,135,11,81348.0,41263.0,81348.0,52063.3,109796206.00999999,47120.25,49946.0,52755.25,0.7
3083,9,139,11,53369.0,43249.0,56160.0,50137.6,18442388.84,46672.25,50719.5,53468.0,0.5
3083,14,199,16,53369.0,37750.0,50391.0,46328.0,11826423.8,45717.0,47034.0,48223.75,0.7
3084,9,140,11,56119.0,47260.0,56119.0,50949.3,5781984.409999999,49140.25,51042.5,52032.75,0.4
3085,9,128,11,76552.0,47907.0,76552.0,58245.7,91608409.21000001,51233.5,53910.5,65450.75,0.6
3086,9,144,11,73767.0,40059.0,73767.0,54571.4,71412166.44,49942.5,53838.5,56433.75,0.4
3087,9,138,11,61420.0,43941.0,63096.0,56079.1,35503064.09,52810.75,57565.0,61184.5,0.6
3088,9,120,11,33571.0,31220.0,36808.0,34486.9,4262079.889999999,32775.25,34752.5,36397.0,0.9
3089,9,129,11,50211.0,33069.0,50211.0,41204.3,32766262.809999995,36842.0,39154.5,45356.5,0.6
3090,9,132,11,36088.0,29028.0,40061.0,35910.2,12114661.36,33404.0,36088.0,38894.25,0.5
3091,9,149,11,60475.0,41339.0,60475.0,53405.1,26743402.490000002,51120.5,54682.0,56972.25,0.2
3091,14,218,16,60475.0,40005.0,54373.0,48923.0,19103096.2,49107.25,50451.0,50800.75,0.4
3091,19,283,21,60475.0,40005.0,50711.0,46913.3,13648808.61,44711.0,48573.5,50009.5,0.7
3092,9,143,11,73318.0,39735.0,73318.0,57772.5,148595913.45,44969.25,61824.5,68428.0,0.4
3092,14,208,16,73318.0,39735.0,58757.0,45996.6,28677641.439999998,42589.25,44551.0,48442.5,0.8
3093,9,142,11,73214.0,49985.0,73214.0,59263.7,41313883.410000004,55259.75,57902.0,62427.75,0.1
3093,14,197,16,73214.0,49985.0,60048.0,54544.5,10635799.65,51991.75,53923.0,57404.75,0.3
3093,19,264,21,73214.0,47968.0,55295.0,51774.1,4626066.69,50489.5,51307.5,52999.0,0.6
3094,9,129,11,71299.0,56556.0,71299.0,61326.5,16457573.25,58364.0,60864.5,62688.0,0.6
3095,9,137,11,89932.0,55583.0,89932.0,65198.5,87281023.45,60572.5,62859.0,63344.75,0.6
3096,9,142,11,80876.0,43825.0,80876.0,67208.0,114060553.2,62829.25,64733.5,76622.5,0.1
3096,14,208,16,80876.0,43825.0,63735.0,57042.3,43568534.61,53142.5,58503.5,62959.75,0.5
3097,9,141,11,67926.0,48327.0,67926.0,57057.3,44217417.81,51919.5,56392.0,61475.75,0.7
3099,9,129,11,43759.0,42324.0,56634.0,49878.9,24451186.69,44822.5,51270.0,52856.5,0.7
3100,9,126,11,98555.0,74817.0,98555.0,86902.3,54859423.010000005,82302.5,84931.5,92285.75,0.1
3102,9,130,11,85688.0,71719.0,85688.0,75745.3,23000416.410000004,72512.5,72959.0,77016.5,0.7
3103,9,145,11,44386.0,26053.0,44386.0,34901.6,23525747.839999996,32547.25,35614.5,37433.0,0.4
3104,9,116,11,47037.0,35630.0,47037.0,41093.7,13627216.210000003,37295.5,42520.0,43692.0,0.4
3104,14,168,16,47037.0,35630.0,43018.0,38624.6,6169630.44,37030.25,37303.0,40668.5,0.6
3105,9,103,11,52280.0,32625.0,52280.0,39884.7,24607596.009999998,37148.5,40061.0,41212.5,0.4
3105,14,159,16,52280.0,30007.0,39341.0,35380.8,6585510.159999999,34321.5,35382.0,37151.25,0.9
3106,9,126,11,45868.0,35433.0,49625.0,44143.8,26636243.759999998,40773.75,45868.0,48523.5,0.4
3106,14,182,16,45868.0,35433.0,45868.0,40829.9,17865431.090000004,36383.0,41678.0,44916.0,0.7
3107,9,139,11,89958.0,60782.0,89958.0,70832.8,56030661.760000005,68633.5,70022.0,70979.25,0.3
3108,9,142,11,62525.0,46974.0,64278.0,59021.9,27397372.49,56702.25,61302.5,62525.0,0.4
3110,9,124,11,75683.0,36668.0,75683.0,54699.3,102262262.01,49188.0,57216.0,59156.5,0.7
3111,9,132,11,76319.0,63002.0,76319.0,71124.2,15343893.760000002,70016.25,71373.0,73482.5,0.2
3111,14,197,16,76319.0,57850.0,70732.0,66866.8,20554177.76,63850.25,69707.5,70180.75,0.4
3112,9,140,11,97823.0,55073.0,97823.0,76822.4,149163151.04000002,77040.5,78452.5,82637.0,0.2
3112,14,209,16,97823.0,55073.0,78298.0,66667.8,72861491.56000002,59661.25,67736.5,74669.75,0.4
3112,19,275,21,97823.0,55073.0,68429.0,63209.2,24903476.759999998,59661.25,65527.5,67628.75,0.5
3113,9,143,11,71494.0,71494.0,97692.0,89513.7,86084402.81000002,90652.5,92596.5,95380.0,0.1
3114,9,132,11,86619.0,76213.0,110552.0,97509.3,113358603.21,89172.75,99195.0,106895.25,0.2
3114,14,194,16,86619.0,76213.0,98336.0,87728.9,38515464.89,85864.5,86713.5,90219.25,0.5
3115,9,139,11,67475.0,42916.0,67475.0,55557.7,88953634.21000001,47664.25,53420.5,65783.0,0.5
3115,14,207,16,67475.0,42916.0,55688.0,50117.5,15198404.45,47664.25,50235.0,53492.25,0.5
3116,9,139,11,86898.0,55391.0,86898.0,70628.0,117539587.2,61668.0,70102.5,78929.5,0.4
3116,14,203,16,86898.0,55391.0,71907.0,64880.0,24311368.4,61668.0,67030.5,68124.0,0.7
3117,9,141,11,117853.0,87510.0,117853.0,98033.1,93364025.28999999,92194.25,94838.5,97582.5,0.0
3117,14,207,16,117853.0,70095.0,94392.0,85868.4,49643510.44,82496.5,85546.0,91272.75,0.1
3117,19,280,21,117853.0,54239.0,83582.0,74505.6,84459999.24000001,69908.25,78026.5,82134.0,0.5
3117,24,336,26,117853.0,54239.0,80582.0,72769.9,62026265.49000001,69908.25,75854.0,78518.5,0.6
3118,9,139,11,82168.0,54105.0,82168.0,65916.5,54215294.85,61526.5,66438.0,69012.0,0.3
3118,14,202,16,82168.0,45359.0,65529.0,57200.5,29545978.05,54361.25,57199.5,61021.0,0.8
3119,9,141,11,69721.0,54226.0,69873.0,62771.8,29442115.76,59133.0,62236.0,68367.25,0.4
3120,9,136,11,82901.0,64494.0,83011.0,74971.7,42549328.21,71021.25,75866.0,81362.5,0.7
3121,9,139,11,93612.0,76037.0,94643.0,86936.7,58388711.61,80019.25,89596.5,94107.75,0.0
3121,14,210,16,93612.0,65363.0,86285.0,78439.1,44552988.089999996,76090.75,79628.5,84445.75,0.2
3121,19,272,21,93612.0,65363.0,79813.0,74580.0,22876893.2,70708.0,76144.5,78770.5,0.4
3121,24,338,26,93612.0,65363.0,76252.0,71891.9,11929223.489999998,69281.0,72160.5,74827.0,0.7
3122,9,138,11,79416.0,61659.0,80914.0,71829.7,49543196.410000004,65049.75,71901.0,78850.75,0.2
3122,14,201,16,79416.0,61538.0,72013.0,65048.7,17725410.009999998,61958.0,62794.0,68643.5,0.5
3122,19,268,21,79416.0,55341.0,65045.0,62099.0,6309377.0,61720.75,62209.0,63470.75,0.6
3123,9,143,11,56748.0,56748.0,66681.0,61562.8,11583915.76,58392.0,61884.0,63765.75,0.2
3123,14,215,16,56748.0,48508.0,61695.0,57575.9,13619666.690000001,56748.0,57494.5,60642.0,0.6
3124,9,140,11,71443.0,53041.0,71443.0,59340.0,25793559.2,55689.0,58379.0,61246.75,0.7
3125,9,118,11,89906.0,44197.0,89906.0,67247.4,122121036.03999999,63473.75,66898.5,70746.5,0.8
3126,9,145,11,147653.0,77205.0,147653.0,119247.1,402347553.2900001,112456.5,117928.5,133764.75,0.0
3126,14,211,16,147653.0,50024.0,115340.0,80991.8,634797717.76,62493.75,71314.5,108564.5,0.5
3126,19,264,21,147653.0,50024.0,72441.0,62490.8,51122004.160000004,58654.75,64944.0,67618.25,0.9
3127,9,136,11,58478.0,38060.0,72894.0,52534.6,79565009.44,48080.75,50016.0,57601.75,0.7
3128,9,142,11,59615.0,48217.0,59615.0,52189.7,10981624.01,49810.0,50744.0,54205.75,0.5
3129,9,141,11,69323.0,29762.0,69323.0,55476.2,113917726.35999998,51639.75,57755.0,58983.5,0.8
3130,9,141,11,87880.0,68764.0,87880.0,79016.3,49957483.81,72775.75,80468.0,85382.25,0.2
3130,14,203,16,87880.0,68764.0,82009.0,75215.4,23024815.04,70680.5,75162.5,79514.75,0.3
3130,19,265,21,87880.0,64279.0,74674.0,70645.9,8418055.49,69058.0,70881.0,72354.5,0.5
3131,9,133,11,127810.0,74332.0,127810.0,95853.6,227896653.64000002,85568.0,97383.0,104284.0,0.1
3131,14,203,16,127810.0,71330.0,94562.0,82300.8,47000758.56,76652.0,83778.5,85653.25,0.2
3131,19,272,21,127810.0,68277.0,83361.0,74141.5,22437314.85,69947.75,73223.5,77690.0,0.6
3132,9,127,11,70981.0,51072.0,75729.0,69609.3,42888398.809999995,69459.75,70981.0,72505.5,0.1
3133,9,138,11,74250.0,67050.0,74839.0,71325.2,9380758.16,68117.5,72127.0,74229.25,0.2
3134,9,125,11,65848.0,48970.0,65848.0,59000.3,21611287.01,57709.5,59068.5,60442.5,0.7
3135,9,130,11,73046.0,55075.0,73046.0,62948.6,35112950.03999999,57457.25,62046.0,67923.0,0.4
3135,14,205,16,73046.0,55075.0,63350.0,59029.6,7156699.840000001,57023.0,58425.5,60985.5,0.6
3136,9,128,11,52901.0,37043.0,52901.0,47083.9,23242479.689999998,44661.5,47428.5,50536.0,0.8
3137,9,123,11,51887.0,32959.0,51887.0,42337.4,40799226.84,37731.5,40854.0,47635.75,0.5
3137,14,172,16,51887.0,32354.0,40517.0,37314.6,7675644.040000001,35664.0,38134.0,39290.0,0.9
3138,9,142,11,48137.0,41843.0,50659.0,46572.7,7229831.610000001,44641.75,46748.0,48137.0,0.5
3139,9,133,11,44205.0,35940.0,44205.0,41180.2,6214409.96,40471.5,41368.5,42766.5,0.8
3140,9,138,11,60303.0,41796.0,60303.0,47758.2,27052509.359999996,45664.0,46518.0,47592.0,0.3
3140,14,198,16,60303.0,41796.0,47030.0,45137.7,3050813.8099999996,44744.25,45816.0,46348.75,0.5
3141,9,144,11,149928.0,66656.0,149928.0,96555.0,692616466.6,75567.0,88946.0,110289.75,0.3
3141,14,183,16,149928.0,58123.0,84922.0,71218.3,63407521.61,67183.5,69473.5,73702.5,0.8
3142,9,110,11,111013.0,65616.0,111013.0,78516.7,146490932.81,70383.0,76562.5,80604.75,0.5
3143,9,141,11,157004.0,94974.0,157004.0,116252.8,256344419.96000004,109705.5,110800.0,117863.25,0.1
3143,14,213,16,157004.0,94974.0,112883.0,108153.0,25318090.6,106912.75,109855.5,110863.0,0.1
3144,9,141,11,128167.0,102883.0,128167.0,116090.1,52605410.089999996,112143.75,115872.5,121220.0,0.1
3145,9,139,11,63256.0,55182.0,74466.0,67863.4,33716099.84,63936.25,68823.0,73067.25,0.5
3146,9,141,11,103585.0,57797.0,103585.0,74862.9,152528482.09,67313.0,72354.5,80640.75,0.5
3147,9,137,11,51090.0,40412.0,51090.0,46485.6,12542767.84,43332.75,47875.5,48994.0,0.4
3148,9,141,11,55918.0,36458.0,55918.0,44588.2,32043959.359999996,41076.25,43212.5,48608.0,0.4
3148,14,198,16,55918.0,33001.0,43160.0,38878.8,8677079.959999999,36717.5,39665.0,40973.0,0.9
3149,9,141,11,62000.0,31946.0,62000.0,43814.6,60957283.44,40881.25,42589.5,44182.0,0.5
3150,9,135,11,62170.0,39926.0,67485.0,57965.5,74860364.05,58922.0,61619.5,62581.0,0.2
3151,9,104,11,74560.0,49072.0,74560.0,61380.8,77001460.36,53277.5,61371.5,66087.0,0.4
3151,14,162,16,74560.0,47985.0,62517.0,54953.0,26864240.8,50706.5,53590.5,59812.25,0.7
3152,9,137,11,85972.0,36187.0,85972.0,58545.4,154109566.24,53286.5,56175.0,60980.25,0.1
3152,14,200,16,85972.0,36187.0,55907.0,45392.9,52252913.489999995,38617.0,42925.5,52835.25,0.6
3154,9,127,11,47577.0,37389.0,47577.0,43638.4,9481376.84,41544.5,43945.0,46378.5,0.8
3155,9,145,11,85025.0,81383.0,101952.0,93794.3,60509755.21,85649.75,96963.5,100928.0,0.4
3156,9,138,11,139049.0,78067.0,139049.0,105562.3,397128046.81,92041.5,97079.5,121546.75,0.5
3156,14,207,16,139049.0,78067.0,100761.0,93657.5,43113282.25,91866.0,93567.5,99165.0,0.7
3157,9,135,11,112722.0,52600.0,118791.0,87459.7,583929679.8100001,63745.0,92529.0,110958.75,0.4
3157,14,185,16,112722.0,52600.0,87082.0,63429.9,75948415.29,58778.5,62213.5,64757.75,0.9
3158,9,138,11,71837.0,54859.0,71837.0,66970.4,23353307.44,65522.5,67706.5,70715.5,0.3
3159,9,133,11,78551.0,51214.0,78551.0,65150.0,70216685.8,61120.0,66320.0,69346.5,0.3
3160,9,133,11,81165.0,57600.0,81165.0,66203.1,46244409.489999995,61127.0,65016.0,70479.5,0.5
3161,9,141,11,146695.0,77004.0,146695.0,98162.6,556279020.04,82749.75,85054.0,110826.5,0.1
3162,9,133,11,111190.0,53626.0,111190.0,76970.1,410902176.09,60869.25,73044.5,87282.5,0.5
3162,14,202,16,111190.0,53626.0,71418.0,64418.6,35209682.440000005,60869.25,66547.0,68990.5,0.9
3163,9,136,11,69335.0,51790.0,73136.0,63748.3,51374190.41,59908.25,63714.5,69335.0,0.2
3163,14,201,16,69335.0,38442.0,61543.0,52633.2,61316331.56,49200.75,52812.5,60180.75,0.6
3164,9,135,11,75142.0,57488.0,75142.0,67995.8,34558340.760000005,65400.0,70824.5,71796.25,0.2
3164,14,204,16,75142.0,44146.0,70801.0,58284.0,69068306.0,57488.5,58034.5,63198.25,0.7
3165,9,141,11,72872.0,57419.0,72872.0,64378.8,27478306.76,60335.0,63530.0,67541.25,0.1
3165,14,199,16,72872.0,50022.0,64764.0,57538.4,20430793.64,53457.0,58056.5,60845.0,0.5
3165,19,266,21,72872.0,50022.0,57961.0,54894.8,7366117.160000001,52713.75,54919.0,57684.5,0.8
3166,9,130,11,77462.0,55268.0,77462.0,66493.1,59445874.089999996,58843.25,68425.5,72910.25,0.2
3166,14,195,16,77462.0,51227.0,67915.0,58457.5,22370912.65,55592.25,58258.5,61302.5,0.4
3167,9,141,11,67898.0,50408.0,67898.0,60679.3,36229829.410000004,56755.0,60646.5,66793.5,0.2
3167,14,207,16,67898.0,50408.0,58988.0,54147.8,7394658.359999999,52447.0,53263.0,56099.25,0.5
3167,19,269,21,67898.0,45079.0,55221.0,51231.8,8319282.959999999,50563.25,52088.5,52936.75,0.8
3168,9,135,11,77107.0,54355.0,77107.0,71250.0,42990830.2,68753.5,73436.0,75994.0,0.8
3169,9,132,11,60763.0,43241.0,60763.0,50971.7,20388886.609999996,48903.0,49621.0,53480.5,0.6
3170,9,128,11,64779.0,61863.0,67711.0,65046.1,3628133.69,64179.0,64920.0,66652.75,0.1
3170,14,196,16,64779.0,42024.0,64850.0,58815.0,51388476.4,55850.25,61979.0,64579.0,0.5
3170,19,257,21,64779.0,42024.0,62389.0,57477.3,39201070.41,55850.25,60169.5,62037.0,0.7
3171,9,148,11,65732.0,36564.0,65732.0,52907.8,93397589.55999999,45053.25,54818.5,60978.5,0.3
3171,14,214,16,65732.0,34757.0,52900.0,42649.9,32530670.890000004,39398.5,41624.5,43968.25,0.8
3172,9,128,11,38632.0,30130.0,39923.0,35713.3,9598868.01,33399.0,35728.0,38632.0,0.6
3173,9,118,11,62948.0,36091.0,62948.0,45119.3,85372092.80999999,40610.0,40954.0,44612.5,0.6
3175,9,146,11,91142.0,51599.0,91142.0,63989.3,172306899.81000003,54228.0,59837.5,65709.75,0.7
3175,14,214,16,91142.0,51599.0,61108.0,57473.4,12199923.84,54211.75,58540.0,60493.5,0.9
3176,9,140,11,48517.0,41871.0,50703.0,46530.5,7032490.25,44524.25,46782.0,48517.0,0.5
3177,9,140,11,77191.0,63453.0,77191.0,71389.6,14222533.439999998,69880.0,71006.5,73526.25,0.2
3178,9,138,11,47580.0,40675.0,47703.0,45937.6,4260497.4399999995,45282.0,46523.5,47561.5,0.6
3179,9,139,11,67017.0,50254.0,68534.0,65266.9,27292413.290000003,64957.5,67017.0,68224.5,0.7
3180,9,135,11,81487.0,58153.0,81487.0,66823.7,35315783.20999999,64971.75,65088.0,67147.25,0.6
3181,9,142,11,95535.0,78359.0,95535.0,87637.5,31122274.45,82830.75,88127.5,92052.0,0.1
3181,14,208,16,95535.0,66706.0,87871.0,80404.2,32402717.96,78985.75,81861.5,83234.25,0.4
3181,19,276,21,95535.0,66706.0,82503.0,78439.6,21368252.04,76487.75,80582.5,81640.0,0.6
3182,9,131,11,98251.0,59835.0,98251.0,74525.6,100160251.84,71094.75,72970.0,75932.0,0.8
3183,9,148,11,73406.0,39076.0,73406.0,49431.1,114199058.49000001,42560.75,45775.5,49388.0,0.6
3184,9,135,11,69674.0,32867.0,69674.0,47794.7,118420566.80999997,41542.75,43401.0,55184.25,0.3
3184,14,197,16,69674.0,32867.0,46443.0,41555.5,16024925.85,39550.5,42444.0,44094.25,0.4
3184,19,260,21,69674.0,32867.0,42408.0,39451.2,8487138.16,37493.5,40494.5,41792.25,0.7
3185,9,141,11,99345.0,49285.0,99345.0,69082.0,256179151.0,57390.25,61671.0,77646.25,0.6
3185,14,195,16,99345.0,49285.0,65880.0,60191.0,24484242.4,57390.25,61167.0,64229.75,0.8
3186,9,130,11,71791.0,57126.0,71791.0,62648.3,22055375.609999996,57612.75,64114.5,65105.5,0.4
3187,9,144,11,77009.0,64070.0,77009.0,69671.3,10653438.41,68498.0,69666.5,70957.25,0.0
3187,14,216,16,77009.0,55248.0,70004.0,64617.8,25410706.76,62957.75,65761.0,68916.0,0.3
3187,19,281,21,77009.0,54335.0,67644.0,61218.3,23631565.01,56098.5,63328.5,65269.25,0.5
3188,9,122,11,66492.0,55860.0,66492.0,62393.8,9372630.36,61031.25,63411.5,64456.75,0.2
3188,14,183,16,66492.0,54497.0,64024.0,60708.7,10022702.010000002,59058.25,62039.0,62809.5,0.3
3189,9,141,11,86228.0,51598.0,86228.0,66037.6,85085274.44000003,59275.5,68048.0,69910.5,0.4
3189,14,208,16,86228.0,51598.0,68131.0,61308.6,28210342.04,56736.25,62923.5,65120.25,0.7
3190,9,137,11,98827.0,62678.0,98827.0,72697.2,110481951.35999998,65669.75,69628.5,72734.75,0.4
3191,9,132,11,44098.0,39430.0,46625.0,43403.3,3155293.81,42637.0,43884.0,44118.25,0.4
3192,9,138,11,45146.0,31728.0,45146.0,37501.9,18260176.490000002,34746.25,37287.0,38667.75,0.7
3193,9,123,11,56287.0,29974.0,56287.0,39567.6,51536141.239999995,35438.75,39338.5,41871.25,0.4
3194,9,123,11,37349.0,28791.0,37349.0,33022.0,6781722.0,31114.5,32949.5,35264.0,0.8
3195,9,139,11,89989.0,52133.0,89989.0,71974.7,119251193.80999999,63158.75,75685.5,76710.75,0.5
3196,9,141,11,94537.0,55372.0,95090.0,82016.3,167098349.81,76594.5,82815.0,94386.25,0.2
3196,14,209,16,94537.0,52179.0,83088.0,73223.5,126360349.25,66847.0,77969.0,82813.0,0.4
3197,9,137,11,88938.0,63634.0,88938.0,73676.3,69989183.61,66955.5,71585.5,79626.25,0.1
3197,14,201,16,88938.0,59639.0,70566.0,67335.3,10958373.61,66328.0,68353.5,69978.25,0.2
3198,9,133,11,90974.0,65600.0,90974.0,76507.7,43020898.81,75193.25,76433.5,78595.75,0.0
3198,14,205,16,90974.0,59735.0,75857.0,69419.8,28660004.959999997,66181.75,69800.0,74379.5,0.2
3198,19,276,21,90974.0,57106.0,71591.0,64891.4,19744318.64,62457.25,64505.5,67988.5,0.5
3199,9,140,11,110416.0,36000.0,110416.0,54290.9,456807173.2900001,45100.25,46736.0,48799.75,0.6
3200,9,130,11,57318.0,45921.0,64373.0,56773.9,31169593.49,57233.25,58292.5,59913.75,0.4
3202,9,107,11,27597.0,16408.0,27597.0,20333.8,7512766.960000001,19138.0,19683.5,20955.5,0.6
3204,9,143,11,102679.0,71399.0,102679.0,78011.0,75562316.6,73167.25,75551.0,77617.25,0.2
3204,14,203,16,102679.0,71399.0,77406.0,74654.6,3693967.44,73167.25,75241.5,75828.75,0.2
3204,19,273,21,102679.0,65348.0,75221.0,70615.1,12643218.09,67035.0,71646.0,73338.0,0.6
3205,9,130,11,71840.0,47089.0,71840.0,57695.8,42704388.160000004,54543.75,56164.5,61540.25,0.5
3206,9,113,11,52583.0,49358.0,57154.0,54819.9,5871868.69,53185.25,55614.0,56819.0,0.4
3207,9,134,11,78537.0,45344.0,78537.0,58800.2,73304345.56,53925.5,58979.5,61233.25,0.4
3208,9,139,11,49687.0,34249.0,58164.0,47105.4,39901179.44,43804.5,48391.0,49701.25,0.7
3209,9,127,11,47451.0,40586.0,55655.0,48960.0,29639700.2,45305.25,48968.0,54058.75,0.5
3210,9,126,11,118765.0,45426.0,118765.0,62544.0,430973753.6,49262.25,58122.5,59534.25,0.8
3211,9,124,11,117250.0,50019.0,117250.0,74741.6,318222060.44,62030.25,72616.0,79761.75,0.5
3211,14,180,16,117250.0,50019.0,74223.0,66724.4,52303733.239999995,62030.25,69223.0,72427.0,0.7
3212,9,127,11,37214.0,26543.0,37214.0,31094.1,8694807.49,28945.25,31210.5,32567.0,0.8
3213,9,147,11,29499.0,20283.0,35384.0,28078.5,17028689.45,25752.5,28398.5,29499.0,0.7
3214,9,133,11,82950.0,73440.0,87082.0,80880.8,15276523.76,78123.25,81084.5,83739.75,0.1
3214,14,182,16,82950.0,70616.0,80419.0,76320.9,8986955.690000001,74058.75,77322.5,78217.75,0.3
3215,9,141,11,112657.0,78265.0,112657.0,97566.9,102950743.09,91203.75,97073.5,103434.5,0.1
3215,14,207,16,112657.0,69543.0,94845.0,82556.7,79884582.80999999,75429.25,82236.5,89950.0,0.6
3218,9,142,11,97238.0,70199.0,97238.0,84193.8,74518095.56,79968.5,84777.5,90818.0,0.2
3218,14,202,16,97238.0,70199.0,83330.0,78255.3,18356275.81,78697.75,79080.5,80286.5,0.2
3219,9,146,11,77184.0,61651.0,77184.0,69449.1,24708784.29,66370.0,68625.5,73059.5,0.6
3220,9,130,11,118288.0,82464.0,119269.0,108675.1,169514964.08999997,98724.25,115383.5,117952.75,0.0
3220,14,188,16,118288.0,71994.0,115329.0,93061.0,182188869.4,82407.0,92727.5,97816.0,0.1
3220,19,256,21,118288.0,65002.0,92247.0,77337.8,56014137.16000001,72317.75,77221.5,82341.75,0.6
3220,24,309,26,118288.0,65002.0,81848.0,74756.0,22990434.6,72317.75,75286.5,78385.0,0.9
3221,9,129,11,40723.0,39994.0,45127.0,42553.0,3794567.4,40737.0,42405.5,44290.0,0.6
3222,9,135,11,54038.0,40956.0,54038.0,46018.7,20001752.21,42594.75,45513.5,46688.25,0.5
3223,9,136,11,74239.0,59014.0,74239.0,65748.1,22568941.690000005,62082.25,65029.5,68984.25,0.6
3224,9,134,11,75845.0,64492.0,83462.0,77279.1,25484785.49,75845.0,77821.0,80723.5,0.5
3225,9,139,11,142159.0,63739.0,142159.0,90150.9,608567422.8900001,64584.5,94364.5,102231.0,0.4
3225,14,191,16,142159.0,55019.0,91365.0,66522.8,83525920.96000001,63797.5,64708.0,67515.0,0.7
3226,9,138,11,92355.0,67570.0,92355.0,74373.3,44709593.61,70020.25,74175.0,75413.0,0.9
3227,9,139,11,83711.0,50819.0,83711.0,64715.5,98961253.65,58482.5,63325.0,69945.75,0.3
3227,14,194,16,83711.0,48346.0,60085.0,55559.5,13841042.25,53063.25,56313.0,58543.0,0.8
3228,9,136,11,78905.0,46324.0,78905.0,59049.5,110529633.65,53321.25,56559.0,58096.75,0.4
3229,9,140,11,127081.0,106233.0,127081.0,117270.5,47129737.65,111197.75,116676.0,123567.25,0.0
3229,14,213,16,127081.0,97403.0,115789.0,108444.3,40466148.41,105861.75,109618.5,114324.5,0.2
3230,9,138,11,104204.0,81377.0,104204.0,94258.4,76752549.24,85345.0,96046.5,102222.5,0.3
3230,14,196,16,104204.0,81377.0,95944.0,88276.7,27030297.410000004,83296.25,89132.0,92162.0,0.5
3231,9,141,11,76907.0,43145.0,76907.0,59622.3,99246851.21000001,55653.25,57920.0,64317.0,0.2
3231,14,208,16,76907.0,37926.0,57481.0,47205.4,42683797.239999995,42413.75,45557.5,53563.0,0.7
3232,9,138,11,81351.0,54809.0,81351.0,68680.6,69352430.83999999,63264.0,69012.0,72860.0,0.5
3233,9,144,11,98279.0,68589.0,98279.0,81411.2,91662498.76,72642.75,80898.5,86051.25,0.4
3234,9,135,11,82184.0,60058.0,82762.0,76991.6,42395869.24,75070.25,79119.5,81819.0,0.1
3234,14,198,16,82184.0,56783.0,78791.0,71180.3,52564864.010000005,67400.75,74203.0,76546.75,0.3
3234,19,264,21,82184.0,56783.0,73916.0,65733.2,23257844.959999997,63994.25,65803.5,67128.25,0.6
3235,9,131,11,81014.0,64602.0,83793.0,73484.8,35246674.76,70117.0,71347.5,78823.5,0.2
3236,9,144,11,62093.0,43592.0,62093.0,53135.5,28713466.65,48611.0,55105.0,56211.75,0.5
3237,9,135,11,67316.0,54679.0,67316.0,60875.2,17985878.160000004,56978.5,61704.5,64222.25,0.6
3238,9,148,11,31298.0,28835.0,38428.0,33441.9,10275124.690000001,31298.0,32699.5,35693.25,0.6
3239,9,133,11,55638.0,27942.0,55638.0,39625.8,99760038.16,33223.25,34504.5,48272.5,0.6
3240,9,132,11,118531.0,65614.0,118531.0,81602.7,237211816.81,71498.25,76509.0,85432.5,0.6
3241,9,131,11,91329.0,74213.0,91329.0,81269.3,32256531.409999996,77778.0,79340.5,82877.0,0.3
3242,9,134,11,75941.0,50812.0,75941.0,65633.7,64896923.21,60912.75,62896.0,73520.75,0.2
3242,14,204,16,75941.0,50812.0,63770.0,59647.7,11237468.610000001,59234.25,60267.5,61468.5,0.5
3243,9,123,11,81238.0,61359.0,81238.0,71864.8,40955278.36,67611.0,70942.5,76681.25,0.0
3243,14,182,16,81238.0,61359.0,67965.0,65088.6,6147650.4399999995,62543.5,65761.0,67525.0,0.0
3243,19,247,21,81238.0,61359.0,66849.0,64046.9,2976745.8899999997,62543.5,64083.5,65554.75,0.0
3244,9,110,11,64414.0,64414.0,84795.0,73659.6,63662722.04000001,66011.5,72622.0,81222.0,0.5
3245,9,135,11,156347.0,62506.0,156347.0,94896.4,830692476.0400001,75808.5,84310.5,102617.5,0.5
3245,14,191,16,156347.0,62506.0,86116.0,78159.4,52447671.84,75808.5,80114.5,83183.0,0.8
3246,9,142,11,47053.0,35432.0,50124.0,44667.3,23384396.809999995,42637.25,46347.0,48221.5,0.2
3246,14,213,16,47053.0,30683.0,45641.0,39150.8,18171103.96,36429.25,39011.5,42730.0,0.6
3247,9,150,11,84288.0,59529.0,89895.0,74671.1,145004268.08999997,62528.5,76043.5,85001.25,0.4
3247,14,222,16,84288.0,59529.0,68522.0,63927.5,9673405.85,61542.75,63187.0,67111.5,0.6
3248,9,134,11,104273.0,63173.0,104273.0,73704.6,131008246.04,67011.25,69447.0,76165.5,0.5
3248,14,190,16,104273.0,53733.0,70209.0,66262.5,22316732.05,65175.0,67565.0,69402.25,1.0
3249,9,127,11,75298.0,62847.0,75298.0,68843.7,11000949.61,66258.0,69646.5,70529.0,0.5
3250,9,138,11,89433.0,56705.0,89433.0,66379.1,74751643.28999999,61157.5,64312.5,67982.25,0.6
3251,9,115,11,87549.0,34365.0,87549.0,56752.0,259891839.6,43349.75,57447.0,66807.5,0.7
3252,9,119,11,83638.0,48310.0,83638.0,59139.2,89369394.56000002,54257.5,58605.0,60663.0,0.3
3253,9,122,11,82198.0,41695.0,82198.0,59403.3,126118516.41,50428.0,61055.5,61689.75,0.8
3254,9,140,11,88874.0,51300.0,88874.0,61841.1,102484312.29,55102.25,59408.0,64446.0,0.9
3255,9,136,11,57230.0,39443.0,57230.0,49562.3,40068234.61,44469.25,50039.0,55714.25,0.8
3256,9,142,11,76430.0,57915.0,80126.0,66489.7,57800108.81,61469.5,63226.5,73518.75,0.1
3256,14,209,16,76430.0,52157.0,63504.0,59015.8,17445949.160000004,55953.0,60373.5,62714.5,0.4
3256,19,278,21,76430.0,52157.0,60512.0,57389.1,9218548.29,55593.0,58589.0,59943.25,0.5
3257,9,136,11,60571.0,45560.0,60571.0,53824.7,23453840.61,50463.0,52998.5,58230.0,0.3
3257,14,201,16,60571.0,42826.0,53115.0,49054.1,10819200.69,46403.0,49663.0,51989.75,0.7
3258,9,131,11,127494.0,48269.0,127494.0,73398.0,587196671.2,59354.0,63843.5,72152.25,0.6
3259,9,136,11,77377.0,61496.0,77377.0,70449.2,24603503.36,66169.0,71634.0,73873.75,0.1
3259,14,208,16,77377.0,57966.0,71882.0,64868.2,18439493.56,61645.75,64883.0,67159.0,0.3
3260,9,142,11,103764.0,43446.0,103764.0,63190.7,289253510.81,53983.0,59063.5,59720.25,0.8
3261,9,128,11,49376.0,37244.0,49376.0,41414.7,12652801.610000003,38560.0,40886.5,42327.25,0.4
3262,9,141,11,39006.0,28434.0,39006.0,31904.1,7864831.090000001,30369.25,32078.5,32287.75,0.8
3263,9,131,11,94957.0,54287.0,94957.0,65904.7,124794787.00999999,60345.25,62883.5,64341.5,0.1
3263,14,195,16,94957.0,50414.0,62744.0,58609.4,14411439.440000001,56498.5,59805.0,61467.25,0.3
3264,9,138,11,94220.0,47822.0,94220.0,63659.7,160595436.41,58380.5,60749.5,68980.25,0.3
3266,9,116,11,37975.0,23458.0,37975.0,26180.1,16591552.690000001,24124.25,25174.0,25490.0,0.7
3267,9,122,11,69484.0,52656.0,69484.0,59273.3,21340054.21,56934.5,58179.0,61886.75,0.4
3268,9,141,11,75234.0,40916.0,75234.0,55574.0,128151597.0,47448.0,51974.0,63676.0,0.6
3269,9,143,11,108756.0,57213.0,108756.0,78938.9,172200451.48999998,70021.5,79932.0,84767.0,0.3
3269,14,205,16,108756.0,57213.0,79578.0,72589.9,37802839.89,70021.5,75047.5,76103.25,0.3
3270,9,132,11,96436.0,82471.0,99082.0,92060.7,38851826.21,85860.25,95401.0,96633.25,0.0
3270,14,192,16,96436.0,82471.0,94366.0,86451.4,8631607.24,85638.5,86133.0,86648.25,0.0
3270,19,264,21,96436.0,69415.0,86158.0,81565.5,30108867.45,81334.25,83202.5,85817.5,0.2
3271,9,143,11,65595.0,47090.0,65595.0,59419.3,33790394.61,55839.75,60986.5,64388.5,0.4
3272,9,144,11,64016.0,43728.0,64016.0,56771.7,45613187.809999995,54918.0,57329.0,62859.75,0.6
3273,9,144,11,83145.0,57540.0,83145.0,70413.9,44489450.29,67991.75,69583.0,72077.0,0.1
3273,14,215,16,83145.0,57540.0,70409.0,66453.3,14846652.61,65162.75,68166.5,69144.5,0.2
3274,9,142,11,64945.0,54515.0,64945.0,60179.9,8383687.690000002,59067.0,60285.5,61490.5,0.1
3274,14,203,16,64945.0,52639.0,60230.0,56780.1,6464601.889999999,54543.25,56719.5,58978.5,0.4
3274,19,277,21,64945.0,52639.0,57220.0,55276.5,1817138.25,54476.75,54921.5,56578.75,0.6
3275,9,143,11,70254.0,57006.0,70254.0,61714.2,14210950.960000003,58798.75,61037.5,63967.0,0.0
3275,14,211,16,70254.0,54634.0,60656.0,57889.1,3114362.0899999994,57199.75,58325.5,58767.25,0.1
3277,9,137,11,68330.0,51387.0,68330.0,58897.4,26527842.04,56045.5,58012.5,62993.75,0.5
3277,14,202,16,68330.0,44220.0,58154.0,53562.4,19282897.64,51710.5,55535.0,56509.0,0.8
3278,9,138,11,61108.0,50129.0,66835.0,61180.2,25158813.560000002,60982.75,62324.0,64028.5,0.2
3279,9,130,11,143390.0,45421.0,143390.0,101077.8,1258801426.36,70013.75,104305.0,134545.75,0.3
3279,14,178,16,143390.0,45421.0,102448.0,67442.6,279011291.04,54462.5,64636.5,72828.5,0.8
3280,9,140,11,91926.0,72545.0,93648.0,84579.3,66170536.010000005,75620.0,88700.5,91832.5,0.0
3280,14,207,16,91926.0,69635.0,87681.0,74402.7,23759055.809999995,71361.75,72944.5,75540.0,0.3
3281,9,135,11,82999.0,62884.0,82999.0,70955.5,39754517.85,66461.25,69197.5,74411.75,0.3
3282,9,151,11,63275.0,63275.0,70028.0,66206.4,4934787.24,65060.5,65604.0,67496.5,0.5
3283,9,146,11,61320.0,48212.0,68842.0,58677.3,24944191.810000002,56219.25,59031.0,61083.0,0.3
3284,9,140,11,68306.0,44387.0,68306.0,54286.6,44759350.64,49073.75,54732.5,56932.75,0.4
3284,14,205,16,68306.0,44387.0,54641.0,49647.9,8207902.69,47895.75,49754.5,51658.0,0.9
3285,9,144,11,86654.0,47143.0,86654.0,63976.2,178607517.56,54838.0,58813.5,72434.75,0.2
3285,14,218,16,86654.0,41478.0,56420.0,50144.4,25961246.439999998,46236.25,49346.0,55614.5,0.6
3286,9,132,11,61385.0,50870.0,76092.0,62617.0,37912087.6,60872.0,61600.0,64616.75,0.4
3286,14,201,16,61385.0,50870.0,61815.0,59184.9,11138219.889999999,58599.25,60914.0,61348.75,0.8
3287,9,139,11,97615.0,47868.0,97615.0,63604.2,172459715.16000003,56136.0,61425.5,66237.25,0.6
3288,9,128,11,96458.0,59286.0,98171.0,85395.1,201806383.69,73824.5,94094.5,97319.0,0.4
3288,14,192,16,96458.0,59286.0,92899.0,81444.3,127824710.01000002,73824.5,86359.0,91033.5,0.6
3289,9,127,11,70898.0,34615.0,70898.0,50389.6,100191630.64,47020.5,51567.5,53994.25,0.8
3291,9,110,11,50837.0,28787.0,50837.0,38490.5,48201190.25,34200.0,36764.5,40696.75,0.4
3292,9,103,11,27597.0,18125.0,27597.0,24625.7,8463350.61,23109.5,25251.5,26927.75,0.9
3293,9,148,11,80590.0,58135.0,91969.0,74594.8,113286202.96,64681.0,76916.5,80590.0,0.3
3293,14,215,16,80590.0,54673.0,76578.0,63597.8,56844551.36,57970.0,60593.5,68670.25,0.7
3295,9,143,11,84226.0,70169.0,84226.0,78008.8,12872474.360000003,76529.5,77459.0,80470.75,0.0
3296,9,126,11,111317.0,54747.0,111317.0,74966.1,238115082.29000002,65164.5,71186.5,82458.5,0.4
3297,9,146,11,66610.0,49842.0,70512.0,60716.3,48031204.61,54031.75,61836.5,66610.0,0.4
3297,14,210,16,66610.0,49842.0,60013.0,55497.2,9330777.959999999,53221.5,55610.0,57606.5,0.8
3298,9,117,11,122772.0,49587.0,122772.0,74756.7,486758842.21000004,57734.25,69380.0,79979.75,0.5
3299,9,122,11,66991.0,55875.0,69188.0,64556.2,12328242.16,63637.0,65367.0,66803.25,0.7
3300,9,140,11,98739.0,60012.0,98739.0,82057.8,128552504.16,73252.0,84921.5,89216.0,0.5
3300,14,211,16,98739.0,60012.0,87033.0,77357.5,64560163.65,71788.25,80062.0,83331.75,0.7
3301,9,140,11,97639.0,49859.0,97639.0,72621.6,126191374.64000002,68778.0,72515.0,75945.25,0.7
3302,9,136,11,113641.0,70363.0,113641.0,96772.0,212693679.8,85395.0,104936.0,108175.0,0.2
3302,14,195,16,113641.0,70363.0,102888.0,84399.5,63517348.65,80219.75,85213.5,86812.5,0.3
3303,9,130,11,113757.0,67498.0,113757.0,86817.4,202969678.84,81243.25,84041.0,89622.0,0.1
3303,14,202,16,113757.0,67498.0,82812.0,75102.8,30268997.96,69486.0,75572.0,79966.0,0.2
3303,19,261,21,113757.0,56743.0,75574.0,70322.6,28007189.04,68487.5,71667.0,74338.0,0.3
3304,9,125,11,109780.0,77656.0,109780.0,87663.3,72833462.00999999,83724.0,86660.0,88559.5,0.0
3304,14,194,16,109780.0,56301.0,86131.0,77957.7,73068072.41,77816.25,79857.0,83091.25,0.2
3305,9,138,11,65723.0,55425.0,66894.0,62991.6,13850632.040000001,60267.25,65189.5,65723.0,0.4
3306,9,124,11,82912.0,54659.0,82912.0,67664.7,48327352.40999999,65732.0,67745.0,69975.25,0.7
3307,9,105,11,71155.0,44474.0,71155.0,53729.1,86817739.49,46682.25,48808.5,62160.5,0.6
3308,9,138,11,70391.0,57401.0,70391.0,64322.7,21189522.810000002,59870.75,65670.0,67712.5,0.5
3309,9,126,11,38648.0,31247.0,38648.0,34890.1,4559927.290000001,33824.5,34674.5,36314.25,0.6
3310,9,119,11,30578.0,26488.0,31843.0,29419.8,2424176.56,28398.5,29784.0,30568.25,0.6
3311,9,127,11,39824.0,29411.0,41135.0,35340.0,13950382.8,32361.75,35029.0,38927.0,0.1
3311,14,175,16,39824.0,26945.0,34062.0,30884.8,4365622.76,29170.25,31772.0,32321.0,0.5
3312,9,135,11,71715.0,69298.0,77881.0,73683.6,8898978.040000001,71715.0,73125.0,76215.0,0.3
3313,9,131,11,72813.0,64368.0,72813.0,69212.8,7998419.959999999,67164.25,68609.5,72072.5,0.4
3314,9,141,11,76228.0,50426.0,76228.0,63608.9,78235739.89000002,57304.0,64288.0,69657.5,0.7
3315,9,134,11,69155.0,61051.0,69155.0,65487.6,8034498.24,63256.25,65612.0,68382.25,0.2
3315,14,201,16,69155.0,59254.0,65471.0,62784.3,2729055.41,62214.0,62825.5,63913.25,0.4
3317,9,113,11,93116.0,68593.0,93116.0,76137.6,46953484.64,71966.5,74049.5,79351.0,0.0
3317,14,178,16,93116.0,68593.0,74877.0,72052.1,4748980.6899999995,70532.25,72149.0,74124.5,0.0
3318,9,142,11,57309.0,55574.0,61432.0,58537.3,3095419.21,57309.0,58082.0,60182.25,0.6
3319,9,141,11,50380.0,48732.0,60249.0,54710.9,17825855.09,50478.5,55142.0,58843.5,0.3
3321,9,140,11,81748.0,49362.0,81748.0,65706.0,121875131.4,60645.0,63038.0,74606.5,0.4
3321,14,205,16,81748.0,49362.0,63857.0,59512.9,25164785.49,60547.25,61190.5,62585.5,0.7
3322,9,135,11,77430.0,61434.0,77430.0,70411.3,29300618.810000002,65422.0,72676.0,72912.75,0.4
3322,14,199,16,77430.0,58511.0,72768.0,67825.2,26660502.759999998,63492.25,70297.0,72512.25,0.5
3323,9,125,11,75153.0,49518.0,75153.0,61883.2,83606997.36,55061.0,61182.0,69794.75,0.2
3323,14,193,16,75153.0,49518.0,59843.0,55425.2,10883314.76,53894.75,56611.0,57481.75,0.2
3323,19,259,21,75153.0,38027.0,56321.0,50235.7,27950805.21000001,48147.0,51147.5,54392.25,0.5
3324,9,135,11,50731.0,43550.0,54312.0,51136.6,8279602.239999999,50731.0,51181.5,52640.25,0.1
3324,14,200,16,50731.0,43550.0,52338.0,49290.9,7484748.69,47798.0,50543.0,50982.25,0.2
3325,9,141,11,61301.0,42649.0,61301.0,55811.8,22123474.16,55798.0,56791.5,58015.0,0.1
3326,9,141,11,108723.0,80999.0,108723.0,97358.3,53042601.81,94341.25,96853.5,101394.5,0.0
3326,14,205,16,108723.0,80999.0,98085.0,93566.0,23765404.2,93376.75,94993.0,96729.75,0.0
3327,9,108,11,32586.0,25628.0,32586.0,28389.4,2773680.2399999998,27814.5,28038.0,28475.25,0.9
3328,9,144,11,55138.0,42669.0,59908.0,51858.2,28338167.959999997,47393.25,53395.5,55138.0,0.3
3328,14,205,16,55138.0,42669.0,53382.0,49131.6,14754612.440000003,45242.75,50950.5,52297.75,0.4
3329,9,137,11,71306.0,64700.0,76481.0,71038.8,16185271.160000002,67557.0,71306.0,74802.5,0.0
3329,14,206,16,71306.0,50307.0,71306.0,64190.0,38600019.8,60305.5,65416.0,69221.0,0.4
3330,9,142,11,83065.0,57638.0,83065.0,63950.9,44851370.89,60956.25,62585.5,63519.25,0.6
3331,9,135,11,80236.0,62110.0,83605.0,77900.0,37577496.0,78082.75,80236.0,81317.75,0.1
3331,14,203,16,80236.0,58107.0,80236.0,71744.8,44763177.160000004,70543.0,72123.0,77194.75,0.2
3332,9,135,11,127672.0,109723.0,127672.0,117744.6,20804193.44,115101.75,118025.0,118313.5,0.0
3333,9,133,11,105163.0,80318.0,107570.0,103217.0,59820809.4,104830.25,105163.0,106951.25,0.2
3334,9,134,11,60637.0,44188.0,60637.0,50811.2,21327955.560000002,47639.25,50117.5,53933.5,0.6
3334,14,198,16,60637.0,40393.0,51355.0,48048.9,11675291.690000001,46427.5,49270.0,50886.75,0.7
3335,9,141,11,60931.0,42303.0,60931.0,53235.8,27562884.759999998,52486.5,53332.5,54526.0,0.2
3335,14,205,16,60931.0,42303.0,53499.0,50653.8,10416006.16,50908.25,51471.5,52777.5,0.6
3336,9,137,11,61181.0,46211.0,61181.0,54591.5,14750202.85,52904.0,55142.0,56921.25,0.3
3336,14,206,16,61181.0,46211.0,55275.0,53264.3,7024244.409999999,52904.0,54071.0,55079.0,0.3
3337,9,126,11,93167.0,54074.0,93167.0,69073.1,137603238.69,58727.25,71255.0,74633.25,0.4
3337,14,192,16,93167.0,54074.0,71666.0,62962.4,40024090.239999995,58305.0,62183.5,68870.75,0.5
3338,9,141,11,106266.0,64642.0,106266.0,78496.9,152592235.29,72354.0,73811.0,76059.25,0.3
3338,14,211,16,106266.0,59841.0,74566.0,68882.0,25772416.2,64093.75,72092.0,72840.0,0.6
3339,9,128,11,39435.0,39435.0,51493.0,46903.7,17741778.21,45953.25,47365.0,50430.0,0.5
3340,9,137,11,62488.0,32291.0,62488.0,54097.1,67870564.09,52401.25,55331.5,59047.25,0.6
3341,9,127,11,102733.0,59025.0,102733.0,76028.3,210315222.21,65338.75,70406.5,83482.75,0.6
3341,14,190,16,102733.0,59025.0,75404.0,68233.0,20219132.0,65338.75,68764.0,71298.0,0.7
3342,9,145,11,112146.0,64839.0,112146.0,89565.8,171011655.96,85175.0,87113.0,99035.5,0.1
3343,9,135,11,87908.0,64243.0,89665.0,80501.9,84724317.49,74651.5,84602.5,87908.0,0.2
3343,14,199,16,87908.0,61449.0,84207.0,69444.2,44571842.36,64595.5,67244.0,72711.0,0.5
3344,9,137,11,106769.0,62682.0,106769.0,82629.5,223620545.25,69945.5,82262.5,90445.75,0.3
3344,14,186,16,106769.0,59053.0,79936.0,70542.0,43547895.8,65909.75,71057.0,76064.0,0.6
3345,9,146,11,102755.0,78681.0,102755.0,92483.4,54192255.04,87720.25,93865.5,98141.75,0.0
3345,14,197,16,102755.0,70206.0,93777.0,81637.3,45776749.01,78351.0,80060.0,86001.25,0.2
3345,19,260,21,102755.0,70206.0,83404.0,78133.6,16072676.039999997,75658.0,78810.0,80978.25,0.3
3346,9,132,11,64455.0,51109.0,64455.0,55629.0,10956370.2,54508.5,55221.5,55556.75,0.3
3346,14,198,16,64455.0,45759.0,55352.0,53062.8,8900533.36,51565.75,54673.0,55221.75,0.5
3347,9,126,11,46713.0,46713.0,56060.0,51178.0,11230354.4,48436.5,51226.5,53322.25,0.7
3348,9,131,11,67876.0,53915.0,67876.0,59194.6,14837077.040000001,56173.5,59756.5,60741.5,0.1
3348,14,196,16,67876.0,48895.0,58830.0,54710.2,8145995.359999999,52997.75,54879.5,56362.5,0.5
3349,9,147,11,49643.0,48920.0,55364.0,51436.0,4327788.8,49822.25,50848.5,51911.25,0.7
3350,9,124,11,50275.0,35209.0,50275.0,43819.8,20750748.56,41140.5,42285.5,47389.25,0.8
3352,9,133,11,65727.0,43307.0,65727.0,52411.5,55867584.05,46885.0,51203.0,54358.0,0.5
3353,9,135,11,46063.0,35843.0,46748.0,43849.5,12140391.05,41516.25,46063.0,46533.75,0.9
3354,9,138,11,53226.0,40504.0,53226.0,48056.0,12248808.0,46750.0,47877.5,49711.0,0.4
3356,9,137,11,59132.0,49843.0,59132.0,53808.2,7971862.159999999,52218.75,52986.5,54978.75,0.1
3357,9,146,11,59839.0,50224.0,62512.0,58337.1,12460512.290000001,56271.0,59642.5,60160.0,0.3
3358,9,129,11,74043.0,50507.0,78005.0,70819.5,58303349.25,68087.75,74043.0,75711.75,0.5
3359,9,136,11,62314.0,56092.0,71816.0,64564.2,18962410.159999996,62314.0,64561.0,67893.5,0.5
3360,9,137,11,96812.0,59422.0,96812.0,75510.3,135905620.20999998,69138.5,71591.5,80161.75,0.1
3360,14,211,16,96812.0,59422.0,71297.0,68118.7,14432034.010000002,67047.5,69953.5,70762.75,0.1
3360,19,272,21,96812.0,50521.0,69890.0,62451.0,32790709.0,59576.75,61534.5,67760.75,0.5
3361,9,137,11,90847.0,57548.0,90847.0,68167.6,115952255.24000001,59971.25,63081.0,75226.0,0.0
3361,14,209,16,90847.0,47596.0,65902.0,58888.4,32325922.839999996,57867.75,60019.5,62428.0,0.2
3362,9,144,11,60425.0,45913.0,60425.0,54928.0,17166621.6,53285.0,55680.5,56942.25,0.3
3363,9,136,11,100635.0,64151.0,100635.0,77745.2,140804970.16,67732.0,76296.0,80587.75,0.3
3363,14,208,16,100635.0,64151.0,76130.0,69422.2,12631255.559999999,66980.25,69398.5,71527.75,0.5
3364,9,139,11,62819.0,44232.0,62819.0,52660.5,27979619.85,49013.5,52196.5,54409.25,0.7
3366,9,138,11,58242.0,44730.0,58242.0,51986.3,12615708.41,50414.25,51864.5,54300.75,0.6
3366,14,193,16,58242.0,41754.0,53685.0,49276.2,11684153.360000003,49201.5,50012.5,50436.0,0.9
3367,9,141,11,98290.0,63072.0,98290.0,78514.1,75161458.89,77383.0,78494.5,80372.5,0.2
3368,9,131,11,69467.0,65466.0,76203.0,72763.0,11093989.2,70387.75,73789.5,75341.25,0.2
3369,9,139,11,76251.0,62012.0,84760.0,76715.3,53149962.809999995,76251.0,78617.5,81838.25,0.2
3369,14,198,16,76251.0,62012.0,78349.0,72560.3,29457675.810000002,69549.0,75655.5,76251.0,0.2
3369,19,259,21,76251.0,59263.0,75168.0,68227.9,21204788.490000002,65599.75,69343.5,71131.5,0.4
3370,9,136,11,114183.0,38317.0,114183.0,63225.3,449096248.2099999,51717.5,57960.0,61277.0,0.6
3371,9,133,11,57350.0,47281.0,57350.0,51773.0,11518317.6,49127.75,50811.5,54870.75,0.4
3372,9,143,11,102085.0,92283.0,111508.0,102907.3,33163926.610000003,101041.0,102537.0,106760.25,0.2
3372,14,209,16,102085.0,92283.0,104088.0,98984.9,15283319.89,95575.25,100196.5,102085.0,0.4
3373,9,148,11,93530.0,80507.0,96710.0,91667.3,22610020.61,91784.0,93530.0,93843.75,0.1
3374,9,140,11,79114.0,29886.0,79114.0,58006.2,225846901.16,56730.5,60845.0,64412.75,0.5
3374,14,199,16,79114.0,29886.0,61616.0,51490.1,152591598.69,41005.75,58394.5,60062.75,0.8
3376,9,137,11,51403.0,43857.0,56779.0,51273.8,13568061.760000002,49987.25,51362.5,53473.75,0.6
3377,9,136,11,68947.0,38595.0,68947.0,48590.0,105738763.4,42058.75,44098.0,50295.25,0.7
3378,9,131,11,54811.0,39615.0,54811.0,45963.1,18323219.29,42892.0,45764.5,48308.0,0.6
3379,9,142,11,44020.0,26156.0,44020.0,36867.2,22245594.16,35612.75,36672.5,37172.75,0.1
3380,9,137,11,50486.0,34426.0,50486.0,42647.3,26061025.21,38503.25,42706.0,45286.75,0.6
3381,9,126,11,105965.0,102401.0,105965.0,104367.3,1288241.0100000002,103925.5,104179.0,105167.75,0.0
3382,9,131,11,127384.0,88752.0,127384.0,109833.9,80477787.29,107738.25,110140.0,112991.0,0.1
3382,14,206,16,127384.0,84549.0,108797.0,99167.6,86476240.84,90282.25,101078.5,107750.75,0.3
3382,19,272,21,127384.0,84549.0,103384.0,95820.2,39436820.760000005,90282.25,97034.5,101448.0,0.3
3383,9,133,11,99286.0,77705.0,99286.0,87999.3,29093623.809999995,86086.0,87025.5,90476.5,0.2
3384,9,128,11,72783.0,52959.0,72783.0,65732.8,45212007.760000005,59818.25,67889.5,71897.5,0.6
3385,9,133,11,60893.0,37831.0,60893.0,47523.4,55499457.239999995,43279.75,44616.5,49771.0,0.6
3386,9,128,11,59410.0,36729.0,59410.0,47344.2,57040787.96,41078.5,45350.0,53977.5,0.6
3388,9,143,11,87706.0,53864.0,87706.0,67478.2,122453859.76000002,59792.5,64533.0,69377.25,0.7
3389,9,139,11,61618.0,59615.0,67947.0,63889.0,6256512.4,61667.0,64220.5,65753.0,0.1
3390,9,147,11,62445.0,50269.0,62445.0,56887.0,16381024.2,53960.75,58238.0,59894.5,0.3
3390,14,218,16,62445.0,46092.0,58927.0,54015.7,17142878.209999997,50624.5,54860.5,57825.75,0.5
3391,9,138,11,84747.0,64954.0,84747.0,70474.1,29580225.889999997,66827.5,69018.0,72362.0,0.6
3392,9,132,11,61190.0,49534.0,71239.0,60362.7,30815245.009999998,58454.75,60525.5,61223.0,0.7
3393,9,144,11,75958.0,55518.0,75958.0,66370.7,37602644.61,62225.0,66281.5,69317.25,0.7
3394,9,141,11,84809.0,61047.0,84809.0,76804.9,48934250.29,73464.25,77295.0,83207.5,0.1
3394,14,207,16,84809.0,61047.0,76990.0,72551.7,18056974.009999998,71930.25,73153.0,75250.0,0.3
3396,9,122,11,53669.0,39721.0,53669.0,48759.2,19507753.96,47754.0,49963.5,51449.75,0.3
3396,14,181,16,53669.0,39721.0,50648.0,47799.5,13343219.25,47746.0,49280.5,50289.0,0.3
3397,9,135,11,47368.0,33457.0,47368.0,41790.7,16942956.810000002,39782.75,42789.0,44625.75,0.5
3397,14,187,16,47368.0,33457.0,44150.0,40187.6,9652272.44,39380.0,40621.5,42253.0,0.7
3398,9,140,11,45909.0,45909.0,52303.0,47848.7,3532385.21,46122.5,47749.0,48501.75,0.4
3400,9,146,11,59335.0,51544.0,59335.0,55438.6,5108164.24,53899.75,55717.5,57118.5,0.2
3401,9,135,11,81828.0,45850.0,81828.0,61677.8,125542760.35999998,53154.0,60624.5,68665.25,0.6
3401,14,196,16,81828.0,45850.0,65052.0,57954.2,40508511.559999995,53154.0,60624.5,62744.0,0.6
3402,9,134,11,51861.0,36127.0,54568.0,45905.3,33053470.410000004,41831.5,44190.0,51711.0,0.5
3402,14,197,16,51861.0,34186.0,44252.0,41367.5,10752318.25,41330.0,42445.5,43715.5,1.0
3404,9,139,11,111953.0,50134.0,111953.0,73777.5,321464932.25,60550.0,69197.5,83313.25,0.3
3404,14,206,16,111953.0,50134.0,65818.0,61010.5,20970782.45,58618.25,62328.0,64574.75,0.5
3405,9,134,11,69033.0,50445.0,69033.0,61676.4,29059414.439999998,58448.0,62504.0,65915.0,0.5
3406,9,141,11,58954.0,43050.0,58954.0,53315.7,19340218.61,52037.75,53290.5,56107.25,0.7
3407,9,124,11,79251.0,45200.0,79251.0,60473.6,102691274.63999999,53628.25,60040.5,63142.5,0.2
3407,14,186,16,79251.0,44339.0,58016.0,49359.7,24004632.009999998,45334.75,47501.5,51731.0,0.7
3408,9,151,11,106633.0,61825.0,106633.0,77784.4,220225003.63999996,67534.0,69323.5,90504.0,0.0
3408,14,214,16,106633.0,46887.0,67865.0,61084.7,40267019.81,58534.5,62385.0,66641.25,0.4
3409,9,136,11,65646.0,54273.0,73632.0,61782.1,27017422.49,59686.25,60638.0,64699.0,0.3
3410,9,145,11,74761.0,56738.0,74761.0,68912.8,22100785.160000004,67955.0,69865.5,71810.5,0.2
3410,14,215,16,74761.0,56738.0,70064.0,67405.2,14454249.960000003,66822.0,68555.0,69889.75,0.3
3411,9,129,11,55531.0,34520.0,57446.0,47747.2,62168424.160000004,43950.0,49363.5,54828.0,0.6
3412,9,143,11,60668.0,44177.0,60668.0,51952.3,25478692.009999998,47569.75,53078.5,54587.75,0.7
3413,9,123,11,20449.0,15672.0,20449.0,18341.6,3432650.6399999997,16621.5,18765.5,19944.0,0.8
3414,9,126,11,15125.0,15125.0,24018.0,20725.9,11172529.09,18600.25,21516.5,23834.0,0.7
3415,9,134,11,128969.0,72756.0,128969.0,95342.0,336334574.4,78808.5,95717.5,102622.5,0.3
3415,14,195,16,128969.0,72756.0,92864.0,79456.7,31832100.209999997,76711.25,77819.0,80667.5,0.8
3416,9,140,11,156077.0,85751.0,156077.0,115498.6,656835195.4399999,96981.25,105852.5,137184.25,0.0
3416,14,206,16,156077.0,78708.0,104956.0,90119.8,52745530.35999999,86120.75,87818.0,94813.5,0.2
3416,19,270,21,156077.0,77136.0,91300.0,86105.0,20971919.0,84837.5,87452.0,89173.25,0.3
3417,9,142,11,49672.0,34717.0,49672.0,45501.3,21325261.810000002,43436.75,47561.0,49154.75,0.5
3418,9,137,11,49824.0,34309.0,49824.0,42291.6,18190424.04,40680.75,41525.0,43958.75,0.7
3419,9,126,11,81604.0,68081.0,94650.0,82103.6,68523653.04,76956.25,82881.0,85071.5,0.2
3420,9,139,11,145319.0,35933.0,145319.0,89765.5,1198803625.45,73990.25,82861.0,119944.25,0.2
3420,14,205,16,145319.0,35933.0,79936.0,61684.1,226868676.49,51471.25,67408.5,71155.5,0.6
3421,9,130,11,79251.0,40999.0,79251.0,60545.5,84026022.65,57284.5,60004.0,64672.25,0.6
3422,9,133,11,45952.0,23005.0,45952.0,35029.6,55383514.44,29050.0,36712.0,40001.0,0.3
3422,14,181,16,45952.0,23005.0,34937.0,27581.4,14536365.440000001,24381.0,26728.0,29591.5,0.8
3423,9,142,11,81067.0,53590.0,81067.0,67469.0,55423644.0,64160.5,65841.5,68936.25,0.3
3424,9,142,11,90729.0,60013.0,90729.0,73011.7,80902031.21000001,69306.5,70888.5,74923.0,0.2
3424,14,213,16,90729.0,60013.0,70677.0,66431.8,13002920.559999999,64160.25,67753.5,69002.75,0.4
3426,9,129,11,57167.0,56012.0,63505.0,59192.1,6692715.09,57225.5,58014.0,61028.5,0.7
3427,9,140,11,75752.0,50892.0,75752.0,62227.7,48530723.61,58303.5,61867.0,64913.75,0.5
3430,9,135,11,144956.0,73463.0,144956.0,99567.6,640833169.6400001,82680.5,85666.5,122409.25,0.1
3430,14,198,16,144956.0,71447.0,84575.0,78564.1,16412937.49,75839.75,79006.5,81662.25,0.6
3430,19,265,21,144956.0,63545.0,80107.0,75020.0,24448773.8,71951.0,76493.5,79026.75,0.8
3432,9,131,11,51543.0,51543.0,72814.0,66534.7,70439197.21,62056.75,71346.0,72382.25,0.4
3433,9,140,11,82760.0,66617.0,82760.0,74103.7,21194246.009999998,70742.25,73923.5,75821.5,0.4
3434,9,138,11,55157.0,42081.0,55157.0,48120.6,17765037.44,44199.25,48830.5,51236.5,0.7
3435,9,133,11,73783.0,41498.0,73783.0,57294.1,87986532.89,52201.25,58770.0,62716.75,0.6
3436,9,141,11,92931.0,84656.0,93369.0,90866.0,6405317.8,90242.75,91661.5,92805.0,0.0
3438,9,144,11,67725.0,58340.0,68177.0,65303.1,12204884.290000001,63664.25,67208.5,67725.0,0.2
3439,9,116,11,82157.0,42198.0,82157.0,73688.8,148110848.76000002,70311.75,79758.5,81645.25,0.5
3440,9,116,11,38299.0,19794.0,38299.0,30682.7,28149776.21,31498.75,31754.5,33355.5,0.9
3441,9,139,11,34011.0,21978.0,34011.0,26373.7,11900314.21,24295.75,25424.0,28583.5,0.9
3444,9,140,11,70293.0,58443.0,70293.0,64254.1,17046495.69,60612.0,64071.0,67961.0,0.4
3445,9,145,11,80287.0,60597.0,80287.0,71849.6,28427957.639999997,69672.75,73261.0,75051.0,0.3
3446,9,141,11,93468.0,77783.0,93468.0,88300.5,20868878.85,85846.25,90000.5,91373.0,0.0
3446,14,215,16,93468.0,75003.0,89900.0,84614.3,23259824.01,82380.75,85827.0,88814.0,0.1
3446,19,279,21,93468.0,69238.0,85611.0,78587.3,30152992.01,73987.5,79021.5,83582.25,0.4
3447,9,136,11,80465.0,47982.0,80465.0,64639.2,96523585.56,58638.25,63668.0,72506.25,0.5
3447,14,197,16,80465.0,43050.0,64137.0,56905.9,43358396.09,54624.75,58653.5,62193.25,0.8
3448,9,115,11,41400.0,31805.0,41400.0,35753.3,7825756.409999998,33644.25,35371.0,37447.0,0.3
3449,9,143,11,49608.0,27870.0,49608.0,33425.8,33513935.96,30594.5,31593.0,33716.75,0.7
3450,9,143,11,80268.0,47372.0,84256.0,67868.6,118617210.04,62602.5,66485.5,77827.75,0.5
3450,14,202,16,80268.0,47372.0,65095.0,61050.6,26130709.04,60321.0,62812.0,64452.0,0.8
3451,9,140,11,70819.0,57885.0,72232.0,65929.9,29674415.890000004,60769.25,66988.0,70819.0,0.5
3451,14,211,16,70819.0,57885.0,68759.0,63992.8,13267831.96,60769.25,64799.0,67234.5,0.6
3452,9,140,11,94626.0,66727.0,94626.0,82169.9,67227023.69,79321.5,83146.0,85611.25,0.2
3452,14,201,16,94626.0,44141.0,82943.0,73312.6,121579798.23999998,70927.25,76944.0,81063.25,0.5
3453,9,130,11,85050.0,39046.0,85050.0,59620.5,189818170.65,51028.0,60248.0,68324.25,0.4
3453,14,194,16,85050.0,39046.0,58856.0,51039.9,39222099.89,50064.5,52661.0,54906.75,0.9
3454,9,124,11,123412.0,49408.0,123412.0,82232.7,672239011.61,64972.5,76635.0,100246.25,0.4
3454,14,176,16,123412.0,49408.0,71814.0,62665.5,52940651.05,59689.5,65916.5,66902.0,0.8
3455,9,125,11,132373.0,108208.0,143629.0,121771.9,173175059.08999997,111252.5,114465.5,132373.0,0.0
3455,14,191,16,132373.0,78033.0,115655.0,107847.0,114268193.4,108388.0,111352.0,114470.0,0.0
3455,19,258,21,132373.0,59012.0,111153.0,82397.9,448279297.49000007,64159.75,72437.5,106602.0,0.4
3455,24,305,26,132373.0,59012.0,69774.0,64804.3,9357970.209999999,63360.0,65391.5,66906.5,0.6
3456,9,138,11,78120.0,33312.0,78120.0,67255.8,179589300.16,60954.0,73593.0,76274.25,0.4
3457,9,140,11,118620.0,89550.0,118620.0,99186.4,78873949.64,92668.5,96951.0,103942.25,0.3
3458,9,148,11,81014.0,72182.0,98214.0,88253.3,57090404.410000004,82894.5,89969.0,93754.75,0.2
3459,9,143,11,77827.0,44921.0,77827.0,57330.9,72193076.49,52702.25,56537.5,59295.25,0.6
3460,9,144,11,103974.0,63485.0,103974.0,78062.9,188389773.48999998,68038.25,72503.0,89566.25,0.5
3461,9,131,11,63538.0,50314.0,63538.0,56276.3,16748957.41,52642.0,55906.5,59401.25,0.5
3461,14,186,16,63538.0,50314.0,57395.0,54651.1,5561343.09,52642.0,55052.5,56580.5,0.8
3462,9,120,11,115587.0,82896.0,115587.0,106626.2,131244614.35999998,109429.75,111940.0,112734.75,0.0
3462,14,187,16,115587.0,65419.0,111582.0,89309.0,220073289.2,80372.25,85406.5,103512.0,0.3
3462,19,254,21,115587.0,63031.0,86127.0,78212.2,63435343.160000004,74419.0,81213.5,84668.5,0.5
3463,9,126,11,148388.0,80776.0,148388.0,105372.4,474181003.44000006,93994.5,96004.5,116512.5,0.1
3463,14,186,16,148388.0,80776.0,95339.0,89435.0,27450164.4,84651.5,90861.5,94049.5,0.3
3463,19,244,21,148388.0,80190.0,91482.0,85382.4,14721613.440000003,81897.0,84938.0,88849.75,0.5
3464,9,137,11,83362.0,64323.0,87216.0,77469.1,41215501.089999996,74907.5,77715.5,82606.75,0.2
3464,14,208,16,83362.0,64323.0,78905.0,74017.0,17588492.2,71801.0,75167.0,76361.0,0.3
3465,9,142,11,76009.0,65485.0,76712.0,72208.5,14145015.85,68817.5,73087.5,75764.75,0.1
3465,14,216,16,76009.0,65485.0,71695.0,68124.0,3263205.4,66834.75,68475.0,69082.75,0.3
3466,9,150,11,104034.0,69015.0,104034.0,87412.2,119456007.96,78122.5,89135.0,95675.25,0.3
3466,14,206,16,104034.0,69015.0,88075.0,80892.1,38339461.89,75859.0,83747.5,85613.5,0.7
3467,9,135,11,61001.0,36865.0,61001.0,48404.2,52015193.96,42480.5,49105.5,54102.0,0.7
3468,9,143,11,60989.0,38533.0,60989.0,49746.5,49667191.45,44424.75,52561.0,53843.75,0.6
3469,9,135,11,87859.0,69067.0,90895.0,84685.5,43229496.05,84848.0,87205.0,88738.0,0.2
3469,14,205,16,87859.0,69067.0,86551.0,78708.7,30832538.01,74560.0,77910.0,83796.5,0.6
3470,9,141,11,91379.0,58487.0,91379.0,71836.0,64412168.0,68780.5,69868.0,73761.75,0.5
3470,14,205,16,91379.0,58487.0,71534.0,67905.8,12738074.16,67288.5,68892.0,70180.5,0.7
3471,9,137,11,34837.0,25734.0,35422.0,32515.8,9287668.36,31325.5,33751.0,34836.75,0.6
3472,9,128,11,57559.0,31282.0,57559.0,45018.2,47142903.76,42499.0,44450.0,49568.5,0.2
3472,14,188,16,57559.0,31282.0,43593.0,38867.7,14403494.41,38342.75,39277.0,41655.0,0.7
3474,9,146,11,62968.0,41332.0,62968.0,53720.9,46366785.089999996,52334.5,53374.0,59116.75,0.4
3475,9,140,11,51839.0,36081.0,51839.0,42240.7,22938322.410000004,37477.25,43812.5,44655.5,0.8
3476,9,136,11,48034.0,42332.0,51729.0,46951.3,8270860.010000001,44935.0,47862.0,48034.0,0.6
3477,9,136,11,55272.0,45201.0,57884.0,53337.9,12372029.290000001,51493.5,54302.0,55272.0,0.5
3478,9,138,11,81412.0,60862.0,81412.0,70751.3,47402665.61,64641.5,70544.0,76947.25,0.5
3478,14,196,16,81412.0,50040.0,73779.0,65777.3,43782005.21,62091.0,68610.5,69722.75,0.8
3479,9,147,11,77709.0,44357.0,77709.0,63005.8,104193915.55999999,57362.75,62277.0,70249.0,0.2
3479,14,210,16,77709.0,44357.0,62221.0,55262.8,24976097.359999996,52433.25,55379.0,58550.25,0.6
3480,9,138,11,51949.0,47694.0,56612.0,51700.1,5653962.290000001,49941.0,51949.0,52848.25,0.8
3481,9,142,11,59040.0,41286.0,59040.0,51253.5,29607588.25,48707.0,53733.5,54305.25,0.3
3481,14,202,16,59040.0,41286.0,53710.0,47441.1,13453687.09,45155.25,48275.5,48575.0,0.8
3482,9,134,11,113927.0,46108.0,113927.0,75650.1,776911888.8900001,51652.25,60560.0,106818.0,0.5
3482,14,189,16,113927.0,46108.0,58003.0,53893.9,14353822.690000001,51652.25,54706.0,57382.5,0.8
3483,9,131,11,99839.0,56963.0,99839.0,79769.4,166493203.23999998,76457.0,80638.0,81719.75,0.2
3484,9,134,11,69329.0,51386.0,70828.0,62577.5,35399872.05,58559.0,62933.0,67877.25,0.1
3484,14,205,16,69329.0,49508.0,62541.0,56636.3,20586806.610000003,52578.75,56813.5,60331.0,0.3
3484,19,265,21,69329.0,49508.0,59323.0,55289.6,10904754.239999998,52578.75,56399.0,57361.25,0.3
3486,9,141,11,99954.0,60102.0,99954.0,81186.5,154435237.25,75141.0,78477.5,90839.25,0.1
3486,14,200,16,99954.0,57520.0,79190.0,69763.1,54562476.69,63434.75,71817.5,75643.0,0.4
3486,19,264,21,99954.0,57520.0,69669.0,64478.0,14457357.8,61979.75,64968.0,67023.75,0.8
3488,9,124,11,124107.0,83069.0,124107.0,99548.4,122096002.04,91950.25,99353.5,103088.5,0.1
3488,14,192,16,124107.0,83069.0,99050.0,89868.7,20551242.01,87772.75,88749.5,90132.0,0.2
3489,9,147,11,74774.0,55528.0,74774.0,64355.0,21802438.2,62420.25,64261.5,65909.25,0.5
3490,9,120,11,76607.0,59962.0,79161.0,73219.0,23934900.8,72708.5,74099.0,76005.75,0.6
3491,9,133,11,79174.0,63343.0,79174.0,70523.2,18916429.36,67663.75,69474.0,73795.75,0.6
3492,9,138,11,73121.0,65215.0,76191.0,72683.7,10545751.809999999,71481.0,73121.0,75356.5,0.1
3494,9,134,11,116267.0,76640.0,116267.0,99088.3,155238165.21,92427.75,99912.5,110124.75,0.5
3495,9,145,11,59165.0,42340.0,59165.0,50106.0,33089177.4,45273.0,49269.5,53555.25,0.5
3495,14,202,16,59165.0,42340.0,50748.0,47321.4,7307479.040000001,45273.0,47467.0,49645.5,0.7
3496,9,137,11,57228.0,43904.0,57228.0,47855.1,13670161.49,44934.25,47922.5,48669.5,0.8
3497,9,144,11,68222.0,46139.0,68222.0,56489.5,57904696.85,51801.5,53088.0,64169.5,0.3
3497,14,192,16,68222.0,46139.0,53016.0,51172.1,5090751.6899999995,50318.0,52419.5,52669.25,0.6
3498,9,135,11,60068.0,49519.0,66907.0,57630.1,22816210.689999998,56579.0,58056.5,59952.0,0.2
3499,9,132,11,38428.0,29754.0,38428.0,32674.4,5933624.84,30868.5,32112.5,33537.0,0.8
3500,9,139,11,56060.0,40024.0,56060.0,48228.4,20579046.64,46651.25,49346.0,50409.0,0.7
3501,9,125,11,58354.0,36625.0,58354.0,49018.7,34014798.61,46054.0,50068.0,51426.75,0.4
3502,9,135,11,68712.0,47123.0,68712.0,56857.4,58754828.44,51438.75,51984.0,63591.5,0.6
3504,9,142,11,69059.0,40570.0,69059.0,52580.1,62639411.68999998,47244.5,50947.5,55443.5,0.7
3506,9,135,11,65065.0,35499.0,65065.0,45842.3,61395393.80999999,41188.5,44213.5,47468.25,0.7
3507,9,139,11,87992.0,68718.0,87992.0,78869.2,27320333.360000003,75446.75,78582.0,82494.75,0.1
3507,14,197,16,87992.0,60978.0,78188.0,70257.8,30595111.76,65529.75,70039.0,75122.5,0.5
3508,9,145,11,142265.0,69901.0,142265.0,102492.6,554584065.64,84552.25,97797.5,117176.0,0.2
3508,14,212,16,142265.0,69901.0,89923.0,84474.9,30795912.48999999,83889.5,86034.0,87960.75,0.3
3509,9,122,11,77272.0,58231.0,77272.0,64888.0,24213508.4,62441.75,64870.5,65959.5,0.8
3510,9,134,11,91539.0,52187.0,91539.0,62435.1,142102123.48999998,55851.0,57761.0,63036.5,0.7
3511,9,142,11,68668.0,51649.0,68668.0,60756.3,17518106.009999998,58977.0,60949.5,62798.5,0.6
3512,9,128,11,119589.0,45540.0,119589.0,65864.6,399259055.44,53154.25,61231.0,67344.0,0.7
3513,9,129,11,62993.0,52407.0,62993.0,56730.8,15790456.36,53844.25,55214.5,60299.0,0.4
3514,9,112,11,61174.0,42935.0,61174.0,48459.9,22141366.089999996,45957.5,47546.0,48593.25,0.6
3515,9,141,11,69726.0,53065.0,69726.0,63022.5,31487085.25,58413.25,64368.0,67410.0,0.4
3515,14,210,16,69726.0,53065.0,65899.0,61510.1,19576400.689999998,58384.0,62245.0,65722.25,0.5
3517,9,123,11,90137.0,61626.0,90137.0,71501.2,53463939.36000001,67655.25,70067.5,72376.25,0.3
3517,14,192,16,90137.0,59973.0,68819.0,65716.5,8636992.25,63826.75,66622.5,67965.75,0.7
3518,9,130,11,73337.0,58267.0,74903.0,67518.8,34851000.760000005,62466.25,68553.0,72902.25,0.3
3518,14,193,16,73337.0,58267.0,68372.0,64661.6,13751675.039999997,61921.0,66222.0,67652.0,0.5
3519,9,139,11,87823.0,56027.0,87823.0,65240.1,68697654.49000001,60726.5,63027.5,66142.75,0.8
3520,9,127,11,96254.0,63770.0,96254.0,74069.2,71533977.76000002,71249.75,72284.0,75651.5,0.4
3520,14,192,16,96254.0,60368.0,72888.0,67933.6,14332789.84,65794.5,67684.5,71331.25,0.8
3521,9,132,11,69197.0,57547.0,69197.0,65437.2,13663498.76,64505.25,66454.5,68197.5,0.2
3521,14,198,16,69197.0,53203.0,66102.0,60132.8,17023900.96,58112.75,60208.5,63269.75,0.7
3522,9,134,11,108528.0,58920.0,108528.0,81122.3,271330869.81,67834.5,80036.5,89765.25,0.0
3522,14,197,16,108528.0,50405.0,76244.0,61786.1,60275626.89,56241.75,61670.0,66005.75,0.3
3522,19,266,21,108528.0,39745.0,60971.0,52530.4,38728508.839999996,50781.75,53308.5,56903.0,0.7
3523,9,144,11,56626.0,56626.0,77644.0,69508.5,55045913.85,68017.0,69458.5,76496.75,0.4
3524,9,136,11,111027.0,74107.0,111027.0,84067.6,97265085.03999999,78175.5,82394.5,85677.25,0.9
3525,9,126,11,75537.0,59857.0,75537.0,69218.5,24584878.25,65673.75,69426.5,73286.5,0.0
3525,14,187,16,75537.0,59857.0,68699.0,64708.3,10091663.209999999,61721.0,65337.5,67372.75,0.0
3526,9,123,11,55206.0,49772.0,56195.0,53402.7,5423528.81,51675.5,53967.0,55206.0,0.4
3526,14,189,16,55206.0,40910.0,53021.0,49903.2,10815723.16,49791.25,50711.5,51932.5,0.9
3527,9,147,11,68084.0,46679.0,68084.0,56821.1,52562446.28999999,49998.5,57908.0,59939.25,0.3
3528,9,135,11,64835.0,48426.0,64835.0,55755.8,20394650.56,52698.5,56198.5,57055.25,0.8
3529,9,140,11,74926.0,42724.0,74926.0,55612.4,122041773.63999999,46221.25,53035.0,62505.5,0.5
3529,14,200,16,74926.0,42724.0,54634.0,48405.8,13479155.360000003,45661.0,48645.5,49825.25,0.7
3530,9,109,11,84808.0,38570.0,84808.0,59449.4,297239100.24,48146.25,54400.5,76559.0,0.3
3530,14,172,16,84808.0,38570.0,54127.0,45789.5,26009265.25,41144.25,47573.5,49241.0,0.5
3531,9,123,11,55033.0,36656.0,55033.0,45568.3,25652582.01,42298.25,44872.5,48910.75,0.4
3533,9,135,11,82834.0,60587.0,86018.0,74616.6,79545224.24000001,66783.5,76333.5,82776.0,0.5
3533,14,207,16,82834.0,60587.0,77986.0,70099.4,29489142.639999997,66510.5,70847.0,73144.25,0.8
3534,9,136,11,85787.0,59569.0,85787.0,74708.5,47447400.25,71265.25,75934.5,78321.75,0.5
3537,9,137,11,110075.0,61176.0,110075.0,84076.4,172102742.24,81061.5,85167.0,90325.5,0.6
3538,9,120,11,53610.0,22239.0,53610.0,32260.9,105727463.69000001,25318.25,27680.0,36558.0,0.7
3539,9,146,11,77298.0,52708.0,77298.0,61621.4,38002944.64,58882.25,61773.5,62819.0,0.4
3539,14,214,16,77298.0,52181.0,61287.0,57132.1,10786794.09,54697.25,57118.0,60438.5,0.7
3540,9,136,11,68362.0,54701.0,68978.0,63826.4,23788784.04,60448.25,65396.0,68325.0,0.4
3541,9,124,11,52256.0,32831.0,52256.0,45346.0,44278439.8,43550.5,46891.5,50805.75,0.7
3542,9,137,11,39684.0,39684.0,50589.0,45240.4,16143098.640000004,42169.25,45597.5,48758.0,0.6
3543,9,137,11,64625.0,53836.0,64625.0,58874.7,8119793.409999999,57742.25,59069.0,60115.25,0.0
3543,14,207,16,64625.0,38223.0,58607.0,49091.2,61947566.56000002,41616.0,48980.5,56898.75,0.5
3543,19,266,21,64625.0,38223.0,53046.0,45154.8,17854890.16,41616.0,45555.0,47769.5,0.6
3544,9,147,11,68587.0,46625.0,68624.0,61899.4,54822195.44,58551.25,64935.5,68268.25,0.4
3544,14,216,16,68587.0,41881.0,64921.0,55359.3,51787588.60999999,49842.5,58279.5,60412.75,0.8
3546,9,130,11,62599.0,46474.0,62599.0,54646.9,25147342.889999997,51106.0,54609.5,56614.75,0.8
3547,9,133,11,93250.0,71826.0,93250.0,83999.5,27186681.45,82320.25,84832.0,86172.5,0.1
3547,14,198,16,93250.0,71826.0,84942.0,81540.4,14134300.24,80443.25,82583.5,84314.75,0.1
3548,9,141,11,98186.0,69600.0,98186.0,80471.7,56955181.21,77061.75,79376.0,83980.5,0.0
3548,14,201,16,98186.0,69600.0,79608.0,76896.8,10558411.359999998,77061.75,78130.0,79176.25,0.0
3548,19,267,21,98186.0,63915.0,77824.0,72646.0,17093684.2,70143.25,72848.5,76289.0,0.1
3548,24,333,26,98186.0,56639.0,72771.0,66738.7,18797535.41,65534.25,66312.5,69438.25,0.3
3549,9,143,11,72998.0,53698.0,72998.0,62322.3,36968507.21,57870.0,61922.5,63347.5,0.3
3549,14,208,16,72998.0,45184.0,63220.0,55532.4,37532151.24,49873.75,57407.0,60882.0,0.6
3550,9,132,11,92250.0,86491.0,93603.0,91030.7,4804687.209999999,89657.25,92033.5,92250.0,0.0
3551,9,138,11,56479.0,48122.0,56479.0,52834.5,9374052.85,50143.5,52548.5,56019.75,0.4
3553,9,148,11,63510.0,36220.0,63510.0,51400.7,59590942.21,47372.0,51179.5,57794.0,0.5
3553,14,202,16,63510.0,36220.0,49786.0,46733.9,14890547.690000001,45939.25,47909.5,49357.25,0.9
3554,9,139,11,61305.0,38087.0,61305.0,49841.0,31108408.8,47408.5,49707.0,52055.75,0.4
3554,14,209,16,61305.0,31035.0,49313.0,45301.1,31918570.490000002,46816.75,47577.0,48497.75,0.9
3555,9,140,11,55967.0,33491.0,55967.0,42711.8,53017510.96,36904.25,41834.0,44643.0,0.7
3556,9,145,11,95810.0,86781.0,103005.0,94139.8,21449888.96,91071.25,95650.5,96437.75,0.4
3557,9,148,11,87223.0,52418.0,87223.0,65910.7,126696602.81000002,59403.25,61582.0,65994.25,0.8
3558,9,138,11,101563.0,48962.0,101563.0,69602.9,192808259.69,62899.0,71334.0,74441.25,0.4
3559,9,129,11,84726.0,42060.0,84726.0,57129.1,137026974.09,50725.0,54443.5,59791.25,0.7
3561,9,112,11,76877.0,52513.0,76877.0,58340.4,42227833.239999995,55397.25,56523.0,57874.0,0.7
3562,9,126,11,89769.0,43303.0,89769.0,65666.4,232390683.83999997,56248.25,63394.5,75451.5,0.7
3563,9,119,11,70644.0,41598.0,70644.0,56089.2,53728445.36,53087.5,56750.5,58995.5,0.8
3564,9,136,11,46031.0,31527.0,46031.0,37987.5,17722586.25,34210.5,38429.5,40680.75,0.7
3565,9,145,11,63552.0,42615.0,63552.0,52067.6,50367689.64,45138.0,53940.5,56283.25,0.2
3565,14,207,16,63552.0,42615.0,53607.0,46450.8,8904116.959999999,45079.5,45383.0,48005.75,0.3
3566,9,150,11,76640.0,55453.0,76640.0,67807.2,40045511.95999999,64482.0,67940.5,71679.5,0.3
3567,9,133,11,70811.0,46638.0,70811.0,63673.7,55438765.20999999,61695.25,66251.5,69195.25,0.6
3568,9,134,11,81572.0,66810.0,81572.0,73615.5,13760204.85,72341.25,73259.5,74766.5,0.0
3568,14,204,16,81572.0,60450.0,73115.0,68664.9,17746282.490000002,66957.5,69011.0,72591.75,0.2
3571,9,143,11,68699.0,55373.0,68699.0,63384.7,25664486.810000002,58952.25,65434.5,68071.5,0.4
3572,9,134,11,87669.0,41789.0,87669.0,60548.9,180812604.29000002,50933.5,58348.0,67139.0,0.5
3572,14,202,16,87669.0,41789.0,56555.0,52335.5,19800807.25,50933.5,53755.0,55743.75,0.7
3573,9,138,11,100160.0,87050.0,101257.0,94703.8,24393132.76,91250.75,95090.0,99517.25,0.0
3573,14,190,16,100160.0,55201.0,93456.0,78246.5,164090727.25,67874.5,79269.0,90301.0,0.4
3573,19,240,21,100160.0,55201.0,74323.0,67800.3,26135302.21,66455.5,67401.5,71458.0,0.7
3574,9,136,11,57827.0,49715.0,58140.0,54888.1,7935171.6899999995,54070.5,55317.0,57402.75,0.6
3575,9,125,11,84705.0,51122.0,84705.0,66947.7,97813397.81,59657.5,66894.5,71996.75,0.8
3576,9,132,11,95165.0,62805.0,95165.0,76453.8,166465318.16,64206.75,72748.5,87841.5,0.5
3576,14,195,16,95165.0,62805.0,72228.0,66820.3,10975735.809999999,63704.0,66193.5,69916.75,0.9
3577,9,140,11,100687.0,60852.0,100687.0,78939.0,130154125.4,73009.0,76698.0,86617.5,0.2
3577,14,210,16,100687.0,60584.0,76473.0,67526.4,25972045.84,64359.0,67066.5,71466.25,0.6
3578,9,127,11,42062.0,29330.0,42062.0,33799.4,14533675.64,30391.25,33615.0,36103.75,0.7
3579,9,119,11,46728.0,25971.0,46728.0,32044.8,37311513.760000005,28208.5,29623.5,34002.75,0.7
3580,9,146,11,73257.0,73257.0,82059.0,77937.4,9527809.639999999,75264.0,78770.5,80444.5,0.0
3581,9,141,11,59288.0,35726.0,59288.0,47871.0,57819032.0,42429.0,48607.5,51376.0,0.7
3582,9,149,11,75491.0,61091.0,75491.0,67787.6,17968241.64,65899.5,67581.0,70432.75,0.2
3582,14,212,16,75491.0,60694.0,67160.0,63797.4,4555098.4399999995,61958.5,63724.0,65680.0,0.6
3583,9,126,11,79688.0,61979.0,79688.0,69769.3,41901960.010000005,64463.25,68140.5,75290.25,0.6
3585,9,147,11,82454.0,61576.0,86154.0,77578.7,66960132.20999999,71351.25,81314.5,82454.0,0.1
3585,14,210,16,82454.0,48632.0,80736.0,64500.3,107150887.81,57843.25,66530.0,68180.5,0.4
3586,9,139,11,69594.0,28701.0,69594.0,57143.6,120931368.64000002,53361.5,59751.5,64748.75,0.5
3587,9,135,11,104309.0,79618.0,104309.0,94384.8,54696517.36,90134.75,96918.5,99067.5,0.3
3589,9,143,11,79843.0,42996.0,79843.0,57988.3,134116789.21,50128.75,53146.5,66344.5,0.5
3589,14,215,16,79843.0,41335.0,54193.0,49196.3,15266505.41,48429.25,50343.0,50712.5,0.7
3590,9,126,11,84682.0,55585.0,84682.0,71064.8,86949216.35999998,65450.75,74687.5,76775.25,0.3
3590,14,196,16,84682.0,55585.0,73891.0,64171.7,35877539.809999995,58547.25,65291.5,67101.75,0.5
3591,9,132,11,77180.0,71195.0,84796.0,79719.3,16429983.41,77180.0,80270.0,82863.75,0.2
3592,9,122,11,75898.0,66920.0,75898.0,71611.9,10742865.09,68610.5,71548.5,74753.25,0.7
3593,9,128,11,79694.0,55720.0,79694.0,70821.4,57292052.839999996,68058.75,69570.5,78433.75,0.6
3594,9,142,11,93154.0,50007.0,93154.0,75264.5,131071170.45,68116.25,78850.0,82716.25,0.1
3594,14,202,16,93154.0,46041.0,77553.0,63128.4,80732166.84,59374.5,65427.5,68178.75,0.5
3595,9,132,11,114139.0,74403.0,114139.0,92772.1,88598011.09,89600.5,92395.5,95922.25,0.1
3596,9,133,11,110849.0,65297.0,110849.0,77626.0,154103422.6,68633.75,77207.5,78913.5,0.5
3597,9,140,11,110016.0,64722.0,110016.0,79218.6,196766104.04,67416.25,78707.0,81581.25,0.4
3597,14,201,16,110016.0,62105.0,78756.0,69828.4,28022849.440000005,65691.25,69385.5,71496.75,0.8
3598,9,127,11,59444.0,50685.0,74172.0,63909.4,44246019.44,60012.5,63567.5,66905.5,0.5
3598,14,191,16,59444.0,50685.0,64960.0,61233.4,15542126.84,60012.5,62418.0,63759.75,0.8
3600,9,133,11,63558.0,30855.0,63558.0,46733.6,119552885.03999999,38305.5,47076.0,52662.0,0.7
3601,9,133,11,64621.0,48786.0,77602.0,60383.6,79740685.04,53561.75,59390.5,64621.0,0.2
3601,14,206,16,64621.0,48786.0,58100.0,52549.6,8398615.84,49950.75,52890.0,54217.75,0.4
3602,9,132,11,63536.0,33652.0,63536.0,46970.7,47232337.41,44868.25,46444.5,48226.25,0.5
3604,9,149,11,78487.0,54883.0,78487.0,72917.9,42338925.89,72768.25,74127.5,76719.25,0.3
3605,9,131,11,75249.0,59415.0,77755.0,71475.7,31654061.609999996,69606.75,74425.0,75150.0,0.2
3605,14,195,16,75249.0,59415.0,74731.0,67896.5,20090013.25,65647.0,67935.0,70578.25,0.6
3606,9,137,11,85550.0,55138.0,90168.0,73665.1,113884122.09,67425.75,70237.0,84251.75,0.5
3606,14,199,16,85550.0,55138.0,71745.0,66138.0,29540414.2,65081.0,67867.5,70097.25,0.7
3607,9,144,11,106911.0,54064.0,106911.0,82297.2,218539376.35999998,76834.75,79578.0,92893.5,0.2
3607,14,203,16,106911.0,54064.0,79766.0,73746.0,57202947.6,70920.5,77052.5,78917.5,0.4
3607,19,258,21,106911.0,54064.0,77488.0,71595.7,44159078.01,69121.75,74204.5,76325.0,0.6
3609,9,135,11,72209.0,51454.0,72209.0,57202.4,29920595.440000005,54423.25,55788.0,58144.25,0.4
3610,9,124,11,74558.0,47911.0,74558.0,58756.3,45402320.41,55551.25,56450.5,62229.75,0.5
3610,14,176,16,74558.0,47911.0,60414.0,54912.8,12512880.76,53498.0,55594.5,56681.75,0.7
3611,9,133,11,130546.0,49734.0,130546.0,74421.4,741141349.4399999,59084.5,63053.5,73984.25,0.4
3611,14,178,16,130546.0,47897.0,63351.0,57138.0,27652142.0,53897.5,58656.0,61933.75,0.7
3613,9,134,11,109757.0,60125.0,109757.0,77583.9,154987276.49,74142.5,75523.5,79299.75,0.8
3614,9,141,11,135937.0,76639.0,135937.0,97125.3,338988218.61,85681.25,89297.5,100518.5,0.3
3614,14,209,16,135937.0,76639.0,89119.0,83477.4,14412801.64,80332.75,84217.0,85624.0,0.8
3615,9,134,11,72566.0,51569.0,72566.0,61903.5,46766878.45,58373.75,62756.5,64004.5,0.8
3616,9,147,11,71932.0,44053.0,71932.0,58645.7,80901058.21000001,50002.5,60013.5,66722.0,0.4
3616,14,211,16,71932.0,44053.0,60843.0,55156.1,33025084.49,50002.5,57564.5,60054.5,0.5
3617,9,125,11,70650.0,35772.0,70650.0,52160.8,102040950.55999999,46243.75,53251.0,58679.0,0.6
3617,14,188,16,70650.0,35772.0,55485.0,48644.3,44104846.21,46243.75,50920.5,53841.5,0.8
3618,9,109,11,50237.0,42623.0,52511.0,49002.4,7172329.640000001,47637.5,49986.0,50459.75,0.9
3619,9,139,11,115505.0,61002.0,115505.0,78213.2,254497403.76,66235.0,74788.0,80828.75,0.4
3619,14,194,16,115505.0,61002.0,76980.0,68914.3,32305603.809999995,63861.25,70054.5,72419.0,0.5
3620,9,117,11,41719.0,23968.0,41719.0,30433.7,29344717.01,25965.75,30455.5,33652.5,0.9
3622,9,135,11,48117.0,43800.0,54122.0,47959.0,9935459.0,46072.25,47220.5,48117.0,0.0
3623,9,139,11,60897.0,47715.0,62350.0,56694.9,27675825.29,51880.25,59053.0,60661.5,0.1
3623,14,210,16,60897.0,47715.0,58544.0,53936.1,15661105.690000001,50203.5,54472.5,57936.25,0.1
3623,19,273,21,60897.0,47715.0,55185.0,51458.6,5230883.4399999995,49537.25,51687.0,53344.25,0.1
3625,9,141,11,87788.0,68688.0,87788.0,78413.5,37486354.05,72686.75,80154.5,81231.75,0.4
3626,9,137,11,48774.0,27132.0,49020.0,39267.4,56961541.839999996,34133.5,36646.5,47771.75,0.5
3627,9,140,11,44035.0,30510.0,47593.0,40503.2,19112723.160000004,39201.75,40244.5,43619.0,0.4
3627,14,206,16,44035.0,30510.0,42371.0,38966.9,9698540.09,38926.0,39559.0,40411.75,0.6
3628,9,119,11,82325.0,55172.0,82325.0,66963.5,62189953.65,62400.0,65146.0,69974.25,0.7
3629,9,131,11,157455.0,66759.0,157455.0,95915.7,973013562.01,73090.25,81471.0,113215.25,0.5
3629,14,181,16,157455.0,66759.0,77594.0,72976.6,14507312.440000001,69941.25,73381.5,76629.5,0.9
3630,9,142,11,108932.0,61768.0,108932.0,84375.4,299309127.43999994,66393.5,84613.0,98726.75,0.4
3630,14,205,16,108932.0,61768.0,81093.0,73994.7,59549392.010000005,66393.5,77908.0,79527.0,0.4
3631,9,136,11,62053.0,47377.0,62053.0,56653.2,26325053.159999996,55089.5,58299.0,60906.0,0.2
3631,14,197,16,62053.0,38843.0,57634.0,48950.5,29214970.85,45882.5,47458.0,53569.25,0.7
3632,9,146,11,82017.0,61230.0,82017.0,67368.1,39358348.09,63267.25,64552.0,70797.75,0.0
3632,14,214,16,82017.0,53608.0,65423.0,61405.6,13774501.839999998,61263.5,63122.0,63592.75,0.2
3632,19,282,21,82017.0,53608.0,63289.0,59171.1,12192392.09,56063.25,59611.5,62588.75,0.5
3633,9,139,11,63110.0,41055.0,63110.0,51252.7,56378591.21,44018.25,52049.0,57310.5,0.5
3633,14,199,16,63110.0,41055.0,54838.0,46935.4,22478505.04,42820.0,46528.0,50721.75,0.8
3634,9,142,11,84394.0,57315.0,85159.0,72298.7,93292763.81,64029.0,72019.5,82178.25,0.7
3635,9,135,11,87377.0,58493.0,87377.0,71037.4,113470200.44000001,64188.0,66661.0,81116.25,0.6
3636,9,140,11,94605.0,65249.0,95443.0,85038.6,113064856.83999996,80419.25,87170.0,94605.0,0.3
3637,9,136,11,115846.0,73028.0,115846.0,91497.6,187300375.64,80932.75,90644.0,98453.5,0.4
3637,14,191,16,115846.0,73028.0,88188.0,81965.8,19937701.759999998,80885.75,81965.0,84470.75,0.5
3638,9,132,11,69347.0,57388.0,69347.0,63502.6,19224055.04,58936.5,65231.5,65987.0,0.3
3638,14,199,16,69347.0,53057.0,65386.0,59839.4,13290805.84,57444.25,59540.0,62117.75,0.5
3639,9,126,11,80938.0,46828.0,80938.0,62533.2,96205906.75999999,60232.25,62823.0,65608.75,0.4
3640,9,141,11,66272.0,42546.0,71032.0,54933.9,95016797.49,46957.5,53156.5,64415.5,0.7
3642,9,133,11,55079.0,43684.0,55325.0,52468.3,11898713.61,51491.25,53574.5,55079.0,0.1
3642,14,197,16,55079.0,43684.0,53504.0,50006.1,7325649.489999999,48832.25,50195.0,52161.75,0.2
3643,9,125,11,111666.0,69906.0,111666.0,81637.2,151341983.95999998,75401.0,76528.0,79780.0,0.1
3644,9,134,11,59206.0,34258.0,59206.0,43585.0,53181561.6,37528.0,42532.0,46531.0,0.8
3645,9,145,11,91374.0,71378.0,91374.0,83367.4,32357829.840000004,80472.25,81728.0,88337.75,0.0
3646,9,139,11,46194.0,31821.0,46194.0,41928.6,20062148.64,41603.25,43438.5,45031.5,0.2
3646,14,194,16,46194.0,31821.0,43225.0,38865.2,10489973.76,37710.5,39195.0,40987.5,0.6
3647,9,146,11,57178.0,44687.0,58645.0,52372.4,18856765.84,48870.75,52748.0,56403.5,0.1
3647,14,209,16,57178.0,44687.0,53932.0,50176.6,10900599.639999999,48646.75,50311.5,53312.5,0.2
3647,19,271,21,57178.0,41119.0,50384.0,46349.2,9274356.36,44771.5,47208.5,48754.25,0.4
3649,9,132,11,77925.0,55744.0,77925.0,67939.8,50452482.56,62573.75,68369.0,73690.75,0.6
3650,9,128,11,84166.0,66239.0,84166.0,71518.9,21581517.29,69254.25,70863.5,71576.0,0.0
3650,14,192,16,84166.0,58617.0,70386.0,65115.2,16255111.560000002,62579.75,65467.0,68928.0,0.2
3651,9,144,11,53683.0,51060.0,58667.0,55820.3,5216453.21,54147.0,56186.0,57540.25,0.1
3652,9,146,11,55257.0,41971.0,68677.0,54686.8,83981207.56000002,47357.75,53909.5,62518.5,0.5
3652,14,219,16,55257.0,41971.0,54383.0,49014.7,18940801.009999998,44958.0,51328.0,52475.75,0.9
3653,9,148,11,107611.0,92372.0,113335.0,104481.6,52360499.440000005,98788.0,106847.0,110202.25,0.0
3653,14,220,16,107611.0,82872.0,106083.0,96515.0,54807346.0,92683.75,97671.0,102454.25,0.2
3653,19,286,21,107611.0,81059.0,98187.0,91299.6,30629790.04,88037.0,93066.5,94660.0,0.3
3654,9,124,11,91758.0,50972.0,91758.0,74251.8,198627362.16,60801.25,79176.0,85757.25,0.3
3654,14,188,16,91758.0,50972.0,74611.0,62355.9,46954912.09,57496.5,62941.5,65232.25,0.8
3655,9,137,11,137114.0,84649.0,137114.0,105959.2,368794216.96,90719.75,95622.0,121473.0,0.0
3655,14,197,16,137114.0,64872.0,95279.0,83626.4,99063962.64,76240.25,87164.5,92051.25,0.4
3655,19,264,21,137114.0,64872.0,84649.0,75975.2,33779966.56,71952.75,75634.0,81291.5,0.7
3656,9,140,11,85743.0,80668.0,91186.0,86357.4,8384108.4399999995,85075.5,85743.0,87769.0,0.4
3657,9,134,11,67994.0,65707.0,80675.0,72902.4,28884068.839999996,68015.25,72409.5,77157.0,0.6
3658,9,142,11,110198.0,68767.0,110198.0,84655.4,112179329.03999999,78653.5,83415.5,85133.75,0.5
3659,9,141,11,99824.0,88403.0,99824.0,93270.2,12838528.16,89896.25,93837.0,95410.5,0.0
3659,14,207,16,99824.0,65630.0,93640.0,80843.7,103844911.81,70239.0,84436.5,89258.75,0.4
3659,19,272,21,99824.0,65630.0,81639.0,75278.2,33887095.760000005,70239.0,76131.0,80622.25,0.5
3660,9,143,11,112943.0,71931.0,112943.0,89806.0,100915602.4,85532.5,90354.5,92315.5,0.5
3661,9,139,11,109262.0,70366.0,109262.0,87857.1,140789005.09,78691.0,85976.5,97922.0,0.4
3662,9,141,11,75497.0,62650.0,75497.0,69084.9,18746611.889999997,65315.5,68407.0,72002.0,0.6
3663,9,132,11,34228.0,34129.0,39017.0,36816.9,3565184.4899999998,34657.25,37645.0,38413.0,0.4
3664,9,124,11,40622.0,31984.0,40622.0,34159.4,5470582.840000001,32625.75,33977.5,34436.25,0.7
3665,9,143,11,44374.0,33484.0,44374.0,36474.2,9297653.159999998,34562.5,35237.0,37334.0,0.8
3666,9,133,11,79770.0,49321.0,79770.0,64505.2,74686487.16,62358.75,65362.0,69673.0,0.7
3667,9,136,11,81419.0,54316.0,83666.0,74540.0,90507306.2,67310.75,79876.0,81618.5,0.4
3668,9,150,11,94164.0,72871.0,95066.0,85578.0,52385896.2,81162.5,84240.0,93265.0,0.3
3669,9,144,11,105943.0,50841.0,105943.0,71443.0,303768965.2,56640.0,67284.0,82698.0,0.4
3669,14,211,16,105943.0,50841.0,64103.0,58123.8,23077643.96,53732.25,59165.5,62496.5,0.7
3670,9,129,11,66313.0,48048.0,66313.0,54361.8,21900167.36,51753.25,54125.0,55656.0,0.6
3671,9,137,11,41734.0,31079.0,46206.0,41312.6,18022407.439999998,41103.25,41962.5,44058.0,0.6
3672,9,127,11,68556.0,47494.0,68556.0,55994.6,38553373.03999999,51224.25,56368.0,57639.5,0.8
3673,9,145,11,71190.0,53236.0,71190.0,63760.2,27816467.759999998,59813.0,64726.5,66559.75,0.4
3675,9,148,11,74516.0,45015.0,74516.0,58452.2,89593045.96000001,51737.75,56882.0,62878.75,0.5
3676,9,137,11,78900.0,49316.0,79684.0,65383.4,98389196.84,60578.25,62978.5,75208.75,0.2
3676,14,201,16,78900.0,49316.0,64135.0,58799.1,20010787.089999996,55453.5,60596.0,62271.0,0.4
3677,9,117,11,49156.0,32092.0,49156.0,42236.5,23879816.05,39648.0,41908.0,45235.0,0.7
3678,9,134,11,69259.0,38935.0,69259.0,48496.3,64432227.61,45251.5,46105.5,46821.0,0.3
3679,9,134,11,83218.0,39867.0,83218.0,58567.2,223524170.95999998,48758.25,52493.0,70374.5,0.5
3679,14,197,16,83218.0,39867.0,52345.0,48693.5,11415013.45,48561.25,49879.5,50357.25,0.7
3680,9,140,11,91148.0,54002.0,91148.0,75534.8,152806376.95999998,65346.25,75199.0,86916.25,0.3
3680,14,197,16,91148.0,54002.0,76614.0,66993.7,39780434.61,64810.5,65729.5,71989.75,0.5
3681,9,138,11,79929.0,57551.0,79929.0,66007.8,42907713.36,60200.75,65819.5,69866.25,0.3
3681,14,201,16,79929.0,50495.0,62887.0,58324.6,19128793.04,54685.25,59694.0,62172.5,0.6
3683,9,134,11,71585.0,49375.0,71585.0,64061.2,35584737.16,62638.75,63278.0,67082.5,0.6
3684,9,146,11,134079.0,95748.0,134079.0,105252.2,103957298.56,99855.5,102524.0,105065.0,0.0
3685,9,144,11,66950.0,58562.0,73777.0,64376.2,18685869.96,60430.5,65000.0,66550.75,0.5
3686,9,138,11,101109.0,62475.0,101109.0,81408.9,102012082.09,76891.5,82864.0,86393.5,0.3
3687,9,142,11,73300.0,50998.0,73300.0,61522.4,51015855.44,57034.25,59195.0,66081.75,0.5
3688,9,139,11,42047.0,30803.0,45392.0,40378.3,23131582.410000004,38414.75,42059.0,43865.0,0.6
3689,9,134,11,56816.0,31803.0,56816.0,43267.2,33694677.160000004,41381.0,42908.0,44192.25,0.8
3690,9,141,11,83425.0,55590.0,83425.0,65478.6,63884993.239999995,60393.25,64517.0,69581.5,0.0
3690,14,198,16,83425.0,46652.0,64244.0,55926.5,32161595.65,52859.25,56399.0,59171.75,0.3
3691,9,134,11,132228.0,76882.0,132228.0,103346.1,292401111.89,88209.0,108276.5,111879.25,0.2
3691,14,195,16,132228.0,69970.0,107560.0,84090.5,112712075.05,77045.5,84228.5,87832.0,0.5
3692,9,125,11,102444.0,61066.0,102444.0,79448.4,204917874.64000002,68538.75,77727.5,89148.0,0.5
3693,9,137,11,116419.0,65670.0,116419.0,83621.4,223843690.44,76041.75,77405.0,91066.75,0.3
3693,14,195,16,116419.0,65670.0,78980.0,74457.5,18512579.45,74474.0,75936.5,76798.5,0.5
3694,9,135,11,93189.0,64488.0,93189.0,75741.3,97061761.81000002,69120.25,72393.0,80239.75,0.7
3695,9,143,11,115502.0,63849.0,115502.0,82614.3,232251098.81000003,72051.75,79844.0,87735.75,0.4
3695,14,204,16,115502.0,63849.0,80934.0,74986.6,37716607.44,70394.25,78641.5,79986.5,0.6
3696,9,136,11,81136.0,56236.0,81136.0,62513.2,45630945.36,58867.75,60856.5,63688.25,0.3
3696,14,203,16,81136.0,49215.0,60090.0,56015.6,10566260.84,54093.75,56374.5,58433.5,0.8
3697,9,130,11,58437.0,52777.0,63005.0,58275.3,9626581.01,57089.75,57843.0,60994.5,0.6
3698,9,114,11,74566.0,42636.0,74566.0,55394.2,99651541.16,50450.0,53123.5,58707.25,0.7
3699,9,132,11,59674.0,50342.0,59674.0,53887.1,8736290.09,51579.25,53043.5,56207.25,0.7
3700,9,140,11,76637.0,61090.0,76637.0,66534.1,27078966.29,62858.0,64479.5,68308.5,0.0
3700,14,210,16,76637.0,52924.0,65015.0,61202.1,13771409.89,61132.5,62384.5,63773.0,0.1
3700,19,280,21,76637.0,50562.0,62045.0,56777.8,12934373.160000002,55039.25,55844.5,60337.75,0.4
3701,9,139,11,72647.0,51153.0,72647.0,66573.9,34481081.09,65866.0,67516.0,69582.75,0.1
3701,14,206,16,72647.0,51153.0,66299.0,62672.4,29846195.040000003,63542.0,65591.5,66070.75,0.2
3702,9,141,11,92291.0,48595.0,92291.0,62135.3,133315546.01000002,56023.75,60987.0,64863.25,0.9
3703,9,127,11,120313.0,80526.0,120313.0,103174.5,153261932.65,100721.25,104297.5,108865.5,0.2
3704,9,140,11,115860.0,78780.0,115860.0,94115.7,150439129.41000003,84553.0,89024.5,101988.0,0.0
3704,14,201,16,115860.0,67930.0,88797.0,79886.3,40674481.61,78810.0,80450.5,82936.0,0.2
3704,19,259,21,115860.0,67930.0,79269.0,74469.3,15470757.809999999,70817.0,75152.0,78296.0,0.6
3705,9,132,11,101038.0,88598.0,102308.0,97512.8,21063874.96,93937.5,99549.0,100951.75,0.0
3708,9,141,11,115866.0,66864.0,115866.0,84100.5,220023756.05,74130.0,80761.5,84491.0,0.3
3708,14,214,16,115866.0,56420.0,82560.0,72939.3,47979189.61,71841.25,73234.0,77798.25,0.6
3709,9,138,11,72859.0,46366.0,76500.0,68881.8,101739446.96,71004.25,72945.0,74773.0,0.2
3709,14,202,16,72859.0,46366.0,72859.0,61874.7,68256721.21000001,57805.0,62159.5,68631.5,0.7
3710,9,130,11,103279.0,57791.0,103279.0,72203.3,310405549.21,59194.0,60082.5,80724.5,0.6
3711,9,130,11,75087.0,54529.0,78484.0,71271.7,57257034.80999999,70791.75,74587.5,75793.5,0.2
3711,14,190,16,75087.0,54529.0,74088.0,64831.2,34714663.760000005,60278.5,64819.5,69064.5,0.7
3712,9,146,11,97623.0,47987.0,97623.0,75629.1,190249968.09,67660.75,75923.5,84402.5,0.1
3712,14,217,16,97623.0,47987.0,73455.0,61104.7,62222659.010000005,55782.0,62074.5,65358.0,0.4
3714,9,121,11,60919.0,47574.0,62448.0,58073.7,18479118.41,56353.0,59229.5,60919.0,0.6
3715,9,135,11,57041.0,46732.0,57041.0,52396.4,7943618.640000001,50994.75,52707.0,54438.5,0.3
3716,9,124,11,54544.0,39500.0,54544.0,48330.5,23256329.45,45210.5,48428.0,52419.25,0.7
3717,9,134,11,79117.0,51377.0,79117.0,63356.5,83106551.45,58310.75,60664.0,68192.5,0.2
3717,14,193,16,79117.0,47420.0,59169.0,54418.6,12736802.04,52047.75,54354.0,57836.75,0.6
3719,9,123,11,39423.0,31526.0,42236.0,37447.0,9172282.2,35708.75,37165.5,39423.0,0.7
3720,9,127,11,29984.0,28147.0,38830.0,34448.6,12602768.44,31255.25,35578.0,36489.5,0.5
3723,9,140,11,100766.0,51267.0,100766.0,79306.2,218043067.95999998,71852.75,78087.5,89148.25,0.5
3723,14,200,16,100766.0,51267.0,78580.0,71979.1,63753856.489999995,71086.5,74507.5,77272.25,0.8
3724,9,135,11,98034.0,72839.0,99143.0,88241.1,82544732.28999999,81335.0,89689.0,97034.75,0.0
3724,14,198,16,98034.0,62312.0,87573.0,74121.7,63427555.010000005,70560.75,72872.0,79035.25,0.4
3724,19,266,21,98034.0,62312.0,72839.0,68141.0,12070037.0,66139.0,68915.0,70371.75,0.9
3725,9,136,11,93120.0,61402.0,93120.0,75251.0,83703599.4,67981.5,73680.0,82032.75,0.6
3726,9,107,11,47798.0,34217.0,47798.0,37543.4,13169218.440000001,35688.25,36569.0,37769.0,0.6
3727,9,120,11,43210.0,28269.0,43210.0,37680.3,30356997.810000002,34259.25,38865.0,43067.25,0.5
3727,14,186,16,43210.0,27976.0,38428.0,33029.8,10881364.36,30438.0,33559.5,35025.0,0.9
3728,9,147,11,84159.0,62926.0,84159.0,71239.8,42747892.36,65381.5,70768.5,73884.0,0.3
3728,14,212,16,84159.0,62926.0,71413.0,67688.6,8937484.84,64645.75,68953.0,69779.25,0.4
3729,9,146,11,64502.0,52474.0,64502.0,60670.9,13093529.290000001,61269.75,61590.5,62733.25,0.2
3729,14,215,16,64502.0,52474.0,61440.0,57628.0,11140269.0,54919.0,58441.0,60879.0,0.5
3730,9,132,11,74991.0,45837.0,74991.0,57676.7,52824389.81,54375.75,56544.0,60734.0,0.7
3731,9,136,11,88690.0,49174.0,88690.0,67100.3,158855813.20999998,56815.25,65496.0,72366.25,0.4
3731,14,207,16,88690.0,49174.0,64883.0,55908.9,18449598.089999996,54193.0,55773.0,57777.75,0.9
3732,9,134,11,67745.0,56650.0,76979.0,68637.7,52084130.61,63359.0,69741.5,75266.5,0.3
3733,9,126,11,62447.0,49789.0,62447.0,55792.6,9390437.64,55155.25,55552.5,56899.5,0.5
3734,9,150,11,71371.0,53290.0,71371.0,62437.0,28702078.2,57896.25,64001.5,65633.5,0.3
3735,9,127,11,55290.0,41431.0,55290.0,46561.8,16959731.76,43023.25,45880.0,49283.5,0.6
3736,9,141,11,54761.0,41766.0,54761.0,48815.1,12109478.89,46899.0,49165.5,51037.0,0.5
3737,9,137,11,51613.0,40699.0,51613.0,46371.6,9993725.440000001,44056.75,46409.5,47938.0,0.8
3738,9,138,11,94698.0,57969.0,94698.0,73934.8,133038633.75999999,66874.75,71421.0,83773.0,0.2
3738,14,206,16,94698.0,56178.0,70815.0,64290.3,26934013.009999998,59007.0,66559.0,68756.0,0.4
3739,9,140,11,85750.0,51212.0,85750.0,73952.3,100377727.80999999,70143.0,74321.5,82301.0,0.1
3739,14,202,16,85750.0,51212.0,72462.0,62850.5,46060190.45,57644.0,63441.0,68922.0,0.4
3739,19,270,21,85750.0,51212.0,64769.0,59582.7,16307276.41,57310.75,60539.0,62406.75,0.6
3740,9,144,11,60704.0,56174.0,63633.0,61529.1,4023353.69,60956.5,62045.5,62502.0,0.0
3740,14,202,16,60704.0,53883.0,61716.0,58998.8,5705625.56,58009.25,59419.0,60704.0,0.1
3740,19,269,21,60704.0,51117.0,59000.0,55924.4,6404432.840000001,54271.25,56714.5,57843.5,0.3
3741,9,142,11,102780.0,63222.0,102780.0,79895.2,99550783.16,77854.5,78710.0,79382.5,0.4
3742,9,143,11,81969.0,59206.0,81969.0,75891.9,37942856.09,75329.0,77386.5,78989.0,0.3
3743,9,134,11,114106.0,91895.0,114106.0,100318.9,47663771.49,95062.0,97775.5,106122.25,0.0
3743,14,205,16,114106.0,88097.0,98577.0,94688.0,10097853.2,92299.75,95507.0,97289.25,0.0
3744,9,143,11,77237.0,75423.0,84765.0,79793.6,8718228.040000001,77237.0,79845.5,82150.0,0.3
3745,9,137,11,73699.0,65272.0,76399.0,72068.5,14261494.05,70222.75,73699.0,74803.0,0.3
3746,9,138,11,92200.0,61573.0,92200.0,69715.5,71138633.45,63887.0,68165.5,71171.75,0.4
3746,14,199,16,92200.0,57984.0,70299.0,64901.2,12137852.76,63325.75,64520.0,67905.5,0.6
3747,9,135,11,71565.0,58476.0,75063.0,69938.5,26887881.85,68510.5,71565.0,74017.25,0.4
3748,9,141,11,103076.0,57565.0,103076.0,78946.4,230444800.64000002,66975.75,73163.5,94101.75,0.5
3748,14,210,16,103076.0,57565.0,79205.0,70886.9,44037512.29,66975.75,70317.0,76661.75,0.5
3749,9,135,11,90953.0,71881.0,90953.0,85308.5,45062118.65,82271.0,88746.0,90522.75,0.2
3749,14,199,16,90953.0,71881.0,88622.0,81296.7,27650399.21,77435.5,81650.5,85503.25,0.3
3750,9,140,11,101589.0,52357.0,101589.0,69183.9,190306411.69,62087.25,64492.0,67985.0,0.5
3751,9,135,11,102245.0,78343.0,102245.0,89888.5,77074358.65,82554.75,87072.0,99108.25,0.0
3751,14,199,16,102245.0,75344.0,87394.0,82003.5,15167392.85,78898.5,81826.5,85897.75,0.1
3751,19,260,21,102245.0,74137.0,81200.0,77728.9,4506204.29,75950.0,78434.5,79299.5,0.4
3752,9,142,11,79642.0,63907.0,79642.0,69993.1,26316115.689999998,66685.0,68296.5,71397.0,0.5
3753,9,128,11,71269.0,53020.0,77994.0,70506.9,55694505.29,68554.75,71269.0,76732.75,0.5
3753,14,189,16,71269.0,53020.0,73272.0,65771.2,45383293.56,60720.25,69146.5,71215.0,0.8
3754,9,130,11,69612.0,40749.0,69612.0,50952.3,78665138.01000002,44823.75,47756.5,52433.25,0.5
3754,14,204,16,69612.0,40749.0,50997.0,46985.7,10228630.209999999,44823.75,46924.0,49763.5,0.6
3755,9,137,11,56921.0,56921.0,67405.0,62240.3,14280583.809999999,59829.0,61976.5,65930.75,0.6
3756,9,140,11,50563.0,43511.0,53836.0,49351.6,11805495.64,47043.25,50563.0,51880.25,0.5
3757,9,133,11,54924.0,52646.0,62386.0,57279.7,8716887.61,54924.0,56956.0,58905.0,0.5
3759,9,132,11,38123.0,28466.0,47871.0,39665.6,31775220.839999996,36661.25,38216.0,43907.75,0.5
3760,9,134,11,109484.0,64539.0,109484.0,81041.0,233300923.4,69456.25,75869.5,84701.75,0.5
3760,14,201,16,109484.0,64539.0,76891.0,71065.1,11253332.89,69318.75,70723.0,72770.5,0.8
3761,9,128,11,105795.0,68339.0,105795.0,84312.5,145615352.05,71726.75,89556.0,91878.0,0.4
3761,14,178,16,105795.0,68339.0,88490.0,78501.0,55192690.4,71726.75,78179.0,85320.75,0.8
3762,9,144,11,54210.0,19049.0,58195.0,45965.0,168625728.2,45809.25,50665.5,54210.0,0.7
3764,9,133,11,97597.0,75325.0,97597.0,84455.7,50995513.81,79857.75,82646.0,88074.75,0.2
3764,14,198,16,97597.0,68241.0,82856.0,77098.9,16784924.29,75380.0,77467.5,79881.25,0.6
3765,9,144,11,110950.0,61347.0,110950.0,75334.5,225822525.25,63385.75,71093.5,77228.0,0.5
3767,9,137,11,55144.0,51403.0,59912.0,55359.4,6516744.640000001,53115.25,55281.0,57286.5,0.8
3768,9,144,11,69467.0,40222.0,69467.0,54985.6,73307283.23999998,49705.75,54217.5,56529.5,0.5
3768,14,206,16,69467.0,40222.0,54165.0,50687.8,15829174.559999999,49139.25,52639.0,53102.25,1.0
3769,9,139,11,61343.0,48426.0,68643.0,58997.9,29679932.29,56363.5,60549.0,61343.0,0.3
3769,14,192,16,61343.0,48426.0,60696.0,56261.0,14429291.8,53875.5,57094.5,59530.75,0.5
3770,9,127,11,69599.0,58341.0,69599.0,64601.9,14058558.09,61042.5,65416.0,67399.0,0.1
3770,14,186,16,69599.0,53616.0,66080.0,61829.3,12930841.01,60509.5,62358.0,64515.25,0.2
3771,9,141,11,77940.0,65956.0,78132.0,73841.4,12780782.84,72068.75,73869.5,77196.75,0.5
3772,9,139,11,89028.0,60622.0,89028.0,71140.2,74760769.16,63620.75,71140.5,75216.75,0.4
3773,9,135,11,63491.0,47230.0,63491.0,57796.8,30868033.559999995,54569.0,58968.0,62811.5,0.3
3773,14,203,16,63491.0,47230.0,59324.0,53869.8,13518253.959999999,51732.25,53735.5,56764.25,0.7
3774,9,144,11,87339.0,66945.0,87339.0,76619.7,24749021.410000004,74907.25,76804.0,77524.5,0.1
3775,9,141,11,83608.0,59196.0,83608.0,74516.0,58882142.0,71565.25,76125.0,79927.75,0.5
3776,9,140,11,85391.0,54820.0,85391.0,71428.6,136831199.44,59640.75,72671.5,82612.75,0.4
3776,14,203,16,85391.0,53205.0,72488.0,60110.2,29746422.96,55812.5,59312.5,62288.25,0.9
3777,9,141,11,97120.0,70051.0,97120.0,81570.9,53202701.89,75892.75,82773.5,85179.5,0.4
3778,9,135,11,112693.0,76827.0,112693.0,93146.6,119140927.43999998,83638.0,92001.0,102328.75,0.3
3778,14,198,16,112693.0,67163.0,89013.0,80016.8,42350627.760000005,75098.25,82133.5,84862.0,0.7
3780,9,134,11,42635.0,30376.0,43078.0,38185.2,13578092.760000002,36466.5,37837.0,41568.0,0.4
3780,14,199,16,42635.0,30376.0,37706.0,35540.9,6027338.49,34736.25,36644.0,37375.75,0.6
3781,9,139,11,73151.0,52907.0,73151.0,66386.9,33442362.290000003,64019.5,68331.5,70621.25,0.3
3782,9,143,11,60003.0,59933.0,69687.0,63525.9,10593054.89,60125.5,63461.0,65784.0,0.3
3784,9,149,11,65889.0,58364.0,68127.0,65309.9,6704516.6899999995,64913.25,65741.0,66626.25,0.1
3785,9,134,11,89890.0,57224.0,89890.0,77246.9,62877712.49000001,76515.5,78558.5,79842.0,0.3
3787,9,139,11,93098.0,74686.0,93098.0,86768.1,26772775.490000002,84959.0,86913.0,90730.0,0.5
3787,14,205,16,93098.0,74686.0,87040.0,83805.7,12887309.610000001,83793.75,84736.0,86381.75,0.8
3788,9,137,11,108846.0,67852.0,108846.0,81448.4,135143878.64000002,75709.75,78971.0,82136.5,0.3
3788,14,194,16,108846.0,65932.0,81329.0,75002.6,28147568.439999998,70002.0,76855.0,79117.5,0.4
3789,9,138,11,79854.0,78994.0,97989.0,88311.5,45105840.65,81423.75,89032.5,92931.5,0.3
3789,14,211,16,79854.0,78994.0,91139.0,84486.0,22013546.8,79854.0,83936.5,89240.5,0.5
3790,9,146,11,44365.0,37010.0,48288.0,43894.0,12134424.0,43643.5,44299.5,46474.75,0.3
3790,14,208,16,44365.0,37010.0,44365.0,42604.1,6249735.49,43165.0,43634.5,44185.75,0.6
3791,9,133,11,96300.0,66266.0,96300.0,82243.1,60468985.69,78310.0,81761.5,86257.0,0.1
3791,14,194,16,96300.0,66266.0,80790.0,76700.2,22913094.759999998,76007.25,78443.0,80356.5,0.2
3792,9,123,11,94721.0,68900.0,94721.0,84349.0,62208048.8,79849.0,87756.0,89881.75,0.3
3792,14,193,16,94721.0,68186.0,87624.0,76602.9,47569820.88999999,69566.0,76270.0,82906.0,0.6
3793,9,140,11,74873.0,63734.0,77329.0,69103.4,20528349.84,66309.75,67369.5,73206.0,0.4
3793,14,195,16,74873.0,63085.0,68205.0,66011.3,2499622.41,65059.25,66312.5,67123.25,0.6
3794,9,136,11,58702.0,45787.0,61911.0,56628.5,24611664.85,54760.0,58702.0,60242.25,0.6
3795,9,132,11,39465.0,31783.0,42644.0,39363.0,9240172.2,39465.0,40317.0,40785.5,0.7
3796,9,142,11,48969.0,37968.0,48969.0,43988.9,9496042.89,41788.75,44543.5,46064.5,0.5
3797,9,124,11,67778.0,54568.0,71037.0,64517.4,29895066.439999998,60034.25,67614.5,68337.5,0.1
3797,14,198,16,67778.0,53834.0,67451.0,58480.9,16599665.890000004,55994.0,56884.0,59965.0,0.4
3798,9,118,11,46209.0,38969.0,52259.0,48644.0,14417337.6,46875.5,50125.5,50989.75,0.1
3798,14,181,16,46209.0,38969.0,49724.0,42886.0,17471733.4,39109.5,40757.5,46209.0,0.5
3798,19,238,21,46209.0,33211.0,43914.0,39941.1,7959009.289999999,39017.75,39420.0,41886.75,0.7
3799,9,132,11,112045.0,80064.0,112045.0,97487.9,87247953.28999999,90974.25,96506.5,105782.25,0.1
3799,14,197,16,112045.0,80064.0,95343.0,89766.6,28073905.639999997,87906.25,91031.5,93665.5,0.3
3801,9,139,11,82431.0,62034.0,82431.0,71189.0,52793919.8,63448.0,72878.0,77300.5,0.0
3801,14,199,16,82431.0,61558.0,71020.0,64187.8,7297198.960000001,62268.75,63413.0,64755.25,0.0
3801,19,262,21,82431.0,49240.0,63116.0,60128.6,15682383.239999998,59421.25,61836.5,62308.25,0.3
3802,9,133,11,72183.0,54531.0,72183.0,66994.7,25733068.610000003,66990.5,67746.5,70322.25,0.2
3802,14,198,16,72183.0,54531.0,69888.0,65457.8,18601085.56,64489.0,67148.0,67781.25,0.3
3803,9,129,11,86644.0,67149.0,92509.0,81742.8,86165371.75999999,72926.0,85527.0,86644.0,0.3
3803,14,192,16,86644.0,60793.0,85351.0,72593.0,53685464.8,68304.0,70503.0,75435.25,0.8
3804,9,129,11,25563.0,25563.0,41728.0,34671.1,39120119.89,28212.0,36242.0,39520.0,0.7
3805,9,130,11,47100.0,33389.0,47100.0,40637.5,16103223.25,39431.0,41090.0,41821.5,0.8
3806,9,131,11,75806.0,54701.0,84954.0,74112.7,106883662.21,68078.0,76863.0,82921.0,0.3
3806,14,200,16,75806.0,54701.0,77920.0,68501.7,50335390.81000001,66083.75,69051.0,74582.5,0.6
3807,9,142,11,80110.0,50922.0,80110.0,66441.6,85359744.84,61744.0,64616.5,73347.0,0.4
3808,9,141,11,67125.0,66468.0,81945.0,73181.4,27401171.839999996,67586.5,73825.5,76984.75,0.4
3810,9,144,11,71943.0,53235.0,71943.0,61233.1,31587107.090000004,56959.0,61110.0,63404.75,0.8
3811,9,134,11,116140.0,64870.0,116140.0,83306.2,240911024.36000004,73041.75,77208.5,94072.25,0.3
3813,9,139,11,73137.0,48514.0,73137.0,57802.0,46842092.2,53530.75,57580.5,61420.0,0.6
3814,9,140,11,70040.0,53151.0,70040.0,59440.1,24762071.689999998,55589.75,58071.5,62972.75,0.4
3814,14,194,16,70040.0,53151.0,60207.0,57365.9,5230494.890000001,55589.75,58071.5,59258.0,0.4
3815,9,134,11,50055.0,41136.0,60015.0,52095.5,28323465.45,50024.25,51015.5,56494.5,0.5
3816,9,118,11,50540.0,43785.0,50540.0,47958.0,5224156.2,46481.5,48419.5,49842.75,0.7
3817,9,139,11,55705.0,41391.0,55705.0,48750.0,13929467.6,46503.5,48986.5,50744.5,0.4
3817,14,208,16,55705.0,33545.0,49678.0,44689.4,21817848.639999997,42080.5,46011.5,48535.25,0.7
3818,9,141,11,52119.0,37560.0,52119.0,41254.3,15811716.61,38915.25,40523.0,42000.25,0.5
3819,9,144,11,62696.0,47184.0,67963.0,59493.4,40921564.44,55281.5,62330.0,62696.0,0.3
3819,14,210,16,62696.0,47184.0,62206.0,55193.2,18610712.160000004,53334.25,54813.0,57702.75,0.7
3820,9,134,11,62307.0,47634.0,62307.0,55511.3,15919864.41,54180.25,55641.0,58354.5,0.8
3821,9,141,11,88652.0,64060.0,88652.0,78148.9,43191160.089999996,74337.0,80104.0,81787.75,0.1
3821,14,213,16,88652.0,54542.0,79825.0,66593.8,65211342.76000001,59252.5,65459.5,73957.75,0.6
3821,19,274,21,88652.0,54542.0,68553.0,62788.9,20121850.49,58709.0,64720.0,65525.0,0.9
3822,9,141,11,72255.0,56992.0,72255.0,66947.7,21812809.209999997,64282.75,68433.0,70842.25,0.4
3823,9,120,11,92991.0,62721.0,92991.0,73958.5,64503582.85,71640.0,72558.0,75844.25,0.7
3824,9,148,11,89155.0,81183.0,91928.0,86785.1,11320470.49,83464.0,88404.5,89121.25,0.0
3825,9,133,11,65903.0,44730.0,65903.0,50940.8,31320718.559999995,48166.0,49910.5,52200.25,0.3
3826,9,148,11,90201.0,76008.0,93971.0,89146.4,26590052.84,89865.0,90413.5,91948.75,0.1
3826,14,212,16,90201.0,71342.0,90201.0,84374.8,35292923.95999999,83289.5,86041.5,89145.75,0.2
3827,9,151,11,89108.0,79634.0,89108.0,84413.0,8722386.4,82603.0,84502.0,86859.25,0.5
3828,9,137,11,64551.0,55808.0,65578.0,62482.9,9285362.89,62076.25,63189.5,64551.0,0.5
3829,9,140,11,61980.0,61980.0,68912.0,65039.6,3894342.2400000007,63968.75,65612.5,65854.75,0.2
3830,9,139,11,112483.0,70972.0,112483.0,87772.1,216155947.68999997,76683.75,83089.0,97929.25,0.2
3830,14,209,16,112483.0,66985.0,80386.0,75094.7,18697118.01,71971.25,74812.0,79578.75,0.3
3830,19,275,21,112483.0,60730.0,74091.0,70585.9,15121965.689999998,69679.0,71974.5,73080.75,0.5
3831,9,140,11,82869.0,70873.0,82869.0,76086.7,14052836.209999999,73682.5,75693.5,76309.75,0.0
3832,9,144,11,90405.0,50932.0,90405.0,74240.1,104998871.89,70237.5,76271.5,79922.5,0.4
3833,9,141,11,88581.0,52758.0,88581.0,65464.4,149065311.44,57425.75,63016.0,63601.5,0.4
3834,9,127,11,79993.0,57011.0,79993.0,68323.3,35522816.010000005,65281.5,69325.5,71499.25,0.1
3836,9,146,11,78559.0,53303.0,78559.0,63265.1,55608536.89,57082.25,61967.5,68555.0,0.5
3836,14,204,16,78559.0,53303.0,62293.0,58971.9,7998032.49,57082.25,59350.5,61139.25,0.8
3837,9,146,11,96584.0,64343.0,96584.0,74669.5,100314256.05,65973.0,72733.0,81147.0,0.3
3837,14,204,16,96584.0,54103.0,70291.0,66555.9,21887846.29,65559.0,67888.5,69773.75,0.4
3838,9,124,11,44190.0,36681.0,44190.0,40710.3,4573634.8100000005,39390.75,40859.0,42198.25,0.1
3838,14,196,16,44190.0,35629.0,41523.0,38493.0,3524533.2,36850.25,38878.0,39927.75,0.3
3839,9,135,11,31197.0,22910.0,31197.0,27510.5,7143298.25,25566.25,27794.0,29893.75,0.6
3840,9,141,11,76425.0,67975.0,76712.0,73031.2,8793405.76,71410.75,72906.0,76057.0,0.0
3840,14,191,16,76425.0,51230.0,72561.0,66608.1,40133875.29,64522.25,68420.0,71330.75,0.4
3841,9,123,11,96274.0,56227.0,96274.0,68536.2,171870366.16,59267.75,61792.5,79033.5,0.7
3842,9,148,11,81983.0,71662.0,81983.0,77736.6,8741917.04,76294.75,77016.0,79996.5,0.1
3842,14,220,16,81983.0,64919.0,77321.0,73645.0,16465314.8,71142.25,75852.0,76957.0,0.4
3843,9,149,11,109783.0,73659.0,109783.0,95026.8,124902987.55999999,90926.0,98938.5,100647.75,0.2
3843,14,212,16,109783.0,73659.0,98346.0,87830.7,54868909.21,84701.75,89080.5,92267.75,0.3
3844,9,138,11,63877.0,49525.0,67373.0,59079.4,28097335.240000002,55694.0,58591.5,63866.25,0.2
3844,14,208,16,63877.0,49525.0,58848.0,55561.0,7463277.6,53937.5,55729.0,57993.75,0.4
3845,9,142,11,80174.0,61946.0,80174.0,73154.0,27911182.0,69819.25,73841.0,77214.25,0.1
3845,14,214,16,80174.0,61946.0,74227.0,70592.0,12427511.2,69101.25,71366.5,73177.25,0.1
3846,9,129,11,76015.0,59274.0,76015.0,67283.2,21821456.36,63551.0,68181.0,70118.75,0.5
3846,14,198,16,76015.0,59274.0,69590.0,64887.2,12168188.959999999,61999.25,64382.0,68244.0,0.7
3847,9,122,11,88023.0,71352.0,88023.0,77534.9,22530728.089999996,74688.75,76316.5,79816.5,0.0
3847,14,189,16,88023.0,66944.0,76531.0,73306.1,7935109.289999999,71592.25,74498.0,75400.5,0.1
3848,9,141,11,63025.0,46188.0,63025.0,52974.0,30331614.6,49628.0,51504.0,53663.75,0.1
3849,9,138,11,56185.0,48749.0,57153.0,53913.7,7787313.01,52137.0,54666.5,56185.0,0.2
3851,9,125,11,77376.0,63650.0,77376.0,67866.5,12515609.85,65968.5,67572.0,68315.25,0.2
3852,9,136,11,89920.0,54417.0,89920.0,65703.2,117110016.36000001,58648.5,62762.5,65878.5,0.4
3852,14,204,16,89920.0,54417.0,66130.0,60452.9,13183415.89,58541.75,59743.0,63714.75,0.6
3853,9,149,11,89157.0,64187.0,98823.0,82603.2,152545022.56,71667.75,82373.0,94889.25,0.3
3853,14,214,16,89157.0,64187.0,78684.0,73749.0,16504715.2,71667.75,74694.5,76333.0,0.3
3853,19,280,21,89157.0,64187.0,75084.0,70280.6,12739645.04,68556.5,71079.0,72449.5,0.7
3854,9,137,11,96730.0,71442.0,96730.0,82723.3,49454114.61,78311.25,81396.5,84372.0,0.0
3855,9,140,11,100752.0,54567.0,100752.0,67425.5,169160894.05,59307.75,62312.0,73353.5,0.3
3855,14,207,16,100752.0,52527.0,62761.0,57621.1,13317914.69,53979.0,58103.0,60813.0,0.6
3856,9,142,11,62287.0,40438.0,62287.0,52393.6,29608828.24,49846.0,53218.5,54848.0,0.2
3856,14,208,16,62287.0,40438.0,52328.0,48001.2,17245588.96,44224.25,49062.5,51759.25,0.5
3857,9,140,11,100361.0,57647.0,100361.0,84770.7,191208750.81,73614.25,88115.5,95351.0,0.1
3857,14,208,16,100361.0,50414.0,85166.0,66878.1,119733132.69000001,58567.25,68391.5,71451.5,0.5
3857,19,272,21,100361.0,50414.0,68938.0,60899.1,44258825.489999995,54715.25,61086.0,67676.25,0.9
3858,9,139,11,51790.0,43334.0,51790.0,48075.5,6444975.85,47503.25,48366.5,49866.75,0.2
3858,14,191,16,51790.0,43113.0,48732.0,45721.8,5033200.5600000005,43523.25,45709.0,47776.25,0.5
3859,9,148,11,59760.0,43212.0,59760.0,50221.0,26855575.0,46998.5,48555.5,52930.5,0.3
3860,9,139,11,65046.0,52047.0,65046.0,58067.8,13703686.760000002,55860.25,57762.0,60516.25,0.4
3860,14,204,16,65046.0,51162.0,57626.0,55168.3,4700745.41,53793.75,55689.5,57035.5,0.7
3862,9,140,11,98766.0,56640.0,98766.0,75872.1,139640118.29000002,66471.25,76053.0,82402.0,0.3
3862,14,209,16,98766.0,56640.0,75241.0,66873.6,37771122.440000005,63628.25,67646.5,71735.75,0.7
3863,9,146,11,86046.0,64140.0,86046.0,74949.7,37866412.410000004,70084.25,75990.5,78790.25,0.3
3863,14,212,16,86046.0,64077.0,78176.0,71162.8,21650373.16,68890.5,71257.0,73557.5,0.5
3864,9,134,11,101304.0,73124.0,101304.0,88191.3,100019102.21000001,80501.75,90172.5,97074.0,0.6
3865,9,135,11,102038.0,78192.0,117484.0,100290.3,150655532.60999998,90102.25,102038.0,110177.75,0.3
3865,14,194,16,102038.0,78192.0,102038.0,92016.1,42299470.49,88650.75,92467.5,94691.0,0.5
3866,9,129,11,81158.0,49620.0,81158.0,62926.4,56073949.839999996,61154.5,62290.0,64080.75,0.9
3867,9,135,11,84120.0,58095.0,84120.0,71365.0,66488068.6,65678.5,70994.0,75103.25,0.6
3868,9,137,11,93459.0,62387.0,93459.0,81482.1,94036329.09,74711.0,81837.5,90189.75,0.0
3868,14,206,16,93459.0,56342.0,81016.0,68058.8,66282042.96,61557.25,67171.5,73292.75,0.4
3869,9,121,11,47780.0,24345.0,47780.0,36233.6,45930022.84,30999.25,37561.0,41039.5,0.4
3869,14,178,16,47780.0,24345.0,36569.0,29919.1,11418416.690000001,28276.25,28991.5,31291.75,0.9
3870,9,128,11,61372.0,36256.0,61372.0,49500.5,52272053.25,44154.75,50285.0,52204.5,0.3
3870,14,187,16,61372.0,36256.0,49033.0,43637.1,13897683.49,41911.5,43734.0,46676.25,0.7
3871,9,143,11,49585.0,38726.0,49585.0,43302.8,16265057.760000002,39403.75,41950.0,47260.5,0.6
3872,9,138,11,51270.0,27678.0,51270.0,40271.7,46746103.61,36764.5,40183.5,43538.0,0.5
3873,9,140,11,89091.0,53896.0,89091.0,66994.1,87506988.69,61444.75,64091.0,70278.5,0.6
3874,9,135,11,45976.0,28509.0,45976.0,36040.6,21118123.04,33254.75,35359.0,38269.5,0.9
3875,9,122,11,53860.0,42557.0,53860.0,46324.4,10156175.839999998,43918.25,45693.5,47936.0,0.4
3876,9,143,11,88810.0,67859.0,88810.0,74995.8,34941428.36000001,70802.0,72635.5,78272.0,0.1
3876,14,210,16,88810.0,65384.0,72988.0,70261.4,4432425.4399999995,69820.5,70687.0,71597.25,0.3
3877,9,140,11,72242.0,34937.0,72242.0,52112.7,128240222.60999998,46494.0,51636.0,58177.75,0.2
3877,14,194,16,72242.0,34937.0,49605.0,40778.4,27488586.639999997,36061.5,39969.5,44256.5,0.7
3878,9,131,11,91786.0,55630.0,91786.0,71458.1,195629158.29,61013.0,66615.5,86578.5,0.6
3879,9,139,11,114587.0,66788.0,114587.0,79031.6,172117565.44,70705.75,76128.5,79934.75,0.0
3879,14,202,16,114587.0,59803.0,76012.0,67891.7,16942945.21,66000.5,67177.5,70074.0,0.2
3879,19,271,21,114587.0,45742.0,66788.0,60515.2,54202631.96,60494.0,62933.0,65672.75,0.7
3880,9,137,11,59774.0,50810.0,59982.0,56456.6,8702045.639999999,54534.75,56524.0,59434.0,0.1
3880,14,208,16,59774.0,46899.0,57317.0,52029.4,11513615.84,49287.5,52135.5,54768.25,0.5
3881,9,139,11,51304.0,47934.0,54217.0,51661.6,3573027.04,51217.75,51990.5,52778.75,0.2
3882,9,132,11,118072.0,81584.0,118072.0,94310.6,78813660.84,91629.25,93980.5,94642.5,0.1
3882,14,201,16,118072.0,81584.0,94431.0,89242.0,19697893.0,85715.5,91086.0,92892.5,0.2
3883,9,135,11,62786.0,48217.0,78879.0,68386.6,79066929.44,62786.0,71116.5,74853.25,0.3
3884,9,147,11,90205.0,66112.0,90205.0,77968.7,62961217.410000004,72579.5,78424.0,80658.5,0.7
3885,9,136,11,67486.0,58046.0,82144.0,72176.8,51312329.760000005,67486.0,73495.0,77980.25,0.6
3886,9,136,11,82863.0,38814.0,82863.0,60641.5,126580537.65,56126.0,58723.0,66362.0,0.2
3886,14,196,16,82863.0,38814.0,58280.0,52056.2,37113241.36,48091.75,54182.0,57388.75,0.5
3887,9,138,11,80780.0,58298.0,80780.0,66918.8,55953342.760000005,59656.0,66895.0,69622.25,0.4
3887,14,191,16,80780.0,57399.0,66542.0,61362.2,11461044.16,58566.75,60156.0,64861.75,0.7
3889,9,147,11,66980.0,53412.0,66980.0,60599.4,23476615.44,56511.25,59654.0,65771.75,0.5
3890,9,123,11,69822.0,56168.0,69822.0,62013.0,17513390.8,59892.0,60466.5,61920.25,0.8
3892,9,139,11,84734.0,78168.0,84734.0,82128.2,3998439.56,80862.0,82221.5,83671.0,0.0
3892,14,205,16,84734.0,70965.0,81624.0,78581.4,10910674.040000001,76928.25,80293.0,80953.0,0.1
3892,19,272,21,84734.0,67053.0,80277.0,74402.8,15126828.76,71795.75,75529.0,76467.75,0.3
3893,9,132,11,92530.0,65284.0,94898.0,81678.5,120083542.45,71604.5,82954.0,92530.0,0.4
3893,14,194,16,92530.0,52072.0,84640.0,71682.7,80171471.80999999,67243.5,71789.0,77349.25,0.6
3894,9,138,11,82011.0,59907.0,82011.0,70285.1,43393761.29000001,65935.0,68836.0,71915.25,0.1
3894,14,202,16,82011.0,55099.0,68794.0,64376.2,15922623.960000003,63178.75,65225.5,67374.0,0.2
3895,9,145,11,57541.0,45978.0,58783.0,54519.5,20625438.85,51365.75,57229.0,57789.25,0.4
3896,9,141,11,66316.0,51190.0,68142.0,62759.9,32672269.889999997,58875.25,66164.0,66399.25,0.4
3896,14,211,16,66316.0,51190.0,66068.0,61015.4,22295432.04,58323.0,62523.0,64159.75,0.7
3897,9,124,11,52828.0,28548.0,54794.0,38437.8,103311850.35999998,30141.0,34047.0,48858.25,0.7
3898,9,137,11,105759.0,78451.0,105759.0,89736.5,91325181.05,81339.5,86105.5,98747.75,0.3
3898,14,204,16,105759.0,71507.0,85016.0,80095.0,12984988.0,78738.75,80019.5,82254.5,0.8
3899,9,126,11,83017.0,79214.0,91053.0,86320.6,16652677.040000001,83017.0,86333.5,90579.75,0.0
3899,14,197,16,83017.0,60891.0,85918.0,77919.0,57777680.6,74327.0,80812.0,83017.0,0.3
3899,19,261,21,83017.0,60891.0,81398.0,74739.3,38286370.01,70861.75,75573.5,80285.0,0.4
3900,9,146,11,96047.0,64454.0,96047.0,78956.0,164247713.6,68477.25,72769.0,92716.5,0.6
3901,9,136,11,105851.0,62234.0,105851.0,78729.6,170963429.24,71630.5,72792.0,86885.75,0.3
3902,9,131,11,58376.0,52509.0,62299.0,57177.7,10208831.209999999,54948.75,56957.0,59393.75,0.0
3902,14,199,16,58376.0,52509.0,56584.0,54968.5,1451607.85,54287.75,55331.5,55784.25,0.0
3903,9,130,11,95358.0,54151.0,95358.0,78059.5,125671529.65,74511.5,77472.5,80685.75,0.4
3903,14,190,16,95358.0,54151.0,78109.0,72015.8,42710982.559999995,71148.75,73288.5,76399.25,0.8
3904,9,123,11,71962.0,70998.0,82640.0,76212.4,14637045.639999997,72651.5,75283.5,79764.0,0.7
3905,9,134,11,88694.0,61344.0,88694.0,71599.5,61961095.45,66838.5,69114.5,75192.5,0.3
3906,9,139,11,71622.0,39035.0,71622.0,47721.5,82245035.45,43602.25,45183.0,46755.0,0.8
3909,9,130,11,117313.0,89374.0,122475.0,110248.9,98734319.49000001,105431.25,113698.5,117313.0,0.3
3909,14,193,16,117313.0,89374.0,112292.0,104805.2,41902605.760000005,102977.75,107287.5,108347.0,0.4
3909,19,245,21,117313.0,89374.0,107354.0,100860.7,27472991.810000002,98137.25,102191.0,104360.25,0.8
3910,9,134,11,125387.0,78103.0,126679.0,110513.9,246278533.89000002,98333.75,114207.5,125387.0,0.4
3910,14,187,16,125387.0,78103.0,113007.0,97502.1,68376186.49,94697.75,98660.5,99803.0,0.9
3911,9,120,11,53308.0,22591.0,53308.0,32911.5,83807386.25,27279.75,29145.0,36137.0,0.7
3912,9,134,11,52584.0,45790.0,61536.0,53177.2,19344220.36,51608.25,52584.0,53920.25,0.3
3913,9,138,11,64832.0,44635.0,64832.0,53314.5,50860145.65,46383.0,53574.0,56610.5,0.3
3913,14,204,16,64832.0,37249.0,51785.0,44156.3,19373746.01,40972.0,45754.0,46224.75,0.7
3914,9,130,11,104488.0,60501.0,104488.0,88078.4,311907021.03999996,68956.75,98853.0,103206.75,0.4
3914,14,187,16,104488.0,60501.0,96104.0,75963.5,103450278.45,67359.5,77644.5,82011.25,0.5
3915,9,142,11,108130.0,67583.0,108130.0,81611.8,98957931.96000001,78223.75,79158.0,83562.75,0.5
3916,9,131,11,86858.0,55353.0,86858.0,66328.4,139430985.04,57561.0,59418.5,76948.25,0.6
3917,9,132,11,97369.0,63513.0,97369.0,77559.1,147110323.48999998,67957.5,73307.5,86748.0,0.5
3917,14,192,16,97369.0,63513.0,75973.0,69675.8,11093269.959999999,67754.75,69714.5,70991.0,0.6
3918,9,129,11,73408.0,45345.0,73408.0,51506.9,62881935.29,48164.25,48872.5,49583.25,0.6
3919,9,140,11,56464.0,35161.0,56464.0,45780.0,29330148.0,43347.75,46637.5,48404.0,0.7
3920,9,129,11,55659.0,49251.0,55659.0,52883.5,4675070.45,52070.25,52890.5,54813.0,0.2
3921,9,132,11,69946.0,40288.0,69946.0,51601.3,92985363.81,47300.75,49082.5,49929.75,0.6
3921,14,194,16,69946.0,38278.0,49938.0,45281.6,20618994.839999996,40924.0,47607.5,49149.75,0.8
3922,9,143,11,51952.0,35467.0,51952.0,45541.5,24156404.25,41754.75,46972.0,49302.75,0.6
3923,9,144,11,73527.0,62505.0,77955.0,72869.3,18450623.409999996,73483.75,73527.0,74927.75,0.2
3924,9,137,11,94887.0,73990.0,94887.0,86235.3,32745143.809999995,82633.75,87248.0,90251.75,0.3
3925,9,138,11,108657.0,59336.0,108657.0,82119.1,165958995.08999997,75618.5,80825.0,88919.0,0.4
3926,9,141,11,139627.0,82806.0,139627.0,114921.0,396411769.6,99273.5,110358.5,135315.75,0.1
3926,14,207,16,139627.0,74595.0,109365.0,93077.8,133909216.55999999,85230.75,90206.0,105138.5,0.5
3926,19,267,21,139627.0,74595.0,93401.0,87656.7,31640896.410000004,85230.75,88659.5,92615.0,0.6
3928,9,139,11,91236.0,62886.0,94500.0,80359.8,168840648.96,67894.0,81883.0,93286.5,0.1
3928,14,198,16,91236.0,56553.0,72530.0,67154.7,20813325.61,65466.25,68045.5,70383.25,0.2
3928,19,262,21,91236.0,52994.0,66949.0,62286.5,20026967.05,59647.75,63593.0,66050.75,0.6
3929,9,138,11,81511.0,63988.0,81511.0,71929.7,36411883.61,68376.0,69075.5,78130.5,0.2
3930,9,121,11,129393.0,76431.0,129393.0,97609.9,236495381.49,86557.75,95759.0,102813.25,0.4
3930,14,187,16,129393.0,76431.0,92579.0,85946.1,18282599.89,84478.75,86727.5,88490.25,0.6
3932,9,131,11,76890.0,57203.0,77875.0,69126.1,52700872.69,64722.0,67139.5,76890.0,0.5
3932,14,196,16,76890.0,57203.0,73394.0,65965.4,25420767.24,61944.75,65865.5,70370.5,0.6
3933,9,145,11,83034.0,53799.0,83034.0,61817.0,59228453.2,57789.25,60464.5,61564.75,0.8
3934,9,143,11,66888.0,51988.0,69470.0,64308.3,23077306.21,63194.75,66057.5,66888.0,0.3
3935,9,142,11,61082.0,48846.0,61082.0,54330.8,11536317.16,51892.0,55154.5,56262.0,0.5
3936,9,139,11,57050.0,47455.0,59027.0,53001.9,16184776.490000004,48905.75,54077.5,56449.5,0.5
3937,9,143,11,86287.0,46023.0,86287.0,72150.6,190876766.64000002,65636.5,76483.0,83300.0,0.2
3937,14,206,16,86287.0,46023.0,72598.0,57911.0,67639293.0,52454.25,55933.0,62722.75,0.5
3938,9,137,11,61799.0,49199.0,62364.0,59013.8,15390789.76,58455.75,60633.5,61755.75,0.2
3938,14,205,16,61799.0,46818.0,60616.0,53526.9,21223439.09,49739.5,53663.0,57448.0,0.7
3939,9,125,11,44189.0,37874.0,44189.0,40453.2,2724607.5599999996,39429.25,40295.5,40602.25,0.7
3940,9,146,11,56870.0,43143.0,56870.0,48475.0,19643685.4,45882.0,47497.0,47958.75,0.2
3941,9,135,11,90746.0,71455.0,90746.0,82942.1,40600496.89,78980.25,82478.0,89287.5,0.0
3941,14,207,16,90746.0,45539.0,83662.0,68515.2,164319506.76,56715.5,73668.0,79818.75,0.4
3941,19,276,21,90746.0,45539.0,71455.0,59839.7,42762802.410000004,56715.5,60992.5,63023.5,0.9
3942,9,144,11,85311.0,61326.0,85311.0,76103.3,35613302.01,76133.75,77186.0,78581.5,0.2
3943,9,107,11,99787.0,71691.0,99787.0,91995.1,64833633.69,89368.5,93093.0,98419.5,0.3
3944,9,125,11,107821.0,68145.0,107821.0,83220.3,126685564.41000001,74809.75,83396.5,86075.0,0.3
3945,9,130,11,104529.0,55895.0,104529.0,89015.9,216566805.29000002,85448.0,91219.0,101207.5,0.1
3945,14,187,16,104529.0,55895.0,90240.0,70736.7,145624364.21,61348.75,66486.0,80876.25,0.6
3945,19,253,21,104529.0,55895.0,71328.0,64801.0,22465949.4,61348.75,65244.0,68491.5,0.7
3946,9,131,11,88130.0,41276.0,88130.0,57368.6,289190514.03999996,43733.75,51696.0,63869.75,0.7
3947,9,132,11,86931.0,67040.0,89339.0,82749.1,49193695.089999996,82340.25,86010.0,86992.5,0.1
3947,14,183,16,86931.0,59222.0,85089.0,71697.6,72669456.24000001,67188.0,68606.5,79238.5,0.6
3948,9,131,11,107429.0,66016.0,116580.0,103863.8,221626254.56,97563.5,108068.0,114257.25,0.3
3948,14,184,16,107429.0,66016.0,107429.0,97292.2,138990573.56,93618.0,100486.0,105695.0,0.4
3948,19,243,21,107429.0,66016.0,103150.0,91922.4,132441840.84,93264.75,94194.0,99314.25,0.6
3949,9,140,11,60574.0,46845.0,60574.0,55410.2,11714928.76,54634.25,56018.0,57270.5,0.1
3949,14,203,16,60574.0,46845.0,56008.0,52518.0,8525700.6,50029.0,53761.0,54706.75,0.3
3950,9,137,11,59189.0,49016.0,59746.0,56994.8,9698575.36,56423.5,58047.5,59189.0,0.5
3951,9,138,11,60383.0,55102.0,64861.0,60706.8,7037646.959999999,59731.25,60385.5,62655.5,0.0
3951,14,194,16,60383.0,50636.0,60383.0,56733.7,8498386.809999999,55078.75,56236.5,59336.75,0.3
3952,9,118,11,59398.0,34690.0,59398.0,46804.9,70157602.89000002,37794.25,50867.5,52430.25,0.4
3952,14,182,16,59398.0,34690.0,50577.0,39215.7,16783813.610000003,37608.5,38376.0,39190.25,0.6
3953,9,141,11,95883.0,51361.0,95883.0,68804.0,210167669.0,57463.75,66335.5,72710.5,0.4
3953,14,204,16,95883.0,51361.0,63998.0,57304.6,17892482.439999998,53499.5,57653.5,59981.25,0.6
3955,9,141,11,78675.0,46987.0,78675.0,63802.3,93154751.61,58238.25,62052.5,71872.0,0.3
3955,14,211,16,78675.0,46987.0,64892.0,59656.4,26767064.240000002,58238.25,60875.0,63279.5,0.3
3956,9,141,11,74001.0,60352.0,74001.0,66333.8,17510769.96,64077.75,65417.0,66378.25,0.6
3957,9,143,11,81327.0,53651.0,81327.0,63707.3,65433619.410000004,56467.75,63657.0,66290.25,0.5
3958,9,135,11,37108.0,31456.0,37108.0,34797.9,3115525.4899999998,34377.75,34934.5,35981.25,0.6
3959,9,146,11,38229.0,22360.0,38229.0,30538.1,22946172.689999998,27520.0,31279.0,34252.5,0.7
3960,9,128,11,62359.0,52892.0,62359.0,55756.7,5865261.61,54504.0,55410.0,56045.75,0.3
3961,9,142,11,75510.0,63687.0,85798.0,76808.8,29341293.560000002,75510.0,77359.0,79436.5,0.6
3962,9,147,11,88847.0,57909.0,88847.0,69310.5,102000907.25,59682.5,68747.0,74374.0,0.4
3962,14,214,16,88847.0,51065.0,64562.0,58528.9,17448915.689999998,56974.5,58960.0,61739.0,0.9
3963,9,122,11,97626.0,69175.0,97626.0,83197.7,73534840.60999998,78734.5,81700.0,85632.25,0.0
3963,14,190,16,97626.0,69175.0,81287.0,75411.5,13101928.05,73222.5,75513.0,77919.75,0.0
3963,19,257,21,97626.0,68387.0,76289.0,71765.2,5755099.16,70147.5,71010.0,73239.5,0.0
3963,24,324,26,97626.0,58334.0,71313.0,68173.1,14181199.690000001,67472.0,69589.5,70674.75,0.2
3963,29,394,31,97626.0,58334.0,69175.0,65383.1,11689540.889999999,63204.25,66121.5,68288.75,0.5
3964,9,130,11,39357.0,23274.0,39357.0,31325.1,24765240.29,27656.75,31146.0,35658.25,0.6
3965,9,139,11,35014.0,23337.0,35014.0,27340.6,17426518.439999998,24253.25,25667.5,28466.75,0.7
3966,9,143,11,85094.0,47724.0,85094.0,62783.7,92383315.21000001,55939.5,63273.5,67022.5,0.6
3967,9,125,11,74902.0,54992.0,74902.0,63605.4,26235494.84,60187.25,63890.5,65554.5,0.5
3968,9,137,11,64491.0,56044.0,67801.0,63819.3,8770681.610000001,64242.75,64491.0,65025.75,0.2
3969,9,121,11,79306.0,48445.0,79306.0,66233.8,71003723.96,64044.5,66201.5,67116.0,0.6
3970,9,119,11,48470.0,35689.0,48470.0,43957.9,19296185.29,40098.75,45943.5,47148.5,0.7
3971,9,145,11,77143.0,45592.0,77143.0,70069.2,94375133.56,70295.0,73805.0,76543.5,0.2
3971,14,207,16,77143.0,43571.0,72820.0,60238.3,88352763.61,58675.0,60281.0,67503.0,0.7
3974,9,136,11,77801.0,58477.0,77801.0,70538.6,37655025.24,65973.25,70820.0,76317.75,0.3
3974,14,202,16,77801.0,57867.0,74594.0,67226.1,28819260.690000005,64378.25,69681.0,70956.25,0.4
3975,9,148,11,71162.0,51134.0,77886.0,66761.4,64771575.44,61429.0,68307.0,71162.0,0.6
3976,9,149,11,81531.0,40800.0,81531.0,56486.8,100549977.16,53594.75,56154.5,58304.25,0.3
3977,9,139,11,110374.0,44304.0,110374.0,67577.8,304915134.16,59410.25,61268.0,67601.25,0.3
3977,14,207,16,110374.0,44304.0,64389.0,56963.1,39730924.89,51873.25,59560.5,61284.5,0.5
3978,9,130,11,65174.0,65174.0,75516.0,71346.8,17585932.96,67279.5,72676.5,75338.0,0.1
3978,14,195,16,65174.0,54772.0,71364.0,63342.1,24655682.69,59579.75,63882.5,66170.0,0.6
3979,9,138,11,69248.0,58223.0,69349.0,66167.0,16618339.0,64921.75,68171.0,69248.0,0.3
3980,9,138,11,120673.0,101198.0,123603.0,115232.5,72309182.25,106748.75,120673.0,121350.25,0.3
3980,14,205,16,120673.0,89022.0,120673.0,104045.1,68702022.69,100305.5,102944.5,105729.25,0.7
3982,9,135,11,85344.0,67417.0,85344.0,78311.6,44542367.839999996,71628.0,80684.5,84509.75,0.4
3982,14,200,16,85344.0,66035.0,80096.0,72558.8,17651127.96,69782.25,72344.0,75279.25,0.9
3983,9,139,11,81250.0,54280.0,81250.0,66188.0,65837972.4,59938.5,65295.5,72399.25,0.2
3983,14,208,16,81250.0,54280.0,66323.0,61239.8,13449365.959999999,59507.5,59946.0,64989.0,0.4
3985,9,140,11,58121.0,31688.0,58121.0,40797.1,60121589.089999996,35639.25,39372.0,40483.25,0.6
3987,9,129,11,47178.0,33528.0,47178.0,42450.5,13152481.65,41808.0,42591.0,43630.0,0.4
3989,9,116,11,44319.0,27661.0,44319.0,33225.6,18992772.240000002,31228.5,32627.5,34360.0,0.7
3990,9,126,11,35441.0,26277.0,35441.0,30498.7,8306401.410000001,27919.0,30958.0,32564.25,0.7
3991,9,137,11,34290.0,34290.0,47068.0,42152.7,19818565.610000003,39947.75,44364.0,44980.75,0.9
3992,9,136,11,48448.0,42952.0,54175.0,48925.0,12883210.0,46149.5,48448.0,51953.0,0.5
3993,9,117,11,66975.0,53117.0,66975.0,59038.6,16639674.439999998,55597.0,58589.0,61817.0,0.4
3993,14,189,16,66975.0,49917.0,59114.0,56012.2,7089129.959999999,54885.0,57179.0,57784.0,0.8
3994,9,136,11,48765.0,44487.0,56508.0,52180.2,14082636.959999999,49372.0,52788.5,55434.25,0.9
3995,9,144,11,78161.0,68048.0,79119.0,75162.5,11530550.45,72683.0,76018.5,78037.0,0.3
3996,9,149,11,124767.0,81149.0,124767.0,96259.0,132654641.4,91653.25,94536.5,97201.0,0.1
3996,14,220,16,124767.0,68112.0,94300.0,82771.8,80858586.96000001,78323.5,82314.5,90620.5,0.5
3997,9,136,11,64276.0,60577.0,66999.0,63942.7,4583555.41,62015.0,64216.0,65725.0,0.4
3998,9,140,11,88088.0,64584.0,88088.0,70736.7,36996503.61,68072.0,69789.0,70448.25,0.0
3998,14,209,16,88088.0,50529.0,69815.0,63148.9,40770891.29000001,58650.25,65632.5,68652.0,0.2
3998,19,266,21,88088.0,50529.0,64584.0,57579.4,11323421.239999998,56187.25,58048.0,58803.25,0.3
3998,24,326,26,88088.0,46364.0,57611.0,54500.9,11162105.690000001,54175.25,55649.5,56574.75,0.7
3999,9,139,11,73773.0,65049.0,82930.0,76590.5,25030199.25,73773.0,78072.0,80413.25,0.1
4001,9,129,11,79983.0,28117.0,79983.0,49321.0,157227455.6,43732.75,49371.5,51742.25,0.8
4002,9,134,11,52257.0,24836.0,52257.0,42806.6,57458930.64000001,40751.75,45876.5,46919.25,0.9
4003,9,145,11,96141.0,65361.0,96141.0,75400.0,74810557.2,69675.0,73514.5,75518.75,0.0
4003,14,220,16,96141.0,61788.0,73872.0,68766.4,11448787.24,66934.75,69513.0,69875.25,0.1
4005,9,130,11,73292.0,54941.0,73292.0,63836.8,35083417.160000004,58974.25,63291.0,69376.75,0.5
4006,9,147,11,119800.0,78609.0,119800.0,110578.0,187229075.2,112648.25,116334.0,119303.5,0.1
4006,14,213,16,119800.0,78609.0,115087.0,101061.3,146224859.81,90384.25,106194.5,110674.0,0.1
4006,19,281,21,119800.0,72723.0,105364.0,85984.5,82453704.25,79493.75,87369.0,89524.0,0.4
4007,9,135,11,109347.0,75383.0,109347.0,83904.7,79766089.81,79247.75,82122.0,83908.25,0.6
4009,9,133,11,49908.0,27443.0,55999.0,39210.8,96029563.76,30201.0,36181.0,48916.5,0.6
4010,9,131,11,49709.0,43940.0,60226.0,48271.5,20546181.25,45021.5,47434.5,49663.25,0.2
4010,14,182,16,49709.0,33928.0,46895.0,42943.5,14901545.25,42684.25,43967.0,45720.5,0.6
4011,9,122,11,121058.0,60371.0,121058.0,78924.1,431393475.09,66723.0,69912.5,82881.0,0.7
4012,9,117,11,120488.0,65234.0,120488.0,88543.8,243077578.96000004,78908.5,86847.5,97039.5,0.4
4012,14,182,16,120488.0,65234.0,86365.0,77421.1,32444449.690000005,74905.0,77564.0,81370.75,0.8
4013,9,131,11,141668.0,46568.0,141668.0,80617.3,813704696.21,53961.25,82965.0,95468.75,0.4
4013,14,189,16,141668.0,46568.0,72296.0,61685.0,89964253.8,52974.75,66147.5,68084.5,0.9
4014,9,142,11,88172.0,74368.0,92696.0,84343.2,29001065.160000008,80649.0,86139.5,88172.0,0.3
4015,9,128,11,114511.0,79875.0,114511.0,94568.2,88973837.96000001,89600.0,91956.0,97575.5,0.4
4015,14,197,16,114511.0,79875.0,94829.0,90167.4,16357434.040000003,89600.0,90568.0,92496.5,0.6
4016,9,144,11,131437.0,68552.0,131437.0,97384.5,231411655.85,91244.0,98248.5,103072.0,0.2
4016,14,213,16,131437.0,68552.0,96853.0,87202.3,48213713.81,87269.25,87689.5,90430.5,0.2
4016,19,262,21,131437.0,68552.0,88488.0,84625.6,32463997.439999998,84300.75,87278.5,87772.25,0.4
4017,9,142,11,78554.0,49843.0,78554.0,65582.8,49404922.760000005,63336.25,65807.5,66919.25,0.5
4018,9,146,11,92324.0,55421.0,92324.0,64309.1,105736940.49000001,58134.25,60599.0,67141.25,0.6
4019,9,134,11,86853.0,57873.0,86853.0,70099.4,48883708.04000001,66636.25,70869.5,71722.5,0.3
4020,9,136,11,56976.0,37599.0,56976.0,48274.3,30913615.809999995,46431.0,48458.0,51500.25,0.2
4020,14,198,16,56976.0,37599.0,49474.0,46177.1,12929560.889999999,46431.0,47348.5,48484.5,0.2
4020,19,261,21,56976.0,35339.0,47156.0,41382.5,16233290.85,37996.25,40796.5,45494.5,0.7
4021,9,138,11,56687.0,26543.0,56687.0,39599.4,96516225.83999999,30605.5,39944.0,46568.25,0.5
4021,14,208,16,56687.0,26543.0,35019.0,31156.7,10535976.209999999,28051.0,31521.0,34258.25,0.9
4022,9,132,11,106207.0,67388.0,106207.0,87077.5,158444823.85,78473.75,84794.5,97580.5,0.1
4022,14,190,16,106207.0,48964.0,84417.0,71411.5,97408373.85,67495.5,74328.0,78420.75,0.4
4022,19,252,21,106207.0,48964.0,75004.0,67369.5,54081616.85,65283.5,68872.5,72139.0,0.6
4023,9,139,11,52750.0,50465.0,56981.0,54062.9,4060198.2900000005,52750.0,53495.5,56051.0,0.4
4023,14,205,16,52750.0,42810.0,55424.0,51589.4,13203582.040000001,50977.75,52750.0,53593.75,0.6
4024,9,142,11,64106.0,51018.0,66178.0,60383.3,27355000.21,58425.0,61617.0,64106.0,0.5
4025,9,147,11,84573.0,59026.0,84573.0,71279.1,90893802.69000001,63322.75,68700.0,80783.5,0.4
4025,14,216,16,84573.0,57325.0,70384.0,64350.5,19969636.25,60904.0,63716.5,68675.5,0.6
4026,9,143,11,127356.0,95497.0,127356.0,105057.1,96719742.89000002,97329.75,101981.5,108667.25,0.0
4026,14,215,16,127356.0,73081.0,100300.0,93612.3,70331857.61,95697.0,96748.0,98081.25,0.2
4027,9,135,11,103720.0,68267.0,103720.0,88241.2,97085884.96,82005.25,90045.5,93822.0,0.1
4027,14,206,16,103720.0,56440.0,86820.0,73433.4,92392519.84,65824.25,74268.0,79978.75,0.6
4028,9,129,11,45872.0,20223.0,45872.0,28688.7,53394270.81,23868.25,27269.0,29347.25,0.8
4029,9,130,11,35348.0,23192.0,35348.0,29688.7,12584907.41,27276.75,29521.0,31542.75,0.5
4030,9,133,11,58677.0,44823.0,65251.0,57371.9,44623937.89,52157.0,58677.0,63002.25,0.3
4030,14,193,16,58677.0,44823.0,58677.0,52821.2,16348998.559999999,50271.75,53307.0,55119.0,0.7
4031,9,143,11,69104.0,43515.0,69104.0,56635.3,58684612.81,52508.25,55863.5,63058.25,0.2
4031,14,210,16,69104.0,43330.0,55561.0,49246.6,15915027.839999998,46782.25,49352.0,51818.75,0.6
4032,9,143,11,80282.0,69513.0,81706.0,78685.9,10518432.29,78922.0,79738.5,80282.0,0.1
4033,9,141,11,101328.0,70814.0,101328.0,85882.3,90669654.21000001,83114.75,86188.0,88276.5,0.2
4033,14,208,16,101328.0,70814.0,86071.0,79993.0,26526943.8,77717.0,81811.5,83590.0,0.3
4034,9,144,11,85955.0,83990.0,97387.0,89443.5,16583405.85,86382.5,88929.0,89878.5,0.4
4035,9,142,11,146615.0,84526.0,146615.0,117601.9,590165909.29,92883.25,118311.5,142285.75,0.1
4035,14,200,16,146615.0,74102.0,106203.0,88479.7,80848074.81,83424.25,87352.5,89981.5,0.5
4036,9,140,11,134276.0,36042.0,134276.0,87427.7,771644374.8100001,75359.25,86579.5,101861.75,0.2
4036,14,186,16,134276.0,36042.0,84810.0,64437.5,193737293.85,56238.0,65255.5,71607.25,0.7
4037,9,115,11,91953.0,62969.0,91953.0,75506.0,80894406.2,70677.5,72046.5,77392.5,0.1
4038,9,136,11,80377.0,47258.0,80377.0,58894.8,103393534.16,52219.25,56154.0,58126.0,0.4
4039,9,125,11,85322.0,55989.0,85498.0,75161.0,133295092.6,67107.0,81752.5,85115.25,0.2
4039,14,188,16,85322.0,55989.0,79325.0,66341.6,43232809.84,62482.0,67816.0,69277.75,0.3
4040,9,135,11,74579.0,56508.0,74579.0,62159.4,24101799.04,59300.25,61616.5,63789.5,0.4
4041,9,99,11,44266.0,28054.0,44266.0,34455.3,22293195.81,30494.25,35559.0,36558.75,0.9
4042,9,124,11,70329.0,40387.0,70670.0,55054.9,118327437.28999999,47193.75,52391.5,66201.25,0.3
4043,9,139,11,65560.0,37867.0,65560.0,48159.0,50421953.0,44508.5,47129.0,50638.25,0.7
4043,14,198,16,65560.0,37867.0,49020.0,45649.5,11311543.85,44497.25,46923.0,47820.75,0.9
4044,9,136,11,110408.0,62539.0,110408.0,85267.5,258961759.85,72827.25,81151.5,98059.75,0.0
4044,14,199,16,110408.0,49187.0,79847.0,65728.2,84500368.36,58645.5,66484.5,73345.75,0.1
4044,19,266,21,110408.0,46476.0,62539.0,54999.7,33141859.01,48891.5,57841.0,59479.5,0.4
4044,24,326,26,110408.0,36188.0,57321.0,50442.3,34449758.410000004,48352.75,51563.0,54821.75,0.7
4045,9,132,11,51893.0,34439.0,51893.0,41670.2,20432376.759999998,39555.0,42304.5,43224.0,0.9
4046,9,134,11,104593.0,67210.0,104593.0,87111.0,121732902.8,82372.5,84809.5,93132.0,0.1
4046,14,206,16,104593.0,67210.0,85196.0,80818.1,28050180.890000004,79651.5,82407.0,84530.25,0.1
4046,19,275,21,104593.0,58143.0,82476.0,76801.8,59063652.56,76303.5,80092.0,82328.25,0.2
4046,24,338,26,104593.0,58143.0,78769.0,72610.3,35957729.61,70105.0,74965.0,76620.5,0.6
4047,9,139,11,39556.0,28716.0,39556.0,33761.6,11256544.44,31791.25,33218.5,34597.0,0.8
4048,9,135,11,54190.0,45646.0,56788.0,53481.3,11219591.21,51700.75,54190.0,56371.0,0.5
4049,9,139,11,66926.0,52463.0,70040.0,62826.3,38768408.21,57214.75,65504.0,67601.0,0.5
4050,9,128,11,82699.0,49282.0,82699.0,69757.4,105771532.04,65654.75,71318.5,78194.5,0.3
4050,14,189,16,82699.0,49282.0,70199.0,65249.4,44860240.84,65654.75,67575.5,69947.0,0.3
4051,9,122,11,67143.0,48197.0,67143.0,57520.2,41955491.36,51142.25,58571.5,62279.25,0.4
4051,14,169,16,67143.0,36862.0,58263.0,50560.0,40251633.6,48299.25,49918.0,56204.75,0.9
4052,9,150,11,94673.0,71446.0,94673.0,87545.9,38084447.489999995,85733.5,89622.5,91084.75,0.1
4052,14,222,16,94673.0,63720.0,88998.0,75495.1,87445108.69,67704.0,72066.5,84580.5,0.6
4053,9,146,11,123325.0,69944.0,123325.0,88062.8,232314291.56,79511.25,83679.5,90218.5,0.1
4053,14,219,16,123325.0,69944.0,83491.0,77722.3,12571170.010000002,76443.0,78170.0,79837.75,0.1
4053,19,282,21,123325.0,57211.0,78132.0,70384.8,44508173.76,67043.5,72043.0,75801.0,0.5
4054,9,150,11,82178.0,63878.0,82178.0,73043.8,39322344.36,68941.5,71821.0,78462.0,0.4
4054,14,218,16,82178.0,63878.0,74052.0,69966.7,10178937.41,68941.5,70249.0,72428.0,0.4
4055,9,140,11,101950.0,72014.0,101950.0,82473.9,72053387.49,77040.75,81707.5,85436.25,0.0
4055,14,208,16,101950.0,72014.0,81739.0,76639.7,12258384.61,73426.0,75978.0,79490.5,0.0
4056,9,140,11,125876.0,69203.0,125876.0,95112.7,389514922.01,81509.25,86769.5,115190.25,0.2
4056,14,205,16,125876.0,69203.0,87888.0,80965.3,37550353.41,75851.75,83621.0,85853.5,0.3
4058,9,142,11,61971.0,61206.0,73523.0,67138.6,17716829.84,63093.25,67567.0,69102.25,0.2
4059,9,133,11,83849.0,62720.0,83849.0,74187.8,43524844.160000004,70168.0,73429.0,80288.5,0.2
4060,9,143,11,99729.0,58332.0,99729.0,74065.2,179179844.36,59854.5,77405.0,82391.75,0.5
4061,9,138,11,103431.0,63534.0,103431.0,79366.4,95976139.23999998,74301.75,77970.5,81292.75,0.3
4061,14,192,16,103431.0,63534.0,79587.0,73117.4,24291379.839999996,69604.0,73321.5,77594.25,0.6
4062,9,147,11,51813.0,39613.0,51813.0,46247.8,14155280.959999999,43460.5,47248.5,48979.75,0.3
4062,14,213,16,51813.0,39613.0,47481.0,44483.2,5899195.96,43154.0,45296.0,46086.0,0.5
4063,9,144,11,48003.0,41298.0,49513.0,47072.2,5133916.56,46990.25,47759.0,48003.0,0.4
4065,9,132,11,68805.0,37796.0,68805.0,45862.9,77346220.69,38872.5,44866.5,48642.75,0.9
4066,9,140,11,104872.0,68859.0,104872.0,80371.4,86449520.24000001,75654.25,79278.5,81429.5,0.0
4066,14,206,16,104872.0,61019.0,78669.0,72820.0,22521218.6,72114.75,73477.5,76241.0,0.1
4066,19,278,21,104872.0,49508.0,73277.0,63562.1,57863724.49000001,59546.75,62566.5,71290.5,0.6
4067,9,132,11,70231.0,55152.0,70231.0,64213.6,17543810.240000002,61936.25,64142.0,67678.5,0.0
4067,14,199,16,70231.0,55152.0,64386.0,61475.0,8445745.0,61425.5,61946.5,63676.25,0.0
4068,9,140,11,64047.0,39547.0,64047.0,52432.8,37605351.160000004,50344.0,51776.5,56122.75,0.3
4068,14,206,16,64047.0,39547.0,51613.0,48235.7,10146175.01,47908.5,48749.5,49764.25,0.8
4070,9,132,11,78210.0,63204.0,78210.0,71674.5,23527618.45,68316.0,71697.5,75518.75,0.1
4071,9,122,11,84945.0,64169.0,84945.0,75832.3,38089601.21,71903.5,76772.0,77406.0,0.1
4071,14,193,16,84945.0,62406.0,76746.0,67908.0,24838577.8,64491.5,65588.5,70088.75,0.4
4072,9,138,11,110105.0,59670.0,110105.0,74711.9,171901745.09,68244.75,72194.0,73767.25,0.1
4072,14,198,16,110105.0,59009.0,72051.0,65916.3,22198334.410000004,61179.75,66747.0,69406.0,0.3
4073,9,150,11,121574.0,79068.0,121574.0,94889.3,190286884.41000003,86699.5,90588.5,100646.5,0.0
4073,14,223,16,121574.0,71340.0,91481.0,83493.4,41843580.239999995,79426.0,84225.0,89343.25,0.1
4073,19,284,21,121574.0,54830.0,83061.0,75842.9,61192733.89,74400.75,78340.0,80391.0,0.2
4073,24,352,26,121574.0,54830.0,78356.0,72634.5,39423156.85,72717.25,73955.0,75485.5,0.3
4074,9,133,11,84800.0,69710.0,84800.0,79983.4,18637725.24,77743.75,81122.5,82850.25,0.1
4075,9,138,11,68658.0,46312.0,72226.0,66238.5,48945655.05,65575.5,68658.0,69429.5,0.6
4076,9,138,11,104697.0,69397.0,104697.0,81281.0,89375879.6,76926.5,78766.0,80577.75,0.2
4077,9,132,11,80771.0,67913.0,80771.0,75093.8,16750697.559999999,73000.0,75146.5,78391.25,0.2
4078,9,140,11,67597.0,67597.0,77717.0,72810.3,15181577.41,68489.25,74010.5,76309.25,0.4
4079,9,133,11,58280.0,48984.0,58280.0,53248.3,10989859.81,50827.75,52740.5,55999.0,0.6
4080,9,139,11,88536.0,77313.0,91739.0,88151.9,14752018.49,88536.0,88842.0,89463.25,0.2
4081,9,142,11,69042.0,43637.0,69042.0,53686.3,55033798.410000004,49093.5,50617.0,57160.75,0.2
4081,14,211,16,69042.0,43637.0,51949.0,49534.9,5479681.49,48572.25,49772.5,51320.75,0.3
4082,9,142,11,120914.0,78993.0,120914.0,100618.3,142762894.20999998,92376.75,104171.5,106615.0,0.4
4082,14,209,16,120914.0,78993.0,103174.0,90995.9,48485355.489999995,85890.25,92499.5,95840.0,0.6
4083,9,142,11,102325.0,86788.0,102325.0,94704.8,28067790.159999996,90575.25,94030.0,99073.5,0.5
4084,9,121,11,70691.0,43662.0,70691.0,52830.6,49722399.839999996,48638.25,50644.0,54627.75,0.5
4085,9,148,11,118121.0,84910.0,118121.0,100432.3,96431508.61,96638.5,101559.0,103209.75,0.0
4085,14,220,16,118121.0,74820.0,101454.0,86902.5,79082274.05,81468.0,84958.0,94071.75,0.2
4085,19,285,21,118121.0,74820.0,85016.0,81131.7,12780289.009999998,80411.0,81191.0,84482.25,0.3
4086,9,133,11,78363.0,69414.0,86128.0,76061.6,22945259.64,72163.25,76492.5,78363.0,0.8
4087,9,149,11,108904.0,64951.0,108904.0,81577.5,136721231.25,73383.0,81691.0,86153.5,0.6
4088,9,144,11,120963.0,62062.0,120963.0,88242.6,254865066.24,80633.25,91341.5,96082.0,0.2
4088,14,210,16,120963.0,62062.0,88883.0,74617.8,54552824.56,71596.0,73955.5,78610.0,0.6
4089,9,131,11,87387.0,61479.0,87387.0,75299.2,54554783.56,71574.75,74389.0,78160.0,0.2
4090,9,135,11,59331.0,51761.0,62528.0,58625.9,9687630.489999998,57123.75,59331.0,61052.5,0.1
4090,14,201,16,59331.0,41196.0,59331.0,54416.7,23171048.81,54651.0,55740.5,56703.75,0.4
4091,9,146,11,77688.0,50031.0,77688.0,60983.3,61282514.21,56141.25,61417.0,64698.25,0.4
4091,14,217,16,77688.0,50031.0,62921.0,57422.0,21345514.4,54011.75,57828.0,61436.5,0.6
4093,9,142,11,88855.0,65077.0,88855.0,82503.9,46128940.69,80323.5,83063.0,88078.75,0.6
4095,9,102,11,23927.0,15273.0,23927.0,19003.2,6421059.76,17011.25,19302.5,20268.0,0.8
4096,9,138,11,46359.0,42387.0,54386.0,49228.1,11776102.69,46740.0,49547.5,51628.25,0.3
4097,9,138,11,64457.0,45254.0,64457.0,59059.2,29131214.76,56850.5,60853.5,62398.75,0.3
4098,9,138,11,93627.0,74689.0,93627.0,85440.1,41461990.89,80028.75,86753.5,90401.0,0.1
4098,14,205,16,93627.0,67025.0,84781.0,77454.8,23411763.759999998,75208.75,77343.0,79180.5,0.3
4098,19,268,21,93627.0,67025.0,77797.0,73616.2,10459464.959999999,72706.25,74169.5,76248.25,0.7
4099,9,131,11,114100.0,37764.0,114100.0,71761.8,683705906.36,53754.25,65436.5,90761.25,0.6
4100,9,127,11,109176.0,82974.0,109176.0,91821.7,67669978.01,86792.25,89133.5,96767.75,0.2
4101,9,136,11,60448.0,60448.0,80371.0,69675.4,56334790.64,61905.0,71396.5,75316.75,0.6
4101,14,195,16,60448.0,60448.0,74138.0,67935.4,30456525.640000004,61905.0,71334.0,71667.5,0.8
4102,9,139,11,102939.0,71672.0,102939.0,87634.9,53927140.489999995,85968.25,87583.0,90053.25,0.1
4103,9,149,11,103237.0,80289.0,103237.0,90600.9,30037911.889999997,89132.0,90509.0,91817.0,0.1
4104,9,142,11,61774.0,49705.0,66880.0,58119.3,30983688.809999995,53867.75,57255.0,61774.0,0.3
4105,9,111,11,33586.0,25812.0,36209.0,32675.8,7924089.56,31274.75,33586.0,34140.25,0.3
4105,14,158,16,33586.0,25629.0,33586.0,30341.9,6304862.890000001,29966.5,30985.0,32005.0,0.7
4106,9,110,11,22971.0,18933.0,25722.0,22257.6,5392138.640000001,20171.5,22530.0,23652.0,0.8
4109,9,141,11,79950.0,66476.0,81408.0,75236.8,27502329.560000002,71443.25,76077.0,79950.0,0.2
4109,14,200,16,79950.0,65399.0,73442.0,70323.5,6389267.45,69004.25,71343.0,71749.25,0.3
4110,9,131,11,85277.0,69233.0,85383.0,78629.9,25356789.69,75634.5,77713.5,83632.0,0.3
4112,9,135,11,38310.0,31330.0,42659.0,38510.7,13336558.209999997,35508.0,39603.0,41299.75,0.6
4113,9,135,11,51206.0,32991.0,51734.0,46677.9,27184761.690000005,46024.25,47931.0,50442.25,0.7
4114,9,137,11,59043.0,59043.0,68728.0,63372.9,9713595.69,61008.25,63474.0,65043.0,0.5
4115,9,136,11,68561.0,55815.0,68561.0,64179.4,15359164.84,61881.75,65442.0,66937.75,0.2
4117,9,142,11,74301.0,46676.0,74301.0,57702.1,69631704.88999999,51320.0,56559.5,63826.0,0.3
4117,14,203,16,74301.0,46676.0,59995.0,52860.0,17362948.6,50128.5,53177.5,55929.25,0.5
4118,9,138,11,116422.0,72101.0,116422.0,91907.3,277673529.61,76054.25,90992.0,108381.25,0.0
4118,14,198,16,116422.0,31721.0,89906.0,68887.8,208380116.16000003,67113.75,71258.5,73836.0,0.2
4118,19,248,21,116422.0,31721.0,70416.0,56951.3,115890031.60999998,54581.0,56054.5,65184.5,0.7
4119,9,149,11,73226.0,52581.0,73226.0,64191.4,39051668.04,60342.25,64692.5,68909.0,0.3
4120,9,127,11,78445.0,39133.0,78445.0,56458.9,150782602.08999997,51284.0,52588.5,58588.0,0.6
4122,9,116,11,58670.0,48983.0,58670.0,52848.9,8448312.09,51159.75,52053.0,54261.75,0.7
4123,9,144,11,80936.0,54676.0,80936.0,64416.2,75232896.56,57410.0,60885.0,68807.25,0.3
4124,9,141,11,87326.0,63065.0,87326.0,69201.2,45785725.559999995,65243.0,67691.0,68255.5,0.0
4126,9,140,11,71994.0,55623.0,71994.0,60760.8,24698824.560000002,57245.5,58715.5,63127.75,0.6
4127,9,132,11,52257.0,46178.0,63005.0,54780.0,22748384.2,52257.0,54429.0,58518.25,0.6
4128,9,142,11,42461.0,42461.0,58142.0,51246.7,31948062.610000003,48313.0,50933.0,56928.5,0.5
4130,9,150,11,76028.0,50217.0,76028.0,65612.4,53556545.64,63502.0,66126.5,69265.5,0.4
4131,9,132,11,74578.0,44713.0,74578.0,64155.0,72477863.8,60787.25,67110.5,68757.75,0.5
4132,9,118,11,85478.0,53514.0,85478.0,72186.9,78239540.08999999,71638.5,73597.5,77645.0,0.2
4132,14,190,16,85478.0,53514.0,75780.0,69876.2,49951326.760000005,69888.75,72682.0,74150.0,0.2
4134,9,134,11,95100.0,63846.0,95100.0,73498.4,73177506.63999999,67702.75,71100.0,77009.5,0.3
4134,14,197,16,95100.0,59451.0,74734.0,68047.9,18645826.889999997,65649.25,68066.5,71662.5,0.5
4135,9,142,11,86248.0,54559.0,86248.0,67510.8,96925516.96000001,59792.5,65779.5,72686.5,0.7
4136,9,142,11,70483.0,53119.0,70483.0,60140.3,32543861.21,56629.5,58969.5,60655.0,0.0
4136,14,214,16,70483.0,42786.0,58845.0,52942.1,22061810.29,50513.5,53515.0,55965.75,0.2
4136,19,265,21,70483.0,42786.0,53889.0,49431.5,12281118.25,48122.0,49147.5,52790.75,0.5
4137,9,129,11,74798.0,34334.0,74798.0,52365.3,87840355.61,49497.5,51396.5,54597.0,0.9
4138,9,144,11,42716.0,37256.0,48013.0,41764.1,9393339.290000001,39050.0,42716.0,43015.75,0.5
4139,9,145,11,43137.0,32299.0,43137.0,38360.4,17796389.44,33630.0,40358.5,41893.25,0.5
4140,9,138,11,73000.0,55374.0,73000.0,64699.3,34516611.41,59015.25,66489.0,68606.5,0.7
4141,9,138,11,56859.0,56859.0,75353.0,66175.6,41019004.83999999,61377.0,66107.0,70687.0,0.4
4142,9,145,11,59975.0,56363.0,64983.0,61928.6,7485024.44,59988.75,61966.0,64628.25,0.4
4143,9,135,11,77286.0,48343.0,77286.0,56189.4,67660370.44000001,50291.0,54187.5,56629.25,0.2
4143,14,205,16,77286.0,36769.0,54568.0,49273.4,23818143.44,48521.0,49783.0,52805.75,0.5
4144,9,136,11,48139.0,48139.0,61041.0,56294.7,20961396.21,54868.5,57329.5,60108.75,0.4
4145,9,137,11,45378.0,45378.0,62940.0,56475.4,38395328.239999995,53649.0,58824.5,60978.0,0.3
4146,9,135,11,86955.0,64457.0,86955.0,72152.5,42311421.25,66580.25,72902.5,73853.75,0.4
4148,9,139,11,107668.0,67278.0,107668.0,79327.7,174814768.01000002,73044.0,73751.0,77998.0,0.2
4149,9,90,11,58007.0,37915.0,58007.0,44833.4,28084142.24,41087.0,44813.0,46063.5,0.9
4150,9,104,11,79059.0,56221.0,80150.0,67327.3,72939808.81,61568.75,64949.5,76040.75,0.3
4150,14,164,16,79059.0,56221.0,66443.0,61276.3,9755465.610000001,58510.0,62016.5,63320.5,0.5
4151,9,138,11,87033.0,72466.0,87033.0,79858.8,26942758.559999995,74895.75,81946.5,83065.25,0.5
4153,9,143,11,83872.0,54290.0,83872.0,66000.8,76520630.56,58662.75,66180.0,70464.25,0.5
4154,9,142,11,114173.0,79646.0,114173.0,90752.5,81715403.65,85439.5,90033.0,92964.75,0.4
4155,9,131,11,121420.0,91933.0,121420.0,104652.7,65192107.80999999,98144.5,105539.5,108194.5,0.1
4155,14,202,16,121420.0,91933.0,105550.0,99415.9,15449909.290000003,97335.25,99133.0,100856.5,0.1
4156,9,132,11,68791.0,48881.0,68791.0,60860.7,32533719.810000002,59535.0,61700.0,63039.0,0.2
4156,14,187,16,68791.0,48881.0,61779.0,58074.7,15940161.209999999,55665.5,59638.0,61229.0,0.3
4158,9,146,11,66788.0,47633.0,66788.0,54761.7,32082923.21,49917.75,54393.5,58050.75,0.5
4162,9,127,11,65714.0,41453.0,65714.0,50990.8,33373718.759999998,49000.25,50975.0,51763.75,0.7
4163,9,137,11,103770.0,56744.0,103770.0,73005.8,386875227.96,59230.25,61881.5,92496.5,0.3
4164,9,152,11,93455.0,43136.0,93455.0,68797.7,271907643.01,55626.75,68434.0,83272.25,0.4
4164,14,214,16,93455.0,43136.0,60962.0,55743.3,23359039.61,55376.25,56247.0,58806.25,0.5
4165,9,149,11,99660.0,70196.0,99660.0,82647.9,90633572.69000001,74097.25,82533.0,85898.5,0.4
4166,9,137,11,91558.0,74818.0,91558.0,81822.7,28407341.21,77389.0,80849.5,85845.75,0.5
4167,9,133,11,107519.0,74792.0,107519.0,87911.0,85084333.8,80737.0,86960.0,92749.0,0.5
4168,9,132,11,169349.0,141019.0,180292.0,165280.2,174306446.16,161546.75,169349.0,175037.0,0.0
4168,14,190,16,169349.0,129784.0,169349.0,151989.7,142919828.81,142115.75,153598.5,160392.0,0.1
4169,9,122,11,193693.0,136514.0,202921.0,171951.3,605188593.21,145882.75,176885.5,193693.0,0.1
4169,14,184,16,193693.0,117118.0,176624.0,139115.5,268956415.25,127587.5,139574.5,144463.0,0.5
4170,9,136,11,151622.0,114224.0,151622.0,130428.9,119140993.29,123703.25,129583.5,135269.0,0.3
4171,9,114,11,16269.0,10276.0,16269.0,13180.7,2821974.61,12938.75,13204.0,14038.25,0.9
4173,9,146,11,71589.0,57011.0,71589.0,67063.4,24367268.64,66568.0,68727.5,70671.5,0.4
4174,9,129,11,81269.0,40696.0,81269.0,60498.8,130413105.35999998,54769.75,59146.0,65010.25,0.6
4175,9,116,11,88876.0,76903.0,91025.0,85853.9,20567790.49,82038.0,87705.0,88876.0,0.1
4176,9,130,11,93032.0,79172.0,93540.0,89530.8,28258144.360000003,89042.25,92101.0,93032.0,0.0
4176,14,194,16,93032.0,64743.0,91306.0,81942.7,87339503.61,79243.5,86021.5,88178.25,0.2
4177,9,139,11,144201.0,71999.0,144201.0,114075.2,740635603.16,91730.75,119495.5,138669.5,0.2
4177,14,199,16,144201.0,71675.0,109255.0,84103.4,148787033.04,75102.0,80492.0,86724.75,0.7
4177,19,255,21,144201.0,71675.0,85178.0,78412.2,23546129.959999997,74139.0,78711.5,83069.25,0.9
4178,9,140,11,88225.0,37963.0,88225.0,50573.7,217598468.60999998,39266.0,46497.0,54091.75,0.5
4178,14,210,16,88225.0,37963.0,46200.0,41876.0,7796595.0,39266.0,41603.0,44407.25,0.7
4179,9,135,11,76748.0,57831.0,76748.0,64530.7,32376751.009999998,59767.5,64048.0,67304.75,0.7
4180,9,129,11,95691.0,44126.0,95691.0,66179.3,167854431.81,62285.25,65667.0,71456.75,0.9
4181,9,143,11,58238.0,38696.0,58238.0,51484.3,30966648.410000004,49091.25,51237.0,55768.5,0.5
4182,9,139,11,56447.0,49305.0,63694.0,56716.1,13238931.89,55428.75,56447.0,57453.0,0.1
4182,14,210,16,56447.0,45151.0,56447.0,53620.7,12239407.61,52992.0,55189.5,55750.5,0.2
4182,19,279,21,56447.0,44159.0,55011.0,50410.5,12112416.85,49337.75,50283.5,53166.75,0.6
4186,9,118,11,55342.0,31020.0,55342.0,37583.6,41659313.04000001,34394.75,35759.5,38495.25,0.5
4187,9,141,11,45519.0,36763.0,45519.0,40965.0,9444989.0,38582.5,40617.5,43396.5,0.6
4188,9,142,11,47392.0,41296.0,51089.0,46703.7,9400417.61,44369.75,47325.0,48255.25,0.3
4189,9,145,11,68632.0,44662.0,68632.0,56451.4,45189928.44,52156.0,58443.0,60089.5,0.5
4190,9,137,11,87277.0,54704.0,87277.0,63222.2,81354996.55999999,58377.25,60164.0,65810.75,0.2
4190,14,205,16,87277.0,47808.0,59949.0,54660.8,14967326.16,52049.75,54710.0,58226.25,0.6
4192,9,138,11,66610.0,41538.0,67349.0,57207.4,94313130.03999999,51115.0,59834.0,66312.5,0.2
4192,14,211,16,66610.0,41538.0,56129.0,50717.2,30028329.559999995,46031.75,52387.0,55652.0,0.3
4192,19,272,21,66610.0,41538.0,53554.0,48789.0,17128325.2,45572.25,50512.0,51185.0,0.6
4194,9,134,11,84914.0,48626.0,84914.0,59190.9,110446443.88999999,50531.0,57397.5,63015.25,0.5
4194,14,202,16,84914.0,48626.0,59721.0,53520.8,14636066.959999999,49709.0,53598.5,56672.25,0.7
4195,9,139,11,101002.0,60139.0,101380.0,80160.2,247526005.16,67938.25,72990.0,98491.25,0.6
4195,14,205,16,101002.0,60139.0,76814.0,71105.0,29410691.8,67938.25,72766.5,75825.5,0.9
4196,9,131,11,78131.0,73181.0,86101.0,81287.5,13238458.25,78889.25,82261.0,83779.0,0.0
4197,9,136,11,89139.0,70733.0,89139.0,78966.5,24565215.85,76621.5,77839.5,82210.0,0.3
4198,9,120,11,97618.0,80469.0,97618.0,85624.6,26744961.84,81795.0,83685.5,88899.75,0.4
4199,9,126,11,84512.0,82555.0,95773.0,88924.3,18441441.41,85063.0,88869.0,92086.25,0.0
4199,14,194,16,84512.0,72747.0,88996.0,83994.8,19169393.36,82952.75,84512.0,86386.75,0.1
4200,9,136,11,80446.0,63207.0,80446.0,74640.2,21523429.159999996,72650.75,75706.5,77830.0,0.1
4201,9,134,11,78606.0,53772.0,78606.0,61117.5,47203590.25,56469.5,59615.0,62203.25,0.7
4202,9,136,11,73516.0,47933.0,73516.0,64219.0,52065717.0,59477.5,66990.5,69303.75,0.4
4203,9,135,11,49072.0,26522.0,53203.0,47719.0,53344794.8,48507.25,49531.5,51285.5,0.9
4204,9,133,11,82363.0,42494.0,82363.0,60435.1,159845043.49000004,51701.5,57040.5,68733.75,0.4
4204,14,203,16,82363.0,42494.0,57475.0,52446.3,21583983.609999996,50783.0,54561.0,55559.0,0.7
4205,9,142,11,102223.0,74350.0,102223.0,87027.3,72857742.61,79385.5,89127.0,92497.5,0.2
4205,14,209,16,102223.0,74350.0,86929.0,80305.1,17770971.69,76379.5,80641.0,83359.5,0.2
4206,9,142,11,104761.0,61036.0,104761.0,75639.0,131360063.0,68752.75,73497.5,79883.75,0.3
4206,14,211,16,104761.0,61036.0,74243.0,70152.3,16921563.01,68096.75,71492.0,73582.25,0.4
4207,9,131,11,69613.0,67453.0,77340.0,71744.4,11084311.239999998,69613.0,70437.5,74000.25,0.0
4207,14,200,16,69613.0,55593.0,70856.0,65952.8,26504753.359999996,64755.0,67709.0,69613.0,0.4
4208,9,144,11,74531.0,55136.0,78185.0,65528.4,86892848.24,56404.5,63187.5,74531.0,0.4
4209,9,132,11,100769.0,74741.0,104095.0,92508.4,71088011.24,87655.0,94191.5,99458.75,0.1
4209,14,195,16,100769.0,68869.0,94981.0,83292.5,70411333.45,76878.75,84481.5,88993.0,0.3
4209,19,254,21,100769.0,68869.0,84812.0,79454.8,29555723.160000004,75714.25,81765.5,83936.25,0.6
4210,9,118,11,62340.0,45703.0,62340.0,49876.0,27261332.8,46402.25,47345.0,52044.25,0.2
4210,14,184,16,62340.0,29590.0,47608.0,43449.2,36610732.760000005,44271.25,46078.0,47261.75,0.5
4211,9,141,11,110526.0,76341.0,110526.0,85819.5,98785173.25,79893.25,82634.0,88529.75,0.7
4212,9,137,11,49496.0,44773.0,57914.0,51638.6,17289724.04,49496.0,52482.0,53244.75,0.7
4213,9,128,11,79350.0,31685.0,79350.0,55816.7,192153952.41000003,46695.75,53784.5,64283.75,0.5
4213,14,196,16,79350.0,31685.0,54133.0,46529.1,32070201.889999993,45600.5,47975.5,49046.75,0.7
4214,9,146,11,72234.0,40560.0,72234.0,53530.4,108550221.84,44014.75,53728.0,61727.75,0.5
4214,14,210,16,72234.0,40560.0,53900.0,48369.6,24685508.24,44014.75,50085.5,52684.25,0.5
4215,9,137,11,82359.0,59860.0,82359.0,69735.6,52011996.04,64173.75,68295.0,71901.25,0.4
4216,9,137,11,74761.0,66487.0,78375.0,74108.7,10764625.41,72349.75,74781.5,76275.5,0.1
4217,9,136,11,60053.0,45799.0,60798.0,54505.7,26768646.410000004,50049.25,56189.5,59118.25,0.6
4218,9,144,11,63669.0,55460.0,63669.0,59443.0,5769731.4,58081.25,59316.5,61338.0,0.2
4219,9,141,11,69366.0,48340.0,69366.0,59859.4,33274302.03999999,57022.0,59110.0,63351.5,0.5
4219,14,206,16,69366.0,48340.0,62473.0,57800.1,13131981.49,57022.0,58205.0,59982.0,0.6
4220,9,133,11,76983.0,57724.0,81112.0,68200.2,54958077.56,62679.5,67074.0,74812.5,0.4
4220,14,198,16,76983.0,57724.0,68871.0,64930.0,13247525.2,62679.5,65731.0,68145.75,0.5
4221,9,122,11,72365.0,60983.0,72365.0,67392.2,10550506.56,65449.25,66874.0,70209.25,0.1
4221,14,185,16,72365.0,60983.0,68318.0,65042.2,6364681.5600000005,62989.75,65763.5,67066.0,0.3
4221,19,254,21,72365.0,57304.0,66490.0,62916.1,8277148.290000001,61048.25,63527.5,65009.75,0.5
4222,9,143,11,50211.0,48730.0,62192.0,55108.8,21948238.160000004,50485.75,54836.0,59222.25,0.5
4224,9,129,11,57328.0,39511.0,57328.0,49751.6,42016088.04000001,45461.0,49466.0,56626.5,0.6
4226,9,142,11,108718.0,62635.0,108718.0,74125.6,196591867.64000002,64926.75,66841.0,77446.25,0.2
4226,14,204,16,108718.0,55380.0,66369.0,61255.4,16277626.84,57334.25,62926.5,64549.0,0.7
4227,9,133,11,112099.0,69668.0,112099.0,80527.7,141574191.01000002,72387.75,77358.5,81652.0,0.4
4228,9,138,11,75325.0,71000.0,77487.0,74635.7,2600205.6100000003,74301.25,75136.5,75317.75,0.0
4229,9,140,11,98531.0,66969.0,98531.0,83580.7,99214242.21000001,80211.25,82010.0,90356.5,0.2
4229,14,207,16,98531.0,66969.0,82147.0,76379.5,36248301.65,71193.0,80404.5,81342.0,0.4
4230,9,127,11,119852.0,73427.0,119852.0,93076.6,233320670.04000002,82941.75,88467.5,101424.0,0.4
4230,14,193,16,119852.0,73427.0,92044.0,84908.8,31097765.160000004,82941.75,86093.0,88050.0,0.5
4231,9,135,11,36121.0,23009.0,36121.0,31491.2,19236039.560000002,30220.25,33253.5,34393.0,0.6
4231,14,196,15,36121.0,23009.0,34122.0,29895.8,14259867.760000002,28238.25,30769.5,32817.0,1.0
4232,9,133,11,37012.0,32498.0,37872.0,36172.0,3307268.0,35324.5,37035.0,37149.5,0.7
4233,9,139,11,84067.0,52097.0,84067.0,63973.6,106218491.64,57559.75,59394.5,64946.75,0.6
4234,9,135,11,107206.0,67472.0,107206.0,84362.2,136502592.56,75259.75,82605.0,91952.0,0.1
4234,14,207,16,107206.0,67472.0,80232.0,75587.7,9739890.41,74998.5,75719.5,77238.75,0.1
4236,9,137,11,116738.0,87735.0,116738.0,106667.4,65877534.239999995,103476.0,107328.0,112233.75,0.1
4237,9,141,11,124727.0,98710.0,124727.0,110812.3,72392167.80999999,102632.75,113298.5,116886.5,0.0
4237,14,215,16,124727.0,83572.0,111825.0,100786.7,61864602.010000005,99188.25,102682.5,105553.75,0.2
4237,19,282,21,124727.0,83572.0,102653.0,96362.2,35863638.559999995,92331.5,98229.0,101478.75,0.2
4238,9,142,11,75031.0,44111.0,75031.0,60363.8,96833643.35999998,52534.75,57894.0,69818.75,0.3
4239,9,140,11,59569.0,46225.0,59569.0,53967.7,25826599.41,48661.0,56473.0,58343.75,0.4
4239,14,206,16,59569.0,46225.0,55917.0,50924.7,11724303.01,47760.0,50757.0,53431.5,0.5
4240,9,134,11,63147.0,31644.0,63147.0,44073.0,84788599.6,37270.25,41834.0,50482.0,0.8
4241,9,141,11,59638.0,43354.0,59638.0,53470.0,34829992.4,49444.0,55517.5,58222.5,0.4
4242,9,118,11,117032.0,90434.0,117032.0,102854.8,68093820.16,97955.75,103046.0,107785.75,0.1
4242,14,180,16,117032.0,90434.0,106435.0,99257.4,30247605.839999996,94898.0,101488.0,103240.5,0.1
4242,19,249,21,117032.0,90434.0,102129.0,95790.1,14537659.09,93111.5,95596.0,98005.25,0.1
4242,24,314,26,117032.0,83527.0,96992.0,92309.0,11963861.2,91182.75,92823.0,94124.0,0.2
4244,9,126,11,124970.0,83225.0,124970.0,97813.2,122246047.75999996,90628.0,96132.0,102575.0,0.5
4246,9,136,11,86128.0,56197.0,86128.0,73271.4,54203952.44,70618.75,74735.0,76030.75,0.1
4246,14,201,16,86128.0,54681.0,75187.0,66062.0,51208431.0,60247.5,68557.0,72058.25,0.4
4247,9,140,11,70270.0,47740.0,70270.0,57444.2,30269403.360000003,54713.75,57195.0,58702.25,0.3
4248,9,139,11,73474.0,49048.0,73474.0,58652.2,51045757.16,53784.75,58618.5,63054.75,0.3
4248,14,206,16,73474.0,40224.0,58025.0,50619.3,30602756.610000003,48256.0,50568.5,54848.25,0.7
4250,9,140,11,65122.0,54968.0,69128.0,63952.9,15517321.290000001,63054.0,65122.0,66070.5,0.3
4251,9,122,11,82408.0,49190.0,82408.0,65500.0,86242342.6,58951.25,67594.0,69556.25,0.8
4252,9,143,11,93851.0,59988.0,93851.0,79208.1,76387418.68999998,75487.5,77985.0,85638.0,0.6
4253,9,148,11,116097.0,87093.0,116097.0,98411.1,81974489.09,92330.75,96063.5,104545.5,0.2
4253,14,218,16,116097.0,87093.0,96651.0,92479.1,10300279.09,91162.5,92484.0,95154.5,0.2
4254,9,127,11,70850.0,50493.0,70850.0,55685.8,33106733.96,51767.5,53700.5,57539.25,0.5
4255,9,133,11,78225.0,52807.0,78225.0,64871.4,44765012.440000005,60396.0,65343.0,67752.5,0.1
4255,14,201,16,78225.0,35155.0,64347.0,57150.9,71266751.69,54498.5,60462.0,62600.5,0.3
4255,19,254,21,78225.0,35155.0,60330.0,52920.6,45855321.44,51775.25,53015.0,57733.25,0.7
4257,9,133,11,58373.0,29352.0,58373.0,42387.2,90314708.36,35551.5,42911.0,43653.0,0.8
4259,9,137,11,74851.0,59993.0,74851.0,68671.9,19139041.69,66813.5,69003.5,70755.25,0.8
4260,9,131,11,83268.0,74495.0,94645.0,85119.2,47239483.56,79642.5,86200.5,90547.25,0.4
4260,14,193,16,83268.0,74495.0,89913.0,82412.7,30304533.410000004,77545.25,83268.0,87570.5,0.6
4261,9,142,11,92370.0,54798.0,92370.0,76656.2,166829687.16,70702.75,74791.0,89700.5,0.5
4261,14,206,16,92370.0,54798.0,83043.0,72337.0,84777435.6,69984.25,73379.5,80543.5,0.6
4262,9,129,11,58403.0,37273.0,58403.0,46923.4,36020512.24,43476.25,46608.0,50548.0,0.7
4263,9,103,11,14542.0,10502.0,14783.0,13310.4,1967425.4400000002,12539.75,13693.5,14520.5,0.9
4264,9,111,11,31085.0,10663.0,31085.0,16793.0,33680146.6,13895.5,14763.0,15443.0,0.8
4265,9,118,11,56254.0,41559.0,56254.0,50509.5,24225990.65,46323.25,50929.0,55623.75,0.4
4265,14,185,16,56254.0,39711.0,50677.0,45785.6,12277450.84,43178.75,45921.0,49007.5,0.7
4266,9,138,11,55945.0,38440.0,55945.0,49011.6,39447559.239999995,44651.0,50499.5,54647.75,0.5
4266,14,205,16,55945.0,38440.0,52528.0,47097.1,23975485.089999996,44242.0,48758.0,51090.0,0.6
4267,9,131,11,70708.0,52728.0,70708.0,61863.9,19052449.490000002,60228.25,62160.0,63492.5,0.4
4268,9,139,11,63353.0,43276.0,63353.0,49893.7,29030650.209999997,46642.0,48769.0,51428.5,0.6
4269,9,134,11,78415.0,65676.0,78415.0,72840.9,17197826.689999998,70226.5,73741.0,74707.25,0.2
4270,9,124,11,88731.0,60683.0,88731.0,66184.1,59345067.69000001,62546.0,64103.5,65472.25,0.1
4270,14,191,16,88731.0,56989.0,63960.0,61221.8,5199076.5600000005,60802.0,61828.5,62790.0,0.5
4271,9,135,11,192439.0,104059.0,192439.0,161187.6,533697333.03999996,156048.5,166030.5,174794.5,0.0
4271,14,181,16,192439.0,47537.0,165543.0,99711.9,2383374609.09,51747.25,85562.0,150422.25,0.4
4271,19,228,21,192439.0,47537.0,67328.0,57152.8,44963453.95999999,51747.25,56444.5,61548.0,0.8
4272,9,134,11,58160.0,51405.0,59881.0,57780.4,5200299.24,57896.75,58468.0,58972.0,0.1
4273,9,142,11,60343.0,50826.0,60343.0,54025.6,7948727.039999999,52155.25,53257.0,54825.75,0.0
4273,14,208,16,60343.0,46967.0,53654.0,51705.9,3511599.4899999993,50891.25,52157.0,53157.25,0.1
4274,9,141,11,85668.0,61085.0,85668.0,69044.4,44496942.440000005,66099.0,67470.5,69347.5,0.0
4276,9,140,11,89632.0,46062.0,89632.0,61741.0,214321075.8,52947.0,57940.0,60829.0,0.6
4277,9,138,11,59275.0,55965.0,63750.0,59853.3,6189461.8100000005,58379.25,59275.0,61928.5,0.6
4278,9,146,11,107798.0,82253.0,107798.0,89429.4,52711235.239999995,83691.5,88033.5,92107.5,0.3
4279,9,135,11,87742.0,73562.0,93190.0,86252.2,39570926.160000004,84410.0,87742.0,91336.75,0.3
4280,9,134,11,90262.0,73448.0,90262.0,81580.8,30639578.96000001,77264.0,80505.5,85249.25,0.0
4280,14,200,16,90262.0,70938.0,78268.0,74865.9,5779732.49,73190.75,74392.5,77200.75,0.0
4281,9,141,11,99083.0,75728.0,99083.0,84669.3,37672279.01,80451.0,84626.0,85434.75,0.0
4281,14,212,16,99083.0,61598.0,84341.0,74314.6,74332509.24,65096.0,77612.0,81635.0,0.3
4281,19,280,21,99083.0,61598.0,75728.0,67484.7,16683869.209999999,63955.5,68134.5,69627.5,0.8
4282,9,137,11,59276.0,48078.0,59276.0,51841.2,11623711.959999999,49322.0,50976.5,52735.0,0.3
4283,9,139,11,55990.0,43515.0,61004.0,54549.8,27748708.160000004,51640.0,55990.0,58708.0,0.3
4284,9,139,11,67765.0,61483.0,73937.0,69042.4,12804064.84,67012.75,68773.5,71682.5,0.1
4284,14,208,16,67765.0,54220.0,67765.0,63048.8,27707409.160000004,58627.0,66434.0,67103.25,0.4
4285,9,133,11,84907.0,55195.0,85890.0,70245.4,145402036.23999998,58970.5,68806.0,83398.25,0.4
4285,14,197,16,84907.0,55195.0,66066.0,60478.7,12652904.81,57341.25,60753.0,63351.75,0.6
4286,9,136,11,87725.0,66430.0,87725.0,77082.7,61035603.61,70263.75,75612.5,85341.75,0.4
4286,14,196,16,87725.0,62742.0,75385.0,70609.3,13191851.21,68946.25,71746.5,72569.5,0.6
4287,9,129,11,63451.0,60643.0,65095.0,63135.6,1621278.64,62189.5,63451.0,63863.0,0.5
4288,9,132,11,94403.0,53546.0,94403.0,74768.4,142610079.04,66734.0,72957.0,84397.25,0.1
4288,14,194,16,94403.0,53546.0,71768.0,62644.3,28982345.809999995,59470.5,61575.5,64899.75,0.6
4289,9,137,11,64414.0,50769.0,64414.0,56610.2,15652863.16,54191.5,55977.0,59043.25,0.3
4290,9,135,11,57133.0,44261.0,59315.0,52103.1,24504790.29,47724.75,52880.0,56249.5,0.7
4291,9,144,11,100332.0,76017.0,100332.0,83385.0,39237355.8,80376.25,81744.5,83624.5,0.2
4292,9,118,11,90968.0,66939.0,90968.0,81630.1,58659728.89,79759.25,83739.0,85128.75,0.5
4292,14,171,16,90968.0,66318.0,83605.0,74661.7,47895920.010000005,68013.5,74437.5,80897.25,0.9
4293,9,147,11,81691.0,50581.0,81691.0,62513.0,98167515.6,54794.25,59185.0,68000.5,0.5
4293,14,216,16,81691.0,50581.0,61592.0,57128.4,14263723.84,54579.25,56742.5,61117.0,0.6
4294,9,135,11,93186.0,56107.0,93186.0,76953.6,193501508.83999997,67187.25,74686.0,91790.0,0.2
4294,14,183,16,93186.0,46139.0,74361.0,61642.3,55387381.81,58012.75,61968.5,65589.0,0.7
4295,9,146,11,83763.0,79379.0,93362.0,88444.1,20922283.29,84413.0,90473.0,92287.25,0.2
4295,14,217,16,83763.0,79379.0,89486.0,85800.4,8003634.840000001,84102.25,86288.5,87504.25,0.2
4296,9,138,11,94556.0,77042.0,94556.0,81777.2,26761175.56,78226.0,79907.5,83134.5,0.0
4297,9,139,11,118248.0,80239.0,118248.0,93683.2,113412853.36000001,87136.0,91624.0,96750.5,0.0
4297,14,208,16,118248.0,55735.0,90607.0,80285.2,87909628.96000001,78676.0,83049.5,86188.25,0.2
4297,19,267,21,118248.0,55735.0,83013.0,74174.6,56065208.44,73416.75,75767.0,79030.25,0.4
4298,9,147,11,90800.0,73505.0,90800.0,81006.1,41050274.89,75762.25,78717.5,87778.25,0.3
4299,9,131,11,65953.0,55422.0,65953.0,60536.5,9813083.45,58636.25,60272.0,60977.5,0.1
4299,14,193,16,65953.0,47292.0,59981.0,56743.2,13278736.559999999,56017.5,58200.0,58883.5,0.3
4301,9,138,11,69971.0,66963.0,78028.0,70888.8,10602261.56,68663.5,69971.0,72820.0,0.4
4303,9,136,11,73216.0,55193.0,73216.0,64713.9,34704002.489999995,60479.25,66373.5,68889.0,0.5
4304,9,142,11,66610.0,51614.0,66610.0,55378.9,16011811.09,53193.75,55000.0,55482.25,0.7
4305,9,149,11,96840.0,70729.0,96840.0,79238.7,46514478.41,75655.0,77569.0,79358.5,0.2
4305,14,217,16,96840.0,70729.0,78898.0,75813.1,6497265.289999999,74707.75,76669.5,77539.75,0.3
4306,9,129,11,84931.0,45132.0,84931.0,58904.6,101553322.63999999,55134.0,58420.0,60258.75,0.6
4307,9,145,11,80760.0,48420.0,80760.0,60365.6,81737689.44000001,54309.25,59315.5,62996.25,0.3
4307,14,207,16,80760.0,44100.0,59257.0,52826.0,19149551.2,50433.75,52763.5,55966.25,0.8
4308,9,138,11,61413.0,46000.0,61413.0,54511.0,18755240.8,52927.75,54662.5,57632.0,0.2
4308,14,198,16,61413.0,44904.0,53125.0,49754.0,8796302.4,47572.0,49437.0,52937.25,0.6
4309,9,114,11,63003.0,40581.0,63003.0,53518.3,61195174.60999999,46324.0,56252.0,59203.0,0.4
4309,14,171,16,63003.0,40581.0,54442.0,47708.0,13822045.4,45629.25,48264.0,49890.0,0.7
4310,9,139,11,77655.0,73594.0,83193.0,77568.8,11825603.16,74254.75,77461.5,80223.0,0.4
4311,9,120,11,89281.0,74991.0,89281.0,80137.1,19397532.09,76149.75,79927.5,82673.5,0.5
4312,9,141,11,75222.0,40978.0,75222.0,53403.5,99894452.45,46716.0,49923.0,56243.0,0.5
4313,9,129,11,46374.0,46374.0,62503.0,56313.8,31311021.76,54953.0,56990.5,60902.75,0.1
4314,9,143,11,97948.0,70664.0,97948.0,81024.0,115850732.4,72718.0,75408.0,91245.0,0.1
4314,14,208,16,97948.0,57344.0,75764.0,70082.5,32841948.85,70753.0,72198.5,72853.75,0.3
4315,9,140,11,105988.0,48047.0,105988.0,75266.0,309980420.2,63121.0,75514.0,86015.0,0.5
4315,14,203,16,105988.0,48047.0,74168.0,66166.1,71254468.89,63121.0,67861.5,73629.75,0.6
4316,9,140,11,59083.0,37941.0,59435.0,49526.8,70314158.56,41076.25,50222.5,58323.5,0.4
4316,14,205,16,59083.0,37941.0,46893.0,43697.6,9535540.440000001,41076.25,44803.0,46447.5,0.5
4317,9,132,11,137889.0,90276.0,137889.0,114282.8,258458226.76,99752.25,113063.0,129481.75,0.1
4317,14,202,16,137889.0,85729.0,106261.0,94117.2,42656600.76,89879.25,91632.5,98986.25,0.5
4317,19,266,21,137889.0,80636.0,92540.0,88792.0,11608748.0,87178.5,90011.5,90589.25,0.9
4318,9,145,11,113965.0,88655.0,113965.0,98134.9,89021218.09,91895.75,93214.5,105165.5,0.3
4319,9,135,11,70602.0,45037.0,70602.0,51588.1,48390495.089999996,46834.75,50985.5,52617.0,0.9
4320,9,108,11,40125.0,25994.0,40125.0,32988.1,24833569.689999998,29700.5,30175.5,37886.0,0.6
4321,9,128,11,34771.0,28560.0,35346.0,32260.5,5945183.25,31025.0,31583.5,34771.0,0.7
4322,9,140,11,58145.0,53666.0,58145.0,55744.0,2142292.0,54508.25,55509.0,56990.5,0.6
4323,9,137,11,65578.0,47454.0,72672.0,61074.5,42722250.45,57695.25,62440.0,64843.0,0.3
4324,9,139,11,63516.0,46052.0,63516.0,51245.1,21700988.689999998,48937.25,50250.5,52258.25,0.5
4325,9,136,11,57564.0,45381.0,57932.0,51910.0,22329969.6,46914.0,52854.5,56533.5,0.3
4325,14,197,16,57564.0,45381.0,52778.0,48452.6,4702167.24,46369.75,49044.0,49616.25,0.4
4325,19,265,21,57564.0,37705.0,49434.0,45911.4,9054696.84,45749.5,46156.0,47223.5,0.8
4326,9,140,11,54177.0,51822.0,64904.0,58699.3,21004929.21,54177.0,59348.5,62995.25,0.3
4327,9,135,11,44390.0,44390.0,56077.0,52187.3,20354812.009999998,49308.75,54920.0,55706.5,0.3
4327,14,204,16,44390.0,44390.0,54456.0,49295.9,12163079.69,46146.0,49960.5,51951.25,0.5
4328,9,138,11,75922.0,45004.0,75922.0,57932.8,93781006.35999998,50339.75,56055.0,61927.5,0.3
4328,14,197,16,75922.0,37837.0,55298.0,48623.3,27018296.21,45801.75,49563.5,52157.5,0.7
4329,9,128,11,105629.0,58736.0,105629.0,77728.8,167761180.76,69957.5,74206.0,82539.5,0.6
4330,9,144,11,92922.0,60328.0,92922.0,72716.0,86767580.2,65872.5,71319.0,77875.5,0.5
4331,9,129,11,61874.0,48378.0,61874.0,56634.2,16077536.760000002,56255.75,57614.5,59025.75,0.2
4332,9,131,11,52841.0,50992.0,57718.0,54356.9,4542645.29,52841.0,54154.5,56326.25,0.2
4334,9,140,11,55770.0,29760.0,55770.0,44596.1,79651400.89,39735.25,42508.0,54023.0,0.5
4334,14,200,16,55770.0,29760.0,42885.0,37750.8,19013671.560000002,34322.0,38278.5,41932.75,0.8
4335,9,140,11,92090.0,76235.0,98419.0,88797.2,40918707.36,84393.5,90648.0,92090.0,0.3
4335,14,195,16,92090.0,75719.0,89890.0,82690.4,18690647.64,80816.0,83382.0,83969.75,0.8
4336,9,149,11,84142.0,57756.0,84142.0,64805.4,59617777.24000001,59218.25,62454.5,66206.5,0.4
4337,9,134,11,104104.0,70265.0,104104.0,84475.5,93873757.45,77009.25,83394.0,89905.5,0.1
4337,14,206,16,104104.0,59378.0,81030.0,73776.0,35794470.8,71040.0,75083.5,77652.75,0.2
4337,19,265,21,104104.0,55397.0,74195.0,66816.3,39114337.21,61197.25,70484.5,70986.25,0.5
4339,9,129,11,78154.0,74651.0,82734.0,79215.4,7085724.640000001,78154.0,79411.0,81549.75,0.2
4339,14,193,16,78154.0,74651.0,80048.0,77529.8,3507963.56,75770.0,78154.0,78719.75,0.2
4340,9,115,11,44351.0,41840.0,49328.0,45904.3,5384308.01,44351.0,46086.0,47684.5,0.4
4340,14,163,16,44351.0,41243.0,46139.0,43881.6,3127977.8400000003,42174.5,44351.0,45449.0,0.9
4341,9,112,11,49980.0,36685.0,52857.0,46157.0,28841166.2,41792.25,47849.5,49980.0,0.4
4343,9,134,11,100744.0,61788.0,100744.0,82049.9,126239058.09,78993.0,80781.0,85511.0,0.2
4343,14,194,16,100744.0,61788.0,82849.0,76697.1,37665231.69,75105.75,79002.0,81110.0,0.2
4344,9,139,11,53439.0,34352.0,53439.0,42609.4,27374663.639999997,38350.75,42778.5,45082.0,0.7
4345,9,137,11,50041.0,31051.0,50041.0,43458.9,32110338.889999997,41277.25,44299.0,48157.0,0.5
4347,9,134,11,35838.0,33389.0,41823.0,38291.8,9536111.36,35838.0,39418.0,40962.25,0.7
4348,9,143,11,63496.0,51181.0,63496.0,57614.7,12677189.209999999,55396.25,58450.5,59483.25,0.3
4348,14,211,16,63496.0,49819.0,57858.0,54202.1,7672288.49,51573.75,54879.0,56364.25,0.6
4350,9,136,11,38222.0,29130.0,38222.0,32929.5,5383306.65,31962.25,32743.5,33908.75,0.9
4351,9,129,11,57937.0,32589.0,57937.0,42323.6,42293016.239999995,38673.75,40462.5,45322.5,0.5
4352,9,145,11,83532.0,70343.0,92243.0,82450.6,44134706.44,79066.75,83301.0,86273.25,0.3
4353,9,128,11,62776.0,53717.0,62776.0,58583.1,7245302.290000001,56399.0,59173.5,60467.75,0.2
4353,14,198,16,62776.0,52114.0,59055.0,56142.6,5112470.4399999995,54772.25,55586.0,58398.5,0.5
4354,9,116,11,89112.0,68635.0,89112.0,80267.5,52511149.05,73531.5,83933.5,85767.75,0.0
4354,14,181,16,89112.0,62396.0,83586.0,72873.9,31179396.089999996,69087.0,73835.5,76242.0,0.1
4355,9,139,11,84320.0,52039.0,84320.0,66274.9,61607781.29,62194.25,65863.0,69413.0,0.7
4356,9,123,11,61079.0,61079.0,78235.0,71961.7,34997014.410000004,70591.0,74337.0,75493.25,0.3
4357,9,124,11,117278.0,70107.0,117278.0,92230.3,294857273.01000005,75454.5,93255.0,104146.0,0.0
4357,14,185,16,117278.0,59648.0,90448.0,69744.7,78891057.81,63077.75,67830.5,74653.0,0.5
4358,9,129,11,82694.0,52334.0,82694.0,68702.4,86013459.24000001,64358.75,66829.5,74152.5,0.2
4358,14,195,16,82694.0,47006.0,66750.0,59925.2,37716083.36,56159.25,62901.5,64136.75,0.4
4360,9,139,11,84830.0,57012.0,84830.0,75684.8,103004845.96,72082.25,80374.5,83069.5,0.4
4360,14,199,16,84830.0,57012.0,80751.0,72577.0,83420770.8,66322.0,77876.0,79861.0,0.5
4361,9,139,11,96938.0,67579.0,96938.0,80940.7,53713449.60999999,77380.5,80174.0,84071.25,0.1
4362,9,139,11,87820.0,63211.0,87820.0,72700.9,51283555.69,66994.0,72142.5,76160.5,0.1
4362,14,208,16,87820.0,59763.0,69893.0,65302.3,9522055.21,63323.75,65764.0,67792.0,0.4
4365,9,134,11,99996.0,64332.0,99996.0,76093.4,137830263.83999997,68535.5,72747.5,74764.25,0.7
4366,9,137,11,98423.0,61885.0,98423.0,85237.7,110669123.00999999,82331.25,84380.0,93117.25,0.2
4366,14,198,16,98423.0,61885.0,85101.0,80721.2,46938610.56,81425.25,83750.0,84628.5,0.2
4367,9,131,11,87733.0,61096.0,87733.0,75403.2,64853870.16000001,71917.25,74255.0,80026.25,0.2
4367,14,202,16,87733.0,61096.0,77501.0,71060.3,24276031.409999996,67341.0,72203.5,74930.5,0.3
4368,9,142,11,63667.0,46727.0,63667.0,51920.5,21050644.85,49130.25,51461.5,52283.5,0.9
4369,9,143,11,66656.0,58177.0,66656.0,64048.4,8104494.639999999,63576.75,64931.5,66194.25,0.4
4370,9,137,11,63264.0,56564.0,63360.0,60233.3,6313133.81,58804.0,59752.5,62966.0,0.9
4371,9,138,11,65310.0,53177.0,65310.0,59233.2,17324053.96,56019.75,58982.5,62465.5,0.7
4372,9,139,11,71565.0,61876.0,76401.0,68424.9,23025691.69,64403.75,67570.5,71565.0,0.1
4373,9,143,11,70786.0,36421.0,70786.0,54484.8,113601485.36000001,48426.75,57470.5,60833.0,0.2
4373,14,205,16,70786.0,36421.0,57022.0,44562.7,42984971.81,40510.5,43041.5,46194.0,0.6
4374,9,141,11,77103.0,51570.0,91268.0,73038.5,93349653.65,68618.0,74340.0,77103.0,0.1
4374,14,206,16,77103.0,51570.0,73898.0,63936.8,49665215.559999995,59554.5,67621.5,68389.75,0.4
4375,9,130,11,44328.0,44328.0,58250.0,51411.8,20396799.96,49281.75,51207.5,55363.75,0.8
4376,9,142,11,61798.0,41641.0,64602.0,51783.0,59253440.2,47360.25,49475.5,59042.5,0.7
4377,9,142,11,78759.0,36320.0,78759.0,56974.8,190821455.76000002,47021.5,56290.5,66189.75,0.4
4377,14,204,16,78759.0,36320.0,56383.0,49902.7,43855543.01,46584.5,53061.0,54830.0,0.8
4379,9,142,11,88541.0,55140.0,88541.0,74925.5,112673987.25,67393.0,74996.5,83316.75,0.1
4379,14,213,16,88541.0,50896.0,70120.0,63516.8,33981599.56,62793.0,64654.5,67022.0,0.2
4379,19,275,21,88541.0,50896.0,64198.0,58420.3,24152592.21,53772.75,59393.0,62786.0,0.5
4380,9,128,11,38599.0,30714.0,45961.0,39884.9,19214042.09,38592.25,40561.5,42718.0,0.6
4381,9,135,11,119802.0,73894.0,119802.0,91610.6,269148568.84000003,80242.0,82599.5,102618.0,0.1
4381,14,202,16,119802.0,73894.0,87134.0,81289.1,16198714.290000001,79897.75,81434.0,83340.25,0.2
4381,19,255,21,119802.0,70150.0,80746.0,75809.1,12535494.690000001,72695.5,75489.0,79372.75,0.7
4383,9,141,11,86094.0,60743.0,88259.0,79850.4,60389101.23999999,77260.75,81478.0,86027.0,0.1
4384,9,126,11,35047.0,29003.0,37917.0,34406.8,6689203.16,34050.5,35039.5,36037.0,0.6
4385,9,131,11,44371.0,31362.0,44371.0,37392.1,19013727.29,33191.75,38653.5,40602.75,0.9
4386,9,125,11,72950.0,33098.0,72950.0,49873.5,113585043.45,42933.75,50199.0,55197.75,0.5
4386,14,185,16,72950.0,33098.0,52827.0,45452.6,32974409.840000004,42933.75,46528.5,48371.5,1.0
4387,9,136,11,59041.0,29636.0,61165.0,50405.7,85528738.21,47562.5,49868.0,58841.5,0.6
4388,9,141,11,65146.0,55788.0,65146.0,60534.0,8266599.0,59462.25,60461.0,62303.5,0.6
4390,9,137,11,80656.0,58614.0,80656.0,73980.3,60569768.61,69532.5,77840.5,79454.0,0.3
4391,9,140,11,77825.0,66008.0,77825.0,72215.7,16197946.809999999,69139.75,72386.5,75214.25,0.2
4393,9,131,11,49793.0,43819.0,50754.0,48951.9,4983835.49,47658.5,50057.5,50493.0,0.3
4394,9,140,11,127044.0,81908.0,127044.0,102635.8,312269443.16,88253.75,95990.5,122801.25,0.3
4394,14,203,16,127044.0,74445.0,94678.0,86199.2,38265831.55999999,81987.0,85961.5,91806.5,0.6
4395,9,132,11,123669.0,74109.0,123669.0,90597.2,220373294.35999998,80433.0,85748.5,92124.0,0.6
4396,9,118,11,103478.0,48351.0,111058.0,88399.4,463783047.03999996,73397.75,99324.0,103478.0,0.3
4396,14,165,16,103478.0,48351.0,97506.0,69154.1,182115681.69,62468.5,68439.5,69523.5,0.8
4397,9,127,11,96629.0,47440.0,104203.0,83437.3,285852906.01,74534.0,84910.0,96629.0,0.5
4397,14,178,16,96629.0,47440.0,86589.0,77202.6,134966955.83999997,74534.0,82100.5,85368.5,0.7
4398,9,139,11,70726.0,53023.0,70726.0,59020.2,23030821.56,55403.75,59265.0,60473.75,0.9
4399,9,140,11,81257.0,55890.0,89391.0,75868.2,114809818.96,69143.0,79052.0,83760.5,0.4
4399,14,201,16,81257.0,55890.0,76847.0,70468.6,44944379.839999996,68285.5,73658.0,75050.75,0.9
4400,9,137,11,89900.0,72606.0,89900.0,76638.6,23757212.24,73653.5,75150.5,77074.25,0.7
4401,9,142,11,137435.0,81930.0,137435.0,99778.7,237527116.81,88244.75,98173.5,102355.5,0.4
4402,9,143,11,114030.0,104195.0,124957.0,114667.4,44107920.04,109096.5,114030.0,120195.5,0.3
4402,14,211,16,114030.0,104195.0,114957.0,110842.1,12362848.489999998,108018.75,111844.5,113943.0,0.3
4403,9,131,11,63163.0,27870.0,63163.0,43893.4,126343218.24000001,33544.75,45690.5,52191.75,0.4
4403,14,196,16,63163.0,27870.0,45297.0,35614.5,19565199.65,33240.25,36110.0,37491.75,0.8
4404,9,127,11,111246.0,40891.0,111246.0,59767.9,409762891.68999994,47053.25,54429.0,60326.75,0.8
4405,9,123,11,69477.0,42838.0,69477.0,53018.3,85092052.00999999,45164.25,52465.5,54527.75,0.8
4406,9,132,11,70242.0,43897.0,70242.0,56426.6,61723235.239999995,52342.25,54974.5,58100.75,0.7
4407,9,127,11,48578.0,39973.0,56554.0,49696.5,36749296.25,45756.5,50404.0,55406.5,0.4
4408,9,124,11,24485.0,22222.0,32376.0,26717.8,9673809.959999999,24485.0,26517.0,29089.75,0.5
4410,9,146,11,62667.0,53954.0,62667.0,57600.2,9928208.96,54803.25,56969.5,60658.0,0.7
4411,9,138,11,70751.0,59161.0,74941.0,69085.2,20682759.96,67123.0,70751.0,71710.25,0.0
4411,14,203,16,70751.0,52411.0,70751.0,60952.3,34942822.81,57939.5,59149.0,65977.75,0.3
4411,19,264,21,70751.0,52350.0,60612.0,56455.0,9630465.4,53036.25,57748.0,59101.25,0.6
4412,9,146,11,89432.0,59487.0,89432.0,69214.1,77639932.69000001,62729.75,66545.0,72636.75,0.1
4412,14,212,16,89432.0,52975.0,66577.0,60737.6,16343526.24,59015.75,60293.0,63559.25,0.5
4413,9,139,11,68569.0,59692.0,76439.0,66612.5,24367816.85,61980.25,67549.0,68569.0,0.7
4414,9,134,11,90514.0,50237.0,90514.0,59953.3,122311435.20999996,54210.25,56361.5,58203.75,0.3
4414,14,203,16,90514.0,37437.0,54925.0,51208.6,24510705.240000002,50396.5,53152.5,54169.5,0.8
4416,9,129,11,56120.0,45252.0,68080.0,54021.5,39450158.05,50359.25,52605.5,56120.0,0.4
4416,14,190,16,56120.0,40828.0,53060.0,49254.4,13088010.64,48057.75,50425.5,52004.5,0.6
4417,9,134,11,57120.0,43666.0,57120.0,49433.6,19017838.04,47233.0,48765.0,50590.25,0.7
4418,9,136,11,67643.0,41189.0,67643.0,50741.3,45031351.010000005,48108.0,49129.0,52386.5,0.2
4418,14,199,16,67643.0,40463.0,50101.0,45656.5,12713620.25,42111.0,46653.5,48547.5,0.5
4419,9,139,11,66877.0,41592.0,66877.0,50915.6,70825286.24,45679.5,48156.0,50626.0,0.5
4420,9,141,11,123701.0,84988.0,123701.0,93470.5,128728501.05,86577.75,87465.0,95879.25,0.0
4421,9,128,11,88686.0,50713.0,88686.0,62047.1,99363473.69,55956.0,61487.5,63801.0,0.4
4422,9,144,11,114760.0,62291.0,114760.0,82418.6,213060582.44,72832.0,80612.5,90587.0,0.6
4423,9,126,11,78964.0,55708.0,78964.0,70018.3,38930052.410000004,68423.75,69557.0,74329.75,0.5
4423,14,194,16,78964.0,55708.0,72576.0,66155.5,21352386.65,64054.0,67466.0,68801.75,0.8
4424,9,137,11,97219.0,72391.0,97219.0,83146.5,36332288.25,79912.0,83382.5,84694.5,0.0
4424,14,208,16,97219.0,47527.0,83000.0,68417.1,159523423.89000002,61408.25,70672.5,78821.5,0.4
4424,19,271,21,97219.0,47527.0,70959.0,63173.4,70055811.03999999,61408.25,66286.5,69544.0,0.5
4425,9,116,11,94869.0,68525.0,94869.0,76831.6,44878720.239999995,74913.5,76026.0,76889.75,0.2
4426,9,142,11,51211.0,46363.0,60804.0,53908.3,20513385.009999998,51211.0,53367.0,57235.25,0.2
4427,9,135,11,80893.0,38871.0,80893.0,55797.7,242006006.60999998,41326.75,52055.0,66078.5,0.4
4427,14,206,16,80893.0,38539.0,54749.0,46216.2,39788213.95999999,39887.0,46533.0,52104.0,0.5
4429,9,138,11,63754.0,47558.0,67157.0,61157.6,40786446.04,60637.0,63754.0,64847.0,0.7
4430,9,125,11,66176.0,40355.0,66176.0,50680.8,49047999.56,46089.75,50050.0,54374.5,0.4
4431,9,126,11,63065.0,38393.0,63065.0,49370.8,57575958.160000004,43306.75,50885.0,54016.5,0.5
4432,9,124,11,39300.0,26615.0,39300.0,33318.3,12302800.209999997,31133.5,32942.5,35809.0,0.9
4433,9,124,11,42991.0,21106.0,42991.0,33894.4,36297532.64,29760.5,36002.5,37794.0,0.4
4433,14,165,16,42991.0,18808.0,35027.0,28311.7,28834588.409999996,23666.25,30274.0,32454.25,0.9
4434,9,116,11,113284.0,51896.0,113284.0,82839.3,334546583.40999997,71676.0,82802.0,87129.75,0.8
4436,9,145,11,123835.0,67670.0,123835.0,95139.9,326185167.09000003,79092.75,98500.0,103568.5,0.3
4436,14,214,16,123835.0,67670.0,95294.0,79742.4,62709369.04000001,74239.75,79534.5,84734.75,0.5
4437,9,136,11,125956.0,62894.0,125956.0,90804.0,465854035.0,72946.5,85801.0,103475.75,0.3
4437,14,194,16,125956.0,58279.0,80420.0,70029.2,35060364.56,67156.75,71361.5,72598.25,0.8
4439,9,142,11,67346.0,50060.0,69022.0,62444.7,42974268.61,56447.75,66133.5,67424.75,0.3
4439,14,208,16,67346.0,50060.0,64921.0,57238.1,14047206.89,55279.0,57676.5,59053.25,0.5
4440,9,136,11,57984.0,52478.0,68521.0,58029.3,19697762.61,55196.25,57742.0,58657.5,0.2
4441,9,137,11,91019.0,54444.0,91019.0,64870.3,112093030.41,59476.25,60545.0,66421.0,0.6
4442,9,127,11,67687.0,43661.0,67687.0,52469.0,44566215.8,46700.75,53585.5,54893.5,0.7
4443,9,131,11,50789.0,44521.0,56337.0,52741.0,10730074.4,51345.5,53564.5,54574.5,0.9
4444,9,129,11,68596.0,48891.0,68596.0,55996.2,31428973.959999997,52511.5,54238.0,59454.25,0.7
4445,9,145,11,74909.0,48349.0,74909.0,62756.0,42814296.6,61088.25,63189.5,65759.75,0.2
4447,9,142,11,62534.0,57676.0,67859.0,61606.6,9517759.639999999,58517.25,62467.0,62698.25,0.3
4447,14,212,16,62534.0,53679.0,62400.0,59329.3,6532521.209999999,57814.5,59708.0,61545.25,0.5
4448,9,144,11,98877.0,60124.0,98877.0,75476.4,96611020.44,69320.75,74579.0,79522.0,0.1
4448,14,217,16,98877.0,59635.0,74124.0,67928.2,25472069.36,63869.0,69451.0,72158.0,0.3
4449,9,146,11,69372.0,60993.0,78838.0,72169.1,28307312.49,69372.0,71217.5,77456.25,0.1
4450,9,126,11,102965.0,65342.0,102965.0,83807.8,132221332.16,77747.25,83117.0,90822.75,0.4
4450,14,193,16,102965.0,65342.0,82307.0,77654.2,31870723.360000003,77747.25,80155.5,81455.5,0.4
4451,9,143,11,94150.0,73694.0,94150.0,79473.0,30797961.2,76019.5,77955.0,80384.5,0.0
4451,14,215,16,94150.0,64597.0,77791.0,73742.2,13321107.16,72852.5,74182.0,76234.25,0.4
4452,9,142,11,94339.0,55851.0,94339.0,79222.1,119561165.49000001,72698.0,80085.5,85109.5,0.1
4452,14,210,16,94339.0,55851.0,78508.0,70862.7,38041184.61,69149.0,71696.0,75437.0,0.3
4452,19,265,21,94339.0,55851.0,71577.0,65682.7,18063157.810000002,63760.5,65556.5,68835.5,0.8
4453,9,114,11,63593.0,58086.0,69599.0,64313.8,14095108.160000002,63101.0,63841.5,67002.5,0.1
4453,14,172,16,63593.0,43808.0,63593.0,57261.4,31137470.639999997,55691.25,57392.0,61788.0,0.6
4454,9,137,11,50842.0,37359.0,50842.0,42443.5,21082937.05,38883.5,40288.0,45301.75,0.6
4454,14,195,16,50842.0,37359.0,44690.0,40656.5,5986826.05,38883.5,40153.0,42172.5,0.8
4455,9,124,11,40297.0,30897.0,40297.0,37016.3,7771676.210000001,35222.0,37429.0,39259.75,0.7
4456,9,125,11,145367.0,99929.0,145367.0,127752.8,200155722.56000003,122888.75,128700.0,138882.0,0.0
4456,14,188,16,145367.0,82791.0,128249.0,104557.1,247822427.88999996,92626.25,101619.0,118127.75,0.3
4456,19,256,21,145367.0,82791.0,99929.0,91785.8,21755950.16,89274.25,92025.5,93771.75,0.6
4457,9,143,11,78680.0,55231.0,78680.0,64285.0,81310019.0,58803.25,59887.5,72209.75,0.6
4458,9,129,11,81631.0,74800.0,81701.0,79027.9,6207439.290000001,76727.75,79151.5,81618.25,0.0
4458,14,199,16,81631.0,45443.0,78840.0,67575.0,122466595.0,61443.75,71633.0,76199.25,0.5
4459,9,144,11,121849.0,74024.0,121849.0,92883.7,192055510.41,84774.5,87474.5,102016.5,0.5
4460,9,136,11,95949.0,59177.0,95949.0,74190.7,187877300.60999998,65349.75,67965.0,86268.75,0.2
4461,9,126,11,73060.0,41068.0,73060.0,50352.1,106548587.49,43779.5,45666.0,51448.75,0.7
4463,9,142,11,79497.0,69826.0,85585.0,78056.2,14833705.36,76431.5,78170.5,79497.0,0.8
4464,9,139,11,122527.0,86544.0,122527.0,96724.2,98913779.96000001,90597.0,94599.5,96859.0,0.2
4464,14,210,16,122527.0,71171.0,93128.0,87042.7,35322314.81,86648.25,88377.0,89719.25,0.5
4465,9,136,11,120905.0,90614.0,123900.0,110234.6,94382062.44000001,104076.5,109522.0,119203.5,0.1
4465,14,199,16,120905.0,88733.0,108166.0,98177.5,46943095.65,91864.75,98312.0,102678.25,0.3
4465,19,268,21,120905.0,88733.0,100315.0,94285.7,18134683.01,89564.0,95429.5,97243.0,0.4
4466,9,132,11,79405.0,56737.0,79405.0,61277.4,40577775.84,57796.25,59084.5,61519.25,0.3
4467,9,137,11,51773.0,45787.0,62026.0,53157.6,21778170.64,51773.0,52227.0,56185.0,0.7
4468,9,130,11,51690.0,51690.0,61416.0,57833.0,11598836.6,57172.25,58674.5,60554.75,0.4
4469,9,124,11,117796.0,68136.0,117796.0,81802.4,199869831.83999997,73340.75,77086.0,82436.25,0.5
4470,9,133,11,55886.0,29209.0,55886.0,44930.6,54753679.239999995,41829.5,45749.0,49541.5,0.7
4472,9,135,11,88885.0,73967.0,88885.0,81911.2,13924140.959999999,80693.75,81319.0,82729.5,0.0
4472,14,196,16,88885.0,69680.0,81222.0,77804.4,16190451.040000001,75222.0,79738.5,80857.25,0.1
4472,19,250,21,88885.0,60130.0,79021.0,72077.7,29929506.01,69670.25,73069.5,75225.0,0.4
4473,9,138,11,118505.0,87234.0,118505.0,106987.1,124961087.49000001,96807.5,112889.0,115469.5,0.0
4473,14,207,16,118505.0,79948.0,111690.0,90856.6,94263876.84,84331.5,87263.5,93391.25,0.1
4474,9,142,11,80738.0,62310.0,80738.0,73600.1,24318107.29,71612.5,73540.0,76391.75,0.4
4475,9,129,11,75851.0,62178.0,83538.0,77180.4,34897571.44,75235.25,78487.5,81242.75,0.1
4475,14,198,16,75851.0,55118.0,75851.0,66714.9,60327621.69,61556.25,65699.5,74843.0,0.5
4475,19,260,21,75851.0,55118.0,66181.0,61246.8,10158791.559999999,60495.5,62096.5,63093.5,0.9
4476,9,129,11,53624.0,45611.0,56268.0,51905.0,12223435.6,49905.0,52418.0,54825.5,0.3
4476,14,192,16,53624.0,45611.0,51864.0,49992.6,3891639.6400000006,49630.25,51037.0,51287.0,0.4
4477,9,132,11,53875.0,36304.0,53875.0,46401.9,21080832.29,43551.5,47478.5,49195.25,0.8
4478,9,140,11,58620.0,36264.0,58620.0,45454.1,64438540.889999986,38910.25,42973.0,51853.0,0.7
4479,9,138,11,92015.0,79908.0,93954.0,89665.3,23738351.209999997,86902.25,92067.0,93020.25,0.0
4479,14,206,16,92015.0,72681.0,92015.0,82028.7,36758771.410000004,79297.5,81144.0,84508.25,0.2
4480,9,138,11,73373.0,68926.0,77606.0,74281.8,6509905.16,73214.75,73805.5,76633.5,0.1
4481,9,140,11,79631.0,70323.0,85432.0,79487.9,27262246.889999997,76954.25,79631.0,84662.5,0.1
4481,14,203,16,79631.0,70323.0,79631.0,73659.2,9183457.16,71691.0,72251.0,75971.25,0.2
4482,9,149,11,60428.0,44711.0,60428.0,54187.4,22133394.04,50682.25,55074.5,57244.25,0.4
4483,9,135,11,65153.0,48640.0,69702.0,64899.1,35777674.489999995,65153.0,66069.0,68918.25,0.1
4483,14,200,16,65153.0,48640.0,66243.0,58827.7,52764612.410000004,50789.5,62550.5,65153.0,0.4
4483,19,250,21,65153.0,48640.0,61107.0,54235.0,22825425.2,49323.0,54304.0,58373.25,0.7
4484,9,139,11,59150.0,49660.0,67892.0,59636.6,39123473.44,54733.5,59150.0,65971.0,0.4
4484,14,207,16,59150.0,47261.0,59150.0,54255.2,17102141.96,50324.0,55296.0,57584.75,0.8
4485,9,140,11,74076.0,35241.0,74076.0,57024.3,149612860.20999998,48023.5,62327.0,64697.5,0.4
4485,14,189,16,74076.0,35241.0,61901.0,51489.3,72396952.01,46342.75,55747.0,57460.25,0.5
4486,9,139,11,38522.0,38522.0,47654.0,43718.3,15089477.809999999,39388.75,45971.5,47236.0,0.3
4487,9,120,11,57041.0,32243.0,57041.0,45471.0,58674868.4,42169.25,43896.5,51481.25,0.4
4488,9,133,11,48495.0,39668.0,55306.0,50314.2,22587168.96,48495.0,52191.5,53827.0,0.6
4489,9,134,11,87484.0,55308.0,87484.0,71096.6,71355667.24,65684.25,70596.5,76316.25,0.5
4490,9,126,11,59254.0,21953.0,59254.0,49719.2,102940660.36,47627.5,53186.5,54223.75,0.8
4490,14,189,16,59254.0,21953.0,54632.0,48369.7,85394386.21000001,47627.5,51724.0,53390.75,0.9
4491,9,136,11,53616.0,52010.0,57453.0,54243.8,2575877.3600000003,53204.0,53616.0,55221.5,0.5
4492,9,115,11,105009.0,80771.0,105009.0,87472.7,53379234.61,81980.75,85125.5,88957.25,0.5
4492,14,172,16,105009.0,77625.0,86443.0,81639.7,5052599.8100000005,80672.0,81454.0,82478.25,0.9
4493,9,141,11,91293.0,43363.0,91293.0,59680.2,202247364.95999998,49482.25,55783.5,62514.25,0.4
4494,9,136,11,64310.0,44993.0,64310.0,54415.9,35229549.29,50276.0,56040.0,57717.0,0.7
4495,9,140,11,51458.0,33709.0,51458.0,44569.5,22684528.05,41779.25,46332.0,47051.5,0.8
4496,9,128,11,52569.0,39170.0,52569.0,48305.4,15392601.64,47524.75,49185.5,50934.25,0.4
4498,9,144,11,72702.0,61642.0,72702.0,69971.8,10206859.16,69505.5,70972.0,72265.75,0.1
4498,14,211,16,72702.0,45463.0,70866.0,64363.9,50825606.089999996,61952.75,66670.5,69135.75,0.3
4499,9,147,11,98846.0,78187.0,98846.0,84953.5,46361012.05,80040.5,82459.0,86871.5,0.0
4499,14,215,16,98846.0,73244.0,82638.0,79108.8,6748998.960000001,78388.75,79898.0,80737.25,0.0
4499,19,284,21,98846.0,59087.0,79890.0,70096.5,57722260.65,64246.5,69781.0,77622.5,0.4
4500,9,130,11,46221.0,44905.0,49530.0,47196.7,2145868.4099999997,46221.0,47091.5,48456.0,0.8
4501,9,144,11,55617.0,43025.0,55661.0,51367.8,17779995.96,49348.5,52824.5,55123.0,0.4
4502,9,136,11,65229.0,46191.0,65229.0,54763.7,23889223.61,51258.0,55501.5,56348.5,0.4
4503,9,137,11,97939.0,86896.0,106384.0,98095.6,41052399.64,94597.5,97939.0,104004.5,0.0
4503,14,207,16,97939.0,57325.0,97939.0,81750.4,198983503.84,68976.0,87923.0,92526.0,0.3
4503,19,266,21,97939.0,57325.0,86896.0,69980.9,69648418.88999999,63817.5,69980.5,74848.5,0.7
4504,9,118,11,103055.0,68933.0,103055.0,84783.4,129010411.84,80158.0,80632.0,92888.75,0.1
4504,14,188,16,103055.0,68933.0,80660.0,77491.5,13360725.45,76065.0,78785.0,80388.0,0.1
4504,19,262,21,103055.0,53900.0,78633.0,70011.9,65535646.69,69414.75,72553.5,75008.5,0.3
4505,9,137,11,91567.0,76227.0,103069.0,93220.4,57412789.64000001,91567.0,95908.0,98007.75,0.3
4505,14,208,16,91567.0,76227.0,97464.0,88718.4,60011100.04000001,82184.25,91567.0,95742.75,0.5
4506,9,136,11,103590.0,62133.0,103590.0,84743.9,124252486.09,81357.75,87921.5,90126.25,0.5
4507,9,143,11,105916.0,50343.0,105916.0,75297.2,365617812.56000006,61071.75,73075.0,85661.75,0.5
4507,14,211,16,105916.0,50343.0,70301.0,61783.8,55225066.56,54022.0,63995.0,67687.25,0.8
4508,9,140,11,55496.0,55496.0,65345.0,59105.1,12126840.690000001,56157.0,57722.0,62490.0,0.6
4510,9,142,11,61460.0,51207.0,61460.0,55038.0,11439160.8,53306.25,53963.0,54833.75,0.2
4510,14,205,16,61460.0,51207.0,54695.0,53204.2,937935.76,52783.75,53344.5,53653.25,0.3
4511,9,131,11,85707.0,76346.0,85707.0,79856.0,8077280.0,77382.5,79721.0,81378.75,0.2
4511,14,192,16,85707.0,71933.0,80622.0,77545.1,5545605.09,76638.5,77639.5,78932.0,0.4
4512,9,143,11,76484.0,76484.0,84764.0,81163.9,7831081.890000001,79836.0,81724.0,83488.0,0.0
4513,9,127,11,126155.0,87609.0,126155.0,99347.9,98694740.09,93488.25,97539.0,100979.5,0.0
4514,9,135,11,101311.0,78830.0,112249.0,95767.9,68565951.89,92203.0,94142.5,100925.75,0.1
4514,14,207,16,101311.0,78830.0,94606.0,90977.5,20141628.25,91674.5,92596.0,93401.5,0.2
4516,9,138,11,54834.0,32566.0,54834.0,47995.0,40283367.0,46075.75,50269.5,52496.75,0.3
4516,14,197,16,54834.0,32566.0,50027.0,43874.0,22616990.0,41635.0,45767.0,47090.75,0.7
4517,9,136,11,69019.0,45437.0,69019.0,57400.1,45041916.089999996,55363.0,58377.0,61119.75,0.4
4518,9,138,11,57120.0,39659.0,61087.0,54134.5,30059841.05,52440.25,55829.5,57120.0,0.5
4519,9,142,11,68386.0,46834.0,68386.0,54302.8,44950971.56,48445.5,53981.5,55271.25,0.5
4520,9,131,11,51962.0,38760.0,51962.0,46438.0,18067349.2,42946.0,47791.5,49859.75,0.5
4522,9,138,11,83857.0,61466.0,83857.0,71394.4,32820085.439999998,69208.5,70930.5,71359.75,0.1
4522,14,207,16,83857.0,56269.0,70860.0,64512.7,21017473.01,61174.25,64871.5,68587.0,0.5
4522,19,272,21,83857.0,56269.0,66479.0,62528.4,7872419.24,61174.25,63203.5,64570.25,0.7
4523,9,138,11,56660.0,46295.0,57999.0,53561.7,15273470.61,51385.0,54195.0,56660.0,0.5
4524,9,130,11,75674.0,48930.0,75674.0,65877.4,64468426.04,65644.5,67585.5,69291.5,0.3
4525,9,129,11,75456.0,56964.0,75488.0,70095.3,33758492.81,68610.75,71807.0,74853.0,0.9
4526,9,132,11,134017.0,80928.0,134017.0,102991.5,224849230.65,93055.5,96999.0,113515.5,0.0
4526,14,190,16,134017.0,77401.0,96205.0,85502.2,45284554.56,80012.0,81710.0,92491.25,0.4
4526,19,245,21,134017.0,71477.0,82360.0,78890.7,13603225.61,78000.25,80203.0,81415.5,0.6
4527,9,132,11,99905.0,73591.0,99905.0,83381.0,46125938.0,79215.0,83079.5,85065.75,0.4
4528,9,125,11,44212.0,37275.0,45133.0,42787.9,7210617.6899999995,40701.75,44189.5,44681.5,0.9
4529,9,131,11,78394.0,45874.0,78394.0,52637.5,100694965.45,46439.5,47435.5,53765.5,0.6
4530,9,146,11,53407.0,33180.0,53407.0,46063.4,32657152.24,45476.75,46428.5,49577.0,0.5
4531,9,148,11,98194.0,51482.0,98194.0,66350.8,166224167.95999998,57876.5,63702.0,67811.5,0.7
4532,9,139,11,70272.0,55510.0,81256.0,71449.7,46869519.81,68448.75,71439.5,75367.75,0.3
4533,9,142,11,82532.0,64655.0,83845.0,77291.4,37746641.64,75850.0,79019.5,82304.5,0.2
4533,14,212,16,82532.0,64655.0,80929.0,74344.0,33110547.4,69392.0,75966.0,79306.25,0.3
4534,9,136,11,58657.0,58574.0,63451.0,60029.8,2942688.36,58657.5,59309.0,60701.25,0.3
4535,9,137,11,71015.0,50344.0,71214.0,63893.9,46471363.690000005,58861.5,64375.5,70640.5,0.1
4535,14,201,16,71015.0,50344.0,65165.0,59379.4,19198890.44,57636.75,60401.5,61781.5,0.1
4535,19,266,21,71015.0,48035.0,59201.0,53405.5,12158381.65,51246.0,52041.0,56651.75,0.6
4536,9,131,11,142126.0,68460.0,142126.0,84075.3,431325056.80999994,71700.5,78364.5,80447.5,0.7
4537,9,120,11,120981.0,76086.0,120981.0,90761.3,194346031.21,80309.0,87408.5,92558.75,0.4
4538,9,135,11,95505.0,34385.0,95505.0,58678.8,346184460.76,46324.5,55742.5,71036.25,0.5
4538,14,196,16,95505.0,34385.0,50077.0,44762.9,30388338.089999996,40641.0,46474.0,49247.5,0.8
4539,9,126,11,58562.0,33856.0,58562.0,41935.8,39942715.36,39729.0,40420.0,43330.5,0.9
4540,9,136,11,89618.0,64216.0,89618.0,79401.2,65874023.55999999,73249.5,81885.5,83846.5,0.3
4540,14,201,16,89618.0,64216.0,81440.0,74482.8,24479924.56,71719.5,75721.5,78015.0,0.5
4541,9,137,11,111487.0,87587.0,111487.0,98108.8,71351134.55999999,91147.5,97547.0,102120.75,0.3
4542,9,133,11,120871.0,73600.0,120871.0,95869.0,124332215.0,94575.5,96232.5,98067.25,0.2
4543,9,137,11,79084.0,53320.0,79084.0,61986.0,80742219.0,56366.75,58459.5,62876.5,0.2
4543,14,197,16,79084.0,51452.0,59302.0,56349.3,6576117.01,54824.75,56683.5,58859.75,0.4
4544,9,141,11,59904.0,36060.0,59904.0,45755.2,34434624.96,43722.75,45573.5,46885.75,0.7
4545,9,139,11,75524.0,43896.0,75524.0,59903.1,136206702.08999997,49729.5,58669.5,70506.0,0.2
4545,14,200,16,75524.0,43896.0,58042.0,50355.9,15855828.289999997,48533.5,50508.5,52892.25,0.2
4545,19,259,21,75524.0,43896.0,51219.0,48253.8,5115213.16,47961.5,48505.0,49570.0,0.2
4546,9,131,11,46695.0,35006.0,46695.0,42593.9,9335254.690000001,41724.0,42903.0,43841.75,0.7
4547,9,133,11,57814.0,52649.0,63224.0,58817.3,9122602.01,57632.5,58491.0,60887.0,0.1
4547,14,199,16,57814.0,43511.0,57814.0,53098.2,23102297.759999998,50828.0,54749.0,57156.25,0.6
4548,9,125,11,64404.0,41839.0,64404.0,53939.4,59383841.04,47823.5,55570.5,58872.25,0.4
4549,9,141,11,78351.0,61703.0,78351.0,69978.3,26763871.409999996,65742.5,70731.5,73812.75,0.0
4549,14,207,16,78351.0,50696.0,70137.0,63147.1,26336325.490000002,61814.75,62815.5,65109.0,0.1
4549,19,273,21,78351.0,35217.0,62713.0,53628.7,75610798.81,51031.25,53898.0,61642.0,0.6
4550,9,108,11,46126.0,29341.0,46126.0,35738.0,33081683.2,31451.5,33185.0,37600.0,0.6
4551,9,117,11,41043.0,26913.0,41043.0,35023.5,24755742.85,31839.75,35413.0,39693.75,0.6
4552,9,145,11,62643.0,45839.0,62643.0,53387.5,22159410.45,52364.0,53444.5,55605.75,0.2
4552,14,211,16,62643.0,41538.0,53380.0,48627.2,12459269.16,46296.75,48309.0,52030.25,0.6
4553,9,143,11,45154.0,35620.0,45154.0,39986.2,6956548.359999999,38123.25,39668.5,41679.5,0.7
4554,9,127,11,67580.0,47655.0,67580.0,58150.2,42972682.16,54724.0,59147.0,61472.75,0.8
4555,9,140,11,122805.0,69165.0,122805.0,85571.9,274063232.29,71682.75,80182.5,93790.75,0.3
4556,9,136,11,74701.0,36949.0,74701.0,52694.2,92881344.76000002,47997.5,50594.5,56869.75,0.2
4556,14,204,16,74701.0,36949.0,51232.0,46271.5,20610988.85,44077.25,47985.0,49698.5,0.4
4557,9,139,11,59568.0,52351.0,59568.0,54378.0,5354924.4,52555.0,53284.0,55207.25,0.7
4558,9,145,11,82362.0,53780.0,82362.0,65166.0,56764239.8,60666.5,63692.5,66610.75,0.1
4558,14,205,16,82362.0,47238.0,62585.0,54990.0,29945216.6,50397.0,54114.0,60500.5,0.6
4559,9,125,11,50399.0,38937.0,50399.0,47481.5,9768673.05,46768.5,48356.5,49409.0,0.2
4560,9,120,11,89097.0,60427.0,89986.0,80783.8,101614367.75999999,73026.5,86415.5,88829.5,0.3
4560,14,180,16,89097.0,60427.0,87172.0,77241.1,74608186.09,71712.0,77145.5,85633.0,0.5
4561,9,131,11,60396.0,35059.0,60396.0,45149.4,39616011.03999999,41575.5,44981.0,46813.25,0.7
4562,9,135,11,82626.0,43992.0,82626.0,54415.6,110585414.43999998,48977.5,51352.5,56152.25,0.9
4563,9,130,11,66284.0,50674.0,66284.0,58850.5,14314430.45,57298.0,58707.5,60729.5,0.2
4565,9,147,11,76225.0,66395.0,83824.0,77688.2,29211838.160000004,76225.0,78897.0,81185.75,0.2
4565,14,213,16,76225.0,66395.0,77703.0,73715.6,13465730.84,71221.25,75196.5,76524.25,0.5
4566,9,142,11,55873.0,51100.0,57730.0,55148.2,5471957.5600000005,53437.5,55873.0,57298.0,0.2
4567,9,140,11,62605.0,62605.0,67281.0,64371.2,2457405.16,63084.75,63824.0,65704.25,0.0
4567,14,205,16,62605.0,51295.0,63536.0,59607.2,18612036.76,57535.75,62142.0,62935.75,0.4
4567,19,273,21,62605.0,51295.0,61679.0,57944.6,10579144.440000001,57535.75,58658.5,59912.5,0.6
4568,9,148,11,70334.0,50064.0,70334.0,62687.3,31116151.21,59913.5,64337.0,65492.25,0.2
4568,14,212,16,70334.0,50064.0,64162.0,59646.6,17023276.64,57724.0,60487.0,63122.75,0.3
4569,9,142,11,90292.0,72328.0,92630.0,86105.8,38910991.760000005,82202.75,88832.0,90962.5,0.1
4569,14,212,16,90292.0,72328.0,87372.0,81479.4,16500170.24,80115.5,82044.0,84213.5,0.1
4569,19,278,21,90292.0,68163.0,81503.0,76427.3,22710949.809999995,73535.25,77438.5,80291.5,0.3
4570,9,139,11,76995.0,31329.0,76995.0,51782.7,177691048.81,43601.5,45079.5,61812.75,0.6
4571,9,137,11,97009.0,38244.0,97009.0,64477.8,218498024.35999998,59137.0,60841.0,68029.0,0.7
4572,9,144,11,104797.0,63531.0,104797.0,76445.9,127311512.68999998,69138.0,73525.5,77582.0,0.4
4574,9,127,11,84421.0,58243.0,84421.0,65458.3,45830915.21,62344.75,64214.0,65953.0,0.1
4574,14,193,16,84421.0,55257.0,63729.0,60396.5,6792635.65,58821.0,61353.5,62052.25,0.3
4575,9,132,11,102868.0,66398.0,102868.0,84206.8,143111100.16,77436.75,83228.5,94143.0,0.2
4575,14,205,16,102868.0,66398.0,82953.0,74396.4,33796975.239999995,69283.0,73787.0,80102.75,0.5
4576,9,117,11,41032.0,34792.0,41032.0,38199.1,3817781.2900000005,36660.25,38062.0,39525.0,0.5
4576,14,179,16,41032.0,32496.0,39165.0,36809.6,3366249.2399999998,36469.5,37295.5,37907.5,0.7
4577,9,138,11,119292.0,50852.0,119292.0,71578.6,594366172.84,53228.0,58938.0,89286.5,0.4
4578,9,137,11,75860.0,42835.0,75860.0,60994.4,108881528.04,53087.25,63510.5,64750.5,0.3
4579,9,135,11,61071.0,45653.0,61071.0,53308.5,19982589.85,51239.25,52616.5,53811.0,0.8
4580,9,145,11,83037.0,46375.0,83037.0,65820.1,90303541.89000002,62904.75,65736.5,68505.25,0.6
4581,9,136,11,79251.0,60302.0,79251.0,69168.8,35817274.56,65470.5,69028.0,74246.75,0.4
4583,9,135,11,71195.0,44451.0,71195.0,59156.7,64904474.010000005,53878.0,62109.5,64501.0,0.5
4584,9,132,11,92016.0,44451.0,92016.0,61846.3,236889061.60999998,52302.75,57010.5,61782.75,0.6
4584,14,202,16,92016.0,44451.0,59940.0,55057.9,24635480.490000002,52302.75,57010.5,58802.5,0.8
4587,9,115,11,54477.0,31934.0,54477.0,44133.9,53226564.89,39048.0,44426.0,50655.5,0.7
4588,9,127,11,46174.0,34629.0,46174.0,40031.4,7575571.44,38689.25,40162.0,40653.75,0.5
4589,9,129,11,67661.0,52291.0,67661.0,59722.2,19530921.560000002,56519.0,59165.0,62504.25,0.2
4589,14,195,16,67661.0,42553.0,58512.0,53621.7,20233082.009999998,52723.25,55291.0,56424.75,0.6
4591,9,132,11,68351.0,62069.0,79209.0,71585.1,29343470.889999997,68351.0,70500.0,76562.0,0.6
4593,9,139,11,62075.0,38408.0,62075.0,45434.4,40133537.24,41154.5,44814.5,45324.0,0.8
4594,9,128,11,102251.0,72028.0,108233.0,99395.3,101650496.81,100932.25,102251.0,103735.0,0.1
4594,14,197,16,102251.0,67385.0,102251.0,90697.4,156448327.83999997,83121.5,96248.0,101058.75,0.4
4594,19,260,21,102251.0,67385.0,97898.0,86530.0,88318635.4,83121.5,90363.5,92794.75,0.5
4595,9,142,11,74532.0,38115.0,74532.0,59041.7,145319081.20999998,54005.25,55028.0,71526.5,0.2
4596,9,142,11,78821.0,33483.0,78821.0,53267.9,161719238.89000002,46777.25,52378.5,59776.5,0.6
4597,9,146,11,75546.0,50929.0,75546.0,67564.6,60464900.04,68078.5,70570.0,71582.0,0.3
4598,9,132,11,132846.0,77890.0,132846.0,95595.6,271049937.43999994,85318.0,88877.0,103265.25,0.4
4599,9,145,11,115449.0,55882.0,115449.0,78525.8,274692607.16,70748.0,73080.0,78491.75,0.5
4600,9,137,11,163342.0,79209.0,163342.0,107975.0,571142752.2,93621.0,99113.0,114526.0,0.4
4601,9,135,11,146091.0,79905.0,146091.0,98335.7,523871912.61,83583.5,87116.5,96991.25,0.0
4601,14,191,16,146091.0,73894.0,87375.0,80612.8,23542644.360000003,76302.5,81249.0,84708.5,0.4
4602,9,139,11,91181.0,60360.0,91181.0,72849.6,78786759.24,66139.0,74463.5,75391.5,0.3
4602,14,203,16,91181.0,60360.0,75004.0,67353.2,20455989.76,64568.75,67344.0,69367.0,0.5
4603,9,147,11,76959.0,55529.0,76959.0,68419.4,66167725.64000001,59859.25,73159.5,75259.0,0.2
4603,14,213,16,76959.0,49614.0,72831.0,60375.0,33308376.4,57850.25,60122.5,63104.0,0.3
4604,9,143,11,66974.0,46856.0,66974.0,58521.2,45102565.559999995,54052.0,56032.5,66003.75,0.2
4604,14,209,16,66974.0,39567.0,56005.0,48825.2,27731029.360000003,46475.75,47941.0,53710.5,0.7
4605,9,134,11,67625.0,36221.0,67625.0,51610.4,81364738.44,46612.75,51200.0,58000.0,0.7
4606,9,129,11,103515.0,76343.0,109617.0,91528.9,119257978.28999999,83415.5,89451.0,101955.75,0.2
4606,14,198,16,103515.0,75945.0,90904.0,81671.2,23436787.16,78030.5,80339.0,84904.5,0.6
4607,9,134,11,85821.0,60865.0,86681.0,75728.6,68779633.44,70430.5,75920.5,83780.75,0.3
4608,9,143,11,57806.0,45469.0,57806.0,54443.9,11598356.690000001,53474.75,55439.0,56234.25,0.3
4608,14,206,16,57806.0,45469.0,55982.0,52662.9,9141871.49,51156.0,53642.5,54685.75,0.5
4611,9,145,11,107087.0,86896.0,107087.0,98226.8,27356077.759999998,96581.0,98003.5,101454.5,0.6
4612,9,137,11,77605.0,61097.0,77605.0,70697.5,28546880.65,67171.0,71942.0,75278.25,0.5
4613,9,141,11,89253.0,55618.0,89253.0,65611.2,91331562.36,58902.25,63805.0,67846.75,0.3
4613,14,207,16,89253.0,50437.0,64487.0,58472.1,17516761.89,55712.25,58144.0,62325.25,0.6
4614,9,143,11,96785.0,48143.0,96785.0,63152.5,174422343.25,56648.75,58008.5,63447.75,0.6
4615,9,143,11,107816.0,74712.0,107816.0,85552.4,78821172.84,80397.25,82117.5,89547.5,0.1
4615,14,208,16,107816.0,65864.0,86371.0,78718.8,33389097.759999998,75766.0,80448.5,82837.75,0.3
4616,9,133,11,98575.0,58497.0,98575.0,68886.4,137557017.64,62422.0,65003.5,66229.0,0.7
4617,9,139,11,71513.0,40390.0,71513.0,57157.0,76827636.6,50945.0,57365.5,62284.75,0.5
4618,9,140,11,54365.0,47004.0,58262.0,54525.5,11130733.25,54365.0,55611.0,56502.25,0.7
4619,9,144,11,114662.0,60521.0,114662.0,84807.8,223098390.76,73359.5,87372.0,91537.25,0.3
4619,14,206,16,114662.0,60521.0,86852.0,75647.1,61749448.489999995,70225.75,77861.0,80464.0,0.4
4620,9,150,11,70287.0,55737.0,74811.0,65727.1,47891393.89,59367.0,66396.0,70975.5,0.1
4620,14,217,16,70287.0,53756.0,62505.0,58461.7,7909911.410000001,56327.75,57969.0,60913.0,0.3
4621,9,136,11,87799.0,45960.0,87799.0,59776.4,114824312.24000001,55153.5,59066.5,61365.0,0.7
4622,9,124,11,61210.0,49492.0,61282.0,58861.8,12866076.959999999,59760.75,60216.5,61036.5,0.7
4623,9,141,11,61301.0,44663.0,61301.0,50562.3,24683945.810000002,46370.75,49147.0,53377.0,0.7
4624,9,145,11,93758.0,41269.0,93758.0,62495.6,168596369.23999998,55167.25,61169.5,66650.25,0.8
4625,9,142,11,140333.0,76436.0,140333.0,100914.5,487205272.65,85707.25,89233.0,117623.25,0.3
4626,9,133,11,69137.0,61177.0,72333.0,69093.9,9052883.290000001,68532.5,69478.0,70965.5,0.1
4626,14,192,16,69137.0,60540.0,69137.0,65614.5,9505356.85,62934.25,66647.5,68132.0,0.6
4627,9,140,11,86209.0,73603.0,86209.0,78200.3,11713876.809999999,76249.25,77173.5,79731.75,0.0
4628,9,139,11,79261.0,66319.0,87530.0,76497.9,33430741.689999998,75277.75,77329.5,79261.0,0.4
4629,9,132,11,80281.0,39014.0,80281.0,51493.7,143478463.60999998,43648.25,47678.5,55615.25,0.7
4630,9,133,11,195848.0,77098.0,220071.0,161980.7,2099692816.8100002,131333.75,181231.0,194368.0,0.2
4630,14,203,16,195848.0,77098.0,177163.0,108978.8,1112146428.7599998,87828.0,96618.5,114582.5,0.5
4632,9,128,11,68929.0,52683.0,68929.0,62189.8,30193895.76,59424.75,63244.0,66425.0,0.7
4633,9,139,11,78690.0,53528.0,78690.0,69722.1,49874591.69,67898.0,69808.5,73600.5,0.5
4634,9,148,11,106240.0,68040.0,106240.0,79764.6,118757089.64000002,70707.0,78219.5,83557.75,0.3
4634,14,219,16,106240.0,62549.0,77839.0,70026.2,18759273.36,68216.5,68575.5,71018.5,0.6
4635,9,139,11,86017.0,73917.0,86017.0,81402.2,11450431.36,80649.75,81620.0,83907.0,0.0
4635,14,212,16,86017.0,66410.0,81532.0,77864.5,19118743.65,77512.75,79819.0,80522.0,0.1
4635,19,283,21,86017.0,66410.0,79712.0,74460.7,13548734.41,72285.75,75086.0,77110.0,0.3
4636,9,145,11,100184.0,63186.0,100184.0,79128.7,101935709.21,74519.25,76136.5,81270.0,0.1
4636,14,204,16,100184.0,63186.0,75296.0,70511.3,13961534.41,69429.0,70607.5,73516.0,0.3
4637,9,145,11,39052.0,39052.0,58887.0,51917.1,46658255.29,51882.0,53790.5,56948.75,0.4
4638,9,118,11,80199.0,40065.0,80199.0,54994.6,213841859.44,43247.25,48143.5,63401.5,0.6
4639,9,132,11,62584.0,48559.0,62584.0,56302.3,12988532.010000002,55036.0,56352.5,58008.0,0.2
4639,14,198,16,62584.0,48559.0,56914.0,54101.6,5678965.04,53055.75,54448.0,55738.0,0.5
4641,9,119,11,106173.0,66232.0,106173.0,77773.6,118066355.24000001,71480.25,75007.0,77588.75,0.7
4642,9,143,11,80028.0,67784.0,85771.0,80145.0,20801949.6,80021.25,80505.0,82417.0,0.1
4642,14,210,16,80028.0,62627.0,80903.0,75216.3,42684841.410000004,70029.5,78914.0,80025.75,0.3
4643,9,136,11,90142.0,58323.0,90142.0,68966.4,82601965.03999999,64310.0,65266.5,70826.75,0.5
4644,9,134,11,71801.0,55202.0,71801.0,62869.2,18192012.96,60633.75,62474.5,65295.0,0.3
4645,9,145,11,56291.0,27596.0,56291.0,43872.7,92347399.60999998,37929.75,45525.0,51821.0,0.3
4645,14,215,16,56291.0,27596.0,41410.0,35121.1,23543765.09,30280.75,37133.0,39000.75,0.7
4646,9,147,11,35037.0,35037.0,45471.0,41033.3,12399348.61,39403.75,42060.5,43472.75,0.1
4646,14,218,16,35037.0,20594.0,42050.0,32536.2,45064446.559999995,26726.0,33931.5,38108.25,0.6
4647,9,138,11,105014.0,88138.0,105014.0,96411.7,26662678.21,93386.25,96668.5,98625.5,0.0
4647,14,205,16,105014.0,86349.0,97363.0,91907.0,12022913.0,88793.0,92350.0,94303.0,0.0
4647,19,276,21,105014.0,83290.0,91650.0,88002.0,6259117.4,86369.25,88331.0,89589.0,0.1
4648,9,137,11,90775.0,74291.0,90775.0,78735.6,19231971.04,76005.5,77846.5,79431.75,0.1
4649,9,142,11,80849.0,61957.0,82076.0,69899.9,60582697.69000001,64516.5,65416.5,78352.25,0.6
4650,9,140,11,96015.0,49138.0,96015.0,76660.5,169584563.45,69206.75,79237.5,86034.25,0.4
4650,14,202,16,96015.0,49138.0,77275.0,70307.5,66211944.65,68923.0,73112.0,75596.0,0.7
4651,9,134,11,73140.0,73140.0,99136.0,85671.3,84469528.21000001,79077.5,84311.0,94338.0,0.2
4651,14,195,16,73140.0,73140.0,84311.0,78715.9,15049696.889999997,75749.0,79335.0,82264.25,0.5
4652,9,142,11,90656.0,69337.0,90656.0,81743.3,34608282.81,79004.75,81517.5,83703.25,0.5
4653,9,132,11,61459.0,51037.0,66674.0,59547.2,23246833.96,55763.0,61459.0,62144.25,0.3
4655,9,140,11,84780.0,62969.0,84780.0,72900.8,33567370.36,70110.75,73415.5,75744.25,0.2
4656,9,137,11,57917.0,45339.0,57917.0,52994.2,21690832.160000004,49120.25,55340.5,56616.25,0.4
4656,14,195,16,57917.0,37362.0,54683.0,46687.6,25824988.04,45481.0,46598.5,50020.75,0.8
4657,9,144,11,102853.0,49251.0,102853.0,64372.8,294441187.15999997,51929.75,56287.5,71656.25,0.7
4658,9,141,11,53909.0,52272.0,59957.0,55987.9,5747775.290000001,54232.25,55509.5,57391.75,0.5
4660,9,111,11,68027.0,42246.0,68027.0,52180.3,76207260.80999999,46573.25,50134.5,53932.25,0.7
4661,9,125,11,37212.0,25790.0,37212.0,32416.8,17456457.96,29879.0,32494.0,36587.75,0.6
4662,9,138,11,43211.0,28274.0,43211.0,34662.2,20530806.16,32688.75,34215.0,36201.0,0.4
4662,14,203,16,43211.0,26969.0,33371.0,31156.5,5217749.45,28949.25,32520.5,32874.75,0.7
4663,9,129,11,62575.0,45750.0,62575.0,58452.8,22661805.56,58129.75,59718.5,61586.0,0.5
4664,9,130,11,106592.0,38915.0,106592.0,58341.8,331179733.36,48368.0,54860.0,62700.0,0.7
4665,9,133,11,89600.0,53505.0,89600.0,64584.4,119818185.84,56748.25,62433.5,63863.0,0.7
4666,9,139,11,80267.0,53903.0,80267.0,68473.2,46780549.36,64859.25,68602.0,71125.75,0.6
4667,9,126,11,40331.0,27312.0,40331.0,33760.1,16170514.690000003,31214.25,33636.0,36381.5,0.7
4668,9,129,11,45021.0,26684.0,46637.0,38689.2,41801439.56,36418.75,38346.0,44826.0,0.6
4669,9,136,11,100273.0,55777.0,100273.0,84358.4,150262786.04000002,79273.5,87979.0,91643.5,0.5
4670,9,133,11,104915.0,66642.0,104915.0,82570.2,98195330.96,75851.25,81211.5,86421.5,0.1
4670,14,199,16,104915.0,66642.0,85326.0,77706.1,32256287.29,74761.75,78667.5,81640.75,0.2
4670,19,268,21,104915.0,66642.0,79095.0,74482.6,11547624.040000001,74025.75,74764.5,76351.0,0.3
4670,24,322,26,104915.0,54559.0,74759.0,68181.0,36539178.4,66831.75,68965.5,73111.5,0.8
4672,9,94,11,37885.0,16840.0,37885.0,21195.7,34837260.61,17543.75,19641.0,21926.0,0.5
4672,14,130,16,37885.0,16840.0,19189.0,18081.8,701411.36,17396.75,18159.5,18825.0,0.9
4673,9,123,11,83646.0,78553.0,89420.0,85434.5,8719150.85,83744.0,86065.0,87599.75,0.1
4673,14,186,16,83646.0,73303.0,85730.0,80637.9,14912590.89,78706.0,81500.5,83646.0,0.4
4674,9,134,11,94339.0,66289.0,94339.0,76505.9,57820647.29,72352.25,74409.5,78953.25,0.5
4675,9,141,11,51245.0,37132.0,52150.0,47851.2,23071303.76,44656.5,50721.5,51245.0,0.3
4676,9,147,11,103481.0,60490.0,103481.0,74921.2,200292256.76,64308.5,70014.5,79731.75,0.3
4676,14,219,16,103481.0,48434.0,72314.0,64358.5,51462177.85,60510.75,65616.0,70054.25,0.5
4677,9,138,11,70836.0,55397.0,73389.0,68312.3,33708955.41,65874.75,71253.0,72106.0,0.3
4679,9,146,11,44393.0,37359.0,50249.0,43878.0,14834293.8,42561.25,44393.0,45804.0,0.2
4681,9,138,11,121052.0,59747.0,121052.0,101506.8,319290350.15999997,98706.5,105053.5,112439.5,0.0
4681,14,189,16,121052.0,47761.0,104025.0,71554.6,444874577.23999995,57827.5,59644.5,93606.5,0.5
4681,19,251,21,121052.0,43900.0,59747.0,54389.4,30005587.24,49889.0,56021.0,59336.5,0.9
4682,9,136,11,61497.0,45280.0,61497.0,52392.5,20485023.85,48605.25,52569.5,54621.75,0.3
4683,9,141,11,93692.0,60349.0,93692.0,75323.5,118303008.85,67946.25,72157.0,82178.5,0.3
4684,9,138,11,55850.0,33990.0,55850.0,47150.2,47081728.760000005,43506.0,49392.0,52371.5,0.6
4686,9,122,11,33705.0,18787.0,33705.0,22172.1,17637361.29,19257.75,21016.0,23102.0,0.9
4687,9,121,11,44971.0,23885.0,44971.0,30278.0,44542866.6,25148.5,26428.5,35098.0,0.6
4689,9,130,11,45282.0,36257.0,45282.0,40617.8,5874080.5600000005,38857.5,40955.0,41853.0,0.1
4689,14,193,16,45282.0,33961.0,40917.0,37834.4,5000697.84,36583.25,38260.5,39367.5,0.3
4690,9,128,11,36198.0,26357.0,36198.0,30454.0,10652512.6,27873.0,29505.5,31658.5,0.6
4691,9,124,11,95401.0,62973.0,95401.0,75845.2,106720137.76,69928.25,71581.0,84269.5,0.7
4692,9,135,11,104303.0,77383.0,104303.0,87488.6,85620199.84,81140.25,82390.0,94406.25,0.0
4692,14,186,16,104303.0,65428.0,83406.0,78527.2,26141386.16,77486.25,80339.5,81863.25,0.2
4692,19,238,21,104303.0,53957.0,79654.0,69130.8,68172517.75999999,65114.5,70099.0,76615.75,0.7
4693,9,124,11,101414.0,54828.0,101414.0,73181.3,239174221.20999995,62045.25,65283.5,87986.0,0.6
4693,14,180,16,101414.0,54828.0,74718.0,65912.9,38470997.89,62045.25,65283.5,71899.75,0.8
4695,9,139,11,96365.0,72755.0,96365.0,84548.9,40942829.29000001,80055.25,85302.5,87541.25,0.6
4696,9,130,11,91178.0,67923.0,93457.0,82830.1,59927267.69,77246.25,82778.5,90116.25,0.6
4697,9,125,11,93565.0,55520.0,93565.0,67426.4,102179390.84,61798.75,64945.5,70965.0,0.8
4698,9,121,11,126340.0,68009.0,126340.0,83791.7,276770501.61,71814.75,78709.0,88143.5,0.5
4698,14,177,16,126340.0,68009.0,80664.0,75650.7,20638205.61,71814.75,76384.5,80021.25,0.7
4699,9,142,11,96206.0,79305.0,99236.0,92073.8,38494585.160000004,87766.25,95857.0,96247.25,0.4
4700,9,140,11,89508.0,59265.0,89508.0,68216.5,65673594.25,63800.75,67218.5,69636.75,0.3
4700,14,199,16,89508.0,54382.0,67305.0,62335.5,20144407.65,59383.75,64215.5,65840.5,0.5
4701,9,118,11,48046.0,36333.0,52111.0,45407.4,16701969.040000001,43379.5,46281.5,47941.5,0.9
4702,9,132,11,103596.0,68701.0,103596.0,82521.8,96219057.55999999,77788.25,79639.5,88850.25,0.6
4703,9,140,11,93611.0,61444.0,93611.0,73522.8,77242147.56,70010.0,71152.5,72135.5,0.5
4704,9,124,11,55730.0,46367.0,58879.0,55726.1,10952666.89,55754.5,56255.0,56744.75,0.2
4705,9,147,11,65664.0,48642.0,65664.0,58104.1,22612010.689999998,56152.25,57453.0,59840.75,0.8
4706,9,146,11,51842.0,51842.0,68739.0,61091.2,36636898.559999995,56681.5,62909.5,66651.0,0.3
4707,9,136,11,68910.0,45658.0,68910.0,53697.9,52403589.089999996,49972.75,51447.0,53541.5,0.5
4708,9,138,11,86819.0,52422.0,86819.0,64166.4,104744238.84,58317.75,60307.0,65170.5,0.4
4709,9,133,11,48429.0,48429.0,56143.0,51945.0,8487041.6,49820.25,50841.5,55134.75,0.5
4710,9,129,11,71979.0,58063.0,72618.0,68497.3,16587200.209999999,66871.25,69618.0,71585.75,0.2
4711,9,147,11,89300.0,67568.0,89300.0,79474.7,65475484.60999999,73472.75,78958.5,87651.25,0.3
4712,9,130,11,67360.0,64659.0,73734.0,69137.0,10500658.2,66245.5,68853.0,72124.25,0.1
4713,9,148,11,93966.0,65124.0,93966.0,78559.3,62810116.80999999,74745.25,76623.0,82281.25,0.1
4713,14,214,16,93966.0,65124.0,76887.0,72640.9,16841544.29,69897.0,74779.5,75690.5,0.3
4713,19,281,21,93966.0,65124.0,74711.0,69995.9,9496279.69,67324.25,70245.5,71957.25,0.5
4714,9,145,11,87533.0,56611.0,89408.0,77042.7,141935591.20999998,69929.5,80739.5,87294.75,0.3
4714,14,207,16,87533.0,56611.0,77304.0,68971.1,53553568.09,64832.75,70374.0,75486.25,0.5
4715,9,135,11,82809.0,32270.0,82809.0,50035.9,231514289.28999996,39862.75,46467.5,60331.25,0.7
4716,9,143,11,63993.0,43729.0,63993.0,54660.9,50535830.489999995,47951.25,57750.0,58994.75,0.9
4717,9,137,11,134543.0,74932.0,134543.0,94005.4,412121743.24,78489.25,80808.5,107843.75,0.0
4717,14,202,16,134543.0,67906.0,80448.0,76924.3,12696403.41,75520.5,77768.0,79510.0,0.2
4717,19,269,21,134543.0,63572.0,77536.0,71827.6,23001612.039999995,68548.0,73759.5,74875.5,0.6
4718,9,136,11,95688.0,58653.0,95688.0,77404.5,109366239.85,70973.0,76684.5,80623.0,0.4
4719,9,138,11,76278.0,57653.0,78619.0,70390.1,60058499.89,63680.0,73802.5,76788.0,0.2
4719,14,204,16,76278.0,41423.0,71327.0,58891.2,58117889.36,56305.25,59406.5,62506.5,0.7
4720,9,143,11,78505.0,38494.0,78505.0,53585.3,113728433.21000001,47515.75,52006.5,56302.25,0.6
4721,9,144,11,122496.0,70867.0,122496.0,90225.5,352097628.05,72141.25,88368.0,97491.75,0.4
4721,14,213,16,122496.0,70867.0,84222.0,75417.7,21631426.810000002,71546.75,74226.5,76557.0,0.8
4722,9,139,11,88723.0,56509.0,88723.0,68428.9,121901620.88999999,58860.75,66436.0,74431.5,0.7
4723,9,134,11,119474.0,66786.0,119474.0,95337.0,182399968.0,89780.25,94595.0,102810.25,0.1
4723,14,203,16,119474.0,66786.0,94435.0,86557.1,57970337.089999996,85253.25,89283.5,90430.0,0.3
4724,9,131,11,92840.0,77056.0,92840.0,85599.9,18140066.090000004,83839.5,85192.0,88551.25,0.5
4725,9,145,11,93143.0,58412.0,93143.0,68726.9,89305761.09,62054.5,68141.0,70892.25,0.3
4725,14,206,16,93143.0,54984.0,68114.0,63362.3,18398073.61,60025.0,65107.0,67001.5,0.4
4726,9,145,11,70618.0,43138.0,70618.0,51785.4,51549885.239999995,48581.25,50739.5,53530.5,0.6
4727,9,138,11,75490.0,57038.0,75490.0,64175.7,30678762.410000004,59926.75,63090.5,66971.25,0.0
4727,14,211,16,75490.0,53471.0,64422.0,59396.6,7960224.44,57916.25,59647.5,61021.0,0.0
4728,9,140,11,89621.0,63285.0,94137.0,76032.7,142632542.21,66152.25,69407.5,89217.75,0.5
4728,14,204,16,89621.0,55035.0,69616.0,64746.7,20121149.41,63455.0,66427.5,67602.75,0.8
4729,9,123,11,82803.0,44584.0,82803.0,56102.1,94610802.28999999,51680.75,54581.0,56618.25,0.9
4730,9,143,11,109270.0,50447.0,109270.0,71281.7,352403971.21,56625.25,63922.0,82915.5,0.6
4730,14,205,16,109270.0,50447.0,68065.0,61644.8,40706269.96,56625.25,63922.0,66968.25,0.7
4732,9,118,11,66715.0,55616.0,76071.0,65533.0,25402573.2,63852.75,66715.0,67049.5,0.8
4733,9,137,11,122605.0,87907.0,122605.0,101085.4,101525708.64,92387.25,100312.5,107274.75,0.4
4733,14,194,16,122605.0,87907.0,103089.0,95820.6,18591138.639999997,92387.25,96937.5,97740.25,0.4
4734,9,135,11,128359.0,77429.0,128359.0,94106.3,184606049.41,87041.5,91353.0,97697.5,0.7
4735,9,134,11,64032.0,53119.0,64032.0,58128.0,13533804.8,54992.25,58213.5,60755.75,0.7
4736,9,142,11,96816.0,58878.0,96816.0,77667.0,110853291.4,71090.0,78101.5,84180.25,0.2
4736,14,212,16,96816.0,58878.0,78770.0,71308.7,36045957.01,67460.75,73446.0,75418.5,0.3
4736,19,273,21,96816.0,48072.0,74020.0,62280.8,87088104.35999998,54061.5,65274.5,69685.75,0.7
4737,9,132,11,59158.0,58985.0,71763.0,65912.5,23997182.25,60493.75,67638.5,69889.0,0.4
4738,9,140,11,80121.0,60035.0,80121.0,70446.9,41953585.89,65636.75,70022.5,76310.5,0.1
4738,14,211,16,80121.0,53652.0,70735.0,63207.8,28550521.560000002,60063.75,63511.0,67550.5,0.4
4738,19,279,21,80121.0,52460.0,66706.0,58998.6,20382018.04,55015.25,59442.5,61625.25,0.7
4739,9,119,11,23263.0,14135.0,24413.0,20698.7,9597641.809999999,18379.5,21902.0,23177.0,0.9
4740,9,145,11,45471.0,40243.0,47793.0,44216.9,3623766.8900000006,43448.5,44322.0,45351.0,0.3
4740,14,205,16,45471.0,33756.0,44570.0,41837.3,8891404.61,41271.5,42912.0,43533.5,0.7
4741,9,125,11,92325.0,59196.0,92325.0,73648.8,87799126.36000001,68067.0,71934.0,77244.5,0.5
4742,9,112,11,97326.0,66818.0,97326.0,79742.8,63023646.760000005,74212.0,79893.5,82927.0,0.5
4742,14,170,16,97326.0,66818.0,81397.0,75867.0,20202367.4,73121.5,75699.0,79926.75,0.7
4743,9,140,11,108163.0,74622.0,108163.0,85883.7,118597807.61000001,79402.75,81126.0,90991.5,0.1
4744,9,142,11,64830.0,57470.0,68199.0,63135.6,9905988.239999998,60935.0,64114.5,64830.0,0.1
4744,14,201,16,64830.0,50788.0,64186.0,59175.9,19793032.29,57736.5,59840.5,62936.75,0.3
4745,9,134,11,120373.0,83356.0,120373.0,91932.3,111513832.00999999,84675.25,88928.0,94934.5,0.4
4745,14,184,16,120373.0,60025.0,89089.0,82603.5,65308225.25,82303.0,84226.0,87924.25,0.7
4746,9,135,11,87184.0,87184.0,100175.0,92775.1,19439176.09,88947.5,92414.5,96575.75,0.3
4748,9,125,11,55402.0,45648.0,58628.0,53392.3,17370389.81,49988.25,55020.5,56522.5,0.4
4748,14,179,16,55402.0,45648.0,54701.0,51393.6,9385118.440000001,48792.0,52902.0,53784.75,0.5
4749,9,130,11,52163.0,39637.0,53206.0,47308.7,20684008.21,45093.25,48011.5,51177.0,0.8
4751,9,135,11,69275.0,51329.0,69275.0,64558.2,24618129.160000004,64198.25,65686.0,67760.25,0.1
4751,14,203,16,69275.0,44057.0,66135.0,61307.6,50615823.44,62031.25,64673.5,65469.0,0.2
4751,19,271,21,69275.0,44057.0,64482.0,54047.5,45551720.45,48835.5,52881.5,59668.5,0.5
4752,9,140,11,78536.0,42123.0,78536.0,61179.8,151447969.56,52493.5,62692.0,69308.0,0.2
4752,14,208,16,78536.0,42123.0,62400.0,49746.1,33832278.29000001,45734.0,48826.0,51053.75,0.6
4753,9,129,11,82222.0,62504.0,94756.0,83919.3,87699469.41000001,80110.0,85215.0,91362.0,0.7
4754,9,140,11,152562.0,95869.0,152562.0,119841.2,398971870.56,100007.75,117729.0,136090.75,0.2
4754,14,208,16,152562.0,94820.0,114390.0,100432.2,28622916.76,96934.0,98921.0,102380.0,0.5
4755,9,148,11,107666.0,89812.0,107666.0,97488.2,39637926.76,91815.0,96658.5,101006.0,0.3
4757,9,119,11,77310.0,70633.0,81548.0,77952.4,10015124.84,76231.5,78183.0,80510.0,0.6
4758,9,136,11,123796.0,52072.0,123796.0,84429.1,551437877.6899999,64166.5,84834.5,99480.0,0.3
4758,14,199,16,123796.0,52072.0,83828.0,64367.6,94607885.64000002,57599.0,61862.5,68296.0,0.8
4759,9,127,11,65701.0,40113.0,65701.0,48800.2,51557202.76,46793.25,47419.5,48266.5,0.5
4760,9,139,11,137594.0,79920.0,143745.0,122050.9,347422672.28999996,115238.0,124047.5,137594.0,0.0
4760,14,195,16,137594.0,50865.0,118276.0,83551.8,683605098.36,59071.25,77527.5,112315.0,0.3
4760,19,243,21,137594.0,50865.0,75135.0,59632.5,55180412.45,52744.5,59728.0,61910.5,0.8
4761,9,121,11,62501.0,50831.0,62501.0,56880.2,10877535.76,54290.5,57235.5,59026.5,0.9
4762,9,140,11,55661.0,43460.0,59426.0,52776.8,17270391.560000002,51181.5,53176.5,55474.5,0.5
4763,9,136,11,67090.0,39311.0,67090.0,49827.0,48212479.8,46029.5,48804.5,51295.5,0.4
4765,9,144,11,78340.0,50136.0,80062.0,67030.3,109021994.41,59623.0,62312.5,78340.0,0.1
4765,14,214,16,78340.0,40106.0,62115.0,53663.3,52461174.61000001,50674.75,55681.5,59561.5,0.4
4765,19,276,21,78340.0,40106.0,55412.0,50215.9,27345809.089999996,47568.75,52644.5,54301.5,0.7
4766,9,141,11,70965.0,51690.0,70965.0,61507.7,53163308.41,54991.5,61433.0,69149.0,0.4
4766,14,205,16,70965.0,51690.0,60739.0,56442.4,7417756.840000001,54991.5,56799.0,58250.5,0.8
4767,9,139,11,73429.0,43391.0,82539.0,66442.1,129767339.49000001,58352.75,68408.0,73429.0,0.4
4767,14,201,16,73429.0,43391.0,67106.0,59390.2,58858394.56,58051.5,61147.5,65338.25,0.5
4768,9,136,11,46768.0,33160.0,46768.0,37922.7,12676185.610000001,35994.0,36924.5,38240.25,0.7
4769,9,114,11,46827.0,32569.0,46827.0,37318.3,21045478.41,34025.75,35427.0,39543.25,0.6
4770,9,128,11,83143.0,58226.0,83143.0,67326.9,52357142.89,62215.0,65797.5,70729.5,0.6
4771,9,151,11,106930.0,68906.0,106930.0,81852.6,131638161.24000004,74002.25,76568.0,86695.25,0.2
4771,14,220,16,106930.0,68906.0,76517.0,73546.5,5023677.65,71908.75,73868.5,75251.0,0.4
4772,9,132,11,67442.0,43946.0,67442.0,52196.6,61792920.44000001,46537.0,49156.0,57651.75,0.7
4773,9,115,11,53663.0,35277.0,53663.0,44553.0,36217446.8,42360.75,44099.5,47618.25,0.8
4774,9,116,11,77485.0,57244.0,77485.0,65047.9,32408175.49,61118.5,63681.5,68023.25,0.2
4775,9,126,11,70323.0,60888.0,79347.0,69147.4,40564104.04000001,62932.25,70323.0,73445.5,0.2
4775,14,198,16,70323.0,60831.0,70323.0,63581.9,6671541.49,62012.75,63141.0,64212.5,0.3
4776,9,120,11,67448.0,52743.0,67448.0,59138.9,19514177.889999997,56105.75,57529.0,62856.75,0.4
4776,14,184,16,67448.0,52743.0,60451.0,57005.8,4267928.76,56105.75,57238.0,57970.5,0.4
4777,9,145,11,89235.0,64472.0,89235.0,79763.4,56292950.24000001,77838.0,81714.0,84011.0,0.3
4778,9,143,11,85176.0,55443.0,85176.0,64012.1,92652969.69,57345.5,61463.5,63264.0,0.6
4779,9,138,11,105168.0,66319.0,105168.0,80917.7,206905006.81,71656.25,73122.5,91444.25,0.2
4779,14,202,16,105168.0,63256.0,73619.0,69218.5,12232463.85,66298.75,70678.5,72182.75,0.5
4781,9,140,11,82679.0,36986.0,82679.0,52732.7,156594466.01000002,46600.5,49010.5,51618.25,0.8
4782,9,143,11,112320.0,52248.0,112320.0,70105.7,307869803.61,58530.75,63197.5,75948.0,0.5
4782,14,201,16,112320.0,49270.0,63060.0,58447.0,19452963.0,56556.75,59778.5,61910.25,0.7
4783,9,121,11,60884.0,55335.0,67328.0,63040.3,12543547.610000001,60884.0,63290.0,66298.75,0.2
4784,9,130,11,62952.0,60353.0,75173.0,68110.4,28400901.440000005,63243.75,67547.0,73536.0,0.4
4786,9,139,11,107406.0,62080.0,107406.0,77741.3,150539498.41,73609.5,75715.0,81464.25,0.2
4787,9,137,11,122491.0,83629.0,122491.0,97251.8,144600583.76,86855.5,95581.0,102180.25,0.0
4787,14,201,16,122491.0,73864.0,91810.0,83217.7,27211217.21,80753.25,83693.5,85541.25,0.2
4787,19,262,21,122491.0,60532.0,83629.0,75359.0,37975845.8,73801.0,75440.5,79631.0,0.7
4788,9,124,11,49470.0,36320.0,49470.0,42752.7,14715884.41,39821.75,44320.0,45021.5,0.6
4789,9,123,11,58890.0,41323.0,58890.0,48400.7,24692944.009999998,44655.75,48894.0,49417.75,0.5
4790,9,139,11,46203.0,37751.0,47717.0,43557.4,10116596.84,40897.75,44668.0,46203.0,0.6
4792,9,123,11,49384.0,25452.0,49384.0,37061.6,36391634.64,34397.0,36553.5,38182.0,0.5
4792,14,186,16,49384.0,21836.0,35492.0,31289.5,19330972.85,29038.0,33041.5,34461.0,1.0
4793,9,125,11,53107.0,40162.0,53107.0,45589.9,11167076.29,44019.25,45166.0,46649.0,0.8
4794,9,136,11,63629.0,23555.0,63629.0,46333.6,100207696.03999999,44851.25,48075.5,49926.75,0.8
4795,9,138,11,60470.0,32355.0,60470.0,47859.4,69671246.43999998,42519.25,49504.0,50599.5,0.4
4796,9,142,11,75511.0,65862.0,75511.0,73599.6,7381140.639999999,73397.25,74408.5,75203.5,0.1
4796,14,197,16,75511.0,61000.0,73971.0,68796.6,17900386.240000002,65962.75,67502.0,73342.0,0.5
4797,9,138,11,106953.0,68388.0,106953.0,78524.0,148202870.6,69867.25,74195.0,77943.0,0.0
4797,14,208,16,106953.0,56862.0,74013.0,65164.5,33821632.65,59813.75,66009.5,68948.75,0.5
4797,19,279,21,106953.0,56862.0,66926.0,61362.9,13218156.49,58400.25,60003.5,65299.75,0.7
4798,9,143,11,83375.0,58715.0,90514.0,77978.9,76016068.09,74092.25,80228.5,83375.0,0.2
4798,14,205,16,83375.0,56099.0,79458.0,70523.2,53424331.76,68516.5,73602.0,75572.75,0.4
4798,19,259,21,83375.0,40800.0,73800.0,63144.1,89343881.88999999,59125.0,65156.0,69139.0,0.8
4799,9,129,11,34256.0,31664.0,36627.0,34076.9,3476919.29,32264.75,34256.0,35880.75,0.8
4800,9,127,11,32465.0,30679.0,37032.0,32593.5,2601125.25,31712.0,32365.5,32721.5,0.6
4801,9,134,11,51087.0,31793.0,51087.0,37579.6,28204798.840000004,35372.25,36369.5,37392.75,0.7
4802,9,135,11,116361.0,97539.0,116575.0,105993.9,51265209.09,101038.25,103101.0,113613.25,0.0
4802,14,207,16,116361.0,81779.0,104665.0,96695.8,39627800.56,94028.5,98446.5,101138.75,0.4
4803,9,132,11,87280.0,67847.0,87280.0,76719.8,28962191.559999995,73785.25,77868.5,78895.5,0.2
4803,14,202,16,87280.0,67847.0,78026.0,75061.4,13165202.24,73575.25,77072.0,77602.0,0.2
4804,9,135,11,96011.0,61986.0,96011.0,78294.1,106909125.28999999,71900.5,76430.0,81787.75,0.1
4805,9,104,11,56161.0,45436.0,56161.0,48625.6,10570097.440000001,46426.75,47586.0,49490.25,0.1
4805,14,169,16,56161.0,28026.0,48026.0,42377.0,35752964.8,38898.5,45605.5,46496.25,0.5
4805,19,224,21,56161.0,28026.0,45775.0,41260.6,28216063.639999997,38898.5,42962.5,45477.25,0.7
4806,9,126,11,96267.0,28114.0,96267.0,55509.3,320470956.61,44440.5,55205.5,60339.5,0.2
4806,14,180,16,96267.0,28114.0,55149.0,42501.0,39806728.2,41148.75,42970.5,43711.25,0.2
4807,9,131,11,141979.0,89833.0,141979.0,110755.2,256932420.16,100470.75,104540.5,123883.0,0.4
4807,14,201,16,141979.0,85383.0,107021.0,98542.8,38153789.160000004,97118.0,99827.5,102038.25,0.7
4808,9,135,11,101755.0,81061.0,101755.0,91426.5,42873797.85,87180.25,93693.0,95743.5,0.6
4809,9,138,11,70888.0,48541.0,70888.0,58167.2,31634966.360000003,55447.25,59019.5,60111.5,0.8
4810,9,138,11,102594.0,80219.0,102594.0,89195.8,37359900.36,84733.0,89957.5,92400.25,0.0
4811,9,134,11,135011.0,88996.0,135011.0,104481.1,170721802.09,97694.75,101413.0,107467.0,0.1
4812,9,137,11,104274.0,77932.0,107783.0,101033.1,70590911.69,100832.25,104274.0,105405.0,0.1
4812,14,201,16,104274.0,77932.0,104274.0,95821.7,64441156.40999999,95474.0,97545.5,101455.25,0.2
4812,19,274,21,104274.0,77932.0,97498.0,90319.6,43992067.440000005,84413.75,93949.5,95540.0,0.4
4813,9,146,11,86259.0,68232.0,87366.0,78493.6,47809806.83999999,72849.5,79073.0,85511.25,0.2
4813,14,210,16,86259.0,53043.0,79040.0,68810.8,55317258.96,68145.75,70195.0,73796.5,0.5
4814,9,143,11,104503.0,71641.0,104503.0,84904.3,104589790.01,76075.0,83203.0,92839.25,0.2
4814,14,207,16,104503.0,70393.0,80534.0,75353.0,8647076.4,73584.5,75585.5,77139.25,0.4
4815,9,132,11,98505.0,70710.0,98505.0,81638.0,66076250.0,76492.5,79401.0,85231.5,0.2
4816,9,142,11,81990.0,66234.0,81990.0,77633.7,22717657.009999998,75055.75,79572.0,81009.25,0.2
4816,14,206,16,81990.0,66234.0,79404.0,76386.8,15478657.959999999,75033.25,77992.0,79094.5,0.2
4817,9,130,11,45067.0,40161.0,49256.0,45666.0,6714035.0,44344.25,45067.0,47672.0,0.3
4818,9,148,11,53781.0,43980.0,53781.0,48273.9,11716276.489999998,45393.5,47477.5,50574.25,0.2
4818,14,214,16,53781.0,38836.0,46850.0,43864.0,6375434.2,43988.0,44418.5,45256.25,0.6
4819,9,133,11,112517.0,95201.0,122741.0,112351.5,49760665.25,110654.0,112517.0,114671.5,0.1
4819,14,205,16,112517.0,95201.0,114022.0,109044.4,29009048.840000004,106921.25,111001.0,112517.0,0.3
4821,9,125,11,89346.0,66578.0,89346.0,77182.1,45984602.089999996,71222.5,77957.0,80301.0,0.3
4821,14,192,16,89346.0,66521.0,77726.0,72076.6,17223568.64,68537.0,72207.5,75683.5,0.5
4822,9,146,11,84794.0,61434.0,84794.0,71602.4,56508397.24000001,65524.75,69349.0,77633.0,0.4
4824,9,143,11,122351.0,31591.0,122351.0,57843.6,685059873.0399998,42271.75,50558.0,53929.5,0.6
4825,9,138,11,102140.0,57752.0,102140.0,77347.8,173313443.96,69585.25,74744.5,80151.25,0.6
4826,9,137,11,92704.0,64357.0,92704.0,76615.6,76535764.24,69239.0,76043.5,82233.75,0.5
4827,9,123,11,48735.0,22482.0,48735.0,36228.1,111173819.69000001,26400.25,36596.0,46939.75,0.5
4827,14,179,16,48735.0,21054.0,34675.0,28194.9,21089661.29,24195.75,28993.5,31494.0,0.9
4828,9,132,11,33226.0,19999.0,38078.0,32298.6,42396168.44,30893.5,34586.0,37353.25,0.9
4829,9,137,11,69294.0,42873.0,69294.0,57791.6,43852806.239999995,56543.25,58274.5,61456.75,0.5
4830,9,143,11,88416.0,41632.0,88416.0,61631.0,231609428.4,51283.0,55396.0,71365.25,0.6
4831,9,147,11,75524.0,44434.0,75524.0,53971.8,61301356.35999999,50954.0,51882.5,54871.75,0.7
4833,9,138,11,62495.0,51637.0,62495.0,55309.6,15165232.84,52308.75,54046.5,55890.25,0.1
4833,14,202,16,62495.0,46840.0,55368.0,51875.7,4245673.61,51545.5,52074.5,52722.75,0.4
4834,9,122,11,16491.0,15057.0,19557.0,17289.3,2818347.0100000007,16030.5,16834.5,19079.5,0.8
4835,9,119,11,29229.0,12301.0,29229.0,18397.2,19099764.359999996,16580.75,17507.5,19680.5,0.5
4835,14,160,16,29229.0,12301.0,17681.0,15742.2,3587328.16,14654.5,16504.0,17267.0,0.8
4836,9,136,11,73935.0,36394.0,73935.0,58207.1,104484402.09,53647.75,57204.5,66112.75,0.7
4837,9,126,11,90554.0,54603.0,90554.0,68126.5,107915387.05,61462.0,64539.0,71692.5,0.7
4838,9,141,11,73788.0,61123.0,77190.0,68252.9,32341635.089999996,63285.25,66276.5,73788.0,0.5
4840,9,139,11,76938.0,50762.0,76938.0,61317.3,87996186.80999999,52946.25,60177.0,67175.0,0.6
4840,14,203,16,76938.0,50762.0,61295.0,55314.2,16501758.160000002,51393.0,53828.5,58975.75,1.0
4841,9,143,11,43383.0,43383.0,67043.0,58918.1,68182825.29,58110.5,61231.0,65198.75,0.5
4842,9,149,11,80604.0,66957.0,81755.0,76530.5,21206617.25,73218.0,77838.5,80461.5,0.3
4843,9,116,11,99378.0,83387.0,99378.0,95161.2,23204745.36,93276.75,97696.5,98008.5,0.1
4843,14,183,16,99378.0,59330.0,97643.0,88048.3,105879632.21000001,87730.0,91298.5,92574.5,0.2
4844,9,137,11,52739.0,41021.0,57407.0,49969.1,25909750.689999998,45720.75,51337.5,53525.0,0.4
4844,14,208,16,52739.0,41021.0,50296.0,46588.5,9030496.05,44918.0,46391.5,49412.5,0.5
4844,19,271,21,52739.0,41021.0,47339.0,44512.8,5169923.5600000005,42548.5,45138.0,46512.75,0.7
4845,9,131,11,101366.0,66285.0,101366.0,79678.4,103788608.04,71697.25,80641.5,81615.0,0.3
4846,9,123,11,75728.0,70365.0,83532.0,77730.3,19358655.009999998,74540.0,76441.5,81936.25,0.1
4846,14,191,16,75728.0,59373.0,75728.0,70359.9,24401584.089999996,68144.25,71250.0,73983.5,0.4
4847,9,133,11,97055.0,62119.0,97055.0,74689.1,72280416.09,71177.75,72911.0,76240.5,0.4
4847,14,198,16,97055.0,62119.0,73011.0,70809.5,9351239.85,70936.25,71672.0,72653.5,0.6
4849,9,130,11,38621.0,30462.0,42089.0,37652.1,8919668.89,37037.25,38429.0,38858.75,0.2
4849,14,193,16,38621.0,30227.0,38237.0,34748.1,8608706.489999998,31873.75,35788.5,36856.0,0.7
4850,9,135,11,35354.0,32344.0,51027.0,44474.7,46734412.81,37917.75,47879.0,49913.25,0.3
4851,9,143,11,76861.0,50291.0,76861.0,56969.6,57156272.84000001,52798.25,53428.0,57340.25,0.0
4851,14,206,16,76861.0,45350.0,53399.0,51395.4,4894899.44,51075.5,51923.5,52721.75,0.1
4852,9,145,11,79063.0,55446.0,79063.0,63341.8,45261605.160000004,57530.75,63402.5,65998.5,0.4
4852,14,207,16,79063.0,45926.0,62660.0,56896.7,19268572.209999997,55658.25,57507.0,59383.25,0.8
4853,9,136,11,138895.0,54614.0,138895.0,83084.4,541429716.0400001,67272.0,79145.5,85674.5,0.4
4853,14,198,16,138895.0,54614.0,78133.0,70705.1,53431447.29,66110.25,74473.5,75993.75,0.5
4854,9,136,11,108348.0,77469.0,108348.0,86770.5,73677713.45,80159.0,86530.5,89684.0,0.2
4854,14,201,16,108348.0,65903.0,85369.0,78464.7,24473516.21,77473.75,78399.0,80992.25,0.5
4855,9,132,11,55600.0,34144.0,55600.0,41392.5,42565153.65,35446.0,41873.5,43708.75,0.8
4856,9,134,11,99616.0,70177.0,99616.0,79445.2,80495454.75999999,71295.0,77851.5,84856.5,0.4
4856,14,204,16,99616.0,67609.0,75208.0,71657.1,5822911.49,70058.5,70910.5,73810.5,0.7
4857,9,139,11,93198.0,73046.0,93198.0,84137.3,45102823.01,80707.25,84763.0,88333.5,0.5
4858,9,143,11,96235.0,82959.0,96235.0,87618.2,12592608.16,85350.5,87442.0,88573.0,0.1
4859,9,132,11,105180.0,45776.0,105180.0,65095.3,315854408.40999997,51155.75,61595.0,72412.75,0.3
4859,14,200,16,105180.0,43798.0,57703.0,48707.0,18374391.6,45972.0,46897.0,50547.0,0.8
4860,9,143,11,103341.0,72531.0,103341.0,82530.8,62995957.760000005,78044.5,80183.5,84215.75,0.0
4862,9,133,11,35218.0,29463.0,35218.0,33337.1,2658953.0900000003,32746.5,33754.0,34468.25,0.8
4863,9,114,11,33096.0,26240.0,34965.0,32869.2,5567422.5600000005,33096.0,33182.5,34264.25,0.7
4864,9,137,11,25738.0,24284.0,35025.0,29729.0,11594136.8,26527.75,30347.0,31701.75,0.8
4865,9,143,11,34868.0,26671.0,34868.0,31113.2,12093686.76,27596.5,31521.5,34459.25,0.9
4866,9,139,11,49835.0,40064.0,49835.0,45832.5,7840099.25,45117.25,45389.5,47659.5,0.0
4866,14,213,16,49835.0,33870.0,45771.0,42912.7,13313891.61,40908.25,44988.0,45305.5,0.1
4866,19,275,21,49835.0,33870.0,44897.0,39178.0,9366530.0,37511.0,39028.5,40046.5,0.6
4867,9,141,11,90142.0,74480.0,93348.0,86835.8,33860162.760000005,84354.75,89748.0,90399.25,0.4
4868,9,140,11,58925.0,34885.0,58925.0,47301.9,74596392.68999998,38639.5,47470.0,55101.0,0.4
4868,14,204,16,58925.0,34885.0,44724.0,40766.3,9645246.610000001,38099.25,41617.0,42875.5,0.7
4869,9,145,11,70183.0,39912.0,70183.0,59278.2,98413286.55999999,55882.75,58743.5,68916.5,0.2
4869,14,211,16,70183.0,39912.0,58869.0,54220.6,37041332.44,54922.75,56094.0,58564.75,0.3
4870,9,148,11,83302.0,58713.0,83302.0,64925.5,54363686.25,60673.5,61630.5,64696.75,0.0
4870,14,220,16,83302.0,37940.0,61112.0,53679.1,72487893.69000001,51575.0,56971.0,60572.25,0.5
4870,19,278,21,83302.0,37940.0,58664.0,52199.5,55355233.85,51575.0,55260.5,57568.25,0.6
4871,9,133,11,116070.0,73674.0,116070.0,92313.8,108175575.75999999,88419.75,92024.5,94379.0,0.3
4872,9,144,11,83577.0,75712.0,87531.0,82115.1,14201543.49,79792.75,83577.0,84304.25,0.2
4874,9,147,11,84265.0,69583.0,89504.0,80517.1,33134315.089999996,76923.75,82223.0,84265.0,0.4
4875,9,146,11,84349.0,58430.0,84349.0,72110.3,75545332.61,67233.25,70319.0,80733.5,0.2
4876,9,135,11,96352.0,64507.0,96352.0,75646.8,85247041.96000001,69442.0,72552.0,81453.75,0.4
4877,9,146,11,77463.0,59428.0,78125.0,67456.2,51255042.36,61609.25,65304.0,75160.75,0.4
4877,14,210,16,77463.0,59428.0,65773.0,63348.7,5396977.410000001,61609.25,64421.5,65308.0,0.4
4878,9,143,11,70767.0,43599.0,70767.0,60435.3,56822880.81000002,57864.0,63177.5,65291.25,0.4
4879,9,141,11,104396.0,73868.0,104396.0,85151.4,112697018.24000001,78619.5,80833.0,89000.25,0.0
4879,14,212,16,104396.0,62896.0,79615.0,73532.4,24655067.04,72297.5,74215.5,77674.0,0.2
4879,19,276,21,104396.0,62753.0,73868.0,68183.5,16427255.65,64392.75,68174.0,72041.0,0.6
4880,9,146,11,106961.0,80282.0,106961.0,92321.3,91755053.21000001,83789.75,92210.5,97900.75,0.0
4880,14,217,16,106961.0,80282.0,90708.0,85855.7,10304951.809999999,83789.75,86673.5,88104.0,0.0
4881,9,133,11,92896.0,60835.0,92896.0,74440.5,90000225.85,68777.75,72490.5,79316.5,0.1
4881,14,203,16,92896.0,50136.0,71743.0,61941.4,45438501.84,56366.0,62197.0,67473.0,0.5
4883,9,137,11,72716.0,41839.0,72716.0,57139.3,138882858.01000002,46368.5,56173.0,68588.75,0.5
4883,14,189,16,72716.0,41839.0,53728.0,47570.5,15525337.25,44195.5,47021.0,50698.5,0.8
4884,9,135,11,88792.0,64929.0,92631.0,78664.1,95769602.89000002,69628.0,76356.0,88792.0,0.3
4884,14,198,16,88792.0,54305.0,76398.0,68781.2,40749782.36,65761.75,69188.0,73735.75,0.6
4886,9,132,11,99744.0,76333.0,99744.0,87242.2,34753535.160000004,84762.0,88844.5,89075.75,0.2
4887,9,130,11,103952.0,84726.0,103952.0,96302.6,45752133.64,90160.25,97992.0,102509.75,0.1
4887,14,195,16,103952.0,74359.0,98592.0,90249.7,52541972.81,85753.0,90467.5,96456.0,0.3
4888,9,144,11,51127.0,39856.0,51127.0,46556.3,9945503.209999999,44521.5,47209.5,48643.25,0.6
4889,9,145,11,62978.0,40118.0,62978.0,51512.7,36324704.41,48526.5,50937.5,53192.75,0.7
4891,9,129,11,28751.0,26090.0,35933.0,31487.7,8422956.61,29346.0,31623.0,32819.5,0.6
4892,9,143,11,83120.0,45645.0,83120.0,58731.2,110904723.35999998,52445.0,56643.5,60046.5,0.6
4893,9,132,11,95097.0,55328.0,95097.0,78762.5,138143010.45,72881.0,77338.0,89146.25,0.2
4893,14,182,16,95097.0,55328.0,76636.0,69456.6,36382196.64,67924.75,71588.5,73086.0,0.3
4894,9,138,11,65528.0,44231.0,65528.0,51903.4,43159908.64,46971.0,49636.0,56952.0,0.4
4894,14,193,16,65528.0,44231.0,50331.0,48184.7,3733032.2099999995,46971.0,48523.5,49906.5,0.4
4895,9,144,11,96428.0,78310.0,96428.0,85136.0,37572449.6,80987.0,82794.0,86672.25,0.3
4896,9,139,11,93153.0,66477.0,93153.0,74762.1,53598308.49,69732.5,74368.0,76626.0,0.6
4897,9,127,11,95504.0,88682.0,95504.0,93363.8,6074522.360000001,91886.25,94607.0,95359.75,0.2
4898,9,134,11,92590.0,80059.0,92590.0,86975.0,16212182.2,84980.25,87210.0,89400.5,0.4
4899,9,142,11,47924.0,36197.0,51262.0,47136.4,18148934.64,46816.25,47924.0,50227.75,0.6
4900,9,127,11,43474.0,35491.0,46521.0,42207.6,8078900.24,41738.5,42529.5,43474.0,0.8
4901,9,139,11,46951.0,37966.0,46951.0,43601.5,8340213.85,43245.5,44131.5,45747.5,0.4
4901,14,194,16,46951.0,37591.0,45707.0,41696.9,7665321.090000001,39017.5,42604.0,43606.25,0.7
4902,9,119,11,136500.0,76026.0,136500.0,94313.3,327620838.21000004,80319.75,89535.0,102759.5,0.7
4903,9,112,11,66876.0,46838.0,66876.0,57308.5,44770893.25,52606.75,56968.5,62904.25,0.6
4904,9,136,11,100772.0,63453.0,100772.0,74771.6,109892388.84,69774.25,70707.5,72608.75,0.6
4906,9,135,11,97620.0,62285.0,97620.0,76758.9,201581308.29000002,63128.0,71396.0,91685.0,0.4
4906,14,188,16,97620.0,61469.0,66608.0,63375.8,2863903.1599999997,62276.75,62586.0,64571.75,0.9
4907,9,130,11,69520.0,49616.0,69520.0,60894.3,39701841.010000005,55556.5,62291.5,64089.75,0.6
4908,9,135,11,125352.0,88941.0,125352.0,107239.2,85921992.16000001,103190.5,106258.5,112542.0,0.2
4908,14,191,16,125352.0,88941.0,107163.0,102636.2,24799633.160000004,102907.0,103360.5,105758.25,0.3
4909,9,141,11,106656.0,62431.0,106656.0,85776.8,122586881.55999999,80081.25,85896.0,91668.75,0.1
4909,14,206,16,106656.0,62431.0,84013.0,75023.0,44217733.8,70014.0,76409.0,79342.5,0.2
4909,19,278,21,106656.0,62431.0,76293.0,69866.5,19395865.25,67279.25,70001.0,73835.25,0.4
4910,9,138,11,67833.0,59728.0,67833.0,62875.5,6259414.45,60339.5,63141.5,64509.75,0.0
4910,14,199,16,67833.0,54690.0,62942.0,59730.3,4837762.41,58945.0,59851.0,61319.5,0.2
4910,19,267,21,67833.0,48644.0,59850.0,56235.1,11334723.89,54867.75,57134.0,58630.0,0.6
4911,9,139,11,68139.0,37691.0,68139.0,53894.6,94716648.63999999,49166.5,56913.0,58134.0,0.8
4912,9,143,11,87506.0,63587.0,87506.0,73213.2,35768991.56,69611.25,72858.5,75499.25,0.5
4913,9,130,11,75158.0,50870.0,75158.0,57573.6,75294609.64,51353.0,54737.0,56593.75,0.6
4914,9,140,11,58389.0,43023.0,58389.0,48552.8,17272217.959999997,45514.0,48240.5,50066.25,0.5
4915,9,137,11,79788.0,61460.0,79788.0,68191.4,22021347.439999998,66320.5,67899.5,69456.5,0.0
4915,14,209,16,79788.0,56705.0,67574.0,62132.0,13152612.6,59297.0,61906.0,65434.75,0.4
4915,19,277,21,79788.0,56705.0,62352.0,59689.5,2827114.25,58701.75,59826.0,60850.0,0.8
4916,9,143,11,58399.0,58289.0,71572.0,64548.2,23288702.56,59069.75,66034.5,67980.25,0.5
4917,9,134,11,85845.0,61154.0,85845.0,73927.6,47528362.04000001,71296.0,75462.0,77828.75,0.4
4918,9,129,11,99483.0,74148.0,99483.0,87290.8,61386601.35999998,82661.5,85017.5,92949.75,0.3
4918,14,183,16,99483.0,74148.0,84808.0,81203.0,11708574.4,80008.75,81414.0,84397.0,0.6
4919,9,129,11,83364.0,58001.0,83364.0,65439.9,48756248.29000001,60202.5,64694.5,66732.75,0.8
4920,9,129,11,69310.0,62236.0,72884.0,69186.7,7333503.610000001,68885.0,69310.0,70792.25,0.7
4921,9,127,11,59656.0,45426.0,59656.0,56098.5,19897496.65,54529.75,58217.0,59241.5,0.4
4922,9,132,11,84068.0,68841.0,89059.0,80527.6,37545476.440000005,77531.0,82285.5,84068.0,0.3
4923,9,137,11,122445.0,78824.0,122445.0,94337.5,191218550.85,84619.0,88203.5,103635.25,0.5
4924,9,101,11,38858.0,38403.0,42857.0,40226.3,2487508.4099999997,38891.0,39680.0,41611.0,0.6
4925,9,127,11,105111.0,83762.0,105111.0,96189.3,51423949.41,91714.5,96949.5,102615.0,0.3
4927,9,142,11,73903.0,56542.0,73903.0,62706.7,28449771.810000002,59094.25,60880.0,63335.0,0.5
4928,9,141,11,85658.0,54760.0,85658.0,65801.6,65179585.44000001,60867.25,66439.5,67728.5,0.7
4929,9,125,11,51952.0,21994.0,51952.0,27966.8,67069973.76000001,24995.5,26305.0,26950.5,0.9
4930,9,129,11,39538.0,21801.0,39538.0,29216.5,19909915.05,27361.25,28243.0,30910.5,0.7
4931,9,138,11,100432.0,39961.0,100432.0,61905.7,393666105.81000006,47181.75,53904.0,69850.0,0.5
4931,14,205,16,100432.0,39961.0,56083.0,50498.1,28953268.29,47181.75,51543.0,55406.25,0.5
4932,9,140,11,82162.0,38581.0,82162.0,58457.6,236051199.44,46161.25,53553.0,74263.25,0.5
4932,14,197,16,82162.0,38581.0,56555.0,49739.5,32970675.05,46161.25,49870.0,55272.0,0.7
4933,9,134,11,72573.0,34501.0,72573.0,54412.6,203970694.64000002,41032.5,56369.0,67570.25,0.5
4933,14,189,16,72573.0,34501.0,51668.0,44378.1,37280980.89,40355.5,44495.5,50519.0,0.8
4934,9,141,11,90605.0,42883.0,90605.0,67566.9,178879783.49,59279.0,68181.0,75114.5,0.4
4935,9,135,11,129039.0,73950.0,129039.0,98788.4,258583557.84,87159.5,98940.0,109976.0,0.2
4935,14,196,16,129039.0,68492.0,97085.0,82048.5,72556837.05,75550.75,82318.5,84387.25,0.6
4936,9,134,11,85634.0,48870.0,85634.0,63436.3,148579138.81,55423.0,59937.5,70004.75,0.6
4937,9,145,11,49547.0,43728.0,52859.0,48346.3,8167582.81,45701.75,49316.0,49547.0,0.4
4937,14,206,16,49547.0,40309.0,49250.0,45785.1,5947399.889999999,45017.0,45843.5,47456.75,0.8
4938,9,131,11,67518.0,40035.0,67518.0,53985.8,56817174.56,49296.0,55759.0,57210.5,0.3
4938,14,199,16,67518.0,40035.0,56046.0,50087.3,21880568.009999998,48326.0,50723.0,53193.0,0.6
4939,9,143,11,77305.0,57010.0,77305.0,66209.9,49904456.89,60466.25,66101.5,70387.75,0.4
4940,9,128,11,76720.0,66859.0,87241.0,79623.1,35963627.69,76720.0,81021.5,83221.25,0.4
4941,9,133,11,62502.0,47854.0,64107.0,57911.8,29737938.360000003,54002.0,59320.5,62502.0,0.5
4942,9,143,11,94160.0,71682.0,94160.0,85617.7,43193904.81,81311.0,87001.0,90995.5,0.5
4943,9,150,11,112976.0,72864.0,112976.0,85989.0,114725592.4,79119.25,83863.5,88291.0,0.5
4944,9,132,11,52539.0,38097.0,52539.0,48550.8,17696522.96,47772.5,50144.5,50445.25,0.8
4945,9,136,11,73312.0,49068.0,73312.0,57184.5,47824237.65,54192.0,55213.5,58261.25,0.7
4946,9,125,11,76511.0,36808.0,76511.0,48102.7,126391967.60999998,42506.5,44867.0,48828.75,0.7
4947,9,140,11,41564.0,40750.0,48680.0,44627.0,6903349.2,42141.5,44730.5,46746.25,0.6
4948,9,141,11,68116.0,50103.0,68116.0,56845.8,26753729.759999998,53453.0,54926.0,59882.5,0.5
4948,14,204,16,68116.0,49365.0,55842.0,53126.3,5292739.01,51012.5,53636.0,55230.5,0.8
4949,9,137,11,87244.0,59916.0,87244.0,72076.4,45749611.64,67929.5,73246.5,74431.0,0.1
4951,9,103,11,65136.0,29022.0,65136.0,39836.2,129288915.16000001,31457.0,36761.0,42781.0,0.7
4951,14,160,16,65136.0,29022.0,37943.0,33817.4,10602227.440000001,31457.0,33515.5,37261.0,0.9
4952,9,129,11,33238.0,24739.0,35397.0,32269.5,13805881.45,33238.0,33602.5,34485.75,0.7
4953,9,132,11,71352.0,51793.0,71352.0,61044.1,30073415.490000002,57912.5,61890.0,62502.25,0.8
4954,9,122,11,99091.0,58278.0,99091.0,70768.7,129507450.61000001,64658.75,66278.0,70662.75,0.2
4954,14,187,16,99091.0,48683.0,67196.0,59975.8,35063020.760000005,56003.25,61551.5,64760.25,0.6
4955,9,134,11,75960.0,53482.0,75960.0,65567.7,38653619.01,61991.5,66333.5,69988.0,0.5
4957,9,133,11,101294.0,53263.0,101294.0,77638.4,181319612.24,68497.25,75598.5,85557.5,0.1
4957,14,203,16,101294.0,53263.0,72334.0,61734.7,48356816.21,55489.0,59795.5,67909.75,0.5
4957,19,262,21,101294.0,53263.0,58835.0,56405.2,3132805.3600000003,55097.5,56057.0,57961.0,0.7
4958,9,143,11,73319.0,53270.0,73319.0,62330.5,43704865.65,57330.75,61219.5,65545.5,0.6
4960,9,122,11,47761.0,23219.0,47761.0,28628.1,45034635.09,25786.0,26425.0,29179.5,0.6
4961,9,134,11,117384.0,61227.0,117384.0,82530.3,341723330.21000004,70009.5,74433.5,93692.5,0.1
4961,14,193,16,117384.0,61227.0,74333.0,69652.9,13174935.09,67879.25,70074.0,72589.0,0.1
4962,9,138,11,73401.0,55909.0,73401.0,66254.2,38010027.56,61657.5,67708.0,71848.5,0.5
4964,9,131,11,116329.0,96791.0,121177.0,113053.8,43452887.56,110220.5,115971.0,116703.25,0.1
4964,14,196,16,116329.0,96791.0,115613.0,109547.3,26476742.01,108162.0,110195.5,113425.25,0.1
4964,19,258,21,116329.0,86827.0,109403.0,102249.8,41916760.56,100097.25,103006.0,107236.0,0.3
4965,9,137,11,142176.0,82512.0,142176.0,106876.4,438165888.0400001,90293.75,101671.0,117739.0,0.5
4965,14,205,16,142176.0,82512.0,97981.0,92273.9,20828752.690000005,90293.75,92877.0,95933.75,0.7
4966,9,134,11,60625.0,50441.0,60625.0,57177.2,11624475.959999999,54212.25,58608.0,60194.75,0.2
4966,14,199,16,60625.0,50441.0,58676.0,55382.0,5260477.6,54212.25,55302.5,56760.0,0.2
4966,19,266,21,60625.0,46447.0,55227.0,51846.7,6897922.610000001,50369.0,51853.5,54016.25,0.7
4967,9,127,11,82069.0,54317.0,82069.0,72445.3,70508115.61,67141.0,76166.5,78386.5,0.6
4968,9,132,11,91394.0,54288.0,91394.0,66375.0,166367257.6,59565.0,62146.5,63717.25,0.8
4969,9,149,11,126111.0,53962.0,126111.0,84490.7,720692748.6099999,61194.75,77819.0,105323.25,0.5
4969,14,220,16,126111.0,53962.0,69477.0,62728.8,19339590.76,61194.75,62752.5,65904.75,0.8
4970,9,150,11,83097.0,49219.0,83097.0,67328.7,129474012.21,57307.0,70500.0,77451.0,0.3
4970,14,224,16,83097.0,49219.0,68292.0,59449.6,26892544.839999996,57301.0,60174.0,62320.5,0.4
4971,9,126,11,64199.0,52774.0,76693.0,65455.7,52925574.010000005,59871.5,65979.5,68967.25,0.4
4972,9,145,11,86018.0,38782.0,86018.0,59517.9,265696519.68999997,48258.25,52477.0,75086.25,0.5
4973,9,146,11,52832.0,48732.0,55377.0,52599.6,3696691.2399999998,52093.25,52832.0,53400.5,0.4
4975,9,149,11,73097.0,58288.0,73097.0,63122.5,13669430.45,61453.5,62193.0,63499.25,0.0
4975,14,222,16,73097.0,58288.0,62337.0,60781.4,1855018.0399999998,60315.25,61281.0,61554.5,0.0
4976,9,136,11,91616.0,45568.0,91616.0,60407.0,171871746.8,51337.5,57032.0,63418.75,0.6
4977,9,144,11,85136.0,48599.0,85136.0,72347.3,128963348.61000001,64191.0,75810.0,80056.0,0.3
4977,14,210,16,85136.0,48599.0,74393.0,63876.6,45408902.239999995,61564.25,63832.5,66122.75,0.7
4978,9,141,11,106103.0,59109.0,106103.0,80949.7,135885086.01,76457.25,81637.5,84820.5,0.6
4979,9,138,11,85178.0,59513.0,85178.0,70553.7,93077555.21000001,61196.0,69799.0,79252.5,0.4
4979,14,205,16,85178.0,55100.0,69855.0,64201.6,26006000.64,59903.5,64458.5,69601.5,0.6
4980,9,130,11,88450.0,74150.0,88450.0,82388.5,18521721.05,79958.5,82066.5,85484.0,0.0
4980,14,198,16,88450.0,58594.0,81826.0,76949.9,41836667.089999996,77787.5,78742.0,80591.5,0.1
4981,9,139,11,52441.0,46200.0,57013.0,52030.4,11771988.840000002,50723.5,52441.0,54273.25,0.4
4982,9,136,11,82917.0,48356.0,82917.0,57894.2,122214468.55999999,52450.5,53752.5,55538.0,0.3
4983,9,142,11,54268.0,42421.0,54268.0,47656.3,9021791.61,46246.25,47583.5,48734.75,0.2
4983,14,209,16,54268.0,40915.0,47964.0,45280.6,5278097.040000001,43629.25,45748.0,47239.25,0.5
4984,9,142,11,92215.0,84679.0,93763.0,91205.9,7081170.69,90231.5,92215.0,93121.25,0.1
4984,14,190,16,92215.0,59999.0,92215.0,81102.8,94838802.35999998,75358.0,82244.5,89698.75,0.6
4985,9,141,11,58809.0,58809.0,67101.0,62728.2,10869057.360000001,59419.0,62229.0,65961.25,0.4
4986,9,141,11,113218.0,73734.0,113218.0,84013.5,156148877.25,76445.75,78964.0,82561.25,0.0
4987,9,133,11,85970.0,75833.0,91198.0,85125.0,21081296.8,82472.75,86235.5,88379.25,0.2
4987,14,199,16,85970.0,75833.0,85970.0,81927.9,9532213.690000001,79934.0,82198.5,84144.0,0.2
4988,9,130,11,125529.0,67884.0,125529.0,86296.5,327764331.05,75853.25,77616.5,93188.5,0.1
4988,14,183,16,125529.0,66273.0,76458.0,71789.7,14442644.010000002,68065.75,72771.0,75392.0,0.5
4989,9,123,11,80932.0,61288.0,90336.0,79972.1,61064306.489999995,80249.5,81040.5,82208.0,0.2
4990,9,141,11,95402.0,66763.0,95402.0,81179.6,53210530.24,77330.75,80975.5,85004.0,0.1
4991,9,137,11,89768.0,62767.0,89768.0,79843.7,49320039.21,78311.5,79841.0,83433.75,0.3
4992,9,147,11,59319.0,51624.0,59319.0,56764.8,5660686.76,56273.5,57264.5,58579.25,0.4
4993,9,140,11,74451.0,52180.0,74451.0,59867.3,46580888.410000004,54906.5,57262.0,61452.5,0.4
4993,14,206,16,74451.0,52180.0,58846.0,55820.5,3607732.45,54621.5,55486.0,57383.5,0.6
4994,9,125,11,83780.0,44537.0,84481.0,63172.1,215249366.69,53592.25,56358.0,79462.5,0.2
4994,14,187,16,83780.0,44537.0,56355.0,50819.0,13024981.6,47793.5,51025.0,53626.75,0.4
4996,9,140,11,91380.0,53342.0,91380.0,79173.2,133477926.56000002,74308.25,84182.5,86229.75,0.2
4996,14,198,16,91380.0,47402.0,83108.0,66070.1,98748539.09,62020.25,66480.5,72632.0,0.6
4997,9,140,11,90495.0,63010.0,90495.0,77807.5,97261536.45,70366.0,74217.5,88733.5,0.3
4998,9,131,11,72442.0,64512.0,81715.0,71188.5,17642453.25,69302.0,71042.5,72272.75,0.5
4999,9,134,11,84648.0,64806.0,84648.0,70722.2,34600935.160000004,67083.0,68804.0,70161.25,0.2
