qid,nstep,ndis,ninserts,firstNN,closestNN,furthestNN,meanNN,varNN,p25NN,p50NN,p75NN,r
0,9,130,11,39.23606393963047,22.320507682046628,39.23606393963047,30.03514518391978,30.566963083571544,24.758769965974892,30.595178677869164,34.27599037214055,0.4
0,14,189,16,39.23606393963047,22.320507682046628,30.435985716708878,26.12176089021824,6.547693946496757,23.87558261334952,26.775509397147534,27.879934728931666,0.9
1,9,120,11,86.59751003362555,41.29905423889575,88.187836440461,70.38725335630296,205.38602925141578,63.519085403608685,70.97541026652308,83.6991016322343,0.1
1,14,165,16,86.59751003362555,32.81388710117214,69.62359181670658,47.92593342014711,180.37447724778525,38.432871904574,40.082845338410166,60.027978029625906,0.6
4,9,128,11,28.328859301411946,24.33636396658978,28.328859301411946,26.59028487923639,1.8350290999681316,25.888505523943532,26.425783450115333,27.804180377847995,0.6
5,9,97,11,41.623929961169914,22.14797353482303,41.623929961169914,28.859972365696347,24.595521429689505,26.415440380771496,27.81637052718638,29.096935582119922,0.8
6,9,96,11,30.864452735473957,27.543714471269453,30.864452735473957,29.215972785354904,0.8353906555769827,28.597939983295674,29.384398743616625,29.554483201724885,0.9
7,9,112,11,28.68319933955796,13.49596293842123,28.68319933955796,18.553325673616516,16.881810601815854,16.521737869573265,18.08902729097418,18.805278615752517,0.8
8,9,93,11,15.851933947740399,10.684598393126016,16.731949245212398,14.046046963197199,3.676130899161218,12.453629386051658,14.400007798120527,15.714629049526167,0.8
9,9,111,11,37.442539363145585,27.323830503583693,37.442539363145585,30.097776018989,7.521005885078237,28.253226739590477,29.909905302754265,30.351058797741977,0.8
11,9,130,11,17.877770586468127,13.257747553101115,17.877770586468127,15.57906232572112,1.632643767875668,14.955878764756415,15.828897043859602,16.258750907971578,0.8
12,9,104,11,27.105005047654107,14.206058913758278,27.105005047654107,19.019850573091027,15.476611961312756,16.157281761094804,17.853379164650214,21.3016184039819,0.8
13,9,115,11,20.105528865443368,12.63349486934339,20.105528865443368,14.582292950418093,3.9916594070322433,13.562225889856393,13.930457456851641,14.898696611700322,0.7
14,9,123,11,26.832341973433152,20.689135097717127,26.91424846819173,23.98847097285519,5.954022821476562,21.948719969910098,23.438654759830015,26.756671105409758,0.4
16,9,129,11,63.81324382979829,60.14471624059817,63.81324382979829,62.35179517441505,1.07104823266202,62.07216733984991,62.38258642426909,63.147661307001115,0.0
16,14,175,16,63.81324382979829,40.50019304472907,62.320095092390915,57.28322428810185,47.178875549059434,53.49741878061092,60.60193268571456,62.189718286123735,0.3
16,19,219,21,63.81324382979829,38.33021306752342,60.14471624059817,50.45179453578489,42.628517465875845,49.4412210352822,51.48656119735975,52.345427190428175,0.8
17,9,113,11,71.92358561562168,39.741407596017716,71.92358561562168,50.01127523984257,104.91469687547449,43.58511393538609,45.84884371737019,53.24686402287504,0.7
20,9,138,11,17.254194879135785,9.469988716528093,17.254194879135785,12.91144966664542,4.83041348246067,11.991830179710998,12.835040581000456,13.248816091010612,0.7
21,9,132,11,15.846213305675114,10.143114371748904,15.846213305675114,12.095712597091403,2.6902252743506696,11.166543769824603,11.419738704635858,12.514425449411458,0.6
24,9,117,11,21.275863706181493,15.201230327499918,21.275863706181493,16.81536362124712,2.7433296647147345,15.75614796295538,16.688781121596357,16.908151238688312,0.9
28,9,117,11,19.04901226630448,9.07798520977183,19.04901226630448,13.785799211032705,8.642343480366929,11.723652085111315,13.120007487912321,15.740691806784723,0.7
29,9,121,11,17.45636341902032,11.070634230176072,17.689857551260214,15.457013474022238,5.582891019062993,13.709976589744313,16.707912631217383,17.45636341902032,0.8
30,9,103,11,10.109542867783372,6.332549157241287,10.109542867783372,7.651574275308903,0.9381644166416592,7.05004629032123,7.543514322465256,7.850865312472662,0.9
32,9,116,11,6.003875218637719,2.6046135319130608,6.003875218637719,3.8660653123271134,0.841131000646182,3.2387466573563946,3.768435095042946,4.322948812077874,0.9
34,9,94,11,9.542622001331852,3.166136060467613,9.542622001331852,6.373021078413601,2.7480239165697413,5.378531378393008,6.733356195095226,6.995232480390245,0.9
35,9,107,11,24.52218442842645,20.3025919366508,31.957801870785136,27.232668261206527,12.991066266323434,24.698047588966062,26.68512204806533,30.635575635092735,0.9
36,9,141,11,21.682998977124818,18.706543940503742,22.579838721812262,21.44926899478625,1.2395126475219416,21.37077291675517,21.785744241822925,22.18646713192258,0.8
37,9,120,11,104.54382329479395,88.10303910154938,105.0831395524873,99.62676852096381,29.35063816936279,96.8092405593251,101.39934807095528,104.3055650840924,0.4
37,14,179,16,104.54382329479395,88.10303910154938,100.617333568604,95.99890825949086,14.773497093178571,93.85536520827706,97.15208952456477,99.08397701600329,0.6
38,9,122,11,33.57124295298357,21.943621899962217,33.57124295298357,26.526039852898254,14.293943556898526,24.42803972892743,25.7184550427844,26.51218069700849,0.3
39,9,113,11,23.336625563062245,17.980792822917053,23.336625563062245,20.824288577345165,3.0205878236955117,19.61354949966257,20.61291912368881,22.055994796926225,0.6
40,9,108,11,13.11088086999017,8.798693180790352,13.11088086999017,10.84336671482212,1.3031249678138426,10.18005418576329,10.834840526287213,11.506048318085607,0.9
42,9,124,11,83.91847944745194,64.53708735221517,83.91847944745194,71.33887144931049,36.3727177959093,67.24772971681008,69.56682232311547,74.5780639426136,0.5
42,14,169,16,83.91847944745194,64.53708735221517,72.0618240110104,68.10282982563585,7.083399224007218,65.98157790227151,67.9605325233599,70.3471800344378,0.7
43,9,122,11,67.60252308484624,28.735685819334897,67.60252308484624,52.624840080532934,114.64137584184577,47.49970435117699,52.11344127189791,61.497328897099514,0.8
45,9,105,11,16.015501584521772,8.682937133262811,16.015501584521772,11.10315551776551,3.4022450082043982,10.335409341217014,10.988796315745207,11.260980226657578,0.9
46,9,109,11,9.154679062325748,8.043475703648518,10.646013298137927,9.515514120038151,0.7222034111246612,9.154679062325748,9.472456708795203,10.266382160837233,0.8
48,9,116,11,12.851241675807202,8.985774223587404,13.064006197881415,11.830978811643405,1.6986092196062277,11.03879296389539,12.458139269458147,12.851241675807202,0.8
49,9,110,11,15.138700584217812,9.0682198573147,15.138700584217812,11.510563617358928,2.42912319272778,10.778865580905984,11.548304522253638,12.084267713690172,0.8
51,9,98,11,20.717247012485963,7.116832036723348,20.717247012485963,12.30820443500384,13.154161283428882,10.540984204165506,12.96100713282264,13.39238355085456,0.9
52,9,132,11,16.619778542477277,8.821930481859113,16.619778542477277,12.463889516838341,7.748484393648184,10.48406770592748,11.903444885553068,14.865973978351068,0.6
54,9,111,11,31.711788434512016,16.145636303950116,31.711788434512016,22.198877461164134,23.9228340075081,19.034198305696112,20.08242214399108,25.41592490669274,0.6
55,9,98,11,8.691365222493866,5.415348095751898,8.691365222493866,6.807505090746997,1.0271557599686656,6.0880972056969895,6.742045642478754,7.333860366215944,0.8
56,9,112,11,39.91869346880351,15.929411584193698,39.91869346880351,32.533988820311194,35.42590625454608,33.452461089924654,33.887089713342235,34.59563296015353,0.9
57,9,109,11,11.781407596577978,8.101946190303764,11.781407596577978,10.276669413164282,1.2871545507396158,9.645825145295591,10.191580392834567,11.337966567236508,0.9
61,9,105,11,16.36489098659696,10.01830108084054,16.36489098659696,12.522654863354134,4.687915699283485,10.783910435484149,12.32152296596794,13.03034662032759,0.8
62,9,118,11,13.23195662203909,8.194325402052584,13.23195662203909,9.833062611587938,2.028083456601706,8.83956936025967,9.483583295467387,10.37950762078764,0.9
65,9,119,11,20.682168720469107,15.822468468120755,20.760430701236913,19.685764163230143,2.0648337885896613,19.67852788231698,20.114325432408982,20.680696121127742,0.8
67,9,113,11,12.838293368296537,9.231480177412461,13.209226966804222,12.290723478560349,1.3092919651409491,12.573652080355172,12.740876648063393,12.870184419313613,0.6
69,9,122,11,48.229972037376655,24.042199206057553,48.229972037376655,29.624862772341192,50.31388412077367,25.303514186240506,26.81644008927963,30.91591321500586,0.7
70,9,102,11,26.795724889836123,13.415163723874391,26.795724889836123,17.90068294617279,20.906242315589814,15.720177096754707,16.310673042148732,16.898523392375267,0.8
71,9,143,11,17.606982391923164,13.460884550072748,17.606982391923164,14.912187830657889,1.5308694100651683,14.306916600428814,14.690119260391631,14.826436375496339,0.6
73,9,110,11,8.471080219409536,3.3497577754012076,8.471080219409536,6.664193610338832,2.215653771833222,5.785486222222404,7.136870202235073,7.842572057006946,0.9
74,9,110,11,28.42237530010968,19.341591799270994,28.42237530010968,24.256263070286558,10.27942585537112,21.10442524530172,25.68060774774672,26.713325899946362,0.7
75,9,118,11,21.722691857868476,14.017086024389474,21.722691857868476,16.862585627088315,4.9485589549603075,15.238481456331684,16.690442465011998,18.032665098838116,0.8
76,9,129,11,43.071574270732384,19.08788988685439,43.071574270732384,25.757501919575617,49.06877701187314,21.400777690066374,23.942745807240676,25.784768266739796,0.7
79,9,119,11,11.488735063128793,11.428189051750099,13.726704837218161,12.040901170803197,0.49913010379726835,11.491249470300662,11.771941506794782,12.204894440856279,0.8
80,9,69,11,27.85628584767755,17.282229956246816,29.745589767432907,25.884252288414245,14.466225451285386,24.421042175617846,27.21500203112826,28.795409671400456,0.5
81,9,122,11,20.13865546705447,12.104591139344215,20.13865546705447,17.704817498625072,6.18188154379476,16.32630988143657,18.378439953650716,19.81972811894753,0.6
82,9,132,11,16.43653973996813,8.983806058714377,16.43653973996813,12.461110360813725,7.857567359580736,10.102933493136518,11.898700581026107,15.418443098820479,0.4
82,14,187,16,16.43653973996813,8.983806058714377,11.69734721410325,10.30003382456855,0.6053979306831849,10.031687794934772,10.124190734477356,10.715947699306636,0.9
83,9,105,11,30.9080505643501,20.318862201997245,31.3615842416808,26.53134187112987,14.32567339831356,23.727612593868173,25.92563622340095,30.613733189897744,0.6
84,9,133,11,8.066282684510412,8.066282684510412,12.674202765031453,10.727766828416353,3.207562353023591,8.870435075373388,11.369112392241425,12.195644752264384,0.9
85,9,121,11,61.96630734015296,60.4650073211279,64.21199720294175,62.19048854660487,1.4402716394108224,61.57522658754502,61.96630734015296,62.818244733989324,0.3
86,9,135,11,96.45896392370322,39.51075805492278,96.45896392370322,75.42278350766132,368.81182889553423,60.002930710271876,85.56430025743198,89.91509594899284,0.0
86,14,192,16,96.45896392370322,33.42562152871854,85.55092810960994,47.88526014305898,267.55110376768124,36.55786632917798,38.43685527947544,55.912438497728985,0.4
86,19,241,21,96.45896392370322,23.53756258407713,37.60519827742778,34.973552053127534,16.157014946422017,35.01687846826137,36.69432555367193,37.19025821825673,0.6
87,9,94,11,27.463252982503516,22.567227949866208,31.769596826716807,27.984101874125905,5.791347200107499,27.463252982503516,28.246982333868534,29.516951778403666,0.9
88,9,103,11,12.79595582250731,8.149281127377403,12.79595582250731,9.961878056410276,1.6355271001384728,9.228516235477848,9.975209824407033,10.540334788148346,0.9
93,9,101,11,23.713064473819216,18.338977806777415,28.27918540407598,24.707720567109313,7.650747881327203,23.713064473819216,24.491672897924747,27.153072330641898,0.6
93,14,142,16,23.713064473819216,18.338977806777415,26.462468591513336,23.703886595496527,5.1301129640002925,23.226928408122678,23.932803193484045,25.44245348611236,0.9
94,9,87,11,63.060100846216,40.127013273691176,63.060100846216,49.452900280649644,66.17343873958512,42.32993526446132,47.62576003776285,56.72926649699113,0.7
95,9,92,11,9.171718751677684,3.713387177671014,9.171718751677684,6.873119595103011,2.0354919758136663,6.237820046586005,6.951141932438213,7.844705928396082,0.9
96,9,129,11,6.829065944735226,3.7219224083300535,6.829065944735226,5.153024485436838,0.6676553664888776,4.72291060348957,5.196340393737918,5.453164506465739,0.8
97,9,120,11,14.455994447507639,14.455994447507639,16.6818615834577,15.650213674718582,0.506011109907458,15.40106949171567,15.716417429061433,16.067274908625,0.8
99,9,127,11,19.04258445300837,11.290242704129168,19.04258445300837,14.448209801508876,3.6662258177976184,13.425017909528425,14.639931390755326,14.98636746755804,0.9
101,9,121,11,48.04887641555614,20.869866505224373,48.04887641555614,29.235839948611925,54.56671545720328,25.649351187294553,27.928982611488273,28.8353419207247,0.8
102,9,107,11,23.048658147165394,10.63986181625718,23.048658147165394,14.321697776133515,17.491444482610675,11.57189537129501,12.93244129190354,13.83437898215341,0.7
103,9,89,11,20.26560616022569,5.856040208116295,20.26560616022569,7.9721033067157,17.233341476764785,6.179427331454114,6.371226663051463,7.084833039263129,0.8
108,9,95,11,11.896317322906913,8.687766791444297,11.985236979757872,11.203385369121994,0.9913210411677126,10.694890805296048,11.74865876299424,11.90311093730487,0.7
110,9,103,11,57.72589011432453,31.035755682497335,57.72589011432453,40.97203399988738,109.63464694380657,32.77209144924558,36.44852796828607,50.35646688889191,0.7
111,9,123,11,22.381776789599297,22.381776789599297,24.686951888067675,23.459831463560455,0.6244016222573322,22.794356617966557,23.357217188910838,24.1759404948097,0.5
113,9,118,11,14.62514438210841,5.046643665749867,14.62514438210841,7.939315699478691,6.376146183378242,6.855847752770182,7.834456042754304,8.292964337694318,0.8
114,9,130,11,31.89036575292566,20.58380718106403,31.89036575292566,24.713605020002763,7.329182783592235,23.647736578214563,24.522415604601996,24.942773043555942,0.3
114,14,195,16,31.89036575292566,20.58380718106403,24.341884933391867,23.19941967617173,0.959425178548018,23.091062067519015,23.343684323194516,23.719535764449972,0.6
117,9,96,11,8.49179558057083,7.285736139395469,10.362906672536631,8.981813142410001,0.7367609685233731,8.544129222996919,8.833225697752896,9.456524458931236,0.9
119,9,114,11,22.629389213311846,11.986067122941925,22.629389213311846,16.433187534223258,11.806564208335823,13.885259796475662,15.657601157296295,17.097724345661156,0.8
120,9,98,11,50.43769403135388,29.229051149365894,50.43769403135388,44.273701790399606,34.269010503801034,42.42389571548769,45.43040444159486,48.20776318990033,0.8
121,9,135,11,14.493810727703021,7.982084266324247,14.493810727703021,11.705947536331815,2.9727287685338806,10.926821035290244,11.485237042518037,12.97413755075803,0.7
122,9,129,11,26.878755440963747,22.975825574506693,27.0450301052971,25.669478983145826,2.062623905415579,25.281900276491715,26.082930691089537,26.875402926863448,0.2
122,14,187,16,26.878755440963747,22.975825574506693,25.89665614079682,24.400565438764342,1.0072337647361156,23.474899219201745,24.58503760239917,25.139616569632818,0.2
123,9,120,11,30.542099115069707,16.968643638644153,30.542099115069707,22.100329631100756,10.799976406048518,20.872330387396254,21.432695718344913,22.106244372784165,0.5
124,9,129,11,19.85950066734311,10.208504549228433,19.85950066734311,14.496747700311564,5.126177378358454,13.751257454244122,14.509296732970345,14.962245644483502,0.9
125,9,139,11,33.96756661968683,16.347958152588994,33.96756661968683,21.481240993132474,21.89748541475168,18.492864211207564,20.699154285620217,21.78709311076932,0.6
126,9,104,11,37.688889035854075,29.022160947703938,37.688889035854075,33.18596579596675,4.615612119840254,32.69815107473953,33.418393406722394,33.81651343015103,0.7
127,9,111,11,27.352280125715126,7.443906243063123,27.352280125715126,14.754803660476949,27.908841941128845,11.606755143270743,12.939446547204666,16.824755907058684,0.5
127,14,162,16,27.352280125715126,7.443906243063123,13.480184725143868,12.087829371172244,2.9311844930690887,11.606755143270743,12.666228465522831,13.19447915896301,0.9
128,9,129,11,16.375379452247486,10.846213560495936,16.375379452247486,12.922881011049821,3.4475687695656148,11.778243597844623,12.044175871611614,13.888013054891205,0.7
129,9,103,11,19.295024729455072,7.759738478539597,19.295024729455072,11.71898337262225,8.361889757591017,10.33642831210356,11.272502700393765,11.765193992368477,0.8
130,9,88,11,18.342252888798704,10.809273516115248,18.342252888798704,13.806140651347846,3.7909612758944613,12.461602822250718,13.95398699479411,14.571622175116596,0.9
132,9,90,11,11.260499876444133,6.86722020915899,11.260499876444133,9.59926034723601,1.923627113214767,8.884790511168994,10.023260244005442,10.558366221085306,0.9
135,9,117,11,16.06499028213309,8.983144900140953,16.06499028213309,12.158169841621264,3.247839599465751,11.112006764317709,12.14359089153144,12.56212231335475,0.9
136,9,126,11,58.74285479002312,19.480461640231887,58.74285479002312,33.62670879744188,134.46744307065057,24.637228171211277,30.313748598267253,39.622334839348014,0.4
136,14,165,16,58.74285479002312,19.480461640231887,29.386651420139884,26.067877295335556,7.481094851661249,24.637228171211277,26.718216728777797,28.14645182843767,0.8
137,9,107,11,16.026374823269805,7.869265824500069,16.026374823269805,11.783906128710239,6.363745050352434,9.701249524345124,12.004113738950522,12.84267122820788,0.8
138,9,113,11,28.632234788554392,6.4530414243443355,28.632234788554392,19.370201447193143,47.28395736902243,14.129473963371662,20.293118769453883,25.38856295354308,0.4
138,14,154,16,28.632234788554392,6.4530414243443355,17.89513333137583,13.33132233109339,12.015184593563621,11.033206918478012,14.136894206530714,16.092311128145816,0.9
139,9,121,11,9.959984731809536,9.175425013155008,11.411395889929802,10.212132484856653,0.46965233232330156,9.884990632334844,10.030788267966443,10.675490514631857,0.6
141,9,134,11,18.85522543303938,9.544944488317515,18.85522543303938,14.809287593670565,5.901077049571527,13.410008085248565,15.084898524572424,16.394937058203634,0.8
143,9,107,11,41.63551131689774,21.037617218341428,41.63551131689774,28.160174980280715,47.91479772239319,24.990050954546607,25.318086465827452,26.8044839527772,0.8
144,9,123,11,26.962000428622922,21.53830150793121,26.962000428622922,25.60095609373038,2.1342732342642123,25.40848235905424,25.928836210807678,26.5089668342677,0.5
145,9,116,11,24.47078860403475,24.47078860403475,31.015333036146274,27.412074366131048,5.30698362817109,25.343818222016075,27.648466554963576,29.347766749771615,0.7
146,9,117,11,45.19818592426396,25.512341752267048,45.19818592426396,29.06559815906482,36.571564126332,25.9006807002135,26.320438741737192,27.41697095625268,0.8
147,9,126,11,39.908590277338575,29.86975911636404,39.908590277338575,35.3721426066901,8.946292625101925,34.56942058293837,36.07685611767634,37.10760985315883,0.6
148,9,121,11,10.537332190827959,6.975655601996511,10.537332190827959,9.521564207329321,1.340831274810766,9.741168877107619,9.868350986805918,10.243129668692049,1.0
149,9,118,11,16.131350123365088,2.8413226275088395,16.131350123365088,9.883622267314573,15.526272634310923,7.6594240382185275,9.32798982527483,11.929989235909746,0.7
150,9,115,11,15.25805564533907,10.962230750109162,15.737778979863043,14.17400018069876,3.2078790348389745,12.684322334471348,15.25805564533907,15.592207734410799,0.4
150,14,167,16,15.25805564533907,10.962230750109162,15.25805564533907,12.79879362453806,1.3660830838819962,12.271642622470637,12.598162927180935,13.39257312274775,0.9
151,9,105,11,22.571073113367632,12.750957619582849,22.571073113367632,16.55058548279092,6.770494476378727,14.79396015329171,16.717455091039444,17.581738206660372,0.4
151,14,161,16,22.571073113367632,12.750957619582849,17.211734090827676,15.384606117601203,1.9403043811216645,14.49043840659968,15.862799098481922,16.450138605761293,0.7
152,9,120,11,11.170780526827912,9.6334639371496,12.48099965371372,11.687063408287397,0.7068607245142478,11.206835922634252,12.062737476079317,12.316024288385329,0.9
153,9,104,11,10.660238450180945,7.365874516448741,15.153233526983968,12.681144092538172,6.204548297303714,10.86612073791676,13.141622128718296,15.067889189601654,0.9
155,9,110,11,26.361076320635636,18.106635845495312,26.361076320635636,21.862397483243882,9.466155161872456,19.400849646785097,20.930934240118113,25.025540156288812,0.7
156,9,118,11,21.097777469760338,16.718738500570073,21.097777469760338,19.54579430301268,1.6010961189572908,18.979142166182548,19.611872090664974,20.431572016996007,0.9
158,9,111,11,20.549019931494204,13.237278324722187,20.549019931494204,15.922477774559336,3.887766694426825,15.016970664567921,15.838370157209653,16.390876905067337,0.8
159,9,131,11,19.132934576205596,8.814148636754368,19.132934576205596,13.28604762201887,6.570136884422155,12.161642253667438,13.742238259825715,14.024641476409577,0.8
160,9,116,11,45.190065745436485,34.23437208861649,47.55444832828563,44.10032831784472,13.556008384443746,44.71632152777589,45.190065745436485,45.860601121081395,0.8
161,9,85,11,8.020223072006731,2.7313032918157956,8.020223072006731,4.65094038215687,1.8198935930044797,3.824640411800941,4.776878082775425,4.97482885267584,0.9
162,9,125,11,42.421607867191476,12.999369375697306,43.24426072763495,36.57363081919601,85.43545621796095,34.118466660107885,41.21253451550475,42.421607867191476,0.4
162,14,175,16,42.421607867191476,12.999369375697306,40.46416084385064,34.75430900006061,66.86801142842423,33.86093512037152,38.79290323246065,39.42529880849462,0.6
164,9,119,11,13.97359506803745,10.744544568190557,13.97359506803745,12.478836006373928,0.9141319357608939,12.122749082577926,12.70085371410065,12.850161776596263,0.8
165,9,145,11,85.30219269924905,71.2199932435737,85.30219269924905,76.96899586883907,15.115172355845473,74.34437606350777,76.31248813489823,78.66850915227215,0.0
165,14,210,16,85.30219269924905,39.235048113449324,76.31244941159076,64.50602732909644,204.19369579784865,53.88564384303021,72.37483359701545,74.31471848925237,0.3
165,19,254,21,85.30219269924905,39.235048113449324,71.39175766184027,51.04175019191231,119.13244431844555,42.408800681042706,49.113379034756676,51.8503731320856,0.8
167,9,117,11,22.807228771104278,22.807228771104278,27.051703994564907,25.399630057756806,2.892701426341669,23.86685962514157,26.43847802858274,26.796428982019805,0.3
167,14,171,16,22.807228771104278,18.34600541810488,26.31131159351817,23.288595716314276,5.5915265741857105,22.79177294160235,23.292349864918204,25.163237623621942,0.6
168,9,120,11,22.812057695487542,16.272295915076644,22.812057695487542,19.59211610862322,3.557358054614544,18.126136869111644,20.11761712090791,20.69420679139142,0.8
169,9,131,11,17.814072417074733,14.107882374657969,19.94289960277177,16.985940115376167,2.873072485978161,15.85977424585964,17.339739396371908,17.814072417074733,0.8
171,9,84,11,12.825435942381793,7.531349080550406,12.825435942381793,10.596433531502473,1.67008837450977,10.172037642462293,10.683683224459905,11.251972011439571,0.9
172,9,135,11,83.4446924682293,36.03913858308027,83.4446924682293,65.61908165336067,285.31754816417384,53.01486849550424,67.44509935944038,81.86939450288388,0.1
172,14,183,16,83.4446924682293,33.908512751721915,57.15724798041283,44.223902416154516,61.523721450111665,39.54004337970978,40.320331638033245,50.97444546415646,0.6
173,9,106,11,7.020976484631453,6.26709706563056,7.454778634734939,7.003429318891205,0.1200218065074072,6.7726795804426505,7.020976484631453,7.256547353505797,0.9
174,9,120,11,15.183037504852702,10.435416482100447,15.183037504852702,12.59759897910821,2.2973013288493225,11.372402556775224,12.772686843870794,13.21343644613607,0.8
175,9,130,11,19.558816247441214,14.056547801146003,19.558816247441214,16.195640601358225,1.8304364374049018,15.643306788043397,16.03196506203261,16.60190761306137,0.5
176,9,135,11,16.262791479916782,10.092164589274333,16.262791479916782,12.861485874486931,3.3930115426270264,11.945113651309311,12.422307204918834,12.734068065469128,0.7
177,9,129,11,16.375870835418795,14.9952789849476,18.01490248877704,16.35870693192586,0.7078313112620991,15.894509870972986,16.391272816874384,16.627132278565625,0.8
179,9,128,11,11.026697866853482,6.534240931890452,11.625067713629912,10.67680781188698,2.281794666753659,11.008162689321463,11.226444115721437,11.551519074047098,0.6
180,9,115,11,20.149927864166017,12.244321726663149,20.149927864166017,13.873945800617182,4.830004048839714,12.607362827974026,13.150219541703843,14.087047638052542,0.3
180,14,163,16,20.149927864166017,11.591895657815304,13.041538293400773,12.264144865315213,0.2311605736451099,11.859354448158138,12.322507067010816,12.463006797358908,0.8
181,9,101,11,50.62612957646374,14.975394309087774,50.62612957646374,36.35740922556534,117.02586296120107,28.722164669538067,41.01729406039428,44.07531002731709,0.9
182,9,132,11,38.21874808960561,23.828113334480662,38.21874808960561,31.761579031991594,26.232905857779407,28.306060264383287,31.310212563151214,36.8535845239246,0.2
182,14,181,16,38.21874808960561,23.828113334480662,30.82268460646348,27.79473852419822,3.916197822979343,27.16292681156624,28.285414396646644,28.93919797495638,0.3
184,9,116,11,20.181838369020415,13.227097894681531,20.181838369020415,15.066101334185385,3.7195630189482167,13.953234118269739,14.648235922894102,14.94110780320565,0.8
185,9,122,11,17.6818766822483,9.65284130841215,17.6818766822483,12.69420396489403,3.888463585981132,11.864559967134342,12.48515186930087,13.120261732636207,0.9
186,9,135,11,22.514987444608927,14.405075548111462,22.514987444608927,16.295616249192165,4.840646078857974,14.96635617030017,15.923337903255971,16.442526629522362,0.7
187,9,117,11,17.365828744803036,8.411826057297507,17.365828744803036,11.92607308724566,5.6758616479169195,10.771588179144791,11.624875043380237,12.299388604695107,0.8
188,9,114,11,18.559031105244642,10.295594047966514,19.204921256705873,13.986014535819525,11.202951744370138,11.47857362901512,12.578846538316059,17.571741541136074,0.7
189,9,127,11,53.96404671210575,44.086891362965744,53.96404671210575,49.56286250404439,7.220521616855097,48.902201498815266,49.70227809886709,51.4585602471955,0.2
189,14,175,16,53.96404671210575,42.0790483563261,49.25653424021371,46.57758752089366,4.699743957571887,45.48476145516381,46.98951370607507,48.44185149560641,0.6
190,9,131,11,20.907574101823812,15.075862734432185,20.907574101823812,16.975738374050916,3.0996233283755243,16.037554451251168,16.26858108920854,17.457243208463172,0.8
191,9,121,11,20.017270397556167,6.63421759679758,20.017270397556167,13.551523127653173,10.353583734154544,12.299523019490394,13.886489726705268,14.431476227701967,0.8
192,9,91,11,4.931241839478185,2.0768165758878716,4.931241839478185,3.7186758593777136,0.6698446284204888,3.348258245409217,3.855670862250305,4.187104987410432,0.9
193,9,103,11,41.09262671556965,23.6055063109449,41.09262671556965,29.887177919623014,20.14485784331811,28.844417614149652,29.472657510560644,30.94619453669774,0.8
194,9,118,11,30.85697979754724,28.123246191981274,30.85697979754724,29.753974522849905,0.9817995955857329,28.879374817333815,29.85451106368074,30.732988837586518,0.3
194,14,177,16,30.85697979754724,28.123246191981274,30.096103142240736,29.300802669875527,0.5152038229028679,28.598540500891495,29.65345782262,29.90465346360429,0.4
196,9,122,11,40.74277599315839,30.398262465764812,40.74277599315839,34.39393021109923,7.755259326704611,32.96909281276775,33.8723032060701,35.80195328277932,0.5
197,9,112,11,10.103929511303846,3.203337303726333,10.103929511303846,5.58588554855748,4.528783376183028,4.017527967408187,5.251003491643408,5.930726777780605,0.7
199,9,127,11,14.05068845992789,10.594663606116935,14.05068845992789,12.308183069852051,0.8744746712549141,11.804725105844625,12.250903520069368,12.895763239755354,0.8
201,9,116,11,14.43833974083524,10.926659473075329,14.43833974083524,12.206056674854972,0.9099857662947113,11.656897890865219,11.898416604059134,12.609996700672607,0.9
203,9,121,11,38.93313488638968,35.347729111054136,40.155972532261714,38.098909589652386,1.7409835254766821,37.22170853405626,38.42422285158558,38.93313488638968,0.1
203,14,189,16,38.93313488638968,35.347729111054136,38.40535305503124,37.20070587160913,0.6967013636222846,37.012838693803154,37.3414164401358,37.66951321934873,0.2
203,19,239,21,38.93313488638968,30.377194521211727,37.295103501214236,34.96784450112244,5.940262463833248,34.733146354251446,35.72965142247038,36.77264265470282,0.7
204,9,119,11,61.27398783990982,19.874648326765918,61.27398783990982,36.846167263998424,229.3133836156071,22.184029078596446,33.26512156227213,50.514502945554504,0.4
204,14,161,16,61.27398783990982,19.874648326765918,29.236294184320897,23.99118821933763,7.393500448145964,22.153429414193273,23.717847204925107,25.2722955027144,0.9
206,9,110,11,17.023990959022115,5.677247092881365,17.023990959022115,8.693274784241018,15.541193253470775,6.039972891226279,7.191925846815514,8.045578413555884,0.8
209,9,108,11,16.360015089366364,10.910003944609612,16.360015089366364,13.27076505558865,2.4156744753212602,12.044090851466429,13.565705395443157,14.204844078514533,0.9
210,9,95,11,30.82885190256591,26.18723736448593,33.22373038881608,29.418268266781535,4.3824859377620164,27.525622268373148,29.904815079795764,30.769797751079942,0.8
211,9,132,11,30.888936322071395,29.72287697660458,35.71100536661715,33.3826866035766,4.603296880904094,31.22396521441266,34.2961185517224,35.26379987117131,0.3
211,14,187,16,30.888936322071395,20.182069451955986,34.74605294329226,30.078872525821794,16.15793115395815,29.95352673209357,30.888936322071395,32.21868285015095,0.7
212,9,127,11,31.484630763457226,21.120323984837515,31.484630763457226,25.6542466800778,6.58509419997209,24.31972827789874,25.85028983639375,26.538359793670992,0.9
213,9,101,11,5.905728827309222,3.9210768014084385,5.905728827309222,4.7556603355181055,0.30582927704522667,4.308635296570622,4.912749199138055,4.9588775914559715,0.9
214,9,87,11,24.965951694747826,12.758907490046983,24.965951694747826,16.34987756824049,11.273397738221565,14.434463778255248,15.234378893048667,17.234159947867912,0.9
215,9,122,11,9.057639512658302,8.727781409724997,11.694332896989247,10.125216474928882,0.8717462391887519,9.325459564242571,10.21132645996564,10.339826913177165,0.9
216,9,112,11,43.186284024147504,31.867898464082174,43.186284024147504,39.11848565924904,8.083380547732201,38.07517721506686,39.90745310156452,40.50802558086677,0.3
217,9,106,11,31.017747536047338,12.252595030770772,31.017747536047338,17.400115253089417,42.9179087658121,12.70460572498974,14.111211069554752,22.219711169000856,0.6
218,9,95,11,27.915832794149495,16.305159737201883,27.915832794149495,23.344221683610268,15.254571924985987,20.388758450303595,25.268958293824113,25.78587500728294,0.9
219,9,113,11,39.019562538595494,32.61473360935106,44.49096642743747,40.04147568450234,11.531833200377786,38.93494840239178,40.25159620103034,42.70411111345839,0.8
221,9,107,11,30.714388000870976,8.116447827642116,30.714388000870976,16.24095574915529,49.356343711833546,10.458570248451572,14.905506235449359,18.025933111411714,0.8
223,9,125,11,29.709450104638293,16.947173885209033,29.709450104638293,19.254542057769413,12.934306029670722,17.446332191152226,18.132372153582132,19.231684089750324,0.7
224,9,112,11,11.875847325635348,10.056178180417497,11.875847325635348,11.050683329237406,0.404585467400556,10.555997426442195,11.177123893868032,11.58109552769967,1.0
226,9,134,11,49.18985272213042,44.63585034877279,50.61888776808986,48.01651608245237,5.662713572891812,45.352947131916736,49.18985272213042,50.10724963113009,0.0
226,14,201,16,49.18985272213042,44.55405086533099,49.18985272213042,46.26128647006344,2.118512611181937,44.83320853389815,46.42759947387701,47.25436973142089,0.0
226,19,269,21,49.18985272213042,31.060117109240224,46.57659581859839,42.451737649917035,28.16390059058108,42.35657637019855,44.70526953810923,46.041305489238994,0.2
226,24,325,26,49.18985272213042,21.957940632924668,44.63585034877279,34.01040238290912,48.33527407565644,30.228409615435318,31.602177611451793,39.575069118103706,0.7
227,9,128,11,20.043014461594662,12.794555753677102,20.043014461594662,15.245102709270029,3.631300063916746,14.243448594319997,14.801722444827266,15.503517952823767,0.8
228,9,107,11,21.77768582565154,17.42449829577742,21.77768582565154,18.962157887332125,1.6924356057428611,17.9229645755196,18.573464383979548,19.553045168360384,0.9
229,9,128,11,19.549435104269882,12.033710873692591,19.549435104269882,15.540686535668067,5.863629108223469,13.029554681260583,16.29299573994127,16.905056650043655,0.6
230,9,117,11,31.563306744933005,18.47400239519881,31.563306744933005,23.003567849656168,18.7009031774951,19.83101884985317,21.563206420009692,24.864532852723723,0.7
231,9,111,11,32.65976169477016,15.820269200385543,32.65976169477016,19.301687029716923,22.245426602394613,16.383794462629602,17.879746258982138,19.892437764618492,0.9
233,9,128,11,17.630834959892216,13.714771591838906,17.630834959892216,16.044192873062006,2.2063346610790173,14.508647384841144,16.55118886405174,17.302868740443056,0.5
233,14,171,16,17.630834959892216,11.777639873285423,16.416609438318652,14.472981746422672,1.6781363070109006,13.814060303077804,14.28731323891875,15.419170426743213,0.9
235,9,104,11,18.93148860349638,7.5823763422946575,18.93148860349638,11.841895067678227,21.61682641116183,8.35748195423818,8.594594679775494,16.73510629981967,0.6
236,9,91,11,42.54102419559833,18.397109229414163,42.54102419559833,29.9370725087047,67.36165673104495,20.99590939399976,33.04738997969197,36.315748649001975,0.9
238,9,126,11,23.43460310384303,10.547851359037363,23.43460310384303,17.82895574479003,9.020496390407624,17.091177139445872,18.19495657738601,18.62846655140007,0.8
239,9,139,11,40.61568751371311,21.118447405052244,40.61568751371311,28.316855737267247,38.414535450789856,23.50146154814881,27.06184596434563,32.004583359114264,0.5
239,14,192,16,40.61568751371311,21.118447405052244,26.115525391605292,24.22741773462969,2.933765053560194,23.50146154814881,24.760169771653516,25.614218083969888,0.9
240,9,128,11,17.680384919066125,14.422191624561968,17.926920289767835,16.40964419114102,1.5487504985055536,15.364190873346342,16.81730116592305,17.541507520717907,0.9
242,9,117,11,25.619623534135812,16.16616667894452,25.619623534135812,21.488967276751932,6.3683920509309075,20.638242862453517,21.858423680868853,23.07636654708226,0.9
243,9,143,11,35.000847373264406,29.86194641050703,35.000847373264406,32.29037418231851,3.622985553175949,30.79382657322805,31.864130405075194,34.20879417493505,0.0
243,14,204,16,35.000847373264406,24.35343415531888,31.2223157231343,28.653426766452196,5.251578237570817,26.950662515859243,29.58119314085568,30.635664333496187,0.5
243,19,242,21,35.000847373264406,24.35343415531888,29.82620648863466,27.588882338625503,2.8256253556142203,26.48093134039163,27.746783257670366,29.1144646896678,0.9
244,9,91,11,35.56089264226111,9.215978264805877,35.56089264226111,28.867705051955447,50.46442081107279,28.14044644563141,30.916670675993714,31.943314699105926,0.9
245,9,103,11,5.804629147879854,3.915663246662077,5.892103138152885,5.290614425566914,0.33949419202229925,5.052018455473714,5.4478508082367405,5.773241197796141,0.9
246,9,128,11,20.352941773864742,9.509819464253134,20.352941773864742,12.316375400305901,8.94440129553485,10.728977398795667,10.837232001253213,13.090872898765287,0.7
248,9,105,11,17.001153434068627,5.679061888464059,17.001153434068627,8.615500203585949,9.415386771589915,6.554867435555569,8.600938087702506,8.70990774804456,0.9
249,9,121,11,13.048073890017971,9.569950254441988,13.048073890017971,11.638154627318563,1.2566822299616132,11.456151597452417,11.935132746395313,12.279961326254632,0.9
250,9,102,11,14.121999907022385,8.31284927772656,14.121999907022385,10.892321898606783,1.9610826782323276,10.354187234298193,10.857909021650542,11.032860827994643,0.8
251,9,124,11,51.547928853832744,43.820439232215506,51.547928853832744,48.03514006582674,4.298803019967367,47.48313076672926,48.48922874417423,49.151862214644105,0.9
252,9,111,11,25.248289423917775,14.591910634135157,25.248289423917775,17.473230368521616,7.741163407397292,16.337554949558047,16.72861210858361,17.78767793280769,0.6
253,9,114,11,36.41888608120895,35.45258115658905,39.50476090882605,37.25238574491958,2.2692086954159896,36.1706087163127,36.41888608120895,38.798840280137256,0.7
254,9,103,11,18.833956429438416,5.8630217254581405,18.833956429438416,10.715507834831717,15.386675793940736,8.653106521519437,9.662675727431374,12.788519881070801,0.7
255,9,129,11,82.20616873156638,20.978239437291812,82.20616873156638,47.702507505833616,619.5919970600343,27.679269176460757,36.00992771148245,75.66976705927604,0.5
255,14,172,16,82.20616873156638,20.978239437291812,35.696840800343445,29.486922378433555,24.315945053817277,27.679269176460757,29.726298329450824,34.052815008058744,1.0
256,9,93,11,7.369519335741684,4.75961548844564,9.736162796849666,7.94157624552348,2.832481925570275,6.6305806102794715,8.332126040556588,9.41282561057152,0.9
257,9,115,11,12.130550005346954,6.682737473733475,12.130550005346954,9.371634082006914,1.9735662341907119,8.973756280112486,9.671764896630389,9.869323549395538,0.9
258,9,132,11,17.696286899186028,12.591265534973207,17.696286899186028,14.648886427874931,1.748075346253724,14.299481427773541,14.606690373386144,15.055117877255928,0.9
259,9,116,11,5.619822977149063,3.1083735755456443,5.619822977149063,3.7624389536295246,0.512271686546738,3.2651055538049087,3.5576777258822214,3.8454016555705013,0.9
260,9,110,11,20.03950840449231,17.89310304983271,20.03950840449231,18.71131600606688,0.5498378835127983,18.08983883756867,18.653103017777312,18.80857776577374,0.2
261,9,119,11,26.78047054102376,13.907066803256402,26.78047054102376,17.247949900827226,14.761124896237433,14.391757468127006,16.36857414796509,17.205429208439984,0.8
262,9,129,11,18.202337435000594,15.69994627984162,18.202337435000594,17.159744830812215,0.717832775603801,16.739561867753597,17.379692494527482,17.778635562882133,0.9
263,9,118,11,10.969165508665379,8.9656749161917,10.969165508665379,10.072529100368984,0.44552210321650393,9.560857372988695,10.132825969399882,10.671257390972446,0.8
265,9,107,11,90.62302297779712,18.058823931410785,90.62302297779712,39.40876908602486,627.7165549227643,23.87455977803971,24.558100835580177,49.728219634153774,0.6
266,9,101,11,40.363338697100374,29.104268879185447,40.363338697100374,34.4466389243889,9.452302521790935,32.249524838291315,34.01178136475701,36.59940544134461,0.8
267,9,128,11,30.106589921163817,21.088104949574344,30.106589921163817,24.76226708292857,5.821570320631993,22.89039218406142,24.97798564339928,25.84433717302972,0.9
268,9,126,11,22.655410461360496,19.16493739775087,24.272880658257577,22.823659597825916,2.254341669729363,22.655410461360496,23.27757119628642,23.788328553623913,0.5
271,9,119,11,10.14016123836448,6.475140137027131,10.14016123836448,8.297659197249558,1.0753871439989122,7.726666655651882,8.692210487570788,8.825724577014165,0.6
272,9,87,11,28.34858980597395,10.741745438980859,28.34858980597395,17.51862516944004,29.880913824940357,12.497973537372296,17.745990143630337,21.276328148779896,0.9
273,9,119,11,23.871156911583817,17.495363277517104,23.871156911583817,19.789454750564772,3.661951776045002,18.475724557867274,19.40399064362626,20.503464105393746,0.6
275,9,137,11,24.785544808110078,15.963814550121647,24.785544808110078,20.18204141864116,5.223335895580421,19.80636739857879,20.4762251476265,20.97977769921332,0.4
278,9,128,11,18.60190751737345,14.588481849085007,18.60190751737345,16.162424203259526,1.1275021230199174,15.51790906078655,16.020238893972966,16.66559461626303,0.7
280,9,130,11,38.2116272639055,19.90932721723817,38.2116272639055,28.421655131081405,48.53860497702803,23.053898497396574,25.215378965684053,36.08921255756052,0.5
280,14,177,16,38.2116272639055,19.90932721723817,25.311141338185415,23.52298808565344,3.2105204554747018,22.408731150584284,24.101491823491763,25.107847052902784,0.7
281,9,116,11,49.07200539074816,13.033356774122261,49.07200539074816,29.379503003002963,108.8196008655353,24.16677139619963,26.677025578483256,34.415529847023095,0.4
281,14,156,16,49.07200539074816,13.033356774122261,25.612304449736065,22.151153497615994,12.673612888919578,22.429812289139836,22.951550209877396,24.544326365945984,0.8
282,9,93,11,8.446766871695175,4.917692903463054,8.446766871695175,6.960364473702258,1.4933403143103459,6.1095232439988285,6.428919719723999,8.334940304235632,0.9
286,9,138,11,59.44995146103001,46.029313434023656,59.44995146103001,52.7415410985498,21.98163240683547,48.561308687823924,53.38150113443551,56.22458461047379,0.5
286,14,179,16,59.44995146103001,46.029313434023656,54.22569966364664,49.98896269533627,7.88327418881462,47.728213796912875,50.60250038294499,51.66681042277216,0.8
287,9,101,11,66.88444440631042,21.895593668889035,66.88444440631042,42.68248226731871,150.84923954423545,37.846966796854176,39.9685043289345,42.53757057343745,0.8
289,9,120,11,16.582037887251666,11.611257350829337,16.582037887251666,14.108301618716542,1.4062369074068806,13.834771470990466,14.244982903081441,14.449850120389787,0.9
290,9,96,11,37.165659437662576,27.43640132991976,37.165659437662576,33.85384540249704,8.03705426128557,32.38324860367318,34.582176174259565,36.16403672876649,0.7
291,9,104,11,20.99786304855575,9.073971735645127,20.99786304855575,13.283712632718272,9.306548954184407,11.869392644062577,12.660923014677078,13.002114587667958,0.8
294,9,144,11,15.565014092178554,13.38091572303059,16.520815750263715,15.571368611331811,0.7118236801869469,15.330677286446427,15.678785727119152,16.102557422475563,0.6
295,9,114,11,13.40010806837887,6.576916584707531,13.40010806837887,10.0245382419358,4.862813240175636,8.5071931640786,10.022852920061716,11.836947402948912,0.9
298,9,136,11,36.26376180494111,31.299470806511415,36.26376180494111,34.17984164933116,1.5434811593085853,34.03445378758252,34.36702203504353,34.6767182438342,0.7
299,9,144,11,15.666405568112179,14.809458675460693,16.266606156907887,15.469646250067587,0.2963523206400479,14.933207219583737,15.510258192423313,15.885033492966855,0.7
300,9,123,11,20.746836069188454,15.758647098402829,20.746836069188454,18.93663405479078,2.322894516401766,18.164548885986036,19.13294165381471,20.268773940500957,0.8
301,9,119,11,30.773596156801023,21.66914346401306,30.773596156801023,24.600537855399637,5.1826325431492695,23.57967807392053,24.181216028183275,24.881331322061666,0.9
302,9,103,11,31.83644766217787,26.761507264171208,34.24550610898813,32.55340744387397,4.548510852722805,31.938743012810193,33.2835681688248,33.942553154480656,0.6
303,9,117,11,10.413502561102472,5.214209713352583,10.413502561102472,9.43961403232544,2.114955705917672,9.565340356442572,9.94013085390887,10.109388793653503,0.9
304,9,114,11,27.80422957756499,5.1223835005432345,28.14766709502897,22.267832666663583,60.11414785231941,17.43644361528385,26.4817690529771,27.67148832031007,0.9
305,9,106,11,39.29799290281436,34.853640792444324,40.87372583659918,38.39889586779575,2.8251804850484485,37.52798153685955,39.05261852004685,39.29799290281436,0.8
306,9,106,11,18.72306061958514,11.515093930188598,18.72306061958514,15.29331025344295,6.144716000597066,12.913010362214049,15.301138251039006,17.609423351553424,0.9
307,9,108,11,21.475864217798968,16.778101524609873,21.475864217798968,19.76888511106598,1.6870540245960535,19.544395233913495,19.767336542893762,20.448116737636106,0.5
309,9,105,11,32.44004637340578,21.341899723173235,32.44004637340578,26.743909634371107,11.178178602032858,24.34815491638556,26.516993811593906,28.06650169114108,0.8
310,9,121,11,24.670035201267453,17.30025360708023,24.670035201267453,21.241133502423814,5.23650534313253,19.390404004174023,21.29845410656708,22.675505512139303,0.7
312,9,108,11,21.668712048486846,9.041015214555696,21.668712048486846,11.691209537699034,12.275990969898182,9.62485591549027,10.91106503739487,11.661318474382693,0.8
313,9,110,11,15.599307899276788,7.172794663887801,15.599307899276788,11.973173287639865,4.773242972750976,11.020784282137623,12.281768407110373,13.256358680035845,0.9
314,9,104,11,10.701576726555983,6.565628849901076,11.579238921962064,9.879672690948635,1.5922449925653523,9.921345756509357,10.0563247123196,10.565471301425113,0.8
317,9,112,11,13.60818116387128,12.617931612841648,15.799353913274565,14.3508449171926,1.0153046867574158,13.60818116387128,14.567550754947316,15.176754889093463,0.8
318,9,129,11,29.39041970429676,17.181776762430207,29.39041970429676,23.4872378290912,10.36214430346511,21.609719892620053,23.704314340633168,25.03234206585687,0.8
319,9,105,11,24.826405280573088,19.30446776168857,26.066666987341137,23.67544643981865,4.102653346120731,22.267800727348735,24.42348323160622,25.066174698863136,0.7
320,9,119,11,18.263007367006924,14.523737556679496,18.263007367006924,16.994501347511708,1.5168401873589386,16.446217618847953,17.329266403454376,18.02169637077501,1.0
321,9,123,11,23.341376100103457,9.860438118512192,23.341376100103457,17.086889523636877,12.465490786240036,15.186024515632418,17.600007496079847,18.426097502863822,0.5
323,9,100,11,53.50785157301734,14.638923503855768,53.50785157301734,32.34011876201906,192.44083841016976,21.9005230296183,28.704851996379396,46.305898565809066,0.5
323,14,135,16,53.50785157301734,14.638923503855768,29.69317976373053,23.909047080764722,21.267412757043857,21.9005230296183,25.345289667989316,27.16271448332602,0.9
324,9,114,11,13.212180443203877,12.099285313927794,14.173918196276523,13.330254930017304,0.3364765472903986,13.046713200070563,13.312272628222257,13.74916610502518,0.9
325,9,112,11,25.6915970391473,14.89122717471906,25.6915970391473,18.604216293609433,10.195308143228624,15.98910902822767,18.647267419847182,19.32318011087578,0.8
326,9,100,11,10.468512345923095,2.961337950124342,10.468512345923095,5.735521737475492,3.550890534706744,4.958404473613774,5.6031678942006655,6.088838960862746,0.8
329,9,131,11,22.716771315733286,8.40913545875327,22.716771315733286,13.387037987063929,21.20771821536161,11.040881193697118,11.864898646929227,12.466221261681104,0.8
330,9,102,11,31.904928451921066,5.4370626485856945,31.904928451921066,15.318256108275705,52.72419857951489,11.754225385088802,15.016586237929705,16.969431377459365,0.8
331,9,120,11,12.806213210707984,10.581899433854819,14.32181480457896,13.015371106675136,0.9783066830656969,12.774079333836644,12.958838922268395,13.429084956143207,0.9
332,9,121,11,66.83724951312806,30.258731843967652,66.83724951312806,44.26581694758625,89.79941775117398,40.94836234896371,42.58022326725617,44.93731725669895,0.7
333,9,118,11,18.812288028982387,13.693442056043452,18.812288028982387,16.46962336192525,2.2545791526301846,15.72969699011362,16.34140782228712,17.745383824845007,0.9
334,9,117,11,78.31263613251946,27.179454560805485,78.31263613251946,48.3921533989559,230.72090554578548,38.36817058659352,43.756986611141116,55.99211986532725,0.1
334,14,173,16,78.31263613251946,24.302545675173228,42.57476437620262,32.132383335125084,40.61351968605273,27.184983186366598,31.404974807175506,36.22407578431637,0.4
334,19,225,21,78.31263613251946,24.302545675173228,30.917801243514187,27.468949335605213,3.917910986024687,26.692603427651004,27.488697064370214,28.483130011100666,0.7
335,9,125,11,25.189343745991685,10.959370236037092,25.189343745991685,16.31353718538862,17.952835353641966,13.18743634833524,15.326044589120313,18.90864377597463,0.7
336,9,122,11,24.38696007685065,15.675771819717756,24.38696007685065,19.371226037530832,5.160929449954622,17.777175080856697,19.82654457928041,20.023926885252813,0.8
337,9,131,11,32.519647193391066,21.4477668207923,32.519647193391066,29.044579263465742,8.926184453647746,28.57912445213344,29.548928229724538,31.10343068455474,0.7
338,9,134,11,18.300900574117335,15.046444430545733,18.300900574117335,17.151499416530317,0.9756348324266891,16.464902761743133,17.400869585132952,17.86731317628748,0.8
339,9,108,11,19.38499029696559,12.030326689571844,19.38499029696559,13.722844943967647,4.603693833070872,12.31427901948098,12.735739969389943,14.597055089547927,0.7
340,9,92,11,22.501192587554,4.689042591960366,22.501192587554,9.027794039039446,25.461011722407257,6.2201691063745255,7.096101605072723,8.910030758480605,0.8
341,9,124,11,19.494041247633973,7.381207004305285,19.494041247633973,11.284536836658873,13.673940469153269,9.148216139769403,9.704621412344231,11.177354879351613,0.8
342,9,115,11,14.259839231504317,6.062284123998175,14.259839231504317,10.6637883740788,5.09622933981221,9.679969823833138,10.278847141805844,11.595187184696993,0.7
343,9,109,11,8.696532022275921,3.345190100508801,8.696532022275921,6.194294435905701,2.470598575160214,5.395501678576398,5.791779904086347,7.099115598975807,0.7
343,14,159,16,8.696532022275921,3.345190100508801,6.563429466594217,5.631301753352093,0.789109906716827,5.395501678576398,5.791779904086347,6.198235423391096,1.0
344,9,115,11,40.01730186088506,31.259208548016904,40.01730186088506,36.46729955635269,7.6522308590154795,36.52285728727409,37.36707510416911,37.84969325017505,0.9
345,9,87,11,64.6183013818221,20.39360275829325,64.6183013818221,36.29037486445304,120.66233897353379,32.87122694965686,35.290503915269625,38.0592427682019,0.8
346,9,118,11,10.406105727389663,5.959431281277153,10.406105727389663,7.6952499765911995,1.463802693972235,6.766763171724185,7.888289521739203,8.113768340290541,0.8
347,9,126,11,24.32848997384558,14.631173316857854,24.32848997384558,19.986297224111695,9.225268276431168,18.60898235233155,20.19409578457878,21.509628544659872,0.8
348,9,116,11,21.92304504525763,13.688627250421742,21.92304504525763,18.555855402152645,5.6263582646462575,17.159000182924682,18.970411420330088,20.238481184856617,0.6
349,9,136,11,80.30573255334463,71.62291796424395,82.9497929606531,77.98449913165352,10.166939401160553,75.72129959613443,78.19001549964636,80.30573255334463,0.0
349,14,198,16,80.30573255334463,18.241415445864938,77.81147662320409,56.64180510092236,475.4041173712194,42.67456163571967,66.25936516535502,75.58300652933988,0.2
349,19,262,21,80.30573255334463,18.241415445864938,60.89581236646608,31.625959133111696,166.7910417510107,22.860823636626705,26.27571076082191,37.94485744464695,0.7
349,24,317,26,80.30573255334463,18.241415445864938,29.10463739431716,24.824167108559966,9.223655623571535,22.860823636626705,25.644491650487097,26.65787556588602,0.9
351,9,136,11,54.79829341753833,38.10077633835208,54.79829341753833,44.77615651953175,24.436586662185853,41.392594780167045,44.20290618586548,46.57162570791056,0.5
351,14,189,16,54.79829341753833,38.10077633835208,43.0320482178207,41.50612483166067,2.22563224657438,41.23954213383198,41.89290226797935,42.60205269787537,0.9
352,9,135,11,13.892411666374029,11.868266756576627,13.892411666374029,13.357098756368183,0.32490008717837626,13.238204966677307,13.380807936353142,13.799147081520093,0.3
353,9,125,11,60.15023520828895,27.587128334269945,60.15023520828895,43.000957026372795,71.1321712339768,40.39684375428567,42.59008900958082,43.50115029879243,0.5
356,9,128,11,24.1622458162523,16.96830511226185,24.1622458162523,20.01713545030082,6.381637521270878,18.544179669866253,18.75555608561571,21.9525571242241,0.7
357,9,110,11,17.701637548001077,11.220376791587563,17.701637548001077,15.261717769919844,4.780207151650333,14.336485975496117,15.49124945478957,17.143506196175878,0.9
358,9,117,11,9.31063467001379,4.4433064226508225,9.31063467001379,6.01741034514607,2.2710737462796957,4.70065742680246,5.63871586058238,7.077070681624665,0.7
359,9,130,11,37.5582939666264,19.466851686255318,37.5582939666264,28.460226739094715,26.130458420620954,26.107063326866854,28.053887635358357,29.99544464946751,0.4
359,14,175,16,37.5582939666264,19.466851686255318,28.180592507349502,25.774108994515746,5.959744491587586,26.03792451213002,26.585829157560468,26.781703855079467,0.8
362,9,114,11,15.36938084099409,11.144821066250568,15.36938084099409,12.961150358026128,1.2044229239200308,12.319150301690716,12.944091005582967,13.389769350155603,0.9
365,9,101,11,7.467989206027088,6.110342270414245,7.467989206027088,6.763629373003278,0.1968074100180382,6.320376849786994,6.9173241681812785,7.086474437379772,1.0
366,9,106,11,16.747189763604265,13.205166785443383,16.747189763604265,15.33182610562,0.960516508006306,14.83587799500938,15.48295262244738,16.06045743158102,0.3
366,14,153,16,16.747189763604265,13.205166785443383,15.531303414867269,14.708084436885022,0.4922421228914768,14.286447237838999,14.835109156726336,15.324136988033754,0.6
367,9,122,11,77.8835076690604,51.249320672295845,79.98765212932773,70.8677429138156,112.24253232067159,65.10958207780554,77.70665289234434,78.19430408709611,0.2
367,14,178,16,77.8835076690604,50.9143262732746,77.52979811562827,58.71754378441693,72.84614639173739,51.63779794937609,56.440709112044686,61.85886719265032,0.7
368,9,115,11,10.603998931715552,9.392787839438373,11.127120794627594,10.53821348361805,0.3180003444557894,10.38759758992219,10.694994735148743,10.987124718242253,0.6
369,9,122,11,28.896241184668682,26.500577688752557,28.896241184668682,28.088084279211092,0.7877353172064037,27.248298005459507,28.536025873834905,28.857348473100174,0.4
369,14,179,16,28.896241184668682,25.551788830749217,28.521293070486955,27.14989275958964,0.7234213340477316,26.60259236060618,26.96912079842241,27.905195354128793,0.9
370,9,139,11,61.86411580825288,56.50137817281336,61.86411580825288,59.2322679112316,3.4462827730955325,58.14778714419454,58.55466551307152,61.13998256037022,0.6
372,9,93,11,24.858839387854793,11.354233077142611,24.858839387854793,15.416692299092265,12.241285663908519,14.185974934418297,15.188612341303218,15.642922333781403,0.9
375,9,126,11,12.771118934377105,9.02166855713744,12.771118934377105,10.586277579799424,1.2668207666211813,9.945578557075429,10.44568226827553,11.02153409991677,0.7
376,9,112,11,10.453333914457453,6.330596237909704,10.453333914457453,7.691320662306945,1.0951779405148545,7.244091048659372,7.466974644547315,7.942822389906895,0.9
377,9,137,11,28.767752601276882,4.635863441808564,28.767752601276882,17.154949190327947,73.70289425499355,9.53321839226645,16.446206585286625,25.352212361353885,0.4
377,14,165,16,28.767752601276882,4.635863441808564,13.56621411217569,10.104129653684158,4.820551849643108,9.53321839226645,10.76099240345853,11.076017359957053,0.9
381,9,118,11,24.148282196632273,16.159862356384863,24.148282196632273,21.096474472527063,5.156603995632713,19.744971988129507,21.671188830407978,22.10740962557845,0.7
383,9,141,11,42.91940168495637,24.578624411452772,42.91940168495637,34.341796082364965,35.66486500149578,29.860055128012682,36.06188542810567,38.749655570782515,0.3
383,14,195,16,42.91940168495637,24.578624411452772,35.01190458196764,29.551953552362203,8.029148667339019,29.10980902493037,29.76446870509135,30.084057405327933,0.7
384,9,99,11,14.464759790547216,10.591034307730137,14.464759790547216,12.18888282421041,1.3303190498976176,11.288989025675622,12.080769049205895,12.80123424171786,0.6
385,9,120,11,12.13454816860084,5.921060996923691,12.13454816860084,8.89844663696785,3.553556458681318,7.7653017595037035,8.33199507522101,10.619700133548495,0.7
386,9,119,11,20.425160495386912,12.190804086282656,20.425160495386912,17.940351680096473,4.837802968973697,17.57695244562735,18.329227926501865,19.361662078484354,0.9
387,9,121,11,22.470404535353108,10.595402254650153,22.470404535353108,13.652200475391023,11.70237799035999,11.681972907089941,12.59128850131712,13.675755959154563,0.7
389,9,111,11,15.723368250745342,13.26917324125364,16.400846182588577,15.396066503115028,0.94719932795929,14.713875863499542,15.788174265586614,16.047159181691836,0.7
390,9,103,11,11.665282784868372,8.983252743000943,12.290011764825474,10.986928323918326,1.2475370746943328,10.250922831702855,11.56685916972572,11.665282784868372,0.7
391,9,108,11,18.114587486973434,10.205736792249695,18.114587486973434,14.750467562334345,4.202857389439613,13.595329338753164,15.01983176128455,16.08305360394218,0.6
392,9,89,11,19.895901788358046,14.26059191552792,20.135271397738414,18.425651830189622,3.0771881402813603,17.490323368590268,19.056355308647426,19.86494440165956,0.9
393,9,128,11,18.423883529519617,10.492302824990078,18.423883529519617,15.014002427501461,4.749264309452161,13.986609063421863,15.472057191609526,16.141637930800766,0.8
394,9,109,11,91.83712591441298,79.50216189498619,91.83712591441298,88.39439772252318,11.303599568208265,87.92583439713238,89.24537680151641,90.15195485921814,0.7
395,9,110,11,17.800784691606616,8.94337589452272,17.800784691606616,12.494391913033272,8.85134761305358,10.315575457186608,11.67048864866681,15.149873913897032,0.7
396,9,86,11,45.50878877014357,24.585789861825603,45.50878877014357,35.33574467563403,38.27813619478066,30.48544081644858,36.28774244826413,37.61490178158365,0.8
397,9,116,11,61.700578880914826,19.348712667223964,62.534412001367144,42.982049886651396,302.9978794858549,25.58585620069838,43.44798297021045,61.685746130367924,0.3
397,14,152,16,61.700578880914826,17.393325995061957,36.797248310117055,23.188489772410684,29.927385183896916,19.694752671217707,21.68725184260473,24.169220214579415,0.8
398,9,96,11,35.86908161638563,20.588512061819326,35.86908161638563,27.361599667774282,16.508207532321865,24.794690775757726,27.187481933570332,28.88487501703056,0.9
400,9,101,11,26.74837413977155,14.415748079033467,26.74837413977155,22.908737067280462,12.96140430109428,20.987947384518087,23.721115309178654,25.791003977928572,0.7
401,9,123,11,25.450750992256406,23.622684669541435,26.278355697032097,25.227138496898966,0.5776560437030719,24.731892767705766,25.417317585937127,25.748640334768602,0.6
403,9,92,11,17.40163091343117,6.150311397118024,17.40163091343117,9.498022460074043,9.779986976041261,7.104117654287002,9.323098906624601,10.521618793946566,0.9
405,9,113,11,8.914571488401037,5.533979500386296,8.914571488401037,7.585365858728247,0.862060854746805,7.179450387117355,7.595478911050666,8.222018807452303,0.9
406,9,110,11,16.84556779681158,12.35797046543825,17.05716340366208,14.945154071709561,2.848522524123304,13.54849344922231,15.314410532389497,16.605041104403558,0.4
406,14,159,16,16.84556779681158,12.35797046543825,15.282953367222397,14.165310911952739,1.008300442232516,13.54849344922231,14.500062255462758,15.059900666766712,0.7
407,9,123,11,6.206459385151501,3.854979116096189,6.206459385151501,4.559165229412913,0.44026066399032715,4.07983881307179,4.4213151394340215,4.7671552714135315,0.9
408,9,129,11,19.18428323706982,16.11956973075005,19.18428323706982,17.977418380666926,0.8679661361278642,17.374194818585952,18.067566895261507,18.756905585524937,0.9
409,9,101,11,25.909589238872137,21.218500859312552,26.034510370014516,24.244270970452906,3.252898409447109,22.645701471576125,25.00948895203078,25.804987084273456,0.7
410,9,96,11,25.15527891236507,23.780130939719854,35.19907708795878,29.881056597820713,15.791515510313763,25.948865963222858,30.558792588772196,33.59574022885131,0.9
411,9,112,11,42.86213151744279,21.78326846906472,42.86213151744279,34.17027546286562,37.222772166564766,30.229358815599554,35.13912426442576,39.14451475456544,0.6
413,9,123,11,32.970734418814025,16.166643792673444,32.970734418814025,22.058214264736847,23.555987276421753,19.278346192599884,20.541091286076536,22.790553343977823,0.7
414,9,93,11,12.484583072761016,10.434617751380426,12.484583072761016,11.707451130158342,0.29723842076946116,11.500607595555635,11.74403702592522,12.019631012688478,0.8
415,9,109,11,113.58417681255207,62.58586711558739,113.58417681255207,84.3891881977127,308.46312001589047,69.22689468815287,79.66336887596376,99.68346516389231,0.4
415,14,149,16,113.58417681255207,62.58586711558739,79.01505648292274,71.64085278519853,23.504340032429408,69.22689468815287,73.48284545098701,74.08968196244899,0.9
416,9,115,11,20.143099129523698,9.355355454643863,20.143099129523698,12.449022635498526,11.735158048115014,9.991499205499691,11.49819289062755,12.606535913118064,0.8
417,9,128,11,24.06863572169783,19.492580423431463,24.06863572169783,21.0411202860216,1.4835395202891868,20.451019564217585,20.953042148328958,21.443795510134134,0.7
419,9,131,11,34.72793629512081,25.223284215421746,34.72793629512081,29.745861754578705,9.431092670881005,26.701677221445664,30.73531044674218,31.367044382711683,0.3
419,14,178,16,34.72793629512081,25.223284215421746,30.429358879176885,28.222001569497365,3.606218894617032,26.36105429414136,28.77251890072347,29.79288054416855,0.6
419,19,240,21,34.72793629512081,25.223284215421746,29.717955520898798,27.23708499103637,2.669764565621758,25.535587197779552,27.433634192018523,28.625494663938493,0.9
420,9,118,11,15.237293328988997,15.237293328988997,31.720400200422944,25.79038821151653,40.12277371901267,20.992587354517127,28.676062529647922,30.209458236770327,0.9
421,9,103,11,25.070142226506555,17.1606613658296,25.070142226506555,21.573459442460024,5.869011625176574,19.755348184022633,21.923091088433175,23.591699119149524,0.7
424,9,114,11,29.282076031548602,12.162906910644777,29.282076031548602,16.227704920769707,28.298600273501286,13.03527507844279,13.655694223522488,17.16509824384353,0.7
425,9,119,11,36.187760976726906,18.51793995829138,36.187760976726906,22.08705535855731,22.78664509286984,20.235671788352256,20.793588272869997,21.25924733280359,0.9
426,9,108,11,15.43471015874568,9.40247593289642,15.43471015874568,11.663340351203177,3.194798626049542,9.949100500106695,11.829057894686494,12.597801115849204,0.9
427,9,116,11,14.570289061707559,7.831680486449832,14.570289061707559,11.274231967436455,2.862417097466938,11.069266181718907,11.545975172058423,11.943291553740812,0.7
428,9,120,11,7.129996374243868,5.514156543160276,7.129996374243868,6.075691176743608,0.23227586075500942,5.668831414142931,5.939877230862912,6.367855000303694,0.9
430,9,127,11,38.79075902954939,24.577271190336734,38.79075902954939,28.410216914378832,14.69970764804387,26.094060388485794,27.899524231612254,28.523568706149238,0.8
431,9,116,11,14.786282192593843,11.998477569477568,15.213118082792295,14.03011765681786,1.1611387820142007,13.15005373207113,14.51280275231397,14.786282192593843,0.7
433,9,119,11,15.014163711049294,9.90838899440076,15.014163711049294,12.5954355274254,2.424450199267908,11.509803956879473,12.299415626722165,13.994175209489654,0.6
435,9,100,11,13.79329522386279,12.9197084172953,18.904437260635056,15.781405955229355,3.692209578811292,13.87993495603466,16.153618140379756,17.364183210403645,0.8
436,9,116,11,64.30151687230948,56.50474599895883,64.30151687230948,59.996109366599306,4.77123357381657,58.2152458798596,60.26607620796508,61.198298540184766,0.0
436,14,170,16,64.30151687230948,55.69118197700538,60.19657229052885,58.18154721051887,2.017136564057742,57.20965163920117,58.15263542840634,59.39107048607565,0.0
438,9,117,11,22.6194396264989,17.976809705152867,22.743868288865603,21.580217668799335,1.857381890262604,21.28863974345419,22.08665996151972,22.526759849118246,0.9
440,9,109,11,19.266820952824,10.975178591753954,19.266820952824,17.06380517906971,7.256984439539204,15.658873917005158,18.21813981489945,19.12461809474592,0.4
440,14,147,16,19.266820952824,10.975178591753954,18.14780538907469,16.05221721487897,4.55649320958218,15.146920642659454,17.1429684640612,17.560777141015507,0.9
441,9,109,11,18.31687763506642,10.63318695433069,18.31687763506642,14.128993205397938,3.802685927546494,12.873705878878898,14.490495606917653,14.887231707201817,0.8
443,9,95,11,14.630434696205818,4.408058359731391,14.630434696205818,7.736482885323987,6.630908571152196,6.711580212820635,7.0589927372111525,7.954394379480165,0.9
444,9,126,11,17.141438283171357,7.572072523272741,17.141438283171357,11.167608000746565,6.091922239223257,10.336347627642747,11.249158109537333,11.88947713563087,0.6
445,9,94,11,31.54288425517195,22.24413730395371,31.54288425517195,28.08819717150743,12.247764536853266,25.70326061979978,29.082938091146353,31.13857759341991,0.9
446,9,118,11,30.73917753338762,8.299177358326656,30.73917753338762,20.670946905260763,36.599531096039,17.57416793582543,20.020361776488237,23.90044650437087,0.6
447,9,110,11,22.76870481702317,18.111772669522637,22.76870481702317,20.301239871678824,1.782385936287237,19.452453289376294,20.14974283556914,21.300803755544763,0.4
448,9,123,11,25.276509517604307,11.573041247525254,25.276509517604307,15.437439537721795,14.152657848224274,13.005640164174572,14.793233502948176,15.38171848902866,0.8
449,9,128,11,11.994863734433876,10.028435118028728,11.994863734433876,11.324373744944685,0.4080041230899605,10.941383853756946,11.389765697745185,11.952595107656931,0.7
451,9,103,11,15.147419658537412,11.00384474044725,15.147419658537412,13.005486979807262,2.1820756764182256,11.75517865536348,12.959207886288464,14.289580869542458,0.8
452,9,126,11,30.392312015898042,17.125813773489018,30.392312015898042,21.105061887583485,18.11960721946949,18.45310712365518,18.982522604091365,21.279404994625878,0.5
454,9,110,11,15.787804970667613,11.74994255417171,15.787804970667613,14.008200017149116,1.7445002454105398,13.160492187661813,14.013471878444689,15.153914048036533,0.9
455,9,110,11,12.192280085914458,9.107435904095077,13.0726494114714,11.825724255662129,1.1647118853391747,11.645444333475234,12.09826256409243,12.192280085914458,0.7
456,9,132,11,12.77356447749658,8.991895783752023,14.023683733721338,12.637970503415744,2.513746941059719,12.713887481649351,13.112849383953922,13.662799504084758,0.2
456,14,194,16,12.77356447749658,6.7526338744726875,12.77356447749658,10.62105538996261,3.2637162165379934,9.760692426457352,10.589758228786943,12.303956671541009,0.7
458,9,108,11,6.828143233121866,6.1446367505993855,7.799538777116816,6.981142759085567,0.1658105468541883,6.8353481432381935,6.906251547302912,7.170715115943171,0.8
459,9,123,11,68.9885280870422,45.20901175295073,68.9885280870422,58.48795456880306,39.24822260658827,55.119666328391006,59.69952416859458,62.37419872925767,0.1
459,14,174,16,68.9885280870422,45.0794315317306,59.14586751617516,50.73416916972386,22.140108702716013,46.5367022841723,49.60349196398316,54.0800315136169,0.6
460,9,102,11,20.2963170391603,11.89297973310384,20.470111736785935,18.266703745376553,6.095371449716776,17.808643100598623,18.99942338326551,20.119381238896175,0.7
462,9,112,11,46.75012825201884,37.297225484044944,46.75012825201884,40.767712040422936,7.15218152513606,39.09578352781851,40.33045093977631,42.39635638821797,0.5
463,9,126,11,17.440430910484242,13.446012964118195,17.440430910484242,15.528387741157692,2.145974891073739,14.152580070975544,15.557639528821326,16.721926259031857,0.8
464,9,105,11,22.756324346180183,18.755970515521007,25.222422159762953,22.875878401740778,2.7063132165014694,22.48098424061,22.884198149532494,23.668877402643478,0.8
465,9,133,11,20.93210301446011,13.032064378928876,20.93210301446011,16.332721242724226,5.921343681685274,15.150953122203543,15.668404605736871,15.926178516343551,0.8
466,9,115,11,18.040492278024033,12.019715572394162,18.040492278024033,15.880884486411185,3.9335417518284386,15.122037666043926,16.53294930119973,17.321203662665877,0.8
467,9,122,11,35.93327196872634,25.39481766165321,35.93327196872634,28.37543548179864,7.369437123221071,27.026339203402866,27.806835920441994,28.136866635877954,0.8
468,9,130,11,18.376763145692195,9.538823543128892,18.376763145692195,13.002325420566114,6.117457523512035,11.394448396148489,12.532595311278927,13.5462400710105,0.8
469,9,128,11,31.406629617522597,21.99817055259951,31.406629617522597,27.06591554177627,6.485416333211087,26.30208848684767,26.652811257580062,27.502672815497824,0.7
470,9,137,11,65.61153465359232,52.92459877332259,65.61153465359232,60.62875260549758,13.298411441933405,60.33203073757919,61.53884709948218,62.996010019284704,0.2
470,14,194,16,65.61153465359232,52.92459877332259,61.277878462337185,57.53656345698257,6.504583052699817,55.45958538783529,57.803099092426436,59.764164588199094,0.7
470,19,250,21,65.61153465359232,52.92459877332259,59.934964334794586,57.02086174301388,4.155934432172865,55.45958538783529,57.49351065942226,58.15291106269301,0.9
471,9,127,11,34.675726439070445,24.11984667578284,34.675726439070445,29.869426493442734,7.08109555956689,28.648386232456744,29.884545157951166,31.302722815194482,0.8
472,9,124,11,48.7211238047083,36.04221529962125,48.7211238047083,43.21980704269641,11.865203468793645,41.30326512859696,43.26238453991717,45.7340148531007,0.4
472,14,172,16,48.7211238047083,36.04221529962125,44.087998254023475,41.66152787387627,6.294682571639548,40.36504823657406,42.395641094667795,43.88960493765473,0.5
473,9,128,11,25.691303988209903,10.328120072073098,25.691303988209903,20.245339899493224,17.36376323685441,18.98505998020201,20.080115463586584,23.471065661986735,0.6
474,9,124,11,20.490412377009108,17.225452449072787,20.490412377009108,18.929526452068057,1.136502107443794,17.985371894506276,19.154003248231124,19.780166258315823,0.7
475,9,125,11,32.214625584338975,22.79715512113478,32.82954326919143,29.29300304440674,11.387482602577194,27.231761166493257,30.245967020117515,32.214625584338975,0.8
476,9,131,11,36.18426932411954,11.100715317793853,36.18426932411954,22.199373257475944,98.59069164495044,13.890365396050141,16.90851253479864,32.510208707106244,0.5
476,14,182,16,36.18426932411954,11.100715317793853,15.465482588172017,14.206007064003412,1.6267833908295977,13.890365396050141,14.464529055741915,15.146786092942016,1.0
477,9,90,11,23.478940268097325,21.1498050898212,25.032542755494767,23.62980359563511,1.4849191033478761,23.365376059402735,23.651504509360933,24.670820052638746,0.9
478,9,94,11,6.7939870511679725,3.3464205869799235,6.7939870511679725,4.622228381777789,0.9339690355135091,3.894871193100989,4.465667098803762,4.857412450415578,0.8
481,9,109,11,5.088089620038563,3.8672513897858503,5.4704500861220025,4.935503527961441,0.21678038901491328,4.863064348710634,5.088089620038563,5.17537123114128,0.9
482,9,124,11,25.247459426071142,18.875217668501996,25.247459426071142,21.45473030990325,2.3953120485968222,20.646067422292198,21.286736437218075,21.947590150643396,0.7
483,9,95,11,50.16645993316215,16.409765757450984,50.16645993316215,28.146889879018964,83.18057722524625,22.82980788666405,27.88480599232045,28.31119574442358,0.8
484,9,105,11,23.347481504324115,17.41293359704875,23.347481504324115,21.36983175412388,2.908874851986355,20.734686733415856,22.074833192810473,22.426666875224875,0.8
485,9,133,11,17.692165111611153,15.417778339064888,17.692165111611153,16.422961003745296,0.5385996914320381,15.90658667105829,16.400200426802204,16.48993154679204,0.8
486,9,133,11,30.90652861048583,16.770488443615086,30.90652861048583,21.349725703693437,19.699597773994874,18.331795585289175,19.920477022777824,21.87437541712259,0.5
486,14,182,16,30.90652861048583,16.621683910033006,19.39835476911412,18.07773331553073,0.8385183161960665,17.336347555208683,18.372564566298863,18.605140479514798,0.7
490,9,122,11,20.462776628080046,15.334948651944211,20.462776628080046,17.521486253909927,1.9367118208195329,16.673414832334018,17.372818895564926,18.207559109231383,0.6
491,9,103,11,47.60010903413481,14.270572708887718,47.60010903413481,30.77216041868282,129.9601887201299,22.825793915012973,26.874071769148486,41.99203858645616,0.7
492,9,112,11,12.6256212829553,6.830419592671012,12.6256212829553,10.863431793485015,2.2911149458789124,10.833522413095572,11.124099388586185,11.765098652353599,0.4
493,9,108,11,38.495363756311875,18.68201446415429,39.23041931378553,32.09610618335417,61.63841228374922,24.413571489272783,36.13261844472953,38.495363756311875,0.3
493,14,143,16,38.495363756311875,18.68201446415429,35.67474059112023,25.64779993600381,22.65005654497471,22.441687527353395,25.06811219372884,26.955359386399028,0.7
494,9,102,11,14.658223904606444,5.938269883534627,14.658223904606444,11.652855070435354,5.459373798129963,10.632103133659347,12.383444707540054,13.001376501722962,0.7
495,9,103,11,22.794571509846307,15.438261919383066,22.794571509846307,18.242826616353113,4.079656757526671,17.093445051614808,18.293932930466006,19.172495165163713,0.9
496,9,125,11,16.79229606087503,12.203968241399032,17.955340897010153,15.543038008789889,2.7416799176058073,14.693849345597581,15.670173857577613,16.79229606087503,0.5
497,9,121,11,14.668866459616687,10.74714366301173,14.668866459616687,13.284032849798745,1.8451004451345312,13.018770388479787,13.546321075141403,14.36552933626837,0.8
498,9,118,11,30.84086145059647,22.74117618364599,30.84086145059647,26.034400701372693,5.614416454085219,24.046197695073484,26.364682821209552,27.228957950784604,0.9
499,9,109,11,4.345297972188656,4.1262283440312615,5.983821613064146,5.040864355664198,0.40963384148902593,4.443560219761914,4.931603254075591,5.647947077907896,0.8
500,9,119,11,12.106174742277926,5.170580503458231,12.106174742277926,9.915484949561073,3.512817508852219,9.421138080015135,10.124090830856993,10.817855019525464,0.8
501,9,95,11,21.196232954516773,5.902991363023386,21.196232954516773,8.172824593614465,19.316149222798295,6.224552397449349,6.751426620186933,7.230438436457308,0.8
502,9,123,11,23.420269155126938,16.58013084014504,23.420269155126938,19.68070625689463,3.124676891027053,18.747113274356998,19.74758257612983,20.424521222835978,0.8
503,9,105,11,51.09371822769495,39.505652165525305,51.09371822769495,45.195256039181174,9.948168923298953,43.821465245213226,45.17605576421805,47.324325710004636,0.7
504,9,122,11,18.71729359973287,8.334117801656195,18.71729359973287,13.085374971951001,9.637716547720306,10.0815648385127,13.888550515313504,15.247182181975155,0.9
506,9,107,11,13.599461528906458,5.7240291873571865,13.599461528906458,8.83879120429697,4.123696244564081,7.772545270975372,8.795786333495975,9.690799678780479,0.9
507,9,111,11,16.451611452848148,12.472972351484684,17.70359158991235,15.987891433494756,2.031839968434853,15.313164774874192,16.42751312493988,16.839639365000536,0.6
508,9,113,11,33.265468173688085,26.309435693474224,33.265468173688085,31.541718697542745,4.083491861957873,31.229931910525192,32.17976247894087,32.91665967527976,0.8
509,9,106,11,4.363613809396181,2.5334255857630428,4.363613809396181,3.39367932534158,0.3172354617377132,3.0275701556311216,3.308204519915249,3.567493245798192,0.8
510,9,129,11,67.49230500224697,44.72493694594111,67.49230500224697,57.434428109414036,42.49420956521773,53.2719043443164,58.704676719554854,61.91384607951237,0.2
510,14,174,16,67.49230500224697,36.94566771061807,58.456256877594186,47.832720641446784,42.49537109169983,44.73477951510068,47.96481452637501,51.48758639654224,0.7
511,9,114,11,27.560616143123674,20.211488268223192,34.74123941237001,29.55212541723601,17.03592642735706,27.560616143123674,29.794202795889987,32.42911276807152,0.4
511,14,150,16,27.560616143123674,20.211488268223192,29.262791969430857,27.134232151699536,5.903898041925457,27.08002773585956,27.560616143123674,28.515283266493633,0.9
512,9,119,11,63.90562196146871,7.370888203762728,63.90562196146871,29.153968437718497,393.155845551098,11.897266314573574,23.223920718274115,45.89620539671629,0.4
512,14,162,16,63.90562196146871,7.370888203762728,19.025004833282644,12.3605319645757,8.51701137813128,11.545090270962346,12.550619064833544,13.113852182297975,0.9
513,9,117,11,21.067712537403576,15.738669936311144,21.067712537403576,19.841408795036955,2.272317270077298,19.538750611523568,20.466412957477036,20.769569485174877,0.7
516,9,93,11,17.151880396659042,4.97479418655807,17.151880396659042,9.436764332867618,9.339816863742902,8.044329014683669,9.190526718677734,10.110349883513841,0.8
517,9,131,11,11.962799182052608,5.984359752723739,11.962799182052608,10.692375260888962,2.8257388134546213,10.489296467442246,11.21097256190247,11.657120469755998,0.8
518,9,124,11,10.443383838272855,8.92624453950354,11.215471908846547,10.599994602967872,0.39441596463146283,10.443383838272855,10.701408257280914,11.05724394159118,0.9
519,9,98,11,12.212165078412964,7.560276956952257,12.212165078412964,9.901605838249429,1.671201233615242,9.342914639643972,9.849965647372725,10.311345991113695,0.8
520,9,132,11,28.352665823981216,17.257040527573007,28.352665823981216,20.454612374370225,9.678313357077162,18.180785243141468,19.846298603782685,21.382231077068017,0.5
521,9,130,11,71.78004134770258,63.88607708299084,72.42267124938857,69.01279324524421,9.348655436684675,66.60686530191269,70.43629659355196,71.6462466450803,0.0
521,14,191,16,71.78004134770258,57.414658151179225,70.37106017209354,65.75511375443679,10.839123712562158,64.63564659882283,66.64425475603701,67.55500849585309,0.0
521,19,242,21,71.78004134770258,42.787514021104485,66.32850690321087,55.59549316080434,76.09458305522149,47.054919184097045,55.932328336565206,64.24991799508109,0.3
521,24,289,26,71.78004134770258,42.029421219842874,54.44999852195118,46.72778812049667,11.954005987303157,44.907007029245165,46.486806981197454,47.44514986467254,0.8
522,9,94,11,30.893133609099436,9.393387211592358,30.893133609099436,14.536722954177819,31.94720886506436,12.146755381824116,13.605989960421294,13.885109741569535,0.9
523,9,107,11,16.484182708192336,9.971641571968838,16.484182708192336,11.873277858094,3.143337782816311,10.859215638365106,11.550303711141542,12.403321482104356,0.9
524,9,96,11,10.42046923683755,8.373687015336632,10.814702284515292,10.081454917256233,0.5740530347290925,9.611403312616826,10.42046923683755,10.711295756897282,0.8
525,9,114,11,9.959216128920186,5.1687507190577815,9.959216128920186,7.109987240843613,2.112454293849063,5.926639923645113,6.8244063367874155,8.240569451384447,0.9
526,9,103,11,7.462898865449871,6.045797905671346,8.048550406520791,7.06326643672205,0.43232476960688315,6.528619650697232,7.145613291803374,7.462898865449871,0.9
527,9,110,11,34.3439308315884,26.804845648456,34.3439308315884,30.547227872874817,4.60729330142362,29.518909486615797,30.491789155170544,32.000255239127185,0.3
527,14,163,16,34.3439308315884,26.333226926682382,30.327690721782133,28.482538824411968,1.7712494772652447,27.341543047984935,28.79980140936791,29.25349618083444,0.8
528,9,102,11,48.244813653087704,29.264990480669148,48.244813653087704,37.85659999562318,29.08662188423126,36.76124978095499,37.12282222779487,37.83530597370144,0.7
529,9,120,11,21.647351647297135,19.289243039384964,23.070342322322183,21.685206210766488,1.521002688145233,21.604906444264145,21.862445791647897,22.57901248024499,0.7
530,9,98,11,4.1199384484462325,1.4808458189666238,4.1199384484462325,2.532353717128477,0.5431068950332083,2.044890485293585,2.3907573627083143,2.906236087353651,0.9
531,9,125,11,59.079001862565704,37.4612841752115,59.079001862565704,49.221049644546746,36.86776880882736,48.975252762855604,49.530635309579324,53.030100760822684,0.9
532,9,131,11,65.54064008631833,30.93062660403472,65.54064008631833,40.3516271309791,139.3318271922479,31.861803622936005,34.30253009833295,46.994011743479106,0.3
532,14,185,16,65.54064008631833,23.23693977407071,34.076093908359766,30.726803940987384,11.953641582659,30.968489073365827,31.609366372807145,33.24178459346968,0.8
533,9,125,11,19.526720777347286,11.150726647726705,19.526720777347286,15.54238698555323,6.409866779912304,14.585744015243073,15.435625075576688,16.40503685481632,0.8
536,9,118,11,30.068542879068936,19.518784739140774,30.068542879068936,22.813591431549124,8.900840798120653,20.73070720845474,22.099384509463633,23.621310890732456,0.8
537,9,116,11,25.48667448329752,17.393587084065857,25.48667448329752,21.404904362607788,4.4741746184601885,20.035801842899026,21.766159212796676,22.11760109901688,0.8
540,9,108,11,9.515370962546548,7.305205595526361,10.10229896979182,8.787432549829596,0.6004925642974939,8.331015100047392,8.701038174740468,9.425932306068741,0.9
541,9,115,11,36.134441257501706,5.22714339230291,36.134441257501706,19.253633418029548,71.52912007053412,14.280869000082678,16.49453306069097,24.047816364041278,0.6
546,9,122,11,22.898748275716123,16.69779426741121,23.523707821874456,21.786858836394252,3.9421494304746973,21.08667177413158,22.72214711847414,23.133523296550976,0.5
547,9,124,11,54.597187583765454,22.557355362264456,55.77954830667481,44.13327940277137,161.043834807076,35.127617349287746,50.6458840936302,54.597187583765454,0.2
547,14,173,16,54.597187583765454,21.6914116893445,47.93084350237684,28.90473899869277,68.30373736632501,23.62608293901031,24.91863957177964,31.81413398928632,0.7
548,9,125,11,45.60510794698495,33.011351074178975,45.60510794698495,37.483203505064914,15.633167865921084,35.05357331532848,36.23219694741942,37.809609481529655,0.3
552,9,69,11,23.028620569195866,14.718093509226037,23.028620569195866,17.32512319418476,5.568954181063033,15.263206946924608,17.304075808014126,18.281880626563513,0.8
554,9,127,11,36.314941127697594,32.12247640099452,40.083799415678605,37.67019211997037,5.495726030765285,36.40817448065989,38.02448339096127,39.67364136025782,0.2
554,14,174,16,36.314941127697594,32.12247640099452,38.39686356490447,36.13877497420672,3.9020402112062462,36.28131981177823,36.47845508106944,37.22783964674383,0.4
555,9,114,11,15.68192216201023,12.150049897729586,15.839107895528445,14.442804953858507,1.6752088882945053,13.705267083213155,14.744075346030291,15.656308940416544,0.7
556,9,112,11,24.932396150458302,9.933979426055837,24.932396150458302,17.7554823076508,14.031045001280182,16.809931131044905,18.008405009908653,19.647190177994457,0.9
557,9,118,11,24.31832349724033,19.263190891030263,25.05617825955437,23.404965652982202,2.742925059563234,22.65211448177567,24.31832349724033,24.48962700612421,0.5
557,14,164,16,24.31832349724033,19.263190891030263,24.31832349724033,22.791238657836498,1.9941749527006043,22.346108990515077,22.93502490398273,23.8005804513774,1.0
558,9,124,11,16.31743174091756,11.223252284543346,16.31743174091756,13.32660336487812,1.7853999860493406,12.584897827112243,13.049003935516753,14.07787752607214,0.9
559,9,125,11,25.916832929832523,21.481277064360327,25.916832929832523,24.444940417037877,1.6755466517300586,23.938109165444082,24.67757084913688,25.45882446283444,0.8
560,9,106,11,36.722567766830686,21.99503297932546,36.722567766830686,31.943977040902315,14.117820052590009,31.55619385828073,32.801976543855794,33.7640330934148,0.7
563,9,82,11,9.958523665693239,3.7741792042261175,9.958523665693239,7.170026944621026,2.769841195286702,6.8143176095919635,7.5065360561609875,8.11896970016743,0.9
564,9,136,11,79.46523852369643,19.478232182271164,79.46523852369643,52.98985904898399,522.1314913161905,35.78006584942924,51.96625225673189,77.04420465842196,0.2
564,14,187,16,79.46523852369643,19.478232182271164,45.35320289817493,26.896197291264116,97.58914449803447,20.048724176288523,21.662737666503745,30.3393007480325,0.7
565,9,118,11,8.274540784127815,5.564675341676233,10.912172602724645,8.981510423559415,1.9849740767481776,8.292779906687906,9.34789731524385,9.82316057559882,0.7
567,9,111,11,47.32236895379687,28.272649239417742,47.32236895379687,35.556882917709665,50.97633876900452,29.854752155702727,32.046681897910716,41.200753795855775,0.6
569,9,129,11,20.093195793266624,20.093195793266624,21.111711803542057,20.641810962007995,0.13446802674766628,20.408570637267758,20.599585673131855,20.966383030944513,0.5
570,9,115,11,49.81634800715781,20.181868739845825,49.81634800715781,35.53427806653885,77.70159690649191,33.80924705430703,36.468405164550504,41.22573692329481,0.4
570,14,157,16,49.81634800715781,20.181868739845825,36.33788614915033,29.18982267184587,32.6747078491624,24.16006570483335,31.723613880861876,33.58030035877515,0.9
571,9,116,11,9.531780518596374,6.900300158400001,9.531780518596374,7.79312162647382,0.7075387417428682,7.039719911815572,7.595625459868188,8.344291035861803,0.8
575,9,121,11,14.345161560740396,6.832972642205667,14.345161560740396,10.207882617296402,4.04766120416398,9.586859607800548,10.460716065118561,10.935917405959827,0.9
576,9,84,11,46.28955015499784,10.559615181993045,46.28955015499784,23.781183996428403,121.75816411493209,18.331118497520542,19.845290538259103,24.139445738145596,0.7
578,9,130,11,18.11458738657317,13.132241977458433,18.11458738657317,16.57301720480809,2.3431149167053107,16.75895883467381,17.186690382976188,17.418632073737655,0.9
579,9,112,11,19.488258345726926,13.395032582866921,19.488258345726926,17.132736510512977,3.2586426290473156,16.166812594779582,17.309203923903766,18.419626918815645,0.7
580,9,135,11,9.302853215352318,7.981776541725007,9.641599907262599,9.143176137698989,0.2910237421665217,8.999992774069497,9.349273817342958,9.532453386541722,0.9
581,9,111,11,12.93973100554124,7.971718617059574,12.93973100554124,10.705508654638411,3.2287770483112994,9.167727797692779,10.39837759439371,12.637654713549415,0.9
582,9,88,11,12.97911534858626,5.611195593163993,12.97911534858626,8.646225281297898,3.8998278277067775,7.235997620881523,8.85276423567209,9.55742432690881,0.8
583,9,124,11,26.59045054380389,16.992218610542107,26.59045054380389,21.24813259040168,6.3658154775428315,19.839515426338124,20.33265719089458,22.96465212486317,0.9
584,9,124,11,43.753558408717254,33.984607494652614,43.753558408717254,37.34104910574279,7.0362689794231414,35.63533043389411,37.380632197293096,38.36731839210552,0.9
585,9,125,11,12.271080943357621,9.126536235030448,12.271080943357621,10.597293726589232,1.0666573061827547,10.141676586683214,10.402853051592936,11.141534470739101,0.6
585,14,182,16,12.271080943357621,8.923091469840818,10.541453474298013,9.918262512711504,0.3490563290103119,9.346105630271488,10.142714675694513,10.425009965163778,1.0
586,9,75,11,26.734732982589968,22.26951203721184,28.354509916420998,25.512023162840684,4.288620109604562,23.88734722522308,25.931195927642865,27.045666831644056,0.7
588,9,111,11,82.31671101094221,40.074033655948654,82.31671101094221,63.31644153727193,163.65527121645192,56.000136104824485,63.365084324656166,73.956665149155,0.5
588,14,160,16,82.31671101094221,40.074033655948654,61.80389255909622,56.18785830164402,44.03304965151034,55.596441045443214,59.05823329481386,60.31900518346696,0.7
590,9,106,11,31.61819334985615,7.990664890661799,31.61819334985615,14.530066814557435,42.85863366859438,11.439261808342255,12.29390987384405,13.437704457308538,0.8
591,9,113,11,15.569119535072378,11.999769094187442,15.569119535072378,13.806618932572448,1.2545425144512055,12.878573549398919,13.643352476578617,14.831422574816097,0.8
592,9,111,11,37.0439676518222,29.697747205624303,37.0439676518222,32.63126676608184,3.256542959419831,31.590235113837853,32.668873891855256,33.122376058172456,0.5
592,14,162,16,37.0439676518222,28.52622813857788,32.958431634651724,30.98038176124691,1.7178688656865344,29.949065979936304,31.39174218048246,31.704006710199774,0.9
593,9,121,11,29.41999356136655,12.793956784161363,29.41999356136655,21.27889830070901,27.343406566595355,17.801423755702885,18.984022242151447,25.478409616531007,0.6
595,9,121,11,38.23723258341565,14.218024045009301,38.23723258341565,22.54567489590969,50.204523074893764,18.362987318474488,18.852794970679348,27.534333162077996,0.7
596,9,120,11,27.980422837040688,13.546036119710498,27.980422837040688,16.668090566306017,21.37737188587564,13.877954297171424,14.405182376951078,16.10973062586916,0.7
597,9,111,11,16.94399148516534,12.142345667926051,16.94399148516534,14.56687801669471,1.9365782233343318,13.450673491926075,14.606997910526598,15.634922027567253,0.8
598,9,116,11,26.348619612005173,13.385159420566113,27.05694656057843,19.84128551346351,28.060968617981224,16.004998182926975,17.42756641873332,25.913952229042543,0.6
599,9,115,11,22.290165478160972,22.290165478160972,26.3007002728666,24.669278244996313,2.345806039625063,23.4526146711365,25.318054929550435,26.00931227406612,0.4
602,9,120,11,26.10391440775807,20.452779917249664,26.10391440775807,24.562663983037005,2.9531875812784567,24.659446756789514,25.22509870594882,25.627612821538207,0.9
603,9,130,11,12.668113009844992,7.942222582336809,12.668113009844992,10.157158546753411,1.308550555627989,9.904114322887043,10.208712482093844,10.457155657870045,0.7
605,9,138,11,37.87008273339774,36.992220309577625,39.21731862077165,38.41315400738187,0.6155042876227984,37.87008273339774,38.841540076452574,39.020121488110874,0.0
606,9,115,11,38.23969255551853,27.547420586572972,38.23969255551853,34.73434415994001,7.9957777470701386,34.455221288709865,35.13258050579107,36.277632248572615,0.9
607,9,135,11,20.727459386396063,10.845459840191452,20.727459386396063,15.091476201677755,7.711281018188615,14.32805523899186,14.686344239135366,16.0292393989307,0.6
607,14,192,16,20.727459386396063,10.845459840191452,14.847474569192677,13.5778506099407,2.145772022849517,12.426086750807471,14.372372783349409,14.720442632062193,0.9
609,9,104,11,23.382791407635896,18.883905913354496,24.251564403321932,22.823150900156342,2.7936947312158873,22.12667783090762,23.382791407635896,24.200634065554958,0.9
612,9,101,11,99.19767830899215,24.27372485328324,99.19767830899215,57.471593599882645,463.3187963687568,46.91259446552959,53.77903133529301,68.60260189325365,0.7
613,9,119,11,18.58252959678761,0.5340868260006639,18.58252959678761,9.433253347837566,23.682740463709205,9.463421794228738,10.132502949046291,11.187185731343504,0.7
614,9,109,11,17.505528646136977,8.885044281889854,17.505528646136977,13.663032706665177,4.362026563659606,12.968550280004091,13.679061778615488,14.606113326038185,0.6
615,9,110,11,19.133302774011906,13.662929908569662,19.133302774011906,16.803572587580888,3.1026517750902345,15.512760406661364,17.103990839287995,18.09660141412159,0.8
616,9,123,11,31.60227673368516,12.75607837404182,31.60227673368516,19.3667943212537,34.16657073344966,15.083095037446482,17.59322535447874,22.07677425492447,0.7
617,9,139,11,18.53879285149754,16.304898397343543,19.38071514369787,18.266948254682614,0.9474299085212866,18.104948386729838,18.473256597709792,18.932956498457393,0.6
619,9,125,11,15.203229633102596,15.203229633102596,17.337285741997505,16.231032652957015,0.4975292581806359,15.855528666058154,16.136878005991,16.81659339549659,0.4
620,9,125,11,30.93682587737345,30.48738323230572,32.51706423389694,31.332318249102364,0.35842777681725113,30.93682587737345,31.133719059966456,31.56275787394909,0.0
622,9,111,11,15.10663604507591,10.124029222195961,15.10663604507591,12.958685182378153,2.9774244872277347,11.421776292457075,13.137378082751273,14.516820461521206,0.9
624,9,129,11,17.559923542678327,12.827651524572076,17.559923542678327,15.199643775018108,2.6660524666218044,13.926920858185053,15.302546052892133,16.49666704792662,0.8
625,9,108,11,20.77817759207121,15.031572256981391,22.364244425072307,20.02025369738454,3.9072036435755186,19.29252977666836,20.44351419496536,20.77817759207121,0.8
626,9,130,11,10.234602468998789,9.676693722807943,11.99288008629112,10.71919607633666,0.5475779370402334,10.234602468998789,10.445136805888144,11.221069176013595,0.9
627,9,104,11,25.71154191913137,18.583775561364227,25.71154191913137,22.757362679207848,5.85146109493064,20.70004609617607,23.773079632265933,24.70154572282474,0.9
629,9,99,11,84.21691759864171,53.4216221616298,84.21691759864171,66.15143599167462,79.67852728049101,60.19638636759205,66.8107347972283,70.27510969812847,0.9
630,9,135,11,17.425452757366173,11.695471774669585,17.425452757366173,14.908451503273128,2.250968118607694,14.34411452914819,14.710604399285515,15.670704701137971,0.6
631,9,95,11,19.14460504259565,5.263990788525787,19.14460504259565,9.342861949653155,12.908481309221338,7.691065147216245,8.4697347095672,9.426628363009875,0.8
632,9,101,11,14.05481015810675,7.856993507472882,14.05481015810675,10.401473408658656,2.50499957355652,9.395121228104642,10.341599475735201,11.10793566037445,0.8
633,9,139,11,14.171534625472152,11.370750362000102,14.171534625472152,13.286224384262715,0.5326151280956414,13.173480005572628,13.565283186998869,13.608754900538452,0.9
634,9,111,11,26.38085331309618,12.709511953138602,26.38085331309618,18.44525018487756,15.890371854521543,16.442360386411025,17.492779711567614,21.326154529686463,0.7
636,9,119,11,11.502699098655555,8.392479751981268,11.586374406178269,10.720092236740046,0.9769211304175807,10.713475546082247,10.89474044361587,11.502699098655555,0.8
637,9,133,11,5.329242878811797,2.1308267674716275,6.0389852064050675,4.802385469832403,1.1315486435617041,4.7081509638832895,5.143991013936178,5.329242878811797,0.9
641,9,123,11,19.094241941497554,12.494118109849522,19.094241941497554,15.750164494425892,4.525723563724279,13.988293458759028,16.053779801711137,17.458697769696286,0.9
642,9,120,11,20.374087697059018,14.052457550562183,20.374087697059018,16.6926773887786,2.6446842155181907,15.830834892337533,16.696248307826867,17.165010421604627,0.8
644,9,119,11,17.515355313183647,12.531641522066757,17.515355313183647,14.539512098701357,1.5452383461061494,13.971241497076173,14.478592364073211,14.903351894926045,0.9
645,9,100,11,17.313617978682423,8.981499380884708,17.313617978682423,11.61295958166907,4.737747071267962,10.414071302789239,10.90086881082222,12.030764891671673,0.9
646,9,95,11,24.747958415992592,13.27946190441134,24.747958415992592,18.43831783723548,9.545845564597087,17.25082273006779,18.901653311010914,19.935652225628647,0.9
647,9,133,11,16.830327474757148,10.700638311888058,16.830327474757148,13.960992641355208,3.6812838890397623,12.667863027977894,14.226444581788165,14.969650961560296,0.6
648,9,122,11,75.27286631994858,23.504867305484538,75.27286631994858,46.99294034583291,359.4054941675032,30.983848171122766,42.85481015945992,63.99193587919813,0.2
648,14,189,16,75.27286631994858,23.504867305484538,31.34079230650633,27.65496173037484,6.7584248917259995,25.686239789787265,27.274571065495156,30.26802354546343,0.7
650,9,123,11,31.034695563709327,27.070481696654674,31.034695563709327,28.740145783021738,1.2356145667855327,28.187909843647013,28.679655221402527,29.310085731613942,0.6
651,9,134,11,16.096179029573317,14.849858375764097,16.6686357627381,15.873217043755806,0.3194179057668903,15.55429504792377,16.004352766472543,16.197943694009624,0.6
653,9,102,11,19.71277213308656,15.124167798410557,19.791142075397698,18.55296127749271,1.895126722005262,17.920150231472896,19.055501858311974,19.663256460111082,0.9
655,9,110,11,22.882446303885146,20.912357648908888,22.882446303885146,21.832894420394002,0.37291066308480886,21.27215388978492,21.853257364724424,22.198616776849473,0.4
657,9,128,11,21.41790154881948,10.745328772233265,21.41790154881948,15.34759127280995,12.583553819780533,12.232084039439469,15.4948099606368,15.965652031579568,0.4
657,14,174,16,21.41790154881948,10.745328772233265,15.154125630810594,12.567786508841474,1.654748794462747,11.607216570054263,12.158762242820384,13.546271072521197,0.9
658,9,121,11,30.889858304974126,24.105806633681347,30.889858304974126,26.02605990158442,4.447053822392525,24.502784378061822,25.28872819295258,27.288055117349657,0.7
659,9,120,11,16.541085755702838,11.957954865088475,16.541085755702838,14.874584389006888,1.3984345818666708,14.519762512507397,14.972211136734796,15.671189317475136,0.7
660,9,127,11,35.829173943743385,26.703467790433415,35.829173943743385,30.941944064080513,9.088940669422163,28.198742835549815,30.8067128377783,32.67732089374128,0.8
661,9,120,11,23.138285292086774,9.693702611746378,23.138285292086774,15.489307416576352,16.374485495786846,13.194652371994323,13.712579934657656,17.863794978681096,0.6
663,9,124,11,8.201907215478844,6.387989187719125,8.6194080955304,7.963261892464945,0.44540748284852594,7.951795560653689,8.201907215478844,8.31778559485251,0.5
664,9,111,11,17.309712313212458,9.672326615871532,17.309712313212458,14.900666598138011,5.306836405701878,13.812807159555897,15.320600596376456,16.686371358973236,0.9
665,9,127,11,21.39850921612728,17.981438634920572,21.62070069233865,20.377675638651574,1.2640463354860434,19.73945873849133,20.464722166028743,21.39850921612728,0.4
665,14,179,16,21.39850921612728,17.981438634920572,20.324430025545432,19.641564884064476,0.4544063161409263,19.3239493394788,19.796825162998225,20.18308048352526,0.7
666,9,119,11,20.565522337422674,13.600831339499074,20.565522337422674,15.469795778708866,4.403561154090527,13.917086699165594,14.65019697423816,16.142427272468804,0.6
668,9,120,11,35.69091978265671,18.37039638941466,35.69091978265671,23.030877847545096,30.096547475442737,18.984806171601875,20.703499146890216,23.939012163905183,0.8
669,9,70,11,7.2727874774124865,4.015071183808457,7.2727874774124865,5.69458818692687,0.6587255409970998,5.3500152720558605,5.805597764805652,6.074279109220661,0.9
670,9,116,11,20.70885047814926,15.836493697833452,20.70885047814926,17.989431813027572,3.4337954227987835,16.05595933251887,18.033595076213352,19.253552123923523,0.8
671,9,127,11,23.92453720403277,15.036201908966074,23.92453720403277,21.246785607276884,5.748064623595755,20.661276965406557,21.44844344948372,22.668481825109115,0.4
673,9,112,11,15.625590978520373,5.584483183808048,15.625590978520373,11.892544921493705,7.711362614962982,11.461323112753275,12.766790156990423,13.539320046401016,0.9
677,9,121,11,27.026097675804046,13.500823041736703,27.026097675804046,17.24842003565134,12.219954065969102,15.994659740560564,16.508296946582632,17.241192122546103,0.9
679,9,140,11,35.978210043964296,17.405798513319525,35.978210043964296,22.865575868549552,49.31056607366116,18.207409593824877,18.49575639192994,25.16282323812885,0.6
680,9,132,11,17.43717044986122,9.360522944305865,17.43717044986122,12.045379528581922,5.5029531361960995,10.878731252873434,11.346036216653868,12.539780858453184,0.8
681,9,123,11,14.950973300786034,7.182068900225822,14.950973300786034,12.693061691127232,5.034468898434303,12.943326090162763,13.497893731200701,13.948032100335714,0.8
682,9,113,11,18.873019562823682,13.020115627862397,20.21561072621156,17.820019523726792,4.925710002310012,17.44378044314185,18.777901976545266,18.873019562823682,0.7
683,9,129,11,15.467021066469867,13.142991850628833,16.82026999092502,15.625832343124273,1.356853346192884,15.467021066469867,15.874149187246683,16.584483669269087,0.7
685,9,105,11,20.715832417402147,17.92630559770175,22.127997119845652,20.70296190515662,1.41082563011786,20.715832417402147,21.08082998967039,21.38609399975848,0.7
686,9,134,11,24.425006209266076,15.113418151471205,24.425006209266076,22.53496081910244,6.9715318404243005,22.937901293307284,23.33478698805629,23.979419972548083,0.8
687,9,105,11,33.159447734404345,13.824391017211273,33.159447734404345,22.67865235519809,34.447766757494804,18.665940823110617,21.01315730489612,25.22028963540687,0.6
688,9,122,11,22.769827315665754,11.58895831576023,22.769827315665754,17.55431481247292,12.030437160741197,15.476167193788218,18.92677454131438,19.796128925445338,0.9
689,9,129,11,68.8452622951406,19.589850509779033,68.8452622951406,34.88955591227778,289.4085650667115,22.68589051018901,25.93620243436712,45.24708706208386,0.5
689,14,167,16,68.8452622951406,19.589850509779033,25.75721698327843,23.286344315752892,2.891170831320026,22.68589051018901,23.81885480695498,24.03779365407367,0.7
690,9,127,11,18.922708158280727,13.16009288137786,19.249197502745208,16.50313065629729,5.098708857397723,14.799904823081679,16.218486249145013,18.922708158280727,0.6
691,9,90,11,26.701684269478967,26.32278343199216,35.093641119497036,30.517028982649897,8.221286429209078,27.571584275832386,31.339892519183113,32.256451430241015,0.9
692,9,106,11,13.428896607741324,4.843906109222946,13.428896607741324,6.565104264981841,5.833335674002958,5.174517614962823,5.791042081806081,6.417539517164232,0.9
693,9,134,11,14.98225295681228,12.312141140096985,15.940791687929174,14.977343988483415,0.9159549269506939,14.961180248979057,15.10719708334307,15.48407532957199,0.4
694,9,125,11,28.641984154078862,12.639861444166424,28.641984154078862,17.517005809857327,23.89400665490411,14.084013708375545,15.771157311904593,20.125282780979113,0.5
694,14,167,16,28.641984154078862,12.639861444166424,16.25876219304392,14.466412898992164,1.3703470613646258,13.904879018911371,14.500392102576528,15.146286006447578,0.9
695,9,87,11,29.91263355705459,21.42162240942001,29.91263355705459,25.34623135442612,5.4251018079839595,23.610388163072592,25.606789361070852,26.14338332531952,0.9
696,9,113,11,36.87681782105887,26.099070485543216,36.87681782105887,31.170476901744298,8.269257616660525,29.640827180312687,31.413265373939613,32.38966254835357,0.9
697,9,124,11,20.355817035549393,8.311295624346343,20.355817035549393,15.902059338080386,8.721864211841162,15.6401000988225,16.134056337167564,17.152852783936314,0.7
699,9,116,11,15.958908430094748,4.788850646739801,15.958908430094748,11.149963898308846,9.82443369861879,9.230653656162643,11.679799990745543,13.332891218692838,0.8
700,9,110,11,15.648104673075997,12.931779841813377,17.290888340131026,14.62807704758993,1.4350308042996267,14.017759026382276,14.275009722508614,15.403110433003734,0.7
701,9,126,11,10.25810149528164,6.597570272146722,10.25810149528164,8.3830837177441,0.8603822358561253,7.875598256981157,8.613418314722933,8.65031520191932,0.9
702,9,118,11,13.435986641753242,10.452303230154133,13.435986641753242,12.135689807286465,1.2077684131334245,11.041011572450113,12.518139626438128,13.026378936058578,0.9
703,9,125,11,9.166121294016811,7.942791594132718,9.810088817820453,9.147050189663199,0.343392507022526,8.797793692636295,9.252465061811618,9.646444335157334,0.9
704,9,117,11,24.98528308539778,12.08896580416302,24.98528308539778,16.43967722433739,10.920959322126686,14.422526125572924,16.03125725596847,17.384536997886695,0.9
705,9,129,11,45.42188701519301,34.08676876736547,45.42188701519301,39.05569022571998,18.748559404402805,35.38972159160104,36.89465823100201,43.65439701927939,0.1
705,14,190,16,45.42188701519301,32.20137047461833,35.69845673221748,34.054396596156174,1.5951120674087542,33.250482758615576,33.78280872336141,35.26565396387403,0.6
706,9,132,11,22.501561915080288,15.247797709900574,22.501561915080288,19.224237680682343,2.867705359642131,19.21513334696347,19.409320452869324,19.63507970437675,0.9
708,9,125,11,27.31438834428065,17.036371397564682,27.31438834428065,21.533429853151603,9.315498966749914,20.26721735614202,20.754418771058113,23.847337007358227,0.7
710,9,124,11,20.10838960499411,16.9466054924724,20.10838960499411,18.16505238856157,1.1221964723050188,17.470050336407006,17.830388820482057,18.44038886594467,0.6
711,9,123,11,18.391726713751904,9.127597483067198,18.391726713751904,11.74572580103332,10.191027289769377,9.680300152429677,9.887720418005301,12.406824586873322,0.7
713,9,118,11,36.247965094210514,18.48521311645534,36.247965094210514,22.943349177828413,25.286292831354277,19.842333583868385,21.331187854168608,22.741087712779212,0.7
714,9,120,11,19.50006926411755,15.842429403111751,19.50006926411755,17.62464108184587,1.5896172184040886,16.486916114881232,17.61916157788537,18.602733194382076,0.7
715,9,129,11,15.753140864611643,14.182852894604089,15.753140864611643,15.071715586857504,0.32020092630860353,14.678643088736866,15.138331630343675,15.6248827662243,0.5
716,9,120,11,13.499746484529112,8.495025057634889,13.499746484529112,11.624252353573956,1.8562706976456376,10.878481287021412,11.705129014968389,12.618427846693129,0.9
717,9,97,11,23.145589715121798,14.099223386257744,23.145589715121798,18.878578892063125,6.21296135606203,17.41625524323843,18.91410981792421,20.102329741040307,0.8
718,9,116,11,28.933365214818803,22.216563627334587,28.933365214818803,24.624597627136325,3.461543538706107,23.221127459609477,24.343061211947237,25.39166172851536,0.6
719,9,129,11,16.469297062715526,9.442507236872038,16.469297062715526,11.693635416004202,3.7700155658862733,10.416155814068489,11.095671520322503,12.641042469353165,0.6
720,9,103,11,39.26102359895731,26.34932850796143,45.781178108483026,37.83901067358816,51.26933423952048,31.720850348047097,39.610266183199776,43.7028696866184,0.7
721,9,106,11,15.087089497288181,12.370026964756963,16.49299523575973,14.65620303533415,1.7557019649832195,13.584294537495284,15.087089497288181,15.342764528431161,0.9
722,9,127,11,14.045413815043393,9.841983801107611,15.769165738979659,12.453522535092926,3.036889272735788,11.065943651445705,12.604421211758492,13.715659722406247,0.7
723,9,104,11,58.06557644893732,28.983745453237518,58.06557644893732,46.174818818102025,102.6687701513539,36.91716364141084,50.523830976224396,52.18102061264045,0.3
723,14,152,16,58.06557644893732,28.983745453237518,50.17408850768584,36.057306778525835,49.00203898560091,32.04542573594426,33.927867232212805,35.31902828042335,0.8
724,9,101,11,28.307082093464814,6.923413999341751,28.307082093464814,15.955415677283707,28.2875306496638,13.916524534368735,14.870303580432076,17.30611699099864,0.8
725,9,106,11,20.686674260649326,12.794002209168767,20.686674260649326,16.37938174877862,6.052020008977867,14.411045667203101,16.88858903139988,18.027285678487324,0.9
726,9,113,11,22.59807840451446,13.686797676149514,23.956632328050873,20.621795121687807,8.652142829988872,19.799242859031956,21.703914354364052,22.575475497265366,0.6
727,9,136,11,37.5780719451603,23.78293071526376,37.5780719451603,31.1040261470418,16.773859189012764,27.77891320033681,31.62008617272795,33.746960659283644,0.4
727,14,196,16,37.5780719451603,23.78293071526376,31.465806953247657,28.616930218613362,4.009210847153085,27.77891320033681,29.31460351927427,29.694280515733976,0.8
729,9,141,11,27.265237551749884,22.68707505770231,27.265237551749884,24.327705719572023,1.499913264570878,23.478105518732583,24.13612564716326,24.936091008034666,0.9
730,9,123,11,11.868066370874967,7.374840291036586,11.868066370874967,8.933685530365532,1.2985456902347963,8.631214965871074,8.810703539765509,9.161810944732473,0.6
732,9,113,11,21.97639400075267,15.922306547733788,21.97639400075267,18.89650594072208,4.1010742392965955,16.95747423077688,18.91780079338954,20.59737777903274,0.8
734,9,86,11,77.9988324528892,20.860761626508094,77.9988324528892,34.40708076669873,311.5478894295289,24.548212435238696,25.323052848239254,36.34474072325005,0.7
735,9,109,11,26.972857133762922,21.432802895521093,28.862730257086255,26.130319577797025,5.592115380291629,24.554987052314498,26.972857133762922,27.87696746819551,0.9
736,9,109,11,8.996124663106261,5.946759003831395,8.996124663106261,6.909534825738871,0.6935022003953004,6.20696274811246,7.052256847166303,7.102918127675415,0.8
737,9,120,11,26.69639425498257,24.438493230642372,28.41281089054435,26.76415589276334,1.4738748964818666,26.01608294974391,26.7087358110053,27.606778826819795,0.7
738,9,116,11,19.78237698182111,15.236801884861766,20.90706724176689,18.07587146421821,3.7585274218818157,16.763018533804058,17.401861297586244,19.78237698182111,0.2
739,9,108,11,7.082752878666207,4.668081586069891,7.742037675482055,6.675458736615505,0.8538684682140394,6.6546406445258555,7.0308574031669995,7.160296151869116,0.9
740,9,122,11,36.3383478573476,30.607044130425244,37.61118130907987,34.761651231661126,4.7562280390334255,33.72899023837331,35.31921668336427,36.33796349774727,0.8
741,9,119,11,8.438001059605028,5.5190006605803,8.438001059605028,6.512360126267282,0.6242046300667019,6.036432388617278,6.399531203213125,6.74650551143537,0.9
743,9,127,11,25.27697138247925,14.126320571870412,25.27697138247925,17.78508444988129,7.561893363784376,16.690945976562713,17.323790980710214,17.43042736873927,0.8
744,9,135,11,30.435679810427494,15.323999112955345,30.435679810427494,21.667533432567332,28.11379890745428,18.22192302816545,19.76449936483496,25.06942060100241,0.4
744,14,175,16,30.435679810427494,15.323999112955345,19.700962077140844,18.11051821603483,2.2058184457141032,17.93279191280172,18.67522557554345,18.964706656762313,0.7
745,9,113,11,27.60286054056914,23.42491372361858,27.60286054056914,26.074324023275267,1.425590746152356,25.609458106257332,26.581461125862674,26.764433351235656,0.6
746,9,98,11,7.12010787588434,5.276847552167931,7.12010787588434,6.143981767709589,0.24332938287654354,5.913368083926828,6.201530491018458,6.432114789243768,0.9
747,9,114,11,6.2573627226231725,5.806997449925452,8.216147675914783,6.969107449587487,0.7675634222915825,6.274302387249027,6.623537338566619,7.925128992991721,0.6
749,9,136,11,17.129596964949176,14.735717419995492,19.703668578747546,17.958948790222752,1.9152915020291281,17.24498335853288,18.14077724766217,19.075056527380042,0.1
749,14,187,16,17.129596964949176,14.735717419995492,18.073095558788616,16.16426971442353,1.2882597194037984,15.253407033805559,15.68099256846769,17.129596964949176,0.6
749,19,230,21,17.129596964949176,14.735717419995492,16.358062893234163,15.572069784215994,0.24617734828547166,15.253407033805559,15.467536227970541,15.944406641789849,1.0
750,9,93,11,11.110218959032279,7.7608457463081315,11.110218959032279,9.876155255835544,1.058768109075659,9.481449426243124,10.066828146795544,10.716474235895634,0.9
751,9,116,11,18.647889889946395,14.800938540882278,18.647889889946395,16.551437719137283,1.4872506807196733,16.03468347302288,16.358870351006892,17.18523307686825,0.9
752,9,127,11,12.942683608615983,8.419054299932773,14.296255629758472,12.521171883806948,2.234627780960917,12.430380563886043,12.942683608615983,13.186282199777802,0.7
753,9,105,11,17.2681588037548,5.672403011706196,17.2681588037548,9.061470391679887,13.51612708201919,6.749404207606927,7.24235307515947,9.901603535291905,0.7
754,9,109,11,34.348770843062916,7.595601245716307,34.348770843062916,14.92454522473306,62.31485156290695,10.98830803506574,11.871602884212328,15.88151828597217,0.6
756,9,125,11,33.450795670120414,11.367243349174501,33.450795670120414,17.725391573413322,42.04120026644982,14.320049997579979,15.269395922109636,17.677269804905773,0.7
757,9,116,11,13.332333533649647,7.507328122092426,13.332333533649647,10.786168496071268,2.4543103285735004,10.204463607030508,10.950396264194877,11.806270778185272,0.7
758,9,138,11,16.0034147721379,12.014564288054517,16.0034147721379,14.194530409399878,1.326957462685936,13.519666075053898,14.041669152280715,15.156156091116504,0.4
758,14,191,16,16.0034147721379,11.724137638772596,13.825052590530012,13.177206283101466,0.5420408188597066,12.79258043763689,13.563191600228762,13.710623370580837,0.6
760,9,117,11,35.59085100450333,6.509942302099578,35.59085100450333,21.95788465175064,88.65778265358864,18.420230877525793,23.20694430448806,25.708221259100945,0.2
760,14,172,16,35.59085100450333,6.509942302099578,22.990220002434253,12.54845384742277,28.529264719071307,10.00210681663798,10.258469936398747,16.16436370061562,0.7
761,9,111,11,6.555955425703981,5.016132190723942,8.366920488104455,7.065491753819449,0.9598172854472498,6.555955425703981,7.1626682966683095,7.897758579026197,0.6
762,9,124,11,31.379117523027304,23.897241011890376,31.379117523027304,27.59798544780596,8.013064281034048,25.078444368140513,27.08023991182675,30.58993627750145,0.3
762,14,166,16,31.379117523027304,23.897241011890376,26.430728288124733,25.59747326867172,0.6892583814811171,25.078444368140513,26.03088190979615,26.11940169000653,0.3
764,9,133,11,46.74002545306804,23.90217743303593,46.74002545306804,35.22299441410843,77.22738185144337,29.046052929952445,30.217787077602104,44.941566665246654,0.6
765,9,114,11,11.416563202753718,5.180592120850561,11.416563202753718,7.969865687711922,3.1112487193618796,7.206847643749068,7.98414485896029,8.368312452299435,0.8
767,9,130,11,27.85762416473714,17.643521923658508,27.85762416473714,22.106485508794922,6.669305310385424,21.25901954005422,21.96078475383753,22.75132307423361,0.5
767,14,181,16,27.85762416473714,17.643521923658508,21.71724798678087,20.800912198579294,1.5309163576040679,20.69954266203742,21.38079209979253,21.537020483054537,1.0
768,9,113,11,19.17264148604088,7.971503193976215,19.17264148604088,15.059017417488374,7.923574745578928,14.559627281827451,15.887112767299843,16.35659377513891,0.9
769,9,97,11,9.901145471648217,5.3091425775268934,9.901145471648217,8.192656550397361,2.182417172912377,7.399646186897192,8.616509001212954,9.439434361351656,0.7
770,9,116,11,18.253609841660584,18.253609841660584,22.741115286000422,20.623308164094315,2.837074253045064,18.844710139790894,21.088212398242,21.923975850726578,0.8
772,9,124,11,11.189911596015572,6.997631674594652,11.189911596015572,8.54328958975707,1.3018552088789508,7.77960029805748,8.565851763792217,8.999650139946766,0.7
773,9,94,11,36.67034272583321,23.833510099786473,36.67034272583321,29.541707293350147,10.538001618152489,28.212026456982677,29.803998819381636,30.887589415119166,0.9
774,9,128,11,74.18051644791214,17.265021466616723,74.18051644791214,59.34293709964696,312.0248929221084,55.06063206260582,65.32967452358584,73.5127083051535,0.2
774,14,181,16,74.18051644791214,17.265021466616723,59.63145058370821,46.20699228367467,124.8918143918241,44.63414927808576,47.11943221194453,53.15018611261627,0.7
775,9,97,11,17.733779380893193,7.1875278452431335,17.733779380893193,11.474400551228142,5.93518314095181,10.859527129636184,11.060192248636708,11.596866348200075,0.9
776,9,120,11,51.77447292994138,46.465668306026146,51.77447292994138,49.12248823122773,2.899104741083012,47.83554542829151,49.127144947514886,49.87801364450844,0.0
777,9,133,11,10.91058833164183,9.583237387442901,12.006904824974043,11.118274510102403,0.5866564518661944,10.91058833164183,11.228412065380414,11.686374449722155,0.7
778,9,135,11,104.91915577271844,93.6533350456784,104.91915577271844,97.41598939733942,9.672244645487806,95.33267393312622,96.14638383619543,98.81150109947542,0.0
780,9,138,11,42.4274223900401,33.21068957755372,42.4274223900401,38.17953571603769,6.700111658389008,36.8172412061449,38.251935461565104,39.72122838084131,0.0
780,14,206,16,42.4274223900401,23.619470360883437,37.58065508743839,32.67121089192865,28.98549250536618,27.53479508442465,35.69623389722344,36.74046676047192,0.3
780,19,267,21,42.4274223900401,20.654548826699685,35.470497471676744,25.87969489847952,20.125255096838593,23.21233836880343,24.168190124496405,25.83074290541787,0.8
784,9,115,11,30.797016627121277,16.62434437922368,30.797016627121277,24.297444199660834,17.295871160265214,21.60488276640345,24.473487192208637,25.99825075267488,0.8
785,9,126,11,15.726613321764102,10.769304513722972,15.726613321764102,12.999568201314668,2.5104135258911575,12.045186476468112,12.590173364574511,13.746005914439547,0.7
787,9,126,11,50.43910976157753,35.27512559548889,50.43910976157753,40.75249329541919,17.69883474033029,37.578866748753484,40.75125087329471,42.56150446636068,0.5
791,9,110,11,21.785344458375743,10.753002946593744,21.785344458375743,14.820796798237925,8.327799398798966,13.155163430290106,14.333433505775425,15.952606922891956,0.7
792,9,124,11,15.040815015019977,11.235232266597498,15.040815015019977,12.59692718817452,1.3591999820601215,11.817843290455118,12.054017686810777,13.534351712550686,0.6
793,9,119,11,21.395125099116555,10.01986950974743,21.395125099116555,12.453688575483014,10.157729314879484,10.607012838716193,11.5001230599943,12.457862038998757,0.5
793,14,160,16,21.395125099116555,9.63541723199407,11.769119711209212,10.731100488532437,0.4762233722523429,10.159711829522738,10.614348505770973,11.300476850480596,1.0
794,9,109,11,15.946743436501567,12.45290260348408,19.608565840929344,16.38081946520767,3.7644569875704184,15.946743436501567,16.249219304325916,17.630672579908516,0.8
795,9,136,11,25.42832852613952,16.93207329044373,25.772688361855383,20.98390393651078,12.599286146828987,18.24951608364131,18.732934287533894,25.184641509972195,0.4
795,14,186,16,25.42832852613952,16.123614309387143,18.772749873542004,17.894865690883243,0.6960460015469006,17.315736821496344,18.27831647163402,18.485721458445543,0.6
796,9,117,11,21.05050429207948,13.504237136383102,21.05050429207948,16.776751063906016,5.557361953866389,15.286367228426403,16.28672855177244,17.120946715960045,0.8
797,9,114,11,27.423714635130384,21.878232263219537,27.423714635130384,24.72930015540826,1.7074143406646662,24.474725503054454,24.697501693805854,25.10868598419687,0.7
798,9,132,11,11.953587419957753,10.45936181276534,13.865252026316943,12.497977913416166,0.8508651792198856,11.953587419957753,12.66951958028509,13.141088154739247,0.8
799,9,125,11,74.41934769302347,46.37465606736359,74.41934769302347,59.41071502857517,77.82314568648846,51.52479099739483,61.50709033766876,65.37842438238377,0.3
799,14,162,16,74.41934769302347,42.32815065871704,60.66612929261271,49.75830712312631,23.208706352259522,46.70896182857894,49.40435232524847,50.207701449371356,0.8
800,9,124,11,42.14308414268908,32.41983802224438,42.14308414268908,35.48230209618458,6.92743346763839,34.14495184908712,34.979622936970344,35.954744321274376,0.6
801,9,130,11,13.254394784946978,3.0608382320730056,13.254394784946978,8.485695012990345,7.354591301079052,7.714394736844529,9.107320567565733,9.725386641839995,0.6
803,9,105,11,43.26892819533938,29.46188443042729,43.26892819533938,35.4394656273487,13.457159175616445,32.70075811202164,35.49766322628052,37.63517562952609,0.9
805,9,129,11,10.908589467599242,9.59786260171079,11.077324593878258,10.722676289785133,0.18525677122905643,10.810865452871717,10.900261883325294,10.95323770481738,0.5
808,9,80,11,8.129719646479533,4.983821777791363,8.129719646479533,6.668678463535199,0.9827914461627827,5.862295444271719,6.625290552396218,7.555225209007917,0.8
810,9,117,11,35.697885961069204,25.394648983615685,35.697885961069204,30.907725161981794,6.910843722607295,29.89391827821813,31.70009264751321,31.97757092599287,0.9
811,9,93,11,4.637754902586368,2.7146634982084135,4.637754902586368,3.8229849641262064,0.43066170525442005,3.175259421982269,4.0526488969222045,4.385693961080527,0.9
812,9,97,11,73.26863576268707,51.14795874357341,73.26863576268707,59.28643015002094,37.33374803914988,54.411346340316776,60.33078856068482,61.148600374953325,0.5
813,9,111,11,18.719538681227853,14.846428261384286,18.719538681227853,17.0742761544738,1.1765391152681506,16.27846625478296,17.402683581197127,17.680588544713654,0.9
815,9,135,11,34.800386379095755,23.57411887138939,36.268483287948435,32.53748273634779,24.421580616817995,29.34810230727309,35.2018396229849,36.13902545032583,0.3
815,14,199,16,34.800386379095755,23.57411887138939,34.800386379095755,28.46314033986119,12.641685003599715,26.9172101037391,28.00653746081459,28.63839455811175,0.7
817,9,114,11,34.87266584552654,8.943499032978172,34.87266584552654,22.47364050747104,59.52437644841531,16.098877986351923,25.27319624192785,27.521320121104758,0.4
817,14,158,16,34.87266584552654,8.943499032978172,24.475910436362675,18.007774829268985,17.219572361823367,16.098877986351923,19.199155160243535,20.106517775993765,0.9
818,9,116,11,19.27383361344481,9.49903926817845,19.27383361344481,12.047788157455082,7.859672146187279,10.369581158901829,11.304490993950676,11.42461401213477,0.8
819,9,97,11,5.833879262636598,3.0155787068611275,5.833879262636598,4.522543681373096,0.6794880706871498,4.5773973243544175,4.717762415301429,4.918292919120744,0.9
820,9,120,11,14.316509811213447,8.072910957239717,14.316509811213447,10.484116005097887,2.836705447738268,9.330377429924681,10.34228432782194,11.362127226081181,0.9
821,9,78,11,12.624113657005829,3.8587464648180574,12.624113657005829,8.357882304991675,5.781026633159478,7.096416693451009,9.01740094831623,9.79636686343682,0.9
822,9,104,11,13.337808445830019,6.412133749603578,13.337808445830019,8.787986220394107,2.9422349706286988,7.838135515864277,8.639238836976496,9.111072775771953,0.9
823,9,126,11,18.189343890102073,10.92389135604,18.189343890102073,14.454464561471312,3.4733082981690186,13.383799255184334,14.19306504751874,15.324795552251409,0.9
824,9,115,11,15.74445196362596,12.005090469563601,15.74445196362596,13.19691051190328,1.3528600662994896,12.445913295622972,12.920607583530442,13.12031134182834,0.7
825,9,83,11,24.44879728087333,14.190357399189054,24.44879728087333,21.01628484537988,9.999946348189914,19.221584195528642,21.654825385096622,23.883322299156582,1.0
829,9,91,11,23.189819561723546,15.872003118876133,26.256732294347433,21.318800691707988,10.297274442374114,18.801645970501227,21.52529814562028,23.189819561723546,0.6
829,14,131,16,23.189819561723546,15.872003118876133,22.759845982865667,20.146227043505117,5.3084692423476,18.46399469549774,20.584706132950686,22.396705367532206,0.9
830,9,140,11,19.058301564063292,13.471634755444075,19.058301564063292,15.639010366258265,2.025174265525465,14.911653946925634,15.208143751270674,16.231700187501236,0.7
832,9,100,11,37.26837411254844,17.336470607762408,37.26837411254844,24.792496919751606,54.353129289146274,18.66035757241943,21.772172505956927,30.754794633754706,0.7
833,9,119,11,21.302945621946993,13.40801293490657,21.302945621946993,16.118379722815256,4.904850878045943,14.417916840635801,16.062714905691777,17.184406650122106,0.9
834,9,102,11,19.31221923622362,18.72538327090726,23.437140810160585,20.860545381063027,1.9179396788995007,19.635744846716946,20.890097080573405,21.571569640247006,0.9
835,9,117,11,13.985974744542627,9.846751234275107,13.985974744542627,12.006382156889334,1.3131030557844894,11.081764449479959,12.375117317826692,12.658908160842097,0.9
837,9,134,11,19.634295585847685,10.457870683404812,19.634295585847685,13.982041643726163,6.29270859822096,12.030704622871639,14.11707119047249,14.952272890544435,0.8
838,9,128,11,99.4497681065439,19.08635170687923,99.4497681065439,44.97649475493464,700.8986501919619,22.791042295432312,34.74289945182447,61.56594589045568,0.4
838,14,170,16,99.4497681065439,18.678462174222553,27.7630300032938,23.1396573479335,8.783698397390562,20.7544523577876,22.909965814054278,25.708500801464282,0.9
840,9,119,11,31.424405974480962,14.052825864933599,31.424405974480962,18.527238706682205,27.113078345952978,15.158427457199041,17.19188767179043,18.06813919768185,0.7
846,9,93,11,9.97468668939771,7.82871204337588,10.075017387053695,9.48802614513535,0.4814844171584055,9.355809312067068,9.740438207525798,9.97468668939771,0.9
847,9,124,11,25.85499546013447,11.589020176126743,25.85499546013447,15.259414727429185,13.959800183820397,13.270446580566581,14.800885008799952,15.198393506608765,0.8
848,9,115,11,17.534656021694445,14.715247715897005,17.534656021694445,16.29328107461941,0.8042296578221851,15.771953146066465,16.310688105543598,17.045690362166752,0.9
850,9,75,11,36.38322222299958,13.321291879234082,36.38322222299958,22.302613037503107,57.52631701427897,15.774144611242745,21.1274051242061,28.477966357197285,0.7
851,9,126,11,7.112341387356585,4.458700549029144,7.112341387356585,6.023249601596021,0.41999707876032666,5.821830171700883,6.122591432141297,6.357427986427409,0.9
852,9,119,11,18.042738178761486,8.253256757469243,18.042738178761486,11.67745524852317,6.760671749930384,10.31641319599514,11.2474206157946,11.713918216512356,0.8
853,9,130,11,87.44741456933119,53.2758179275271,87.44741456933119,78.02162271849836,120.34353695712657,70.59018602810384,84.24157853437694,86.62544259119207,0.0
853,14,195,16,87.44741456933119,34.043060712261635,83.38591504220764,54.616403978615345,272.39950292663764,39.673876185365,49.18972033916844,69.99253115023318,0.3
853,19,242,21,87.44741456933119,34.043060712261635,45.10362275080978,38.851230160261444,10.01166136599361,36.4882087843701,38.92127699833101,39.65955845680118,0.8
855,9,107,11,33.33110413076686,21.518739234393827,33.33110413076686,27.38044795425501,10.072105583848101,25.31938143435522,27.93723225055366,28.77463324371196,0.3
855,14,146,16,33.33110413076686,13.360261776566869,27.748958394523093,23.18146893793987,13.951313668362127,22.246463176532238,24.15167248143584,24.853791216675557,0.8
857,9,85,11,13.38128435960313,3.972656533239835,13.38128435960313,10.481513101611615,6.654619877530267,9.56496721791812,10.948488510088403,12.395943754722246,0.9
859,9,131,11,11.702068958885288,11.702068958885288,14.211996136084364,13.373092511840639,0.8404505524213649,13.001392377532422,13.823553115520745,14.03768241064566,0.4
861,9,104,11,13.871387673008513,3.910542119323465,13.871387673008513,8.195561679727806,7.817661746313886,6.795032576226213,9.03567102363134,9.384459817861005,0.9
862,9,123,11,14.94851281866903,6.031941886431456,14.94851281866903,10.412604831655111,5.688660623644937,9.221753597051336,10.230442604059885,11.200008090512911,0.8
863,9,112,11,10.957954663363987,9.34580557151848,11.154556064470782,10.605633321624225,0.3059351921202249,10.639634838043506,10.852333874571055,10.940653660146701,0.9
864,9,130,11,31.840877527301295,19.614317951181,32.66619077447869,27.837620157319908,16.635233110388803,25.171446263500748,28.13516428023447,31.732911343261378,0.5
864,14,178,16,31.840877527301295,19.614317951181,27.544160743562898,24.93269124656222,7.748133474564152,24.422384412172004,25.67304189773816,27.237355855026525,0.9
866,9,116,11,26.023083767463937,17.12935052606482,26.023083767463937,20.4572258886614,8.040833086855987,19.307666599955567,19.66262979950058,20.705978401816758,0.8
867,9,109,11,87.59726203369851,42.00296799916178,87.59726203369851,58.099349247825764,189.00825827368718,48.79192234001648,53.16612041551116,64.53129170318346,0.7
868,9,134,11,12.454656335083365,10.582853119407101,13.057270945368876,11.850891643651053,0.7283563485649968,11.116013621097595,12.082399486605194,12.454656335083365,0.8
869,9,132,11,33.288243596065435,21.16416804691811,33.288243596065435,24.785486161713525,11.338555249969938,22.736994033267674,23.32486794715738,25.830319908996138,0.6
870,9,95,11,25.596232012390878,18.31952320575564,25.596232012390878,20.588713387720595,3.7709142215138356,19.606416443331923,20.307896887363576,20.977354592681397,0.9
873,9,92,11,10.792341638064244,2.4386005745508315,10.792341638064244,4.721770170130551,4.900397652162513,3.917674042237244,3.999938577190802,4.419354177601981,0.8
874,9,124,11,45.29876390882646,34.58966713175059,45.29876390882646,39.08597184213895,8.17415826440061,36.85581500991483,39.37619594005223,40.42852167929,0.6
874,14,179,16,45.29876390882646,32.64429248451671,39.679617683025874,37.047803503843184,5.646911171124441,35.074984458631405,37.3049998902805,39.25759908643781,0.9
875,9,116,11,26.55607886956752,19.871557267763286,26.55607886956752,22.64590093651205,5.319268388366734,20.598200395970384,22.472941421465798,23.479031361511563,0.6
876,9,123,11,31.21511880260656,26.819039964490738,31.21511880260656,28.671779752195427,1.60159936017759,27.910243373439485,28.5475983293425,29.491196835438956,0.9
877,9,138,11,29.733980986923243,21.37262728466546,29.733980986923243,26.16903650988318,8.114476653661443,23.627836539223747,27.49601856356165,28.499713124635097,0.4
877,14,193,16,29.733980986923243,21.37262728466546,27.314526898048534,24.89827437179747,3.8598362957003283,23.627836539223747,24.874026726505555,26.71112033132319,0.7
878,9,84,11,4.237862287955142,1.753756323784379,4.237862287955142,2.947055799522289,0.5441476492288073,2.529681035624682,3.028712129627316,3.4413610715884473,0.9
879,9,69,11,9.631818380026868,5.793710131200557,9.631818380026868,7.552032343809647,1.1572412499431473,7.088877377279339,7.186728367921989,8.155451830854647,0.8
880,9,111,11,13.77934600188625,10.593202507915665,13.77934600188625,11.886460395230639,0.7938820470051393,11.258208183874089,11.822983455997315,12.26402126989373,0.8
881,9,86,11,18.941483753780776,10.919046582095925,18.941483753780776,14.06789700657212,3.865306217456678,13.164982758271549,14.05923113626393,14.533556523877522,0.9
883,9,122,11,55.30289977522207,27.342083695301547,55.30289977522207,37.48372472854597,100.68274524060344,30.885512970862496,32.08976506543015,47.04930428245572,0.6
883,14,159,16,55.30289977522207,27.342083695301547,33.91600141340415,30.79434190514242,4.6972292532634405,29.360099234606132,31.056009035473295,32.09595496071073,0.8
885,9,111,11,6.844460011855863,3.1496653391905176,6.844460011855863,5.010086949602011,0.8782852911545627,4.539073404995088,5.008181552822617,5.527697195279752,0.9
886,9,99,11,24.434141009541378,12.893887019540058,24.434141009541378,16.70076901693247,11.031631677750642,14.075155780543719,16.316708985971093,17.35644714420528,0.6
887,9,132,11,21.98471471778859,21.97122771912197,23.826483429014466,22.73724539115289,0.47056844133190134,21.98471471778859,22.85669483335458,23.127544564742816,0.5
888,9,118,11,19.152587525837923,12.2617302796952,19.152587525837923,15.270386956226716,4.99655246811549,13.637193486675217,15.042429961109098,15.599915826632497,0.8
890,9,122,11,17.925752167658402,8.800292547964727,17.925752167658402,11.836737066195312,9.126092227264374,9.614175616223609,10.36168434741277,13.111645978387712,0.6
891,9,138,11,78.04807634468476,37.99278851661218,78.04807634468476,62.118438091018525,218.18459872958664,49.297521727244465,66.65823383407329,75.53989497593079,0.2
891,14,190,16,78.04807634468476,37.97530299950349,58.99857172544297,45.3401060810594,38.653645645918814,41.82047444809116,43.53943238794875,47.65073581484302,0.6
893,9,118,11,16.797047811798457,9.975455861120734,16.797047811798457,12.248778459190701,3.3706801298374587,11.216393878870495,12.01804722568526,12.154017807240837,0.7
894,9,115,11,11.280722776941403,7.28190692018675,11.561030292321039,10.144339812436959,2.0095509060881276,10.043998557514348,10.52976537917041,11.227735453011768,0.9
895,9,125,11,18.821160937234534,16.41107240133829,19.51509428216645,18.417180862290948,0.7219758712702287,18.070345949684594,18.47477872025849,18.821160937234534,0.7
896,9,119,11,10.120938024868197,6.991603260830784,10.120938024868197,8.71736865579187,0.7832779791290935,8.460249961606676,8.971733902465294,9.202983478306324,0.9
897,9,95,11,30.33894671930841,20.21545566069061,30.33894671930841,25.525005905354693,13.677473243157214,21.56471745378782,26.669880939541827,28.793206838710585,0.8
898,9,130,11,37.46543794459167,24.167998163154827,37.46543794459167,30.58361233758496,20.490271907353563,27.21377677094884,30.02669121316957,34.14504196823776,0.7
899,9,87,11,13.32233772141405,5.484213706794893,13.32233772141405,8.874652768259436,3.246138881700257,8.333087283431393,8.866036396498465,9.02527826752809,0.9
900,9,121,11,20.161062156041943,16.67586375433997,20.161062156041943,18.22422529057058,1.2499856998935388,17.42538309927179,18.06116944480701,19.21079292575714,0.7
901,9,122,11,27.488198385433847,19.536379161982264,27.488198385433847,21.91759277018013,4.732128206599036,20.314429964839288,21.731242904860114,22.08072777668345,0.8
903,9,106,11,17.46309932992679,15.209596450292297,19.905882618565364,17.694484059078498,2.250495178026746,17.125071564772732,17.511857396913886,18.73105791451868,0.9
905,9,87,11,17.021606827725897,14.330703727557385,19.623867998712214,17.427678702635397,3.0480816263827166,16.425009628753628,17.706159142928847,18.62349114600051,0.9
906,9,126,11,125.79023459058259,103.06765116063102,125.79023459058259,114.71128743433019,30.49060211942438,112.06191657002421,115.43488011668525,117.26289537741249,0.0
906,14,171,16,125.79023459058259,70.53053458607552,114.38805215718853,95.3324760562774,294.0210651855978,78.65986223106445,97.91713235196363,111.93707971193008,0.3
906,19,206,21,125.79023459058259,70.53053458607552,92.76661354329626,81.48150772140022,60.69910304190637,74.90684774547053,82.35875492593067,86.46942436221502,0.8
907,9,113,11,25.613903122647756,14.946682281588206,25.613903122647756,18.5140579506696,8.867875590438652,17.51160348844951,17.565198161860145,17.949988694010358,0.8
908,9,143,11,27.51967811596846,19.117878439829788,27.51967811596846,22.363827075356234,7.468083510261058,20.813660965402722,21.328605147026344,23.996360132769958,0.7
909,9,116,11,28.387496192205703,15.654424883110368,28.387496192205703,20.5679536714131,14.3437109841045,18.478754284893864,19.853040971882272,21.25272569021803,0.8
911,9,113,11,17.502069413560612,14.852503589541305,17.502069413560612,16.12099580753036,0.3808012065803802,15.909843208876868,16.17199618332835,16.292488352259042,0.9
912,9,79,11,20.283429935028288,4.73276432565355,20.283429935028288,10.481098122700041,14.57965898139193,8.586789828892602,10.345851644129315,10.739984612360285,0.9
913,9,132,11,23.10426812403255,21.660023316424816,24.32406046412574,23.30866781690598,0.5307881329340862,23.10426812403255,23.18993500256463,23.695509631584063,0.7
915,9,132,11,47.023407288363245,22.51360270833857,47.023407288363245,39.36531255129076,50.49174738891085,36.19295700515659,42.34822085596024,43.07433406835129,0.3
915,14,190,16,47.023407288363245,22.51360270833857,41.86625231306779,33.95698004697577,21.37370118758857,33.05447553536278,34.02850509050654,35.382388005118756,0.8
916,9,105,11,52.564245529737775,27.758939373595922,52.564245529737775,35.29175751494877,60.35851497232053,31.08374102773074,31.5735489410392,37.10599469471628,0.7
917,9,138,11,31.607245030468878,24.469466794955427,31.607245030468878,27.000399628084047,7.098708801441735,25.101715874793467,25.6295205561636,28.73187374460877,0.0
918,9,87,11,31.882153696125897,23.912788148254748,31.882153696125897,26.847022843620994,4.323546841735131,25.94531798378961,26.19274984815778,26.866156383831555,0.3
919,9,124,11,13.885797504524783,6.942037847714645,13.885797504524783,9.159489354748127,4.0360088164890096,7.656036050740028,8.711903097101601,10.242449008590299,0.8
924,9,119,11,65.01999374291239,53.087843840432,65.01999374291239,60.52455169740317,11.373050537622444,58.954233860067234,60.9370330468611,62.776671963143095,0.6
925,9,131,11,18.98912802659433,14.65897777066477,20.622807575082263,18.506278359960703,3.0298990089789486,18.158205189444,18.98912802659433,19.617167412919176,0.6
926,9,113,11,5.628835133789725,2.7227528068316627,5.628835133789725,4.825193467637455,0.6792820261542346,4.863271875402505,5.099477214627484,5.1764323475328196,0.9
927,9,119,11,25.02783597091518,20.431849192993138,25.387389285266465,23.829834968193158,2.4743054667983766,22.959323573574878,24.342014932947755,25.02783597091518,0.6
928,9,128,11,25.292842547985714,10.63084999015204,25.292842547985714,19.368477674207593,17.735735618514795,17.622007816652335,18.96010853317129,22.036171866227328,0.6
929,9,102,11,49.58146859543086,38.358462227767404,49.58146859543086,42.262223977518566,9.146847318219326,40.44193798465429,42.08322180274484,43.40493318272629,0.7
930,9,119,11,23.089104188291415,15.425928422019227,23.089104188291415,20.709591709187546,5.231954915553699,19.78389853821239,20.562960297221693,22.912902852703628,0.7
931,9,113,11,31.8592701055757,11.595417590869548,31.8592701055757,20.87430599243597,33.50166679361652,16.35115348008784,22.54415319693053,23.79482605579095,0.9
932,9,112,11,15.885397965926003,7.83409456545882,15.885397965926003,11.56674660560438,4.3865505956899415,10.045105612265676,11.893363956582256,12.558404412641371,0.9
934,9,100,11,22.562245719109846,13.346805245221638,22.562245719109846,16.875392682628306,6.352941454429397,15.13539422645334,16.242991263804306,18.371626385841218,0.7
935,9,91,11,19.07192638867105,5.483275552769445,19.07192638867105,12.293007399843484,12.920558561498359,10.074544522020856,12.357547120831534,14.533521864848773,0.9
936,9,113,11,24.565060549124347,19.174917606798893,24.565060549124347,20.965210951349317,2.5607458487499493,19.536540520347074,21.043806891612984,21.78780890881971,0.9
937,9,131,11,49.804815188797015,48.638017523652465,53.170089840980914,50.88220837401046,1.6923430099420123,49.80918668842938,51.184092196625556,51.39605685950988,0.0
937,14,191,16,49.804815188797015,44.27812478361555,51.0781095270882,48.84008299798245,3.367278455001737,48.78517250440677,49.46113969375123,49.804815188797015,0.2
937,19,256,21,49.804815188797015,43.98130091549725,49.40158541075142,47.40968678379378,3.297689010873513,46.869497518897326,48.20062414531306,48.564368863811175,0.3
938,9,106,11,16.071772451547872,11.109957662022051,16.071772451547872,13.769393427825246,2.848312443329918,12.434467398382566,14.290934486562854,15.187789435847332,0.9
940,9,109,11,19.093317886909645,16.996894009636698,21.753064474828687,19.459080513610978,2.3642525034193844,18.374598431749064,19.34866589804775,20.38957343937472,0.9
942,9,106,11,14.570857412012385,10.457562442630035,14.570857412012385,12.976874885258159,2.267083880506125,11.703325563984146,13.641245339425092,14.216851054613146,0.6
943,9,128,11,12.777270924508024,12.777270924508024,22.866375682630043,18.636100992136257,11.77730871855845,16.87813235835106,19.40345379919171,20.859828340665377,0.7
945,9,123,11,53.95491242628945,34.68790627687445,53.95491242628945,46.46434374617621,49.138249980479415,40.06533068413794,48.818003188673515,52.19433163184898,0.3
945,14,169,16,53.95491242628945,33.49634915085774,47.93531952523954,39.51361667853626,21.80204298387107,36.66444252605186,38.350451740307264,40.986061148571125,0.6
946,9,112,11,21.172995336148272,14.371334077041068,21.172995336148272,17.26328179055843,3.232709908176278,16.358266034681623,17.41357934168848,17.89003844049552,0.7
948,9,117,11,78.58932857550752,56.20504401165003,78.58932857550752,66.19358157664236,36.17388787199686,62.44954663112492,64.73565626159609,69.27647145027849,0.4
948,14,176,16,78.58932857550752,56.20504401165003,64.41654854884686,61.27540073468581,7.811326666399189,59.398078443341504,61.57786277865041,63.969227394327326,0.9
950,9,126,11,10.466451889603444,10.466451889603444,11.854256602638001,11.279210124386163,0.2812209020371857,10.802645714862548,11.38516014358467,11.756305942302216,0.3
950,14,166,16,10.466451889603444,4.119661844215429,11.319893006357201,9.832910924646658,4.081012535987281,9.803526000065753,10.466451889603444,11.0616038167416,0.8
953,9,122,11,22.543437797759225,18.984437114555462,22.543437797759225,20.99142383907239,1.5050911317241098,20.033498972167898,21.504445147152687,21.812888031018957,0.5
954,9,94,11,21.569719219686906,8.38331399607206,21.569719219686906,17.102341915087397,16.61413719331181,15.462713968028893,18.00383676367352,20.447731372387278,0.9
955,9,115,11,20.507421394313113,13.271957604673588,20.507421394313113,16.266218402278163,3.6858452494705447,14.816102228715417,16.34706735516697,16.862780404245946,0.9
957,9,127,11,27.516894694287366,17.36927395667322,30.73785609196881,27.018140281865705,23.387863165789234,27.516894694287366,29.296248807340827,30.088755417746803,0.7
958,9,135,11,28.069666328328907,26.152418928956962,29.411196747554794,28.126958274993136,0.946175218481811,27.618305406001905,28.203537875599384,28.94350364431029,0.0
962,9,120,11,26.419362477976563,19.901930319603714,26.419362477976563,21.87858268810125,3.0909856576231776,20.6644259264915,21.690911943576275,22.34063118981149,0.8
963,9,120,11,18.56273807900845,14.882923543558249,18.56273807900845,17.007308838609454,1.3780741753009291,16.08273815253801,17.415102747636265,17.865275493579126,0.8
964,9,120,11,47.57754792387155,25.09660918513696,47.57754792387155,38.88484007188,35.316454055215715,36.45273390478398,40.57224962548592,42.32034252037614,0.6
965,9,96,11,10.73331806229192,5.643890816184036,10.73331806229192,9.455320249235944,2.2606154943025656,9.058958109339692,10.09506328834027,10.425643927532722,0.8
967,9,128,11,31.473219271884727,18.329181721802048,31.473219271884727,22.452363942835795,18.977126956236056,18.593964809681566,20.72164642331557,25.909093847955262,0.5
967,14,182,16,31.473219271884727,18.329181721802048,21.021515720231307,19.547599529417273,0.9921429294111516,18.593964809681566,19.293718614843897,20.436917483793025,0.8
968,9,130,11,86.13333461950816,75.67686334126218,86.13333461950816,78.5909323223473,12.790383607839143,76.07395731476065,77.36299222942405,78.17567593060784,0.0
968,14,182,16,86.13333461950816,70.97148887107967,77.59438800272558,75.50777179538875,5.0369054434110785,75.7263560053332,76.14917458222232,77.05390318795047,0.2
968,19,232,21,86.13333461950816,64.35975421394949,76.29960911714568,72.22747656494202,17.607551926342854,71.08019701335294,73.33945524439662,75.82534133347524,0.5
968,24,293,26,86.13333461950816,60.429835820450464,74.15375746398985,68.98234628576982,18.200209691030906,65.51823250849759,71.09688693713156,72.24544512864574,0.9
969,9,117,11,32.97233316629732,13.640953462350469,32.97233316629732,20.094895510196938,32.46253261190549,16.911683935011258,18.28019189101871,19.625140317811457,0.6
969,14,167,16,32.97233316629732,13.640953462350469,18.936685868718953,16.98876735632846,2.0405397600335893,16.414102333984452,16.974402072098997,17.706858895174204,0.9
970,9,127,11,21.726182400865117,20.442522300140848,22.894471590528568,21.73466680508818,0.6422699858597403,21.234886664016674,21.726182400865117,22.28672430642265,0.9
971,9,117,11,5.036770521450966,3.649257879562214,5.036770521450966,4.586857326742159,0.187277542474707,4.468511978296298,4.666574435113217,4.950965017451942,0.6
972,9,90,11,16.23847763624208,15.479185067879467,22.33584012092291,19.215944656331935,7.359591382534272,16.23847763624208,20.461752893836685,21.514198545726412,0.9
973,9,124,11,11.626082509695255,8.579238815356666,11.626082509695255,9.736278469474668,0.7728113004590788,8.972825981358788,9.798500645505728,10.19725493556183,0.6
974,9,126,11,13.706282744171286,11.198247307113931,13.706282744171286,12.374976274072765,0.6204252335500045,11.88424496157966,12.161707496732355,12.685836792255733,0.8
976,9,129,11,12.500023564041213,12.500023564041213,15.412642200202432,14.064132927939482,1.0725767074063304,13.145363933457649,14.223176446065022,14.930354294648854,0.5
978,9,111,11,34.68698211009331,22.642077925974228,34.68698211009331,30.89737157315069,12.537778011372563,30.46500310481541,32.28563753417029,33.1520959082884,0.7
979,9,130,11,20.31489437685928,13.288689110802835,20.31489437685928,16.433439540648205,4.783035640998165,14.174728934265719,17.30198388129485,17.765701804182285,0.7
980,9,107,11,8.441230112314692,8.441230112314692,9.706620707139953,9.070698952847614,0.20605130987908765,8.673167990747597,9.022483682988806,9.46521333116645,0.9
981,9,134,11,31.59792583020846,25.834972703198645,31.59792583020846,28.39966792236126,3.2947202030437204,26.740305270356934,28.914204007424573,29.594573084636135,0.5
982,9,122,11,27.614595681326094,16.31300383302153,27.614595681326094,20.31317759742954,14.375602363793021,18.01137366064741,18.245014430003287,22.96392274708971,0.2
983,9,96,11,31.712864438481134,14.188742768789043,31.712864438481134,22.302053045909854,26.114112321211547,20.10593258900382,20.962844845425696,24.14095726645966,0.7
984,9,124,11,19.102376909613334,15.735840871130684,19.102376909613334,17.191304296772085,0.8586356185757358,16.56204633198327,17.347713321107193,17.676171643423594,0.9
986,9,128,11,20.892088122717528,11.951449983630399,20.892088122717528,15.28809590253393,7.584130150723569,13.75303403422987,14.488135907854309,16.084271878157296,0.8
989,9,103,11,22.21628637181712,6.45359492602279,22.21628637181712,11.883069744894282,19.88951669076365,9.43436768180646,10.000246081150593,12.633418160654589,0.6
989,14,154,16,22.21628637181712,6.45359492602279,11.26511356876379,9.724892084460736,1.7868313165909147,9.43436768180646,10.000246081150593,10.622806869893903,1.0
991,9,140,11,17.353280135388346,9.787758776387706,17.353280135388346,12.213058490057424,5.041229910590467,11.227924286435487,11.388489466939808,12.386086719287137,0.7
993,9,111,11,10.797755335613392,5.819531182894599,10.797755335613392,7.541093768821709,1.7160226886978287,7.006513265675439,7.271188290596951,7.877731955284896,0.7
994,9,119,11,16.851611120420767,5.226974270740362,18.028896695245475,14.34832160613847,11.498226030843387,13.908827600791373,15.187612764735183,16.507581865914506,0.7
997,9,136,11,91.87454136964494,20.114478872846853,91.87454136964494,47.56273477667795,518.1877337927278,26.93860461000695,44.96205302534886,65.49298062810128,0.3
997,14,182,16,91.87454136964494,20.114478872846853,40.67401798359482,26.609172190833636,27.515500994422222,24.425590539972454,25.255448496747466,25.84323732058802,0.8
999,9,113,11,7.050042558882579,3.6045522585573755,7.050042558882579,5.036504631279331,0.8468832883708044,4.347785649340505,5.1063669913360625,5.473618060510421,0.9
1000,9,124,11,20.442384221906288,16.53856243025028,21.412349559638713,19.44464781856335,2.65645400318681,17.963844928684374,20.19616332476751,20.442384221906288,0.7
1001,9,134,11,5.388527597619323,5.388527597619323,6.950572733828162,6.342557556533372,0.26690141747276364,6.26225702629287,6.506536004207803,6.692872128352903,0.8
1002,9,129,11,18.405536837995108,7.040015478201927,18.405536837995108,11.734151672048746,15.334053090070233,8.07945030750848,11.4185165203554,13.131337878459824,0.8
1006,9,107,11,17.042260441196152,6.218254282961336,17.042260441196152,12.131206300235695,9.25132941450659,10.584832844416763,11.88332143307498,13.578519859589761,0.7
1006,14,156,16,17.042260441196152,6.218254282961336,13.199676832879142,11.170183695119054,3.8679105980703015,10.584832844416763,11.625966873117552,12.550668946073227,1.0
1008,9,81,11,20.95403320652446,8.927858686247557,20.95403320652446,12.22206079226233,10.512162534768233,9.994652000344567,11.934548318726382,12.92928490832877,0.9
1009,9,102,11,13.026758972980163,12.2509956270557,15.891256636752555,13.585805378322371,1.9503548695791804,12.651791688316912,12.987112696517514,14.699653888088033,0.5
1010,9,118,11,20.738516222975665,13.635648010157036,20.738516222975665,16.37033915298452,3.5204585538836355,15.328961953945708,16.1930488550705,17.310841903603865,0.6
1011,9,118,11,5.784190766352706,5.441830215235486,6.268896787656061,5.918826695926262,0.0775880991727578,5.764986705668373,5.9406922101167865,6.153410215265329,0.9
1012,9,126,11,17.05262675992104,14.835094844331742,18.297009538175505,17.047277959651815,1.0418490754289476,16.681607799303876,17.05262675992104,17.93622529571172,0.5
1015,9,110,11,32.68746058914485,14.069696210819876,32.68746058914485,27.462708934736604,25.786718785723906,26.073252561872977,28.534487608935944,30.350919596204484,0.7
1016,9,80,11,14.13431759136251,5.040768939934722,14.13431759136251,9.361699337126105,7.621437656084311,6.862675828940043,10.07939273756771,11.185689921589606,0.9
1017,9,130,11,16.351742103522703,10.452241755556056,16.351742103522703,12.533112292468413,2.347897286614922,11.871396014333872,12.295448349227431,12.811999702940023,0.7
1018,9,129,11,46.55055958852506,26.88140056117409,47.39761850047533,41.16587347250062,57.182247149586395,37.59594176972986,44.9117667669376,46.95109022692688,0.2
1018,14,195,16,46.55055958852506,26.88140056117409,43.27297394535014,33.86989148277719,26.801538353643036,30.721865938818198,32.76836729381773,35.35677209348406,0.7
1019,9,116,11,46.60413836187628,33.01883997102928,46.60413836187628,37.4928099812409,22.999681522891592,33.58558697447122,35.9343492566898,38.276671475243255,0.5
1019,14,164,16,46.60413836187628,33.01883997102928,36.80112375648322,34.80041152242939,2.0222953117610643,33.505967674471506,34.547505664099475,36.278424431481795,0.7
1021,9,115,11,25.12999715228537,19.371211880108902,25.12999715228537,22.81132747924088,3.2010959354637145,21.425237593048944,23.34595265159888,24.169682207702017,0.8
1023,9,134,11,29.04133932341906,18.843584130981007,29.04133932341906,26.831802991504155,7.754914229087754,27.17429206755009,27.280924142241027,28.232808142126608,0.3
1024,9,123,11,12.852964732692332,6.222806923868609,12.852964732692332,11.001761352016159,3.547659438406188,10.309400686161817,11.538155091964153,12.36287248329801,0.9
1025,9,101,11,48.898039692581904,27.501422280178335,48.898039692581904,43.27043019588158,49.55685419165216,42.61662113248906,47.317670566419295,47.813933523037164,1.0
1026,9,135,11,45.06005589008015,29.927875323955597,45.06005589008015,35.37344419707903,14.315903522522675,33.28377708749153,34.914888139430886,35.84663771929408,0.8
1027,9,105,11,21.044521115619542,17.142545331659086,22.54336007956696,20.44603158895391,2.517398119237291,20.04522117493747,20.84702058117338,21.044521115619542,0.8
1029,9,98,11,15.18519027223884,7.643275626349774,15.18519027223884,11.969951428767722,3.9567433252930067,11.500760997473295,11.833194758985066,13.286409000289286,0.9
1032,9,104,11,12.828419433900091,12.828419433900091,18.06809676557146,16.17208589247104,4.419539972104181,14.274563729297837,17.473678919662238,17.89927701466079,0.9
1033,9,114,11,24.54740575717568,15.014779083064878,24.54740575717568,20.72839585714701,7.058489586038173,20.268585858026384,20.90751308007315,21.424614477871867,0.8
1034,9,109,11,11.396985571105393,5.033387081540994,11.396985571105393,8.335604676402431,2.8358071677070407,7.494805780823844,8.93049582037093,9.11153387350001,0.9
1035,9,137,11,38.60550571479985,33.9469742872931,38.60550571479985,35.65154623206807,1.2408111193449667,35.23628971387876,35.415555419556114,35.72064206630188,0.1
1036,9,105,11,12.148912510413773,7.844844527309394,12.148912510413773,10.224274100491307,1.3799614553414097,9.908627853791685,10.250573249592794,11.02831251690257,0.7
1037,9,116,11,44.91469658910209,27.854334439502725,44.91469658910209,32.802968036060186,22.13089316198684,29.511777547743545,32.118855718946264,33.02897092874851,0.8
1038,9,119,11,4.9730875278593665,4.9730875278593665,6.489688912400302,5.758271711006736,0.31855882393981183,5.189115987367979,5.851526579809003,6.17654772798311,0.7
1040,9,120,11,75.34609996702633,17.162522453170656,75.34609996702633,44.27676407484172,455.5772694405494,23.432003659862623,40.9921964691126,65.4354960044399,0.4
1040,14,169,16,75.34609996702633,17.162522453170656,36.4687743412792,24.691008639548038,21.523519237379055,22.507728393596437,24.563445269252846,25.665729253992296,0.9
1041,9,95,11,12.84732061366218,4.974010094186404,12.84732061366218,7.48636541886885,4.194366750634002,6.038816077063226,7.4733028030012285,7.951853412209927,0.9
1042,9,126,11,52.0021385810872,31.2167321035052,52.0021385810872,38.649610580271556,44.152744477039626,34.16016565100148,36.53531782504622,42.18665938434259,0.4
1043,9,104,11,32.10486802635744,23.4745254390225,40.295502492856386,33.80870494364872,24.017927546691713,32.10486802635744,33.981946060514915,37.87106197739638,0.8
1045,9,127,11,11.449135434226232,10.751603716311797,11.464068206474266,11.135808279741198,0.06080642195127863,10.942407297894242,11.113441512557106,11.39292243230437,0.6
1046,9,128,11,13.395632979245622,11.145821363395674,13.395632979245622,12.478302734571335,0.41181069164813044,12.379646787005141,12.544199025160516,12.805825213486079,0.6
1047,9,126,11,15.828235684441937,11.999523589445207,16.10273012694725,14.888875471771609,1.5288897307020215,14.747574514555481,15.14619801594882,15.828235684441937,0.8
1049,9,114,11,15.418101006741185,5.705605411790762,15.418101006741185,10.979452472313586,5.439641897608903,10.344052144030703,11.31474051370136,11.925555509084836,0.8
1050,9,110,11,11.15243370373857,6.2669432714891435,11.15243370373857,9.608512078584582,1.7735935211318004,9.262402951496743,9.957200998464067,10.537108704546869,0.8
1051,9,137,11,13.700823235360506,10.218070437569637,13.700823235360506,11.795809766745524,0.6946768044486334,11.443272205033363,11.719423788274689,12.138866273527295,0.8
1052,9,94,11,8.375055773195006,7.6654055387752695,10.722814075665868,8.923306370365285,0.81840012815478,8.375055773195006,8.50359095673899,9.619269582744348,0.9
1053,9,118,11,9.659885249636385,6.0109962231883864,9.659885249636385,8.356626641613687,1.2822897605878225,7.500131340030479,8.727905797922304,9.207559244926037,0.9
1055,9,123,11,12.621131286431122,12.546005937377515,14.07958573175706,13.298529108226035,0.2734591391601494,12.780385376020524,13.336102362593795,13.750800599731122,0.8
1057,9,128,11,27.981654392787007,23.55907821275026,27.981654392787007,26.196965299485186,2.2956229208408576,24.895518085443317,26.58907455089349,27.225149111867324,0.7
1058,9,136,11,31.415211044674813,26.530028059435715,32.670005210187895,30.694915653082994,3.168490646014572,29.65298093941896,31.415211044674813,31.624395851644422,0.3
1059,9,143,11,13.58226927298395,13.58226927298395,19.423407362967666,16.98667228591333,3.8378950186059777,16.523199743196486,17.253465137314727,18.48405699142536,0.6
1062,9,139,11,29.787990241640305,27.389758698138873,31.207167668041862,29.778381603205105,1.6907516894664425,29.497032742041405,29.90376107789558,30.8007739270568,0.4
1063,9,115,11,20.29207268720818,16.589311961758227,20.29207268720818,19.051628142415755,1.2368195028022475,18.367351334060263,19.115963473665843,20.05736672517255,0.8
1064,9,98,11,9.516247834133196,1.7789772802346406,9.516247834133196,5.356084636762465,6.481287708956134,3.152041375438688,5.263544759113978,6.872726093229416,0.7
1065,9,130,11,20.836109976557047,14.11212685321517,20.836109976557047,15.86351934292841,3.3107014863818636,14.681057917327248,15.602299728027187,16.153818536890206,0.5
1066,9,109,11,24.551956868427617,19.584437271390186,24.551956868427617,21.932060258476863,2.5758738855744427,20.542545550819376,21.905820892331256,23.04889707976921,0.7
1067,9,105,11,18.517355665717112,10.708220174345666,18.517355665717112,13.48735766891988,7.374837214389882,11.156505612162839,12.600530934860991,15.775752273568045,0.7
1068,9,104,11,34.21208796401358,33.95271038033863,42.75038845008304,37.49341197604946,11.404264445007673,34.21604405490873,36.73181117331447,40.71463302386652,0.9
1069,9,119,11,29.082829925090042,10.618453963509346,29.082829925090042,18.084587231240953,23.192229794036667,15.61355617649075,17.13922310480988,19.779230875869622,0.7
1070,9,117,11,55.52939698692586,35.658392834440775,55.52939698692586,49.24146032426033,29.94366213010099,47.434652976426904,49.52413787189546,52.44167355905151,0.5
1070,14,161,16,55.52939698692586,35.658392834440775,51.124429488972225,47.32418991568828,17.28562591338389,47.04669343297198,48.11308874881382,49.45157001908363,0.6
1072,9,132,11,14.61948534157499,10.524275615577016,15.138839505240897,12.868604801011164,2.463019462112882,11.702741567299356,12.58512909811467,14.497901312379675,0.6
1074,9,146,11,36.049767420900494,28.840401329329076,36.22222428630579,33.287365045553486,6.589267399008508,32.19614545245014,33.614834375109524,35.72138214301184,0.2
1074,14,208,16,36.049767420900494,24.748897940161548,32.86239296100662,29.707394027913267,5.406840900281971,28.836594957144506,29.631643093067346,31.664565200544285,0.7
1075,9,106,11,39.68942824190724,24.4390311390491,39.68942824190724,33.37849374162804,14.759237175690293,32.96378019302131,33.77246521402331,35.35409961787701,0.8
1077,9,118,11,36.368119758434354,24.815763100228462,36.368119758434354,30.493311570334107,13.755728738845018,27.980387973803026,30.607304867668546,31.989722909123632,0.6
1077,14,175,16,36.368119758434354,24.815763100228462,31.76971894392049,29.22537909531536,5.09688604887881,27.980387973803026,30.28607376113125,30.61199528734181,0.8
1080,9,143,11,31.54400743922776,21.27109664835156,31.54400743922776,26.900219512117793,12.249375639407539,25.230877717248745,25.740277859297212,30.480116682588314,0.2
1080,14,194,16,31.54400743922776,19.399908392034597,25.73468748684944,22.889254324536974,3.9094898131284817,21.51759416214972,22.626644625522736,24.538247924308354,0.7
1083,9,125,11,13.283399408387162,8.938039730866226,13.283399408387162,10.732911042658783,1.6390108413343616,9.985333211896712,10.592464992873271,11.453772275136899,0.8
1084,9,106,11,43.90431425081535,38.06686696002862,46.69637869013991,43.04263796997959,7.67483182973248,40.844233703618315,43.910235209905444,44.536832561654066,0.8
1085,9,123,11,66.192390507782,29.856702608917043,66.192390507782,43.08814430152532,163.53058429523304,34.33527207412242,36.009834945265844,48.87234713335502,0.5
1085,14,165,16,66.192390507782,29.856702608917043,36.39128038319786,34.223913259956795,3.287382951656803,33.317251841783175,34.39663321675141,35.67345704612964,0.9
1086,9,92,11,50.03484753815606,43.69765475734664,59.11758644506709,50.11647397405439,15.493089109195477,48.309504609534606,50.03484753815606,50.87409561722025,0.6
1088,9,125,11,14.827313240552737,14.17653275279365,15.339854482001051,14.913793801246396,0.13584315201694647,14.681442362937037,14.99686342259469,15.22046972325729,0.9
1089,9,65,11,9.134656009886708,3.212549041058953,9.134656009886708,6.592302988529935,2.7817570245037815,5.430907413036019,6.864590614918644,7.937658524824295,0.9
1091,9,140,11,20.533503422459745,19.61651704314461,22.378301298019885,20.98136794922217,0.8096629020595035,20.316098582681796,20.636840687191047,21.767801721041646,0.1
1091,14,200,16,20.533503422459745,17.03658639051215,20.533503422459745,19.699631664120535,0.9128492466440328,19.61701694016146,19.803291909865262,20.23581788502263,0.3
1093,9,132,11,36.427806186023176,15.613257314723759,36.811120354674756,27.36996506492263,76.76470429966604,17.895802460400986,30.490251307593553,36.09212753311921,0.4
1093,14,181,16,36.427806186023176,15.613257314723759,30.194864938509838,20.14333824006423,14.782859116188419,17.895802460400986,20.226898621121535,20.61883601142123,0.9
1094,9,124,11,18.779178236490136,11.47769370703968,20.98620602886303,16.541650918257574,6.511476791808681,14.952391946985943,16.52516030962459,18.505602724383085,0.7
1095,9,105,11,15.637493718065311,15.637493718065311,22.589635111742787,19.8069991809027,5.252156581924139,19.235936081474392,20.367259037178176,21.467597632662788,0.8
1096,9,115,11,17.09108808994019,5.007566289338997,17.09108808994019,7.795907694223646,13.504943441350274,5.518208433561108,6.160922673526294,7.589231078016271,0.7
1097,9,109,11,19.374887524741943,9.302345496239834,19.374887524741943,13.292460115552197,7.410621720044958,11.231641754463705,13.107781782419497,14.701453805449304,0.8
1099,9,113,11,11.692133836372886,5.639738228257788,11.692133836372886,7.494006746474551,2.7113275264433776,6.378953942331367,7.295332491440504,7.988373514814473,0.9
1100,9,96,11,23.129027950209583,4.18416007235103,23.129027950209583,12.380561740856558,24.281565204238944,9.693414364989762,11.374217959193086,14.275729148012694,0.7
1101,9,109,11,22.2130420421275,13.6344794877798,22.2130420421275,19.067626790330728,5.089491641359577,18.833556772092365,19.38097699131881,20.46957367512461,0.6
1101,14,164,16,22.2130420421275,13.6344794877798,20.405090854853604,18.550202710453977,3.7683582438561034,18.104679558234945,19.088258730613333,19.865982769875927,0.8
1103,9,98,11,31.158062172153098,18.918400590412865,31.158062172153098,25.75216295550927,9.41105391961042,25.399750144996386,26.10118375957336,26.977677854427398,0.7
1104,9,108,11,41.35906231626184,41.35906231626184,55.56952138131692,51.02738142777224,30.201539636979597,47.781811977923326,54.119862791402376,54.804592154158065,0.5
1105,9,104,11,11.737316588034822,6.041445603315199,11.737316588034822,9.370317597468556,2.419482482576268,9.036693473152656,9.619177299962661,10.130242118010052,0.8
1106,9,108,11,19.41001184285645,9.468235466334928,19.41001184285645,13.742591408547451,5.204598891973914,13.181430288767874,13.429911739756642,14.0238559796947,0.9
1107,9,100,11,41.05508551019446,29.94099208203096,44.366396989696774,41.615473735585496,16.691913551441896,41.19858429823566,42.9231913488049,44.05518584041993,0.9
1108,9,93,11,4.726120824478986,4.539515766870705,7.428143420701193,5.8069774467232715,1.0314449666598189,4.781172722106975,5.741360990732298,6.738558409668847,0.9
1109,9,109,11,40.041999795859724,17.79058790784552,40.041999795859724,25.539769215061437,30.31697332228422,22.944144117510135,24.570865134630026,25.917604768856737,0.7
1110,9,91,11,18.097516657823085,7.3752404283333615,18.097516657823085,11.2822177734066,7.381180117191102,9.662549207582202,11.293587360562771,11.445539970951792,0.9
1111,9,104,11,23.932487542418915,5.987020151305547,23.932487542418915,17.42973588527167,30.29309744769599,14.393713188001007,16.34152201401823,22.994455529723787,0.6
1112,9,106,11,26.694793736324613,16.510157344454633,26.694793736324613,19.684845646655674,8.033909297765852,17.60966160471908,19.297439334356373,20.62739306698608,0.8
1113,9,122,11,30.40865890558924,24.509911879280835,30.40865890558924,27.013992013544783,2.2468075362864384,26.35953899104111,27.206167187137694,27.494810331078593,0.8
1114,9,115,11,52.310465671696264,39.916632700494446,52.310465671696264,43.784549428813186,12.356473161476842,41.76783190646079,42.90674398714914,44.20391039577585,0.6
1115,9,109,11,7.6634682760162,7.3467130233028275,9.800200255981238,8.448112605575046,0.6613215964785121,7.6634682760162,8.658500821420178,9.039415970927694,0.9
1116,9,119,11,36.947067075689795,19.93945441416635,36.947067075689795,28.775705111442782,21.17035217319434,26.39493312040492,28.358839326184818,30.92983881049423,0.5
1116,14,168,16,36.947067075689795,14.22988010864908,28.291918075752704,23.364755166702214,21.0427240600211,20.448808486996903,25.647143730738975,26.97788582230232,1.0
1118,9,111,11,25.745651700658,16.064759789148404,25.745651700658,20.332899812130087,7.731684864783302,18.764240792741912,19.859169603029077,21.94024634281535,0.7
1123,9,130,11,22.03008209672596,17.375794680767417,22.03008209672596,19.979208902590432,2.0095545224227096,19.040369849096713,20.13445702988691,21.0203698262667,0.6
1124,9,121,11,23.37319579759022,18.283384381293867,23.37319579759022,21.790206364253265,2.6248977313542547,20.98633736983755,22.31156568438211,22.99105885230709,0.9
1125,9,129,11,25.615471705252066,20.6822304778861,25.71872415056286,24.250110566475513,2.28470851526282,23.675948364117957,24.61071179264355,25.5406119950106,0.4
1125,14,181,16,25.615471705252066,20.6822304778861,24.188789511271032,22.728120554853948,1.209568294531212,22.271046254851605,22.932926450518796,23.550508201433573,0.9
1126,9,98,11,15.785774419804282,8.809627138147203,15.785774419804282,11.295067874853867,3.079035456039659,10.71895017458723,11.019807696799889,11.533790736244773,0.8
1127,9,113,11,16.69943848605166,16.69943848605166,20.952603030959075,19.41108028876021,2.1476109719076932,19.044044336413464,20.013079348188448,20.414963667706655,0.8
1128,9,81,11,4.947743335822186,3.690749739099404,6.022037769267346,4.7948774193340835,0.4532228002096733,4.395590182921452,4.857024208654861,4.947743335822186,0.9
1129,9,134,11,15.904575838971592,13.849673702459492,15.904575838971592,14.687659147099165,0.3291406773390906,14.283045473097522,14.546574946888862,15.051307747591297,0.4
1132,9,108,11,4.274940420884331,4.274940420884331,6.200815033502518,5.358594393959683,0.39014401083576905,5.178723557342665,5.4361092913830165,5.70169174642556,0.9
1133,9,120,11,13.898915927662486,8.404706037132923,13.898915927662486,10.915709404058347,3.038956065174607,9.205824861108288,11.622552878648637,12.023279692326957,0.9
1135,9,127,11,25.422699750947302,20.470481198342267,25.422699750947302,23.195659354803016,1.990905431368231,22.543495533063574,23.34324567246287,24.194164565464895,0.9
1137,9,115,11,18.257178230995876,13.125551810809515,18.257178230995876,16.03130648351763,2.3739146539415628,15.252406900103916,15.95037310898604,17.366147504834494,0.8
1138,9,122,11,25.931734797497707,23.469589488757308,25.931734797497707,24.41386336150443,0.5312900706566487,23.855610351751928,24.410335614285163,24.595229866175334,0.8
1139,9,115,11,6.879508142982022,4.471095738712332,7.543037042535391,6.438212966524385,0.9511550210345641,5.780972619497268,6.879508142982022,7.089915423749288,0.7
1141,9,103,11,41.24621414165949,25.391972818401,41.24621414165949,30.922613375577225,18.918676243838682,29.091350093091986,30.08941985680333,30.99036951059014,0.8
1142,9,103,11,16.571533882386298,12.232049024177982,16.571533882386298,14.104464320905095,2.0687768249915357,12.906532013419582,13.853948289256643,15.191272507001438,0.9
1144,9,121,11,16.715539899155754,9.811257117691895,16.715539899155754,14.817959115159757,4.077473003081055,14.493594726629004,15.416831911398386,16.12995331123184,0.8
1147,9,76,11,47.86805041903674,34.3246440846247,47.86805041903674,41.467576976410285,17.32639950480656,39.73066523942349,41.16766626846993,44.93370967460747,0.9
1149,9,100,11,25.230927665284348,15.765721441671865,25.230927665284348,19.342955019287036,5.7648600586648335,18.51713652314623,19.102622683222897,20.007171231300056,0.8
1150,9,120,11,12.145928888057467,9.946774814327789,12.145928888057467,11.010624184848577,0.5320259922285449,10.32107707238776,11.189742966474432,11.568651194185309,0.9
1152,9,113,11,19.886475722439723,12.150419824465178,19.886475722439723,14.79321291255495,4.788042741031554,13.035825586405231,14.374526178936458,16.01723716498956,0.9
1154,9,113,11,14.972303963766816,2.7568935121263687,14.972303963766816,12.317307659538283,11.01306979917852,12.559262278880055,13.358939197937538,13.982080698729035,0.9
1155,9,94,11,32.02108375099185,19.976086204058113,32.02108375099185,27.476024395986695,9.167680987564427,26.893705985058624,28.05049573356876,28.309957084478825,0.9
1156,9,122,11,30.14668262738649,18.233434296083036,30.14668262738649,26.326704364688577,11.139151624875408,25.022669106775112,27.07703281070839,28.228431953128283,0.8
1157,9,144,11,26.772473312316375,20.01178092714676,26.772473312316375,22.33094453568849,3.3071596075586074,21.381546627613027,21.77586419450676,23.04196185927696,0.3
1159,9,125,11,22.085983456842083,15.492211282366956,22.085983456842083,17.913424864657614,4.1210946765708805,16.402349666870983,17.572126861889608,18.837713413563367,0.8
1160,9,113,11,17.73325726728183,11.023129481272731,17.73325726728183,14.993724216446418,4.532338631626623,13.68313766510358,15.077016794272879,16.94910442737326,0.8
1162,9,110,11,15.480584774556664,6.753094922858914,15.480584774556664,11.0441184139803,5.2711187958602554,10.039569471459597,10.538254574449596,12.582525998558244,0.9
1163,9,108,11,44.193173033208836,9.50989607430666,44.193173033208836,33.70986782042375,80.17518502688162,32.71873959170212,36.03153512920481,36.91418022576612,0.5
1163,14,159,16,44.193173033208836,9.50989607430666,36.369228304455916,31.538567402229894,57.31321377376552,32.24031218888704,33.8682589007762,35.53065064005465,0.9
1164,9,107,11,11.130149904072294,7.5431605051386,11.130149904072294,9.396686052659911,1.2318247523602006,8.863852494715617,9.580653776764365,10.04185715695698,0.9
1165,9,148,11,45.43692493663481,31.454148999336102,45.43692493663481,38.611213407042854,25.061291624171602,34.417993757221346,38.44988160467343,43.4380865634171,0.2
1165,14,209,16,45.43692493663481,31.454148999336102,35.2224073491747,33.494352015898194,1.1117655223813934,32.96502945203439,33.248135914467056,34.18918565241442,0.6
1166,9,125,11,27.09533365454737,21.386298482553315,27.09533365454737,24.55442018949332,3.280699228678009,23.668482441363437,24.872819320868906,25.96142752890798,0.7
1167,9,139,11,20.484445162029402,18.2505352287436,23.456794597271116,21.21159960582533,1.8764920630067128,20.532299896647913,21.09028173576468,21.926867690565725,0.7
1168,9,137,11,48.01219553784918,22.850072845140282,48.01219553784918,34.91505722137488,69.12089342082763,26.79924599916112,36.32015403747121,41.50759330071067,0.4
1168,14,179,16,48.01219553784918,22.850072845140282,35.862314707504765,28.42876866317373,10.704288552735914,26.79924599916112,28.299969050794083,29.375270834387432,0.9
1170,9,101,11,22.782130479164906,6.944313682801315,22.782130479164906,11.628801226242544,20.35577686434922,9.157385552815043,10.618069986678021,10.862898465334528,0.8
1171,9,142,11,35.9501286333388,35.89905603887567,37.15637248899512,36.457735011590046,0.2150928899205072,35.96661845178589,36.477395222569626,36.79959814138837,0.0
1174,9,135,11,29.26688302303024,28.78985043727831,34.67655665331988,31.788719246405105,5.5408275346306315,29.27534126069052,31.840585408278212,34.28434568701552,0.6
1176,9,114,11,28.567321975132348,5.589112051246568,28.567321975132348,17.673915517160413,44.71918618629789,14.098854940900338,20.435033499273356,21.63890552055124,0.9
1177,9,119,11,11.90925018246136,7.572364498755277,12.586728185249466,11.20928241950337,2.1841963957984407,11.188465646061761,11.670664986298767,12.10569764122136,0.9
1179,9,114,11,12.094917512166276,10.680769122679942,13.559230803509696,12.308446070399095,0.49943170355327704,12.094917512166276,12.283521580065852,12.683564322717531,0.6
1181,9,131,11,23.62094664090549,23.62094664090549,28.458669945055455,26.708032981765562,3.0151580107061724,26.08008906546538,27.03199602964232,28.19858209328044,0.5
1182,9,106,11,9.358077990720894,4.531703292989742,9.563629681140696,7.755438911184923,2.197994846253997,7.1170090301744775,7.880884509245034,9.078585467259304,0.7
1183,9,82,11,37.607904476241465,27.928012512956045,37.607904476241465,31.311317356273424,7.220678930607204,29.436843417459713,31.348512336662104,32.23037307349917,0.4
1183,14,117,16,37.607904476241465,26.273510069393936,30.61374872109772,28.794606737074552,2.140491029220276,27.832741175417254,28.686566670227066,30.247270466780087,0.8
1186,9,83,11,15.492841174252032,7.893917948983717,15.492841174252032,11.774074732595173,3.599009162329319,11.299942482351225,11.738562242977734,12.71785485310085,0.9
1187,9,141,11,16.764137544480363,16.044183802754198,17.156509837229827,16.679991534443452,0.10413475228059905,16.463445559790785,16.764137544480363,16.862080727915195,0.0
1187,14,208,16,16.764137544480363,14.70549863909347,16.764137544480363,15.953231082354794,0.39590363928959765,15.539316505623315,16.099616308003668,16.4012694736981,0.3
1189,9,106,11,19.781499642732463,19.060592071062445,23.278031823526746,21.43106047778994,2.7328774359482777,19.781499642732463,21.80725112133813,23.08848929900682,0.9
1190,9,134,11,24.1901433407051,20.71266517831753,24.1901433407051,21.970927471320156,0.9482008565035832,21.501611787270576,21.77794017482966,22.427840108368443,0.8
1191,9,101,11,14.102652776988961,6.014240669201975,14.102652776988961,8.973134756452543,4.56156436835685,7.600784143480291,8.728019762511124,9.868281253499045,0.9
1192,9,112,11,17.535993511257473,9.959738628614009,24.171410942861343,19.93238576095723,15.512823236154276,18.296800841438436,20.764721067886214,22.418981055680653,0.7
1193,9,138,11,29.37078169880789,16.267836106531803,32.65647200811438,28.318976957323297,27.835534451510796,28.13562598866268,30.342408067895313,32.01939774002845,0.2
1193,14,202,16,29.37078169880789,16.267836106531803,29.37078169880789,23.25986407707625,16.6162584266701,20.643837637564154,22.48985094444737,26.534345744645208,0.7
1194,9,96,11,12.941991496147127,8.038585095601682,12.941991496147127,10.348267444073345,2.0784753666679725,9.334551956516874,10.501714608557233,11.147866056403252,0.9
1195,9,115,11,26.248427152303776,20.196909832466684,26.248427152303776,23.529792157302424,2.3953478088335793,22.83923175388805,23.82852802808358,24.266409424416523,0.3
1195,14,173,16,26.248427152303776,20.196909832466684,24.15809377163771,22.78170613313159,1.9047950812533903,22.202007343159913,23.41068117204472,23.791084649434893,0.5
1196,9,99,11,35.94605222377433,28.977393311473786,35.94605222377433,32.77692783006871,2.904907194287145,32.065671376937885,32.83055033652709,33.454737069145345,0.6
1197,9,113,11,15.94883509714748,12.779545365642154,16.779345801377985,14.872853396273195,1.4260616240320594,13.885355534573446,14.876701374159293,15.920565264773881,0.9
1198,9,104,11,31.961800655596438,24.965859500659114,31.961800655596438,27.596403893434758,3.410077620516939,26.462096237272977,27.39414191869706,28.169401188713934,0.9
1200,9,118,11,24.686767627897723,19.270466216273828,24.686767627897723,22.394712211943375,2.9617413073565566,20.955068086139065,22.5955026873695,23.731900272144642,0.2
1200,14,178,16,24.686767627897723,18.4326346075178,22.450166217045282,20.134810560995447,1.4669047104231223,19.332430814613854,19.946175338941252,20.603868559269088,0.7
1201,9,101,11,10.883306326218399,0.03633986506221549,10.883306326218399,6.77231064232502,14.468648810067034,4.903713842356801,8.367712400858881,8.940465336541738,0.9
1202,9,119,11,11.755032305082985,11.140007431787176,13.092241083076884,12.017059257680208,0.3473300114296067,11.710845425617258,11.853809698644913,12.438111879282197,0.9
1204,9,121,11,17.26276110523456,11.360061907424226,17.26276110523456,14.331740694880963,3.0205590480376108,12.881646101949384,14.414202778639345,15.500992645141842,0.5
1204,14,159,16,17.26276110523456,11.360061907424226,14.407582146616965,13.299799083067347,0.9543977338388837,12.597724469212974,13.419700616519615,14.149420073177318,1.0
1206,9,111,11,13.629311868839245,5.867358708895557,13.629311868839245,8.912519822855064,4.441060967411207,7.5315571085257424,9.078808234470792,9.811737882971153,0.9
1207,9,119,11,23.933487912353275,13.750865487717437,23.933487912353275,17.214368856047884,13.385701610963178,14.059954269782086,15.828404910582861,19.430573423110253,0.7
1208,9,108,11,30.686059945491316,15.195525037665444,30.686059945491316,19.300978258330836,20.924900511682228,16.269550414069133,17.677931516791624,19.615071205665327,0.8
1210,9,132,11,20.12865886176666,18.709912412117852,22.27298822158567,20.822121548532124,0.9417219506596656,20.189877672776394,20.987036565297103,21.54921277309356,0.6
1212,9,106,11,32.18059288208444,23.003091634987328,32.18059288208444,28.318370180886063,5.8893657345251444,27.025356117213956,28.552610609219887,29.842487816922045,0.7
1213,9,134,11,40.67362013928728,18.336963760563485,40.67362013928728,29.39020844877291,50.188818110400526,23.946325750837055,27.985499442670747,36.03462326352062,0.5
1213,14,177,16,40.67362013928728,18.336963760563485,28.00627586124141,25.09936159315119,7.36150264195313,23.946325750837055,25.719693918563188,26.931942995420265,0.8
1214,9,128,11,10.23386410150219,7.569027522186146,10.23386410150219,9.40302985547608,0.7224705459099395,8.906586183129217,9.741122940185912,10.10730509206795,0.8
1215,9,117,11,9.31312611247611,9.246797807384176,10.59700160277075,9.800045038165038,0.2158197893349898,9.371822808113583,9.66831268418964,10.229273757586009,0.9
1217,9,109,11,10.9544022539052,4.45308721030686,10.9544022539052,7.494014578736244,2.3569030180730417,6.935267074982085,7.317024149035959,7.913725506841205,0.8
1220,9,111,11,16.589834705564552,16.589834705564552,19.746928128761333,17.91925580536455,1.2316647218933607,16.726036278078432,18.127035876886822,18.71457537210543,0.9
1222,9,114,11,43.27907618503538,23.700915567694025,43.27907618503538,30.04274687769178,33.08279792735955,27.685287164871653,28.53833932998139,30.13652106399244,0.7
1223,9,112,11,16.303114235894874,15.551110969103558,21.04804239795324,18.60250516326924,3.2808304033412368,16.906562939604527,19.113033598490865,19.652325886717314,0.7
1224,9,128,11,25.402046285776535,20.136455530158564,25.402046285776535,22.582036949989238,2.4738130618843237,21.66243829250753,22.79898577601881,23.641903932973907,0.7
1225,9,126,11,16.44038443807488,10.795894174489682,16.44038443807488,13.031949314598126,4.001360527357772,11.6313147549123,12.208981367328201,14.048727427721673,0.7
1226,9,120,11,26.46110100094913,22.583361590882216,26.476741873595778,25.4371225885459,1.5443446529644305,24.980793343784782,26.086606525451252,26.384034573647796,0.7
1227,9,109,11,13.559169477853853,6.334071663704858,13.559169477853853,10.7256993072151,4.509563631157542,9.280538227407739,10.963567905827697,12.136508885318811,0.9
1228,9,110,11,13.259485213587157,9.51781645482679,13.259485213587157,11.126231665503202,1.565593629281183,10.353371886607622,10.591987903577833,11.909834908038473,0.7
1232,9,130,11,15.126812976983786,8.548681236075016,15.126812976983786,12.284252148712573,2.880113329929542,11.510753396623722,12.55038830320614,13.140072923422146,0.8
1233,9,118,11,60.16976792678473,55.164124177909635,60.16976792678473,56.33007561547801,1.9995639416494406,55.39128658193552,55.84612326164685,56.6870308425742,0.0
1235,9,113,11,91.1197402731201,39.65185654674205,91.1197402731201,77.62308455827555,190.88995354636467,74.79878572790152,82.05731053487216,85.33634124823152,0.9
1236,9,94,11,6.252672147913,3.8093040850603685,6.252672147913,4.895573956782824,0.5718649759689349,4.231414799124014,4.83445593146126,5.350088416883836,0.8
1237,9,111,11,46.135441663465485,4.926981419553732,46.135441663465485,26.599678013429134,119.1301784735311,25.287990003433542,27.180408690070927,29.008943803961117,0.8
1238,9,116,11,19.11106529256085,16.787051474377275,19.931288203247888,19.1321864007243,0.8306833747404765,19.11106529256085,19.369911922795854,19.72042734839861,0.9
1239,9,112,11,18.83790799084008,8.542114665610152,18.852287905486744,15.185869927052803,14.926801068680314,11.881361084344466,16.78848094833538,18.782760058711773,0.7
1241,9,117,11,24.18965075976167,17.05508660862184,24.18965075976167,21.250423991078232,7.627627750714436,18.799012051732305,21.863052917867122,24.009523656226882,0.6
1242,9,121,11,11.746974256537513,10.42002288184268,15.189558141420806,13.294394446552932,2.4365924256620075,11.970319092759091,13.391795481852478,14.84473653952922,0.6
1243,9,113,11,7.894009909431001,4.47687817420209,7.894009909431001,5.920358368503688,1.4943300245676718,4.7538947820214,5.767435749738736,7.068811969623384,0.9
1244,9,112,11,23.407598343721777,22.285014766296193,27.627683324981334,24.47252420666772,2.545077889140418,23.407598343721777,24.156156482492968,25.110182054051844,0.7
1245,9,127,11,17.413949008692754,11.194571711457565,17.413949008692754,14.015674438957609,3.806907104073827,12.29626725551229,14.34720553634552,15.122564866482408,0.7
1247,9,114,11,14.425944634160292,12.19101948121445,14.425944634160292,13.292322058335534,0.3687966562404199,13.010269743259501,13.345936896919795,13.480411882514801,0.8
1249,9,122,11,16.151418634678866,10.466758775749406,16.151418634678866,14.001960936099238,3.1316282546896916,13.348339276574052,14.728189442984092,15.293318271909264,0.4
1249,14,172,16,16.151418634678866,10.466758775749406,14.710757828352074,13.022514568956495,1.711175014874851,12.267597326023912,13.39730117184622,13.56452537702252,0.8
1250,9,121,11,10.399569587705443,5.2312494715530065,10.399569587705443,8.915775555580959,2.037022658310952,8.347335681394059,9.445067393084024,9.758093057247523,0.8
1254,9,115,11,34.0292978495246,24.946406248130327,34.0292978495246,27.446923092575354,5.6308659634611775,26.304234198536278,27.048036462994666,27.70296926528571,0.6
1255,9,115,11,30.93702538838417,23.829512410688977,30.950481721956663,28.14077765883013,7.8578109641745515,25.32951648241461,28.69741760419892,30.93702538838417,0.5
1256,9,122,11,22.727873645160805,14.168350314873132,22.727873645160805,17.2781881073361,8.066066090048327,15.671991193525006,16.110219048475777,17.684943582328373,0.8
1257,9,103,11,8.606059466160389,3.4853672238059854,8.606059466160389,6.814928167858535,1.8713060508055932,6.403179563653577,7.3017301190946515,7.535201985458424,0.4
1257,14,139,16,8.606059466160389,3.4853672238059854,7.260884369998779,5.586875834978862,1.7331346517623971,4.328154634350218,5.849327168582571,6.867304868848549,0.9
1259,9,112,11,9.866390000650854,5.360738172074438,11.586512849177199,10.190762089165728,2.961240669078997,9.982214634378002,10.56301441864134,11.2466781301094,0.7
1260,9,103,11,22.879232462835112,12.147512731356397,22.879232462835112,16.591193190210994,15.125757736560649,12.707162796129335,16.896601907983715,18.517593724411682,0.8
1261,9,99,11,13.624944460713094,9.89497913268249,13.624944460713094,11.52955359908222,1.3110780586800659,10.435179349243725,11.710827107330594,12.374663788428077,0.9
1262,9,121,11,9.865698363799297,8.003122283602522,10.29993130895267,9.57378596171637,0.37556448904458645,9.355267693678664,9.86016970263518,9.923610661575779,0.8
1266,9,98,11,10.410888187668746,8.117062779448563,11.110757041548858,9.820888965876728,1.101961718918756,8.888439225179667,10.31380242626,10.42329891143173,0.8
1268,9,112,11,44.731258051685,30.731519190308298,44.731258051685,34.83605449880166,14.737075793806246,32.476228944202916,33.734241617407804,34.94613670373231,0.6
1269,9,123,11,23.136501579006016,16.590434700221845,23.136501579006016,19.213348986782414,4.446220719641989,17.912480128176977,18.688327843728768,19.243510569597074,0.8
1270,9,89,11,74.90595967436816,27.51790846625942,74.90595967436816,36.94172396880913,182.5160268533071,29.202995179803118,32.96921949248852,34.77845843639432,0.8
1271,9,127,11,37.29039747307682,17.758293517265074,37.29039747307682,27.59771260168792,46.16927130875344,21.40375318486143,27.38596784952384,32.625187782299456,0.4
1271,14,172,16,37.29039747307682,15.096148056693526,25.696563649269272,20.472192743804587,7.358761494428736,18.97477150668444,20.880300499687003,21.701261488931447,0.9
1272,9,105,11,8.095286486177065,3.4380315290520373,8.095286486177065,5.27775934116357,1.2299814677883643,4.8909304249849885,5.115386437063703,5.440034709549925,0.9
1273,9,103,11,17.941022727129056,14.408596716787262,20.701191678645262,18.41211851315147,4.452594750583473,17.49926971582688,18.058739002169084,20.601588057874878,0.9
1275,9,140,11,11.510634978161045,7.6963632757332245,11.510634978161045,9.516692520337994,0.9655616859458449,9.029635179812043,9.639869705937663,10.021203925689644,0.8
1276,9,116,11,22.28701357800938,14.355033379025736,22.556279469655955,19.06995699623353,7.578616529853003,16.89550626526316,19.29057361828295,21.78283443303986,0.7
1277,9,117,11,20.2585163137566,16.547082055848133,20.2585163137566,18.854420816608958,1.3630188469288427,18.36081521695245,19.114925061589698,19.545821064432907,0.8
1278,9,134,11,71.54757658201407,27.73199617726054,71.54757658201407,39.18781234263845,198.2703668935141,30.335872277976694,31.948905665081977,45.6625584361978,0.5
1280,9,100,11,17.756924222227127,13.236862737752666,17.756924222227127,14.895823011946423,1.4757050789246833,14.399123243076556,14.748050510013439,15.387439387489788,0.9
1281,9,106,11,15.917370088411328,5.334963406850312,15.917370088411328,12.634865151626986,7.736575876124036,12.638727539611486,13.299830981069215,14.22569038919171,0.8
1282,9,132,11,25.04907310421755,6.749773080247824,25.04907310421755,13.921903869570448,19.90521302898707,12.820219127572813,14.130257847348924,14.512652929803835,0.6
1285,9,127,11,9.552111438400997,5.468527865467037,9.552111438400997,7.946696459638406,1.5904076026621823,7.118801091651416,7.830804112448842,9.153430052120097,0.9
1287,9,137,11,38.867422051244674,31.245676527116146,38.867422051244674,34.42927971865729,6.195469647802277,31.682389094390047,35.490513091838906,35.96536896211343,0.4
1287,14,200,16,38.867422051244674,31.245676527116146,35.41930174514958,32.97936041894676,1.7778325485502737,31.682389094390047,33.09298906977661,33.748806067092445,0.7
1288,9,133,11,26.36180075173446,24.229420753673885,26.36180075173446,25.395767584129004,0.5431216706762729,24.79422661128052,25.32956684112328,26.051193187553086,0.0
1289,9,136,11,23.100500737141076,20.34926651006235,25.800093385111566,22.980785309288194,2.275190174085032,22.419235902474465,23.100500737141076,23.60636787541506,0.8
1291,9,122,11,8.901345787705178,7.818500561687418,10.50931162753832,9.319315683788654,0.46065332906117673,8.969384923342268,9.42712056731002,9.569434684886904,0.8
1293,9,121,11,9.466313977473106,6.875755781931215,9.466313977473106,8.13329846276481,0.6209841573531261,7.613429878209626,8.22490632453881,8.709812106718562,0.9
1294,9,134,11,67.09539414654532,23.261960805298095,67.09539414654532,36.87053456919189,149.27665482114338,31.665763184265693,31.8951174845013,35.668673704693326,0.5
1294,14,175,16,67.09539414654532,23.261960805298095,31.905359765472873,29.987737097881286,6.632498893907851,29.65614405412624,30.999415479215273,31.77662027570186,0.9
1295,9,123,11,40.76641493015709,37.64186277250688,42.18097891227394,40.68547526846293,1.474772218574413,40.76641493015709,41.07507292598472,41.24164726341223,0.0
1295,14,184,16,40.76641493015709,27.02176224587116,40.96309294683596,37.06496905669993,18.230159461835605,34.9169374859276,38.665007580658354,40.42448486984493,0.3
1295,19,240,21,40.76641493015709,27.02176224587116,38.623131212506465,33.66206998542488,8.955976702173912,32.59984018847808,33.39462667720335,34.58296586203626,0.7
1296,9,109,11,26.607890931908663,10.961984288358085,26.607890931908663,17.19483671767089,26.21149779459423,12.722299564118817,17.1893125038373,17.950593274644994,0.8
1297,9,138,11,37.896088323288886,24.9455759121844,37.896088323288886,28.528184463637302,13.899048693391967,26.550808619659747,27.226729619500496,27.822684997218154,0.8
1298,9,96,11,21.05401003796301,12.610134699555763,21.05401003796301,15.462961983079442,5.509851202671458,13.969680840311359,14.758969684060663,16.729600226971996,0.7
1299,9,116,11,17.200093242984412,12.9176630174513,17.200093242984412,15.501592418120584,2.328536819221809,14.60477192905855,15.938670431783876,16.79905892169223,0.5
1301,9,111,11,26.466021626901245,18.700531118514196,26.466021626901245,20.72717956187664,5.397314303215833,18.868063152992303,20.007797630026317,21.578939583346955,0.8
1302,9,84,11,28.998186021830026,23.62534411616913,33.29939295040306,29.733682786896868,9.61341605231134,28.998186021830026,30.558846943027948,31.975387014963438,0.9
1304,9,118,11,40.42142315748492,23.552172691837228,40.42142315748492,28.11678314997912,22.526958078014378,25.65243783504512,26.988397072607597,27.75679747773747,0.8
1305,9,127,11,78.95073035562507,12.868973773865289,78.95073035562507,46.94330391878931,543.4339954818284,24.07898173412304,49.79692686736737,66.16424376958948,0.3
1305,14,173,16,78.95073035562507,12.868973773865289,40.205538191816785,22.684958727513145,60.4014081478317,19.581092014155843,21.156755637659707,22.674156761177763,0.8
1306,9,129,11,18.859716101408786,13.808919990414953,19.14162297834563,16.05223111761115,4.05165868043832,14.383118347257604,15.562214951234228,18.0980128725861,0.7
1307,9,119,11,20.451212346686198,15.267328836342394,20.451212346686198,17.631124376322205,2.712834008775124,16.590977403043198,17.173641758339794,18.37535678392318,0.8
1311,9,120,11,20.781207441964817,6.443460234940245,20.781207441964817,9.721548758404188,17.273540307171686,7.210692088391818,8.197047345547302,10.005075173771818,0.6
1312,9,93,11,11.45281038787633,7.4393694328198805,11.45281038787633,9.84838436407593,1.5176609148827884,8.899473265273981,10.128127490816611,10.664355757574008,0.9
1313,9,113,11,29.40498399762142,18.384160815119166,29.40498399762142,23.189305168329533,13.97752038650574,19.72996625161319,22.441884863137275,26.482173303830496,0.1
1313,14,169,16,29.40498399762142,16.486136597246187,22.424437717075165,19.154364597637777,2.7334722441006187,18.490808229376782,18.84037007726615,19.294503134947377,0.3
1314,9,100,11,12.815701766150523,7.801461051006972,12.815701766150523,10.314914284433968,1.9361097126620828,9.661238008410148,10.6574241024272,11.099323414311943,0.9
1316,9,100,11,10.282291430406602,5.248643123647573,10.282291430406602,8.373264454556935,2.3992668785129507,7.256813139129942,8.526859368039357,9.709285290433261,0.9
1318,9,122,11,14.805813316628836,9.688735192578978,14.805813316628836,12.098008475883658,2.3943430415407625,10.606966608449785,12.533994456286434,12.971272631820755,0.9
1322,9,99,11,56.808490910360916,51.930690078116626,56.808490910360916,54.31448694462804,2.594426309417464,53.146845031801874,54.54040180275871,55.43771396757434,0.9
1324,9,98,11,42.483121724680444,9.763691075542718,42.483121724680444,22.164859750472438,100.8678050787706,14.093506373167337,19.320899920189,28.21242994609089,0.6
1325,9,130,11,13.584744614863,8.030803340477295,13.584744614863,10.713531798619808,2.0279310995902082,10.122783707728459,10.914963579336007,11.352833491052534,0.9
1326,9,106,11,36.56888924013437,25.27886242649931,40.35743263221299,31.867385311833736,29.26649027295477,26.592833997611304,31.17969298369828,36.56888924013437,0.6
1328,9,135,11,27.077863491155973,21.85644064741723,27.09613336791129,25.994572370179803,2.3085529055874474,25.63858239530333,26.496625435400148,27.06379197689992,0.0
1328,14,197,16,27.077863491155973,19.373718522375597,26.08160043282581,22.617998594469967,6.994362099486009,20.095744773238657,21.68854368820635,25.561166021436176,0.4
1329,9,115,11,26.333672977879807,26.168767131290696,27.92979762256778,27.070624952833548,0.36476137833311867,26.492319672859225,27.12650651747485,27.578209755893454,0.4
1330,9,96,11,23.289227683845162,11.701176564624804,23.289227683845162,19.621968635728184,12.12101770415418,18.913441011836092,21.450349956775693,21.752737522490772,0.9
1334,9,124,11,82.97930225256918,30.3409770921467,82.97930225256918,58.72244476595065,414.00668717965857,37.926432648959945,65.11065105838304,76.7906741208871,0.3
1334,14,174,16,82.97930225256918,30.3409770921467,61.98940527832076,37.903329781214154,74.45683446175033,32.84679377309591,36.177847454505326,37.34925746304011,0.8
1336,9,141,11,22.30742131950045,16.70005453744329,22.95766346713913,20.190407721890278,4.710395184255365,18.656321440743405,19.934572345435853,22.30742131950045,0.5
1336,14,190,16,22.30742131950045,15.95483345446756,20.676986819478664,18.74569562806134,2.2679582372668707,17.967959284447957,18.874072446314948,20.0064215835192,0.9
1338,9,133,11,28.896070932181097,19.324444541978174,28.995878893952437,25.444395393442807,10.125849255376703,23.876805178587524,24.826244041992805,28.850396032098367,0.6
1339,9,83,11,23.032341524597754,13.447504440781714,23.032341524597754,17.94362615951073,7.234310260487577,16.1921761333493,18.140922403916825,19.200084495092938,0.9
1340,9,131,11,14.005967154509534,7.288074053044704,14.005967154509534,10.10744810117356,3.153771240874895,9.188558385425244,9.481207384421847,10.777197447968451,0.3
1340,14,198,16,14.005967154509534,6.722214557703303,9.453302757840483,8.558389996433311,0.7325810885964499,8.33639766612527,8.934079501643971,9.080553733074888,0.8
1342,9,121,11,30.754342783177464,17.21728632212313,30.754342783177464,24.848880988807633,24.029773774523296,20.544229971154362,24.948890207551422,29.69281582018815,0.7
1343,9,128,11,30.59168131751316,19.12918198278056,30.59168131751316,22.12194334114012,10.130123626252074,20.113688162197967,21.213595602661897,22.91805937794767,0.9
1345,9,118,11,38.9168802201075,24.56739815815076,38.9168802201075,30.307756874238642,19.26004422697244,26.83280776937388,30.41076653388214,30.682500433406418,0.8
1346,9,101,11,30.8358323410125,17.06894218430385,31.95992322246768,25.84261575522272,19.721240854001028,22.800941556950104,25.421568428438334,30.162110720681174,0.3
1346,14,150,16,30.8358323410125,17.06894218430385,25.088996231335287,22.52928531216299,4.637935438988832,22.211095463491564,22.438115784697356,24.101887360515406,0.6
1347,9,115,11,64.01373384366244,24.2252522019483,64.01373384366244,37.93257861981289,192.57132498295607,27.620130973532873,31.340753876696937,47.911877026583994,0.4
1347,14,154,16,64.01373384366244,21.485889813724977,30.829466000448143,27.379337410798712,8.446070262392157,25.204190697999827,27.91341815346899,29.585921336429333,0.8
1348,9,88,11,40.74053153415211,19.654810098144186,40.74053153415211,25.033995185014938,31.84435452640911,22.287470755800946,23.538324240467514,25.09493705751334,0.8
1349,9,96,11,16.815686972833788,16.815686972833788,22.017024757921913,20.454644361437573,4.0072658890973205,19.656348379612524,21.6944491594048,21.974226090036833,0.8
1351,9,116,11,34.111634106898066,31.8836597670077,35.47318682541888,34.16582682089265,1.1756362504909519,34.111634106898066,34.476854963104785,34.650584276444086,0.5
1352,9,110,11,29.911281183708667,10.849980538734041,29.911281183708667,18.120060148233037,49.83762945780924,13.338539027283154,14.95638594906152,23.378262520193505,0.7
1353,9,136,11,18.329873976639107,16.66036220305005,19.411012247344736,17.957852339978594,0.6822954265493759,17.316644245255144,18.034418169183763,18.329873976639107,0.7
1357,9,129,11,24.21654670699028,7.696993044322149,24.21654670699028,12.042892504298647,32.03510685921181,8.140392072694398,9.123882961566224,14.941164863304788,0.7
1358,9,124,11,14.064652022353743,10.230219122390643,15.066851318006695,13.345114949642262,1.649018259050667,12.73412138637591,13.759238800701302,14.064652022353743,0.9
1359,9,138,11,24.92495302552392,17.26274562022999,24.92495302552392,23.17657905662707,4.401035515608697,22.93203086819438,23.841646424306063,24.390008267932238,0.7
1360,9,128,11,24.977317343777166,18.49437977924264,24.977317343777166,22.08701045898578,5.541385751372662,20.169977704012776,21.54452212093843,24.55794411671996,0.5
1360,14,170,16,24.977317343777166,18.49437977924264,22.325998594724105,20.703759369890218,1.238813229110259,20.169977704012776,20.564483570740816,21.57166184622102,0.9
1361,9,124,11,20.56867443318849,9.439815850008888,20.56867443318849,14.898308922229607,7.964077106730619,14.111299998684277,14.51314931868312,14.843641453336044,0.8
1362,9,123,11,29.815825162841666,26.244613767060706,34.48685930301334,31.115751281583925,6.261270768768194,29.815825162841666,30.818308759870483,33.205506118213165,0.9
1363,9,118,11,10.919461984784103,8.441538142961122,10.919461984784103,9.608030957737181,0.7933094221519734,9.002722211704683,9.41798572287177,10.453398815195637,0.5
1363,14,171,16,10.919461984784103,7.754417606698494,9.562537860886412,8.79258918989067,0.224167275467993,8.59069583700896,8.82935820117769,9.033141309693608,0.9
1364,9,108,11,11.055562929926754,9.994986592301935,14.6123953875363,12.255746080502607,2.485952951068105,11.083529166575255,11.597708202615106,13.892791045773617,0.7
1366,9,121,11,17.604767050660595,11.599584925206788,17.604767050660595,14.971866177828332,3.3586406062566554,14.180861039698394,15.306851234411925,16.193118057394774,0.7
1367,9,108,11,23.8720808826448,14.651350137131159,23.8720808826448,16.930756686578498,6.926589020915093,15.301046888162137,16.194410591566132,17.10597531421059,0.8
1368,9,122,11,7.244321264982802,4.147020369847146,7.518523567544982,6.5172179019626695,1.313348889410819,5.808758103526365,7.244321264982802,7.3398999055092835,0.9
1369,9,99,11,32.198108265205214,15.359461901455944,32.198108265205214,19.97876189874965,22.31332777414664,16.507535401333737,18.842568310712828,20.97680515297524,0.6
1370,9,109,11,9.403044979476281,9.403044979476281,16.143083393869173,13.42754308649759,5.639721843597132,12.122806263571874,14.193479225650947,15.382948775220699,0.8
1371,9,117,11,11.909758014336958,10.210195915238868,12.462729811044806,11.706889676197378,0.4902127609910334,11.645670748751867,11.909758014336958,12.066920418755636,0.9
1372,9,80,11,5.98654361243638,3.170596028820109,5.98654361243638,4.986343728277884,0.5752488458705496,4.647789291526474,5.071457045489973,5.545044204602316,0.9
1373,9,135,11,43.17797828187186,14.366427521830907,43.17797828187186,22.859696699245948,82.24614900589549,16.09545861788903,19.095070665468302,25.46356789407296,0.6
1374,9,121,11,31.9015618406767,26.53248807930995,31.9015618406767,29.158857670607382,1.9527016045273005,28.270334721443927,29.17190325121215,29.95681304434326,0.8
1375,9,120,11,21.97862431275081,14.681292250045093,21.97862431275081,18.373519994063447,3.9313225840422192,17.03126930705546,18.62262253279127,19.510792730309955,0.8
1376,9,126,11,23.795956464217788,9.50572898670417,23.795956464217788,14.841467858679923,14.07161313624537,13.66129651825354,14.617317405220401,15.167616827001694,0.7
1382,9,83,11,12.419931464597491,2.0851365655827716,12.419931464597491,5.469987153535149,7.012176484121125,4.0969320780865095,5.254594613830916,5.804117850796972,0.8
1383,9,121,11,24.244136159391154,11.14072987459997,24.244136159391154,14.409900235583123,12.994516320790513,12.664266868763487,13.513893974412632,13.820610807826496,0.8
1384,9,98,11,8.124983009456002,6.452949115290208,8.124983009456002,7.307801876287914,0.2410401685073055,7.1193351384059085,7.270311719809247,7.671788019762454,1.0
1385,9,113,11,11.750111200288623,11.538146648283716,13.891533578228039,12.652718107172767,0.6828209120209401,11.842568016025012,12.633671805273465,13.445670987772141,0.7
1386,9,121,11,15.40533636243363,9.055101852651255,15.40533636243363,12.527510941060836,2.2744313414632877,12.105221000980473,12.666566593410476,13.032414380892863,0.7
1387,9,99,11,25.53471753318016,13.03101870822183,25.53471753318016,17.43884975972231,9.551282996144028,15.919738608814644,17.148373922574343,18.071999282197147,0.7
1390,9,109,11,13.072680469043096,6.454963746933539,13.072680469043096,8.61775512643725,2.9069957811921654,7.956332578808319,8.184890837763223,8.537866599833272,0.8
1391,9,133,11,10.242460437184931,8.00067637890345,12.608350611670655,11.222827973582554,1.9916376413599046,10.265805341262489,11.774132939160223,12.387166244139285,0.9
1392,9,117,11,18.778255131416664,4.4745253576723805,20.271726834096295,17.139546904547522,20.51212332712605,17.637539825917592,18.97021982053709,19.19722862112902,0.9
1393,9,131,11,20.719908777120775,17.602615209067494,20.719908777120775,18.784596054623428,0.88620009637997,18.0994549264197,18.514495273284897,19.287751850103824,0.3
1393,14,175,16,20.719908777120775,15.388881817312015,18.499639493478664,17.67544557552656,0.8531787850766636,17.606225319303213,17.90259978833879,18.369408675481402,0.7
1394,9,98,11,42.22858892595373,15.117139595784572,42.22858892595373,23.406188489128976,48.504518531692426,19.24529798049752,22.644290979778805,24.329465791801745,0.9
1395,9,114,11,10.282214542545027,7.197446995325926,12.52450596330091,11.064418312524825,2.3224419732784733,10.403902410467717,11.4373395300274,12.259546336971587,0.8
1396,9,108,11,42.48878261744284,25.608520115787677,42.48878261744284,30.871216122747164,20.420635754717754,28.20886994595003,29.98256847635276,32.39138832667536,0.9
1397,9,95,11,8.324660181668907,6.079615889703989,8.324660181668907,7.126456313776577,0.5933557144129611,6.306947653692731,7.319377498481252,7.688085541344433,0.8
1398,9,129,11,20.25604052366666,16.11197273253746,20.25604052366666,18.08617196185402,2.3296512476092417,16.770992432009407,17.736532579100547,19.625021613377072,0.7
1399,9,70,11,15.040307785812344,8.891472685260995,15.040307785812344,11.428378380053367,2.349880883669806,10.768788990755912,11.412779774865388,11.932279785494035,0.9
1401,9,129,11,68.46923523955815,62.271618177906895,68.46923523955815,65.42583609242641,2.9879201507694884,64.59768969651358,64.96242178067601,66.57361815139934,0.7
1403,9,103,11,41.45657882127492,17.186312817714175,41.45657882127492,25.020366104465552,38.42367757064593,22.129246425824817,23.753133447223117,26.25609373543707,0.7
1404,9,111,11,21.257070826734026,10.629604200072398,21.257070826734026,16.60118608068951,12.329963249494504,14.170715531927538,15.641253733955441,20.405682925108493,0.6
1404,14,155,16,21.257070826734026,10.629604200072398,16.26168442140726,14.500873861914943,2.7732042838397417,13.763452850804324,14.977147455034899,15.828447151245278,0.9
1405,9,119,11,14.633556445134223,11.217347498814792,14.633556445134223,13.447066935311003,1.0439888524076757,12.743983247979184,13.863937592718463,14.061096509784093,0.7
1406,9,81,11,37.37198019606335,29.880722288680037,37.77965360685254,34.22146243614689,10.009117580608478,30.8925490781185,34.65332565629466,37.37198019606335,0.8
1408,9,126,11,23.259962776870992,19.143884011824923,23.259962776870992,21.780851533900258,1.6862941002830945,21.630412473894605,22.14945129171629,22.699678199371338,0.9
1409,9,105,11,8.554755701962456,3.6450290038383075,8.554755701962456,6.3216347471351595,1.9967223695468816,5.774398248840173,6.4167012140408275,7.221561064797141,0.8
1410,9,111,11,17.86825109162224,14.105313339205974,17.86825109162224,16.37690281425823,1.37607144806855,15.78255678897278,16.82305269740699,17.166032341777694,0.7
1411,9,122,11,75.29967242514539,13.272648730020824,75.29967242514539,43.40591149039371,548.7778029754238,20.50734309444777,42.627629463523036,64.68293250492064,0.2
1411,14,170,16,75.29967242514539,11.361568727863649,38.790712702769625,18.17657357896159,63.57146384414982,13.633959774546184,14.943721471788876,17.728615271131165,0.7
1413,9,121,11,5.5822532670266884,1.7672280802805707,5.5822532670266884,4.065578043341319,0.9634711567347007,3.579223525957214,4.273049015264549,4.685682694846459,0.8
1414,9,99,11,130.45362689514388,38.948866298822196,130.45362689514388,79.98043292393822,777.1561969878732,63.73939686193538,78.07878559264718,92.7123961809392,0.5
1414,14,130,16,130.45362689514388,38.948866298822196,78.09164230493141,67.06103708333863,184.0190060546047,63.73939686193538,74.7580708062379,76.0394894164578,1.0
1416,9,101,11,18.23843153129974,7.6310805381139595,18.23843153129974,15.54323448827025,7.795806437428437,15.340538544748064,16.229450536301538,16.752418803167224,0.9
1417,9,115,11,20.248520629879177,11.298362506099691,20.248520629879177,14.11593759152972,8.876263122101056,11.507905224447759,12.955563824005562,16.166717453154654,0.5
1417,14,174,16,20.248520629879177,10.401215312097374,12.460838615171646,11.636397304415173,0.29676492557649736,11.436959462852428,11.613687591317303,11.998751063005386,1.0
1418,9,119,11,7.56688972871665,5.916524568555574,7.56688972871665,6.403238883941593,0.2122196440577952,6.130553846099099,6.243814041647995,6.431507232204732,0.9
1420,9,123,11,40.62300708319677,28.136809454472207,40.62300708319677,34.30967687189248,10.066744645628884,33.012903013813315,34.720723510797676,35.7862830104722,0.3
1422,9,108,11,17.452549196101906,10.870988175705671,17.452549196101906,13.360244724378058,4.431900487351731,11.717197294846796,13.083029896789562,14.669715874342657,0.5
1423,9,127,11,40.49776393426596,26.214779566527223,40.49776393426596,34.92517413395397,12.44026603025615,34.46445674127294,35.433064873233164,35.8686046017613,0.4
1424,9,109,11,7.643229377969153,3.5801460475825904,7.643229377969153,6.175398617655254,1.6029192826642684,5.606462863699521,6.358031443676055,7.18925041425495,0.8
1425,9,98,11,5.552725955086151,4.4959938741723064,7.407704614856165,5.91446219934363,0.9757591941845749,5.249161956174163,5.660730579434738,6.861168952183906,0.9
1426,9,101,11,10.826589486434113,3.482199122473717,10.826589486434113,5.535855392299604,3.9355984412037146,4.529261794064341,5.14566710055611,5.491668713860588,0.8
1427,9,118,11,11.61118061764402,6.722045726300706,11.61118061764402,9.021844298388212,1.6058744404771037,8.141126887360858,9.104029597366672,9.63534448572742,0.9
1429,9,113,11,16.764752631580635,8.265298261206183,16.764752631580635,12.162478047023425,4.436066104375744,11.218750959384606,11.722676641457301,12.76097699619016,0.8
1430,9,110,11,9.953894706583357,5.692641307406631,9.953894706583357,8.359741709936557,1.3952405046550131,7.942752871496305,8.690657506852007,8.99366404333794,0.9
1431,9,134,11,42.96050962101787,22.074757000380274,43.50623835540081,36.76793419337578,71.20770184959311,29.521923733057022,42.56786833242215,43.23872189236404,0.3
1431,14,195,16,42.96050962101787,22.074757000380274,42.175227043826425,28.413833062099776,33.85248160685363,25.511996660282023,26.238117447416787,28.45872126580658,0.8
1432,9,111,11,15.516109194351277,12.46820456124079,15.516109194351277,13.84085200365123,0.7558573535741675,13.411838063426265,13.524805895155756,14.245117374912944,0.9
1433,9,108,11,14.143637100902438,12.699685007275871,18.108297004936382,16.03292126437953,2.893076756828681,14.575378765855444,16.595993954068838,17.39161863459709,0.9
1435,9,134,11,43.83774187895057,37.07132884803788,44.33968773064362,41.50392712268897,5.744913068064678,39.870567706169425,42.01918740608868,43.633793268807665,0.0
1435,14,204,16,43.83774187895057,34.12115555846373,41.53167517149836,37.23770470004903,6.772466983161001,35.030021411850186,36.352359025045445,39.08476601191133,0.3
1435,19,264,21,43.83774187895057,33.694811646894976,35.63338920205301,34.847942110622725,0.30404699923767564,34.747014866603244,34.923985257230264,35.1063881012668,0.5
1437,9,103,11,41.91161939260493,28.430219794710602,41.91161939260493,33.559083969653194,11.190744023705857,32.19122303795602,33.35264954973369,34.296347931430496,0.8
1438,9,116,11,21.94917476354171,13.967705035951312,21.94917476354171,19.30373908096815,7.110958107782475,17.231665194871823,20.46840453688659,21.571545908504728,0.5
1438,14,170,16,21.94917476354171,13.967705035951312,20.900069816691335,18.750417879421406,4.9610272572525735,17.231665194871823,19.867605364118887,20.59976938431089,0.7
1439,9,104,11,29.7040525918347,14.777716411952127,29.7040525918347,22.788072464406067,19.254209775487798,20.510184584834825,22.209465814675944,26.566801424230682,0.8
1440,9,100,11,7.698131377876306,3.6613609470412083,7.835617174663714,5.739653897036926,2.2933756321535683,4.3488927541294204,5.518269709738149,7.363529278686575,0.7
1442,9,115,11,61.57404097113274,33.39338710393512,61.57404097113274,46.27836386444967,44.45919647530585,43.80784356979767,46.63957721541368,47.700061528025884,0.9
1443,9,127,11,20.516340066585116,13.460099465024452,20.516340066585116,18.10237754364592,3.800144354806045,17.192644899899253,18.1792542817494,19.70705515791834,0.4
1443,14,179,16,20.516340066585116,13.460099465024452,18.07652433709308,16.743783099948512,1.7730697535834559,16.11312188246583,17.028904400774266,17.690073105250995,0.7
1447,9,113,11,24.991865799184502,24.991865799184502,29.561893168716182,27.459810792274716,3.2509853591669176,25.94490374833999,27.137740642324022,29.44806395169571,0.6
1449,9,127,11,42.22626813387295,37.39015916512381,42.22626813387295,38.39213487024252,1.9563569292094254,37.590004949502344,37.81241156602014,38.34877796415868,0.7
1451,9,94,11,9.394156073214148,3.831234200449484,9.394156073214148,5.739820106503354,2.1620644413529346,4.8013917994842155,5.475386356477273,6.312933547015721,0.9
1452,9,100,11,23.084890489220317,22.697747134595446,24.609888346568585,23.462951350421537,0.33016039900572614,23.084890489220317,23.2403234012514,23.914106058305777,0.9
1453,9,128,11,38.67563354890023,24.131365174866385,38.67563354890023,31.06516344315447,26.916547496314156,26.27927396466286,29.999723915885497,36.51130833261108,0.4
1453,14,169,16,38.67563354890023,22.76136923723606,28.836647966573196,25.702857947365526,4.053694800347246,23.9627264161615,25.848974004774114,27.480969581156224,0.9
1455,9,108,11,19.395571799303436,11.968474398726944,19.458762821909474,16.05605761055511,5.789984058348401,14.785279611465318,15.174617984733,18.507770950469368,0.7
1456,9,135,11,22.776410057249667,18.077340311242338,22.776410057249667,19.771862397859454,2.0893302946273975,18.858924284702933,19.13806297896077,20.140554531038852,0.4
1456,14,187,16,22.776410057249667,15.28253807079266,19.113803192194318,18.042018404860055,1.253950756801519,17.95537165771916,18.346444433717707,18.819912375570205,0.9
1457,9,130,11,20.48539841803381,10.920246057170683,20.48539841803381,14.85738735000749,5.801005896594356,13.780445939667235,14.685498148650964,15.469927307726163,0.5
1457,14,179,16,20.48539841803381,10.920246057170683,14.7653672732786,13.869765530253584,1.3128587603205213,13.780445939667235,14.37435600726927,14.668262361960522,0.8
1459,9,120,11,13.033556663600569,11.673064513860954,13.570873146753836,12.7551791581701,0.269845981142577,12.487120700431085,12.80235333490571,13.033556663600569,0.5
1460,9,95,11,37.299116163318935,18.861853164538754,37.299116163318935,28.11184174739501,27.166131428953047,26.86982330356029,29.345475017246006,30.523126107398955,0.7
1461,9,123,11,16.054887169841518,9.707712848627462,16.054887169841518,13.778450412827326,4.093371165171628,13.382968685908267,14.076086735750167,15.295621634639849,0.4
1461,14,174,16,16.054887169841518,9.707712848627462,14.008212692042125,12.719102439305741,1.9225462761365548,12.332688022225213,13.277032502453356,13.686913423329086,0.9
1462,9,103,11,17.3474055727336,11.568704835839535,17.3474055727336,14.761730687081268,2.2303606541490137,14.05120394864235,14.683214755398133,15.833814558801018,0.9
1464,9,125,11,25.00939631671246,25.00939631671246,28.712818183665256,26.368156767700054,1.2327961863514472,25.424229407108115,26.41348715533703,27.011345039333104,0.8
1465,9,137,11,55.454733276278716,38.723706835826555,55.454733276278716,42.985719687924345,20.199124441949436,40.81603260674538,41.416247746230965,42.69771630660479,0.6
1466,9,109,11,19.29144332862775,12.17318028448527,19.29144332862775,15.338869256627783,4.8478714140850805,13.762772862876496,15.570250835026988,16.53368850404166,0.8
1467,9,106,11,16.30302136490265,7.159046482770923,16.30302136490265,10.124164473513177,6.389350718042216,8.63604334844284,9.889880884985315,10.965090415625777,0.7
1468,9,124,11,25.001552902986248,15.059284765684126,25.001552902986248,19.976006052617088,8.220483040517859,18.547658586218922,19.52958093967526,20.207127951319055,0.8
1469,9,122,11,7.723721578059342,3.1247213037960413,7.723721578059342,4.471198734900897,1.949699667195863,3.5548673356383556,3.8469126642750613,5.028100719022224,0.7
1471,9,122,11,37.201845956542236,11.288934675547825,37.201845956542236,23.409248659829423,41.6700733965994,20.175470773625815,23.60388293343228,24.918500729651477,0.8
1472,9,108,11,28.68373712719955,17.415255109659142,28.68373712719955,22.17367935289705,12.187291846570075,19.612571985706722,22.041176621296337,23.511926518864094,0.9
1473,9,127,11,18.744360668037082,15.571426953113605,18.744360668037082,17.707594700042154,1.0402677673480751,16.90827455234745,18.060177625912694,18.625356352484324,0.2
1473,14,190,16,18.744360668037082,13.562122794098922,17.9534495256941,16.10586292825361,1.3718757959870134,15.614064278589606,16.233710755043916,16.83091192318178,0.7
1475,9,113,11,8.699761574006454,6.977500849374911,10.160738149521826,8.60121492685705,0.9545775593408699,7.773525587444929,8.699761574006454,9.406801389234502,0.9
1476,9,112,11,18.147774701880827,6.436170958196932,18.147774701880827,15.400423478464088,12.100805426149492,13.906801558912353,16.669766137889336,18.044825823174882,0.8
1483,9,129,11,14.617901294433265,10.848735231203662,14.690550123937554,13.688397210202647,1.1793394480378687,13.37822801209834,13.778708725846247,14.578135830786993,0.6
1484,9,95,11,25.98340640206407,12.083183186565023,25.98340640206407,19.14355424618132,20.566656730806947,14.709462017800043,21.110080850664865,22.06537910069203,0.9
1485,9,133,11,21.821392380716084,14.757417005563404,21.821392380716084,19.19511795912047,3.358364416730891,19.078893457583135,19.891511808721294,20.0520267060965,0.4
1486,9,112,11,29.96024764477037,12.389143313300247,29.96024764477037,21.06749505373926,17.66783375239717,19.173553256518417,21.876417992981303,22.57734440013901,0.9
1487,9,149,11,34.251166605825205,15.405890766392021,35.71305056805286,29.33139091836885,47.88494354965523,26.651996735679518,32.34882132798789,34.251166605825205,0.2
1487,14,203,16,34.251166605825205,15.405890766392021,31.26390010923142,22.261334428277195,23.843560681978214,19.314722194553692,20.782853741468504,24.508794010056263,0.7
1488,9,122,11,49.6694969741037,33.90080762728623,49.6694969741037,40.04691616104203,16.42132176001812,37.8777398683489,39.46671323263565,41.08251869032256,0.7
1489,9,142,11,30.647429393293955,10.271434363413137,30.647429393293955,19.25839084013638,57.49347312942503,11.715905825807214,18.43001293847606,25.166364137855645,0.3
1489,14,197,16,30.647429393293955,10.271434363413137,16.991558381330044,12.033510675010765,4.216790769790515,10.49977357036094,11.297024520459498,12.263741269205555,0.7
1490,9,125,11,22.276509611832232,15.53865454490631,22.276509611832232,18.376372527373896,3.740351954558362,17.4354635890637,17.90727432395859,19.04704774353889,0.5
1490,14,180,16,22.276509611832232,14.007612645767669,18.014640745842257,16.891086733799845,1.4604359491946728,16.447855052840506,17.366090048630156,17.717781962060098,0.9
1491,9,108,11,27.82619029900604,13.608950642689685,28.022607030829334,22.36541051753638,29.70068136599039,16.776451777672545,24.550134734803244,27.187128356918443,0.7
1494,9,123,11,13.115079300967217,9.161323198549102,13.115079300967217,10.663122390718504,1.0968240248237107,10.354018239532467,10.54528301696967,10.649131674123888,0.8
1495,9,127,11,10.34017676551596,5.997908459480115,10.34017676551596,8.418237585305828,1.4720192166561668,7.952672044155451,8.560476728295084,9.268992714365812,0.9
1497,9,101,11,25.110049768749096,19.696501164376095,25.130395465734797,22.185725237242032,4.8077141693316765,20.166393454202005,21.571872053186,24.70028816186934,0.6
1499,9,111,11,10.092410705066436,8.38888125830664,10.232003113432825,9.498343699697683,0.3167728431330032,9.229665477145153,9.54787389513581,9.9986159845414,0.9
1501,9,126,11,18.211488674597575,13.257224852767461,18.211488674597575,15.507520949552307,1.7830464153731025,14.680139179064469,15.505421866259368,16.136825078021065,0.6
1502,9,126,11,44.1405007124351,25.782467949314217,44.1405007124351,32.277124285644796,33.508471232355326,29.36025737560048,30.085882262001444,31.46450611112433,0.7
1503,9,128,11,15.537516461625914,7.456486017597198,15.537516461625914,13.954494692049403,6.01343080554223,14.267747417585841,15.057209000491262,15.29307223379949,1.0
1504,9,113,11,25.100885235096708,12.170180913552748,25.100885235096708,18.326759720533133,12.825275524289868,16.363503314248497,18.339493223486095,20.650746667915968,0.9
1506,9,82,11,8.193941131562509,1.044075432824058,8.193941131562509,5.368700057071774,4.697562636597783,3.925624956348787,6.112018834201922,6.816163405448175,0.9
1507,9,121,11,57.78113117827567,40.713357094394226,57.78113117827567,45.58903398381177,20.84602771538892,43.83023514176074,44.72906623120094,45.55682097448421,0.5
1508,9,106,11,10.013794820839271,8.496516658010922,10.490595734245353,9.569018130282458,0.3161939364855725,9.228827565820021,9.586066995862051,9.998654491711724,0.6
1509,9,98,11,15.99203343468853,11.842998604769601,15.99203343468853,13.609901914607885,1.8864315264814777,12.379050028216039,13.47809253781497,14.218596300423444,0.9
1510,9,115,11,36.927720940579206,15.98332969516398,36.927720940579206,22.78691644852926,45.63496773725216,17.782503288866753,19.094487616545766,28.072031035950797,0.6
1511,9,107,11,5.7020071699676596,2.188066207784658,5.7020071699676596,3.883940214167775,0.9571380066593574,3.391076771640625,4.0630989918767595,4.344106317472009,0.9
1512,9,106,11,23.467328214116588,13.094240848457098,23.89387181243118,19.905611926198233,11.038982552625665,18.18544046770935,20.50652085961441,22.85001559907335,0.7
1514,9,94,11,34.585006900335195,26.19912427522211,34.585006900335195,30.625269718192175,6.280001393334245,28.438382111183447,31.191396664236173,32.498935980074556,0.9
1516,9,97,11,8.153956205972854,7.1051903163952055,11.248258076518448,9.151461762703551,2.012029497649711,8.153956205972854,8.903960061649911,10.53364872987532,0.9
1517,9,110,11,12.832664084437893,11.33633227441118,12.832664084437893,12.361034883816291,0.21604412068404572,12.067331821793402,12.416162887873842,12.797481733847649,0.9
1518,9,112,11,31.634325583632748,22.303544877663686,31.634325583632748,27.078244164726577,4.583572524351099,26.596993904964663,27.076817151731962,27.33496011100862,0.8
1519,9,95,11,18.6926409862428,9.832587525479271,18.6926409862428,15.511312538841512,6.817321598306333,14.15096097177414,15.585621047992092,17.75104968498654,0.9
1520,9,131,11,34.76981326514634,32.52077053460665,34.76981326514634,33.93534193162775,0.40922339277071973,33.640378460207025,34.02255454958198,34.43095131473329,0.4
1521,9,109,11,32.66431430949084,22.580607391000875,40.91441880570731,33.22883565216023,31.88483600422152,32.66431430949084,34.20403784574878,36.237324736171935,0.7
1522,9,119,11,49.640077980428636,34.76604411488867,49.640077980428636,41.20581998457856,16.554604288527642,39.07450651239869,40.56230741575531,42.346006178027594,0.5
1522,14,182,16,49.640077980428636,34.76604411488867,40.732426165463664,39.11907163628751,3.0583573695706074,38.941907378520206,39.832995557693856,40.236771219585016,0.9
1523,9,111,11,35.72758243015246,12.82363760932714,35.72758243015246,25.13319681727106,79.49991419562566,16.097962450710007,26.841315045373015,33.6827726979938,0.4
1523,14,144,16,35.72758243015246,12.82363760932714,23.312403179323827,18.304752312359035,14.254576803430599,14.220661552185794,20.013725647890936,21.256697819663014,0.8
1524,9,123,11,77.29322745004774,63.789989303948744,77.29322745004774,71.55589964159442,19.93969585288257,70.36563305523143,71.92144680962929,74.55013219261521,0.7
1525,9,107,11,13.60287642426379,4.298193046697125,13.60287642426379,8.068950718653106,6.336841666327058,6.882683849435561,8.23667082590999,8.762445602225988,0.8
1527,9,127,11,18.417178475625462,13.272357015651911,18.417178475625462,15.581578019108543,1.6033025008114954,15.194959575795254,15.518408418372214,15.740003986016228,0.8
1528,9,111,11,25.630649790302222,12.718984833415124,25.630649790302222,17.385265554762615,11.296616475801027,15.585486055241752,17.510372815070134,18.34427521079024,0.8
1530,9,125,11,29.155017322645637,8.569227206225698,29.155017322645637,19.25274296148861,24.113113708586013,17.842530394896727,18.707543424735697,20.552041723672076,0.8
1532,9,102,11,14.702652487219819,9.504989899700636,14.702652487219819,12.50029347316787,4.422293172838179,10.145305593233694,13.330211087264987,14.407219790294489,0.8
1533,9,134,11,26.30179259272245,22.009197236772565,26.7757486152912,24.483705628413666,2.369445982752894,23.300358516964604,24.609781762367327,25.919954845693155,0.3
1533,14,197,16,26.30179259272245,20.718524534031403,24.774441604605272,23.265191215444737,1.4333101937458939,22.82596003543076,23.336763756189136,24.285491151572888,0.6
1534,9,91,11,6.864236896396192,5.833648467377482,6.864236896396192,6.322386782302108,0.12866810797649136,5.947804632392446,6.38715886021169,6.537931526663991,0.9
1535,9,117,11,18.22469911776533,11.698055139537384,18.22469911776533,14.43284502039314,3.052565506736273,13.824560639351485,14.268743516432185,15.376901879772376,0.9
1538,9,101,11,34.49321047463114,10.82206814613723,34.49321047463114,19.100805952446194,36.57990918966941,15.320015521462043,18.349781053834995,20.98311820491133,0.9
1539,9,122,11,18.00342981974954,10.874863750977816,18.00342981974954,14.512126273292633,3.3789340814306854,13.863237336700617,14.471611055490047,15.467331905446258,0.7
1540,9,127,11,14.280584580264506,9.152356823221659,14.280584580264506,10.562253041880743,1.9034374865316726,9.756020608067722,10.38440609060812,10.82737423494535,0.5
1541,9,133,11,27.550543278313892,23.406736896848415,27.550543278313892,26.421431299107514,1.37066257238516,25.92880156657781,26.81057393633582,27.226298643171397,0.0
1541,14,197,16,27.550543278313892,17.02405301893267,26.599678391456614,24.03281604072359,10.79850765747031,23.655756490738145,25.762269343829438,26.3007276669004,0.2
1541,19,252,21,27.550543278313892,15.587928360109036,25.737840136975016,19.828137609308598,11.116368591835835,17.395771563111666,18.851988421614514,22.476210062408583,0.6
1544,9,124,11,7.3248752544727465,7.050427017649618,9.729012198558248,8.34258082891577,0.8724660993457081,7.410319395880526,8.351164971719346,9.016236500572743,0.9
1545,9,108,11,17.300530687231454,11.281460872838759,17.720169517357142,15.792327566829533,3.432337502643244,14.872640957997426,16.447312431166594,17.223325754318907,0.9
1546,9,117,11,43.904591868631876,31.118632666529056,43.904591868631876,35.73982461916318,11.484340919866323,33.40573380069116,35.994764972861525,36.757610316827815,0.7
1547,9,129,11,17.08239993029458,7.558893152771471,17.08239993029458,11.345864420017147,5.25985475611762,10.335690571971435,11.005229201352893,11.685348558110453,0.6
1548,9,114,11,20.540284881563906,14.021914854873476,20.540284881563906,17.468126565036414,3.890862014150438,16.222803268016865,17.451111695462124,18.917136274718636,0.5
1549,9,126,11,19.739824145400853,15.522138692320727,19.990820068124055,18.20216630634057,1.7755544961966645,17.52827086668679,18.07677140183351,19.482780695830954,0.6
1550,9,108,11,9.81138041939177,5.718323632468348,9.81138041939177,7.475327987715649,1.046467974322344,7.188008419043392,7.569519407992223,7.683002887854866,0.9
1551,9,128,11,64.40549094371065,41.412579557703936,64.40549094371065,52.20980877815923,67.8655457924523,45.579315396173996,49.938201131242806,58.90811228447493,0.6
1551,14,174,16,64.40549094371065,41.412579557703936,52.191603696576536,48.34406034098848,14.98775793063533,45.579315396173996,49.938201131242806,51.592784480152616,0.6
1555,9,126,11,21.008919372265105,21.008919372265105,23.75015746152517,22.231215457667428,0.8898540612837014,21.504398317273406,21.978861538696897,23.105266902753897,0.6
1556,9,129,11,45.55511202696283,30.86359235443178,45.55511202696283,41.023351577873726,23.462711841998022,39.07987511325803,43.41931785711682,43.86713028368901,0.0
1556,14,174,16,45.55511202696283,30.86359235443178,43.02250122325249,35.35340733776685,16.674280904672983,32.071846872104274,34.074311500958586,37.50829107199388,0.0
1556,19,237,21,45.55511202696283,23.943376754389103,34.445476433667146,31.372266008777423,11.43805528971547,31.049397845473557,32.17586453487595,34.11844077004042,0.2
1556,24,296,26,45.55511202696283,23.105745155182653,31.967829209332603,27.113809875878626,9.477576638180029,24.817698463728913,26.121915970555953,29.958302013667506,0.7
1557,9,111,11,7.579884599829591,7.000338204024186,9.26182241227647,8.169996089115985,0.44395000269347873,7.6655247141849605,8.163883026102859,8.498389000042193,0.9
1559,9,141,11,37.87992429010374,36.00435319535938,39.4245763325258,37.54973422825103,0.8788954478983083,37.121327349185506,37.56024707290359,37.87992429010374,0.3
1559,14,201,16,37.87992429010374,34.87237306790131,37.77176563424883,36.60391176782798,0.7898933842672308,36.05723667596255,36.741077388929455,37.31294226604718,0.6
1560,9,121,11,18.57531778161882,10.537285692604538,18.57531778161882,12.770194680845012,4.397952770910901,11.511653368021918,12.576716748438752,12.734805901627901,0.8
1561,9,123,11,63.58248520113632,39.79681782165859,63.58248520113632,55.79964591148223,44.3385677723135,53.65051230424895,57.123299927320275,60.10014731755126,0.4
1561,14,160,16,63.58248520113632,39.79681782165859,56.987590645281266,51.979142973902256,29.17757525430121,50.5319502808404,53.79615689501554,56.05755937588643,0.9
1562,9,114,11,18.183606427950124,10.45990013771064,18.183606427950124,13.225439453920213,4.62063824259354,11.600480628374857,12.883921406036082,14.389930939015452,0.9
1563,9,111,11,19.884491542511725,10.020377114632334,19.884491542511725,11.906668563181949,7.4846070089777585,10.43319139838722,11.302806920758002,11.7922647732794,0.9
1565,9,127,11,14.510081331006337,9.040615492365838,14.510081331006337,10.74625184359059,2.431867820181384,9.817966541270078,10.24395266129509,11.2844371823037,0.7
1568,9,138,11,21.423930579254026,8.44990403506679,21.423930579254026,14.540864972409036,15.444693574486447,12.026509581573395,13.925206301018587,15.196621132266458,0.8
1569,9,94,11,5.746066811071575,3.2277277296682416,5.746066811071575,4.363354043405668,0.4225704188495404,4.033863894101214,4.243221790146752,4.747370236856099,0.9
1571,9,112,11,13.32805838587125,6.9394077719129585,13.703929181568185,12.10690038681246,3.938595655186254,11.347550858373609,13.119546316250023,13.32805838587125,0.9
1572,9,121,11,14.996155755706692,7.780238266769572,14.996155755706692,9.638143853031327,3.723699038597387,8.863198723718362,9.138785077576824,9.434936670301024,0.8
1573,9,115,11,7.938669707454132,7.183514054554401,8.873694765784382,7.965417880557197,0.24634037924628488,7.725398015090319,7.938669707454132,8.22196444750724,0.8
1576,9,124,11,37.213688393772244,23.953280384953594,37.213688393772244,28.441600701664715,14.676181827085852,26.5366142793887,27.369997373061423,28.900739512248215,0.5
1577,9,131,11,19.59098894539521,14.048089659620132,19.59098894539521,16.291768330925308,4.715288178648119,14.227428379232633,15.511173085430725,18.53372232197098,0.6
1578,9,110,11,26.31058899075893,9.093564327083246,26.31058899075893,23.087888547651332,23.384391045057136,22.88667519248414,25.19284982291476,25.489427963563212,0.5
1579,9,113,11,48.41553471165301,14.450841924684255,48.41553471165301,26.243507214140692,99.92218745311737,19.243495306109395,22.006259153775513,29.72348084878572,0.6
1582,9,99,11,4.30329866933095,3.7982774270739124,5.105974630549469,4.407590865867247,0.1305786659571813,4.168592787707728,4.346405204194397,4.622152860964729,0.8
1586,9,130,11,29.700331945869355,26.642938788057272,36.369935964192855,32.509157954765556,8.965687215423037,30.24063962985435,32.50736033049222,34.88644122642711,0.7
1589,9,126,11,25.20049290545642,20.242353850492833,26.186052590720536,24.674301628084457,2.6129707402056326,24.323107518180517,25.20049290545642,25.567640473171824,0.8
1591,9,102,11,13.673449360883572,13.673449360883572,18.203614970994302,16.174607498029744,3.2849581120896425,14.42364935506815,16.736655916367805,17.792027024283385,0.4
1592,9,143,11,18.833787908830928,15.76612135934813,19.247951670080305,18.07129028182426,1.5789799168317171,17.416498214438363,18.728205321609423,18.833787908830928,0.0
1592,14,207,16,18.833787908830928,11.690688707573496,18.666267659458654,15.146877984875218,5.61088517537935,13.509108620092647,15.229281612847721,16.74358009664156,0.4
1592,19,270,21,18.833787908830928,11.690688707573496,14.692441866347313,13.2359912324961,0.7770647394290326,12.712976112415719,13.445859834541153,13.773137818018139,0.9
1594,9,120,11,30.80690545603458,18.453779518375388,31.885813843592345,26.48810637426478,20.67305009909764,23.06614393663937,28.27408703632585,30.435598177620975,0.3
1594,14,174,16,30.80690545603458,15.557939355270534,28.236539849115523,20.94157497461852,13.314864405389216,18.5050443802967,20.369773463089718,23.450961503361196,0.7
1595,9,116,11,14.407904876772248,11.650703896868912,14.407904876772248,13.19157724880876,0.6956775059892697,12.758212390993023,13.292887400733807,13.533221982787737,0.8
1596,9,117,11,29.8091212051763,18.94220776650763,29.8091212051763,25.007465969900757,11.142486218146223,22.477429130200953,26.061331308600593,27.2278981943386,0.6
1597,9,131,11,17.69365713079018,13.108297367173392,19.193311219239458,17.32875282806793,2.445065356499211,17.218439940333347,17.69365713079018,18.15266887743343,0.6
1599,9,109,11,68.55204994060378,26.88978081337811,68.55204994060378,45.155605197548276,270.0574678785408,29.032668559681852,40.94595942996133,61.4544491252603,0.4
1599,14,143,16,68.55204994060378,26.88978081337811,37.03883147844235,29.97222482436648,6.936521393346595,28.494348632675724,29.46467550554517,30.272356986167328,0.9
1600,9,131,11,58.59846446194604,25.48246113612756,58.59846446194604,42.06660348851625,161.9369305823214,30.805341204758413,39.05796359147281,55.99950608890545,0.2
1600,14,185,16,58.59846446194604,17.961999221895482,36.07181960060878,27.114962649753107,25.760333021282275,24.88737857578889,26.892503582227327,30.397428909904633,0.6
1601,9,116,11,16.42105284862227,12.04327544940215,16.42105284862227,13.521483707659858,1.2522624542637966,12.951741389135279,13.600245845142506,13.66822706606873,0.6
1602,9,113,11,6.43581728806857,6.43581728806857,8.858208703746577,7.859695837201076,1.0000804334493392,6.85485226165202,8.259123772206026,8.817305279174693,0.9
1603,9,121,11,40.88324520361289,23.63898535071992,40.88324520361289,35.101292091502636,20.174651216495523,33.236144304342716,36.76152257715144,37.44884297668845,0.4
1606,9,110,11,27.590726423586233,18.717892642877977,27.590726423586233,21.563492371718638,5.282607616047438,20.38776229370705,21.029396164809008,21.633410375188205,0.8
1607,9,113,11,83.57178028255692,66.82815817309096,83.57178028255692,73.14227421531639,29.735323928576634,68.85820796421716,71.70508227535717,75.54414012229546,0.8
1608,9,129,11,37.7382412191881,22.510743329694893,37.7382412191881,30.300004741387255,13.634965449988233,28.584349882982394,30.415695502387734,31.821343539614055,0.8
1610,9,133,11,9.964552834650204,9.284567912254802,11.337701359130913,10.391122440760062,0.45724180275940673,9.964552834650204,10.406659485459386,10.940769501002741,0.7
1611,9,112,11,36.523876671355595,19.725352256388152,36.523876671355595,30.17129204340184,20.32963211829705,30.352819160269817,31.432034963656875,32.51476467659759,0.9
1612,9,115,11,54.42617529271223,29.027266384719717,54.42617529271223,41.48677917416365,44.95464924948677,38.452875679274214,40.95895469613585,42.47736665551676,0.8
1613,9,115,11,9.128535085409995,9.031772343107585,12.243567890619008,10.556479807707005,1.432210194330708,9.222652762410839,10.794848031866872,11.651753227581226,0.8
1614,9,100,11,43.47998534141751,15.262945243485209,43.47998534141751,26.14183038778911,105.91344018860202,18.69420994286902,20.706028244900523,36.37522199230836,0.6
1615,9,131,11,28.30303811855483,18.100238779669723,28.30303811855483,21.95667570344874,9.721035226768626,19.997489848490005,21.537432270479265,23.038020662020287,0.7
1617,9,93,11,9.555186639051811,4.721568693892638,9.555186639051811,7.38169476452501,1.519308083651533,6.707677822371803,7.438800495955286,8.187454961672136,0.9
1618,9,112,11,42.66239190891524,19.318815829619222,42.66239190891524,26.610174507927002,50.45467815466426,22.582752774247616,23.838592508213097,28.461126318060533,0.7
1619,9,135,11,16.824713813384523,9.347374276162585,16.888889203141495,13.367704978817034,6.384882837831876,11.597335942736876,12.989319816021043,15.967458913439048,0.7
1620,9,129,11,18.68824385670063,12.888797354383541,18.68824385670063,15.111623897158847,3.655100495580899,13.482380331723348,14.875886901176035,15.67054271064338,0.4
1620,14,191,16,18.68824385670063,12.734410378298339,14.94293029639358,13.830781111797474,0.5871540231460364,13.210719543124153,13.703145553323871,14.5407350901413,0.7
1621,9,97,11,9.984929149502818,3.6520877908036344,9.984929149502818,7.896420054136009,3.499325239576458,7.659865755889139,8.43329506298284,9.064087076543988,0.9
1622,9,119,11,16.871403531590317,11.862022670763093,16.871403531590317,14.753212076245086,2.7432313151093113,13.280157873525091,14.906197848168658,16.28947363672614,0.9
1623,9,109,11,30.73094892207063,17.84507474157661,32.89034941925613,25.63163217807287,22.9731421548806,22.43667037940291,24.052687243854848,30.541079853884433,0.6
1624,9,114,11,24.109296669779212,23.07229575640121,27.8127798487686,25.478825302378173,2.4976962762817676,24.109296669779212,25.755209501398078,26.79819302290186,0.9
1625,9,121,11,40.26083857752069,30.224482795751182,40.26083857752069,36.1292587725399,7.202212207383106,35.09484507496452,36.550912074212,37.75314225089718,0.8
1627,9,80,11,45.959663213940416,10.967120359186445,45.959663213940416,23.147654247960684,85.28031890422623,17.37330263851962,20.716209329213584,25.0732145507086,0.8
1628,9,130,11,15.156079590703424,8.441815420812153,15.156079590703424,12.279834959527225,4.207918320489385,11.453815051067945,12.38122376498267,13.473276621667242,0.8
1629,9,118,11,21.889734686109577,15.323660279393616,21.889734686109577,19.635458730545125,3.1064105556575408,19.596470752107752,19.827666490992474,20.055813145033568,0.8
1630,9,114,11,31.34932850386724,17.271557704261397,31.34932850386724,22.046120068839013,19.042610909820826,19.879923738000194,20.428136256239796,23.348809176062403,0.5
1631,9,111,11,44.716203333056214,34.17298084806068,44.716203333056214,41.02998540235351,10.264144551230412,39.55196213739859,41.51437285052534,43.632270278082835,0.5
1632,9,97,11,15.274556172234657,4.042445234973705,15.274556172234657,9.15999235498018,8.097675618243835,7.457693280265759,9.160476788898617,10.580707444272903,0.9
1633,9,95,11,27.78054572688781,12.416854390549215,27.78054572688781,16.8006996445938,19.24022427224524,13.767716434452334,15.483821778366584,18.714267506684738,0.9
1635,9,121,11,22.607997705668716,17.41248820889454,22.692395990557813,21.000551256238033,2.549570722515804,20.024602733403633,21.35597918331601,22.410804286360644,0.6
1636,9,101,11,16.566120913328618,3.3655516393416938,16.566120913328618,9.90440135361179,10.085677187523759,9.101333921817158,10.506159115409176,10.948538941730575,0.9
1637,9,120,11,25.55927854759442,24.36150851355326,26.164076745927574,25.42261422425683,0.30270513988834413,25.075891370015817,25.55927854759442,25.76028970986573,0.8
1638,9,108,11,41.46986443848447,27.480230539345587,41.46986443848447,34.52879804495366,14.628249113003667,32.12169947728524,35.40844282481133,36.57081125243886,0.9
1639,9,122,11,9.25953113142496,4.654425369640581,9.25953113142496,6.899515776886995,1.5972909473575034,6.4441832216426915,6.597162838416475,7.150922901264435,0.8
1640,9,119,11,9.85417974937057,9.85417974937057,13.342745900221388,11.899051859151308,1.51314641045664,11.456763383172383,11.907943877451377,13.027544196439496,0.4
1643,9,107,11,27.523137532975923,18.024744424111347,27.523137532975923,23.4349715312807,9.199821094816615,22.025082916920383,24.522137888879698,25.59860095820133,0.9
1644,9,110,11,19.694518379905382,9.780039004914979,19.694518379905382,11.99205580729614,7.366365278048619,10.488554691348197,11.366544087921497,11.624975338546884,0.8
1645,9,105,11,35.55255739666333,13.554094595820677,35.55255739666333,19.837748631469584,37.09005506775646,16.257204901135488,18.549065833400913,19.443936820574606,0.8
1646,9,115,11,13.892841049885778,9.41211836318772,13.892841049885778,11.789900778470034,2.113460652805722,11.19339873123472,11.787850891189839,12.481145741993082,0.8
1647,9,113,11,9.868389198618253,9.014456193934638,11.751926036553689,10.498703718454104,0.6235614747924784,9.965271148453681,10.43045754506797,10.915428990027815,0.9
1648,9,116,11,17.80542968247314,10.654810394750395,17.80542968247314,15.468219239337762,4.062191093733055,14.316252232972223,16.050343024584368,16.92389555704053,0.9
1649,9,137,11,27.925337893324162,19.091227449382473,27.925337893324162,23.7405640011289,6.6186444460005145,22.289751114511056,23.901085279643883,24.254891582447662,0.4
1649,14,194,16,27.925337893324162,19.091227449382473,24.22869786804828,22.31081994036375,2.315018091528769,21.69259221630379,22.455295200173364,23.57566802318563,0.5
1650,9,101,11,40.96570577099443,15.641307455994745,40.96570577099443,24.568922862022635,49.94717460868541,19.61364875078461,22.847320411139698,27.114709837704364,0.5
1650,14,148,16,40.96570577099443,15.641307455994745,22.521199879068625,20.271749495142807,3.3420629424311357,19.61364875078461,21.01507894716507,21.2800577440444,1.0
1651,9,120,11,10.390003999907536,4.642168532212635,10.661699125664034,8.915494179896733,4.520218426726791,8.400146265079115,9.89407930607573,10.438504788285432,0.7
1652,9,117,11,36.25404276625076,31.69862549958158,36.25404276625076,34.16838949935704,1.4083460101197558,33.69166295038959,34.41644176999185,34.77104371550862,0.9
1653,9,89,11,5.628465873585323,2.802276084626343,5.628465873585323,4.225553247668488,0.6157314779138671,3.793648577749616,4.25438677057336,4.771322624353475,0.9
1654,9,103,11,6.871341615015779,3.651410981819093,6.871341615015779,4.857454809141954,1.0849930558679228,4.157735524088294,4.623721664398424,4.806905036098467,0.8
1655,9,122,11,68.76590903319365,20.821823330577388,68.76590903319365,48.64767321931613,301.7670392908008,31.967559544999446,56.450468270330674,62.205859023243924,0.3
1655,14,164,16,68.76590903319365,20.821823330577388,55.40166379019373,31.76070382177958,78.48363985402632,26.4917844371956,31.27344215845347,32.00750959398053,0.7
1656,9,122,11,17.806582596662835,10.36147648219061,18.182330243236105,15.663611156870264,6.392241568785378,13.842526194978191,16.97792388827775,17.744840825994494,0.9
1657,9,116,11,16.130488890706918,12.910250116850849,16.130488890706918,15.111402242228724,0.9824641218996449,14.425852207191618,15.520392590351069,15.841276947458688,0.8
1660,9,109,11,16.211195210576697,12.104067196337708,16.211195210576697,13.519276896270702,1.0776228247248019,12.870664941977864,13.540645553541118,13.694851723888647,0.9
1661,9,126,11,16.792665089972623,12.051104065655354,16.792665089972623,13.768744967204025,1.5029128899083868,13.264118300884553,13.553141716760837,14.220846527994025,0.8
1662,9,107,11,13.796893226441892,5.275063504106887,13.796893226441892,8.824950324588084,5.297471056647585,7.7210072757353565,8.0992695025403,9.249357664450832,0.8
1663,9,126,11,24.815779079904107,14.355986338398456,24.815779079904107,18.649256810407298,10.861314572651661,16.995317479342372,17.814640992734056,21.013752606505896,0.7
1664,9,118,11,11.76801233272285,10.070188361433829,12.795463357478837,11.77578011303948,0.7350450082078182,11.76801233272285,11.89498648084636,12.395386510559849,0.9
1665,9,109,11,20.18492857090679,18.572579526727782,20.18492857090679,19.45577522031215,0.3385951222996898,18.88575135468264,19.5667817076271,19.988950240858877,0.9
1667,9,138,11,46.87932519568844,21.31274236318701,46.87932519568844,33.81203975420935,89.32010604341137,23.225225597148278,37.05792537660719,41.709424869055,0.4
1667,14,180,16,46.87932519568844,21.31274236318701,36.32726025486821,28.089120639333167,22.570614318628746,23.225225597148278,29.796717731297065,31.317898178572385,0.9
1668,9,122,11,19.73553343357235,15.260023751505894,21.66589871626189,19.65347559584417,3.467185483256332,18.97927027536843,20.007290485755302,21.048800883033458,0.8
1669,9,123,11,13.714724934388517,7.231695222028241,13.714724934388517,9.602106819868023,2.5819648560233093,9.226120674998974,9.37081881986801,9.800315308308306,0.8
1670,9,122,11,19.93868523613592,12.341329921086253,19.93868523613592,17.144776542495542,4.6272594176182995,16.20092669681732,17.559177141600948,18.48805817047406,0.8
1672,9,120,11,26.92258320501349,24.208827287283555,27.14302180088361,26.17297165355266,0.8157375357453229,25.641872326311695,26.634893741128284,26.861641332067123,0.8
1673,9,111,11,33.13365780433142,31.154003491167515,34.121493065694175,32.814548043756965,0.5744991245736848,32.37613354516408,33.01476496532035,33.219920561884194,0.0
1673,14,153,16,33.13365780433142,27.02529897600026,33.01859414440368,30.734155710530935,4.851213405469418,28.609854875081083,31.70196969898228,32.51620266305629,0.3
1673,19,207,21,33.13365780433142,27.02529897600026,31.154003491167515,29.625924971861973,1.9621572833068512,28.489816503348074,30.190881383500614,30.550016578416564,0.4
1674,9,102,11,65.58992759883188,30.61813204296555,65.58992759883188,52.13875638062907,122.2310723230664,45.6948562883241,55.4581705938118,60.104506450621145,0.3
1674,14,152,16,65.58992759883188,30.61813204296555,53.28913550759401,43.31726436350808,43.53919760089188,38.44462551078202,43.91598545946955,47.409162422583634,0.6
1674,19,193,21,65.58992759883188,30.61813204296555,46.23681709539643,39.979469645992175,22.597757673691316,36.790823137133,41.95169592582032,43.686942283073634,0.9
1678,9,121,11,26.307866714601257,16.60721277762678,26.307866714601257,20.657601102892464,6.149936105722861,19.306428442906725,20.40002318510067,21.62642818680836,0.8
1681,9,127,11,9.444521665954486,7.260915235959116,9.676232584799255,8.902279429698007,0.5366048307276319,8.445421269302226,9.162007247925224,9.435867293972152,0.9
1684,9,136,11,13.250427323273144,8.322937696732678,13.250427323273144,10.505976652535786,2.0028389569387137,9.369343024443268,10.495102376888713,11.42402207856513,0.5
1685,9,119,11,17.85888545354647,14.365505869350436,17.85888545354647,15.83788120981157,0.8063360292814196,15.190777166770415,15.981730310451505,16.107539727153377,0.9
1687,9,130,11,36.21235040159813,27.060069919905963,36.21235040159813,31.213837388442734,7.315605151544697,29.37813256860438,30.880124272610274,32.37892099739451,0.8
1688,9,114,11,86.54897509630615,71.10229975211013,88.23672575420926,78.84188836472921,34.72394639943148,75.44503369788109,77.5239385529654,84.52499584760011,0.6
1690,9,107,11,8.693456304591209,6.967489293322029,9.363352464662071,8.418016005373476,0.4334672706479192,8.238535048142847,8.605728531186978,8.718404242018877,0.9
1691,9,126,11,56.947237743273426,33.65182577089723,56.947237743273426,44.72975619884913,74.16585468509494,38.014107683630826,40.91221119626245,54.262237198810205,0.5
1691,14,174,16,56.947237743273426,33.65182577089723,41.586114401931475,38.607977578859256,4.482314079759284,37.716710330489605,39.08179235321662,39.742576744219996,1.0
1693,9,110,11,49.589019743244336,32.93137985045305,49.589019743244336,43.55184311026353,23.092712526060218,42.09049900684656,44.428181809114214,46.237082176087,0.5
1693,14,168,16,49.589019743244336,32.93137985045305,45.70897426208796,41.52446150547771,12.802150098598759,40.24740143372268,42.1595147804274,44.26442580887003,0.9
1694,9,128,11,23.042753367112425,8.884290556596419,23.042753367112425,16.778362167557,23.911664379541122,12.439980298452461,17.61415615690974,20.810957691005612,0.9
1695,9,107,11,6.074878795375503,4.138331468890675,6.69945405196075,5.812482909593378,0.5139244132204108,5.56054217409619,6.074878795375503,6.254156259019757,0.9
1697,9,117,11,13.882045980988567,11.878093583562388,14.50376080957421,13.511336312735594,0.7647226295943594,13.221596252441868,13.882045980988567,14.061765476265109,0.8
1698,9,101,11,19.488796873349933,10.123537265183874,19.488796873349933,16.535274174397596,6.942548305505606,16.039815513562182,17.18934254411073,17.70659744635292,0.9
1699,9,139,11,11.677432257621156,11.677432257621156,14.112357427579152,13.347194775353515,0.7794405654143246,13.182442035902444,13.743037959601418,13.975029461037527,0.5
1699,14,195,16,11.677432257621156,11.677432257621156,13.793418439815234,13.056769532351788,0.6672215012564581,12.456651825992697,13.451573113039217,13.700700388666476,0.9
1700,9,113,11,16.00512159685305,16.00512159685305,18.000677337566746,16.844886470809477,0.6717695604637083,16.082430570033928,16.532857246517214,17.71484498399785,0.7
1701,9,133,11,20.94512979006762,19.71051241042737,22.257825082424826,21.33192881873625,0.5234289028316048,20.955179787751288,21.33676394010525,21.94662168630841,0.5
1702,9,126,11,16.597863364252195,9.276555631501992,16.597863364252195,14.313215651141638,3.925293803565129,14.49726714072158,14.843991428544594,15.244230008840985,0.8
1703,9,98,11,5.079077584593988,5.079077584593988,6.330180981881096,5.697853436775146,0.2008893391975354,5.388477792076991,5.645006112852995,6.113245196439975,0.9
1704,9,86,11,5.663898367154175,5.295717096963868,6.544467570129764,5.826425213807735,0.18688252118254148,5.559107988118143,5.635140302859515,6.1442214377272295,0.9
1706,9,123,11,32.648489171068135,25.148096421105585,32.648489171068135,30.139201477277517,4.583428907356434,29.22880726019421,30.194463321938624,32.03603565674332,0.9
1707,9,116,11,8.180853940964617,4.808766066312023,8.180853940964617,6.1708146136284,0.6401868143354267,5.796409369017613,6.196440181554721,6.268208774627895,0.9
1708,9,104,11,13.030419254984363,8.64812014029046,13.965413468855044,11.856481424198389,3.389507842141776,10.817278012142197,12.792564580934137,13.130222906240814,0.9
1709,9,130,11,22.087182329077226,10.33993127876835,22.087182329077226,16.69910673339429,10.977864487175065,14.57224175645889,16.75048864179069,18.197708226887023,0.8
1710,9,121,11,39.1969547554767,31.1827757693466,39.1969547554767,33.51413426473715,4.454035879774641,32.31093789794137,33.42577395501192,33.67626258557646,0.4
1711,9,110,11,24.31174086852543,12.835770634219294,24.31174086852543,17.418881719310182,7.336271480403218,16.582783585303737,17.176577977265474,17.83756993062397,0.9
1712,9,108,11,11.447735976033211,8.619654388712073,11.447735976033211,10.69524534310199,0.8636605921749426,10.799715967482388,11.023153035774218,11.318447177017886,0.8
1713,9,119,11,28.375533759858108,19.710419680046574,28.375533759858108,25.24703826041732,5.131916546656565,24.670777799480135,25.70710600486375,26.5677517960033,0.7
1714,9,136,11,31.717386259935783,30.54314514843377,34.990142845668814,33.455905198619384,2.125698285821069,32.23621748513798,34.14984300770078,34.460811880168166,0.2
1715,9,111,11,16.78751234011105,7.474817199720125,16.78751234011105,13.420138197807663,8.145512067820734,11.942879215088151,14.53580918060469,15.577043324982522,0.9
1716,9,93,11,9.372856470292351,3.683906174731076,9.372856470292351,5.484096954262737,2.4860852282940717,4.513729482930965,4.981899386441329,5.9157672007584114,0.8
1717,9,106,11,31.99151133326466,22.352187825663798,31.99151133326466,27.89484238477674,8.51809681825605,26.812864764970875,27.487566677579267,30.177351582417877,0.7
1718,9,103,11,13.64521372476455,11.24610560614019,15.283721879232996,13.601861274623099,1.496885396010034,13.212657253647619,13.64521372476455,14.632142103546343,0.8
1720,9,117,11,9.087274209003425,6.267743177669725,9.087274209003425,7.434908177166387,0.4745588842713042,7.258235428082754,7.402868109991507,7.61542111644643,0.7
1721,9,104,11,16.65059600510902,11.81699355052044,16.65059600510902,14.401905393329509,1.8528859416257473,13.601806764121179,14.393879267293586,15.325451912861077,0.9
1722,9,99,11,10.633248788788134,7.039784500162534,11.965643272383465,10.09721003566242,2.4964248675170815,9.282325726708967,10.633248788788134,10.957377920616958,0.7
1723,9,82,11,7.557908637364914,5.489903934273549,7.557908637364914,6.325980786415282,0.41050659499332287,5.797197211457068,6.235740076307589,6.820307656860868,0.8
1725,9,128,11,20.67717116581234,20.67717116581234,22.803522716526633,21.518553804982822,0.5357291745284853,20.835041290997857,21.43469527701169,22.11230779088014,0.6
1726,9,120,11,30.327136917562612,24.345406573948743,30.327136917562612,26.102489253761377,2.7496092779859582,25.22680227749969,25.52233077423388,26.62137352020247,0.6
1728,9,113,11,27.712526303696226,20.490780606345332,27.712526303696226,22.758859061282244,3.5725231532049735,21.75758942875555,22.12086126832859,23.169969551469258,0.9
1729,9,115,11,14.318893695106583,8.285767757126719,14.318893695106583,10.441695456296149,2.9571288074107804,9.334410495448727,10.0608774674199,10.716198092821129,0.8
1730,9,101,11,15.631310127219063,7.808073816949686,15.631310127219063,10.378319064229863,4.566376084251322,9.253175886476363,9.642245252496405,10.594882878960703,0.7
1731,9,111,11,4.962475894290723,3.4592234527746193,4.962475894290723,3.8460284061109755,0.17898173518925173,3.619753778693431,3.668143030902151,3.9659285443517263,0.9
1732,9,96,11,14.378407921493725,13.13613217549847,15.556600898629435,14.291732113929774,0.6514851710714288,13.593905989829224,14.378407921493725,14.749434648562776,0.9
1733,9,136,11,17.129842933157715,14.027774336900276,17.72409105560523,16.543406897628124,1.1845772867614728,16.24223824639455,16.8180014124514,17.372576396266144,0.6
1734,9,121,11,24.57361113804774,19.936317623835148,24.57361113804774,22.84506970490381,2.2295629607714,22.02730167698028,23.3376941374206,24.12294995583884,0.5
1736,9,120,11,45.39981658258574,27.159477727430506,45.39981658258574,35.666252184032835,20.733101702029302,33.56858943016228,36.51576408972582,37.52961649344937,0.8
1737,9,91,11,22.748159291390934,15.492395459411771,22.748159291390934,19.2767633452582,2.958604160775478,18.687047845659876,19.319393038921426,19.942703469273287,1.0
1738,9,136,11,19.080339201908235,16.080016048852137,19.080339201908235,17.916437477696117,1.030798977111463,17.12878962992207,17.774633524302118,18.981277168402737,0.8
1739,9,123,11,30.319138198494443,18.114786838224006,30.319138198494443,23.839737229200413,9.682232457546238,22.646421148029663,23.329750501406423,24.452752951510075,0.7
1741,9,150,11,69.59917274421906,43.542316482035126,69.59917274421906,58.8683318774197,80.87228108448916,50.69079065098576,61.561279334748725,66.28660454094091,0.0
1741,14,197,16,69.59917274421906,18.670173834095507,57.67803425993603,40.38714043267002,140.61834595878423,31.459285498701668,42.562147283266654,50.30066376332934,0.4
1741,19,249,21,69.59917274421906,18.670173834095507,41.58197808449819,31.67882311919061,29.81277479802584,31.459285498701668,32.70363081170934,32.99116627622068,0.9
1743,9,133,11,12.521814902901028,8.408858071364174,12.521814902901028,10.94266806705092,1.4457022980727534,10.240599388827036,11.433202530097214,11.769296144008708,0.7
1745,9,129,11,35.271359370800354,19.648812270878135,35.271359370800354,24.408715742722315,29.61382113974289,20.579704291426427,21.363906546864975,28.926652373219454,0.7
1746,9,114,11,54.58325520757268,46.66044033349678,55.696596281773196,53.42756727741029,6.505779243709026,53.002897526915504,54.50466233621357,54.87234398045759,0.0
1746,14,177,16,54.58325520757268,34.22837538450721,54.42606946485447,44.31095014221762,63.120675372476114,36.110551386364314,44.32098624225651,52.56463143522765,0.1
1746,19,228,21,54.58325520757268,19.841953483462532,41.98153215101624,32.11157689380697,34.61151356414955,29.435464475609766,32.66904420940036,35.85076286295169,0.6
1748,9,111,11,16.827558549498125,12.330334546226887,16.827558549498125,13.707121726275142,1.7856744822387305,12.493352116734757,13.604505788647984,14.309204139925846,0.9
1751,9,133,11,24.725228928888818,15.62291457068339,24.725228928888818,20.794565605632616,5.199644487412865,19.7304194824937,21.311888235402023,22.028362638664515,0.5
1754,9,116,11,65.6244999999261,49.22397602211369,65.6244999999261,56.02594373120594,22.0960288189177,52.05501866836663,55.81973225894553,58.956272582168104,0.6
1755,9,121,11,12.491826574878415,11.666528465099457,14.173317975216598,13.208207945938957,0.5848133161499072,12.625025400339899,13.288658485012347,13.812941741982847,0.9
1756,9,82,11,56.595986796205224,34.71873722607893,56.595986796205224,46.28583475330403,38.427539295946,43.06150357131125,48.31557846089707,50.15378396720267,0.6
1757,9,118,11,36.02788399133615,26.543377652925557,36.02788399133615,31.03409195604089,5.375480919220516,29.845407480773023,31.268844724600008,32.04286225529532,0.9
1760,9,89,11,15.841737702276507,11.477800780159644,15.841737702276507,13.727721532824976,1.4239042886741609,13.121507035149298,13.964129000912836,14.46490181276559,0.9
1761,9,118,11,14.247259998338938,8.462422718780783,16.655902686728695,14.735730400834242,5.071178813315515,14.333534439907043,15.290027895961636,16.16362670752022,0.9
1763,9,114,11,18.4661601170543,14.9926189934049,18.4661601170543,16.780148533418348,1.708383754235171,15.489966265206306,16.857232763532373,17.966817588871592,0.8
1764,9,124,11,13.111695049221533,8.554940430481707,13.348465880631242,11.397908264167173,3.055564681607759,10.023479456353433,12.20869630887111,12.951564378071218,0.7
1765,9,124,11,64.119939573378,8.218100818175754,64.119939573378,29.571345136107766,389.19585049437785,13.070292436199434,20.201191833956997,45.62877765118607,0.5
1765,14,166,16,64.119939573378,8.218100818175754,22.709003691127133,15.995224946144296,18.606801667484525,13.070292436199434,15.78467521171363,19.704829086580443,1.0
1766,9,96,11,15.149926666255084,6.93845433980456,15.352464657812972,13.80758928939754,5.727039745747592,13.737727771289604,14.588189176308461,15.14645108556638,0.9
1768,9,112,11,41.625820348154754,22.919707020884864,41.625820348154754,30.37477044336552,50.58983065812741,23.936538622891476,28.00129856247311,34.96377497078906,0.5
1768,14,148,16,41.625820348154754,22.919707020884864,28.355247106901153,25.927703682129703,4.47551524198437,23.936538622891476,25.777691835943184,28.13377049730164,1.0
1769,9,87,11,34.23723171544128,24.168519767946336,34.23723171544128,30.52307442628298,8.390051570373055,29.426570691882773,31.40374508922077,32.47705157725335,0.9
1770,9,126,11,22.05005889268364,16.1969097293492,22.05005889268364,18.19170259234348,3.298118496244021,16.942492062094658,17.655510297281054,18.54661001493901,0.8
1771,9,105,11,18.24418258060333,10.180207172306504,18.24418258060333,15.951286077119965,4.670449259555561,15.630487825336882,16.142498658865627,17.062022161546956,0.9
1772,9,105,11,23.541083960704498,17.584637243606515,23.541083960704498,20.536827718784952,3.73321683667346,19.25915854150612,20.351150114652604,21.66428335160807,0.6
1773,9,125,11,17.446690693417423,16.241554073941394,19.486183303534375,17.481138918712567,1.074157503467228,16.68125815980516,17.357117374553127,17.5687898688178,0.7
1774,9,100,11,50.17553274195904,31.392172262834993,50.17553274195904,38.747899989102194,24.90166256435037,37.133506721287155,38.962960156292525,40.34013841568712,0.8
1776,9,113,11,15.539654281862722,10.538193257619419,15.539654281862722,13.596447765101791,3.1441146114982335,12.440569202096704,14.469250619164379,14.768408634723018,1.0
1777,9,120,11,25.684014515256997,19.24100005598519,25.684014515256997,21.080108106094148,3.352878046094935,20.03222264026563,20.26366829133447,21.460796230537703,0.8
1778,9,118,11,22.93225571314708,13.082245240107632,22.93225571314708,15.53120473263217,7.309417706432043,13.75572086495728,15.10845849104214,15.79309851035946,0.6
1781,9,114,11,86.18749863528761,72.27123598384975,89.73519637069958,84.7614074175793,27.245987002473452,83.59076651905238,86.18749863528761,88.55975977578298,0.2
1782,9,111,11,21.350665237360708,12.562337570219864,21.350665237360708,15.931532452660154,7.712521042114761,13.602860717334169,15.658492786287185,16.610653334889427,0.7
1783,9,124,11,17.096040942419993,10.810196584311964,17.096040942419993,13.520148395867128,2.732275578975716,12.557140445039039,13.863237920452722,14.20066572908626,0.9
1785,9,130,11,28.735332284463773,27.29190319829913,31.26090001843405,28.98625456469768,1.2932042511112825,28.32063833267737,28.735332284463773,29.63682026640896,0.8
1788,9,86,11,11.381391979953715,4.964106296612028,11.381391979953715,7.517398068318582,3.3948277332983308,5.835171200769684,7.9023837956987135,8.294479226404457,0.9
1790,9,121,11,28.840832109054155,21.54516111252213,28.840832109054155,25.63100935936106,3.4220235609459975,24.655176242537934,26.038424762601128,26.35732524916158,0.7
1791,9,136,11,10.605305895820761,6.626789885941224,10.605305895820761,8.466440844519376,2.1293278596593943,7.288220179702785,8.23133441342419,9.60648623035419,0.5
1791,14,189,16,10.605305895820761,6.626789885941224,8.330765172959396,7.595691079903577,0.3013274453811596,7.288220179702785,7.7291736384539504,8.018331651136997,0.9
1792,9,119,11,16.25674754386985,14.8153017603602,17.982929657679414,16.745179575756133,0.9011854609947262,16.25674754386985,16.806997206326198,17.59524413759448,0.5
1793,9,125,11,15.094918075755247,8.900253922374919,15.375686685890006,13.397470648998354,3.801218664978154,13.099969549166705,13.51784735087799,15.073879948522467,0.9
1795,9,115,11,9.018023942183984,4.954632831607364,9.018023942183984,6.934715998576122,1.2533033431558223,6.093587157694195,6.9703038726883975,7.688885173570078,0.9
1796,9,121,11,29.72570657324154,23.244937604357673,29.72570657324154,25.121135868835125,3.4730485275837175,23.667928545220555,24.95476444972704,25.086194577904735,0.0
1796,14,181,16,29.72570657324154,15.511419196736044,25.02872811957674,22.460334541984132,8.305729424037807,20.90527178010642,23.363468800487745,24.55163111409649,0.3
1796,19,238,21,29.72570657324154,13.894348729362536,23.33833241111523,20.23079043187318,8.859334222688524,20.040619582979975,21.224998876812336,21.877017406112536,0.7
1798,9,112,11,25.87123485700051,10.100623041598968,25.87123485700051,16.78715139352297,18.776717660105543,15.471976117309865,17.1132337355805,18.60294896477571,0.9
1800,9,99,11,17.389388841077178,12.68599793570051,17.389388841077178,14.882972869878495,2.9557646039719923,13.187877730308802,14.875332562735263,16.25113075010993,0.7
1802,9,126,11,16.786851805476292,12.223806572517383,16.786851805476292,13.866118123172956,1.6360332005048677,13.215271549265724,13.655302145850666,14.20305708004117,0.8
1803,9,121,11,66.81026075214882,33.4941191015875,66.81026075214882,45.45180369135836,163.73885933794276,34.70420368148683,38.658156353729865,55.6023515909597,0.5
1803,14,163,16,66.81026075214882,33.4941191015875,37.96416913625875,35.90981004269697,2.303744890019639,34.58782143586274,36.05303511525891,37.13871740410714,0.9
1804,9,132,11,53.26536123699033,39.41113520091984,53.26536123699033,44.32677578838124,20.09528861118229,40.13729071413951,43.24330002838225,47.87475388035037,0.1
1804,14,189,16,53.26536123699033,34.82688298054951,42.18774453079088,39.56120068410205,4.271077810944098,38.63089297985166,39.99516473335615,40.903288212309405,0.4
1804,19,243,21,53.26536123699033,34.16749030181657,40.06334610177541,37.88025952010432,3.987307576434798,36.64692922067315,38.67332692172356,39.33786344977094,0.8
1805,9,129,11,54.46310161283587,52.16270941135292,55.012028994647736,54.236185835799006,0.6996280783768968,54.156411913892576,54.52379369267959,54.70846127988765,0.0
1805,14,190,16,54.46310161283587,45.916142674519534,54.46310161283587,51.06124990809369,8.183455230117042,49.026519268918314,50.92685395302732,53.86242498854995,0.4
1806,9,128,11,31.089720721651638,20.810781385574526,31.089720721651638,26.316506982283663,8.522412025359994,25.015714052618343,25.59405707370713,27.408190294802957,0.7
1809,9,113,11,32.953388685995066,20.241200385285183,32.953388685995066,25.288024033293688,12.188771027031986,22.928324431961673,24.89419530365964,26.51284624788519,0.8
1810,9,117,11,27.228221141289353,8.996247605425198,27.228221141289353,13.647927989847696,30.143653197536203,10.764628995260193,11.481299344869146,12.52740145871699,0.8
1811,9,104,11,8.727935595850955,5.924382994883041,8.727935595850955,6.626894381567079,0.6223122621183299,6.217593317388998,6.324782800444538,6.711242028979703,0.9
1812,9,118,11,19.09317978694785,5.95235647561921,19.09317978694785,13.269577859520677,9.66623382402413,12.418492968842283,13.922975597958073,14.243175805626253,0.9
1814,9,139,11,88.39322225314405,26.311911425376582,88.39322225314405,66.95307160070215,459.40981577530846,54.19818740051528,75.6289536090186,83.12137225656599,0.0
1814,14,193,16,88.39322225314405,17.348942747654668,72.11408227615003,35.286406162854426,378.36140887104295,20.897420061490564,25.76455251766449,45.7711663920208,0.4
1814,19,227,21,88.39322225314405,17.348942747654668,25.217193609952396,21.998722000915947,7.12493218226525,20.081215156471732,22.539092786489665,24.55826640670574,0.8
1815,9,115,11,13.588359095908608,7.760123311523,13.588359095908608,10.701095545863279,2.902329837890791,9.264914042401749,10.990673319311462,11.870942596634634,0.9
1816,9,115,11,29.148389575766643,11.757170577507926,29.148389575766643,18.159192888236667,39.118087292538924,12.396793637581151,16.809311901995436,22.33302236720222,0.4
1816,14,159,16,29.148389575766643,11.757170577507926,16.401122875411893,13.576144634576286,2.3525012326100883,12.396793637581151,13.076378321260549,14.899796373459502,0.8
1817,9,121,11,24.868267044223824,19.857593657781578,24.868267044223824,22.216789456852148,2.4149412687916536,21.28012012339863,22.170842705407257,23.192099190396362,0.9
1818,9,126,11,22.18457601525744,19.098901253971366,22.18457601525744,21.008980501192816,0.8084831445988524,20.732188566840616,21.216409970309403,21.398805243990402,0.7
1820,9,123,11,17.73197987502587,7.460254130796152,17.73197987502587,12.067971131575643,7.210726158792765,11.129949959768256,12.25308032646942,13.223203269079443,0.9
1821,9,98,11,34.38225411688961,29.965706455779486,34.38225411688961,32.19709895225414,1.6021042527055624,31.68796310099833,32.326075485155044,32.98430311671969,0.2
1821,14,145,16,34.38225411688961,27.390726925905103,31.836325534415586,30.127510212462095,2.0606648843801527,29.35115034148535,30.365798545077993,31.429423984078326,0.7
1822,9,113,11,9.966920955248607,8.479200608047595,10.360923191268657,9.747480626303261,0.3634769271060917,9.289938882107307,9.966920955248607,10.259000890830304,0.9
1823,9,130,11,18.093918805548537,13.086967020057152,18.093918805548537,15.176763260993988,1.726462339006191,14.527759074757574,15.03956966360425,15.813964275778817,0.9
1824,9,93,11,21.637678297061626,8.526889863245643,21.637678297061626,12.590628428785868,13.958665256495454,9.60347168247579,11.680077194371897,14.13803181116517,0.9
1825,9,126,11,38.00447494183456,24.225098366770276,38.00447494183456,28.654205411280635,16.735103938173815,25.549708090602138,28.05124192076697,29.552480118436996,0.8
1826,9,124,11,68.93708713747405,11.566628415976211,68.93708713747405,45.339188895557385,299.1469201122617,36.914364672905435,42.8652987019409,59.904061241918164,0.5
1826,14,162,16,68.93708713747405,11.566628415976211,42.852319216951635,36.22543250079272,84.09696736774204,36.914364672905435,40.27951633244612,41.508855349466444,1.0
1830,9,129,11,20.720892298849968,18.31674022992969,21.134118421073374,19.83435656191934,0.7144240779562304,19.347904951221082,19.863914577087478,20.580061947998665,0.7
1832,9,94,11,13.111403611386034,6.991757176562752,13.111403611386034,9.107068298741943,2.717992929001043,7.8850520313442,9.044067893141927,9.430834670911933,0.8
1833,9,93,11,25.842538074892673,15.216009770332832,25.842538074892673,21.446322393250938,10.721125371786638,19.481007410137465,21.44675163037757,24.45689355799858,0.9
1834,9,125,11,37.56442966889783,24.46683662628444,37.56442966889783,29.27457666714559,13.63662532355769,26.199666216270877,29.31188857831135,29.990177763505727,0.4
1834,14,183,16,37.56442966889783,24.08739795777833,28.865606330785567,26.787482454780445,2.637602194047171,25.59546376141718,27.448820515458245,28.13084262082889,0.9
1835,9,115,11,10.915709732095356,6.098654563198947,11.490811611346626,10.027875811704444,2.4490485437398783,9.688969974145003,10.773156974017589,11.03978126198978,0.9
1836,9,127,11,12.008074282490453,12.008074282490453,13.3973862504246,12.72209823331695,0.21256156216230654,12.502887902394729,12.669043311453816,13.064925660690333,0.9
1839,9,106,11,12.392725911877907,9.231772301303991,14.039431263617782,12.40157178467453,1.6876021397851038,12.369738769717054,12.598600451350018,13.080253585803337,0.8
1840,9,126,11,31.352480015562374,22.721953397312646,31.352480015562374,25.878834520473333,6.7272141854548675,23.54919287665981,25.823145250286856,27.36050382309135,0.8
1842,9,114,11,24.34100855685982,19.467006050380782,26.775519280221808,24.47685043033048,3.927113265111847,24.18840627189385,24.34100855685982,25.945253325694782,0.6
1843,9,92,11,14.627512751665778,10.288073853672287,14.627512751665778,12.18649154544047,1.4576771814303995,11.4094002340385,11.808297007849042,13.109277642567044,0.7
1844,9,112,11,23.24808937821462,17.725259163485493,24.089719088710808,21.8351910933987,5.944564953966365,19.442768348243163,23.115432677601163,23.709369410184003,0.9
1845,9,112,11,5.916309400639978,5.0920571545746425,7.4849831269180545,6.5624609157437375,0.5575898260427785,5.935974916857377,6.838516273095406,7.137332113689785,0.9
1847,9,108,11,29.690180618346112,17.116739835268064,29.690180618346112,22.653376473419975,13.02877915708516,19.842326216108393,22.016693775135103,25.40573269155444,0.9
1849,9,128,11,78.6563653236773,23.873433571909935,78.6563653236773,45.134635514759346,451.1189766077534,29.436094154496793,34.12962034730761,66.78825641899428,0.5
1849,14,178,16,78.6563653236773,23.873433571909935,36.15735480259073,31.34870321992413,18.416983025314945,29.436094154496793,32.2667446303556,35.14143460697754,1.0
1850,9,95,11,30.399016215473516,3.978054705419785,30.399016215473516,14.38782790044416,50.09189762408519,11.202383467933437,14.058823692385927,15.312668481900154,0.8
1851,9,130,11,22.05099643278851,10.971180531902434,22.05099643278851,15.428452508020664,10.304549406487734,13.72239942381087,14.12742822761696,16.722376542934967,0.7
1852,9,117,11,55.012458076429354,46.077340735973,55.012458076429354,50.441166926716285,7.319446230364941,49.3854836028515,50.583730555985234,51.854449452549076,0.2
1852,14,173,16,55.012458076429354,46.077340735973,51.15560252629081,48.33133213896234,2.7883355431837913,46.580147353289654,49.06332267398497,49.45939362950657,0.4
1854,9,137,11,59.2561025747534,24.870958033127327,59.2561025747534,42.829721795143996,135.29688264737302,31.192638336917923,45.115425447030475,51.609001308736666,0.3
1854,14,182,16,59.2561025747534,24.870958033127327,42.980300609561155,31.008880343090578,24.699707502023227,29.13266900191308,29.835278943596528,30.41041240723401,0.8
1855,9,98,11,50.62203781753178,29.72239903725995,50.62203781753178,42.09403150216117,36.40371890205436,38.68973872371594,41.11176465448435,47.49613189915354,0.9
1856,9,103,11,12.557047535164953,5.117985378740762,12.557047535164953,6.507550904292731,4.225546600760384,5.6567127420172545,6.0265589362816065,6.220811262067058,0.9
1857,9,120,11,13.15594051254977,13.15594051254977,20.393741905339247,17.581554035520167,7.767211667099156,15.208716387789336,18.40218456307673,20.081338787464453,0.9
1858,9,118,11,22.67607922274037,17.765629395075393,22.67607922274037,19.563210402788947,1.8697764226683895,18.595614017226964,19.41109667639312,19.90655996040245,0.7
1860,9,115,11,106.2573176697978,67.31214215566592,106.2573176697978,76.41717919193384,111.12795706055495,71.06953586606826,74.37816336359982,76.57107016636111,0.5
1861,9,121,11,7.2605923449041505,5.90248393918397,7.2605923449041505,6.668569345631153,0.17913793152192511,6.4858480888472645,6.691296107433606,7.041960938471014,0.7
1863,9,108,11,13.251688084325755,7.531288294886367,13.251688084325755,9.327291225513477,2.2506080185046793,8.74096131863299,9.098177710028516,9.574490718781183,0.9
1864,9,130,11,15.864529146929335,10.198169980796642,15.864529146929335,12.760595194227673,2.835103632656372,11.451572540812712,13.189273340207778,13.689234855405628,0.9
1865,9,120,11,20.723768128272503,20.723768128272503,32.30011561472818,27.984597021950844,16.187708858208513,26.613010493845554,29.316155726498586,31.09777401459034,0.6
1866,9,127,11,8.556955127032724,8.44246073442292,10.454317700605557,9.468441539807582,0.5229743739705712,8.711522649808211,9.522676037912774,10.138681501831194,0.9
1867,9,131,11,13.259116227739426,9.144575455348487,13.259116227739426,12.398734831236089,1.5776508890281546,12.491430844361497,13.008289691881544,13.109396879140895,0.9
1868,9,109,11,27.753726009207195,21.07474080382332,27.753726009207195,24.649413708533803,6.086976121356575,22.37177264409882,24.950334960921822,26.797320704728183,0.8
1870,9,111,11,7.647612447083321,3.787374154168089,7.647612447083321,6.621762401668474,1.220898521591855,6.2170242606266655,6.930618888065965,7.432156819918523,0.9
1871,9,124,11,33.224191974922405,28.324645554627942,33.224191974922405,30.481515871717722,1.83566579960099,29.836975319128783,30.69661767409434,31.13620641447895,0.5
1871,14,180,16,33.224191974922405,26.1792702779844,30.62935943234237,29.30788570230514,1.6979146735909953,28.594806749354632,29.827944088122763,30.320377648275652,0.9
1872,9,109,11,13.013794873322041,10.383544659521625,13.013794873322041,11.166481986201854,0.6296157598865875,10.5251131986237,10.982791021635553,11.455163283354796,0.6
1874,9,112,11,19.43490910814705,12.981684165082452,19.43490910814705,15.204747529988316,2.741218772464888,14.27994261836287,15.170357940305015,15.358035473703106,0.9
1875,9,110,11,32.40782773348725,9.332102355573133,32.40782773348725,19.068873557880046,47.12420707200095,14.3143869547939,16.482306837139905,24.08451002617387,0.6
1877,9,105,11,18.72139969591116,10.786605367329681,18.72139969591116,13.385982447452776,5.820096246309298,11.646093674737324,12.935125161169688,13.557193391056527,0.8
1879,9,97,11,30.009181603841093,20.70422165847114,30.009181603841093,26.883197523025785,6.338871029087722,26.46014643187113,27.513002795708907,28.573475794680913,0.7
1880,9,94,11,16.667927710377512,10.679246420346434,16.667927710377512,13.788490704528622,4.000717740362009,12.364090987497779,13.935717160978239,15.516416846652481,0.8
1881,9,115,11,12.903699005846754,7.41064229054386,12.903699005846754,9.763769468413086,1.9123108115198757,9.01605170581908,9.716639867881295,10.392141646077413,0.7
1882,9,96,11,37.68973484284935,25.084090924060842,37.68973484284935,30.78177011236703,15.421303996252501,26.80477885361585,32.138292862603,33.453087159658466,0.8
1884,9,96,11,6.98689761024787,5.229988653452353,7.533241418564701,6.804115585883254,0.36719765564318385,6.702945272601461,6.9051521061606564,7.02641313082574,0.9
1885,9,108,11,8.775194068603065,7.019992060761138,10.71441737263925,9.259098808074459,1.1891133607148174,8.775194068603065,9.302568375600803,10.043914014325942,0.9
1886,9,79,11,21.89720914737692,10.491257748459525,21.89720914737692,13.119864922994267,9.269810161007706,11.49264164473534,12.55218767671612,13.061815065305975,0.9
1887,9,111,11,24.265022173096085,15.796371160934207,24.265022173096085,21.045718720736428,8.863821054847707,18.11351468883731,22.725514235930522,23.473273169175204,0.3
1887,14,163,16,24.265022173096085,15.506421202593652,22.276879111671406,17.776558923491496,3.514182587496461,16.514575902003315,17.56725162456494,18.304710434116586,0.8
1888,9,119,11,37.29130487596848,6.891149681968894,37.29130487596848,20.01613144091223,108.53603639219918,11.491811116866645,15.966936393546407,30.62739446160968,0.5
1888,14,165,16,37.29130487596848,6.891149681968894,14.642184314057127,12.689119996627095,6.414594137404963,11.361407389528662,14.082660914729225,14.39325699837738,0.8
1889,9,108,11,51.69142731402191,25.442767885206937,51.69142731402191,32.279921465939346,55.292709567977624,27.97565150945127,29.30081489009165,34.98167602926166,0.7
1890,9,143,11,28.815702098581575,22.4571782475442,28.815702098581575,25.31310764774607,2.7447684752672337,25.156509431725596,25.52538298111616,25.807470612857358,0.9
1891,9,118,11,13.11274124763055,5.139869350634434,13.11274124763055,8.592956573232915,4.5440619574533665,6.893737034083163,9.052733302914024,9.4577126221152,0.9
1892,9,108,11,31.204167767844208,24.55895445890606,31.204167767844208,29.132500166771802,4.708766394644656,27.383921912949496,30.38472941692858,30.790215704186316,0.7
1893,9,111,11,31.67058858263729,17.873294954841313,31.67058858263729,24.822270053813423,14.845695562909512,22.019300787465053,24.728266108391054,27.298308260799534,0.6
1894,9,122,11,15.763167782128239,10.075954933312644,15.763167782128239,12.745091584427856,3.2047886604804203,11.173671290648903,12.658138877681786,14.357177805432578,0.9
1895,9,92,11,5.603198752558843,2.894671292858553,5.603198752558843,4.500770468253966,0.6627070344309035,4.186516706022961,4.576270632662265,5.138331419431968,0.8
1896,9,120,11,17.008058732541667,8.680645980981286,17.008058732541667,12.744925926369413,6.000500127567573,11.500784627961607,12.73719360258654,13.663248671553994,0.7
1897,9,121,11,16.339915853832224,13.950542236514533,17.34039229918931,16.180447825636065,0.8765562816006967,15.908185614762061,16.339915853832224,16.7604884891637,0.6
1898,9,100,11,9.494010061338846,6.819346362035613,9.85361034687202,8.95016690558583,0.8829644555113916,8.768223758621993,9.39509425406716,9.499396467085983,0.9
1899,9,128,11,62.25611667803687,53.06177656374369,63.42226872362925,57.403035753315905,13.371286173735564,54.83342923600318,56.60261448260668,60.89834652144517,0.5
1900,9,125,11,61.48747452926781,31.188650467539787,61.48747452926781,53.55869309892055,62.094571734616466,53.042241857270724,56.00615939107338,56.72500223877341,0.1
1900,14,177,16,61.48747452926781,31.188650467539787,55.932487525472524,47.905075227009334,48.901479624940116,46.60263771842696,48.67701684558325,52.35505244002298,0.6
1901,9,104,11,14.987882254892792,14.987882254892792,18.918585250930974,17.02749457712344,1.7692186694221803,16.066732636029062,17.258854743988095,17.81616370865394,0.9
1904,9,124,11,7.513264494416818,5.526320974428179,7.513264494416818,6.687191419746246,0.4343540771602926,6.157412838786236,6.9362095330826286,7.141934280386551,0.9
1905,9,133,11,15.837831438714813,11.168396672032234,15.837831438714813,13.655081811093932,3.243710895479791,11.753194953842222,14.260076655902386,15.183690917032358,0.8
1906,9,117,11,21.91351120491867,20.521708118045414,23.063745864600143,22.28814408914867,0.5163875052178668,21.936329361722894,22.43149659342553,22.863038320676843,0.8
1907,9,115,11,58.23440574845697,23.83780150070607,58.23440574845697,40.0028084192769,98.16962849470706,36.361685557707595,37.591666153405846,46.75065149408918,0.6
1908,9,126,11,50.32243268088813,42.24147772255455,50.32243268088813,45.51378474910287,6.289378382840286,43.83748779034374,45.21576563474257,46.78681914852084,0.4
1909,9,102,11,30.42290044815996,24.924937016013132,30.42290044815996,28.17467874262805,2.6820361646560067,26.92111994112867,28.58264635606193,29.216625884985042,1.0
1911,9,105,11,19.90014616116451,8.324797921592332,19.90014616116451,11.62817520591443,8.752129687350383,10.162145306671418,10.962352662211785,11.923760010693737,0.9
1913,9,85,11,33.55736940893813,20.54133072820327,33.55736940893813,27.82114265936613,20.800309291508178,24.05810809993963,29.48988865663435,31.381565041339243,0.6
1914,9,103,11,11.201815062452285,5.716893520682106,11.201815062452285,8.621307376231522,1.7602413245185518,8.394041047286382,8.706974389673167,9.055225122621327,0.8
1915,9,97,11,16.2129333366108,8.647243242221405,16.2129333366108,12.18613910447812,6.088137258574326,10.37272187122576,11.481414852204844,13.809573236068646,0.7
1916,9,129,11,14.541437975312647,10.6820758353938,14.541437975312647,12.40505334565393,1.3922115858291169,11.67281436321811,12.17885419129086,12.532475927044809,0.7
1917,9,125,11,16.976256013513797,9.34582143364663,16.976256013513797,12.81805064240849,6.027841038267033,10.547643756637182,13.2062214149454,14.05226133088259,0.7
1918,9,106,11,23.797293035387202,15.70008458652781,23.797293035387202,18.573989870478094,5.8569856926843125,16.969188701789992,17.95906960504382,19.240199412554126,0.8
1920,9,72,11,7.301576358782152,1.9429603915401814,7.301576358782152,4.504152284215031,2.4627333061319203,3.6506420553973196,4.73028838024455,5.343967832913254,0.9
1921,9,113,11,58.59320436325279,49.716586645598895,58.59320436325279,52.466359111086966,5.367244466778734,51.539920637498305,51.59857937466515,53.187841153799496,0.8
1924,9,125,11,20.32873521792338,13.305420923446826,20.32873521792338,17.207809307133168,4.230425777825843,16.321018871458588,17.583836975019093,18.44364485011392,0.9
1925,9,123,11,54.35561914275357,54.078156624813005,56.90004046390736,55.312460377498965,1.098975817926624,54.35561914275357,55.02349308433205,56.32842959553374,0.0
1926,9,107,11,16.52827400022635,11.803829031264199,16.52827400022635,14.726312972318818,2.10641831456315,13.957881506971175,14.77216457756083,15.859911683542359,0.5
1926,14,158,16,16.52827400022635,11.803829031264199,15.129965473649296,14.239540124758022,1.0017256534674543,13.957881506971175,14.635455592524009,14.971883827780655,0.8
1927,9,103,11,56.29522677079993,14.038693236605452,56.29522677079993,44.77224142394145,139.37754398314271,41.71393369360892,46.791428457300775,53.45110161267341,0.4
1927,14,143,16,56.29522677079993,14.038693236605452,46.04358599273509,39.77287463908441,82.1250689473664,39.540417038683856,42.32812051999183,45.3023278827462,0.9
1929,9,98,11,2.932579948199078,2.3918647943750146,3.5000232937129514,2.875628007851457,0.11814255057581628,2.6046445042468576,2.932579948199078,3.033475777344054,0.9
1930,9,99,11,63.219762872234384,15.424867516957555,63.219762872234384,28.248150899114023,249.0089541769434,20.726016839653592,21.903959808587675,22.571368627737847,0.8
1932,9,125,11,38.93722612709725,13.965490797235871,38.93722612709725,23.157023829483954,70.94739904160778,15.950804409844537,19.6290974807219,28.635660739479697,0.5
1932,14,168,16,38.93722612709725,13.965490797235871,20.195202866855194,17.46928497406926,3.710360105938747,15.950804409844537,17.572542209014358,18.92634842415603,1.0
1933,9,125,11,30.340716046907666,20.71546384807474,31.4249601916964,27.35411366044775,9.022190050611485,26.485732802590192,27.391219271360875,29.891888621326764,0.4
1934,9,104,11,22.248073999132465,15.964090654469619,22.248073999132465,18.395901630157773,2.353136069248228,17.68202991199545,18.335517199813626,18.733533372834998,0.7
1936,9,147,11,26.85771748640549,16.56399922857227,26.85771748640549,21.038410784545047,8.652761561754168,19.178332289050427,20.306590667825205,22.72165437108136,0.3
1936,14,207,16,26.85771748640549,16.56399922857227,20.57088895593903,19.062064600283122,1.610014782947016,18.179646681125618,19.269404928546308,20.1437378947695,0.5
1937,9,121,11,68.71667894114333,56.97999294680906,68.71667894114333,63.145734056432886,15.366573864872574,60.52326543562279,62.70133168790787,66.63593280496956,0.3
1937,14,176,16,68.71667894114333,55.47122035654637,62.65950156519658,59.342612162068804,5.10091557194068,57.4264366080951,59.45864755311656,60.975302584703414,0.6
1941,9,135,11,22.363045603534015,21.588804966239554,24.506928775839146,23.142821115784507,1.1269058471271078,22.363045603534015,23.075971401224134,24.239697038133656,0.8
1942,9,131,11,11.552326580107966,5.643521915506684,11.552326580107966,8.8966047386479,2.382368072509745,7.985640451086031,9.073525881928234,9.68462553284031,0.5
1942,14,177,16,11.552326580107966,5.643521915506684,9.234648804580434,8.222474774260752,0.9153323527334226,7.985640451086031,8.449496698210528,8.763718040321757,0.9
1943,9,132,11,15.115571628393685,11.018254938711046,15.115571628393685,12.837053947757331,1.4270230178789822,12.037362990458957,12.78598277472134,13.660312022954397,0.5
1947,9,99,11,20.668082186130235,19.268066990478445,24.383838086720647,21.85000925885836,2.102056585180583,20.759766103156167,21.867236776882738,22.7089816279397,0.9
1948,9,108,11,35.885136488151566,6.982991220501079,37.471188481361054,24.848150923153817,99.60508992511714,21.170307893418634,26.450327091416362,33.64309505105787,0.7
1949,9,127,11,12.235279316861462,10.838585603420846,14.412857392496733,13.030561161102828,1.0373101515065393,12.391096319848318,13.13437969074836,13.56129242570641,0.7
1951,9,95,11,54.69247406643275,40.5564163736535,55.6237157150811,48.0676228655748,32.61733425310989,43.3147029379002,46.30136983889567,54.43611496783684,0.5
1952,9,100,11,24.324536942539282,14.343145017190306,24.324536942539282,17.55179240467813,5.9940088750416205,16.584452179269668,17.21131888269642,17.64831984169644,0.8
1953,9,110,11,9.487904630752617,3.9014993528325377,9.487904630752617,6.789628700649641,2.1200370740655834,5.886809026644515,7.12136104313033,7.540238446909618,0.7
1954,9,111,11,14.547881181562133,8.858408293386525,14.682229780274332,13.36030272626651,3.0712369094150036,12.711287723794058,14.13683175578607,14.629449975249084,0.9
1955,9,99,11,5.267604669463596,2.8299423214791135,5.583437218335582,4.802037692274708,0.7142897930498405,4.720369116965899,5.111826211071625,5.350672888072912,0.9
1957,9,129,11,31.809920750215518,31.809920750215518,34.692366196641075,33.377116555694236,1.2110460673716,32.383173479139415,33.649490223725834,34.38427699501676,0.0
1958,9,136,11,21.53768614441077,20.03514091346019,22.070358480384456,21.416828082830186,0.28920495149075054,21.263795410929838,21.531580813510757,21.579843047072174,0.3
1960,9,131,11,17.069527600863868,10.40470592471318,17.069527600863868,12.35054384131254,3.684369461212353,11.376832290807709,11.65962349783578,12.470853677667492,0.8
1961,9,89,11,19.510019422021173,5.1375929317838285,19.510019422021173,14.962445314203332,22.99003923608415,14.578481504391185,16.469050543090965,18.40270274752513,0.8
1964,9,112,11,10.079123217783113,8.649565509466036,12.39947678936734,10.868222813281974,1.254244664693764,10.147100945646372,10.778807760025868,11.836024594602183,0.9
1966,9,107,11,13.764152552330037,7.167012812534536,13.764152552330037,9.860498510410597,2.8790053415608328,8.785309700695274,9.79444859784832,10.46625916764436,0.9
1967,9,128,11,17.17021244441903,12.636832487659584,17.598493759098996,16.136868084636074,2.424493161469396,15.635886919496137,16.971434654780175,17.17021244441903,0.7
1968,9,122,11,9.134441010500339,8.149266034770065,10.107897494459877,9.262359523964587,0.384292175083064,8.934198817112708,9.167843547409747,9.870953925164105,0.9
1970,9,128,11,8.620085027621174,8.246382708040562,9.95903172641123,9.157642939170652,0.2841174787857677,8.708147335500078,9.22010811038407,9.393591405892685,0.7
1971,9,114,11,23.401967841572656,6.045090155040992,23.401967841572656,13.701048817458508,29.436568001516086,9.891822202865129,13.59683210175086,17.18319517808844,0.7
1973,9,123,11,44.72678504314112,29.39883215289013,44.72678504314112,35.571408116158146,18.47823497450429,32.15359630123024,35.080801727319184,38.38917920843883,0.5
1974,9,139,11,14.017901082237815,8.415332876652698,14.017901082237815,12.63516827583447,2.6875375687050735,12.205509610026139,13.309558036854106,13.529731037336411,0.7
1976,9,133,11,34.87434218413313,26.054595771282308,34.87434218413313,29.73897262268244,6.707717407208419,27.641816065185964,29.26356162170171,31.378602101510463,0.4
1976,14,177,16,34.87434218413313,26.054595771282308,28.6932117948996,27.63378377362532,0.61106810099081,27.2080328415164,27.641839161915964,28.28561456910646,0.8
1977,9,124,11,18.622237839225065,13.661222156728371,20.28155328598918,18.500080103663855,2.8922340373934485,18.622237839225065,18.845559661786055,19.022210930298005,0.6
1981,9,131,11,12.509619557762624,10.325398244747172,13.340453850762087,12.433119918586781,0.6987207600659682,12.509619557762624,12.595771389469313,12.812980115331232,0.9
1982,9,139,11,31.786145405355,28.57927093469095,31.786145405355,29.9386789586731,0.7234655465832154,29.50214678409109,29.977225693071365,30.318952030427372,0.7
1984,9,107,11,35.0335114741885,24.86488394386673,35.0335114741885,29.210969362398835,9.394342593331073,27.108544002426203,28.96978220288327,31.30065888803208,0.9
1985,9,137,11,26.75870944297671,23.244291792558663,26.75870944297671,25.475200032793328,1.1513286723076355,25.146579464820302,25.490112778931184,26.42062038874407,0.7
1986,9,113,11,44.634527126321956,40.154249687225104,44.634527126321956,42.80902574121459,2.3892706781004485,42.04403086329306,42.699985991835725,44.42199662173571,0.9
1987,9,126,11,16.584636488939402,12.787958370958199,16.584636488939402,15.232815052454475,1.1379697721163178,14.742564290795208,15.279853939717132,16.069185071688405,0.6
1988,9,115,11,27.582223295742324,15.806075208502195,27.582223295742324,18.908068468577447,11.23794315670279,16.85727880950828,17.660523607429468,19.172311522646936,0.8
1990,9,101,11,28.383574426042912,12.119184915837952,28.383574426042912,18.3781483173017,15.740433731007613,17.297854710951075,18.331126436684364,19.04174549752726,0.9
1992,9,123,11,27.36204673290851,24.922461570947103,27.36204673290851,26.115971846055572,0.8204741234634396,25.432130881391252,25.880639296561913,27.108970589131832,0.7
1994,9,88,11,8.200768851735189,8.084644586160511,9.404583009300318,8.473436419012872,0.15553064546296794,8.200768851735189,8.319584771294585,8.709711619988852,0.9
1997,9,137,11,19.546959537536672,13.24599829310785,19.546959537536672,15.998462808538369,3.5256483783761667,14.54008140177795,16.2013848961785,16.89448363331133,0.8
1998,9,127,11,19.684106701551833,14.805167724110628,19.684106701551833,17.885636893890382,3.0310461088640026,16.37736313312991,18.284252883136034,19.502607159394945,0.6
1999,9,136,11,13.735194634297898,8.929888853661668,13.735194634297898,12.1806324579676,2.5281282583626803,10.925994177349052,12.796678593492606,13.44216122095289,0.4
1999,14,187,16,13.735194634297898,8.929888853661668,12.452334026451496,11.306730095351437,1.1616356569714843,10.569242993618852,11.636978520031231,12.172341799238026,0.9
2000,9,117,11,9.144867818235646,3.3732873220433324,9.144867818235646,6.876281744519977,3.233292822411335,6.224006442560295,6.484936839776142,8.675063886200233,0.7
2001,9,124,11,14.102761158295843,9.612211250308283,14.920938992545224,13.75343712526292,2.6794004475201323,14.102761158295843,14.45673283495645,14.703130409993246,0.2
2001,14,174,16,14.102761158295843,9.612211250308283,14.313464804969854,12.572186707093257,1.8095441652062487,11.977263193073815,12.528743350624246,13.78795144961216,0.7
2003,9,126,11,17.086842969559292,8.68147631577677,17.086842969559292,12.904479733208436,6.478301485264632,11.372595241713327,12.577054899647795,13.962733685998408,0.7
2006,9,81,11,45.102314689405716,18.257270187765346,45.102314689405716,28.86052602894577,45.91014529996586,25.52467916846895,28.587127755045756,29.42629787317306,0.8
2008,9,114,11,12.683076675397771,5.7842834859813665,12.683076675397771,8.017762906703446,3.1356345599526083,7.293245270728706,7.753295311385616,8.43163854431378,0.9
2010,9,119,11,24.718323883951022,13.453210497708204,24.718323883951022,17.807143569325074,9.698534991554943,15.986474634204773,17.004152262388878,18.594271663549883,0.7
2011,9,125,11,28.46586785981932,21.118770164352476,30.410350367259262,24.895749852004247,9.035599803289724,22.937970555520167,24.05233437312814,27.53254207800414,0.7
2014,9,119,11,43.92999811407501,33.63692586508676,43.92999811407501,36.283992468747186,7.333763586169637,35.21100501600248,35.484830678216426,36.001147413873106,0.8
2018,9,127,11,21.181746383558924,17.984975943514307,21.181746383558924,19.895911875116813,0.9159472581019777,19.290112643404584,19.989535942152536,20.601093114426583,0.9
2020,9,128,11,17.657270916541684,10.191126873854838,17.657270916541684,14.854799417589243,3.3808712002223635,14.5091123355463,15.159508366027575,15.708935586073396,0.5
2020,14,180,16,17.657270916541684,10.191126873854838,15.44482952292934,14.23553601414171,2.1792637986300516,14.011407579659974,14.734664114647906,15.141407577577464,0.8
2021,9,114,11,13.162507456781789,9.93384146740674,15.449474259676368,12.948977298616864,2.523374470592742,12.154771970939814,12.962922682624583,13.564745088294671,0.9
2022,9,89,11,6.045259417540039,3.956508950380629,6.246520617446439,5.444113767569504,0.41882412353447346,5.0884621724753,5.5446135481670105,5.993167918247595,0.9
2023,9,99,11,4.3533871275161875,3.5150325063859635,5.379192303104951,4.558311322669119,0.3635639180550164,4.212233688342104,4.49164933764535,5.104667342884542,0.9
2024,9,127,11,51.03638874085733,27.695287545653336,51.03638874085733,38.42991670866196,64.1355317467212,31.25706440003908,37.319971713752935,44.96156342949796,0.6
2024,14,172,16,51.03638874085733,27.695287545653336,38.42440686243683,34.473174839496174,13.984985383363773,31.25706440003908,35.77793961182145,37.63540407192957,0.9
2025,9,88,11,40.436508929770305,20.658469298305842,40.436508929770305,32.438379944142326,26.48629533245754,29.91265576708974,33.528181048608985,34.90763922130958,0.8
2026,9,111,11,14.972488097178188,8.437309008786075,16.863468504321666,14.369759815130141,5.332262116460669,14.865867458401894,15.006305773331999,15.502172819897735,0.8
2027,9,107,11,22.938116319627134,12.728658395046203,22.938116319627134,16.07206625035868,6.811421135296058,14.474602118347242,15.782114693533032,16.642126356106395,0.9
2029,9,120,11,54.05059737547897,14.98868158887973,54.689935899340625,47.41971054187065,125.7639444468513,48.553134727052104,50.77354225103004,53.57750618054817,0.5
2030,9,106,11,12.536194537603162,4.972872191432873,12.536194537603162,8.708118749470989,5.247923526800783,7.007201246628689,8.63261869041611,10.58266080471904,0.9
2031,9,132,11,13.513018742939886,11.760138864521466,13.803076410552249,13.095170181760878,0.44083368154408814,12.68539089004529,13.472411233264433,13.523514782191894,0.9
2032,9,117,11,61.5629076263717,38.372841359628346,61.5629076263717,47.14249488026235,37.02944270695535,42.64010828514111,47.77664757354744,48.68197303616032,0.8
2033,9,120,11,22.59929336744984,14.436817136305244,22.59929336744984,18.155387038277745,4.323148424010228,16.953341637703318,18.61603287231201,19.04311866545165,0.4
2034,9,124,11,67.98599281229832,55.39709593596871,67.98599281229832,60.76649848257468,12.029466233481344,59.02756113927708,60.25154430605056,61.132105590971385,0.0
2034,14,189,16,67.98599281229832,46.787929900713856,60.33873381738836,57.64085910836032,15.006549604931461,57.94922192937187,59.049706405114,59.80312851375596,0.0
2034,19,244,21,67.98599281229832,37.59371179020388,59.00541587344017,47.13123313014425,79.58604179581263,38.706129918379894,43.4243312533396,57.264904327712784,0.5
2034,24,303,26,67.98599281229832,37.59371179020388,44.41255113329529,41.02544585566375,5.718118211300145,38.706129918379894,40.99233553861044,42.87388894427819,0.8
2035,9,101,11,31.65663996877056,18.993095066032048,31.65663996877056,24.33051295707783,10.164870363901567,23.031568742950896,24.449019581872044,25.023229583370703,0.8
2037,9,94,11,16.704359896593722,10.822099300464235,16.704359896593722,14.434808204007634,2.9588471303374173,13.32330664350047,15.002860370292325,15.626904950832973,0.9
2038,9,132,11,17.210350819012785,14.592941877389105,17.28356877839004,16.24924498401125,0.9455334602798185,15.494702817089573,16.3644222574022,17.210350819012785,0.3
2038,14,189,16,17.210350819012785,13.712080721286384,15.846121505459154,15.263694728217818,0.38037135521917587,15.20231136926742,15.499885437063774,15.629693260388743,0.7
2039,9,91,11,18.06011510160815,14.58851211501062,22.533564041559465,19.93507262471706,5.689418513393209,18.289957572568703,20.75593965013408,21.66535961026377,0.7
2040,9,115,11,21.744682241997392,11.25768529633089,21.744682241997392,16.007069199302663,11.399143769425555,13.08107231933058,16.243836463559013,17.589234697644155,0.8
2042,9,108,11,17.481107634515375,10.43171108460561,17.9672593051069,14.65965584133599,8.409202996458086,11.847108940537996,15.311565014003284,17.45307232030696,0.9
2045,9,22,11,42.14838941708392,32.74872806012259,88.52916716924864,61.69225788980825,393.8346782745478,42.14838941708392,63.382930982690326,78.56085547409072,0.0
2048,9,99,11,21.846244030267982,10.578762137720432,21.846244030267982,14.410545236764175,9.533824028556051,12.459031213242438,13.410203904676742,14.891737585795447,0.8
2051,9,127,11,48.274265217960206,13.523106364956636,48.274265217960206,33.528858874481294,132.23262066513414,27.604983059129502,35.386967495453504,42.95868622712419,0.2
2051,14,159,16,48.274265217960206,8.845843618965155,34.932134715524654,20.249421141277853,67.0754127513483,14.875493951346165,18.325828445976658,23.722653012155057,0.7
2052,9,108,11,23.889765869731256,20.701176929148126,26.433895075813695,24.268145105582345,2.406629768217158,23.7329724939354,24.214740983464132,25.018408960989962,0.7
2053,9,108,11,48.313619101970716,34.61716421960881,48.313619101970716,40.478082259106884,13.25583310524581,39.387621571688996,41.066653075298454,41.572819785007255,0.9
2055,9,81,11,11.805090995260558,5.188189450088116,11.805090995260558,8.278990101454923,4.44987776357707,6.236640060479578,9.002707358816206,9.297878181190772,0.9
2057,9,121,11,26.75278780923287,6.794971284504305,26.75278780923287,13.488804402165556,33.22275743356983,9.748458059038665,11.124660046689208,16.549753913769187,0.6
2059,9,124,11,20.91338800236995,19.781469472692876,23.916541053048253,22.065688030796807,1.6919288567799555,21.012111636058044,22.002330713929073,23.068432460405592,0.5
2060,9,121,11,18.955140823619324,11.714755781415594,18.955140823619324,14.833990016838538,3.2714968476317794,13.819626954761038,14.968365947386408,15.477535651296876,0.8
2062,9,120,11,56.42422424902056,37.867775495068976,56.42422424902056,45.320995080631405,26.693684938798185,42.739747468075734,44.17513379233963,47.66891368406818,0.7
2064,9,116,11,13.237524739078076,11.102545772910974,16.52544493594796,14.952728182100419,2.902730134163176,13.819589367680816,15.75961632503082,15.993630167124184,0.6
2066,9,96,11,12.514971368466504,10.79798558380631,18.98276046022318,15.9763168840162,7.676813159318925,13.485494209205996,17.139976976574793,18.16496348482228,0.9
2067,9,134,11,54.20890498695892,19.12927338362349,54.20890498695892,33.03509133116734,137.3415108693863,24.22499809366958,29.80599790527623,41.06243373699265,0.5
2067,14,178,16,54.20890498695892,19.12927338362349,29.40590566026971,25.12386798399806,9.747270691102731,24.22499809366958,25.33960050599114,27.635540463578145,0.8
2068,9,138,11,23.8863985575626,21.07145031585031,23.8863985575626,22.425694110183137,0.6994178940682448,21.649774091182064,22.689489508119117,22.925129673530137,0.3
2069,9,116,11,79.35627994126673,75.95261991880571,80.80749115592482,79.08138734515718,1.5685243822948292,78.82742585180692,79.14075530897975,79.35627994126673,0.0
2069,14,185,16,79.35627994126673,73.71578807150902,79.10442295866213,77.05395164231183,3.8688587456009573,75.13623002921692,77.93291201226599,78.71834087324608,0.0
2069,19,235,21,79.35627994126673,63.144653931268486,77.41554945862637,72.85759037976378,15.900542209827725,71.61194760476299,74.35815627999834,74.99745650575422,0.1
2069,24,299,26,79.35627994126673,63.144653931268486,74.32386198653607,69.70030321149261,15.447684595222878,67.81455740162485,69.97245093529146,73.33053245404737,0.2
2069,29,344,31,79.35627994126673,55.272726941795796,69.03423442140195,65.6437937841514,16.82576218117655,63.58900562809474,67.4719274771333,68.73240437298426,0.4
2070,9,120,11,23.27898554916247,11.925228463307889,23.27898554916247,14.936236958327768,11.871422678972925,12.616555234768215,13.979200402530235,14.450561532895343,0.7
2071,9,133,11,21.214640301944712,14.633064297960665,21.214640301944712,18.068559890527546,4.6164434995339025,17.351122771554824,17.856663025345036,19.211807273063766,0.5
2071,14,186,16,21.214640301944712,10.773072144869328,18.001476685114476,16.02252385196412,4.7239067796748575,14.771168955236648,17.07875449616987,17.600073162077567,0.9
2072,9,126,11,25.732256696897597,19.555201741951176,25.732256696897597,21.285611569392493,2.7343645420877367,20.450215357129306,20.76298353345193,21.335701294143295,0.4
2072,14,165,16,25.732256696897597,19.555201741951176,20.714356095353736,20.30708041565659,0.11048855922782941,20.23084975419691,20.352026259102722,20.53243753653357,0.9
2074,9,127,11,15.030649989426305,10.370811557625043,15.030649989426305,13.317487469972281,2.45945639664962,12.101669224938869,13.837139937496701,14.617201251350483,0.8
2075,9,123,11,10.32673587083844,10.32673587083844,12.413256215054544,11.517890053798098,0.5408280900507236,11.05416763074893,11.658777515733568,12.176132287683211,0.9
2076,9,103,11,23.117908779870426,9.616685860665008,23.117908779870426,13.663228025242194,12.557712005415203,11.963072028901944,12.715017471911434,13.788842390971976,0.8
2077,9,112,11,9.78368344578052,7.87647856274834,10.449335204827667,9.54506906277185,0.6335654090663294,9.092783875820148,9.884152367521686,10.075209816007781,0.9
2078,9,122,11,32.17039708503961,21.770519249068688,32.17039708503961,26.09537781443796,6.430420309438081,25.2680322249319,26.24607521781688,26.544537337261026,0.4
2079,9,138,11,21.633818785061386,16.216671340368215,21.633818785061386,19.109395625810734,2.0981573911800377,18.87806678115946,19.2957484880952,19.864502802545374,0.9
2080,9,125,11,14.759400432895038,13.52808930001565,15.444136877944844,14.768813674211312,0.26041769730396347,14.652306968764815,14.801284354028708,15.041960991533564,0.8
2081,9,125,11,11.932380048629582,10.034863733756026,12.1389160358106,11.491614160763307,0.4663736885102206,11.262991122368181,11.834979119661872,11.942991423191032,0.9
2082,9,121,11,14.41748577964671,8.39398687756214,14.41748577964671,10.800865770805828,2.4771725172839636,10.235032316710083,10.728635108404006,11.46735080835697,0.9
2083,9,101,11,25.84559848557592,2.9962476568962835,25.84559848557592,8.655114262397461,39.58113967686402,5.355344221584968,7.295040348902438,7.5224836604416625,0.8
2084,9,121,11,39.88506168614214,21.260454801168407,39.88506168614214,31.93129885944318,32.62998798291776,28.035241464758833,32.051520516145374,37.183023944216245,0.3
2084,14,172,16,39.88506168614214,21.260454801168407,31.768936818513062,26.74343072920326,8.635716076019687,25.837498443437013,27.268151801854877,28.13289231132144,0.8
2085,9,115,11,26.34837452792858,19.140670012734915,26.34837452792858,22.67365853162965,4.77788067103424,21.23481357643584,22.9599006129938,23.729213038472324,0.7
2087,9,115,11,39.10662186912743,24.556309774061642,39.10662186912743,30.118206202621554,22.99173565397418,27.288163204891795,28.559339174519078,30.302142499946278,0.8
2089,9,122,11,111.01075135704856,22.64895037409773,111.01075135704856,46.882749787587464,864.5348875798894,27.137554760156263,30.28561321235391,60.40560481631504,0.6
2090,9,136,11,15.45230353326491,9.053272206353105,15.45230353326491,12.767167005433581,2.6503508544961765,12.4790814889354,13.089050939548422,13.5452294100948,0.9
2091,9,123,11,25.146329404150485,25.146329404150485,28.657409943545638,27.13616572604973,1.503818156730504,26.4680825897033,27.156010380335953,28.120351099170488,0.5
2092,9,109,11,13.139438225669924,4.482552894437651,13.139438225669924,9.097141041798997,4.653431793346587,8.423621577577768,9.638116029931012,9.81618231794965,0.9
2093,9,117,11,9.018500584568738,9.018500584568738,10.87044985333883,10.151690824112581,0.37934552882993594,10.10884655454864,10.287373914900368,10.593087381033449,0.9
2096,9,129,11,17.934302062633286,15.428004452801577,18.282691596139763,17.185268819131707,0.9093109502496123,16.86074998278253,17.33618630241841,17.934302062633286,0.6
2099,9,111,11,20.738562078893295,13.740238515946182,20.738562078893295,16.973404096211766,5.251821765033227,15.256027907656742,16.753694879636917,18.952575584650663,0.9
2100,9,97,11,24.68741209813207,12.4053057995987,24.68741209813207,17.465651642605557,10.894435613613119,15.660046078135249,18.188173983342907,18.366789850749647,0.8
2101,9,133,11,15.304945480068724,13.769505289046208,16.88172358556529,15.746449460570904,1.0283214893306618,15.304945480068724,16.19327288348639,16.53436485977521,0.3
2103,9,125,11,38.38998835312676,24.616793376375128,38.38998835312676,28.44163018697509,17.473907380300464,25.455098133509743,26.794656189310942,29.393652621368496,0.6
2104,9,142,11,25.945345101520097,21.175410458110733,25.945345101520097,24.198550887027412,2.02849784849051,23.269312867689656,24.239562854641434,25.359224517068164,0.6
2105,9,126,11,35.26572947101239,12.416870552961317,35.26572947101239,21.185988827630013,53.5812330714431,16.028977838809084,19.148043221456057,26.142734127283003,0.5
2105,14,179,16,35.26572947101239,12.416870552961317,19.874494821805676,16.769953404074357,6.340878986780195,16.028977838809084,16.859831047104045,18.847374383343233,0.9
2106,9,137,11,42.42231513360714,24.482045648933735,42.42231513360714,33.86628122948882,31.940642387812982,28.5360594222314,35.49215003899076,38.47251161811929,0.3
2106,14,187,16,42.42231513360714,24.482045648933735,34.06737488623077,28.294420859955284,5.503172182121452,27.438738992255253,28.08712805359308,28.82902768401297,0.8
2107,9,91,11,29.797632389112653,13.000892080963563,29.797632389112653,19.775582019016557,30.902695809386017,15.740842241685087,18.403906233730183,22.187832083026585,0.8
2108,9,95,11,8.142576121086599,6.615470945066381,9.723829230107773,8.849051930051141,0.8655465992422327,8.291414953257354,9.225205864913054,9.556616413966815,0.9
2109,9,116,11,17.240846520791607,13.287689665511085,17.240846520791607,15.53941617061893,1.8907047726662127,14.589200849099768,15.678793247849802,16.68958930058157,0.7
2110,9,111,11,10.009042767287173,4.289857925034668,10.009042767287173,7.384257188134948,2.7474280272837497,6.619804691171176,7.080346109005031,8.194683346617214,0.7
2111,9,117,11,17.173364268191115,13.702022382087433,17.173364268191115,16.05857915625779,0.9639825393344197,15.943602784230595,16.349496426901645,16.433494834934677,0.7
2111,14,169,16,17.173364268191115,13.702022382087433,16.404613892123084,15.797879408740084,0.6504168429852994,15.859119599469325,16.0196849512256,16.349619417331603,1.0
2112,9,112,11,21.014056271736862,8.818423556639907,21.014056271736862,12.04243129176152,12.050236258655293,9.784240448716655,10.977262697005752,12.43439443581715,0.8
2113,9,99,11,15.071572321934383,9.130195965782999,15.071572321934383,11.280682721100977,2.505453556263614,10.249800057615241,11.295409504349479,11.752098906681157,0.8
2114,9,99,11,21.29836185718699,14.797846890055162,21.417239838300453,19.168496738169853,5.1198939956974145,17.59602846799482,19.84600567602461,21.29836185718699,0.6
2115,9,127,11,55.47039015389278,19.926397468778582,55.47039015389278,32.15824751856472,144.3506324049145,21.04396026015549,28.256009458465392,40.89573749325039,0.4
2115,14,170,16,55.47039015389278,19.926397468778582,27.03246483549764,22.014949735006546,3.4996944742648566,21.0262054630522,21.71158028512872,22.372333759100577,0.9
2116,9,111,11,13.843167837933818,10.293563914189587,18.399154012550948,15.435049574095377,4.9578187154736755,14.040572773418141,16.164052321148898,17.01774703594627,0.8
2117,9,132,11,18.058055359890467,12.885859924703768,19.03274213567108,16.721661637507957,4.577497074008738,14.633987551254963,18.058055359890467,18.215856304888895,0.4
2117,14,181,16,18.058055359890467,12.885859924703768,18.058055359890467,15.415174842600518,2.00319094624109,14.633987551254963,15.093864678173846,16.433345552952293,0.9
2120,9,117,11,12.381838952864795,5.560615681238873,12.381838952864795,9.908548245880802,4.763601006029429,9.101223313972142,10.072503575020793,11.84238049040562,0.7
2121,9,113,11,36.9225994573913,22.516970275693254,36.9225994573913,25.876925835811324,15.270268554566513,23.478884974678472,25.084644282560323,26.270211264572914,0.8
2122,9,138,11,34.584115193803484,31.16113924413422,34.584115193803484,32.560149001380175,1.2574509639491935,31.91517240101185,32.35052819627981,32.73595676716844,0.4
2123,9,107,11,10.401107000343853,6.890426638818253,10.401107000343853,8.069137896034109,0.911524664880481,7.407892996363815,7.9004766518988765,8.440834184278895,0.9
2124,9,87,11,88.52450884296502,28.88890470087782,88.52450884296502,44.84745028692842,388.90632916660013,32.25557141255111,37.921015086781196,40.770469834908276,0.8
2125,9,78,11,8.506881713866061,2.821929953466831,8.506881713866061,4.326711181601533,2.502550892615078,3.2837215758637948,3.8920722499120397,4.648550558815763,0.7
2126,9,121,11,29.848321493099448,6.317478145946686,29.848321493099448,18.246043214403205,76.77446671695004,11.916755539973474,13.425413962436352,27.52569932878414,0.6
2127,9,103,11,8.53058067228181,3.6465358717130982,8.53058067228181,6.265278001151787,1.7704412876520557,5.390184576315226,6.150026889505355,7.277520314857416,0.6
2127,14,141,16,8.53058067228181,3.6465358717130982,6.920445939724375,5.604573623506835,0.7226997948403364,5.149792448867299,5.8028296042263765,6.120672895781707,1.0
2128,9,123,11,20.867020446921224,14.776393570835914,20.867020446921224,18.690914113852426,3.2416095232747297,17.646431886813758,18.9949171627158,20.050799407765986,0.7
2129,9,114,11,13.086243067259996,4.881722281877954,13.086243067259996,7.5579314465669665,4.464070640168981,6.5835486975507305,7.613802272933264,7.779892147985862,0.9
2130,9,130,11,31.597894352818397,18.08818180573077,31.597894352818397,23.501430956996945,13.485813575609399,21.187243924446797,23.525506419957857,24.675906088877884,0.4
2130,14,180,16,31.597894352818397,17.191988084329296,22.92243082231151,20.032861633617852,3.375069939507599,18.297355214452253,20.175140452325493,21.355933003337384,0.8
2131,9,107,11,13.315755887194019,12.294717753032913,16.091795870288866,13.82393415965107,1.5739904352920826,12.807762407786587,13.46055414534879,14.752099503163137,0.8
2132,9,115,11,90.9785324865529,40.559691614101915,92.0012154040354,83.71553117657214,214.2124781178448,85.00949650008761,87.94763546745685,90.9785324865529,0.6
2134,9,105,11,38.98722046676356,38.98722046676356,51.83384939741708,44.34645810426825,18.907735538512107,40.64222265048406,43.88955093104157,46.752215154211974,0.4
2136,9,123,11,20.943069041955496,6.71678618055007,20.943069041955496,9.630673306265624,15.772023052348993,7.494448716097072,8.355809745596833,9.651280905025544,0.7
2138,9,119,11,13.053995140400195,7.0827991295741946,13.053995140400195,9.185375261944762,3.149522106074801,7.68703225293596,9.348627951613043,10.053702821990992,0.9
2139,9,121,11,22.559431895537315,18.446505983163046,22.559431895537315,20.878379938307198,1.159916583273387,20.410604414123622,21.08506040065215,21.57817070400808,0.7
2140,9,91,11,32.745251348481396,14.039415304248626,32.745251348481396,19.135865863518802,31.82979943988149,16.127581362200296,17.017723681882728,18.37019973649386,0.8
2141,9,95,11,14.490042335516371,6.580253695109544,14.490042335516371,9.975101843487042,4.866216031933064,8.536262879495796,9.51783928434663,11.509061895865527,0.9
2142,9,114,11,53.43240604936503,45.23546534460499,53.43240604936503,49.352418966670925,7.373443783491465,46.80362761457326,50.42429269479953,50.66896400526646,0.0
2142,14,176,16,53.43240604936503,40.52786058532763,50.61979494606169,46.902885676788095,9.986721548828157,45.26687250367219,46.22172481796586,50.12971761447549,0.2
2142,19,224,21,53.43240604936503,34.924907638302656,45.85136703639475,41.806450355877246,14.182201014205281,40.66718389206503,42.76094791055529,45.009648392547064,0.7
2143,9,114,11,23.83046559780111,8.948650551967285,23.83046559780111,12.786122324677043,14.693384475861858,11.068754363511726,12.141384111190028,12.47064980444609,0.9
2144,9,128,11,20.819777280560622,14.313218333518414,20.819777280560622,16.69212477628154,3.309555979481215,15.509854070329823,16.669404308685387,16.856466827722258,0.4
2145,9,116,11,25.725090882695383,4.6858746958660165,25.725090882695383,15.632290939412652,24.922735517837758,14.313610478369654,16.217862638929716,16.44683227746038,0.4
2146,9,96,11,25.096624536922228,15.735070665493499,25.096624536922228,19.86191768998576,11.688520559097341,17.394244606810037,18.7972011146745,22.91481347604855,0.7
2149,9,130,11,18.49225847563102,12.418332365490674,18.49225847563102,14.29730194375492,2.3714910997390666,13.514175976264747,13.878870612433548,14.613799125630253,0.9
2150,9,114,11,34.62337673576558,24.641846307477007,34.62337673576558,30.102056981984965,6.420326013255616,29.208162949635287,29.94896600546422,31.731050975619972,0.8
2152,9,130,11,69.31915682411237,6.644013710552645,69.31915682411237,33.518384765097295,586.5904461420105,10.613637245279168,24.660277511540258,57.57909063286636,0.3
2152,14,168,16,69.31915682411237,6.644013710552645,21.78906658681678,11.650148463925548,22.209787969782283,8.111491816972842,10.317793056785632,12.448873384584115,0.8
2153,9,119,11,20.62469864645766,10.224252277989637,20.62469864645766,17.555807897009633,7.1789449774628356,17.452591502182432,18.14544405808585,19.044394658439227,0.7
2155,9,98,11,35.76330677838392,11.765736149818256,35.76330677838392,20.61126790998728,52.09396145120529,15.490953273154124,19.41961566292107,23.702956641741196,0.8
2156,9,103,11,9.745959127741658,6.8223759173135345,9.745959127741658,8.503587843543283,0.8666569266573345,7.689627054682623,8.770526569524769,9.09920802038484,1.0
2157,9,141,11,20.526690497389733,18.451488224010568,22.967828445962173,20.745921490819068,1.8621602708392984,20.122042164832102,20.622630495434485,21.707797836177278,0.7
2158,9,110,11,22.283337674267813,17.05171874429942,22.283337674267813,19.742583859424606,1.9728987362656354,18.9968628071384,19.88785112898023,20.38602494143309,0.8
2159,9,131,11,24.655549136109023,20.070466150632008,24.655549136109023,21.487084393446523,1.736331580078108,20.311281171955734,21.641246570204398,21.917152020900758,0.2
2159,14,203,16,24.655549136109023,18.312003950862753,21.591419639836687,20.290366196743225,0.8419760599742613,20.084499206804825,20.287967106626535,20.982146321976295,0.4
2160,9,125,11,30.585191570246888,23.897024960062005,30.585191570246888,27.41726034738138,3.8529981141901404,26.00011253156679,27.71719381274152,28.77751731367069,0.9
2161,9,110,11,37.03666434752475,31.675972158382088,39.719817422840364,37.04101358636632,4.625972310866197,36.17772551891966,37.44864456370243,38.3588599912282,0.8
2163,9,106,11,69.73276511131365,16.66020763972014,69.73276511131365,44.295568241325604,340.8647917381106,29.92779712495982,38.80706662197537,63.33424907116906,0.5
2163,14,145,16,69.73276511131365,16.66020763972014,37.04825831249734,30.6588097394018,28.95269934700758,29.92779712495982,32.10785899190509,33.34850425367105,1.0
2164,9,127,11,25.712680523598145,21.658900968817207,25.712680523598145,23.77026132009834,1.6603319728731087,22.647290319253628,23.89515650095261,24.437089910676683,0.3
2164,14,188,16,25.712680523598145,21.658900968817207,24.067128853476085,23.02747468820511,0.4430970945914786,22.56928566062433,23.124798820875597,23.433460760824886,0.5
2165,9,114,11,8.894010147035125,7.063575668375321,10.436662941629347,9.357022841614375,1.0360333323331143,8.894010147035125,9.40589790204267,10.276670723076077,0.9
2166,9,122,11,23.740577180850867,13.861499488183293,23.740577180850867,18.51402551694905,6.967026652799513,16.429200473193873,19.064874991129013,19.847520399214066,0.8
2167,9,124,11,21.87421764384363,11.694286952289183,21.87421764384363,15.463294184894721,11.470082980950146,12.593567980354692,14.97966930164209,16.702426134708823,0.7
2168,9,93,11,6.121384016851789,3.516955128671118,6.121384016851789,4.322411393443413,0.47693785779421277,3.8434717192946195,4.277085672897686,4.519204218961704,0.9
2169,9,123,11,39.095195129033236,34.70180808542959,41.26612978874466,38.97001117510299,3.794189567832577,38.71444568067761,39.2098895520853,40.38535292551822,0.2
2170,9,131,11,17.772426805068235,12.296886417564927,17.772426805068235,15.218138209455386,3.513925523599757,13.758020524056533,15.414525738561046,16.83978139804781,0.5
2170,14,172,16,17.772426805068235,12.296886417564927,15.489766151805123,14.235460792534491,1.1481914349864482,13.597320825016721,14.730304236823123,15.032253715477713,0.8
2171,9,134,11,32.72738352800387,17.154910636207067,32.72738352800387,24.83645802707515,14.077307249902514,24.058897930102706,24.8626617003776,26.279570682708155,0.6
2172,9,119,11,73.6048908214366,38.333194751450506,73.6048908214366,52.39731039375253,147.54092899799863,40.81270634361921,50.95033489585161,62.97008470230201,0.4
2172,14,163,16,73.6048908214366,29.198046416094954,50.79550987742584,39.749568502656274,26.334902109017197,38.50196443297243,39.940745507770664,41.57731267686246,0.9
2173,9,116,11,15.259100420603165,7.183037317006753,15.259100420603165,9.25254601099166,4.8830777743542075,7.827716363344405,8.881061291722364,9.462841190841267,0.9
2174,9,111,11,61.270820106895556,47.114418048914615,61.270820106895556,55.96898208857074,11.545464647804128,55.4494821030217,56.49421093297174,57.33903568278184,0.1
2174,14,157,16,61.270820106895556,44.6838612934955,55.8735881097873,51.6424554188968,15.117869083263733,48.120350541437034,52.26729828869896,55.301677269695524,0.3
2174,19,209,21,61.270820106895556,44.6838612934955,53.572411281623786,49.646825951077155,10.022708814324954,47.027417231670995,50.419032001180994,52.3798703843282,0.5
2174,24,272,26,61.270820106895556,42.01254994410954,51.138148019004305,47.68193855307518,8.048609126150266,45.84147341303485,47.93662476463575,49.81275350430522,0.8
2175,9,110,11,23.4574706828992,13.169765810863614,23.4574706828992,16.49735058511534,8.742245423831857,14.577666502768217,15.499754240168519,17.173825826205253,0.7
2176,9,119,11,35.715433933129916,18.141115383979198,35.715433933129916,27.25122263012626,22.121646205510576,25.02573712019285,26.129642945837546,30.24858237094598,0.7
2177,9,131,11,28.031081378806086,15.148143112792084,28.031081378806086,21.134481125965156,14.39861238058983,18.74608273271397,19.371734554882323,24.57807852313684,0.6
2178,9,111,11,22.301099327772945,13.841276541371915,22.301099327772945,16.341742197536927,5.288431911440407,14.899300050102468,15.649165334872551,17.217327835164188,0.9
2180,9,102,11,29.676770266573214,22.902221805363983,32.18034579397697,29.034246739302866,7.190320082270027,28.00065730596976,29.618854239405188,31.224071308923573,0.9
2184,9,132,11,28.040477132974104,26.4553944838689,28.570627235513037,27.5777413489267,0.5293013460662339,27.063587539245017,27.707559086076156,28.040477132974104,0.4
2187,9,129,11,41.62803703190969,26.003984439029782,41.62803703190969,29.99394361399655,21.34315576107151,27.68401496149658,28.052196562548396,29.127806046729265,0.1
2187,14,190,16,41.62803703190969,25.2293134540599,28.107052573481138,27.08498245535648,0.752276070398356,26.852454216736238,27.11228887241185,27.828605521305754,0.3
2188,9,137,11,26.11418799120815,18.55424926321031,26.11418799120815,21.530309299266275,4.176744443842702,20.317032789688398,21.175026058049916,22.45642930288086,0.6
2190,9,95,11,57.51514210346329,21.871434195720262,57.51514210346329,40.98777446971528,73.68827276324411,38.069950368639525,41.44658252159057,45.03268810841093,0.9
2191,9,107,11,19.683306532811315,6.281445497295624,19.683306532811315,9.307809398201154,14.225472045539785,7.285121327635255,8.097731674318382,8.742972094687804,0.8
2192,9,120,11,25.831603284184716,8.286166785430098,25.831603284184716,13.115040229971825,20.789079249982443,11.097135455854353,12.08362160211393,12.651114652758942,0.7
2193,9,115,11,27.008274087444892,15.576147757296312,27.008274087444892,20.32229627571502,12.240065545942134,18.08686695003862,19.715671237349067,22.764194504984616,0.7
2195,9,125,11,22.952465505038987,14.43152635243775,22.952465505038987,17.601049455063148,5.707089357283016,15.636444098932442,17.54759748614676,18.232488520493916,0.6
2196,9,109,11,5.775055856225157,4.4049982151689955,5.775055856225157,5.077215003449246,0.15005396014956546,4.858412280111633,5.160569036631532,5.289661816821592,0.9
2198,9,104,11,28.3509117606923,21.795402237638,28.3509117606923,24.186075092846913,3.5587833275705685,22.690296544834496,24.14049250214408,25.021027050979434,0.8
2199,9,111,11,56.96759910338735,28.35005097219829,56.96759910338735,38.40840076761184,60.23538304055501,34.30345713789339,37.21268782187966,38.531646410141384,0.7
2201,9,75,11,13.396509059259186,9.966489886298518,13.396509059259186,10.980896623827705,0.8867022689394048,10.415190377466589,10.841022657263416,10.98514036528278,0.8
2202,9,99,11,11.983883131423392,10.332148997888595,12.64613611473196,11.776004733276755,0.4967457829012095,11.449085134051188,12.017016589129511,12.165951844035176,0.8
2203,9,128,11,21.96784397031969,20.85222679857121,24.087951511687546,22.59085659863041,0.7575451306757568,22.006194565323483,22.60361484154047,23.210862026702376,0.3
2204,9,93,11,21.252703160145764,16.44656650149369,23.518093386985385,20.1249782394065,4.809047703594784,19.12504803248599,20.305721219446955,21.252703160145764,0.8
2205,9,104,11,62.66219178067499,23.529750125856978,62.66219178067499,34.733457813329316,112.42936945643271,28.99504797400148,31.38332179591459,36.60028812088841,0.7
2206,9,129,11,21.91567998037668,13.985683342798634,21.91567998037668,17.17140127725701,7.379966726877164,14.84764029882112,16.47284990487041,19.669040030808194,0.5
2206,14,161,16,21.91567998037668,13.985683342798634,16.767536624615353,15.700406953553955,0.985118879392741,14.84764029882112,16.013611138003533,16.590312373622176,1.0
2207,9,129,11,43.65451995099401,26.5473294972666,43.65451995099401,33.88594582054772,27.4778141842991,30.13028607570175,34.14107102217145,36.0509748512163,0.2
2207,14,189,16,43.65451995099401,26.5473294972666,32.80533860936444,29.447855646952284,3.1075279701863914,28.243034921793665,29.743223801047584,30.551885567233064,0.4
2207,19,225,21,43.65451995099401,24.4394631778018,29.551098122652803,28.00448912642891,2.43869888714381,27.272581374386014,28.39041289259665,29.387860125143188,0.8
2208,9,79,11,30.838816311369392,18.812534069947233,30.838816311369392,24.27762432641618,10.110425214414997,22.18023876941988,24.274494997657605,26.061169083618196,0.8
2210,9,121,11,18.964521726914853,9.597293554250738,18.964521726914853,12.847665002587894,6.031034879233685,11.589204420408446,12.794786845898479,13.624990618386565,0.8
2211,9,116,11,11.124168136612147,10.112418621790692,11.498378083352689,10.85769363618933,0.16733690409932916,10.666532443996868,10.897024659768892,11.124168136612147,0.2
2211,14,173,16,11.124168136612147,9.327243775481387,10.833679851697365,10.231249959452835,0.25288791472359123,9.8452214888014,10.348866311816902,10.616647837800699,0.7
2212,9,125,11,40.94094664324362,33.550142385469854,40.94094664324362,37.21647261497619,4.48177208861995,36.53311447327647,37.39784758187268,38.43952767845843,0.7
2215,9,109,11,36.83740208624714,21.246336047562508,36.83740208624714,29.037556954659898,15.754577065613617,27.109915826084187,28.257093977483525,30.73843613932205,0.9
2216,9,116,11,32.63950794073018,22.747035495788534,32.63950794073018,27.555506371653923,10.454191247232046,25.892110738665917,27.18064601734487,29.119365610369318,0.3
2216,14,174,16,32.63950794073018,22.747035495788534,27.62620504710435,25.932227562357884,2.4417122298996405,25.892110738665917,26.316409244898594,26.896304969256953,0.3
2217,9,104,11,6.138085297047554,3.8059977463871073,6.138085297047554,4.838112955594106,0.5418046638958931,4.2634485886643025,4.770057659521929,5.267147084520623,0.7
2219,9,140,11,52.815535085989936,46.75031388860692,52.815535085989936,49.65017107205607,3.498474296795982,48.38689610791896,49.15189810338485,50.539526239440264,0.0
2219,14,200,16,52.815535085989936,39.172028840554475,49.252397891915415,46.789260672004886,10.368074900171104,47.10235532304396,48.270906659129494,48.53938363297583,0.1
2219,19,263,21,52.815535085989936,32.436924658220555,48.252629531077005,41.20429402474529,29.06328290005096,39.17600380329615,41.759185930347456,45.57270919110743,0.6
2220,9,121,11,22.51094229233923,13.782576340336027,22.51094229233923,15.68894281128629,5.654969370335851,14.368593002343836,15.1341637613707,15.781584048294244,0.9
2221,9,123,11,130.09216668321616,61.79091220756423,130.09216668321616,102.91768712511316,636.352984386176,79.07536818983826,112.70979034909708,126.01583069819551,0.2
2221,14,168,16,130.09216668321616,55.94842100022107,108.12715261878739,74.19130143427853,175.1190474048896,69.39057378443823,72.0161025848796,77.36885171026019,0.6
2221,19,203,21,130.09216668321616,55.94842100022107,74.56570617012278,69.66883150523017,33.65281412339361,69.39057378443823,72.0161025848796,73.60814061908795,0.6
2222,9,134,11,46.174134340400784,37.986529242626695,46.174134340400784,41.25039702817449,8.019112747375521,39.01138899936581,40.987129073528244,42.45662153112669,0.3
2222,14,190,16,46.174134340400784,37.986529242626695,40.97271922337823,39.118904488233895,0.9758871010342338,38.46129689488585,38.75065833035886,39.768816703618896,0.6
2223,9,114,11,26.896777988851913,6.5573549878106885,26.896777988851913,13.150053040884657,28.986171214689655,10.462502825979506,12.222414423831033,12.987051077826504,0.8
2224,9,126,11,9.777501202506873,7.844059997088281,10.347297381821933,9.587380404607341,0.7672238031473946,9.507362766474774,9.903352752363684,10.238846783228695,0.9
2225,9,107,11,91.03703458557402,41.35500251494997,97.47591166714017,77.21005825211276,353.7944387473482,59.95274272126283,88.33368988090524,91.03703458557402,0.3
2225,14,169,16,91.03703458557402,41.35500251494997,87.94113340857993,58.801308824769784,129.1860649244618,55.15997083846905,57.11347318378644,57.894453682973435,0.8
2226,9,105,11,16.839246660231762,6.825682403895451,16.839246660231762,11.023603288857455,7.879336970859567,8.752322268052712,11.027251253710833,12.593591033184694,0.9
2227,9,121,11,28.583299427423178,7.961999087631625,28.583299427423178,16.47526190311351,31.975986832308752,12.638635044417953,15.127358760750521,18.618965799744913,0.6
2228,9,104,11,19.874956875030513,11.827082370820701,19.874956875030513,15.370496590391735,5.330074944873712,14.62023897815905,15.29101156377693,16.048174480580062,0.7
2229,9,106,11,50.50485251806979,28.020238349395807,50.50485251806979,32.37448701205532,38.74330005137438,29.062338037645194,31.00609760345418,31.550642510898086,0.8
2231,9,93,11,18.360969631629526,11.206044143772043,19.541161859653663,17.379188666584582,6.027318298382648,16.70041584154109,18.360969631629526,19.22577543614894,0.8
2233,9,107,11,22.380745790275128,6.120845461515532,22.380745790275128,12.556528740709878,15.217957834473452,10.780857039407023,11.901206917369793,13.400910870615418,0.9
2235,9,150,11,67.77953353123212,36.867390612769256,67.77953353123212,58.07020742003444,86.37893904089272,53.366580203588995,60.27015985841055,65.14455455527155,0.0
2235,14,200,16,67.77953353123212,8.45771637794535,59.53115173024088,34.43058317582108,334.9436409766643,19.370446454005275,33.3160179662084,50.90977492903765,0.4
2235,19,245,21,67.77953353123212,8.45771637794535,29.764645319647542,20.414030437020394,34.51304557082922,19.370446454005275,21.86792791244163,23.656632760260344,0.9
2236,9,126,11,76.40509336152112,43.85974825549054,76.40509336152112,65.17327302967747,79.3739107415798,61.80946060865814,66.78529329542835,68.49041080197311,0.0
2236,14,184,16,76.40509336152112,28.46282224038565,66.49971841464392,46.71270607992161,208.0038580456393,32.28359969729151,43.73463467286612,59.847979914490224,0.3
2236,19,231,21,76.40509336152112,28.46282224038565,43.6095210902417,33.568871549405344,21.352536042904518,29.78468765124342,32.87826333374581,34.33527211157437,0.8
2237,9,117,11,8.30940425191999,3.5862514124868405,8.30940425191999,5.557787012953168,1.2528504070360555,5.112675924716529,5.501614705393389,5.688531343372002,0.9
2241,9,84,11,8.265559595454686,3.8478431037652836,8.265559595454686,5.240018427538166,1.391640964957289,4.392076095741721,5.185620696487202,5.554233042384193,0.9
2243,9,107,11,20.53531747211879,13.104698421716012,20.53531747211879,17.509439529903887,4.171688898713498,16.35950393839704,17.955332680986952,18.942948841983224,0.9
2244,9,102,11,34.4707731287415,30.26797386172894,36.463391627544674,34.40899082548436,4.768680582033541,33.688950877931916,34.82483704429841,36.35451806118249,0.8
2246,9,113,11,44.16793634520917,23.55392586065107,44.16793634520917,31.44568001072496,30.747771858997442,27.541634413903253,31.91790138272629,33.75017018086441,0.9
2247,9,109,11,16.570119298240947,12.27467892943588,17.77848517291806,15.473144290592577,2.2489175415077645,14.611945558313089,15.396093934450287,16.570119298240947,0.8
2249,9,104,11,9.524904911926956,3.688827371127405,9.524904911926956,5.692507332819365,2.429290317050434,4.558465837856501,5.769673167408097,6.174748121211545,0.9
2251,9,101,11,22.535532507260637,18.68658196029851,23.005674713920854,21.894062241915215,1.5611298800532531,21.536082223172407,22.522944958413227,22.57221063475007,0.6
2252,9,94,11,5.513310308373808,4.506851369081149,5.648150801652003,5.324558277169257,0.14685290915164995,5.315605553837907,5.513310308373808,5.54596314089167,0.9
2254,9,123,11,16.99895427899061,9.113756187462862,16.99895427899061,11.735063433529447,5.140753596372116,9.979588469150276,11.6961937561234,12.845502026149632,0.7
2257,9,137,11,36.939425621425116,26.16623004062863,36.939425621425116,30.2448490297627,14.351603789695769,27.63574159404481,28.668344379308365,31.685234239487556,0.4
2257,14,191,16,36.939425621425116,26.16623004062863,28.89565723078556,27.80901026390311,0.8255705183054612,27.349901220140932,28.010897274422028,28.521650631312014,0.5
2258,9,117,11,10.441676324353386,5.094779062169628,10.441676324353386,7.341139632654857,1.9755370351488069,6.857447156538227,7.344944338692292,7.937447291399396,0.9
2259,9,108,11,9.726120760853217,7.872464318059912,9.947727565237589,9.203973767042859,0.6521974178983015,8.546647266406158,9.726120760853217,9.853079561581454,0.6
2260,9,132,11,23.513019101564744,17.997063396644442,23.513019101564744,21.437192789475176,2.3710469317993708,20.843303415344725,21.734133947277094,22.478048027223817,0.5
2261,9,115,11,34.33490395771089,24.24990534674515,34.3712283562635,28.920661398894957,16.818183871663525,25.27966301585067,27.402377585393747,33.67614576330298,0.6
2261,14,176,16,34.33490395771089,24.24990534674515,28.616333625993278,26.637428594458413,2.522608494956208,25.27966301585067,26.92457665204434,27.978986562732707,0.9
2262,9,116,11,17.97419483767257,9.569073236378411,17.97419483767257,13.575890852551717,4.486582566056634,12.630480569638724,13.743798540809117,14.367397327125198,0.7
2263,9,120,11,18.354541868314463,10.109205234754993,18.354541868314463,12.462443094477683,4.5159908655877645,11.392961178801833,11.929097424612511,12.538655123182815,0.4
2263,14,174,16,18.354541868314463,8.172487825849256,11.883861323210237,10.697598628464672,1.2173198186360445,10.199066738772547,11.28509122272716,11.448712634053395,0.9
2266,9,96,11,6.025943694452158,4.106635983254341,6.025943694452158,4.964736624643505,0.42408993852472576,4.467170377520456,4.945097909612124,5.495540225733321,0.9
2267,9,108,11,16.57027311836078,15.190942202033058,18.899362375292945,17.561565855892916,1.4717483525532307,16.62218778870016,17.733971749567853,18.68490620244822,0.7
2268,9,114,11,18.85470290189231,15.82702111036474,18.85470290189231,16.642882734961407,0.7457140849832704,16.040665906152192,16.360277574006417,16.84545636674834,0.8
2269,9,110,11,63.673542308715454,49.085521217016776,63.673542308715454,55.18660885837761,25.042280012136445,51.315248569823076,53.684468192000935,59.604475892425526,0.5
2270,9,131,11,17.849105146708546,16.957539748206752,23.697194263243407,19.834264395375477,5.623498142543088,17.849105146708546,19.341153946797874,21.618816243239685,0.7
2271,9,105,11,24.80942742865883,16.884629367649364,24.80942742865883,20.64859237610998,6.909384902838447,18.44838938545638,20.803345256815298,21.930450336911115,0.8
2272,9,124,11,34.42382358805389,26.54803688415889,34.42382358805389,29.74613025814774,7.404764511777046,27.847737018343047,28.18089377842614,32.06755679148608,0.5
2272,14,168,16,34.42382358805389,18.222822812442708,28.423300605317664,26.754077628423637,8.342944536954498,27.219312829096403,27.817594763221713,27.925488123887863,0.8
2273,9,114,11,37.0701428170929,4.941253143927881,37.0701428170929,14.830202299456554,105.17441356797917,6.974613632060192,11.505259586341719,17.33718190588787,0.5
2273,14,158,16,37.0701428170929,4.941253143927881,10.5927259033353,8.137116573992255,3.313371038540172,6.974613632060192,8.343552702189546,9.657162867539839,1.0
2274,9,129,11,20.04201504099212,13.926167070920277,20.04201504099212,16.441461298751936,5.3150635766402985,14.683671913069494,15.611203587021125,18.526982511753154,0.7
2275,9,103,11,8.222898653983394,4.336270542176425,8.222898653983394,5.960993359568039,1.2937522329412652,4.977535506981128,6.169634755531234,6.626059025283058,0.9
2276,9,111,11,62.43826426724365,46.6749728600567,62.43826426724365,51.41717374042287,16.68419037590281,48.951309066791495,51.20536912475302,51.82442326874676,0.4
2277,9,101,11,6.204521329015113,3.260007718313842,6.204521329015113,5.06103958734891,1.02301574216701,4.142422137526954,5.2114110130625955,6.007112544004115,0.9
2278,9,125,11,9.401891999893088,3.5494350283688947,9.401891999893088,7.141030731401275,3.3594738326282725,5.8940449399972135,7.811334470513523,8.556151886133197,0.9
2279,9,114,11,49.68759795312067,22.268327957909996,49.68759795312067,38.90324564395017,42.629597888919264,38.38840143518435,39.3169019521093,40.285733360062544,0.7
2280,9,118,11,67.70248440719729,8.132672037168888,67.70248440719729,36.73640022241223,388.04587898564534,21.26659389771502,33.589919637110825,53.45343762304164,0.2
2280,14,173,16,67.70248440719729,8.132672037168888,32.76052319143871,16.31991696488098,50.13458535607194,12.422952698918628,14.04922713440539,18.8591273722825,0.7
2281,9,75,11,6.112172504450001,3.062852838223638,6.112172504450001,5.07959876118357,0.7462639137029605,4.6592158439682505,5.3212918987553195,5.538950585167904,0.8
2282,9,101,11,37.63623236319414,9.196570422507575,37.63623236319414,18.563540147829762,64.27844282295759,14.50697808508057,15.535686344934971,19.13571698058745,0.7
2284,9,136,11,28.354095891962448,19.764721809239123,28.354095891962448,22.896003859392103,5.08266154415744,22.32974291491623,22.92652151388576,23.343980000825596,0.8
2285,9,132,11,7.987605139427955,5.964629283840523,7.987605139427955,6.942239442556658,0.40370660478605147,6.401280515305363,7.0716958304535975,7.400488614647172,0.9
2286,9,139,11,42.97905645208266,38.09470390186763,43.23497332154929,41.12460185094295,3.4135550499318996,40.063281548560255,41.016226632042944,42.97905645208266,0.0
2286,14,208,16,42.97905645208266,24.764245750223814,40.64087860491823,35.25549579962339,26.47301208062217,32.92293129593389,36.65321212074233,39.657937407263525,0.2
2286,19,265,21,42.97905645208266,24.764245750223814,35.21172033961703,31.332836640738112,8.206466077807125,31.226741313772244,31.82484586379309,32.22449603955741,0.3
2287,9,106,11,21.11930807950487,19.77511679987441,28.460930695996947,24.530438935255024,11.811395492095233,21.11930807950487,25.65595521467177,27.64662005887792,0.7
2290,9,107,11,59.225573498385515,26.893656092763592,59.225573498385515,48.10933918224536,65.85970129361792,46.24081523274039,48.810595442230834,52.82219915456019,0.6
2291,9,115,11,11.123044379515372,7.050519113383367,11.123044379515372,8.816733499280796,1.1328187696918044,8.570649874104449,8.743129594308602,9.285190236771884,0.9
2292,9,119,11,8.449919627414518,4.855409586373835,11.81559468763984,9.101496789555846,4.428108288658001,7.72558281490784,8.849335422256843,11.064560307796661,0.9
2295,9,99,11,4.466220944960187,3.0133488435595916,4.466220944960187,3.9376149481371683,0.2805562305717525,3.4200693529372157,4.175686448183576,4.395478883744643,0.8
2297,9,98,11,72.59667898826748,37.09107303124763,72.59667898826748,51.71775855577353,123.57573759188986,43.51216534974652,46.90634462664848,61.58307677471691,0.6
2298,9,115,11,33.94317627807891,15.272171993630902,33.94317627807891,22.13306734093502,30.731694873234137,19.223752571991636,20.075870639536085,22.202460274061433,0.6
2301,9,138,11,32.331396464209625,32.331396464209625,35.166521407102806,33.62956320699433,0.7027971021212303,33.14365684602827,33.786344172591456,34.12129656205617,0.1
2301,14,189,16,32.331396464209625,30.302484015369807,33.52847395155184,32.14864654742843,1.1065086365840937,31.397905358163406,32.331396464209625,32.907386197010894,0.5
2302,9,107,11,27.040815915459177,17.834233401289644,27.429819998124504,25.26247511840454,7.662029252282409,24.778420638710116,26.306036849630377,27.02561783113075,0.6
2303,9,113,11,12.48904274772863,9.826205386934813,12.48904274772863,11.203652523895165,0.4362018972472096,11.085201964650667,11.233395005085086,11.377900728456106,0.8
2305,9,112,11,25.896239844119336,13.381622760687852,25.896239844119336,18.060455410143682,14.997827892674556,15.373010431800644,16.838078007913097,19.974983200223747,0.8
2306,9,86,11,23.4433376900258,7.959384861069286,23.4433376900258,15.465499370657113,15.111968972925226,13.418761273237251,16.454740568448155,16.85993091261411,0.9
2307,9,126,11,27.95329592389452,21.94597530598625,27.95329592389452,24.61940412963484,3.4289206476930696,22.942457464969614,24.882415267238965,25.815406588237053,0.9
2311,9,114,11,33.83111140305168,25.649119795447543,33.83111140305168,30.387218930003986,6.416610343130257,28.697235791329014,31.02893526308053,32.404621407872085,0.9
2312,9,115,11,9.8718183811167,9.8718183811167,12.447135616089309,11.173248726792362,0.752834238669625,10.362380012639619,11.48807385430047,11.716578158790828,0.7
2313,9,139,11,51.043416690466685,29.79769494189376,51.043416690466685,41.615087030252155,58.337485283624176,36.34431165891802,43.03836454688828,48.29675734182081,0.5
2313,14,191,16,51.043416690466685,29.79769494189376,42.70251694940687,37.88838811541585,20.19474557865076,36.34431165891802,39.07628842882059,41.378983439353725,0.9
2314,9,104,11,19.838431486545137,9.601091668266132,19.838431486545137,14.0984268342232,7.292238020883948,12.295386359740407,13.612587558545988,15.864475572333035,0.9
2315,9,130,11,11.385206159472496,10.833941281875752,11.918770199567382,11.523537580294132,0.09412693306197037,11.385206159472496,11.628812523543374,11.721765152184386,0.7
2316,9,117,11,46.100701504929646,24.527843916995458,46.100701504929646,36.02086415320719,83.26057669318729,26.399101412308866,37.233565451969,45.19465770343602,0.3
2316,14,175,16,46.100701504929646,24.527843916995458,32.39560306940663,27.42570039114567,4.953249989713824,25.672411560221626,27.920362478488123,28.411462034651088,0.4
2317,9,96,11,14.865667694917814,11.313818162813007,14.865667694917814,13.179374399260151,1.2786457449078066,12.382853215005564,13.387658728593134,13.949515775003736,0.9
2318,9,102,11,84.83102086103425,55.037663754997496,84.83102086103425,76.15635557533928,85.89362746086843,70.64070143642599,81.16856803911399,83.14342731665933,0.3
2318,14,151,16,84.83102086103425,38.942653266895334,80.40847566617808,65.47979541546678,127.0611780995774,59.98854035075924,69.59485741611742,71.9407515121605,0.8
2319,9,130,11,21.120354614212648,15.19701736944745,21.120354614212648,17.697673948869838,3.4562381238678044,15.988904877870173,17.796125436918462,18.981234913237227,0.7
2320,9,135,11,17.784760702473477,14.923553319270404,17.784760702473477,16.194243091460176,0.6997130884223616,15.523891719826473,16.200269960554074,16.61193095065185,0.7
2321,9,118,11,21.645044864523808,14.788881647420514,21.645044864523808,17.235263858963123,4.608656560022299,16.10980438976277,16.485282973971415,17.630834810404874,0.2
2322,9,103,11,23.746774820912748,19.99134206943983,23.746774820912748,21.14035090730867,0.9988226787685924,20.55943892586727,21.126336285954757,21.366147816832115,0.6
2323,9,135,11,15.719201000493733,10.834910047110089,15.719201000493733,13.184043576028277,2.191067585204787,11.762522617411214,13.820477237955334,14.089331505000667,0.4
2323,14,197,16,15.719201000493733,10.834910047110089,13.781669100652186,12.45669565411701,0.7317527264120194,11.762522617411214,12.743207037130682,13.035344678530356,0.9
2324,9,119,11,29.742469277543073,22.485152513060253,29.742469277543073,27.007159661584847,4.240122650988846,25.852811359786322,27.073980108599862,28.144776051859594,0.5
2325,9,116,11,18.712834408793686,12.24375260468998,18.712834408793686,14.808627975388802,3.183702936120934,13.485609859591944,14.626551839167611,15.467420868313372,0.7
2328,9,113,11,35.260438800656694,17.262129788331,35.260438800656694,25.199079089963643,26.03409988578351,22.710077399764337,24.80859676109997,25.503564401025155,0.8
2331,9,129,11,20.932349843126694,14.711388434086777,20.932349843126694,17.408209857957225,2.7650803713686023,16.610281306960733,17.710396743515922,18.07975859413073,0.9
2332,9,90,11,35.83126531120524,17.293641049633244,35.83126531120524,27.03208504290555,18.856378858005883,25.888312704134407,27.231526706009824,28.627912733438098,0.9
2333,9,116,11,36.99783267361061,27.231557315157062,36.99783267361061,31.604492580110577,6.524374440793805,29.919681117535106,31.591688286855213,32.9450602086787,0.9
2334,9,117,11,38.52459982182015,23.293163337699397,38.52459982182015,31.349110775042952,24.72034653253052,28.196947401614388,31.637893760637457,35.60972792726911,0.9
2335,9,107,11,28.064929106208382,26.753802532450525,28.37231843880498,27.7915694127809,0.25276267524566876,27.614378592937513,28.027028222403665,28.064929106208382,0.9
2336,9,131,11,42.48650684935657,38.88738335995528,42.48650684935657,40.51555099457224,1.579233976834557,39.666241458793266,39.963884630658434,41.51709887844996,0.0
2337,9,110,11,3.1459593009676725,3.1459593009676725,6.980546201361964,5.475171308401747,1.8101630552363634,4.691188187016361,6.101630330824991,6.369004494363994,0.9
2338,9,121,11,11.255532831394483,8.864313927772745,11.255532831394483,9.903089880332583,0.39509747743408774,9.790330889044252,9.924037263367923,10.140750059123757,0.9
2339,9,125,11,26.86639103576294,26.46895914935528,27.94594503124409,27.136014981487357,0.1830515400164554,26.86639103576294,27.06036251327902,27.281888869469064,0.4
2340,9,127,11,24.37301031614591,13.70056097880315,24.37301031614591,18.743498588005,7.949443351729789,17.110614982228245,18.749527215752106,19.38475951265317,0.3
2341,9,116,11,26.884952482440873,11.221099209992417,26.884952482440873,19.016186132309237,24.20319640586163,15.069365572154963,19.6490582274287,22.98780488371498,0.6
2342,9,111,11,71.21093744654785,23.3353642722697,71.21093744654785,38.005533076063585,223.7365605677854,28.702146300557526,31.435925739237426,40.9334614796087,0.7
2344,9,106,11,9.390726593452152,7.848089281221931,9.8937178908045,9.157625543878938,0.4308725434182021,8.843556570168285,9.390726593452152,9.686059114523308,0.9
2346,9,130,11,18.374640817841254,13.332456639326232,18.374640817841254,14.788513718025644,2.199656362895033,13.858842771369618,14.171533969070552,15.112772079238809,0.8
2347,9,115,11,16.003859770254223,13.880076971069968,18.298300246677943,16.2023252362194,1.647152491308089,15.294340888889682,16.003859770254223,17.25730893670793,0.7
2348,9,90,11,20.8142254129485,4.418731091121504,20.8142254129485,15.027984387111283,19.0342724447877,14.002686865014743,14.93624744662886,18.1990270093207,0.9
2350,9,91,11,6.862068494694375,4.936962611603578,6.862068494694375,5.827312705437061,0.30348553805748174,5.5604885210934505,5.882383801870276,6.126086350421839,1.0
2351,9,89,11,46.859055118617924,34.50133075601366,46.859055118617924,39.1564559979823,12.494642610091036,36.799516483116584,38.429428224752286,40.97661764468569,0.8
2352,9,138,11,26.095272132985166,20.218378252481646,26.095272132985166,23.01450597656378,3.00126647322877,21.42712468428794,23.64802078878556,23.924737563178965,0.7
2353,9,127,11,16.234125767564528,8.989649897272963,16.234125767564528,12.939861523634184,3.7338298139265875,11.92484394422769,12.9996384265318,13.969919238629146,0.8
2354,9,107,11,15.811810774148872,11.23606302796793,15.811810774148872,13.839533922235503,2.5438686761180866,12.384236471379662,14.302698851519065,15.238212249940744,0.8
2356,9,127,11,30.725292380564266,14.832634177436717,30.725292380564266,18.045477378203113,26.02841286865806,14.898193697744617,15.533887767116035,17.396948154151378,0.7
2357,9,121,11,17.815286827852667,10.874032978139326,17.815286827852667,14.089314937965497,3.098141427546809,12.92522878622024,14.315309478039962,14.767366444943425,0.8
2358,9,98,11,53.23417200160643,21.769426931678076,53.23417200160643,35.64813066668668,74.55000095677246,32.332191241576,33.59457088830537,37.851856956417116,0.8
2359,9,102,11,36.407981547365445,22.58099205618918,36.407981547365445,28.702544893012778,13.094638643320991,26.332060172718485,29.487442480973414,30.389038283154758,0.9
2360,9,129,11,76.97635043648395,31.114403047587825,76.97635043648395,43.21731607904963,234.80644312802073,33.355010448705755,37.97505666222095,40.09661415516706,0.4
2360,14,185,16,76.97635043648395,31.114403047587825,37.980455042827245,35.32385176094492,5.312578052315077,33.355010448705755,36.378171189318465,37.107009818092195,0.4
2362,9,131,11,8.749388895552613,6.132226153839584,9.125505748697043,8.014050148900852,1.2416972280980114,7.192922118765496,8.533925617443662,8.993195209916292,0.9
2363,9,104,11,55.33993275193077,37.85284161612115,55.33993275193077,48.98845622441758,20.766897600758412,47.14807468088526,49.834379739639175,50.8294629644281,0.7
2364,9,115,11,53.746529823080266,27.472972457019964,53.746529823080266,40.73179644796927,75.36736152365688,33.5569555837223,40.67261908339914,48.36468796294266,0.7
2365,9,122,11,16.318754248704312,6.4258515239971015,16.318754248704312,10.392250540024854,6.634504825783312,9.064156078521592,10.29417907405353,10.715063296932913,0.8
2366,9,126,11,40.76596757048424,32.32641323341002,40.76596757048424,36.24693460801633,8.720421652506992,33.92126157714304,35.827682093920764,38.121741711301524,0.5
2366,14,170,16,40.76596757048424,32.17784001650353,36.85553284498452,33.967236042884004,2.0086254368318963,32.79410248164859,34.03211089118245,34.6942027350162,0.9
2367,9,104,11,4.727135765030802,3.049027395985723,5.376147775239789,4.581462584537604,0.5248268887159133,4.12765476025761,4.854325348699128,5.115851601435295,0.8
2368,9,114,11,11.704529399943748,6.479523388629394,11.704529399943748,8.908782998356568,2.697455992882473,7.998350790486956,8.85333362229791,9.384556097556645,0.8
2369,9,122,11,16.23455607377963,11.407596848046895,19.160861021520436,16.261627034110894,4.649651982237416,15.063044825921661,16.372779791304534,17.555213481499816,0.8
2370,9,102,11,10.143283769077902,6.033571928100826,10.143283769077902,8.69487621518412,1.26655126516827,8.131526739226974,9.064314067748708,9.365836761919459,0.9
2372,9,148,11,42.27265129088397,33.42131639621186,44.55704980201142,38.00508007203772,20.20785811080581,33.84425784695584,36.0806632881112,42.27265129088397,0.0
2372,14,209,16,42.27265129088397,29.824438305437287,34.308714006132035,33.11730887463958,1.5845459430347735,33.07896369428175,33.62636065840404,33.77000563858076,0.2
2373,9,113,11,26.062837518658505,19.403367894362162,26.062837518658505,23.533647080837692,3.454755902452514,22.535205570325157,23.73758554011077,24.87900819317108,0.8
2374,9,94,11,13.758216312560226,2.751556877845173,13.758216312560226,9.916738080372625,8.26130788854611,10.051699584643158,10.52695083175754,11.320910817240406,0.9
2375,9,117,11,38.38334544536903,5.113186979851854,38.38334544536903,15.884953450285803,117.29871226881896,8.378258361275073,10.033110134481241,23.161891421367766,0.5
2375,14,157,16,38.38334544536903,5.113186979851854,10.60665883655033,8.597390113208874,3.1663452363965576,8.378258361275073,9.031041809519873,9.906616343473006,1.0
2376,9,100,11,9.674094667478448,6.634048377902677,9.674094667478448,8.710931210171676,1.1472995764736773,8.652333746828276,9.108104605455013,9.495916938561288,0.9
2377,9,113,11,8.512710909879857,7.520830782053852,8.512710909879857,8.059777376291448,0.10747217966342011,7.944744677594322,7.999354439088329,8.368381810946213,0.9
2378,9,121,11,19.08439841422244,13.305789901003951,19.08439841422244,14.86328023149531,2.350714732067995,14.143413870095008,14.449634666662249,14.944717395363957,0.9
2379,9,128,11,28.549544035089937,27.609028804016198,31.00055538527294,29.363149650885912,0.804962902299194,28.73351178212575,29.52181629424402,29.753488742508477,0.8
2380,9,132,11,30.354987888759982,16.714971975206776,30.354987888759982,21.483462741944077,11.88065042149334,19.987467168815968,20.42723667462934,21.672496088422164,0.7
2380,14,181,16,30.354987888759982,16.714971975206776,21.41925510768428,20.16752579517559,1.5650194378360112,19.987467168815968,20.42723667462934,20.86930143273471,1.0
2381,9,116,11,57.23780179261911,24.087643345217753,57.81771746017,39.43644501236009,210.60072205583083,25.889561911843508,33.44888929205397,56.47058539906382,0.5
2381,14,160,16,57.23780179261911,24.087643345217753,31.36453703530779,27.415806586898544,4.6545604757789,25.889561911843508,27.453418557620612,28.85281062703998,1.0
2382,9,126,11,36.062129988766245,29.086997476326843,36.062129988766245,32.71510192074632,5.3630532533849005,31.505455637011863,32.06831974312311,34.73209154093834,0.6
2386,9,106,11,26.151002666228663,9.287904382863768,26.151002666228663,15.96180366969856,19.021753870868707,13.712345161678055,15.833963617489676,17.594428900393435,0.9
2387,9,124,11,22.46597431350391,11.427466485217483,22.46597431350391,16.95956777235186,8.238601274345132,15.959830722996443,17.476478001505946,18.374821226871013,0.9
2389,9,99,11,52.655255978599186,20.167304821661553,52.655255978599186,37.44441682745585,63.14654125917542,36.04042232876813,38.84321427336056,40.540865562589005,0.8
2392,9,68,11,27.620515888312866,2.140653701628893,27.620515888312866,17.16303768999085,53.01815059549989,13.329019883112158,18.00635161658001,22.750204221294098,0.9
2393,9,99,11,16.47916979744796,9.334825150459194,16.47916979744796,13.029090381434333,3.8491338172273375,11.827954602398687,13.573356433221264,14.194386933375483,0.9
2394,9,108,11,26.712787893631138,21.699316047384656,26.744406575265103,24.658168792201234,3.2313887483070283,23.236536390748864,25.044644680912917,26.43281861094946,0.5
2394,14,153,16,26.712787893631138,21.699316047384656,24.74319134808977,23.41978797141196,1.0316058268344146,22.611341925763977,23.48767390056557,24.39435643362855,0.8
2395,9,140,11,36.21439597085154,19.388927833256464,36.21439597085154,23.6739399560739,25.33768543020824,20.60314149434915,21.27788599645873,24.859593091532453,0.5
2396,9,120,11,18.349757628493315,9.648934773192789,18.349757628493315,12.518089747818154,6.643189480492419,10.900488214924454,11.283575358147042,13.665024836181718,0.5
2398,9,105,11,14.493609951441226,14.493609951441226,19.77493264556115,17.648805626230118,3.7625401675397065,16.112891055023127,18.30605123038768,19.17705848261351,0.9
2399,9,120,11,33.62622250635576,31.33854861766371,34.482985281731445,33.32605791932257,0.6723683723869478,33.134603652352794,33.494034816936086,33.74422721433476,0.9
2400,9,131,11,13.128534998592476,10.104221519623726,13.128534998592476,11.610402113317724,0.6400033752725968,11.343317941667756,11.72789683574894,12.038842856483505,0.9
2401,9,115,11,19.438216781873038,14.95713977388047,19.438216781873038,16.47616182334996,1.598890009191917,15.737362682554576,15.997693713218094,17.127597401954464,0.8
2402,9,137,11,44.566476814043966,10.825159878241383,46.40115585590178,36.908746198897134,152.9473298327608,28.926990959392644,44.566476814043966,45.55857976997537,0.2
2402,14,192,16,44.566476814043966,10.825159878241383,44.566476814043966,22.89780958999669,107.90232384024016,16.13587163756454,19.42916657238404,24.06685228356269,0.7
2403,9,122,11,22.49593247983237,14.926413261674742,22.49593247983237,19.075824787829475,4.648459212160588,18.389215899969248,19.430980555278225,20.367470404488916,0.7
2405,9,123,11,14.139839113817214,8.097900903262438,14.139839113817214,10.832410833601735,3.046346802663528,9.530315214285997,10.95512513680627,11.506490001791306,0.8
2407,9,122,11,15.694887003947056,12.306589808115849,15.694887003947056,14.697149049736264,0.9475898279447683,14.307189935485685,14.93977704361646,15.393452932392933,0.8
2408,9,133,11,15.60219970406534,13.0314497799622,17.109865772914105,15.938879266558065,1.1514830002780738,15.681968907057895,16.195925139151967,16.537497391299944,0.4
2410,9,89,11,5.7478353778788875,5.7478353778788875,11.449242703822478,9.364119941203132,4.309062445733423,8.078389141155093,10.418023973533028,10.759988343264595,0.9
2411,9,118,11,16.51680163986839,12.497731912340708,16.51680163986839,14.233010623048468,1.9445239255941147,13.031422848493445,13.966658999042739,15.006098039562367,0.5
2411,14,171,16,16.51680163986839,12.497731912340708,14.265221344718308,13.350665339997189,0.3393237085568826,12.891987843197999,13.376724390133578,13.82028482146365,1.0
2413,9,111,11,20.58997335779698,10.852979739957643,20.58997335779698,14.026148633223404,7.059331928537359,12.171164989112942,13.887528135706212,14.902783891510534,0.8
2414,9,115,11,32.35025057887596,18.68832007113196,32.35025057887596,23.89361521023714,14.099916432092456,21.1495965940516,23.01263407330312,26.14057720713151,0.6
2415,9,120,11,23.16218446885096,14.534287380772058,23.16218446885096,17.889632364232888,6.0876266802118035,16.364764111582428,17.404991037696462,17.854487510979776,0.7
2419,9,113,11,24.482692672858228,24.482692672858228,27.24246205963287,25.936718002925147,0.9357398624387778,25.291712194148996,25.933580730587,26.714834094367806,0.9
2420,9,104,11,8.993479369136708,7.79715485283716,9.40811932189752,8.873279317775864,0.16748013480229026,8.807158366368586,8.97405612183263,9.091345453271439,0.9
2421,9,113,11,54.822117138464435,52.02393158756959,54.822117138464435,53.538100044831616,0.7602448030988082,52.911290285353886,53.60608471500066,54.0142852642488,0.0
2421,14,170,16,54.822117138464435,43.07734124927775,53.63775718567439,51.32476048095465,8.910499036992421,50.945023535151904,52.26757635907801,53.19301265397266,0.2
2421,19,214,21,54.822117138464435,43.07734124927775,52.485292231302765,49.324972608580666,8.10657080203202,47.308479815251886,50.2847313494558,51.53737646871109,0.5
2422,9,132,11,22.787681663682953,6.313771377373316,22.787681663682953,17.404993329078888,18.824191319992597,16.975728227246954,18.241653154917234,18.928150716584092,0.8
2423,9,114,11,10.797539545530492,5.410442217762958,10.797539545530492,7.422822014859092,2.2682935791266745,6.545344116940468,7.092895015135397,7.664655933224436,0.9
2424,9,118,11,39.352510960334484,7.327581685868663,39.352510960334484,17.324638176922008,101.30223168665096,10.77086114517395,12.107796817005408,23.188058345660394,0.6
2426,9,96,11,19.019946045211157,12.299823418262893,19.019946045211157,16.659347879174987,6.022391722310761,15.265536030394534,17.8922875088288,18.37669366567585,1.0
2428,9,104,11,28.717740048513768,15.082291804239478,28.717740048513768,21.46999500913214,12.027656983768697,20.26860841651399,21.822537916620046,22.966090480698995,0.8
2429,9,103,11,11.608842633718266,4.5088505610259855,11.608842633718266,6.635154175079,4.705701052937433,5.065701502909459,5.535940138728896,7.7233294721501675,0.8
2431,9,132,11,33.75037467509261,33.75037467509261,37.56656865315637,36.06308379913375,1.7170676088882577,35.70902528393757,36.23638788988591,37.178075876195045,0.0
2432,9,105,11,21.94086899886684,11.018039375264582,21.94086899886684,16.075572622885026,11.88863520228293,13.872449050980261,15.762745259406392,19.00549815666928,0.9
2433,9,127,11,15.435049009757845,11.187989793710656,16.135656370120728,13.380981861375929,3.2819054238191354,11.937881928722621,12.562430462221661,15.346967509588042,0.6
2435,9,120,11,28.055241248791305,10.25254926224406,28.055241248791305,18.4270360868577,31.956585342875286,14.216224631360241,16.69219566536841,23.67166913195067,0.6
2436,9,123,11,25.40646016432519,22.03138902444377,26.013011551837117,25.195476778527052,1.246699645047742,25.40646016432519,25.478870904797567,25.75145837201857,0.5
2437,9,97,11,5.778685304496452,4.005367179782556,5.778685304496452,5.064249183666905,0.3145933568610417,4.778554356250644,5.21423296095592,5.512626011009311,0.9
2438,9,118,11,11.591464595421067,7.285475016571786,11.591464595421067,8.138006919064846,1.4344558301917465,7.482794861184303,7.849404074619544,8.09526738164141,0.9
2439,9,120,11,10.20027720241018,7.385390569004648,10.20027720241018,8.702131868576817,1.0425424247449775,7.593387515964089,9.036740046489086,9.581165265562724,0.8
2441,9,128,11,32.418777671191776,9.488842813499318,32.418777671191776,18.097658078338632,43.64773198686565,14.306078491817601,15.855924839996888,21.084287202455755,0.7
2442,9,118,11,27.28210808859381,14.922753254691926,27.28210808859381,19.287290399561208,13.953370385922833,17.164226073875277,18.358724412289703,18.49790940328792,0.7
2443,9,124,11,37.47488061775469,23.80879783362463,37.47488061775469,30.43007439300062,16.1656646880679,27.36637584783115,30.52841356406475,31.45086265384645,0.8
2444,9,87,11,29.97145675605503,11.328796531888369,29.97145675605503,20.2682982469941,20.814324392670073,17.89395998700588,20.81292602098842,21.917604341633513,0.9
2445,9,114,11,29.931595768915997,22.30900443921288,29.931595768915997,26.75384400160609,4.498882878141157,25.72798192180894,26.49064201817512,28.360742316372026,0.6
2447,9,92,11,10.833264119467072,2.927166418667829,10.833264119467072,5.6799815383414884,4.633917803127319,4.461710910257614,4.988719706170105,5.8159401370928725,0.7
2450,9,117,11,23.50572951782107,21.037970774329864,23.50572951782107,22.347528802405783,0.557694693902101,21.787044323402732,22.455525926642494,22.90438383369631,0.9
2451,9,112,11,32.30623768623276,29.257487071074884,32.49750263132447,31.338545277113514,1.0678203237811397,30.615853256435727,31.60671436940033,32.24507668797325,0.6
2452,9,104,11,17.702376327419806,14.69544068091137,19.453672076188646,17.986457968628955,1.6781951411206708,17.626436404805602,17.944683158919158,18.966290401837767,0.6
2453,9,119,11,13.599431088560543,8.85210293911866,13.599431088560543,10.80622986432579,2.2203678147387946,10.222145086592043,10.452933348892923,10.5993619596674,0.8
2454,9,125,11,14.968458955438287,9.32072333184313,14.968458955438287,10.78401438989805,3.2931104186189644,9.708943160632666,9.944814061335675,10.708820233310774,0.8
2456,9,128,11,21.573149591407578,14.73268790439921,21.573149591407578,19.26857745741891,3.481065097736792,19.029178147665636,19.49208080805204,20.57026225925256,0.5
2457,9,122,11,105.39121998120584,37.82889680095243,105.39121998120584,64.04340828279653,569.5759811433666,43.23448707995931,53.62845760162621,85.96351105450006,0.4
2457,14,165,16,105.39121998120584,37.82889680095243,51.37533180249671,43.07250297847136,13.41776640868073,40.07583613491056,43.10511368712906,44.80820114015318,0.9
2458,9,107,11,102.69924092065409,76.19803352182161,102.69924092065409,92.57853779002076,67.51452769137491,90.5040036293694,94.40539980110883,97.65779512081797,0.0
2458,14,175,16,102.69924092065409,66.73479550490401,93.78688411939487,77.89594940177565,99.58526844604393,70.8395130955566,73.67327374824058,87.33308881082142,0.5
2458,19,234,21,102.69924092065409,66.73479550490401,74.53497986735867,70.71848987391873,5.22688299935305,69.81632256225434,70.86232364057881,72.16935583993796,0.9
2459,9,102,11,6.125382419404451,2.121384150483789,6.125382419404451,4.118437495241868,1.2627211757170782,3.42322951278466,4.526128330867256,4.749088841973913,0.9
2460,9,98,11,8.367581408865577,5.25670116491411,8.367581408865577,7.1179683594389545,0.7899278447797224,6.5759399773842,7.304928780235955,7.4583352571279296,0.8
2461,9,97,11,23.63117320082596,7.052456584094021,23.63117320082596,15.63977252639253,16.943121993570273,13.8521339673309,15.58785887911205,17.26381031602083,0.8
2462,9,110,11,28.161030617330724,25.546789543558596,32.96490577859167,29.19210624143716,6.337568560404315,27.254548480741658,29.17281837904067,30.938535398114723,0.8
2464,9,113,11,13.280153938641796,5.420176802954398,13.280153938641796,10.56152097632847,4.777879108257089,9.674409892460762,11.09219545492785,12.11687048925792,0.9
2467,9,108,11,5.746220628846672,3.7207535547891224,5.746220628846672,4.9375317828397005,0.41392761458735305,4.423744617523965,4.980469288319988,5.5198616928169475,0.9
2469,9,125,11,34.051672722387245,16.945682541753843,34.051672722387245,25.99084537224595,19.788423850358377,25.77054254022687,26.27461009270412,26.960834781159715,0.8
2470,9,90,11,10.161215391470165,6.404660090212296,10.161215391470165,7.870247194201563,1.7775276578295576,6.743272071731889,7.160284823817168,9.220196445087819,0.9
2471,9,102,11,8.422068392608999,3.5974932418731163,8.422068392608999,7.1601475710374105,1.681229366139264,6.981268443852734,7.366297454668276,7.9165397804087085,0.9
2472,9,91,11,8.177055098198455,5.40376784790349,8.177055098198455,7.379755583380279,0.6852455253446945,6.8954173863191555,7.702153194479749,7.994690493269319,0.7
2473,9,102,11,35.714049240909276,24.975671280701576,36.823929621072814,32.03199594820956,10.86012306804186,30.928304627814672,31.637409335228732,34.85185001846704,0.5
2474,9,121,11,8.846535943143724,4.490519034134748,8.846535943143724,6.374316096516097,1.1978868253148305,6.035036656172682,6.1253056820701755,6.741049664107191,0.3
2474,14,180,16,8.846535943143724,4.157185724961016,6.107005011815081,5.367983097171523,0.5396918140348093,4.659154150251914,5.67416382285219,6.006655182300072,0.8
2475,9,124,11,26.455087833994032,22.331151053257102,26.56310778920966,24.590592747499663,2.6091368229638032,23.21052811678364,24.42701411340998,26.366106719486886,0.6
2475,14,173,16,26.455087833994032,22.331151053257102,24.98480730298905,23.876721161097215,0.8371280436651398,23.21052811678364,24.181254630984952,24.616810487379496,0.7
2477,9,125,11,11.309773356878395,10.241230374414426,11.43355629531911,10.875254278321622,0.18968862033962428,10.566051822274579,10.79041925790288,11.309773356878395,0.9
2478,9,120,11,30.60753594395513,11.303898666354884,30.60753594395513,23.546273501294543,26.496937957677165,23.62885859425597,24.464137575398457,25.586721131072178,0.6
2479,9,117,11,55.370319294452585,21.903021945850714,55.370319294452585,32.20913023288055,92.08042406806342,25.90314813930971,29.429504159721116,34.42477476956374,0.6
2479,14,158,16,55.370319294452585,21.903021945850714,32.25276429033345,28.429102539918876,12.444123647337637,25.90314813930971,29.429504159721116,31.489334984625224,0.6
2480,9,129,11,22.72576773249743,12.212672498165544,22.72576773249743,18.42476189590847,11.841541375818412,16.434245148916126,19.79823985569196,20.522868825489045,0.8
2482,9,94,11,9.32156865297654,3.872525889080892,9.800722771986031,8.226478990379087,3.9396933176165447,7.855367105995331,9.116901141949938,9.639827096291608,0.8
2485,9,124,11,22.18802017403189,17.219361479770402,22.35143399402793,20.999354116955182,2.697607502638814,20.30862360777998,21.80474451153806,22.18802017403189,0.6
2486,9,104,11,58.61633350286147,26.731395890719416,58.61633350286147,40.03893653042461,144.29382443164192,30.22990824111303,35.71051168737044,51.21052789701247,0.6
2487,9,109,11,18.11847798854425,13.246889994325471,18.11847798854425,16.007705137633103,1.2754742879923793,15.815682937449793,16.059262140436186,16.324418100358642,0.7
2489,9,100,11,61.13830123036789,37.280507176285916,61.13830123036789,50.462916102954374,47.02899676559732,46.75372603554355,49.23180338494182,54.067305199264496,0.6
2490,9,108,11,26.21041213999738,14.217224125238708,26.21041213999738,19.87450233794359,10.076886554326988,18.76430630261711,19.30103032832816,19.96198429111915,0.8
2491,9,122,11,44.528444020822015,21.071357165800947,44.528444020822015,38.46788385307254,45.429804651385886,36.83828548951345,40.86020853383731,43.140704929141044,0.5
2491,14,179,16,44.528444020822015,21.071357165800947,42.27717098561057,37.21192670585761,35.39967963665425,36.83828548951345,38.703107055177334,41.02796690781257,0.6
2492,9,111,11,40.862824145342074,28.591296686875136,40.862824145342074,34.804922815743176,16.96970336797252,31.309540168843665,35.241647080178126,37.870147778142126,0.4
2492,14,158,16,40.862824145342074,28.591296686875136,33.69384245758378,31.972930349505322,2.844721107848571,31.040778179333564,32.64036274331683,33.33723720956313,0.8
2493,9,135,11,35.85544105867992,31.907236390808947,36.508635975307556,34.864468320606676,2.2947483186600657,34.439258854953344,35.564629778325354,35.85544105867992,0.2
2493,14,188,16,35.85544105867992,31.582145989822838,35.492319140960824,33.184203740308014,1.579393407967236,32.103426250372024,33.00698266551835,34.1403621707479,0.5
2495,9,101,11,99.37338115553737,89.91986305091629,99.37338115553737,95.82765719487705,5.3577264014271595,95.47651847673802,96.37728734210063,96.79885600085865,0.0
2496,9,94,11,35.04375255754317,8.075740384759442,35.04375255754317,25.62906712864592,44.27885690049631,24.627527499585156,27.385989937510026,28.506385924875453,0.9
2497,9,138,11,24.835356768706426,14.413087830595464,24.835356768706426,22.65136432335058,8.824563847138247,21.92086983043309,24.001700387067054,24.32468766871994,0.5
2498,9,117,11,27.79361834305892,15.676693347850163,27.79361834305892,20.675251404181832,11.17091816453496,18.05803198366879,20.77883150963399,22.451381029494453,0.9
2500,9,109,11,19.138962464363793,9.043137262133428,19.138962464363793,12.120218465454741,8.625049502294454,10.269484842100292,11.47860804442361,11.793741112664984,0.8
2503,9,117,11,21.30482171541016,15.476478332039633,21.30482171541016,18.555986288318497,2.323152410358699,18.363437407820662,18.678992750849382,19.39626290776729,0.9
2504,9,82,11,41.896733268691285,5.235694011116281,41.896733268691285,21.233867379575955,89.10136882313857,17.65236883664852,18.367389689483435,21.50121507294559,0.7
2505,9,97,11,25.657285548871158,12.282137216812115,25.657285548871158,17.468679531835512,16.410044353869292,14.739488378578223,16.91717764625532,18.4061438181282,0.7
2506,9,107,11,24.06571494909035,10.766966978493864,24.06571494909035,17.449077488036757,10.119302497687356,16.533945881125383,17.613365015160795,18.59114687417952,0.9
2507,9,96,11,26.11932291845646,23.543406482678613,30.33496290053956,27.42945478145875,4.610202280697245,26.11932291845646,26.882845323359245,29.65706255779709,0.9
2508,9,126,11,22.8744955394463,18.716048592621604,22.8744955394463,20.38281064726359,1.1797229708150982,19.643830227788733,20.438647552146094,20.756771511926974,0.8
2509,9,118,11,15.48815053386719,10.781806999492133,15.48815053386719,13.838256044018824,2.447939700173542,13.150530433739144,14.257916420372435,15.153225538334953,0.8
2510,9,97,11,7.495132654552661,4.480076846637957,7.495132654552661,6.499752356092446,0.7516363194710669,6.0159668462055995,6.620499831100039,7.169088521022629,0.9
2511,9,111,11,24.52116741417356,7.656931963774335,24.52116741417356,12.800035174243694,20.963615613832225,10.484236959828207,11.187666389025784,12.24830076958815,0.8
2515,9,94,11,17.09657829768681,7.818808325946388,17.09657829768681,10.542460549755894,5.681910870828523,9.615728579869035,10.170949368162798,10.686889810998819,0.9
2516,9,129,11,32.32406131574539,23.002814937755765,32.32406131574539,27.015451917046995,6.638104764460894,25.89608331201855,26.68243851938754,27.08592935350928,0.6
2517,9,122,11,20.732518780630706,19.378778014377204,23.54560643412512,21.630482811770538,1.365188491276299,20.732518780630706,22.083168749678176,22.41358781727494,0.4
2519,9,123,11,14.545668554758016,9.94885132143234,14.545668554758016,12.206684669467881,3.2526098032372617,10.825471694751364,11.577601884944926,14.142073238778533,0.6
2520,9,83,11,19.052287813753303,5.41262612269406,19.052287813753303,11.54989015751573,11.381559830974288,10.731534153465436,11.503675572046465,12.180323032906555,0.8
2521,9,100,11,13.420791995524194,8.006705101778754,13.420791995524194,10.0675463382109,3.9007365845000743,8.68891581960405,9.043460289519402,11.396643571457115,0.7
2523,9,97,11,13.842491392234473,10.409211873433561,16.026666689155753,14.52178244951936,2.399429130219297,13.952945068147848,15.135424902110682,15.408965820520327,0.9
2524,9,115,11,19.5852372656337,16.57645571724258,19.5852372656337,17.916675794392198,1.1293419518420877,16.855721451719717,17.960438949339576,18.793030302160858,0.5
2524,14,172,16,19.5852372656337,14.917447805270514,18.417317008203007,17.210559651481624,1.0026342801489667,16.722580415467913,17.234410514921528,17.93949698262967,0.8
2525,9,116,11,33.7947575332546,21.0372944572078,33.7947575332546,27.14305406788218,9.447820314198875,25.933457621658135,27.2949803012349,28.086495062669382,0.9
2526,9,114,11,19.405751587184405,10.79289498774721,19.405751587184405,14.40474283446687,6.152588456077815,13.265002004045938,14.414140572861749,15.814648244331636,0.7
2527,9,113,11,26.93224127599725,17.753863831258677,28.66958865580795,26.562325295972318,9.660691684410365,26.51574797181633,27.559669275538752,28.333614072284618,0.6
2528,9,120,11,33.63191267399971,21.219839385273296,33.63191267399971,27.35348229737116,17.271676173173283,25.483596086222697,26.331996685855792,30.833523083143834,0.7
2529,9,114,11,65.38789905521706,27.629403679705195,65.38789905521706,38.36135219562599,123.38327177582076,31.623883430309114,34.4266051596517,39.03485262888641,0.7
2529,14,155,16,65.38789905521706,27.629403679705195,36.21817784193374,33.26727097355066,7.5444782428817785,31.623883430309114,34.33150292954127,35.48654324563412,1.0
2531,9,112,11,20.146528539440162,17.821053689727062,22.108727362735802,19.94089063675042,1.9457408710715398,18.948516177744786,20.146528539440162,21.098139476266176,0.9
2532,9,93,11,23.029035106075437,10.453517953545997,23.029035106075437,16.331919994626233,10.017983597073622,14.532345213096917,16.383129620032825,18.033390584654036,0.7
2533,9,83,11,11.334225569586732,9.319323328362575,11.58142256023908,10.711992545207107,0.590384988070882,10.065567463026312,11.055855619540141,11.314394761490806,0.9
2534,9,102,11,33.51095721158906,28.967888990556112,33.51095721158906,30.12600039485323,1.4056836069285794,29.656135722840943,29.823175383223273,30.16560126508583,0.8
2535,9,127,11,15.73290271283888,9.83117280519647,15.73290271283888,13.634353094750924,3.0950494286825894,13.320730623423662,14.045798027953992,14.587062915031606,0.8
2536,9,129,11,44.31466514475757,32.31401824655063,44.31466514475757,39.97887406058798,17.529613627372775,36.55753694315292,40.354457397805696,44.089897979669615,0.7
2537,9,121,11,25.408966232477205,20.898624144284426,25.408966232477205,22.62067093056744,1.605423410120364,21.89308384697498,22.62403728400496,23.19971588768725,0.9
2539,9,105,11,34.970733965135764,28.202982858376043,34.970733965135764,31.956599737625652,4.782607170922494,29.96609367818483,32.85542488309783,33.61636685475343,1.0
2540,9,96,11,2.92192239583572,2.92192239583572,6.322060834970589,5.001224139077936,1.5753043868832315,4.224167581722826,5.561530124954263,6.095259492747076,0.9
2541,9,88,11,20.99772393139974,9.419884609911252,20.99772393139974,13.522932521918326,8.565404839125408,11.652744773305862,13.545667008864672,14.10069942478049,0.7
2542,9,114,11,15.718984713526527,11.909373238989655,15.718984713526527,13.989799067377614,1.1516545574082255,13.421464525184906,13.74761987905163,14.83663546265253,1.0
2544,9,117,11,38.636478612921415,23.949050237503222,38.636478612921415,29.25420532165014,27.94235275466852,25.684544186552454,26.752441296308895,32.24002703650058,0.7
2545,9,103,11,19.536055864454276,12.546959243921663,19.536055864454276,16.868955372349383,6.291371554961917,14.463956408661893,18.139085482141773,18.872010964762538,0.9
2547,9,89,11,5.843737105408781,3.5951558964840604,5.843737105408781,4.68567954054693,0.2996803700054255,4.587639529555597,4.680292392584679,4.902218646842113,0.9
2548,9,115,11,8.833571441092174,3.26086864908107,9.787681372777957,8.63112322454897,3.3205576268793644,8.841891367276354,9.111126368543694,9.464794166800887,0.9
2549,9,137,11,36.04747594032959,26.99012833969244,36.04747594032959,29.871603210702723,6.62843270516283,28.780716553213516,29.091543153142197,29.438232861943447,0.2
2549,14,178,16,36.04747594032959,20.37485657455349,29.11269653135592,26.622953967882733,6.985762054411976,25.131073723556852,27.378532812727506,28.88439969846424,0.6
2550,9,123,11,23.950957899509213,11.839600334819522,23.950957899509213,16.426285686005095,12.633185696267944,14.478612427158932,15.479784993204344,17.5121303191885,0.6
2551,9,122,11,36.31523249645083,23.223360259300527,36.31523249645083,29.164575130817287,12.195968054451281,27.127812460141072,29.310965103742102,29.478889012633623,0.8
2552,9,87,11,40.4999151983331,23.144636522502058,40.4999151983331,31.33298265623452,25.80051557871509,27.029630782347226,32.07477906911731,34.25159943599823,0.9
2555,9,125,11,15.640308183446953,9.849457990118324,15.640308183446953,12.571798803484405,3.380381727773263,11.008035498742903,12.435909352546428,13.438185792261411,0.8
2556,9,94,11,15.436971192100795,8.676109527131445,15.436971192100795,12.951047097389482,2.8524825030655525,12.447047869265603,13.491403885778489,13.669670043515008,0.8
2557,9,116,11,24.701530639608244,12.002107051981362,24.701530639608244,16.723135842939627,12.470431309178222,13.69451385158331,16.77454080962961,18.097950889734264,0.7
2558,9,98,11,33.03071179331809,16.529335330113554,33.03071179331809,22.824647797294475,16.137476093880853,21.304771398222954,22.46534453411163,23.663772090087093,0.9
2559,9,129,11,22.15526435340558,15.919831635004492,22.15526435340558,18.05985777713922,3.6289164884842946,17.048001465647445,17.383261049530454,17.880127609391817,0.1
2560,9,109,11,20.92361409165121,15.177808507079627,20.92361409165121,17.173976235948196,2.2937655196147895,16.54317966338965,16.692195487252047,17.240096263650976,0.8
2561,9,112,11,21.639185291731437,13.401661212836924,21.639185291731437,16.126851457363966,6.910650780843793,14.268473879806757,15.283667984676235,17.32233404272116,0.7
2562,9,144,11,41.84409240733119,40.00113983071917,42.472604705587365,41.592729254819304,0.4861728581776039,41.302035718311934,41.84409240733119,41.98175497771095,0.0
2564,9,108,11,10.207474058198242,5.0649134373022635,10.502053036794578,9.174466744940027,2.728266468535183,9.30493659383285,9.923006377318185,10.168296856307702,0.9
2565,9,128,11,12.684475931303862,8.547220626577072,12.691704068038632,11.431903731140943,1.6374557422395957,10.90876654429418,11.69657893420018,12.560385120228357,0.7
2566,9,100,11,33.63301820611534,27.694210397884927,33.63301820611534,31.877819841305076,3.2912769128952966,30.78963148568423,32.533957134396694,33.27193435949895,0.9
2567,9,130,11,19.916540382828348,15.033726196541188,19.916540382828348,17.262447513748736,2.2732172719193806,16.53789389328065,16.818878001622718,17.6613542923402,0.7
2568,9,106,11,13.96178378663552,6.169995939576994,17.682937210489534,14.69119702042562,9.739630516457826,14.03929229744199,15.1741251206474,16.874040639718817,0.9
2569,9,114,11,29.334379382833042,19.305252012575004,29.334379382833042,24.315680272860813,6.315555855141251,23.056432352837895,24.52316040696734,25.576174714632995,0.8
2570,9,114,11,11.48341457491955,6.859792585079987,11.48341457491955,8.690259496431125,1.4703854271861878,7.869212087822556,8.798439490648976,9.123229903248955,0.9
2572,9,126,11,22.92550664496541,8.091765050215367,22.92550664496541,16.330404399213513,28.334351655943596,11.283514775996201,17.08896646084228,21.465852443082504,0.3
2572,14,171,16,22.92550664496541,7.9024689351326876,16.22726703077275,11.066538100082024,5.2072847114061585,10.001384531877974,10.714448898812368,12.104722169882471,0.8
2573,9,123,11,68.16560086783412,18.009227469349547,68.16560086783412,44.439943329671706,198.78753632355037,33.78647150263378,44.022016304206346,55.22438552132843,0.4
2573,14,180,16,68.16560086783412,18.009227469349547,43.99594197879631,35.54636786125458,45.28618936601979,33.23715571958771,37.599808954250854,38.869958889693706,0.9
2574,9,119,11,49.54797472766828,16.95224785154761,49.54797472766828,28.801241084506536,145.6055432469521,18.713425484241775,22.725428796568742,38.74149231265852,0.2
2574,14,157,16,49.54797472766828,9.168858038992857,21.48579778519619,16.119733556370782,11.980227215418415,13.93305616560127,16.403405656561173,18.22768926040093,0.7
2575,9,110,11,18.35215692062812,6.403813735825759,18.35215692062812,12.930720348738898,10.92735546920203,11.384336280189569,12.938162141622719,15.305578616996371,0.9
2576,9,103,11,12.449903865741362,5.732610504733874,12.449903865741362,9.764564419361793,5.781672528515328,7.447797025437765,10.488888994842977,12.035809306188051,1.0
2577,9,78,11,11.368304006117231,4.82080749236934,12.220423141639401,9.427058806413552,5.981615366662855,7.991411088851434,10.379892455315925,11.340710886706985,0.9
2578,9,129,11,47.02273163277242,31.183483971631862,47.02273163277242,37.16440569736988,26.502141984906938,33.172653769404306,35.60893595085056,38.98469600252937,0.3
2578,14,190,16,47.02273163277242,29.751419332860344,36.26133095061114,33.773384972834776,4.21691806469413,32.50908205215018,34.6345569478843,35.28589481056256,0.4
2578,19,238,21,47.02273163277242,29.592449948247296,34.340285431011374,31.98812071073249,1.960048953779502,31.352315208989644,32.336086863011204,32.651699969714016,0.8
2579,9,114,11,18.75909333107672,13.429542788946746,18.75909333107672,16.48714553961461,3.05093119893308,14.975886808025539,16.53439495088604,18.10725986090072,1.0
2581,9,112,11,51.83022094723873,31.83374189531891,51.83022094723873,38.25276086724153,28.070621184998306,34.37995125302197,38.03557216358716,39.38179269163823,0.6
2582,9,102,11,36.536886293280475,26.44281468559524,36.536886293280475,30.580717004559546,6.621643545626829,29.31712056128347,30.874048695766383,31.352903217239366,0.7
2583,9,114,11,27.624899358082033,9.9254750999248,27.624899358082033,18.85843530754672,21.596466651985907,16.526425189320406,19.75579500485597,20.467582492913202,0.8
2584,9,114,11,20.511281287341145,12.187282301352498,20.511281287341145,14.406474954006901,5.8079579241346195,13.208216503260429,13.461384442734314,14.221592253188675,0.7
2585,9,123,11,16.171396121867858,11.898593273806274,16.171396121867858,13.013355185746189,1.5250932604532885,12.144583170340255,12.73192640107992,13.056167178633412,0.8
2587,9,96,11,40.49960990040624,25.24787408134923,40.49960990040624,32.09220242174813,27.994714219412792,27.71331462881009,30.279062927434794,36.99372280199968,0.7
2588,9,95,11,20.84119984409912,14.8816148376496,20.84119984409912,17.320253755359552,2.566295933094133,16.094763370890814,17.31134168750884,18.22413698726588,0.9
2589,9,104,11,18.59549441618643,6.253425560355116,18.59549441618643,12.101208948179575,9.548023247142941,10.616297726073043,12.05504822043528,12.789961835979708,0.8
2590,9,120,11,29.76752003266634,8.389588425406789,29.76752003266634,15.946108331890372,51.40743984262584,11.259231011024795,12.653502380383536,19.406385843948083,0.5
2590,14,168,16,29.76752003266634,8.389588425406789,13.247120251992332,11.347135634957548,3.121178985166751,9.645789895753474,11.73307956662449,12.954882661922746,0.9
2591,9,127,11,10.84438327074881,8.169796585788069,10.84438327074881,9.307100672111662,0.6422317895986674,8.744198689574832,9.2025532083927,9.868393231837334,0.8
2592,9,123,11,13.88761238596447,5.6354479364557655,13.88761238596447,8.707647850761793,4.271564682397361,7.560299844220511,8.846812891834226,9.219865516802574,0.9
2593,9,116,11,23.67224991508887,18.104329724373756,23.67224991508887,20.803140996514347,3.506819681327387,19.341649921341737,20.099969937782035,22.19172309689514,0.6
2594,9,111,11,9.995709399349504,4.49110334272039,9.995709399349504,6.692581295291722,2.3031365847006726,5.883483317372249,6.232279993939554,7.47680869989603,0.1
2594,14,159,16,9.995709399349504,2.7178468763745776,6.028865875515267,4.907758565749917,1.0186911647572958,4.584905789434956,5.097785399310531,5.708269897034059,0.6
2595,9,117,11,20.247444497267043,17.237847884029847,20.247444497267043,18.702878347541976,0.8780282558481755,17.921000371264547,19.113342110149013,19.245133606841893,0.5
2596,9,112,11,5.744882810026396,5.744882810026396,9.260207573431874,8.059932426258076,1.9012618931704464,6.998608371946732,8.822706693931071,9.136378459581485,0.8
2597,9,115,11,13.688720445996337,10.90342226877649,13.688720445996337,12.118794905525004,0.883187141985551,11.179835112754855,12.454072153004214,12.808605059024764,0.9
2598,9,120,11,19.605599042129214,12.815778466253828,19.605599042129214,18.1875436075211,3.8928274510544014,17.838535805183955,19.14941966344652,19.37685884707306,0.9
2600,9,106,11,36.531012228215005,33.23328010554155,38.84967432275691,36.915679639608,1.967556700651708,36.604511018575565,37.0843915713705,37.49589107966857,0.8
2601,9,127,11,19.990619300634933,14.923798720314421,19.990619300634933,17.01498227812424,2.4779332301999313,15.812245634419753,16.876747803658436,18.127558951141026,0.7
2602,9,121,11,20.988712349341288,14.65556322539705,20.988712349341288,18.1728982185098,5.1340505572516255,15.948073707564582,18.68592848620964,19.89076142200446,0.5
2605,9,133,11,32.3450689572093,23.204537612075505,32.3450689572093,26.536730048065515,6.9185488688304755,24.707325102124,26.194649331685643,27.337155953084874,0.5
2605,14,193,16,32.3450689572093,23.204537612075505,26.832850129288484,25.5126454427424,1.5312189798514024,24.707325102124,25.856794671371517,26.665145327019736,0.5
2606,9,126,11,28.845167431315225,11.515186252500364,28.845167431315225,18.168291940603552,17.312357133826175,16.91235262164904,17.82908087095539,18.063278858143725,0.8
2607,9,126,11,9.992325805504702,5.8037063464103005,9.992325805504702,7.735083443735903,1.5641092635034939,6.628316103055769,7.86189933630805,8.65323721970513,0.7
2608,9,108,11,11.461268753171634,8.47558626504592,11.461268753171634,9.810325256900528,0.756261595110508,9.18336780256771,9.719754077114764,10.416624144293795,0.9
2609,9,124,11,18.741669120606616,9.090304038265515,18.741669120606616,13.44397874819656,6.69327456531515,12.099277324961044,13.681315071845946,14.36404110002831,0.8
2610,9,108,11,51.17495094019438,24.746914339446896,51.17495094019438,30.762688384342,52.705953074584485,27.052231315935668,28.66688366005312,30.750282523391924,0.8
2611,9,113,11,47.005721479981744,35.58975874252824,47.005721479981744,43.65836302734671,12.457457842346741,42.39158475405723,45.329220597238326,45.914956866918516,0.5
2612,9,111,11,10.099562057466189,8.32524465863765,10.778562373419136,9.755009931162103,0.5373767850769354,9.343564293547407,10.025598173282635,10.151938091435358,0.5
2613,9,141,11,20.69430279401586,8.90958894347854,20.69430279401586,12.79604654842343,15.928830898333093,9.442245733397623,10.94412175136068,15.315283085126776,0.4
2613,14,195,16,20.69430279401586,8.90958894347854,10.75541732670483,9.738165686681103,0.36806203940597415,9.247535921729034,9.641938022126332,10.126836195934338,0.8
2614,9,134,11,13.384268318977728,12.305667696434945,16.090073883467802,13.880551250583636,1.451098405538194,13.048481934486734,13.384268318977728,14.984718161056847,0.6
2616,9,123,11,16.81102754767354,12.878293386694395,16.81102754767354,14.349595217193222,1.2431061573906688,13.428643066024511,14.600354085596926,14.839358409725902,0.7
2619,9,125,11,11.50320647008526,7.5321492446123735,11.50320647008526,9.18800615625472,1.7442962276351472,8.108662055754706,8.955717050622718,10.346186034851609,0.7
2620,9,104,11,53.91787944319656,24.932688282786444,53.91787944319656,38.56157441688896,52.82348849285103,33.94306528621482,39.50270009126646,41.441512101572926,0.9
2621,9,113,11,30.12006212494684,24.70094604898526,30.494300211370756,28.572714945477816,4.051980325614102,27.540915070456883,29.66377522588651,30.12006212494684,0.8
2622,9,113,11,30.079401818630785,19.014795095902954,30.079401818630785,22.943005936640596,16.455786168394877,19.676456131392648,20.78267684006681,25.33684426625074,0.6
2622,14,174,16,30.079401818630785,19.014795095902954,22.810750434213798,20.827334851492672,1.6417869776156533,19.676456131392648,20.78267684006681,21.841630709249333,1.0
2623,9,122,11,8.26242242368661,7.6083508926999865,9.117739765300412,8.39372575733449,0.24977243273258226,8.111684273009232,8.26242242368661,8.899158267801013,0.7
2624,9,101,11,21.517431266458033,8.12072255925443,21.517431266458033,13.132150432707443,18.77090072277992,11.353525355387838,11.680461138751198,11.973217408672562,0.8
2625,9,111,11,11.331534177190425,11.331534177190425,14.331334253826537,13.01903899363002,1.1348413956863532,12.412814324541367,13.126928305982153,13.952572280220686,0.9
2626,9,108,11,19.27820035955768,14.439061937019222,19.27820035955768,17.467100122152196,1.5954822783329032,17.115762906165486,17.478369663356325,18.0006686998635,0.8
2627,9,112,11,31.096903370651702,22.53461152692125,31.096903370651702,26.860753737932964,8.000604575209973,24.885183962066897,26.612781401210363,29.192885333810658,0.7
2628,9,119,11,5.5700579180351575,3.986651422177801,5.5700579180351575,4.817130539252681,0.2414450085418549,4.544425446320009,4.83888526918768,5.136759230846383,0.9
2629,9,124,11,25.63237219265022,10.197954470957855,25.63237219265022,13.374657360958475,20.870991691288182,11.047116394860765,11.361507092044526,12.55398680937053,0.6
2633,9,122,11,16.463360235741355,12.590126823608838,16.463360235741355,14.157057981595253,1.0364341002583157,13.683714005281843,14.131026434089968,14.603033396211805,0.9
2634,9,117,11,24.88445990714017,20.602614422600297,24.88445990714017,22.925127220120704,2.2505999681085127,21.81415971084744,22.6126950806457,24.55650889800655,0.7
2635,9,127,11,20.896994058298695,8.470050090057558,20.896994058298695,11.648367823017754,15.428618496075677,9.19972724913441,9.79383338545047,11.902237985662929,0.7
2636,9,124,11,22.72038509563172,15.191265416863233,22.72038509563172,18.087594541910505,3.7730463864953108,17.95633650619265,18.124045212534355,18.340431230739604,0.8
2637,9,122,11,15.416609854276544,7.874925363575982,15.416609854276544,10.905721384799461,4.204906917394927,9.545094594948594,10.426598006915825,11.574541106435742,0.8
2639,9,108,11,22.613933062694453,12.421760856823555,22.613933062694453,19.64811853883209,11.852934657596709,18.8706077389207,21.21700128616564,22.0236757244828,0.7
2640,9,134,11,28.968690335944192,24.242246259371175,28.968690335944192,26.49733767789545,1.9301377179071366,26.0117468624196,26.299209244976364,27.322873250425165,0.5
2641,9,130,11,73.7073615003338,53.605307177485045,78.31458903622308,69.7750810327733,53.55968914824399,64.79998685068682,72.69851077547722,75.5166228319656,0.1
2641,14,183,16,73.7073615003338,48.298917250436475,71.68966005062063,59.64105993995647,41.33575961608317,56.379490587108066,57.936142009661864,64.38634580404042,0.6
2642,9,122,11,10.512941248560818,8.227497077043925,12.661914264069473,10.92095805442388,2.355133615725033,10.512941248560818,10.872141400162779,12.352837450011432,0.7
2643,9,119,11,47.6180549006192,18.093364271124585,47.6180549006192,29.427806362547397,110.48259122406827,20.445893955927446,24.644628796650373,38.41752029966194,0.4
2643,14,152,16,47.6180549006192,18.093364271124585,23.78752777151163,20.81806698132217,3.163011262570413,19.498508222446254,20.889896304375473,22.162641460355196,0.9
2644,9,124,11,52.07011345272411,40.40144698431909,52.07011345272411,44.25862963961331,8.416377433393288,43.03627581041333,43.485914545144375,44.23038209778534,0.8
2645,9,131,11,72.72206171748094,31.857654987246697,72.72206171748094,54.59480721342969,189.48251368045248,43.50703591279133,57.92408380250018,65.88815165042347,0.3
2645,14,176,16,72.72206171748094,31.857654987246697,57.787697893161244,42.27473612056031,57.31003840456717,38.805894082715525,41.12363715045724,42.076082569340095,0.6
2646,9,91,11,10.569811878195159,7.907728038713224,10.569811878195159,9.228620014833592,0.6750453015711428,8.842184034061379,9.040999951059817,9.779438958425033,1.0
2647,9,117,11,6.576916844469842,5.069573538807283,7.679308272374842,6.85836549434149,0.536813857798972,6.5796811405254,6.843360478178502,7.418143257520342,0.9
2648,9,128,11,20.676387031699228,16.22534489213983,20.676387031699228,18.36455919931051,1.5729467123663192,17.5241608453722,18.47024313732129,19.040366334717426,0.9
2649,9,133,11,7.40779718530513,7.40779718530513,12.078816321060245,10.213545928113312,2.9424468650741336,9.362495523569125,10.67930066631495,11.642207343306392,0.4
2650,9,117,11,25.737870281277218,8.843521583488357,25.737870281277218,14.652365995194444,31.509996535670417,11.458915660988685,12.571111182269414,13.799323202038877,0.7
2651,9,121,11,26.548558288409232,19.7886813247311,26.548558288409232,23.581005871494245,3.602190638089849,22.48931198007699,23.291833865687416,24.77301800245477,0.7
2652,9,127,11,28.42126977422115,16.882860314220515,28.42126977422115,21.967062320290545,7.069595043883517,21.248431752579613,21.62279933055875,22.288266581027607,0.9
2653,9,127,11,18.629897221108884,12.031265061150615,20.80815228410802,18.47526727190708,7.089682208565575,18.629897221108884,18.975525810359386,20.539481315938723,0.5
2654,9,134,11,20.075218302659657,4.3972936928571205,20.075218302659657,10.307872922133944,27.679778030179268,6.8949831511876365,7.9776398785191205,14.029370074274375,0.7
2655,9,117,11,45.211043597658545,36.832173550906745,45.211043597658545,39.62497929958764,5.323158874883171,37.87672907689008,40.0072216341388,40.313761160904185,0.0
2656,9,108,11,15.631466028801064,13.092334150994555,16.968720456923165,15.518242924328472,1.1894008050920093,15.053287627928244,15.631466028801064,16.354456916349367,0.9
2658,9,103,11,9.047335745578629,5.752156953326641,9.047335745578629,7.316668989141448,0.7894023665254613,6.947708673106476,7.086528207876171,7.760257554371466,0.9
2659,9,129,11,31.01688756434153,28.687614046081695,31.58283896344736,30.839661639171936,0.5581000455225814,30.86635661448625,31.022277703362548,31.150893190547716,0.8
2660,9,121,11,43.51166548787248,41.68040080296166,45.62276151451469,44.04221237410343,1.290915871001387,43.51166548787248,44.080938885514726,44.86434154190003,0.8
2661,9,127,11,14.616347665179791,8.515355573055501,14.616347665179791,12.00570553172961,2.4888215526447484,11.50166463790694,12.262922004093944,12.810818935986209,0.9
2663,9,128,11,56.60919887184633,25.626805961440873,56.60919887184633,37.699005033224395,141.5012681226304,28.090696986652762,31.000593335033038,48.16658416616548,0.4
2663,14,185,16,56.60919887184633,25.626805961440873,30.013719022296463,28.012674685589104,1.2440453832560356,27.477121702012496,28.04795937347987,28.741343031875925,0.9
2664,9,101,11,20.4659748531268,11.894133182581268,20.4659748531268,15.724532170872916,5.538600368813233,14.291226477293515,15.606443396436548,16.52246840824034,0.8
2666,9,128,11,6.7203077079786135,3.498039155234322,6.7203077079786135,5.007604767303967,0.5779264793718095,4.780661119303765,4.943998504139517,5.229634768018629,0.9
2668,9,122,11,59.395696618259336,23.97739388877325,59.395696618259336,34.666564927952095,134.5422468666536,26.089751132113975,29.11774813513611,40.445545487198935,0.5
2668,14,165,16,59.395696618259336,23.97739388877325,30.669528102415775,27.41115353060521,4.750298991221289,26.089751132113975,27.477747946760957,29.16181174341464,0.9
2669,9,120,11,10.281860994098516,9.587605062102632,11.354632901522304,10.436621391054997,0.3547421668572871,9.933252673940633,10.281860994098516,11.01295273785851,0.9
2670,9,126,11,15.226821044351471,10.251580722309445,15.226821044351471,12.435710002817707,2.570877912441321,11.48877032034698,12.134018456367388,12.827213289888725,0.6
2671,9,120,11,45.10546846766606,45.10546846766606,49.45531867953359,47.16294022141263,2.315875740153363,45.964092247056804,47.240154955264785,48.4676636895348,0.4
2672,9,112,11,12.839554187540346,5.980761180244606,12.839554187540346,7.966803616578856,3.519523338218376,7.099442641482166,7.254110058035221,8.527416476118173,0.5
2673,9,117,11,30.59255750841986,27.073449314901822,35.96112383971646,31.672017727160785,8.250723670656603,29.581600040834925,30.981692675020128,34.21864766405932,0.6
2674,9,111,11,27.36382945968211,18.941514957723584,27.36382945968211,23.217458114220108,6.184031436926719,21.365494219395064,23.578831421428646,24.35828187193711,0.7
2675,9,113,11,21.890920137735318,18.493534227619676,21.890920137735318,20.263044575814533,1.3168098567012512,19.42108902623732,20.005568232773193,21.362550281902053,0.7
2678,9,130,11,37.1265526454666,10.586343361433222,37.1265526454666,23.15206339151085,71.16871102197551,16.240838272136514,22.447781930632736,30.24522934169557,0.3
2678,14,180,16,37.1265526454666,10.586343361433222,20.062468603394084,15.209001046790977,7.459102181385001,13.6267624621544,15.340660961753585,15.574667427833777,0.6
2679,9,107,11,25.416040167206035,19.90156101360016,25.416040167206035,23.00255590534055,3.4505884048475353,21.24262593331528,23.646482189384674,24.47160695776592,0.6
2680,9,133,11,26.60436890409322,15.253518756886619,26.60436890409322,23.436277999998,10.086135717066089,23.847590750094668,24.462792337376335,25.192527260878727,0.6
2681,9,113,11,4.447889338303906,2.9715032529964924,4.909680636113954,4.2659560862369785,0.2744139130536218,4.045390177376548,4.447889338303906,4.554602000698546,0.9
2682,9,75,11,12.600400013971415,5.464036710096204,12.600400013971415,10.073894672679932,4.405928561138598,9.528658235857607,10.66717411919268,11.540488514242936,0.9
2684,9,114,11,29.84736646317016,14.089473575126462,29.84736646317016,19.3462685713238,20.869705916483863,16.41724755045349,18.27797800014494,20.685778787570882,0.7
2685,9,109,11,21.216085606753115,14.62991113363912,21.216085606753115,16.83462504801295,3.9767181574569848,15.492610704241805,16.277147248938697,17.170464846543005,0.8
2686,9,94,11,4.036570587890014,3.472895032913793,4.197708635716604,3.904879685822098,0.05638036406883601,3.6880508119177025,4.031049599192724,4.036570587890014,0.9
2687,9,116,11,18.603444979952634,15.351803288220118,18.603444979952634,16.926912859502565,0.6750849098549943,16.55930421786059,17.11764716035416,17.259004384470295,0.9
2688,9,123,11,29.202477161102756,8.949050646025139,29.202477161102756,19.199968230313246,28.571879003284913,16.552138281624103,20.30565227198827,21.788604838130773,0.8
2689,9,106,11,3.311818438527802,2.2776468608667275,4.236877839917915,3.4155877168864124,0.4617780183855681,3.1009187670160108,3.4438446293455707,3.9987464803680393,0.9
2691,9,144,11,50.820316654270144,40.986083459573436,50.820316654270144,47.939604507156545,11.812002843914206,45.84762516299769,49.869105566713856,50.40095495530021,0.3
2691,14,187,16,50.820316654270144,40.986083459573436,49.714710917243295,45.119821266804216,5.452677648395155,44.158224866354985,45.06436878205746,45.31277348241048,0.8
2692,9,85,11,34.01574819648604,21.864821555005726,34.01574819648604,27.487929522345468,10.444952971650396,25.08207229976209,27.85668628635576,29.076224750695904,0.8
2693,9,113,11,7.889273635429729,5.428604592905849,7.889273635429729,7.0779425806602845,0.5865671750886554,7.1994006030948015,7.351772641244764,7.461115244579196,0.9
2694,9,122,11,6.319492515132292,4.605136585784079,8.20023066629104,6.998345299586328,1.1513927294117323,6.319492515132292,7.36221466186498,7.789484833971119,0.8
2695,9,101,11,23.47867737108583,12.315201746295884,23.47867737108583,15.305577769546005,9.912536444120894,13.623940777471994,14.485359270782816,14.842037630594138,0.8
2696,9,127,11,31.401478269224846,0.5873741355891479,31.401478269224846,15.036691341426197,55.21335408796436,11.99801311395301,15.14018529086979,16.953780281461903,0.7
2699,9,138,11,22.56410721960023,13.506313676091189,22.56410721960023,16.177803131942653,7.4096410691843335,14.149220043145053,15.512296125274,16.785125736820184,0.7
2700,9,136,11,19.406275421091035,13.829496859940342,19.406275421091035,16.751865450121812,5.203432189010377,14.438455075776751,16.784037717603532,19.047359705825443,0.5
2700,14,198,16,19.406275421091035,13.829496859940342,16.335671617082877,14.844145201438664,0.7654522064696926,14.166094409539658,14.63592528497112,15.35211141145098,0.9
2701,9,99,11,28.16469086033989,17.64485985719214,28.16469086033989,23.658277725438996,6.8893973713612855,22.529807863202038,24.458185507435363,24.900373164417083,0.9
2702,9,92,11,43.86312995406829,21.18857376227588,43.86312995406829,28.427255700153516,36.28421490798146,24.487893222466294,27.163098865877963,29.60455963704952,0.8
2703,9,129,11,9.150742134959149,4.170426904189679,9.150742134959149,7.060733699999581,1.4549888613346824,6.709807821954666,7.115301929599733,7.5267052569387465,0.8
2704,9,107,11,39.348543468624634,32.66319200619595,39.348543468624634,36.5972604811741,4.0978024973567475,35.436871652210314,36.835971566669414,38.33448022715224,0.8
2706,9,95,11,25.126182543671558,10.98266778939225,25.126182543671558,16.428072245371055,13.973696848067547,15.399930965931038,16.36505186865602,17.565294226330785,0.9
2707,9,114,11,30.625174467499946,21.22425242672368,30.625174467499946,24.88008458178428,6.806152735883112,22.998523763915458,25.121553365036192,25.98607828148863,0.3
2707,14,170,16,30.625174467499946,17.499269437081125,25.075601694426805,22.629737879233573,4.406741090608565,21.710103842203793,23.02619772361323,23.976262933837216,0.8
2709,9,127,11,32.95182003754809,18.760554456702735,32.95182003754809,22.798578514816633,16.623169119154486,20.244787534803315,21.74190011391425,22.36057398317591,0.7
2711,9,114,11,14.726289896710666,5.783006517973806,14.726289896710666,11.560450614246124,9.68870788210166,9.275724647156444,12.968658376244072,14.131168839949312,0.9
2714,9,123,11,32.85338045914481,19.56821240341471,32.85338045914481,23.348617114794287,15.566238418990286,20.69612500610876,22.656309465202234,23.122149512288775,0.8
2715,9,111,11,58.995187505822464,26.81796310599114,58.995187505822464,37.58844533119752,110.4535892839712,29.363983716715474,34.019485497639096,41.84348821935684,0.7
2717,9,132,11,38.301408988708694,14.76295335603849,38.301408988708694,26.85664713999274,52.50982300768351,23.037798094058857,24.32732141846113,32.6247419020599,0.6
2719,9,116,11,27.193356300168887,7.894225452191133,27.193356300168887,12.268086159055212,31.736156907605114,9.05030382491903,9.955140173786251,13.44673217274098,0.7
2720,9,108,11,24.791204181735615,17.14006970573392,24.791204181735615,22.046319791426196,6.600516685841955,21.748566597246015,22.661469436553187,23.850419567767972,0.9
2721,9,122,11,8.327520485970599,4.1946636863129365,8.327520485970599,7.093644181762168,1.3694861801548028,6.597205097328255,7.364598443975497,7.967135992674891,0.7
2722,9,108,11,24.316432118466366,11.648581212054708,24.316432118466366,15.18231898664719,17.10638561785641,12.198750605424667,13.66088419747767,15.742372202020407,0.5
2722,14,151,16,24.316432118466366,10.535517277157208,13.19980053642461,12.109376536181092,0.7228482522479545,11.667335507809957,12.191457329098512,12.818842769310976,1.0
2723,9,106,11,5.663375618399041,5.663375618399041,8.293087358037996,7.312470629908743,0.8883128081353548,6.962349078523824,7.6028066587002545,8.13441374483198,0.9
2724,9,72,11,18.446859161458146,1.652625967343599,18.446859161458146,7.881190385664647,23.019057547494185,3.7496271178038323,8.15613212794697,8.872979820941442,0.8
2725,9,115,11,26.947297787652197,19.003921892490364,26.947297787652197,22.82595808309772,3.5187632533267483,22.2227991311836,22.732041965653636,23.316659466018866,0.8
2727,9,129,11,9.170426966577335,7.35301835020805,9.170426966577335,7.871337363645379,0.24984326430070838,7.545797944940295,7.779546410257368,8.011015239025568,0.9
2728,9,133,11,47.80270890582149,40.33533450550743,47.80270890582149,43.44856796705884,6.854008914801893,41.78072482883773,42.13771819344663,45.90223594649681,0.3
2729,9,129,11,18.304760139224936,4.688366188287443,18.304760139224936,9.662879603095151,12.815705851262232,7.5398889902798,8.39869380539382,11.455871619631896,0.6
2729,14,174,16,18.304760139224936,4.688366188287443,10.381392184223854,8.347686717616078,2.632636136271411,7.5398889902798,8.39869380539382,9.633487004773958,1.0
2731,9,106,11,22.52353749305847,8.957785485257372,22.52353749305847,14.936569065050623,11.34965108802546,13.371183808805437,14.420322945309831,15.401061205475328,0.9
2732,9,135,11,35.515511417476226,27.95185046543981,35.515511417476226,32.76169179348908,4.948767170802515,31.59100883682451,33.1777563612399,34.16516131446555,0.7
2733,9,133,11,65.50974500979513,31.53358043960349,65.50974500979513,40.76290150794067,98.66893845000477,34.257598081216614,37.296148260156485,44.92582987710266,0.7
2734,9,116,11,15.457870294122888,10.007735394988732,15.828727439974214,13.536598265685367,4.666970962419264,11.702083551506597,14.289681001909344,15.457870294122888,0.7
2735,9,93,11,33.12464413855741,23.760784729062507,33.12464413855741,28.430686623602746,7.861563254044055,26.699092612990107,28.353394588348195,30.643498456147075,0.9
2736,9,106,11,20.421269257205598,15.84987334685392,24.263683616832694,21.182516317251224,5.508447729346628,20.421269257205598,21.160169478827434,23.156301991370047,0.9
2737,9,90,11,3.718308333962029,2.6405226890862226,3.945097988321664,3.3779192092315724,0.1396247546543756,3.1856939547968297,3.437793075284975,3.675420956606276,0.8
2738,9,105,11,15.229742629985342,8.436278468545536,15.229742629985342,13.350257708277265,4.465212685077008,12.380642270376892,14.34033843813458,14.823525592048588,0.6
2739,9,136,11,27.706159364999994,4.338131508989733,27.706159364999994,13.786225317416427,48.3411394416938,9.878731329627199,12.375478548697892,15.200949592751437,0.6
2740,9,112,11,18.169488008623304,14.324259284233955,18.169488008623304,16.77214583811545,1.3354965862244297,16.048335322976648,16.9657357763707,17.62535554312664,0.8
2741,9,107,11,29.596340750445414,22.78150022677762,29.596340750445414,26.03394464206003,3.5677898749879526,24.893049555456123,26.022084487781434,27.101442607503085,0.7
2742,9,141,11,67.10710016701294,27.332457525368266,67.10710016701294,52.86598758731488,152.6475845788147,47.014242612152735,57.3057079866105,61.32342825212374,0.0
2742,14,203,16,67.10710016701294,14.181099978529328,53.61547339623074,30.244325666645075,212.79552730097197,16.555694583211178,27.050658171478894,43.46464220354381,0.4
2742,19,251,21,67.10710016701294,14.181099978529328,26.768858817589525,18.39569614781566,11.262421830322413,16.555694583211178,18.38147713371908,19.263380142486366,0.8
2743,9,99,11,15.587112971367226,5.8170242444819085,15.587112971367226,9.417607194338126,7.2776679011573595,7.703175862203536,9.213441044417765,9.706378436116534,0.8
2744,9,126,11,17.542745964121032,12.435125444277134,17.542745964121032,14.821006473874032,1.6745974070127159,14.249439271361108,14.983122575726654,15.263464794834878,0.9
2746,9,111,11,13.3444677081737,9.043121794772858,13.3444677081737,10.700407655421198,1.3804464436075026,9.852995211920971,10.511095945913,11.407881767113317,0.9
2747,9,123,11,29.519246884194025,8.573502332178279,29.519246884194025,15.312551905452759,44.448085944614355,10.056370504626997,13.438600411423305,16.336519883724606,0.5
2747,14,175,16,29.519246884194025,8.573502332178279,14.283905762684768,11.978295837969526,4.04791960651984,10.056370504626997,12.722252916153295,13.525585916303976,0.8
2751,9,127,11,59.45316496134746,55.331166437204004,59.45316496134746,57.80011636046562,1.9668518291281853,57.00294624192024,58.00289194306261,59.12463394751251,0.4
2752,9,113,11,14.773456229949552,9.071741560905672,14.773456229949552,12.809776148566204,3.1336480355591907,11.637754799292656,13.419592365550418,14.165993613877529,0.9
2753,9,87,11,37.98259151139722,17.717693024016388,37.98259151139722,24.089103990754978,35.79592501560349,18.885590050803845,23.862121921380265,26.811025938681347,0.9
2754,9,129,11,36.1339804354305,24.839401089297766,38.49444181024931,35.30483007180778,16.939236153308535,35.98191592142902,36.71342686372316,37.867140835330176,0.2
2754,14,164,16,36.1339804354305,24.839401089297766,36.27877143676773,32.91849726496722,17.439525653956363,31.018862958852047,35.338794147909525,36.115691458897494,0.5
2755,9,118,11,14.508697266570262,12.89401031844237,15.925629396702906,14.164092915377125,0.8373623825830242,13.305452412968776,14.385406216822737,14.508697266570262,0.7
2756,9,127,11,36.568535970744975,36.525875530423846,39.178593467133496,37.56405005460981,0.9561347991167773,36.58460294732059,37.44504493155531,38.419758778270214,0.7
2757,9,108,11,13.672726399923082,5.945036791334455,13.672726399923082,9.035492890948946,8.530320355176439,6.424836899141742,7.7581779048725155,11.170012060255802,0.6
2759,9,102,11,33.13019661786221,30.00352225651904,34.80587529063129,33.5504441598075,2.041802482473405,33.13019661786221,33.95906969491098,34.70857383689656,0.9
2760,9,113,11,26.603029994526203,17.511203451813174,26.603029994526203,22.44503357476486,8.873580714913425,20.502433871561067,23.272756658810827,23.84073059277294,0.8
2762,9,126,11,17.396909777620913,7.782084065790419,17.396909777620913,9.808732416505986,6.63110323558453,8.9529491787909,9.227120607424467,9.37162663134332,0.9
2763,9,104,11,33.29167254255579,4.323629386187518,33.29167254255579,18.030508287414296,51.70453340053575,15.099277194818743,18.50538239409002,19.75359886681086,0.8
2766,9,97,11,21.303975737964578,11.835817053316825,21.303975737964578,17.496810616688908,6.682495826150344,17.124667664902844,18.018885355491342,19.00621310998543,0.8
2767,9,105,11,14.895378895616792,3.721783924287183,14.895378895616792,7.860055421432665,10.808480725936995,5.7082583781522676,6.825528592391258,9.714321632199463,0.7
2768,9,108,11,15.375301874337971,5.4206381970913835,15.375301874337971,9.363966145581829,9.362775467151305,6.953221909812937,8.761852989968727,10.401018844250432,0.6
2769,9,93,11,32.320385472470406,19.512941669825416,32.320385472470406,29.24390703710585,12.09183987286918,28.998893485250534,30.173610883303603,30.755510233458047,0.8
2771,9,98,11,26.120660977178126,18.66978848725214,26.120660977178126,23.163904628968368,6.042831768699861,22.56724720993457,23.85873127165531,24.968066278996357,0.9
2772,9,119,11,51.21876331575004,18.712079647157374,51.21876331575004,33.95632495824795,133.0745644714945,23.929265213200406,30.703353086549633,44.545421945224234,0.5
2772,14,168,16,51.21876331575004,18.712079647157374,28.070865225815645,25.267117335767345,7.395217105015405,23.929265213200406,26.097093855025154,27.43607474948635,0.9
2773,9,130,11,44.9787475494079,36.1755485634925,44.9787475494079,39.529641797475314,5.411097340384857,38.601827053889046,39.02978171989068,39.43788632408199,0.2
2773,14,187,16,44.9787475494079,27.257839792189227,39.1498200421312,36.71413544631088,11.007246543756887,36.38714810985644,37.67574124211863,38.61858217188203,0.6
2774,9,110,11,20.575425838098713,9.523291208700657,20.575425838098713,11.526093441842846,9.496470252381584,10.189612041679709,10.709465984006904,11.031276900319764,0.7
2775,9,114,11,58.20567554165117,45.03752459497507,58.20567554165117,48.66548774286141,12.997880709463482,46.07365269677386,47.9467056654678,49.559393120366146,0.7
2776,9,119,11,33.04204562738036,27.148773743449702,33.04204562738036,28.845864168455233,3.1800923805511467,27.5412651690456,28.246013381065822,29.457401358602738,0.5
2780,9,111,11,44.53845677946795,41.27146691313891,45.12430825250747,43.77196531614642,1.7576479132462404,43.57066739717244,44.227068731715725,44.540325209963825,0.0
2780,14,170,16,44.53845677946795,21.285583632469706,43.9156806839635,33.980067804958786,83.57953883251308,24.422442441198157,36.286399302173265,42.94294721631971,0.4
2780,19,219,21,44.53845677946795,21.285583632469706,31.301331691207622,24.948284131474544,5.797870054693297,24.07579495998064,24.660378033063942,25.28185424057225,0.9
2781,9,106,11,19.494686758491632,12.016993588573168,21.147312563759527,16.126640617094463,8.959543925834712,13.539338646286758,16.068727527673385,18.74853144725045,0.6
2781,14,163,16,19.494686758491632,11.737193561747112,16.454410108708565,13.946340756119119,2.952956003195789,12.5156019410936,13.424690485387952,15.65349111608789,0.9
2782,9,124,11,20.51184996324367,6.958692946851624,20.51184996324367,11.88003116332912,13.380972064270205,10.12991967338367,10.384675281571973,13.40555981010595,0.7
2786,9,115,11,15.647412872315309,13.042199424195223,15.647412872315309,14.04014334514618,0.6359596430350327,13.52166502557618,13.73400274833113,14.615709697107775,0.9
2788,9,115,11,42.554233076379305,16.5199688079424,42.554233076379305,26.189377972833,78.20329205931351,18.361161196535363,25.138254554974,29.866970623928474,0.5
2788,14,155,16,42.554233076379305,16.5199688079424,24.36476733885414,21.126492899036297,8.971352526984562,18.361161196535363,22.38066906285303,23.94967695420399,1.0
2789,9,144,11,21.538808980692465,20.143822358708753,23.80393772531651,21.98492356403811,1.2109503855336097,21.50903972126907,21.5579324004754,22.950393022153484,0.5
2789,14,201,16,21.538808980692465,20.066129319361735,22.941546398134584,21.32058522343588,0.8019851547355135,20.658647466753678,21.518962807743534,21.567494110366866,0.8
2791,9,106,11,10.680891964613252,5.606259028196688,10.680891964613252,6.86627903480751,1.861217283440477,6.2687157573418055,6.48492881875363,6.784152109180084,0.8
2792,9,101,11,37.789096835332145,14.11427914382623,37.789096835332145,21.300856670047818,46.463640282172165,17.67793917931521,19.368865912895636,20.858389164558872,0.8
2793,9,115,11,17.553879282509214,12.944297533402185,17.553879282509214,15.174483708109761,1.5566814718153763,14.450138624694523,14.848588973331378,16.0274933466672,0.6
2794,9,119,11,17.582222912764237,11.74039243424205,17.582222912764237,14.378201358011092,4.560817467851767,12.756109733079025,13.957993891329625,16.559597257626642,0.5
2794,14,178,16,17.582222912764237,11.457409196621285,13.759631497032489,12.747774452091724,0.7464759534656545,11.86643652879624,12.800769436762835,13.620015985553785,0.8
2795,9,134,11,15.111788646506668,9.86443631156111,15.111788646506668,12.283672442084072,2.6978986582458027,11.23385983606332,12.21472490173381,13.046701308087277,0.8
2796,9,108,11,17.010042940022153,6.859869534879986,17.010042940022153,11.129159999216307,7.02564945549735,10.177247658142127,11.291196134457078,11.561465264041079,0.8
2797,9,114,11,10.018854017060121,8.367350793432069,11.211195473176787,10.150849509106765,0.6592063249969481,10.018854017060121,10.261084195909808,10.532249066059055,0.7
2798,9,105,11,6.189619348364051,2.5996310009348127,6.189619348364051,4.192515174812093,1.1050243837562372,3.439000399082086,4.404498259312646,4.6626067078070195,0.8
2799,9,101,11,10.596309103938147,6.400522817629192,10.596309103938147,9.088768907684596,1.4113093877896428,8.630738068385185,9.407866219254494,9.960142386713752,0.9
2800,9,124,11,18.9616302823911,16.08916544046043,18.9616302823911,17.579769402918323,0.7322821426435541,16.98987695447833,17.42078437026995,18.12335657607794,0.7
2801,9,117,11,18.171887920193516,10.68533634192553,18.171887920193516,14.903374197283068,5.222644253819754,14.483656267236462,15.677293423324308,16.21988474863632,0.9
2802,9,108,11,3.0724951433159635,3.0724951433159635,3.8182854084429034,3.45581080614962,0.08189671179841523,3.1935293617990803,3.434971120607598,3.7552133606643503,0.9
2803,9,119,11,9.9725336039083,9.9725336039083,12.469219424302903,11.337159481456403,0.7904841702944696,10.679907739916313,11.514648182717343,12.08494797180116,0.9
2805,9,95,11,41.60109232768265,14.810765539362876,41.60109232768265,20.848046128262617,53.858437903887804,16.387304357776905,19.49853149270995,21.49474024318339,0.7
2807,9,107,11,33.59138782918659,13.743237222425693,33.59138782918659,20.03525273730462,45.294654478598865,15.32421395299331,16.49574802417053,23.22585591193598,0.5
2807,14,151,16,33.59138782918659,13.743237222425693,17.41993096175635,15.638535985023006,1.1182318426155589,15.32421395299331,15.66734345093831,16.160245970532667,0.9
2809,9,114,11,11.897977909131694,4.125751700627514,11.897977909131694,8.202739045094788,4.476765871943848,7.639623283011776,8.595194303269682,9.404932891683409,0.9
2810,9,116,11,26.77521008224462,19.694533406604272,26.77521008224462,21.795342083681575,4.310831028093177,20.284460084860264,21.4435911939739,22.28616702203263,0.6
2811,9,97,11,6.043414118270537,6.043414118270537,8.870619065246965,7.539844749473976,1.0300023185039517,6.616378425379299,7.921853234801002,8.40280665973566,0.8
2812,9,119,11,31.736840096192005,23.635740403943263,34.20052340066273,30.190900641380722,9.83671690924469,28.259042299857292,31.4254905849641,32.004175772113896,0.9
2813,9,111,11,17.455302344337408,12.347051423989424,17.87017365848457,16.122727092160492,2.737595467304004,15.154367995136063,16.655548250417596,17.428093552976662,0.8
2814,9,116,11,55.55955523631259,35.91692407467865,55.55955523631259,44.99631311361732,23.462513302568485,42.46291510018192,44.91550272782432,46.31719429125229,0.8
2815,9,141,11,21.273142237480474,17.875910268954687,21.273142237480474,19.649422096170202,1.7467765579366663,18.312023232010052,19.827967320649588,20.96933603347906,0.5
2815,14,195,16,21.273142237480474,14.700654448738081,20.05190435445248,18.294932176397474,1.9375372313460464,17.884583813469273,18.488905159985144,19.193891875670325,0.9
2817,9,93,11,29.529258548214585,11.955893910317652,29.529258548214585,17.83331979542581,22.595667507527523,14.537950940640712,16.40659001325334,19.88361053920494,0.9
2818,9,120,11,60.600910189869126,31.180901346124642,60.600910189869126,43.06484187398049,124.79522521008587,33.06232822442782,40.1841852232473,52.061544102500335,0.4
2818,14,168,16,60.600910189869126,31.180901346124642,36.40312379992359,33.1281973143429,2.3656013878839808,32.04402732785494,32.944339153950196,33.26641103227471,0.9
2819,9,116,11,22.311772488813197,12.53708596248825,22.311772488813197,17.86027995789548,7.076774214149869,16.491657217982482,18.251480254263747,19.71199532837842,0.9
2820,9,129,11,25.483014584388275,9.063775525776016,25.483014584388275,13.113527141102185,19.80287796725169,11.057147347055533,11.863206424173246,13.520246034770551,0.7
2821,9,105,11,37.21204214869064,33.60013860963269,38.80698181671649,36.74749617676957,2.268091733100943,36.59626001026322,37.21204214869064,37.463672524709395,0.7
2822,9,104,11,18.93012004118293,14.056947828404292,20.390773625637543,18.007141106851794,4.770064231195549,16.208120684297395,18.93012004118293,19.81850144705109,0.8
2823,9,124,11,23.977331782866315,15.020730703001535,23.977331782866315,19.569782400228956,7.550493563452828,17.439811703507157,20.080269107761318,20.976074643565383,0.5
2826,9,95,11,18.464421514993838,13.153864062756256,18.464421514993838,16.591146593864853,2.068530917378353,16.134194748622978,16.73770110254424,17.48632440875337,0.9
2827,9,106,11,34.46434584242057,19.231403695238676,34.46434584242057,30.025492830427993,14.832106318092679,30.018928542902522,30.445737320815052,31.85790962224129,0.8
2828,9,124,11,39.18270099726733,28.45734862077512,39.18270099726733,34.02120581326447,13.629082398294496,31.007237253285815,33.489428638128416,37.59253940564036,0.5
2828,14,190,16,39.18270099726733,28.45734862077512,34.62882128714231,31.240276718343182,2.6085526984196377,30.485745298283316,30.94986689134086,32.24153929915799,0.8
2829,9,105,11,19.404305988344696,14.459223415876004,19.404305988344696,17.04055964315191,1.7361684274621045,16.921833623528187,17.06935775505375,17.47117635735698,0.9
2830,9,104,11,21.880061729670167,18.593771784305773,21.880061729670167,19.797648669839496,1.275560819720791,18.720749742540924,19.69457134945246,20.318819772116548,0.8
2832,9,111,11,9.738331828797556,8.417793287430401,9.738331828797556,9.050979181697672,0.16115665605568322,8.816447858106388,8.973202935307999,9.178027969136197,0.8
2833,9,123,11,15.331995334943144,4.711726345171645,15.331995334943144,10.537696314289374,10.398552800211672,9.812849041526704,11.228242986092603,12.02065746811466,0.8
2834,9,142,11,33.87644851459157,25.531765276309137,33.87644851459157,28.932418876396106,9.382052968209582,26.6017571611781,27.558508665181023,31.25122736132453,0.5
2834,14,196,16,33.87644851459157,25.531765276309137,27.974810011692696,26.920824710725547,0.638092405919759,26.6017571611781,26.971857495566937,27.62839328120336,0.7
2837,9,119,11,9.224867921341486,3.699623536056166,9.224867921341486,5.444704649508053,3.2632470071768402,4.038008669865011,4.94760499499847,6.075071389423862,0.7
2838,9,112,11,18.164460228193747,8.141315170723573,18.164460228193747,12.145149131028635,7.887007723546615,10.965913545249254,12.010788518528058,12.4010578230526,0.8
2839,9,123,11,16.865220784178995,10.740115499764261,16.865220784178995,14.599760119568506,2.8991604886871625,13.682979845609992,14.752618231625393,15.954548091291775,0.9
2840,9,107,11,13.001384434730022,9.357355107187981,13.178562706584263,12.383828197138552,1.2174658495013433,12.359081647366327,12.912572593759922,12.982287949663576,0.4
2840,14,156,16,13.001384434730022,9.357355107187981,12.910265757959685,11.93735383033606,1.1614405447584741,11.463076241428027,12.32590596191486,12.823222414398767,0.9
2841,9,133,11,19.263360989141148,14.7206773048251,19.263360989141148,16.471926756640986,1.724686278720864,15.324179745843184,16.368658749326435,17.298212679515487,0.5
2841,14,189,16,19.263360989141148,14.20490618259718,16.286444281491768,15.55545000908595,0.44606984810330363,15.259796894834345,15.642776369551479,16.15249963030758,0.8
2842,9,127,11,25.370673933612885,16.53385708959325,25.89258102776119,20.768510010051223,14.125937888247341,17.338543660721378,19.09075060528601,25.11417643461052,0.6
2843,9,119,11,11.898454733891336,8.695470770933913,11.898454733891336,10.573150419053764,0.7255631636281179,10.201891698453194,10.610011638944272,11.135075216948852,0.9
2846,9,136,11,80.99598890247343,35.80987361095363,80.99598890247343,53.414935442562,213.2306332550706,41.30892396449962,49.046475330645436,62.11399637196148,0.3
2846,14,182,16,80.99598890247343,35.80987361095363,46.73059650086044,41.02051571120198,9.151195298989109,39.02569432751361,40.55060416380476,42.75006188912704,0.8
2849,9,104,11,22.180485272117217,13.114971877713739,28.234572788897033,23.91492165082635,18.023773381758712,22.443845562337266,24.276056790232452,27.350924087380506,0.8
2850,9,116,11,28.626589935127086,18.544436577034787,28.626589935127086,21.176210733294376,7.63092074116342,19.452975631377225,20.528888698892064,21.902003331878923,0.9
2851,9,112,11,39.08309098967871,30.50785112593501,39.08309098967871,33.43074995797046,6.8517213287057555,31.611134709910157,32.51761651287846,34.67703219942109,0.7
2853,9,122,11,20.259623871783692,10.056471105772367,20.259623871783692,14.491765312617119,7.698457232388792,14.270016123565734,14.46289187673268,15.429793003281997,0.6
2854,9,102,11,56.33928519714506,12.006443613862011,56.33928519714506,25.4633907854081,152.96898793276023,17.786062678338475,22.27709277696559,29.249154017068776,0.8
2855,9,122,11,17.460684879181294,8.266052095964735,17.460684879181294,14.911257782348722,5.577300429933638,14.903510754246764,15.652734216143392,15.883026506069836,0.7
2856,9,114,11,12.632741000575141,9.34482131350392,12.632741000575141,11.153322496926162,1.0167145416006096,10.470257497447024,10.992433640055825,12.102406639010363,0.9
2857,9,128,11,14.718493824241087,10.7128340163855,14.718493824241087,12.44998295053328,1.1140423131998718,11.783337703558844,12.646575022627314,12.814310624610137,0.3
2857,14,192,16,14.718493824241087,10.607551548282222,12.702022944423666,11.619053242851086,0.5269340604428299,11.13501777631222,11.4182551184837,12.259462313253923,0.7
2858,9,122,11,29.54043847485743,16.77660922074198,32.22459132894764,27.42509852418499,23.76120788425302,24.64566379328199,29.54043847485743,30.981622967919936,0.6
2861,9,123,11,20.136102267438126,5.279092812159094,20.136102267438126,9.551658966655024,16.973939021473434,6.5980626003063705,8.958654637686868,10.474944706586825,0.7
2862,9,128,11,24.24827481891444,16.131611275779274,24.24827481891444,20.50371321608378,4.8680042230071905,19.382411763924196,20.876286220406364,21.757367883306948,0.7
2864,9,126,11,24.776886796276475,20.15077370171233,24.776886796276475,22.2125791626275,1.5142409988613357,21.413941674086004,22.117986297779026,22.940100929669075,0.9
2865,9,107,11,24.125136587935987,11.20472103419021,24.125136587935987,15.737831555698406,12.152832156665589,13.456850937601224,16.091172644740915,16.791507114761664,0.9
2866,9,126,11,23.312111416745275,18.478324465328576,23.312111416745275,19.97277742127538,1.6164914633578888,19.26482189889294,19.945929325939737,20.184572159865258,0.8
2868,9,142,11,23.599308265421698,17.196340638617325,23.599308265421698,19.343928567017024,2.7149341670574403,18.496429301240667,19.000854288743135,19.729024510297783,0.7
2869,9,115,11,14.20575164010544,12.217254727897716,14.20575164010544,13.33667353351836,0.5861985129834727,12.625001887831854,13.513694742617831,14.056816653281892,0.5
2870,9,103,11,7.6172239206107015,3.6367704078588323,7.6172239206107015,5.455178649231888,1.0114823454624873,4.950399749840111,5.321045673717242,5.763037269044721,0.9
2871,9,131,11,17.426528913553536,11.77134968401237,17.426528913553536,15.125750540731826,2.1364962529288474,14.63824735615227,15.430012085642005,15.975486722757717,0.9
2872,9,89,11,24.774563745749383,16.813041398258527,26.258900779663755,23.400544533947674,7.351133711664889,22.441053763011926,24.056063072737885,25.492879671065513,0.7
2874,9,115,11,7.8726031458521195,5.645659626103074,7.923352835732386,7.092773848809083,0.8950298755792307,6.063195186368257,7.6741872073982975,7.849492832698865,0.8
2876,9,119,11,9.315571359592063,9.315571359592063,12.091042451499142,10.811769807741667,1.1128236393517978,9.797555244026164,11.04700546891514,11.729285377058861,0.8
2879,9,125,11,21.72387643219563,9.986774594489635,21.72387643219563,14.99464579947771,7.92645218988873,13.791473132102322,14.685329360976727,15.880458397377907,0.9
2880,9,128,11,49.906944456563906,17.417239435676926,49.906944456563906,28.76661770997245,104.5220765954302,22.32918868991418,24.247266327984633,35.06635215587369,0.2
2880,14,176,16,49.906944456563906,17.417239435676926,23.99454013221005,20.016209053786422,4.417930394213182,18.891691562857886,19.244998256568678,21.59110338116668,0.5
2881,9,124,11,25.994941551850353,17.183130096126757,25.994941551850353,21.980712954848592,4.625163792145147,21.722131058579564,21.973841652692045,22.31621391630206,0.2
2882,9,112,11,19.69667036402003,14.50986551826857,19.69667036402003,16.45962934422894,3.139509584396809,15.162018478865813,16.035186551753295,16.852006883780472,0.7
2883,9,105,11,26.632895896719532,17.84458342597187,26.632895896719532,23.51292023717175,8.425813115717375,22.042084261637886,24.07720158835358,26.14747490830733,0.5
2883,14,146,16,26.632895896719532,16.89236425982613,24.731457694311757,21.814408683673015,7.355009831124839,19.98048859831819,22.543737298577888,24.18057708569583,0.8
2884,9,120,11,22.03409473292523,16.59371009235528,22.03409473292523,20.469248863116658,2.5259713173745637,20.03566722732245,20.879208235613675,21.640915205283175,0.5
2887,9,107,11,24.867881383944763,12.522860550142397,24.867881383944763,16.415771018418347,10.627390104413019,14.171657082955498,16.182422435653912,17.263833596584767,0.9
2889,9,122,11,24.52159958807389,9.163829495390077,24.52159958807389,15.34978098411691,13.012720568000669,14.217424201710203,15.112879805879736,15.911434178054895,0.9
2890,9,127,11,8.720830829529383,7.984452541912978,9.878185844735556,9.241745915184335,0.38380872129619903,8.786828541935432,9.34198426366629,9.801999671397933,0.8
2891,9,118,11,12.655502133780775,8.65128813774926,12.655502133780775,10.89953442021517,1.8254001017219061,9.70251488691627,11.064767782771803,12.12546764408545,1.0
2893,9,135,11,13.615194884202063,3.85970030256675,13.615194884202063,9.184734057390207,5.361907786914177,8.533545201490197,9.268727878199478,9.975510071719082,0.7
2895,9,129,11,24.555264772511727,17.15812497872509,24.555264772511727,20.88363814640082,4.047968740846857,19.672865284939625,21.02867474047053,21.867398086004304,0.8
2897,9,108,11,11.472680358916932,8.399708203199939,11.472680358916932,9.909244661689247,0.9322346323279005,9.422530231768446,9.962576465968871,10.546248150094597,0.7
2898,9,131,11,9.82060750474055,6.005382526984257,9.82060750474055,7.030969590197666,1.049049018769476,6.363117988114215,7.006089922848274,7.1489426843895405,0.9
2902,9,119,11,16.954510057218698,16.646059180402876,19.992710806940607,18.30706203455638,1.4566359577008552,16.998677621608685,18.751695688501066,19.031641581787362,0.9
2903,9,117,11,15.746835241816099,11.472541238024721,15.746835241816099,13.548045920304858,2.1580292186803827,12.105020996492907,13.58526700664949,14.720164753974766,0.7
2905,9,116,11,9.634202150612719,6.267573781429105,9.634202150612719,7.613814556813961,0.9053811423986173,6.772637360264753,7.747850646135486,8.094221199970626,0.9
2906,9,120,11,26.616963706958764,14.011088390977285,26.616963706958764,19.587863856442233,18.885099780561248,15.052368719905447,19.877240331134843,23.195210391577753,0.4
2906,14,175,16,26.616963706958764,12.359369961957961,19.114018321852658,14.955162466019303,3.135758612962393,14.120038871612254,15.044975636837467,15.35336080609666,0.7
2908,9,118,11,29.549311744046413,14.955724375386666,29.549311744046413,23.532007483520935,13.225293001559866,23.109980565232362,24.61131865293367,25.083598444323876,0.7
2909,9,134,11,22.973011324158335,22.973011324158335,28.078847786178745,25.787459759613917,3.6320822277487963,24.192707690488966,26.266890712145823,27.575722095730935,0.9
2911,9,124,11,17.94273028925082,6.685121415098324,17.94273028925082,10.443357502992027,9.71497886418111,8.830803758891316,9.309465862812559,10.493702582434382,0.7
2912,9,121,11,20.603352549486928,7.414256265172725,20.603352549486928,12.657162613419166,17.02623221162776,9.26281066106829,12.678408187948758,12.789226829322935,0.8
2913,9,112,11,35.37068826094335,10.684367754551875,35.37068826094335,20.082808315261165,37.61077178822852,16.973468174881283,19.919031257278846,21.33257223159487,0.8
2914,9,112,11,13.592295489294958,13.592295489294958,16.985728604342555,15.419634034205156,1.147817075044121,15.012152956287979,15.613879483205928,16.21853132491466,0.7
2916,9,120,11,12.614040471178285,4.415824641731971,12.614040471178285,6.730472865769339,5.4415617925389075,5.2834102643781575,6.039292700408831,7.737519998912996,0.7
2917,9,97,11,36.106744641269984,17.148066571751386,36.106744641269984,28.32757298604942,26.531251167190607,25.85871970771484,29.80110774730656,30.860354351134674,0.9
2918,9,134,11,16.565536306580984,14.36139923187655,17.37965366763686,16.051353841160335,0.8815051487348994,15.447916072173395,16.301360745950063,16.703505977460622,0.5
2919,9,116,11,7.50033087453795,7.417747520992827,11.10972741930388,9.254115114775127,1.7480655621911847,7.90366826319543,9.343991635882642,10.207766559164991,0.9
2922,9,126,11,19.326120419781,11.297716410075612,19.326120419781,14.784941240109239,5.467444564185051,12.77610153866322,14.923014208559078,15.80209947639126,0.8
2924,9,108,11,46.057564481466855,26.12376788269188,46.057564481466855,33.68420081514671,24.21860781406685,31.276517410004796,33.659547372455314,34.95199965740164,0.9
2925,9,124,11,15.407797206794967,11.550019622563791,15.407797206794967,13.819723570134375,1.1436160274997333,13.540223503711111,13.938539362852389,14.552872317872867,0.9
2927,9,112,11,25.034771783593477,12.863944772154083,25.034771783593477,18.306408582519403,18.19558133783078,14.60490986098512,17.464536889583208,21.80398336596442,0.5
2927,14,148,16,25.034771783593477,12.863944772154083,18.59061926798752,16.057475052284996,3.4128226224939744,14.60490986098512,16.32742049106603,17.50417566066195,0.8
2928,9,93,11,7.107435406900278,3.0780468931285787,7.107435406900278,5.248538156368208,1.4341521245517297,4.4742829229882,5.199899985601565,5.774371284325021,0.8
2929,9,104,11,20.924137321388812,8.827989238621946,22.59263398823066,19.471054658903675,15.261134366490092,20.03403729686122,20.909519905082572,21.389766039461165,0.9
2930,9,124,11,10.859438911284764,8.838800564027666,10.859438911284764,9.389353464862143,0.3104835278185673,9.045509582835713,9.230250037336713,9.536666831637511,0.9
2931,9,132,11,21.34111607919143,14.941838362072392,21.34111607919143,17.994498417276724,2.9796246742157964,16.612254012580763,18.611980985011904,18.90756337265975,0.8
2933,9,120,11,18.76361500878629,10.627497611904325,18.76361500878629,13.066365850949586,5.473408388624729,11.196190331103612,12.93458729064222,13.304306661207905,0.8
2934,9,104,11,9.672187491579034,6.705682524513772,10.10592881303884,9.263484834463403,1.0328628116918244,9.405578738101163,9.672187491579034,9.813548642945285,0.6
2936,9,103,11,41.74829706530581,23.34154547828372,41.74829706530581,31.55071764816621,24.98879014107734,28.465578932146244,31.62356035162094,34.11052688062452,0.9
2937,9,115,11,17.33891691872637,10.640661757429957,17.33891691872637,13.452278883411651,3.0736792832834388,12.573149214363477,13.788151215284897,14.1418841619911,0.9
2939,9,96,11,11.971149682647475,7.619054390329502,11.971149682647475,9.440095389920156,2.5507286011371386,8.387293200953145,8.747712453536318,10.825002041832432,0.7
2941,9,117,11,24.839201435623032,19.689442990001922,24.839201435623032,22.819231894276545,2.1938938136281627,22.169416396066598,23.093864766485172,23.972941994230116,0.5
2943,9,127,11,38.075541720244175,22.088628404783297,38.075541720244175,30.981405322848627,34.304485876408464,26.269074497278705,31.824022828077116,36.6431925345427,0.3
2943,14,168,16,38.075541720244175,20.486167733421546,31.243446069882737,25.529400454381992,9.65788899146497,23.02970095427325,25.475041503385626,27.186629293942964,0.8
2944,9,120,11,37.44443080558178,19.499378220576922,37.44443080558178,26.47448181617197,27.503374135858024,22.51285708409931,25.74150833038326,29.480416797061814,0.5
2944,14,169,16,37.44443080558178,19.499378220576922,25.815933253031716,23.092420737830366,2.780090340790674,22.51285708409931,23.069397430642198,23.860039517529724,0.8
2945,9,104,11,10.09114915058545,5.250380616594152,10.09114915058545,6.733487037609805,1.7171690028726427,6.017746865414717,6.425028812178697,7.142283724565912,0.9
2947,9,132,11,43.19283516867914,19.532564890182186,43.19283516867914,28.38759926041332,73.29429874545349,20.47601331529911,25.694648744897624,36.32052781468025,0.3
2947,14,176,16,43.19283516867914,17.43534078045531,23.111972797379416,20.323675918870283,2.1050492391843965,19.587739759800858,20.001622610194175,21.26590179911923,0.6
2948,9,113,11,19.362352922395928,12.430034629375484,19.362352922395928,15.68901970068361,3.1183449727705423,15.281803253721186,15.76192249689666,16.510603825919464,0.9
2949,9,115,11,41.791449991360025,9.714032744583353,41.791449991360025,22.544153669418517,141.49265278721353,13.533748359976308,15.826281834779362,32.7404344280611,0.5
2949,14,142,16,41.791449991360025,9.714032744583353,16.161429965636565,13.785097718818474,2.6814536297986438,13.533748359976308,14.011910321708202,14.739673061759413,1.0
2950,9,94,11,38.15095750611489,38.15095750611489,46.63034164845225,42.389668677858346,9.77828006250292,39.97295676161593,42.18185330953363,45.339896493962634,0.9
2951,9,91,11,11.828604675976168,3.404798175148726,11.828604675976168,6.5507498807364,4.150122119561579,5.795521192933246,6.151572489162659,6.840246220623087,0.9
2953,9,101,11,9.230449788389482,5.1979237477455325,9.230449788389482,7.964039944979606,1.3014005486929963,7.764033048164373,8.123398708901412,8.705743931177322,0.7
2954,9,135,11,25.332826977779387,8.689027694350095,25.332826977779387,14.17800312200605,31.55085705730042,10.652169115147938,11.504314361213606,17.092919154302116,0.7
2955,9,114,11,15.215132377928686,6.656439783672145,15.215132377928686,11.03440365905394,4.7097583390382365,10.188742832904222,10.946866536624883,11.441380270512738,0.8
2956,9,87,11,23.99646306674757,11.5636449456665,23.99646306674757,14.30716517441184,18.689980641866985,11.747055199965349,12.213249005948086,13.49885842961164,0.7
2957,9,115,11,9.292149564744836,5.288473810957181,9.292149564744836,7.65301989154279,1.6169484977775697,6.776524661798682,8.329904186053515,8.519035312495415,0.9
2958,9,86,11,27.274217682758298,19.19168011336783,27.274217682758298,23.47755187632064,5.247759210762818,21.902180192444906,23.278431641825442,25.41368720965947,0.7
2959,9,138,11,17.05244193557416,10.970950052328794,17.05244193557416,15.771757590567393,2.71355013109777,15.890677220246179,16.191880631781085,16.580411948184903,0.9
2961,9,125,11,29.957725474625377,16.4963635934311,29.957725474625377,21.521904786277847,21.320095218829028,18.216974950640186,19.681169453531112,25.13931665778773,0.6
2961,14,183,16,29.957725474625377,15.635233094101356,19.85973156724272,18.378841151689098,1.9560068350229785,17.550623536603318,18.663445631940903,19.60924341184077,0.9
2962,9,137,11,47.07692629329938,43.71895602458569,47.153835184735044,45.98388040871566,1.5172261587235867,44.878729203682795,46.4588255413425,47.0626509482811,0.0
2962,14,203,16,47.07692629329938,41.6972413713334,46.0344194016778,44.18837088932495,1.7399927731397185,43.8939041568013,44.47580338414623,44.543784965778244,0.0
2962,19,268,21,47.07692629329938,41.50291597139183,44.52747586663753,43.338257822964394,1.5180840105743478,42.127394996180634,44.00629161376931,44.44834474704578,0.0
2964,9,94,11,31.903729322308525,26.76246081633621,31.903729322308525,29.778451439966112,2.498401777175156,29.073025565031006,30.414102416083296,30.738646634084844,0.9
2966,9,105,11,18.802784850885175,10.814041308576105,18.802784850885175,14.419576234471077,4.850389196298842,12.607436115537263,15.101207631460491,15.63230020559321,0.9
2969,9,124,11,13.186651624884739,5.453456461460995,13.485044467405674,11.029713498353184,6.754059476510312,10.403272376062905,11.836763145588478,13.147893466173691,0.8
2971,9,106,11,25.229664689104755,18.292318645256156,25.229664689104755,21.96030447632308,4.58075431919781,20.599204419818964,21.617185966979267,23.220415436533372,0.5
2971,14,152,16,25.229664689104755,16.016101328116385,23.132333605087567,20.254160781081275,4.983784989744133,18.662837529355922,20.767528110831876,21.64437938281332,0.7
2972,9,121,11,18.37468702448762,8.827574326390167,18.37468702448762,13.109275696373894,4.9864682274920495,12.22995127079389,13.127266744471411,13.623719237284508,0.8
2974,9,114,11,22.67395628308345,8.009627105649528,22.67395628308345,12.376676692065082,13.942969192412951,10.922387540949948,11.302068434238397,12.2074431654414,0.8
2975,9,130,11,33.88573761897125,23.24535284836677,33.88573761897125,26.063973471820322,11.82417206190348,23.74123478748261,25.11612588032921,25.265718228327103,0.6
2976,9,111,11,48.83321930833267,13.559507950201187,48.83321930833267,39.72145712983682,160.23491619287478,35.89619069522333,46.9584862236099,47.95727900891632,0.3
2976,14,149,16,48.83321930833267,13.559507950201187,46.75600254893983,34.11480867526015,99.02638691207787,33.19574060421447,36.73845505130215,38.480642758557934,0.8
2977,9,96,11,31.048766596367553,22.14194585771706,32.491165979123316,28.761166433217518,13.93758602887451,26.517009241050577,30.67924722359759,31.220831339980023,0.5
2978,9,81,11,11.63524793931286,7.393510008668778,11.63524793931286,10.029274888250606,1.8690304291290416,9.341145757074472,10.1144713347589,11.161749422199605,1.0
2979,9,96,11,18.556923441446465,9.747112782833202,18.556923441446465,12.338600270340347,9.496966372759573,10.151379954456008,11.18264501299613,12.435797614448237,0.8
2980,9,123,11,21.5211235878744,5.687381999782403,21.5211235878744,16.55793233704723,20.242951126337495,14.487786068478236,17.60206930247393,19.813599626793295,0.5
2982,9,103,11,16.303006710937282,9.893656120334393,16.303006710937282,12.336476766474059,2.6180211305043537,11.670576944886774,12.013417705952055,12.898031439455533,0.9
2987,9,103,11,14.774887028726816,10.299439088602746,14.774887028726816,13.229713618100092,2.126302378980271,12.249320003685652,13.47314153760433,14.626086655207208,0.7
2988,9,113,11,21.812687224379612,8.864759807055357,21.812687224379612,12.3521076117774,16.40632659334993,9.83216847173656,10.387358760033202,13.268465736162838,0.7
2989,9,107,11,23.54942018688999,16.475909545700524,23.54942018688999,20.801349121660508,4.609247243149875,20.006994120685814,21.167120435794146,22.437358981736402,0.9
2991,9,128,11,28.790112793205985,8.735778945557001,28.790112793205985,14.037435537342498,32.16204384954246,10.02770148440807,12.92026224042437,15.16154624285649,0.8
2993,9,113,11,15.490996111728402,8.824667921653024,15.490996111728402,11.194948427720854,3.019758005174648,10.448235156844767,10.893879579213639,11.650158291465113,0.8
2994,9,128,11,19.925122208751066,14.258839429990829,19.925122208751066,17.69105497896166,3.003606142016462,16.66361871393699,18.506367436946594,18.731230945502944,0.7
2995,9,130,11,18.298132387857322,14.37668634957139,18.298132387857322,16.86781614258397,2.20014487361986,15.654237459247037,17.64325330193548,18.119950805800492,0.8
2996,9,96,11,7.529473541202205,6.694933026618897,7.770088697108566,7.329355138115263,0.14316433846221133,6.981065233724789,7.498362452488366,7.647847221205158,0.5
2996,14,139,16,7.529473541202205,4.9886351839382765,7.529473541202205,6.884775312497167,0.49107701738115184,6.725071435245824,7.04222250985251,7.324083207735638,0.9
2997,9,117,11,17.954418208446135,13.329596649570504,17.99171128050694,15.37890241482618,3.3169835992942547,13.811449987871038,14.675333063679098,17.40010441434504,0.6
2998,9,129,11,14.81207276327056,9.509527363082226,15.29813217096871,14.15280482686523,2.511649446429874,14.24582518509132,14.641861434156104,14.81207276327056,0.7
