qid,nstep,ndis,ninserts,firstNN,closestNN,furthestNN,meanNN,varNN,p25NN,p50NN,p75NN,r
0,4,136,6,5.923305511474609,0.0,5.923305511474609,4.4866862297058105,4.191335201263428,4.950960159301758,5.0689826011657715,5.727665901184082,0.25
1,4,145,6,58.378971099853516,50.97856903076172,58.378971099853516,54.674190521240234,8.184896469116211,52.624507904052734,53.87305450439453,57.51813888549805,0.0
2,4,108,6,63.776161193847656,59.375877380371094,66.8238525390625,63.671165466308594,4.836634159088135,63.776161193847656,63.809356689453125,64.28492736816406,0.0
3,4,138,6,51.59959411621094,49.98884582519531,52.72435760498047,51.34635925292969,0.6700847744941711,51.044654846191406,51.37947082519531,51.59959411621094,0.0
4,4,152,6,31.409454345703125,31.333328247070312,31.760648727416992,31.52878761291504,0.023680195212364197,31.409454345703125,31.507537841796875,31.64206886291504,0.0
5,4,150,6,12.553386688232422,0.0,12.553386688232422,9.410982131958008,18.79290008544922,9.874448776245117,10.891668319702148,12.16826057434082,0.1
6,4,147,6,17.649402618408203,14.530030250549316,17.649402618408203,16.324054718017578,1.6728482246398926,15.093788146972656,16.717334747314453,17.512554168701172,0.1
7,4,144,6,48.52217102050781,46.384429931640625,48.606842041015625,47.867740631103516,0.6915627717971802,47.36549377441406,48.273712158203125,48.52217102050781,0.0
8,4,117,6,16.87356185913086,16.87356185913086,17.05011749267578,16.932064056396484,0.004436777904629707,16.873611450195312,16.907228469848633,16.970693588256836,0.25
9,4,149,6,32.25308609008789,29.141204833984375,34.88853073120117,31.398469924926758,3.851297616958618,29.853708267211914,31.164016723632812,32.25308609008789,0.05
10,4,111,6,36.821044921875,33.150962829589844,36.821044921875,35.58470153808594,2.8001151084899902,34.13175964355469,36.71293258666992,36.807456970214844,0.0
11,4,153,6,17.78619384765625,16.618896484375,18.895875930786133,17.757286071777344,0.7181763648986816,17.048574447631836,17.78619384765625,18.436941146850586,0.0
12,4,153,6,22.71741485595703,15.948541641235352,22.71741485595703,20.121227264404297,5.857356548309326,18.714950561523438,20.554214477539062,22.276891708374023,0.05
13,4,131,6,28.181076049804688,27.3040771484375,30.550575256347656,28.707290649414062,1.0709261894226074,28.181076049804688,28.398038864135742,29.212705612182617,0.05
14,4,156,6,20.65300750732422,18.32544708251953,20.65300750732422,19.48012924194336,0.8350253701210022,18.721790313720703,19.331645965576172,20.373302459716797,0.2
15,4,138,6,17.241661071777344,14.645723342895508,17.241661071777344,16.081348419189453,1.13521409034729,15.193815231323242,16.10669708251953,17.150012969970703,0.1
16,4,153,6,29.35869598388672,26.271713256835938,29.35869598388672,28.13239288330078,1.256800889968872,27.43585968017578,28.333881378173828,29.10322380065918,0.0
17,4,144,6,38.15107727050781,32.347755432128906,38.19694137573242,35.77510070800781,6.737362861633301,33.15156555175781,36.77677917480469,38.15107727050781,0.0
18,4,138,6,24.08072853088379,12.184208869934082,24.08072853088379,19.481645584106445,18.04146385192871,17.310455322265625,19.70058822631836,23.457660675048828,0.05
19,4,141,6,15.794685363769531,0.0,15.794685363769531,10.361039161682129,27.812763214111328,9.895883560180664,10.36396598815918,14.518810272216797,0.2
20,4,128,6,34.481266021728516,33.128746032714844,35.221923828125,34.21756362915039,0.5631073117256165,33.60124206542969,34.481266021728516,34.633522033691406,0.0
21,4,135,6,24.457008361816406,22.689697265625,24.762351989746094,23.87490463256836,0.6500082612037659,23.15560531616211,24.235422134399414,24.457008361816406,0.0
22,4,157,6,22.13739013671875,19.219051361083984,22.13739013671875,21.369157791137695,0.9945724010467529,21.468059539794922,21.646728515625,22.02908706665039,0.0
23,4,129,6,18.21112823486328,18.21112823486328,19.69498634338379,19.154640197753906,0.4525286853313446,18.519376754760742,19.559598922729492,19.68732261657715,0.05
24,4,157,6,38.03624725341797,37.988075256347656,40.34407043457031,38.83388137817383,0.8892205357551575,38.03624725341797,38.386375427246094,39.58073806762695,0.0
25,4,84,6,24.694454193115234,14.553153038024902,24.694454193115234,21.627578735351562,12.033520698547363,21.05996322631836,22.487621307373047,24.340810775756836,0.2
26,4,138,6,43.033241271972656,38.4034538269043,47.23960494995117,42.24528884887695,7.501999855041504,40.67333221435547,42.1649284362793,43.033241271972656,0.0
27,4,139,6,11.00314712524414,3.5434458255767822,11.00314712524414,7.695532321929932,8.513144493103027,5.208313941955566,7.978219032287598,10.533417701721191,0.15
28,4,121,6,37.360198974609375,33.11341857910156,37.360198974609375,35.207820892333984,2.697263479232788,33.973228454589844,34.85749816894531,36.74925994873047,0.0
29,4,141,6,22.892784118652344,21.773193359375,25.242576599121094,23.472190856933594,1.2237484455108643,22.892784118652344,23.36849021911621,24.10175323486328,0.1
30,4,157,6,37.767822265625,35.31123733520508,37.767822265625,36.84482955932617,0.7743855118751526,36.35624313354492,37.04557418823242,37.59062957763672,0.0
31,4,125,6,8.372369766235352,7.800621032714844,8.693729400634766,8.343198776245117,0.08075562864542007,8.274428367614746,8.372369766235352,8.526835441589355,0.05
32,4,155,6,17.285940170288086,17.134967803955078,17.639780044555664,17.41989517211914,0.03689730912446976,17.285940170288086,17.427982330322266,17.59454345703125,0.0
33,4,149,6,27.952333450317383,27.952333450317383,29.337087631225586,28.380001068115234,0.23705856502056122,27.990781784057617,28.20647430419922,28.545684814453125,0.2
34,4,111,6,44.04475021362305,39.2605094909668,46.75495910644531,42.45772933959961,7.4682536125183105,39.82698059082031,42.67644500732422,44.04475021362305,0.0
35,4,119,6,22.828540802001953,15.508014678955078,25.903854370117188,22.051836013793945,11.096019744873047,21.263591766357422,22.828540802001953,24.08222770690918,0.15
36,4,146,6,18.739015579223633,13.68771743774414,18.739015579223633,16.32081413269043,4.150770664215088,14.420846939086914,16.4210205078125,18.2817440032959,0.1
37,4,138,6,21.21527099609375,19.169368743896484,21.21527099609375,20.15884780883789,0.6875597238540649,19.451053619384766,19.977645874023438,20.99763298034668,0.0
38,4,129,6,33.4178352355957,31.579618453979492,33.97789764404297,33.2846794128418,0.6169407963752747,33.4178352355957,33.529747009277344,33.66533279418945,0.0
39,4,131,6,36.85218048095703,32.85468292236328,39.158206939697266,35.698692321777344,4.498275279998779,34.22369384765625,35.55857467651367,36.85218048095703,0.0
40,4,155,6,16.345468521118164,14.0131254196167,16.345468521118164,15.40291976928711,0.9330132007598877,14.519492149353027,15.724565505981445,16.300134658813477,0.1
41,4,156,6,14.017005920410156,0.0,14.017005920410156,10.149393081665039,22.995683670043945,10.085851669311523,11.477980613708496,13.595682144165039,0.15
42,4,141,6,14.652261734008789,12.999082565307617,16.787017822265625,14.969293594360352,1.7149847745895386,14.330896377563477,14.652261734008789,16.03908920288086,0.0
43,4,128,6,32.969940185546875,30.790592193603516,34.374290466308594,32.8367805480957,1.463991403579712,32.18003845214844,32.969940185546875,33.74187469482422,0.0
44,4,141,6,33.51041793823242,33.51041793823242,35.558406829833984,34.51530075073242,0.7378288507461548,33.65013122558594,34.521705627441406,35.34540557861328,0.25
45,4,111,6,33.68935775756836,25.46871566772461,33.68935775756836,29.579978942871094,11.023297309875488,26.60492515563965,29.224407196044922,32.912017822265625,0.05
46,4,142,6,15.833904266357422,11.991230010986328,15.833904266357422,14.178484916687012,2.346269130706787,12.907045364379883,14.338224411010742,15.689061164855957,0.15
47,4,132,6,16.090492248535156,15.459636688232422,16.439453125,16.055011749267578,0.08650008589029312,16.081113815307617,16.090492248535156,16.151630401611328,0.05
48,4,96,6,46.366981506347656,46.366981506347656,52.39238357543945,49.30105972290039,6.896734714508057,46.6306037902832,49.354896545410156,51.79975128173828,0.0
49,4,138,6,22.02591896057129,21.048336029052734,22.02591896057129,21.6584415435791,0.11302871257066727,21.52332878112793,21.68008041381836,21.953887939453125,0.0
50,4,124,6,21.600738525390625,18.891347885131836,22.11928939819336,20.752002716064453,1.2502520084381104,20.126602172851562,20.898691177368164,21.600738525390625,0.05
51,4,137,6,27.063491821289062,0.0,27.063491821289062,20.095054626464844,86.08756256103516,21.230117797851562,22.838014602661133,26.061994552612305,0.2
52,4,155,6,33.43567657470703,29.9759578704834,33.43567657470703,31.827430725097656,2.164308786392212,30.341175079345703,32.06318283081055,33.260353088378906,0.0
53,4,65,6,31.194786071777344,29.303403854370117,31.194786071777344,30.721052169799805,0.4344521462917328,30.75302505493164,30.94748306274414,31.170583724975586,0.0
54,4,140,6,47.07240295410156,44.255332946777344,47.07240295410156,45.968597412109375,1.025933027267456,45.36626052856445,46.14491653442383,46.851715087890625,0.0
55,4,133,6,23.821170806884766,20.08742332458496,23.821170806884766,22.833314895629883,1.7226568460464478,22.658008575439453,23.387760162353516,23.772703170776367,0.05
56,4,126,6,40.677696228027344,39.790252685546875,41.244232177734375,40.52935028076172,0.20186102390289307,40.29777526855469,40.6307373046875,40.677696228027344,0.0
57,4,149,6,24.540119171142578,23.46802520751953,24.540119171142578,24.30156707763672,0.14338864386081696,24.368724822998047,24.45525360107422,24.526962280273438,0.0
58,4,131,6,19.86707305908203,18.931278228759766,20.145904541015625,19.606216430664062,0.21053893864154816,19.217517852783203,19.83549690246582,19.86707305908203,0.1
59,4,157,6,17.48836326599121,12.91493034362793,17.860321044921875,16.558807373046875,2.8129453659057617,16.71312141418457,17.231704711914062,17.48836326599121,0.0
60,4,126,6,44.584861755371094,32.58036422729492,44.584861755371094,40.652381896972656,18.83538246154785,38.50760269165039,42.25862503051758,44.295562744140625,0.05
61,4,113,6,40.1318244934082,36.65751647949219,42.82490539550781,39.650333404541016,4.104322910308838,38.21990966796875,40.1318244934082,40.46294403076172,0.0
62,4,139,6,20.166656494140625,17.980411529541016,20.166656494140625,19.20915412902832,0.6892908215522766,18.56085205078125,19.30392074584961,19.966123580932617,0.0
63,4,148,6,35.213531494140625,31.435283660888672,35.685279846191406,34.07256317138672,3.306652545928955,32.494266510009766,35.213531494140625,35.27831268310547,0.1
64,4,147,6,15.415513038635254,11.956764221191406,15.467996597290039,14.314141273498535,2.2808380126953125,13.118904113769531,15.310646057128906,15.415513038635254,0.1
65,4,123,6,26.225807189941406,21.29163360595703,26.225807189941406,23.934906005859375,3.952517509460449,22.174610137939453,23.97087287902832,25.923511505126953,0.0
66,4,137,6,17.694644927978516,14.59303092956543,17.694644927978516,16.312572479248047,1.1953926086425781,15.888676643371582,16.003856658935547,17.298282623291016,0.0
67,4,154,6,19.18472671508789,17.093069076538086,19.18472671508789,18.067947387695312,0.7066342830657959,17.426605224609375,17.764907836914062,18.905902862548828,0.05
68,4,117,6,39.29705810546875,35.90510559082031,42.434722900390625,39.08934783935547,4.209228515625,37.90883255004883,39.29705810546875,39.94130325317383,0.0
69,4,131,6,21.475627899169922,18.439990997314453,21.475627899169922,19.966121673583984,1.427711844444275,18.949527740478516,19.823556900024414,21.137746810913086,0.0
70,4,157,6,28.15467071533203,22.19042205810547,28.217304229736328,26.15172576904297,5.034798622131348,25.09075927734375,26.631540298461914,28.15467071533203,0.0
71,4,115,6,32.1998291015625,30.227603912353516,32.1998291015625,31.715961456298828,0.48967117071151733,31.6715030670166,32.04998779296875,32.17976379394531,0.0
72,4,134,6,29.23560905456543,25.2828426361084,29.23560905456543,28.157169342041016,2.0276074409484863,27.758758544921875,28.86671257019043,29.192955017089844,0.0
73,4,137,6,25.51197052001953,0.0,25.51197052001953,18.232919692993164,75.76648712158203,17.806716918945312,20.43275260925293,24.67469024658203,0.15
74,4,143,6,20.83897590637207,16.85785484313965,20.83897590637207,19.711732864379883,1.823431134223938,19.75732421875,19.99081802368164,20.682031631469727,0.05
75,4,112,6,30.719449996948242,0.0,30.719449996948242,18.362646102905273,111.6151351928711,14.248363494873047,17.675899505615234,27.66805648803711,0.2
76,4,121,6,23.4385986328125,21.081323623657227,23.4385986328125,22.261795043945312,0.9479866027832031,21.41845703125,22.113128662109375,23.256546020507812,0.0
77,4,128,6,49.119049072265625,42.92198944091797,49.119049072265625,45.71004104614258,6.105495929718018,44.15265655517578,44.49082565307617,48.02092742919922,0.0
78,4,132,6,15.909775733947754,12.37693977355957,15.909775733947754,15.060728073120117,1.4997164011001587,15.29883861541748,15.459726333618164,15.799674034118652,0.05
79,4,143,6,19.893150329589844,17.223875045776367,20.110641479492188,19.09288215637207,1.029211163520813,18.615360260009766,19.408573150634766,19.893150329589844,0.05
80,4,129,6,42.67585754394531,40.95551300048828,42.67585754394531,41.90546798706055,0.5574547052383423,41.14707946777344,42.077327728271484,42.62667465209961,0.0
81,4,152,6,27.688236236572266,27.688236236572266,28.73754119873047,28.16280174255371,0.19466076791286469,27.73191261291504,28.08789825439453,28.593463897705078,0.0
82,4,143,6,28.45654296875,24.600276947021484,29.104005813598633,27.143226623535156,2.8472650051116943,25.728435516357422,27.68132972717285,28.45654296875,0.1
83,4,156,6,24.29118537902832,23.05988311767578,24.29118537902832,23.69664764404297,0.25995534658432007,23.214601516723633,23.69821548461914,24.20880126953125,0.0
84,4,127,6,37.0437126159668,26.687198638916016,37.0437126159668,31.194263458251953,20.26521110534668,27.14562225341797,29.64232063293457,35.78805923461914,0.0
85,4,157,6,15.109668731689453,13.224689483642578,15.109668731689453,14.446529388427734,0.4058631658554077,14.280416488647461,14.506305694580078,14.971888542175293,0.2
86,4,122,6,27.080547332763672,22.90098762512207,27.42008399963379,25.743999481201172,2.930891513824463,24.49262046813965,26.534025192260742,27.080547332763672,0.0
87,4,119,6,10.067915916442871,9.833963394165039,10.067915916442871,9.963176727294922,0.007738766260445118,9.89655876159668,9.966785430908203,10.044540405273438,0.1
88,4,150,6,16.517436981201172,16.20376205444336,16.902400970458984,16.607749938964844,0.055515337735414505,16.517436981201172,16.579498291015625,16.808311462402344,0.0
89,4,152,6,39.461360931396484,33.578643798828125,39.461360931396484,36.431236267089844,6.665868282318115,33.9278564453125,36.15446472167969,39.07823944091797,0.0
90,4,104,6,43.245182037353516,17.54150390625,43.245182037353516,34.949058532714844,84.81578063964844,30.817224502563477,38.53062438964844,42.33289337158203,0.05
91,4,146,6,28.47773551940918,26.652427673339844,28.47773551940918,27.726131439208984,0.43273186683654785,27.332508087158203,27.73609161376953,28.35136604309082,0.1
92,4,131,6,43.172725677490234,41.3499641418457,43.172725677490234,42.310462951660156,0.6450508236885071,41.496185302734375,42.396873474121094,43.11200714111328,0.0
93,4,156,6,9.757941246032715,0.0,10.076869010925293,8.206277847290039,13.488388061523438,9.689146995544434,9.757941246032715,9.923510551452637,0.25
94,4,156,6,21.411712646484375,18.80340003967285,21.411712646484375,20.29694366455078,0.9025351405143738,19.66274070739746,20.328144073486328,21.184024810791016,0.0
95,4,108,6,5.686076641082764,0.0,5.686076641082764,3.8053314685821533,4.390522003173828,2.6616456508636475,4.70517635345459,5.492612361907959,0.25
96,4,156,6,36.04942321777344,33.44075393676758,36.04942321777344,35.136573791503906,1.1359471082687378,34.2862434387207,35.69459533691406,36.01610565185547,0.0
97,4,146,6,38.20102310180664,34.741668701171875,38.20102310180664,37.061546325683594,1.3560960292816162,36.876495361328125,37.19727325439453,37.99616241455078,0.05
98,4,118,6,33.236305236816406,0.0,33.236305236816406,21.88030433654785,127.48951721191406,19.3267822265625,22.800621032714844,31.40673828125,0.2
99,4,143,6,22.018526077270508,0.0,22.233783721923828,17.2026309967041,61.80947494506836,18.452621459960938,20.265350341796875,22.018526077270508,0.15
100,4,136,6,22.392532348632812,19.667274475097656,22.529911041259766,21.184362411499023,1.608908772468567,19.948781967163086,21.34042739868164,22.392532348632812,0.0
101,4,126,6,24.67511749267578,0.0,24.67511749267578,16.352598190307617,71.00306701660156,14.376924514770508,17.219688415527344,23.483741760253906,0.15
102,4,142,6,8.812076568603516,0.0,8.812076568603516,6.251338481903076,8.785648345947266,6.462425231933594,6.74345588684082,8.316083908081055,0.25
103,4,134,6,41.0399169921875,39.07823944091797,41.23430633544922,40.49177932739258,0.5434356331825256,40.22935104370117,40.70933532714844,41.0399169921875,0.0
104,4,144,6,32.280487060546875,32.22401809692383,33.74058532714844,32.72160339355469,0.32469743490219116,32.280487060546875,32.43001174926758,33.063270568847656,0.0
105,4,156,6,26.83066177368164,25.072853088378906,26.83066177368164,26.310958862304688,0.3692339360713959,26.18357276916504,26.518831253051758,26.769271850585938,0.0
106,4,113,6,31.448524475097656,15.599102020263672,31.448524475097656,22.89745330810547,41.779022216796875,17.640193939208984,20.735374450683594,29.377254486083984,0.05
107,4,138,6,10.756406784057617,0.0,12.192639350891113,9.60007381439209,18.763797760009766,10.756406784057617,11.32699966430664,11.972448348999023,0.25
108,4,117,6,19.225181579589844,0.0,19.225181579589844,12.333152770996094,47.253173828125,8.730903625488281,14.282608032226562,18.066787719726562,0.2
109,4,147,6,29.55787467956543,26.487102508544922,29.55787467956543,28.55592155456543,1.062673568725586,28.435081481933594,28.661800384521484,29.37103271484375,0.0
110,4,141,6,34.94001388549805,32.81573486328125,35.835227966308594,34.41361999511719,1.2748321294784546,33.44136047363281,34.94001388549805,34.9916877746582,0.0
111,4,149,6,35.06452178955078,33.29823303222656,35.30025863647461,34.5666389465332,0.48336273431777954,34.1987190246582,34.8377685546875,35.06452178955078,0.0
112,4,140,6,42.887237548828125,37.31910705566406,43.4399528503418,41.14091873168945,4.829264163970947,39.794677734375,41.88291931152344,42.887237548828125,0.0
113,4,121,6,35.847190856933594,33.683284759521484,35.847190856933594,34.555931091308594,0.8463602662086487,33.94075393676758,34.02084732055664,35.39222717285156,0.0
114,4,136,6,24.550777435302734,22.387245178222656,24.550777435302734,23.618776321411133,0.6473846435546875,23.049030303955078,23.63288116455078,24.39906120300293,0.0
115,4,128,6,39.20847702026367,36.98174285888672,40.83280944824219,38.99558639526367,1.2726930379867554,38.76883316040039,39.14192199707031,39.20847702026367,0.05
116,4,131,6,10.725545883178711,9.902496337890625,11.385986328125,10.75713062286377,0.2187645137310028,10.657052040100098,10.725545883178711,11.058126449584961,0.25
117,4,151,6,18.940847396850586,18.940847396850586,21.099918365478516,20.28752899169922,0.913153886795044,19.411527633666992,20.888689041137695,20.963092803955078,0.25
118,4,119,6,33.113670349121094,32.47772216796875,33.113670349121094,32.81959533691406,0.06836831569671631,32.587196350097656,32.824737548828125,33.082706451416016,0.0
119,4,157,6,26.806936264038086,23.319019317626953,26.806936264038086,25.255329132080078,1.8337730169296265,24.1712589263916,25.28634262084961,26.596914291381836,0.0
120,4,145,6,20.5379638671875,19.499834060668945,21.445602416992188,20.47478485107422,0.32016730308532715,20.374088287353516,20.51540184020996,20.5379638671875,0.2
121,4,158,6,25.145610809326172,24.509580612182617,27.755178451538086,25.878040313720703,1.2329397201538086,25.145610809326172,25.508159637451172,26.598838806152344,0.0
122,4,105,6,47.90297317504883,42.26703643798828,47.90297317504883,45.960121154785156,3.701591730117798,45.400760650634766,46.194759368896484,47.597511291503906,0.0
123,4,133,6,29.05602264404297,27.006916046142578,29.801944732666016,28.4575138092041,0.8826502561569214,27.816715240478516,28.579429626464844,29.05602264404297,0.0
124,4,155,6,30.061054229736328,27.680131912231445,30.733301162719727,29.25105857849121,1.2258946895599365,28.32498550415039,29.433650970458984,30.061054229736328,0.1
125,4,148,6,30.192428588867188,30.192428588867188,33.33274841308594,31.61309814453125,1.6840776205062866,30.309288024902344,31.576662063598633,32.72910690307617,0.0
126,4,107,6,37.868507385253906,35.49053955078125,38.129638671875,37.13178634643555,0.8680357933044434,36.61140060424805,37.39800262451172,37.868507385253906,0.0
127,4,109,6,48.795318603515625,47.13060760498047,48.795318603515625,48.077964782714844,0.4001035690307617,47.58009338378906,48.16780090332031,48.658504486083984,0.0
128,4,151,6,40.50802993774414,38.052040100097656,40.50802993774414,39.442256927490234,0.9612399935722351,38.562782287597656,39.65934371948242,40.347984313964844,0.0
129,4,138,6,18.769773483276367,15.93651294708252,18.769773483276367,17.282066345214844,1.2798634767532349,16.389846801757812,16.938159942626953,18.411575317382812,0.15
130,4,115,6,53.692501068115234,48.672054290771484,55.16212844848633,51.99776077270508,5.426728248596191,50.12579345703125,52.295989990234375,53.692501068115234,0.0
131,4,125,6,15.639753341674805,13.573200225830078,15.987518310546875,15.094858169555664,0.8277007937431335,14.484670639038086,15.6318998336792,15.639753341674805,0.1
132,4,147,6,24.508575439453125,0.0,24.508575439453125,16.25139045715332,68.94766998291016,14.202422142028809,17.555908203125,22.991497039794922,0.2
133,4,128,6,24.53805160522461,21.869457244873047,24.912553787231445,23.612136840820312,1.266573429107666,22.764461517333984,23.865591049194336,24.53805160522461,0.0
134,4,101,6,42.24425506591797,31.524490356445312,42.24425506591797,38.818458557128906,14.38582706451416,37.3301887512207,40.04954528808594,41.97676086425781,0.15
135,4,144,6,18.116973876953125,16.011432647705078,18.116973876953125,17.40138816833496,0.6662020087242126,16.837940216064453,17.771339416503906,18.100662231445312,0.05
136,4,140,6,29.47651481628418,26.517131805419922,30.9981689453125,29.634489059448242,2.308598041534424,29.47651481628418,29.97137451171875,30.770832061767578,0.0
137,4,143,6,32.371421813964844,30.482664108276367,35.38927459716797,32.89004135131836,2.185443878173828,32.371421813964844,32.763267517089844,33.466548919677734,0.0
138,4,134,6,25.75528907775879,21.508113861083984,25.75528907775879,23.636653900146484,2.540947437286377,22.660860061645508,23.126697540283203,25.129837036132812,0.0
139,4,149,6,23.94538116455078,22.646575927734375,26.17548370361328,24.019058227539062,1.2020783424377441,23.400238037109375,23.94538116455078,24.123598098754883,0.1
140,4,112,6,40.39067077636719,31.81204605102539,40.39067077636719,36.94000244140625,10.767000198364258,34.40449142456055,37.83043670654297,39.843048095703125,0.1
141,4,109,6,20.588485717773438,0.0,20.588485717773438,14.877585411071777,54.14007568359375,13.03853702545166,17.91179656982422,20.55743408203125,0.1
142,4,133,6,21.95865249633789,15.189990997314453,21.95865249633789,18.61338233947754,7.245361328125,16.225631713867188,18.475156784057617,21.197952270507812,0.1
143,4,155,6,20.80579376220703,19.92144012451172,21.73481559753418,20.887163162231445,0.299930214881897,20.80579376220703,20.807266235351562,21.136985778808594,0.0
144,4,149,6,14.860115051269531,14.860115051269531,15.315289497375488,15.05217456817627,0.028452439233660698,14.887975692749023,15.051743507385254,15.163512229919434,0.2
145,4,122,6,34.190704345703125,0.0,34.190704345703125,20.981220245361328,166.6400604248047,11.881542205810547,23.795398712158203,33.095516204833984,0.15
146,4,137,6,17.383861541748047,15.258801460266113,17.383861541748047,16.555299758911133,0.6159317493438721,16.019498825073242,16.74240493774414,17.254947662353516,0.0
147,4,126,6,34.39337921142578,28.87339973449707,38.35004425048828,34.343971252441406,9.103880882263184,33.39588165283203,34.39337921142578,36.34102249145508,0.0
148,4,155,6,28.41250228881836,26.10654067993164,28.517017364501953,27.76274871826172,0.7272933721542358,27.437265396118164,28.11493682861328,28.41250228881836,0.0
149,4,147,6,14.711004257202148,0.0,14.711004257202148,10.746359825134277,25.390653610229492,10.82504653930664,12.23447322845459,14.265848159790039,0.15
150,4,149,6,23.92593765258789,20.51643943786621,23.92593765258789,22.41646957397461,1.6840813159942627,21.38583755493164,22.48750877380371,23.668983459472656,0.0
151,4,157,6,18.985698699951172,18.04278564453125,18.985698699951172,18.49181365966797,0.1554659903049469,18.12893295288086,18.419490814208984,18.893375396728516,0.1
152,4,129,6,18.73311996459961,16.737564086914062,18.73311996459961,17.852005004882812,0.5023894906044006,17.497821807861328,17.718891143798828,18.514293670654297,0.0
153,4,154,6,23.337421417236328,16.726287841796875,23.337421417236328,20.21335220336914,6.654493808746338,18.189800262451172,19.915491104125977,22.80701446533203,0.15
154,4,122,6,102.9578857421875,91.37920379638672,103.15121459960938,98.49315643310547,22.388141632080078,94.86878204345703,99.49471282958984,102.9578857421875,0.0
155,4,156,6,20.407520294189453,18.030305862426758,21.14655876159668,19.88006591796875,0.9511895775794983,19.602588653564453,20.067537307739258,20.407520294189453,0.05
156,4,138,6,31.586458206176758,27.874921798706055,31.586458206176758,29.75595474243164,2.17834734916687,28.59416961669922,29.459596633911133,31.251995086669922,0.0
157,4,132,6,33.853797912597656,31.255512237548828,37.4381103515625,33.79545974731445,3.8513381481170654,32.491493225097656,33.853797912597656,34.21405792236328,0.0
158,4,146,6,25.166378021240234,17.018863677978516,25.166378021240234,20.804040908813477,10.719661712646484,18.223499298095703,19.704715728759766,24.05103302001953,0.0
159,4,141,6,18.68433952331543,17.384906768798828,18.838394165039062,18.370624542236328,0.2467511147260666,18.21146011352539,18.60453224182129,18.68433952331543,0.1
160,4,157,6,23.395057678222656,23.395057678222656,25.202579498291016,24.06961441040039,0.3998768925666809,23.501483917236328,23.99476432800293,24.368785858154297,0.0
161,4,122,6,71.69098663330078,69.33546447753906,77.29216003417969,72.46390533447266,5.790887832641602,71.69098663330078,71.8045654296875,72.62129974365234,0.0
162,4,143,6,36.64581298828125,35.739967346191406,38.17927551269531,36.87687301635742,0.5258695483207703,36.64581298828125,36.791282653808594,37.069400787353516,0.0
163,4,156,6,27.280841827392578,27.280841827392578,29.687789916992188,28.201642990112305,0.7335972189903259,27.417463302612305,28.090389251708984,28.67306900024414,0.0
164,4,104,6,51.84762954711914,44.24620056152344,51.84762954711914,47.715309143066406,9.03178596496582,45.824337005615234,46.29738235473633,50.52680587768555,0.05
165,4,152,6,29.654247283935547,26.066844940185547,30.550979614257812,29.017385482788086,2.5755929946899414,28.22764778137207,29.654247283935547,30.232973098754883,0.1
166,4,148,6,46.58308029174805,42.790740966796875,46.58308029174805,44.59028244018555,2.136134624481201,43.75844955444336,43.924461364746094,45.9429931640625,0.0
167,4,106,6,36.32417297363281,35.5684700012207,36.32417297363281,36.095611572265625,0.06848514080047607,36.031028747558594,36.17903137207031,36.30070877075195,0.0
168,4,140,6,20.393047332763672,18.76283073425293,20.41427993774414,19.812284469604492,0.4203289747238159,19.328411102294922,20.050989151000977,20.393047332763672,0.0
169,4,149,6,34.24214172363281,32.11621856689453,35.18074035644531,33.96760940551758,1.0547213554382324,33.47103500366211,34.24214172363281,34.66835021972656,0.0
170,4,151,6,27.66938591003418,25.737369537353516,28.31232452392578,26.98830795288086,0.9674017429351807,26.01357650756836,27.227153778076172,27.66938591003418,0.0
171,4,137,6,28.52473258972168,27.731599807739258,29.504514694213867,28.648727416992188,0.34492409229278564,28.391075134277344,28.52473258972168,29.076377868652344,0.0
172,4,127,6,5.18960428237915,4.2887468338012695,5.313907623291016,4.799140453338623,0.19244413077831268,4.361901760101318,4.842634677886963,5.18960428237915,0.15
173,4,134,6,43.50001525878906,39.56398010253906,43.50001525878906,41.41064453125,2.453880548477173,40.16209411621094,40.957820892333984,42.92997741699219,0.0
174,4,138,6,15.21796703338623,12.62700366973877,15.21796703338623,14.243451118469238,1.3241196870803833,13.142312049865723,14.864336013793945,15.205154418945312,0.1
175,4,147,6,27.232872009277344,27.232872009277344,29.580068588256836,28.313779830932617,0.8868041038513184,27.37601089477539,28.27982521057129,29.146465301513672,0.0
176,4,148,6,35.005821228027344,35.005821228027344,37.87021255493164,36.51052474975586,1.2845879793167114,35.437625885009766,36.79743194580078,37.4052848815918,0.0
177,4,146,6,37.97209167480469,34.12840270996094,37.97209167480469,36.812103271484375,1.7980778217315674,36.507835388183594,37.17316818237305,37.898094177246094,0.0
178,4,146,6,34.204750061035156,29.551048278808594,34.204750061035156,32.20547103881836,2.954136371612549,31.11981964111328,32.10197448730469,33.88597869873047,0.0
179,4,126,6,14.08206844329834,0.0,14.08206844329834,8.924138069152832,29.42190933227539,5.093966960906982,10.591316223144531,13.911785125732422,0.25
180,4,155,6,27.982250213623047,25.39722442626953,27.982250213623047,26.943098068237305,1.0494016408920288,26.11260986328125,27.17373275756836,27.922990798950195,0.0
181,4,136,6,45.72367858886719,41.403221130371094,45.72367858886719,44.53514862060547,2.3197357654571533,44.222450256347656,45.19648361206055,45.64405059814453,0.0
182,4,150,6,18.21015167236328,18.21015167236328,19.65228271484375,18.960365295410156,0.3330247402191162,18.416614532470703,19.059192657470703,19.449012756347656,0.0
183,4,154,6,39.238094329833984,37.07583236694336,40.34181213378906,39.101295471191406,1.2067979574203491,38.69279098510742,39.238094329833984,39.961708068847656,0.0
184,4,136,6,20.91408920288086,19.926921844482422,21.71765899658203,21.10594940185547,0.38269004225730896,20.91408920288086,21.220434188842773,21.60881805419922,0.0
185,4,145,6,26.03179168701172,22.746387481689453,26.25946807861328,24.657115936279297,2.1900181770324707,23.293869018554688,24.87696647644043,26.03179168701172,0.05
186,4,122,6,24.245454788208008,23.798152923583984,25.26935577392578,24.277734756469727,0.21926382184028625,24.05103874206543,24.15268325805664,24.245454788208008,0.0
187,4,102,6,45.78321075439453,40.566810607910156,64.97538757324219,47.30790328979492,65.60064697265625,43.16067123413086,44.7850341796875,45.78321075439453,0.0
188,4,128,6,11.475140571594238,11.475140571594238,11.997859001159668,11.676397323608398,0.04016440361738205,11.4906587600708,11.621525764465332,11.826850891113281,0.25
189,4,153,6,20.759357452392578,13.501585006713867,20.759357452392578,16.99298858642578,9.335947036743164,14.178010940551758,16.477916717529297,20.11681365966797,0.15
190,4,92,6,38.09651184082031,35.16502380371094,38.09651184082031,36.849205017089844,1.0625108480453491,36.336669921875,36.76311111450195,37.77548599243164,0.0
191,4,143,6,20.647323608398438,19.571353912353516,20.776519775390625,20.428592681884766,0.16435129940509796,20.40134048461914,20.619094848632812,20.647323608398438,0.25
192,4,152,6,23.32897186279297,20.498153686523438,23.32897186279297,22.347698211669922,1.3114250898361206,21.46184539794922,22.946086883544922,23.28636932373047,0.05
193,4,157,6,44.57994842529297,43.83203887939453,45.81830596923828,44.53116226196289,0.39786937832832336,44.17284393310547,44.399681091308594,44.57994842529297,0.0
194,4,152,6,21.145523071289062,12.084943771362305,21.20339012145996,19.161352157592773,10.806037902832031,19.176115036010742,20.938196182250977,21.145523071289062,0.1
195,4,157,6,23.46258544921875,21.523868560791016,23.46258544921875,22.2625789642334,0.7243489623069763,21.698829650878906,21.715009689331055,23.027923583984375,0.0
196,4,131,6,44.375,42.857120513916016,47.40859603881836,45.02899169921875,2.0118441581726074,44.375,44.807193756103516,45.748985290527344,0.0
197,4,130,6,13.250099182128906,10.843003273010254,13.250099182128906,12.202720642089844,0.7517737150192261,11.669636726379395,12.155922889709473,13.01685905456543,0.2
198,4,134,6,17.761798858642578,11.205209732055664,18.205713272094727,16.116865158081055,6.035818576812744,15.358144760131836,17.347753524780273,17.761798858642578,0.25
199,4,138,6,21.43874740600586,8.830841064453125,21.43874740600586,15.75490665435791,31.714359283447266,10.066961288452148,16.84601402282715,21.28191375732422,0.0
200,4,125,6,36.30998992919922,28.659271240234375,36.30998992919922,32.64503860473633,9.341495513916016,30.11475944519043,32.321834564208984,35.7391357421875,0.0
201,4,150,6,13.175430297851562,0.0,13.175430297851562,10.031832695007324,21.421810150146484,10.470171928405762,11.711783409118652,13.079720497131348,0.15
202,4,129,6,21.291748046875,0.0,21.291748046875,14.530152320861816,51.59474182128906,13.541728973388672,15.91979694366455,19.95534896850586,0.05
203,4,75,6,29.95703125,29.13949203491211,29.95703125,29.5726318359375,0.11935698240995407,29.276792526245117,29.554481506347656,29.923179626464844,0.0
204,4,144,6,12.237979888916016,9.023618698120117,12.237979888916016,10.367179870605469,1.9275999069213867,9.135403633117676,9.816553115844727,11.754152297973633,0.0
205,4,144,6,34.12893295288086,31.778104782104492,34.6553955078125,33.20347213745117,1.280996561050415,32.17066192626953,33.29090118408203,34.12893295288086,0.0
206,4,114,6,49.572181701660156,43.167884826660156,49.572181701660156,47.596824645996094,5.404718399047852,46.674835205078125,48.40027618408203,49.55554962158203,0.0
207,4,142,6,26.72633934020996,24.922744750976562,26.72633934020996,26.12897300720215,0.41242989897727966,25.849327087402344,26.358562469482422,26.63567352294922,0.0
208,4,118,6,31.739234924316406,31.345163345336914,31.83222198486328,31.614484786987305,0.0380256250500679,31.43074607849121,31.712158203125,31.739234924316406,0.0
209,4,90,6,37.91419219970703,37.46961212158203,40.765926361083984,38.86530303955078,1.665368914604187,37.91419219970703,38.28540802001953,40.017608642578125,0.0
210,4,121,6,21.899288177490234,0.0,21.899288177490234,16.899972915649414,58.602447509765625,19.020263671875,19.305269241333008,21.299880981445312,0.2
211,4,142,6,72.501220703125,65.468994140625,72.54689025878906,70.03895568847656,7.804475784301758,67.9529037475586,71.20925903320312,72.501220703125,0.0
212,4,126,6,24.524673461914062,14.060819625854492,24.524673461914062,21.99917221069336,14.150178909301758,21.600940704345703,23.936603546142578,24.519615173339844,0.0
213,4,120,6,24.435989379882812,0.0,24.435989379882812,17.80362319946289,69.65971374511719,18.216968536376953,19.913049697875977,23.659290313720703,0.2
214,4,125,6,36.15119552612305,35.840858459472656,36.84485626220703,36.33680725097656,0.10649668425321579,36.15119552612305,36.320030212402344,36.530120849609375,0.0
215,4,148,6,11.171326637268066,11.071846008300781,12.124822616577148,11.448548316955566,0.18771205842494965,11.165205955505371,11.171326637268066,11.784433364868164,0.2
216,4,127,6,30.265335083007812,26.93694305419922,30.265335083007812,28.97587013244629,1.32229483127594,28.479726791381836,29.007522583007812,30.002456665039062,0.0
217,4,150,6,32.95824432373047,31.74412727355957,33.103965759277344,32.550315856933594,0.2633373439311981,32.140167236328125,32.741947174072266,32.95824432373047,0.0
218,4,146,6,28.447582244873047,23.425769805908203,28.447582244873047,26.18981170654297,4.6378397941589355,24.03662109375,26.630094528198242,28.282421112060547,0.1
219,4,125,6,18.056137084960938,14.572057723999023,18.056137084960938,16.56021499633789,1.4779545068740845,16.052148818969727,16.352195739746094,17.645477294921875,0.05
220,4,154,6,38.83184051513672,36.797428131103516,39.584075927734375,38.168418884277344,0.9518620371818542,37.4537239074707,38.186195373535156,38.83184051513672,0.0
221,4,159,6,20.641103744506836,17.234617233276367,20.641103744506836,19.436643600463867,1.6630598306655884,18.58489227294922,19.971702575683594,20.501510620117188,0.1
222,4,146,6,19.761329650878906,19.761329650878906,21.474811553955078,20.432567596435547,0.4097561836242676,19.850494384765625,20.27765655517578,20.891294479370117,0.1
223,4,149,6,36.88617706298828,19.033119201660156,36.88617706298828,30.51832389831543,35.7559814453125,29.62836265563965,30.374231338500977,35.3903923034668,0.05
224,4,139,6,22.444503784179688,0.0,22.444503784179688,16.675941467285156,58.983646392822266,18.02448272705078,18.640193939208984,21.543678283691406,0.2
225,4,156,6,25.15549659729004,19.935876846313477,25.15549659729004,21.878368377685547,5.4674811363220215,20.018020629882812,20.5285701751709,24.087541580200195,0.15
226,4,158,6,24.280628204345703,19.518142700195312,24.280628204345703,22.157291412353516,3.6508238315582275,20.407257080078125,22.499679565429688,23.951799392700195,0.1
227,4,123,6,53.643795013427734,53.643795013427734,63.583885192871094,57.92741394042969,15.177836418151855,54.15312576293945,57.38385772705078,61.21561813354492,0.0
228,4,138,6,23.875106811523438,20.313940048217773,26.402114868164062,24.137239456176758,3.6760671138763428,23.875106811523438,24.507781982421875,25.19764518737793,0.05
229,4,153,6,38.80510711669922,38.80510711669922,39.28062057495117,38.999847412109375,0.028998633846640587,38.84742736816406,38.98590087890625,39.101680755615234,0.0
230,4,157,6,51.771236419677734,51.068756103515625,52.615478515625,51.8138427734375,0.3259985148906708,51.35338592529297,51.771236419677734,52.274497985839844,0.0
231,4,116,6,15.338044166564941,0.0,15.338044166564941,8.22573184967041,30.215408325195312,5.858513355255127,6.484482288360596,13.169265747070312,0.2
232,4,157,6,29.470407485961914,27.951608657836914,29.470407485961914,28.95230484008789,0.27471819519996643,28.763017654418945,29.061748504638672,29.394092559814453,0.0
233,4,141,6,46.310455322265625,44.02925109863281,46.865474700927734,45.712135314941406,1.0039204359054565,45.038963317871094,46.18414306640625,46.310455322265625,0.0
234,4,118,6,8.704439163208008,0.0,8.704439163208008,5.471846103668213,10.250604629516602,3.631194829940796,6.006774425506592,8.457008361816406,0.2
235,4,131,6,19.74437713623047,17.518760681152344,19.74437713623047,18.952743530273438,0.5729320645332336,18.732471466064453,19.00550079345703,19.602022171020508,0.2
236,4,150,6,22.377193450927734,21.218185424804688,24.05776596069336,22.468807220458984,0.7399110794067383,22.086891174316406,22.377193450927734,22.688581466674805,0.0
237,4,138,6,27.475948333740234,26.054237365722656,27.475948333740234,27.051319122314453,0.2489967793226242,26.905364990234375,27.235363006591797,27.442569732666016,0.0
238,4,150,6,21.460189819335938,16.456615447998047,21.460189819335938,19.417085647583008,3.3816142082214355,18.15690803527832,19.709135055541992,21.07323455810547,0.05
239,4,156,6,19.525911331176758,16.81943130493164,19.525911331176758,18.645971298217773,0.856739342212677,18.395965576171875,18.861854553222656,19.390047073364258,0.0
240,4,152,6,19.827524185180664,19.827524185180664,21.475414276123047,20.594926834106445,0.4648403823375702,19.911087036132812,20.565773010253906,21.223108291625977,0.0
241,4,160,6,27.283245086669922,24.384918212890625,28.703449249267578,26.33698272705078,2.335719108581543,25.045761108398438,26.371143341064453,27.283245086669922,0.0
242,4,124,6,38.595130920410156,36.1802978515625,38.95380783081055,37.851470947265625,1.0504626035690308,37.08260726928711,38.30331039428711,38.595130920410156,0.0
243,4,151,6,35.27819061279297,34.15205383300781,35.9434700012207,35.17948532104492,0.39117714762687683,34.789642333984375,35.27819061279297,35.66820526123047,0.0
244,4,146,6,13.140897750854492,0.0,13.237743377685547,10.529488563537598,22.701656341552734,11.476850509643555,12.83664321899414,13.140897750854492,0.15
245,4,156,6,33.22733688354492,29.302082061767578,33.371246337890625,31.791095733642578,2.4652326107025146,30.73357391357422,32.094024658203125,33.22733688354492,0.05
246,4,148,6,29.93024444580078,27.35220718383789,32.122684478759766,29.689970016479492,2.0022928714752197,29.19321632385254,29.875234603881836,29.93024444580078,0.05
247,4,154,6,21.951810836791992,20.266088485717773,22.88243865966797,21.804895401000977,0.6358084082603455,21.650827407836914,21.951810836791992,22.157995223999023,0.25
248,4,153,6,34.41547393798828,33.81180191040039,37.13178253173828,35.20423126220703,1.6185493469238281,34.41547393798828,34.537841796875,36.2580451965332,0.0
249,4,140,6,38.195594787597656,34.695274353027344,38.195594787597656,36.900997161865234,1.4631119966506958,36.4804801940918,36.91973114013672,37.986114501953125,0.0
250,4,132,6,13.876421928405762,12.06412124633789,13.876421928405762,12.877586364746094,0.5550968050956726,12.237735748291016,12.656820297241211,13.599177360534668,0.1
251,4,149,6,16.733779907226562,10.786396026611328,16.733779907226562,15.080214500427246,4.911036014556885,14.239486694335938,16.34328842163086,16.6380558013916,0.05
252,4,110,6,33.82744598388672,31.566913604736328,39.15296936035156,34.50878143310547,5.819321155548096,33.190040588378906,33.82744598388672,35.23211669921875,0.0
253,4,157,6,31.080791473388672,28.286579132080078,31.925132751464844,30.672536849975586,1.305440902709961,30.663896560668945,31.080791473388672,31.12294578552246,0.0
254,4,131,6,37.15239715576172,33.31993103027344,37.15239715576172,34.866729736328125,2.6547141075134277,33.754642486572266,33.93671798706055,36.35468292236328,0.0
255,4,145,6,58.24633026123047,51.40489196777344,58.24633026123047,54.62348937988281,7.335334300994873,52.673099517822266,53.6013069152832,57.292869567871094,0.0
256,4,145,6,12.828612327575684,0.0,13.386764526367188,10.475422859191895,22.228187561035156,11.896432876586914,12.374284744262695,12.828612327575684,0.2
257,4,145,6,70.69032287597656,61.06451416015625,70.69032287597656,66.73634338378906,11.0233793258667,65.53683471679688,66.23872375488281,69.72187805175781,0.05
258,4,111,6,23.12693977355957,17.576553344726562,23.12693977355957,21.321617126464844,5.605350494384766,19.478572845458984,22.839017868041992,23.102069854736328,0.1
259,4,135,6,40.00630187988281,38.78899383544922,46.31230926513672,42.87019348144531,10.863471031188965,40.00630187988281,43.0068473815918,46.07673645019531,0.0
260,4,141,6,15.341079711914062,11.955033302307129,15.341079711914062,14.30175495147705,1.6715764999389648,13.576089859008789,15.00615119934082,15.303570747375488,0.05
261,4,144,6,13.201387405395508,12.656526565551758,14.397636413574219,13.638805389404297,0.42557379603385925,13.201387405395508,13.636608123779297,14.246004104614258,0.1
262,4,147,6,13.442808151245117,0.0,14.368232727050781,11.324363708496094,25.985000610351562,12.776764869689941,13.442808151245117,13.963887214660645,0.25
263,4,155,6,50.40526580810547,43.794437408447266,50.40526580810547,47.12453842163086,6.190917015075684,45.508277893066406,46.46312713623047,49.43924331665039,0.0
264,4,131,6,17.16069793701172,12.910810470581055,17.9293270111084,15.96725082397461,3.7265725135803223,14.493042945861816,17.068784713745117,17.16069793701172,0.2
265,4,138,6,35.670780181884766,31.628936767578125,36.64622497558594,34.9515266418457,2.4964935779571533,35.003257751464844,35.401466369628906,35.670780181884766,0.05
266,4,136,6,33.00476837158203,26.46253776550293,33.00476837158203,30.090816497802734,7.945061206817627,27.697830200195312,30.203369140625,32.9069938659668,0.0
267,4,137,6,32.59294891357422,31.731088638305664,34.402862548828125,32.67354965209961,0.687713086605072,32.291072845458984,32.546478271484375,32.59294891357422,0.1
268,4,147,6,33.60472869873047,33.60472869873047,37.36066436767578,35.429779052734375,2.32716703414917,33.949615478515625,35.389122009277344,36.87123489379883,0.15
269,4,158,6,32.45478057861328,30.94269561767578,33.14684295654297,32.2197151184082,0.4657159447669983,32.00454330444336,32.45478057861328,32.462242126464844,0.0
270,4,137,6,41.64116668701172,40.39618682861328,41.64116668701172,41.07582473754883,0.26643335819244385,40.578033447265625,41.15686798095703,41.57829284667969,0.0
271,4,123,6,14.334006309509277,14.334006309509277,15.380085945129395,14.781229019165039,0.14752957224845886,14.413978576660156,14.772195816040039,15.04378604888916,0.0
272,4,129,6,56.55818176269531,56.55818176269531,58.99917984008789,57.87956619262695,0.9462109804153442,56.9490852355957,58.23985290527344,58.6010856628418,0.0
273,4,151,6,17.40426254272461,14.960402488708496,17.40426254272461,16.09758758544922,0.957721471786499,15.319256782531738,15.833541870117188,17.01284408569336,0.1
274,4,148,6,16.637939453125,14.499762535095215,17.88223648071289,16.39185333251953,1.4103318452835083,15.574987411499023,16.637939453125,17.263914108276367,0.25
275,4,135,6,47.91602325439453,42.96691131591797,47.91602325439453,45.432857513427734,4.1233720779418945,43.48697280883789,45.391510009765625,47.407169342041016,0.0
276,4,104,6,34.359283447265625,21.765682220458984,34.359283447265625,30.614320755004883,21.980262756347656,28.446964263916016,33.09573745727539,34.128013610839844,0.1
277,4,155,6,31.425460815429688,21.764310836791992,31.425460815429688,27.035533905029297,15.665837287902832,23.34872055053711,27.48291778564453,30.93593978881836,0.0
278,4,106,6,21.18001365661621,20.35824966430664,21.18001365661621,20.806713104248047,0.09270370006561279,20.594406127929688,20.78062629699707,21.101482391357422,0.0
279,4,158,6,29.288198471069336,28.895112991333008,30.212879180908203,29.63163185119629,0.2451351433992386,29.288198471069336,29.669279098510742,30.053871154785156,0.0
280,4,145,6,12.554727554321289,12.085073471069336,13.05662727355957,12.591650009155273,0.08158829808235168,12.554727554321289,12.571809768676758,12.67961311340332,0.1
281,4,143,6,34.60965347290039,32.992950439453125,34.60965347290039,33.80318069458008,0.3677554130554199,33.45423889160156,33.57923126220703,34.3788948059082,0.0
282,4,120,6,25.86067008972168,21.45410919189453,27.387054443359375,24.415607452392578,4.471230983734131,22.640419006347656,24.738269805908203,25.86067008972168,0.15
283,4,145,6,43.46064758300781,41.56737518310547,44.79552459716797,43.69145965576172,1.1824650764465332,43.46064758300781,43.80508804321289,44.57366180419922,0.0
284,4,148,6,16.053848266601562,15.41842269897461,16.190908432006836,15.977153778076172,0.06565388292074203,16.027315139770508,16.053848266601562,16.109027862548828,0.15
285,4,157,6,20.930702209472656,19.660140991210938,21.260278701782227,20.602008819580078,0.402346670627594,20.0673885345459,20.930702209472656,21.0206298828125,0.0
286,4,130,6,31.58238983154297,0.0,31.58238983154297,24.112974166870117,120.53850555419922,26.381427764892578,27.753276824951172,30.686885833740234,0.2
287,4,149,6,23.161169052124023,23.161169052124023,26.6309814453125,24.59360122680664,1.5275442600250244,23.48642921447754,24.534809112548828,25.30586051940918,0.0
288,4,145,6,21.550195693969727,19.146198272705078,22.195419311523438,20.98684310913086,0.9400026798248291,20.674026489257812,21.21036148071289,21.550195693969727,0.05
289,4,132,6,6.214838027954102,5.356407642364502,6.410234451293945,5.99252462387085,0.11750450730323792,5.865875244140625,6.060666561126709,6.214838027954102,0.15
290,4,111,6,11.960165023803711,0.0,11.960165023803711,8.911168098449707,17.113170623779297,9.078274726867676,10.407007217407227,11.64484977722168,0.2
291,4,136,6,37.682220458984375,36.96064758300781,37.86607360839844,37.489967346191406,0.0872589498758316,37.36182403564453,37.540775299072266,37.682220458984375,0.0
292,4,119,6,73.14714813232422,64.5102310180664,73.14714813232422,68.82324981689453,11.036730766296387,66.30413818359375,68.1348648071289,72.0225830078125,0.0
293,4,154,6,60.632568359375,55.500213623046875,60.750511169433594,59.27933883666992,3.4608418941497803,58.8115119934082,60.124900817871094,60.632568359375,0.05
294,4,108,6,23.170757293701172,22.350187301635742,23.170757293701172,22.7914981842041,0.09390304982662201,22.57002067565918,22.773643493652344,23.077373504638672,0.0
295,4,118,6,24.039997100830078,22.926612854003906,24.039997100830078,23.58324432373047,0.14930252730846405,23.412078857421875,23.561115264892578,23.92644500732422,0.0
296,4,151,6,35.57440185546875,21.966651916503906,35.57440185546875,31.121753692626953,27.586238861083984,27.712697982788086,33.76115798950195,35.418243408203125,0.05
297,4,144,6,5.922358512878418,4.988809585571289,5.922358512878418,5.482287883758545,0.12473499029874802,5.213588714599609,5.456824779510498,5.816506385803223,0.25
298,4,144,6,44.625057220458984,44.625057220458984,47.02152633666992,45.43038558959961,0.6794014573097229,44.72704315185547,45.31734085083008,45.65740966796875,0.0
299,4,148,6,17.549545288085938,15.603616714477539,18.80133819580078,17.66393280029297,1.0382252931594849,17.549545288085938,17.881423950195312,18.253009796142578,0.25
300,4,147,6,20.614850997924805,16.59368133544922,21.195646286010742,19.406145095825195,3.9526796340942383,17.620288848876953,20.614850997924805,20.750518798828125,0.1
301,4,142,6,67.29086303710938,67.29086303710938,69.0294189453125,68.298828125,0.5384306311607361,67.58129119873047,68.64788818359375,68.87535858154297,0.0
302,4,139,6,13.362859725952148,12.457229614257812,13.362859725952148,13.026570320129395,0.1254236102104187,12.751450538635254,13.164478302001953,13.338570594787598,0.05
303,4,143,6,20.532752990722656,18.568193435668945,20.532752990722656,19.742300033569336,0.46792393922805786,19.418176651000977,19.74786376953125,20.348602294921875,0.05
304,4,148,6,43.810935974121094,38.90398406982422,46.36971664428711,42.591129302978516,7.017560958862305,40.3222541809082,43.57161331176758,43.810935974121094,0.0
305,4,142,6,30.64628028869629,27.768232345581055,30.64628028869629,29.28307342529297,1.4086568355560303,28.22163200378418,29.257434844970703,30.483877182006836,0.0
306,4,113,6,37.775997161865234,37.354095458984375,44.35664367675781,39.16596221923828,5.950737953186035,37.775997161865234,37.89772033691406,39.2900505065918,0.0
307,4,86,6,30.394351959228516,0.0,30.394351959228516,24.161216735839844,119.98501586914062,26.152080535888672,29.5040225982666,30.273603439331055,0.15
308,4,137,6,34.802494049072266,29.911102294921875,35.65261459350586,33.37761306762695,3.789943218231201,32.43023681640625,33.793739318847656,34.802494049072266,0.0
309,4,141,6,17.146114349365234,16.083572387695312,17.146114349365234,16.730581283569336,0.16944584250450134,16.412372589111328,16.83620834350586,17.116769790649414,0.1
310,4,113,6,24.114646911621094,21.859107971191406,27.719863891601562,24.122177124023438,3.1730098724365234,23.349206924438477,23.901716232299805,24.114646911621094,0.0
311,4,144,6,39.16021728515625,33.10502624511719,39.16021728515625,37.73265075683594,4.543684482574463,37.91845703125,38.559059143066406,39.12047576904297,0.05
312,4,152,6,23.853391647338867,21.717193603515625,23.996978759765625,23.209428787231445,0.6442615985870361,22.868934631347656,23.43447494506836,23.853391647338867,0.0
313,4,95,6,47.14295959472656,45.834693908691406,48.184539794921875,47.36882400512695,0.6342667937278748,47.14295959472656,47.54724884033203,47.95507049560547,0.0
314,4,147,6,34.49843978881836,33.07511901855469,34.90721130371094,34.21403121948242,0.38110774755477905,33.92988967895508,34.49843978881836,34.548057556152344,0.0
315,4,143,6,33.291831970214844,32.61902618408203,37.12602233886719,34.452667236328125,2.4408352375030518,33.291831970214844,34.03573989868164,35.400638580322266,0.0
316,4,142,6,29.073379516601562,25.758533477783203,29.073379516601562,27.680770874023438,1.6557209491729736,26.611509323120117,27.969249725341797,28.858776092529297,0.1
317,4,129,6,73.41957092285156,63.515830993652344,75.14340209960938,69.95262145996094,18.243972778320312,66.7785415649414,70.59427642822266,73.41957092285156,0.0
318,4,157,6,24.760854721069336,23.951541900634766,25.180559158325195,24.6165828704834,0.14032946527004242,24.469898223876953,24.694793701171875,24.760854721069336,0.0
319,4,126,6,21.609085083007812,19.36863899230957,22.394025802612305,21.179847717285156,0.8846670985221863,20.911907196044922,21.466323852539062,21.609085083007812,0.0
320,4,128,6,38.718170166015625,35.668434143066406,38.718170166015625,37.22966003417969,1.7412312030792236,36.043663024902344,37.12371063232422,38.57614517211914,0.0
321,4,140,6,19.16602897644043,17.99789047241211,22.104461669921875,19.978164672851562,1.809294581413269,19.16602897644043,19.928422927856445,20.730525970458984,0.0
322,4,146,6,29.572124481201172,22.783601760864258,29.572124481201172,25.695907592773438,7.7335357666015625,23.951183319091797,24.171199798583984,28.242408752441406,0.0
323,4,141,6,28.695423126220703,24.66121482849121,28.695423126220703,27.16575813293457,3.2584800720214844,25.410381317138672,28.129262924194336,28.688791275024414,0.0
324,4,139,6,37.90945816040039,35.36001968383789,39.7403678894043,37.49165344238281,2.012866497039795,36.55275344848633,37.90945816040039,37.92494201660156,0.0
325,4,114,6,39.69755554199219,34.170204162597656,39.69755554199219,37.03786849975586,6.3844075202941895,34.606658935546875,37.07465744018555,39.588279724121094,0.1
326,4,130,6,54.99021911621094,47.467674255371094,54.99021911621094,52.04946517944336,8.217857360839844,49.965850830078125,52.65385055541992,54.75946807861328,0.0
327,4,147,6,19.865890502929688,17.78956413269043,19.865890502929688,18.734060287475586,0.7317612767219543,17.983261108398438,18.495588302612305,19.582828521728516,0.0
328,4,148,6,16.153106689453125,8.653522491455078,16.153106689453125,12.86422348022461,8.624700546264648,10.324722290039062,13.311359405517578,15.647953033447266,0.1
329,4,137,6,20.34932518005371,15.120275497436523,20.34932518005371,18.142122268676758,4.383635997772217,16.36321258544922,18.493528366088867,20.18061065673828,0.05
330,4,154,6,22.8087100982666,19.198333740234375,22.8087100982666,20.53036117553711,2.611206531524658,19.3460693359375,19.52516746520996,22.010107040405273,0.2
331,4,142,6,31.357376098632812,30.542856216430664,36.38518524169922,32.06636047363281,3.8980813026428223,31.012409210205078,31.357376098632812,31.732803344726562,0.0
332,4,140,6,19.87456703186035,0.0,19.87456703186035,14.499982833862305,46.540977478027344,14.680524826049805,16.298412322998047,19.36505889892578,0.15
333,4,141,6,25.513534545898438,25.513534545898438,29.44113540649414,27.176294326782227,2.1208784580230713,25.829402923583984,27.01740264892578,28.230514526367188,0.1
334,4,150,6,18.207334518432617,17.27093505859375,18.207334518432617,17.705493927001953,0.14735063910484314,17.383872985839844,17.589332580566406,18.092817306518555,0.15
335,4,148,6,19.26496696472168,19.26496696472168,22.556276321411133,20.74480628967285,1.3840360641479492,19.64874839782715,20.972667694091797,21.364280700683594,0.0
336,4,133,6,71.31189727783203,71.31189727783203,76.9256591796875,73.88148498535156,5.554195880889893,71.51519775390625,73.75660705566406,76.01669311523438,0.0
337,4,112,6,66.92536926269531,61.724822998046875,70.01504516601562,66.77591705322266,6.2294392585754395,66.92536926269531,67.07817077636719,67.68318939208984,0.0
338,4,154,6,16.675125122070312,15.502235412597656,16.675125122070312,16.303802490234375,0.15472517907619476,16.277355194091797,16.3509464263916,16.605785369873047,0.05
339,4,131,6,34.89372253417969,28.81448745727539,36.32537841796875,32.961769104003906,6.8184075355529785,31.268430709838867,33.31090545654297,34.89372253417969,0.0
340,4,141,6,8.342887878417969,8.106557846069336,8.860635757446289,8.451337814331055,0.056661397218704224,8.342887878417969,8.387200355529785,8.57553482055664,0.25
341,4,158,6,17.354001998901367,17.354001998901367,19.32023811340332,18.050979614257812,0.5086529850959778,17.403186798095703,17.902502059936523,18.418033599853516,0.1
342,4,138,6,21.076553344726562,20.947052001953125,21.65835952758789,21.284761428833008,0.06902582943439484,21.076553344726562,21.262428283691406,21.48838996887207,0.0
343,4,136,6,20.2506103515625,16.240829467773438,24.78082275390625,21.351472854614258,8.32274341583252,20.2506103515625,21.260101318359375,23.80467414855957,0.1
344,4,149,6,10.275558471679688,0.0,10.91814136505127,8.118833541870117,14.062686920166016,8.302590370178223,9.76799488067627,10.275558471679688,0.15
345,4,138,6,31.905742645263672,31.150922775268555,35.13282012939453,32.83268356323242,1.8256151676177979,31.905742645263672,32.46800231933594,33.66051483154297,0.2
346,4,143,6,40.60639953613281,40.60639953613281,43.07810974121094,42.13816452026367,1.191275954246521,41.117713928222656,42.759239196777344,42.981407165527344,0.0
347,4,127,6,19.29657745361328,0.0,19.29657745361328,14.821434020996094,45.2310676574707,16.55929183959961,16.942161560058594,18.72256851196289,0.2
348,4,97,6,75.55838775634766,70.06310272216797,78.02104187011719,74.86161041259766,6.431324005126953,73.99302673339844,75.55838775634766,76.2627182006836,0.0
349,4,123,6,19.29631996154785,17.370155334472656,19.29631996154785,18.45530891418457,0.5234268307685852,17.905231475830078,18.496009826660156,19.147794723510742,0.0
350,4,133,6,19.60055923461914,18.133209228515625,19.60055923461914,18.744340896606445,0.38881418108940125,18.224590301513672,18.49894905090332,19.325664520263672,0.0
351,4,148,6,10.656055450439453,10.656055450439453,13.740364074707031,12.524162292480469,1.7864638566970825,11.277617454528809,13.215605735778809,13.568193435668945,0.05
352,4,156,6,28.879642486572266,27.56751251220703,28.879642486572266,28.492340087890625,0.24130281805992126,28.254398345947266,28.75133514404297,28.874427795410156,0.0
353,4,96,6,57.27779006958008,51.48823547363281,57.27779006958008,54.375343322753906,5.848219394683838,52.07892608642578,54.2108039855957,56.82478713989258,0.0
354,4,67,6,40.63799285888672,37.85911560058594,40.63799285888672,40.08176040649414,1.0084364414215088,40.30237579345703,40.56730651855469,40.625404357910156,0.0
355,4,154,6,15.729982376098633,13.834819793701172,15.729982376098633,15.103618621826172,0.43423521518707275,14.87080192565918,15.296170234680176,15.625707626342773,0.05
356,4,152,6,39.97661590576172,33.331390380859375,39.97661590576172,36.92424774169922,6.906311511993408,34.59052276611328,37.11062240600586,39.47697448730469,0.1
357,4,125,6,24.695682525634766,0.0,25.223703384399414,19.719703674316406,79.67761993408203,21.659698486328125,23.465503692626953,24.695682525634766,0.15
358,4,89,6,16.814666748046875,0.0,16.814666748046875,10.586174964904785,33.16135025024414,8.463629722595215,10.944330215454102,15.618826866149902,0.2
359,4,145,6,19.802627563476562,0.0,20.586509704589844,15.158498764038086,50.44230270385742,15.230966567993164,17.739768981933594,19.802627563476562,0.15
360,4,155,6,22.056039810180664,21.699874877929688,22.237350463867188,22.026653289794922,0.03578358143568039,21.925418853759766,22.056039810180664,22.185562133789062,0.0
361,4,128,6,23.600461959838867,0.0,23.600461959838867,17.232650756835938,67.33006286621094,16.36751365661621,20.404476165771484,23.074588775634766,0.15
362,4,120,6,40.07710647583008,37.27658462524414,43.4627685546875,40.01475524902344,3.875006914138794,38.724143981933594,40.07710647583008,40.710628509521484,0.0
363,4,139,6,17.784709930419922,16.59398078918457,17.784709930419922,17.25732421875,0.2513790726661682,16.829179763793945,17.2864990234375,17.75826072692871,0.0
364,4,40,6,0.0,0.0,15.416210174560547,9.929354667663574,49.398292541503906,3.602890729904175,14.527073860168457,14.989973068237305,0.25
365,4,154,6,23.726314544677734,19.5671329498291,23.726314544677734,22.47119903564453,2.2547073364257812,21.957725524902344,22.971691131591797,23.72089385986328,0.0
366,4,142,6,43.46745681762695,43.461814880371094,46.030029296875,44.32780838012695,1.1022286415100098,43.46745681762695,43.7489013671875,45.139896392822266,0.0
367,4,111,6,23.161903381347656,0.0,23.161903381347656,13.726058006286621,68.804931640625,8.787989616394043,14.497897148132324,21.109947204589844,0.15
368,4,98,6,20.250167846679688,0.0,20.250167846679688,12.011622428894043,51.870548248291016,8.33769702911377,11.70208740234375,18.824892044067383,0.2
369,4,129,6,28.445274353027344,21.545787811279297,28.445274353027344,25.37786102294922,7.188642978668213,23.117076873779297,25.614608764648438,27.97539710998535,0.0
370,4,158,6,30.800003051757812,23.25356674194336,30.800003051757812,27.301694869995117,8.285543441772461,25.165660858154297,26.984912872314453,30.1668758392334,0.0
371,4,141,6,27.8513126373291,26.28992462158203,27.8513126373291,27.15745735168457,0.3310436010360718,26.757198333740234,27.137529373168945,27.70789909362793,0.0
372,4,131,6,21.235931396484375,21.235931396484375,22.355133056640625,21.677326202392578,0.22497107088565826,21.237638473510742,21.504070281982422,22.112958908081055,0.0
373,4,107,6,21.155742645263672,0.0,21.155742645263672,14.499711990356445,50.22960662841797,14.126754760742188,15.469281196594238,19.78586196899414,0.2
374,4,134,6,36.76101303100586,34.537322998046875,40.18572998046875,37.347373962402344,3.231626033782959,36.76101303100586,36.82860565185547,38.431270599365234,0.05
375,4,150,6,25.36349105834961,23.79705238342285,26.532596588134766,25.26494026184082,0.6718342900276184,25.025623321533203,25.36349105834961,25.555877685546875,0.0
376,4,149,6,51.25764846801758,45.646087646484375,51.25764846801758,49.60469055175781,4.391664505004883,48.6259880065918,50.73124694824219,51.186073303222656,0.0
377,4,154,6,45.93408203125,45.93408203125,48.72879409790039,47.03287124633789,0.902492105960846,46.213287353515625,47.13352966308594,47.30394744873047,0.0
378,4,131,6,41.0316162109375,38.94915771484375,41.501041412353516,40.817108154296875,0.7343931794166565,41.0112419128418,41.0316162109375,41.29647445678711,0.0
379,4,133,6,5.536229133605957,4.792287826538086,5.539764404296875,5.360445499420166,0.06959464401006699,5.375288963317871,5.4614481925964355,5.536229133605957,0.25
380,4,118,6,42.734893798828125,42.734893798828125,45.37785339355469,43.91681671142578,1.2275056838989258,42.8209228515625,43.76732635498047,44.95286178588867,0.0
381,4,148,6,15.669963836669922,15.157995223999023,16.511592864990234,15.895445823669434,0.19976642727851868,15.669963836669922,15.890953063964844,16.216398239135742,0.0
382,4,146,6,25.675518035888672,22.866884231567383,25.675518035888672,24.69122886657715,0.9458575248718262,24.300800323486328,24.890628814697266,25.512296676635742,0.0
383,4,135,6,40.062862396240234,35.885292053222656,40.062862396240234,38.27104949951172,2.437601327896118,37.26166534423828,38.19119644165039,39.80575180053711,0.0
384,4,141,6,50.569522857666016,29.668842315673828,50.569522857666016,40.64750289916992,90.13481140136719,30.96261978149414,41.63426208496094,50.138099670410156,0.0
385,4,106,6,44.36162185668945,42.095054626464844,48.60245132446289,45.124996185302734,3.9763498306274414,44.36162185668945,44.689659118652344,45.988075256347656,0.0
386,4,156,6,7.38845682144165,0.0,7.38845682144165,5.4389777183532715,6.475546836853027,5.452082633972168,6.329159736633301,7.152813911437988,0.25
387,4,74,6,26.213777542114258,26.213777542114258,26.409526824951172,26.320934295654297,0.006137961056083441,26.2454776763916,26.356796264648438,26.374454498291016,0.0
388,4,113,6,61.46818161010742,51.98686599731445,61.46818161010742,57.428863525390625,13.046992301940918,54.976234436035156,57.368621826171875,60.993751525878906,0.05
389,4,141,6,32.71506118774414,31.49168586730957,35.29559326171875,32.86191177368164,1.5363589525222778,31.98580551147461,32.71506118774414,33.087284088134766,0.0
390,4,141,6,38.393035888671875,33.45162582397461,39.54825973510742,37.27644729614258,4.985320568084717,35.85820388793945,38.393035888671875,38.74286651611328,0.05
391,4,149,6,42.01909637451172,38.995948791503906,42.176116943359375,41.24979019165039,1.2200074195861816,40.99582290649414,41.730079650878906,42.01909637451172,0.0
392,4,150,6,5.759306907653809,0.0,6.565998554229736,5.077348232269287,5.235455513000488,5.759306907653809,5.935422420501709,6.2288384437561035,0.25
393,4,106,6,53.508705139160156,45.892616271972656,54.26482009887695,52.537010192871094,8.916893005371094,53.508705139160156,53.679771423339844,54.11000061035156,0.0
394,4,111,6,17.90592384338379,16.121479034423828,17.90592384338379,17.05190086364746,0.47534629702568054,16.491987228393555,17.024433135986328,17.696578979492188,0.0
395,4,132,6,21.254379272460938,11.980979919433594,21.254379272460938,17.440563201904297,11.263007164001465,15.291454315185547,17.786346435546875,20.47821617126465,0.05
396,4,156,6,23.898643493652344,23.266122817993164,24.011199951171875,23.70120620727539,0.08106407523155212,23.462249755859375,23.836544036865234,23.898643493652344,0.0
397,4,153,6,24.731861114501953,20.335641860961914,24.731861114501953,22.36722183227539,3.8782546520233154,20.46341896057129,21.993122100830078,24.395328521728516,0.15
398,4,143,6,37.22137451171875,27.975330352783203,37.22137451171875,33.1964111328125,10.888394355773926,31.340686798095703,32.956512451171875,36.18912887573242,0.0
399,4,146,6,25.329906463623047,15.735893249511719,25.329906463623047,21.596721649169922,12.682175636291504,19.116580963134766,22.477964401245117,24.79134750366211,0.05
400,4,142,6,14.729702949523926,12.368745803833008,14.729702949523926,13.675846099853516,0.7196767330169678,13.189544677734375,13.552635192871094,14.47529125213623,0.05
401,4,78,6,48.860260009765625,26.90283203125,48.860260009765625,39.35162353515625,69.08401489257812,33.854896545410156,38.83238983154297,47.57270812988281,0.15
402,4,127,6,50.4615592956543,40.44710159301758,50.4615592956543,46.67379379272461,12.047017097473145,45.15598678588867,47.06006622314453,49.63452911376953,0.0
403,4,139,6,26.613880157470703,0.0,26.613880157470703,18.470287322998047,79.78926086425781,18.21181869506836,19.88134765625,25.06271743774414,0.2
404,4,132,6,21.03270721435547,16.2778377532959,21.03270721435547,18.690113067626953,3.3903112411499023,17.36371612548828,18.225648880004883,20.533239364624023,0.1
405,4,110,6,99.15082550048828,85.74787902832031,99.15082550048828,95.71746826171875,21.133100509643555,96.39476013183594,96.94945526123047,98.7103500366211,0.0
406,4,142,6,36.94696807861328,28.331890106201172,36.94696807861328,34.40260696411133,8.799009323120117,34.0039176940918,35.124298095703125,36.72437286376953,0.05
407,4,122,6,72.23207092285156,67.80477905273438,74.96572875976562,71.56927490234375,5.312726974487305,70.21012878417969,72.23207092285156,72.54164123535156,0.1
408,4,144,6,23.155908584594727,21.197040557861328,23.155908584594727,22.13726043701172,0.6321637630462646,21.431228637695312,21.989540100097656,22.932188034057617,0.0
409,4,124,6,11.942012786865234,10.457964897155762,11.942012786865234,11.576394081115723,0.2802715599536896,11.526205062866211,11.841117858886719,11.926468849182129,0.05
410,4,153,6,14.279745101928711,12.92921257019043,14.575660705566406,14.095768928527832,0.297760546207428,14.114185333251953,14.279745101928711,14.408373832702637,0.1
411,4,156,6,17.6579532623291,15.749683380126953,17.6579532623291,16.78923988342285,0.5883517861366272,16.094661712646484,16.857894897460938,17.543298721313477,0.0
412,4,142,6,6.723537445068359,6.337055206298828,6.723537445068359,6.520631790161133,0.023497838526964188,6.403125286102295,6.471573829650879,6.672699928283691,0.2
413,4,144,6,14.660402297973633,12.248292922973633,14.660402297973633,13.513123512268066,1.0767481327056885,12.515399932861328,13.552206993103027,14.559927940368652,0.1
414,4,157,6,20.736614227294922,15.993974685668945,22.65395736694336,19.472986221313477,5.594753265380859,17.516637802124023,20.38923454284668,20.736614227294922,0.05
415,4,157,6,18.786117553710938,16.345760345458984,18.786117553710938,17.515108108520508,0.9101924896240234,16.802101135253906,17.254058837890625,18.412918090820312,0.2
416,4,111,6,40.30696105957031,37.67363739013672,40.30696105957031,39.0428352355957,1.1662805080413818,38.142452239990234,38.92247009277344,40.14237976074219,0.0
417,4,131,6,43.37040328979492,34.521263122558594,43.37040328979492,40.47075653076172,9.92130184173584,39.10669708251953,41.62071990966797,42.97224426269531,0.0
419,4,107,6,37.98740768432617,30.49562644958496,37.98740768432617,35.64982986450195,8.591279983520508,33.7945671081543,37.280609130859375,37.98678207397461,0.05
420,4,149,6,23.5020751953125,21.554718017578125,23.58271026611328,22.80636978149414,0.5962322950363159,22.29779052734375,22.975727081298828,23.5020751953125,0.05
421,4,119,6,30.31797218322754,26.061296463012695,30.31797218322754,28.143770217895508,2.8523776531219482,26.71634864807129,27.902074813842773,29.744091033935547,0.0
422,4,117,6,20.040863037109375,19.65152931213379,21.010364532470703,20.399803161621094,0.26257291436195374,20.040863037109375,20.38544464111328,20.876388549804688,0.25
423,4,142,6,42.88161849975586,38.39806365966797,45.74205017089844,41.59439468383789,6.557760715484619,39.28406524658203,41.904014587402344,42.88161849975586,0.0
424,4,143,6,41.0909423828125,36.35969543457031,41.0909423828125,39.207359313964844,2.5838582515716553,38.83441162109375,38.943641662597656,40.56708908081055,0.0
425,4,116,6,39.96318054199219,33.99882507324219,39.96318054199219,37.93474197387695,4.201565742492676,37.239662170410156,38.37796401977539,39.617210388183594,0.0
426,4,135,6,28.732219696044922,24.64403533935547,28.763931274414062,27.64803123474121,2.346707344055176,27.08646011352539,28.541481018066406,28.732219696044922,0.05
427,4,152,6,25.69533920288086,23.866928100585938,25.69533920288086,24.7923583984375,0.462736576795578,24.404422760009766,24.564250946044922,25.425233840942383,0.0
428,4,153,6,48.209495544433594,41.76445007324219,48.209495544433594,45.09330368041992,5.662508487701416,43.68632125854492,44.44365310668945,47.3094367980957,0.05
429,4,148,6,8.423065185546875,8.36400032043457,8.747446060180664,8.494280815124512,0.015233596786856651,8.423065185546875,8.463113784790039,8.504498481750488,0.25
430,4,155,6,16.673885345458984,13.584354400634766,16.673885345458984,15.74005126953125,1.130271553993225,15.516170501708984,16.07919692993164,16.541181564331055,0.1
431,4,130,6,36.81370544433594,34.565086364746094,36.81370544433594,35.98291778564453,0.6460555791854858,35.544212341308594,36.134727478027344,36.71009826660156,0.0
432,4,147,6,23.79230499267578,22.22031021118164,23.829296112060547,23.474483489990234,0.32829993963241577,23.540992736816406,23.764671325683594,23.79230499267578,0.05
433,4,133,6,21.75629425048828,21.75629425048828,25.385074615478516,23.81722068786621,2.2981626987457275,22.367719650268555,24.347232818603516,25.10651397705078,0.1
434,4,158,6,24.502798080444336,22.96068572998047,24.502798080444336,23.99810218811035,0.2742101848125458,23.883052825927734,24.106884002685547,24.40390968322754,0.0
435,4,115,6,32.999820709228516,29.086280822753906,32.999820709228516,32.110939025878906,1.9832743406295776,32.09838104248047,32.853118896484375,32.983154296875,0.0
436,4,138,6,15.946033477783203,15.46213150024414,17.671926498413086,16.601776123046875,0.7116321921348572,15.946033477783203,16.580032348632812,17.331378936767578,0.0
437,4,156,6,20.68561553955078,20.292997360229492,20.824411392211914,20.674619674682617,0.032196104526519775,20.68561553955078,20.713722229003906,20.798397064208984,0.05
438,4,124,6,33.53888702392578,27.943696975708008,33.53888702392578,30.934494018554688,5.112628936767578,28.841991424560547,31.228178024291992,33.02311325073242,0.1
439,4,152,6,24.995464324951172,24.995464324951172,26.940519332885742,25.75211524963379,0.4982558488845825,25.121763229370117,25.61123275756836,26.199535369873047,0.0
440,4,127,6,15.793893814086914,14.566837310791016,15.793893814086914,15.092168807983398,0.2599134147167206,14.694478034973145,14.882741928100586,15.566987991333008,0.0
441,4,155,6,16.731224060058594,14.784746170043945,16.731224060058594,15.655829429626465,0.6076512336730957,15.138774871826172,15.291915893554688,16.383563995361328,0.0
442,4,141,6,23.712430953979492,21.64956283569336,23.712430953979492,22.969385147094727,0.6395796537399292,22.389345169067383,23.31490135192871,23.636493682861328,0.0
443,4,153,6,32.1182861328125,29.50177001953125,32.44413375854492,31.298131942749023,1.0790479183197021,30.69205665588379,31.571823120117188,32.1182861328125,0.05
444,4,145,6,17.403121948242188,16.85672378540039,18.957473754882812,17.445825576782227,0.49953126907348633,16.99014663696289,17.252294540405273,17.403121948242188,0.0
445,4,153,6,11.102762222290039,0.0,11.102762222290039,8.403539657592773,14.835315704345703,8.920265197753906,9.760333061218262,10.808257102966309,0.25
446,4,96,6,23.881221771240234,22.92188835144043,25.28756332397461,24.039215087890625,0.5267989635467529,23.784984588623047,23.881221771240234,24.35317611694336,0.2
447,4,148,6,37.26903533935547,37.26903533935547,38.377464294433594,37.54199981689453,0.15585678815841675,37.27730178833008,37.349082946777344,37.57773971557617,0.0
448,4,126,6,27.339698791503906,27.117143630981445,28.056640625,27.53932762145996,0.09533212333917618,27.339698791503906,27.510677337646484,27.69626235961914,0.0
449,4,136,6,30.933786392211914,30.933786392211914,34.7922477722168,32.18198013305664,1.9595651626586914,30.96421241760254,31.795856475830078,32.764320373535156,0.0
450,4,119,6,13.097810745239258,11.384075164794922,13.097810745239258,12.394893646240234,0.407688170671463,11.932699203491211,12.486196517944336,12.996707916259766,0.0
451,4,135,6,16.634178161621094,15.294912338256836,17.8513240814209,16.85338020324707,0.6948839426040649,16.634178161621094,16.856781005859375,17.489574432373047,0.05
452,4,144,6,31.103681564331055,31.103681564331055,32.83381652832031,31.850736618041992,0.4653626084327698,31.206375122070312,31.722126007080078,32.44668960571289,0.0
453,4,147,6,20.94109535217285,19.38805389404297,22.6866455078125,20.66953468322754,1.141210913658142,19.883853912353516,20.631935119628906,20.94109535217285,0.0
454,4,144,6,46.45095443725586,41.305870056152344,46.45095443725586,44.695919036865234,3.0721211433410645,44.24240493774414,44.8931884765625,46.17842483520508,0.05
455,4,145,6,13.148476600646973,0.0,13.480951309204102,10.891222953796387,23.80994415283203,12.637574195861816,13.113739013671875,13.148476600646973,0.25
456,4,159,6,24.640989303588867,22.273828506469727,26.277231216430664,24.594406127929688,1.4719939231872559,24.449661254882812,24.640989303588867,25.17087745666504,0.05
457,4,141,6,67.50495147705078,64.08707427978516,67.50495147705078,66.48556518554688,1.8378794193267822,65.67427062988281,67.32731628417969,67.48944091796875,0.0
458,4,125,6,43.4213752746582,40.76631164550781,49.6231803894043,44.19353485107422,7.118767738342285,43.4213752746582,43.53950500488281,44.117897033691406,0.0
459,4,158,6,21.548442840576172,18.486785888671875,21.548442840576172,20.024738311767578,1.3483000993728638,19.215360641479492,19.738656997680664,21.130882263183594,0.05
460,4,153,6,19.139257431030273,18.725116729736328,20.334400177001953,19.569734573364258,0.37830930948257446,19.139257431030273,19.44896697998047,20.180938720703125,0.0
461,4,140,6,15.164175987243652,0.0,15.759714126586914,12.756875038146973,32.628761291503906,14.957500457763672,15.164175987243652,15.46447467803955,0.25
462,4,140,6,29.522289276123047,25.4615478515625,29.522289276123047,27.290571212768555,3.3406310081481934,25.525009155273438,26.87085723876953,29.173828125,0.1
463,4,124,6,36.20330810546875,33.50505447387695,37.493263244628906,35.944400787353516,1.4628231525421143,35.897857666015625,36.20330810546875,36.39990234375,0.05
464,4,84,6,22.622756958007812,0.0,22.622756958007812,16.815996170043945,60.587669372558594,17.434917449951172,19.367938995361328,21.902057647705078,0.25
465,4,132,6,40.467018127441406,25.8150691986084,40.467018127441406,36.592201232910156,25.72087287902832,36.587806701660156,38.15774917602539,40.20778274536133,0.0
466,4,151,6,12.643672943115234,0.0,12.643672943115234,9.139893531799316,19.03008460998535,8.83310604095459,10.442265510559082,12.371395111083984,0.15
467,4,157,6,23.804258346557617,19.88146209716797,23.804258346557617,21.95655059814453,2.8726069927215576,20.470359802246094,21.895931243896484,23.67390251159668,0.0
468,4,143,6,0.0,0.0,9.62005615234375,6.247011661529541,19.55841636657715,2.2359421253204346,9.15821647644043,9.502351760864258,0.25
469,4,127,6,26.49111557006836,26.460819244384766,26.94573974609375,26.628183364868164,0.029799671843647957,26.49111557006836,26.56642723083496,26.714366912841797,0.0
470,4,148,6,18.95565414428711,14.3960542678833,18.95565414428711,16.385677337646484,3.6089000701904297,14.751112937927246,15.763284683227539,18.207365036010742,0.1
471,4,120,6,52.44017791748047,49.862144470214844,52.44017791748047,51.40978240966797,1.1566154956817627,50.448177337646484,51.745086669921875,52.42401885986328,0.0
472,4,122,6,39.74397659301758,36.35832214355469,39.74397659301758,38.526885986328125,1.6682922840118408,37.616512298583984,39.03506088256836,39.64268112182617,0.05
473,4,122,6,49.41920852661133,49.41920852661133,51.94038391113281,50.63603973388672,1.3547214269638062,49.463016510009766,50.602874755859375,51.7765998840332,0.0
474,4,133,6,25.880571365356445,25.880571365356445,26.793800354003906,26.35213279724121,0.13908086717128754,26.004669189453125,26.383411407470703,26.69074058532715,0.0
475,4,115,6,35.219757080078125,32.435585021972656,37.22798156738281,35.05122756958008,2.081476926803589,34.643463134765625,35.219757080078125,35.61962890625,0.0
476,4,137,6,45.89886474609375,45.89886474609375,48.772117614746094,47.193275451660156,1.3884130716323853,46.1386833190918,46.93336486816406,48.294456481933594,0.0
477,4,148,6,20.01123046875,16.645366668701172,20.01123046875,18.53603744506836,1.7630677223205566,17.39453887939453,18.79702377319336,19.728160858154297,0.0
478,4,133,6,33.53306579589844,28.626575469970703,33.53306579589844,31.345518112182617,3.2424492835998535,30.11954116821289,31.25600814819336,33.059547424316406,0.0
479,4,141,6,29.31318473815918,23.120914459228516,29.31318473815918,25.954904556274414,6.71492862701416,23.665470123291016,25.22035026550293,28.585676193237305,0.0
480,4,144,6,22.611000061035156,19.204736709594727,23.862403869628906,21.253793716430664,3.3524417877197266,19.524799346923828,21.20591926574707,22.611000061035156,0.1
481,4,139,6,26.803775787353516,17.135709762573242,26.803775787353516,23.36875343322754,12.079928398132324,21.471296310424805,24.30683135986328,26.426651000976562,0.0
482,4,147,6,25.740877151489258,17.707103729248047,25.740877151489258,21.807640075683594,10.135637283325195,19.045934677124023,21.52912139892578,24.97334098815918,0.2
483,4,107,6,43.735687255859375,39.953800201416016,46.65178298950195,43.056156158447266,4.449355602264404,41.69641876220703,43.366416931152344,43.735687255859375,0.0
484,4,147,6,38.60152816772461,33.55659484863281,40.47333526611328,37.09886169433594,6.094836711883545,34.96485900878906,37.856048583984375,38.60152816772461,0.05
485,4,121,6,68.23014831542969,58.900108337402344,69.98954772949219,64.44219970703125,20.680545806884766,59.84839630126953,65.24412536621094,68.23014831542969,0.1
486,4,119,6,39.1463737487793,37.640052795410156,40.92828369140625,39.24114990234375,1.3659461736679077,38.374839782714844,39.1463737487793,40.13771438598633,0.1
487,4,154,6,24.80329132080078,20.62957000732422,24.80329132080078,22.538936614990234,2.7565789222717285,21.410415649414062,21.80034637451172,24.13981056213379,0.05
488,4,141,6,17.142812728881836,11.368457794189453,17.142812728881836,14.632768630981445,4.9067063331604,12.847658157348633,14.841816902160645,16.774532318115234,0.1
489,4,158,6,24.730737686157227,19.912927627563477,24.730737686157227,22.294475555419922,3.4092090129852295,21.028316497802734,21.71672821044922,24.09734344482422,0.0
490,4,133,6,26.937896728515625,26.72578239440918,28.144325256347656,27.05965805053711,0.24207362532615662,26.778291702270508,26.899688720703125,26.937896728515625,0.0
491,4,113,6,28.92742156982422,26.530548095703125,28.92742156982422,27.799762725830078,0.8848462700843811,26.978843688964844,27.82422637939453,28.7023868560791,0.0
492,4,143,6,44.83341598510742,44.83341598510742,45.548126220703125,45.0667839050293,0.07689139991998672,44.835357666015625,44.92961502075195,45.24940490722656,0.0
493,4,151,6,29.682903289794922,28.624034881591797,29.955230712890625,29.417461395263672,0.2135382741689682,29.128307342529297,29.632915496826172,29.682903289794922,0.0
494,4,142,6,20.335716247558594,18.557701110839844,20.960712432861328,19.92568016052246,0.9197201728820801,19.07320785522461,20.335716247558594,20.617828369140625,0.1
495,4,146,6,11.199188232421875,0.0,11.199188232421875,7.556241989135742,14.184569358825684,7.010067939758301,8.132484436035156,10.461145401000977,0.2
496,4,126,6,31.333633422851562,30.364736557006836,31.47873306274414,31.02760124206543,0.2169417440891266,30.606273651123047,31.301692962646484,31.333633422851562,0.0
497,4,155,6,33.04566192626953,28.939010620117188,33.04566192626953,31.48751449584961,2.211191415786743,30.712753295898438,31.610078811645508,32.882484436035156,0.15
498,4,157,6,26.088409423828125,23.345474243164062,27.230567932128906,25.159833908081055,1.9236243963241577,24.080974578857422,25.11783790588379,26.088409423828125,0.0
499,4,152,6,17.103919982910156,14.342716217041016,17.103919982910156,15.705647468566895,1.0769603252410889,15.177217483520508,15.263936996459961,16.649280548095703,0.05
500,4,139,6,29.771089553833008,27.337120056152344,30.60218048095703,29.670963287353516,1.1997945308685303,29.771089553833008,29.88845443725586,30.40532112121582,0.05
501,4,121,6,47.46317672729492,44.38426208496094,48.573829650878906,47.40950012207031,2.0090606212615967,47.46317672729492,47.8541259765625,48.30687713623047,0.0
502,4,132,6,22.077327728271484,19.590965270996094,22.077327728271484,21.271024703979492,0.7325026392936707,21.044403076171875,21.439287185668945,21.984699249267578,0.0
503,4,123,6,59.590938568115234,59.590938568115234,70.7726058959961,64.86541748046875,19.325878143310547,60.67573547363281,64.73175811767578,68.7142333984375,0.0
504,4,131,6,43.6182746887207,38.96232223510742,44.28776168823242,42.48402786254883,3.140686511993408,41.968017578125,43.154273986816406,43.6182746887207,0.1
505,4,143,6,21.935409545898438,19.34085464477539,22.730173110961914,21.43142318725586,1.5840919017791748,20.570762634277344,21.935409545898438,22.3819637298584,0.0
506,4,122,6,43.66334915161133,39.62272262573242,43.66334915161133,41.56266403198242,2.4713945388793945,40.41675567626953,41.10044860839844,43.05022430419922,0.0
507,4,138,6,25.728496551513672,23.166748046875,25.728496551513672,24.673357009887695,0.8570824265480042,24.086755752563477,24.763938903808594,25.507976531982422,0.0
508,4,147,6,22.505884170532227,0.0,22.505884170532227,17.448923110961914,62.38465881347656,19.44329261779785,20.250396728515625,21.94704818725586,0.2
509,4,150,6,24.067676544189453,21.308917999267578,24.067676544189453,22.92331314086914,1.3646928071975708,21.842205047607422,23.237377166748047,24.04288101196289,0.0
510,4,142,6,31.348983764648438,30.424612045288086,32.599525451660156,31.314041137695312,0.4502464830875397,30.94476318359375,31.348983764648438,31.351335525512695,0.0
511,4,152,6,51.044864654541016,45.87779998779297,51.044864654541016,48.59803009033203,3.915367364883423,47.1844482421875,48.237884521484375,50.57680892944336,0.0
512,4,126,6,57.6353874206543,56.99419403076172,60.806114196777344,58.680118560791016,2.114405632019043,57.6353874206543,58.09825897216797,59.976654052734375,0.0
513,4,151,6,15.365954399108887,13.548046112060547,15.365954399108887,14.522592544555664,0.5790900588035583,13.808624267578125,14.573084831237793,15.284456253051758,0.0
514,4,120,6,16.93528938293457,0.0,16.93528938293457,10.194267272949219,41.48249816894531,5.329178333282471,11.968770027160645,15.874786376953125,0.25
515,4,151,6,14.165487289428711,14.165487289428711,15.20069408416748,14.668952941894531,0.17560461163520813,14.245312690734863,14.701972007751465,15.038368225097656,0.1
516,4,73,6,22.115520477294922,21.911705017089844,22.115520477294922,22.010623931884766,0.00627923896536231,21.955547332763672,21.983171463012695,22.088668823242188,0.0
517,4,147,6,28.381715774536133,25.853635787963867,28.381715774536133,27.166515350341797,0.9951362609863281,26.384437561035156,27.01308822631836,28.17528533935547,0.0
518,4,158,6,31.935964584350586,31.935964584350586,35.02951431274414,33.73415756225586,1.7183482646942139,32.44906234741211,34.346168518066406,34.78437805175781,0.0
519,4,142,6,24.727493286132812,23.388532638549805,25.855783462524414,24.54193878173828,0.5758296251296997,24.122739791870117,24.65525245666504,24.727493286132812,0.0
520,4,154,6,15.73533821105957,13.808259963989258,15.73533821105957,14.597838401794434,0.6680898070335388,13.989864349365234,14.165290832519531,15.377420425415039,0.0
521,4,141,6,48.28242492675781,44.60279846191406,48.28242492675781,46.78874969482422,1.6485936641693115,46.17125701904297,46.75491714477539,47.959285736083984,0.0
522,4,80,6,34.82839584350586,0.0,34.82839584350586,26.99407958984375,149.85760498046875,29.584434509277344,31.564773559570312,34.202857971191406,0.15
523,4,130,6,33.596580505371094,23.880733489990234,33.596580505371094,27.82168960571289,17.08527183532715,24.750751495361328,25.659324645996094,31.67953872680664,0.15
524,4,148,6,26.31234359741211,19.578388214111328,27.01584243774414,24.662166595458984,6.66188907623291,23.76692008972168,25.95481300354004,26.31234359741211,0.05
525,4,154,6,24.882993698120117,22.97539710998535,25.071691513061523,24.3621883392334,0.5120488405227661,24.11214256286621,24.599395751953125,24.882993698120117,0.0
526,4,116,6,29.336261749267578,25.61958122253418,29.336261749267578,27.769567489624023,1.724231243133545,27.06536865234375,27.720779418945312,28.960023880004883,0.0
527,4,147,6,19.429195404052734,17.84684944152832,20.269948959350586,19.155916213989258,0.6113430261611938,18.716594696044922,19.429195404052734,19.468231201171875,0.1
528,4,137,6,27.825912475585938,20.046993255615234,27.825912475585938,23.899045944213867,8.74524211883545,21.9178409576416,23.045528411865234,26.67765998840332,0.0
529,4,133,6,45.176055908203125,43.72946548461914,46.3831787109375,45.269935607910156,0.6412984132766724,45.176055908203125,45.31684875488281,45.637325286865234,0.0
530,4,159,6,22.801788330078125,16.04230308532715,22.801788330078125,19.060909271240234,7.779919147491455,16.73392105102539,18.07591438293457,21.831188201904297,0.0
531,4,136,6,14.341019630432129,0.0,14.341019630432129,8.691730499267578,27.7803897857666,5.539472579956055,9.095966339111328,13.72158432006836,0.15
532,4,119,6,18.868988037109375,0.0,19.2188720703125,13.69796371459961,45.6884765625,12.459892272949219,15.897802352905273,18.868988037109375,0.15
533,4,109,6,12.238142013549805,0.0,12.238142013549805,9.919829368591309,19.85828399658203,11.241463661193848,12.018454551696777,12.200708389282227,0.25
534,4,140,6,57.289703369140625,51.27033996582031,57.289703369140625,54.089111328125,6.345941543579102,51.822349548339844,53.501888275146484,56.6567268371582,0.0
535,4,130,6,65.15486145019531,60.74221420288086,65.15486145019531,62.69536209106445,3.3012280464172363,61.22526168823242,61.99598693847656,64.48506927490234,0.0
536,4,114,6,86.98391723632812,80.5556869506836,86.98391723632812,83.93959045410156,6.433058261871338,81.74346160888672,84.050048828125,86.27995300292969,0.0
537,4,147,6,23.30181884765625,19.061012268066406,23.30181884765625,22.02373504638672,2.0498979091644287,21.92160415649414,22.339296340942383,23.07378578186035,0.05
538,4,148,6,19.880489349365234,17.958627700805664,20.138389587402344,19.238174438476562,0.6735588312149048,18.573745727539062,19.54478645324707,19.880489349365234,0.0
539,4,156,6,18.61622428894043,15.759319305419922,21.63489532470703,17.88189125061035,4.097610950469971,16.212648391723633,17.593975067138672,18.61622428894043,0.0
540,4,126,6,11.927924156188965,10.853376388549805,11.937278747558594,11.591299057006836,0.16532224416732788,11.362964630126953,11.776963233947754,11.927924156188965,0.1
541,4,143,6,14.019540786743164,10.276945114135742,14.019540786743164,12.215224266052246,1.9340288639068604,11.325983047485352,11.917928695678711,13.502233505249023,0.05
542,4,112,6,32.41168975830078,29.059520721435547,32.41168975830078,31.128244400024414,1.351557731628418,30.598936080932617,31.223186492919922,32.151573181152344,0.05
543,4,136,6,29.992313385009766,29.231201171875,31.16451072692871,30.055835723876953,0.3220047652721405,29.954822540283203,29.992313385009766,30.007335662841797,0.0
544,4,139,6,8.729133605957031,0.0,8.729133605957031,6.552724361419678,9.024219512939453,7.099342346191406,7.423424243927002,8.417643547058105,0.25
545,4,137,6,21.466529846191406,15.962356567382812,21.466529846191406,19.360116958618164,4.146736145019531,17.9985408782959,19.921627044677734,21.12869644165039,0.0
546,4,136,6,23.858800888061523,21.71066665649414,24.69853973388672,23.796554565429688,0.9555742144584656,23.858800888061523,24.091049194335938,24.32773780822754,0.0
547,4,140,6,25.63611602783203,24.518817901611328,26.385223388671875,25.588258743286133,0.39112767577171326,25.274028778076172,25.63611602783203,26.058992385864258,0.0
548,4,160,6,32.40174865722656,28.332353591918945,32.40174865722656,29.87193489074707,3.2845234870910645,28.392719268798828,28.877893447875977,31.602516174316406,0.0
549,4,146,6,20.347553253173828,0.0,23.21990203857422,17.856842041015625,65.08013916015625,20.347553253173828,20.45272445678711,22.140583038330078,0.15
550,4,134,6,27.66963768005371,25.937175750732422,27.66963768005371,26.675676345825195,0.531239926815033,26.054513931274414,26.411590576171875,27.36933135986328,0.1
551,4,138,6,25.42259407043457,25.42259407043457,28.706615447998047,26.851720809936523,1.4205772876739502,25.69746208190918,27.009578704833984,27.528793334960938,0.05
552,4,143,6,32.86177444458008,31.119890213012695,32.86177444458008,32.051055908203125,0.4612928032875061,31.48479461669922,32.0877685546875,32.670936584472656,0.0
553,4,134,6,22.688602447509766,0.0,22.688602447509766,15.844742774963379,59.482154846191406,15.192310333251953,17.27077293395996,21.821805953979492,0.2
554,4,103,6,25.361957550048828,22.313426971435547,25.361957550048828,24.08199119567871,1.2277674674987793,23.351774215698242,24.16293716430664,25.09770965576172,0.0
555,4,145,6,34.240203857421875,28.79941177368164,34.70751953125,33.36536407470703,4.219573497772217,34.01719665527344,34.240203857421875,34.25654602050781,0.0
556,4,131,6,36.34114074707031,29.310436248779297,36.34114074707031,33.05988311767578,6.456899642944336,31.8157958984375,32.28279113769531,35.432212829589844,0.05
557,4,83,6,15.850120544433594,14.834159851074219,15.850120544433594,15.583377838134766,0.12054312229156494,15.621210098266602,15.678089141845703,15.812688827514648,0.0
558,4,146,6,49.58036804199219,42.849151611328125,49.58036804199219,47.23977279663086,7.399397373199463,45.11907196044922,48.62876510620117,49.508995056152344,0.05
559,4,148,6,17.963956832885742,16.759803771972656,17.963956832885742,17.25609588623047,0.25598710775375366,16.910226821899414,16.9803524017334,17.719030380249023,0.0
560,4,142,6,40.55360794067383,33.88182067871094,40.55360794067383,36.68699645996094,7.6493988037109375,34.95243453979492,35.11569595336914,39.196781158447266,0.2
561,4,102,6,36.60471725463867,35.93377685546875,37.2795524597168,36.790340423583984,0.2217075079679489,36.60471725463867,36.838104248046875,37.203712463378906,0.0
562,4,119,6,27.32372283935547,0.0,27.32372283935547,19.971839904785156,89.78704071044922,19.743270874023438,22.74470329284668,26.89251708984375,0.2
563,4,152,6,16.971111297607422,14.3255033493042,16.971111297607422,15.67651653289795,1.1313854455947876,14.732961654663086,15.594038963317871,16.744861602783203,0.1
564,4,128,6,44.4041748046875,33.448333740234375,44.4041748046875,39.90780258178711,15.645075798034668,37.48561477661133,40.05426788330078,43.65584182739258,0.0
565,4,158,6,24.22888946533203,21.82335662841797,24.22888946533203,23.249711990356445,0.7520048022270203,22.703989028930664,23.33793067932129,24.042598724365234,0.15
566,4,154,6,19.932147979736328,17.280973434448242,19.932147979736328,18.464744567871094,1.2415761947631836,17.532739639282227,18.05624771118164,19.592525482177734,0.0
567,4,140,6,34.755271911621094,32.78369903564453,34.99260711669922,34.280765533447266,0.5574855804443359,34.06980895996094,34.606136322021484,34.755271911621094,0.0
568,4,120,6,42.194358825683594,39.58381652832031,46.32244873046875,42.854774475097656,6.259970188140869,41.174835205078125,42.194358825683594,45.04759216308594,0.0
569,4,95,6,26.127843856811523,26.127843856811523,26.578041076660156,26.290740966796875,0.023779869079589844,26.156160354614258,26.27846908569336,26.34429359436035,0.0
570,4,127,6,65.0444107055664,63.538330078125,65.80416870117188,64.82752990722656,0.5958064794540405,64.34518432617188,65.0444107055664,65.32740020751953,0.0
571,4,148,6,28.475143432617188,22.616727828979492,28.475143432617188,26.37982177734375,3.9185221195220947,25.888118743896484,26.446517944335938,28.0556583404541,0.0
572,4,69,6,19.03156280517578,18.55495262145996,19.03156280517578,18.84661865234375,0.027402279898524284,18.772842407226562,18.85019302368164,18.996858596801758,0.0
573,4,158,6,23.69182586669922,23.49413299560547,24.332462310791016,23.892303466796875,0.08287252485752106,23.69182586669922,23.877588272094727,24.07600975036621,0.0
574,4,143,6,24.313804626464844,19.89702033996582,24.313804626464844,22.971492767333984,2.4720394611358643,22.523597717285156,23.412351608276367,24.277650833129883,0.05
575,4,122,6,18.690101623535156,18.690101623535156,19.49070930480957,18.9915714263916,0.09238182008266449,18.70394515991211,18.941831588745117,19.180688858032227,0.0
576,4,138,6,21.51472282409668,18.678232192993164,21.51472282409668,20.537260055541992,1.0381269454956055,20.090614318847656,20.73215103149414,21.45018768310547,0.0
577,4,108,6,36.77666473388672,36.77666473388672,40.93617630004883,39.122474670410156,2.923112630844116,37.461700439453125,39.91844177246094,40.3863639831543,0.0
578,4,149,6,23.46950912475586,0.0,23.46950912475586,17.39225959777832,68.05316162109375,16.652992248535156,21.08456039428711,22.925479888916016,0.1
579,4,136,6,31.772205352783203,31.772205352783203,36.83501052856445,34.60209655761719,4.394266605377197,32.60398483276367,35.2620849609375,36.38794708251953,0.0
580,4,138,6,56.25293731689453,55.95988845825195,59.50571823120117,56.87533187866211,1.4420040845870972,56.25293731689453,56.41162109375,56.675235748291016,0.0
581,4,145,6,16.115934371948242,15.679515838623047,16.24018096923828,15.96498966217041,0.043343812227249146,15.7762451171875,16.010499954223633,16.115934371948242,0.0
582,4,157,6,33.34825134277344,32.34252166748047,34.686439514160156,33.64611053466797,0.6230425238609314,33.34825134277344,33.4854621887207,34.30205535888672,0.0
583,4,86,6,55.01116180419922,48.85784912109375,59.29987335205078,54.56052017211914,10.430846214294434,53.27391052246094,55.01116180419922,56.11898422241211,0.0
584,4,129,6,69.52947235107422,58.67205810546875,74.7125244140625,66.87261199951172,28.79713249206543,62.90924835205078,68.44960021972656,69.52947235107422,0.0
585,4,125,6,33.195159912109375,22.938732147216797,33.195159912109375,29.342405319213867,13.647719383239746,27.22938346862793,30.238784790039062,32.47223663330078,0.05
586,4,156,6,25.97547149658203,25.97547149658203,27.713478088378906,26.513774871826172,0.3425225615501404,26.07657241821289,26.401674270629883,26.567031860351562,0.0
587,4,150,6,20.627243041992188,20.627243041992188,21.596134185791016,21.122726440429688,0.14760680496692657,20.737415313720703,21.21685028076172,21.43047332763672,0.0
588,4,109,6,47.25830078125,45.92695617675781,47.87252426147461,47.11377716064453,0.4664195775985718,46.73884582519531,47.25830078125,47.66523361206055,0.0
589,4,98,6,105.71686553955078,91.3455810546875,105.71686553955078,99.85945129394531,29.184673309326172,96.01724243164062,100.5014877319336,105.05194854736328,0.0
590,4,149,6,14.133926391601562,12.96806526184082,14.133926391601562,13.782072067260742,0.15716452896595,13.73185920715332,13.873913764953613,14.087056159973145,0.0
591,4,131,6,27.168498992919922,22.84922218322754,27.65566635131836,26.239748001098633,2.714163064956665,25.935590744018555,27.096111297607422,27.168498992919922,0.05
592,4,133,6,19.671836853027344,17.817813873291016,19.671836853027344,18.89335060119629,0.5648978352546692,18.20857810974121,19.111167907714844,19.583091735839844,0.0
593,4,144,6,36.49292755126953,31.077362060546875,36.49292755126953,33.75547790527344,4.220568656921387,32.42097473144531,33.11618423461914,35.684776306152344,0.0
594,4,149,6,32.743717193603516,29.776662826538086,32.743717193603516,31.732755661010742,1.143977165222168,31.193822860717773,32.0433349609375,32.66995620727539,0.0
595,4,145,6,26.517963409423828,24.24152946472168,26.517963409423828,25.462196350097656,0.8641432523727417,24.67367935180664,25.434791564941406,26.401790618896484,0.0
596,4,107,6,39.220375061035156,32.17084503173828,39.220375061035156,35.48052978515625,8.09584903717041,33.17827606201172,34.608604431152344,38.332096099853516,0.0
597,4,134,6,20.415409088134766,17.840362548828125,20.496070861816406,19.53525161743164,1.2695523500442505,18.555017471313477,20.185882568359375,20.415409088134766,0.15
598,4,151,6,12.93721866607666,0.0,12.93721866607666,9.649263381958008,19.73723602294922,10.277366638183594,10.967777252197266,12.473628997802734,0.2
599,4,133,6,27.84814453125,24.495746612548828,27.84814453125,26.157859802246094,1.6218582391738892,25.361255645751953,25.702983856201172,27.388214111328125,0.2
600,4,143,6,17.438549041748047,15.488629341125488,17.438549041748047,16.605560302734375,0.4974696934223175,16.214508056640625,16.528743743896484,17.286388397216797,0.0
601,4,106,6,11.221006393432617,4.613496780395508,11.221006393432617,8.226326942443848,7.775618076324463,5.473179340362549,8.731501579284668,10.937912940979004,0.1
602,4,150,6,18.34188461303711,15.870854377746582,18.34188461303711,17.261842727661133,0.8171433210372925,16.654714584350586,17.272937774658203,18.091079711914062,0.2
603,4,140,6,14.181377410888672,14.081644058227539,14.7717866897583,14.41001033782959,0.07486379146575928,14.181377410888672,14.356791496276855,14.666803359985352,0.1
604,4,132,6,24.355573654174805,20.052288055419922,24.355573654174805,22.945472717285156,2.465237617492676,22.25515365600586,23.369152069091797,24.32442283630371,0.05
605,4,116,6,32.12608337402344,32.12608337402344,37.20686340332031,35.08852767944336,4.79318904876709,32.908653259277344,35.9876823425293,37.00232696533203,0.0
606,4,137,6,17.603740692138672,0.0,17.603740692138672,13.583754539489746,38.0013313293457,14.944123268127441,15.735722541809082,17.244245529174805,0.2
607,4,123,6,26.152742385864258,24.94534683227539,26.39873695373535,25.976980209350586,0.2286192625761032,26.019424438476562,26.152742385864258,26.2161808013916,0.0
608,4,138,6,10.092853546142578,0.0,10.526148796081543,8.412680625915527,14.285597801208496,9.556358337402344,10.092853546142578,10.313238143920898,0.25
609,4,152,6,32.115726470947266,25.506555557250977,32.115726470947266,29.55967140197754,5.464437961578369,28.29149055480957,29.831527709960938,31.678789138793945,0.2
610,4,140,6,17.985881805419922,17.101917266845703,18.11159324645996,17.706514358520508,0.1252111941576004,17.515554428100586,17.767749786376953,17.985881805419922,0.0
611,4,134,6,33.79231643676758,29.24829864501953,33.79231643676758,31.824878692626953,4.044535160064697,29.775238037109375,32.415550231933594,33.74070358276367,0.0
612,4,103,6,13.32175064086914,0.0,13.32175064086914,10.026873588562012,21.725061416625977,10.141350746154785,11.813206672668457,13.17506217956543,0.25
613,4,117,6,37.39878845214844,30.491453170776367,37.39878845214844,34.028228759765625,7.82764196395874,31.497013092041016,33.873329162597656,36.839012145996094,0.1
614,4,148,6,16.87102508544922,15.516439437866211,16.915464401245117,16.62586212158203,0.250431627035141,16.749298095703125,16.87102508544922,16.87212562561035,0.0
615,4,146,6,18.823387145996094,16.10137939453125,18.823387145996094,17.91070556640625,1.3281779289245605,17.010787963867188,18.61575698852539,18.778059005737305,0.0
616,4,120,6,32.39722442626953,24.17861557006836,32.45519256591797,30.211185455322266,8.774710655212402,29.487422943115234,31.590328216552734,32.39722442626953,0.05
617,4,142,6,27.797351837158203,27.797351837158203,31.164386749267578,29.323781967163086,1.5882649421691895,28.076704025268555,29.519245147705078,30.13976287841797,0.0
618,4,147,6,28.050588607788086,24.616222381591797,28.050588607788086,27.14763069152832,1.4271024465560913,27.07103157043457,27.613067626953125,27.98012924194336,0.0
619,4,143,6,37.068416595458984,35.41990280151367,39.779380798339844,37.490325927734375,1.682802677154541,37.068416595458984,37.386993408203125,37.85158920288086,0.0
620,4,112,6,23.244115829467773,23.244115829467773,29.456199645996094,25.47907257080078,6.459871292114258,23.375001907348633,24.200157165527344,27.555431365966797,0.05
621,4,145,6,57.42058181762695,55.02311706542969,59.7633056640625,57.125125885009766,2.0439977645874023,56.46424102783203,57.08843231201172,57.42058181762695,0.0
622,4,133,6,12.806146621704102,0.0,12.969568252563477,9.824711799621582,20.963361740112305,9.775445938110352,11.902435302734375,12.806146621704102,0.25
623,4,155,6,36.23771667480469,36.23771667480469,40.9715576171875,38.896453857421875,3.8115639686584473,36.986392974853516,39.68549728393555,40.45519256591797,0.05
624,4,128,6,33.73182678222656,32.384674072265625,33.782291412353516,33.31066131591797,0.33616477251052856,32.864906311035156,33.67601013183594,33.73182678222656,0.0
625,4,140,6,18.85890769958496,18.85890769958496,23.61246109008789,21.645565032958984,4.016040802001953,19.76600456237793,22.613388061523438,23.172122955322266,0.05
626,4,155,6,54.54283905029297,46.70613098144531,54.54283905029297,52.10090255737305,7.3480353355407715,51.41929244995117,52.78681564331055,54.31122589111328,0.05
627,4,144,6,30.45150375366211,30.45150375366211,31.605762481689453,30.944238662719727,0.2407943457365036,30.477249145507812,30.807897567749023,31.420978546142578,0.0
628,4,145,6,6.8148112297058105,0.0,6.8148112297058105,5.349559783935547,5.862981796264648,5.862839221954346,6.384651184082031,6.714420795440674,0.2
629,4,153,6,13.528916358947754,12.606463432312012,13.790160179138184,13.227765083312988,0.1752551645040512,12.905813217163086,13.292745590209961,13.528916358947754,0.0
630,4,159,6,14.596212387084961,14.596212387084961,16.154518127441406,15.173210144042969,0.47052231431007385,14.642814636230469,14.78648567199707,15.787097930908203,0.15
631,4,137,6,57.44917297363281,53.01966857910156,57.44917297363281,55.84806823730469,2.3382809162139893,55.243751525878906,56.03147888183594,57.18944549560547,0.0
632,4,141,6,27.739070892333984,24.403942108154297,28.652008056640625,26.953319549560547,2.2769081592559814,25.994901657104492,27.739070892333984,27.764007568359375,0.0
633,4,73,6,19.623432159423828,19.554046630859375,19.642175674438477,19.617801666259766,0.0008786909747868776,19.623159408569336,19.623432159423828,19.636348724365234,0.0
634,4,152,6,38.89103698730469,35.36635971069336,38.89103698730469,37.33608627319336,2.1648855209350586,36.10793685913086,37.40514373779297,38.80625915527344,0.0
635,4,146,6,34.5203742980957,30.53182601928711,34.5203742980957,32.88367462158203,2.7423906326293945,31.376564025878906,33.512176513671875,34.29863739013672,0.0
636,4,137,6,29.209712982177734,27.06765365600586,29.848209381103516,28.445785522460938,1.0486525297164917,27.587459564208984,28.52196502685547,29.209712982177734,0.0
637,4,125,6,31.88780975341797,26.054317474365234,33.062599182128906,30.360937118530273,5.342824459075928,29.386837005615234,31.011884689331055,31.88780975341797,0.15
638,4,145,6,23.535232543945312,23.535232543945312,25.761974334716797,24.6134090423584,0.7697038650512695,23.792261123657227,24.625885009765625,25.369285583496094,0.0
639,4,155,6,28.603073120117188,22.933979034423828,28.603073120117188,25.545635223388672,5.625893592834473,23.509355545043945,24.831295013427734,27.961917877197266,0.15
640,4,143,6,36.04618835449219,27.700725555419922,36.04618835449219,32.98453903198242,10.29210090637207,30.710111618041992,34.27649688720703,35.633628845214844,0.05
641,4,143,6,12.097417831420898,8.42432689666748,12.097417831420898,10.141820907592773,2.497675895690918,8.691299438476562,9.790093421936035,11.765490531921387,0.15
642,4,79,6,48.69379806518555,48.69379806518555,49.01976776123047,48.82765579223633,0.016297921538352966,48.709049224853516,48.79533386230469,48.93489456176758,0.0
643,4,143,6,14.679791450500488,12.060700416564941,14.679791450500488,13.353156089782715,1.1036700010299683,12.416440963745117,13.260536193847656,14.356856346130371,0.2
644,4,127,6,26.59510612487793,25.549545288085938,26.76699447631836,26.27511215209961,0.17666928470134735,26.048809051513672,26.356685638427734,26.59510612487793,0.0
645,4,142,6,56.42402648925781,53.39063262939453,56.50590515136719,55.71971893310547,1.2133718729019165,55.614959716796875,56.27733612060547,56.42402648925781,0.0
646,4,146,6,18.284944534301758,16.342254638671875,18.284944534301758,17.744905471801758,0.43787848949432373,17.76532554626465,17.897817611694336,18.21853256225586,0.05
647,4,152,6,29.331628799438477,24.586702346801758,29.331628799438477,27.93425941467285,3.304300546646118,26.966360092163086,28.97454071044922,29.324514389038086,0.05
648,4,157,6,17.080514907836914,17.080514907836914,18.440105438232422,17.699134826660156,0.28020891547203064,17.170387268066406,17.716026306152344,18.119224548339844,0.05
649,4,144,6,14.892038345336914,14.892038345336914,16.39647102355957,15.648602485656738,0.33274152874946594,15.098642349243164,15.781807899475098,16.07187843322754,0.0
650,4,138,6,20.17255210876465,19.763309478759766,20.241443634033203,20.130027770996094,0.02771136537194252,20.17255210876465,20.181289672851562,20.227718353271484,0.0
651,4,101,6,22.385282516479492,0.0,22.385282516479492,15.505958557128906,56.15155792236328,15.627909660339355,16.37959098815918,20.980348587036133,0.2
652,4,113,6,48.547271728515625,45.251258850097656,53.50585174560547,50.146392822265625,8.684314727783203,48.547271728515625,50.270931243896484,52.77273178100586,0.0
653,4,76,6,29.519855499267578,29.507488250732422,29.796663284301758,29.617050170898438,0.012225445359945297,29.519855499267578,29.581987380981445,29.69676971435547,0.0
654,4,134,6,30.05776596069336,24.962005615234375,30.05776596069336,27.17286491394043,4.301803112030029,25.860790252685547,26.081302642822266,29.070968627929688,0.0
655,4,126,6,24.901073455810547,21.761919021606445,24.901073455810547,23.78746223449707,1.2593291997909546,23.319351196289062,23.921192169189453,24.80579376220703,0.0
656,4,140,6,34.41737365722656,27.67408561706543,34.41737365722656,31.284259796142578,6.171762943267822,29.635831832885742,30.92681312561035,33.647926330566406,0.1
657,4,133,6,23.327430725097656,22.258272171020508,23.327430725097656,22.725608825683594,0.20231108367443085,22.32901382446289,22.573488235473633,23.1734619140625,0.0
658,4,150,6,25.40580177307129,22.059551239013672,25.40580177307129,24.03517723083496,1.3104050159454346,23.73664093017578,23.81315040588379,25.009492874145508,0.0
659,4,124,6,18.36248016357422,14.156791687011719,18.478931427001953,16.994535446166992,3.6132395267486572,15.3864107131958,18.249725341796875,18.36248016357422,0.0
660,4,127,6,24.88309669494629,20.787887573242188,24.88309669494629,22.837902069091797,2.3661904335021973,21.894672393798828,22.337371826171875,24.28527069091797,0.2
661,4,130,6,17.489025115966797,15.890218734741211,17.489025115966797,16.618574142456055,0.4582329988479614,15.989328384399414,16.454086303710938,17.305736541748047,0.2
662,4,155,6,21.63042449951172,19.737384796142578,21.63042449951172,20.77593994140625,0.5052560567855835,20.236268997192383,20.777494430541992,21.452106475830078,0.15
663,4,146,6,20.401653289794922,19.496583938598633,20.401653289794922,20.08634376525879,0.09417298436164856,20.0053653717041,20.114473342895508,20.34503173828125,0.0
664,4,127,6,39.765647888183594,30.933563232421875,39.765647888183594,34.32856750488281,15.148601531982422,31.174339294433594,32.266136169433594,38.01366424560547,0.0
665,4,137,6,16.72355842590332,14.991456031799316,16.764211654663086,15.973930358886719,0.5947150588035583,15.313371658325195,16.029003143310547,16.72355842590332,0.0
666,4,108,6,41.243980407714844,31.559417724609375,41.243980407714844,35.88777160644531,15.212896347045898,33.11375427246094,34.27269744873047,39.5059814453125,0.0
667,4,132,6,35.58023452758789,32.220523834228516,35.58023452758789,34.16888427734375,1.398688793182373,33.56229019165039,34.119895935058594,35.22722625732422,0.0
668,4,148,6,11.587010383605957,8.972463607788086,11.587010383605957,10.092623710632324,1.1787055730819702,9.26838493347168,9.584260940551758,11.14455509185791,0.15
669,4,141,6,39.437496185302734,33.7939453125,41.67873764038086,39.133888244628906,6.325847625732422,39.437496185302734,39.61297607421875,40.447509765625,0.0
670,4,145,6,5.559981346130371,0.0,5.577732086181641,4.428201675415039,4.001368045806885,4.926123142242432,5.257503032684326,5.559981346130371,0.25
671,4,62,6,22.972204208374023,22.836170196533203,22.972204208374023,22.91268539428711,0.00249917758628726,22.878215789794922,22.913856506347656,22.958728790283203,0.0
672,4,116,6,3.1262128353118896,0.0,3.1262128353118896,2.3248963356018066,1.1531922817230225,2.4381330013275146,2.6584019660949707,3.020838499069214,0.25
673,4,136,6,18.327070236206055,16.593048095703125,18.327070236206055,17.358531951904297,0.5208037495613098,16.739948272705078,17.108989715576172,18.074363708496094,0.0
674,4,113,6,24.882884979248047,15.097840309143066,24.882884979248047,20.274396896362305,14.410574913024902,17.09688949584961,20.167360305786133,23.9849910736084,0.0
675,4,123,6,19.767227172851562,18.92678451538086,20.246837615966797,19.762195587158203,0.17577964067459106,19.75726890563965,19.767227172851562,20.025169372558594,0.0
676,4,154,6,17.12335968017578,16.723358154296875,17.982149124145508,17.34227180480957,0.16624295711517334,17.12335968017578,17.284317016601562,17.60341453552246,0.05
677,4,142,6,32.107112884521484,31.7933292388916,33.03120422363281,32.39263153076172,0.20800919830799103,32.107112884521484,32.23420715332031,32.80712890625,0.0
678,4,137,6,47.88685607910156,38.235252380371094,47.88685607910156,42.77320098876953,15.251077651977539,39.38526916503906,41.88261795043945,46.61993408203125,0.0
679,4,135,6,32.93149185180664,29.537797927856445,35.304168701171875,31.919498443603516,3.9785072803497314,30.287137985229492,31.787639617919922,32.93149185180664,0.0
680,4,127,6,22.78038787841797,22.78038787841797,23.97382164001465,23.299821853637695,0.22466397285461426,22.86307144165039,23.200138092041016,23.720333099365234,0.0
681,4,149,6,30.224327087402344,29.18735122680664,32.202693939208984,30.274991989135742,0.8968414664268494,29.745738983154297,30.224327087402344,30.224864959716797,0.0
682,4,126,6,27.764873504638672,23.195228576660156,27.764873504638672,26.41153907775879,2.6228015422821045,25.896875381469727,27.04505729675293,27.689918518066406,0.0
683,4,143,6,25.448463439941406,24.904817581176758,25.448463439941406,25.202777862548828,0.05750366300344467,24.97801399230957,25.22781753540039,25.441707611083984,0.0
684,4,154,6,19.58425521850586,15.740704536437988,19.58425521850586,18.603300094604492,1.8033913373947144,18.575366973876953,19.104736328125,19.541030883789062,0.05
685,4,134,6,18.61077117919922,0.0,18.61077117919922,13.416828155517578,39.983734130859375,13.68957805633545,14.818059921264648,17.91000747680664,0.2
686,4,137,6,59.1989631652832,58.676666259765625,60.04682922363281,59.26026153564453,0.19937559962272644,58.962547302246094,59.1989631652832,59.467044830322266,0.0
687,4,111,6,19.703603744506836,0.0,19.703603744506836,11.172628402709961,72.70983123779297,3.979137420654297,11.905935287475586,19.614049911499023,0.15
688,4,155,6,20.54006576538086,20.54006576538086,21.34473419189453,20.93119239807129,0.09039980173110962,20.639692306518555,21.021930694580078,21.115144729614258,0.0
689,4,146,6,61.69464874267578,59.23798370361328,61.69464874267578,60.501426696777344,0.9007359743118286,59.730857849121094,60.41593933105469,61.41013717651367,0.0
690,4,150,6,37.777835845947266,34.90074157714844,37.777835845947266,36.512603759765625,1.0569244623184204,35.95248794555664,36.36121368408203,37.48408126831055,0.0
691,4,144,6,20.679401397705078,19.89545440673828,22.58424949645996,21.076257705688477,1.201479434967041,20.21573257446289,20.679401397705078,22.08824920654297,0.1
692,4,152,6,32.84523010253906,29.17146110534668,32.84523010253906,31.430999755859375,1.8543025255203247,30.638607025146484,31.562782287597656,32.7255859375,0.0
693,4,151,6,18.356685638427734,14.726499557495117,18.356685638427734,16.20822525024414,2.364729881286621,15.111772537231445,15.358199119567871,17.6546573638916,0.0
694,4,128,6,35.54418182373047,32.37336730957031,37.1720085144043,35.280887603759766,2.139836311340332,35.13694381713867,35.54418182373047,35.92383575439453,0.0
695,4,137,6,31.73563003540039,29.457504272460938,32.81477355957031,31.643192291259766,1.1051474809646606,31.73563003540039,31.774166107177734,32.18035888671875,0.0
696,4,134,6,27.960281372070312,27.960281372070312,30.87032699584961,28.923999786376953,0.9439740777015686,28.173776626586914,28.876117706298828,28.985153198242188,0.05
697,4,116,6,76.07437896728516,67.7254867553711,76.07437896728516,71.16021728515625,12.762134552001953,68.12576293945312,69.64309692382812,74.60220336914062,0.0
698,4,127,6,70.19425964355469,61.400917053222656,70.19425964355469,66.94183349609375,11.701461791992188,64.35893249511719,68.33084106445312,69.85208129882812,0.0
699,4,121,6,43.30265808105469,37.7067985534668,43.30265808105469,40.07551193237305,5.340115547180176,38.612728118896484,38.791770935058594,42.1782112121582,0.0
700,4,153,6,25.200420379638672,19.59674644470215,25.200420379638672,22.18783187866211,5.310598850250244,20.17203140258789,21.574142456054688,24.501190185546875,0.2
701,4,149,6,20.305437088012695,18.826416015625,20.305437088012695,19.525604248046875,0.32615914940834045,19.203336715698242,19.26055908203125,20.052438735961914,0.0
702,4,142,6,23.687618255615234,22.17804718017578,25.029075622558594,23.71739387512207,0.694950520992279,23.687618255615234,23.706684112548828,23.928627014160156,0.0
703,4,142,6,46.20508575439453,45.30664825439453,48.766387939453125,46.58412551879883,1.4666566848754883,45.66443634033203,46.20508575439453,47.204261779785156,0.0
704,4,136,6,51.48876190185547,46.188316345214844,51.48876190185547,49.911766052246094,3.6534156799316406,49.271793365478516,50.58960723876953,51.48373794555664,0.0
705,4,133,6,13.251172065734863,11.326496124267578,13.251172065734863,12.398279190063477,0.6097865104675293,11.750356674194336,12.42966079711914,13.178987503051758,0.15
706,4,120,6,43.012325286865234,35.893341064453125,43.012325286865234,39.68339157104492,7.832503795623779,37.22740936279297,39.78505325317383,42.38355255126953,0.0
707,4,121,6,17.42931365966797,14.553424835205078,17.42931365966797,15.919049263000488,1.3249112367630005,15.006325721740723,15.571416854858398,17.070926666259766,0.15
708,4,150,6,34.13121795654297,31.770084381103516,37.28845977783203,34.29594039916992,3.2823002338409424,33.10422897338867,34.13121795654297,35.3023796081543,0.0
709,4,132,6,19.772396087646484,17.83310317993164,19.772396087646484,18.82167625427246,0.5600143074989319,18.223093032836914,18.725093841552734,19.54523468017578,0.0
710,4,99,6,40.26800537109375,39.18177795410156,40.26800537109375,39.651084899902344,0.21285642683506012,39.24495315551758,39.48430633544922,40.11328887939453,0.0
711,4,146,6,29.130596160888672,25.608875274658203,30.157695770263672,27.775936126708984,3.2047550678253174,25.975833892822266,28.06035614013672,29.130596160888672,0.1
712,4,141,6,36.23716735839844,32.931190490722656,36.23716735839844,34.9027099609375,1.3153916597366333,34.396915435791016,34.88687515258789,35.902130126953125,0.0
713,4,118,6,21.480287551879883,0.0,21.480287551879883,15.28962230682373,55.774200439453125,13.875847816467285,18.147056579589844,20.670177459716797,0.2
714,4,140,6,34.464447021484375,30.147417068481445,34.56370544433594,33.27383041381836,2.5368051528930664,32.685428619384766,34.049015045166016,34.464447021484375,0.0
715,4,143,6,45.989967346191406,42.39265441894531,46.959049224853516,45.5299186706543,2.3805770874023438,45.25616455078125,45.989967346191406,46.624717712402344,0.0
716,4,138,6,28.709033966064453,25.749225616455078,28.709033966064453,27.38009262084961,1.2873092889785767,26.55652618408203,27.298423767089844,28.51177215576172,0.0
717,4,140,6,23.634723663330078,21.84111785888672,23.634723663330078,22.861366271972656,0.49369367957115173,22.256633758544922,22.988292694091797,23.524343490600586,0.0
718,4,145,6,23.205778121948242,18.647977828979492,23.205778121948242,20.553586959838867,3.784191846847534,18.89178466796875,19.739269256591797,22.46976661682129,0.2
719,4,140,6,56.49005126953125,51.57609558105469,56.49005126953125,55.17380905151367,2.84342360496521,55.18998718261719,55.69430160522461,56.348243713378906,0.0
720,4,133,6,49.64986038208008,49.27271270751953,51.74903869628906,50.21137619018555,0.6689367890357971,49.64986038208008,50.056373596191406,50.47864532470703,0.0
721,4,108,6,30.007877349853516,0.0,30.007877349853516,17.72854232788086,136.53921508789062,8.096697807312012,20.501049041748047,28.674785614013672,0.15
722,4,119,6,28.72628402709961,28.21695327758789,28.777545928955078,28.601299285888672,0.03762749210000038,28.537261962890625,28.696422576904297,28.72628402709961,0.0
723,4,157,6,19.056129455566406,15.48179817199707,19.056129455566406,17.045543670654297,2.1429078578948975,15.926291465759277,16.430892944335938,18.444313049316406,0.0
724,4,154,6,39.09259033203125,36.761207580566406,39.09259033203125,38.10173797607422,0.7713608145713806,37.485477447509766,38.11964416503906,38.96235656738281,0.0
725,4,137,6,14.272994995117188,14.272994995117188,15.347190856933594,14.866768836975098,0.1871182918548584,14.457283020019531,15.049175262451172,15.178863525390625,0.05
726,4,148,6,16.942073822021484,16.277435302734375,17.377742767333984,16.820539474487305,0.11453445255756378,16.643016815185547,16.865951538085938,16.942073822021484,0.1
727,4,155,6,32.88705062866211,30.374481201171875,32.88705062866211,31.850364685058594,0.8659482002258301,31.19185447692871,32.00068664550781,32.68795394897461,0.1
728,4,146,6,34.123435974121094,28.915903091430664,34.42643737792969,32.94685363769531,3.5707969665527344,32.888343811035156,33.74230194091797,34.123435974121094,0.05
729,4,154,6,33.54247283935547,27.462112426757812,34.00849533081055,31.580076217651367,6.625377178192139,29.547489166259766,32.917423248291016,33.54247283935547,0.1
730,4,147,6,59.910614013671875,45.44445037841797,59.910614013671875,56.191368103027344,25.129444122314453,56.41779327392578,57.76588439941406,59.66118240356445,0.0
731,4,158,6,11.146403312683105,8.7200927734375,11.571247100830078,10.602989196777344,1.198215365409851,9.905558586120605,11.146403312683105,11.442983627319336,0.05
732,4,138,6,50.20783233642578,40.37388610839844,50.20783233642578,44.9951057434082,15.090643882751465,42.04151153564453,43.756935119628906,48.74323272705078,0.05
733,4,139,6,33.13086700439453,32.39759063720703,35.41046905517578,33.909263610839844,1.227726936340332,33.13086700439453,33.691749572753906,34.91301727294922,0.0
734,4,134,6,27.333662033081055,26.779407501220703,27.870769500732422,27.27785873413086,0.12604671716690063,27.024188995361328,27.333662033081055,27.40488052368164,0.0
735,4,110,6,51.12459182739258,48.180946350097656,51.12459182739258,49.935935974121094,1.290881633758545,49.11346435546875,50.08187484741211,51.0372200012207,0.0
736,4,133,6,28.338037490844727,0.0,28.338037490844727,20.94475746154785,97.68218994140625,20.277570724487305,24.901670455932617,27.818639755249023,0.15
737,4,129,6,30.50074005126953,28.245506286621094,31.37197494506836,30.02351951599121,1.3069039583206177,29.147228240966797,30.50074005126953,30.7447566986084,0.0
738,4,133,6,44.29335021972656,44.00038146972656,49.616859436035156,45.89339828491211,4.078095436096191,44.29335021972656,45.08890914916992,46.92510986328125,0.0
739,4,143,6,17.375736236572266,15.042669296264648,17.375736236572266,16.37088394165039,0.9746890068054199,15.484236717224121,16.52832794189453,17.34261131286621,0.0
740,4,136,6,43.819007873535156,42.88005065917969,45.75392532348633,44.070533752441406,0.7326861619949341,43.819007873535156,43.89924621582031,44.12366485595703,0.0
741,4,143,6,25.66366195678711,23.131900787353516,25.675575256347656,24.72054672241211,1.012157917022705,23.99831199645996,24.974876403808594,25.66366195678711,0.0
742,4,157,6,35.04136276245117,33.40113830566406,35.04136276245117,34.4259033203125,0.31481102108955383,34.219913482666016,34.46173858642578,34.90303039550781,0.0
743,4,156,6,28.74283790588379,23.502399444580078,28.74283790588379,26.33241081237793,3.551400661468506,25.348779678344727,25.90843391418457,28.054704666137695,0.2
744,4,143,6,20.695022583007812,17.47540283203125,21.532934188842773,20.08914566040039,2.1593925952911377,19.26079750061035,20.695022583007812,21.18907928466797,0.05
745,4,156,6,13.983057022094727,12.474980354309082,15.0872802734375,13.795763969421387,0.6716688871383667,13.3427152633667,13.983057022094727,14.083470344543457,0.05
746,4,132,6,10.513339042663574,8.45149040222168,10.513339042663574,9.802327156066895,0.5993656516075134,9.317584991455078,10.084753036499023,10.484511375427246,0.1
747,4,146,6,0.0,0.0,10.479084014892578,6.905111789703369,23.857295989990234,2.5210795402526855,10.247501373291016,10.445110321044922,0.25
748,4,157,6,15.409683227539062,13.448925018310547,15.5374174118042,14.484908103942871,0.9389204978942871,13.54097843170166,14.491668701171875,15.409683227539062,0.15
749,4,108,6,55.132843017578125,49.392364501953125,58.531578063964844,54.49415588378906,11.023411750793457,52.032073974609375,55.132843017578125,57.115821838378906,0.0
750,4,157,6,28.189193725585938,26.475515365600586,28.189193725585938,27.32648468017578,0.5448217391967773,26.611886978149414,27.27935218811035,28.07940673828125,0.0
751,4,124,6,39.400962829589844,31.85419273376465,40.06186294555664,37.27061080932617,11.144072532653809,34.85874557495117,39.400962829589844,39.52100372314453,0.0
752,4,140,6,18.306245803833008,16.32619285583496,18.306245803833008,17.416751861572266,0.70096755027771,16.66973114013672,17.47702407836914,18.254301071166992,0.0
753,4,144,6,12.032890319824219,0.0,12.032890319824219,8.880661010742188,17.320417404174805,8.814924240112305,10.37275218963623,11.750632286071777,0.25
754,4,158,6,24.931793212890625,20.87871742248535,24.931793212890625,22.563331604003906,2.864938497543335,21.474321365356445,21.58407211303711,24.11871337890625,0.0
755,4,119,6,34.1348991394043,29.235618591308594,34.1348991394043,32.54836654663086,2.673813581466675,32.5048713684082,32.65789794921875,33.7769889831543,0.0
756,4,122,6,30.063884735107422,29.281505584716797,32.12263870239258,30.886032104492188,1.259376049041748,30.063884735107422,30.880420684814453,31.98973274230957,0.0
757,4,147,6,16.858705520629883,0.0,16.858705520629883,11.797833442687988,32.163963317871094,11.787744522094727,12.666034698486328,15.992443084716797,0.2
758,4,130,6,33.071537017822266,32.300880432128906,33.57034683227539,32.958038330078125,0.1432173252105713,32.831302642822266,33.004905700683594,33.071537017822266,0.0
759,4,138,6,31.726049423217773,29.500986099243164,32.2790412902832,31.254634857177734,0.8405218720436096,30.910364151000977,31.674423217773438,31.726049423217773,0.0
760,4,101,6,22.626340866088867,22.626340866088867,23.531417846679688,23.004383087158203,0.14883333444595337,22.635305404663086,22.897708892822266,23.36838722229004,0.0
761,4,145,6,45.26934051513672,40.65144348144531,45.26934051513672,42.53146743774414,3.808992862701416,41.2691650390625,41.37005615234375,44.311798095703125,0.0
762,4,148,6,33.572959899902344,29.203413009643555,33.572959899902344,31.826051712036133,2.4644582271575928,30.898344039916992,32.04426574707031,33.192344665527344,0.0
763,4,153,6,26.4771728515625,23.122676849365234,26.4771728515625,24.35517692565918,2.2633609771728516,23.258092880249023,23.424692153930664,25.715627670288086,0.0
764,4,158,6,16.76850128173828,15.080459594726562,16.911317825317383,16.300037384033203,0.5487664341926575,15.780111312866211,16.76850128173828,16.80771827697754,0.1
765,4,120,6,24.557172775268555,21.907142639160156,34.3306770324707,26.234342575073242,16.45436668395996,24.09174346923828,24.557172775268555,27.22726058959961,0.0
766,4,142,6,47.77555847167969,44.811370849609375,47.77555847167969,46.49013900756836,1.1294711828231812,45.89897155761719,46.36195755004883,47.50450134277344,0.0
767,4,147,6,14.945902824401855,8.8170166015625,14.945902824401855,12.285632133483887,5.207709312438965,10.60020637512207,12.42082691192627,14.442123413085938,0.15
768,4,156,6,20.476152420043945,17.959318161010742,20.476152420043945,19.084932327270508,1.1547597646713257,18.086931228637695,18.792118072509766,20.176544189453125,0.0
769,4,151,6,15.663053512573242,0.0,15.664562225341797,12.089794158935547,31.82880401611328,11.940532684326172,15.052064895629883,15.663053512573242,0.1
770,4,159,6,20.76268768310547,18.440505981445312,21.716733932495117,20.1851806640625,1.1433305740356445,19.502151489257812,20.45054054260254,20.76268768310547,0.0
771,4,131,6,32.879756927490234,26.678279876708984,34.23741149902344,31.52595329284668,6.484560012817383,30.513397216796875,32.786865234375,32.879756927490234,0.0
772,4,143,6,26.21652603149414,24.90958595275879,26.21652603149414,25.794536590576172,0.28138267993927,25.421775817871094,26.1097354888916,26.199317932128906,0.0
773,4,112,6,23.11420249938965,21.705535888671875,25.36344337463379,23.726245880126953,1.470051646232605,23.11420249938965,23.778457641601562,24.573707580566406,0.0
774,4,149,6,16.24819564819336,12.425261497497559,16.24819564819336,15.253035545349121,1.7579412460327148,15.221908569335938,15.7427978515625,16.168861389160156,0.15
775,4,144,6,27.21401596069336,23.733749389648438,27.21401596069336,25.525548934936523,2.5254294872283936,24.042085647583008,25.477811813354492,27.134248733520508,0.0
776,4,144,6,29.308015823364258,29.308015823364258,32.81725311279297,30.321685791015625,1.4248387813568115,29.433534622192383,30.05595588684082,30.364147186279297,0.0
777,4,145,6,39.80660629272461,34.769737243652344,39.80660629272461,37.795841217041016,3.3486664295196533,36.62724304199219,38.10750961303711,39.414283752441406,0.05
778,4,124,6,21.829450607299805,21.22241973876953,21.916044235229492,21.660751342773438,0.0750824436545372,21.458024978637695,21.829450607299805,21.83205223083496,0.0
779,4,156,6,18.228199005126953,0.0,18.228199005126953,14.850788116455078,44.53116226196289,16.826107025146484,18.123613357543945,18.20767593383789,0.25
780,4,133,6,14.820396423339844,13.438809394836426,14.820396423339844,14.083904266357422,0.3318413197994232,13.537008285522461,13.988158226013184,14.658000946044922,0.15
781,4,154,6,24.11406707763672,22.430152893066406,25.53261947631836,24.410367965698242,1.08421790599823,24.11406707763672,24.5147762298584,25.24573516845703,0.0
782,4,112,6,50.83800506591797,27.693771362304688,50.83800506591797,41.056575775146484,97.0595703125,31.38520622253418,44.266639709472656,50.20390319824219,0.0
783,4,134,6,46.812217712402344,46.503639221191406,48.71292495727539,47.34983444213867,0.6227919459342957,46.812217712402344,46.98910903930664,47.860511779785156,0.0
784,4,158,6,12.111839294433594,9.379148483276367,12.111839294433594,10.760929107666016,1.4749131202697754,9.557477951049805,10.753543853759766,11.99492073059082,0.0
785,4,156,6,49.420082092285156,45.505882263183594,49.51624298095703,47.98816680908203,2.809931755065918,46.481231689453125,48.778846740722656,49.420082092285156,0.0
786,4,142,6,37.839073181152344,24.448957443237305,37.839073181152344,32.04861068725586,23.224180221557617,29.4141845703125,31.409364700317383,36.67918014526367,0.05
787,4,142,6,29.1748046875,28.77044677734375,30.674598693847656,29.46670913696289,0.40538889169692993,29.122901916503906,29.1748046875,29.718700408935547,0.0
788,4,152,6,39.772552490234375,36.90856170654297,41.67161560058594,40.08684539794922,2.6159005165100098,39.772552490234375,40.25718307495117,41.42593002319336,0.05
789,4,136,6,22.734901428222656,19.82398223876953,24.151636123657227,22.76900863647461,2.038743019104004,22.734901428222656,22.960914611816406,23.78301239013672,0.0
790,4,138,6,34.625038146972656,32.409175872802734,34.625038146972656,33.93627166748047,0.6525470614433289,33.57573699951172,34.24951934814453,34.61231231689453,0.0
791,4,119,6,37.03938293457031,32.533729553222656,37.03938293457031,35.271820068359375,3.1986591815948486,33.77053451538086,35.88883972167969,36.88398742675781,0.1
792,4,141,6,31.196395874023438,28.580364227294922,31.196395874023438,29.626066207885742,1.2653485536575317,28.76014518737793,29.059005737304688,30.665573120117188,0.2
793,4,157,6,17.11807632446289,13.019584655761719,17.565128326416016,16.04800033569336,3.1179842948913574,14.924225807189941,17.11807632446289,17.23516845703125,0.1
794,4,136,6,52.85759735107422,47.64813232421875,52.85759735107422,50.76599884033203,4.603854179382324,48.870323181152344,51.617942810058594,52.57942581176758,0.0
795,4,106,6,25.9727725982666,25.149057388305664,28.05392837524414,26.80678939819336,1.3160016536712646,25.9727725982666,26.837787628173828,27.91775131225586,0.0
796,4,108,6,35.25816345214844,32.1517448425293,36.395973205566406,33.98950958251953,2.886718988418579,32.31964874267578,33.96418762207031,35.25816345214844,0.0
797,4,153,6,24.332345962524414,22.801511764526367,24.332345962524414,23.387226104736328,0.4578227698802948,22.84491729736328,23.015443801879883,24.031761169433594,0.0
798,4,132,6,28.986968994140625,24.685565948486328,28.986968994140625,27.559688568115234,2.0712852478027344,27.4019718170166,27.681354522705078,28.680871963500977,0.05
799,4,129,6,84.32807922363281,80.82334899902344,84.32807922363281,83.357177734375,1.5535064935684204,83.04527282714844,83.93128967285156,84.26716613769531,0.0
800,4,156,6,18.25840950012207,14.533985137939453,18.97818374633789,17.768573760986328,2.2083113193511963,17.993545532226562,18.25840950012207,18.57249641418457,0.05
801,4,128,6,39.556304931640625,36.573516845703125,39.556304931640625,37.98001480102539,1.4559797048568726,36.92347717285156,37.737548828125,39.15167236328125,0.0
802,4,90,6,30.780670166015625,30.394886016845703,30.780670166015625,30.552047729492188,0.02671322599053383,30.436107635498047,30.46170425415039,30.704742431640625,0.0
803,4,155,6,21.223310470581055,19.693378448486328,21.223310470581055,20.540660858154297,0.3990327715873718,19.944150924682617,20.64436149597168,21.156946182250977,0.0
804,4,137,6,47.258689880371094,36.64132308959961,47.258689880371094,41.539649963378906,19.978382110595703,37.38800811767578,40.54146194458008,46.07394027709961,0.1
805,4,147,6,19.473432540893555,18.84735107421875,20.810863494873047,19.697513580322266,0.5752170085906982,19.089794158935547,19.473432540893555,20.331920623779297,0.15
806,4,147,6,32.36717987060547,28.746274948120117,33.68052291870117,31.441993713378906,2.801361560821533,30.26479721069336,32.036895751953125,32.36717987060547,0.05
807,4,97,6,31.206981658935547,28.953516006469727,31.206981658935547,30.475534439086914,0.6554085612297058,30.097259521484375,30.774066925048828,31.148204803466797,0.0
808,4,156,6,27.453571319580078,21.871978759765625,27.453571319580078,24.208412170410156,5.381004333496094,22.76416778564453,22.8616943359375,26.317829132080078,0.2
809,4,118,6,64.38973236083984,62.58279800415039,66.23860168457031,64.7601318359375,1.3730355501174927,64.38973236083984,64.9247055053711,65.49011993408203,0.0
810,4,102,6,27.726970672607422,27.606779098510742,27.88487434387207,27.727998733520508,0.008122346363961697,27.665212631225586,27.726970672607422,27.76506805419922,0.0
811,4,141,6,29.501127243041992,29.501127243041992,31.56283187866211,30.643953323364258,0.6981002688407898,29.866884231567383,30.9644718170166,31.268465042114258,0.0
812,4,155,6,28.850034713745117,22.519393920898438,28.850034713745117,25.883956909179688,6.70766019821167,23.534744262695312,25.931819915771484,28.484167098999023,0.1
813,4,146,6,22.54179573059082,21.892757415771484,23.14973258972168,22.60277557373047,0.14208389818668365,22.54179573059082,22.631507873535156,22.757322311401367,0.0
814,4,152,6,22.76410675048828,16.39556884765625,22.76410675048828,20.308603286743164,4.687498569488525,19.672718048095703,20.148841857910156,22.19740104675293,0.05
815,4,128,6,16.461971282958984,14.760032653808594,16.461971282958984,15.841666221618652,0.40399396419525146,15.42480182647705,16.06844711303711,16.377744674682617,0.05
816,4,124,6,35.13813781738281,28.584796905517578,35.13813781738281,31.505998611450195,6.979145050048828,29.620128631591797,30.35736083984375,34.00730514526367,0.0
817,4,140,6,45.05670166015625,39.0714111328125,45.05670166015625,42.94812774658203,4.793402194976807,41.68042755126953,43.723602294921875,44.766456604003906,0.0
818,4,61,6,52.31610107421875,51.729156494140625,60.095767974853516,54.43977355957031,8.539529800415039,52.31610107421875,53.19945526123047,55.59473419189453,0.0
819,4,123,6,42.44001007080078,38.785980224609375,42.44001007080078,40.50996780395508,2.19234037399292,39.324520111083984,40.04720687866211,42.003631591796875,0.0
820,4,155,6,27.832901000976562,22.061782836914062,29.10356330871582,25.989990234375,6.541934490203857,23.920759201049805,26.827281951904297,27.832901000976562,0.0
821,4,138,6,17.146333694458008,15.324438095092773,17.949344635009766,17.038063049316406,0.6613301634788513,17.146333694458008,17.211238861083984,17.35837173461914,0.0
822,4,147,6,39.25820541381836,33.193359375,39.25820541381836,36.226016998291016,5.43745231628418,34.45636749267578,35.758758544921875,38.46328353881836,0.0
823,4,138,6,9.055188179016113,9.055188179016113,10.450835227966309,9.405534744262695,0.23717749118804932,9.076529502868652,9.215154647827148,9.403702735900879,0.0
824,4,156,6,23.133586883544922,19.344512939453125,23.133586883544922,21.311050415039062,2.1310033798217773,20.137197494506836,21.162866592407227,22.741090774536133,0.0
825,4,138,6,13.346323013305664,11.151113510131836,13.346323013305664,12.579547882080078,0.5638871192932129,12.357461929321289,12.650282859802246,13.227141380310059,0.0
826,4,137,6,27.897768020629883,26.636863708496094,27.897768020629883,27.263879776000977,0.2512211501598358,26.827808380126953,27.21763801574707,27.74103546142578,0.05
827,4,133,6,22.48123550415039,20.802364349365234,22.813308715820312,22.122657775878906,0.4136684238910675,22.06858253479004,22.290390014648438,22.48123550415039,0.0
828,4,149,6,28.50649070739746,23.378692626953125,28.50649070739746,27.09229850769043,3.3997902870178223,26.582490921020508,28.009654998779297,28.409311294555664,0.0
829,4,146,6,26.3570556640625,22.132177352905273,26.3570556640625,24.854360580444336,2.046060562133789,24.455493927001953,24.96767234802246,26.054534912109375,0.0
830,4,146,6,27.43720054626465,25.309890747070312,27.43720054626465,26.194438934326172,0.8311263918876648,25.423276901245117,25.795673370361328,27.09571075439453,0.0
831,4,147,6,40.0779914855957,37.079986572265625,42.073081970214844,39.70069885253906,3.156526565551758,38.302894592285156,40.0779914855957,40.90745544433594,0.0
832,4,143,6,26.071834564208984,25.829879760742188,26.98433494567871,26.32192039489746,0.19183005392551422,26.071834564208984,26.08873176574707,26.67741584777832,0.0
833,4,137,6,48.319053649902344,46.59351348876953,48.319053649902344,47.67941665649414,0.5661807656288147,46.979312896728516,48.074745178222656,48.31889343261719,0.0
834,4,148,6,11.508218765258789,0.0,11.508218765258789,8.802292823791504,16.177734375,9.394499778747559,10.270755767822266,11.313899040222168,0.2
835,4,143,6,53.60810089111328,50.368377685546875,55.74400329589844,53.78063201904297,2.8869059085845947,53.60810089111328,54.003902435302734,54.816558837890625,0.0
836,4,149,6,41.60304260253906,37.575035095214844,42.042930603027344,40.57566452026367,2.84244441986084,39.62364196777344,41.60304260253906,41.65032958984375,0.05
837,4,131,6,37.954063415527344,33.56650924682617,37.954063415527344,36.66106414794922,2.4230408668518066,36.17700958251953,37.26268768310547,37.894657135009766,0.05
838,4,111,6,41.896427154541016,41.896427154541016,49.264320373535156,45.40607452392578,9.087111473083496,42.6332893371582,45.0712890625,48.25220489501953,0.0
839,4,106,6,35.32583999633789,32.884246826171875,35.32583999633789,34.079612731933594,0.9519619345664978,33.25321578979492,33.89008331298828,35.057403564453125,0.05
840,4,157,6,15.52999496459961,0.0,15.52999496459961,12.425121307373047,31.31917381286621,13.954743385314941,14.803319931030273,15.507488250732422,0.15
841,4,134,6,35.41190719604492,35.41190719604492,36.866912841796875,35.731536865234375,0.27054363489151,35.421146392822266,35.47855758666992,35.68309783935547,0.0
842,4,159,6,40.216209411621094,37.39443588256836,41.584983825683594,39.98046112060547,1.961820363998413,39.432029724121094,40.216209411621094,41.029266357421875,0.0
843,4,143,6,43.444095611572266,37.57249069213867,43.444095611572266,41.61094284057617,4.53835916519165,40.63428497314453,42.51983642578125,43.332679748535156,0.0
844,4,158,6,23.392230987548828,0.0,25.758113861083984,18.741214752197266,76.31511688232422,18.767925262451172,22.856727600097656,23.392230987548828,0.1
845,4,143,6,57.39976501464844,54.326229095458984,57.39976501464844,55.82770538330078,1.381585717201233,55.049835205078125,55.43063735961914,56.949703216552734,0.0
846,4,148,6,20.502349853515625,19.950763702392578,21.242141723632812,20.633399963378906,0.1587497591972351,20.502349853515625,20.595806121826172,20.857460021972656,0.0
847,4,156,6,12.901182174682617,0.0,12.901182174682617,10.11248779296875,20.802173614501953,11.456588745117188,11.715560913085938,12.658159255981445,0.2
848,4,127,6,8.910331726074219,4.388192653656006,8.910331726074219,6.300739288330078,3.9076168537139893,4.515740871429443,5.557714939117432,8.305977821350098,0.15
849,4,155,6,25.21275520324707,19.37794303894043,25.21275520324707,22.907718658447266,6.057031154632568,20.65048599243164,23.99978256225586,24.991439819335938,0.1
850,4,141,6,23.341739654541016,23.341739654541016,24.591989517211914,23.968910217285156,0.2584117352962494,23.49738883972168,23.978361129760742,24.43404769897461,0.0
851,4,138,6,41.4774284362793,29.003002166748047,41.4774284362793,38.349327087402344,19.425567626953125,38.04652786254883,40.41111755371094,41.25401306152344,0.05
852,4,124,6,15.86116886138916,13.852331161499023,15.86116886138916,14.931251525878906,0.6226076483726501,14.243321418762207,14.961845397949219,15.700337409973145,0.0
853,4,123,6,25.479297637939453,22.010822296142578,26.024993896484375,24.000490188598633,2.8337717056274414,22.395801544189453,24.100242614746094,25.479297637939453,0.1
854,4,117,6,37.51757049560547,31.452117919921875,37.51757049560547,35.68684768676758,4.4023613929748535,35.223873138427734,36.28510284423828,37.35457229614258,0.0
855,4,151,6,23.95600700378418,23.795093536376953,25.343387603759766,24.354650497436523,0.41755256056785583,23.910160064697266,23.95600700378418,24.875900268554688,0.0
856,4,145,6,31.702716827392578,29.332374572753906,32.84136199951172,31.50342559814453,1.1177468299865723,31.625728607177734,31.702716827392578,31.80666732788086,0.05
857,4,157,6,15.749990463256836,15.120266914367676,15.760372161865234,15.543363571166992,0.06384464353322983,15.360630989074707,15.674033164978027,15.749990463256836,0.0
858,4,140,6,26.66607093811035,25.73302459716797,28.00881004333496,26.58338165283203,0.5194346308708191,26.117080688476562,26.535694122314453,26.66607093811035,0.0
859,4,146,6,11.403055191040039,8.295015335083008,12.338897705078125,10.759065628051758,2.367588996887207,9.615606307983398,11.403055191040039,11.921698570251465,0.1
860,4,108,6,58.017330169677734,55.56359100341797,62.27381896972656,58.56325912475586,4.743468761444092,57.380714416503906,58.017330169677734,59.75856018066406,0.0
861,4,129,6,53.997474670410156,35.441524505615234,53.997474670410156,46.801212310791016,45.91737747192383,42.49296569824219,48.35875701904297,52.67448425292969,0.05
862,4,110,6,33.47541046142578,28.094566345214844,33.47541046142578,31.329452514648438,3.8561811447143555,30.02817153930664,31.661630630493164,33.11524963378906,0.0
863,4,129,6,19.45171546936035,0.0,19.45171546936035,14.569348335266113,46.287818908691406,14.53388500213623,17.467185974121094,18.972209930419922,0.25
864,4,141,6,73.00495910644531,72.26910400390625,74.79362487792969,73.29325103759766,0.6070143580436707,73.00495910644531,73.02806854248047,73.48956298828125,0.0
865,4,147,6,39.281097412109375,34.816184997558594,39.281097412109375,38.202476501464844,2.519165515899658,38.13734817504883,38.97956085205078,39.22127914428711,0.0
866,4,112,6,23.372480392456055,23.023591995239258,23.396697998046875,23.303997039794922,0.01641416735947132,23.320724487304688,23.35956573486328,23.372480392456055,0.0
867,4,147,6,26.227031707763672,21.922807693481445,26.227031707763672,24.65041732788086,2.0976171493530273,24.32771110534668,24.643569946289062,25.843219757080078,0.05
868,4,92,6,4.218262672424316,4.089546203613281,4.321415901184082,4.216716766357422,0.0045583248138427734,4.218262672424316,4.2206339836120605,4.22810697555542,0.2
869,4,125,6,21.742671966552734,0.0,21.742671966552734,16.264657974243164,56.0376091003418,17.233173370361328,18.643077850341797,21.007709503173828,0.2
870,4,153,6,52.16033172607422,46.501548767089844,52.833858489990234,50.927703857421875,4.477238178253174,50.68146896362305,51.831321716308594,52.16033172607422,0.05
871,4,152,6,20.329261779785156,18.800203323364258,20.329261779785156,19.523456573486328,0.4466431438922882,18.8718204498291,19.42754364013672,20.209095001220703,0.0
872,4,154,6,32.06271743774414,31.02972984313965,32.06271743774414,31.585485458374023,0.1372952163219452,31.41080093383789,31.485200881958008,31.91934585571289,0.0
873,4,144,6,16.980960845947266,16.79008674621582,18.266719818115234,17.41720962524414,0.3592536747455597,16.980960845947266,17.124807357788086,17.979074478149414,0.0
874,4,130,6,22.43207359313965,19.353199005126953,22.43207359313965,20.999656677246094,1.3027347326278687,20.234424591064453,20.815969467163086,22.109107971191406,0.05
875,4,151,6,19.664819717407227,18.94041633605957,20.341602325439453,19.674823760986328,0.1647905856370926,19.664819717407227,19.682010650634766,19.72835922241211,0.15
876,4,147,6,34.0211067199707,28.09516143798828,34.80390930175781,32.66301727294922,6.0271735191345215,31.492599487304688,34.0211067199707,34.295570373535156,0.0
877,4,148,6,20.578943252563477,17.266151428222656,20.578943252563477,19.71537208557129,1.2993621826171875,19.776107788085938,20.065168380737305,20.49407386779785,0.05
878,4,149,6,18.002735137939453,14.527825355529785,18.002735137939453,16.581615447998047,1.6113321781158447,15.815351486206055,16.60110855102539,17.802886962890625,0.05
879,4,147,6,35.187503814697266,34.222251892089844,39.258026123046875,36.503440856933594,3.9984257221221924,35.187503814697266,35.56304931640625,38.40473175048828,0.0
880,4,98,6,43.36480712890625,43.34389114379883,49.08119201660156,45.52096939086914,5.1909966468811035,43.36480712890625,45.041473388671875,47.119266510009766,0.0
881,4,156,6,18.916427612304688,18.916427612304688,19.87689208984375,19.278564453125,0.14560700953006744,18.93501853942871,19.135053634643555,19.588481903076172,0.0
882,4,138,6,12.229315757751465,0.0,13.252542495727539,9.191513061523438,20.685495376586914,7.991459369659424,11.201628684997559,12.229315757751465,0.2
883,4,154,6,10.687478065490723,7.812809944152832,10.687478065490723,9.515704154968262,1.0400433540344238,8.953557014465332,9.524139404296875,10.467755317687988,0.05
884,4,143,6,26.039142608642578,25.61560821533203,27.285913467407227,26.345943450927734,0.2843291759490967,26.039142608642578,26.24455451965332,26.596908569335938,0.05
885,4,146,6,27.46087074279785,19.860530853271484,27.46087074279785,23.71800422668457,9.497933387756348,20.98114013671875,23.425270080566406,26.833555221557617,0.1
886,4,136,6,15.321866989135742,0.0,15.321866989135742,11.602376937866211,28.117929458618164,12.564933776855469,13.315164566040039,14.839195251464844,0.2
887,4,117,6,66.9773178100586,66.9773178100586,72.30668640136719,69.26947021484375,4.635177135467529,67.12882995605469,69.20166015625,70.91912841796875,0.0
888,4,143,6,61.63804626464844,58.020423889160156,64.92506408691406,60.85353088378906,5.04408597946167,59.20261764526367,60.791114807128906,61.63804626464844,0.0
889,4,153,6,15.544879913330078,14.32970905303955,17.141948699951172,15.903111457824707,0.8518218398094177,15.544879913330078,15.79582405090332,16.619552612304688,0.25
890,4,100,6,30.30080795288086,21.761138916015625,30.30080795288086,27.344526290893555,13.980071067810059,24.128000259399414,29.647483825683594,30.228424072265625,0.1
891,4,140,6,56.75602722167969,52.32592010498047,61.44823455810547,56.095436096191406,8.214203834533691,54.23503494262695,56.10777282714844,56.75602722167969,0.0
892,4,99,6,20.347379684448242,0.0,20.347379684448242,11.257969856262207,69.7939224243164,4.151159763336182,11.625558853149414,19.623611450195312,0.2
893,4,157,6,52.330806732177734,50.12254333496094,54.755332946777344,52.919368743896484,2.550153970718384,52.330806732177734,52.7838134765625,54.364131927490234,0.05
894,4,139,6,23.857181549072266,19.15717124938965,23.857181549072266,21.778417587280273,4.105318546295166,20.064332962036133,21.879276275634766,23.798503875732422,0.15
895,4,150,6,24.89235496520996,20.71003532409668,24.89235496520996,23.20758628845215,2.4526281356811523,22.167888641357422,23.346385955810547,24.71807098388672,0.05
896,4,135,6,32.455406188964844,31.59479522705078,32.455406188964844,32.208412170410156,0.09283709526062012,32.133419036865234,32.31803894042969,32.44874572753906,0.0
897,4,117,6,44.660282135009766,38.978492736816406,44.660282135009766,40.989295959472656,6.748416900634766,39.133880615234375,39.26930236816406,43.31957244873047,0.0
898,4,132,6,77.56171417236328,75.35066223144531,78.75445556640625,77.59008026123047,1.1688936948776245,77.56171417236328,77.85067749023438,78.16412353515625,0.0
899,4,125,6,29.03384017944336,27.772090911865234,30.909423828125,29.418781280517578,0.9579412937164307,29.03384017944336,29.352310180664062,29.987228393554688,0.0
900,4,119,6,37.04698944091797,33.9835319519043,37.04698944091797,35.38036346435547,1.473073959350586,34.5823860168457,34.83731460571289,36.51903533935547,0.2
901,4,142,6,41.131324768066406,37.160579681396484,45.06675338745117,40.767642974853516,6.525543212890625,38.98588943481445,41.131324768066406,41.66667556762695,0.0
902,4,151,6,65.22811126708984,65.22811126708984,71.11712646484375,67.80035400390625,5.905779838562012,65.37751770019531,67.66815948486328,69.7969970703125,0.0
903,4,158,6,15.745938301086426,13.452563285827637,15.745938301086426,14.717456817626953,0.7740313410758972,13.996967315673828,14.769865036010742,15.562846183776855,0.0
904,4,92,6,24.760353088378906,24.760353088378906,25.149871826171875,24.887102127075195,0.016888057813048363,24.789146423339844,24.880603790283203,24.889537811279297,0.0
905,4,157,6,32.70101547241211,26.14583396911621,32.70101547241211,29.774913787841797,5.399977684020996,28.677255630493164,29.26875877380371,31.905960083007812,0.0
906,4,140,6,43.23721694946289,38.20195770263672,43.23721694946289,40.88227081298828,4.372844219207764,38.968589782714844,40.93470001220703,42.98755645751953,0.0
907,4,136,6,44.3695182800293,44.15734100341797,47.01499557495117,45.06269073486328,0.9702348113059998,44.3695182800293,44.65446090698242,45.378883361816406,0.0
908,4,131,6,40.40614318847656,37.280662536621094,40.40614318847656,39.0951042175293,1.22002112865448,38.50825119018555,39.07470703125,40.07990646362305,0.0
909,4,54,6,38.441131591796875,0.0,39.785804748535156,27.5678653717041,263.85821533203125,17.058198928833008,38.441131591796875,38.716712951660156,0.1
910,4,134,6,40.64970779418945,40.64970779418945,42.03300094604492,41.22138595581055,0.3370518684387207,40.65633010864258,41.10862731933594,41.71924591064453,0.0
911,4,147,6,35.40392303466797,34.03870391845703,39.756103515625,36.5703125,4.29038143157959,35.40392303466797,35.61192321777344,38.20445251464844,0.0
912,4,159,6,25.38083267211914,23.498258590698242,26.008148193359375,24.98391342163086,0.6754249930381775,24.58694839477539,25.330020904541016,25.38083267211914,0.05
913,4,146,6,29.728336334228516,24.107864379882812,30.74490737915039,27.553138732910156,6.894312858581543,25.078468322753906,28.042741775512695,29.728336334228516,0.0
914,4,133,6,22.360445022583008,16.882701873779297,22.360445022583008,19.867164611816406,4.353420257568359,18.390520095825195,19.63153076171875,21.947830200195312,0.1
915,4,129,6,20.801467895507812,17.478206634521484,20.801467895507812,19.118295669555664,1.6878259181976318,18.083534240722656,18.902088165283203,20.33695411682129,0.1
916,4,150,6,14.241288185119629,11.768709182739258,14.241288185119629,13.242685317993164,1.0003286600112915,12.382465362548828,13.606526374816895,14.09559154510498,0.25
917,4,125,6,25.718786239624023,24.864269256591797,25.778730392456055,25.443984985351562,0.10985422134399414,25.250484466552734,25.54641342163086,25.718786239624023,0.0
918,4,80,6,24.705795288085938,24.300315856933594,24.705795288085938,24.497188568115234,0.027432823553681374,24.343238830566406,24.48392105102539,24.655601501464844,0.15
919,4,138,6,20.13942527770996,19.95513153076172,20.85000991821289,20.36664581298828,0.11789112538099289,20.13942527770996,20.22223663330078,20.684391021728516,0.0
920,4,158,6,30.089014053344727,30.089014053344727,30.746912002563477,30.410303115844727,0.07092384248971939,30.14119529724121,30.432361602783203,30.64586067199707,0.0
921,4,111,6,15.065879821777344,9.095787048339844,15.321014404296875,13.940435409545898,4.774421215057373,14.537301063537598,14.816177368164062,15.065879821777344,0.0
922,4,143,6,31.49518585205078,24.550867080688477,31.49518585205078,27.616317749023438,7.807186126708984,25.984939575195312,26.102102279663086,30.151845932006836,0.2
923,4,142,6,25.066631317138672,24.626462936401367,25.582670211791992,25.013219833374023,0.098946712911129,24.773452758789062,25.062551498413086,25.066631317138672,0.0
924,4,145,6,15.50704288482666,13.478446006774902,15.50704288482666,14.712713241577148,0.5903249979019165,14.244226455688477,14.772392272949219,15.451473236083984,0.15
925,4,119,6,27.822593688964844,22.764673233032227,27.822593688964844,25.548402786254883,3.320380210876465,24.493986129760742,25.264501571655273,27.26887321472168,0.0
926,4,136,6,30.87686538696289,30.87686538696289,33.14651107788086,31.828720092773438,0.6719931960105896,31.062576293945312,31.798606872558594,32.350528717041016,0.15
927,4,150,6,29.202861785888672,27.68830680847168,29.202861785888672,28.32217025756836,0.3980068266391754,27.889049530029297,27.98686408996582,28.905475616455078,0.0
928,4,154,6,15.378622055053711,14.384589195251465,16.47169303894043,15.188840866088867,0.46935564279556274,14.65768814086914,15.171262741088867,15.378622055053711,0.2
929,4,153,6,40.835540771484375,36.35375213623047,40.835540771484375,38.858642578125,2.5693936347961426,37.951602935791016,38.691444396972656,40.3288688659668,0.0
930,4,153,6,13.71176528930664,0.0,14.116619110107422,11.540698051452637,26.660619735717773,13.71176528930664,13.72152328491211,13.912389755249023,0.25
931,4,145,6,26.081201553344727,20.812686920166016,26.081201553344727,23.600627899169922,4.103427410125732,22.00884246826172,23.412578582763672,25.610984802246094,0.05
932,4,129,6,9.983877182006836,5.222789287567139,9.983877182006836,7.648726463317871,3.4647016525268555,6.118710041046143,7.396134376525879,9.499424934387207,0.1
933,4,133,6,28.8844051361084,26.5383243560791,28.8844051361084,27.723514556884766,0.8183632493019104,27.015226364135742,27.56839370727539,28.605152130126953,0.05
934,4,151,6,15.295822143554688,12.732889175415039,15.295822143554688,14.670185089111328,0.8088661432266235,14.705455780029297,15.013057708740234,15.275787353515625,0.05
935,4,154,6,31.89925765991211,24.13535499572754,31.89925765991211,27.525070190429688,11.219857215881348,24.476442337036133,26.428180694580078,30.932235717773438,0.1
936,4,105,6,16.939208984375,14.919624328613281,20.746889114379883,18.0369873046875,4.4497857093811035,16.939208984375,17.44611358642578,20.03123664855957,0.25
937,4,154,6,36.55643081665039,31.023380279541016,36.55643081665039,33.55152893066406,4.875951290130615,31.94385528564453,32.672733306884766,35.680423736572266,0.0
938,4,143,6,37.97954559326172,34.179832458496094,41.82939529418945,37.448822021484375,6.871376991271973,35.22699737548828,37.97954559326172,38.306236267089844,0.1
939,4,144,6,23.65705108642578,22.038175582885742,25.18973731994629,23.302593231201172,1.0506845712661743,22.609088897705078,23.174598693847656,23.65705108642578,0.0
940,4,127,6,42.865535736083984,41.20624923706055,43.440433502197266,42.53947448730469,0.6201433539390564,42.03687286376953,42.865535736083984,43.04021453857422,0.0
941,4,151,6,32.694419860839844,30.225801467895508,32.694419860839844,32.01250076293945,0.7180513739585876,32.00031661987305,32.23418426513672,32.63158416748047,0.0
942,4,110,6,51.913055419921875,50.0692138671875,54.1614990234375,52.12213134765625,1.6021208763122559,51.68609619140625,51.913055419921875,52.77740478515625,0.0
943,4,112,6,16.674942016601562,0.0,19.52385711669922,12.691505432128906,41.04426574707031,10.883201599121094,14.910736083984375,16.674942016601562,0.15
944,4,135,6,24.323589324951172,24.323589324951172,25.51226043701172,24.887758255004883,0.21191798150539398,24.427963256835938,24.938575744628906,25.251483917236328,0.0
945,4,145,6,16.017024993896484,15.994956970214844,16.70536231994629,16.263629913330078,0.08659839630126953,16.017024993896484,16.120738983154297,16.52332878112793,0.25
946,4,149,6,25.054950714111328,19.314353942871094,25.054950714111328,22.845497131347656,4.980825901031494,21.12798500061035,23.47426986694336,24.92551040649414,0.1
947,4,139,6,23.991775512695312,22.912105560302734,24.89710235595703,23.940135955810547,0.33256566524505615,23.871997833251953,23.991775512695312,24.00992774963379,0.05
948,4,153,6,48.05646896362305,42.67213439941406,48.05646896362305,45.78392791748047,4.810855865478516,43.859413146972656,46.20647048950195,47.915340423583984,0.0
949,4,159,6,24.579601287841797,22.995956420898438,26.248947143554688,24.601009368896484,0.9166148900985718,24.354419708251953,24.579601287841797,24.836849212646484,0.0
950,4,128,6,19.21454429626465,19.110572814941406,19.523040771484375,19.280067443847656,0.01671232283115387,19.21454429626465,19.24486541748047,19.325679779052734,0.0
951,4,145,6,32.783355712890625,27.472274780273438,34.97495651245117,32.05427551269531,5.870067119598389,31.173873901367188,32.783355712890625,33.45158767700195,0.0
952,4,153,6,37.475990295410156,33.371334075927734,37.475990295410156,35.450618743896484,2.3661258220672607,34.46533203125,35.03668212890625,36.890281677246094,0.0
953,4,156,6,15.602705001831055,12.975229263305664,15.602705001831055,14.09933853149414,1.301959753036499,13.0571928024292,13.700183868408203,15.25619888305664,0.1
954,4,105,6,26.308834075927734,0.0,26.308834075927734,17.835107803344727,82.06777954101562,15.35726547241211,19.842735290527344,25.32635498046875,0.15
955,4,90,6,29.192773818969727,27.948034286499023,36.90444564819336,31.558551788330078,11.416193962097168,29.192773818969727,29.941471099853516,34.2398796081543,0.0
956,4,140,6,36.58876037597656,36.58876037597656,39.31809997558594,38.19655227661133,1.3315016031265259,37.1009635925293,38.823001861572266,39.030372619628906,0.0
957,4,152,6,17.547080993652344,14.419536590576172,17.547080993652344,15.982513427734375,1.4607443809509277,15.107351303100586,15.655876159667969,17.183120727539062,0.15
958,4,134,6,24.360042572021484,23.07068634033203,24.360042572021484,23.680049896240234,0.2835409343242645,23.190765380859375,23.581077575683594,24.215330123901367,0.0
959,4,146,6,17.956491470336914,15.47164535522461,17.956491470336914,16.61794662475586,1.0318330526351929,15.729928970336914,16.35714340209961,17.62258529663086,0.0
960,4,125,6,58.66462707519531,44.25757598876953,58.66462707519531,53.627418518066406,24.690227508544922,51.865074157714844,54.32352066040039,57.943138122558594,0.0
961,4,154,6,46.14000701904297,41.38713455200195,46.14000701904297,43.65275955200195,4.670276641845703,41.50309753417969,43.419071197509766,45.86988830566406,0.15
962,4,149,6,31.404220581054688,27.956863403320312,31.404220581054688,29.865436553955078,1.5843079090118408,29.08444595336914,29.704071044921875,31.085140228271484,0.0
963,4,123,6,14.230781555175781,12.653053283691406,14.315108299255371,13.669650077819824,0.49134767055511475,13.023402214050293,14.033122062683105,14.230781555175781,0.1
964,4,154,6,26.302001953125,25.161449432373047,27.593257904052734,26.093570709228516,0.6491696238517761,25.441017150878906,26.112014770507812,26.302001953125,0.0
965,4,145,6,15.149311065673828,13.37174129486084,15.149311065673828,14.383633613586426,0.4365355968475342,13.967377662658691,14.335907936096191,15.032278060913086,0.0
966,4,141,6,0.0,0.0,6.297837734222412,3.8528647422790527,7.678033351898193,1.1805124282836914,5.366847515106201,6.067153453826904,0.25
967,4,121,6,23.862226486206055,23.402751922607422,24.45636749267578,23.968305587768555,0.10721942782402039,23.862226486206055,23.93667984008789,24.16412925720215,0.05
968,4,148,6,51.01646423339844,47.87056350708008,51.01646423339844,49.70895767211914,1.7507225275039673,48.45405578613281,50.11864471435547,50.95234680175781,0.0
969,4,141,6,40.622291564941406,37.513771057128906,41.32106018066406,40.200927734375,1.520088791847229,40.489749908447266,40.622291564941406,40.666019439697266,0.0
970,4,143,6,29.620559692382812,27.336688995361328,29.620559692382812,28.692501068115234,0.8318000435829163,27.899044036865234,28.97403335571289,29.525239944458008,0.0
971,4,87,6,24.22513198852539,8.146012306213379,24.22513198852539,16.32619857788086,44.280059814453125,10.139020919799805,15.991543769836426,23.058971405029297,0.15
972,4,134,6,17.318191528320312,15.32052993774414,17.318191528320312,16.42010498046875,0.5942977070808411,15.777610778808594,16.490116119384766,17.143707275390625,0.2
973,4,87,6,18.02728271484375,0.0,18.02728271484375,12.747082710266113,36.87049102783203,12.844430923461914,13.941991806030273,17.054988861083984,0.2
974,4,157,6,13.417113304138184,13.417113304138184,14.198800086975098,13.795735359191895,0.08956335484981537,13.514087677001953,13.826761245727539,14.028024673461914,0.0
975,4,153,6,13.399554252624512,0.0,13.399554252624512,10.25377082824707,21.837810516357422,11.112627029418945,11.856110572814941,13.123566627502441,0.2
976,4,151,6,20.945537567138672,20.479496002197266,20.945537567138672,20.769237518310547,0.02625506930053234,20.69683074951172,20.780765533447266,20.915199279785156,0.0
977,4,141,6,38.42518997192383,36.00385665893555,38.42518997192383,37.412864685058594,1.0491747856140137,36.41875457763672,37.770511627197266,38.34683609008789,0.0
978,4,137,6,32.852386474609375,29.865386962890625,32.852386474609375,31.32595443725586,1.4465909004211426,30.24423599243164,31.185977935791016,32.498252868652344,0.0
979,4,142,6,24.846010208129883,21.7827091217041,24.846010208129883,23.427465438842773,1.2387747764587402,22.781400680541992,23.225065231323242,24.445587158203125,0.0
980,4,125,6,34.04283142089844,32.832374572753906,34.622535705566406,34.081451416015625,0.3619249165058136,34.04283142089844,34.228248596191406,34.504276275634766,0.0
981,4,124,6,31.044078826904297,29.272966384887695,31.044078826904297,30.036184310913086,0.5430557131767273,29.431365966796875,29.756410598754883,30.73727035522461,0.0
982,4,112,6,20.110103607177734,18.157207489013672,20.110103607177734,19.407445907592773,0.48681750893592834,19.03087615966797,19.5906982421875,20.011449813842773,0.1
983,4,145,6,17.081893920898438,15.451257705688477,17.081893920898438,16.308738708496094,0.37714242935180664,15.869192123413086,16.208919525146484,16.91135025024414,0.2
984,4,152,6,31.801536560058594,28.20783042907715,31.801536560058594,30.369890213012695,2.3637170791625977,28.913917541503906,30.962318420410156,31.781248092651367,0.1
985,4,152,6,35.88956832885742,35.88956832885742,37.59153366088867,36.57986068725586,0.3393702805042267,36.075706481933594,36.65547561645508,36.767364501953125,0.0
986,4,155,6,40.545509338378906,39.70771026611328,41.10382080078125,40.389198303222656,0.19633527100086212,40.10777282714844,40.489463806152344,40.545509338378906,0.0
987,4,152,6,24.171968460083008,13.000575065612793,24.171968460083008,21.569503784179688,15.20166015625,22.328350067138672,22.96617889404297,23.888830184936523,0.05
988,4,137,6,20.828224182128906,18.978761672973633,20.828224182128906,20.191068649291992,0.6918914914131165,19.45804786682129,20.727149963378906,20.81937026977539,0.0
989,4,122,6,59.35279846191406,52.05815887451172,59.35279846191406,55.66926193237305,8.381156921386719,53.19174575805664,55.224754333496094,58.536964416503906,0.0
990,4,145,6,13.245763778686523,11.24481201171875,13.245763778686523,12.339890480041504,0.5028409361839294,12.061521530151367,12.130453109741211,12.969600677490234,0.25
991,4,131,6,40.743858337402344,38.674644470214844,40.743858337402344,39.81990432739258,0.5907765626907349,39.32341766357422,39.725738525390625,40.57654571533203,0.0
992,4,155,6,13.057271957397461,11.142352104187012,13.437864303588867,12.67319107055664,0.5514635443687439,12.568782806396484,12.968143463134766,13.057271957397461,0.2
993,4,133,6,31.761444091796875,29.915084838867188,35.32239532470703,31.96681785583496,2.777944564819336,31.132129669189453,31.761444091796875,32.02899169921875,0.0
994,4,157,6,14.065996170043945,9.964234352111816,14.065996170043945,11.963351249694824,3.019923210144043,10.440572738647461,11.624938011169434,13.746898651123047,0.1
995,4,136,6,18.83251953125,17.983945846557617,18.83251953125,18.413578033447266,0.09996465593576431,18.236011505126953,18.300153732299805,18.71259307861328,0.0
996,4,154,6,26.989879608154297,22.762304306030273,27.600492477416992,25.4869384765625,3.5399670600891113,23.79407501220703,26.135169982910156,26.989879608154297,0.0
997,4,157,6,37.29241943359375,32.696678161621094,37.937408447265625,35.829246520996094,3.428084373474121,34.71216583251953,36.25145721435547,37.29241943359375,0.0
998,4,59,6,25.924644470214844,25.791147232055664,25.924644470214844,25.859920501708984,0.00261294306255877,25.819910049438477,25.8538875579834,25.909000396728516,0.0
999,4,150,6,36.09452819824219,36.09452819824219,38.497676849365234,37.238182067871094,0.8252200484275818,36.340171813964844,37.40953826904297,37.87794876098633,0.0
1000,4,151,6,21.24549102783203,19.642486572265625,21.24549102783203,20.344486236572266,0.4338594377040863,19.82439422607422,20.094329833984375,20.965476989746094,0.0
1001,4,156,6,54.71800231933594,45.48667907714844,55.301658630371094,50.5059814453125,19.754581451416016,46.0136833190918,50.95397186279297,54.71800231933594,0.0
1002,4,151,6,25.925792694091797,22.96708869934082,26.795499801635742,25.179767608642578,1.515573263168335,24.636566162109375,25.42465591430664,25.925792694091797,0.05
1003,4,152,6,29.009765625,23.514312744140625,29.009765625,26.557958602905273,4.713450908660889,24.937284469604492,26.445388793945312,28.73508071899414,0.15
1004,4,155,6,23.216995239257812,21.378559112548828,23.216995239257812,22.26435089111328,0.5355440378189087,21.645483016967773,22.122116088867188,22.975318908691406,0.0
1005,4,144,6,28.075103759765625,25.511327743530273,28.099254608154297,27.47015953063965,0.8380356431007385,27.446170806884766,27.88650894165039,28.075103759765625,0.05
1006,4,122,6,29.82324981689453,20.746803283691406,29.82324981689453,26.77789306640625,12.676719665527344,24.28363037109375,28.576313018798828,29.71303367614746,0.0
1007,4,133,6,19.585304260253906,0.0,20.058351516723633,14.243112564086914,49.4057731628418,12.988641738891602,16.476295471191406,19.585304260253906,0.15
1008,4,152,6,26.869380950927734,20.800289154052734,27.646045684814453,25.84040641784668,5.254918098449707,26.344478607177734,26.733219146728516,26.869380950927734,0.05
1009,4,129,6,21.68701171875,21.68701171875,23.48468017578125,22.604612350463867,0.5234824419021606,21.905895233154297,22.68145751953125,23.25463104248047,0.0
1010,4,154,6,11.152642250061035,0.0,11.524685859680176,9.138507843017578,16.905353546142578,10.2763090133667,11.05081844329834,11.152642250061035,0.25
1011,4,147,6,37.525291442871094,29.996753692626953,37.525291442871094,34.54335403442383,8.751228332519531,32.17289733886719,35.290985107421875,37.33966827392578,0.05
1012,4,134,6,33.80154037475586,32.33721160888672,34.66538619995117,33.50681686401367,0.510115385055542,33.18327713012695,33.543914794921875,33.80154037475586,0.0
1013,4,148,6,18.41840362548828,12.671687126159668,18.41840362548828,15.613778114318848,4.640901565551758,14.215839385986328,15.028671264648438,17.699920654296875,0.0
1014,4,133,6,19.804931640625,12.94234561920166,19.804931640625,16.194868087768555,8.512882232666016,13.424652099609375,15.717386245727539,19.174407958984375,0.15
1015,4,160,6,22.994384765625,15.296987533569336,22.994384765625,18.861011505126953,9.71387767791748,16.356277465820312,17.827322006225586,21.97241973876953,0.0
1016,4,145,6,18.11919403076172,16.40778350830078,18.11919403076172,17.504220962524414,0.3493765890598297,17.287395477294922,17.559680938720703,18.02668571472168,0.05
1017,4,122,6,32.61296081542969,32.61296081542969,35.75640869140625,33.91222381591797,1.1938631534576416,32.917076110839844,34.020179748535156,34.390724182128906,0.0
1018,4,120,6,28.029911041259766,25.213491439819336,28.029911041259766,26.66006088256836,1.181952953338623,25.780906677246094,26.551450729370117,27.70536231994629,0.0
1019,4,145,6,20.814834594726562,18.60809326171875,20.814834594726562,20.060760498046875,0.5469512939453125,19.94764518737793,20.116519927978516,20.64206314086914,0.0
1020,4,155,6,23.389089584350586,20.155258178710938,23.389089584350586,22.046438217163086,1.6629900932312012,20.980369567871094,22.271324157714844,23.299015045166016,0.15
1021,4,154,6,26.916358947753906,25.524154663085938,26.916358947753906,26.288646697998047,0.26023003458976746,25.9483642578125,26.245872497558594,26.7742862701416,0.0
1022,4,152,6,17.584423065185547,14.564077377319336,17.584423065185547,16.324554443359375,1.6465156078338623,15.075973510742188,16.765960693359375,17.507183074951172,0.1
1023,4,155,6,45.38398742675781,45.05601119995117,45.708106994628906,45.403167724609375,0.03628666326403618,45.38398742675781,45.408348083496094,45.44883728027344,0.0
1024,4,142,6,39.599571228027344,35.98109436035156,39.599571228027344,38.07899475097656,2.3394086360931396,36.642578125,38.481685638427734,39.54572296142578,0.0
1025,4,153,6,17.450265884399414,14.262310028076172,17.450265884399414,15.872882843017578,1.8628634214401245,14.507944107055664,15.888240814208984,17.24735450744629,0.0
1026,4,137,6,39.794769287109375,32.048973083496094,39.794769287109375,36.645023345947266,9.478507041931152,34.06254577636719,37.651363372802734,39.30589294433594,0.0
1027,4,144,6,25.84813690185547,24.342758178710938,26.829120635986328,25.65814781188965,0.6746244430541992,25.129409790039062,25.84813690185547,26.105209350585938,0.1
1028,4,156,6,29.161151885986328,29.161151885986328,30.590885162353516,29.800106048583984,0.3609410524368286,29.19812774658203,29.77611541748047,30.312206268310547,0.1
1029,4,154,6,14.413698196411133,13.35139274597168,15.073029518127441,14.494378089904785,0.32115602493286133,14.413698196411133,14.601278305053711,14.891408920288086,0.15
1030,4,158,6,25.47930145263672,24.473705291748047,27.001794815063477,25.83391761779785,0.669355571269989,25.47930145263672,25.747787475585938,26.418912887573242,0.0
1031,4,154,6,26.78679656982422,25.466842651367188,26.78679656982422,26.0466251373291,0.2865336239337921,25.679615020751953,25.788660049438477,26.551311492919922,0.0
1032,4,156,6,23.574848175048828,18.189496994018555,23.574848175048828,21.111637115478516,4.510865211486816,19.514244079589844,20.9140682220459,23.25079345703125,0.05
1033,4,139,6,33.36150360107422,31.326444625854492,33.36150360107422,32.75873947143555,0.6255037188529968,32.31557846069336,33.22991180419922,33.352882385253906,0.05
1034,4,99,6,80.18037414550781,80.18037414550781,87.42481994628906,83.33739471435547,7.118167877197266,80.72630310058594,83.63755798339844,84.95050811767578,0.0
1035,4,133,6,29.119428634643555,25.502117156982422,29.119428634643555,27.658151626586914,1.594887614250183,27.091304779052734,27.57836151123047,28.82586097717285,0.05
1036,4,121,6,20.002775192260742,19.18497657775879,20.002775192260742,19.622587203979492,0.12849408388137817,19.27586555480957,19.653186798095703,19.981775283813477,0.0
1037,4,124,6,12.584811210632324,0.0,12.703737258911133,10.381715774536133,21.594444274902344,12.1673002243042,12.437807083129883,12.584811210632324,0.25
1038,4,128,6,35.15392303466797,33.40824890136719,35.15392303466797,34.38238525390625,0.3874412477016449,34.05437469482422,34.277156829833984,34.967567443847656,0.0
1039,4,153,6,24.208580017089844,18.80399513244629,24.208580017089844,21.026119232177734,5.191056728363037,19.434263229370117,19.758302688598633,23.165542602539062,0.0
1040,4,151,6,21.850446701049805,17.096031188964844,21.850446701049805,19.41891098022461,3.3228933811187744,18.248680114746094,18.74242401123047,21.184133529663086,0.05
1041,4,159,6,14.684202194213867,13.140316009521484,14.737442016601562,14.124969482421875,0.43129855394363403,13.545923233032227,14.423920631408691,14.684202194213867,0.0
1042,4,100,6,0.0,0.0,17.306833267211914,10.52047061920166,57.59328079223633,3.1782994270324707,14.36023235321045,16.823463439941406,0.25
1043,4,110,6,36.124446868896484,0.0,36.124446868896484,24.549673080444336,146.5947723388672,23.81905746459961,25.62656021118164,33.934574127197266,0.2
1044,4,142,6,24.414098739624023,23.941503524780273,25.408729553222656,24.684560775756836,0.28220051527023315,24.414098739624023,24.491275787353516,25.1624755859375,0.0
1045,4,108,6,41.40866470336914,0.0,41.40866470336914,25.010629653930664,227.6066436767578,15.130411148071289,27.56722640991211,38.793701171875,0.15
1046,4,125,6,43.48600769042969,38.57033157348633,44.13128662109375,41.732948303222656,4.2768449783325195,40.34775924682617,41.938289642333984,43.48600769042969,0.0
1047,4,132,6,37.641693115234375,31.896968841552734,37.641693115234375,34.83668518066406,5.188347339630127,32.85627365112305,34.65226364135742,37.10254669189453,0.0
1048,4,147,6,21.299074172973633,20.153553009033203,22.25489616394043,21.428871154785156,0.45614609122276306,21.299074172973633,21.40741729736328,21.917089462280273,0.2
1049,4,104,6,15.277441024780273,0.0,15.277441024780273,11.965715408325195,29.120208740234375,13.615424156188965,13.814821243286133,14.957392692565918,0.25
1050,4,145,6,21.138612747192383,0.0,21.138612747192383,15.437216758728027,52.98260498046875,15.14974594116211,17.931161880493164,20.53260612487793,0.2
1051,4,138,6,26.73124122619629,22.508575439453125,26.73124122619629,24.868350982666016,3.1344962120056152,23.158309936523438,25.23876190185547,26.580650329589844,0.0
1052,4,136,6,27.451303482055664,27.451303482055664,28.344697952270508,27.96381378173828,0.14327290654182434,27.587505340576172,28.12166976928711,28.280986785888672,0.0
1053,4,130,6,10.22630500793457,0.0,10.22630500793457,7.655999660491943,13.048806190490723,7.527338981628418,9.041984558105469,10.212947845458984,0.25
1054,4,112,6,37.80040740966797,36.07142639160156,37.88154983520508,37.182373046875,0.5642212629318237,36.50597381591797,37.549560546875,37.80040740966797,0.0
1055,4,140,6,18.441728591918945,18.05571937561035,18.441728591918945,18.254627227783203,0.02274135872721672,18.12700080871582,18.24367904663086,18.402057647705078,0.0
1056,4,142,6,53.8199462890625,51.278892517089844,55.69943618774414,53.9796028137207,1.8669841289520264,53.8199462890625,54.142642974853516,54.71187210083008,0.0
1057,4,89,6,68.23114776611328,64.30860900878906,68.23114776611328,66.02018737792969,2.6071383953094482,64.76014709472656,65.40191650390625,67.52395629882812,0.0
1058,4,142,6,26.075584411621094,20.561227798461914,26.075584411621094,23.916812896728516,4.9535393714904785,21.99888038635254,24.698139190673828,25.951030731201172,0.0
1059,4,152,6,22.819950103759766,22.28949737548828,23.603485107421875,23.042499542236328,0.20059974491596222,22.819950103759766,23.040668487548828,23.410890579223633,0.0
1060,4,156,6,13.701037406921387,13.701037406921387,18.230546951293945,15.857217788696289,2.885016441345215,14.292230606079102,16.070383071899414,17.04617691040039,0.15
1061,4,156,6,17.92087173461914,16.949859619140625,18.98882484436035,17.93414306640625,0.4889132082462311,17.425151824951172,17.92087173461914,18.403606414794922,0.15
1062,4,145,6,21.029666900634766,17.059844970703125,21.029666900634766,19.15266227722168,2.546419620513916,17.674362182617188,19.2647705078125,20.680713653564453,0.0
1063,4,114,6,28.81353759765625,27.55502700805664,28.81353759765625,28.191015243530273,0.22745388746261597,27.85626220703125,28.088104248046875,28.638778686523438,0.0
1064,4,152,6,25.79436492919922,20.819456100463867,25.79436492919922,23.913888931274414,3.565934658050537,22.5924072265625,24.56719970703125,25.492525100708008,0.05
1065,4,143,6,35.84876251220703,29.693307876586914,35.84876251220703,33.368309020996094,5.670145034790039,31.456340789794922,34.04450225830078,35.5,0.0
1066,4,118,6,30.220468521118164,0.0,30.220468521118164,20.022384643554688,106.4483871459961,17.107051849365234,21.658044815063477,28.6702823638916,0.2
1067,4,145,6,19.086332321166992,15.788883209228516,19.69640350341797,17.841617584228516,2.2998039722442627,16.466529846191406,18.12045669555664,19.086332321166992,0.1
1068,4,152,6,21.30715560913086,21.070009231567383,22.84268569946289,21.907869338989258,0.4995855689048767,21.30715560913086,21.777572631835938,22.566160202026367,0.0
1069,4,110,6,32.12274169921875,30.255447387695312,34.065799713134766,32.24285888671875,1.392988920211792,31.841129302978516,32.12274169921875,32.88805389404297,0.0
1070,4,136,6,72.38375854492188,68.82432556152344,72.38375854492188,71.51213836669922,1.5558313131332397,71.53620910644531,72.04302978515625,72.31932830810547,0.0
1071,4,124,6,21.940635681152344,19.6678466796875,22.088848114013672,21.084463119506836,0.8949769735336304,20.361040115356445,21.260889053344727,21.940635681152344,0.0
1072,4,145,6,16.642183303833008,16.319656372070312,17.163999557495117,16.75802230834961,0.07001402974128723,16.642183303833008,16.75290298461914,16.903274536132812,0.1
1073,4,156,6,25.82581329345703,22.697799682617188,26.12264060974121,24.843120574951172,1.6873674392700195,23.882728576660156,25.470165252685547,25.82581329345703,0.05
1074,4,152,6,18.692548751831055,16.365234375,18.692548751831055,17.636085510253906,0.6995453834533691,17.205245971679688,17.437175750732422,18.42662811279297,0.05
1075,4,141,6,50.82229995727539,37.40498733520508,50.82229995727539,43.664554595947266,32.79629135131836,38.57056427001953,42.20684051513672,49.54261779785156,0.0
1076,4,157,6,33.52702713012695,32.335044860839844,33.90827941894531,33.421329498291016,0.26446157693862915,33.45088195800781,33.52702713012695,33.73557662963867,0.0
1077,4,133,6,45.60975646972656,45.60975646972656,51.19664001464844,48.7558479309082,5.452243804931641,46.42743682861328,49.74395751953125,50.62512969970703,0.05
1078,4,158,6,23.89809799194336,22.002090454101562,23.89809799194336,23.090194702148438,0.5392494797706604,22.498144149780273,23.24414825439453,23.738445281982422,0.0
1079,4,114,6,40.4558219909668,36.844757080078125,42.04399108886719,39.830970764160156,2.4699368476867676,39.47530746459961,40.141685485839844,40.4558219909668,0.0
1080,4,131,6,98.2254638671875,95.05471801757812,98.2254638671875,96.63938903808594,2.048813819885254,95.22166442871094,96.59832763671875,98.09712219238281,0.0
1081,4,126,6,32.680110931396484,23.900211334228516,32.8849983215332,29.212833404541016,14.063122749328613,25.806489944458008,30.38224220275879,32.680110931396484,0.05
1082,4,138,6,35.729705810546875,31.369762420654297,35.779518127441406,34.75362777709961,2.565495252609253,34.62071990966797,35.67893600463867,35.729705810546875,0.0
1083,4,156,6,21.653038024902344,18.637310028076172,21.653038024902344,19.68840789794922,1.9314868450164795,18.703845977783203,18.74252700805664,20.93370246887207,0.0
1084,4,100,6,86.708251953125,77.1142349243164,88.4005126953125,84.09580993652344,14.177311897277832,82.4873046875,85.09951782226562,86.708251953125,0.0
1085,4,105,6,35.40483474731445,33.68866729736328,35.40483474731445,34.952476501464844,0.355246901512146,34.91858673095703,35.18641662597656,35.36101150512695,0.0
1086,4,157,6,43.39600372314453,33.09881591796875,43.39600372314453,38.621681213378906,14.604416847229004,36.26239776611328,37.79157638549805,42.372474670410156,0.05
1087,4,150,6,28.88257598876953,22.74372673034668,28.88257598876953,26.014179229736328,4.925649642944336,24.864309310913086,25.41522789001465,28.064544677734375,0.0
1088,4,139,6,29.355091094970703,26.727214813232422,29.355091094970703,28.065990447998047,0.9633374214172363,27.452396392822266,27.8120174407959,28.970809936523438,0.0
1089,4,153,6,27.28473663330078,26.440139770507812,27.715288162231445,26.99332046508789,0.22045062482357025,26.544071197509766,27.024566650390625,27.28473663330078,0.0
1090,4,127,6,39.50946807861328,33.234153747558594,39.50946807861328,35.7476806640625,7.2665534019470215,33.710304260253906,34.288333892822266,38.308204650878906,0.0
1091,4,130,6,12.074612617492676,0.0,12.074612617492676,9.367547035217285,18.31720733642578,9.889545440673828,11.20852279663086,11.999933242797852,0.25
1092,4,138,6,22.50394058227539,0.0,22.50394058227539,17.738996505737305,64.28276062011719,19.518863677978516,21.175094604492188,22.25356674194336,0.25
1093,4,150,6,30.365182876586914,28.066688537597656,30.365182876586914,29.23160743713379,0.9310025572776794,28.278411865234375,29.245405197143555,30.19451141357422,0.0
1094,4,127,6,58.36421203613281,52.882041931152344,62.95139694213867,57.550254821777344,9.191713333129883,56.27372741699219,57.463134765625,58.36421203613281,0.0
1095,4,78,6,17.40392303466797,0.0,17.40392303466797,11.577038764953613,42.30430603027344,7.8065595626831055,14.487146377563477,16.75002670288086,0.25
1096,4,116,6,41.97270965576172,38.55277633666992,41.97270965576172,40.15302276611328,2.1825904846191406,38.744171142578125,39.88205337524414,41.66826629638672,0.0
1097,4,112,6,30.46700096130371,27.715848922729492,30.46700096130371,29.26430892944336,1.3543050289154053,28.282140731811523,29.34752082824707,30.42258644104004,0.0
1098,4,156,6,26.91359519958496,0.0,26.91359519958496,19.225326538085938,84.1881332397461,18.612483978271484,21.888017654418945,25.828269958496094,0.1
1099,4,153,6,31.07965850830078,25.233108520507812,31.07965850830078,28.1523494720459,5.530427932739258,26.165271759033203,27.750267028808594,30.535457611083984,0.1
1100,4,134,6,26.516817092895508,22.963157653808594,26.516817092895508,25.121767044067383,1.933039665222168,23.99264144897461,25.58637237548828,26.358957290649414,0.0
1101,4,130,6,25.673118591308594,14.394160270690918,25.673118591308594,20.072986602783203,20.488080978393555,16.22512435913086,19.39980697631836,24.653051376342773,0.1
1102,4,113,6,29.143985748291016,0.0,29.143985748291016,20.94928741455078,96.84188079833984,22.06418228149414,22.676313400268555,27.673307418823242,0.05
1103,4,120,6,76.66380310058594,69.84243774414062,81.63209533691406,76.39693450927734,11.834562301635742,76.52828979492188,76.66380310058594,76.98820495605469,0.0
1104,4,137,6,32.88547134399414,30.501502990722656,32.88547134399414,31.820819854736328,0.9115435481071472,31.080842971801758,31.79339599609375,32.77922058105469,0.0
1105,4,148,6,20.253755569458008,20.253755569458008,22.30840301513672,21.22629165649414,0.5534194707870483,20.555511474609375,21.474618911743164,21.566566467285156,0.0
1106,4,104,6,66.33292388916016,66.33292388916016,72.78627014160156,68.1530990600586,5.3683180809021,66.41163635253906,67.06484985351562,68.87306213378906,0.0
1107,4,103,6,42.04700469970703,36.839805603027344,42.04700469970703,39.37342071533203,3.963972806930542,38.13785934448242,38.600791931152344,41.27663040161133,0.0
1108,4,144,6,34.28310012817383,29.126197814941406,34.28310012817383,32.07496643066406,4.342758655548096,30.36652374267578,32.277687072753906,34.13616180419922,0.05
1109,4,126,6,15.598780632019043,13.214639663696289,15.669988632202148,14.81904411315918,0.8458936214447021,14.244159698486328,15.179286003112793,15.598780632019043,0.0
1110,4,133,6,14.290666580200195,13.087474822998047,14.290666580200195,13.723773002624512,0.25719258189201355,13.263544082641602,13.722737312316895,14.237091064453125,0.0
1111,4,137,6,3.727294921875,0.0,4.065234661102295,3.076160192489624,2.033975124359131,3.120102882385254,3.727294921875,3.946397066116333,0.25
1112,4,150,6,37.176170349121094,35.067543029785156,37.176170349121094,36.38377380371094,0.5695688128471375,35.95050811767578,36.53992462158203,37.05376434326172,0.0
1113,4,143,6,25.988208770751953,25.27520751953125,26.260169982910156,25.817562103271484,0.09916455298662186,25.64998435974121,25.889297485351562,25.988208770751953,0.0
1114,4,80,6,57.97820281982422,57.050506591796875,59.060909271240234,57.89183807373047,0.3704790472984314,57.609676361083984,57.841827392578125,57.97820281982422,0.0
1115,4,154,6,17.864017486572266,16.9127197265625,17.864017486572266,17.451955795288086,0.11073829978704453,17.311819076538086,17.388751983642578,17.750675201416016,0.05
1116,4,126,6,7.6252570152282715,7.182134628295898,8.633548736572266,7.887639999389648,0.22858257591724396,7.6252570152282715,7.78923225402832,8.218128204345703,0.2
1117,4,152,6,21.571216583251953,20.46323585510254,22.709251403808594,21.441984176635742,0.5826826691627502,20.810144424438477,21.571216583251953,21.72820281982422,0.0
1118,4,117,6,49.27473449707031,46.66326904296875,51.54547882080078,48.8389778137207,2.2492008209228516,48.042076110839844,48.802024841308594,49.27473449707031,0.0
1119,4,153,6,21.233829498291016,17.580280303955078,21.233829498291016,19.507904052734375,1.7515544891357422,18.86894416809082,19.086246490478516,20.719791412353516,0.0
1120,4,140,6,15.66989517211914,13.232423782348633,15.66989517211914,14.92767333984375,0.7925479412078857,14.544357299804688,15.354507446289062,15.59892749786377,0.05
1121,4,152,6,32.74887466430664,27.219520568847656,32.86821746826172,31.394474029541016,4.0192060470581055,31.06582260131836,32.394630432128906,32.74887466430664,0.0
1122,4,127,6,25.465511322021484,21.702472686767578,25.65932846069336,23.873580932617188,2.8187813758850098,22.417530059814453,24.02672576904297,25.465511322021484,0.0
1123,4,119,6,17.306978225708008,0.0,18.880598068237305,14.695070266723633,44.24759292602539,16.21672821044922,17.306978225708008,18.44366455078125,0.25
1124,4,125,6,39.66826629638672,37.32110595703125,40.84064483642578,39.253082275390625,1.964589238166809,37.98030090332031,39.66826629638672,40.368980407714844,0.0
1125,4,149,6,14.535181999206543,14.535181999206543,15.584090232849121,15.023355484008789,0.15500958263874054,14.641334533691406,15.061163902282715,15.313145637512207,0.2
1126,4,147,6,33.464813232421875,30.645437240600586,33.464813232421875,32.16086196899414,1.1291210651397705,31.36595344543457,32.132301330566406,33.142940521240234,0.0
1127,4,147,6,27.771522521972656,25.570232391357422,27.771522521972656,26.887758255004883,0.8277280330657959,26.054466247558594,27.22412872314453,27.709999084472656,0.15
1128,4,118,6,45.80792999267578,42.95869064331055,50.504859924316406,46.39509963989258,5.240142345428467,45.700035095214844,45.80792999267578,47.172325134277344,0.0
1129,4,149,6,8.128141403198242,0.0,8.128141403198242,6.604486465454102,8.762084007263184,7.626713752746582,7.9106059074401855,8.086762428283691,0.25
1130,4,155,6,14.349464416503906,13.20995044708252,14.719480514526367,14.036639213562012,0.2738510072231293,13.645059585571289,14.223280906677246,14.349464416503906,0.0
1131,4,137,6,38.999969482421875,38.999969482421875,40.845211029052734,39.89449691772461,0.6077491641044617,39.10273742675781,39.917091369628906,40.621524810791016,0.0
1132,4,136,6,0.0,0.0,15.663004875183105,10.169866561889648,51.845497131347656,3.6262784004211426,14.93478775024414,15.456079483032227,0.25
1133,4,124,6,43.90779495239258,36.742271423339844,43.90779495239258,41.584014892578125,5.804089069366455,41.25617599487305,41.956275939941406,43.42807388305664,0.0
1134,4,154,6,28.0001220703125,27.219947814941406,28.930618286132812,27.987701416015625,0.356209397315979,27.492069244384766,28.0001220703125,28.33954429626465,0.0
1135,4,127,6,35.92964553833008,34.483367919921875,35.92964553833008,35.21599197387695,0.37480542063713074,34.643680572509766,35.178810119628906,35.83971405029297,0.0
1136,4,135,6,54.55963134765625,46.52545928955078,55.309818267822266,51.51239013671875,13.078987121582031,48.02408981323242,52.84557342529297,54.55963134765625,0.0
1137,4,139,6,27.214035034179688,21.76703643798828,27.214035034179688,25.135623931884766,4.493575096130371,23.510879516601562,25.76046371459961,27.103164672851562,0.1
1138,4,155,6,21.018985748291016,17.986923217773438,21.018985748291016,20.165218353271484,1.1469075679779053,19.92925262451172,20.5660400390625,20.993755340576172,0.0
1139,4,120,6,9.694578170776367,9.694578170776367,11.042049407958984,10.344611167907715,0.28352922201156616,9.808687210083008,10.403278350830078,10.78631591796875,0.15
1140,4,128,6,36.06412124633789,28.511272430419922,36.06412124633789,34.007686614990234,6.604928493499756,34.190032958984375,34.63627624511719,35.77674102783203,0.05
1141,4,120,6,65.35845947265625,55.73634338378906,65.35845947265625,61.045997619628906,12.819416046142578,58.443111419677734,61.06652069091797,64.37625122070312,0.0
1142,4,145,6,22.404212951660156,18.113489151000977,22.404212951660156,20.150890350341797,2.8651766777038574,18.82910919189453,19.684982299804688,21.776643753051758,0.15
1143,4,136,6,27.194679260253906,20.29897689819336,29.565170288085938,24.81297492980957,12.220282554626465,21.410154342651367,25.655445098876953,27.194679260253906,0.0
1144,4,112,6,126.33226776123047,115.53186798095703,126.33226776123047,121.22498321533203,17.317678451538086,117.98809814453125,120.75277709960938,125.37345123291016,0.0
1145,4,119,6,35.58758544921875,33.96266174316406,37.38492202758789,35.343421936035156,1.1580209732055664,34.66020202636719,35.286930084228516,35.58758544921875,0.0
1146,4,136,6,30.24943733215332,29.523426055908203,30.491302490234375,30.142749786376953,0.09173426777124405,30.114194869995117,30.24943733215332,30.26769256591797,0.0
1147,4,103,6,24.07571792602539,23.281370162963867,25.55483055114746,24.629711151123047,0.7443875074386597,24.07571792602539,24.707372665405273,25.423460006713867,0.05
1148,4,143,6,26.016321182250977,23.46369171142578,26.016321182250977,24.88018226623535,0.9804020524024963,24.08722496032715,24.903030395507812,25.860551834106445,0.0
1149,4,152,6,20.59649658203125,20.438915252685547,21.893844604492188,20.878870010375977,0.2702743113040924,20.545488357543945,20.59649658203125,21.063358306884766,0.0
1150,4,119,6,39.059974670410156,33.3282470703125,47.44194030761719,38.77354049682617,18.88016700744629,36.50141525268555,38.34190368652344,39.059974670410156,0.0
1151,4,151,6,22.38056755065918,18.76296043395996,22.38056755065918,20.511085510253906,1.9061094522476196,19.70779037475586,19.940237045288086,21.79421615600586,0.2
1152,4,153,6,22.185508728027344,16.496822357177734,22.213397979736328,20.326976776123047,4.451696395874023,19.429798126220703,20.82342529296875,22.185508728027344,0.05
1153,4,104,6,49.196128845214844,46.500946044921875,49.196128845214844,47.88343048095703,0.9978935122489929,47.32427215576172,47.544925689697266,48.83342742919922,0.0
1154,4,144,6,15.844276428222656,0.0,15.844276428222656,10.831094741821289,27.998332977294922,10.859498977661133,11.273017883300781,14.724203109741211,0.2
1155,4,133,6,40.8714485168457,40.8714485168457,43.56901550292969,41.849365234375,1.1992912292480469,40.8954963684082,41.34819412231445,42.74810028076172,0.0
1156,4,145,6,25.72229766845703,22.308204650878906,25.72229766845703,24.43109703063965,2.261502981185913,23.060291290283203,25.248931884765625,25.60784149169922,0.1
1157,4,153,6,15.861963272094727,13.008837699890137,15.861963272094727,14.962682723999023,0.9951815009117126,14.63401985168457,15.310057640075684,15.734896659851074,0.05
1158,4,140,6,17.27482795715332,0.0,17.430219650268555,12.859856605529785,37.61601257324219,12.395349502563477,15.126511573791504,17.27482795715332,0.15
1159,4,116,6,30.26826286315918,29.601821899414062,31.84880256652832,30.56348419189453,0.4644775390625,30.26826286315918,30.47854232788086,30.700902938842773,0.05
1160,4,109,6,62.2194938659668,62.2194938659668,68.37246704101562,63.97936248779297,5.019868850708008,62.35003662109375,62.83644104003906,64.77667999267578,0.0
1161,4,142,6,27.65441131591797,25.246795654296875,28.55402946472168,27.465538024902344,1.0773415565490723,27.65441131591797,27.732513427734375,27.85737419128418,0.05
1162,4,138,6,0.0,0.0,12.853882789611816,8.085065841674805,33.20207977294922,2.6621344089508057,11.45944595336914,12.620803833007812,0.25
1163,4,111,6,15.49136734008789,8.057432174682617,15.495287895202637,13.198997497558594,8.299362182617188,11.458580017089844,14.781001091003418,15.49136734008789,0.1
1164,4,135,6,31.838266372680664,22.839115142822266,31.838266372680664,28.86795425415039,11.048467636108398,27.068227767944336,30.325241088867188,31.50429344177246,0.0
1165,4,136,6,47.64923858642578,45.50925827026367,48.553062438964844,47.2165641784668,1.0618664026260376,46.56481170654297,47.64923858642578,47.7137451171875,0.0
1166,4,145,6,39.08850860595703,39.08814239501953,39.9176139831543,39.40089416503906,0.13320612907409668,39.08850860595703,39.212646484375,39.74855422973633,0.0
1167,4,114,6,13.187161445617676,12.464561462402344,14.121086120605469,13.363953590393066,0.3117832839488983,13.187161445617676,13.204870223999023,13.806523323059082,0.25
1168,4,139,6,51.06903839111328,45.788787841796875,51.06903839111328,48.0902099609375,5.006282329559326,46.07682800292969,47.35740661621094,50.328330993652344,0.0
1169,4,144,6,17.00030517578125,14.673995971679688,17.00030517578125,15.919663429260254,0.8353691101074219,15.220208168029785,15.8213529586792,16.841197967529297,0.15
1170,4,143,6,38.666259765625,36.57451629638672,40.09986114501953,38.948944091796875,1.4717508554458618,38.666259765625,39.13855743408203,39.95964050292969,0.0
1171,4,159,6,29.48078727722168,27.778799057006836,29.48078727722168,28.870738983154297,0.4921215772628784,28.294692993164062,29.234106063842773,29.44483184814453,0.0
1172,4,156,6,43.56800842285156,33.93543243408203,43.56800842285156,39.40357971191406,12.14149284362793,37.180152893066406,39.34601593017578,42.662357330322266,0.1
1173,4,152,6,19.874906539916992,19.155179977416992,20.31131935119629,19.644289016723633,0.16893041133880615,19.276241302490234,19.648277282714844,19.874906539916992,0.1
1174,4,100,6,15.851116180419922,0.0,15.851116180419922,8.626933097839355,48.74076461791992,2.4233009815216064,8.886052131652832,15.623509407043457,0.2
1175,4,105,6,57.0937614440918,57.0937614440918,70.35723876953125,61.30156707763672,20.37051010131836,57.84361267089844,60.208492279052734,62.216697692871094,0.0
1176,4,128,6,26.980854034423828,24.237470626831055,27.053104400634766,25.972206115722656,1.3230607509613037,24.97494888305664,26.45119285583496,26.980854034423828,0.1
1177,4,141,6,23.695724487304688,21.0595645904541,25.116619110107422,23.596769332885742,1.7264037132263184,23.334510803222656,23.695724487304688,24.523086547851562,0.05
1178,4,132,6,53.26023864746094,49.0309944152832,55.51846694946289,52.50613021850586,3.8782076835632324,51.75031661987305,52.85493087768555,53.26023864746094,0.0
1179,4,125,6,25.172046661376953,12.798196792602539,25.172046661376953,20.513790130615234,21.053422927856445,17.436735153198242,21.71693229675293,24.680702209472656,0.1
1180,4,124,6,32.38938903808594,28.89859390258789,32.38938903808594,30.786849975585938,1.5580745935440063,30.232805252075195,30.40975570678711,31.932279586791992,0.0
1181,4,156,6,30.904273986816406,23.41664695739746,30.904273986816406,28.063749313354492,7.518824100494385,26.312278747558594,28.658748626708984,30.575153350830078,0.0
1182,4,148,6,46.91139221191406,40.47198486328125,46.91139221191406,42.890098571777344,8.126617431640625,40.928497314453125,41.07563018798828,45.46379089355469,0.0
1183,4,146,6,29.802082061767578,22.396453857421875,29.802082061767578,26.649351119995117,7.105405330657959,24.991817474365234,26.645004272460938,29.13636016845703,0.1
1184,4,157,6,16.10753059387207,13.01513957977295,16.10753059387207,14.531993865966797,1.3699733018875122,13.867631912231445,14.056291580200195,15.628046989440918,0.0
1185,4,137,6,61.902870178222656,55.22562026977539,61.902870178222656,57.907447814941406,8.293229103088379,55.5982666015625,56.45669937133789,60.68218231201172,0.0
1186,4,145,6,54.478424072265625,53.938995361328125,57.27863311767578,55.04766845703125,1.1756664514541626,54.478424072265625,54.60920715332031,55.213653564453125,0.0
1187,4,147,6,32.4994010925293,32.4994010925293,36.06817626953125,33.942909240722656,1.6843198537826538,32.72177505493164,33.8183479309082,34.777278900146484,0.0
1188,4,137,6,83.56172180175781,64.15318298339844,83.56172180175781,75.55597686767578,46.623722076416016,71.97492218017578,75.43427276611328,81.8065185546875,0.0
1189,4,116,6,28.085222244262695,24.943613052368164,28.085222244262695,26.671594619750977,1.2956970930099487,25.98812484741211,26.503559112548828,27.758869171142578,0.05
1190,4,146,6,19.582197189331055,17.61591911315918,19.582197189331055,18.640819549560547,0.616050660610199,17.92705535888672,18.656953811645508,19.401094436645508,0.0
1191,4,135,6,26.742727279663086,15.464224815368652,28.46612548828125,22.356740951538086,26.403911590576172,17.729116439819336,23.185728073120117,26.742727279663086,0.0
1192,4,157,6,28.0313777923584,25.14195442199707,28.0313777923584,26.629623413085938,1.3965555429458618,25.497739791870117,26.671974182128906,27.78359603881836,0.1
1193,4,139,6,46.066104888916016,43.20691680908203,46.305267333984375,44.8750114440918,1.7321674823760986,43.57145309448242,45.16584777832031,46.066104888916016,0.0
1194,4,149,6,29.398605346679688,25.768369674682617,29.398605346679688,27.381479263305664,2.204988718032837,26.256040573120117,26.743812561035156,28.841575622558594,0.15
1195,4,134,6,31.518165588378906,26.235593795776367,31.518165588378906,30.28679084777832,3.390495538711548,30.70633316040039,30.8780517578125,31.390853881835938,0.0
1196,4,138,6,26.616168975830078,26.616168975830078,30.85917091369629,28.87908363342285,2.7291476726531982,27.365829467773438,29.63502311706543,29.84851837158203,0.0
1197,4,144,6,25.9056396484375,23.10529327392578,25.9056396484375,24.684123992919922,0.9892648458480835,24.202247619628906,24.496471405029297,25.621639251708984,0.05
1198,4,137,6,24.68292999267578,23.95279312133789,26.461727142333984,24.76157569885254,0.6617242693901062,24.260421752929688,24.6728515625,24.68292999267578,0.0
1199,4,116,6,60.31990432739258,60.31990432739258,63.37639236450195,61.75796127319336,1.5697489976882935,60.52082443237305,61.671207427978516,62.94657516479492,0.0
1200,4,156,6,35.2720947265625,32.58343505859375,35.2720947265625,34.47796630859375,1.098241925239563,33.9124755859375,35.11354064941406,35.233177185058594,0.05
1201,4,134,6,28.819442749023438,17.12588119506836,30.2349853515625,25.476423263549805,22.678987503051758,22.490631103515625,27.813180923461914,28.819442749023438,0.05
1202,4,143,6,31.014755249023438,30.7030029296875,33.22584533691406,31.875905990600586,1.0632641315460205,31.014755249023438,31.580535888671875,32.89965057373047,0.0
1203,4,87,6,104.48944091796875,97.84288024902344,113.2894287109375,105.21041870117188,21.90494728088379,103.57974243164062,104.48944091796875,107.02847290039062,0.0
1204,4,134,6,43.845863342285156,39.81499481201172,43.845863342285156,42.57313537597656,1.8322349786758423,42.448516845703125,42.78582763671875,43.59912872314453,0.05
1205,4,131,6,31.135101318359375,29.3372802734375,31.46787452697754,30.644426345825195,0.6048475503921509,30.113412857055664,31.047536849975586,31.135101318359375,0.1
1206,4,143,6,37.126739501953125,29.61438751220703,37.126739501953125,32.92277908325195,10.411319732666016,30.06354522705078,31.82355499267578,36.209564208984375,0.0
1207,4,149,6,25.15314483642578,23.055461883544922,25.612550735473633,24.69715118408203,0.9893280267715454,23.997203826904297,25.15314483642578,25.485820770263672,0.0
1208,4,153,6,15.998526573181152,15.55843448638916,15.998526573181152,15.825708389282227,0.029003458097577095,15.701252937316895,15.858135223388672,15.988577842712402,0.0
1209,4,124,6,20.3268985748291,19.79193878173828,20.89026641845703,20.395017623901367,0.1378159373998642,20.24523162841797,20.3268985748291,20.693798065185547,0.0
1210,4,151,6,28.18551254272461,17.853412628173828,28.18551254272461,23.511201858520508,13.579419136047363,21.682819366455078,22.705738067626953,26.882658004760742,0.2
1211,4,139,6,24.261465072631836,24.261465072631836,27.845016479492188,26.236928939819336,2.0753042697906494,24.89222526550293,26.822763442993164,27.27132797241211,0.05
1212,4,132,6,37.917049407958984,32.62495422363281,37.917049407958984,35.58517074584961,3.7049667835235596,34.33069610595703,35.495948791503906,37.40011978149414,0.05
1213,4,131,6,20.167064666748047,18.37592315673828,20.167064666748047,19.385421752929688,0.5061807036399841,18.752704620361328,19.530675888061523,20.043773651123047,0.0
1214,4,153,6,49.84013366699219,45.46335220336914,49.84013366699219,48.13087463378906,2.3724710941314697,47.33805847167969,48.23046112060547,49.54279708862305,0.0
1215,4,156,6,18.625879287719727,17.201688766479492,18.625879287719727,17.930526733398438,0.2849579155445099,17.57537078857422,17.81383514404297,18.427492141723633,0.0
1216,4,130,6,22.302717208862305,22.262605667114258,23.522693634033203,22.772924423217773,0.2525947391986847,22.302717208862305,22.68775177001953,23.14871597290039,0.0
1217,4,128,6,22.58341407775879,15.475611686706543,22.58341407775879,18.860843658447266,7.555770397186279,17.069011688232422,17.810306549072266,21.450212478637695,0.1
1218,4,114,6,19.487442016601562,18.407522201538086,19.487442016601562,19.106739044189453,0.21960324048995972,18.699874877929688,19.383514404296875,19.475711822509766,0.0
1219,4,141,6,46.1949577331543,41.58024978637695,46.1949577331543,44.260345458984375,4.157829761505127,42.2126579284668,44.953033447265625,46.174461364746094,0.1
1220,4,102,6,44.048858642578125,44.048858642578125,47.02112579345703,45.09538269042969,1.3267490863800049,44.08658218383789,44.61865997314453,45.92149353027344,0.0
1221,4,157,6,22.398361206054688,20.253475189208984,22.398361206054688,21.5120792388916,0.618911623954773,20.974048614501953,21.615568161010742,22.225858688354492,0.0
1222,4,131,6,43.710662841796875,42.20484161376953,43.710662841796875,43.04085922241211,0.32168129086494446,42.6038703918457,43.060935974121094,43.582427978515625,0.0
1223,4,102,6,32.43159484863281,29.99994468688965,32.43159484863281,31.864620208740234,0.7417048811912537,31.900772094726562,32.26560974121094,32.4007568359375,0.05
1224,4,135,6,33.8836669921875,33.8836669921875,38.678733825683594,36.70683288574219,4.213511943817139,34.704803466796875,37.642417907714844,38.41172790527344,0.25
1225,4,123,6,20.779834747314453,19.303287506103516,22.991012573242188,20.76283073425293,1.445258378982544,19.872264862060547,20.779834747314453,21.059913635253906,0.0
1226,4,136,6,6.683078289031982,5.397216796875,6.683078289031982,5.95542573928833,0.28702041506767273,5.501012325286865,5.76430082321167,6.473880767822266,0.2
1227,4,142,6,44.21849822998047,40.66706085205078,45.71868896484375,43.511592864990234,2.387510061264038,43.03564453125,43.75871276855469,44.21849822998047,0.0
1228,4,147,6,34.91353225708008,34.91353225708008,36.78852462768555,35.67933654785156,0.47666239738464355,35.01444625854492,35.6472053527832,36.11882781982422,0.0
1229,4,139,6,14.5370512008667,14.07729721069336,15.710468292236328,14.66591739654541,0.2670406699180603,14.382028579711914,14.5370512008667,14.736722946166992,0.0
1230,4,123,6,21.897859573364258,16.656858444213867,23.364042282104492,21.528770446777344,5.071643352508545,21.897859573364258,22.060943603515625,22.904991149902344,0.25
1231,4,125,6,18.546489715576172,18.546489715576172,19.16405487060547,18.791568756103516,0.045626450330019,18.60052490234375,18.79343605041504,18.88518524169922,0.0
1232,4,151,6,11.599960327148438,0.0,11.599960327148438,7.7856926918029785,15.843660354614258,6.7742109298706055,8.436574935913086,11.124859809875488,0.2
1233,4,144,6,8.87885856628418,0.0,8.87885856628418,6.9337687492370605,10.011826515197754,7.32331657409668,8.393823623657227,8.825675964355469,0.25
1234,4,111,6,26.717294692993164,25.743610382080078,26.717294692993164,26.415849685668945,0.13397221267223358,26.217220306396484,26.597322463989258,26.711101531982422,0.0
1235,4,150,6,30.254993438720703,27.66164207458496,31.348480224609375,29.631975173950195,1.5284428596496582,28.76955223083496,30.061750411987305,30.254993438720703,0.0
1236,4,149,6,35.723236083984375,30.888078689575195,35.723236083984375,33.01612091064453,3.8597333431243896,31.597797393798828,32.168128967285156,34.84813690185547,0.0
1237,4,119,6,51.054107666015625,47.787010192871094,51.054107666015625,50.0232048034668,1.3099250793457031,49.62348937988281,50.417457580566406,50.93262481689453,0.0
1238,4,130,6,22.36148452758789,20.48427391052246,22.36148452758789,21.643754959106445,0.5582736134529114,21.05065155029297,21.869916915893555,22.342010498046875,0.0
1239,4,134,6,9.74718952178955,0.0,9.74718952178955,7.643227577209473,12.187719345092773,8.04332447052002,9.302881240844727,9.737926483154297,0.25
1240,4,158,6,48.872291564941406,47.46121597290039,49.20482635498047,48.39113235473633,0.42790862917900085,47.80238723754883,48.58588409423828,48.872291564941406,0.0
1241,4,145,6,22.866788864135742,0.0,22.866788864135742,16.2653751373291,68.50595092773438,13.368682861328125,19.831954956054688,22.843460083007812,0.15
1242,4,153,6,35.774200439453125,34.05738830566406,35.774200439453125,35.07954406738281,0.4184785485267639,34.60065841674805,35.2308349609375,35.65275955200195,0.05
1243,4,145,6,26.487977981567383,17.631465911865234,26.487977981567383,22.52682113647461,11.220071792602539,19.924972534179688,22.59273910522461,25.763399124145508,0.1
1244,4,131,6,19.996950149536133,19.705060958862305,20.09969711303711,19.88327407836914,0.023406822234392166,19.740901947021484,19.883312225341797,19.996950149536133,0.0
1245,4,150,6,28.064481735229492,25.55634307861328,28.94881248474121,27.50444984436035,1.4018019437789917,26.71937370300293,28.064481735229492,28.107303619384766,0.05
1246,4,149,6,20.288761138916016,19.142498016357422,21.018470764160156,20.057844161987305,0.3334846794605255,19.77924346923828,20.071563720703125,20.288761138916016,0.05
1247,4,125,6,31.86870574951172,27.254318237304688,31.86870574951172,29.944570541381836,2.6302077770233154,29.115394592285156,29.893449783325195,31.399456024169922,0.0
1248,4,54,6,27.704936981201172,27.68314552307129,27.789045333862305,27.721040725708008,0.0013250572374090552,27.698179244995117,27.704936981201172,27.7374210357666,0.0
1249,4,147,6,29.784889221191406,27.224979400634766,30.92017364501953,29.114465713500977,1.5336079597473145,28.193984985351562,29.427356719970703,29.784889221191406,0.0
1250,4,151,6,36.56855010986328,31.016857147216797,36.56855010986328,33.402381896972656,5.456714153289795,31.458145141601562,32.445865631103516,35.717655181884766,0.0
1251,4,158,6,24.777986526489258,18.02269172668457,24.777986526489258,21.29179573059082,7.762961387634277,18.864524841308594,20.714202880859375,24.133848190307617,0.0
1252,4,141,6,15.590160369873047,12.255443572998047,15.590160369873047,14.701144218444824,1.312312364578247,14.707401275634766,15.085172653198242,15.478372573852539,0.05
1253,4,144,6,18.98432731628418,18.067588806152344,19.537294387817383,19.0657958984375,0.24501575529575348,18.98432731628418,19.191448211669922,19.416641235351562,0.0
1254,4,148,6,37.692100524902344,33.14314270019531,37.692100524902344,35.94293212890625,2.6009342670440674,35.08246612548828,36.207374572753906,37.32691955566406,0.0
1255,4,137,6,46.37534713745117,41.717613220214844,46.37534713745117,43.932952880859375,3.207007646560669,42.958709716796875,43.095001220703125,45.574867248535156,0.05
1256,4,138,6,16.472185134887695,15.803505897521973,17.216066360473633,16.41750717163086,0.17738895118236542,16.26291275024414,16.379003524780273,16.472185134887695,0.2
1257,4,138,6,23.54165267944336,18.677139282226562,23.54165267944336,22.19918441772461,2.789395570755005,22.10771369934082,22.763084411621094,23.361434936523438,0.05
1258,4,155,6,0.0,0.0,15.525248527526855,9.94417953491211,49.55065155029297,3.6369309425354004,14.555581092834473,14.912358283996582,0.25
1259,4,138,6,17.90422821044922,17.90422821044922,19.8751277923584,19.040611267089844,0.6651135087013245,18.278295516967773,19.481689453125,19.588253021240234,0.0
1260,4,122,6,41.4231071472168,41.4231071472168,44.66621780395508,42.81767654418945,1.5000190734863281,41.720890045166016,42.648841857910156,43.74281692504883,0.0
1261,4,148,6,50.33137512207031,35.356605529785156,50.33137512207031,43.1009521484375,34.47138595581055,38.57406997680664,42.088722229003906,49.02550506591797,0.05
1262,4,146,6,18.21503257751465,13.749329566955566,19.149822235107422,16.48931884765625,4.434527397155762,14.58535099029541,16.727191925048828,18.21503257751465,0.2
1263,4,157,6,21.97255516052246,17.993114471435547,21.97255516052246,20.23354721069336,2.2588698863983154,19.08819007873535,20.3933048248291,21.595211029052734,0.1
1264,4,104,6,81.97689819335938,74.4013671875,81.97689819335938,79.08123779296875,10.405709266662598,76.1666030883789,80.67190551757812,81.7433853149414,0.0
1265,4,143,6,20.14691162109375,15.659260749816895,20.316160202026367,18.08921241760254,4.517919063568115,16.00957679748535,18.263404846191406,20.14691162109375,0.0
1266,4,132,6,36.25421905517578,32.95165252685547,36.25421905517578,34.46928405761719,1.7798259258270264,33.366947174072266,34.085140228271484,35.755287170410156,0.0
1267,4,120,6,19.28160858154297,16.885879516601562,19.28160858154297,18.557994842529297,0.6463638544082642,18.560253143310547,18.684932708740234,19.14017105102539,0.1
1268,4,156,6,26.4874267578125,22.603422164916992,26.4874267578125,24.76824188232422,2.145768880844116,23.632667541503906,24.844497680664062,26.161781311035156,0.1
1269,4,139,6,18.172447204589844,13.980745315551758,19.87860679626465,17.652971267700195,4.278538703918457,16.57225799560547,18.172447204589844,19.299152374267578,0.05
1270,4,136,6,41.3795280456543,36.29998016357422,41.3795280456543,39.361873626708984,3.9176948070526123,37.7951774597168,39.84205627441406,41.231571197509766,0.0
1271,4,112,6,35.51717758178711,35.51717758178711,40.545677185058594,36.80202865600586,3.051274538040161,35.64764404296875,36.11640548706055,36.79793930053711,0.0
1272,4,98,6,33.002777099609375,21.431846618652344,33.002777099609375,28.026174545288086,17.117128372192383,25.594324111938477,27.862754821777344,31.834741592407227,0.15
1273,4,117,6,25.896343231201172,24.33575439453125,25.896343231201172,25.32019805908203,0.30096369981765747,25.046049118041992,25.418533325195312,25.802234649658203,0.0
1274,4,112,6,34.6387939453125,18.683048248291016,34.6387939453125,27.812068939208984,34.78215408325195,23.636606216430664,28.33796501159668,33.188358306884766,0.05
1275,4,121,6,33.71563720703125,33.71563720703125,37.993247985839844,35.425689697265625,2.5126686096191406,33.90159606933594,35.32014846801758,36.412193298339844,0.0
1276,4,142,6,35.90723419189453,32.68299865722656,35.90723419189453,34.47567367553711,1.8292502164840698,33.14284896850586,34.79958724975586,35.75541687011719,0.0
1277,4,138,6,18.828018188476562,18.293840408325195,18.958648681640625,18.73841667175293,0.045773640275001526,18.721080780029297,18.828018188476562,18.834407806396484,0.0
1278,4,136,6,28.917572021484375,27.2697811126709,29.745580673217773,28.35892677307129,0.7966895699501038,27.57562255859375,28.36045265197754,28.917572021484375,0.0
1279,4,150,6,22.351463317871094,17.20416259765625,22.351463317871094,19.857173919677734,3.998124599456787,18.219301223754883,19.639511108398438,21.83175277709961,0.2
1280,4,147,6,18.606731414794922,18.435688018798828,21.522109985351562,19.218852996826172,1.1395139694213867,18.606731414794922,18.713533401489258,19.196229934692383,0.2
1281,4,123,6,38.389915466308594,14.049306869506836,38.389915466308594,31.071685791015625,67.93266296386719,30.284786224365234,33.06275177001953,37.1456298828125,0.05
1282,4,145,6,54.959747314453125,48.715248107910156,54.959747314453125,51.88011169433594,6.429531574249268,49.616363525390625,51.645084381103516,54.44281768798828,0.0
1283,4,140,6,18.599767684936523,0.0,18.599767684936523,12.953699111938477,39.134422302246094,12.739356994628906,13.98204517364502,17.620418548583984,0.2
1284,4,121,6,38.15255355834961,36.46632385253906,42.968502044677734,38.856632232666016,4.915315628051758,37.282554626464844,38.15255355834961,39.84362030029297,0.0
1285,4,145,6,47.253238677978516,44.82269287109375,47.38038635253906,46.3011589050293,1.196527361869812,45.21642303466797,46.733245849609375,47.253238677978516,0.0
1286,4,141,6,18.403308868408203,16.275222778320312,18.403308868408203,17.233009338378906,0.7701526880264282,16.533004760742188,16.89446449279785,18.112173080444336,0.05
1287,4,123,6,38.225833892822266,35.80879211425781,41.18749237060547,38.83810806274414,3.467165470123291,38.225833892822266,38.34257125854492,40.45587158203125,0.0
1288,4,116,6,39.776363372802734,35.48944091796875,41.57731628417969,39.35446548461914,3.4506237506866455,39.55424118041992,39.776363372802734,39.96442794799805,0.0
1289,4,149,6,24.872589111328125,24.872589111328125,26.540115356445312,25.40633201599121,0.3246651291847229,24.944332122802734,25.283933639526367,25.54070281982422,0.0
1290,4,156,6,23.974769592285156,21.19793128967285,23.974769592285156,22.829769134521484,1.3288321495056152,21.778114318847656,23.259761810302734,23.81656265258789,0.1
1291,4,114,6,52.50123977661133,43.99454879760742,52.50123977661133,48.28740692138672,11.69880485534668,45.4268913269043,47.73567199707031,51.758934020996094,0.15
1292,4,142,6,20.053302764892578,13.440252304077148,20.053302764892578,17.276409149169922,7.097940444946289,14.895038604736328,18.06243896484375,19.66619300842285,0.1
1293,4,146,6,25.452392578125,24.377220153808594,25.452392578125,25.07550048828125,0.1559736281633377,24.84362030029297,25.22060775756836,25.403316497802734,0.2
1294,4,127,6,24.570682525634766,20.450546264648438,26.169849395751953,23.435565948486328,3.837559700012207,21.92300796508789,24.001060485839844,24.570682525634766,0.0
1295,4,137,6,27.318374633789062,22.742965698242188,28.02109146118164,25.75543212890625,3.7081997394561768,24.364198684692383,26.143827438354492,27.318374633789062,0.0
1296,4,128,6,25.955581665039062,0.0,25.955581665039062,17.3829288482666,75.34226989746094,16.573076248168945,18.15352439880371,24.029891967773438,0.2
1297,4,140,6,45.13195037841797,39.958927154541016,45.13195037841797,42.862064361572266,4.864144325256348,40.832481384277344,43.18717956542969,45.041465759277344,0.0
1298,4,155,6,25.383811950683594,24.03683853149414,25.383811950683594,24.866535186767578,0.2087889015674591,24.735044479370117,24.848569869995117,25.250301361083984,0.0
1299,4,144,6,11.949301719665527,0.0,13.456584930419922,10.551648139953613,22.599609375,11.949301719665527,12.327869415283203,13.11280632019043,0.25
1300,4,138,6,44.719825744628906,44.719825744628906,49.80764389038086,46.64341735839844,3.1584160327911377,45.025447845458984,46.53377914428711,47.44055938720703,0.0
1301,4,157,6,33.84619140625,32.21964645385742,35.71906280517578,33.4525146484375,1.4688036441802979,32.38887405395508,33.34722137451172,33.84619140625,0.0
1302,4,148,6,11.379837989807129,9.301435470581055,11.379837989807129,10.22365665435791,0.7408356666564941,9.485084533691406,9.974367141723633,11.03604793548584,0.2
1303,4,153,6,24.684871673583984,24.06308937072754,25.159313201904297,24.656204223632812,0.10242636501789093,24.629762649536133,24.684871673583984,24.721477508544922,0.0
1304,4,124,6,20.970449447631836,15.549605369567871,20.970449447631836,18.27916145324707,4.872880935668945,16.192913055419922,18.24777603149414,20.425495147705078,0.1
1305,4,132,6,0.0,0.0,20.4827880859375,12.613511085510254,81.177001953125,4.2475996017456055,17.383216857910156,19.767894744873047,0.15
1306,4,79,6,31.95273208618164,30.923093795776367,31.95273208618164,31.547061920166016,0.1867298036813736,31.150623321533203,31.734939575195312,31.919349670410156,0.0
1307,4,123,6,53.36406707763672,53.36406707763672,54.20067596435547,53.789222717285156,0.10114432871341705,53.4881477355957,53.8961181640625,53.993675231933594,0.0
1308,4,138,6,35.59736633300781,35.59736633300781,40.80845642089844,37.67384338378906,4.541082859039307,35.607940673828125,37.41412353515625,39.205875396728516,0.0
1309,4,145,6,30.1575870513916,28.91709327697754,32.625850677490234,30.252771377563477,1.3038514852523804,29.76729393005371,30.05537986755371,30.1575870513916,0.0
1310,4,157,6,19.36933135986328,18.86219596862793,20.307708740234375,19.599729537963867,0.23433227837085724,19.36933135986328,19.477497100830078,19.97452735900879,0.0
1311,4,153,6,22.686466217041016,20.961149215698242,22.686466217041016,22.14337730407715,0.3881586492061615,21.870155334472656,22.41178321838379,22.62755012512207,0.05
1312,4,116,6,32.33391571044922,31.266525268554688,32.33391571044922,31.95302391052246,0.15827468037605286,31.70700454711914,32.10414123535156,32.277130126953125,0.0
1313,4,117,6,54.51112365722656,49.95779800415039,54.51112365722656,52.830657958984375,2.520869731903076,52.219566345214844,52.89809799194336,54.26860809326172,0.0
1314,4,111,6,41.342750549316406,41.342750549316406,43.898826599121094,42.31452560424805,0.9873940348625183,41.36731719970703,42.16728973388672,42.94957733154297,0.0
1315,4,146,6,48.787254333496094,48.787254333496094,50.8161735534668,49.655548095703125,0.5229437947273254,49.0052604675293,49.678497314453125,50.06362533569336,0.0
1316,4,145,6,19.359861373901367,0.0,19.359861373901367,13.792314529418945,42.60072708129883,14.17343521118164,14.985950469970703,18.386131286621094,0.2
1317,4,149,6,52.544647216796875,46.564598083496094,52.544647216796875,49.73674011230469,5.209183692932129,48.15724563598633,49.30892562866211,52.01723098754883,0.05
1318,4,101,6,26.883543014526367,25.80617904663086,26.90117073059082,26.556467056274414,0.15818184614181519,26.379165649414062,26.71088409423828,26.883543014526367,0.0
1319,4,144,6,27.92455291748047,14.927536964416504,27.92455291748047,21.7330322265625,22.41597557067871,19.404422760009766,20.126129150390625,26.1290283203125,0.05
1320,4,90,6,61.61753845214844,61.61753845214844,69.89820861816406,64.13445281982422,8.744644165039062,61.84657287597656,62.877647399902344,65.24400329589844,0.0
1321,4,119,6,23.49370765686035,23.309328079223633,24.95291519165039,23.749744415283203,0.30202487111091614,23.49370765686035,23.527368545532227,23.656091690063477,0.0
1322,4,140,6,13.199800491333008,11.610126495361328,13.199800491333008,12.334282875061035,0.39351603388786316,11.987875938415527,12.004900932312012,12.904050827026367,0.2
1323,4,113,6,40.04533004760742,38.37989807128906,46.50920867919922,41.624847412109375,6.759504318237305,40.04533004760742,41.158042907714844,42.441619873046875,0.0
1324,4,137,6,20.632266998291016,19.238224029541016,20.91619110107422,20.439985275268555,0.31730368733406067,20.44760513305664,20.632266998291016,20.784250259399414,0.05
1325,4,141,6,25.754362106323242,25.754362106323242,27.903047561645508,27.005168914794922,0.819020688533783,26.149124145507812,27.403221130371094,27.727855682373047,0.0
1326,4,156,6,43.49777603149414,39.41223907470703,43.49777603149414,41.05086135864258,3.1327457427978516,39.61207580566406,40.16246032714844,42.77182388305664,0.0
1327,4,102,6,37.14427947998047,27.229351043701172,37.14427947998047,32.27065658569336,13.997407913208008,29.668601989746094,31.420398712158203,35.84872055053711,0.15
1328,4,99,6,40.902103424072266,37.28316116333008,40.902103424072266,39.120147705078125,1.951490044593811,38.01202392578125,38.90718078613281,40.482505798339844,0.0
1329,4,136,6,12.675719261169434,11.481689453125,12.675719261169434,12.304798126220703,0.17501333355903625,12.18093490600586,12.422246932983398,12.650354385375977,0.2
1330,4,140,6,19.66547203063965,0.0,19.66547203063965,15.481937408447266,50.178958892822266,16.23210334777832,19.105430603027344,19.582077026367188,0.2
1331,4,96,6,30.628971099853516,17.832124710083008,32.302154541015625,29.2225341796875,26.417356491088867,30.628971099853516,31.13861083984375,32.133113861083984,0.1
1332,4,157,6,12.5557861328125,11.773258209228516,12.768982887268066,12.406350135803223,0.14241936802864075,12.153865814208984,12.5557861328125,12.712242126464844,0.1
1333,4,111,6,34.326637268066406,33.173858642578125,35.80769348144531,34.215904235839844,0.7256209850311279,33.60331726074219,34.30545425415039,34.326637268066406,0.0
1334,4,143,6,30.290817260742188,30.290817260742188,32.202674865722656,31.314533233642578,0.6391740441322327,30.514604568481445,31.457958221435547,32.07271957397461,0.0
1335,4,150,6,53.98231506347656,50.567745208740234,55.8353271484375,53.67829513549805,2.6976771354675293,53.21026611328125,53.98231506347656,54.55744171142578,0.0
1336,4,158,6,51.025569915771484,50.80321502685547,52.829612731933594,51.72449493408203,0.6952565908432007,51.025569915771484,51.45841979980469,52.551612854003906,0.0
1337,4,159,6,37.10792922973633,28.684165954589844,37.10792922973633,32.434200286865234,12.91418170928955,29.162382125854492,31.360836029052734,36.086612701416016,0.0
1338,4,147,6,30.483230590820312,25.164196014404297,30.483230590820312,27.74042320251465,4.420565605163574,26.052995681762695,27.215972900390625,29.82736587524414,0.0
1339,4,149,6,10.753381729125977,0.0,10.753381729125977,7.614932537078857,13.171351432800293,7.5968241691589355,8.40269660949707,10.202638626098633,0.2
1340,4,145,6,75.83706665039062,68.90811157226562,75.83706665039062,72.01016235351562,9.123127937316895,69.23213195800781,71.1445541381836,75.11016082763672,0.0
1341,4,142,6,21.63654327392578,20.035348892211914,22.335975646972656,21.447099685668945,0.4871561527252197,21.42112159729004,21.63654327392578,21.675792694091797,0.0
1342,4,155,6,22.330503463745117,22.234888076782227,23.77798843383789,22.804655075073242,0.3520315885543823,22.330503463745117,22.52977752685547,23.25101089477539,0.25
1343,4,149,6,10.035863876342773,8.82941722869873,10.128998756408691,9.590767860412598,0.2615796625614166,9.156350135803223,9.747430801391602,10.035863876342773,0.0
1344,4,144,6,38.30617904663086,38.30617904663086,41.43694305419922,39.9571647644043,1.803236484527588,38.581851959228516,40.18347930908203,41.23456573486328,0.0
1345,4,144,6,21.740440368652344,21.503807067871094,22.30618667602539,21.73563575744629,0.07339827716350555,21.554380416870117,21.658042907714844,21.740440368652344,0.0
1346,4,148,6,23.9853458404541,23.9853458404541,27.814342498779297,25.466571807861328,1.7834844589233398,24.245288848876953,25.432228088378906,26.07228660583496,0.05
1347,4,155,6,16.188804626464844,12.271844863891602,16.188804626464844,14.070409774780273,2.8892290592193604,12.454797744750977,13.702028274536133,15.814533233642578,0.15
1348,4,119,6,43.224544525146484,37.05970001220703,43.224544525146484,40.55677795410156,4.750007629394531,39.52283477783203,40.17134094238281,42.59813690185547,0.0
1349,4,154,6,29.502830505371094,22.42591094970703,29.502830505371094,26.66940689086914,6.008945941925049,25.585561752319336,26.657390594482422,28.822818756103516,0.05
1350,4,149,6,21.593955993652344,18.767704010009766,21.593955993652344,20.153301239013672,1.158813714981079,19.483619689941406,19.751625061035156,21.183368682861328,0.05
1351,4,149,6,48.32191467285156,44.40497589111328,48.32191467285156,46.85110855102539,2.224703311920166,45.784088134765625,47.275421142578125,48.225311279296875,0.0
1352,4,141,6,26.842514038085938,14.706900596618652,26.842514038085938,22.016157150268555,22.06218910217285,18.25757598876953,23.31257438659668,26.340492248535156,0.0
1353,4,112,6,72.73461151123047,53.64777374267578,72.73461151123047,64.73358154296875,55.721107482910156,59.47123718261719,64.947265625,72.09584045410156,0.0
1354,4,143,6,32.98674011230469,31.991424560546875,33.46266174316406,32.66536331176758,0.26812610030174255,32.23377227783203,32.68305206298828,32.98674011230469,0.0
1355,4,108,6,29.891366958618164,29.53801155090332,29.94675636291504,29.794376373291016,0.01945507526397705,29.72456932067871,29.84518051147461,29.891366958618164,0.0
1356,4,109,6,21.684566497802734,21.126720428466797,21.684566497802734,21.505199432373047,0.04036327078938484,21.41551971435547,21.587467193603516,21.661941528320312,0.1
1357,4,112,6,44.80550765991211,42.05582046508789,45.08575439453125,43.91204833984375,1.410975694656372,42.936134338378906,44.50640106201172,44.80550765991211,0.0
1358,4,126,6,29.429607391357422,0.0,29.429607391357422,19.78412437438965,99.43089294433594,17.59587860107422,21.600509643554688,27.759963989257812,0.15
1359,4,151,6,18.311569213867188,16.824296951293945,18.34286880493164,17.846050262451172,0.31978103518486023,17.524673461914062,18.095603942871094,18.311569213867188,0.0
1360,4,153,6,18.383445739746094,0.0,18.383445739746094,14.604358673095703,43.21038055419922,16.530506134033203,17.188093185424805,18.213430404663086,0.25
1361,4,111,6,65.53323364257812,62.5777702331543,68.47639465332031,65.03437805175781,3.690253496170044,63.56912612915039,65.26170349121094,65.53323364257812,0.0
1362,4,148,6,29.425168991088867,28.222774505615234,29.90168571472168,29.342445373535156,0.3080005943775177,29.280141830444336,29.425168991088867,29.74234962463379,0.05
1363,4,137,6,15.655313491821289,0.0,15.655313491821289,10.775035858154297,32.13905334472656,8.237252235412598,13.251720428466797,15.257203102111816,0.1
1364,4,129,6,75.09883117675781,68.4649887084961,75.09883117675781,71.74322509765625,6.4678874015808105,69.92408752441406,71.05084228515625,74.19670867919922,0.0
1365,4,125,6,42.23944854736328,40.690406799316406,42.23944854736328,41.52407455444336,0.3497747778892517,41.11481857299805,41.43094253540039,42.11518859863281,0.0
1366,4,146,6,5.298246383666992,0.0,5.298246383666992,3.7879133224487305,3.248311996459961,3.7125844955444336,4.268702983856201,5.090638160705566,0.2
1367,4,120,6,15.446527481079102,0.0,15.446527481079102,10.771171569824219,28.431625366210938,9.531457901000977,12.514293670654297,14.83962631225586,0.25
1368,4,133,6,36.48728942871094,34.35182189941406,36.98214340209961,36.25234603881836,0.7515780925750732,36.48728942871094,36.511695861816406,36.6360969543457,0.0
1369,4,110,6,21.49042320251465,20.409252166748047,21.49042320251465,21.127771377563477,0.16121284663677216,20.916736602783203,21.248409271240234,21.485071182250977,0.0
1370,4,126,6,46.016239166259766,41.58442306518555,46.016239166259766,44.10730743408203,2.4312517642974854,43.346946716308594,43.91997146606445,45.515464782714844,0.0
1371,4,142,6,13.831361770629883,13.277816772460938,13.927499771118164,13.67297077178955,0.049820393323898315,13.545681953430176,13.747337341308594,13.831361770629883,0.25
1372,4,158,6,38.720848083496094,34.742095947265625,38.97186279296875,37.57830810546875,2.3387815952301025,36.78950500488281,38.306556701660156,38.720848083496094,0.0
1373,4,153,6,17.889606475830078,16.82023048400879,17.889606475830078,17.513099670410156,0.20974719524383545,17.129520416259766,17.779640197753906,17.86741065979004,0.1
1374,4,146,6,20.52779769897461,18.29142951965332,20.680932998657227,19.953460693359375,0.6832706928253174,19.72119903564453,20.31230926513672,20.52779769897461,0.0
1375,4,120,6,25.22900390625,25.22900390625,29.92593765258789,28.161863327026367,4.334987163543701,26.261146545410156,29.413150787353516,29.68787956237793,0.0
1376,4,157,6,38.57062530517578,34.17637634277344,38.777671813964844,36.90444564819336,3.265408515930176,35.615966796875,37.16788101196289,38.57062530517578,0.0
1377,4,134,6,41.67530822753906,35.487335205078125,44.95472717285156,39.96223831176758,10.040180206298828,37.53682327270508,40.28639221191406,41.67530822753906,0.05
1378,4,126,6,54.21832275390625,48.53242111206055,54.21832275390625,52.024044036865234,5.347067356109619,50.101417541503906,52.754249572753906,54.18946838378906,0.0
1379,4,151,6,32.05430603027344,30.713268280029297,32.05430603027344,31.674543380737305,0.22771289944648743,31.561847686767578,31.847492218017578,32.0504264831543,0.0
1380,4,157,6,24.908447265625,19.497695922851562,25.601346969604492,23.991939544677734,4.207965850830078,24.349689483642578,24.88131332397461,24.908447265625,0.05
1381,4,136,6,22.645275115966797,21.812023162841797,22.645275115966797,22.25397491455078,0.09302219748497009,22.068359375,22.190614700317383,22.540943145751953,0.0
1382,4,147,6,22.624502182006836,21.09554672241211,23.023998260498047,22.429845809936523,0.4344686269760132,22.302610397338867,22.624502182006836,22.91753387451172,0.0
1383,4,132,6,15.491143226623535,14.870885848999023,18.126094818115234,16.227392196655273,1.3424733877182007,15.491143226623535,15.722246170043945,17.062137603759766,0.1
1384,4,141,6,31.22264862060547,29.663715362548828,31.41964340209961,30.78046417236328,0.5862458944320679,30.113658905029297,31.22264862060547,31.363258361816406,0.0
1385,4,155,6,13.2842435836792,12.944324493408203,14.152896881103516,13.449633598327637,0.21027053892612457,13.10306167602539,13.2842435836792,13.813131332397461,0.15
1386,4,158,6,25.261655807495117,20.881332397460938,25.261655807495117,23.474769592285156,3.4398391246795654,21.71730613708496,24.111804962158203,25.20010757446289,0.0
1387,4,129,6,29.849414825439453,29.663501739501953,29.885875701904297,29.789379119873047,0.006208586972206831,29.73419952392578,29.806554794311523,29.849414825439453,0.0
1388,4,145,6,18.69725227355957,0.0,18.69725227355957,14.521749496459961,43.61729431152344,15.638893127441406,17.31432342529297,18.37171745300293,0.1
1389,4,150,6,23.95122528076172,12.530587196350098,24.8465576171875,22.215274810791016,19.03737449645996,23.444578170776367,23.95122528076172,24.540077209472656,0.05
1390,4,157,6,22.397743225097656,21.988616943359375,24.12152862548828,22.82094383239746,0.7063342332839966,22.22409439086914,22.397743225097656,23.489803314208984,0.0
1391,4,123,6,33.891273498535156,31.572118759155273,33.891273498535156,33.082969665527344,0.8868733048439026,32.34486770629883,33.574546813964844,33.85639953613281,0.0
1392,4,121,6,46.833770751953125,37.15513610839844,46.833770751953125,41.92121124267578,18.3413028717041,37.773643493652344,41.57527160644531,46.30484390258789,0.0
1393,4,142,6,26.261137008666992,26.261137008666992,31.07384490966797,28.481128692626953,2.9820802211761475,26.92169761657715,28.926067352294922,29.316082000732422,0.15
1394,4,129,6,33.996620178222656,27.079458236694336,33.996620178222656,30.86593246459961,6.888668537139893,28.838274002075195,30.816452026367188,33.43490982055664,0.05
1395,4,148,6,35.367958068847656,27.527267456054688,35.367958068847656,32.010555267333984,8.284075736999512,30.023584365844727,32.11199188232422,34.74049758911133,0.0
1396,4,134,6,72.64916229248047,63.67345428466797,72.64916229248047,67.72250366210938,13.829133987426758,64.46719360351562,66.60945129394531,71.43265533447266,0.0
1397,4,152,6,14.083012580871582,0.0,16.708053588867188,12.543102264404297,32.41023254394531,14.083012580871582,14.282962799072266,15.546944618225098,0.2
1398,4,112,6,28.36804962158203,25.888113021850586,28.36804962158203,27.77818489074707,0.7509528994560242,27.873760223388672,28.111801147460938,28.32415008544922,0.0
1399,4,121,6,22.422283172607422,0.0,22.422283172607422,17.824918746948242,64.52753448486328,20.027280807495117,21.06532096862793,22.30282211303711,0.2
1400,4,138,6,24.95935821533203,21.163047790527344,24.95935821533203,23.016597747802734,2.1284961700439453,21.99529457092285,22.57579803466797,24.411794662475586,0.0
1401,4,152,6,27.606651306152344,26.06707000732422,27.606651306152344,26.71295166015625,0.4103170931339264,26.278095245361328,26.364120483398438,27.310779571533203,0.0
1402,4,149,6,17.177967071533203,0.0,17.177967071533203,12.274454116821289,36.24074172973633,10.900415420532227,14.619155883789062,16.83199691772461,0.1
1403,4,146,6,26.475826263427734,23.10495948791504,26.475826263427734,25.209693908691406,1.6566541194915771,24.383153915405273,25.448978424072266,26.4258975982666,0.0
1404,4,155,6,44.55964660644531,36.57575988769531,44.55964660644531,40.9547119140625,8.685023307800293,38.92129135131836,40.72963333129883,43.79372024536133,0.0
1405,4,148,6,32.55065155029297,28.426254272460938,32.55065155029297,30.777851104736328,2.6821579933166504,29.523639678955078,30.839733123779297,32.404273986816406,0.0
1406,4,118,6,27.77109718322754,19.937179565429688,27.77109718322754,24.0611515045166,8.97793197631836,21.77276039123535,23.688491821289062,27.0327205657959,0.05
1407,4,158,6,9.67113208770752,0.0,9.67113208770752,6.864598274230957,13.189189910888672,5.227967262268066,8.899665832519531,9.509710311889648,0.1
1408,4,158,6,17.629047393798828,13.039740562438965,17.629047393798828,15.489347457885742,3.4958701133728027,13.753583908081055,15.763343811035156,17.18354606628418,0.0
1409,4,145,6,58.97955322265625,58.97955322265625,61.698936462402344,60.28835678100586,1.3927586078643799,59.10902786254883,60.192543029785156,61.487159729003906,0.0
1410,4,98,6,7.203060150146484,0.0,13.625960350036621,8.761251449584961,21.66615867614746,7.203060150146484,9.610111236572266,12.392989158630371,0.25
1411,4,146,6,15.628225326538086,15.628225326538086,18.931232452392578,17.641334533691406,2.0772359371185303,16.269638061523438,18.439517974853516,18.757253646850586,0.1
1412,4,130,6,19.682628631591797,18.718936920166016,22.083663940429688,19.90756607055664,1.3197903633117676,18.99486541748047,19.682628631591797,20.30459976196289,0.0
1413,4,140,6,23.729995727539062,23.729995727539062,27.160741806030273,25.658491134643555,2.089541435241699,24.20539093017578,26.214351654052734,26.875410079956055,0.1
1414,4,100,6,44.457733154296875,41.981178283691406,48.26476287841797,45.350589752197266,4.540505409240723,44.457733154296875,44.82288360595703,47.112586975097656,0.0
1415,4,135,6,43.07782745361328,39.18265151977539,43.28076934814453,41.74082946777344,2.9003193378448486,40.247711181640625,42.66062545776367,43.07782745361328,0.0
1416,4,137,6,7.5780839920043945,6.652950763702393,7.5780839920043945,7.237455368041992,0.11960853636264801,7.021485328674316,7.315258026123047,7.558528900146484,0.1
1417,4,135,6,2.5845751762390137,0.0,2.5845751762390137,1.7012015581130981,0.7521189451217651,1.551077961921692,1.7721844911575317,2.3937134742736816,0.25
1418,4,136,6,18.648714065551758,17.17473602294922,18.648714065551758,18.017972946166992,0.39610016345977783,17.399330139160156,18.200088500976562,18.613872528076172,0.0
1419,4,143,6,19.655044555664062,18.71543312072754,20.753753662109375,19.697702407836914,0.4680441617965698,19.239971160888672,19.655044555664062,20.14275360107422,0.0
1420,4,152,6,21.735843658447266,16.397480010986328,21.735843658447266,19.864425659179688,4.1187825202941895,18.549339294433594,20.548477172851562,21.692108154296875,0.05
1421,4,138,6,26.864723205566406,24.00183868408203,26.864723205566406,25.212642669677734,1.550281047821045,24.103456497192383,24.731266021728516,26.472248077392578,0.0
1422,4,150,6,29.532621383666992,22.60873031616211,29.532621383666992,26.165754318237305,7.848503589630127,23.749807357788086,25.883014678955078,29.007057189941406,0.0
1423,4,137,6,32.40222930908203,30.178890228271484,32.40222930908203,31.56194305419922,0.7498845458030701,30.88546371459961,31.86896514892578,32.338470458984375,0.0
1424,4,113,6,41.39368438720703,0.0,41.39368438720703,26.65580940246582,192.34756469726562,24.345237731933594,26.725284576416016,37.835357666015625,0.2
1425,4,141,6,18.51361083984375,17.390382766723633,18.574804306030273,18.211448669433594,0.16832607984542847,18.10203742980957,18.361980438232422,18.51361083984375,0.05
1426,4,154,6,15.321501731872559,14.123478889465332,15.321501731872559,14.930675506591797,0.18155379593372345,14.77861499786377,15.025970458984375,15.29971981048584,0.05
1427,4,145,6,34.83721160888672,30.602176666259766,34.83721160888672,33.42921829223633,2.0189590454101562,33.26036834716797,33.52492141723633,34.566654205322266,0.0
1428,4,152,6,46.9698486328125,38.62308120727539,46.9698486328125,42.01092529296875,12.726492881774902,39.183013916015625,40.27558135986328,45.395870208740234,0.0
1429,4,148,6,21.064109802246094,19.32318115234375,21.235614776611328,20.343721389770508,0.65044105052948,19.543212890625,20.520328521728516,21.064109802246094,0.0
1430,4,137,6,23.242488861083984,0.0,23.242488861083984,16.946617126464844,65.01892852783203,16.585569381713867,19.363983154296875,22.878360748291016,0.15
1431,4,148,6,51.23095703125,41.89067077636719,51.23095703125,47.93024826049805,10.327974319458008,46.73188781738281,48.42467498779297,50.68832778930664,0.0
1432,4,112,6,48.01123809814453,42.60291290283203,48.01123809814453,44.73186492919922,5.498560428619385,42.909996032714844,43.50507354736328,46.91769790649414,0.0
1433,4,98,6,31.025253295898438,25.54677963256836,31.025253295898438,29.954198837280273,3.9513959884643555,30.42642593383789,30.91961669921875,31.018829345703125,0.1
1434,4,156,6,22.395750045776367,20.396026611328125,22.395750045776367,21.4352970123291,0.6801354885101318,20.6424617767334,21.47006607055664,22.252477645874023,0.0
1435,4,145,6,25.399578094482422,22.237228393554688,25.399578094482422,24.32912826538086,1.164310336112976,24.008602142333984,24.530902862548828,25.21396255493164,0.0
1436,4,131,6,26.099315643310547,0.0,26.458393096923828,20.427135467529297,87.82791900634766,21.218006134033203,24.760990142822266,26.099315643310547,0.1
1437,4,146,6,27.351381301879883,24.874887466430664,27.53835678100586,26.377660751342773,1.1465026140213013,25.4697322845459,26.568429946899414,27.351381301879883,0.1
1438,4,139,6,42.706703186035156,39.34831237792969,44.98297119140625,42.628387451171875,4.040498733520508,41.47117614746094,42.706703186035156,44.40140151977539,0.0
1439,4,147,6,57.760108947753906,50.97178268432617,57.760108947753906,53.987060546875,8.041982650756836,51.669857025146484,52.883460998535156,56.83954620361328,0.0
1440,4,104,6,18.764270782470703,15.954269409179688,18.764270782470703,17.153470993041992,1.5295114517211914,16.02977752685547,16.70659637451172,18.41534423828125,0.05
1441,4,131,6,16.489456176757812,0.0,16.489456176757812,11.983375549316406,32.18914031982422,11.654035568237305,13.929615020751953,15.974447250366211,0.2
1442,4,127,6,38.14344024658203,33.03186798095703,38.14344024658203,36.72444152832031,3.386864185333252,36.18281555175781,37.635887145996094,38.0598030090332,0.05
1443,4,153,6,15.063015937805176,12.858059883117676,15.063015937805176,13.927450180053711,0.8084498047828674,13.103485107421875,13.805343627929688,14.823888778686523,0.0
1444,4,138,6,21.970733642578125,0.0,21.970733642578125,15.853421211242676,56.97529220581055,15.273358345031738,18.41714859008789,21.171836853027344,0.2
1445,4,157,6,25.1441707611084,19.323352813720703,25.1441707611084,21.98065948486328,5.353724479675293,20.386547088623047,20.98338508605957,24.1923885345459,0.05
1446,4,158,6,22.522960662841797,17.99917221069336,22.522960662841797,20.508012771606445,2.8083455562591553,19.304433822631836,20.502830505371094,22.087190628051758,0.0
1447,4,119,6,32.19289016723633,24.401451110839844,32.19289016723633,28.111099243164062,10.320600509643555,25.35953712463379,27.310827255249023,31.383827209472656,0.1
1448,4,114,6,73.84691619873047,73.84691619873047,77.4964370727539,75.94967651367188,2.3130335807800293,74.48516082763672,76.71556091308594,77.0653076171875,0.0
1449,4,147,6,20.41126251220703,18.661893844604492,20.41126251220703,19.56696891784668,0.42027243971824646,19.17382049560547,19.385150909423828,20.18752098083496,0.0
1450,4,153,6,53.057003021240234,49.208839416503906,53.083099365234375,51.280250549316406,3.2146873474121094,49.56884765625,51.41632843017578,53.057003021240234,0.0
1451,4,125,6,72.38594055175781,69.28057098388672,73.40655517578125,71.81139373779297,1.6851954460144043,71.4600830078125,72.2898941040039,72.38594055175781,0.0
1452,4,129,6,34.580810546875,34.36273193359375,35.88153076171875,34.87839889526367,0.2897205054759979,34.56216049194336,34.580810546875,35.126625061035156,0.0
1453,4,147,6,33.10100555419922,21.55695343017578,33.10100555419922,27.947723388671875,25.0455379486084,22.913818359375,29.054317474365234,32.80315017700195,0.1
1454,4,143,6,41.167869567871094,37.226280212402344,41.167869567871094,39.37900924682617,2.2538564205169678,38.19049072265625,39.37921142578125,40.84021759033203,0.0
1455,4,144,6,26.734533309936523,23.274009704589844,28.4042911529541,26.714168548583984,2.776799440383911,26.734533309936523,26.899715423583984,27.820789337158203,0.05
1456,4,159,6,52.38446044921875,51.09502410888672,52.57266616821289,52.0317497253418,0.2927379310131073,51.68666458129883,52.32097625732422,52.38446044921875,0.0
1457,4,121,6,25.055931091308594,24.301219940185547,25.272916793823242,24.969934463500977,0.10759855061769485,24.920745849609375,25.055931091308594,25.207427978515625,0.0
1458,4,137,6,38.89445495605469,35.81620788574219,39.80604934692383,38.42211151123047,1.8872473239898682,37.86967086791992,38.89445495605469,39.41867446899414,0.0
1459,4,144,6,24.8124942779541,22.592222213745117,24.8124942779541,23.776390075683594,0.64649498462677,23.340883255004883,23.578628540039062,24.520708084106445,0.0
1460,4,139,6,21.098976135253906,20.851444244384766,21.298973083496094,21.13621711730957,0.021980267018079758,21.098976135253906,21.150074005126953,21.251113891601562,0.0
1461,4,103,6,48.81777572631836,45.75153350830078,48.81777572631836,47.37317657470703,1.3687981367111206,46.44679260253906,47.318260192871094,48.487266540527344,0.0
1462,4,117,6,14.363369941711426,11.78640365600586,14.363369941711426,13.332450866699219,0.8480179309844971,12.818108558654785,13.36693000793457,14.198659896850586,0.0
1463,4,137,6,24.393774032592773,19.40106773376465,24.393774032592773,22.361610412597656,3.5015370845794678,20.979873657226562,22.749170303344727,24.05207061767578,0.0
1464,4,118,6,33.91019821166992,33.91019821166992,35.127037048339844,34.580177307128906,0.24440336227416992,34.11252212524414,34.745750427246094,34.974609375,0.0
1465,4,143,6,33.14835739135742,30.943798065185547,33.14835739135742,32.22614669799805,0.7508332133293152,31.487268447875977,32.44702911376953,33.01424789428711,0.0
1466,4,137,6,67.51620483398438,60.64985275268555,69.45869445800781,65.5625,8.594391822814941,63.88271713256836,66.05093383789062,67.51620483398438,0.05
1467,4,132,6,34.95622253417969,33.22861099243164,37.68012237548828,35.08030700683594,1.7778470516204834,34.56017303466797,34.95622253417969,35.1634407043457,0.0
1468,4,139,6,34.745330810546875,32.80701446533203,36.57707977294922,34.6197509765625,1.2113113403320312,34.35040283203125,34.65507888793945,34.745330810546875,0.0
1469,4,115,6,26.940853118896484,20.55972671508789,26.940853118896484,23.849319458007812,6.481715202331543,21.55291748046875,23.874164581298828,26.269420623779297,0.0
1470,4,156,6,23.250381469726562,23.250381469726562,25.50777816772461,24.032827377319336,0.5910859107971191,23.39291763305664,23.918684005737305,24.267498016357422,0.0
1471,4,136,6,22.99575424194336,20.010189056396484,23.47118377685547,22.36629295349121,1.4739954471588135,21.920886993408203,22.99575424194336,23.120649337768555,0.05
1472,4,151,6,24.684539794921875,23.651430130004883,24.955341339111328,24.491844177246094,0.16609150171279907,24.475753784179688,24.597930908203125,24.684539794921875,0.0
1473,4,149,6,23.067703247070312,20.512033462524414,23.09735679626465,22.0336971282959,1.2914819717407227,20.899364471435547,22.47752571105957,23.067703247070312,0.1
1474,4,143,6,67.51708984375,62.305381774902344,70.41804504394531,67.62301635742188,6.679505825042725,67.51708984375,68.08538055419922,69.15852355957031,0.0
1475,4,122,6,19.0965576171875,0.0,19.0965576171875,14.245020866394043,43.328941345214844,14.850553512573242,16.338172912597656,18.591449737548828,0.2
1476,4,155,6,23.868694305419922,19.043231964111328,23.868694305419922,22.185264587402344,2.886596202850342,21.397001266479492,22.63773536682129,23.615009307861328,0.05
1477,4,146,6,23.613983154296875,20.589427947998047,23.613983154296875,22.337589263916016,1.5824276208877563,21.168869018554688,22.6552791595459,23.54244613647461,0.15
1478,4,149,6,28.158918380737305,27.126113891601562,28.158918380737305,27.829181671142578,0.14347966015338898,27.639049530029297,27.98056983947754,28.14792251586914,0.0
1479,4,156,6,20.835365295410156,9.85516357421875,21.70041275024414,17.921175003051758,21.172555923461914,15.19027042388916,20.835365295410156,20.952972412109375,0.1
1480,4,147,6,16.958049774169922,16.958049774169922,17.600830078125,17.170013427734375,0.050774671137332916,16.975852966308594,17.125864028930664,17.244178771972656,0.0
1481,4,139,6,26.560022354125977,22.61896324157715,26.560022354125977,24.35664939880371,2.596463441848755,23.143465042114258,23.65250015258789,25.92471694946289,0.0
1482,4,132,6,24.824695587158203,23.324321746826172,24.824695587158203,24.314006805419922,0.2790350615978241,24.115249633789062,24.40757942199707,24.778438568115234,0.0
1483,4,114,6,3.459101676940918,3.0447940826416016,3.459101676940918,3.3336379528045654,0.02054043672978878,3.29884672164917,3.3785884380340576,3.4460134506225586,0.15
1484,4,152,6,15.178159713745117,9.716931343078613,15.178159713745117,13.441988945007324,3.841649055480957,12.582094192504883,14.165817260742188,15.069721221923828,0.05
1485,4,153,6,29.218448638916016,25.373432159423828,29.60493278503418,28.474037170410156,2.020059585571289,28.69279670715332,28.988143920898438,29.218448638916016,0.0
1486,4,145,6,27.200063705444336,27.04178237915039,27.68474769592285,27.299148559570312,0.05311286821961403,27.149045944213867,27.200063705444336,27.452163696289062,0.0
1487,4,108,6,31.74532127380371,0.0,31.74532127380371,22.331968307495117,124.03651428222656,19.213775634765625,26.707664489746094,30.763427734375,0.15
1488,4,84,6,34.508689880371094,0.0,34.508689880371094,27.43427848815918,152.0411834716797,31.481807708740234,32.078041076660156,34.01288604736328,0.05
1489,4,157,6,28.429737091064453,26.605154037475586,30.63961410522461,28.77630043029785,1.490236520767212,28.429737091064453,28.81077766418457,29.319257736206055,0.05
1490,4,134,6,16.2327823638916,0.0,16.2327823638916,11.389457702636719,29.704341888427734,11.631843566894531,12.121013641357422,15.325115203857422,0.2
1491,4,155,6,10.339958190917969,0.0,10.339958190917969,7.254885673522949,13.657959938049316,6.008051872253418,8.900102615356445,9.983861923217773,0.1
1492,4,125,6,41.10628890991211,40.66530990600586,41.20332336425781,40.996192932128906,0.030221886932849884,40.945411682128906,41.029693603515625,41.10628890991211,0.0
1493,4,138,6,25.955289840698242,25.38683319091797,26.503131866455078,25.97084617614746,0.13661964237689972,25.766006469726562,25.955289840698242,26.23004150390625,0.0
1494,4,149,6,16.1927547454834,0.0,16.1927547454834,10.846770286560059,30.12312889099121,9.590683937072754,11.800741195678711,15.27447509765625,0.15
1495,4,107,6,30.987598419189453,28.14194107055664,34.108154296875,31.458280563354492,3.3590259552001953,30.987598419189453,31.401691436767578,32.48540496826172,0.0
1496,4,127,6,37.72405242919922,34.89158630371094,37.72405242919922,36.344058990478516,1.0992549657821655,35.737205505371094,36.01923751831055,37.330101013183594,0.0
1497,4,116,6,29.7452335357666,25.798072814941406,29.7452335357666,27.82366180419922,2.4141862392425537,26.47810173034668,27.727252960205078,29.343647003173828,0.0
1498,4,143,6,37.32489776611328,0.0,37.32489776611328,23.74200439453125,165.5823974609375,18.75608253479004,25.013254165649414,35.076011657714844,0.15
1499,4,136,6,25.079654693603516,24.652408599853516,25.21772575378418,25.023653030395508,0.030807210132479668,25.045276641845703,25.07890510559082,25.079654693603516,0.0
1500,4,155,6,41.97798156738281,41.97798156738281,43.36705017089844,42.515586853027344,0.3255292475223541,42.03118896484375,42.26833724975586,43.01183319091797,0.0
1501,4,91,6,110.26112365722656,102.36073303222656,116.09072875976562,109.48185729980469,28.515304565429688,104.69329833984375,110.26112365722656,113.87535858154297,0.0
1502,4,146,6,21.086380004882812,0.0,21.086380004882812,15.790376663208008,53.16440963745117,16.56202507019043,18.052705764770508,20.627178192138672,0.2
1503,4,151,6,34.159873962402344,28.549541473388672,34.159873962402344,31.568317413330078,4.3261895179748535,30.277767181396484,31.138431549072266,33.60917282104492,0.0
1504,4,153,6,11.828863143920898,9.956853866577148,11.828863143920898,10.969680786132812,0.4851667881011963,10.469948768615723,10.916263580322266,11.638063430786133,0.1
1505,4,111,6,23.088729858398438,22.398698806762695,23.088729858398438,22.860570907592773,0.05508571118116379,22.80078887939453,22.90730094909668,23.048908233642578,0.0
1506,4,123,6,44.95366668701172,42.25078582763672,44.95366668701172,43.48682403564453,1.3666986227035522,42.431209564208984,43.168434143066406,44.68771743774414,0.0
1507,4,156,6,16.54677963256836,15.55134391784668,17.150619506835938,16.375717163085938,0.2402808964252472,16.142589569091797,16.474882125854492,16.54677963256836,0.1
1508,4,153,6,18.760574340820312,11.888374328613281,18.760574340820312,16.04515838623047,7.467690944671631,13.763382911682129,16.860904693603516,18.592214584350586,0.05
1509,4,121,6,39.06242370605469,36.40557098388672,39.06242370605469,37.86433410644531,1.0711268186569214,36.992637634277344,37.98479461669922,38.811073303222656,0.0
1510,4,150,6,18.84069061279297,15.145758628845215,18.84069061279297,17.55366325378418,2.622281789779663,16.163299560546875,18.54663848876953,18.791706085205078,0.0
1511,4,142,6,25.363117218017578,23.227710723876953,25.363117218017578,24.465930938720703,0.5888035893440247,23.99501609802246,24.473224639892578,25.18532943725586,0.0
1512,4,144,6,13.925969123840332,12.782719612121582,14.110007286071777,13.748199462890625,0.19426307082176208,13.836702346801758,13.925969123840332,13.934680938720703,0.05
1513,4,155,6,21.878524780273438,21.34966278076172,22.21780014038086,21.91002082824707,0.08365608006715775,21.878524780273438,21.901199340820312,22.1397705078125,0.05
1514,4,153,6,27.383928298950195,18.75022315979004,27.383928298950195,25.348129272460938,9.171693801879883,25.675859451293945,26.501853942871094,27.288257598876953,0.05
1515,4,154,6,32.09247589111328,27.173992156982422,32.09247589111328,29.846668243408203,3.6848416328430176,28.195085525512695,29.96394920349121,31.70111846923828,0.05
1516,4,109,6,32.8509635925293,32.8509635925293,37.83786392211914,34.711578369140625,3.1490590572357178,33.148094177246094,34.34904479980469,35.68833923339844,0.0
1517,4,141,6,15.68371868133545,12.79797649383545,15.68371868133545,14.816723823547363,0.9626047611236572,14.689923286437988,15.074926376342773,15.549138069152832,0.05
1518,4,111,6,32.701900482177734,29.989870071411133,32.701900482177734,31.59246063232422,1.1019264459609985,30.777631759643555,31.76535415649414,32.60425567626953,0.0
1519,4,147,6,34.83547592163086,31.87921905517578,35.478248596191406,34.167579650878906,1.5414707660675049,33.579551696777344,34.82097625732422,34.83547592163086,0.0
1520,4,143,6,12.34992504119873,9.548158645629883,12.34992504119873,10.896242141723633,1.1592916250228882,10.20816421508789,10.505613327026367,11.895747184753418,0.2
1521,4,121,6,36.79113006591797,33.83271026611328,36.79113006591797,34.95205307006836,1.7005056142807007,34.06882095336914,34.11985397338867,36.127685546875,0.0
1522,4,155,6,15.12649154663086,13.333881378173828,15.12649154663086,14.205669403076172,0.47238853573799133,13.768143653869629,13.944990158081055,14.86709976196289,0.2
1523,4,58,6,37.434043884277344,35.03721618652344,39.02508544921875,36.79218292236328,1.7954864501953125,35.707801818847656,36.876243591308594,37.434043884277344,0.0
1524,4,146,6,20.49112319946289,20.22115135192871,21.58902359008789,20.780136108398438,0.2248714715242386,20.49112319946289,20.575546264648438,21.086315155029297,0.0
1525,4,154,6,19.03376007080078,13.933713912963867,19.03376007080078,17.016908645629883,4.1840128898620605,15.276816368103027,17.778839111328125,18.794830322265625,0.2
1526,4,124,6,14.547126770019531,0.0,15.537101745605469,11.871502876281738,29.807540893554688,12.302850723266602,14.547126770019531,14.918960571289062,0.25
1527,4,141,6,29.72821044921875,29.72821044921875,32.9332275390625,31.197546005249023,1.5212568044662476,29.998905181884766,31.182477951049805,32.21149444580078,0.0
1528,4,153,6,17.649023056030273,16.682353973388672,17.649023056030273,17.241483688354492,0.11582227051258087,17.0776424407959,17.20095443725586,17.559547424316406,0.0
1529,4,138,6,20.184738159179688,16.72442626953125,20.27219009399414,19.154495239257812,2.2731778621673584,18.060043334960938,20.184738159179688,20.202983856201172,0.1
1530,4,134,6,42.42066192626953,42.42066192626953,45.35809326171875,43.64777755737305,1.5472010374069214,42.56380844116211,43.17766189575195,44.8394660949707,0.0
1531,4,144,6,19.923179626464844,17.040176391601562,19.923179626464844,18.40485191345215,1.5773180723190308,17.203718185424805,18.20064926147461,19.6949462890625,0.1
1532,4,150,6,13.88737678527832,0.0,13.88737678527832,10.825830459594727,24.524311065673828,11.36844253540039,13.189240455627441,13.743019104003906,0.25
1533,4,115,6,21.71845054626465,20.244380950927734,21.854328155517578,21.275924682617188,0.3151245415210724,21.030006408691406,21.419170379638672,21.71845054626465,0.0
1534,4,100,6,25.113609313964844,24.192913055419922,25.113609313964844,24.74856948852539,0.11712919175624847,24.505680084228516,24.824886322021484,25.058101654052734,0.05
1535,4,148,6,27.539655685424805,24.631210327148438,27.72661590576172,26.505111694335938,1.5206658840179443,25.447418212890625,27.017559051513672,27.539655685424805,0.0
1536,4,124,6,30.109397888183594,24.668128967285156,30.109397888183594,27.474700927734375,4.058770179748535,26.250743865966797,26.92592430114746,29.376340866088867,0.0
1537,4,144,6,48.83184814453125,45.99980926513672,49.55910873413086,47.8805046081543,1.603455901145935,46.99507141113281,47.966156005859375,48.83184814453125,0.0
1538,4,150,6,12.274160385131836,0.0,12.274160385131836,8.97028923034668,17.86241912841797,8.947212219238281,10.21999740600586,11.993471145629883,0.15
1539,4,156,6,17.097705841064453,12.728294372558594,17.097705841064453,15.692609786987305,2.8152692317962646,14.644131660461426,16.53253936767578,17.07056999206543,0.1
1540,4,117,6,27.168621063232422,25.62752914428711,30.90902328491211,27.42789077758789,3.021291494369507,26.185089111328125,27.168621063232422,27.66938018798828,0.0
1541,4,129,6,29.46004867553711,29.46004867553711,31.012285232543945,30.309518814086914,0.38020533323287964,29.74267578125,30.594436645507812,30.701473236083984,0.0
1542,4,152,6,13.679617881774902,12.766054153442383,13.679617881774902,13.194439888000488,0.15197210013866425,12.831769943237305,13.11512279510498,13.593832015991211,0.2
1543,4,133,6,23.185239791870117,16.598413467407227,24.293094635009766,21.802509307861328,6.2691473960876465,21.52553367614746,22.731891632080078,23.185239791870117,0.05
1544,4,154,6,67.87759399414062,59.149871826171875,67.87759399414062,64.16587829589844,11.951692581176758,61.16777038574219,65.02952575683594,67.2785415649414,0.0
1545,4,115,6,36.558074951171875,29.758840560913086,36.558074951171875,34.137630462646484,5.508108615875244,33.218505859375,34.49238204956055,36.17075729370117,0.0
1546,4,135,6,63.50644302368164,60.2822265625,63.50644302368164,62.42854690551758,1.2175135612487793,62.10577392578125,62.63282012939453,63.34836959838867,0.0
1547,4,147,6,36.720027923583984,32.70919418334961,36.937042236328125,35.02880859375,3.221540927886963,33.3961296081543,35.27880096435547,36.720027923583984,0.0
1548,4,150,6,31.60396957397461,31.190471649169922,31.920284271240234,31.57615089416504,0.0576699897646904,31.43047332763672,31.60396957397461,31.725170135498047,0.0
1549,4,55,6,16.78424835205078,16.434349060058594,16.78424835205078,16.594398498535156,0.01930249109864235,16.496845245361328,16.53866195678711,16.725341796875,0.0
1550,4,149,6,15.243317604064941,15.243317604064941,15.952045440673828,15.552788734436035,0.06520348787307739,15.308199882507324,15.581873893737793,15.70095443725586,0.15
1551,4,141,6,26.533222198486328,25.545269012451172,26.533222198486328,26.138294219970703,0.17026832699775696,25.75743865966797,26.289047241210938,26.516971588134766,0.0
1552,4,144,6,15.089546203613281,0.0,16.502119064331055,13.214302062988281,35.26231384277344,15.089546203613281,15.623625755310059,16.374597549438477,0.25
1553,4,131,6,34.08842849731445,31.109617233276367,34.08842849731445,32.95442199707031,1.6386369466781616,31.761066436767578,33.562313079833984,34.07298278808594,0.0
1554,4,155,6,22.771442413330078,19.672971725463867,22.771442413330078,21.606937408447266,1.1480070352554321,21.196666717529297,21.628433227539062,22.572811126708984,0.05
1555,4,149,6,19.654943466186523,15.248492240905762,20.026412963867188,18.450851440429688,2.8961799144744873,17.636686325073242,19.281021118164062,19.654943466186523,0.05
1556,4,121,6,28.410737991333008,22.891176223754883,28.410737991333008,25.898914337158203,5.67502498626709,23.481231689453125,26.3719482421875,28.215499877929688,0.0
1557,4,114,6,17.05145263671875,14.252290725708008,21.267366409301758,17.117311477661133,5.852535724639893,15.076464653015137,17.05145263671875,18.260242462158203,0.2
1558,4,142,6,23.817718505859375,22.015941619873047,23.817718505859375,22.79096221923828,0.5506035089492798,22.245744705200195,22.454193115234375,23.484146118164062,0.0
1559,4,140,6,27.89297103881836,23.942623138427734,27.89297103881836,26.12587547302246,2.0200388431549072,25.310380935668945,25.96405792236328,27.415306091308594,0.0
1560,4,85,6,35.74009704589844,30.394630432128906,35.74009704589844,33.36253356933594,4.159353256225586,31.831178665161133,33.31736755371094,35.38180923461914,0.05
1561,4,156,6,54.699058532714844,50.46683120727539,54.699058532714844,53.5736198425293,2.2722339630126953,53.287750244140625,54.227874755859375,54.691246032714844,0.0
1562,4,125,6,33.33405303955078,32.025535583496094,34.84464645385742,33.326316833496094,0.7172486186027527,32.96080780029297,33.33405303955078,33.52091979980469,0.0
1563,4,146,6,22.079322814941406,19.158218383789062,22.079322814941406,21.009273529052734,1.2348113059997559,20.360370635986328,21.202573776245117,22.050630569458008,0.05
1564,4,125,6,6.040173530578613,5.616354942321777,6.040173530578613,5.885904788970947,0.02586435154080391,5.794525623321533,5.913451194763184,6.036198139190674,0.0
1565,4,139,6,32.718589782714844,31.343820571899414,32.955291748046875,32.14931869506836,0.4325803518295288,31.57422637939453,32.154788970947266,32.718589782714844,0.0
1566,4,141,6,34.23695373535156,34.0389289855957,36.28840637207031,35.028106689453125,0.872144877910614,34.23695373535156,34.69702911376953,35.946990966796875,0.0
1567,4,122,6,37.698463439941406,35.88521194458008,40.269073486328125,37.92616653442383,1.8867604732513428,37.26645278930664,37.698463439941406,38.587127685546875,0.0
1568,4,143,6,41.29008102416992,33.43688201904297,41.29008102416992,37.87789535522461,9.292808532714844,35.312862396240234,38.30457305908203,40.78787612915039,0.1
1569,4,141,6,25.983457565307617,23.161495208740234,25.983457565307617,24.798770904541016,1.0647672414779663,24.118419647216797,24.90165138244629,25.715688705444336,0.05
1570,4,147,6,32.56393051147461,26.45834732055664,32.56393051147461,30.16339683532715,4.352330684661865,29.462200164794922,30.001529693603516,32.00484848022461,0.05
1571,4,109,6,37.70887756347656,33.89893341064453,40.38800048828125,37.11775207519531,4.888998031616211,35.41805648803711,37.70887756347656,38.187744140625,0.0
1572,4,144,6,27.900772094726562,26.968780517578125,28.2313232421875,27.806198120117188,0.15946516394615173,27.818641662597656,27.900772094726562,28.008398056030273,0.0
1573,4,136,6,40.68689727783203,39.91240692138672,40.77684020996094,40.416954040527344,0.10365423560142517,40.17750930786133,40.49496078491211,40.68689727783203,0.0
1574,4,141,6,69.14894104003906,64.63194274902344,69.14894104003906,67.26046752929688,3.5181589126586914,65.50872802734375,67.91560363769531,68.91212463378906,0.0
1575,4,144,6,37.715484619140625,29.713226318359375,37.715484619140625,34.41726303100586,10.575125694274902,31.471817016601562,35.43171310424805,37.402626037597656,0.1
1576,4,129,6,14.567771911621094,14.011066436767578,15.55811882019043,14.846506118774414,0.2665489614009857,14.567771911621094,14.846893310546875,15.217721939086914,0.0
1577,4,119,6,20.810922622680664,19.37788963317871,20.810922622680664,20.321290969848633,0.2466726154088974,20.139263153076172,20.416831970214844,20.74810218811035,0.0
1578,4,147,6,24.28270721435547,18.985279083251953,24.28270721435547,21.335052490234375,4.535518646240234,19.970537185668945,20.296823501586914,23.289386749267578,0.05
1579,4,127,6,22.81971549987793,21.913101196289062,24.489234924316406,22.974227905273438,0.7675482034683228,22.318574905395508,22.81971549987793,23.443981170654297,0.0
1580,4,154,6,28.340333938598633,22.420513153076172,28.340333938598633,26.021167755126953,5.30141019821167,24.186969757080078,26.787139892578125,28.050508499145508,0.1
1581,4,120,6,21.052024841308594,17.58681869506836,21.052024841308594,19.338598251342773,1.9285967350006104,18.11382293701172,19.311870574951172,20.618865966796875,0.0
1582,4,156,6,19.81268310546875,17.198925018310547,19.81268310546875,18.542537689208984,1.1593384742736816,17.521167755126953,18.542301177978516,19.619247436523438,0.1
1583,4,158,6,20.337997436523438,19.751195907592773,20.337997436523438,20.132034301757812,0.040524132549762726,20.061195373535156,20.16217803955078,20.30388069152832,0.0
1584,4,152,6,42.6419677734375,32.327789306640625,42.6419677734375,39.48701858520508,12.122842788696289,39.15131378173828,40.23182678222656,42.08113098144531,0.0
1585,4,137,6,22.911819458007812,21.72666358947754,23.61766815185547,22.63502311706543,0.36314108967781067,22.25235366821289,22.6851806640625,22.911819458007812,0.0
1586,4,139,6,44.337196350097656,38.15699768066406,44.337196350097656,41.97505187988281,5.248919486999512,40.5352783203125,42.34901428222656,44.1328010559082,0.0
1587,4,158,6,17.962059020996094,17.962059020996094,18.885051727294922,18.403087615966797,0.1400178074836731,18.028438568115234,18.406389236450195,18.74373435974121,0.05
1588,4,149,6,23.617233276367188,22.904216766357422,26.54177474975586,24.671772003173828,1.8186609745025635,23.617233276367188,24.56444549560547,25.75680160522461,0.1
1589,4,130,6,49.90654754638672,40.94612503051758,49.90654754638672,45.57655334472656,14.124675750732422,42.26212692260742,45.28596115112305,49.40688705444336,0.0
1590,4,151,6,28.23782730102539,27.222429275512695,28.35140609741211,28.086078643798828,0.15176896750926971,28.197799682617188,28.23782730102539,28.271350860595703,0.05
1591,4,140,6,37.237632751464844,37.237632751464844,37.68762969970703,37.439720153808594,0.03407607600092888,37.25486755371094,37.430877685546875,37.59904098510742,0.0
1592,4,145,6,33.322959899902344,14.230940818786621,34.226505279541016,26.87308692932129,57.04696273803711,21.643692016601562,29.619157791137695,33.322959899902344,0.1
1593,4,143,6,34.58158874511719,30.789154052734375,36.340301513671875,33.77341842651367,3.179715633392334,32.73255920410156,34.31914520263672,34.58158874511719,0.0
1594,4,127,6,31.703065872192383,28.30450439453125,31.703065872192383,29.946287155151367,1.8595263957977295,28.857585906982422,29.57189178466797,31.323131561279297,0.0
1595,4,155,6,22.476367950439453,20.98474884033203,23.130462646484375,22.268949508666992,0.42361822724342346,22.18325424194336,22.464244842529297,22.476367950439453,0.0
1596,4,133,6,15.116732597351074,12.844114303588867,15.119979858398438,14.658361434936523,0.6737391352653503,14.823099136352539,15.049721717834473,15.116732597351074,0.25
1597,4,135,6,34.489601135253906,29.637269973754883,34.489601135253906,31.85028839111328,3.7149133682250977,30.54475212097168,31.00069808959961,33.685691833496094,0.0
1598,4,124,6,28.17218780517578,21.91619873046875,31.699527740478516,28.660499572753906,11.087718963623047,28.17218780517578,29.37232208251953,31.215940475463867,0.0
1599,4,141,6,42.251708984375,41.38494873046875,43.13188934326172,42.29915237426758,0.2617737054824829,42.251708984375,42.2678337097168,42.43901443481445,0.0
1600,4,109,6,14.348682403564453,14.197591781616211,14.348682403564453,14.312162399291992,0.002830220153555274,14.315559387207031,14.33140754699707,14.348060607910156,0.0
1601,4,146,6,39.62261199951172,36.25244903564453,39.62261199951172,38.454429626464844,1.341954231262207,38.068023681640625,38.61891174316406,39.45170974731445,0.15
1602,4,141,6,75.51606750488281,72.94120788574219,79.39385223388672,76.22795104980469,5.3902482986450195,75.01109313964844,75.51606750488281,78.247314453125,0.0
1603,4,145,6,20.362239837646484,0.0,20.362239837646484,14.732431411743164,47.52875900268555,15.432374954223633,16.21912384033203,19.372760772705078,0.2
1604,4,154,6,40.5091552734375,38.26008224487305,40.589447021484375,39.53091812133789,1.0481404066085815,38.537193298339844,39.70563507080078,40.5091552734375,0.0
1605,4,137,6,26.704071044921875,24.029327392578125,26.704071044921875,25.160907745361328,1.2316834926605225,24.36324691772461,24.614904403686523,26.195886611938477,0.0
1606,4,158,6,38.15294647216797,31.387989044189453,38.15294647216797,35.327247619628906,5.58367395401001,34.23080825805664,35.09187698364258,37.494224548339844,0.05
1607,4,151,6,26.248279571533203,25.90204429626465,27.765933990478516,26.52588653564453,0.3889884650707245,26.167896270751953,26.248279571533203,26.699331283569336,0.0
1608,4,158,6,20.822473526000977,18.814952850341797,20.822473526000977,19.8707218170166,0.5320633053779602,19.507715225219727,19.63678741455078,20.545671463012695,0.0
1609,4,118,6,18.921512603759766,15.665153503417969,18.921512603759766,17.74360466003418,1.2167572975158691,17.42432403564453,17.80514144897461,18.676753997802734,0.0
1610,4,159,6,22.23403549194336,19.935182571411133,23.164642333984375,21.90620994567871,1.2385058403015137,21.308786392211914,22.23403549194336,22.71025276184082,0.0
1611,4,141,6,16.56904411315918,14.95702838897705,16.56904411315918,15.945582389831543,0.45686736702919006,15.350698471069336,16.259906768798828,16.499961853027344,0.1
1612,4,138,6,45.266075134277344,37.23779296875,47.582733154296875,42.48453903198242,14.570121765136719,39.09095001220703,43.2080078125,45.266075134277344,0.0
1613,4,100,6,30.241548538208008,30.116573333740234,30.361726760864258,30.22231101989746,0.0059477840550243855,30.171545028686523,30.22858428955078,30.241548538208008,0.0
1614,4,144,6,36.27862548828125,24.04360580444336,40.39625549316406,34.21799087524414,28.007596969604492,32.44521713256836,36.27862548828125,36.927215576171875,0.0
1615,4,106,6,33.56500244140625,32.48799133300781,33.56500244140625,33.08138656616211,0.23199528455734253,32.63959503173828,33.12655258178711,33.56035614013672,0.0
1616,4,143,6,29.706161499023438,21.145183563232422,29.706161499023438,25.75063705444336,11.108780860900879,22.9775390625,25.971500396728516,28.790321350097656,0.0
1617,4,150,6,27.512527465820312,21.04865264892578,27.512527465820312,24.08734893798828,7.159727573394775,21.807151794433594,23.352657318115234,26.812374114990234,0.0
1618,4,138,6,34.22850036621094,30.404661178588867,35.69255828857422,33.365779876708984,2.825052499771118,32.527748107910156,33.81684875488281,34.22850036621094,0.0
1619,4,142,6,39.32677459716797,32.05487060546875,39.32677459716797,36.49650573730469,7.091419696807861,34.73566818237305,37.073360443115234,38.889007568359375,0.0
1620,4,142,6,21.427288055419922,19.838388442993164,21.427288055419922,20.59149169921875,0.41671276092529297,20.02682876586914,20.491390228271484,21.194236755371094,0.0
1621,4,113,6,64.43214416503906,55.90089416503906,64.43214416503906,61.9517936706543,8.505899429321289,61.60963821411133,62.83541488647461,64.0882339477539,0.0
1622,4,118,6,30.152942657470703,19.01624298095703,30.152942657470703,24.895774841308594,22.595142364501953,20.18973159790039,25.331497192382812,29.632869720458984,0.1
1623,4,142,6,12.395257949829102,8.671957015991211,12.395257949829102,11.358380317687988,1.665305495262146,11.182750701904297,11.843291282653809,12.28625774383545,0.1
1624,4,92,6,78.21552276611328,72.32475280761719,80.24310302734375,77.55488586425781,6.046667098999023,78.02652740478516,78.21552276611328,78.32904052734375,0.0
1625,4,140,6,45.89718246459961,45.66478729248047,45.97502136230469,45.85455322265625,0.013855017721652985,45.76914978027344,45.89718246459961,45.94929122924805,0.0
1626,4,149,6,30.061126708984375,23.23802375793457,30.061126708984375,26.295034408569336,8.127593994140625,23.7965087890625,25.395519256591797,29.1612606048584,0.2
1627,4,154,6,27.782512664794922,26.10283851623535,27.782512664794922,27.18349266052246,0.4028371572494507,26.82476806640625,27.31645965576172,27.770471572875977,0.0
1628,4,139,6,18.68377685546875,12.703641891479492,18.976139068603516,17.202899932861328,4.760522842407227,16.776473999023438,18.192960739135742,18.68377685546875,0.05
1629,4,152,6,15.042205810546875,13.29805850982666,15.086536407470703,14.63209056854248,0.4059443473815918,14.54378890991211,14.969966888427734,15.042205810546875,0.1
1630,4,157,6,34.792091369628906,32.427093505859375,35.64704513549805,34.054771423339844,1.276708960533142,33.125213623046875,34.273555755615234,34.792091369628906,0.0
1631,4,124,6,32.09349822998047,27.83732795715332,32.09349822998047,30.93824005126953,2.176535129547119,30.838590621948242,31.41595458984375,32.01941680908203,0.0
1632,4,127,6,35.948707580566406,29.823843002319336,35.948707580566406,33.19129180908203,4.97756290435791,31.785144805908203,32.91722106933594,35.32904052734375,0.05
1633,4,121,6,11.266741752624512,0.0,11.266741752624512,7.124969005584717,15.100550651550293,5.523410797119141,7.589098930358887,10.499794006347656,0.2
1634,4,83,6,33.155738830566406,29.879222869873047,34.051963806152344,31.834442138671875,2.7535595893859863,30.288305282592773,31.862558364868164,33.155738830566406,0.0
1635,4,138,6,22.575519561767578,20.686473846435547,22.575519561767578,21.594594955444336,0.5727174878120422,20.94295883178711,21.46964454650879,22.316577911376953,0.0
1636,4,150,6,57.61386489868164,56.071163177490234,57.81369400024414,57.1905517578125,0.34458640217781067,56.98705291748047,57.342918395996094,57.61386489868164,0.0
1637,4,138,6,32.862850189208984,26.421390533447266,32.862850189208984,29.52808380126953,6.6941752433776855,27.341915130615234,28.94831085205078,32.12296676635742,0.0
1638,4,155,6,16.788761138916016,14.528104782104492,16.788761138916016,15.7469482421875,0.7281569242477417,15.110824584960938,15.736572265625,16.52621841430664,0.05
1639,4,155,6,18.015459060668945,15.17301082611084,18.015459060668945,17.033138275146484,1.0244206190109253,16.531658172607422,17.321001052856445,17.90511131286621,0.1
1640,4,151,6,20.56134796142578,9.304218292236328,20.56134796142578,17.63182258605957,14.775733947753906,18.29280662536621,18.551349639892578,20.099868774414062,0.15
1641,4,137,6,25.71717071533203,22.489171981811523,25.71717071533203,24.509878158569336,1.1843563318252563,24.26937484741211,24.440134048461914,25.430185317993164,0.05
1642,4,142,6,35.218936920166016,34.28881072998047,38.318302154541016,35.799041748046875,1.5727864503860474,35.218936920166016,35.421897888183594,35.99951934814453,0.0
1643,4,147,6,19.283349990844727,16.999309539794922,20.022205352783203,19.142518997192383,1.010267734527588,19.283349990844727,19.311466217041016,19.780384063720703,0.15
1644,4,142,6,21.065689086914062,18.971790313720703,22.27094268798828,21.157163619995117,1.176546573638916,21.065689086914062,21.25212860107422,21.957366943359375,0.0
1645,4,152,6,22.555908203125,18.91031265258789,22.555908203125,20.600004196166992,2.253467321395874,19.297334671020508,20.189245223999023,22.113773345947266,0.1
1646,4,133,6,16.902175903320312,0.0,17.5634765625,14.351318359375,41.2569465637207,16.902175903320312,17.081029891967773,17.42511749267578,0.25
1647,4,157,6,27.938329696655273,27.938329696655273,28.688068389892578,28.287490844726562,0.08950682729482651,27.984966278076172,28.314720153808594,28.524221420288086,0.0
1648,4,135,6,28.59602928161621,14.303435325622559,28.59602928161621,21.717947006225586,34.659446716308594,16.093372344970703,21.891990661621094,27.570798873901367,0.15
1649,4,133,6,44.59099197387695,43.95306396484375,49.71124267578125,45.90544509887695,4.760896682739258,44.514183044433594,44.59099197387695,47.22109603881836,0.0
1650,4,144,6,32.90540313720703,26.480300903320312,33.14160919189453,31.119108200073242,5.452594757080078,30.45807647705078,31.956073760986328,32.90540313720703,0.05
1651,4,135,6,23.832050323486328,15.891329765319824,23.832050323486328,20.27533721923828,8.967914581298828,18.08838653564453,20.130661010742188,23.227432250976562,0.05
1652,4,120,6,60.48739242553711,60.48739242553711,63.873077392578125,61.35651779174805,1.4058765172958374,60.52134704589844,60.8974723815918,61.415164947509766,0.0
1653,4,142,6,31.14177131652832,27.31341552734375,31.14177131652832,29.382244110107422,2.8243777751922607,27.868741989135742,29.439346313476562,31.07061767578125,0.0
1654,4,143,6,13.307417869567871,0.0,13.307417869567871,10.679010391235352,23.248319625854492,11.772974967956543,13.035289764404297,13.26672077178955,0.25
1655,4,145,6,39.484642028808594,31.961395263671875,39.484642028808594,36.157325744628906,6.974745273590088,35.18474578857422,35.4373893737793,38.50130081176758,0.05
1656,4,149,6,43.04201889038086,38.87266540527344,43.04201889038086,41.16816329956055,2.4819562435150146,39.951751708984375,41.17502212524414,42.69395065307617,0.0
1657,4,146,6,20.08920669555664,18.845314025878906,20.134071350097656,19.834827423095703,0.21014386415481567,19.849519729614258,20.08346176147461,20.08920669555664,0.05
1658,4,140,6,37.084564208984375,29.605571746826172,37.084564208984375,34.53370666503906,8.008021354675293,32.70623779296875,35.73529052734375,36.94255447387695,0.0
1659,4,146,6,24.875337600708008,17.900087356567383,24.875337600708008,21.262353897094727,8.135804176330566,18.61321258544922,20.98301124572754,24.00279998779297,0.1
1660,4,91,6,22.74498176574707,21.96776008605957,22.78840446472168,22.528472900390625,0.09564296156167984,22.356643676757812,22.709381103515625,22.74498176574707,0.1
1661,4,140,6,49.78135299682617,47.12516784667969,50.592899322509766,49.58024597167969,1.3487708568572998,49.677791595458984,49.78135299682617,50.36341094970703,0.0
1662,4,134,6,21.476634979248047,16.79079818725586,21.94051742553711,20.767431259155273,3.255267381668091,21.138696670532227,21.476634979248047,21.78961944580078,0.05
1663,4,155,6,18.811763763427734,17.259174346923828,18.811763763427734,17.982105255126953,0.390019029378891,17.46440887451172,17.80872344970703,18.593135833740234,0.0
1664,4,100,6,24.855018615722656,0.0,24.855018615722656,18.991010665893555,80.63410186767578,18.184772491455078,23.856082916259766,24.777427673339844,0.25
1665,4,143,6,18.679298400878906,16.415023803710938,18.679298400878906,17.7231502532959,0.8202853202819824,16.91878890991211,17.93671417236328,18.57792854309082,0.0
1666,4,149,6,38.04391860961914,35.485145568847656,38.04391860961914,36.5572395324707,1.1659736633300781,35.69190979003906,36.0631103515625,37.60575866699219,0.0
1667,4,157,6,29.930160522460938,23.182973861694336,29.930160522460938,27.44694709777832,5.117719650268555,27.13944435119629,27.25235366821289,29.284610748291016,0.05
1668,4,155,6,20.364030838012695,15.829255104064941,21.685039520263672,18.937475204467773,4.324192047119141,17.249839782714844,19.46904754638672,20.364030838012695,0.05
1669,4,119,6,23.506885528564453,23.46591567993164,23.592384338378906,23.519535064697266,0.0014200934674590826,23.506885528564453,23.51462173461914,23.522674560546875,0.0
1670,4,148,6,49.053077697753906,43.77003479003906,49.053077697753906,46.263675689697266,4.446122646331787,44.52809143066406,45.753440856933594,48.28767013549805,0.0
1671,4,158,6,15.429887771606445,11.041059494018555,15.429887771606445,13.580140113830566,2.679020643234253,12.501723289489746,13.575922012329102,15.17977523803711,0.05
1672,4,124,6,36.49430847167969,29.772239685058594,39.461997985839844,34.03173065185547,13.447973251342773,30.442005157470703,34.28080368041992,36.49430847167969,0.0
1673,4,139,6,16.694438934326172,16.694438934326172,17.789474487304688,17.181962966918945,0.21903087198734283,16.71962547302246,17.11038589477539,17.62588882446289,0.0
1674,4,144,6,21.741241455078125,18.63226318359375,21.741241455078125,20.708927154541016,1.08958899974823,20.5478572845459,20.829105377197266,21.5330810546875,0.05
1675,4,151,6,30.800321578979492,20.349185943603516,30.800321578979492,27.402793884277344,14.712471008300781,25.481008529663086,29.091690063476562,30.37774658203125,0.05
1676,4,147,6,27.932315826416016,24.86081314086914,27.932315826416016,26.549671173095703,1.2219938039779663,25.945878982543945,26.33196258544922,27.600833892822266,0.0
1677,4,146,6,20.327896118164062,17.062480926513672,20.327896118164062,19.186656951904297,1.366921067237854,18.574291229248047,19.52686309814453,20.196016311645508,0.0
1678,4,126,6,27.013147354125977,0.0,27.013147354125977,19.310707092285156,88.43724822998047,17.84426498413086,22.21917724609375,26.574880599975586,0.15
1679,4,151,6,24.700054168701172,0.0,24.967079162597656,18.175655364990234,77.1698989868164,17.292675018310547,21.07240867614746,24.700054168701172,0.15
1680,4,136,6,38.516632080078125,24.251615524291992,38.516632080078125,32.635643005371094,24.247873306274414,30.720417022705078,32.112152099609375,36.95164108276367,0.0
1681,4,142,6,16.493606567382812,13.25193977355957,16.493606567382812,15.541975975036621,1.3813878297805786,15.084870338439941,16.079566955566406,16.46529197692871,0.1
1682,4,156,6,11.091365814208984,0.0,11.11915111541748,8.802380561828613,16.18535041809082,9.260680198669434,10.919303894042969,11.091365814208984,0.15
1683,4,150,6,28.418180465698242,28.418180465698242,30.817827224731445,29.908710479736328,1.119173288345337,28.93931007385254,30.57040786743164,30.652477264404297,0.25
1684,4,154,6,16.927104949951172,15.949301719665527,19.604808807373047,17.43838882446289,1.2716970443725586,16.927104949951172,17.1381893157959,17.74187469482422,0.15
1685,4,154,6,18.68539810180664,0.0,18.68539810180664,14.48103141784668,43.16107940673828,15.817350387573242,16.996196746826172,18.337045669555664,0.2
1686,4,149,6,20.725679397583008,18.61798095703125,20.725679397583008,19.554088592529297,0.723379373550415,18.963804244995117,19.15945816040039,20.36239242553711,0.2
1687,4,130,6,31.453264236450195,27.03213119506836,31.453264236450195,29.49917984008789,3.065668821334839,27.99496078491211,29.667264938354492,31.220035552978516,0.0
1688,4,149,6,24.615934371948242,24.615934371948242,26.26311492919922,25.39968490600586,0.46483662724494934,24.73680877685547,25.33462142944336,26.06786346435547,0.25
1689,4,152,6,14.098060607910156,13.765856742858887,14.667969703674316,14.131221771240234,0.08610207587480545,13.926836013793945,14.098060607910156,14.240232467651367,0.0
1690,4,140,6,44.658775329589844,39.103370666503906,44.658775329589844,41.55329132080078,5.224661350250244,39.77554702758789,40.589317321777344,43.80333709716797,0.0
1691,4,151,6,14.519815444946289,12.533560752868652,14.519815444946289,13.812485694885254,0.511500895023346,13.417831420898438,14.004863739013672,14.443456649780273,0.15
1692,4,123,6,48.45331573486328,48.45331573486328,52.75889587402344,50.778465270996094,3.168332576751709,49.01548767089844,51.17726135253906,52.401187896728516,0.05
1693,4,109,6,14.190436363220215,0.0,14.190436363220215,10.5512113571167,24.861160278320312,10.173254013061523,12.7740478515625,13.890320777893066,0.2
1694,4,136,6,47.20965576171875,46.311649322509766,51.15495681762695,47.88920974731445,2.3555855751037598,47.20965576171875,47.45143508911133,47.74039840698242,0.0
1695,4,119,6,23.359386444091797,21.671045303344727,23.359386444091797,22.571231842041016,0.5192521214485168,21.945556640625,22.551496505737305,23.300668716430664,0.0
1696,4,147,6,11.576274871826172,9.971109390258789,11.576274871826172,11.210233688354492,0.3214394450187683,11.284674644470215,11.434209823608398,11.56662654876709,0.25
1697,4,142,6,19.447162628173828,19.447162628173828,24.10306167602539,21.68992805480957,3.659804105758667,19.74192237854004,21.88459014892578,23.31549835205078,0.05
1698,4,118,6,53.57610321044922,48.50141143798828,53.57610321044922,51.267066955566406,3.6379880905151367,49.850128173828125,51.163841247558594,53.12968444824219,0.0
1699,4,120,6,3.183980703353882,0.0,3.183980703353882,2.347844362258911,1.1879541873931885,2.450389862060547,2.645169973373413,3.081754446029663,0.25
1700,4,131,6,30.470449447631836,28.429508209228516,31.7503719329834,30.653575897216797,1.2323493957519531,30.470449447631836,30.847156524658203,31.48857307434082,0.0
1701,4,152,6,28.014205932617188,26.62406349182129,31.18073272705078,28.96295166015625,2.395596504211426,28.014205932617188,28.857669830322266,30.107812881469727,0.05
1702,4,116,6,33.49106979370117,29.086994171142578,33.49106979370117,31.963294982910156,3.138232707977295,30.596851348876953,32.816505432128906,33.48792266845703,0.0
1703,4,159,6,20.392452239990234,20.392452239990234,20.615787506103516,20.467514038085938,0.00785797368735075,20.39919090270996,20.420013427734375,20.528430938720703,0.0
1704,4,125,6,23.546052932739258,22.588016510009766,23.546052932739258,23.167945861816406,0.13294480741024017,22.89695167541504,23.274555206298828,23.48369598388672,0.0
1705,4,158,6,16.572067260742188,12.229345321655273,16.572067260742188,14.325315475463867,3.4297165870666504,12.66537094116211,13.970199584960938,16.22728729248047,0.05
1706,4,158,6,26.968475341796875,22.98154640197754,26.968475341796875,24.682430267333984,2.932483196258545,23.138568878173828,24.068740844726562,26.40110969543457,0.0
1707,4,118,6,81.01457214355469,74.65347290039062,81.01457214355469,77.21000671386719,7.342203140258789,75.39936065673828,75.60826110839844,79.68635559082031,0.0
1708,4,157,6,14.280587196350098,11.199224472045898,14.481714248657227,13.042762756347656,1.8800632953643799,11.732892036437988,13.418248176574707,14.280587196350098,0.0
1709,4,136,6,32.06481170654297,29.820175170898438,32.06481170654297,30.91092300415039,0.7583900690078735,30.3095703125,30.60898780822754,31.766857147216797,0.0
1710,4,134,6,36.431888580322266,34.240142822265625,36.431888580322266,35.52262878417969,0.8512284755706787,34.64962387084961,35.80704879760742,36.391136169433594,0.0
1711,4,124,6,21.41156578063965,16.278011322021484,21.41156578063965,18.870847702026367,5.736652851104736,16.443618774414062,18.916259765625,21.291757583618164,0.1
1712,4,72,6,62.23322296142578,60.84431076049805,62.29114532470703,61.80028533935547,0.2684127688407898,61.592262268066406,61.924198150634766,62.23322296142578,0.0
1713,4,154,6,26.731407165527344,25.078079223632812,27.0518798828125,26.269855499267578,0.47771504521369934,25.827247619628906,26.558229446411133,26.731407165527344,0.0
1714,4,148,6,26.532630920410156,26.012113571166992,27.614295959472656,26.713136672973633,0.24216929078102112,26.532630920410156,26.56863784790039,26.888038635253906,0.0
1715,4,115,6,32.189266204833984,26.3763427734375,33.12548065185547,31.0151424407959,5.470932483673096,30.305009841918945,32.189266204833984,32.4474983215332,0.0
1716,4,143,6,30.511810302734375,23.048099517822266,32.15157699584961,30.009077072143555,10.149078369140625,30.511810302734375,31.117563247680664,32.01171875,0.05
1717,4,151,6,36.36478805541992,30.94064712524414,36.36478805541992,33.675567626953125,4.383522987365723,32.02587127685547,33.3508186340332,35.68428421020508,0.0
1718,4,128,6,18.294025421142578,18.2166748046875,18.98263931274414,18.456817626953125,0.07629793137311935,18.290939331054688,18.294025421142578,18.571226119995117,0.0
1719,4,139,6,47.438934326171875,45.470863342285156,49.42057800292969,47.831600189208984,1.643133282661438,47.438934326171875,47.85125732421875,48.78343200683594,0.0
1720,4,122,6,20.24124526977539,19.99747085571289,20.308923721313477,20.212188720703125,0.010399529710412025,20.210735321044922,20.24124526977539,20.2730770111084,0.0
1721,4,151,6,30.380779266357422,27.831989288330078,30.881866455078125,29.834123611450195,0.9562808871269226,29.709815979003906,30.127565383911133,30.380779266357422,0.0
1722,4,116,6,18.989349365234375,18.989349365234375,21.556365966796875,19.97752571105957,0.9807618260383606,19.042917251586914,19.744766235351562,20.701894760131836,0.0
1723,4,154,6,23.246051788330078,16.609676361083984,23.246051788330078,19.711750030517578,6.647058963775635,18.304100036621094,18.43911361694336,22.067867279052734,0.05
1724,4,129,6,20.594642639160156,0.0,20.594642639160156,14.607510566711426,49.97849655151367,14.001433372497559,16.248126983642578,20.038253784179688,0.15
1725,4,156,6,18.926376342773438,14.165703773498535,20.194934844970703,17.787811279296875,4.092657566070557,16.699365615844727,18.64892578125,18.926376342773438,0.0
1726,4,135,6,50.60301971435547,47.22154235839844,50.60301971435547,48.79024887084961,1.8872179985046387,47.66455841064453,48.35687255859375,50.166263580322266,0.0
1727,4,146,6,13.245782852172852,0.0,13.652931213378906,10.620782852172852,23.391719818115234,11.31058120727539,12.99746036529541,13.245782852172852,0.25
1728,4,120,6,52.169097900390625,47.97832489013672,52.169097900390625,51.186256408691406,2.3518757820129395,50.99352264404297,52.07842254638672,52.15564727783203,0.0
1729,4,128,6,25.951522827148438,22.51314926147461,26.348600387573242,25.267019271850586,1.6614837646484375,25.248292922973633,25.85546112060547,25.951522827148438,0.0
1730,4,105,6,52.56864929199219,44.66148376464844,52.56864929199219,48.11942672729492,10.935917854309082,45.20934295654297,47.12647247314453,51.27900314331055,0.0
1731,4,127,6,30.596031188964844,25.457639694213867,30.596031188964844,27.969141006469727,4.660795211791992,26.0683536529541,27.570308685302734,30.18221664428711,0.05
1732,4,142,6,18.144916534423828,0.0,18.144916534423828,13.14262580871582,37.91004180908203,13.551512718200684,14.658123016357422,17.32349395751953,0.2
1733,4,153,6,27.048336029052734,23.37146759033203,27.282329559326172,25.970766067504883,1.9369630813598633,25.300758361816406,26.529003143310547,27.048336029052734,0.0
1734,4,144,6,65.4845199584961,62.45952606201172,66.65310668945312,64.80738067626953,2.2460155487060547,63.69710159301758,65.4845199584961,65.61711883544922,0.0
1735,4,111,6,21.849088668823242,10.238529205322266,21.849088668823242,16.87112045288086,19.078563690185547,13.887420654296875,16.799354553222656,21.167556762695312,0.05
1736,4,138,6,28.093461990356445,26.856138229370117,28.40800666809082,27.784259796142578,0.24850206077098846,27.62548065185547,27.86212158203125,28.093461990356445,0.0
1737,4,148,6,22.001482009887695,21.39128875732422,22.639877319335938,22.047544479370117,0.14570273458957672,21.948089599609375,22.001482009887695,22.24100685119629,0.0
1738,4,149,6,23.890625,23.890625,24.654037475585938,24.289899826049805,0.11099442839622498,23.947263717651367,24.34835433959961,24.600439071655273,0.0
1739,4,154,6,34.992637634277344,29.513011932373047,34.992637634277344,31.74368667602539,5.4223103523254395,30.003692626953125,30.571670532226562,33.891990661621094,0.0
1740,4,146,6,22.5911808013916,19.735872268676758,22.5911808013916,20.931379318237305,1.4667789936065674,19.94568634033203,20.380857467651367,22.11937141418457,0.15
1741,4,145,6,55.68383026123047,55.24760437011719,58.44205856323242,56.349609375,1.1542365550994873,55.68383026123047,55.88178253173828,56.740379333496094,0.0
1742,4,97,6,5.6034955978393555,4.181415557861328,5.644204139709473,5.034380912780762,0.3979722559452057,4.413623332977295,5.268381595611572,5.6034955978393555,0.15
1743,4,112,6,19.064167022705078,17.36449432373047,19.064167022705078,18.270586013793945,0.41719362139701843,17.76898956298828,18.252723693847656,18.874427795410156,0.0
1744,4,154,6,16.52322769165039,13.971454620361328,16.52322769165039,15.722249031066895,0.8633687496185303,15.283681869506836,16.109127044677734,16.486299514770508,0.05
1745,4,140,6,37.29487609863281,34.97734832763672,37.39988708496094,36.48930358886719,0.8558676838874817,35.82150650024414,36.802555084228516,37.29487609863281,0.0
1746,4,144,6,36.60740661621094,33.087867736816406,38.40083694458008,35.597412109375,3.6858768463134766,33.803977966308594,36.16044998168945,36.60740661621094,0.0
1747,4,153,6,23.93691635131836,23.64425277709961,25.293582916259766,24.51673126220703,0.4712072014808655,23.93691635131836,24.523624420166016,25.161376953125,0.05
1748,4,156,6,37.918357849121094,37.918357849121094,41.421592712402344,39.25733184814453,1.942137598991394,37.99005889892578,38.760414123535156,40.402557373046875,0.0
1749,4,146,6,8.368620872497559,0.0,8.53546142578125,6.72313928604126,9.440282821655273,7.107904434204102,8.368620872497559,8.376004219055176,0.25
1750,4,106,6,32.661476135253906,25.004356384277344,37.362186431884766,32.04521179199219,13.13157844543457,32.200523376464844,32.566551208496094,32.661476135253906,0.0
1751,4,156,6,20.01064682006836,18.270898818969727,20.01064682006836,19.363691329956055,0.46045348048210144,18.888338088989258,19.537185668945312,19.999927520751953,0.05
1752,4,104,6,39.38957595825195,39.38957595825195,50.5632209777832,45.41169738769531,20.13609504699707,41.14693069458008,46.73357009887695,49.007545471191406,0.0
1753,4,115,6,23.952360153198242,23.59481430053711,24.50448989868164,24.030323028564453,0.07522205263376236,23.952360153198242,23.973493576049805,24.136125564575195,0.0
1754,4,60,6,71.11178588867188,60.051658630371094,71.11178588867188,66.60070037841797,14.39166259765625,65.34904479980469,66.04022216796875,69.94129180908203,0.0
1755,4,131,6,2.747520685195923,0.0,2.747520685195923,1.9480482339859009,0.8530052900314331,2.029616355895996,2.088318109512329,2.587642192840576,0.2
1756,4,143,6,8.140630722045898,7.9399003982543945,8.525611877441406,8.27507495880127,0.04717684164643288,8.140630722045898,8.262121200561523,8.485950469970703,0.1
1757,4,140,6,23.21526336669922,23.21526336669922,24.984193801879883,24.205638885498047,0.5305739641189575,23.502769470214844,24.469730377197266,24.803287506103516,0.0
1758,4,73,6,30.696334838867188,30.05980682373047,33.836448669433594,31.321609497070312,1.6254067420959473,30.61991310119629,30.696334838867188,31.70880126953125,0.15
1759,4,158,6,19.14142608642578,19.022764205932617,20.142436981201172,19.613407135009766,0.263345330953598,19.14142608642578,19.62364387512207,20.12136459350586,0.05
1760,4,112,6,4.083914756774902,0.0,4.083914756774902,3.100621223449707,2.155939817428589,2.96889066696167,3.8777103424072266,4.043258190155029,0.1
1761,4,89,6,32.42450714111328,28.534208297729492,33.22153854370117,32.09621047973633,2.639098644256592,32.42450714111328,32.60509490966797,33.08654022216797,0.0
1762,4,146,6,56.43940734863281,56.43940734863281,59.81455993652344,57.69804000854492,2.0582029819488525,56.55817413330078,56.95176315307617,58.940773010253906,0.0
1763,4,151,6,59.247528076171875,54.10175704956055,59.247528076171875,56.69912338256836,3.705958127975464,55.54582214355469,56.06010055541992,58.528175354003906,0.0
1764,4,138,6,26.211807250976562,21.409034729003906,26.211807250976562,23.850669860839844,3.3469560146331787,22.514192581176758,23.46026611328125,25.637924194335938,0.0
1765,4,148,6,16.95136260986328,16.95136260986328,18.041189193725586,17.395065307617188,0.15240591764450073,17.023834228515625,17.40320587158203,17.606338500976562,0.25
1766,4,159,6,25.206998825073242,17.607341766357422,25.206998825073242,20.92766571044922,10.279369354248047,18.043758392333984,19.905521392822266,24.11446189880371,0.1
1767,4,136,6,27.376970291137695,22.108749389648438,27.376970291137695,25.009984970092773,4.235900402069092,23.23598289489746,25.20476531982422,26.989896774291992,0.1
1768,4,144,6,10.775032997131348,0.0,10.775032997131348,8.331716537475586,14.26318645477295,9.257560729980469,9.597601890563965,10.55628776550293,0.25
1769,4,125,6,23.62576675415039,0.0,23.62576675415039,18.539419174194336,70.30253601074219,20.388381958007812,21.998249053955078,23.321430206298828,0.2
1770,4,158,6,33.28254699707031,25.46682357788086,33.28254699707031,30.892677307128906,7.843281269073486,29.801555633544922,32.1018180847168,33.05164337158203,0.0
1771,4,154,6,0.0,0.0,12.170440673828125,7.549216270446777,28.950435638427734,2.488483190536499,10.763256072998047,11.591903686523438,0.25
1772,4,112,6,33.02469253540039,28.038251876831055,33.09824752807617,31.482952117919922,4.097343444824219,30.100215911865234,32.69599914550781,33.02469253540039,0.0
1773,4,156,6,24.8736515045166,22.886363983154297,24.8736515045166,24.081462860107422,0.4722733795642853,23.81719398498535,24.021831512451172,24.707544326782227,0.0
1774,4,157,6,21.842811584472656,18.366273880004883,21.842811584472656,20.506162643432617,1.6049195528030396,19.711044311523438,20.732521057128906,21.677349090576172,0.1
1775,4,145,6,13.699386596679688,0.0,13.699386596679688,10.101950645446777,22.067190170288086,10.4354887008667,11.455589294433594,13.293159484863281,0.25
1776,4,154,6,19.09005355834961,13.93246078491211,19.09005355834961,16.222919464111328,4.5578837394714355,14.422660827636719,15.474384307861328,18.339208602905273,0.2
1777,4,156,6,23.265647888183594,21.21270751953125,23.265647888183594,22.179821014404297,0.773952841758728,21.350967407226562,22.018001556396484,23.081457138061523,0.0
1778,4,138,6,42.337860107421875,42.337860107421875,45.46806335449219,44.173973083496094,1.7374688386917114,42.94103240966797,44.83183670043945,45.15557861328125,0.0
1779,4,140,6,26.1353702545166,19.011625289916992,26.1353702545166,22.93533706665039,9.621930122375488,20.192108154296875,23.121118545532227,26.035547256469727,0.05
1780,4,114,6,34.07938003540039,3.801696538925171,34.07938003540039,20.194114685058594,171.84378051757812,6.871104717254639,22.57927894592285,33.01232147216797,0.1
1781,4,141,6,21.4762020111084,21.44081687927246,23.67776870727539,22.09981918334961,0.7049449682235718,21.4762020111084,21.626728057861328,22.507320404052734,0.0
1782,4,141,6,24.612998962402344,23.550329208374023,25.674732208251953,24.646453857421875,0.38560041785240173,24.578094482421875,24.612998962402344,24.799156188964844,0.0
1783,4,150,6,12.80197525024414,7.330627918243408,12.80197525024414,10.63815689086914,5.115467071533203,8.590219497680664,11.49096393585205,12.691067695617676,0.15
1784,4,136,6,24.66569709777832,0.0,24.66569709777832,17.628297805786133,70.55850219726562,17.315990447998047,19.71010971069336,23.80196762084961,0.15
1785,4,112,6,49.600746154785156,34.94450378417969,49.600746154785156,44.25459671020508,26.445476531982422,41.87079620361328,45.33202362060547,48.533935546875,0.05
1786,4,133,6,33.791412353515625,30.300403594970703,33.812015533447266,32.6398811340332,2.5718984603881836,31.259056091308594,33.74468994140625,33.791412353515625,0.1
1787,4,154,6,19.966350555419922,19.644912719726562,22.868907928466797,20.995004653930664,1.4419833421707153,19.966350555419922,20.80751609802246,21.81829071044922,0.1
1788,4,119,6,62.768455505371094,57.639923095703125,63.750492095947266,61.05623245239258,5.695174694061279,58.85901641845703,62.082759857177734,62.768455505371094,0.0
1789,4,138,6,11.863493919372559,0.0,12.397311210632324,9.976005554199219,20.01102638244629,11.523894309997559,11.863493919372559,12.20665454864502,0.25
1790,4,140,6,34.74358367919922,34.74358367919922,39.94564437866211,37.42528533935547,3.9576199054718018,35.5767822265625,38.147064208984375,38.67300796508789,0.05
1791,4,154,6,16.80902099609375,16.20661163330078,17.54831886291504,17.033424377441406,0.22702349722385406,16.80902099609375,17.05739402770996,17.46780014038086,0.05
1792,4,139,6,26.96457290649414,25.597454071044922,26.96457290649414,26.41280174255371,0.25908368825912476,26.048667907714844,26.51918601989746,26.868234634399414,0.0
1793,4,73,6,17.995410919189453,17.778263092041016,18.337684631347656,18.056005477905273,0.028919046744704247,17.995410919189453,18.036270141601562,18.13338279724121,0.0
1794,4,139,6,31.423540115356445,26.481321334838867,31.423540115356445,28.529624938964844,4.6282806396484375,26.596948623657227,27.674219131469727,30.68349838256836,0.1
1795,4,149,6,17.441041946411133,0.0,17.441041946411133,14.073527336120605,39.79351043701172,16.3862247467041,16.606233596801758,17.257631301879883,0.25
1796,4,141,6,21.09290885925293,21.09290885925293,21.995807647705078,21.472248077392578,0.13121472299098969,21.116039276123047,21.429935455322266,21.76259994506836,0.0
1797,4,126,6,48.046661376953125,45.16461944580078,48.09656524658203,47.41718673706055,1.1309165954589844,47.34846496582031,48.03632354736328,48.046661376953125,0.0
1798,4,133,6,34.3668327331543,32.620513916015625,34.3668327331543,33.54212188720703,0.4821071922779083,32.923179626464844,33.549034118652344,34.22681427001953,0.0
1799,4,155,6,26.94011688232422,21.862266540527344,26.94011688232422,25.077184677124023,3.146819591522217,24.2525577545166,25.344554901123047,26.648426055908203,0.05
1800,4,138,6,38.292449951171875,29.478912353515625,38.292449951171875,35.08714294433594,10.113985061645508,33.45095443725586,35.606201171875,38.00646209716797,0.0
1801,4,139,6,43.20567321777344,40.411582946777344,43.20567321777344,41.58757019042969,1.3534694910049438,40.77861022949219,40.96302032470703,42.689483642578125,0.0
1802,4,151,6,37.25102233886719,34.61595916748047,37.25102233886719,36.45672607421875,1.0038340091705322,35.91963195800781,37.00711441040039,37.2282829284668,0.0
1803,4,114,6,10.827034950256348,0.0,10.827034950256348,8.130030632019043,14.099183082580566,8.412517547607422,9.53310775756836,10.51923656463623,0.25
1804,4,137,6,21.92055892944336,20.99800682067871,22.52526092529297,21.733806610107422,0.2690003216266632,21.3306941986084,21.908428192138672,21.92055892944336,0.1
1805,4,141,6,25.53368377685547,25.458316802978516,26.492523193359375,25.883020401000977,0.179604172706604,25.53368377685547,25.700050354003906,26.276729583740234,0.0
1807,4,76,6,69.93488311767578,68.20084381103516,70.24466705322266,69.3927230834961,0.6838237643241882,68.65113830566406,69.84710693359375,69.93488311767578,0.0
1808,4,97,6,29.20905303955078,9.726778030395508,29.30497932434082,22.711299896240234,57.572261810302734,17.568222045898438,26.149757385253906,29.20905303955078,0.1
1809,4,139,6,24.27177619934082,22.33942222595215,26.896770477294922,25.17927360534668,2.8293700218200684,24.27177619934082,25.451580047607422,26.656232833862305,0.0
1810,4,117,6,30.936235427856445,29.141239166259766,30.936235427856445,30.18834686279297,0.38581445813179016,29.954612731933594,30.086685180664062,30.748159408569336,0.05
1811,4,120,6,14.141691207885742,13.319063186645508,14.500741004943848,13.94809627532959,0.1856096088886261,13.594696998596191,14.141691207885742,14.165193557739258,0.0
1812,4,96,6,49.68451690673828,28.728256225585938,51.83112335205078,43.10074234008789,71.12409210205078,37.43577194213867,46.41351318359375,49.68451690673828,0.05
1813,4,143,6,19.715810775756836,16.642475128173828,20.116031646728516,18.287891387939453,2.4573774337768555,16.761106491088867,18.249717712402344,19.715810775756836,0.15
1814,4,120,6,50.71308135986328,37.38813018798828,50.71308135986328,45.310970306396484,21.06422996520996,43.686920166015625,44.69281005859375,49.4437255859375,0.05
1815,4,118,6,22.040454864501953,17.748510360717773,22.040454864501953,19.823034286499023,2.7477056980133057,18.658985137939453,19.31378936767578,21.3891544342041,0.0
1816,4,147,6,22.431236267089844,20.650333404541016,22.525218963623047,22.010101318359375,0.4206043779850006,21.928678512573242,22.303876876831055,22.431236267089844,0.0
1817,4,112,6,36.236000061035156,32.29753112792969,40.72345733642578,35.94649887084961,7.674980640411377,33.851707458496094,36.236000061035156,36.905792236328125,0.0
1818,4,123,6,52.34212875366211,50.51751708984375,52.34212875366211,51.38319778442383,0.5764403939247131,50.677276611328125,51.251190185546875,52.15118408203125,0.0
1819,4,148,6,49.273643493652344,42.03351593017578,49.273643493652344,45.864830017089844,7.390155792236328,44.08955383300781,45.27033996582031,48.55146789550781,0.0
1820,4,123,6,57.899993896484375,50.28527069091797,57.899993896484375,53.707275390625,9.58353042602539,51.39508819580078,52.39315414428711,56.75555419921875,0.0
1821,4,150,6,26.327102661132812,21.87150764465332,26.327102661132812,24.427717208862305,2.417948007583618,23.753623962402344,24.184606552124023,25.837541580200195,0.0
1822,4,149,6,59.118927001953125,59.118927001953125,62.193214416503906,59.94276809692383,1.0996266603469849,59.232643127441406,59.66054153442383,59.86516189575195,0.0
1823,4,116,6,23.841978073120117,0.0,23.841978073120117,18.597524642944336,70.54232788085938,20.941843032836914,21.575448989868164,23.29008674621582,0.2
1824,4,127,6,41.68552780151367,36.760284423828125,41.68552780151367,38.936222076416016,4.155300140380859,37.22425842285156,38.311649322509766,40.84272766113281,0.0
1825,4,141,6,14.855632781982422,11.061738967895508,14.855632781982422,13.310416221618652,2.1983730792999268,12.215730667114258,13.488143920898438,14.754968643188477,0.05
1826,4,118,6,26.929956436157227,0.0,27.445232391357422,19.84636116027832,93.02469635009766,18.15081024169922,23.643932342529297,26.929956436157227,0.15
1827,4,139,6,51.18278884887695,51.18278884887695,54.546443939208984,52.28007888793945,1.335218071937561,51.35838317871094,51.98359680175781,52.62145233154297,0.0
1828,4,152,6,12.580587387084961,8.448160171508789,12.60699462890625,11.607544898986816,2.4136533737182617,11.263368606567383,12.580587387084961,12.598628997802734,0.0
1829,4,92,6,27.019119262695312,24.43254280090332,27.019119262695312,26.50752830505371,0.8733754754066467,26.750295639038086,26.941972732543945,27.002864837646484,0.05
1830,4,158,6,26.736854553222656,17.796321868896484,26.736854553222656,22.011812210083008,15.017781257629395,18.217222213745117,21.458946228027344,25.97710609436035,0.0
1831,4,110,6,126.73161315917969,110.76054382324219,126.73161315917969,119.97410583496094,30.413654327392578,118.385986328125,118.63400268554688,124.7443618774414,0.0
1832,4,145,6,48.10687255859375,45.816673278808594,48.10687255859375,47.16566848754883,0.7963218092918396,46.46286392211914,47.311710357666016,48.028282165527344,0.0
1833,4,135,6,45.63817596435547,40.48444366455078,45.63817596435547,43.44248962402344,4.114034175872803,41.884220123291016,43.56722640991211,45.447792053222656,0.0
1834,4,157,6,21.98473358154297,20.014942169189453,21.98473358154297,20.99960708618164,0.6472330689430237,20.245405197143555,20.99742889404297,21.755645751953125,0.0
1835,4,121,6,39.39532470703125,37.87968826293945,41.36463928222656,39.288394927978516,1.119415044784546,38.812442779541016,39.15675735473633,39.39532470703125,0.0
1836,4,105,6,33.371253967285156,0.0,33.371253967285156,26.325626373291016,140.50291442871094,29.942188262939453,30.69723892211914,32.797454833984375,0.2
1837,4,133,6,13.636242866516113,3.621373414993286,13.636242866516113,8.83303165435791,15.463007926940918,5.421071529388428,8.785386085510254,12.598970413208008,0.1
1838,4,158,6,48.6927490234375,44.03974151611328,48.6927490234375,46.66606521606445,2.7664504051208496,45.70685577392578,46.545955657958984,48.19511413574219,0.0
1839,4,109,6,59.044708251953125,49.76750946044922,59.044708251953125,54.691043853759766,16.284908294677734,50.70880126953125,55.062713623046875,58.72901153564453,0.0
1840,4,126,6,29.533889770507812,28.770328521728516,34.64619445800781,30.513370513916016,4.358701705932617,29.04334259033203,29.533889770507812,31.170543670654297,0.0
1841,4,121,6,88.06149291992188,86.28721618652344,90.14651489257812,88.6695556640625,1.8079257011413574,88.06149291992188,88.88667297363281,89.73955535888672,0.0
1842,4,148,6,12.130561828613281,0.0,12.130561828613281,8.274563789367676,17.01499366760254,7.468094348907471,9.088506698608398,11.581012725830078,0.2
1843,4,136,6,22.86014747619629,18.037425994873047,22.86014747619629,20.79826545715332,4.066545486450195,18.857311248779297,21.368616104125977,22.693082809448242,0.05
1844,4,149,6,16.68059730529785,14.064455032348633,16.68059730529785,15.465554237365723,1.100799322128296,14.516261100769043,15.518840789794922,16.501102447509766,0.2
1845,4,149,6,37.241783142089844,35.310665130615234,37.241783142089844,36.74957275390625,0.4376157224178314,36.87895965576172,36.915138244628906,37.164649963378906,0.0
1846,4,123,6,16.727867126464844,0.0,16.727867126464844,10.795206069946289,37.255306243896484,7.269745826721191,12.522893905639648,16.23988914489746,0.15
1847,4,124,6,37.442054748535156,27.315235137939453,37.86248779296875,34.024261474609375,22.383934020996094,29.71436882019043,37.0694694519043,37.442054748535156,0.0
1848,4,104,6,42.88817596435547,42.88817596435547,47.37748336791992,44.68647766113281,2.976102590560913,43.09992980957031,44.23939514160156,46.050575256347656,0.0
1849,4,151,6,26.713430404663086,26.480562210083008,27.822275161743164,27.013391494750977,0.2774806320667267,26.68699836730957,26.713430404663086,27.432701110839844,0.0
1850,4,149,6,22.779449462890625,19.843772888183594,23.914630889892578,22.206823348999023,2.0672073364257812,21.22846031188965,22.779449462890625,23.103992462158203,0.0
1851,4,144,6,25.706933975219727,25.54007911682129,26.62344741821289,26.041013717651367,0.16425058245658875,25.706933975219727,26.018539428710938,26.336444854736328,0.0
1852,4,157,6,19.88737678527832,11.27020263671875,19.88737678527832,15.632489204406738,11.836217880249023,12.557565689086914,15.39544677734375,19.02500343322754,0.1
1853,4,140,6,26.396835327148438,23.827669143676758,26.396835327148438,25.035654067993164,1.008147120475769,24.348451614379883,24.671062469482422,25.972549438476562,0.1
1854,4,148,6,23.68253517150879,23.226810455322266,25.911266326904297,24.324199676513672,0.8429741859436035,23.68253517150879,24.04509735107422,24.87770652770996,0.0
1855,4,144,6,31.715534210205078,31.153980255126953,32.66392517089844,31.81866455078125,0.19795852899551392,31.715534210205078,31.738380432128906,31.866647720336914,0.05
1856,4,135,6,33.25139617919922,32.40752410888672,35.74921417236328,33.847198486328125,1.629392147064209,33.03644561767578,33.25139617919922,34.90699005126953,0.0
1857,4,124,6,17.947921752929688,16.92426300048828,18.224300384521484,17.714265823364258,0.18451419472694397,17.510986328125,17.893861770629883,17.947921752929688,0.05
1858,4,148,6,29.466873168945312,28.1015625,29.466873168945312,28.960464477539062,0.2900348901748657,28.53465461730957,29.18050765991211,29.43060302734375,0.0
1859,4,156,6,20.83903694152832,20.34355354309082,20.95970916748047,20.714405059814453,0.05413525551557541,20.541500091552734,20.83903694152832,20.856834411621094,0.0
1860,4,142,6,14.642708778381348,0.0,14.642708778381348,11.31964111328125,26.989612579345703,11.798103332519531,13.737383842468262,14.420867919921875,0.2
1861,4,157,6,26.136293411254883,20.287479400634766,27.945297241210938,24.452896118164062,6.574977397918701,22.8306827545166,24.89647674560547,26.136293411254883,0.15
1862,4,128,6,37.00309753417969,32.767234802246094,37.00309753417969,34.674747467041016,3.007459878921509,33.2209587097168,34.11107635498047,36.37657165527344,0.0
1863,4,150,6,28.184871673583984,25.452960968017578,28.4146728515625,27.36251449584961,1.0965057611465454,26.826059341430664,27.71965980529785,28.184871673583984,0.0
1864,4,143,6,35.71876525878906,32.759315490722656,35.722984313964844,34.44297409057617,1.6754215955734253,33.322513580322266,34.59037780761719,35.71876525878906,0.0
1865,4,120,6,42.766822814941406,39.476524353027344,44.54895782470703,42.59163284301758,3.109659433364868,41.78413391113281,42.766822814941406,44.09228515625,0.0
1866,4,127,6,14.121628761291504,0.0,14.121628761291504,9.888233184814453,24.997617721557617,8.244759559631348,11.950201988220215,13.71086597442627,0.15
1867,4,133,6,32.36470031738281,17.345745086669922,32.36470031738281,25.615949630737305,33.23615264892578,21.11848258972168,25.548702239990234,31.321752548217773,0.1
1868,4,113,6,15.26546859741211,14.252514839172363,15.26546859741211,14.763314247131348,0.16440507769584656,14.396814346313477,14.74163818359375,15.15797233581543,0.0
1869,4,152,6,31.129894256591797,27.438522338867188,31.129894256591797,29.466609954833984,2.3002631664276123,28.01010513305664,29.768035888671875,30.895296096801758,0.0
1870,4,136,6,19.30921173095703,17.756336212158203,19.30921173095703,18.903850555419922,0.28297537565231323,18.950820922851562,19.06292724609375,19.254417419433594,0.05
1871,4,142,6,26.123207092285156,26.123207092285156,28.10369110107422,27.03862953186035,0.5053304433822632,26.38326644897461,27.25238800048828,27.368003845214844,0.0
1872,4,157,6,23.91836166381836,16.112573623657227,23.91836166381836,21.15348243713379,9.941267967224121,18.697803497314453,22.75106430053711,23.71860122680664,0.05
1873,4,147,6,19.9237117767334,17.843599319458008,19.9237117767334,18.978416442871094,0.5760144591331482,18.503759384155273,18.86639404296875,19.707233428955078,0.0
1874,4,108,6,39.97935485839844,29.54705238342285,39.97935485839844,35.127952575683594,19.942995071411133,30.818557739257812,35.51709747314453,39.5953254699707,0.0
1875,4,152,6,46.035194396972656,45.17443084716797,46.858619689941406,45.899452209472656,0.3078083097934723,45.474700927734375,46.01286315917969,46.035194396972656,0.0
1876,4,139,6,15.066089630126953,15.02173137664795,15.646397590637207,15.316265106201172,0.07373791933059692,15.066089630126953,15.266261100769043,15.589746475219727,0.05
1877,4,153,6,26.62495231628418,22.39960289001465,26.62495231628418,24.914541244506836,2.8343608379364014,23.47542381286621,25.377948760986328,26.493650436401367,0.0
1878,4,139,6,65.64500427246094,59.13159942626953,67.36276245117188,64.36338806152344,8.66614055633545,62.70061111450195,65.64500427246094,66.41885375976562,0.0
1879,4,124,6,66.73777770996094,65.14642333984375,68.66754150390625,66.40895080566406,1.3837190866470337,65.5279541015625,66.21405792236328,66.73777770996094,0.0
1880,4,145,6,30.78655242919922,27.24288558959961,30.78655242919922,29.183469772338867,1.668744683265686,28.353822708129883,29.059978485107422,30.38973617553711,0.05
1881,4,152,6,17.7423095703125,17.7423095703125,18.303665161132812,17.980560302734375,0.045206304639577866,17.781801223754883,17.949384689331055,18.146854400634766,0.15
1882,4,145,6,28.850584030151367,28.850584030151367,30.704450607299805,29.86615753173828,0.588649332523346,29.101383209228516,30.090614318847656,30.539432525634766,0.1
1883,4,149,6,15.639021873474121,0.0,15.639021873474121,12.002581596374512,30.223886489868164,12.712141036987305,14.078917503356934,15.491292953491211,0.15
1884,4,121,6,27.299625396728516,13.330156326293945,27.299625396728516,21.926897048950195,24.651397705078125,19.555334091186523,22.084278106689453,26.559085845947266,0.15
1885,4,143,6,27.013912200927734,26.98822593688965,28.489824295043945,27.58677101135254,0.41162213683128357,27.013912200927734,27.321626663208008,28.196392059326172,0.25
1886,4,129,6,37.017173767089844,35.062896728515625,37.017173767089844,36.50474548339844,0.44690144062042236,36.57971954345703,36.67974853515625,36.95183563232422,0.0
1887,4,155,6,23.29485321044922,10.522565841674805,23.29485321044922,17.56000518798828,24.8623104095459,13.478704452514648,17.67269515991211,22.50556182861328,0.0
1888,4,142,6,26.78093910217285,23.941736221313477,26.78093910217285,25.482757568359375,1.1092829704284668,24.73928451538086,25.426071166992188,26.46504783630371,0.0
1889,4,154,6,29.11838150024414,25.846881866455078,29.11838150024414,28.043386459350586,1.4216865301132202,27.426040649414062,28.491846084594727,29.05340576171875,0.0
1890,4,148,6,28.16025161743164,28.16025161743164,30.01492691040039,28.78656005859375,0.3948462903499603,28.289470672607422,28.682531356811523,28.936132431030273,0.0
1891,4,145,6,23.361759185791016,0.0,23.877561569213867,19.332103729248047,74.9686279296875,22.497146606445312,23.227386474609375,23.361759185791016,0.25
1892,4,146,6,15.555259704589844,12.54132080078125,15.7095308303833,14.581007957458496,1.4010136127471924,13.803537368774414,15.06760025024414,15.555259704589844,0.05
1893,4,122,6,72.38861083984375,72.38861083984375,77.74927520751953,75.46276092529297,5.098775863647461,73.31033325195312,76.26316833496094,77.40550231933594,0.0
1894,4,129,6,28.45839500427246,27.711042404174805,30.544971466064453,29.0683650970459,0.899510383605957,28.45839500427246,28.983184814453125,29.674055099487305,0.0
1895,4,147,6,39.58909606933594,25.992633819580078,39.58909606933594,33.48319625854492,28.513416290283203,29.193981170654297,33.47834396362305,38.815757751464844,0.0
1896,4,138,6,6.952164649963379,0.0,8.921369552612305,6.229415416717529,8.321141242980957,6.76975154876709,6.952164649963379,7.619425296783447,0.25
1897,4,139,6,14.053543090820312,12.813191413879395,14.053543090820312,13.480645179748535,0.19943980872631073,13.247920989990234,13.372692108154297,13.892239570617676,0.2
1898,4,150,6,17.807518005371094,16.933732986450195,17.830387115478516,17.507993698120117,0.11226493120193481,17.32965660095215,17.575708389282227,17.807518005371094,0.25
1899,4,138,6,28.98171615600586,28.98171615600586,29.92601776123047,29.409198760986328,0.13001002371311188,29.07451629638672,29.388477325439453,29.697601318359375,0.05
1900,4,146,6,16.996580123901367,16.17983055114746,17.492525100708008,16.92931365966797,0.15839102864265442,16.834522247314453,16.996580123901367,17.096542358398438,0.15
1901,4,121,6,56.7737922668457,55.76569366455078,56.7737922668457,56.350860595703125,0.14576774835586548,56.054466247558594,56.41844177246094,56.70134735107422,0.0
1902,4,157,6,22.808536529541016,22.808536529541016,24.74793815612793,23.71451187133789,0.5560540556907654,22.967103958129883,23.827747344970703,24.253097534179688,0.05
1903,4,151,6,9.477444648742676,0.0,9.972295761108398,7.930424690246582,12.635665893554688,9.233146667480469,9.477444648742676,9.497097969055176,0.25
1904,4,127,6,71.94880676269531,56.41796875,71.94880676269531,67.13259887695312,28.563512802124023,65.80320739746094,68.70643615722656,71.31195068359375,0.05
1905,4,121,6,13.590010643005371,6.434820175170898,13.590010643005371,11.456018447875977,6.141844749450684,10.89802360534668,12.32669448852539,13.308741569519043,0.1
1906,4,74,6,26.345170974731445,26.345170974731445,26.69463539123535,26.47759246826172,0.01994144544005394,26.34801483154297,26.426563262939453,26.5947322845459,0.0
1907,4,132,6,18.967618942260742,18.546512603759766,19.301969528198242,18.97187042236328,0.054242607206106186,18.917646408081055,18.967618942260742,19.101791381835938,0.0
1908,4,137,6,35.80345153808594,34.11634063720703,35.915531158447266,35.33339309692383,0.42102518677711487,35.01587677001953,35.65702819824219,35.80345153808594,0.0
1909,4,143,6,39.62596130371094,37.318626403808594,39.62596130371094,38.47438430786133,0.8076757192611694,37.82196807861328,38.22975158691406,39.37456512451172,0.0
1910,4,103,6,10.331109046936035,0.0,10.4288330078125,8.35832691192627,14.114962577819824,9.487133979797363,9.972602844238281,10.331109046936035,0.25
1911,4,158,6,13.687941551208496,11.925320625305176,13.687941551208496,12.940046310424805,0.5090112686157227,12.304036140441895,13.150166511535645,13.566057205200195,0.1
1912,4,100,6,36.020870208740234,33.380741119384766,37.84238815307617,35.614322662353516,1.7717863321304321,35.159423828125,35.66680908203125,36.020870208740234,0.0
1913,4,152,6,37.08140563964844,32.52923583984375,37.08140563964844,35.143096923828125,2.751925230026245,34.08543014526367,35.111045837402344,36.739479064941406,0.05
1914,4,141,6,18.41092300415039,16.551006317138672,18.41092300415039,17.933202743530273,0.4077543616294861,18.007610321044922,18.116426467895508,18.353927612304688,0.0
1915,4,149,6,25.078365325927734,20.5114688873291,25.078365325927734,22.42399787902832,3.6953728199005127,20.882272720336914,21.57720184326172,24.256139755249023,0.0
1916,4,123,6,32.272666931152344,31.001779556274414,34.49735641479492,32.949249267578125,1.488940954208374,32.272666931152344,32.857666015625,34.016944885253906,0.0
1917,4,131,6,18.585779190063477,0.0,18.585779190063477,14.586857795715332,45.667564392089844,14.776692390441895,18.34808349609375,18.576749801635742,0.1
1918,4,154,6,32.2470703125,32.2470703125,34.66977310180664,33.595149993896484,1.065514326095581,32.546043395996094,33.9320068359375,34.51248550415039,0.05
1919,4,142,6,28.468637466430664,0.0,28.468637466430664,16.9384822845459,97.2114486694336,13.073975563049316,15.858139991760254,25.9395751953125,0.15
1920,4,130,6,17.43085479736328,0.0,17.43085479736328,12.489045143127441,34.8310432434082,12.637715339660645,13.82387924194336,16.66596794128418,0.25
1921,4,156,6,27.687702178955078,23.984386444091797,27.687702178955078,25.898513793945312,2.508639097213745,24.49114227294922,25.785343170166016,27.512754440307617,0.0
1922,4,127,6,29.42144775390625,13.65160083770752,29.42144775390625,22.23389434814453,34.687984466552734,18.4101505279541,21.284603118896484,28.052982330322266,0.05
1923,4,130,6,32.842132568359375,32.842132568359375,34.05630111694336,33.45571517944336,0.22679978609085083,32.99015426635742,33.539283752441406,33.847450256347656,0.0
1924,4,139,6,33.18718338012695,25.766063690185547,33.18718338012695,30.81161117553711,7.730783939361572,29.281883239746094,32.16942596435547,32.986000061035156,0.0
1925,4,153,6,22.142961502075195,22.142961502075195,23.96710205078125,22.819257736206055,0.4212394058704376,22.222888946533203,22.745182037353516,23.13603973388672,0.0
1926,4,58,6,26.93797492980957,26.877531051635742,26.958099365234375,26.918128967285156,0.000809535791631788,26.895843505859375,26.92104148864746,26.93797492980957,0.0
1927,4,157,6,49.124752044677734,43.07670593261719,49.124752044677734,46.34580612182617,5.154374122619629,44.82903289794922,45.98120880126953,48.594791412353516,0.0
1928,4,121,6,62.45964431762695,56.33908462524414,62.45964431762695,59.639705657958984,5.36453914642334,57.87584686279297,59.62896728515625,61.77481460571289,0.0
1929,4,136,6,88.6876449584961,86.07992553710938,88.6876449584961,87.58403778076172,1.0289777517318726,86.76966094970703,87.71095275878906,88.57188415527344,0.0
1930,4,152,6,17.5809326171875,17.123090744018555,17.900619506835938,17.615943908691406,0.06293615698814392,17.5809326171875,17.628421783447266,17.79460906982422,0.0
1931,4,147,6,18.102397918701172,14.363611221313477,18.102397918701172,16.152067184448242,2.1925220489501953,14.963850021362305,15.826051712036133,17.544893264770508,0.15
1932,4,140,6,18.52634620666504,18.52634620666504,20.800678253173828,19.526256561279297,0.8546334505081177,18.716655731201172,19.297523498535156,20.358707427978516,0.05
1933,4,148,6,29.77362060546875,29.77362060546875,33.64967346191406,31.31913185119629,1.7874054908752441,30.108272552490234,31.432342529296875,31.828006744384766,0.0
1934,4,152,6,27.95993423461914,26.650070190429688,27.95993423461914,27.383041381835938,0.3169861137866974,26.855653762817383,27.4718074798584,27.938724517822266,0.0
1935,4,145,6,32.11289978027344,32.11289978027344,35.929962158203125,34.10669708251953,2.9391660690307617,32.34502410888672,34.345848083496094,35.75711441040039,0.0
1936,4,139,6,57.460880279541016,50.271156311035156,57.460880279541016,54.597206115722656,7.5973124504089355,52.44312286376953,55.366703033447266,57.078575134277344,0.0
1937,4,130,6,53.33542251586914,45.07268524169922,53.33542251586914,49.46025848388672,10.312729835510254,46.73528289794922,49.488616943359375,52.54118347167969,0.0
1938,4,153,6,13.581562042236328,11.03669261932373,13.581562042236328,12.488748550415039,1.0210466384887695,11.679061889648438,12.568309783935547,13.488304138183594,0.15
1939,4,151,6,25.93309211730957,25.93309211730957,28.300193786621094,27.071475982666016,1.068618893623352,26.038164138793945,26.982627868652344,28.12588119506836,0.1
1940,4,154,6,30.94601058959961,27.91378402709961,30.94601058959961,29.824724197387695,1.422707200050354,28.93216896057129,30.33776092529297,30.79648208618164,0.1
1941,4,136,6,47.66644287109375,37.19364547729492,47.66644287109375,44.16770935058594,14.584856986999512,42.11207580566406,45.60862731933594,47.388919830322266,0.0
1942,4,71,6,81.03060913085938,81.03060913085938,88.21760559082031,82.67440032958984,6.480885028839111,81.06387329101562,81.57695007324219,82.45780944824219,0.0
1943,4,143,6,50.23664855957031,41.736351013183594,50.23664855957031,46.37098693847656,9.482288360595703,44.54125213623047,45.85663604736328,49.29180908203125,0.0
1944,4,124,6,36.72297668457031,31.71755027770996,37.08043670654297,35.45624542236328,4.291595935821533,34.33457565307617,36.72297668457031,36.897064208984375,0.0
1945,4,102,6,22.658445358276367,20.50567054748535,22.658445358276367,21.658367156982422,0.6738608479499817,21.02063751220703,21.602216720581055,22.466711044311523,0.0
1946,4,138,6,25.246305465698242,16.305744171142578,25.246305465698242,20.936819076538086,15.591458320617676,17.16741371154785,20.94417953491211,24.9400577545166,0.15
1947,4,148,6,18.293249130249023,0.0,18.293249130249023,14.353771209716797,41.88978958129883,16.232219696044922,16.690317153930664,17.949499130249023,0.2
1948,4,103,6,37.790367126464844,37.790367126464844,45.28514862060547,41.79355239868164,9.019901275634766,38.825931549072266,42.76845932006836,44.169960021972656,0.0
1949,4,144,6,20.830276489257812,0.0,23.22220230102539,18.28600311279297,67.65795135498047,20.830276489257812,21.494548797607422,22.545534133911133,0.25
1950,4,145,6,24.140422821044922,0.0,24.38895034790039,19.75763511657715,78.56625366210938,22.595762252807617,23.88146209716797,24.140422821044922,0.05
1951,4,153,6,19.615835189819336,18.110694885253906,19.62869644165039,19.333009719848633,0.3011697828769684,19.506418228149414,19.571746826171875,19.615835189819336,0.05
1952,4,136,6,31.777862548828125,31.379379272460938,32.980934143066406,32.266693115234375,0.40771931409835815,31.777862548828125,32.27671813964844,32.87530517578125,0.0
1953,4,146,6,37.122283935546875,34.2552490234375,37.41007614135742,35.86765670776367,1.8516502380371094,34.61684036254883,35.91633224487305,37.122283935546875,0.0
1954,4,158,6,34.323455810546875,34.323455810546875,38.2017822265625,36.299652099609375,2.2933201789855957,34.8844108581543,36.589599609375,37.480499267578125,0.0
1955,4,107,6,47.04478454589844,47.04478454589844,48.704261779785156,48.01493835449219,0.4807421863079071,47.377418518066406,48.410560607910156,48.46746826171875,0.0
1956,4,128,6,38.42457580566406,36.83582305908203,40.30292892456055,38.65531921386719,1.0777103900909424,38.42457580566406,38.56886291503906,39.10143280029297,0.0
1957,4,126,6,16.969629287719727,0.0,16.969629287719727,13.60743236541748,37.45637512207031,15.431330680847168,16.151580810546875,16.92331314086914,0.25
1958,4,146,6,36.12240982055664,28.3651123046875,36.12240982055664,32.784996032714844,7.553625583648682,31.31884765625,32.5097770690918,35.338218688964844,0.0
1959,4,143,6,15.704156875610352,14.181395530700684,15.704156875610352,14.865235328674316,0.39179110527038574,14.343301773071289,14.650388717651367,15.485702514648438,0.2
1960,4,113,6,35.96000671386719,35.2232551574707,36.383384704589844,35.8477897644043,0.11950056254863739,35.753273010253906,35.89679718017578,35.96000671386719,0.0
1961,4,144,6,21.635875701904297,19.89300537109375,23.162961959838867,21.203353881835938,1.2296322584152222,20.25255012512207,21.234689712524414,21.635875701904297,0.0
1962,4,111,6,29.691987991333008,24.406944274902344,30.155521392822266,28.24614906311035,4.49622917175293,27.06266975402832,29.431167602539062,29.691987991333008,0.05
1963,4,138,6,59.015018463134766,53.836883544921875,59.015018463134766,57.013126373291016,3.6324715614318848,55.7494010925293,57.397216796875,58.773529052734375,0.0
1964,4,113,6,30.28290557861328,28.561899185180664,32.08090591430664,30.18014907836914,1.35838782787323,29.315574645996094,30.28290557861328,30.73008155822754,0.05
1965,4,158,6,29.51239776611328,28.448135375976562,30.108081817626953,29.43307113647461,0.32824188470840454,29.127317428588867,29.51239776611328,29.891939163208008,0.0
1966,4,148,6,37.00862121582031,23.29530143737793,37.85326385498047,32.19517517089844,33.09364700317383,27.39728546142578,34.610958099365234,37.00862121582031,0.1
1967,4,122,6,35.26300048828125,34.49995422363281,37.24220657348633,35.258819580078125,0.8783800005912781,34.63423538208008,34.96082305908203,35.26300048828125,0.0
1968,4,143,6,19.481904983520508,18.33214569091797,19.481904983520508,18.96575164794922,0.22568103671073914,18.50588607788086,19.06416130065918,19.415292739868164,0.0
1969,4,150,6,29.498689651489258,24.650863647460938,31.4106388092041,28.999347686767578,4.4092206954956055,29.003982543945312,29.498689651489258,29.94826889038086,0.0
1970,4,126,6,31.375503540039062,29.233304977416992,31.375503540039062,30.713289260864258,0.5392349362373352,30.574304580688477,30.876426696777344,31.30246353149414,0.0
1971,4,143,6,20.38039207458496,17.381805419921875,20.38039207458496,18.939699172973633,1.4654635190963745,17.80953598022461,18.9832763671875,20.11418342590332,0.1
1972,4,140,6,34.290771484375,32.744014739990234,34.290771484375,33.63356399536133,0.3457556366920471,33.243404388427734,33.6181526184082,34.21338653564453,0.15
1973,4,127,6,45.24771499633789,43.6870002746582,47.203948974609375,45.277523040771484,1.0695093870162964,44.97071838378906,45.24771499633789,45.362205505371094,0.05
1974,4,117,6,36.06482696533203,36.06482696533203,39.35630798339844,37.82276153564453,1.7225213050842285,36.52808380126953,38.30207443237305,38.806419372558594,0.0
1975,4,142,6,32.505950927734375,29.784509658813477,33.085418701171875,32.149559020996094,1.1945222616195679,32.277854919433594,32.505950927734375,32.73676300048828,0.05
1976,4,156,6,25.017440795898438,23.006465911865234,25.017440795898438,23.90199851989746,0.6601621508598328,23.322689056396484,23.536670684814453,24.681699752807617,0.0
1977,4,153,6,22.723814010620117,21.72905731201172,22.907573699951172,22.434438705444336,0.16094288229942322,22.215457916259766,22.53822898864746,22.723814010620117,0.0
1978,4,152,6,12.7694091796875,0.0,12.7694091796875,9.746305465698242,19.680402755737305,10.717987060546875,11.183104515075684,12.380226135253906,0.2
1979,4,133,6,45.46674728393555,38.444583892822266,45.46674728393555,41.650299072265625,8.353629112243652,39.287837982177734,40.64508819580078,44.55992126464844,0.0
1980,4,154,6,30.033939361572266,22.260116577148438,30.033939361572266,27.06182861328125,9.16528606414795,24.714778900146484,28.187061309814453,29.655841827392578,0.05
1981,4,152,6,30.36014175415039,28.131961822509766,30.394454956054688,29.83203125,0.6288468241691589,29.84674072265625,30.14244270324707,30.36014175415039,0.0
1982,4,146,6,17.930559158325195,15.384389877319336,17.930559158325195,16.742542266845703,1.1252104043960571,15.797467231750488,16.74333381652832,17.814430236816406,0.0
1983,4,146,6,9.106449127197266,0.0,9.106449127197266,6.880347728729248,10.758319854736328,6.50486946105957,8.632516860961914,8.994341850280762,0.1
1984,4,120,6,52.10471725463867,44.97096252441406,52.10471725463867,48.30153274536133,8.081989288330078,46.08163833618164,47.382362365722656,51.08612823486328,0.0
1985,4,157,6,42.272979736328125,37.9263916015625,42.272979736328125,41.096710205078125,2.3541953563690186,40.82030487060547,41.79154968261719,42.17382049560547,0.0
1986,4,146,6,30.31587028503418,30.05750274658203,30.410701751708984,30.287166595458984,0.013243813998997211,30.26337242126465,30.31587028503418,30.36185646057129,0.0
1987,4,159,6,34.85514831542969,27.876983642578125,34.85514831542969,31.397722244262695,7.7682952880859375,29.09225082397461,30.9287109375,34.219688415527344,0.0
1988,4,140,6,28.23769760131836,25.614835739135742,28.23769760131836,27.113256454467773,0.8908751010894775,26.528650283813477,27.10234832763672,27.989253997802734,0.0
1989,4,136,6,14.568548202514648,11.766939163208008,14.568548202514648,13.708470344543457,0.9022408723831177,13.584894180297852,13.939352989196777,14.412252426147461,0.1
1990,4,140,6,17.396137237548828,14.54282283782959,17.396137237548828,15.908390998840332,1.1997504234313965,15.263440132141113,15.442072868347168,16.928024291992188,0.0
1991,4,150,6,24.084815979003906,24.084815979003906,24.929367065429688,24.582096099853516,0.13352037966251373,24.21921730041504,24.750072479248047,24.889503479003906,0.0
1992,4,150,6,22.212268829345703,20.92168617248535,24.49510955810547,22.232440948486328,1.2465198040008545,21.60892105102539,22.162193298339844,22.212268829345703,0.2
1993,4,123,6,43.096046447753906,43.096046447753906,45.61396026611328,44.25620651245117,1.1195012331008911,43.20759582519531,44.13585662841797,45.27696990966797,0.0
1994,4,154,6,19.914342880249023,14.63783073425293,20.180173873901367,18.026065826416016,5.183954238891602,15.994897842407227,19.094554901123047,19.914342880249023,0.1
1995,4,141,6,13.057985305786133,0.0,13.057985305786133,9.667706489562988,19.980300903320312,10.229569435119629,10.873764038085938,12.607857704162598,0.25
1996,4,114,6,22.896963119506836,21.28879165649414,22.896963119506836,22.269750595092773,0.29682987928390503,22.143508911132812,22.196640014648438,22.73441505432129,0.05
1997,4,153,6,61.46161651611328,49.87496566772461,61.46161651611328,56.50746536254883,16.90633773803711,54.23567199707031,56.24428176879883,60.30120086669922,0.05
1998,4,112,6,24.71657371520996,0.0,24.71657371520996,17.945323944091797,71.26475524902344,17.957735061645508,20.403759002685547,23.85503387451172,0.2
1999,4,147,6,14.672855377197266,13.048437118530273,15.961938858032227,14.339765548706055,0.9368726015090942,13.566633224487305,14.531676292419434,14.672855377197266,0.1
2000,4,148,6,24.614120483398438,24.134124755859375,26.12613868713379,25.065034866333008,0.45796284079551697,24.614120483398438,24.952735900878906,25.53060531616211,0.05
2001,4,149,6,39.25080490112305,33.85148239135742,39.25080490112305,36.71474838256836,3.85862398147583,35.62687301635742,36.25636672973633,38.50640869140625,0.0
2002,4,146,6,24.991985321044922,23.118450164794922,26.26768684387207,24.772441864013672,1.0250153541564941,24.180599212646484,24.991985321044922,25.263797760009766,0.0
2003,4,149,6,15.358672142028809,13.371192932128906,15.439401626586914,14.811417579650879,0.5213121771812439,14.61972427368164,15.06503677368164,15.358672142028809,0.0
2004,4,124,6,57.99187088012695,57.396240234375,61.34912872314453,58.495643615722656,1.7037450075149536,57.934974670410156,57.99187088012695,58.244529724121094,0.0
2005,4,149,6,22.103376388549805,20.208572387695312,22.31918716430664,21.8367919921875,0.5433791279792786,22.018619537353516,22.103376388549805,22.247745513916016,0.05
2006,4,141,6,22.033000946044922,22.033000946044922,22.49323272705078,22.212940216064453,0.03221069648861885,22.05450439453125,22.152271270751953,22.356781005859375,0.0
2007,4,156,6,19.382709503173828,15.57612419128418,19.382709503173828,17.856815338134766,1.8300294876098633,17.17659568786621,17.82769012451172,19.13225555419922,0.0
2008,4,125,6,14.468833923339844,0.0,14.53625774383545,11.761857032775879,28.0981388092041,13.114178657531738,14.443151473999023,14.468833923339844,0.25
2009,4,123,6,23.02568817138672,19.1182804107666,23.02568817138672,21.02621841430664,2.292471170425415,19.906675338745117,20.660694122314453,22.442636489868164,0.0
2010,4,115,6,35.52539825439453,34.39802932739258,35.877479553222656,35.27851104736328,0.255143404006958,34.99419403076172,35.52539825439453,35.527076721191406,0.0
2011,4,154,6,39.01573181152344,36.20790100097656,39.01573181152344,37.521705627441406,1.2090694904327393,36.775455474853516,37.08582305908203,38.56866455078125,0.0
2012,4,141,6,41.53058624267578,35.12666320800781,44.35228729248047,41.05411148071289,7.992586135864258,41.53058624267578,41.60907745361328,41.99462890625,0.05
2013,4,158,6,23.738704681396484,17.72901153564453,24.959808349609375,22.90776824951172,5.603439807891846,23.468910217285156,23.738704681396484,23.86072540283203,0.05
2014,4,140,6,27.6411190032959,25.977067947387695,29.97780990600586,27.387048721313477,1.7233896255493164,26.439558029174805,27.19488525390625,27.6411190032959,0.1
2015,4,138,6,18.30733299255371,16.592018127441406,18.30733299255371,17.486757278442383,0.5001518726348877,16.80299186706543,17.53007698059082,18.18282699584961,0.0
2016,4,109,6,67.63278198242188,64.49797058105469,67.63278198242188,65.8934097290039,1.6367415189743042,64.87899780273438,65.40657043457031,67.13672637939453,0.0
2017,4,129,6,24.898637771606445,20.363494873046875,27.95380401611328,24.589263916015625,6.351232051849365,23.19245147705078,24.898637771606445,26.32262420654297,0.05
2018,4,109,6,22.3968505859375,0.0,22.3968505859375,16.779327392578125,59.44328689575195,17.936559677124023,19.074989318847656,21.697784423828125,0.25
2019,4,144,6,24.306900024414062,21.47513771057129,24.638731002807617,23.34430503845215,1.3508338928222656,22.52303123474121,23.634037017822266,24.306900024414062,0.0
2020,4,126,6,65.25958251953125,57.46138381958008,65.25958251953125,62.35684585571289,7.320378303527832,61.146209716796875,62.69076919555664,64.72810363769531,0.0
2021,4,134,6,30.308927536010742,29.627471923828125,30.308927536010742,30.053712844848633,0.061523761600255966,29.90151023864746,30.108356475830078,30.279541015625,0.0
2022,4,71,6,29.244903564453125,28.94420623779297,29.294219970703125,29.163509368896484,0.02181503176689148,29.03779411315918,29.244903564453125,29.274272918701172,0.0
2023,4,148,6,32.243896484375,31.13449478149414,33.66128921508789,32.32269287109375,0.5372236371040344,32.243896484375,32.2550048828125,32.35638427734375,0.0
2024,4,136,6,16.749290466308594,13.701590538024902,16.749290466308594,15.212170600891113,1.3408668041229248,14.450252532958984,14.842077255249023,16.324275970458984,0.2
2025,4,109,6,58.319271087646484,46.68202209472656,60.75497055053711,55.446807861328125,20.6938533782959,54.227813720703125,56.38581085205078,58.319271087646484,0.05
2026,4,106,6,34.14579772949219,30.37015724182129,34.14579772949219,32.523826599121094,1.8720132112503052,31.6656494140625,32.47224426269531,33.832366943359375,0.0
2027,4,156,6,27.949848175048828,26.216835021972656,27.949848175048828,27.249441146850586,0.5142418742179871,26.60991668701172,27.532962799072266,27.85459327697754,0.0
2028,4,137,6,18.378498077392578,15.498271942138672,18.378498077392578,17.34198760986328,0.9517610669136047,17.05988311767578,17.412988662719727,18.158493041992188,0.0
2029,4,143,6,20.676891326904297,0.0,20.676891326904297,16.89089584350586,57.25836181640625,19.57349967956543,20.317474365234375,20.610393524169922,0.25
2030,4,134,6,45.30657958984375,43.471309661865234,48.60921859741211,45.59968185424805,2.3532633781433105,45.11721420288086,45.30657958984375,45.714378356933594,0.1
2031,4,140,6,20.126718521118164,18.25146484375,20.126718521118164,19.485614776611328,0.6164082288742065,18.84541130065918,19.932727813720703,20.123485565185547,0.0
2032,4,152,6,18.453105926513672,14.10802173614502,19.54549789428711,16.690080642700195,4.83091926574707,14.48813247680664,16.923988342285156,18.453105926513672,0.1
2033,4,157,6,39.04970169067383,38.36418914794922,39.96514129638672,39.18994903564453,0.30154573917388916,38.930335998535156,39.04970169067383,39.62773895263672,0.0
2034,4,151,6,18.863941192626953,17.510372161865234,20.320873260498047,19.07676124572754,0.7698858976364136,18.863941192626953,18.981386184692383,19.626663208007812,0.0
2035,4,146,6,12.910719871520996,12.105756759643555,12.910719871520996,12.698393821716309,0.08114790171384811,12.653995513916016,12.831345558166504,12.895074844360352,0.0
2036,4,138,6,23.999408721923828,21.779272079467773,26.20826530456543,23.63698387145996,1.9836652278900146,22.657442092895508,23.71892547607422,23.999408721923828,0.0
2037,4,158,6,36.71354675292969,29.20685577392578,36.71354675292969,33.494789123535156,6.784830570220947,32.661865234375,32.844970703125,35.77942657470703,0.05
2038,4,152,6,27.381380081176758,25.00521469116211,27.381380081176758,26.257545471191406,0.8828417062759399,25.422149658203125,26.278305053710938,27.168548583984375,0.0
2039,4,135,6,27.17864990234375,0.0,27.17864990234375,18.562358856201172,84.25376892089844,17.232789993286133,20.13079071044922,25.78304100036621,0.25
2040,4,125,6,22.859066009521484,22.859066009521484,25.958580017089844,24.541805267333984,1.6240859031677246,23.3015193939209,24.846538543701172,25.676834106445312,0.0
2041,4,147,6,30.257305145263672,20.321521759033203,30.257305145263672,25.632287979125977,15.961822509765625,21.928932189941406,26.047161102294922,29.435077667236328,0.05
2042,4,142,6,20.866806030273438,0.0,20.866806030273438,16.339616775512695,54.70805740356445,17.98330307006836,19.236791610717773,20.658077239990234,0.15
2043,4,157,6,23.541942596435547,22.339290618896484,23.733219146728516,23.238828659057617,0.2117711901664734,23.097877502441406,23.380525588989258,23.541942596435547,0.0
2044,4,129,6,40.21546173095703,39.06614303588867,40.21546173095703,39.643882751464844,0.24914230406284332,39.192970275878906,39.588584899902344,40.15470504760742,0.0
2045,4,133,6,9.463539123535156,0.0,9.463539123535156,7.492376804351807,11.419303894042969,8.395306587219238,8.826281547546387,9.396452903747559,0.25
2046,4,155,6,24.757762908935547,22.323909759521484,24.849721908569336,24.04587745666504,1.1054260730743408,23.30711555480957,24.757762908935547,24.761348724365234,0.0
2047,4,137,6,7.1666483879089355,0.0,7.1666483879089355,5.197920799255371,5.925144672393799,5.355548858642578,5.821864128112793,6.838244438171387,0.25
2048,4,134,6,44.422386169433594,37.94371795654297,45.10047149658203,42.96556854248047,6.978157043457031,41.83415985107422,44.422386169433594,44.805362701416016,0.0
2049,4,147,6,17.699642181396484,13.388215065002441,17.699642181396484,15.668912887573242,2.935481309890747,14.256658554077148,15.539918899536133,17.39763641357422,0.15
2050,4,140,6,20.38835906982422,19.362703323364258,20.503820419311523,20.210636138916016,0.1487610787153244,20.286338806152344,20.373271942138672,20.38835906982422,0.0
2051,4,148,6,26.467973709106445,22.50687599182129,26.467973709106445,24.230257034301758,2.6826367378234863,22.907283782958984,23.622602462768555,25.775131225585938,0.0
2052,4,94,6,29.191028594970703,28.453144073486328,29.73761749267578,29.156171798706055,0.20905497670173645,28.84136962890625,29.191028594970703,29.52730369567871,0.0
2053,4,137,6,18.833528518676758,17.0064697265625,18.833528518676758,17.899629592895508,0.5620161890983582,17.229354858398438,17.778289794921875,18.660688400268555,0.0
2054,4,119,6,36.95580291748047,32.50435256958008,37.428260803222656,35.76105499267578,2.8119397163391113,35.16385269165039,36.355628967285156,36.95580291748047,0.0
2055,4,154,6,21.394126892089844,18.529029846191406,22.25152587890625,20.910629272460938,1.3517210483551025,20.801687240600586,21.316600799560547,21.394126892089844,0.05
2056,4,130,6,34.48781967163086,34.48781967163086,36.7882194519043,35.826839447021484,0.9181780219078064,34.950889587402344,36.34667205810547,36.4661865234375,0.0
2057,4,133,6,28.04826545715332,28.04826545715332,30.58421516418457,29.245393753051758,0.8868094086647034,28.337127685546875,29.413236618041992,29.879547119140625,0.0
2058,4,142,6,18.721065521240234,0.0,18.721065521240234,14.258562088012695,43.84770202636719,14.32631778717041,17.168981552124023,18.627429962158203,0.15
2059,4,138,6,18.68049430847168,16.10779571533203,18.68049430847168,17.596811294555664,0.8802869915962219,16.967525482177734,17.668245315551758,18.458660125732422,0.0
2060,4,137,6,13.751508712768555,0.0,13.751508712768555,10.28398323059082,22.49823760986328,10.765254974365234,11.821014404296875,13.378024101257324,0.2
2061,4,127,6,23.478561401367188,22.142053604125977,23.478561401367188,22.626127243041992,0.3641037046909332,22.21114730834961,22.225242614746094,23.165721893310547,0.0
2062,4,144,6,9.004522323608398,0.0,9.004522323608398,7.050014972686768,10.12251091003418,7.923886299133301,8.217000961303711,8.830789566040039,0.25
2063,4,77,6,26.56060791015625,26.56060791015625,26.86751365661621,26.67252540588379,0.012254494242370129,26.573204040527344,26.646377563476562,26.73569107055664,0.0
2064,4,149,6,16.492889404296875,14.360177993774414,16.528911590576172,15.99615478515625,0.625210702419281,15.860142707824707,16.462844848632812,16.492889404296875,0.25
2065,4,147,6,21.138465881347656,20.239700317382812,21.401138305664062,20.91392707824707,0.1392606496810913,20.75042724609375,20.993146896362305,21.138465881347656,0.0
2066,4,142,6,101.08773803710938,97.75152587890625,102.9679183959961,100.4437255859375,2.750068426132202,99.46178436279297,100.90765380859375,101.08773803710938,0.0
2067,4,114,6,34.40039825439453,0.0,34.40039825439453,27.388362884521484,151.4823760986328,31.4484806060791,32.04418182373047,33.95466613769531,0.15
2068,4,140,6,19.116819381713867,0.0,19.116819381713867,14.695003509521484,44.941734313964844,15.699728012084961,17.36784553527832,18.722326278686523,0.2
2069,4,142,6,40.79362487792969,40.79362487792969,41.60699462890625,41.118202209472656,0.08986534923315048,40.84933090209961,41.05796813964844,41.32415008544922,0.0
2070,4,156,6,22.15964126586914,17.552122116088867,22.15964126586914,20.050434112548828,3.73860239982605,18.1214656829834,20.435213088989258,21.88645362854004,0.1
2071,4,132,6,34.25150680541992,33.47602844238281,35.639404296875,34.66996383666992,0.5993676781654358,34.25150680541992,34.52690124511719,35.39985656738281,0.0
2072,4,141,6,31.90323257446289,28.11202621459961,31.90323257446289,29.762046813964844,2.5545096397399902,28.354074478149414,29.210020065307617,31.353668212890625,0.0
2073,4,157,6,35.09101486206055,30.573280334472656,35.09101486206055,32.911705017089844,3.7108466625213623,31.101154327392578,32.88666534423828,34.86662673950195,0.0
2074,4,131,6,20.07498550415039,19.251068115234375,25.30280876159668,21.4769344329834,5.1625776290893555,20.07498550415039,20.159866333007812,22.99594497680664,0.0
2075,4,131,6,23.91551399230957,23.91551399230957,26.720138549804688,24.870086669921875,0.9920602440834045,24.04413604736328,24.554332733154297,25.34018325805664,0.0
2076,4,134,6,23.982467651367188,22.423616409301758,23.982467651367188,23.272857666015625,0.35441315174102783,22.807016372680664,23.25714874267578,23.859134674072266,0.0
2077,4,91,6,19.669496536254883,0.0,19.669496536254883,12.674613952636719,45.26145935058594,10.367745399475098,13.474533081054688,18.441364288330078,0.2
2078,4,154,6,15.201387405395508,12.400376319885254,15.408039093017578,14.239446640014648,1.2878128290176392,13.405706405639648,14.614106178283691,15.201387405395508,0.05
2079,4,113,6,92.23056030273438,87.45866394042969,95.02440643310547,91.5980224609375,5.351276397705078,90.74821472167969,92.23056030273438,92.35000610351562,0.0
2080,4,153,6,42.77189636230469,34.45806121826172,42.96147155761719,39.63139724731445,13.166409492492676,36.209747314453125,41.29499053955078,42.77189636230469,0.0
2081,4,133,6,55.476470947265625,52.95146560668945,55.74946212768555,54.813594818115234,0.8932768106460571,54.52893829345703,55.13007354736328,55.476470947265625,0.0
2082,4,134,6,32.18696212768555,26.8814697265625,32.18696212768555,29.41522216796875,4.473008155822754,27.642683029174805,28.952526092529297,31.471965789794922,0.1
2083,4,154,6,26.02492332458496,22.29521369934082,26.02492332458496,23.87114715576172,2.447777271270752,22.686569213867188,23.099517822265625,25.39397430419922,0.0
2084,4,151,6,57.769500732421875,55.2910041809082,57.769500732421875,56.85174560546875,1.0587495565414429,55.96959686279297,57.358665466308594,57.70922088623047,0.0
2085,4,151,6,27.00217056274414,19.68032455444336,27.00217056274414,22.53396224975586,10.18338680267334,20.06857681274414,20.79344940185547,25.5289363861084,0.1
2086,4,140,6,38.739654541015625,38.426971435546875,40.70086669921875,39.14699172973633,0.5484387278556824,38.739654541015625,38.88190841674805,39.19401550292969,0.0
2087,4,145,6,20.259979248046875,13.197258949279785,20.259979248046875,18.18948745727539,6.97614860534668,17.004486083984375,19.635961532592773,20.119312286376953,0.05
2088,4,127,6,19.218273162841797,18.005756378173828,19.218273162841797,18.593915939331055,0.23285798728466034,18.210845947265625,18.46501922607422,19.078733444213867,0.0
2089,4,125,6,43.890350341796875,40.51380157470703,53.225914001464844,45.32081985473633,14.953536033630371,43.890350341796875,44.528018951416016,45.22053909301758,0.0
2090,4,137,6,37.28007507324219,32.78120422363281,37.92634201049805,35.597190856933594,3.8625478744506836,34.118629455566406,35.75798797607422,37.28007507324219,0.0
2091,4,155,6,14.448186874389648,0.0,14.448186874389648,10.58691692352295,24.122055053710938,11.387798309326172,11.635497093200684,13.78169059753418,0.2
2092,4,123,6,8.420169830322266,7.765548229217529,8.553140640258789,8.20371150970459,0.08423995226621628,7.962327003479004,8.295188903808594,8.420169830322266,0.25
2093,4,136,6,40.59345245361328,39.2896728515625,41.66339874267578,40.69684982299805,0.5873069763183594,40.58750915527344,40.59345245361328,41.24006271362305,0.0
2094,4,115,6,23.659496307373047,22.876686096191406,23.659496307373047,23.470125198364258,0.07368575781583786,23.514036178588867,23.563491821289062,23.635894775390625,0.0
2095,4,156,6,26.546083450317383,24.313495635986328,26.546083450317383,25.803186416625977,0.5823773741722107,25.58700942993164,25.947052001953125,26.435590744018555,0.0
2096,4,121,6,53.69397735595703,50.821014404296875,53.69397735595703,52.882320404052734,0.9913568496704102,52.72589111328125,53.25285339355469,53.60544967651367,0.0
2097,4,131,6,29.542123794555664,29.542123794555664,30.80052947998047,30.226167678833008,0.2762286961078644,29.69869613647461,30.35336685180664,30.70870018005371,0.0
2098,4,153,6,14.337833404541016,12.066146850585938,15.868143081665039,13.739067077636719,1.5720033645629883,12.867494583129883,13.669754028320312,14.337833404541016,0.0
2099,4,126,6,19.690841674804688,19.16033363342285,20.725269317626953,19.858469009399414,0.41441720724105835,19.303510665893555,19.690841674804688,20.45455551147461,0.0
2100,4,133,6,25.256601333618164,24.551193237304688,25.455059051513672,25.093833923339844,0.14382722973823547,24.75587272644043,25.256601333618164,25.405086517333984,0.0
2101,4,147,6,12.882064819335938,0.0,12.882064819335938,9.683016777038574,20.65285301208496,9.591082572937012,11.475688934326172,12.845256805419922,0.15
2102,4,142,6,20.99517250061035,11.684917449951172,20.99517250061035,17.158334732055664,12.121903419494629,14.980596542358398,17.171072006225586,20.550769805908203,0.0
2103,4,154,6,53.83941650390625,49.812721252441406,53.83941650390625,52.793941497802734,2.005345582962036,52.69921112060547,53.31543731689453,53.81897735595703,0.0
2104,4,155,6,26.526874542236328,24.384981155395508,26.526874542236328,25.64089012145996,0.5733184218406677,25.270387649536133,25.575584411621094,26.35413932800293,0.0
2105,4,149,6,25.07696533203125,20.341045379638672,25.07696533203125,22.776351928710938,3.9550681114196777,21.03216552734375,22.592376708984375,24.8055362701416,0.15
2106,4,140,6,20.242307662963867,19.58972930908203,20.50173568725586,20.186487197875977,0.07962250709533691,20.242307662963867,20.242835998535156,20.28544807434082,0.0
2107,4,145,6,32.87964630126953,30.356876373291016,32.87964630126953,31.746091842651367,1.011420726776123,30.978755950927734,31.694406509399414,32.75685501098633,0.05
2108,4,150,6,37.31951141357422,35.300621032714844,38.7200927734375,37.576133728027344,1.3336273431777954,37.31951141357422,37.797000885009766,38.46055603027344,0.0
2109,4,141,6,52.03742599487305,47.226539611816406,53.71739196777344,51.03696823120117,4.3404436111450195,50.106849670410156,51.81413269042969,52.03742599487305,0.0
2110,4,138,6,15.702553749084473,14.498876571655273,17.027881622314453,15.535041809082031,0.6661136746406555,14.93764877319336,15.622415542602539,15.702553749084473,0.15
2111,4,148,6,18.37351417541504,17.559627532958984,18.58496856689453,18.192371368408203,0.15307770669460297,17.905826568603516,18.37351417541504,18.477880477905273,0.1
2112,4,135,6,28.00568389892578,0.0,29.048105239868164,22.735794067382812,105.4422836303711,25.06123924255371,27.45806884765625,28.00568389892578,0.25
2113,4,141,6,32.664241790771484,28.273279190063477,33.599937438964844,31.172880172729492,4.023388385772705,29.388259887695312,31.820545196533203,32.664241790771484,0.0
2114,4,136,6,69.20679473876953,53.30720520019531,69.20679473876953,62.31844711303711,36.45551300048828,57.69497299194336,63.147132873535156,67.70541381835938,0.1
2115,4,143,6,40.57054901123047,35.19378662109375,40.57054901123047,38.909881591796875,3.4421565532684326,38.55746841430664,39.29529571533203,40.418453216552734,0.15
2116,4,158,6,28.590129852294922,20.785648345947266,28.590129852294922,24.984540939331055,8.089603424072266,23.268394470214844,24.43844985961914,27.691757202148438,0.05
2117,4,140,6,21.646156311035156,19.179149627685547,21.707462310791016,20.89167022705078,1.0848709344863892,20.14042854309082,21.56097412109375,21.646156311035156,0.05
2118,4,45,6,42.648990631103516,31.583213806152344,46.99773406982422,42.07433319091797,24.380199432373047,42.648990631103516,43.02522659301758,44.72457504272461,0.0
2119,4,119,6,38.2939338684082,34.55725860595703,38.2939338684082,36.707035064697266,1.8776788711547852,35.81715774536133,36.6938591003418,38.032249450683594,0.0
2120,4,126,6,25.92017364501953,24.540023803710938,31.631383895874023,26.388124465942383,5.7930521965026855,24.937946319580078,25.7598876953125,25.92017364501953,0.0
2121,4,157,6,20.917247772216797,17.36669921875,21.2536678314209,19.991458892822266,1.7255362272262573,19.678993225097656,20.400049209594727,20.917247772216797,0.0
2122,4,147,6,23.7196044921875,23.7196044921875,25.95333480834961,24.79291534423828,0.7046108841896057,23.971153259277344,24.975440979003906,25.366819381713867,0.2
2123,4,149,6,36.429840087890625,35.15520477294922,37.394927978515625,36.093379974365234,0.5662927031517029,35.488487243652344,36.08928680419922,36.429840087890625,0.0
2124,4,159,6,19.205108642578125,18.446456909179688,19.930500030517578,19.264787673950195,0.22925791144371033,19.103904724121094,19.205108642578125,19.59981346130371,0.0
2125,4,156,6,20.563556671142578,18.39468765258789,20.563556671142578,19.69849395751953,0.5487396717071533,19.4549560546875,19.628623962402344,20.340957641601562,0.0
2126,4,148,6,17.760286331176758,16.7047119140625,19.45270538330078,18.08495330810547,0.8124947547912598,17.760286331176758,17.798824310302734,18.70511817932129,0.15
2127,4,158,6,25.218421936035156,20.433408737182617,25.511943817138672,23.023746490478516,5.2898783683776855,20.836841583251953,23.092580795288086,25.218421936035156,0.15
2128,4,149,6,34.43029022216797,32.49055099487305,35.20936965942383,33.89023208618164,0.8173418641090393,33.26699447631836,34.0338249206543,34.43029022216797,0.0
2129,4,149,6,58.51809310913086,53.60838317871094,58.61124038696289,56.41690444946289,4.688326835632324,54.481605529785156,56.711647033691406,58.51809310913086,0.0
2130,4,126,6,42.53900146484375,35.99591827392578,42.53900146484375,39.06548309326172,8.123316764831543,36.34011459350586,38.55983352661133,41.99353790283203,0.0
2131,4,129,6,16.72760009765625,0.0,16.72760009765625,10.979094505310059,31.260156631469727,10.312810897827148,11.168403625488281,15.379011154174805,0.2
2132,4,148,6,30.661605834960938,26.695343017578125,30.661605834960938,28.558000564575195,2.3764569759368896,27.610164642333984,27.88077163696289,30.002349853515625,0.0
2133,4,122,6,21.598039627075195,20.491092681884766,21.64756965637207,21.347591400146484,0.1599547415971756,21.341569900512695,21.520549774169922,21.598039627075195,0.0
2134,4,156,6,22.153947830200195,19.33206558227539,22.153947830200195,21.120525360107422,1.1490669250488281,20.36532974243164,21.52389907836914,22.03862762451172,0.05
2135,4,127,6,13.128418922424316,11.610381126403809,13.128418922424316,12.269938468933105,0.3961024284362793,11.754091262817383,12.026376724243164,12.880156517028809,0.1
2136,4,153,6,18.413339614868164,13.363279342651367,18.413339614868164,16.14423942565918,3.681771755218506,14.657279968261719,16.136028289794922,18.023305892944336,0.05
2137,4,118,6,29.38373374938965,29.38373374938965,31.38388442993164,30.563308715820312,0.7538065910339355,29.700965881347656,30.9374942779541,31.32071304321289,0.0
2138,4,123,6,28.605228424072266,25.141010284423828,32.02456283569336,28.698888778686523,4.738152980804443,27.694774627685547,28.605228424072266,29.970813751220703,0.0
2139,4,154,6,19.843713760375977,17.72774887084961,19.843713760375977,19.063283920288086,0.5083759427070618,18.89596176147461,19.060565948486328,19.649654388427734,0.1
2140,4,156,6,9.994155883789062,9.898347854614258,10.813681602478027,10.223319053649902,0.13373355567455292,9.987032890319824,9.994155883789062,10.489727020263672,0.15
2141,4,142,6,46.28833770751953,45.956581115722656,46.85036087036133,46.33723449707031,0.07584846764802933,46.203956604003906,46.28833770751953,46.42005920410156,0.0
2142,4,134,6,27.124467849731445,18.2465877532959,27.124467849731445,24.401782989501953,12.198667526245117,22.336498260498047,26.478294372558594,26.96493911743164,0.0
2143,4,116,6,44.070030212402344,35.86756134033203,44.070030212402344,41.24917221069336,9.433442115783691,39.34712219238281,42.374305725097656,43.94664764404297,0.05
2144,4,134,6,51.14632034301758,47.71223449707031,51.540130615234375,50.17523956298828,2.6973037719726562,48.801124572753906,51.14632034301758,51.40186309814453,0.0
2145,4,148,6,14.380037307739258,0.0,14.380037307739258,10.937360763549805,25.677885055541992,11.224746704101562,12.890069961547852,14.318279266357422,0.25
2146,4,105,6,14.361270904541016,0.0,19.74183464050293,14.550997734069824,47.69767379760742,14.361270904541016,16.860095977783203,19.45174789428711,0.25
2147,4,148,6,21.79999542236328,21.79999542236328,25.150279998779297,23.547527313232422,1.8428698778152466,22.249984741210938,23.741024017333984,24.76015853881836,0.05
2148,4,154,6,18.218647003173828,15.799957275390625,18.218647003173828,17.042770385742188,0.816148579120636,16.473064422607422,16.789365768432617,17.91608238220215,0.0
2149,4,157,6,21.059974670410156,21.059974670410156,23.789234161376953,22.56633186340332,1.2270091772079468,21.51734733581543,22.95839500427246,23.435848236083984,0.1
2150,4,132,6,30.982786178588867,23.44977569580078,30.982786178588867,29.08157730102539,6.677761554718018,29.660627365112305,29.708316802978516,30.673728942871094,0.05
2151,4,145,6,29.396093368530273,24.209640502929688,30.427274703979492,27.863235473632812,6.3261518478393555,25.68236541748047,29.328411102294922,29.396093368530273,0.0
2152,4,134,6,21.2425594329834,20.764305114746094,22.162246704101562,21.605546951293945,0.2992406487464905,21.2425594329834,21.655029296875,22.132457733154297,0.1
2153,4,144,6,29.67719841003418,24.20038414001465,29.67719841003418,27.13292694091797,4.2063775062561035,25.634471893310547,26.939186096191406,29.116321563720703,0.1
2154,4,154,6,39.13336944580078,37.30064010620117,39.57704162597656,38.82244873046875,0.5156407356262207,38.87110900878906,39.03828811645508,39.13336944580078,0.0
2155,4,149,6,25.32636260986328,22.238801956176758,25.32636260986328,24.42741584777832,1.2958762645721436,23.958621978759766,25.025136947631836,25.2657413482666,0.0
2156,4,140,6,12.409770965576172,0.0,13.061551094055176,10.344064712524414,21.677228927612305,11.63123607635498,12.409770965576172,12.711122512817383,0.25
2157,4,153,6,50.618446350097656,50.618446350097656,55.56589889526367,52.27472686767578,3.268660306930542,50.772552490234375,51.566070556640625,53.25938415527344,0.0
2158,4,126,6,16.089523315429688,14.930387496948242,16.089523315429688,15.58361530303955,0.20391781628131866,15.198637962341309,15.650803565979004,16.01189422607422,0.0
2159,4,129,6,34.41319274902344,30.53131675720215,34.41319274902344,32.5862922668457,2.020857810974121,31.731563568115234,32.264305114746094,33.9340705871582,0.0
2160,4,151,6,25.87759017944336,23.66474151611328,26.57341766357422,25.136802673339844,1.0755550861358643,24.31416130065918,25.245235443115234,25.87759017944336,0.0
2161,4,157,6,31.0679988861084,29.207565307617188,31.0679988861084,30.162668228149414,0.7025286555290222,29.37386703491211,30.138092041015625,31.01337432861328,0.0
2162,4,154,6,25.306297302246094,21.91153335571289,25.306297302246094,23.80615234375,1.9369741678237915,22.656742095947266,23.85950469970703,25.19806671142578,0.0
2163,4,115,6,34.25963592529297,31.411808013916016,34.76671600341797,33.06206130981445,1.9364136457443237,31.71441650390625,33.171329498291016,34.25963592529297,0.0
2164,4,129,6,18.16939926147461,16.398874282836914,18.818248748779297,17.64903450012207,0.677844226360321,17.039262771606445,17.79915428161621,18.16939926147461,0.05
2165,4,156,6,20.44001007080078,18.442787170410156,20.761348724365234,19.798791885375977,0.6813012957572937,19.239694595336914,20.011756896972656,20.44001007080078,0.0
2166,4,137,6,36.7957649230957,32.99054718017578,36.7957649230957,35.28946304321289,1.9203205108642578,34.472259521484375,35.38313293457031,36.60745620727539,0.0
2167,4,122,6,30.78847885131836,30.78847885131836,33.101009368896484,32.07367706298828,0.9617988467216492,31.086408615112305,32.34661865234375,32.98141098022461,0.0
2168,4,138,6,17.362560272216797,16.27119255065918,17.362560272216797,16.847612380981445,0.20701734721660614,16.39569854736328,16.907432556152344,17.28580665588379,0.0
2169,4,152,6,25.70810890197754,20.529247283935547,27.289623260498047,24.083145141601562,5.995009422302246,21.964332580566406,24.837560653686523,25.70810890197754,0.0
2170,4,114,6,24.406421661376953,0.0,24.406421661376953,17.51653480529785,69.62130737304688,17.133060455322266,19.72732925415039,23.659198760986328,0.2
2171,4,73,6,27.94227409362793,27.860755920410156,27.96820831298828,27.923290252685547,0.001143058412708342,27.912588119506836,27.9282169342041,27.94227409362793,0.0
2172,4,97,6,9.395700454711914,0.0,9.395700454711914,4.835108757019043,11.858556747436523,3.2882866859436035,3.4989728927612305,7.923954010009766,0.25
2173,4,102,6,11.139244079589844,0.0,11.139244079589844,6.137848854064941,17.515544891357422,2.9497060775756836,6.18050479888916,10.135675430297852,0.25
2174,4,157,6,43.047447204589844,42.6749382019043,46.077903747558594,44.12038803100586,1.594949722290039,43.047447204589844,43.95457077026367,44.975093841552734,0.0
2175,4,149,6,38.18048858642578,35.472373962402344,38.40606689453125,37.407833099365234,1.3140590190887451,36.63435363769531,38.1115837097168,38.18048858642578,0.0
2176,4,119,6,10.445301055908203,0.0,10.703878402709961,8.64788818359375,15.035847663879395,9.956294059753418,10.445301055908203,10.485994338989258,0.25
2177,4,154,6,17.207414627075195,17.207414627075195,19.763288497924805,18.134153366088867,1.0071487426757812,17.212377548217773,17.80194854736328,18.861339569091797,0.1
2178,4,135,6,29.466285705566406,25.76624298095703,29.466285705566406,27.939367294311523,1.972864031791687,26.85953140258789,28.24367332458496,29.199554443359375,0.0
2179,4,135,6,24.484275817871094,20.999549865722656,24.877521514892578,23.817567825317383,1.6978428363800049,23.896114349365234,24.390859603881836,24.484275817871094,0.2
2180,4,116,6,46.449317932128906,41.00532531738281,46.449317932128906,43.391845703125,4.864643573760986,41.97264862060547,42.24348831176758,45.4561882019043,0.0
2181,4,145,6,48.506771087646484,46.72957229614258,50.92517852783203,48.408565521240234,2.0631978511810303,47.178314208984375,48.506771087646484,48.91239929199219,0.0
2182,4,128,6,29.032344818115234,23.955629348754883,30.688735961914062,27.855510711669922,4.793825626373291,26.721004486083984,28.61317253112793,29.032344818115234,0.0
2183,4,141,6,24.85165023803711,11.822607040405273,24.85165023803711,17.29659652709961,30.323627471923828,12.671606063842773,15.114090919494629,22.54329490661621,0.2
2184,4,127,6,53.770957946777344,46.73747253417969,53.770957946777344,49.90859603881836,7.813494682312012,48.244049072265625,48.48733139038086,52.475982666015625,0.2
2185,4,148,6,64.05143737792969,61.933719635009766,64.57460021972656,63.60755920410156,0.8116652965545654,63.19983673095703,64.05143737792969,64.10149383544922,0.0
2186,4,149,6,47.55782699584961,44.44975662231445,48.00667953491211,46.54909896850586,1.8739680051803589,45.39613342285156,47.174659729003906,47.55782699584961,0.0
2187,4,153,6,19.082265853881836,17.896278381347656,19.082265853881836,18.735258102416992,0.17950841784477234,18.593847274780273,18.924938201904297,19.05596351623535,0.05
2188,4,154,6,31.546022415161133,30.559341430664062,31.699270248413086,31.195247650146484,0.21623674035072327,30.740612030029297,31.39801788330078,31.546022415161133,0.0
2189,4,124,6,73.97071838378906,72.64022827148438,76.6963119506836,74.57780456542969,1.786427617073059,73.97071838378906,74.14440155029297,75.48258972167969,0.0
2190,4,153,6,33.47657775878906,26.33001136779785,33.47657775878906,29.682485580444336,8.476634979248047,27.1280517578125,29.16844940185547,32.419742584228516,0.0
2191,4,155,6,18.481014251708984,15.563507080078125,18.481014251708984,17.624311447143555,1.237514853477478,17.0560302734375,18.262968063354492,18.45701026916504,0.05
2192,4,138,6,60.80963134765625,60.80963134765625,63.55996322631836,61.82137680053711,1.0101220607757568,60.92805099487305,61.54517364501953,62.44576644897461,0.0
2193,4,131,6,57.946250915527344,57.946250915527344,63.54186248779297,60.84127426147461,5.426530361175537,58.47690200805664,61.18336486816406,63.00938415527344,0.0
2194,4,135,6,40.856414794921875,34.01818084716797,41.773372650146484,38.09502410888672,10.509642601013184,34.780616760253906,38.946922302246094,40.856414794921875,0.0
2195,4,134,6,15.337449073791504,14.812965393066406,15.541364669799805,15.21302318572998,0.07415398210287094,14.986184120178223,15.337449073791504,15.369224548339844,0.1
2196,4,144,6,15.821537971496582,15.222456932067871,17.746408462524414,16.209033966064453,0.6108427047729492,15.821537971496582,16.052743911743164,16.339719772338867,0.0
2197,4,155,6,14.032949447631836,11.60422420501709,14.032949447631836,13.44588565826416,0.7550866007804871,13.377523422241211,13.890113830566406,14.010969161987305,0.1
2198,4,126,6,18.416532516479492,17.385093688964844,18.758220672607422,18.115068435668945,0.28402766585350037,17.62177276611328,18.37201690673828,18.416532516479492,0.0
2199,4,138,6,29.083932876586914,27.529813766479492,29.083932876586914,28.364158630371094,0.331143856048584,27.989822387695312,28.262428283691406,28.926149368286133,0.0
2200,4,142,6,32.96968460083008,28.443931579589844,32.96968460083008,31.492074966430664,2.4385762214660645,30.99155616760254,31.908981323242188,32.75358581542969,0.0
2201,4,129,6,20.14002227783203,18.046798706054688,20.14002227783203,19.2781982421875,0.5366330742835999,18.914875030517578,19.260860443115234,19.936038970947266,0.0
2202,4,158,6,29.320846557617188,25.135555267333984,29.320846557617188,27.458826065063477,2.2470998764038086,26.625381469726562,27.228302001953125,28.868732452392578,0.0
2203,4,96,6,10.128484725952148,0.0,10.128484725952148,6.539770126342773,12.481560707092285,5.002017498016357,7.334497451782227,9.496088027954102,0.25
2204,4,147,6,33.88523864746094,22.886810302734375,36.09703826904297,30.883882522583008,19.368938446044922,28.78883171081543,32.06551742553711,33.88523864746094,0.05
2205,4,151,6,55.308719635009766,46.44609832763672,55.308719635009766,50.437530517578125,14.685487747192383,46.835575103759766,49.457984924316406,54.359214782714844,0.0
2206,4,123,6,27.458946228027344,27.10431671142578,29.01852035522461,27.753488540649414,0.42720043659210205,27.348270416259766,27.458946228027344,27.991352081298828,0.0
2207,4,84,6,56.99147415161133,55.51475524902344,61.101356506347656,57.418540954589844,3.1122374534606934,56.5233268737793,56.99147415161133,57.40655517578125,0.0
2208,4,126,6,63.17435836791992,62.37203598022461,65.4583740234375,63.90807342529297,1.1639059782028198,63.17435836791992,63.799591064453125,64.73957824707031,0.0
2209,4,149,6,39.633766174316406,36.7838020324707,39.633766174316406,37.867374420166016,1.5694695711135864,37.02311706542969,37.07283401489258,38.99406433105469,0.0
2210,4,153,6,42.03923797607422,38.3511848449707,44.23182678222656,41.5571403503418,4.332975387573242,40.01464080810547,42.03923797607422,43.0159912109375,0.0
2211,4,143,6,38.21949768066406,34.5098991394043,38.21949768066406,37.16134262084961,1.7285741567611694,36.814598083496094,37.681800842285156,38.182594299316406,0.0
2212,4,155,6,15.517879486083984,15.517879486083984,16.574024200439453,16.13192367553711,0.1965993046760559,15.7064208984375,16.348299026489258,16.470008850097656,0.25
2213,4,139,6,18.89537811279297,15.936666488647461,18.89537811279297,17.62560272216797,1.4595134258270264,16.642230987548828,17.725482940673828,18.823463439941406,0.15
2214,4,132,6,11.671056747436523,10.691807746887207,11.671056747436523,11.390524864196777,0.11856383830308914,11.312204360961914,11.514291763305664,11.658716201782227,0.25
2215,4,152,6,26.4124813079834,25.6636962890625,26.56229019165039,26.227386474609375,0.13588978350162506,25.92683219909668,26.4124813079834,26.514436721801758,0.0
2216,4,142,6,18.779874801635742,18.30027961730957,19.40146255493164,18.791175842285156,0.1248132735490799,18.560466766357422,18.779874801635742,18.943645477294922,0.0
2217,4,127,6,21.859848022460938,0.0,21.859848022460938,16.51959800720215,60.89012145996094,15.90955638885498,20.462867736816406,21.570877075195312,0.1
2218,4,121,6,5.856601715087891,0.0,5.856601715087891,3.2588155269622803,4.2344069480896,2.510838508605957,2.6787021160125732,5.082678318023682,0.25
2219,4,119,6,24.519428253173828,22.82723617553711,24.519428253173828,24.052453994750977,0.33256223797798157,24.067079544067383,24.197681427001953,24.461284637451172,0.0
2220,4,126,6,46.57990264892578,38.112281799316406,46.57990264892578,43.584381103515625,8.824986457824707,42.20875549316406,44.28449249267578,46.11732482910156,0.0
2221,4,142,6,27.951221466064453,26.65384864807129,28.267642974853516,27.69774055480957,0.25727373361587524,27.677814483642578,27.819679260253906,27.951221466064453,0.0
2222,4,118,6,18.692222595214844,16.943828582763672,18.692222595214844,18.100156784057617,0.46168744564056396,17.650245666503906,18.439956665039062,18.633460998535156,0.0
2223,4,143,6,9.328407287597656,0.0,9.328407287597656,6.502456188201904,10.464743614196777,5.756565093994141,7.412690162658691,9.095492362976074,0.2
2224,4,84,6,13.876185417175293,0.0,13.876185417175293,6.814008712768555,27.56053924560547,3.8653249740600586,4.651094436645508,11.739480972290039,0.2
2225,4,137,6,17.11864471435547,14.542032241821289,17.11864471435547,15.949607849121094,1.0974687337875366,15.088766098022461,15.934406280517578,17.004554748535156,0.15
2226,4,102,6,36.469635009765625,33.91831588745117,36.469635009765625,35.23919677734375,0.8950942754745483,34.64938735961914,35.02474594116211,36.111297607421875,0.0
2227,4,138,6,23.80503273010254,21.287309646606445,24.68750762939453,23.515798568725586,1.171918511390686,23.42759132385254,23.80503273010254,24.107358932495117,0.0
2228,4,132,6,37.82067108154297,29.54043197631836,39.03839874267578,35.85922622680664,9.70262622833252,35.31752014160156,36.79420471191406,37.82067108154297,0.0
2229,4,151,6,41.04255676269531,40.19146728515625,41.9113655090332,41.109275817871094,0.3258545994758606,40.83848571777344,41.04255676269531,41.533573150634766,0.0
2230,4,140,6,31.15415382385254,26.58700942993164,31.981700897216797,30.054988861083984,4.717567443847656,28.411865234375,31.15415382385254,31.754898071289062,0.0
2231,4,137,6,20.993846893310547,18.901626586914062,22.375572204589844,21.158842086791992,1.2767207622528076,20.993846893310547,21.312118530273438,21.9509220123291,0.05
2232,4,146,6,37.58429718017578,37.55503845214844,38.941627502441406,38.05545425415039,0.27898555994033813,37.58429718017578,37.888885498046875,38.40385437011719,0.0
2233,4,146,6,29.861373901367188,29.861373901367188,30.671295166015625,30.192481994628906,0.11689885705709457,29.86448860168457,30.102436065673828,30.499744415283203,0.0
2234,4,106,6,45.796165466308594,43.81428527832031,48.92201232910156,46.44389343261719,2.509852170944214,45.796165466308594,46.36068344116211,47.28844451904297,0.0
2235,4,143,6,18.911911010742188,16.88901138305664,18.911911010742188,17.880979537963867,0.650527834892273,17.184654235839844,17.784067153930664,18.64499282836914,0.0
2236,4,152,6,17.861915588378906,15.530879020690918,17.861915588378906,16.813085556030273,0.7348548173904419,16.230300903320312,16.777896881103516,17.60609245300293,0.1
2237,4,116,6,36.62778091430664,36.008731842041016,38.81671142578125,37.06739807128906,0.7650316953659058,36.62778091430664,36.869712829589844,37.18671417236328,0.0
2238,4,148,6,33.882808685302734,28.614307403564453,33.96036911010742,31.63750648498535,5.6175713539123535,29.254497528076172,32.30046463012695,33.882808685302734,0.0
2239,4,141,6,28.543594360351562,27.236610412597656,28.543594360351562,27.947341918945312,0.28750091791152954,27.508146286010742,27.931415557861328,28.48832130432129,0.0
2240,4,116,6,46.89244842529297,44.741065979003906,48.59210968017578,47.13883590698242,1.5337985754013062,46.89244842529297,47.22199630737305,48.010440826416016,0.0
2241,4,116,6,22.37305450439453,0.0,22.988874435424805,18.346538543701172,67.8343276977539,20.930866241455078,22.013851165771484,22.37305450439453,0.25
2242,4,144,6,47.86127471923828,43.54119110107422,47.86127471923828,46.579837799072266,2.3979203701019287,46.01816177368164,47.26972961425781,47.7695198059082,0.0
2243,4,135,6,29.955495834350586,29.955495834350586,35.459754943847656,33.24242401123047,5.8100385665893555,30.854928970336914,34.326045989990234,35.348487854003906,0.05
2244,4,144,6,28.826404571533203,21.66031265258789,28.826404571533203,24.95847511291504,8.791563034057617,22.23618507385254,24.32760238647461,27.884315490722656,0.0
2245,4,115,6,39.10020065307617,37.83586120605469,39.10020065307617,38.73707580566406,0.19378872215747833,38.64963912963867,38.9077262878418,39.057437896728516,0.0
2246,4,149,6,28.64400863647461,23.745361328125,28.64400863647461,26.118173599243164,4.499513626098633,24.00641632080078,25.954252243041992,28.27908706665039,0.0
2247,4,149,6,39.54276657104492,38.235992431640625,40.12854766845703,39.496456146240234,0.3588825464248657,39.54276657104492,39.607200622558594,39.81067657470703,0.05
2248,4,152,6,16.26520538330078,14.499870300292969,16.84636688232422,15.89870834350586,0.5272013545036316,15.755207061767578,16.014097213745117,16.26520538330078,0.05
2249,4,134,6,25.007606506347656,22.432937622070312,25.737756729125977,24.400197982788086,1.2217597961425781,23.7989501953125,24.866310119628906,25.007606506347656,0.05
2250,4,108,6,31.758581161499023,25.418529510498047,31.758581161499023,28.836830139160156,5.948949337005615,26.854286193847656,28.800491333007812,31.228120803833008,0.0
2251,4,130,6,42.93224334716797,25.380901336669922,42.93224334716797,34.350868225097656,47.59159469604492,28.508569717407227,33.642147064208984,41.193336486816406,0.05
2252,4,124,6,20.059783935546875,16.590314865112305,22.112030029296875,19.586851119995117,4.790462493896484,17.627769470214844,20.059783935546875,21.426517486572266,0.25
2253,4,156,6,25.78610610961914,20.94660758972168,26.172649383544922,24.423694610595703,3.2575275897979736,23.77239418029785,25.00868034362793,25.78610610961914,0.05
2254,4,138,6,24.370059967041016,22.100311279296875,24.370059967041016,23.40572166442871,0.8011756539344788,22.64719581604004,23.555139541625977,24.270633697509766,0.0
2255,4,127,6,10.775215148925781,7.349602699279785,10.775215148925781,9.227987289428711,1.7484756708145142,8.165864944458008,9.231557846069336,10.534904479980469,0.15
2256,4,135,6,28.89041519165039,23.224246978759766,28.89041519165039,25.449148178100586,5.982936382293701,23.8033447265625,23.957561492919922,27.67426109313965,0.0
2257,4,144,6,32.15601348876953,30.992374420166016,32.15601348876953,31.836944580078125,0.1709979772567749,31.740081787109375,32.027801513671875,32.13706970214844,0.05
2258,4,154,6,35.42319869995117,35.42319869995117,40.94431686401367,37.88918685913086,4.605025768280029,35.74489974975586,37.9674186706543,39.513389587402344,0.0
2259,4,129,6,39.577239990234375,35.33397674560547,39.577239990234375,37.791751861572266,2.2261898517608643,37.07461166381836,37.6222038269043,39.18265914916992,0.0
2260,4,130,6,19.634788513183594,15.906848907470703,19.724620819091797,18.395822525024414,2.0103046894073486,17.594282150268555,18.828529357910156,19.634788513183594,0.05
2261,4,141,6,38.57796859741211,36.16714859008789,40.167354583740234,38.52411651611328,1.4178063869476318,38.57796859741211,38.614593505859375,38.91507339477539,0.0
2262,4,155,6,5.206024169921875,0.0,5.206024169921875,4.1010637283325195,3.425145149230957,4.56228494644165,4.852875709533691,5.135108947753906,0.2
2263,4,136,6,18.395666122436523,17.8830623626709,18.648788452148438,18.37215232849121,0.058657463639974594,18.362449645996094,18.395666122436523,18.517681121826172,0.05
2264,4,145,6,25.954784393310547,25.581188201904297,27.42209243774414,26.52877426147461,0.5340346693992615,25.954784393310547,26.416519165039062,27.255718231201172,0.05
2265,4,152,6,38.84120178222656,38.759674072265625,39.908302307128906,39.03852462768555,0.16508126258850098,38.78668212890625,38.84120178222656,39.04448699951172,0.0
2266,4,82,6,31.053226470947266,30.413063049316406,31.16651725769043,30.834035873413086,0.07501335442066193,30.634048461914062,30.881200790405273,31.053226470947266,0.0
2267,4,126,6,42.89875793457031,42.89875793457031,45.71337890625,44.24770736694336,1.3247692584991455,43.079429626464844,44.32683563232422,45.24931335449219,0.0
2268,4,143,6,24.82183074951172,22.96856689453125,24.82183074951172,23.817974090576172,0.5723121166229248,23.182889938354492,23.583961486816406,24.571239471435547,0.2
2269,4,125,6,36.57957458496094,30.762699127197266,36.57957458496094,33.78984832763672,5.449330806732178,31.80770492553711,33.58868408203125,36.15121841430664,0.15
2270,4,149,6,28.11171531677246,26.02328872680664,28.11171531677246,27.17778205871582,0.6274802684783936,26.560409545898438,27.231796264648438,27.90656280517578,0.0
2271,4,135,6,23.071252822875977,23.071252822875977,24.61477279663086,23.89395523071289,0.3877190351486206,23.27188491821289,24.09185791015625,24.3945369720459,0.0
2272,4,148,6,21.595638275146484,18.50830841064453,21.595638275146484,19.72493553161621,1.859310269355774,18.548980712890625,19.067323684692383,21.067947387695312,0.15
2273,4,154,6,19.612159729003906,18.575284957885742,19.638900756835938,19.153182983398438,0.22915974259376526,18.667152404785156,19.249366760253906,19.612159729003906,0.0
2274,4,108,6,16.014137268066406,0.0,17.111717224121094,13.567729949951172,37.263221740722656,15.391287803649902,16.014137268066406,16.815570831298828,0.25
2275,4,147,6,22.888694763183594,20.61252212524414,22.888694763183594,22.153093338012695,0.583101749420166,22.068767547607422,22.258705139160156,22.735532760620117,0.05
2276,4,147,6,22.830623626708984,0.0,22.830623626708984,17.854084014892578,65.40409851074219,19.50441551208496,21.187244415283203,22.52875518798828,0.1
2277,4,122,6,59.3704833984375,54.59562683105469,59.3704833984375,57.201454162597656,3.1549525260925293,55.933868408203125,57.075496673583984,58.922603607177734,0.0
2278,4,143,6,19.183265686035156,18.595239639282227,19.183265686035156,18.890949249267578,0.06809277087450027,18.644245147705078,18.873775482177734,19.157377243041992,0.25
2279,4,140,6,24.337255477905273,23.656747817993164,25.409093856811523,24.53183364868164,0.3828759491443634,24.21366310119629,24.337255477905273,25.042945861816406,0.0
2280,4,149,6,24.85667610168457,22.1597900390625,25.17119598388672,24.208648681640625,1.0845816135406494,23.848506927490234,24.735492706298828,24.85667610168457,0.0
2281,4,153,6,19.440786361694336,18.861997604370117,19.776718139648438,19.272205352783203,0.09583435952663422,19.03958511352539,19.265514373779297,19.440786361694336,0.0
2282,4,149,6,49.40812683105469,37.15628433227539,51.881778717041016,46.1045036315918,33.64338684082031,41.51063537597656,49.40812683105469,49.772953033447266,0.0
2283,4,94,6,61.89500427246094,55.394737243652344,61.89500427246094,60.02803039550781,5.634629726409912,59.11012268066406,61.180824279785156,61.86789321899414,0.0
2284,4,122,6,25.921436309814453,22.505718231201172,28.113971710205078,26.171802520751953,3.4934685230255127,25.921436309814453,26.223848342895508,27.66305923461914,0.0
2285,4,147,6,31.328556060791016,26.663516998291016,32.380584716796875,30.565784454345703,3.317317008972168,30.759294509887695,31.175107955932617,31.328556060791016,0.05
2286,4,125,6,18.71591567993164,18.31447410583496,20.50012969970703,18.97528076171875,0.49839645624160767,18.682601928710938,18.71591567993164,18.879297256469727,0.1
2287,4,158,6,17.840648651123047,16.479827880859375,17.840648651123047,17.465341567993164,0.23341168463230133,17.356502532958984,17.664588928222656,17.832584381103516,0.0
2288,4,140,6,35.97808074951172,35.97808074951172,38.25467300415039,36.790042877197266,0.7824857234954834,36.033485412597656,36.40802764892578,37.439117431640625,0.0
2289,4,153,6,42.77368927001953,42.21739196777344,44.955902099609375,42.9053840637207,0.8906773328781128,42.297325134277344,42.62324523925781,42.77368927001953,0.0
2290,4,146,6,31.195777893066406,20.907855987548828,31.195777893066406,25.487812042236328,17.115203857421875,22.694992065429688,23.61182403564453,29.310611724853516,0.05
2291,4,123,6,32.57998275756836,28.677539825439453,40.9099006652832,33.89208221435547,14.498892784118652,32.491825103759766,32.57998275756836,35.25197982788086,0.0
2292,4,148,6,28.951671600341797,26.04239273071289,29.660152435302734,28.207727432250977,1.3676303625106812,27.813444137573242,28.392749786376953,28.951671600341797,0.0
2293,4,140,6,34.37512969970703,32.033138275146484,34.72644805908203,33.9871940612793,0.825954258441925,34.01544952392578,34.37512969970703,34.48210906982422,0.0
2294,4,146,6,22.11041831970215,21.420080184936523,24.68267822265625,23.18008804321289,1.7618792057037354,22.11041831970215,23.161327362060547,24.46158218383789,0.05
2295,4,137,6,43.6974983215332,37.214630126953125,43.6974983215332,40.863487243652344,5.624431610107422,39.25624084472656,40.83976364135742,43.10558319091797,0.0
2296,4,147,6,16.847972869873047,16.847972869873047,20.821552276611328,18.818992614746094,2.6342573165893555,17.281612396240234,18.797225952148438,20.354480743408203,0.1
2297,4,139,6,24.246450424194336,24.246450424194336,24.916061401367188,24.59132194519043,0.08051647990942001,24.303272247314453,24.61872100830078,24.86707305908203,0.0
2298,4,127,6,21.720476150512695,16.10361099243164,22.571086883544922,20.396347045898438,4.472412586212158,20.069799423217773,20.987262725830078,21.720476150512695,0.0
2299,4,156,6,17.89874267578125,17.708412170410156,18.343486785888672,17.981212615966797,0.042874060571193695,17.88949203491211,17.89874267578125,18.08829689025879,0.0
2300,4,146,6,27.40430450439453,24.107906341552734,27.40430450439453,25.91709327697754,1.44345223903656,25.1500186920166,25.78036880493164,27.062374114990234,0.05
2301,4,150,6,24.05060386657715,19.971765518188477,24.05060386657715,22.515960693359375,1.9247655868530273,22.113147735595703,22.462316513061523,23.729585647583008,0.0
2302,4,150,6,26.231136322021484,26.231136322021484,27.68533706665039,27.116519927978516,0.3997900187969208,26.52027130126953,27.475658416748047,27.59105110168457,0.0
2303,4,55,6,41.60001754760742,41.60001754760742,50.652015686035156,46.52368927001953,12.947915077209473,43.07957077026367,48.16695785522461,48.921051025390625,0.0
2304,4,148,6,29.323455810546875,28.179471969604492,29.581584930419922,29.196847915649414,0.2165888398885727,29.311683654785156,29.323455810546875,29.429880142211914,0.05
2305,4,131,6,37.165496826171875,33.59857177734375,37.165496826171875,35.79262161254883,1.5491514205932617,35.26680374145508,35.79182434082031,36.93511199951172,0.0
2306,4,126,6,30.328903198242188,0.0,30.328903198242188,20.581995010375977,118.3873062133789,15.649215698242188,24.78083038330078,29.442249298095703,0.15
2307,4,130,6,26.580917358398438,25.91022491455078,26.580917358398438,26.223432540893555,0.07394803315401077,25.996875762939453,26.144685745239258,26.49553108215332,0.0
2308,4,130,6,24.360504150390625,21.32373046875,24.360504150390625,22.783794403076172,1.3714828491210938,22.002296447753906,22.386144638061523,23.87546157836914,0.0
2309,4,157,6,28.6981201171875,24.491018295288086,28.6981201171875,26.68384552001953,2.366853952407837,25.864608764648438,26.231487274169922,28.089351654052734,0.05
2310,4,120,6,21.471969604492188,21.471969604492188,23.05909538269043,22.450572967529297,0.49778860807418823,21.766172409057617,22.835899353027344,23.027210235595703,0.05
2311,4,150,6,35.413543701171875,31.39971923828125,35.681365966796875,34.536155700683594,2.402468681335449,34.153011322021484,35.413543701171875,35.53533172607422,0.0
2312,4,148,6,17.089656829833984,16.774856567382812,17.428253173828125,17.03330421447754,0.043731097131967545,16.89210319519043,17.015777587890625,17.089656829833984,0.0
2313,4,103,6,53.77605056762695,50.970664978027344,58.52497100830078,54.59168243408203,5.135004997253418,53.77605056762695,54.45538330078125,55.309410095214844,0.0
2314,4,90,6,16.23979949951172,16.23979949951172,17.391965866088867,16.633331298828125,0.1822718232870102,16.2672119140625,16.470088958740234,16.888870239257812,0.1
2315,4,125,6,16.179931640625,0.0,16.179931640625,11.048081398010254,29.28118324279785,10.860170364379883,11.66264533996582,15.058602333068848,0.2
2316,4,134,6,20.197898864746094,17.926366806030273,20.197898864746094,19.098602294921875,0.8455597758293152,18.277603149414062,19.047664642333984,20.025238037109375,0.0
2317,4,116,6,25.634069442749023,17.269376754760742,25.634069442749023,22.28192901611328,10.96219539642334,19.57535743713379,23.411020278930664,25.104719161987305,0.0
2318,4,130,6,38.2567253112793,34.79096984863281,38.2567253112793,36.57482147216797,1.689159631729126,35.68975067138672,36.28404998779297,37.827125549316406,0.0
2319,4,156,6,35.62340545654297,31.0167179107666,35.62340545654297,33.26186752319336,3.8694722652435303,31.444562911987305,32.97461700439453,35.27912902832031,0.0
2320,4,155,6,17.24097442626953,0.0,17.394935607910156,13.834600448608398,38.89956283569336,15.439156532287598,16.529367446899414,17.24097442626953,0.15
2321,4,148,6,22.091751098632812,20.698938369750977,22.091751098632812,21.494112014770508,0.36198732256889343,20.894365310668945,21.672256469726562,22.06386947631836,0.0
2322,4,152,6,24.560699462890625,24.298770904541016,26.408266067504883,25.094512939453125,0.6136524081230164,24.560699462890625,24.690738677978516,25.643596649169922,0.0
2323,4,79,6,36.53483963012695,36.40227508544922,36.8734130859375,36.646278381347656,0.028627876192331314,36.53483963012695,36.62078094482422,36.79586410522461,0.0
2324,4,97,6,36.52056121826172,33.06502914428711,38.293922424316406,36.61203384399414,3.028987407684326,36.52056121826172,36.79328918457031,37.92108917236328,0.0
2325,4,131,6,19.759702682495117,13.957019805908203,20.35833740234375,17.261873245239258,7.667171001434326,14.42727279663086,17.75493621826172,19.759702682495117,0.0
2326,4,157,6,24.47460174560547,23.71392250061035,26.92493438720703,25.228214263916016,1.2132290601730347,24.47460174560547,25.074195861816406,25.999027252197266,0.05
2327,4,156,6,19.465862274169922,0.0,19.465862274169922,15.04920768737793,46.45759582519531,16.793235778808594,17.34561538696289,18.98318862915039,0.05
2328,4,124,6,23.51375961303711,0.0,23.51375961303711,15.877374649047852,66.14413452148438,13.590692520141602,17.507843017578125,22.714332580566406,0.2
2329,4,111,6,1.3808435201644897,0.0,1.582822322845459,1.0948967933654785,0.32472139596939087,0.8669973015785217,1.3808435201644897,1.4920778274536133,0.25
2330,4,143,6,22.65020751953125,18.020532608032227,22.65020751953125,20.99457550048828,3.535407543182373,19.486112594604492,21.93366241455078,22.552759170532227,0.25
2331,4,122,6,27.48935890197754,0.0,27.48935890197754,18.095088958740234,107.38285064697266,11.87384033203125,21.588722229003906,27.348318099975586,0.15
2332,4,128,6,25.279613494873047,24.220806121826172,25.538835525512695,24.98300552368164,0.2115655392408371,24.662734985351562,25.16144371032715,25.279613494873047,0.0
2333,4,144,6,20.25971794128418,0.0,20.25971794128418,15.726478576660156,50.72113800048828,17.375211715698242,18.353382110595703,19.84577178955078,0.2
2334,4,127,6,50.33991241455078,48.98059844970703,51.54377746582031,50.28286361694336,0.906512975692749,49.493289947509766,50.33991241455078,51.04639434814453,0.0
2335,4,155,6,8.132468223571777,0.0,8.257211685180664,6.528518199920654,8.677882194519043,7.249529838562012,7.803424835205078,8.132468223571777,0.2
2336,4,106,6,28.875093460083008,24.538047790527344,28.875093460083008,27.22308349609375,3.227362632751465,25.645004272460938,28.04233169555664,28.75668716430664,0.0
2337,4,145,6,27.922119140625,22.437034606933594,27.922119140625,25.066434860229492,5.571914196014404,22.846790313720703,24.694028854370117,27.48876953125,0.0
2338,4,142,6,31.262550354003906,31.262550354003906,32.07423782348633,31.68033790588379,0.10058749467134476,31.376876831054688,31.754741668701172,31.92730712890625,0.0
2339,4,116,6,51.546119689941406,41.543155670166016,51.546119689941406,47.836788177490234,12.265559196472168,46.18096923828125,48.463130950927734,50.80449676513672,0.0
2340,4,120,6,36.97924041748047,33.07432556152344,36.97924041748047,35.19840621948242,2.0356335639953613,34.279014587402344,35.04405975341797,36.52957534790039,0.0
2341,4,120,6,29.91163444519043,25.242595672607422,30.03321647644043,28.58538055419922,3.0515308380126953,27.813871383666992,29.45185089111328,29.91163444519043,0.0
2342,4,121,6,20.96379280090332,20.96379280090332,22.09723663330078,21.320405960083008,0.17618399858474731,20.993701934814453,21.118717193603516,21.533634185791016,0.0
2343,4,154,6,18.175079345703125,16.030080795288086,18.175079345703125,17.200822830200195,0.7077205181121826,16.572250366210938,17.131195068359375,18.046388626098633,0.0
2344,4,103,6,13.559911727905273,0.0,13.559911727905273,7.869438648223877,33.545738220214844,3.2036943435668945,8.481054306030273,13.557792663574219,0.15
2345,4,135,6,27.68890380859375,26.15475845336914,28.660568237304688,27.795686721801758,0.7005483508110046,27.68890380859375,27.812870025634766,28.467323303222656,0.05
2346,4,141,6,27.663345336914062,23.456340789794922,27.663345336914062,25.678199768066406,2.564138650894165,24.559528350830078,25.377870559692383,27.274730682373047,0.05
2347,4,98,6,37.819908142089844,34.964569091796875,37.819908142089844,36.886566162109375,0.959679126739502,36.611576080322266,37.135948181152344,37.65367126464844,0.1
2348,4,139,6,23.575397491455078,23.575397491455078,26.068950653076172,24.683460235595703,1.0216416120529175,23.70652198791504,24.51770782470703,25.618083953857422,0.0
2349,4,153,6,23.525405883789062,21.493059158325195,23.525405883789062,22.776954650878906,0.4716282784938812,22.604598999023438,22.764537811279297,23.363309860229492,0.0
2350,4,156,6,24.601001739501953,24.15186309814453,26.00885009765625,25.177791595458984,0.5535445213317871,24.601001739501953,25.205440521240234,25.873083114624023,0.0
2351,4,151,6,12.658546447753906,0.0,12.658546447753906,9.937248229980469,20.5633544921875,10.495755195617676,12.139066696166992,12.588885307312012,0.15
2352,4,112,6,20.068347930908203,19.444244384765625,20.869356155395508,20.196916580200195,0.18816536664962769,20.068347930908203,20.16655921936035,20.416015625,0.0
2353,4,146,6,57.164581298828125,53.61603927612305,57.164581298828125,55.96192932128906,2.225398063659668,54.755516052246094,56.83745574951172,57.15023422241211,0.0
2354,4,125,6,30.180431365966797,28.806642532348633,30.180431365966797,29.584651947021484,0.2382732480764389,29.33270263671875,29.5131893157959,30.04473876953125,0.0
2355,4,138,6,18.591835021972656,17.2829532623291,18.800373077392578,18.199108123779297,0.27004683017730713,17.958404541015625,18.283248901367188,18.591835021972656,0.0
2356,4,150,6,23.449811935424805,22.277023315429688,23.522804260253906,23.012470245361328,0.286013126373291,22.48729705810547,23.269140243530273,23.449811935424805,0.0
2357,4,141,6,33.70104217529297,28.234798431396484,33.70104217529297,31.395475387573242,4.476314544677734,29.94989776611328,31.393829345703125,33.484031677246094,0.05
2358,4,104,6,42.220611572265625,39.37453842163086,63.34065246582031,46.41114044189453,63.357452392578125,42.220611572265625,42.9531135559082,46.64002227783203,0.0
2359,4,157,6,28.63726806640625,26.075531005859375,28.63726806640625,27.689722061157227,0.7939875721931458,27.284059524536133,27.825660705566406,28.459428787231445,0.05
2360,4,157,6,37.028751373291016,37.028751373291016,38.92071533203125,37.5969352722168,0.4082965850830078,37.1143798828125,37.49097442626953,37.618751525878906,0.0
2361,4,151,6,25.605335235595703,20.64374351501465,25.605335235595703,23.259401321411133,3.4150702953338623,21.978717803955078,23.00528335571289,24.996496200561523,0.1
2362,4,126,6,20.476530075073242,20.01674461364746,22.81655502319336,21.462541580200195,1.3358708620071411,20.476530075073242,21.438766479492188,22.54116439819336,0.0
2363,4,145,6,19.867450714111328,0.0,19.867450714111328,13.632725715637207,46.42759704589844,11.967636108398438,15.52243423461914,18.956605911254883,0.2
2364,4,157,6,40.631813049316406,38.387229919433594,40.631813049316406,39.609107971191406,0.6509323120117188,39.197940826416016,39.40880584716797,40.36994934082031,0.0
2365,4,154,6,26.87675666809082,22.717731475830078,27.216339111328125,26.13188934326172,2.429964542388916,26.350051879882812,26.87675666809082,26.916139602661133,0.25
2366,4,157,6,22.453779220581055,21.248056411743164,22.453779220581055,22.104496002197266,0.16751016676425934,22.08218765258789,22.211183547973633,22.400482177734375,0.25
2367,4,153,6,29.181320190429688,29.181320190429688,30.401308059692383,29.698274612426758,0.24273739755153656,29.220359802246094,29.605422973632812,30.12948226928711,0.0
2368,4,146,6,25.57449722290039,23.93413734436035,25.57449722290039,24.778968811035156,0.4153827726840973,24.23248863220215,24.763282775878906,25.378110885620117,0.0
2369,4,137,6,15.145345687866211,13.27978515625,15.145345687866211,14.189441680908203,0.6357496380805969,13.40748405456543,14.12588119506836,15.000274658203125,0.0
2370,4,135,6,43.91255187988281,38.13056945800781,43.91255187988281,41.02539825439453,4.7744364738464355,39.58856201171875,40.43657302856445,43.05681610107422,0.0
2371,4,130,6,32.67660903930664,31.348297119140625,33.237213134765625,32.577178955078125,0.381996214389801,32.47142028808594,32.67660903930664,33.010135650634766,0.0
2372,4,145,6,21.32839584350586,17.491554260253906,21.32839584350586,20.208820343017578,1.820661187171936,19.84079360961914,20.73680877685547,21.24713134765625,0.05
2373,4,155,6,19.59130859375,18.926610946655273,19.71704864501953,19.505435943603516,0.06921394169330597,19.578899383544922,19.59130859375,19.62150764465332,0.0
2374,4,122,6,26.178451538085938,25.19877815246582,27.286746978759766,26.10840606689453,0.3964245915412903,25.810956954956055,26.13427734375,26.178451538085938,0.0
2375,4,136,6,36.63706970214844,34.92937469482422,36.8435173034668,36.33638381958008,0.42018479108810425,36.39482116699219,36.63706970214844,36.65217208862305,0.0
2376,4,123,6,41.89418029785156,39.33513641357422,41.89418029785156,41.07707977294922,0.8406821489334106,40.71662139892578,41.34759521484375,41.860660552978516,0.0
2377,4,154,6,13.19636344909668,0.0,13.19636344909668,10.423206329345703,22.305274963378906,11.462566375732422,12.355709075927734,13.188882827758789,0.2
2378,4,119,6,34.298973083496094,30.721126556396484,34.537357330322266,33.036293029785156,2.0991597175598145,31.97791862487793,33.442569732666016,34.298973083496094,0.05
2379,4,157,6,22.89895248413086,20.176734924316406,22.89895248413086,21.443538665771484,1.201122522354126,20.53818130493164,21.172624588012695,22.47835350036621,0.0
2380,4,108,6,15.707942008972168,14.949316024780273,15.915270805358887,15.59792423248291,0.09226866811513901,15.638467788696289,15.695810317993164,15.707942008972168,0.05
2381,4,151,6,28.446388244628906,26.623197555541992,29.33761978149414,28.225799560546875,0.6941794157028198,28.02806854248047,28.446388244628906,28.571029663085938,0.05
2382,4,142,6,10.818565368652344,10.194746017456055,12.122970581054688,11.291035652160645,0.5163636207580566,10.818565368652344,11.299503326416016,11.953304290771484,0.2
2383,4,134,6,25.143936157226562,24.382688522338867,26.075439453125,24.999271392822266,0.3162599503993988,24.556846618652344,24.952342987060547,25.143936157226562,0.0
2384,4,154,6,62.79560852050781,59.060157775878906,62.79560852050781,60.7783088684082,2.609876871109009,59.23194885253906,60.44542694091797,62.433189392089844,0.0
2385,4,151,6,22.20859146118164,19.614795684814453,22.20859146118164,21.13762092590332,1.2324748039245605,20.054214477539062,21.57508087158203,22.122455596923828,0.25
2386,4,126,6,24.31557273864746,24.31557273864746,25.427043914794922,24.79914093017578,0.20989929139614105,24.344249725341797,24.755176544189453,25.18975067138672,0.0
2387,4,146,6,17.146841049194336,15.153617858886719,17.210704803466797,16.523948669433594,0.594157874584198,16.055267333984375,16.882415771484375,17.146841049194336,0.05
2388,4,95,6,17.915042877197266,17.915042877197266,18.306272506713867,18.071264266967773,0.01842084527015686,17.94849395751953,18.073850631713867,18.132360458374023,0.0
2389,4,138,6,39.08991241455078,33.90847396850586,39.08991241455078,37.699790954589844,3.6672556400299072,37.08672332763672,38.792091369628906,39.021453857421875,0.0
2390,4,142,6,21.304656982421875,21.304656982421875,25.073537826538086,23.04667854309082,2.2249596118927,21.574440002441406,22.99889373779297,24.35307502746582,0.0
2391,4,146,6,45.15195083618164,39.60702133178711,45.15195083618164,42.36724853515625,4.354071140289307,41.13566589355469,41.60707092285156,44.340660095214844,0.0
2392,4,142,6,19.161958694458008,0.0,19.161958694458008,13.884040832519531,42.037147521972656,14.879559516906738,15.063868522644043,18.163288116455078,0.2
2393,4,154,6,10.002481460571289,10.002481460571289,11.044588088989258,10.486682891845703,0.20208799839019775,10.032661437988281,10.488901138305664,10.883210182189941,0.15
2394,4,141,6,39.26692199707031,38.57877731323242,42.70987319946289,40.27167892456055,2.870781898498535,39.24005126953125,39.26692199707031,41.749088287353516,0.0
2395,4,145,6,25.17445945739746,24.22014808654785,25.441638946533203,24.92215347290039,0.16297034919261932,24.69406509399414,25.03482437133789,25.17445945739746,0.0
2396,4,155,6,17.126441955566406,16.168180465698242,17.126441955566406,16.661659240722656,0.1481768637895584,16.310874938964844,16.672868728637695,17.02275848388672,0.0
2397,4,152,6,27.00958251953125,25.908706665039062,27.39875030517578,26.703792572021484,0.2486397922039032,26.362258911132812,26.81463050842285,27.00958251953125,0.0
2398,4,116,6,8.187614440917969,0.0,8.187614440917969,6.413863182067871,8.462522506713867,6.948911666870117,7.672493934631348,8.10026741027832,0.2
2399,4,125,6,33.06181335449219,24.592899322509766,33.08528137207031,29.431589126586914,14.082419395446777,25.78976058959961,30.331937789916992,33.06181335449219,0.0
2400,4,132,6,7.5734663009643555,0.0,7.5734663009643555,4.959832191467285,6.54797887802124,4.330461502075195,5.261430740356445,7.0472517013549805,0.2
2401,4,157,6,34.229488372802734,29.196094512939453,34.229488372802734,31.653730392456055,3.6360690593719482,30.595794677734375,30.87342071533203,33.403385162353516,0.0
2402,4,143,6,32.44929504394531,29.459993362426758,32.69953536987305,31.67598533630371,1.669586181640625,30.8490047454834,32.44929504394531,32.62398910522461,0.1
2403,4,153,6,20.712074279785156,16.68974494934082,20.712074279785156,18.849720001220703,2.5124735832214355,17.449966430664062,18.940534591674805,20.381877899169922,0.1
2404,4,150,6,18.79250144958496,18.79250144958496,20.01922607421875,19.37264633178711,0.2500171661376953,18.874534606933594,19.357269287109375,19.836305618286133,0.1
2405,4,147,6,15.971821784973145,14.788399696350098,15.971821784973145,15.511300086975098,0.1635601818561554,15.369285583496094,15.493936538696289,15.867463111877441,0.0
2406,4,119,6,65.66629028320312,65.50143432617188,66.36940002441406,65.80918884277344,0.09141506254673004,65.61949157714844,65.66629028320312,65.95245361328125,0.0
2407,4,150,6,22.441574096679688,0.0,22.441574096679688,17.135578155517578,62.663368225097656,17.51380157470703,20.47393798828125,22.291179656982422,0.15
2408,4,107,6,29.75081443786621,27.18980598449707,29.75081443786621,28.190540313720703,1.2308704853057861,27.419689178466797,27.522724151611328,29.209558486938477,0.05
2409,4,147,6,37.997222900390625,35.976585388183594,38.101654052734375,37.33210754394531,0.6034215092658997,36.89958953857422,37.53899383544922,37.997222900390625,0.0
2410,4,145,6,20.49464988708496,18.759052276611328,20.49464988708496,19.56141471862793,0.46797215938568115,19.092744827270508,19.29007911682129,20.203262329101562,0.0
2411,4,147,6,68.88771057128906,66.77557373046875,69.42692565917969,68.23623657226562,1.0075987577438354,67.346923828125,68.67654418945312,68.88771057128906,0.0
2412,4,139,6,28.663223266601562,26.039505004882812,28.663223266601562,28.060340881347656,0.8704087734222412,28.101245880126953,28.48516082763672,28.658077239990234,0.0
2413,4,129,6,33.000144958496094,29.513492584228516,33.31608581542969,32.16511535644531,1.6809771060943604,31.880054473876953,32.74062728881836,33.000144958496094,0.0
2414,4,140,6,21.64581871032715,17.67281723022461,23.201984405517578,21.246313095092773,2.9320480823516846,21.34250259399414,21.64581871032715,21.963987350463867,0.0
2415,4,147,6,19.120222091674805,17.395790100097656,20.300006866455078,18.91872787475586,0.808804452419281,18.492294311523438,19.120222091674805,19.249914169311523,0.0
2416,4,137,6,39.307586669921875,33.384178161621094,40.39268493652344,37.268898010253906,6.69546365737915,35.17596435546875,37.89383316040039,39.307586669921875,0.0
2417,4,129,6,48.90437316894531,48.01103591918945,49.699737548828125,48.86015319824219,0.3454107642173767,48.417503356933594,48.90437316894531,49.265724182128906,0.0
2418,4,141,6,21.096240997314453,16.982044219970703,21.096240997314453,20.034631729125977,2.057692527770996,20.023948669433594,20.524452209472656,21.048730850219727,0.05
2419,4,128,6,71.81024169921875,71.42903137207031,72.23966979980469,71.87242889404297,0.059976764023303986,71.81024169921875,71.88317108154297,71.98099517822266,0.0
2420,4,137,6,43.77993392944336,35.54664611816406,43.77993392944336,39.8514289855957,9.488569259643555,37.790252685546875,39.182830810546875,42.86341094970703,0.0
2421,4,128,6,25.9681453704834,24.73135757446289,25.9681453704834,25.462440490722656,0.28174349665641785,24.961156845092773,25.63103485107422,25.96416664123535,0.0
2422,4,150,6,22.07630729675293,22.076034545898438,22.83307647705078,22.2639102935791,0.08243211358785629,22.07630729675293,22.0784912109375,22.350961685180664,0.0
2423,4,143,6,51.63524627685547,45.4998779296875,53.67871856689453,50.78868103027344,8.287494659423828,49.449459075927734,51.63524627685547,53.080406188964844,0.0
2424,4,141,6,38.00371170043945,35.145660400390625,38.00371170043945,36.322509765625,1.4673036336898804,35.38005828857422,35.729461669921875,37.4797477722168,0.0
2425,4,127,6,31.56191635131836,27.089588165283203,31.56191635131836,29.88353157043457,2.3966948986053467,29.20688247680664,30.029129028320312,31.251251220703125,0.0
2426,4,122,6,57.10629653930664,53.24551773071289,59.65676498413086,56.595481872558594,3.570992946624756,56.15674591064453,56.739906311035156,57.10629653930664,0.0
2427,4,113,6,21.36541748046875,19.878395080566406,21.36541748046875,20.745025634765625,0.2900506258010864,20.3975887298584,20.786399841308594,21.235767364501953,0.0
2428,4,147,6,15.362760543823242,8.83990478515625,15.362760543823242,12.486324310302734,5.25708532333374,11.591947555541992,11.880805969238281,14.563705444335938,0.05
2429,4,123,6,31.933456420898438,28.547725677490234,31.933456420898438,30.65290069580078,1.8195358514785767,29.602331161499023,31.06170654296875,31.91313362121582,0.0
2430,4,92,6,47.999698638916016,40.13702392578125,53.479217529296875,46.295963287353516,21.89922523498535,42.269065856933594,47.85088348388672,47.999698638916016,0.0
2431,4,145,6,29.81437110900879,25.976076126098633,29.81437110900879,28.297834396362305,1.7846758365631104,27.664304733276367,28.357425689697266,29.475685119628906,0.0
2432,4,122,6,31.214397430419922,28.576940536499023,31.8411808013916,30.766691207885742,1.1159812211990356,30.660449981689453,31.214397430419922,31.261669158935547,0.0
2433,4,147,6,18.965011596679688,18.598148345947266,19.417530059814453,19.023122787475586,0.06742756068706512,18.94401741027832,18.965011596679688,19.18326187133789,0.15
2434,4,144,6,24.100997924804688,21.01500129699707,24.100997924804688,22.653076171875,1.5530964136123657,21.60596466064453,22.581979751586914,23.913898468017578,0.0
2435,4,157,6,18.101665496826172,16.130773544311523,19.464797973632812,18.315624237060547,1.209485650062561,18.101665496826172,18.570646286010742,19.05132293701172,0.1
2436,4,155,6,19.392789840698242,18.614845275878906,19.92029571533203,19.230920791625977,0.1802523136138916,18.923139572143555,19.321855545043945,19.392789840698242,0.2
2437,4,149,6,25.519014358520508,0.0,25.519014358520508,18.13166618347168,76.35199737548828,17.309757232666016,20.385704040527344,24.757774353027344,0.1
2438,4,139,6,25.77374267578125,22.880977630615234,25.77374267578125,24.356170654296875,1.3083972930908203,23.454483032226562,24.14412498474121,25.51311492919922,0.0
2439,4,106,6,26.40802574157715,26.40802574157715,32.920501708984375,29.416501998901367,7.764310836791992,26.6082763671875,29.338003158569336,31.93157958984375,0.1
2440,4,132,6,13.76264762878418,12.183157920837402,13.76264762878418,12.933456420898438,0.5270265936851501,12.215648651123047,12.847269058227539,13.678281784057617,0.0
2441,4,137,6,12.772711753845215,0.0,12.772711753845215,8.257333755493164,18.842021942138672,6.934171676635742,8.757390975952148,11.886905670166016,0.2
2442,4,154,6,18.373210906982422,9.423689842224121,18.373210906982422,15.919520378112793,10.072813034057617,15.206576347351074,17.370880126953125,18.21270751953125,0.05
2443,4,150,6,39.69880676269531,33.1341667175293,39.69880676269531,35.78126525878906,7.94913911819458,33.628662109375,34.26897430419922,38.493324279785156,0.05
2444,4,136,6,19.61151885986328,17.453575134277344,19.61151885986328,18.719423294067383,0.5496882796287537,18.48999786376953,18.57916259765625,19.36941909790039,0.0
2445,4,129,6,39.90618896484375,37.296566009521484,41.06211853027344,39.341861724853516,1.372908592224121,38.81010055541992,39.553077697753906,39.90618896484375,0.0
2446,4,108,6,51.73011779785156,43.790008544921875,54.236328125,50.58683776855469,10.545034408569336,50.70701599121094,51.68389129638672,51.73011779785156,0.0
2447,4,152,6,20.3971004486084,14.238863945007324,20.3971004486084,17.932876586914062,5.670185089111328,16.203638076782227,18.284921646118164,20.23240852355957,0.05
2448,4,145,6,17.806875228881836,15.20776653289795,17.806875228881836,17.178363800048828,0.8191161751747131,17.277854919433594,17.504688262939453,17.759113311767578,0.0
2449,4,124,6,34.18309783935547,32.78803253173828,36.24732208251953,34.5364990234375,1.0956743955612183,34.18309783935547,34.457096099853516,34.99754333496094,0.0
2450,4,142,6,30.870285034179688,28.938657760620117,30.870285034179688,29.831350326538086,0.6022413969039917,29.204524993896484,29.592025756835938,30.58782196044922,0.0
2451,4,151,6,22.27980613708496,13.3736572265625,22.27980613708496,17.913732528686523,13.453253746032715,14.871858596801758,17.34123992919922,21.65860366821289,0.15
2452,4,127,6,16.683197021484375,0.0,16.683197021484375,11.23585033416748,31.75525665283203,10.358087539672852,11.892434120178223,15.798406600952148,0.2
2453,4,123,6,27.396583557128906,22.878551483154297,28.18893051147461,26.557186126708984,3.0029220581054688,26.533370971679688,27.276775360107422,27.396583557128906,0.0
2454,4,126,6,46.4017333984375,45.3387565612793,48.41132354736328,46.723297119140625,0.9260079264640808,46.38595199584961,46.4017333984375,47.15460205078125,0.0
2455,4,150,6,37.51067352294922,37.362518310546875,41.101295471191406,38.74413299560547,1.9518495798110962,37.51067352294922,38.39354705810547,39.596519470214844,0.0
2456,4,128,6,38.36186981201172,34.70375061035156,39.3652229309082,37.50398635864258,2.480173110961914,36.64100646972656,38.21332550048828,38.36186981201172,0.0
2457,4,136,6,12.798930168151855,11.900663375854492,12.798930168151855,12.286428451538086,0.1377149522304535,12.009170532226562,12.11347770690918,12.641587257385254,0.05
2458,4,143,6,27.758419036865234,0.0,29.904399871826172,23.310367584228516,110.27501678466797,26.211700439453125,27.758419036865234,28.49822998046875,0.15
2459,4,156,6,19.808990478515625,12.73629093170166,19.808990478515625,17.00239372253418,9.00969409942627,14.175333023071289,18.296478271484375,19.630001068115234,0.1
2460,4,118,6,23.03844451904297,20.102497100830078,28.78060531616211,24.797128677368164,8.901854515075684,23.03844451904297,24.757740020751953,27.128568649291992,0.0
2461,4,142,6,18.587284088134766,15.178516387939453,18.587284088134766,16.710664749145508,1.922098994255066,15.648225784301758,16.150062561035156,18.075353622436523,0.15
2462,4,147,6,21.031688690185547,11.881427764892578,22.309349060058594,17.847692489624023,15.057426452636719,14.830770492553711,18.809072494506836,21.031688690185547,0.0
2463,4,145,6,36.19048309326172,30.00796890258789,36.9968147277832,34.52764892578125,6.880118370056152,32.86456298828125,36.06578826904297,36.19048309326172,0.0
2464,4,134,6,40.056968688964844,35.10430145263672,40.056968688964844,37.625946044921875,4.217815399169922,35.78831481933594,37.439231872558594,39.71825408935547,0.0
2465,4,150,6,15.217331886291504,0.0,15.217331886291504,11.27989387512207,27.24127769470215,11.800909042358398,12.882617950439453,14.662996292114258,0.2
2466,4,151,6,17.777332305908203,0.0,17.777332305908203,13.302146911621094,37.94630813598633,13.724288940429688,15.372620582580566,17.42975425720215,0.2
2467,4,141,6,30.919479370117188,30.11202049255371,32.1448974609375,31.095428466796875,0.3676919937133789,30.919479370117188,31.012855529785156,31.30440330505371,0.0
2468,4,154,6,8.86407470703125,0.0,8.86407470703125,6.276246547698975,9.392128944396973,5.863541603088379,7.061046600341797,8.670465469360352,0.2
2469,4,152,6,16.087181091308594,14.921748161315918,17.97504234313965,16.366403579711914,0.8185205459594727,16.087181091308594,16.30721664428711,16.58182144165039,0.2
2470,4,132,6,16.3013858795166,14.906213760375977,16.652923583984375,15.874615669250488,0.38326141238212585,15.39640998840332,16.068622589111328,16.3013858795166,0.1
2471,4,149,6,37.27897644042969,26.647260665893555,37.27897644042969,33.90677261352539,13.522916793823242,32.8016471862793,34.97386932373047,36.86028289794922,0.05
2472,4,118,6,18.03162956237793,17.004302978515625,18.03162956237793,17.4760684967041,0.17518192529678345,17.133758544921875,17.337425231933594,17.894174575805664,0.2
2473,4,138,6,23.120622634887695,21.063623428344727,23.234325408935547,22.614513397216797,0.6799049377441406,22.243915557861328,23.120622634887695,23.17730712890625,0.1
2474,4,156,6,17.255237579345703,14.70638370513916,17.255237579345703,16.188894271850586,1.0853952169418335,15.238834381103516,16.527498245239258,17.11247444152832,0.1
2475,4,110,6,39.2720832824707,0.0,39.472808837890625,29.944942474365234,215.2769012451172,26.816402435302734,39.05915069580078,39.2720832824707,0.1
2476,4,143,6,23.375864028930664,19.75738525390625,23.375864028930664,22.466249465942383,1.6005890369415283,22.45623779296875,22.960731506347656,23.331214904785156,0.05
2477,4,134,6,20.031917572021484,20.031917572021484,23.303085327148438,21.61658477783203,1.6433151960372925,20.39130401611328,21.666954040527344,22.71512222290039,0.05
2478,4,141,6,24.497106552124023,23.547588348388672,24.497106552124023,24.167675018310547,0.10783294588327408,24.05483055114746,24.212295532226562,24.453893661499023,0.0
2479,4,152,6,12.498492240905762,0.0,12.498492240905762,9.125937461853027,18.57588768005371,8.974724769592285,10.502394676208496,12.215730667114258,0.2
2480,4,145,6,17.0329532623291,14.994277954101562,17.823932647705078,16.581602096557617,1.0798609256744385,15.76334285736084,17.0329532623291,17.20725440979004,0.1
2481,4,136,6,48.87079620361328,43.44309616088867,48.87079620361328,46.73496627807617,5.10931921005249,44.71302032470703,47.5228271484375,48.836082458496094,0.0
2482,4,144,6,17.883636474609375,14.55362319946289,17.883636474609375,16.570051193237305,1.9120471477508545,15.309553146362305,17.117206573486328,17.810523986816406,0.0
2483,4,150,6,64.30899047851562,63.29676055908203,65.90858459472656,64.29727172851562,0.767360508441925,63.58641815185547,64.30899047851562,64.53829956054688,0.0
2484,4,126,6,20.49468231201172,19.3781681060791,21.797962188720703,20.688650131225586,0.6285792589187622,20.459009170532227,20.49468231201172,21.263134002685547,0.25
2485,4,145,6,14.5738525390625,0.0,14.5738525390625,9.91578197479248,29.191299438476562,7.001630783081055,12.37336540222168,14.315632820129395,0.15
2486,4,147,6,49.06563949584961,41.923641204833984,49.06563949584961,46.16386413574219,6.9634294509887695,44.53213119506836,46.25104522705078,48.71224594116211,0.05
2487,4,144,6,34.262176513671875,31.759328842163086,38.26225662231445,34.62393569946289,3.652050733566284,34.262176513671875,34.270057678222656,34.7592887878418,0.05
2488,4,156,6,43.38789367675781,43.38789367675781,49.66984558105469,46.32549285888672,7.788946628570557,43.51288986206055,46.32329177856445,48.835235595703125,0.0
2489,4,122,6,14.841814041137695,13.929078102111816,14.841814041137695,14.621034622192383,0.10041943192481995,14.665092468261719,14.732757568359375,14.818639755249023,0.0
2490,4,144,6,13.626096725463867,13.538228034973145,16.431594848632812,14.631362915039062,1.4832533597946167,13.626096725463867,14.008332252502441,15.729334831237793,0.2
2491,4,130,6,22.037307739257812,19.1391658782959,22.092018127441406,21.111696243286133,1.6898916959762573,20.049240112304688,21.992694854736328,22.037307739257812,0.0
2492,4,125,6,66.13516235351562,53.28594970703125,66.13516235351562,61.04934310913086,20.336002349853516,58.80096435546875,61.151283264160156,65.20396423339844,0.05
2493,4,136,6,21.026958465576172,0.0,21.026958465576172,14.75050163269043,55.502689361572266,12.534408569335938,17.283533096313477,20.789098739624023,0.15
2494,4,149,6,24.068782806396484,22.770809173583984,24.998546600341797,24.099088668823242,0.4563175141811371,24.068782806396484,24.133024215698242,24.417072296142578,0.0
2495,4,119,6,32.35526657104492,0.0,32.35526657104492,21.396242141723633,127.6139144897461,17.692279815673828,23.077346801757812,31.247011184692383,0.2
2496,4,144,6,32.558677673339844,29.343807220458984,32.558677673339844,31.246414184570312,1.2699570655822754,30.6763858795166,31.2276554107666,32.277957916259766,0.0
2497,4,142,6,20.933412551879883,0.0,20.933412551879883,16.087345123291016,53.381317138671875,17.729576110839844,18.602012634277344,20.361404418945312,0.2
2498,4,98,6,30.757537841796875,0.0,30.757537841796875,23.419918060302734,115.86002349853516,24.358396530151367,27.78957748413086,30.17350196838379,0.25
2499,4,144,6,42.95610046386719,39.670265197753906,44.69792938232422,41.7978630065918,3.4371016025543213,40.08319854736328,41.774932861328125,42.95610046386719,0.0
2500,4,130,6,37.52399826049805,30.20842933654785,37.52399826049805,34.8212776184082,6.449820518493652,33.69141387939453,35.19948959350586,37.005516052246094,0.05
2501,4,148,6,28.170120239257812,28.170120239257812,31.610872268676758,29.294471740722656,1.6044563055038452,28.216983795166016,28.79909896850586,29.973295211791992,0.0
2502,4,144,6,15.669392585754395,13.819125175476074,15.669392585754395,15.0977783203125,0.4489137530326843,14.803003311157227,15.378676414489746,15.641937255859375,0.05
2503,4,135,6,43.166343688964844,38.304351806640625,43.166343688964844,40.8810920715332,3.1122825145721436,39.97713851928711,40.3526611328125,42.53208923339844,0.0
2504,4,156,6,16.452316284179688,11.341330528259277,16.452316284179688,14.605175018310547,3.4546687602996826,13.570270538330078,15.007282257080078,16.300500869750977,0.15
2505,4,137,6,41.426513671875,41.276885986328125,43.496238708496094,42.229923248291016,0.7912435531616211,41.426513671875,42.03537368774414,42.992919921875,0.0
2506,4,147,6,28.1171932220459,28.1171932220459,31.999082565307617,29.86663818359375,2.648322582244873,28.28189468383789,29.579681396484375,31.451091766357422,0.0
2507,4,148,6,15.374368667602539,14.25463581085205,15.374368667602539,14.90947437286377,0.18852460384368896,14.551597595214844,15.013772964477539,15.305509567260742,0.25
2508,4,138,6,18.118606567382812,13.742778778076172,18.118606567382812,17.0567684173584,2.583664655685425,16.753969192504883,17.998397827148438,18.1070499420166,0.05
2509,4,150,6,24.817228317260742,23.80767059326172,24.817228317260742,24.289209365844727,0.17283041775226593,23.897518157958984,24.241844177246094,24.693405151367188,0.0
2510,4,138,6,30.65192413330078,29.230167388916016,30.66587257385254,30.110605239868164,0.3271065354347229,29.703996658325195,30.219772338867188,30.65192413330078,0.0
2511,4,147,6,20.99542236328125,16.947105407714844,20.99542236328125,19.012741088867188,3.2486252784729004,17.242656707763672,19.01582908630371,20.84195327758789,0.0
2512,4,136,6,32.81575012207031,29.649250030517578,32.81575012207031,31.833709716796875,1.1687341928482056,31.661865234375,32.0424690246582,32.6986083984375,0.05
2513,4,157,6,32.9647216796875,24.52568244934082,33.69562530517578,30.170875549316406,11.044020652770996,28.228084564208984,30.910158157348633,32.9647216796875,0.0
2514,4,129,6,34.87736511230469,26.32769775390625,34.87736511230469,31.01089096069336,9.276909828186035,29.636388778686523,30.17795181274414,33.830867767333984,0.0
2515,4,150,6,45.42106628417969,39.772315979003906,45.42106628417969,42.38976287841797,4.949098587036133,40.863983154296875,41.53043746948242,44.4644775390625,0.0
2516,4,144,6,34.900428771972656,33.56517791748047,34.900428771972656,34.43548583984375,0.20144274830818176,34.344993591308594,34.46283721923828,34.802650451660156,0.0
2517,4,131,6,39.30425262451172,33.70952606201172,39.84270477294922,37.60654067993164,5.64432430267334,35.8441276550293,38.916873931884766,39.30425262451172,0.05
2518,4,146,6,17.962932586669922,16.36402702331543,19.95976448059082,18.079242706298828,2.0792415142059326,16.779857635498047,17.962932586669922,19.370952606201172,0.0
2519,4,142,6,34.694007873535156,32.69062805175781,34.694007873535156,33.737483978271484,0.7128876447677612,33.00404739379883,33.679443359375,34.596702575683594,0.15
2520,4,138,6,35.393768310546875,32.57483673095703,35.393768310546875,34.38196563720703,0.9307104349136353,34.03770065307617,34.50947570800781,35.19522476196289,0.0
2521,4,141,6,28.125734329223633,23.83692741394043,28.125734329223633,26.512178421020508,2.322317123413086,25.675220489501953,26.80526351928711,27.85232162475586,0.1
2522,4,119,6,46.3122673034668,28.289583206176758,46.3122673034668,40.33898162841797,46.120750427246094,36.42010498046875,42.85382080078125,46.300106048583984,0.1
2523,4,145,6,17.21384048461914,10.955705642700195,17.21384048461914,14.141016960144043,8.869772911071777,11.222780227661133,14.144796371459961,17.13983917236328,0.15
2524,4,147,6,20.173311233520508,18.916765213012695,20.963197708129883,19.8680419921875,0.4406995475292206,19.397994995117188,19.924915313720703,20.173311233520508,0.1
2525,4,148,6,45.055999755859375,31.749361038208008,45.055999755859375,40.32197189331055,24.189714431762695,37.70998764038086,41.29313659667969,44.84173583984375,0.0
2526,4,155,6,12.500174522399902,12.500174522399902,12.926546096801758,12.665704727172852,0.029383350163698196,12.51144027709961,12.602190017700195,12.811999320983887,0.2
2527,4,145,6,31.97299575805664,24.026451110839844,31.97299575805664,28.211090087890625,8.971503257751465,25.991291046142578,27.846799850463867,31.112232208251953,0.1
2528,4,152,6,33.48257064819336,27.903879165649414,33.75912857055664,31.074663162231445,6.622928142547607,28.47559928894043,31.630558013916016,33.48257064819336,0.0
2529,4,141,6,25.425811767578125,21.777366638183594,25.68014907836914,24.212871551513672,2.0690054893493652,23.28260612487793,24.656370162963867,25.425811767578125,0.0
2530,4,149,6,63.434730529785156,62.307682037353516,65.25968933105469,63.23258972167969,1.0311492681503296,62.452274322509766,62.98412322998047,63.434730529785156,0.0
2531,4,156,6,19.95345687866211,11.038127899169922,19.95345687866211,15.790987968444824,10.284686088562012,14.361207962036133,14.788448333740234,18.666099548339844,0.2
2532,4,140,6,31.23290252685547,29.80307960510254,32.36537170410156,31.087589263916016,0.5710623264312744,30.85820960998535,31.17669677734375,31.23290252685547,0.0
2533,4,137,6,23.395545959472656,0.0,23.395545959472656,18.381166458129883,68.80571746826172,20.530467987060547,21.591049194335938,23.047075271606445,0.2
2534,4,147,6,14.155343055725098,0.0,14.155343055725098,10.904233932495117,24.72630500793457,11.64980697631836,12.922662734985352,13.880075454711914,0.25
2535,4,155,6,16.053024291992188,0.0,16.053024291992188,12.20840072631836,31.328350067138672,12.915343284606934,14.205192565917969,15.777498245239258,0.15
2536,4,137,6,18.953073501586914,18.095788955688477,19.986358642578125,19.017417907714844,0.41975846886634827,18.582252502441406,18.953073501586914,19.481447219848633,0.15
2537,4,128,6,25.114622116088867,23.240482330322266,25.114622116088867,24.258037567138672,0.4569830596446991,23.877307891845703,24.126916885375977,24.89061164855957,0.0
2538,4,148,6,50.72353744506836,49.291748046875,52.21806335449219,50.819068908691406,0.9325209259986877,50.32536697387695,50.72353744506836,51.504547119140625,0.0
2539,4,139,6,85.87388610839844,71.8017807006836,85.87388610839844,78.4214096069336,33.54057693481445,73.05650329589844,77.58309936523438,84.0,0.0
2540,4,131,6,19.63246726989746,18.651931762695312,19.63246726989746,19.217634201049805,0.12525853514671326,18.99959373474121,19.233016967773438,19.533447265625,0.0
2541,4,134,6,14.377591133117676,8.04134750366211,14.928709030151367,13.294075965881348,5.611218452453613,13.999223709106445,14.218984603881836,14.377591133117676,0.25
2542,4,152,6,30.35034942626953,28.200477600097656,30.35034942626953,29.765357971191406,0.5847942233085632,29.589847564697266,30.11534881591797,30.32579803466797,0.0
2543,4,135,6,38.449371337890625,34.6637077331543,38.449371337890625,36.888023376464844,1.9362066984176636,35.938804626464844,37.015464782714844,38.20702362060547,0.0
2544,4,148,6,17.142467498779297,15.13132381439209,17.54407501220703,16.458690643310547,0.8090811967849731,15.687948226928711,16.727142333984375,17.142467498779297,0.0
2545,4,108,6,36.406890869140625,32.56952667236328,36.406890869140625,34.823360443115234,1.9241104125976562,33.95237731933594,34.88800048828125,36.13243103027344,0.0
2546,4,140,6,32.20714569091797,29.769153594970703,32.55713653564453,31.297927856445312,1.1806721687316895,30.327144622802734,31.56166648864746,32.20714569091797,0.05
2547,4,153,6,26.333316802978516,21.76144790649414,26.333316802978516,24.15924072265625,2.977588176727295,22.872629165649414,23.95345687866211,25.819427490234375,0.1
2548,4,127,6,19.481731414794922,19.201282501220703,21.57307243347168,20.157100677490234,0.7045788168907166,19.481731414794922,20.038606643676758,20.605844497680664,0.0
2549,4,153,6,30.245973587036133,28.373910903930664,31.363170623779297,30.027254104614258,0.8207477927207947,29.744815826416016,30.245973587036133,30.329038619995117,0.05
2550,4,135,6,49.717994689941406,37.31550598144531,49.717994689941406,44.040916442871094,21.625173568725586,40.6276741027832,43.70534133911133,48.57597351074219,0.0
2551,4,154,6,23.59003448486328,15.048188209533691,23.59003448486328,20.250852584838867,10.453804016113281,17.909648895263672,21.20690155029297,23.033615112304688,0.05
2552,4,142,6,27.507354736328125,25.14509391784668,30.62903594970703,27.868059158325195,2.9013779163360596,27.30758285522461,27.507354736328125,28.76072883605957,0.0
2553,4,139,6,19.460115432739258,15.487336158752441,19.460115432739258,18.006086349487305,1.8897509574890137,17.520893096923828,18.059181213378906,19.236724853515625,0.0
2554,4,140,6,28.39841079711914,23.22775650024414,28.39841079711914,26.539775848388672,3.4580764770507812,25.507598876953125,27.077083587646484,28.124679565429688,0.1
2555,4,149,6,40.13689422607422,38.03593826293945,41.565406799316406,39.99528503417969,1.0984876155853271,39.81015396118164,40.13689422607422,40.330718994140625,0.0
2556,4,154,6,18.67804718017578,16.672080993652344,19.314767837524414,18.2459716796875,0.6848852634429932,17.985809326171875,18.452882766723633,18.67804718017578,0.05
2557,4,149,6,16.811458587646484,0.0,16.811458587646484,11.920257568359375,34.15708541870117,10.746602058410645,14.131389617919922,16.154571533203125,0.15
2558,4,122,6,46.546478271484375,43.87826919555664,48.68269348144531,46.62685775756836,2.209730625152588,46.37061309814453,46.546478271484375,47.48305130004883,0.0
2559,4,99,6,13.780689239501953,0.0,14.778327941894531,11.578130722045898,27.36725425720215,12.811676025390625,13.780689239501953,14.425477981567383,0.25
2560,4,134,6,32.52326965332031,16.92844009399414,32.52326965332031,25.863813400268555,39.58925247192383,20.259902954101562,27.102924346923828,31.9355525970459,0.1
2561,4,119,6,27.411602020263672,27.24897003173828,27.812847137451172,27.50528907775879,0.03412102162837982,27.411602020263672,27.445556640625,27.62027931213379,0.0
2562,4,136,6,25.327617645263672,21.442209243774414,25.327617645263672,23.601343154907227,1.951378583908081,22.7890625,23.419052124023438,24.92055892944336,0.0
2563,4,138,6,48.25212097167969,45.98627471923828,50.159210205078125,48.2911376953125,1.6682759523391724,47.92535400390625,48.25212097167969,49.02353286743164,0.0
2564,4,133,6,34.068115234375,30.05596351623535,34.068115234375,32.433956146240234,2.1235902309417725,31.480449676513672,32.61332702636719,33.765968322753906,0.0
2565,4,152,6,8.2221097946167,0.0,8.2221097946167,6.136709213256836,7.957290172576904,6.627905368804932,6.89874792098999,7.921955108642578,0.2
2566,4,136,6,61.73713302612305,52.61123275756836,61.73713302612305,59.10609436035156,10.317636489868164,58.34566116333008,60.24458312988281,61.62591552734375,0.05
2567,4,158,6,27.522552490234375,23.23545265197754,28.049945831298828,26.014156341552734,3.4353902339935303,24.428478240966797,26.648624420166016,27.522552490234375,0.15
2568,4,137,6,29.177949905395508,26.15636444091797,32.11943054199219,28.645296096801758,3.4994630813598633,27.531543731689453,28.48749351501465,29.177949905395508,0.0
2569,4,140,6,33.67462921142578,30.752954483032227,33.67462921142578,32.204219818115234,1.2040739059448242,31.587493896484375,31.802940368652344,33.207862854003906,0.0
2570,4,137,6,24.134849548339844,0.0,24.134849548339844,18.64321517944336,72.10737609863281,20.072566986083984,21.87478256225586,23.845983505249023,0.05
2571,4,146,6,34.05030822753906,29.879411697387695,34.05030822753906,32.02497863769531,2.365478754043579,31.171405792236328,31.560665130615234,33.43304443359375,0.1
2572,4,108,6,66.29463195800781,66.29463195800781,73.55265808105469,69.6371841430664,7.031248569488525,67.11731719970703,70.05967712402344,71.30487823486328,0.0
2573,4,146,6,17.185749053955078,12.546466827392578,17.185749053955078,15.707907676696777,2.4148433208465576,15.59959888458252,15.893468856811523,16.893352508544922,0.05
2574,4,125,6,30.983272552490234,29.958385467529297,31.109935760498047,30.68429946899414,0.2057196944952011,30.340810775756836,30.954025268554688,30.983272552490234,0.0
2575,4,143,6,32.0526008605957,28.558822631835938,33.808685302734375,31.28740692138672,3.1562273502349854,30.004474639892578,31.960628509521484,32.0526008605957,0.05
2576,4,103,6,26.49138832092285,13.210103988647461,26.49138832092285,20.102123260498047,26.918201446533203,15.7916259765625,20.001827239990234,24.889984130859375,0.1
2577,4,150,6,14.02637004852295,12.98370361328125,15.164353370666504,14.079549789428711,0.4070552885532379,13.98922348022461,14.02637004852295,14.231338500976562,0.0
2578,4,114,6,34.77503204345703,34.77503204345703,38.83526611328125,36.148887634277344,1.9676647186279297,34.94194412231445,35.936283111572266,36.58403396606445,0.05
2579,4,148,6,46.98436737060547,45.2780647277832,46.98436737060547,46.07103729248047,0.4947451949119568,45.4239387512207,45.93767547607422,46.76123046875,0.0
2580,4,117,6,13.525931358337402,10.89003849029541,14.766300201416016,13.588362693786621,1.6990091800689697,13.525931358337402,13.825130462646484,14.554316520690918,0.1
2581,4,146,6,20.49537467956543,19.86343002319336,20.966190338134766,20.41732406616211,0.1250513345003128,20.197500228881836,20.49537467956543,20.5628662109375,0.0
2582,4,126,6,32.523902893066406,0.0,32.523902893066406,22.787425994873047,136.46226501464844,19.456701278686523,26.22819709777832,32.46559143066406,0.15
2583,4,158,6,23.307552337646484,16.143795013427734,23.307552337646484,20.824678421020508,6.02196741104126,20.06208038330078,21.12909698486328,22.931365966796875,0.05
2584,4,138,6,42.98297882080078,37.74855422973633,42.98297882080078,40.91996383666992,3.369901418685913,40.01898193359375,40.96112823486328,42.611080169677734,0.0
2585,4,150,6,22.794445037841797,20.82369613647461,22.794445037841797,21.808095932006836,0.5584545135498047,21.31915855407715,21.57227897644043,22.53138542175293,0.0
2586,4,152,6,18.09017562866211,15.365399360656738,18.09017562866211,17.043399810791016,0.9033524990081787,16.582998275756836,17.13314437866211,17.88747787475586,0.05
2587,4,155,6,19.790977478027344,19.790977478027344,20.838001251220703,20.27850341796875,0.17103560268878937,19.864429473876953,20.291122436523438,20.6259765625,0.05
2588,4,142,6,27.8293514251709,23.71382713317871,27.8293514251709,25.60511016845703,2.7239511013031006,24.31629753112793,25.037872314453125,27.21143913269043,0.05
2589,4,123,6,23.57360076904297,20.094850540161133,23.57360076904297,22.47607421875,1.5038701295852661,22.01666831970215,22.91104507446289,23.46327781677246,0.0
2590,4,107,6,20.629711151123047,18.90839195251465,20.85454750061035,20.31987762451172,0.45275458693504333,20.24883460998535,20.629711151123047,20.73870086669922,0.0
2591,4,122,6,12.020965576171875,10.51995849609375,12.020965576171875,11.527079582214355,0.258731484413147,11.428060531616211,11.59423542022705,11.943870544433594,0.0
2592,4,130,6,21.37818145751953,21.37818145751953,26.64044189453125,24.321121215820312,4.870972633361816,22.102596282958984,25.198322296142578,26.130155563354492,0.05
2593,4,143,6,31.30170249938965,30.486623764038086,32.61835479736328,31.43925666809082,0.390008807182312,31.30170249938965,31.362499237060547,31.483720779418945,0.0
2594,4,151,6,25.257476806640625,24.081466674804688,26.732458114624023,25.21893882751465,0.6150509715080261,24.9890193939209,25.12828254699707,25.257476806640625,0.0
2595,4,144,6,54.91271209716797,50.22261047363281,56.04981994628906,52.99884033203125,5.516493797302246,50.74082946777344,53.136924743652344,54.91271209716797,0.0
2596,4,136,6,41.137027740478516,39.46219253540039,41.98487854003906,40.80842208862305,0.8809239864349365,40.00534439086914,41.137027740478516,41.41022872924805,0.0
2597,4,131,6,17.933853149414062,0.0,17.933853149414062,12.879796028137207,37.696903228759766,12.412303924560547,14.808703422546387,17.28768539428711,0.1
2598,4,131,6,7.952441215515137,0.0,7.952441215515137,5.7270307540893555,7.266487121582031,5.851388454437256,6.340240478515625,7.615677833557129,0.2
2599,4,144,6,31.994131088256836,27.93133544921875,31.994131088256836,30.377885818481445,1.9935563802719116,29.76116371154785,30.324199676513672,31.671024322509766,0.0
2600,4,144,6,29.40105628967285,26.230178833007812,29.40105628967285,27.784629821777344,1.5016065835952759,26.890697479248047,27.435684204101562,28.981021881103516,0.0
2601,4,130,6,35.035614013671875,32.02845001220703,35.035614013671875,33.70751953125,1.1486213207244873,33.137733459472656,33.57610321044922,34.671958923339844,0.0
2602,4,146,6,25.557039260864258,24.482250213623047,26.1046142578125,25.338790893554688,0.3431909680366516,24.85842514038086,25.557039260864258,25.668949127197266,0.1
2603,4,133,6,14.851995468139648,13.385831832885742,14.851995468139648,14.186421394348145,0.2803184986114502,13.903898239135742,14.064836502075195,14.691791534423828,0.05
2604,4,152,6,18.907939910888672,13.877933502197266,18.907939910888672,16.178592681884766,4.7563018798828125,14.062192916870117,15.742897033691406,18.409175872802734,0.15
2605,4,141,6,49.59700393676758,44.601806640625,50.21329116821289,48.898521423339844,3.760368824005127,49.469085693359375,49.59700393676758,49.865936279296875,0.0
2606,4,150,6,21.87276268005371,16.512296676635742,21.87276268005371,19.114891052246094,4.8329877853393555,17.03920555114746,18.930583953857422,21.258424758911133,0.1
2607,4,152,6,53.334598541259766,53.334598541259766,55.96540069580078,54.4146842956543,1.0958932638168335,53.41401290893555,54.17796325683594,55.29909896850586,0.0
2608,4,115,6,75.5211410522461,74.880615234375,77.2794418334961,75.87356567382812,0.5480692982673645,75.5211410522461,75.70423889160156,76.08563995361328,0.0
2609,4,72,6,34.403541564941406,30.2072696685791,39.91880798339844,35.26064682006836,9.440221786499023,34.403541564941406,34.51445770263672,37.16035461425781,0.0
2610,4,137,6,91.6454086303711,88.1655502319336,91.6454086303711,89.9571762084961,1.870751142501831,88.80731201171875,89.925048828125,91.21670532226562,0.0
2611,4,97,6,27.405649185180664,24.627918243408203,27.405649185180664,26.204124450683594,0.9838349223136902,25.64649200439453,26.106544494628906,27.14034652709961,0.0
2612,4,146,6,56.14720153808594,43.631622314453125,56.14720153808594,50.87953186035156,24.582109451293945,46.572021484375,52.17186737060547,55.37989044189453,0.0
2613,4,144,6,10.924455642700195,0.0,10.924455642700195,8.472946166992188,14.74515438079834,9.375711441040039,9.820009231567383,10.739194869995117,0.2
2614,4,114,6,59.091102600097656,58.0177001953125,62.534080505371094,60.2349739074707,2.6050915718078613,59.091102600097656,59.99700927734375,61.5554313659668,0.0
2615,4,118,6,41.433616638183594,30.29705810546875,41.433616638183594,37.535743713378906,16.010055541992188,35.73748779296875,38.226219177246094,41.149139404296875,0.0
2616,4,128,6,14.243267059326172,13.373529434204102,15.912008285522461,14.238863945007324,0.698726236820221,13.633491516113281,14.23397445678711,14.243267059326172,0.1
2617,4,132,6,41.15690612792969,34.910560607910156,41.15690612792969,38.71179962158203,6.304640293121338,36.68267822265625,39.374786376953125,41.09503936767578,0.0
2618,4,137,6,24.430667877197266,24.197612762451172,25.756805419921875,24.754253387451172,0.34616953134536743,24.361873626708984,24.430667877197266,25.135786056518555,0.0
2619,4,126,6,33.32243347167969,25.693145751953125,35.30312728881836,30.95775032043457,11.388016700744629,28.411617279052734,31.8286190032959,33.32243347167969,0.0
2620,4,154,6,12.726865768432617,0.0,13.335946083068848,10.6852388381958,22.893550872802734,12.606315612792969,12.726865768432617,12.748432159423828,0.25
2621,4,148,6,23.65766143798828,0.0,25.27477264404297,19.954811096191406,80.15364837646484,23.09596061706543,23.65766143798828,24.086944580078125,0.2
2622,4,126,6,10.450315475463867,7.278693199157715,10.450315475463867,8.811578750610352,1.5900709629058838,7.760071754455566,8.53648567199707,10.05878734588623,0.25
2623,4,150,6,20.66956901550293,19.36209487915039,20.821842193603516,20.24276351928711,0.2713305950164795,19.959842681884766,20.32506561279297,20.66956901550293,0.0
2624,4,156,6,22.31048011779785,19.936050415039062,22.403236389160156,21.667095184326172,0.7448186278343201,21.434553146362305,22.00243377685547,22.31048011779785,0.1
2625,4,119,6,24.063228607177734,22.954883575439453,24.063228607177734,23.53593635559082,0.18559983372688293,23.180105209350586,23.53337287902832,23.934648513793945,0.0
2626,4,141,6,20.494504928588867,18.727046966552734,20.494504928588867,19.686504364013672,0.40571507811546326,19.344003677368164,19.54140281677246,20.287694931030273,0.0
2627,4,154,6,38.17569351196289,36.35651779174805,38.17569351196289,37.41008377075195,0.4917081296443939,36.84187698364258,37.56111526489258,38.04322052001953,0.0
2628,4,136,6,25.649559020996094,25.649559020996094,31.211271286010742,28.259803771972656,4.020161151885986,26.44397735595703,28.928037643432617,29.151477813720703,0.0
2629,4,117,6,39.743587493896484,30.496753692626953,39.743587493896484,35.625457763671875,12.65080451965332,33.029014587402344,35.433265686035156,39.17202377319336,0.0
2630,4,105,6,117.10203552246094,111.66597747802734,117.10203552246094,114.29904174804688,6.202702045440674,111.80707550048828,114.11634826660156,116.84626770019531,0.0
2631,4,144,6,41.95697784423828,33.87022399902344,41.95697784423828,39.01512908935547,8.493667602539062,37.346580505371094,39.7506103515625,41.600494384765625,0.0
2632,4,114,6,25.62606430053711,22.116519927978516,26.161441802978516,25.0750789642334,1.916661024093628,25.06986427307129,25.62606430053711,25.933452606201172,0.05
2633,4,125,6,13.981209754943848,0.0,13.981209754943848,10.931507110595703,24.640798568725586,11.79005241394043,13.059274673461914,13.856549263000488,0.15
2634,4,150,6,30.011390686035156,26.72046661376953,30.011390686035156,28.91729736328125,1.47170090675354,28.253591537475586,29.356996536254883,29.968360900878906,0.1
2635,4,133,6,30.012338638305664,22.484729766845703,30.012338638305664,26.87789535522461,6.785501956939697,25.852710723876953,26.56585693359375,29.159156799316406,0.0
2636,4,141,6,41.93653106689453,37.662261962890625,41.93653106689453,39.793601989746094,2.969839334487915,38.219200134277344,39.71063995361328,41.44227981567383,0.0
2637,4,125,6,58.45904541015625,50.53884506225586,58.45904541015625,54.36604309082031,10.665786743164062,51.2546501159668,54.06023406982422,57.583885192871094,0.0
2638,4,153,6,26.063621520996094,23.389564514160156,26.063621520996094,25.04815673828125,0.9783325791358948,24.384014129638672,25.323562622070312,25.919239044189453,0.1
2639,4,161,6,22.837909698486328,16.18815803527832,22.837909698486328,20.475826263427734,4.979918956756592,20.091114044189453,20.464149475097656,22.316402435302734,0.05
2640,4,151,6,65.89358520507812,61.878963470458984,65.89358520507812,63.93136978149414,2.2525177001953125,62.954105377197266,63.54920959472656,65.35842895507812,0.0
2641,4,156,6,38.340065002441406,33.511009216308594,38.340065002441406,36.74576187133789,3.008723735809326,35.923973083496094,37.40169143676758,38.141963958740234,0.0
2642,4,143,6,44.67774200439453,40.67791748046875,44.67774200439453,42.31426239013672,3.1084940433502197,40.75431823730469,41.55427551269531,44.088836669921875,0.0
2643,4,141,6,15.210784912109375,0.0,15.75568675994873,12.627972602844238,32.045997619628906,14.604456901550293,15.193870544433594,15.210784912109375,0.25
2644,4,156,6,33.154911041259766,27.559598922729492,33.154911041259766,31.0543212890625,4.048668384552002,30.085201263427734,31.193920135498047,32.929443359375,0.05
2645,4,132,6,36.93966293334961,29.804166793823242,36.93966293334961,33.77177047729492,7.950933933258057,31.283761978149414,34.243995666503906,36.3873291015625,0.0
2646,4,153,6,21.620975494384766,18.579753875732422,21.620975494384766,20.2149600982666,1.2450426816940308,19.57034683227539,19.94903564453125,21.297393798828125,0.2
2647,4,156,6,25.28191566467285,25.081802368164062,26.049163818359375,25.40513801574707,0.09430545568466187,25.28191566467285,25.284048080444336,25.408931732177734,0.0
2648,4,107,6,67.66649627685547,63.35514450073242,68.1519775390625,65.97442626953125,3.610725164413452,64.47380065917969,66.11428833007812,67.66649627685547,0.0
2649,4,140,6,24.567764282226562,21.618301391601562,25.102279663085938,24.157678604125977,1.329864501953125,24.526168823242188,24.567764282226562,24.575183868408203,0.0
2650,4,99,6,51.60892868041992,42.95697784423828,51.60892868041992,47.32562255859375,14.483783721923828,43.485450744628906,47.37628936767578,51.17913818359375,0.0
2651,4,152,6,27.163591384887695,18.114452362060547,27.163591384887695,22.34323501586914,13.98155403137207,18.85489273071289,21.714061737060547,26.017066955566406,0.0
2652,4,139,6,16.06562042236328,14.722430229187012,16.06562042236328,15.35595703125,0.2813594937324524,14.951386451721191,15.187484741210938,15.871898651123047,0.0
2653,4,159,6,28.620161056518555,23.582042694091797,29.473237991333008,26.760574340820312,5.299650192260742,24.618148803710938,27.392818450927734,28.620161056518555,0.0
2654,4,137,6,34.928794860839844,31.937746047973633,34.928794860839844,33.478153228759766,1.632068157196045,32.27476119995117,33.451019287109375,34.7760124206543,0.0
2655,4,70,6,26.059181213378906,26.059181213378906,26.446386337280273,26.273529052734375,0.0243708323687315,26.12418556213379,26.342939376831055,26.384578704833984,0.0
2656,4,159,6,34.744510650634766,28.245960235595703,34.744510650634766,32.35906219482422,5.113944053649902,31.436782836914062,32.543148040771484,34.39299011230469,0.0
2657,4,148,6,17.214366912841797,15.96248722076416,17.594684600830078,16.979511260986328,0.3216968774795532,16.67536735534668,17.214366912841797,17.350191116333008,0.0
2658,4,151,6,21.822677612304688,18.67315673828125,21.822677612304688,20.380840301513672,1.3328408002853394,19.655229568481445,20.189228057861328,21.497451782226562,0.0
2659,4,155,6,42.349273681640625,39.290740966796875,42.349273681640625,41.54515075683594,1.2548828125,41.243080139160156,42.171661376953125,42.30842590332031,0.0
2660,4,147,6,31.29966926574707,26.831409454345703,31.917478561401367,29.92938995361328,3.4004175662994385,28.64399528503418,30.676923751831055,31.29966926574707,0.0
2661,4,156,6,37.64459991455078,31.37075424194336,37.64459991455078,34.191444396972656,6.666738986968994,31.958486557006836,33.474884033203125,36.66661071777344,0.05
2662,4,155,6,19.543455123901367,15.02572250366211,19.543455123901367,16.841495513916016,3.7636847496032715,15.310233116149902,15.896100997924805,18.653512954711914,0.0
2663,4,109,6,59.93813705444336,50.83137893676758,59.93813705444336,55.397647857666016,14.140371322631836,51.737762451171875,55.404296875,59.070220947265625,0.0
2664,4,146,6,62.92963409423828,58.44597244262695,62.92963409423828,60.544044494628906,3.186293125152588,59.14115524291992,60.04957580566406,62.22576141357422,0.0
2665,4,149,6,25.965072631835938,22.037593841552734,25.965072631835938,24.355693817138672,2.368774652481079,23.09391212463379,24.67985725402832,25.82485580444336,0.05
2666,4,138,6,28.744060516357422,21.66394805908203,28.744060516357422,25.339130401611328,8.662070274353027,22.5302791595459,25.399818420410156,28.289979934692383,0.0
2667,4,150,6,35.19084167480469,33.25498580932617,36.63200759887695,35.07077407836914,1.2371829748153687,34.42299270629883,35.19084167480469,35.78940200805664,0.0
2668,4,134,6,20.844484329223633,18.737335205078125,20.844484329223633,20.084819793701172,0.5812565088272095,19.68463897705078,20.229232788085938,20.781452178955078,0.1
2669,4,79,6,32.14514923095703,31.51831817626953,32.14514923095703,31.851058959960938,0.05409955605864525,31.691638946533203,31.81689453125,32.07362747192383,0.0
2670,4,148,6,47.933345794677734,39.236167907714844,47.933345794677734,44.58163833618164,10.69309139251709,42.618900299072266,44.918434143066406,47.70290756225586,0.0
2671,4,137,6,36.474205017089844,33.41722869873047,36.474205017089844,35.10129165649414,1.170427918434143,34.65238571166992,34.80185317993164,36.08300018310547,0.0
2672,4,112,6,22.848590850830078,0.0,22.848590850830078,15.093379974365234,63.52788543701172,12.154324531555176,16.623489379882812,22.005950927734375,0.2
2673,4,137,6,18.25344467163086,18.22490692138672,18.528762817382812,18.37294578552246,0.016994258388876915,18.25344467163086,18.36328125,18.496280670166016,0.0
2674,4,141,6,22.559080123901367,18.662090301513672,22.559080123901367,20.198129653930664,2.8648195266723633,18.864883422851562,19.301372528076172,21.809446334838867,0.0
2675,4,150,6,29.122085571289062,23.662906646728516,29.122085571289062,26.7849178314209,5.974890232086182,24.280132293701172,27.565031051635742,29.098222732543945,0.0
2676,4,145,6,36.84645080566406,35.3768310546875,36.928245544433594,36.2088508605957,0.4567999243736267,35.554969787597656,36.309608459472656,36.84645080566406,0.0
2677,4,144,6,49.063201904296875,45.527740478515625,49.928123474121094,48.110992431640625,3.332756280899048,46.46400833129883,49.063201904296875,49.380367279052734,0.05
2678,4,151,6,14.714059829711914,11.712827682495117,15.187211036682129,13.837320327758789,2.2039692401885986,12.518885612487793,14.714059829711914,14.859966278076172,0.0
2679,4,158,6,17.190204620361328,14.680695533752441,17.720809936523438,16.467350006103516,1.082886815071106,15.826482772827148,16.785259246826172,17.190204620361328,0.1
2680,4,143,6,24.733654022216797,23.115142822265625,24.74294662475586,24.17307472229004,0.48469990491867065,23.574718475341797,24.57689666748047,24.733654022216797,0.0
2681,4,157,6,29.052593231201172,21.140485763549805,29.052593231201172,25.936250686645508,8.790467262268066,23.868927001953125,26.72425079345703,28.475139617919922,0.05
2682,4,150,6,50.9969367980957,43.21208190917969,50.9969367980957,48.32770538330078,6.97227668762207,47.626277923583984,48.73108673095703,50.460540771484375,0.05
2683,4,113,6,32.19696044921875,31.176368713378906,32.27516174316406,31.930566787719727,0.16856426000595093,31.72136688232422,32.18057632446289,32.19696044921875,0.0
2684,4,130,6,10.844765663146973,0.0,11.568273544311523,8.740782737731934,15.790094375610352,9.525415420532227,10.287135124206543,10.844765663146973,0.2
2685,4,137,6,29.514917373657227,22.371997833251953,29.514917373657227,26.833703994750977,7.133832931518555,25.276153564453125,27.206819534301758,29.353504180908203,0.05
2686,4,124,6,61.71137237548828,60.92520523071289,62.91489791870117,61.66557693481445,0.42015254497528076,61.196693420410156,61.706947326660156,61.71137237548828,0.0
2687,4,140,6,37.193695068359375,27.288026809692383,37.193695068359375,34.00706100463867,11.422697067260742,33.18061065673828,34.7994384765625,36.6904411315918,0.05
2688,4,156,6,21.196346282958984,19.962425231933594,21.794599533081055,21.09703826904297,0.30542370676994324,21.157062530517578,21.196346282958984,21.265499114990234,0.05
2689,4,77,6,79.28907775878906,71.18775939941406,84.88361358642578,78.02515411376953,23.106138229370117,74.09874725341797,79.28907775878906,80.67183685302734,0.0
2690,4,97,6,54.302345275878906,52.55291748046875,55.251922607421875,54.38029861450195,0.7882800102233887,54.302345275878906,54.61067199707031,54.9446907043457,0.0
2691,4,121,6,66.54203033447266,63.02011489868164,66.61346435546875,65.79077911376953,1.7136679887771606,65.70173645019531,66.54203033447266,66.58955383300781,0.0
2692,4,134,6,40.088768005371094,32.476280212402344,47.18210983276367,40.51968765258789,21.273956298828125,39.15349197387695,40.088768005371094,43.35254669189453,0.05
2693,4,134,6,47.973716735839844,47.053688049316406,49.75553894042969,48.223289489746094,0.6485109925270081,47.973716735839844,48.0606689453125,48.36349105834961,0.0
2694,4,142,6,11.725556373596191,0.0,11.725556373596191,8.363546371459961,15.63107967376709,8.598661422729492,9.139653205871582,11.103474617004395,0.2
2695,4,136,6,14.70152473449707,0.0,19.147247314453125,13.977322578430176,42.30612564086914,14.70152473449707,15.506793022155762,18.329198837280273,0.25
2696,4,127,6,29.939449310302734,26.5977783203125,29.939449310302734,28.595413208007812,1.3739687204360962,28.01041030883789,28.648548126220703,29.61748504638672,0.0
2697,4,144,6,19.101682662963867,10.182168960571289,20.234745025634766,15.964786529541016,13.882457733154297,13.308287620544434,16.618885040283203,19.101682662963867,0.1
2698,4,92,6,42.675010681152344,42.06571960449219,42.675010681152344,42.49137496948242,0.04481016471982002,42.43702697753906,42.560821533203125,42.65779113769531,0.0
2699,4,141,6,50.963768005371094,47.028961181640625,52.76335906982422,50.524322509765625,3.9919140338897705,49.44849395751953,50.963768005371094,52.102943420410156,0.0
2700,4,138,6,34.77611541748047,34.77611541748047,37.931297302246094,36.38805389404297,1.469640851020813,35.231483459472656,36.74143600463867,37.242759704589844,0.0
2701,4,156,6,21.03012466430664,18.538137435913086,21.03012466430664,19.735158920288086,0.9813534021377563,18.945959091186523,19.462230682373047,20.723831176757812,0.0
2702,4,138,6,36.857975006103516,33.941436767578125,36.97621154785156,36.28596878051758,1.1281672716140747,36.503761291503906,36.73689270019531,36.857975006103516,0.0
2703,4,159,6,37.38602066040039,35.1492919921875,38.52520751953125,36.53416061401367,1.6776554584503174,35.289310455322266,36.47251892089844,37.38602066040039,0.0
2704,4,123,6,41.591514587402344,40.20050811767578,41.74851989746094,41.2601432800293,0.2709306478500366,41.14329528808594,41.47406005859375,41.591514587402344,0.0
2705,4,121,6,27.070091247558594,27.070091247558594,31.8476505279541,28.36040496826172,2.7926149368286133,27.114639282226562,27.826011657714844,28.492870330810547,0.0
2706,4,128,6,28.15068817138672,23.651874542236328,28.250289916992188,26.78205108642578,3.2240641117095947,25.62529754638672,27.81662368774414,28.15068817138672,0.0
2707,4,108,6,61.035362243652344,56.52570343017578,61.035362243652344,58.55680847167969,3.2416131496429443,57.366004943847656,57.714324951171875,60.2545166015625,0.0
2708,4,53,6,73.61334228515625,73.28462982177734,82.64932250976562,76.39833068847656,11.339022636413574,73.61334228515625,75.2992172241211,77.92947387695312,0.0
2709,4,148,6,20.368499755859375,19.58138084411621,20.755542755126953,20.223127365112305,0.13694097101688385,20.040485382080078,20.34239959716797,20.368499755859375,0.05
2710,4,142,6,37.636924743652344,35.191871643066406,37.636924743652344,36.78658676147461,0.738623857498169,36.41261291503906,36.96465301513672,37.54077911376953,0.0
2711,4,112,6,53.23907470703125,53.23907470703125,56.45128631591797,55.137386322021484,1.9351955652236938,53.765724182128906,55.73290252685547,56.35184860229492,0.0
2712,4,158,6,34.700294494628906,29.762962341308594,34.700294494628906,32.875694274902344,3.831096887588501,31.31791114807129,33.661285400390625,34.61398696899414,0.05
2713,4,145,6,39.05049514770508,37.97306442260742,40.454978942871094,39.47588348388672,0.7552822828292847,39.05049514770508,39.5750732421875,40.19487762451172,0.05
2714,4,125,6,36.14556884765625,32.5617561340332,36.797725677490234,35.22803497314453,2.0256640911102295,34.579376220703125,35.78160095214844,36.14556884765625,0.0
2715,4,60,6,38.1282958984375,38.10036087036133,38.273597717285156,38.16614532470703,0.0033433185890316963,38.1282958984375,38.146095275878906,38.19279098510742,0.0
2716,4,121,6,17.610137939453125,17.610137939453125,17.96428680419922,17.760990142822266,0.017090924084186554,17.642932891845703,17.748374938964844,17.852325439453125,0.25
2717,4,142,6,28.983224868774414,26.453733444213867,28.983224868774414,27.891103744506836,0.8416086435317993,27.32763671875,27.830671310424805,28.77393913269043,0.0
2718,4,132,6,52.409420013427734,51.46394348144531,57.519588470458984,53.28618621826172,4.327062606811523,51.906982421875,52.409420013427734,53.733795166015625,0.0
2719,4,125,6,22.558670043945312,21.52104949951172,22.8271484375,22.3048095703125,0.17710736393928528,22.136516571044922,22.415311813354492,22.558670043945312,0.0
2720,4,101,6,27.35943603515625,26.340991973876953,27.657278060913086,26.989803314208984,0.24062445759773254,26.565034866333008,27.030942916870117,27.35943603515625,0.0
2721,4,105,6,26.231372833251953,26.231372833251953,28.36378288269043,27.357851028442383,0.710446834564209,26.548580169677734,27.603670120239258,28.0117130279541,0.0
2722,4,118,6,46.16948318481445,46.16948318481445,48.679656982421875,47.117347717285156,0.8028361797332764,46.28986740112305,47.01161575317383,47.5897216796875,0.0
2723,4,147,6,50.31189727783203,40.35485076904297,50.31189727783203,46.28388977050781,14.605169296264648,43.259098052978516,47.180362701416016,49.837974548339844,0.0
2724,4,145,6,33.871856689453125,33.563697814941406,35.32957458496094,34.472251892089844,0.5176039934158325,33.871856689453125,34.41398620605469,35.169342041015625,0.0
2725,4,155,6,17.04511260986328,15.562460899353027,17.271615982055664,16.80353355407715,0.324755996465683,16.880067825317383,17.04511260986328,17.06515884399414,0.05
2726,4,149,6,29.216514587402344,23.544870376586914,29.216514587402344,26.295391082763672,4.835768222808838,24.674161911010742,25.682636260986328,28.40142059326172,0.1
2727,4,143,6,45.56414794921875,37.242637634277344,45.56414794921875,42.17993927001953,10.458048820495605,39.668155670166016,42.741004943847656,45.29548263549805,0.0
2728,4,112,6,38.47780990600586,32.65022277832031,38.47780990600586,35.804542541503906,6.62977409362793,33.16929244995117,36.27061080932617,38.33452224731445,0.15
2729,4,121,6,29.706501007080078,27.497774124145508,30.38169288635254,29.435365676879883,0.8275102376937866,29.533802032470703,29.706501007080078,29.809242248535156,0.0
2730,4,139,6,21.32980728149414,0.0,21.32980728149414,15.957585334777832,59.208919525146484,14.55536937713623,19.95950698852539,21.296903610229492,0.15
2731,4,141,6,30.727615356445312,23.57565689086914,30.727615356445312,28.70108413696289,6.137945652008057,28.316171646118164,29.62445068359375,30.486797332763672,0.0
2732,4,155,6,31.74698257446289,25.549436569213867,31.74698257446289,29.239185333251953,4.476089954376221,28.655319213867188,28.88579559326172,31.06290054321289,0.05
2733,4,130,6,11.261421203613281,0.0,11.261421203613281,7.820806503295898,15.090316772460938,7.022675514221191,8.783102035522461,10.941786766052246,0.15
2734,4,111,6,1.911571979522705,0.0,2.130382537841797,1.5862312316894531,0.518098771572113,1.750164270401001,1.878517508506775,1.911571979522705,0.25
2735,4,147,6,40.55296325683594,38.84878921508789,41.95903015136719,40.195701599121094,0.9731603264808655,39.57939529418945,40.142433166503906,40.55296325683594,0.0
2736,4,131,6,21.271862030029297,21.271862030029297,23.500539779663086,22.145288467407227,0.8364877104759216,21.29261016845703,21.84153175354004,22.94035530090332,0.1
2737,4,155,6,17.10934829711914,13.260333061218262,17.10934829711914,15.000744819641113,2.3840668201446533,13.910940170288086,14.321866035461426,16.4932861328125,0.15
2738,4,120,6,21.72637367248535,17.87045669555664,21.72637367248535,19.92723274230957,2.3831570148468018,18.556236267089844,20.09682846069336,21.321861267089844,0.0
2739,4,158,6,31.624542236328125,28.37224006652832,31.624542236328125,30.963918685913086,1.356507658958435,31.34174919128418,31.411283493041992,31.587017059326172,0.0
2740,4,94,6,41.403076171875,40.806640625,41.403076171875,41.149810791015625,0.05579140782356262,40.94292068481445,41.20270538330078,41.37123489379883,0.0
2741,4,146,6,20.270973205566406,18.80410385131836,21.60129165649414,20.224519729614258,0.7113111615180969,19.90424346923828,20.270973205566406,20.531070709228516,0.25
2742,4,92,6,31.237016677856445,0.0,31.237016677856445,22.722034454345703,122.72657775878906,20.340866088867188,27.838939666748047,30.641586303710938,0.2
2743,4,141,6,36.79643630981445,31.656267166137695,36.79643630981445,34.22917175292969,3.84114670753479,32.81980514526367,33.770912170410156,36.10102462768555,0.0
2744,4,135,6,36.81604766845703,27.516162872314453,36.81604766845703,32.72734451293945,11.334132194519043,30.61870574951172,32.48174285888672,35.923439025878906,0.0
2745,4,131,6,40.951873779296875,37.63490295410156,42.238929748535156,40.691741943359375,2.3584768772125244,40.41865539550781,40.951873779296875,41.836936950683594,0.0
2746,4,147,6,23.36550521850586,18.523696899414062,23.36550521850586,21.740665435791016,2.698589324951172,21.333175659179688,21.992847442626953,23.090072631835938,0.0
2747,4,151,6,24.053504943847656,20.97348403930664,24.74261474609375,23.314735412597656,1.5679477453231812,22.75054359436035,23.82518768310547,24.053504943847656,0.1
2748,4,137,6,58.535160064697266,56.53057098388672,58.59397506713867,57.73155212402344,0.7491047382354736,56.934364318847656,57.97904968261719,58.535160064697266,0.0
2749,4,123,6,25.893571853637695,22.27783203125,25.893571853637695,24.345699310302734,1.710671305656433,23.560523986816406,24.263687133789062,25.602886199951172,0.0
2750,4,140,6,28.702346801757812,28.481708526611328,30.56928253173828,29.116867065429688,0.48028305172920227,28.702346801757812,28.856609344482422,29.178701400756836,0.0
2751,4,146,6,24.98349952697754,22.79489517211914,24.98349952697754,24.30960464477539,0.63644939661026,23.955520629882812,24.6815185546875,24.922388076782227,0.05
2752,4,157,6,49.76189041137695,47.6805419921875,49.76189041137695,48.86580276489258,0.8229320049285889,47.98162078857422,49.089332580566406,49.74333572387695,0.0
2753,4,138,6,36.319305419921875,33.2137451171875,36.319305419921875,34.9732780456543,1.5337110757827759,33.973731994628906,35.053775787353516,36.20245361328125,0.0
2754,4,111,6,8.359325408935547,0.0,8.359325408935547,5.37339448928833,10.343365669250488,3.412621021270752,6.145359039306641,8.352800369262695,0.25
2755,4,130,6,55.374183654785156,51.55587387084961,55.6031494140625,54.630393981933594,2.0168232917785645,54.708351135253906,55.374183654785156,55.38497543334961,0.0
2756,4,138,6,64.88021087646484,60.27018737792969,69.51792907714844,65.39273071289062,10.711280822753906,63.745689392089844,64.88021087646484,68.30030822753906,0.0
2757,4,119,6,34.2318000793457,29.373703002929688,35.705772399902344,32.83106231689453,4.869570732116699,31.149982452392578,33.54838562011719,34.2318000793457,0.0
2758,4,100,6,77.0606689453125,72.55690002441406,77.0606689453125,74.4411849975586,3.669245958328247,72.79293823242188,73.67955017089844,76.2996597290039,0.0
2759,4,112,6,10.590096473693848,10.411712646484375,10.945359230041504,10.650115966796875,0.02770538441836834,10.590096473693848,10.595555305480957,10.722067832946777,0.15
2760,4,145,6,27.82344627380371,0.0,27.82344627380371,21.232635498046875,95.26678466796875,22.059818267822266,25.33449935913086,27.284961700439453,0.1
2761,4,133,6,13.632665634155273,11.673099517822266,13.632665634155273,12.920958518981934,0.4635356664657593,12.641971588134766,12.995248794555664,13.52777099609375,0.25
2762,4,155,6,16.77012062072754,15.131962776184082,16.77012062072754,16.127336502075195,0.32071930170059204,15.89814567565918,16.1068115234375,16.641496658325195,0.2
2763,4,121,6,53.49938201904297,51.14524459838867,53.49938201904297,52.1039924621582,1.0497674942016602,51.203369140625,51.66305923461914,53.118064880371094,0.0
2764,4,149,6,13.220677375793457,11.199251174926758,13.220677375793457,12.370161056518555,0.4853048026561737,12.183149337768555,12.200644493103027,12.9669828414917,0.05
2765,4,117,6,23.64313507080078,20.831449508666992,23.64313507080078,22.299476623535156,1.1039437055587769,21.570402145385742,22.133193969726562,23.28811264038086,0.0
2766,4,142,6,9.780858993530273,0.0,10.135614395141602,8.084574699401855,13.13575553894043,9.379302978515625,9.61871337890625,9.780858993530273,0.25
2767,4,100,6,14.965095520019531,14.554605484008789,14.965095520019531,14.778463363647461,0.0213017538189888,14.715882301330566,14.738574028015137,14.908853530883789,0.0
2768,4,146,6,22.19362449645996,18.932376861572266,22.19362449645996,20.795364379882812,1.6959218978881836,19.656936645507812,21.02200698852539,22.055694580078125,0.0
2769,4,143,6,23.422550201416016,0.0,23.422550201416016,15.937004089355469,61.6544189453125,15.296529769897461,16.86355209350586,21.989526748657227,0.2
2770,4,137,6,21.4361515045166,0.0,21.4361515045166,15.737369537353516,53.84242248535156,16.08262825012207,17.974529266357422,20.683889389038086,0.1
2771,4,159,6,31.527297973632812,31.527297973632812,35.04053497314453,33.11935043334961,2.0672779083251953,31.671247482299805,33.14012908935547,34.29981994628906,0.0
2772,4,136,6,36.94364929199219,30.600709915161133,36.94364929199219,33.53580093383789,7.264528274536133,30.991430282592773,32.97979736328125,36.281612396240234,0.0
2773,4,147,6,40.27288818359375,38.523040771484375,42.050086975097656,40.23900604248047,1.1589651107788086,39.73837661743164,40.27288818359375,40.63441848754883,0.0
2774,4,153,6,23.467315673828125,21.890647888183594,24.275508880615234,23.525033950805664,0.6272854208946228,23.467315673828125,23.69207191467285,24.078643798828125,0.0
2775,4,155,6,73.931884765625,70.7779541015625,73.931884765625,72.01678466796875,1.9020838737487793,70.87062072753906,71.33123779296875,73.34129333496094,0.0
2776,4,154,6,16.743040084838867,0.0,16.743040084838867,11.461723327636719,31.436927795410156,11.17448616027832,12.164131164550781,15.681856155395508,0.2
2777,4,148,6,23.619972229003906,23.16204071044922,25.052108764648438,24.199892044067383,0.5647385716438293,23.619972229003906,24.216175079345703,24.902753829956055,0.0
2778,4,138,6,22.402523040771484,19.825054168701172,23.508838653564453,21.42279815673828,1.9861699342727661,20.08868408203125,21.410968780517578,22.402523040771484,0.0
2779,4,139,6,35.058128356933594,29.608551025390625,35.058128356933594,33.224769592285156,3.6715030670166016,32.57603073120117,33.53539276123047,34.9000244140625,0.0
2780,4,155,6,19.225332260131836,18.330829620361328,19.485807418823242,19.0037841796875,0.14202997088432312,18.8096923828125,19.119531631469727,19.225332260131836,0.0
2781,4,130,6,22.21539306640625,20.259262084960938,22.399478912353516,21.84590721130371,0.5234058499336243,21.987224578857422,22.109909057617188,22.21539306640625,0.05
2782,4,135,6,18.634227752685547,0.0,18.634227752685547,13.936312675476074,44.23885726928711,13.116988182067871,17.28199577331543,18.33875274658203,0.25
2783,4,147,6,12.936602592468262,0.0,12.936602592468262,10.333537101745605,21.59900665283203,11.666633605957031,12.29669189453125,12.835139274597168,0.25
2784,4,140,6,27.77931022644043,24.050947189331055,27.77931022644043,26.368858337402344,1.6806771755218506,25.849822998046875,26.3887939453125,27.548555374145508,0.05
2785,4,156,6,11.195316314697266,10.96470832824707,11.390129089355469,11.173636436462402,0.023943603038787842,11.040306091308594,11.195316314697266,11.279613494873047,0.25
2786,4,144,6,10.110420227050781,0.0,10.110420227050781,7.59987735748291,12.509333610534668,7.618440628051758,9.030231475830078,9.967960357666016,0.15
2787,4,139,6,14.576059341430664,0.0,14.576059341430664,11.333316802978516,26.273723602294922,12.648487091064453,13.14360523223877,14.275790214538574,0.25
2788,4,152,6,16.670467376708984,15.195638656616211,16.670467376708984,15.925812721252441,0.33966439962387085,15.433277130126953,15.855067253112793,16.478233337402344,0.0
2789,4,154,6,20.112218856811523,20.112218856811523,23.626480102539062,20.98771858215332,1.5016835927963257,20.161043167114258,20.534671783447266,20.944992065429688,0.0
2790,4,138,6,68.37068939208984,67.21541595458984,70.72936248779297,69.07627868652344,1.5923560857772827,68.37068939208984,68.76551818847656,70.24845886230469,0.0
2791,4,143,6,17.490177154541016,15.70269775390625,17.490177154541016,16.691513061523438,0.44791513681411743,16.208377838134766,16.661758422851562,17.34701156616211,0.0
2792,4,127,6,22.24591636657715,21.515188217163086,22.31490135192871,21.973628997802734,0.09829869121313095,21.7056827545166,22.05716323852539,22.24591636657715,0.0
2793,4,139,6,26.090259552001953,23.802330017089844,26.090259552001953,24.933568954467773,0.8559257984161377,24.174623489379883,24.732330322265625,25.87466049194336,0.0
2794,4,152,6,12.914941787719727,12.443156242370605,13.000102043151855,12.807122230529785,0.03234506770968437,12.781072616577148,12.853591918945312,12.914941787719727,0.05
2795,4,150,6,29.340742111206055,19.381656646728516,29.340742111206055,25.617443084716797,13.10204029083252,23.381729125976562,26.531110763549805,28.8238582611084,0.0
2796,4,154,6,34.47089385986328,26.61994743347168,34.47089385986328,30.652889251708984,9.595799446105957,28.077411651611328,30.278270721435547,33.764190673828125,0.0
2797,4,137,6,14.848846435546875,0.0,14.848846435546875,11.683128356933594,28.10165786743164,12.618246078491211,14.042242050170898,14.776955604553223,0.25
2798,4,118,6,26.628376007080078,22.936792373657227,29.340572357177734,26.149688720703125,3.6244418621063232,25.473899841308594,26.363304138183594,26.628376007080078,0.0
2799,4,137,6,26.617671966552734,25.473281860351562,27.598403930664062,26.295156478881836,0.555973470211029,25.609743118286133,26.297025680541992,26.617671966552734,0.0
2800,4,131,6,49.36895751953125,46.68876647949219,51.1013069152832,48.7000732421875,2.2022969722747803,47.47998809814453,48.958824157714844,49.36895751953125,0.0
2801,4,126,6,35.99995422363281,35.59801483154297,39.77387237548828,36.78517532348633,1.973907232284546,35.99995422363281,36.160888671875,36.843528747558594,0.0
2802,4,141,6,29.946823120117188,28.224828720092773,29.946823120117188,29.31349754333496,0.36996597051620483,29.001798629760742,29.44230079650879,29.837900161743164,0.1
2803,4,150,6,27.366683959960938,25.102224349975586,27.3702392578125,26.80141830444336,0.723571240901947,26.5534610748291,27.331893920898438,27.366683959960938,0.0
2804,4,156,6,38.03264617919922,35.60769271850586,38.03264617919922,36.72318649291992,1.1022244691848755,35.69977951049805,36.528133392333984,37.796165466308594,0.0
2805,4,153,6,15.366177558898926,13.818799018859863,15.366177558898926,14.616738319396973,0.3267536163330078,14.284552574157715,14.461305618286133,15.140730857849121,0.2
2806,4,124,6,68.6783447265625,60.197845458984375,68.6783447265625,64.66824340820312,15.065743446350098,61.014320373535156,64.76570129394531,68.56991577148438,0.0
2807,4,146,6,24.616579055786133,19.70940589904785,24.72254180908203,23.179208755493164,3.169369697570801,22.6645565032959,23.701343536376953,24.616579055786133,0.0
2808,4,115,6,22.753829956054688,0.0,22.753829956054688,17.40934944152832,64.75312805175781,17.683584213256836,21.058452606201172,22.534666061401367,0.1
2809,4,120,6,16.094358444213867,14.50858211517334,16.094358444213867,15.346187591552734,0.37536993622779846,14.906652450561523,15.237314224243164,15.961671829223633,0.0
2810,4,133,6,29.728134155273438,21.951889038085938,29.728134155273438,26.434633255004883,11.156842231750488,23.275819778442383,27.258150100708008,29.661865234375,0.0
2811,4,139,6,25.929977416992188,22.92519760131836,25.929977416992188,25.0008487701416,1.032043218612671,24.873146057128906,25.207584381103516,25.781707763671875,0.0
2812,4,113,6,34.12385559082031,34.12385559082031,37.91402053833008,35.780906677246094,1.8689563274383545,34.52979278564453,35.83502197265625,36.620849609375,0.0
2813,4,148,6,32.418033599853516,0.0,32.418033599853516,21.71111488342285,126.33831024169922,17.89181137084961,24.319047927856445,31.17563247680664,0.15
2814,4,145,6,38.886199951171875,33.16399002075195,38.886199951171875,36.03951644897461,4.578907012939453,34.78087615966797,35.332889556884766,38.02642059326172,0.0
2815,4,136,6,26.026817321777344,0.0,27.366750717163086,18.464059829711914,95.45448303222656,13.998350143432617,22.538036346435547,26.026817321777344,0.1
2816,4,151,6,21.704944610595703,20.258821487426758,21.704944610595703,21.146778106689453,0.2449691891670227,20.965848922729492,21.153074264526367,21.568748474121094,0.05
2817,4,121,6,13.04864501953125,0.0,14.583763122558594,10.92308235168457,24.773656845092773,11.769390106201172,13.04864501953125,13.3980131149292,0.25
2818,4,130,6,2.6604013442993164,0.0,2.6604013442993164,1.820636510848999,0.8255497217178345,1.616776704788208,2.036785125732422,2.544001579284668,0.2
2819,4,154,6,46.4018669128418,44.29396057128906,46.4018669128418,45.30567932128906,0.6504929661750793,44.85430908203125,44.95282745361328,46.04655456542969,0.0
2820,4,136,6,25.321619033813477,22.309749603271484,25.321619033813477,23.841636657714844,1.3892062902450562,22.84558868408203,23.733051300048828,24.98519515991211,0.1
2821,4,129,6,18.204151153564453,15.11866569519043,18.54996109008789,17.30207061767578,1.4506434202194214,16.651355743408203,17.75234031677246,18.204151153564453,0.15
2822,4,135,6,10.564208984375,0.0,10.564208984375,7.885643005371094,13.13154125213623,8.551753044128418,8.836662292480469,10.173820495605469,0.25
2823,4,135,6,28.888261795043945,28.888261795043945,31.3000431060791,30.188188552856445,0.9938016533851624,29.195148468017578,30.41742706298828,31.093046188354492,0.0
2824,4,143,6,17.747127532958984,17.124662399291992,18.884963989257812,17.985023498535156,0.29514825344085693,17.747127532958984,17.935686111450195,18.242572784423828,0.25
2825,4,156,6,44.44225311279297,39.87864685058594,44.44225311279297,42.6009635925293,2.6357569694519043,41.78548049926758,42.542724609375,44.13545608520508,0.15
2826,4,140,6,9.957677841186523,0.0,11.63973617553711,8.424248695373535,14.763379096984863,9.309371948242188,9.91226863861084,9.957677841186523,0.25
2827,4,135,6,26.12282943725586,20.283231735229492,26.12282943725586,24.01259422302246,4.0921173095703125,23.173185348510742,24.290884017944336,25.78805923461914,0.1
2828,4,121,6,18.23848533630371,17.715587615966797,18.547569274902344,18.253828048706055,0.07423242926597595,18.23848533630371,18.252628326416016,18.45374298095703,0.0
2829,4,144,6,19.230676651000977,15.83403205871582,19.230676651000977,17.323129653930664,1.8972420692443848,16.390220642089844,16.660964965820312,18.604368209838867,0.1
2830,4,142,6,32.96871566772461,32.50840759277344,33.925575256347656,33.1712646484375,0.25790977478027344,32.89956283569336,32.96871566772461,33.576934814453125,0.0
2831,4,154,6,29.727468490600586,27.39792251586914,29.727468490600586,28.853975296020508,0.6765990853309631,28.43726921081543,28.96044158935547,29.601137161254883,0.1
2832,4,153,6,19.835163116455078,19.24371910095215,20.474105834960938,19.754520416259766,0.15114808082580566,19.49309539794922,19.778718948364258,19.835163116455078,0.0
2833,4,128,6,27.51718521118164,20.974349975585938,27.51718521118164,23.87836265563965,7.183368682861328,21.74106216430664,22.84226417541504,26.500652313232422,0.0
2834,4,136,6,42.75189971923828,40.22859191894531,43.443294525146484,42.01826858520508,1.2613672018051147,41.18186569213867,42.394535064697266,42.75189971923828,0.0
2835,4,118,6,32.56233596801758,29.02310562133789,37.13189697265625,33.117286682128906,5.857603549957275,32.56233596801758,32.79387664794922,34.055320739746094,0.0
2836,4,149,6,18.055158615112305,15.618448257446289,18.12432098388672,17.639446258544922,0.8189708590507507,17.985105514526367,18.030162811279297,18.055158615112305,0.05
2837,4,127,6,42.67353820800781,39.26865768432617,45.1397705078125,43.11958312988281,3.8359286785125732,42.67353820800781,43.57698059082031,44.48127746582031,0.0
2838,4,146,6,25.483604431152344,23.959121704101562,25.485492706298828,24.899229049682617,0.3749992549419403,24.461233139038086,25.018232345581055,25.483604431152344,0.0
2839,4,137,6,28.89577865600586,16.71825408935547,28.89577865600586,22.377899169921875,25.256752014160156,18.12830352783203,20.887542724609375,27.47416877746582,0.15
2840,4,159,6,37.32197570800781,29.483966827392578,37.409019470214844,34.41205978393555,12.525880813598633,30.99329376220703,36.36925506591797,37.32197570800781,0.1
2841,4,154,6,21.183330535888672,18.16639518737793,21.183330535888672,19.978206634521484,1.3969638347625732,19.008853912353516,20.35633659362793,21.024444580078125,0.1
2842,4,152,6,34.622440338134766,31.43153190612793,34.622440338134766,32.759910583496094,1.7862579822540283,31.793285369873047,32.08905029296875,33.996788024902344,0.0
2843,4,141,6,20.2304744720459,16.11178207397461,20.2304744720459,18.16963768005371,2.5825440883636475,16.878093719482422,17.95456314086914,19.67402458190918,0.0
2844,4,121,6,28.181135177612305,0.0,28.181135177612305,19.82147979736328,97.56371307373047,17.479345321655273,22.83543586730957,27.746023178100586,0.15
2845,4,145,6,0.0,0.0,15.50545883178711,9.992974281311035,50.20695114135742,3.481250762939453,14.475318908691406,15.382721900939941,0.25
2846,4,155,6,32.974300384521484,32.080970764160156,32.974300384521484,32.67148208618164,0.1308024823665619,32.40967559814453,32.87163543701172,32.94890213012695,0.0
2847,4,145,6,24.612411499023438,24.30868148803711,26.68492317199707,24.99877166748047,0.6852061152458191,24.45546531677246,24.612411499023438,25.181392669677734,0.0
2848,4,158,6,20.77268409729004,15.213184356689453,20.77268409729004,18.473358154296875,3.768348455429077,17.64620590209961,18.224611282348633,20.269895553588867,0.0
2849,4,103,6,28.702476501464844,28.702476501464844,28.978790283203125,28.798503875732422,0.010674377903342247,28.70431900024414,28.774324417114258,28.853679656982422,0.0
2850,4,139,6,19.50214958190918,19.50214958190918,20.571941375732422,19.915407180786133,0.1714634746313095,19.523767471313477,19.81919288635254,20.220802307128906,0.0
2851,4,145,6,27.900781631469727,23.864643096923828,27.900781631469727,26.7153263092041,2.0333237648010254,26.41663360595703,27.11170196533203,27.86656379699707,0.05
2852,4,158,6,24.909343719482422,24.909343719482422,27.053728103637695,26.019256591796875,0.7789109349250793,25.118728637695312,26.228633880615234,26.766986846923828,0.05
2853,4,112,6,20.963712692260742,14.502799034118652,24.18059539794922,20.830934524536133,9.359538078308105,20.963712692260742,21.19207000732422,22.570877075195312,0.15
2854,4,153,6,33.99237060546875,30.265060424804688,33.99237060546875,31.763490676879883,2.5565874576568604,30.52103042602539,30.94383430480957,33.27777099609375,0.05
2855,4,126,6,13.334540367126465,11.393058776855469,13.334540367126465,12.220209121704102,0.650907576084137,11.61469554901123,11.834209442138672,12.996336936950684,0.0
2856,4,153,6,0.0,0.0,10.202339172363281,6.451849937438965,20.991962432861328,2.220175266265869,9.222345352172852,9.939050674438477,0.25
2857,4,154,6,28.531944274902344,28.24077033996582,28.903409957885742,28.59917449951172,0.04821203649044037,28.531944274902344,28.540756225585938,28.765453338623047,0.0
2858,4,148,6,17.68234634399414,16.170167922973633,17.68234634399414,16.836477279663086,0.3729620575904846,16.436641693115234,16.539817810058594,17.398300170898438,0.0
2859,4,146,6,18.83416748046875,9.949112892150879,18.83416748046875,14.956318855285645,11.711213111877441,12.445198059082031,14.916194915771484,18.35457992553711,0.15
2860,4,146,6,30.687971115112305,30.687971115112305,34.31146240234375,32.017642974853516,1.7165806293487549,30.821977615356445,31.752450942993164,32.75538635253906,0.0
2861,4,129,6,14.244114875793457,0.0,14.244114875793457,10.13735580444336,25.332300186157227,8.849225997924805,11.993127822875977,14.092662811279297,0.15
2862,4,145,6,25.32724380493164,19.133460998535156,25.622821807861328,23.96747589111328,5.49199914932251,23.554813385009766,25.32724380493164,25.404375076293945,0.1
2863,4,125,6,23.563493728637695,21.387434005737305,26.845294952392578,24.047515869140625,3.062636375427246,23.373123168945312,23.563493728637695,25.102657318115234,0.05
2864,4,155,6,20.359207153320312,15.961435317993164,20.359207153320312,17.972990036010742,3.443310022354126,16.314332962036133,17.459426879882812,19.86421012878418,0.15
2865,4,155,6,27.606834411621094,25.051740646362305,27.606834411621094,26.107852935791016,1.1467053890228271,25.396703720092773,25.5052433013916,27.089454650878906,0.0
2866,4,131,6,22.716575622558594,0.0,22.716575622558594,15.877891540527344,66.71208190917969,13.061773300170898,18.728172302246094,22.623138427734375,0.15
2867,4,131,6,18.851856231689453,0.0,19.0854549407959,13.894547462463379,54.1885986328125,10.661214828491211,18.69830322265625,18.851856231689453,0.1
2868,4,140,6,15.31275463104248,14.595237731933594,15.335657119750977,15.057549476623535,0.09996592253446579,14.769319534301758,15.228728294372559,15.31275463104248,0.15
2869,4,146,6,21.178974151611328,0.0,21.47109603881836,17.156496047973633,59.73918914794922,19.106632232666016,20.815303802490234,21.178974151611328,0.25
2870,4,156,6,26.415733337402344,21.87755584716797,26.415733337402344,25.047666549682617,2.6060028076171875,24.482704162597656,25.668163299560547,26.34366226196289,0.1
2871,4,123,6,22.911792755126953,20.251022338867188,23.2725830078125,21.999263763427734,1.483423113822937,20.870601654052734,22.571592330932617,22.911792755126953,0.0
2872,4,157,6,8.991050720214844,8.878143310546875,9.5883207321167,9.171936988830566,0.07795963436365128,8.991050720214844,9.021903991699219,9.410914421081543,0.25
2873,4,153,6,24.609941482543945,21.249900817871094,24.609941482543945,23.042869567871094,2.1548545360565186,21.71736717224121,23.056488037109375,24.524171829223633,0.15
2874,4,122,6,28.23375701904297,27.495906829833984,28.55923843383789,28.068744659423828,0.11856935173273087,27.860082626342773,28.174152374267578,28.23375701904297,0.0
2875,4,139,6,16.09069061279297,13.18014907836914,16.09069061279297,14.724724769592285,1.5403391122817993,13.534146308898926,14.803218841552734,15.970767974853516,0.0
2876,4,153,6,23.549057006835938,21.09584617614746,23.549057006835938,22.470932006835938,0.7415720224380493,22.117958068847656,22.272310256958008,23.245243072509766,0.0
2877,4,156,6,26.704002380371094,20.368751525878906,26.704002380371094,23.07754135131836,7.293707847595215,20.65528678894043,22.124956130981445,25.764127731323242,0.15
2878,4,137,6,68.97781372070312,60.82191467285156,68.97781372070312,65.212158203125,12.823694229125977,61.58530044555664,65.7688217163086,68.75077819824219,0.0
2879,4,84,6,28.672792434692383,28.24718475341797,28.96424674987793,28.6534481048584,0.07001993805170059,28.470035552978516,28.672792434692383,28.889116287231445,0.0
2880,4,152,6,26.377216339111328,20.601367950439453,26.377216339111328,23.447792053222656,5.614325523376465,21.219505310058594,23.25015640258789,25.81146240234375,0.15
2881,4,150,6,16.954280853271484,0.0,16.954280853271484,12.083148002624512,32.86794662475586,12.153345108032227,13.429506301879883,16.075605392456055,0.2
2882,4,120,6,23.288423538208008,21.82942771911621,24.081491470336914,23.107540130615234,0.5254966020584106,22.7547607421875,23.288423538208008,23.507553100585938,0.15
2883,4,144,6,22.739093780517578,20.19316291809082,22.754695892333984,21.990123748779297,0.8607901930809021,21.63445472717285,22.371112823486328,22.739093780517578,0.0
2884,4,143,6,24.819055557250977,19.765846252441406,24.819055557250977,22.426944732666016,4.774010181427002,20.50266456604004,22.336750030517578,24.64316177368164,0.0
2885,4,107,6,61.675498962402344,56.63971710205078,65.9248046875,61.581634521484375,11.896566390991211,58.95341110229492,61.675498962402344,64.56505584716797,0.0
2886,4,126,6,27.56744384765625,25.67599868774414,31.34470558166504,28.09113883972168,4.62003755569458,26.301288604736328,27.56744384765625,29.77586555480957,0.0
2887,4,146,6,19.25060272216797,0.0,19.25060272216797,14.184070587158203,44.681846618652344,13.830352783203125,16.801162719726562,18.758852005004883,0.2
2888,4,153,6,35.29701232910156,34.74253845214844,35.29701232910156,35.097843170166016,0.03725254535675049,35.01272964477539,35.13567352294922,35.26222610473633,0.0
2889,4,131,6,18.9212646484375,14.045743942260742,18.9212646484375,17.173080444335938,2.701256036758423,16.774822235107422,17.233402252197266,18.54537582397461,0.05
2890,4,136,6,22.59178352355957,18.801734924316406,22.59178352355957,21.04735565185547,1.7273589372634888,20.493310928344727,20.928974151611328,22.24567413330078,0.0
2891,4,141,6,25.609512329101562,23.580841064453125,25.609512329101562,24.8544979095459,0.4792882800102234,24.6447811126709,24.843856811523438,25.463836669921875,0.0
2892,4,120,6,45.76116943359375,42.32701873779297,45.76116943359375,44.17393112182617,1.808518648147583,43.00505828857422,44.25970458984375,45.45178985595703,0.05
2893,4,100,6,1.6658437252044678,0.0,1.6658437252044678,1.3292670249938965,0.362106591463089,1.4467440843582153,1.6232457160949707,1.6623289585113525,0.25
2894,4,126,6,40.66236877441406,38.76917266845703,40.90937805175781,40.12044906616211,0.8525614738464355,39.321006774902344,40.66236877441406,40.79973602294922,0.0
2895,4,134,6,31.961681365966797,30.164703369140625,33.45843505859375,32.054317474365234,1.137245774269104,31.742080688476562,31.961681365966797,32.82331085205078,0.0
2896,4,143,6,52.19087219238281,46.14759826660156,55.619300842285156,50.927433013916016,11.547082901000977,48.06279754638672,52.19087219238281,52.594608306884766,0.0
2897,4,134,6,17.43026351928711,16.730560302734375,17.43026351928711,17.078384399414062,0.06962458789348602,16.914974212646484,16.99241828918457,17.324718475341797,0.1
2898,4,142,6,13.8682861328125,13.8682861328125,16.595327377319336,14.696020126342773,0.8335003852844238,14.042776107788086,14.602352142333984,14.639254570007324,0.2
2899,4,118,6,43.61631774902344,41.98616027832031,43.78862762451172,43.270206451416016,0.3813789188861847,43.1801872253418,43.58832931518555,43.61631774902344,0.0
2900,4,148,6,33.605865478515625,27.823795318603516,34.11723327636719,32.20356369018555,4.49847936630249,31.894590377807617,32.959815979003906,33.605865478515625,0.25
2901,4,113,6,41.29354476928711,39.381256103515625,41.29354476928711,40.581993103027344,0.4540286064147949,40.24455261230469,40.71263885498047,41.15568542480469,0.0
2902,4,120,6,45.09634017944336,40.7176513671875,45.09634017944336,42.69596862792969,3.139108180999756,41.3100700378418,42.1065559387207,44.354736328125,0.0
2903,4,139,6,53.617759704589844,52.29170227050781,54.98463439941406,53.86806869506836,0.8237439393997192,53.617759704589844,53.70366287231445,54.627628326416016,0.0
2904,4,143,6,19.400238037109375,10.358983993530273,19.400238037109375,15.831235885620117,10.035131454467773,14.36352825164795,15.793426513671875,18.764188766479492,0.15
2905,4,112,6,33.02995300292969,30.718982696533203,35.18194580078125,32.5950813293457,2.000002145767212,31.66288948059082,32.55933380126953,33.02995300292969,0.0
2906,4,149,6,30.22334861755371,29.03070831298828,31.090124130249023,30.064327239990234,0.4661443531513214,29.584718704223633,30.22334861755371,30.39078140258789,0.0
2907,4,90,6,19.906719207763672,0.0,20.055402755737305,14.767574310302734,50.790409088134766,13.534664154052734,17.971149444580078,19.906719207763672,0.15
2908,4,138,6,33.535560607910156,33.37379455566406,34.76108932495117,33.87997055053711,0.3260703682899475,33.48819351196289,33.535560607910156,34.334957122802734,0.0
2909,4,147,6,28.41973114013672,28.235248565673828,30.597755432128906,29.378421783447266,1.0550003051757812,28.41973114013672,29.339519500732422,30.31889533996582,0.0
2910,4,139,6,11.224775314331055,11.224775314331055,13.232129096984863,12.125569343566895,0.5380970239639282,11.427793502807617,12.186147689819336,12.608441352844238,0.15
2911,4,131,6,32.07099914550781,26.22588348388672,32.07099914550781,29.164674758911133,5.632566452026367,26.941532135009766,29.089599609375,31.487245559692383,0.0
2912,4,151,6,24.195804595947266,18.56755828857422,24.195804595947266,21.419450759887695,4.352448463439941,20.326488494873047,20.667470932006836,23.321048736572266,0.05
2913,4,149,6,14.42878532409668,13.529836654663086,14.853546142578125,14.338175773620605,0.1817977875471115,14.197954177856445,14.42878532409668,14.607516288757324,0.1
2914,4,137,6,34.74873352050781,31.268131256103516,38.76738357543945,33.876434326171875,6.75787353515625,31.708112716674805,33.460472106933594,34.74873352050781,0.0
2915,4,150,6,20.39497184753418,18.58034896850586,21.43802833557129,20.086366653442383,0.9644443392753601,19.363800048828125,20.39497184753418,20.61609649658203,0.1
2916,4,141,6,43.59845733642578,42.60939025878906,44.01659393310547,43.4798469543457,0.18028825521469116,43.508262634277344,43.58310317993164,43.59845733642578,0.0
2917,4,138,6,19.077430725097656,0.0,19.077430725097656,14.105932235717773,43.702449798583984,14.093881607055664,16.340293884277344,18.734447479248047,0.1
2918,4,133,6,45.066688537597656,44.65867614746094,45.066688537597656,44.902015686035156,0.025666285306215286,44.773780822753906,44.9359245300293,45.05535125732422,0.0
2919,4,141,6,40.74615478515625,40.74615478515625,46.75616455078125,42.6284294128418,4.899934768676758,40.919456481933594,41.576988220214844,43.704750061035156,0.0
2920,4,137,6,25.427034378051758,25.427034378051758,27.963844299316406,26.964950561523438,1.229015588760376,25.899038314819336,27.508102416992188,27.89198112487793,0.05
2921,4,140,6,69.97349548339844,55.22779846191406,69.97349548339844,62.71603012084961,29.68889808654785,60.1624641418457,60.48106384277344,67.67764282226562,0.0
2922,4,135,6,19.79680633544922,0.0,19.79680633544922,14.254012107849121,46.401390075683594,13.877034187316895,16.087467193603516,19.330947875976562,0.05
2923,4,157,6,22.736061096191406,19.912818908691406,22.736061096191406,21.672183990478516,1.152215838432312,20.981351852416992,21.870325088500977,22.686492919921875,0.05
2924,4,123,6,36.23710632324219,13.417306900024414,36.23710632324219,32.128273010253906,70.29515075683594,35.037960052490234,36.063446044921875,36.235008239746094,0.05
2925,4,134,6,27.80792236328125,0.0,28.960561752319336,22.1973934173584,101.84170532226562,23.996959686279297,26.362964630126953,27.80792236328125,0.05
2926,4,141,6,11.061915397644043,9.402910232543945,11.061915397644043,10.266365051269531,0.5266879200935364,9.600910186767578,10.245814323425293,11.003296852111816,0.15
2927,4,133,6,52.93793487548828,45.468505859375,55.03983688354492,52.49180603027344,10.592535972595215,52.93793487548828,53.27170181274414,54.62223815917969,0.0
2928,4,111,6,81.19126892089844,80.3689193725586,81.55084228515625,80.96401977539062,0.15981626510620117,80.65609741210938,81.05091094970703,81.19126892089844,0.0
2929,4,126,6,28.035228729248047,0.0,28.035228729248047,18.202011108398438,87.62913513183594,17.423259735107422,17.885377883911133,25.57399559020996,0.2
2930,4,128,6,34.31007385253906,27.149856567382812,34.31007385253906,32.10416793823242,6.2048139572143555,31.390316009521484,32.879913330078125,34.103572845458984,0.05
2931,4,139,6,29.526718139648438,29.526718139648438,32.060302734375,30.484325408935547,1.2571221590042114,29.5557861328125,29.881793975830078,31.551616668701172,0.1
2932,4,154,6,18.508224487304688,15.919285774230957,18.508224487304688,17.226919174194336,1.076951265335083,16.351844787597656,17.071025848388672,18.277631759643555,0.0
2933,4,137,6,19.4359130859375,18.308874130249023,19.4359130859375,19.04307746887207,0.14212621748447418,18.99106788635254,19.050296783447266,19.343894958496094,0.0
2934,4,114,6,31.659366607666016,30.732385635375977,31.952587127685547,31.493061065673828,0.14140689373016357,31.458486557006836,31.587188720703125,31.659366607666016,0.0
2935,4,154,6,29.761341094970703,28.751583099365234,30.602519989013672,29.89214324951172,0.3476281762123108,29.761341094970703,29.97064208984375,30.267086029052734,0.0
2936,4,133,6,32.3895263671875,27.533340454101562,35.53437805175781,31.54817771911621,5.803707122802734,30.660076141357422,31.616409301757812,32.3895263671875,0.0
2937,4,62,6,26.182125091552734,25.588390350341797,26.182125091552734,25.888517379760742,0.07640682905912399,25.615724563598633,25.88632583618164,26.16838836669922,0.0
2938,4,132,6,13.894770622253418,13.084403991699219,13.894770622253418,13.448675155639648,0.11241108924150467,13.151144027709961,13.357595443725586,13.77591609954834,0.0
2939,4,144,6,35.213356018066406,32.67685317993164,35.58787155151367,34.5236701965332,1.2892788648605347,33.71057891845703,35.213356018066406,35.234031677246094,0.0
2940,4,157,6,39.2144889831543,37.089195251464844,39.565704345703125,38.36749267578125,0.9690565466880798,37.530094146728516,38.41794967651367,39.2144889831543,0.0
2941,4,143,6,45.86822509765625,41.29604721069336,45.86822509765625,43.515724182128906,3.3967783451080322,41.864234924316406,43.26707077026367,45.316261291503906,0.0
2942,4,147,6,26.787588119506836,23.176403045654297,28.120227813720703,26.15639877319336,3.703444719314575,24.661529541015625,26.787588119506836,27.782207489013672,0.0
2943,4,106,6,57.603057861328125,54.270896911621094,76.85946655273438,60.74254608154297,60.48908233642578,55.51694107055664,57.603057861328125,61.873680114746094,0.0
2944,4,146,6,31.12683868408203,28.586889266967773,31.12683868408203,30.225852966308594,1.2106422185897827,29.27865219116211,30.870800018310547,31.081586837768555,0.0
2945,4,133,6,36.62600326538086,20.889354705810547,36.62600326538086,30.431243896484375,35.659385681152344,26.014102935791016,32.15830612182617,35.63166427612305,0.05
2946,4,131,6,30.332382202148438,29.797605514526367,30.918062210083008,30.261276245117188,0.1202021911740303,30.060976028442383,30.245637893676758,30.332382202148438,0.0
2947,4,140,6,25.166473388671875,24.578601837158203,25.802597045898438,25.205759048461914,0.17150898277759552,24.960948944091797,25.166473388671875,25.512592315673828,0.0
2948,4,128,6,29.909273147583008,29.168781280517578,31.404102325439453,30.384925842285156,0.6095033288002014,29.909273147583008,30.375492095947266,31.01773452758789,0.0
2949,4,128,6,18.56157684326172,17.256385803222656,18.56157684326172,18.189010620117188,0.23785027861595154,17.977014541625977,18.460704803466797,18.549358367919922,0.1
2950,4,117,6,49.90471649169922,47.00444793701172,49.90471649169922,48.63591384887695,1.15058171749115,47.89451599121094,48.608375549316406,49.67685317993164,0.0
2951,4,151,6,44.07428741455078,40.07050323486328,47.27228546142578,44.18731689453125,4.659592628479004,44.07428741455078,44.15467071533203,45.10688781738281,0.05
2952,4,121,6,39.04853057861328,33.412662506103516,39.04853057861328,35.908729553222656,5.60330057144165,33.76611328125,35.212066650390625,38.26521682739258,0.0
2953,4,154,6,17.749784469604492,17.15431022644043,18.51953887939453,17.89980125427246,0.205061674118042,17.749784469604492,17.792098999023438,18.251834869384766,0.15
2954,4,141,6,29.129714965820312,23.692092895507812,29.129714965820312,26.67365264892578,4.4018330574035645,25.153457641601562,26.488384246826172,28.773235321044922,0.0
2955,4,147,6,28.658672332763672,25.115371704101562,28.658672332763672,27.09174346923828,2.1447689533233643,25.712509155273438,27.478445053100586,28.391357421875,0.0
2956,4,153,6,78.01213836669922,70.00859069824219,78.01213836669922,73.82376098632812,10.354126930236816,71.0804214477539,73.08992004394531,77.02105712890625,0.0
2957,4,131,6,31.291776657104492,30.414562225341797,32.48045349121094,31.446853637695312,0.4252140522003174,31.223182678222656,31.291776657104492,31.824623107910156,0.0
2958,4,146,6,29.770206451416016,28.742862701416016,31.470157623291016,30.00084686279297,0.650860607624054,29.770206451416016,29.890857696533203,30.1829833984375,0.0
2959,4,150,6,18.44717025756836,16.899158477783203,18.775226593017578,18.038318634033203,0.385641872882843,17.749574661254883,18.21990203857422,18.44717025756836,0.0
2960,4,126,6,27.006689071655273,22.96116828918457,27.955869674682617,25.609142303466797,3.545400381088257,23.89617156982422,26.150497436523438,27.006689071655273,0.0
2961,4,144,6,22.602807998657227,0.0,22.71576690673828,18.261112213134766,67.43702697753906,20.57605743408203,21.959312438964844,22.602807998657227,0.1
2962,4,141,6,28.61478042602539,25.793071746826172,30.509958267211914,28.523048400878906,2.1593334674835205,28.132381439208984,28.61478042602539,29.379283905029297,0.0
2963,4,48,6,31.832618713378906,31.659791946411133,31.832618713378906,31.768264770507812,0.003397254506126046,31.75425910949707,31.766157150268555,31.81747055053711,0.0
2964,4,117,6,32.03874206542969,29.12532615661621,32.990501403808594,31.564098358154297,1.4594452381134033,31.39505386352539,32.01777648925781,32.03874206542969,0.0
2965,4,141,6,21.593210220336914,16.333980560302734,22.139575958251953,20.297616958618164,4.788241863250732,19.129322052001953,21.593210220336914,21.761573791503906,0.0
2966,4,133,6,59.74852752685547,59.24117660522461,71.13288879394531,63.45452117919922,20.18119239807129,59.74852752685547,61.52058792114258,66.49568176269531,0.0
2967,4,115,6,45.5009765625,42.561241149902344,49.87090301513672,46.65393829345703,5.899379730224609,45.5009765625,46.60427474975586,48.51335906982422,0.0
2968,4,158,6,24.231714248657227,20.80594253540039,24.231714248657227,22.57632827758789,2.2238032817840576,21.24358558654785,22.477161407470703,24.0944881439209,0.0
2969,4,151,6,15.090510368347168,0.0,15.090510368347168,11.884370803833008,28.854284286499023,13.09282112121582,14.118733406066895,14.950230598449707,0.2
2970,4,113,6,26.405405044555664,0.0,26.405405044555664,19.855236053466797,90.07783508300781,18.503267288208008,24.79222869873047,26.24901008605957,0.2
2971,4,137,6,61.04777526855469,57.73724365234375,61.04777526855469,59.48847198486328,2.1851460933685303,58.15386962890625,59.4757194519043,60.979774475097656,0.0
2972,4,138,6,17.98043441772461,15.83652114868164,17.98043441772461,17.158100128173828,0.631634533405304,16.66160774230957,17.278522491455078,17.908599853515625,0.1
2973,4,149,6,42.150917053222656,35.30042266845703,42.150917053222656,38.89832305908203,7.259241104125977,36.59194564819336,38.97919464111328,41.38279724121094,0.0
2974,4,135,6,18.118236541748047,17.232311248779297,19.887027740478516,18.501924514770508,0.684097409248352,18.118236541748047,18.381372451782227,18.9195499420166,0.0
2975,4,149,6,46.864044189453125,46.122535705566406,48.79692840576172,47.113014221191406,0.9001140594482422,46.340850830078125,46.864044189453125,47.614078521728516,0.0
2976,4,156,6,23.708906173706055,22.07173728942871,25.718799591064453,23.59884262084961,1.4834918975830078,22.625972747802734,23.708906173706055,24.01700782775879,0.0
2977,4,129,6,46.65455627441406,41.35444641113281,46.65455627441406,44.30595779418945,3.8435001373291016,42.97832489013672,44.17271423339844,46.21900939941406,0.0
2978,4,154,6,25.027109146118164,21.640628814697266,25.482364654541016,24.37301254272461,1.7129552364349365,24.21860122680664,25.027109146118164,25.09060287475586,0.1
2979,4,136,6,27.956514358520508,22.846805572509766,29.532716751098633,25.88374137878418,7.088754177093506,23.4022159576416,25.83346176147461,27.956514358520508,0.0
2980,4,129,6,38.979461669921875,35.34787368774414,41.95240783691406,38.181819915771484,4.508108615875244,36.71514892578125,38.14836120605469,38.979461669921875,0.05
2981,4,154,6,40.94162368774414,31.673091888427734,40.94162368774414,36.22986602783203,13.688504219055176,33.308006286621094,35.29391860961914,39.97144317626953,0.0
2982,4,129,6,29.579814910888672,24.822471618652344,29.579814910888672,26.992996215820312,3.7739813327789307,25.322771072387695,26.48180389404297,28.862197875976562,0.0
2983,4,101,6,31.60663604736328,28.954071044921875,31.60663604736328,30.63381576538086,0.7968711853027344,30.43273162841797,30.62529754638672,31.373613357543945,0.0
2984,4,139,6,26.306241989135742,26.306241989135742,27.32996368408203,26.751079559326172,0.15336395800113678,26.369009017944336,26.725021362304688,27.05867576599121,0.0
2985,4,134,6,44.254390716552734,43.89776611328125,45.296810150146484,44.4564208984375,0.1870507001876831,44.254390716552734,44.342918395996094,44.56065368652344,0.0
2986,4,156,6,28.21011734008789,26.396442413330078,29.10719871520996,27.58333396911621,0.996859610080719,26.630084991455078,27.657066345214844,28.21011734008789,0.0
2987,4,139,6,13.926405906677246,12.314971923828125,13.926405906677246,12.997636795043945,0.47323915362358093,12.406375885009766,12.718305587768555,13.683650016784668,0.0
2988,4,143,6,7.638606071472168,6.337108135223389,7.638606071472168,7.113799571990967,0.2299344837665558,6.833924293518066,7.1203532218933105,7.576035499572754,0.15
2989,4,127,6,37.96363830566406,33.70289611816406,41.50852966308594,37.51722717285156,5.896036624908447,36.1768798828125,37.96363830566406,38.27843475341797,0.0
2990,4,157,6,9.70126724243164,8.53683853149414,9.70126724243164,9.103292465209961,0.22438979148864746,8.666887283325195,9.048991203308105,9.570355415344238,0.2
2991,4,151,6,18.44536590576172,16.807472229003906,18.738773345947266,17.91968536376953,0.46522802114486694,17.466995239257812,18.066539764404297,18.44536590576172,0.1
2992,4,148,6,67.08353424072266,59.993778228759766,67.26339721679688,63.69940948486328,11.889427185058594,60.313453674316406,63.807464599609375,67.08353424072266,0.0
2993,4,124,6,23.399099349975586,21.374832153320312,23.399099349975586,22.580699920654297,0.5107146501541138,22.240861892700195,22.54017448425293,23.251663208007812,0.05
2994,4,140,6,51.29861831665039,49.801727294921875,53.76228332519531,51.590118408203125,2.3091259002685547,50.32044982910156,51.29861831665039,52.86345291137695,0.0
2995,4,156,6,17.895984649658203,14.585775375366211,18.424861907958984,16.804725646972656,1.893273115158081,15.864842414855957,17.102462768554688,17.895984649658203,0.15
2996,4,158,6,30.266925811767578,24.67557144165039,30.266925811767578,28.62017822265625,3.5345072746276855,28.686847686767578,28.935428619384766,29.961650848388672,0.05
2997,4,138,6,18.033592224121094,15.303062438964844,18.033592224121094,16.25940704345703,1.577392816543579,15.340080261230469,15.426179885864258,17.398578643798828,0.0
2998,4,140,6,43.64276123046875,37.20564270019531,43.64276123046875,42.09005355834961,4.964184761047363,42.5699348449707,42.752655029296875,43.44635009765625,0.05
2999,4,143,6,32.49394989013672,32.174617767333984,33.5935173034668,32.553348541259766,0.2301594614982605,32.26935577392578,32.400665283203125,32.49394989013672,0.0
3000,4,100,6,33.433692932128906,28.451026916503906,36.964439392089844,33.198421478271484,7.105861663818359,32.18562316894531,33.433692932128906,34.71198654174805,0.0
3001,4,118,6,18.64480209350586,18.64480209350586,21.416831970214844,20.128761291503906,1.1893527507781982,19.082700729370117,20.593490600585938,20.857006072998047,0.0
3002,4,100,6,40.15282440185547,34.83042907714844,40.15282440185547,37.554588317871094,4.224265098571777,35.905677795410156,37.350379943847656,39.50214385986328,0.15
3003,4,148,6,34.285823822021484,28.591365814208984,34.285823822021484,31.951763153076172,4.4520673751831055,30.44223403930664,32.289306640625,33.89350128173828,0.05
3004,4,139,6,24.450326919555664,0.0,24.450326919555664,19.444692611694336,77.20116424560547,21.42015838623047,23.316478729248047,24.426738739013672,0.15
3005,4,140,6,20.941068649291992,15.092430114746094,20.941068649291992,18.344980239868164,5.382818222045898,16.288738250732422,18.650110244750977,20.58843994140625,0.1
3006,4,131,6,41.7459831237793,38.890220642089844,43.67464065551758,41.63589096069336,2.6912567615509033,40.7449951171875,41.7459831237793,42.9468879699707,0.0
3007,4,136,6,21.262622833251953,20.16714096069336,21.333587646484375,20.99224853515625,0.18884362280368805,20.808578491210938,21.262622833251953,21.26837158203125,0.05
3008,4,150,6,9.656599044799805,0.0,9.656599044799805,7.595083236694336,11.906278610229492,8.16234302520752,9.2008056640625,9.572277069091797,0.25
3009,4,145,6,42.531517028808594,42.24639129638672,42.78565979003906,42.54201889038086,0.0364670567214489,42.42729568481445,42.531517028808594,42.706233978271484,0.0
3010,4,127,6,33.09291076660156,29.086824417114258,33.09291076660156,30.818775177001953,2.7392818927764893,29.535533905029297,30.153417587280273,32.36073684692383,0.0
3011,4,151,6,15.832600593566895,12.729190826416016,15.832600593566895,14.427922248840332,1.3753300905227661,13.523825645446777,14.415302276611328,15.565179824829102,0.05
3012,4,140,6,33.235992431640625,28.545894622802734,34.82511901855469,32.809814453125,4.391901016235352,32.557159423828125,33.235992431640625,34.32274627685547,0.05
3013,4,159,6,34.66893768310547,30.483596801757812,34.928951263427734,32.99352264404297,3.3312766551971436,31.361942291259766,33.38055419921875,34.66893768310547,0.05
3014,4,133,6,31.828889846801758,30.5924015045166,31.828889846801758,31.45050811767578,0.19301240146160126,31.288143157958984,31.625375747680664,31.797794342041016,0.0
3015,4,110,6,78.45803833007812,73.81607055664062,79.40817260742188,77.27165222167969,4.147647380828857,75.95343017578125,78.39276123046875,78.45803833007812,0.0
3016,4,90,6,43.587921142578125,38.1631965637207,55.555999755859375,43.56904220581055,32.50100326538086,40.105384826660156,42.0779914855957,43.587921142578125,0.0
3017,4,145,6,20.771446228027344,19.063100814819336,20.771446228027344,20.279090881347656,0.33288100361824036,20.294069290161133,20.393526077270508,20.692407608032227,0.2
3018,4,136,6,19.092138290405273,18.452058792114258,19.47970199584961,18.856407165527344,0.15070299804210663,18.492652893066406,18.82021713256836,19.092138290405273,0.0
3019,4,94,6,36.77153778076172,13.389354705810547,36.77153778076172,29.529434204101562,62.35283660888672,28.572620391845703,31.159147262573242,35.53001403808594,0.1
3020,4,135,6,14.011850357055664,8.349677085876465,14.011850357055664,11.440506935119629,4.407691955566406,9.990290641784668,11.236695289611816,13.484149932861328,0.15
3021,4,143,6,33.86981964111328,28.371976852416992,33.86981964111328,30.849470138549805,5.525679111480713,28.721355438232422,30.169391632080078,33.25052261352539,0.0
3022,4,149,6,17.223468780517578,13.342761993408203,17.223468780517578,15.716388702392578,2.670962333679199,14.232890129089355,16.467098236083984,17.09908676147461,0.1
3023,4,89,6,57.09491729736328,57.09491729736328,66.99678039550781,60.590553283691406,10.963465690612793,57.92918014526367,60.689552307128906,60.96998977661133,0.0
3024,4,111,6,21.936357498168945,0.0,22.661489486694336,17.989715576171875,65.78140258789062,20.037412643432617,21.936357498168945,21.983837127685547,0.1
3025,4,124,6,25.79415512084961,23.028398513793945,27.078144073486328,25.189424514770508,1.8163487911224365,24.289241790771484,25.68910789489746,25.79415512084961,0.05
3026,4,110,6,37.44356155395508,31.16956329345703,37.44356155395508,34.1787109375,6.6909027099609375,31.806888580322266,33.747955322265625,36.789520263671875,0.0
3027,4,137,6,24.664066314697266,24.099210739135742,25.361900329589844,24.771480560302734,0.15206626057624817,24.664066314697266,24.717132568359375,24.994626998901367,0.0
3028,4,118,6,27.017953872680664,25.78585433959961,27.017953872680664,26.45774269104004,0.20565776526927948,26.149967193603516,26.427104949951172,26.879915237426758,0.0
3029,4,136,6,38.78554916381836,37.087249755859375,39.06447982788086,38.349143981933594,0.5503376722335815,37.872406005859375,38.78554916381836,38.79939270019531,0.0
3030,4,128,6,29.505802154541016,28.277036666870117,29.820545196533203,29.194976806640625,0.39803922176361084,28.644180297851562,29.505802154541016,29.654232025146484,0.1
3031,4,134,6,16.649890899658203,15.503732681274414,16.649890899658203,16.257461547851562,0.14772045612335205,16.196575164794922,16.278640747070312,16.568140029907227,0.0
3032,4,151,6,41.85063934326172,39.42752456665039,42.60541534423828,41.10683822631836,1.1805052757263184,40.369163513183594,41.23626708984375,41.85063934326172,0.0
3033,4,121,6,41.56900405883789,38.85078430175781,41.56900405883789,40.4827995300293,1.2268409729003906,39.56719970703125,40.74497985839844,41.54557800292969,0.0
3034,4,138,6,32.408164978027344,0.0,32.408164978027344,23.84214210510254,124.54134368896484,23.942882537841797,27.762420654296875,31.278213500976562,0.1
3035,4,157,6,29.313880920410156,27.23341941833496,29.313880920410156,28.383756637573242,0.8285685181617737,27.497154235839844,28.538005828857422,29.281265258789062,0.0
3036,4,146,6,16.269723892211914,16.072362899780273,16.83233070373535,16.445907592773438,0.0700213834643364,16.269723892211914,16.404674530029297,16.653667449951172,0.1
3037,4,107,6,48.59657669067383,43.15184783935547,48.64254379272461,46.540313720703125,4.986420631408691,44.6845817565918,47.30445861816406,48.59657669067383,0.0
3038,4,150,6,46.49610900878906,42.58360290527344,47.88957595825195,45.743446350097656,2.675849199295044,45.3353271484375,46.15919494628906,46.49610900878906,0.0
3039,4,141,6,33.96323013305664,27.41427230834961,33.96323013305664,30.65402603149414,6.385671138763428,28.783954620361328,30.120973587036133,33.005062103271484,0.0
3040,4,116,6,22.80080223083496,0.0,22.80080223083496,15.422714233398438,58.6591911315918,14.436988830566406,16.543581008911133,21.321044921875,0.2
3041,4,139,6,35.127105712890625,33.42740249633789,35.127105712890625,34.270545959472656,0.45960766077041626,33.6883430480957,34.21403121948242,34.899200439453125,0.0
3042,4,141,6,23.838973999023438,18.361392974853516,23.838973999023438,20.913516998291016,4.9026265144348145,19.02741050720215,20.401620864868164,23.031522750854492,0.0
3043,4,146,6,25.293182373046875,24.13150978088379,25.407047271728516,24.907960891723633,0.2700352370738983,24.452287673950195,25.186433792114258,25.293182373046875,0.0
3044,4,85,6,4.966354846954346,0.0,5.433102607727051,4.140194416046143,3.4947526454925537,4.639799118041992,4.949893951416016,4.966354846954346,0.25
3045,4,102,6,37.12085723876953,30.65357208251953,37.18907928466797,34.640926361083984,6.943598747253418,32.569976806640625,35.31135559082031,37.12085723876953,0.0
3046,4,149,6,58.15389633178711,52.140159606933594,58.37071990966797,55.934791564941406,7.121413707733154,53.40730285644531,57.26219940185547,58.15389633178711,0.0
3047,4,124,6,28.69085121154785,27.775249481201172,29.05176544189453,28.622400283813477,0.15936478972434998,28.69085121154785,28.70098876953125,28.78870391845703,0.05
3048,4,156,6,29.139270782470703,28.856143951416016,31.136201858520508,29.620338439941406,0.6952396035194397,29.103294372558594,29.139270782470703,30.054702758789062,0.05
3049,4,138,6,33.01927947998047,30.368206024169922,33.25257110595703,32.48896408081055,1.019942045211792,32.38396453857422,33.01927947998047,33.081512451171875,0.0
3050,4,134,6,39.714210510253906,39.714210510253906,43.60823059082031,42.069583892822266,2.8681225776672363,40.44414520263672,42.94550323486328,43.43164825439453,0.0
3051,4,153,6,17.89545440673828,17.89545440673828,20.444808959960938,19.203908920288086,0.9565073847770691,18.264720916748047,19.542936325073242,19.854736328125,0.05
3052,4,119,6,10.914491653442383,0.0,10.914491653442383,8.523062705993652,14.803613662719727,9.61909294128418,9.875125885009766,10.673696517944336,0.25
3053,4,154,6,47.738975524902344,46.88166809082031,48.8349609375,47.80377960205078,0.32051610946655273,47.738975524902344,47.76612854003906,47.824424743652344,0.0
3054,4,144,6,19.461591720581055,16.616384506225586,20.58606719970703,18.8931884765625,1.8775981664657593,18.00348663330078,19.461591720581055,19.652435302734375,0.0
3055,4,133,6,25.294357299804688,24.075077056884766,25.294357299804688,24.73558235168457,0.25036922097206116,24.275684356689453,24.77376937866211,25.233591079711914,0.05
3056,4,144,6,17.359596252441406,14.350597381591797,17.359596252441406,15.704527854919434,1.5559451580047607,14.596447944641113,15.403358459472656,16.887922286987305,0.1
3057,4,120,6,31.280948638916016,26.399599075317383,32.78834533691406,30.889209747314453,4.36195707321167,31.280948638916016,31.29473114013672,32.03480529785156,0.05
3058,4,156,6,23.5651912689209,21.546064376831055,23.5651912689209,22.679683685302734,0.5075696706771851,22.33966827392578,22.554370880126953,23.331090927124023,0.0
3059,4,134,6,24.689292907714844,21.540294647216797,25.517789840698242,23.814537048339844,1.7659178972244263,23.032466888427734,24.150096893310547,24.689292907714844,0.0
3060,4,153,6,30.669950485229492,28.23933982849121,30.852203369140625,29.555788040161133,1.390064001083374,28.42502784729004,29.587411880493164,30.669950485229492,0.15
3061,4,158,6,31.846515655517578,29.237825393676758,31.846515655517578,30.269145965576172,1.26212739944458,29.46957015991211,29.622438430786133,31.305892944335938,0.0
3062,4,127,6,16.409929275512695,0.0,16.409929275512695,12.275738716125488,32.38277053833008,12.576777458190918,14.26655101776123,16.09004783630371,0.15
3063,4,134,6,18.205568313598633,12.59535026550293,18.205568313598633,15.112861633300781,5.598038196563721,13.014593124389648,14.381559371948242,17.511037826538086,0.15
3064,4,151,6,22.786714553833008,18.178447723388672,23.880477905273438,22.361391067504883,3.6351537704467773,22.786714553833008,23.018543243408203,23.276805877685547,0.05
3065,4,140,6,45.665489196777344,41.426937103271484,47.00989532470703,44.6558723449707,3.7163572311401367,43.409423828125,45.54888916015625,45.665489196777344,0.0
3066,4,156,6,17.15048599243164,15.313700675964355,17.397018432617188,16.816631317138672,0.5308579802513123,16.68911361694336,17.15048599243164,17.302200317382812,0.1
3067,4,130,6,40.360687255859375,39.153358459472656,40.6280517578125,40.16290283203125,0.26443687081336975,39.996822357177734,40.360687255859375,40.53948974609375,0.0
3068,4,150,6,40.37239074707031,39.20143508911133,40.37239074707031,39.79283905029297,0.21150615811347961,39.43973159790039,39.691383361816406,40.25630187988281,0.0
3069,4,131,6,37.45512008666992,0.0,37.45512008666992,28.97745132446289,173.11940002441406,31.549785614013672,34.037994384765625,36.71940612792969,0.1
3070,4,144,6,35.05585479736328,35.05585479736328,37.44526672363281,36.19681167602539,0.8760806918144226,35.28947448730469,36.21549987792969,37.00483703613281,0.0
3071,4,139,6,52.36204528808594,49.62941360473633,52.55434036254883,51.95634460449219,1.0893590450286865,52.3394660949707,52.36204528808594,52.46421813964844,0.0
3072,4,148,6,31.162353515625,31.029949188232422,33.87534713745117,31.8759822845459,1.0959725379943848,31.162353515625,31.270130157470703,32.330467224121094,0.0
3073,4,121,6,20.360397338867188,17.883928298950195,20.442020416259766,19.53248405456543,1.275913953781128,18.535640716552734,20.255680084228516,20.360397338867188,0.0
3074,4,133,6,73.82666015625,73.82666015625,78.34903717041016,75.58330535888672,3.122843027114868,73.942626953125,75.0656509399414,76.98482513427734,0.0
3075,4,145,6,7.237176418304443,0.0,7.237176418304443,4.8830885887146,6.281408309936523,4.154216766357422,5.397954940795898,6.993844509124756,0.25
3076,4,138,6,42.517242431640625,34.96906661987305,42.517242431640625,38.58275604248047,9.483230590820312,35.778446197509766,38.08619689941406,41.643028259277344,0.0
3077,4,131,6,7.344328880310059,0.0,7.344328880310059,5.410510540008545,6.726764678955078,5.045072078704834,6.606751441955566,7.187227249145508,0.2
3078,4,148,6,37.129234313964844,30.0212459564209,37.129234313964844,33.44912338256836,7.364147663116455,31.900697708129883,32.30720520019531,35.950294494628906,0.0
3079,4,139,6,16.22955322265625,0.0,16.22955322265625,11.666670799255371,31.71864128112793,11.091156005859375,13.28072738647461,15.955968856811523,0.15
3080,4,77,6,29.965694427490234,29.965694427490234,30.294288635253906,30.047687530517578,0.01368443388491869,29.970260620117188,29.9898624420166,30.059486389160156,0.0
3081,4,119,6,41.5489501953125,38.96376419067383,42.26416778564453,40.85345458984375,1.3805480003356934,39.98834228515625,41.38230514526367,41.5489501953125,0.0
3082,4,152,6,16.90615463256836,13.733854293823242,17.036849975585938,16.128751754760742,1.3246705532073975,15.946075439453125,16.649120330810547,16.90615463256836,0.1
3083,4,99,6,45.10435485839844,36.51336669921875,46.82632827758789,41.55172348022461,17.770275115966797,37.489837646484375,41.883785247802734,45.10435485839844,0.0
3084,4,142,6,34.2106819152832,31.310928344726562,34.2106819152832,32.83418655395508,1.106460452079773,32.33938980102539,32.486732482910156,33.78651428222656,0.0
3085,4,130,6,6.4955620765686035,5.839198112487793,6.643654823303223,6.390785217285156,0.06692834943532944,6.404649257659912,6.4955620765686035,6.496181964874268,0.1
3086,4,128,6,24.155860900878906,22.13672637939453,24.1994686126709,23.462291717529297,0.7900543212890625,22.682342529296875,23.98996353149414,24.155860900878906,0.0
3087,4,134,6,20.03365707397461,14.769312858581543,20.03365707397461,17.451236724853516,3.764836549758911,16.592041015625,16.647716522216797,19.188579559326172,0.05
3088,4,152,6,18.04499053955078,13.232072830200195,18.04499053955078,15.533269882202148,4.119175910949707,13.588737487792969,15.259410858154297,17.593767166137695,0.0
3089,4,117,6,67.63169860839844,54.71120834350586,67.63169860839844,62.292667388916016,19.716901779174805,60.838661193847656,61.57215118408203,66.14900970458984,0.05
3090,4,123,6,64.68870544433594,60.22293472290039,65.49790954589844,63.66965866088867,2.923492193222046,63.3212890625,64.21283721923828,64.68870544433594,0.0
3091,4,136,6,14.584359169006348,13.21792221069336,16.489320755004883,14.652155876159668,0.9131706357002258,14.503094673156738,14.566816329956055,14.584359169006348,0.0
3092,4,134,6,31.18307113647461,28.85494613647461,31.18307113647461,30.12046241760254,0.8059470653533936,29.37649917602539,30.17538070678711,30.96169090270996,0.0
3093,4,143,6,30.35410499572754,25.42813491821289,30.35410499572754,28.448034286499023,4.102420330047607,26.666515350341797,29.220664978027344,30.292293548583984,0.1
3094,4,126,6,78.01472473144531,67.35005187988281,78.43694305419922,75.15377807617188,18.414630889892578,72.90543365478516,77.93160247802734,78.01472473144531,0.0
3095,4,103,6,20.32120704650879,20.033199310302734,20.67408561706543,20.379093170166016,0.049762189388275146,20.285499572753906,20.32120704650879,20.56875228881836,0.0
3096,4,137,6,33.38726806640625,28.468490600585938,33.38726806640625,30.9215030670166,4.215121269226074,29.04046058654785,30.699363708496094,33.01511764526367,0.0
3097,4,131,6,30.028846740722656,24.897375106811523,37.4487419128418,30.267309188842773,13.727694511413574,29.189586639404297,30.028846740722656,30.224868774414062,0.0
3098,4,137,6,33.975189208984375,33.05290985107422,34.391273498535156,33.659236907958984,0.23176918923854828,33.2728385925293,33.635398864746094,33.975189208984375,0.0
3099,4,141,6,43.08817672729492,39.63275146484375,46.864078521728516,42.76905822753906,4.943615913391113,41.526554107666016,42.97340393066406,43.08817672729492,0.0
3100,4,157,6,28.443496704101562,24.052278518676758,28.621328353881836,26.99659538269043,2.9592227935791016,25.852336883544922,27.683643341064453,28.443496704101562,0.05
3101,4,139,6,24.796005249023438,24.766992568969727,26.1549015045166,25.218839645385742,0.2654687166213989,24.796005249023438,24.99199676513672,25.50535774230957,0.0
3102,4,144,6,27.06243896484375,18.55173110961914,27.06243896484375,22.575653076171875,12.1049165725708,19.709003448486328,21.56604766845703,26.104761123657227,0.15
3103,4,155,6,14.561037063598633,13.89855670928955,14.561037063598633,14.18990421295166,0.07859837263822556,13.933466911315918,14.106115341186523,14.470291137695312,0.05
3104,4,139,6,36.08856201171875,30.69348907470703,38.548614501953125,34.314056396484375,7.8678507804870605,31.844600677490234,34.54851150512695,36.08856201171875,0.0
3105,4,135,6,37.620365142822266,37.620365142822266,39.875022888183594,38.31739044189453,0.5867621302604675,37.72126007080078,38.143836975097656,38.44160842895508,0.0
3106,4,147,6,33.35999298095703,29.014236450195312,37.33052062988281,32.11052703857422,8.50084400177002,29.586198806762695,31.7926082611084,33.35999298095703,0.0
3107,4,150,6,17.717601776123047,16.950918197631836,17.755441665649414,17.471393585205078,0.1159118264913559,17.189332962036133,17.684566497802734,17.717601776123047,0.0
3108,4,137,6,22.60460662841797,15.626317977905273,23.324935913085938,20.94081687927246,8.143989562988281,19.588722229003906,22.60460662841797,22.826904296875,0.05
3109,4,137,6,24.996736526489258,20.93956184387207,24.996736526489258,23.836776733398438,2.243213176727295,23.216876983642578,24.605491638183594,24.99090003967285,0.05
3110,4,149,6,29.009212493896484,27.68724250793457,29.835756301879883,28.96019744873047,0.4062775671482086,29.009212493896484,29.048179626464844,29.121244430541992,0.0
3111,4,134,6,38.53375244140625,30.36505889892578,38.53375244140625,35.4754524230957,9.156717300415039,33.517608642578125,36.41506576538086,38.032752990722656,0.05
3112,4,144,6,32.71638488769531,29.478370666503906,32.71638488769531,31.747894287109375,1.3189268112182617,31.468765258789062,32.06069564819336,32.68999481201172,0.0
3113,4,120,6,25.35557746887207,21.373903274536133,25.424793243408203,24.217702865600586,2.0576350688934326,23.866870880126953,24.65819549560547,25.35557746887207,0.0
3114,4,132,6,48.82103729248047,47.38111114501953,48.82103729248047,48.1865234375,0.29989513754844666,47.757598876953125,48.244712829589844,48.6854362487793,0.0
3115,4,137,6,45.670127868652344,39.53722381591797,46.39080047607422,43.573509216308594,6.649898052215576,41.53231430053711,44.43233108520508,45.670127868652344,0.0
3116,4,112,6,22.466075897216797,22.466075897216797,24.54937171936035,23.661598205566406,0.7684593200683594,22.796520233154297,24.066818237304688,24.352270126342773,0.0
3117,4,153,6,18.965484619140625,18.50119400024414,18.965484619140625,18.69124984741211,0.03997005149722099,18.52225112915039,18.601093292236328,18.88727378845215,0.0
3118,4,104,6,30.153078079223633,25.55046844482422,30.153078079223633,28.494998931884766,2.6846487522125244,27.628707885742188,28.893646240234375,29.927480697631836,0.0
3119,4,129,6,48.63560485839844,48.63560485839844,49.41067123413086,48.99321746826172,0.0955721065402031,48.714881896972656,48.95473861694336,49.26515197753906,0.0
3120,4,142,6,70.79136657714844,65.34738159179688,70.79136657714844,67.73005676269531,4.998111724853516,65.96971893310547,66.85493469238281,69.8565444946289,0.0
3121,4,117,6,39.86151885986328,30.805206298828125,39.86151885986328,34.261688232421875,16.35213279724121,30.911304473876953,32.07009506225586,38.19615173339844,0.0
3122,4,150,6,21.47360610961914,21.47360610961914,24.055498123168945,23.030208587646484,1.225121259689331,22.033021926879883,23.72066879272461,23.73541831970215,0.0
3123,4,95,6,25.602581024169922,18.108842849731445,25.602581024169922,22.07650375366211,10.510429382324219,19.039947509765625,22.170860290527344,25.349891662597656,0.0
3124,4,156,6,21.554779052734375,20.078271865844727,21.554779052734375,20.940282821655273,0.36937323212623596,20.379653930664062,21.147071838378906,21.479755401611328,0.0
3125,4,126,6,3.5175535678863525,3.45115065574646,3.5928337574005127,3.5137152671813965,0.0017679452430456877,3.497882127761841,3.5132946968078613,3.5175535678863525,0.25
3126,4,157,6,39.85260772705078,36.26476287841797,39.85260772705078,38.46002197265625,1.6345185041427612,37.8189697265625,38.50568771362305,39.65742111206055,0.0
3127,4,126,6,35.6396484375,33.97261428833008,36.280357360839844,35.23504638671875,0.5374126434326172,34.87250518798828,35.35581970214844,35.6396484375,0.0
3128,4,156,6,25.016870498657227,23.183433532714844,25.016870498657227,24.233360290527344,0.5326499342918396,23.61184310913086,24.34286880493164,24.9451847076416,0.0
3129,4,140,6,40.189735412597656,38.2376594543457,40.189735412597656,39.23244094848633,0.6312744617462158,38.48185348510742,39.25444030761719,39.9891471862793,0.0
3131,4,146,6,23.685317993164062,16.472068786621094,23.685317993164062,21.238542556762695,5.831079959869385,20.92063331604004,21.41539764404297,23.119369506835938,0.05
3132,4,154,6,35.8634033203125,29.995710372924805,37.23639678955078,33.38310623168945,8.892007827758789,30.651756286621094,33.28474044799805,35.8634033203125,0.0
3133,4,136,6,36.90058517456055,34.30548858642578,36.90058517456055,35.890838623046875,0.7768643498420715,35.63515853881836,35.81733322143555,36.65172576904297,0.0
3134,4,138,6,20.541412353515625,17.770408630371094,21.896345138549805,20.019668579101562,2.7032411098480225,18.508596420288086,20.541412353515625,21.28843116760254,0.1
3135,4,126,6,22.305160522460938,21.320079803466797,23.404109954833984,22.36454200744629,0.6728585958480835,21.674575805664062,22.305160522460938,23.11756134033203,0.0
3136,4,136,6,32.00416564941406,28.521883010864258,33.79386901855469,31.0900821685791,2.9711191654205322,29.907785415649414,31.256607055664062,32.00416564941406,0.0
3137,4,136,6,13.39891242980957,12.86027717590332,13.472949981689453,13.175148010253906,0.06505000591278076,12.925130844116211,13.214202880859375,13.39891242980957,0.0
3138,4,158,6,22.53141975402832,22.51252555847168,24.288742065429688,22.97341537475586,0.455237478017807,22.53141975402832,22.536827087402344,23.2111759185791,0.15
3139,4,154,6,18.090503692626953,14.266977310180664,18.090503692626953,16.04471778869629,2.3193345069885254,14.855497360229492,15.566512107849121,17.511106491088867,0.2
3140,4,158,6,38.41156768798828,36.0150146484375,38.68971252441406,37.56270980834961,0.9991018772125244,36.82893371582031,37.763153076171875,38.41156768798828,0.0
3141,4,155,6,27.70100212097168,25.003826141357422,27.70100212097168,26.53675079345703,1.2644728422164917,25.495037078857422,26.892719268798828,27.49900245666504,0.0
3142,4,149,6,21.912078857421875,21.912078857421875,23.993244171142578,22.89128875732422,0.6382838487625122,22.150407791137695,22.902801513671875,23.528602600097656,0.0
3143,4,129,6,16.596920013427734,12.633171081542969,16.596920013427734,14.327912330627441,2.728893995285034,13.033119201660156,13.586465835571289,15.933452606201172,0.1
3144,4,109,6,10.486515045166016,0.0,10.486515045166016,6.792872428894043,13.429366111755371,5.399117469787598,7.25380277633667,10.050118446350098,0.25
3145,4,138,6,25.503894805908203,16.757598876953125,25.503894805908203,20.937456130981445,11.282524108886719,19.01070213317871,19.44536781311035,24.066364288330078,0.05
3146,4,147,6,24.309844970703125,22.992931365966797,24.365203857421875,24.07692527770996,0.23751410841941833,24.21942710876465,24.29828643798828,24.309844970703125,0.05
3147,4,157,6,42.50739288330078,37.00713348388672,42.50739288330078,39.65333557128906,4.8466315269470215,37.891929626464844,39.0438232421875,41.86835861206055,0.05
3148,4,151,6,34.75624084472656,34.57476806640625,38.366065979003906,35.65980911254883,1.7392566204071045,34.75624084472656,35.066009521484375,35.94126510620117,0.05
3149,4,142,6,29.111248016357422,26.994102478027344,29.111248016357422,28.188186645507812,0.6521240472793579,27.554105758666992,28.239948272705078,28.973770141601562,0.05
3150,4,155,6,20.020000457763672,19.460514068603516,20.44120216369629,19.9929256439209,0.08621316403150558,19.917640686035156,20.020000457763672,20.104236602783203,0.05
3151,4,117,6,22.31123161315918,20.960325241088867,22.31123161315918,21.89433479309082,0.2047848403453827,21.897472381591797,21.943037033081055,22.230331420898438,0.0
3152,4,152,6,14.806023597717285,13.07962417602539,14.971309661865234,14.197052955627441,0.512877345085144,13.645190238952637,14.39732551574707,14.806023597717285,0.15
3153,4,150,6,35.626800537109375,35.626800537109375,38.630340576171875,37.3293571472168,1.5656440258026123,36.09539031982422,37.86781692504883,38.32604217529297,0.0
3154,4,141,6,56.081398010253906,52.65887451171875,58.12095260620117,55.075592041015625,3.4416544437408447,53.69799041748047,54.97590637207031,56.081398010253906,0.0
3155,4,106,6,0.0,0.0,4.943506240844727,2.6150476932525635,4.041244983673096,0.6637841463088989,2.987682819366455,4.4086174964904785,0.25
3156,4,132,6,31.789499282836914,29.908750534057617,31.9067440032959,31.30317497253418,0.6254364252090454,30.838497161865234,31.789499282836914,31.87466812133789,0.0
3157,4,160,6,21.948867797851562,20.207618713378906,21.948867797851562,21.219167709350586,0.47045406699180603,20.6435546875,21.40260887145996,21.82272720336914,0.0
3158,4,131,6,36.40096664428711,33.232940673828125,36.40096664428711,35.19660568237305,1.438812255859375,34.33009338378906,35.53397750854492,36.295230865478516,0.0
3159,4,145,6,31.396774291992188,28.694787979125977,32.05711364746094,31.058338165283203,1.2159010171890259,31.137977600097656,31.396774291992188,31.66383934020996,0.05
3160,4,132,6,31.58624267578125,26.3983154296875,31.58624267578125,28.585298538208008,4.850642681121826,26.668020248413086,27.751983642578125,30.725418090820312,0.2
3161,4,159,6,41.13344955444336,26.073326110839844,41.2008056640625,37.28179168701172,28.515884399414062,36.8654670715332,39.313541412353516,41.13344955444336,0.05
3162,4,151,6,32.922508239746094,31.717761993408203,32.922508239746094,32.42761993408203,0.2316320687532425,32.062862396240234,32.482444763183594,32.89878845214844,0.0
3163,4,140,6,15.305736541748047,10.012092590332031,15.305736541748047,12.977709770202637,5.009393692016602,10.927966117858887,13.291851043701172,15.19150447845459,0.05
3164,4,133,6,25.72885513305664,20.59918975830078,26.351314544677734,23.737998962402344,5.234610080718994,21.688491821289062,24.190765380859375,25.72885513305664,0.15
3165,4,144,6,22.058704376220703,19.32124137878418,22.092369079589844,21.069726943969727,1.1563235521316528,20.33475685119629,21.360103607177734,22.058704376220703,0.15
3166,4,152,6,23.81090545654297,22.27845573425293,23.81090545654297,23.30923080444336,0.27465346455574036,23.19110679626465,23.38760757446289,23.745800018310547,0.0
3167,4,142,6,33.34796905517578,26.672304153442383,33.34796905517578,29.566831588745117,7.398896217346191,27.798538208007812,28.170867919921875,32.066131591796875,0.0
3168,4,106,6,36.79172897338867,35.70643997192383,37.4571533203125,36.49524688720703,0.3361620604991913,36.10649108886719,36.45769500732422,36.79172897338867,0.0
3169,4,135,6,9.794264793395996,0.0,9.794264793395996,6.817918300628662,10.768268585205078,6.904258728027344,7.232344627380371,9.198331832885742,0.2
3170,4,131,6,49.53828430175781,44.628822326660156,49.53828430175781,47.93985366821289,3.096482992172241,47.1239013671875,48.59234619140625,49.38776397705078,0.0
3171,4,125,6,14.422626495361328,12.525556564331055,14.549250602722168,13.76998519897461,0.64434814453125,13.098567962646484,14.137636184692383,14.422626495361328,0.15
3172,4,156,6,25.141155242919922,25.01297950744629,25.736276626586914,25.30117416381836,0.060826633125543594,25.141155242919922,25.207012176513672,25.445173263549805,0.2
3173,4,127,6,32.88698196411133,32.88698196411133,41.62786102294922,36.80321502685547,10.165484428405762,33.870277404785156,36.99272155761719,38.865325927734375,0.05
3174,4,154,6,48.74004364013672,42.85508728027344,48.74004364013672,46.6580924987793,6.03439998626709,44.59215545654297,47.95806884765625,48.71484375,0.0
3175,4,153,6,25.590646743774414,23.812267303466797,25.590646743774414,24.747726440429688,0.4443872570991516,24.2705078125,24.64971923828125,25.392362594604492,0.0
3176,4,148,6,24.72207260131836,22.70682716369629,24.803298950195312,23.88442611694336,0.7739572525024414,23.148670196533203,23.976577758789062,24.72207260131836,0.05
3177,4,129,6,36.595455169677734,34.96094512939453,39.95793151855469,37.771968841552734,3.418205976486206,36.595455169677734,37.64849090576172,39.5407600402832,0.0
3178,4,147,6,59.746559143066406,53.21239471435547,59.746559143066406,56.78178405761719,5.962197780609131,54.974971771240234,56.701210021972656,59.12263870239258,0.0
3179,4,92,6,44.75050354003906,43.736915588378906,46.157806396484375,44.82003402709961,0.5697005987167358,44.40789794921875,44.75050354003906,45.1107177734375,0.0
3180,4,158,6,34.36304473876953,33.0687141418457,34.36304473876953,33.60041427612305,0.304502934217453,33.15138626098633,33.3622932434082,34.11436080932617,0.0
3181,4,158,6,18.573822021484375,18.573822021484375,20.398942947387695,19.289993286132812,0.41449764370918274,18.69809913635254,19.248714447021484,19.628578186035156,0.0
3182,4,117,6,36.4031867980957,34.98554992675781,41.175941467285156,37.62798309326172,5.095775127410889,36.4031867980957,36.47884750366211,39.32278060913086,0.0
3183,4,147,6,39.77704620361328,35.37005615234375,40.27497863769531,37.806339263916016,4.624260425567627,35.73797607421875,37.879730224609375,39.77704620361328,0.0
3184,4,158,6,29.356000900268555,24.620189666748047,29.356000900268555,27.879770278930664,2.744616985321045,27.338088989257812,28.41876792907715,29.21996307373047,0.0
3185,4,157,6,27.92648696899414,25.032936096191406,27.98888397216797,27.086881637573242,1.5272278785705566,26.24686050415039,27.92648696899414,27.951255798339844,0.0
3186,4,133,6,21.402843475341797,18.23609733581543,22.733440399169922,21.13254737854004,2.069147825241089,20.944616317749023,21.402843475341797,22.0218505859375,0.0
3187,4,115,6,60.50764465332031,59.45556640625,62.2302131652832,60.90201950073242,0.8659045100212097,60.50764465332031,60.65393829345703,61.63317108154297,0.0
3188,4,148,6,16.829492568969727,16.396163940429688,16.88205909729004,16.732717514038086,0.02595466561615467,16.716293334960938,16.79277801513672,16.829492568969727,0.0
3189,4,156,6,23.779033660888672,21.282386779785156,24.70372772216797,23.373641967773438,1.086949110031128,23.27033233642578,23.642438888549805,23.779033660888672,0.0
3190,4,110,6,40.990692138671875,37.43886947631836,42.36756896972656,39.74806213378906,3.4669861793518066,37.90140914916992,40.11935806274414,40.990692138671875,0.0
3191,4,71,6,33.63591766357422,33.63591766357422,34.90630340576172,34.059844970703125,0.22311852872371674,33.65208435058594,33.877716064453125,34.33283233642578,0.0
3192,4,152,6,15.75344181060791,0.0,15.75344181060791,10.49333381652832,29.29884910583496,8.934185028076172,11.397714614868164,15.073019027709961,0.15
3193,4,155,6,27.16986846923828,22.26584815979004,27.16986846923828,24.661867141723633,3.7552244663238525,23.05111312866211,24.283161163330078,26.567340850830078,0.1
3194,4,147,6,29.894893646240234,25.432533264160156,31.678882598876953,28.798845291137695,4.0261430740356445,27.65597152709961,29.21037483215332,29.894893646240234,0.0
3195,4,153,6,32.720603942871094,32.07143020629883,33.85546875,32.65453338623047,0.3562789857387543,32.189090728759766,32.59053421020508,32.720603942871094,0.0
3196,4,120,6,20.493934631347656,0.0,20.493934631347656,16.038379669189453,53.28522872924805,17.116037368774414,19.376148223876953,20.310068130493164,0.2
3197,4,131,6,2.285963296890259,0.0,2.285963296890259,1.7551392316818237,0.6418329477310181,1.8720283508300781,2.0621750354766846,2.24945068359375,0.25
3198,4,122,6,24.249042510986328,0.0,24.249042510986328,18.09403419494629,80.58273315429688,15.677309036254883,23.407705307006836,24.15135955810547,0.1
3199,4,135,6,37.49806213378906,30.776958465576172,37.49806213378906,33.372459411621094,8.592047691345215,31.332334518432617,31.57476043701172,36.06270980834961,0.0
3200,4,151,6,27.565204620361328,25.262836456298828,27.565204620361328,26.464702606201172,0.8972291946411133,25.62965202331543,26.414649963378906,27.425827026367188,0.0
3201,4,149,6,33.80133819580078,32.16531753540039,34.144798278808594,33.23820495605469,0.5773008465766907,32.535789489746094,33.5022087097168,33.80133819580078,0.0
3202,4,149,6,20.35713768005371,20.067806243896484,21.18670654296875,20.502714157104492,0.11694136261940002,20.35713768005371,20.42727279663086,20.53692054748535,0.0
3203,4,144,6,22.155860900878906,19.286815643310547,22.155860900878906,20.752195358276367,1.1743559837341309,19.992706298828125,20.548492431640625,21.761669158935547,0.0
3204,4,142,6,30.438051223754883,27.110971450805664,30.711318969726562,29.6479434967041,1.5006592273712158,29.443498611450195,30.167478561401367,30.438051223754883,0.05
3205,4,146,6,20.298994064331055,18.804323196411133,20.52043914794922,20.040542602539062,0.32073327898979187,20.13903045654297,20.250850677490234,20.298994064331055,0.2
3206,4,143,6,37.64495086669922,35.69670104980469,37.64495086669922,36.97705078125,0.5363999605178833,36.53326416015625,37.29661560058594,37.56060791015625,0.0
3207,4,143,6,26.00414276123047,22.111398696899414,26.710376739501953,24.585195541381836,3.0245790481567383,23.12080192565918,24.892105102539062,26.00414276123047,0.0
3208,4,144,6,34.803016662597656,32.880130767822266,34.803016662597656,34.178558349609375,0.41791489720344543,34.10479736328125,34.24434280395508,34.69200897216797,0.0
3209,4,141,6,29.66220474243164,26.51348876953125,29.66220474243164,28.42113494873047,1.2276828289031982,27.841678619384766,28.487659454345703,29.434003829956055,0.05
3210,4,111,6,22.973825454711914,19.513395309448242,25.249839782714844,23.260005950927734,3.562354326248169,22.973825454711914,23.4488582611084,24.67491340637207,0.05
3211,4,142,6,22.42411994934082,17.017906188964844,22.42411994934082,20.042165756225586,3.7166895866394043,18.981014251708984,19.814128875732422,21.813081741333008,0.15
3212,4,122,6,21.6452693939209,0.0,21.6452693939209,14.093620300292969,52.62633514404297,12.865400314331055,14.382521629333496,19.93941879272461,0.2
3213,4,140,6,34.12120056152344,29.764793395996094,36.18997573852539,33.563804626464844,3.7798545360565186,33.27280044555664,34.12120056152344,34.177040100097656,0.05
3214,4,129,6,27.46282958984375,25.71022605895996,27.636566162109375,26.806407928466797,0.5893107652664185,26.11146354675293,27.044445037841797,27.46282958984375,0.0
3215,4,124,6,27.550819396972656,22.633655548095703,28.442398071289062,26.773305892944336,3.801250457763672,26.716476440429688,27.550819396972656,27.905540466308594,0.0
3216,4,134,6,11.043394088745117,9.647212982177734,12.193212509155273,10.854659080505371,0.5948821306228638,10.478368759155273,10.943882942199707,11.043394088745117,0.1
3217,4,127,6,18.78219985961914,0.0,18.78219985961914,15.29198932647705,47.02162170410156,17.55620002746582,18.44071388244629,18.730388641357422,0.1
3218,4,154,6,32.900299072265625,30.310434341430664,32.900299072265625,31.975976943969727,0.9572663307189941,31.311389923095703,32.34253692626953,32.829925537109375,0.0
3219,4,120,6,32.407649993896484,22.097698211669922,34.88609313964844,29.650835037231445,18.054555892944336,27.385589599609375,30.897674560546875,32.407649993896484,0.05
3220,4,90,6,33.69176483154297,26.301441192626953,33.69176483154297,30.729381561279297,6.971206188201904,29.294151306152344,30.77127456665039,33.22188949584961,0.0
3221,4,136,6,47.10661315917969,43.16242218017578,47.11112976074219,46.1888427734375,1.9722764492034912,46.2095947265625,46.828426361083984,47.10661315917969,0.05
3222,4,137,6,36.92327880859375,35.494903564453125,41.37959289550781,38.2531623840332,3.931121349334717,36.92327880859375,38.08927536010742,39.470802307128906,0.0
3223,4,113,6,52.3614387512207,49.66807556152344,54.389434814453125,52.39558410644531,2.502760410308838,51.72761535644531,52.3614387512207,53.64794158935547,0.0
3224,4,141,6,22.02062225341797,17.485496520996094,22.02062225341797,19.769479751586914,3.4673287868499756,18.116689682006836,19.552085876464844,21.664297103881836,0.05
3225,4,115,6,56.50019454956055,55.5853271484375,57.66758728027344,56.53055953979492,0.5854364633560181,55.8654670715332,56.50019454956055,57.082176208496094,0.0
3226,4,137,6,15.832049369812012,0.0,15.844497680664062,11.792572975158691,35.821842193603516,9.794614791870117,15.556539535522461,15.832049369812012,0.25
3227,4,152,6,54.42818069458008,47.202613830566406,54.5137939453125,51.74576187133789,8.828161239624023,49.25871276855469,52.88172149658203,54.42818069458008,0.05
3228,4,154,6,11.170939445495605,0.0,11.358976364135742,8.631956100463867,15.907381057739258,8.864412307739258,10.289216995239258,11.170939445495605,0.15
3229,4,157,6,25.443790435791016,24.876760482788086,26.9258975982666,25.878568649291992,0.4825937747955322,25.443790435791016,25.768783569335938,26.388988494873047,0.0
3230,4,151,6,17.666061401367188,0.0,17.666061401367188,13.209152221679688,37.34752655029297,13.763315200805664,15.128622055053711,17.299701690673828,0.2
3231,4,117,6,104.98159790039062,103.3839340209961,109.60726165771484,106.63502502441406,5.237494945526123,104.98159790039062,106.57975769042969,108.55284118652344,0.0
3232,4,152,6,16.58254623413086,0.0,16.58254623413086,12.27110767364502,33.5792236328125,11.877589225769043,14.552486419677734,16.352998733520508,0.1
3233,4,133,6,27.261137008666992,26.295425415039062,31.670555114746094,28.129337310791016,2.9612350463867188,27.261137008666992,27.49156379699707,28.354829788208008,0.0
3234,4,67,6,30.410493850708008,29.937767028808594,30.55246353149414,30.39201545715332,0.044291991740465164,30.410493850708008,30.4654541015625,30.52044677734375,0.0
3235,4,136,6,16.98986053466797,14.529401779174805,16.98986053466797,16.065467834472656,0.7235892415046692,15.698664665222168,16.157299041748047,16.7991943359375,0.0
3236,4,147,6,14.763321876525879,10.281210899353027,14.763321876525879,12.552863121032715,3.1358678340911865,11.014115333557129,12.402986526489258,14.287382125854492,0.15
3237,4,136,6,22.078704833984375,21.100868225097656,22.078704833984375,21.69924545288086,0.13326939940452576,21.441429138183594,21.785869598388672,22.034629821777344,0.05
3238,4,158,6,18.089569091796875,17.391191482543945,18.265039443969727,17.949462890625,0.10379526019096375,17.750764846801758,18.089569091796875,18.190078735351562,0.0
3239,4,124,6,36.5789909362793,29.666831970214844,36.5789909362793,34.186431884765625,5.579854488372803,33.453834533691406,34.61107635498047,36.089664459228516,0.05
3240,4,124,6,36.94026184082031,36.54534149169922,39.320030212402344,37.24839401245117,0.8770200610160828,36.851985931396484,36.92649841308594,36.94026184082031,0.0
3241,4,137,6,32.52513122558594,27.890090942382812,32.52513122558594,30.033405303955078,3.7928948402404785,28.192047119140625,29.65093994140625,31.99591827392578,0.0
3242,4,113,6,27.912418365478516,27.912418365478516,30.597043991088867,29.139827728271484,1.0926907062530518,28.09083366394043,29.2196102142334,29.93668556213379,0.05
3243,4,149,6,23.558752059936523,19.99106216430664,26.15955924987793,23.265993118286133,3.217891216278076,23.117555618286133,23.407695770263672,23.558752059936523,0.05
3244,4,53,6,36.49070739746094,36.349029541015625,36.49183654785156,36.45499801635742,0.002648646477609873,36.44415283203125,36.48197937011719,36.49070739746094,0.0
3245,4,156,6,33.255699157714844,29.337764739990234,33.255699157714844,30.940719604492188,2.828855276107788,29.507495880126953,30.21884536743164,32.561798095703125,0.05
3246,4,152,6,14.331846237182617,0.0,14.331846237182617,11.813552856445312,27.938934326171875,13.919839859008789,14.185688972473145,14.306573867797852,0.25
3247,4,120,6,22.77348518371582,21.546875,22.77348518371582,22.209699630737305,0.19661244750022888,21.95769691467285,22.121753692626953,22.623924255371094,0.1
3248,4,117,6,32.374237060546875,31.08477020263672,32.400882720947266,31.99843406677246,0.2893311679363251,31.646968841552734,32.35750961303711,32.374237060546875,0.0
3249,4,147,6,21.5255126953125,21.06365203857422,24.949161529541016,22.39174461364746,1.8278638124465942,21.5255126953125,21.724609375,23.00312042236328,0.0
3250,4,126,6,31.369768142700195,27.90620231628418,31.369768142700195,29.822757720947266,1.9236809015274048,28.713224411010742,29.81869888305664,31.213504791259766,0.0
3251,4,131,6,37.430572509765625,32.94141387939453,38.817726135253906,36.336090087890625,5.24484395980835,34.406490325927734,37.430572509765625,37.855995178222656,0.0
3252,4,139,6,33.08721923828125,24.81622886657715,33.08721923828125,28.265033721923828,11.974167823791504,25.76848602294922,26.494056701660156,31.502519607543945,0.0
3253,4,139,6,26.34100341796875,25.927021026611328,29.240510940551758,26.992931365966797,1.174222469329834,26.34100341796875,26.69453239440918,27.0570068359375,0.0
3254,4,148,6,40.255348205566406,38.71214294433594,42.01676940917969,40.55555725097656,1.066106915473938,40.255348205566406,40.492881774902344,41.205101013183594,0.0
3255,4,140,6,16.103076934814453,15.157491683959961,16.103076934814453,15.892594337463379,0.11090873181819916,15.96540355682373,16.021339416503906,16.084503173828125,0.05
3256,4,159,6,15.879558563232422,12.937141418457031,15.879558563232422,14.429262161254883,1.1875081062316895,13.866154670715332,14.023385047912598,15.429616928100586,0.05
3257,4,159,6,47.3529167175293,45.70528793334961,47.95923614501953,46.95440673828125,0.5142456889152527,46.602943420410156,47.09058380126953,47.3529167175293,0.0
3258,4,124,6,17.487327575683594,0.0,17.487327575683594,11.166166305541992,34.411285400390625,10.10995864868164,11.107765197753906,15.914525985717773,0.2
3259,4,120,6,38.97355651855469,38.97355651855469,41.708099365234375,40.43098831176758,1.1387078762054443,39.43183517456055,40.89035415649414,41.10601043701172,0.0
3260,4,136,6,12.442887306213379,11.756779670715332,12.927906036376953,12.288936614990234,0.13988883793354034,12.039057731628418,12.304756164550781,12.442887306213379,0.05
3261,4,157,6,47.53620910644531,41.214569091796875,47.53620910644531,45.05237579345703,6.812231063842773,42.84428405761719,45.80072784423828,47.527587890625,0.05
3262,4,138,6,19.101213455200195,16.334293365478516,19.32894515991211,18.119932174682617,1.3844263553619385,17.116701126098633,18.574350357055664,19.101213455200195,0.0
3263,4,137,6,41.46431350708008,41.46431350708008,45.49916076660156,43.523223876953125,2.3514771461486816,42.06927490234375,44.11334991455078,44.44928741455078,0.0
3264,4,158,6,25.596466064453125,22.943233489990234,26.244049072265625,24.738828659057617,1.3870387077331543,23.818374633789062,25.019424438476562,25.596466064453125,0.0
3265,4,57,6,30.13730239868164,29.609338760375977,30.13730239868164,29.833744049072266,0.04815152660012245,29.668519973754883,29.73626708984375,30.03708267211914,0.0
3266,4,156,6,32.86082458496094,30.986722946166992,33.04059600830078,32.451473236083984,0.5354955792427063,32.24666976928711,32.86082458496094,32.90364074707031,0.0
3267,4,154,6,22.576419830322266,19.33408546447754,23.2406005859375,21.51972007751465,2.023003101348877,20.37771987915039,21.953582763671875,22.576419830322266,0.1
3268,4,157,6,15.778970718383789,11.62636661529541,15.778970718383789,13.90949821472168,2.374159574508667,12.922447204589844,13.690765380859375,15.425524711608887,0.05
3269,4,11,6,50.74748992919922,50.74748992919922,78.19205474853516,60.99265670776367,86.40670776367188,53.19438171386719,60.874942779541016,63.69297790527344,0.0
3270,4,156,6,23.66800308227539,19.364154815673828,23.66800308227539,22.02031707763672,2.4500529766082764,21.04323959350586,22.390262603759766,23.38380241394043,0.0
3271,4,148,6,33.550201416015625,32.3558235168457,34.20947265625,33.44124221801758,0.30262166261672974,33.4330940246582,33.550201416015625,33.57831954956055,0.0
3272,4,141,6,46.80314636230469,42.78048324584961,46.80314636230469,45.278133392333984,1.97437584400177,44.63459396362305,45.373741149902344,46.55554962158203,0.0
3273,4,155,6,28.549091339111328,24.685779571533203,29.942352294921875,27.246797561645508,3.5283100605010986,25.71845245361328,27.3719482421875,28.549091339111328,0.0
3274,4,139,6,40.86327362060547,38.4335823059082,40.86700439453125,39.98219680786133,0.8924784064292908,39.38557815551758,40.19560241699219,40.86327362060547,0.0
3275,4,145,6,28.204395294189453,22.826927185058594,28.204395294189453,25.271074295043945,5.442299842834473,23.065385818481445,24.717700958251953,27.663253784179688,0.15
3276,4,104,6,60.25054168701172,47.51979446411133,60.304908752441406,56.404842376708984,21.2397518157959,54.978515625,57.724205017089844,60.25054168701172,0.0
3277,4,158,6,22.997909545898438,22.997909545898438,24.89173698425293,23.602270126342773,0.40038222074508667,23.125354766845703,23.55670738220215,23.61092185974121,0.05
3278,4,138,6,34.92185592651367,30.20610237121582,34.92185592651367,32.49766540527344,3.466726064682007,30.964447021484375,32.10990905761719,34.319175720214844,0.0
3279,4,138,6,45.126182556152344,38.11563491821289,45.126182556152344,41.594886779785156,7.941865921020508,39.20384979248047,41.096099853515625,44.445682525634766,0.0
3280,4,146,6,19.9436092376709,18.631195068359375,19.9436092376709,19.61996841430664,0.20797160267829895,19.65536117553711,19.786273956298828,19.917116165161133,0.0
3281,4,128,6,67.89085388183594,61.60622024536133,74.71235656738281,67.72633361816406,15.266656875610352,66.1854476928711,67.89085388183594,68.4532699584961,0.0
3282,4,152,6,18.193233489990234,16.456350326538086,18.193233489990234,17.191219329833984,0.5192984342575073,16.686874389648438,16.81419563293457,17.872230529785156,0.05
3283,4,140,6,46.93552017211914,41.7508544921875,46.93552017211914,44.37583923339844,4.184996128082275,42.61684036254883,44.247406005859375,46.312255859375,0.0
3284,4,143,6,45.21514129638672,39.90803146362305,45.21514129638672,43.4217643737793,3.144819736480713,43.25166702270508,43.48484802246094,44.81903839111328,0.0
3285,4,141,6,31.88106918334961,28.446550369262695,31.88106918334961,30.41478729248047,1.814276099205017,29.36557960510254,30.510892868041992,31.744352340698242,0.0
3286,4,154,6,47.23057556152344,43.987525939941406,47.23057556152344,45.47279357910156,1.680315375328064,44.490333557128906,45.008636474609375,46.715023040771484,0.0
3287,4,148,6,37.197425842285156,36.394775390625,38.46892166137695,37.275474548339844,0.5239047408103943,36.68881607055664,37.197425842285156,37.70562744140625,0.0
3288,4,139,6,33.39133071899414,29.775699615478516,33.39133071899414,31.601613998413086,1.9219424724578857,30.55329132080078,31.37116241455078,32.90753936767578,0.0
3289,4,138,6,55.4056282043457,48.140525817871094,55.4056282043457,51.6157341003418,8.597336769104004,49.02472686767578,51.09498596191406,54.49147415161133,0.0
3290,4,122,6,14.372068405151367,0.0,15.477846145629883,12.077710151672363,29.386592864990234,14.120981216430664,14.248262405395508,14.372068405151367,0.25
3291,4,147,6,22.26636505126953,19.15695571899414,22.26636505126953,21.198562622070312,1.3437836170196533,20.490415573120117,21.677608489990234,22.158021926879883,0.0
3292,4,124,6,19.626920700073242,19.626920700073242,21.12503433227539,20.43218421936035,0.3585938513278961,19.842823028564453,20.6604061126709,20.877635955810547,0.0
3293,4,131,6,51.50069808959961,49.48785400390625,53.69027328491211,51.40088653564453,1.5448201894760132,50.962013244628906,51.45768737792969,51.50069808959961,0.0
3294,4,147,6,25.161853790283203,21.114471435546875,26.402755737304688,23.918840408325195,3.2640445232391357,22.71619415283203,24.118812561035156,25.161853790283203,0.0
3295,4,147,6,15.798121452331543,0.0,16.021373748779297,12.429088592529297,33.10557174682617,12.587982177734375,15.528763771057129,15.798121452331543,0.1
3296,4,144,6,55.19682312011719,53.695472717285156,55.744171142578125,54.9802360534668,0.4206134080886841,54.83499526977539,55.19682312011719,55.29951477050781,0.0
3297,4,138,6,58.47364044189453,54.47697448730469,58.47364044189453,56.45893096923828,2.553821563720703,55.036746978759766,56.297054290771484,58.018428802490234,0.0
3298,4,133,6,52.90736770629883,41.39690017700195,54.943145751953125,49.47258377075195,27.73625373840332,45.14418411254883,52.320045471191406,52.90736770629883,0.0
3299,4,129,6,42.930423736572266,41.417545318603516,44.00107192993164,42.39173889160156,0.9310709238052368,41.52616882324219,42.24226379394531,42.930423736572266,0.0
3300,4,149,6,27.982803344726562,23.879968643188477,27.982803344726562,26.415225982666016,1.967557430267334,25.9012451171875,26.449176788330078,27.621013641357422,0.0
3301,4,146,6,16.83221435546875,15.731254577636719,16.83221435546875,16.215404510498047,0.20094090700149536,15.884108543395996,16.021305084228516,16.64130401611328,0.0
3302,4,150,6,20.793914794921875,17.719205856323242,20.793914794921875,19.4993896484375,1.3573716878890991,18.624492645263672,19.610450744628906,20.627466201782227,0.05
3303,4,140,6,11.97031021118164,11.74881362915039,12.3485107421875,12.027563095092773,0.04184909909963608,11.90915298461914,11.97031021118164,12.171579360961914,0.05
3304,4,154,6,35.64362716674805,33.480712890625,35.64362716674805,34.76345443725586,0.8694464564323425,33.854774475097656,35.12074279785156,35.61677551269531,0.0
3305,4,133,6,49.90757369995117,42.0168571472168,49.90757369995117,45.48621368408203,11.101096153259277,42.498958587646484,44.419677734375,48.826011657714844,0.15
3306,4,124,6,8.346771240234375,0.0,8.346771240234375,6.065545082092285,8.03104305267334,6.307211875915527,6.75996208190918,7.967700958251953,0.2
3307,4,110,6,46.70503234863281,43.27382278442383,49.78623962402344,47.02471923828125,4.218681812286377,46.70503234863281,46.761417388916016,48.34973907470703,0.0
3308,4,158,6,23.827983856201172,20.26120948791504,23.827983856201172,22.519916534423828,1.5987874269485474,21.86759376525879,22.811981201171875,23.593158721923828,0.0
3309,4,136,6,14.542396545410156,0.0,15.401235580444336,11.632113456726074,28.115602493286133,12.51367473602295,13.737512588500977,14.542396545410156,0.2
3310,4,114,6,25.875255584716797,24.967525482177734,25.875255584716797,25.4012508392334,0.12397345155477524,25.157201766967773,25.283138275146484,25.733198165893555,0.0
3311,4,99,6,44.912559509277344,0.0,44.912559509277344,28.44440460205078,283.5206604003906,17.080196380615234,33.591285705566406,43.6439208984375,0.15
3312,4,151,6,23.225576400756836,20.105239868164062,23.225576400756836,21.9735050201416,1.2137845754623413,21.419063568115234,21.959884643554688,23.003711700439453,0.15
3313,4,141,6,38.15960693359375,34.879364013671875,39.29440689086914,36.90831756591797,2.848857879638672,35.389991760253906,36.907493591308594,38.15960693359375,0.0
3314,4,139,6,27.548128128051758,25.561351776123047,27.548128128051758,26.54303550720215,0.6290864944458008,25.855363845825195,26.46969223022461,27.28649139404297,0.0
3315,4,153,6,36.023399353027344,33.21709442138672,36.023399353027344,34.78606414794922,1.3783023357391357,33.82304382324219,34.824493408203125,35.959373474121094,0.0
3316,4,91,6,29.479215621948242,0.0,29.479215621948242,21.07261848449707,107.04480743408203,18.688453674316406,25.06243133544922,28.966489791870117,0.15
3317,4,123,6,26.3278751373291,25.571876525878906,26.652557373046875,26.197786331176758,0.10815868526697159,26.11363983154297,26.280197143554688,26.3278751373291,0.0
3318,4,116,6,28.19052505493164,28.19052505493164,29.609786987304688,28.975299835205078,0.3413175940513611,28.393882751464844,29.200519561767578,29.444217681884766,0.0
3319,4,136,6,24.947158813476562,23.560222625732422,24.947158813476562,24.50943946838379,0.2633671164512634,24.24692153930664,24.724750518798828,24.940271377563477,0.0
3320,4,156,6,16.327110290527344,12.893486022949219,16.327110290527344,14.678874969482422,1.622717261314392,13.856459617614746,14.41312026977539,15.869908332824707,0.1
3321,4,131,6,21.800188064575195,0.0,21.800188064575195,16.746225357055664,58.19374465942383,18.031627655029297,19.61322784423828,21.36301612854004,0.25
3322,4,154,6,21.430946350097656,18.92510223388672,23.11349105834961,21.09406089782715,1.7008224725723267,20.43618392944336,21.430946350097656,21.527196884155273,0.05
3323,4,113,6,23.510944366455078,16.791339874267578,26.05919647216797,21.271739959716797,10.745681762695312,18.86341094970703,21.2105712890625,23.510944366455078,0.0
3324,4,157,6,13.892803192138672,0.0,13.915724754333496,11.0631103515625,24.97784423828125,12.245911598205566,13.208490371704102,13.892803192138672,0.1
3325,4,156,6,20.878110885620117,16.88711166381836,20.878110885620117,18.850669860839844,2.705930233001709,17.279844284057617,18.738967895507812,20.48529052734375,0.0
3326,4,158,6,36.85795593261719,33.22905349731445,36.85795593261719,35.42571258544922,1.521185040473938,35.10808563232422,35.25229263305664,36.49006652832031,0.0
3327,4,130,6,44.2320442199707,41.92230987548828,44.42217254638672,43.28786849975586,1.0559179782867432,42.39996337890625,43.40503692626953,44.2320442199707,0.0
3328,4,151,6,39.345787048339844,33.728179931640625,39.345787048339844,37.50634002685547,3.7482807636260986,36.90618896484375,37.95639419555664,39.11046600341797,0.0
3329,4,144,6,15.92411994934082,14.118809700012207,15.92411994934082,14.948128700256348,0.560927152633667,14.31696891784668,14.709962844848633,15.707450866699219,0.2
3330,4,143,6,18.747751235961914,0.0,18.747751235961914,14.35794448852539,42.765220642089844,15.591241836547852,16.607446670532227,18.351247787475586,0.15
3331,4,136,6,49.68558883666992,39.7200813293457,53.16626739501953,46.723819732666016,21.17991065979004,43.28432846069336,47.62250518798828,49.68558883666992,0.0
3332,4,138,6,19.721620559692383,18.263389587402344,19.721620559692383,19.004968643188477,0.303735613822937,18.61622428894043,18.886695861816406,19.530683517456055,0.0
3333,4,132,6,13.964941024780273,0.0,13.964941024780273,10.915931701660156,24.779926300048828,11.606586456298828,13.100204467773438,13.94119644165039,0.25
3334,4,144,6,31.01526641845703,24.391273498535156,31.01526641845703,28.611249923706055,6.796851634979248,26.69940948486328,29.787519454956055,30.708791732788086,0.05
3335,4,152,6,12.835833549499512,0.0,12.835833549499512,9.83161735534668,21.435379028320312,9.516712188720703,12.322352409362793,12.776336669921875,0.2
3336,4,87,6,58.78791046142578,45.335018157958984,59.65874099731445,54.032020568847656,36.40617752075195,48.435462951660156,57.17539978027344,58.78791046142578,0.0
3337,4,159,6,16.216670989990234,15.214725494384766,17.09780502319336,15.978002548217773,0.38698720932006836,15.506546020507812,15.943394660949707,16.216670989990234,0.0
3338,4,152,6,11.890628814697266,0.0,11.992518424987793,9.816925048828125,19.35677719116211,11.340370178222656,11.890628814697266,11.950774192810059,0.25
3339,4,108,6,29.529460906982422,27.962270736694336,29.529460906982422,29.05717658996582,0.2886500954627991,28.955352783203125,29.21351432800293,29.469627380371094,0.05
3340,4,152,6,41.438358306884766,40.090660095214844,41.96809005737305,41.195556640625,0.3266761600971222,41.07892990112305,41.31866455078125,41.438358306884766,0.0
3341,4,124,6,51.40904235839844,39.31825256347656,52.12089538574219,47.85332489013672,22.18738555908203,45.16969299316406,50.1818733215332,51.40904235839844,0.0
3342,4,133,6,37.570716857910156,32.3076171875,38.29793930053711,36.55361557006836,4.167000770568848,36.2811164855957,37.570716857910156,37.685272216796875,0.05
3343,4,142,6,18.73891258239746,16.85319709777832,18.73891258239746,18.007118225097656,0.42918145656585693,17.72113037109375,18.012882232666016,18.603931427001953,0.0
3344,4,141,6,15.388094902038574,0.0,15.388094902038574,10.873380661010742,26.726594924926758,11.248876571655273,11.634077072143555,14.506189346313477,0.2
3345,4,126,6,23.69896125793457,0.0,23.69896125793457,14.128865242004395,69.13211822509766,9.84341812133789,14.26993179321289,21.69232177734375,0.2
3346,4,158,6,37.19960021972656,29.405879974365234,37.19960021972656,34.04014205932617,8.94723129272461,31.804216384887695,34.501129150390625,36.921180725097656,0.0
3347,4,142,6,29.62702178955078,26.806060791015625,29.62702178955078,28.541749954223633,0.9401906132698059,28.152587890625,28.581043243408203,29.37942886352539,0.0
3348,4,152,6,24.653776168823242,19.761478424072266,26.269561767578125,22.913192749023438,5.760772228240967,20.816753387451172,23.115554809570312,24.653776168823242,0.05
3349,4,145,6,24.983774185180664,24.983774185180664,28.769493103027344,26.532609939575195,2.5416643619537354,25.006324768066406,26.102283477783203,27.973186492919922,0.0
3350,4,122,6,16.417930603027344,14.13693904876709,16.417930603027344,15.199897766113281,0.8039224147796631,14.573447227478027,14.860269546508789,16.049671173095703,0.0
3351,4,156,6,23.823020935058594,17.963836669921875,23.823020935058594,21.549375534057617,3.928966760635376,21.08742904663086,21.33565902709961,23.208955764770508,0.0
3352,4,153,6,34.1846923828125,17.599124908447266,34.1846923828125,28.682405471801758,38.29842758178711,25.097530364990234,31.46173095703125,33.67369842529297,0.0
3353,4,156,6,20.774381637573242,19.037734985351562,22.874042510986328,20.831632614135742,1.2408859729766846,20.66063690185547,20.774381637573242,20.873497009277344,0.05
3354,4,148,6,29.300365447998047,27.7642879486084,29.300365447998047,28.740110397338867,0.3022177517414093,28.43495750427246,28.875837326049805,29.221208572387695,0.0
3355,4,114,6,27.945045471191406,27.945045471191406,32.838226318359375,30.946327209472656,4.581640243530273,28.96502113342285,32.113685607910156,32.592308044433594,0.05
3356,4,127,6,43.8563232421875,33.719764709472656,43.8563232421875,40.03193283081055,12.69091796875,38.21672821044922,40.54463195800781,43.200279235839844,0.05
3357,4,143,6,26.879484176635742,23.935388565063477,28.70261001586914,26.708398818969727,2.011662721633911,26.64992904663086,26.879484176635742,27.179885864257812,0.0
3358,4,144,6,33.83307647705078,27.530515670776367,33.83307647705078,31.098154067993164,5.23950719833374,29.622032165527344,31.110319137573242,33.1866455078125,0.1
3359,4,157,6,30.275402069091797,23.14079475402832,30.275402069091797,27.03329849243164,9.128388404846191,23.997920989990234,27.662124633789062,29.927650451660156,0.0
3360,4,143,6,22.437007904052734,22.437007904052734,26.99749183654785,24.497011184692383,2.8769078254699707,22.88219451904297,24.54898452758789,25.7294979095459,0.05
3361,4,147,6,41.520816802978516,37.825443267822266,43.05965805053711,40.90036392211914,3.9184906482696533,39.38093948364258,41.520816802978516,42.486053466796875,0.1
3362,4,126,6,63.597801208496094,54.66849136352539,63.597801208496094,59.27558135986328,11.16018295288086,57.00885772705078,58.563941955566406,62.467594146728516,0.1
3363,4,150,6,15.517950057983398,13.550325393676758,15.517950057983398,14.473384857177734,0.6270026564598083,13.844221115112305,14.219562530517578,15.265239715576172,0.0
3364,4,148,6,51.89185333251953,50.87670135498047,54.08861541748047,52.64826965332031,1.3438494205474854,51.89185333251953,52.705020904541016,53.59635925292969,0.0
3365,4,119,6,21.182174682617188,20.18819808959961,22.15682029724121,20.964855194091797,0.4208352863788605,20.464570999145508,20.93634033203125,21.182174682617188,0.2
3366,4,154,6,29.900279998779297,21.782283782958984,29.900279998779297,26.562591552734375,9.281790733337402,24.345977783203125,27.17867660522461,29.24508285522461,0.05
3367,4,121,6,48.772396087646484,48.70198059082031,52.13336944580078,50.05031204223633,1.991221308708191,48.772396087646484,49.53764343261719,51.28984832763672,0.0
3368,4,136,6,24.68161964416504,21.80321502685547,24.68161964416504,23.54271697998047,1.442102074623108,22.47487449645996,23.933788299560547,24.669937133789062,0.0
3369,4,107,6,69.90303039550781,65.80662536621094,69.90303039550781,68.59766387939453,2.158979654312134,67.94713592529297,69.149658203125,69.81044006347656,0.0
3370,4,147,6,45.95112609863281,43.89318084716797,46.2537956237793,45.506996154785156,0.697533905506134,45.18967056274414,45.95112609863281,46.03044891357422,0.0
3371,4,157,6,12.937910079956055,0.0,12.937910079956055,9.797294616699219,20.00358772277832,10.763924598693848,11.088611602783203,12.531855583190918,0.25
3372,4,137,6,29.79376792907715,26.516639709472656,30.90774917602539,29.20817756652832,2.7083168029785156,28.053272247314453,29.79376792907715,30.521465301513672,0.0
3373,4,146,6,33.465335845947266,31.541259765625,33.465335845947266,32.71031188964844,0.4252263307571411,32.555938720703125,32.62712097167969,33.258384704589844,0.0
3374,4,111,6,17.818321228027344,15.50632095336914,18.492748260498047,17.284944534301758,0.8994073867797852,16.93561363220215,17.529010772705078,17.818321228027344,0.05
3375,4,139,6,55.34912109375,55.34912109375,61.01905822753906,58.7886962890625,6.189349174499512,56.364013671875,60.10063171386719,60.80835723876953,0.0
3376,4,119,6,82.93389892578125,82.93389892578125,87.34828186035156,85.17853546142578,3.8272769451141357,83.17428588867188,85.3639907836914,87.05348205566406,0.0
3377,4,131,6,30.958824157714844,27.441326141357422,30.958824157714844,29.196697235107422,1.7362233400344849,28.465909957885742,28.691791534423828,30.427326202392578,0.05
3378,4,124,6,27.468719482421875,26.997678756713867,27.63070297241211,27.301151275634766,0.054395005106925964,27.09743309020996,27.317739486694336,27.468719482421875,0.0
3379,4,104,6,72.0919418334961,72.0919418334961,79.87237548828125,75.18321990966797,9.210139274597168,72.51337432861328,74.20623016357422,77.63163757324219,0.0
3380,4,123,6,24.64952850341797,24.10757064819336,26.033340454101562,25.23655891418457,0.6226803660392761,24.64952850341797,25.300302505493164,26.00899887084961,0.0
3381,4,129,6,22.268564224243164,19.205097198486328,22.268564224243164,20.767412185668945,1.509924292564392,19.645538330078125,20.733932495117188,21.968639373779297,0.0
3382,4,130,6,69.83984375,69.07061004638672,74.65760803222656,71.74834442138672,5.173244476318359,69.83984375,71.23045349121094,74.00108337402344,0.0
3383,4,143,6,32.88881301879883,24.889842987060547,32.88881301879883,31.074790954589844,8.039346694946289,31.358083724975586,32.28884506225586,32.85564041137695,0.0
3384,4,110,6,52.078269958496094,48.378570556640625,52.078269958496094,50.045562744140625,2.576824188232422,48.57062911987305,49.5992431640625,51.692535400390625,0.0
3385,4,145,6,22.5139102935791,20.746414184570312,23.79351043701172,22.22235870361328,1.0731452703475952,21.415206909179688,22.5139102935791,22.666555404663086,0.1
3386,4,134,6,74.90556335449219,74.37505340576172,76.41297912597656,75.20198822021484,0.39194807410240173,74.90556335449219,75.08409118652344,75.32827758789062,0.0
3387,4,152,6,17.089977264404297,0.0,17.089977264404297,13.521257400512695,37.018455505371094,15.400651931762695,15.844970703125,16.782554626464844,0.2
3388,4,150,6,18.438627243041992,14.999622344970703,18.905242919921875,17.62204933166504,1.7660975456237793,17.18011474609375,18.251834869384766,18.438627243041992,0.05
3389,4,134,6,42.09526062011719,37.144630432128906,42.09526062011719,40.06771469116211,3.2842674255371094,38.84082794189453,40.323123931884766,41.710845947265625,0.1
3390,4,151,6,35.12181854248047,27.21192741394043,35.12181854248047,31.42340660095215,8.347552299499512,29.743549346923828,30.729873657226562,34.18159866333008,0.05
3391,4,140,6,15.49539566040039,12.781803131103516,15.49539566040039,14.465917587280273,0.8372772336006165,14.277953147888184,14.374547958374023,15.236227035522461,0.2
3392,4,153,6,55.97905349731445,49.92216491699219,55.97905349731445,52.92906951904297,5.724780559539795,50.96722412109375,52.46446990966797,55.32320022583008,0.0
3393,4,151,6,21.315048217773438,21.315048217773438,24.1318359375,22.880353927612305,1.5815023183822632,21.5858097076416,23.214656829833984,24.075965881347656,0.0
3394,4,125,6,63.80712890625,59.6185302734375,66.91681671142578,64.06816864013672,5.104979038238525,63.80712890625,64.2666015625,65.33151245117188,0.0
3395,4,153,6,37.85790252685547,36.872276306152344,38.81913757324219,37.72869110107422,0.40823692083358765,37.25275421142578,37.85790252685547,37.89989471435547,0.0
3396,4,149,6,22.492347717285156,22.492347717285156,24.997194290161133,23.506999969482422,0.8688403964042664,22.653505325317383,23.330429077148438,24.18041229248047,0.0
3397,4,128,6,24.22223663330078,23.573740005493164,25.537059783935547,24.592924118041992,0.5063602924346924,24.22223663330078,24.3617000579834,25.251121520996094,0.0
3398,4,145,6,21.89798355102539,21.89798355102539,24.141036987304688,23.138957977294922,0.8355666399002075,22.26117706298828,23.46165657043457,23.873207092285156,0.0
3399,4,147,6,32.17915344238281,30.747303009033203,32.83121109008789,31.935802459716797,0.39538317918777466,31.78797149658203,32.06010055541992,32.17915344238281,0.0
3400,4,157,6,46.82767105102539,40.11388397216797,46.82767105102539,44.2268180847168,6.962216377258301,42.0982780456543,45.058929443359375,46.657310485839844,0.0
3401,4,93,6,0.0,0.0,16.033241271972656,10.223427772521973,52.442935943603516,3.6419315338134766,14.914536476135254,15.424026489257812,0.25
3402,4,157,6,34.66180419921875,29.8497314453125,34.66180419921875,32.622859954833984,4.0908708572387695,30.685523986816406,33.325706481933594,34.40799331665039,0.0
3403,4,127,6,22.248430252075195,22.248430252075195,24.15741539001465,22.999406814575195,0.44277969002723694,22.40121841430664,22.970436096191406,23.321287155151367,0.0
3404,4,117,6,44.195072174072266,36.290218353271484,44.41743850708008,42.15906524658203,9.357112884521484,40.91575622558594,44.07422637939453,44.195072174072266,0.0
3405,4,153,6,25.860078811645508,23.283931732177734,25.860078811645508,24.39344024658203,1.1736950874328613,23.45482635498047,24.000404357910156,25.457242965698242,0.0
3406,4,114,6,29.370861053466797,26.693262100219727,38.64722442626953,30.2237606048584,15.103020668029785,28.341846466064453,29.28885269165039,29.370861053466797,0.0
3407,4,154,6,12.192276000976562,11.96334457397461,13.53342342376709,12.676268577575684,0.3560827970504761,12.192276000976562,12.5366849899292,13.191670417785645,0.0
3408,4,155,6,29.87882423400879,29.87882423400879,31.278331756591797,30.556034088134766,0.45436128973960876,29.88195037841797,30.524166107177734,31.228172302246094,0.0
3409,4,138,6,19.277145385742188,18.546253204345703,20.759632110595703,19.75294303894043,0.6200461387634277,19.277145385742188,19.67308807373047,20.45859718322754,0.05
3410,4,143,6,27.069984436035156,25.59061050415039,28.948345184326172,27.571224212646484,1.303187370300293,27.069984436035156,27.560935974121094,28.535369873046875,0.05
3411,4,143,6,9.450183868408203,4.281318664550781,9.602002143859863,8.432845115661621,3.520188331604004,8.905308723449707,9.179819107055664,9.450183868408203,0.15
3412,4,141,6,29.72881507873535,26.894901275634766,30.88665771484375,29.652618408203125,1.6915149688720703,29.72881507873535,29.940393447875977,30.431406021118164,0.05
3413,4,139,6,50.02667999267578,43.62474822998047,50.02667999267578,46.34431076049805,7.836765766143799,43.786659240722656,45.33654022216797,49.187625885009766,0.0
3414,4,142,6,24.39638900756836,19.95683479309082,24.39638900756836,22.116159439086914,4.370190620422363,20.052040100097656,21.959259033203125,24.24650001525879,0.0
3415,4,136,6,33.47367858886719,27.332544326782227,33.47367858886719,30.827362060546875,5.976372241973877,28.64845085144043,31.366695404052734,33.10332107543945,0.0
3416,4,85,6,32.34539031982422,31.72767448425293,32.34539031982422,32.09920120239258,0.04701189696788788,31.998302459716797,32.092430114746094,32.30086898803711,0.0
3417,4,104,6,23.40386390686035,22.504531860351562,23.514629364013672,23.173189163208008,0.11325870454311371,23.098613739013672,23.26250457763672,23.40386390686035,0.0
3418,4,121,6,35.993736267089844,35.71958923339844,39.35270690917969,36.5588264465332,1.6394563913345337,35.79547119140625,35.993736267089844,36.42128372192383,0.0
3419,4,145,6,25.65833854675293,25.415504455566406,27.109153747558594,25.86309242248535,0.32288655638694763,25.582490921020508,25.65833854675293,25.749591827392578,0.0
3420,4,118,6,22.775074005126953,21.92028045654297,22.775074005126953,22.470195770263672,0.11073631048202515,22.22536849975586,22.616100311279297,22.752899169921875,0.0
3421,4,101,6,35.97407150268555,0.0,43.2381591796875,30.61436653137207,202.58740234375,31.54184341430664,35.97407150268555,37.82011413574219,0.1
3422,4,137,6,26.598758697509766,21.50821304321289,26.598758697509766,25.13759422302246,3.303002119064331,24.607532501220703,25.86069107055664,26.570720672607422,0.0
3423,4,116,6,25.069080352783203,23.357959747314453,25.069080352783203,24.62363052368164,0.3639811873435974,24.547874450683594,24.8898983001709,25.048280715942383,0.0
3424,4,150,6,20.524572372436523,14.216876029968262,20.524572372436523,16.580974578857422,7.819029808044434,14.632964134216309,14.800628662109375,19.124706268310547,0.05
3425,4,137,6,38.527565002441406,28.465282440185547,41.59223175048828,36.18936538696289,22.221609115600586,32.94896697998047,38.527565002441406,38.83246994018555,0.0
3426,4,133,6,16.181686401367188,0.0,16.181686401367188,12.125179290771484,30.89373779296875,13.325014114379883,13.565561294555664,15.53646469116211,0.25
3427,4,130,6,25.905004501342773,0.0,25.905004501342773,17.356042861938477,88.60249328613281,13.058144569396973,20.00185203552246,25.613441467285156,0.15
3428,4,96,6,1.500990867614746,0.0,1.5212117433547974,1.223057746887207,0.30140501260757446,1.3959782123565674,1.4658818244934082,1.500990867614746,0.25
3429,4,138,6,14.703851699829102,13.377496719360352,14.703851699829102,14.17558479309082,0.28386765718460083,13.715187072753906,14.34671401977539,14.667221069335938,0.1
3430,4,139,6,26.975120544433594,15.945794105529785,26.975120544433594,22.04945945739746,22.96368980407715,17.41918182373047,22.834318161010742,26.778385162353516,0.1
3431,4,134,6,23.01473045349121,18.58404541015625,23.01473045349121,21.54290771484375,2.2927680015563965,21.1240234375,21.820072174072266,22.79990577697754,0.1
3432,4,145,6,32.43220901489258,21.95673942565918,32.43220901489258,26.42235565185547,19.358312606811523,22.78956413269043,24.58963394165039,30.72969627380371,0.0
3433,4,131,6,30.984411239624023,25.972421646118164,30.984411239624023,28.316795349121094,3.831944704055786,27.076847076416016,27.455841064453125,30.17526626586914,0.0
3434,4,144,6,25.79427719116211,25.198972702026367,28.401762008666992,26.12934112548828,1.0891690254211426,25.6689395904541,25.79427719116211,25.918270111083984,0.0
3435,4,156,6,17.610992431640625,14.736342430114746,18.663143157958984,16.97639274597168,1.5557304620742798,16.392131805419922,17.341032028198242,17.610992431640625,0.05
3436,4,140,6,15.283604621887207,13.708208084106445,15.283604621887207,14.384836196899414,0.4173661470413208,13.952692985534668,14.050868034362793,14.984339714050293,0.0
3437,4,151,6,27.54657745361328,26.617704391479492,29.59124183654785,28.319286346435547,1.2882105112075806,27.54657745361328,28.33218765258789,29.40131378173828,0.1
3438,4,137,6,15.308244705200195,15.308244705200195,16.040794372558594,15.636246681213379,0.06963013857603073,15.393925666809082,15.6661958694458,15.791208267211914,0.0
3439,4,145,6,20.439016342163086,18.35010528564453,20.477848052978516,19.771387100219727,0.7511332035064697,19.125062942504883,20.28619956970215,20.439016342163086,0.1
3440,4,140,6,39.2523193359375,28.25323486328125,39.2523193359375,34.454498291015625,16.817920684814453,31.4085750579834,34.70151138305664,38.305992126464844,0.0
3441,4,158,6,17.661579132080078,15.609445571899414,17.661579132080078,16.653522491455078,0.5942962169647217,16.166994094848633,16.419605255126953,17.400981903076172,0.0
3442,4,150,6,19.752187728881836,18.920005798339844,21.71306037902832,20.082061767578125,0.7137889266014099,19.752187728881836,19.89740562438965,20.244888305664062,0.0
3443,4,149,6,25.114215850830078,20.446094512939453,25.114215850830078,22.315677642822266,4.050535678863525,20.714168548583984,21.29402732849121,24.242124557495117,0.2
3444,4,135,6,43.537803649902344,36.37785339355469,44.34640121459961,40.79228210449219,10.208484649658203,37.831321716308594,41.6529541015625,43.537803649902344,0.0
3445,4,69,6,31.541889190673828,31.097484588623047,31.541889190673828,31.32514190673828,0.031560998409986496,31.16643524169922,31.32627296447754,31.490901947021484,0.0
3446,4,154,6,13.455495834350586,0.0,13.455495834350586,10.26416015625,22.138290405273438,10.886297225952148,11.939693450927734,13.271106719970703,0.15
3447,4,151,6,31.516008377075195,30.94184112548828,33.80085754394531,32.145057678222656,1.3404189348220825,31.41244888305664,31.516008377075195,33.16728210449219,0.0
3448,4,151,6,25.247371673583984,21.806671142578125,25.247371673583984,23.615346908569336,2.23783016204834,22.120052337646484,23.746217727661133,25.112260818481445,0.0
3449,4,127,6,42.99629211425781,22.98308563232422,42.99629211425781,35.732303619384766,45.68756103515625,33.947357177734375,35.943511962890625,41.41995620727539,0.05
3450,4,148,6,33.760108947753906,30.25475311279297,33.760108947753906,31.730789184570312,2.194887638092041,30.48862648010254,31.118141174316406,33.17063903808594,0.0
3451,4,119,6,20.002897262573242,18.8830509185791,20.002897262573242,19.450483322143555,0.19280549883842468,19.096982955932617,19.375186920166016,19.890541076660156,0.15
3452,4,141,6,67.81903076171875,63.02827453613281,67.81903076171875,66.1380615234375,2.686809539794922,65.596435546875,66.34819030761719,67.54116821289062,0.0
3453,4,135,6,26.957904815673828,26.957904815673828,28.53978729248047,27.60933494567871,0.4296010136604309,27.03940200805664,27.367666244506836,28.211669921875,0.05
3454,4,146,6,18.13473129272461,18.007816314697266,18.637479782104492,18.271625518798828,0.06827036291360855,18.093721389770508,18.13473129272461,18.5098876953125,0.0
3455,4,142,6,14.672383308410645,11.666879653930664,14.672383308410645,13.099666595458984,1.4052879810333252,12.178840637207031,12.803524017333984,14.211687088012695,0.2
3456,4,144,6,13.128067970275879,9.489248275756836,13.128067970275879,11.496241569519043,1.9761449098587036,10.503042221069336,11.364678382873535,12.90238094329834,0.15
3457,4,143,6,27.216312408447266,21.587182998657227,27.216312408447266,24.60352325439453,4.66267728805542,22.843116760253906,24.59194564819336,26.678173065185547,0.0
3458,4,131,6,12.97927188873291,11.739324569702148,12.97927188873291,12.374921798706055,0.20834289491176605,12.142549514770508,12.211281776428223,12.794370651245117,0.15
3459,4,128,6,34.71880340576172,34.26995086669922,35.556549072265625,34.97560501098633,0.1985788494348526,34.71880340576172,34.956260681152344,35.34527587890625,0.0
3460,4,154,6,22.81710433959961,21.74138641357422,22.81710433959961,22.47422981262207,0.15121787786483765,22.29204750061035,22.632810592651367,22.790306091308594,0.0
3461,4,148,6,12.352374076843262,0.0,12.592750549316406,10.098299026489258,20.545089721679688,11.524066925048828,12.121341705322266,12.352374076843262,0.15
3462,4,147,6,21.542484283447266,19.586280822753906,23.898273468017578,21.451156616210938,2.150514841079712,20.249242782592773,21.542484283447266,22.125062942504883,0.15
3463,4,154,6,52.28042221069336,47.6823616027832,53.609474182128906,51.53291702270508,4.601309776306152,50.39031219482422,52.28042221069336,53.258522033691406,0.0
3464,4,134,6,43.706398010253906,0.0,43.706398010253906,31.11330795288086,231.81178283691406,27.949542999267578,36.51411437988281,42.76642990112305,0.1
3465,4,153,6,34.003604888916016,31.257347106933594,34.003604888916016,32.71824264526367,1.1798911094665527,31.749622344970703,32.780921936035156,33.755828857421875,0.0
3466,4,128,6,23.974773406982422,0.0,23.974773406982422,16.290597915649414,65.50057220458984,14.956083297729492,17.770679473876953,22.599851608276367,0.05
3467,4,149,6,16.279376983642578,15.590797424316406,16.353219985961914,15.973118782043457,0.11215679347515106,15.635420799255371,16.0062255859375,16.279376983642578,0.15
3468,4,127,6,28.25826644897461,27.630157470703125,29.61080551147461,28.602140426635742,0.40800386667251587,28.25826644897461,28.52457618713379,28.996070861816406,0.0
3469,4,154,6,29.115707397460938,24.08302116394043,29.115707397460938,27.025161743164062,3.451064109802246,25.715084075927734,27.279190063476562,28.719905853271484,0.05
3470,4,154,6,26.454971313476562,23.999706268310547,26.567106246948242,25.65430450439453,0.8726028800010681,25.1839542388916,25.88033103942871,26.454971313476562,0.05
3471,4,128,6,19.823261260986328,0.0,20.771007537841797,16.038185119628906,52.54847717285156,17.836532592773438,18.933780670166016,19.823261260986328,0.15
3472,4,123,6,18.297866821289062,17.895517349243164,18.752758026123047,18.29022789001465,0.08166154474020004,18.079830169677734,18.297866821289062,18.442119598388672,0.0
3473,4,156,6,24.135406494140625,21.512409210205078,24.135406494140625,22.990222930908203,0.9634387493133545,22.270875930786133,23.073551177978516,23.875713348388672,0.0
3474,4,143,6,29.982383728027344,27.310020446777344,29.982383728027344,28.876094818115234,1.064188003540039,28.035364151000977,29.116817474365234,29.82094383239746,0.0
3475,4,146,6,56.711395263671875,53.880767822265625,56.711395263671875,55.24006652832031,1.421344518661499,54.08613586425781,55.10429382324219,56.44575500488281,0.0
3476,4,128,6,28.6070556640625,27.08590316772461,28.6070556640625,27.831438064575195,0.35626882314682007,27.351346969604492,27.726520538330078,28.393882751464844,0.0
3477,4,133,6,28.1871337890625,19.942283630371094,28.1871337890625,25.135984420776367,10.568156242370605,22.65088653564453,26.53902244567871,27.824954986572266,0.05
3478,4,131,6,38.104713439941406,26.062030792236328,38.59387969970703,33.094505310058594,29.627592086791992,27.634033203125,34.69459533691406,38.104713439941406,0.0
3479,4,157,6,31.23020362854004,30.343706130981445,33.32508850097656,31.437320709228516,0.9656352996826172,30.74665641784668,31.23020362854004,31.739486694335938,0.0
3480,4,149,6,25.295772552490234,23.743549346923828,25.466434478759766,24.86185646057129,0.3694729506969452,24.542743682861328,25.13235092163086,25.295772552490234,0.0
3481,4,137,6,30.484745025634766,30.484745025634766,32.91337203979492,31.939001083374023,1.0720125436782837,30.998950958251953,32.55279541015625,32.62516784667969,0.0
3482,4,126,6,24.86566162109375,0.0,24.86566162109375,18.44159698486328,74.57546997070312,18.73128318786621,21.10660171508789,24.500059127807617,0.15
3483,4,145,6,27.795133590698242,22.40382957458496,28.75933837890625,27.202199935913086,4.7308807373046875,27.795133590698242,27.889602661132812,28.352787017822266,0.25
3484,4,153,6,23.971420288085938,22.14887237548828,24.276615142822266,23.54151153564453,0.49175456166267395,23.33999252319336,23.806270599365234,23.971420288085938,0.2
3485,4,95,6,30.667129516601562,24.600236892700195,36.49614715576172,30.20945930480957,14.721089363098145,27.62836456298828,30.667129516601562,31.824785232543945,0.0
3486,4,147,6,23.193038940429688,13.984140396118164,23.193038940429688,19.37102508544922,11.438273429870605,17.026599884033203,19.767179489135742,22.492952346801758,0.0
3487,4,145,6,14.835851669311523,0.0,14.835851669311523,9.41623306274414,24.769330978393555,8.554227828979492,9.235578536987305,13.456353187561035,0.2
3488,4,141,6,49.69293975830078,48.76253128051758,52.759857177734375,50.42656707763672,1.7923920154571533,49.69293975830078,49.8807258605957,51.204097747802734,0.0
3489,4,126,6,30.107561111450195,30.107561111450195,32.72795104980469,31.069061279296875,0.8350982069969177,30.25614356994629,30.946060180664062,31.481937408447266,0.05
3490,4,157,6,25.64209747314453,21.287097930908203,26.51736068725586,24.649169921875,3.164639711380005,23.890674591064453,25.535152435302734,25.64209747314453,0.05
3491,4,132,6,19.687198638916016,17.698875427246094,19.687198638916016,18.607112884521484,0.6229386329650879,18.060840606689453,18.28057289123535,19.351041793823242,0.1
3492,4,123,6,34.79517364501953,34.31205749511719,34.79517364501953,34.56182861328125,0.03390597552061081,34.42083740234375,34.540863037109375,34.736106872558594,0.0
3493,4,146,6,15.406380653381348,0.0,15.73044204711914,12.94074821472168,33.511566162109375,15.405583381652832,15.406380653381348,15.623573303222656,0.25
3494,4,100,6,36.804481506347656,32.041996002197266,41.559715270996094,35.7711181640625,9.724884986877441,33.518714904785156,35.445560455322266,36.804481506347656,0.0
3495,4,137,6,21.307008743286133,18.395919799804688,21.999656677246094,20.510282516479492,1.4194403886795044,19.92035675048828,20.77222442626953,21.307008743286133,0.0
3496,4,144,6,19.708438873291016,18.110986709594727,21.202674865722656,20.107616424560547,1.1662721633911133,19.708438873291016,20.255229949951172,21.035356521606445,0.05
3497,4,139,6,35.17334747314453,29.493911743164062,35.63720703125,33.38240051269531,6.848055362701416,31.15475082397461,35.04437255859375,35.17334747314453,0.0
3498,4,139,6,44.327796936035156,38.930824279785156,44.327796936035156,42.41281509399414,4.0760884284973145,41.133052825927734,43.05319595336914,44.227447509765625,0.0
3499,4,128,6,30.03917121887207,22.72079849243164,30.03917121887207,26.787893295288086,9.479737281799316,24.058765411376953,27.058515548706055,29.85826301574707,0.0
3500,4,154,6,19.146427154541016,0.0,19.146427154541016,14.167097091674805,43.927005767822266,14.137869834899902,16.515661239624023,18.73858642578125,0.15
3501,4,116,6,25.735374450683594,24.864505767822266,25.735374450683594,25.421436309814453,0.10413824766874313,25.215633392333984,25.534027099609375,25.69689178466797,0.0
3502,4,105,6,84.96822357177734,82.90348052978516,131.00454711914062,95.06464385986328,275.7778015136719,84.96822357177734,88.34603881835938,94.04560852050781,0.0
3503,4,118,6,33.09074401855469,29.535545349121094,33.09074401855469,31.632919311523438,1.5756057500839233,30.964487075805664,31.61469268798828,32.79924011230469,0.0
3504,4,155,6,24.864900588989258,23.024879455566406,24.864900588989258,24.248336791992188,0.38638973236083984,24.143949508666992,24.29579734802246,24.760433197021484,0.0
3505,4,132,6,22.483705520629883,20.90843963623047,22.483705520629883,21.858718872070312,0.33571621775627136,21.46312141418457,21.972440719604492,22.384563446044922,0.0
3506,4,151,6,31.383914947509766,15.680586814880371,31.383914947509766,26.067155838012695,31.685022354125977,23.725936889648438,27.216182708740234,31.06170082092285,0.05
3507,4,124,6,53.67802047729492,49.96726989746094,58.03921127319336,54.18319320678711,6.1407999992370605,53.67802047729492,53.68657684326172,55.45491027832031,0.0
3508,4,157,6,24.96489715576172,23.794557571411133,25.622234344482422,24.73489761352539,0.3313814401626587,24.40488052368164,24.874671936035156,24.96489715576172,0.1
3509,4,135,6,59.132713317871094,51.97014617919922,59.132713317871094,56.55095291137695,6.404570579528809,55.29758071899414,57.16558074951172,58.68898010253906,0.0
3510,4,141,6,26.89810562133789,24.420146942138672,26.89810562133789,25.548931121826172,1.1239992380142212,24.562694549560547,25.28666877746582,26.63213348388672,0.0
3511,4,142,6,19.570045471191406,18.730363845825195,19.570045471191406,19.200897216796875,0.1051340326666832,18.93321418762207,19.24734115600586,19.498180389404297,0.0
3512,4,143,6,27.847124099731445,25.208141326904297,27.847124099731445,26.890972137451172,0.8991736769676208,26.370079040527344,27.15863800048828,27.689210891723633,0.0
3513,4,125,6,45.8277587890625,36.669097900390625,45.8277587890625,42.31459426879883,13.52841854095459,39.213741302490234,43.7044792175293,45.62481689453125,0.0
3514,4,151,6,35.79016876220703,27.53150177001953,35.79016876220703,32.42729568481445,8.506316184997559,30.95159149169922,32.31877136230469,35.16121292114258,0.0
3515,4,145,6,22.033519744873047,21.113874435424805,22.91983413696289,21.949462890625,0.35038432478904724,21.52044677734375,22.033519744873047,22.193340301513672,0.0
3516,4,105,6,34.90082550048828,34.61689758300781,48.14603805541992,37.312862396240234,23.778566360473633,34.90082550048828,34.93922424316406,35.995628356933594,0.0
3517,4,150,6,45.90283203125,45.90283203125,49.04999542236328,47.851234436035156,1.9307477474212646,46.54352569580078,48.65052032470703,48.921878814697266,0.05
3518,4,154,6,29.579647064208984,29.579647064208984,31.233322143554688,30.55925178527832,0.48824429512023926,29.91783905029297,30.96416473388672,31.024898529052734,0.0
3519,4,148,6,37.03586959838867,36.57193374633789,42.00651550292969,37.862945556640625,3.493396282196045,37.03586959838867,37.08061981201172,37.33293151855469,0.0
3520,4,156,6,36.076759338378906,29.328670501708984,36.81663513183594,34.00273513793945,7.666849136352539,32.06697082519531,35.25959396362305,36.076759338378906,0.0
3521,4,104,6,67.59850311279297,61.77296447753906,68.82649230957031,66.85646057128906,5.383726119995117,67.4471435546875,67.59850311279297,67.85884857177734,0.0
3522,4,93,6,29.12824249267578,0.0,29.12824249267578,18.91329574584961,94.56476593017578,18.188398361206055,18.533428192138672,26.541820526123047,0.2
3523,4,119,6,25.99668312072754,16.707489013671875,25.99668312072754,21.300521850585938,12.21599292755127,19.35594940185547,19.936054229736328,24.53221321105957,0.05
3524,4,148,6,68.8503189086914,60.29231262207031,68.8503189086914,65.58222961425781,9.71384334564209,63.63008499145508,66.18831634521484,68.44464874267578,0.05
3525,4,86,6,28.624534606933594,27.89004898071289,28.624534606933594,28.466434478759766,0.06936304271221161,28.495563507080078,28.594974517822266,28.622482299804688,0.0
3526,4,128,6,41.453372955322266,35.350032806396484,44.22369384765625,39.73454284667969,10.728011131286621,36.69804000854492,40.97373962402344,41.453372955322266,0.0
3527,4,121,6,41.268287658691406,33.511199951171875,41.268287658691406,38.597530364990234,7.4680094718933105,37.481727600097656,39.11461639404297,41.0079345703125,0.0
3528,4,150,6,54.24494171142578,50.01432800292969,54.24494171142578,52.232688903808594,2.789242744445801,50.757537841796875,52.23792266845703,53.8571891784668,0.0
3529,4,102,6,51.199668884277344,44.77212142944336,51.199668884277344,49.709747314453125,5.296470642089844,49.66304016113281,50.87092590332031,51.18106460571289,0.0
3530,4,157,6,39.07072448730469,39.07072448730469,39.63673400878906,39.3499755859375,0.060368236154317856,39.099830627441406,39.35755920410156,39.58689880371094,0.0
3531,4,135,6,31.41034698486328,31.41034698486328,32.75909423828125,32.0467414855957,0.2854762375354767,31.512914657592773,32.0642204284668,32.5061149597168,0.05
3532,4,139,6,46.48500442504883,43.612003326416016,47.46855926513672,46.300724029541016,1.592738151550293,46.48500442504883,46.510826110839844,47.04700469970703,0.0
3533,4,138,6,24.14105987548828,23.511375427246094,25.950687408447266,24.35796356201172,0.7229323983192444,23.672100067138672,24.14105987548828,24.701128005981445,0.2
3534,4,138,6,36.740699768066406,30.786867141723633,36.77082824707031,35.55049514770508,4.615115165710449,36.131065368652344,36.43718719482422,36.740699768066406,0.05
3535,4,156,6,23.605005264282227,21.981800079345703,23.829833984375,23.180301666259766,0.5323666930198669,22.662376403808594,23.605005264282227,23.685253143310547,0.0
3536,4,151,6,32.97275924682617,30.050125122070312,32.97275924682617,31.62337875366211,1.8487305641174316,30.248878479003906,31.82000732421875,32.969154357910156,0.0
3537,4,136,6,56.506656646728516,56.506656646728516,60.88933563232422,58.81899642944336,2.9208452701568604,57.20256042480469,59.43698501586914,59.998939514160156,0.0
3538,4,156,6,21.002521514892578,17.696043014526367,21.002521514892578,19.554126739501953,1.4647929668426514,18.77161407470703,19.471637725830078,20.726390838623047,0.15
3539,4,152,6,23.295637130737305,20.643089294433594,23.295637130737305,22.340286254882812,0.8250492215156555,22.012676239013672,22.460485458374023,23.10408592224121,0.0
3540,4,153,6,20.5371036529541,16.37303924560547,20.6980037689209,19.687698364257812,2.275055170059204,19.945289611816406,20.30896759033203,20.5371036529541,0.05
3541,4,154,6,19.025596618652344,19.025596618652344,20.487953186035156,19.639083862304688,0.3838541805744171,19.08661460876465,19.413785934448242,20.240318298339844,0.25
3542,4,137,6,26.39339828491211,23.62186622619629,26.39339828491211,25.16284942626953,1.2805118560791016,24.126754760742188,25.432830810546875,26.161787033081055,0.1
3543,4,147,6,19.288074493408203,16.544330596923828,19.288074493408203,17.87764549255371,1.1671644449234009,17.005409240722656,17.671056747436523,18.898639678955078,0.1
3544,4,152,6,37.96836471557617,34.92577362060547,38.01353454589844,37.03300476074219,1.2630380392074585,36.52416229248047,37.45152282714844,37.96836471557617,0.0
3545,4,153,6,27.308002471923828,24.24006462097168,28.25057029724121,26.732622146606445,1.5384432077407837,26.577455520629883,27.043365478515625,27.308002471923828,0.05
3546,4,139,6,46.653770446777344,29.744525909423828,46.653770446777344,39.27777099609375,54.93444061279297,32.13302230834961,40.79152297973633,46.526695251464844,0.05
3547,4,156,6,23.81835174560547,21.63587188720703,23.81835174560547,22.74314308166504,0.6567865610122681,22.29111099243164,22.47661018371582,23.48575210571289,0.05
3548,4,153,6,12.469017028808594,12.010152816772461,12.469017028808594,12.306212425231934,0.02556372433900833,12.238502502441406,12.33357048034668,12.44650650024414,0.05
3549,4,126,6,44.92264938354492,40.62853240966797,44.92264938354492,43.2853889465332,2.0927116870880127,43.0296630859375,43.117942810058594,44.4732551574707,0.0
3550,4,136,6,27.790212631225586,0.0,28.611125946044922,22.26156234741211,104.63895416259766,23.1468505859375,27.78162384033203,27.790212631225586,0.1
3551,4,133,6,20.219440460205078,17.12972640991211,20.219440460205078,18.88207244873047,1.275960922241211,18.163042068481445,18.817947387695312,19.976459503173828,0.0
3552,4,127,6,50.483238220214844,44.96601104736328,50.483238220214844,47.90256118774414,5.7870001792907715,45.58783721923828,48.06732177734375,50.31943130493164,0.0
3553,4,145,6,50.6518669128418,47.22118377685547,53.54090118408203,50.97345733642578,3.7998998165130615,50.6518669128418,51.09273910522461,52.064388275146484,0.0
3554,4,140,6,23.75661849975586,23.75661849975586,25.56393051147461,24.633771896362305,0.4577701687812805,23.984331130981445,24.787935256958008,25.089296340942383,0.0
3555,4,145,6,34.856040954589844,34.856040954589844,38.71504211425781,36.536354064941406,2.376854419708252,35.006103515625,36.42826461791992,37.800907135009766,0.0
3556,4,133,6,25.590492248535156,25.590492248535156,26.81258773803711,26.270294189453125,0.25222405791282654,25.774600982666016,26.471176147460938,26.668237686157227,0.0
3557,4,136,6,17.29595184326172,13.70412826538086,17.29595184326172,15.459704399108887,2.4231510162353516,13.995718955993652,15.26642894744873,17.05646324157715,0.1
3558,4,156,6,21.528457641601562,18.765403747558594,21.528457641601562,20.1790771484375,1.216759443283081,19.181739807128906,20.156715393066406,21.246992111206055,0.0
3559,4,151,6,27.082157135009766,21.73285484313965,27.082157135009766,24.911123275756836,4.140498161315918,23.378341674804688,25.422176361083984,26.688274383544922,0.05
3560,4,150,6,12.818826675415039,7.446810245513916,12.818826675415039,10.6899995803833,3.360865831375122,10.087730407714844,10.544501304626465,12.273538589477539,0.2
3561,4,151,6,21.294822692871094,19.62852668762207,23.0553035736084,21.32025909423828,1.7986799478530884,20.140592575073242,21.294822692871094,22.492874145507812,0.15
3562,4,140,6,12.856710433959961,0.0,12.856710433959961,7.710307598114014,19.212453842163086,6.422529220581055,7.165525913238525,11.465797424316406,0.2
3563,4,152,6,20.319225311279297,15.720062255859375,20.319225311279297,17.918609619140625,3.1431984901428223,16.79438591003418,17.25118064880371,19.55870819091797,0.2
3564,4,146,6,44.03392791748047,35.741455078125,45.07168197631836,41.6468505859375,12.26131820678711,39.22833251953125,43.53871154785156,44.03392791748047,0.05
3565,4,116,6,51.798728942871094,37.905670166015625,51.798728942871094,44.73579406738281,31.421247482299805,40.08604049682617,43.522090911865234,50.42463684082031,0.1
3566,4,142,6,19.862483978271484,19.862483978271484,21.421079635620117,20.748579025268555,0.4254748523235321,20.119380950927734,20.978900909423828,21.307655334472656,0.05
3567,4,120,6,47.02862548828125,45.522247314453125,49.663780212402344,46.914154052734375,1.8111623525619507,46.018253326416016,46.67728805541992,47.02862548828125,0.0
3568,4,158,6,29.525772094726562,23.68822479248047,29.525772094726562,27.452043533325195,5.011988639831543,25.874149322509766,28.33087921142578,29.418668746948242,0.0
3569,4,104,6,42.480655670166016,42.480655670166016,45.38041687011719,43.89467239379883,1.405148983001709,42.68852233886719,44.02067565917969,44.92102813720703,0.0
3570,4,155,6,23.671154022216797,23.671154022216797,28.303165435791016,26.35422706604004,3.9707818031311035,24.358001708984375,27.20366668701172,28.051612854003906,0.05
3571,4,141,6,14.71314811706543,13.041524887084961,14.71314811706543,13.973578453063965,0.46201786398887634,13.340545654296875,14.12855339050293,14.596000671386719,0.1
3572,4,154,6,33.397430419921875,31.471832275390625,34.49740982055664,33.29293441772461,0.8178923726081848,33.372337341308594,33.397430419921875,33.571502685546875,0.0
3573,4,138,6,36.50091552734375,31.15280532836914,36.50091552734375,34.12955093383789,4.8716230392456055,32.220367431640625,34.29029846191406,36.33202362060547,0.0
3574,4,126,6,28.444128036499023,20.471731185913086,28.444128036499023,25.747949600219727,8.340790748596191,24.222349166870117,26.732797622680664,28.223731994628906,0.0
3575,4,134,6,36.929630279541016,33.00689697265625,40.00547790527344,35.97097396850586,5.5352678298950195,33.9965705871582,36.183902740478516,36.929630279541016,0.0
3576,4,153,6,38.804046630859375,37.9869499206543,40.2953987121582,38.9944953918457,0.4641624391078949,38.804046630859375,38.9094123840332,39.05001449584961,0.0
3577,4,135,6,28.8316707611084,23.0037784576416,28.8316707611084,26.66083526611328,4.883635520935059,25.29606056213379,27.059425354003906,28.741687774658203,0.05
3578,4,149,6,28.876888275146484,27.424312591552734,28.99964141845703,28.654497146606445,0.3049458861351013,28.855594635009766,28.876888275146484,28.894792556762695,0.0
3579,4,155,6,17.787111282348633,16.156646728515625,17.787111282348633,17.21915626525879,0.5220537185668945,16.58730697631836,17.66897964477539,17.772098541259766,0.0
3580,4,142,6,44.114891052246094,38.689453125,44.114891052246094,41.12948226928711,4.74147891998291,39.584590911865234,40.245296478271484,43.14952850341797,0.0
3581,4,134,6,15.984949111938477,15.545790672302246,16.135160446166992,15.90572738647461,0.03846222162246704,15.81494140625,15.984949111938477,16.01517105102539,0.0
3582,4,142,6,0.0,0.0,15.213851928710938,9.967437744140625,49.6920166015625,3.694894313812256,14.839632034301758,14.908554077148438,0.25
3583,4,113,6,44.9884033203125,42.37166976928711,44.9884033203125,43.69733428955078,1.124466896057129,42.8443489074707,43.49573516845703,44.777862548828125,0.0
3584,4,126,6,18.891773223876953,16.194908142089844,19.210224151611328,18.17715072631836,1.372540831565857,17.406871795654297,18.891773223876953,18.944686889648438,0.0
3585,4,117,6,35.462646484375,30.473270416259766,35.462646484375,32.83701705932617,4.111279487609863,31.171207427978516,32.25605773925781,34.88737106323242,0.0
3586,4,143,6,10.466935157775879,9.063285827636719,10.95132064819336,10.105884552001953,0.3711323142051697,9.785834312438965,10.212757110595703,10.466935157775879,0.2
3587,4,159,6,27.354578018188477,25.15560531616211,27.921405792236328,26.80775260925293,0.7872381210327148,26.516569137573242,26.955984115600586,27.354578018188477,0.0
3588,4,150,6,30.821311950683594,30.746829986572266,32.60716247558594,31.49822235107422,0.5913937091827393,30.821311950683594,31.202281951904297,32.202919006347656,0.0
3589,4,131,6,32.031089782714844,23.624082565307617,32.031089782714844,28.232851028442383,13.506047248840332,24.75487518310547,28.660255432128906,31.89132308959961,0.05
3590,4,123,6,38.887718200683594,32.47715377807617,38.887718200683594,36.46791458129883,6.2284417152404785,34.54939651489258,37.277442932128906,38.755126953125,0.0
3591,4,147,6,52.86326599121094,45.246490478515625,52.86326599121094,50.789100646972656,6.7409844398498535,50.88923263549805,51.53184127807617,52.54755401611328,0.0
3592,4,152,6,11.957793235778809,0.0,11.957793235778809,8.890788078308105,16.85169219970703,9.428153991699219,10.019782066345215,11.592264175415039,0.2
3593,4,131,6,24.82589340209961,22.08576011657715,24.82589340209961,23.452863693237305,1.2024153470993042,22.469402313232422,23.37047576904297,24.514266967773438,0.1
3594,4,125,6,26.85922622680664,20.827953338623047,27.514892578125,25.542341232299805,5.52907133102417,24.908124923706055,26.85922622680664,26.916053771972656,0.0
3595,4,157,6,19.662979125976562,16.874584197998047,19.662979125976562,18.511363983154297,1.3115381002426147,17.485116958618164,18.80801010131836,19.604841232299805,0.0
3596,4,151,6,16.41524314880371,15.472994804382324,17.348207473754883,16.36925506591797,0.3470154106616974,16.024303436279297,16.41524314880371,16.606197357177734,0.0
3597,4,146,6,16.551395416259766,12.888359069824219,16.551395416259766,14.904327392578125,1.7837563753128052,14.058773040771484,14.811935424804688,16.11894989013672,0.2
3598,4,150,6,17.017959594726562,0.0,17.017959594726562,10.936588287353516,33.28223419189453,9.283626556396484,11.342308044433594,15.825244903564453,0.15
3599,4,145,6,16.912708282470703,15.810195922851562,17.10791778564453,16.776897430419922,0.191379576921463,16.912708282470703,16.924453735351562,16.97028923034668,0.0
3600,4,154,6,45.3197135925293,42.6984977722168,46.353172302246094,45.00531005859375,1.6011319160461426,44.41816329956055,45.3197135925293,45.997257232666016,0.0
3601,4,125,6,29.716005325317383,26.0977840423584,30.684131622314453,28.64898681640625,3.32204008102417,26.9962100982666,29.621788024902344,29.716005325317383,0.1
3602,4,145,6,17.462200164794922,14.465301513671875,17.462200164794922,16.61020278930664,1.3360364437103271,16.026840209960938,17.314260482788086,17.459182739257812,0.0
3603,4,100,6,25.361963272094727,25.050548553466797,31.822677612304688,27.191816329956055,5.971202373504639,25.361963272094727,26.019874572753906,28.326419830322266,0.0
3604,4,144,6,44.488037109375,41.564456939697266,44.488037109375,43.233375549316406,1.0990010499954224,42.662696838378906,43.11157989501953,44.236541748046875,0.0
3605,4,134,6,65.85135650634766,57.75583267211914,66.1399154663086,64.49730682373047,9.119529724121094,65.61619567871094,65.8485107421875,65.85135650634766,0.0
3606,4,149,6,35.816566467285156,32.888328552246094,35.816566467285156,34.639244079589844,1.036515235900879,34.16407775878906,34.627052307128906,35.55680465698242,0.0
3607,4,157,6,28.362106323242188,26.284992218017578,28.60312271118164,27.801000595092773,0.6768611073493958,27.371437072753906,28.204872131347656,28.362106323242188,0.0
3608,4,139,6,30.915660858154297,23.95006561279297,30.915660858154297,28.51736068725586,5.743218421936035,27.753662109375,28.84134292602539,30.58382225036621,0.15
3609,4,154,6,30.778669357299805,25.357589721679688,30.778669357299805,28.42525863647461,4.758672714233398,26.52312469482422,28.722854614257812,30.565494537353516,0.1
3610,4,108,6,43.195068359375,40.61619567871094,43.195068359375,42.07271194458008,0.8418145775794983,41.581703186035156,41.95219421386719,42.93486404418945,0.0
3611,4,127,6,16.51165008544922,0.0,18.29205322265625,13.744050025939941,39.41197204589844,14.638612747192383,16.51165008544922,16.978919982910156,0.1
3612,4,153,6,45.83513641357422,45.83513641357422,47.32939910888672,46.335777282714844,0.2916032373905182,45.857234954833984,46.21542739868164,46.56492614746094,0.0
3613,4,108,6,42.88328552246094,40.372230529785156,42.88328552246094,41.895206451416016,0.7634792923927307,41.53778076171875,41.85050582885742,42.698509216308594,0.0
3614,4,132,6,38.7662353515625,33.940006256103516,38.7662353515625,37.3357048034668,2.6574766635894775,37.257965087890625,37.70168685913086,38.52133560180664,0.05
3615,4,93,6,33.10650634765625,33.10650634765625,34.16809844970703,33.66920471191406,0.17172138392925262,33.279571533203125,33.82676696777344,33.949127197265625,0.0
3616,4,146,6,29.42940330505371,29.03915786743164,29.43869400024414,29.26552963256836,0.03132511302828789,29.084491729736328,29.322601318359375,29.42940330505371,0.0
3617,4,148,6,37.426124572753906,33.40290832519531,38.3819580078125,36.95033264160156,2.631007671356201,37.426124572753906,37.42704772949219,37.58467102050781,0.0
3618,4,148,6,31.740745544433594,27.824413299560547,31.740745544433594,30.54023551940918,2.033174991607666,29.940040588378906,31.209064483642578,31.608083724975586,0.05
3619,4,154,6,20.57208251953125,16.532819747924805,20.57208251953125,18.328073501586914,2.6721792221069336,17.13897132873535,17.61532211303711,19.893362045288086,0.15
3620,4,146,6,38.967369079589844,37.26264190673828,38.98247528076172,38.39152908325195,0.4478153586387634,37.92196273803711,38.688716888427734,38.967369079589844,0.0
3621,4,145,6,10.165129661560059,0.0,10.49605655670166,8.324089050292969,14.065828323364258,9.295089721679688,10.126140594482422,10.165129661560059,0.25
3622,4,137,6,32.151756286621094,29.4612979888916,32.63560485839844,31.33234214782715,1.3341835737228394,30.463397979736328,31.80770492553711,32.151756286621094,0.0
3623,4,140,6,27.281375885009766,0.0,27.281375885009766,20.102859497070312,87.43238067626953,20.682781219482422,22.900165557861328,26.418886184692383,0.15
3624,4,156,6,23.561504364013672,20.788997650146484,23.561504364013672,22.43839454650879,1.201280951499939,21.660127639770508,22.541854858398438,23.507917404174805,0.05
3625,4,132,6,42.34241485595703,31.069589614868164,42.34241485595703,36.432289123535156,21.200990676879883,32.335693359375,35.49263000488281,41.05797576904297,0.0
3626,4,150,6,24.185108184814453,21.376964569091797,24.185108184814453,22.93736457824707,1.167036771774292,22.095556259155273,22.944751739501953,24.00627326965332,0.05
3627,4,128,6,28.213171005249023,25.5139217376709,28.213171005249023,27.589088439941406,0.9532777667045593,27.530681610107422,28.123981475830078,28.200918197631836,0.0
3628,4,139,6,21.76972198486328,19.412189483642578,21.76972198486328,20.680557250976562,1.0627597570419312,19.7136173248291,20.746944427490234,21.715517044067383,0.0
3629,4,151,6,34.65827941894531,26.681425094604492,34.65827941894531,30.503976821899414,10.938236236572266,27.629777908325195,29.751710891723633,33.881629943847656,0.0
3630,4,155,6,16.965065002441406,15.017032623291016,16.965065002441406,15.786412239074707,0.7186166048049927,15.096447944641113,15.35702896118164,16.598806381225586,0.0
3631,4,155,6,15.4564790725708,13.255002975463867,16.177139282226562,14.979809761047363,1.0311440229415894,14.350349426269531,15.4564790725708,15.52820873260498,0.1
3632,4,121,6,10.008740425109863,0.0,10.008740425109863,6.396050453186035,12.297637939453125,4.754214763641357,7.042759895324707,9.478697776794434,0.2
3633,4,111,6,32.423912048339844,27.233413696289062,32.423912048339844,30.446557998657227,3.8963305950164795,29.083526611328125,30.878265380859375,32.30472946166992,0.0
3634,4,137,6,28.147876739501953,27.37952423095703,28.852397918701172,28.233753204345703,0.21028144657611847,28.147876739501953,28.212379455566406,28.5176944732666,0.0
3635,4,142,6,24.664480209350586,21.999282836914062,24.664480209350586,23.423023223876953,0.955146074295044,22.8028564453125,23.253633499145508,24.349292755126953,0.1
3636,4,114,6,21.863588333129883,21.350494384765625,21.863588333129883,21.678041458129883,0.0314345620572567,21.607168197631836,21.699674606323242,21.833778381347656,0.0
3637,4,136,6,39.891448974609375,33.90155792236328,39.891448974609375,37.44162368774414,5.466973781585693,35.500526428222656,38.01848602294922,39.623538970947266,0.0
3638,4,105,6,22.640567779541016,0.0,22.640567779541016,17.653146743774414,64.01094055175781,19.424087524414062,20.6490478515625,22.385597229003906,0.15
3639,4,144,6,15.374293327331543,13.174331665039062,15.374293327331543,14.142545700073242,0.8020238280296326,13.482070922851562,13.750438690185547,14.997478485107422,0.2
3640,4,153,6,27.340721130371094,26.549623489379883,30.172630310058594,27.684282302856445,1.5340259075164795,26.751575469970703,27.340721130371094,27.945280075073242,0.0
3641,4,151,6,23.554826736450195,21.36517333984375,23.554826736450195,22.720890045166016,0.5701466798782349,22.406002044677734,22.756153106689453,23.391847610473633,0.0
3642,4,141,6,31.44542694091797,24.018436431884766,32.40900421142578,29.728233337402344,7.781804084777832,29.1859130859375,30.825130462646484,31.44542694091797,0.05
3643,4,149,6,18.21417808532715,8.496298789978027,18.94595718383789,16.726133346557617,13.615073204040527,18.21364402770996,18.21417808532715,18.258085250854492,0.05
3644,4,155,6,35.284759521484375,29.093355178833008,35.284759521484375,31.564571380615234,7.553924083709717,29.147764205932617,30.29759979248047,34.31161880493164,0.1
3645,4,153,6,32.02473449707031,31.20166778564453,33.12913513183594,32.22846984863281,0.3593131899833679,32.02473449707031,32.169883728027344,32.58539581298828,0.0
3646,4,127,6,38.80169677734375,37.60694122314453,42.38900375366211,39.77214050292969,3.4173150062561035,38.7916145324707,38.80169677734375,41.384361267089844,0.0
3647,4,144,6,26.095447540283203,24.73288345336914,26.095447540283203,25.43228530883789,0.2911356985569,24.95542335510254,25.41893768310547,25.94968032836914,0.0
3648,4,133,6,30.424095153808594,27.00191879272461,30.424095153808594,28.920564651489258,1.480600118637085,28.32183265686035,28.684986114501953,30.066207885742188,0.05
3649,4,114,6,31.871475219726562,27.83420181274414,34.03328323364258,31.88686752319336,4.14396333694458,31.86768913269043,31.871475219726562,33.35111999511719,0.0
3650,4,157,6,23.691757202148438,21.718326568603516,23.691757202148438,22.62824058532715,0.6759836673736572,21.903167724609375,22.403915405273438,23.462438583374023,0.0
3651,4,125,6,63.28786087036133,55.14047622680664,65.22856903076172,61.482418060302734,15.382559776306152,58.600032806396484,63.28786087036133,64.50621032714844,0.0
3652,4,155,6,39.756011962890625,37.66217803955078,39.756011962890625,38.912696838378906,0.5294385552406311,38.57638931274414,38.897621154785156,39.569488525390625,0.0
3653,4,122,6,54.495113372802734,44.10630416870117,54.495113372802734,50.83621597290039,12.356460571289062,49.93089294433594,51.082645416259766,53.79837417602539,0.0
3654,4,113,6,41.97282791137695,41.78893280029297,43.88307189941406,42.3260498046875,0.5021983981132507,41.97282791137695,42.056419372558594,42.1839714050293,0.0
3655,4,125,6,22.505434036254883,21.266006469726562,22.73807144165039,22.24758529663086,0.2556396424770355,22.06774139404297,22.505434036254883,22.53790283203125,0.05
3656,4,115,6,23.548770904541016,0.0,23.548770904541016,17.92085075378418,69.06829071044922,18.1895809173584,21.34746551513672,23.445205688476562,0.15
3657,4,154,6,20.134828567504883,18.299819946289062,23.521114349365234,21.075971603393555,3.2756474018096924,20.134828567504883,20.691375732421875,22.649965286254883,0.15
3658,4,158,6,23.984554290771484,23.441749572753906,24.861835479736328,23.9990291595459,0.19535988569259644,23.74311065673828,23.984554290771484,24.040281295776367,0.0
3659,4,154,6,20.30059051513672,18.185020446777344,22.535558700561523,19.745656967163086,2.2822206020355225,18.45233917236328,19.56209373474121,20.30059051513672,0.15
3660,4,138,6,35.658058166503906,28.687458038330078,35.658058166503906,33.05809020996094,5.5290608406066895,32.51679992675781,32.93246078491211,35.053016662597656,0.0
3661,4,148,6,40.915016174316406,38.21567153930664,41.63077163696289,40.31740188598633,1.6072325706481934,39.442142486572266,40.915016174316406,41.186317443847656,0.0
3662,4,151,6,24.311580657958984,20.120763778686523,24.37965965270996,23.18596649169922,2.248314142227173,22.907079696655273,23.742870330810547,24.311580657958984,0.0
3663,4,152,6,25.345382690429688,23.91730499267578,25.345382690429688,24.675743103027344,0.2732796370983124,24.355464935302734,24.57097625732422,25.167381286621094,0.0
3664,4,147,6,38.25253677368164,34.348243713378906,39.84510040283203,37.61396408081055,2.757375478744507,37.408729553222656,37.95655822753906,38.25253677368164,0.0
3665,4,151,6,42.89921569824219,39.75952911376953,42.89921569824219,41.797176361083984,1.691006064414978,40.72358703613281,42.47475814819336,42.8948974609375,0.0
3666,4,151,6,66.99505615234375,60.71814727783203,66.99505615234375,63.38823699951172,6.691854000091553,61.703826904296875,61.9747200012207,65.78360748291016,0.0
3667,4,95,6,15.623056411743164,15.623056411743164,15.936119079589844,15.75619125366211,0.01612347923219204,15.632829666137695,15.732460021972656,15.868189811706543,0.1
3668,4,152,6,18.683256149291992,15.848462104797363,18.683256149291992,17.666454315185547,0.9362471699714661,17.336111068725586,17.780250549316406,18.483896255493164,0.1
3669,4,138,6,43.81184387207031,39.20122528076172,43.81184387207031,40.978694915771484,4.095646381378174,39.38274383544922,39.91117477416992,42.85040283203125,0.0
3670,4,153,6,52.971519470214844,49.729373931884766,52.971519470214844,51.52855682373047,1.501291275024414,50.57994842529297,51.56053161621094,52.71236038208008,0.0
3671,4,116,6,34.51862335205078,26.401927947998047,36.48818588256836,32.079856872558594,12.6343412399292,29.429569244384766,33.243568420410156,34.51862335205078,0.1
3672,4,131,6,25.970211029052734,0.0,25.970211029052734,18.515668869018555,76.90044403076172,18.822294235229492,20.278888702392578,24.741670608520508,0.15
3673,4,138,6,30.987335205078125,27.03990936279297,30.987335205078125,29.04793357849121,2.6556553840637207,27.68539810180664,28.797439575195312,30.71242904663086,0.05
3674,4,100,6,31.464340209960938,29.361215591430664,31.464340209960938,30.72037124633789,0.5580788850784302,30.35624885559082,30.931852340698242,31.334407806396484,0.0
3675,4,149,6,26.670886993408203,26.670886993408203,30.28445816040039,28.784061431884766,2.305572986602783,27.341533660888672,29.593402862548828,29.876829147338867,0.05
3676,4,157,6,12.329093933105469,0.0,12.877859115600586,9.43100643157959,19.608137130737305,9.492109298706055,10.959930419921875,12.329093933105469,0.15
3677,4,131,6,17.1806640625,0.0,18.69001007080078,14.034350395202637,40.54636001586914,15.477676391601562,16.478729248046875,17.1806640625,0.25
3678,4,136,6,22.88164520263672,21.187305450439453,23.53713607788086,22.150432586669922,0.949828565120697,21.199018478393555,22.05295181274414,22.88164520263672,0.15
3679,4,145,6,27.43292999267578,26.653846740722656,29.337583541870117,27.591766357421875,0.6830579042434692,27.342243194580078,27.39419937133789,27.43292999267578,0.0
3680,4,153,6,22.521644592285156,20.108524322509766,22.61907196044922,21.667757034301758,1.1549537181854248,20.68044662475586,22.25712013244629,22.521644592285156,0.0
3681,4,153,6,25.094581604003906,0.0,25.094581604003906,17.906522750854492,73.7171630859375,17.156457901000977,20.29936408996582,24.30259132385254,0.15
3682,4,139,6,25.53026580810547,22.450891494750977,28.39641571044922,24.60521125793457,4.470550060272217,22.814313888549805,24.243392944335938,25.53026580810547,0.0
3683,4,115,6,41.95410919189453,39.686180114746094,42.68846893310547,41.19111633300781,1.147138237953186,40.34614562988281,41.27879333496094,41.95410919189453,0.0
3684,4,111,6,27.647613525390625,26.91256332397461,27.75817108154297,27.53917121887207,0.08411578834056854,27.558448791503906,27.647613525390625,27.71715545654297,0.0
3685,4,124,6,58.11378479003906,56.96904373168945,60.72848892211914,58.610618591308594,1.7640751600265503,57.79669952392578,58.11378479003906,59.56414794921875,0.0
3686,4,134,6,48.8093147277832,39.430259704589844,48.8093147277832,43.62783432006836,14.059650421142578,41.243892669677734,41.80250549316406,47.09917449951172,0.05
3687,4,142,6,24.47382926940918,18.088476181030273,24.47382926940918,21.6157283782959,5.14665412902832,20.516298294067383,21.175189971923828,23.65755844116211,0.0
3688,4,132,6,15.954710960388184,15.133843421936035,15.954710960388184,15.582961082458496,0.09446565806865692,15.352762222290039,15.579156875610352,15.874988555908203,0.1
3689,4,121,6,99.41499328613281,99.41499328613281,105.73646545410156,102.55951690673828,5.796359539031982,100.23419189453125,103.13294982910156,104.28710174560547,0.0
3690,4,155,6,35.77675247192383,33.598777770996094,35.77675247192383,34.63492202758789,0.8219112157821655,33.85795211791992,34.40576934814453,35.56178283691406,0.0
3691,4,156,6,27.138256072998047,27.138256072998047,29.766094207763672,27.810985565185547,0.8221234083175659,27.198509216308594,27.531436920166016,27.741226196289062,0.0
3692,4,111,6,24.326454162597656,23.656484603881836,24.73149871826172,24.310354232788086,0.10587943345308304,24.326454162597656,24.333635330200195,24.445518493652344,0.0
3693,4,150,6,34.207183837890625,32.823036193847656,34.207183837890625,33.71159362792969,0.2703622579574585,33.435855865478516,33.80027770996094,34.19336700439453,0.0
3694,4,134,6,33.665443420410156,28.763961791992188,33.665443420410156,31.705215454101562,2.967648983001709,30.887428283691406,31.6539249420166,33.31006622314453,0.0
3695,4,153,6,20.68395233154297,19.24557113647461,22.84262466430664,20.70650863647461,1.3683611154556274,19.856834411621094,20.68395233154297,21.072355270385742,0.0
3696,4,136,6,31.631454467773438,27.196617126464844,31.631454467773438,29.417724609375,2.929016351699829,28.091110229492188,29.122814178466797,31.04477882385254,0.0
3697,4,140,6,22.08832359313965,14.290637016296387,22.08832359313965,19.341955184936523,8.449651718139648,17.662677764892578,20.10099220275879,21.990909576416016,0.15
3698,4,138,6,24.43229103088379,22.248565673828125,24.95870018005371,23.791120529174805,0.965117335319519,23.018428802490234,24.203872680664062,24.43229103088379,0.1
3699,4,156,6,24.754390716552734,16.077125549316406,24.754390716552734,21.94270133972168,9.883369445800781,20.513423919677734,22.95279312133789,24.652301788330078,0.05
3700,4,123,6,47.72822570800781,40.221378326416016,48.75300598144531,45.648433685302734,9.293778419494629,43.84016036987305,47.1187744140625,47.72822570800781,0.0
3701,4,136,6,29.30284881591797,22.07365608215332,29.79102325439453,27.193632125854492,7.516936779022217,25.870643615722656,28.299339294433594,29.30284881591797,0.0
3702,4,138,6,8.394840240478516,5.618795394897461,8.394840240478516,7.088137149810791,1.1654554605484009,6.186850547790527,7.046629905700684,8.152911186218262,0.15
3703,4,128,6,26.02490234375,23.691429138183594,26.02490234375,25.12590217590332,0.667063295841217,24.717601776123047,25.204532623291016,25.857173919677734,0.2
3704,4,148,6,35.166038513183594,33.284603118896484,36.82470703125,35.099632263183594,1.9915307760238647,33.83743667602539,35.166038513183594,36.362884521484375,0.0
3705,4,135,6,10.686683654785156,5.593930244445801,10.686683654785156,9.376953125,3.121032238006592,9.390148162841797,10.06277084350586,10.532909393310547,0.05
3706,4,125,6,27.858978271484375,26.44158935546875,27.858978271484375,27.415040969848633,0.26367315649986267,27.190895080566406,27.60565948486328,27.845706939697266,0.0
3707,4,135,6,34.521419525146484,33.69170379638672,36.198577880859375,34.69670104980469,0.5593443512916565,34.521419525146484,34.52470397949219,34.67131805419922,0.0
3708,4,130,6,58.70344161987305,56.690399169921875,59.895633697509766,58.78734588623047,1.0689663887023926,58.70344161987305,58.919654846191406,59.480430603027344,0.0
3709,4,142,6,25.61728286743164,15.706775665283203,25.61728286743164,21.1048641204834,13.467166900634766,18.66659927368164,20.617431640625,24.69481658935547,0.2
3710,4,155,6,16.773197174072266,4.1547136306762695,16.773197174072266,13.462553977966309,20.321805953979492,12.573104858398438,15.604837417602539,16.707618713378906,0.1
3711,4,136,6,28.686067581176758,23.969070434570312,28.686067581176758,26.633525848388672,3.376359701156616,25.13286590576172,26.79050636291504,28.436141967773438,0.0
3712,4,149,6,20.920011520385742,16.139026641845703,20.920011520385742,18.7762393951416,2.9701972007751465,17.806488037109375,18.47189712524414,20.420412063598633,0.0
3713,4,153,6,16.811180114746094,15.841644287109375,17.293991088867188,16.867000579833984,0.24870565533638,16.811180114746094,17.01080322265625,17.227794647216797,0.0
3714,4,94,6,37.00896453857422,37.00896453857422,51.003814697265625,42.43543243408203,24.043195724487305,38.08876037597656,41.94151306152344,44.919586181640625,0.0
3715,4,145,6,23.2141056060791,21.028236389160156,23.2141056060791,21.963661193847656,0.8294780254364014,21.23358154296875,21.577896118164062,22.843238830566406,0.0
3716,4,155,6,28.31835174560547,27.05432891845703,31.603214263916016,29.119840621948242,2.3281686305999756,28.31835174560547,28.575414657592773,30.152355194091797,0.05
3717,4,131,6,27.344993591308594,23.76848602294922,27.344993591308594,25.430435180664062,2.0319297313690186,24.36697006225586,24.902748107910156,26.832130432128906,0.0
3718,4,126,6,26.223434448242188,25.360244750976562,26.223434448242188,25.89372444152832,0.11420511454343796,25.674894332885742,25.942535400390625,26.216571807861328,0.0
3719,4,148,6,39.32764434814453,36.086578369140625,39.32764434814453,37.353355407714844,2.025146484375,36.16503143310547,36.63807678222656,38.72633743286133,0.0
3720,4,107,6,29.36458969116211,19.335819244384766,29.36458969116211,25.123126983642578,12.204129219055176,23.661230087280273,24.561307907104492,28.306230545043945,0.0
3721,4,142,6,20.570247650146484,17.800273895263672,21.01398468017578,19.8167724609375,1.145438551902771,19.46092414855957,20.033607482910156,20.570247650146484,0.05
3722,4,110,6,10.225330352783203,0.0,11.43996810913086,7.26039981842041,19.741456985473633,4.011521339416504,9.854971885681152,10.225330352783203,0.25
3723,4,115,6,32.22441864013672,30.8026065826416,32.22441864013672,31.62728500366211,0.29796889424324036,31.194690704345703,31.74437713623047,32.113441467285156,0.0
3724,4,128,6,35.983455657958984,29.475358963012695,38.6705322265625,35.26115417480469,8.8374605178833,34.44450759887695,35.983455657958984,37.137813568115234,0.05
3725,4,87,6,89.5706787109375,86.33598327636719,92.16758728027344,88.67091369628906,4.0868024826049805,86.86653137207031,88.70423126220703,89.5706787109375,0.0
3726,4,152,6,28.273107528686523,25.060657501220703,28.2828311920166,27.360380172729492,1.6909713745117188,26.6071834564209,28.233802795410156,28.273107528686523,0.0
3727,4,105,6,27.750877380371094,26.503787994384766,27.750877380371094,27.329267501831055,0.2379707247018814,26.988101959228516,27.552963256835938,27.7496395111084,0.0
3728,4,124,6,13.20088005065918,12.745674133300781,13.569506645202637,13.134001731872559,0.06680112332105637,12.977363586425781,13.188380241394043,13.20088005065918,0.0
3729,4,154,6,20.970653533935547,20.003650665283203,21.78430938720703,21.073528289794922,0.3260892331600189,20.970653533935547,21.037803649902344,21.481447219848633,0.0
3730,4,115,6,42.360042572021484,40.53874206542969,43.46963119506836,42.212806701660156,0.8795619606971741,41.80833053588867,42.360042572021484,42.78297424316406,0.0
3731,4,129,6,33.24886703491211,25.219284057617188,33.24886703491211,29.94698143005371,9.893659591674805,27.383079528808594,30.849496841430664,32.677730560302734,0.1
3732,4,136,6,23.393890380859375,20.92702865600586,23.393890380859375,22.26859474182129,1.080861210823059,21.244678497314453,22.439226150512695,23.284082412719727,0.25
3733,4,120,6,53.95882797241211,43.55446243286133,53.95882797241211,49.58354949951172,20.155118942260742,45.31372833251953,50.77778244018555,53.89949417114258,0.05
3734,4,87,6,28.998764038085938,27.212339401245117,29.308414459228516,28.439123153686523,0.582621693611145,27.85869598388672,28.72802734375,28.998764038085938,0.0
3735,4,118,6,45.57319641113281,30.150890350341797,45.57319641113281,40.31321716308594,38.00537872314453,35.71431350708008,43.49543380737305,45.40666580200195,0.1
3736,4,144,6,19.268735885620117,18.82916259765625,20.35385513305664,19.466405868530273,0.21829642355442047,19.268735885620117,19.345272064208984,19.597553253173828,0.0
3737,4,124,6,22.66752815246582,19.289592742919922,22.66752815246582,21.173070907592773,1.5535606145858765,20.311819076538086,21.191211700439453,22.307945251464844,0.15
3738,4,111,6,55.634559631347656,50.797874450683594,55.80543518066406,53.868812561035156,3.9641194343566895,52.23799133300781,54.584617614746094,55.634559631347656,0.0
3739,4,155,6,24.42714500427246,22.019990921020508,24.42714500427246,23.187192916870117,0.8364959955215454,22.707855224609375,22.774688720703125,24.024471282958984,0.0
3740,4,124,6,19.126821517944336,17.314990997314453,19.126821517944336,18.203643798828125,0.48516738414764404,17.710765838623047,17.996734619140625,18.877540588378906,0.0
3741,4,136,6,22.038284301757812,20.96470069885254,22.038284301757812,21.537439346313477,0.21576416492462158,21.091278076171875,21.571285247802734,22.003677368164062,0.0
3742,4,123,6,33.21500778198242,31.801908493041992,33.21500778198242,32.563621520996094,0.3979858458042145,31.92483139038086,32.660545349121094,33.18822479248047,0.0
3743,4,130,6,22.466163635253906,19.942062377929688,22.466163635253906,21.422439575195312,0.8917810320854187,20.72207260131836,21.56440544128418,22.30832862854004,0.1
3744,4,133,6,30.800689697265625,27.67313003540039,30.800689697265625,29.395692825317383,1.35419762134552,28.563547134399414,29.336109161376953,30.525596618652344,0.2
3745,4,154,6,15.13774299621582,0.0,15.13774299621582,11.008868217468262,28.74664306640625,9.885698318481445,13.467218399047852,14.833683013916016,0.15
3746,4,142,6,23.879465103149414,20.70342254638672,23.879465103149414,22.341651916503906,1.8760716915130615,21.028352737426758,22.341211318969727,23.7307071685791,0.0
3747,4,80,6,53.32195281982422,47.06356430053711,53.32195281982422,51.88561248779297,5.074466705322266,51.82756423950195,53.07972717285156,53.28882598876953,0.0
3748,4,136,6,27.11888313293457,24.772979736328125,28.00035858154297,26.420883178710938,1.2661181688308716,25.49952507019043,26.695566177368164,27.11888313293457,0.2
3749,4,93,6,25.642738342285156,23.03885269165039,25.642738342285156,24.083826065063477,1.2570881843566895,23.17976951599121,23.53882598876953,25.14742660522461,0.0
3750,4,138,6,12.612086296081543,11.91990852355957,12.612086296081543,12.354026794433594,0.0617607980966568,12.213199615478516,12.414458274841309,12.56646728515625,0.25
3751,4,116,6,23.34214973449707,22.37615966796875,23.34214973449707,22.849334716796875,0.15510039031505585,22.482851028442383,22.812042236328125,23.23837661743164,0.0
3752,4,138,6,24.30525779724121,20.511329650878906,24.30525779724121,22.275869369506836,2.467355489730835,20.831144332885742,21.95172119140625,23.846107482910156,0.2
3753,4,126,6,41.751487731933594,25.238082885742188,42.00440216064453,37.72244644165039,37.83423614501953,36.20030975341797,41.367340087890625,41.751487731933594,0.0
3754,4,157,6,24.126693725585938,22.590524673461914,25.15911865234375,23.8045654296875,0.7404933571815491,23.134063720703125,24.04755210876465,24.126693725585938,0.0
3755,4,155,6,66.03738403320312,56.5256462097168,66.03738403320312,62.90782165527344,10.070068359375,62.78263473510742,63.06925582885742,65.31104278564453,0.05
3756,4,146,6,11.238039016723633,0.0,11.238039016723633,8.615629196166992,15.37116527557373,9.374406814575195,9.998712539672852,10.968683242797852,0.25
3757,4,137,6,70.60108184814453,60.940338134765625,70.60108184814453,66.11091613769531,14.887903213500977,63.098175048828125,65.73188781738281,70.01300048828125,0.0
3758,4,157,6,25.82107162475586,23.630924224853516,25.82107162475586,24.45713233947754,0.9427505135536194,23.709548950195312,23.89659881591797,25.36194610595703,0.0
3759,4,146,6,36.819190979003906,36.14120101928711,39.092037200927734,37.35079574584961,0.8718270659446716,36.819190979003906,37.15721893310547,37.6772346496582,0.0
3760,4,157,6,28.680072784423828,26.747066497802734,28.680072784423828,27.90910530090332,0.4705295264720917,27.575632095336914,27.890289306640625,28.55469512939453,0.0
3761,4,137,6,27.40660858154297,0.0,27.40660858154297,19.821151733398438,87.11270141601562,19.98035430908203,22.239444732666016,26.420433044433594,0.2
3762,4,141,6,20.039306640625,18.992652893066406,21.065139770507812,20.14837646484375,0.4995766580104828,19.851024627685547,20.039306640625,20.73401641845703,0.0
3763,4,131,6,30.551403045654297,29.643404006958008,34.77493667602539,32.03059005737305,3.7358334064483643,30.551403045654297,31.519132614135742,33.75335693359375,0.0
3764,4,135,6,20.922603607177734,17.189342498779297,20.93906021118164,20.201763153076172,1.8382290601730347,20.56308364868164,20.825944900512695,20.922603607177734,0.25
3765,4,75,6,32.18195724487305,32.04218292236328,32.41465759277344,32.175270080566406,0.013931682333350182,32.10258483886719,32.161537170410156,32.18195724487305,0.0
3766,4,116,6,34.811546325683594,34.811546325683594,38.22502136230469,36.13140106201172,1.5696086883544922,34.965972900390625,35.905860900878906,36.94203567504883,0.0
3767,4,124,6,18.555484771728516,18.555484771728516,24.393802642822266,20.612356185913086,5.4618024826049805,18.594135284423828,19.522119522094727,22.427383422851562,0.0
3768,4,135,6,31.964366912841797,30.554187774658203,32.39656448364258,31.466257095336914,0.4601995050907135,30.877582550048828,31.54314613342285,31.964366912841797,0.0
3769,4,102,6,45.64970779418945,35.717979431152344,45.64970779418945,41.28624725341797,15.444639205932617,37.82640075683594,42.036460876464844,44.89947509765625,0.1
3770,4,119,6,30.201557159423828,26.905363082885742,30.201557159423828,28.453100204467773,1.9953198432922363,27.103322982788086,28.20746421813965,29.89797592163086,0.0
3771,4,115,6,10.004484176635742,8.838465690612793,10.004484176635742,9.397443771362305,0.20826801657676697,9.061807632446289,9.249509811401367,9.844969749450684,0.05
3772,4,137,6,18.117996215820312,13.941008567810059,18.117996215820312,15.889572143554688,2.8289411067962646,14.583930015563965,15.305211067199707,17.56968116760254,0.15
3773,4,132,6,33.287269592285156,28.980998992919922,33.569923400878906,31.58869171142578,3.4254417419433594,30.038040161132812,31.910614013671875,33.287269592285156,0.0
3774,4,146,6,28.78183364868164,21.070152282714844,28.78183364868164,25.003700256347656,8.915933609008789,22.577266693115234,24.65643310546875,27.893962860107422,0.0
3775,4,158,6,35.739933013916016,28.670103073120117,35.886444091796875,33.1970329284668,7.994085311889648,31.06913948059082,34.16017150878906,35.739933013916016,0.0
3776,4,143,6,23.266326904296875,20.919395446777344,23.266326904296875,22.223995208740234,0.7656480669975281,21.583301544189453,22.217304229736328,23.068078994750977,0.0
3777,4,153,6,26.892139434814453,22.36351776123047,27.686044692993164,25.070301055908203,4.565549373626709,23.10834503173828,25.278696060180664,26.892139434814453,0.0
3778,4,146,6,18.913375854492188,18.532466888427734,20.830617904663086,19.49647331237793,0.7029352784156799,18.913375854492188,19.151081085205078,20.147361755371094,0.0
3779,4,144,6,38.35895538330078,27.415515899658203,38.35895538330078,34.506309509277344,18.573965072631836,31.322917938232422,36.55824279785156,38.066383361816406,0.0
3780,4,134,6,19.772201538085938,17.318450927734375,19.772201538085938,18.913068771362305,0.7369105815887451,18.53693389892578,19.126174926757812,19.627710342407227,0.0
3781,4,117,6,23.744895935058594,22.192832946777344,23.744895935058594,22.91738510131836,0.3922783434391022,22.384313583374023,22.764631271362305,23.525985717773438,0.0
3782,4,147,6,23.813255310058594,23.813255310058594,24.783750534057617,24.1911678314209,0.11755087971687317,23.887645721435547,24.148258209228516,24.37659454345703,0.0
3783,4,97,6,75.73207092285156,64.77857971191406,77.22837829589844,71.40019989013672,26.237489700317383,66.28657531738281,72.77702331542969,75.73207092285156,0.0
3784,4,159,6,34.675628662109375,34.675628662109375,37.31610107421875,35.90474319458008,0.959407389163971,34.94476318359375,36.120765686035156,36.51201629638672,0.0
3785,4,127,6,49.16761016845703,49.16761016845703,52.861717224121094,51.58119201660156,2.9164795875549316,50.04534149169922,52.7178955078125,52.83012390136719,0.0
3786,4,87,6,45.15281677246094,45.15281677246094,47.865474700927734,46.309967041015625,1.0574604272842407,45.311424255371094,46.23079299926758,47.08892059326172,0.0
3787,4,153,6,30.485557556152344,29.547901153564453,30.957218170166016,30.331356048583984,0.17815235257148743,30.232282638549805,30.39441680908203,30.485557556152344,0.0
3788,4,126,6,40.707054138183594,40.2694091796875,40.707054138183594,40.55247497558594,0.02158772014081478,40.52631378173828,40.553794860839844,40.673683166503906,0.0
3789,4,139,6,24.52568817138672,21.85903549194336,25.72345542907715,24.191387176513672,1.3653548955917358,24.10385513305664,24.52568817138672,24.54482650756836,0.0
3790,4,129,6,31.121700286865234,31.121700286865234,33.20879364013672,31.656726837158203,0.5146095156669617,31.196044921875,31.426929473876953,31.584423065185547,0.0
3791,4,129,6,21.67858123779297,19.070030212402344,22.205293655395508,21.341981887817383,1.0808405876159668,21.551048278808594,21.67858123779297,21.852798461914062,0.05
3792,4,154,6,13.624578475952148,13.624578475952148,14.569387435913086,14.077139854431152,0.11874467134475708,13.761711120605469,14.192562103271484,14.247382164001465,0.05
3793,4,131,6,18.42715835571289,16.96371841430664,18.559986114501953,17.958120346069336,0.4349486529827118,17.39599609375,18.345611572265625,18.42715835571289,0.1
3794,4,113,6,58.50285720825195,48.293174743652344,62.139381408691406,57.09603500366211,17.89165687561035,57.520729064941406,58.08415985107422,58.50285720825195,0.05
3795,4,158,6,28.684818267822266,21.047786712646484,28.684818267822266,25.638818740844727,7.215328216552734,24.307262420654297,25.634197235107422,28.133769989013672,0.0
3796,4,130,6,15.112116813659668,12.86607551574707,16.16082763671875,14.862873077392578,1.0850214958190918,14.558539390563965,15.112116813659668,15.442093849182129,0.1
3797,4,144,6,26.333707809448242,19.460857391357422,26.333707809448242,23.00509262084961,6.712392807006836,21.148052215576172,22.533201217651367,25.495742797851562,0.0
3798,4,150,6,23.563081741333008,23.563081741333008,26.189167022705078,24.96097183227539,1.0605179071426392,24.003631591796875,25.3380069732666,25.66855239868164,0.05
3799,4,146,6,15.817275047302246,14.886110305786133,15.817275047302246,15.513018608093262,0.09915830194950104,15.452591896057129,15.561532974243164,15.766919136047363,0.0
3800,4,137,6,35.73957061767578,27.214332580566406,40.68873596191406,34.17112731933594,17.57522964477539,31.955074310302734,35.148128509521484,35.73957061767578,0.0
3801,4,113,6,26.9970703125,19.64066505432129,26.9970703125,23.093652725219727,8.879395484924316,20.499399185180664,22.420461654663086,26.023277282714844,0.05
3802,4,124,6,69.02726745605469,63.52777862548828,69.59066772460938,66.78053283691406,6.494943618774414,64.23165130615234,67.41463470458984,69.02726745605469,0.0
3803,4,155,6,16.286479949951172,3.932896614074707,16.286479949951172,10.65017032623291,25.5172176361084,6.102380752563477,10.966447830200195,15.69240665435791,0.15
3804,4,141,6,44.01594161987305,41.998374938964844,46.64466857910156,44.12299346923828,1.8784891366958618,43.710121154785156,44.01594161987305,44.34512710571289,0.0
3805,4,123,6,66.8326644897461,63.78910827636719,66.8326644897461,65.20802307128906,1.5775964260101318,64.12178039550781,64.86735534667969,66.48063659667969,0.0
3806,4,151,6,17.671035766601562,16.845916748046875,17.928590774536133,17.58180046081543,0.1168879047036171,17.663026809692383,17.671035766601562,17.703161239624023,0.05
3807,4,117,6,65.32747650146484,62.9596061706543,65.32747650146484,63.93975067138672,1.0480809211730957,63.03843688964844,63.518165588378906,64.95697021484375,0.0
3808,4,135,6,62.496612548828125,57.483612060546875,62.496612548828125,61.310630798339844,3.15981125831604,61.335445404052734,62.15917205810547,62.41805648803711,0.0
3809,4,125,6,17.753049850463867,13.480754852294922,17.753049850463867,15.7957763671875,2.4651925563812256,14.74631404876709,15.639019966125488,17.270307540893555,0.1
3810,4,146,6,26.363582611083984,18.214759826660156,26.363582611083984,21.84023666381836,10.979875564575195,19.38735580444336,20.392040252685547,25.067909240722656,0.2
3811,4,140,6,24.724552154541016,19.463184356689453,24.724552154541016,22.768417358398438,3.3152873516082764,21.993534088134766,23.009748458862305,24.313791275024414,0.2
3812,4,132,6,26.071334838867188,26.071334838867188,27.864707946777344,26.890913009643555,0.412248432636261,26.307598114013672,27.03823471069336,27.211246490478516,0.0
3813,4,130,6,42.49822998046875,42.49822998046875,48.94912338256836,45.212249755859375,4.9849395751953125,43.213558197021484,45.667789459228516,45.98826599121094,0.0
3814,4,77,6,46.15291976928711,39.14371871948242,67.25983428955078,46.79148864746094,91.03524017333984,40.6121940612793,43.993927001953125,46.15291976928711,0.0
3815,4,157,6,37.75811767578125,35.85395050048828,37.75811767578125,37.11316680908203,0.4341139495372772,36.88019561767578,37.279319763183594,37.640689849853516,0.0
3816,4,150,6,31.905902862548828,28.64116668701172,31.905902862548828,30.438278198242188,1.438926339149475,29.720279693603516,30.231184005737305,31.610490798950195,0.0
3817,4,126,6,35.28087615966797,0.0,35.28087615966797,26.054153442382812,145.83480834960938,27.28316879272461,29.397558212280273,34.10230255126953,0.15
3818,4,136,6,43.92792510986328,30.221965789794922,43.92792510986328,39.03321075439453,29.45448112487793,34.86414337158203,41.5145263671875,43.658363342285156,0.05
3819,4,123,6,26.48221206665039,26.48221206665039,27.495967864990234,26.834712982177734,0.13606980443000793,26.505168914794922,26.73526382446289,27.032146453857422,0.0
3820,4,144,6,72.02651977539062,70.90422058105469,73.09061431884766,72.03182983398438,0.3995392918586731,72.02651977539062,72.03536987304688,72.08523559570312,0.0
3821,4,152,6,17.26041030883789,14.463336944580078,17.26041030883789,16.003808975219727,1.0672756433486938,15.311845779418945,15.901363372802734,17.011123657226562,0.05
3822,4,128,6,37.87786102294922,30.81393051147461,37.91754150390625,35.16387939453125,8.096776008605957,33.226715087890625,35.58427047729492,37.87786102294922,0.0
3823,4,148,6,50.60437774658203,48.40723419189453,51.770172119140625,50.5568962097168,1.0752842426300049,50.60437774658203,50.787208557128906,50.98139190673828,0.0
3824,4,145,6,21.20832061767578,20.74576187133789,21.66269302368164,21.187957763671875,0.07077526301145554,21.145992279052734,21.18515396118164,21.20832061767578,0.25
3825,4,119,6,37.490570068359375,33.25358963012695,37.644920349121094,36.497066497802734,2.671990394592285,35.99702453613281,37.490570068359375,37.5753173828125,0.0
3826,4,142,6,45.40159606933594,42.20778274536133,45.52617645263672,44.29643249511719,2.1488165855407715,42.944122314453125,45.187747955322266,45.40159606933594,0.1
3827,4,137,6,23.672544479370117,22.579877853393555,23.672544479370117,23.100494384765625,0.19683746993541718,22.73138999938965,22.98224639892578,23.54926872253418,0.0
3828,4,145,6,16.706912994384766,15.114404678344727,17.83148956298828,16.456867218017578,0.6850544214248657,16.05297088623047,16.586593627929688,16.706912994384766,0.1
3829,4,149,6,27.764802932739258,0.0,27.764802932739258,20.927413940429688,95.79930114746094,20.69211196899414,25.41289520263672,27.244752883911133,0.1
3830,4,158,6,27.833494186401367,27.298564910888672,30.118566513061523,28.2635498046875,0.7923458814620972,27.833494186401367,28.003211975097656,28.286418914794922,0.0
3831,4,154,6,18.724693298339844,18.64727783203125,19.110681533813477,18.84342384338379,0.02535291574895382,18.724693298339844,18.82079315185547,18.931447982788086,0.05
3832,4,152,6,51.799949645996094,49.5554084777832,51.799949645996094,50.52715301513672,0.9130932688713074,49.68431091308594,50.18328094482422,51.48807144165039,0.0
3833,4,140,6,24.39980697631836,22.386058807373047,24.39980697631836,23.352752685546875,0.6036908626556396,22.835769653320312,23.070493698120117,24.091720581054688,0.0
3834,4,132,6,33.40569305419922,26.869644165039062,33.40569305419922,30.298076629638672,5.654259204864502,29.089927673339844,29.572349548339844,32.472564697265625,0.0
3835,4,106,6,39.294212341308594,39.294212341308594,52.84773635864258,42.94447708129883,23.613313674926758,39.53636932373047,40.51872634887695,44.088592529296875,0.0
3836,4,128,6,41.768714904785156,39.993797302246094,41.768714904785156,40.960689544677734,0.4096528887748718,40.60970687866211,40.82426834106445,41.567237854003906,0.0
3837,4,117,6,26.79411506652832,23.933189392089844,27.72287368774414,26.038177490234375,1.7323592901229858,25.076107025146484,26.559532165527344,26.79411506652832,0.0
3838,4,157,6,20.87104606628418,17.270151138305664,20.87104606628418,18.775161743164062,2.2798898220062256,17.624958038330078,18.059051513671875,20.198320388793945,0.0
3839,4,134,6,28.458097457885742,27.230377197265625,28.719636917114258,28.30571174621582,0.24430860579013824,28.388587951660156,28.458097457885742,28.566503524780273,0.0
3840,4,151,6,26.410587310791016,24.21152687072754,26.410587310791016,25.58452606201172,0.714645266532898,24.955333709716797,25.85271644592285,26.355730056762695,0.0
3841,4,115,6,48.60774230957031,45.84028625488281,51.33496856689453,49.25313186645508,3.4236063957214355,48.60774230957031,49.39544677734375,50.75446319580078,0.0
3842,4,145,6,24.583444595336914,17.919734954833984,24.583444595336914,22.081768035888672,6.012307167053223,20.5782527923584,22.550325393676758,24.36199188232422,0.0
3843,4,134,6,30.164634704589844,28.414093017578125,30.71431541442871,29.576467514038086,0.6917645931243896,28.863832473754883,29.719329833984375,30.164634704589844,0.0
3844,4,118,6,34.647605895996094,12.175256729125977,34.647605895996094,27.096588134765625,88.29345703125,19.835140228271484,32.70227813720703,34.28007888793945,0.1
3845,4,154,6,36.81379699707031,31.42401885986328,37.18366241455078,35.58331298828125,3.8251850605010986,35.54768753051758,36.30767059326172,36.81379699707031,0.1
3846,4,144,6,24.99289894104004,23.084693908691406,24.99289894104004,23.97970199584961,0.5699727535247803,23.40216064453125,23.74095916748047,24.707347869873047,0.15
3847,4,155,6,13.700700759887695,12.553619384765625,13.700700759887695,13.184587478637695,0.25363296270370483,12.668353080749512,13.298791885375977,13.672760009765625,0.15
3848,4,140,6,19.452131271362305,0.0,20.916013717651367,15.61528205871582,51.11051559448242,16.46157455444336,18.668054580688477,19.452131271362305,0.2
3849,4,132,6,24.412071228027344,22.57115364074707,24.412071228027344,23.87761116027832,0.3853532373905182,23.906208038330078,23.98221778869629,24.32340431213379,0.0
3850,4,107,6,42.997947692871094,38.6923828125,43.814849853515625,41.24112319946289,4.265176296234131,39.403717041015625,41.30297088623047,42.997947692871094,0.0
3851,4,144,6,14.054300308227539,11.532920837402344,14.054300308227539,12.93724250793457,1.0671337842941284,11.977960586547852,13.19211196899414,13.857099533081055,0.0
3852,4,159,6,28.089149475097656,24.858671188354492,28.089149475097656,26.883468627929688,1.322335124015808,26.279884338378906,27.050539016723633,27.934324264526367,0.05
3853,4,156,6,15.099283218383789,13.672419548034668,15.324243545532227,14.755512237548828,0.3011157810688019,14.583191871643066,14.969832420349121,15.099283218383789,0.0
3854,4,129,6,26.40794563293457,21.56113052368164,28.404541015625,24.99214744567871,6.474745750427246,22.61956024169922,25.962902069091797,26.40794563293457,0.0
3855,4,104,6,50.60152053833008,47.775325775146484,61.60838317871094,52.81058883666992,23.310596466064453,49.74168395996094,50.60152053833008,55.266658782958984,0.0
3856,4,148,6,18.27837562561035,0.0,18.27837562561035,14.225081443786621,41.567325592041016,15.561470031738281,16.785236358642578,17.95737648010254,0.2
3857,4,138,6,40.69371032714844,36.84858322143555,41.372493743896484,39.95157241821289,2.205051898956299,39.81024932861328,40.61231231689453,40.69371032714844,0.0
3858,4,142,6,27.58706283569336,23.189224243164062,27.58706283569336,25.33932113647461,3.1368484497070312,23.763427734375,25.08293342590332,27.098363876342773,0.05
3859,4,158,6,19.292186737060547,0.0,19.555147171020508,15.414839744567871,48.655399322509766,16.83736228942871,18.570871353149414,19.292186737060547,0.25
3860,4,159,6,24.438941955566406,20.88943862915039,24.438941955566406,22.807273864746094,2.145559072494507,21.387603759765625,23.076885223388672,24.171958923339844,0.0
3861,4,140,6,25.681289672851562,9.620901107788086,25.681289672851562,20.973718643188477,34.39979934692383,18.63577651977539,23.909759521484375,25.359556198120117,0.1
3862,4,153,6,15.210750579833984,0.0,15.210750579833984,11.264122009277344,27.456117630004883,11.483474731445312,13.078645706176758,14.718367576599121,0.15
3863,4,151,6,31.017745971679688,28.094036102294922,31.017745971679688,29.940393447875977,1.0650159120559692,29.409709930419922,30.145267486572266,30.842952728271484,0.0
3864,4,155,6,13.682762145996094,0.0,13.682762145996094,9.795753479003906,21.49232292175293,9.858762741088867,10.856481552124023,13.103575706481934,0.2
3865,4,135,6,23.921892166137695,23.51748275756836,25.75308609008789,24.34811782836914,0.6883300542831421,23.798797607421875,23.921892166137695,24.892913818359375,0.2
3866,4,146,6,35.07645034790039,31.88280487060547,35.07645034790039,33.8785514831543,1.9566646814346313,32.574073791503906,34.6301383972168,35.029823303222656,0.0
3867,4,152,6,28.781686782836914,25.356473922729492,29.03963851928711,27.946828842163086,1.7214584350585938,27.504409790039062,28.677547454833984,28.781686782836914,0.05
3868,4,152,6,14.755720138549805,11.378012657165527,14.755720138549805,13.328078269958496,1.889731526374817,12.068378448486328,13.737258911132812,14.570417404174805,0.1
3869,4,133,6,33.2486686706543,30.034576416015625,34.69355010986328,32.826847076416016,2.3753843307495117,32.1059684753418,33.2486686706543,33.82008361816406,0.0
3870,4,150,6,42.03491973876953,37.47524642944336,42.03491973876953,40.77360153198242,2.516494035720825,40.55021286010742,41.34939193725586,41.94898223876953,0.0
3871,4,158,6,41.575782775878906,36.72974395751953,44.87718963623047,39.945960998535156,8.728446960449219,37.40461730957031,39.57122039794922,41.575782775878906,0.0
3872,4,106,6,25.995880126953125,25.438846588134766,26.689254760742188,26.148235321044922,0.1595369130373001,25.995880126953125,26.17108917236328,26.40401268005371,0.0
3873,4,156,6,31.8499698638916,31.791492462158203,34.23915481567383,32.77610778808594,0.9635055661201477,31.8499698638916,32.617984771728516,33.501548767089844,0.1
3874,4,124,6,9.419775009155273,0.0,9.419775009155273,6.096481800079346,9.966931343078613,5.553003311157227,6.167474746704102,8.648858070373535,0.2
3875,4,153,6,9.934454917907715,8.534518241882324,9.934454917907715,9.540207862854004,0.23881040513515472,9.450445175170898,9.737602233886719,9.891157150268555,0.25
3876,4,132,6,23.96441650390625,18.122318267822266,23.96441650390625,21.4887752532959,5.557212829589844,19.385534286499023,21.99983024597168,23.749074935913086,0.0
3877,4,134,6,15.983198165893555,15.182958602905273,16.259279251098633,15.865823745727539,0.10976353287696838,15.860710144042969,15.970622062683105,15.983198165893555,0.05
3878,4,130,6,83.59786224365234,75.34262084960938,83.59786224365234,79.39401245117188,9.910872459411621,77.31007385253906,78.40800476074219,82.34962463378906,0.0
3879,4,119,6,22.339990615844727,0.0,22.339990615844727,16.641162872314453,62.98869323730469,15.722187995910645,20.505245208740234,21.902807235717773,0.25
3880,4,150,6,23.391010284423828,19.87588119506836,23.391010284423828,21.74286651611328,1.6138215065002441,21.114158630371094,21.38372039794922,22.894847869873047,0.2
3881,4,139,6,19.9442195892334,19.9442195892334,22.908018112182617,21.019237518310547,1.081093668937683,20.149032592773438,20.79458999633789,21.503765106201172,0.15
3882,4,130,6,8.996671676635742,8.64426040649414,9.103991508483887,8.921146392822266,0.020637674257159233,8.883323669433594,8.953975677490234,8.996671676635742,0.0
3883,4,149,6,19.83802032470703,18.037439346313477,19.83802032470703,18.941301345825195,0.45490604639053345,18.536399841308594,18.724111557006836,19.568748474121094,0.2
3884,4,115,6,42.53940963745117,0.0,42.53940963745117,28.405881881713867,251.36233520507812,19.07762908935547,35.23801803588867,41.606266021728516,0.1
3885,4,57,6,35.016014099121094,34.61369323730469,35.016014099121094,34.87167739868164,0.02343204990029335,34.77305603027344,34.914886474609375,35.0123291015625,0.0
3886,4,89,6,17.865081787109375,13.6152982711792,17.865081787109375,16.6691951751709,2.075543165206909,16.741512298583984,16.967529296875,17.692047119140625,0.05
3887,4,158,6,13.214826583862305,11.598306655883789,13.838788032531738,13.22946548461914,0.5974701642990112,13.214826583862305,13.483383178710938,13.756564140319824,0.25
3888,4,146,6,30.23615264892578,27.04326629638672,31.244848251342773,29.699054718017578,1.8180888891220093,29.346933364868164,30.23615264892578,30.346576690673828,0.1
3889,4,133,6,28.894840240478516,22.544918060302734,28.894840240478516,26.579286575317383,4.62132453918457,25.967342376708984,26.6544189453125,28.405210494995117,0.1
3890,4,152,6,30.22844123840332,28.866191864013672,30.95401382446289,29.91305923461914,0.49439436197280884,29.37907600402832,30.136091232299805,30.22844123840332,0.0
3891,4,145,6,35.32807159423828,24.673145294189453,35.32807159423828,30.704483032226562,16.467321395874023,27.61822509765625,30.868083953857422,34.682952880859375,0.0
3892,4,130,6,36.683448791503906,33.92512512207031,36.683448791503906,35.797325134277344,1.2201106548309326,35.027137756347656,36.427024841308594,36.67736053466797,0.0
3893,4,151,6,27.313241958618164,22.488494873046875,27.313241958618164,24.513816833496094,4.063273906707764,23.014291763305664,23.562471389770508,26.384111404418945,0.0
3894,4,130,6,6.72193717956543,0.0,7.564865589141846,5.684892177581787,6.722664833068848,6.108641147613525,6.72193717956543,7.077786445617676,0.25
3895,4,145,6,29.534198760986328,29.534198760986328,31.014854431152344,30.234682083129883,0.3091038167476654,29.693822860717773,30.31557846069336,30.634876251220703,0.0
3896,4,151,6,27.59451675415039,12.571483612060547,27.59451675415039,22.125259399414062,41.746368408203125,16.515213012695312,25.71576690673828,27.20818519592285,0.1
3897,4,150,6,37.07019805908203,35.329246520996094,38.113197326660156,37.072792053222656,0.7828441262245178,37.035987854003906,37.07019805908203,37.6395378112793,0.0
3898,4,148,6,23.513809204101562,20.890949249267578,23.513809204101562,22.425535202026367,1.0048232078552246,21.66825294494629,22.54684829711914,23.396238327026367,0.0
3899,4,154,6,21.037248611450195,19.517160415649414,21.079978942871094,20.74550437927246,0.31248730421066284,20.83378028869629,21.035888671875,21.037248611450195,0.0
3900,4,136,6,30.734346389770508,23.523601531982422,30.734346389770508,27.596529006958008,8.71916675567627,24.83773422241211,28.38903045654297,30.264156341552734,0.1
3901,4,153,6,34.839012145996094,29.635711669921875,34.839012145996094,32.55377197265625,4.067324161529541,30.855594635009766,32.841644287109375,34.43869400024414,0.0
3902,4,131,6,38.248050689697266,36.0576171875,38.248050689697266,37.242584228515625,0.8344038128852844,36.40723419189453,37.29686737060547,38.15827178955078,0.0
3903,4,134,6,63.75603485107422,52.95307159423828,63.75603485107422,58.33675003051758,19.3356876373291,54.242454528808594,58.248844146728516,62.49224090576172,0.1
3904,4,127,6,27.113149642944336,24.653608322143555,27.113149642944336,26.556795120239258,0.7506774067878723,26.706798553466797,26.8876953125,27.086013793945312,0.0
3905,4,151,6,34.54363250732422,31.94048309326172,34.54363250732422,33.51959991455078,0.9612771272659302,32.830562591552734,33.69552230834961,34.44902038574219,0.0
3906,4,124,6,88.76520538330078,87.6709213256836,89.33172607421875,88.61531829833984,0.3812108635902405,88.14137268066406,88.76520538330078,89.1103744506836,0.0
3907,4,147,6,41.805694580078125,41.805694580078125,45.06560516357422,43.38340759277344,1.4468086957931519,42.24864196777344,43.75421142578125,44.06899642944336,0.0
3908,4,154,6,17.85375213623047,15.685763359069824,18.692066192626953,17.518619537353516,1.138756513595581,16.872821807861328,17.85375213623047,18.32383918762207,0.0
3909,4,124,6,22.482463836669922,0.0,22.482463836669922,15.8590087890625,57.366546630859375,15.857032775878906,17.318872451782227,21.32778549194336,0.25
3910,4,121,6,30.438182830810547,30.10468101501465,30.438182830810547,30.285602569580078,0.022049181163311005,30.137113571166992,30.308319091796875,30.432632446289062,0.0
3911,4,158,6,36.075321197509766,33.23994445800781,36.075321197509766,34.58842849731445,1.2715556621551514,33.66225814819336,34.327308654785156,35.67190933227539,0.0
3912,4,156,6,29.34185028076172,25.390625,29.34185028076172,28.06946563720703,2.2718241214752197,27.169816970825195,28.841007232666016,29.252410888671875,0.0
3913,4,143,6,34.52861785888672,30.812034606933594,34.52861785888672,32.69007873535156,1.951317548751831,31.780460357666016,32.3265380859375,33.99285888671875,0.2
3914,4,109,6,7.443892955780029,0.0,7.443892955780029,4.496499061584473,6.5362958908081055,3.4977340698242188,4.413759231567383,6.739833354949951,0.25
3915,4,140,6,8.29054069519043,0.0,8.29054069519043,6.14400053024292,8.136861801147461,6.333433151245117,7.026611328125,8.070053100585938,0.25
3916,4,138,6,19.646888732910156,17.260360717773438,19.646888732910156,18.516786575317383,0.7807146310806274,17.93145179748535,18.36152458190918,19.352123260498047,0.05
3917,4,127,6,39.055694580078125,33.56298065185547,39.055694580078125,36.45724868774414,4.128897190093994,35.145263671875,36.12273406982422,38.32561492919922,0.0
3918,4,150,6,23.390625,23.390625,25.045093536376953,24.179798126220703,0.37016069889068604,23.613473892211914,24.322751998901367,24.54607582092285,0.05
3919,4,145,6,30.465084075927734,27.499526977539062,30.91257667541504,29.665433883666992,1.3110140562057495,29.208375930786133,30.011917114257812,30.465084075927734,0.0
3920,4,146,6,24.96695327758789,24.96695327758789,27.291170120239258,25.972307205200195,0.9383724927902222,25.059003829956055,25.716655731201172,26.906129837036133,0.0
3921,4,123,6,28.51598358154297,0.0,28.51598358154297,19.724149703979492,90.8993148803711,20.210535049438477,20.56793975830078,26.593210220336914,0.2
3922,4,158,6,24.693092346191406,23.210678100585938,24.693092346191406,24.36937141418457,0.27703577280044556,24.46123504638672,24.59027099609375,24.68283462524414,0.0
3923,4,154,6,17.818862915039062,16.63046646118164,17.818862915039062,17.292558670043945,0.18954269587993622,16.998397827148438,17.28528594970703,17.695829391479492,0.05
3924,4,152,6,27.772607803344727,27.772607803344727,30.03348159790039,28.575767517089844,0.6724662780761719,27.82636833190918,28.448287963867188,28.961729049682617,0.0
3925,4,128,6,29.068723678588867,24.741756439208984,29.068723678588867,27.891633987426758,2.196911096572876,27.911819458007812,28.296112060546875,28.946563720703125,0.05
3926,4,151,6,10.096662521362305,6.868013381958008,10.226739883422852,8.678080558776855,2.2493157386779785,7.145458698272705,8.988176345825195,10.096662521362305,0.15
3927,4,120,6,29.429447174072266,29.429447174072266,31.23318099975586,30.29508399963379,0.6563999652862549,29.479848861694336,30.242908477783203,31.108144760131836,0.1
3928,4,106,6,37.43851852416992,32.84514617919922,39.839237213134766,36.887943267822266,4.452907085418701,36.47679138183594,37.43851852416992,37.5671501159668,0.0
3929,4,135,6,35.91435623168945,28.19865608215332,36.43450927734375,32.99685287475586,10.314750671386719,30.717376708984375,33.379234313964844,35.91435623168945,0.05
3930,4,144,6,35.1761360168457,33.76976013183594,35.1761360168457,34.702537536621094,0.2740800976753235,34.38949203491211,34.91802978515625,35.14447021484375,0.0
3931,4,141,6,24.61870765686035,0.0,24.975566864013672,19.111492156982422,77.25401306152344,19.924745559692383,22.726585388183594,24.61870765686035,0.2
3932,4,130,6,45.85871887207031,37.149131774902344,45.85871887207031,42.6243782043457,10.182036399841309,40.77852249145508,43.18634033203125,45.58894729614258,0.0
3933,4,152,6,33.92510223388672,28.061080932617188,33.92510223388672,31.12214469909668,4.890702247619629,29.5473690032959,30.720497131347656,33.29214859008789,0.0
3934,4,151,6,16.48484992980957,15.186725616455078,16.517780303955078,16.05011558532715,0.2431950718164444,15.788714408874512,16.17357635498047,16.48484992980957,0.0
3935,4,148,6,46.49374008178711,36.50297546386719,46.49374008178711,41.506874084472656,18.387128829956055,37.416236877441406,41.235286712646484,45.881874084472656,0.0
3936,4,148,6,33.21782302856445,27.310714721679688,33.21782302856445,30.872238159179688,4.476403713226318,29.62891960144043,31.169780731201172,32.7299690246582,0.0
3937,4,126,6,37.88491439819336,33.738739013671875,37.88491439819336,36.5462532043457,2.186521530151367,35.9167594909668,37.11145782470703,37.71218490600586,0.0
3938,4,145,6,26.672264099121094,24.28248405456543,26.672264099121094,25.5210018157959,0.8646054267883301,24.74017906188965,25.477890014648438,26.41037368774414,0.1
3939,4,131,6,20.755468368530273,19.23216438293457,20.958145141601562,20.166505813598633,0.4673768877983093,19.55208396911621,20.298992156982422,20.755468368530273,0.0
3940,4,149,6,63.445960998535156,53.50614929199219,63.445960998535156,57.52916717529297,18.247562408447266,53.99848937988281,55.58262252807617,61.5860595703125,0.0
3941,4,146,6,33.823822021484375,30.581268310546875,36.09037780761719,34.303958892822266,3.6184003353118896,33.823822021484375,34.76393127441406,35.77632522583008,0.05
3942,4,148,6,25.47951316833496,23.660633087158203,28.484333038330078,25.59834861755371,2.1775338649749756,24.85819435119629,25.47951316833496,25.746139526367188,0.1
3943,4,140,6,71.52192687988281,71.52192687988281,74.93942260742188,73.19535064697266,1.6725348234176636,71.93641662597656,73.49024963378906,74.10640716552734,0.0
3944,4,146,6,49.64906311035156,46.675559997558594,49.64906311035156,48.69668960571289,1.0741504430770874,48.33848190307617,49.014808654785156,49.53834915161133,0.0
3945,4,152,6,15.964688301086426,0.0,15.964688301086426,12.718011856079102,32.77607727050781,14.285140037536621,15.17770767211914,15.794690132141113,0.1
3946,4,138,6,30.86574935913086,29.46775245666504,31.40263557434082,30.73817253112793,0.42073339223861694,30.576927185058594,30.86574935913086,31.226306915283203,0.0
3947,4,145,6,22.5877628326416,20.12647819519043,22.5877628326416,21.534128189086914,0.8866395354270935,20.799999237060547,21.6998233795166,22.368070602416992,0.1
3948,4,153,6,39.53108215332031,37.83173751831055,41.367820739746094,39.83940887451172,1.457146167755127,39.50553894042969,39.53108215332031,40.84105682373047,0.0
3949,4,140,6,0.0,0.0,19.557403564453125,12.303789138793945,76.05437469482422,4.3722686767578125,17.889476776123047,18.437252044677734,0.25
3950,4,156,6,24.415584564208984,23.65945053100586,25.195270538330078,24.45261573791504,0.24605105817317963,24.20687484741211,24.415584564208984,24.773269653320312,0.0
3951,4,152,6,31.06907081604004,24.371135711669922,31.06907081604004,27.546796798706055,7.598994731903076,25.01483154296875,27.058441162109375,30.307157516479492,0.15
3952,4,142,6,26.648544311523438,25.05270767211914,26.648544311523438,26.08659553527832,0.29333263635635376,25.933124542236328,26.15378189086914,26.526840209960938,0.0
3953,4,140,6,5.898565292358398,0.0,5.898565292358398,4.805049896240234,4.671987533569336,5.412162780761719,5.888707637786865,5.897930145263672,0.1
3954,4,122,6,14.746793746948242,12.270286560058594,14.92216682434082,14.062369346618652,1.1183220148086548,13.372838020324707,14.746793746948242,14.76668930053711,0.1
3955,4,149,6,16.917926788330078,14.827957153320312,16.917926788330078,16.03125,0.5218895077705383,15.813407897949219,15.862112045288086,16.655696868896484,0.05
3956,4,148,6,26.027000427246094,25.102310180664062,26.96731185913086,26.033018112182617,0.2901173233985901,26.01432228088379,26.027000427246094,26.05504035949707,0.0
3957,4,156,6,14.501941680908203,13.99443244934082,14.501941680908203,14.293240547180176,0.039486363530159,14.145774841308594,14.313961029052734,14.487565994262695,0.1
3958,4,146,6,7.967577934265137,7.0120530128479,8.165542602539062,7.813154220581055,0.13733041286468506,7.874667167663574,7.93375301361084,7.967577934265137,0.05
3959,4,110,6,42.23806381225586,0.0,42.23806381225586,24.665367126464844,211.18276977539062,20.093952178955078,21.84555435180664,37.3760986328125,0.2
3960,4,137,6,21.466663360595703,21.289112091064453,22.88152313232422,22.021854400634766,0.39815887808799744,21.466663360595703,21.94989013671875,22.55381202697754,0.0
3961,4,86,6,23.883682250976562,0.0,23.883682250976562,16.357620239257812,70.20360565185547,13.506017684936523,18.91846466064453,23.27204704284668,0.25
3962,4,138,6,25.45453453063965,24.622373580932617,26.3646297454834,25.58636474609375,0.2804553508758545,25.45453453063965,25.594032287597656,25.84982681274414,0.0
3963,4,109,6,25.439434051513672,0.0,25.439434051513672,16.75439453125,72.0561752319336,16.180843353271484,16.756193161010742,23.378162384033203,0.2
3964,4,142,6,28.197853088378906,25.793460845947266,28.51115608215332,27.615493774414062,0.8054786920547485,27.473495483398438,27.869911193847656,28.197853088378906,0.0
3965,4,118,6,21.42021942138672,19.733173370361328,24.036739349365234,21.37263298034668,1.8422331809997559,20.530635833740234,21.398555755615234,21.42021942138672,0.0
3966,4,137,6,39.891021728515625,36.18345642089844,39.891021728515625,38.420509338378906,1.646984338760376,37.861358642578125,38.43937683105469,39.53569412231445,0.0
3967,4,134,6,29.920631408691406,29.725200653076172,34.16791915893555,30.6241512298584,2.536949872970581,29.816930770874023,29.920631408691406,30.151277542114258,0.2
3968,4,142,6,20.157020568847656,18.007503509521484,20.157020568847656,19.043262481689453,0.8141547441482544,18.17655372619629,18.93861961364746,19.956111907958984,0.0
3969,4,150,6,25.480899810791016,23.85436248779297,26.800800323486328,25.234514236450195,0.9016392230987549,24.59784698486328,25.480899810791016,25.48519515991211,0.1
3970,4,140,6,28.713062286376953,24.74212074279785,28.713062286376953,26.869400024414062,3.218252658843994,25.11211395263672,27.047683715820312,28.661109924316406,0.0
3971,4,148,6,14.126968383789062,0.0,14.126968383789062,11.322015762329102,25.804115295410156,13.14327335357666,13.29045581817627,13.920116424560547,0.25
3972,4,134,6,28.081340789794922,27.325544357299805,29.400075912475586,28.19754409790039,0.39992204308509827,27.918739318847656,28.081340789794922,28.34465217590332,0.0
3973,4,157,6,28.12871551513672,28.12871551513672,28.63510513305664,28.262434005737305,0.030932918190956116,28.13675308227539,28.201866149902344,28.26947021484375,0.0
3974,4,131,6,16.69416046142578,15.016996383666992,16.69416046142578,15.938220977783203,0.35817551612854004,15.632000923156738,15.821473121643066,16.485153198242188,0.0
3975,4,110,6,46.92266082763672,45.42991638183594,47.93993377685547,47.013519287109375,0.6679361462593079,46.92266082763672,46.99302673339844,47.61776351928711,0.0
3976,4,117,6,11.904653549194336,0.0,11.904653549194336,6.673504829406738,17.695877075195312,4.758924961090088,5.766749382019043,10.576605796813965,0.25
3977,4,136,6,48.448219299316406,43.12135314941406,48.448219299316406,46.16849136352539,4.576188564300537,44.23413848876953,46.68015670776367,48.16673278808594,0.0
3978,4,81,6,38.83012771606445,38.83012771606445,39.057342529296875,38.926719665527344,0.007493557874113321,38.842681884765625,38.918739318847656,38.99320602416992,0.0
3979,4,135,6,23.788799285888672,19.299880981445312,23.788799285888672,21.130821228027344,3.693638801574707,19.54141616821289,20.283214569091797,22.947559356689453,0.1
3980,4,147,6,16.455230712890625,15.204937934875488,16.90548324584961,16.214048385620117,0.41724953055381775,15.71588134765625,16.455230712890625,16.709291458129883,0.15
3981,4,145,6,66.4979019165039,63.33024597167969,66.4979019165039,65.52742767333984,1.3062204122543335,65.06730651855469,66.04119110107422,66.39380645751953,0.0
3982,4,121,6,14.98963737487793,14.291659355163574,15.146106719970703,14.743046760559082,0.10863646119832993,14.43044662475586,14.845300674438477,14.98963737487793,0.25
3983,4,143,6,12.701501846313477,9.256892204284668,12.701501846313477,11.028898239135742,2.0918591022491455,9.793098449707031,10.862892150878906,12.505257606506348,0.15
3984,4,149,6,14.923074722290039,13.497093200683594,14.923074722290039,14.077042579650879,0.36981168389320374,13.612371444702148,13.761173248291016,14.65802001953125,0.0
3985,4,148,6,59.55052185058594,52.37030792236328,59.55052185058594,56.07276153564453,7.5142645835876465,54.01357650756836,55.59996032714844,58.773258209228516,0.0
3986,4,147,6,14.54947280883789,3.3589859008789062,15.158234596252441,12.388795852661133,17.314254760742188,12.669435501098633,14.54947280883789,14.642756462097168,0.1
3987,4,158,6,18.423892974853516,0.0,18.423892974853516,14.655926704406738,44.04387664794922,15.938348770141602,17.849349975585938,18.346050262451172,0.1
3988,4,145,6,25.59722137451172,23.001842498779297,25.59722137451172,23.968503952026367,1.3373959064483643,23.107858657836914,23.281553268432617,25.019561767578125,0.0
3989,4,156,6,23.90981101989746,22.281457901000977,24.39811897277832,23.466049194335938,0.5900525450706482,22.858539581298828,23.819190979003906,23.90981101989746,0.1
3990,4,154,6,26.52579116821289,26.042314529418945,28.384258270263672,27.08480453491211,0.7951319813728333,26.52579116821289,26.66705894470215,27.868839263916016,0.0
3991,4,126,6,41.33300018310547,38.46615219116211,43.76143264770508,41.453975677490234,3.5182557106018066,40.42759704589844,41.33300018310547,43.11160659790039,0.0
3992,4,115,6,38.130889892578125,28.647708892822266,38.130889892578125,33.54917526245117,13.259803771972656,30.888078689575195,32.81544876098633,37.18381118774414,0.05
3993,4,129,6,29.62301254272461,0.0,29.62301254272461,19.353229522705078,101.39542388916016,16.7587890625,20.205562591552734,27.907920837402344,0.2
3994,4,142,6,45.328460693359375,40.471282958984375,46.082340240478516,43.71294403076172,4.085412502288818,42.31322479248047,44.15134048461914,45.328460693359375,0.0
3995,4,138,6,26.449636459350586,24.645172119140625,26.95256996154785,25.732358932495117,0.8277254104614258,24.87979507446289,25.767879486083984,26.449636459350586,0.15
3996,4,153,6,48.12947082519531,41.50032043457031,48.12947082519531,44.97425079345703,6.620838642120361,42.91728591918945,44.70100402832031,47.54349136352539,0.0
3997,4,135,6,16.003849029541016,9.956342697143555,16.003849029541016,13.96873950958252,4.383655548095703,13.222118377685547,14.51215934753418,15.6549072265625,0.05
3998,4,132,6,30.07744598388672,25.376718521118164,30.07744598388672,28.062347412109375,2.894134044647217,26.987924575805664,28.022794723510742,29.679222106933594,0.0
3999,4,157,6,17.823108673095703,16.800216674804688,18.30248260498047,17.81814956665039,0.23862728476524353,17.823108673095703,17.896974563598633,18.134565353393555,0.0
4000,4,141,6,16.747074127197266,14.633345603942871,16.747074127197266,15.858367919921875,0.7676393389701843,15.037393569946289,16.104732513427734,16.685213088989258,0.2
4001,4,98,6,38.48029327392578,36.74207305908203,38.48029327392578,37.80610656738281,0.3857019245624542,37.44469451904297,37.895389556884766,38.370628356933594,0.0
4002,4,66,6,39.36787796020508,38.0504150390625,39.36787796020508,38.95962142944336,0.1976328045129776,38.910099029541016,39.0516357421875,39.2928466796875,0.0
4003,4,137,6,27.700531005859375,24.761457443237305,27.700531005859375,26.54973602294922,1.0465143918991089,26.063926696777344,26.593883514404297,27.469511032104492,0.0
4004,4,102,6,18.159194946289062,0.0,18.159194946289062,10.939231872558594,38.03675079345703,9.523228645324707,9.952500343322754,16.131418228149414,0.25
4005,4,118,6,17.367830276489258,14.681621551513672,17.367830276489258,16.608013153076172,0.8377745151519775,16.56787872314453,16.86899185180664,17.262100219726562,0.1
4006,4,156,6,19.22899055480957,15.041641235351562,19.22899055480957,17.08198356628418,3.1911797523498535,15.348158836364746,16.9160099029541,18.90178680419922,0.0
4007,4,141,6,18.886611938476562,14.673336029052734,20.063587188720703,18.541593551635742,3.2943291664123535,18.752437591552734,18.886611938476562,19.74542999267578,0.05
4008,4,118,6,98.45616149902344,89.91206359863281,98.45616149902344,95.91693878173828,8.317855834960938,95.80256652832031,96.49720764160156,98.05029296875,0.0
4009,4,154,6,42.9105110168457,37.90953063964844,42.9105110168457,39.99939727783203,4.408955097198486,38.39551544189453,38.982444763183594,42.004295349121094,0.0
4010,4,153,6,40.9438362121582,28.228466033935547,42.520790100097656,36.858314514160156,26.692371368408203,33.34172058105469,38.514915466308594,40.9438362121582,0.0
4011,4,158,6,29.579153060913086,28.303775787353516,30.244747161865234,29.62586212158203,0.4092158377170563,29.579153060913086,29.783283233642578,30.04254913330078,0.0
4012,4,157,6,34.650238037109375,31.713226318359375,36.635643005371094,33.9765510559082,2.8824052810668945,32.526832580566406,34.45576095581055,34.650238037109375,0.0
4013,4,144,6,18.1331844329834,16.175268173217773,18.1331844329834,17.183258056640625,0.5443167090415955,16.65717315673828,17.04636001586914,17.889785766601562,0.1
4014,4,123,6,53.68674850463867,51.84574508666992,54.22941970825195,53.50041198730469,0.5828065872192383,53.68674850463867,53.706504821777344,53.802223205566406,0.0
4015,4,132,6,24.456632614135742,21.36566162109375,26.40747833251953,24.49085235595703,2.589215040206909,24.361806869506836,24.456632614135742,25.560543060302734,0.0
4016,4,126,6,30.546409606933594,29.20669174194336,30.767332077026367,30.194107055664062,0.29656127095222473,29.896669387817383,30.449880599975586,30.546409606933594,0.0
4017,4,123,6,21.048809051513672,20.02246856689453,21.065231323242188,20.869131088256836,0.14439710974693298,20.989208221435547,21.048809051513672,21.057296752929688,0.2
4018,4,156,6,16.001436233520508,14.575419425964355,16.001436233520508,15.370399475097656,0.3466123640537262,14.881948471069336,15.392782211303711,15.959423065185547,0.15
4019,4,141,6,20.787899017333984,20.787899017333984,23.41193389892578,21.351625442504883,0.8748044371604919,20.794021606445312,20.97940444946289,21.159015655517578,0.0
4020,4,120,6,23.207122802734375,18.61919593811035,23.207122802734375,21.20041847229004,3.7007501125335693,19.60748291015625,21.306964874267578,23.117700576782227,0.0
4021,4,119,6,22.357887268066406,19.31548309326172,22.357887268066406,21.26360511779785,1.09356689453125,20.883926391601562,21.369237899780273,22.178028106689453,0.0
4022,4,154,6,30.638343811035156,26.78262710571289,30.638343811035156,29.049152374267578,2.701305866241455,27.538867950439453,29.490901947021484,30.625690460205078,0.0
4023,4,155,6,23.270830154418945,20.28598403930664,23.270830154418945,21.954235076904297,1.1114379167556763,21.465213775634766,21.737319946289062,22.923912048339844,0.15
4024,4,150,6,18.479698181152344,0.0,18.479698181152344,13.127537727355957,38.95361328125,13.290913581848145,14.282360076904297,17.640872955322266,0.2
4025,4,143,6,52.80086135864258,48.0886344909668,53.83678436279297,51.644073486328125,3.4938673973083496,50.949073791503906,52.20433044433594,52.80086135864258,0.0
4026,4,141,6,14.499910354614258,13.12977409362793,14.499910354614258,13.924519538879395,0.321550577878952,13.438074111938477,14.02043342590332,14.479568481445312,0.15
4027,4,146,6,22.633869171142578,21.388065338134766,22.633869171142578,22.193330764770508,0.17423194646835327,22.129844665527344,22.18958282470703,22.53411102294922,0.0
4028,4,140,6,95.61543273925781,90.7633056640625,96.57768249511719,94.24735260009766,3.763711452484131,93.40885925292969,94.58304595947266,95.61543273925781,0.0
4029,4,157,6,16.31336784362793,14.446640014648438,16.404407501220703,15.810559272766113,0.4639401435852051,15.624471664428711,16.071392059326172,16.31336784362793,0.05
4030,4,141,6,14.755439758300781,13.521339416503906,14.898448944091797,14.500904083251953,0.21340295672416687,14.475540161132812,14.708246231079102,14.755439758300781,0.05
4031,4,147,6,56.28253173828125,52.8466911315918,56.888553619384766,55.22581481933594,1.972206711769104,54.3695182800293,55.56268310546875,56.28253173828125,0.0
4032,4,153,6,30.604976654052734,24.384445190429688,30.604976654052734,28.34037208557129,5.567952632904053,26.745359420776367,29.258502960205078,30.285747528076172,0.1
4033,4,156,6,30.097049713134766,30.097049713134766,32.24148178100586,30.76576805114746,0.5704652667045593,30.15472412109375,30.502368927001953,31.034963607788086,0.0
4034,4,147,6,36.152427673339844,31.764760971069336,36.152427673339844,33.921409606933594,2.8028385639190674,32.818782806396484,33.35985565185547,35.529815673828125,0.0
4035,4,121,6,23.993152618408203,21.290367126464844,23.993152618408203,22.480411529541016,1.3035370111465454,21.481630325317383,22.086467742919922,23.631114959716797,0.2
4036,4,146,6,37.4114990234375,34.265132904052734,37.4114990234375,36.478538513183594,1.1192195415496826,36.50358200073242,36.6481819152832,37.24418640136719,0.0
4037,4,142,6,16.198320388793945,14.080893516540527,16.198320388793945,14.97314167022705,0.795809805393219,14.275300979614258,14.549016952514648,15.84540843963623,0.15
4038,4,159,6,35.975914001464844,31.778457641601562,35.975914001464844,33.79795837402344,2.6449036598205566,32.684242248535156,33.216148376464844,35.3746452331543,0.0
4039,4,134,6,7.198290824890137,0.0,7.348137855529785,5.973555564880371,7.15676736831665,6.958491325378418,7.198290824890137,7.213113784790039,0.25
4040,4,141,6,15.203470230102539,0.0,15.203470230102539,10.56044864654541,26.49689483642578,9.932258605957031,11.73641586303711,14.4507417678833,0.2
4041,4,128,6,9.951553344726562,0.0,9.951553344726562,6.235071182250977,12.086812019348145,4.5868120193481445,6.669071674346924,9.33827018737793,0.25
4042,4,137,6,23.105365753173828,0.0,23.105365753173828,17.049999237060547,66.55479431152344,15.956787109375,20.8128662109375,22.626319885253906,0.2
4043,4,150,6,20.54191017150879,20.257686614990234,21.25475311279297,20.687397003173828,0.09962179511785507,20.54191017150879,20.584884643554688,20.832157135009766,0.0
4044,4,158,6,34.32188034057617,31.201356887817383,34.32188034057617,32.77285385131836,1.349447250366211,32.14369201660156,32.355430603027344,33.83628845214844,0.0
4045,4,114,6,40.39573287963867,38.44145584106445,43.9615478515625,41.1296272277832,2.9645466804504395,40.39573287963867,40.822696685791016,42.06264114379883,0.0
4046,4,144,6,18.346168518066406,0.0,18.346168518066406,13.544745445251465,40.36442947387695,13.4516019821167,15.971624374389648,17.76850128173828,0.2
4047,4,123,6,15.697622299194336,13.786048889160156,16.050077438354492,15.373213768005371,0.5630452036857605,15.342662811279297,15.697622299194336,15.762081146240234,0.0
4048,4,125,6,20.140228271484375,18.033477783203125,24.629150390625,20.52314567565918,5.045404434204102,18.750194549560547,20.140228271484375,21.466764450073242,0.0
4049,4,148,6,21.022388458251953,18.6917781829834,21.022388458251953,20.02257537841797,0.8528518676757812,19.215463638305664,20.23914337158203,20.86135482788086,0.0
4050,4,124,6,40.989540100097656,40.989540100097656,43.437889099121094,42.23857116699219,1.072649598121643,41.18279266357422,42.34685516357422,43.223350524902344,0.0
4051,4,145,6,43.32379913330078,42.08952331542969,43.32379913330078,42.881141662597656,0.25897958874702454,42.45606231689453,43.12799835205078,43.321083068847656,0.0
4052,4,138,6,20.335220336914062,19.844650268554688,20.335220336914062,20.09349822998047,0.03944086283445358,19.912870407104492,20.096416473388672,20.27655029296875,0.0
4053,4,158,6,39.412113189697266,33.519126892089844,39.412113189697266,37.63173294067383,4.242589473724365,37.033233642578125,38.38048553466797,39.23064041137695,0.05
4054,4,87,6,30.437776565551758,30.306861877441406,31.67169189453125,30.750280380249023,0.2093164473772049,30.437776565551758,30.607990264892578,30.84657859802246,0.0
4055,4,147,6,15.75687026977539,14.466999053955078,15.75687026977539,15.100407600402832,0.26063844561576843,14.667905807495117,15.025922775268555,15.590105056762695,0.1
4056,4,138,6,37.618675231933594,34.851165771484375,41.89945602416992,38.32957458496094,4.696807861328125,37.618675231933594,37.882171630859375,39.41926956176758,0.0
4057,4,143,6,25.060516357421875,20.345584869384766,25.060516357421875,23.41486358642578,3.061978340148926,22.333568572998047,24.033645629882812,24.945093154907227,0.1
4058,4,147,6,77.03978729248047,74.92815399169922,77.28103637695312,76.18394470214844,0.9174853563308716,75.32569122314453,76.30537414550781,77.03978729248047,0.0
4059,4,127,6,31.81926727294922,20.69367790222168,31.81926727294922,26.006351470947266,21.25914764404297,21.87531089782715,25.069814682006836,30.698741912841797,0.0
4060,4,138,6,17.257070541381836,15.204622268676758,17.257070541381836,16.330947875976562,0.6913882493972778,15.616599082946777,16.36319351196289,17.1632022857666,0.0
4061,4,139,6,25.645410537719727,24.134191513061523,26.234806060791016,25.293663024902344,0.43302351236343384,25.032136917114258,25.3671875,25.645410537719727,0.0
4062,4,156,6,20.572818756103516,20.572818756103516,22.279884338378906,21.395160675048828,0.4331914782524109,20.740642547607422,21.490234375,21.907821655273438,0.05
4063,4,154,6,14.705997467041016,0.0,14.919524192810059,12.034751892089844,29.324750900268555,13.532310485839844,14.705997467041016,14.728433609008789,0.25
4064,4,126,6,33.85016632080078,31.235294342041016,33.85016632080078,32.94632339477539,0.7707820534706116,32.793052673339844,32.98729705810547,33.66400146484375,0.0
4065,4,151,6,22.477832794189453,20.680343627929688,22.477832794189453,21.714805603027344,0.487117737531662,21.148855209350586,21.80729103088379,22.391845703125,0.0
4066,4,147,6,29.123498916625977,0.0,29.123498916625977,22.420082092285156,107.26451873779297,22.805259704589844,27.38547134399414,28.857011795043945,0.1
4067,4,117,6,32.68720626831055,31.566551208496094,34.231929779052734,32.83527755737305,0.676298975944519,32.50975799560547,32.68720626831055,33.21291732788086,0.0
4068,4,149,6,19.63664436340332,19.63664436340332,21.98586654663086,20.682649612426758,1.077206015586853,19.653772354125977,20.547983169555664,21.653282165527344,0.0
4069,4,150,6,26.030437469482422,23.750442504882812,26.030437469482422,24.87014389038086,0.9319708347320557,24.028207778930664,24.69118309020996,25.860593795776367,0.0
4070,4,134,6,15.01762580871582,0.0,15.882455825805664,12.937362670898438,33.61824035644531,15.01762580871582,15.42490005493164,15.86376667022705,0.25
4071,4,143,6,39.20053482055664,39.20053482055664,42.42464065551758,41.04427719116211,1.786474585533142,39.7567138671875,41.6737060546875,42.04994201660156,0.0
4072,4,147,6,21.42221450805664,18.989463806152344,21.42221450805664,20.334640502929688,0.9368916749954224,19.479339599609375,20.506305694580078,21.21147918701172,0.2
4073,4,119,6,45.057552337646484,43.26966094970703,49.7109375,45.287105560302734,4.375253677368164,44.037376403808594,44.961605072021484,45.057552337646484,0.0
4074,4,118,6,41.09404754638672,41.09404754638672,44.215248107910156,42.19661331176758,1.5797841548919678,41.176326751708984,41.56080627441406,43.16566467285156,0.0
4075,4,151,6,13.06216812133789,9.756901741027832,13.06216812133789,11.543018341064453,1.4857264757156372,10.739311218261719,11.365164756774902,12.72480583190918,0.2
4076,4,145,6,20.120319366455078,0.0,20.120319366455078,15.629995346069336,50.36729431152344,17.06627082824707,18.287506103515625,19.890960693359375,0.2
4077,4,121,6,42.24650955200195,38.86621856689453,42.24650955200195,41.065364837646484,1.5409886837005615,40.35026931762695,41.437835693359375,42.17150115966797,0.0
4078,4,142,6,32.60597610473633,31.71474266052246,34.404052734375,32.7958984375,0.6733906865119934,32.45469665527344,32.60597610473633,32.93178176879883,0.0
4079,4,134,6,35.72570037841797,29.206554412841797,35.72570037841797,32.25904846191406,6.859290599822998,30.233150482177734,31.358692169189453,34.874691009521484,0.0
4080,4,104,6,16.76296615600586,0.0,17.15459442138672,12.889391899108887,35.81584167480469,13.180890083312988,15.192460060119629,16.76296615600586,0.15
4081,4,142,6,24.43035125732422,22.009639739990234,24.43035125732422,23.376327514648438,0.7766025066375732,22.80124282836914,23.381324768066406,24.180908203125,0.0
4082,4,132,6,77.67377471923828,67.56481170654297,77.67377471923828,73.16071319580078,12.682251930236816,71.83587646484375,72.13424682617188,76.32414245605469,0.0
4083,4,144,6,25.857288360595703,23.983524322509766,26.59587860107422,25.577129364013672,0.7293034791946411,25.227924346923828,25.857288360595703,26.077320098876953,0.0
4084,4,127,6,4.643660545349121,3.477564573287964,4.643660545349121,4.2454962730407715,0.1530735045671463,4.189248085021973,4.261124134063721,4.563443183898926,0.2
4085,4,150,6,31.326210021972656,29.09446907043457,31.326210021972656,30.5970401763916,0.7630981206893921,30.035690307617188,31.069368362426758,31.266115188598633,0.0
4086,4,99,6,81.15123748779297,52.233856201171875,81.15123748779297,70.982421875,98.79090118408203,68.058349609375,71.66427612304688,79.65945434570312,0.15
4087,4,133,6,31.635967254638672,27.010883331298828,31.635967254638672,30.07512664794922,2.408658504486084,29.824262619018555,30.230680465698242,31.297985076904297,0.05
4088,4,127,6,12.49505615234375,9.767391204833984,12.49505615234375,11.327534675598145,0.9934840798377991,10.66299057006836,11.33453369140625,12.279546737670898,0.1
4089,4,150,6,29.37763786315918,22.119218826293945,29.37763786315918,26.815067291259766,6.053299427032471,26.117843627929688,27.048370361328125,28.878944396972656,0.05
4090,4,156,6,21.960798263549805,18.803064346313477,21.960798263549805,20.29690933227539,1.6668751239776611,19.137662887573242,20.038681030273438,21.58685302734375,0.15
4091,4,150,6,35.75740432739258,34.18370056152344,36.97169494628906,35.39209747314453,0.9222230911254883,34.544525146484375,35.595970153808594,35.75740432739258,0.0
4092,4,156,6,25.07404327392578,18.939132690429688,25.207351684570312,22.728199005126953,6.496691703796387,20.569236755371094,23.52375030517578,25.07404327392578,0.1
4093,4,131,6,15.126026153564453,12.078704833984375,15.126026153564453,14.12135124206543,1.132528305053711,13.713374137878418,14.426592826843262,15.002564430236816,0.0
4094,4,143,6,44.233734130859375,39.11500549316406,44.233734130859375,42.456111907958984,3.0224571228027344,41.95561599731445,42.70092010498047,43.88441848754883,0.0
4095,4,118,6,62.743553161621094,57.867149353027344,63.894805908203125,61.43791198730469,6.298183917999268,59.18531036376953,62.743553161621094,63.22026824951172,0.0
4096,4,141,6,21.220706939697266,19.834333419799805,22.671207427978516,21.015819549560547,0.7980561852455139,20.42493438720703,21.046390533447266,21.220706939697266,0.0
4097,4,149,6,16.469526290893555,13.92963695526123,16.469526290893555,15.237211227416992,0.8810142278671265,14.69758415222168,14.947077751159668,16.1234188079834,0.0
4098,4,140,6,22.008628845214844,0.0,22.008628845214844,15.503623962402344,54.748844146728516,15.70378589630127,16.752159118652344,20.803890228271484,0.2
4099,4,149,6,40.966796875,35.16777801513672,40.966796875,38.758358001708984,5.223448753356934,36.95878982543945,39.476924896240234,40.87596893310547,0.0
4100,4,125,6,31.571897506713867,29.89794158935547,33.853294372558594,31.8631534576416,2.0738768577575684,30.900299072265625,31.571897506713867,33.09856414794922,0.0
4101,4,155,6,31.37234115600586,26.684940338134766,31.37234115600586,29.161317825317383,3.7957069873809814,27.46013641357422,29.085166931152344,31.13766860961914,0.0
4102,4,140,6,19.21222496032715,13.080289840698242,19.21222496032715,16.526203155517578,4.930117130279541,15.23558235168457,16.244083404541016,18.66885757446289,0.15
4103,4,155,6,29.691347122192383,25.979698181152344,29.691347122192383,27.619544982910156,2.3607771396636963,26.302738189697266,27.120986938476562,29.110939025878906,0.0
4104,4,157,6,21.916156768798828,21.83050537109375,22.75023651123047,22.203975677490234,0.11609573662281036,21.916156768798828,22.12225341796875,22.443920135498047,0.0
4105,4,95,6,7.737950325012207,0.0,7.737950325012207,4.117386817932129,8.274674415588379,2.160531520843506,3.65093994140625,6.91330623626709,0.2
4106,4,145,6,29.24999237060547,24.75165367126465,29.24999237060547,28.13247299194336,2.4122836589813232,28.336627960205078,28.642778396606445,29.11548614501953,0.0
4107,4,133,6,39.21751022338867,36.32664489746094,39.21751022338867,37.90172576904297,1.108594298362732,37.25599670410156,37.732330322265625,38.91131591796875,0.0
4108,4,153,6,20.406002044677734,19.409971237182617,20.406002044677734,20.073230743408203,0.12274864315986633,19.929059982299805,20.165851593017578,20.37264633178711,0.05
4109,4,118,6,16.001373291015625,0.0,16.001373291015625,11.158459663391113,29.08849334716797,10.824589729309082,12.206514358520508,15.18093490600586,0.2
4110,4,157,6,20.174448013305664,20.174448013305664,21.620609283447266,20.901992797851562,0.3351837396621704,20.315290451049805,21.02412986755371,21.37325668334961,0.0
4111,4,141,6,9.23288631439209,9.23288631439209,9.654584884643555,9.39097785949707,0.02709684707224369,9.236234664916992,9.349540710449219,9.508021354675293,0.25
4112,4,156,6,14.663894653320312,0.0,14.663894653320312,11.402734756469727,26.59478759765625,12.77064323425293,13.170808792114258,14.37293529510498,0.15
4113,4,128,6,12.909377098083496,0.0,13.50840950012207,10.938159942626953,24.008134841918945,12.833174705505371,12.909377098083496,13.347861289978027,0.25
4114,4,157,6,32.352699279785156,20.707393646240234,32.352699279785156,28.01909637451172,17.89137077331543,25.512250900268555,28.8865966796875,31.892017364501953,0.0
4115,4,147,6,18.09576416015625,18.09576416015625,20.108787536621094,18.904010772705078,0.5048789978027344,18.240360260009766,18.909778594970703,19.26449966430664,0.0
4116,4,135,6,27.17420768737793,25.541488647460938,27.17420768737793,26.525100708007812,0.3138195872306824,26.33326530456543,26.46664047241211,27.02627182006836,0.05
4117,4,145,6,33.8869514465332,31.469013214111328,33.8869514465332,33.02116394042969,0.7636808156967163,32.53086853027344,33.291053771972656,33.75633239746094,0.0
4118,4,141,6,28.716064453125,28.271873474121094,29.144756317138672,28.80561637878418,0.08259597420692444,28.716064453125,28.819252014160156,29.027488708496094,0.0
4119,4,147,6,16.035064697265625,16.035064697265625,17.007118225097656,16.471881866455078,0.16050322353839874,16.06961441040039,16.462949752807617,16.809268951416016,0.0
4120,4,146,6,9.969009399414062,5.064863204956055,9.969009399414062,8.155202865600586,4.042341232299805,6.493720054626465,9.128849029541016,9.80044174194336,0.1
4121,4,137,6,10.09201431274414,0.0,10.09201431274414,7.89970064163208,12.744072914123535,8.789843559265137,9.240782737731934,9.949016571044922,0.25
4122,4,122,6,16.67038345336914,15.856904029846191,17.530826568603516,16.942258834838867,0.36924731731414795,16.67038345336914,17.051101684570312,17.477880477905273,0.05
4123,4,158,6,20.254959106445312,17.786924362182617,20.880386352539062,19.595361709594727,1.4109872579574585,18.647579193115234,20.254959106445312,20.276103973388672,0.1
4124,4,148,6,31.248403549194336,28.878480911254883,31.75840187072754,30.508460998535156,0.9980655908584595,29.865436553955078,30.696571350097656,31.248403549194336,0.0
4125,4,150,6,15.719185829162598,13.729917526245117,15.719185829162598,14.829023361206055,0.6169102787971497,14.21387004852295,14.814013481140137,15.615894317626953,0.05
4126,4,114,6,5.660038948059082,5.06955099105835,5.660038948059082,5.349138259887695,0.05192858353257179,5.217870712280273,5.246577262878418,5.559482574462891,0.2
4127,4,151,6,38.2781867980957,35.63646697998047,38.2781867980957,36.95555877685547,1.0564459562301636,36.20222473144531,36.67890930175781,37.982887268066406,0.0
4128,4,140,6,15.05329704284668,0.0,15.05329704284668,9.7908296585083,25.31039810180664,9.19262981414795,9.787574768066406,13.788556098937988,0.2
4129,4,116,6,45.317718505859375,35.34388732910156,45.317718505859375,41.12889099121094,14.547211647033691,38.15029525756836,41.91862487792969,44.51488494873047,0.0
4130,4,129,6,38.82621765136719,36.24021911621094,38.82621765136719,37.94326400756836,1.0289862155914307,37.24095916748047,38.455535888671875,38.74836349487305,0.0
4131,4,155,6,55.84824752807617,47.569061279296875,55.84824752807617,52.86384963989258,13.896060943603516,49.43365478515625,55.12464141845703,55.76604080200195,0.0
4132,4,128,6,34.246498107910156,27.85493278503418,34.246498107910156,31.32162094116211,5.313689231872559,30.08842658996582,30.78079605102539,33.50200271606445,0.05
4133,4,107,6,7.801870346069336,0.0,11.534793853759766,7.99806547164917,14.859467506408691,7.801870346069336,8.792661666870117,10.745667457580566,0.25
4134,4,156,6,33.48257827758789,27.03411293029785,33.48257827758789,30.371782302856445,5.67319393157959,28.945877075195312,29.71819305419922,32.62143325805664,0.05
4135,4,118,6,28.723859786987305,26.92816925048828,28.723859786987305,28.321046829223633,0.4089793562889099,28.36971092224121,28.623348236083984,28.712627410888672,0.0
4136,4,149,6,28.60976791381836,27.63642692565918,30.168506622314453,28.894771575927734,0.6922920942306519,28.60976791381836,28.609928131103516,29.453075408935547,0.0
4137,4,139,6,20.91131019592285,9.402570724487305,21.790645599365234,17.839599609375,24.626007080078125,14.60193920135498,20.91131019592285,21.370037078857422,0.1
4138,4,120,6,36.82847213745117,0.0,36.82847213745117,24.328914642333984,159.6514129638672,20.1606388092041,26.900432586669922,34.79768753051758,0.1
4139,4,154,6,18.845935821533203,15.652402877807617,18.845935821533203,16.979827880859375,1.8177969455718994,15.962820053100586,16.291292190551758,18.281360626220703,0.05
4140,4,130,6,38.898834228515625,37.355194091796875,38.994285583496094,38.65655517578125,0.3400765359401703,38.88267517089844,38.898834228515625,38.91087341308594,0.0
4141,4,146,6,15.259047508239746,14.256101608276367,15.259047508239746,14.773969650268555,0.14709170162677765,14.487747192382812,14.704927444458008,15.153826713562012,0.0
4142,4,142,6,17.363567352294922,15.797240257263184,17.363567352294922,16.598161697387695,0.3775576651096344,16.139307022094727,16.463462829589844,17.218353271484375,0.0
4143,4,153,6,22.777841567993164,21.414291381835938,22.777841567993164,22.312599182128906,0.20943519473075867,22.23297691345215,22.352628707885742,22.676992416381836,0.0
4144,4,151,6,28.518917083740234,28.006803512573242,29.344745635986328,28.604286193847656,0.265708863735199,28.157960891723633,28.518917083740234,29.02875328063965,0.0
4145,4,107,6,28.59553337097168,0.0,28.59553337097168,21.12841033935547,99.31754302978516,20.482723236083984,25.121768951416016,28.026708602905273,0.15
4146,4,112,6,14.398111343383789,12.452651023864746,14.398111343383789,13.505715370178223,0.4897511899471283,13.132898330688477,13.358834266662598,14.145914077758789,0.0
4147,4,125,6,63.00843048095703,59.694881439208984,65.98037719726562,62.67621612548828,3.798983097076416,61.58827209472656,63.00843048095703,63.1898307800293,0.0
4148,4,137,6,18.6859073638916,18.369178771972656,19.486682891845703,19.01042938232422,0.19711008667945862,18.6859073638916,19.033369064331055,19.435758590698242,0.0
4149,4,141,6,32.91070556640625,29.433515548706055,35.499839782714844,32.88637924194336,4.082278251647949,31.953493118286133,32.91070556640625,34.42449188232422,0.0
4150,4,126,6,29.77796745300293,19.070640563964844,29.77796745300293,25.178592681884766,22.844541549682617,20.276803970336914,26.687015533447266,29.703388214111328,0.0
4151,4,151,6,16.897117614746094,15.351234436035156,17.54682731628418,16.384944915771484,0.6016985774040222,15.789739608764648,16.37184715270996,16.897117614746094,0.0
4152,4,155,6,22.160377502441406,22.160377502441406,24.90692138671875,23.650466918945312,1.2838917970657349,22.53207015991211,23.9254093170166,24.669145584106445,0.05
4153,4,159,6,76.62049865722656,64.00288391113281,76.62049865722656,70.25593566894531,24.96758270263672,66.18563079833984,69.224365234375,75.27418518066406,0.0
4154,4,128,6,43.57599639892578,35.578758239746094,43.57599639892578,40.84214782714844,7.467727184295654,40.004783630371094,41.278709411621094,43.14010238647461,0.05
4155,4,147,6,14.706640243530273,14.706640243530273,15.465957641601562,15.03265380859375,0.09602933377027512,14.726157188415527,14.99915885925293,15.292179107666016,0.2
4156,4,153,6,36.075927734375,33.79450988769531,37.03599166870117,35.956626892089844,1.0377576351165771,36.075927734375,36.21150207519531,36.3945198059082,0.0
4157,4,113,6,35.64179229736328,26.150123596191406,36.6967887878418,32.554710388183594,14.226285934448242,30.35611343383789,33.36310577392578,35.64179229736328,0.0
4158,4,136,6,7.774033069610596,0.0,7.774033069610596,6.186676979064941,7.79787540435791,6.876433849334717,7.370722770690918,7.762364864349365,0.25
4159,4,135,6,17.734413146972656,0.0,17.734413146972656,14.069025039672852,40.1108283996582,15.913939476013184,16.546409606933594,17.549453735351562,0.25
4160,4,151,6,45.65137481689453,43.63060760498047,45.84764099121094,45.053924560546875,0.5891959071159363,44.744632720947266,45.23796081542969,45.65137481689453,0.0
4161,4,142,6,11.370563507080078,0.0,11.370563507080078,8.445009231567383,15.161136627197266,9.063142776489258,9.447964668273926,10.963510513305664,0.2
4162,4,138,6,28.79779624938965,26.3253116607666,28.79779624938965,27.597387313842773,0.9338382482528687,26.82511329650879,27.453929901123047,28.56686782836914,0.0
4163,4,140,6,23.22663116455078,21.13054084777832,23.36450958251953,22.389856338500977,0.8167864084243774,21.695240020751953,22.461191177368164,23.22663116455078,0.0
4164,4,138,6,25.818927764892578,20.53170394897461,25.818927764892578,23.9101619720459,3.2661356925964355,23.290443420410156,24.13560676574707,25.40670394897461,0.05
4165,4,140,6,41.68804168701172,35.53143310546875,41.68804168701172,38.58262252807617,5.532302379608154,37.04411315917969,37.78525924682617,40.87782287597656,0.05
4166,4,153,6,63.31509017944336,61.24000930786133,64.29209899902344,62.94740295410156,0.8440664410591125,62.74900817871094,63.05012512207031,63.31509017944336,0.0
4167,4,110,6,46.70167922973633,44.803096771240234,46.701969146728516,45.82883071899414,0.772178053855896,44.97543716430664,45.92382049560547,46.70167922973633,0.0
4168,4,94,6,22.34900665283203,0.0,22.34900665283203,13.18963623046875,59.16083908081055,10.509145736694336,12.02636432647705,20.05609893798828,0.2
4169,4,131,6,24.240673065185547,20.922321319580078,24.240673065185547,22.657886505126953,2.441706895828247,21.14854621887207,22.716636657714844,24.223066329956055,0.0
4170,4,148,6,30.28297996520996,27.95030975341797,30.28297996520996,29.059682846069336,0.8118496537208557,28.49374771118164,28.70561408996582,29.89424705505371,0.0
4171,4,140,6,14.79025650024414,0.0,15.86924934387207,11.54319953918457,29.162328720092773,11.448420524597168,13.80378532409668,14.79025650024414,0.25
4172,4,114,6,20.61087417602539,19.548751831054688,20.61087417602539,20.290958404541016,0.13214516639709473,20.232351303100586,20.382522583007812,20.574716567993164,0.0
4173,4,154,6,19.509790420532227,16.553173065185547,19.509790420532227,18.08279037475586,1.215972900390625,17.357986450195312,17.864215850830078,19.103130340576172,0.1
4174,4,118,6,38.38706970214844,19.112037658691406,41.737030029296875,32.16718673706055,78.50659942626953,24.306987762451172,36.421478271484375,38.38706970214844,0.05
4175,4,132,6,57.778404235839844,55.72099304199219,59.63981628417969,57.372188568115234,1.5427258014678955,56.58982467651367,57.286006927490234,57.778404235839844,0.0
4176,4,151,6,25.835391998291016,23.167625427246094,25.835391998291016,24.710845947265625,0.9686539769172668,24.021554946899414,24.822368621826172,25.60262107849121,0.1
4177,4,115,6,35.81977081298828,35.24779510498047,39.39875030517578,37.166900634765625,2.812938690185547,35.81977081298828,36.621253967285156,38.82512664794922,0.0
4178,4,131,6,5.559313774108887,0.0,5.656726837158203,4.4744977951049805,4.070525169372559,4.985133647918701,5.3482465744018555,5.559313774108887,0.25
4179,4,136,6,62.129478454589844,49.807430267333984,62.129478454589844,55.639827728271484,23.13857650756836,52.271121978759766,53.89922332763672,60.256202697753906,0.0
4180,4,156,6,21.87400245666504,19.84269142150879,21.946990966796875,21.30321502685547,0.5429872274398804,21.11343002319336,21.534767150878906,21.87400245666504,0.0
4181,4,135,6,36.668190002441406,28.43561553955078,36.668190002441406,33.575828552246094,8.551873207092285,32.04039764404297,33.97502899169922,36.24794387817383,0.0
4182,4,153,6,30.322830200195312,22.234989166259766,30.322830200195312,28.18739128112793,8.221748352050781,27.728256225585938,29.545921325683594,30.150718688964844,0.05
4183,4,60,6,44.264198303222656,43.12233352661133,55.14449691772461,47.424537658691406,18.643308639526367,44.264198303222656,45.47669982910156,49.96939468383789,0.0
4184,4,105,6,58.52519226074219,47.81620407104492,58.52519226074219,53.295814514160156,17.91237449645996,49.63020324707031,53.18036651611328,57.26454162597656,0.05
4185,4,137,6,19.959272384643555,18.827171325683594,21.38075065612793,20.36025047302246,0.7983307838439941,19.959272384643555,20.32535171508789,21.180561065673828,0.15
4186,4,129,6,31.528446197509766,26.58880615234375,33.59919738769531,30.944387435913086,6.066388130187988,29.65082550048828,31.528446197509766,32.92947006225586,0.05
4187,4,109,6,38.67205810546875,35.05591583251953,42.393436431884766,39.583518981933594,6.087320804595947,38.67205810546875,39.85498046875,41.51178741455078,0.0
4188,4,127,6,15.386829376220703,14.311319351196289,15.386829376220703,14.816570281982422,0.20982709527015686,14.384997367858887,14.731032371520996,15.28492546081543,0.0
4189,4,156,6,21.923751831054688,15.711376190185547,21.923751831054688,19.561002731323242,4.838467597961426,18.517419815063477,19.68247413635254,21.598270416259766,0.15
4190,4,124,6,28.456417083740234,24.753555297851562,28.456417083740234,26.92067527770996,1.741916537284851,26.15382194519043,26.93144989013672,28.150287628173828,0.15
4191,4,124,6,38.323219299316406,33.390419006347656,38.323219299316406,35.79604721069336,3.826444387435913,34.15871810913086,35.496028900146484,37.64223861694336,0.0
4192,4,145,6,16.76495361328125,14.814529418945312,16.76495361328125,15.930022239685059,0.591500461101532,15.271398544311523,16.057552337646484,16.67153549194336,0.1
4193,4,138,6,18.21184730529785,17.517562866210938,18.21184730529785,17.980998992919922,0.08922227472066879,17.737071990966797,18.168907165527344,18.21146011352539,0.0
4194,4,155,6,36.731895446777344,36.40207290649414,38.83280563354492,37.3966178894043,0.7263384461402893,36.731895446777344,37.22654724121094,37.900177001953125,0.0
4195,4,154,6,27.818370819091797,25.939369201660156,28.691986083984375,27.372615814208984,0.7666497230529785,26.869117736816406,27.515766143798828,27.818370819091797,0.05
4196,4,93,6,42.678924560546875,29.49449920654297,45.170249938964844,38.000770568847656,39.26492691040039,31.872493743896484,40.4534797668457,42.678924560546875,0.1
4197,4,124,6,38.096275329589844,30.65027618408203,39.448219299316406,35.219783782958984,12.01952838897705,31.993696212768555,35.82517623901367,38.096275329589844,0.0
4198,4,146,6,0.0,0.0,12.49648666381836,7.930974960327148,31.608657836914062,2.8058505058288574,11.448221206665039,12.062952041625977,0.25
4199,4,61,6,43.816246032714844,39.70928192138672,43.816246032714844,42.61726379394531,2.057082414627075,42.27317810058594,43.17249298095703,43.6878662109375,0.0
4200,4,128,6,29.764556884765625,17.36126708984375,29.764556884765625,24.34630584716797,28.628400802612305,19.701045989990234,24.857301712036133,29.65566635131836,0.15
4201,4,97,6,22.379621505737305,22.19797706604004,22.56643295288086,22.421064376831055,0.014545585960149765,22.379621505737305,22.438220977783203,22.503639221191406,0.05
4202,4,136,6,35.14892578125,31.7691650390625,35.403282165527344,34.25809860229492,2.078219175338745,33.356117248535156,35.14892578125,35.277069091796875,0.0
4203,4,131,6,15.299894332885742,14.411516189575195,15.299894332885742,14.95359992980957,0.09999500960111618,14.79694938659668,14.960660934448242,15.250029563903809,0.0
4204,4,158,6,18.64151954650879,18.214317321777344,20.33939552307129,19.06369400024414,0.6603288650512695,18.54144859313965,18.64151954650879,19.68837547302246,0.0
4205,4,103,6,62.819366455078125,54.67689514160156,62.819366455078125,59.55992889404297,9.864995002746582,57.072540283203125,60.47184753417969,62.353092193603516,0.0
4206,4,124,6,31.68038558959961,22.01357650756836,32.537960052490234,30.05246353149414,13.249737739562988,30.859474182128906,31.68038558959961,31.782567977905273,0.05
4207,4,145,6,37.981346130371094,32.974143981933594,37.981346130371094,36.70195388793945,2.9863686561584473,36.838722229003906,37.23614501953125,37.8673095703125,0.0
4208,4,153,6,18.863344192504883,17.762950897216797,18.863344192504883,18.302688598632812,0.19982236623764038,17.915834426879883,18.2204647064209,18.75607681274414,0.0
4209,4,151,6,10.059993743896484,9.547005653381348,10.212701797485352,9.938961029052734,0.052359480410814285,9.799073219299316,10.046479225158691,10.059993743896484,0.25
4210,4,152,6,19.759689331054688,12.841094970703125,19.759689331054688,16.62767791748047,7.19935941696167,14.420877456665039,16.680191040039062,19.27289581298828,0.15
4211,4,144,6,19.843107223510742,0.0,20.17767333984375,15.449638366699219,50.2708625793457,16.303531646728516,18.24347686767578,19.843107223510742,0.25
4212,4,113,6,30.548742294311523,29.044265747070312,30.684490203857422,30.272159576416016,0.32845425605773926,30.26740074157715,30.548742294311523,30.61201286315918,0.0
4213,4,128,6,13.681755065917969,13.681755065917969,17.067363739013672,15.541241645812988,2.167996644973755,14.029694557189941,15.946449279785156,16.89760398864746,0.05
4214,4,158,6,21.628833770751953,21.628833770751953,24.924510955810547,23.3065185546875,1.7540262937545776,21.96666717529297,23.587669372558594,24.409984588623047,0.05
4215,4,152,6,29.06366729736328,25.24432373046875,29.06366729736328,27.06132698059082,2.4380369186401367,25.648914337158203,26.775287628173828,28.62077522277832,0.0
4216,4,122,6,23.374818801879883,23.374818801879883,25.198131561279297,24.285907745361328,0.5912681818008423,23.50204849243164,24.34890365600586,25.00592041015625,0.0
4217,4,143,6,24.66097640991211,22.8349666595459,24.66097640991211,23.671201705932617,0.5672717690467834,22.9901065826416,23.500688552856445,24.407651901245117,0.0
4218,4,156,6,29.765499114990234,28.290904998779297,29.765499114990234,29.13722038269043,0.26058945059776306,28.978771209716797,29.014610290527344,29.581806182861328,0.0
4219,4,141,6,23.71279525756836,20.00328826904297,25.03470230102539,22.527070999145508,3.04215407371521,21.314735412597656,22.565793991088867,23.71279525756836,0.1
4220,4,150,6,51.902427673339844,50.68027114868164,54.884674072265625,52.132598876953125,2.0196163654327393,51.014739990234375,51.902427673339844,52.50581359863281,0.0
4221,4,149,6,21.583316802978516,17.32696533203125,21.583316802978516,19.571025848388672,2.8128724098205566,18.13308334350586,19.515052795410156,21.238767623901367,0.1
4222,4,151,6,20.25167465209961,18.394729614257812,20.6314697265625,19.862552642822266,0.5304924249649048,19.69480323791504,20.165359497070312,20.25167465209961,0.0
4223,4,130,6,41.981903076171875,41.702301025390625,44.97759246826172,42.81915283203125,1.2514148950576782,41.981903076171875,42.557437896728516,43.13691711425781,0.0
4224,4,136,6,35.75193405151367,32.59483337402344,35.75193405151367,34.43016052246094,1.367954134941101,33.59988784790039,34.59090805053711,35.48484420776367,0.0
4225,4,136,6,20.93680763244629,19.945953369140625,21.02764320373535,20.59806251525879,0.17813478410243988,20.245067596435547,20.77920913696289,20.93680763244629,0.0
4226,4,125,6,26.47878074645996,25.577665328979492,26.47878074645996,26.193954467773438,0.13774394989013672,25.930322647094727,26.42605209350586,26.474088668823242,0.0
4227,4,131,6,33.25252914428711,33.18431091308594,36.80147933959961,33.998878479003906,1.63510262966156,33.25252914428711,33.418373107910156,33.83470916748047,0.0
4228,4,149,6,26.408485412597656,25.82351303100586,26.408485412597656,26.21445083618164,0.06754642724990845,25.996809005737305,26.386964797973633,26.407255172729492,0.0
4229,4,145,6,20.241304397583008,18.58354377746582,21.11815071105957,19.866683959960938,0.6346045732498169,19.423582077026367,19.958919525146484,20.241304397583008,0.1
4230,4,122,6,42.46430206298828,38.96460723876953,42.46430206298828,41.07728958129883,1.6956167221069336,40.25678253173828,41.192649841308594,42.326690673828125,0.0
4231,4,121,6,66.48838806152344,62.75059127807617,68.25221252441406,65.85293579101562,2.8182034492492676,65.30460357666016,66.29312133789062,66.48838806152344,0.0
4232,4,159,6,26.692501068115234,22.829557418823242,27.137611389160156,25.573993682861328,2.3179426193237305,24.7159481048584,26.19915008544922,26.692501068115234,0.05
4233,4,111,6,45.74170684814453,41.06840133666992,45.74170684814453,43.861297607421875,3.7910096645355225,42.098323822021484,44.65699768066406,45.512943267822266,0.0
4234,4,139,6,15.73189926147461,11.2215576171875,15.73189926147461,14.192026138305664,2.8750240802764893,13.129608154296875,14.92404556274414,15.595370292663574,0.0
4235,4,139,6,27.385196685791016,24.984758377075195,27.938060760498047,26.921310424804688,0.8997235298156738,26.765701293945312,27.302881240844727,27.385196685791016,0.0
4236,4,157,6,17.772762298583984,13.498886108398438,17.772762298583984,15.456321716308594,3.0407509803771973,13.954418182373047,14.98185920715332,17.163436889648438,0.1
4237,4,142,6,60.58230972290039,55.37505340576172,61.57060623168945,58.319374084472656,6.872854709625244,55.80430603027344,58.34131622314453,60.58230972290039,0.0
4238,4,123,6,28.70401382446289,14.089082717895508,28.70401382446289,25.316608428955078,25.952394485473633,26.633020401000977,26.91398811340332,28.282909393310547,0.05
4239,4,150,6,17.919729232788086,15.583756446838379,17.919729232788086,17.023679733276367,0.6525737047195435,16.68675994873047,17.04007339477539,17.752113342285156,0.15
4240,4,128,6,24.916744232177734,0.0,24.97515106201172,19.73664093017578,80.28669738769531,21.24489974975586,23.921875,24.916744232177734,0.25
4241,4,149,6,21.149215698242188,20.46199607849121,21.990989685058594,21.370254516601562,0.2634119689464569,21.149215698242188,21.41396713256836,21.763227462768555,0.0
4242,4,143,6,19.981624603271484,0.0,19.981624603271484,15.927957534790039,51.247501373291016,18.16203498840332,18.83298110961914,19.69457244873047,0.25
4243,4,134,6,18.57656478881836,13.635747909545898,18.87018585205078,17.33080291748047,3.607318639755249,16.608291625976562,18.42430877685547,18.57656478881836,0.0
4244,4,92,6,68.86355590820312,65.74432373046875,77.26095581054688,71.01223754882812,14.593816757202148,68.86355590820312,69.89868927001953,73.53884887695312,0.0
4245,4,148,6,22.751754760742188,18.80130386352539,22.751754760742188,20.433687210083008,2.9321722984313965,18.985626220703125,19.658092498779297,22.143077850341797,0.0
4246,4,128,6,23.645084381103516,23.57020378112793,24.377155303955078,23.831130981445312,0.07813446968793869,23.645084381103516,23.699058532714844,23.935426712036133,0.0
4247,4,137,6,21.10675048828125,0.0,21.647090911865234,17.287832260131836,60.319210052490234,19.601768493652344,20.85140609741211,21.10675048828125,0.25
4248,4,139,6,0.0,0.0,10.758800506591797,6.710749626159668,22.70860481262207,2.3185057640075684,9.626951217651367,10.183816909790039,0.25
4249,4,151,6,22.792682647705078,18.39105224609375,22.792682647705078,21.328426361083984,2.286466598510742,20.864948272705078,21.63275718688965,22.59241485595703,0.0
4250,4,126,6,20.33944320678711,0.0,20.33944320678711,14.97082805633545,52.78971862792969,13.593046188354492,18.577926635742188,19.94317054748535,0.25
4251,4,156,6,17.856807708740234,15.0443754196167,18.38935089111328,17.148590087890625,1.4508088827133179,16.42746353149414,17.80908966064453,17.856807708740234,0.1
4252,4,145,6,22.01974868774414,17.99042510986328,22.01974868774414,20.244123458862305,2.897998809814453,18.670494079589844,20.49457359313965,21.925861358642578,0.15
4253,4,140,6,31.625011444091797,31.257226943969727,33.48746109008789,32.197723388671875,0.7068952918052673,31.625011444091797,31.810314178466797,32.89590835571289,0.0
4254,4,137,6,15.145434379577637,13.96856689453125,15.145434379577637,14.6589994430542,0.16719254851341248,14.481151580810547,14.63146686553955,15.017377853393555,0.0
4255,4,149,6,11.695470809936523,10.300719261169434,11.695470809936523,11.237493515014648,0.2587841749191284,10.971603393554688,11.441691398620605,11.658285140991211,0.05
4256,4,155,6,17.336097717285156,16.790674209594727,17.336097717285156,17.13849639892578,0.04971781745553017,16.953327178955078,17.242172241210938,17.332653045654297,0.1
4257,4,153,6,36.306365966796875,32.56745910644531,36.306365966796875,34.197078704833984,2.385652780532837,32.942955017089844,33.61832046508789,35.67021179199219,0.0
4258,4,139,6,17.55105972290039,0.0,18.15398406982422,14.681775093078613,43.29289245605469,17.002246856689453,17.55105972290039,17.899192810058594,0.25
4259,4,122,6,79.74665832519531,74.01353454589844,79.74665832519531,76.85982513427734,4.724057197570801,75.43326568603516,76.18610382080078,78.9297103881836,0.0
4260,4,118,6,23.82166290283203,0.0,27.188215255737305,20.846763610839844,88.19081115722656,23.82166290283203,24.398239135742188,25.19937515258789,0.25
4261,4,134,6,38.0532112121582,32.99546432495117,38.0532112121582,35.228240966796875,4.247182369232178,33.65577697753906,34.39567184448242,37.18913650512695,0.0
4262,4,133,6,18.630096435546875,0.0,20.910266876220703,15.229934692382812,48.57272720336914,16.405258178710938,17.816652297973633,18.630096435546875,0.2
4263,4,156,6,54.74529266357422,54.74529266357422,57.8265495300293,56.13420867919922,1.6912723779678345,54.836204528808594,56.01389694213867,57.324954986572266,0.0
4264,4,121,6,61.92792892456055,59.21415710449219,66.40708923339844,61.53247833251953,5.8580427169799805,59.74863815307617,61.003662109375,61.92792892456055,0.0
4265,4,122,6,68.04275512695312,68.04275512695312,72.15052795410156,69.60011291503906,2.2825536727905273,68.26622009277344,69.19682312011719,70.59249877929688,0.0
4266,4,136,6,18.030141830444336,13.694661140441895,18.030141830444336,16.5269775390625,2.134638786315918,16.23884391784668,16.59671974182129,17.742231369018555,0.05
4267,4,146,6,18.717899322509766,17.736377716064453,20.406455993652344,18.823366165161133,0.6322446465492249,18.580289840698242,18.717899322509766,18.799835205078125,0.0
4268,4,134,6,20.701194763183594,9.701848030090332,20.701194763183594,16.684484481811523,14.592323303222656,15.011229515075684,17.225818634033203,20.040849685668945,0.15
4269,4,112,6,23.052047729492188,23.052047729492188,28.624929428100586,26.254552841186523,5.288281440734863,24.133216857910156,27.432830810546875,27.82170867919922,0.05
4270,4,127,6,21.439714431762695,0.0,21.439714431762695,16.22597312927246,55.3390007019043,17.21700096130371,18.8809814453125,20.839109420776367,0.2
4271,4,154,6,20.017215728759766,19.301698684692383,20.423429489135742,19.797428131103516,0.14950694143772125,19.505062103271484,19.772308349609375,20.017215728759766,0.05
4272,4,152,6,22.574989318847656,16.85356903076172,22.574989318847656,19.769134521484375,4.948781967163086,17.958566665649414,19.466217041015625,21.964908599853516,0.1
4273,4,107,6,21.525358200073242,20.868553161621094,21.525358200073242,21.163021087646484,0.07038666307926178,20.963228225708008,21.062694549560547,21.41223907470703,0.0
4274,4,148,6,12.247714042663574,0.0,12.247714042663574,8.742568969726562,17.42904281616211,8.538702964782715,9.785810470581055,11.831258773803711,0.2
4275,4,150,6,33.982513427734375,27.470537185668945,33.982513427734375,31.318092346191406,6.161188125610352,29.373167037963867,31.845279693603516,33.62318420410156,0.0
4276,4,123,6,37.46649169921875,35.493797302246094,42.17906951904297,37.92845916748047,4.972989082336426,36.29047393798828,37.46649169921875,38.66644287109375,0.0
4277,4,122,6,28.421175003051758,24.445842742919922,28.421175003051758,27.157085418701172,1.9677799940109253,26.642921447753906,27.583724975585938,28.329971313476562,0.0
4278,4,136,6,37.8568115234375,29.066877365112305,37.8568115234375,34.62594985961914,11.915251731872559,31.943933486938477,36.02846908569336,37.651611328125,0.0
4279,4,142,6,18.239835739135742,16.167497634887695,18.239835739135742,17.719457626342773,0.5245669484138489,17.716461181640625,18.024925231933594,18.190671920776367,0.0
4280,4,154,6,34.085086822509766,29.60711669921875,34.727394104003906,32.340980529785156,4.04617977142334,30.66332244873047,32.53511047363281,34.085086822509766,0.0
4281,4,144,6,28.602895736694336,26.267990112304688,28.602895736694336,27.22158432006836,0.9908486008644104,26.426382064819336,26.74958610534668,28.167997360229492,0.0
4282,4,101,6,20.21198272705078,19.715585708618164,20.35248374938965,20.1253604888916,0.039132535457611084,20.124542236328125,20.176544189453125,20.21198272705078,0.2
4283,4,125,6,42.45783996582031,41.13440704345703,44.672950744628906,43.03239440917969,1.5628087520599365,42.45783996582031,42.673423767089844,44.15899658203125,0.0
4284,4,150,6,23.562116622924805,19.961938858032227,23.562116622924805,21.693294525146484,1.8945401906967163,20.91448211669922,21.108156204223633,22.954151153564453,0.2
4285,4,147,6,18.460895538330078,17.94729232788086,18.460895538330078,18.268386840820312,0.032781001180410385,18.174467086791992,18.29962158203125,18.42751121520996,0.0
4286,4,145,6,23.278867721557617,20.44919204711914,23.278867721557617,22.309188842773438,0.9239034056663513,22.05205726623535,22.429210662841797,23.11403465270996,0.05
4287,4,77,6,39.49174499511719,0.0,39.49174499511719,30.901779174804688,205.0586700439453,31.259113311767578,38.759315490722656,39.4207649230957,0.1
4288,4,157,6,21.19281005859375,21.19281005859375,22.634876251220703,22.11363410949707,0.4255431592464447,21.523983001708984,22.526676177978516,22.58993148803711,0.0
4289,4,119,6,10.359613418579102,0.0,11.63268756866455,8.399852752685547,14.913939476013184,8.979669570922852,9.735541343688965,10.359613418579102,0.25
4290,4,157,6,14.934473037719727,10.203804016113281,14.934473037719727,12.503145217895508,3.2307345867156982,11.49825382232666,11.74505615234375,14.167133331298828,0.2
4291,4,156,6,20.906455993652344,18.611417770385742,20.906455993652344,19.938419342041016,0.6968213319778442,19.394615173339844,19.999507904052734,20.69036102294922,0.05
4292,4,129,6,24.08449935913086,19.226512908935547,24.82015037536621,23.402915954589844,3.5613603591918945,24.034618377685547,24.08449935913086,24.15900230407715,0.05
4293,4,142,6,13.073006629943848,12.391992568969727,13.398970603942871,12.964250564575195,0.14371782541275024,12.661921501159668,13.073006629943848,13.26097583770752,0.0
4294,4,127,6,30.576324462890625,0.0,30.576324462890625,20.44428825378418,110.78025817871094,17.076406478881836,22.812942504882812,29.17770004272461,0.15
4295,4,103,6,27.1839542388916,27.1839542388916,35.71617889404297,29.850881576538086,10.732995986938477,27.401941299438477,28.057300567626953,31.694622039794922,0.0
4296,4,134,6,22.835512161254883,19.012672424316406,22.835512161254883,21.544353485107422,1.752231478691101,21.06265640258789,21.83706283569336,22.663738250732422,0.0
4297,4,111,6,36.906280517578125,30.182104110717773,38.284671783447266,35.195465087890625,7.244636058807373,33.970306396484375,36.152931213378906,36.906280517578125,0.0
4298,4,145,6,20.315399169921875,18.734834671020508,20.315399169921875,19.67906951904297,0.33746781945228577,19.306934356689453,19.727054595947266,20.234142303466797,0.1
4299,4,156,6,18.133544921875,17.64325714111328,18.628665924072266,18.232515335083008,0.100509874522686,18.133544921875,18.261920928955078,18.446910858154297,0.0
4300,4,142,6,23.341598510742188,12.225526809692383,23.341598510742188,19.50598907470703,15.761645317077637,17.54030990600586,20.784944534301758,22.776348114013672,0.05
4301,4,149,6,24.0653076171875,23.388919830322266,24.175769805908203,23.85677146911621,0.0878118947148323,23.62063217163086,23.996015548706055,24.0653076171875,0.0
4302,4,148,6,21.723411560058594,21.723411560058594,24.304018020629883,22.959115982055664,0.9021990299224854,22.053329467773438,23.260950088500977,23.481170654296875,0.05
4303,4,135,6,25.341266632080078,25.341266632080078,26.621055603027344,25.94362449645996,0.23273321986198425,25.468921661376953,26.014095306396484,26.29155158996582,0.0
4304,4,144,6,19.270763397216797,16.839214324951172,20.075923919677734,18.63592529296875,1.5069489479064941,17.610877990722656,19.270763397216797,19.29366683959961,0.1
4305,4,124,6,19.796791076660156,11.36761474609375,19.796791076660156,16.978296279907227,8.924121856689453,15.824993133544922,17.61355972290039,19.59048080444336,0.05
4306,4,144,6,35.63871765136719,31.5616512298584,35.63871765136719,33.85441207885742,2.3551952838897705,32.710845947265625,33.88311767578125,35.350616455078125,0.0
4307,4,138,6,17.818313598632812,17.818313598632812,19.082469940185547,18.310794830322266,0.20061582326889038,17.901464462280273,18.265037536621094,18.55648422241211,0.0
4308,4,146,6,35.80044174194336,23.97671127319336,36.95879364013672,32.37571334838867,21.15932846069336,29.900468826293945,34.288169860839844,35.80044174194336,0.05
4309,4,101,6,30.158849716186523,29.656654357910156,31.133487701416016,30.310665130615234,0.3205588757991791,29.85990333557129,30.158849716186523,30.786632537841797,0.0
4310,4,150,6,32.93104934692383,31.538305282592773,33.079444885253906,32.5458984375,0.3379921615123749,32.17769241333008,32.884483337402344,32.93104934692383,0.0
4311,4,147,6,28.452301025390625,21.919492721557617,28.452301025390625,25.71656036376953,6.281877517700195,23.692501068115234,26.212440490722656,28.040735244750977,0.0
4312,4,152,6,18.443344116210938,17.4405574798584,18.443344116210938,18.091510772705078,0.1236618310213089,17.934741973876953,18.165687561035156,18.398439407348633,0.0
4313,4,111,6,36.95930480957031,27.136371612548828,38.41700744628906,33.21772003173828,19.557579040527344,29.251598358154297,34.103797912597656,36.95930480957031,0.0
4314,4,138,6,33.71794128417969,25.54705810546875,33.71794128417969,29.36795997619629,13.12486457824707,25.954124450683594,28.65447998046875,33.09846115112305,0.15
4315,4,140,6,63.058631896972656,55.367279052734375,63.24976348876953,60.647830963134766,11.78604507446289,57.91268539428711,62.98113250732422,63.058631896972656,0.0
4316,4,147,6,19.45511245727539,18.347740173339844,19.45511245727539,18.784631729125977,0.23115022480487823,18.415287017822266,18.51941680908203,19.244003295898438,0.0
4317,4,153,6,26.441913604736328,23.476810455322266,26.891080856323242,26.020397186279297,1.3851532936096191,26.108638763427734,26.441913604736328,26.76531219482422,0.0
4318,4,131,6,18.88364601135254,16.81198501586914,18.88364601135254,18.079294204711914,0.5394605994224548,17.672157287597656,18.182167053222656,18.73077964782715,0.05
4319,4,155,6,20.452598571777344,13.760452270507812,20.452598571777344,18.470375061035156,5.043221950531006,18.629648208618164,18.773149490356445,20.054107666015625,0.0
4320,4,142,6,21.93484115600586,21.092811584472656,23.653596878051758,22.107738494873047,0.8598995804786682,21.311246871948242,21.93484115600586,22.678930282592773,0.0
4321,4,145,6,33.06774139404297,26.736865997314453,33.06774139404297,30.844852447509766,5.448807239532471,29.52897071838379,31.46269416809082,32.95671081542969,0.0
4322,4,134,6,54.592933654785156,49.836456298828125,56.472679138183594,53.554344177246094,5.7963972091674805,51.70326232910156,54.592933654785156,54.96649932861328,0.0
4323,4,143,6,30.34157371520996,30.14917755126953,36.8272705078125,32.17951965332031,7.188288688659668,30.34157371520996,30.402137756347656,33.83179473876953,0.0
4324,4,160,6,41.82781982421875,36.35227966308594,41.82781982421875,39.07716369628906,5.266246318817139,37.04210662841797,38.74382019042969,41.426239013671875,0.0
4325,4,151,6,17.380542755126953,0.0,17.380542755126953,12.853997230529785,35.17654037475586,14.016190528869629,14.20097541809082,16.59041404724121,0.2
4326,4,153,6,32.07337951660156,30.341344833374023,32.242881774902344,31.333087921142578,0.6601816415786743,30.53652000427246,31.450828552246094,32.07337951660156,0.1
4327,4,140,6,57.39002990722656,55.176429748535156,58.31938552856445,56.66337585449219,1.2503745555877686,55.70354461669922,56.76974868774414,57.39002990722656,0.0
4328,4,146,6,14.647759437561035,0.0,14.647759437561035,10.86810302734375,25.086923599243164,11.740497589111328,12.12876033782959,14.051383972167969,0.2
4329,4,155,6,57.10407257080078,48.927490234375,58.51885223388672,55.51287841796875,9.834443092346191,55.28406524658203,56.835052490234375,57.10407257080078,0.05
4330,4,150,6,26.310760498046875,22.473060607910156,26.310760498046875,24.392719268798828,2.1133499145507812,23.475444793701172,23.90155792236328,25.802371978759766,0.15
4331,4,144,6,24.91779136657715,23.298107147216797,26.46457290649414,24.9129581451416,0.9501214623451233,24.495651245117188,24.91779136657715,25.372859954833984,0.0
4332,4,131,6,15.476401329040527,14.043567657470703,15.658069610595703,15.061543464660645,0.3350364565849304,14.703078269958496,15.321237564086914,15.476401329040527,0.0
4333,4,149,6,15.699313163757324,0.0,15.699313163757324,11.91511344909668,29.983064651489258,12.436960220336914,14.0540771484375,15.352489471435547,0.15
4334,4,147,6,36.2929801940918,30.24262237548828,36.2929801940918,33.71477508544922,5.268908977508545,32.135555267333984,33.70276641845703,35.97645568847656,0.1
4335,4,122,6,12.249889373779297,11.43020248413086,12.478628158569336,11.959526062011719,0.14685805141925812,11.670103073120117,11.966253280639648,12.249889373779297,0.15
4336,4,139,6,27.11429214477539,24.471357345581055,27.469890594482422,26.60202407836914,0.9745154976844788,26.7103214263916,26.928556442260742,27.11429214477539,0.05
4337,4,136,6,25.7823486328125,24.348220825195312,26.00861167907715,25.20475196838379,0.452426016330719,24.56709861755371,25.30431365966797,25.7823486328125,0.0
4338,4,147,6,37.68681335449219,36.893985748291016,38.693138122558594,37.93800735473633,0.3515903949737549,37.68681335449219,37.97474670410156,38.369136810302734,0.05
4339,4,133,6,19.371700286865234,18.252525329589844,19.371700286865234,18.87167739868164,0.16655494272708893,18.60647964477539,18.849517822265625,19.248384475708008,0.0
4340,4,131,6,50.39989471435547,49.0035285949707,55.09462356567383,51.88684844970703,4.712055683135986,50.39989471435547,51.339752197265625,53.67755889892578,0.15
4341,4,155,6,27.388675689697266,27.388675689697266,30.531890869140625,28.448749542236328,1.5064103603363037,27.450105667114258,27.832229614257812,29.296607971191406,0.0
4342,4,137,6,20.078502655029297,17.37920570373535,20.2984619140625,19.070117950439453,1.312776803970337,18.110261917114258,19.368515014648438,20.078502655029297,0.1
4343,4,155,6,11.158060073852539,11.158060073852539,12.279569625854492,11.679473876953125,0.1708567887544632,11.288710594177246,11.735908508300781,11.954788208007812,0.15
4344,4,125,6,26.402563095092773,0.0,26.402563095092773,19.136476516723633,82.8349838256836,18.755645751953125,21.72427749633789,25.832298278808594,0.2
4345,4,136,6,38.092864990234375,35.69276428222656,38.092864990234375,37.42850875854492,0.7335975170135498,37.22026062011719,37.838279724121094,38.03053283691406,0.0
4346,4,124,6,45.573219299316406,44.56929016113281,45.975120544433594,45.48854446411133,0.19431862235069275,45.50907897949219,45.573219299316406,45.70783996582031,0.0
4347,4,146,6,17.269275665283203,0.0,17.269275665283203,13.472397804260254,37.05244064331055,15.10088062286377,15.630311965942383,16.94264030456543,0.2
4348,4,149,6,25.44487762451172,24.265859603881836,26.18647003173828,25.460865020751953,0.35655006766319275,25.44487762451172,25.492656707763672,25.797109603881836,0.0
4349,4,135,6,45.7560920715332,45.3768424987793,46.89326858520508,46.16904830932617,0.3368273973464966,45.7560920715332,46.059410095214844,46.74263000488281,0.0
4350,4,145,6,26.888704299926758,23.665441513061523,28.389434814453125,26.618118286132812,2.0353333950042725,26.888704299926758,26.88901138305664,26.962661743164062,0.05
4351,4,143,6,24.95559310913086,24.95559310913086,25.961814880371094,25.26505470275879,0.1265488564968109,24.984188079833984,25.12849235534668,25.392011642456055,0.0
4352,4,140,6,11.435705184936523,0.0,13.06860637664795,9.835957527160645,19.80632781982422,11.059041976928711,11.435705184936523,11.965605735778809,0.25
4353,4,102,6,38.608062744140625,0.0,38.608062744140625,21.386655807495117,205.44642639160156,11.389385223388672,20.531522750854492,35.362998962402344,0.2
4354,4,134,6,30.14257049560547,26.836294174194336,30.14257049560547,27.98834991455078,2.3224880695343018,26.898090362548828,26.960573196411133,29.354766845703125,0.0
4355,4,129,6,30.120452880859375,25.15521812438965,30.120452880859375,28.979944229125977,3.070840835571289,29.158061981201172,29.71986961364746,30.075061798095703,0.0
4356,4,125,6,51.65896987915039,51.65896987915039,59.503440856933594,54.817359924316406,10.162562370300293,51.97427749633789,53.67586135864258,57.65617752075195,0.0
4357,4,138,6,27.283084869384766,0.0,28.068445205688477,20.91370391845703,100.72175598144531,19.359256744384766,26.417987823486328,27.283084869384766,0.1
4358,4,140,6,13.670289993286133,0.0,13.670289993286133,10.50288200378418,22.746553421020508,11.633824348449707,12.038095474243164,13.33833122253418,0.25
4359,4,121,6,51.353755950927734,39.6595458984375,51.353755950927734,44.863670349121094,24.115507125854492,40.35920715332031,43.528133392333984,49.73920822143555,0.0
4360,4,117,6,25.894744873046875,25.596878051757812,27.549694061279297,26.40025520324707,0.46636414527893066,25.894744873046875,26.20227813720703,26.844200134277344,0.0
4361,4,119,6,32.05157470703125,23.963693618774414,38.409950256347656,32.73543167114258,20.549785614013672,32.05157470703125,32.872161865234375,35.60547637939453,0.0
4362,4,146,6,26.691814422607422,24.153339385986328,26.691814422607422,25.814058303833008,0.9290233850479126,25.21875,26.12798309326172,26.682662963867188,0.0
4363,4,139,6,33.75830841064453,24.78704071044922,33.75830841064453,30.339139938354492,9.477028846740723,29.14643096923828,30.413314819335938,33.057373046875,0.0
4364,4,144,6,22.3663330078125,18.139747619628906,22.3663330078125,20.17441177368164,3.1860551834106445,18.50391387939453,19.903656005859375,21.997716903686523,0.0
4365,4,159,6,19.313316345214844,18.135482788085938,19.313316345214844,18.92355728149414,0.16703800857067108,18.780061721801758,19.039276123046875,19.250076293945312,0.05
4366,4,131,6,54.125423431396484,51.62818908691406,57.703399658203125,54.332969665527344,3.14919376373291,54.01776123046875,54.125423431396484,54.356483459472656,0.0
4367,4,149,6,19.76405906677246,18.825927734375,19.76405906677246,19.337390899658203,0.13188865780830383,19.032739639282227,19.365631103515625,19.677392959594727,0.2
4368,4,140,6,25.76453971862793,24.88671112060547,25.76453971862793,25.416011810302734,0.1126846969127655,25.165855407714844,25.482872009277344,25.734888076782227,0.0
4369,4,109,6,43.356624603271484,15.28703498840332,43.356624603271484,32.61172866821289,91.7388687133789,29.233257293701172,32.66423797607422,40.872535705566406,0.1
4370,4,157,6,16.928791046142578,13.829133987426758,17.49732208251953,16.010398864746094,1.5630073547363281,15.345829963684082,16.27733039855957,16.928791046142578,0.05
4371,4,140,6,29.009357452392578,29.009357452392578,30.961528778076172,29.514286041259766,0.4930148720741272,29.017757415771484,29.159170150756836,29.659198760986328,0.0
4372,4,125,6,42.47064971923828,42.47064971923828,44.6435432434082,43.54146957397461,0.7276896238327026,42.725120544433594,43.60831069946289,44.267539978027344,0.0
4373,4,154,6,10.131627082824707,0.0,10.198003768920898,8.190197944641113,13.720608711242676,8.981006622314453,10.09475326538086,10.131627082824707,0.1
4374,4,113,6,32.30415344238281,0.0,32.5654182434082,24.950166702270508,136.5442657470703,24.421422958374023,31.12611198425293,32.30415344238281,0.15
4375,4,158,6,0.0,0.0,10.240360260009766,6.4881110191345215,21.3076171875,2.1739468574523926,9.24166488647461,10.100616455078125,0.15
4376,4,146,6,78.30146789550781,71.03548431396484,78.30146789550781,75.22586822509766,6.817331314086914,73.63323974609375,75.19645690917969,77.68399047851562,0.1
4377,4,143,6,26.211288452148438,20.508289337158203,26.211288452148438,24.310941696166992,3.6395833492279053,24.09980010986328,24.466896057128906,25.792858123779297,0.05
4378,4,152,6,45.241085052490234,40.25028991699219,46.99509048461914,43.385955810546875,6.447035789489746,41.14031982421875,43.42136001586914,45.241085052490234,0.05
4379,4,137,6,12.052810668945312,11.54041862487793,12.813074111938477,11.982218742370605,0.17554092407226562,11.670738220214844,11.931316375732422,12.052810668945312,0.0
4380,4,134,6,34.60955810546875,30.13591957092285,36.8350830078125,33.3783073425293,5.140321254730225,31.5701904296875,33.79438018798828,34.60955810546875,0.0
4381,4,139,6,29.123851776123047,29.123851776123047,29.96031951904297,29.458858489990234,0.12205585837364197,29.165454864501953,29.312578201293945,29.773696899414062,0.0
4382,4,157,6,75.89640808105469,72.46846008300781,75.89640808105469,74.52738952636719,2.033764600753784,73.255126953125,75.12258911132812,75.7219009399414,0.0
4383,4,153,6,31.160696029663086,30.93474769592285,33.36078643798828,31.849199295043945,0.7298149466514587,31.160696029663086,31.67345428466797,32.265594482421875,0.0
4384,4,137,6,38.564361572265625,38.564361572265625,42.48191833496094,39.926509857177734,1.7570264339447021,38.859405517578125,39.7625846862793,40.262596130371094,0.0
4385,4,106,6,23.9434814453125,23.9434814453125,27.261512756347656,25.531251907348633,1.5072511434555054,24.354673385620117,25.83544921875,26.296770095825195,0.0
4386,4,146,6,23.985761642456055,21.503652572631836,23.985761642456055,22.90921401977539,1.1420447826385498,21.833316802978516,23.22772216796875,23.913362503051758,0.0
4387,4,158,6,19.333730697631836,16.191410064697266,19.81098175048828,18.820959091186523,1.5576274394989014,18.724197387695312,19.333730697631836,19.63459587097168,0.05
4388,4,132,6,22.836002349853516,0.0,22.836002349853516,17.296594619750977,63.51050567626953,17.93801498413086,20.286977767944336,22.482681274414062,0.2
4389,4,138,6,17.501953125,0.0,17.501953125,12.845897674560547,37.23514175415039,12.24435043334961,15.312210083007812,17.12351417541504,0.25
4390,4,148,6,30.193449020385742,28.477294921875,32.14016342163086,30.0709228515625,1.2843146324157715,29.422304153442383,30.193449020385742,30.24030303955078,0.05
4391,4,156,6,29.173173904418945,23.488353729248047,29.173173904418945,27.243623733520508,4.548601150512695,26.127506256103516,27.805789947509766,29.166868209838867,0.0
4392,4,144,6,32.2330322265625,18.398141860961914,32.2330322265625,24.98885726928711,32.900447845458984,20.026853561401367,23.605884552001953,30.843740463256836,0.05
4393,4,138,6,21.820144653320312,20.768863677978516,23.347652435302734,21.766590118408203,0.6303860545158386,21.348047256469727,21.694076538085938,21.820144653320312,0.0
4394,4,144,6,59.275909423828125,57.327091217041016,62.293216705322266,59.48249053955078,2.359890937805176,58.69078826904297,59.275909423828125,59.98928451538086,0.0
4395,4,124,6,38.486244201660156,34.57341766357422,38.486244201660156,36.57394027709961,3.008983612060547,34.80687713623047,36.658634185791016,38.322479248046875,0.1
4396,4,131,6,31.99729347229004,26.909873962402344,34.24067687988281,31.48419952392578,5.614727020263672,30.80632781982422,31.99729347229004,33.012359619140625,0.05
4397,4,156,6,13.800298690795898,10.709709167480469,13.909427642822266,12.973821640014648,1.2507245540618896,12.709115028381348,13.408430099487305,13.800298690795898,0.05
4398,4,147,6,29.415258407592773,29.415258407592773,30.383895874023438,29.691858291625977,0.146475687623024,29.41642189025879,29.44593620300293,29.90163803100586,0.15
4399,4,149,6,20.28398895263672,19.170608520507812,20.52526092529297,19.940061569213867,0.22387829422950745,19.61294937133789,20.061433792114258,20.28398895263672,0.25
4400,4,93,6,60.22153854370117,55.58012008666992,65.95021057128906,60.02538299560547,12.001691818237305,57.29690170288086,60.22153854370117,61.44804382324219,0.0
4401,4,118,6,25.020313262939453,24.849485397338867,26.196063995361328,25.295970916748047,0.21693523228168488,25.020313262939453,25.05249786376953,25.474895477294922,0.0
4402,4,148,6,38.839942932128906,33.27147674560547,38.839942932128906,36.68864822387695,3.830507278442383,35.75526428222656,36.765743255615234,38.49434280395508,0.0
4403,4,143,6,23.659221649169922,22.10820770263672,23.659221649169922,22.758325576782227,0.42202454805374146,22.261234283447266,22.45333480834961,23.37232208251953,0.0
4404,4,148,6,7.780372142791748,0.0,7.780372142791748,5.1988844871521,6.7833638191223145,4.907708644866943,5.449795722961426,7.2021965980529785,0.2
4405,4,138,6,34.880680084228516,30.435546875,34.880680084228516,33.08127975463867,2.593845844268799,32.067298889160156,33.307708740234375,34.50358581542969,0.0
4406,4,96,6,1.5980525016784668,0.0,1.5980525016784668,0.9014121294021606,0.3147234320640564,0.6540347337722778,0.7935665845870972,1.4102139472961426,0.2
4407,4,128,6,39.475318908691406,36.09809875488281,39.475318908691406,38.100067138671875,1.5963209867477417,37.192100524902344,38.27573013305664,39.302406311035156,0.0
4408,4,142,6,31.289108276367188,29.380556106567383,34.48598861694336,31.94678497314453,3.4601776599884033,30.99085235595703,31.289108276367188,33.580665588378906,0.0
4409,4,154,6,49.79795837402344,49.471473693847656,51.25139617919922,50.07316589355469,0.33843594789505005,49.79795837402344,49.802276611328125,50.18686294555664,0.0
4410,4,139,6,33.98299789428711,29.32424545288086,33.98299789428711,32.205928802490234,2.608419418334961,31.4757137298584,32.348724365234375,33.62181091308594,0.05
4411,4,131,6,21.684627532958984,18.656192779541016,21.684627532958984,20.36585235595703,1.1272426843643188,19.91277313232422,20.150482177734375,21.327465057373047,0.05
4412,4,142,6,36.49745178222656,33.771244049072266,37.86064147949219,36.075897216796875,2.0202889442443848,35.10883331298828,36.49745178222656,37.01133728027344,0.1
4413,4,112,6,44.717220306396484,41.20379638671875,45.86973571777344,43.79582977294922,2.2691309452056885,43.08375930786133,43.97511291503906,44.717220306396484,0.0
4414,4,152,6,32.64318084716797,30.388050079345703,32.64318084716797,31.513587951660156,0.8080673813819885,30.718435287475586,31.44247817993164,32.37681198120117,0.0
4415,4,145,6,19.907947540283203,19.801605224609375,21.92926025390625,20.544517517089844,0.8154066801071167,19.907947540283203,19.963748931884766,21.28048324584961,0.0
4416,4,127,6,13.434857368469238,0.0,13.434857368469238,9.70085620880127,20.6762752532959,10.176199913024902,10.58452033996582,12.816987991333008,0.2
4417,4,130,6,28.94518280029297,26.56939697265625,29.504182815551758,28.468103408813477,1.2032451629638672,27.78791618347168,28.94518280029297,29.31818389892578,0.0
4418,4,149,6,15.289846420288086,13.41965103149414,15.793268203735352,14.902734756469727,0.5720126032829285,14.687762260437012,15.175005912780762,15.289846420288086,0.0
4419,4,153,6,41.983882904052734,37.657222747802734,43.34551239013672,41.064353942871094,3.655200719833374,40.07796859741211,41.97570037841797,41.983882904052734,0.0
4420,4,144,6,24.99258041381836,24.99258041381836,28.57927703857422,26.800065994262695,2.0360217094421387,25.454505920410156,26.93310546875,28.03379249572754,0.0
4421,4,147,6,67.9514389038086,67.9514389038086,70.28599548339844,68.59046936035156,0.6415742039680481,68.04267120361328,68.32237243652344,68.61398315429688,0.0
4422,4,158,6,35.68711853027344,34.54295349121094,36.66151428222656,35.44744110107422,0.4610171616077423,34.97557067871094,35.447452545166016,35.68711853027344,0.0
4423,4,147,6,30.42959213256836,27.831701278686523,30.42959213256836,29.287731170654297,0.9839156866073608,28.522693634033203,29.31357765197754,30.262548446655273,0.1
4424,4,133,6,30.022794723510742,24.138839721679688,32.13737869262695,29.707923889160156,6.939600944519043,30.022794723510742,30.078617095947266,31.377084732055664,0.05
4425,4,127,6,47.639793395996094,45.582435607910156,47.639793395996094,46.500980377197266,0.7027151584625244,45.83076477050781,46.20799255371094,47.298980712890625,0.0
4426,4,155,6,28.464977264404297,24.89655303955078,28.464977264404297,26.53851318359375,2.033325433731079,25.468597412109375,26.003498077392578,27.930072784423828,0.0
4427,4,110,6,23.864337921142578,22.319950103759766,23.903705596923828,23.58533477783203,0.32680925726890564,23.71390724182129,23.864337921142578,23.88802146911621,0.0
4428,4,144,6,25.85515785217285,24.96169662475586,26.80037498474121,25.931360244750977,0.4484351873397827,25.48988151550293,25.85515785217285,26.524524688720703,0.0
4429,4,157,6,32.06820297241211,29.525714874267578,32.06820297241211,31.475473403930664,0.7881671786308289,31.645858764648438,31.78046417236328,32.01787185668945,0.0
4430,4,154,6,27.886695861816406,24.101821899414062,27.886695861816406,26.412796020507812,2.1362714767456055,25.272022247314453,26.890884399414062,27.70328712463379,0.1
4431,4,121,6,24.488574981689453,19.87552261352539,24.488574981689453,22.33861541748047,2.892756938934326,21.271595001220703,21.989713668823242,23.9893856048584,0.0
4432,4,149,6,20.043651580810547,20.043651580810547,21.985233306884766,21.06053924560547,0.5627140402793884,20.36102294921875,21.34790802001953,21.541833877563477,0.15
4433,4,136,6,9.561668395996094,6.9034318923950195,9.561668395996094,8.071197509765625,1.332120656967163,6.98863410949707,7.734405517578125,9.24852180480957,0.15
4434,4,114,6,27.94533920288086,26.275794982910156,28.10259246826172,27.401111602783203,0.5823695659637451,26.72920799255371,27.846660614013672,27.94533920288086,0.0
4435,4,118,6,37.932640075683594,35.242088317871094,37.932640075683594,36.74275207519531,0.9627876281738281,36.09952163696289,36.716209411621094,37.645599365234375,0.0
4436,4,153,6,33.73344802856445,29.40220832824707,33.73344802856445,32.53153610229492,2.1787991523742676,32.526493072509766,32.93893051147461,33.57474136352539,0.05
4437,4,159,6,23.388952255249023,22.632408142089844,23.388952255249023,23.167932510375977,0.06684204936027527,23.140729904174805,23.234844207763672,23.36410140991211,0.0
4438,4,153,6,28.01947021484375,23.516258239746094,28.01947021484375,26.75728988647461,2.7011468410491943,26.170734405517578,27.598526000976562,27.98674774169922,0.1
4439,4,72,6,12.604873657226562,0.0,12.604873657226562,9.23861312866211,20.16108512878418,8.385918617248535,11.140361785888672,12.593823432922363,0.25
4440,4,154,6,27.182374954223633,25.236724853515625,28.430660247802734,27.45357894897461,1.2679660320281982,27.182374954223633,27.74264907836914,28.36553955078125,0.0
4441,4,143,6,32.16474914550781,29.329984664916992,32.16474914550781,31.076393127441406,1.5990040302276611,29.838985443115234,31.727798461914062,32.15592956542969,0.0
4442,4,144,6,14.288578033447266,0.0,14.418184280395508,11.36797046661377,26.51077651977539,12.381636619567871,13.672014236450195,14.288578033447266,0.15
4443,4,140,6,13.581218719482422,12.77983283996582,13.581218719482422,13.399979591369629,0.0815892219543457,13.41888427734375,13.539295196533203,13.570940971374512,0.2
4444,4,141,6,14.21035099029541,11.218021392822266,14.619897842407227,13.551773071289062,1.2457091808319092,13.478324890136719,13.915863990783691,14.21035099029541,0.1
4445,4,92,6,14.691499710083008,0.0,14.809303283691406,12.10958480834961,29.38077163696289,14.202778816223145,14.491876602172852,14.691499710083008,0.25
4446,4,153,6,20.123619079589844,0.0,20.123619079589844,15.71377182006836,50.576107025146484,17.288028717041016,18.523221969604492,19.808008193969727,0.1
4447,4,119,6,44.813026428222656,42.368072509765625,44.813026428222656,43.63082504272461,0.9833641648292542,42.695953369140625,43.673500061035156,44.583431243896484,0.0
4448,4,129,6,65.283447265625,59.30242156982422,65.283447265625,63.8460693359375,4.579007148742676,63.6958122253418,64.93901062011719,65.23308563232422,0.0
4449,4,150,6,32.403968811035156,29.094974517822266,32.80533981323242,31.3658447265625,1.7459412813186646,30.544538497924805,31.772560119628906,32.403968811035156,0.0
4450,4,122,6,53.70035171508789,47.572044372558594,54.66505432128906,51.4862060546875,7.89745569229126,48.82308578491211,52.486663818359375,53.70035171508789,0.0
4451,4,137,6,15.719805717468262,0.0,15.719805717468262,11.53478717803955,28.63870620727539,12.267822265625,12.787330627441406,15.061535835266113,0.2
4452,4,126,6,25.946155548095703,24.09697723388672,26.472877502441406,25.382598876953125,0.787165641784668,24.59808921813965,25.75006103515625,25.946155548095703,0.1
4453,4,148,6,29.13719940185547,29.13719940185547,30.621004104614258,29.458343505859375,0.27909648418426514,29.157386779785156,29.218719482421875,29.367782592773438,0.05
4454,4,107,6,19.530689239501953,14.890642166137695,19.530689239501953,17.866680145263672,2.6921041011810303,17.170028686523438,18.062623977661133,19.351409912109375,0.0
4455,4,144,6,24.825693130493164,24.78013038635254,27.007938385009766,25.682519912719727,0.8150224685668945,24.825693130493164,25.52941131591797,26.375181198120117,0.0
4456,4,121,6,39.59823226928711,37.09001922607422,39.59823226928711,38.607177734375,0.9706616997718811,37.79767990112305,38.90228271484375,39.516151428222656,0.0
4457,4,151,6,37.155372619628906,29.539722442626953,37.155372619628906,32.63924789428711,10.56329345703125,30.075075149536133,31.115982055664062,35.66424560546875,0.0
4458,4,139,6,12.364093780517578,11.657156944274902,12.364093780517578,12.05938720703125,0.06144222989678383,11.945589065551758,12.022100448608398,12.283612251281738,0.2
4459,4,154,6,22.113256454467773,18.54813003540039,22.113256454467773,19.99557113647461,2.323639392852783,18.785011291503906,19.283794403076172,21.41522216796875,0.1
4460,4,122,6,23.317279815673828,0.0,23.6297607421875,18.85802459716797,72.95738983154297,20.559669494628906,23.261844635009766,23.317279815673828,0.15
4461,4,91,6,76.80377960205078,65.65948486328125,81.87962341308594,75.24659729003906,23.51432228088379,74.96844482421875,76.18315124511719,76.80377960205078,0.0
4462,4,125,6,34.744476318359375,0.0,34.744476318359375,25.446876525878906,142.0791778564453,26.054645538330078,28.580556869506836,33.8173828125,0.15
4463,4,147,6,32.10356140136719,31.169124603271484,32.10356140136719,31.70551872253418,0.13311879336833954,31.39590072631836,31.78261947631836,32.04180145263672,0.1
4464,4,108,6,37.29719543457031,35.77332305908203,37.29719543457031,36.62328338623047,0.30837881565093994,36.27008819580078,36.57380676269531,37.157997131347656,0.0
4465,4,135,6,26.356658935546875,26.356658935546875,27.64002799987793,27.00904083251953,0.2593829333782196,26.52527618408203,27.074548721313477,27.443347930908203,0.0
4466,4,149,6,42.34833526611328,33.84788513183594,42.34833526611328,38.610137939453125,9.98745059967041,36.42566680908203,38.47153091430664,41.70125198364258,0.15
4467,4,146,6,8.448186874389648,0.0,9.459829330444336,7.362807750701904,10.985509872436523,8.448186874389648,8.538309097290039,9.051267623901367,0.25
4468,4,137,6,17.534420013427734,16.873897552490234,17.630266189575195,17.351764678955078,0.06447596102952957,17.261367797851562,17.409032821655273,17.534420013427734,0.0
4469,4,104,6,40.34712219238281,36.832496643066406,40.34712219238281,39.49864959716797,1.4842191934585571,39.708641052246094,39.90424728393555,40.24631881713867,0.0
4470,4,137,6,50.9188232421875,47.46321487426758,50.9188232421875,49.586395263671875,1.7693932056427002,48.58316421508789,50.043373107910156,50.725711822509766,0.0
4471,4,111,6,18.948137283325195,17.91492462158203,19.931367874145508,18.99525260925293,0.4697018265724182,18.616090774536133,18.948137283325195,19.52968978881836,0.0
4472,4,139,6,20.72772789001465,20.19375228881836,21.697410583496094,20.913978576660156,0.235268697142601,20.72772789001465,20.755916595458984,21.210891723632812,0.0
4473,4,158,6,28.435579299926758,26.270801544189453,28.435579299926758,27.57894515991211,0.6148081421852112,27.112680435180664,27.642906188964844,28.319881439208984,0.0
4474,4,151,6,31.09136199951172,28.748008728027344,31.09136199951172,30.46484375,0.6532208919525146,30.43902587890625,30.74047088623047,31.032773971557617,0.05
4475,4,141,6,26.834915161132812,23.64817237854004,28.583900451660156,26.798133850097656,2.3244662284851074,26.834915161132812,27.137981414794922,27.44464874267578,0.0
4476,4,147,6,11.937711715698242,0.0,11.937711715698242,9.413307189941406,18.32072639465332,10.064565658569336,11.451778411865234,11.890254974365234,0.25
4477,4,156,6,40.48578643798828,40.48578643798828,47.88033676147461,45.1586799621582,10.959664344787598,42.17807388305664,47.27401351928711,47.48738479614258,0.05
4478,4,150,6,35.541175842285156,32.62730026245117,35.541175842285156,33.97707748413086,1.4698452949523926,32.876502990722656,33.692501068115234,35.20149230957031,0.0
4479,4,146,6,24.730865478515625,16.247875213623047,24.730865478515625,21.053003311157227,10.109163284301758,18.67954444885254,21.207557678222656,24.11735725402832,0.15
4480,4,142,6,56.844993591308594,54.04936981201172,56.91411590576172,56.274166107177734,1.0608997344970703,56.31461715698242,56.844993591308594,56.85152816772461,0.0
4481,4,145,6,24.476757049560547,23.73269271850586,25.573881149291992,24.4714298248291,0.3754860758781433,23.988006591796875,24.476757049560547,24.67674446105957,0.0
4482,4,154,6,34.83537673950195,32.84120559692383,36.06199264526367,34.414527893066406,1.0456143617630005,33.75956726074219,34.59303283691406,34.83537673950195,0.0
4483,4,156,6,30.919357299804688,28.785934448242188,30.919357299804688,29.921852111816406,0.5906446576118469,29.56401824951172,29.68670654296875,30.6186466217041,0.0
4484,4,141,6,10.835519790649414,0.0,11.574445724487305,9.282939910888672,17.324058532714844,10.835519790649414,10.894877433776855,11.36199951171875,0.25
4485,4,141,6,13.124908447265625,0.0,13.124908447265625,9.010664939880371,19.940467834472656,8.140012741088867,10.070884704589844,12.493412017822266,0.2
4486,4,149,6,27.45150375366211,23.545095443725586,27.83946418762207,26.64813232421875,2.0652294158935547,26.773326873779297,27.153343200683594,27.45150375366211,0.0
4487,4,101,6,38.892295837402344,35.363243103027344,39.257972717285156,38.139923095703125,1.6971725225448608,38.1174430847168,38.65400314331055,38.892295837402344,0.0
4488,4,138,6,23.928958892822266,23.928958892822266,24.825210571289062,24.32415008544922,0.1290683001279831,24.004594802856445,24.246109008789062,24.64234733581543,0.0
4489,4,141,6,33.882118225097656,33.19810485839844,34.763038635253906,33.99690628051758,0.2642165422439575,33.776309967041016,33.882118225097656,34.356788635253906,0.0
4490,4,110,6,21.45028305053711,0.0,21.45028305053711,14.420780181884766,51.235713958740234,14.141437530517578,14.852231979370117,19.812129974365234,0.2
4491,4,149,6,20.609411239624023,0.0,20.609411239624023,14.92734432220459,48.880210876464844,15.586357116699219,16.38147735595703,19.748157501220703,0.2
4492,4,152,6,13.463764190673828,0.0,13.463764190673828,9.761292457580566,22.808286666870117,8.65371322631836,11.914148330688477,13.260132789611816,0.1
4493,4,147,6,23.13904571533203,0.0,23.13904571533203,12.10841178894043,83.13523864746094,4.190794944763184,12.318511962890625,20.6242618560791,0.2
4494,4,139,6,14.276020050048828,14.276020050048828,17.630659103393555,16.382123947143555,2.241560697555542,14.99113655090332,17.277019500732422,17.521392822265625,0.1
4495,4,144,6,22.851316452026367,14.353187561035156,22.851316452026367,19.19027328491211,12.438777923583984,15.813997268676758,20.22663116455078,22.4122257232666,0.1
4496,4,90,6,91.552001953125,85.7459945678711,91.552001953125,89.44064331054688,4.201484203338623,88.46781921386719,89.75215911865234,91.28943634033203,0.0
4497,4,122,6,30.845975875854492,24.617053985595703,30.845975875854492,27.95924186706543,6.682367324829102,25.48902130126953,28.211780548095703,30.518512725830078,0.1
4498,4,144,6,32.699310302734375,30.014854431152344,32.699310302734375,31.64397430419922,0.8833145499229431,31.16805648803711,31.70937728881836,32.484825134277344,0.0
4499,4,159,6,15.443001747131348,13.243001937866211,15.443001747131348,14.526988983154297,0.6733378171920776,13.921486854553223,14.64455795288086,15.290902137756348,0.15
4500,4,151,6,18.982418060302734,18.79608917236328,18.982418060302734,18.91185760498047,0.005100093316286802,18.869020462036133,18.920682907104492,18.979774475097656,0.0
4501,4,144,6,16.429969787597656,15.542781829833984,16.83745765686035,16.176366806030273,0.19856685400009155,15.808175086975098,16.270326614379883,16.429969787597656,0.0
4502,4,138,6,65.51404571533203,64.453125,66.4459228515625,65.4552230834961,0.42837828397750854,65.02898406982422,65.51404571533203,65.8311767578125,0.0
4503,4,143,6,9.943010330200195,0.0,9.943010330200195,6.852297306060791,11.057812690734863,6.8778910636901855,7.22517204284668,9.275017738342285,0.2
4504,4,138,6,76.66026306152344,71.78300476074219,76.66026306152344,74.14971923828125,3.7491862773895264,72.52423095703125,73.82632446289062,75.99073028564453,0.0
4505,4,148,6,19.426898956298828,19.426898956298828,20.263906478881836,19.760038375854492,0.10618924349546432,19.48223876953125,19.654796600341797,20.015033721923828,0.15
4506,4,139,6,42.21879959106445,34.52801513671875,42.29441833496094,39.96155548095703,8.308867454528809,38.57477569580078,41.416603088378906,42.21879959106445,0.0
4507,4,136,6,27.092214584350586,14.854497909545898,27.092214584350586,22.967395782470703,19.526134490966797,21.02134132385254,23.982891082763672,26.88901138305664,0.05
4508,4,147,6,24.77788734436035,18.87091064453125,24.77788734436035,22.952472686767578,3.918323040008545,22.933195114135742,23.187835693359375,24.428503036499023,0.05
4509,4,116,6,40.861053466796875,35.2119140625,42.110347747802734,40.31068420410156,5.378517150878906,40.861053466796875,41.09574890136719,41.4495849609375,0.05
4510,4,146,6,11.334968566894531,0.0,12.261761665344238,9.484989166259766,18.708789825439453,10.125774383544922,11.334968566894531,12.025388717651367,0.25
4511,4,126,6,14.309305191040039,11.544124603271484,14.309305191040039,13.730073928833008,0.9783108830451965,13.936691284179688,14.179319381713867,14.279247283935547,0.1
4512,4,140,6,43.10992431640625,37.88912582397461,43.10992431640625,40.06674575805664,5.182304859161377,38.051597595214844,39.13908004760742,42.360389709472656,0.0
4513,4,116,6,12.068798065185547,10.92253303527832,12.176950454711914,11.680926322937012,0.21835875511169434,11.340359687805176,11.830398559570312,12.068798065185547,0.1
4514,4,122,6,19.639514923095703,0.0,19.639514923095703,15.409770965576172,48.677894592285156,16.924909591674805,18.202796936035156,19.486623764038086,0.25
4515,4,130,6,0.0,0.0,9.3342866897583,5.910702228546143,17.540903091430664,2.1020989418029785,8.604026794433594,8.891319274902344,0.25
4516,4,153,6,14.031825065612793,13.006492614746094,14.031825065612793,13.555570602416992,0.21991091966629028,13.12105941772461,13.575425148010254,14.024843215942383,0.15
4517,4,121,6,27.024770736694336,25.18669891357422,27.024770736694336,26.07784080505371,0.6380608081817627,25.346786499023438,25.94621467590332,26.898683547973633,0.0
4518,4,156,6,28.595848083496094,28.595848083496094,33.986473083496094,31.54636001586914,4.725082874298096,29.498695373535156,32.29652786254883,33.226654052734375,0.0
4519,4,147,6,20.38904571533203,19.8709716796875,21.813697814941406,20.83434295654297,0.444828063249588,20.38904571533203,20.811992645263672,21.29000473022461,0.0
4520,4,104,6,16.682851791381836,15.428462028503418,16.682851791381836,16.154273986816406,0.25020185112953186,15.712986946105957,16.28832244873047,16.60944175720215,0.1
4521,4,150,6,33.19956970214844,29.82515525817871,33.19956970214844,31.179664611816406,2.0790598392486572,30.16706085205078,30.34586524963379,32.527015686035156,0.0
4522,4,143,6,42.95330047607422,39.111778259277344,42.95330047607422,41.32063293457031,1.898870825767517,40.50547790527344,41.26234436035156,42.6262092590332,0.0
4523,4,130,6,39.900970458984375,37.848121643066406,40.38483428955078,39.500938415527344,0.6895086765289307,39.290611267089844,39.88792419433594,39.900970458984375,0.0
4524,4,152,6,33.188255310058594,28.221485137939453,33.188255310058594,31.179107666015625,2.9460277557373047,30.453754425048828,31.101757049560547,32.69316482543945,0.0
4525,4,148,6,21.838642120361328,21.838642120361328,22.99245262145996,22.31789779663086,0.1585346907377243,21.962158203125,22.385757446289062,22.459300994873047,0.0
4526,4,127,6,84.91973114013672,78.34485626220703,87.11834716796875,83.35519409179688,7.7443623542785645,82.15563201904297,83.92559814453125,84.91973114013672,0.0
4527,4,142,6,22.873188018798828,20.51998519897461,22.873188018798828,21.83713150024414,0.8991917967796326,20.967540740966797,22.042823791503906,22.711843490600586,0.0
4528,4,118,6,15.974953651428223,14.922670364379883,15.974953651428223,15.604801177978516,0.12631672620773315,15.516679763793945,15.639223098754883,15.892483711242676,0.0
4529,4,148,6,38.197471618652344,33.76704406738281,38.197471618652344,36.60530471801758,2.3740298748016357,35.94788360595703,36.91277313232422,37.889835357666016,0.0
4530,4,154,6,54.61417007446289,50.56468200683594,54.61417007446289,53.316497802734375,2.178807258605957,52.58181381225586,53.92536163330078,54.532928466796875,0.0
4531,4,151,6,24.871795654296875,24.871795654296875,26.806320190429688,25.721601486206055,0.4737353026866913,25.07754135131836,25.825550079345703,26.085529327392578,0.0
4532,4,110,6,48.770816802978516,30.863880157470703,48.770816802978516,44.1263542175293,41.44614791870117,42.78601837158203,47.37779998779297,48.678749084472656,0.05
4533,4,152,6,24.57299041748047,17.35727310180664,25.303375244140625,22.62625503540039,7.723960876464844,21.36430549621582,23.88536262512207,24.57299041748047,0.05
4534,4,133,6,26.91634750366211,0.0,26.91634750366211,16.06968116760254,103.57854461669922,8.755465507507324,17.547033309936523,25.823806762695312,0.15
4535,4,156,6,12.50086784362793,11.638660430908203,13.307926177978516,12.365096092224121,0.26299741864204407,12.095056533813477,12.337068557739258,12.50086784362793,0.0
4536,4,139,6,40.40909957885742,38.31215286254883,45.310691833496094,41.10783386230469,4.554081439971924,40.40909957885742,40.42662048339844,41.432395935058594,0.0
4537,4,145,6,30.632667541503906,27.482885360717773,30.658721923828125,30.061756134033203,1.3397685289382935,30.42378807067871,30.61524200439453,30.632667541503906,0.0
4538,4,145,6,55.59849548339844,42.27410888671875,55.59849548339844,48.231040954589844,28.297740936279297,45.1793098449707,45.40345764160156,53.05246353149414,0.0
4539,4,144,6,20.983280181884766,18.960153579711914,20.983280181884766,20.263023376464844,0.5471434593200684,19.863039016723633,20.425426483154297,20.937564849853516,0.0
4540,4,153,6,32.74927520751953,30.71072769165039,32.74927520751953,31.779687881469727,0.6116272807121277,31.20278549194336,31.649694442749023,32.56111145019531,0.0
4541,4,141,6,40.47807312011719,34.9052734375,40.88566589355469,38.39690017700195,6.2453293800354,35.993080139160156,39.4716911315918,40.47807312011719,0.0
4542,4,132,6,10.838418960571289,1.8147042989730835,10.838418960571289,7.6739020347595215,11.878820419311523,5.331289291381836,9.169059753417969,10.542367935180664,0.1
4543,4,154,6,26.058879852294922,0.0,26.058879852294922,18.781972885131836,78.9244155883789,18.898563385009766,20.876190185546875,25.199962615966797,0.15
4544,4,125,6,16.04542350769043,13.586112022399902,16.04542350769043,14.985623359680176,1.0196551084518433,14.036136627197266,15.268386840820312,15.907129287719727,0.1
4545,4,135,6,34.90531921386719,25.589689254760742,34.90531921386719,31.418119430541992,10.393681526184082,30.22315216064453,31.460613250732422,34.326515197753906,0.0
4546,4,135,6,14.149663925170898,12.60916519165039,15.242855072021484,13.743159294128418,0.8236857652664185,12.935311317443848,13.870227813720703,14.149663925170898,0.1
4547,4,140,6,46.72089385986328,44.54652404785156,46.92787170410156,46.1834602355957,0.6613662242889404,45.95990753173828,46.538970947265625,46.72089385986328,0.0
4548,4,155,6,41.43873596191406,38.85535430908203,41.43873596191406,40.235939025878906,1.0695544481277466,39.349456787109375,40.21661376953125,41.27509307861328,0.0
4549,4,156,6,37.14201736450195,33.11632537841797,37.14201736450195,34.98450469970703,2.621095657348633,33.671329498291016,34.56261444091797,36.5025634765625,0.0
4550,4,143,6,19.38949966430664,18.254426956176758,19.38949966430664,18.8709774017334,0.168286994099617,18.632837295532227,18.8011474609375,19.252470016479492,0.0
4551,4,125,6,14.626043319702148,13.55526065826416,14.626043319702148,14.060259819030762,0.1818249672651291,13.714499473571777,13.952410697937012,14.468280792236328,0.0
4552,4,133,6,63.195823669433594,55.513797760009766,63.195823669433594,59.05406188964844,10.108717918395996,56.12970733642578,58.38529968261719,62.19606399536133,0.0
4553,4,123,6,30.11786651611328,29.845470428466797,32.349449157714844,30.929073333740234,0.9058032035827637,30.11786651611328,30.732742309570312,31.684036254882812,0.0
4554,4,155,6,22.472991943359375,17.914630889892578,22.472991943359375,20.10253143310547,4.035066604614258,18.16362762451172,19.841753005981445,22.16529083251953,0.15
4555,4,155,6,21.554443359375,20.582530975341797,22.451961517333984,21.667736053466797,0.3527051508426666,21.554443359375,21.602127075195312,22.072372436523438,0.15
4556,4,133,6,26.927072525024414,19.039474487304688,26.927072525024414,22.146421432495117,11.710150718688965,19.451616287231445,20.384307861328125,25.348066329956055,0.2
4557,4,133,6,35.57106399536133,34.619544982910156,37.79549026489258,35.79808807373047,0.9361845850944519,35.46531677246094,35.57106399536133,35.743736267089844,0.0
4558,4,126,6,43.15391159057617,39.92606735229492,43.15391159057617,42.00105667114258,1.593023419380188,41.06645965576172,42.56797790527344,43.060333251953125,0.0
4559,4,137,6,11.449517250061035,0.0,11.449517250061035,8.012192726135254,14.760285377502441,8.096945762634277,8.590081214904785,10.78070068359375,0.25
4560,4,141,6,32.37657165527344,30.135631561279297,33.85365295410156,32.10193634033203,1.5095802545547485,31.311054229736328,32.37657165527344,32.77912521362305,0.1
4561,4,125,6,30.906036376953125,25.226242065429688,30.906036376953125,27.508407592773438,5.8968071937561035,25.710905075073242,26.217313766479492,29.760404586791992,0.0
4562,4,137,6,19.08377456665039,0.0,19.08377456665039,12.314828872680664,42.754302978515625,10.423585891723633,12.662424087524414,18.017887115478516,0.15
4563,4,153,6,25.63746452331543,25.270566940307617,27.771326065063477,26.505168914794922,1.0235614776611328,25.63746452331543,26.41317367553711,27.441204071044922,0.0
4564,4,128,6,96.94229125976562,89.58483123779297,97.66433715820312,94.65478515625,8.376246452331543,92.91417694091797,95.65318298339844,96.94229125976562,0.0
4565,4,131,6,23.807926177978516,0.0,23.807926177978516,15.683125495910645,67.01235961914062,12.867738723754883,17.44704818725586,22.403331756591797,0.1
4566,4,154,6,17.899425506591797,17.777681350708008,18.44220542907715,18.01458740234375,0.045085277408361435,17.899425506591797,17.943939208984375,18.057363510131836,0.0
4567,4,132,6,49.632904052734375,40.402854919433594,49.632904052734375,47.13034439086914,10.055453300476074,47.09075164794922,48.07367706298828,49.395294189453125,0.0
4568,4,122,6,27.099483489990234,22.138586044311523,27.099483489990234,24.99449920654297,3.0825984477996826,24.063169479370117,24.922927856445312,26.560596466064453,0.0
4569,4,94,6,29.274248123168945,28.271482467651367,29.274248123168945,28.981033325195312,0.1402098834514618,28.806446075439453,29.18105697631836,29.267850875854492,0.0
4570,4,133,6,16.611785888671875,13.932319641113281,17.22846221923828,16.176342010498047,1.2130740880966187,15.960264205932617,16.611785888671875,16.85090446472168,0.1
4571,4,128,6,22.214052200317383,22.214052200317383,24.193899154663086,23.154722213745117,0.5939850211143494,22.408262252807617,23.173702239990234,23.80832290649414,0.0
4572,4,147,6,7.393032550811768,0.0,7.393032550811768,4.463891983032227,6.385188579559326,3.5927586555480957,4.2754011154174805,6.6745781898498535,0.2
4573,4,155,6,21.91799545288086,21.619354248046875,24.009214401245117,22.418012619018555,0.6446402072906494,21.91799545288086,22.071340560913086,22.670291900634766,0.2
4574,4,128,6,16.10055923461914,14.802950859069824,16.401830673217773,15.860442161560059,0.3239576518535614,15.591705322265625,16.10055923461914,16.276140213012695,0.0
4575,4,123,6,21.380582809448242,18.203166961669922,22.41565704345703,20.896703720092773,2.2329728603363037,20.12517738342285,21.380582809448242,22.065290451049805,0.0
4576,4,124,6,34.077491760253906,20.976327896118164,34.66402053833008,28.17454719543457,37.68680191040039,22.284957885742188,28.6927490234375,34.077491760253906,0.15
4577,4,150,6,26.67676544189453,25.438875198364258,30.54560089111328,27.013246536254883,2.7594361305236816,26.054523468017578,26.67676544189453,26.839963912963867,0.0
4578,4,157,6,21.633668899536133,15.725129127502441,21.633668899536133,18.948333740234375,5.47927713394165,17.14951515197754,18.794536590576172,21.304351806640625,0.15
4579,4,159,6,21.40568733215332,15.841753005981445,21.40568733215332,18.82311248779297,4.143275260925293,17.55661964416504,18.50904083251953,20.702762603759766,0.1
4580,4,139,6,23.157445907592773,22.74933433532715,23.338973999023438,23.14878273010254,0.03842059522867203,23.155372619628906,23.157445907592773,23.290470123291016,0.0
4581,4,133,6,16.071857452392578,15.583545684814453,16.071857452392578,15.895092010498047,0.029658110812306404,15.810107231140137,15.934879302978516,16.0413761138916,0.0
4582,4,125,6,60.72597885131836,47.162757873535156,60.72597885131836,53.64558792114258,32.147647857666016,48.295528411865234,52.804420471191406,59.388633728027344,0.0
4583,4,158,6,19.948400497436523,12.960426330566406,19.948400497436523,16.839506149291992,7.765745639801025,14.351995468139648,17.36358642578125,19.380578994750977,0.1
4584,4,146,6,50.47580337524414,49.97172927856445,52.417152404785156,51.115631103515625,0.7831357717514038,50.47580337524414,50.900123596191406,51.852752685546875,0.0
4585,4,110,6,15.319669723510742,0.0,15.319669723510742,12.15869426727295,30.22197914123535,13.322855949401855,14.628339767456055,15.273178100585938,0.15
4586,4,155,6,34.62730407714844,24.282943725585938,34.62730407714844,30.70284652709961,14.04980182647705,28.447465896606445,31.381614685058594,34.151039123535156,0.0
4587,4,141,6,45.43635940551758,42.697059631347656,47.54943084716797,44.8941535949707,2.7376699447631836,43.53437042236328,45.36809539794922,45.43635940551758,0.05
4588,4,135,6,28.585346221923828,0.0,28.585346221923828,21.054092407226562,116.17281341552734,17.264543533325195,27.676494598388672,28.36336898803711,0.1
4589,4,157,6,17.256729125976562,16.685863494873047,18.213380813598633,17.25693130493164,0.2385886311531067,16.93149185180664,17.256729125976562,17.29353904724121,0.0
4590,4,130,6,24.742420196533203,24.111427307128906,24.873018264770508,24.63538932800293,0.06498067080974579,24.592388153076172,24.742420196533203,24.786108016967773,0.0
4591,4,140,6,34.868003845214844,33.15690231323242,34.913818359375,34.26243591308594,0.4448651671409607,33.86540603637695,34.39451217651367,34.868003845214844,0.0
4592,4,144,6,26.310115814208984,25.575769424438477,26.588558197021484,26.228038787841797,0.10466963052749634,26.176671981811523,26.310115814208984,26.416141510009766,0.0
4593,4,158,6,55.053428649902344,54.34556579589844,56.32477951049805,55.386924743652344,0.4757051169872284,55.053428649902344,55.19746398925781,55.987510681152344,0.0
4594,4,141,6,30.393198013305664,26.040283203125,30.393198013305664,28.952856063842773,2.4604263305664062,28.176410675048828,29.51531982421875,30.27100944519043,0.05
4595,4,117,6,27.672325134277344,25.418994903564453,28.921911239624023,27.293920516967773,1.3180806636810303,26.586536407470703,27.672325134277344,27.8080997467041,0.0
4596,4,149,6,26.926883697509766,26.69190216064453,27.99056053161621,27.249908447265625,0.25541213154792786,26.926883697509766,26.9931583404541,27.692703247070312,0.0
4597,4,137,6,50.664920806884766,19.28329849243164,50.664920806884766,38.460052490234375,149.80564880371094,28.79629135131836,41.971370697021484,49.84141159057617,0.05
4598,4,144,6,32.70094299316406,0.0,32.70094299316406,22.34962272644043,124.18668365478516,20.064245223999023,25.14942169189453,30.83393096923828,0.1
4599,4,133,6,17.67425537109375,11.03231430053711,17.67425537109375,14.569999694824219,7.43833065032959,12.028965950012207,14.717331886291504,17.288772583007812,0.15
4600,4,133,6,35.588592529296875,28.204669952392578,35.588592529296875,32.17529296875,7.843990325927734,30.034168243408203,31.985069274902344,34.92463684082031,0.0
4601,4,133,6,26.10428237915039,22.877134323120117,26.10428237915039,24.485197067260742,1.5635632276535034,23.60294532775879,24.114044189453125,25.730331420898438,0.0
4602,4,146,6,21.14975357055664,21.011045455932617,22.02205467224121,21.4060115814209,0.11856323480606079,21.14975357055664,21.33466148376465,21.56781005859375,0.0
4603,4,146,6,15.748936653137207,15.375676155090332,16.30036163330078,15.84908390045166,0.08579310029745102,15.748936653137207,15.781989097595215,16.032922744750977,0.0
4604,4,148,6,33.46826934814453,28.573810577392578,33.46826934814453,31.17936897277832,3.311824083328247,29.906614303588867,30.974225997924805,32.89476013183594,0.0
4605,4,87,6,29.984041213989258,29.853519439697266,30.19840431213379,29.973600387573242,0.012934684753417969,29.886960983276367,29.971254348754883,29.984041213989258,0.0
4606,4,135,6,24.296396255493164,22.288883209228516,24.296396255493164,23.341739654541016,0.6658099889755249,22.569547653198242,23.41503143310547,24.11429214477539,0.0
4607,4,156,6,35.631065368652344,33.89798355102539,36.80469512939453,35.402610778808594,0.7551538348197937,35.09600067138672,35.55767059326172,35.631065368652344,0.0
4608,4,139,6,33.42015075683594,31.801416397094727,33.42015075683594,32.741111755371094,0.40976953506469727,32.18505859375,32.898681640625,33.33509826660156,0.0
4609,4,131,6,38.25690460205078,37.2922477722168,38.25690460205078,37.906272888183594,0.12365899980068207,37.695777893066406,37.99867248535156,38.22190475463867,0.0
4610,4,142,6,38.05224609375,31.49283790588379,38.05224609375,35.02062225341797,6.4772047996521,32.933929443359375,34.95801544189453,37.54203796386719,0.0
4611,4,113,6,21.346416473388672,21.317611694335938,22.801855087280273,21.83477020263672,0.3626982867717743,21.346416473388672,21.510820388793945,22.30963134765625,0.0
4612,4,147,6,24.950923919677734,22.64156150817871,24.950923919677734,24.09832191467285,0.6164628863334656,23.88228416442871,24.08349609375,24.782302856445312,0.1
4613,4,128,6,47.29131317138672,47.29131317138672,50.33246994018555,48.736759185791016,1.7231932878494263,47.43550109863281,48.58881759643555,50.07325744628906,0.0
4614,4,141,6,25.943099975585938,25.943099975585938,30.319679260253906,28.118085861206055,3.2978897094726562,26.264583587646484,28.335586547851562,29.734132766723633,0.1
4615,4,147,6,22.652652740478516,17.832237243652344,22.652652740478516,20.02110481262207,3.8164191246032715,18.45363998413086,19.425662994384766,21.851999282836914,0.1
4616,4,134,6,36.4669303894043,33.84376907348633,36.4669303894043,35.431095123291016,0.827896237373352,35.01451873779297,35.44888687133789,36.24349594116211,0.0
4617,4,144,6,17.81851577758789,0.0,17.81851577758789,12.338558197021484,35.66167449951172,12.28354549407959,13.117692947387695,16.75838851928711,0.2
4618,4,126,6,30.569093704223633,22.688304901123047,30.569093704223633,28.69683074951172,7.743882656097412,28.760536193847656,29.935840606689453,30.496309280395508,0.0
4619,4,122,6,26.66835594177246,22.874361038208008,32.7518196105957,27.54620361328125,9.923413276672363,26.254505157470703,26.66835594177246,29.31541633605957,0.15
4620,4,109,6,15.494868278503418,15.045156478881836,15.772072792053223,15.481369972229004,0.04875022917985916,15.475302696228027,15.494868278503418,15.583072662353516,0.0
4621,4,111,6,35.388099670410156,31.200328826904297,36.67676544189453,34.631187438964844,2.8537347316741943,34.526397705078125,35.01803207397461,35.388099670410156,0.0
4622,4,154,6,14.871896743774414,12.908404350280762,14.871896743774414,14.31458854675293,0.43817198276519775,14.387700080871582,14.427242279052734,14.765480041503906,0.05
4623,4,152,6,24.756282806396484,22.474193572998047,25.005714416503906,24.224529266357422,0.715529203414917,24.0988712310791,24.545299530029297,24.756282806396484,0.05
4624,4,64,6,20.67232894897461,20.383277893066406,20.67232894897461,20.565040588378906,0.01025841012597084,20.51552963256836,20.5823974609375,20.653047561645508,0.0
4625,4,112,6,28.121570587158203,27.860736846923828,28.29854965209961,28.06312370300293,0.021424131467938423,27.946195602416992,28.09682846069336,28.121570587158203,0.0
4626,4,126,6,16.405765533447266,15.1464204788208,16.613525390625,16.102140426635742,0.26948824524879456,15.84591007232666,16.387998580932617,16.405765533447266,0.0
4627,4,136,6,24.73776626586914,21.059633255004883,24.73776626586914,23.383054733276367,1.5646803379058838,22.975467681884766,23.460826873779297,24.43940544128418,0.1
4628,4,100,6,150.70346069335938,138.44700622558594,160.73326110839844,148.7831573486328,48.21497344970703,144.58120727539062,149.8543701171875,150.70346069335938,0.0
4629,4,133,6,15.576666831970215,12.910171508789062,15.576666831970215,14.600089073181152,0.8873899579048157,14.131830215454102,14.756885528564453,15.446556091308594,0.05
4630,4,130,6,33.4272575378418,29.576171875,33.4272575378418,31.59038543701172,2.327172040939331,30.230854034423828,31.626859664916992,33.046451568603516,0.0
4631,4,127,6,31.697477340698242,29.416759490966797,31.697477340698242,30.791534423828125,0.6155240535736084,30.512054443359375,30.71581268310547,31.498361587524414,0.05
4632,4,138,6,28.186683654785156,23.043537139892578,28.523117065429688,26.883928298950195,3.6685142517089844,26.311054229736328,27.804948806762695,28.186683654785156,0.0
4633,4,123,6,36.250240325927734,36.250240325927734,39.090824127197266,37.579566955566406,1.4064639806747437,36.398109436035156,37.48857116699219,38.71556854248047,0.0
4634,4,155,6,19.410526275634766,19.410526275634766,20.071142196655273,19.790565490722656,0.07497900724411011,19.53438949584961,19.920963287353516,19.990943908691406,0.0
4635,4,107,6,62.12346649169922,50.342613220214844,66.45536804199219,58.037574768066406,35.91167068481445,52.34265899658203,59.104469299316406,62.12346649169922,0.0
4636,4,144,6,25.18600845336914,25.18600845336914,26.194122314453125,25.48167610168457,0.14668434858322144,25.197702407836914,25.262893676757812,25.67184829711914,0.0
4637,4,147,6,26.872005462646484,23.504528045654297,26.96115493774414,26.128406524658203,1.4810022115707397,26.140846252441406,26.715713500976562,26.872005462646484,0.0
4638,4,152,6,18.084739685058594,17.147960662841797,18.16458511352539,17.765758514404297,0.15888944268226624,17.43311309814453,17.943649291992188,18.084739685058594,0.0
4639,4,134,6,15.543272018432617,13.301422119140625,15.543272018432617,14.625167846679688,0.827037513256073,13.812592506408691,14.891824722290039,15.475316047668457,0.25
4640,4,136,6,41.764678955078125,36.32072448730469,41.764678955078125,39.480979919433594,3.7927472591400146,38.34613800048828,39.434242248535156,41.319984436035156,0.0
4641,4,143,6,27.256484985351562,26.216182708740234,27.256484985351562,26.88466453552246,0.1509752720594406,26.63931655883789,27.00103759765625,27.23613739013672,0.0
4642,4,129,6,32.25032043457031,23.31293296813965,32.25032043457031,28.34027099609375,10.997356414794922,25.93511962890625,28.500568389892578,31.423091888427734,0.1
4643,4,151,6,29.061420440673828,28.288192749023438,29.061420440673828,28.705686569213867,0.0807519480586052,28.520967483520508,28.662935256958008,28.979480743408203,0.0
4644,4,130,6,14.855546951293945,13.056629180908203,14.855546951293945,13.917438507080078,0.495572030544281,13.38779067993164,13.707793235778809,14.598756790161133,0.15
4645,4,131,6,36.681697845458984,35.53751754760742,41.1480712890625,37.657867431640625,3.9004085063934326,36.488712310791016,36.681697845458984,38.77580261230469,0.0
4646,4,125,6,41.24407196044922,39.199851989746094,42.809288024902344,41.089935302734375,1.2594705820083618,40.55423355102539,41.24407196044922,41.59954071044922,0.0
4647,4,127,6,25.53194808959961,24.355072021484375,25.855846405029297,25.252559661865234,0.3455418348312378,24.775480270385742,25.53194808959961,25.67090606689453,0.1
4648,4,142,6,17.228439331054688,15.09570026397705,17.228439331054688,16.309036254882812,0.5685974955558777,15.939224243164062,16.19295310974121,17.015377044677734,0.05
4649,4,122,6,30.667123794555664,29.463497161865234,31.132179260253906,30.34548568725586,0.29302889108657837,30.048202514648438,30.39260482788086,30.667123794555664,0.0
4650,4,151,6,18.963947296142578,18.10552978515625,20.644123077392578,19.517776489257812,0.8081167936325073,18.963947296142578,19.577247619628906,20.2265567779541,0.1
4651,4,134,6,25.344688415527344,23.26116180419922,25.344688415527344,24.316221237182617,0.6687961220741272,23.6839599609375,24.144542694091797,25.14010238647461,0.0
4652,4,126,6,20.27688980102539,19.489276885986328,23.06137466430664,21.29220199584961,1.7672910690307617,20.27688980102539,21.23868751525879,22.38633918762207,0.0
4653,4,133,6,30.43857192993164,20.922992706298828,30.43857192993164,27.034765243530273,15.52499008178711,23.806854248046875,29.116451263427734,30.211963653564453,0.1
4654,4,158,6,16.667160034179688,15.255934715270996,16.667160034179688,16.081661224365234,0.30464959144592285,15.639039039611816,16.169788360595703,16.616331100463867,0.0
4655,4,142,6,37.83704376220703,31.73274040222168,39.62979507446289,36.342018127441406,7.913000583648682,34.41453552246094,37.76560592651367,37.83704376220703,0.05
4656,4,136,6,9.08227252960205,0.0,9.08227252960205,7.222716808319092,10.60793685913086,8.082807540893555,8.55909538269043,9.04861831665039,0.25
4657,4,129,6,74.34798431396484,62.77838897705078,74.34798431396484,69.93355560302734,24.85042953491211,65.26416778564453,72.28559875488281,74.30644989013672,0.0
4658,4,153,6,19.850967407226562,19.127395629882812,20.46123504638672,19.767837524414062,0.1722404807806015,19.534873962402344,19.850967407226562,19.877958297729492,0.05
4659,4,152,6,24.886371612548828,23.936168670654297,24.886371612548828,24.477304458618164,0.1428040713071823,24.14452362060547,24.54679298400879,24.83965301513672,0.1
4660,4,147,6,32.32167053222656,22.808486938476562,32.32167053222656,29.381772994995117,11.909659385681152,27.920684814453125,30.689056396484375,32.2606201171875,0.05
4661,4,135,6,12.458769798278809,0.0,12.458769798278809,8.066570281982422,19.864765167236328,5.724370956420898,9.38948917388916,11.841629028320312,0.2
4662,4,144,6,13.347275733947754,0.0,13.347275733947754,10.190021514892578,21.89936637878418,10.608277320861816,12.104341506958008,13.132020950317383,0.2
4663,4,124,6,15.963428497314453,15.55017375946045,17.247922897338867,16.347307205200195,0.34468623995780945,15.963428497314453,16.20620346069336,16.794677734375,0.0
4664,4,157,6,34.31447982788086,32.412235260009766,34.31447982788086,33.64589309692383,0.6465184092521667,32.964027404785156,34.093955993652344,34.30350112915039,0.0
4665,4,110,6,72.10619354248047,69.19944763183594,72.10619354248047,70.82182312011719,1.2362937927246094,69.91777038574219,70.92821502685547,71.87297058105469,0.0
4666,4,147,6,26.205886840820312,25.373409271240234,26.348217010498047,26.057941436767578,0.10371033847332001,26.055320739746094,26.205886840820312,26.20830726623535,0.0
4667,4,143,6,22.809919357299805,17.474092483520508,22.809919357299805,21.38802719116211,3.3403429985046387,21.508499145507812,21.869871139526367,22.654739379882812,0.1
4668,4,89,6,32.791969299316406,30.58225440979004,36.07306671142578,33.38029098510742,3.537869691848755,32.5723876953125,32.791969299316406,34.855464935302734,0.0
4669,4,127,6,15.598213195800781,14.003250122070312,15.729190826416016,15.180014610290527,0.3861938416957855,14.895605087280273,15.516916275024414,15.598213195800781,0.05
4670,4,124,6,29.592117309570312,27.984634399414062,29.810649871826172,29.206605911254883,0.4718818962574005,28.81334686279297,29.592117309570312,29.67780303955078,0.0
4671,4,156,6,21.392826080322266,0.0,24.855024337768555,17.280025482177734,66.82962799072266,16.89761734008789,20.828405380249023,21.392826080322266,0.1
4672,4,155,6,31.422475814819336,30.543691635131836,32.696895599365234,31.728219985961914,0.5246632099151611,31.422475814819336,31.595991134643555,32.32807922363281,0.0
4673,4,143,6,30.655731201171875,29.902591705322266,31.10771942138672,30.732141494750977,0.17208370566368103,30.655731201171875,30.814979553222656,31.06618881225586,0.0
4674,4,153,6,34.5240478515625,32.63208770751953,35.87310028076172,34.3393440246582,1.5706555843353271,33.24223709106445,34.5240478515625,35.38187789916992,0.0
4675,4,152,6,27.66544532775879,21.11649513244629,27.66544532775879,24.326290130615234,6.864533424377441,22.015060424804688,23.99419403076172,26.872591018676758,0.1
4676,4,153,6,28.805673599243164,22.92900848388672,28.805673599243164,26.41810417175293,4.911922931671143,24.78460693359375,26.768875122070312,28.526975631713867,0.0
4677,4,146,6,35.268463134765625,34.7579460144043,36.788841247558594,35.60116195678711,0.6097605228424072,35.042076110839844,35.268463134765625,36.234596252441406,0.0
4678,4,147,6,13.464542388916016,0.0,13.803110122680664,11.247772216796875,25.328292846679688,13.3065824508667,13.464542388916016,13.491517066955566,0.2
4679,4,144,6,24.472640991210938,23.012039184570312,24.472640991210938,23.974477767944336,0.37866878509521484,23.481611251831055,24.338180541992188,24.451847076416016,0.0
4680,4,127,6,17.57611083984375,0.0,17.57611083984375,11.701910018920898,45.384498596191406,7.389660835266113,14.989299774169922,17.097551345825195,0.2
4681,4,132,6,40.01237487792969,35.356666564941406,40.01237487792969,37.21710205078125,3.957639455795288,35.90577697753906,36.01407241821289,39.03031921386719,0.0
4682,4,143,6,19.663349151611328,19.663349151611328,24.082508087158203,22.1566219329834,3.431161642074585,20.346790313720703,22.75536346435547,23.793254852294922,0.05
4683,4,137,6,23.95443344116211,22.521699905395508,24.0692138671875,23.399038314819336,0.3788147270679474,22.887191772460938,23.5108642578125,23.95443344116211,0.0
4684,4,155,6,33.68876647949219,31.04849624633789,34.645179748535156,33.128334045410156,1.2987264394760132,32.63086700439453,33.487606048583984,33.68876647949219,0.0
4685,4,144,6,42.37667465209961,42.02337646484375,43.61980438232422,42.73180389404297,0.31500858068466187,42.37667465209961,42.526214599609375,43.15784454345703,0.0
4686,4,158,6,30.16110610961914,27.973833084106445,30.16110610961914,29.16041374206543,0.7418870329856873,28.446521759033203,29.153228759765625,30.020910263061523,0.0
4687,4,134,6,32.36997985839844,31.763885498046875,34.809356689453125,32.916526794433594,1.1004319190979004,32.36997985839844,32.37240219116211,33.452064514160156,0.0
4688,4,136,6,21.35783576965332,17.18718147277832,21.35783576965332,19.388011932373047,3.568253517150879,17.528589248657227,19.52517318725586,21.283527374267578,0.1
4689,4,141,6,39.28490447998047,35.10265350341797,39.40882110595703,37.737030029296875,2.983501672744751,36.299781799316406,38.34834289550781,39.28490447998047,0.0
4690,4,115,6,27.711627960205078,24.853816986083984,27.711627960205078,27.010412216186523,0.9777171015739441,27.167587280273438,27.314472198486328,27.640710830688477,0.0
4691,4,153,6,29.757171630859375,28.071884155273438,30.480178833007812,29.3693904876709,0.6968213319778442,28.76083755493164,29.730205535888672,29.757171630859375,0.0
4692,4,101,6,25.313203811645508,25.313203811645508,30.600017547607422,27.389076232910156,4.68427038192749,25.59101104736328,26.486522674560547,29.238399505615234,0.0
4693,4,136,6,60.41704559326172,57.0455322265625,60.41704559326172,59.004329681396484,1.7730954885482788,57.888648986816406,59.368133544921875,60.165767669677734,0.0
4694,4,113,6,29.158008575439453,27.529190063476562,30.11037826538086,28.634510040283203,0.8434266448020935,27.809642791748047,28.65796661376953,29.158008575439453,0.0
4695,4,89,6,28.988595962524414,0.0,28.988595962524414,19.935087203979492,95.74970245361328,18.738468170166016,21.71034812927246,27.51762580871582,0.2
4696,4,139,6,39.84458923339844,37.396583557128906,39.84458923339844,39.11883544921875,0.7372382283210754,38.88265609741211,39.4263916015625,39.794830322265625,0.0
4697,4,134,6,27.223676681518555,18.633831024169922,27.223676681518555,23.611064910888672,8.781939506530762,22.708078384399414,22.94118881225586,26.207393646240234,0.05
4698,4,149,6,19.894269943237305,16.743907928466797,19.894269943237305,18.057601928710938,1.793208122253418,16.916683197021484,17.526241302490234,19.33765411376953,0.1
4699,4,140,6,17.795879364013672,0.0,17.795879364013672,12.077441215515137,46.176048278808594,8.014814376831055,15.575296401977539,17.41146469116211,0.1
4700,4,153,6,39.8390007019043,39.8390007019043,42.645668029785156,41.259525299072266,1.228893518447876,40.21408462524414,41.40227508544922,42.18800354003906,0.0
4701,4,128,6,16.908870697021484,16.908870697021484,18.600513458251953,17.89015007019043,0.5111175775527954,17.19445037841797,18.200119018554688,18.479068756103516,0.05
4702,4,148,6,52.88134002685547,52.88134002685547,56.46027374267578,54.78108215332031,2.0200040340423584,53.37701416015625,55.32954406738281,55.802101135253906,0.0
4703,4,154,6,17.895137786865234,12.328084945678711,18.082002639770508,16.607013702392578,4.3298234939575195,16.20248794555664,17.826370239257812,17.895137786865234,0.05
4704,4,127,6,46.91984176635742,46.91984176635742,47.89087677001953,47.43146514892578,0.18138650059700012,46.99428939819336,47.49241638183594,47.84684753417969,0.0
4705,4,134,6,64.01361846923828,58.326988220214844,64.01361846923828,61.49359893798828,5.674343585968018,59.15845489501953,62.13623046875,63.671058654785156,0.0
4706,4,143,6,34.479103088378906,29.948810577392578,35.70098114013672,33.145565032958984,4.910671234130859,31.190214157104492,34.248382568359375,34.479103088378906,0.1
4707,4,145,6,61.87921905517578,61.87921905517578,65.74757385253906,63.3151969909668,2.542412757873535,62.020057678222656,62.536903381347656,64.6413345336914,0.0
4708,4,142,6,21.517921447753906,20.792564392089844,21.517921447753906,21.15313720703125,0.0986802726984024,20.83979034423828,21.14442253112793,21.472042083740234,0.0
4709,4,132,6,30.19852066040039,23.39013671875,30.19852066040039,26.751192092895508,7.568639755249023,24.23624038696289,26.496959686279297,29.455671310424805,0.2
4710,4,77,6,47.81475067138672,44.818965911865234,47.81475067138672,46.55561828613281,1.0867842435836792,46.121795654296875,46.396766662597656,47.506431579589844,0.0
4711,4,148,6,18.555728912353516,18.2808837890625,19.47829818725586,18.924280166625977,0.22536636888980865,18.555728912353516,18.8990535736084,19.385093688964844,0.0
4712,4,135,6,24.32339096069336,20.74249839782715,24.32339096069336,23.302732467651367,1.5292632579803467,23.12366485595703,23.707061767578125,24.232152938842773,0.05
4713,4,150,6,28.71637725830078,26.39702606201172,29.409082412719727,28.539443969726562,0.9793972373008728,28.71637725830078,28.782344818115234,29.074190139770508,0.2
4714,4,142,6,12.284772872924805,0.0,12.284772872924805,9.807701110839844,19.418235778808594,11.1875,11.59562873840332,12.137947082519531,0.25
4715,4,128,6,17.875362396240234,16.948410034179688,18.758371353149414,17.871606826782227,0.2784595191478729,17.789016723632812,17.875362396240234,17.977764129638672,0.0
4716,4,155,6,21.719226837158203,19.194156646728516,21.719226837158203,20.391340255737305,1.0125130414962769,19.57929229736328,20.165300369262695,21.331401824951172,0.1
4717,4,142,6,18.485010147094727,15.634987831115723,18.485010147094727,17.190452575683594,1.0487569570541382,16.677932739257812,16.930923461914062,18.15818214416504,0.05
4718,4,158,6,27.15199089050293,27.15199089050293,29.04242706298828,28.035335540771484,0.4912383556365967,27.351037979125977,28.174922943115234,28.48723602294922,0.0
4719,4,136,6,61.21934509277344,61.21934509277344,63.750640869140625,62.44091796875,1.3860944509506226,61.257930755615234,62.373573303222656,63.6251335144043,0.0
4720,4,152,6,30.6029109954834,25.292171478271484,30.6029109954834,27.624370574951172,4.990939617156982,25.59222984313965,26.972885131835938,29.823238372802734,0.2
4721,4,135,6,24.006378173828125,23.209209442138672,24.006378173828125,23.624399185180664,0.09450063854455948,23.37350845336914,23.602909088134766,23.921688079833984,0.0
4722,4,147,6,17.55002212524414,14.399948120117188,17.55002212524414,15.777591705322266,1.7738890647888184,14.62725830078125,15.291543960571289,17.11787986755371,0.1
4723,4,123,6,28.273773193359375,26.798133850097656,35.1614990234375,29.444805145263672,7.339870452880859,28.263748168945312,28.273773193359375,29.494373321533203,0.0
4724,4,141,6,18.573150634765625,0.0,18.573150634765625,11.774794578552246,39.52248764038086,10.08537769317627,11.811372756958008,17.159961700439453,0.2
4725,4,156,6,13.941569328308105,13.522480964660645,14.630793571472168,14.095126152038574,0.14342224597930908,13.941569328308105,13.972408294677734,14.399133682250977,0.05
4726,4,133,6,31.33232879638672,29.289546966552734,31.33232879638672,30.28340721130371,0.7133874893188477,29.47167205810547,30.218530654907227,31.118722915649414,0.1
4727,4,137,6,39.10887908935547,37.09975814819336,39.572906494140625,38.522010803222656,0.7020824551582336,38.024269104003906,38.711402893066406,39.10887908935547,0.0
4728,4,152,6,61.78166198730469,59.677486419677734,61.78166198730469,60.738162994384766,0.8390707969665527,59.86363983154297,60.69093322753906,61.67279815673828,0.0
4729,4,146,6,39.68074417114258,30.18206024169922,39.68074417114258,35.08181381225586,14.247859954833984,31.73991584777832,34.916072845458984,38.8150634765625,0.1
4730,4,141,6,26.496013641357422,23.650972366333008,26.496013641357422,25.531251907348633,1.0263761281967163,25.107778549194336,25.746986389160156,26.42563247680664,0.05
4731,4,115,6,13.490108489990234,0.0,14.778610229492188,11.301172256469727,26.05683135986328,12.607085227966309,13.490108489990234,13.67412281036377,0.15
4732,4,74,6,21.268495559692383,20.023189544677734,21.268495559692383,20.78069305419922,0.23709681630134583,20.457929611206055,20.836143493652344,21.250282287597656,0.15
4733,4,124,6,40.67658615112305,32.657569885253906,40.67658615112305,36.143035888671875,10.887136459350586,33.59986114501953,34.73097610473633,39.31221389770508,0.0
4734,4,106,6,36.722251892089844,34.407386779785156,36.722251892089844,36.12301254272461,0.6342782378196716,36.170654296875,36.38987731933594,36.64580154418945,0.0
4735,4,137,6,27.73416519165039,17.30648422241211,27.73416519165039,24.123266220092773,14.683505058288574,22.02762222290039,25.18514060974121,27.561450958251953,0.05
4736,4,156,6,23.1299991607666,20.450172424316406,23.230634689331055,22.18531036376953,1.1027237176895142,21.552762985229492,22.390533447265625,23.1299991607666,0.0
4737,4,102,6,39.27378845214844,30.160995483398438,39.27378845214844,33.71332550048828,15.66347885131836,30.84406280517578,31.419757843017578,37.37006378173828,0.0
4738,4,113,6,18.32305908203125,12.66293716430664,18.32305908203125,16.622764587402344,3.9171595573425293,16.0722599029541,17.37204360961914,18.118635177612305,0.05
4739,4,120,6,71.31450653076172,59.312599182128906,71.31450653076172,66.43846130371094,17.748571395874023,64.29776763916016,66.54853820800781,70.15644073486328,0.0
4740,4,139,6,24.169694900512695,18.664236068725586,24.169694900512695,21.4101619720459,5.1150641441345215,19.50798988342285,20.99153709411621,23.72075653076172,0.05
4741,4,140,6,21.44354820251465,18.33714485168457,21.44354820251465,20.108333587646484,1.308911681175232,19.418710708618164,20.006887435913086,21.22638702392578,0.0
4742,4,135,6,21.944934844970703,21.944934844970703,24.155288696289062,22.984811782836914,0.688866376876831,22.164409637451172,23.164100646972656,23.52798080444336,0.0
4743,4,135,6,20.095699310302734,0.0,20.58344841003418,16.78668975830078,56.50741958618164,19.58030891418457,20.095699310302734,20.4265079498291,0.25
4744,4,117,6,34.638404846191406,25.52739143371582,34.638404846191406,29.713027954101562,12.928204536437988,27.40044593811035,28.065532684326172,33.11830139160156,0.15
4745,4,139,6,30.639068603515625,25.172199249267578,30.781055450439453,28.850181579589844,5.7066330909729,26.879619598388672,30.342187881469727,30.639068603515625,0.0
4746,4,151,6,32.638038635253906,21.4700984954834,32.638038635253906,27.656782150268555,20.06792449951172,23.617881774902344,28.234601974487305,32.02193069458008,0.1
4747,4,147,6,35.9213752746582,31.62026596069336,35.92388916015625,35.06715393066406,2.419999599456787,35.4237060546875,35.79900360107422,35.9213752746582,0.0
4748,4,116,6,48.17714309692383,47.13130187988281,50.23951721191406,48.56597137451172,0.9456724524497986,48.17714309692383,48.29193115234375,49.04969024658203,0.0
4749,4,129,6,18.469648361206055,16.994762420654297,19.44114875793457,18.134443283081055,0.6157420873641968,17.597021102905273,18.21139144897461,18.469648361206055,0.0
4750,4,120,6,33.6140251159668,31.015579223632812,34.50349044799805,32.5989875793457,1.8522907495498657,31.284290313720703,32.65782165527344,33.6140251159668,0.0
4751,4,118,6,37.338199615478516,33.62582778930664,38.228546142578125,36.312217712402344,3.622419834136963,34.59564971923828,37.338199615478516,37.580352783203125,0.0
4752,4,140,6,19.196533203125,17.868675231933594,19.84127426147461,18.937095642089844,0.4602218270301819,18.456544876098633,19.196533203125,19.281389236450195,0.0
4753,4,130,6,28.663448333740234,28.663448333740234,30.656291961669922,29.77362823486328,0.646970808506012,29.020885467529297,30.14141845703125,30.32921600341797,0.0
4754,4,146,6,18.63054656982422,14.472302436828613,18.63054656982422,16.696674346923828,2.451280117034912,15.53647518157959,16.54534149169922,18.226083755493164,0.0
4755,4,128,6,21.81792449951172,18.800785064697266,21.81792449951172,20.297344207763672,1.3621853590011597,19.40546226501465,20.073524475097656,21.395030975341797,0.0
4756,4,145,6,21.028722763061523,17.93313980102539,21.028722763061523,19.784027099609375,1.1956732273101807,19.21719741821289,19.78527069091797,20.80425262451172,0.0
4757,4,136,6,18.285961151123047,18.285961151123047,19.68027114868164,18.969205856323242,0.27295422554016113,18.476028442382812,19.096126556396484,19.31459617614746,0.0
4758,4,150,6,34.871620178222656,34.42121887207031,35.68958282470703,35.086708068847656,0.19467754662036896,34.871620178222656,34.96644592285156,35.469017028808594,0.0
4759,4,137,6,26.20825958251953,22.587909698486328,26.20825958251953,24.290294647216797,2.243445873260498,22.90802001953125,24.007766723632812,25.793411254882812,0.0
4760,4,110,6,41.0751953125,40.551856994628906,47.206390380859375,43.692073822021484,8.280442237854004,41.0751953125,43.102684020996094,46.61776351928711,0.0
4761,4,153,6,19.126983642578125,14.84715461730957,20.819957733154297,18.309804916381836,3.328347682952881,17.850954055786133,18.665851593017578,19.126983642578125,0.05
4762,4,131,6,25.42753028869629,23.236318588256836,25.519805908203125,24.82297134399414,0.6411153674125671,24.575510025024414,25.13323974609375,25.42753028869629,0.0
4763,4,148,6,22.315895080566406,19.43118667602539,22.315895080566406,20.700340270996094,1.3853482007980347,19.806407928466797,20.221553802490234,21.81325912475586,0.0
4764,4,125,6,26.497913360595703,17.121355056762695,26.497913360595703,22.171613693237305,12.258249282836914,19.62544059753418,21.89426040649414,25.538108825683594,0.15
4765,4,149,6,36.17289352416992,34.273704528808594,36.44975280761719,35.55699920654297,0.7840213179588318,34.757598876953125,36.033409118652344,36.17289352416992,0.0
4766,4,151,6,29.475250244140625,21.69837188720703,29.475250244140625,26.091468811035156,7.398606300354004,25.05634307861328,25.429786682128906,28.545263290405273,0.2
4767,4,145,6,9.853228569030762,0.0,10.1903657913208,7.5830512046813965,14.331615447998047,6.532179832458496,9.853228569030762,10.095547676086426,0.25
4768,4,160,6,35.97425079345703,33.10126495361328,35.97425079345703,34.60641098022461,1.2185450792312622,33.74888610839844,34.47084426879883,35.702476501464844,0.0
4769,4,148,6,25.373233795166016,22.881420135498047,25.373233795166016,24.40554428100586,0.9841138124465942,23.58722686767578,24.721940994262695,25.324787139892578,0.25
4770,4,118,6,41.452239990234375,36.39617919921875,42.36289978027344,39.59588623046875,5.734885215759277,37.227569580078125,40.432373046875,41.452239990234375,0.0
4771,4,158,6,21.713510513305664,19.25497055053711,21.713510513305664,20.58359146118164,0.7751454710960388,20.162202835083008,20.356510162353516,21.381086349487305,0.0
4772,4,147,6,20.088621139526367,17.081104278564453,20.319766998291016,19.45946502685547,1.2143375873565674,19.499963760375977,19.9283504486084,20.088621139526367,0.05
4773,4,149,6,8.237672805786133,0.0,11.667015075683594,8.114078521728516,15.258415222167969,8.237672805786133,8.569416046142578,10.956001281738281,0.25
4774,4,147,6,16.948040008544922,15.629040718078613,17.617507934570312,16.452726364135742,0.5753152370452881,15.71677303314209,16.437543869018555,16.948040008544922,0.0
4775,4,153,6,7.08050537109375,0.0,7.08050537109375,5.00644063949585,5.70251989364624,5.049610137939453,5.423964500427246,6.745028495788574,0.25
4776,4,112,6,30.450605392456055,27.38620376586914,30.450605392456055,29.33234214782715,1.500421166419983,28.370824813842773,29.806482315063477,30.44062614440918,0.0
4777,4,121,6,20.21088218688965,17.65418243408203,20.600231170654297,19.545839309692383,1.0027753114700317,19.099260330200195,19.955326080322266,20.21088218688965,0.1
4778,4,122,6,21.693782806396484,0.0,21.693782806396484,15.705899238586426,58.63836669921875,14.593883514404297,18.21366310119629,21.59865951538086,0.15
4779,4,138,6,32.965980529785156,31.666885375976562,35.419776916503906,33.478179931640625,1.703609585762024,32.8905029296875,32.965980529785156,34.48031997680664,0.0
4780,4,141,6,21.89575958251953,20.666259765625,21.89575958251953,21.338218688964844,0.21142327785491943,20.995899200439453,21.329551696777344,21.775022506713867,0.0
4781,4,153,6,0.0,0.0,15.086935043334961,9.649433135986328,46.77560043334961,3.3928911685943604,13.991174697875977,14.723182678222656,0.25
4782,4,144,6,43.983848571777344,40.79450607299805,45.372657775878906,43.57549285888672,1.9620875120162964,43.380027770996094,43.983848571777344,44.10047149658203,0.05
4783,4,122,6,36.45764923095703,0.0,36.45764923095703,26.898292541503906,161.79393005371094,26.015460968017578,32.20123291015625,35.48238754272461,0.1
4784,4,138,6,19.24268913269043,18.75946807861328,20.663599014282227,19.795852661132812,0.5432190299034119,19.24268913269043,19.807403564453125,20.463939666748047,0.0
4785,4,147,6,24.847003936767578,23.513755798339844,24.847003936767578,24.254436492919922,0.30213600397109985,23.748493194580078,24.32989501953125,24.796005249023438,0.25
4786,4,138,6,5.027116775512695,0.0,5.336848735809326,4.1048583984375,3.4372684955596924,4.5619425773620605,4.880166530609131,5.027116775512695,0.25
4787,4,142,6,38.07414245605469,34.958553314208984,39.021278381347656,37.49277877807617,2.1873550415039062,36.562278747558594,38.07414245605469,38.59621047973633,0.0
4788,4,154,6,32.381370544433594,28.306568145751953,33.74992370605469,31.94378662109375,3.454880475997925,31.434062957763672,32.381370544433594,33.38923645019531,0.0
4789,4,135,6,19.731868743896484,19.447681427001953,20.228721618652344,19.76786994934082,0.0577378049492836,19.646671295166016,19.731868743896484,19.819570541381836,0.0
4790,4,155,6,27.351268768310547,27.351268768310547,32.88895034790039,30.78176498413086,5.95366096496582,28.511777877807617,32.25234603881836,32.57365798950195,0.05
4791,4,111,6,28.847436904907227,28.793407440185547,30.20549964904785,29.304141998291016,0.2989388108253479,28.847436904907227,29.062206268310547,29.709810256958008,0.0
4792,4,112,6,47.41410827636719,36.61384963989258,47.41410827636719,43.127864837646484,13.885942459106445,41.676902770996094,42.87447738647461,46.50303649902344,0.15
4793,4,126,6,35.46644592285156,28.530847549438477,35.46644592285156,31.876188278198242,7.351787567138672,29.796710968017578,31.14449691772461,34.503665924072266,0.05
4794,4,154,6,25.964149475097656,23.513965606689453,25.964149475097656,24.945383071899414,0.9051018953323364,24.155838012695312,25.162952423095703,25.82685089111328,0.1
4795,4,145,6,40.33179473876953,38.75840759277344,40.33179473876953,39.64850997924805,0.35330072045326233,39.232444763183594,39.63307189941406,40.23512268066406,0.0
4796,4,135,6,29.274147033691406,29.274147033691406,32.01028060913086,30.420682907104492,1.023207187652588,29.46230697631836,30.329973220825195,31.137470245361328,0.0
4797,4,153,6,25.434051513671875,25.434051513671875,27.298065185546875,26.089252471923828,0.4772382080554962,25.4562931060791,25.972003936767578,26.424253463745117,0.0
4798,4,89,6,18.866313934326172,0.0,18.866313934326172,10.655942916870117,48.8059196472168,5.615216255187988,10.938398361206055,17.24839210510254,0.2
4799,4,134,6,18.226970672607422,13.101694107055664,18.226970672607422,16.39932632446289,2.9919517040252686,15.961128234863281,16.498241424560547,17.84109878540039,0.05
4800,4,138,6,64.93447875976562,60.92585754394531,65.99171447753906,64.08930969238281,3.5373756885528564,62.832275390625,64.93447875976562,65.44695281982422,0.0
4801,4,139,6,11.825663566589355,8.828707695007324,11.825663566589355,10.618978500366211,1.4465463161468506,9.569238662719727,11.018158912658691,11.707226753234863,0.1
4802,4,146,6,26.555217742919922,23.116436004638672,26.555217742919922,24.761573791503906,1.7850035429000854,23.845823287963867,24.271820068359375,26.05570411682129,0.0
4803,4,130,6,21.120899200439453,21.120899200439453,22.62161636352539,21.866249084472656,0.34931328892707825,21.27056884765625,21.991819381713867,22.328842163085938,0.0
4804,4,126,6,28.45855140686035,21.909664154052734,28.45855140686035,26.049806594848633,6.280808448791504,24.517749786376953,26.528079986572266,28.402141571044922,0.05
4805,4,135,6,42.42604446411133,42.30472183227539,44.59113693237305,43.42485427856445,1.089648962020874,42.42604446411133,43.35899353027344,44.454917907714844,0.0
4806,4,152,6,28.737611770629883,27.323930740356445,30.146080017089844,28.90667152404785,0.8394490480422974,28.674301147460938,28.737611770629883,29.56559944152832,0.0
4807,4,133,6,49.02375030517578,44.83856964111328,51.44206237792969,48.55765151977539,4.064755439758301,47.926509857177734,49.02375030517578,49.34870147705078,0.0
4808,4,140,6,13.791483879089355,11.278349876403809,13.791483879089355,12.6137113571167,0.9916567206382751,11.802074432373047,12.53939151763916,13.61785888671875,0.05
4809,4,138,6,52.29829406738281,51.544551849365234,55.725608825683594,53.31547546386719,2.0055015087127686,52.29829406738281,53.080196380615234,54.08852005004883,0.0
4810,4,149,6,27.994354248046875,20.69904327392578,27.994354248046875,24.563812255859375,7.845024108886719,22.52611541748047,24.122779846191406,27.36821174621582,0.05
4811,4,126,6,74.70588684082031,74.70588684082031,77.00355529785156,75.7704849243164,0.9165868759155273,74.84556579589844,75.62474060058594,76.71479797363281,0.0
4812,4,125,6,54.08896255493164,51.96442413330078,54.46405029296875,53.68672561645508,0.6714913249015808,53.632015228271484,54.047935485839844,54.08896255493164,0.0
4813,4,138,6,15.947980880737305,0.0,15.947980880737305,10.74485969543457,28.41146469116211,10.36627197265625,11.218683242797852,14.805928230285645,0.2
4814,4,148,6,27.606773376464844,24.445850372314453,27.606773376464844,26.326114654541016,1.447844386100769,25.39247703552246,26.594417572021484,27.44115447998047,0.1
4815,4,145,6,36.987728118896484,26.751523971557617,36.987728118896484,32.323265075683594,16.924957275390625,28.99374771118164,32.18872833251953,36.4677734375,0.0
4816,4,148,6,21.124099731445312,19.32554817199707,21.124099731445312,20.38327980041504,0.3906953036785126,20.106407165527344,20.32952117919922,20.95159339904785,0.1
4817,4,115,6,73.54351806640625,60.46137237548828,73.54351806640625,67.83715057373047,21.252206802368164,65.62989044189453,67.09478759765625,72.03884887695312,0.1
4818,4,152,6,18.685169219970703,14.276631355285645,18.685169219970703,16.39328956604004,3.2093825340270996,14.816598892211914,16.037649154663086,18.194202423095703,0.15
4819,4,137,6,25.499597549438477,23.063156127929688,25.499597549438477,24.64580726623535,0.857154369354248,24.018760681152344,25.02339744567871,25.441905975341797,0.0
4820,4,139,6,21.616985321044922,20.60242462158203,23.544086456298828,21.95159912109375,0.7947998046875,21.616985321044922,21.780160903930664,22.275165557861328,0.0
4821,4,113,6,24.44532012939453,0.0,24.44532012939453,19.243144989013672,75.16398620605469,21.887136459350586,22.344757080078125,24.02826499938965,0.05
4822,4,124,6,33.958274841308594,25.43354606628418,33.958274841308594,30.253583908081055,9.538890838623047,28.30533790588379,30.094974517822266,33.19694900512695,0.0
4823,4,143,6,82.08668518066406,82.08668518066406,89.53746032714844,86.54105377197266,10.210803985595703,83.49810028076172,88.24605560302734,88.97248840332031,0.0
4824,4,118,6,31.679899215698242,30.3365478515625,37.09053421020508,32.44675827026367,4.8454508781433105,31.257314682006836,31.679899215698242,32.502891540527344,0.0
4825,4,135,6,15.547874450683594,15.116116523742676,16.4971923828125,15.617667198181152,0.17749378085136414,15.483946800231934,15.537698745727539,15.547874450683594,0.0
4826,4,155,6,24.25811004638672,23.67778205871582,25.519235610961914,24.367347717285156,0.3349617123603821,24.04059600830078,24.25811004638672,24.456592559814453,0.1
4827,4,133,6,11.961894035339355,10.878934860229492,12.30821418762207,11.618579864501953,0.24753370881080627,11.24531364440918,11.686041831970215,11.961894035339355,0.2
4828,4,148,6,24.861434936523438,23.667640686035156,25.161060333251953,24.663360595703125,0.22054937481880188,24.706573486328125,24.795589447021484,24.861434936523438,0.0
4829,4,146,6,12.585786819458008,11.13627815246582,12.585786819458008,12.116662979125977,0.254997193813324,11.941000938415527,12.275367736816406,12.517066955566406,0.0
4830,4,138,6,28.92643165588379,0.0,28.92643165588379,16.7484073638916,100.74166870117188,12.754758834838867,15.36984634399414,25.54840850830078,0.2
4831,4,113,6,22.845565795898438,0.0,22.845565795898438,15.09744644165039,62.34893035888672,12.213706016540527,16.971023559570312,21.619606018066406,0.2
4832,4,149,6,8.722959518432617,5.2867865562438965,8.722959518432617,7.53111457824707,1.6716750860214233,6.741029739379883,7.94905948638916,8.692615509033203,0.1
4833,4,135,6,31.42125701904297,30.357988357543945,31.42125701904297,30.858461380004883,0.18514512479305267,30.48424530029297,30.775039672851562,31.26935386657715,0.0
4834,4,106,6,29.63011360168457,25.07698631286621,31.110881805419922,28.722705841064453,3.466890573501587,28.420005798339844,29.061153411865234,29.63011360168457,0.0
4835,4,145,6,20.39975357055664,20.093345642089844,20.506736755371094,20.316993713378906,0.020619342103600502,20.207401275634766,20.369251251220703,20.39975357055664,0.0
4836,4,150,6,12.6151123046875,10.792463302612305,12.6151123046875,11.721698760986328,0.4888351261615753,11.217041969299316,11.558343887329102,12.416579246520996,0.0
4837,4,121,6,39.458892822265625,28.97705078125,43.83677673339844,37.844356536865234,29.328689575195312,34.140960693359375,39.458892822265625,42.089385986328125,0.05
4838,4,153,6,54.09897994995117,49.40660858154297,56.511322021484375,52.791603088378906,5.613222122192383,51.03923034667969,52.98554992675781,54.09897994995117,0.0
4839,4,129,6,26.468761444091797,0.0,26.468761444091797,19.708953857421875,83.98127746582031,20.019973754882812,23.140085220336914,25.678661346435547,0.25
4840,4,159,6,71.05592346191406,70.48280334472656,72.93780517578125,71.84292602539062,0.9975495338439941,71.05592346191406,71.88076782226562,72.79100036621094,0.0
4841,4,153,6,16.303451538085938,12.949422836303711,16.94808006286621,15.587905883789062,2.06923246383667,14.859638214111328,16.303451538085938,16.559358596801758,0.1
4842,4,131,6,52.97260665893555,44.865150451660156,52.97260665893555,49.23722839355469,8.744916915893555,47.396018981933594,48.7933349609375,51.99985885620117,0.0
4843,4,122,6,0.0,0.0,1.0561306476593018,0.6699164509773254,0.22550137341022491,0.23737329244613647,0.9673675298690796,1.0177850723266602,0.25
4844,4,148,6,36.76495361328125,32.019866943359375,36.76495361328125,34.284912109375,3.719029426574707,32.54677963256836,33.95854187011719,36.18815994262695,0.1
4845,4,145,6,24.864784240722656,22.014631271362305,24.889690399169922,24.176013946533203,1.0954928398132324,23.97636604309082,24.772666931152344,24.864784240722656,0.0
4846,4,158,6,12.468611717224121,0.0,12.468611717224121,9.000389099121094,17.944002151489258,9.115616798400879,10.12887191772461,11.905804634094238,0.15
4847,4,156,6,24.213088989257812,21.49675750732422,24.213088989257812,23.436899185180664,0.8737413883209229,23.321950912475586,23.722272872924805,24.13943862915039,0.05
4848,4,140,6,28.41973304748535,24.569501876831055,28.41973304748535,27.056425094604492,1.9877386093139648,26.305103302001953,27.365516662597656,28.34136390686035,0.0
4849,4,126,6,15.264411926269531,14.382389068603516,15.5780029296875,15.148898124694824,0.1380407065153122,15.135112762451172,15.264411926269531,15.300222396850586,0.0
4850,4,151,6,38.58363342285156,37.49327087402344,38.58363342285156,37.92924499511719,0.23064476251602173,37.5203971862793,37.69727325439453,38.40625762939453,0.0
4851,4,156,6,42.061161041259766,39.89439392089844,42.458839416503906,41.25044250488281,0.9750885367393494,40.37621307373047,41.4246826171875,42.061161041259766,0.0
4852,4,147,6,17.465301513671875,16.245784759521484,17.465301513671875,16.996286392211914,0.20912595093250275,16.67623519897461,17.102840423583984,17.4208984375,0.0
4853,4,140,6,19.4044189453125,0.0,19.4044189453125,12.826945304870605,42.54859161376953,11.677923202514648,13.366447448730469,18.123571395874023,0.2
4854,4,156,6,24.28888511657715,22.12301254272461,24.28888511657715,23.409902572631836,0.6713240146636963,22.802518844604492,23.606544494628906,24.126577377319336,0.0
4855,4,93,6,57.323890686035156,56.149017333984375,61.34501647949219,58.68264389038086,3.615464687347412,57.323890686035156,58.27262878417969,60.35485076904297,0.05
4856,4,116,6,36.65594482421875,36.65594482421875,39.34910202026367,38.103904724121094,1.1895819902420044,37.05807876586914,38.37723159790039,39.028472900390625,0.0
4857,4,149,6,8.239426612854004,6.674628257751465,8.239426612854004,7.8533782958984375,0.3041492998600006,7.849190711975098,8.072211265563965,8.233260154724121,0.15
4858,4,128,6,23.86921501159668,21.200050354003906,24.65625,23.01119613647461,1.4439668655395508,22.214447021484375,23.07449722290039,23.86921501159668,0.0
4859,4,134,6,20.682355880737305,18.8487548828125,21.057947158813477,20.42822265625,0.5339407324790955,20.502012252807617,20.682355880737305,20.812610626220703,0.05
4860,4,119,6,39.97904968261719,38.209228515625,39.97904968261719,39.20196533203125,0.5430838465690613,38.496219635009766,39.35918045043945,39.91223907470703,0.0
4861,4,132,6,47.69453811645508,43.318336486816406,50.11027526855469,47.063194274902344,5.816921710968018,45.27962112426758,47.69453811645508,48.7387580871582,0.0
4862,4,132,6,55.85099792480469,52.884315490722656,55.85099792480469,54.666263580322266,1.138720989227295,54.01421356201172,54.81572723388672,55.616764068603516,0.0
4863,4,138,6,14.656862258911133,11.15509033203125,14.656862258911133,13.341742515563965,1.6115436553955078,12.623631477355957,13.534622192382812,14.520623207092285,0.05
4864,4,129,6,31.631996154785156,30.8104305267334,32.21918487548828,31.613964080810547,0.18677131831645966,31.515979766845703,31.631996154785156,31.8426513671875,0.15
4865,4,147,6,20.53955841064453,19.961435317993164,21.228477478027344,20.434354782104492,0.17089273035526276,20.137664794921875,20.384937286376953,20.53955841064453,0.0
4866,4,129,6,32.58144760131836,19.62281036376953,33.42987823486328,28.642227172851562,34.264644622802734,23.998600006103516,32.52046203613281,32.58144760131836,0.1
4867,4,144,6,14.083080291748047,14.083080291748047,15.65108871459961,14.85696792602539,0.35308852791786194,14.274565696716309,15.041821479797363,15.239339828491211,0.0
4868,4,149,6,44.17369079589844,40.896183013916016,44.17369079589844,43.05603790283203,1.2712509632110596,42.70647430419922,43.22003936767578,44.02325439453125,0.05
4869,4,151,6,15.727374076843262,0.0,15.727374076843262,11.515045166015625,28.691701889038086,12.142705917358398,12.756156921386719,15.123307228088379,0.2
4870,4,129,6,53.563934326171875,52.073699951171875,54.71824645996094,53.48927307128906,0.6781587600708008,53.13117218017578,53.563934326171875,53.91267395019531,0.0
4871,4,133,6,37.51068115234375,26.671855926513672,37.51068115234375,31.771671295166016,19.360820770263672,28.062419891357422,30.581405639648438,36.19178771972656,0.0
4872,4,128,6,41.80215835571289,36.82394027709961,42.89218521118164,40.02107238769531,5.190912246704102,38.03224563598633,40.47332763671875,41.80215835571289,0.0
4873,4,125,6,11.173151016235352,2.002035617828369,11.554054260253906,9.355789184570312,11.11305046081543,10.088173866271973,10.672659873962402,11.173151016235352,0.15
4874,4,144,6,24.683637619018555,22.05698013305664,25.435487747192383,23.821325302124023,1.4075099229812622,23.03238868713379,23.860584259033203,24.683637619018555,0.0
4875,4,126,6,48.46195602416992,43.49385070800781,48.852535247802734,46.148319244384766,6.023963451385498,43.67670822143555,46.26898956298828,48.46195602416992,0.0
4876,4,151,6,36.015968322753906,36.015968322753906,36.67862319946289,36.27747344970703,0.07397530972957611,36.04493713378906,36.16594696044922,36.51679611206055,0.0
4877,4,149,6,34.0217399597168,34.0217399597168,35.79617691040039,34.75779724121094,0.4507681429386139,34.119380950927734,34.65746307373047,35.26980972290039,0.0
4878,4,158,6,13.972179412841797,13.278057098388672,15.315644264221191,13.873342514038086,0.499997615814209,13.346479415893555,13.666109085083008,13.972179412841797,0.0
4879,4,138,6,35.68394470214844,30.995811462402344,35.68394470214844,34.22975540161133,2.535268783569336,33.961143493652344,34.61171340942383,35.45121765136719,0.0
4880,4,157,6,13.806889533996582,13.256096839904785,14.039840698242188,13.72524642944336,0.06100023537874222,13.645227432250977,13.806889533996582,13.839537620544434,0.0
4881,4,150,6,15.915785789489746,15.692145347595215,16.07119369506836,15.921381950378418,0.015393381007015705,15.893036842346191,15.915785789489746,16.014892578125,0.0
4882,4,156,6,35.4164924621582,31.514352798461914,36.352054595947266,34.46518325805664,2.456470251083374,33.84916687011719,34.9278564453125,35.4164924621582,0.05
4883,4,140,6,59.89715576171875,56.48407745361328,62.659263610839844,59.92347717285156,3.874591112136841,59.18782043457031,59.89715576171875,61.213157653808594,0.0
4884,4,145,6,55.777915954589844,47.000205993652344,55.777915954589844,52.69120407104492,9.481989860534668,51.31882858276367,53.47355270385742,55.23444366455078,0.0
4885,4,143,6,29.108379364013672,0.0,29.108379364013672,23.0751895904541,108.0210189819336,25.92413902282715,27.383745193481445,28.699188232421875,0.1
4886,4,109,6,16.302921295166016,15.09122085571289,16.302921295166016,15.780145645141602,0.2122872769832611,15.461276054382324,15.768019676208496,16.23575210571289,0.2
4887,4,155,6,19.405149459838867,17.36928939819336,19.405149459838867,18.410751342773438,0.6549983024597168,17.712223052978516,18.333961486816406,19.22136116027832,0.1
4888,4,109,6,44.651283264160156,44.124088287353516,44.651283264160156,44.41298294067383,0.03610917553305626,44.30254364013672,44.38518524169922,44.58916473388672,0.0
4889,4,108,6,26.084617614746094,21.02789306640625,26.084617614746094,24.308320999145508,3.131136178970337,23.584739685058594,24.594371795654297,25.873950958251953,0.2
4890,4,142,6,30.54399871826172,25.890785217285156,30.54399871826172,28.923625946044922,3.214409351348877,27.668434143066406,29.70560646057129,30.45618438720703,0.05
4891,4,144,6,30.954849243164062,29.608539581298828,31.83367156982422,30.984127044677734,0.4790724217891693,30.954849243164062,31.01082992553711,31.38123321533203,0.0
4892,4,137,6,32.99195861816406,31.969757080078125,33.619972229003906,32.7379150390625,0.2845582962036133,32.38116455078125,32.75519561767578,32.99195861816406,0.0
4893,4,141,6,26.944232940673828,26.944232940673828,28.093236923217773,27.49311637878418,0.2340470552444458,27.017440795898438,27.44628143310547,27.977203369140625,0.0
4894,4,157,6,32.64704132080078,29.436237335205078,32.64704132080078,31.112110137939453,1.5083894729614258,30.140487670898438,31.013465881347656,32.28807830810547,0.0
4895,4,143,6,32.97374725341797,29.917007446289062,33.0028076171875,32.30119323730469,1.276668906211853,32.21278762817383,32.97374725341797,32.978973388671875,0.0
4896,4,106,6,14.610280990600586,14.516281127929688,15.952491760253906,15.119854927062988,0.31979498267173767,14.610280990600586,15.001623153686523,15.575864791870117,0.0
4897,4,128,6,41.90502166748047,13.677070617675781,41.90502166748047,32.42696762084961,118.76520538330078,25.330595016479492,37.841312408447266,41.06288528442383,0.05
4898,4,132,6,29.034528732299805,27.700984954833984,29.861831665039062,28.976221084594727,0.44325894117355347,28.853086471557617,29.034528732299805,29.333267211914062,0.05
4899,4,149,6,52.26189422607422,48.58770751953125,52.759666442871094,51.08294677734375,2.17037296295166,50.263328552246094,51.337501525878906,52.26189422607422,0.0
4900,4,118,6,59.08131408691406,54.90758514404297,67.30445861816406,58.74302673339844,17.147411346435547,55.960304260253906,57.64297866821289,59.08131408691406,0.0
4901,4,155,6,21.6402587890625,17.829700469970703,21.6402587890625,19.69975471496582,2.4767205715179443,18.25210952758789,19.49884605407715,21.295467376708984,0.0
4902,4,154,6,9.664800643920898,9.664800643920898,11.448589324951172,10.698219299316406,0.5887979865074158,9.930093765258789,11.016033172607422,11.360817909240723,0.05
4903,4,147,6,53.95750427246094,52.30714797973633,55.111392974853516,53.83013916015625,0.8390324711799622,53.316131591796875,53.95750427246094,54.39808654785156,0.0
4904,4,156,6,20.042573928833008,18.45000457763672,21.098968505859375,19.844585418701172,0.6061768531799316,19.685836791992188,19.91049575805664,20.042573928833008,0.0
4905,4,144,6,30.372875213623047,28.79741668701172,30.737611770629883,29.955703735351562,0.4439966380596161,29.547122955322266,30.229394912719727,30.372875213623047,0.0
4906,4,148,6,13.657411575317383,8.350046157836914,14.301895141601562,12.196760177612305,4.933682918548584,10.784523963928223,13.4545316696167,13.657411575317383,0.15
4907,4,93,6,59.0714225769043,58.087806701660156,60.62038803100586,59.3586540222168,0.6414926648139954,59.0714225769043,59.16515350341797,59.84622573852539,0.0
4908,4,146,6,24.63504409790039,19.685096740722656,24.63504409790039,22.49086570739746,3.9219696521759033,20.810749053955078,22.716293334960938,24.441747665405273,0.0
4909,4,126,6,49.96249771118164,47.38585662841797,50.211204528808594,49.350154876708984,0.8931130766868591,49.275726318359375,49.639671325683594,49.96249771118164,0.0
4910,4,117,6,13.182294845581055,12.533858299255371,13.182294845581055,12.895275115966797,0.06207161396741867,12.699495315551758,12.901309967041016,13.140819549560547,0.0
4911,4,143,6,14.734952926635742,14.364025115966797,15.878984451293945,15.090619087219238,0.27669575810432434,14.734952926635742,14.998726844787598,15.49184799194336,0.25
4912,4,153,6,22.78582000732422,20.860597610473633,22.78582000732422,21.799407958984375,0.5557206869125366,21.24557876586914,21.60097885131836,22.51596450805664,0.1
4913,4,135,6,32.38711929321289,32.38711929321289,33.14215087890625,32.796058654785156,0.1098375990986824,32.455081939697266,32.870853424072266,33.109371185302734,0.0
4914,4,130,6,29.322921752929688,27.21310806274414,29.322921752929688,28.143802642822266,0.7799742817878723,27.35793113708496,27.868621826171875,29.018539428710938,0.0
4915,4,126,6,36.69746017456055,35.98883056640625,38.202247619628906,37.019290924072266,0.646882176399231,36.568763732910156,36.69746017456055,37.677284240722656,0.0
4916,4,129,6,37.4925422668457,37.13176345825195,38.56315612792969,37.865020751953125,0.27031210064888,37.4925422668457,37.83038330078125,38.29846954345703,0.0
4917,4,133,6,31.72844886779785,28.316436767578125,31.72844886779785,30.268047332763672,1.6180256605148315,29.371688842773438,30.29564666748047,31.505218505859375,0.15
4918,4,159,6,23.850196838378906,22.629955291748047,24.14609146118164,23.416641235351562,0.30929112434387207,23.001197814941406,23.44145393371582,23.850196838378906,0.0
4919,4,151,6,63.20854187011719,59.81644821166992,64.25558471679688,62.60013961791992,2.390848159790039,61.783573150634766,63.20854187011719,63.65449523925781,0.05
4920,4,145,6,31.162891387939453,28.75457000732422,31.162891387939453,30.334320068359375,0.6474748253822327,30.245773315429688,30.35683250427246,30.96373748779297,0.0
4921,4,144,6,35.941917419433594,35.941917419433594,38.31306457519531,36.72659683227539,0.8009050488471985,36.01824188232422,36.30237579345703,37.25782775878906,0.0
4922,4,140,6,29.59075355529785,26.789913177490234,29.59075355529785,28.091825485229492,1.3957984447479248,27.004453659057617,27.827068328857422,29.296194076538086,0.0
4923,4,132,6,12.518686294555664,10.303153038024902,12.518686294555664,11.913297653198242,0.5695690512657166,11.941913604736328,12.125787734985352,12.425756454467773,0.25
4924,4,123,6,30.25481414794922,28.269298553466797,31.983829498291016,30.56189727783203,1.5441467761993408,30.25481414794922,30.484603881835938,31.599275588989258,0.0
4925,4,154,6,83.88740539550781,82.03651428222656,85.01506042480469,83.46942138671875,0.9552884101867676,82.74756622314453,83.6887435913086,83.88740539550781,0.0
4926,4,145,6,35.40449523925781,33.196319580078125,35.40449523925781,34.34354782104492,0.7973104119300842,33.52455139160156,34.33810806274414,35.232696533203125,0.0
4927,4,142,6,21.31684112548828,18.865966796875,21.31684112548828,20.486772537231445,1.0632048845291138,19.685848236083984,21.10262680053711,21.264894485473633,0.1
4928,4,143,6,66.62060546875,56.981781005859375,66.62060546875,61.77988815307617,17.425601959228516,57.60099792480469,61.693912506103516,66.01280212402344,0.0
4929,4,133,6,48.56561279296875,43.52537536621094,52.480201721191406,49.51614761352539,9.784940719604492,48.56561279296875,50.16905975341797,52.08380126953125,0.0
4930,4,125,6,45.206024169921875,42.00961685180664,50.7572021484375,46.130126953125,7.614660263061523,45.206024169921875,45.23768615722656,47.566749572753906,0.0
4931,4,147,6,10.272647857666016,0.0,10.272647857666016,6.555731296539307,13.602632522583008,4.562520980834961,7.599842071533203,9.633942604064941,0.1
4932,4,135,6,28.09853172302246,25.466093063354492,29.7543888092041,27.804445266723633,2.431032419204712,26.602691650390625,28.09853172302246,29.00341796875,0.0
4933,4,108,6,52.70578384399414,47.28287887573242,53.2514762878418,50.68550109863281,5.281501293182373,48.91349792480469,51.06471252441406,52.70578384399414,0.0
4934,4,147,6,25.773733139038086,17.76482391357422,26.73511505126953,24.554662704467773,9.587912559509277,25.059341430664062,25.773733139038086,26.287954330444336,0.05
4935,4,129,6,41.10837936401367,34.72602081298828,41.10837936401367,39.00920867919922,4.706905364990234,38.61196517944336,39.2508544921875,40.802818298339844,0.0
4936,4,133,6,36.87372589111328,34.894386291503906,39.078426361083984,36.65848159790039,1.975201964378357,35.51824951171875,36.87372589111328,37.091575622558594,0.0
4937,4,133,6,11.915740013122559,11.154923439025879,11.915740013122559,11.505409240722656,0.09264607727527618,11.284440040588379,11.382286071777344,11.804618835449219,0.15
4938,4,145,6,23.0334415435791,18.045928955078125,23.0334415435791,21.501750946044922,3.0131523609161377,21.015539169311523,22.11280059814453,22.820009231567383,0.05
4939,4,152,6,10.69975471496582,8.899812698364258,10.69975471496582,9.96633243560791,0.46817517280578613,9.523542404174805,9.992000579833984,10.633277893066406,0.15
4940,4,118,6,23.75128746032715,21.52719497680664,23.75128746032715,22.844776153564453,0.6970800757408142,22.257699966430664,22.93653106689453,23.648393630981445,0.0
4941,4,152,6,23.87192153930664,23.319509506225586,23.87192153930664,23.570213317871094,0.04913587123155594,23.404735565185547,23.49004554748535,23.77760124206543,0.1
4942,4,121,6,43.3137321472168,36.475250244140625,43.3137321472168,40.32280349731445,6.492504596710205,38.44757843017578,40.48447036743164,42.678836822509766,0.0
4943,4,127,6,19.08869171142578,10.394922256469727,19.08869171142578,15.929222106933594,10.406649589538574,13.877396583557129,16.838478088378906,18.85291290283203,0.15
4944,4,129,6,31.071046829223633,22.198951721191406,31.071046829223633,28.433429718017578,10.322808265686035,27.146854400634766,29.896949768066406,30.954130172729492,0.15
4945,4,139,6,10.595602035522461,0.0,13.152189254760742,9.789217948913574,20.004976272583008,10.595602035522461,11.367945671081543,12.223791122436523,0.25
4946,4,112,6,27.252479553222656,26.367687225341797,27.512420654296875,27.0674991607666,0.12849704921245575,26.977880477905273,27.16330337524414,27.252479553222656,0.1
4947,4,139,6,25.67426872253418,25.57761573791504,27.73496437072754,26.131582260131836,0.6034832000732422,25.668668746948242,25.67426872253418,26.264747619628906,0.0
4948,4,128,6,32.400413513183594,31.121707916259766,32.90386962890625,32.202571868896484,0.29609453678131104,32.12553405761719,32.36644744873047,32.400413513183594,0.0
4949,4,152,6,42.175018310546875,41.79175567626953,42.24971389770508,42.052059173583984,0.027685999870300293,41.92127990722656,42.10686492919922,42.175018310546875,0.0
4950,4,138,6,28.473506927490234,25.482439041137695,31.044296264648438,29.195558547973633,3.9551539421081543,28.473506927490234,29.62616539001465,30.885292053222656,0.05
4951,4,116,6,18.169124603271484,0.0,18.401599884033203,14.79322624206543,44.1408805847168,16.795862197875977,17.803333282470703,18.169124603271484,0.25
4952,4,136,6,22.629981994628906,0.0,22.629981994628906,17.081520080566406,63.06697463989258,17.185848236083984,20.550695419311523,22.157806396484375,0.25
4953,4,139,6,31.425846099853516,0.0,31.425846099853516,24.846267700195312,125.06851959228516,28.332096099853516,28.951616287231445,30.95510482788086,0.15
4954,4,146,6,19.671743392944336,16.554649353027344,19.671743392944336,17.888887405395508,1.7128359079360962,16.77703857421875,17.391311645507812,19.161846160888672,0.15
4955,4,127,6,26.0327091217041,0.0,26.0327091217041,19.148649215698242,78.87786102294922,20.170604705810547,21.446063995361328,25.027721405029297,0.2
4956,4,97,6,14.62116813659668,13.754520416259766,14.62116813659668,14.207635879516602,0.11208249628543854,13.947393417358398,14.163190841674805,14.542008399963379,0.2
4957,4,139,6,17.631765365600586,15.192720413208008,17.631765365600586,16.5640811920166,0.9720295667648315,15.810895919799805,16.55984878540039,17.54925537109375,0.0
4958,4,69,6,46.79888153076172,36.719459533691406,62.26010513305664,48.846031188964844,56.863407135009766,46.79888153076172,48.04084777832031,50.73272705078125,0.0
4959,4,96,6,46.15545654296875,40.642364501953125,50.46458435058594,45.821739196777344,8.173018455505371,45.51039123535156,46.15545654296875,46.20175552368164,0.0
4960,4,159,6,29.211666107177734,23.75398826599121,29.211666107177734,26.599943161010742,5.922964572906494,24.196456909179688,26.72616195678711,29.05288314819336,0.0
4961,4,147,6,35.93568420410156,30.450246810913086,35.93568420410156,33.57917404174805,4.081193447113037,32.28615188598633,33.48200607299805,35.548675537109375,0.0
4962,4,150,6,12.049113273620605,11.90427017211914,12.406083106994629,12.092607498168945,0.030086560174822807,11.958392143249512,12.049113273620605,12.176461219787598,0.25
4963,4,156,6,16.88648223876953,15.427112579345703,17.71159553527832,16.4495906829834,0.6090622544288635,15.849955558776855,16.432689666748047,16.88648223876953,0.0
4964,4,137,6,28.767719268798828,28.767719268798828,30.842700958251953,29.848026275634766,0.6758130788803101,29.038211822509766,30.058067321777344,30.512020111083984,0.0
4965,4,154,6,31.610475540161133,27.34854507446289,31.610475540161133,30.280155181884766,2.2490174770355225,29.83431625366211,30.67437171936035,31.53274154663086,0.05
4966,4,151,6,36.373329162597656,27.076725006103516,36.373329162597656,33.11970901489258,12.450425148010254,30.804088592529297,34.37943649291992,36.267616271972656,0.0
4967,4,105,6,26.03514862060547,23.264942169189453,26.208343505859375,24.829315185546875,1.6233419179916382,23.691768646240234,24.900039672851562,26.03514862060547,0.0
4968,4,102,6,33.54026412963867,33.30046844482422,33.54026412963867,33.43479919433594,0.009777509607374668,33.34097671508789,33.4608154296875,33.52425765991211,0.0
4969,4,156,6,24.174001693725586,24.174001693725586,24.75670623779297,24.408933639526367,0.04744414985179901,24.21570587158203,24.360576629638672,24.565887451171875,0.0
4970,4,155,6,29.26321029663086,29.26321029663086,30.997072219848633,30.119213104248047,0.48797130584716797,29.408926010131836,30.236936569213867,30.695384979248047,0.0
4971,4,149,6,28.91954231262207,23.709949493408203,28.91954231262207,26.53392219543457,3.841855525970459,25.113662719726562,26.352108001708984,28.464759826660156,0.0
4972,4,131,6,33.464988708496094,30.506919860839844,33.464988708496094,31.61762237548828,1.7282742261886597,30.63156509399414,30.82168197631836,32.84711837768555,0.0
4973,4,96,6,49.31041717529297,42.04370880126953,49.31041717529297,46.4114875793457,6.153669834136963,45.67082977294922,46.07776641845703,48.58750915527344,0.0
4974,4,109,6,57.02658462524414,56.80664825439453,59.31116485595703,57.98676681518555,1.1463619470596313,57.02658462524414,57.753746032714844,59.07176208496094,0.0
4975,4,136,6,40.080055236816406,39.571441650390625,42.32105255126953,40.637359619140625,1.0538867712020874,40.01190948486328,40.080055236816406,41.35678482055664,0.0
4976,4,131,6,25.155689239501953,25.155689239501953,28.82422637939453,26.435501098632812,1.5029550790786743,25.460994720458984,26.435924530029297,26.577903747558594,0.0
4977,4,139,6,21.558452606201172,21.251306533813477,23.245206832885742,21.98695182800293,0.4509083330631256,21.558452606201172,21.715791702270508,22.294654846191406,0.0
4978,4,110,6,15.161893844604492,0.0,15.161893844604492,11.438848495483398,27.593801498413086,12.168067932128906,13.111103057861328,14.824224472045898,0.25
4979,4,105,6,50.84760665893555,50.84760665893555,55.79003143310547,53.133487701416016,5.145949840545654,50.87285614013672,52.912471771240234,55.3371467590332,0.0
4980,4,140,6,21.910682678222656,21.728809356689453,22.128185272216797,21.917530059814453,0.01397620141506195,21.88030242919922,21.910682678222656,21.945152282714844,0.0
4981,4,123,6,55.380889892578125,54.18837356567383,60.69709014892578,57.35322570800781,6.157922267913818,55.380889892578125,56.976905822753906,59.567623138427734,0.0
4982,4,140,6,28.14219093322754,25.023757934570312,28.162940979003906,27.46352195739746,1.2477036714553833,27.575923919677734,27.977710723876953,28.14219093322754,0.0
4983,4,157,6,27.463863372802734,25.403396606445312,27.463863372802734,26.537555694580078,0.7320762872695923,25.764453887939453,26.613527297973633,27.390575408935547,0.15
4984,4,129,6,23.52716636657715,8.319009780883789,24.068748474121094,18.4222412109375,40.510826110839844,13.297432899475098,21.78466796875,23.52716636657715,0.1
4985,4,140,6,16.314708709716797,14.302566528320312,16.314708709716797,15.224883079528809,0.7349118590354919,14.472264289855957,14.973909378051758,16.102846145629883,0.0
4986,4,133,6,51.57040023803711,49.46522903442383,53.46540832519531,51.64913558959961,1.6327111721038818,51.16023635864258,51.57040023803711,52.492496490478516,0.0
4987,4,149,6,23.973575592041016,20.932632446289062,24.850204467773438,23.53170394897461,1.5632377862930298,23.44869041442871,23.973575592041016,24.133270263671875,0.05
4988,4,157,6,64.45903015136719,62.80607604980469,66.74363708496094,64.9383773803711,1.689733624458313,64.45903015136719,64.658447265625,65.94294738769531,0.0
4989,4,142,6,13.04967975616455,10.742254257202148,13.04967975616455,11.738173484802246,0.893061101436615,11.094586372375488,11.255569458007812,12.627674102783203,0.2
4990,4,144,6,30.943561553955078,0.0,30.943561553955078,20.841297149658203,112.56260681152344,17.779678344726562,23.372644424438477,29.425838470458984,0.2
4991,4,157,6,16.965206146240234,16.27579116821289,17.32126235961914,16.89838218688965,0.1241721585392952,16.72283172607422,16.965206146240234,17.156890869140625,0.0
4992,4,149,6,30.66097068786621,27.246065139770508,31.387514114379883,30.028905868530273,1.7441154718399048,30.020322799682617,30.473594665527344,30.66097068786621,0.0
4993,4,137,6,4.499438285827637,2.2011351585388184,4.499438285827637,3.4033749103546143,0.8094579577445984,2.63034987449646,3.3772175312042236,4.282189846038818,0.1
4994,4,146,6,41.7208137512207,37.412750244140625,41.7208137512207,39.466426849365234,2.8575024604797363,38.1982421875,39.00210189819336,41.04840850830078,0.0
4995,4,133,6,9.110130310058594,0.0,10.381487846374512,7.26836633682251,11.668795585632324,7.231127738952637,8.580273628234863,9.110130310058594,0.25
4996,4,128,6,28.36440658569336,24.92380714416504,28.36440658569336,27.214494705200195,1.5694910287857056,26.545333862304688,27.679031372070312,28.274702072143555,0.05
4997,4,145,6,20.35312271118164,0.0,20.35312271118164,13.830873489379883,47.10152816772461,12.766788482666016,15.042341232299805,19.164958953857422,0.2
4998,4,158,6,33.599571228027344,32.33723068237305,34.40693664550781,33.712867736816406,0.46879279613494873,33.599571228027344,33.8746452331543,34.175567626953125,0.05
4999,4,153,6,22.45974349975586,19.031414031982422,22.45974349975586,21.083255767822266,1.5151184797286987,20.410696029663086,21.093950271606445,22.251636505126953,0.05
